TF,TargetGene,Tissue,Experiment,Chea,Signor,Trrust
ELF1,ACAT2,mammarygland,ELF1 IP - MCF7 cells,,,
CTCF,ACAT2,sensory,"CTCF IP - WERI , CTCF IP - WERI-Rb-1- cells, Rep 1 , CTCF IP - HRPEpiC cells, Rep 1 ",,,
GABPA,ACAT2,leukocytes,"GABPA IP - GM12878 cells, Rep 4 , GABPA IP - K562 cells, GABPA IP - Jurkat, Rep 1, GABPA IP - GM12878 cells, Rep 5 , GABPA IP - GM12878 cells, Rep 1 , GABPA IP - HL cells, GABPA IP - GM12878 cells, Rep 2 , GABPA IP - Jurkat, Rep 2, GABPA IP - GM12878 cells",,,
CTCF,ACAT2,skin,"CTCF IP - AG10803 cells, Rep 1 , CTCF IP - GM12878 cells, Rep 2 , CTCF IP - HFFC cells, Rep 1 , CTCF IP - NHDF cells , CTCF IP - AG09309 cells, Rep 1 , CTCF IP - AG10803 cells, Rep 2 , CTCF IP - AG04449 cells, Rep 1 , CTCF IP - HFFC cells, Rep 3 , CTCF IP - HFFC cells, Rep 2 , CTCF IP - NHEK cells, Rep 2 , CTCF IP - BJ cells, Rep 2 , CTCF IP - NHEK cells , CTCF IP - AG04449 cells, Rep 2 , CTCF IP - BJ cells, Rep 1 ",,,
MAFK,ACAT2,liver,"MAFK IP - HepG2 cells, Rep 1, MAFK IP - HepG2 cells, Rep 2",,,
E2F1,ACAT2,mammarygland,"E2F1 IP, E2F1 IP - MCF7 cells",,,
IRF1,ACAT2,leukocytes,"IRF1 IP | IFNG - K562 cells, 6 h, IRF1 IP | IFNG - K562 cells, 30 min",,,
IFNG,ACAT2,leukocytes,"IRF1 IP | IFNG - K562 cells, 6 h, IRF1 IP | IFNG - K562 cells, 30 min, STAT1 IP - Rep 5, STAT1 IP - Rep 1, STAT1 IP - Rep 4, STAT1 IP - Rep 3, MYC IP | IFNG - K562 cells, 30 min, MYC IP | IFNG - K562 cells, 6 h, STAT1 IP - Rep 2",,,
MYB,ACAT2,leukocytes,"MYB IP - Jurkat, Rep 2, MYB IP - Jurkat, Rep 3, MYB IP - Jurkat, Rep 1, MYB IP - MOLT3, MYB IP - Jurkat, Rep 4, MYB IP - Jurkat, Rep 5",,,
JUND,ACAT2,liver,"JUND IP - HepG2 cells, JUND IP - HepG2 cells",,,
TEAD4,ACAT2,cns,TEAD4 IP - SK-N-SH cells,,,
CTCF,ACAT2,megakaryocytelineage,"CTCF IP - MEG-01 cells, Rep 8 , CTCF IP - MEG-01 cells, Rep 2 , CTCF IP - MEG-01 cells, Rep 4 ",,,
YY1,ACAT2,lung,YY1 IP - A549 cells,,,
MAX,ACAT2,uterus,"MAX IP - HeLa cells, Rep 2, MAX IP - HeLa cells, Rep 1, MAX IP - ECC1 cells",,,
YY1,ACAT2,leukocytes,"YY1 IP - GM12878 cells, YY1 IP - GM12892 cells, Rep 1, YY1 IP - K562 cells, Rep 1, YY1 IP - K562 cells, Rep 2, YY1 IP - GM12891 cells",,,
TBP,ACAT2,stemcells,TBP IP - H1 cells,,,
NFKB2,ACAT2,leukocytes,"NFKB2 IP - Rep 2, NFKB2 IP - Rep 1",,,
E2F1,ACAT2,prostate,"HES6 OE + BICALU | E2F1 ChIP-Seq - Rep 1, HES6 OE | E2F1 ChIP-Seq - Rep 1, E2F1 ChIP-Seq - Rep 4, E2F1 ChIP-Seq - Rep 1, HES6 OE + BICALU | E2F1 ChIP-Seq - Rep 3, BICALU | E2F1 ChIP-Seq - Rep 1, BICALU + HES6OE | E2F1 ChIP-Seq - Rep 4, BICALU | E2F1 ChIP-Seq - Rep 3, HES6 OE | E2F1 ChIP-Seq - Rep 2, HES6 OE | E2F1 ChIP-Seq - Rep 3, E2F1 ChIP-Seq - Rep 2, E2F1 ChIP-Seq - Rep 3",,,
BICALU,ACAT2,prostate,"HES6 OE + BICALU | E2F1 ChIP-Seq - Rep 1, HES6 OE + BICALU | E2F1 ChIP-Seq - Rep 3, BICALU | E2F1 ChIP-Seq - Rep 1, BICALU + HES6OE | E2F1 ChIP-Seq - Rep 4, BICALU | E2F1 ChIP-Seq - Rep 3",,,
HES6,ACAT2,prostate,"HES6 OE + BICALU | E2F1 ChIP-Seq - Rep 1, HES6 OE | E2F1 ChIP-Seq - Rep 1, HES6 OE + BICALU | E2F1 ChIP-Seq - Rep 3, BICALU + HES6OE | E2F1 ChIP-Seq - Rep 4, HES6 OE | E2F1 ChIP-Seq - Rep 2, HES6 OE | E2F1 ChIP-Seq - Rep 3",,,
CTCF,ACAT2,kidney,"CTCF IP - HRE cells, Rep 2 , CTCF IP - RPTEC cells, Rep 1 , CTCF IP - HEK293 cells, Rep 2 , CTCF IP - HEK293 cells, Rep 1 , CTCF IP - RPTEC cells, Rep 2 ",,,
MYC,ACAT2,leukocytes,"MYC IP - K562 cells, Rep 1, MYC IP - NB4 cells, MYC IP | IFNA1 - K562 cells, 6 h, MYC IP | IFNG - K562 cells, 30 min, MYC IP | IFNG - K562 cells, 6 h, MYC IP - K562 cells, Rep 2",,,
ELF1,ACAT2,leukocytes,"ELF1 IP - SK-N-SH cells, ELF1 IP - SK-N-SH cells",,,
TEAD4,ACAT2,mammarygland,"TEAD4 IP - Rep 2, TEAD4 IP - Rep 1",,,
TP53,ACAT2,bone,TP53 IP | NUTL3 - SJSA-1,,,
E2F6,ACAT2,leukocytes,"E2F6 IP - K562 cells, E2F6 IP - K562 cells",,,
FOXA1,ACAT2,prostate,"EtOH | FOXA1 ChIP-Seq - , DHT | FOXA1 ChIP-Seq, GATA2 KD + R1881 | FOXA1 ChIP-Seq, CREB1 siRNA | FOXA1 ChIP-Seq - Rep 1, FOXA1 ChIP-Seq, FOXA1 KD | FOXA1 ChIP-Seq, R1881 | FOXA1 ChIP-Seq - Rep 2, FOXA1 siRNA | CREB1 ChIP-Seq - Rep 1, CON KD + R1881 | FOXA1 ChIP-Seq - Rep 2, FOXA1 ChIP-Seq - LNCaP-abl, CON KD + R1881 | FOXA1 ChIP-Seq, CON KD | FOXA1 ChIP-Seq, PIAS1 + R1881 | FOXA1 ChIP-Seq - Rep 2, DHT | FOXA1 ChIP-Seq, DHT | FOXA1 ChIP-Seq, PIAS1 + R1881 | FOXA1 ChIP-Seq - Rep 1, FOXA1 ChIP-Seq, FOXA1 siRNA | CREB1 ChIP-Seq - Rep 2, CREB1 siRNA | FOXA1 ChIP-Seq - Rep 2, POU2F1 KD + DHT | FOXA1 ChIP-Seq, CON KD  | FOXA1 ChIP-Seq, EtOH | FOXA1 ChIP-Seq - Rep 2, R1881 | FOXA1 ChIP-Seq - Rep 1, FOXA1 ChIP-Seq, CON KD | FOXA1 ChIP-Seq, FOXA1 ChIP-Seq - Rep 1, FOXA1 KD | FOXA1 ChIP-Seq, CON KD + R1881 | FOXA1 ChIP-Seq - Rep 1, FOXA1 ChIP-Seq - Rep 2, DHT | FOXA1 ChIP-Seq, FOXA1 ChIP-Seq, FOXA1 ChIP-Seq, GATA2 KD  | FOXA1 ChIP-Seq, FOXA1 ChIP-Seq",,,
TEAD4,ACAT2,stemcells,TEAD4 IP - H1 cells,,,
REST,ACAT2,cns,"REST IP - SK cells, REST IP - PFSK1 cells, Rep 2, REST IP - PFSK-N-SH cells1 cells, Rep 1",,,
STAT3,ACAT2,leukocytes,"STAT3 IP - SU-DHL-6, STAT3 IP - OCI-LY19, STAT3 IP - SU-DHL-4, STAT3 IP - OCI-LY7",,,
CTCF,ACAT2,vasculature,"CTCF IP - HUVEC cells , CTCF IP - HBMEC cells, Rep 1 , CTCF IP - HBMEC cells, Rep 2 , CTCF IP - HPAF cells, Rep 2 , CTCF IP - HPAF cells, Rep 1 ",,,
HEY1,ACAT2,liver,HEY1 IP - HepG2 cells,,,
HOXA4,ACAT2,colon,HOXA4 IP ,,,
CTCF,ACAT2,mammarygland,"CTCF IP - HMEC cells, Rep 1 , CTCF IP - HMF cells, Rep 1 , CTCF IP - HMF cells, Rep 2 , CTCF IP - HMEC cells , CTCF IP - HMEC cells, Rep 2 ",,,
HMGN3,ACAT2,leukocytes,HMGN3 IP - K562 cells,,,
MYC,ACAT2,mammarygland,"DHT | MYC ChIP-Seq, MYC IP - MCF-10A cells, MYC IP",,,
DHT,ACAT2,mammarygland,"DHT | MYC ChIP-Seq, DHT | FOXA1 ChIP-Seq",,,
EGR1,ACAT2,leukocytes,EGR1 IP - K562 cells,,,
DHT,ACAT2,prostate,"DHT | FOXA1 ChIP-Seq, DHT | FOXP1 ChIP-Seq, DHT | ERG ChIP-Seq - 18 h, DHT | ERG ChIP-Seq - 2 h, DHT | FOXA1 ChIP-Seq, DHT | FOXA1 ChIP-Seq, POU2F1 KD + DHT | FOXA1 ChIP-Seq, DHT | FOXA1 ChIP-Seq",,,
CEBPB,ACAT2,stemcells,"CEBPB IP, CEBPB IP, CEBPB IP, CEBPB IP, CEBPB IP, CEBPB IP, CEBPB IP",,,
NANOG,ACAT2,stemcells,"NANOG IP - Rep 8 , NANOG IP - Rep 3 , NANOG IP - Rep 1, NANOG IP - Rep 6 , NANOG IP - Rep 5 , NANOG IP - Rep 9 ","16153702,",,
FOXP1,ACAT2,leukocytes,"FOXP1 IP - OCI-LY19, FOXP1 IP - OCI-LY8, FOXP1 IP - OCI-LY10, FOXP1 IP - BJAB, FOXP1 IP - HT",,,
CTCF,ACAT2,stemcells,"CTCF IP - H1 cells, CTCF IP - H1 cells , CTCF IP - Rep 6 ",,,
SP2,ACAT2,leukocytes,SP2 IP - K562 cells,,,
R1881,ACAT2,prostate,"GATA2 KD + R1881 | FOXA1 ChIP-Seq, R1881 | FOXA1 ChIP-Seq - Rep 2, CON KD + R1881 | FOXA1 ChIP-Seq - Rep 2, CON KD + R1881 | FOXA1 ChIP-Seq, PIAS1 + R1881 | FOXA1 ChIP-Seq - Rep 2, PIAS1 + R1881 | FOXA1 ChIP-Seq - Rep 1, R1881 | FOXA1 ChIP-Seq - Rep 1, GABPA IP | R1881, CON KD + R1881 | FOXA1 ChIP-Seq - Rep 1",,,
GATA2,ACAT2,prostate,"GATA2 KD + R1881 | FOXA1 ChIP-Seq, GATA2 ChIP-Seq, GATA2 KD  | FOXA1 ChIP-Seq",,,
USF1,ACAT2,uterus,USF1 IP - ECC1 cells,,,
JUND,ACAT2,colon,JUND IP - HCT116 cells,,,
ETS1,ACAT2,leukocytes,"ETS1 IP - K562 cells, ETS1 IP - GM12878 cells, ETS1 IP",,,
ELF1,ACAT2,liver,ELF1 IP - HepG2 cells,,,
CREB1,ACAT2,prostate,"CREB1 siRNA | FOXA1 ChIP-Seq - Rep 1, FOXA1 siRNA | CREB1 ChIP-Seq - Rep 1, CREB1 ChIP-Seq - LNCaP, CREB1 ChIP-Seq - Rep 2, CREB1 ChIP-Seq - LNCaP-abl, FOXA1 siRNA | CREB1 ChIP-Seq - Rep 2, CREB1 siRNA | FOXA1 ChIP-Seq - Rep 2, CREB1 ChIP-Seq - Rep 1",,,
TAL1,ACAT2,colon,TAL1 IP ,,,
SPI1,ACAT2,leukocytes,"SPI1 IP, SPI1 IP - GM12891 cells, SPI1 IP - GM12878 cells, Rep 3 , SPI1 IP, SPI1 IP - GM12878 cells, Rep 4 , SPI1 IP | RUNX1 KD, SPI1 IP, SPI1 IP, SPI1 IP - GM12878 cells, SPI1 IP, SPI1 IP - K562 cells, SPI1 IP - GM12878 cells, Rep 2 , SPI1 IP, SPI1 IP - HL cells",,,
FOXA1,ACAT2,stemcells,FOXA1 IP - Rep 5 ,,,
USF1,ACAT2,colon,USF1 IP - HCT116 cells,,,
GATA3,ACAT2,cns,GATA3 IP - SK-N-SH cells,,,
GABPA,ACAT2,liver,"GABPA IP, GABPA IP - MCF7 cells, GABPA IP - HepG2 cells, GABPA IP, GABPA IP",,,
E2F1,ACAT2,uterus,"E2F1 IP - HeLa cells, Rep 2, E2F1 IP - HeLa cells, Rep 1",,,
STAT2,ACAT2,colon,STAT2 IP ,,,
ATF3,ACAT2,colon,ATF3 IP - HCT116 cells,,,
TBP,ACAT2,liver,TBP IP - HepG2 cells,,,
UBTF,ACAT2,leukocytes,UBTF IP - K562 cells,,,
CTCF,ACAT2,cns,"CTCF IP - HCPEpiC cells, Rep 1 , CTCF IP - BE(2)-C cells, Rep 2 , CTCF IP - NHA cells , CTCF IP - spinal cord astrocyte cells, Rep 2 , CTCF IP - cerebellar astrocyte cells, Rep 2 , CTCF IP - HCPEpiC cells, Rep 2 , CTCF IP - BE(2)-C cells, Rep 1 ",,,
SREBF2,ACAT2,liver,SREBF2 IP | PRAV - HepG2 cells,,,
PRAV,ACAT2,liver,"SREBF2 IP | PRAV - HepG2 cells, SREBF1 IP | PRAV - HepG2 cells",,,
ZEB1,ACAT2,liver,ZEB1 IP - HepG2 cells,,,
CREB1,ACAT2,liver,"CREB1 IP, CREB1 IP, CREB1 IP - HepG2 cells, CREB1 IP",,,
CEBPB,ACAT2,mammarygland,CEBPB IP - MCF7 cells,,,
FOXP1,ACAT2,prostate,"DHT | FOXP1 ChIP-Seq, FOXP1 ChIP-Seq",,,
RELA,ACAT2,leukocytes,"RELA IP | BAY082  - IVD Th1 cells, PIA, RELA IP | TNF - GM12891 cells",,,
BAY082,ACAT2,leukocytes,"RELA IP | BAY082  - IVD Th1 cells, PIA",,,
CTCF,ACAT2,lung,"CTCF IP - NHLF cells , CTCF IP - AG04450 cells, Rep 2 , CTCF IP - WI-38 cells, Rep 1 , CTCF IP - A549 cells, Rep 2 , CTCF IP - AG04450 cells, Rep 1 , CTCF ChIP-Seq - A549, CTCF IP - IMR cells, CTCF IP - A549 cells , CTCF IP - SAEC cells, Rep 2 ",,,
MAX,ACAT2,colon,MAX IP - HCT116 cells,,,
NFYC,ACAT2,colon,NFYC IP ,,,
ELF1,ACAT2,colon,ELF1 IP - HCT116 cells,,,
CEBPB,ACAT2,leukocytes,"CEBPB IP - Rep 203, CEBPB IP | oxLDL  - Rep 208, CEBPB IP, CEBPB IP - K562 cells, CEBPB IP - Rep 204, CEBPB ChIP-Seq - K562",,,
NFYB,ACAT2,uterus,NFYB IP - HeLa cells,,,
ERG,ACAT2,prostate,"ERG ChIP-Seq, DHT | ERG ChIP-Seq - 18 h, DHT | ERG ChIP-Seq - 2 h, ERG ChIP-Seq",,,
NFYB,ACAT2,leukocytes,"NFYB IP - GM12878 cells, NFYB IP - K562 cells",,,
BHLHE40,ACAT2,leukocytes,"BHLHE40 IP - K562 cells, BHLHE40 IP - GM12878 cells",,,
GLI2,ACAT2,colon,GLI2 IP ,,,
MAX,ACAT2,leukocytes,"MAX IP - K562 cells, MAX IP - NB4 cells, MAX IP - K562 cells, Rep 2, MAX IP - GM12878 cells",,,
SP1,ACAT2,colon,SP1 IP - HCT116 cells,,,
CTCF,ACAT2,leukocytes,"CTCF IP - K562 cells, Rep 1 , CTCF IP - K562 cells, Rep 14 , CTCF IP - HeLa cells, Rep 2 , CTCF IP - K562 cells, Rep 16 , CTCF IP - GM12873 cells, Rep 1 , CTCF IP - GM2630 cells, Rep 2 , CTCF IP - GM19238 cells, Rep 1 , CTCF IP, CTCF IP - K562 cells, Rep 12 , CTCF IP - K562 cells, CTCF IP - MS1 cells, Rep 2 , CTCF IP - GM2630 cells, Rep 3 , CTCF IP - GM12864 cells, Rep 1 , CTCF IP - GM12891 cells, Rep 2 , CTCF IP - GM12875 cells, Rep 1 , CTCF IP - GM12873 cells, Rep 3 , CTCF IP - K562 cells , CTCF IP - GM12878 cells, Rep 2 , CTCF IP - GM19239 cells, Rep 1 ",,,
NFYA,ACAT2,uterus,NFYA IP - HeLa cells,,,
GATA4,ACAT2,stomach,GATA4 IP - AGS,,,
FOS,ACAT2,mammarygland,"FOS IP | 4HT - MCF10A cells, 12 h",,,
4HT,ACAT2,mammarygland,"FOS IP | 4HT - MCF10A cells, 12 h, E2F4 IP | 4HT - MCF10 cells",,,
SRF,ACAT2,stemcells,SRF IP - Rep 7 ,,,
NFYA,ACAT2,leukocytes,"NFYA IP - GM12878 cells, NFYA IP - K562 cells",,,
FOS,ACAT2,leukocytes,"FOS IP - GM12878 cells, FOS IP - K562 cells",,,
OTX2,ACAT2,stemcells,OTX2 IP - Rep 10 ,,,
MAX,ACAT2,stemcells,MAX IP - H1 cells,,,
TP53,ACAT2,lung,"TP53 IP - propapoptic, Rep 1",,,
CEBPB,ACAT2,liver,"CEBPB IP - HepG2 cells, CEBPB ChIP-Seq - HepG2, CEBPB IP | FORSK - HepG2 cells",,,
TCF12,ACAT2,cns,TCF12 IP - SK-N-SH cells,,,
ZBTB7A,ACAT2,uterus,ZBTB7A IP - ECC1 cells,,,
SREBF1,ACAT2,liver,"SREBF1 IP | PRAV - HepG2 cells, SREBF1 IP | INS + 22RHC - HepG2 cells",,,
POU2F2,ACAT2,leukocytes,"POU2F2 IP - GM12878 cells, POU2F2 IP - Rep 2",,,
STAT1,ACAT2,uterus,"STAT1 IP | IFNG - HeLa cells, 30 min",,,
IFNG,ACAT2,uterus,"STAT1 IP | IFNG - HeLa cells, 30 min",,,
FOXA1,ACAT2,liver,"FOXA1 IP - HepG2 cells, Rep 1, FOXA1 IP - HepG2 cells, Rep 2",,,
MXI1,ACAT2,liver,MXI1 IP - HepG2 cells,,,
JUND,ACAT2,cns,JUND IP - SK-N-SH cells,,,
CREB1,ACAT2,lung,CREB1 IP | DEX - A549 cells,,,
DEX,ACAT2,lung,CREB1 IP | DEX - A549 cells,,,
MAZ,ACAT2,lung,MAZ IP - IMR cells,,,
TP53,ACAT2,skin,"TP53 IP | NUTL3, TP53 IP",,,
MAFK,ACAT2,leukocytes,MAFK IP - K562 cells,,,
MAX,ACAT2,lung,MAX IP - A549 cells,,,
BHLHE40,ACAT2,liver,BHLHE40 IP - HepG2 cells,,,
FOXP2,ACAT2,cns,FOXP2 IP - PFSK-1 cells,,,
GABPA,ACAT2,prostate,"GABPA IP - Rep 1, GABPA IP | R1881, GABPA IP - Rep 2",,,
MYC,ACAT2,liver,MYC IP,,,
CEBPB,ACAT2,colon,"CEBPB IP | 125DVD3, CEBPB IP",,,
125DVD3,ACAT2,colon,CEBPB IP | 125DVD3,,,
CEBPB,ACAT2,lung,"CEBPB ChIP-Seq - A549, CEBPB ChIP-Seq - IMR90, CEBPB IP - A549 cells",,,
RUNX1,ACAT2,leukocytes,SPI1 IP | RUNX1 KD,,,
E2F4,ACAT2,mammarygland,E2F4 IP | 4HT - MCF10 cells,,,
FOS,ACAT2,uterus,FOS IP - HeLa cells,,,
CTCF,ACAT2,adiposetissue,"CTCF ChIP-Seq - d -2, CTCF ChIP-Seq - d 0",,,
YY1,ACAT2,liver,YY1 IP - HepG2 cells,,,
YY1,ACAT2,stemcells,YY1 IP - H1 cells,,,
HOXA6,ACAT2,colon,HOXA6 IP ,,,
ATF1,ACAT2,leukocytes,ATF1 IP - K562 cells,,,
ZNF263,ACAT2,kidney,ZNF263 IP - HEK293 cells,,,
KLF5,ACAT2,stomach,KLF5 IP - KATOIII,,,
CTCF,ACAT2,uterus,CTCF IP - HeLa cells ,,,
STAT1,ACAT2,leukocytes,"STAT1 IP - Rep 5, STAT1 IP - Rep 1, STAT1 IP - Rep 4, STAT1 IP - Rep 3, STAT1 IP - Rep 2",,,
SRF,ACAT2,leukocytes,"SRF IP - SK-N-SH cells, SRF IP - GM12878 cells, Rep 2",,,
REST,ACAT2,stemcells,"REST IP - H1 cells, Rep 1",,,
PIAS1,ACAT2,prostate,"PIAS1 + R1881 | FOXA1 ChIP-Seq - Rep 2, PIAS1 + R1881 | FOXA1 ChIP-Seq - Rep 1",,,
MXI1,ACAT2,lung,MXI1 IP - IMR cells,,,
TCF12,ACAT2,stemcells,TCF12 IP - H1 cells,,,
KLF11,ACAT2,adiposetissue,"KLF11 ChIP-Seq, Rep 2, ROSI (BrAT) | KLF11 ChIP-Seq, Rep 1, ROSI (BrAT) | KLF11 ChIP-Seq, Rep 2, KLF11 ChIP-Seq, Rep 1",,,
MYC,ACAT2,uterus,MYC IP - HeLa cells,,,
ATF3,ACAT2,leukocytes,ATF3 IP - K562 cells,,,
E2F4,ACAT2,leukocytes,"E2F4 IP - K562 cells, E2F4 IP - GM12878 cells",,,
GABPA,ACAT2,cns,GABPA IP - SK-N-SH cells,,,
REST,ACAT2,lung,REST IP - A549 cells,,,
CREB1,ACAT2,stemcells,CREB1 IP - H1 cells,,,
RUNX1,ACAT2,hspcs,RUNX1,,,
JUN,ACAT2,mammarygland,"JUN IP - Rep 2, JUN IP - Rep 1",,,
MAZ,ACAT2,leukocytes,"MAZ IP - K562 cells, MAZ IP - GM12878 cells",,,
TEAD4,ACAT2,leukocytes,TEAD4 IP - K562 cells,,,
JUND,ACAT2,leukocytes,JUND IP - K562 cells,,,
ZBTB7A,ACAT2,liver,ZBTB7A IP - HepG2 cells,,,
MAX,ACAT2,liver,"MAX IP - HepG2 cells, MAX IP - HepG2 cells, MAX IP - MCF7 cells",,,
KLF5,ACAT2,pancreas,KLF5 IP,,,
ZNF143,ACAT2,leukocytes,ZNF143 IP - GM12878 cells,,,
REST,ACAT2,liver,"REST IP - HepG2 cells, Rep 2, REST IP - HepG2 cells, Rep 1",,,
TBP,ACAT2,leukocytes,"TBP IP - GM12878 cells, TBP IP - K562 cells",,,
GTF2B,ACAT2,uterus,GTF2B IP - Rep 2,,,
CTCF,ACAT2,heart,"CTCF IP - HCF cells , CTCF IP - myocytes cells, Rep 1 ",,,
YY1,ACAT2,uterus,YY1 IP - ECC1 cells,,,
IFNA1,ACAT2,leukocytes,"MYC IP | IFNA1 - K562 cells, 6 h",,,
E2F6,ACAT2,uterus,E2F6 IP - HeLa cells,,,
CEBPB,ACAT2,uterus,"CEBPB ChIP-Seq - HeLaS3, CEBPB IP - ECC1 cells",,,
TEAD4,ACAT2,liver,TEAD4 IP - HepG2 cells,,,
USF1,ACAT2,liver,USF1 IP - HepG2 cells,,,
FOSL2,ACAT2,cns,FOSL2 IP - SK-N-SH cells,,,
CTCF,ACAT2,liver,"CTCF IP - SK-N-SH cells, CTCF IP - HepG2 cells , CTCF IP - HepG2 cells, Rep 2 , CTCF IP, CTCF IP - HepG2 cells, Rep 1 ",,,
CREB1,ACAT2,colon,CREB1 IP ,,,
E2F6,ACAT2,stemcells,E2F6 IP - H1 cells,,,
IRF3,ACAT2,leukocytes,IRF3 IP - GM12878 cells,,,
ERG,ACAT2,leukocytes,ERG IP - Rep 1,,,
GATA2,ACAT2,hspcs,GATA2 IP,,,
RELA,ACAT2,colon,RELA IP ,,,
POU2F1,ACAT2,prostate,POU2F1 KD + DHT | FOXA1 ChIP-Seq,,,
HEY1,ACAT2,leukocytes,HEY1 IP - K562 cells,,,
SP1,ACAT2,stemcells,SP1 IP - H1 cells,,,
YY1,ACAT2,cns,"YY1 IP - SK-N-SH cells, YY1 IP | ATRA - SK-N-SH cells",,,
CTCF,ACAT2,bone,CTCF IP - Osteoblasts ,,,
SP2,ACAT2,stemcells,SP2 IP - H1 cells,,,
FOXA2,ACAT2,stemcells,FOXA2 IP - Rep 5 ,,,
SP1,ACAT2,liver,SP1 IP - HepG2 cells,,,
MTA3,ACAT2,leukocytes,MTA3 IP - GM12878 cells,,,
TEAD4,ACAT2,uterus,TEAD4 IP - ECC1 cells,,,
CREB1,ACAT2,leukocytes,"CREB1 IP - K562 cells, CREB1 IP - GM12878 cells",,,
MAFK,ACAT2,lung,MAFK IP - IMR cells,,,
IRF1,ACAT2,colon,IRF1 IP ,,,
CTCF,ACAT2,skeletalmuscle,"CTCF IP - HSMM cells, Rep 1 , CTCF IP - HSMM cells, Rep 2 ",,,
MAFF,ACAT2,leukocytes,MAFF IP - K562 cells,,,
NFKB1,ACAT2,leukocytes,"NFKB1 IP - Rep 1, NFKB1 IP - Rep 2",,,
FOXA2,ACAT2,liver,FOXA2 IP - HepG2 cells,,,
SP1,ACAT2,lung,SP1 IP - A549 cells,,,
SRF,ACAT2,colon,SRF IP - HCT116 cells,,,
ATF2,ACAT2,colon,ATF2 IP ,,,
SP2,ACAT2,liver,SP2 IP - HepG2 cells,,,
TFAP4,ACAT2,leukocytes,"TFAP4 IP - Rep 1, TFAP4 IP - Rep 2",,,
MAX,ACAT2,cns,MAX IP - SK-N-SH cells,,,
SP1,ACAT2,leukocytes,"SP1 IP - K562 cells, SP1 IP - GM12878 cells",,,
FOXA2,ACAT2,embryonictissue,FOXA2 IP - Rep 2,,,
MAZ,ACAT2,uterus,MAZ IP - HeLa cells,,,
CTCF,ACAT2,colon,"CTCF IP - HCT116 cells, Rep 1 ",,,
EBF1,ACAT2,leukocytes,"EBF1 IP - GM12878 cells, EBF1 IP - GM12878 cells",,,
ATRA,ACAT2,cns,"YY1 IP | ATRA - SK-N-SH cells, USF1 IP | ATRA - SK-N-SH cells",,,
USF1,ACAT2,cns,USF1 IP | ATRA - SK-N-SH cells,,,
TP53,ACAT2,mammarygland,"TP53 IP, TP53 IP | NUTL3 - MCF-7",,,
FOSL2,ACAT2,liver,FOSL2 IP - HepG2 cells,,,
FOXA2,ACAT2,lung,FOXA2 IP - A549 cells,,,
MXI1,ACAT2,cns,MXI1 IP - SK-N-SH cells ,,,
PBX3,ACAT2,cns,PBX3 IP - SK-N-SH cells,,,
ROSI,ACAT2,adiposetissue,"ROSI (BrAT) | KLF11 ChIP-Seq, Rep 1, ROSI (BrAT) | KLF11 ChIP-Seq, Rep 2",,,
GABPA,ACAT2,lung,GABPA IP - A549 cells,,,
RELA,ACAT2,adiposetissue,RELA IP,,,
MYBL2,ACAT2,liver,MYBL2 IP - HepG2 cells,,,
MAZ,ACAT2,liver,MAZ IP - HepG2 cells,,,
EGR1,ACAT2,colon,EGR1 IP - HCT116 cells,,,
MXI1,ACAT2,uterus,MXI1 IP - HeLa cells,,,
NFYA,ACAT2,colon,NFYA IP ,,,
FOXA1,ACAT2,mammarygland,DHT | FOXA1 ChIP-Seq,,,
TEAD1,ACAT2,cns,"TEAD1 IP - Rep 1, TEAD1 IP - Rep 2",,,
CEBPA,ACAT2,leukocytes,CEBPA IP,,,
MAX,ACAT2,vasculature,MAX IP - HUVEC cells,,,
MXI1,ACAT2,leukocytes,MXI1 IP - GM12878 cells,,,
FORSK,ACAT2,liver,CEBPB IP | FORSK - HepG2 cells,,,
SRF,ACAT2,liver,SRF IP - HepG2 cells,,,
E2F3,ACAT2,colon,E2F3 IP ,,,
ZBTB7A,ACAT2,leukocytes,ZBTB7A IP - SK-N-SH cells,,,
JUN,ACAT2,leukocytes,"JUN IP - K562 cells, Rep 2",,,
REST,ACAT2,leukocytes,REST IP - K562 cells,,,
TNF,ACAT2,leukocytes,RELA IP | TNF - GM12891 cells,,,
CREB1,ACAT2,uterus,CREB1 IP - ECC1 cells,,,
JUN,ACAT2,colon,JUN IP ,,,
ETV5,ACAT2,colon,ETV5 IP ,,,
22RHC; INS,ACAT2,liver,SREBF1 IP | INS + 22RHC - HepG2 cells,,,
MAFF,ACAT2,liver,MAFF IP - HepG2 cells,,,
USF1,CYP51A1,lung,USF1 IP | DEX - A549 cells,,,
DEX,CYP51A1,lung,"USF1 IP | DEX - A549 cells, CREB1 IP | DEX - A549 cells, CTCF IP | DEX - A549 cells , CTCF IP | DEX - A549 cells",,,
MAX,CYP51A1,uterus,"MAX IP - HeLa cells, Rep 2, MAX IP - HeLa cells, Rep 1, MAX IP - ECC1 cells",,,
CTCF,CYP51A1,vasculature,"CTCF IP - AoAFC cells, Rep 1 , CTCF IP - HBMEC cells, Rep 1 , CTCF IP - HUVEC cells , CTCF IP - HUVEC cells, Rep 1 , CTCF IP - HBMEC cells, Rep 2 , CTCF IP - AoAFC cells, Rep 2 , CTCF IP - HPAF cells, Rep 2 , CTCF IP - HUVEC cells, Rep 2 , CTCF IP - HPAF cells, Rep 1 ",,,
SRF,CYP51A1,stemcells,"SRF IP - Rep 5 , SRF IP - Rep 4 , SRF IP - Rep 6 , SRF IP - Rep 1 , SRF IP - Rep 2 , SRF IP - Rep 7 ",,,
CTCF,CYP51A1,skin,"CTCF IP - BJ cells, Rep 1 , CTCF IP - NHEK cells , CTCF IP - AG04449 cells, Rep 2 , CTCF IP - AG10803 cells, Rep 1 , CTCF IP - GM12878 cells, Rep 2 , CTCF IP - NHDF cells, Rep 2 , CTCF IP - AG09309 cells, Rep 1 , CTCF IP - AG04449 cells, Rep 1 , CTCF IP - AG10803 cells, Rep 2 , CTCF IP - AG09309 cells, Rep 2 , CTCF IP - HFFC cells, Rep 1 , CTCF IP - NHDF cells , CTCF IP - HFFC cells, Rep 3 , CTCF IP - NHDF cells, Rep 1 , CTCF IP - HFFC cells, Rep 2 , CTCF IP - NHEK cells, Rep 2 , CTCF IP - BJ cells, Rep 2 ",,,
CTCF,CYP51A1,leukocytes,"CTCF IP - K562 cells, Rep 13 , CTCF IP - GM19193 cells, Rep 1 , CTCF IP - F36P cells, Rep 10 , CTCF IP - UT-7 cells, Rep 6 , CTCF IP - GM07037 cells, CTCF IP - GM11994 cells, Rep 2, CTCF IP - GM12892 cells, Rep 2 , CTCF IP - K562 cells, Rep 6 , CTCF IP - GM12875 cells, Rep 1 , CTCF IP - GM07346 cells, CTCF IP -  DND , CTCF IP - GM12864 cells, Rep 1 , CTCF IP - GM12489 cells, Rep 2, CTCF IP - F36P cells, Rep 2 , CTCF IP - GM18526 cells, Rep 1 , CTCF IP - K562 cells, Rep 12 , CTCF IP - K562 cells, Rep 4 , CTCF IP - GM06990 cells, Rep 2 , CTCF IP - GM12815 cells, Rep 1, CTCF IP - GM11831 cells, CTCF IP - F36P cells, Rep 15 , CTCF IP - GM12874 cells, Rep 1 , CTCF IP - K562 cells, Rep 1 , CTCF IP - GM12872 cells, CTCF IP - K562 cells, Rep 2 , CTCF IP, CTCF IP - GM19193 cells, Rep 2 , CTCF IP - K562 cells, Rep 10 , CTCF IP - GM12871 cells , CTCF IP - K562 cells, Rep 3 , CTCF IP - GM12154 cells, Rep 2, CTCF IP - GM12878 cells, Rep 2 , CTCF IP - K562 cells , CTCF IP - GM18486 cells, Rep 3 , CTCF IP - K562 cells, CTCF IP - GM12890 cells, Rep 1 , CTCF IP - K562 cells, Rep 7 , CTCF IP - GM12872 cells, Rep 1 , CTCF IP - GM2588 cells, Rep 1 , CTCF IP - UT-7 cells, Rep 5 , CTCF IP - K562 cells, Rep 1 , CTCF IP - GM06990 cells, Rep 1 , CTCF IP - F36P cells, Rep 9 , CTCF IP - GM2255 cells, Rep 1 , CTCF IP - UT-7 cells, Rep 4 , CTCF IP - GM12865 cells, Rep 2 , CTCF IP - GM12890 cells, Rep 2 , CTCF IP - K562 cells, Rep 8 , CTCF IP - GM19238 cells, Rep 1 , CTCF IP - GM12878 cells, Rep 1 , CTCF IP - GM11994 cells, Rep 1, CTCF IP - GM19239 cells, Rep 1 , CTCF IP - GM19240 cells, Rep 2 , CTCF IP - GM12878 cells, Rep 2 , CTCF IP - UT-7 cells, Rep 3 , CTCF IP - GM10847 cells, Rep 2 , CTCF IP - KU812 cells, Rep 17 , CTCF IP - KU812 cells, Rep 13 , CTCF IP - GM12874 cells, CTCF IP - F36P cells, Rep 6 , CTCF IP - GM12154 cells, Rep 1, CTCF IP - GM12866 cells , CTCF IP - F36P cells, Rep 5 , CTCF IP - GM11992 cells, Rep 1, CTCF IP - K562 cells, Rep 11 , CTCF IP - GM12873 cells, Rep 3 , CTCF IP - GM11811 cells, Rep 2, CTCF IP - GM12869 cells , CTCF IP - KU812 cells, Rep 9 , CTCF IP - GM2610 cells, Rep 2 , CTCF IP - F36P cells, Rep 1 , CTCF IP - K562 cells, Rep 5 , CTCF IP - GM2255 cells, Rep 3 , CTCF IP - GM11992 cells, Rep 2, CTCF IP - GM12865 cells, Rep 3 , CTCF IP - GM10847 cells, Rep 1 , CTCF IP - UT-7 cells, Rep 2 , CTCF IP - GM19238 cells, Rep 2 , CTCF IP - GM12890 cells, Rep 3 , CTCF IP - GM2610 cells, Rep 3 , CTCF IP - GM06986 cells, CTCF IP - MS1 cells, Rep 1 , CTCF IP - GM12875 cells, Rep 2 , CTCF IP - GM18951 cells, Rep 1 , CTCF IP - F36P cells, Rep 7 , CTCF IP - GM2610 cells, Rep 1 , CTCF IP - K562 cells, Rep 16 , CTCF IP - GM12892 cells, Rep 1 , CTCF IP - K562 cells, Rep 9 , CTCF IP - GM19240 cells, Rep 1 , CTCF IP - KU812 cells, Rep 1 , CTCF IP - K562 cells, CTCF IP - F36P cells, Rep 11 , CTCF IP - MS1 cells, Rep 2 , CTCF IP - GM12815 cells, Rep 2, CTCF IP - GM11881 cells, CTCF IP - F36P cells, Rep 3 , CTCF IP - GM2630 cells, Rep 3 , CTCF IP - GM18505 cells, Rep 1 , CTCF IP - F36P cells, Rep 19 , CTCF IP - F36P cells, Rep 17 , CTCF IP - GM11894 cells, Rep 2, CTCF IP - GM19239 cells, Rep 2 , CTCF IP - GM12828 cells, CTCF IP - GM12891 cells, Rep 2 , CTCF IP - GM12872 cells, Rep 2 , CTCF IP - GM2630 cells, Rep 1 , CTCF IP - GM12005 cells, Rep 2, CTCF IP - GM12865 cells, Rep 1 , CTCF IP - GM12814 cells, Rep 1, CTCF IP - GM12868 cells , CTCF IP - GM19099 cells, Rep 1 , CTCF IP - GM19099 cells, Rep 2 , CTCF IP - GM12873 cells, Rep 1 , CTCF IP - GM12874 cells, Rep 2 , CTCF IP - GM12878 cells , CTCF IP - K562 cells, Rep 14 , CTCF IP - GM12864 cells, Rep 3 , CTCF IP - K562 cells, Rep 15 , CTCF IP - GM12749 cells, Rep 2, CTCF IP - MS1 cells, Rep 3 , CTCF IP - GM2630 cells, Rep 2 , CTCF IP - GM12872 cells, Rep 3 , CTCF IP - GM2588 cells, Rep 2 , CTCF IP - HL , CTCF IP - GM12864 cells, Rep 2 , CTCF IP - MS1 cells, Rep 4 , CTCF IP - CD14+ cells , CTCF IP - KU812 cells, Rep 5 , CTCF IP - GM12814 cells, Rep 2, CTCF IP - GM2255 cells, Rep 2 , CTCF IP - GM11811 cells, Rep 1, CTCF ChIP-Seq - GM12878, CTCF IP - GM18486 cells, Rep 1 , CTCF IP - GM12006 cells, Rep 2, CTCF IP - HeLa cells, Rep 2 , CTCF IP -  CD20+ cells , CTCF IP - K562 cells, CTCF IP - GM12489 cells, Rep 1, CTCF IP - NB4 cells , CTCF IP - GM12878 cells, Rep 1 , CTCF IP - GM12891 cells, Rep 1 , CTCF IP - GM18486 cells, Rep 2 , CTCF IP - GM12234 cells, CTCF IP - GM12749 cells, Rep 1, CTCF IP - GM2588 cells, Rep 3 , CTCF IP - F36P cells, Rep 13 , CTCF IP - GM18951 cells, Rep 2 , CTCF IP - GM12870 cells , CTCF IP - GM18526 cells, Rep 2 , CTCF IP - GM12867 cells , CTCF IP - F36P cells, Rep 14 , CTCF IP - GM18505 cells, Rep 2 , CTCF IP - GM12873 cells, Rep 1 ",,,
USF1,CYP51A1,colon,USF1 IP - HCT116 cells,,,
FOXA1,CYP51A1,prostate,"R1881 | FOXA1 ChIP-Seq - Rep 1, FOXA1 ChIP-Seq, CON KD  | FOXA1 ChIP-Seq, FOXA1 ChIP-Seq - Rep 2, CON KD + R1881 | FOXA1 ChIP-Seq - Rep 1, EtOH | FOXA1 ChIP-Seq - , DHT | FOXA1 ChIP-Seq, R1881 | FOXA1 ChIP-Seq - Rep 2, FOXA1 siRNA | CREB1 ChIP-Seq - Rep 2, CON KD + R1881 | FOXA1 ChIP-Seq - Rep 2, GATA2 KD + R1881 | FOXA1 ChIP-Seq, PIAS1 + R1881 | FOXA1 ChIP-Seq - Rep 2, FOXA1 ChIP-Seq, PIAS1 + R1881 | FOXA1 ChIP-Seq - Rep 1, EtOH | FOXA1 ChIP-Seq - Rep 2, FOXA1 siRNA | CREB1 ChIP-Seq - Rep 1, AR C562S OE + FOXA1 OE | FOXA1 ChIP-Seq, CREB1 siRNA | FOXA1 ChIP-Seq - Rep 2",,,
R1881,CYP51A1,prostate,"R1881 | FOXA1 ChIP-Seq - Rep 1, CON KD + R1881 | FOXA1 ChIP-Seq - Rep 1, R1881 | FOXA1 ChIP-Seq - Rep 2, CON KD + R1881 | FOXA1 ChIP-Seq - Rep 2, GATA2 KD + R1881 | FOXA1 ChIP-Seq, PIAS1 + R1881 | FOXA1 ChIP-Seq - Rep 2, PIAS1 + R1881 | FOXA1 ChIP-Seq - Rep 1, GABPA IP | R1881",,,
YY1,CYP51A1,cns,"YY1 IP - SK-N-SH cells, YY1 IP | ATRA - SK-N-SH cells",,,
NFYA,CYP51A1,colon,NFYA IP ,,,
TCF12,CYP51A1,cns,TCF12 IP - SK-N-SH cells,,,
SIX2,CYP51A1,kidney,"SIX2 IP -  16 weeks, SIX2 IP - 17 weeks, Rep 2, SIX2 IP - 17 weeks, Rep 1",,,
CTCF,CYP51A1,kidney,"CTCF IP - RPTEC cells, Rep 2 , CTCF IP - HRE cells, Rep 1 , CTCF IP - HRE cells, Rep 2 , CTCF IP - HEK293 cells, Rep 2 , CTCF IP - RPTEC cells, Rep 1 , CTCF IP - HEK293 cells, Rep 1 ",,,
JUNB,CYP51A1,colon,JUNB IP ,,,
MYBL2,CYP51A1,liver,MYBL2 IP - HepG2 cells,,,
MAZ,CYP51A1,leukocytes,"MAZ IP - GM12878 cells, MAZ IP - K562 cells",,,
CEBPB,CYP51A1,leukocytes,"CEBPB ChIP-Seq - K562, CEBPB IP, CEBPB IP - K562 cells, CEBPB IP",,,
GATA4,CYP51A1,stomach,GATA4 IP - AGS,,,
MAZ,CYP51A1,uterus,MAZ IP - HeLa cells,,,
PBX3,CYP51A1,leukocytes,PBX3 IP - GM12878 cells,,,
FOXA1,CYP51A1,mammarygland,"17BE2 | FOXA1 ChIP-Seq - Rep 2, 17BE2 | FOXA1 ChIP-Seq - Rep 1, DHT | FOXA1 ChIP-Seq, DEX | FOXA1 ChIP-Seq - Rep 1, FOXA1 ChIP-Seq - Rep 2, 17BE2 | FOXA1 ChIP-Seq - Rep 1, FOXA1 ChIP-Seq - Rep 1, DEX | FOXA1 ChIP-Seq - Rep 2, 17BE2 | FOXA1 ChIP-Seq - Rep 2, DEX | FOXA1 ChIP-Seq - Rep 1",,,
17BE2,CYP51A1,mammarygland,"17BE2 | FOXA1 ChIP-Seq - Rep 2, 17BE2 | FOXA1 ChIP-Seq - Rep 1, 17BE2 | FOXA1 ChIP-Seq - Rep 1, 17BE2 | FOXA1 ChIP-Seq - Rep 2",,,
KLF5,CYP51A1,pancreas,KLF5 IP,,,
CTCF,CYP51A1,liver,"CTCF IP - HepG2 cells, Rep 1 , CTCF IP - HepG2 cells, Rep 2 , CTCF IP, CTCF IP - SK-N-SH cells, CTCF IP - HepG2 cells ",,,
CTCF,CYP51A1,skeletalmuscle,"CTCF IP - HSMM cells, Rep 2 , CTCF IP - HSMM cells, Rep 1 ",,,
TP53,CYP51A1,lung,"TP53 IP - propapoptic, Rep 1",,,
SREBF2,CYP51A1,pancreas,SREBF2 IP,,,
CTCF,CYP51A1,heart,"CTCF IP - myocytes cells, Rep 1 , CTCF IP - myocytes cells, Rep 2 , CTCF IP - HCF cells ",,,
FOXA2,CYP51A1,lung,FOXA2 IP - A549 cells,,,
GATA1,CYP51A1,leukocytes,GATA1 ChIP-Seq - K562,,,
TCF12,CYP51A1,uterus,TCF12 IP - ECC1 cells,,,
SPI1,CYP51A1,leukocytes,"SPI1 IP, SPI1 IP, SPI1 IP - GM12878 cells, Rep 2 , SPI1 IP - GM12878 cells, Rep 3 , SPI1 IP, SPI1 IP - GM12878 cells, Rep 4 , SPI1 IP, SPI1 IP - GM12878 cells, SPI1 IP, SPI1 IP - GM12891 cells",,,
CTCF,CYP51A1,cns,"CTCF IP - SK cells, CTCF IP - HCPEpiC cells, Rep 2 , CTCF IP - SK-N-SH cells, Rep 2 , CTCF IP - cerebellar astrocyte cells, Rep 1 , CTCF IP - cerebellar astrocyte cells, Rep 2 , CTCF IP - BE(2)-C cells, Rep 1 , CTCF IP - HCPEpiC cells, Rep 1 , CTCF IP - BE(2)-C cells, Rep 2 , CTCF IP - spinal cord astrocyte cells, Rep 1 , CTCF IP - SK-N-SH cells, Rep 1 , CTCF IP - NHA cells , CTCF IP - spinal cord astrocyte cells, Rep 2 , CTCF IP - SK-N-SH cells ",,,
CTCF,CYP51A1,mammarygland,"CTCF IP - HMEC cells, Rep 2 , CTCF IP - MCF7 cells, CTCF IP - HMEC cells, Rep 1 , CTCF IP - HMEC cells , CTCF IP - HMF cells, Rep 1 , CTCF IP - MCF-7 cells Rep 2 , CTCF IP - T47D cells, CTCF IP - MCF-7 cells, Rep 1 , CTCF IP - HMF cells, Rep 2 ",,,
CREB1,CYP51A1,lung,"CREB1 IP | DEX - A549 cells, CREB1 IP - A549 cells, Rep 2, CREB1 IP - A549 cells, Rep 1",,,
GTF2B,CYP51A1,uterus,GTF2B IP - Rep 2,,,
YY1,CYP51A1,leukocytes,"YY1 IP - GM12891 cells, YY1 IP - K562 cells, Rep 2, YY1 IP - K562 cells, Rep 1, YY1 IP - K562 cells, YY1 IP - GM12892 cells, Rep 1, YY1 IP - GM12878 cells",,,
MXI1,CYP51A1,cns,MXI1 IP - SK-N-SH cells ,,,
CEBPB,CYP51A1,mammarygland,CEBPB IP - MCF7 cells,,,
E2F1,CYP51A1,prostate,"E2F1 ChIP-Seq - Rep 2, E2F1 ChIP-Seq - Rep 3, HES6 OE | E2F1 ChIP-Seq - Rep 1, HES6 OE + BICALU | E2F1 ChIP-Seq - Rep 1, E2F1 ChIP-Seq - Rep 4, E2F1 ChIP-Seq - Rep 1, HES6 OE + BICALU | E2F1 ChIP-Seq - Rep 3, BICALU | E2F1 ChIP-Seq - Rep 1, BICALU | E2F1 ChIP-Seq - Rep 2, BICALU + HES6OE | E2F1 ChIP-Seq - Rep 4, BICALU | E2F1 ChIP-Seq - Rep 3, HES6 OE | E2F1 ChIP-Seq - Rep 2, HES6 OE | E2F1 ChIP-Seq - Rep 3",,,
ATF3,CYP51A1,lung,ATF3 IP - A549 cells,,,
SIX5,CYP51A1,lung,SIX5 IP | DEX - A549 cells,,,
ZNF280D,CYP51A1,colon,ZNF280D IP ,,,
PAX5,CYP51A1,leukocytes,"PAX5 IP - GM12892 cells, PAX5 IP - GM12878 cells, Rep 1, PAX5 IP - GM12878 cells, Rep 2",,,
ZNF143,CYP51A1,leukocytes,"ZNF143 IP - GM12878 cells, ZNF143 IP - K562 cells",,,
TBP,CYP51A1,uterus,TBP IP - HeLa cells,,,
SP1,CYP51A1,leukocytes,"SP1 IP - GM12878 cells, SP1 IP - K562 cells",,,
FOSL1,CYP51A1,colon,FOSL1 IP - HCT116 cells,,,
CTCF,CYP51A1,lung,"CTCF IP - WI-38 cells, Rep 2 , CTCF IP | DEX - A549 cells , CTCF IP - NHLF cells , CTCF IP - A549 cells, Rep 2 , CTCF IP - A549 cells, CTCF IP - A549 cells, Rep 1 , CTCF IP - SAEC cells, Rep 2 , CTCF IP - A549 cells , CTCF IP - NHLF cells , CTCF IP - SAEC cells, Rep 1 , CTCF IP | DEX - A549 cells, CTCF IP - HPF cells, Rep 1 , CTCF IP - WI-38 cells, Rep 1 , CTCF IP - IMR cells, CTCF IP - AG04450 cells, Rep 2 , CTCF IP - HPF cells, Rep 2 , CTCF ChIP-Seq - A549, CTCF IP - AG04450 cells, Rep 1 ",,,
REST,CYP51A1,leukocytes,"REST IP - GM12878 cells, Rep 14 , REST IP - HL60 cells, REST IP - K562 cells, REST IP - GM12878 cells, Rep 12 , REST IP - GM12878 cells, Rep 1, REST IP - GM12878 cells, Rep 2, REST IP - GM12878 cells, Rep 16 ",,,
ELF1,CYP51A1,cns,ELF1 IP - SK-N-SH cells,,,
CEBPA,CYP51A1,leukocytes,CEBPA IP,,,
ETS1,CYP51A1,lung,ETS1 IP - A549 cells,,,
CREB1,CYP51A1,liver,"CREB1 IP - HepG2 cells, CREB1 IP, CREB1 IP, CREB1 IP",,,
TAL1,CYP51A1,colon,TAL1 IP ,,,
CTCF,CYP51A1,megakaryocytelineage,"CTCF IP - MEG-01 cells, Rep 4 , CTCF IP - MEG-01 cells, Rep 8 , CTCF IP - MEG-01 cells, Rep 6 , CTCF IP - MEG-01 cells, Rep 2 , CTCF IP - MEG-01 cells, Rep 10 ",,,
CTCF,CYP51A1,placenta,"CTCF IP - HVMF cells, Rep 1 , CTCF IP - HVMF cells, Rep 2 ",,,
FOXH1,CYP51A1,embryonictissue,FOXH1 IP - endoderm,,,
STAT3,CYP51A1,leukocytes,"STAT3 IP - SU-DHL-4, STAT3 IP - OCI-LY10, STAT3 IP - OCI-LY7, STAT3 IP - U-2932, STAT3 IP - SU-DHL-6, STAT3 IP - OCI-LY19",,,
RELA,CYP51A1,leukocytes,"RELA IP | TNF - GM15510 cells, RELA IP | TNF - GM18505 cells, RELA IP | BAY082  - IVD Th1 cells, PIA, RELA IP - IVD Th1 cells, PIA, RELA IP | TNF - GM10847 cells, RELA IP | TNF - GM12891 cells, RELA IP | TNF - GM12892 cells",,,
TNF,CYP51A1,leukocytes,"RELA IP | TNF - GM15510 cells, RELA IP | TNF - GM18505 cells, RELA IP | TNF - GM10847 cells, RELA IP | TNF - GM12891 cells, RELA IP | TNF - GM12892 cells",,,
IRF1,CYP51A1,colon,IRF1 IP ,,,
PDX1,CYP51A1,stemcells,PDX1 IP,,,
CTCF,CYP51A1,colon,"CTCF IP - Rep 1 , CTCF IP - HCT116 cells, CTCF IP - Caco , CTCF IP - Rep 3 , CTCF IP - Rep 2 , CTCF IP - HCT116 cells, Rep 2 , CTCF IP - HCT116 cells, Rep 1 , CTCF IP - Caco-2 cells, Rep 1 ",,,
MYC,CYP51A1,leukocytes,"MYC IP | IFNA1 - K562 cells, 30 min, MYC IP - K562 cells, Rep 1, MYC IP | IFNG - K562 cells, 6 h, MYC IP | IFNG - K562 cells, 30 min, MYC IP | IFNA1 - K562 cells, 6 h, MYC IP - K562 cells, Rep 2",,,
IFNA1,CYP51A1,leukocytes,"MYC IP | IFNA1 - K562 cells, 30 min, IRF1 IP | IFNA1-13 - K562 cells, 6 h, MYC IP | IFNA1 - K562 cells, 6 h",,,
SREBF2,CYP51A1,leukocytes,SREBF2 IP - GM12878 cells,,,
PDX1,CYP51A1,pancreas,PDX1 IP,,,
ATF2,CYP51A1,colon,ATF2 IP ,,,
RUNX1,CYP51A1,leukocytes,"RUNX1 IP - N terminus 2, RUNX1 IP, RUNX1 IP - Rep 1, RUNX1 IP - Rep 1, RUNX1 IP - Rep 2, RUNX1 IP, RUNX1 IP - Rep 2, RUNX1 IP - N terminus 1",,,
MYC,CYP51A1,bone,MYC IP,,,
YY1,CYP51A1,uterus,YY1 IP - ECC1 cells,,,
ARNTL,CYP51A1,bone,"ARNTL IP, ARNTL IP, ARNTL IP, ARNTL IP",,,
MYC,CYP51A1,mammarygland,"DHT | MYC ChIP-Seq, MYC IP - MCF-10A cells",,,
DHT,CYP51A1,mammarygland,"DHT | MYC ChIP-Seq, DHT | FOXA1 ChIP-Seq, DHT | TCF7L2 ChIP-Seq",,,
IRF1,CYP51A1,pancreas,IRF1 IP,,,
ETS1,CYP51A1,leukocytes,"ETS1 IP - K562 cells, ETS1 IP",,,
EGR1,CYP51A1,liver,EGR1 IP - MCF7 cells,,,
ERG,CYP51A1,prostate,"DHT | ERG ChIP-Seq - 18 h, ERG ChIP-Seq",,,
DHT,CYP51A1,prostate,"DHT | ERG ChIP-Seq - 18 h, DHT | FOXA1 ChIP-Seq, DHT | FOXP1 ChIP-Seq",,,
STAT5A,CYP51A1,leukocytes,"STAT5A IP - K562 cells, STAT5A IP - GM12878 cells",,,
TEAD4,CYP51A1,stemcells,TEAD4 IP - H1 cells,,,
CTCF,CYP51A1,esophagus,"CTCF IP - HEEpiC cells, Rep 1 , CTCF IP - HEEpiC cells, Rep 2 ",,,
BCL11A,CYP51A1,leukocytes,BCL11A IP - GM12878 cells,,,
CTCF,CYP51A1,hspcs,"CTCF IP - HEL 92.1.7 cells, Rep 11 , CTCF IP - Erythroid cells, Rep 1, CTCF IP - HSPCs, Rep 1, CTCF IP - HEL 92.1.7 cells, Rep 14 , CTCF IP - HEL 92.1.7 cells, Rep 8 , CTCF IP - HEL 92.1.7 cells, Rep 7 , CTCF IP - Erythroid cells, Rep 2, CTCF IP - HEL 92.1.7 cells, Rep 5 , CTCF IP - HEL 92.1.7 cells, Rep 4 , CTCF IP - HSPCs, Rep 2, CTCF IP - HEL 92.1.7 cells, Rep 13 , CTCF IP - HEL 92.1.7 cells, Rep 2 ",,,
RELA,CYP51A1,colon,RELA IP ,,,
FOXA2,CYP51A1,stemcells,"FOXA2 IP - ES D2, FOXA2 IP - ES D10, FOXA2 IP - ES D5, FOXA2 IP - ES D7",,,
CREB1,CYP51A1,prostate,"CREB1 ChIP-Seq - Rep 2, CREB1 ChIP-Seq - LNCaP-abl, FOXA1 siRNA | CREB1 ChIP-Seq - Rep 2, CREB1 ChIP-Seq - Rep 1, FOXA1 siRNA | CREB1 ChIP-Seq - Rep 1, CREB1 ChIP-Seq - LNCaP, CREB1 siRNA | FOXA1 ChIP-Seq - Rep 2",,,
SRF,CYP51A1,leukocytes,"SRF IP - SK-N-SH cells, SRF IP - GM12878 cells, Rep 2",,,
HES6,CYP51A1,prostate,"HES6 OE | E2F1 ChIP-Seq - Rep 1, HES6 OE + BICALU | E2F1 ChIP-Seq - Rep 1, HES6 OE + BICALU | E2F1 ChIP-Seq - Rep 3, BICALU + HES6OE | E2F1 ChIP-Seq - Rep 4, HES6 OE | E2F1 ChIP-Seq - Rep 2, HES6 OE | E2F1 ChIP-Seq - Rep 3",,,
E2F1,CYP51A1,mammarygland,"E2F1 IP - MCF7 cells, E2F1 IP",,,
BCL3,CYP51A1,lung,BCL3 IP - A549 cells,,,
FOXP1,CYP51A1,colon,FOXP1 IP ,,,
ATF2,CYP51A1,stemcells,ATF2 IP - H1 cells,,,
JUND,CYP51A1,cns,"JUND IP - SK-N-SH cells, JUND IP - SK-N-SH cells ",,,
MAX,CYP51A1,colon,MAX IP - HCT116 cells,,,
MYC,CYP51A1,colon,MYC IP - DTT,,,
CTCF,CYP51A1,uterus,"CTCF IP - HeLa cells, Rep 1 , CTCF IP - HeLa cells ",,,
ZNF83,CYP51A1,colon,ZNF83 IP ,,,
USF1,CYP51A1,cns,"USF1 IP | ATRA - SK-N-SH cells, USF1 IP - SK-N-SH cells",,,
ATRA,CYP51A1,cns,"USF1 IP | ATRA - SK-N-SH cells, YY1 IP | ATRA - SK-N-SH cells",,,
MXI1,CYP51A1,uterus,MXI1 IP - HeLa cells,,,
MAX,CYP51A1,leukocytes,"MAX IP - K562 cells, MAX IP - K562 cells, Rep 2, MAX IP - GM12878 cells",,,
BICALU,CYP51A1,prostate,"HES6 OE + BICALU | E2F1 ChIP-Seq - Rep 1, HES6 OE + BICALU | E2F1 ChIP-Seq - Rep 3, BICALU | E2F1 ChIP-Seq - Rep 1, BICALU | E2F1 ChIP-Seq - Rep 2, BICALU + HES6OE | E2F1 ChIP-Seq - Rep 4, BICALU | E2F1 ChIP-Seq - Rep 3",,,
CTCF,CYP51A1,stemcells,"CTCF IP - Rep 1 , CTCF IP - Rep 7 , CTCF IP - Rep 3 , CTCF IP - Rep 6 , CTCF IP - H1 cells , CTCF IP - Rep 5 , CTCF IP - H1 cells, CTCF IP - Rep 4 , CTCF IP - Rep 2 ",,,
CREB1,CYP51A1,stemcells,CREB1 IP - H1 cells,,,
EGR1,CYP51A1,leukocytes,"EGR1 IP - K562 cells, EGR1 IP - GM12878 cells, Rep 1",,,
HIF1A,CYP51A1,bone,HIF1A IP,,,
FOXM1,CYP51A1,leukocytes,FOXM1 IP - GM12878 cells,,,
TAL1,CYP51A1,leukocytes,"TAL1 IP - K562 cells, TAL1 IP - MOLT3",,,
CEBPB,CYP51A1,colon,"CEBPB IP - HCT116 cells, CEBPB IP, CEBPB IP | 125DVD3",,,
GATA4,CYP51A1,stemcells,"GATA4 IP - Rep 4 , GATA4 IP - Rep 7 ",,,
YY1,CYP51A1,stemcells,YY1 IP - H1 cells,,,
DEX,CYP51A1,mammarygland,"DEX | FOXA1 ChIP-Seq - Rep 1, DEX | FOXA1 ChIP-Seq - Rep 2, DEX | FOXA1 ChIP-Seq - Rep 1",,,
REST,CYP51A1,uterus,REST IP - ECC1 cells,,,
IRF1,CYP51A1,leukocytes,"IRF1 IP | IFNA1-13 - K562 cells, 6 h, IRF1 IP | IFNG - K562 cells, 30 min, IRF1 IP | IFNG - K562 cells, 6 h",,,
MXI1,CYP51A1,leukocytes,MXI1 IP - GM12878 cells,,,
REST,CYP51A1,cns,"REST IP - SK-N-SH cells, REST IP - SK cells, REST IP - PFSK1 cells, Rep 2, REST IP - PFSK-N-SH cells1 cells, Rep 1, REST IP - U87 cells",,,
MAZ,CYP51A1,liver,MAZ IP - HepG2 cells,,,
REST,CYP51A1,pancreas,"REST IP - Panc1 cells, Rep 3, REST IP - PANC1 cells, Rep 1",,,
MAX,CYP51A1,lung,"MAX IP - A549 cells, MAX IP - A549 cells",,,
MYC,CYP51A1,liver,MYC IP,,,
FOXM1,CYP51A1,mammarygland,FOXM1 IP - MCF7 cells,,,
CTCF,CYP51A1,bone,"CTCF IP, CTCF IP - Osteoblasts ",,,
CEBPB,CYP51A1,stemcells,"CEBPB IP, CEBPB IP",,,
CREB1,CYP51A1,colon,CREB1 IP ,,,
GATA1,CYP51A1,hspcs,"GATA1 IP - PBDE cells, Rep 1",,,
RELA,CYP51A1,adiposetissue,"RELA IP, RELA IP, RELA IP",,,
GLI2,CYP51A1,colon,GLI2 IP ,,,
TBP,CYP51A1,leukocytes,"TBP IP - GM12878 cells, TBP IP - K562 cells",,,
CTCF,CYP51A1,sensory,"CTCF IP - HRPEpiC cells, Rep 1 , CTCF IP - WERI , CTCF IP - WERI-Rb-1- cells, Rep 1 , CTCF IP - HRPEpiC cells, Rep 2 ",,,
UBTF,CYP51A1,leukocytes,"UBTF IP - K562 cells, UBTF IP - K562 cells",,,
ZNF143,CYP51A1,uterus,ZNF143 IP - HeLa cells,,,
KLF11,CYP51A1,adiposetissue,"ROSI (BrAT) | KLF11 ChIP-Seq, Rep 1, KLF11 ChIP-Seq, Rep 1, ROSI (BrAT) | KLF11 ChIP-Seq, Rep 2, KLF11 ChIP-Seq, Rep 2",,,
ROSI,CYP51A1,adiposetissue,"ROSI (BrAT) | KLF11 ChIP-Seq, Rep 1, ROSI (BrAT) | KLF11 ChIP-Seq, Rep 2",,,
GATA2,CYP51A1,leukocytes,"GATA2 IP - K562 cells, GATA2 IP - K562 cells",,,
REST,CYP51A1,liver,"REST IP - HepG2 cells, Rep 2, REST IP - HepG2 cells, Rep 1",,,
ELF1,CYP51A1,mammarygland,ELF1 IP - MCF7 cells,,,
E2F6,CYP51A1,leukocytes,"E2F6 IP - K562 cells, E2F6 IP - K562 cells",,,
BHLHE40,CYP51A1,leukocytes,"BHLHE40 IP - GM12878 cells, BHLHE40 IP - K562 cells",,,
JUN,CYP51A1,leukocytes,"JUN IP - K562 cells, Rep 1, JUN IP - K562 cells, Rep 2",,,
IFNG,CYP51A1,leukocytes,"MYC IP | IFNG - K562 cells, 6 h, MYC IP | IFNG - K562 cells, 30 min, STAT1 IP - Rep 5, STAT1 IP - Rep 2, STAT1 IP - Rep 1, IRF1 IP | IFNG - K562 cells, 30 min, STAT1 IP - Rep 4, IRF1 IP | IFNG - K562 cells, 6 h, STAT1 IP - Rep 3, STAT1 IP - Rep 6",,,
E2F4,CYP51A1,mammarygland,E2F4 IP | 4HT - MCF10 cells,,,
4HT,CYP51A1,mammarygland,E2F4 IP | 4HT - MCF10 cells,,,
STAT1,CYP51A1,uterus,"STAT1 IP | IFNG - HeLa cells, 30 min",,,
IFNG,CYP51A1,uterus,"STAT1 IP | IFNG - HeLa cells, 30 min",,,
ELF1,CYP51A1,leukocytes,"ELF1 IP - SK-N-SH cells, ELF1 IP - SK-N-SH cells",,,
SP1,CYP51A1,colon,SP1 IP - HCT116 cells,,,
ATF3,CYP51A1,colon,"ATF3 IP | CAMPTO, ATF3 IP, ATF3 IP - HCT116 cells",,,
JUND,CYP51A1,mammarygland,JUND IP - MCF7 cells,,,
GATA2,CYP51A1,hspcs,GATA2 IP,,,
FLI1,CYP51A1,hspcs,FLI1 IP,,,
CEBPB,CYP51A1,lung,CEBPB ChIP-Seq - IMR90,,,
EGR1,CYP51A1,uterus,EGR1 IP - ECC1 cells,,,
JUN,CYP51A1,mammarygland,"JUN IP - Rep 2, JUN IP - Rep 1",,,
YY1,CYP51A1,colon,YY1 IP - HCT116 cells,,,
MYC,CYP51A1,uterus,MYC IP - HeLa cells,,,
NFYB,CYP51A1,leukocytes,"NFYB IP - GM12878 cells, NFYB IP - K562 cells",,,
HEY1,CYP51A1,leukocytes,HEY1 IP - K562 cells,,,
SP1,CYP51A1,liver,SP1 IP - HepG2 cells,,,
TEAD4,CYP51A1,leukocytes,TEAD4 IP - K562 cells,,,
BACH1,CYP51A1,colon,BACH1 IP ,,,
USF1,CYP51A1,leukocytes,USF1 IP - GM12878 cells,,,
TCF7L2,CYP51A1,uterus,TCF7L2 IP - HeLa cells,,,
NFYA,CYP51A1,leukocytes,NFYA IP - K562 cells,,,
ZNF143,CYP51A1,colon,ZNF143 IP ,,,
ZBTB17,CYP51A1,bone,ZBTB17 IP,,,
ZBTB7A,CYP51A1,leukocytes,ZBTB7A IP - SK-N-SH cells,,,
E2F4,CYP51A1,leukocytes,"E2F4 IP - K562 cells, E2F4 IP - GM12878 cells",,,
BCL6,CYP51A1,colon,BCL6 IP ,,,
GATA3,CYP51A1,mammarygland,"GATA3 IP - T47D cells, GATA3 IP - MCF7 cells",,,
STAT2,CYP51A1,colon,STAT2 IP ,,,
SRF,CYP51A1,colon,SRF IP - HCT116 cells,,,
MAX,CYP51A1,liver,"MAX IP - HepG2 cells, MAX IP - MCF7 cells, MAX IP - HepG2 cells",,,
MYB,CYP51A1,leukocytes,MYB IP - MOLT3,,,
TEAD4,CYP51A1,cns,TEAD4 IP - SK-N-SH cells,,,
GMEB2,CYP51A1,colon,GMEB2 IP ,,,
HMGN3,CYP51A1,leukocytes,HMGN3 IP - K562 cells,,,
USF1,CYP51A1,uterus,USF1 IP - ECC1 cells,,,
TCF7L2,CYP51A1,pancreas,TCF7L2 IP,,,
E2F1,CYP51A1,uterus,"E2F1 IP - HeLa cells, Rep 1, E2F1 IP - HeLa cells, Rep 2",,,
JUND,CYP51A1,stemcells,"JUND IP - H1 cells, JUND IP - H1 cells",,,
CEBPB,CYP51A1,uterus,CEBPB ChIP-Seq - HeLaS3,,,
CTCF,CYP51A1,adiposetissue,"CTCF ChIP-Seq - d -2, CTCF ChIP-Seq - d 9, CTCF ChIP-Seq - d 0",,,
EBF1,CYP51A1,leukocytes,"EBF1 IP - GM12878 cells, EBF1 IP - GM12878 cells",,,
MXI1,CYP51A1,liver,MXI1 IP - HepG2 cells,,,
JUND,CYP51A1,lung,JUND IP - A549 cells,,,
IRF4,CYP51A1,leukocytes,"IRF4 IP - GM12878 cells, IRF4 IP",,,
ZEB1,CYP51A1,liver,ZEB1 IP - HepG2 cells,,,
E2F6,CYP51A1,lung,E2F6 IP - A549 cells,,,
FOSL2,CYP51A1,lung,FOSL2 IP - A549 cells,,,
GABPA,CYP51A1,leukocytes,"GABPA IP - GM12878 cells, Rep 4 , GABPA IP - K562 cells, GABPA IP - GM12878 cells, Rep 1 ",,,
NFATC1,CYP51A1,leukocytes,NFATC1 IP - GM12878 cells,,,
FOSL2,CYP51A1,liver,FOSL2 IP - HepG2 cells,,,
ATF2,CYP51A1,leukocytes,ATF2 IP - GM12878 cells,,,
TFAP4,CYP51A1,leukocytes,TFAP4 IP - Rep 1,,,
TEAD4,CYP51A1,lung,TEAD4 IP - A549 cells,,,
EGR1,CYP51A1,stemcells,EGR1 IP - H1 cells,,,
STAT1,CYP51A1,leukocytes,"STAT1 IP - Rep 5, STAT1 IP - Rep 2, STAT1 IP - Rep 1, STAT1 IP - Rep 4, STAT1 IP - Rep 3, STAT1 IP - Rep 6",,,
OTX2,CYP51A1,stemcells,OTX2 IP - Rep 10 ,,,
BAY082,CYP51A1,leukocytes,"RELA IP | BAY082  - IVD Th1 cells, PIA",,,
FOXA1,CYP51A1,liver,"FOXA1 IP - HepG2 cells, Rep 2",,,
BACH1,CYP51A1,stemcells,BACH1 IP - H1 cells,,,
JUND,CYP51A1,leukocytes,JUND IP - K562 cells,,,
SP1,CYP51A1,stemcells,"SP1 IP - Rep 1 , SP1 IP - H1 cells",,,
CEBPB,CYP51A1,liver,"CEBPB ChIP-Seq - HepG2, CEBPB IP | FORSK - HepG2 cells",,,
E2F4,CYP51A1,uterus,E2F4 IP - HeLa cells,,,
SRF,CYP51A1,mammarygland,SRF IP - MCF7 cells,,,
GATA3,CYP51A1,cns,GATA3 IP - SK-N-SH cells,,,
USF1,CYP51A1,liver,USF1 IP - HepG2 cells,,,
E2F3,CYP51A1,colon,E2F3 IP ,,,
TP53,CYP51A1,skin,"TP53 IP | NUTL3, TP53 IP",,,
MXI1,CYP51A1,lung,MXI1 IP - IMR cells,,,
ZEB1,CYP51A1,leukocytes,ZEB1 IP - GM12878 cells,,,
REST,CYP51A1,stemcells,"REST IP - H1 cells, Rep 1",,,
NFYC,CYP51A1,colon,NFYC IP ,,,
RUNX1T1,CYP51A1,leukocytes,RUNX1T1 IP,,,
FOXP2,CYP51A1,cns,FOXP2 IP - PFSK-1 cells,,,
GATA2,CYP51A1,prostate,GATA2 KD + R1881 | FOXA1 ChIP-Seq,,,
POU2F2,CYP51A1,leukocytes,"POU2F2 IP - GM12878 cells, POU2F2 IP | POU2F2 Mut OE",,,
SMARCC1,CYP51A1,uterus,SMARCC1 IP - HeLa cells,,,
CREB1,CYP51A1,leukocytes,"CREB1 IP, CREB1 IP - GM12878 cells, CREB1 IP - K562 cells",,,
GABPA,CYP51A1,prostate,"GABPA IP - Rep 1, GABPA IP | R1881",,,
ZNF143,CYP51A1,stemcells,ZNF143 IP - H1 cells,,,
ATF3,CYP51A1,leukocytes,ATF3 IP - K562 cells,,,
BCL3,CYP51A1,leukocytes,BCL3 IP - GM12878 cells,,,
RUNX1,CYP51A1,hspcs,RUNX1,,,
REST,CYP51A1,lung,REST IP - A549 cells,,,
CREB1,CYP51A1,uterus,CREB1 IP - ECC1 cells,,,
JUND,CYP51A1,colon,JUND IP - HCT116 cells,,,
TEAD4,CYP51A1,uterus,TEAD4 IP - ECC1 cells,,,
SOX9,CYP51A1,colon,SOX9 IP ,,,
HOXA6,CYP51A1,colon,HOXA6 IP ,,,
ARNTL,CYP51A1,colon,ARNTL IP - Rep 1 ,,,
TCF3,CYP51A1,leukocytes,TCF3 IP - GM12878 cells,,,
GATA2,CYP51A1,cns,GATA2 ChIP-Seq SH-SY5Y,,,
TCF7L2,CYP51A1,mammarygland,"DHT | TCF7L2 ChIP-Seq, TCF7L2 ChIP-Seq",,,
SRF,CYP51A1,uterus,SRF IP - ECC1 cells,,,
HEY1,CYP51A1,liver,HEY1 IP - HepG2 cells,,,
GABPA,CYP51A1,lung,GABPA IP - A549 cells,,,
MAX,CYP51A1,cns,MAX IP - SK-N-SH cells,,,
MXI1,CYP51A1,stemcells,MXI1 IP - H1 cells,,,
GATA3,CYP51A1,lung,GATA3 IP - A549 cells,,,
ELF1,CYP51A1,lung,ELF1 IP - A549 cells,,,
SREBF2,CYP51A1,liver,SREBF2 IP | PRAV - HepG2 cells,,,
PRAV,CYP51A1,liver,SREBF2 IP | PRAV - HepG2 cells,,,
PBX3,CYP51A1,cns,PBX3 IP - SK-N-SH cells,,,
MAX,CYP51A1,stemcells,MAX IP - H1 cells,,,
JUN,CYP51A1,colon,JUN IP ,,,
ZNF263,CYP51A1,kidney,ZNF263 IP - HEK293 cells,,,
GABPA,CYP51A1,liver,"GABPA IP - MCF7 cells, GABPA IP - HepG2 cells",,,
ELF1,CYP51A1,liver,ELF1 IP - HepG2 cells,,,
ZNF384,CYP51A1,leukocytes,"ZNF384 IP - GM12878 cells, ZNF384 IP - K562 cells",,,
TBP,CYP51A1,stemcells,TBP IP - H1 cells,,,
BARX1,CYP51A1,colon,BARX1 IP - Rep 1 ,,,
ARID3A,CYP51A1,liver,ARID3A IP - HepG2 cells,,,
PIAS1,CYP51A1,prostate,"PIAS1 + R1881 | FOXA1 ChIP-Seq - Rep 2, PIAS1 + R1881 | FOXA1 ChIP-Seq - Rep 1",,,
ZBTB7A,CYP51A1,uterus,ZBTB7A IP - ECC1 cells,,,
CTCF,CYP51A1,miscellaneous,"CTCF IP - AG09319 cells, Rep 2 , CTCF IP - AG09319 cells, Rep 1 ",,,
NFKB1,CYP51A1,leukocytes,NFKB1 IP - Rep 2,,,
PBX3,CYP51A1,lung,PBX3 IP - A549 cells,,,
FOXA2,CYP51A1,embryonictissue,FOXA2 IP - Rep 2,,,
TP53,CYP51A1,mammarygland,TP53 IP,,,
E2F6,CYP51A1,stemcells,E2F6 IP - H1 cells,,,
FOSL1,CYP51A1,leukocytes,FOSL1 IP - K562 cells,,,
ELF1,CYP51A1,colon,ELF1 IP - HCT116 cells,,,
GABPA,CYP51A1,cns,GABPA IP - SK-N-SH cells,,,
MAZ,CYP51A1,lung,MAZ IP - IMR cells,,,
JUND,CYP51A1,liver,JUND IP - HepG2 cells,,,
MTA3,CYP51A1,leukocytes,MTA3 IP - GM12878 cells,,,
REST,CYP51A1,mammarygland,REST IP - MCF7 cells,,,
ATF1,CYP51A1,leukocytes,ATF1 IP - K562 cells,,,
NFYA,CYP51A1,uterus,NFYA IP - HeLa cells,,,
TBP,CYP51A1,liver,TBP IP - HepG2 cells,,,
MEF2B,CYP51A1,kidney,MEF2B IP | MEF2B OE - Rep 2,,,
FORSK,CYP51A1,liver,CEBPB IP | FORSK - HepG2 cells,,,
CTCF,CYP51A1,pancreas,CTCF IP,,,
MYC,CYP51A1,lung,MYC IP - A549 cells,,,
ARNT2,CYP51A1,colon,ARNT2 IP ,,,
FOS,CYP51A1,leukocytes,FOS IP - K562 cells,,,
YY1,CYP51A1,lung,YY1 IP - A549 cells,,,
AR,CYP51A1,prostate,AR C562S OE + FOXA1 OE | FOXA1 ChIP-Seq,,,
HOXA4,CYP51A1,colon,HOXA4 IP ,,,
MAX,CYP51A1,vasculature,MAX IP - HUVEC cells,,,
TCF12,CYP51A1,leukocytes,TCF12 IP - GM12878 cells,,,
E2F6,CYP51A1,uterus,E2F6 IP - HeLa cells,,,
EGR1,CYP51A1,colon,EGR1 IP - HCT116 cells,,,
TCF12,CYP51A1,lung,TCF12 IP - A549 cells,,,
ZBTB7A,CYP51A1,liver,ZBTB7A IP - HepG2 cells,,,
YY1,CYP51A1,liver,YY1 IP - HepG2 cells,,,
SP1,CYP51A1,lung,SP1 IP - A549 cells,,,
125DVD3,CYP51A1,colon,CEBPB IP | 125DVD3,,,
SREBF1,CYP51A1,liver,SREBF1 IP | INS + 22RHC - HepG2 cells,,,
22RHC; INS,CYP51A1,liver,SREBF1 IP | INS + 22RHC - HepG2 cells,,,
THAP1,CYP51A1,leukocytes,THAP1 IP - K562 cells,,,
TEAD4,CYP51A1,colon,TEAD4 IP - HCT116 cells,,,
FOXH1,CYP51A1,stemcells,FOXH1 ChIP-Seq - Escs,,,
TEAD4,CYP51A1,liver,TEAD4 IP - HepG2 cells,,,
ETV5,CYP51A1,colon,ETV5 IP ,,,
FOXP1,CYP51A1,prostate,DHT | FOXP1 ChIP-Seq,,,
FOXA2,CYP51A1,liver,FOXA2 IP - HepG2 cells,,,
TBP,DHCR24,leukocytes,"TBP IP - GM12878 cells, TBP IP - K562 cells",,,
TEAD4,DHCR24,lung,TEAD4 IP - A549 cells,,,
NFKB1,DHCR24,leukocytes,NFKB1 IP - Rep 2,,,
RELA,DHCR24,adiposetissue,"RELA IP, RELA IP, RELA IP, RELA IP",,,
FOXA1,DHCR24,prostate,"AR Q640X OE + FOXA1 OE | FOXA1 ChIP-Seq, FOXA1 ChIP-Seq, R1881 | FOXA1 ChIP-Seq - Rep 2, DHT | FOXA1 ChIP-Seq - C4- Rep 2B, CON KD + R1881 | FOXA1 ChIP-Seq - Rep 2, DHT | FOXA1 ChIP-Seq, GATA2 KD + R1881 | FOXA1 ChIP-Seq, FOXA1 ChIP-Seq, FOXA1 ChIP-Seq - LNCaP-abl, CON KD + R1881 | FOXA1 ChIP-Seq, PIAS1 + R1881 | FOXA1 ChIP-Seq - Rep 2, DHT | FOXA1 ChIP-Seq, PIAS1 + R1881 | FOXA1 ChIP-Seq - Rep 1, FOXA1 siRNA | CREB1 ChIP-Seq - Rep 1, WT AR OE + FOXA1 OE | FOXA1 ChIP-Seq - high FOXA1, FOXA1 ChIP-Seq, CREB1 siRNA | FOXA1 ChIP-Seq - Rep 2, AR C562S OE + FOXA1 OE | FOXA1 ChIP-Seq, EtOH | FOXA1 ChIP-Seq - Rep 2, FOXA1 ChIP-Seq - LNCaP, R1881 | FOXA1 ChIP-Seq - Rep 1, CON KD | FOXA1 ChIP-Seq, DHT | FOXA1 ChIP-Seq, DHT | FOXA1 ChIP-Seq, FOXA1 ChIP-Seq, FOXA1 ChIP-Seq, GATA2 KD  | FOXA1 ChIP-Seq, FOXA1 ChIP-Seq - Rep 2, CON KD | FOXA1 ChIP-Seq, FOXA1 KD | GATA2 ChIP-Seq, FOXA1 ChIP-Seq - Rep 1, POU2F1 KD + DHT | FOXA1 ChIP-Seq, CON KD  | FOXA1 ChIP-Seq, FOXA1 siRNA | CREB1 ChIP-Seq - Rep 2, CON KD + R1881 | FOXA1 ChIP-Seq - Rep 1, FOXA1 KD | FOXA1 ChIP-Seq, CON KD | FOXA1 ChIP-Seq, WT AR OE + FOXA1 OE | FOXA1 ChIP-Seq, FOXA1 ChIP-Seq, EtOH | FOXA1 ChIP-Seq - , DHT | FOXA1 ChIP-Seq, FOXA1 KD | FOXA1 ChIP-Seq, FOXA1 ChIP-Seq - Rep 2, CREB1 siRNA | FOXA1 ChIP-Seq - Rep 1","25552417,",,
AR,DHCR24,prostate,"AR Q640X OE + FOXA1 OE | FOXA1 ChIP-Seq, WT AR OE + FOXA1 OE | FOXA1 ChIP-Seq - high FOXA1, AR C562S OE + FOXA1 OE | FOXA1 ChIP-Seq, WT AR OE + FOXA1 OE | FOXA1 ChIP-Seq",,,
FOXA2,DHCR24,stemcells,"FOXA2 IP - ES D2, FOXA2 IP - ES D10, FOXA2 IP - ES D5, FOXA2 IP - ES D7",,,
CEBPB,DHCR24,liver,"CEBPB ChIP-Seq - HepG2, CEBPB IP - HepG2 cells, CEBPB IP | FORSK - HepG2 cells",,,
RUNX1,DHCR24,hspcs,RUNX1,,,
E2F1,DHCR24,prostate,"E2F1 ChIP-Seq - Rep 4, BICALU + HES6 OE | E2F1 ChIP-Seq - Rep 2, E2F1 ChIP-Seq - Rep 1, HES6 OE + BICALU | E2F1 ChIP-Seq - Rep 3, HES6 OE | E2F1 ChIP-Seq - Rep 4, BICALU | E2F1 ChIP-Seq - Rep 1, BICALU + HES6OE | E2F1 ChIP-Seq - Rep 4, BICALU | E2F1 ChIP-Seq - Rep 3, HES6 OE | E2F1 ChIP-Seq - Rep 2, HES6 OE | E2F1 ChIP-Seq - Rep 3, E2F1 ChIP-Seq - Rep 3, HES6 OE + BICALU | E2F1 ChIP-Seq - Rep 1, HES6 OE | E2F1 ChIP-Seq - Rep 1",,,
FOXA1,DHCR24,mammarygland,"DEX | FOXA1 ChIP-Seq - Rep 2, 17BE2 | FOXA1 ChIP-Seq - Rep 2, FOXA1 IP - T47D, 17BE2 | FOXA1 ChIP-Seq - Rep 2, DEX | FOXA1 ChIP-Seq - Rep 2, FOXA1 ChIP-Seq - Rep 2, 17BE2 + TNF | FOXA1 ChIP-Seq - Rep 1, 17BE2 | FOXA1 ChIP-Seq, FOXA1 IP | 17BE2 - MCF-7, 17BE2 | FOXA1 ChIP-Seq - Rep 1, DEX | FOXA1 ChIP-Seq - Rep 1, FOXA1 ChIP-Seq - Rep 1, FOXA1 ChIP-Seq - Rep 1, FOXA1 ChIP-Seq, DEX | FOXA1 ChIP-Seq - Rep 2, 17BE2 | FOXA1 ChIP-Seq - Rep 1, FOXA1 IP | 17BE2 - T47D, 17BE2 | FOXA1 ChIP-Seq - Rep 2, TNF | FOXA1 ChIP-Seq - Rep 1, FOXA1 ChIP-Seq - Rep 2, 17BE2 | FOXA1 ChIP-Seq - Rep 2, DEX | FOXA1 ChIP-Seq - Rep 1, DEX | FOXA1 ChIP-Seq - Rep 1, DHT | FOXA1 ChIP-Seq, TNF | FOXA1 ChIP-Seq - Rep 2, FOXA1 ChIP-Seq - Rep 1, FOXA1 IP - T47D cells, FOXA1 ChIP-Seq - Rep 2, 17BE2 + TNF | FOXA1 ChIP-Seq - Rep 2, FOXA1 ChIP-Seq - Rep 2, FOXA1 ChIP-Seq - Rep 1, 17BE2 | FOXA1 ChIP-Seq - Rep 1",,,
DEX,DHCR24,mammarygland,"DEX | FOXA1 ChIP-Seq - Rep 2, DEX | FOXA1 ChIP-Seq - Rep 2, DEX | FOXA1 ChIP-Seq - Rep 1, DEX | FOXA1 ChIP-Seq - Rep 2, DEX | FOXA1 ChIP-Seq - Rep 1, DEX | FOXA1 ChIP-Seq - Rep 1",,,
RELA,DHCR24,leukocytes,"RELA IP | TNF - GM12892 cells, RELA IP | TNF - GM15510 cells",,,
TNF,DHCR24,leukocytes,"RELA IP | TNF - GM12892 cells, RELA IP | TNF - GM15510 cells",,,
MAX,DHCR24,stemcells,MAX IP - H1 cells,,,
MYC,DHCR24,leukocytes,"MYC IP | IFNG - K562 cells, 6 h, MYC IP | IFNG - K562 cells, 30 min, MYC IP - K562 cells, Rep 2, MYC IP - NB4 cells, MYC IP - K562 cells, Rep 1",,,
IFNG,DHCR24,leukocytes,"MYC IP | IFNG - K562 cells, 6 h, IRF1 IP | IFNG - K562 cells, 30 min, IRF1 IP | IFNG - K562 cells, 6 h, MYC IP | IFNG - K562 cells, 30 min, STAT1 IP - Rep 5, STAT1 IP - Rep 1, STAT1 IP - Rep 4, STAT1 IP - Rep 3",,,
BCL3,DHCR24,lung,BCL3 IP - A549 cells,,,
17BE2,DHCR24,mammarygland,"17BE2 | FOXA1 ChIP-Seq - Rep 2, 17BE2 | FOXA1 ChIP-Seq - Rep 2, 17BE2 | FOXA1 ChIP-Seq, FOXA1 IP | 17BE2 - MCF-7, 17BE2 | FOXA1 ChIP-Seq - Rep 1, 17BE2 | FOXA1 ChIP-Seq - Rep 1, FOXA1 IP | 17BE2 - T47D, 17BE2 | FOXA1 ChIP-Seq - Rep 2, 17BE2 | FOXA1 ChIP-Seq - Rep 2, 17BE2 | FOXA1 ChIP-Seq - Rep 1",,,
HMGN3,DHCR24,leukocytes,HMGN3 IP - K562 cells,,,
ETV5,DHCR24,colon,ETV5 IP ,,,
NFYB,DHCR24,leukocytes,"NFYB IP - GM12878 cells, NFYB IP - K562 cells",,,
R1881,DHCR24,prostate,"R1881 | FOXA1 ChIP-Seq - Rep 2, CON KD + R1881 | FOXA1 ChIP-Seq - Rep 2, CON KD + R1881 | GATA2 ChIP-Seq, GATA2 KD + R1881 | FOXA1 ChIP-Seq, CON KD + R1881 | FOXA1 ChIP-Seq, GABPA IP | R1881, PIAS1 + R1881 | FOXA1 ChIP-Seq - Rep 2, PIAS1 + R1881 | FOXA1 ChIP-Seq - Rep 1, R1881 | FOXA1 ChIP-Seq - Rep 1, CON KD + R1881 | FOXA1 ChIP-Seq - Rep 1, GATA2 KD + R1881 | GATA2 ChIP-Seq",,,
CEBPB,DHCR24,leukocytes,"CEBPB IP, CEBPB IP - K562 cells, CEBPB IP| oxLDL  - Rep 207, CEBPB IP | oxLDL  - Rep 206, CEBPB ChIP-Seq - K562, CEBPB IP - Rep 204, CEBPB IP | oxLDL  - Rep 208, CEBPB IP - Rep 203, CEBPB IP, CEBPB IP - HL-60 cells, Rep 2 , CEBPB IP - HL-60 cells, Rep 1 , CEBPB IP - Rep 201, CEBPB IP | oxLDL  - Rep 205",,,
GATA3,DHCR24,cns,"GATA3 IP - SHSY5Y cells, GATA3 IP - SK-N-SH cells",,,
CTCF,DHCR24,leukocytes,"CTCF IP - GM12892 cells, Rep 2 , CTCF IP - GM18486 cells, Rep 3 , CTCF IP - GM12890 cells, Rep 1 , CTCF IP - MS1 cells, Rep 3 , CTCF IP - GM2630 cells, Rep 2 , CTCF IP - GM2588 cells, Rep 2 , CTCF IP - GM2610 cells, Rep 2 , CTCF IP - GM19240 cells, Rep 2 , CTCF IP - GM2255 cells, Rep 3 , CTCF IP - GM12891 cells, Rep 2 , CTCF IP - GM19240 cells, Rep 1 , CTCF IP - GM2630 cells, Rep 1 , CTCF IP - GM19239 cells, Rep 2 , CTCF IP - GM19239 cells, Rep 1 , CTCF IP - GM12878 cells, Rep 1 , CTCF IP - GM19238 cells, Rep 1 , CTCF IP, CTCF IP - MS1 cells, Rep 4 , CTCF IP - K562 cells, CTCF IP - GM2610 cells, Rep 3 , CTCF IP - GM2610 cells, Rep 1 , CTCF IP - MS1 cells, Rep 2 , CTCF IP - GM12890 cells, Rep 3 ",,,
NFYB,DHCR24,uterus,NFYB IP - HeLa cells,,,
CTCF,DHCR24,hspcs,"CTCF IP - HSPCs, Rep 1",,,
GABPA,DHCR24,prostate,"GABPA IP - Rep 1, GABPA IP | R1881",,,
CEBPB,DHCR24,lung,"CEBPB IP - A549 cells, CEBPB ChIP-Seq - A549, CEBPB ChIP-Seq - IMR90",,,
SREBF2,DHCR24,liver,SREBF2 IP | PRAV - HepG2 cells,,,
PRAV,DHCR24,liver,SREBF2 IP | PRAV - HepG2 cells,,,
GATA2,DHCR24,prostate,"CON KD  | GATA2 ChIP-Seq, CON KD + R1881 | GATA2 ChIP-Seq, GATA2 KD + R1881 | FOXA1 ChIP-Seq, GATA2 ChIP-Seq - Rep 2, CON KD + FBS | GATA2 ChIP-Seq, GATA2 ChIP-Seq - Rep 1, GATA2 KD  | GATA2 ChIP-Seq, GATA2 KD  | FOXA1 ChIP-Seq, GATA2 ChIP-Seq, FOXA1 KD | GATA2 ChIP-Seq, GATA2 KD + R1881 | GATA2 ChIP-Seq, CON KD | GATA2 ChIP-Seq",,,
FOXM1,DHCR24,mammarygland,"FOXM1 IP - MCF7 cells, FOXM1 IP | THSP - DS018, FOXM1 IP - DS017",,,
DHT,DHCR24,prostate,"DHT | FOXA1 ChIP-Seq - C4- Rep 2B, DHT | FOXA1 ChIP-Seq, DHT | FOXA1 ChIP-Seq, DHT | FOXP1 ChIP-Seq, DHT | FOXA1 ChIP-Seq, DHT | FOXA1 ChIP-Seq, POU2F1 KD + DHT | FOXA1 ChIP-Seq, DHT | FOXP1 ChIP-Seq, DHT | FOXA1 ChIP-Seq",,,
POU2F2,DHCR24,leukocytes,POU2F2 IP - GM12878 cells,,,
IRF4,DHCR24,leukocytes,IRF4 IP,,,
ETS1,DHCR24,leukocytes,"ETS1 IP - K562 cells, ETS1 IP - GM12878 cells, ETS1 IP",,,
E2F1,DHCR24,uterus,"E2F1 IP - HeLa cells, Rep 2, E2F1 IP - HeLa cells, Rep 1",,,
SP1,DHCR24,lung,SP1 IP - A549 cells,,,
ARID1B,DHCR24,liver,ARID1B IP - Rep 2,,,
ZNF217,DHCR24,mammarygland,ZNF217 IP - MCF7 cells,,,
ELF3,DHCR24,pancreas,"ELF3 IP, ELF3 IP | KLF5 KO, ELF3 IP",,,
BHLHE40,DHCR24,leukocytes,"BHLHE40 IP - GM12878 cells, BHLHE40 IP - K562 cells",,,
MAZ,DHCR24,uterus,MAZ IP - HeLa cells,,,
MYB,DHCR24,leukocytes,"MYB IP - Jurkat, Rep 2, MYB IP - Jurkat, Rep 3, MYB IP - Jurkat, Rep 1, MYB IP - Jurkat, Rep 4, MYB IP - Jurkat, Rep 5",,,
GABPA,DHCR24,lung,GABPA IP - A549 cells,,,
BICALU,DHCR24,prostate,"BICALU + HES6 OE | E2F1 ChIP-Seq - Rep 2, HES6 OE + BICALU | E2F1 ChIP-Seq - Rep 3, BICALU | E2F1 ChIP-Seq - Rep 1, BICALU + HES6OE | E2F1 ChIP-Seq - Rep 4, BICALU | E2F1 ChIP-Seq - Rep 3, HES6 OE + BICALU | E2F1 ChIP-Seq - Rep 1",,,
HES6,DHCR24,prostate,"BICALU + HES6 OE | E2F1 ChIP-Seq - Rep 2, HES6 OE + BICALU | E2F1 ChIP-Seq - Rep 3, HES6 OE | E2F1 ChIP-Seq - Rep 4, BICALU + HES6OE | E2F1 ChIP-Seq - Rep 4, HES6 OE | E2F1 ChIP-Seq - Rep 2, HES6 OE | E2F1 ChIP-Seq - Rep 3, HES6 OE + BICALU | E2F1 ChIP-Seq - Rep 1, HES6 OE | E2F1 ChIP-Seq - Rep 1",,,
REST,DHCR24,liver,"REST IP - HepG2 cells, Rep 2, REST IP - HepG2 cells, Rep 1",,,
PAX5,DHCR24,leukocytes,"PAX5 IP - GM12878 cells, Rep 1, PAX5 IP - GM12892 cells, PAX5 IP - GM12878 cells, Rep 2",,,
STAT3,DHCR24,uterus,STAT3 IP - HeLa cells,,,
FOS,DHCR24,mammarygland,"FOS IP | 4HT - MCF10A cells, 4 h, FOS IP | 4HT - MCF10A cells, 36 h, FOS IP - MCF10A cells, FOS IP | 4HT - MCF10A cells, 12 h",,,
4HT,DHCR24,mammarygland,"FOS IP | 4HT - MCF10A cells, 4 h, FOS IP | 4HT - MCF10A cells, 36 h, STAT3 IP | 4HT - MCF10 cells, 36 h, FOS IP | 4HT - MCF10A cells, 12 h, E2F4 IP | 4HT - MCF10 cells, STAT3 IP | 4HT - MCF10 cells, 12 h",,,
NFYA,DHCR24,colon,NFYA IP ,,,
SPI1,DHCR24,leukocytes,"SPI1 IP - HL cells, ROSI | SPI1 ChIP-Seq, SPI1 IP, SPI1 IP, SPI1 IP - GM12891 cells, SPI1 IP, SPI1 IP - K562 cells, SPI1 IP, SPI1 IP, SPI1 IP - GM12878 cells, SPI1 IP",,,
FOS,DHCR24,uterus,FOS IP - HeLa cells,,,
SP1,DHCR24,leukocytes,"SP1 IP - K562 cells, SP1 IP - GM12878 cells",,,
MYBL2,DHCR24,liver,MYBL2 IP - HepG2 cells,,,
CEBPA,DHCR24,adiposetissue,CEBPA ChIP-Seq,,,
TCF12,DHCR24,liver,TCF12 IP - HepG2 cells,,,
USF1,DHCR24,liver,USF1 IP - HepG2 cells,,,
MAFK,DHCR24,liver,"MAFK IP - HepG2 cells, Rep 1, MAFK IP - HepG2 cells, Rep 2",,,
MAZ,DHCR24,lung,MAZ IP - IMR cells,,,
IRF1,DHCR24,leukocytes,"IRF1 IP | IFNG - K562 cells, 30 min, IRF1 IP | IFNG - K562 cells, 6 h, IRF1 IP | IFNA1-13 - K562 cells, 6 h",,,
JUND,DHCR24,liver,"JUND IP - HepG2 cells, JUND IP - HepG2 cells",,,
CEBPB,DHCR24,bone,"CEBPB IP, CEBPB IP",,,
ZKSCAN1,DHCR24,uterus,ZKSCAN1 IP - HeLa cells,,,
CEBPB,DHCR24,stemcells,"CEBPB IP, CEBPB IP, CEBPB IP, CEBPB IP, CEBPB IP, CEBPB IP, CEBPB IP, CEBPB IP",,,
EGR1,DHCR24,liver,EGR1 IP - MCF7 cells,,,
FOXA1,DHCR24,lung,"FOXA1 IP | DEX - A549 cells, FOXA1 IP - A549 cells",,,
DEX,DHCR24,lung,"FOXA1 IP | DEX - A549 cells, CREB1 IP | DEX - A549 cells",,,
E2F6,DHCR24,uterus,E2F6 IP - HeLa cells,,,
TCF12,DHCR24,lung,TCF12 IP - A549 cells,,,
MAX,DHCR24,liver,"MAX IP - HepG2 cells, MAX IP - MCF7 cells",,,
E2F6,DHCR24,leukocytes,"E2F6 IP - K562 cells, E2F6 IP - K562 cells",,,
E2F1,DHCR24,mammarygland,"E2F1 IP, E2F1 IP - MCF7 cells",,,
FOS,DHCR24,vasculature,FOS IP - HUVEC cells,,,
ZNF263,DHCR24,kidney,ZNF263 IP - HEK293 cells,,,
TP53,DHCR24,skin,"TP53 IP, TP53 IP | NUTL3",,,
ARID3A,DHCR24,liver,ARID3A IP - HepG2 cells,,,
E2F6,DHCR24,stemcells,E2F6 IP - H1 cells,,,
EGR1,DHCR24,leukocytes,EGR1 IP - K562 cells,,,
GTF2B,DHCR24,uterus,"GTF2B IP - Rep 2, GTF2B IP - Rep 3",,,
FOXA2,DHCR24,lung,FOXA2 IP - A549 cells,,,
MAX,DHCR24,uterus,"MAX IP - ECC1 cells, MAX IP - HeLa cells, Rep 1",,,
LYL1,DHCR24,leukocytes,LYL1 IP - HL-60,,,
RUNX1T1,DHCR24,leukocytes,RUNX1T1 IP,,,
CEBPA,DHCR24,leukocytes,"CEBPA IP - U-937 cells, Rep 2 , CEBPA IP",,,
E2F4,DHCR24,uterus,E2F4 IP - HeLa cells,,,
GATA1,DHCR24,leukocytes,GATA1 ChIP-Seq - K562,,,
TCF7L2,DHCR24,mammarygland,TCF7L2 ChIP-Seq,,,
MXI1,DHCR24,liver,MXI1 IP - HepG2 cells,,,
CREB1,DHCR24,leukocytes,"CREB1 IP - K562 cells, CREB1 IP - GM12878 cells",,,
JUND,DHCR24,leukocytes,JUND IP - K562 cells,,,
PIAS1,DHCR24,prostate,"PIAS1 + R1881 | FOXA1 ChIP-Seq - Rep 2, PIAS1 + R1881 | FOXA1 ChIP-Seq - Rep 1",,,
YY1,DHCR24,stemcells,YY1 IP - H1 cells,,,
ELF1,DHCR24,mammarygland,ELF1 IP - MCF7 cells,,,
SREBF2,DHCR24,leukocytes,SREBF2 IP - GM12878 cells,,,
FOXA1,DHCR24,pancreas,"FOXA1 IP | KLF5 KO, FOXA1 IP",,,
KLF5,DHCR24,pancreas,"FOXA1 IP | KLF5 KO, ELF3 IP | KLF5 KO",,,
ROSI,DHCR24,leukocytes,ROSI | SPI1 ChIP-Seq,,,
HOXA4,DHCR24,colon,HOXA4 IP ,,,
MAX,DHCR24,leukocytes,"MAX IP - NB4 cells, MAX IP - K562 cells, Rep 2, MAX IP - K562 cells",,,
ELF1,DHCR24,leukocytes,"ELF1 IP - SK-N-SH cells, ELF1 IP - SK-N-SH cells",,,
17BE2; TNF,DHCR24,mammarygland,"17BE2 + TNF | FOXA1 ChIP-Seq - Rep 1, 17BE2 + TNF | FOXA1 ChIP-Seq - Rep 2",,,
CREB1,DHCR24,stemcells,CREB1 IP - H1 cells,,,
UBTF,DHCR24,leukocytes,"UBTF IP - K562 cells, UBTF IP - K562 cells",,,
JUND,DHCR24,vasculature,JUND IP,,,
ZBTB7A,DHCR24,liver,ZBTB7A IP - HepG2 cells,,,
CREB1,DHCR24,prostate,"FOXA1 siRNA | CREB1 ChIP-Seq - Rep 1, CREB1 ChIP-Seq - LNCaP, CREB1 ChIP-Seq - LNCaP-abl, CREB1 siRNA | FOXA1 ChIP-Seq - Rep 2, CREB1 ChIP-Seq - Rep 2, FOXA1 siRNA | CREB1 ChIP-Seq - Rep 2, CREB1 siRNA | FOXA1 ChIP-Seq - Rep 1",,,
FORSK,DHCR24,liver,CEBPB IP | FORSK - HepG2 cells,,,
ZBTB7A,DHCR24,uterus,ZBTB7A IP - ECC1 cells,,,
STAT3,DHCR24,mammarygland,"STAT3 IP - MCF10A cells, Rep 1, STAT3 IP - MCF10A cells, Rep 2, STAT3 IP | 4HT - MCF10 cells, 36 h, STAT3 IP | 4HT - MCF10 cells, 12 h",,,
FOXA2,DHCR24,liver,"FOXA2 ChIP-Seq - Biol Rep 3, Tech Rep 1, FOXA2 IP - HepG2 cells","19822575,",,
MXI1,DHCR24,lung,MXI1 IP - IMR cells,,,
GABPA,DHCR24,stemcells,GABPA IP - H1 cells,,,
NFYA,DHCR24,leukocytes,NFYA IP - K562 cells,,,
GATA6,DHCR24,stomach,GATA6 IP - YCC3,,,
JUND,DHCR24,colon,JUND IP - HCT116 cells,,,
MYC,DHCR24,mammarygland,DHT | MYC ChIP-Seq,,,
DHT,DHCR24,mammarygland,"DHT | MYC ChIP-Seq, DHT | FOXA1 ChIP-Seq",,,
TEAD4,DHCR24,liver,TEAD4 IP - HepG2 cells,,,
EGR1,DHCR24,uterus,EGR1 IP - ECC1 cells,,,
GATA3,DHCR24,lung,GATA3 IP - A549 cells,,,
YY1,DHCR24,liver,YY1 IP - HepG2 cells,,,
FOS,DHCR24,leukocytes,"FOS IP - K562 cells, FOS IP - GM12878 cells",,,
GATA4,DHCR24,stomach,GATA4 IP - AGS,,,
FOSL2,DHCR24,mammarygland,FOSL2 IP - MCF7 cells,,,
FOXA1,DHCR24,stemcells,"FOXA1 IP - ES D7, FOXA1 IP - Rep 5 , FOXA1 IP - ES D10, FOXA1 IP - ES D5",,,
MAZ,DHCR24,leukocytes,"MAZ IP - GM12878 cells, MAZ IP - K562 cells",,,
MAX,DHCR24,lung,MAX IP - A549 cells,,,
YY1,DHCR24,leukocytes,YY1 IP - GM12878 cells,,,
FOXA1,DHCR24,liver,"FOXA1 IP - HepG2 cells, Rep 2, FOXA1 IP - HepG2 cells, Rep 1",,,
SP1,DHCR24,stemcells,SP1 IP - H1 cells,,,
MAFF,DHCR24,liver,MAFF IP - HepG2 cells,,,
CREB1,DHCR24,liver,"CREB1 IP, CREB1 IP - HepG2 cells, CREB1 IP",,,
KLF11,DHCR24,adiposetissue,"KLF11 ChIP-Seq, Rep 2, KLF11 ChIP-Seq, Rep 1, ROSI (BrAT) | KLF11 ChIP-Seq, Rep 1, ROSI (BrAT) | KLF11 ChIP-Seq, Rep 2",,,
TP53,DHCR24,lung,"TP53 IP - propapoptic, Rep 1",,,
ZBTB7A,DHCR24,leukocytes,ZBTB7A IP - SK-N-SH cells,,,
MAX,DHCR24,cns,MAX IP - SK-N-SH cells,,,
FOXP1,DHCR24,prostate,"DHT | FOXP1 ChIP-Seq, FOXP1 ChIP-Seq, DHT | FOXP1 ChIP-Seq",,,
TAL1,DHCR24,colon,TAL1 IP ,,,
FOSL2,DHCR24,lung,FOSL2 IP - A549 cells,,,
EGR1,DHCR24,stemcells,EGR1 IP - H1 cells,,,
GATA1,DHCR24,hspcs,"GATA1 IP - PBDE cells, Rep 1",,,
TCF21,DHCR24,vasculature,"TCF21 IP, TCF21 IP, TCF21 IP",,,
SP1,DHCR24,colon,SP1 IP - HCT116 cells,,,
IRF1,DHCR24,colon,IRF1 IP ,,,
TBP,DHCR24,stemcells,TBP IP - H1 cells,,,
IFNA1,DHCR24,leukocytes,"IRF1 IP | IFNA1-13 - K562 cells, 6 h",,,
FOSL2,DHCR24,liver,FOSL2 IP - HepG2 cells,,,
E2F4,DHCR24,leukocytes,E2F4 IP - K562 cells,,,
YY1,DHCR24,uterus,YY1 IP - ECC1 cells,,,
TNF,DHCR24,mammarygland,"TNF | FOXA1 ChIP-Seq - Rep 1, TNF | FOXA1 ChIP-Seq - Rep 2",,,
CTCF,DHCR24,liver,CTCF IP - HepG2 cells ,,,
CEBPB,DHCR24,mammarygland,CEBPB IP - MCF7 cells,,,
GATA2,DHCR24,vasculature,GATA2 IP - HUVEC cells,"21666600,",,
GATA3,DHCR24,mammarygland,"GATA3 IP - T47D cells, GATA3 IP - MCF7 cells, GATA3 IP - MCF-7 cells",,,
PDX1,DHCR24,pancreas,PDX1 IP,,,
STAT1,DHCR24,leukocytes,"STAT1 IP - Rep 5, STAT1 IP - Rep 1, STAT1 IP - Rep 4, STAT1 IP - Rep 3",,,
GATA2,DHCR24,leukocytes,"GATA2 IP - K562 cells, GATA2 IP - K562 cells",,,
CREB1,DHCR24,lung,CREB1 IP | DEX - A549 cells,,,
GABPA,DHCR24,liver,GABPA IP - HepG2 cells,,,
BATF,DHCR24,leukocytes,BATF IP - GM12878 cells,,,
TBP,DHCR24,liver,TBP IP - HepG2 cells,,,
POU2F1,DHCR24,prostate,POU2F1 KD + DHT | FOXA1 ChIP-Seq,,,
GATA2,DHCR24,hspcs,GATA2 IP,,,
TCF3,DHCR24,leukocytes,TCF3 IP - GM12878 cells,,,
TEAD4,DHCR24,stemcells,TEAD4 IP - H1 cells,,,
E2F6,DHCR24,lung,E2F6 IP - A549 cells,,,
SRF,DHCR24,uterus,SRF IP - ECC1 cells,,,
MYC,DHCR24,colon,MYC IP - DTT,,,
GLI2,DHCR24,colon,GLI2 IP ,,,
USF1,DHCR24,lung,"USF1 IP - A549 cells, Rep 1",,,
MAZ,DHCR24,liver,MAZ IP - HepG2 cells,,,
FOSL1,DHCR24,colon,FOSL1 IP - HCT116 cells,,,
ATF2,DHCR24,stemcells,ATF2 IP - H1 cells,,,
SP1,DHCR24,liver,SP1 IP - HepG2 cells,,",22431021",",22431021"
SP2,DHCR24,leukocytes,SP2 IP - K562 cells,,,
JUND,DHCR24,stemcells,JUND IP - H1 cells,,,
MXI1,DHCR24,cns,MXI1 IP - SK-N-SH cells ,,,
ELF1,DHCR24,liver,ELF1 IP - HepG2 cells,,,
ZEB1,DHCR24,liver,ZEB1 IP - HepG2 cells,,,
JUN,DHCR24,colon,JUN IP ,,,
HEY1,DHCR24,liver,HEY1 IP - HepG2 cells,,,
JUN,DHCR24,liver,JUN IP - HepG2 cells,,,
ZEB1,DHCR24,leukocytes,ZEB1 IP - GM12878 cells,,,
REST,DHCR24,stemcells,"REST IP - H1 cells, Rep 1",,,
PDX1,DHCR24,stemcells,PDX1 IP,,,
GABPA,DHCR24,leukocytes,GABPA IP - K562 cells,,,
GATA2,DHCR24,cns,GATA2 ChIP-Seq SH-SY5Y,,,
REST,DHCR24,cns,"REST IP - U87 cells, REST IP - SK cells",,,
TEAD4,DHCR24,leukocytes,TEAD4 IP - K562 cells,,,
JUND,DHCR24,lung,JUND IP - A549 cells,,,
HEY1,DHCR24,leukocytes,HEY1 IP - K562 cells,,,
HOXA6,DHCR24,colon,HOXA6 IP ,,,
ATF3,DHCR24,lung,ATF3 IP - A549 cells,,,
MAX,DHCR24,colon,MAX IP - HCT116 cells,,,
ROSI,DHCR24,adiposetissue,"ROSI (BrAT) | KLF11 ChIP-Seq, Rep 1, ROSI (BrAT) | KLF11 ChIP-Seq, Rep 2",,,
REST,DHCR24,lung,REST IP - A549 cells,,,
JUN,DHCR24,vasculature,JUN IP,,,
ELF1,DHCR24,colon,ELF1 IP - HCT116 cells,,,
E2F3,DHCR24,colon,E2F3 IP ,,,
CEBPB,DHCR24,uterus,CEBPB ChIP-Seq - HeLaS3,,,
PBX3,DHCR24,lung,PBX3 IP - A549 cells,,,
FOXA2,DHCR24,embryonictissue,FOXA2 IP - Rep 2,,,
STAT3,DHCR24,leukocytes,STAT3 IP - SU-DHL-6,,,
REST,DHCR24,pancreas,"REST IP - Panc1 cells, Rep 3",,,
SREBF1,DHCR24,liver,SREBF1 IP | INS + 22RHC - HepG2 cells,,,
22RHC; INS,DHCR24,liver,SREBF1 IP | INS + 22RHC - HepG2 cells,,,
MXI1,DHCR24,leukocytes,MXI1 IP - GM12878 cells,,,
NFYA,DHCR24,uterus,NFYA IP - HeLa cells,,,
E2F4,DHCR24,mammarygland,E2F4 IP | 4HT - MCF10 cells,,,
BHLHE40,DHCR24,liver,BHLHE40 IP - HepG2 cells,,,
MTA3,DHCR24,leukocytes,MTA3 IP - GM12878 cells,,,
EGR1,DHCR24,colon,EGR1 IP - HCT116 cells,,,
FOXA1,DHCR7,mammarygland,"FOXA1 IP | 17BE2 - MCF-7, DEX | FOXA1 ChIP-Seq - Rep 1, DEX | FOXA1 ChIP-Seq - Rep 2, 17BE2 | FOXA1 ChIP-Seq - Rep 2, FOXA1 ChIP-Seq - Rep 2, 17BE2 | FOXA1 ChIP-Seq - Rep 2, FOXA1 ChIP-Seq - Rep 2, FOXA1 ChIP-Seq - Rep 2, DHT | FOXA1 ChIP-Seq, 17BE2 | FOXA1 ChIP-Seq - Rep 1, FOXA1 IP - T47D cells, 17BE2 | FOXA1 ChIP-Seq - Rep 1, DEX | FOXA1 ChIP-Seq - Rep 2, FOXA1 ChIP-Seq - Rep 2, 17BE2 | FOXA1 ChIP-Seq - Rep 2, 17BE2 | FOXA1 ChIP-Seq - Rep 2, DEX | FOXA1 ChIP-Seq - Rep 2, FOXA1 IP - T47D, 17BE2 | FOXA1 ChIP-Seq, FOXA1 ChIP-Seq - Rep 1, DEX | FOXA1 ChIP-Seq - Rep 1, FOXA1 ChIP-Seq - Rep 1, 17BE2 | FOXA1 ChIP-Seq - Rep 1",,,
17BE2,DHCR7,mammarygland,"FOXA1 IP | 17BE2 - MCF-7, 17BE2 | FOXA1 ChIP-Seq - Rep 2, 17BE2 | FOXA1 ChIP-Seq - Rep 2, 17BE2 | FOXA1 ChIP-Seq - Rep 1, 17BE2 | FOXA1 ChIP-Seq - Rep 1, 17BE2 | FOXA1 ChIP-Seq - Rep 2, 17BE2 | FOXA1 ChIP-Seq - Rep 2, 17BE2 | FOXA1 ChIP-Seq, 17BE2 | FOXA1 ChIP-Seq - Rep 1",,,
ERG,DHCR7,leukocytes,ERG IP - Rep 1,,,
DEX,DHCR7,mammarygland,"DEX | FOXA1 ChIP-Seq - Rep 1, DEX | FOXA1 ChIP-Seq - Rep 2, DEX | FOXA1 ChIP-Seq - Rep 2, DEX | FOXA1 ChIP-Seq - Rep 2, DEX | FOXA1 ChIP-Seq - Rep 1",,,
CREB1,DHCR7,liver,"CREB1 IP, CREB1 IP, CREB1 IP, CREB1 IP - HepG2 cells",,,
E2F6,DHCR7,leukocytes,"E2F6 IP - K562 cells, E2F6 IP - K562 cells",,,
FOXA1,DHCR7,prostate,"CON KD  | FOXA1 ChIP-Seq, FOXA1 siRNA | CREB1 ChIP-Seq - Rep 1, FOXA1 ChIP-Seq, FOXA1 KD + DHT | POU2F1 ChIP-Seq, R1881 | FOXA1 ChIP-Seq - Rep 1, FOXA1 ChIP-Seq - Rep 1, CON KD | FOXA1 ChIP-Seq, CON KD + R1881 | FOXA1 ChIP-Seq - Rep 1, GATA2 KD  | FOXA1 ChIP-Seq, EtOH | FOXA1 ChIP-Seq - , FOXA1 KD + DHT | POU2F1 ChIP-Seq, FOXA1 ChIP-Seq, FOXA1 siRNA | CREB1 ChIP-Seq - Rep 2, FOXA1 ChIP-Seq - Rep 2, CREB1 siRNA | FOXA1 ChIP-Seq - Rep 1, DHT | FOXA1 ChIP-Seq, R1881 | FOXA1 ChIP-Seq - Rep 2, CON KD + R1881 | FOXA1 ChIP-Seq - Rep 2, FOXA1 ChIP-Seq - LNCaP-abl, GATA2 KD + R1881 | FOXA1 ChIP-Seq, PIAS1 + R1881 | FOXA1 ChIP-Seq - Rep 2, CON KD + R1881 | FOXA1 ChIP-Seq, PIAS1 + R1881 | FOXA1 ChIP-Seq - Rep 1, CREB1 siRNA | FOXA1 ChIP-Seq - Rep 2, WT AR OE + FOXA1 OE | FOXA1 ChIP-Seq - high FOXA1, FOXA1 ChIP-Seq, EtOH | FOXA1 ChIP-Seq - Rep 2",,,
CEBPB,DHCR7,leukocytes,"CEBPB IP, CEBPB IP - K562 cells, CEBPB IP - HL-60 cells, Rep 1 , CEBPB IP, CEBPB IP| oxLDL  - Rep 207, CEBPB IP | oxLDL  - Rep 206, CEBPB IP, CEBPB IP - Rep 204, CEBPB ChIP-Seq - K562, CEBPB IP - Rep 202, CEBPB IP | oxLDL  - Rep 208, CEBPB IP - Rep 203, CEBPB IP - HL-60 cells, Rep 2 , CEBPB IP - Rep 201, CEBPB IP | oxLDL  - Rep 205",,,
FOS,DHCR7,mammarygland,"FOS IP | 4HT - MCF10A cells, 36 h, FOS IP | 4HT - MCF10A cells, 4 h, FOS IP | 4HT - MCF10A cells, 12 h",,,
4HT,DHCR7,mammarygland,"FOS IP | 4HT - MCF10A cells, 36 h, FOS IP | 4HT - MCF10A cells, 4 h, MYC IP | 4HT - MCF10A cells, STAT3 IP | 4HT - MCF10 cells, 12 h, FOS IP | 4HT - MCF10A cells, 12 h, STAT3 IP | 4HT - MCF10 cells, 36 h, E2F4 IP | 4HT - MCF10 cells",,,
CTCF,DHCR7,skin,"CTCF IP - NHEK cells, Rep 2 , CTCF IP - NHEK cells , CTCF IP - GM12878 cells, Rep 2 ",,,
CTCF,DHCR7,leukocytes,"CTCF IP - GM12878 cells, Rep 2 , CTCF IP - GM2610 cells, Rep 2 , CTCF IP - GM19238 cells, Rep 1 , CTCF ChIP-Seq - GM12878, CTCF IP - GM19240 cells, Rep 2 , CTCF IP - GM2255 cells, Rep 3 , CTCF IP, CTCF IP - GM19238 cells, Rep 2 , CTCF IP - GM19193 cells, Rep 1 , CTCF IP - GM11994 cells, Rep 2, CTCF IP - MS1 cells, Rep 2 , CTCF IP - GM2630 cells, Rep 3 , CTCF IP - GM12890 cells, Rep 3 , CTCF IP - GM12873 cells, Rep 3 , CTCF IP - GM18505 cells, Rep 1 , CTCF IP - GM12864 cells, Rep 1 , CTCF IP - GM2610 cells, Rep 3 , CTCF IP - GM19239 cells, Rep 2 , CTCF IP - GM12891 cells, Rep 2 , CTCF IP - GM12875 cells, Rep 1 , CTCF IP - GM2630 cells, Rep 1 , CTCF IP - GM19240 cells, Rep 1 , CTCF IP - GM10847 cells, Rep 2 , CTCF IP - GM19099 cells, Rep 1 , CTCF IP - GM12890 cells, Rep 2 , CTCF IP - GM12878 cells, Rep 1 , CTCF IP - GM11994 cells, Rep 1, CTCF IP - GM19239 cells, Rep 1 , CTCF IP - MS1 cells, Rep 4 , CTCF IP - GM18486 cells, Rep 1 , CTCF IP - GM2588 cells, Rep 2 , CTCF IP - GM12891 cells, Rep 1 , CTCF IP - GM2588 cells, Rep 3 , CTCF IP - GM18505 cells, Rep 2 , CTCF IP - GM18526 cells, Rep 2 , CTCF IP - MS1 cells, Rep 1 , CTCF IP - GM12892 cells, Rep 1 , CTCF IP - GM2610 cells, Rep 1 , CTCF IP - GM12814 cells, Rep 1, CTCF IP - GM12878 cells , CTCF IP -  CD20+ cells , CTCF IP - GM06986 cells, CTCF IP - GM12892 cells, Rep 2 , CTCF IP - GM12868 cells , CTCF IP - GM12890 cells, Rep 1 , CTCF IP - GM12873 cells, Rep 1 , CTCF IP - GM18486 cells, Rep 3 , CTCF IP - GM2255 cells, Rep 2 , CTCF IP - MS1 cells, Rep 3 , CTCF IP - GM2630 cells, Rep 2 ",,,
MYC,DHCR7,bone,"MYC IP, MYC IP, MYC IP, MYC IP",,,
ZBTB7A,DHCR7,leukocytes,ZBTB7A IP - SK-N-SH cells,,,
MAX,DHCR7,leukocytes,"MAX IP - GM12878 cells, MAX IP - NB4 cells, MAX IP - K562 cells, MAX IP - K562 cells, Rep 2, MAX IP - K562 cells, Rep 1",,,
CEBPB,DHCR7,liver,"CEBPB ChIP-Seq - HepG2, CEBPB IP - HepG2 cells, CEBPB IP | FORSK - HepG2 cells",,,
GABPA,DHCR7,prostate,"GABPA IP - Rep 1, GABPA IP | R1881, GABPA IP - Rep 2",,,
ELF3,DHCR7,pancreas,"ELF3 IP, ELF3 IP | KLF5 KO, ELF3 IP",,,
CREB1,DHCR7,prostate,"FOXA1 siRNA | CREB1 ChIP-Seq - Rep 1, CREB1 ChIP-Seq - LNCaP, CREB1 ChIP-Seq - LNCaP-abl, CREB1 ChIP-Seq - Rep 2, FOXA1 siRNA | CREB1 ChIP-Seq - Rep 2, CREB1 siRNA | FOXA1 ChIP-Seq - Rep 1, CREB1 ChIP-Seq - Rep 1, CREB1 siRNA | FOXA1 ChIP-Seq - Rep 2",,,
FOS,DHCR7,uterus,FOS IP - HeLa cells,,,
ATF2,DHCR7,leukocytes,ATF2 IP - GM12878 cells,,,
JUN,DHCR7,mammarygland,JUN IP - Rep 1,,,
CTCF,DHCR7,mammarygland,"CTCF IP - MCF7 cells, CTCF IP - HMEC cells , CTCF IP - HMEC cells, Rep 2 , CTCF IP - HMEC cells, Rep 1 , CTCF IP - T47D cells, CTCF IP - MCF-7 cells Rep 2 , CTCF IP - MCF-7 cells, Rep 1 ",,,
MYC,DHCR7,leukocytes,"MYC IP - K562 cells, Rep 1, MYC IP - NB4 cells, MYC IP | IFNA1 - K562 cells, 30 min, MYC IP | IFNA1 - K562 cells, 6 h, MYC IP | IFNG - K562 cells, 30 min, MYC IP | IFNG - K562 cells, 6 h, MYC IP - K562 cells, Rep 2",,,
SPI1,DHCR7,leukocytes,"SPI1 IP, SPI1 IP, SPI1 IP - GM12878 cells, Rep 3 , SPI1 IP, SPI1 IP | RUNX1 KD, SPI1 IP - GM12878 cells, Rep 4 , SPI1 IP, SPI1 IP - HL cells, SPI1 IP, SPI1 IP - GM12891 cells, SPI1 IP, SPI1 IP, SPI1 IP - GM12878 cells",,,
E2F6,DHCR7,stemcells,E2F6 IP - H1 cells,,,
GABPA,DHCR7,lung,GABPA IP - A549 cells,,,
CTCF,DHCR7,liver,"CTCF IP - SK-N-SH cells, CTCF IP - HepG2 cells , CTCF IP, CTCF IP - HepG2 cells, Rep 1 ",,,
USF1,DHCR7,lung,"USF1 IP - A549 cells, Rep 2, USF1 IP - A549 cells, Rep 1, USF1 IP | DEX - A549 cells",,,
SP2,DHCR7,stemcells,SP2 IP - H1 cells,,,
STAT1,DHCR7,leukocytes,"STAT1 IP - Rep 1, STAT1 IP - Rep 5, STAT1 IP - Rep 2, STAT1 IP - Rep 4, STAT1 IP - Rep 3",,,
IFNG,DHCR7,leukocytes,"STAT1 IP - Rep 1, STAT1 IP - Rep 5, STAT1 IP - Rep 2, STAT1 IP - Rep 4, IRF1 IP | IFNG - K562 cells, 6 h, STAT1 IP - Rep 3, MYC IP | IFNG - K562 cells, 30 min, MYC IP | IFNG - K562 cells, 6 h",,,
ETS1,DHCR7,leukocytes,"ETS1 IP - K562 cells, ETS1 IP",,,
MYB,DHCR7,leukocytes,"MYB IP - Jurkat, Rep 3, MYB IP - MOLT3, MYB IP - Jurkat, Rep 5, MYB IP - Jurkat, Rep 4, MYB IP - Jurkat, Rep 1, MYB IP - Jurkat, Rep 2",,,
USF1,DHCR7,cns,"USF1 IP - SK-N-SH cells, USF1 IP | ATRA - SK-N-SH cells",,,
POU2F1,DHCR7,prostate,"FOXA1 KD + DHT | POU2F1 ChIP-Seq, FOXA1 KD + DHT | POU2F1 ChIP-Seq, DHT | POU2F1 ChIP-Seq",,,
DHT,DHCR7,prostate,"FOXA1 KD + DHT | POU2F1 ChIP-Seq, FOXA1 KD + DHT | POU2F1 ChIP-Seq, DHT | FOXA1 ChIP-Seq, DHT | FOXP1 ChIP-Seq, DHT | ERG ChIP-Seq - 18 h, DHT | ERG ChIP-Seq - 2 h, DHT | POU2F1 ChIP-Seq",,,
E2F3,DHCR7,colon,E2F3 IP ,,,
POU2F1,DHCR7,uterus,POU2F1 IP,,,
JUND,DHCR7,stemcells,JUND IP - H1 cells,,,
CTCF,DHCR7,lung,"CTCF IP - A549 cells, Rep 2 , CTCF IP | DEX - A549 cells , CTCF IP - SAEC cells, Rep 2 , CTCF IP - A549 cells , CTCF IP - SAEC cells, Rep 1 ",,,
E2F1,DHCR7,uterus,"E2F1 IP - HeLa cells, Rep 1, E2F1 IP - HeLa cells, Rep 2",,,
FOS,DHCR7,leukocytes,"FOS IP - K562 cells, FOS IP - GM12878 cells",,,
R1881,DHCR7,prostate,"R1881 | FOXA1 ChIP-Seq - Rep 1, ERG IP | R1881, CON KD + R1881 | FOXA1 ChIP-Seq - Rep 1, GABPA IP | R1881, R1881 | FOXA1 ChIP-Seq - Rep 2, CON KD + R1881 | FOXA1 ChIP-Seq - Rep 2, GATA2 KD + R1881 | FOXA1 ChIP-Seq, PIAS1 + R1881 | FOXA1 ChIP-Seq - Rep 2, CON KD + R1881 | FOXA1 ChIP-Seq, PIAS1 + R1881 | FOXA1 ChIP-Seq - Rep 1",,,
IFNA1,DHCR7,leukocytes,"MYC IP | IFNA1 - K562 cells, 30 min, JUN IP | IFNA1-13 - 30 min , MYC IP | IFNA1 - K562 cells, 6 h",,,
JUND,DHCR7,colon,JUND IP - HCT116 cells,,,
CTCF,DHCR7,esophagus,"CTCF IP - HEEpiC cells, Rep 1 , CTCF IP - HEEpiC cells, Rep 2 ",,,
E2F1,DHCR7,prostate,"HES6 OE | E2F1 ChIP-Seq - Rep 3, E2F1 ChIP-Seq - Rep 3, HES6 OE | E2F1 ChIP-Seq - Rep 1, HES6 OE + BICALU | E2F1 ChIP-Seq - Rep 1, E2F1 ChIP-Seq - Rep 4, BICALU + HES6 OE | E2F1 ChIP-Seq - Rep 2, E2F1 ChIP-Seq - Rep 1, HES6 OE + BICALU | E2F1 ChIP-Seq - Rep 3, HES6 OE | E2F1 ChIP-Seq - Rep 4, BICALU | E2F1 ChIP-Seq - Rep 1, BICALU | E2F1 ChIP-Seq - Rep 3",,,
HES6,DHCR7,prostate,"HES6 OE | E2F1 ChIP-Seq - Rep 3, HES6 OE | E2F1 ChIP-Seq - Rep 1, HES6 OE + BICALU | E2F1 ChIP-Seq - Rep 1, BICALU + HES6 OE | E2F1 ChIP-Seq - Rep 2, HES6 OE + BICALU | E2F1 ChIP-Seq - Rep 3, HES6 OE | E2F1 ChIP-Seq - Rep 4",,,
ERG,DHCR7,prostate,"ERG IP | R1881, ERG ChIP-Seq, DMSO | ERG ChIP-Seq - Rep 2, DHT | ERG ChIP-Seq - 18 h, ERG ChIP-Seq, DHT | ERG ChIP-Seq - 2 h",,,
SP1,DHCR7,leukocytes,"SP1 IP - K562 cells, SP1 IP - GM12878 cells",,,
CTCF,DHCR7,pancreas,CTCF IP,,,
SMAD3,DHCR7,stemcells,SMAD3 ChIP-Seq - ESCs,,,
TP63,DHCR7,skin,"TP63 IP, TP63 IP, TP63 IP | BANF1 KD",,,
JUND,DHCR7,vasculature,JUND IP,,,
UBTF,DHCR7,leukocytes,"UBTF IP - K562 cells, UBTF IP - K562 cells",,,
USF2,DHCR7,uterus,USF2 IP - HeLa cells,,,
LYL1,DHCR7,leukocytes,LYL1 IP - Kasumi-1,,,
SP1,DHCR7,lung,SP1 IP - A549 cells,,,
PBX3,DHCR7,cns,PBX3 IP - SK-N-SH cells,,,
USF2,DHCR7,liver,USF2 IP - HepG2 cells,,,
MYC,DHCR7,mammarygland,"DHT | MYC ChIP-Seq, MYC IP | 4HT - MCF10A cells, MYC IP - MCF-10A cells, MYC IP",,,
DHT,DHCR7,mammarygland,"DHT | MYC ChIP-Seq, DHT | FOXA1 ChIP-Seq",,,
REST,DHCR7,liver,"REST IP - HepG2 cells, Rep 2",,,
EGR1,DHCR7,colon,EGR1 IP - HCT116 cells,,,
JUND,DHCR7,leukocytes,"JUND IP - GM12878 cells, Rep 1 , JUND IP - K562 cells",,,
BACH1,DHCR7,stemcells,BACH1 IP - H1 cells,,,
POU2F2,DHCR7,leukocytes,"POU2F2 IP | POU2F2 WT OE, POU2F2 IP | POU2F2 Mut OE, POU2F2 IP - Rep 2, POU2F2 IP - GM12878 cells",,,
CEBPB,DHCR7,stemcells,"CEBPB IP, CEBPB IP, CEBPB IP, CEBPB IP, CEBPB IP, CEBPB IP, CEBPB IP",,,
NFYA,DHCR7,colon,NFYA IP ,,,
MAX,DHCR7,cns,MAX IP - SK-N-SH cells,,,
TP53,DHCR7,skin,"TP53 IP, TP53 IP | NUTL3, TP53 IP",,,
HOXA6,DHCR7,colon,HOXA6 IP ,,,
CREB1,DHCR7,stemcells,CREB1 IP - H1 cells,,,
KLF5,DHCR7,stomach,KLF5 IP - KATOIII,,,
TBP,DHCR7,leukocytes,TBP IP - K562 cells,,,
CTCF,DHCR7,colon,"CTCF IP - HCT116 cells, Rep 1 , CTCF IP - HCT116 cells, CTCF IP - Caco-2 cells, Rep 1 ",,,
MAZ,DHCR7,leukocytes,"MAZ IP - K562 cells, MAZ IP - GM12878 cells",,,
USF1,DHCR7,uterus,USF1 IP - ECC1 cells,,,
USF2,DHCR7,leukocytes,USF2 IP - GM12878 cells,,,
GATA3,DHCR7,mammarygland,"GATA3 IP - T47D cells, GATA3 IP - MCF7 cells",,,
FOXA2,DHCR7,embryonictissue,"FOXA2 IP - Rep 2, FOXA2 IP - Rep 1",,,
PBX3,DHCR7,lung,PBX3 IP - A549 cells,,,
HEY1,DHCR7,leukocytes,HEY1 IP - K562 cells,,,
MAZ,DHCR7,lung,MAZ IP - IMR cells,,,
BHLHE40,DHCR7,leukocytes,"BHLHE40 IP - K562 cells, BHLHE40 IP - GM12878 cells",,,
IRF1,DHCR7,leukocytes,"IRF1 IP | IFNG - K562 cells, 6 h",,,
YY1,DHCR7,leukocytes,"YY1 IP - K562 cells, Rep 1, YY1 IP - K562 cells, Rep 2",,,
USF1,DHCR7,colon,USF1 IP - HCT116 cells,,,
MXI1,DHCR7,liver,MXI1 IP - HepG2 cells,,,
SP1,DHCR7,stemcells,"SP1 IP - Rep 1 , SP1 IP - H1 cells",,,
KLF11,DHCR7,adiposetissue,"ROSI (BrAT) | KLF11 ChIP-Seq, Rep 1, KLF11 ChIP-Seq, Rep 1, ROSI (BrAT) | KLF11 ChIP-Seq, Rep 2, KLF11 ChIP-Seq, Rep 2",,,
ROSI,DHCR7,adiposetissue,"ROSI (BrAT) | KLF11 ChIP-Seq, Rep 1, ROSI (BrAT) | KLF11 ChIP-Seq, Rep 2",,,
MYC,DHCR7,colon,MYC IP - DTT,,,
CEBPB,DHCR7,bone,"CEBPB IP, CEBPB IP",,,
FOXA1,DHCR7,liver,"FOXA1 IP - HepG2 cells, Rep 1, FOXA1 IP - HepG2 cells, Rep 2",,,
KLF5,DHCR7,pancreas,"ELF3 IP | KLF5 KO, KLF5 IP",,,
CEBPB,DHCR7,colon,"CEBPB IP, CEBPB IP | 125DVD3",,,
MXI1,DHCR7,uterus,MXI1 IP - HeLa cells,,,
ATF3,DHCR7,colon,"ATF3 IP | CAMPTO, ATF3 IP - HCT116 cells, ATF3 IP",,,
STAT3,DHCR7,leukocytes,"STAT3 IP - SU-DHL-6, STAT3 IP - OCI-LY10",,,
TP53,DHCR7,mammarygland,"TP53 IP, TP53 IP | NUTL3 - MCF-7",,,
DEX,DHCR7,lung,"CTCF IP | DEX - A549 cells , CREB1 IP | DEX - A549 cells, USF1 IP | DEX - A549 cells",,,
USF2,DHCR7,stemcells,USF2 IP - H1 cells,,,
JUN,DHCR7,leukocytes,"JUN IP | IFNA1-13 - 30 min , JUN IP - K562 cells, Rep 1, JUN IP - K562 cells, Rep 2",,,
IRF3,DHCR7,uterus,IRF3 IP - HeLa cells,,,
GABPA,DHCR7,leukocytes,"GABPA IP - GM12878 cells, Rep 4 , GABPA IP - Jurkat, Rep 2, GABPA IP - GM12878 cells, GABPA IP - GM12878 cells, Rep 1 , GABPA IP - HL cells, GABPA IP - K562 cells, GABPA IP - GM12878 cells, Rep 2 , GABPA IP - Jurkat, Rep 1",,,
GATA2,DHCR7,hspcs,GATA2 IP,,,
MAFF,DHCR7,leukocytes,MAFF IP - K562 cells,,,
EGR1,DHCR7,liver,EGR1 IP - MCF7 cells,,,
SMAD1,DHCR7,hspcs,SMAD1 IP - Rep 2,,,
ETV5,DHCR7,colon,ETV5 IP ,,,
ARNT,DHCR7,kidney,ARNT IP,,,
MXI1,DHCR7,cns,MXI1 IP - SK-N-SH cells ,,,
TP53,DHCR7,bone,"TP53 IP, TP53 IP | TP53EE/RR OE, TP53 IP | NUTL3",,,
MXI1,DHCR7,leukocytes,"MXI1 IP - GM12878 cells, MXI1 IP - K562 cells",,,
CREB1,DHCR7,colon,CREB1 IP ,,,
TCF12,DHCR7,lung,TCF12 IP - A549 cells,,,
ELF1,DHCR7,liver,ELF1 IP - HepG2 cells,,,
GABPA,DHCR7,stemcells,GABPA IP - H1 cells,,,
CEBPA,DHCR7,leukocytes,"CEBPA IP - U-937 cells, Rep 1 , CEBPA IP, CEBPA IP - U-937 cells, Rep 2 ",,,
GATA3,DHCR7,cns,GATA3 IP - SK-N-SH cells,,,
E2F6,DHCR7,lung,E2F6 IP - A549 cells,,,
E2F1,DHCR7,mammarygland,"E2F1 IP, E2F1 IP - MCF7 cells",,,
BICALU,DHCR7,prostate,"HES6 OE + BICALU | E2F1 ChIP-Seq - Rep 1, BICALU + HES6 OE | E2F1 ChIP-Seq - Rep 2, HES6 OE + BICALU | E2F1 ChIP-Seq - Rep 3, BICALU | E2F1 ChIP-Seq - Rep 1, BICALU | E2F1 ChIP-Seq - Rep 3",,,
STAT3,DHCR7,mammarygland,"STAT3 IP | 4HT - MCF10 cells, 12 h, STAT3 IP | 4HT - MCF10 cells, 36 h, STAT3 IP - MCF10A cells, Rep 2",,,
MAZ,DHCR7,uterus,MAZ IP - HeLa cells,,,
EGR1,DHCR7,leukocytes,EGR1 IP - K562 cells,,,
FORSK,DHCR7,liver,CEBPB IP | FORSK - HepG2 cells,,,
GATA2,DHCR7,prostate,"GATA2 KD  | FOXA1 ChIP-Seq, GATA2 KD + R1881 | FOXA1 ChIP-Seq, GATA2 ChIP-Seq",,,
TP53,DHCR7,stemcells,TP53 IP - DNA damage,,,
EGR1,DHCR7,stemcells,EGR1 IP - H1 cells,,,
MAX,DHCR7,uterus,"MAX IP - ECC1 cells, MAX IP - HeLa cells, Rep 2, MAX IP - HeLa cells, Rep 1",,,
GABPA,DHCR7,liver,"GABPA IP, GABPA IP - MCF7 cells, GABPA IP - HepG2 cells",,,
PBX3,DHCR7,leukocytes,PBX3 IP - GM12878 cells,,,
MAX,DHCR7,liver,"MAX IP - HepG2 cells, MAX IP - MCF7 cells, MAX IP - HepG2 cells",,,
NFYB,DHCR7,leukocytes,"NFYB IP - K562 cells, NFYB IP - GM12878 cells",,,
ELF1,DHCR7,colon,ELF1 IP - HCT116 cells,,,
MYC,DHCR7,uterus,MYC IP - HeLa cells,,,
SMARCC1,DHCR7,uterus,SMARCC1 IP - HeLa cells,,,
TCF7L2,DHCR7,mammarygland,TCF7L2 ChIP-Seq,,,
ATF1,DHCR7,leukocytes,ATF1 IP - K562 cells,,,
CTCF,DHCR7,kidney,"CTCF IP - RPTEC cells, Rep 2 , CTCF IP - RPTEC cells, Rep 1 ",,,
JUND,DHCR7,liver,JUND IP - HepG2 cells,,,
NFKB1,DHCR7,leukocytes,NFKB1 IP - Rep 2,,,
TFAP4,DHCR7,leukocytes,"TFAP4 IP - Rep 1, TFAP4 IP - Rep 2",,,
MYC,DHCR7,liver,MYC IP,,,
USF1,DHCR7,leukocytes,"USF1 IP - K562 cells, USF1 IP - GM12878 cells",,,
CREB1,DHCR7,lung,"CREB1 IP | DEX - A549 cells, CREB1 IP - A549 cells, Rep 2, CREB1 IP - A549 cells, Rep 1",,,
GATA2,DHCR7,vasculature,GATA2 IP - HUVEC cells,,,
MAX,DHCR7,vasculature,MAX IP - HUVEC cells,,,
TCF3,DHCR7,leukocytes,TCF3 IP - GM12878 cells,,,
EBF1,DHCR7,leukocytes,EBF1 IP - GM12878 cells,,,
ZEB1,DHCR7,pancreas,ZEB1 IP,,,
ZEB1,DHCR7,liver,ZEB1 IP - HepG2 cells,,,
ELF1,DHCR7,cns,ELF1 IP - SK-N-SH cells,,,
JUN,DHCR7,colon,JUN IP ,,,
RUNX1,DHCR7,leukocytes,SPI1 IP | RUNX1 KD,,,
CTCF,DHCR7,cns,CTCF IP - SK-N-SH cells ,,,
GABPA,DHCR7,uterus,GABPA IP - HeLa cells,,,
SP1,DHCR7,colon,SP1 IP - HCT116 cells,,,
CEBPB,DHCR7,mammarygland,CEBPB IP - MCF7 cells,,,
TAL1,DHCR7,colon,TAL1 IP ,,,
NFYC,DHCR7,colon,NFYC IP ,,,
EGR1,DHCR7,uterus,EGR1 IP - ECC1 cells,,,
CREB1,DHCR7,uterus,CREB1 IP - ECC1 cells,,,
CTCF,DHCR7,stemcells,CTCF IP - H1 cells ,,,
NFYB,DHCR7,uterus,NFYB IP - HeLa cells,,,
ATF2,DHCR7,colon,ATF2 IP ,,,
IRF1,DHCR7,colon,IRF1 IP ,,,
ZNF384,DHCR7,leukocytes,ZNF384 IP - GM12878 cells,,,
CREB1,DHCR7,leukocytes,"CREB1 IP - GM12878 cells, CREB1 IP - K562 cells",,,
GATA2,DHCR7,cns,GATA2 ChIP-Seq SH-SY5Y,,,
SP2,DHCR7,leukocytes,SP2 IP - K562 cells,,,
ZEB1,DHCR7,leukocytes,ZEB1 IP - GM12878 cells,,,
FOXP1,DHCR7,prostate,DHT | FOXP1 ChIP-Seq,,,
HOXA4,DHCR7,colon,HOXA4 IP ,,,
YY1,DHCR7,cns,YY1 IP | ATRA - SK-N-SH cells,,,
ATRA,DHCR7,cns,"YY1 IP | ATRA - SK-N-SH cells, USF1 IP | ATRA - SK-N-SH cells",,,
MAX,DHCR7,stemcells,MAX IP - H1 cells,,,
GABPA,DHCR7,cns,GABPA IP - SK-N-SH cells,,,
ATF2,DHCR7,stemcells,ATF2 IP - H1 cells,,,
ELF1,DHCR7,lung,ELF1 IP - A549 cells,,,
ZNF143,DHCR7,leukocytes,ZNF143 IP - GM12878 cells,,,
NFYA,DHCR7,leukocytes,NFYA IP - K562 cells,,,
ZNF83,DHCR7,colon,ZNF83 IP ,,,
FOXA2,DHCR7,stemcells,FOXA2 IP - ES D7,,,
CEBPB,DHCR7,lung,"CEBPB ChIP-Seq - A549, CEBPB ChIP-Seq - IMR90",,,
MEF2B,DHCR7,kidney,MEF2B IP | MEF2B OE - Rep 2,,,
TP53,DHCR7,lung,"TP53 IP - propapoptic, Rep 1",,,
MAX,DHCR7,colon,MAX IP - HCT116 cells,,,
PIAS1,DHCR7,prostate,"PIAS1 + R1881 | FOXA1 ChIP-Seq - Rep 2, PIAS1 + R1881 | FOXA1 ChIP-Seq - Rep 1",,,
ELF1,DHCR7,mammarygland,ELF1 IP - MCF7 cells,,,
ATF3,DHCR7,leukocytes,"ATF3 IP - GM12878 cells, ATF3 IP - K562 cells",,,
MAX,DHCR7,lung,"MAX IP - A549 cells, MAX IP - A549 cells",,,
TEAD4,DHCR7,liver,TEAD4 IP - HepG2 cells,,,
YY1,DHCR7,stemcells,YY1 IP - H1 cells,,,
SP1,DHCR7,liver,SP1 IP - HepG2 cells,,,
REST,DHCR7,stemcells,"REST IP - H1 cells, Rep 1",,,
SP2,DHCR7,liver,SP2 IP - HepG2 cells,,,
ELF1,DHCR7,leukocytes,"ELF1 IP - SK-N-SH cells, ELF1 IP - SK-N-SH cells",,,
NFYA,DHCR7,uterus,NFYA IP - HeLa cells,,,
REST,DHCR7,cns,"REST IP - U87 cells, REST IP - SK cells",,,
FOXA2,DHCR7,liver,FOXA2 IP - HepG2 cells,,,
125DVD3,DHCR7,colon,CEBPB IP | 125DVD3,,,
MXI1,DHCR7,stemcells,MXI1 IP - H1 cells,,,
MXI1,DHCR7,lung,MXI1 IP - IMR cells,,,
USF1,DHCR7,liver,USF1 IP - HepG2 cells,,,
BANF1,DHCR7,skin,TP63 IP | BANF1 KD,,,
ZBTB7A,DHCR7,uterus,ZBTB7A IP - ECC1 cells,,,
REST,DHCR7,pancreas,"REST IP - Panc1 cells, Rep 3",,,
RELA,DHCR7,colon,RELA IP ,,,
CTCF,DHCR7,uterus,CTCF IP - HeLa cells ,,,
ZBTB7A,DHCR7,liver,ZBTB7A IP - HepG2 cells,,,
SOX9,DHCR7,colon,SOX9 IP ,,,
AR,DHCR7,prostate,WT AR OE + FOXA1 OE | FOXA1 ChIP-Seq - high FOXA1,,,
FOSL2,DHCR7,liver,FOSL2 IP - HepG2 cells,,,
RELA,DHCR7,adiposetissue,RELA IP,,,
PAX5,DHCR7,leukocytes,PAX5 IP - GM12892 cells,,,
HMGN3,DHCR7,leukocytes,HMGN3 IP - K562 cells,,,
CEBPB,DHCR7,uterus,CEBPB ChIP-Seq - HeLaS3,,,
RUNX1,DHCR7,hspcs,RUNX1,,,
HEY1,DHCR7,liver,HEY1 IP - HepG2 cells,,,
TCF12,DHCR7,uterus,TCF12 IP - ECC1 cells,,,
TCF12,DHCR7,cns,TCF12 IP - SK-N-SH cells,,,
ZNF263,DHCR7,kidney,ZNF263 IP - HEK293 cells,,,
E2F4,DHCR7,mammarygland,E2F4 IP | 4HT - MCF10 cells,,,
MYC,DHCR7,lung,MYC IP - A549 cells,,,
SRF,DHCR7,colon,SRF IP - HCT116 cells,,,
GATA4,DHCR7,stomach,GATA4 IP - AGS,,,
USF1,DHCR7,stemcells,USF1 IP - H1 cells,,,
GLI2,DHCR7,colon,GLI2 IP ,,,
YY1,DHCR7,liver,YY1 IP - HepG2 cells,,,
ZNF143,DHCR7,stemcells,ZNF143 IP - H1 cells,,,
NUTL3,DHCR7,bone,TP53 IP | NUTL3,,,
SREBF1,DHCR7,liver,SREBF1 IP | INS + 22RHC - HepG2 cells,,,
22RHC; INS,DHCR7,liver,SREBF1 IP | INS + 22RHC - HepG2 cells,,,
BCL3,DHCR7,lung,BCL3 IP - A549 cells,,,
GATA3,DHCR7,lung,GATA3 IP - A549 cells,,,
E2F1,EBP,prostate,"BICALU | E2F1 ChIP-Seq - Rep 4, BICALU | E2F1 ChIP-Seq - Rep 3, HES6 OE | E2F1 ChIP-Seq - Rep 2, HES6 OE | E2F1 ChIP-Seq - Rep 3, E2F1 ChIP-Seq - Rep 2, E2F1 ChIP-Seq - Rep 3, HES6 OE + BICALU | E2F1 ChIP-Seq - Rep 1, HES6 OE | E2F1 ChIP-Seq - Rep 1, E2F1 ChIP-Seq - Rep 4, BICALU + HES6 OE | E2F1 ChIP-Seq - Rep 2, E2F1 ChIP-Seq - Rep 1, HES6 OE + BICALU | E2F1 ChIP-Seq - Rep 3, HES6 OE | E2F1 ChIP-Seq - Rep 4, BICALU | E2F1 ChIP-Seq - Rep 1, BICALU | E2F1 ChIP-Seq - Rep 2, BICALU + HES6OE | E2F1 ChIP-Seq - Rep 4",,,
BICALU,EBP,prostate,"BICALU | E2F1 ChIP-Seq - Rep 4, BICALU | E2F1 ChIP-Seq - Rep 3, HES6 OE + BICALU | E2F1 ChIP-Seq - Rep 1, BICALU + HES6 OE | E2F1 ChIP-Seq - Rep 2, HES6 OE + BICALU | E2F1 ChIP-Seq - Rep 3, BICALU | E2F1 ChIP-Seq - Rep 1, BICALU | E2F1 ChIP-Seq - Rep 2, BICALU + HES6OE | E2F1 ChIP-Seq - Rep 4",,,
CTCF,EBP,skin,"CTCF IP - GM12878 cells, Rep 2 , CTCF IP - AG10803 cells, Rep 1 , CTCF IP - AG09309 cells, Rep 2 , CTCF IP - AG09309 cells, Rep 1 , CTCF IP - NHDF cells, Rep 2 , CTCF IP - AG10803 cells, Rep 2 , CTCF IP - AG04449 cells, Rep 1 , CTCF IP - NHDF cells , CTCF IP - HFFC cells, Rep 1 , CTCF IP - HFFC cells, Rep 3 , CTCF IP - NHDF cells, Rep 1 , CTCF IP - HFFC cells, Rep 2 , CTCF IP - BJ cells, Rep 2 , CTCF IP - NHEK cells, Rep 2 , CTCF IP - NHEK cells , CTCF IP - BJ cells, Rep 1 , CTCF IP - AG04449 cells, Rep 2 ",,,
GATA1,EBP,leukocytes,"GATA1 ChIP-Seq - K562, GATA1 ChIP-Seq - SC266",,,
NFYA,EBP,leukocytes,NFYA IP - K562 cells,,,
CTCF,EBP,sensory,"CTCF IP - WERI , CTCF IP - WERI-Rb-1- cells, Rep 1 , CTCF IP - HRPEpiC cells, Rep 1 , CTCF IP - HRPEpiC cells, Rep 2 ",,,
GATA2,EBP,leukocytes,"GATA2 IP - K562 cells, GATA2 IP - K562 cells",,,
YY1,EBP,colon,YY1 IP - HCT116 cells,,,
CTCF,EBP,megakaryocytelineage,"CTCF IP - MEG-01 cells, Rep 8 , CTCF IP - MEG-01 cells, Rep 6 , CTCF IP - MEG-01 cells, Rep 2 , CTCF IP - MEG-01 cells, Rep 4 , CTCF IP - MEG-01 cells, Rep 10 ",,,
STAT3,EBP,uterus,STAT3 IP - HeLa cells,,,
IRF4,EBP,leukocytes,IRF4 IP,,,
GATA2,EBP,vasculature,GATA2 IP - HUVEC cells,,,
CEBPB,EBP,uterus,CEBPB ChIP-Seq - HeLaS3,,,
MAX,EBP,uterus,"MAX IP - HeLa cells, Rep 1, MAX IP - ECC1 cells, MAX IP - HeLa cells, Rep 2",,,
CTCF,EBP,kidney,"CTCF IP - HRE cells, Rep 2 , CTCF IP - RPTEC cells, Rep 1 , CTCF IP - HEK293 cells, Rep 2 , CTCF IP - HEK293 cells, Rep 1 , CTCF IP - HRE cells, Rep 1 , CTCF IP - RPTEC cells, Rep 2 ",,,
FOS,EBP,leukocytes,"FOS IP - K562 cells, FOS IP - GM12878 cells",,,
REST,EBP,cns,"REST IP - PFSK1 cells, Rep 2",,,
CTCF,EBP,mammarygland,"CTCF IP - HMEC cells, Rep 1 , CTCF IP - T47D cells, CTCF IP - MCF-7 cells Rep 2 , CTCF IP - MCF-7 cells, Rep 1 , CTCF IP - HMF cells, Rep 1 , CTCF IP - MCF7 cells, CTCF IP - HMF cells, Rep 2 , CTCF IP - HMEC cells, Rep 2 ",,,
STAT5B,EBP,leukocytes,"STAT5B IP | H9, Rep 2, STAT5B IP | H9, Rep 2, STAT5B IP | IL2 - Rep 2, STAT5B IP | IL2 - Rep 2",,,
H9,EBP,leukocytes,"STAT5B IP | H9, Rep 2, STAT5B IP | H9, Rep 2",,,
KLF5,EBP,stomach,KLF5 IP - KATOIII,,,
RELA,EBP,adiposetissue,"RELA IP, RELA IP",,,
CTCF,EBP,colon,"CTCF IP - Caco , CTCF IP - HCT116 cells, Rep 2 , CTCF IP - Caco-2 cells, Rep 1 , CTCF IP - HCT116 cells, CTCF IP - HCT116 cells, Rep 1 ",,,
GATA2,EBP,prostate,"GATA2 ChIP-Seq, FOXA1 + FBS | GATA2 ChIP-Seq, GATA2 ChIP-Seq - Rep 1, CON KD | GATA2 ChIP-Seq, CON KD + R1881 | GATA2 ChIP-Seq, GATA2 KD + R1881 | GATA2 ChIP-Seq, CON KD + FBS | GATA2 ChIP-Seq, CON KD  | GATA2 ChIP-Seq, GATA2 ChIP-Seq - Rep 2, FOXA1 KD | GATA2 ChIP-Seq",,,
CTCF,EBP,cns,"CTCF IP - SK-N-SH cells , CTCF IP - HCPEpiC cells, Rep 1 , CTCF IP - BE(2)-C cells, Rep 2 , CTCF IP - SK cells, CTCF IP - SK-N-SH cells, Rep 1 , CTCF IP - spinal cord astrocyte cells, Rep 2 , CTCF IP - cerebellar astrocyte cells, Rep 2 , CTCF IP - HCPEpiC cells, Rep 2 , CTCF IP - SK-N-SH cells, Rep 2 , CTCF IP - BE(2)-C cells, Rep 1 ",,,
CTCF,EBP,leukocytes,"CTCF IP - MS1 cells, Rep 3 , CTCF IP - GM2255 cells, Rep 2 , CTCF IP - GM12891 cells, Rep 1 , CTCF IP - GM2588 cells, Rep 2 , CTCF IP - MS1 cells, Rep 4 , CTCF IP - UT-7 cells, Rep 4 , CTCF IP - GM18505 cells, Rep 2 , CTCF IP - GM18526 cells, Rep 2 , CTCF IP - GM06990 cells, Rep 1 , CTCF IP - GM12892 cells, Rep 1 , CTCF IP - K562 cells, Rep 1 , CTCF IP - GM2588 cells, Rep 3 , CTCF IP - K562 cells, Rep 16 , CTCF IP - F36P cells, Rep 7 , CTCF IP - K562 cells, Rep 14 , CTCF IP - GM19193 cells, Rep 1 , CTCF IP - F36P cells, Rep 3 , CTCF IP - NB4 cells , CTCF IP - GM06986 cells, CTCF IP - GM12892 cells, Rep 2 , CTCF IP - HeLa cells, Rep 2 , CTCF IP - GM12890 cells, Rep 1 , CTCF IP - GM18486 cells, Rep 3 , CTCF IP - GM2630 cells, Rep 2 , CTCF IP - GM2588 cells, Rep 1 , CTCF IP - F36P cells, Rep 19 , CTCF IP - GM2255 cells, Rep 1 , CTCF IP - GM2610 cells, Rep 2 , CTCF IP - GM06990 cells, Rep 2 , CTCF IP - GM12878 cells, Rep 2 , CTCF IP - GM19240 cells, Rep 2 , CTCF IP - K562 cells, Rep 15 , CTCF IP - GM19238 cells, Rep 1 , CTCF ChIP-Seq - GM12878, CTCF IP -  DND , CTCF IP - GM19238 cells, Rep 2 , CTCF IP - F36P cells, Rep 2 , CTCF IP - GM12872 cells, Rep 3 , CTCF IP - GM2255 cells, Rep 3 , CTCF IP - K562 cells, CTCF IP - MS1 cells, Rep 2 , CTCF IP - GM2630 cells, Rep 3 , CTCF IP - GM12890 cells, Rep 3 , CTCF IP - K562 cells, CTCF IP - MS1 cells, Rep 1 , CTCF IP - GM12891 cells, Rep 2 , CTCF IP, CTCF IP - K562 cells, Rep 12 , CTCF IP - K562 cells, Rep 13 , CTCF IP - GM2630 cells, Rep 1 , CTCF IP - GM19240 cells, Rep 1 , CTCF IP - GM2610 cells, Rep 3 , CTCF IP - GM12873 cells, Rep 3 , CTCF IP - K562 cells, Rep 2 , CTCF IP - UT-7 cells, Rep 3 , CTCF IP - GM19099 cells, Rep 1 , CTCF IP - GM19239 cells, Rep 2 , CTCF IP - K562 cells, Rep 11 , CTCF IP - GM12871 cells , CTCF IP - GM12890 cells, Rep 2 , CTCF IP - K562 cells , CTCF IP - GM12878 cells, Rep 2 , CTCF IP - GM19239 cells, Rep 1 , CTCF IP - GM12878 cells, Rep 1 , CTCF IP - F36P cells, Rep 15 ",,,
YY1,EBP,uterus,YY1 IP - ECC1 cells,,,
E2F4,EBP,leukocytes,"E2F4 IP - K562 cells, E2F4 IP - GM12878 cells",,,
CTCF,EBP,vasculature,"CTCF IP - HUVEC cells , CTCF IP - HBMEC cells, Rep 1 , CTCF IP - HBMEC cells, Rep 2 , CTCF IP - HUVEC cells, Rep 1 , CTCF IP - HPAF cells, Rep 2 , CTCF IP - HUVEC cells, Rep 2 , CTCF IP - HPAF cells, Rep 1 , CTCF IP - AoAFC cells, Rep 1 ",,,
GABPA,EBP,leukocytes,"GABPA IP - GM12878 cells, Rep 4 , GABPA IP - Jurkat, Rep 1, GABPA IP - K562 cells, GABPA IP - HL cells, GABPA IP - Jurkat, Rep 2",,,
CTCF,EBP,lung,"CTCF IP - A549 cells, Rep 1 , CTCF IP - HPF cells, Rep 1 , CTCF IP - NHLF cells , CTCF IP - SAEC cells, Rep 1 , CTCF IP - AG04450 cells, Rep 2 , CTCF IP - HPF cells, Rep 2 , CTCF IP - A549 cells, CTCF IP - A549 cells, Rep 2 , CTCF IP - NHLF cells , CTCF IP - AG04450 cells, Rep 1 , CTCF ChIP-Seq - A549, CTCF IP - IMR cells, CTCF IP | DEX - A549 cells , CTCF IP | DEX - A549 cells, CTCF IP - SAEC cells, Rep 2 , CTCF IP - A549 cells ",,,
YY1,EBP,cns,"YY1 IP - SK-N-SH cells, YY1 IP | ATRA - SK-N-SH cells",,,
IRF1,EBP,leukocytes,"IRF1 IP | IFNG - K562 cells, 30 min, IRF1 IP | IFNG - K562 cells, 6 h, IRF1 IP | IFNA1-13 - K562 cells, 6 h",,,
IFNG,EBP,leukocytes,"IRF1 IP | IFNG - K562 cells, 30 min, IRF1 IP | IFNG - K562 cells, 6 h, MYC IP | IFNG - K562 cells, 30 min, STAT1 IP - Rep 3, JUN IP | IFNG - K562 cells, 6 h, JUN IP | IFNG - K562 cells, 30 min, MYC IP | IFNG - K562 cells, 6 h",,,
FOXA1,EBP,prostate,"CON KD + R1881 | FOXA1 ChIP-Seq - Rep 2, FOXA1 + FBS | GATA2 ChIP-Seq, PIAS1 + R1881 | FOXA1 ChIP-Seq - Rep 2, FOXA1 siRNA | CREB1 ChIP-Seq - Rep 2, PIAS1 + R1881 | FOXA1 ChIP-Seq - Rep 1, CREB1 siRNA | FOXA1 ChIP-Seq - Rep 2, FOXA1 KD | GATA2 ChIP-Seq",,,
R1881,EBP,prostate,"CON KD + R1881 | FOXA1 ChIP-Seq - Rep 2, PIAS1 + R1881 | FOXA1 ChIP-Seq - Rep 2, PIAS1 + R1881 | FOXA1 ChIP-Seq - Rep 1, CON KD + R1881 | GATA2 ChIP-Seq, GATA2 KD + R1881 | GATA2 ChIP-Seq",,,
CREB1,EBP,prostate,"CREB1 ChIP-Seq - Rep 2, FOXA1 siRNA | CREB1 ChIP-Seq - Rep 2, CREB1 siRNA | FOXA1 ChIP-Seq - Rep 2, CREB1 ChIP-Seq - LNCaP, CREB1 ChIP-Seq - LNCaP-abl",,,
ZNF263,EBP,kidney,ZNF263 IP - HEK293 cells,,,
MAX,EBP,lung,MAX IP - A549 cells,,,
BHLHE40,EBP,leukocytes,"BHLHE40 IP - K562 cells, BHLHE40 IP - GM12878 cells",,,
SP1,EBP,liver,SP1 IP - HepG2 cells,,,
HES6,EBP,prostate,"HES6 OE | E2F1 ChIP-Seq - Rep 2, HES6 OE | E2F1 ChIP-Seq - Rep 3, HES6 OE + BICALU | E2F1 ChIP-Seq - Rep 1, HES6 OE | E2F1 ChIP-Seq - Rep 1, BICALU + HES6 OE | E2F1 ChIP-Seq - Rep 2, HES6 OE + BICALU | E2F1 ChIP-Seq - Rep 3, HES6 OE | E2F1 ChIP-Seq - Rep 4, BICALU + HES6OE | E2F1 ChIP-Seq - Rep 4",,,
CEBPB,EBP,leukocytes,"CEBPB IP - K562 cells, CEBPB ChIP-Seq - K562",,,
SPI1,EBP,leukocytes,"SPI1 IP, SPI1 IP, SPI1 IP, SPI1 IP - HL cells, SPI1 IP, SPI1 IP, SPI1 IP",,,
FOS,EBP,mammarygland,"FOS IP | 4HT - MCF10A cells, 36 h, FOS IP | 4HT - MCF10A cells, 4 h, FOS IP | 4HT - MCF10A cells, 12 h, FOS IP - MCF10A cells",,,
4HT,EBP,mammarygland,"FOS IP | 4HT - MCF10A cells, 36 h, FOS IP | 4HT - MCF10A cells, 4 h, E2F4 IP | 4HT - MCF10 cells, FOS IP | 4HT - MCF10A cells, 12 h",,,
USF2,EBP,leukocytes,"USF2 IP - GM12878 cells, USF2 IP - K562 cells",,,
CTCF,EBP,stemcells,"CTCF IP - H1 cells, CTCF IP - H1 cells , CTCF IP - Rep 6 ",,,
USF2,EBP,liver,USF2 IP - HepG2 cells,,,
TP53,EBP,skin,"TP53 IP | NUTL3, TP53 IP",,,
SP1,EBP,stemcells,SP1 IP - H1 cells,,,
YY1,EBP,leukocytes,"YY1 IP - GM12891 cells, YY1 IP - K562 cells, Rep 2, YY1 IP - K562 cells, YY1 IP - GM12878 cells, YY1 IP - K562 cells, Rep 1, YY1 IP - GM12892 cells, Rep 1",,,
SREBF1,EBP,liver,SREBF1 IP | INS + 22RHC - HepG2 cells,,,
22RHC; INS,EBP,liver,SREBF1 IP | INS + 22RHC - HepG2 cells,,,
NFYC,EBP,colon,NFYC IP ,,,
MXI1,EBP,liver,MXI1 IP - HepG2 cells,,,
GATA4,EBP,stomach,GATA4 IP - AGS,,,
TP73,EBP,bone,"TP73 IP - alpha isoform, Rep 1",,,
CREB1,EBP,lung,CREB1 IP | DEX - A549 cells,,,
DEX,EBP,lung,"CREB1 IP | DEX - A549 cells, USF1 IP | DEX - A549 cells, CTCF IP | DEX - A549 cells , CTCF IP | DEX - A549 cells",,,
TBP,EBP,stemcells,TBP IP - H1 cells,,,
YY1,EBP,stemcells,"YY1 IP - NT2 cells, YY1 IP - H1 cells",,,
CTCF,EBP,hspcs,"CTCF IP - HEL 92.1.7 cells, Rep 8 , CTCF IP - HEL 92.1.7 cells, Rep 14 , CTCF IP - Erythroid cells, Rep 1",,,
TAL1,EBP,colon,TAL1 IP ,,,
FOSL2,EBP,mammarygland,FOSL2 IP - MCF7 cells,,,
E2F1,EBP,uterus,"E2F1 IP - HeLa cells, Rep 1, E2F1 IP - HeLa cells, Rep 2",,,
KLF11,EBP,adiposetissue,"ROSI (BrAT) | KLF11 ChIP-Seq, Rep 1, ROSI (BrAT) | KLF11 ChIP-Seq, Rep 2, KLF11 ChIP-Seq, Rep 1, KLF11 ChIP-Seq, Rep 2",,,
ROSI,EBP,adiposetissue,"ROSI (BrAT) | KLF11 ChIP-Seq, Rep 1, ROSI (BrAT) | KLF11 ChIP-Seq, Rep 2",,,
CREB1,EBP,liver,"CREB1 IP - HepG2 cells, CREB1 IP",,,
EBF1,EBP,leukocytes,EBF1 IP - GM12878 cells,,,
PIAS1,EBP,prostate,"PIAS1 + R1881 | FOXA1 ChIP-Seq - Rep 2, PIAS1 + R1881 | FOXA1 ChIP-Seq - Rep 1",,,
MYC,EBP,leukocytes,"MYC IP | IFNG - K562 cells, 30 min, MYC IP - NB4 cells, MYC IP - K562 cells, Rep 1, MYC IP | IFNG - K562 cells, 6 h",,,
JUN,EBP,mammarygland,"JUN IP - Rep 1, JUN IP - Rep 2",,,
FOS,EBP,uterus,FOS IP - HeLa cells,,,
IL2,EBP,leukocytes,"STAT5B IP | IL2 - Rep 2, STAT5B IP | IL2 - Rep 2",,,
RELA,EBP,colon,RELA IP ,,,
GATA3,EBP,cns,"GATA3 IP - SHSY5Y cells, GATA3 IP - SK-N-SH cells",,,
MAX,EBP,liver,"MAX IP - HepG2 cells, MAX IP - MCF7 cells, MAX IP - HepG2 cells",,,
ATF3,EBP,colon,ATF3 IP | CAMPTO,,,
HOXA4,EBP,colon,HOXA4 IP ,,,
CTCF,EBP,heart,"CTCF IP - myocytes cells, Rep 2 , CTCF IP - HCF cells , CTCF IP - myocytes cells, Rep 1 ",,,
EGR1,EBP,leukocytes,EGR1 IP - K562 cells,,,
ZNF143,EBP,leukocytes,ZNF143 IP - GM12878 cells,,,
GATA2,EBP,hspcs,GATA2 IP,,,
JUN,EBP,leukocytes,"JUN IP | IFNA1-13 - 30 min , JUN IP | IFNG - K562 cells, 6 h, JUN IP - K562 cells, Rep 1, JUN IP | IFNA1-13 - K562 cells, 6 h, JUN IP | IFNG - K562 cells, 30 min, JUN IP - K562 cells, Rep 2",,,
IFNA1,EBP,leukocytes,"JUN IP | IFNA1-13 - 30 min , IRF1 IP | IFNA1-13 - K562 cells, 6 h, JUN IP | IFNA1-13 - K562 cells, 6 h",,,
E2F1,EBP,mammarygland,"E2F1 IP, E2F1 IP - MCF7 cells",,,
CTCF,EBP,adiposetissue,"CTCF ChIP-Seq - d -2, CTCF ChIP-Seq - d 9, CTCF ChIP-Seq - d 0",,,
ATF2,EBP,colon,ATF2 IP ,,,
CEBPB,EBP,colon,CEBPB IP - HCT116 cells,,,
GTF2F1,EBP,leukocytes,GTF2F1 IP - K562 cells,,,
SRF,EBP,uterus,SRF IP - ECC1 cells,,,
GATA1,EBP,hspcs,"GATA1 IP - PBDE cells, Rep 1",,,
MXI1,EBP,uterus,MXI1 IP - HeLa cells,,,
ETS1,EBP,leukocytes,ETS1 IP,,,
NFYB,EBP,leukocytes,"NFYB IP - K562 cells, NFYB IP - GM12878 cells",,,
ELF1,EBP,liver,ELF1 IP - HepG2 cells,,,
MAFK,EBP,leukocytes,MAFK IP - K562 cells,,,
CREB1,EBP,leukocytes,"CREB1 IP - GM12878 cells, CREB1 IP - K562 cells",,,
CTCF,EBP,placenta,"CTCF IP - HVMF cells, Rep 2 , CTCF IP - HVMF cells, Rep 1 ",,,
ATF3,EBP,leukocytes,ATF3 IP - K562 cells,,,
CEBPB,EBP,stemcells,"CEBPB IP, CEBPB IP, CEBPB IP",,,
ZEB1,EBP,liver,ZEB1 IP - HepG2 cells,,,
USF1,EBP,cns,"USF1 IP | ATRA - SK-N-SH cells, USF1 IP - SK-N-SH cells",,,
ATRA,EBP,cns,"USF1 IP | ATRA - SK-N-SH cells, YY1 IP | ATRA - SK-N-SH cells",,,
CDX2,EBP,colon,CDX2 IP,,,
E2F4,EBP,mammarygland,E2F4 IP | 4HT - MCF10 cells,,,
USF1,EBP,stemcells,USF1 IP - H1 cells,,,
GATA3,EBP,lung,GATA3 IP - A549 cells,,,
TP53,EBP,mammarygland,TP53 IP,,,
STAT1,EBP,leukocytes,STAT1 IP - Rep 3,,,
NFYA,EBP,colon,NFYA IP ,,,
MAX,EBP,leukocytes,"MAX IP - NB4 cells, MAX IP - K562 cells, Rep 2, MAX IP - K562 cells",,,
CTCF,EBP,uterus,"CTCF IP - HeLa cells , CTCF IP - HeLa cells, Rep 1 ",,,
TEAD4,EBP,leukocytes,TEAD4 IP - K562 cells,,,
FOXP1,EBP,prostate,FOXP1 ChIP-Seq,,,
USF2,EBP,uterus,USF2 IP - HeLa cells,,,
ATF1,EBP,leukocytes,ATF1 IP - K562 cells,,,
STAT1,EBP,uterus,"STAT1 IP | IFNG - HeLa cells, 30 min",,,
IFNG,EBP,uterus,"STAT1 IP | IFNG - HeLa cells, 30 min",,,
SRF,EBP,colon,SRF IP - HCT116 cells,,,
MAZ,EBP,leukocytes,"MAZ IP - K562 cells, MAZ IP - GM12878 cells",,,
RUNX1,EBP,leukocytes,RUNX1 IP,,,
FOSL1,EBP,colon,FOSL1 IP - HCT116 cells,,,
SP1,EBP,leukocytes,"SP1 IP - GM12878 cells, SP1 IP - K562 cells",,,
ELF1,EBP,colon,ELF1 IP - HCT116 cells,,,
USF1,EBP,lung,"USF1 IP - A549 cells, Rep 1, USF1 IP | DEX - A549 cells, USF1 IP - A549 cells, Rep 2",,,
GATA2,EBP,cns,GATA2 ChIP-Seq SH-SY5Y,,,
MAX,EBP,stemcells,MAX IP - H1 cells,,,
ARID3A,EBP,leukocytes,ARID3A IP - K562 cells,,,
SP2,EBP,liver,SP2 IP - HepG2 cells,,,
USF1,EBP,liver,USF1 IP - HepG2 cells,,,
TBP,EBP,uterus,TBP IP - HeLa cells,,,
FOXA2,EBP,embryonictissue,FOXA2 IP - Rep 2,,,
MYC,EBP,liver,MYC IP,,,
CTCF,EBP,pancreas,CTCF IP,,,
GTF2B,EBP,uterus,GTF2B IP - Rep 2,,,
SMARCC1,EBP,uterus,SMARCC1 IP - HeLa cells,,,
NFYA,EBP,uterus,NFYA IP - HeLa cells,,,
JUND,EBP,uterus,JUND IP - HeLa cells,,,
FOSL1,EBP,leukocytes,FOSL1 IP - K562 cells,,,
CTCF,EBP,miscellaneous,"CTCF IP - AG09319 cells, Rep 2 , CTCF IP - AG09319 cells, Rep 1 ",,,
ZNF384,EBP,leukocytes,"ZNF384 IP - K562 cells, ZNF384 IP - GM12878 cells",,,
RELA,EBP,leukocytes,"RELA IP | BAY082  - IVD Th1 cells, PIA",,,
BAY082,EBP,leukocytes,"RELA IP | BAY082  - IVD Th1 cells, PIA",,,
MAFF,EBP,leukocytes,MAFF IP - K562 cells,,,
CTCF,EBP,liver,"CTCF IP - SK-N-SH cells, CTCF IP - HepG2 cells , CTCF IP, CTCF IP - HepG2 cells, Rep 1 , CTCF IP - HepG2 cells, Rep 2 ",,,
MYC,EBP,mammarygland,"MYC IP - MCF-10A cells, DHT | MYC ChIP-Seq",,,
GATA3,EBP,mammarygland,"GATA3 IP - T47D cells, GATA3 IP - MCF7 cells, GATA3 IP - MCF-7 cells",,,
E2F6,EBP,lung,E2F6 IP - A549 cells,,,
JUND,EBP,vasculature,JUND IP,,,
FOSL2,EBP,cns,FOSL2 IP - SK-N-SH cells,,,
MYB,EBP,leukocytes,"MYB IP - Jurkat, Rep 5, MYB IP - Jurkat, Rep 4, MYB IP - Jurkat, Rep 2",,,
REST,EBP,pancreas,"REST IP - Panc1 cells, Rep 3",,,
E2F4,EBP,uterus,E2F4 IP - HeLa cells,,,
CTCF,EBP,bone,"CTCF IP - Osteoblasts , CTCF IP",,,
SRF,EBP,mammarygland,SRF IP - MCF7 cells,,,
JUN,EBP,colon,JUN IP ,,,
KLF5,EBP,pancreas,KLF5 IP,,,
JUND,EBP,leukocytes,JUND IP - K562 cells,,,
CTCF,EBP,esophagus,"CTCF IP - HEEpiC cells, Rep 1 , CTCF IP - HEEpiC cells, Rep 2 ",,,
DHT,EBP,mammarygland,"DHT | MYC ChIP-Seq, DHT | FOXA1 ChIP-Seq",,,
USF1,EBP,uterus,USF1 IP - ECC1 cells,,,
USF2,EBP,stemcells,USF2 IP - H1 cells,,,
MXI1,EBP,cns,MXI1 IP - SK-N-SH cells ,,,
CTCF,EBP,skeletalmuscle,"CTCF IP - HSMM cells, Rep 1 , CTCF IP - HSMM cells, Rep 2 ",,,
USF1,EBP,colon,USF1 IP - HCT116 cells,,,
TBP,EBP,leukocytes,"TBP IP - GM12878 cells, TBP IP - K562 cells",,,
JUND,EBP,colon,JUND IP - HCT116 cells,,,
SP1,EBP,colon,SP1 IP - HCT116 cells,,,
ELF1,EBP,lung,ELF1 IP - A549 cells,,,
BHLHE40,EBP,liver,BHLHE40 IP - HepG2 cells,,,
MAZ,EBP,uterus,MAZ IP - HeLa cells,,,
FOXA1,EBP,mammarygland,DHT | FOXA1 ChIP-Seq,,,
PBX3,EBP,leukocytes,PBX3 IP - GM12878 cells,,,
GABPA,EBP,uterus,GABPA IP - HeLa cells,,,
IRF1,EBP,colon,IRF1 IP ,,,
TP63,EBP,skin,TP63 IP,,,
FOXM1,EBP,mammarygland,FOXM1 IP | THSP - DS006,,,
POU2F2,EBP,leukocytes,POU2F2 IP - GM12878 cells,,,
TBP,EBP,liver,TBP IP - HepG2 cells,,,
HEY1,EBP,leukocytes,HEY1 IP - K562 cells,,,
SP2,EBP,leukocytes,SP2 IP - K562 cells,,,
ETV5,EBP,colon,ETV5 IP ,,,
USF1,EBP,leukocytes,"USF1 IP - GM12878 cells, USF1 IP - K562 cells",,,
E2F6,EBP,leukocytes,E2F6 IP - K562 cells,,,
FOS,EBP,vasculature,FOS IP - HUVEC cells,,,
SP1,EBP,lung,SP1 IP - A549 cells,,,
RUNX1,EBP,hspcs,RUNX1,,,
GTF2F1,EBP,uterus,GTF2F1 IP - HeLa cells,,,
MTA3,EBP,leukocytes,MTA3 IP - GM12878 cells,,,
GATA6,EBP,stomach,GATA6 IP - YCC3,,,
FOSL2,EBP,lung,FOSL2 IP - A549 cells,,,
E2F3,EBP,colon,E2F3 IP ,,,
FOSL2,EBP,liver,FOSL2 IP - HepG2 cells,,,
ELF1,EBP,leukocytes,"ELF1 IP - SK-N-SH cells, ELF1 IP - SK-N-SH cells",,,
HEY1,EBP,liver,HEY1 IP - HepG2 cells,,,
SMAD1,EBP,hspcs,SMAD1 IP - Rep 2,,,
TCF3,EBP,leukocytes,TCF3 IP - GM12878 cells,,,
JUN,EBP,uterus,JUN IP - HeLa cells,,,
ERG,EBP,leukocytes,ERG IP - Rep 1,,,
YY1,EBP,liver,YY1 IP - HepG2 cells,,,
GATA3,EBP,leukocytes,GATA3 IP,,,
PAX5,EBP,leukocytes,PAX5 IP - GM12892 cells,,,
GTF2B,EBP,leukocytes,GTF2B IP - K562 cells,,,
ZBTB7A,EBP,leukocytes,ZBTB7A IP - SK-N-SH cells,,,
MAX,EBP,cns,MAX IP - SK-N-SH cells,,,
REST,EBP,stemcells,"REST IP - H1 cells, Rep 1",,,
MYC,EBP,uterus,MYC IP - HeLa cells,,,
EGR1,EBP,colon,EGR1 IP - HCT116 cells,,,
BACH1,EBP,stemcells,BACH1 IP - H1 cells,,,
MAX,EBP,colon,MAX IP - HCT116 cells,,,
YY1,EBP,lung,YY1 IP - A549 cells,,,
SRF,EBP,stemcells,SRF IP - Rep 7 ,,,
NFYB,EBP,uterus,NFYB IP - HeLa cells,,,
HOXA6,EBP,colon,HOXA6 IP ,,,
REST,EBP,lung,REST IP - A549 cells,,,
FOXA1,FDFT1,prostate,"FOXA1 ChIP-Seq - Rep 2, FOXA1 + FBS | GATA2 ChIP-Seq, POU2F1 KD + DHT | FOXA1 ChIP-Seq, AR C562S OE + FOXA1 OE | FOXA1 ChIP-Seq, CREB1 siRNA | FOXA1 ChIP-Seq - Rep 2, EtOH | FOXA1 ChIP-Seq - Rep 2, CON KD  | FOXA1 ChIP-Seq, R1881 | FOXA1 ChIP-Seq - Rep 1, FOXA1 ChIP-Seq, CON KD | FOXA1 ChIP-Seq, FOXA1 siRNA | CREB1 ChIP-Seq - Rep 1, FOXA1 ChIP-Seq - Rep 1, FOXA1 KD | FOXA1 ChIP-Seq, FOXA1 ChIP-Seq - Rep 2, CREB1 siRNA | FOXA1 ChIP-Seq - Rep 1, CON KD + R1881 | FOXA1 ChIP-Seq - Rep 1, FOXA1 ChIP-Seq, DHT | FOXA1 ChIP-Seq, WT AR OE + FOXA1 OE | FOXA1 ChIP-Seq, EtOH | FOXA1 ChIP-Seq - , DHT | FOXA1 ChIP-Seq - C4- Rep 2B, FOXA1 ChIP-Seq, FOXA1 KD | FOXA1 ChIP-Seq - Rep 1, GATA2 KD  | FOXA1 ChIP-Seq, FOXA1 ChIP-Seq, GATA2 KD + R1881 | FOXA1 ChIP-Seq, DHT | FOXA1 ChIP-Seq, R1881 | FOXA1 ChIP-Seq - Rep 2, FOXA1 ChIP-Seq - Rep 1, FOXA1 ChIP-Seq, FOXA1 ChIP-Seq - LNCaP-abl, AR Q640X OE + FOXA1 OE | FOXA1 ChIP-Seq, FOXA1 KD | FOXA1 ChIP-Seq, FOXA1 KD | FOXA1 ChIP-Seq - Rep 2, CON KD | FOXA1 ChIP-Seq, CON KD + R1881 | FOXA1 ChIP-Seq - Rep 2, DHT | FOXA1 ChIP-Seq, FOXA1 ChIP-Seq - LNCaP, FOXA1 siRNA | CREB1 ChIP-Seq - Rep 2, CON KD + R1881 | FOXA1 ChIP-Seq, CON KD | FOXA1 ChIP-Seq, DHT | FOXA1 ChIP-Seq, PIAS1 + R1881 | FOXA1 ChIP-Seq - Rep 2, FOXA1 ChIP-Seq - C4- Rep 2B, FOXA1 KD | GATA2 ChIP-Seq, FOXA1 ChIP-Seq, PIAS1 + R1881 | FOXA1 ChIP-Seq - Rep 1, WT AR OE + FOXA1 OE | FOXA1 ChIP-Seq - high FOXA1",,,
RUNX1T1,FDFT1,leukocytes,RUNX1T1 IP,,,
E2F1,FDFT1,prostate,"BICALU | E2F1 ChIP-Seq - Rep 3, HES6 OE | E2F1 ChIP-Seq - Rep 3, E2F1 ChIP-Seq - Rep 3, HES6 OE | E2F1 ChIP-Seq - Rep 1, E2F1 ChIP-Seq - Rep 4, HES6 OE + BICALU | E2F1 ChIP-Seq - Rep 1, E2F1 ChIP-Seq - Rep 1, BICALU | E2F1 ChIP-Seq - Rep 1, BICALU | E2F1 ChIP-Seq - Rep 2",,,
BICALU,FDFT1,prostate,"BICALU | E2F1 ChIP-Seq - Rep 3, HES6 OE + BICALU | E2F1 ChIP-Seq - Rep 1, BICALU | E2F1 ChIP-Seq - Rep 1, BICALU | E2F1 ChIP-Seq - Rep 2",,,
TCF21,FDFT1,vasculature,TCF21 IP,,,
SPI1,FDFT1,leukocytes,"SPI1 IP, SPI1 IP, SPI1 IP - GM12878 cells, Rep 2 , SPI1 IP - U-937 cells, Rep 4 , SPI1 IP, SPI1 IP - HL-60 cells, Rep 2 , SPI1 IP, SPI1 IP - U-937 cells, Rep 3 , SPI1 IP - HL-60 cells, Rep 1 , SPI1 IP | RUNX1 KD, SPI1 IP - U-937 cells, Rep 1 , SPI1 IP - GM12878 cells, Rep 3 , ROSI | SPI1 ChIP-Seq, SPI1 IP, SPI1 IP, SPI1 IP - GM12878 cells, SPI1 IP, SPI1 IP - GM12878 cells, Rep 4 , SPI1 IP - K562 cells, SPI1 IP - U-937 cells, Rep 5 , SPI1 IP - U-937 cells, Rep 6 , SPI1 IP - HL cells, SPI1 IP - U-937 cells, Rep 2 , SPI1 IP - GM12891 cells, SPI1 IP - HL-60 cells, Rep 4 , SPI1 IP - U-937 cells, Rep 10 , SPI1 IP, SPI1 IP",,,
JUND,FDFT1,liver,"JUND IP - HepG2 cells, JUND IP - HepG2 cells",,,
CEBPB,FDFT1,leukocytes,"CEBPB ChIP-Seq - K562, CEBPB IP",,,
GATA4,FDFT1,stemcells,"GATA4 IP - Rep 2 , GATA4 IP - Rep 10 , GATA4 IP - Rep 1 , GATA4 IP - Rep 4 , GATA4 IP - Rep 12 , GATA4 IP - Rep 13 , GATA4 IP - Rep 3 ",,,
CTCF,FDFT1,cns,"CTCF IP - SK cells, CTCF IP - SK-N-SH cells, Rep 1 , CTCF IP - SK-N-SH cells ",,,
CEBPA,FDFT1,leukocytes,CEBPA IP,,,
GATA2,FDFT1,prostate,"FOXA1 + FBS | GATA2 ChIP-Seq, CON KD | GATA2 ChIP-Seq, CON KD + R1881 | GATA2 ChIP-Seq, GATA2 KD  | FOXA1 ChIP-Seq, GATA2 KD + R1881 | FOXA1 ChIP-Seq, CON KD + FBS | GATA2 ChIP-Seq, FOXA1 KD | GATA2 ChIP-Seq, GATA2 ChIP-Seq",,,
MAX,FDFT1,uterus,"MAX IP - HeLa cells, Rep 1, MAX IP - ECC1 cells, MAX IP - HeLa cells, Rep 2",,,
SREBF2,FDFT1,leukocytes,SREBF2 IP - GM12878 cells,,,
MAFF,FDFT1,liver,MAFF IP - HepG2 cells,,,
SRF,FDFT1,stemcells,SRF IP - H1 cells,,,
USF1,FDFT1,lung,"USF1 IP - A549 cells, Rep 1, USF1 IP | DEX - A549 cells, USF1 IP - A549 cells, Rep 2",,,
FOXM1,FDFT1,mammarygland,"FOXM1 IP - DS005, FOXM1 IP | THSP - DS006",,,
TCF7L2,FDFT1,uterus,TCF7L2 IP - HeLa cells,,,
PBX3,FDFT1,cns,PBX3 IP - SK-N-SH cells,,,
GATA2,FDFT1,vasculature,GATA2 IP - HUVEC cells,,,
SRF,FDFT1,mammarygland,SRF IP - MCF7 cells,,,
HEY1,FDFT1,leukocytes,HEY1 IP - K562 cells,,,
MYC,FDFT1,leukocytes,"MYC IP | IFNG - K562 cells, 6 h, MYC IP | IFNG - K562 cells, 30 min, MYC IP - NB4 cells, MYC IP - K562 cells, Rep 1",,,
IFNG,FDFT1,leukocytes,"MYC IP | IFNG - K562 cells, 6 h, MYC IP | IFNG - K562 cells, 30 min, STAT1 IP - Rep 5, IRF1 IP | IFNG - K562 cells, 6 h, STAT1 IP - Rep 1, STAT1 IP - Rep 4, STAT1 IP - Rep 2, STAT1 IP - Rep 3",,,
JUND,FDFT1,colon,JUND IP - HCT116 cells,,,
TCF12,FDFT1,lung,TCF12 IP - A549 cells,,,
TAL1,FDFT1,leukocytes,"TAL1 IP - K562 cells, TAL1 IP - MOLT3",,,
GATA3,FDFT1,mammarygland,"GATA3 IP - MCF7 cells, GATA3 IP - T47D cells",,,
GABPA,FDFT1,prostate,GABPA IP - Rep 1,,,
FOXA1,FDFT1,mammarygland,"DEX | FOXA1 ChIP-Seq - Rep 1, 17BE2 | FOXA1 ChIP-Seq - Rep 1, DEX | FOXA1 ChIP-Seq - Rep 1, TNF | FOXA1 ChIP-Seq - Rep 1, FOXA1 ChIP-Seq - Rep 2, 17BE2 | FOXA1 ChIP-Seq - Rep 2, FOXA1 ChIP-Seq, FOXA1 ChIP-Seq - Rep 2, 17BE2 | FOXA1 ChIP-Seq - Rep 1, DHT | FOXA1 ChIP-Seq, TNF | FOXA1 ChIP-Seq - Rep 2, 17BE2 | FOXA1 ChIP-Seq - Rep 2, DEX | FOXA1 ChIP-Seq - Rep 2, FOXA1 ChIP-Seq - Rep 1, 17BE2 | FOXA1 ChIP-Seq - Rep 1, FOXA1 IP - T47D, 17BE2 + TNF | FOXA1 ChIP-Seq - Rep 2, FOXA1 ChIP-Seq - Rep 2, DEX | FOXA1 ChIP-Seq - Rep 2, DEX | FOXA1 ChIP-Seq - Rep 2, 17BE2 | FOXA1 ChIP-Seq - Rep 2, FOXA1 ChIP-Seq - Rep 2, FOXA1 ChIP-Seq - Rep 1, FOXA1 IP - T47D cells, 17BE2 | FOXA1 ChIP-Seq - Rep 1, FOXA1 ChIP-Seq - Rep 1, DEX | FOXA1 ChIP-Seq - Rep 1, FOXA1 ChIP-Seq - Rep 1, 17BE2 | FOXA1 ChIP-Seq, 17BE2 + TNF | FOXA1 ChIP-Seq - Rep 1, 17BE2 | FOXA1 ChIP-Seq - Rep 2",,,
DEX,FDFT1,mammarygland,"DEX | FOXA1 ChIP-Seq - Rep 1, DEX | FOXA1 ChIP-Seq - Rep 1, DEX | FOXA1 ChIP-Seq - Rep 2, DEX | FOXA1 ChIP-Seq - Rep 2, DEX | FOXA1 ChIP-Seq - Rep 2, DEX | FOXA1 ChIP-Seq - Rep 1",,,
CEBPB,FDFT1,mammarygland,CEBPB IP - MCF7 cells,,,
GATA1,FDFT1,hspcs,"GATA1 IP - PBDE cells, Rep 1",,,
FOXP2,FDFT1,cns,"FOXP2 IP - PFSK-1 cells, FOXP2 IP - SK cells",,,
ATF3,FDFT1,leukocytes,ATF3 IP - K562 cells,,,
MAZ,FDFT1,lung,MAZ IP - IMR cells,,,
FOXA2,FDFT1,liver,FOXA2 IP - HepG2 cells,"19822575,",,
JUN,FDFT1,leukocytes,"JUN IP - K562 cells, Rep 2, JUN IP | IFNA1-13 - 30 min , JUN IP - K562 cells, Rep 1",,,
TBP,FDFT1,liver,TBP IP - HepG2 cells,,,
DHT,FDFT1,prostate,"POU2F1 KD + DHT | FOXA1 ChIP-Seq, DHT | FOXA1 ChIP-Seq, DHT | FOXA1 ChIP-Seq - C4- Rep 2B, DHT | FOXA1 ChIP-Seq, DHT | ERG ChIP-Seq - 18 h, DHT | FOXA1 ChIP-Seq, DHT | FOXA1 ChIP-Seq",,,
POU2F1,FDFT1,prostate,POU2F1 KD + DHT | FOXA1 ChIP-Seq,,,
FOXA1,FDFT1,stemcells,"FOXA1 IP - ES D5, FOXA1 IP - Rep 5 ",,,
AR,FDFT1,prostate,"AR C562S OE + FOXA1 OE | FOXA1 ChIP-Seq, WT AR OE + FOXA1 OE | FOXA1 ChIP-Seq, AR Q640X OE + FOXA1 OE | FOXA1 ChIP-Seq, WT AR OE + FOXA1 OE | FOXA1 ChIP-Seq - high FOXA1",,,
CTCF,FDFT1,leukocytes,"CTCF IP - K562 cells, Rep 12 , CTCF IP - GM12892 cells, Rep 2 , CTCF IP - K562 cells, Rep 13 , CTCF IP - GM12890 cells, Rep 1 , CTCF IP - GM18486 cells, Rep 3 , CTCF IP - K562 cells, Rep 11 , CTCF IP - GM12871 cells , CTCF IP - K562 cells , CTCF IP - GM2630 cells, Rep 2 , CTCF IP - GM19238 cells, Rep 1 , CTCF IP - GM2610 cells, Rep 2 , CTCF IP - GM12878 cells, Rep 2 , CTCF IP - GM19240 cells, Rep 2 , CTCF IP - GM12869 cells , CTCF IP - K562 cells, Rep 1 , CTCF IP - GM2255 cells, Rep 3 , CTCF IP - MS1 cells, Rep 2 , CTCF IP - K562 cells, Rep 16 , CTCF IP - GM2630 cells, Rep 3 , CTCF IP - GM12890 cells, Rep 3 , CTCF IP - K562 cells, Rep 14 , CTCF IP - K562 cells, CTCF IP - GM12891 cells, Rep 2 , CTCF IP - GM2610 cells, Rep 3 , CTCF IP - GM06986 cells, CTCF IP - GM19240 cells, Rep 1 , CTCF IP - GM19239 cells, Rep 2 , CTCF IP - GM12878 cells, Rep 1 , CTCF IP - GM19239 cells, Rep 1 , CTCF IP - MS1 cells, Rep 3 , CTCF IP - GM2255 cells, Rep 2 , CTCF IP - MS1 cells, Rep 4 , CTCF IP - K562 cells, Rep 15 , CTCF IP - GM2588 cells, Rep 2 , CTCF ChIP-Seq - GM12878, CTCF IP, CTCF IP - GM2588 cells, Rep 3 , CTCF IP - K562 cells",,,
17BE2,FDFT1,mammarygland,"17BE2 | FOXA1 ChIP-Seq - Rep 1, 17BE2 | FOXA1 ChIP-Seq - Rep 2, 17BE2 | FOXA1 ChIP-Seq - Rep 1, 17BE2 | FOXA1 ChIP-Seq - Rep 2, 17BE2 | FOXA1 ChIP-Seq - Rep 1, 17BE2 | FOXA1 ChIP-Seq - Rep 2, 17BE2 | FOXA1 ChIP-Seq - Rep 1, 17BE2 | FOXA1 ChIP-Seq, 17BE2 | FOXA1 ChIP-Seq - Rep 2",,,
GATA3,FDFT1,cns,"GATA3 IP - SK-N-SH cells, GATA3 IP - SHSY5Y cells",,,
FOXA2,FDFT1,stemcells,"FOXA2 IP - ES D7, FOXA2 IP - ES D2, FOXA2 IP - ES D10, FOXA2 IP - ES D5, FOXA2 IP - Rep 5 ",,,
MAX,FDFT1,lung,"MAX IP - A549 cells, MAX IP - A549 cells",,,
EGR1,FDFT1,colon,EGR1 IP - HCT116 cells,,,
CREB1,FDFT1,prostate,"CREB1 siRNA | FOXA1 ChIP-Seq - Rep 2, CREB1 ChIP-Seq - Rep 1, FOXA1 siRNA | CREB1 ChIP-Seq - Rep 1, CREB1 ChIP-Seq - LNCaP, CREB1 siRNA | FOXA1 ChIP-Seq - Rep 1, CREB1 ChIP-Seq - Rep 2, CREB1 ChIP-Seq - LNCaP-abl, FOXA1 siRNA | CREB1 ChIP-Seq - Rep 2",,,
FOS,FDFT1,leukocytes,"FOS IP - GM12878 cells, FOS IP - K562 cells",,,
CTCF,FDFT1,hspcs,"CTCF IP - Erythroid cells, Rep 1",,,
TP53,FDFT1,mammarygland,"TP53 IP, TP53 IP | NUTL3 - MCF-7",,,
TFAP4,FDFT1,leukocytes,"TFAP4 IP - Rep 1, TFAP4 IP - Rep 2",,,
SP1,FDFT1,leukocytes,"SP1 IP - GM12878 cells, SP1 IP - K562 cells",,,
MAZ,FDFT1,leukocytes,"MAZ IP - K562 cells, MAZ IP - GM12878 cells",,,
FOS,FDFT1,mammarygland,"FOS IP | 4HT - MCF10A cells, 12 h, FOS IP - MCF10A cells, FOS IP | 4HT - MCF10A cells, 36 h, FOS IP | 4HT - MCF10A cells, 4 h",,,
4HT,FDFT1,mammarygland,"FOS IP | 4HT - MCF10A cells, 12 h, STAT3 IP | 4HT - MCF10 cells, 36 h, E2F4 IP | 4HT - MCF10 cells, FOS IP | 4HT - MCF10A cells, 36 h, FOS IP | 4HT - MCF10A cells, 4 h, STAT3 IP | 4HT - MCF10 cells, 12 h, MYC IP | 4HT - MCF10A cells",,,
CTCF,FDFT1,colon,CTCF IP - HCT116 cells,,,
MXI1,FDFT1,liver,MXI1 IP - HepG2 cells,,,
RELA,FDFT1,colon,RELA IP ,,,
REST,FDFT1,cns,"REST IP - PFSK-N-SH cells1 cells, Rep 1, REST IP - U87 cells, REST IP - SK cells",,,
E2F6,FDFT1,uterus,E2F6 IP - HeLa cells,,,
CEBPB,FDFT1,stemcells,"CEBPB IP, CEBPB IP, CEBPB IP, CEBPB IP, CEBPB IP, CEBPB IP",,,
REST,FDFT1,stemcells,"REST IP - H1 cells, Rep 1, REST IP - H1 cells, Rep 2",,,
R1881,FDFT1,prostate,"R1881 | FOXA1 ChIP-Seq - Rep 1, CON KD + R1881 | FOXA1 ChIP-Seq - Rep 1, CON KD + R1881 | GATA2 ChIP-Seq, GATA2 KD + R1881 | FOXA1 ChIP-Seq, R1881 | FOXA1 ChIP-Seq - Rep 2, CON KD + R1881 | FOXA1 ChIP-Seq - Rep 2, CON KD + R1881 | FOXA1 ChIP-Seq, PIAS1 + R1881 | FOXA1 ChIP-Seq - Rep 2, PIAS1 + R1881 | FOXA1 ChIP-Seq - Rep 1",,,
E2F3,FDFT1,colon,E2F3 IP ,,,
STAT5B,FDFT1,leukocytes,"STAT5B IP | H9RET, Rep 2",,,
H9RET,FDFT1,leukocytes,"STAT5B IP | H9RET, Rep 2",,,
MAFF,FDFT1,leukocytes,MAFF IP - K562 cells,,,
ZNF143,FDFT1,leukocytes,"ZNF143 IP - K562 cells, ZNF143 IP - GM12878 cells",,,
E2F6,FDFT1,leukocytes,"E2F6 IP - K562 cells, E2F6 IP - K562 cells",,,
GABPA,FDFT1,lung,GABPA IP - A549 cells,,,
PBX3,FDFT1,lung,PBX3 IP - A549 cells,,,
ELF3,FDFT1,pancreas,"ELF3 IP, ELF3 IP, ELF3 IP | KLF5 KO",,,
GATA4,FDFT1,stomach,GATA4 IP - AGS,,,
GTF2B,FDFT1,uterus,GTF2B IP - Rep 2,,,
RELA,FDFT1,adiposetissue,"RELA IP, RELA IP, RELA IP, RELA IP",,,
E2F6,FDFT1,stemcells,E2F6 IP - H1 cells,,,
YY1,FDFT1,leukocytes,"YY1 IP - GM12878 cells, YY1 IP - K562 cells, Rep 1, YY1 IP - GM12892 cells, Rep 1, YY1 IP - K562 cells, Rep 2",,,
HES6,FDFT1,prostate,"HES6 OE | E2F1 ChIP-Seq - Rep 3, HES6 OE | E2F1 ChIP-Seq - Rep 1, HES6 OE + BICALU | E2F1 ChIP-Seq - Rep 1",,,
USF1,FDFT1,leukocytes,"USF1 IP - GM12878 cells, USF1 IP - K562 cells",,,
ETS1,FDFT1,leukocytes,"ETS1 IP - K562 cells, ETS1 IP",,,
RUNX1,FDFT1,leukocytes,"RUNX1 IP - N terminus 2, SPI1 IP | RUNX1 KD, RUNX1 IP - Rep 1, RUNX1 IP - Rep 2, RUNX1 IP",,,
CTCF,FDFT1,liver,"CTCF IP - HepG2 cells, Rep 1 , CTCF IP, CTCF IP - SK-N-SH cells, CTCF IP - HepG2 cells ",,,
REST,FDFT1,lung,REST IP - A549 cells,,,
MYC,FDFT1,uterus,MYC IP - HeLa cells,,,
TAL1,FDFT1,colon,TAL1 IP ,,,
TNF,FDFT1,mammarygland,"TNF | FOXA1 ChIP-Seq - Rep 1, TNF | FOXA1 ChIP-Seq - Rep 2",,,
HOXA6,FDFT1,colon,HOXA6 IP ,,,
CEBPB,FDFT1,liver,"CEBPB IP - HepG2 cells, CEBPB ChIP-Seq - HepG2, CEBPB IP | FORSK - HepG2 cells",,,
NFYA,FDFT1,leukocytes,"NFYA IP - K562 cells, NFYA IP - GM12878 cells",,,
STAT5A,FDFT1,leukocytes,STAT5A IP - K562 cells,,,
CTCF,FDFT1,vasculature,"CTCF IP - AoAFC cells, Rep 1 , CTCF IP - HBMEC cells, Rep 1 , CTCF IP - HUVEC cells, Rep 1 , CTCF IP - HPAF cells, Rep 1 ",,,
STAT3,FDFT1,leukocytes,"STAT3 IP - SU-DHL-4, STAT3 IP - OCI-LY19, STAT3 IP - SU-DHL-6",,,
JUND,FDFT1,stemcells,"JUND IP - H1 cells, JUND IP - H1 cells",,,
MXI1,FDFT1,stemcells,MXI1 IP - H1 cells,,,
CREB1,FDFT1,leukocytes,CREB1 IP - GM12878 cells,,,
IRF1,FDFT1,colon,IRF1 IP ,,,
MAX,FDFT1,liver,"MAX IP - HepG2 cells, MAX IP - MCF7 cells, MAX IP - HepG2 cells",,,
FOXM1,FDFT1,cns,FOXM1 IP - SK-N-SH cells,,,
CEBPB,FDFT1,colon,"CEBPB IP - HCT116 cells, CEBPB IP | 125DVD3, CEBPB IP",,,
FOSL2,FDFT1,liver,FOSL2 IP - HepG2 cells,,,
MXI1,FDFT1,lung,MXI1 IP - IMR cells,,,
PAX5,FDFT1,leukocytes,"PAX5 IP - GM12892 cells, PAX5 IP - GM12878 cells, Rep 1",,,
STAT3,FDFT1,mammarygland,"STAT3 IP | 4HT - MCF10 cells, 36 h, STAT3 IP - MCF10A cells, Rep 2, STAT3 IP | 4HT - MCF10 cells, 12 h",,,
E2F4,FDFT1,mammarygland,E2F4 IP | 4HT - MCF10 cells,,,
125DVD3,FDFT1,colon,CEBPB IP | 125DVD3,,,
GATA1,FDFT1,leukocytes,"GATA1 ChIP-Seq - SC266, GATA1 ChIP-Seq - K562",,,
CREB1,FDFT1,stemcells,CREB1 IP - H1 cells,,,
CTCF,FDFT1,skin,"CTCF IP - AG10803 cells, Rep 1 , CTCF IP - AG10803 cells, Rep 2 , CTCF IP - AG04449 cells, Rep 1 ",,,
PRDM1,FDFT1,uterus,PRDM1 IP - HeLa cells,,,
MAZ,FDFT1,uterus,MAZ IP - HeLa cells,,,
USF1,FDFT1,colon,USF1 IP - HCT116 cells,,,
ELF1,FDFT1,colon,ELF1 IP - HCT116 cells,,,
CTCF,FDFT1,mammarygland,"CTCF IP - HMEC cells, Rep 1 , CTCF IP - MCF7 cells, CTCF IP - T47D cells",,,
TP53,FDFT1,lung,"TP53 IP - propapoptic, Rep 1",,,
GABPA,FDFT1,cns,GABPA IP - SK-N-SH cells,,,
FOS,FDFT1,vasculature,FOS IP - HUVEC cells,,,
TEAD4,FDFT1,leukocytes,TEAD4 IP - K562 cells,,,
TCF7L2,FDFT1,pancreas,TCF7L2 IP,,,
GATA2,FDFT1,hspcs,GATA2 IP,,,
KLF11,FDFT1,adiposetissue,"ROSI (BrAT) | KLF11 ChIP-Seq, Rep 1, ROSI (BrAT) | KLF11 ChIP-Seq, Rep 2, KLF11 ChIP-Seq, Rep 1, KLF11 ChIP-Seq, Rep 2",,,
ROSI,FDFT1,adiposetissue,"ROSI (BrAT) | KLF11 ChIP-Seq, Rep 1, ROSI (BrAT) | KLF11 ChIP-Seq, Rep 2",,,
MAX,FDFT1,leukocytes,"MAX IP - GM12878 cells, MAX IP - NB4 cells, MAX IP - K562 cells, Rep 2, MAX IP - K562 cells",,,
DEX,FDFT1,lung,"USF1 IP | DEX - A549 cells, CREB1 IP | DEX - A549 cells, FOXA1 IP | DEX - A549 cells",,,
SREBF1,FDFT1,leukocytes,SREBF1 IP - GM12878 cells,,,
PBX3,FDFT1,leukocytes,PBX3 IP - GM12878 cells,,,
FOXA2,FDFT1,embryonictissue,"FOXA2 IP - Rep 2, FOXA2 IP - Rep 1",,,
JUND,FDFT1,vasculature,JUND IP,,,
NFKB1,FDFT1,leukocytes,NFKB1 IP - Rep 2,,,
ZNF384,FDFT1,leukocytes,"ZNF384 IP - K562 cells, ZNF384 IP - GM12878 cells",,,
HOXA4,FDFT1,colon,HOXA4 IP ,,,
ZNF263,FDFT1,kidney,ZNF263 IP - HEK293 cells,,,
TEAD4,FDFT1,uterus,TEAD4 IP - ECC1 cells,,,
EGR1,FDFT1,leukocytes,EGR1 IP - K562 cells,,,
SREBF1,FDFT1,liver,"SREBF1 IP | PRAV - HepG2 cells, SREBF1 IP | INS + 22RHC - HepG2 cells",,,",11111077"
PRAV,FDFT1,liver,"SREBF1 IP | PRAV - HepG2 cells, SREBF2 IP | PRAV - HepG2 cells",,,
DHT,FDFT1,mammarygland,"DHT | FOXA1 ChIP-Seq, DHT | MYC ChIP-Seq",,,
NFYA,FDFT1,colon,NFYA IP ,,,
E2F4,FDFT1,leukocytes,"E2F4 IP - GM12878 cells, E2F4 IP - K562 cells",,,
GTF2F1,FDFT1,uterus,GTF2F1 IP - HeLa cells,,,
FOXA1,FDFT1,liver,"FOXA1 IP - HepG2 cells, Rep 1, FOXA1 IP - HepG2 cells, Rep 2",,,
USF1,FDFT1,liver,USF1 IP - HepG2 cells,,,
ELF1,FDFT1,lung,ELF1 IP - A549 cells,,,
JUND,FDFT1,leukocytes,JUND IP - K562 cells,,,
E2F4,FDFT1,uterus,E2F4 IP - HeLa cells,,,
MAFK,FDFT1,stemcells,MAFK IP - H1 cells,,,
CTCF,FDFT1,sensory,"CTCF IP - WERI-Rb-1- cells, Rep 1 ",,,
USF1,FDFT1,stemcells,USF1 IP - H1 cells,,,
CEBPB,FDFT1,lung,CEBPB ChIP-Seq - IMR90,,,
FOXA1,FDFT1,lung,"FOXA1 IP - A549 cells, FOXA1 IP | DEX - A549 cells",,,
GATA6,FDFT1,stomach,"GATA6 IP - YCC3, GATA6 IP - AGS, GATA6 IP - KATOIII",,,
NANOG,FDFT1,stemcells,NANOG IP - Rep 8 ,,,
SP1,FDFT1,liver,SP1 IP - HepG2 cells,,,
MAFK,FDFT1,liver,"MAFK IP - HepG2 cells, Rep 1, MAFK IP - HepG2 cells, Rep 2",,,
MYC,FDFT1,mammarygland,"DHT | MYC ChIP-Seq, MYC IP - MCF-10A cells, MYC IP | 4HT - MCF10A cells",,,
JUN,FDFT1,mammarygland,"JUN IP - Rep 1, JUN IP - Rep 2",,,
ZBTB7A,FDFT1,leukocytes,ZBTB7A IP - SK-N-SH cells,,,
USF1,FDFT1,cns,"USF1 IP | ATRA - SK-N-SH cells, USF1 IP - SK-N-SH cells",,,
ATRA,FDFT1,cns,USF1 IP | ATRA - SK-N-SH cells,,,
GABPA,FDFT1,leukocytes,"GABPA IP - GM12878 cells, Rep 4 , GABPA IP - Jurkat, Rep 2, GABPA IP - Jurkat, Rep 1",,,
MYB,FDFT1,leukocytes,"MYB IP - Jurkat, Rep 5, MYB IP - MOLT3, MYB IP - Jurkat, Rep 4, MYB IP - Jurkat, Rep 2, MYB IP - Jurkat, Rep 1, MYB IP - Jurkat, Rep 3",,,
SP1,FDFT1,colon,SP1 IP - HCT116 cells,,,
ROSI,FDFT1,leukocytes,ROSI | SPI1 ChIP-Seq,,,
BHLHE40,FDFT1,liver,BHLHE40 IP - HepG2 cells,,,
CREB1,FDFT1,liver,"CREB1 IP, CREB1 IP - HepG2 cells, CREB1 IP",,,
CUX1,FDFT1,leukocytes,CUX1 IP - K562 cells,,,
SIX2,FDFT1,kidney,"SIX2 IP - 17 weeks, Rep 2, SIX2 IP - 17 weeks, Rep 1",,,
MEF2B,FDFT1,kidney,MEF2B IP | MEF2B OE - Rep 2,,,
MAX,FDFT1,stemcells,MAX IP - H1 cells,,,
TBP,FDFT1,stemcells,TBP IP - H1 cells,,,
SP2,FDFT1,leukocytes,SP2 IP - K562 cells,,,
YY1,FDFT1,stemcells,YY1 IP - H1 cells,,,
FOSL1,FDFT1,colon,FOSL1 IP - HCT116 cells,,,
GATA2,FDFT1,leukocytes,"GATA2 IP - K562 cells, GATA2 IP - K562 cells",,,
E2F1,FDFT1,mammarygland,"E2F1 IP, E2F1 IP - MCF7 cells",,,
GATA2,FDFT1,cns,GATA2 ChIP-Seq SH-SY5Y,,,
17BE2; TNF,FDFT1,mammarygland,"17BE2 + TNF | FOXA1 ChIP-Seq - Rep 2, 17BE2 + TNF | FOXA1 ChIP-Seq - Rep 1",,,
BHLHE40,FDFT1,leukocytes,"BHLHE40 IP - GM12878 cells, BHLHE40 IP - K562 cells",,,
CEBPB,FDFT1,uterus,CEBPB ChIP-Seq - HeLaS3,,,
REST,FDFT1,liver,"REST IP - HepG2 cells, Rep 1, REST IP - HepG2 cells, Rep 2",,,
IFNA1,FDFT1,leukocytes,JUN IP | IFNA1-13 - 30 min ,,,
MXI1,FDFT1,cns,MXI1 IP - SK-N-SH cells ,,,
STAT1,FDFT1,leukocytes,"STAT1 IP - Rep 5, STAT1 IP - Rep 1, STAT1 IP - Rep 4, STAT1 IP - Rep 2, STAT1 IP - Rep 3",,,
MAZ,FDFT1,liver,MAZ IP - HepG2 cells,,,
USF2,FDFT1,uterus,USF2 IP - HeLa cells,,,
HEY1,FDFT1,liver,HEY1 IP - HepG2 cells,,,
CREB1,FDFT1,lung,CREB1 IP | DEX - A549 cells,,,
UBTF,FDFT1,leukocytes,"UBTF IP - K562 cells, UBTF IP - K562 cells",,,
RELA,FDFT1,leukocytes,"RELA IP | BAY082  - IVD Th1 cells, PIA",,,
BAY082,FDFT1,leukocytes,"RELA IP | BAY082  - IVD Th1 cells, PIA",,,
ZNF217,FDFT1,mammarygland,ZNF217 IP - MCF7 cells,,,
SRF,FDFT1,leukocytes,"SRF IP - SK-N-SH cells, SRF IP - GM12878 cells, Rep 2",,,
MAFK,FDFT1,lung,MAFK IP - IMR cells,,,
SP1,FDFT1,stemcells,"SP1 IP - Rep 1 , SP1 IP - Rep 2 , SP1 IP - H1 cells",,,
IRF1,FDFT1,leukocytes,"IRF1 IP | IFNG - K562 cells, 6 h",,,
SOX10,FDFT1,skin,SOX10 IP,,,
ERG,FDFT1,prostate,DHT | ERG ChIP-Seq - 18 h,,,
TP53,FDFT1,skin,"TP53 IP | NUTL3, TP53 IP",,,
IRF3,FDFT1,uterus,IRF3 IP - HeLa cells,,,
MXI1,FDFT1,uterus,MXI1 IP - HeLa cells,,,
MAX,FDFT1,vasculature,MAX IP - HUVEC cells,,,
USF2,FDFT1,leukocytes,USF2 IP - GM12878 cells,,,
MAFK,FDFT1,leukocytes,MAFK IP - K562 cells,,,
POU2F2,FDFT1,leukocytes,POU2F2 IP - GM12878 cells,,,
FOXA1,FDFT1,uterus,FOXA1 ChIP-Seq - Tumor E,,,
CEBPB,FDFT1,bone,CEBPB IP,,,
MAFK,FDFT1,uterus,MAFK IP - HeLa cells,,,
HMGN3,FDFT1,leukocytes,HMGN3 IP - K562 cells,,,
TBP,FDFT1,uterus,TBP IP - HeLa cells,,,
FOXA2,FDFT1,lung,FOXA2 IP - A549 cells,,,
ATF2,FDFT1,colon,ATF2 IP ,,,
SP2,FDFT1,stemcells,SP2 IP - H1 cells,,,
ELF1,FDFT1,cns,ELF1 IP - SK-N-SH cells,,,
REST,FDFT1,leukocytes,"REST IP - HL60 cells, REST IP - K562 cells, REST IP - GM12878 cells, Rep 1",,,
SP2,FDFT1,liver,SP2 IP - HepG2 cells,,,
TCF12,FDFT1,uterus,TCF12 IP - ECC1 cells,,,
TCF12,FDFT1,cns,TCF12 IP - SK-N-SH cells,,,
ELF1,FDFT1,liver,ELF1 IP - HepG2 cells,,,
GABPA,FDFT1,liver,"GABPA IP - MCF7 cells, GABPA IP - HepG2 cells",,,
E2F6,FDFT1,lung,E2F6 IP - A549 cells,,,
USF2,FDFT1,liver,USF2 IP - HepG2 cells,,,
FOXA1,FDFT1,pancreas,"FOXA1 IP, FOXA1 IP | KLF5 KO",,,
MXI1,FDFT1,leukocytes,MXI1 IP - GM12878 cells,,,
NFYA,FDFT1,uterus,NFYA IP - HeLa cells,,,
KLF5,FDFT1,pancreas,"ELF3 IP | KLF5 KO, FOXA1 IP | KLF5 KO",,,
PDX1,FDFT1,pancreas,PDX1 IP,,,
FOXP1,FDFT1,prostate,FOXP1 ChIP-Seq,,,
YY1,FDFT1,liver,YY1 IP - HepG2 cells,,,
FOS,FDFT1,uterus,FOS IP - HeLa cells,,,
NFYB,FDFT1,leukocytes,"NFYB IP - K562 cells, NFYB IP - GM12878 cells",,,
USF1,FDFT1,uterus,USF1 IP - ECC1 cells,,,
FOSL2,FDFT1,mammarygland,FOSL2 IP - MCF7 cells,,,
ELF1,FDFT1,leukocytes,"ELF1 IP - SK-N-SH cells, ELF1 IP - SK-N-SH cells",,,
FOXH1,FDFT1,stemcells,FOXH1 ChIP-Seq - Escs,,,
NFYB,FDFT1,uterus,NFYB IP - HeLa cells,,,
RUNX1,FDFT1,hspcs,RUNX1,,,
ZBTB7A,FDFT1,uterus,ZBTB7A IP - ECC1 cells,,,
SRF,FDFT1,uterus,SRF IP - ECC1 cells,,,
MYC,FDFT1,liver,MYC IP,,,
CTCF,FDFT1,heart,CTCF IP - HCF cells ,,,
ZEB1,FDFT1,liver,ZEB1 IP - HepG2 cells,,,
IRF3,FDFT1,leukocytes,IRF3 IP - GM12878 cells,,,
GLI2,FDFT1,colon,GLI2 IP ,,,
KLF5,FDFT1,stomach,KLF5 IP - KATOIII,,,
SREBF2,FDFT1,liver,SREBF2 IP | PRAV - HepG2 cells,,,",11111077"
NFYC,FDFT1,colon,NFYC IP ,,,
FOXM1,FDFT1,uterus,FOXM1 IP - ECC1 cells,,,
SRF,FDFT1,colon,SRF IP - HCT116 cells,,,
TCF3,FDFT1,leukocytes,TCF3 IP - GM12878 cells,,,
USF2,FDFT1,stemcells,USF2 IP - H1 cells,,,
ZEB1,FDFT1,leukocytes,ZEB1 IP - GM12878 cells,,,
TBP,FDFT1,leukocytes,"TBP IP - GM12878 cells, TBP IP - K562 cells",,,
YY1,FDFT1,uterus,YY1 IP - ECC1 cells,,,
22RHC; INS,FDFT1,liver,SREBF1 IP | INS + 22RHC - HepG2 cells,,,
ETV5,FDFT1,colon,ETV5 IP ,,,
FORSK,FDFT1,liver,CEBPB IP | FORSK - HepG2 cells,,,
ERG,FDFT1,leukocytes,ERG IP - Rep 1,,,
PIAS1,FDFT1,prostate,"PIAS1 + R1881 | FOXA1 ChIP-Seq - Rep 2, PIAS1 + R1881 | FOXA1 ChIP-Seq - Rep 1",,,
ELF1,FDFT1,mammarygland,ELF1 IP - MCF7 cells,,,
GATA1,FDFT1,liver,"GATA1 IP - PBDE cells, Rep 2",,,
MAX,FDFT1,cns,MAX IP - SK-N-SH cells,,,
TCF7L2,FDFT1,mammarygland,TCF7L2 ChIP-Seq,,,
ZBTB7A,FDFT1,liver,ZBTB7A IP - HepG2 cells,,,
CTCF,FDFT1,kidney,"CTCF IP - HEK293 cells, Rep 1 ",,,
MAX,FDFT1,colon,MAX IP - HCT116 cells,,,
FOSL1,FDFT1,leukocytes,FOSL1 IP - K562 cells,,,
LYL1,FDFT1,leukocytes,LYL1 IP - HL-60,,,
CREB1,FDFT1,colon,CREB1 IP ,,,
OTX2,FDFT1,stemcells,OTX2 IP - Rep 10 ,,,
ATF1,FDFT1,leukocytes,ATF1 IP - K562 cells,,,
SP1,FDFT1,lung,SP1 IP - A549 cells,,,
CTCF,FDPS,leukocytes,"CTCF IP - GM19193 cells, Rep 1 , CTCF IP - K562 cells , CTCF IP, CTCF IP - GM12878 cells, Rep 2 , CTCF IP - GM12872 cells, Rep 1 , CTCF IP - K562 cells, Rep 13 , CTCF IP - GM2255 cells, Rep 3 , CTCF IP - GM07346 cells, CTCF IP -  DND , CTCF IP - GM18526 cells, Rep 1 , CTCF IP - K562 cells, Rep 12 , CTCF IP - F36P cells, Rep 2 , CTCF IP - GM2588 cells, Rep 1 , CTCF IP - UT-7 cells, Rep 5 , CTCF IP - GM12815 cells, Rep 1, CTCF IP - GM12892 cells, Rep 2 , CTCF IP - GM06990 cells, Rep 2 , CTCF IP - F36P cells, Rep 15 , CTCF IP - GM11994 cells, Rep 2, CTCF IP - GM18486 cells, Rep 3 , CTCF IP - GM12890 cells, Rep 1 , CTCF IP - K562 cells, Rep 2 , CTCF IP - GM19193 cells, Rep 2 , CTCF IP - F36P cells, Rep 10 , CTCF IP - GM12154 cells, Rep 2, CTCF IP - GM11831 cells, CTCF IP - GM12871 cells , CTCF IP - F36P cells, Rep 5 , CTCF IP - GM12865 cells, Rep 2 , CTCF IP - GM2255 cells, Rep 1 , CTCF IP - GM12890 cells, Rep 2 , CTCF IP - K562 cells, Rep 1 , CTCF IP - F36P cells, Rep 6 , CTCF IP - GM06990 cells, Rep 1 , CTCF IP - UT-7 cells, Rep 4 , CTCF IP - GM11994 cells, Rep 1, CTCF IP - GM19239 cells, Rep 1 , CTCF IP - GM12878 cells, Rep 1 , CTCF IP - GM19238 cells, Rep 1 , CTCF IP - KU812 cells, Rep 13 , CTCF IP - KU812 cells, Rep 17 , CTCF IP - UT-7 cells, Rep 3 , CTCF IP - GM12154 cells, Rep 1, CTCF IP - GM10847 cells, Rep 2 , CTCF IP - K562 cells, Rep 11 , CTCF IP - KU812 cells, Rep 9 , CTCF IP - GM2610 cells, Rep 2 , CTCF IP - GM12864 cells, Rep 1 , CTCF IP - GM12875 cells, Rep 1 , CTCF IP - GM19240 cells, Rep 2 , CTCF IP - GM12873 cells, Rep 3 , CTCF IP - GM12878 cells, Rep 2 , CTCF IP - GM10847 cells, Rep 1 , CTCF IP - GM19238 cells, Rep 2 , CTCF IP - GM12869 cells , CTCF IP - UT-7 cells, Rep 2 , CTCF IP - GM12865 cells, Rep 3 , CTCF IP - GM12874 cells, Rep 2 , CTCF IP - F36P cells, Rep 3 , CTCF IP - MS1 cells, Rep 1 , CTCF IP - GM11881 cells, CTCF IP - GM18951 cells, Rep 1 , CTCF IP - GM2610 cells, Rep 3 , CTCF IP - F36P cells, Rep 11 , CTCF IP - GM2610 cells, Rep 1 , CTCF IP - GM06986 cells, CTCF IP - K562 cells, Rep 16 , CTCF IP - GM12892 cells, Rep 1 , CTCF IP - GM18486 cells, Rep 2 , CTCF IP - K562 cells, CTCF IP - UT-7 cells, Rep 1 , CTCF IP - MS1 cells, Rep 2 , CTCF IP - KU812 cells, Rep 1 , CTCF IP - GM12890 cells, Rep 3 , CTCF IP - GM2630 cells, Rep 3 , CTCF IP - F36P cells, Rep 17 , CTCF IP - GM12891 cells, Rep 2 , CTCF IP - GM12866 cells , CTCF IP - GM19240 cells, Rep 1 , CTCF IP - GM2630 cells, Rep 1 , CTCF IP - GM12828 cells, CTCF IP - F36P cells, Rep 19 , CTCF IP - GM12868 cells , CTCF IP - GM19099 cells, Rep 2 , CTCF IP - GM19099 cells, Rep 1 , CTCF IP - GM12814 cells, Rep 1, CTCF IP - GM12878 cells , CTCF IP - F36P cells, Rep 7 , CTCF IP - GM12864 cells, Rep 3 , CTCF IP - GM19239 cells, Rep 2 , CTCF IP - K562 cells, Rep 14 , CTCF IP - GM18505 cells, Rep 1 , CTCF IP - GM12873 cells, Rep 1 , CTCF IP - GM12814 cells, Rep 2, CTCF IP - GM2255 cells, Rep 2 , CTCF IP - MS1 cells, Rep 3 , CTCF IP - K562 cells, Rep 15 , CTCF IP - GM2630 cells, Rep 2 , CTCF IP - GM12867 cells , CTCF IP - GM12870 cells , CTCF IP - GM12872 cells, Rep 3 , CTCF IP - GM2588 cells, Rep 2 , CTCF IP - F36P cells, Rep 18 , CTCF IP - GM11811 cells, Rep 1, CTCF IP - CD14+ cells , CTCF IP - HeLa cells, Rep 2 , CTCF ChIP-Seq - GM12878, CTCF IP - F36P cells, Rep 14 , CTCF IP - GM12891 cells, Rep 1 , CTCF IP -  CD20+ cells , CTCF IP - MS1 cells, Rep 4 , CTCF IP - K562 cells, CTCF IP - NB4 cells , CTCF IP - GM2588 cells, Rep 3 , CTCF IP - F36P cells, Rep 13 , CTCF IP - GM12873 cells, Rep 1 , CTCF IP - GM18526 cells, Rep 2 , CTCF IP - GM12878 cells, Rep 1 , CTCF IP - GM18505 cells, Rep 2 , CTCF IP - GM18486 cells, Rep 1 , CTCF IP - GM18951 cells, Rep 2 ",,,
FLI1,FDPS,hspcs,FLI1 IP,,,
FOXA2,FDPS,embryonictissue,FOXA2 IP - Rep 2,,,
SRF,FDPS,mammarygland,SRF IP - MCF7 cells,,,
ZNF143,FDPS,kidney,ZNF143 IP - HEK293-T-rex,,,
RBPJ,FDPS,leukocytes,"RBPJ IP | COMPE, RBPJ IP | COMPE - wash",,,
COMPE,FDPS,leukocytes,"RBPJ IP | COMPE, RBPJ IP | COMPE - wash",,,
FOXP2,FDPS,cns,"FOXP2 IP - PFSK-1 cells, FOXP2 IP - SK cells",,,
CTCF,FDPS,liver,"CTCF IP - HepG2 cells, Rep 2 , CTCF IP - HepG2 cells, Rep 1 , CTCF IP - SK-N-SH cells, CTCF IP, CTCF IP - HepG2 cells ",,,
GABPA,FDPS,liver,"GABPA IP, GABPA IP - MCF7 cells, GABPA IP, GABPA IP - HepG2 cells, GABPA IP",,,
CTCF,FDPS,kidney,"CTCF IP - RPTEC cells, Rep 2 , CTCF IP - HRE cells, Rep 1 , CTCF IP - HRE cells, Rep 2 , CTCF IP - RPTEC cells, Rep 1 , CTCF IP - HEK293 cells, Rep 1 ",,,
CREB1,FDPS,lung,"CREB1 IP | DEX - A549 cells, CREB1 IP - A549 cells, Rep 2, CREB1 IP - A549 cells, Rep 1",,,
DEX,FDPS,lung,"CREB1 IP | DEX - A549 cells, CTCF IP | DEX - A549 cells , CTCF IP | DEX - A549 cells, USF1 IP | DEX - A549 cells",,,
STAT5A,FDPS,leukocytes,"STAT5A IP - K562 cells, STAT5A IP - GM12878 cells",,,
SP1,FDPS,lung,SP1 IP - A549 cells,,,
GABPA,FDPS,prostate,"GABPA IP - Rep 2, GABPA IP - Rep 1, GABPA IP | R1881",,,
ZBTB7A,FDPS,uterus,ZBTB7A IP - ECC1 cells,,,
CEBPB,FDPS,stemcells,"CEBPB IP, CEBPB IP, CEBPB IP",,,
CTCF,FDPS,vasculature,"CTCF IP - AoAFC cells, Rep 1 , CTCF IP - HUVEC cells , CTCF IP - HUVEC cells, Rep 1 , CTCF IP - HBMEC cells, Rep 1 , CTCF IP - HBMEC cells, Rep 2 , CTCF IP - HPAF cells, Rep 1 , CTCF IP - HPAF cells, Rep 2 , CTCF IP - HUVEC cells, Rep 2 ",,,
FOXA2,FDPS,liver,FOXA2 IP - HepG2 cells,,,
CTCF,FDPS,skeletalmuscle,"CTCF IP - HSMM cells, Rep 2 , CTCF IP - HSMM cells, Rep 1 ",,,
JUN,FDPS,leukocytes,"JUN IP - K562 cells, Rep 1, JUN IP - K562 cells, Rep 2, JUN IP | IFNA1-13 - 30 min ",,,
RUNX1T1,FDPS,leukocytes,RUNX1T1 IP,,,
E2F1,FDPS,prostate,"HES6 OE | E2F1 ChIP-Seq - Rep 1, HES6 OE + BICALU | E2F1 ChIP-Seq - Rep 1, E2F1 ChIP-Seq - Rep 4, BICALU + HES6 OE | E2F1 ChIP-Seq - Rep 2, E2F1 ChIP-Seq - Rep 1, HES6 OE + BICALU | E2F1 ChIP-Seq - Rep 3, HES6 OE | E2F1 ChIP-Seq - Rep 4, BICALU | E2F1 ChIP-Seq - Rep 1, BICALU | E2F1 ChIP-Seq - Rep 2, BICALU + HES6OE | E2F1 ChIP-Seq - Rep 4, BICALU | E2F1 ChIP-Seq - Rep 4, HES6 OE | E2F1 ChIP-Seq - Rep 2, BICALU | E2F1 ChIP-Seq - Rep 3, HES6 OE | E2F1 ChIP-Seq - Rep 3, E2F1 ChIP-Seq - Rep 2, E2F1 ChIP-Seq - Rep 3",,,
HES6,FDPS,prostate,"HES6 OE | E2F1 ChIP-Seq - Rep 1, HES6 OE + BICALU | E2F1 ChIP-Seq - Rep 1, BICALU + HES6 OE | E2F1 ChIP-Seq - Rep 2, HES6 OE + BICALU | E2F1 ChIP-Seq - Rep 3, HES6 OE | E2F1 ChIP-Seq - Rep 4, BICALU + HES6OE | E2F1 ChIP-Seq - Rep 4, HES6 OE | E2F1 ChIP-Seq - Rep 2, HES6 OE | E2F1 ChIP-Seq - Rep 3",,,
E2F4,FDPS,leukocytes,"E2F4 IP - GM12878 cells, E2F4 IP - K562 cells",,,
CTCF,FDPS,skin,"CTCF IP - BJ cells, Rep 1 , CTCF IP - NHEK cells , CTCF IP - AG04449 cells, Rep 2 , CTCF IP - NHDF cells, Rep 2 , CTCF IP - AG10803 cells, Rep 1 , CTCF IP - AG09309 cells, Rep 1 , CTCF IP - HFFC cells, Rep 2 , CTCF IP - AG10803 cells, Rep 2 , CTCF IP - HFFC cells, Rep 1 , CTCF IP - NHDF cells , CTCF IP - HFFC cells, Rep 3 , CTCF IP - NHDF cells, Rep 1 , CTCF IP - BJ cells, Rep 2 , CTCF IP - AG04449 cells, Rep 1 ",,,
HMGN3,FDPS,leukocytes,HMGN3 IP - K562 cells,,,
CEBPB,FDPS,lung,"CEBPB ChIP-Seq - A549, CEBPB ChIP-Seq - IMR90, CEBPB IP - A549 cells",,,
CTCF,FDPS,heart,"CTCF IP - myocytes cells, Rep 1 , CTCF IP - myocytes cells, Rep 2 , CTCF IP - HCF cells ",,,
FOXA1,FDPS,mammarygland,"DHT | FOXA1 ChIP-Seq, FOXA1 ChIP-Seq - Rep 1, FOXA1 ChIP-Seq - Rep 2, 17BE2 | FOXA1 ChIP-Seq - Rep 2, DEX | FOXA1 ChIP-Seq - Rep 2, FOXA1 IP - T47D cells, DEX | FOXA1 ChIP-Seq - Rep 2, FOXA1 ChIP-Seq - Rep 1, DEX | FOXA1 ChIP-Seq - Rep 1, DEX | FOXA1 ChIP-Seq - Rep 1, 17BE2 | FOXA1 ChIP-Seq - Rep 2",,,
DHT,FDPS,mammarygland,"DHT | FOXA1 ChIP-Seq, DHT | TCF7L2 ChIP-Seq, DHT | MYC ChIP-Seq",,,
GATA2,FDPS,hspcs,"GATA2 IP, GATA2 IP",,,
MYC,FDPS,leukocytes,"MYC IP - K562 cells, Rep 2, MYC IP | IFNA1 - K562 cells, 30 min, MYC IP - K562 cells, Rep 1, MYC IP - NB4 cells, MYC IP | IFNA1 - K562 cells, 6 h, MYC IP | IFNG - K562 cells, 30 min, MYC IP | IFNG - K562 cells, 6 h",,,
CTCF,FDPS,cns,"CTCF IP - SK cells, CTCF IP - HCPEpiC cells, Rep 2 , CTCF IP - SK-N-SH cells, Rep 2 , CTCF IP - cerebellar astrocyte cells, Rep 2 , CTCF IP - BE(2)-C cells, Rep 1 , CTCF IP - HCPEpiC cells, Rep 1 , CTCF IP - BE(2)-C cells, Rep 2 , CTCF IP - spinal cord astrocyte cells, Rep 1 , CTCF IP - SK-N-SH cells, Rep 1 , CTCF IP - NHA cells , CTCF IP - spinal cord astrocyte cells, Rep 2 , CTCF IP - SK-N-SH cells ",,,
CREB1,FDPS,liver,"CREB1 IP - HepG2 cells, CREB1 IP, CREB1 IP, CREB1 IP","15753290,",,
ELF1,FDPS,leukocytes,"ELF1 IP - SK-N-SH cells, ELF1 IP - SK-N-SH cells",,,
TBP,FDPS,leukocytes,"TBP IP - GM12878 cells, TBP IP - K562 cells",,,
CTCF,FDPS,mammarygland,"CTCF IP - HMEC cells, Rep 2 , CTCF IP - MCF7 cells, CTCF IP - HMEC cells, Rep 1 , CTCF IP - HMF cells, Rep 1 , CTCF IP - HMF cells, Rep 2 ",,,
RELA,FDPS,leukocytes,"RELA IP | TNF - GM18505 cells, RELA IP | TNF - GM12891 cells, RELA IP | TNF - GM10847 cells, RELA IP | TNF - GM19193 cells, RELA IP | TNF - GM15510 cells, RELA IP | TNF - GM12892 cells, RELA IP | TNF - GM12878 cells, RELA IP | TNF - GM18951 cells, RELA IP | BAY082  - IVD Th1 cells, PIA, RELA IP | TNF - GM19099 cells, RELA IP - IVD Th1 cells, PIA",,,
TNF,FDPS,leukocytes,"RELA IP | TNF - GM18505 cells, RELA IP | TNF - GM12891 cells, RELA IP | TNF - GM10847 cells, RELA IP | TNF - GM19193 cells, RELA IP | TNF - GM15510 cells, RELA IP | TNF - GM12892 cells, RELA IP | TNF - GM12878 cells, RELA IP | TNF - GM18951 cells",,,
USF2,FDPS,uterus,USF2 IP - HeLa cells,,,
THAP11,FDPS,stemcells,"THAP11 IP - Rep 5 , THAP11 IP - Rep 4 , THAP11 IP - Rep 2 , THAP11 IP - Rep 1 , THAP11 IP - Rep 3 ",,,
EBF1,FDPS,leukocytes,"EBF1 IP - GM12878 cells, EBF1 IP - GM12878 cells",,,
ZNF280D,FDPS,colon,ZNF280D IP ,,,
GATA2,FDPS,prostate,"CON KD + R1881 | GATA2 ChIP-Seq, GATA2 ChIP-Seq - Rep 2, CON KD + FBS | GATA2 ChIP-Seq, GATA2 ChIP-Seq - Rep 1, FOXA1 KD | GATA2 ChIP-Seq, GATA2 ChIP-Seq",,,
R1881,FDPS,prostate,"CON KD + R1881 | GATA2 ChIP-Seq, GABPA IP | R1881",,,
SP1,FDPS,leukocytes,"SP1 IP - K562 cells, SP1 IP - GM12878 cells",,,
MXI1,FDPS,liver,MXI1 IP - HepG2 cells,,,
SPI1,FDPS,leukocytes,"SPI1 IP - U-937 cells, Rep 4 , SPI1 IP, SPI1 IP, SPI1 IP, SPI1 IP, SPI1 IP, SPI1 IP, SPI1 IP",,,
IRF1,FDPS,colon,IRF1 IP ,,,
NFKB1,FDPS,leukocytes,"NFKB1 IP - Rep 1, NFKB1 IP - Rep 2",,,
STAT3,FDPS,mammarygland,"STAT3 IP | 4HT - MCF10 cells, 36 h, STAT3 IP - MCF10A cells, Rep 1, STAT3 IP - MCF10A cells, Rep 2, STAT3 IP | 4HT - MCF10 cells, 12 h",,,
4HT,FDPS,mammarygland,"STAT3 IP | 4HT - MCF10 cells, 36 h, MYC IP | 4HT - MCF10A cells, FOS IP | 4HT - MCF10A cells, 12 h, STAT3 IP | 4HT - MCF10 cells, 12 h, FOS IP | 4HT - MCF10A cells, 36 h, E2F4 IP | 4HT - MCF10 cells, FOS IP | 4HT - MCF10A cells, 4 h",,,
TP53,FDPS,mammarygland,TP53 IP,,,
BICALU,FDPS,prostate,"HES6 OE + BICALU | E2F1 ChIP-Seq - Rep 1, BICALU + HES6 OE | E2F1 ChIP-Seq - Rep 2, HES6 OE + BICALU | E2F1 ChIP-Seq - Rep 3, BICALU | E2F1 ChIP-Seq - Rep 1, BICALU | E2F1 ChIP-Seq - Rep 2, BICALU + HES6OE | E2F1 ChIP-Seq - Rep 4, BICALU | E2F1 ChIP-Seq - Rep 4, BICALU | E2F1 ChIP-Seq - Rep 3",,,
NFYB,FDPS,leukocytes,"NFYB IP - GM12878 cells, NFYB IP - K562 cells",,,
CTCF,FDPS,megakaryocytelineage,"CTCF IP - MEG-01 cells, Rep 4 , CTCF IP - MEG-01 cells, Rep 8 , CTCF IP - MEG-01 cells, Rep 6 , CTCF IP - MEG-01 cells, Rep 2 , CTCF IP - MEG-01 cells, Rep 10 ",,,
ELK1,FDPS,uterus,"ELK1 IP - HeLa, ELK1 IP - HeLa cells",,,
ELF1,FDPS,lung,ELF1 IP - A549 cells,,,
JUND,FDPS,colon,JUND IP - HCT116 cells,,,
GABPA,FDPS,leukocytes,"GABPA IP - K562 cells, GABPA IP - GM12878 cells, Rep 5 , GABPA IP - GM12878 cells, Rep 4 , GABPA IP - Jurkat, Rep 1, GABPA IP - GM12878 cells, Rep 1 , GABPA IP - GM12878 cells, Rep 3 , GABPA IP - HL cells, GABPA IP - GM12878 cells, Rep 2 , GABPA IP - Jurkat, Rep 2, GABPA IP - GM12878 cells",,,
POU2F2,FDPS,leukocytes,POU2F2 IP - GM12878 cells,,,
FOXA1,FDPS,stemcells,FOXA1 IP - ES D10,,,
GATA4,FDPS,stomach,"GATA4 IP - AGS, GATA4 IP - YCC3",,,
REST,FDPS,liver,"REST IP - HepG2 cells, Rep 2, REST IP - HepG2 cells, Rep 1",,,
MAX,FDPS,uterus,"MAX IP - HeLa cells, Rep 2, MAX IP - HeLa cells, Rep 1, MAX IP - ECC1 cells",,,
ATF3,FDPS,leukocytes,"ATF3 IP - K562 cells, ATF3 IP - GM12878 cells, ATF3 IP - K562 cells",,,
FOXP1,FDPS,colon,FOXP1 IP ,,,
FOXA1,FDPS,prostate,"FOXA1 ChIP-Seq - Rep 1, FOXA1 siRNA | CREB1 ChIP-Seq - Rep 1, CON KD | FOXA1 ChIP-Seq, WT AR OE | FOXA1 ChIP-Seq, FOXA1 ChIP-Seq - Rep 2, CREB1 siRNA | FOXA1 ChIP-Seq - Rep 1, DHT | FOXA1 ChIP-Seq, FOXA1 siRNA | CREB1 ChIP-Seq - Rep 2, FOXA1 ChIP-Seq, FOXA1 KD | GATA2 ChIP-Seq, CON KD  | FOXA1 ChIP-Seq, CREB1 siRNA | FOXA1 ChIP-Seq - Rep 2",,,
CTCF,FDPS,stemcells,"CTCF IP - Rep 3 , CTCF IP - Rep 1 , CTCF IP - Rep 7 , CTCF IP - Rep 6 , CTCF IP - H1 cells , CTCF IP - Rep 5 , CTCF IP - H1 cells, CTCF IP - Rep 4 , CTCF IP - Rep 2 ",,,
STAT3,FDPS,leukocytes,"STAT3 IP - SU-DHL-6, STAT3 IP - OCI-LY7, STAT3 IP - SU-DHL-4, STAT3 IP - OCI-LY10, STAT3 IP - SU-DHL-2, STAT3 IP - OCI-LY19, STAT3 IP - U-2932",,,
ATF3,FDPS,colon,"ATF3 IP - HCT116 cells, ATF3 IP, ATF3 IP | CAMPTO",,,
JUN,FDPS,colon,JUN IP ,,,
TP53,FDPS,bone,"TP53 IP, TP53 IP | TP53EE/RR OE",,,
CREB1,FDPS,prostate,"FOXA1 siRNA | CREB1 ChIP-Seq - Rep 1, CREB1 ChIP-Seq - LNCaP, CREB1 ChIP-Seq - LNCaP-abl, CREB1 siRNA | FOXA1 ChIP-Seq - Rep 1, CREB1 ChIP-Seq - Rep 2, FOXA1 siRNA | CREB1 ChIP-Seq - Rep 2, CREB1 ChIP-Seq - Rep 1, CREB1 siRNA | FOXA1 ChIP-Seq - Rep 2",,,
CTCF,FDPS,lung,"CTCF IP | DEX - A549 cells , CTCF IP - NHLF cells , CTCF IP - A549 cells, Rep 2 , CTCF IP - A549 cells, CTCF IP - A549 cells , CTCF IP - NHLF cells , CTCF IP | DEX - A549 cells, CTCF IP - HPF cells, Rep 1 , CTCF IP - A549 cells, Rep 1 , CTCF IP - IMR cells, CTCF IP - AG04450 cells, Rep 2 , CTCF IP - HPF cells, Rep 2 , CTCF ChIP-Seq - A549, CTCF IP - AG04450 cells, Rep 1 ",,,
ELK4,FDPS,uterus,"ELK4 IP - HeLa cells, ELK4 IP - HeLa, Rep 1, ELK4 IP - HeLa, Rep 2",,,
MYBL2,FDPS,liver,MYBL2 IP - HepG2 cells,,,
E2F1,FDPS,uterus,"E2F1 IP - HeLa cells, Rep 2, E2F1 IP - HeLa cells, Rep 1",,,
YY1,FDPS,cns,"YY1 IP | ATRA - SK-N-SH cells, YY1 IP - SK-N-SH cells",,,
ATRA,FDPS,cns,"YY1 IP | ATRA - SK-N-SH cells, USF1 IP | ATRA - SK-N-SH cells",,,
ERG,FDPS,prostate,"DMSO | ERG ChIP-Seq - Rep 2, JQI | ERG ChIP-Seq - Rep 1, ERG ChIP-Seq, JQI | ERG ChIP-Seq - Rep 2, DMSO | ERG ChIP-Seq - Rep 1, DHT | ERG ChIP-Seq - 18 h, ERG ChIP-Seq, DHT | ERG ChIP-Seq - 2 h",,,
GATA1,FDPS,hspcs,"GATA1 IP - PBDE cells, Rep 1, GATA1 IP - Rep 2, GATA1 IP - Rep 1",,,
GATA4,FDPS,stemcells,"GATA4 IP - Rep 1 , GATA4 IP - Rep 13 ",,,
ELF3,FDPS,pancreas,"ELF3 IP, ELF3 IP | KLF5 KO, ELF3 IP",,,
GATA6,FDPS,stomach,"GATA6 IP - YCC3, GATA6 IP - AGS, GATA6 IP - KATOIII",,,
MAX,FDPS,colon,MAX IP - HCT116 cells,,,
IRF1,FDPS,pancreas,IRF1 IP,,,
MAX,FDPS,leukocytes,"MAX IP - K562 cells, MAX IP - K562 cells, Rep 1, MAX IP - NB4 cells, MAX IP - K562 cells, Rep 2, MAX IP - GM12878 cells",,,
17BE2,FDPS,mammarygland,"17BE2 | FOXA1 ChIP-Seq - Rep 2, 17BE2 | RELA ChIP-Seq - Rep 2, 17BE2 | RELA ChIP-Seq - Rep 1, 17BE2 | FOXA1 ChIP-Seq - Rep 2",,,
KLF5,FDPS,pancreas,"KLF5 IP, ELF3 IP | KLF5 KO",,,
NFYA,FDPS,leukocytes,NFYA IP - K562 cells,,,
GABPA,FDPS,stemcells,GABPA IP - H1 cells,,,
CDX2,FDPS,colon,CDX2 IP | 125DVD3,,,
125DVD3,FDPS,colon,"CDX2 IP | 125DVD3, CEBPB IP | 125DVD3",,,
JQ1,FDPS,prostate,"JQI | ERG ChIP-Seq - Rep 1, JQI | ERG ChIP-Seq - Rep 2",,,
GATA3,FDPS,lung,GATA3 IP - A549 cells,,,
JUN,FDPS,mammarygland,"JUN IP - Rep 2, JUN IP - Rep 1",,,
ELK1,FDPS,leukocytes,ELK1 IP - GM12878 cells,,,
IRF4,FDPS,leukocytes,"IRF4 IP, IRF4 IP - GM12878 cells",,,
REST,FDPS,cns,"REST IP - PFSK1 cells, Rep 2, REST IP - PFSK-N-SH cells1 cells, Rep 1, REST IP - SK-N-SH cells, REST IP - U87 cells, REST IP - SK cells",,,
CTCF,FDPS,colon,"CTCF IP - HCT116 cells, CTCF IP - HCT116 cells, Rep 1 , CTCF IP - Caco-2 cells, Rep 1 ",,,
E2F4,FDPS,uterus,E2F4 IP - HeLa cells,,,
CTCF,FDPS,hspcs,"CTCF IP - HEL 92.1.7 cells, Rep 11 , CTCF IP - Erythroid cells, Rep 1, CTCF IP - HEL 92.1.7 cells, Rep 14 , CTCF IP - HEL 92.1.7 cells, Rep 8 , CTCF IP - HEL 92.1.7 cells, Rep 5 , CTCF IP - HEL 92.1.7 cells, Rep 2 ",,,
SIX5,FDPS,leukocytes,"SIX5 IP - K562 cells, Rep 2, SIX5 IP - K562 cells, Rep 1, SIX5 IP - GM12878 cells",,,
TCF12,FDPS,leukocytes,TCF12 IP - GM12878 cells,,,
RUNX1,FDPS,leukocytes,"RUNX1 IP, RUNX1 IP, RUNX1 IP - Rep 2",,,
NFYB,FDPS,uterus,NFYB IP - HeLa cells,,,
MXI1,FDPS,lung,MXI1 IP - IMR cells,,,
RELA,FDPS,mammarygland,"17BE2 | RELA ChIP-Seq - Rep 2, 17BE2 | RELA ChIP-Seq - Rep 1",,,
FOSL1,FDPS,leukocytes,FOSL1 IP - K562 cells,,,
AR,FDPS,prostate,WT AR OE | FOXA1 ChIP-Seq,,,
ERG,FDPS,leukocytes,ERG IP - Rep 1,,,
IRF1,FDPS,leukocytes,"IRF1 IP | IFNA1-13 - K562 cells, 6 h, IRF1 IP | IFNG - K562 cells, 6 h, IRF1 IP | IFNG - K562 cells, 30 min",,,
IFNA1,FDPS,leukocytes,"IRF1 IP | IFNA1-13 - K562 cells, 6 h, MYC IP | IFNA1 - K562 cells, 30 min, MYC IP | IFNA1 - K562 cells, 6 h, JUN IP | IFNA1-13 - 30 min , STAT2 IP | IFNA1-13 - K562 cells, 30 min",,,
NANOG,FDPS,stemcells,"NANOG IP - Rep 4 , NANOG IP - Rep 5 , NANOG IP - Rep 8 ","16153702,",,
ZNF76,FDPS,kidney,ZNF76 IP | ZNF76 OE,,,
GATA1,FDPS,leukocytes,"GATA1 ChIP-Seq - SC266, GATA1 ChIP-Seq - K562",,,
FOXM1,FDPS,mammarygland,"FOXM1 IP - DS017, FOXM1 IP | THSP - DS006",,,
SREBF2,FDPS,pancreas,SREBF2 IP,,,
HEY1,FDPS,leukocytes,HEY1 IP - K562 cells,,,
E2F1,FDPS,mammarygland,"E2F1 IP, E2F1 IP - MCF7 cells",,,
TAL1,FDPS,leukocytes,"TAL1 IP - MOLT3, TAL1 IP - K562 cells",,,
SREBF2,FDPS,leukocytes,SREBF2 IP - GM12878 cells,,,
CEBPB,FDPS,uterus,CEBPB ChIP-Seq - HeLaS3,,,
BACH1,FDPS,stemcells,BACH1 IP - H1 cells,,,
FOSL1,FDPS,colon,FOSL1 IP - HCT116 cells,,,
LYL1,FDPS,leukocytes,LYL1 IP - Kasumi-1,,,
USF2,FDPS,liver,USF2 IP - HepG2 cells,,,
CREB1,FDPS,stemcells,CREB1 IP - H1 cells,,,
USF2,FDPS,leukocytes,USF2 IP - GM12878 cells,,,
RUNX1,FDPS,hspcs,"RUNX1 IP, RUNX1",,,
DHT,FDPS,prostate,"DHT | FOXA1 ChIP-Seq, DHT | ERG ChIP-Seq - 18 h, DHT | ERG ChIP-Seq - 2 h",,,
ATF3,FDPS,liver,ATF3 IP - HepG2 cells,,,
TP53,FDPS,lung,"TP53 IP - propapoptic, Rep 1",,,
GATA2,FDPS,vasculature,GATA2 IP - HUVEC cells,,,
USF1,FDPS,stemcells,USF1 IP - H1 cells,,,
THAP1,FDPS,leukocytes,THAP1 IP - K562 cells,,,
TFAP4,FDPS,leukocytes,"TFAP4 IP - Rep 1, TFAP4 IP - Rep 2",,,
ZBTB7A,FDPS,liver,ZBTB7A IP - HepG2 cells,,,
MAX,FDPS,cns,MAX IP - SK-N-SH cells,,,
SRF,FDPS,stemcells,SRF IP - Rep 7 ,,,
ZNF83,FDPS,colon,ZNF83 IP ,,,
USF2,FDPS,stemcells,USF2 IP - H1 cells,,,
MAFK,FDPS,uterus,MAFK IP - HeLa cells,,,
GATA2,FDPS,leukocytes,GATA2 IP - K562 cells,,,
KLF11,FDPS,adiposetissue,"KLF11 ChIP-Seq, Rep 2, ROSI (BrAT) | KLF11 ChIP-Seq, Rep 1, ROSI (BrAT) | KLF11 ChIP-Seq, Rep 2, KLF11 ChIP-Seq, Rep 1",,,
DEX,FDPS,mammarygland,"DEX | FOXA1 ChIP-Seq - Rep 2, DEX | FOXA1 ChIP-Seq - Rep 2, DEX | FOXA1 ChIP-Seq - Rep 1, DEX | FOXA1 ChIP-Seq - Rep 1",,,
MAFK,FDPS,leukocytes,MAFK IP - K562 cells,,,
SIX5,FDPS,lung,SIX5 IP | DEX - A549 cells,,,
CREB1,FDPS,colon,CREB1 IP ,,,
NFYA,FDPS,colon,NFYA IP ,,,
MXI1,FDPS,leukocytes,"MXI1 IP - GM12878 cells, MXI1 IP - K562 cells",,,
IFNG,FDPS,leukocytes,"IRF1 IP | IFNG - K562 cells, 6 h, IRF1 IP | IFNG - K562 cells, 30 min, STAT1 IP - Rep 5, STAT1 IP - Rep 1, STAT1 IP - Rep 4, STAT1 IP - Rep 3, STAT1 IP - Rep 6, MYC IP | IFNG - K562 cells, 30 min, STAT1 IP - Rep 2, MYC IP | IFNG - K562 cells, 6 h",,,
USF1,FDPS,cns,"USF1 IP | ATRA - SK-N-SH cells, USF1 IP - SK-N-SH cells",,,
MYB,FDPS,leukocytes,"MYB IP - Jurkat, Rep 5, MYB IP - MOLT3, MYB IP - Jurkat, Rep 4, MYB IP - Jurkat, Rep 2, MYB IP - Jurkat, Rep 1, MYB IP - Jurkat, Rep 3",,,
RELA,FDPS,adiposetissue,"RELA IP, RELA IP, RELA IP, RELA IP",,,
CTCF,FDPS,sensory,"CTCF IP - HRPEpiC cells, Rep 1 , CTCF IP - WERI , CTCF IP - WERI-Rb-1- cells, Rep 1 , CTCF IP - HRPEpiC cells, Rep 2 ",,,
GTF2B,FDPS,leukocytes,GTF2B IP - K562 cells,,,
MYC,FDPS,mammarygland,"MYC IP | 4HT - MCF10A cells, MYC IP - MCF-10A cells, DHT | MYC ChIP-Seq",,,
FOS,FDPS,mammarygland,"FOS IP | 4HT - MCF10A cells, 12 h, FOS IP - MCF10A cells, FOS IP | 4HT - MCF10A cells, 36 h, FOS IP | 4HT - MCF10A cells, 4 h",,,
REST,FDPS,leukocytes,"REST IP - HL60 cells, REST IP - GM12878 cells, Rep 12 , REST IP - K562 cells, REST IP - GM12878 cells, Rep 1",,,
GTF2B,FDPS,uterus,"GTF2B IP - Rep 2, GTF2B IP - Rep 3",,,
CEBPB,FDPS,liver,"CEBPB ChIP-Seq - HepG2, CEBPB IP - HepG2 cells, CEBPB IP | FORSK - HepG2 cells",,,
ATF2,FDPS,stemcells,ATF2 IP - H1 cells,,,
RELA,FDPS,colon,RELA IP ,,,
TCF7L2,FDPS,uterus,TCF7L2 IP - HeLa cells,,,
FOS,FDPS,leukocytes,"FOS IP - GM12878 cells, FOS IP - K562 cells",,,
GABPA,FDPS,uterus,GABPA IP - HeLa cells,,,
CEBPB,FDPS,leukocytes,"CEBPB IP - K562 cells, CEBPB IP - GM12878 cells, CEBPB ChIP-Seq - K562, CEBPB IP | oxLDL  - Rep 208, CEBPB IP",,,
TCF7L2,FDPS,hspcs,TCF7L2 IP - Rep 1,,,
SREBF1,FDPS,liver,"SREBF1 IP | PRAV - HepG2 cells, SREBF1 IP | INS + 22RHC - HepG2 cells",,,",8798690"
PRAV,FDPS,liver,"SREBF1 IP | PRAV - HepG2 cells, SREBF2 IP | PRAV - HepG2 cells",,,
SOX2,FDPS,stemcells,SOX2 IP,,,
CEBPB,FDPS,mammarygland,CEBPB IP - MCF7 cells,,,
FOSL2,FDPS,liver,FOSL2 IP - HepG2 cells,,,
HOXA6,FDPS,colon,HOXA6 IP ,,,
BCL3,FDPS,lung,BCL3 IP - A549 cells,,,
JUND,FDPS,uterus,JUND IP - HeLa cells,,,
IRF3,FDPS,uterus,IRF3 IP - HeLa cells,,,
CTCF,FDPS,placenta,"CTCF IP - HVMF cells, Rep 1 , CTCF IP - HVMF cells, Rep 2 ",,,
SIX2,FDPS,kidney,"SIX2 IP - 17 weeks, Rep 2, SIX2 IP - 17 weeks, Rep 1",,,
YY1,FDPS,lung,YY1 IP - A549 cells,,,
BHLHE40,FDPS,liver,BHLHE40 IP - HepG2 cells,,,
YY1,FDPS,leukocytes,"YY1 IP - GM12878 cells, YY1 IP - GM12892 cells, Rep 1, YY1 IP - GM12891 cells, YY1 IP - K562 cells, Rep 2, YY1 IP - K562 cells, Rep 1, YY1 IP - K562 cells",,,
SP1,FDPS,stemcells,SP1 IP - H1 cells,,,
USF1,FDPS,lung,"USF1 IP - A549 cells, Rep 1, USF1 IP | DEX - A549 cells, USF1 IP - A549 cells, Rep 2",,,
CEBPB,FDPS,colon,"CEBPB IP, CEBPB IP - HCT116 cells, CEBPB IP | 125DVD3",,,
GATA3,FDPS,mammarygland,"GATA3 IP - T47D cells, GATA3 IP - MCF7 cells",,,
ATF1,FDPS,leukocytes,ATF1 IP - K562 cells,,,
MAX,FDPS,liver,"MAX IP - HepG2 cells, MAX IP - MCF7 cells, MAX IP - HepG2 cells",,,
ELF1,FDPS,cns,ELF1 IP - SK-N-SH cells,,,
MTA3,FDPS,leukocytes,MTA3 IP - GM12878 cells,,,
BARX1,FDPS,colon,BARX1 IP - Rep 1 ,,,
GTF2F1,FDPS,uterus,GTF2F1 IP - HeLa cells,,,
TEAD4,FDPS,leukocytes,TEAD4 IP - K562 cells,,,
E2F6,FDPS,leukocytes,"E2F6 IP - K562 cells, E2F6 IP - K562 cells",,,
SMAD1,FDPS,hspcs,"SMAD1 IP - Rep 1, SMAD1 IP - Rep 3, SMAD1 IP - Rep 4",,,
JUND,FDPS,liver,JUND IP - HepG2 cells,,,
YY1,FDPS,liver,YY1 IP - HepG2 cells,,,",10318878"
JUND,FDPS,leukocytes,JUND IP - K562 cells,,,
GABPA,FDPS,cns,GABPA IP - SK-N-SH cells,,,
USF1,FDPS,liver,USF1 IP - HepG2 cells,,,
TCF7L2,FDPS,mammarygland,"DHT | TCF7L2 ChIP-Seq, TCF7L2 ChIP-Seq",,,
ELF1,FDPS,colon,ELF1 IP - HCT116 cells,,,
PBX3,FDPS,cns,PBX3 IP - SK-N-SH cells,,,
YY1,FDPS,stemcells,"YY1 IP - NT2 cells, YY1 IP - H1 cells",,,
CTCF,FDPS,adiposetissue,"CTCF ChIP-Seq - d 9, CTCF ChIP-Seq - d -2, CTCF ChIP-Seq - d 0, CTCF ChIP-Seq - d 3",,,
FOXM1,FDPS,leukocytes,FOXM1 IP - GM12878 cells,,,
NFKB2,FDPS,leukocytes,"NFKB2 IP - Rep 2, NFKB2 IP - Rep 1",,,
ZNF263,FDPS,kidney,ZNF263 IP - HEK293 cells,,,
MYC,FDPS,liver,MYC IP,,,
GATA3,FDPS,cns,GATA3 IP - SK-N-SH cells,,,
STAT1,FDPS,leukocytes,"STAT1 IP - Rep 5, STAT1 IP - Rep 1, STAT1 IP - Rep 4, STAT1 IP - Rep 3, STAT1 IP - Rep 6, STAT1 IP - Rep 2",,,
KLF5,FDPS,stomach,KLF5 IP - KATOIII,,,
TBP,FDPS,stemcells,TBP IP - H1 cells,,,
MAZ,FDPS,lung,MAZ IP - IMR cells,,,
SIX1,FDPS,kidney,"SIX1 IP - 17 weeks, Rep 1",,,
EGR1,FDPS,colon,EGR1 IP - HCT116 cells,,,
CREB1,FDPS,leukocytes,"CREB1 IP, CREB1 IP, CREB1 IP - GM12878 cells, CREB1 IP - K562 cells",,,
E2F3,FDPS,colon,E2F3 IP ,,,
MEF2B,FDPS,kidney,MEF2B IP | MEF2B D83V OE - Rep 1,,,
PBX3,FDPS,lung,PBX3 IP - A549 cells,,,
MYC,FDPS,uterus,MYC IP - HeLa cells,,,
SRF,FDPS,leukocytes,"SRF IP - SK-N-SH cells, SRF IP - GM12878 cells, Rep 2",,,
TP53,FDPS,skin,TP53 IP | NUTL3,,,
JUNB,FDPS,colon,JUNB IP ,,,
SIX5,FDPS,stemcells,SIX5 IP - H1 cells,,,
MAFK,FDPS,liver,"MAFK IP - HepG2 cells, Rep 2",,,
TCF12,FDPS,liver,TCF12 IP - HepG2 cells,,,
USF1,FDPS,uterus,USF1 IP - ECC1 cells,,,
FORSK,FDPS,liver,CEBPB IP | FORSK - HepG2 cells,,,
TBP,FDPS,liver,TBP IP - HepG2 cells,,,
ZBTB7A,FDPS,leukocytes,ZBTB7A IP - SK-N-SH cells,,,
NFYA,FDPS,uterus,NFYA IP - HeLa cells,,,
YY1,FDPS,uterus,YY1 IP - ECC1 cells,,,
MAX,FDPS,lung,"MAX IP - A549 cells, MAX IP - A549 cells",,,
MAZ,FDPS,leukocytes,"MAZ IP - K562 cells, MAZ IP - GM12878 cells",,,
USF1,FDPS,colon,USF1 IP - HCT116 cells,,,
GLI2,FDPS,colon,GLI2 IP ,,,
ELF1,FDPS,mammarygland,ELF1 IP - MCF7 cells,,,
GMEB2,FDPS,colon,GMEB2 IP ,,,
FOXA1,FDPS,liver,"FOXA1 IP - HepG2 cells, Rep 1, FOXA1 IP - HepG2 cells, Rep 2",,,
BHLHE40,FDPS,leukocytes,"BHLHE40 IP - GM12878 cells, BHLHE40 IP - K562 cells",,,
ROSI,FDPS,adiposetissue,"ROSI (BrAT) | KLF11 ChIP-Seq, Rep 1, ROSI (BrAT) | KLF11 ChIP-Seq, Rep 2",,,
TCF12,FDPS,lung,TCF12 IP - A549 cells,,,
HNF1B,FDPS,pancreas,HNF1B IP,,,
STAT1,FDPS,uterus,"STAT1 IP | IFNG - HeLa cells, 30 min",,,
IFNG,FDPS,uterus,"STAT1 IP | IFNG - HeLa cells, 30 min",,,
TEAD4,FDPS,uterus,TEAD4 IP - ECC1 cells,,,
MAX,FDPS,stemcells,"MAX IP - H1 cells, MAX IP - H1 cells",,,
MXI1,FDPS,cns,MXI1 IP - SK-N-SH cells ,,,
CTCF,FDPS,uterus,CTCF IP - HeLa cells ,,,
ZNF143,FDPS,leukocytes,"ZNF143 IP - K562, ZNF143 IP - GM12878 cells, ZNF143 IP - K562 cells, ZNF143 IP - HPB-ALL",,,
CREB1,FDPS,uterus,CREB1 IP - ECC1 cells,,,
MXI1,FDPS,uterus,MXI1 IP - HeLa cells,,,
GATA2,FDPS,cns,GATA2 ChIP-Seq SH-SY5Y,,,
TCF7L2,FDPS,pancreas,TCF7L2 IP,,,
EGR1,FDPS,leukocytes,EGR1 IP - K562 cells,,,
ATF2,FDPS,leukocytes,ATF2 IP - GM12878 cells,,,
ZEB1,FDPS,liver,ZEB1 IP - HepG2 cells,,,
BACH1,FDPS,colon,BACH1 IP ,,,
NFATC1,FDPS,leukocytes,NFATC1 IP - GM12878 cells,,,
ATF2,FDPS,colon,ATF2 IP ,,,
SRF,FDPS,uterus,SRF IP - ECC1 cells,,,
PBX3,FDPS,leukocytes,PBX3 IP - GM12878 cells,,,
ZNF143,FDPS,stemcells,ZNF143 IP - H1 cells,,,
TCF12,FDPS,uterus,TCF12 IP - ECC1 cells,,,
TCF12,FDPS,cns,TCF12 IP - SK-N-SH cells,,,
CTCF,FDPS,bone,CTCF IP - Osteoblasts ,,,
OTX2,FDPS,stemcells,OTX2 IP - Rep 10 ,,,
TEAD1,FDPS,cns,TEAD1 IP - Rep 1,,,
ARID3A,FDPS,liver,ARID3A IP - HepG2 cells,,,
REST,FDPS,stemcells,"REST IP - H1 cells, Rep 1, REST IP - H1 cells, Rep 2",,,
ZNF384,FDPS,leukocytes,ZNF384 IP - K562 cells,,,
USF1,FDPS,leukocytes,"USF1 IP - GM12878 cells, USF1 IP - K562 cells",,,
SP1,FDPS,liver,SP1 IP - HepG2 cells,,,
ETS1,FDPS,lung,ETS1 IP - A549 cells,,,
TBP,FDPS,uterus,TBP IP - HeLa cells,,,
JUND,FDPS,cns,JUND IP - SK-N-SH cells ,,,
ZNF143,FDPS,uterus,"ZNF143 IP - HeLa cells, ZNF143 IP - HeLa, Rep 1, ZNF143 Ip - HeLa, Rep 2",,,
MAX,FDPS,vasculature,MAX IP - HUVEC cells,,,
CTCF,FDPS,miscellaneous,"CTCF IP - AG09319 cells, Rep 2 , CTCF IP - AG09319 cells, Rep 1 ",,,
ETS1,FDPS,leukocytes,"ETS1 IP, ETS1 IP - K562 cells, ETS1 IP - GM12878 cells","20019798,",,
GABPA,FDPS,lung,GABPA IP - A549 cells,,,
REST,FDPS,lung,REST IP - A549 cells,,,
STAT2,FDPS,leukocytes,"STAT2 IP | IFNA1-13 - K562 cells, 30 min",,,
NFYC,FDPS,colon,NFYC IP ,,,
PAX5,FDPS,leukocytes,"PAX5 IP - GM12878 cells, Rep 2, PAX5 IP - GM12892 cells, PAX5 IP - GM12878 cells, Rep 1",,,
22RHC; INS,FDPS,liver,SREBF1 IP | INS + 22RHC - HepG2 cells,,,
ETV5,FDPS,colon,ETV5 IP ,,,
TAL1,FDPS,colon,TAL1 IP ,,,
SRF,FDPS,colon,SRF IP - HCT116 cells,,,
SREBF2,FDPS,liver,SREBF2 IP | PRAV - HepG2 cells,,,",20450493"
HEY1,FDPS,liver,HEY1 IP - HepG2 cells,,,
REST,FDPS,pancreas,"REST IP - Panc1 cells, Rep 3",,,
ELF1,FDPS,liver,ELF1 IP - HepG2 cells,,,
E2F4,FDPS,mammarygland,E2F4 IP | 4HT - MCF10 cells,,,
E2F6,FDPS,lung,E2F6 IP - A549 cells,,,
BAY082,FDPS,leukocytes,"RELA IP | BAY082  - IVD Th1 cells, PIA",,,
YY1,FDPS,colon,YY1 IP - HCT116 cells,,,
TEAD4,FDPS,colon,TEAD4 IP - HCT116 cells,,,
CTCF,FDPS,pancreas,CTCF IP,,,
ZNF143,FDPS,colon,ZNF143 IP ,,,
E2F6,FDPS,stemcells,E2F6 IP - H1 cells,,,
TCF3,FDPS,leukocytes,TCF3 IP - GM12878 cells,,,
SP1,FDPS,colon,SP1 IP - HCT116 cells,,,
HOXA4,FDPS,colon,HOXA4 IP ,,,
MAZ,FDPS,uterus,MAZ IP - HeLa cells,,,
FOS,FDPS,uterus,FOS IP - HeLa cells,,,
GATA1,FDPS,liver,"GATA1 IP - PBDE cells, Rep 2",,,
YY1,GGPS1,leukocytes,"YY1 IP - GM12891 cells, YY1 IP - K562 cells, Rep 1, YY1 IP - K562 cells, YY1 IP - K562 cells, Rep 2, YY1 IP - GM12878 cells, YY1 IP - GM12892 cells, Rep 1",,,
CTCF,GGPS1,leukocytes,"CTCF IP - GM19240 cells, Rep 2 , CTCF IP - GM12234 cells, CTCF IP - GM12878 cells, Rep 2 , CTCF IP - CD14+ cells , CTCF IP - K562 cells, CTCF IP - GM11811 cells, Rep 1, CTCF IP - GM06990 cells, Rep 2 , CTCF IP - K562 cells, Rep 15 , CTCF IP - GM19238 cells, Rep 1 , CTCF IP - GM2610 cells, Rep 2 , CTCF ChIP-Seq - GM12878, CTCF IP - GM2255 cells, Rep 3 , CTCF IP, CTCF IP - GM10847 cells, Rep 1 , CTCF IP - GM12870 cells , CTCF IP -  DND , CTCF IP - GM12867 cells , CTCF IP - GM19238 cells, Rep 2 , CTCF IP - K562 cells, Rep 12 , CTCF IP - GM12873 cells, Rep 1 , CTCF IP - GM19193 cells, Rep 1 , CTCF IP - GM12872 cells, Rep 3 , CTCF IP - K562 cells, CTCF IP - GM19240 cells, Rep 1 , CTCF IP - GM12154 cells, Rep 2, CTCF IP - K562 cells, CTCF IP - GM12875 cells, Rep 1 , CTCF IP - MS1 cells, Rep 2 , CTCF IP - GM2630 cells, Rep 3 , CTCF IP - GM2610 cells, Rep 3 , CTCF IP - GM12873 cells, Rep 3 , CTCF IP - K562 cells, Rep 13 , CTCF IP - GM11831 cells, CTCF IP - GM12869 cells , CTCF IP - GM18505 cells, Rep 1 , CTCF IP - GM19239 cells, Rep 2 , CTCF IP - GM12891 cells, Rep 2 , CTCF IP - GM11994 cells, Rep 2, CTCF IP - GM2630 cells, Rep 1 , CTCF IP - GM19239 cells, Rep 1 , CTCF IP - GM12871 cells , CTCF IP - GM10847 cells, Rep 2 , CTCF IP - GM19099 cells, Rep 1 , CTCF IP - K562 cells , CTCF IP - GM19099 cells, Rep 2 , CTCF IP - GM12878 cells, Rep 2 , CTCF IP - K562 cells, Rep 11 , CTCF IP - GM12815 cells, Rep 1, CTCF IP - GM12890 cells, Rep 2 , CTCF IP - GM2255 cells, Rep 1 , CTCF IP - GM12878 cells, Rep 1 , CTCF IP - GM11994 cells, Rep 1, CTCF IP - GM12891 cells, Rep 1 , CTCF IP - MS1 cells, Rep 4 , CTCF IP - GM18951 cells, Rep 2 , CTCF IP - GM12154 cells, Rep 1, CTCF IP - GM12866 cells , CTCF IP - GM18486 cells, Rep 1 , CTCF IP - GM2588 cells, Rep 2 , CTCF IP - GM12872 cells, Rep 2 , CTCF IP - GM2610 cells, Rep 1 , CTCF IP - GM2588 cells, Rep 3 , CTCF IP - GM18526 cells, Rep 2 , CTCF IP - GM18505 cells, Rep 2 , CTCF IP - GM11881 cells, CTCF IP - GM12890 cells, Rep 3 , CTCF IP - GM06990 cells, Rep 1 , CTCF IP - GM12865 cells, Rep 2 , CTCF IP - MS1 cells, Rep 1 , CTCF IP - GM18951 cells, Rep 1 , CTCF IP - GM18486 cells, Rep 2 , CTCF IP - GM12892 cells, Rep 1 , CTCF IP - GM12892 cells, Rep 2 , CTCF IP - GM19193 cells, Rep 2 , CTCF IP - GM12814 cells, Rep 1, CTCF IP - GM12878 cells , CTCF IP - GM2588 cells, Rep 1 , CTCF IP - K562 cells, Rep 14 , CTCF IP - GM18526 cells, Rep 1 , CTCF IP -  CD20+ cells , CTCF IP - GM06986 cells, CTCF IP - HeLa cells, Rep 2 , CTCF IP - NB4 cells , CTCF IP - K562 cells, Rep 16 , CTCF IP - GM12865 cells, Rep 1 , CTCF IP - GM12868 cells , CTCF IP - GM12873 cells, Rep 1 , CTCF IP - GM12890 cells, Rep 1 , CTCF IP - GM2255 cells, Rep 2 , CTCF IP - GM18486 cells, Rep 3 , CTCF IP - GM12864 cells, Rep 3 , CTCF IP - GM12828 cells, CTCF IP - GM2630 cells, Rep 2 , CTCF IP - MS1 cells, Rep 3 ",,,
ZBTB7A,GGPS1,leukocytes,ZBTB7A IP - SK-N-SH cells,,,
MAX,GGPS1,leukocytes,"MAX IP - K562 cells, MAX IP - K562 cells, Rep 2, MAX IP - NB4 cells",,,
HOXA4,GGPS1,colon,HOXA4 IP ,,,
MXI1,GGPS1,leukocytes,MXI1 IP - GM12878 cells,,,
ZNF143,GGPS1,leukocytes,"ZNF143 IP - HPB-ALL, ZNF143 IP - K562 cells, ZNF143 IP - K562, ZNF143 IP - GM12878 cells",,,
E2F3,GGPS1,colon,E2F3 IP ,,,
SPI1,GGPS1,leukocytes,"SPI1 IP - GM12878 cells, SPI1 IP - GM12878 cells, Rep 4 , SPI1 IP - K562 cells, SPI1 IP - U-937 cells, Rep 5 , SPI1 IP, SPI1 IP, SPI1 IP | RUNX1 KD, SPI1 IP, SPI1 IP - HL cells, SPI1 IP - U-937 cells, Rep 6 , SPI1 IP, SPI1 IP, SPI1 IP - U-937 cells, Rep 2 , SPI1 IP - GM12891 cells, SPI1 IP, SPI1 IP - GM12878 cells, Rep 2 , SPI1 IP - U-937 cells, Rep 4 , SPI1 IP - U-937 cells, Rep 3 , SPI1 IP, SPI1 IP, SPI1 IP - GM12878 cells, Rep 3 , ROSI | SPI1 ChIP-Seq, SPI1 IP - U-937 cells, Rep 1 ",,,
GABPA,GGPS1,leukocytes,"GABPA IP - GM12878 cells, GABPA IP - HL cells, GABPA IP - GM12878 cells, Rep 2 , GABPA IP - Jurkat, Rep 2, GABPA IP - GM12878 cells, Rep 5 , GABPA IP - GM12878 cells, Rep 4 , GABPA IP - K562 cells, GABPA IP - Jurkat, Rep 1, GABPA IP - GM12878 cells, Rep 3 , GABPA IP - GM12878 cells, Rep 1 ",,,
SRF,GGPS1,uterus,SRF IP - ECC1 cells,,,
ATF2,GGPS1,colon,ATF2 IP ,,,
CTCF,GGPS1,liver,"CTCF IP - SK-N-SH cells, CTCF IP - HepG2 cells ",,,
NFYA,GGPS1,leukocytes,"NFYA IP - GM12878 cells, NFYA IP - K562 cells",,,
STAT1,GGPS1,uterus,"STAT1 IP | IFNG - HeLa cells, 30 min",,,
IFNG,GGPS1,uterus,"STAT1 IP | IFNG - HeLa cells, 30 min",,,
TBP,GGPS1,liver,TBP IP - HepG2 cells,,,
JUND,GGPS1,leukocytes,JUND IP - K562 cells,,,
CTCF,GGPS1,heart,"CTCF IP - HCF cells , CTCF IP - myocytes cells, Rep 1 ",,,
GTF2F1,GGPS1,uterus,GTF2F1 IP - HeLa cells,,,
FOXA2,GGPS1,liver,FOXA2 IP - HepG2 cells,,,
FOXA1,GGPS1,prostate,"CREB1 siRNA | FOXA1 ChIP-Seq - Rep 2, AR C562S OE + FOXA1 OE | FOXA1 ChIP-Seq, POU2F1 KD + DHT | FOXA1 ChIP-Seq, R1881 | FOXA1 ChIP-Seq - Rep 1, CON KD | FOXA1 ChIP-Seq, FOXA1 ChIP-Seq - Rep 1, FOXA1 KD | FOXA1 ChIP-Seq, CON KD + R1881 | FOXA1 ChIP-Seq - Rep 1, FOXA1 siRNA | CREB1 ChIP-Seq - Rep 1, WT AR OE + FOXA1 OE | FOXA1 ChIP-Seq, FOXA1 ChIP-Seq, DHT | FOXA1 ChIP-Seq, GATA2 KD + R1881 | FOXA1 ChIP-Seq, FOXA1 ChIP-Seq - Rep 2, CREB1 siRNA | FOXA1 ChIP-Seq - Rep 1, AR Q640X OE + FOXA1 OE | FOXA1 ChIP-Seq, R1881 | FOXA1 ChIP-Seq - Rep 2, CON KD + R1881 | FOXA1 ChIP-Seq - Rep 2, FOXA1 siRNA | CREB1 ChIP-Seq - Rep 2, CON KD + R1881 | FOXA1 ChIP-Seq, CON KD | FOXA1 ChIP-Seq, PIAS1 + R1881 | FOXA1 ChIP-Seq - Rep 2, PIAS1 + R1881 | FOXA1 ChIP-Seq - Rep 1, WT AR OE + FOXA1 OE | FOXA1 ChIP-Seq - high FOXA1, FOXA1 ChIP-Seq",,,
CREB1,GGPS1,prostate,"CREB1 siRNA | FOXA1 ChIP-Seq - Rep 2, CREB1 ChIP-Seq - Rep 1, FOXA1 siRNA | CREB1 ChIP-Seq - Rep 1, CREB1 ChIP-Seq - LNCaP, CREB1 siRNA | FOXA1 ChIP-Seq - Rep 1, CREB1 ChIP-Seq - Rep 2, CREB1 ChIP-Seq - LNCaP-abl, FOXA1 siRNA | CREB1 ChIP-Seq - Rep 2",,,
ZNF143,GGPS1,stemcells,ZNF143 IP - H1 cells,,,
FOXA1,GGPS1,mammarygland,"17BE2 | FOXA1 ChIP-Seq - Rep 2, DEX | FOXA1 ChIP-Seq - Rep 1, 17BE2 | FOXA1 ChIP-Seq - Rep 1, DHT | FOXA1 ChIP-Seq, DEX | FOXA1 ChIP-Seq - Rep 2, FOXA1 IP - T47D cells, FOXA1 ChIP-Seq - Rep 1",,,
17BE2,GGPS1,mammarygland,"17BE2 | FOXA1 ChIP-Seq - Rep 2, 17BE2 | FOXA1 ChIP-Seq - Rep 1",,,
USF1,GGPS1,colon,USF1 IP - HCT116 cells,,,
FOXA2,GGPS1,embryonictissue,FOXA2 IP - Rep 2,,,
YY1,GGPS1,stemcells,"YY1 IP - NT2 cells, YY1 IP - H1 cells",,,
ATF3,GGPS1,colon,"ATF3 IP | CAMPTO, ATF3 IP - HCT116 cells",,,
CTCF,GGPS1,vasculature,"CTCF IP - HPAF cells, Rep 2 , CTCF IP - HPAF cells, Rep 1 , CTCF IP - HBMEC cells, Rep 1 , CTCF IP - HUVEC cells , CTCF IP - HBMEC cells, Rep 2 , CTCF IP - HUVEC cells, Rep 1 ",,,
ZNF384,GGPS1,leukocytes,"ZNF384 IP - K562 cells, ZNF384 IP - GM12878 cells",,,
AR,GGPS1,prostate,"AR C562S OE + FOXA1 OE | FOXA1 ChIP-Seq, WT AR OE + FOXA1 OE | FOXA1 ChIP-Seq, AR Q640X OE + FOXA1 OE | FOXA1 ChIP-Seq, WT AR OE + FOXA1 OE | FOXA1 ChIP-Seq - high FOXA1",,,
CTCF,GGPS1,cns,"CTCF IP - cerebellar astrocyte cells, Rep 2 , CTCF IP - SK-N-SH cells, Rep 2 , CTCF IP - HCPEpiC cells, Rep 2 , CTCF IP - BE(2)-C cells, Rep 1 , CTCF IP - SK-N-SH cells , CTCF IP - SK-N-SH cells, Rep 1 , CTCF IP - NHA cells , CTCF IP - HCPEpiC cells, Rep 1 , CTCF IP - BE(2)-C cells, Rep 2 ",,,
SP1,GGPS1,stemcells,"SP1 IP - H1 cells, SP1 IP - Rep 1 ",,,
GABPA,GGPS1,prostate,"GABPA IP | R1881, GABPA IP - Rep 2, GABPA IP - Rep 1",,,
R1881,GGPS1,prostate,"GABPA IP | R1881, R1881 | FOXA1 ChIP-Seq - Rep 1, CON KD + R1881 | FOXA1 ChIP-Seq - Rep 1, GATA2 KD + R1881 | FOXA1 ChIP-Seq, R1881 | FOXA1 ChIP-Seq - Rep 2, CON KD + R1881 | FOXA1 ChIP-Seq - Rep 2, CON KD + R1881 | FOXA1 ChIP-Seq, PIAS1 + R1881 | FOXA1 ChIP-Seq - Rep 2, PIAS1 + R1881 | FOXA1 ChIP-Seq - Rep 1",,,
TCF7L2,GGPS1,mammarygland,"TCF7L2 ChIP-Seq, DHT | TCF7L2 ChIP-Seq",,,
IRF1,GGPS1,leukocytes,"IRF1 IP - Rep 2, IRF1 IP - Rep 3, IRF1 IP | IFNG - K562 cells, 30 min, IRF1 IP | IFNG - K562 cells, 6 h, IRF1 IP - Rep 1, IRF1 IP | IFNA1-13 - K562 cells, 6 h",,,
IFNG,GGPS1,leukocytes,"IRF1 IP - Rep 2, MYC IP | IFNG - K562 cells, 6 h, IRF1 IP - Rep 3, STAT1 IP - Rep 5, MYC IP | IFNG - K562 cells, 30 min, STAT1 IP - Rep 1, STAT1 IP - Rep 4, IRF1 IP | IFNG - K562 cells, 30 min, IRF1 IP | IFNG - K562 cells, 6 h, STAT1 IP - Rep 2, STAT1 IP - Rep 6, STAT1 IP - Rep 3, IRF1 IP - Rep 1",,,
REST,GGPS1,liver,"REST IP - HepG2 cells, Rep 2, REST IP - HepG2 cells, Rep 1",,,
STAT3,GGPS1,leukocytes,"STAT3 IP - OCI-LY10, STAT3 IP - SU-DHL-2, STAT3 IP - OCI-LY7, STAT3 IP - U-2932, STAT3 IP - SU-DHL-6, STAT3 IP - SU-DHL-4",,,
CTCF,GGPS1,lung,"CTCF IP - A549 cells, Rep 2 , CTCF IP - IMR cells, CTCF IP - WI-38 cells, Rep 2 , CTCF IP - SAEC cells, Rep 2 , CTCF IP - A549 cells , CTCF IP - HPF cells, Rep 1 , CTCF IP - NHLF cells , CTCF IP - SAEC cells, Rep 1 , CTCF IP - AG04450 cells, Rep 2 , CTCF IP - AG04450 cells, Rep 1 ",,,
DHT,GGPS1,prostate,"POU2F1 KD + DHT | FOXA1 ChIP-Seq, DHT | ERG ChIP-Seq - 18 h, DHT | ERG ChIP-Seq - 2 h, DHT | FOXA1 ChIP-Seq",,,
POU2F1,GGPS1,prostate,POU2F1 KD + DHT | FOXA1 ChIP-Seq,,,
ZNF143,GGPS1,uterus,"ZNF143 IP - HeLa cells, ZNF143 IP - HeLa, Rep 1, ZNF143 Ip - HeLa, Rep 2",,,
CEBPB,GGPS1,liver,"CEBPB IP | FORSK - HepG2 cells, CEBPB IP - HepG2 cells, CEBPB ChIP-Seq - HepG2",,,
FORSK,GGPS1,liver,CEBPB IP | FORSK - HepG2 cells,,,
DEX,GGPS1,mammarygland,"DEX | FOXA1 ChIP-Seq - Rep 1, DEX | FOXA1 ChIP-Seq - Rep 2",,,
HMGN3,GGPS1,leukocytes,HMGN3 IP - K562 cells,,,
TP53,GGPS1,lung,"TP53 IP - propapoptic, Rep 1",,,
NFYA,GGPS1,uterus,NFYA IP - HeLa cells,,,
FOSL2,GGPS1,lung,FOSL2 IP - A549 cells,,,
CEBPB,GGPS1,stemcells,"CEBPB IP, CEBPB IP, CEBPB IP, CEBPB IP, CEBPB IP, CEBPB IP, CEBPB IP",,,
MYC,GGPS1,leukocytes,"MYC IP | IFNG - K562 cells, 6 h, MYC IP | IFNG - K562 cells, 30 min, MYC IP | IFNA1 - K562 cells, 6 h, MYC IP - K562 cells, Rep 2, MYC IP - NB4 cells, MYC IP - K562 cells, Rep 1",,,
CTCF,GGPS1,pancreas,CTCF IP,,,
REST,GGPS1,cns,"REST IP - PFSK1 cells, Rep 2, REST IP - PFSK-N-SH cells1 cells, Rep 1, REST IP - SK cells",,,
NFYB,GGPS1,uterus,NFYB IP - HeLa cells,,,
NFYB,GGPS1,leukocytes,"NFYB IP - GM12878 cells, NFYB IP - K562 cells",,,
CTCF,GGPS1,mammarygland,"CTCF IP - HMF cells, Rep 2 , CTCF IP - HMEC cells ",,,
FOS,GGPS1,leukocytes,"FOS IP - GM12878 cells, FOS IP - K562 cells",,,
CEBPB,GGPS1,leukocytes,"CEBPB IP - Rep 204, CEBPB ChIP-Seq - K562, CEBPB IP, CEBPB IP - Rep 203, CEBPB IP | oxLDL  - Rep 208",,,
ATF2,GGPS1,stemcells,ATF2 IP - H1 cells,,,
RUNX1,GGPS1,leukocytes,"SPI1 IP | RUNX1 KD, RUNX1 IP - Rep 2, RUNX1 IP",,,
STAT1,GGPS1,leukocytes,"STAT1 IP | IFNA1-13 - K562 cells, 6 h, STAT1 IP - Rep 5, STAT1 IP - Rep 1, STAT1 IP - Rep 4, STAT1 IP - Rep 2, STAT1 IP - Rep 6, STAT1 IP - Rep 3",,,
IFNA1,GGPS1,leukocytes,"STAT1 IP | IFNA1-13 - K562 cells, 6 h, STAT2 IP | IFNA1-13 - K562 cells, 6 h, MYC IP | IFNA1 - K562 cells, 6 h, IRF1 IP | IFNA1-13 - K562 cells, 6 h",,,
MAFK,GGPS1,leukocytes,MAFK IP - K562 cells,,,
SP1,GGPS1,liver,SP1 IP - HepG2 cells,,,
TP53,GGPS1,mammarygland,TP53 IP,,,
JUND,GGPS1,colon,JUND IP - HCT116 cells,,,
THAP11,GGPS1,stemcells,"THAP11 IP - Rep 2 , THAP11 IP - Rep 5 , THAP11 IP - Rep 1 , THAP11 IP - Rep 3 , THAP11 IP - Rep 4 ",,,
RELA,GGPS1,adiposetissue,RELA IP,,,
GLI2,GGPS1,colon,GLI2 IP ,,,
MYB,GGPS1,leukocytes,"MYB IP - Jurkat, Rep 2, MYB IP - Jurkat, Rep 1, MYB IP - Jurkat, Rep 3, MYB IP - MOLT3, MYB IP - Jurkat, Rep 5, MYB IP - Jurkat, Rep 4",,,
TCF7L2,GGPS1,uterus,TCF7L2 IP - HeLa cells,,,
CTCF,GGPS1,skeletalmuscle,"CTCF IP - HSMM cells, Rep 1 , CTCF IP - HSMM cells, Rep 2 ",,,
SP2,GGPS1,liver,SP2 IP - HepG2 cells,,,
YY1,GGPS1,uterus,YY1 IP - ECC1 cells,,,
IRF4,GGPS1,leukocytes,IRF4 IP,,,
ZNF263,GGPS1,kidney,ZNF263 IP - HEK293 cells,,,
CEBPB,GGPS1,bone,"CEBPB IP, CEBPB IP",,,
CREB1,GGPS1,uterus,CREB1 IP - ECC1 cells,,,
RUNX1,GGPS1,hspcs,RUNX1,,,
SP2,GGPS1,stemcells,SP2 IP - H1 cells,,,
CREB1,GGPS1,leukocytes,"CREB1 IP - GM12878 cells, CREB1 IP - K562 cells",,,
SP1,GGPS1,leukocytes,"SP1 IP - K562 cells, SP1 IP - GM12878 cells",,,
TP53,GGPS1,bone,TP53 IP,,,
FOXM1,GGPS1,mammarygland,"FOXM1 IP | THSP - DS018, FOXM1 IP - DS017, FOXM1 IP | THSP - DS006, FOXM1 IP | THSP - DS008, FOXM1 IP - DS007",,,
EGR1,GGPS1,liver,EGR1 IP - MCF7 cells,,,
STAT3,GGPS1,mammarygland,"STAT3 IP - MCF10A cells, Rep 1, STAT3 IP | 4HT - MCF10 cells, 36 h, STAT3 IP | 4HT - MCF10 cells, 12 h, STAT3 IP - MCF10A cells, Rep 2",,,
ERG,GGPS1,prostate,"ERG ChIP-Seq, DHT | ERG ChIP-Seq - 18 h, DHT | ERG ChIP-Seq - 2 h, ERG ChIP-Seq",,,
KLF5,GGPS1,pancreas,"KLF5 IP, ELF3 IP | KLF5 KO",,,
MYC,GGPS1,mammarygland,"MYC IP - MCF-10A cells, DHT | MYC ChIP-Seq, MYC IP | 4HT - MCF10A cells",,,
GABPA,GGPS1,uterus,GABPA IP - HeLa cells,,,
RBPJ,GGPS1,leukocytes,"RBPJ IP | COMPE, RBPJ IP | COMPE - wash",,,
COMPE,GGPS1,leukocytes,"RBPJ IP | COMPE, RBPJ IP | COMPE - wash",,,
CTCF,GGPS1,kidney,"CTCF IP - HEK293 cells, Rep 1 , CTCF IP - HRE cells, Rep 1 , CTCF IP - HRE cells, Rep 2 , CTCF IP - RPTEC cells, Rep 1 ",,,
SP1,GGPS1,lung,SP1 IP - A549 cells,,,
E2F8,GGPS1,colon,E2F8 IP ,,,
FOXA1,GGPS1,liver,"FOXA1 IP - HepG2 cells, Rep 1, FOXA1 IP - HepG2 cells, Rep 2",,,
ELF1,GGPS1,mammarygland,ELF1 IP - MCF7 cells,,,
FOS,GGPS1,uterus,FOS IP - HeLa cells,,,
STAT5B,GGPS1,leukocytes,"STAT5B IP | H9, Rep 2, STAT5B IP | IL2 - Rep 2",,,
H9,GGPS1,leukocytes,"STAT5B IP | H9, Rep 2",,,
CTCF,GGPS1,skin,"CTCF IP - NHEK cells , CTCF IP - AG04449 cells, Rep 2 , CTCF IP - NHDF cells , CTCF IP - NHDF cells, Rep 2 , CTCF IP - AG10803 cells, Rep 1 , CTCF IP - AG04449 cells, Rep 1 , CTCF IP - AG10803 cells, Rep 2 , CTCF IP - HFFC cells, Rep 3 , CTCF IP - NHDF cells, Rep 1 ",,,
GABPA,GGPS1,liver,"GABPA IP, GABPA IP, GABPA IP - MCF7 cells, GABPA IP - HepG2 cells, GABPA IP",,,
BCL3,GGPS1,lung,BCL3 IP - A549 cells,,,
ATF3,GGPS1,leukocytes,ATF3 IP - K562 cells,,,
ZNF143,GGPS1,kidney,ZNF143 IP - HEK293-T-rex,,,
USF1,GGPS1,leukocytes,USF1 IP - K562 cells,,,
EBF1,GGPS1,leukocytes,"EBF1 IP - GM12878 cells, EBF1 IP - GM12878 cells",,,
KLF11,GGPS1,adiposetissue,"ROSI (BrAT) | KLF11 ChIP-Seq, Rep 1, KLF11 ChIP-Seq, Rep 1, ROSI (BrAT) | KLF11 ChIP-Seq, Rep 2, KLF11 ChIP-Seq, Rep 2",,,
ROSI,GGPS1,adiposetissue,"ROSI (BrAT) | KLF11 ChIP-Seq, Rep 1, ROSI (BrAT) | KLF11 ChIP-Seq, Rep 2",,,
JUN,GGPS1,mammarygland,JUN IP - Rep 2,,,
MAX,GGPS1,liver,"MAX IP - HepG2 cells, MAX IP - MCF7 cells",,,
BATF,GGPS1,leukocytes,BATF IP - GM12878 cells,,,
CREB1,GGPS1,lung,"CREB1 IP - A549 cells, Rep 2, CREB1 IP | DEX - A549 cells",,,
SRF,GGPS1,leukocytes,"SRF IP - K562 cells, SRF IP - SK-N-SH cells",,,
RELA,GGPS1,leukocytes,"RELA IP | BAY082  - IVD Th1 cells, PIA, RELA IP | TNF - GM15510 cells, RELA IP | TNF - GM18505 cells, RELA IP | TNF - GM12891 cells, RELA IP | TNF - GM10847 cells",,,
BAY082,GGPS1,leukocytes,"RELA IP | BAY082  - IVD Th1 cells, PIA",,,
GATA1,GGPS1,hspcs,"GATA1 IP - PBDE cells, Rep 1",,,
FOS,GGPS1,mammarygland,"FOS IP | 4HT - MCF10A cells, 4 h, FOS IP | 4HT - MCF10A cells, 12 h",,,
4HT,GGPS1,mammarygland,"FOS IP | 4HT - MCF10A cells, 4 h, STAT3 IP | 4HT - MCF10 cells, 36 h, STAT3 IP | 4HT - MCF10 cells, 12 h, FOS IP | 4HT - MCF10A cells, 12 h, MYC IP | 4HT - MCF10A cells, E2F4 IP | 4HT - MCF10 cells",,,
REST,GGPS1,leukocytes,"REST IP - K562 cells, REST IP - HL60 cells",,,
TNF,GGPS1,leukocytes,"RELA IP | TNF - GM15510 cells, RELA IP | TNF - GM18505 cells, RELA IP | TNF - GM12891 cells, RELA IP | TNF - GM10847 cells",,,
FOXP2,GGPS1,cns,FOXP2 IP - PFSK-1 cells,,,
CTCF,GGPS1,hspcs,"CTCF IP - Erythroid cells, Rep 1",,,
DHT,GGPS1,mammarygland,"DHT | FOXA1 ChIP-Seq, DHT | MYC ChIP-Seq, DHT | TCF7L2 ChIP-Seq",,,
YY1,GGPS1,colon,YY1 IP - HCT116 cells,,,
HOXA6,GGPS1,colon,HOXA6 IP ,,,
IRF1,GGPS1,colon,IRF1 IP ,,,
ELF1,GGPS1,liver,ELF1 IP - HepG2 cells,,,
E2F1,GGPS1,prostate,"HES6 OE | E2F1 ChIP-Seq - Rep 3, HES6 OE | E2F1 ChIP-Seq - Rep 1, E2F1 ChIP-Seq - Rep 1, HES6 OE + BICALU | E2F1 ChIP-Seq - Rep 3",,,
HES6,GGPS1,prostate,"HES6 OE | E2F1 ChIP-Seq - Rep 3, HES6 OE | E2F1 ChIP-Seq - Rep 1, HES6 OE + BICALU | E2F1 ChIP-Seq - Rep 3",,,
CEBPB,GGPS1,colon,"CEBPB IP - HCT116 cells, CEBPB IP | 125DVD3",,,
STAT2,GGPS1,leukocytes,"STAT2 IP | IFNA1-13 - K562 cells, 6 h",,,
IRF3,GGPS1,uterus,IRF3 IP - HeLa cells,,,
CREB1,GGPS1,liver,"CREB1 IP, CREB1 IP, CREB1 IP - HepG2 cells, CREB1 IP",,,
SOX2,GGPS1,thyroidgland,SOX2 IP - TT MTC,,,
TBP,GGPS1,stemcells,TBP IP - H1 cells,,,
MAX,GGPS1,cns,MAX IP - SK-N-SH cells,,,
TCF12,GGPS1,leukocytes,TCF12 IP - GM12878 cells,,,
CEBPB,GGPS1,lung,"CEBPB IP - A549 cells, CEBPB ChIP-Seq - A549, CEBPB ChIP-Seq - IMR90",,,
MYBL2,GGPS1,liver,MYBL2 IP - HepG2 cells,,,
NFYC,GGPS1,colon,NFYC IP ,,,
ELF3,GGPS1,pancreas,"ELF3 IP, ELF3 IP, ELF3 IP | KLF5 KO",,,
OTX2,GGPS1,stemcells,OTX2 IP - Rep 10 ,,,
GATA2,GGPS1,vasculature,GATA2 IP - HUVEC cells,"21666600,",,
TAL1,GGPS1,leukocytes,"TAL1 IP - K562 cells, TAL1 IP - MOLT3",,,
MAZ,GGPS1,lung,MAZ IP - IMR cells,,,
ELF1,GGPS1,colon,ELF1 IP - HCT116 cells,,,
YY1,GGPS1,cns,"YY1 IP - SK-N-SH cells, YY1 IP | ATRA - SK-N-SH cells",,,
MAX,GGPS1,uterus,"MAX IP - HeLa cells, Rep 2, MAX IP - ECC1 cells, MAX IP - HeLa cells, Rep 1",,,
EGR1,GGPS1,uterus,EGR1 IP - ECC1 cells,,,
MXI1,GGPS1,cns,MXI1 IP - SK-N-SH cells ,,,
TCF12,GGPS1,lung,TCF12 IP - A549 cells,,,
MAX,GGPS1,colon,MAX IP - HCT116 cells,,,
PAX5,GGPS1,leukocytes,PAX5 IP - GM12892 cells,,,
MAZ,GGPS1,leukocytes,"MAZ IP - K562 cells, MAZ IP - GM12878 cells",,,
GTF2B,GGPS1,uterus,GTF2B IP - Rep 2,,,
DEX,GGPS1,lung,CREB1 IP | DEX - A549 cells,,,
ERG,GGPS1,leukocytes,ERG IP - Rep 1,,,
EGR1,GGPS1,leukocytes,"EGR1 IP - GM12878 cells, Rep 1, EGR1 IP - K562 cells, EGR1 IP - GM12878 cells, Rep 2",,,
YY1,GGPS1,liver,YY1 IP - HepG2 cells,,,
GABPA,GGPS1,stemcells,GABPA IP - H1 cells,,,
EGR1,GGPS1,colon,EGR1 IP - HCT116 cells,,,
USF1,GGPS1,liver,USF1 IP - HepG2 cells,,,
SIX5,GGPS1,leukocytes,"SIX5 IP - GM12878 cells, SIX5 IP - K562 cells, Rep 2, SIX5 IP - K562 cells, Rep 1",,,
CTCF,GGPS1,sensory,"CTCF IP - WERI , CTCF IP - WERI-Rb-1- cells, Rep 1 , CTCF IP - HRPEpiC cells, Rep 1 ",,,
ATF2,GGPS1,leukocytes,ATF2 IP - GM12878 cells,,,
TCF12,GGPS1,cns,TCF12 IP - SK-N-SH cells,,,
TCF12,GGPS1,uterus,TCF12 IP - ECC1 cells,,,
E2F1,GGPS1,mammarygland,"E2F1 IP - MCF7 cells, E2F1 IP",,,
GATA2,GGPS1,prostate,GATA2 KD + R1881 | FOXA1 ChIP-Seq,,,
UBTF,GGPS1,leukocytes,"UBTF IP - K562 cells, UBTF IP - K562 cells",,,
ATF1,GGPS1,leukocytes,ATF1 IP - K562 cells,,,
MAX,GGPS1,lung,MAX IP - A549 cells,,,
ZEB1,GGPS1,liver,ZEB1 IP - HepG2 cells,,,
125DVD3,GGPS1,colon,CEBPB IP | 125DVD3,,,
ATRA,GGPS1,cns,YY1 IP | ATRA - SK-N-SH cells,,,
CTCF,GGPS1,uterus,CTCF IP - HeLa cells ,,,
FOXA2,GGPS1,lung,FOXA2 IP - A549 cells,,,
MAZ,GGPS1,uterus,MAZ IP - HeLa cells,,,
JUN,GGPS1,leukocytes,"JUN IP - K562 cells, Rep 1",,,
SIX5,GGPS1,lung,SIX5 IP | DEX - A549 cells,,,
ETV5,GGPS1,colon,ETV5 IP ,,,
ELF1,GGPS1,lung,ELF1 IP - A549 cells,,,
NFKB1,GGPS1,leukocytes,"NFKB1 IP - Rep 1, NFKB1 IP - Rep 2",,,
ZNF280D,GGPS1,colon,ZNF280D IP ,,,
SP1,GGPS1,colon,SP1 IP - HCT116 cells,,,
FOXM1,GGPS1,leukocytes,FOXM1 IP - GM12878 cells,,,
SRF,GGPS1,colon,SRF IP - HCT116 cells,,,
GATA4,GGPS1,stomach,GATA4 IP - AGS,,,
TBP,GGPS1,uterus,TBP IP - HeLa cells,,,
ZNF143,GGPS1,colon,ZNF143 IP ,,,
E2F6,GGPS1,leukocytes,E2F6 IP - K562 cells,,,
GATA3,GGPS1,mammarygland,"GATA3 IP - T47D cells, GATA3 IP - MCF7 cells",,,
CREB1,GGPS1,stemcells,CREB1 IP - H1 cells,,,
CTCF,GGPS1,adiposetissue,"CTCF ChIP-Seq - d 9, CTCF ChIP-Seq - d -2, CTCF ChIP-Seq - d 0",,,
FOXA2,GGPS1,stemcells,"FOXA2 IP - ES D10, FOXA2 IP - ES D5, FOXA2 IP - ES D7",,,
GATA2,GGPS1,cns,GATA2 ChIP-Seq SH-SY5Y,,,
GABPA,GGPS1,lung,GABPA IP - A549 cells,,,
STAT5A,GGPS1,leukocytes,STAT5A IP - GM12878 cells,,,
SIX5,GGPS1,stemcells,SIX5 IP - H1 cells,,,
SREBF1,GGPS1,liver,SREBF1 IP | INS + 22RHC - HepG2 cells,,,
22RHC; INS,GGPS1,liver,SREBF1 IP | INS + 22RHC - HepG2 cells,,,
JUNB,GGPS1,colon,JUNB IP ,,,
ETS1,GGPS1,lung,ETS1 IP - A549 cells,,,
SRF,GGPS1,mammarygland,SRF IP - MCF7 cells,,,
STAT2,GGPS1,colon,STAT2 IP ,,,
PBX3,GGPS1,cns,PBX3 IP - SK-N-SH cells,,,
CREB1,GGPS1,colon,CREB1 IP ,,,
ETS1,GGPS1,leukocytes,"ETS1 IP, ETS1 IP - K562 cells, ETS1 IP - GM12878 cells","20019798,",,
ELF1,GGPS1,leukocytes,"ELF1 IP - SK-N-SH cells, ELF1 IP - SK-N-SH cells",,,
REST,GGPS1,stemcells,"REST IP - H1 cells, Rep 2, REST IP - H1 cells, Rep 1",,,
TEAD4,GGPS1,uterus,TEAD4 IP - ECC1 cells,,,
BICALU,GGPS1,prostate,HES6 OE + BICALU | E2F1 ChIP-Seq - Rep 3,,,
CEBPB,GGPS1,uterus,CEBPB ChIP-Seq - HeLaS3,,,
ARNTL,GGPS1,bone,ARNTL IP,,,
TEAD4,GGPS1,leukocytes,TEAD4 IP - K562 cells,,,
ZNF76,GGPS1,kidney,ZNF76 IP | ZNF76 OE,,,
HEY1,GGPS1,leukocytes,HEY1 IP - K562 cells,,,
IL2,GGPS1,leukocytes,STAT5B IP | IL2 - Rep 2,,,
HEY1,GGPS1,liver,HEY1 IP - HepG2 cells,,,
ZNF263,GGPS1,leukocytes,ZNF263 IP - K562 cells,,,
TAL1,GGPS1,colon,TAL1 IP ,,,
FOSL1,GGPS1,colon,FOSL1 IP - HCT116 cells,,,
CTCF,GGPS1,miscellaneous,"CTCF IP - AG09319 cells, Rep 1 ",,,
CTCF,GGPS1,megakaryocytelineage,"CTCF IP - MEG-01 cells, Rep 6 , CTCF IP - MEG-01 cells, Rep 2 ",,,
IKZF1,GGPS1,leukocytes,IKZF1 IP - GM12878 cells,,,
YY1,GGPS1,lung,YY1 IP - A549 cells,,,
POU2F2,GGPS1,leukocytes,POU2F2 IP - GM12878 cells,,,
ZBTB7A,GGPS1,uterus,ZBTB7A IP - ECC1 cells,,,
GABPA,GGPS1,cns,GABPA IP - SK-N-SH cells,,,
GATA3,GGPS1,cns,GATA3 IP - SK-N-SH cells,,,
CTCF,GGPS1,bone,CTCF IP - Osteoblasts ,,,
NFYA,GGPS1,colon,NFYA IP ,,,
GTF2B,GGPS1,leukocytes,GTF2B IP - K562 cells,,,
CEBPB,GGPS1,mammarygland,CEBPB IP - MCF7 cells,,,
MTA3,GGPS1,leukocytes,MTA3 IP - GM12878 cells,,,
TBP,GGPS1,leukocytes,"TBP IP - GM12878 cells, TBP IP - K562 cells",,,
REST,GGPS1,lung,REST IP - A549 cells,,,
BHLHE40,GGPS1,leukocytes,BHLHE40 IP - K562 cells,,,
MAX,GGPS1,stemcells,MAX IP - H1 cells,,,
PIAS1,GGPS1,prostate,"PIAS1 + R1881 | FOXA1 ChIP-Seq - Rep 2, PIAS1 + R1881 | FOXA1 ChIP-Seq - Rep 1",,,
ROSI,GGPS1,leukocytes,ROSI | SPI1 ChIP-Seq,,,
MAZ,GGPS1,liver,MAZ IP - HepG2 cells,,,
MXI1,GGPS1,liver,MXI1 IP - HepG2 cells,,,
HIF1A,GGPS1,bone,HIF1A IP,,,
CEBPA,GGPS1,leukocytes,CEBPA IP,,,
GRHL1,GGPS1,colon,GRHL1 IP ,,,
E2F4,GGPS1,mammarygland,E2F4 IP | 4HT - MCF10 cells,,,
ELF1,GGPS1,cns,ELF1 IP - SK-N-SH cells,,,
RELA,GGPS1,colon,RELA IP ,,,
FOXM1,GGPS1,uterus,FOXM1 IP - ECC1 cells,,,
JUN,GGPS1,colon,JUN IP ,,,
EGR1,GGPS1,stemcells,EGR1 IP - H1 cells,,,
SP2,GGPS1,leukocytes,SP2 IP - K562 cells,,,
FOXA1,HMGCR,prostate,"AR C562S OE + FOXA1 OE | FOXA1 ChIP-Seq, POU2F1 KD + DHT | FOXA1 ChIP-Seq, CON KD  | FOXA1 ChIP-Seq, EtOH | FOXA1 ChIP-Seq - Rep 2, R1881 | FOXA1 ChIP-Seq - Rep 1, FOXA1 ChIP-Seq - Rep 2, CREB1 siRNA | FOXA1 ChIP-Seq - Rep 2, FOXA1 ChIP-Seq, CON KD | FOXA1 ChIP-Seq, FOXA1 siRNA | CREB1 ChIP-Seq - Rep 2, CON KD + R1881 | FOXA1 ChIP-Seq - Rep 1, WT AR OE + FOXA1 OE | FOXA1 ChIP-Seq, CON KD | FOXA1 ChIP-Seq, FOXA1 ChIP-Seq - Rep 1, FOXA1 KD | FOXA1 ChIP-Seq, FOXA1 ChIP-Seq, FOXA1 KD | FOXA1 ChIP-Seq, CREB1 siRNA | FOXA1 ChIP-Seq - Rep 1, GATA2 KD  | FOXA1 ChIP-Seq, FOXA1 + FBS | GATA2 ChIP-Seq, FOXA1 ChIP-Seq - Rep 2, EtOH | FOXA1 ChIP-Seq - , FOXA1 ChIP-Seq, FOXA1 KD | FOXA1 ChIP-Seq - Rep 1, DHT | FOXA1 ChIP-Seq, DHT | FOXA1 ChIP-Seq - C4- Rep 2B, GATA2 KD + R1881 | FOXA1 ChIP-Seq, AR Q640X OE + FOXA1 OE | FOXA1 ChIP-Seq, R1881 | FOXA1 ChIP-Seq - Rep 2, CON KD + R1881 | FOXA1 ChIP-Seq - Rep 2, FOXA1 siRNA | CREB1 ChIP-Seq - Rep 1, FOXA1 ChIP-Seq - Rep 1, FOXA1 ChIP-Seq - LNCaP-abl, FOXA1 KD | FOXA1 ChIP-Seq - Rep 2, CON KD + R1881 | FOXA1 ChIP-Seq, PIAS1 + R1881 | FOXA1 ChIP-Seq - Rep 2, FOXA1 KD | GATA2 ChIP-Seq, PIAS1 + R1881 | FOXA1 ChIP-Seq - Rep 1, FOXA1 ChIP-Seq - LNCaP, WT AR OE + FOXA1 OE | FOXA1 ChIP-Seq - high FOXA1, FOXA1 ChIP-Seq, CON KD | FOXA1 ChIP-Seq",,,
AR,HMGCR,prostate,"AR C562S OE + FOXA1 OE | FOXA1 ChIP-Seq, WT AR OE + FOXA1 OE | FOXA1 ChIP-Seq, AR Q640X OE + FOXA1 OE | FOXA1 ChIP-Seq, WT AR OE + FOXA1 OE | FOXA1 ChIP-Seq - high FOXA1",,,
CTCF,HMGCR,cns,"CTCF IP - SK-N-SH cells, Rep 2 , CTCF IP - HCPEpiC cells, Rep 2 , CTCF IP - HCPEpiC cells, Rep 1 , CTCF IP - BE(2)-C cells, Rep 1 , CTCF IP - SK-N-SH cells , CTCF IP - cerebellar astrocyte cells, Rep 1 , CTCF IP - NHA cells , CTCF IP - SK-N-SH cells, Rep 1 , CTCF IP - BE(2)-C cells, Rep 2 , CTCF IP - SK cells, CTCF IP - spinal cord astrocyte cells, Rep 1 , CTCF IP - cerebellar astrocyte cells, Rep 2 , CTCF IP - spinal cord astrocyte cells, Rep 2 ",,,
MAX,HMGCR,leukocytes,"MAX IP - K562 cells, Rep 2, MAX IP - K562 cells, Rep 1, MAX IP - GM12878 cells, MAX IP - NB4 cells, MAX IP - K562 cells",,,
CTCF,HMGCR,lung,"CTCF IP | DEX - A549 cells , CTCF IP - A549 cells , CTCF IP - SAEC cells, Rep 2 , CTCF IP - HPF cells, Rep 1 , CTCF IP - NHLF cells , CTCF IP - SAEC cells, Rep 1 , CTCF IP - AG04450 cells, Rep 2 , CTCF IP | DEX - A549 cells, CTCF IP - HPF cells, Rep 2 , CTCF IP - AG04450 cells, Rep 1 , CTCF IP - WI-38 cells, Rep 1 , CTCF IP - A549 cells, Rep 2 , CTCF IP - NHLF cells , CTCF IP - A549 cells, CTCF ChIP-Seq - A549, CTCF IP - IMR cells",,,
DEX,HMGCR,lung,"CTCF IP | DEX - A549 cells , CTCF IP | DEX - A549 cells, FOXA1 IP | DEX - A549 cells, USF1 IP | DEX - A549 cells, CREB1 IP | DEX - A549 cells",,,
CTCF,HMGCR,leukocytes,"CTCF IP - GM12875 cells, Rep 1 , CTCF IP - GM12892 cells, Rep 2 , CTCF IP - GM2588 cells, Rep 1 , CTCF IP - F36P cells, Rep 15 , CTCF IP - UT-7 cells, Rep 5 , CTCF IP - GM07346 cells, CTCF IP - GM12864 cells, Rep 1 , CTCF IP - GM18486 cells, Rep 3 , CTCF IP - F36P cells, Rep 10 , CTCF IP - K562 cells, Rep 13 , CTCF IP - GM12873 cells, Rep 3 , CTCF IP - GM11831 cells, CTCF IP - GM11994 cells, Rep 2, CTCF IP - GM19193 cells, Rep 2 , CTCF IP - GM12869 cells , CTCF IP - GM12878 cells, Rep 2 , CTCF IP - GM11994 cells, Rep 1, CTCF IP - K562 cells, Rep 11 , CTCF IP - K562 cells , CTCF IP - GM12871 cells , CTCF IP - GM2255 cells, Rep 2 , CTCF IP - GM12890 cells, Rep 1 , CTCF IP - F36P cells, Rep 6 , CTCF IP - GM2630 cells, Rep 2 , CTCF IP - KU812 cells, Rep 13 , CTCF IP - MS1 cells, Rep 3 , CTCF IP - UT-7 cells, Rep 3 , CTCF IP - UT-7 cells, Rep 2 , CTCF IP - GM12878 cells, Rep 2 , CTCF IP - GM19240 cells, Rep 2 , CTCF IP - GM12866 cells , CTCF IP - GM19238 cells, Rep 2 , CTCF IP - UT-7 cells, Rep 4 , CTCF IP - GM12873 cells, Rep 1 , CTCF IP - GM19238 cells, Rep 1 , CTCF IP - GM12868 cells , CTCF IP - GM2610 cells, Rep 2 , CTCF IP - GM12865 cells, Rep 1 , CTCF IP - KU812 cells, Rep 1 , CTCF IP - GM2255 cells, Rep 3 , CTCF IP - GM10847 cells, Rep 1 , CTCF IP - GM12865 cells, Rep 2 , CTCF IP - F36P cells, Rep 3 , CTCF IP - F36P cells, Rep 11 , CTCF IP - GM06986 cells, CTCF IP - GM06990 cells, Rep 1 , CTCF IP - GM18526 cells, Rep 1 , CTCF IP - UT-7 cells, Rep 1 , CTCF IP - K562 cells, Rep 1 , CTCF IP - GM19193 cells, Rep 1 , CTCF IP - K562 cells, Rep 14 , CTCF IP - NB4 cells , CTCF IP - GM2630 cells, Rep 1 , CTCF IP - GM19240 cells, Rep 1 , CTCF IP - HeLa cells, Rep 2 , CTCF IP - MS1 cells, Rep 2 , CTCF IP - GM12878 cells , CTCF IP -  CD20+ cells , CTCF IP - F36P cells, Rep 7 , CTCF IP - K562 cells, Rep 16 , CTCF IP - GM18505 cells, Rep 1 , CTCF IP - GM19239 cells, Rep 2 , CTCF IP - GM12891 cells, Rep 2 , CTCF IP - GM12814 cells, Rep 1, CTCF IP - GM10847 cells, Rep 2 , CTCF IP - GM19239 cells, Rep 1 , CTCF IP - GM12864 cells, Rep 3 , CTCF IP - GM12878 cells, Rep 1 , CTCF IP - K562 cells, Rep 15 , CTCF IP - GM19099 cells, Rep 2 , CTCF IP - GM12828 cells, CTCF IP - F36P cells, Rep 19 , CTCF IP - GM12890 cells, Rep 2 , CTCF IP - GM2255 cells, Rep 1 , CTCF IP - CD14+ cells , CTCF IP - GM18951 cells, Rep 2 , CTCF IP - GM12891 cells, Rep 1 , CTCF IP - MS1 cells, Rep 4 , CTCF ChIP-Seq - GM12878, CTCF IP - F36P cells, Rep 14 , CTCF IP - GM18526 cells, Rep 2 , CTCF IP - GM2588 cells, Rep 2 , CTCF IP - GM18505 cells, Rep 2 , CTCF IP - GM18486 cells, Rep 1 , CTCF IP - K562 cells, Rep 12 , CTCF IP - GM12892 cells, Rep 1 , CTCF IP - F36P cells, Rep 2 , CTCF IP - GM2610 cells, Rep 1 , CTCF IP - GM2588 cells, Rep 3 , CTCF IP - GM12872 cells, Rep 3 , CTCF IP, CTCF IP -  DND , CTCF IP - GM12870 cells , CTCF IP - GM12867 cells , CTCF IP - GM2610 cells, Rep 3 , CTCF IP - GM2630 cells, Rep 3 , CTCF IP - GM12864 cells, Rep 2 , CTCF IP - K562 cells, CTCF IP - GM12890 cells, Rep 3 , CTCF IP - K562 cells, CTCF IP - MS1 cells, Rep 1 , CTCF IP - GM18951 cells, Rep 1 ",,,
RELA,HMGCR,adiposetissue,"RELA IP, RELA IP, RELA IP, RELA IP",,,
YY1,HMGCR,cns,"YY1 IP - SK-N-SH cells, YY1 IP | ATRA - SK-N-SH cells",,,
SRF,HMGCR,stemcells,"SRF IP - Rep 7 , SRF IP - Rep 5 , SRF IP - Rep 4 ",,,
FOXA1,HMGCR,mammarygland,"DEX | FOXA1 ChIP-Seq - Rep 1, DEX | FOXA1 ChIP-Seq - Rep 1, DEX | FOXA1 ChIP-Seq - Rep 2, FOXA1 ChIP-Seq - Rep 2, 17BE2 | FOXA1 ChIP-Seq - Rep 2, 17BE2 | FOXA1 ChIP-Seq - Rep 1, DHT | FOXA1 ChIP-Seq, FOXA1 IP - T47D cells, FOXA1 ChIP-Seq - Rep 1, FOXA1 ChIP-Seq - Rep 2, 17BE2 | FOXA1 ChIP-Seq - Rep 2, DEX | FOXA1 ChIP-Seq - Rep 2, 17BE2 + TNF | FOXA1 ChIP-Seq - Rep 2, DEX | FOXA1 ChIP-Seq - Rep 2, 17BE2 | FOXA1 ChIP-Seq, FOXA1 ChIP-Seq - Rep 1, FOXA1 ChIP-Seq - Rep 1, 17BE2 | FOXA1 ChIP-Seq - Rep 2, 17BE2 | FOXA1 ChIP-Seq - Rep 1",,,
DEX,HMGCR,mammarygland,"DEX | FOXA1 ChIP-Seq - Rep 1, DEX | FOXA1 ChIP-Seq - Rep 1, DEX | FOXA1 ChIP-Seq - Rep 2, DEX | FOXA1 ChIP-Seq - Rep 2, DEX | FOXA1 ChIP-Seq - Rep 2",,,
FOXM1,HMGCR,leukocytes,FOXM1 IP - GM12878 cells,,,
GABPA,HMGCR,lung,GABPA IP - A549 cells,,,
STAT3,HMGCR,leukocytes,"STAT3 IP - OCI-LY19, STAT3 IP - SU-DHL-10, STAT3 IP - U-2932, STAT3 IP - SU-DHL-6, STAT3 IP - OCI-LY7, STAT3 IP - SU-DHL-4, STAT3 IP - OCI-LY10, STAT3 IP - SU-DHL-2",,,
CTCF,HMGCR,stemcells,"CTCF IP - Rep 1 , CTCF IP - H1 cells , CTCF IP - Rep 2 , CTCF IP - Rep 4 , CTCF IP - H1 cells, CTCF IP - Rep 6 , CTCF IP - Rep 5 ",,,
REST,HMGCR,leukocytes,"REST IP - GM12878 cells, Rep 16 , REST IP - GM12878 cells, Rep 12 , REST IP - GM12878 cells, Rep 14 , REST IP - K562 cells, REST IP - GM12878 cells, Rep 1",,,
DHT,HMGCR,prostate,"POU2F1 KD + DHT | FOXA1 ChIP-Seq, DHT | ERG ChIP-Seq - 18 h, DHT | ERG ChIP-Seq - 2 h, DHT | FOXA1 ChIP-Seq, DHT | FOXA1 ChIP-Seq - C4- Rep 2B",,,
POU2F1,HMGCR,prostate,POU2F1 KD + DHT | FOXA1 ChIP-Seq,,,
E2F3,HMGCR,colon,E2F3 IP ,,,
RUNX1,HMGCR,hspcs,RUNX1,,,
TP63,HMGCR,skin,"TP63 IP | BANF1 KD, TP63 IP, TP63 IP",,,
BANF1,HMGCR,skin,TP63 IP | BANF1 KD,,,
RBPJ,HMGCR,leukocytes,"RBPJ IP | COMPE - wash, RBPJ IP | COMPE",,,
COMPE,HMGCR,leukocytes,"RBPJ IP | COMPE - wash, RBPJ IP | COMPE",,,
STAT1,HMGCR,uterus,"STAT1 IP | IFNG - HeLa cells, 30 min",,,
IFNG,HMGCR,uterus,"STAT1 IP | IFNG - HeLa cells, 30 min",,,
CREB1,HMGCR,colon,CREB1 IP ,,,
FOSL1,HMGCR,colon,FOSL1 IP - HCT116 cells,,,
REST,HMGCR,liver,"REST IP - HepG2 cells, Rep 2, REST IP - HepG2 cells, Rep 1",,,
GABPA,HMGCR,prostate,"GABPA IP - Rep 1, GABPA IP | R1881",,,
CREB1,HMGCR,lung,"CREB1 IP - A549 cells, Rep 2, CREB1 IP - A549 cells, Rep 1, CREB1 IP | DEX - A549 cells",,,
STAT3,HMGCR,mammarygland,"STAT3 IP | 4HT - MCF10 cells, 12 h, STAT3 IP | 4HT - MCF10 cells, 36 h, STAT3 IP - MCF10A cells, Rep 2",,,
4HT,HMGCR,mammarygland,"STAT3 IP | 4HT - MCF10 cells, 12 h, FOS IP | 4HT - MCF10A cells, 36 h, STAT3 IP | 4HT - MCF10 cells, 36 h, MYC IP | 4HT - MCF10A cells, FOS IP | 4HT - MCF10A cells, 12 h, FOS IP | 4HT - MCF10A cells, 4 h, E2F4 IP | 4HT - MCF10 cells",,,
MYC,HMGCR,stemcells,MYC IP - H1 cells,,,
SRF,HMGCR,uterus,SRF IP - ECC1 cells,,,
YY1,HMGCR,leukocytes,"YY1 IP - GM12891 cells, YY1 IP - K562 cells, Rep 2, YY1 IP - K562 cells, Rep 1, YY1 IP - K562 cells, YY1 IP - GM12892 cells, Rep 1, YY1 IP - GM12878 cells",,,
ELF1,HMGCR,colon,ELF1 IP - HCT116 cells,,,
CTCF,HMGCR,placenta,"CTCF IP - HVMF cells, Rep 1 , CTCF IP - HVMF cells, Rep 2 ",,,
R1881,HMGCR,prostate,"R1881 | FOXA1 ChIP-Seq - Rep 1, GABPA IP | R1881, CON KD + R1881 | FOXA1 ChIP-Seq - Rep 1, GATA2 KD + R1881 | FOXA1 ChIP-Seq, R1881 | FOXA1 ChIP-Seq - Rep 2, CON KD + R1881 | FOXA1 ChIP-Seq - Rep 2, CON KD + R1881 | GATA2 ChIP-Seq, CON KD + R1881 | FOXA1 ChIP-Seq, PIAS1 + R1881 | FOXA1 ChIP-Seq - Rep 2, PIAS1 + R1881 | FOXA1 ChIP-Seq - Rep 1",,,
CTCF,HMGCR,mammarygland,"CTCF IP - HMEC cells , CTCF IP - HMEC cells, Rep 2 , CTCF IP - HMEC cells, Rep 1 , CTCF IP - MCF-7 cells, Rep 1 , CTCF IP - HMF cells, Rep 1 , CTCF IP - MCF-7 cells Rep 2 , CTCF IP - MCF7 cells, CTCF IP - HMF cells, Rep 2 ",,,
MXI1,HMGCR,stemcells,MXI1 IP - H1 cells,,,
MXI1,HMGCR,lung,MXI1 IP - IMR cells,,,
RUNX1,HMGCR,leukocytes,"RUNX1 IP, RUNX1 IP",,,
E2F1,HMGCR,mammarygland,"E2F1 IP - MCF7 cells, E2F1 IP",,,
CTCF,HMGCR,colon,"CTCF IP - HCT116 cells, CTCF IP - Rep 1 , CTCF IP - Rep 2 , CTCF IP - Caco , CTCF IP - HCT116 cells, Rep 2 , CTCF IP - Caco-2 cells, Rep 1 , CTCF IP - HCT116 cells, Rep 1 ",,,
CEBPB,HMGCR,stemcells,"CEBPB IP, CEBPB IP, CEBPB IP, CEBPB IP, CEBPB IP, CEBPB IP",,,
JUND,HMGCR,cns,JUND IP - SK-N-SH cells ,,,
REST,HMGCR,mammarygland,REST IP - MCF7 cells,,,
MYC,HMGCR,leukocytes,"MYC IP | IFNG - K562 cells, 30 min, MYC IP | IFNA1 - K562 cells, 6 h, MYC IP | IFNG - K562 cells, 6 h, MYC IP - K562 cells, Rep 2, MYC IP - K562 cells, Rep 1, MYC IP | IFNA1 - K562 cells, 30 min, MYC IP - NB4 cells",,,
IFNG,HMGCR,leukocytes,"MYC IP | IFNG - K562 cells, 30 min, IRF1 IP | IFNG - K562 cells, 6 h, IRF1 IP | IFNG - K562 cells, 30 min, MYC IP | IFNG - K562 cells, 6 h, STAT1 IP - Rep 5, STAT1 IP - Rep 3, STAT1 IP - Rep 1, STAT1 IP - Rep 4, STAT1 IP - Rep 2",,,
CTCF,HMGCR,skin,"CTCF IP - AG09309 cells, Rep 1 , CTCF IP - AG04449 cells, Rep 2 , CTCF IP - NHEK cells , CTCF IP - BJ cells, Rep 1 , CTCF IP - NHDF cells , CTCF IP - HFFC cells, Rep 1 , CTCF IP - NHDF cells, Rep 2 , CTCF IP - AG10803 cells, Rep 1 , CTCF IP - GM12878 cells, Rep 2 , CTCF IP - AG04449 cells, Rep 1 , CTCF IP - NHDF cells, Rep 1 , CTCF IP - HFFC cells, Rep 3 , CTCF IP - AG10803 cells, Rep 2 , CTCF IP - BJ cells, Rep 2 , CTCF IP - NHEK cells, Rep 2 ",,,
HEY1,HMGCR,leukocytes,HEY1 IP - K562 cells,,,
NFYB,HMGCR,uterus,NFYB IP - HeLa cells,,,
TCF12,HMGCR,leukocytes,TCF12 IP - GM12878 cells,,,
BHLHE40,HMGCR,liver,BHLHE40 IP - HepG2 cells,,,
CTCF,HMGCR,sensory,"CTCF IP - WERI-Rb-1- cells, Rep 1 , CTCF IP - WERI , CTCF IP - HRPEpiC cells, Rep 1 , CTCF IP - HRPEpiC cells, Rep 2 ",,,
CTCF,HMGCR,hspcs,"CTCF IP - Erythroid cells, Rep 1, CTCF IP - Erythroid cells, Rep 2",,,
FOXA1,HMGCR,stemcells,FOXA1 IP - Rep 5 ,,,
SP1,HMGCR,liver,SP1 IP - HepG2 cells,,,
SPI1,HMGCR,leukocytes,"SPI1 IP, SPI1 IP - K562 cells, SPI1 IP, SPI1 IP, SPI1 IP, SPI1 IP - HL cells, SPI1 IP, SPI1 IP, SPI1 IP",,,
JUN,HMGCR,mammarygland,"JUN IP - Rep 1, JUN IP - Rep 2",,,
JUN,HMGCR,vasculature,JUN IP,,,
MAX,HMGCR,uterus,"MAX IP - HeLa cells, Rep 1, MAX IP - ECC1 cells, MAX IP - HeLa cells, Rep 2",,,
CREB1,HMGCR,prostate,"CREB1 siRNA | FOXA1 ChIP-Seq - Rep 2, CREB1 ChIP-Seq - Rep 2, FOXA1 siRNA | CREB1 ChIP-Seq - Rep 2, CREB1 siRNA | FOXA1 ChIP-Seq - Rep 1, CREB1 ChIP-Seq - Rep 1, FOXA1 siRNA | CREB1 ChIP-Seq - Rep 1, CREB1 ChIP-Seq - LNCaP, CREB1 ChIP-Seq - LNCaP-abl",,,
MAX,HMGCR,lung,"MAX IP - A549 cells, MAX IP - A549 cells",,,
E2F1,HMGCR,prostate,"HES6 OE + BICALU | E2F1 ChIP-Seq - Rep 1, E2F1 ChIP-Seq - Rep 4",,,
BICALU,HMGCR,prostate,HES6 OE + BICALU | E2F1 ChIP-Seq - Rep 1,,,
HES6,HMGCR,prostate,HES6 OE + BICALU | E2F1 ChIP-Seq - Rep 1,,,
REST,HMGCR,cns,"REST IP - PFSK1 cells, Rep 2, REST IP - PFSK-N-SH cells1 cells, Rep 1, REST IP - SK-N-SH cells, REST IP - SK cells, REST IP - U87 cells",,,
NFYB,HMGCR,leukocytes,"NFYB IP - GM12878 cells, NFYB IP - K562 cells",,,
GATA2,HMGCR,hspcs,GATA2 IP,,,
TAL1,HMGCR,leukocytes,"TAL1 IP - K562 cells, TAL1 IP - MOLT3",,,
ATF3,HMGCR,colon,ATF3 IP - HCT116 cells,,,
IRF3,HMGCR,uterus,IRF3 IP - HeLa cells,,,
MAX,HMGCR,stemcells,"MAX IP - H1 cells, MAX IP - H1 cells",,,
CTCF,HMGCR,skeletalmuscle,"CTCF IP - HSMM cells, Rep 2 , CTCF IP - HSMM cells, Rep 1 ",,,
IFNA1,HMGCR,leukocytes,"MYC IP | IFNA1 - K562 cells, 6 h, MYC IP | IFNA1 - K562 cells, 30 min, IRF1 IP | IFNA1-13 - K562 cells, 6 h",,,
MYB,HMGCR,leukocytes,"MYB IP - MOLT3, MYB IP - Jurkat, Rep 5, MYB IP - Jurkat, Rep 4, MYB IP - Jurkat, Rep 1, MYB IP - Jurkat, Rep 2, MYB IP - Jurkat, Rep 3",,,
FOSL2,HMGCR,lung,FOSL2 IP - A549 cells,,,
RELA,HMGCR,leukocytes,"RELA IP | TNF - GM12892 cells, RELA IP | TNF - GM19099 cells, RELA IP | BAY082  - IVD Th1 cells, PIA, RELA IP | TNF - GM15510 cells, RELA IP | TNF - GM12878 cells, RELA IP | TNF - GM18951 cells, RELA IP | TNF - GM18505 cells, RELA IP | TNF - GM10847 cells, RELA IP | TNF - GM12891 cells",,,
TNF,HMGCR,leukocytes,"RELA IP | TNF - GM12892 cells, RELA IP | TNF - GM15510 cells, RELA IP | TNF - GM12878 cells, RELA IP | TNF - GM18951 cells, RELA IP | TNF - GM18505 cells, RELA IP | TNF - GM10847 cells, RELA IP | TNF - GM12891 cells",,,
ZNF280D,HMGCR,colon,ZNF280D IP ,,,
FOSL2,HMGCR,liver,FOSL2 IP - HepG2 cells,,,
TAL1,HMGCR,colon,TAL1 IP ,,,
SP1,HMGCR,stemcells,SP1 IP - H1 cells,,,
YY1,HMGCR,uterus,YY1 IP - ECC1 cells,,,
IRF1,HMGCR,leukocytes,"IRF1 IP | IFNG - K562 cells, 6 h, IRF1 IP | IFNG - K562 cells, 30 min, IRF1 IP | IFNA1-13 - K562 cells, 6 h",,,
FOS,HMGCR,leukocytes,"FOS IP - K562 cells, FOS IP - GM12878 cells",,,
CTCF,HMGCR,liver,"CTCF IP, CTCF IP - HepG2 cells, Rep 2 , CTCF IP - HepG2 cells, Rep 1 , CTCF IP - SK-N-SH cells, CTCF IP - HepG2 cells ",,,
ARNTL,HMGCR,bone,"ARNTL IP, ARNTL IP, ARNTL IP, ARNTL IP",,,
HIF1A,HMGCR,bone,"HIF1A IP, HIF1A IP",,,
ELF1,HMGCR,mammarygland,ELF1 IP - MCF7 cells,,,
MAZ,HMGCR,uterus,MAZ IP - HeLa cells,,,
FOXA2,HMGCR,stemcells,"FOXA2 IP - ES D10, FOXA2 IP - ES D2, FOXA2 IP - Rep 5 , FOXA2 IP - ES D7",,,
ATF2,HMGCR,leukocytes,ATF2 IP - GM12878 cells,,,
CEBPB,HMGCR,lung,"CEBPB ChIP-Seq - A549, CEBPB ChIP-Seq - IMR90",,,
NFYA,HMGCR,leukocytes,"NFYA IP - K562 cells, NFYA IP - GM12878 cells",,,
MAZ,HMGCR,leukocytes,"MAZ IP - GM12878 cells, MAZ IP - K562 cells",,,
ATF1,HMGCR,leukocytes,ATF1 IP - K562 cells,,,
GATA2,HMGCR,prostate,"GATA2 ChIP-Seq, GATA2 KD  | FOXA1 ChIP-Seq, FOXA1 + FBS | GATA2 ChIP-Seq, GATA2 KD + R1881 | FOXA1 ChIP-Seq, CON KD + R1881 | GATA2 ChIP-Seq, GATA2 ChIP-Seq - Rep 2, FOXA1 KD | GATA2 ChIP-Seq, CON KD + FBS | GATA2 ChIP-Seq",,,
ERG,HMGCR,prostate,"JQI | ERG ChIP-Seq - Rep 2, DHT | ERG ChIP-Seq - 18 h, ERG ChIP-Seq, DHT | ERG ChIP-Seq - 2 h, ERG ChIP-Seq, ERG | ERG ChIP-Seq",,,
JQ1,HMGCR,prostate,JQI | ERG ChIP-Seq - Rep 2,,,
CTCF,HMGCR,kidney,"CTCF IP - RPTEC cells, Rep 2 , CTCF IP - HRE cells, Rep 1 , CTCF IP - HRE cells, Rep 2 , CTCF IP - RPTEC cells, Rep 1 , CTCF IP - HEK293 cells, Rep 2 , CTCF IP - HEK293 cells, Rep 1 ",,,
TCF7L2,HMGCR,mammarygland,"DHT | TCF7L2 ChIP-Seq, TCF7L2 ChIP-Seq",,,
DHT,HMGCR,mammarygland,"DHT | TCF7L2 ChIP-Seq, DHT | FOXA1 ChIP-Seq, DHT | MYC ChIP-Seq",,,
MTA3,HMGCR,leukocytes,MTA3 IP - GM12878 cells,,,
MAX,HMGCR,liver,"MAX IP - MCF7 cells, MAX IP - HepG2 cells, MAX IP - HepG2 cells",,,
CTCF,HMGCR,vasculature,"CTCF IP - AoAFC cells, Rep 1 , CTCF IP - HBMEC cells, Rep 1 , CTCF IP - HUVEC cells , CTCF IP - HBMEC cells, Rep 2 , CTCF IP - HUVEC cells, Rep 1 , CTCF IP - HPAF cells, Rep 2 , CTCF IP - HUVEC cells, Rep 2 , CTCF IP - HPAF cells, Rep 1 , CTCF IP - AoAFC cells, Rep 2 ",,,
CREB1,HMGCR,leukocytes,"CREB1 IP - K562 cells, CREB1 IP, CREB1 IP - GM12878 cells, CREB1 IP",,,
CEBPB,HMGCR,colon,"CEBPB IP | 125DVD3, CEBPB IP, CEBPB IP - HCT116 cells",,,
125DVD3,HMGCR,colon,CEBPB IP | 125DVD3,,,
FLI1,HMGCR,hspcs,FLI1 IP,,,
TBP,HMGCR,stemcells,TBP IP - H1 cells,,,
CTCF,HMGCR,heart,"CTCF IP - myocytes cells, Rep 1 , CTCF IP - myocytes cells, Rep 2 , CTCF IP - HCF cells ",,,
BCL3,HMGCR,lung,BCL3 IP - A549 cells,,,
ELF1,HMGCR,leukocytes,"ELF1 IP - SK-N-SH cells, ELF1 IP - SK-N-SH cells",,,
NANOG,HMGCR,stemcells,"NANOG IP - Rep 8 , NANOG IP - Rep 4 ",,,
MXI1,HMGCR,leukocytes,"MXI1 IP - K562 cells, MXI1 IP - GM12878 cells",,,
SMAD1,HMGCR,hspcs,"SMAD1 IP - Rep 2, SMAD1 IP - Rep 3",,,
SMARCC1,HMGCR,uterus,SMARCC1 IP - HeLa cells,,,
ELF3,HMGCR,pancreas,"ELF3 IP, ELF3 IP, ELF3 IP | KLF5 KO",,,
FOXA2,HMGCR,embryonictissue,"FOXA2 IP - Rep 1, FOXA2 IP - Rep 2",,,
17BE2,HMGCR,mammarygland,"17BE2 | FOXA1 ChIP-Seq - Rep 2, 17BE2 | FOXA1 ChIP-Seq - Rep 1, 17BE2 | FOXA1 ChIP-Seq - Rep 2, 17BE2 | FOXA1 ChIP-Seq, 17BE2 | FOXA1 ChIP-Seq - Rep 2, 17BE2 | FOXA1 ChIP-Seq - Rep 1",,,
EGR1,HMGCR,uterus,EGR1 IP - ECC1 cells,,,
SREBF2,HMGCR,leukocytes,SREBF2 IP - GM12878 cells,,,
YY1,HMGCR,stemcells,YY1 IP - H1 cells,,,
FOXA2,HMGCR,lung,FOXA2 IP - A549 cells,,,
FOS,HMGCR,mammarygland,"FOS IP | 4HT - MCF10A cells, 36 h, FOS IP - MCF10A cells, FOS IP | 4HT - MCF10A cells, 12 h, FOS IP | 4HT - MCF10A cells, 4 h",,,
JUND,HMGCR,liver,JUND IP - HepG2 cells,,,
REST,HMGCR,colon,REST IP ,,,
NFKB1,HMGCR,leukocytes,"NFKB1 IP - Rep 2, NFKB1 IP - Rep 1",,,
TEAD4,HMGCR,leukocytes,TEAD4 IP - K562 cells,,,
FOXA1,HMGCR,liver,"FOXA1 IP - HepG2 cells, Rep 1, FOXA1 IP - HepG2 cells, Rep 2",,,
NFYA,HMGCR,colon,NFYA IP ,,,
BCL3,HMGCR,leukocytes,BCL3 IP - GM12878 cells,,,
E2F6,HMGCR,leukocytes,"E2F6 IP - K562 cells, E2F6 IP - K562 cells",,,
TCF12,HMGCR,lung,TCF12 IP - A549 cells,,,
GABPA,HMGCR,leukocytes,"GABPA IP - GM12878 cells, Rep 4 , GABPA IP - Jurkat, Rep 2, GABPA IP - GM12878 cells, GABPA IP - K562 cells, GABPA IP - Jurkat, Rep 1, GABPA IP - GM12878 cells, Rep 2 ",,,
ZNF263,HMGCR,kidney,ZNF263 IP - HEK293 cells,,,
KLF11,HMGCR,adiposetissue,"ROSI (BrAT) | KLF11 ChIP-Seq, Rep 1, KLF11 ChIP-Seq, Rep 1, ROSI (BrAT) | KLF11 ChIP-Seq, Rep 2, KLF11 ChIP-Seq, Rep 2",,,
ROSI,HMGCR,adiposetissue,"ROSI (BrAT) | KLF11 ChIP-Seq, Rep 1, ROSI (BrAT) | KLF11 ChIP-Seq, Rep 2",,,
ZNF384,HMGCR,leukocytes,ZNF384 IP - GM12878 cells,,,
FOXA1,HMGCR,lung,"FOXA1 IP - A549 cells, FOXA1 IP | DEX - A549 cells",,,
TP53,HMGCR,mammarygland,TP53 IP,,,
USF1,HMGCR,cns,USF1 IP | ATRA - SK-N-SH cells,,,
ATRA,HMGCR,cns,"USF1 IP | ATRA - SK-N-SH cells, YY1 IP | ATRA - SK-N-SH cells",,,
SREBF1,HMGCR,leukocytes,SREBF1 IP - GM12878 cells,,,
BCL6,HMGCR,colon,BCL6 IP ,,,
GABPA,HMGCR,stemcells,GABPA IP - H1 cells,,,
EGR1,HMGCR,colon,EGR1 IP - HCT116 cells,,,
JUND,HMGCR,colon,JUND IP - HCT116 cells,,,
MYC,HMGCR,lung,MYC IP - A549 cells,,,
FOXM1,HMGCR,uterus,FOXM1 IP - ECC1 cells,,,
BAY082,HMGCR,leukocytes,"RELA IP | BAY082  - IVD Th1 cells, PIA",,,
CEBPB,HMGCR,uterus,CEBPB ChIP-Seq - HeLaS3,,,
SREBF1,HMGCR,liver,"SREBF1 IP | PRAV - HepG2 cells, SREBF1 IP | INS + 22RHC - HepG2 cells",,,
PRAV,HMGCR,liver,"SREBF1 IP | PRAV - HepG2 cells, SREBF2 IP | PRAV - HepG2 cells",,,
CTCF,HMGCR,uterus,"CTCF IP - HeLa cells , CTCF IP - HeLa cells, Rep 1 ",,,
STAT1,HMGCR,leukocytes,"STAT1 IP - Rep 5, STAT1 IP - Rep 3, STAT1 IP - Rep 1, STAT1 IP - Rep 4, STAT1 IP - Rep 2",,,
GLI2,HMGCR,colon,GLI2 IP ,,,
GATA2,HMGCR,cns,GATA2 ChIP-Seq SH-SY5Y,,,
SRF,HMGCR,leukocytes,"SRF IP - SK-N-SH cells, SRF IP - GM12878 cells, Rep 2",,,
TP53,HMGCR,bone,TP53 IP,,,
HMGN3,HMGCR,leukocytes,HMGN3 IP - K562 cells,,,
USF1,HMGCR,stemcells,USF1 IP - H1 cells,,,
PBX3,HMGCR,cns,PBX3 IP - SK-N-SH cells,,,
CTCF,HMGCR,megakaryocytelineage,"CTCF IP - MEG-01 cells, Rep 8 , CTCF IP - MEG-01 cells, Rep 6 , CTCF IP - MEG-01 cells, Rep 2 , CTCF IP - MEG-01 cells, Rep 10 , CTCF IP - MEG-01 cells, Rep 4 ",,,
ZNF143,HMGCR,leukocytes,"ZNF143 IP - GM12878 cells, ZNF143 IP - K562 cells",,,
TEAD4,HMGCR,uterus,TEAD4 IP - ECC1 cells,,,
GTF2F1,HMGCR,uterus,GTF2F1 IP - HeLa cells,,,
MYC,HMGCR,mammarygland,"MYC IP, MYC IP | 4HT - MCF10A cells, DHT | MYC ChIP-Seq, MYC IP - MCF-10A cells",,,
ATF3,HMGCR,leukocytes,ATF3 IP - K562 cells,,,
ZNF83,HMGCR,colon,ZNF83 IP ,,,
GATA4,HMGCR,stemcells,"GATA4 IP - Rep 9 , GATA4 IP - Rep 10 , GATA4 IP - Rep 8 ",,,
FOXA1,HMGCR,pancreas,"FOXA1 IP, FOXA1 IP, FOXA1 IP | KLF5 KO",,,
TBP,HMGCR,uterus,TBP IP - HeLa cells,,,
STAT5A,HMGCR,leukocytes,"STAT5A IP - GM12878 cells, STAT5A IP - K562 cells",,,
MAFK,HMGCR,liver,"MAFK IP - HepG2 cells, Rep 1",,,
YY1,HMGCR,colon,YY1 IP - HCT116 cells,,,
TCF21,HMGCR,vasculature,TCF21 IP,,,
USF1,HMGCR,liver,USF1 IP - HepG2 cells,,,
BACH1,HMGCR,stemcells,BACH1 IP - H1 cells,,,
MAZ,HMGCR,liver,MAZ IP - HepG2 cells,,,
ELF1,HMGCR,liver,ELF1 IP - HepG2 cells,,,
SP1,HMGCR,leukocytes,"SP1 IP - GM12878 cells, SP1 IP - K562 cells",,,
CEBPB,HMGCR,mammarygland,CEBPB IP - MCF7 cells,,,
MXI1,HMGCR,liver,MXI1 IP - HepG2 cells,,,
SP2,HMGCR,liver,SP2 IP - HepG2 cells,,,
USF1,HMGCR,lung,"USF1 IP - A549 cells, Rep 1, USF1 IP | DEX - A549 cells, USF1 IP - A549 cells, Rep 2",,,
FOXM1,HMGCR,mammarygland,"FOXM1 IP - MCF7 cells, FOXM1 IP - DS017, FOXM1 IP | THSP - DS006",,,
CREB1,HMGCR,uterus,CREB1 IP - ECC1 cells,,,
CEBPB,HMGCR,liver,"CEBPB ChIP-Seq - HepG2, CEBPB IP | FORSK - HepG2 cells, CEBPB IP - HepG2 cells",,,
GATA1,HMGCR,leukocytes,GATA1 ChIP-Seq - K562,,,
PBX3,HMGCR,lung,PBX3 IP - A549 cells,,,
JUND,HMGCR,leukocytes,"JUND IP - GM12878 cells, Rep 1 , JUND IP - K562 cells",,,
CTCF,HMGCR,adiposetissue,"CTCF ChIP-Seq - d 9, CTCF ChIP-Seq - d 0, CTCF ChIP-Seq - d -2, CTCF ChIP-Seq - d 3",,,
MYC,HMGCR,bone,MYC IP,,,
JUND,HMGCR,vasculature,JUND IP,,,
E2F8,HMGCR,colon,E2F8 IP ,,,
MAFK,HMGCR,colon,MAFK IP ,,,
GATA3,HMGCR,lung,GATA3 IP - A549 cells,,,
PAX5,HMGCR,leukocytes,"PAX5 IP - GM12878 cells, Rep 2, PAX5 IP - GM12878 cells, Rep 1",,,
FORSK,HMGCR,liver,CEBPB IP | FORSK - HepG2 cells,,,
TCF12,HMGCR,liver,TCF12 IP - HepG2 cells,,,
IRF1,HMGCR,colon,IRF1 IP ,,,
MAX,HMGCR,colon,MAX IP - HCT116 cells,,,
ZFP42,HMGCR,stemcells,ZFP42 IP - Rep 2 ,,,
MAFK,HMGCR,lung,MAFK IP - IMR cells,,,
HEY1,HMGCR,liver,HEY1 IP - HepG2 cells,,,
E2F6,HMGCR,lung,E2F6 IP - A549 cells,,,
TP53,HMGCR,lung,"TP53 IP - propapoptic, Rep 1",,,
GTF2B,HMGCR,uterus,GTF2B IP - Rep 2,,,
UBTF,HMGCR,leukocytes,UBTF IP - K562 cells,,,
BACH1,HMGCR,colon,BACH1 IP ,,,
GABPA,HMGCR,liver,"GABPA IP - MCF7 cells, GABPA IP - HepG2 cells",,,
TCF7L2,HMGCR,uterus,TCF7L2 IP - HeLa cells,,,
HOXA6,HMGCR,colon,HOXA6 IP ,,,
CTCF,HMGCR,miscellaneous,"CTCF IP - AG09319 cells, Rep 1 , CTCF IP - AG09319 cells, Rep 2 ",,,
GMEB2,HMGCR,colon,GMEB2 IP ,,,
ELF1,HMGCR,lung,ELF1 IP - A549 cells,,,
17BE2; TNF,HMGCR,mammarygland,17BE2 + TNF | FOXA1 ChIP-Seq - Rep 2,,,
ZNF143,HMGCR,uterus,ZNF143 IP - HeLa cells,,,
ERG,HMGCR,leukocytes,ERG IP - Rep 1,,,
EGR1,HMGCR,leukocytes,"EGR1 IP - K562 cells, EGR1 IP - GM12878 cells, Rep 1",,,
JUN,HMGCR,uterus,JUN IP - HeLa cells,,,
MXI1,HMGCR,uterus,MXI1 IP - HeLa cells,,,
IRF4,HMGCR,leukocytes,"IRF4 IP, IRF4 IP - GM12878 cells",,,
TCF3,HMGCR,leukocytes,TCF3 IP - GM12878 cells,,,
TBP,HMGCR,leukocytes,"TBP IP - GM12878 cells, TBP IP - K562 cells",,,
ZNF143,HMGCR,stemcells,ZNF143 IP - H1 cells,,,
MXI1,HMGCR,cns,MXI1 IP - SK-N-SH cells ,,,
ETS1,HMGCR,leukocytes,"ETS1 IP, ETS1 IP - K562 cells",,,
BHLHE40,HMGCR,leukocytes,"BHLHE40 IP - GM12878 cells, BHLHE40 IP - K562 cells",,,
NFYA,HMGCR,uterus,NFYA IP - HeLa cells,,,
CREB1,HMGCR,liver,"CREB1 IP, CREB1 IP, CREB1 IP - HepG2 cells, CREB1 IP","15753290,",,
THAP1,HMGCR,leukocytes,THAP1 IP - K562 cells,,,
SRF,HMGCR,colon,SRF IP - HCT116 cells,,,
TEAD4,HMGCR,colon,TEAD4 IP - HCT116 cells,,,
PBX3,HMGCR,leukocytes,PBX3 IP - GM12878 cells,,,
CTCF,HMGCR,bone,CTCF IP - Osteoblasts ,,,
ZEB1,HMGCR,liver,ZEB1 IP - HepG2 cells,,,
BARX1,HMGCR,colon,BARX1 IP - Rep 1 ,,,
USF1,HMGCR,uterus,USF1 IP - ECC1 cells,,,
EBF1,HMGCR,leukocytes,"EBF1 IP - GM12878 cells, EBF1 IP - GM12878 cells",,,
GABPA,HMGCR,cns,GABPA IP - SK-N-SH cells,,,
MAFK,HMGCR,uterus,MAFK IP - HeLa cells,,,
MYBL2,HMGCR,liver,MYBL2 IP - HepG2 cells,,,
FOXA2,HMGCR,liver,FOXA2 IP - HepG2 cells,"19822575,",,
MAFK,HMGCR,leukocytes,MAFK IP - K562 cells,,,
TEAD4,HMGCR,liver,"TEAD4 IP - MCF7 cells, TEAD4 IP - HepG2 cells",,,
USF1,HMGCR,colon,USF1 IP - HCT116 cells,,,
GATA3,HMGCR,mammarygland,"GATA3 IP - T47D cells, GATA3 IP - MCF7 cells",,,
JUND,HMGCR,stemcells,"JUND IP - H1 cells, JUND IP - H1 cells",,,
MAX,HMGCR,vasculature,MAX IP - HUVEC cells,,,
JUN,HMGCR,leukocytes,"JUN IP - K562 cells, Rep 1",,,
FOXM1,HMGCR,cns,FOXM1 IP - SK-N-SH cells,,,
ZBTB7A,HMGCR,uterus,ZBTB7A IP - ECC1 cells,,,
CEBPB,HMGCR,leukocytes,"CEBPB IP - K562 cells, CEBPB ChIP-Seq - K562, CEBPB IP - GM12878 cells",,,
ATF2,HMGCR,stemcells,ATF2 IP - H1 cells,,,
SP1,HMGCR,colon,SP1 IP - HCT116 cells,,,
ARNTL,HMGCR,colon,ARNTL IP - Rep 1 ,,,
KLF5,HMGCR,pancreas,"ELF3 IP | KLF5 KO, FOXA1 IP | KLF5 KO",,,
FOXP1,HMGCR,colon,FOXP1 IP ,,,
POU2F2,HMGCR,leukocytes,POU2F2 IP - GM12878 cells,,,
REST,HMGCR,stemcells,"REST IP - H1 cells, Rep 2, REST IP - H1 cells, Rep 1",,,
MEF2B,HMGCR,kidney,MEF2B IP | MEF2B OE - Rep 2,,,
HOXA4,HMGCR,colon,HOXA4 IP ,,,
SRF,HMGCR,mammarygland,SRF IP - MCF7 cells,,,
ELK1,HMGCR,leukocytes,ELK1 IP - GM12878 cells,,,
JUNB,HMGCR,colon,JUNB IP ,,,
E2F6,HMGCR,uterus,E2F6 IP - HeLa cells,,,
SP2,HMGCR,leukocytes,SP2 IP - K562 cells,,,
SP1,HMGCR,lung,SP1 IP - A549 cells,,,
TEAD4,HMGCR,stemcells,TEAD4 IP - H1 cells,,,
CTCF,HMGCR,esophagus,"CTCF IP - HEEpiC cells, Rep 1 , CTCF IP - HEEpiC cells, Rep 2 ",,,
GATA3,HMGCR,cns,GATA3 IP - SK-N-SH cells,,,
GATA1,HMGCR,hspcs,"GATA1 IP - PBDE cells, Rep 1",,,
FOS,HMGCR,uterus,FOS IP - HeLa cells,,,
E2F6,HMGCR,stemcells,E2F6 IP - H1 cells,,,
TBP,HMGCR,liver,TBP IP - HepG2 cells,,,
SOX9,HMGCR,colon,SOX9 IP ,,,
TCF12,HMGCR,stemcells,TCF12 IP - H1 cells,,,
MYC,HMGCR,uterus,MYC IP - HeLa cells,,,
PIAS1,HMGCR,prostate,"PIAS1 + R1881 | FOXA1 ChIP-Seq - Rep 2, PIAS1 + R1881 | FOXA1 ChIP-Seq - Rep 1",,,
NFYC,HMGCR,colon,NFYC IP ,,,
CTCF,HMGCR,pancreas,CTCF IP,,,
ZBTB7A,HMGCR,leukocytes,ZBTB7A IP - SK-N-SH cells,,,
STAT2,HMGCR,colon,STAT2 IP ,,,
ELF1,HMGCR,cns,ELF1 IP - SK-N-SH cells,,,
MAX,HMGCR,cns,MAX IP - SK-N-SH cells,,,
SREBF2,HMGCR,liver,SREBF2 IP | PRAV - HepG2 cells,,,",17448444,19288057"
TCF12,HMGCR,cns,TCF12 IP - SK-N-SH cells,,,
TCF12,HMGCR,uterus,TCF12 IP - ECC1 cells,,,
22RHC; INS,HMGCR,liver,SREBF1 IP | INS + 22RHC - HepG2 cells,,,
ARID3A,HMGCR,liver,ARID3A IP - HepG2 cells,,,
JUND,HMGCR,lung,JUND IP - A549 cells,,,
USF1,HMGCR,leukocytes,USF1 IP - K562 cells,,,
RELA,HMGCR,colon,RELA IP ,,,
YY1,HMGCR,lung,YY1 IP - A549 cells,,,
NFATC1,HMGCR,leukocytes,NFATC1 IP - GM12878 cells,,,
GATA4,HMGCR,stomach,GATA4 IP - AGS,,,
ATF2,HMGCR,colon,ATF2 IP ,,,
JUN,HMGCR,colon,JUN IP ,,,
SOX10,HMGCR,skin,SOX10 IP,,,
REST,HMGCR,lung,REST IP - A549 cells,,,
CREB1,HMGCR,stemcells,CREB1 IP - H1 cells,,,
MAZ,HMGCR,lung,MAZ IP - IMR cells,,,
REST,HMGCR,pancreas,"REST IP - Panc1 cells, Rep 3",,,
YY1,HMGCR,liver,YY1 IP - HepG2 cells,,,
ETV5,HMGCR,colon,ETV5 IP ,,,
EGR1,HMGCR,liver,EGR1 IP - MCF7 cells,,,
REST,HMGCR,uterus,REST IP - ECC1 cells,,,
MYC,HMGCR,liver,MYC IP,,,
E2F4,HMGCR,mammarygland,E2F4 IP | 4HT - MCF10 cells,,,
MAX,HMGCS1,vasculature,MAX IP - HUVEC cells,,,
FOXA1,HMGCS1,prostate,"FOXA1 ChIP-Seq, CON KD | FOXA1 ChIP-Seq, AR C562S OE + FOXA1 OE | FOXA1 ChIP-Seq, CON KD  | FOXA1 ChIP-Seq, CON KD + R1881 | FOXA1 ChIP-Seq, FOXA1 ChIP-Seq, FOXA1 ChIP-Seq - Rep 1, WT AR OE + FOXA1 OE | FOXA1 ChIP-Seq, FOXA1 siRNA | CREB1 ChIP-Seq - Rep 1, WT AR OE | FOXA1 ChIP-Seq, EtOH | FOXA1 ChIP-Seq - , DHT | FOXA1 ChIP-Seq, GATA2 KD + R1881 | FOXA1 ChIP-Seq, CREB1 siRNA | FOXA1 ChIP-Seq - Rep 1, AR Q640X OE + FOXA1 OE | FOXA1 ChIP-Seq, CON KD | FOXA1 ChIP-Seq, FOXA1 siRNA | CREB1 ChIP-Seq - Rep 2, WT AR OE + FOXA1 OE | FOXA1 ChIP-Seq - high FOXA1",,,
ELF1,HMGCS1,mammarygland,ELF1 IP - MCF7 cells,,,
CTCF,HMGCS1,skin,"CTCF IP - NHEK cells , CTCF IP - AG09309 cells, Rep 1 , CTCF IP - AG04449 cells, Rep 2 , CTCF IP - BJ cells, Rep 1 , CTCF IP - AG10803 cells, Rep 1 , CTCF IP - NHDF cells , CTCF IP - HFFC cells, Rep 1 , CTCF IP - NHDF cells, Rep 2 , CTCF IP - AG10803 cells, Rep 2 , CTCF IP - AG04449 cells, Rep 1 , CTCF IP - HFFC cells, Rep 3 , CTCF IP - NHDF cells, Rep 1 , CTCF IP - HFFC cells, Rep 2 , CTCF IP - NHEK cells, Rep 2 , CTCF IP - BJ cells, Rep 2 ",,,
CTCF,HMGCS1,leukocytes,"CTCF IP - GM11994 cells, Rep 2, CTCF IP - GM07346 cells, CTCF IP - GM19193 cells, Rep 2 , CTCF IP - GM12154 cells, Rep 2, CTCF IP - F36P cells, Rep 10 , CTCF IP - GM18526 cells, Rep 1 , CTCF IP - UT-7 cells, Rep 5 , CTCF IP - GM11831 cells, CTCF IP - GM12864 cells, Rep 1 , CTCF IP - GM12869 cells , CTCF IP - GM12875 cells, Rep 1 , CTCF IP - UT-7 cells, Rep 6 , CTCF IP - GM12801 cells , CTCF IP, CTCF IP - GM12892 cells, Rep 2 , CTCF IP - K562 cells, Rep 13 , CTCF IP - GM12873 cells, Rep 3 , CTCF IP - KU812 cells, Rep 17 , CTCF IP - KU812 cells, Rep 13 , CTCF IP - K562 cells, Rep 2 , CTCF IP - GM12890 cells, Rep 1 , CTCF IP - UT-7 cells, Rep 3 , CTCF IP - GM12872 cells, Rep 1 , CTCF IP - GM18486 cells, Rep 3 , CTCF IP - GM12874 cells, CTCF IP - GM12878 cells, Rep 2 , CTCF IP - K562 cells , CTCF IP - K562 cells, Rep 11 , CTCF IP - GM12871 cells , CTCF IP - GM2255 cells, Rep 2 , CTCF IP - GM2588 cells, Rep 1 , CTCF IP - F36P cells, Rep 15 , CTCF IP - MS1 cells, Rep 3 , CTCF IP - GM2630 cells, Rep 2 , CTCF IP - GM12815 cells, Rep 1, CTCF IP - GM11994 cells, Rep 1, CTCF IP - GM12872 cells, CTCF IP - K562 cells, Rep 1 , CTCF IP - GM11992 cells, Rep 2, CTCF IP - GM12154 cells, Rep 1, CTCF IP - GM12866 cells , CTCF IP - UT-7 cells, Rep 2 , CTCF IP - F36P cells, Rep 5 , CTCF IP - GM11811 cells, Rep 2, CTCF IP - F36P cells, Rep 6 , CTCF IP - GM2610 cells, Rep 2 , CTCF IP - GM12872 cells, Rep 2 , CTCF IP - UT-7 cells, Rep 4 , CTCF IP - F36P cells, Rep 9 , CTCF IP - GM12878 cells, Rep 2 , CTCF IP - GM19238 cells, Rep 1 , CTCF IP - GM19240 cells, Rep 2 , CTCF IP - GM10847 cells, Rep 1 , CTCF IP - UT-7 cells, Rep 1 , CTCF IP - GM12865 cells, Rep 3 , CTCF IP - GM2255 cells, Rep 3 , CTCF IP - GM19238 cells, Rep 2 , CTCF IP - GM12006 cells, Rep 1, CTCF IP - KU812 cells, Rep 1 , CTCF IP - GM06990 cells, Rep 1 , CTCF IP - KU812 cells, Rep 9 , CTCF IP - GM12865 cells, Rep 2 , CTCF IP - K562 cells, Rep 1 , CTCF IP - GM19193 cells, Rep 1 , CTCF IP - GM11894 cells, Rep 1, CTCF IP - F36P cells, Rep 1 , CTCF IP - K562 cells, Rep 5 , CTCF IP - K562 cells, CTCF IP - GM12814 cells, Rep 1, CTCF IP - MS1 cells, Rep 2 , CTCF IP - GM12875 cells, Rep 2 , CTCF IP - GM12815 cells, Rep 2, CTCF IP - GM12878 cells , CTCF IP - GM2630 cells, Rep 3 , CTCF IP - K562 cells, Rep 14 , CTCF IP - GM12890 cells, Rep 3 , CTCF IP - GM12812 cells, CTCF IP - GM11881 cells, CTCF IP - HeLa cells, Rep 2 , CTCF IP - GM18505 cells, Rep 1 , CTCF IP - F36P cells, Rep 3 , CTCF IP - GM11894 cells, Rep 2, CTCF IP - GM12891 cells, Rep 2 , CTCF IP - GM19239 cells, Rep 2 , CTCF IP - GM2610 cells, Rep 3 , CTCF IP - F36P cells, Rep 11 , CTCF IP - GM06986 cells, CTCF IP -  CD20+ cells , CTCF IP - F36P cells, Rep 7 , CTCF IP - K562 cells, Rep 16 , CTCF IP - GM2630 cells, Rep 1 , CTCF IP - NB4 cells , CTCF IP - GM19240 cells, Rep 1 , CTCF IP - GM12868 cells , CTCF IP - GM10847 cells, Rep 2 , CTCF IP - GM12865 cells, Rep 1 , CTCF IP - GM19099 cells, Rep 2 , CTCF IP - GM19099 cells, Rep 1 , CTCF IP - GM12873 cells, Rep 1 , CTCF IP - GM12864 cells, Rep 3 , CTCF IP - KU812 cells, Rep 5 , CTCF IP - GM12814 cells, Rep 2, CTCF IP - GM12890 cells, Rep 2 , CTCF IP - GM2255 cells, Rep 1 , CTCF IP - F36P cells, Rep 17 , CTCF IP - GM12874 cells, Rep 2 , CTCF IP - GM12828 cells, CTCF IP - F36P cells, Rep 19 , CTCF IP - GM19239 cells, Rep 1 , CTCF IP - GM12005 cells, Rep 2, CTCF IP - GM12878 cells, Rep 1 , CTCF IP - GM12234 cells, CTCF IP - F36P cells, Rep 13 , CTCF IP - CD14+ cells , CTCF IP - GM11811 cells, Rep 1, CTCF IP - GM12287 cells, Rep 1, CTCF IP - GM18951 cells, Rep 2 , CTCF IP - GM12749 cells, Rep 2, CTCF ChIP-Seq - GM12878, CTCF IP - GM12489 cells, Rep 1, CTCF IP - K562 cells, Rep 15 , CTCF IP - GM2588 cells, Rep 2 , CTCF IP - GM12874 cells, Rep 1 , CTCF IP - MS1 cells, Rep 4 , CTCF IP - GM06990 cells, Rep 2 , CTCF IP - GM12891 cells, Rep 1 , CTCF IP - GM12749 cells, Rep 1, CTCF IP - GM12878 cells, Rep 1 , CTCF IP - GM18486 cells, Rep 2 , CTCF IP - GM12873 cells, Rep 1 , CTCF IP - GM2588 cells, Rep 3 , CTCF IP -  DND , CTCF IP - K562 cells, Rep 12 , CTCF IP - GM18526 cells, Rep 2 , CTCF IP - GM18505 cells, Rep 2 , CTCF IP - GM18486 cells, Rep 1 , CTCF IP - F36P cells, Rep 2 , CTCF IP - MS1 cells, Rep 1 , CTCF IP - GM12872 cells, Rep 3 , CTCF IP - F36P cells, Rep 14 , CTCF IP - GM12870 cells , CTCF IP - GM12867 cells , CTCF IP - GM18951 cells, Rep 1 , CTCF IP - HL , CTCF IP - GM12892 cells, Rep 1 , CTCF IP - GM07037 cells, CTCF IP - GM12864 cells, Rep 2 , CTCF IP - K562 cells, CTCF IP - GM2610 cells, Rep 1 ",,,
CTCF,HMGCS1,cns,"CTCF IP - HCPEpiC cells, Rep 2 , CTCF IP - cerebellar astrocyte cells, Rep 1 , CTCF IP - SK-N-SH cells, Rep 2 , CTCF IP - BE(2)-C cells, Rep 1 , CTCF IP - SK-N-SH cells, Rep 1 , CTCF IP - NHA cells , CTCF IP - HCPEpiC cells, Rep 1 , CTCF IP - BE(2)-C cells, Rep 2 , CTCF IP - SK cells, CTCF IP - spinal cord astrocyte cells, Rep 1 , CTCF IP - SK-N-SH cells , CTCF IP - cerebellar astrocyte cells, Rep 2 , CTCF IP - spinal cord astrocyte cells, Rep 2 ",,,
MAZ,HMGCS1,lung,MAZ IP - IMR cells,,,
TCF12,HMGCS1,lung,TCF12 IP - A549 cells,,,
MYC,HMGCS1,leukocytes,"MYC IP - NB4 cells, MYC IP - K562 cells, Rep 1, MYC IP | IFNG - K562 cells, 6 h, MYC IP | IFNG - K562 cells, 30 min, MYC IP | IFNA1 - K562 cells, 6 h, MYC IP - K562 cells, Rep 2",,,
PBX3,HMGCS1,lung,PBX3 IP - A549 cells,,,
ETS1,HMGCS1,leukocytes,"ETS1 IP, ETS1 IP - K562 cells, ETS1 IP - GM12878 cells",,,
CTCF,HMGCS1,uterus,"CTCF IP - ECC1 cells, CTCF IP - HeLa cells, Rep 1 , CTCF IP - HeLa cells ",,,
FOXA2,HMGCS1,stemcells,"FOXA2 IP - ES D2, FOXA2 IP - ES D10, FOXA2 IP - ES D5, FOXA2 IP - ES D7, FOXA2 IP - Rep 5 ",,,
TAL1,HMGCS1,leukocytes,TAL1 IP - K562 cells,,,
CEBPB,HMGCS1,uterus,CEBPB ChIP-Seq - HeLaS3,,,
CTCF,HMGCS1,kidney,"CTCF IP - HRE cells, Rep 1 , CTCF IP - RPTEC cells, Rep 2 , CTCF IP - HRE cells, Rep 2 , CTCF IP - RPTEC cells, Rep 1 , CTCF IP - HEK293 cells, Rep 2 , CTCF IP - HEK293 cells, Rep 1 ",,,
CTCF,HMGCS1,stemcells,"CTCF IP - Rep 7 , CTCF IP - Rep 1 , CTCF IP - H1 cells , CTCF IP - Rep 6 , CTCF IP - H1 cells, CTCF IP - Rep 4 ",,,
HNF1B,HMGCS1,pancreas,HNF1B IP,,,
FOXA1,HMGCS1,mammarygland,"FOXA1 ChIP-Seq - Rep 2, 17BE2 | FOXA1 ChIP-Seq - Rep 2, DEX | FOXA1 ChIP-Seq - Rep 1, DEX | FOXA1 ChIP-Seq - Rep 1, FOXA1 IP - T47D, 17BE2 | FOXA1 ChIP-Seq - Rep 1, DHT | FOXA1 ChIP-Seq, DEX | FOXA1 ChIP-Seq - Rep 2, FOXA1 IP - T47D cells, FOXA1 ChIP-Seq - Rep 2, FOXA1 ChIP-Seq - Rep 1, 17BE2 | FOXA1 ChIP-Seq - Rep 1, FOXA1 ChIP-Seq - Rep 1, FOXA1 ChIP-Seq - Rep 1, DEX | FOXA1 ChIP-Seq - Rep 2, 17BE2 | FOXA1 ChIP-Seq - Rep 2",,,
ATF3,HMGCS1,colon,"ATF3 IP - HCT116 cells, ATF3 IP, ATF3 IP | CAMPTO",,,
CTCF,HMGCS1,lung,"CTCF IP | DEX - A549 cells , CTCF IP - A549 cells , CTCF IP - SAEC cells, Rep 2 , CTCF IP - A549 cells, Rep 1 , CTCF IP - HPF cells, Rep 1 , CTCF IP - NHLF cells , CTCF IP - SAEC cells, Rep 1 , CTCF IP - AG04450 cells, Rep 2 , CTCF IP | DEX - A549 cells, CTCF IP - HPF cells, Rep 2 , CTCF IP - WI-38 cells, Rep 1 , CTCF IP - A549 cells, CTCF IP - A549 cells, Rep 2 , CTCF IP - NHLF cells , CTCF ChIP-Seq - A549, CTCF IP - AG04450 cells, Rep 1 , CTCF IP - IMR cells",,,
DEX,HMGCS1,lung,"CTCF IP | DEX - A549 cells , FOXA1 IP | DEX - A549 cells, CTCF IP | DEX - A549 cells, CREB1 IP | DEX - A549 cells",,,
SPI1,HMGCS1,leukocytes,"SPI1 IP - HL cells, SPI1 IP, SPI1 IP, SPI1 IP - U-937 cells, Rep 1 , SPI1 IP, ROSI | SPI1 ChIP-Seq, SPI1 IP - K562 cells, SPI1 IP - GM12878 cells, Rep 2 , SPI1 IP - GM12878 cells, Rep 3 , SPI1 IP, SPI1 IP - GM12891 cells, SPI1 IP - HL-60 cells, Rep 4 , SPI1 IP - U-937 cells, Rep 2 , SPI1 IP | RUNX1 KD, SPI1 IP, SPI1 IP, SPI1 IP, SPI1 IP - GM12878 cells, SPI1 IP, SPI1 IP - U-937 cells, Rep 4 , SPI1 IP - U-937 cells, Rep 3 , SPI1 IP - GM12878 cells, Rep 4 , SPI1 IP",,,
ELF1,HMGCS1,leukocytes,"ELF1 IP - SK-N-SH cells, ELF1 IP - SK-N-SH cells",,,
17BE2,HMGCS1,mammarygland,"17BE2 | FOXA1 ChIP-Seq - Rep 2, 17BE2 | FOXA1 ChIP-Seq - Rep 1, 17BE2 | FOXA1 ChIP-Seq - Rep 1, 17BE2 | FOXA1 ChIP-Seq - Rep 2",,,
MAX,HMGCS1,liver,"MAX IP - HepG2 cells, MAX IP - MCF7 cells, MAX IP - HepG2 cells",,,
GTF2B,HMGCS1,uterus,"GTF2B IP - Rep 1, GTF2B IP - Rep 3, GTF2B IP - DTT, Rep 1, GTF2B IP - Rep 2",,,
IRF4,HMGCS1,leukocytes,"IRF4 IP - GM12878 cells, IRF4 IP",,,
STAT5B,HMGCS1,leukocytes,"STAT5B IP | H9, Rep 2, STAT5B IP | IL2 - Rep 2",,,
H9,HMGCS1,leukocytes,"STAT5B IP | H9, Rep 2",,,
SP2,HMGCS1,leukocytes,SP2 IP - K562 cells,,,
FOSL2,HMGCS1,mammarygland,FOSL2 IP - MCF7 cells,,,
SP1,HMGCS1,stemcells,"SP1 IP - H1 cells, SP1 IP - Rep 1 ",,,
IRF1,HMGCS1,leukocytes,"IRF1 IP - Rep 2, IRF1 IP - Rep 1, IRF1 IP - Rep 3, IRF1 IP | IFNG - K562 cells, 30 min, IRF1 IP | IFNG - K562 cells, 6 h, IRF1 IP | IFNA1-13 - K562 cells, 6 h",,,
IFNG,HMGCS1,leukocytes,"IRF1 IP - Rep 2, IRF1 IP - Rep 1, IRF1 IP - Rep 3, MYC IP | IFNG - K562 cells, 6 h, JUN IP | IFNG - K562 cells, 6 h, IRF1 IP | IFNG - K562 cells, 30 min, IRF1 IP | IFNG - K562 cells, 6 h, STAT1 IP - Rep 5, STAT1 IP - Rep 1, MYC IP | IFNG - K562 cells, 30 min, STAT1 IP - Rep 2, STAT1 IP - Rep 4, STAT1 IP - Rep 3",,,
CEBPB,HMGCS1,lung,"CEBPB IP - A549 cells, CEBPB ChIP-Seq - A549",,,
MEF2B,HMGCS1,kidney,"MEF2B IP | MEF2B OE - Rep 2, MEF2B IP | MEF2B OE - Rep 1, MEF2B IP | MEF2B D83V OE - Rep 1",,,
STAT3,HMGCS1,leukocytes,"STAT3 IP - OCI-LY19, STAT3 IP - U-2932, STAT3 IP - SU-DHL-4, STAT3 IP - SU-DHL-6, STAT3 IP - SU-DHL-2, STAT3 IP - OCI-LY7, STAT3 IP - OCI-LY10",,,
AR,HMGCS1,prostate,"AR C562S OE + FOXA1 OE | FOXA1 ChIP-Seq, WT AR OE + FOXA1 OE | FOXA1 ChIP-Seq, WT AR OE | FOXA1 ChIP-Seq, AR Q640X OE + FOXA1 OE | FOXA1 ChIP-Seq, WT AR OE + FOXA1 OE | FOXA1 ChIP-Seq - high FOXA1",,,
JUNB,HMGCS1,colon,JUNB IP ,,,
MAX,HMGCS1,cns,MAX IP - SK-N-SH cells,,,
E2F1,HMGCS1,prostate,"BICALU | E2F1 ChIP-Seq - Rep 1, HES6 OE | E2F1 ChIP-Seq - Rep 2, BICALU | E2F1 ChIP-Seq - Rep 3, HES6 OE | E2F1 ChIP-Seq - Rep 3, E2F1 ChIP-Seq - Rep 2, E2F1 ChIP-Seq - Rep 3, HES6 OE + BICALU | E2F1 ChIP-Seq - Rep 1, HES6 OE | E2F1 ChIP-Seq - Rep 1, E2F1 ChIP-Seq - Rep 4, E2F1 ChIP-Seq - Rep 1, HES6 OE + BICALU | E2F1 ChIP-Seq - Rep 3",,,
BICALU,HMGCS1,prostate,"BICALU | E2F1 ChIP-Seq - Rep 1, BICALU | E2F1 ChIP-Seq - Rep 3, HES6 OE + BICALU | E2F1 ChIP-Seq - Rep 1, HES6 OE + BICALU | E2F1 ChIP-Seq - Rep 3",,,
CEBPB,HMGCS1,liver,"CEBPB ChIP-Seq - HepG2, CEBPB IP | FORSK - HepG2 cells",,,
FOS,HMGCS1,mammarygland,"FOS IP - MCF10A cells, FOS IP | 4HT - MCF10A cells, 12 h, FOS IP | 4HT - MCF10A cells, 4 h, FOS IP | 4HT - MCF10A cells, 36 h",,,
REST,HMGCS1,liver,"REST IP - HepG2 cells, Rep 1, REST IP - HepG2 cells, Rep 2",,,
GABPA,HMGCS1,leukocytes,"GABPA IP - GM12878 cells, Rep 4 , GABPA IP - Jurkat, Rep 1, GABPA IP - K562 cells, GABPA IP - GM12878 cells, Rep 1 , GABPA IP - GM12878 cells, Rep 3 , GABPA IP - Jurkat, Rep 2, GABPA IP - GM12878 cells, Rep 2 , GABPA IP - GM12878 cells",,,
DEX,HMGCS1,mammarygland,"DEX | FOXA1 ChIP-Seq - Rep 1, DEX | FOXA1 ChIP-Seq - Rep 1, JUN IP | DEX, DEX | FOXA1 ChIP-Seq - Rep 2, DEX | FOXA1 ChIP-Seq - Rep 2",,,
STAT3,HMGCS1,mammarygland,"STAT3 IP | 4HT - MCF10 cells, 12 h, STAT3 IP | 4HT - MCF10 cells, 36 h, STAT3 IP - MCF10A cells, Rep 2",,,
4HT,HMGCS1,mammarygland,"STAT3 IP | 4HT - MCF10 cells, 12 h, FOS IP | 4HT - MCF10A cells, 12 h, MYC IP | 4HT - MCF10A cells, E2F4 IP | 4HT - MCF10 cells, FOS IP | 4HT - MCF10A cells, 4 h, STAT3 IP | 4HT - MCF10 cells, 36 h, FOS IP | 4HT - MCF10A cells, 36 h",,,
CTCF,HMGCS1,skeletalmuscle,"CTCF IP - HSMM cells, Rep 2 , CTCF IP - HSMM cells, Rep 1 ",,,
ELF1,HMGCS1,liver,ELF1 IP - HepG2 cells,,,
CTCF,HMGCS1,placenta,"CTCF IP - HVMF cells, Rep 1 , CTCF IP - HVMF cells, Rep 2 ",,,
ZNF263,HMGCS1,kidney,ZNF263 IP - HEK293 cells,,,
SRF,HMGCS1,mammarygland,SRF IP - MCF7 cells,,,
CTCF,HMGCS1,mammarygland,"CTCF IP - HMEC cells , CTCF IP - HMEC cells, Rep 2 , CTCF IP - HMEC cells, Rep 1 , CTCF IP - MCF-7 cells Rep 2 , CTCF IP - MCF-7 cells, Rep 1 , CTCF IP - HMF cells, Rep 1 , CTCF IP - MCF7 cells, CTCF IP - T47D cells, CTCF IP - HMF cells, Rep 2 ",,,
CEBPB,HMGCS1,leukocytes,"CEBPB IP - K562 cells, CEBPB ChIP-Seq - K562",,,
CREB1,HMGCS1,uterus,CREB1 IP - ECC1 cells,,,
CTCF,HMGCS1,colon,"CTCF IP - HCT116 cells, CTCF IP - Caco , CTCF IP - HCT116 cells, Rep 2 , CTCF IP - Caco-2 cells, Rep 1 , CTCF IP - HCT116 cells, Rep 1 ",,,
REST,HMGCS1,uterus,REST IP - ECC1 cells,,,
ZNF143,HMGCS1,leukocytes,"ZNF143 IP - K562 cells, ZNF143 IP - GM12878 cells",,,
TP53,HMGCS1,lung,"TP53 IP - propapoptic, Rep 1",,,
REST,HMGCS1,leukocytes,"REST IP - GM12878 cells, Rep 1, REST IP - GM12878 cells, Rep 12 , REST IP - GM12878 cells, Rep 2, REST IP - K562 cells",,,
USF1,HMGCS1,leukocytes,"USF1 IP - K562 cells, USF1 IP - GM12878 cells",,,
JUN,HMGCS1,liver,JUN IP - HepG2 cells,,,
CREB1,HMGCS1,leukocytes,"CREB1 IP - GM12878 cells, CREB1 IP, CREB1 IP, CREB1 IP - K562 cells",,,
MTA3,HMGCS1,leukocytes,MTA3 IP - GM12878 cells,,,
NFYA,HMGCS1,leukocytes,"NFYA IP - K562 cells, NFYA IP - GM12878 cells",,,
JUND,HMGCS1,liver,"JUND IP - HepG2 cells, JUND IP - HepG2 cells",,,
SREBF2,HMGCS1,leukocytes,SREBF2 IP - GM12878 cells,,,
USF2,HMGCS1,uterus,USF2 IP - HeLa cells,,,
YY1,HMGCS1,leukocytes,"YY1 IP - K562 cells, Rep 1, YY1 IP - GM12891 cells, YY1 IP - K562 cells, Rep 2, YY1 IP - GM12878 cells, YY1 IP - GM12892 cells, Rep 1",,,
NFYB,HMGCS1,colon,NFYB IP ,,,
JUN,HMGCS1,leukocytes,"JUN IP - K562 cells, Rep 2, JUN IP | IFNG - K562 cells, 6 h, JUN IP - K562 cells, Rep 1",,,
R1881,HMGCS1,prostate,"CON KD + R1881 | FOXA1 ChIP-Seq, GABPA IP | R1881, GATA2 KD + R1881 | FOXA1 ChIP-Seq, CON KD + R1881 | GATA2 ChIP-Seq",,,
BHLHE40,HMGCS1,leukocytes,"BHLHE40 IP - K562 cells, BHLHE40 IP - GM12878 cells",,,
TP53,HMGCS1,mammarygland,TP53 IP,,,
CTCF,HMGCS1,esophagus,"CTCF IP - HEEpiC cells, Rep 2 , CTCF IP - HEEpiC cells, Rep 1 ",,,
TAL1,HMGCS1,colon,TAL1 IP ,,,
RELA,HMGCS1,adiposetissue,"RELA IP, RELA IP, RELA IP, RELA IP",,,
MYC,HMGCS1,mammarygland,"MYC IP | 4HT - MCF10A cells, DHT | MYC ChIP-Seq, MYC IP - MCF-10A cells",,,
DHT,HMGCS1,mammarygland,"DHT | MYC ChIP-Seq, DHT | FOXA1 ChIP-Seq, DHT | TCF7L2 ChIP-Seq",,,
SP1,HMGCS1,leukocytes,"SP1 IP - K562 cells, SP1 IP - GM12878 cells",,,
ELF1,HMGCS1,colon,ELF1 IP - HCT116 cells,,,
TEAD4,HMGCS1,colon,TEAD4 IP - HCT116 cells,,,
MAZ,HMGCS1,leukocytes,"MAZ IP - K562 cells, MAZ IP - GM12878 cells",,,
E2F6,HMGCS1,uterus,E2F6 IP - HeLa cells,,,
CTCF,HMGCS1,liver,"CTCF IP - HepG2 cells, Rep 2 , CTCF IP - HepG2 cells, Rep 1 , CTCF IP - SK-N-SH cells, CTCF IP, CTCF IP - HepG2 cells ",,,
MAX,HMGCS1,leukocytes,"MAX IP - GM12878 cells, MAX IP - K562 cells, MAX IP - K562 cells, Rep 1, MAX IP - NB4 cells, MAX IP - K562 cells, Rep 2",,,
CEBPB,HMGCS1,colon,"CEBPB IP, CEBPB IP - HCT116 cells, CEBPB IP | 125DVD3",,,
FOXA1,HMGCS1,pancreas,"FOXA1 IP | KLF5 KO, FOXA1 IP, FOXA1 IP",,,
KLF5,HMGCS1,pancreas,"FOXA1 IP | KLF5 KO, ELF3 IP | KLF5 KO",,,
SREBF2,HMGCS1,pancreas,SREBF2 IP,,,
NFYB,HMGCS1,leukocytes,"NFYB IP - K562 cells, NFYB IP - GM12878 cells",,,
SP1,HMGCS1,lung,SP1 IP - A549 cells,,,
BCL3,HMGCS1,lung,BCL3 IP - A549 cells,,,
FOXA2,HMGCS1,lung,FOXA2 IP - A549 cells,,,
TEAD1,HMGCS1,cns,"TEAD1 IP - Rep 1, TEAD1 IP - Rep 2",,,
ZEB1,HMGCS1,liver,ZEB1 IP - HepG2 cells,,,
ROSI,HMGCS1,leukocytes,ROSI | SPI1 ChIP-Seq,,,
PAX5,HMGCS1,leukocytes,"PAX5 IP - GM12878 cells, Rep 2, PAX5 IP - GM12878 cells, Rep 1, PAX5 IP - GM12891 cells, PAX5 IP - GM12892 cells",,,
YY1,HMGCS1,uterus,YY1 IP - ECC1 cells,,,
CTCF,HMGCS1,hspcs,"CTCF IP - HEL 92.1.7 cells, Rep 11 , CTCF IP - HEL 92.1.7 cells, Rep 14 , CTCF IP - HEL 92.1.7 cells, Rep 8 , CTCF IP - HEL 92.1.7 cells, Rep 5 , CTCF IP - Erythroid cells, Rep 2, CTCF IP - HEL 92.1.7 cells, Rep 7 , CTCF IP - HEL 92.1.7 cells, Rep 2 ",,,
JUN,HMGCS1,mammarygland,"JUN IP | DEX, JUN IP - Rep 1, JUN IP - Rep 2, JUN IP, JUN IP | CPDA",,,
RBPJ,HMGCS1,leukocytes,RBPJ IP | COMPE - wash,,,
COMPE,HMGCS1,leukocytes,RBPJ IP | COMPE - wash,,,
ZNF143,HMGCS1,stemcells,ZNF143 IP - H1 cells,,,
USF1,HMGCS1,liver,USF1 IP - HepG2 cells,,,
FOXM1,HMGCS1,mammarygland,FOXM1 IP | THSP - DS006,,,
FOS,HMGCS1,leukocytes,"FOS IP - GM12878 cells, FOS IP - K562 cells",,,
GABPA,HMGCS1,prostate,"GABPA IP - Rep 1, GABPA IP | R1881",,,
TP53,HMGCS1,bone,TP53 IP,,,
SP1,HMGCS1,liver,SP1 IP - HepG2 cells,,,
CTCF,HMGCS1,vasculature,"CTCF IP - AoAFC cells, Rep 1 , CTCF IP - HUVEC cells , CTCF IP - HBMEC cells, Rep 2 , CTCF IP - HBMEC cells, Rep 1 , CTCF IP - HUVEC cells, Rep 1 , CTCF IP - HPAF cells, Rep 2 , CTCF IP - HUVEC cells, Rep 2 , CTCF IP - HPAF cells, Rep 1 ",,,
ELF3,HMGCS1,pancreas,"ELF3 IP, ELF3 IP | KLF5 KO",,,
USF1,HMGCS1,lung,"USF1 IP - A549 cells, Rep 2",,,
TEAD4,HMGCS1,leukocytes,TEAD4 IP - K562 cells,,,
E2F6,HMGCS1,stemcells,E2F6 IP - H1 cells,,,
GATA3,HMGCS1,lung,GATA3 IP - A549 cells,,,
CTCF,HMGCS1,heart,"CTCF IP - myocytes cells, Rep 1 , CTCF IP - myocytes cells, Rep 2 , CTCF IP - HCF cells ",,,
E2F8,HMGCS1,colon,E2F8 IP ,,,
GABPA,HMGCS1,liver,"GABPA IP, GABPA IP - MCF7 cells, GABPA IP - HepG2 cells, GABPA IP",,,
ZEB1,HMGCS1,leukocytes,ZEB1 IP - GM12878 cells,,,
HEY1,HMGCS1,liver,HEY1 IP - HepG2 cells,,,
FOXM1,HMGCS1,uterus,FOXM1 IP - ECC1 cells,,,
MYC,HMGCS1,bone,MYC IP,,,
TBP,HMGCS1,stemcells,TBP IP - H1 cells,,,
KLF11,HMGCS1,adiposetissue,"ROSI (BrAT) | KLF11 ChIP-Seq, Rep 1, KLF11 ChIP-Seq, Rep 1, ROSI (BrAT) | KLF11 ChIP-Seq, Rep 2, KLF11 ChIP-Seq, Rep 2",,,
ROSI,HMGCS1,adiposetissue,"ROSI (BrAT) | KLF11 ChIP-Seq, Rep 1, ROSI (BrAT) | KLF11 ChIP-Seq, Rep 2",,,
CTCF,HMGCS1,sensory,"CTCF IP - WERI , CTCF IP - WERI-Rb-1- cells, Rep 1 , CTCF IP - HRPEpiC cells, Rep 1 , CTCF IP - HRPEpiC cells, Rep 2 ",,,
E2F4,HMGCS1,mammarygland,E2F4 IP | 4HT - MCF10 cells,,,
REST,HMGCS1,stemcells,"REST IP - H1 cells, Rep 1, REST IP - H1 cells, Rep 2",,,
JUND,HMGCS1,leukocytes,JUND IP - K562 cells,,,
NFYA,HMGCS1,colon,NFYA IP ,,,
CREB1,HMGCS1,prostate,"CREB1 ChIP-Seq - Rep 1, FOXA1 siRNA | CREB1 ChIP-Seq - Rep 1, CREB1 ChIP-Seq - LNCaP, CREB1 siRNA | FOXA1 ChIP-Seq - Rep 1, CREB1 ChIP-Seq - LNCaP-abl, CREB1 ChIP-Seq - Rep 2, FOXA1 siRNA | CREB1 ChIP-Seq - Rep 2",,,
REST,HMGCS1,cns,"REST IP - U87 cells, REST IP - SK cells, REST IP - PFSK-N-SH cells1 cells, Rep 1",,,
CUX1,HMGCS1,leukocytes,CUX1 IP - K562 cells,,,
CTCF,HMGCS1,megakaryocytelineage,"CTCF IP - MEG-01 cells, Rep 8 , CTCF IP - MEG-01 cells, Rep 6 , CTCF IP - MEG-01 cells, Rep 2 , CTCF IP - MEG-01 cells, Rep 4 , CTCF IP - CHRF-288-11 cells, Rep 1 , CTCF IP - MEG-01 cells, Rep 10 ",,,
CDX2,HMGCS1,colon,"CDX2 IP, CDX2 IP | 125DVD3",,,
MXI1,HMGCS1,liver,MXI1 IP - HepG2 cells,,,
FOXA1,HMGCS1,lung,"FOXA1 IP | DEX - A549 cells, FOXA1 IP - A549 cells",,,
REST,HMGCS1,lung,REST IP - A549 cells,,,
MAX,HMGCS1,uterus,"MAX IP - ECC1 cells, MAX IP - HeLa cells, Rep 2, MAX IP - HeLa cells, Rep 1",,,
JUND,HMGCS1,uterus,JUND IP - HeLa cells,,,
SREBF1,HMGCS1,leukocytes,SREBF1 IP - GM12878 cells,,,
E2F3,HMGCS1,colon,E2F3 IP ,,,
HES6,HMGCS1,prostate,"HES6 OE | E2F1 ChIP-Seq - Rep 2, HES6 OE | E2F1 ChIP-Seq - Rep 3, HES6 OE + BICALU | E2F1 ChIP-Seq - Rep 1, HES6 OE | E2F1 ChIP-Seq - Rep 1, HES6 OE + BICALU | E2F1 ChIP-Seq - Rep 3",,,
TEAD4,HMGCS1,stemcells,TEAD4 IP - H1 cells,,,
FOXH1,HMGCS1,embryonictissue,FOXH1 IP - endoderm,,,
RELA,HMGCS1,leukocytes,"RELA IP | TNF - GM15510 cells, RELA IP | BAY082  - IVD Th1 cells, PIA, RELA IP | TNF - GM18951 cells, RELA IP | TNF - GM10847 cells, RELA IP | TNF - GM12891 cells",,,
TNF,HMGCS1,leukocytes,"RELA IP | TNF - GM15510 cells, RELA IP | TNF - GM18951 cells, RELA IP | TNF - GM10847 cells, RELA IP | TNF - GM12891 cells",,,
ATF2,HMGCS1,leukocytes,ATF2 IP - GM12878 cells,,,
BAY082,HMGCS1,leukocytes,"RELA IP | BAY082  - IVD Th1 cells, PIA",,,
MAX,HMGCS1,colon,MAX IP - HCT116 cells,,,
EBF1,HMGCS1,leukocytes,"EBF1 IP - GM12878 cells, EBF1 IP - GM12878 cells",,,
SREBF1,HMGCS1,liver,"SREBF1 IP | PRAV - HepG2 cells, SREBF1 IP | INS + 22RHC - HepG2 cells",,,
PRAV,HMGCS1,liver,"SREBF1 IP | PRAV - HepG2 cells, SREBF2 IP | PRAV - HepG2 cells",,,
NFYB,HMGCS1,uterus,NFYB IP - HeLa cells,,,
TCF12,HMGCS1,leukocytes,TCF12 IP - GM12878 cells,,,
CREB1,HMGCS1,lung,"CREB1 IP - A549 cells, Rep 2, CREB1 IP - A549 cells, Rep 1, CREB1 IP | DEX - A549 cells",,,
JUN,HMGCS1,vasculature,"JUN IP, JUN IP - HUVEC cells",,,
HIF1A,HMGCS1,bone,HIF1A IP,,,
YY1,HMGCS1,colon,YY1 IP - HCT116 cells,,,
ATF2,HMGCS1,colon,ATF2 IP ,,,
MYBL2,HMGCS1,liver,MYBL2 IP - HepG2 cells,,,
TEAD4,HMGCS1,lung,TEAD4 IP - A549 cells,,,
MYB,HMGCS1,leukocytes,"MYB IP - Jurkat, Rep 4, MYB IP - Jurkat, Rep 5, MYB IP - Jurkat, Rep 2, MYB IP - Jurkat, Rep 3, MYB IP - Jurkat, Rep 1",,,
GABPA,HMGCS1,cns,GABPA IP - SK-N-SH cells,,,
FOXP1,HMGCS1,prostate,DHT | FOXP1 ChIP-Seq,,,
DHT,HMGCS1,prostate,"DHT | FOXP1 ChIP-Seq, DHT | FOXA1 ChIP-Seq",,,
FORSK,HMGCS1,liver,CEBPB IP | FORSK - HepG2 cells,,,
NFKB2,HMGCS1,leukocytes,NFKB2 IP - Rep 2,,,
UBTF,HMGCS1,leukocytes,UBTF IP - K562 cells,,,
REST,HMGCS1,pancreas,"REST IP - Panc1 cells, Rep 3",,,
MXI1,HMGCS1,stemcells,MXI1 IP - H1 cells,,,
MXI1,HMGCS1,lung,MXI1 IP - IMR cells,,,
FOXA1,HMGCS1,liver,"FOXA1 IP - HepG2 cells, Rep 1",,,
MEF2A,HMGCS1,leukocytes,MEF2A IP - GM12878 cells,,,
JUND,HMGCS1,colon,JUND IP - HCT116 cells,,,
SMARCC1,HMGCS1,uterus,SMARCC1 IP - HeLa cells,,,
STAT5A,HMGCS1,leukocytes,"STAT5A IP - GM12878 cells, STAT5A IP - K562 cells",,,
FOSL1,HMGCS1,colon,FOSL1 IP - HCT116 cells,,,
USF1,HMGCS1,cns,"USF1 IP - SK-N-SH cells, USF1 IP | ATRA - SK-N-SH cells",,,
CTCF,HMGCS1,bone,"CTCF IP, CTCF IP - Osteoblasts ",,,
PBX3,HMGCS1,cns,PBX3 IP - SK-N-SH cells,,,
SRF,HMGCS1,stemcells,SRF IP - Rep 7 ,,,
CREB1,HMGCS1,liver,"CREB1 IP, CREB1 IP, CREB1 IP, CREB1 IP - HepG2 cells",,,
MAZ,HMGCS1,uterus,MAZ IP - HeLa cells,,,
FOXP2,HMGCS1,cns,FOXP2 IP - PFSK-1 cells,,,
JUND,HMGCS1,vasculature,JUND IP,,,
FOXA1,HMGCS1,stemcells,FOXA1 IP - Rep 5 ,,,
CTCF,HMGCS1,adiposetissue,"CTCF ChIP-Seq - d 9, CTCF ChIP-Seq - d -2, CTCF ChIP-Seq - d 0, CTCF ChIP-Seq - d 3",,,
IRF1,HMGCS1,colon,IRF1 IP ,,,
GATA3,HMGCS1,mammarygland,GATA3 IP - T47D cells,,,
ZBTB7A,HMGCS1,leukocytes,ZBTB7A IP - SK-N-SH cells,,,
RUNX1,HMGCS1,hspcs,RUNX1,,,
NANOG,HMGCS1,stemcells,"NANOG IP - Rep 8 , NANOG IP - Rep 5 ",,,
FOS,HMGCS1,vasculature,FOS IP - HUVEC cells,,,
TBP,HMGCS1,uterus,TBP IP - HeLa cells,,,
CEBPB,HMGCS1,stemcells,"CEBPB IP, CEBPB IP",,,
SMAD1,HMGCS1,hspcs,SMAD1 IP - Rep 3,,,
ZNF83,HMGCS1,colon,ZNF83 IP ,,,
FOSL1,HMGCS1,leukocytes,FOSL1 IP - K562 cells,,,
E2F4,HMGCS1,uterus,E2F4 IP - HeLa cells,,,
YY1,HMGCS1,liver,YY1 IP - HepG2 cells,,,
GATA2,HMGCS1,prostate,"GATA2 ChIP-Seq, GATA2 KD + R1881 | FOXA1 ChIP-Seq, CON KD + R1881 | GATA2 ChIP-Seq",,,
BATF,HMGCS1,leukocytes,BATF IP - GM12878 cells,,,
STAT1,HMGCS1,leukocytes,"STAT1 IP - Rep 5, STAT1 IP - Rep 1, STAT1 IP - Rep 2, STAT1 IP - Rep 4, STAT1 IP - Rep 3",,,
YY1,HMGCS1,cns,YY1 IP | ATRA - SK-N-SH cells,,,
ATRA,HMGCS1,cns,"YY1 IP | ATRA - SK-N-SH cells, USF1 IP | ATRA - SK-N-SH cells",,,
125DVD3,HMGCS1,colon,"CDX2 IP | 125DVD3, CEBPB IP | 125DVD3",,,
IL2,HMGCS1,leukocytes,STAT5B IP | IL2 - Rep 2,,,
GATA6,HMGCS1,stomach,GATA6 IP - YCC3,,,
GATA2,HMGCS1,leukocytes,"GATA2 IP - K562 cells, GATA2 IP - K562 cells",,,
MAX,HMGCS1,stemcells,"MAX IP - H1 cells, MAX IP - H1 cells",,,
MEF2C,HMGCS1,leukocytes,MEF2C IP - GM12878 cells,,,
GATA3,HMGCS1,cns,GATA3 IP - SK-N-SH cells,,,
TBP,HMGCS1,leukocytes,"TBP IP - GM12878 cells, TBP IP - K562 cells",,,
USF1,HMGCS1,stemcells,USF1 IP - H1 cells,,,
RUNX1,HMGCS1,leukocytes,"SPI1 IP | RUNX1 KD, RUNX1 IP",,,
GLI2,HMGCS1,colon,GLI2 IP ,,,
MAZ,HMGCS1,liver,MAZ IP - HepG2 cells,,,
EGR1,HMGCS1,colon,EGR1 IP - HCT116 cells,,,
IRF3,HMGCS1,liver,IRF3 IP - HepG2 cells,,,
SP1,HMGCS1,colon,SP1 IP - HCT116 cells,,,
TCF12,HMGCS1,cns,TCF12 IP - SK-N-SH cells,,,
TCF3,HMGCS1,leukocytes,TCF3 IP - GM12878 cells,,,
SP2,HMGCS1,stemcells,SP2 IP - H1 cells,,,
BHLHE40,HMGCS1,liver,BHLHE40 IP - HepG2 cells,,,
TCF12,HMGCS1,uterus,TCF12 IP - ECC1 cells,,,
FOSL2,HMGCS1,cns,FOSL2 IP - SK-N-SH cells,,,
MAFK,HMGCS1,uterus,MAFK IP - HeLa cells,,,
E2F1,HMGCS1,mammarygland,"E2F1 IP - MCF7 cells, E2F1 IP",,,
FOXP1,HMGCS1,colon,FOXP1 IP ,,,
GATA1,HMGCS1,hspcs,"GATA1 IP - PBDE cells, Rep 1",,,
SRF,HMGCS1,leukocytes,"SRF IP - SK-N-SH cells, SRF IP - GM12878 cells, Rep 2",,,
FOS,HMGCS1,uterus,FOS IP - HeLa cells,,,
CREB1,HMGCS1,stemcells,CREB1 IP - H1 cells,,,
E2F6,HMGCS1,lung,E2F6 IP - A549 cells,,,
POU2F2,HMGCS1,leukocytes,POU2F2 IP - GM12878 cells,,,
SP2,HMGCS1,liver,SP2 IP - HepG2 cells,,,
STAT3,HMGCS1,uterus,STAT3 IP - HeLa cells,,,
SOX9,HMGCS1,colon,SOX9 IP ,,,
E2F6,HMGCS1,leukocytes,"E2F6 IP - K562 cells, E2F6 IP - K562 cells",,,
NFYA,HMGCS1,uterus,NFYA IP - HeLa cells,,,
PBX3,HMGCS1,leukocytes,PBX3 IP - GM12878 cells,,,
BHLHE40,HMGCS1,lung,BHLHE40 IP - A549 cells,,,
ATF3,HMGCS1,lung,ATF3 IP - A549 cells,,,
FOSL1,HMGCS1,mammarygland,FOSL1 IP,,,
GATA2,HMGCS1,hspcs,GATA2 IP,,,
ARID3A,HMGCS1,leukocytes,ARID3A IP - K562 cells,,,
JUN,HMGCS1,colon,JUN IP ,,,
IFNA1,HMGCS1,leukocytes,"MYC IP | IFNA1 - K562 cells, 6 h, IRF1 IP | IFNA1-13 - K562 cells, 6 h",,,
BCL3,HMGCS1,leukocytes,BCL3 IP - GM12878 cells,,,
STAT1,HMGCS1,uterus,"STAT1 IP | IFNG - HeLa cells, 30 min",,,
IFNG,HMGCS1,uterus,"STAT1 IP | IFNG - HeLa cells, 30 min",,,
TCF12,HMGCS1,liver,TCF12 IP - HepG2 cells,,,
HOXA4,HMGCS1,colon,HOXA4 IP ,,,
GABPA,HMGCS1,lung,GABPA IP - A549 cells,,,
ELF1,HMGCS1,cns,ELF1 IP - SK-N-SH cells,,,
CTCF,HMGCS1,miscellaneous,"CTCF IP - AG09319 cells, Rep 2 , CTCF IP - AG09319 cells, Rep 1 ",,,
MXI1,HMGCS1,cns,MXI1 IP - SK-N-SH cells ,,,
NFKB1,HMGCS1,leukocytes,"NFKB1 IP - Rep 2, NFKB1 IP - Rep 1",,,
GATA4,HMGCS1,stomach,GATA4 IP - AGS,,,
JUN,HMGCS1,uterus,JUN IP - HeLa cells,,,
CPDA,HMGCS1,mammarygland,JUN IP | CPDA,,,
CTCF,HMGCS1,pancreas,CTCF IP,,,
EGR1,HMGCS1,leukocytes,"EGR1 IP - K562 cells, EGR1 IP - GM12878 cells, Rep 1",,,
HMGN3,HMGCS1,leukocytes,HMGN3 IP - K562 cells,,,
CREB1,HMGCS1,colon,CREB1 IP ,,,
USF2,HMGCS1,leukocytes,USF2 IP - GM12878 cells,,,
ZBTB7A,HMGCS1,uterus,ZBTB7A IP - ECC1 cells,,,
NFATC1,HMGCS1,leukocytes,NFATC1 IP - GM12878 cells,,,
YY1,HMGCS1,lung,YY1 IP - A549 cells,,,
JUND,HMGCS1,lung,JUND IP - A549 cells,,,
USF1,HMGCS1,uterus,USF1 IP - ECC1 cells,,,
TBP,HMGCS1,liver,TBP IP - HepG2 cells,,,
TCF7L2,HMGCS1,mammarygland,"DHT | TCF7L2 ChIP-Seq, TCF7L2 ChIP-Seq",,,
SOX2,HMGCS1,colon,SP1 IP - Rep 2,,,
ATF1,HMGCS1,leukocytes,ATF1 IP - K562 cells,,,
22RHC; INS,HMGCS1,liver,SREBF1 IP | INS + 22RHC - HepG2 cells,,,
RELA,HMGCS1,colon,RELA IP ,,,
FOXM1,HMGCS1,leukocytes,FOXM1 IP - GM12878 cells,,,
USF1,HMGCS1,colon,USF1 IP - HCT116 cells,,,
GTF2B,HMGCS1,leukocytes,GTF2B IP - K562 cells,,,
HEY1,HMGCS1,leukocytes,HEY1 IP - K562 cells,,,
NFYC,HMGCS1,colon,NFYC IP ,,,
MXI1,HMGCS1,leukocytes,MXI1 IP - GM12878 cells,,,
ATF2,HMGCS1,stemcells,ATF2 IP - H1 cells,,,
MAX,HMGCS1,lung,"MAX IP - A549 cells, MAX IP - A549 cells",,,
FOSL2,HMGCS1,lung,FOSL2 IP - A549 cells,,,
BARX1,HMGCS1,colon,BARX1 IP - Rep 1 ,,,
FOSL2,HMGCS1,liver,FOSL2 IP - HepG2 cells,,,
ELF1,HMGCS1,lung,ELF1 IP - A549 cells,,,
SRF,HMGCS1,colon,SRF IP - HCT116 cells,,,
OTX2,HMGCS1,stemcells,OTX2 IP - Rep 10 ,,,
IRF3,HMGCS1,leukocytes,IRF3 IP - GM12878 cells,,,
FOXA2,HMGCS1,embryonictissue,FOXA2 IP - Rep 2,,,
GATA2,HMGCS1,cns,GATA2 ChIP-Seq SH-SY5Y,,,
ERG,HMGCS1,leukocytes,ERG IP - Rep 1,,,
TEAD4,HMGCS1,uterus,TEAD4 IP - ECC1 cells,,,
STAT2,HMGCS1,colon,STAT2 IP ,,,
HOXA6,HMGCS1,colon,HOXA6 IP ,,,
ETV5,HMGCS1,colon,ETV5 IP ,,,
MAFK,HMGCS1,liver,"MAFK IP - HepG2 cells, Rep 2",,,
E2F4,HMGCS1,leukocytes,E2F4 IP - GM12878 cells,,,
SREBF2,HMGCS1,liver,SREBF2 IP | PRAV - HepG2 cells,,,
CEBPB,HSD17B7,leukocytes,"CEBPB IP - Rep 203, CEBPB IP - HL-60 cells, Rep 2 , CEBPB IP | oxLDL  - Rep 208, CEBPB IP | oxLDL  - Rep 205, CEBPB IP - Rep 201, CEBPB IP - HL-60 cells, Rep 1 , CEBPB IP, CEBPB IP - K562 cells, CEBPB IP, CEBPB IP| oxLDL  - Rep 207, CEBPB IP, CEBPB ChIP-Seq - K562, CEBPB IP - Rep 204",,,
CTCF,HSD17B7,leukocytes,"CTCF IP - F36P cells, Rep 3 , CTCF IP - GM18951 cells, Rep 1 , CTCF IP - F36P cells, Rep 11 , CTCF IP - GM06986 cells, CTCF IP - GM2610 cells, Rep 3 , CTCF IP - GM2610 cells, Rep 1 , CTCF IP - GM12892 cells, Rep 1 , CTCF IP - MS1 cells, Rep 2 , CTCF IP - K562 cells, CTCF IP - GM12875 cells, Rep 2 , CTCF IP - UT-7 cells, Rep 1 , CTCF IP - KU812 cells, Rep 1 , CTCF IP - GM12890 cells, Rep 3 , CTCF IP - GM2630 cells, Rep 3 , CTCF IP - K562 cells, Rep 9 , CTCF IP - MS1 cells, Rep 1 , CTCF IP - GM12866 cells , CTCF IP - GM12891 cells, Rep 2 , CTCF IP - GM19240 cells, Rep 1 , CTCF IP - F36P cells, Rep 19 , CTCF IP - GM12872 cells, Rep 2 , CTCF IP - GM2630 cells, Rep 1 , CTCF IP - GM12868 cells , CTCF IP - GM19099 cells, Rep 2 , CTCF IP - GM19099 cells, Rep 1 , CTCF IP - K562 cells, Rep 16 , CTCF IP - GM12878 cells , CTCF IP - GM12814 cells, Rep 1, CTCF IP - F36P cells, Rep 7 , CTCF IP - K562 cells, Rep 14 , CTCF IP - GM19239 cells, Rep 2 , CTCF IP - GM12864 cells, Rep 3 , CTCF IP - GM18505 cells, Rep 1 , CTCF IP - GM12873 cells, Rep 1 , CTCF IP - GM2630 cells, Rep 2 , CTCF IP - GM2255 cells, Rep 2 , CTCF IP - KU812 cells, Rep 5 , CTCF IP - K562 cells, Rep 15 , CTCF IP - GM12867 cells , CTCF IP - GM12870 cells , CTCF IP - GM12872 cells, Rep 3 , CTCF IP - GM2588 cells, Rep 2 , CTCF IP - GM12864 cells, Rep 2 , CTCF IP - F36P cells, Rep 18 , CTCF IP - HL , CTCF IP - MS1 cells, Rep 3 , CTCF IP - CD14+ cells , CTCF IP - HeLa cells, Rep 2 , CTCF ChIP-Seq - GM12878, CTCF IP - F36P cells, Rep 14 , CTCF IP - GM12891 cells, Rep 1 , CTCF IP -  CD20+ cells , CTCF IP - MS1 cells, Rep 4 , CTCF IP - K562 cells, CTCF IP - NB4 cells , CTCF IP - F36P cells, Rep 13 , CTCF IP - GM2588 cells, Rep 3 , CTCF IP - GM18526 cells, Rep 2 , CTCF IP - GM12873 cells, Rep 1 , CTCF IP - GM12878 cells, Rep 1 , CTCF IP - GM18505 cells, Rep 2 , CTCF IP - GM18486 cells, Rep 1 , CTCF IP - GM18951 cells, Rep 2 , CTCF IP - GM19193 cells, Rep 1 , CTCF IP - K562 cells , CTCF IP - GM12878 cells, Rep 2 , CTCF IP - GM12872 cells, Rep 1 , CTCF IP - K562 cells, Rep 13 , CTCF IP - GM2255 cells, Rep 3 , CTCF IP - UT-7 cells, Rep 6 , CTCF IP, CTCF IP - GM07346 cells, CTCF IP -  DND , CTCF IP - GM18526 cells, Rep 1 , CTCF IP - K562 cells, Rep 12 , CTCF IP - F36P cells, Rep 2 , CTCF IP - UT-7 cells, Rep 5 , CTCF IP - GM2588 cells, Rep 1 , CTCF IP - GM12815 cells, Rep 1, CTCF IP - GM06990 cells, Rep 2 , CTCF IP - GM12892 cells, Rep 2 , CTCF IP - K562 cells, Rep 1 , CTCF IP - F36P cells, Rep 15 , CTCF IP - GM11994 cells, Rep 2, CTCF IP - GM12890 cells, Rep 1 , CTCF IP - K562 cells, Rep 2 , CTCF IP - GM18486 cells, Rep 3 , CTCF IP - GM19193 cells, Rep 2 , CTCF IP - K562 cells, CTCF IP - GM12154 cells, Rep 2, CTCF IP - F36P cells, Rep 10 , CTCF IP - GM12871 cells , CTCF IP - GM11831 cells, CTCF IP - GM12890 cells, Rep 2 , CTCF IP - F36P cells, Rep 6 , CTCF IP - GM12865 cells, Rep 2 , CTCF IP - K562 cells, Rep 1 , CTCF IP - GM06990 cells, Rep 1 , CTCF IP - F36P cells, Rep 5 , CTCF IP - GM11994 cells, Rep 1, CTCF IP - UT-7 cells, Rep 4 , CTCF IP - GM19239 cells, Rep 1 , CTCF IP - GM12878 cells, Rep 1 , CTCF IP - F36P cells, Rep 9 , CTCF IP - GM19238 cells, Rep 1 , CTCF IP - KU812 cells, Rep 13 , CTCF IP - KU812 cells, Rep 17 , CTCF IP - UT-7 cells, Rep 3 , CTCF IP - GM12154 cells, Rep 1, CTCF IP - U-937 cells, Rep 2 , CTCF IP - K562 cells, Rep 11 , CTCF IP - GM10847 cells, Rep 2 , CTCF IP - GM2255 cells, Rep 1 , CTCF IP - UT-7 cells, Rep 2 , CTCF IP - GM2610 cells, Rep 2 , CTCF IP - KU812 cells, Rep 9 , CTCF IP - GM12864 cells, Rep 1 , CTCF IP - K562 cells, Rep 5 , CTCF IP - GM19240 cells, Rep 2 , CTCF IP - U-937 cells, Rep 1 , CTCF IP - GM12875 cells, Rep 1 , CTCF IP - GM12873 cells, Rep 3 , CTCF IP - F36P cells, Rep 1 , CTCF IP - GM12878 cells, Rep 2 , CTCF IP - GM10847 cells, Rep 1 , CTCF IP - GM19238 cells, Rep 2 , CTCF IP - GM12869 cells , CTCF IP - GM12865 cells, Rep 3 ",,,
OTX2,HSD17B7,stemcells,"OTX2 IP - Rep 3 , OTX2 IP - Rep 9 , OTX2 IP - Rep 10 , OTX2 IP - Rep 4 , OTX2 IP - Rep 8 ",,,
REST,HSD17B7,cns,"REST IP - SK cells, REST IP - U87 cells, REST IP - PFSK1 cells, Rep 2",,,
CTCF,HSD17B7,kidney,"CTCF IP - HEK293 cells, Rep 2 , CTCF IP - HEK293 cells, Rep 1 , CTCF IP - RPTEC cells, Rep 1 , CTCF IP - RPTEC cells, Rep 2 , CTCF IP - HRE cells, Rep 1 , CTCF IP - HRE cells, Rep 2 ",,,
CTCF,HSD17B7,adiposetissue,"CTCF ChIP-Seq - d 9, CTCF ChIP-Seq - d -2, CTCF ChIP-Seq - d 0, CTCF ChIP-Seq - d 3",,,
MXI1,HSD17B7,liver,MXI1 IP - HepG2 cells,,,
FOXA1,HSD17B7,prostate,"PIAS1 + R1881 | FOXA1 ChIP-Seq - Rep 1, FOXA1 ChIP-Seq, WT AR OE + FOXA1 OE | FOXA1 ChIP-Seq - high FOXA1, EtOH | FOXA1 ChIP-Seq - Rep 2, AR C562S OE + FOXA1 OE | FOXA1 ChIP-Seq, CREB1 siRNA | FOXA1 ChIP-Seq - Rep 2, FOXA1 siRNA | CREB1 ChIP-Seq - Rep 2, FOXA1 ChIP-Seq, R1881 | FOXA1 ChIP-Seq - Rep 1, FOXA1 ChIP-Seq, GATA2 KD  | FOXA1 ChIP-Seq, FOXA1 ChIP-Seq, CON KD  | FOXA1 ChIP-Seq, FOXA1 ChIP-Seq - Rep 1, WT AR OE + FOXA1 OE | FOXA1 ChIP-Seq, FOXA1 ChIP-Seq - Rep 2, CON KD + R1881 | FOXA1 ChIP-Seq - Rep 1, CREB1 siRNA | FOXA1 ChIP-Seq - Rep 1, EtOH | FOXA1 ChIP-Seq - , DHT | FOXA1 ChIP-Seq, R1881 | FOXA1 ChIP-Seq - Rep 2, FOXA1 ChIP-Seq - LNCaP-abl, DHT | FOXA1 ChIP-Seq, CON KD + R1881 | FOXA1 ChIP-Seq - Rep 2, PIAS1 + R1881 | FOXA1 ChIP-Seq - Rep 2, FOXA1 ChIP-Seq - Rep 2, FOXA1 siRNA | CREB1 ChIP-Seq - Rep 1",,,
R1881,HSD17B7,prostate,"PIAS1 + R1881 | FOXA1 ChIP-Seq - Rep 1, R1881 | FOXA1 ChIP-Seq - Rep 1, CON KD + R1881 | FOXA1 ChIP-Seq - Rep 1, R1881 | FOXA1 ChIP-Seq - Rep 2, CON KD + R1881 | FOXA1 ChIP-Seq - Rep 2, PIAS1 + R1881 | FOXA1 ChIP-Seq - Rep 2",,,
PIAS1,HSD17B7,prostate,"PIAS1 + R1881 | FOXA1 ChIP-Seq - Rep 1, PIAS1 + R1881 | FOXA1 ChIP-Seq - Rep 2",,,
CREB1,HSD17B7,prostate,"CREB1 ChIP-Seq - LNCaP-abl, CREB1 ChIP-Seq - Rep 2, CREB1 siRNA | FOXA1 ChIP-Seq - Rep 2, FOXA1 siRNA | CREB1 ChIP-Seq - Rep 2, CREB1 siRNA | FOXA1 ChIP-Seq - Rep 1, CREB1 ChIP-Seq - Rep 1, CREB1 ChIP-Seq - LNCaP, FOXA1 siRNA | CREB1 ChIP-Seq - Rep 1",,,
NFYA,HSD17B7,colon,NFYA IP ,,,
FOSL2,HSD17B7,mammarygland,FOSL2 IP - MCF7 cells,,,
GABPA,HSD17B7,leukocytes,"GABPA IP, GABPA IP - Jurkat, Rep 1, GABPA IP - K562 cells, GABPA IP - Jurkat, Rep 2",,,
CTCF,HSD17B7,skin,"CTCF IP - HFFC cells, Rep 2 , CTCF IP - AG10803 cells, Rep 2 , CTCF IP - AG09309 cells, Rep 2 , CTCF IP - HFFC cells, Rep 1 , CTCF IP - NHDF cells , CTCF IP - HFFC cells, Rep 3 , CTCF IP - NHDF cells, Rep 1 , CTCF IP - NHEK cells, Rep 2 , CTCF IP - BJ cells, Rep 2 , CTCF IP - AG04449 cells, Rep 1 , CTCF IP - BJ cells, Rep 1 , CTCF IP - NHEK cells , CTCF IP - AG04449 cells, Rep 2 , CTCF IP - NHDF cells, Rep 2 , CTCF IP - GM12878 cells, Rep 2 , CTCF IP - AG10803 cells, Rep 1 , CTCF IP - AG09309 cells, Rep 1 ",,,
CTCF,HSD17B7,cns,"CTCF IP - spinal cord astrocyte cells, Rep 1 , CTCF IP - NHA cells , CTCF IP - SK-N-SH cells, Rep 1 , CTCF IP - spinal cord astrocyte cells, Rep 2 , CTCF IP - SK-N-SH cells , CTCF IP - SK cells, CTCF IP - cerebellar astrocyte cells, Rep 1 , CTCF IP - HCPEpiC cells, Rep 2 , CTCF IP - SK-N-SH cells, Rep 2 , CTCF IP - cerebellar astrocyte cells, Rep 2 , CTCF IP - BE(2)-C cells, Rep 1 , CTCF IP - BE(2)-C cells, Rep 2 , CTCF IP - HCPEpiC cells, Rep 1 ",,,
CTCF,HSD17B7,stemcells,"CTCF IP - Rep 6 , CTCF IP - H1 cells , CTCF IP - Rep 5 , CTCF IP - Rep 2 , CTCF IP - Rep 4 , CTCF IP - H1 cells, CTCF IP - Rep 3 , CTCF IP - Rep 1 , CTCF IP - Rep 7 ",,,
CEBPB,HSD17B7,stemcells,"CEBPB IP, CEBPB IP, CEBPB IP, CEBPB IP, CEBPB IP, CEBPB IP, CEBPB IP, CEBPB IP - H1 cells, CEBPB IP, CEBPB IP",,,
TP53,HSD17B7,bone,"TP53 IP, TP53 IP - Rep 2, TP53 IP | TP53EE/RR OE, TP53 IP | NUTL3, TP53 IP | TP53 OE",,,
TP53,HSD17B7,mammarygland,"TP53 IP | NUTL3 - MCF-7, TP53 IP",,,
CTCF,HSD17B7,lung,"CTCF IP - WI-38 cells, Rep 1 , CTCF IP - HPF cells, Rep 1 , CTCF IP - A549 cells, Rep 1 , CTCF IP | DEX - A549 cells, CTCF IP - IMR cells, CTCF IP - AG04450 cells, Rep 2 , CTCF IP - HPF cells, Rep 2 , CTCF IP - AG04450 cells, Rep 1 , CTCF ChIP-Seq - A549, CTCF IP - WI-38 cells, Rep 2 , CTCF IP | DEX - A549 cells , CTCF IP - NHLF cells , CTCF IP - A549 cells, Rep 2 , CTCF IP - A549 cells, CTCF IP - SAEC cells, Rep 2 , CTCF IP - A549 cells , CTCF IP - SAEC cells, Rep 1 , CTCF IP - NHLF cells ",,,
CTCF,HSD17B7,megakaryocytelineage,"CTCF IP - MEG-01 cells, Rep 6 , CTCF IP - MEG-01 cells, Rep 2 , CTCF IP - MEG-01 cells, Rep 10 , CTCF IP - MEG-01 cells, Rep 4 , CTCF IP - MEG-01 cells, Rep 8 ",,,
FOXA2,HSD17B7,stemcells,"FOXA2 IP - ES D5, FOXA2 IP - ES D2",,,
CTCF,HSD17B7,mammarygland,"CTCF IP - HMF cells, Rep 1 , CTCF IP - MCF-7 cells Rep 2 , CTCF IP - T47D cells, CTCF IP - MCF-7 cells, Rep 1 , CTCF IP - HMF cells, Rep 2 , CTCF IP - HMEC cells, Rep 2 , CTCF IP - MCF7 cells, CTCF IP - HMEC cells, Rep 1 , CTCF IP - HMEC cells ",,,
SP1,HSD17B7,leukocytes,"SP1 IP - GM12878 cells, SP1 IP - K562 cells",,,
STAT1,HSD17B7,leukocytes,"STAT1 IP - Rep 1, STAT1 IP - Rep 5, STAT1 IP - Rep 2, STAT1 IP - Rep 4, STAT1 IP - Rep 3",,,
IFNG,HSD17B7,leukocytes,"STAT1 IP - Rep 1, STAT1 IP - Rep 5, STAT1 IP - Rep 2, STAT1 IP - Rep 4, STAT1 IP - Rep 3, IRF1 IP - Rep 3, MYC IP | IFNG - K562 cells, 30 min, IRF1 IP | IFNG - K562 cells, 6 h",,,
ELF1,HSD17B7,colon,ELF1 IP - HCT116 cells,,,
CEBPB,HSD17B7,mammarygland,CEBPB IP - MCF7 cells,,,
ETS1,HSD17B7,leukocytes,"ETS1 IP, ETS1 IP - K562 cells, ETS1 IP - GM12878 cells",,,
SRF,HSD17B7,stemcells,"SRF IP - Rep 6 , SRF IP - Rep 2 , SRF IP - Rep 1 , SRF IP - Rep 7 ",,,
JUN,HSD17B7,vasculature,JUN IP,,,
SREBF2,HSD17B7,leukocytes,SREBF2 IP - GM12878 cells,,,
CREB1,HSD17B7,lung,"CREB1 IP | DEX - A549 cells, CREB1 IP - A549 cells, Rep 2, CREB1 IP - A549 cells, Rep 1",,,
DEX,HSD17B7,lung,"CREB1 IP | DEX - A549 cells, CTCF IP | DEX - A549 cells, USF1 IP | DEX - A549 cells, CTCF IP | DEX - A549 cells ",,,
MAX,HSD17B7,colon,MAX IP - HCT116 cells,,,
MAX,HSD17B7,leukocytes,"MAX IP - K562 cells, MAX IP - NB4 cells, MAX IP - K562 cells, Rep 2, MAX IP - GM12878 cells",,,
AR,HSD17B7,prostate,"WT AR OE + FOXA1 OE | FOXA1 ChIP-Seq - high FOXA1, AR C562S OE + FOXA1 OE | FOXA1 ChIP-Seq, WT AR OE + FOXA1 OE | FOXA1 ChIP-Seq",,,
CTCF,HSD17B7,sensory,"CTCF IP - HRPEpiC cells, Rep 2 , CTCF IP - HRPEpiC cells, Rep 1 , CTCF IP - WERI , CTCF IP - WERI-Rb-1- cells, Rep 1 ",,,
SRF,HSD17B7,leukocytes,"SRF IP - SK-N-SH cells, SRF IP - GM12878 cells, Rep 2",,,
TBP,HSD17B7,liver,TBP IP - HepG2 cells,,,
USF1,HSD17B7,liver,USF1 IP - HepG2 cells,,,
TCF12,HSD17B7,uterus,TCF12 IP - ECC1 cells,,,
CTCF,HSD17B7,vasculature,"CTCF IP - HUVEC cells, Rep 1 , CTCF IP - HBMEC cells, Rep 1 , CTCF IP - HBMEC cells, Rep 2 , CTCF IP - HPAF cells, Rep 1 , CTCF IP - AoAFC cells, Rep 2 , CTCF IP - HPAF cells, Rep 2 , CTCF IP - HUVEC cells, Rep 2 , CTCF IP - AoAFC cells, Rep 1 , CTCF IP - HUVEC cells ",,,
KLF5,HSD17B7,pancreas,"KLF5 IP, ELF3 IP | KLF5 KO",,,
TCF12,HSD17B7,cns,TCF12 IP - SK-N-SH cells,,,
E2F1,HSD17B7,mammarygland,"E2F1 IP, E2F1 IP - MCF7 cells",,,
CTCF,HSD17B7,placenta,"CTCF IP - HVMF cells, Rep 2 , CTCF IP - HVMF cells, Rep 1 ",,,
FOS,HSD17B7,mammarygland,"FOS IP | 4HT - MCF10A cells, 4 h, FOS IP | 4HT - MCF10A cells, 36 h, FOS IP - MCF10A cells, FOS IP | 4HT - MCF10A cells, 12 h",,,
4HT,HSD17B7,mammarygland,"FOS IP | 4HT - MCF10A cells, 4 h, STAT3 IP | 4HT - MCF10 cells, 12 h, FOS IP | 4HT - MCF10A cells, 36 h, STAT3 IP | 4HT - MCF10 cells, 36 h, E2F4 IP | 4HT - MCF10 cells, FOS IP | 4HT - MCF10A cells, 12 h",,,
STAT3,HSD17B7,leukocytes,"STAT3 IP - OCI-LY19, STAT3 IP - U-2932, STAT3 IP - SU-DHL-4, STAT3 IP - OCI-LY3, STAT3 IP - SU-DHL-6, STAT3 IP - SU-DHL-2, STAT3 IP - OCI-LY10",,,
CTCF,HSD17B7,hspcs,"CTCF IP - HEL 92.1.7 cells, Rep 8 , CTCF IP - HEL 92.1.7 cells, Rep 5 , CTCF IP - HEL 92.1.7 cells, Rep 2 , CTCF IP - HEL 92.1.7 cells, Rep 11 , CTCF IP - Erythroid cells, Rep 1, CTCF IP - HEL 92.1.7 cells, Rep 14 ",,,
FOXA1,HSD17B7,mammarygland,"17BE2 | FOXA1 ChIP-Seq - Rep 2, DHT | FOXA1 ChIP-Seq, FOXA1 IP - T47D cells",,,
17BE2,HSD17B7,mammarygland,17BE2 | FOXA1 ChIP-Seq - Rep 2,,,
KLF11,HSD17B7,adiposetissue,"KLF11 ChIP-Seq, Rep 2, KLF11 ChIP-Seq, Rep 1, ROSI (BrAT) | KLF11 ChIP-Seq, Rep 1, ROSI (BrAT) | KLF11 ChIP-Seq, Rep 2",,,
GATA2,HSD17B7,prostate,"GATA2 ChIP-Seq - Rep 1, GATA2 KD  | FOXA1 ChIP-Seq, GATA2 ChIP-Seq - Rep 2, GATA2 ChIP-Seq",,,
YY1,HSD17B7,cns,"YY1 IP | ATRA - SK-N-SH cells, YY1 IP - SK-N-SH cells",,,
ATRA,HSD17B7,cns,"YY1 IP | ATRA - SK-N-SH cells, USF1 IP | ATRA - SK-N-SH cells",,,
ZBTB7A,HSD17B7,liver,ZBTB7A IP - HepG2 cells,,,
MXI1,HSD17B7,lung,MXI1 IP - IMR cells,,,
CREB1,HSD17B7,liver,"CREB1 IP, CREB1 IP - HepG2 cells, CREB1 IP, CREB1 IP","15753290,",,
ELF1,HSD17B7,mammarygland,ELF1 IP - MCF7 cells,,,
ZNF143,HSD17B7,colon,ZNF143 IP ,,,
E2F1,HSD17B7,uterus,"E2F1 IP - HeLa cells, Rep 2, E2F1 IP - HeLa cells, Rep 1",,,
STAT3,HSD17B7,mammarygland,"STAT3 IP | 4HT - MCF10 cells, 12 h, STAT3 IP | 4HT - MCF10 cells, 36 h, STAT3 IP - MCF10A cells, Rep 2",,,
TEAD4,HSD17B7,stemcells,TEAD4 IP - H1 cells,,,
E2F1,HSD17B7,prostate,"E2F1 ChIP-Seq - Rep 1, HES6 OE + BICALU | E2F1 ChIP-Seq - Rep 3, E2F1 ChIP-Seq - Rep 3, HES6 OE | E2F1 ChIP-Seq - Rep 1",,,
CEBPA,HSD17B7,leukocytes,CEBPA IP,,,
CEBPB,HSD17B7,lung,"CEBPB ChIP-Seq - A549, CEBPB ChIP-Seq - IMR90, CEBPB IP - A549 cells",,,
HEY1,HSD17B7,liver,HEY1 IP - HepG2 cells,,,
FOXP1,HSD17B7,colon,FOXP1 IP ,,,
ATF3,HSD17B7,colon,"ATF3 IP | CAMPTO, ATF3 IP, ATF3 IP - HCT116 cells",,,
BICALU,HSD17B7,prostate,HES6 OE + BICALU | E2F1 ChIP-Seq - Rep 3,,,
HES6,HSD17B7,prostate,"HES6 OE + BICALU | E2F1 ChIP-Seq - Rep 3, HES6 OE | E2F1 ChIP-Seq - Rep 1",,,
IRF1,HSD17B7,colon,IRF1 IP ,,,
CTCF,HSD17B7,uterus,"CTCF IP - HeLa cells , CTCF IP - HeLa cells, Rep 1 , CTCF IP - ECC1 cells",,,
ELF1,HSD17B7,leukocytes,"ELF1 IP - SK-N-SH cells, ELF1 IP - SK-N-SH cells",,,
USF1,HSD17B7,leukocytes,"USF1 IP - K562 cells, USF1 IP - GM12878 cells",,,
ATF2,HSD17B7,colon,ATF2 IP ,,,
NFKB1,HSD17B7,leukocytes,NFKB1 IP - Rep 2,,,
ATF1,HSD17B7,leukocytes,ATF1 IP - K562 cells,,,
RELA,HSD17B7,adiposetissue,"RELA IP, RELA IP",,,
REST,HSD17B7,liver,"REST IP - HepG2 cells, Rep 1, REST IP - HepG2 cells, Rep 2",,,
SIX2,HSD17B7,kidney,"SIX2 IP - 17 weeks, Rep 1, SIX2 IP - 17 weeks, Rep 2",,,
GATA2,HSD17B7,hspcs,GATA2 IP,,,
RELA,HSD17B7,colon,RELA IP ,,,
GABPA,HSD17B7,prostate,GABPA IP - Rep 1,,,
CTCF,HSD17B7,liver,"CTCF IP - HepG2 cells , CTCF IP - HepG2 cells, Rep 1 , CTCF IP - HepG2 cells, Rep 2 , CTCF IP, CTCF IP - SK-N-SH cells",,,
JUND,HSD17B7,stemcells,"JUND IP - H1 cells, JUND IP - H1 cells",,,
CEBPB,HSD17B7,colon,"CEBPB IP | 125DVD3, CEBPB IP, CEBPB IP - HCT116 cells",,,
125DVD3,HSD17B7,colon,CEBPB IP | 125DVD3,,,
CREB1,HSD17B7,uterus,CREB1 IP - ECC1 cells,,,
USF1,HSD17B7,lung,"USF1 IP - A549 cells, Rep 1, USF1 IP | DEX - A549 cells, USF1 IP - A549 cells, Rep 2",,,
JUND,HSD17B7,lung,JUND IP - A549 cells,,,
MAFK,HSD17B7,liver,"MAFK IP - HepG2 cells, Rep 1, MAFK IP - HepG2 cells, Rep 2",,,
SMAD1,HSD17B7,hspcs,SMAD1 IP - Rep 3,,,
GATA1,HSD17B7,hspcs,"GATA1 IP - PBDE cells, Rep 1",,,
EGR1,HSD17B7,colon,EGR1 IP - HCT116 cells,,,
CTCF,HSD17B7,bone,"CTCF IP - Osteoblasts , CTCF IP",,,
SRF,HSD17B7,uterus,SRF IP - ECC1 cells,,,
TEAD4,HSD17B7,uterus,TEAD4 IP - ECC1 cells,,,
JUN,HSD17B7,mammarygland,"JUN IP - Rep 2, JUN IP - Rep 1",,,
REST,HSD17B7,stemcells,"REST IP - H1 cells, Rep 2, REST IP - H1 cells, Rep 1",,,
ATF3,HSD17B7,leukocytes,"ATF3 IP - K562 cells, ATF3 IP - GM12878 cells",,,
ZNF263,HSD17B7,kidney,ZNF263 IP - HEK293 cells,,,
MYB,HSD17B7,leukocytes,"MYB IP - Jurkat, Rep 2, MYB IP - Jurkat, Rep 1, MYB IP - Jurkat, Rep 3, MYB IP - MOLT3, MYB IP - Jurkat, Rep 5, MYB IP - Jurkat, Rep 4",,,
CEBPB,HSD17B7,uterus,"CEBPB IP - ECC1 cells, CEBPB ChIP-Seq - HeLaS3",,,
CTCF,HSD17B7,colon,"CTCF IP - HCT116 cells, Rep 1 , CTCF IP - HCT116 cells, Rep 2 , CTCF IP - Caco-2 cells, Rep 1 , CTCF IP - Rep 1 , CTCF IP - Rep 2 , CTCF IP - HCT116 cells, CTCF IP - Caco ",,,
USF1,HSD17B7,cns,"USF1 IP - SK-N-SH cells, USF1 IP | ATRA - SK-N-SH cells",,,
CTCF,HSD17B7,heart,"CTCF IP - HCF cells , CTCF IP - myocytes cells, Rep 1 , CTCF IP - myocytes cells, Rep 2 ",,,
SP1,HSD17B7,colon,SP1 IP - HCT116 cells,,,
GATA3,HSD17B7,mammarygland,"GATA3 IP - T47D cells, GATA3 IP - MCF7 cells",,,
GABPA,HSD17B7,liver,GABPA IP - MCF7 cells,,,
IRF1,HSD17B7,leukocytes,"IRF1 IP - Rep 3, IRF1 IP | IFNG - K562 cells, 6 h",,,
CTCF,HSD17B7,miscellaneous,"CTCF IP - AG09319 cells, Rep 2 , CTCF IP - AG09319 cells, Rep 1 ",,,
MAX,HSD17B7,cns,MAX IP - SK-N-SH cells,,,
SRF,HSD17B7,colon,SRF IP - HCT116 cells,,,
FOXA2,HSD17B7,liver,FOXA2 IP - HepG2 cells,,,
TEAD4,HSD17B7,leukocytes,TEAD4 IP - K562 cells,,,
MAX,HSD17B7,liver,"MAX IP - HepG2 cells, MAX IP - MCF7 cells",,,
GTF2F1,HSD17B7,uterus,GTF2F1 IP - HeLa cells,,,
TBP,HSD17B7,stemcells,TBP IP - H1 cells,,,
TCF7L2,HSD17B7,mammarygland,"DHT | TCF7L2 ChIP-Seq, TCF7L2 ChIP-Seq",,,
DHT,HSD17B7,mammarygland,"DHT | TCF7L2 ChIP-Seq, DHT | FOXA1 ChIP-Seq, DHT | MYC ChIP-Seq",,,
BATF,HSD17B7,leukocytes,BATF IP - GM12878 cells,,,
REST,HSD17B7,lung,REST IP - A549 cells,,,
SPI1,HSD17B7,leukocytes,"SPI1 IP, SPI1 IP, SPI1 IP",,,
BHLHE40,HSD17B7,liver,BHLHE40 IP - HepG2 cells,,,
FOXM1,HSD17B7,mammarygland,FOXM1 IP | THSP - DS006,,,
ELF3,HSD17B7,pancreas,"ELF3 IP, ELF3 IP, ELF3 IP | KLF5 KO",,,
CTCF,HSD17B7,pancreas,CTCF IP,,,
YY1,HSD17B7,lung,YY1 IP - A549 cells,,,
MAX,HSD17B7,uterus,"MAX IP - HeLa cells, Rep 2, MAX IP - ECC1 cells, MAX IP - HeLa cells, Rep 1",,,
ELF1,HSD17B7,liver,ELF1 IP - HepG2 cells,,,
CEBPB,HSD17B7,liver,"CEBPB ChIP-Seq - HepG2, CEBPB IP - HepG2 cells, CEBPB IP | FORSK - HepG2 cells",,,
GABPA,HSD17B7,cns,GABPA IP - SK-N-SH cells,,,
HOXA4,HSD17B7,colon,HOXA4 IP ,,,
YY1,HSD17B7,leukocytes,"YY1 IP - GM12892 cells, Rep 1, YY1 IP - GM12878 cells, YY1 IP - GM12891 cells, YY1 IP - K562 cells, Rep 1, YY1 IP - K562 cells, Rep 2",,,
CEBPB,HSD17B7,bone,"CEBPB IP, CEBPB IP",,,
NFYA,HSD17B7,leukocytes,NFYA IP - K562 cells,,,
MAFF,HSD17B7,leukocytes,MAFF IP - K562 cells,,,
ZNF143,HSD17B7,leukocytes,"ZNF143 IP - GM12878 cells, ZNF143 IP - K562 cells",,,
MYC,HSD17B7,leukocytes,"MYC IP | IFNG - K562 cells, 30 min, MYC IP - K562 cells, Rep 1, MYC IP - NB4 cells",,,
FOS,HSD17B7,leukocytes,FOS IP - K562 cells,,,
REST,HSD17B7,pancreas,"REST IP - Panc1 cells, Rep 3",,,
TCF3,HSD17B7,leukocytes,TCF3 IP - GM12878 cells,,,
ERG,HSD17B7,leukocytes,ERG IP - Rep 1,,,
TP53,HSD17B7,lung,"TP53 IP - propapoptic, Rep 1",,,
GATA3,HSD17B7,cns,"GATA3 IP - SHSY5Y cells, GATA3 IP - SK-N-SH cells",,,
GATA2,HSD17B7,cns,GATA2 ChIP-Seq SH-SY5Y,,,
YY1,HSD17B7,liver,YY1 IP - HepG2 cells,,,
CREB1,HSD17B7,colon,CREB1 IP ,,,
ETV5,HSD17B7,colon,ETV5 IP ,,,
SP1,HSD17B7,liver,SP1 IP - HepG2 cells,,,
FOXA1,HSD17B7,liver,"FOXA1 IP - HepG2 cells, Rep 1, FOXA1 IP - HepG2 cells, Rep 2",,,
NFYB,HSD17B7,uterus,NFYB IP - HeLa cells,,,
E2F6,HSD17B7,leukocytes,"E2F6 IP - K562 cells, E2F6 IP - K562 cells",,,
ROSI,HSD17B7,adiposetissue,"ROSI (BrAT) | KLF11 ChIP-Seq, Rep 1, ROSI (BrAT) | KLF11 ChIP-Seq, Rep 2",,,
NFYB,HSD17B7,leukocytes,"NFYB IP - GM12878 cells, NFYB IP - K562 cells",,,
MYC,HSD17B7,mammarygland,"DHT | MYC ChIP-Seq, MYC IP - MCF-10A cells",,,
TCF12,HSD17B7,lung,TCF12 IP - A549 cells,,,
MXI1,HSD17B7,cns,MXI1 IP - SK-N-SH cells ,,,
ZNF143,HSD17B7,uterus,ZNF143 IP - HeLa cells,,,
CTCF,HSD17B7,skeletalmuscle,"CTCF IP - HSMM cells, Rep 2 , CTCF IP - HSMM cells, Rep 1 ",,,
PAX5,HSD17B7,leukocytes,"PAX5 IP - GM12892 cells, PAX5 IP - GM12878 cells, Rep 2, PAX5 IP - GM12878 cells, Rep 1",,,
EGR1,HSD17B7,leukocytes,EGR1 IP - K562 cells,,,
FOSL1,HSD17B7,colon,FOSL1 IP - HCT116 cells,,,
ARID3A,HSD17B7,liver,ARID3A IP - HepG2 cells,,,
KLF5,HSD17B7,stomach,KLF5 IP - KATOIII,,,
MAFK,HSD17B7,leukocytes,MAFK IP - K562 cells,,,
SRF,HSD17B7,mammarygland,SRF IP - MCF7 cells,,,
RELA,HSD17B7,leukocytes,"RELA IP | BAY082  - IVD Th1 cells, PIA, RELA IP | TNF - GM12891 cells",,,
BAY082,HSD17B7,leukocytes,"RELA IP | BAY082  - IVD Th1 cells, PIA",,,
ELF1,HSD17B7,lung,ELF1 IP - A549 cells,,,
GTF2B,HSD17B7,uterus,GTF2B IP - Rep 2,,,
ZNF143,HSD17B7,stemcells,ZNF143 IP - H1 cells,,,
E2F3,HSD17B7,colon,E2F3 IP ,,,
TAL1,HSD17B7,leukocytes,TAL1 IP - K562 cells,,,
HOXA6,HSD17B7,colon,HOXA6 IP ,,,
HIF1A,HSD17B7,bone,HIF1A IP,,,
ZBTB7A,HSD17B7,uterus,ZBTB7A IP - ECC1 cells,,,
TCF12,HSD17B7,stemcells,TCF12 IP - H1 cells,,,
JUND,HSD17B7,liver,"JUND IP - HepG2 cells, JUND IP - HepG2 cells",,,
GATA6,HSD17B7,stomach,GATA6 IP - YCC3,,,
REST,HSD17B7,leukocytes,"REST IP - GM12878 cells, Rep 16 , REST IP - K562 cells",,,
YY1,HSD17B7,uterus,YY1 IP - ECC1 cells,,,
NUTL3,HSD17B7,bone,TP53 IP | NUTL3,,,
DHT,HSD17B7,prostate,"DHT | FOXA1 ChIP-Seq, DHT | FOXA1 ChIP-Seq",,,
USF2,HSD17B7,leukocytes,USF2 IP - GM12878 cells,,,
JUN,HSD17B7,leukocytes,"JUN IP - K562 cells, Rep 1, JUN IP - K562 cells, Rep 2",,,
MXI1,HSD17B7,uterus,MXI1 IP - HeLa cells,,,
CREB1,HSD17B7,leukocytes,"CREB1 IP, CREB1 IP - GM12878 cells, CREB1 IP - K562 cells",,,
MAX,HSD17B7,lung,MAX IP - A549 cells,,,
BHLHE40,HSD17B7,leukocytes,"BHLHE40 IP - GM12878 cells, BHLHE40 IP - K562 cells",,,
CTCF,HSD17B7,esophagus,"CTCF IP - HEEpiC cells, Rep 1 , CTCF IP - HEEpiC cells, Rep 2 ",,,
USF1,HSD17B7,stemcells,USF1 IP - H1 cells,,,
MAFF,HSD17B7,liver,MAFF IP - HepG2 cells,,,
JUND,HSD17B7,cns,JUND IP - SK-N-SH cells ,,,
TNF,HSD17B7,leukocytes,RELA IP | TNF - GM12891 cells,,,
STAT3,HSD17B7,uterus,STAT3 IP - HeLa cells,,,
USF2,HSD17B7,uterus,USF2 IP - HeLa cells,,,
E2F4,HSD17B7,mammarygland,E2F4 IP | 4HT - MCF10 cells,,,
USF2,HSD17B7,liver,USF2 IP - HepG2 cells,,,
FOXA2,HSD17B7,embryonictissue,FOXA2 IP - Rep 2,,,
MXI1,HSD17B7,leukocytes,MXI1 IP - GM12878 cells,,,
TBP,HSD17B7,uterus,TBP IP - HeLa cells,,,
STAT5A,HSD17B7,leukocytes,STAT5A IP - GM12878 cells,,,
TAL1,HSD17B7,colon,TAL1 IP ,,,
SP1,HSD17B7,stemcells,"SP1 IP - Rep 2 , SP1 IP - H1 cells, SP1 IP - Rep 1 ",,,
YY1,HSD17B7,stemcells,YY1 IP - H1 cells,,,
TCF7L2,HSD17B7,uterus,TCF7L2 IP - HeLa cells,,,
ZBTB7A,HSD17B7,leukocytes,ZBTB7A IP - SK-N-SH cells,,,
CREB1,HSD17B7,stemcells,CREB1 IP - H1 cells,,,
EBF1,HSD17B7,leukocytes,EBF1 IP - GM12878 cells,,,
JUND,HSD17B7,uterus,JUND IP - HeLa cells,,,
PBX3,HSD17B7,leukocytes,PBX3 IP - GM12878 cells,,,
STAT1,HSD17B7,uterus,"STAT1 IP | IFNG - HeLa cells, 30 min",,,
IFNG,HSD17B7,uterus,"STAT1 IP | IFNG - HeLa cells, 30 min",,,
MAX,HSD17B7,vasculature,MAX IP - HUVEC cells,,,
GATA4,HSD17B7,stomach,GATA4 IP - AGS,,,
NFYC,HSD17B7,colon,NFYC IP ,,,
MAZ,HSD17B7,leukocytes,MAZ IP - K562 cells,,,
GABPA,HSD17B7,lung,GABPA IP - A549 cells,,,
SREBF2,HSD17B7,liver,SREBF2 IP | PRAV - HepG2 cells,,,
PRAV,HSD17B7,liver,SREBF2 IP | PRAV - HepG2 cells,,,
MTA3,HSD17B7,leukocytes,MTA3 IP - GM12878 cells,,,
NANOG,HSD17B7,stemcells,NANOG IP - Rep 4 ,,,
TBP,HSD17B7,leukocytes,"TBP IP - GM12878 cells, TBP IP - K562 cells",,,
FOXP2,HSD17B7,cns,FOXP2 IP - SK cells,,,
JUND,HSD17B7,leukocytes,JUND IP - K562 cells,,,
THAP1,HSD17B7,leukocytes,THAP1 IP - K562 cells,,,
IRF4,HSD17B7,leukocytes,IRF4 IP,,,
GLI2,HSD17B7,colon,GLI2 IP ,,,
MAX,HSD17B7,stemcells,MAX IP - H1 cells,,,
ZEB1,HSD17B7,liver,ZEB1 IP - HepG2 cells,,,
MYC,HSD17B7,uterus,MYC IP - HeLa cells,,,
TCF12,HSD17B7,leukocytes,TCF12 IP - GM12878 cells,,,
USF2,HSD17B7,stemcells,USF2 IP - H1 cells,,,
JUN,HSD17B7,liver,JUN IP - HepG2 cells,,,
PRDM1,HSD17B7,uterus,PRDM1 IP - HeLa cells,,,
JUND,HSD17B7,vasculature,JUND IP,,,
ELF1,HSD17B7,cns,ELF1 IP - SK-N-SH cells,,,
RUNX1,HSD17B7,hspcs,RUNX1,,,
MAFK,HSD17B7,lung,MAFK IP - IMR cells,,,
NFYA,HSD17B7,uterus,NFYA IP - HeLa cells,,,
YY1,HSD17B7,colon,YY1 IP - HCT116 cells,,,
SP1,HSD17B7,lung,SP1 IP - A549 cells,,,
ZEB1,HSD17B7,leukocytes,ZEB1 IP - GM12878 cells,,,
E2F4,HSD17B7,leukocytes,E2F4 IP - GM12878 cells,,,
USF1,HSD17B7,uterus,USF1 IP - ECC1 cells,,,
POU2F2,HSD17B7,leukocytes,POU2F2 IP - GM12878 cells,,,
SIX5,HSD17B7,leukocytes,SIX5 IP - GM12878 cells,,,
FORSK,HSD17B7,liver,CEBPB IP | FORSK - HepG2 cells,,,
ATF2,HSD17B7,leukocytes,ATF2 IP - GM12878 cells,,,
HMGN3,HSD17B7,leukocytes,HMGN3 IP - K562 cells,,,
TP53,HSD17B7,leukocytes,TP53 IP - Doxo DNA damage,,,
JUND,HSD17B7,colon,JUND IP - HCT116 cells,,,
MYBL2,HSD17B7,liver,MYBL2 IP - HepG2 cells,,,
FOSL2,HSD17B7,liver,FOSL2 IP - HepG2 cells,,,
USF1,HSD17B7,colon,USF1 IP - HCT116 cells,,,
HEY1,HSD17B7,leukocytes,HEY1 IP - K562 cells,,,
SREBF1,HSD17B7,liver,SREBF1 IP | INS + 22RHC - HepG2 cells,,,
22RHC; INS,HSD17B7,liver,SREBF1 IP | INS + 22RHC - HepG2 cells,,,
PBX3,HSD17B7,cns,PBX3 IP - SK-N-SH cells,,,
JUN,HSD17B7,colon,JUN IP ,,,
SP1,IDI1,liver,SP1 IP - HepG2 cells,,,
HMGN3,IDI1,leukocytes,HMGN3 IP - K562 cells,,,
ELF3,IDI1,pancreas,"ELF3 IP, ELF3 IP, ELF3 IP | KLF5 KO",,,
SPI1,IDI1,leukocytes,"SPI1 IP - GM12878 cells, Rep 2 , SPI1 IP, SPI1 IP | RUNX1 KD, SPI1 IP - U-937 cells, Rep 4 , SPI1 IP, SPI1 IP, SPI1 IP, SPI1 IP, SPI1 IP - GM12878 cells, Rep 3 , SPI1 IP - U-937 cells, Rep 1 , SPI1 IP, SPI1 IP - GM12878 cells, SPI1 IP, SPI1 IP - K562 cells, SPI1 IP - GM12878 cells, Rep 4 , SPI1 IP, SPI1 IP, SPI1 IP - HL cells, SPI1 IP - GM12891 cells, SPI1 IP - HL-60 cells, Rep 4 , SPI1 IP - U-937 cells, Rep 10 , SPI1 IP - U-937 cells, Rep 2 , SPI1 IP",,,
E2F8,IDI1,colon,E2F8 IP ,,,
MYC,IDI1,mammarygland,"DHT | MYC ChIP-Seq, MYC IP | 4HT - MCF10A cells, MYC IP - MCF-10A cells",,,
DHT,IDI1,mammarygland,"DHT | MYC ChIP-Seq, DHT | FOXA1 ChIP-Seq, DHT | TCF7L2 ChIP-Seq",,,
KLF11,IDI1,adiposetissue,"ROSI (BrAT) | KLF11 ChIP-Seq, Rep 1, KLF11 ChIP-Seq, Rep 1, ROSI (BrAT) | KLF11 ChIP-Seq, Rep 2, KLF11 ChIP-Seq, Rep 2",,,
ROSI,IDI1,adiposetissue,"ROSI (BrAT) | KLF11 ChIP-Seq, Rep 1, ROSI (BrAT) | KLF11 ChIP-Seq, Rep 2",,,
FOS,IDI1,uterus,FOS IP - HeLa cells,,,
IRF1,IDI1,colon,IRF1 IP ,,,
CEBPB,IDI1,colon,"CEBPB IP, CEBPB IP - HCT116 cells, CEBPB IP | 125DVD3",,,
SRF,IDI1,mammarygland,SRF IP - MCF7 cells,,,
TBP,IDI1,leukocytes,"TBP IP - GM12878 cells, TBP IP - K562 cells",,,
GATA4,IDI1,stomach,GATA4 IP - AGS,,,
MAZ,IDI1,leukocytes,"MAZ IP - GM12878 cells, MAZ IP - K562 cells",,,
JUN,IDI1,leukocytes,"JUN IP - K562 cells, Rep 2, JUN IP - K562 cells, Rep 1",,,
USF1,IDI1,cns,"USF1 IP | ATRA - SK-N-SH cells, USF1 IP - SK-N-SH cells",,,
ATRA,IDI1,cns,"USF1 IP | ATRA - SK-N-SH cells, YY1 IP | ATRA - SK-N-SH cells",,,
HEY1,IDI1,liver,HEY1 IP - HepG2 cells,,,
SP1,IDI1,leukocytes,"SP1 IP - GM12878 cells, SP1 IP - K562 cells",,,
YY1,IDI1,lung,YY1 IP - A549 cells,,,
E2F6,IDI1,leukocytes,"E2F6 IP - K562 cells, E2F6 IP - K562 cells",,,
TEAD4,IDI1,stemcells,TEAD4 IP - H1 cells,,,
TP73,IDI1,bone,"TP73 IP - alpha isoform, Rep 1, TP73 IP - beta isoform, Rep 1, TP73 IP - beta isoform, Rep 2",,,
USF1,IDI1,stemcells,USF1 IP - H1 cells,,,
E2F1,IDI1,prostate,"BICALU | E2F1 ChIP-Seq - Rep 1, BICALU | E2F1 ChIP-Seq - Rep 2, BICALU | E2F1 ChIP-Seq - Rep 3, BICALU + HES6OE | E2F1 ChIP-Seq - Rep 4, HES6 OE | E2F1 ChIP-Seq - Rep 2, HES6 OE | E2F1 ChIP-Seq - Rep 3, E2F1 ChIP-Seq - Rep 2, E2F1 ChIP-Seq - Rep 3, HES6 OE | E2F1 ChIP-Seq - Rep 1, E2F1 ChIP-Seq - Rep 4, HES6 OE + BICALU | E2F1 ChIP-Seq - Rep 1, BICALU + HES6 OE | E2F1 ChIP-Seq - Rep 2, E2F1 ChIP-Seq - Rep 1, HES6 OE + BICALU | E2F1 ChIP-Seq - Rep 3, HES6 OE | E2F1 ChIP-Seq - Rep 4",,,
BICALU,IDI1,prostate,"BICALU | E2F1 ChIP-Seq - Rep 1, BICALU | E2F1 ChIP-Seq - Rep 2, BICALU | E2F1 ChIP-Seq - Rep 3, BICALU + HES6OE | E2F1 ChIP-Seq - Rep 4, HES6 OE + BICALU | E2F1 ChIP-Seq - Rep 1, BICALU + HES6 OE | E2F1 ChIP-Seq - Rep 2, HES6 OE + BICALU | E2F1 ChIP-Seq - Rep 3",,,
ELF1,IDI1,leukocytes,"ELF1 IP - SK-N-SH cells, ELF1 IP - SK-N-SH cells",,,
MAZ,IDI1,uterus,MAZ IP - HeLa cells,,,
CTCF,IDI1,leukocytes,"CTCF IP - GM12866 cells , CTCF IP - GM12891 cells, Rep 1 , CTCF IP - GM12872 cells, Rep 2 , CTCF IP - GM18526 cells, Rep 2 , CTCF IP - GM18505 cells, Rep 2 , CTCF IP - GM12865 cells, Rep 2 , CTCF IP - GM12892 cells, Rep 1 , CTCF IP - GM12892 cells, Rep 2 , CTCF IP - GM12878 cells , CTCF IP - GM18526 cells, Rep 1 , CTCF IP - GM12865 cells, Rep 1 , CTCF IP - GM12868 cells , CTCF IP - GM12873 cells, Rep 1 , CTCF IP - GM12874 cells, Rep 2 , CTCF IP - GM2255 cells, Rep 2 , CTCF IP - GM12864 cells, Rep 3 , CTCF IP - MS1 cells, Rep 3 , CTCF IP - GM2630 cells, Rep 2 , CTCF IP - GM12878 cells, Rep 2 , CTCF IP - CD14+ cells , CTCF IP - GM2610 cells, Rep 2 , CTCF IP - GM12874 cells, Rep 1 , CTCF ChIP-Seq - GM12878, CTCF IP - GM19238 cells, Rep 1 , CTCF IP - GM10847 cells, Rep 1 , CTCF IP - GM12867 cells , CTCF IP - GM19238 cells, Rep 2 , CTCF IP - GM12873 cells, Rep 1 , CTCF IP, CTCF IP - GM19193 cells, Rep 1 , CTCF IP - GM12872 cells, Rep 3 , CTCF IP - GM12864 cells, Rep 2 , CTCF IP - GM12875 cells, Rep 1 , CTCF IP - GM12864 cells, Rep 1 , CTCF IP - MS1 cells, Rep 2 , CTCF IP - GM12890 cells, Rep 3 , CTCF IP - GM2630 cells, Rep 3 , CTCF IP - GM18505 cells, Rep 1 , CTCF IP - GM12873 cells, Rep 3 , CTCF IP - GM2610 cells, Rep 3 , CTCF IP - GM19239 cells, Rep 2 , CTCF IP - GM12891 cells, Rep 2 , CTCF IP - GM19240 cells, Rep 1 , CTCF IP - GM2630 cells, Rep 1 , CTCF IP - GM12871 cells , CTCF IP - GM19099 cells, Rep 1 , CTCF IP - GM12878 cells, Rep 2 , CTCF IP - GM19099 cells, Rep 2 , CTCF IP - GM12872 cells, Rep 1 , CTCF IP - GM12878 cells, Rep 1 , CTCF IP - GM19239 cells, Rep 1 ",,,
YY1,IDI1,leukocytes,"YY1 IP - GM12878 cells, YY1 IP - GM12892 cells, Rep 1, YY1 IP - K562 cells, Rep 1, YY1 IP - K562 cells, Rep 2, YY1 IP - GM12891 cells, YY1 IP - K562 cells",,,
GTF2B,IDI1,uterus,"GTF2B IP - Rep 2, GTF2B IP - Rep 3, GTF2B IP - DTT, Rep 1",,,
TAL1,IDI1,leukocytes,TAL1 IP - K562 cells,,,
USF2,IDI1,liver,USF2 IP - HepG2 cells,,,
TP53,IDI1,lung,"TP53 IP - propapoptic, Rep 1, TP53 IP - senescent, Rep 2",,,
RUNX1,IDI1,leukocytes,"RUNX1 IP - Rep 2, SPI1 IP | RUNX1 KD, RUNX1 IP - N terminus 1, RUNX1 IP - N terminus 2, RUNX1 IP, RUNX1 IP",,,
RELA,IDI1,leukocytes,"RELA IP | TNF - GM15510 cells, RELA IP | TNF - GM12892 cells, RELA IP | BAY082  - IVD Th1 cells, PIA, RELA IP | TNF - GM19099 cells, RELA IP - IVD Th1 cells, PIA, RELA IP | TNF - GM12891 cells",,,
TNF,IDI1,leukocytes,"RELA IP | TNF - GM15510 cells, RELA IP | TNF - GM12892 cells, RELA IP | TNF - GM12891 cells",,,
REST,IDI1,cns,"REST IP - PFSK1 cells, Rep 2, REST IP - PFSK-N-SH cells1 cells, Rep 1, REST IP - SK cells, REST IP - SK-N-SH cells, REST IP - U87 cells",,,
FOXA2,IDI1,liver,FOXA2 IP - HepG2 cells,"19822575,",,
FOS,IDI1,mammarygland,"FOS IP | 4HT - MCF10A cells, 36 h, FOS IP | 4HT - MCF10A cells, 4 h, FOS IP | 4HT - MCF10A cells, 12 h, FOS IP - MCF10A cells",,,
4HT,IDI1,mammarygland,"FOS IP | 4HT - MCF10A cells, 36 h, MYC IP | 4HT - MCF10A cells, E2F4 IP | 4HT - MCF10 cells, FOS IP | 4HT - MCF10A cells, 4 h, FOS IP | 4HT - MCF10A cells, 12 h",,,
SREBF2,IDI1,leukocytes,SREBF2 IP - GM12878 cells,,,
TP63,IDI1,skin,"TP63 IP, TP63 IP | BANF1 KD, TP63 IP - Adriam, Rep 1, TP63 IP, TP63 IP",,,
IRF1,IDI1,pancreas,IRF1 IP,,,
FOXA1,IDI1,mammarygland,"DHT | FOXA1 ChIP-Seq, FOXA1 ChIP-Seq - Rep 1, FOXA1 ChIP-Seq - Rep 2, 17BE2 | FOXA1 ChIP-Seq - Rep 2, 17BE2 | FOXA1 ChIP-Seq - Rep 1, DEX | FOXA1 ChIP-Seq - Rep 2, DEX | FOXA1 ChIP-Seq - Rep 2, 17BE2 | FOXA1 ChIP-Seq - Rep 2, FOXA1 IP - T47D cells, FOXA1 ChIP-Seq - Rep 1, DEX | FOXA1 ChIP-Seq - Rep 1, FOXA1 ChIP-Seq - Rep 1, 17BE2 | FOXA1 ChIP-Seq - Rep 1, 17BE2 | FOXA1 ChIP-Seq, 17BE2 | FOXA1 ChIP-Seq - Rep 2, 17BE2 | FOXA1 ChIP-Seq - Rep 1, DEX | FOXA1 ChIP-Seq - Rep 1, DEX | FOXA1 ChIP-Seq - Rep 2, DEX | FOXA1 ChIP-Seq - Rep 1, FOXA1 ChIP-Seq - Rep 2, FOXA1 ChIP-Seq - Rep 2, 17BE2 | FOXA1 ChIP-Seq - Rep 2",,,
FOSL2,IDI1,cns,FOSL2 IP - SK-N-SH cells,,,
CREB1,IDI1,prostate,"CREB1 ChIP-Seq - Rep 1, CREB1 siRNA | FOXA1 ChIP-Seq - Rep 1, FOXA1 siRNA | CREB1 ChIP-Seq - Rep 1, CREB1 ChIP-Seq - LNCaP, CREB1 ChIP-Seq - LNCaP-abl, CREB1 ChIP-Seq - Rep 2, FOXA1 siRNA | CREB1 ChIP-Seq - Rep 2, CREB1 siRNA | FOXA1 ChIP-Seq - Rep 2",,,
FOXA1,IDI1,prostate,"FOXA1 ChIP-Seq - LNCaP, FOXA1 ChIP-Seq - Rep 1, CREB1 siRNA | FOXA1 ChIP-Seq - Rep 1, WT AR OE + FOXA1 OE | FOXA1 ChIP-Seq, CON KD + R1881 | FOXA1 ChIP-Seq - Rep 1, CON KD | FOXA1 ChIP-Seq, FOXA1 ChIP-Seq - Rep 2, DHT | FOXA1 ChIP-Seq, EtOH | FOXA1 ChIP-Seq - , FOXA1 ChIP-Seq, DHT | FOXA1 ChIP-Seq, GATA2 KD + R1881 | FOXA1 ChIP-Seq, FOXA1 siRNA | CREB1 ChIP-Seq - Rep 1, AR Q640X OE + FOXA1 OE | FOXA1 ChIP-Seq, R1881 | FOXA1 ChIP-Seq - Rep 2, CON KD | FOXA1 ChIP-Seq, FOXA1 ChIP-Seq - LNCaP-abl, FOXA1 KD | FOXA1 ChIP-Seq, CON KD + R1881 | FOXA1 ChIP-Seq - Rep 2, PIAS1 + R1881 | FOXA1 ChIP-Seq - Rep 2, CON KD + R1881 | FOXA1 ChIP-Seq, DHT | FOXA1 ChIP-Seq, FOXA1 KD | FOXA1 ChIP-Seq, PIAS1 + R1881 | FOXA1 ChIP-Seq - Rep 1, WT AR OE + FOXA1 OE | FOXA1 ChIP-Seq - high FOXA1, FOXA1 ChIP-Seq, FOXA1 ChIP-Seq, DHT | FOXA1 ChIP-Seq - C4- Rep 2B, FOXA1 siRNA | CREB1 ChIP-Seq - Rep 2, EtOH | FOXA1 ChIP-Seq - Rep 2, AR C562S OE + FOXA1 OE | FOXA1 ChIP-Seq, CREB1 siRNA | FOXA1 ChIP-Seq - Rep 2, DHT | FOXA1 ChIP-Seq, CON KD  | FOXA1 ChIP-Seq, POU2F1 KD + DHT | FOXA1 ChIP-Seq, FOXA1 ChIP-Seq, R1881 | FOXA1 ChIP-Seq - Rep 1, CON KD | FOXA1 ChIP-Seq",,,
ELK1,IDI1,uterus,ELK1 IP - HeLa cells,,,
FOS,IDI1,leukocytes,"FOS IP - K562 cells, FOS IP - GM12878 cells",,,
GABPA,IDI1,liver,"GABPA IP, GABPA IP, GABPA IP, GABPA IP - MCF7 cells, GABPA IP - HepG2 cells",,,
MXI1,IDI1,lung,MXI1 IP - IMR cells,,,
TCF12,IDI1,lung,TCF12 IP - A549 cells,,,
CTCF,IDI1,stemcells,"CTCF IP - H1 cells, CTCF IP - H1 cells ",,,
ELF1,IDI1,lung,ELF1 IP - A549 cells,,,
JUN,IDI1,mammarygland,"JUN IP - Rep 2, JUN IP, JUN IP | CPDA, JUN IP | DEX, JUN IP - Rep 1",,,
TP53,IDI1,bone,"TP53 IP | TP53EE/RR OE, TP53 IP - Rep 2, TP53 IP | TP53 OE",,,
USF1,IDI1,leukocytes,"USF1 IP - GM12878 cells, USF1 IP - K562 cells",,,
MAX,IDI1,uterus,"MAX IP - HeLa cells, Rep 2, MAX IP - HeLa cells, Rep 1, MAX IP - ECC1 cells",,,
MYC,IDI1,leukocytes,"MYC IP - K562 cells, Rep 1, MYC IP - NB4 cells, MYC IP | IFNG - K562 cells, 6 h, MYC IP | IFNG - K562 cells, 30 min",,,
RELA,IDI1,adiposetissue,"RELA IP, RELA IP",,,
STAT3,IDI1,leukocytes,"STAT3 IP - U-2932, STAT3 IP - SU-DHL-6, STAT3 IP - OCI-LY19, STAT3 IP - SU-DHL-4, STAT3 IP - SU-DHL-2, STAT3 IP - OCI-LY7",,,
MAX,IDI1,colon,MAX IP - HCT116 cells,,,
GABPA,IDI1,leukocytes,"GABPA IP - HL cells, GABPA IP - GM12878 cells, Rep 2 , GABPA IP - Jurkat, Rep 2, GABPA IP - GM12878 cells, GABPA IP - K562 cells, GABPA IP - GM12878 cells, Rep 5 , GABPA IP - GM12878 cells, Rep 4 , GABPA IP, GABPA IP - GM12878 cells, Rep 1 , GABPA IP - GM12878 cells, Rep 3 , GABPA IP - Jurkat, Rep 1",,,
IRF1,IDI1,leukocytes,"IRF1 IP - Rep 1, IRF1 IP | IFNA1-13 - K562 cells, 6 h, IRF1 IP - Rep 3, IRF1 IP - Rep 2, IRF1 IP | IFNG - K562 cells, 6 h, IRF1 IP | IFNG - K562 cells, 30 min",,,
IFNG,IDI1,leukocytes,"IRF1 IP - Rep 1, IRF1 IP - Rep 3, IRF1 IP - Rep 2, IRF1 IP | IFNG - K562 cells, 6 h, IRF1 IP | IFNG - K562 cells, 30 min, MYC IP | IFNG - K562 cells, 6 h, STAT1 IP - Rep 5, STAT1 IP - Rep 4, STAT1 IP - Rep 3, STAT1 IP - Rep 1, STAT1 IP - Rep 6, MYC IP | IFNG - K562 cells, 30 min, STAT1 IP - Rep 2",,,
BACH1,IDI1,stemcells,BACH1 IP - H1 cells,,,
CREB1,IDI1,liver,"CREB1 IP, CREB1 IP, CREB1 IP - HepG2 cells, CREB1 IP","15753290,",,
NFYA,IDI1,leukocytes,NFYA IP - K562 cells,,,
ATF1,IDI1,leukocytes,ATF1 IP - K562 cells,,,
PBX3,IDI1,cns,PBX3 IP - SK-N-SH cells,,,
AR,IDI1,prostate,"WT AR OE + FOXA1 OE | FOXA1 ChIP-Seq, AR Q640X OE + FOXA1 OE | FOXA1 ChIP-Seq, WT AR OE + FOXA1 OE | FOXA1 ChIP-Seq - high FOXA1, AR C562S OE + FOXA1 OE | FOXA1 ChIP-Seq",,,
E2F4,IDI1,mammarygland,E2F4 IP | 4HT - MCF10 cells,,,
IFNA1,IDI1,leukocytes,"IRF1 IP | IFNA1-13 - K562 cells, 6 h",,,
R1881,IDI1,prostate,"CON KD + R1881 | FOXA1 ChIP-Seq - Rep 1, GATA2 KD + R1881 | FOXA1 ChIP-Seq, GABPA IP | R1881, R1881 | FOXA1 ChIP-Seq - Rep 2, CON KD + R1881 | FOXA1 ChIP-Seq - Rep 2, ERG IP | R1881, PIAS1 + R1881 | FOXA1 ChIP-Seq - Rep 2, CON KD + R1881 | FOXA1 ChIP-Seq, PIAS1 + R1881 | FOXA1 ChIP-Seq - Rep 1, R1881 | FOXA1 ChIP-Seq - Rep 1",,,
IRF4,IDI1,leukocytes,IRF4 IP,,,
MAX,IDI1,leukocytes,"MAX IP - K562 cells, MAX IP - K562 cells, Rep 1, MAX IP - NB4 cells, MAX IP - K562 cells, Rep 2, MAX IP - GM12878 cells",,,
KLF5,IDI1,pancreas,"KLF5 IP, ELF3 IP | KLF5 KO",,,
ATF3,IDI1,colon,"ATF3 IP - HCT116 cells, ATF3 IP | CAMPTO",,,
REST,IDI1,stemcells,"REST IP - H1 cells, Rep 2, REST IP - H1 cells, Rep 1",,,
TAL1,IDI1,colon,TAL1 IP ,,,
CEBPB,IDI1,liver,"CEBPB IP | FORSK - HepG2 cells, CEBPB IP - HepG2 cells, CEBPB ChIP-Seq - HepG2",,,
FORSK,IDI1,liver,CEBPB IP | FORSK - HepG2 cells,,,
CEBPB,IDI1,leukocytes,"CEBPB IP - Rep 204, CEBPB IP - Rep 202, CEBPB ChIP-Seq - K562, CEBPB IP, CEBPB IP - Rep 203, CEBPB IP | oxLDL  - Rep 208, CEBPB IP - Rep 201, CEBPB IP, CEBPB IP | oxLDL  - Rep 205, CEBPB IP, CEBPB IP| oxLDL  - Rep 207, CEBPB IP | oxLDL  - Rep 206",,,
ERG,IDI1,prostate,"DMSO | ERG ChIP-Seq - Rep 2, JQI | ERG ChIP-Seq - Rep 1, ERG ChIP-Seq, ERG IP | R1881, DMSO | ERG ChIP-Seq - Rep 1, JQI | ERG ChIP-Seq - Rep 2, ERG ChIP-Seq, DHT | ERG ChIP-Seq - 18 h, DHT | ERG ChIP-Seq - 2 h",,,
STAT2,IDI1,colon,STAT2 IP ,,,
REST,IDI1,mammarygland,REST IP - MCF7 cells,,,
BANF1,IDI1,skin,TP63 IP | BANF1 KD,,,
JQ1,IDI1,prostate,"JQI | ERG ChIP-Seq - Rep 1, JQI | ERG ChIP-Seq - Rep 2",,,
17BE2,IDI1,mammarygland,"17BE2 | FOXA1 ChIP-Seq - Rep 2, 17BE2 | FOXA1 ChIP-Seq - Rep 1, 17BE2 | FOXA1 ChIP-Seq - Rep 2, 17BE2 | FOXA1 ChIP-Seq - Rep 1, 17BE2 | FOXA1 ChIP-Seq, 17BE2 | FOXA1 ChIP-Seq - Rep 2, 17BE2 | FOXA1 ChIP-Seq - Rep 1, 17BE2 | FOXA1 ChIP-Seq - Rep 2",,,
CREB1,IDI1,lung,"CREB1 IP - A549 cells, Rep 1, CREB1 IP | DEX - A549 cells, CREB1 IP - A549 cells, Rep 2",,,
FOXA1,IDI1,stemcells,FOXA1 IP - Rep 5 ,,,
NFKB1,IDI1,leukocytes,NFKB1 IP - Rep 2,,,
LYL1,IDI1,leukocytes,LYL1 IP - Kasumi-1,,,
JUND,IDI1,leukocytes,JUND IP - K562 cells,,,
CUX1,IDI1,leukocytes,CUX1 IP - GM12878 cells,,,
FOSL1,IDI1,leukocytes,FOSL1 IP - K562 cells,,,
FOXM1,IDI1,mammarygland,"FOXM1 IP - DS005, FOXM1 IP | THSP - DS006, FOXM1 IP - DS007, FOXM1 IP | THSP - DS008, FOXM1 IP - MCF7 cells",,,
DHT,IDI1,prostate,"DHT | FOXA1 ChIP-Seq, DHT | FOXA1 ChIP-Seq, DHT | FOXA1 ChIP-Seq, DHT | FOXA1 ChIP-Seq - C4- Rep 2B, DHT | FOXA1 ChIP-Seq, POU2F1 KD + DHT | FOXA1 ChIP-Seq, DHT | ERG ChIP-Seq - 18 h, DHT | ERG ChIP-Seq - 2 h",,,
CTCF,IDI1,colon,"CTCF IP - Caco , CTCF IP - Caco-2 cells, Rep 1 , CTCF IP - HCT116 cells, Rep 1 ",,,
HOXA4,IDI1,colon,HOXA4 IP ,,,
ZNF143,IDI1,leukocytes,ZNF143 IP - GM12878 cells,,,
FOSL1,IDI1,colon,FOSL1 IP - HCT116 cells,,,
SP1,IDI1,stemcells,"SP1 IP - H1 cells, SP1 IP - Rep 2 , SP1 IP - Rep 1 ",,,
JUND,IDI1,mammarygland,JUND IP - MCF7 cells,,,
EGR1,IDI1,colon,EGR1 IP - HCT116 cells,,,
SREBF2,IDI1,pancreas,SREBF2 IP,,,
NFYB,IDI1,uterus,NFYB IP - HeLa cells,,,
PBX3,IDI1,lung,PBX3 IP - A549 cells,,,
MYB,IDI1,leukocytes,"MYB IP - Jurkat, Rep 2, MYB IP - Jurkat, Rep 1, MYB IP - Jurkat, Rep 3, MYB IP - MOLT3, MYB IP - Jurkat, Rep 4, MYB IP - Jurkat, Rep 5",,,
NFYB,IDI1,leukocytes,"NFYB IP - GM12878 cells, NFYB IP - K562 cells",,,
IKZF1,IDI1,hspcs,"IKZF1 IP - Rep 1, IKZF1 IP - Rep 2",,,
ZNF384,IDI1,leukocytes,ZNF384 IP - K562 cells,,,
MAX,IDI1,cns,MAX IP - SK-N-SH cells,,,
TCF7L2,IDI1,hspcs,"TCF7L2 IP - Rep 2, TCF7L2 IP - Rep 1",,,
MYC,IDI1,uterus,MYC IP - HeLa cells,,,
DEX,IDI1,lung,"CREB1 IP | DEX - A549 cells, FOXA1 IP | DEX - A549 cells",,,
USF1,IDI1,liver,USF1 IP - HepG2 cells,,,
SREBF1,IDI1,liver,"SREBF1 IP | PRAV - HepG2 cells, SREBF1 IP | INS + 22RHC - HepG2 cells",,,
PRAV,IDI1,liver,"SREBF1 IP | PRAV - HepG2 cells, SREBF2 IP | PRAV - HepG2 cells",,,
STAT5B,IDI1,leukocytes,"STAT5B IP | H9, Rep 2, STAT5B IP | H9, Rep 2, STAT5B IP | IL2 - Rep 2, STAT5B IP | H9RET, Rep 2, STAT5B IP | IL2 - Rep 2",,,
H9,IDI1,leukocytes,"STAT5B IP | H9, Rep 2, STAT5B IP | H9, Rep 2",,,
HES6,IDI1,prostate,"BICALU + HES6OE | E2F1 ChIP-Seq - Rep 4, HES6 OE | E2F1 ChIP-Seq - Rep 2, HES6 OE | E2F1 ChIP-Seq - Rep 3, HES6 OE | E2F1 ChIP-Seq - Rep 1, HES6 OE + BICALU | E2F1 ChIP-Seq - Rep 1, BICALU + HES6 OE | E2F1 ChIP-Seq - Rep 2, HES6 OE + BICALU | E2F1 ChIP-Seq - Rep 3, HES6 OE | E2F1 ChIP-Seq - Rep 4",,,
MAX,IDI1,lung,"MAX IP - A549 cells, MAX IP - A549 cells",,,
TCF7L2,IDI1,mammarygland,"DHT | TCF7L2 ChIP-Seq, TCF7L2 ChIP-Seq",,,
SP2,IDI1,stemcells,SP2 IP - H1 cells,,,
E2F1,IDI1,uterus,"E2F1 IP - HeLa cells, Rep 2, E2F1 IP - HeLa cells, Rep 1",,,
MYBL2,IDI1,liver,MYBL2 IP - HepG2 cells,,,
RUNX1T1,IDI1,leukocytes,RUNX1T1 IP,,,
SP1,IDI1,colon,SP1 IP - HCT116 cells,,,
USF1,IDI1,uterus,USF1 IP - ECC1 cells,,,
DEX,IDI1,mammarygland,"DEX | FOXA1 ChIP-Seq - Rep 2, DEX | FOXA1 ChIP-Seq - Rep 2, DEX | FOXA1 ChIP-Seq - Rep 1, JUN IP | DEX, DEX | FOXA1 ChIP-Seq - Rep 1, DEX | FOXA1 ChIP-Seq - Rep 2, DEX | FOXA1 ChIP-Seq - Rep 1",,,
TCF12,IDI1,leukocytes,TCF12 IP - GM12878 cells,,,
TCF12,IDI1,liver,TCF12 IP - MCF7 cells,,,
GATA2,IDI1,prostate,GATA2 KD + R1881 | FOXA1 ChIP-Seq,,,
GABPA,IDI1,prostate,"GABPA IP | R1881, GABPA IP - Rep 2, GABPA IP - Rep 1",,,
ELK4,IDI1,uterus,"ELK4 IP - HeLa cells, ELK4 IP - HeLa, Rep 1",,,
CPDA,IDI1,mammarygland,JUN IP | CPDA,,,
EGR1,IDI1,stemcells,EGR1 IP - H1 cells,,,
CTCF,IDI1,hspcs,"CTCF IP - Erythroid cells, Rep 2",,,
SOX9,IDI1,colon,SOX9 IP ,,,
TCF21,IDI1,vasculature,TCF21 IP,,,
RUNX1,IDI1,hspcs,"RUNX1 IP, RUNX1",,,
SREBF1,IDI1,leukocytes,SREBF1 IP - GM12878 cells,,,
USF1,IDI1,colon,USF1 IP - HCT116 cells,,,
ELK1,IDI1,leukocytes,"ELK1 IP - K562 cells, ELK1 IP - GM12878 cells",,,
JUND,IDI1,stemcells,JUND IP - H1 cells,,,
PAX5,IDI1,leukocytes,"PAX5 IP - GM12891 cells, PAX5 IP - GM12878 cells, Rep 1, PAX5 IP - GM12878 cells, Rep 2, PAX5 IP - GM12892 cells",,,
SP2,IDI1,leukocytes,SP2 IP - K562 cells,,,
YY1,IDI1,stemcells,YY1 IP - H1 cells,,,
THAP1,IDI1,leukocytes,THAP1 IP - K562 cells,,,
EBF1,IDI1,leukocytes,"EBF1 IP - GM12878 cells, EBF1 IP - GM12878 cells",,,
GABPA,IDI1,lung,GABPA IP - A549 cells,,,
REST,IDI1,liver,"REST IP - HepG2 cells, Rep 1, REST IP - HepG2 cells, Rep 2",,,
FOSL2,IDI1,liver,FOSL2 IP - HepG2 cells,,,
TP53,IDI1,skin,"TP53 IP | NUTL3, TP53 IP",,,
YY1,IDI1,liver,YY1 IP - HepG2 cells,,,
CTCF,IDI1,mammarygland,"CTCF IP - MCF-7 cells, Rep 1 ",,,
JUN,IDI1,colon,JUN IP ,,,
NFYA,IDI1,colon,NFYA IP ,,,
MAZ,IDI1,liver,MAZ IP - HepG2 cells,,,
CTCF,IDI1,uterus,CTCF IP - HeLa cells ,,,
CEBPB,IDI1,stemcells,"CEBPB IP - H1 cells, CEBPB IP, CEBPB IP",,,
ELF1,IDI1,cns,ELF1 IP - SK-N-SH cells,,,
BHLHE40,IDI1,liver,"BHLHE40 IP - HepG2 cells, BHLHE40 IP - SK-N-SH cells",,,
ERG,IDI1,leukocytes,ERG IP - Rep 1,,,
EGR1,IDI1,liver,EGR1 IP - MCF7 cells,,,
FOXA2,IDI1,embryonictissue,FOXA2 IP - Rep 2,,,
ATF2,IDI1,colon,ATF2 IP ,,,
ATF3,IDI1,leukocytes,ATF3 IP - K562 cells,,,
JUND,IDI1,lung,JUND IP - A549 cells,,,
BCL3,IDI1,lung,BCL3 IP - A549 cells,,,
BAY082,IDI1,leukocytes,"RELA IP | BAY082  - IVD Th1 cells, PIA",,,
REST,IDI1,leukocytes,"REST IP - GM12878 cells, Rep 12 , REST IP - K562 cells, REST IP - HL60 cells",,,
E2F4,IDI1,uterus,E2F4 IP - HeLa cells,,,
GATA3,IDI1,cns,GATA3 IP - SK-N-SH cells,,,
IL2,IDI1,leukocytes,"STAT5B IP | IL2 - Rep 2, STAT5B IP | IL2 - Rep 2",,,
MAX,IDI1,liver,"MAX IP - HepG2 cells, MAX IP - MCF7 cells, MAX IP - HepG2 cells",,,
USF2,IDI1,uterus,USF2 IP - HeLa cells,,,
MYC,IDI1,liver,MYC IP,,,
MXI1,IDI1,liver,MXI1 IP - HepG2 cells,,,
SIX2,IDI1,kidney,"SIX2 IP - 17 weeks, Rep 1, SIX2 IP - 17 weeks, Rep 2",,,
ZNF263,IDI1,kidney,ZNF263 IP - HEK293 cells,,,
EGR1,IDI1,leukocytes,EGR1 IP - K562 cells,,,
BHLHE40,IDI1,lung,BHLHE40 IP - A549 cells,,,
ZBTB7A,IDI1,leukocytes,ZBTB7A IP - SK-N-SH cells,,,
GATA3,IDI1,mammarygland,"GATA3 IP - MCF7 cells, GATA3 IP - T47D cells",,,
CREB1,IDI1,stemcells,CREB1 IP - H1 cells,,,
TEAD4,IDI1,leukocytes,TEAD4 IP - K562 cells,,,
EBF1,IDI1,adiposetissue,"EBF1 IP, EBF1 IP",,,
REST,IDI1,lung,REST IP - A549 cells,,,
YY1,IDI1,uterus,YY1 IP - ECC1 cells,,,
CTCF,IDI1,liver,"CTCF IP - SK-N-SH cells, CTCF IP - HepG2 cells , CTCF IP - HepG2 cells, Rep 1 ",,,
FOXA1,IDI1,lung,FOXA1 IP | DEX - A549 cells,,,
JUND,IDI1,cns,"JUND IP - SK-N-SH cells, JUND IP - SK-N-SH cells ",,,
CREB1,IDI1,colon,CREB1 IP ,,,
FLI1,IDI1,hspcs,FLI1 IP,,,
E2F6,IDI1,stemcells,E2F6 IP - H1 cells,,,
TBP,IDI1,stemcells,TBP IP - H1 cells,,,
FOXM1,IDI1,leukocytes,FOXM1 IP - GM12878 cells,,,
FOXP2,IDI1,cns,"FOXP2 IP - PFSK-1 cells, FOXP2 IP - SK cells",,,
YY1,IDI1,colon,YY1 IP - HCT116 cells,,,
JUN,IDI1,vasculature,JUN IP - HUVEC cells,,,
SP2,IDI1,liver,SP2 IP - HepG2 cells,,,
TP53,IDI1,leukocytes,TP53 IP - Doxo DNA damage,,,
CLOCK,IDI1,bone,CLOCK IP,,,
ELF1,IDI1,colon,ELF1 IP - HCT116 cells,,,
STAT1,IDI1,uterus,"STAT1 IP | IFNG - HeLa cells, 30 min",,,
IFNG,IDI1,uterus,"STAT1 IP | IFNG - HeLa cells, 30 min",,,
ASCL1,IDI1,skin,"ASCL1 IP - NHEK, ASCL1 IP - NHDF",,,
REST,IDI1,pancreas,"REST IP - Panc1 cells, Rep 3",,,
PIAS1,IDI1,prostate,"PIAS1 + R1881 | FOXA1 ChIP-Seq - Rep 2, PIAS1 + R1881 | FOXA1 ChIP-Seq - Rep 1",,,
GATA3,IDI1,lung,GATA3 IP - A549 cells,,,
FOXA1,IDI1,pancreas,FOXA1 IP,,,
BHLHE40,IDI1,leukocytes,"BHLHE40 IP - GM12878 cells, BHLHE40 IP - K562 cells",,,
125DVD3,IDI1,colon,CEBPB IP | 125DVD3,,,
ZNF83,IDI1,colon,ZNF83 IP ,,,
E2F1,IDI1,mammarygland,"E2F1 IP, E2F1 IP - MCF7 cells",,,
CEBPB,IDI1,lung,CEBPB ChIP-Seq - A549,,,
H9RET,IDI1,leukocytes,"STAT5B IP | H9RET, Rep 2",,,
CTCF,IDI1,esophagus,"CTCF IP - HEEpiC cells, Rep 1 ",,,
MXI1,IDI1,cns,MXI1 IP - SK-N-SH cells ,,,
ETV5,IDI1,colon,ETV5 IP ,,,
YY1,IDI1,cns,"YY1 IP - SK-N-SH cells, YY1 IP | ATRA - SK-N-SH cells",,,
KLF5,IDI1,stomach,KLF5 IP - KATOIII,,,
ZEB1,IDI1,liver,ZEB1 IP - HepG2 cells,,,
NFATC1,IDI1,leukocytes,NFATC1 IP - GM12878 cells,,,
GLI2,IDI1,colon,GLI2 IP ,,,
SRF,IDI1,leukocytes,"SRF IP - SK-N-SH cells, SRF IP - GM12878 cells, Rep 2",,,
FOXA2,IDI1,lung,FOXA2 IP - A549 cells,,,
E2F6,IDI1,uterus,E2F6 IP - HeLa cells,,,
TCF7L2,IDI1,uterus,TCF7L2 IP - HeLa cells,,,
E2F3,IDI1,colon,E2F3 IP ,,,
ZNF280D,IDI1,colon,ZNF280D IP ,,,
HEY1,IDI1,leukocytes,HEY1 IP - K562 cells,,,
TBP,IDI1,liver,TBP IP - HepG2 cells,,,
FOXA1,IDI1,liver,"FOXA1 IP - HepG2 cells, Rep 1, FOXA1 IP - HepG2 cells, Rep 2",,,
TFAP4,IDI1,leukocytes,"TFAP4 IP - Rep 1, TFAP4 IP - Rep 2",,,
FOSL2,IDI1,mammarygland,FOSL2 IP - MCF7 cells,,,
ELF1,IDI1,mammarygland,ELF1 IP - MCF7 cells,,,
EGR1,IDI1,uterus,EGR1 IP - ECC1 cells,,,
GABPA,IDI1,stemcells,GABPA IP - H1 cells,,,
TCF12,IDI1,uterus,TCF12 IP - ECC1 cells,,,
MXI1,IDI1,leukocytes,MXI1 IP - GM12878 cells,,,
TCF12,IDI1,cns,TCF12 IP - SK-N-SH cells,,,
ATF2,IDI1,leukocytes,ATF2 IP - GM12878 cells,,,
TEAD4,IDI1,uterus,TEAD4 IP - ECC1 cells,,,
CREB1,IDI1,leukocytes,"CREB1 IP - K562 cells, CREB1 IP, CREB1 IP - GM12878 cells, CREB1 IP",,,
ZEB1,IDI1,leukocytes,ZEB1 IP - GM12878 cells,,,
JUND,IDI1,liver,"JUND IP - HepG2 cells, JUND IP - HepG2 cells",,,
MEF2A,IDI1,leukocytes,MEF2A IP - GM12878 cells,,,
NFYC,IDI1,colon,NFYC IP ,,,
GATA2,IDI1,vasculature,GATA2 IP - HUVEC cells,,,
SIX5,IDI1,lung,SIX5 IP | DEX - A549 cells,,,
GATA2,IDI1,leukocytes,GATA2 IP - K562 cells,,,
OTX2,IDI1,stemcells,OTX2 IP - Rep 10 ,,,
CTCF,IDI1,kidney,"CTCF IP - HEK293 cells, Rep 1 ",,,
TAL1,IDI1,megakaryocytelineage,"TAL1 IP - CHRF-288-11 cells, Rep 4 ",,,
NFYA,IDI1,uterus,NFYA IP - HeLa cells,,,
STAT1,IDI1,leukocytes,"STAT1 IP - Rep 5, STAT1 IP - Rep 4, STAT1 IP - Rep 3, STAT1 IP - Rep 1, STAT1 IP - Rep 6, STAT1 IP - Rep 2",,,
MAZ,IDI1,lung,MAZ IP - IMR cells,,,
E2F4,IDI1,leukocytes,E2F4 IP - K562 cells,,,
GATA2,IDI1,hspcs,GATA2 IP,,,
CTCF,IDI1,skin,CTCF IP - NHEK cells ,,,
GMEB2,IDI1,colon,GMEB2 IP ,,,
CEBPB,IDI1,uterus,CEBPB ChIP-Seq - HeLaS3,,,
MAX,IDI1,stemcells,MAX IP - H1 cells,,,
GATA1,IDI1,hspcs,"GATA1 IP - PBDE cells, Rep 1",,,
SRF,IDI1,uterus,SRF IP - ECC1 cells,,,
GATA2,IDI1,cns,GATA2 ChIP-Seq SH-SY5Y,,,
ZBTB7A,IDI1,uterus,ZBTB7A IP - ECC1 cells,,,
TP53,IDI1,mammarygland,TP53 IP,,,
MAX,IDI1,vasculature,MAX IP - HUVEC cells,,,
SP1,IDI1,lung,SP1 IP - A549 cells,,,
FOXP1,IDI1,colon,FOXP1 IP ,,,
UBTF,IDI1,leukocytes,"UBTF IP - K562 cells, UBTF IP - K562 cells",,,
FOS,IDI1,vasculature,FOS IP - HUVEC cells,,,
ETS1,IDI1,leukocytes,"ETS1 IP, ETS1 IP - K562 cells, ETS1 IP - GM12878 cells",,,
TCF3,IDI1,leukocytes,TCF3 IP - GM12878 cells,,,
RELA,IDI1,colon,RELA IP ,,,
ETS1,IDI1,lung,ETS1 IP - A549 cells,,,
JUND,IDI1,colon,JUND IP - HCT116 cells,,,
GABPA,IDI1,uterus,GABPA IP - HeLa cells,,,
TP63,IDI1,thyroidgland,TP63 IP - TT MTC,,,
FOXA2,IDI1,stemcells,"FOXA2 IP - ES D10, FOXA2 IP - ES D7, FOXA2 IP - ES D5",,,
MTA3,IDI1,leukocytes,MTA3 IP - GM12878 cells,,,
POU2F1,IDI1,prostate,POU2F1 KD + DHT | FOXA1 ChIP-Seq,,,
POU2F2,IDI1,leukocytes,POU2F2 IP - GM12878 cells,,,
E2F6,IDI1,lung,E2F6 IP - A549 cells,,,
REST,IDI1,uterus,REST IP - ECC1 cells,,,
SRF,IDI1,colon,SRF IP - HCT116 cells,,,
RBPJ,IDI1,leukocytes,RBPJ IP | COMPE - wash,,,
COMPE,IDI1,leukocytes,RBPJ IP | COMPE - wash,,,
22RHC; INS,IDI1,liver,SREBF1 IP | INS + 22RHC - HepG2 cells,,,
FOXM1,IDI1,uterus,FOXM1 IP - ECC1 cells,,,
CEBPB,IDI1,mammarygland,CEBPB IP - MCF7 cells,,,
HOXA6,IDI1,colon,HOXA6 IP ,,,
CREB1,IDI1,uterus,CREB1 IP - ECC1 cells,,,
ELF1,IDI1,liver,ELF1 IP - HepG2 cells,,,
TBP,IDI1,uterus,TBP IP - HeLa cells,,,
SREBF2,IDI1,liver,SREBF2 IP | PRAV - HepG2 cells,,,
JUND,IDI1,vasculature,JUND IP,,,
BCL3,IDI1,leukocytes,BCL3 IP - GM12878 cells,,,
STAT5A,IDI1,leukocytes,STAT5A IP - K562 cells,,,
ZBTB7A,IDI1,liver,ZBTB7A IP - HepG2 cells,,,
TCF7L2,IDI1,pancreas,TCF7L2 IP,,,
SIX5,IDI1,leukocytes,SIX5 IP - GM12878 cells,,,
GABPA,IDI1,cns,GABPA IP - SK-N-SH cells,,,
CTCF,LSS,skin,"CTCF IP - BJ cells, Rep 1 , CTCF IP - NHEK cells , CTCF IP - AG04449 cells, Rep 2 , CTCF IP - NHDF cells, Rep 2 , CTCF IP - AG10803 cells, Rep 1 , CTCF IP - GM12878 cells, Rep 2 , CTCF IP - AG09309 cells, Rep 1 , CTCF IP - AG04449 cells, Rep 1 , CTCF IP - AG10803 cells, Rep 2 , CTCF IP - AG09309 cells, Rep 2 , CTCF IP - NHDF cells , CTCF IP - HFFC cells, Rep 1 , CTCF IP - HFFC cells, Rep 3 , CTCF IP - NHDF cells, Rep 1 , CTCF IP - HFFC cells, Rep 2 , CTCF IP - NHEK cells, Rep 2 , CTCF IP - BJ cells, Rep 2 ",,,
TBP,LSS,leukocytes,"TBP IP - K562 cells, TBP IP - GM12878 cells",,,
JUND,LSS,stemcells,JUND IP - H1 cells,,,
CTCF,LSS,leukocytes,"CTCF IP - K562 cells, Rep 13 , CTCF IP - UT-7 cells, Rep 6 , CTCF IP - F36P cells, Rep 10 , CTCF IP - GM19193 cells, Rep 1 , CTCF IP, CTCF IP - GM11994 cells, Rep 2, CTCF IP - GM12892 cells, Rep 2 , CTCF IP - GM12875 cells, Rep 1 , CTCF IP - HL-60 cells, Rep 9 , CTCF IP - GM07346 cells, CTCF IP -  DND , CTCF IP - GM12864 cells, Rep 1 , CTCF IP - F36P cells, Rep 2 , CTCF IP - K562 cells, Rep 12 , CTCF IP - GM18526 cells, Rep 1 , CTCF IP - GM12815 cells, Rep 1, CTCF IP - GM06990 cells, Rep 2 , CTCF IP - GM11831 cells, CTCF IP - F36P cells, Rep 15 , CTCF IP - K562 cells, Rep 2 , CTCF IP - GM19193 cells, Rep 2 , CTCF IP - K562 cells, Rep 10 , CTCF IP - GM12871 cells , CTCF IP - GM12154 cells, Rep 2, CTCF IP - K562 cells, Rep 3 , CTCF IP - GM12890 cells, Rep 1 , CTCF IP - K562 cells , CTCF IP - GM2588 cells, Rep 1 , CTCF IP - K562 cells, Rep 7 , CTCF IP - GM12872 cells, Rep 1 , CTCF IP - GM18486 cells, Rep 3 , CTCF IP - K562 cells, CTCF IP - GM12878 cells, Rep 2 , CTCF IP - UT-7 cells, Rep 5 , CTCF IP - GM06990 cells, Rep 1 , CTCF IP - GM12890 cells, Rep 2 , CTCF IP - GM2255 cells, Rep 1 , CTCF IP - GM12865 cells, Rep 2 , CTCF IP - UT-7 cells, Rep 4 , CTCF IP - GM19238 cells, Rep 1 , CTCF IP - GM12878 cells, Rep 1 , CTCF IP - K562 cells, Rep 1 , CTCF IP - GM11994 cells, Rep 1, CTCF IP - K562 cells, Rep 11 , CTCF IP - HL-60 cells, Rep 3 , CTCF IP - GM12878 cells, Rep 2 , CTCF IP - GM19240 cells, Rep 2 , CTCF IP - UT-7 cells, Rep 3 , CTCF IP - KU812 cells, Rep 17 , CTCF IP - GM10847 cells, Rep 2 , CTCF IP - KU812 cells, Rep 13 , CTCF IP - GM12874 cells, CTCF IP - F36P cells, Rep 6 , CTCF IP - GM12866 cells , CTCF IP - GM12154 cells, Rep 1, CTCF IP - F36P cells, Rep 5 , CTCF IP - GM11992 cells, Rep 1, CTCF IP - HL-60 cells, Rep 7 , CTCF IP - K562 cells, Rep 5 , CTCF IP - GM12869 cells , CTCF IP - GM12873 cells, Rep 3 , CTCF IP - F36P cells, Rep 1 , CTCF IP - GM11811 cells, Rep 2, CTCF IP - KU812 cells, Rep 9 , CTCF IP - GM2610 cells, Rep 2 , CTCF IP - GM12801 cells , CTCF IP - GM11992 cells, Rep 2, CTCF IP - GM12865 cells, Rep 3 , CTCF IP - GM2255 cells, Rep 3 , CTCF IP - GM10847 cells, Rep 1 , CTCF IP - GM19238 cells, Rep 2 , CTCF IP - GM12890 cells, Rep 3 , CTCF IP - GM06986 cells, CTCF IP - GM2610 cells, Rep 3 , CTCF IP - MS1 cells, Rep 1 , CTCF IP - GM12875 cells, Rep 2 , CTCF IP - GM18951 cells, Rep 1 , CTCF IP - F36P cells, Rep 7 , CTCF IP - GM12892 cells, Rep 1 , CTCF IP - K562 cells, Rep 16 , CTCF IP - GM2630 cells, Rep 1 , CTCF IP - K562 cells, Rep 9 , CTCF IP - GM19240 cells, Rep 1 , CTCF IP - K562 cells, CTCF IP - GM12006 cells, Rep 1, CTCF IP - KU812 cells, Rep 1 , CTCF IP - F36P cells, Rep 11 , CTCF IP - MS1 cells, Rep 2 , CTCF IP - GM12815 cells, Rep 2, CTCF IP - GM2630 cells, Rep 3 , CTCF IP - GM11881 cells, CTCF IP - F36P cells, Rep 3 , CTCF IP - GM19239 cells, Rep 2 , CTCF IP - F36P cells, Rep 19 , CTCF IP - GM12828 cells, CTCF IP - GM11894 cells, Rep 2, CTCF IP - GM18505 cells, Rep 1 , CTCF IP - GM12891 cells, Rep 2 , CTCF IP - GM12872 cells, Rep 2 , CTCF IP - GM12005 cells, Rep 1, CTCF IP - GM19239 cells, Rep 1 , CTCF IP - GM12814 cells, Rep 1, CTCF IP - GM12864 cells, Rep 3 , CTCF IP - GM12005 cells, Rep 2, CTCF IP - GM12865 cells, Rep 1 , CTCF IP - GM12868 cells , CTCF IP - GM12873 cells, Rep 1 , CTCF IP - GM19099 cells, Rep 2 , CTCF IP - F36P cells, Rep 17 , CTCF IP - GM12874 cells, Rep 2 , CTCF IP - GM12878 cells , CTCF IP - K562 cells, Rep 14 , CTCF IP - GM19099 cells, Rep 1 , CTCF IP - GM12872 cells, Rep 3 , CTCF IP - K562 cells, Rep 15 , CTCF IP - GM2630 cells, Rep 2 , CTCF IP - GM2588 cells, Rep 2 , CTCF IP - MS1 cells, Rep 3 , CTCF IP - F36P cells, Rep 13 , CTCF IP - HL , CTCF IP - HL-60 cells, Rep 5 , CTCF IP - GM12864 cells, Rep 2 , CTCF IP - GM12234 cells, CTCF IP - GM12891 cells, Rep 1 , CTCF IP - MS1 cells, Rep 4 , CTCF IP - CD14+ cells , CTCF IP - GM12874 cells, Rep 1 , CTCF IP - KU812 cells, Rep 5 , CTCF IP - GM12814 cells, Rep 2, CTCF IP - GM2255 cells, Rep 2 , CTCF IP - GM11811 cells, Rep 1, CTCF ChIP-Seq - GM12878, CTCF IP - GM18486 cells, Rep 1 , CTCF IP -  CD20+ cells , CTCF IP - HeLa cells, Rep 2 , CTCF IP - K562 cells, CTCF IP - NB4 cells , CTCF IP - GM12489 cells, Rep 1, CTCF IP - GM12878 cells, Rep 1 , CTCF IP - GM18486 cells, Rep 2 , CTCF IP - GM2610 cells, Rep 1 , CTCF IP - GM12749 cells, Rep 1, CTCF IP - GM2588 cells, Rep 3 , CTCF IP - F36P cells, Rep 14 , CTCF IP - GM12870 cells , CTCF IP - GM18951 cells, Rep 2 , CTCF IP - GM12867 cells , CTCF IP - GM18526 cells, Rep 2 , CTCF IP - GM18505 cells, Rep 2 , CTCF IP - GM12873 cells, Rep 1 ",,,
CTCF,LSS,vasculature,"CTCF IP - AoAFC cells, Rep 1 , CTCF IP - HBMEC cells, Rep 1 , CTCF IP - HUVEC cells , CTCF IP - HUVEC cells, Rep 1 , CTCF IP - HBMEC cells, Rep 2 , CTCF IP - AoAFC cells, Rep 2 , CTCF IP - HPAF cells, Rep 2 , CTCF IP - HUVEC cells, Rep 2 , CTCF IP - HPAF cells, Rep 1 ",,,
E2F6,LSS,stemcells,E2F6 IP - H1 cells,,,
FOS,LSS,leukocytes,"FOS IP - GM12878 cells, FOS IP - K562 cells",,,
FOXA1,LSS,mammarygland,"17BE2 | FOXA1 ChIP-Seq, DHT | FOXA1 ChIP-Seq, FOXA1 IP - T47D cells",,,
17BE2,LSS,mammarygland,17BE2 | FOXA1 ChIP-Seq,,,
MAZ,LSS,leukocytes,"MAZ IP - K562 cells, MAZ IP - GM12878 cells",,,
CTCF,LSS,kidney,"CTCF IP - RPTEC cells, Rep 2 , CTCF IP - HRE cells, Rep 1 , CTCF IP - HRE cells, Rep 2 , CTCF IP - HEK293 cells, Rep 2 , CTCF IP - RPTEC cells, Rep 1 , CTCF IP - HEK293 cells, Rep 1 ",,,
MYC,LSS,leukocytes,"MYC IP | IFNG - K562 cells, 30 min, MYC IP | IFNA1 - K562 cells, 6 h, MYC IP - K562 cells, Rep 2, MYC IP | IFNA1 - K562 cells, 30 min, MYC IP - NB4 cells, MYC IP - K562 cells, Rep 1, MYC IP | IFNG - K562 cells, 6 h",,,
IFNG,LSS,leukocytes,"MYC IP | IFNG - K562 cells, 30 min, STAT1 IP - Rep 2, IRF1 IP | IFNG - K562 cells, 6 h, STAT1 IP - Rep 1, STAT1 IP - Rep 4, STAT1 IP - Rep 3, MYC IP | IFNG - K562 cells, 6 h, STAT1 IP - Rep 5",,,
FOXA2,LSS,lung,FOXA2 IP - A549 cells,,,
CTCF,LSS,liver,"CTCF IP - HepG2 cells, Rep 1 , CTCF IP - HepG2 cells, Rep 2 , CTCF IP, CTCF IP - SK-N-SH cells, CTCF IP - HepG2 cells ",,,
RELA,LSS,lung,"RELA IP | TNF, RELA IP | DEX + TNF - Rep 1",,,
TNF,LSS,lung,RELA IP | TNF,,,
CTCF,LSS,skeletalmuscle,"CTCF IP - HSMM cells, Rep 2 , CTCF IP - HSMM cells, Rep 1 ",,,
CTCF,LSS,mammarygland,"CTCF IP - HMEC cells, Rep 2 , CTCF IP - MCF7 cells, CTCF IP - HMEC cells, Rep 1 , CTCF IP - HMEC cells , CTCF IP - HMF cells, Rep 1 , CTCF IP - MCF-7 cells Rep 2 , CTCF IP - T47D cells, CTCF IP - MCF-7 cells, Rep 1 , CTCF IP - HMF cells, Rep 2 ",,,
CTCF,LSS,cns,"CTCF IP - SK cells, CTCF IP - SK-N-SH cells, Rep 2 , CTCF IP - cerebellar astrocyte cells, Rep 1 , CTCF IP - HCPEpiC cells, Rep 2 , CTCF IP - cerebellar astrocyte cells, Rep 2 , CTCF IP - BE(2)-C cells, Rep 1 , CTCF IP - HCPEpiC cells, Rep 1 , CTCF IP - BE(2)-C cells, Rep 2 , CTCF IP - spinal cord astrocyte cells, Rep 1 , CTCF IP - SK-N-SH cells, Rep 1 , CTCF IP - NHA cells , CTCF IP - spinal cord astrocyte cells, Rep 2 , CTCF IP - SK-N-SH cells ",,,
MXI1,LSS,leukocytes,MXI1 IP - GM12878 cells,,,
BHLHE40,LSS,leukocytes,"BHLHE40 IP - K562 cells, BHLHE40 IP - GM12878 cells",,,
CTCF,LSS,heart,"CTCF IP - myocytes cells, Rep 1 , CTCF IP - myocytes cells, Rep 2 , CTCF IP - HCF cells ",,,
SP1,LSS,liver,SP1 IP - HepG2 cells,,,
STAT1,LSS,leukocytes,"STAT1 IP - Rep 2, STAT1 IP - Rep 1, STAT1 IP - Rep 4, STAT1 IP - Rep 3, STAT1 IP - Rep 5",,,
IRF1,LSS,leukocytes,"IRF1 IP | IFNG - K562 cells, 6 h",,,
MAX,LSS,liver,"MAX IP - HepG2 cells, MAX IP - MCF7 cells, MAX IP - HepG2 cells",,,
FOS,LSS,mammarygland,"FOS IP | 4HT - MCF10A cells, 12 h, FOS IP - MCF10A cells, FOS IP | 4HT - MCF10A cells, 4 h",,,
4HT,LSS,mammarygland,"FOS IP | 4HT - MCF10A cells, 12 h, STAT3 IP | 4HT - MCF10 cells, 12 h, STAT3 IP | 4HT - MCF10 cells, 36 h, MYC IP | 4HT - MCF10A cells, FOS IP | 4HT - MCF10A cells, 4 h",,,
CTCF,LSS,lung,"CTCF IP - WI-38 cells, Rep 2 , CTCF IP | DEX - A549 cells , CTCF IP - A549 cells, CTCF IP - A549 cells, Rep 1 , CTCF IP - SAEC cells, Rep 2 , CTCF IP - A549 cells , CTCF IP - NHLF cells , CTCF IP - SAEC cells, Rep 1 , CTCF IP | DEX - A549 cells, CTCF IP - HPF cells, Rep 1 , CTCF IP - WI-38 cells, Rep 1 , CTCF IP - IMR cells, CTCF IP - A549 cells, Rep 2 , CTCF IP - NHLF cells , CTCF IP - AG04450 cells, Rep 2 , CTCF IP - HPF cells, Rep 2 , CTCF IP - AG04450 cells, Rep 1 , CTCF ChIP-Seq - A549",,,
CREB1,LSS,prostate,"CREB1 ChIP-Seq - Rep 2, FOXA1 siRNA | CREB1 ChIP-Seq - Rep 2, CREB1 siRNA | FOXA1 ChIP-Seq - Rep 2, CREB1 ChIP-Seq - Rep 1, CREB1 siRNA | FOXA1 ChIP-Seq - Rep 1, FOXA1 siRNA | CREB1 ChIP-Seq - Rep 1, CREB1 ChIP-Seq - LNCaP, CREB1 ChIP-Seq - LNCaP-abl",,,
E2F1,LSS,uterus,"E2F1 IP - HeLa cells, Rep 2",,,
CTCF,LSS,megakaryocytelineage,"CTCF IP - MEG-01 cells, Rep 4 , CTCF IP - MEG-01 cells, Rep 8 , CTCF IP - MEG-01 cells, Rep 6 , CTCF IP - MEG-01 cells, Rep 2 , CTCF IP - MEG-01 cells, Rep 10 ",,,
REST,LSS,liver,"REST IP - HepG2 cells, Rep 1, REST IP - HepG2 cells, Rep 2",,,
DEX,LSS,lung,"CTCF IP | DEX - A549 cells , CTCF IP | DEX - A549 cells",,,
YY1,LSS,cns,YY1 IP | ATRA - SK-N-SH cells,,,
ATRA,LSS,cns,"YY1 IP | ATRA - SK-N-SH cells, USF1 IP | ATRA - SK-N-SH cells",,,
E2F6,LSS,uterus,E2F6 IP - HeLa cells,,,
E2F1,LSS,mammarygland,"E2F1 IP, E2F1 IP - MCF7 cells",,,
CTCF,LSS,placenta,"CTCF IP - HVMF cells, Rep 1 , CTCF IP - HVMF cells, Rep 2 ",,,
NFYA,LSS,uterus,NFYA IP - HeLa cells,,,
TCF12,LSS,stemcells,TCF12 IP - H1 cells,,,
E2F6,LSS,leukocytes,"E2F6 IP - K562 cells, E2F6 IP - K562 cells",,,
USF1,LSS,leukocytes,"USF1 IP - K562 cells, USF1 IP - GM12878 cells",,,
MYB,LSS,leukocytes,"MYB IP - Jurkat, Rep 2, MYB IP - Jurkat, Rep 1, MYB IP - Jurkat, Rep 3, MYB IP - MOLT3, MYB IP - Jurkat, Rep 5, MYB IP - Jurkat, Rep 4",,,
FOXA1,LSS,liver,"FOXA1 IP - HepG2 cells, Rep 1, FOXA1 IP - HepG2 cells, Rep 2",,,
CTCF,LSS,esophagus,"CTCF IP - HEEpiC cells, Rep 1 , CTCF IP - HEEpiC cells, Rep 2 ",,,
ZBTB7A,LSS,uterus,ZBTB7A IP - ECC1 cells,,,
PAX5,LSS,leukocytes,"PAX5 IP - GM12878 cells, Rep 1, PAX5 IP - GM12891 cells, PAX5 IP - GM12892 cells, PAX5 IP - GM12878 cells, Rep 2",,,
CTCF,LSS,colon,"CTCF IP - HCT116 cells, CTCF IP - Caco , CTCF IP - Rep 2 , CTCF IP - HCT116 cells, Rep 2 , CTCF IP - HCT116 cells, Rep 1 , CTCF IP - Caco-2 cells, Rep 1 ",,,
MAX,LSS,vasculature,MAX IP - HUVEC cells,,,
STAT3,LSS,leukocytes,"STAT3 IP - SU-DHL-6, STAT3 IP - OCI-LY10, STAT3 IP - U-2932",,,
CTCF,LSS,hspcs,"CTCF IP - HEL 92.1.7 cells, Rep 11 , CTCF IP - Erythroid cells, Rep 1, CTCF IP - HEL 92.1.7 cells, Rep 10 , CTCF IP - HSPCs, Rep 1, CTCF IP - HEL 92.1.7 cells, Rep 14 , CTCF IP - HEL 92.1.7 cells, Rep 8 , CTCF IP - Erythroid cells, Rep 2, CTCF IP - HEL 92.1.7 cells, Rep 1 , CTCF IP - HEL 92.1.7 cells, Rep 5 , CTCF IP - HEL 92.1.7 cells, Rep 7 , CTCF IP - HEL 92.1.7 cells, Rep 4 , CTCF IP - HSPCs, Rep 2, CTCF IP - HEL 92.1.7 cells, Rep 13 , CTCF IP - HEL 92.1.7 cells, Rep 2 ",,,
FOXA1,LSS,prostate,"FOXA1 siRNA | CREB1 ChIP-Seq - Rep 2, PIAS1 + R1881 | FOXA1 ChIP-Seq - Rep 1, FOXA1 ChIP-Seq, EtOH | FOXA1 ChIP-Seq - Rep 2, R1881 | FOXA1 ChIP-Seq - Rep 1, CREB1 siRNA | FOXA1 ChIP-Seq - Rep 2, CREB1 siRNA | FOXA1 ChIP-Seq - Rep 1, FOXA1 ChIP-Seq - Rep 2, EtOH | FOXA1 ChIP-Seq - , DHT | FOXA1 ChIP-Seq, FOXA1 siRNA | CREB1 ChIP-Seq - Rep 1, CON KD + R1881 | FOXA1 ChIP-Seq - Rep 2, FOXA1 ChIP-Seq - LNCaP-abl",,,
NFKB2,LSS,leukocytes,"NFKB2 IP - Rep 1, NFKB2 IP - Rep 2",,,
CREB1,LSS,liver,"CREB1 IP - HepG2 cells, CREB1 IP, CREB1 IP",,,
STAT3,LSS,mammarygland,"STAT3 IP | 4HT - MCF10 cells, 12 h, STAT3 IP | 4HT - MCF10 cells, 36 h, STAT3 IP - MCF10A cells, Rep 2",,,
R1881,LSS,prostate,"PIAS1 + R1881 | FOXA1 ChIP-Seq - Rep 1, R1881 | FOXA1 ChIP-Seq - Rep 1, CON KD + R1881 | FOXA1 ChIP-Seq - Rep 2",,,
PIAS1,LSS,prostate,PIAS1 + R1881 | FOXA1 ChIP-Seq - Rep 1,,,
SP1,LSS,stemcells,SP1 IP - H1 cells,,,
JUND,LSS,leukocytes,JUND IP - K562 cells,,,
MYC,LSS,stemcells,MYC IP - H1 cells,,,
CTCF,LSS,uterus,"CTCF IP - HeLa cells, Rep 1 , CTCF IP - ECC1 cells, CTCF IP - HeLa cells ",,,
MAX,LSS,leukocytes,"MAX IP - GM12878 cells, MAX IP - K562 cells, MAX IP - NB4 cells, MAX IP - K562 cells, Rep 2",,,
USF1,LSS,liver,USF1 IP - HepG2 cells,,,
CTCF,LSS,stemcells,"CTCF IP - Rep 1 , CTCF IP - Rep 7 , CTCF IP - Rep 3 , CTCF IP - Rep 6 , CTCF IP - H1 cells , CTCF IP - H1 cells, CTCF IP - Rep 2 , CTCF IP - Rep 4 , CTCF IP - Rep 5 ",,,
JUND,LSS,liver,"JUND IP - HepG2 cells, JUND IP - HepG2 cells",,,
RUNX1,LSS,leukocytes,RUNX1 IP,,,
IFNA1,LSS,leukocytes,"MYC IP | IFNA1 - K562 cells, 6 h, MYC IP | IFNA1 - K562 cells, 30 min",,,
TCF21,LSS,vasculature,"TCF21 IP, TCF21 IP",,,
EGR1,LSS,stemcells,EGR1 IP - H1 cells,,,
ETS1,LSS,leukocytes,ETS1 IP - K562 cells,,,
EGR1,LSS,uterus,EGR1 IP - ECC1 cells,,,
NFYB,LSS,leukocytes,"NFYB IP - K562 cells, NFYB IP - GM12878 cells",,,
ERG,LSS,leukocytes,ERG IP - Rep 1,,,
REST,LSS,stemcells,"REST IP - H1 cells, Rep 1",,,
CTCF,LSS,bone,"CTCF IP, CTCF IP - Osteoblasts ",,,
REST,LSS,cns,"REST IP - U87 cells, REST IP - SK cells, REST IP - PFSK1 cells, Rep 2",,,
USF2,LSS,liver,USF2 IP - HepG2 cells,,,
SP1,LSS,colon,SP1 IP - HCT116 cells,,,
NFKB1,LSS,leukocytes,"NFKB1 IP - Rep 1, NFKB1 IP - Rep 2",,,
NFYB,LSS,uterus,NFYB IP - HeLa cells,,,
CTCF,LSS,sensory,"CTCF IP - HRPEpiC cells, Rep 1 , CTCF IP - WERI , CTCF IP - WERI-Rb-1- cells, Rep 1 , CTCF IP - HRPEpiC cells, Rep 2 ",,,
CREB1,LSS,leukocytes,CREB1 IP - GM12878 cells,,,
MAX,LSS,uterus,"MAX IP - HeLa cells, Rep 2, MAX IP - HeLa cells, Rep 1, MAX IP - ECC1 cells",,,
YY1,LSS,leukocytes,"YY1 IP - K562 cells, Rep 2, YY1 IP - GM12878 cells, YY1 IP - GM12892 cells, Rep 1, YY1 IP - K562 cells, Rep 1, YY1 IP - K562 cells",,,
TCF3,LSS,leukocytes,TCF3 IP - GM12878 cells,,,
EGR1,LSS,colon,EGR1 IP - HCT116 cells,,,
ZBTB7A,LSS,leukocytes,ZBTB7A IP - SK-N-SH cells,,,
MAZ,LSS,uterus,MAZ IP - HeLa cells,,,
FOXA2,LSS,stemcells,"FOXA2 IP - ES D10, FOXA2 IP - Rep 5 , FOXA2 IP - ES D7",,,
RELA,LSS,adiposetissue,"RELA IP, RELA IP, RELA IP",,,
E2F6,LSS,lung,E2F6 IP - A549 cells,,,
GATA1,LSS,hspcs,"GATA1 IP - PBDE cells, Rep 1",,,
TCF12,LSS,leukocytes,TCF12 IP - GM12878 cells,,,
DEX; TNF,LSS,lung,RELA IP | DEX + TNF - Rep 1,,,
CEBPB,LSS,lung,CEBPB ChIP-Seq - IMR90,,,
FOSL2,LSS,liver,FOSL2 IP - HepG2 cells,,,
MAZ,LSS,lung,MAZ IP - IMR cells,,,
USF1,LSS,cns,"USF1 IP - SK-N-SH cells, USF1 IP | ATRA - SK-N-SH cells",,,
RELA,LSS,leukocytes,"RELA IP | TNF - GM18505 cells, RELA IP | TNF - GM12891 cells, RELA IP | TNF - GM10847 cells, RELA IP | TNF - GM12878 cells, RELA IP | TNF - GM19099 cells, RELA IP | BAY082  - IVD Th1 cells, PIA, RELA IP - IVD Th1 cells, PIA",,,
TNF,LSS,leukocytes,"RELA IP | TNF - GM18505 cells, RELA IP | TNF - GM12891 cells, RELA IP | TNF - GM10847 cells, RELA IP | TNF - GM12878 cells",,,
BHLHE40,LSS,liver,"BHLHE40 IP - SK-N-SH cells, BHLHE40 IP - HepG2 cells",,,
KLF11,LSS,adiposetissue,"ROSI (BrAT) | KLF11 ChIP-Seq, Rep 1, KLF11 ChIP-Seq, Rep 2",,,
ROSI,LSS,adiposetissue,"ROSI (BrAT) | KLF11 ChIP-Seq, Rep 1",,,
HEY1,LSS,liver,HEY1 IP - HepG2 cells,,,
SREBF2,LSS,liver,SREBF2 IP | PRAV - HepG2 cells,,,
PRAV,LSS,liver,SREBF2 IP | PRAV - HepG2 cells,,,
MYC,LSS,bone,"MYC IP, MYC IP",,,
CEBPB,LSS,stemcells,CEBPB IP,,,
SP1,LSS,leukocytes,"SP1 IP - GM12878 cells, SP1 IP - K562 cells",,,
MAX,LSS,colon,MAX IP - HCT116 cells,,,
MYC,LSS,mammarygland,"MYC IP, MYC IP | 4HT - MCF10A cells, DHT | MYC ChIP-Seq, MYC IP - MCF-10A cells",,,
MAX,LSS,cns,MAX IP - SK-N-SH cells,,,
SRF,LSS,stemcells,"SRF IP - Rep 7 , SRF IP - Rep 4 , SRF IP - Rep 6 , SRF IP - Rep 1 ",,,
POU2F2,LSS,leukocytes,POU2F2 IP - Rep 2,,,
MXI1,LSS,cns,MXI1 IP - SK-N-SH cells ,,,
MYC,LSS,lung,MYC IP - A549 cells,,,
MXI1,LSS,uterus,MXI1 IP - HeLa cells,,,
JUN,LSS,leukocytes,"JUN IP - K562 cells, Rep 2",,,
CTCF,LSS,adiposetissue,"CTCF ChIP-Seq - d -2, CTCF ChIP-Seq - d 9, CTCF ChIP-Seq - d 0, CTCF ChIP-Seq - d 3",,,
UBTF,LSS,leukocytes,"UBTF IP - K562 cells, UBTF IP - K562 cells",,,
NFYA,LSS,leukocytes,NFYA IP - K562 cells,,,
CEBPB,LSS,leukocytes,CEBPB IP,,,
CEBPB,LSS,uterus,CEBPB ChIP-Seq - HeLaS3,,,
EGR1,LSS,leukocytes,"EGR1 IP - K562 cells, EGR1 IP - GM12878 cells, Rep 1",,,
USF1,LSS,stemcells,USF1 IP - H1 cells,,,
DHT,LSS,mammarygland,"DHT | FOXA1 ChIP-Seq, DHT | MYC ChIP-Seq",,,
GABPA,LSS,stemcells,GABPA IP - H1 cells,,,
MAX,LSS,lung,"MAX IP - A549 cells, MAX IP - A549 cells",,,
GATA4,LSS,stomach,GATA4 IP - AGS,,,
BHLHE40,LSS,lung,BHLHE40 IP - A549 cells,,,
ATF3,LSS,colon,ATF3 IP - HCT116 cells,,,
TEAD4,LSS,stemcells,TEAD4 IP - H1 cells,,,
IRF4,LSS,leukocytes,IRF4 IP,,,
TCF12,LSS,cns,TCF12 IP - SK-N-SH cells,,,
ZBTB7A,LSS,liver,ZBTB7A IP - HepG2 cells,,,
RUNX1,LSS,hspcs,RUNX1,,,
SMAD1,LSS,hspcs,SMAD1 IP - Rep 3,,,
USF2,LSS,uterus,USF2 IP - HeLa cells,,,
EBF1,LSS,leukocytes,"EBF1 IP - GM12878 cells, EBF1 IP - GM12878 cells",,,
YY1,LSS,uterus,YY1 IP - ECC1 cells,,,
TP53,LSS,lung,"TP53 IP - propapoptic, Rep 1",,,
HEY1,LSS,leukocytes,HEY1 IP - K562 cells,,,
FOXA1,LSS,stemcells,FOXA1 IP - Rep 5 ,,,
RUNX1T1,LSS,leukocytes,RUNX1T1 IP,,,
YY1,LSS,stemcells,YY1 IP - H1 cells,,,
IRF1,LSS,colon,IRF1 IP ,,,
ZNF263,LSS,kidney,ZNF263 IP - HEK293 cells,,,
PBX3,LSS,cns,PBX3 IP - SK-N-SH cells,,,
ZNF143,LSS,leukocytes,"ZNF143 IP - GM12878 cells, ZNF143 IP - K562 cells",,,
TP53,LSS,bone,TP53 IP | TP53EE/RR OE,,,
MYC,LSS,liver,MYC IP,,,
DHT,LSS,prostate,DHT | FOXA1 ChIP-Seq,,,
ZNF143,LSS,stemcells,ZNF143 IP - H1 cells,,,
TAL1,LSS,leukocytes,TAL1 IP - MOLT3,,,
SP1,LSS,lung,SP1 IP - A549 cells,,,
HMGN3,LSS,leukocytes,HMGN3 IP - K562 cells,,,
REST,LSS,leukocytes,REST IP - K562 cells,,,
CTCF,LSS,miscellaneous,"CTCF IP - AG09319 cells, Rep 2 , CTCF IP - AG09319 cells, Rep 1 ",,,
CREB1,LSS,stemcells,CREB1 IP - H1 cells,,,
FOXA2,LSS,embryonictissue,FOXA2 IP - Rep 2,,,
MXI1,LSS,liver,MXI1 IP - HepG2 cells,,,
BAY082,LSS,leukocytes,"RELA IP | BAY082  - IVD Th1 cells, PIA",,,
USF1,LSS,uterus,USF1 IP - ECC1 cells,,,
ZNF143,LSS,uterus,ZNF143 IP - HeLa cells,,,
MYC,LSS,uterus,MYC IP - HeLa cells,,,
USF1,LSS,colon,USF1 IP - HCT116 cells,,,
E2F4,LSS,leukocytes,E2F4 IP - K562 cells,,,
MXI1,LSS,lung,MXI1 IP - IMR cells,,,
FOXA2,LSS,liver,FOXA2 IP - HepG2 cells,,,
TEAD4,LSS,leukocytes,TEAD4 IP - K562 cells,,,
EGR1,LSS,liver,EGR1 IP - MCF7 cells,,,
MAZ,LSS,liver,MAZ IP - HepG2 cells,,,
JUND,LSS,vasculature,JUND IP,,,
SREBF1,LSS,liver,SREBF1 IP | INS + 22RHC - HepG2 cells,,,
22RHC; INS,LSS,liver,SREBF1 IP | INS + 22RHC - HepG2 cells,,,
CTCF,LSS,pancreas,CTCF IP,,,
MAX,LSS,stemcells,MAX IP - H1 cells,,,
ATF3,LSS,leukocytes,ATF3 IP - K562 cells,,,
POU2F2,MSMO1,leukocytes,"POU2F2 IP - GM12878 cells, POU2F2 IP - Rep 2",,,
CTCF,MSMO1,lung,"CTCF IP - SAEC cells, Rep 2 ",,,
CEBPB,MSMO1,stemcells,"CEBPB IP, CEBPB IP, CEBPB IP, CEBPB IP, CEBPB IP, CEBPB IP, CEBPB IP",,,
JUND,MSMO1,colon,JUND IP - HCT116 cells,,,
IRF1,MSMO1,leukocytes,"IRF1 IP | IFNG - K562 cells, 30 min, IRF1 IP | IFNG - K562 cells, 6 h, IRF1 IP - Rep 3, IRF1 IP - Rep 4, IRF1 IP - Rep 2, IRF1 IP | IFNA1-13 - K562 cells, 6 h, IRF1 IP - Rep 1",,,
IFNG,MSMO1,leukocytes,"IRF1 IP | IFNG - K562 cells, 30 min, IRF1 IP | IFNG - K562 cells, 6 h, MYC IP | IFNG - K562 cells, 30 min, STAT1 IP - Rep 1, STAT1 IP - Rep 5, IRF1 IP - Rep 3, STAT1 IP - Rep 2, STAT1 IP - Rep 4, STAT1 IP - Rep 3, JUN IP | IFNG - K562 cells, 6 h, IRF1 IP - Rep 4, MYC IP | IFNG - K562 cells, 6 h, IRF1 IP - Rep 2, IRF1 IP - Rep 1, JUN IP | IFNG - K562 cells, 30 min",,,
CEBPB,MSMO1,uterus,"CEBPB IP - ECC1 cells, CEBPB ChIP-Seq - HeLaS3",,,
FOXA1,MSMO1,prostate,"CON KD  | FOXA1 ChIP-Seq, DHT | FOXA1 ChIP-Seq, FOXA1 siRNA | CREB1 ChIP-Seq - Rep 1, FOXA1 ChIP-Seq, R1881 | FOXA1 ChIP-Seq - Rep 1, FOXA1 ChIP-Seq - Rep 1, CON KD + R1881 | FOXA1 ChIP-Seq - Rep 1, EtOH | FOXA1 ChIP-Seq - , FOXA1 ChIP-Seq, FOXA1 siRNA | CREB1 ChIP-Seq - Rep 2, CREB1 siRNA | FOXA1 ChIP-Seq - Rep 1, DHT | FOXA1 ChIP-Seq, FOXA1 ChIP-Seq - Rep 2, FOXA1 ChIP-Seq, AR Q640X OE + FOXA1 OE | FOXA1 ChIP-Seq, R1881 | FOXA1 ChIP-Seq - Rep 2, CON KD + R1881 | FOXA1 ChIP-Seq - Rep 2, FOXA1 ChIP-Seq - LNCaP-abl, PIAS1 + R1881 | FOXA1 ChIP-Seq - Rep 2, PIAS1 + R1881 | FOXA1 ChIP-Seq - Rep 1, CREB1 siRNA | FOXA1 ChIP-Seq - Rep 2, FOXA1 ChIP-Seq - LNCaP, FOXA1 ChIP-Seq, EtOH | FOXA1 ChIP-Seq - Rep 2",,,
DHT,MSMO1,prostate,"DHT | FOXA1 ChIP-Seq, DHT | FOXA1 ChIP-Seq",,,
RUNX1,MSMO1,leukocytes,"RUNX1 IP, RUNX1 IP - Rep 2, SPI1 IP | RUNX1 KD",,,
SPI1,MSMO1,leukocytes,"SPI1 IP - GM12878 cells, SPI1 IP - GM12878 cells, Rep 4 , SPI1 IP - K562 cells, SPI1 IP, SPI1 IP, SPI1 IP - HL cells, SPI1 IP, SPI1 IP - GM12891 cells, SPI1 IP - HL-60 cells, Rep 4 , SPI1 IP, SPI1 IP - GM12878 cells, Rep 2 , SPI1 IP, SPI1 IP, SPI1 IP, SPI1 IP, SPI1 IP | RUNX1 KD, SPI1 IP, SPI1 IP - GM12878 cells, Rep 3 , SPI1 IP - U-937 cells, Rep 1 ",,,
MAX,MSMO1,leukocytes,"MAX IP - K562 cells, Rep 2, MAX IP - GM12878 cells, MAX IP - NB4 cells, MAX IP - K562 cells",,,
JUN,MSMO1,leukocytes,"JUN IP - K562 cells, Rep 2, JUN IP | IFNA1-13 - 30 min , JUN IP | IFNG - K562 cells, 6 h, JUN IP | IFNA1-13 - K562 cells, 6 h, JUN IP - K562 cells, Rep 1, JUN IP | IFNG - K562 cells, 30 min",,,
CREB1,MSMO1,prostate,"FOXA1 siRNA | CREB1 ChIP-Seq - Rep 1, CREB1 ChIP-Seq - LNCaP, CREB1 ChIP-Seq - LNCaP-abl, CREB1 ChIP-Seq - Rep 2, FOXA1 siRNA | CREB1 ChIP-Seq - Rep 2, CREB1 siRNA | FOXA1 ChIP-Seq - Rep 1, CREB1 ChIP-Seq - Rep 1, CREB1 siRNA | FOXA1 ChIP-Seq - Rep 2",,,
STAT3,MSMO1,leukocytes,"STAT3 IP - OCI-LY19, STAT3 IP - SU-DHL-4, STAT3 IP - SU-DHL-6, STAT3 IP - OCI-LY7, STAT3 IP - OCI-LY10",,,
EGR1,MSMO1,leukocytes,"EGR1 IP - K562 cells, EGR1 IP - GM12878 cells, Rep 1",,,
MTA3,MSMO1,leukocytes,MTA3 IP - GM12878 cells,,,
JUND,MSMO1,liver,"JUND IP - HepG2 cells, JUND IP - HepG2 cells",,,
MYB,MSMO1,leukocytes,"MYB IP - Jurkat, Rep 5, MYB IP - MOLT3, MYB IP - Jurkat, Rep 4, MYB IP - Jurkat, Rep 1, MYB IP - Jurkat, Rep 2, MYB IP - Jurkat, Rep 3",,,
NFKB2,MSMO1,leukocytes,"NFKB2 IP - Rep 1, NFKB2 IP - Rep 2",,,
MYC,MSMO1,leukocytes,"MYC IP | IFNG - K562 cells, 30 min, MYC IP | IFNA1 - K562 cells, 6 h, MYC IP - K562 cells, Rep 2, MYC IP - NB4 cells, MYC IP - K562 cells, Rep 1, MYC IP | IFNG - K562 cells, 6 h",,,
REST,MSMO1,cns,"REST IP - PFSK1 cells, Rep 2, REST IP - PFSK-N-SH cells1 cells, Rep 1, REST IP - SK cells, REST IP - U87 cells",,,
STAT1,MSMO1,leukocytes,"STAT1 IP - Rep 1, STAT1 IP - Rep 5, STAT1 IP - Rep 2, STAT1 IP - Rep 4, STAT1 IP - Rep 3",,,
E2F1,MSMO1,prostate,"BICALU + HES6 OE | E2F1 ChIP-Seq - Rep 2, E2F1 ChIP-Seq - Rep 1, HES6 OE + BICALU | E2F1 ChIP-Seq - Rep 3, HES6 OE | E2F1 ChIP-Seq - Rep 4, BICALU | E2F1 ChIP-Seq - Rep 1, BICALU | E2F1 ChIP-Seq - Rep 2, BICALU | E2F1 ChIP-Seq - Rep 3, BICALU + HES6OE | E2F1 ChIP-Seq - Rep 4, BICALU | E2F1 ChIP-Seq - Rep 4, HES6 OE | E2F1 ChIP-Seq - Rep 2, HES6 OE | E2F1 ChIP-Seq - Rep 3, E2F1 ChIP-Seq - Rep 2, E2F1 ChIP-Seq - Rep 3, E2F1 ChIP-Seq - Rep 4, HES6 OE | E2F1 ChIP-Seq - Rep 1, HES6 OE + BICALU | E2F1 ChIP-Seq - Rep 1",,,
BICALU,MSMO1,prostate,"BICALU + HES6 OE | E2F1 ChIP-Seq - Rep 2, HES6 OE + BICALU | E2F1 ChIP-Seq - Rep 3, BICALU | E2F1 ChIP-Seq - Rep 1, BICALU | E2F1 ChIP-Seq - Rep 2, BICALU | E2F1 ChIP-Seq - Rep 3, BICALU + HES6OE | E2F1 ChIP-Seq - Rep 4, BICALU | E2F1 ChIP-Seq - Rep 4, HES6 OE + BICALU | E2F1 ChIP-Seq - Rep 1",,,
HES6,MSMO1,prostate,"BICALU + HES6 OE | E2F1 ChIP-Seq - Rep 2, HES6 OE + BICALU | E2F1 ChIP-Seq - Rep 3, HES6 OE | E2F1 ChIP-Seq - Rep 4, BICALU + HES6OE | E2F1 ChIP-Seq - Rep 4, HES6 OE | E2F1 ChIP-Seq - Rep 2, HES6 OE | E2F1 ChIP-Seq - Rep 3, HES6 OE | E2F1 ChIP-Seq - Rep 1, HES6 OE + BICALU | E2F1 ChIP-Seq - Rep 1",,,
E2F1,MSMO1,uterus,"E2F1 IP - HeLa cells, Rep 2, E2F1 IP - HeLa cells, Rep 1",,,
SP1,MSMO1,stemcells,"SP1 IP - H1 cells, SP1 IP - Rep 1 , SP1 IP - Rep 2 ",,,
MXI1,MSMO1,lung,MXI1 IP - IMR cells,,,
MXI1,MSMO1,stemcells,MXI1 IP - H1 cells,,,
NFYB,MSMO1,uterus,NFYB IP - HeLa cells,,,
NFYB,MSMO1,leukocytes,"NFYB IP - GM12878 cells, NFYB IP - K562 cells",,,
FOS,MSMO1,mammarygland,"FOS IP - MCF10A cells, FOS IP | 4HT - MCF10A cells, 12 h, FOS IP | 4HT - MCF10A cells, 4 h, FOS IP | 4HT - MCF10A cells, 36 h",,,
MAX,MSMO1,lung,MAX IP - A549 cells,,,
MAX,MSMO1,uterus,"MAX IP - ECC1 cells, MAX IP - HeLa cells, Rep 1",,,
USF1,MSMO1,cns,USF1 IP | ATRA - SK-N-SH cells,,,
ATRA,MSMO1,cns,"USF1 IP | ATRA - SK-N-SH cells, YY1 IP | ATRA - SK-N-SH cells",,,
GATA2,MSMO1,cns,GATA2 ChIP-Seq SH-SY5Y,,,
MAFK,MSMO1,lung,MAFK IP - IMR cells,,,
TEAD4,MSMO1,stemcells,TEAD4 IP - H1 cells,,,
GABPA,MSMO1,leukocytes,"GABPA IP - GM12878 cells, Rep 4 , GABPA IP - K562 cells, GABPA IP - Jurkat, Rep 2, GABPA IP - GM12878 cells, Rep 2 ",,,
BARX1,MSMO1,colon,BARX1 IP - Rep 1 ,,,
CEBPB,MSMO1,lung,CEBPB ChIP-Seq - IMR90,,,
FOXA1,MSMO1,liver,"FOXA1 IP - HepG2 cells, Rep 1, FOXA1 IP - HepG2 cells, Rep 2",,,
R1881,MSMO1,prostate,"R1881 | FOXA1 ChIP-Seq - Rep 1, CON KD + R1881 | FOXA1 ChIP-Seq - Rep 1, R1881 | FOXA1 ChIP-Seq - Rep 2, CON KD + R1881 | FOXA1 ChIP-Seq - Rep 2, PIAS1 + R1881 | FOXA1 ChIP-Seq - Rep 2, PIAS1 + R1881 | FOXA1 ChIP-Seq - Rep 1",,,
CREB1,MSMO1,stemcells,CREB1 IP - H1 cells,,,
MAFK,MSMO1,uterus,MAFK IP - HeLa cells,,,
ELF1,MSMO1,leukocytes,"ELF1 IP - SK-N-SH cells, ELF1 IP - SK-N-SH cells",,,
4HT,MSMO1,mammarygland,"FOS IP | 4HT - MCF10A cells, 12 h, FOS IP | 4HT - MCF10A cells, 4 h, E2F4 IP | 4HT - MCF10 cells, STAT3 IP | 4HT - MCF10 cells, 36 h, FOS IP | 4HT - MCF10A cells, 36 h",,,
JUN,MSMO1,uterus,JUN IP - HeLa cells,,,
ATF1,MSMO1,leukocytes,ATF1 IP - K562 cells,,,
CTCF,MSMO1,leukocytes,"CTCF IP - MS1 cells, Rep 3 , CTCF IP - MS1 cells, Rep 4 , CTCF IP - GM2610 cells, Rep 2 , CTCF IP - K562 cells, Rep 16 , CTCF IP - GM12892 cells, Rep 2 , CTCF IP - GM12891 cells, Rep 2 , CTCF IP - GM12878 cells , CTCF IP - GM12870 cells , CTCF IP - K562 cells, Rep 14 , CTCF IP - GM19239 cells, Rep 1 , CTCF ChIP-Seq - GM12878, CTCF IP - GM12878 cells, Rep 2 , CTCF IP, CTCF IP - HL , CTCF IP - GM12892 cells, Rep 1 , CTCF IP - MS1 cells, Rep 2 ",,,
MAZ,MSMO1,lung,MAZ IP - IMR cells,,,
YY1,MSMO1,cns,"YY1 IP | ATRA - SK-N-SH cells, YY1 IP - SK-N-SH cells",,,
MAFK,MSMO1,leukocytes,MAFK IP - K562 cells,,,
MAX,MSMO1,liver,"MAX IP - MCF7 cells, MAX IP - HepG2 cells, MAX IP - HepG2 cells",,,
TP53,MSMO1,lung,"TP53 IP - propapoptic, Rep 1",,,
SP1,MSMO1,leukocytes,"SP1 IP - K562 cells, SP1 IP - GM12878 cells",,,
REST,MSMO1,stemcells,"REST IP - H1 cells, Rep 2, REST IP - H1 cells, Rep 1",,,
RBPJ,MSMO1,leukocytes,"RBPJ IP | COMPE - wash, RBPJ IP | COMPE",,,
COMPE,MSMO1,leukocytes,"RBPJ IP | COMPE - wash, RBPJ IP | COMPE",,,
SREBF2,MSMO1,pancreas,SREBF2 IP,,,
HEY1,MSMO1,leukocytes,HEY1 IP - K562 cells,,,
SP1,MSMO1,lung,SP1 IP - A549 cells,,,
KLF11,MSMO1,adiposetissue,"KLF11 ChIP-Seq, Rep 2, ROSI (BrAT) | KLF11 ChIP-Seq, Rep 1, KLF11 ChIP-Seq, Rep 1, ROSI (BrAT) | KLF11 ChIP-Seq, Rep 2",,,
FOSL2,MSMO1,mammarygland,FOSL2 IP - MCF7 cells,,,
ATF3,MSMO1,leukocytes,ATF3 IP - K562 cells,,,
ETS1,MSMO1,leukocytes,"ETS1 IP - K562 cells, ETS1 IP",,,
RELA,MSMO1,adiposetissue,"RELA IP, RELA IP, RELA IP",,,
TBP,MSMO1,leukocytes,TBP IP - K562 cells,,,
SP1,MSMO1,liver,SP1 IP - HepG2 cells,,,
IFNA1,MSMO1,leukocytes,"MYC IP | IFNA1 - K562 cells, 6 h, JUN IP | IFNA1-13 - 30 min , JUN IP | IFNA1-13 - K562 cells, 6 h, IRF1 IP | IFNA1-13 - K562 cells, 6 h",,,
FOS,MSMO1,leukocytes,"FOS IP - GM12878 cells, FOS IP - K562 cells",,,
EGR1,MSMO1,colon,EGR1 IP - HCT116 cells,,,
ZNF83,MSMO1,colon,ZNF83 IP ,,,
GATA1,MSMO1,hspcs,"GATA1 IP - PBDE cells, Rep 1",,,
MXI1,MSMO1,leukocytes,"MXI1 IP - K562 cells, MXI1 IP - GM12878 cells",,,
THAP1,MSMO1,leukocytes,THAP1 IP - K562 cells,,,
ATF3,MSMO1,colon,"ATF3 IP, ATF3 IP - HCT116 cells, ATF3 IP | CAMPTO",,,
SP2,MSMO1,leukocytes,SP2 IP - K562 cells,,,
SREBF2,MSMO1,leukocytes,SREBF2 IP - GM12878 cells,,,
KLF5,MSMO1,pancreas,KLF5 IP,,,
FOXA1,MSMO1,mammarygland,"DHT | FOXA1 ChIP-Seq, FOXA1 ChIP-Seq - Rep 1, FOXA1 ChIP-Seq - Rep 2, FOXA1 IP - T47D cells",,,
DHT,MSMO1,mammarygland,"DHT | FOXA1 ChIP-Seq, DHT | MYC ChIP-Seq",,,
REST,MSMO1,leukocytes,"REST IP - GM12878 cells, Rep 1, REST IP - GM12878 cells, Rep 12 , REST IP - K562 cells, REST IP - HL60 cells, REST IP - GM12878 cells, Rep 2",,,
ELF3,MSMO1,pancreas,"ELF3 IP, ELF3 IP",,,
CREB1,MSMO1,liver,"CREB1 IP, CREB1 IP - HepG2 cells, CREB1 IP, CREB1 IP","15753290,",,
FOSL1,MSMO1,leukocytes,FOSL1 IP - K562 cells,,,
TBP,MSMO1,liver,TBP IP - HepG2 cells,,,
PAX5,MSMO1,leukocytes,"PAX5 IP - GM12891 cells, PAX5 IP - GM12878 cells, Rep 2, PAX5 IP - GM12892 cells, PAX5 IP - GM12878 cells, Rep 1",,,
FOXP2,MSMO1,cns,"FOXP2 IP - PFSK-1 cells, FOXP2 IP - SK cells",,,
SRF,MSMO1,leukocytes,"SRF IP - GM12878 cells, Rep 2",,,
CEBPB,MSMO1,liver,"CEBPB ChIP-Seq - HepG2, CEBPB IP - HepG2 cells, CEBPB IP | FORSK - HepG2 cells",,,
GATA3,MSMO1,mammarygland,"GATA3 IP - T47D cells, GATA3 IP - MCF7 cells",,,
E2F6,MSMO1,leukocytes,"E2F6 IP - K562 cells, E2F6 IP - K562 cells",,,
CTCF,MSMO1,cns,CTCF IP - NHA cells ,,,
GABPA,MSMO1,liver,"GABPA IP - HepG2 cells, GABPA IP - MCF7 cells",,,
JUND,MSMO1,stemcells,JUND IP - H1 cells,,,
E2F4,MSMO1,mammarygland,E2F4 IP | 4HT - MCF10 cells,,,
STAT3,MSMO1,mammarygland,"STAT3 IP | 4HT - MCF10 cells, 36 h",,,
EGR1,MSMO1,stemcells,EGR1 IP - H1 cells,,,
JUN,MSMO1,mammarygland,"JUN IP | DEX, JUN IP - Rep 1, JUN IP, JUN IP | CPDA, JUN IP - Rep 2",,,
DEX,MSMO1,mammarygland,JUN IP | DEX,,,
SRF,MSMO1,uterus,SRF IP - ECC1 cells,,,
SMAD3,MSMO1,stemcells,SMAD3 ChIP-Seq - ESCs,,,
FOS,MSMO1,uterus,FOS IP - HeLa cells,,,
NFYA,MSMO1,uterus,NFYA IP - HeLa cells,,,
RELA,MSMO1,leukocytes,"RELA IP | TNF - GM18951 cells, RELA IP | TNF - GM15510 cells, RELA IP | BAY082  - IVD Th1 cells, PIA, RELA IP | TNF - GM12891 cells",,,
TNF,MSMO1,leukocytes,"RELA IP | TNF - GM18951 cells, RELA IP | TNF - GM15510 cells, RELA IP | TNF - GM12891 cells",,,
JUND,MSMO1,vasculature,JUND IP,,,
SREBF1,MSMO1,liver,"SREBF1 IP | PRAV - HepG2 cells, SREBF1 IP | INS + 22RHC - HepG2 cells",,,
PRAV,MSMO1,liver,"SREBF1 IP | PRAV - HepG2 cells, SREBF2 IP | PRAV - HepG2 cells",,,
E2F1,MSMO1,mammarygland,"E2F1 IP - MCF7 cells, E2F1 IP",,,
CREB1,MSMO1,colon,CREB1 IP ,,,
GTF2B,MSMO1,uterus,GTF2B IP - Rep 2,,,
REST,MSMO1,liver,"REST IP - HepG2 cells, Rep 1, REST IP - HepG2 cells, Rep 2",,,
NFYA,MSMO1,leukocytes,"NFYA IP - GM12878 cells, NFYA IP - K562 cells",,,
TP53,MSMO1,skin,"TP53 IP, TP53 IP | NUTL3",,,
CEBPB,MSMO1,mammarygland,CEBPB IP - MCF7 cells,,,
CEBPB,MSMO1,leukocytes,"CEBPB IP - K562 cells, CEBPB ChIP-Seq - K562, CEBPB IP",,,
SRF,MSMO1,colon,SRF IP - HCT116 cells,,,
CTCF,MSMO1,hspcs,"CTCF IP - Erythroid cells, Rep 2",,,
JUN,MSMO1,colon,JUN IP ,,,
FOXM1,MSMO1,mammarygland,"FOXM1 IP | THSP - DS006, FOXM1 IP - MCF7 cells",,,
JUND,MSMO1,cns,"JUND IP - SK-N-SH cells, JUND IP - SK-N-SH cells ",,,
ARNTL,MSMO1,colon,ARNTL IP - Rep 1 ,,,
TCF12,MSMO1,cns,TCF12 IP - SK-N-SH cells,,,
YY1,MSMO1,lung,YY1 IP - A549 cells,,,
E2F4,MSMO1,leukocytes,"E2F4 IP - K562 cells, E2F4 IP - GM12878 cells",,,
EGR1,MSMO1,liver,EGR1 IP - MCF7 cells,,,
JUND,MSMO1,uterus,JUND IP - HeLa cells,,,
YY1,MSMO1,leukocytes,"YY1 IP - GM12878 cells, YY1 IP - GM12892 cells, Rep 1, YY1 IP - GM12891 cells, YY1 IP - K562 cells, Rep 1, YY1 IP - K562 cells, Rep 2",,,
SP2,MSMO1,liver,SP2 IP - HepG2 cells,,,
MAX,MSMO1,stemcells,MAX IP - H1 cells,,,
JUND,MSMO1,leukocytes,JUND IP - K562 cells,,,
ERG,MSMO1,prostate,ERG ChIP-Seq,,,
TCF12,MSMO1,uterus,TCF12 IP - ECC1 cells,,,
MXI1,MSMO1,liver,MXI1 IP - HepG2 cells,,,
ZBTB7A,MSMO1,leukocytes,ZBTB7A IP - SK-N-SH cells,,,
BAY082,MSMO1,leukocytes,"RELA IP | BAY082  - IVD Th1 cells, PIA",,,
MAFK,MSMO1,liver,"MAFK IP - HepG2 cells, Rep 2, MAFK IP - HepG2 cells, Rep 1",,,
TEAD4,MSMO1,cns,TEAD4 IP - SK-N-SH cells,,,
CREB1,MSMO1,lung,"CREB1 IP | DEX - A549 cells, CREB1 IP - A549 cells, Rep 2, CREB1 IP - A549 cells, Rep 1",,,
DEX,MSMO1,lung,CREB1 IP | DEX - A549 cells,,,
FOXA2,MSMO1,stemcells,"FOXA2 IP - ES D5, FOXA2 IP - ES D7",,,
TEAD4,MSMO1,leukocytes,TEAD4 IP - K562 cells,,,
BHLHE40,MSMO1,liver,BHLHE40 IP - HepG2 cells,,,
USF1,MSMO1,colon,USF1 IP - HCT116 cells,,,
JUN,MSMO1,liver,JUN IP - HepG2 cells,,,
FOS,MSMO1,vasculature,FOS IP - HUVEC cells,,,
YY1,MSMO1,liver,YY1 IP - HepG2 cells,,,
JUN,MSMO1,vasculature,"JUN IP, JUN IP - HUVEC cells",,,
FOSL1,MSMO1,mammarygland,FOSL1 IP,,,
FOXA2,MSMO1,liver,FOXA2 IP - HepG2 cells,,,
CEBPB,MSMO1,colon,"CEBPB IP - HCT116 cells, CEBPB IP | 125DVD3",,,
FOXM1,MSMO1,leukocytes,FOXM1 IP - GM12878 cells,,,
HMGN3,MSMO1,leukocytes,HMGN3 IP - K562 cells,,,
REST,MSMO1,lung,REST IP - A549 cells,,,
TFAP4,MSMO1,leukocytes,"TFAP4 IP - Rep 1, TFAP4 IP - Rep 2",,,
IRF3,MSMO1,uterus,IRF3 IP - HeLa cells,,,
AR,MSMO1,prostate,AR Q640X OE + FOXA1 OE | FOXA1 ChIP-Seq,,,
GMEB2,MSMO1,colon,GMEB2 IP ,,,
CTCF,MSMO1,mammarygland,"CTCF IP - MCF-7 cells, Rep 1 , CTCF IP - MCF-7 cells Rep 2 ",,,
FOSL2,MSMO1,cns,FOSL2 IP - SK-N-SH cells,,,
GATA6,MSMO1,stomach,GATA6 IP - YCC3,,,
ELF1,MSMO1,mammarygland,ELF1 IP - MCF7 cells,,,
REST,MSMO1,pancreas,"REST IP - Panc1 cells, Rep 3",,,
TCF12,MSMO1,leukocytes,TCF12 IP - GM12878 cells,,,
MYBL2,MSMO1,liver,MYBL2 IP - HepG2 cells,,,
RUNX1,MSMO1,hspcs,RUNX1,,,
MXI1,MSMO1,cns,MXI1 IP - SK-N-SH cells ,,,
ZEB1,MSMO1,leukocytes,ZEB1 IP - GM12878 cells,,,
ROSI,MSMO1,adiposetissue,"ROSI (BrAT) | KLF11 ChIP-Seq, Rep 1, ROSI (BrAT) | KLF11 ChIP-Seq, Rep 2",,,
PBX3,MSMO1,cns,PBX3 IP - SK-N-SH cells,,,
CREB1,MSMO1,leukocytes,"CREB1 IP - GM12878 cells, CREB1 IP, CREB1 IP - K562 cells",,,
MXI1,MSMO1,uterus,MXI1 IP - HeLa cells,,,
TCF7L2,MSMO1,mammarygland,TCF7L2 ChIP-Seq,,,
STAT3,MSMO1,uterus,STAT3 IP - HeLa cells,,,
SP1,MSMO1,colon,SP1 IP - HCT116 cells,,,
CTCF,MSMO1,vasculature,"CTCF IP - HPAF cells, Rep 1 ",,,
BHLHE40,MSMO1,leukocytes,"BHLHE40 IP - GM12878 cells, BHLHE40 IP - K562 cells",,,
ZNF143,MSMO1,leukocytes,ZNF143 IP - GM12878 cells,,,
MYC,MSMO1,mammarygland,"DHT | MYC ChIP-Seq, MYC IP - MCF-10A cells",,,
USF1,MSMO1,liver,USF1 IP - HepG2 cells,,,
HOXA6,MSMO1,colon,HOXA6 IP ,,,
TBP,MSMO1,stemcells,TBP IP - H1 cells,,,
YY1,MSMO1,uterus,YY1 IP - ECC1 cells,,,
IRF4,MSMO1,leukocytes,IRF4 IP,,,
CREB1,MSMO1,uterus,CREB1 IP - ECC1 cells,,,
ELF1,MSMO1,colon,ELF1 IP - HCT116 cells,,,
GTF2B,MSMO1,leukocytes,GTF2B IP - K562 cells,,,
USF1,MSMO1,leukocytes,USF1 IP - K562 cells,,,
EGR1,MSMO1,uterus,EGR1 IP - ECC1 cells,,,
TEAD1,MSMO1,cns,TEAD1 IP - Rep 1,,,
MYC,MSMO1,liver,MYC IP,,,
IRF1,MSMO1,colon,IRF1 IP ,,,
ERG,MSMO1,leukocytes,ERG IP - Rep 1,,,
PBX3,MSMO1,lung,PBX3 IP - A549 cells,,,
TCF21,MSMO1,vasculature,TCF21 IP,,,
KLF5,MSMO1,stomach,KLF5 IP - KATOIII,,,
FOSL1,MSMO1,colon,FOSL1 IP - HCT116 cells,,,
GLI2,MSMO1,colon,GLI2 IP ,,,
TEAD4,MSMO1,uterus,TEAD4 IP - ECC1 cells,,,
NFYA,MSMO1,colon,NFYA IP ,,,
MAX,MSMO1,vasculature,MAX IP - HUVEC cells,,,
YY1,MSMO1,stemcells,YY1 IP - H1 cells,,,
FORSK,MSMO1,liver,CEBPB IP | FORSK - HepG2 cells,,,
MAZ,MSMO1,leukocytes,MAZ IP - K562 cells,,,
PIAS1,MSMO1,prostate,"PIAS1 + R1881 | FOXA1 ChIP-Seq - Rep 2, PIAS1 + R1881 | FOXA1 ChIP-Seq - Rep 1",,,
MAFF,MSMO1,liver,MAFF IP - HepG2 cells,,,
BACH1,MSMO1,stemcells,BACH1 IP - H1 cells,,,
IRF3,MSMO1,leukocytes,IRF3 IP - GM12878 cells,,,
GATA4,MSMO1,stomach,GATA4 IP - AGS,,,
TP53,MSMO1,bone,TP53 IP,,,
HOXA4,MSMO1,colon,HOXA4 IP ,,,
FOSL2,MSMO1,lung,FOSL2 IP - A549 cells,,,
FOSL2,MSMO1,liver,FOSL2 IP - HepG2 cells,,,
BCL3,MSMO1,leukocytes,BCL3 IP - GM12878 cells,,,
RUNX1T1,MSMO1,leukocytes,RUNX1T1 IP,,,
E2F6,MSMO1,stemcells,E2F6 IP - H1 cells,,,
GATA2,MSMO1,hspcs,GATA2 IP,,,
FOXM1,MSMO1,uterus,FOXM1 IP - ECC1 cells,,,
ZNF263,MSMO1,kidney,ZNF263 IP - HEK293 cells,,,
STAT1,MSMO1,uterus,"STAT1 IP | IFNG - HeLa cells, 30 min",,,
IFNG,MSMO1,uterus,"STAT1 IP | IFNG - HeLa cells, 30 min",,,
RELA,MSMO1,colon,RELA IP ,,,
REST,MSMO1,uterus,REST IP - ECC1 cells,,,
22RHC; INS,MSMO1,liver,SREBF1 IP | INS + 22RHC - HepG2 cells,,,
GATA3,MSMO1,cns,GATA3 IP - SK-N-SH cells,,,
PBX3,MSMO1,leukocytes,PBX3 IP - GM12878 cells,,,
MYC,MSMO1,uterus,MYC IP - HeLa cells,,,
YY1,MSMO1,colon,YY1 IP - HCT116 cells,,,
BACH1,MSMO1,leukocytes,BACH1 IP - K562 cells,,,
E2F8,MSMO1,colon,E2F8 IP ,,,
NANOG,MSMO1,stemcells,NANOG IP - Rep 8 ,,,
MAX,MSMO1,cns,MAX IP - SK-N-SH cells,,,
CPDA,MSMO1,mammarygland,JUN IP | CPDA,,,
FOXA2,MSMO1,embryonictissue,FOXA2 IP - Rep 2,,,
MAFK,MSMO1,stemcells,MAFK IP - H1 cells,,,
E2F3,MSMO1,colon,E2F3 IP ,,,
HEY1,MSMO1,liver,HEY1 IP - HepG2 cells,,,
TEAD4,MSMO1,colon,TEAD4 IP - HCT116 cells,,,
TBP,MSMO1,uterus,TBP IP - HeLa cells,,,
E2F4,MSMO1,uterus,E2F4 IP - HeLa cells,,,
TAL1,MSMO1,colon,TAL1 IP ,,,
SRF,MSMO1,mammarygland,SRF IP - MCF7 cells,,,
ZEB1,MSMO1,liver,ZEB1 IP - HepG2 cells,,,
SP2,MSMO1,stemcells,SP2 IP - H1 cells,,,
ETV5,MSMO1,colon,ETV5 IP ,,,
MAX,MSMO1,colon,MAX IP - HCT116 cells,,,
ATF2,MSMO1,colon,ATF2 IP ,,,
NFYC,MSMO1,colon,NFYC IP ,,,
125DVD3,MSMO1,colon,CEBPB IP | 125DVD3,,,
TP53,MSMO1,mammarygland,TP53 IP,,,
TCF3,MSMO1,leukocytes,TCF3 IP - GM12878 cells,,,
GATA2,MSMO1,vasculature,GATA2 IP - HUVEC cells,,,
MAFF,MSMO1,leukocytes,MAFF IP - K562 cells,,,
SREBF2,MSMO1,liver,SREBF2 IP | PRAV - HepG2 cells,,,
YY1,MVD,leukocytes,"YY1 IP - K562 cells, Rep 1, YY1 IP - GM12878 cells, YY1 IP - GM12891 cells, YY1 IP - GM12892 cells, Rep 1, YY1 IP - K562 cells, YY1 IP - K562 cells, Rep 2",,,
CTCF,MVD,leukocytes,"CTCF IP - GM12875 cells, Rep 1 , CTCF IP - GM12892 cells, Rep 2 , CTCF IP - GM2588 cells, Rep 1 , CTCF IP - GM12873 cells, Rep 3 , CTCF IP - F36P cells, Rep 15 , CTCF IP - F36P cells, Rep 10 , CTCF IP - GM18486 cells, Rep 3 , CTCF IP - K562 cells, Rep 13 , CTCF IP - GM11994 cells, Rep 2, CTCF IP - GM11994 cells, Rep 1, CTCF IP - K562 cells, Rep 11 , CTCF IP - GM2255 cells, Rep 2 , CTCF IP - K562 cells , CTCF IP - GM12890 cells, Rep 1 , CTCF IP - MS1 cells, Rep 3 , CTCF IP - KU812 cells, Rep 13 , CTCF IP - GM2630 cells, Rep 2 , CTCF IP - KU812 cells, Rep 17 , CTCF IP - GM19240 cells, Rep 2 , CTCF IP - GM12878 cells, Rep 2 , CTCF IP - KU812 cells, Rep 9 , CTCF IP - GM19238 cells, Rep 2 , CTCF IP - GM19238 cells, Rep 1 , CTCF IP - GM12873 cells, Rep 1 , CTCF IP - GM2610 cells, Rep 2 , CTCF IP - F36P cells, Rep 11 , CTCF IP - F36P cells, Rep 3 , CTCF IP - GM06990 cells, Rep 1 , CTCF IP - GM2255 cells, Rep 3 , CTCF IP - K562 cells, Rep 1 , CTCF IP - K562 cells, Rep 14 , CTCF IP - NB4 cells , CTCF IP - GM2630 cells, Rep 1 , CTCF IP - GM19240 cells, Rep 1 , CTCF IP - HeLa cells, Rep 2 , CTCF IP - MS1 cells, Rep 2 , CTCF IP -  CD20+ cells , CTCF IP - GM19099 cells, Rep 2 , CTCF IP - K562 cells, Rep 16 , CTCF IP - F36P cells, Rep 7 , CTCF IP - GM19239 cells, Rep 2 , CTCF IP - GM12891 cells, Rep 2 , CTCF IP - GM12878 cells, Rep 1 , CTCF IP - KU812 cells, Rep 5 , CTCF IP - GM19239 cells, Rep 1 , CTCF IP - K562 cells, Rep 15 , CTCF IP - F36P cells, Rep 19 , CTCF IP - GM2255 cells, Rep 1 , CTCF IP - F36P cells, Rep 14 , CTCF IP - GM12874 cells, Rep 1 , CTCF IP - CD14+ cells , CTCF IP - GM12891 cells, Rep 1 , CTCF IP - MS1 cells, Rep 4 , CTCF IP - GM2588 cells, Rep 2 , CTCF IP - K562 cells, Rep 2 , CTCF IP - GM18505 cells, Rep 2 , CTCF IP - GM18526 cells, Rep 2 , CTCF ChIP-Seq - GM12878, CTCF IP - GM12871 cells , CTCF IP - GM18486 cells, Rep 1 , CTCF IP - GM12892 cells, Rep 1 , CTCF IP - F36P cells, Rep 2 , CTCF IP - GM2610 cells, Rep 1 , CTCF IP - K562 cells, Rep 12 , CTCF IP, CTCF IP - GM2610 cells, Rep 3 , CTCF IP - GM2588 cells, Rep 3 , CTCF IP -  DND , CTCF IP - K562 cells, CTCF IP - GM2630 cells, Rep 3 , CTCF IP - GM12890 cells, Rep 3 , CTCF IP - MS1 cells, Rep 1 , CTCF IP - K562 cells",,,
TEAD4,MVD,stemcells,TEAD4 IP - H1 cells,,,
CTCF,MVD,cns,"CTCF IP - SK-N-SH cells, Rep 2 , CTCF IP - HCPEpiC cells, Rep 2 , CTCF IP - HCPEpiC cells, Rep 1 , CTCF IP - SK-N-SH cells , CTCF IP - NHA cells , CTCF IP - SK-N-SH cells, Rep 1 , CTCF IP - BE(2)-C cells, Rep 2 , CTCF IP - SK cells, CTCF IP - spinal cord astrocyte cells, Rep 1 , CTCF IP - cerebellar astrocyte cells, Rep 2 , CTCF IP - BE(2)-C cells, Rep 1 , CTCF IP - spinal cord astrocyte cells, Rep 2 ",,,
MEF2A,MVD,leukocytes,MEF2A IP - GM12878 cells,,,
CEBPB,MVD,stemcells,"CEBPB IP, CEBPB IP, CEBPB IP",,,
CTCF,MVD,lung,"CTCF IP | DEX - A549 cells , CTCF IP - SAEC cells, Rep 2 , CTCF IP - A549 cells , CTCF IP - NHLF cells , CTCF IP - HPF cells, Rep 1 , CTCF IP - A549 cells, Rep 1 , CTCF IP - SAEC cells, Rep 1 , CTCF IP | DEX - A549 cells, CTCF IP - HPF cells, Rep 2 , CTCF IP - AG04450 cells, Rep 1 , CTCF IP - A549 cells, Rep 2 , CTCF IP - A549 cells, CTCF ChIP-Seq - A549, CTCF IP - IMR cells",,,
DEX,MVD,lung,"CTCF IP | DEX - A549 cells , CREB1 IP | DEX - A549 cells, USF1 IP | DEX - A549 cells, CTCF IP | DEX - A549 cells",,,
FOXA1,MVD,mammarygland,"DEX | FOXA1 ChIP-Seq - Rep 1, 17BE2 | FOXA1 ChIP-Seq, DEX | FOXA1 ChIP-Seq - Rep 1, FOXA1 ChIP-Seq - Rep 1, DHT | FOXA1 ChIP-Seq, FOXA1 ChIP-Seq - Rep 2, 17BE2 | FOXA1 ChIP-Seq - Rep 2, DEX | FOXA1 ChIP-Seq - Rep 2, FOXA1 IP - T47D cells",,,
DEX,MVD,mammarygland,"DEX | FOXA1 ChIP-Seq - Rep 1, DEX | FOXA1 ChIP-Seq - Rep 1, DEX | FOXA1 ChIP-Seq - Rep 2",,,
STAT1,MVD,leukocytes,"STAT1 IP - Rep 2, STAT1 IP - Rep 3, STAT1 IP - Rep 5, STAT1 IP - Rep 1, STAT1 IP - Rep 4",,,
IFNG,MVD,leukocytes,"STAT1 IP - Rep 2, STAT1 IP - Rep 3, IRF1 IP | IFNG - K562 cells, 6 h, IRF1 IP | IFNG - K562 cells, 30 min, MYC IP | IFNG - K562 cells, 6 h, STAT1 IP - Rep 5, STAT1 IP - Rep 1, STAT1 IP - Rep 4, MYC IP | IFNG - K562 cells, 30 min",,,
MYB,MVD,leukocytes,"MYB IP - Jurkat, Rep 2, MYB IP - Jurkat, Rep 3, MYB IP - Jurkat, Rep 1, MYB IP - MOLT3, MYB IP - Jurkat, Rep 5, MYB IP - Jurkat, Rep 4",,,
GATA2,MVD,hspcs,GATA2 IP,,,
USF1,MVD,cns,"USF1 IP | ATRA - SK-N-SH cells, USF1 IP - SK-N-SH cells",,,
ATRA,MVD,cns,"USF1 IP | ATRA - SK-N-SH cells, YY1 IP | ATRA - SK-N-SH cells",,,
IRF3,MVD,leukocytes,IRF3 IP - GM12878 cells,,,
E2F4,MVD,mammarygland,E2F4 IP | 4HT - MCF10 cells,,,
4HT,MVD,mammarygland,E2F4 IP | 4HT - MCF10 cells,,,
ZBTB7A,MVD,leukocytes,ZBTB7A IP - SK-N-SH cells,,,
CTCF,MVD,stemcells,"CTCF IP - Rep 1 , CTCF IP - Rep 7 , CTCF IP - H1 cells , CTCF IP - Rep 4 , CTCF IP - H1 cells, CTCF IP - Rep 6 , CTCF IP - Rep 5 ",,,
TEAD4,MVD,leukocytes,TEAD4 IP - K562 cells,,,
USF2,MVD,leukocytes,USF2 IP - GM12878 cells,,,
YY1,MVD,stemcells,YY1 IP - H1 cells,,,
USF1,MVD,stemcells,USF1 IP - H1 cells,,,
ASCL1,MVD,skin,ASCL1 IP - NHDF,,,
ELF1,MVD,leukocytes,"ELF1 IP - SK-N-SH cells, ELF1 IP - SK-N-SH cells",,,
17BE2,MVD,mammarygland,"17BE2 | FOXA1 ChIP-Seq, 17BE2 | FOXA1 ChIP-Seq - Rep 2",,,
ARNTL,MVD,colon,ARNTL IP - Rep 1 ,,,
RBPJ,MVD,leukocytes,"RBPJ IP | COMPE, RBPJ IP | COMPE - wash",,,
COMPE,MVD,leukocytes,"RBPJ IP | COMPE, RBPJ IP | COMPE - wash",,,
CTCF,MVD,colon,"CTCF IP - HCT116 cells, CTCF IP - Caco , CTCF IP - Rep 2 , CTCF IP - HCT116 cells, Rep 2 , CTCF IP - Caco-2 cells, Rep 1 , CTCF IP - HCT116 cells, Rep 1 ",,,
RELA,MVD,adiposetissue,"RELA IP, RELA IP, RELA IP, RELA IP",,,
CTCF,MVD,placenta,"CTCF IP - HVMF cells, Rep 1 , CTCF IP - HVMF cells, Rep 2 ",,,
CTCF,MVD,mammarygland,"CTCF IP - HMEC cells , CTCF IP - HMEC cells, Rep 1 , CTCF IP - MCF-7 cells, Rep 1 , CTCF IP - HMF cells, Rep 1 , CTCF IP - MCF-7 cells Rep 2 , CTCF IP - MCF7 cells, CTCF IP - HMF cells, Rep 2 ",,,
KLF11,MVD,adiposetissue,"ROSI (BrAT) | KLF11 ChIP-Seq, Rep 2, KLF11 ChIP-Seq, Rep 1, KLF11 ChIP-Seq, Rep 2, ROSI (BrAT) | KLF11 ChIP-Seq, Rep 1",,,
ROSI,MVD,adiposetissue,"ROSI (BrAT) | KLF11 ChIP-Seq, Rep 2, ROSI (BrAT) | KLF11 ChIP-Seq, Rep 1",,,
CREB1,MVD,prostate,"CREB1 ChIP-Seq - Rep 1, FOXA1 siRNA | CREB1 ChIP-Seq - Rep 1, CREB1 ChIP-Seq - LNCaP, CREB1 ChIP-Seq - LNCaP-abl, CREB1 ChIP-Seq - Rep 2, FOXA1 siRNA | CREB1 ChIP-Seq - Rep 2",,,
RELA,MVD,colon,RELA IP ,,,
SPI1,MVD,leukocytes,"ROSI | SPI1 ChIP-Seq, SPI1 IP, SPI1 IP, SPI1 IP, SPI1 IP, SPI1 IP - HL cells, SPI1 IP - K562 cells, SPI1 IP, SPI1 IP | RUNX1 KD, SPI1 IP - HL-60 cells, Rep 4 , SPI1 IP, SPI1 IP - GM12891 cells, SPI1 IP, SPI1 IP, SPI1 IP",,,
ROSI,MVD,leukocytes,ROSI | SPI1 ChIP-Seq,,,
FOXA1,MVD,prostate,"CON KD + R1881 | FOXA1 ChIP-Seq, WT AR OE + FOXA1 OE | FOXA1 ChIP-Seq - high FOXA1, AR C562S OE + FOXA1 OE | FOXA1 ChIP-Seq, CON KD  | FOXA1 ChIP-Seq, FOXA1 siRNA | CREB1 ChIP-Seq - Rep 1, WT AR OE + FOXA1 OE | FOXA1 ChIP-Seq, FOXA1 siRNA | CREB1 ChIP-Seq - Rep 2, GATA2 KD + R1881 | FOXA1 ChIP-Seq",,,
R1881,MVD,prostate,"CON KD + R1881 | FOXA1 ChIP-Seq, GATA2 KD + R1881 | FOXA1 ChIP-Seq",,,
CTCF,MVD,sensory,"CTCF IP - WERI-Rb-1- cells, Rep 1 , CTCF IP - HRPEpiC cells, Rep 1 , CTCF IP - WERI , CTCF IP - HRPEpiC cells, Rep 2 ",,,
EGR1,MVD,leukocytes,EGR1 IP - K562 cells,,,
USF1,MVD,leukocytes,"USF1 IP - GM12878 cells, USF1 IP - K562 cells",,,
FOXM1,MVD,uterus,FOXM1 IP - ECC1 cells,,,
GABPA,MVD,leukocytes,"GABPA IP - Jurkat, Rep 2, GABPA IP, GABPA IP - Jurkat, Rep 1",,,
TCF12,MVD,lung,TCF12 IP - A549 cells,,,
CREB1,MVD,liver,"CREB1 IP, CREB1 IP, CREB1 IP - HepG2 cells, CREB1 IP","15753290,",,
MAX,MVD,uterus,"MAX IP - HeLa cells, Rep 2, MAX IP - HeLa cells, Rep 1, MAX IP - ECC1 cells",,,
SP1,MVD,liver,SP1 IP - HepG2 cells,,,
CTCF,MVD,hspcs,"CTCF IP - Erythroid cells, Rep 1, CTCF IP - HEL 92.1.7 cells, Rep 14 , CTCF IP - HEL 92.1.7 cells, Rep 8 , CTCF IP - HEL 92.1.7 cells, Rep 5 ",,,
ELF1,MVD,lung,ELF1 IP - A549 cells,,,
JUND,MVD,leukocytes,JUND IP - K562 cells,,,
SREBF2,MVD,leukocytes,SREBF2 IP - GM12878 cells,,,
FOXM1,MVD,mammarygland,"FOXM1 IP | THSP - DS006, FOXM1 IP - MCF7 cells",,,
MAX,MVD,colon,MAX IP - HCT116 cells,,,
FOS,MVD,uterus,FOS IP - HeLa cells,,,
E2F6,MVD,lung,E2F6 IP - A549 cells,,,
MXI1,MVD,cns,MXI1 IP - SK-N-SH cells ,,,
GATA4,MVD,stomach,GATA4 IP - AGS,,,
TBP,MVD,leukocytes,"TBP IP - GM12878 cells, TBP IP - K562 cells",,,
GATA2,MVD,vasculature,GATA2 IP - HUVEC cells,,,
MXI1,MVD,uterus,MXI1 IP - HeLa cells,,,
USF1,MVD,lung,"USF1 IP - A549 cells, Rep 1, USF1 IP | DEX - A549 cells, USF1 IP - A549 cells, Rep 2",,,
SP1,MVD,stemcells,"SP1 IP - H1 cells, SP1 IP - Rep 2 ",,,
BATF,MVD,leukocytes,BATF IP - GM12878 cells,,,
ZNF581,MVD,colon,ZNF581 IP ,,,
MAX,MVD,leukocytes,"MAX IP - K562 cells, MAX IP - K562 cells, Rep 1, MAX IP - NB4 cells, MAX IP - K562 cells, Rep 2, MAX IP - GM12878 cells",,,
CTCF,MVD,liver,"CTCF IP - HepG2 cells, Rep 1 , CTCF IP - HepG2 cells, Rep 2 , CTCF IP, CTCF IP - SK-N-SH cells, CTCF IP - HepG2 cells ",,,
SP2,MVD,liver,SP2 IP - HepG2 cells,,,
ZBTB17,MVD,bone,"ZBTB17 IP, ZBTB17 IP",,,
ATF3,MVD,colon,"ATF3 IP - HCT116 cells, ATF3 IP | CAMPTO, ATF3 IP",,,
JUND,MVD,liver,"JUND IP - HepG2 cells, JUND IP - HepG2 cells",,,
ZNF143,MVD,stemcells,ZNF143 IP - H1 cells,,,
MAZ,MVD,liver,MAZ IP - HepG2 cells,,,
ELF4,MVD,colon,ELF4 IP ,,,
USF2,MVD,liver,USF2 IP - HepG2 cells,,,
ETS1,MVD,lung,ETS1 IP - A549 cells,,,
TP53,MVD,lung,"TP53 IP - propapoptic, Rep 1",,,
MXI1,MVD,leukocytes,"MXI1 IP - GM12878 cells, MXI1 IP - K562 cells",,,
MYC,MVD,leukocytes,"MYC IP - K562 cells, Rep 2, MYC IP - NB4 cells, MYC IP - K562 cells, Rep 1, MYC IP | IFNG - K562 cells, 6 h, MYC IP | IFNG - K562 cells, 30 min, MYC IP | IFNA1 - K562 cells, 6 h",,,
SP2,MVD,stemcells,SP2 IP - H1 cells,,,
FOXA1,MVD,liver,"FOXA1 IP - HepG2 cells, Rep 1, FOXA1 IP - HepG2 cells, Rep 2",,,
AR,MVD,prostate,"WT AR OE + FOXA1 OE | FOXA1 ChIP-Seq - high FOXA1, AR C562S OE + FOXA1 OE | FOXA1 ChIP-Seq, WT AR OE + FOXA1 OE | FOXA1 ChIP-Seq",,,
SRF,MVD,stemcells,"SRF IP - Rep 7 , SRF IP - Rep 4 , SRF IP - Rep 1 ",,,
CTCF,MVD,heart,"CTCF IP - myocytes cells, Rep 1 , CTCF IP - myocytes cells, Rep 2 , CTCF IP - HCF cells ",,,
CREB1,MVD,lung,"CREB1 IP - A549 cells, Rep 1, CREB1 IP | DEX - A549 cells, CREB1 IP - A549 cells, Rep 2",,,
YY1,MVD,lung,YY1 IP - A549 cells,,,
JUND,MVD,colon,JUND IP - HCT116 cells,,,
CTCF,MVD,skin,"CTCF IP - NHEK cells , CTCF IP - BJ cells, Rep 1 , CTCF IP - NHDF cells , CTCF IP - HFFC cells, Rep 1 , CTCF IP - GM12878 cells, Rep 2 , CTCF IP - AG04449 cells, Rep 1 , CTCF IP - HFFC cells, Rep 2 , CTCF IP - AG04449 cells, Rep 2 , CTCF IP - NHEK cells, Rep 2 ",,,
HEY1,MVD,liver,HEY1 IP - HepG2 cells,,,
GTF2B,MVD,uterus,GTF2B IP - Rep 2,,,
TP53,MVD,bone,"TP53 IP | TP53EE/RR OE, TP53 IP | TP53RR OE",,,
E2F6,MVD,leukocytes,"E2F6 IP - K562 cells, E2F6 IP - K562 cells",,,
CTCF,MVD,kidney,"CTCF IP - HRE cells, Rep 1 , CTCF IP - HRE cells, Rep 2 , CTCF IP - RPTEC cells, Rep 1 , CTCF IP - HEK293 cells, Rep 2 , CTCF IP - HEK293 cells, Rep 1 ",,,
FOSL1,MVD,colon,FOSL1 IP - HCT116 cells,,,
E2F4,MVD,leukocytes,E2F4 IP - K562 cells,,,
STAT3,MVD,leukocytes,"STAT3 IP - SU-DHL-6, STAT3 IP - OCI-LY19, STAT3 IP - SU-DHL-4, STAT3 IP - OCI-LY10, STAT3 IP - SU-DHL-2",,,
ZEB1,MVD,leukocytes,ZEB1 IP - GM12878 cells,,,
NFYA,MVD,leukocytes,"NFYA IP - GM12878 cells, NFYA IP - K562 cells",,,
HOXA4,MVD,colon,HOXA4 IP ,,,
CTCF,MVD,vasculature,"CTCF IP - HUVEC cells , CTCF IP - HBMEC cells, Rep 2 , CTCF IP - HBMEC cells, Rep 1 , CTCF IP - HUVEC cells, Rep 1 , CTCF IP - HPAF cells, Rep 2 , CTCF IP - HPAF cells, Rep 1 , CTCF IP - HUVEC cells, Rep 2 ",,,
MAX,MVD,cns,MAX IP - SK-N-SH cells,,,
E2F6,MVD,stemcells,E2F6 IP - H1 cells,,,
SREBF1,MVD,liver,"SREBF1 IP | PRAV - HepG2 cells, SREBF1 IP | INS + 22RHC - HepG2 cells",,,
PRAV,MVD,liver,"SREBF1 IP | PRAV - HepG2 cells, SREBF2 IP | PRAV - HepG2 cells",,,
JUN,MVD,mammarygland,"JUN IP - Rep 2, JUN IP - Rep 1",,,
TAL1,MVD,colon,TAL1 IP ,,,
USF1,MVD,liver,USF1 IP - HepG2 cells,,,
ZNF84,MVD,colon,ZNF84 IP ,,,
TCF7L2,MVD,mammarygland,TCF7L2 ChIP-Seq,,,
YY1,MVD,cns,"YY1 IP - SK-N-SH cells, YY1 IP | ATRA - SK-N-SH cells",,,
FOXP2,MVD,cns,FOXP2 IP - PFSK-1 cells,,,
CTCF,MVD,megakaryocytelineage,"CTCF IP - MEG-01 cells, Rep 8 , CTCF IP - MEG-01 cells, Rep 6 , CTCF IP - MEG-01 cells, Rep 2 , CTCF IP - MEG-01 cells, Rep 10 , CTCF IP - MEG-01 cells, Rep 4 ",,,
GABPA,MVD,lung,GABPA IP - A549 cells,,,
GATA3,MVD,mammarygland,GATA3 IP - MCF7 cells,,,
USF1,MVD,uterus,USF1 IP - ECC1 cells,,,
GATA3,MVD,cns,GATA3 IP - SK-N-SH cells,,,
TBP,MVD,liver,TBP IP - HepG2 cells,,,
JUNB,MVD,colon,JUNB IP ,,,
CTCF,MVD,uterus,"CTCF IP - HeLa cells , CTCF IP - HeLa cells, Rep 1 ",,,
PAX5,MVD,leukocytes,"PAX5 IP - GM12878 cells, Rep 2, PAX5 IP - GM12892 cells",,,
USF1,MVD,colon,USF1 IP - HCT116 cells,,,
REST,MVD,liver,"REST IP - HepG2 cells, Rep 2, REST IP - HepG2 cells, Rep 1",,,
IRF1,MVD,leukocytes,"IRF1 IP | IFNG - K562 cells, 6 h, IRF1 IP | IFNG - K562 cells, 30 min, IRF1 IP | IFNA1-13 - K562 cells, 6 h",,,
NFYA,MVD,uterus,NFYA IP - HeLa cells,,,
IRF1,MVD,colon,IRF1 IP ,,,
BHLHE40,MVD,liver,BHLHE40 IP - HepG2 cells,,,
FOXA2,MVD,lung,FOXA2 IP - A549 cells,,,
THAP1,MVD,leukocytes,THAP1 IP - K562 cells,,,
FOS,MVD,leukocytes,"FOS IP - K562 cells, FOS IP - GM12878 cells",,,
MAX,MVD,liver,"MAX IP - HepG2 cells, MAX IP - MCF7 cells, MAX IP - HepG2 cells",,,
ELF1,MVD,cns,ELF1 IP - SK-N-SH cells,,,
E2F1,MVD,uterus,"E2F1 IP - HeLa cells, Rep 2, E2F1 IP - HeLa cells, Rep 1",,,
SP1,MVD,leukocytes,"SP1 IP - GM12878 cells, SP1 IP - K562 cells",,,
ATF3,MVD,leukocytes,ATF3 IP - K562 cells,,,
SRF,MVD,leukocytes,"SRF IP - SK-N-SH cells, SRF IP - GM12878 cells, Rep 2",,,
RUNX1,MVD,hspcs,RUNX1,,,
CREB1,MVD,stemcells,CREB1 IP - H1 cells,,,
SRF,MVD,uterus,SRF IP - ECC1 cells,,,
RUNX1,MVD,leukocytes,"SPI1 IP | RUNX1 KD, RUNX1 IP",,,
SATB1,MVD,liver,SATB1 IP,,,
GATA1,MVD,hspcs,"GATA1 IP - PBDE cells, Rep 1",,,
MYC,MVD,liver,MYC IP,,,
CTCF,MVD,adiposetissue,CTCF ChIP-Seq - d 9,,,
GLI2,MVD,colon,GLI2 IP ,,,
CUX1,MVD,leukocytes,CUX1 IP - K562 cells,,,
ELF1,MVD,colon,ELF1 IP - HCT116 cells,,,
CEBPB,MVD,uterus,CEBPB ChIP-Seq - HeLaS3,,,
FOSL2,MVD,liver,FOSL2 IP - HepG2 cells,,,
CREB1,MVD,colon,CREB1 IP ,,,
FOXP1,MVD,colon,FOXP1 IP ,,,
ETS1,MVD,leukocytes,"ETS1 IP, ETS1 IP - K562 cells",,,
EBF1,MVD,leukocytes,"EBF1 IP - GM12878 cells, EBF1 IP - GM12878 cells",,,
DHT,MVD,mammarygland,"DHT | FOXA1 ChIP-Seq, DHT | MYC ChIP-Seq",,,
MXI1,MVD,lung,MXI1 IP - IMR cells,,,
REST,MVD,stemcells,"REST IP - H1 cells, Rep 1",,,
NANOG,MVD,stemcells,"NANOG IP - H1 cells, NANOG IP - Rep 8 ",,,
BHLHE40,MVD,leukocytes,"BHLHE40 IP - GM12878 cells, BHLHE40 IP - K562 cells",,,
REST,MVD,cns,"REST IP - U87 cells, REST IP - PFSK-N-SH cells1 cells, Rep 1, REST IP - SK cells",,,
KLF6,MVD,colon,KLF6 IP ,,,
ZNF384,MVD,leukocytes,ZNF384 IP - GM12878 cells,,,
ZNF143,MVD,leukocytes,ZNF143 IP - GM12878 cells,,,
GABPA,MVD,stemcells,GABPA IP - H1 cells,,,
REST,MVD,lung,REST IP - A549 cells,,,
MAX,MVD,lung,"MAX IP - A549 cells, MAX IP - A549 cells",,,
CREB1,MVD,leukocytes,"CREB1 IP - K562 cells, CREB1 IP - GM12878 cells, CREB1 IP",,,
ARNTL,MVD,bone,ARNTL IP,,,
RELA,MVD,leukocytes,"RELA IP | BAY082  - IVD Th1 cells, PIA",,,
BAY082,MVD,leukocytes,"RELA IP | BAY082  - IVD Th1 cells, PIA",,,
CTCF,MVD,bone,CTCF IP - Osteoblasts ,,,
SIX5,MVD,lung,SIX5 IP | DEX - A549 cells,,,
SMARCC1,MVD,uterus,SMARCC1 IP - HeLa cells,,,
ELF1,MVD,mammarygland,ELF1 IP - MCF7 cells,,,
TCF12,MVD,uterus,TCF12 IP - ECC1 cells,,,
HOXA6,MVD,colon,HOXA6 IP ,,,
YY1,MVD,liver,YY1 IP - HepG2 cells,,,
MAFK,MVD,uterus,MAFK IP - HeLa cells,,,
HMGN3,MVD,leukocytes,HMGN3 IP - K562 cells,,,
GMEB2,MVD,colon,GMEB2 IP ,,,
SRF,MVD,colon,SRF IP - HCT116 cells,,,
MYC,MVD,mammarygland,"MYC IP - MCF-10A cells, DHT | MYC ChIP-Seq",,,
TBP,MVD,stemcells,TBP IP - H1 cells,,,
REST,MVD,pancreas,"REST IP - Panc1 cells, Rep 3",,,
MAZ,MVD,leukocytes,"MAZ IP - K562 cells, MAZ IP - GM12878 cells",,,
E2F1,MVD,mammarygland,"E2F1 IP - MCF7 cells, E2F1 IP",,,
MYC,MVD,uterus,MYC IP - HeLa cells,,,
JUN,MVD,leukocytes,"JUN IP - K562 cells, Rep 1, JUN IP - K562 cells, Rep 2",,,
E2F1,MVD,prostate,"HES6 OE | E2F1 ChIP-Seq - Rep 1, E2F1 ChIP-Seq - Rep 1",,,
HES6,MVD,prostate,HES6 OE | E2F1 ChIP-Seq - Rep 1,,,
ZEB1,MVD,liver,ZEB1 IP - HepG2 cells,,,
ZNF263,MVD,kidney,ZNF263 IP - HEK293 cells,,,
MAZ,MVD,lung,MAZ IP - IMR cells,,,
ERG,MVD,leukocytes,ERG IP - Rep 1,,,
SP1,MVD,colon,SP1 IP - HCT116 cells,,,
NFYB,MVD,leukocytes,"NFYB IP - K562 cells, NFYB IP - GM12878 cells",,,
YY1,MVD,colon,YY1 IP - HCT116 cells,,,
NFYA,MVD,colon,NFYA IP ,,,
REST,MVD,mammarygland,REST IP - MCF7 cells,,,
CEBPB,MVD,colon,CEBPB IP - HCT116 cells,,,
SREBF2,MVD,liver,SREBF2 IP | PRAV - HepG2 cells,,,
IFNA1,MVD,leukocytes,"IRF1 IP | IFNA1-13 - K562 cells, 6 h, MYC IP | IFNA1 - K562 cells, 6 h",,,
NFYB,MVD,uterus,NFYB IP - HeLa cells,,,
IRF3,MVD,uterus,IRF3 IP - HeLa cells,,,
TCF3,MVD,leukocytes,TCF3 IP - GM12878 cells,,,
SIX5,MVD,leukocytes,"SIX5 IP - K562 cells, Rep 2, SIX5 IP - GM12878 cells",,,
KLF5,MVD,stomach,KLF5 IP - KATOIII,,,
GATA2,MVD,prostate,GATA2 KD + R1881 | FOXA1 ChIP-Seq,,,
SP1,MVD,lung,SP1 IP - A549 cells,,,
MAX,MVD,stemcells,MAX IP - H1 cells,,,
CTCF,MVD,esophagus,"CTCF IP - HEEpiC cells, Rep 2 , CTCF IP - HEEpiC cells, Rep 1 ",,,
PBX3,MVD,cns,PBX3 IP - SK-N-SH cells,,,
YY1,MVD,uterus,YY1 IP - ECC1 cells,,,
ELF2,MVD,colon,ELF2 IP ,,,
MAX,MVD,vasculature,MAX IP - HUVEC cells,,,
SRF,MVD,mammarygland,SRF IP - MCF7 cells,,,
FOXA2,MVD,liver,FOXA2 IP - HepG2 cells,,,
OTX2,MVD,stemcells,OTX2 IP - Rep 10 ,,,
POU2F2,MVD,leukocytes,POU2F2 IP - GM12878 cells,,,
KLF5,MVD,pancreas,KLF5 IP,,,
FOXA2,MVD,embryonictissue,FOXA2 IP - Rep 2,,,
GABPA,MVD,liver,"GABPA IP - MCF7 cells, GABPA IP - HepG2 cells",,,
ZBTB7A,MVD,liver,ZBTB7A IP - HepG2 cells,,,
EGR1,MVD,colon,EGR1 IP - HCT116 cells,,,
TEAD4,MVD,colon,TEAD4 IP - HCT116 cells,,,
CTCF,MVD,pancreas,CTCF IP,,,
JUN,MVD,colon,JUN IP ,,,
CTCF,MVD,skeletalmuscle,"CTCF IP - HSMM cells, Rep 2 ",,,
22RHC; INS,MVD,liver,SREBF1 IP | INS + 22RHC - HepG2 cells,,,
MAZ,MVD,uterus,MAZ IP - HeLa cells,,,
ZBTB7A,MVD,uterus,ZBTB7A IP - ECC1 cells,,,
MYBL2,MVD,liver,MYBL2 IP - HepG2 cells,,,
TAL1,MVD,leukocytes,TAL1 IP - K562 cells,,,
HEY1,MVD,leukocytes,HEY1 IP - K562 cells,,,
TBP,MVD,uterus,TBP IP - HeLa cells,,,
PBX3,MVD,lung,PBX3 IP - A549 cells,,,
STAT1,MVD,uterus,"STAT1 IP | IFNG - HeLa cells, 30 min",,,
IFNG,MVD,uterus,"STAT1 IP | IFNG - HeLa cells, 30 min",,,
ETV5,MVD,colon,ETV5 IP ,,,
ATF2,MVD,colon,ATF2 IP ,,,
ELF1,MVD,liver,ELF1 IP - HepG2 cells,,,
NFYC,MVD,colon,NFYC IP ,,,
SP2,MVD,leukocytes,SP2 IP - K562 cells,,,
E2F3,MVD,colon,E2F3 IP ,,,
MXI1,MVD,liver,MXI1 IP - HepG2 cells,,,
ATF1,MVD,leukocytes,ATF1 IP - K562 cells,,,
CREB1,MVD,uterus,CREB1 IP - ECC1 cells,,,
EBF1,MVD,adiposetissue,EBF1 IP,,,
GABPA,MVD,cns,GABPA IP - SK-N-SH cells,,,
TP53,MVD,mammarygland,TP53 IP,,,
MYC,MVK,bone,"MYC IP, MYC IP, MYC IP",,,
NFYA,MVK,leukocytes,"NFYA IP - K562 cells, NFYA IP - GM12878 cells",,,
ATF3,MVK,leukocytes,"ATF3 IP - K562 cells, ATF3 IP - GM12878 cells",,,
USF2,MVK,leukocytes,"USF2 IP - K562 cells, USF2 IP - GM12878 cells",,,
REST,MVK,lung,REST IP - A549 cells,,,
ATF3,MVK,colon,"ATF3 IP - HCT116 cells, ATF3 IP, ATF3 IP | CAMPTO",,,
MYC,MVK,mammarygland,"MYC IP - MCF-10A cells, DHT | MYC ChIP-Seq, MYC IP, MYC IP | 4HT - MCF10A cells",,,
ZEB1,MVK,liver,ZEB1 IP - HepG2 cells,,,
FOXA1,MVK,mammarygland,"DEX | FOXA1 ChIP-Seq - Rep 2, FOXA1 ChIP-Seq - Rep 2, FOXA1 ChIP-Seq - Rep 1, FOXA1 IP - T47D cells, DEX | FOXA1 ChIP-Seq - Rep 1, 17BE2 | FOXA1 ChIP-Seq - Rep 1, FOXA1 ChIP-Seq - Rep 1, DEX | FOXA1 ChIP-Seq - Rep 2, 17BE2 | FOXA1 ChIP-Seq - Rep 2, FOXA1 ChIP-Seq - Rep 2, FOXA1 ChIP-Seq - Rep 2, DHT | FOXA1 ChIP-Seq, DEX | FOXA1 ChIP-Seq - Rep 1, DEX | FOXA1 ChIP-Seq - Rep 1, 17BE2 | FOXA1 ChIP-Seq - Rep 2",,,
DEX,MVK,mammarygland,"DEX | FOXA1 ChIP-Seq - Rep 2, DEX | FOXA1 ChIP-Seq - Rep 1, DEX | FOXA1 ChIP-Seq - Rep 2, DEX | FOXA1 ChIP-Seq - Rep 1, DEX | FOXA1 ChIP-Seq - Rep 1",,,
MYB,MVK,leukocytes,"MYB IP - MOLT3, MYB IP - Jurkat, Rep 4, MYB IP - Jurkat, Rep 5, MYB IP - Jurkat, Rep 2, MYB IP - Jurkat, Rep 1, MYB IP - Jurkat, Rep 3",,,
YY1,MVK,colon,YY1 IP - HCT116 cells,,,
ATF2,MVK,leukocytes,ATF2 IP - GM12878 cells,,,
FOXA1,MVK,prostate,"WT AR OE | FOXA1 ChIP-Seq, EtOH | FOXA1 ChIP-Seq - , GATA2 KD + R1881 | FOXA1 ChIP-Seq, DHT | FOXA1 ChIP-Seq, FOXA1 ChIP-Seq - Rep 2, CREB1 siRNA | FOXA1 ChIP-Seq - Rep 1, R1881 | FOXA1 ChIP-Seq - Rep 2, CON KD | FOXA1 ChIP-Seq, FOXA1 siRNA | CREB1 ChIP-Seq - Rep 2, CON KD + R1881 | FOXA1 ChIP-Seq - Rep 2, FOXA1 ChIP-Seq - LNCaP, FOXA1 ChIP-Seq - LNCaP-abl, CON KD | FOXA1 ChIP-Seq, PIAS1 + R1881 | FOXA1 ChIP-Seq - Rep 2, PIAS1 + R1881 | FOXA1 ChIP-Seq - Rep 1, CON KD | FOXA1 ChIP-Seq, FOXA1 ChIP-Seq, CREB1 siRNA | FOXA1 ChIP-Seq - Rep 2, EtOH | FOXA1 ChIP-Seq - Rep 2, CON KD + R1881 | FOXA1 ChIP-Seq, FOXA1 ChIP-Seq, R1881 | FOXA1 ChIP-Seq - Rep 1, FOXA1 ChIP-Seq - Rep 1, GATA2 KD  | FOXA1 ChIP-Seq, FOXA1 ChIP-Seq, FOXA1 siRNA | CREB1 ChIP-Seq - Rep 1, CON KD  | FOXA1 ChIP-Seq, FOXA1 ChIP-Seq, WT AR OE + FOXA1 OE | FOXA1 ChIP-Seq, CON KD + R1881 | FOXA1 ChIP-Seq - Rep 1",,,
AR,MVK,prostate,"WT AR OE | FOXA1 ChIP-Seq, WT AR OE + FOXA1 OE | FOXA1 ChIP-Seq",,,
BHLHE40,MVK,liver,BHLHE40 IP - HepG2 cells,,,
CTCF,MVK,mammarygland,"CTCF IP - HMEC cells, Rep 2 , CTCF IP - MCF7 cells, CTCF IP - HMEC cells, Rep 1 , CTCF IP - MCF-7 cells Rep 2 , CTCF IP - MCF-7 cells, Rep 1 ",,,
MAX,MVK,liver,"MAX IP - HepG2 cells, MAX IP - MCF7 cells, MAX IP - HepG2 cells",,,
CTCF,MVK,cns,"CTCF IP - SK cells, CTCF IP - SK-N-SH cells, Rep 2 , CTCF IP - BE(2)-C cells, Rep 1 , CTCF IP - HCPEpiC cells, Rep 1 , CTCF IP - BE(2)-C cells, Rep 2 , CTCF IP - SK-N-SH cells, Rep 1 , CTCF IP - SK-N-SH cells ",,,
YY1,MVK,uterus,YY1 IP - ECC1 cells,,,
STAT3,MVK,leukocytes,"STAT3 IP - U-2932, STAT3 IP - SU-DHL-6, STAT3 IP - OCI-LY10",,,
SRF,MVK,uterus,SRF IP - ECC1 cells,,,
E2F1,MVK,mammarygland,"E2F1 IP, E2F1 IP - MCF7 cells",,,
JUN,MVK,vasculature,"JUN IP, JUN IP - HUVEC cells",,,
RELA,MVK,adiposetissue,"RELA IP, RELA IP, RELA IP, RELA IP",,,
E2F1,MVK,prostate,"E2F1 ChIP-Seq - Rep 2, E2F1 ChIP-Seq - Rep 3, HES6 OE | E2F1 ChIP-Seq - Rep 1, HES6 OE + BICALU | E2F1 ChIP-Seq - Rep 1, E2F1 ChIP-Seq - Rep 4, BICALU + HES6 OE | E2F1 ChIP-Seq - Rep 2, E2F1 ChIP-Seq - Rep 1, HES6 OE + BICALU | E2F1 ChIP-Seq - Rep 3, HES6 OE | E2F1 ChIP-Seq - Rep 4, BICALU | E2F1 ChIP-Seq - Rep 1, BICALU | E2F1 ChIP-Seq - Rep 2, BICALU | E2F1 ChIP-Seq - Rep 3, BICALU + HES6OE | E2F1 ChIP-Seq - Rep 4, BICALU | E2F1 ChIP-Seq - Rep 4, HES6 OE | E2F1 ChIP-Seq - Rep 2, HES6 OE | E2F1 ChIP-Seq - Rep 3",,,
JUN,MVK,leukocytes,"JUN IP | IFNA1-13 - 30 min , JUN IP | IFNG - K562 cells, 30 min, JUN IP - K562 cells, Rep 1, JUN IP - K562 cells, Rep 2",,,
IFNA1,MVK,leukocytes,"JUN IP | IFNA1-13 - 30 min , MYC IP | IFNA1 - K562 cells, 30 min, IRF1 IP | IFNA1-13 - K562 cells, 6 h, MYC IP | IFNA1 - K562 cells, 6 h",,,
MXI1,MVK,uterus,MXI1 IP - HeLa cells,,,
MYC,MVK,uterus,MYC IP - HeLa cells,,,
CTCF,MVK,liver,"CTCF IP - HepG2 cells, Rep 1 , CTCF IP, CTCF IP - HepG2 cells, Rep 2 , CTCF IP - SK-N-SH cells, CTCF IP - HepG2 cells ",,,
MAX,MVK,cns,MAX IP - SK-N-SH cells,,,
KLF5,MVK,pancreas,KLF5 IP,,,
ZNF143,MVK,leukocytes,ZNF143 IP - GM12878 cells,,,
SPI1,MVK,leukocytes,"SPI1 IP, SPI1 IP, SPI1 IP, SPI1 IP, SPI1 IP - GM12878 cells, Rep 4 , SPI1 IP",,,
ELF1,MVK,leukocytes,"ELF1 IP - SK-N-SH cells, ELF1 IP - SK-N-SH cells",,,
CTCF,MVK,kidney,"CTCF IP - HRE cells, Rep 1 , CTCF IP - HEK293 cells, Rep 2 , CTCF IP - RPTEC cells, Rep 1 , CTCF IP - HEK293 cells, Rep 1 ",,,
ZNF143,MVK,colon,ZNF143 IP ,,,
ELF1,MVK,lung,ELF1 IP - A549 cells,,,
YY1,MVK,cns,"YY1 IP - SK-N-SH cells, YY1 IP | ATRA - SK-N-SH cells",,,
R1881,MVK,prostate,"GATA2 KD + R1881 | FOXA1 ChIP-Seq, R1881 | FOXA1 ChIP-Seq - Rep 2, CON KD + R1881 | FOXA1 ChIP-Seq - Rep 2, PIAS1 + R1881 | FOXA1 ChIP-Seq - Rep 2, PIAS1 + R1881 | FOXA1 ChIP-Seq - Rep 1, CON KD + R1881 | FOXA1 ChIP-Seq, R1881 | FOXA1 ChIP-Seq - Rep 1, CON KD + R1881 | FOXA1 ChIP-Seq - Rep 1",,,
GATA2,MVK,prostate,"GATA2 KD + R1881 | FOXA1 ChIP-Seq, GATA2 ChIP-Seq, GATA2 KD  | FOXA1 ChIP-Seq, GATA2 ChIP-Seq - Rep 2",,,
REST,MVK,pancreas,"REST IP - Panc1 cells, Rep 3",,,
SREBF2,MVK,leukocytes,SREBF2 IP - GM12878 cells,,,
IRF1,MVK,leukocytes,"IRF1 IP | IFNG - K562 cells, 6 h, IRF1 IP | IFNG - K562 cells, 30 min, IRF1 IP | IFNA1-13 - K562 cells, 6 h, IRF1 IP - Rep 2",,,
IFNG,MVK,leukocytes,"IRF1 IP | IFNG - K562 cells, 6 h, IRF1 IP | IFNG - K562 cells, 30 min, MYC IP | IFNG - K562 cells, 6 h, JUN IP | IFNG - K562 cells, 30 min, STAT1 IP - Rep 5, STAT1 IP - Rep 2, STAT1 IP - Rep 1, STAT1 IP - Rep 4, STAT1 IP - Rep 3, MYC IP | IFNG - K562 cells, 30 min, IRF1 IP - Rep 2",,,
FOXP2,MVK,cns,FOXP2 IP - PFSK-1 cells,,,
CEBPB,MVK,colon,"CEBPB IP, CEBPB IP - HCT116 cells, CEBPB IP | 125DVD3",,,
JUNB,MVK,colon,JUNB IP ,,,
FOS,MVK,mammarygland,"FOS IP - MCF10A cells, FOS IP | 4HT - MCF10A cells, 12 h, FOS IP | 4HT - MCF10A cells, 4 h, FOS IP | 4HT - MCF10A cells, 36 h",,,
CREB1,MVK,lung,"CREB1 IP | DEX - A549 cells, CREB1 IP - A549 cells, Rep 2, CREB1 IP - A549 cells, Rep 1",,,
DEX,MVK,lung,"CREB1 IP | DEX - A549 cells, USF1 IP | DEX - A549 cells",,,
DHT,MVK,prostate,DHT | FOXA1 ChIP-Seq,,,
SOX9,MVK,colon,SOX9 IP ,,,
TBP,MVK,leukocytes,"TBP IP - GM12878 cells, TBP IP - K562 cells",,,
GABPA,MVK,liver,"GABPA IP - MCF7 cells, GABPA IP - HepG2 cells",,,
MAX,MVK,vasculature,MAX IP - HUVEC cells,,,
CEBPA,MVK,leukocytes,CEBPA IP,,,
SP2,MVK,liver,SP2 IP - HepG2 cells,,,
SP1,MVK,leukocytes,"SP1 IP - GM12878 cells, SP1 IP - K562 cells",,,
MXI1,MVK,leukocytes,"MXI1 IP - GM12878 cells, MXI1 IP - K562 cells",,,
CREB1,MVK,liver,"CREB1 IP - HepG2 cells, CREB1 IP, CREB1 IP, CREB1 IP",,,
GATA2,MVK,hspcs,GATA2 IP,,,
CEBPB,MVK,liver,"CEBPB IP | FORSK - HepG2 cells, CEBPB ChIP-Seq - HepG2",,,
FORSK,MVK,liver,CEBPB IP | FORSK - HepG2 cells,,,
BATF,MVK,leukocytes,BATF IP - GM12878 cells,,,
CREB1,MVK,prostate,"CREB1 siRNA | FOXA1 ChIP-Seq - Rep 1, CREB1 ChIP-Seq - Rep 2, CREB1 ChIP-Seq - LNCaP-abl, FOXA1 siRNA | CREB1 ChIP-Seq - Rep 2, CREB1 siRNA | FOXA1 ChIP-Seq - Rep 2, CREB1 ChIP-Seq - Rep 1, FOXA1 siRNA | CREB1 ChIP-Seq - Rep 1, CREB1 ChIP-Seq - LNCaP",,,
STAT1,MVK,uterus,"STAT1 IP | IFNG - HeLa cells, 30 min",,,
IFNG,MVK,uterus,"STAT1 IP | IFNG - HeLa cells, 30 min",,,
FOXA1,MVK,liver,"FOXA1 IP - HepG2 cells, Rep 2, FOXA1 IP - HepG2 cells, Rep 1",,,
REST,MVK,cns,"REST IP - SK cells, REST IP - U87 cells, REST IP - PFSK1 cells, Rep 2, REST IP - PFSK-N-SH cells1 cells, Rep 1",,,
TCF12,MVK,lung,TCF12 IP - A549 cells,,,
FOXM1,MVK,leukocytes,FOXM1 IP - GM12878 cells,,,
4HT,MVK,mammarygland,"FOS IP | 4HT - MCF10A cells, 12 h, FOS IP | 4HT - MCF10A cells, 4 h, STAT3 IP | 4HT - MCF10 cells, 12 h, FOS IP | 4HT - MCF10A cells, 36 h, E2F4 IP | 4HT - MCF10 cells, STAT3 IP | 4HT - MCF10 cells, 36 h, MYC IP | 4HT - MCF10A cells",,,
E2F6,MVK,leukocytes,"E2F6 IP - K562 cells, E2F6 IP - K562 cells",,,
STAT3,MVK,stemcells,"STAT3 IP - Rep 3 , STAT3 IP - Rep 1 , STAT3 IP - Rep 2 ",,,
MYC,MVK,colon,MYC IP - DTT,,,
ZEB1,MVK,leukocytes,ZEB1 IP - GM12878 cells,,,
CTCF,MVK,lung,"CTCF IP - A549 cells, Rep 2 , CTCF IP - A549 cells , CTCF IP - SAEC cells, Rep 2 , CTCF IP - SAEC cells, Rep 1 ",,,
USF2,MVK,stemcells,USF2 IP - H1 cells,,,
E2F6,MVK,uterus,E2F6 IP - HeLa cells,,,
BACH1,MVK,colon,BACH1 IP ,,,
YY1,MVK,leukocytes,"YY1 IP - GM12891 cells, YY1 IP - K562 cells, Rep 2, YY1 IP - GM12878 cells, YY1 IP - K562 cells, Rep 1, YY1 IP - GM12892 cells, Rep 1",,,
FOSL1,MVK,colon,FOSL1 IP - HCT116 cells,,,
CTCF,MVK,colon,"CTCF IP - HCT116 cells, CTCF IP - HCT116 cells, Rep 2 , CTCF IP - HCT116 cells, Rep 1 , CTCF IP - Caco-2 cells, Rep 1 ",,,
MAX,MVK,leukocytes,"MAX IP - GM12878 cells, MAX IP - K562 cells, MAX IP - K562 cells, Rep 1, MAX IP - NB4 cells, MAX IP - K562 cells, Rep 2",,,
CTCF,MVK,esophagus,"CTCF IP - HEEpiC cells, Rep 1 ",,,
TP63,MVK,skin,"TP63 IP, TP63 IP, TP63 IP, TP63 IP | BANF1 KD",,,
KLF11,MVK,adiposetissue,"KLF11 ChIP-Seq, Rep 2, ROSI (BrAT) | KLF11 ChIP-Seq, Rep 1, ROSI (BrAT) | KLF11 ChIP-Seq, Rep 2, KLF11 ChIP-Seq, Rep 1",,,
MAZ,MVK,liver,MAZ IP - HepG2 cells,,,
MYC,MVK,leukocytes,"MYC IP - K562 cells, Rep 1, MYC IP - NB4 cells, MYC IP | IFNA1 - K562 cells, 30 min, MYC IP | IFNG - K562 cells, 6 h, MYC IP | IFNA1 - K562 cells, 6 h, MYC IP | IFNG - K562 cells, 30 min, MYC IP - K562 cells, Rep 2",,,
HES6,MVK,prostate,"HES6 OE | E2F1 ChIP-Seq - Rep 1, HES6 OE + BICALU | E2F1 ChIP-Seq - Rep 1, BICALU + HES6 OE | E2F1 ChIP-Seq - Rep 2, HES6 OE + BICALU | E2F1 ChIP-Seq - Rep 3, HES6 OE | E2F1 ChIP-Seq - Rep 4, BICALU + HES6OE | E2F1 ChIP-Seq - Rep 4, HES6 OE | E2F1 ChIP-Seq - Rep 2, HES6 OE | E2F1 ChIP-Seq - Rep 3",,,
BICALU,MVK,prostate,"HES6 OE + BICALU | E2F1 ChIP-Seq - Rep 1, BICALU + HES6 OE | E2F1 ChIP-Seq - Rep 2, HES6 OE + BICALU | E2F1 ChIP-Seq - Rep 3, BICALU | E2F1 ChIP-Seq - Rep 1, BICALU | E2F1 ChIP-Seq - Rep 2, BICALU | E2F1 ChIP-Seq - Rep 3, BICALU + HES6OE | E2F1 ChIP-Seq - Rep 4, BICALU | E2F1 ChIP-Seq - Rep 4",,,
ERG,MVK,prostate,ERG ChIP-Seq,,,
E2F6,MVK,stemcells,E2F6 IP - H1 cells,,,
GABPA,MVK,leukocytes,"GABPA IP - GM12878 cells, GABPA IP - K562 cells, GABPA IP - Jurkat, Rep 1, GABPA IP - GM12878 cells, Rep 4 , GABPA IP - Jurkat, Rep 2",,,
EGR1,MVK,leukocytes,"EGR1 IP - GM12878 cells, Rep 1, EGR1 IP - K562 cells",,,
FOSL2,MVK,cns,FOSL2 IP - SK-N-SH cells,,,
HMGN3,MVK,leukocytes,HMGN3 IP - K562 cells,,,
PBX3,MVK,leukocytes,PBX3 IP - GM12878 cells,,,
CTCF,MVK,leukocytes,"CTCF IP - K562 cells, CTCF IP - MS1 cells, Rep 1 , CTCF IP - MS1 cells, Rep 2 , CTCF IP - HeLa cells, Rep 2 , CTCF IP - K562 cells",,,
FOS,MVK,leukocytes,"FOS IP - GM12878 cells, FOS IP - K562 cells",,,
GATA4,MVK,stomach,GATA4 IP - AGS,,,
SP2,MVK,stemcells,SP2 IP - H1 cells,,,
GMEB2,MVK,colon,GMEB2 IP ,,,
CEBPB,MVK,leukocytes,"CEBPB IP - K562 cells, CEBPB IP, CEBPB ChIP-Seq - K562, CEBPB IP | oxLDL  - Rep 208",,,
SREBF1,MVK,liver,"SREBF1 IP | PRAV - HepG2 cells, SREBF1 IP | INS + 22RHC - HepG2 cells",,,
PRAV,MVK,liver,"SREBF1 IP | PRAV - HepG2 cells, SREBF2 IP | PRAV - HepG2 cells",,,
USF1,MVK,cns,"USF1 IP | ATRA - SK-N-SH cells, USF1 IP - SK-N-SH cells",,,
ATRA,MVK,cns,"USF1 IP | ATRA - SK-N-SH cells, YY1 IP | ATRA - SK-N-SH cells",,,
TCF12,MVK,leukocytes,TCF12 IP - GM12878 cells,,,
HEY1,MVK,liver,HEY1 IP - HepG2 cells,,,
STAT5A,MVK,leukocytes,STAT5A IP - GM12878 cells,,,
POU2F2,MVK,leukocytes,"POU2F2 IP - Rep 2, POU2F2 IP - GM12878 cells",,,
MAX,MVK,uterus,"MAX IP - ECC1 cells, MAX IP - HeLa cells, Rep 2, MAX IP - HeLa cells, Rep 1",,,
TP53,MVK,bone,"TP53 IP, TP53 IP | TP53EE/RR OE",,,
TEAD4,MVK,uterus,TEAD4 IP - ECC1 cells,,,
DHT,MVK,mammarygland,"DHT | MYC ChIP-Seq, DHT | FOXA1 ChIP-Seq",,,
E2F4,MVK,leukocytes,"E2F4 IP - K562 cells, E2F4 IP - GM12878 cells",,,
TP53,MVK,mammarygland,"TP53 IP | NUTL3 - MCF-7, TP53 IP",,,
RELA,MVK,leukocytes,"RELA IP | BAY082  - IVD Th1 cells, PIA, RELA IP | TNF - GM19193 cells, RELA IP | TNF - GM12891 cells, RELA IP | TNF - GM18951 cells",,,
BAY082,MVK,leukocytes,"RELA IP | BAY082  - IVD Th1 cells, PIA",,,
NFKB1,MVK,leukocytes,"NFKB1 IP - Rep 2, NFKB1 IP - Rep 1",,,
SIX2,MVK,kidney,"SIX2 IP - 17 weeks, Rep 2, SIX2 IP -  16 weeks, SIX2 IP - 17 weeks, Rep 1",,,
JUN,MVK,mammarygland,"JUN IP - Rep 2, JUN IP - Rep 1",,,
CEBPB,MVK,stemcells,"CEBPB IP, CEBPB IP, CEBPB IP - H1 cells, CEBPB IP",,,
TP73,MVK,bone,"TP73 IP - alpha isoform, Rep 1, TP73 IP - alpha isoform, Rep 2, TP73 IP - beta isoform, Rep 1, TP73 IP - beta isoform, Rep 2",,,
FOXA2,MVK,stemcells,"FOXA2 IP - ES D2, FOXA2 IP - ES D10, FOXA2 IP - ES D5",,,
CTCF,MVK,sensory,"CTCF IP - HRPEpiC cells, Rep 1 , CTCF IP - WERI , CTCF IP - WERI-Rb-1- cells, Rep 1 , CTCF IP - HRPEpiC cells, Rep 2 ",,,
NANOG,MVK,stemcells,"NANOG IP - Rep 4 , NANOG IP - Rep 8 ",,,
BHLHE40,MVK,leukocytes,"BHLHE40 IP - GM12878 cells, BHLHE40 IP - K562 cells",,,
USF1,MVK,stemcells,USF1 IP - H1 cells,,,
RUNX1,MVK,leukocytes,"RUNX1 IP, RUNX1 IP - Rep 2, RUNX1 IP",,,
ZNF84,MVK,colon,ZNF84 IP ,,,
JUND,MVK,cns,JUND IP - SK-N-SH cells ,,,
TFAP4,MVK,leukocytes,"TFAP4 IP - Rep 1, TFAP4 IP - Rep 2",,,
ERG,MVK,leukocytes,ERG IP - Rep 1,,,
ZNF83,MVK,colon,ZNF83 IP ,,,
STAT3,MVK,mammarygland,"STAT3 IP | 4HT - MCF10 cells, 12 h, STAT3 IP | 4HT - MCF10 cells, 36 h, STAT3 IP - MCF10A cells, Rep 2",,,
SATB1,MVK,liver,SATB1 IP,,,
CTCF,MVK,skin,"CTCF IP - GM12878 cells, Rep 2 ",,,
TBP,MVK,liver,TBP IP - HepG2 cells,,,
STAT1,MVK,leukocytes,"STAT1 IP - Rep 5, STAT1 IP - Rep 2, STAT1 IP - Rep 1, STAT1 IP - Rep 4, STAT1 IP - Rep 3",,,
17BE2,MVK,mammarygland,"17BE2 | FOXA1 ChIP-Seq - Rep 1, 17BE2 | FOXA1 ChIP-Seq - Rep 2, 17BE2 | FOXA1 ChIP-Seq - Rep 2",,,
TAL1,MVK,colon,TAL1 IP ,,,
MAX,MVK,colon,MAX IP - HCT116 cells,,,
HEY1,MVK,leukocytes,HEY1 IP - K562 cells,,,
MYC,MVK,liver,MYC IP,,,
HIF1A,MVK,bone,HIF1A IP,,,
NFYA,MVK,colon,NFYA IP ,,,
MXI1,MVK,cns,MXI1 IP - SK-N-SH cells ,,,
USF1,MVK,lung,"USF1 IP - A549 cells, Rep 1, USF1 IP | DEX - A549 cells, USF1 IP - A549 cells, Rep 2",,,
EGR1,MVK,colon,EGR1 IP - HCT116 cells,,,
FOXA2,MVK,lung,FOXA2 IP - A549 cells,,,
ELF1,MVK,cns,ELF1 IP - SK-N-SH cells,,,
PIAS1,MVK,prostate,"PIAS1 + R1881 | FOXA1 ChIP-Seq - Rep 2, PIAS1 + R1881 | FOXA1 ChIP-Seq - Rep 1",,,
TCF3,MVK,leukocytes,TCF3 IP - GM12878 cells,,,
SP1,MVK,liver,SP1 IP - HepG2 cells,,,
PAX5,MVK,leukocytes,"PAX5 IP - GM12878 cells, Rep 2, PAX5 IP - GM12878 cells, Rep 1, PAX5 IP - GM12892 cells",,,
FOXM1,MVK,uterus,FOXM1 IP - ECC1 cells,,,
CEBPB,MVK,lung,"CEBPB IP - A549 cells, CEBPB ChIP-Seq - A549, CEBPB ChIP-Seq - IMR90",,,
TEAD4,MVK,leukocytes,TEAD4 IP - K562 cells,,,
SP1,MVK,colon,SP1 IP - HCT116 cells,,,
E2F1,MVK,uterus,"E2F1 IP - HeLa cells, Rep 1, E2F1 IP - HeLa cells, Rep 2",,,
E2F8,MVK,colon,E2F8 IP ,,,
TNF,MVK,leukocytes,"RELA IP | TNF - GM19193 cells, RELA IP | TNF - GM12891 cells, RELA IP | TNF - GM18951 cells",,,
REST,MVK,stemcells,"REST IP - H1 cells, Rep 1, REST IP - H1 cells, Rep 2",,,
FOSL2,MVK,lung,FOSL2 IP - A549 cells,,,
GABPA,MVK,prostate,GABPA IP - Rep 1,,,
CREB1,MVK,colon,CREB1 IP ,,,
USF1,MVK,liver,USF1 IP - HepG2 cells,,,
FOSL2,MVK,liver,FOSL2 IP - HepG2 cells,,,
IRF1,MVK,pancreas,IRF1 IP,,,
TCF12,MVK,stemcells,TCF12 IP - H1 cells,,,
GATA3,MVK,lung,GATA3 IP - A549 cells,,,
NFYC,MVK,colon,NFYC IP ,,,
MYBL2,MVK,liver,MYBL2 IP - HepG2 cells,,,
BCL3,MVK,lung,BCL3 IP - A549 cells,,,
STAT2,MVK,colon,STAT2 IP ,,,
ARNT2,MVK,colon,ARNT2 IP ,,,
JUND,MVK,liver,"JUND IP - HepG2 cells, JUND IP - HepG2 cells",,,
SRF,MVK,leukocytes,"SRF IP - GM12878 cells, Rep 2",,,
YY1,MVK,lung,YY1 IP - A549 cells,,,
ATF2,MVK,colon,ATF2 IP ,,,
MXI1,MVK,stemcells,MXI1 IP - H1 cells,,,
ATF1,MVK,leukocytes,ATF1 IP - K562 cells,,,
MXI1,MVK,lung,MXI1 IP - IMR cells,,,
E2F3,MVK,colon,E2F3 IP ,,,
ROSI,MVK,adiposetissue,"ROSI (BrAT) | KLF11 ChIP-Seq, Rep 1, ROSI (BrAT) | KLF11 ChIP-Seq, Rep 2",,,
ZBTB7A,MVK,leukocytes,ZBTB7A IP - SK-N-SH cells,,,
CTCF,MVK,stemcells,"CTCF IP - Rep 6 , CTCF IP - H1 cells , CTCF IP - Rep 5 , CTCF IP - H1 cells, CTCF IP - Rep 4 ",,,
TCF7L2,MVK,mammarygland,TCF7L2 ChIP-Seq,,,
ELF1,MVK,colon,ELF1 IP - HCT116 cells,,,
MAFK,MVK,leukocytes,MAFK IP - GM12878 cells,,,
MYC,MVK,lung,MYC IP - A549 cells,,,
GTF2F1,MVK,uterus,GTF2F1 IP - HeLa cells,,,
MAX,MVK,stemcells,"MAX IP - H1 cells, MAX IP - H1 cells",,,
ATF3,MVK,stemcells,ATF3 IP - H1 cells,,,
JUND,MVK,colon,JUND IP - HCT116 cells,,,
USF1,MVK,uterus,USF1 IP - ECC1 cells,,,
NFYA,MVK,uterus,NFYA IP - HeLa cells,,,
USF2,MVK,liver,USF2 IP - HepG2 cells,,,
CREB1,MVK,leukocytes,"CREB1 IP, CREB1 IP, CREB1 IP - GM12878 cells, CREB1 IP - K562 cells",,,
USF1,MVK,colon,USF1 IP - HCT116 cells,,,
SP1,MVK,stemcells,"SP1 IP - Rep 1 , SP1 IP - Rep 2 , SP1 IP - H1 cells",,,
TCF7L2,MVK,pancreas,TCF7L2 IP,,,
ARNTL,MVK,colon,ARNTL IP - Rep 1 ,,,
ELF1,MVK,mammarygland,ELF1 IP - MCF7 cells,,,
IRF3,MVK,uterus,IRF3 IP - HeLa cells,,,
JUND,MVK,stemcells,"JUND IP - H1 cells, JUND IP - H1 cells",,,
125DVD3,MVK,colon,CEBPB IP | 125DVD3,,,
SRF,MVK,colon,SRF IP - HCT116 cells,,,
RUNX1,MVK,hspcs,RUNX1,,,
CTCF,MVK,vasculature,"CTCF IP - HBMEC cells, Rep 1 ",,,
RBPJ,MVK,leukocytes,RBPJ IP | COMPE - wash,,,
COMPE,MVK,leukocytes,RBPJ IP | COMPE - wash,,,
REST,MVK,colon,REST IP ,,,
FOS,MVK,uterus,FOS IP - HeLa cells,,,
E2F4,MVK,mammarygland,E2F4 IP | 4HT - MCF10 cells,,,
NFYB,MVK,leukocytes,"NFYB IP - K562 cells, NFYB IP - GM12878 cells",,,
REST,MVK,mammarygland,REST IP - MCF7 cells,,,
ATF3,MVK,liver,ATF3 IP - HepG2 cells,,,
ATF2,MVK,stemcells,ATF2 IP - H1 cells,,,
ATF3,MVK,lung,ATF3 IP - A549 cells,,,
E2F6,MVK,lung,E2F6 IP - A549 cells,,,
MAZ,MVK,leukocytes,"MAZ IP - K562 cells, MAZ IP - GM12878 cells",,,
TCF12,MVK,cns,TCF12 IP - SK-N-SH cells,,,
GLI2,MVK,colon,GLI2 IP ,,,
MAZ,MVK,lung,MAZ IP - IMR cells,,,
NFKB2,MVK,leukocytes,NFKB2 IP - Rep 2,,,
TBP,MVK,stemcells,TBP IP - H1 cells,,,
IRF1,MVK,colon,IRF1 IP ,,,
MYC,MVK,stemcells,MYC IP - H1 cells,,,
NFATC1,MVK,leukocytes,NFATC1 IP - GM12878 cells,,,
CREB1,MVK,uterus,CREB1 IP - ECC1 cells,,,
MXD3,MVK,colon,MXD3 IP ,,,
TCF12,MVK,uterus,TCF12 IP - ECC1 cells,,,
SIX1,MVK,kidney,"SIX1 IP - 17 weeks, Rep 1",,,
GTF2B,MVK,uterus,GTF2B IP - Rep 2,,,
IRF4,MVK,leukocytes,IRF4 IP - GM12878 cells,,,
JUN,MVK,colon,JUN IP ,,,
REST,MVK,liver,"REST IP - HepG2 cells, Rep 1, REST IP - HepG2 cells, Rep 2",,,
FOXA2,MVK,embryonictissue,FOXA2 IP - Rep 2,,,
SREBF2,MVK,liver,SREBF2 IP | PRAV - HepG2 cells,,,
CREB1,MVK,stemcells,CREB1 IP - H1 cells,,,
TP63,MVK,esophagus,TP63 IP - KYSE-70,,,
ETS1,MVK,leukocytes,"ETS1 IP, ETS1 IP - K562 cells",,,
SRF,MVK,mammarygland,SRF IP - MCF7 cells,,,
E2F4,MVK,uterus,E2F4 IP - HeLa cells,,,
CEBPB,MVK,uterus,CEBPB ChIP-Seq - HeLaS3,,,
JUND,MVK,vasculature,JUND IP,,,
USF1,MVK,leukocytes,"USF1 IP - K562 cells, USF1 IP - GM12878 cells",,,
ZNF280D,MVK,colon,ZNF280D IP ,,,
YY1,MVK,stemcells,YY1 IP - H1 cells,,,
FOXA2,MVK,liver,FOXA2 IP - HepG2 cells,"19822575,",,
NFYB,MVK,uterus,NFYB IP - HeLa cells,,,
ETV5,MVK,colon,ETV5 IP ,,,
JUND,MVK,uterus,JUND IP - HeLa cells,,,
MXI1,MVK,liver,MXI1 IP - HepG2 cells,,,
MAZ,MVK,uterus,MAZ IP - HeLa cells,,,
YY1,MVK,liver,YY1 IP - HepG2 cells,,,
MTA3,MVK,leukocytes,MTA3 IP - GM12878 cells,,,
PBX3,MVK,cns,PBX3 IP - SK-N-SH cells,,,
BANF1,MVK,skin,TP63 IP | BANF1 KD,,,
ZC3H8,MVK,colon,ZC3H8 IP,,,
JUND,MVK,leukocytes,JUND IP - K562 cells,,,
TBP,MVK,uterus,TBP IP - HeLa cells,,,
HOXA6,MVK,colon,HOXA6 IP ,,,
USF2,MVK,uterus,USF2 IP - HeLa cells,,,
SP2,MVK,leukocytes,SP2 IP - K562 cells,,,
ZNF263,MVK,kidney,ZNF263 IP - HEK293 cells,,,
MAX,MVK,lung,"MAX IP - A549 cells, MAX IP - A549 cells",,,
BARX1,MVK,colon,BARX1 IP - Rep 1 ,,,
HOXA4,MVK,colon,HOXA4 IP ,,,
ELF1,MVK,liver,ELF1 IP - HepG2 cells,,,
KLF5,MVK,stomach,KLF5 IP - KATOIII,,,
RELA,MVK,colon,RELA IP ,,,
JUN,MVK,liver,JUN IP - HepG2 cells,,,
CEBPB,MVK,mammarygland,CEBPB IP - MCF7 cells,,,
PBX3,MVK,lung,PBX3 IP - A549 cells,,,
FOXP1,MVK,colon,FOXP1 IP ,,,
REST,MVK,leukocytes,"REST IP - HL60 cells, REST IP - K562 cells",,,
TEAD4,MVK,liver,TEAD4 IP - HepG2 cells,,,
SP1,MVK,lung,SP1 IP - A549 cells,,,
SIX5,MVK,lung,SIX5 IP | DEX - A549 cells,,,
IRF3,MVK,leukocytes,IRF3 IP - GM12878 cells,,,
22RHC; INS,MVK,liver,SREBF1 IP | INS + 22RHC - HepG2 cells,,,
CTCF,NSDHL,esophagus,"CTCF IP - HEEpiC cells, Rep 1 , CTCF IP - HEEpiC cells, Rep 2 ",,,
SRF,NSDHL,stemcells,SRF IP - Rep 7 ,,,
CTCF,NSDHL,skeletalmuscle,"CTCF IP - HSMM cells, Rep 1 , CTCF IP - HSMM cells, Rep 2 ",,,
CREB1,NSDHL,leukocytes,"CREB1 IP - GM12878 cells, CREB1 IP - K562 cells",,,
IRF1,NSDHL,colon,IRF1 IP ,,,
CEBPB,NSDHL,lung,"CEBPB ChIP-Seq - IMR90, CEBPB IP - A549 cells, CEBPB ChIP-Seq - A549",,,
CTCF,NSDHL,cns,"CTCF IP - cerebellar astrocyte cells, Rep 2 , CTCF IP - BE(2)-C cells, Rep 1 , CTCF IP - SK cells, CTCF IP - spinal cord astrocyte cells, Rep 2 , CTCF IP - HCPEpiC cells, Rep 1 , CTCF IP - BE(2)-C cells, Rep 2 , CTCF IP - cerebellar astrocyte cells, Rep 1 , CTCF IP - SK-N-SH cells, Rep 2 , CTCF IP - HCPEpiC cells, Rep 2 , CTCF IP - NHA cells , CTCF IP - SK-N-SH cells, Rep 1 , CTCF IP - spinal cord astrocyte cells, Rep 1 , CTCF IP - SK-N-SH cells ",,,
CTCF,NSDHL,leukocytes,"CTCF IP - GM06990 cells, Rep 2 , CTCF IP - GM2610 cells, Rep 2 , CTCF IP - K562 cells, Rep 2 , CTCF IP - GM12878 cells, Rep 2 , CTCF IP - K562 cells , CTCF IP - GM12749 cells, Rep 1, CTCF IP - GM12871 cells , CTCF IP - GM2255 cells, Rep 3 , CTCF IP - GM10847 cells, Rep 1 , CTCF IP - K562 cells, CTCF IP - GM19238 cells, Rep 2 , CTCF IP - GM12872 cells, Rep 1 , CTCF IP - HL , CTCF IP - GM12864 cells, Rep 2 , CTCF IP - GM18526 cells, Rep 1 , CTCF IP - GM12872 cells, Rep 3 , CTCF IP - K562 cells, Rep 13 , CTCF IP - GM11994 cells, Rep 2, CTCF IP - GM19193 cells, Rep 1 , CTCF IP - GM19193 cells, Rep 2 , CTCF IP - K562 cells, Rep 12 , CTCF IP - CD14+ cells , CTCF IP - GM12892 cells, Rep 2 , CTCF IP - GM12874 cells, Rep 1 , CTCF IP - F36P cells, Rep 2 , CTCF IP - GM07346 cells, CTCF IP -  DND , CTCF IP, CTCF IP - GM12869 cells , CTCF IP - GM19239 cells, Rep 2 , CTCF IP - GM12873 cells, Rep 3 , CTCF IP - GM11831 cells, CTCF IP - KU812 cells, Rep 17 , CTCF IP - GM12865 cells, Rep 3 , CTCF IP - GM18505 cells, Rep 1 , CTCF IP - GM12891 cells, Rep 2 , CTCF IP - UT-7 cells, Rep 3 , CTCF IP - GM11994 cells, Rep 1, CTCF IP - GM19239 cells, Rep 1 , CTCF IP - GM12878 cells, Rep 1 , CTCF IP - F36P cells, Rep 15 , CTCF IP - GM12865 cells, Rep 2 , CTCF IP - GM19099 cells, Rep 1 , CTCF IP - GM19099 cells, Rep 2 , CTCF IP - GM12815 cells, Rep 1, CTCF IP - GM06990 cells, Rep 1 , CTCF IP - GM19238 cells, Rep 1 , CTCF IP - GM12890 cells, Rep 2 , CTCF IP - GM2255 cells, Rep 1 , CTCF IP - GM10847 cells, Rep 2 , CTCF IP - K562 cells, Rep 11 , CTCF IP - GM12875 cells, Rep 1 , CTCF IP - GM19240 cells, Rep 2 , CTCF IP - GM12878 cells, Rep 2 , CTCF IP - GM12154 cells, Rep 1, CTCF IP - GM12864 cells, Rep 1 , CTCF IP - GM18505 cells, Rep 2 , CTCF IP - GM12872 cells, Rep 2 , CTCF IP - GM12873 cells, Rep 1 , CTCF IP - GM18486 cells, Rep 1 , CTCF IP - F36P cells, Rep 1 , CTCF IP - GM11811 cells, Rep 2, CTCF IP - GM12868 cells , CTCF IP - GM12865 cells, Rep 1 , CTCF IP - GM2610 cells, Rep 1 , CTCF IP - GM12892 cells, Rep 1 , CTCF IP - GM12864 cells, Rep 3 , CTCF IP - GM18951 cells, Rep 2 , CTCF IP - GM2588 cells, Rep 3 , CTCF IP - GM18526 cells, Rep 2 , CTCF IP - GM12874 cells, Rep 2 , CTCF IP - GM2630 cells, Rep 3 , CTCF IP - F36P cells, Rep 7 , CTCF IP - GM06986 cells, CTCF IP - K562 cells, Rep 16 , CTCF IP - GM12890 cells, Rep 3 , CTCF IP - MS1 cells, Rep 1 , CTCF IP - K562 cells, CTCF IP - K562 cells, Rep 1 , CTCF IP - GM18951 cells, Rep 1 , CTCF IP - GM12814 cells, Rep 1, CTCF IP - GM2630 cells, Rep 1 , CTCF IP - GM19240 cells, Rep 1 , CTCF IP - GM11881 cells, CTCF IP - F36P cells, Rep 3 , CTCF IP - F36P cells, Rep 11 , CTCF IP - GM2610 cells, Rep 3 , CTCF IP - GM12866 cells , CTCF IP - MS1 cells, Rep 2 , CTCF IP -  CD20+ cells , CTCF IP - GM12828 cells, CTCF IP - K562 cells, CTCF IP - F36P cells, Rep 19 , CTCF IP - GM12878 cells, Rep 1 , CTCF IP - K562 cells, Rep 14 , CTCF IP - GM2588 cells, Rep 1 , CTCF IP - GM12873 cells, Rep 1 , CTCF IP - GM12870 cells , CTCF IP - GM12867 cells , CTCF IP - GM18486 cells, Rep 3 , CTCF IP - GM12878 cells , CTCF IP - GM12890 cells, Rep 1 , CTCF IP - GM2588 cells, Rep 2 , CTCF IP - MS1 cells, Rep 3 , CTCF IP - GM2630 cells, Rep 2 , CTCF IP - GM12234 cells, CTCF IP - GM12875 cells, Rep 2 , CTCF IP - GM12891 cells, Rep 1 , CTCF IP - MS1 cells, Rep 4 , CTCF IP - NB4 cells , CTCF IP - GM2255 cells, Rep 2 , CTCF IP - HeLa cells, Rep 2 , CTCF ChIP-Seq - GM12878, CTCF IP - K562 cells, Rep 15 ",,,
SPI1,NSDHL,leukocytes,"SPI1 IP, SPI1 IP - K562 cells, SPI1 IP - HL-60 cells, Rep 4 , SPI1 IP - GM12878 cells, SPI1 IP, SPI1 IP, SPI1 IP, SPI1 IP - HL cells, SPI1 IP",,,
FOXA1,NSDHL,mammarygland,"DEX | FOXA1 ChIP-Seq - Rep 1, FOXA1 ChIP-Seq - Rep 1, DEX | FOXA1 ChIP-Seq - Rep 1, FOXA1 ChIP-Seq - Rep 2, 17BE2 | FOXA1 ChIP-Seq - Rep 2, DHT | FOXA1 ChIP-Seq, FOXA1 ChIP-Seq - Rep 1, 17BE2 | FOXA1 ChIP-Seq - Rep 1, FOXA1 IP - T47D cells, DEX | FOXA1 ChIP-Seq - Rep 2",,,
DEX,NSDHL,mammarygland,"DEX | FOXA1 ChIP-Seq - Rep 1, DEX | FOXA1 ChIP-Seq - Rep 1, DEX | FOXA1 ChIP-Seq - Rep 2",,,
FOXA1,NSDHL,prostate,"CON KD + R1881 | FOXA1 ChIP-Seq, FOXA1 siRNA | CREB1 ChIP-Seq - Rep 2, PIAS1 + R1881 | FOXA1 ChIP-Seq - Rep 2, FOXA1 ChIP-Seq, PIAS1 + R1881 | FOXA1 ChIP-Seq - Rep 1, CON KD  | FOXA1 ChIP-Seq, R1881 | FOXA1 ChIP-Seq - Rep 1, CON KD + R1881 | FOXA1 ChIP-Seq - Rep 1, GATA2 KD  | FOXA1 ChIP-Seq, FOXA1 siRNA | CREB1 ChIP-Seq - Rep 1, R1881 | FOXA1 ChIP-Seq - Rep 2, CON KD + R1881 | FOXA1 ChIP-Seq - Rep 2",,,
R1881,NSDHL,prostate,"CON KD + R1881 | FOXA1 ChIP-Seq, PIAS1 + R1881 | FOXA1 ChIP-Seq - Rep 2, PIAS1 + R1881 | FOXA1 ChIP-Seq - Rep 1, R1881 | FOXA1 ChIP-Seq - Rep 1, CON KD + R1881 | FOXA1 ChIP-Seq - Rep 1, R1881 | FOXA1 ChIP-Seq - Rep 2, CON KD + R1881 | FOXA1 ChIP-Seq - Rep 2",,,
MAZ,NSDHL,liver,MAZ IP - HepG2 cells,,,
CTCF,NSDHL,megakaryocytelineage,"CTCF IP - MEG-01 cells, Rep 4 , CTCF IP - MEG-01 cells, Rep 10 , CTCF IP - MEG-01 cells, Rep 8 , CTCF IP - MEG-01 cells, Rep 6 , CTCF IP - MEG-01 cells, Rep 2 ",,,
E2F6,NSDHL,leukocytes,"E2F6 IP - K562 cells, E2F6 IP - K562 cells",,,
CTCF,NSDHL,uterus,"CTCF IP - HeLa cells, Rep 1 , CTCF IP - HeLa cells ",,,
MYC,NSDHL,mammarygland,"MYC IP - MCF-10A cells, DHT | MYC ChIP-Seq",,,
MXI1,NSDHL,uterus,MXI1 IP - HeLa cells,,,
CEBPB,NSDHL,stemcells,"CEBPB IP, CEBPB IP, CEBPB IP, CEBPB IP - H1 cells, CEBPB IP",,,
ELF1,NSDHL,cns,ELF1 IP - SK-N-SH cells,,,
CTCF,NSDHL,lung,"CTCF ChIP-Seq - A549, CTCF IP - A549 cells, CTCF IP - IMR cells, CTCF IP - NHLF cells , CTCF IP - A549 cells, Rep 2 , CTCF IP - A549 cells , CTCF IP - SAEC cells, Rep 2 , CTCF IP - NHLF cells , CTCF IP - SAEC cells, Rep 1 , CTCF IP | DEX - A549 cells , CTCF IP - WI-38 cells, Rep 2 , CTCF IP - HPF cells, Rep 1 , CTCF IP - WI-38 cells, Rep 1 , CTCF IP | DEX - A549 cells, CTCF IP - A549 cells, Rep 1 , CTCF IP - HPF cells, Rep 2 , CTCF IP - AG04450 cells, Rep 1 , CTCF IP - AG04450 cells, Rep 2 ",,,
CREB1,NSDHL,uterus,CREB1 IP - ECC1 cells,,,
MYC,NSDHL,uterus,MYC IP - HeLa cells,,,
E2F1,NSDHL,prostate,"HES6 OE | E2F1 ChIP-Seq - Rep 3, E2F1 ChIP-Seq - Rep 3, HES6 OE + BICALU | E2F1 ChIP-Seq - Rep 1, HES6 OE | E2F1 ChIP-Seq - Rep 1, E2F1 ChIP-Seq - Rep 4, BICALU + HES6 OE | E2F1 ChIP-Seq - Rep 2, E2F1 ChIP-Seq - Rep 1, HES6 OE + BICALU | E2F1 ChIP-Seq - Rep 3, BICALU | E2F1 ChIP-Seq - Rep 1, BICALU | E2F1 ChIP-Seq - Rep 3, HES6 OE | E2F1 ChIP-Seq - Rep 2",,,
HES6,NSDHL,prostate,"HES6 OE | E2F1 ChIP-Seq - Rep 3, HES6 OE + BICALU | E2F1 ChIP-Seq - Rep 1, HES6 OE | E2F1 ChIP-Seq - Rep 1, BICALU + HES6 OE | E2F1 ChIP-Seq - Rep 2, HES6 OE + BICALU | E2F1 ChIP-Seq - Rep 3, HES6 OE | E2F1 ChIP-Seq - Rep 2",,,
FOSL2,NSDHL,liver,FOSL2 IP - HepG2 cells,,,
CTCF,NSDHL,hspcs,"CTCF IP - HEL 92.1.7 cells, Rep 2 , CTCF IP - Erythroid cells, Rep 1, CTCF IP - HEL 92.1.7 cells, Rep 11 , CTCF IP - HEL 92.1.7 cells, Rep 14 , CTCF IP - HEL 92.1.7 cells, Rep 5 ",,,
CTCF,NSDHL,liver,"CTCF IP - HepG2 cells, Rep 2 , CTCF IP - HepG2 cells, Rep 1 , CTCF IP - SK-N-SH cells, CTCF IP, CTCF IP - HepG2 cells ",,,
CTCF,NSDHL,pancreas,CTCF IP,,,
FOXA2,NSDHL,stemcells,"FOXA2 IP - ES D10, FOXA2 IP - ES D5, FOXA2 IP - ES D7",,,
CTCF,NSDHL,skin,"CTCF IP - AG04449 cells, Rep 2 , CTCF IP - NHEK cells, Rep 2 , CTCF IP - BJ cells, Rep 2 , CTCF IP - AG09309 cells, Rep 1 , CTCF IP - NHEK cells , CTCF IP - BJ cells, Rep 1 , CTCF IP - HFFC cells, Rep 1 , CTCF IP - NHDF cells , CTCF IP - NHDF cells, Rep 1 , CTCF IP - HFFC cells, Rep 2 , CTCF IP - HFFC cells, Rep 3 , CTCF IP - NHDF cells, Rep 2 , CTCF IP - AG10803 cells, Rep 1 , CTCF IP - GM12878 cells, Rep 2 , CTCF IP - AG10803 cells, Rep 2 , CTCF IP - AG04449 cells, Rep 1 ",,,
CTCF,NSDHL,kidney,"CTCF IP - RPTEC cells, Rep 2 , CTCF IP - HEK293 cells, Rep 1 , CTCF IP - HRE cells, Rep 1 , CTCF IP - HRE cells, Rep 2 , CTCF IP - HEK293 cells, Rep 2 , CTCF IP - RPTEC cells, Rep 1 ",,,
MAX,NSDHL,uterus,"MAX IP - HeLa cells, Rep 2, MAX IP - HeLa cells, Rep 1, MAX IP - ECC1 cells",,,
CTCF,NSDHL,mammarygland,"CTCF IP - MCF7 cells, CTCF IP - HMEC cells , CTCF IP - HMEC cells, Rep 2 , CTCF IP - HMEC cells, Rep 1 , CTCF IP - MCF-7 cells, Rep 1 , CTCF IP - HMF cells, Rep 2 , CTCF IP - HMF cells, Rep 1 , CTCF IP - MCF-7 cells Rep 2 , CTCF IP - T47D cells",,,
MXI1,NSDHL,leukocytes,"MXI1 IP - GM12878 cells, MXI1 IP - K562 cells",,,
JUN,NSDHL,leukocytes,"JUN IP - K562 cells, Rep 2",,,
CTCF,NSDHL,vasculature,"CTCF IP - AoAFC cells, Rep 1 , CTCF IP - HPAF cells, Rep 2 , CTCF IP - HBMEC cells, Rep 1 , CTCF IP - HUVEC cells , CTCF IP - HBMEC cells, Rep 2 , CTCF IP - HUVEC cells, Rep 2 , CTCF IP - HPAF cells, Rep 1 , CTCF IP - HUVEC cells, Rep 1 ",,,
REST,NSDHL,liver,"REST IP - HepG2 cells, Rep 1, REST IP - HepG2 cells, Rep 2",,,
GATA3,NSDHL,cns,GATA3 IP - SK-N-SH cells,,,
CREB1,NSDHL,prostate,"FOXA1 siRNA | CREB1 ChIP-Seq - Rep 2, CREB1 ChIP-Seq - Rep 1, FOXA1 siRNA | CREB1 ChIP-Seq - Rep 1, CREB1 ChIP-Seq - LNCaP, CREB1 ChIP-Seq - LNCaP-abl, CREB1 ChIP-Seq - Rep 2",,,
PBX3,NSDHL,cns,PBX3 IP - SK-N-SH cells,,,
PIAS1,NSDHL,prostate,"PIAS1 + R1881 | FOXA1 ChIP-Seq - Rep 2, PIAS1 + R1881 | FOXA1 ChIP-Seq - Rep 1",,,
CREB1,NSDHL,colon,CREB1 IP ,,,
TBP,NSDHL,uterus,TBP IP - HeLa cells,,,
FOXA1,NSDHL,liver,"FOXA1 IP - HepG2 cells, Rep 1",,,
MAX,NSDHL,leukocytes,"MAX IP - K562 cells, MAX IP - NB4 cells, MAX IP - K562 cells, Rep 2, MAX IP - GM12878 cells",,,
CEBPB,NSDHL,uterus,CEBPB ChIP-Seq - HeLaS3,,,
FOS,NSDHL,uterus,FOS IP - HeLa cells,,,
CTCF,NSDHL,colon,"CTCF IP - HCT116 cells, Rep 1 , CTCF IP - Caco , CTCF IP - HCT116 cells, CTCF IP - Caco-2 cells, Rep 1 , CTCF IP - HCT116 cells, Rep 2 ",,,
RUNX1,NSDHL,hspcs,RUNX1,,,
YY1,NSDHL,liver,YY1 IP - HepG2 cells,,,
FOSL1,NSDHL,colon,FOSL1 IP - HCT116 cells,,,
MAX,NSDHL,colon,MAX IP - HCT116 cells,,,
MYC,NSDHL,leukocytes,"MYC IP - K562 cells, Rep 1, MYC IP - NB4 cells, MYC IP | IFNG - K562 cells, 6 h, MYC IP | IFNG - K562 cells, 30 min",,,
CTCF,NSDHL,heart,"CTCF IP - HCF cells , CTCF IP - myocytes cells, Rep 1 , CTCF IP - myocytes cells, Rep 2 ",,,
ATF1,NSDHL,leukocytes,ATF1 IP - K562 cells,,,
SREBF1,NSDHL,liver,SREBF1 IP | INS + 22RHC - HepG2 cells,,,
22RHC; INS,NSDHL,liver,SREBF1 IP | INS + 22RHC - HepG2 cells,,,
HOXA4,NSDHL,colon,HOXA4 IP ,,,
USF1,NSDHL,lung,"USF1 IP - A549 cells, Rep 2",,,
RELA,NSDHL,colon,RELA IP ,,,
TCF7L2,NSDHL,mammarygland,"DHT | TCF7L2 ChIP-Seq, TCF7L2 ChIP-Seq",,,
DHT,NSDHL,mammarygland,"DHT | TCF7L2 ChIP-Seq, DHT | MYC ChIP-Seq, DHT | FOXA1 ChIP-Seq",,,
GABPA,NSDHL,leukocytes,"GABPA IP - Jurkat, Rep 2, GABPA IP - K562 cells",,,
KLF5,NSDHL,stomach,KLF5 IP - KATOIII,,,
E2F1,NSDHL,mammarygland,"E2F1 IP - MCF7 cells, E2F1 IP",,,
NFYA,NSDHL,uterus,NFYA IP - HeLa cells,,,
STAT3,NSDHL,leukocytes,"STAT3 IP - SU-DHL-4, STAT3 IP - SU-DHL-6",,,
FOS,NSDHL,leukocytes,"FOS IP - K562 cells, FOS IP - GM12878 cells",,,
JUND,NSDHL,leukocytes,JUND IP - K562 cells,,,
HEY1,NSDHL,leukocytes,HEY1 IP - K562 cells,,,
E2F4,NSDHL,uterus,E2F4 IP - HeLa cells,,,
RELA,NSDHL,adiposetissue,"RELA IP, RELA IP",,,
TEAD4,NSDHL,stemcells,TEAD4 IP - H1 cells,,,
ERG,NSDHL,leukocytes,ERG IP - Rep 1,,,
CEBPB,NSDHL,liver,"CEBPB ChIP-Seq - HepG2, CEBPB IP - HepG2 cells, CEBPB IP | FORSK - HepG2 cells",,,
CTCF,NSDHL,miscellaneous,"CTCF IP - AG09319 cells, Rep 2 , CTCF IP - AG09319 cells, Rep 1 ",,,
NFYB,NSDHL,leukocytes,"NFYB IP - K562 cells, NFYB IP - GM12878 cells",,,
NFYA,NSDHL,leukocytes,"NFYA IP - GM12878 cells, NFYA IP - K562 cells",,,
BHLHE40,NSDHL,leukocytes,"BHLHE40 IP - GM12878 cells, BHLHE40 IP - K562 cells",,,
GLI2,NSDHL,colon,GLI2 IP ,,,
REST,NSDHL,cns,"REST IP - PFSK1 cells, Rep 2, REST IP - SK cells, REST IP - U87 cells",,,
BICALU,NSDHL,prostate,"HES6 OE + BICALU | E2F1 ChIP-Seq - Rep 1, BICALU + HES6 OE | E2F1 ChIP-Seq - Rep 2, HES6 OE + BICALU | E2F1 ChIP-Seq - Rep 3, BICALU | E2F1 ChIP-Seq - Rep 1, BICALU | E2F1 ChIP-Seq - Rep 3",,,
MAX,NSDHL,cns,MAX IP - SK-N-SH cells,,,
MYB,NSDHL,leukocytes,"MYB IP - Jurkat, Rep 5, MYB IP - Jurkat, Rep 4, MYB IP - Jurkat, Rep 2",,,
JUN,NSDHL,colon,JUN IP ,,,
CTCF,NSDHL,sensory,"CTCF IP - WERI-Rb-1- cells, Rep 1 , CTCF IP - HRPEpiC cells, Rep 1 , CTCF IP - WERI , CTCF IP - HRPEpiC cells, Rep 2 ",,,
NFYB,NSDHL,uterus,NFYB IP - HeLa cells,,,
MAX,NSDHL,lung,MAX IP - A549 cells,,,
TCF12,NSDHL,cns,TCF12 IP - SK-N-SH cells,,,
REST,NSDHL,lung,REST IP - A549 cells,,,
ELF1,NSDHL,mammarygland,ELF1 IP - MCF7 cells,,,
IFNG,NSDHL,leukocytes,"MYC IP | IFNG - K562 cells, 6 h, STAT1 IP - Rep 5, STAT1 IP - Rep 1, STAT1 IP - Rep 2, STAT1 IP - Rep 4, STAT1 IP - Rep 3, IRF1 IP | IFNG - K562 cells, 6 h, IRF1 IP | IFNG - K562 cells, 30 min, MYC IP | IFNG - K562 cells, 30 min",,,
CREB1,NSDHL,lung,"CREB1 IP - A549 cells, Rep 1, CREB1 IP | DEX - A549 cells",,,
STAT1,NSDHL,leukocytes,"STAT1 IP - Rep 5, STAT1 IP - Rep 1, STAT1 IP - Rep 2, STAT1 IP - Rep 4, STAT1 IP - Rep 3",,,
YY1,NSDHL,uterus,YY1 IP - ECC1 cells,,,
TEAD4,NSDHL,leukocytes,TEAD4 IP - K562 cells,,,
JUN,NSDHL,mammarygland,"JUN IP - Rep 1, JUN IP - Rep 2",,,
CEBPB,NSDHL,mammarygland,CEBPB IP - MCF7 cells,,,
SP1,NSDHL,lung,SP1 IP - A549 cells,,,
ELF1,NSDHL,leukocytes,"ELF1 IP - SK-N-SH cells, ELF1 IP - SK-N-SH cells",,,
CEBPB,NSDHL,leukocytes,"CEBPB IP | oxLDL  - Rep 206, CEBPB IP - K562 cells, CEBPB IP - Rep 204, CEBPB ChIP-Seq - K562, CEBPB IP, CEBPB IP | oxLDL  - Rep 208",,,
ETV5,NSDHL,colon,ETV5 IP ,,,
CTCF,NSDHL,bone,"CTCF IP, CTCF IP - Osteoblasts ",,,
SP1,NSDHL,leukocytes,"SP1 IP - K562 cells, SP1 IP - GM12878 cells",,,
HMGN3,NSDHL,leukocytes,HMGN3 IP - K562 cells,,,
KLF11,NSDHL,adiposetissue,"KLF11 ChIP-Seq, Rep 2, KLF11 ChIP-Seq, Rep 1, ROSI (BrAT) | KLF11 ChIP-Seq, Rep 1, ROSI (BrAT) | KLF11 ChIP-Seq, Rep 2",,,
REST,NSDHL,pancreas,"REST IP - Panc1 cells, Rep 3",,,
TP53,NSDHL,mammarygland,TP53 IP,,,
ZNF143,NSDHL,leukocytes,"ZNF143 IP - GM12878 cells, ZNF143 IP - K562 cells",,,
RELA,NSDHL,leukocytes,"RELA IP | BAY082  - IVD Th1 cells, PIA",,,
BAY082,NSDHL,leukocytes,"RELA IP | BAY082  - IVD Th1 cells, PIA",,,
TBP,NSDHL,leukocytes,TBP IP - K562 cells,,,
MAX,NSDHL,liver,"MAX IP - HepG2 cells, MAX IP - MCF7 cells",,,
MXI1,NSDHL,cns,MXI1 IP - SK-N-SH cells ,,,
YY1,NSDHL,leukocytes,"YY1 IP - K562 cells, Rep 2, YY1 IP - K562 cells, Rep 1, YY1 IP - GM12878 cells, YY1 IP - GM12891 cells",,,
CEBPB,NSDHL,colon,"CEBPB IP, CEBPB IP - HCT116 cells, CEBPB IP | 125DVD3",,,
SP2,NSDHL,liver,SP2 IP - HepG2 cells,,,
GMEB2,NSDHL,colon,GMEB2 IP ,,,
UBTF,NSDHL,leukocytes,UBTF IP - K562 cells,,,
DEX,NSDHL,lung,"CTCF IP | DEX - A549 cells , CTCF IP | DEX - A549 cells, CREB1 IP | DEX - A549 cells",,,
USF1,NSDHL,cns,"USF1 IP - SK-N-SH cells, USF1 IP | ATRA - SK-N-SH cells",,,
GTF2B,NSDHL,uterus,GTF2B IP - Rep 2,,,
FOXM1,NSDHL,mammarygland,FOXM1 IP | THSP - DS006,,,
17BE2,NSDHL,mammarygland,"17BE2 | FOXA1 ChIP-Seq - Rep 2, 17BE2 | FOXA1 ChIP-Seq - Rep 1",,,
CTCF,NSDHL,placenta,"CTCF IP - HVMF cells, Rep 1 , CTCF IP - HVMF cells, Rep 2 ",,,
YY1,NSDHL,cns,"YY1 IP | ATRA - SK-N-SH cells, YY1 IP - SK-N-SH cells",,,
ATRA,NSDHL,cns,"YY1 IP | ATRA - SK-N-SH cells, USF1 IP | ATRA - SK-N-SH cells",,,
ETS1,NSDHL,leukocytes,"ETS1 IP, ETS1 IP - K562 cells",,,
MXI1,NSDHL,lung,MXI1 IP - IMR cells,,,
NFYC,NSDHL,colon,NFYC IP ,,,
CEBPA,NSDHL,leukocytes,CEBPA IP,,,
SP1,NSDHL,liver,SP1 IP - HepG2 cells,,,
CTCF,NSDHL,stemcells,"CTCF IP - H1 cells , CTCF IP - Rep 2 , CTCF IP - Rep 4 , CTCF IP - Rep 6 , CTCF IP - Rep 1 , CTCF IP - Rep 5 , CTCF IP - H1 cells",,,
GABPA,NSDHL,cns,GABPA IP - SK-N-SH cells,,,
JUND,NSDHL,cns,JUND IP - SK-N-SH cells,,,
YY1,NSDHL,stemcells,YY1 IP - H1 cells,,,
TBP,NSDHL,liver,TBP IP - HepG2 cells,,,
MAZ,NSDHL,leukocytes,"MAZ IP - K562 cells, MAZ IP - GM12878 cells",,,
E2F4,NSDHL,leukocytes,E2F4 IP - K562 cells,,,
MAZ,NSDHL,lung,MAZ IP - IMR cells,,,
TP53,NSDHL,lung,"TP53 IP - propapoptic, Rep 1",,,
CREB1,NSDHL,stemcells,CREB1 IP - H1 cells,,,
TCF21,NSDHL,vasculature,"TCF21 IP, TCF21 IP",,,
ZNF143,NSDHL,uterus,ZNF143 IP - HeLa cells,,,
ZNF143,NSDHL,stemcells,ZNF143 IP - H1 cells,,,
IRF1,NSDHL,leukocytes,"IRF1 IP | IFNG - K562 cells, 6 h, IRF1 IP | IFNG - K562 cells, 30 min",,,
ELF3,NSDHL,pancreas,ELF3 IP,,,
GATA4,NSDHL,stomach,GATA4 IP - AGS,,,
FOXA2,NSDHL,embryonictissue,FOXA2 IP - Rep 2,,,
GATA2,NSDHL,prostate,GATA2 KD  | FOXA1 ChIP-Seq,,,
CREB1,NSDHL,liver,"CREB1 IP, CREB1 IP - HepG2 cells, CREB1 IP",,,
SRF,NSDHL,colon,SRF IP - HCT116 cells,,,
CTCF,NSDHL,adiposetissue,"CTCF ChIP-Seq - d 9, CTCF ChIP-Seq - d 0, CTCF ChIP-Seq - d -2",,,
FORSK,NSDHL,liver,CEBPB IP | FORSK - HepG2 cells,,,
JUND,NSDHL,liver,JUND IP - HepG2 cells,,,
FOXA2,NSDHL,liver,FOXA2 IP - HepG2 cells,,,
TAL1,NSDHL,colon,TAL1 IP ,,,
POU2F2,NSDHL,leukocytes,POU2F2 IP - GM12878 cells,,,
ROSI,NSDHL,adiposetissue,"ROSI (BrAT) | KLF11 ChIP-Seq, Rep 1, ROSI (BrAT) | KLF11 ChIP-Seq, Rep 2",,,
REST,NSDHL,stemcells,"REST IP - H1 cells, Rep 1",,,
SP1,NSDHL,stemcells,SP1 IP - H1 cells,,,
MAZ,NSDHL,uterus,MAZ IP - HeLa cells,,,
KLF5,NSDHL,stemcells,KLF5 IP - Rep 1 ,,,
MAX,NSDHL,stemcells,MAX IP - H1 cells,,,
FOXA2,NSDHL,lung,FOXA2 IP - A549 cells,,,
ELF1,NSDHL,liver,ELF1 IP - HepG2 cells,,,
SP1,NSDHL,colon,SP1 IP - HCT116 cells,,,
FOSL2,NSDHL,cns,FOSL2 IP - SK-N-SH cells,,,
SP2,NSDHL,leukocytes,SP2 IP - K562 cells,,,
MAX,NSDHL,vasculature,MAX IP - HUVEC cells,,,
USF1,NSDHL,uterus,USF1 IP - ECC1 cells,,,
EGR1,NSDHL,leukocytes,EGR1 IP - K562 cells,,,
HOXA6,NSDHL,colon,HOXA6 IP ,,,
JUND,NSDHL,vasculature,JUND IP,,,
ZNF76,NSDHL,kidney,ZNF76 IP | ZNF76 OE,,,
USF1,NSDHL,colon,USF1 IP - HCT116 cells,,,
SRF,NSDHL,mammarygland,SRF IP - MCF7 cells,,,
JUND,NSDHL,colon,JUND IP - HCT116 cells,,,
NFYA,NSDHL,colon,NFYA IP ,,,
PAX5,NSDHL,leukocytes,PAX5 IP - GM12892 cells,,,
MXI1,NSDHL,liver,MXI1 IP - HepG2 cells,,,
ELF1,NSDHL,colon,ELF1 IP - HCT116 cells,,,
SP2,NSDHL,stemcells,SP2 IP - H1 cells,,,
E2F1,NSDHL,uterus,"E2F1 IP - HeLa cells, Rep 2",,,
FOXP2,NSDHL,cns,FOXP2 IP - PFSK-1 cells,,,
GABPA,NSDHL,liver,"GABPA IP - MCF7 cells, GABPA IP - HepG2 cells",,,
ATF2,NSDHL,colon,ATF2 IP ,,,
ZBTB7A,NSDHL,leukocytes,ZBTB7A IP - SK-N-SH cells,,,
HEY1,NSDHL,liver,HEY1 IP - HepG2 cells,,,
E2F4,NSDHL,mammarygland,E2F4 IP | 4HT - MCF10 cells,,,
4HT,NSDHL,mammarygland,E2F4 IP | 4HT - MCF10 cells,,,
FOS,NSDHL,vasculature,FOS IP - HUVEC cells,,,
FOXM1,NSDHL,cns,FOXM1 IP - SK-N-SH cells,,,
E2F3,NSDHL,colon,E2F3 IP ,,,
TBP,NSDHL,stemcells,TBP IP - H1 cells,,,
125DVD3,NSDHL,colon,CEBPB IP | 125DVD3,,,
CTCF,PLPP6,leukocytes,"CTCF IP - GM2255 cells, Rep 2 , CTCF IP - GM12865 cells, Rep 2 , CTCF IP - GM2630 cells, Rep 2 , CTCF IP - K562 cells, Rep 1 , CTCF IP - MS1 cells, Rep 3 , CTCF IP - F36P cells, Rep 6 , CTCF IP - GM06990 cells, Rep 1 , CTCF IP - GM2588 cells, Rep 2 , CTCF IP - GM11994 cells, Rep 1, CTCF IP - UT-7 cells, Rep 4 , CTCF IP - KU812 cells, Rep 17 , CTCF IP - GM12154 cells, Rep 1, CTCF IP - UT-7 cells, Rep 3 , CTCF IP - K562 cells, Rep 11 , CTCF IP - GM11811 cells, Rep 2, CTCF IP - GM12864 cells, Rep 1 , CTCF IP - GM12875 cells, Rep 1 , CTCF IP - GM12891 cells, Rep 1 , CTCF IP - GM12873 cells, Rep 3 , CTCF IP - MS1 cells, Rep 4 , CTCF IP - GM12865 cells, Rep 3 , CTCF IP - GM2588 cells, Rep 3 , CTCF IP - GM18526 cells, Rep 2 , CTCF IP - GM12869 cells , CTCF IP - GM18505 cells, Rep 2 , CTCF IP - GM18486 cells, Rep 1 , CTCF IP - GM18951 cells, Rep 2 , CTCF IP - GM11881 cells, CTCF IP - F36P cells, Rep 3 , CTCF IP - GM19193 cells, Rep 1 , CTCF IP - F36P cells, Rep 11 , CTCF IP - GM12874 cells, Rep 2 , CTCF IP - F36P cells, Rep 7 , CTCF IP - GM06986 cells, CTCF IP - K562 cells, Rep 16 , CTCF IP - GM12875 cells, Rep 2 , CTCF IP - KU812 cells, Rep 1 , CTCF IP - GM18526 cells, Rep 1 , CTCF IP - K562 cells, Rep 9 , CTCF IP - GM2588 cells, Rep 1 , CTCF IP - GM11894 cells, Rep 2, CTCF IP - GM12866 cells , CTCF IP - GM12828 cells, CTCF IP - GM12872 cells, Rep 2 , CTCF IP - GM12892 cells, Rep 2 , CTCF IP - F36P cells, Rep 19 , CTCF IP - GM12868 cells , CTCF IP - GM12890 cells, Rep 1 , CTCF IP - GM12814 cells, Rep 1, CTCF IP - GM19193 cells, Rep 2 , CTCF IP - GM12865 cells, Rep 1 , CTCF IP - GM12878 cells , CTCF IP - GM18486 cells, Rep 3 , CTCF IP - K562 cells, Rep 14 , CTCF IP - GM12864 cells, Rep 3 , CTCF IP - GM12873 cells, Rep 1 , CTCF IP - GM12890 cells, Rep 2 , CTCF IP - GM2255 cells, Rep 1 , CTCF IP - K562 cells, Rep 15 , CTCF IP - GM12870 cells , CTCF IP - GM12872 cells, Rep 3 , CTCF IP - GM12867 cells , CTCF IP - GM12864 cells, Rep 2 , CTCF IP - GM19238 cells, Rep 1 , CTCF IP - GM19239 cells, Rep 1 , CTCF IP - GM12878 cells, Rep 1 , CTCF IP - GM11811 cells, Rep 1, CTCF IP - CD14+ cells , CTCF IP - GM10847 cells, Rep 2 , CTCF IP - GM12814 cells, Rep 2, CTCF IP - HeLa cells, Rep 2 , CTCF IP - GM2610 cells, Rep 2 , CTCF IP - F36P cells, Rep 14 , CTCF ChIP-Seq - GM12878, CTCF IP -  CD20+ cells , CTCF IP - K562 cells, CTCF IP - GM19240 cells, Rep 2 , CTCF IP - NB4 cells , CTCF IP - GM12878 cells, Rep 2 , CTCF IP - GM2255 cells, Rep 3 , CTCF IP - GM12878 cells, Rep 1 , CTCF IP - GM10847 cells, Rep 1 , CTCF IP - GM12873 cells, Rep 1 , CTCF IP - GM12234 cells, CTCF IP - GM19238 cells, Rep 2 , CTCF IP - MS1 cells, Rep 1 , CTCF IP - GM2610 cells, Rep 3 , CTCF IP - GM18951 cells, Rep 1 , CTCF IP, CTCF IP - UT-7 cells, Rep 6 , CTCF IP - GM12892 cells, Rep 1 , CTCF IP - GM2610 cells, Rep 1 , CTCF IP - K562 cells, Rep 13 , CTCF IP - K562 cells, CTCF IP - GM18486 cells, Rep 2 , CTCF IP - GM07346 cells, CTCF IP -  DND , CTCF IP - MS1 cells, Rep 2 , CTCF IP - GM2630 cells, Rep 3 , CTCF IP - K562 cells, Rep 12 , CTCF IP - GM12890 cells, Rep 3 , CTCF IP - F36P cells, Rep 2 , CTCF IP - F36P cells, Rep 15 , CTCF IP - UT-7 cells, Rep 5 , CTCF IP - GM18505 cells, Rep 1 , CTCF IP - GM12815 cells, Rep 1, CTCF IP - GM12891 cells, Rep 2 , CTCF IP - GM2630 cells, Rep 1 , CTCF IP - GM12874 cells, Rep 1 , CTCF IP - GM06990 cells, Rep 2 , CTCF IP - GM19240 cells, Rep 1 , CTCF IP - GM11994 cells, Rep 2, CTCF IP - K562 cells, Rep 2 , CTCF IP - K562 cells, CTCF IP - GM19099 cells, Rep 2 , CTCF IP - GM12154 cells, Rep 2, CTCF IP - GM12872 cells, Rep 1 , CTCF IP - F36P cells, Rep 10 , CTCF IP - GM12878 cells, Rep 2 , CTCF IP - GM19099 cells, Rep 1 , CTCF IP - GM19239 cells, Rep 2 , CTCF IP - K562 cells , CTCF IP - GM12871 cells , CTCF IP - GM11831 cells",,,
CEBPB,PLPP6,leukocytes,"CEBPB ChIP-Seq - K562, CEBPB IP | oxLDL  - Rep 208, CEBPB IP - K562 cells, CEBPB IP",,,
GATA4,PLPP6,stomach,GATA4 IP - AGS,,,
CEBPA,PLPP6,leukocytes,CEBPA IP,,,
CTCF,PLPP6,stemcells,"CTCF IP - Rep 5 , CTCF IP - H1 cells, CTCF IP - Rep 2 , CTCF IP - Rep 4 , CTCF IP - H1 cells , CTCF IP - Rep 1 , CTCF IP - Rep 7 , CTCF IP - Rep 3 , CTCF IP - Rep 6 ",,,
CTCF,PLPP6,hspcs,"CTCF IP - HSPCs, Rep 1, CTCF IP - HEL 92.1.7 cells, Rep 14 , CTCF IP - Erythroid cells, Rep 2, CTCF IP - HEL 92.1.7 cells, Rep 8 , CTCF IP - HEL 92.1.7 cells, Rep 7 , CTCF IP - HEL 92.1.7 cells, Rep 5 , CTCF IP - HEL 92.1.7 cells, Rep 1 , CTCF IP - HEL 92.1.7 cells, Rep 4 , CTCF IP - HSPCs, Rep 2, CTCF IP - HEL 92.1.7 cells, Rep 2 , CTCF IP - HEL 92.1.7 cells, Rep 13 , CTCF IP - HEL 92.1.7 cells, Rep 11 , CTCF IP - Erythroid cells, Rep 1, CTCF IP - HEL 92.1.7 cells, Rep 10 ",,,
FOXA1,PLPP6,mammarygland,"DEX | FOXA1 ChIP-Seq - Rep 2, 17BE2 | FOXA1 ChIP-Seq - Rep 2, FOXA1 IP - T47D, 17BE2 | FOXA1 ChIP-Seq - Rep 2, DEX | FOXA1 ChIP-Seq - Rep 2, FOXA1 ChIP-Seq - Rep 2, 17BE2 | FOXA1 ChIP-Seq, 17BE2 | FOXA1 ChIP-Seq - Rep 1, FOXA1 ChIP-Seq - Rep 1, 17BE2 | FOXA1 ChIP-Seq - Rep 1, DEX | FOXA1 ChIP-Seq - Rep 1, FOXA1 ChIP-Seq - Rep 1, FOXA1 ChIP-Seq, DEX | FOXA1 ChIP-Seq - Rep 1, DEX | FOXA1 ChIP-Seq - Rep 2, 17BE2 | FOXA1 ChIP-Seq - Rep 1, 17BE2 | FOXA1 ChIP-Seq - Rep 2, TNF | FOXA1 ChIP-Seq - Rep 1, FOXA1 ChIP-Seq - Rep 2, 17BE2 | FOXA1 ChIP-Seq - Rep 2, DEX | FOXA1 ChIP-Seq - Rep 1, DHT | FOXA1 ChIP-Seq, FOXA1 IP - T47D cells, TNF | FOXA1 ChIP-Seq - Rep 2, FOXA1 ChIP-Seq - Rep 2, FOXA1 ChIP-Seq - Rep 1, 17BE2 + TNF | FOXA1 ChIP-Seq - Rep 2, FOXA1 ChIP-Seq - Rep 2, 17BE2 | FOXA1 ChIP-Seq - Rep 1",,,
DEX,PLPP6,mammarygland,"DEX | FOXA1 ChIP-Seq - Rep 2, DEX | FOXA1 ChIP-Seq - Rep 2, DEX | FOXA1 ChIP-Seq - Rep 1, DEX | FOXA1 ChIP-Seq - Rep 1, DEX | FOXA1 ChIP-Seq - Rep 2, DEX | FOXA1 ChIP-Seq - Rep 1",,,
STAT3,PLPP6,leukocytes,"STAT3 IP - OCI-LY7, STAT3 IP - SU-DHL-4, STAT3 IP - SU-DHL-6",,,
CTCF,PLPP6,heart,"CTCF IP - myocytes cells, Rep 2 , CTCF IP - HCF cells , CTCF IP - myocytes cells, Rep 1 ",,,
SRF,PLPP6,colon,SRF IP - HCT116 cells,,,
17BE2,PLPP6,mammarygland,"17BE2 | FOXA1 ChIP-Seq - Rep 2, 17BE2 | FOXA1 ChIP-Seq - Rep 2, 17BE2 | FOXA1 ChIP-Seq, 17BE2 | FOXA1 ChIP-Seq - Rep 1, 17BE2 | FOXA1 ChIP-Seq - Rep 1, 17BE2 | FOXA1 ChIP-Seq - Rep 1, 17BE2 | FOXA1 ChIP-Seq - Rep 2, 17BE2 | FOXA1 ChIP-Seq - Rep 2, 17BE2 | FOXA1 ChIP-Seq - Rep 1",,,
ZBTB7A,PLPP6,leukocytes,ZBTB7A IP - SK-N-SH cells,,,
E2F6,PLPP6,leukocytes,"E2F6 IP - K562 cells, E2F6 IP - K562 cells",,,
CTCF,PLPP6,sensory,"CTCF IP - HRPEpiC cells, Rep 1 , CTCF IP - WERI , CTCF IP - WERI-Rb-1- cells, Rep 1 , CTCF IP - HRPEpiC cells, Rep 2 ",,,
ZNF143,PLPP6,leukocytes,"ZNF143 IP - GM12878 cells, ZNF143 IP - K562 cells",,,
STAT3,PLPP6,mammarygland,"STAT3 IP - MCF10A cells, Rep 1, STAT3 IP - MCF10A cells, Rep 2, STAT3 IP | 4HT - MCF10 cells, 12 h, STAT3 IP | 4HT - MCF10 cells, 36 h",,,
CTCF,PLPP6,skin,"CTCF IP - NHDF cells, Rep 2 , CTCF IP - AG10803 cells, Rep 1 , CTCF IP - GM12878 cells, Rep 2 , CTCF IP - AG09309 cells, Rep 1 , CTCF IP - HFFC cells, Rep 2 , CTCF IP - AG10803 cells, Rep 2 , CTCF IP - AG04449 cells, Rep 1 , CTCF IP - AG09309 cells, Rep 2 , CTCF IP - NHDF cells , CTCF IP - HFFC cells, Rep 1 , CTCF IP - HFFC cells, Rep 3 , CTCF IP - NHDF cells, Rep 1 , CTCF IP - NHEK cells, Rep 2 , CTCF IP - BJ cells, Rep 2 , CTCF IP - BJ cells, Rep 1 , CTCF IP - NHEK cells , CTCF IP - AG04449 cells, Rep 2 ",,,
E2F6,PLPP6,uterus,E2F6 IP - HeLa cells,,,
MAX,PLPP6,liver,"MAX IP - MCF7 cells, MAX IP - HepG2 cells, MAX IP - HepG2 cells",,,
FOXA1,PLPP6,prostate,"R1881 | FOXA1 ChIP-Seq - Rep 2, FOXA1 ChIP-Seq, DHT | FOXA1 ChIP-Seq - C4- Rep 2B, FOXA1 KD | FOXA1 ChIP-Seq - Rep 1, FOXA1 ChIP-Seq - Rep 1, CON KD + R1881 | FOXA1 ChIP-Seq - Rep 2, DHT | FOXA1 ChIP-Seq, GATA2 KD + R1881 | FOXA1 ChIP-Seq, FOXA1 ChIP-Seq, FOXA1 ChIP-Seq - LNCaP-abl, CON KD + R1881 | FOXA1 ChIP-Seq, PIAS1 + R1881 | FOXA1 ChIP-Seq - Rep 2, DHT | FOXA1 ChIP-Seq, PIAS1 + R1881 | FOXA1 ChIP-Seq - Rep 1, FOXA1 ChIP-Seq, CREB1 siRNA | FOXA1 ChIP-Seq - Rep 2, AR C562S OE + FOXA1 OE | FOXA1 ChIP-Seq, FOXA1 ChIP-Seq - LNCaP, EtOH | FOXA1 ChIP-Seq - Rep 2, R1881 | FOXA1 ChIP-Seq - Rep 1, DHT | FOXA1 ChIP-Seq, CON KD  | FOXA1 ChIP-Seq, CON KD | FOXA1 ChIP-Seq, FOXA1 ChIP-Seq - C4- Rep 2B, DHT | FOXA1 ChIP-Seq, GATA2 KD  | FOXA1 ChIP-Seq, FOXA1 ChIP-Seq, CON KD | FOXA1 ChIP-Seq, FOXA1 ChIP-Seq - Rep 2, FOXA1 ChIP-Seq - Rep 1, POU2F1 KD + DHT | FOXA1 ChIP-Seq, CON KD + R1881 | FOXA1 ChIP-Seq - Rep 1, FOXA1 KD | FOXA1 ChIP-Seq, WT AR OE + FOXA1 OE | FOXA1 ChIP-Seq, CON KD | FOXA1 ChIP-Seq, FOXA1 ChIP-Seq, FOXA1 ChIP-Seq, EtOH | FOXA1 ChIP-Seq - , FOXA1 KD | FOXA1 ChIP-Seq, DHT | FOXA1 ChIP-Seq, FOXA1 ChIP-Seq - Rep 2, CREB1 siRNA | FOXA1 ChIP-Seq - Rep 1","25552417,",,
R1881,PLPP6,prostate,"R1881 | FOXA1 ChIP-Seq - Rep 2, CON KD + R1881 | FOXA1 ChIP-Seq - Rep 2, GATA2 KD + R1881 | FOXA1 ChIP-Seq, CON KD + R1881 | GATA2 ChIP-Seq, CON KD + R1881 | FOXA1 ChIP-Seq, PIAS1 + R1881 | FOXA1 ChIP-Seq - Rep 2, PIAS1 + R1881 | FOXA1 ChIP-Seq - Rep 1, R1881 | FOXA1 ChIP-Seq - Rep 1, CON KD + R1881 | FOXA1 ChIP-Seq - Rep 1, GABPA IP | R1881",,,
PAX5,PLPP6,leukocytes,"PAX5 IP - GM12892 cells, PAX5 IP - GM12878 cells, Rep 2",,,
PBX3,PLPP6,cns,PBX3 IP - SK-N-SH cells,,,
ELF3,PLPP6,pancreas,"ELF3 IP | KLF5 KO, ELF3 IP, ELF3 IP",,,
KLF5,PLPP6,pancreas,"ELF3 IP | KLF5 KO, FOXA1 IP | KLF5 KO",,,
CUX1,PLPP6,leukocytes,CUX1 IP - GM12878 cells,,,
CEBPB,PLPP6,stemcells,"CEBPB IP, CEBPB IP, CEBPB IP - H1 cells, CEBPB IP, CEBPB IP, CEBPB IP, CEBPB IP, CEBPB IP",,,
FOXA1,PLPP6,liver,"FOXA1 IP - HepG2 cells, Rep 2, FOXA1 IP - HepG2 cells, Rep 1",,,
FOXA2,PLPP6,stemcells,"FOXA2 IP - ES D7, FOXA2 IP - ES D2, FOXA2 IP - Rep 1 , FOXA2 IP - Rep 5 , FOXA2 IP - ES D10, FOXA2 IP - ES D5",,,
DHT,PLPP6,prostate,"DHT | FOXA1 ChIP-Seq - C4- Rep 2B, DHT | FOXA1 ChIP-Seq, DHT | FOXA1 ChIP-Seq, DHT | FOXP1 ChIP-Seq, DHT | FOXA1 ChIP-Seq, DHT | FOXA1 ChIP-Seq, POU2F1 KD + DHT | FOXA1 ChIP-Seq, DHT | ERG ChIP-Seq - 18 h, DHT | ERG ChIP-Seq - 2 h, DHT | FOXA1 ChIP-Seq",,,
BHLHE40,PLPP6,leukocytes,BHLHE40 IP - GM12878 cells,,,
YY1,PLPP6,lung,YY1 IP - A549 cells,,,
FOXA2,PLPP6,liver,FOXA2 IP - HepG2 cells,,,
MAX,PLPP6,leukocytes,"MAX IP - NB4 cells, MAX IP - K562 cells, Rep 2, MAX IP - GM12878 cells, MAX IP - K562 cells",,,
MYB,PLPP6,leukocytes,"MYB IP - Jurkat, Rep 4, MYB IP - Jurkat, Rep 2, MYB IP - Jurkat, Rep 1, MYB IP - Jurkat, Rep 3, MYB IP - MOLT3",,,
SPI1,PLPP6,leukocytes,"SPI1 IP, SPI1 IP, SPI1 IP, SPI1 IP - GM12878 cells, Rep 2 , SPI1 IP - U-937 cells, Rep 4 , SPI1 IP - GM12891 cells, SPI1 IP, SPI1 IP, ROSI | SPI1 ChIP-Seq, SPI1 IP - U-937 cells, Rep 1 , SPI1 IP - GM12878 cells, SPI1 IP - GM12878 cells, Rep 4 , SPI1 IP, SPI1 IP, SPI1 IP, SPI1 IP, SPI1 IP, SPI1 IP - HL cells, SPI1 IP - K562 cells",,,
ZEB1,PLPP6,leukocytes,ZEB1 IP - GM12878 cells,,,
E2F6,PLPP6,stemcells,E2F6 IP - H1 cells,,,
JUND,PLPP6,liver,"JUND IP - HepG2 cells, JUND IP - HepG2 cells",,,
GABPA,PLPP6,leukocytes,"GABPA IP - GM12878 cells, Rep 2 , GABPA IP - Jurkat, Rep 2, GABPA IP - GM12878 cells, GABPA IP - GM12878 cells, Rep 1 , GABPA IP - K562 cells, GABPA IP - HL cells, GABPA IP, GABPA IP - Jurkat, Rep 1, GABPA IP - GM12878 cells, Rep 3 , GABPA IP - GM12878 cells, Rep 5 , GABPA IP - GM12878 cells, Rep 4 ",,,
MXI1,PLPP6,cns,MXI1 IP - SK-N-SH cells ,,,
REST,PLPP6,liver,"REST IP - HepG2 cells, Rep 2",,,
CTCF,PLPP6,liver,"CTCF IP, CTCF IP - SK-N-SH cells, CTCF IP - HepG2 cells , CTCF IP - HepG2 cells, Rep 1 , CTCF IP - HepG2 cells, Rep 2 ",,,
CTCF,PLPP6,kidney,"CTCF IP - HRE cells, Rep 2 , CTCF IP - HEK293 cells, Rep 2 , CTCF IP - RPTEC cells, Rep 1 , CTCF IP - HEK293 cells, Rep 1 , CTCF IP - RPTEC cells, Rep 2 , CTCF IP - HRE cells, Rep 1 ",,,
GTF2B,PLPP6,uterus,"GTF2B IP - DTT, Rep 1, GTF2B IP - Rep 2",,,
EGR1,PLPP6,colon,EGR1 IP - HCT116 cells,,,
CTCF,PLPP6,colon,"CTCF IP - Caco , CTCF IP - Rep 1 , CTCF IP - HCT116 cells, Rep 2 , CTCF IP - HCT116 cells, CTCF IP - HCT116 cells, Rep 1 , CTCF IP - Caco-2 cells, Rep 1 , CTCF IP - Rep 2 ",,,
YY1,PLPP6,leukocytes,"YY1 IP - GM12878 cells, YY1 IP - K562 cells, Rep 1, YY1 IP - K562 cells, Rep 2, YY1 IP - GM12892 cells, Rep 1, YY1 IP - GM12891 cells",,,
TCF7L2,PLPP6,mammarygland,"TCF7L2 ChIP-Seq, DHT | TCF7L2 ChIP-Seq",,,
CTCF,PLPP6,mammarygland,"CTCF IP - HMEC cells, Rep 1 , CTCF IP - T47D cells, CTCF IP - HMF cells, Rep 1 , CTCF IP - MCF-7 cells Rep 2 , CTCF IP - MCF-7 cells, Rep 1 , CTCF IP - HMF cells, Rep 2 , CTCF IP - HMEC cells, Rep 2 , CTCF IP - MCF7 cells",,,
E2F1,PLPP6,prostate,"BICALU | E2F1 ChIP-Seq - Rep 1, BICALU | E2F1 ChIP-Seq - Rep 3, HES6 OE | E2F1 ChIP-Seq - Rep 1, HES6 OE + BICALU | E2F1 ChIP-Seq - Rep 1, E2F1 ChIP-Seq - Rep 1, HES6 OE + BICALU | E2F1 ChIP-Seq - Rep 3",,,
BICALU,PLPP6,prostate,"BICALU | E2F1 ChIP-Seq - Rep 1, BICALU | E2F1 ChIP-Seq - Rep 3, HES6 OE + BICALU | E2F1 ChIP-Seq - Rep 1, HES6 OE + BICALU | E2F1 ChIP-Seq - Rep 3",,,
CTCF,PLPP6,vasculature,"CTCF IP - HUVEC cells , CTCF IP - HUVEC cells, Rep 1 , CTCF IP - HBMEC cells, Rep 2 , CTCF IP - HBMEC cells, Rep 1 , CTCF IP - HPAF cells, Rep 1 , CTCF IP - AoAFC cells, Rep 2 , CTCF IP - HPAF cells, Rep 2 , CTCF IP - HUVEC cells, Rep 2 , CTCF IP - AoAFC cells, Rep 1 ",,,
CTCF,PLPP6,cns,"CTCF IP - SK-N-SH cells , CTCF IP - HCPEpiC cells, Rep 1 , CTCF IP - BE(2)-C cells, Rep 2 , CTCF IP - spinal cord astrocyte cells, Rep 1 , CTCF IP - SK cells, CTCF IP - SK-N-SH cells, Rep 1 , CTCF IP - spinal cord astrocyte cells, Rep 2 , CTCF IP - HCPEpiC cells, Rep 2 , CTCF IP - cerebellar astrocyte cells, Rep 1 , CTCF IP - SK-N-SH cells, Rep 2 , CTCF IP - cerebellar astrocyte cells, Rep 2 , CTCF IP - BE(2)-C cells, Rep 1 ",,,
GABPA,PLPP6,liver,"GABPA IP, GABPA IP - MCF7 cells, GABPA IP - HepG2 cells, GABPA IP, GABPA IP",,,
TBP,PLPP6,liver,TBP IP - HepG2 cells,,,
RUNX1,PLPP6,hspcs,RUNX1,,,
UBTF,PLPP6,leukocytes,"UBTF IP - K562 cells, UBTF IP - K562 cells",,,
TEAD4,PLPP6,colon,TEAD4 IP - HCT116 cells,,,
MXI1,PLPP6,leukocytes,MXI1 IP - GM12878 cells,,,
SRF,PLPP6,stemcells,"SRF IP - Rep 5 , SRF IP - Rep 7 , SRF IP - Rep 4 ",,,
IRF1,PLPP6,leukocytes,"IRF1 IP | IFNG - K562 cells, 6 h, IRF1 IP | IFNA1-13 - K562 cells, 6 h",,,
IFNG,PLPP6,leukocytes,"IRF1 IP | IFNG - K562 cells, 6 h, STAT1 IP - Rep 5, STAT1 IP - Rep 4, STAT1 IP - Rep 3, STAT1 IP - Rep 1, MYC IP | IFNG - K562 cells, 6 h, STAT1 IP - Rep 2, MYC IP | IFNG - K562 cells, 30 min",,,
CTCF,PLPP6,placenta,"CTCF IP - HVMF cells, Rep 1 , CTCF IP - HVMF cells, Rep 2 ",,,
CEBPB,PLPP6,mammarygland,CEBPB IP - MCF7 cells,,,
GABPA,PLPP6,uterus,GABPA IP - HeLa cells,,,
ETS1,PLPP6,lung,ETS1 IP - A549 cells,,,
STAT5B,PLPP6,leukocytes,STAT5B IP | IL2 - Rep 2,,,
IL2,PLPP6,leukocytes,STAT5B IP | IL2 - Rep 2,,,
CEBPB,PLPP6,liver,"CEBPB IP - HepG2 cells, CEBPB ChIP-Seq - HepG2, CEBPB IP | FORSK - HepG2 cells",,,
CTCF,PLPP6,lung,"CTCF IP - A549 cells , CTCF IP - SAEC cells, Rep 2 , CTCF IP - NHLF cells , CTCF IP - SAEC cells, Rep 1 , CTCF IP - A549 cells, Rep 1 , CTCF IP - HPF cells, Rep 1 , CTCF IP - IMR cells, CTCF IP - AG04450 cells, Rep 2 , CTCF IP - HPF cells, Rep 2 , CTCF ChIP-Seq - A549, CTCF IP - AG04450 cells, Rep 1 , CTCF IP | DEX - A549 cells , CTCF IP | DEX - A549 cells, CTCF IP - A549 cells, Rep 2 , CTCF IP - NHLF cells , CTCF IP - A549 cells",,,
FOXA1,PLPP6,lung,"FOXA1 IP | DEX - A549 cells, FOXA1 IP - A549 cells",,,
DEX,PLPP6,lung,"FOXA1 IP | DEX - A549 cells, USF1 IP | DEX - A549 cells, CREB1 IP | DEX - A549 cells, CTCF IP | DEX - A549 cells , CTCF IP | DEX - A549 cells",,,
FOXA1,PLPP6,stemcells,"FOXA1 IP - Rep 4 , FOXA1 IP - ES D7, FOXA1 IP - ES D5, FOXA1 IP - ES D10, FOXA1 IP - Rep 5 ",,,
TEAD4,PLPP6,liver,"TEAD4 IP - MCF7 cells, TEAD4 IP - HepG2 cells",,,
CEBPB,PLPP6,colon,"CEBPB IP - HCT116 cells, CEBPB IP | 125DVD3, CEBPB IP",,,
JUN,PLPP6,liver,JUN IP - HepG2 cells,,,
MTA3,PLPP6,leukocytes,MTA3 IP - GM12878 cells,,,
SP1,PLPP6,colon,SP1 IP - HCT116 cells,,,
ETS1,PLPP6,leukocytes,"ETS1 IP - K562 cells, ETS1 IP, ETS1 IP - GM12878 cells",,,
HEY1,PLPP6,leukocytes,HEY1 IP - K562 cells,,,
ERG,PLPP6,prostate,"ERG ChIP-Seq, DMSO | ERG ChIP-Seq - Rep 2, DHT | ERG ChIP-Seq - 18 h, ERG ChIP-Seq, DHT | ERG ChIP-Seq - 2 h, DMSO | ERG ChIP-Seq - Rep 1",,,
REST,PLPP6,cns,"REST IP - PFSK1 cells, Rep 2, REST IP - PFSK-N-SH cells1 cells, Rep 1, REST IP - SK-N-SH cells, REST IP - U87 cells, REST IP - SK cells",,,
GATA2,PLPP6,prostate,"GATA2 KD + R1881 | FOXA1 ChIP-Seq, CON KD + R1881 | GATA2 ChIP-Seq, GATA2 KD  | FOXA1 ChIP-Seq, GATA2 ChIP-Seq",,,
CTCF,PLPP6,megakaryocytelineage,"CTCF IP - MEG-01 cells, Rep 8 , CTCF IP - MEG-01 cells, Rep 6 , CTCF IP - MEG-01 cells, Rep 2 , CTCF IP - MEG-01 cells, Rep 10 , CTCF IP - MEG-01 cells, Rep 4 ",,,
RELA,PLPP6,adiposetissue,"RELA IP, RELA IP",,,
MAX,PLPP6,uterus,"MAX IP - HeLa cells, Rep 1, MAX IP - ECC1 cells, MAX IP - HeLa cells, Rep 2",,,
TCF7L2,PLPP6,pancreas,TCF7L2 IP,,,
HIF1A,PLPP6,bone,HIF1A IP,,,
USF1,PLPP6,lung,USF1 IP | DEX - A549 cells,,,
MYC,PLPP6,leukocytes,"MYC IP - NB4 cells, MYC IP - K562 cells, Rep 1, MYC IP | IFNG - K562 cells, 6 h, MYC IP | IFNG - K562 cells, 30 min",,,
RELA,PLPP6,leukocytes,"RELA IP - IVD Th1 cells, PIA, RELA IP | TNF - GM15510 cells, RELA IP | BAY082  - IVD Th1 cells, PIA, RELA IP | TNF - GM19099 cells, RELA IP | TNF - GM12891 cells, RELA IP | TNF - GM10847 cells, RELA IP | TNF - GM18951 cells, RELA IP | TNF - GM18505 cells",,,
CREB1,PLPP6,stemcells,CREB1 IP - H1 cells,,,
MAZ,PLPP6,lung,MAZ IP - IMR cells,,,
ZNF263,PLPP6,kidney,ZNF263 IP - HEK293 cells,,,
CTCF,PLPP6,adiposetissue,"CTCF ChIP-Seq - d 9, CTCF ChIP-Seq - d -2, CTCF ChIP-Seq - d 0",,,
MAX,PLPP6,stemcells,MAX IP - H1 cells,,,
SMAD1,PLPP6,hspcs,SMAD1 IP - Rep 3,,,
REST,PLPP6,leukocytes,"REST IP - K562 cells, REST IP - HL60 cells",,,
ELK4,PLPP6,uterus,"ELK4 IP - HeLa cells, ELK4 IP - HeLa, Rep 1",,,
USF1,PLPP6,colon,USF1 IP - HCT116 cells,,,
E2F6,PLPP6,lung,E2F6 IP - A549 cells,,,
MEF2C,PLPP6,leukocytes,MEF2C IP - GM12878 cells,,,
TAL1,PLPP6,colon,TAL1 IP ,,,
PIAS1,PLPP6,prostate,"PIAS1 + R1881 | FOXA1 ChIP-Seq - Rep 2, PIAS1 + R1881 | FOXA1 ChIP-Seq - Rep 1",,,
EGR1,PLPP6,liver,EGR1 IP - MCF7 cells,,,
ELF1,PLPP6,liver,ELF1 IP - HepG2 cells,,,
TEAD4,PLPP6,stemcells,TEAD4 IP - H1 cells,,,
YY1,PLPP6,liver,YY1 IP - HepG2 cells,,,
CREB1,PLPP6,prostate,"CREB1 ChIP-Seq - LNCaP, CREB1 siRNA | FOXA1 ChIP-Seq - Rep 2, CREB1 ChIP-Seq - LNCaP-abl, CREB1 siRNA | FOXA1 ChIP-Seq - Rep 1",,,
TCF12,PLPP6,stemcells,TCF12 IP - H1 cells,,,
POU2F2,PLPP6,leukocytes,POU2F2 IP - GM12878 cells,,,
JUND,PLPP6,leukocytes,JUND IP - K562 cells,,,
HOXA4,PLPP6,colon,HOXA4 IP ,,,
GABPA,PLPP6,prostate,"GABPA IP - Rep 2, GABPA IP - Rep 1, GABPA IP | R1881",,,
CEBPB,PLPP6,lung,"CEBPB ChIP-Seq - A549, CEBPB ChIP-Seq - IMR90, CEBPB IP - A549 cells",,,
MAX,PLPP6,vasculature,MAX IP - HUVEC cells,,,
TP53,PLPP6,mammarygland,TP53 IP,,,
FOXA1,PLPP6,pancreas,FOXA1 IP | KLF5 KO,,,
FOS,PLPP6,mammarygland,"FOS IP - MCF10A cells, FOS IP | 4HT - MCF10A cells, 12 h, FOS IP | 4HT - MCF10A cells, 4 h, FOS IP | 4HT - MCF10A cells, 36 h",,,
KLF11,PLPP6,adiposetissue,"ROSI (BrAT) | KLF11 ChIP-Seq, Rep 2, KLF11 ChIP-Seq, Rep 2",,,
ROSI,PLPP6,adiposetissue,"ROSI (BrAT) | KLF11 ChIP-Seq, Rep 2",,,
FOXA2,PLPP6,embryonictissue,"FOXA2 IP - Rep 2, FOXA2 IP - Rep 1",,,
MEF2A,PLPP6,leukocytes,MEF2A IP - GM12878 cells,,,
JUND,PLPP6,uterus,JUND IP - HeLa cells,,,
FOXP1,PLPP6,prostate,DHT | FOXP1 ChIP-Seq,,,
FOXM1,PLPP6,leukocytes,FOXM1 IP - GM12878 cells,,,
STAT1,PLPP6,leukocytes,"STAT1 IP - Rep 5, STAT1 IP - Rep 4, STAT1 IP - Rep 3, STAT1 IP - Rep 1, STAT1 IP - Rep 2",,,
JUND,PLPP6,stemcells,"JUND IP - H1 cells, JUND IP - H1 cells",,,
JUND,PLPP6,cns,"JUND IP - SK-N-SH cells, JUND IP - SK-N-SH cells ",,,
TNF,PLPP6,leukocytes,"RELA IP | TNF - GM15510 cells, RELA IP | TNF - GM12891 cells, RELA IP | TNF - GM10847 cells, RELA IP | TNF - GM18951 cells, RELA IP | TNF - GM18505 cells",,,
ELK1,PLPP6,leukocytes,ELK1 IP - GM12878 cells,,,
MAZ,PLPP6,leukocytes,"MAZ IP - K562 cells, MAZ IP - GM12878 cells",,,
TAL1,PLPP6,leukocytes,TAL1 IP - MOLT3,,,
4HT,PLPP6,mammarygland,"FOS IP | 4HT - MCF10A cells, 12 h, MYC IP | 4HT - MCF10A cells, FOS IP | 4HT - MCF10A cells, 4 h, STAT3 IP | 4HT - MCF10 cells, 12 h, STAT3 IP | 4HT - MCF10 cells, 36 h, FOS IP | 4HT - MCF10A cells, 36 h",,,
125DVD3,PLPP6,colon,CEBPB IP | 125DVD3,,,
MYC,PLPP6,mammarygland,"MYC IP | 4HT - MCF10A cells, MYC IP - MCF-10A cells, DHT | MYC ChIP-Seq",,,
USF1,PLPP6,stemcells,USF1 IP - H1 cells,,,
GATA3,PLPP6,cns,GATA3 IP - SK-N-SH cells,,,
EGR1,PLPP6,leukocytes,EGR1 IP - K562 cells,,,
TCF12,PLPP6,cns,TCF12 IP - SK-N-SH cells,,,
TCF12,PLPP6,uterus,TCF12 IP - ECC1 cells,,,
YY1,PLPP6,stemcells,YY1 IP - H1 cells,,,
USF1,PLPP6,cns,USF1 IP | ATRA - SK-N-SH cells,,,
ATRA,PLPP6,cns,"USF1 IP | ATRA - SK-N-SH cells, YY1 IP | ATRA - SK-N-SH cells",,,
TEAD4,PLPP6,lung,TEAD4 IP - A549 cells,,,
EGR1,PLPP6,stemcells,EGR1 IP - H1 cells,,,
ELF1,PLPP6,colon,ELF1 IP - HCT116 cells,,,
SRF,PLPP6,leukocytes,"SRF IP - GM12878 cells, Rep 2, SRF IP - SK-N-SH cells",,,
AR,PLPP6,prostate,"AR C562S OE + FOXA1 OE | FOXA1 ChIP-Seq, WT AR OE + FOXA1 OE | FOXA1 ChIP-Seq",,,
CTCF,PLPP6,uterus,"CTCF IP - HeLa cells , CTCF IP - HeLa cells, Rep 1 ",,,
ZEB1,PLPP6,liver,ZEB1 IP - HepG2 cells,,,
ATF2,PLPP6,stemcells,ATF2 IP - H1 cells,,,
CREB1,PLPP6,liver,"CREB1 IP, CREB1 IP - HepG2 cells, CREB1 IP",,,
MAFF,PLPP6,liver,MAFF IP - HepG2 cells,,,
GATA2,PLPP6,hspcs,GATA2 IP,,,
PDX1,PLPP6,pancreas,PDX1 IP,,,
PDX1,PLPP6,stemcells,PDX1 IP,,,
BAY082,PLPP6,leukocytes,"RELA IP | BAY082  - IVD Th1 cells, PIA",,,
GATA3,PLPP6,mammarygland,"GATA3 IP - MCF7 cells, GATA3 IP - T47D cells",,,
JUND,PLPP6,colon,JUND IP - HCT116 cells,,,
TBP,PLPP6,stemcells,TBP IP - H1 cells,,,
ELF1,PLPP6,cns,ELF1 IP - SK-N-SH cells,,,
TP53,PLPP6,lung,"TP53 IP - propapoptic, Rep 1",,,
IRF1,PLPP6,colon,IRF1 IP ,,,
CEBPB,PLPP6,uterus,"CEBPB ChIP-Seq - HeLaS3, CEBPB IP - ECC1 cells",,,
FOSL1,PLPP6,colon,FOSL1 IP - HCT116 cells,,,
SP2,PLPP6,leukocytes,SP2 IP - K562 cells,,,
ROSI,PLPP6,leukocytes,ROSI | SPI1 ChIP-Seq,,,
FLI1,PLPP6,hspcs,FLI1 IP,,,
TCF12,PLPP6,leukocytes,TCF12 IP - GM12878 cells,,,
MAFK,PLPP6,liver,"MAFK IP - HepG2 cells, Rep 2",,,
CTCF,PLPP6,bone,CTCF IP - Osteoblasts ,,,
MXI1,PLPP6,liver,MXI1 IP - HepG2 cells,,,
EGR1,PLPP6,uterus,EGR1 IP - ECC1 cells,,,
BATF,PLPP6,leukocytes,BATF IP - GM12878 cells,,,
EBF1,PLPP6,leukocytes,"EBF1 IP - GM12878 cells, EBF1 IP - GM12878 cells",,,
ATF3,PLPP6,colon,"ATF3 IP - HCT116 cells, ATF3 IP | CAMPTO",,,
CTCF,PLPP6,miscellaneous,"CTCF IP - AG09319 cells, Rep 2 , CTCF IP - AG09319 cells, Rep 1 ",,,
TNF,PLPP6,mammarygland,"TNF | FOXA1 ChIP-Seq - Rep 1, TNF | FOXA1 ChIP-Seq - Rep 2",,,
NFKB1,PLPP6,leukocytes,NFKB1 IP - Rep 2,,,
SRF,PLPP6,uterus,SRF IP - ECC1 cells,,,
YY1,PLPP6,colon,YY1 IP - HCT116 cells,,,
SP1,PLPP6,stemcells,SP1 IP - H1 cells,,,
GABPA,PLPP6,lung,GABPA IP - A549 cells,,,
CREB1,PLPP6,lung,CREB1 IP | DEX - A549 cells,,,
FOSL2,PLPP6,cns,FOSL2 IP - SK-N-SH cells,,,
SP1,PLPP6,liver,SP1 IP - HepG2 cells,,,
HES6,PLPP6,prostate,"HES6 OE | E2F1 ChIP-Seq - Rep 1, HES6 OE + BICALU | E2F1 ChIP-Seq - Rep 1, HES6 OE + BICALU | E2F1 ChIP-Seq - Rep 3",,,
ZNF143,PLPP6,uterus,ZNF143 IP - HeLa cells,,,
FOXA2,PLPP6,lung,FOXA2 IP - A549 cells,,,
MAX,PLPP6,colon,MAX IP - HCT116 cells,,,
IFNA1,PLPP6,leukocytes,"IRF1 IP | IFNA1-13 - K562 cells, 6 h",,,
STAT1,PLPP6,uterus,"STAT1 IP | IFNG - HeLa cells, 30 min",,,
IFNG,PLPP6,uterus,"STAT1 IP | IFNG - HeLa cells, 30 min",,,
YY1,PLPP6,cns,"YY1 IP - SK-N-SH cells, YY1 IP | ATRA - SK-N-SH cells",,,
BCL11A,PLPP6,leukocytes,BCL11A IP - GM12878 cells,,,
MXI1,PLPP6,lung,MXI1 IP - IMR cells,,,
POU2F1,PLPP6,prostate,POU2F1 KD + DHT | FOXA1 ChIP-Seq,,,
MAZ,PLPP6,uterus,MAZ IP - HeLa cells,,,
ELF1,PLPP6,lung,ELF1 IP - A549 cells,,,
IRF4,PLPP6,leukocytes,IRF4 IP,,,
E2F1,PLPP6,mammarygland,"E2F1 IP - MCF7 cells, E2F1 IP",,,
ZNF143,PLPP6,stemcells,ZNF143 IP - H1 cells,,,
MYC,PLPP6,uterus,MYC IP - HeLa cells,,,
CTCF,PLPP6,pancreas,CTCF IP,,,
SP1,PLPP6,lung,SP1 IP - A549 cells,,,
DHT,PLPP6,mammarygland,"DHT | FOXA1 ChIP-Seq, DHT | MYC ChIP-Seq, DHT | TCF7L2 ChIP-Seq",,,
USF1,PLPP6,uterus,USF1 IP - ECC1 cells,,,
SRF,PLPP6,mammarygland,SRF IP - MCF7 cells,,,
MAX,PLPP6,cns,MAX IP - SK-N-SH cells,,,
TEAD4,PLPP6,cns,TEAD4 IP - SK-N-SH cells,,,
GABPA,PLPP6,cns,GABPA IP - SK-N-SH cells,,,
ELK1,PLPP6,uterus,ELK1 IP - HeLa cells,,,
TEAD4,PLPP6,leukocytes,TEAD4 IP - K562 cells,,,
CREB1,PLPP6,leukocytes,CREB1 IP - GM12878 cells,,,
MAX,PLPP6,lung,MAX IP - A549 cells,,,
ELF1,PLPP6,mammarygland,ELF1 IP - MCF7 cells,,,
CTCF,PLPP6,skeletalmuscle,"CTCF IP - HSMM cells, Rep 2 , CTCF IP - HSMM cells, Rep 1 ",,,
JUND,PLPP6,lung,JUND IP - A549 cells,,,
REST,PLPP6,stemcells,"REST IP - H1 cells, Rep 1",,,
KLF5,PLPP6,stomach,KLF5 IP - KATOIII,,,
HMGN3,PLPP6,leukocytes,HMGN3 IP - K562 cells,,,
TCF7L2,PLPP6,uterus,TCF7L2 IP - HeLa cells,,,
TCF12,PLPP6,lung,TCF12 IP - A549 cells,,,
ELF1,PLPP6,leukocytes,"ELF1 IP - SK-N-SH cells, ELF1 IP - SK-N-SH cells",,,
FORSK,PLPP6,liver,CEBPB IP | FORSK - HepG2 cells,,,
GTF2F1,PLPP6,uterus,GTF2F1 IP - HeLa cells,,,
MAZ,PLPP6,liver,MAZ IP - HepG2 cells,,,
SP1,PLPP6,leukocytes,SP1 IP - GM12878 cells,,,
REST,PLPP6,lung,REST IP - A549 cells,,,
HOXA6,PLPP6,colon,HOXA6 IP ,,,
ATF2,PLPP6,leukocytes,ATF2 IP - GM12878 cells,,,
MEF2A,PLPP6,cns,MEF2A IP - SK-N-SH cells,,,
TEAD4,PLPP6,uterus,TEAD4 IP - ECC1 cells,,,
BHLHE40,PLPP6,liver,BHLHE40 IP - HepG2 cells,,,
17BE2; TNF,PLPP6,mammarygland,17BE2 + TNF | FOXA1 ChIP-Seq - Rep 2,,,
E2F3,PLPP6,colon,E2F3 IP ,,,
CTCF,PLPP6,esophagus,"CTCF IP - HEEpiC cells, Rep 1 , CTCF IP - HEEpiC cells, Rep 2 ",,,
HEY1,PLPP6,liver,HEY1 IP - HepG2 cells,,,
ARID3A,PLPP6,liver,ARID3A IP - HepG2 cells,,,
FOSL2,PLPP6,liver,FOSL2 IP - HepG2 cells,,,
GABPA,PLPP6,stemcells,GABPA IP - H1 cells,,,
JUN,PLPP6,colon,JUN IP ,,,
MYC,PLPP6,bone,MYC IP,,,
YY1,PLPP6,uterus,YY1 IP - ECC1 cells,,,
JUN,PLPP6,leukocytes,"JUN IP - K562 cells, Rep 2",,,
TBP,PLPP6,leukocytes,TBP IP - K562 cells,,,
MYBL2,PLPP6,liver,MYBL2 IP - HepG2 cells,,,
TCF3,PLPP6,leukocytes,TCF3 IP - GM12878 cells,,,
SP1,PMVK,leukocytes,"SP1 IP - GM12878 cells, SP1 IP - K562 cells",,,
BCL11A,PMVK,leukocytes,BCL11A IP - GM12878 cells,,,
FOXA1,PMVK,prostate,"CON KD + R1881 | FOXA1 ChIP-Seq - Rep 2, FOXA1 siRNA | CREB1 ChIP-Seq - Rep 2, PIAS1 + R1881 | FOXA1 ChIP-Seq - Rep 2, PIAS1 + R1881 | FOXA1 ChIP-Seq - Rep 1, R1881 | FOXA1 ChIP-Seq - Rep 1, CREB1 siRNA | FOXA1 ChIP-Seq - Rep 2, FOXA1 siRNA | CREB1 ChIP-Seq - Rep 1, CON KD  | FOXA1 ChIP-Seq, CON KD + R1881 | FOXA1 ChIP-Seq - Rep 1, FOXA1 ChIP-Seq - Rep 1, EtOH | FOXA1 ChIP-Seq - , R1881 | FOXA1 ChIP-Seq - Rep 2, FOXA1 ChIP-Seq, EtOH | FOXA1 ChIP-Seq - Rep 2, FOXA1 ChIP-Seq - Rep 2, CREB1 siRNA | FOXA1 ChIP-Seq - Rep 1, FOXA1 ChIP-Seq, DHT | FOXA1 ChIP-Seq",,,
R1881,PMVK,prostate,"CON KD + R1881 | FOXA1 ChIP-Seq - Rep 2, PIAS1 + R1881 | FOXA1 ChIP-Seq - Rep 2, PIAS1 + R1881 | FOXA1 ChIP-Seq - Rep 1, ERG IP | R1881, R1881 | FOXA1 ChIP-Seq - Rep 1, CON KD + R1881 | FOXA1 ChIP-Seq - Rep 1, R1881 | FOXA1 ChIP-Seq - Rep 2, GABPA IP | R1881",,,
CTCF,PMVK,colon,"CTCF IP - HCT116 cells, Rep 2 , CTCF IP - Caco-2 cells, Rep 1 , CTCF IP - Rep 3 , CTCF IP - HCT116 cells, Rep 1 , CTCF IP - HCT116 cells, CTCF IP - Caco , CTCF IP - Rep 1 , CTCF IP - Rep 2 ",,,
ATF3,PMVK,stemcells,ATF3 IP - H1 cells,,,
USF2,PMVK,leukocytes,"USF2 IP - K562 cells, USF2 IP - GM12878 cells",,,
CTCF,PMVK,leukocytes,"CTCF IP - NB4 cells , CTCF IP - K562 cells, Rep 14 , CTCF IP - GM19240 cells, Rep 1 , CTCF IP - F36P cells, Rep 17 , CTCF IP - GM12878 cells , CTCF IP - K562 cells, Rep 16 , CTCF IP -  CD20+ cells , CTCF IP - GM19099 cells, Rep 1 , CTCF IP - HL-60 cells, Rep 5 , CTCF IP - KU812 cells, Rep 5 , CTCF IP - GM19239 cells, Rep 1 , CTCF IP - GM12749 cells, Rep 2, CTCF IP - GM12005 cells, Rep 1, CTCF IP - F36P cells, Rep 18 , CTCF IP - GM12890 cells, Rep 2 , CTCF IP - CD14+ cells , CTCF ChIP-Seq - GM12878, CTCF IP - GM12874 cells, Rep 1 , CTCF IP - GM12287 cells, Rep 1, CTCF IP - GM18951 cells, Rep 2 , CTCF IP - MS1 cells, Rep 4 , CTCF IP - GM12891 cells, Rep 1 , CTCF IP - F36P cells, Rep 14 , CTCF IP - K562 cells, CTCF IP - GM18526 cells, Rep 2 , CTCF IP - GM2588 cells, Rep 2 , CTCF IP - GM18505 cells, Rep 2 , CTCF IP - GM12287 cells, Rep 2, CTCF IP - K562 cells, Rep 2 , CTCF IP - GM07037 cells, CTCF IP - F36P cells, Rep 2 , CTCF IP - GM12873 cells, Rep 1 , CTCF IP - GM2610 cells, Rep 3 , CTCF IP - GM12867 cells , CTCF IP - GM12864 cells, Rep 2 , CTCF IP - GM18486 cells, Rep 2 , CTCF IP - MS1 cells, Rep 1 , CTCF IP - GM18951 cells, Rep 1 , CTCF IP - K562 cells, Rep 7 , CTCF IP, CTCF IP - K562 cells, Rep 3 , CTCF IP - GM12892 cells, Rep 2 , CTCF IP - UT-7 cells, Rep 5 , CTCF IP - GM2588 cells, Rep 1 , CTCF IP - GM12815 cells, Rep 1, CTCF IP - UT-7 cells, Rep 6 , CTCF IP - GM18486 cells, Rep 3 , CTCF IP - GM12865 cells, Rep 3 , CTCF IP - GM11994 cells, Rep 2, CTCF IP - GM12869 cells , CTCF IP - GM12874 cells, CTCF IP - GM12878 cells, Rep 2 , CTCF IP - F36P cells, Rep 5 , CTCF IP - GM12890 cells, Rep 1 , CTCF IP - MS1 cells, Rep 3 , CTCF IP - KU812 cells, Rep 13 , CTCF IP - GM2630 cells, Rep 2 , CTCF IP - UT-7 cells, Rep 3 , CTCF IP - U-937 cells, Rep 1 , CTCF IP - GM12866 cells , CTCF IP - GM19240 cells, Rep 2 , CTCF IP - UT-7 cells, Rep 2 , CTCF IP - KU812 cells, Rep 9 , CTCF IP - GM11894 cells, Rep 1, CTCF IP - GM19238 cells, Rep 2 , CTCF IP - K562 cells, Rep 8 , CTCF IP - UT-7 cells, Rep 4 , CTCF IP - GM19238 cells, Rep 1 , CTCF IP - GM12868 cells , CTCF IP - GM12006 cells, Rep 1, CTCF IP - F36P cells, Rep 3 , CTCF IP - GM10847 cells, Rep 1 , CTCF IP - GM06990 cells, Rep 1 , CTCF IP - GM06986 cells, CTCF IP - F36P cells, Rep 1 , CTCF IP - UT-7 cells, Rep 1 , CTCF IP - GM19193 cells, Rep 1 , CTCF IP - HL-60 cells, Rep 7 , CTCF IP - GM2630 cells, Rep 1 , CTCF IP - HeLa cells, Rep 2 , CTCF IP - MS1 cells, Rep 2 , CTCF IP - F36P cells, Rep 7 , CTCF IP - GM12878 cells, Rep 1 , CTCF IP - GM18505 cells, Rep 1 , CTCF IP - GM12814 cells, Rep 1, CTCF IP - GM11894 cells, Rep 2, CTCF IP - GM12891 cells, Rep 2 , CTCF IP - GM19239 cells, Rep 2 , CTCF IP - GM12864 cells, Rep 3 , CTCF IP - GM12814 cells, Rep 2, CTCF IP - GM12005 cells, Rep 2, CTCF IP - GM12878 cells, Rep 1 , CTCF IP - K562 cells, Rep 15 , CTCF IP - GM12874 cells, Rep 2 , CTCF IP - GM19099 cells, Rep 2 , CTCF IP - GM12828 cells, CTCF IP - GM11811 cells, Rep 1, CTCF IP - F36P cells, Rep 19 , CTCF IP - GM2255 cells, Rep 1 , CTCF IP - GM10847 cells, Rep 2 , CTCF IP - GM12875 cells, Rep 2 , CTCF IP - GM18486 cells, Rep 1 , CTCF IP - GM06990 cells, Rep 2 , CTCF IP - GM12871 cells , CTCF IP - GM12234 cells, CTCF IP - GM12489 cells, Rep 1, CTCF IP - F36P cells, Rep 13 , CTCF IP - K562 cells, Rep 12 , CTCF IP - GM12892 cells, Rep 1 , CTCF IP - GM12489 cells, Rep 2, CTCF IP - GM2610 cells, Rep 1 , CTCF IP - GM12749 cells, Rep 1, CTCF IP - GM2588 cells, Rep 3 , CTCF IP - HL-60 cells, Rep 9 , CTCF IP - GM12872 cells, Rep 3 , CTCF IP - GM12870 cells , CTCF IP -  DND , CTCF IP - HL , CTCF IP - GM12006 cells, Rep 2, CTCF IP - GM2630 cells, Rep 3 , CTCF IP - K562 cells, CTCF IP - GM12890 cells, Rep 3 , CTCF IP - K562 cells, CTCF IP - GM12875 cells, Rep 1 , CTCF IP - GM12154 cells, Rep 2, CTCF IP - F36P cells, Rep 15 , CTCF IP - GM12864 cells, Rep 1 , CTCF IP - GM07346 cells, CTCF IP - K562 cells, Rep 4 , CTCF IP - F36P cells, Rep 10 , CTCF IP - GM12801 cells , CTCF IP - K562 cells, Rep 13 , CTCF IP - GM12873 cells, Rep 3 , CTCF IP - GM11831 cells, CTCF IP - GM19193 cells, Rep 2 , CTCF IP - GM12872 cells, Rep 1 , CTCF IP - GM11994 cells, Rep 1, CTCF IP - K562 cells , CTCF IP - HL-60 cells, Rep 3 , CTCF IP - K562 cells, Rep 11 , CTCF IP - GM2255 cells, Rep 2 , CTCF IP - GM11992 cells, Rep 1, CTCF IP - U-937 cells, Rep 2 , CTCF IP - F36P cells, Rep 6 , CTCF IP - GM12872 cells, CTCF IP - KU812 cells, Rep 17 , CTCF IP - GM12878 cells, Rep 2 , CTCF IP - K562 cells, Rep 2 , CTCF IP - GM12154 cells, Rep 1, CTCF IP - GM12872 cells, Rep 2 , CTCF IP - GM12873 cells, Rep 1 , CTCF IP - F36P cells, Rep 9 , CTCF IP - GM11811 cells, Rep 2, CTCF IP - GM2610 cells, Rep 2 , CTCF IP - GM11992 cells, Rep 2, CTCF IP - GM12865 cells, Rep 1 , CTCF IP - KU812 cells, Rep 1 , CTCF IP - K562 cells, Rep 9 , CTCF IP - GM2255 cells, Rep 3 , CTCF IP - GM11881 cells, CTCF IP - F36P cells, Rep 11 , CTCF IP - GM12865 cells, Rep 2 , CTCF IP - GM12815 cells, Rep 2, CTCF IP - HL-60 cells, Rep 2 , CTCF IP - GM18526 cells, Rep 1 , CTCF IP - K562 cells, Rep 5 , CTCF IP - K562 cells, Rep 1 ",,,
STAT1,PMVK,uterus,"STAT1 IP | IFNG - HeLa cells, 30 min",,,
IFNG,PMVK,uterus,"STAT1 IP | IFNG - HeLa cells, 30 min",,,
PBX3,PMVK,cns,PBX3 IP - SK-N-SH cells,,,
CREB1,PMVK,lung,"CREB1 IP - A549 cells, Rep 2, CREB1 IP | DEX - A549 cells, CREB1 IP - A549 cells, Rep 1",,,
CREB1,PMVK,prostate,"FOXA1 siRNA | CREB1 ChIP-Seq - Rep 2, CREB1 siRNA | FOXA1 ChIP-Seq - Rep 2, FOXA1 siRNA | CREB1 ChIP-Seq - Rep 1, CREB1 ChIP-Seq - LNCaP, CREB1 ChIP-Seq - Rep 1, CREB1 siRNA | FOXA1 ChIP-Seq - Rep 1, CREB1 ChIP-Seq - Rep 2, CREB1 ChIP-Seq - LNCaP-abl",,,
CTCF,PMVK,adiposetissue,"CTCF ChIP-Seq - d 0, CTCF ChIP-Seq - d 3, CTCF ChIP-Seq - d 9, CTCF ChIP-Seq - d -2",,,
TP63,PMVK,skin,"TP63 IP, TP63 IP, TP63 IP, TP63 IP | BANF1 KD",,,
CTCF,PMVK,lung,"CTCF IP - AG04450 cells, Rep 2 , CTCF IP | DEX - A549 cells, CTCF IP - HPF cells, Rep 2 , CTCF IP - AG04450 cells, Rep 1 , CTCF IP - WI-38 cells, Rep 1 , CTCF IP - NHLF cells , CTCF IP - A549 cells , CTCF IP - SAEC cells, Rep 2 , CTCF IP - HPF cells, Rep 1 , CTCF IP - A549 cells, Rep 2 , CTCF ChIP-Seq - A549, CTCF IP - A549 cells, CTCF IP - IMR cells, CTCF IP | DEX - A549 cells , CTCF IP - WI-38 cells, Rep 2 , CTCF IP - A549 cells, Rep 1 , CTCF IP - NHLF cells , CTCF IP - SAEC cells, Rep 1 ",,,
MYC,PMVK,bone,"MYC IP, MYC IP",,,
ZBTB7A,PMVK,leukocytes,ZBTB7A IP - SK-N-SH cells,,,
DEX,PMVK,lung,"CTCF IP | DEX - A549 cells, FOXA1 IP | DEX - A549 cells, CREB1 IP | DEX - A549 cells, CTCF IP | DEX - A549 cells , USF1 IP | DEX - A549 cells",,,
GATA1,PMVK,hspcs,"GATA1 IP - Rep 2, GATA1 IP - Rep 1, GATA1 IP - PBDE cells, Rep 1",,,
YY1,PMVK,lung,YY1 IP - A549 cells,,,
ERG,PMVK,prostate,"DMSO | ERG ChIP-Seq - Rep 2, ERG IP - Rep 1, ERG IP | R1881, JQI | ERG ChIP-Seq - Rep 2, DHT | ERG ChIP-Seq - 18 h, DHT | ERG ChIP-Seq - 2 h, JQI | ERG ChIP-Seq - Rep 1, ERG ChIP-Seq, DMSO | ERG ChIP-Seq - Rep 1, ERG ChIP-Seq",,,
TCF7L2,PMVK,mammarygland,"DHT | TCF7L2 ChIP-Seq, TCF7L2 ChIP-Seq",,,
DHT,PMVK,mammarygland,"DHT | TCF7L2 ChIP-Seq, DHT | FOXA1 ChIP-Seq, DHT | MYC ChIP-Seq",,,
YY1,PMVK,leukocytes,"YY1 IP - GM12878 cells, YY1 IP - K562 cells, Rep 2, YY1 IP - GM12892 cells, Rep 1, YY1 IP - K562 cells, Rep 1, YY1 IP - GM12891 cells",,,
E2F1,PMVK,prostate,"BICALU | E2F1 ChIP-Seq - Rep 2, BICALU + HES6OE | E2F1 ChIP-Seq - Rep 4, HES6 OE + BICALU | E2F1 ChIP-Seq - Rep 1, HES6 OE | E2F1 ChIP-Seq - Rep 4, BICALU | E2F1 ChIP-Seq - Rep 1, HES6 OE | E2F1 ChIP-Seq - Rep 2, BICALU | E2F1 ChIP-Seq - Rep 3, HES6 OE | E2F1 ChIP-Seq - Rep 3, E2F1 ChIP-Seq - Rep 2, E2F1 ChIP-Seq - Rep 3, HES6 OE | E2F1 ChIP-Seq - Rep 1, E2F1 ChIP-Seq - Rep 4, BICALU + HES6 OE | E2F1 ChIP-Seq - Rep 2, E2F1 ChIP-Seq - Rep 1, HES6 OE + BICALU | E2F1 ChIP-Seq - Rep 3",,,
BICALU,PMVK,prostate,"BICALU | E2F1 ChIP-Seq - Rep 2, BICALU + HES6OE | E2F1 ChIP-Seq - Rep 4, HES6 OE + BICALU | E2F1 ChIP-Seq - Rep 1, BICALU | E2F1 ChIP-Seq - Rep 1, BICALU | E2F1 ChIP-Seq - Rep 3, BICALU + HES6 OE | E2F1 ChIP-Seq - Rep 2, HES6 OE + BICALU | E2F1 ChIP-Seq - Rep 3",,,
KLF11,PMVK,adiposetissue,"KLF11 ChIP-Seq, Rep 2, KLF11 ChIP-Seq, Rep 1, ROSI (BrAT) | KLF11 ChIP-Seq, Rep 2, ROSI (BrAT) | KLF11 ChIP-Seq, Rep 1",,,
CEBPB,PMVK,uterus,CEBPB ChIP-Seq - HeLaS3,,,
MYC,PMVK,leukocytes,"MYC IP - NB4 cells, MYC IP - K562 cells, Rep 1, MYC IP | IFNG - K562 cells, 30 min, MYC IP - K562 cells, Rep 2, MYC IP | IFNA1 - K562 cells, 30 min, MYC IP | IFNG - K562 cells, 6 h, MYC IP | IFNA1 - K562 cells, 6 h",,,
TEAD4,PMVK,leukocytes,TEAD4 IP - K562 cells,,,
MYB,PMVK,leukocytes,"MYB IP - Jurkat, Rep 1, MYB IP - Jurkat, Rep 5, MYB IP - Jurkat, Rep 3, MYB IP - MOLT3, MYB IP - Jurkat, Rep 4, MYB IP - Jurkat, Rep 2",,,
FOS,PMVK,mammarygland,"FOS IP | 4HT - MCF10A cells, 12 h, FOS IP - MCF10A cells, FOS IP | 4HT - MCF10A cells, 4 h, FOS IP | 4HT - MCF10A cells, 36 h",,,
4HT,PMVK,mammarygland,"FOS IP | 4HT - MCF10A cells, 12 h, STAT3 IP | 4HT - MCF10 cells, 36 h, MYC IP | 4HT - MCF10A cells, FOS IP | 4HT - MCF10A cells, 4 h, FOS IP | 4HT - MCF10A cells, 36 h, STAT3 IP | 4HT - MCF10 cells, 12 h, E2F4 IP | 4HT - MCF10 cells",,,
FOXA1,PMVK,lung,"FOXA1 IP | DEX - A549 cells, FOXA1 IP - A549 cells",,,
TCF12,PMVK,stemcells,TCF12 IP - H1 cells,,,
SNAI2,PMVK,stemcells,SNAI2 IP - Rep 1 ,,,
STAT3,PMVK,leukocytes,"STAT3 IP - OCI-LY3, STAT3 IP - U-2932, STAT3 IP - SU-DHL-4, STAT3 IP - SU-DHL-6, STAT3 IP - OCI-LY7, STAT3 IP - SU-DHL-10",,,
CTCF,PMVK,hspcs,"CTCF IP - HEL 92.1.7 cells, Rep 1 , CTCF IP - HEL 92.1.7 cells, Rep 13 , CTCF IP - HEL 92.1.7 cells, Rep 4 , CTCF IP - HSPCs, Rep 2, CTCF IP - HEL 92.1.7 cells, Rep 11 , CTCF IP - Erythroid cells, Rep 1, CTCF IP - HSPCs, Rep 1, CTCF IP - HEL 92.1.7 cells, Rep 8 , CTCF IP - HEL 92.1.7 cells, Rep 7 , CTCF IP - HEL 92.1.7 cells, Rep 5 , CTCF IP - Erythroid cells, Rep 2, CTCF IP - HEL 92.1.7 cells, Rep 2 , CTCF IP - HEL 92.1.7 cells, Rep 10 , CTCF IP - HEL 92.1.7 cells, Rep 14 ",,,
GABPA,PMVK,prostate,"GABPA IP - Rep 1, GABPA IP - Rep 2, GABPA IP | R1881",,,
RUNX1,PMVK,hspcs,"RUNX1 IP, RUNX1",,,
CTCF,PMVK,skin,"CTCF IP - NHDF cells, Rep 1 , CTCF IP - HFFC cells, Rep 3 , CTCF IP - HFFC cells, Rep 2 , CTCF IP - AG10803 cells, Rep 2 , CTCF IP - NHEK cells, Rep 2 , CTCF IP - AG09309 cells, Rep 1 , CTCF IP - AG09309 cells, Rep 2 , CTCF IP - NHDF cells , CTCF IP - HFFC cells, Rep 1 , CTCF IP - NHDF cells, Rep 2 , CTCF IP - GM12878 cells, Rep 2 , CTCF IP - AG04449 cells, Rep 1 , CTCF IP - BJ cells, Rep 2 , CTCF IP - AG04449 cells, Rep 2 , CTCF IP - NHEK cells , CTCF IP - BJ cells, Rep 1 , CTCF IP - AG10803 cells, Rep 1 ",,,
FOXP1,PMVK,colon,FOXP1 IP ,,,
JUN,PMVK,leukocytes,"JUN IP - K562 cells, Rep 1, JUN IP - K562 cells, Rep 2, JUN IP | IFNA1-13 - 30 min ",,,
HES6,PMVK,prostate,"BICALU + HES6OE | E2F1 ChIP-Seq - Rep 4, HES6 OE + BICALU | E2F1 ChIP-Seq - Rep 1, HES6 OE | E2F1 ChIP-Seq - Rep 4, HES6 OE | E2F1 ChIP-Seq - Rep 2, HES6 OE | E2F1 ChIP-Seq - Rep 3, HES6 OE | E2F1 ChIP-Seq - Rep 1, BICALU + HES6 OE | E2F1 ChIP-Seq - Rep 2, HES6 OE + BICALU | E2F1 ChIP-Seq - Rep 3",,,
MAFK,PMVK,leukocytes,"MAFK IP - GM12878 cells, MAFK IP - GM12878 cells, MAFK IP - K562 cells",,,
SPI1,PMVK,leukocytes,"SPI1 IP - GM12891 cells, SPI1 IP - GM12878 cells, Rep 3 , SPI1 IP, SPI1 IP - GM12878 cells, SPI1 IP, SPI1 IP - HL cells, SPI1 IP - GM12878 cells, Rep 2 , SPI1 IP, SPI1 IP, SPI1 IP, SPI1 IP | RUNX1 KD, SPI1 IP, SPI1 IP, SPI1 IP, SPI1 IP - K562 cells, SPI1 IP",,,
MAX,PMVK,colon,MAX IP - HCT116 cells,,,
REST,PMVK,colon,REST IP ,,,
HMGN3,PMVK,leukocytes,HMGN3 IP - K562 cells,,,
STAT3,PMVK,mammarygland,"STAT3 IP | 4HT - MCF10 cells, 36 h, STAT3 IP - MCF10A cells, Rep 1, STAT3 IP - MCF10A cells, Rep 2, STAT3 IP | 4HT - MCF10 cells, 12 h",,,
MYC,PMVK,colon,MYC IP - DTT,,,
CTCF,PMVK,vasculature,"CTCF IP - HUVEC cells, Rep 1 , CTCF IP - HPAF cells, Rep 2 , CTCF IP - HPAF cells, Rep 1 , CTCF IP - AoAFC cells, Rep 2 , CTCF IP - AoAFC cells, Rep 1 , CTCF IP - HUVEC cells , CTCF IP - HUVEC cells, Rep 2 , CTCF IP - HBMEC cells, Rep 2 , CTCF IP - HBMEC cells, Rep 1 ",,,
CTCF,PMVK,megakaryocytelineage,"CTCF IP - MEG-01 cells, Rep 2 , CTCF IP - CHRF-288-11 cells, Rep 1 , CTCF IP - MEG-01 cells, Rep 4 , CTCF IP - MEG-01 cells, Rep 10 , CTCF IP - MEG-01 cells, Rep 8 , CTCF IP - MEG-01 cells, Rep 6 ",,,
CREB1,PMVK,colon,CREB1 IP ,,,
CTCF,PMVK,sensory,"CTCF IP - HRPEpiC cells, Rep 2 , CTCF IP - WERI , CTCF IP - HRPEpiC cells, Rep 1 , CTCF IP - WERI-Rb-1- cells, Rep 1 ",,,
RUNX1T1,PMVK,leukocytes,RUNX1T1 IP,,,
FOXA2,PMVK,liver,FOXA2 IP - HepG2 cells,,,
JUND,PMVK,leukocytes,"JUND IP - K562 cells, JUND IP - GM12878 cells, Rep 1 ",,,
CTCF,PMVK,mammarygland,"CTCF IP - HMF cells, Rep 1 , CTCF IP - MCF-7 cells Rep 2 , CTCF IP - MCF7 cells, CTCF IP - HMF cells, Rep 2 , CTCF IP - MCF-7 cells, Rep 1 , CTCF IP - T47D cells, CTCF IP - HMEC cells , CTCF IP - HMEC cells, Rep 2 , CTCF IP - HMEC cells, Rep 1 ",,,
PIAS1,PMVK,prostate,"PIAS1 + R1881 | FOXA1 ChIP-Seq - Rep 2, PIAS1 + R1881 | FOXA1 ChIP-Seq - Rep 1",,,
USF2,PMVK,stemcells,USF2 IP - H1 cells,,,
SREBF1,PMVK,liver,SREBF1 IP | INS + 22RHC - HepG2 cells,,,
22RHC; INS,PMVK,liver,SREBF1 IP | INS + 22RHC - HepG2 cells,,,
MYC,PMVK,mammarygland,"MYC IP | 4HT - MCF10A cells, MYC IP, DHT | MYC ChIP-Seq, MYC IP - MCF-10A cells",,,
BACH1,PMVK,leukocytes,BACH1 IP - K562 cells,,,
FOXA1,PMVK,liver,"FOXA1 IP - HepG2 cells, Rep 1, FOXA1 IP - HepG2 cells, Rep 2",,,
E2F4,PMVK,uterus,E2F4 IP - HeLa cells,,,
HEYL,PMVK,colon,HEYL IP ,,,
RELA,PMVK,leukocytes,"RELA IP | TNF - GM12878 cells, RELA IP | TNF - GM15510 cells, RELA IP | BAY082  - IVD Th1 cells, PIA, RELA IP | TNF - GM18505 cells, RELA IP | TNF - GM19193 cells, RELA IP | TNF - GM12892 cells, RELA IP | TNF - GM19099 cells, RELA IP | TNF - GM12891 cells, RELA IP | TNF - GM10847 cells, RELA IP | TNF - GM18951 cells",,,
TNF,PMVK,leukocytes,"RELA IP | TNF - GM12878 cells, RELA IP | TNF - GM15510 cells, RELA IP | TNF - GM18505 cells, RELA IP | TNF - GM19193 cells, RELA IP | TNF - GM12892 cells, RELA IP | TNF - GM12891 cells, RELA IP | TNF - GM10847 cells, RELA IP | TNF - GM18951 cells",,,
SRF,PMVK,stemcells,"SRF IP - Rep 2 , SRF IP - Rep 5 , SRF IP - Rep 1 , SRF IP - Rep 7 , SRF IP - Rep 4 , SRF IP - Rep 6 ",,,
CTCF,PMVK,stemcells,"CTCF IP - Rep 2 , CTCF IP - H1 cells, CTCF IP - Rep 5 , CTCF IP - H1 cells , CTCF IP - Rep 3 , CTCF IP - Rep 4 , CTCF IP - Rep 6 , CTCF IP - Rep 1 , CTCF IP - Rep 7 ",,,
BCL3,PMVK,leukocytes,BCL3 IP - GM12878 cells,,,
TEAD4,PMVK,lung,TEAD4 IP - A549 cells,,,
ELF1,PMVK,colon,ELF1 IP - HCT116 cells,,,
FOXA2,PMVK,lung,FOXA2 IP - A549 cells,,,
USF1,PMVK,cns,"USF1 IP | ATRA - SK-N-SH cells, USF1 IP - SK-N-SH cells",,,
ATRA,PMVK,cns,"USF1 IP | ATRA - SK-N-SH cells, YY1 IP | ATRA - SK-N-SH cells",,,
MYC,PMVK,liver,MYC IP,,,
USF1,PMVK,stemcells,USF1 IP - H1 cells,,,
REST,PMVK,leukocytes,"REST IP - GM12878 cells, Rep 14 , REST IP - K562 cells, REST IP - HL60 cells",,,
MAX,PMVK,lung,"MAX IP - A549 cells, MAX IP - A549 cells",,,
TP53,PMVK,bone,"TP53 IP | TP53 OE, TP53 IP - Rep 2, TP53 IP | NUTL3 - SJSA-1, TP53 IP | TP53EE/RR OE",,,
NFKB1,PMVK,leukocytes,NFKB1 IP - Rep 2,,,
YY1,PMVK,liver,YY1 IP - HepG2 cells,,,
CTCF,PMVK,esophagus,"CTCF IP - HEEpiC cells, Rep 1 , CTCF IP - HEEpiC cells, Rep 2 ",,,
SMARCC1,PMVK,uterus,SMARCC1 IP - HeLa cells,,,
CTCF,PMVK,cns,"CTCF IP - cerebellar astrocyte cells, Rep 2 , CTCF IP - BE(2)-C cells, Rep 1 , CTCF IP - spinal cord astrocyte cells, Rep 2 , CTCF IP - SK-N-SH cells, Rep 2 , CTCF IP - HCPEpiC cells, Rep 2 , CTCF IP - SK-N-SH cells , CTCF IP - NHA cells , CTCF IP - SK-N-SH cells, Rep 1 , CTCF IP - BE(2)-C cells, Rep 2 , CTCF IP - SK cells, CTCF IP - spinal cord astrocyte cells, Rep 1 , CTCF IP - HCPEpiC cells, Rep 1 , CTCF IP - cerebellar astrocyte cells, Rep 1 ",,,
IRF1,PMVK,leukocytes,"IRF1 IP | IFNA1-13 - K562 cells, 6 h, IRF1 IP - Rep 3, IRF1 IP | IFNG - K562 cells, 30 min, IRF1 IP | IFNG - K562 cells, 6 h",,,
IFNA1,PMVK,leukocytes,"IRF1 IP | IFNA1-13 - K562 cells, 6 h, JUN IP | IFNA1-13 - 30 min , MYC IP | IFNA1 - K562 cells, 30 min, MYC IP | IFNA1 - K562 cells, 6 h",,,
ZNF83,PMVK,colon,ZNF83 IP ,,,
FOXA1,PMVK,mammarygland,"FOXA1 ChIP-Seq - Rep 2, 17BE2 | FOXA1 ChIP-Seq - Rep 2, FOXA1 ChIP-Seq - Rep 1, DHT | FOXA1 ChIP-Seq, DEX | FOXA1 ChIP-Seq - Rep 2, 17BE2 | FOXA1 ChIP-Seq - Rep 1, FOXA1 ChIP-Seq - Rep 2, DEX | FOXA1 ChIP-Seq - Rep 1, 17BE2 | FOXA1 ChIP-Seq - Rep 1, DEX | FOXA1 ChIP-Seq - Rep 1, DEX | FOXA1 ChIP-Seq - Rep 2, FOXA1 IP - T47D cells, FOXA1 ChIP-Seq - Rep 1",,,
HOXA6,PMVK,colon,HOXA6 IP ,,,
17BE2,PMVK,mammarygland,"17BE2 | FOXA1 ChIP-Seq - Rep 2, 17BE2 | FOXA1 ChIP-Seq - Rep 1, 17BE2 | FOXA1 ChIP-Seq - Rep 1",,,
CREB1,PMVK,leukocytes,"CREB1 IP, CREB1 IP, CREB1 IP - GM12878 cells, CREB1 IP - K562 cells",,,
ELF3,PMVK,pancreas,"ELF3 IP, ELF3 IP, ELF3 IP | KLF5 KO",,,
ELF1,PMVK,lung,ELF1 IP - A549 cells,,,
ZNF143,PMVK,uterus,ZNF143 IP - HeLa cells,,,
SIX2,PMVK,kidney,"SIX2 IP - 17 weeks, Rep 2, SIX2 IP - 17 weeks, Rep 1",,,
CTCF,PMVK,liver,"CTCF IP - HepG2 cells , CTCF IP - HepG2 cells, Rep 1 , CTCF IP - SK-N-SH cells, CTCF IP, CTCF IP - HepG2 cells, Rep 2 ",,,
MXI1,PMVK,uterus,MXI1 IP - HeLa cells,,,
REST,PMVK,pancreas,"REST IP - PANC1 cells, Rep 2, REST IP - Panc1 cells, Rep 3",,,
MAFK,PMVK,lung,MAFK IP - IMR cells,,,
SRF,PMVK,liver,SRF IP - HepG2 cells,,,
RELA,PMVK,adiposetissue,"RELA IP, RELA IP, RELA IP, RELA IP",,,
MAFK,PMVK,uterus,MAFK IP - HeLa cells,,,
SMAD1,PMVK,hspcs,"SMAD1 IP - Rep 2, SMAD1 IP - Rep 3",,,
ZNF143,PMVK,stemcells,ZNF143 IP - H1 cells,,,
CTCF,PMVK,skeletalmuscle,"CTCF IP - HSMM cells, Rep 1 , CTCF IP - HSMM cells, Rep 2 ",,,
MAX,PMVK,liver,"MAX IP - HepG2 cells, MAX IP - MCF7 cells, MAX IP - HepG2 cells",,,
STAT1,PMVK,leukocytes,"STAT1 IP - Rep 1, STAT1 IP - Rep 4, STAT1 IP | IFNG - K562 cells, 6 h, STAT1 IP - Rep 5, STAT1 IP - Rep 3, STAT1 IP - Rep 2",,,
IFNG,PMVK,leukocytes,"STAT1 IP - Rep 1, STAT1 IP - Rep 4, MYC IP | IFNG - K562 cells, 30 min, IRF1 IP - Rep 3, STAT1 IP | IFNG - K562 cells, 6 h, IRF1 IP | IFNG - K562 cells, 30 min, MYC IP | IFNG - K562 cells, 6 h, STAT1 IP - Rep 5, STAT1 IP - Rep 3, STAT1 IP - Rep 2, IRF1 IP | IFNG - K562 cells, 6 h",,,
SMARCC2,PMVK,uterus,SMARCC2 IP - HeLa cells,,,
STAT2,PMVK,colon,STAT2 IP ,,,
FOSL1,PMVK,colon,FOSL1 IP - HCT116 cells,,,
MYBL2,PMVK,liver,MYBL2 IP - HepG2 cells,,,
ZEB1,PMVK,leukocytes,ZEB1 IP - GM12878 cells,,,
TP53,PMVK,mammarygland,"TP53 IP | NUTL3 - MCF-7, TP53 IP",,,
IRF4,PMVK,leukocytes,"IRF4 IP - GM12878 cells, IRF4 IP",,,
MEF2A,PMVK,leukocytes,MEF2A IP - GM12878 cells,,,
CREB1,PMVK,stemcells,CREB1 IP - H1 cells,,,
USF1,PMVK,uterus,USF1 IP - ECC1 cells,,,
TAL1,PMVK,megakaryocytelineage,"TAL1 IP - CHRF-288-11 cells, Rep 1 , TAL1 IP - CHRF-288-11 cells, Rep 4 ",,,
JUN,PMVK,mammarygland,"JUN IP - Rep 1, JUN IP | CPDA, JUN IP - Rep 2, JUN IP | DEX, JUN IP",,,
RELA,PMVK,colon,RELA IP ,,,
CTCF,PMVK,placenta,"CTCF IP - HVMF cells, Rep 1 , CTCF IP - HVMF cells, Rep 2 ",,,
CDX2,PMVK,colon,"CDX2 IP | 125DVD3, CDX2 IP",,,
125DVD3,PMVK,colon,CDX2 IP | 125DVD3,,,
ROSI,PMVK,adiposetissue,"ROSI (BrAT) | KLF11 ChIP-Seq, Rep 2, ROSI (BrAT) | KLF11 ChIP-Seq, Rep 1",,,
USF2,PMVK,liver,USF2 IP - HepG2 cells,,,
USF1,PMVK,colon,USF1 IP - HCT116 cells,,,
GTF2F1,PMVK,uterus,GTF2F1 IP - HeLa cells,,,
CREB1,PMVK,liver,"CREB1 IP, CREB1 IP, CREB1 IP - HepG2 cells, CREB1 IP","15753290,",,
REST,PMVK,cns,"REST IP - SK cells, REST IP - U87 cells, REST IP - PFSK1 cells, Rep 2, REST IP - SK-N-SH cells",,,
JQ1,PMVK,prostate,"JQI | ERG ChIP-Seq - Rep 2, JQI | ERG ChIP-Seq - Rep 1",,,
ZNF263,PMVK,kidney,ZNF263 IP - HEK293 cells,,,
YY1,PMVK,colon,YY1 IP - HCT116 cells,,,
TEAD4,PMVK,liver,TEAD4 IP - HepG2 cells,,,
TCF12,PMVK,cns,TCF12 IP - SK-N-SH cells,,,
EGR1,PMVK,leukocytes,EGR1 IP - K562 cells,,,
ATF2,PMVK,colon,ATF2 IP ,,,
CEBPB,PMVK,stemcells,"CEBPB IP, CEBPB IP",,,
MAX,PMVK,stemcells,"MAX IP - H1 cells, MAX IP - H1 cells",,,
TFAP4,PMVK,leukocytes,"TFAP4 IP - Rep 2, TFAP4 IP - Rep 1",,,
ARID3A,PMVK,liver,ARID3A IP - HepG2 cells,,,
E2F1,PMVK,uterus,"E2F1 IP - HeLa cells, Rep 2, E2F1 IP - HeLa cells, Rep 1",,,
JUN,PMVK,vasculature,JUN IP,,,
SIX5,PMVK,leukocytes,"SIX5 IP - K562 cells, Rep 2, SIX5 IP - K562 cells, Rep 1, SIX5 IP - GM12878 cells",,,
ELF1,PMVK,cns,ELF1 IP - SK-N-SH cells,,,
GABPA,PMVK,liver,"GABPA IP, GABPA IP - MCF7 cells, GABPA IP - HepG2 cells, GABPA IP",,,
TBP,PMVK,stemcells,TBP IP - H1 cells,,,
JUND,PMVK,liver,"JUND IP - HepG2 cells, JUND IP - HepG2 cells",,,
ELF1,PMVK,liver,ELF1 IP - HepG2 cells,,,
CTCF,PMVK,heart,"CTCF IP - myocytes cells, Rep 1 , CTCF IP - HCF cells , CTCF IP - myocytes cells, Rep 2 ",,,
ZNF84,PMVK,colon,ZNF84 IP ,,,
PAX5,PMVK,leukocytes,"PAX5 IP - GM12878 cells, Rep 2, PAX5 IP - GM12878 cells, Rep 1, PAX5 IP - GM12892 cells",,,
MAX,PMVK,cns,MAX IP - SK-N-SH cells,,,
MAX,PMVK,leukocytes,"MAX IP - K562 cells, Rep 2, MAX IP - GM12878 cells, MAX IP - K562 cells, MAX IP - K562 cells, Rep 1, MAX IP - NB4 cells",,,
DEX,PMVK,mammarygland,"DEX | FOXA1 ChIP-Seq - Rep 2, JUN IP | DEX, DEX | FOXA1 ChIP-Seq - Rep 1, DEX | FOXA1 ChIP-Seq - Rep 1, DEX | FOXA1 ChIP-Seq - Rep 2",,,
SOX9,PMVK,colon,SOX9 IP ,,,
CTCF,PMVK,kidney,"CTCF IP - HRE cells, Rep 1 , CTCF IP - HRE cells, Rep 2 , CTCF IP - RPTEC cells, Rep 1 , CTCF IP - HEK293 cells, Rep 2 , CTCF IP - HEK293 cells, Rep 1 , CTCF IP - RPTEC cells, Rep 2 ",,,
FOXP2,PMVK,cns,FOXP2 IP - PFSK-1 cells,,,
ELF1,PMVK,leukocytes,"ELF1 IP - SK-N-SH cells, ELF1 IP - SK-N-SH cells",,,
ETV5,PMVK,colon,ETV5 IP ,,,
SP1,PMVK,stemcells,SP1 IP - H1 cells,,,
TAL1,PMVK,colon,TAL1 IP ,,,
ZKSCAN1,PMVK,uterus,ZKSCAN1 IP - HeLa cells,,,
CEBPA,PMVK,leukocytes,CEBPA IP,,,
TCF7L2,PMVK,uterus,TCF7L2 IP - HeLa cells,,,
ZNF143,PMVK,leukocytes,"ZNF143 IP - GM12878 cells, ZNF143 IP - K562 cells",,,
CTCF,PMVK,bone,"CTCF IP, CTCF IP - Osteoblasts ",,,
SIX5,PMVK,lung,SIX5 IP | DEX - A549 cells,,,
ATF3,PMVK,leukocytes,"ATF3 IP - GM12878 cells, ATF3 IP - K562 cells",,,
ATF3,PMVK,lung,ATF3 IP - A549 cells,,,
USF1,PMVK,leukocytes,"USF1 IP - GM12878 cells, USF1 IP - K562 cells",,,
ZBTB7A,PMVK,liver,ZBTB7A IP - HepG2 cells,,,
CTCF,PMVK,uterus,"CTCF IP - HeLa cells , CTCF IP - HeLa cells, Rep 1 , CTCF IP - ECC1 cells",,,
MAFK,PMVK,liver,"MAFK IP - HepG2 cells, Rep 1, MAFK IP - HepG2 cells, Rep 2",,,
E2F6,PMVK,stemcells,E2F6 IP - H1 cells,,,
MAZ,PMVK,leukocytes,"MAZ IP - GM12878 cells, MAZ IP - K562 cells",,,
FOSL2,PMVK,cns,FOSL2 IP - SK-N-SH cells,,,
DHT,PMVK,prostate,"DHT | ERG ChIP-Seq - 18 h, DHT | RUNX1 ChIP-Seq, DHT | FOXP1 ChIP-Seq, DHT | ERG ChIP-Seq - 2 h, DHT | FOXA1 ChIP-Seq",,,
SREBF1,PMVK,leukocytes,SREBF1 IP - GM12878 cells,,,
MXI1,PMVK,lung,MXI1 IP - IMR cells,,,
JUND,PMVK,colon,JUND IP - HCT116 cells,,,
USF1,PMVK,lung,"USF1 IP - A549 cells, Rep 2, USF1 IP - A549 cells, Rep 1, USF1 IP | DEX - A549 cells",,,
MYC,PMVK,lung,MYC IP - A549 cells,,,
GATA3,PMVK,cns,GATA3 IP - SK-N-SH cells,,,
RUNX1,PMVK,prostate,DHT | RUNX1 ChIP-Seq,,,
TAL1,PMVK,leukocytes,"TAL1 IP - MOLT3, TAL1 IP - K562 cells",,,
MAX,PMVK,vasculature,MAX IP - HUVEC cells,,,
USF2,PMVK,uterus,USF2 IP - HeLa cells,,,
ETS1,PMVK,leukocytes,"ETS1 IP - GM12878 cells, ETS1 IP, ETS1 IP - K562 cells",,,
ELF1,PMVK,mammarygland,ELF1 IP - MCF7 cells,,,
BHLHE40,PMVK,leukocytes,"BHLHE40 IP - K562 cells, BHLHE40 IP - GM12878 cells",,,
FOXP1,PMVK,prostate,DHT | FOXP1 ChIP-Seq,,,
MAZ,PMVK,uterus,MAZ IP - HeLa cells,,,
RUNX1,PMVK,leukocytes,"RUNX1 IP - N terminus 1, RUNX1 IP, RUNX1 IP, SPI1 IP | RUNX1 KD, RUNX1 IP - Rep 2",,,
IRF1,PMVK,colon,IRF1 IP ,,,
GABPA,PMVK,leukocytes,"GABPA IP - HL cells, GABPA IP - Jurkat, Rep 1, GABPA IP - GM12878 cells, Rep 5 , GABPA IP - GM12878 cells, Rep 4 , GABPA IP - Jurkat, Rep 2, GABPA IP - GM12878 cells, Rep 2 , GABPA IP - K562 cells",,,
MAX,PMVK,uterus,"MAX IP - ECC1 cells, MAX IP - HeLa cells, Rep 2, MAX IP - HeLa cells, Rep 1",,,
JUND,PMVK,mammarygland,"JUND IP - T47D cells, JUND IP - MCF7 cells",,,
JUND,PMVK,cns,"JUND IP - SK-N-SH cells, JUND IP - SK-N-SH cells ",,,
EBF1,PMVK,leukocytes,"EBF1 IP - GM12878 cells, EBF1 IP - GM12878 cells",,,
TCF12,PMVK,lung,TCF12 IP - A549 cells,,,
BAY082,PMVK,leukocytes,"RELA IP | BAY082  - IVD Th1 cells, PIA",,,
TCF7L2,PMVK,pancreas,TCF7L2 IP,,,
CPDA,PMVK,mammarygland,JUN IP | CPDA,,,
USF1,PMVK,liver,USF1 IP - HepG2 cells,,,
TAL1,PMVK,stemcells,"TAL1 IP - Rep 1 , TAL1 IP - Rep 2 ",,,
JUND,PMVK,vasculature,JUND IP,,,
NFATC1,PMVK,leukocytes,NFATC1 IP - GM12878 cells,,,
STAT5A,PMVK,leukocytes,"STAT5A IP - K562 cells, STAT5A IP - GM12878 cells",,,
GATA3,PMVK,lung,GATA3 IP - A549 cells,,,
CTCF,PMVK,miscellaneous,"CTCF IP - AG09319 cells, Rep 1 , CTCF IP - AG09319 cells, Rep 2 ",,,
SIX5,PMVK,stemcells,SIX5 IP - H1 cells,,,
E2F4,PMVK,leukocytes,"E2F4 IP - GM12878 cells, E2F4 IP - K562 cells",,,
NFYC,PMVK,colon,NFYC IP ,,,
MAZ,PMVK,liver,MAZ IP - HepG2 cells,,,
TP73,PMVK,bone,"TP73 IP - beta isoform, Rep 1, TP73 IP - alpha isoform, Rep 2, TP73 IP - beta isoform, Rep 2, TP73 IP - alpha isoform, Rep 1",,,
ARNTL,PMVK,colon,ARNTL IP - Rep 1 ,,,
REST,PMVK,mammarygland,REST IP - MCF7 cells,,,
JUND,PMVK,stemcells,"JUND IP - H1 cells, JUND IP - H1 cells",,,
GABPA,PMVK,lung,GABPA IP - A549 cells,,,
GLI2,PMVK,colon,GLI2 IP ,,,
FOSL2,PMVK,lung,FOSL2 IP - A549 cells,,,
HEY1,PMVK,liver,HEY1 IP - HepG2 cells,,,
FOSL2,PMVK,liver,FOSL2 IP - HepG2 cells,,,
TBP,PMVK,leukocytes,"TBP IP - GM12878 cells, TBP IP - K562 cells",,,
EBF1,PMVK,adiposetissue,EBF1 IP,,,
FOXA2,PMVK,embryonictissue,FOXA2 IP - Rep 2,,,
UBTF,PMVK,leukocytes,UBTF IP - K562 cells,,,
JUND,PMVK,uterus,JUND IP - HeLa cells,,,
SRF,PMVK,colon,SRF IP - HCT116 cells,,,
BACH1,PMVK,stemcells,BACH1 IP - H1 cells,,,
ATF3,PMVK,liver,ATF3 IP - HepG2 cells,,,
KLF5,PMVK,stomach,KLF5 IP - KATOIII,,,
BCL3,PMVK,lung,BCL3 IP - A549 cells,,,
EGR1,PMVK,stemcells,EGR1 IP - H1 cells,,,
TBP,PMVK,liver,TBP IP - HepG2 cells,,,
GATA2,PMVK,leukocytes,GATA2 IP - K562 cells,,,
MXI1,PMVK,cns,MXI1 IP - SK-N-SH cells ,,,
REST,PMVK,liver,"REST IP - HepG2 cells, Rep 1",,,
SIX1,PMVK,kidney,"SIX1 IP - 17 weeks, Rep 1",,,
POU2F2,PMVK,leukocytes,"POU2F2 IP | POU2F2 Mut OE, POU2F2 IP - GM12878 cells",,,
GATA4,PMVK,stomach,GATA4 IP - AGS,,,
GATA3,PMVK,mammarygland,"GATA3 IP - T47D cells, GATA3 IP - MCF7 cells",,,
ZNF143,PMVK,colon,ZNF143 IP ,,,
EGR1,PMVK,colon,EGR1 IP - HCT116 cells,,,
GABPA,PMVK,cns,GABPA IP - SK-N-SH cells,,,
ATF3,PMVK,colon,"ATF3 IP | CAMPTO, ATF3 IP - HCT116 cells",,,
BHLHE40,PMVK,lung,BHLHE40 IP - A549 cells,,,
SP1,PMVK,colon,SP1 IP - HCT116 cells,,,
ERG,PMVK,leukocytes,ERG IP - Rep 1,,,
SRF,PMVK,mammarygland,SRF IP - MCF7 cells,,,
E2F6,PMVK,leukocytes,"E2F6 IP - K562 cells, E2F6 IP - K562 cells",,,
CEBPB,PMVK,leukocytes,CEBPB IP - GM12878 cells,,,
PBX3,PMVK,leukocytes,PBX3 IP - GM12878 cells,,,
JUND,PMVK,lung,JUND IP - A549 cells,,,
RBPJ,PMVK,leukocytes,RBPJ IP | COMPE - wash,,,
COMPE,PMVK,leukocytes,RBPJ IP | COMPE - wash,,,
TCF12,PMVK,leukocytes,TCF12 IP - GM12878 cells,,,
IKZF1,PMVK,leukocytes,IKZF1 IP - GM12878 cells,,,
YY1,PMVK,stemcells,YY1 IP - H1 cells,,,
E2F3,PMVK,colon,E2F3 IP ,,,
ATF2,PMVK,leukocytes,ATF2 IP - GM12878 cells,,,
MYC,PMVK,uterus,MYC IP - HeLa cells,,,
CEBPB,PMVK,liver,CEBPB IP | FORSK - HepG2 cells,,,
FORSK,PMVK,liver,CEBPB IP | FORSK - HepG2 cells,,,
GTF2B,PMVK,uterus,GTF2B IP - Rep 2,,,
HOXA4,PMVK,colon,HOXA4 IP ,,,
CTCF,PMVK,pancreas,CTCF IP,,,
JUN,PMVK,colon,JUN IP ,,,
MXI1,PMVK,leukocytes,MXI1 IP - GM12878 cells,,,
FOXM1,PMVK,leukocytes,FOXM1 IP - GM12878 cells,,,
SP1,PMVK,liver,SP1 IP - HepG2 cells,,,
GATA4,PMVK,stemcells,GATA4 IP - Rep 3 ,,,
TEAD4,PMVK,stemcells,TEAD4 IP - H1 cells,,,
BHLHE40,PMVK,liver,BHLHE40 IP - HepG2 cells,,,
CREB1,PMVK,uterus,CREB1 IP - ECC1 cells,,,
GATA2,PMVK,hspcs,GATA2 IP,,,
E2F6,PMVK,lung,E2F6 IP - A549 cells,,,
MTA3,PMVK,leukocytes,MTA3 IP - GM12878 cells,,,
BANF1,PMVK,skin,TP63 IP | BANF1 KD,,,
MAZ,PMVK,lung,MAZ IP - IMR cells,,,
E2F8,PMVK,colon,E2F8 IP ,,,
CUX1,PMVK,leukocytes,CUX1 IP - GM12878 cells,,,
MAFF,PMVK,leukocytes,MAFF IP - K562 cells,,,
ATF2,PMVK,stemcells,ATF2 IP - H1 cells,,,
TEAD4,PMVK,uterus,TEAD4 IP - ECC1 cells,,,
BATF,PMVK,leukocytes,BATF IP - GM12878 cells,,,
GMEB2,PMVK,colon,GMEB2 IP ,,,
ARID3A,PMVK,leukocytes,ARID3A IP - K562 cells,,,
ZNF280D,PMVK,colon,ZNF280D IP ,,,
TCF12,PMVK,uterus,TCF12 IP - ECC1 cells,,,
FOXA1,PMVK,uterus,FOXA1 IP - ECC1 cells,,,
YY1,PMVK,cns,"YY1 IP - SK-N-SH cells, YY1 IP | ATRA - SK-N-SH cells",,,
GABPA,PMVK,uterus,GABPA IP - HeLa cells,,,
TCF3,PMVK,leukocytes,TCF3 IP - GM12878 cells,,,
CEBPB,PMVK,colon,CEBPB IP - HCT116 cells,,,
SOX2,PMVK,stemcells,SOX2 IP,,,
E2F1,PMVK,mammarygland,"E2F1 IP, E2F1 IP - MCF7 cells",,,
TCF12,PMVK,liver,TCF12 IP - MCF7 cells,,,
IRF1,PMVK,pancreas,IRF1 IP,,,
MXI1,PMVK,liver,MXI1 IP - HepG2 cells,,,
FOXM1,PMVK,mammarygland,FOXM1 IP | THSP - DS006,,,
KLF5,PMVK,pancreas,"KLF5 IP, ELF3 IP | KLF5 KO",,,
MAFF,PMVK,liver,MAFF IP - HepG2 cells,,,
NFYA,PMVK,uterus,NFYA IP - HeLa cells,,,
ATF1,PMVK,leukocytes,ATF1 IP - K562 cells,,,
GATA2,PMVK,cns,GATA2 ChIP-Seq SH-SY5Y,,,
HIF1A,PMVK,bone,HIF1A IP,,,
ZNF384,PMVK,leukocytes,ZNF384 IP - GM12878 cells,,,
BARX1,PMVK,colon,BARX1 IP - Rep 1 ,,,
NFKB2,PMVK,leukocytes,NFKB2 IP - Rep 2,,,
ZC3H8,PMVK,colon,ZC3H8 IP,,,
ZBTB7A,PMVK,uterus,ZBTB7A IP - ECC1 cells,,,
SP1,PMVK,lung,SP1 IP - A549 cells,,,
REST,PMVK,stemcells,"REST IP - H1 cells, Rep 1",,,
E2F6,PMVK,uterus,E2F6 IP - HeLa cells,,,
TBP,PMVK,uterus,TBP IP - HeLa cells,,,
OTX2,PMVK,stemcells,OTX2 IP - Rep 10 ,,,
HEY1,PMVK,leukocytes,HEY1 IP - K562 cells,,,
E2F4,PMVK,mammarygland,E2F4 IP | 4HT - MCF10 cells,,,
ZEB1,PMVK,liver,ZEB1 IP - HepG2 cells,,,
EGR1,PMVK,liver,EGR1 IP - MCF7 cells,,,
YY1,PMVK,uterus,YY1 IP - ECC1 cells,,,
REST,PMVK,lung,REST IP - A549 cells,,,
SRF,PMVK,uterus,SRF IP - ECC1 cells,,,
NFYB,PMVK,uterus,NFYB IP - HeLa cells,,,
TBP,SC5D,leukocytes,"TBP IP - K562 cells, TBP IP - GM12878 cells",,,
MAX,SC5D,leukocytes,"MAX IP - K562 cells, Rep 2, MAX IP - K562 cells, Rep 1, MAX IP - GM12878 cells, MAX IP - NB4 cells, MAX IP - K562 cells",,,
REST,SC5D,stemcells,"REST IP - H1 cells, Rep 2, REST IP - H1 cells, Rep 1",,,
TP53,SC5D,lung,"TP53 IP - propapoptic, Rep 1",,,
FOXA1,SC5D,prostate,"R1881 | FOXA1 ChIP-Seq - Rep 2, AR Q640X OE + FOXA1 OE | FOXA1 ChIP-Seq, FOXA1 KD | GATA2 ChIP-Seq, CON KD + R1881 | FOXA1 ChIP-Seq - Rep 2, FOXA1 ChIP-Seq - Rep 1, FOXA1 ChIP-Seq - LNCaP-abl, GATA2 KD + R1881 | FOXA1 ChIP-Seq, DHT | FOXA1 ChIP-Seq, FOXA1 siRNA | CREB1 ChIP-Seq - Rep 1, CON KD + R1881 | FOXA1 ChIP-Seq, PIAS1 + R1881 | FOXA1 ChIP-Seq - Rep 2, FOXA1 ChIP-Seq - LNCaP, WT AR OE + FOXA1 OE | FOXA1 ChIP-Seq - high FOXA1, FOXA1 ChIP-Seq, PIAS1 + R1881 | FOXA1 ChIP-Seq - Rep 1, CON KD | FOXA1 ChIP-Seq, DHT | FOXA1 ChIP-Seq, POU2F1 KD + DHT | FOXA1 ChIP-Seq, AR C562S OE + FOXA1 OE | FOXA1 ChIP-Seq, CON KD  | FOXA1 ChIP-Seq, EtOH | FOXA1 ChIP-Seq - Rep 2, FOXA1 ChIP-Seq - Rep 2, R1881 | FOXA1 ChIP-Seq - Rep 1, CREB1 siRNA | FOXA1 ChIP-Seq - Rep 2, DHT | FOXA1 ChIP-Seq, FOXA1 siRNA | CREB1 ChIP-Seq - Rep 2, CON KD | FOXA1 ChIP-Seq, FOXA1 ChIP-Seq, CON KD + R1881 | FOXA1 ChIP-Seq - Rep 1, FOXA1 ChIP-Seq - Rep 1, FOXA1 KD | FOXA1 ChIP-Seq, WT AR OE + FOXA1 OE | FOXA1 ChIP-Seq, CON KD | FOXA1 ChIP-Seq, FOXA1 KD | FOXA1 ChIP-Seq, FOXA1 ChIP-Seq, GATA2 KD  | FOXA1 ChIP-Seq, FOXA1 ChIP-Seq - Rep 2, CREB1 siRNA | FOXA1 ChIP-Seq - Rep 1, FOXA1 ChIP-Seq, EtOH | FOXA1 ChIP-Seq - , DHT | FOXA1 ChIP-Seq",,,
R1881,SC5D,prostate,"R1881 | FOXA1 ChIP-Seq - Rep 2, CON KD + R1881 | FOXA1 ChIP-Seq - Rep 2, GATA2 KD + R1881 | FOXA1 ChIP-Seq, CON KD + R1881 | FOXA1 ChIP-Seq, PIAS1 + R1881 | FOXA1 ChIP-Seq - Rep 2, PIAS1 + R1881 | FOXA1 ChIP-Seq - Rep 1, R1881 | FOXA1 ChIP-Seq - Rep 1, ERG IP | R1881, GABPA IP | R1881, CON KD + R1881 | FOXA1 ChIP-Seq - Rep 1, CON KD + R1881 | GATA2 ChIP-Seq",,,
CTCF,SC5D,leukocytes,"CTCF IP - GM19238 cells, Rep 1 , CTCF IP - GM2610 cells, Rep 2 , CTCF IP - GM12878 cells, Rep 2 , CTCF IP -  DND , CTCF IP - GM19238 cells, Rep 2 , CTCF IP, CTCF IP - GM2255 cells, Rep 3 , CTCF IP - MS1 cells, Rep 2 , CTCF IP - GM12890 cells, Rep 3 , CTCF IP - GM2630 cells, Rep 3 , CTCF IP - MS1 cells, Rep 1 , CTCF IP - GM12891 cells, Rep 2 , CTCF IP - GM19240 cells, Rep 1 , CTCF IP - GM2630 cells, Rep 1 , CTCF IP - GM12878 cells, Rep 1 , CTCF IP - GM19239 cells, Rep 1 , CTCF IP - MS1 cells, Rep 3 , CTCF IP - GM2630 cells, Rep 2 , CTCF IP - GM2255 cells, Rep 2 , CTCF IP - MS1 cells, Rep 4 , CTCF IP - GM12892 cells, Rep 1 , CTCF IP - GM2588 cells, Rep 3 , CTCF IP - GM12892 cells, Rep 2 , CTCF IP - GM18486 cells, Rep 3 , CTCF IP - GM12890 cells, Rep 1 , CTCF IP - GM2588 cells, Rep 1 ",,,
ZEB1,SC5D,leukocytes,ZEB1 IP - GM12878 cells,,,
RUNX1T1,SC5D,leukocytes,RUNX1T1 IP,,,
MYB,SC5D,leukocytes,"MYB IP - Jurkat, Rep 1, MYB IP - Jurkat, Rep 3, MYB IP - Jurkat, Rep 5, MYB IP - MOLT3, MYB IP - Jurkat, Rep 4, MYB IP - Jurkat, Rep 2",,,
JUN,SC5D,colon,JUN IP ,,,
PAX5,SC5D,leukocytes,"PAX5 IP - GM12892 cells, PAX5 IP - GM12878 cells, Rep 1, PAX5 IP - GM12878 cells, Rep 2, PAX5 IP - GM12891 cells",,,
MAX,SC5D,lung,"MAX IP - A549 cells, MAX IP - A549 cells",,,
EBF1,SC5D,leukocytes,"EBF1 IP - GM12878 cells, EBF1 IP - GM12878 cells",,,
E2F1,SC5D,prostate,"HES6 OE + BICALU | E2F1 ChIP-Seq - Rep 1, HES6 OE | E2F1 ChIP-Seq - Rep 1, E2F1 ChIP-Seq - Rep 4, E2F1 ChIP-Seq - Rep 1, HES6 OE + BICALU | E2F1 ChIP-Seq - Rep 3, HES6 OE | E2F1 ChIP-Seq - Rep 4, BICALU | E2F1 ChIP-Seq - Rep 1, BICALU | E2F1 ChIP-Seq - Rep 2, BICALU + HES6OE | E2F1 ChIP-Seq - Rep 4, HES6 OE | E2F1 ChIP-Seq - Rep 2, BICALU | E2F1 ChIP-Seq - Rep 3, HES6 OE | E2F1 ChIP-Seq - Rep 3, E2F1 ChIP-Seq - Rep 2, E2F1 ChIP-Seq - Rep 3",,,
BICALU,SC5D,prostate,"HES6 OE + BICALU | E2F1 ChIP-Seq - Rep 1, HES6 OE + BICALU | E2F1 ChIP-Seq - Rep 3, BICALU | E2F1 ChIP-Seq - Rep 1, BICALU | E2F1 ChIP-Seq - Rep 2, BICALU + HES6OE | E2F1 ChIP-Seq - Rep 4, BICALU | E2F1 ChIP-Seq - Rep 3",,,
HES6,SC5D,prostate,"HES6 OE + BICALU | E2F1 ChIP-Seq - Rep 1, HES6 OE | E2F1 ChIP-Seq - Rep 1, HES6 OE + BICALU | E2F1 ChIP-Seq - Rep 3, HES6 OE | E2F1 ChIP-Seq - Rep 4, BICALU + HES6OE | E2F1 ChIP-Seq - Rep 4, HES6 OE | E2F1 ChIP-Seq - Rep 2, HES6 OE | E2F1 ChIP-Seq - Rep 3",,,
FOXP1,SC5D,prostate,DHT | FOXP1 ChIP-Seq,,,
DHT,SC5D,prostate,"DHT | FOXP1 ChIP-Seq, DHT | RUNX1 ChIP-Seq, DHT | FOXA1 ChIP-Seq, DHT | ERG ChIP-Seq - 18 h, DHT | FOXA1 ChIP-Seq, POU2F1 KD + DHT | FOXA1 ChIP-Seq, DHT | FOXA1 ChIP-Seq, DHT | FOXA1 ChIP-Seq",,,
UBTF,SC5D,leukocytes,"UBTF IP - K562 cells, UBTF IP - K562 cells",,,
RUNX1,SC5D,leukocytes,"RUNX1 IP - Rep 1, RUNX1 IP - Rep 2, RUNX1 IP, RUNX1 IP - N terminus 1, RUNX1 IP - N terminus 2, RUNX1 IP",,,
FOXA1,SC5D,mammarygland,"DEX | FOXA1 ChIP-Seq - Rep 2, FOXA1 IP - T47D cells, DEX | FOXA1 ChIP-Seq - Rep 2, FOXA1 ChIP-Seq - Rep 1, DEX | FOXA1 ChIP-Seq - Rep 1, 17BE2 | FOXA1 ChIP-Seq - Rep 2, 17BE2 | FOXA1 ChIP-Seq - Rep 1, FOXA1 ChIP-Seq - Rep 1, DEX | FOXA1 ChIP-Seq - Rep 1, DEX | FOXA1 ChIP-Seq - Rep 1, 17BE2 | FOXA1 ChIP-Seq - Rep 2, 17BE2 | FOXA1 ChIP-Seq - Rep 1, DHT | FOXA1 ChIP-Seq, FOXA1 ChIP-Seq - Rep 1, FOXA1 ChIP-Seq - Rep 2, 17BE2 | FOXA1 ChIP-Seq - Rep 1",,,
DEX,SC5D,mammarygland,"DEX | FOXA1 ChIP-Seq - Rep 2, DEX | FOXA1 ChIP-Seq - Rep 2, DEX | FOXA1 ChIP-Seq - Rep 1, DEX | FOXA1 ChIP-Seq - Rep 1, DEX | FOXA1 ChIP-Seq - Rep 1",,,
FOXP2,SC5D,cns,"FOXP2 IP - SK cells, FOXP2 IP - PFSK-1 cells",,,
E2F1,SC5D,mammarygland,"E2F1 IP, E2F1 IP - MCF7 cells",,,
IRF1,SC5D,leukocytes,"IRF1 IP | IFNG - K562 cells, 6 h, IRF1 IP | IFNA1-13 - K562 cells, 6 h, IRF1 IP - Rep 3",,,
IFNG,SC5D,leukocytes,"IRF1 IP | IFNG - K562 cells, 6 h, STAT1 IP - Rep 2, STAT1 IP - Rep 6, MYC IP | IFNG - K562 cells, 6 h, MYC IP | IFNG - K562 cells, 30 min, IRF1 IP - Rep 3, STAT1 IP - Rep 5, STAT1 IP - Rep 3, STAT1 IP - Rep 1, STAT1 IP - Rep 4",,,
SOX9,SC5D,colon,SOX9 IP ,,,
CTCF,SC5D,hspcs,"CTCF IP - HEL 92.1.7 cells, Rep 2 ",,,
BHLHE40,SC5D,liver,BHLHE40 IP - HepG2 cells,,,
SP1,SC5D,stemcells,"SP1 IP - H1 cells, SP1 IP - Rep 1 ",,,
FOXM1,SC5D,uterus,FOXM1 IP - ECC1 cells,,,
AR,SC5D,prostate,"AR Q640X OE + FOXA1 OE | FOXA1 ChIP-Seq, WT AR OE + FOXA1 OE | FOXA1 ChIP-Seq - high FOXA1, AR C562S OE + FOXA1 OE | FOXA1 ChIP-Seq, WT AR OE + FOXA1 OE | FOXA1 ChIP-Seq",,,
CEBPB,SC5D,liver,CEBPB ChIP-Seq - HepG2,,,
SREBF2,SC5D,leukocytes,SREBF2 IP - GM12878 cells,,,
NFATC1,SC5D,leukocytes,NFATC1 IP - GM12878 cells,,,
STAT1,SC5D,leukocytes,"STAT1 IP - Rep 2, STAT1 IP - Rep 6, STAT1 IP - Rep 5, STAT1 IP - Rep 3, STAT1 IP - Rep 1, STAT1 IP - Rep 4",,,
USF1,SC5D,stemcells,USF1 IP - H1 cells,,,
MAX,SC5D,stemcells,"MAX IP - H1 cells, MAX IP - H1 cells",,,
FOS,SC5D,mammarygland,"FOS IP - MCF10A cells, FOS IP | 4HT - MCF10A cells, 12 h, FOS IP | 4HT - MCF10A cells, 4 h, FOS IP | 4HT - MCF10A cells, 36 h",,,
NFKB1,SC5D,leukocytes,"NFKB1 IP - Rep 1, NFKB1 IP - Rep 2",,,
FOXH1,SC5D,embryonictissue,FOXH1 IP - endoderm,,,
GABPA,SC5D,liver,"GABPA IP - MCF7 cells, GABPA IP - HepG2 cells",,,
SPI1,SC5D,leukocytes,"SPI1 IP - GM12878 cells, Rep 4 , SPI1 IP, SPI1 IP, SPI1 IP - GM12891 cells, SPI1 IP - GM12878 cells, SPI1 IP, SPI1 IP, SPI1 IP - GM12878 cells, Rep 2 , SPI1 IP - GM12878 cells, Rep 3 ",,,
RUNX1,SC5D,prostate,DHT | RUNX1 ChIP-Seq,,,
FOSL2,SC5D,liver,FOSL2 IP - HepG2 cells,,,
STAT3,SC5D,mammarygland,"STAT3 IP | 4HT - MCF10 cells, 12 h, STAT3 IP | 4HT - MCF10 cells, 36 h, STAT3 IP - MCF10A cells, Rep 2",,,
4HT,SC5D,mammarygland,"STAT3 IP | 4HT - MCF10 cells, 12 h, FOS IP | 4HT - MCF10A cells, 12 h, FOS IP | 4HT - MCF10A cells, 4 h, STAT3 IP | 4HT - MCF10 cells, 36 h, E2F4 IP | 4HT - MCF10 cells, MYC IP | 4HT - MCF10A cells, FOS IP | 4HT - MCF10A cells, 36 h",,,
STAT3,SC5D,leukocytes,"STAT3 IP - OCI-LY19, STAT3 IP - SU-DHL-4, STAT3 IP - SU-DHL-6, STAT3 IP - OCI-LY10, STAT3 IP - SU-DHL-2, STAT3 IP - U-2932",,,
ATF3,SC5D,stemcells,ATF3 IP - H1 cells,,,
MAX,SC5D,uterus,"MAX IP - ECC1 cells, MAX IP - HeLa cells, Rep 1",,,
JUN,SC5D,leukocytes,"JUN IP - K562 cells, Rep 1",,,
GATA2,SC5D,prostate,"FOXA1 KD | GATA2 ChIP-Seq, GATA2 KD + R1881 | FOXA1 ChIP-Seq, CON KD | GATA2 ChIP-Seq, GATA2 ChIP-Seq, GATA2 ChIP-Seq - Rep 2, CON KD  | GATA2 ChIP-Seq, GATA2 KD  | FOXA1 ChIP-Seq, CON KD + R1881 | GATA2 ChIP-Seq",,,
SMAD1,SC5D,hspcs,SMAD1 IP - Rep 3,,,
ELF3,SC5D,pancreas,"ELF3 IP, ELF3 IP, ELF3 IP | KLF5 KO",,,
USF1,SC5D,cns,"USF1 IP | ATRA - SK-N-SH cells, USF1 IP - SK-N-SH cells",,,
ATRA,SC5D,cns,"USF1 IP | ATRA - SK-N-SH cells, YY1 IP | ATRA - SK-N-SH cells",,,
GATA2,SC5D,cns,GATA2 ChIP-Seq SH-SY5Y,,,
ZBTB7A,SC5D,uterus,ZBTB7A IP - ECC1 cells,,,
EGR1,SC5D,leukocytes,EGR1 IP - K562 cells,,,
YY1,SC5D,leukocytes,"YY1 IP - GM12878 cells, YY1 IP - GM12891 cells, YY1 IP - K562 cells, Rep 1, YY1 IP - K562 cells, Rep 2, YY1 IP - GM12892 cells, Rep 1",,,
ETV5,SC5D,colon,ETV5 IP ,,,
YY1,SC5D,lung,YY1 IP - A549 cells,,,
MXI1,SC5D,cns,MXI1 IP - SK-N-SH cells ,,,
REST,SC5D,leukocytes,REST IP - HL60 cells,,,
FOXA2,SC5D,stemcells,"FOXA2 IP - Rep 5 , FOXA2 IP - ES D2, FOXA2 IP - ES D10, FOXA2 IP - ES D5, FOXA2 IP - ES D7, FOXA2 IP - Rep 1 ",,,
ATF3,SC5D,liver,ATF3 IP - HepG2 cells,,,
FOXA1,SC5D,stemcells,"FOXA1 IP - ES D2, FOXA1 IP - ES D5, FOXA1 IP - Rep 1 , FOXA1 IP - Rep 5 ",,,
GATA1,SC5D,leukocytes,"GATA1 ChIP-Seq - K562, GATA1 ChIP-Seq - SC266",,,
RELA,SC5D,leukocytes,"RELA IP | TNF - GM15510 cells, RELA IP | TNF - GM12891 cells, RELA IP | TNF - GM18951 cells, RELA IP | BAY082  - IVD Th1 cells, PIA, RELA IP - IVD Th1 cells, PIA",,,
TNF,SC5D,leukocytes,"RELA IP | TNF - GM15510 cells, RELA IP | TNF - GM12891 cells, RELA IP | TNF - GM18951 cells",,,
E2F1,SC5D,uterus,"E2F1 IP - HeLa cells, Rep 2, E2F1 IP - HeLa cells, Rep 1",,,
ATF3,SC5D,leukocytes,"ATF3 IP - GM12878 cells, ATF3 IP - K562 cells, ATF3 IP - K562 cells",,,
FOXA1,SC5D,pancreas,"FOXA1 IP, FOXA1 IP, FOXA1 IP | KLF5 KO",,,
MAX,SC5D,liver,"MAX IP - MCF7 cells, MAX IP - HepG2 cells, MAX IP - HepG2 cells",,,
TEAD4,SC5D,uterus,TEAD4 IP - ECC1 cells,,,
SP1,SC5D,lung,SP1 IP - A549 cells,,,
E2F4,SC5D,leukocytes,E2F4 IP - K562 cells,,,
FOXM1,SC5D,leukocytes,FOXM1 IP - GM12878 cells,,,
JUN,SC5D,mammarygland,"JUN IP - Rep 2, JUN IP - Rep 1",,,
TFAP4,SC5D,leukocytes,"TFAP4 IP - Rep 1, TFAP4 IP - Rep 2",,,
RELA,SC5D,colon,RELA IP ,,,
MAZ,SC5D,leukocytes,"MAZ IP - GM12878 cells, MAZ IP - K562 cells",,,
TCF12,SC5D,cns,TCF12 IP - SK-N-SH cells,,,
ELF1,SC5D,leukocytes,"ELF1 IP - SK-N-SH cells, ELF1 IP - SK-N-SH cells",,,
SP1,SC5D,liver,SP1 IP - HepG2 cells,,,
FOS,SC5D,leukocytes,"FOS IP - GM12878 cells, FOS IP - K562 cells",,,
FOXA1,SC5D,liver,"FOXA1 IP - HepG2 cells, Rep 2, FOXA1 IP - HepG2 cells, Rep 1",,,
USF1,SC5D,lung,"USF1 IP - A549 cells, Rep 1, USF1 IP | DEX - A549 cells, USF1 IP - A549 cells, Rep 2",,,
FOXA2,SC5D,embryonictissue,"FOXA2 IP - Rep 2, FOXA2 IP - Rep 1",,,
CREB1,SC5D,prostate,"CREB1 ChIP-Seq - Rep 1, FOXA1 siRNA | CREB1 ChIP-Seq - Rep 1, CREB1 ChIP-Seq - LNCaP, CREB1 ChIP-Seq - Rep 2, CREB1 siRNA | FOXA1 ChIP-Seq - Rep 2, CREB1 ChIP-Seq - LNCaP-abl, FOXA1 siRNA | CREB1 ChIP-Seq - Rep 2, CREB1 siRNA | FOXA1 ChIP-Seq - Rep 1",,,
TCF3,SC5D,leukocytes,TCF3 IP - GM12878 cells,,,
BCL11A,SC5D,leukocytes,BCL11A IP - GM12878 cells,,,
TCF12,SC5D,uterus,TCF12 IP - ECC1 cells,,,
GATA3,SC5D,mammarygland,"GATA3 IP - T47D cells, GATA3 IP - MCF7 cells",,,
NFYB,SC5D,leukocytes,"NFYB IP - K562 cells, NFYB IP - GM12878 cells",,,
POU2F2,SC5D,leukocytes,"POU2F2 IP - GM12878 cells, POU2F2 IP - Rep 2",,,
JUND,SC5D,liver,"JUND IP - HepG2 cells, JUND IP - HepG2 cells",,,
USF2,SC5D,leukocytes,"USF2 IP - GM12878 cells, USF2 IP - K562 cells",,,
KLF11,SC5D,adiposetissue,"KLF11 ChIP-Seq, Rep 1, ROSI (BrAT) | KLF11 ChIP-Seq, Rep 1, ROSI (BrAT) | KLF11 ChIP-Seq, Rep 2, KLF11 ChIP-Seq, Rep 2",,,
YY1,SC5D,liver,YY1 IP - HepG2 cells,,,
GTF2B,SC5D,uterus,GTF2B IP - Rep 2,,,
CEBPB,SC5D,colon,CEBPB IP - HCT116 cells,,,
CREB1,SC5D,leukocytes,"CREB1 IP - K562 cells, CREB1 IP - GM12878 cells",,,
KLF5,SC5D,stomach,KLF5 IP - KATOIII,,,
PDX1,SC5D,pancreas,PDX1 IP,,,
ZBTB7A,SC5D,leukocytes,ZBTB7A IP - SK-N-SH cells,,,
NFYB,SC5D,uterus,NFYB IP - HeLa cells,,,
HOXA6,SC5D,colon,HOXA6 IP ,,,
REST,SC5D,cns,"REST IP - SK cells, REST IP - PFSK1 cells, Rep 2, REST IP - U87 cells, REST IP - PFSK-N-SH cells1 cells, Rep 1, REST IP - SK-N-SH cells",,,
BHLHE40,SC5D,leukocytes,"BHLHE40 IP - GM12878 cells, BHLHE40 IP - K562 cells",,,
SP1,SC5D,leukocytes,SP1 IP - GM12878 cells,,,
CTCF,SC5D,cns,"CTCF IP - SK-N-SH cells, Rep 2 , CTCF IP - BE(2)-C cells, Rep 1 ",,,
HMGN3,SC5D,leukocytes,HMGN3 IP - K562 cells,,,
GATA3,SC5D,cns,GATA3 IP - SK-N-SH cells,,,
NFYA,SC5D,uterus,NFYA IP - HeLa cells,,,
USF2,SC5D,uterus,USF2 IP - HeLa cells,,,
CREB1,SC5D,stemcells,CREB1 IP - H1 cells,,,
HOXA4,SC5D,colon,HOXA4 IP ,,,
USF2,SC5D,liver,USF2 IP - HepG2 cells,,,
JUND,SC5D,colon,JUND IP - HCT116 cells,,,
CTCF,SC5D,stemcells,CTCF IP - Rep 6 ,,,
EGR1,SC5D,uterus,EGR1 IP - ECC1 cells,,,
ZNF143,SC5D,leukocytes,ZNF143 IP - GM12878 cells,,,
MYC,SC5D,leukocytes,"MYC IP - NB4 cells, MYC IP - K562 cells, Rep 1, MYC IP | IFNG - K562 cells, 6 h, MYC IP | IFNG - K562 cells, 30 min",,,
REST,SC5D,liver,"REST IP - HepG2 cells, Rep 2, REST IP - HepG2 cells, Rep 1",,,
CREB1,SC5D,liver,"CREB1 IP, CREB1 IP, CREB1 IP - HepG2 cells","15753290,",,
CTCF,SC5D,lung,"CTCF IP - SAEC cells, Rep 2 ",,,
ROSI,SC5D,adiposetissue,"ROSI (BrAT) | KLF11 ChIP-Seq, Rep 1, ROSI (BrAT) | KLF11 ChIP-Seq, Rep 2",,,
FOSL1,SC5D,mammarygland,FOSL1 IP,,,
PIAS1,SC5D,prostate,"PIAS1 + R1881 | FOXA1 ChIP-Seq - Rep 2, PIAS1 + R1881 | FOXA1 ChIP-Seq - Rep 1",,,
KLF5,SC5D,pancreas,"KLF5 IP, FOXA1 IP | KLF5 KO, ELF3 IP | KLF5 KO",,,
USF1,SC5D,uterus,USF1 IP - ECC1 cells,,,
ERG,SC5D,prostate,"DHT | ERG ChIP-Seq - 18 h, ERG IP | R1881",,,
ATF2,SC5D,leukocytes,ATF2 IP - GM12878 cells,,,
GABPA,SC5D,leukocytes,"GABPA IP - K562 cells, GABPA IP - Jurkat, Rep 1, GABPA IP - GM12878 cells, Rep 4 , GABPA IP - Jurkat, Rep 2",,,
ZEB1,SC5D,liver,ZEB1 IP - HepG2 cells,,,
TEAD4,SC5D,colon,TEAD4 IP - HCT116 cells,,,
ATF3,SC5D,colon,"ATF3 IP | CAMPTO, ATF3 IP, ATF3 IP - HCT116 cells",,,
E2F6,SC5D,stemcells,E2F6 IP - H1 cells,,,
GATA6,SC5D,stomach,GATA6 IP - AGS,,,
USF1,SC5D,colon,USF1 IP - HCT116 cells,,,
RELA,SC5D,adiposetissue,"RELA IP, RELA IP, RELA IP",,,
17BE2,SC5D,mammarygland,"17BE2 | FOXA1 ChIP-Seq - Rep 2, 17BE2 | FOXA1 ChIP-Seq - Rep 1, 17BE2 | FOXA1 ChIP-Seq - Rep 2, 17BE2 | FOXA1 ChIP-Seq - Rep 1, 17BE2 | FOXA1 ChIP-Seq - Rep 1",,,
RUNX1,SC5D,hspcs,RUNX1,,,
PBX3,SC5D,cns,PBX3 IP - SK-N-SH cells,,,
MAFK,SC5D,leukocytes,MAFK IP - GM12878 cells,,,
YY1,SC5D,stemcells,YY1 IP - H1 cells,,,
JUND,SC5D,vasculature,JUND IP,,,
E2F4,SC5D,mammarygland,E2F4 IP | 4HT - MCF10 cells,,,
HEY1,SC5D,leukocytes,HEY1 IP - K562 cells,,,
ZNF263,SC5D,kidney,ZNF263 IP - HEK293 cells,,,
E2F6,SC5D,lung,E2F6 IP - A549 cells,,,
MYC,SC5D,mammarygland,"MYC IP | 4HT - MCF10A cells, MYC IP - MCF-10A cells, DHT | MYC ChIP-Seq",,,
STAT5A,SC5D,leukocytes,STAT5A IP - GM12878 cells,,,
E2F6,SC5D,uterus,E2F6 IP - HeLa cells,,,
GATA4,SC5D,stomach,GATA4 IP - AGS,,,
DEX,SC5D,lung,"USF1 IP | DEX - A549 cells, CREB1 IP | DEX - A549 cells, FOXA1 IP | DEX - A549 cells",,,
TAL1,SC5D,colon,TAL1 IP ,,,
FOS,SC5D,vasculature,FOS IP - HUVEC cells,,,
E2F6,SC5D,leukocytes,"E2F6 IP - K562 cells, E2F6 IP - K562 cells",,,
USF1,SC5D,leukocytes,"USF1 IP - GM12878 cells, USF1 IP - K562 cells",,,
CEBPB,SC5D,stemcells,"CEBPB IP, CEBPB IP, CEBPB IP, CEBPB IP",,,
TEAD4,SC5D,leukocytes,TEAD4 IP - K562 cells,,,
BAY082,SC5D,leukocytes,"RELA IP | BAY082  - IVD Th1 cells, PIA",,,
POU2F1,SC5D,prostate,POU2F1 KD + DHT | FOXA1 ChIP-Seq,,,
IRF1,SC5D,pancreas,IRF1 IP,,,
TEAD4,SC5D,stemcells,TEAD4 IP - H1 cells,,,
SOX2,SC5D,stemcells,SOX2 IP,,,
GABPA,SC5D,prostate,"GABPA IP - Rep 1, GABPA IP | R1881",,,
IFNA1,SC5D,leukocytes,"IRF1 IP | IFNA1-13 - K562 cells, 6 h",,,
ZNF143,SC5D,stemcells,ZNF143 IP - H1 cells,,,
HIF1A,SC5D,bone,HIF1A IP,,,
ETS1,SC5D,leukocytes,"ETS1 IP, ETS1 IP - K562 cells, ETS1 IP - GM12878 cells",,,
TBP,SC5D,stemcells,TBP IP - H1 cells,,,
ERG,SC5D,leukocytes,ERG IP - Rep 1,,,
EOMES,SC5D,stemcells,EOMES IP - Rep 2 ,,,
SRF,SC5D,leukocytes,"SRF IP - SK-N-SH cells, SRF IP - GM12878 cells, Rep 2",,,
SP1,SC5D,colon,SP1 IP - HCT116 cells,,,
BATF,SC5D,leukocytes,BATF IP - GM12878 cells,,,
MXI1,SC5D,liver,MXI1 IP - HepG2 cells,,,
ATF1,SC5D,leukocytes,ATF1 IP - K562 cells,,,
GATA4,SC5D,stemcells,"GATA4 IP - Rep 8 , GATA4 IP - Rep 11 , GATA4 IP - Rep 9 , GATA4 IP - Rep 10 ",,,
ZBTB7A,SC5D,liver,ZBTB7A IP - HepG2 cells,,,
GATA1,SC5D,hspcs,"GATA1 IP - PBDE cells, Rep 1",,,
YY1,SC5D,colon,YY1 IP - HCT116 cells,,,
E2F3,SC5D,colon,E2F3 IP ,,,
MYC,SC5D,uterus,MYC IP - HeLa cells,,,
ATF2,SC5D,colon,ATF2 IP ,,,
IRF1,SC5D,colon,IRF1 IP ,,,
REST,SC5D,lung,REST IP - A549 cells,,,
HEY1,SC5D,liver,HEY1 IP - HepG2 cells,,,
OTX2,SC5D,stemcells,OTX2 IP - Rep 10 ,,,
USF1,SC5D,liver,USF1 IP - HepG2 cells,,,
ELF1,SC5D,colon,ELF1 IP - HCT116 cells,,,
CREB1,SC5D,lung,CREB1 IP | DEX - A549 cells,,,
FOSL1,SC5D,colon,FOSL1 IP - HCT116 cells,,,
YY1,SC5D,cns,"YY1 IP - SK-N-SH cells, YY1 IP | ATRA - SK-N-SH cells",,,
JUN,SC5D,vasculature,JUN IP,,,
MAX,SC5D,vasculature,MAX IP - HUVEC cells,,,
PBX3,SC5D,leukocytes,PBX3 IP - GM12878 cells,,,
TBP,SC5D,liver,TBP IP - HepG2 cells,,,
JUND,SC5D,leukocytes,JUND IP - K562 cells,,,
NFYA,SC5D,colon,NFYA IP ,,,
GTF2B,SC5D,leukocytes,GTF2B IP - K562 cells,,,
REST,SC5D,pancreas,"REST IP - Panc1 cells, Rep 3",,,
RBPJ,SC5D,leukocytes,RBPJ IP | COMPE - wash,,,
COMPE,SC5D,leukocytes,RBPJ IP | COMPE - wash,,,
TCF12,SC5D,leukocytes,TCF12 IP - GM12878 cells,,,
GATA6,SC5D,stemcells,"GATA6 IP - Rep 1 , GATA6 IP - Rep 3 , GATA6 IP - Rep 7 ",,,
TCF7L2,SC5D,mammarygland,TCF7L2 ChIP-Seq,,,
TBP,SC5D,uterus,TBP IP - HeLa cells,,,
REST,SC5D,uterus,REST IP - ECC1 cells,,,
GATA2,SC5D,hspcs,GATA2 IP,,,
MEF2B,SC5D,kidney,MEF2B IP | MEF2B OE - Rep 2,,,
CEBPB,SC5D,lung,"CEBPB ChIP-Seq - A549, CEBPB ChIP-Seq - IMR90",,,
DHT,SC5D,mammarygland,"DHT | FOXA1 ChIP-Seq, DHT | MYC ChIP-Seq",,,
BARX1,SC5D,colon,BARX1 IP - Rep 1 ,,,
TCF21,SC5D,vasculature,TCF21 IP,,,
MXI1,SC5D,uterus,MXI1 IP - HeLa cells,,,
SREBF2,SC5D,liver,SREBF2 IP | PRAV - HepG2 cells,,,
PRAV,SC5D,liver,SREBF2 IP | PRAV - HepG2 cells,,,
SRF,SC5D,uterus,SRF IP - ECC1 cells,,,
CREB1,SC5D,uterus,CREB1 IP - ECC1 cells,,,
TP53,SC5D,mammarygland,TP53 IP,,,
GLI2,SC5D,colon,GLI2 IP ,,,
NFYA,SC5D,leukocytes,NFYA IP - K562 cells,,,
CTCF,SC5D,skin,"CTCF IP - AG04449 cells, Rep 1 ",,,
MXI1,SC5D,leukocytes,MXI1 IP - GM12878 cells,,,
FOXA1,SC5D,lung,FOXA1 IP | DEX - A549 cells,,,
EGR1,SC5D,colon,EGR1 IP - HCT116 cells,,,
JUND,SC5D,stemcells,JUND IP - H1 cells,,,
SRF,SC5D,colon,SRF IP - HCT116 cells,,,
JUND,SC5D,lung,JUND IP - A549 cells,,,
MAX,SC5D,cns,MAX IP - SK-N-SH cells,,,
FOXA2,SC5D,liver,FOXA2 IP - HepG2 cells,"19822575,",,
YY1,SC5D,uterus,YY1 IP - ECC1 cells,,,
MAZ,SC5D,lung,MAZ IP - IMR cells,,,
CREB1,SC5D,colon,CREB1 IP ,,,
MTA3,SC5D,leukocytes,MTA3 IP - GM12878 cells,,,
IRF4,SC5D,leukocytes,IRF4 IP,,,
SIX2,SC5D,kidney,"SIX2 IP - 17 weeks, Rep 1",,,
FOXM1,SC5D,mammarygland,FOXM1 IP | THSP - DS006,,,
NFYC,SC5D,colon,NFYC IP ,,,
ATF2,SC5D,stemcells,ATF2 IP - H1 cells,,,
MAX,SC5D,colon,MAX IP - HCT116 cells,,,
CTCF,SC5D,megakaryocytelineage,"CTCF IP - MEG-01 cells, Rep 2 ",,,
BCL3,SC5D,leukocytes,BCL3 IP - GM12878 cells,,,
USF2,SC5D,stemcells,USF2 IP - H1 cells,,,
SREBF1,SC5D,liver,SREBF1 IP | INS + 22RHC - HepG2 cells,,,
22RHC; INS,SC5D,liver,SREBF1 IP | INS + 22RHC - HepG2 cells,,,
SRF,SQLE,stemcells,"SRF IP - Rep 6 , SRF IP - Rep 4 , SRF IP - Rep 7 ",,,
MYC,SQLE,stemcells,MYC IP - Rep 2 ,,,
GATA4,SQLE,stomach,GATA4 IP - AGS,,,
FOXA1,SQLE,prostate,"WT AR OE + FOXA1 OE | FOXA1 ChIP-Seq, FOXA1 siRNA | CREB1 ChIP-Seq - Rep 1, WT AR OE + FOXA1 OE | FOXA1 ChIP-Seq - high FOXA1, AR C562S OE + FOXA1 OE | FOXA1 ChIP-Seq, FOXA1 siRNA | CREB1 ChIP-Seq - Rep 2",,,
AR,SQLE,prostate,"WT AR OE + FOXA1 OE | FOXA1 ChIP-Seq, WT AR OE + FOXA1 OE | FOXA1 ChIP-Seq - high FOXA1, AR C562S OE + FOXA1 OE | FOXA1 ChIP-Seq",,,
E2F1,SQLE,prostate,"BICALU + HES6 OE | E2F1 ChIP-Seq - Rep 2, E2F1 ChIP-Seq - Rep 1, HES6 OE + BICALU | E2F1 ChIP-Seq - Rep 3, BICALU | E2F1 ChIP-Seq - Rep 1, BICALU + HES6OE | E2F1 ChIP-Seq - Rep 4, HES6 OE | E2F1 ChIP-Seq - Rep 2, BICALU | E2F1 ChIP-Seq - Rep 3, HES6 OE | E2F1 ChIP-Seq - Rep 3, E2F1 ChIP-Seq - Rep 2, E2F1 ChIP-Seq - Rep 3, HES6 OE | E2F1 ChIP-Seq - Rep 1, HES6 OE + BICALU | E2F1 ChIP-Seq - Rep 1, E2F1 ChIP-Seq - Rep 4",,,
BICALU,SQLE,prostate,"BICALU + HES6 OE | E2F1 ChIP-Seq - Rep 2, HES6 OE + BICALU | E2F1 ChIP-Seq - Rep 3, BICALU | E2F1 ChIP-Seq - Rep 1, BICALU + HES6OE | E2F1 ChIP-Seq - Rep 4, BICALU | E2F1 ChIP-Seq - Rep 3, HES6 OE + BICALU | E2F1 ChIP-Seq - Rep 1",,,
HES6,SQLE,prostate,"BICALU + HES6 OE | E2F1 ChIP-Seq - Rep 2, HES6 OE + BICALU | E2F1 ChIP-Seq - Rep 3, BICALU + HES6OE | E2F1 ChIP-Seq - Rep 4, HES6 OE | E2F1 ChIP-Seq - Rep 2, HES6 OE | E2F1 ChIP-Seq - Rep 3, HES6 OE | E2F1 ChIP-Seq - Rep 1, HES6 OE + BICALU | E2F1 ChIP-Seq - Rep 1",,,
CTCF,SQLE,leukocytes,"CTCF IP - GM19238 cells, Rep 2 , CTCF ChIP-Seq - GM12878, CTCF IP - GM12871 cells , CTCF IP, CTCF IP - F36P cells, Rep 14 , CTCF IP - GM12878 cells, Rep 2 , CTCF IP - GM2255 cells, Rep 3 , CTCF IP - GM10847 cells, Rep 1 , CTCF IP - GM11994 cells, Rep 2, CTCF IP - F36P cells, Rep 10 , CTCF IP - F36P cells, Rep 2 , CTCF IP - K562 cells, Rep 12 , CTCF IP - GM12892 cells, Rep 2 , CTCF IP - GM19239 cells, Rep 2 , CTCF IP - GM12878 cells, Rep 1 , CTCF IP - F36P cells, Rep 15 , CTCF IP - GM19239 cells, Rep 1 , CTCF IP - GM19238 cells, Rep 1 , CTCF IP - GM12890 cells, Rep 2 , CTCF IP - GM2255 cells, Rep 1 , CTCF IP - GM2610 cells, Rep 2 , CTCF IP - F36P cells, Rep 6 , CTCF IP - GM19240 cells, Rep 2 , CTCF IP - GM12878 cells, Rep 2 , CTCF IP - GM18526 cells, Rep 2 , CTCF IP - GM18505 cells, Rep 2 , CTCF IP - GM18486 cells, Rep 2 , CTCF IP - GM18486 cells, Rep 1 , CTCF IP - GM2610 cells, Rep 1 , CTCF IP - GM12892 cells, Rep 1 , CTCF IP - GM2588 cells, Rep 3 , CTCF IP - MS1 cells, Rep 2 , CTCF IP - GM2630 cells, Rep 3 , CTCF IP - F36P cells, Rep 7 , CTCF IP - GM12890 cells, Rep 3 , CTCF IP - MS1 cells, Rep 1 , CTCF IP - F36P cells, Rep 11 , CTCF IP - GM12891 cells, Rep 2 , CTCF IP - F36P cells, Rep 3 , CTCF IP - GM2630 cells, Rep 1 , CTCF IP - GM2610 cells, Rep 3 , CTCF IP - GM19240 cells, Rep 1 , CTCF IP - GM18486 cells, Rep 3 , CTCF IP - GM12890 cells, Rep 1 , CTCF IP - GM2588 cells, Rep 1 , CTCF IP - F36P cells, Rep 19 , CTCF IP - MS1 cells, Rep 3 , CTCF IP - GM2630 cells, Rep 2 , CTCF IP - GM2255 cells, Rep 2 , CTCF IP - GM12891 cells, Rep 1 , CTCF IP - MS1 cells, Rep 4 , CTCF IP -  CD20+ cells , CTCF IP - GM2588 cells, Rep 2 ",,,
RELA,SQLE,leukocytes,"RELA IP | TNF - GM15510 cells, RELA IP | TNF - GM19099 cells, RELA IP | TNF - GM12878 cells, RELA IP | TNF - GM19193 cells, RELA IP | TNF - GM18951 cells, RELA IP - IVD Th1 cells, PIA, RELA IP | BAY082  - IVD Th1 cells, PIA, RELA IP | TNF - GM12891 cells, RELA IP | TNF - GM10847 cells, RELA IP | TNF - GM12892 cells",,,
TNF,SQLE,leukocytes,"RELA IP | TNF - GM15510 cells, RELA IP | TNF - GM12878 cells, RELA IP | TNF - GM19193 cells, RELA IP | TNF - GM18951 cells, RELA IP | TNF - GM12891 cells, RELA IP | TNF - GM10847 cells, RELA IP | TNF - GM12892 cells",,,
ATF1,SQLE,leukocytes,ATF1 IP - K562 cells,,,
ELF1,SQLE,leukocytes,"ELF1 IP - SK-N-SH cells, ELF1 IP - SK-N-SH cells",,,
MAX,SQLE,liver,"MAX IP - HepG2 cells, MAX IP - HepG2 cells, MAX IP - MCF7 cells",,,
NFKB1,SQLE,leukocytes,"NFKB1 IP - Rep 2, NFKB1 IP - Rep 1",,,
ERG,SQLE,prostate,DHT | ERG ChIP-Seq - 18 h,,,
DHT,SQLE,prostate,DHT | ERG ChIP-Seq - 18 h,,,
GATA3,SQLE,mammarygland,GATA3 IP - MCF7 cells,,,
MYC,SQLE,colon,MYC IP - DTT,,,
CEBPB,SQLE,stemcells,"CEBPB IP - H1 cells, CEBPB IP, CEBPB IP",,,
POU2F2,SQLE,leukocytes,"POU2F2 IP - Rep 2, POU2F2 IP - GM12878 cells",,,
CTCF,SQLE,megakaryocytelineage,"CTCF IP - MEG-01 cells, Rep 4 , CTCF IP - MEG-01 cells, Rep 10 , CTCF IP - MEG-01 cells, Rep 8 , CTCF IP - MEG-01 cells, Rep 6 , CTCF IP - MEG-01 cells, Rep 2 ",,,
MXI1,SQLE,uterus,MXI1 IP - HeLa cells,,,
SREBF2,SQLE,leukocytes,SREBF2 IP - GM12878 cells,,,
MYC,SQLE,mammarygland,"DHT | MYC ChIP-Seq, MYC IP - MCF-10A cells",,,
DHT,SQLE,mammarygland,"DHT | MYC ChIP-Seq, DHT | TCF7L2 ChIP-Seq, DHT | FOXA1 ChIP-Seq",,,
SP1,SQLE,stemcells,"SP1 IP - H1 cells, SP1 IP - Rep 1 , SP1 IP - Rep 2 ",,,
GTF2B,SQLE,uterus,"GTF2B IP - DTT, Rep 1, GTF2B IP - Rep 2",,,
MYC,SQLE,bone,"MYC IP, MYC IP, MYC IP, MYC IP",,,
MYB,SQLE,leukocytes,"MYB IP - Jurkat, Rep 5, MYB IP - Jurkat, Rep 4, MYB IP - Jurkat, Rep 1, MYB IP - Jurkat, Rep 2, MYB IP - Jurkat, Rep 3, MYB IP - MOLT3",,,
IRF1,SQLE,leukocytes,"IRF1 IP | IFNG - K562 cells, 6 h",,,
IFNG,SQLE,leukocytes,"IRF1 IP | IFNG - K562 cells, 6 h, STAT1 IP - Rep 5, STAT1 IP - Rep 1, STAT1 IP - Rep 4, STAT1 IP - Rep 2, STAT1 IP - Rep 3, MYC IP | IFNG - K562 cells, 6 h, MYC IP | IFNG - K562 cells, 30 min",,,
CEBPB,SQLE,liver,"CEBPB IP - HepG2 cells, CEBPB ChIP-Seq - HepG2, CEBPB IP | FORSK - HepG2 cells",,,
CEBPB,SQLE,colon,CEBPB IP - HCT116 cells,,,
EGR1,SQLE,uterus,EGR1 IP - ECC1 cells,,,
MYC,SQLE,leukocytes,"MYC IP - K562 cells, Rep 1, MYC IP - K562 cells, Rep 2, MYC IP - NB4 cells, MYC IP | IFNA1 - K562 cells, 6 h, MYC IP | IFNG - K562 cells, 6 h, MYC IP | IFNG - K562 cells, 30 min",,,
YY1,SQLE,leukocytes,"YY1 IP - K562 cells, Rep 2, YY1 IP - GM12891 cells, YY1 IP - GM12878 cells, YY1 IP - GM12892 cells, Rep 1, YY1 IP - K562 cells, Rep 1",,,
NFYA,SQLE,colon,NFYA IP ,,,
TCF12,SQLE,cns,TCF12 IP - SK-N-SH cells,,,
MXI1,SQLE,leukocytes,"MXI1 IP - GM12878 cells, MXI1 IP - K562 cells",,,
RUNX1,SQLE,leukocytes,RUNX1 IP,,,
FOXA2,SQLE,embryonictissue,FOXA2 IP - Rep 2,,,
ZNF263,SQLE,kidney,ZNF263 IP - HEK293 cells,,,
CEBPB,SQLE,leukocytes,"CEBPB ChIP-Seq - K562, CEBPB IP, CEBPB IP - K562 cells",,,
YY1,SQLE,cns,"YY1 IP - SK-N-SH cells, YY1 IP | ATRA - SK-N-SH cells",,,
SRF,SQLE,leukocytes,"SRF IP - SK-N-SH cells, SRF IP - GM12878 cells, Rep 2",,,
JUN,SQLE,colon,JUN IP ,,,
ETS1,SQLE,leukocytes,"ETS1 IP, ETS1 IP - K562 cells",,,
HOXA6,SQLE,colon,HOXA6 IP ,,,
REST,SQLE,mammarygland,REST IP - MCF7 cells,,,
TP53,SQLE,bone,TP53 IP | TP53EE/RR OE,,,
CTCF,SQLE,cns,"CTCF IP - SK cells, CTCF IP - SK-N-SH cells, Rep 2 , CTCF IP - SK-N-SH cells, Rep 1 , CTCF IP - SK-N-SH cells ",,,
ARNT,SQLE,kidney,ARNT IP | HIF1A OE,,,
HIF1A,SQLE,kidney,ARNT IP | HIF1A OE,,,
USF1,SQLE,leukocytes,"USF1 IP - K562 cells, USF1 IP - GM12878 cells",,,
USF1,SQLE,liver,USF1 IP - HepG2 cells,,,
SPI1,SQLE,leukocytes,"SPI1 IP - HL cells, SPI1 IP, ROSI | SPI1 ChIP-Seq, SPI1 IP - GM12878 cells, Rep 2 , SPI1 IP, SPI1 IP, SPI1 IP - GM12878 cells, Rep 4 , SPI1 IP - K562 cells, SPI1 IP, SPI1 IP, SPI1 IP - GM12878 cells, SPI1 IP - GM12891 cells, SPI1 IP, SPI1 IP",,,
STAT1,SQLE,leukocytes,"STAT1 IP - Rep 5, STAT1 IP - Rep 1, STAT1 IP - Rep 4, STAT1 IP - Rep 2, STAT1 IP - Rep 3",,,
SP1,SQLE,liver,SP1 IP - HepG2 cells,,,
CTCF,SQLE,lung,"CTCF IP - IMR cells, CTCF IP - SAEC cells, Rep 1 , CTCF IP - A549 cells ",,,
MAX,SQLE,stemcells,MAX IP - H1 cells,,,
SP1,SQLE,leukocytes,"SP1 IP - K562 cells, SP1 IP - GM12878 cells",,,
CREB1,SQLE,prostate,"CREB1 ChIP-Seq - Rep 1, FOXA1 siRNA | CREB1 ChIP-Seq - Rep 1, CREB1 ChIP-Seq - LNCaP, CREB1 ChIP-Seq - LNCaP-abl, CREB1 ChIP-Seq - Rep 2, FOXA1 siRNA | CREB1 ChIP-Seq - Rep 2",,,
CEBPB,SQLE,mammarygland,CEBPB IP - MCF7 cells,,,
JUND,SQLE,liver,JUND IP - HepG2 cells,,,
FOXA1,SQLE,mammarygland,"FOXA1 ChIP-Seq - Rep 1, FOXA1 IP - T47D cells, DEX | FOXA1 ChIP-Seq - Rep 1, DHT | FOXA1 ChIP-Seq",,,
MAX,SQLE,uterus,"MAX IP - HeLa cells, Rep 2, MAX IP - HeLa cells, Rep 1, MAX IP - ECC1 cells",,,
E2F4,SQLE,mammarygland,E2F4 IP | 4HT - MCF10 cells,,,
4HT,SQLE,mammarygland,E2F4 IP | 4HT - MCF10 cells,,,
CTCF,SQLE,hspcs,"CTCF IP - Erythroid cells, Rep 1, CTCF IP - HSPCs, Rep 1, CTCF IP - Erythroid cells, Rep 2, CTCF IP - HSPCs, Rep 2",,,
FOS,SQLE,leukocytes,"FOS IP - K562 cells, FOS IP - GM12878 cells",,,
SP1,SQLE,lung,SP1 IP - A549 cells,,,
SMAD1,SQLE,stemcells,SMAD1 IP - Rep 7 ,,,
MTA3,SQLE,leukocytes,MTA3 IP - GM12878 cells,,,
MAX,SQLE,colon,MAX IP - HCT116 cells,,,
TBP,SQLE,leukocytes,TBP IP - K562 cells,,,
FOXM1,SQLE,mammarygland,"FOXM1 IP | THSP - DS006, FOXM1 IP - MCF7 cells",,,
SIX2,SQLE,kidney,"SIX2 IP - 17 weeks, Rep 1, SIX2 IP - 17 weeks, Rep 2",,,
TEAD4,SQLE,liver,TEAD4 IP - HepG2 cells,,,
USF1,SQLE,lung,"USF1 IP - A549 cells, Rep 2, USF1 IP | DEX - A549 cells",,,
SREBF2,SQLE,pancreas,SREBF2 IP,,,
BHLHE40,SQLE,leukocytes,"BHLHE40 IP - K562 cells, BHLHE40 IP - GM12878 cells",,,
SRF,SQLE,uterus,SRF IP - ECC1 cells,,,
MAX,SQLE,lung,"MAX IP - A549 cells, MAX IP - A549 cells",,,
REST,SQLE,liver,"REST IP - HepG2 cells, Rep 1, REST IP - HepG2 cells, Rep 2",,,
ZBTB7A,SQLE,liver,ZBTB7A IP - HepG2 cells,,,
NFKB2,SQLE,leukocytes,"NFKB2 IP - Rep 2, NFKB2 IP - Rep 1",,,
MAX,SQLE,leukocytes,"MAX IP - K562 cells, Rep 2, MAX IP - K562 cells, Rep 1, MAX IP - GM12878 cells, MAX IP - NB4 cells, MAX IP - K562 cells",,,
REST,SQLE,leukocytes,"REST IP - GM12878 cells, Rep 1, REST IP - K562 cells, REST IP - GM12878 cells, Rep 12 , REST IP - GM12878 cells, Rep 2",,,
TCF3,SQLE,leukocytes,TCF3 IP - GM12878 cells,,,
STAT3,SQLE,leukocytes,"STAT3 IP - OCI-LY10, STAT3 IP - OCI-LY7, STAT3 IP - SU-DHL-6, STAT3 IP - OCI-LY19",,,
ELF3,SQLE,pancreas,ELF3 IP,,,
CREB1,SQLE,leukocytes,"CREB1 IP - K562 cells, CREB1 IP - GM12878 cells",,,
MAZ,SQLE,lung,MAZ IP - IMR cells,,,
TCF7L2,SQLE,mammarygland,"DHT | TCF7L2 ChIP-Seq, TCF7L2 ChIP-Seq",,,
ATRA,SQLE,cns,"YY1 IP | ATRA - SK-N-SH cells, USF1 IP | ATRA - SK-N-SH cells",,,
HEY1,SQLE,leukocytes,HEY1 IP - K562 cells,,,
SREBF1,SQLE,leukocytes,SREBF1 IP - GM12878 cells,,,
E2F4,SQLE,leukocytes,"E2F4 IP - GM12878 cells, E2F4 IP - K562 cells",,,
HMGN3,SQLE,leukocytes,HMGN3 IP - K562 cells,,,
UBTF,SQLE,leukocytes,UBTF IP - K562 cells,,,
IRF4,SQLE,leukocytes,IRF4 IP,,,
KLF5,SQLE,pancreas,KLF5 IP,,,
HEY1,SQLE,liver,HEY1 IP - HepG2 cells,,,
JUND,SQLE,colon,JUND IP - HCT116 cells,,,
FOXP2,SQLE,cns,"FOXP2 IP - SK cells, FOXP2 IP - PFSK-1 cells",,,
KLF11,SQLE,adiposetissue,"KLF11 ChIP-Seq, Rep 2, KLF11 ChIP-Seq, Rep 1, ROSI (BrAT) | KLF11 ChIP-Seq, Rep 1, ROSI (BrAT) | KLF11 ChIP-Seq, Rep 2",,,
SREBF1,SQLE,liver,"SREBF1 IP | PRAV - HepG2 cells, SREBF1 IP | INS + 22RHC - HepG2 cells",,,
PRAV,SQLE,liver,"SREBF1 IP | PRAV - HepG2 cells, SREBF2 IP | PRAV - HepG2 cells",,,
ROSI,SQLE,leukocytes,ROSI | SPI1 ChIP-Seq,,,
TCF21,SQLE,vasculature,"TCF21 IP, TCF21 IP",,,
MYC,SQLE,uterus,MYC IP - HeLa cells,,,
CREB1,SQLE,liver,"CREB1 IP, CREB1 IP, CREB1 IP - HepG2 cells",,,
REST,SQLE,cns,"REST IP - PFSK-N-SH cells1 cells, Rep 1, REST IP - SK cells, REST IP - U87 cells",,,
REST,SQLE,uterus,"REST IP - SK-N-SH cells, REST IP - ECC1 cells",,,
CREB1,SQLE,stemcells,CREB1 IP - H1 cells,,,
E2F1,SQLE,mammarygland,"E2F1 IP - MCF7 cells, E2F1 IP",,,
TBP,SQLE,liver,TBP IP - HepG2 cells,,,
ATF2,SQLE,colon,ATF2 IP ,,,
USF1,SQLE,cns,"USF1 IP - SK-N-SH cells, USF1 IP | ATRA - SK-N-SH cells",,,
NFYB,SQLE,leukocytes,"NFYB IP - GM12878 cells, NFYB IP - K562 cells",,,
MAZ,SQLE,leukocytes,"MAZ IP - K562 cells, MAZ IP - GM12878 cells",,,
NFYA,SQLE,leukocytes,NFYA IP - K562 cells,,,
MYC,SQLE,liver,MYC IP,,,
TP53,SQLE,skin,TP53 IP | NUTL3,,,
E2F6,SQLE,uterus,E2F6 IP - HeLa cells,,,
E2F6,SQLE,leukocytes,"E2F6 IP - K562 cells, E2F6 IP - K562 cells",,,
MXI1,SQLE,cns,MXI1 IP - SK-N-SH cells ,,,
CTCF,SQLE,liver,CTCF IP - SK-N-SH cells,,,
RUNX1T1,SQLE,leukocytes,RUNX1T1 IP,,,
SRF,SQLE,colon,SRF IP - HCT116 cells,,,
PDX1,SQLE,pancreas,PDX1 IP,,,
E2F6,SQLE,stemcells,E2F6 IP - H1 cells,,,
E2F6,SQLE,lung,E2F6 IP - A549 cells,,,
CLOCK,SQLE,bone,CLOCK IP,,,
E2F1,SQLE,uterus,"E2F1 IP - HeLa cells, Rep 2, E2F1 IP - HeLa cells, Rep 1",,,
E2F4,SQLE,uterus,E2F4 IP - HeLa cells,,,
TAL1,SQLE,colon,TAL1 IP ,,,
ERG,SQLE,leukocytes,ERG IP - Rep 1,,,
NFYB,SQLE,uterus,NFYB IP - HeLa cells,,,
GATA2,SQLE,hspcs,GATA2 IP,,,
ZBTB7A,SQLE,uterus,ZBTB7A IP - ECC1 cells,,,
ELF1,SQLE,colon,ELF1 IP - HCT116 cells,,,
FOXA2,SQLE,stemcells,FOXA2 IP - ES D5,,,
CEBPB,SQLE,lung,CEBPB ChIP-Seq - IMR90,,,
MXI1,SQLE,lung,MXI1 IP - IMR cells,,,
REST,SQLE,pancreas,"REST IP - Panc1 cells, Rep 3",,,
TCF12,SQLE,lung,TCF12 IP - A549 cells,,,
YY1,SQLE,lung,YY1 IP - A549 cells,,,
SRF,SQLE,mammarygland,SRF IP - MCF7 cells,,,
RUNX1,SQLE,hspcs,RUNX1,,,
IFNA1,SQLE,leukocytes,"MYC IP | IFNA1 - K562 cells, 6 h",,,
SP2,SQLE,leukocytes,SP2 IP - K562 cells,,,
BAY082,SQLE,leukocytes,"RELA IP | BAY082  - IVD Th1 cells, PIA",,,
GABPA,SQLE,liver,GABPA IP - HepG2 cells,,,
USF1,SQLE,stemcells,USF1 IP - H1 cells,,,
SP1,SQLE,colon,SP1 IP - HCT116 cells,,,
CEBPB,SQLE,uterus,CEBPB ChIP-Seq - HeLaS3,,,
DEX,SQLE,mammarygland,DEX | FOXA1 ChIP-Seq - Rep 1,,,
SRF,SQLE,liver,SRF IP - HepG2 cells,,,
ZBTB7A,SQLE,leukocytes,ZBTB7A IP - SK-N-SH cells,,,
CREB1,SQLE,lung,"CREB1 IP | DEX - A549 cells, CREB1 IP - A549 cells, Rep 2",,,
DEX,SQLE,lung,"CREB1 IP | DEX - A549 cells, USF1 IP | DEX - A549 cells",,,
RBPJ,SQLE,leukocytes,RBPJ IP | COMPE - wash,,,
COMPE,SQLE,leukocytes,RBPJ IP | COMPE - wash,,,
CTCF,SQLE,mammarygland,"CTCF IP - HMEC cells, Rep 1 ",,,
ETV5,SQLE,colon,ETV5 IP ,,,
ELF1,SQLE,mammarygland,ELF1 IP - MCF7 cells,,,
MAX,SQLE,cns,MAX IP - SK-N-SH cells,,,
TEAD4,SQLE,leukocytes,TEAD4 IP - K562 cells,,,
BHLHE40,SQLE,liver,BHLHE40 IP - HepG2 cells,,,
EGR1,SQLE,colon,EGR1 IP - HCT116 cells,,,
ZNF143,SQLE,leukocytes,ZNF143 IP - GM12878 cells,,,
JUND,SQLE,leukocytes,JUND IP - K562 cells,,,
TFAP4,SQLE,leukocytes,"TFAP4 IP - Rep 2, TFAP4 IP - Rep 1",,,
CTCF,SQLE,stemcells,"CTCF IP - Rep 6 , CTCF IP - Rep 5 , CTCF IP - Rep 1 , CTCF IP - H1 cells",,,
KLF5,SQLE,stomach,KLF5 IP - KATOIII,,,
ROSI,SQLE,adiposetissue,"ROSI (BrAT) | KLF11 ChIP-Seq, Rep 1, ROSI (BrAT) | KLF11 ChIP-Seq, Rep 2",,,
IRF1,SQLE,colon,IRF1 IP ,,,
MAZ,SQLE,uterus,MAZ IP - HeLa cells,,,
HIF1A,SQLE,bone,HIF1A IP,,,
NANOG,SQLE,stemcells,NANOG IP - Rep 8 ,,,
ZNF263,SQLE,leukocytes,ZNF263 IP - K562 cells,,,
FORSK,SQLE,liver,CEBPB IP | FORSK - HepG2 cells,,,
PBX3,SQLE,lung,PBX3 IP - A549 cells,,,
PAX5,SQLE,leukocytes,"PAX5 IP - GM12878 cells, Rep 2, PAX5 IP - GM12892 cells",,,
GATA2,SQLE,cns,GATA2 ChIP-Seq SH-SY5Y,,,
CTCF,SQLE,kidney,"CTCF IP - HEK293 cells, Rep 1 ",,,
EGR1,SQLE,liver,EGR1 IP - MCF7 cells,,,
RELB,SQLE,leukocytes,"RELB IP - Rep 2, RELB IP - Rep 1",,,
MAZ,SQLE,liver,MAZ IP - HepG2 cells,,,
YY1,SQLE,liver,YY1 IP - HepG2 cells,,,
TEAD1,SQLE,cns,TEAD1 IP - Rep 1,,,
CREB1,SQLE,uterus,CREB1 IP - ECC1 cells,,,
TCF12,SQLE,leukocytes,TCF12 IP - GM12878 cells,,,
EGR1,SQLE,stemcells,EGR1 IP - H1 cells,,,
MYC,SQLE,lung,MYC IP - A549 cells,,,
ARNTL,SQLE,bone,ARNTL IP,,,
TAL1,SQLE,leukocytes,TAL1 IP - K562 cells,,,
FOXA1,SQLE,liver,"FOXA1 IP - HepG2 cells, Rep 2",,,
22RHC; INS,SQLE,liver,SREBF1 IP | INS + 22RHC - HepG2 cells,,,
YY1,SQLE,stemcells,YY1 IP - H1 cells,,,
USF1,SQLE,uterus,USF1 IP - ECC1 cells,,,
MXI1,SQLE,liver,MXI1 IP - HepG2 cells,,,
EGR1,SQLE,leukocytes,"EGR1 IP - K562 cells, EGR1 IP - GM12878 cells, Rep 1",,,
TEAD4,SQLE,stemcells,TEAD4 IP - H1 cells,,,
E2F3,SQLE,colon,E2F3 IP ,,,
USF1,SQLE,colon,USF1 IP - HCT116 cells,,,
JUND,SQLE,lung,JUND IP - A549 cells,,,
FOXM1,SQLE,leukocytes,FOXM1 IP - GM12878 cells,,,
CTCF,SQLE,vasculature,"CTCF IP - HUVEC cells, Rep 1 ",,,
SREBF2,SQLE,liver,SREBF2 IP | PRAV - HepG2 cells,,,
REST,SQLE,stemcells,"REST IP - H1 cells, Rep 1",,,
FOSL2,SQLE,liver,FOSL2 IP - HepG2 cells,,,
CEBPA,SQLE,leukocytes,CEBPA IP,,,
MAX,SQLE,vasculature,MAX IP - HUVEC cells,,,
HOXA4,SQLE,colon,HOXA4 IP ,,,
CTCF,SQLE,pancreas,CTCF IP,,,
CTCF,SQLE,skin,"CTCF IP - AG04449 cells, Rep 1 ",,,
REST,SQLE,lung,REST IP - A549 cells,,,
BACH1,SQLE,stemcells,BACH1 IP - H1 cells,,,
GMEB2,SQLE,colon,GMEB2 IP ,,,
NFYA,SQLE,uterus,NFYA IP - HeLa cells,,,
CTCF,TM7SF2,heart,"CTCF IP - myocytes cells, Rep 1 , CTCF IP - myocytes cells, Rep 2 , CTCF IP - HCF cells ",,,
GATA2,TM7SF2,prostate,"GATA2 ChIP-Seq, FOXA1 + FBS | GATA2 ChIP-Seq, GATA2 ChIP-Seq - Rep 1, GATA2 KD  | GATA2 ChIP-Seq, CON KD | GATA2 ChIP-Seq, CON KD + R1881 | GATA2 ChIP-Seq, GATA2 KD  | FOXA1 ChIP-Seq, CON KD + FBS | GATA2 ChIP-Seq, CON KD  | GATA2 ChIP-Seq, GATA2 KD + R1881 | FOXA1 ChIP-Seq, FOXA1 KD | GATA2 ChIP-Seq, GATA2 ChIP-Seq - Rep 2",,,
EGR1,TM7SF2,colon,EGR1 IP - HCT116 cells,,,
CTCF,TM7SF2,cns,"CTCF IP - SK cells, CTCF IP - cerebellar astrocyte cells, Rep 1 , CTCF IP - SK-N-SH cells, Rep 2 , CTCF IP - HCPEpiC cells, Rep 2 , CTCF IP - cerebellar astrocyte cells, Rep 2 , CTCF IP - BE(2)-C cells, Rep 1 , CTCF IP - HCPEpiC cells, Rep 1 , CTCF IP - BE(2)-C cells, Rep 2 , CTCF IP - spinal cord astrocyte cells, Rep 1 , CTCF IP - NHA cells , CTCF IP - SK-N-SH cells, Rep 1 , CTCF IP - spinal cord astrocyte cells, Rep 2 , CTCF IP - SK-N-SH cells ",,,
SRF,TM7SF2,uterus,SRF IP - ECC1 cells,,,
SRF,TM7SF2,stemcells,"SRF IP - Rep 7 , SRF IP - Rep 6 , SRF IP - Rep 5 , SRF IP - Rep 4 , SRF IP - Rep 1 , SRF IP - Rep 2 , SRF IP - H1 cells, SRF IP - Rep 3 ",,,
CTCF,TM7SF2,mammarygland,"CTCF IP - HMEC cells, Rep 2 , CTCF IP - MCF7 cells, CTCF IP - HMEC cells, Rep 1 , CTCF IP - HMEC cells , CTCF IP - HMF cells, Rep 1 , CTCF IP - MCF-7 cells Rep 2 , CTCF IP - T47D cells, CTCF IP - MCF-7 cells, Rep 1 , CTCF IP - HMF cells, Rep 2 ",,,
CEBPB,TM7SF2,leukocytes,"CEBPB ChIP-Seq - K562, CEBPB IP - HL-60 cells, Rep 2 , CEBPB IP - HL-60 cells, Rep 1 , CEBPB IP - K562 cells",,,
CTCF,TM7SF2,leukocytes,"CTCF IP - GM18526 cells, Rep 1 , CTCF IP - F36P cells, Rep 10 , CTCF IP - UT-7 cells, Rep 6 , CTCF IP - K562 cells, Rep 13 , CTCF IP - GM19193 cells, Rep 1 , CTCF IP - GM11994 cells, Rep 2, CTCF IP - GM19193 cells, Rep 2 , CTCF IP - GM12875 cells, Rep 1 , CTCF IP - HL-60 cells, Rep 9 , CTCF IP - K562 cells, Rep 12 , CTCF IP - GM12892 cells, Rep 2 , CTCF IP - GM12489 cells, Rep 2, CTCF IP - F36P cells, Rep 2 , CTCF IP - GM07346 cells, CTCF IP -  DND , CTCF IP - GM12155 cells, Rep 1, CTCF IP - GM12864 cells, Rep 1 , CTCF IP - K562 cells, Rep 1 , CTCF IP - GM06990 cells, Rep 2 , CTCF IP - GM11831 cells, CTCF IP - GM12872 cells, CTCF IP - KU812 cells, Rep 17 , CTCF IP - HL-60 cells, Rep 4 , CTCF IP - KU812 cells, Rep 13 , CTCF IP - K562 cells, Rep 2 , CTCF IP - UT-7 cells, Rep 3 , CTCF IP - K562 cells, Rep 3 , CTCF IP - GM11994 cells, Rep 1, CTCF IP - GM12154 cells, Rep 2, CTCF IP - K562 cells , CTCF IP - K562 cells, Rep 10 , CTCF IP - GM12871 cells , CTCF IP - F36P cells, Rep 15 , CTCF IP - GM2588 cells, Rep 1 , CTCF IP - UT-7 cells, Rep 5 , CTCF IP - GM12878 cells, Rep 2 , CTCF IP - K562 cells, Rep 4 , CTCF IP - GM18486 cells, Rep 3 , CTCF IP - K562 cells, CTCF IP - GM12890 cells, Rep 1 , CTCF IP - GM12815 cells, Rep 1, CTCF IP - K562 cells, Rep 7 , CTCF IP - GM12872 cells, Rep 1 , CTCF IP - UT-7 cells, Rep 4 , CTCF IP - GM19238 cells, Rep 1 , CTCF IP - F36P cells, Rep 9 , CTCF IP - GM2255 cells, Rep 1 , CTCF IP - GM12890 cells, Rep 2 , CTCF IP - K562 cells, Rep 1 , CTCF IP - GM10847 cells, Rep 2 , CTCF IP - K562 cells, Rep 11 , CTCF IP - GM12874 cells, CTCF IP - GM19240 cells, Rep 2 , CTCF IP - HL-60 cells, Rep 3 , CTCF IP - GM12878 cells, Rep 2 , CTCF IP - F36P cells, Rep 5 , CTCF IP - GM11992 cells, Rep 1, CTCF IP - F36P cells, Rep 6 , CTCF IP - GM12154 cells, Rep 1, CTCF IP - U-937 cells, Rep 2 , CTCF IP - GM12866 cells , CTCF IP - GM12869 cells , CTCF IP - HL-60 cells, Rep 2 , CTCF IP - K562 cells, Rep 5 , CTCF IP - HL-60 cells, Rep 7 , CTCF IP - GM12873 cells, Rep 3 , CTCF IP - F36P cells, Rep 1 , CTCF IP - GM11811 cells, Rep 2, CTCF IP - GM12865 cells, Rep 3 , CTCF IP - GM2610 cells, Rep 2 , CTCF IP - GM12801 cells , CTCF IP - GM11992 cells, Rep 2, CTCF IP - U-937 cells, Rep 1 , CTCF IP - GM2255 cells, Rep 3 , CTCF IP - KU812 cells, Rep 9 , CTCF IP - GM12865 cells, Rep 2 , CTCF IP - GM10847 cells, Rep 1 , CTCF IP - GM06990 cells, Rep 1 , CTCF IP - GM19238 cells, Rep 2 , CTCF IP - F36P cells, Rep 7 , CTCF IP - GM06986 cells, CTCF IP - K562 cells, Rep 16 , CTCF IP - GM2630 cells, Rep 3 , CTCF IP - GM12890 cells, Rep 3 , CTCF IP - K562 cells, CTCF IP - MS1 cells, Rep 1 , CTCF IP - GM12875 cells, Rep 2 , CTCF IP - GM18951 cells, Rep 1 , CTCF IP - GM12814 cells, Rep 1, CTCF IP - KU812 cells, Rep 1 , CTCF IP - GM12006 cells, Rep 1, CTCF IP - GM2630 cells, Rep 1 , CTCF IP - K562 cells, Rep 9 , CTCF IP - NB4 cells , CTCF IP - GM19240 cells, Rep 1 , CTCF IP - GM11881 cells, CTCF IP - HeLa cells, Rep 2 , CTCF IP - F36P cells, Rep 3 , CTCF IP - F36P cells, Rep 11 , CTCF IP - MS1 cells, Rep 2 , CTCF IP - GM12815 cells, Rep 2, CTCF IP - GM2610 cells, Rep 3 , CTCF IP - GM12872 cells, Rep 2 , CTCF IP - GM19239 cells, Rep 2 , CTCF IP - GM12828 cells, CTCF IP - GM18505 cells, Rep 1 , CTCF IP - F36P cells, Rep 19 , CTCF IP - GM12873 cells, Rep 1 , CTCF IP - GM11894 cells, Rep 2, CTCF IP - GM12005 cells, Rep 1, CTCF IP - GM12868 cells , CTCF IP - GM12865 cells, Rep 1 , CTCF IP - GM12891 cells, Rep 2 , CTCF IP - GM19239 cells, Rep 1 , CTCF IP - K562 cells, Rep 14 , CTCF IP - GM12864 cells, Rep 3 , CTCF IP - GM12005 cells, Rep 2, CTCF IP - GM12878 cells, Rep 1 , CTCF IP - F36P cells, Rep 17 , CTCF IP - GM19099 cells, Rep 1 , CTCF IP - GM19099 cells, Rep 2 , CTCF IP - GM12874 cells, Rep 2 , CTCF IP - GM12878 cells , CTCF IP - HL , CTCF IP - GM11811 cells, Rep 1, CTCF IP - GM12864 cells, Rep 2 , CTCF IP - GM12872 cells, Rep 3 , CTCF IP - GM2588 cells, Rep 2 , CTCF IP - F36P cells, Rep 13 , CTCF IP - MS1 cells, Rep 3 , CTCF IP - GM2630 cells, Rep 2 , CTCF IP - GM12234 cells, CTCF ChIP-Seq - GM12878, CTCF IP - GM12891 cells, Rep 1 , CTCF IP - CD14+ cells , CTCF IP - HL-60 cells, Rep 5 , CTCF IP - KU812 cells, Rep 5 , CTCF IP - GM12874 cells, Rep 1 , CTCF IP - MS1 cells, Rep 4 , CTCF IP - GM12814 cells, Rep 2, CTCF IP - GM2255 cells, Rep 2 , CTCF IP - K562 cells, Rep 15 , CTCF IP - GM12749 cells, Rep 2, CTCF IP - GM18505 cells, Rep 2 , CTCF IP - GM12006 cells, Rep 2, CTCF IP -  CD20+ cells , CTCF IP - K562 cells, CTCF IP - GM12287 cells, Rep 2, CTCF IP - GM18486 cells, Rep 1 , CTCF IP - GM12878 cells, Rep 1 , CTCF IP - GM18486 cells, Rep 2 , CTCF IP - GM12489 cells, Rep 1, CTCF IP - GM07037 cells, CTCF IP - GM2610 cells, Rep 1 , CTCF IP - GM12287 cells, Rep 1, CTCF IP - GM12892 cells, Rep 1 , CTCF IP - GM18951 cells, Rep 2 , CTCF IP - GM12749 cells, Rep 1, CTCF IP - GM2588 cells, Rep 3 , CTCF IP - GM12873 cells, Rep 1 , CTCF IP - GM12870 cells , CTCF IP - GM18526 cells, Rep 2 , CTCF IP - GM12867 cells , CTCF IP - F36P cells, Rep 14 ",,,
FOXA1,TM7SF2,mammarygland,"DEX | FOXA1 ChIP-Seq - Rep 1, DEX | FOXA1 ChIP-Seq - Rep 1, DEX | FOXA1 ChIP-Seq - Rep 2, FOXA1 ChIP-Seq - Rep 2, FOXA1 ChIP-Seq - Rep 2, 17BE2 | FOXA1 ChIP-Seq - Rep 2, FOXA1 IP - T47D cells, DHT | FOXA1 ChIP-Seq, FOXA1 ChIP-Seq - Rep 1, FOXA1 ChIP-Seq - Rep 2, 17BE2 | FOXA1 ChIP-Seq - Rep 2, 17BE2 | FOXA1 ChIP-Seq - Rep 1, DEX | FOXA1 ChIP-Seq - Rep 2, DEX | FOXA1 ChIP-Seq - Rep 2, 17BE2 | FOXA1 ChIP-Seq, FOXA1 ChIP-Seq - Rep 1, DEX | FOXA1 ChIP-Seq - Rep 1, 17BE2 | FOXA1 ChIP-Seq - Rep 2, 17BE2 | FOXA1 ChIP-Seq - Rep 1, FOXA1 ChIP-Seq - Rep 1",,,
DEX,TM7SF2,mammarygland,"DEX | FOXA1 ChIP-Seq - Rep 1, DEX | FOXA1 ChIP-Seq - Rep 1, DEX | FOXA1 ChIP-Seq - Rep 2, DEX | FOXA1 ChIP-Seq - Rep 2, DEX | FOXA1 ChIP-Seq - Rep 2, DEX | FOXA1 ChIP-Seq - Rep 1",,,
MAX,TM7SF2,lung,"MAX IP - A549 cells, MAX IP - A549 cells",,,
ERG,TM7SF2,prostate,"DHT | ERG ChIP-Seq - 18 h, ERG ChIP-Seq, DHT | ERG ChIP-Seq - 2 h, JQI | ERG ChIP-Seq - Rep 2, ERG ChIP-Seq, DMSO | ERG ChIP-Seq - Rep 1, DMSO | ERG ChIP-Seq - Rep 2, JQI | ERG ChIP-Seq - Rep 1",,,
DHT,TM7SF2,prostate,"DHT | ERG ChIP-Seq - 18 h, POU2F1 KD + DHT | FOXA1 ChIP-Seq, DHT | ERG ChIP-Seq - 2 h, DHT | FOXA1 ChIP-Seq, DHT | FOXA1 ChIP-Seq, DHT | FOXA1 ChIP-Seq - C4- Rep 2B, DHT | FOXP1 ChIP-Seq, DHT | FOXA1 ChIP-Seq, DHT | FOXA1 ChIP-Seq",,,
FOXA1,TM7SF2,prostate,"POU2F1 KD + DHT | FOXA1 ChIP-Seq, AR C562S OE + FOXA1 OE | FOXA1 ChIP-Seq, CON KD  | FOXA1 ChIP-Seq, FOXA1 siRNA | CREB1 ChIP-Seq - Rep 1, EtOH | FOXA1 ChIP-Seq - Rep 2, FOXA1 ChIP-Seq - Rep 2, FOXA1 + FBS | GATA2 ChIP-Seq, R1881 | FOXA1 ChIP-Seq - Rep 1, CREB1 siRNA | FOXA1 ChIP-Seq - Rep 2, DHT | FOXA1 ChIP-Seq, CON KD | FOXA1 ChIP-Seq, FOXA1 ChIP-Seq, CON KD + R1881 | FOXA1 ChIP-Seq - Rep 1, FOXA1 ChIP-Seq - Rep 1, FOXA1 KD | FOXA1 ChIP-Seq, WT AR OE + FOXA1 OE | FOXA1 ChIP-Seq, CON KD | FOXA1 ChIP-Seq, FOXA1 siRNA | CREB1 ChIP-Seq - Rep 2, FOXA1 KD | FOXA1 ChIP-Seq, FOXA1 ChIP-Seq, GATA2 KD  | FOXA1 ChIP-Seq, FOXA1 ChIP-Seq, FOXA1 ChIP-Seq - Rep 2, CREB1 siRNA | FOXA1 ChIP-Seq - Rep 1, FOXA1 ChIP-Seq, EtOH | FOXA1 ChIP-Seq - , DHT | FOXA1 ChIP-Seq, R1881 | FOXA1 ChIP-Seq - Rep 2, DHT | FOXA1 ChIP-Seq - C4- Rep 2B, FOXA1 KD | FOXA1 ChIP-Seq - Rep 1, FOXA1 ChIP-Seq, CON KD + R1881 | FOXA1 ChIP-Seq - Rep 2, FOXA1 ChIP-Seq - Rep 1, FOXA1 ChIP-Seq - LNCaP-abl, GATA2 KD + R1881 | FOXA1 ChIP-Seq, DHT | FOXA1 ChIP-Seq, FOXA1 KD | GATA2 ChIP-Seq, CON KD + R1881 | FOXA1 ChIP-Seq, FOXA1 ChIP-Seq - VCaP, PIAS1 + R1881 | FOXA1 ChIP-Seq - Rep 2, WT AR OE + FOXA1 OE | FOXA1 ChIP-Seq - high FOXA1, FOXA1 ChIP-Seq - LNCaP, PIAS1 + R1881 | FOXA1 ChIP-Seq - Rep 1, FOXA1 ChIP-Seq, CON KD | FOXA1 ChIP-Seq, DHT | FOXA1 ChIP-Seq, FOXA1 ChIP-Seq - C4- Rep 2B",,,
POU2F1,TM7SF2,prostate,POU2F1 KD + DHT | FOXA1 ChIP-Seq,,,
EGR1,TM7SF2,stemcells,EGR1 IP - H1 cells,,,
AR,TM7SF2,prostate,"AR C562S OE + FOXA1 OE | FOXA1 ChIP-Seq, WT AR OE + FOXA1 OE | FOXA1 ChIP-Seq, WT AR OE + FOXA1 OE | FOXA1 ChIP-Seq - high FOXA1",,,
SREBF1,TM7SF2,liver,SREBF1 IP | INS + 22RHC - HepG2 cells,,,
22RHC; INS,TM7SF2,liver,SREBF1 IP | INS + 22RHC - HepG2 cells,,,
FOXM1,TM7SF2,mammarygland,FOXM1 IP - MCF7 cells,,,
CTCF,TM7SF2,kidney,"CTCF IP - HRE cells, Rep 1 , CTCF IP - RPTEC cells, Rep 2 , CTCF IP - HRE cells, Rep 2 , CTCF IP - HEK293 cells, Rep 2 , CTCF IP - RPTEC cells, Rep 1 , CTCF IP - HEK293 cells, Rep 1 ",,,
STAT5A,TM7SF2,leukocytes,"STAT5A IP - K562 cells, STAT5A IP - GM12878 cells",,,
FOS,TM7SF2,mammarygland,"FOS IP - MCF10A cells, FOS IP | 4HT - MCF10A cells, 36 h, FOS IP | 4HT - MCF10A cells, 4 h, FOS IP | 4HT - MCF10A cells, 12 h",,,
NFATC1,TM7SF2,leukocytes,NFATC1 IP - GM12878 cells,,,
REST,TM7SF2,uterus,REST IP - ECC1 cells,,,
MAX,TM7SF2,stemcells,MAX IP - H1 cells,,,
CEBPB,TM7SF2,stemcells,CEBPB IP - H1 cells,,,
EGR1,TM7SF2,leukocytes,"EGR1 IP - GM12878 cells, Rep 1, EGR1 IP - K562 cells",,,
TCF3,TM7SF2,leukocytes,TCF3 IP - GM12878 cells,,,
CREB1,TM7SF2,prostate,"FOXA1 siRNA | CREB1 ChIP-Seq - Rep 1, CREB1 ChIP-Seq - LNCaP, CREB1 siRNA | FOXA1 ChIP-Seq - Rep 2, CREB1 ChIP-Seq - Rep 2, CREB1 ChIP-Seq - LNCaP-abl, FOXA1 siRNA | CREB1 ChIP-Seq - Rep 2, CREB1 siRNA | FOXA1 ChIP-Seq - Rep 1, CREB1 ChIP-Seq - Rep 1",,,
CTCF,TM7SF2,skin,"CTCF IP - NHEK cells , CTCF IP - BJ cells, Rep 1 , CTCF IP - AG04449 cells, Rep 2 , CTCF IP - NHDF cells, Rep 2 , CTCF IP - AG10803 cells, Rep 1 , CTCF IP - GM12878 cells, Rep 2 , CTCF IP - AG09309 cells, Rep 2 , CTCF IP - AG09309 cells, Rep 1 , CTCF IP - AG10803 cells, Rep 2 , CTCF IP - AG04449 cells, Rep 1 , CTCF IP - HFFC cells, Rep 1 , CTCF IP - NHDF cells , CTCF IP - NHDF cells, Rep 1 , CTCF IP - HFFC cells, Rep 2 , CTCF IP - HFFC cells, Rep 3 , CTCF IP - NHEK cells, Rep 2 , CTCF IP - BJ cells, Rep 2 ",,,
CTCF,TM7SF2,skeletalmuscle,"CTCF IP - HSMM cells, Rep 2 , CTCF IP - HSMM cells, Rep 1 ",,,
REST,TM7SF2,cns,"REST IP - SK-N-SH cells, REST IP - U87 cells, REST IP - SK cells, REST IP - PFSK1 cells, Rep 2, REST IP - PFSK-N-SH cells1 cells, Rep 1",,,
TEAD4,TM7SF2,uterus,TEAD4 IP - ECC1 cells,,,
CTCF,TM7SF2,lung,"CTCF IP | DEX - A549 cells , CTCF IP - WI-38 cells, Rep 2 , CTCF IP - A549 cells, Rep 1 , CTCF IP - A549 cells , CTCF IP - SAEC cells, Rep 2 , CTCF IP - NHLF cells , CTCF IP - SAEC cells, Rep 1 , CTCF IP | DEX - A549 cells, CTCF IP - AG04450 cells, Rep 2 , CTCF IP - HPF cells, Rep 1 , CTCF IP - WI-38 cells, Rep 1 , CTCF IP - A549 cells, CTCF IP - IMR cells, CTCF IP - NHLF cells , CTCF IP - A549 cells, Rep 2 , CTCF IP - HPF cells, Rep 2 , CTCF ChIP-Seq - A549, CTCF IP - AG04450 cells, Rep 1 ",,,
DEX,TM7SF2,lung,"CTCF IP | DEX - A549 cells , CREB1 IP | DEX - A549 cells, USF1 IP | DEX - A549 cells, CTCF IP | DEX - A549 cells",,,
ZNF143,TM7SF2,leukocytes,"ZNF143 IP - K562 cells, ZNF143 IP - GM12878 cells",,,
ZNF384,TM7SF2,leukocytes,"ZNF384 IP - GM12878 cells, ZNF384 IP - K562 cells",,,
R1881,TM7SF2,prostate,"R1881 | FOXA1 ChIP-Seq - Rep 1, CON KD + R1881 | GATA2 ChIP-Seq, CON KD + R1881 | FOXA1 ChIP-Seq - Rep 1, R1881 | FOXA1 ChIP-Seq - Rep 2, CON KD + R1881 | FOXA1 ChIP-Seq - Rep 2, GATA2 KD + R1881 | FOXA1 ChIP-Seq, CON KD + R1881 | FOXA1 ChIP-Seq, PIAS1 + R1881 | FOXA1 ChIP-Seq - Rep 2, PIAS1 + R1881 | FOXA1 ChIP-Seq - Rep 1",,,
ATF2,TM7SF2,leukocytes,ATF2 IP - GM12878 cells,,,
TEAD4,TM7SF2,liver,TEAD4 IP - HepG2 cells,,,
CTCF,TM7SF2,colon,"CTCF IP - Rep 1 , CTCF IP - HCT116 cells, CTCF IP - Caco , CTCF IP - Rep 2 , CTCF IP - HCT116 cells, Rep 2 , CTCF IP - HCT116 cells, Rep 1 , CTCF IP - Caco-2 cells, Rep 1 ",,,
JUN,TM7SF2,uterus,JUN IP - HeLa cells,,,
ZBTB7A,TM7SF2,uterus,ZBTB7A IP - ECC1 cells,,,
MEF2A,TM7SF2,leukocytes,MEF2A IP - GM12878 cells,,,
CTCF,TM7SF2,megakaryocytelineage,"CTCF IP - CHRF-288-11 cells, Rep 1 , CTCF IP - MEG-01 cells, Rep 3 , CTCF IP - MEG-01 cells, Rep 8 , CTCF IP - CHRF-288-11 cells, Rep 2 , CTCF IP - MEG-01 cells, Rep 6 , CTCF IP - MEG-01 cells, Rep 2 , CTCF IP - MEG-01 cells, Rep 9 , CTCF IP - MEG-01 cells, Rep 4 , CTCF IP - MEG-01 cells, Rep 10 ",,,
MYBL2,TM7SF2,liver,MYBL2 IP - HepG2 cells,,,
CTCF,TM7SF2,placenta,"CTCF IP - HVMF cells, Rep 1 , CTCF IP - HVMF cells, Rep 2 ",,,
MYC,TM7SF2,leukocytes,"MYC IP - K562 cells, Rep 2, MYC IP - NB4 cells, MYC IP - K562 cells, Rep 1, MYC IP | IFNG - K562 cells, 6 h, MYC IP | IFNG - K562 cells, 30 min, MYC IP | IFNA1 - K562 cells, 6 h",,,
FOXA1,TM7SF2,stemcells,FOXA1 IP - Rep 5 ,,,
USF1,TM7SF2,liver,USF1 IP - HepG2 cells,,,
IRF1,TM7SF2,leukocytes,"IRF1 IP | IFNG - K562 cells, 6 h, IRF1 IP | IFNG - K562 cells, 30 min, IRF1 IP | IFNA1-13 - K562 cells, 6 h",,,
IFNG,TM7SF2,leukocytes,"IRF1 IP | IFNG - K562 cells, 6 h, JUN IP | IFNG - K562 cells, 30 min, IRF1 IP | IFNG - K562 cells, 30 min, JUN IP | IFNG - K562 cells, 6 h, MYC IP | IFNG - K562 cells, 6 h, MYC IP | IFNG - K562 cells, 30 min",,,
YY1,TM7SF2,lung,YY1 IP - A549 cells,,,
REST,TM7SF2,liver,"REST IP - HepG2 cells, Rep 1, REST IP - HepG2 cells, Rep 2",,,
GATA3,TM7SF2,lung,GATA3 IP - A549 cells,,,
GABPA,TM7SF2,lung,GABPA IP - A549 cells,,,
CTCF,TM7SF2,esophagus,"CTCF IP - HEEpiC cells, Rep 1 , CTCF IP - HEEpiC cells, Rep 2 ",,,
E2F1,TM7SF2,prostate,"E2F1 ChIP-Seq - Rep 3, HES6 OE + BICALU | E2F1 ChIP-Seq - Rep 1, HES6 OE | E2F1 ChIP-Seq - Rep 1, E2F1 ChIP-Seq - Rep 4, E2F1 ChIP-Seq - Rep 1, HES6 OE + BICALU | E2F1 ChIP-Seq - Rep 3, BICALU | E2F1 ChIP-Seq - Rep 1, BICALU | E2F1 ChIP-Seq - Rep 3, HES6 OE | E2F1 ChIP-Seq - Rep 3",,,
BACH1,TM7SF2,stemcells,BACH1 IP - H1 cells,,,
TCF12,TM7SF2,leukocytes,TCF12 IP - GM12878 cells,,,
CEBPB,TM7SF2,liver,"CEBPB IP - HepG2 cells, CEBPB ChIP-Seq - HepG2, CEBPB IP | FORSK - HepG2 cells",,,
ZNF263,TM7SF2,kidney,ZNF263 IP - HEK293 cells,,,
E2F6,TM7SF2,uterus,E2F6 IP - HeLa cells,,,
POU2F2,TM7SF2,leukocytes,POU2F2 IP - GM12878 cells,,,
SP1,TM7SF2,colon,SP1 IP - HCT116 cells,,,
MYC,TM7SF2,lung,MYC IP - A549 cells,,,
E2F6,TM7SF2,leukocytes,"E2F6 IP - K562 cells, E2F6 IP - K562 cells",,,
ATF3,TM7SF2,colon,ATF3 IP - HCT116 cells,,,
ZNF143,TM7SF2,uterus,ZNF143 IP - HeLa cells,,,
CEBPB,TM7SF2,colon,CEBPB IP - HCT116 cells,,,
YY1,TM7SF2,leukocytes,"YY1 IP - GM12878 cells, YY1 IP - GM12891 cells, YY1 IP - K562 cells, Rep 1, YY1 IP - GM12892 cells, Rep 1, YY1 IP - K562 cells, Rep 2",,,
JUN,TM7SF2,leukocytes,"JUN IP | IFNG - K562 cells, 30 min, JUN IP | IFNA1-13 - K562 cells, 6 h, JUN IP - K562 cells, Rep 1, JUN IP - K562 cells, Rep 2, JUN IP | IFNG - K562 cells, 6 h, JUN IP | IFNA1-13 - 30 min ",,,
CREB1,TM7SF2,stemcells,CREB1 IP - H1 cells,,,
TAL1,TM7SF2,colon,TAL1 IP ,,,
RELA,TM7SF2,leukocytes,"RELA IP | BAY082  - IVD Th1 cells, PIA, RELA IP - IVD Th1 cells, PIA, RELA IP | TNF - GM19193 cells, RELA IP | TNF - GM19099 cells, RELA IP | TNF - GM12892 cells, RELA IP | TNF - GM18951 cells, RELA IP | TNF - GM10847 cells, RELA IP | TNF - GM12891 cells",,,
BAY082,TM7SF2,leukocytes,"RELA IP | BAY082  - IVD Th1 cells, PIA",,,
CTCF,TM7SF2,uterus,"CTCF IP - HeLa cells, Rep 1 , CTCF IP - ECC1 cells, CTCF IP - HeLa cells ",,,
UBTF,TM7SF2,leukocytes,"UBTF IP - K562 cells, UBTF IP - K562 cells",,,
BATF,TM7SF2,leukocytes,BATF IP - GM12878 cells,,,
E2F6,TM7SF2,stemcells,E2F6 IP - H1 cells,,,
BCL3,TM7SF2,leukocytes,"BCL3 IP - K562 cells, BCL3 IP - GM12878 cells",,,
MAX,TM7SF2,liver,"MAX IP - HepG2 cells, MAX IP - HepG2 cells, MAX IP - MCF7 cells",,,
IFNA1,TM7SF2,leukocytes,"JUN IP | IFNA1-13 - K562 cells, 6 h, IRF1 IP | IFNA1-13 - K562 cells, 6 h, MYC IP | IFNA1 - K562 cells, 6 h, JUN IP | IFNA1-13 - 30 min ",,,
GLI2,TM7SF2,colon,GLI2 IP ,,,
MXI1,TM7SF2,uterus,MXI1 IP - HeLa cells,,,
HOXA6,TM7SF2,colon,HOXA6 IP ,,,
GATA3,TM7SF2,mammarygland,"GATA3 IP - MCF-7 cells, GATA3 IP - T47D cells, GATA3 IP - MCF7 cells",,,
GTF2F1,TM7SF2,uterus,GTF2F1 IP - HeLa cells,,,
BHLHE40,TM7SF2,liver,BHLHE40 IP - HepG2 cells,,,
SIX5,TM7SF2,leukocytes,"SIX5 IP - K562 cells, Rep 2, SIX5 IP - K562 cells, Rep 1, SIX5 IP - GM12878 cells",,,
CTCF,TM7SF2,liver,"CTCF IP - HepG2 cells, Rep 2 , CTCF IP - HepG2 cells, Rep 1 , CTCF IP - SK-N-SH cells, CTCF IP - HepG2 cells ",,,
CTCF,TM7SF2,stemcells,"CTCF IP - Rep 1 , CTCF IP - Rep 7 , CTCF IP - Rep 3 , CTCF IP - Rep 6 , CTCF IP - H1 cells , CTCF IP - H1 cells, CTCF IP - Rep 4 , CTCF IP - Rep 2 , CTCF IP - Rep 5 ",,,
E2F1,TM7SF2,mammarygland,E2F1 IP - MCF7 cells,,,
STAT3,TM7SF2,mammarygland,"STAT3 IP | 4HT - MCF10 cells, 36 h, STAT3 IP - MCF10A cells, Rep 1, STAT3 IP - MCF10A cells, Rep 2, STAT3 IP | 4HT - MCF10 cells, 12 h",,,
4HT,TM7SF2,mammarygland,"STAT3 IP | 4HT - MCF10 cells, 36 h, FOS IP | 4HT - MCF10A cells, 36 h, FOS IP | 4HT - MCF10A cells, 4 h, MYC IP | 4HT - MCF10A cells, E2F4 IP | 4HT - MCF10 cells, FOS IP | 4HT - MCF10A cells, 12 h, STAT3 IP | 4HT - MCF10 cells, 12 h",,,
17BE2,TM7SF2,mammarygland,"17BE2 | FOXA1 ChIP-Seq - Rep 2, 17BE2 | FOXA1 ChIP-Seq - Rep 2, 17BE2 | FOXA1 ChIP-Seq - Rep 1, 17BE2 | FOXA1 ChIP-Seq, 17BE2 | FOXA1 ChIP-Seq - Rep 2, 17BE2 | FOXA1 ChIP-Seq - Rep 1",,,
MXI1,TM7SF2,cns,MXI1 IP - SK-N-SH cells ,,,
ZNF143,TM7SF2,stemcells,ZNF143 IP - H1 cells,,,
CTCF,TM7SF2,hspcs,"CTCF IP - HEL 92.1.7 cells, Rep 11 , CTCF IP - HEL 92.1.7 cells, Rep 10 , CTCF IP - HEL 92.1.7 cells, Rep 14 , CTCF IP - HEL 92.1.7 cells, Rep 5 , CTCF IP - HEL 92.1.7 cells, Rep 1 , CTCF IP - HEL 92.1.7 cells, Rep 8 , CTCF IP - HEL 92.1.7 cells, Rep 7 , CTCF IP - HEL 92.1.7 cells, Rep 4 , CTCF IP - HEL 92.1.7 cells, Rep 2 , CTCF IP - HEL 92.1.7 cells, Rep 13 ",,,
BCL3,TM7SF2,lung,BCL3 IP - A549 cells,,,
BICALU,TM7SF2,prostate,"HES6 OE + BICALU | E2F1 ChIP-Seq - Rep 1, HES6 OE + BICALU | E2F1 ChIP-Seq - Rep 3, BICALU | E2F1 ChIP-Seq - Rep 1, BICALU | E2F1 ChIP-Seq - Rep 3",,,
HES6,TM7SF2,prostate,"HES6 OE + BICALU | E2F1 ChIP-Seq - Rep 1, HES6 OE | E2F1 ChIP-Seq - Rep 1, HES6 OE + BICALU | E2F1 ChIP-Seq - Rep 3, HES6 OE | E2F1 ChIP-Seq - Rep 3",,,
MAZ,TM7SF2,liver,MAZ IP - HepG2 cells,,,
SPI1,TM7SF2,leukocytes,"SPI1 IP - GM12891 cells, SPI1 IP - GM12878 cells, SPI1 IP - HL cells, SPI1 IP - K562 cells",,,
ZNF217,TM7SF2,mammarygland,ZNF217 IP - MCF7 cells,,,
CEBPB,TM7SF2,mammarygland,CEBPB IP - MCF7 cells,,,
GATA1,TM7SF2,hspcs,"GATA1 IP - PBDE cells, Rep 1",,,
CTCF,TM7SF2,vasculature,"CTCF IP - AoAFC cells, Rep 1 , CTCF IP - HBMEC cells, Rep 1 , CTCF IP - HUVEC cells , CTCF IP - HUVEC cells, Rep 1 , CTCF IP - HBMEC cells, Rep 2 , CTCF IP - AoAFC cells, Rep 2 , CTCF IP - HPAF cells, Rep 2 , CTCF IP - HUVEC cells, Rep 2 , CTCF IP - HPAF cells, Rep 1 ",,,
MAX,TM7SF2,uterus,"MAX IP - ECC1 cells, MAX IP - HeLa cells, Rep 1, MAX IP - HeLa cells, Rep 2",,,
YY1,TM7SF2,liver,YY1 IP - HepG2 cells,,,
NFYB,TM7SF2,leukocytes,"NFYB IP - K562 cells, NFYB IP - GM12878 cells",,,
GABPA,TM7SF2,cns,GABPA IP - SK-N-SH cells,,,
MAZ,TM7SF2,leukocytes,"MAZ IP - K562 cells, MAZ IP - GM12878 cells",,,
ZBTB7A,TM7SF2,leukocytes,ZBTB7A IP - SK-N-SH cells,,,
BHLHE40,TM7SF2,leukocytes,"BHLHE40 IP - GM12878 cells, BHLHE40 IP - K562 cells",,,
ETS1,TM7SF2,lung,ETS1 IP - A549 cells,,,
TCF7L2,TM7SF2,uterus,TCF7L2 IP - HeLa cells,,,
HMGN3,TM7SF2,leukocytes,HMGN3 IP - K562 cells,,,
TBP,TM7SF2,stemcells,TBP IP - H1 cells,,,
ELF1,TM7SF2,liver,ELF1 IP - HepG2 cells,,,
ATF3,TM7SF2,liver,ATF3 IP - HepG2 cells,,,
PBX3,TM7SF2,cns,PBX3 IP - SK-N-SH cells,,,
SIX5,TM7SF2,lung,SIX5 IP | DEX - A549 cells,,,
DHT,TM7SF2,mammarygland,"DHT | FOXA1 ChIP-Seq, DHT | MYC ChIP-Seq",,,
FOXA1,TM7SF2,liver,"FOXA1 IP - HepG2 cells, Rep 1, FOXA1 IP - HepG2 cells, Rep 2",,,
MXI1,TM7SF2,stemcells,MXI1 IP - H1 cells,,,
MXI1,TM7SF2,lung,MXI1 IP - IMR cells,,,
NFYA,TM7SF2,uterus,NFYA IP - HeLa cells,,,
TEAD4,TM7SF2,colon,TEAD4 IP - HCT116 cells,,,
TNF,TM7SF2,leukocytes,"RELA IP | TNF - GM19193 cells, RELA IP | TNF - GM12892 cells, RELA IP | TNF - GM18951 cells, RELA IP | TNF - GM10847 cells, RELA IP | TNF - GM12891 cells",,,
REST,TM7SF2,stemcells,"REST IP - H1 cells, Rep 1",,,
JUN,TM7SF2,liver,JUN IP - HepG2 cells,,,
JUND,TM7SF2,cns,"JUND IP - SK-N-SH cells , JUND IP - SK-N-SH cells",,,
MAX,TM7SF2,leukocytes,"MAX IP - NB4 cells, MAX IP - K562 cells, Rep 2, MAX IP - GM12878 cells, MAX IP - K562 cells",,,
ZKSCAN1,TM7SF2,uterus,ZKSCAN1 IP - HeLa cells,,,
CREB1,TM7SF2,colon,CREB1 IP ,,,
FOXP2,TM7SF2,cns,"FOXP2 IP - SK cells, FOXP2 IP - PFSK-1 cells",,,
ETS1,TM7SF2,leukocytes,"ETS1 IP - K562 cells, ETS1 IP - GM12878 cells",,,
SRF,TM7SF2,leukocytes,"SRF IP - K562 cells, SRF IP - SK-N-SH cells, SRF IP - GM12878 cells, Rep 2",,,
FOS,TM7SF2,leukocytes,FOS IP - K562 cells,,,
CTCF,TM7SF2,sensory,"CTCF IP - WERI , CTCF IP - WERI-Rb-1- cells, Rep 1 , CTCF IP - HRPEpiC cells, Rep 1 , CTCF IP - HRPEpiC cells, Rep 2 ",,,
GABPA,TM7SF2,leukocytes,"GABPA IP - GM12878 cells, Rep 3 , GABPA IP - GM12878 cells, Rep 5 , GABPA IP - GM12878 cells, Rep 4 , GABPA IP - GM12878 cells, Rep 2 , GABPA IP - GM12878 cells, GABPA IP - GM12878 cells, Rep 1 , GABPA IP - K562 cells, GABPA IP - HL cells",,,
MXI1,TM7SF2,leukocytes,"MXI1 IP - K562 cells, MXI1 IP - GM12878 cells",,,
PBX3,TM7SF2,lung,PBX3 IP - A549 cells,,,
REST,TM7SF2,lung,REST IP - A549 cells,,,
CEBPB,TM7SF2,lung,"CEBPB ChIP-Seq - A549, CEBPB ChIP-Seq - IMR90, CEBPB IP - A549 cells",,,
SNAI2,TM7SF2,stemcells,SNAI2 IP - Rep 1 ,,,
ELF1,TM7SF2,colon,ELF1 IP - HCT116 cells,,,
TBP,TM7SF2,liver,TBP IP - HepG2 cells,,,
ATF1,TM7SF2,leukocytes,ATF1 IP - K562 cells,,,
ETV5,TM7SF2,colon,ETV5 IP ,,,
EBF1,TM7SF2,leukocytes,EBF1 IP - GM12878 cells,,,
REST,TM7SF2,pancreas,"REST IP - Panc1 cells, Rep 3",,,
CREB1,TM7SF2,lung,"CREB1 IP | DEX - A549 cells, CREB1 IP - A549 cells, Rep 1, CREB1 IP - A549 cells, Rep 2",,,
ATF3,TM7SF2,leukocytes,ATF3 IP - K562 cells,,,
JUN,TM7SF2,colon,JUN IP ,,,
GABPA,TM7SF2,stemcells,GABPA IP - H1 cells,,,
JQ1,TM7SF2,prostate,"JQI | ERG ChIP-Seq - Rep 2, JQI | ERG ChIP-Seq - Rep 1",,,
CREB1,TM7SF2,liver,CREB1 IP - HepG2 cells,,,
CTCF,TM7SF2,adiposetissue,"CTCF ChIP-Seq - d 9, CTCF ChIP-Seq - d -2, CTCF ChIP-Seq - d 0, CTCF ChIP-Seq - d 3",,,
SP1,TM7SF2,stemcells,"SP1 IP - Rep 2 , SP1 IP - H1 cells, SP1 IP - Rep 1 ",,,
ELK1,TM7SF2,uterus,ELK1 IP - HeLa cells,,,
FOXM1,TM7SF2,leukocytes,FOXM1 IP - GM12878 cells,,,
YY1,TM7SF2,stemcells,YY1 IP - H1 cells,,,
KLF11,TM7SF2,adiposetissue,"KLF11 ChIP-Seq, Rep 2, ROSI (BrAT) | KLF11 ChIP-Seq, Rep 1, KLF11 ChIP-Seq, Rep 1, ROSI (BrAT) | KLF11 ChIP-Seq, Rep 2",,,
MYC,TM7SF2,mammarygland,"MYC IP | 4HT - MCF10A cells, MYC IP - MCF-10A cells, DHT | MYC ChIP-Seq",,,
FOSL2,TM7SF2,lung,FOSL2 IP - A549 cells,,,
FOSL2,TM7SF2,liver,FOSL2 IP - HepG2 cells,,,
USF2,TM7SF2,uterus,USF2 IP - HeLa cells,,,
USF1,TM7SF2,colon,USF1 IP - HCT116 cells,,,
JUND,TM7SF2,liver,"JUND IP - HepG2 cells, JUND IP - HepG2 cells",,,
IRF1,TM7SF2,colon,IRF1 IP ,,,
CREB1,TM7SF2,leukocytes,"CREB1 IP - K562 cells, CREB1 IP - GM12878 cells",,,
MAX,TM7SF2,cns,MAX IP - SK-N-SH cells,,,
CEBPB,TM7SF2,uterus,"CEBPB ChIP-Seq - HeLaS3, CEBPB IP - ECC1 cells",,,
ELF1,TM7SF2,cns,ELF1 IP - SK-N-SH cells,,,
USF1,TM7SF2,lung,"USF1 IP | DEX - A549 cells, USF1 IP - A549 cells, Rep 2",,,
STAT1,TM7SF2,uterus,"STAT1 IP | IFNG - HeLa cells, 30 min",,,
IFNG,TM7SF2,uterus,"STAT1 IP | IFNG - HeLa cells, 30 min",,,
MAX,TM7SF2,vasculature,MAX IP - HUVEC cells,,,
JUND,TM7SF2,colon,JUND IP - HCT116 cells,,,
TEAD4,TM7SF2,leukocytes,TEAD4 IP - K562 cells,,,
MAZ,TM7SF2,uterus,MAZ IP - HeLa cells,,,
FOXP1,TM7SF2,prostate,"FOXP1 ChIP-Seq, DHT | FOXP1 ChIP-Seq",,,
ATF2,TM7SF2,colon,ATF2 IP ,,,
E2F4,TM7SF2,mammarygland,E2F4 IP | 4HT - MCF10 cells,,,
ZEB1,TM7SF2,liver,ZEB1 IP - HepG2 cells,,,
CREB1,TM7SF2,uterus,CREB1 IP - ECC1 cells,,,
IRF4,TM7SF2,leukocytes,IRF4 IP,,,
PBX3,TM7SF2,leukocytes,PBX3 IP - GM12878 cells,,,
GABPA,TM7SF2,uterus,GABPA IP - HeLa cells,,,
YY1,TM7SF2,colon,YY1 IP - HCT116 cells,,,
JUND,TM7SF2,stemcells,"JUND IP - H1 cells, JUND IP - H1 cells",,,
E2F8,TM7SF2,colon,E2F8 IP ,,,
USF1,TM7SF2,stemcells,USF1 IP - H1 cells,,,
ZNF280D,TM7SF2,colon,ZNF280D IP ,,,
SP1,TM7SF2,lung,SP1 IP - A549 cells,,,
JUND,TM7SF2,lung,JUND IP - A549 cells,,,
TCF7L2,TM7SF2,mammarygland,TCF7L2 ChIP-Seq,,,
HOXA4,TM7SF2,colon,HOXA4 IP ,,,
MAZ,TM7SF2,lung,MAZ IP - IMR cells,,,
MYC,TM7SF2,uterus,MYC IP - HeLa cells,,,
JUND,TM7SF2,mammarygland,JUND IP - T47D cells,,,
NFYA,TM7SF2,colon,NFYA IP ,,,
GABPA,TM7SF2,liver,"GABPA IP - MCF7 cells, GABPA IP - HepG2 cells",,,
USF1,TM7SF2,cns,USF1 IP | ATRA - SK-N-SH cells,,,
ATRA,TM7SF2,cns,"USF1 IP | ATRA - SK-N-SH cells, YY1 IP | ATRA - SK-N-SH cells",,,
TBP,TM7SF2,uterus,TBP IP - HeLa cells,,,
SP1,TM7SF2,leukocytes,"SP1 IP - K562 cells, SP1 IP - GM12878 cells",,,
MXI1,TM7SF2,liver,MXI1 IP - HepG2 cells,,,
ATF2,TM7SF2,stemcells,ATF2 IP - H1 cells,,,
ZEB1,TM7SF2,leukocytes,ZEB1 IP - GM12878 cells,,,
SP1,TM7SF2,liver,SP1 IP - HepG2 cells,,,
SRF,TM7SF2,colon,SRF IP - HCT116 cells,,,
EGR1,TM7SF2,liver,EGR1 IP - MCF7 cells,,,
E2F6,TM7SF2,lung,E2F6 IP - A549 cells,,,
ELK1,TM7SF2,leukocytes,"ELK1 IP - K562 cells, ELK1 IP - GM12878 cells",,,
JUND,TM7SF2,leukocytes,"JUND IP - GM12878 cells, Rep 1 , JUND IP - K562 cells",,,
E2F4,TM7SF2,leukocytes,E2F4 IP - K562 cells,,,
ELF1,TM7SF2,lung,ELF1 IP - A549 cells,,,
FOXP1,TM7SF2,colon,FOXP1 IP ,,,
TCF12,TM7SF2,lung,TCF12 IP - A549 cells,,,
FORSK,TM7SF2,liver,CEBPB IP | FORSK - HepG2 cells,,,
HEY1,TM7SF2,liver,HEY1 IP - HepG2 cells,,,
ELK4,TM7SF2,uterus,ELK4 IP - HeLa cells,,,
MAFK,TM7SF2,lung,MAFK IP - IMR cells,,,
TBP,TM7SF2,leukocytes,"TBP IP - GM12878 cells, TBP IP - K562 cells",,,
BACH1,TM7SF2,leukocytes,BACH1 IP - K562 cells,,,
ELF1,TM7SF2,mammarygland,ELF1 IP - MCF7 cells,,,
NFYA,TM7SF2,leukocytes,NFYA IP - K562 cells,,,
MTA3,TM7SF2,leukocytes,MTA3 IP - GM12878 cells,,,
FOXA2,TM7SF2,liver,FOXA2 IP - HepG2 cells,,,
STAT2,TM7SF2,colon,STAT2 IP ,,,
ELF1,TM7SF2,leukocytes,"ELF1 IP - SK-N-SH cells, ELF1 IP - SK-N-SH cells",,,
FOSL1,TM7SF2,colon,FOSL1 IP - HCT116 cells,,,
CTCF,TM7SF2,bone,CTCF IP - Osteoblasts ,,,
ROSI,TM7SF2,adiposetissue,"ROSI (BrAT) | KLF11 ChIP-Seq, Rep 1, ROSI (BrAT) | KLF11 ChIP-Seq, Rep 2",,,
TCF12,TM7SF2,cns,TCF12 IP - SK-N-SH cells,,,
SRF,TM7SF2,mammarygland,SRF IP - MCF7 cells,,,
YY1,TM7SF2,cns,YY1 IP | ATRA - SK-N-SH cells,,,
JUN,TM7SF2,vasculature,JUN IP - HUVEC cells,,,
CTCF,TM7SF2,miscellaneous,"CTCF IP - AG09319 cells, Rep 2 , CTCF IP - AG09319 cells, Rep 1 ",,,
PIAS1,TM7SF2,prostate,"PIAS1 + R1881 | FOXA1 ChIP-Seq - Rep 2, PIAS1 + R1881 | FOXA1 ChIP-Seq - Rep 1",,,
TCF12,TM7SF2,uterus,TCF12 IP - ECC1 cells,,,
HEY1,TM7SF2,leukocytes,HEY1 IP - K562 cells,,,
JUND,TM7SF2,uterus,JUND IP - HeLa cells,,,
NFYB,TM7SF2,uterus,NFYB IP - HeLa cells,,,
JUNB,TM7SF2,colon,JUNB IP ,,,
SRF,TM7SF2,liver,SRF IP - HepG2 cells,,,
MAX,TM7SF2,colon,MAX IP - HCT116 cells,,,
YY1,TM7SF2,uterus,YY1 IP - ECC1 cells,,,
PAX5,TM7SF2,leukocytes,"PAX5 IP - GM12878 cells, Rep 1, PAX5 IP - GM12878 cells, Rep 2, PAX5 IP - GM12892 cells",,,
ATF3,TM7SF2,stemcells,ATF3 IP - H1 cells,,,
MAFK,TM7SF2,uterus,MAFK IP - HeLa cells,,,
EGR1,TM7SF2,uterus,EGR1 IP - ECC1 cells,,,
SREBF1,TM7SF2,leukocytes,SREBF1 IP - GM12878 cells,,,
E2F3,TM7SF2,colon,E2F3 IP ,,,
USF1,TM7SF2,uterus,USF1 IP - ECC1 cells,,,
GATA3,TM7SF2,cns,GATA3 IP - SK-N-SH cells,,,
SREBF2,HMGCR,heart,,,31848472,
SREBF2,HMGCR,cns,,,31848472,
CDX2,ACAT2,liver,,,,16274362
HNF1A,ACAT2,liver,,,,16274362
HNF4A,ACAT2,liver,,,,19478207
HDAC1,HMGCS1,colon,,,,12626711
EGR1,GGPS1,lung,,,,21983072
NFYC,FDPS,liver,,,,20450493
YY1,LSS,liver,,,,"17925399, 17925399"
HDAC3,LSS,liver,,,,"17925399, 17925399"
VDR,HMGCS1,leukocytes,,20736230,,
VDR,MSMO1,leukocytes,,20736230,,
VDR,SQLE,leukocytes,,20736230,,
VDR,DHCR7,leukocytes,,20736230,,
VDR,FDFT1,leukocytes,,20736230,,
CREB1,IDI1,pancreas,,15753290,,
CREB1,FDPS,pancreas,,15753290,,
CREB1,MSMO1,pancreas,,15753290,,
CREB1,HMGCR,pancreas,,15753290,,
CREB1,HSD17B7,pancreas,,15753290,,
CREB1,PMVK,pancreas,,15753290,,
CREB1,SC5D,pancreas,,15753290,,
CREB1,MVD,pancreas,,15753290,,
CLOCK,IDI1,colon,,20551151,,
CLOCK,LSS,colon,,20551151,,
CLOCK,NSDHL,colon,,20551151,,
CLOCK,PMVK,colon,,20551151,,
CLOCK,MVD,colon,,20551151,,
E2F4,IDI1,blood,,21247883,,
E2F4,FDPS,blood,,21247883,,
E2F4,MVK,blood,,21247883,,
E2F4,DHCR24,blood,,21247883,,
E2F4,TM7SF2,blood,,21247883,,
E2F4,PMVK,blood,,21247883,,
E2F4,SC5D,blood,,21247883,,
E2F4,MVD,blood,,21247883,,
E2F4,DHCR7,blood,,21247883,,
ATF3,DHCR24,cns,,23680149,,
ATF3,MSMO1,cns,,23680149,,
ATF3,HSD17B7,cns,,23680149,,
ATF3,LSS,cns,,23680149,,
ATF3,TM7SF2,cns,,23680149,,
ATF3,PLPP6,cns,,23680149,,
EGR1,IDI1,erythroidlineage,,20690147,,
EGR1,HMGCS1,erythroidlineage,,20690147,,
EGR1,GGPS1,erythroidlineage,,20690147,,
EGR1,CYP51A1,erythroidlineage,,20690147,,
EGR1,DHCR24,erythroidlineage,,20690147,,
EGR1,MSMO1,erythroidlineage,,20690147,,
EGR1,HMGCR,erythroidlineage,,20690147,,
EGR1,LSS,erythroidlineage,,20690147,,
EGR1,TM7SF2,erythroidlineage,,20690147,,
EGR1,SQLE,erythroidlineage,,20690147,,
EGR1,NSDHL,erythroidlineage,,20690147,,
EGR1,EBP,erythroidlineage,,20690147,,
EGR1,MVD,erythroidlineage,,20690147,,
EGR1,DHCR7,erythroidlineage,,20690147,,
RUNX1,CYP51A1,thymus,,17652178,,
RUNX1,DHCR24,thymus,,17652178,,
RUNX1,HMGCR,thymus,,17652178,,
RUNX1,SC5D,thymus,,17652178,,
GATA1,FDPS,erythroidlineage,,19941826,,
GATA1,HMGCS1,erythroidlineage,,19941826,,
GATA1,DHCR24,erythroidlineage,,19941826,,
ZNF263,SQLE,erythroidlineage,,19887448,,
ELK1,HMGCS1,kidney,,19687146,,
ELK1,GGPS1,kidney,,19687146,,
ELK1,HMGCR,kidney,,19687146,,
FOXM1,GGPS1,esophagus,,25889361,,
FOXM1,PMVK,esophagus,,25889361,,
FOXM1,MVD,esophagus,,25889361,,
SALL1,GGPS1,stemcells,,21062744,,
NANOG,SC5D,stemcells,,16153702,,
NANOG,DHCR7,stemcells,,16153702,,
YY1,IDI1,skin,,22570637,,
YY1,FDPS,skin,,22570637,,
YY1,PMVK,skin,,22570637,,
SOX11,HMGCR,lymphnode,,23321250,,
SOX11,PLPP6,lymphnode,,23321250,,
SOX11,SQLE,lymphnode,,23321250,,
CUX1,MVK,lung,,19635798,,
CUX1,CYP51A1,lung,,19635798,,
CUX1,HMGCR,lung,,19635798,,
CUX1,HSD17B7,lung,,19635798,,
CUX1,EBP,lung,,19635798,,
CUX1,FDFT1,lung,,19635798,,
SPI1,HMGCS1,bonemarrow,,23547873,,
SPI1,GGPS1,bonemarrow,,23547873,,
SPI1,DHCR24,bonemarrow,,23547873,,
SPI1,PLPP6,bonemarrow,,23547873,,
SPI1,SQLE,bonemarrow,,23547873,,
SPI1,PMVK,bonemarrow,,23547873,,
FOXO3,DHCR24,skeletalmuscle,,23340844,,
SALL4,GGPS1,bonemarrow,,22934838,,
SALL4,MSMO1,bonemarrow,,22934838,,
SALL4,NSDHL,bonemarrow,,22934838,,
AR,ACAT2,prostate,,21909140,,
HIF1A,DHCR7,mammarygland,,21447827,,
HNF4A,HMGCS1,colon,,19761587,,
HNF4A,DHCR24,colon,,19761587,,
HNF4A,HMGCS1,duodenum,,19761587,,
HNF4A,DHCR24,duodenum,,19761587,,
HNF4A,HMGCS1,lleum,,19761587,,
HNF4A,DHCR24,lleum,,19761587,,
HNF4A,HMGCS1,jejunum,,19761587,,
HNF4A,DHCR24,jejunum,,19761587,,
HNF4A,HMGCS1,rectum,,19761587,,
HNF4A,DHCR24,rectum,,19761587,,
TP53,PMVK,colon,,16413492,,
TP53,PMVK,rectum,,16413492,,
TP63,HMGCR,prostate,,23658742,,
TP63,PMVK,prostate,,23658742,,
SMAD4,GGPS1,skin,,19686287,,
RELA,HMGCS1,miscellaneous,,24523406,,
RELA,PLPP6,miscellaneous,,24523406,,
TCF4,PMVK,colon,,18268006,,
BACH1,LSS,mammarygland,,22875853,,
BACH1,ACAT2,mammarygland,,22875853,,
NR1H3,SC5D,leukocytes,,23393188,,
DACH1,FDPS,mammarygland,,20351289,,
DACH1,MVK,mammarygland,,20351289,,
FLI1,IDI1,megakaryocytelineage,,21571218,,
FLI1,HMGCS1,megakaryocytelineage,,21571218,,
FLI1,GGPS1,megakaryocytelineage,,21571218,,
FLI1,TM7SF2,megakaryocytelineage,,21571218,,
FLI1,SC5D,megakaryocytelineage,,21571218,,
FLI1,DHCR7,megakaryocytelineage,,21571218,,
FOXP1,FDPS,stemcells,,21924763,,
FOXP1,TM7SF2,stemcells,,21924763,,
FOXP1,PLPP6,stemcells,,21924763,,
FOXP1,SQLE,stemcells,,21924763,,
PBX1,HSD17B7,ovary,,22567123,,
PBX1,DHCR7,ovary,,22567123,,
MITF,HMGCS1,skin,,21258399,,
MITF,DHCR24,skin,,21258399,,
MITF,LSS,skin,,21258399,,
MITF,PMVK,skin,,21258399,,
MITF,SC5D,skin,,21258399,,
ZNF217,DHCR7,mammarygland,,24962896,,
POU3F2,MSMO1,skin,,20337985,,
