TF,TargetGene,Tissue,Experiment,Chea,Signor,Trrust
KLF11,GDE1,adiposetissue,"KLF11 ChIP-Seq, Rep 1, ROSI (BrAT) | KLF11 ChIP-Seq, Rep 1, ROSI (BrAT) | KLF11 ChIP-Seq, Rep 2, KLF11 ChIP-Seq, Rep 2",,,
CTCF,GDE1,leukocytes,"CTCF IP - F36P cells, Rep 2 , CTCF IP - GM12878 cells, Rep 2 , CTCF IP - K562 cells , CTCF IP - GM12872 cells, Rep 1 , CTCF IP - K562 cells, Rep 12 , CTCF IP, CTCF IP - GM2255 cells, Rep 3 , CTCF IP - GM10847 cells, Rep 1 , CTCF IP -  DND , CTCF IP - GM19193 cells, Rep 1 , CTCF IP - GM12874 cells, Rep 1 , CTCF IP - CD14+ cells , CTCF IP - GM2588 cells, Rep 1 , CTCF IP - UT-7 cells, Rep 5 , CTCF IP - GM12892 cells, Rep 2 , CTCF IP - GM06990 cells, Rep 2 , CTCF IP - F36P cells, Rep 15 , CTCF IP - GM07346 cells, CTCF IP - GM18486 cells, Rep 3 , CTCF IP - K562 cells, Rep 2 , CTCF IP - GM12890 cells, Rep 1 , CTCF IP - K562 cells, Rep 13 , CTCF IP - GM11994 cells, Rep 2, CTCF IP - GM11831 cells, CTCF IP - GM12871 cells , CTCF IP - GM19193 cells, Rep 2 , CTCF IP - GM12154 cells, Rep 2, CTCF IP - F36P cells, Rep 10 , CTCF IP - F36P cells, Rep 6 , CTCF IP - GM12878 cells, Rep 1 , CTCF IP - GM11994 cells, Rep 1, CTCF IP - K562 cells, Rep 11 , CTCF IP - GM19239 cells, Rep 1 , CTCF IP - GM06990 cells, Rep 1 , CTCF IP - GM12865 cells, Rep 2 , CTCF IP - UT-7 cells, Rep 4 , CTCF IP - UT-7 cells, Rep 3 , CTCF IP - K562 cells, Rep 1 , CTCF IP - GM2255 cells, Rep 1 , CTCF IP - GM12890 cells, Rep 2 , CTCF IP - GM2610 cells, Rep 2 , CTCF IP - GM12864 cells, Rep 1 , CTCF IP - GM19240 cells, Rep 2 , CTCF IP - GM12873 cells, Rep 3 , CTCF IP - GM12878 cells, Rep 2 , CTCF IP - GM12875 cells, Rep 1 , CTCF IP - GM19238 cells, Rep 1 , CTCF IP - GM19238 cells, Rep 2 , CTCF IP - GM11811 cells, Rep 2, CTCF IP - GM12869 cells , CTCF IP - F36P cells, Rep 11 , CTCF IP - GM18951 cells, Rep 1 , CTCF IP - GM12874 cells, Rep 2 , CTCF IP - GM2610 cells, Rep 1 , CTCF IP - GM12864 cells, Rep 3 , CTCF IP - F36P cells, Rep 3 , CTCF IP - GM12892 cells, Rep 1 , CTCF IP - GM11881 cells, CTCF IP - GM2610 cells, Rep 3 , CTCF IP - GM2588 cells, Rep 3 , CTCF IP - GM06986 cells, CTCF IP - GM12875 cells, Rep 2 , CTCF IP - MS1 cells, Rep 2 , CTCF IP - GM18486 cells, Rep 2 , CTCF IP - GM12890 cells, Rep 3 , CTCF IP - GM2630 cells, Rep 3 , CTCF IP - K562 cells, CTCF IP - MS1 cells, Rep 1 , CTCF IP - GM12891 cells, Rep 2 , CTCF IP - GM12866 cells , CTCF IP - GM19240 cells, Rep 1 , CTCF IP - GM2630 cells, Rep 1 , CTCF IP - K562 cells, Rep 14 , CTCF IP - F36P cells, Rep 19 , CTCF IP - GM12828 cells, CTCF IP - GM19099 cells, Rep 2 , CTCF IP - GM12873 cells, Rep 1 , CTCF IP - GM12878 cells , CTCF IP - F36P cells, Rep 7 , CTCF IP - K562 cells, Rep 16 , CTCF IP - GM12872 cells, Rep 2 , CTCF IP - GM12865 cells, Rep 1 , CTCF IP - GM12814 cells, Rep 1, CTCF IP - GM12868 cells , CTCF IP - GM19239 cells, Rep 2 , CTCF IP - GM12867 cells , CTCF IP - GM12870 cells , CTCF IP - GM2255 cells, Rep 2 , CTCF IP - K562 cells, Rep 15 , CTCF IP - GM12872 cells, Rep 3 , CTCF IP - K562 cells, CTCF IP - HL , CTCF IP - GM12864 cells, Rep 2 , CTCF IP - MS1 cells, Rep 3 , CTCF IP - GM2630 cells, Rep 2 , CTCF IP - GM18951 cells, Rep 2 , CTCF IP - F36P cells, Rep 14 , CTCF IP - NB4 cells , CTCF IP - GM12891 cells, Rep 1 , CTCF IP - MS1 cells, Rep 4 , CTCF IP - HeLa cells, Rep 2 , CTCF ChIP-Seq - GM12878, CTCF IP -  CD20+ cells , CTCF IP - GM2588 cells, Rep 2 , CTCF IP - GM18526 cells, Rep 2 , CTCF IP - GM18505 cells, Rep 2 , CTCF IP - GM12873 cells, Rep 1 , CTCF IP - GM18486 cells, Rep 1 , CTCF IP - GM12878 cells, Rep 1 ",,,
FOXA1,GDE1,mammarygland,"17BE2 | FOXA1 ChIP-Seq - Rep 1, 17BE2 | FOXA1 ChIP-Seq - Rep 2, DHT | FOXA1 ChIP-Seq, DEX | FOXA1 ChIP-Seq - Rep 1, DEX | FOXA1 ChIP-Seq - Rep 2, DEX | FOXA1 ChIP-Seq - Rep 2, 17BE2 | FOXA1 ChIP-Seq - Rep 1, FOXA1 IP - T47D cells, FOXA1 ChIP-Seq - Rep 1, FOXA1 ChIP-Seq - Rep 2, 17BE2 | FOXA1 ChIP-Seq - Rep 2, DEX | FOXA1 ChIP-Seq - Rep 2, FOXA1 ChIP-Seq - Rep 2, FOXA1 ChIP-Seq - Rep 2, 17BE2 | FOXA1 ChIP-Seq - Rep 2, FOXA1 ChIP-Seq - Rep 1, DEX | FOXA1 ChIP-Seq - Rep 1, FOXA1 ChIP-Seq - Rep 1",,,
17BE2,GDE1,mammarygland,"17BE2 | FOXA1 ChIP-Seq - Rep 1, 17BE2 | FOXA1 ChIP-Seq - Rep 2, 17BE2 | FOXA1 ChIP-Seq - Rep 1, 17BE2 | RELA ChIP-Seq - Rep 2, 17BE2 | FOXA1 ChIP-Seq - Rep 2, 17BE2 | FOXA1 ChIP-Seq - Rep 2",,,
STAT3,GDE1,leukocytes,"STAT3 IP - SU-DHL-6, STAT3 IP - SU-DHL-4, STAT3 IP - OCI-LY10, STAT3 IP - U-2932",,,
TBP,GDE1,uterus,TBP IP - HeLa cells,,,
CTCF,GDE1,skeletalmuscle,"CTCF IP - HSMM cells, Rep 2 , CTCF IP - HSMM cells, Rep 1 ",,,
CREB1,GDE1,liver,"CREB1 IP - HepG2 cells, CREB1 IP, CREB1 IP, CREB1 IP",,,
GABPA,GDE1,leukocytes,"GABPA IP - GM12878 cells, Rep 3 , GABPA IP - GM12878 cells, Rep 1 , GABPA IP - GM12878 cells, Rep 2 , GABPA IP - HL cells, GABPA IP, GABPA IP - K562 cells, GABPA IP - Jurkat, Rep 1, GABPA IP - GM12878 cells, Rep 5 , GABPA IP - GM12878 cells, GABPA IP - GM12878 cells, Rep 4 , GABPA IP - Jurkat, Rep 2",,,
CTCF,GDE1,liver,"CTCF IP - HepG2 cells, Rep 1 , CTCF IP - HepG2 cells, Rep 2 , CTCF IP, CTCF IP - SK-N-SH cells, CTCF IP - HepG2 cells ",,,
FOXA1,GDE1,prostate,"FOXA1 ChIP-Seq, FOXA1 ChIP-Seq, CON KD | FOXA1 ChIP-Seq, FOXA1 siRNA | CREB1 ChIP-Seq - Rep 1, CON KD  | FOXA1 ChIP-Seq, FOXA1 ChIP-Seq - Rep 1, WT AR OE + FOXA1 OE | FOXA1 ChIP-Seq, CREB1 siRNA | FOXA1 ChIP-Seq - Rep 1, FOXA1 ChIP-Seq - Rep 2, DHT | FOXA1 ChIP-Seq, FOXA1 siRNA | CREB1 ChIP-Seq - Rep 2, AR Q640X OE + FOXA1 OE | FOXA1 ChIP-Seq, FOXA1 ChIP-Seq - LNCaP-abl, GATA2 KD + R1881 | FOXA1 ChIP-Seq, CON KD | FOXA1 ChIP-Seq, FOXA1 ChIP-Seq, AR C562S OE + FOXA1 OE | FOXA1 ChIP-Seq, CON KD + R1881 | FOXA1 ChIP-Seq, CREB1 siRNA | FOXA1 ChIP-Seq - Rep 2",,,
MAX,GDE1,leukocytes,"MAX IP - NB4 cells, MAX IP - K562 cells, Rep 2, MAX IP - GM12878 cells, MAX IP - K562 cells",,,
JUN,GDE1,leukocytes,"JUN IP | IFNA1-13 - K562 cells, 6 h, JUN IP | IFNG - K562 cells, 30 min, JUN IP - K562 cells, Rep 1, JUN IP - K562 cells, Rep 2, JUN IP | IFNA1-13 - 30 min , JUN IP | IFNG - K562 cells, 6 h",,,
IFNA1,GDE1,leukocytes,"JUN IP | IFNA1-13 - K562 cells, 6 h, MYC IP | IFNA1 - K562 cells, 6 h, IRF1 IP | IFNA1-13 - K562 cells, 6 h, JUN IP | IFNA1-13 - 30 min , STAT2 IP | IFNA1-13 - K562 cells, 30 min",,,
FOXM1,GDE1,mammarygland,FOXM1 IP | THSP - DS006,,,
EGR1,GDE1,uterus,EGR1 IP - ECC1 cells,,,
SP2,GDE1,leukocytes,SP2 IP - K562 cells,,,
CEBPB,GDE1,stemcells,"CEBPB IP, CEBPB IP, CEBPB IP, CEBPB IP, CEBPB IP",,,
E2F4,GDE1,mammarygland,E2F4 IP | 4HT - MCF10 cells,,,
4HT,GDE1,mammarygland,"E2F4 IP | 4HT - MCF10 cells, STAT3 IP | 4HT - MCF10 cells, 36 h, FOS IP | 4HT - MCF10A cells, 12 h, STAT3 IP | 4HT - MCF10 cells, 12 h, MYC IP | 4HT - MCF10A cells, FOS IP | 4HT - MCF10A cells, 36 h, FOS IP | 4HT - MCF10A cells, 4 h",,,
CREB1,GDE1,prostate,"CREB1 ChIP-Seq - LNCaP, FOXA1 siRNA | CREB1 ChIP-Seq - Rep 1, CREB1 ChIP-Seq - LNCaP-abl, CREB1 siRNA | FOXA1 ChIP-Seq - Rep 1, CREB1 ChIP-Seq - Rep 2, FOXA1 siRNA | CREB1 ChIP-Seq - Rep 2, CREB1 ChIP-Seq - Rep 1, CREB1 siRNA | FOXA1 ChIP-Seq - Rep 2",,,
CTCF,GDE1,vasculature,"CTCF IP - AoAFC cells, Rep 1 , CTCF IP - HPAF cells, Rep 2 , CTCF IP - HUVEC cells, Rep 1 , CTCF IP - HUVEC cells , CTCF IP - HBMEC cells, Rep 2 , CTCF IP - HBMEC cells, Rep 1 , CTCF IP - HPAF cells, Rep 1 , CTCF IP - HUVEC cells, Rep 2 ",,,
CEBPB,GDE1,leukocytes,"CEBPB IP, CEBPB ChIP-Seq - K562, CEBPB IP, CEBPB IP | oxLDL  - Rep 208, CEBPB IP, CEBPB IP, CEBPB IP - HL-60 cells, Rep 2 , CEBPB IP - HL-60 cells, Rep 1 , CEBPB IP, CEBPB IP, CEBPB IP - Rep 204, CEBPB IP, CEBPB IP, CEBPB IP - K562 cells",,,
TP63,GDE1,skin,"TP63 IP | BANF1 KD, TP63 IP, TP63 IP, TP63 IP",,,
BANF1,GDE1,skin,TP63 IP | BANF1 KD,,,
FOXA1,GDE1,pancreas,"FOXA1 IP, FOXA1 IP, FOXA1 IP | KLF5 KO",,,
RELA,GDE1,mammarygland,"RELA ChIP-Seq - Rep 1, RELA ChIP-Seq - Rep 2, TNF | RELA ChIP-Seq - Rep 2, 17BE2 | RELA ChIP-Seq - Rep 2",,,
ZNF83,GDE1,colon,ZNF83 IP ,,,
EBF1,GDE1,leukocytes,"EBF1 IP - GM12878 cells, EBF1 IP - GM12878 cells",,,
MYC,GDE1,leukocytes,"MYC IP | IFNG - K562 cells, 6 h, MYC IP | IFNA1 - K562 cells, 6 h, MYC IP | IFNG - K562 cells, 30 min, MYC IP - K562 cells, Rep 1, MYC IP - NB4 cells",,,
IFNG,GDE1,leukocytes,"MYC IP | IFNG - K562 cells, 6 h, JUN IP | IFNG - K562 cells, 30 min, STAT1 IP - Rep 5, STAT1 IP - Rep 3, STAT1 IP - Rep 1, IRF1 IP | IFNG - K562 cells, 6 h, STAT1 IP - Rep 4, STAT1 IP - Rep 2, STAT1 IP - Rep 6, MYC IP | IFNG - K562 cells, 30 min, IRF1 IP - Rep 2, IRF1 IP - Rep 1, IRF1 IP - Rep 3, JUN IP | IFNG - K562 cells, 6 h",,,
E2F1,GDE1,prostate,"HES6 OE | E2F1 ChIP-Seq - Rep 1, HES6 OE + BICALU | E2F1 ChIP-Seq - Rep 1, E2F1 ChIP-Seq - Rep 4, BICALU + HES6 OE | E2F1 ChIP-Seq - Rep 2, E2F1 ChIP-Seq - Rep 1, HES6 OE + BICALU | E2F1 ChIP-Seq - Rep 3, HES6 OE | E2F1 ChIP-Seq - Rep 4, BICALU | E2F1 ChIP-Seq - Rep 1, BICALU | E2F1 ChIP-Seq - Rep 2, BICALU + HES6OE | E2F1 ChIP-Seq - Rep 4, BICALU | E2F1 ChIP-Seq - Rep 3, BICALU | E2F1 ChIP-Seq - Rep 4, HES6 OE | E2F1 ChIP-Seq - Rep 2, HES6 OE | E2F1 ChIP-Seq - Rep 3, E2F1 ChIP-Seq - Rep 2, E2F1 ChIP-Seq - Rep 3",,,
HES6,GDE1,prostate,"HES6 OE | E2F1 ChIP-Seq - Rep 1, HES6 OE + BICALU | E2F1 ChIP-Seq - Rep 1, BICALU + HES6 OE | E2F1 ChIP-Seq - Rep 2, HES6 OE + BICALU | E2F1 ChIP-Seq - Rep 3, HES6 OE | E2F1 ChIP-Seq - Rep 4, BICALU + HES6OE | E2F1 ChIP-Seq - Rep 4, HES6 OE | E2F1 ChIP-Seq - Rep 2, HES6 OE | E2F1 ChIP-Seq - Rep 3",,,
GABPA,GDE1,liver,"GABPA IP - HepG2 cells, GABPA IP, GABPA IP - MCF7 cells, GABPA IP, GABPA IP",,,
ELK4,GDE1,uterus,"ELK4 IP - HeLa, Rep 1, ELK4 IP - HeLa cells, ELK4 IP - HeLa, Rep 2",,,
SPI1,GDE1,leukocytes,"SPI1 IP - GM12878 cells, Rep 3 , SPI1 IP - U-937 cells, Rep 8 , SPI1 IP, SPI1 IP - GM12891 cells, SPI1 IP - GM12878 cells, Rep 2 , SPI1 IP, SPI1 IP, SPI1 IP, SPI1 IP, ROSI | SPI1 ChIP-Seq, SPI1 IP, SPI1 IP - GM12878 cells, SPI1 IP - GM12878 cells, Rep 4 , SPI1 IP, SPI1 IP - HL-60 cells, Rep 4 , SPI1 IP, SPI1 IP - HL-60 cells, Rep 3 , SPI1 IP - HL cells, SPI1 IP, SPI1 IP - K562 cells, SPI1 IP - U-937 cells, Rep 10 ",,,
BHLHE40,GDE1,leukocytes,"BHLHE40 IP - K562 cells, BHLHE40 IP - GM12878 cells",,,
BICALU,GDE1,prostate,"HES6 OE + BICALU | E2F1 ChIP-Seq - Rep 1, BICALU + HES6 OE | E2F1 ChIP-Seq - Rep 2, HES6 OE + BICALU | E2F1 ChIP-Seq - Rep 3, BICALU | E2F1 ChIP-Seq - Rep 1, BICALU | E2F1 ChIP-Seq - Rep 2, BICALU + HES6OE | E2F1 ChIP-Seq - Rep 4, BICALU | E2F1 ChIP-Seq - Rep 3, BICALU | E2F1 ChIP-Seq - Rep 4",,,
ELF3,GDE1,pancreas,"ELF3 IP | KLF5 KO, ELF3 IP, ELF3 IP",,,
KLF5,GDE1,pancreas,"ELF3 IP | KLF5 KO, FOXA1 IP | KLF5 KO",,,
YY1,GDE1,cns,"YY1 IP - SK-N-SH cells, YY1 IP | ATRA - SK-N-SH cells",,,
CEBPA,GDE1,leukocytes,"CEBPA IP - U-937 cells, Rep 1 , CEBPA IP - U-937 cells, Rep 2 , CEBPA IP",,,
STAT3,GDE1,mammarygland,"STAT3 IP | 4HT - MCF10 cells, 36 h, STAT3 IP | 4HT - MCF10 cells, 12 h, STAT3 IP - MCF10A cells, Rep 1, STAT3 IP - MCF10A cells, Rep 2",,,
STAT5A,GDE1,leukocytes,STAT5A IP - K562 cells,,,
MAX,GDE1,uterus,"MAX IP - ECC1 cells, MAX IP - HeLa cells, Rep 1, MAX IP - HeLa cells, Rep 2",,,
JUND,GDE1,vasculature,JUND IP,,,
CTCF,GDE1,colon,"CTCF IP - Rep 2 , CTCF IP - HCT116 cells, CTCF IP - Caco , CTCF IP - HCT116 cells, Rep 1 , CTCF IP - Caco-2 cells, Rep 1 ",,,
BATF,GDE1,leukocytes,BATF IP - GM12878 cells,,,
FOS,GDE1,mammarygland,"FOS IP | 4HT - MCF10A cells, 12 h, FOS IP - MCF10A cells, FOS IP | 4HT - MCF10A cells, 36 h, FOS IP | 4HT - MCF10A cells, 4 h",,,
RUNX1,GDE1,leukocytes,RUNX1 IP,,,
TP53,GDE1,lung,"TP53 IP - propapoptic, Rep 1",,,
CTCF,GDE1,heart,"CTCF IP - myocytes cells, Rep 1 , CTCF IP - HCF cells ",,,
CTCF,GDE1,cns,"CTCF IP - SK cells, CTCF IP - SK-N-SH cells, Rep 2 , CTCF IP - cerebellar astrocyte cells, Rep 2 , CTCF IP - BE(2)-C cells, Rep 1 , CTCF IP - BE(2)-C cells, Rep 2 , CTCF IP - HCPEpiC cells, Rep 2 , CTCF IP - HCPEpiC cells, Rep 1 , CTCF IP - spinal cord astrocyte cells, Rep 1 , CTCF IP - SK-N-SH cells, Rep 1 , CTCF IP - SK-N-SH cells , CTCF IP - spinal cord astrocyte cells, Rep 2 ",,,
SP1,GDE1,stemcells,"SP1 IP - H1 cells, SP1 IP - Rep 2 ",,,
MAZ,GDE1,leukocytes,"MAZ IP - GM12878 cells, MAZ IP - K562 cells",,,
ELF1,GDE1,cns,ELF1 IP - SK-N-SH cells,,,
YY1,GDE1,stemcells,"YY1 IP - NT2 cells, YY1 IP - H1 cells",,,
CTCF,GDE1,mammarygland,"CTCF IP - HMEC cells, Rep 2 , CTCF IP - HMEC cells, Rep 1 , CTCF IP - HMF cells, Rep 1 , CTCF IP - MCF-7 cells Rep 2 , CTCF IP - MCF-7 cells, Rep 1 , CTCF IP - HMF cells, Rep 2 ",,,
NFYB,GDE1,uterus,NFYB IP - HeLa cells,,,
RELA,GDE1,adiposetissue,"RELA IP, RELA IP",,,
YY1,GDE1,uterus,YY1 IP - ECC1 cells,,,
YY1,GDE1,leukocytes,"YY1 IP - GM12891 cells, YY1 IP - K562 cells, Rep 2, YY1 IP - K562 cells, YY1 IP - K562 cells, Rep 1, YY1 IP - GM12892 cells, Rep 1, YY1 IP - GM12878 cells",,,
CEBPB,GDE1,colon,"CEBPB IP - HCT116 cells, CEBPB IP | 125DVD3, CEBPB IP",,,
STAT1,GDE1,leukocytes,"STAT1 IP - Rep 5, STAT1 IP - Rep 3, STAT1 IP - Rep 1, STAT1 IP - Rep 4, STAT1 IP - Rep 2, STAT1 IP - Rep 6",,,
ATF2,GDE1,stemcells,ATF2 IP - H1 cells,,,
CTCF,GDE1,skin,"CTCF IP - NHEK cells , CTCF IP - BJ cells, Rep 1 , CTCF IP - BJ cells, Rep 2 , CTCF IP - AG04449 cells, Rep 2 , CTCF IP - AG10803 cells, Rep 1 , CTCF IP - GM12878 cells, Rep 2 , CTCF IP - NHDF cells, Rep 2 , CTCF IP - AG09309 cells, Rep 1 , CTCF IP - NHDF cells, Rep 1 , CTCF IP - HFFC cells, Rep 3 , CTCF IP - AG10803 cells, Rep 2 , CTCF IP - HFFC cells, Rep 1 , CTCF IP - NHDF cells , CTCF IP - NHEK cells, Rep 2 , CTCF IP - AG04449 cells, Rep 1 ",,,
TEAD4,GDE1,liver,TEAD4 IP - HepG2 cells,,,
TP73,GDE1,bone,"TP73 IP - alpha isoform, Rep 2, TP73 IP - beta isoform, Rep 2, TP73 IP - alpha isoform, Rep 1, TP73 IP - beta isoform, Rep 1",,,
GABPA,GDE1,cns,GABPA IP - SK-N-SH cells,,,
NFYB,GDE1,leukocytes,"NFYB IP - GM12878 cells, NFYB IP - K562 cells",,,
TCF12,GDE1,lung,TCF12 IP - A549 cells,,,
CTCF,GDE1,kidney,"CTCF IP - HRE cells, Rep 1 , CTCF IP - HRE cells, Rep 2 , CTCF IP - HEK293 cells, Rep 2 , CTCF IP - HEK293 cells, Rep 1 , CTCF IP - RPTEC cells, Rep 1 ",,,
ROSI,GDE1,adiposetissue,"ROSI (BrAT) | KLF11 ChIP-Seq, Rep 1, ROSI (BrAT) | KLF11 ChIP-Seq, Rep 2",,,
FOXP2,GDE1,cns,FOXP2 IP - SK cells,,,
CTCF,GDE1,megakaryocytelineage,"CTCF IP - MEG-01 cells, Rep 4 , CTCF IP - MEG-01 cells, Rep 8 , CTCF IP - MEG-01 cells, Rep 6 , CTCF IP - MEG-01 cells, Rep 2 , CTCF IP - MEG-01 cells, Rep 10 ",,,
MAX,GDE1,liver,"MAX IP - MCF7 cells, MAX IP - HepG2 cells, MAX IP - HepG2 cells",,,
TP53,GDE1,mammarygland,"TP53 IP, TP53 IP | NUTL3 - MCF-7",,,
E2F4,GDE1,leukocytes,"E2F4 IP - K562 cells, E2F4 IP - GM12878 cells",,,
CEBPB,GDE1,liver,"CEBPB IP - HepG2 cells, CEBPB ChIP-Seq - HepG2, CEBPB IP | FORSK - HepG2 cells",,,
CREB1,GDE1,stemcells,CREB1 IP - H1 cells,,,
TEAD4,GDE1,uterus,TEAD4 IP - ECC1 cells,,,
E2F1,GDE1,mammarygland,"E2F1 IP, E2F1 IP - MCF7 cells",,,
DHT,GDE1,mammarygland,"DHT | FOXA1 ChIP-Seq, DHT | MYC ChIP-Seq",,,
JUND,GDE1,uterus,JUND IP - HeLa cells,,,
E2F1,GDE1,uterus,"E2F1 IP - HeLa cells, Rep 2, E2F1 IP - HeLa cells, Rep 1",,,
TCF12,GDE1,liver,TCF12 IP - HepG2 cells,,,
MYB,GDE1,leukocytes,"MYB IP - Jurkat, Rep 5, MYB IP - MOLT3, MYB IP - Jurkat, Rep 4, MYB IP - Jurkat, Rep 1, MYB IP - Jurkat, Rep 2, MYB IP - Jurkat, Rep 3",,,
DEX,GDE1,mammarygland,"DEX | FOXA1 ChIP-Seq - Rep 1, DEX | FOXA1 ChIP-Seq - Rep 2, DEX | FOXA1 ChIP-Seq - Rep 2, DEX | FOXA1 ChIP-Seq - Rep 2, DEX | FOXA1 ChIP-Seq - Rep 1",,,
CTCF,GDE1,miscellaneous,"CTCF IP - AG09319 cells, Rep 2 , CTCF IP - AG09319 cells, Rep 1 ",,,
SRF,GDE1,mammarygland,SRF IP - MCF7 cells,,,
THAP1,GDE1,leukocytes,THAP1 IP - K562 cells,,,
SP1,GDE1,liver,SP1 IP - HepG2 cells,,,
CTCF,GDE1,lung,"CTCF IP - NHLF cells , CTCF IP - A549 cells, Rep 2 , CTCF IP - A549 cells, CTCF IP - SAEC cells, Rep 1 , CTCF IP | DEX - A549 cells , CTCF IP - SAEC cells, Rep 2 , CTCF IP - A549 cells , CTCF IP - NHLF cells , CTCF IP - HPF cells, Rep 1 , CTCF IP | DEX - A549 cells, CTCF IP - IMR cells, CTCF IP - AG04450 cells, Rep 2 , CTCF IP - HPF cells, Rep 2 , CTCF ChIP-Seq - A549, CTCF IP - AG04450 cells, Rep 1 ",,,
CTCF,GDE1,esophagus,"CTCF IP - HEEpiC cells, Rep 1 , CTCF IP - HEEpiC cells, Rep 2 ",,,
MAFK,GDE1,liver,"MAFK IP - HepG2 cells, Rep 2",,,
JUND,GDE1,leukocytes,JUND IP - K562 cells,,,
NFYA,GDE1,colon,NFYA IP ,,,
CEBPB,GDE1,mammarygland,CEBPB IP - MCF7 cells,,,
SP1,GDE1,leukocytes,"SP1 IP - K562 cells, SP1 IP - GM12878 cells",,,
GATA3,GDE1,lung,GATA3 IP - A549 cells,,,
ERG,GDE1,prostate,"ERG ChIP-Seq, DHT | ERG ChIP-Seq - 18 h, DMSO | ERG ChIP-Seq - Rep 1, DHT | ERG ChIP-Seq - 2 h, JQI | ERG ChIP-Seq - Rep 2, ERG ChIP-Seq, JQI | ERG ChIP-Seq - Rep 1, DMSO | ERG ChIP-Seq - Rep 2",,,
E2F3,GDE1,colon,E2F3 IP ,,,
MAX,GDE1,lung,MAX IP - A549 cells,,,
ETS1,GDE1,lung,ETS1 IP - A549 cells,,,
MAFK,GDE1,lung,MAFK IP - IMR cells,,,
SRF,GDE1,uterus,SRF IP - ECC1 cells,,,
SRF,GDE1,liver,SRF IP - HepG2 cells,,,
125DVD3,GDE1,colon,"CEBPB IP | 125DVD3, CDX2 IP | 125DVD3",,,
SP1,GDE1,lung,SP1 IP - A549 cells,,,
MEF2A,GDE1,leukocytes,MEF2A IP - GM12878 cells,,,
MAZ,GDE1,uterus,MAZ IP - HeLa cells,,,
REST,GDE1,leukocytes,REST IP - K562 cells,,,
RUNX1,GDE1,hspcs,"RUNX1 IP, RUNX1",,,
CTCF,GDE1,hspcs,"CTCF IP - Erythroid cells, Rep 1, CTCF IP - HEL 92.1.7 cells, Rep 14 , CTCF IP - Erythroid cells, Rep 2, CTCF IP - HEL 92.1.7 cells, Rep 8 , CTCF IP - HEL 92.1.7 cells, Rep 5 , CTCF IP - HSPCs, Rep 2, CTCF IP - HEL 92.1.7 cells, Rep 2 ",,,
FOXA2,GDE1,liver,FOXA2 IP - HepG2 cells,,,
FOXA2,GDE1,embryonictissue,FOXA2 IP - Rep 2,,,
IRF1,GDE1,leukocytes,"IRF1 IP | IFNG - K562 cells, 6 h, IRF1 IP | IFNA1-13 - K562 cells, 6 h, IRF1 IP - Rep 2, IRF1 IP - Rep 1, IRF1 IP - Rep 3",,,
DHT,GDE1,prostate,"DHT | ERG ChIP-Seq - 18 h, DHT | ERG ChIP-Seq - 2 h, DHT | FOXA1 ChIP-Seq",,,
GABPA,GDE1,prostate,"GABPA IP - Rep 2, GABPA IP - Rep 1, GABPA IP | R1881",,,
AR,GDE1,prostate,"WT AR OE + FOXA1 OE | FOXA1 ChIP-Seq, AR Q640X OE + FOXA1 OE | FOXA1 ChIP-Seq, AR C562S OE + FOXA1 OE | FOXA1 ChIP-Seq",,,
BCL11A,GDE1,leukocytes,BCL11A IP - GM12878 cells,,,
ZNF143,GDE1,leukocytes,"ZNF143 IP - GM12878 cells, ZNF143 IP - K562, ZNF143 IP - HPB-ALL, ZNF143 IP - K562 cells",,,
GTF2B,GDE1,uterus,GTF2B IP - Rep 2,,,
CTCF,GDE1,sensory,"CTCF IP - HRPEpiC cells, Rep 1 , CTCF IP - WERI , CTCF IP - WERI-Rb-1- cells, Rep 1 , CTCF IP - HRPEpiC cells, Rep 2 ",,,
GATA4,GDE1,stomach,GATA4 IP - AGS,,,
REST,GDE1,lung,REST IP - A549 cells,,,
GATA2,GDE1,vasculature,GATA2 IP - HUVEC cells,,,
FOXA1,GDE1,stemcells,FOXA1 IP - ES D10,,,
JUND,GDE1,liver,JUND IP - HepG2 cells,,,
SIX2,GDE1,kidney,"SIX2 IP - 17 weeks, Rep 2, SIX2 IP - 17 weeks, Rep 1",,,
TBP,GDE1,leukocytes,TBP IP - K562 cells,,,
GATA2,GDE1,leukocytes,"GATA2 IP - K562 cells, GATA2 IP - K562 cells",,,
ELK1,GDE1,leukocytes,"ELK1 IP - K562 cells, ELK1 IP - GM12878 cells",,,
CEBPE,GDE1,leukocytes,"CEBPE IP - HL-60 cells, Rep 3 ",,,
REST,GDE1,cns,"REST IP - PFSK1 cells, Rep 2, REST IP - SK cells, REST IP - U87 cells",,,
E2F4,GDE1,uterus,E2F4 IP - HeLa cells,,,
ZNF76,GDE1,kidney,ZNF76 IP | ZNF76 OE,,,
TP53,GDE1,bone,"TP53 IP | NUTL3, TP53 IP | NUTL3 - SJSA-1, TP53 IP | TP53EE/RR OE, TP53 IP - Rep 2, TP53 IP | TP53 OE",,,
NUTL3,GDE1,bone,TP53 IP | NUTL3,,,
JQ1,GDE1,prostate,"JQI | ERG ChIP-Seq - Rep 2, JQI | ERG ChIP-Seq - Rep 1",,,
ZBTB7A,GDE1,uterus,ZBTB7A IP - ECC1 cells,,,
SREBF1,GDE1,leukocytes,SREBF1 IP - GM12878 cells,,,
ELF1,GDE1,mammarygland,ELF1 IP - MCF7 cells,,,
NFKB2,GDE1,leukocytes,NFKB2 IP - Rep 1,,,
PBX3,GDE1,cns,PBX3 IP - SK-N-SH cells,,,
RELA,GDE1,leukocytes,"RELA IP | BAY082  - IVD Th1 cells, PIA, RELA IP | TNF - GM19193 cells, RELA IP | TNF - GM12891 cells",,,
BAY082,GDE1,leukocytes,"RELA IP | BAY082  - IVD Th1 cells, PIA",,,
ATF1,GDE1,leukocytes,ATF1 IP - K562 cells,,,
MAX,GDE1,stemcells,MAX IP - H1 cells,,,
ARID3A,GDE1,leukocytes,ARID3A IP - K562 cells,,,
REST,GDE1,pancreas,"REST IP - Panc1 cells, Rep 3",,,
MAFF,GDE1,liver,MAFF IP - HepG2 cells,,,
ELF1,GDE1,leukocytes,"ELF1 IP - SK-N-SH cells, ELF1 IP - SK-N-SH cells",,,
NANOG,GDE1,stemcells,"NANOG IP - Rep 8 , NANOG IP - Rep 5 ",,,
USF1,GDE1,uterus,USF1 IP - ECC1 cells,,,
STAT3,GDE1,uterus,STAT3 IP - HeLa cells,,,
CREB1,GDE1,colon,CREB1 IP ,,,
ARID3A,GDE1,liver,ARID3A IP - HepG2 cells,,,
TNF,GDE1,leukocytes,"RELA IP | TNF - GM19193 cells, RELA IP | TNF - GM12891 cells",,,
GATA2,GDE1,hspcs,GATA2 IP,,,
CEBPB,GDE1,lung,"CEBPB ChIP-Seq - A549, CEBPB ChIP-Seq - IMR90",,,
DEX,GDE1,lung,"CTCF IP | DEX - A549 cells , USF1 IP | DEX - A549 cells, CREB1 IP | DEX - A549 cells, FOXA1 IP | DEX - A549 cells, CTCF IP | DEX - A549 cells",,,
JUN,GDE1,uterus,JUN IP - HeLa cells,,,
FOXA2,GDE1,stemcells,"FOXA2 IP - ES D10, FOXA2 IP - ES D2, FOXA2 IP - ES D5, FOXA2 IP - ES D7",,,
MXI1,GDE1,uterus,MXI1 IP - HeLa cells,,,
USF1,GDE1,colon,USF1 IP - HCT116 cells,,,
TNF,GDE1,mammarygland,TNF | RELA ChIP-Seq - Rep 2,,,
ZNF263,GDE1,kidney,ZNF263 IP - HEK293 cells,,,
GATA3,GDE1,mammarygland,"GATA3 IP - T47D cells, GATA3 IP - MCF7 cells","24758297,",,
TAL1,GDE1,colon,TAL1 IP ,,,
SRF,GDE1,stemcells,"SRF IP - Rep 7 , SRF IP - Rep 5 ",,,
USF1,GDE1,lung,USF1 IP | DEX - A549 cells,,,
HMGN3,GDE1,leukocytes,HMGN3 IP - K562 cells,,,
MAZ,GDE1,liver,MAZ IP - HepG2 cells,,,
E2F6,GDE1,leukocytes,E2F6 IP - K562 cells,,,
YY1,GDE1,colon,YY1 IP - HCT116 cells,,,
ZBTB7A,GDE1,liver,ZBTB7A IP - HepG2 cells,,,
THAP11,GDE1,stemcells,"THAP11 IP - Rep 4 , THAP11 IP - Rep 2 , THAP11 IP - Rep 5 , THAP11 IP - Rep 1 , THAP11 IP - Rep 3 ",,,
MYC,GDE1,mammarygland,"DHT | MYC ChIP-Seq, MYC IP | 4HT - MCF10A cells, MYC IP - MCF-10A cells",,,
PAX5,GDE1,leukocytes,"PAX5 IP - GM12892 cells, PAX5 IP - GM12878 cells, Rep 1",,,
MXI1,GDE1,cns,MXI1 IP - SK-N-SH cells ,,,
MXI1,GDE1,leukocytes,"MXI1 IP - GM12878 cells, MXI1 IP - K562 cells",,,
HEY1,GDE1,leukocytes,HEY1 IP - K562 cells,,,
POU2F2,GDE1,leukocytes,"POU2F2 IP - Rep 2, POU2F2 IP - GM12878 cells",,,
MAFF,GDE1,leukocytes,MAFF IP - K562 cells,,,
TFAP4,GDE1,leukocytes,"TFAP4 IP - Rep 1, TFAP4 IP - Rep 2",,,
HNF1B,GDE1,pancreas,HNF1B IP,,,
ELK1,GDE1,uterus,ELK1 IP - HeLa cells,,,
CREB1,GDE1,lung,"CREB1 IP | DEX - A549 cells, CREB1 IP - A549 cells, Rep 2, CREB1 IP - A549 cells, Rep 1",,,
ROSI,GDE1,leukocytes,ROSI | SPI1 ChIP-Seq,,,
OTX2,GDE1,stemcells,OTX2 IP - Rep 10 ,,,
JUND,GDE1,lung,JUND IP - A549 cells,,,
GABPA,GDE1,uterus,GABPA IP - HeLa cells,,,
IRF1,GDE1,colon,IRF1 IP ,,,
ATF3,GDE1,colon,"ATF3 IP | CAMPTO, ATF3 IP - HCT116 cells",,,
ATF2,GDE1,leukocytes,ATF2 IP - GM12878 cells,,,
FOXA1,GDE1,lung,"FOXA1 IP | DEX - A549 cells, FOXA1 IP - A549 cells",,,
CTCF,GDE1,stemcells,"CTCF IP - Rep 6 , CTCF IP - H1 cells , CTCF IP - Rep 5 , CTCF IP - Rep 4 , CTCF IP - H1 cells",,,
TP53,GDE1,skin,"TP53 IP, TP53 IP",,,
TEAD4,GDE1,leukocytes,TEAD4 IP - K562 cells,,,
UBTF,GDE1,leukocytes,"UBTF IP - K562 cells, UBTF IP - K562 cells",,,
ZNF384,GDE1,leukocytes,"ZNF384 IP - K562 cells, ZNF384 IP - GM12878 cells",,,
GATA3,GDE1,cns,GATA3 IP - SK-N-SH cells,,,
FOS,GDE1,leukocytes,FOS IP - K562 cells,,,
EGR1,GDE1,colon,EGR1 IP - HCT116 cells,,,
CEBPB,GDE1,bone,"CEBPB IP, CEBPB IP",,,
CEBPB,GDE1,uterus,CEBPB ChIP-Seq - HeLaS3,,,
GATA1,GDE1,hspcs,"GATA1 IP - PBDE cells, Rep 1",,,
MAX,GDE1,colon,MAX IP - HCT116 cells,,,
CTCF,GDE1,placenta,"CTCF IP - HVMF cells, Rep 2 ",,,
USF1,GDE1,leukocytes,USF1 IP - K562 cells,,,
ZNF280D,GDE1,colon,ZNF280D IP ,,,
CTCF,GDE1,adiposetissue,CTCF ChIP-Seq - d 9,,,
TP53,GDE1,leukocytes,TP53 IP - Doxo DNA damage,,,
BHLHE40,GDE1,liver,BHLHE40 IP - HepG2 cells,,,
SP1,GDE1,colon,SP1 IP - HCT116 cells,,,
NFKB1,GDE1,leukocytes,NFKB1 IP - Rep 2,,,
CREB1,GDE1,uterus,CREB1 IP - ECC1 cells,,,
IRF1,GDE1,pancreas,IRF1 IP,,,
JUN,GDE1,mammarygland,JUN IP - Rep 1,,,
CREB1,GDE1,leukocytes,"CREB1 IP, CREB1 IP - GM12878 cells, CREB1 IP, CREB1 IP - K562 cells",,,
R1881,GDE1,prostate,"GATA2 KD + R1881 | FOXA1 ChIP-Seq, GABPA IP | R1881, CON KD + R1881 | FOXA1 ChIP-Seq",,,
GATA2,GDE1,prostate,GATA2 KD + R1881 | FOXA1 ChIP-Seq,,,
FOXA1,GDE1,liver,"FOXA1 IP - HepG2 cells, Rep 1, FOXA1 IP - HepG2 cells, Rep 2",,,
HEY1,GDE1,liver,HEY1 IP - HepG2 cells,,,
SIX5,GDE1,lung,SIX5 IP | DEX - A549 cells,,,
GATA6,GDE1,stomach,GATA6 IP - YCC3,,,
ZEB1,GDE1,liver,ZEB1 IP - HepG2 cells,,,
SRF,GDE1,leukocytes,SRF IP - SK-N-SH cells,,,
REST,GDE1,stemcells,"REST IP - H1 cells, Rep 1",,,
NFYA,GDE1,leukocytes,NFYA IP - K562 cells,,,
ATRA,GDE1,cns,YY1 IP | ATRA - SK-N-SH cells,,,
HOXA4,GDE1,colon,HOXA4 IP ,,,
FOSL2,GDE1,lung,FOSL2 IP - A549 cells,,,
FOSL1,GDE1,leukocytes,FOSL1 IP - K562 cells,,,
TCF12,GDE1,cns,TCF12 IP - SK-N-SH cells,,,
CTCF,GDE1,uterus,CTCF IP - HeLa cells ,,,
SIX5,GDE1,stemcells,SIX5 IP - H1 cells,,,
FOSL2,GDE1,liver,FOSL2 IP - HepG2 cells,,,
FOSL1,GDE1,colon,FOSL1 IP - HCT116 cells,,,
REST,GDE1,liver,"REST IP - HepG2 cells, Rep 2",,,
TAL1,GDE1,leukocytes,"TAL1 IP - MOLT3, TAL1 IP - K562 cells",,,
CEBPA,GDE1,adiposetissue,CEBPA ChIP-Seq,,,
FOS,GDE1,uterus,FOS IP - HeLa cells,,,
ELF1,GDE1,liver,ELF1 IP - HepG2 cells,,,
FORSK,GDE1,liver,CEBPB IP | FORSK - HepG2 cells,,,
ETS1,GDE1,leukocytes,"ETS1 IP - K562 cells, ETS1 IP, ETS1 IP - GM12878 cells",,,
ELF1,GDE1,lung,ELF1 IP - A549 cells,,,
GATA2,GDE1,cns,GATA2 ChIP-Seq SH-SY5Y,,,
ATF3,GDE1,leukocytes,ATF3 IP - K562 cells,,,
GABPA,GDE1,stemcells,GABPA IP - H1 cells,,,
CTCF,GDE1,bone,CTCF IP - Osteoblasts ,,,
TCF7L2,GDE1,mammarygland,TCF7L2 ChIP-Seq,,,
IRF4,GDE1,leukocytes,IRF4 IP,,,
GATA1,GDE1,leukocytes,GATA1 ChIP-Seq - SC266,,,
JUN,GDE1,vasculature,JUN IP,,,
MYC,GDE1,uterus,MYC IP - HeLa cells,,,
JUND,GDE1,colon,JUND IP - HCT116 cells,,,
NFYA,GDE1,uterus,NFYA IP - HeLa cells,,,
SIX5,GDE1,leukocytes,"SIX5 IP - K562 cells, Rep 2, SIX5 IP - K562 cells, Rep 1, SIX5 IP - GM12878 cells",,,
MAX,GDE1,cns,MAX IP - SK-N-SH cells,,,
ZNF143,GDE1,uterus,"ZNF143 IP - HeLa, Rep 1, ZNF143 Ip - HeLa, Rep 2, ZNF143 IP - HeLa cells",,,
EGR1,GDE1,leukocytes,"EGR1 IP - K562 cells, EGR1 IP - GM12878 cells, Rep 1",,,
MAFK,GDE1,uterus,MAFK IP - HeLa cells,,,
ELF1,GDE1,colon,ELF1 IP - HCT116 cells,,,
MYBL2,GDE1,liver,MYBL2 IP - HepG2 cells,,,
MXI1,GDE1,liver,MXI1 IP - HepG2 cells,,,
TBP,GDE1,stemcells,TBP IP - H1 cells,,,
MAFK,GDE1,leukocytes,MAFK IP - K562 cells,,,
ZNF143,GDE1,colon,ZNF143 IP ,,,
FLI1,GDE1,hspcs,FLI1 IP,,,
STAT2,GDE1,leukocytes,"STAT2 IP | IFNA1-13 - K562 cells, 30 min",,,
SREBF1,GDE1,liver,SREBF1 IP | INS + 22RHC - HepG2 cells,,,
22RHC; INS,GDE1,liver,SREBF1 IP | INS + 22RHC - HepG2 cells,,,
ZNF143,GDE1,kidney,ZNF143 IP - HEK293-T-rex,,,
YY1,GDE1,liver,YY1 IP - HepG2 cells,,,
MAZ,GDE1,lung,MAZ IP - IMR cells,,,
TBP,GDE1,liver,TBP IP - HepG2 cells,,,
YY1,GDE1,lung,YY1 IP - A549 cells,,,
ZBTB7A,GDE1,leukocytes,ZBTB7A IP - SK-N-SH cells,,,
GABPA,GDE1,lung,GABPA IP - A549 cells,,,
CDX2,GDE1,colon,CDX2 IP | 125DVD3,,,
MXI1,GDE1,lung,MXI1 IP - IMR cells,,,
SRF,GDE1,colon,SRF IP - HCT116 cells,,,
TP53,GDE1,stemcells,TP53 IP - DNA damage,,,
RELA,GDE1,colon,RELA IP ,,,
KLF5,GDE1,stomach,KLF5 IP - KATOIII,,,
ETS1,GDE1,pancreas,ETS1 IP,,,
CTCF,GDE1,pancreas,CTCF IP,,,
ZNF143,GDE1,stemcells,ZNF143 IP - H1 cells,,,
YY1,GDPD1,leukocytes,"YY1 IP - GM12891 cells, YY1 IP - K562 cells, Rep 1, YY1 IP - K562 cells, Rep 2, YY1 IP - GM12878 cells, YY1 IP - GM12892 cells, Rep 1",,,
CTCF,GDPD1,heart,"CTCF IP - myocytes cells, Rep 1 , CTCF IP - myocytes cells, Rep 2 , CTCF IP - HCF cells ",,,
CTCF,GDPD1,cns,"CTCF IP - SK cells, CTCF IP - cerebellar astrocyte cells, Rep 1 , CTCF IP - SK-N-SH cells, Rep 2 , CTCF IP - HCPEpiC cells, Rep 2 , CTCF IP - cerebellar astrocyte cells, Rep 2 , CTCF IP - BE(2)-C cells, Rep 1 , CTCF IP - HCPEpiC cells, Rep 1 , CTCF IP - BE(2)-C cells, Rep 2 , CTCF IP - spinal cord astrocyte cells, Rep 1 , CTCF IP - SK-N-SH cells, Rep 1 , CTCF IP - spinal cord astrocyte cells, Rep 2 , CTCF IP - SK-N-SH cells ",,,
FOXA1,GDPD1,mammarygland,"DEX | FOXA1 ChIP-Seq - Rep 1, FOXA1 IP - T47D cells, DEX | FOXA1 ChIP-Seq - Rep 1, DEX | FOXA1 ChIP-Seq - Rep 2, FOXA1 ChIP-Seq - Rep 2, 17BE2 | FOXA1 ChIP-Seq - Rep 2, DHT | FOXA1 ChIP-Seq, FOXA1 ChIP-Seq - Rep 1, FOXA1 ChIP-Seq - Rep 2, 17BE2 | FOXA1 ChIP-Seq - Rep 2, 17BE2 | FOXA1 ChIP-Seq - Rep 1",,,
DEX,GDPD1,mammarygland,"DEX | FOXA1 ChIP-Seq - Rep 1, DEX | FOXA1 ChIP-Seq - Rep 1, DEX | FOXA1 ChIP-Seq - Rep 2, JUN IP | DEX",,,
CTCF,GDPD1,mammarygland,"CTCF IP - HMEC cells, Rep 2 , CTCF IP - MCF7 cells, CTCF IP - HMEC cells, Rep 1 , CTCF IP - HMEC cells , CTCF IP - MCF-7 cells Rep 2 , CTCF IP - T47D cells, CTCF IP - MCF-7 cells, Rep 1 , CTCF IP - HMF cells, Rep 2 ",,,
CTCF,GDPD1,leukocytes,"CTCF IP - GM18526 cells, Rep 1 , CTCF IP - F36P cells, Rep 10 , CTCF IP - UT-7 cells, Rep 6 , CTCF IP - K562 cells, Rep 13 , CTCF IP, CTCF IP - GM19193 cells, Rep 1 , CTCF IP - GM11994 cells, Rep 2, CTCF IP - GM19193 cells, Rep 2 , CTCF IP - GM12875 cells, Rep 1 , CTCF IP - HL-60 cells, Rep 9 , CTCF IP - K562 cells, Rep 12 , CTCF IP - GM12892 cells, Rep 2 , CTCF IP - F36P cells, Rep 2 , CTCF IP - GM07346 cells, CTCF IP -  DND , CTCF IP - GM12864 cells, Rep 1 , CTCF IP - K562 cells, Rep 1 , CTCF IP - GM06990 cells, Rep 2 , CTCF IP - GM11831 cells, CTCF IP - GM12872 cells, CTCF IP - KU812 cells, Rep 17 , CTCF IP - KU812 cells, Rep 13 , CTCF IP - K562 cells, Rep 2 , CTCF IP - UT-7 cells, Rep 3 , CTCF IP - K562 cells, Rep 3 , CTCF IP - GM11994 cells, Rep 1, CTCF IP - GM12154 cells, Rep 2, CTCF IP - K562 cells , CTCF IP - GM12871 cells , CTCF IP - F36P cells, Rep 15 , CTCF IP - GM2588 cells, Rep 1 , CTCF IP - UT-7 cells, Rep 5 , CTCF IP - GM12878 cells, Rep 2 , CTCF IP - GM18486 cells, Rep 3 , CTCF IP - K562 cells, CTCF IP - GM12890 cells, Rep 1 , CTCF IP - GM12815 cells, Rep 1, CTCF IP - K562 cells, Rep 7 , CTCF IP - GM12872 cells, Rep 1 , CTCF IP - UT-7 cells, Rep 4 , CTCF IP - GM19238 cells, Rep 1 , CTCF IP - F36P cells, Rep 9 , CTCF IP - GM2255 cells, Rep 1 , CTCF IP - GM12890 cells, Rep 2 , CTCF IP - K562 cells, Rep 8 , CTCF IP - K562 cells, Rep 1 , CTCF IP - GM10847 cells, Rep 2 , CTCF IP - K562 cells, Rep 11 , CTCF IP - GM19240 cells, Rep 2 , CTCF IP - GM12878 cells, Rep 2 , CTCF IP - F36P cells, Rep 5 , CTCF IP - F36P cells, Rep 6 , CTCF IP - GM12154 cells, Rep 1, CTCF IP - GM12866 cells , CTCF IP - GM12869 cells , CTCF IP - K562 cells, Rep 5 , CTCF IP - HL-60 cells, Rep 7 , CTCF IP - GM12873 cells, Rep 3 , CTCF IP - F36P cells, Rep 1 , CTCF IP - GM11811 cells, Rep 2, CTCF IP - GM12865 cells, Rep 3 , CTCF IP - GM2610 cells, Rep 2 , CTCF IP - GM11992 cells, Rep 2, CTCF IP - GM2255 cells, Rep 3 , CTCF IP - KU812 cells, Rep 9 , CTCF IP - GM12865 cells, Rep 2 , CTCF IP - GM10847 cells, Rep 1 , CTCF IP - GM06990 cells, Rep 1 , CTCF IP - GM19238 cells, Rep 2 , CTCF IP - F36P cells, Rep 7 , CTCF IP - GM06986 cells, CTCF IP - K562 cells, Rep 16 , CTCF IP - GM2630 cells, Rep 3 , CTCF IP - GM12890 cells, Rep 3 , CTCF IP - K562 cells, CTCF IP - MS1 cells, Rep 1 , CTCF IP - GM12875 cells, Rep 2 , CTCF IP - GM18951 cells, Rep 1 , CTCF IP - GM12814 cells, Rep 1, CTCF IP - KU812 cells, Rep 1 , CTCF IP - GM2630 cells, Rep 1 , CTCF IP - NB4 cells , CTCF IP - GM19240 cells, Rep 1 , CTCF IP - GM11881 cells, CTCF IP - HeLa cells, Rep 2 , CTCF IP - F36P cells, Rep 3 , CTCF IP - F36P cells, Rep 11 , CTCF IP - MS1 cells, Rep 2 , CTCF IP - GM2610 cells, Rep 3 , CTCF IP - GM19239 cells, Rep 2 , CTCF IP - GM12872 cells, Rep 2 , CTCF IP - GM12828 cells, CTCF IP - GM18505 cells, Rep 1 , CTCF IP - F36P cells, Rep 19 , CTCF IP - GM12873 cells, Rep 1 , CTCF IP - GM11894 cells, Rep 2, CTCF IP - GM12868 cells , CTCF IP - GM12865 cells, Rep 1 , CTCF IP - GM12891 cells, Rep 2 , CTCF IP - GM19239 cells, Rep 1 , CTCF IP - K562 cells, Rep 14 , CTCF IP - GM12864 cells, Rep 3 , CTCF IP - GM12005 cells, Rep 2, CTCF IP - GM12878 cells, Rep 1 , CTCF IP - F36P cells, Rep 17 , CTCF IP - GM19099 cells, Rep 1 , CTCF IP - GM19099 cells, Rep 2 , CTCF IP - GM12874 cells, Rep 2 , CTCF IP - GM12878 cells , CTCF IP - HL , CTCF IP - GM11811 cells, Rep 1, CTCF IP - GM12872 cells, Rep 3 , CTCF IP - GM12864 cells, Rep 2 , CTCF IP - GM2588 cells, Rep 2 , CTCF IP - F36P cells, Rep 13 , CTCF IP - MS1 cells, Rep 3 , CTCF IP - GM2630 cells, Rep 2 , CTCF IP - GM12891 cells, Rep 1 , CTCF IP - CD14+ cells , CTCF IP - KU812 cells, Rep 5 , CTCF IP - GM12874 cells, Rep 1 , CTCF IP - MS1 cells, Rep 4 , CTCF IP - GM12814 cells, Rep 2, CTCF IP - GM2255 cells, Rep 2 , CTCF ChIP-Seq - GM12878, CTCF IP - K562 cells, Rep 15 , CTCF IP - GM18505 cells, Rep 2 , CTCF IP - GM12006 cells, Rep 2, CTCF IP -  CD20+ cells , CTCF IP - K562 cells, CTCF IP - GM18486 cells, Rep 1 , CTCF IP - GM12878 cells, Rep 1 , CTCF IP - GM18486 cells, Rep 2 , CTCF IP - GM12489 cells, Rep 1, CTCF IP - GM07037 cells, CTCF IP - GM2610 cells, Rep 1 , CTCF IP - GM12892 cells, Rep 1 , CTCF IP - GM18951 cells, Rep 2 , CTCF IP - GM12749 cells, Rep 1, CTCF IP - GM2588 cells, Rep 3 , CTCF IP - GM12873 cells, Rep 1 , CTCF IP - GM12870 cells , CTCF IP - GM18526 cells, Rep 2 , CTCF IP - GM12867 cells , CTCF IP - F36P cells, Rep 14 ",,,
SRF,GDPD1,stemcells,"SRF IP - Rep 5 , SRF IP - Rep 4 , SRF IP - Rep 6 , SRF IP - Rep 1 , SRF IP - Rep 2 , SRF IP - Rep 7 ",,,
CEBPB,GDPD1,colon,"CEBPB IP | 125DVD3, CEBPB IP, CEBPB IP - HCT116 cells",,,
125DVD3,GDPD1,colon,CEBPB IP | 125DVD3,,,
REST,GDPD1,stemcells,"REST IP - H1 cells, Rep 1",,,
REST,GDPD1,cns,"REST IP - U87 cells, REST IP - SK cells, REST IP - PFSK1 cells, Rep 2",,,
CEBPB,GDPD1,uterus,"CEBPB IP - ECC1 cells, CEBPB ChIP-Seq - HeLaS3",,,
MYC,GDPD1,uterus,MYC IP - HeLa cells,,,
CEBPB,GDPD1,leukocytes,"CEBPB IP | oxLDL  - Rep 205, CEBPB IP - HL-60 cells, Rep 1 , CEBPB IP - K562 cells, CEBPB ChIP-Seq - K562, CEBPB IP - Rep 204, CEBPB IP - HL-60 cells, Rep 2 , CEBPB IP | oxLDL  - Rep 208, CEBPB IP",,,
HEY1,GDPD1,leukocytes,HEY1 IP - K562 cells,,,
CEBPB,GDPD1,stemcells,"CEBPB IP, CEBPB IP, CEBPB IP, CEBPB IP, CEBPB IP, CEBPB IP, CEBPB IP, CEBPB IP, CEBPB IP, CEBPB IP",,,
CTCF,GDPD1,kidney,"CTCF IP - HRE cells, Rep 1 , CTCF IP - RPTEC cells, Rep 2 , CTCF IP - HRE cells, Rep 2 , CTCF IP - HEK293 cells, Rep 2 , CTCF IP - RPTEC cells, Rep 1 , CTCF IP - HEK293 cells, Rep 1 ",,,
BHLHE40,GDPD1,leukocytes,BHLHE40 IP - K562 cells,,,
CREB1,GDPD1,prostate,"FOXA1 siRNA | CREB1 ChIP-Seq - Rep 2, CREB1 siRNA | FOXA1 ChIP-Seq - Rep 2, CREB1 ChIP-Seq - Rep 1, CREB1 siRNA | FOXA1 ChIP-Seq - Rep 1, FOXA1 siRNA | CREB1 ChIP-Seq - Rep 1, CREB1 ChIP-Seq - LNCaP, CREB1 ChIP-Seq - LNCaP-abl, CREB1 ChIP-Seq - Rep 2",,,
FOXA1,GDPD1,prostate,"FOXA1 siRNA | CREB1 ChIP-Seq - Rep 2, CON KD + R1881 | FOXA1 ChIP-Seq, PIAS1 + R1881 | FOXA1 ChIP-Seq - Rep 2, DHT | FOXA1 ChIP-Seq, PIAS1 + R1881 | FOXA1 ChIP-Seq - Rep 1, FOXA1 ChIP-Seq, AR C562S OE + FOXA1 OE | FOXA1 ChIP-Seq, CREB1 siRNA | FOXA1 ChIP-Seq - Rep 2, DHT | FOXA1 ChIP-Seq, R1881 | FOXA1 ChIP-Seq - Rep 1, CON KD | FOXA1 ChIP-Seq, FOXA1 ChIP-Seq - Rep 1, CREB1 siRNA | FOXA1 ChIP-Seq - Rep 1, CON KD + R1881 | FOXA1 ChIP-Seq - Rep 1, FOXA1 siRNA | CREB1 ChIP-Seq - Rep 1, FOXA1 ChIP-Seq - Rep 2, CON KD | FOXA1 ChIP-Seq, FOXA1 ChIP-Seq, DHT | FOXA1 ChIP-Seq, AR Q640X OE + FOXA1 OE | FOXA1 ChIP-Seq, R1881 | FOXA1 ChIP-Seq - Rep 2, FOXA1 ChIP-Seq - LNCaP-abl, CON KD + R1881 | FOXA1 ChIP-Seq - Rep 2",,,
CTCF,GDPD1,skin,"CTCF IP - NHEK cells , CTCF IP - BJ cells, Rep 1 , CTCF IP - AG04449 cells, Rep 2 , CTCF IP - NHDF cells, Rep 2 , CTCF IP - AG10803 cells, Rep 1 , CTCF IP - GM12878 cells, Rep 2 , CTCF IP - AG09309 cells, Rep 1 , CTCF IP - AG10803 cells, Rep 2 , CTCF IP - AG04449 cells, Rep 1 , CTCF IP - HFFC cells, Rep 1 , CTCF IP - NHDF cells , CTCF IP - NHDF cells, Rep 1 , CTCF IP - HFFC cells, Rep 2 , CTCF IP - HFFC cells, Rep 3 , CTCF IP - NHEK cells, Rep 2 , CTCF IP - BJ cells, Rep 2 ",,,
FOS,GDPD1,mammarygland,"FOS IP - MCF10A cells, FOS IP | 4HT - MCF10A cells, 36 h, FOS IP | 4HT - MCF10A cells, 4 h, FOS IP | 4HT - MCF10A cells, 12 h",,,
CTCF,GDPD1,skeletalmuscle,"CTCF IP - HSMM cells, Rep 2 , CTCF IP - HSMM cells, Rep 1 ",,,
ATF3,GDPD1,colon,"ATF3 IP - HCT116 cells, ATF3 IP | CAMPTO",,,
JUN,GDPD1,mammarygland,"JUN IP - Rep 1, JUN IP - Rep 2, JUN IP | DEX",,,
REST,GDPD1,lung,REST IP - A549 cells,,,
STAT3,GDPD1,leukocytes,"STAT3 IP - OCI-LY10, STAT3 IP - SU-DHL-2, STAT3 IP - SU-DHL-6, STAT3 IP - SU-DHL-4",,,
R1881,GDPD1,prostate,"CON KD + R1881 | FOXA1 ChIP-Seq, PIAS1 + R1881 | FOXA1 ChIP-Seq - Rep 2, PIAS1 + R1881 | FOXA1 ChIP-Seq - Rep 1, R1881 | FOXA1 ChIP-Seq - Rep 1, CON KD + R1881 | FOXA1 ChIP-Seq - Rep 1, R1881 | FOXA1 ChIP-Seq - Rep 2, CON KD + R1881 | FOXA1 ChIP-Seq - Rep 2",,,
CTCF,GDPD1,lung,"CTCF IP | DEX - A549 cells , CTCF IP - A549 cells, Rep 1 , CTCF IP - A549 cells , CTCF IP - SAEC cells, Rep 2 , CTCF IP - NHLF cells , CTCF IP - SAEC cells, Rep 1 , CTCF IP | DEX - A549 cells, CTCF IP - AG04450 cells, Rep 2 , CTCF IP - HPF cells, Rep 1 , CTCF IP - A549 cells, CTCF IP - IMR cells, CTCF IP - NHLF cells , CTCF IP - A549 cells, Rep 2 , CTCF ChIP-Seq - A549, CTCF IP - HPF cells, Rep 2 , CTCF IP - AG04450 cells, Rep 1 ",,,
DEX,GDPD1,lung,"CTCF IP | DEX - A549 cells , CTCF IP | DEX - A549 cells, CREB1 IP | DEX - A549 cells",,,
STAT1,GDPD1,leukocytes,"STAT1 IP - Rep 6, STAT1 IP - Rep 1, STAT1 IP - Rep 5, STAT1 IP - Rep 2, STAT1 IP - Rep 4, STAT1 IP - Rep 3",,,
IFNG,GDPD1,leukocytes,"STAT1 IP - Rep 6, IRF1 IP | IFNG - K562 cells, 30 min, MYC IP | IFNG - K562 cells, 6 h, MYC IP | IFNG - K562 cells, 30 min, STAT1 IP - Rep 1, STAT1 IP - Rep 5, STAT1 IP - Rep 2, STAT1 IP - Rep 4, STAT1 IP - Rep 3",,,
PAX5,GDPD1,leukocytes,"PAX5 IP - GM12892 cells, PAX5 IP - GM12878 cells, Rep 1, PAX5 IP - GM12878 cells, Rep 2",,,
IRF4,GDPD1,leukocytes,IRF4 IP,,,
PIAS1,GDPD1,prostate,"PIAS1 + R1881 | FOXA1 ChIP-Seq - Rep 2, PIAS1 + R1881 | FOXA1 ChIP-Seq - Rep 1",,,
RELA,GDPD1,mammarygland,17BE2 | RELA ChIP-Seq - Rep 2,,,
17BE2,GDPD1,mammarygland,"17BE2 | RELA ChIP-Seq - Rep 2, 17BE2 | FOXA1 ChIP-Seq - Rep 2, 17BE2 | FOXA1 ChIP-Seq - Rep 2, 17BE2 | FOXA1 ChIP-Seq - Rep 1",,,
DHT,GDPD1,prostate,"DHT | FOXA1 ChIP-Seq, DHT | FOXP1 ChIP-Seq, DHT | FOXA1 ChIP-Seq, DHT | FOXA1 ChIP-Seq",,,
CTCF,GDPD1,colon,"CTCF IP - Rep 1 , CTCF IP - HCT116 cells, CTCF IP - Caco , CTCF IP - HCT116 cells, Rep 2 , CTCF IP - HCT116 cells, Rep 1 , CTCF IP - Caco-2 cells, Rep 1 ",,,
CTCF,GDPD1,megakaryocytelineage,"CTCF IP - CHRF-288-11 cells, Rep 1 , CTCF IP - MEG-01 cells, Rep 8 , CTCF IP - MEG-01 cells, Rep 6 , CTCF IP - MEG-01 cells, Rep 2 , CTCF IP - MEG-01 cells, Rep 4 , CTCF IP - MEG-01 cells, Rep 10 ",,,
ELF1,GDPD1,leukocytes,"ELF1 IP - SK-N-SH cells, ELF1 IP - SK-N-SH cells",,,
JUN,GDPD1,liver,JUN IP - HepG2 cells,,,
CTCF,GDPD1,placenta,"CTCF IP - HVMF cells, Rep 1 , CTCF IP - HVMF cells, Rep 2 ",,,
FOSL1,GDPD1,mammarygland,FOSL1 IP,,,
CTCF,GDPD1,esophagus,"CTCF IP - HEEpiC cells, Rep 1 ",,,
ETV5,GDPD1,colon,ETV5 IP ,,,
TEAD4,GDPD1,cns,TEAD4 IP - SK-N-SH cells,,,
JUN,GDPD1,leukocytes,"JUN IP - K562 cells, Rep 2, JUN IP - K562 cells, Rep 1",,,
SRF,GDPD1,leukocytes,SRF IP - SK-N-SH cells,,,
FOSL2,GDPD1,lung,FOSL2 IP - A549 cells,,,
MAX,GDPD1,leukocytes,"MAX IP - NB4 cells, MAX IP - K562 cells, Rep 2, MAX IP - K562 cells",,,
RUNX1,GDPD1,hspcs,RUNX1,,,
E2F6,GDPD1,leukocytes,"E2F6 IP - K562 cells, E2F6 IP - K562 cells",,,
CTCF,GDPD1,uterus,"CTCF IP - HeLa cells, Rep 1 , CTCF IP - HeLa cells ",,,
FOSL2,GDPD1,liver,FOSL2 IP - HepG2 cells,,,
CREB1,GDPD1,liver,"CREB1 IP, CREB1 IP, CREB1 IP - HepG2 cells",,,
ATF1,GDPD1,leukocytes,ATF1 IP - K562 cells,,,
CREB1,GDPD1,leukocytes,"CREB1 IP - K562 cells, CREB1 IP - GM12878 cells",,,
E2F6,GDPD1,stemcells,E2F6 IP - H1 cells,,,
YY1,GDPD1,stemcells,YY1 IP - H1 cells,,,
HOXA4,GDPD1,colon,HOXA4 IP ,,,
JUND,GDPD1,mammarygland,JUND IP - MCF7 cells,,,
MAX,GDPD1,cns,MAX IP - SK-N-SH cells,,,
CEBPB,GDPD1,liver,"CEBPB ChIP-Seq - HepG2, CEBPB IP - HepG2 cells, CEBPB IP | FORSK - HepG2 cells",,,
MYC,GDPD1,mammarygland,DHT | MYC ChIP-Seq,,,
DHT,GDPD1,mammarygland,"DHT | MYC ChIP-Seq, DHT | FOXA1 ChIP-Seq",,,
CTCF,GDPD1,liver,"CTCF IP - HepG2 cells, Rep 2 , CTCF IP - HepG2 cells, Rep 1 , CTCF IP - SK-N-SH cells, CTCF IP, CTCF IP - HepG2 cells ",,,
BACH1,GDPD1,colon,BACH1 IP ,,,
CTCF,GDPD1,stemcells,"CTCF IP - Rep 1 , CTCF IP - Rep 7 , CTCF IP - Rep 3 , CTCF IP - Rep 6 , CTCF IP - H1 cells , CTCF IP - H1 cells, CTCF IP - Rep 4 , CTCF IP - Rep 2 , CTCF IP - Rep 5 ",,,
CTCF,GDPD1,hspcs,"CTCF IP - HEL 92.1.7 cells, Rep 11 , CTCF IP - Erythroid cells, Rep 1, CTCF IP - HEL 92.1.7 cells, Rep 10 , CTCF IP - HSPCs, Rep 1, CTCF IP - HEL 92.1.7 cells, Rep 14 , CTCF IP - HEL 92.1.7 cells, Rep 5 , CTCF IP - Erythroid cells, Rep 2, CTCF IP - HEL 92.1.7 cells, Rep 8 , CTCF IP - HSPCs, Rep 2, CTCF IP - HEL 92.1.7 cells, Rep 2 , CTCF IP - HEL 92.1.7 cells, Rep 13 ",,,
UBTF,GDPD1,leukocytes,"UBTF IP - K562 cells, UBTF IP - K562 cells",,,
MYC,GDPD1,leukocytes,"MYC IP - NB4 cells, MYC IP | IFNG - K562 cells, 6 h, MYC IP | IFNG - K562 cells, 30 min, MYC IP - K562 cells, Rep 1",,,
FOXP1,GDPD1,prostate,DHT | FOXP1 ChIP-Seq,,,
CTCF,GDPD1,vasculature,"CTCF IP - AoAFC cells, Rep 1 , CTCF IP - HBMEC cells, Rep 1 , CTCF IP - HUVEC cells , CTCF IP - HUVEC cells, Rep 1 , CTCF IP - HBMEC cells, Rep 2 , CTCF IP - AoAFC cells, Rep 2 , CTCF IP - HPAF cells, Rep 2 , CTCF IP - HUVEC cells, Rep 2 , CTCF IP - HPAF cells, Rep 1 ",,,
ZBTB7A,GDPD1,uterus,ZBTB7A IP - ECC1 cells,,,
FOXA2,GDPD1,stemcells,"FOXA2 IP - ES D10, FOXA2 IP - ES D5",,,
IRF1,GDPD1,colon,IRF1 IP ,,,
CEBPB,GDPD1,mammarygland,CEBPB IP - MCF7 cells,,,
TCF12,GDPD1,cns,TCF12 IP - SK-N-SH cells,,,
TBP,GDPD1,leukocytes,TBP IP - K562 cells,,,
TP53,GDPD1,mammarygland,"TP53 IP | NUTL3 - MCF-7, TP53 IP",,,
MAZ,GDPD1,lung,MAZ IP - IMR cells,,,
TEAD4,GDPD1,lung,TEAD4 IP - A549 cells,,,
TCF12,GDPD1,uterus,TCF12 IP - ECC1 cells,,,
RELA,GDPD1,colon,RELA IP ,,,
4HT,GDPD1,mammarygland,"FOS IP | 4HT - MCF10A cells, 36 h, FOS IP | 4HT - MCF10A cells, 4 h, FOS IP | 4HT - MCF10A cells, 12 h, STAT3 IP | 4HT - MCF10 cells, 36 h",,,
AR,GDPD1,prostate,"AR C562S OE + FOXA1 OE | FOXA1 ChIP-Seq, AR Q640X OE + FOXA1 OE | FOXA1 ChIP-Seq",,,
NFKB1,GDPD1,leukocytes,NFKB1 IP - Rep 2,,,
MYB,GDPD1,leukocytes,"MYB IP - Jurkat, Rep 2, MYB IP - Jurkat, Rep 3, MYB IP - Jurkat, Rep 1, MYB IP - MOLT3, MYB IP - Jurkat, Rep 5, MYB IP - Jurkat, Rep 4",,,
SP1,GDPD1,lung,SP1 IP - A549 cells,,,
GABPA,GDPD1,leukocytes,"GABPA IP - Jurkat, Rep 2, GABPA IP - GM12878 cells",,,
TCF7L2,GDPD1,mammarygland,TCF7L2 ChIP-Seq,,,
CTCF,GDPD1,sensory,"CTCF IP - WERI , CTCF IP - WERI-Rb-1- cells, Rep 1 , CTCF IP - HRPEpiC cells, Rep 1 , CTCF IP - HRPEpiC cells, Rep 2 ",,,
YY1,GDPD1,colon,YY1 IP - HCT116 cells,,,
MYC,GDPD1,bone,MYC IP,,,
E2F3,GDPD1,colon,E2F3 IP ,,,
TEAD4,GDPD1,leukocytes,TEAD4 IP - K562 cells,,,
CEBPA,GDPD1,leukocytes,CEBPA IP,,,
FOXA1,GDPD1,pancreas,"FOXA1 IP, FOXA1 IP, FOXA1 IP | KLF5 KO",,,
ZEB1,GDPD1,liver,ZEB1 IP - HepG2 cells,,,
MAZ,GDPD1,leukocytes,MAZ IP - K562 cells,,,
SRF,GDPD1,colon,SRF IP - HCT116 cells,,,
ELF3,GDPD1,pancreas,"ELF3 IP, ELF3 IP, ELF3 IP | KLF5 KO",,,
TEAD4,GDPD1,stemcells,TEAD4 IP - H1 cells,,,
HMGN3,GDPD1,leukocytes,HMGN3 IP - K562 cells,,,
MAX,GDPD1,uterus,"MAX IP - ECC1 cells, MAX IP - HeLa cells, Rep 1",,,
TEAD4,GDPD1,mammarygland,"TEAD4 IP - Rep 2, TEAD4 IP - Rep 1",,,
ATF2,GDPD1,stemcells,ATF2 IP - H1 cells,,,
CTCF,GDPD1,adiposetissue,"CTCF ChIP-Seq - d 9, CTCF ChIP-Seq - d -2, CTCF ChIP-Seq - d 0",,,
ERG,GDPD1,leukocytes,ERG IP - Rep 1,,,
MXI1,GDPD1,liver,MXI1 IP - HepG2 cells,,,
FOXP2,GDPD1,cns,FOXP2 IP - PFSK-1 cells,,,
ZBTB7A,GDPD1,liver,ZBTB7A IP - HepG2 cells,,,
IRF1,GDPD1,leukocytes,"IRF1 IP | IFNG - K562 cells, 30 min, IRF1 IP | IFNA1-13 - K562 cells, 6 h",,,
POU2F2,GDPD1,leukocytes,POU2F2 IP - GM12878 cells,,,
MAX,GDPD1,liver,"MAX IP - MCF7 cells, MAX IP - HepG2 cells",,,
ZNF143,GDPD1,leukocytes,"ZNF143 IP - GM12878 cells, ZNF143 IP - K562 cells",,,
ATF3,GDPD1,leukocytes,ATF3 IP - K562 cells,,,
TEAD4,GDPD1,uterus,TEAD4 IP - ECC1 cells,,,
EBF1,GDPD1,leukocytes,EBF1 IP - GM12878 cells,,,
E2F1,GDPD1,prostate,HES6 OE | E2F1 ChIP-Seq - Rep 1,,,
HES6,GDPD1,prostate,HES6 OE | E2F1 ChIP-Seq - Rep 1,,,
YY1,GDPD1,liver,YY1 IP - HepG2 cells,,,
IRF1,GDPD1,pancreas,IRF1 IP,,,
ZNF143,GDPD1,stemcells,ZNF143 IP - H1 cells,,,
FOXM1,GDPD1,leukocytes,FOXM1 IP - GM12878 cells,,,
GABPA,GDPD1,liver,"GABPA IP - MCF7 cells, GABPA IP - HepG2 cells",,,
MXI1,GDPD1,cns,MXI1 IP - SK-N-SH cells ,,,
ELF1,GDPD1,mammarygland,ELF1 IP - MCF7 cells,,,
E2F1,GDPD1,mammarygland,"E2F1 IP - MCF7 cells, E2F1 IP",,,
MXI1,GDPD1,uterus,MXI1 IP - HeLa cells,,,
GLI2,GDPD1,colon,GLI2 IP ,,,
HEY1,GDPD1,liver,HEY1 IP - HepG2 cells,,,
SRF,GDPD1,mammarygland,SRF IP - MCF7 cells,,,
YY1,GDPD1,cns,YY1 IP | ATRA - SK-N-SH cells,,,
ATRA,GDPD1,cns,YY1 IP | ATRA - SK-N-SH cells,,,
ELF1,GDPD1,colon,ELF1 IP - HCT116 cells,,,
JUND,GDPD1,liver,"JUND IP - HepG2 cells, JUND IP - HepG2 cells",,,
TAL1,GDPD1,colon,TAL1 IP ,,,
TEAD4,GDPD1,liver,TEAD4 IP - HepG2 cells,,,
MXI1,GDPD1,leukocytes,MXI1 IP - GM12878 cells,,,
CEBPB,GDPD1,bone,"CEBPB IP, CEBPB IP",,,
MYBL2,GDPD1,liver,MYBL2 IP - HepG2 cells,,,
REST,GDPD1,mammarygland,REST IP - MCF7 cells,,,
EGR1,GDPD1,colon,EGR1 IP - HCT116 cells,,,
E2F6,GDPD1,lung,E2F6 IP - A549 cells,,,
MAZ,GDPD1,uterus,MAZ IP - HeLa cells,,,
GATA3,GDPD1,mammarygland,"GATA3 IP - T47D cells, GATA3 IP - MCF7 cells",,,
SPI1,GDPD1,leukocytes,SPI1 IP,,,
MAX,GDPD1,stemcells,MAX IP - H1 cells,,,
FORSK,GDPD1,liver,CEBPB IP | FORSK - HepG2 cells,,,
MAX,GDPD1,colon,MAX IP - HCT116 cells,,,
JUND,GDPD1,cns,JUND IP - SK-N-SH cells ,,,
ZNF263,GDPD1,kidney,ZNF263 IP - HEK293 cells,,,
RUNX1,GDPD1,leukocytes,RUNX1 IP,,,
JUN,GDPD1,colon,JUN IP ,,,
TEAD4,GDPD1,colon,TEAD4 IP - HCT116 cells,,,
FOSL1,GDPD1,colon,FOSL1 IP - HCT116 cells,,,
RELA,GDPD1,leukocytes,"RELA IP | BAY082  - IVD Th1 cells, PIA, RELA IP - IVD Th1 cells, PIA",,,
BAY082,GDPD1,leukocytes,"RELA IP | BAY082  - IVD Th1 cells, PIA",,,
TEAD1,GDPD1,cns,"TEAD1 IP - Rep 1, TEAD1 IP - Rep 2",,,
FOXA2,GDPD1,embryonictissue,FOXA2 IP - Rep 2,,,
ETS1,GDPD1,leukocytes,ETS1 IP,,,
CEBPB,GDPD1,lung,"CEBPB IP - A549 cells, CEBPB ChIP-Seq - A549, CEBPB ChIP-Seq - IMR90",,,
CREB1,GDPD1,lung,CREB1 IP | DEX - A549 cells,,,
JUND,GDPD1,leukocytes,JUND IP - K562 cells,,,
SP1,GDPD1,colon,SP1 IP - HCT116 cells,,,
USF1,GDPD1,colon,USF1 IP - HCT116 cells,,,
KLF5,GDPD1,pancreas,"FOXA1 IP | KLF5 KO, ELF3 IP | KLF5 KO",,,
ATF2,GDPD1,colon,ATF2 IP ,,,
CTCF,GDPD1,bone,CTCF IP - Osteoblasts ,,,
FOSL2,GDPD1,mammarygland,FOSL2 IP - MCF7 cells,,,
JUND,GDPD1,stemcells,JUND IP - H1 cells,,,
MAX,GDPD1,lung,MAX IP - A549 cells,,,
SOX9,GDPD1,colon,SOX9 IP ,,,
TBP,GDPD1,stemcells,TBP IP - H1 cells,,,
ATF2,GDPD1,leukocytes,ATF2 IP - GM12878 cells,,,
CTCF,GDPD1,miscellaneous,"CTCF IP - AG09319 cells, Rep 2 , CTCF IP - AG09319 cells, Rep 1 ",,,
TCF7L2,GDPD1,pancreas,TCF7L2 IP,,,
ASCL1,GDPD1,skin,ASCL1 IP - NHDF,,,
FOSL2,GDPD1,cns,FOSL2 IP - SK-N-SH cells,,,
HOXA6,GDPD1,colon,HOXA6 IP ,,,
IFNA1,GDPD1,leukocytes,"IRF1 IP | IFNA1-13 - K562 cells, 6 h",,,
TCF7L2,GDPD1,uterus,TCF7L2 IP - HeLa cells,,,
ZNF384,GDPD1,leukocytes,ZNF384 IP - K562 cells,,,
STAT3,GDPD1,mammarygland,"STAT3 IP | 4HT - MCF10 cells, 36 h",,,
JUND,GDPD1,colon,JUND IP - HCT116 cells,,,
GATA4,GDPD1,stomach,GATA4 IP - AGS,,,
ZBTB7A,GDPD1,leukocytes,ZBTB7A IP - SK-N-SH cells,,,
TBP,GDPD1,liver,TBP IP - HepG2 cells,,,
EGR1,GDPD1,leukocytes,EGR1 IP - K562 cells,,,
SMAD1,GDPD1,hspcs,SMAD1 IP - Rep 3,,,
ELF1,GDPD1,liver,ELF1 IP - HepG2 cells,,,
MTA3,GDPD1,leukocytes,MTA3 IP - GM12878 cells,,,
CREB1,GDPD1,stemcells,CREB1 IP - H1 cells,,,
CTCF,GDPD1,pancreas,CTCF IP,,,
GATA2,GDPD1,hspcs,GATA2 IP,,,
CTCF,GDPD3,hspcs,"CTCF IP - HEL 92.1.7 cells, Rep 8 , CTCF IP - HEL 92.1.7 cells, Rep 1 , CTCF IP - HEL 92.1.7 cells, Rep 5 , CTCF IP - HEL 92.1.7 cells, Rep 7 , CTCF IP - Erythroid cells, Rep 2, CTCF IP - HEL 92.1.7 cells, Rep 13 , CTCF IP - HEL 92.1.7 cells, Rep 2 , CTCF IP - HSPCs, Rep 2, CTCF IP - HEL 92.1.7 cells, Rep 10 , CTCF IP - Erythroid cells, Rep 1, CTCF IP - HSPCs, Rep 1, CTCF IP - HEL 92.1.7 cells, Rep 11 , CTCF IP - HEL 92.1.7 cells, Rep 14 ",,,
CTCF,GDPD3,leukocytes,"CTCF IP - K562 cells, Rep 9 , CTCF IP - GM12865 cells, Rep 1 , CTCF IP - GM2610 cells, Rep 1 , CTCF IP - KU812 cells, Rep 1 , CTCF IP - GM12868 cells , CTCF IP - GM2588 cells, Rep 3 , CTCF IP - F36P cells, Rep 11 , CTCF IP - GM18526 cells, Rep 2 , CTCF IP - GM12873 cells, Rep 1 , CTCF IP - GM12874 cells, Rep 2 , CTCF IP - GM11881 cells, CTCF IP - GM12864 cells, Rep 3 , CTCF IP - HL-60 cells, Rep 2 , CTCF IP - F36P cells, Rep 3 , CTCF IP - GM18505 cells, Rep 2 , CTCF IP - HL-60 cells, Rep 7 , CTCF IP - GM12890 cells, Rep 3 , CTCF IP - KU812 cells, Rep 9 , CTCF IP - F36P cells, Rep 1 , CTCF IP - MS1 cells, Rep 1 , CTCF IP - GM18951 cells, Rep 1 , CTCF IP - GM12875 cells, Rep 2 , CTCF IP - GM18486 cells, Rep 2 , CTCF IP - GM12892 cells, Rep 1 , CTCF IP - K562 cells, Rep 5 , CTCF IP - GM12814 cells, Rep 1, CTCF IP - GM19240 cells, Rep 1 , CTCF IP - K562 cells, CTCF IP - GM12866 cells , CTCF IP - MS1 cells, Rep 2 , CTCF IP - GM12878 cells , CTCF IP - GM2630 cells, Rep 3 , CTCF IP - K562 cells, Rep 14 , CTCF IP - GM2610 cells, Rep 3 , CTCF IP - GM06986 cells, CTCF IP - GM18505 cells, Rep 1 , CTCF IP - GM19239 cells, Rep 2 , CTCF IP - GM11894 cells, Rep 2, CTCF IP - GM12891 cells, Rep 2 , CTCF IP - F36P cells, Rep 7 , CTCF IP - K562 cells, Rep 16 , CTCF IP - GM12872 cells, Rep 2 , CTCF IP - GM2630 cells, Rep 1 , CTCF IP - GM12005 cells, Rep 2, CTCF IP - GM12870 cells , CTCF IP - GM12890 cells, Rep 1 , CTCF IP - KU812 cells, Rep 5 , CTCF IP - GM12867 cells , CTCF IP - GM12814 cells, Rep 2, CTCF IP - GM2255 cells, Rep 2 , CTCF IP - GM18486 cells, Rep 3 , CTCF IP - GM12873 cells, Rep 1 , CTCF IP - GM12872 cells, Rep 3 , CTCF IP - F36P cells, Rep 19 , CTCF IP - GM12828 cells, CTCF IP - GM2630 cells, Rep 2 , CTCF IP - MS1 cells, Rep 3 , CTCF IP - K562 cells, CTCF IP - HL , CTCF IP - GM12864 cells, Rep 2 , CTCF IP - GM12234 cells, CTCF IP - GM12891 cells, Rep 1 , CTCF IP - MS1 cells, Rep 4 , CTCF IP - GM12287 cells, Rep 1, CTCF IP - F36P cells, Rep 14 , CTCF IP - GM18951 cells, Rep 2 , CTCF IP - GM11811 cells, Rep 1, CTCF ChIP-Seq - GM12878, CTCF IP - GM18486 cells, Rep 1 , CTCF IP - K562 cells, Rep 15 , CTCF IP - GM12749 cells, Rep 2, CTCF IP -  CD20+ cells , CTCF IP - HeLa cells, Rep 2 , CTCF IP - GM2588 cells, Rep 2 , CTCF IP - NB4 cells , CTCF IP - GM12489 cells, Rep 1, CTCF IP - F36P cells, Rep 13 , CTCF IP - GM12878 cells, Rep 1 , CTCF IP - HL-60 cells, Rep 5 , CTCF IP - GM12871 cells , CTCF IP - GM2255 cells, Rep 3 , CTCF IP - GM12749 cells, Rep 1, CTCF IP - GM10847 cells, Rep 1 , CTCF IP - K562 cells , CTCF IP - GM12489 cells, Rep 2, CTCF IP -  DND , CTCF IP - F36P cells, Rep 2 , CTCF IP - GM12872 cells, Rep 1 , CTCF IP - K562 cells, Rep 12 , CTCF IP - GM19238 cells, Rep 2 , CTCF IP - GM12878 cells, Rep 2 , CTCF IP - GM19193 cells, Rep 1 , CTCF IP - GM12892 cells, Rep 2 , CTCF IP - GM19193 cells, Rep 2 , CTCF IP - K562 cells, Rep 10 , CTCF IP - GM12154 cells, Rep 2, CTCF IP - CD14+ cells , CTCF IP - K562 cells, Rep 3 , CTCF IP - GM07346 cells, CTCF IP - K562 cells, CTCF IP - GM2588 cells, Rep 1 , CTCF IP - UT-7 cells, Rep 5 , CTCF IP - GM18526 cells, Rep 1 , CTCF IP - K562 cells, Rep 13 , CTCF IP - GM11831 cells, CTCF IP - GM06990 cells, Rep 2 , CTCF IP - UT-7 cells, Rep 6 , CTCF IP - F36P cells, Rep 10 , CTCF IP - K562 cells, Rep 2 , CTCF IP - GM12874 cells, Rep 1 , CTCF IP, CTCF IP - GM11994 cells, Rep 2, CTCF IP - K562 cells, Rep 11 , CTCF IP - GM19239 cells, Rep 1 , CTCF IP - UT-7 cells, Rep 3 , CTCF IP - GM12865 cells, Rep 3 , CTCF IP - KU812 cells, Rep 17 , CTCF IP - GM10847 cells, Rep 2 , CTCF IP - GM12874 cells, CTCF IP - KU812 cells, Rep 13 , CTCF IP - F36P cells, Rep 6 , CTCF IP - GM19099 cells, Rep 2 , CTCF IP - F36P cells, Rep 5 , CTCF IP - GM19099 cells, Rep 1 , CTCF IP - GM11992 cells, Rep 1, CTCF IP - GM06990 cells, Rep 1 , CTCF IP - GM12815 cells, Rep 1, CTCF IP - F36P cells, Rep 15 , CTCF IP - GM12890 cells, Rep 2 , CTCF IP - GM12865 cells, Rep 2 , CTCF IP - GM2255 cells, Rep 1 , CTCF IP - K562 cells, Rep 1 , CTCF IP - GM12872 cells, CTCF IP - GM12878 cells, Rep 1 , CTCF IP - K562 cells, Rep 1 , CTCF IP - GM11994 cells, Rep 1, CTCF IP - GM19240 cells, Rep 2 , CTCF IP - GM12878 cells, Rep 2 , CTCF IP - GM11992 cells, Rep 2, CTCF IP - GM12875 cells, Rep 1 , CTCF IP - GM12864 cells, Rep 1 , CTCF IP - GM12154 cells, Rep 1, CTCF IP - F36P cells, Rep 9 , CTCF IP - GM12873 cells, Rep 3 , CTCF IP - GM12869 cells , CTCF IP - GM11811 cells, Rep 2, CTCF IP - UT-7 cells, Rep 4 , CTCF IP - GM19238 cells, Rep 1 , CTCF IP - GM2610 cells, Rep 2 , CTCF IP - GM12801 cells ",,,
CTCF,GDPD3,skin,"CTCF IP - HFFC cells, Rep 3 , CTCF IP - NHDF cells, Rep 1 , CTCF IP - HFFC cells, Rep 2 , CTCF IP - AG09309 cells, Rep 2 , CTCF IP - NHDF cells , CTCF IP - HFFC cells, Rep 1 , CTCF IP - AG04449 cells, Rep 1 , CTCF IP - AG10803 cells, Rep 2 , CTCF IP - AG04449 cells, Rep 2 , CTCF IP - BJ cells, Rep 1 , CTCF IP - NHEK cells , CTCF IP - NHEK cells, Rep 2 , CTCF IP - BJ cells, Rep 2 , CTCF IP - NHDF cells, Rep 2 , CTCF IP - AG10803 cells, Rep 1 , CTCF IP - GM12878 cells, Rep 2 , CTCF IP - AG09309 cells, Rep 1 ",,,
E2F1,GDPD3,mammarygland,"E2F1 IP, E2F1 IP - MCF7 cells",,,
USF1,GDPD3,stemcells,USF1 IP - H1 cells,,,
E2F4,GDPD3,uterus,E2F4 IP - HeLa cells,,,
POU2F2,GDPD3,leukocytes,POU2F2 IP - GM12878 cells,,,
CTCF,GDPD3,lung,"CTCF IP - WI-38 cells, Rep 1 , CTCF IP - A549 cells, Rep 1 , CTCF IP | DEX - A549 cells, CTCF IP - HPF cells, Rep 1 , CTCF IP - IMR cells, CTCF IP - AG04450 cells, Rep 2 , CTCF IP - AG04450 cells, Rep 1 , CTCF IP - HPF cells, Rep 2 , CTCF ChIP-Seq - A549, CTCF IP - A549 cells, Rep 2 , CTCF IP - NHLF cells , CTCF IP - A549 cells, CTCF IP - NHLF cells , CTCF IP - SAEC cells, Rep 1 , CTCF IP - WI-38 cells, Rep 2 , CTCF IP | DEX - A549 cells , CTCF IP - SAEC cells, Rep 2 , CTCF IP - A549 cells ",,,
E2F1,GDPD3,prostate,"HES6 OE | E2F1 ChIP-Seq - Rep 1, HES6 OE + BICALU | E2F1 ChIP-Seq - Rep 1, E2F1 ChIP-Seq - Rep 4, BICALU + HES6 OE | E2F1 ChIP-Seq - Rep 2, E2F1 ChIP-Seq - Rep 1, HES6 OE + BICALU | E2F1 ChIP-Seq - Rep 3, BICALU | E2F1 ChIP-Seq - Rep 1, BICALU + HES6OE | E2F1 ChIP-Seq - Rep 4, BICALU | E2F1 ChIP-Seq - Rep 3, HES6 OE | E2F1 ChIP-Seq - Rep 3, E2F1 ChIP-Seq - Rep 2, E2F1 ChIP-Seq - Rep 3",,,
HES6,GDPD3,prostate,"HES6 OE | E2F1 ChIP-Seq - Rep 1, HES6 OE + BICALU | E2F1 ChIP-Seq - Rep 1, BICALU + HES6 OE | E2F1 ChIP-Seq - Rep 2, HES6 OE + BICALU | E2F1 ChIP-Seq - Rep 3, BICALU + HES6OE | E2F1 ChIP-Seq - Rep 4, HES6 OE | E2F1 ChIP-Seq - Rep 3",,,
JUND,GDPD3,leukocytes,JUND IP - K562 cells,,,
USF1,GDPD3,cns,"USF1 IP | ATRA - SK-N-SH cells, USF1 IP - SK-N-SH cells",,,
ATRA,GDPD3,cns,"USF1 IP | ATRA - SK-N-SH cells, YY1 IP | ATRA - SK-N-SH cells",,,
SRF,GDPD3,mammarygland,SRF IP - MCF7 cells,,,
YY1,GDPD3,leukocytes,"YY1 IP - K562 cells, Rep 2, YY1 IP - K562 cells, YY1 IP - GM12892 cells, Rep 1, YY1 IP - GM12878 cells, YY1 IP - GM12891 cells, YY1 IP - K562 cells, Rep 1",,,
USF1,GDPD3,leukocytes,"USF1 IP - GM12878 cells, USF1 IP - K562 cells",,,
SATB1,GDPD3,liver,SATB1 IP,,,
BHLHE40,GDPD3,liver,"BHLHE40 IP - SK-N-SH cells, BHLHE40 IP - HepG2 cells",,,
FOXA2,GDPD3,embryonictissue,FOXA2 IP - Rep 2,,,
ELF1,GDPD3,leukocytes,"ELF1 IP - SK-N-SH cells, ELF1 IP - SK-N-SH cells",,,
BICALU,GDPD3,prostate,"HES6 OE + BICALU | E2F1 ChIP-Seq - Rep 1, BICALU + HES6 OE | E2F1 ChIP-Seq - Rep 2, HES6 OE + BICALU | E2F1 ChIP-Seq - Rep 3, BICALU | E2F1 ChIP-Seq - Rep 1, BICALU + HES6OE | E2F1 ChIP-Seq - Rep 4, BICALU | E2F1 ChIP-Seq - Rep 3",,,
MAX,GDPD3,liver,"MAX IP - HepG2 cells, MAX IP - MCF7 cells, MAX IP - HepG2 cells",,,
JUND,GDPD3,vasculature,JUND IP,,,
FOXA1,GDPD3,mammarygland,"FOXA1 ChIP-Seq - Rep 1, DEX | FOXA1 ChIP-Seq - Rep 1, DEX | FOXA1 ChIP-Seq - Rep 2, FOXA1 ChIP-Seq - Rep 2, 17BE2 | FOXA1 ChIP-Seq - Rep 2, FOXA1 ChIP-Seq - Rep 2, 17BE2 | FOXA1 ChIP-Seq - Rep 1, DHT | FOXA1 ChIP-Seq, DEX | FOXA1 ChIP-Seq - Rep 1, DEX | FOXA1 ChIP-Seq - Rep 2, 17BE2 | FOXA1 ChIP-Seq - Rep 2, DEX | FOXA1 ChIP-Seq - Rep 2, FOXA1 ChIP-Seq - Rep 1, 17BE2 | FOXA1 ChIP-Seq - Rep 1",,,
CTCF,GDPD3,adiposetissue,"CTCF ChIP-Seq - d -2, CTCF ChIP-Seq - d 9, CTCF ChIP-Seq - d 0",,,
BHLHE40,GDPD3,leukocytes,"BHLHE40 IP - K562 cells, BHLHE40 IP - GM12878 cells",,,
DEX,GDPD3,mammarygland,"DEX | FOXA1 ChIP-Seq - Rep 1, DEX | FOXA1 ChIP-Seq - Rep 2, DEX | FOXA1 ChIP-Seq - Rep 1, DEX | FOXA1 ChIP-Seq - Rep 2, DEX | FOXA1 ChIP-Seq - Rep 2",,,
ELF1,GDPD3,liver,ELF1 IP - HepG2 cells,,,
CTCF,GDPD3,mammarygland,"CTCF IP - HMF cells, Rep 1 , CTCF IP - HMEC cells, Rep 1 , CTCF IP - HMF cells, Rep 2 , CTCF IP - MCF-7 cells Rep 2 , CTCF IP - T47D cells, CTCF IP - MCF-7 cells, Rep 1 , CTCF IP - HMEC cells, Rep 2 , CTCF IP - MCF7 cells, CTCF IP - HMEC cells ",,,
CEBPB,GDPD3,colon,"CEBPB IP | 125DVD3, CEBPB IP",,,
125DVD3,GDPD3,colon,"CEBPB IP | 125DVD3, CDX2 IP | 125DVD3",,,
CTCF,GDPD3,vasculature,"CTCF IP - HUVEC cells, Rep 1 , CTCF IP - HBMEC cells, Rep 1 , CTCF IP - HUVEC cells , CTCF IP - HBMEC cells, Rep 2 , CTCF IP - HUVEC cells, Rep 2 , CTCF IP - HPAF cells, Rep 1 , CTCF IP - AoAFC cells, Rep 1 , CTCF IP - AoAFC cells, Rep 2 , CTCF IP - HPAF cells, Rep 2 ",,,
REST,GDPD3,cns,"REST IP - PFSK1 cells, Rep 2, REST IP - SK cells, REST IP - U87 cells",,,
CTCF,GDPD3,cns,"CTCF IP - spinal cord astrocyte cells, Rep 1 , CTCF IP - SK-N-SH cells, Rep 1 , CTCF IP - NHA cells , CTCF IP - spinal cord astrocyte cells, Rep 2 , CTCF IP - SK-N-SH cells , CTCF IP - BE(2)-C cells, Rep 1 , CTCF IP - SK cells, CTCF IP - cerebellar astrocyte cells, Rep 2 , CTCF IP - HCPEpiC cells, Rep 1 , CTCF IP - BE(2)-C cells, Rep 2 , CTCF IP - SK-N-SH cells, Rep 2 , CTCF IP - HCPEpiC cells, Rep 2 ",,,
ZBTB7A,GDPD3,liver,ZBTB7A IP - HepG2 cells,,,
TEAD4,GDPD3,colon,TEAD4 IP - HCT116 cells,,,
MAZ,GDPD3,leukocytes,"MAZ IP - K562 cells, MAZ IP - GM12878 cells",,,
MYB,GDPD3,leukocytes,"MYB IP - Jurkat, Rep 5, MYB IP - Jurkat, Rep 4, MYB IP - Jurkat, Rep 1, MYB IP - Jurkat, Rep 2, MYB IP - Jurkat, Rep 3",,,
JUND,GDPD3,liver,"JUND IP - HepG2 cells, JUND IP - HepG2 cells",,,
CTCF,GDPD3,sensory,"CTCF IP - HRPEpiC cells, Rep 2 , CTCF IP - WERI , CTCF IP - WERI-Rb-1- cells, Rep 1 , CTCF IP - HRPEpiC cells, Rep 1 ",,,
EGR1,GDPD3,colon,EGR1 IP - HCT116 cells,,,
MAZ,GDPD3,lung,MAZ IP - IMR cells,,,
SRF,GDPD3,stemcells,"SRF IP - Rep 1 , SRF IP - Rep 7 , SRF IP - Rep 6 , SRF IP - Rep 5 , SRF IP - Rep 4 ",,,
YY1,GDPD3,colon,YY1 IP - HCT116 cells,,,
CREB1,GDPD3,prostate,"CREB1 ChIP-Seq - LNCaP-abl, FOXA1 siRNA | CREB1 ChIP-Seq - Rep 2, CREB1 ChIP-Seq - Rep 1, CREB1 ChIP-Seq - LNCaP",,,
CREB1,GDPD3,lung,CREB1 IP | DEX - A549 cells,,,
DEX,GDPD3,lung,"CREB1 IP | DEX - A549 cells, CTCF IP | DEX - A549 cells, USF1 IP | DEX - A549 cells, CTCF IP | DEX - A549 cells ",,,
CTCF,GDPD3,stemcells,"CTCF IP - Rep 2 , CTCF IP - H1 cells , CTCF IP - Rep 6 , CTCF IP - Rep 5 , CTCF IP - Rep 4 , CTCF IP - H1 cells, CTCF IP - Rep 3 , CTCF IP - Rep 1 , CTCF IP - Rep 7 ",,,
TCF12,GDPD3,leukocytes,TCF12 IP - GM12878 cells,,,
CEBPB,GDPD3,mammarygland,CEBPB IP - MCF7 cells,,,
CTCF,GDPD3,kidney,"CTCF IP - HEK293 cells, Rep 2 , CTCF IP - HRE cells, Rep 2 , CTCF IP - HEK293 cells, Rep 1 , CTCF IP - RPTEC cells, Rep 1 , CTCF IP - RPTEC cells, Rep 2 , CTCF IP - HRE cells, Rep 1 ",,,
PBX3,GDPD3,cns,PBX3 IP - SK-N-SH cells,,,
ZBTB17,GDPD3,bone,"ZBTB17 IP, ZBTB17 IP",,,
SPI1,GDPD3,leukocytes,"SPI1 IP, SPI1 IP, SPI1 IP, SPI1 IP - K562 cells, SPI1 IP, SPI1 IP, SPI1 IP - GM12891 cells, SPI1 IP - HL cells, SPI1 IP, SPI1 IP",,,
FOXA1,GDPD3,prostate,FOXA1 siRNA | CREB1 ChIP-Seq - Rep 2,,,
TEAD4,GDPD3,liver,"TEAD4 IP - MCF7 cells, TEAD4 IP - HepG2 cells",,,
CREB1,GDPD3,liver,"CREB1 IP - HepG2 cells, CREB1 IP, CREB1 IP",,,
REST,GDPD3,mammarygland,REST IP - MCF7 cells,,,
MAX,GDPD3,vasculature,MAX IP - HUVEC cells,,,
SP1,GDPD3,colon,SP1 IP - HCT116 cells,,,
FOSL2,GDPD3,mammarygland,FOSL2 IP - MCF7 cells,,,
USF1,GDPD3,lung,"USF1 IP - A549 cells, Rep 1, USF1 IP | DEX - A549 cells, USF1 IP - A549 cells, Rep 2",,,
MYBL2,GDPD3,liver,MYBL2 IP - HepG2 cells,,,
MXI1,GDPD3,liver,MXI1 IP - HepG2 cells,,,
MAX,GDPD3,leukocytes,"MAX IP - GM12878 cells, MAX IP - K562 cells, MAX IP - NB4 cells, MAX IP - K562 cells, Rep 2",,,
ARID3A,GDPD3,liver,ARID3A IP - HepG2 cells,,,
RELA,GDPD3,leukocytes,"RELA IP | TNF - GM18505 cells, RELA IP | BAY082  - IVD Th1 cells, PIA, RELA IP | TNF - GM12891 cells",,,
TNF,GDPD3,leukocytes,"RELA IP | TNF - GM18505 cells, RELA IP | TNF - GM12891 cells",,,
GABPA,GDPD3,stemcells,GABPA IP - H1 cells,,,
MYC,GDPD3,leukocytes,"MYC IP | IFNG - K562 cells, 30 min, MYC IP - NB4 cells, MYC IP - K562 cells, Rep 1",,,
IFNG,GDPD3,leukocytes,"MYC IP | IFNG - K562 cells, 30 min, IRF1 IP | IFNG - K562 cells, 6 h, STAT1 IP - Rep 5, STAT1 IP - Rep 3",,,
GATA4,GDPD3,stomach,GATA4 IP - AGS,,,
CTCF,GDPD3,megakaryocytelineage,"CTCF IP - MEG-01 cells, Rep 6 , CTCF IP - MEG-01 cells, Rep 2 , CTCF IP - MEG-01 cells, Rep 10 , CTCF IP - MEG-01 cells, Rep 4 , CTCF IP - MEG-01 cells, Rep 8 ",,,
ELF1,GDPD3,colon,ELF1 IP - HCT116 cells,,,
BAY082,GDPD3,leukocytes,"RELA IP | BAY082  - IVD Th1 cells, PIA",,,
STAT3,GDPD3,leukocytes,"STAT3 IP - SU-DHL-6, STAT3 IP - OCI-LY7, STAT3 IP - U-2932, STAT3 IP - OCI-LY19, STAT3 IP - SU-DHL-10",,,
E2F1,GDPD3,uterus,"E2F1 IP - HeLa cells, Rep 2, E2F1 IP - HeLa cells, Rep 1",,,
CTCF,GDPD3,uterus,"CTCF IP - HeLa cells , CTCF IP - HeLa cells, Rep 1 ",,,
TCF7L2,GDPD3,uterus,TCF7L2 IP - HeLa cells,,,
CTCF,GDPD3,bone,"CTCF IP - Osteoblasts , CTCF IP",,,
REST,GDPD3,liver,"REST IP - HepG2 cells, Rep 1, REST IP - HepG2 cells, Rep 2",,,
MXI1,GDPD3,leukocytes,MXI1 IP - GM12878 cells,,,
MAZ,GDPD3,uterus,MAZ IP - HeLa cells,,,
17BE2,GDPD3,mammarygland,"17BE2 | FOXA1 ChIP-Seq - Rep 2, 17BE2 | FOXA1 ChIP-Seq - Rep 1, 17BE2 | FOXA1 ChIP-Seq - Rep 2, 17BE2 | FOXA1 ChIP-Seq - Rep 1",,,
RUNX1,GDPD3,hspcs,RUNX1,,,
CREB1,GDPD3,leukocytes,CREB1 IP - GM12878 cells,,,
IRF4,GDPD3,leukocytes,"IRF4 IP - GM12878 cells, IRF4 IP",,,
MAX,GDPD3,uterus,"MAX IP - HeLa cells, Rep 2, MAX IP - HeLa cells, Rep 1, MAX IP - ECC1 cells",,,
CTCF,GDPD3,liver,"CTCF IP - HepG2 cells , CTCF IP - HepG2 cells, Rep 2 , CTCF IP - HepG2 cells, Rep 1 , CTCF IP - SK-N-SH cells, CTCF IP",,,
EGR1,GDPD3,liver,EGR1 IP - MCF7 cells,,,
HMGN3,GDPD3,leukocytes,HMGN3 IP - K562 cells,,,
E2F6,GDPD3,leukocytes,"E2F6 IP - K562 cells, E2F6 IP - K562 cells",,,
KLF11,GDPD3,adiposetissue,"ROSI (BrAT) | KLF11 ChIP-Seq, Rep 2, KLF11 ChIP-Seq, Rep 2",,,
ROSI,GDPD3,adiposetissue,"ROSI (BrAT) | KLF11 ChIP-Seq, Rep 2",,,
CTCF,GDPD3,colon,"CTCF IP - HCT116 cells, Rep 1 , CTCF IP - HCT116 cells, Rep 2 , CTCF IP - Caco-2 cells, Rep 1 , CTCF IP - Rep 1 , CTCF IP - Rep 2 , CTCF IP - HCT116 cells, CTCF IP - Caco ",,,
GLI2,GDPD3,colon,GLI2 IP ,,,
USF2,GDPD3,leukocytes,USF2 IP - GM12878 cells,,,
GTF2B,GDPD3,uterus,"GTF2B IP - Rep 3, GTF2B IP - Rep 2",,,
CDX2,GDPD3,colon,"CDX2 IP, CDX2 IP | 125DVD3",,,
USF2,GDPD3,liver,USF2 IP - HepG2 cells,,,
ZNF263,GDPD3,kidney,ZNF263 IP - HEK293 cells,,,
GATA3,GDPD3,mammarygland,"GATA3 IP - MCF-7 cells, GATA3 IP - MCF7 cells, GATA3 IP - T47D cells",,,
GATA3,GDPD3,leukocytes,GATA3 IP,,,
YY1,GDPD3,cns,YY1 IP | ATRA - SK-N-SH cells,,,
USF1,GDPD3,uterus,USF1 IP - ECC1 cells,,,
ATF3,GDPD3,stemcells,ATF3 IP - H1 cells,,,
REST,GDPD3,leukocytes,REST IP - K562 cells,,,
CTCF,GDPD3,placenta,"CTCF IP - HVMF cells, Rep 2 , CTCF IP - HVMF cells, Rep 1 ",,,
USF1,GDPD3,colon,USF1 IP - HCT116 cells,,,
EGR1,GDPD3,leukocytes,EGR1 IP - K562 cells,,,
ZNF143,GDPD3,leukocytes,"ZNF143 IP - GM12878 cells, ZNF143 IP - K562 cells",,,
CTCF,GDPD3,pancreas,CTCF IP,,,
GABPA,GDPD3,liver,"GABPA IP - MCF7 cells, GABPA IP - HepG2 cells",,,
YY1,GDPD3,uterus,YY1 IP - ECC1 cells,,,
MAFK,GDPD3,leukocytes,MAFK IP - K562 cells,,,
HEY1,GDPD3,liver,HEY1 IP - HepG2 cells,,,
MAX,GDPD3,colon,MAX IP - HCT116 cells,,,
CTCF,GDPD3,miscellaneous,"CTCF IP - AG09319 cells, Rep 1 , CTCF IP - AG09319 cells, Rep 2 ",,,
PBX3,GDPD3,leukocytes,PBX3 IP - GM12878 cells,,,
MAX,GDPD3,cns,MAX IP - SK-N-SH cells,,,
ELF1,GDPD3,mammarygland,ELF1 IP - MCF7 cells,,,
CEBPB,GDPD3,uterus,"CEBPB ChIP-Seq - HeLaS3, CEBPB IP - ECC1 cells",,,
TP53,GDPD3,mammarygland,TP53 IP | NUTL3 - MCF-7,,,
SMAD1,GDPD3,hspcs,SMAD1 IP - Rep 3,,,
MAZ,GDPD3,liver,MAZ IP - HepG2 cells,,,
ZNF384,GDPD3,leukocytes,ZNF384 IP - K562 cells,,,
FOXM1,GDPD3,mammarygland,FOXM1 IP - MCF7 cells,,,
MAX,GDPD3,lung,MAX IP - A549 cells,,,
CTCF,GDPD3,skeletalmuscle,"CTCF IP - HSMM cells, Rep 1 , CTCF IP - HSMM cells, Rep 2 ",,,
EGR1,GDPD3,uterus,EGR1 IP - ECC1 cells,,,
SRF,GDPD3,leukocytes,SRF IP - SK-N-SH cells,,,
ZNF143,GDPD3,stemcells,ZNF143 IP - H1 cells,,,
ETS1,GDPD3,leukocytes,ETS1 IP,,,
YY1,GDPD3,lung,YY1 IP - A549 cells,,,
CTCF,GDPD3,heart,"CTCF IP - myocytes cells, Rep 1 , CTCF IP - HCF cells , CTCF IP - myocytes cells, Rep 2 ",,,
DHT,GDPD3,mammarygland,"DHT | FOXA1 ChIP-Seq, DHT | MYC ChIP-Seq",,,
MAFK,GDPD3,colon,MAFK IP ,,,
MTA3,GDPD3,leukocytes,MTA3 IP - GM12878 cells,,,
USF2,GDPD3,uterus,USF2 IP - HeLa cells,,,
TCF7L2,GDPD3,mammarygland,TCF7L2 ChIP-Seq,,,
ZNF217,GDPD3,mammarygland,ZNF217 IP - MCF7 cells,,,
SP1,GDPD3,liver,SP1 IP - HepG2 cells,,,
GABPA,GDPD3,leukocytes,"GABPA IP - Jurkat, Rep 2",,,
HEY1,GDPD3,leukocytes,HEY1 IP - K562 cells,,,
USF1,GDPD3,liver,USF1 IP - HepG2 cells,,,
MYC,GDPD3,mammarygland,DHT | MYC ChIP-Seq,,,
TEAD4,GDPD3,leukocytes,TEAD4 IP - K562 cells,,,
ZBTB7A,GDPD3,uterus,ZBTB7A IP - ECC1 cells,,,
CTCF,GDPD3,esophagus,"CTCF IP - HEEpiC cells, Rep 1 ",,,
UBTF,GDPD3,leukocytes,UBTF IP - K562 cells,,,
MYC,GDPD3,liver,MYC IP,,,
MXI1,GDPD3,cns,MXI1 IP - SK-N-SH cells ,,,
ZEB1,GDPD3,liver,ZEB1 IP - HepG2 cells,,,
TEAD4,GDPD3,stemcells,TEAD4 IP - H1 cells,,,
FOXM1,GDPD3,uterus,FOXM1 IP - ECC1 cells,,,
CREB1,GDPD3,stemcells,CREB1 IP - H1 cells,,,
YY1,GDPD3,liver,YY1 IP - HepG2 cells,,,
ELF3,GDPD3,pancreas,ELF3 IP,,,
IRF1,GDPD3,leukocytes,"IRF1 IP | IFNG - K562 cells, 6 h",,,
GATA6,GDPD3,stomach,GATA6 IP - YCC3,,,
FOSL2,GDPD3,lung,FOSL2 IP - A549 cells,,,
E2F6,GDPD3,stemcells,E2F6 IP - H1 cells,,,
KLF5,GDPD3,stomach,"KLF5 IP - AGS, KLF5 IP - KATOIII",,,
ZBTB7A,GDPD3,leukocytes,ZBTB7A IP - SK-N-SH cells,,,
ATF3,GDPD3,leukocytes,"ATF3 IP - K562 cells, ATF3 IP - GM12878 cells",,,
ATF3,GDPD3,liver,ATF3 IP - HepG2 cells,,,
SRF,GDPD3,uterus,SRF IP - ECC1 cells,,,
TCF12,GDPD3,uterus,TCF12 IP - ECC1 cells,,,
FOSL2,GDPD3,liver,FOSL2 IP - HepG2 cells,,,
TEAD4,GDPD3,uterus,TEAD4 IP - ECC1 cells,,,
TCF12,GDPD3,stemcells,TCF12 IP - H1 cells,,,
STAT1,GDPD3,leukocytes,"STAT1 IP - Rep 5, STAT1 IP - Rep 3",,,
SRF,GDPD3,colon,SRF IP - HCT116 cells,,,
USF2,GDPD3,stemcells,USF2 IP - H1 cells,,,
FOXM1,GDPD3,leukocytes,FOXM1 IP - GM12878 cells,,,
TP53,GDPD3,lung,"TP53 IP - propapoptic, Rep 1",,,
ELF1,GDPD3,lung,ELF1 IP - A549 cells,,,
YY1,GDPD3,stemcells,YY1 IP - H1 cells,,,
REST,GDPD3,stemcells,"REST IP - H1 cells, Rep 1",,,
TCF21,GDPD3,vasculature,TCF21 IP,,,
MYC,GDPD3,uterus,MYC IP - HeLa cells,,,
TBP,GDPD3,leukocytes,TBP IP - K562 cells,,,
MAX,GDPD3,stemcells,MAX IP - H1 cells,,,
KLF5,GDPD3,pancreas,KLF5 IP,,,
E2F4,GDPD3,leukocytes,E2F4 IP - K562 cells,,,
TCF12,GDPD3,liver,TCF12 IP - MCF7 cells,,,
REST,GDPD3,lung,REST IP - A549 cells,,,
NFKB1,GDPD3,leukocytes,NFKB1 IP - Rep 2,,,
JUND,GDPD3,mammarygland,JUND IP - MCF7 cells,,,
PAX5,GDPD3,leukocytes,"PAX5 IP - GM12878 cells, Rep 1",,,
CTCF,GDPD5,esophagus,"CTCF IP - HEEpiC cells, Rep 1 , CTCF IP - HEEpiC cells, Rep 2 ",,,
FOXA1,GDPD5,prostate,"GATA2 KD + R1881 | FOXA1 ChIP-Seq, DHT | FOXA1 ChIP-Seq, R1881 | FOXA1 ChIP-Seq - Rep 2, CON KD | FOXA1 ChIP-Seq, FOXA1 siRNA | CREB1 ChIP-Seq - Rep 2, CON KD + R1881 | FOXA1 ChIP-Seq - Rep 2, PIAS1 + R1881 | FOXA1 ChIP-Seq - Rep 2, CON KD + R1881 | FOXA1 ChIP-Seq, PIAS1 + R1881 | FOXA1 ChIP-Seq - Rep 1, CON KD | FOXA1 ChIP-Seq, FOXA1 ChIP-Seq, EtOH | FOXA1 ChIP-Seq - Rep 2, CON KD  | FOXA1 ChIP-Seq, FOXA1 KD | GATA2 ChIP-Seq, R1881 | FOXA1 ChIP-Seq - Rep 1, FOXA1 ChIP-Seq, CON KD | FOXA1 ChIP-Seq, FOXA1 siRNA | CREB1 ChIP-Seq - Rep 1, CON KD + R1881 | FOXA1 ChIP-Seq - Rep 1, GATA2 KD  | FOXA1 ChIP-Seq, EtOH | FOXA1 ChIP-Seq - ",,,
R1881,GDPD5,prostate,"GATA2 KD + R1881 | FOXA1 ChIP-Seq, R1881 | FOXA1 ChIP-Seq - Rep 2, CON KD + R1881 | FOXA1 ChIP-Seq - Rep 2, PIAS1 + R1881 | FOXA1 ChIP-Seq - Rep 2, CON KD + R1881 | FOXA1 ChIP-Seq, PIAS1 + R1881 | FOXA1 ChIP-Seq - Rep 1, R1881 | FOXA1 ChIP-Seq - Rep 1, CON KD + R1881 | FOXA1 ChIP-Seq - Rep 1",,,
GATA2,GDPD5,prostate,"GATA2 KD + R1881 | FOXA1 ChIP-Seq, FOXA1 KD | GATA2 ChIP-Seq, GATA2 KD  | FOXA1 ChIP-Seq",,,
EGR1,GDPD5,stemcells,EGR1 IP - H1 cells,,,
CTCF,GDPD5,leukocytes,"CTCF IP - GM12006 cells, Rep 2, CTCF IP - GM06990 cells, Rep 2 , CTCF IP - K562 cells, Rep 6 , CTCF IP - GM12489 cells, Rep 1, CTCF IP - GM2610 cells, Rep 2 , CTCF IP - K562 cells, Rep 2 , CTCF IP - GM07037 cells, CTCF IP - GM12287 cells, Rep 1, CTCF IP - GM12878 cells, Rep 2 , CTCF IP - K562 cells , CTCF IP - GM12749 cells, Rep 1, CTCF IP - GM12871 cells , CTCF IP - GM2255 cells, Rep 3 , CTCF IP - GM10847 cells, Rep 1 , CTCF IP - F36P cells, Rep 14 , CTCF IP - K562 cells, CTCF IP - GM19238 cells, Rep 2 , CTCF IP - GM12872 cells, Rep 1 , CTCF IP - HL , CTCF IP - F36P cells, Rep 10 , CTCF IP - GM12864 cells, Rep 2 , CTCF IP - GM12872 cells, Rep 3 , CTCF IP - GM18526 cells, Rep 1 , CTCF IP - UT-7 cells, Rep 6 , CTCF IP - K562 cells, Rep 13 , CTCF IP - GM11994 cells, Rep 2, CTCF IP - GM19193 cells, Rep 1 , CTCF IP - GM19193 cells, Rep 2 , CTCF IP - K562 cells, Rep 12 , CTCF IP - CD14+ cells , CTCF IP - HL-60 cells, Rep 9 , CTCF IP - GM12892 cells, Rep 2 , CTCF IP - GM12874 cells, Rep 1 , CTCF IP - F36P cells, Rep 2 , CTCF IP - GM07346 cells, CTCF IP - GM12155 cells, Rep 1, CTCF IP -  DND , CTCF IP - GM12869 cells , CTCF IP - GM19239 cells, Rep 2 , CTCF IP - K562 cells, Rep 1 , CTCF IP - GM12873 cells, Rep 3 , CTCF IP - GM11831 cells, CTCF IP - GM12872 cells, CTCF IP - KU812 cells, Rep 17 , CTCF IP - GM12865 cells, Rep 3 , CTCF IP - KU812 cells, Rep 13 , CTCF IP - GM18505 cells, Rep 1 , CTCF IP - GM12801 cells , CTCF IP - GM12891 cells, Rep 2 , CTCF IP - UT-7 cells, Rep 3 , CTCF IP - GM12154 cells, Rep 2, CTCF IP - GM11994 cells, Rep 1, CTCF IP - GM19239 cells, Rep 1 , CTCF IP - GM12878 cells, Rep 1 , CTCF IP - K562 cells, Rep 10 , CTCF IP - F36P cells, Rep 15 , CTCF IP - GM12865 cells, Rep 2 , CTCF IP, CTCF IP - UT-7 cells, Rep 5 , CTCF IP - GM19099 cells, Rep 1 , CTCF IP - K562 cells, Rep 4 , CTCF IP - GM19099 cells, Rep 2 , CTCF IP - GM12815 cells, Rep 1, CTCF IP - K562 cells, Rep 7 , CTCF IP - GM06990 cells, Rep 1 , CTCF IP - UT-7 cells, Rep 4 , CTCF IP - GM19238 cells, Rep 1 , CTCF IP - F36P cells, Rep 9 , CTCF IP - GM12890 cells, Rep 2 , CTCF IP - GM2255 cells, Rep 1 , CTCF IP - GM10847 cells, Rep 2 , CTCF IP - K562 cells, Rep 11 , CTCF IP - GM12875 cells, Rep 1 , CTCF IP - GM12874 cells, CTCF IP - GM19240 cells, Rep 2 , CTCF IP - GM12878 cells, Rep 2 , CTCF IP - HL-60 cells, Rep 3 , CTCF IP - F36P cells, Rep 5 , CTCF IP - GM11992 cells, Rep 1, CTCF IP - F36P cells, Rep 6 , CTCF IP - GM12154 cells, Rep 1, CTCF IP - GM12864 cells, Rep 1 , CTCF IP - U-937 cells, Rep 2 , CTCF IP - GM18505 cells, Rep 2 , CTCF IP - HL-60 cells, Rep 2 , CTCF IP - K562 cells, Rep 5 , CTCF IP - HL-60 cells, Rep 7 , CTCF IP - GM12872 cells, Rep 2 , CTCF IP - GM12873 cells, Rep 1 , CTCF IP - GM18486 cells, Rep 1 , CTCF IP - F36P cells, Rep 1 , CTCF IP - GM11811 cells, Rep 2, CTCF IP - GM18486 cells, Rep 2 , CTCF IP - GM12868 cells , CTCF IP - GM12865 cells, Rep 1 , CTCF IP - GM2610 cells, Rep 1 , CTCF IP - GM11992 cells, Rep 2, CTCF IP - GM12892 cells, Rep 1 , CTCF IP - GM12864 cells, Rep 3 , CTCF IP - GM18951 cells, Rep 2 , CTCF IP - U-937 cells, Rep 1 , CTCF IP - KU812 cells, Rep 9 , CTCF IP - GM2588 cells, Rep 3 , CTCF IP - GM18526 cells, Rep 2 , CTCF IP - GM12874 cells, Rep 2 , CTCF IP - GM2630 cells, Rep 3 , CTCF IP - F36P cells, Rep 7 , CTCF IP - GM06986 cells, CTCF IP - K562 cells, Rep 16 , CTCF IP - GM12890 cells, Rep 3 , CTCF IP - MS1 cells, Rep 1 , CTCF IP - K562 cells, CTCF IP - K562 cells, Rep 1 , CTCF IP - GM18951 cells, Rep 1 , CTCF IP - GM12814 cells, Rep 1, CTCF IP - KU812 cells, Rep 1 , CTCF IP - GM12006 cells, Rep 1, CTCF IP - GM2630 cells, Rep 1 , CTCF IP - K562 cells, Rep 9 , CTCF IP - GM19240 cells, Rep 1 , CTCF IP - GM11881 cells, CTCF IP - F36P cells, Rep 3 , CTCF IP - F36P cells, Rep 11 , CTCF IP - GM2610 cells, Rep 3 , CTCF IP - GM12866 cells , CTCF IP - GM12815 cells, Rep 2, CTCF IP - MS1 cells, Rep 2 , CTCF IP -  CD20+ cells , CTCF IP - GM12828 cells, CTCF IP - K562 cells, CTCF IP - F36P cells, Rep 19 , CTCF IP - GM12878 cells, Rep 1 , CTCF IP - GM11894 cells, Rep 2, CTCF IP - GM12005 cells, Rep 1, CTCF IP - GM10847 cells, Rep 3 , CTCF IP - K562 cells, Rep 14 , CTCF IP - GM12005 cells, Rep 2, CTCF IP - GM2588 cells, Rep 1 , CTCF IP - GM12873 cells, Rep 1 , CTCF IP - GM12155 cells, Rep 2, CTCF IP - GM12870 cells , CTCF IP - GM12867 cells , CTCF IP - GM18486 cells, Rep 3 , CTCF IP - GM12878 cells , CTCF IP - F36P cells, Rep 17 , CTCF IP - GM12890 cells, Rep 1 , CTCF IP, CTCF IP - GM11811 cells, Rep 1, CTCF IP - GM2588 cells, Rep 2 , CTCF IP - F36P cells, Rep 13 , CTCF IP - MS1 cells, Rep 3 , CTCF IP - GM2630 cells, Rep 2 , CTCF IP - GM12234 cells, CTCF IP - GM12875 cells, Rep 2 , CTCF IP - HL-60 cells, Rep 5 , CTCF IP - KU812 cells, Rep 5 , CTCF ChIP-Seq - GM12878, CTCF IP - GM12891 cells, Rep 1 , CTCF IP - GM12814 cells, Rep 2, CTCF IP - MS1 cells, Rep 4 , CTCF IP - NB4 cells , CTCF IP - GM2255 cells, Rep 2 , CTCF IP - HeLa cells, Rep 2 , CTCF IP - K562 cells, Rep 15 , CTCF IP - GM12749 cells, Rep 2",,,
CTCF,GDPD5,hspcs,"CTCF IP - HEL 92.1.7 cells, Rep 4 , CTCF IP - HEL 92.1.7 cells, Rep 2 , CTCF IP - HEL 92.1.7 cells, Rep 13 , CTCF IP - HSPCs, Rep 2, CTCF IP - HEL 92.1.7 cells, Rep 11 , CTCF IP - HEL 92.1.7 cells, Rep 10 , CTCF IP - Erythroid cells, Rep 1, CTCF IP - HSPCs, Rep 1, CTCF IP - HEL 92.1.7 cells, Rep 14 , CTCF IP - HEL 92.1.7 cells, Rep 5 , CTCF IP - HEL 92.1.7 cells, Rep 1 , CTCF IP - HEL 92.1.7 cells, Rep 8 , CTCF IP - Erythroid cells, Rep 2, CTCF IP - HEL 92.1.7 cells, Rep 7 ",,,
CTCF,GDPD5,skeletalmuscle,"CTCF IP - HSMM cells, Rep 1 , CTCF IP - HSMM cells, Rep 2 ",,,
CEBPB,GDPD5,liver,"CEBPB ChIP-Seq - HepG2, CEBPB IP - HepG2 cells, CEBPB IP | FORSK - HepG2 cells",,,
YY1,GDPD5,leukocytes,"YY1 IP - K562 cells, Rep 1, YY1 IP - GM12878 cells, YY1 IP - GM12891 cells, YY1 IP - GM12892 cells, Rep 1, YY1 IP - K562 cells, Rep 2",,,
MYC,GDPD5,lung,MYC IP - A549 cells,,,
CTCF,GDPD5,colon,"CTCF IP - Rep 2 , CTCF IP - HCT116 cells, Rep 1 , CTCF IP - Rep 1 , CTCF IP - Rep 3 , CTCF IP - Caco , CTCF IP - HCT116 cells, CTCF IP - Caco-2 cells, Rep 1 , CTCF IP - HCT116 cells, Rep 2 ",,,
CREB1,GDPD5,prostate,"CREB1 ChIP-Seq - Rep 2, CREB1 ChIP-Seq - LNCaP-abl, FOXA1 siRNA | CREB1 ChIP-Seq - Rep 2, CREB1 ChIP-Seq - Rep 1, FOXA1 siRNA | CREB1 ChIP-Seq - Rep 1, CREB1 ChIP-Seq - LNCaP",,,
CTCF,GDPD5,cns,"CTCF IP - cerebellar astrocyte cells, Rep 2 , CTCF IP - BE(2)-C cells, Rep 1 , CTCF IP - SK cells, CTCF IP - spinal cord astrocyte cells, Rep 2 , CTCF IP - HCPEpiC cells, Rep 1 , CTCF IP - BE(2)-C cells, Rep 2 , CTCF IP - cerebellar astrocyte cells, Rep 1 , CTCF IP - SK-N-SH cells, Rep 2 , CTCF IP - HCPEpiC cells, Rep 2 , CTCF IP - NHA cells , CTCF IP - SK-N-SH cells, Rep 1 , CTCF IP - spinal cord astrocyte cells, Rep 1 , CTCF IP - SK-N-SH cells ",,,
CTCF,GDPD5,lung,"CTCF ChIP-Seq - A549, CTCF IP - A549 cells, CTCF IP - IMR cells, CTCF IP - NHLF cells , CTCF IP - A549 cells, Rep 2 , CTCF IP - A549 cells , CTCF IP - SAEC cells, Rep 2 , CTCF IP - NHLF cells , CTCF IP - SAEC cells, Rep 1 , CTCF IP | DEX - A549 cells , CTCF IP - WI-38 cells, Rep 2 , CTCF IP - HPF cells, Rep 1 , CTCF IP - WI-38 cells, Rep 1 , CTCF IP | DEX - A549 cells, CTCF IP - A549 cells, Rep 1 , CTCF IP - HPF cells, Rep 2 , CTCF IP - AG04450 cells, Rep 1 , CTCF IP - AG04450 cells, Rep 2 ",,,
CTCF,GDPD5,stemcells,"CTCF IP - Rep 3 , CTCF IP - H1 cells , CTCF IP - Rep 2 , CTCF IP - Rep 4 , CTCF IP - Rep 6 , CTCF IP - Rep 1 , CTCF IP - Rep 5 , CTCF IP - Rep 7 , CTCF IP - H1 cells",,,
DHT,GDPD5,prostate,"DHT | FOXA1 ChIP-Seq, DHT | ERG ChIP-Seq - 18 h, DHT | ERG ChIP-Seq - 2 h",,,
ATF3,GDPD5,colon,ATF3 IP - HCT116 cells,,,
REST,GDPD5,stemcells,"REST IP - H1 cells, Rep 2, REST IP - H1 cells, Rep 1",,,
EGR1,GDPD5,colon,EGR1 IP - HCT116 cells,,,
JUND,GDPD5,uterus,JUND IP - HeLa cells,,,
IRF4,GDPD5,leukocytes,"IRF4 IP - GM12878 cells, IRF4 IP",,,
MXI1,GDPD5,cns,MXI1 IP - SK-N-SH cells ,,,
YY1,GDPD5,stemcells,YY1 IP - H1 cells,,,
CTCF,GDPD5,megakaryocytelineage,"CTCF IP - MEG-01 cells, Rep 4 , CTCF IP - MEG-01 cells, Rep 10 , CTCF IP - CHRF-288-11 cells, Rep 1 , CTCF IP - MEG-01 cells, Rep 3 , CTCF IP - MEG-01 cells, Rep 8 , CTCF IP - MEG-01 cells, Rep 6 , CTCF IP - MEG-01 cells, Rep 2 ",,,
CTCF,GDPD5,uterus,"CTCF IP - HeLa cells, Rep 1 , CTCF IP - ECC1 cells, CTCF IP - HeLa cells ",,,
MAX,GDPD5,liver,"MAX IP - MCF7 cells, MAX IP - HepG2 cells",,,
MAFF,GDPD5,leukocytes,MAFF IP - K562 cells,,,
PBX3,GDPD5,cns,PBX3 IP - SK-N-SH cells,,,
E2F1,GDPD5,prostate,"BICALU | E2F1 ChIP-Seq - Rep 3, HES6 OE | E2F1 ChIP-Seq - Rep 3, E2F1 ChIP-Seq - Rep 2, E2F1 ChIP-Seq - Rep 3, HES6 OE | E2F1 ChIP-Seq - Rep 1, HES6 OE + BICALU | E2F1 ChIP-Seq - Rep 1, E2F1 ChIP-Seq - Rep 4, E2F1 ChIP-Seq - Rep 1, HES6 OE + BICALU | E2F1 ChIP-Seq - Rep 3, BICALU | E2F1 ChIP-Seq - Rep 1",,,
BICALU,GDPD5,prostate,"BICALU | E2F1 ChIP-Seq - Rep 3, HES6 OE + BICALU | E2F1 ChIP-Seq - Rep 1, HES6 OE + BICALU | E2F1 ChIP-Seq - Rep 3, BICALU | E2F1 ChIP-Seq - Rep 1",,,
ATF3,GDPD5,leukocytes,ATF3 IP - K562 cells,,,
CTCF,GDPD5,pancreas,CTCF IP,,,
JUND,GDPD5,leukocytes,JUND IP - K562 cells,,,
RELA,GDPD5,leukocytes,"RELA IP | TNF - GM12891 cells, RELA IP | TNF - GM18951 cells, RELA IP | TNF - GM18505 cells, RELA IP | TNF - GM10847 cells, RELA IP | TNF - GM12892 cells, RELA IP | TNF - GM12878 cells, RELA IP | BAY082  - IVD Th1 cells, PIA, RELA IP | TNF - GM15510 cells, RELA IP | TNF - GM19193 cells, RELA IP | TNF - GM19099 cells",,,
TNF,GDPD5,leukocytes,"RELA IP | TNF - GM12891 cells, RELA IP | TNF - GM18951 cells, RELA IP | TNF - GM18505 cells, RELA IP | TNF - GM10847 cells, RELA IP | TNF - GM12892 cells, RELA IP | TNF - GM12878 cells, RELA IP | TNF - GM15510 cells, RELA IP | TNF - GM19193 cells",,,
SRF,GDPD5,stemcells,"SRF IP - Rep 4 , SRF IP - Rep 7 , SRF IP - Rep 6 , SRF IP - Rep 5 , SRF IP - Rep 1 , SRF IP - Rep 2 , SRF IP - Rep 3 ",,,
CEBPB,GDPD5,stemcells,"CEBPB IP, CEBPB IP, CEBPB IP, CEBPB IP - H1 cells, CEBPB IP, CEBPB IP, CEBPB IP, CEBPB IP",,,
CREB1,GDPD5,lung,CREB1 IP | DEX - A549 cells,,,
DEX,GDPD5,lung,"CREB1 IP | DEX - A549 cells, USF1 IP | DEX - A549 cells, CTCF IP | DEX - A549 cells , CTCF IP | DEX - A549 cells",,,
MAX,GDPD5,leukocytes,"MAX IP - NB4 cells, MAX IP - K562 cells, Rep 2, MAX IP - GM12878 cells, MAX IP - K562 cells",,,
GATA4,GDPD5,stomach,GATA4 IP - AGS,,,
CTCF,GDPD5,liver,"CTCF IP - HepG2 cells, Rep 2 , CTCF IP - HepG2 cells, Rep 1 , CTCF IP - SK-N-SH cells, CTCF IP, CTCF IP - HepG2 cells ",,,
USF1,GDPD5,cns,"USF1 IP | ATRA - SK-N-SH cells, USF1 IP - SK-N-SH cells",,,
ATRA,GDPD5,cns,"USF1 IP | ATRA - SK-N-SH cells, YY1 IP | ATRA - SK-N-SH cells",,,
ARID3A,GDPD5,leukocytes,ARID3A IP - K562 cells,,,
CTCF,GDPD5,skin,"CTCF IP - AG04449 cells, Rep 2 , CTCF IP - NHEK cells, Rep 2 , CTCF IP - BJ cells, Rep 2 , CTCF IP - AG09309 cells, Rep 1 , CTCF IP - NHEK cells , CTCF IP - BJ cells, Rep 1 , CTCF IP - HFFC cells, Rep 1 , CTCF IP - NHDF cells , CTCF IP - NHDF cells, Rep 1 , CTCF IP - HFFC cells, Rep 2 , CTCF IP - HFFC cells, Rep 3 , CTCF IP - NHDF cells, Rep 2 , CTCF IP - AG10803 cells, Rep 1 , CTCF IP - GM12878 cells, Rep 2 , CTCF IP - AG09309 cells, Rep 2 , CTCF IP - AG10803 cells, Rep 2 , CTCF IP - AG04449 cells, Rep 1 ",,,
JUN,GDPD5,mammarygland,"JUN IP - Rep 1, JUN IP - Rep 2",,,
GTF2F1,GDPD5,uterus,GTF2F1 IP - HeLa cells,,,
STAT3,GDPD5,leukocytes,"STAT3 IP - OCI-LY19, STAT3 IP - SU-DHL-4, STAT3 IP - SU-DHL-6, STAT3 IP - OCI-LY10, STAT3 IP - U-2932",,,
E2F6,GDPD5,lung,E2F6 IP - A549 cells,,,
SPI1,GDPD5,leukocytes,"SPI1 IP - K562 cells, SPI1 IP, SPI1 IP - GM12891 cells, SPI1 IP, SPI1 IP - GM12878 cells, SPI1 IP - U-937 cells, Rep 3 , SPI1 IP, SPI1 IP - GM12878 cells, Rep 2 , SPI1 IP, SPI1 IP, SPI1 IP - HL cells, ROSI | SPI1 ChIP-Seq, SPI1 IP, SPI1 IP - GM12878 cells, Rep 3 , SPI1 IP, SPI1 IP - U-937 cells, Rep 1 , SPI1 IP",,,
CDX2,GDPD5,colon,"CDX2 IP | 125DVD3, CDX2 IP",,,
125DVD3,GDPD5,colon,CDX2 IP | 125DVD3,,,
USF1,GDPD5,stemcells,USF1 IP - H1 cells,,,
GATA1,GDPD5,leukocytes,"GATA1 ChIP-Seq - K562, GATA1 ChIP-Seq - SC266",,,
MAFK,GDPD5,leukocytes,MAFK IP - K562 cells,,,
BACH1,GDPD5,stemcells,BACH1 IP - H1 cells,,,
CTCF,GDPD5,kidney,"CTCF IP - RPTEC cells, Rep 2 , CTCF IP - HEK293 cells, Rep 1 , CTCF IP - HRE cells, Rep 1 , CTCF IP - HRE cells, Rep 2 , CTCF IP - HEK293 cells, Rep 2 , CTCF IP - RPTEC cells, Rep 1 ",,,
NFKB2,GDPD5,leukocytes,"NFKB2 IP - Rep 1, NFKB2 IP - Rep 2",,,
JUND,GDPD5,stemcells,"JUND IP - H1 cells, JUND IP - H1 cells",,,
CTCF,GDPD5,mammarygland,"CTCF IP - MCF7 cells, CTCF IP - HMEC cells , CTCF IP - HMEC cells, Rep 2 , CTCF IP - HMEC cells, Rep 1 , CTCF IP - MCF-7 cells, Rep 1 , CTCF IP - HMF cells, Rep 2 , CTCF IP - HMF cells, Rep 1 , CTCF IP - MCF-7 cells Rep 2 , CTCF IP - T47D cells",,,
CTCF,GDPD5,vasculature,"CTCF IP - AoAFC cells, Rep 1 , CTCF IP - AoAFC cells, Rep 2 , CTCF IP - HPAF cells, Rep 2 , CTCF IP - HBMEC cells, Rep 1 , CTCF IP - HUVEC cells , CTCF IP - HBMEC cells, Rep 2 , CTCF IP - HUVEC cells, Rep 2 , CTCF IP - HPAF cells, Rep 1 , CTCF IP - HUVEC cells, Rep 1 ",,,
RUNX1,GDPD5,leukocytes,RUNX1 IP,,,
JUND,GDPD5,lung,JUND IP - A549 cells,,,
TEAD1,GDPD5,cns,TEAD1 IP - Rep 2,,,
MAFK,GDPD5,uterus,MAFK IP - HeLa cells,,,
FOSL1,GDPD5,colon,FOSL1 IP - HCT116 cells,,,
IRF1,GDPD5,leukocytes,"IRF1 IP - Rep 1, IRF1 IP - Rep 2, IRF1 IP - Rep 3, IRF1 IP | IFNG - K562 cells, 30 min, IRF1 IP | IFNG - K562 cells, 6 h, IRF1 IP | IFNA1-13 - K562 cells, 6 h",,,
IFNG,GDPD5,leukocytes,"IRF1 IP - Rep 1, MYC IP | IFNG - K562 cells, 30 min, IRF1 IP - Rep 2, IRF1 IP - Rep 3, IRF1 IP | IFNG - K562 cells, 30 min, IRF1 IP | IFNG - K562 cells, 6 h, STAT1 IP - Rep 5, STAT1 IP - Rep 1, STAT1 IP - Rep 4, STAT1 IP - Rep 3, STAT1 IP | IFNG - K562 cells, 30 min, STAT1 IP - Rep 2, MYC IP | IFNG - K562 cells, 6 h",,,
FOXM1,GDPD5,cns,FOXM1 IP - SK-N-SH cells,,,
GABPA,GDPD5,leukocytes,"GABPA IP - Jurkat, Rep 2, GABPA IP - GM12878 cells, Rep 2 , GABPA IP - K562 cells, GABPA IP - Jurkat, Rep 1, GABPA IP - GM12878 cells, Rep 5 , GABPA IP - GM12878 cells, Rep 4 ",,,
JUND,GDPD5,vasculature,JUND IP,,,
ELF1,GDPD5,leukocytes,"ELF1 IP - SK-N-SH cells, ELF1 IP - SK-N-SH cells",,,
CEBPB,GDPD5,leukocytes,"CEBPB IP - K562 cells, CEBPB IP - GM12878 cells, CEBPB ChIP-Seq - K562",,,
FOXA1,GDPD5,liver,"FOXA1 IP - HepG2 cells, Rep 2, FOXA1 IP - HepG2 cells, Rep 1",,,
HES6,GDPD5,prostate,"HES6 OE | E2F1 ChIP-Seq - Rep 3, HES6 OE | E2F1 ChIP-Seq - Rep 1, HES6 OE + BICALU | E2F1 ChIP-Seq - Rep 1, HES6 OE + BICALU | E2F1 ChIP-Seq - Rep 3",,,
FOXA1,GDPD5,mammarygland,"FOXA1 IP - T47D cells, DEX | FOXA1 ChIP-Seq - Rep 1, DEX | FOXA1 ChIP-Seq - Rep 1, DHT | FOXA1 ChIP-Seq, 17BE2 | FOXA1 ChIP-Seq - Rep 1",,,
MYC,GDPD5,leukocytes,"MYC IP | IFNG - K562 cells, 30 min, MYC IP | IFNA1 - K562 cells, 6 h, MYC IP - K562 cells, Rep 1, MYC IP - K562 cells, Rep 2, MYC IP | IFNA1 - K562 cells, 30 min, MYC IP - NB4 cells, MYC IP | IFNG - K562 cells, 6 h",,,
TCF12,GDPD5,leukocytes,TCF12 IP - GM12878 cells,,,
NFYA,GDPD5,leukocytes,NFYA IP - K562 cells,,,
CREB1,GDPD5,liver,"CREB1 IP - HepG2 cells, CREB1 IP",,,
ZNF384,GDPD5,leukocytes,"ZNF384 IP - GM12878 cells, ZNF384 IP - K562 cells",,,
ATF2,GDPD5,stemcells,ATF2 IP - H1 cells,,,
ZBTB7A,GDPD5,liver,ZBTB7A IP - HepG2 cells,,,
CTCF,GDPD5,heart,"CTCF IP - HCF cells , CTCF IP - myocytes cells, Rep 1 , CTCF IP - myocytes cells, Rep 2 ",,,
FOSL2,GDPD5,lung,FOSL2 IP - A549 cells,,,
OTX2,GDPD5,stemcells,OTX2 IP - Rep 10 ,,,
KLF11,GDPD5,adiposetissue,"KLF11 ChIP-Seq, Rep 2, ROSI (BrAT) | KLF11 ChIP-Seq, Rep 1, KLF11 ChIP-Seq, Rep 1, ROSI (BrAT) | KLF11 ChIP-Seq, Rep 2",,,
REST,GDPD5,leukocytes,REST IP - K562 cells,,,
IFNA1,GDPD5,leukocytes,"MYC IP | IFNA1 - K562 cells, 6 h, JUN IP | IFNA1-13 - 30 min , STAT2 IP | IFNA1-13 - K562 cells, 30 min, MYC IP | IFNA1 - K562 cells, 30 min, IRF1 IP | IFNA1-13 - K562 cells, 6 h",,,
KLF5,GDPD5,stomach,KLF5 IP - KATOIII,,,
ELF3,GDPD5,pancreas,"ELF3 IP, ELF3 IP",,,
E2F3,GDPD5,colon,E2F3 IP ,,,
JUND,GDPD5,colon,JUND IP - HCT116 cells,,,
E2F1,GDPD5,uterus,"E2F1 IP - HeLa cells, Rep 1, E2F1 IP - HeLa cells, Rep 2",,,
TAL1,GDPD5,megakaryocytelineage,"TAL1 IP - CHRF-288-11 cells, Rep 5 , TAL1 IP - CHRF-288-11 cells, Rep 1 , TAL1 IP - CHRF-288-11 cells, Rep 4 , TAL1 IP - CHRF-288-11 cells, Rep 6 , TAL1 IP - CHRF-288-11 cells, Rep 2 , TAL1 IP - CHRF-288-11 cells, Rep 3 ",,,
FOXA2,GDPD5,liver,FOXA2 IP - HepG2 cells,,,
ERG,GDPD5,prostate,"DHT | ERG ChIP-Seq - 18 h, ERG ChIP-Seq, DMSO | ERG ChIP-Seq - Rep 1, DHT | ERG ChIP-Seq - 2 h, ERG ChIP-Seq, DMSO | ERG ChIP-Seq - Rep 2, JQI | ERG ChIP-Seq - Rep 1",,,
TP53,GDPD5,mammarygland,"TP53 IP, TP53 IP | NUTL3 - MCF-7",,,
KLF4,GDPD5,stemcells,KLF4 IP,,,
CTCF,GDPD5,bone,"CTCF IP, CTCF IP - Osteoblasts ",,,
TCF21,GDPD5,vasculature,"TCF21 IP, TCF21 IP, TCF21 IP",,,
MXI1,GDPD5,leukocytes,MXI1 IP - GM12878 cells,,,
PAX5,GDPD5,leukocytes,"PAX5 IP - GM12878 cells, Rep 2, PAX5 IP - GM12878 cells, Rep 1, PAX5 IP - GM12891 cells, PAX5 IP - GM12892 cells",,,
SMAD1,GDPD5,hspcs,"SMAD1 IP - Rep 1, SMAD1 IP - Rep 4, SMAD1 IP - Rep 3",,,
YY1,GDPD5,lung,YY1 IP - A549 cells,,,
ZEB1,GDPD5,liver,ZEB1 IP - HepG2 cells,,,
FOSL2,GDPD5,liver,FOSL2 IP - HepG2 cells,,,
FOXA2,GDPD5,embryonictissue,FOXA2 IP - Rep 2,,,
NFYB,GDPD5,leukocytes,"NFYB IP - K562 cells, NFYB IP - GM12878 cells",,,
MAX,GDPD5,lung,MAX IP - A549 cells,,,
TEAD4,GDPD5,leukocytes,TEAD4 IP - K562 cells,,,
MAX,GDPD5,uterus,"MAX IP - HeLa cells, Rep 1, MAX IP - ECC1 cells, MAX IP - HeLa cells, Rep 2",,,
REST,GDPD5,uterus,REST IP - ECC1 cells,,,
CTCF,GDPD5,miscellaneous,"CTCF IP - AG09319 cells, Rep 2 , CTCF IP - AG09319 cells, Rep 1 ",,,
ZBTB7A,GDPD5,leukocytes,ZBTB7A IP - SK-N-SH cells,,,
SOX10,GDPD5,skin,SOX10 IP,,,
EBF1,GDPD5,leukocytes,"EBF1 IP - GM12878 cells, EBF1 IP - GM12878 cells",,,
SP1,GDPD5,stemcells,"SP1 IP - H1 cells, SP1 IP - Rep 1 ",,,
MAZ,GDPD5,lung,MAZ IP - IMR cells,,,
REST,GDPD5,pancreas,"REST IP - Panc1 cells, Rep 3",,,
HOXA6,GDPD5,colon,HOXA6 IP ,,,
CTCF,GDPD5,sensory,"CTCF IP - WERI-Rb-1- cells, Rep 1 , CTCF IP - HRPEpiC cells, Rep 1 , CTCF IP - WERI , CTCF IP - HRPEpiC cells, Rep 2 ",,,
E2F6,GDPD5,stemcells,E2F6 IP - H1 cells,,,
JUN,GDPD5,leukocytes,JUN IP | IFNA1-13 - 30 min ,,,
MAX,GDPD5,stemcells,MAX IP - H1 cells,,,
YY1,GDPD5,cns,"YY1 IP - SK-N-SH cells, YY1 IP | ATRA - SK-N-SH cells",,,
REST,GDPD5,cns,"REST IP - SK cells, REST IP - PFSK1 cells, Rep 2",,,
E2F4,GDPD5,leukocytes,E2F4 IP - K562 cells,,,
UBTF,GDPD5,leukocytes,"UBTF IP - K562 cells, UBTF IP - K562 cells",,,
EGR1,GDPD5,leukocytes,EGR1 IP - K562 cells,,,
NANOG,GDPD5,stemcells,NANOG IP - H1 cells,,,
MEF2A,GDPD5,leukocytes,"MEF2A IP - GM12878 cells, MEF2A IP - K562 cells",,,
MYB,GDPD5,leukocytes,"MYB IP - Jurkat, Rep 1, MYB IP - Jurkat, Rep 2, MYB IP - Jurkat, Rep 3, MYB IP - Jurkat, Rep 5, MYB IP - MOLT3, MYB IP - Jurkat, Rep 4",,,
DEX,GDPD5,mammarygland,"DEX | FOXA1 ChIP-Seq - Rep 1, DEX | FOXA1 ChIP-Seq - Rep 1",,,
SRF,GDPD5,colon,SRF IP - HCT116 cells,,,
CEBPB,GDPD5,colon,CEBPB IP - HCT116 cells,,,
HIF1A,GDPD5,bone,HIF1A IP,,,
HMGN3,GDPD5,leukocytes,HMGN3 IP - K562 cells,,,
FOXM1,GDPD5,mammarygland,"FOXM1 IP | THSP - DS006, FOXM1 IP - MCF7 cells",,,
MAFK,GDPD5,liver,"MAFK IP - HepG2 cells, Rep 2, MAFK IP - HepG2 cells, Rep 1",,,
USF2,GDPD5,uterus,USF2 IP - HeLa cells,,,
PIAS1,GDPD5,prostate,"PIAS1 + R1881 | FOXA1 ChIP-Seq - Rep 2, PIAS1 + R1881 | FOXA1 ChIP-Seq - Rep 1",,,
TCF7L2,GDPD5,mammarygland,TCF7L2 ChIP-Seq,,,
ZKSCAN1,GDPD5,uterus,ZKSCAN1 IP - HeLa cells,,,
TBP,GDPD5,leukocytes,"TBP IP - K562 cells, TBP IP - GM12878 cells",,,
USF1,GDPD5,uterus,USF1 IP - ECC1 cells,,,
BHLHE40,GDPD5,liver,BHLHE40 IP - HepG2 cells,,,
E2F6,GDPD5,leukocytes,"E2F6 IP - K562 cells, E2F6 IP - K562 cells",,,
MAFF,GDPD5,liver,MAFF IP - HepG2 cells,,,
SRF,GDPD5,uterus,SRF IP - ECC1 cells,,,
FOXH1,GDPD5,embryonictissue,FOXH1 IP - endoderm,,,
ZNF143,GDPD5,leukocytes,"ZNF143 IP - GM12878 cells, ZNF143 IP - K562 cells",,,
TEAD4,GDPD5,uterus,TEAD4 IP - ECC1 cells,,,
BCL3,GDPD5,lung,BCL3 IP - A549 cells,,,
USF1,GDPD5,colon,USF1 IP - HCT116 cells,,,
USF1,GDPD5,lung,"USF1 IP | DEX - A549 cells, USF1 IP - A549 cells, Rep 2",,,
STAT1,GDPD5,leukocytes,"STAT1 IP - Rep 5, STAT1 IP - Rep 1, STAT1 IP - Rep 4, STAT1 IP - Rep 3, STAT1 IP | IFNG - K562 cells, 30 min, STAT1 IP - Rep 2",,,
JUND,GDPD5,liver,JUND IP - HepG2 cells,,,
SP1,GDPD5,leukocytes,"SP1 IP - K562 cells, SP1 IP - GM12878 cells",,,
PDX1,GDPD5,pancreas,PDX1 IP,,,
IRF1,GDPD5,colon,IRF1 IP ,,,
STAT1,GDPD5,uterus,"STAT1 IP | IFNG - HeLa cells, 30 min",,,
IFNG,GDPD5,uterus,"STAT1 IP | IFNG - HeLa cells, 30 min",,,
SP1,GDPD5,lung,SP1 IP - A549 cells,,,
FOXP2,GDPD5,cns,FOXP2 IP - SK cells,,,
HEY1,GDPD5,liver,HEY1 IP - HepG2 cells,,,
MAZ,GDPD5,leukocytes,"MAZ IP - K562 cells, MAZ IP - GM12878 cells",,,
MAFK,GDPD5,lung,MAFK IP - IMR cells,,,
TAL1,GDPD5,leukocytes,"TAL1 IP - K562 cells, TAL1 IP - MOLT3",,,
GATA3,GDPD5,mammarygland,GATA3 IP - T47D cells,,,
REST,GDPD5,liver,"REST IP - HepG2 cells, Rep 1",,,
FORSK,GDPD5,liver,CEBPB IP | FORSK - HepG2 cells,,,
TP53,GDPD5,bone,TP53 IP | TP53EE/RR OE,,,
STAT5A,GDPD5,leukocytes,"STAT5A IP - K562 cells, STAT5A IP - GM12878 cells",,,
CTCF,GDPD5,placenta,"CTCF IP - HVMF cells, Rep 1 , CTCF IP - HVMF cells, Rep 2 ",,,
GATA1,GDPD5,hspcs,"GATA1 IP - Rep 3, GATA1 IP - PBDE cells, Rep 1",,,
ELF1,GDPD5,liver,ELF1 IP - HepG2 cells,,,
STAT2,GDPD5,leukocytes,"STAT2 IP | IFNA1-13 - K562 cells, 30 min",,,
CEBPB,GDPD5,mammarygland,CEBPB IP - MCF7 cells,,,
MYC,GDPD5,uterus,MYC IP - HeLa cells,,,
TCF7L2,GDPD5,uterus,TCF7L2 IP - HeLa cells,,,
E2F4,GDPD5,mammarygland,E2F4 IP | 4HT - MCF10 cells,,,
4HT,GDPD5,mammarygland,E2F4 IP | 4HT - MCF10 cells,,,
ATF2,GDPD5,leukocytes,ATF2 IP - GM12878 cells,,,
ELF1,GDPD5,mammarygland,ELF1 IP - MCF7 cells,,,
CTCF,GDPD5,adiposetissue,"CTCF ChIP-Seq - d 9, CTCF ChIP-Seq - d -2, CTCF ChIP-Seq - d 0, CTCF ChIP-Seq - d 3",,,
ETS1,GDPD5,leukocytes,"ETS1 IP - K562 cells, ETS1 IP - GM12878 cells, ETS1 IP",,,
ZBTB7A,GDPD5,uterus,ZBTB7A IP - ECC1 cells,,,
MAFK,GDPD5,colon,MAFK IP ,,,
RELA,GDPD5,adiposetissue,"RELA IP, RELA IP",,,
ELF1,GDPD5,colon,ELF1 IP - HCT116 cells,,,
STAT3,GDPD5,uterus,STAT3 IP - HeLa cells,,,
GATA6,GDPD5,stomach,GATA6 IP - YCC3,,,
ZNF143,GDPD5,uterus,ZNF143 IP - HeLa cells,,,
RUNX1,GDPD5,hspcs,RUNX1,,,
MAX,GDPD5,colon,MAX IP - HCT116 cells,,,
USF1,GDPD5,leukocytes,USF1 IP - K562 cells,,,
MYC,GDPD5,mammarygland,"MYC IP - MCF-10A cells, DHT | MYC ChIP-Seq",,,
MXI1,GDPD5,liver,MXI1 IP - HepG2 cells,,,
ZNF143,GDPD5,stemcells,ZNF143 IP - H1 cells,,,
E2F1,GDPD5,mammarygland,"E2F1 IP, E2F1 IP - MCF7 cells",,,
NFKB1,GDPD5,leukocytes,"NFKB1 IP - Rep 1, NFKB1 IP - Rep 2",,,
FOS,GDPD5,vasculature,FOS IP - HUVEC cells,,,
GABPA,GDPD5,stemcells,GABPA IP - H1 cells,,,
YY1,GDPD5,liver,YY1 IP - HepG2 cells,,,
EGR1,GDPD5,liver,EGR1 IP - MCF7 cells,,,
GATA2,GDPD5,leukocytes,"GATA2 IP - K562 cells, GATA2 IP - K562 cells",,,
ROSI,GDPD5,adiposetissue,"ROSI (BrAT) | KLF11 ChIP-Seq, Rep 1, ROSI (BrAT) | KLF11 ChIP-Seq, Rep 2",,,
USF1,GDPD5,liver,USF1 IP - HepG2 cells,,,
DHT,GDPD5,mammarygland,"DHT | MYC ChIP-Seq, DHT | FOXA1 ChIP-Seq",,,
ATF1,GDPD5,leukocytes,ATF1 IP - K562 cells,,,
MAZ,GDPD5,uterus,MAZ IP - HeLa cells,,,
CREB1,GDPD5,leukocytes,"CREB1 IP - GM12878 cells, CREB1 IP - K562 cells",,,
HEY1,GDPD5,leukocytes,HEY1 IP - K562 cells,,,
YY1,GDPD5,colon,YY1 IP - HCT116 cells,,,
MXI1,GDPD5,lung,MXI1 IP - IMR cells,,,
ATF3,GDPD5,lung,ATF3 IP - A549 cells,,,
KLF5,GDPD5,pancreas,KLF5 IP,,,
NFYA,GDPD5,uterus,NFYA IP - HeLa cells,,,
CREB1,GDPD5,stemcells,CREB1 IP - H1 cells,,,
GABPA,GDPD5,prostate,GABPA IP - Rep 1,,,
FOXM1,GDPD5,uterus,FOXM1 IP - ECC1 cells,,,
MAX,GDPD5,cns,MAX IP - SK-N-SH cells,,,
CEBPB,GDPD5,uterus,"CEBPB IP - ECC1 cells, CEBPB ChIP-Seq - HeLaS3",,,
GLI2,GDPD5,colon,GLI2 IP ,,,
TEAD4,GDPD5,liver,TEAD4 IP - HepG2 cells,,,
JQ1,GDPD5,prostate,JQI | ERG ChIP-Seq - Rep 1,,,
BAY082,GDPD5,leukocytes,"RELA IP | BAY082  - IVD Th1 cells, PIA",,,
CEBPB,GDPD5,lung,CEBPB ChIP-Seq - IMR90,,,
TEAD4,GDPD5,stemcells,TEAD4 IP - H1 cells,,,
BHLHE40,GDPD5,leukocytes,"BHLHE40 IP - K562 cells, BHLHE40 IP - GM12878 cells",,,
HOXA4,GDPD5,colon,HOXA4 IP ,,,
TCF12,GDPD5,uterus,TCF12 IP - ECC1 cells,,,
SP1,GDPD5,colon,SP1 IP - HCT116 cells,,,
TCF12,GDPD5,cns,TCF12 IP - SK-N-SH cells,,,
YY1,GDPD5,uterus,YY1 IP - ECC1 cells,,,
MTA3,GDPD5,leukocytes,MTA3 IP - GM12878 cells,,,
TBP,GDPD5,stemcells,TBP IP - H1 cells,,,
MAZ,GDPD5,liver,MAZ IP - HepG2 cells,,,
ROSI,GDPD5,leukocytes,ROSI | SPI1 ChIP-Seq,,,
POU2F2,GDPD5,leukocytes,POU2F2 IP - GM12878 cells,,,
17BE2,GDPD5,mammarygland,17BE2 | FOXA1 ChIP-Seq - Rep 1,,,
FOXM1,GDPD5,leukocytes,FOXM1 IP - GM12878 cells,,,
BATF,GDPD5,leukocytes,BATF IP - GM12878 cells,,,
EGR1,GDPD5,uterus,EGR1 IP - ECC1 cells,,,
GTF2B,GDPD5,uterus,GTF2B IP - Rep 2,,,
CUX1,GDPD5,leukocytes,CUX1 IP - K562 cells,,,
FOXA1,GDPD5,stemcells,FOXA1 IP - Rep 5 ,,,
SP1,GDPD5,liver,SP1 IP - HepG2 cells,,,
BCL11A,GDPD5,leukocytes,BCL11A IP - GM12878 cells,,,
ZNF263,GDPD5,kidney,ZNF263 IP - HEK293 cells,,,
MYBL2,GDPD5,liver,MYBL2 IP - HepG2 cells,,,
CTCF,PNPLA6,placenta,"CTCF IP - HVMF cells, Rep 1 , CTCF IP - HVMF cells, Rep 2 ",,,
CTCF,PNPLA6,lung,"CTCF IP | DEX - A549 cells , CTCF IP - SAEC cells, Rep 2 , CTCF IP - A549 cells , CTCF IP - NHLF cells , CTCF IP - WI-38 cells, Rep 2 , CTCF IP - HPF cells, Rep 1 , CTCF IP - AG04450 cells, Rep 2 , CTCF IP - AG04450 cells, Rep 1 , CTCF IP - HPF cells, Rep 2 , CTCF IP - NHLF cells , CTCF IP - IMR cells, CTCF ChIP-Seq - A549",,,
DEX,PNPLA6,lung,"CTCF IP | DEX - A549 cells , CREB1 IP | DEX - A549 cells",,,
GABPA,PNPLA6,lung,GABPA IP - A549 cells,,,
GATA4,PNPLA6,stomach,GATA4 IP - AGS,,,
JUN,PNPLA6,leukocytes,"JUN IP | IFNA1-13 - 30 min , JUN IP - K562 cells, Rep 1, JUN IP - K562 cells, Rep 2",,,
IFNA1,PNPLA6,leukocytes,"JUN IP | IFNA1-13 - 30 min , MYC IP | IFNA1 - K562 cells, 6 h, MYC IP | IFNA1 - K562 cells, 30 min, IRF1 IP | IFNA1-13 - K562 cells, 6 h",,,
CREB1,PNPLA6,prostate,"CREB1 ChIP-Seq - LNCaP-abl, CREB1 ChIP-Seq - Rep 2, FOXA1 siRNA | CREB1 ChIP-Seq - Rep 2, CREB1 ChIP-Seq - Rep 1, CREB1 siRNA | FOXA1 ChIP-Seq - Rep 2, FOXA1 siRNA | CREB1 ChIP-Seq - Rep 1, CREB1 ChIP-Seq - LNCaP",,,
ETS1,PNPLA6,pancreas,ETS1 IP,,,
THAP11,PNPLA6,stemcells,"THAP11 IP - Rep 1 , THAP11 IP - Rep 2 , THAP11 IP - Rep 3 , THAP11 IP - Rep 4 , THAP11 IP - Rep 5 ",,,
CTCF,PNPLA6,leukocytes,"CTCF IP - GM2588 cells, Rep 1 , CTCF IP - GM12892 cells, Rep 2 , CTCF IP - GM12890 cells, Rep 1 , CTCF IP - GM18486 cells, Rep 3 , CTCF IP - GM11831 cells, CTCF IP - GM2255 cells, Rep 2 , CTCF IP - GM2588 cells, Rep 2 , CTCF IP - GM12154 cells, Rep 1, CTCF IP - GM2630 cells, Rep 2 , CTCF IP - MS1 cells, Rep 3 , CTCF IP - GM2610 cells, Rep 2 , CTCF IP - GM19240 cells, Rep 2 , CTCF IP - GM12878 cells, Rep 2 , CTCF IP - GM19238 cells, Rep 1 , CTCF IP - GM19238 cells, Rep 2 , CTCF IP - GM06990 cells, Rep 1 , CTCF IP - GM2255 cells, Rep 3 , CTCF IP - GM06986 cells, CTCF IP - GM12891 cells, Rep 2 , CTCF IP - GM2630 cells, Rep 1 , CTCF IP - GM19240 cells, Rep 1 , CTCF IP - HeLa cells, Rep 2 , CTCF IP - GM19099 cells, Rep 1 , CTCF IP - GM12814 cells, Rep 1, CTCF IP - GM19239 cells, Rep 2 , CTCF IP - GM12878 cells, Rep 1 , CTCF IP - GM19239 cells, Rep 1 , CTCF IP - GM12890 cells, Rep 2 , CTCF IP - GM2255 cells, Rep 1 , CTCF IP - GM12891 cells, Rep 1 , CTCF IP - MS1 cells, Rep 4 , CTCF IP - GM06990 cells, Rep 2 , CTCF IP - K562 cells, CTCF ChIP-Seq - GM12878, CTCF IP - GM18486 cells, Rep 1 , CTCF IP - GM12871 cells , CTCF IP - K562 cells, Rep 12 , CTCF IP - GM12892 cells, Rep 1 , CTCF IP - GM2610 cells, Rep 3 , CTCF IP - GM2610 cells, Rep 1 , CTCF IP - GM2588 cells, Rep 3 , CTCF IP -  DND , CTCF IP - MS1 cells, Rep 2 , CTCF IP - GM2630 cells, Rep 3 , CTCF IP - GM12890 cells, Rep 3 , CTCF IP, CTCF IP - MS1 cells, Rep 1 ",,,
TBP,PNPLA6,leukocytes,TBP IP - K562 cells,,,
SP1,PNPLA6,colon,SP1 IP - HCT116 cells,,,
PBX3,PNPLA6,lung,PBX3 IP - A549 cells,,,
MYC,PNPLA6,leukocytes,"MYC IP | IFNG - K562 cells, 30 min, MYC IP | IFNA1 - K562 cells, 6 h, MYC IP - K562 cells, Rep 2, MYC IP | IFNA1 - K562 cells, 30 min, MYC IP - NB4 cells, MYC IP - K562 cells, Rep 1, MYC IP | IFNG - K562 cells, 6 h",,,
IFNG,PNPLA6,leukocytes,"MYC IP | IFNG - K562 cells, 30 min, STAT1 IP - Rep 5, STAT1 IP - Rep 3, IRF1 IP | IFNG - K562 cells, 30 min, IRF1 IP | IFNG - K562 cells, 6 h, STAT1 IP - Rep 1, STAT1 IP - Rep 4, STAT1 IP - Rep 2, STAT1 IP - Rep 6, MYC IP | IFNG - K562 cells, 6 h, IRF1 IP - Rep 3",,,
TEAD4,PNPLA6,colon,TEAD4 IP - HCT116 cells,,,
OTX2,PNPLA6,stemcells,"OTX2 IP - Rep 2 , OTX2 IP - Rep 10 , OTX2 IP - Rep 3 , OTX2 IP - Rep 6 , OTX2 IP - Rep 4 , OTX2 IP - Rep 8 ",,,
YY1,PNPLA6,leukocytes,"YY1 IP - K562 cells, Rep 2, YY1 IP - K562 cells, YY1 IP - GM12892 cells, Rep 1, YY1 IP - GM12878 cells, YY1 IP - GM12891 cells, YY1 IP - K562 cells, Rep 1",,,
UBTF,PNPLA6,leukocytes,UBTF IP - K562 cells,,,
RELA,PNPLA6,colon,RELA IP ,,,
PAX5,PNPLA6,leukocytes,"PAX5 IP - GM12891 cells, PAX5 IP - GM12878 cells, Rep 1, PAX5 IP - GM12878 cells, Rep 2, PAX5 IP - GM12892 cells",,,
CTCF,PNPLA6,colon,"CTCF IP - HCT116 cells, CTCF IP - Caco ",,,
CEBPB,PNPLA6,uterus,CEBPB ChIP-Seq - HeLaS3,,,
GABPA,PNPLA6,prostate,"GABPA IP - Rep 1, GABPA IP | R1881",,,
REST,PNPLA6,stemcells,"REST IP - H1 cells, Rep 1",,,
STAT3,PNPLA6,leukocytes,"STAT3 IP - SU-DHL-10, STAT3 IP - U-2932, STAT3 IP - SU-DHL-6, STAT3 IP - OCI-LY19, STAT3 IP - SU-DHL-4, STAT3 IP - OCI-LY10, STAT3 IP - OCI-LY7",,,
MAX,PNPLA6,vasculature,MAX IP - HUVEC cells,,,
RUNX1,PNPLA6,leukocytes,"RUNX1 IP - N terminus 2, RUNX1 IP, SPI1 IP | RUNX1 KD, RUNX1 IP - Rep 1, RUNX1 IP - Rep 2, RUNX1 IP, RUNX1 IP - N terminus 1",,,
CTCF,PNPLA6,skin,"CTCF IP - AG09309 cells, Rep 1 , CTCF IP - NHEK cells , CTCF IP - BJ cells, Rep 1 , CTCF IP - NHDF cells , CTCF IP - HFFC cells, Rep 1 , CTCF IP - NHDF cells, Rep 1 , CTCF IP - NHDF cells, Rep 2 , CTCF IP - AG10803 cells, Rep 1 , CTCF IP - AG04449 cells, Rep 1 , CTCF IP - HFFC cells, Rep 3 , CTCF IP - AG10803 cells, Rep 2 , CTCF IP - BJ cells, Rep 2 , CTCF IP - AG04449 cells, Rep 2 ",,,
KLF5,PNPLA6,stomach,KLF5 IP - KATOIII,,,
SRF,PNPLA6,leukocytes,"SRF IP - SK-N-SH cells, SRF IP - GM12878 cells, Rep 2",,,
TP53,PNPLA6,mammarygland,TP53 IP,,,
ZNF143,PNPLA6,colon,ZNF143 IP ,,,
ELF1,PNPLA6,cns,ELF1 IP - SK-N-SH cells,,,
FOXA2,PNPLA6,embryonictissue,FOXA2 IP - Rep 2,,,
REST,PNPLA6,cns,"REST IP - U87 cells, REST IP - SK cells, REST IP - PFSK1 cells, Rep 2",,,
MXI1,PNPLA6,cns,MXI1 IP - SK-N-SH cells ,,,
MXI1,PNPLA6,leukocytes,"MXI1 IP - GM12878 cells, MXI1 IP - K562 cells",,,
TCF3,PNPLA6,leukocytes,TCF3 IP - GM12878 cells,,,
SPI1,PNPLA6,leukocytes,"ROSI | SPI1 ChIP-Seq, SPI1 IP, SPI1 IP | RUNX1 KD, SPI1 IP - U-937 cells, Rep 5 , SPI1 IP, SPI1 IP - GM12878 cells, SPI1 IP, SPI1 IP - U-937 cells, Rep 1 , SPI1 IP, SPI1 IP - GM12878 cells, Rep 2 , SPI1 IP - K562 cells, SPI1 IP - HL-60 cells, Rep 4 , SPI1 IP - U-937 cells, Rep 2 , SPI1 IP - HL cells, SPI1 IP, SPI1 IP, SPI1 IP, SPI1 IP, SPI1 IP - U-937 cells, Rep 6 , SPI1 IP - GM12891 cells, SPI1 IP, SPI1 IP, SPI1 IP - U-937 cells, Rep 4 , SPI1 IP - GM12878 cells, Rep 3 , SPI1 IP - U-937 cells, Rep 3 , SPI1 IP - HL-60 cells, Rep 2 , SPI1 IP - GM12878 cells, Rep 4 , SPI1 IP, SPI1 IP - HL-60 cells, Rep 1 ",,,
ROSI,PNPLA6,leukocytes,ROSI | SPI1 ChIP-Seq,,,
SOX17,PNPLA6,stemcells,SOX17 IP - Rep 4 ,,,
ZNF280D,PNPLA6,colon,ZNF280D IP ,,,
STAT1,PNPLA6,uterus,"STAT1 IP | IFNG - HeLa cells, 30 min",,,
IFNG,PNPLA6,uterus,"STAT1 IP | IFNG - HeLa cells, 30 min",,,
CREB1,PNPLA6,lung,"CREB1 IP | DEX - A549 cells, CREB1 IP - A549 cells, Rep 2, CREB1 IP - A549 cells, Rep 1",,,
ZNF263,PNPLA6,kidney,ZNF263 IP - HEK293 cells,,,
PDX1,PNPLA6,pancreas,PDX1 IP,,,
ZNF143,PNPLA6,leukocytes,"ZNF143 IP - GM12878 cells, ZNF143 IP - K562, ZNF143 IP - HPB-ALL, ZNF143 IP - K562 cells",,,
MAX,PNPLA6,leukocytes,"MAX IP - GM12878 cells, MAX IP - NB4 cells, MAX IP - K562 cells, MAX IP - K562 cells, Rep 2",,,
CTCF,PNPLA6,cns,"CTCF IP - HCPEpiC cells, Rep 1 , CTCF IP - SK-N-SH cells , CTCF IP - HCPEpiC cells, Rep 2 , CTCF IP - SK-N-SH cells, Rep 2 , CTCF IP - NHA cells , CTCF IP - SK-N-SH cells, Rep 1 , CTCF IP - SK cells, CTCF IP - cerebellar astrocyte cells, Rep 2 , CTCF IP - spinal cord astrocyte cells, Rep 2 ",,,
GABPA,PNPLA6,liver,"GABPA IP, GABPA IP, GABPA IP - MCF7 cells, GABPA IP - HepG2 cells, GABPA IP",,,
ELK1,PNPLA6,leukocytes,"ELK1 IP - K562 cells, ELK1 IP - GM12878 cells",,,
YY1,PNPLA6,colon,YY1 IP - HCT116 cells,,,
ZNF83,PNPLA6,colon,ZNF83 IP ,,,
CREB1,PNPLA6,liver,"CREB1 IP - HepG2 cells, CREB1 IP, CREB1 IP, CREB1 IP",,,
SIX2,PNPLA6,kidney,"SIX2 IP - 17 weeks, Rep 2",,,
RELA,PNPLA6,leukocytes,"RELA IP | TNF - GM19099 cells, RELA IP | TNF - GM15510 cells, RELA IP | TNF - GM18951 cells, RELA IP | TNF - GM18505 cells, RELA IP | BAY082  - IVD Th1 cells, PIA, RELA IP | TNF - GM19193 cells",,,
MAX,PNPLA6,cns,MAX IP - SK-N-SH cells,,,
SREBF1,PNPLA6,liver,SREBF1 IP | INS + 22RHC - HepG2 cells,,,
22RHC; INS,PNPLA6,liver,SREBF1 IP | INS + 22RHC - HepG2 cells,,,
TCF12,PNPLA6,leukocytes,TCF12 IP - GM12878 cells,,,
ZBTB17,PNPLA6,bone,"ZBTB17 IP, ZBTB17 IP",,,
KLF11,PNPLA6,adiposetissue,"ROSI (BrAT) | KLF11 ChIP-Seq, Rep 1, KLF11 ChIP-Seq, Rep 1, ROSI (BrAT) | KLF11 ChIP-Seq, Rep 2, KLF11 ChIP-Seq, Rep 2",,,
ROSI,PNPLA6,adiposetissue,"ROSI (BrAT) | KLF11 ChIP-Seq, Rep 1, ROSI (BrAT) | KLF11 ChIP-Seq, Rep 2",,,
EGR1,PNPLA6,uterus,EGR1 IP - ECC1 cells,,,
MAZ,PNPLA6,liver,MAZ IP - HepG2 cells,,,
ELK1,PNPLA6,uterus,ELK1 IP - HeLa cells,,,
REST,PNPLA6,pancreas,"REST IP - Panc1 cells, Rep 3",,,
CTCF,PNPLA6,kidney,"CTCF IP - RPTEC cells, Rep 2 , CTCF IP - HRE cells, Rep 1 , CTCF IP - RPTEC cells, Rep 1 ",,,
MYB,PNPLA6,leukocytes,"MYB IP - MOLT3, MYB IP - Jurkat, Rep 5, MYB IP - Jurkat, Rep 4, MYB IP - Jurkat, Rep 2, MYB IP - Jurkat, Rep 3, MYB IP - Jurkat, Rep 1",,,
GLI2,PNPLA6,colon,GLI2 IP ,,,
CTCF,PNPLA6,liver,"CTCF IP, CTCF IP - SK-N-SH cells",,,
FOXP2,PNPLA6,cns,FOXP2 IP - PFSK-1 cells,,,
CTCF,PNPLA6,mammarygland,"CTCF IP - HMEC cells, Rep 2 , CTCF IP - HMEC cells, Rep 1 , CTCF IP - HMF cells, Rep 2 , CTCF IP - HMF cells, Rep 1 ",,,
HOXA6,PNPLA6,colon,HOXA6 IP ,,,
SP1,PNPLA6,leukocytes,SP1 IP - GM12878 cells,,,
ETS1,PNPLA6,lung,ETS1 IP - A549 cells,,,
CTCF,PNPLA6,heart,"CTCF IP - myocytes cells, Rep 1 ",,,
ZBTB7A,PNPLA6,uterus,ZBTB7A IP - ECC1 cells,,,
E2F4,PNPLA6,leukocytes,"E2F4 IP - GM12878 cells, E2F4 IP - K562 cells",,,
ATF2,PNPLA6,stemcells,ATF2 IP - H1 cells,,,
E2F1,PNPLA6,prostate,"BICALU | E2F1 ChIP-Seq - Rep 3, HES6 OE | E2F1 ChIP-Seq - Rep 3, E2F1 ChIP-Seq - Rep 2, E2F1 ChIP-Seq - Rep 3, HES6 OE | E2F1 ChIP-Seq - Rep 1, HES6 OE + BICALU | E2F1 ChIP-Seq - Rep 1, E2F1 ChIP-Seq - Rep 4, E2F1 ChIP-Seq - Rep 1, HES6 OE + BICALU | E2F1 ChIP-Seq - Rep 3, BICALU | E2F1 ChIP-Seq - Rep 1",,,
BICALU,PNPLA6,prostate,"BICALU | E2F1 ChIP-Seq - Rep 3, HES6 OE + BICALU | E2F1 ChIP-Seq - Rep 1, HES6 OE + BICALU | E2F1 ChIP-Seq - Rep 3, BICALU | E2F1 ChIP-Seq - Rep 1",,,
YY1,PNPLA6,cns,"YY1 IP - SK-N-SH cells, YY1 IP | ATRA - SK-N-SH cells",,,
TNF,PNPLA6,leukocytes,"RELA IP | TNF - GM15510 cells, RELA IP | TNF - GM18951 cells, RELA IP | TNF - GM18505 cells, RELA IP | TNF - GM19193 cells",,,
MAX,PNPLA6,colon,MAX IP - HCT116 cells,,,
TP53,PNPLA6,lung,"TP53 IP - propapoptic, Rep 1",,,
CREB1,PNPLA6,leukocytes,"CREB1 IP - GM12878 cells, CREB1 IP, CREB1 IP, CREB1 IP - K562 cells",,,
CTCF,PNPLA6,vasculature,"CTCF IP - HUVEC cells , CTCF IP - HBMEC cells, Rep 1 , CTCF IP - HUVEC cells, Rep 1 , CTCF IP - HPAF cells, Rep 2 , CTCF IP - HPAF cells, Rep 1 ",,,
CEBPB,PNPLA6,leukocytes,"CEBPB IP, CEBPB IP | oxLDL  - Rep 208, CEBPB ChIP-Seq - K562",,,
R1881,PNPLA6,prostate,GABPA IP | R1881,,,
STAT3,PNPLA6,mammarygland,"STAT3 IP | 4HT - MCF10 cells, 36 h, STAT3 IP | 4HT - MCF10 cells, 12 h, STAT3 IP - MCF10A cells, Rep 2",,,
4HT,PNPLA6,mammarygland,"STAT3 IP | 4HT - MCF10 cells, 36 h, STAT3 IP | 4HT - MCF10 cells, 12 h, FOS IP | 4HT - MCF10A cells, 12 h, E2F4 IP | 4HT - MCF10 cells",,,
HEY1,PNPLA6,leukocytes,HEY1 IP - K562 cells,,,
E2F3,PNPLA6,colon,E2F3 IP ,,,
GABPA,PNPLA6,leukocytes,"GABPA IP - GM12878 cells, Rep 5 , GABPA IP - GM12878 cells, Rep 4 , GABPA IP - Jurkat, Rep 2, GABPA IP - GM12878 cells, Rep 1 , GABPA IP - GM12878 cells, Rep 3 , GABPA IP - GM12878 cells, GABPA IP - HL cells, GABPA IP - K562 cells, GABPA IP - Jurkat, Rep 1, GABPA IP - GM12878 cells, Rep 2 ",,,
STAT2,PNPLA6,colon,STAT2 IP ,,,
FOXA1,PNPLA6,prostate,"FOXA1 siRNA | CREB1 ChIP-Seq - Rep 2, CREB1 siRNA | FOXA1 ChIP-Seq - Rep 2, CON KD  | FOXA1 ChIP-Seq, FOXA1 siRNA | CREB1 ChIP-Seq - Rep 1",,,
E2F6,PNPLA6,stemcells,E2F6 IP - H1 cells,,,
SMAD1,PNPLA6,hspcs,SMAD1 IP - Rep 2,,,
MYC,PNPLA6,mammarygland,"MYC IP, DHT | MYC ChIP-Seq, MYC IP - MCF-10A cells",,,
ETS1,PNPLA6,prostate,ETS1 IP,,,
SP1,PNPLA6,liver,SP1 IP - HepG2 cells,,,
CREB1,PNPLA6,uterus,CREB1 IP - ECC1 cells,,,
SRF,PNPLA6,uterus,SRF IP - ECC1 cells,,,
GATA3,PNPLA6,mammarygland,"GATA3 IP - T47D cells, GATA3 IP - MCF7 cells",,,
MAX,PNPLA6,uterus,"MAX IP - ECC1 cells, MAX IP - HeLa cells, Rep 2, MAX IP - HeLa cells, Rep 1",,,
HES6,PNPLA6,prostate,"HES6 OE | E2F1 ChIP-Seq - Rep 3, HES6 OE | E2F1 ChIP-Seq - Rep 1, HES6 OE + BICALU | E2F1 ChIP-Seq - Rep 1, HES6 OE + BICALU | E2F1 ChIP-Seq - Rep 3",,,
CTCF,PNPLA6,megakaryocytelineage,"CTCF IP - MEG-01 cells, Rep 8 , CTCF IP - MEG-01 cells, Rep 6 , CTCF IP - MEG-01 cells, Rep 2 , CTCF IP - MEG-01 cells, Rep 10 , CTCF IP - MEG-01 cells, Rep 4 ",,,
SIX5,PNPLA6,stemcells,SIX5 IP - H1 cells,,,
ELF1,PNPLA6,mammarygland,ELF1 IP - MCF7 cells,,,
CTCF,PNPLA6,uterus,CTCF IP - HeLa cells ,,,
HEY1,PNPLA6,liver,HEY1 IP - HepG2 cells,,,
USF1,PNPLA6,liver,USF1 IP - HepG2 cells,,,
ZBTB7A,PNPLA6,leukocytes,ZBTB7A IP - SK-N-SH cells,,,
EBF1,PNPLA6,leukocytes,"EBF1 IP - GM12878 cells, EBF1 IP - GM12878 cells",,,
ATF3,PNPLA6,colon,"ATF3 IP | CAMPTO, ATF3 IP - HCT116 cells",,,
ATRA,PNPLA6,cns,"YY1 IP | ATRA - SK-N-SH cells, USF1 IP | ATRA - SK-N-SH cells",,,
STAT5B,PNPLA6,leukocytes,"STAT5B IP | H9, Rep 2, STAT5B IP | H9RET, Rep 2, STAT5B IP | IL2 - Rep 2",,,
H9,PNPLA6,leukocytes,"STAT5B IP | H9, Rep 2",,,
STAT1,PNPLA6,leukocytes,"STAT1 IP - Rep 5, STAT1 IP - Rep 3, STAT1 IP - Rep 1, STAT1 IP - Rep 4, STAT1 IP - Rep 2, STAT1 IP - Rep 6",,,
IRF1,PNPLA6,colon,IRF1 IP ,,,
SRF,PNPLA6,colon,SRF IP - HCT116 cells,,,
MYC,PNPLA6,lung,MYC IP - A549 cells,,,
CTCF,PNPLA6,sensory,"CTCF IP - HRPEpiC cells, Rep 1 , CTCF IP - HRPEpiC cells, Rep 2 ",,,
TEAD4,PNPLA6,liver,TEAD4 IP - HepG2 cells,,,
MAX,PNPLA6,liver,"MAX IP - MCF7 cells, MAX IP - HepG2 cells",,,
TFAP4,PNPLA6,leukocytes,"TFAP4 IP - Rep 1, TFAP4 IP - Rep 2",,,
USF1,PNPLA6,cns,"USF1 IP | ATRA - SK-N-SH cells, USF1 IP - SK-N-SH cells",,,
GATA1,PNPLA6,hspcs,"GATA1 IP - PBDE cells, Rep 1",,,
CREB1,PNPLA6,colon,CREB1 IP ,,,
ELF1,PNPLA6,leukocytes,"ELF1 IP - SK-N-SH cells, ELF1 IP - SK-N-SH cells","20517297,",,
BARX1,PNPLA6,colon,BARX1 IP - Rep 1 ,,,
YY1,PNPLA6,uterus,YY1 IP - ECC1 cells,,,
JUND,PNPLA6,cns,"JUND IP - SK-N-SH cells , JUND IP - SK-N-SH cells",,,
USF1,PNPLA6,stemcells,USF1 IP - H1 cells,,,
ATF3,PNPLA6,stemcells,ATF3 IP - H1 cells,,,
ATF2,PNPLA6,colon,ATF2 IP ,,,
PBX3,PNPLA6,cns,PBX3 IP - SK-N-SH cells,,,
IRF1,PNPLA6,leukocytes,"IRF1 IP | IFNG - K562 cells, 30 min, IRF1 IP | IFNG - K562 cells, 6 h, IRF1 IP - Rep 3, IRF1 IP | IFNA1-13 - K562 cells, 6 h",,,
HMGN3,PNPLA6,leukocytes,HMGN3 IP - K562 cells,,,
CTCF,PNPLA6,adiposetissue,"CTCF ChIP-Seq - d 9, CTCF ChIP-Seq - d -2, CTCF ChIP-Seq - d 0",,,
GATA1,PNPLA6,leukocytes,"GATA1 ChIP-Seq - SC266, GATA1 ChIP-Seq - K562",,,
JUN,PNPLA6,mammarygland,"JUN IP - Rep 2, JUN IP - Rep 1",,,
TEAD4,PNPLA6,mammarygland,"TEAD4 IP - Rep 1, TEAD4 IP - Rep 2",,,
RBPJ,PNPLA6,leukocytes,"RBPJ IP | COMPE - wash, RBPJ IP | COMPE",,,
COMPE,PNPLA6,leukocytes,"RBPJ IP | COMPE - wash, RBPJ IP | COMPE",,,
BHLHE40,PNPLA6,leukocytes,"BHLHE40 IP - K562 cells, BHLHE40 IP - GM12878 cells",,,
SIX5,PNPLA6,leukocytes,"SIX5 IP - K562 cells, Rep 1, SIX5 IP - GM12878 cells, SIX5 IP - K562 cells, Rep 2",,,
RUNX1,PNPLA6,hspcs,RUNX1,,,
SP1,PNPLA6,lung,SP1 IP - A549 cells,,,
GABPA,PNPLA6,uterus,GABPA IP - HeLa cells,,,
SRF,PNPLA6,mammarygland,SRF IP - MCF7 cells,,,
ZNF143,PNPLA6,uterus,"ZNF143 IP - HeLa, Rep 1, ZNF143 Ip - HeLa, Rep 2, ZNF143 IP - HeLa cells",,,
USF1,PNPLA6,lung,"USF1 IP - A549 cells, Rep 2",,,
REST,PNPLA6,leukocytes,REST IP - HL60 cells,,,
TCF7L2,PNPLA6,mammarygland,TCF7L2 ChIP-Seq,,,
SIX5,PNPLA6,lung,SIX5 IP | DEX - A549 cells,,,
ERG,PNPLA6,prostate,ERG ChIP-Seq,,,
GTF2F1,PNPLA6,uterus,GTF2F1 IP - HeLa cells,,,
SREBF1,PNPLA6,leukocytes,SREBF1 IP - GM12878 cells,,,
GATA2,PNPLA6,hspcs,GATA2 IP,,,
NFKB1,PNPLA6,leukocytes,"NFKB1 IP - Rep 1, NFKB1 IP - Rep 2",,,
FOS,PNPLA6,mammarygland,"FOS IP | 4HT - MCF10A cells, 12 h",,,
STAT3,PNPLA6,uterus,STAT3 IP - HeLa cells,,,
MXI1,PNPLA6,stemcells,MXI1 IP - H1 cells,,,
MXI1,PNPLA6,lung,MXI1 IP - IMR cells,,,
FOSL1,PNPLA6,colon,FOSL1 IP - HCT116 cells,,,
TBP,PNPLA6,stemcells,TBP IP - H1 cells,,,
E2F4,PNPLA6,mammarygland,E2F4 IP | 4HT - MCF10 cells,,,
CTCF,PNPLA6,miscellaneous,"CTCF IP - AG09319 cells, Rep 1 , CTCF IP - AG09319 cells, Rep 2 ",,,
ZEB1,PNPLA6,liver,ZEB1 IP - HepG2 cells,,,
FOSL2,PNPLA6,cns,FOSL2 IP - SK-N-SH cells,,,
JUND,PNPLA6,colon,JUND IP - HCT116 cells,,,
GABPA,PNPLA6,cns,GABPA IP - SK-N-SH cells,,,
YY1,PNPLA6,lung,YY1 IP - A549 cells,,,
ZNF143,PNPLA6,kidney,ZNF143 IP - HEK293-T-rex,,,
DHT,PNPLA6,mammarygland,"DHT | MYC ChIP-Seq, DHT | FOXA1 ChIP-Seq",,,
ATF2,PNPLA6,leukocytes,ATF2 IP - GM12878 cells,,,
IRF4,PNPLA6,leukocytes,IRF4 IP,,,
MAX,PNPLA6,stemcells,MAX IP - H1 cells,,,
ZNF143,PNPLA6,stemcells,ZNF143 IP - H1 cells,,,
CTCF,PNPLA6,bone,CTCF IP - Osteoblasts ,,,
FOXM1,PNPLA6,mammarygland,FOXM1 IP | THSP - DS006,,,
JUND,PNPLA6,stemcells,JUND IP - H1 cells,,,
ZEB1,PNPLA6,leukocytes,ZEB1 IP - GM12878 cells,,,
TEAD4,PNPLA6,stemcells,TEAD4 IP - H1 cells,,,
CEBPB,PNPLA6,stemcells,CEBPB IP,,,
H9RET,PNPLA6,leukocytes,"STAT5B IP | H9RET, Rep 2",,,
RUNX1T1,PNPLA6,leukocytes,RUNX1T1 IP,,,
JUND,PNPLA6,lung,JUND IP - A549 cells,,,
NFYC,PNPLA6,colon,NFYC IP ,,,
MAZ,PNPLA6,leukocytes,"MAZ IP - K562 cells, MAZ IP - GM12878 cells",,,
MAZ,PNPLA6,lung,MAZ IP - IMR cells,,,
TCF12,PNPLA6,lung,TCF12 IP - A549 cells,,,
BCL3,PNPLA6,leukocytes,BCL3 IP - GM12878 cells,,,
USF1,PNPLA6,uterus,USF1 IP - ECC1 cells,,,
CEBPB,PNPLA6,colon,CEBPB IP - HCT116 cells,,,
TAL1,PNPLA6,megakaryocytelineage,"TAL1 IP - CHRF-288-11 cells, Rep 1 , TAL1 IP - CHRF-288-11 cells, Rep 4 ",,,
BAY082,PNPLA6,leukocytes,"RELA IP | BAY082  - IVD Th1 cells, PIA",,,
ETV5,PNPLA6,colon,ETV5 IP ,,,
JUND,PNPLA6,leukocytes,"JUND IP - GM12878 cells, Rep 1 , JUND IP - K562 cells",,,
EGR1,PNPLA6,colon,EGR1 IP - HCT116 cells,,,
USF1,PNPLA6,colon,USF1 IP - HCT116 cells,,,
YY1,PNPLA6,liver,YY1 IP - HepG2 cells,,,
E2F6,PNPLA6,leukocytes,E2F6 IP - K562 cells,,,
TBP,PNPLA6,uterus,TBP IP - HeLa cells,,,
ETS1,PNPLA6,leukocytes,"ETS1 IP - K562 cells, ETS1 IP, ETS1 IP - GM12878 cells",,,
JUN,PNPLA6,colon,JUN IP ,,,
ELF1,PNPLA6,liver,ELF1 IP - HepG2 cells,,,
YY1,PNPLA6,stemcells,"YY1 IP - NT2 cells, YY1 IP - H1 cells",,,
HOXA4,PNPLA6,colon,HOXA4 IP ,,,
ELF1,PNPLA6,lung,ELF1 IP - A549 cells,,,
CREB1,PNPLA6,stemcells,CREB1 IP - H1 cells,,,
ATF1,PNPLA6,leukocytes,ATF1 IP - K562 cells,,,
BACH1,PNPLA6,stemcells,BACH1 IP - H1 cells,,,
GATA2,PNPLA6,cns,GATA2 ChIP-Seq SH-SY5Y,,,
TEAD4,PNPLA6,uterus,TEAD4 IP - ECC1 cells,,,
SRF,PNPLA6,stemcells,SRF IP - Rep 7 ,,,
TCF12,PNPLA6,cns,TCF12 IP - SK-N-SH cells,,,
GMEB2,PNPLA6,colon,GMEB2 IP ,,,
GATA6,PNPLA6,stomach,"GATA6 IP - YCC3, GATA6 IP - AGS",,,
EGR1,PNPLA6,leukocytes,"EGR1 IP - GM12878 cells, Rep 1, EGR1 IP - K562 cells",,,
ATF3,PNPLA6,leukocytes,"ATF3 IP - K562 cells, ATF3 IP - GM12878 cells",,,
TCF12,PNPLA6,uterus,TCF12 IP - ECC1 cells,,,
ATF3,PNPLA6,liver,ATF3 IP - HepG2 cells,,,
GATA4,PNPLA6,stemcells,"GATA4 IP - Rep 1 , GATA4 IP - Rep 13 ",,,
ERG,PNPLA6,leukocytes,ERG IP - Rep 1,,,
CTCF,PNPLA6,hspcs,"CTCF IP - HEL 92.1.7 cells, Rep 2 ",,,
ELF1,PNPLA6,colon,ELF1 IP - HCT116 cells,,,
FOSL2,PNPLA6,liver,FOSL2 IP - HepG2 cells,,,
TEAD4,PNPLA6,leukocytes,TEAD4 IP - K562 cells,,,
MAX,PNPLA6,lung,MAX IP - A549 cells,,,
CEBPA,PNPLA6,leukocytes,CEBPA IP,,,
CTCF,PNPLA6,skeletalmuscle,"CTCF IP - HSMM cells, Rep 2 , CTCF IP - HSMM cells, Rep 1 ",,,
CEBPB,PNPLA6,lung,CEBPB ChIP-Seq - IMR90,,,
IL2,PNPLA6,leukocytes,STAT5B IP | IL2 - Rep 2,,,
MYC,PNPLA6,uterus,MYC IP - HeLa cells,,,
CTCF,PNPLA6,stemcells,"CTCF IP - Rep 6 , CTCF IP - Rep 5 ",,,
MAZ,PNPLA6,uterus,MAZ IP - HeLa cells,,,
REST,PNPLA6,liver,"REST IP - HepG2 cells, Rep 2",,,
EGR1,PNPLA6,liver,EGR1 IP - MCF7 cells,,,
FOXA1,PNPLA6,mammarygland,DHT | FOXA1 ChIP-Seq,,,
E2F1,PNPLA6,mammarygland,E2F1 IP,,,
TAL1,PNPLA6,colon,TAL1 IP ,,,
GATA3,PNPLA6,cns,GATA3 IP - SK-N-SH cells,,,
POU2F2,PNPLA6,leukocytes,POU2F2 IP - GM12878 cells,,,
SP1,PNPLA6,stemcells,SP1 IP - H1 cells,,,
JUND,PNPLA6,liver,JUND IP - HepG2 cells,,,
TEAD1,PNPLA6,cns,TEAD1 IP - Rep 1,,,
MXI1,PNPLA6,liver,MXI1 IP - HepG2 cells,,,
HIF1A,PNPLA6,bone,HIF1A IP,,,
ZNF76,PNPLA6,kidney,ZNF76 IP | ZNF76 OE,,,
CTCF,PNPLA7,leukocytes,"CTCF IP - K562 cells, Rep 15 , CTCF IP - GM2255 cells, Rep 1 , CTCF IP - GM12890 cells, Rep 2 , CTCF IP - GM12872 cells, Rep 3 , CTCF IP - GM12864 cells, Rep 2 , CTCF IP - GM12878 cells, Rep 1 , CTCF IP - HL , CTCF IP - GM19238 cells, Rep 1 , CTCF IP - HL-60 cells, Rep 5 , CTCF IP - GM19239 cells, Rep 1 , CTCF IP - GM12878 cells, Rep 2 , CTCF IP - GM10847 cells, Rep 2 , CTCF ChIP-Seq - GM12878, CTCF IP - CD14+ cells , CTCF IP - GM11811 cells, Rep 1, CTCF IP - GM12814 cells, Rep 2, CTCF IP - KU812 cells, Rep 5 , CTCF IP - HeLa cells, Rep 2 , CTCF IP -  CD20+ cells , CTCF IP - GM2610 cells, Rep 2 , CTCF IP - GM12489 cells, Rep 1, CTCF IP - K562 cells, CTCF IP - NB4 cells , CTCF IP - GM19240 cells, Rep 2 , CTCF IP - GM12234 cells, CTCF IP - GM12873 cells, Rep 1 , CTCF IP - GM12749 cells, Rep 1, CTCF IP - GM2255 cells, Rep 3 , CTCF IP - GM12878 cells, Rep 1 , CTCF IP - F36P cells, Rep 13 , CTCF IP - GM10847 cells, Rep 1 , CTCF IP - GM12867 cells , CTCF IP - GM19238 cells, Rep 2 , CTCF IP - F36P cells, Rep 14 , CTCF IP - GM12870 cells , CTCF IP - MS1 cells, Rep 1 , CTCF IP - GM2610 cells, Rep 3 , CTCF IP - GM18951 cells, Rep 1 , CTCF IP - UT-7 cells, Rep 6 , CTCF IP - GM07037 cells, CTCF IP - K562 cells, Rep 13 , CTCF IP - GM2610 cells, Rep 1 , CTCF IP, CTCF IP - GM12892 cells, Rep 1 , CTCF IP - MS1 cells, Rep 2 , CTCF IP - HL-60 cells, Rep 9 , CTCF IP - GM07346 cells, CTCF IP -  DND , CTCF IP - K562 cells, CTCF IP - F36P cells, Rep 2 , CTCF IP - GM12864 cells, Rep 1 , CTCF IP - K562 cells, Rep 12 , CTCF IP - GM12890 cells, Rep 3 , CTCF IP - GM2630 cells, Rep 3 , CTCF IP - GM18505 cells, Rep 1 , CTCF IP - GM11831 cells, CTCF IP - F36P cells, Rep 15 , CTCF IP - GM12815 cells, Rep 1, CTCF IP - GM19239 cells, Rep 2 , CTCF IP - K562 cells, Rep 4 , CTCF IP - GM12874 cells, Rep 1 , CTCF IP - K562 cells, Rep 1 , CTCF IP - GM12891 cells, Rep 2 , CTCF IP - GM12872 cells, CTCF IP - K562 cells, Rep 2 , CTCF IP - GM19240 cells, Rep 1 , CTCF IP - GM06990 cells, Rep 2 , CTCF IP - GM2630 cells, Rep 1 , CTCF IP - K562 cells, Rep 10 , CTCF IP - GM11994 cells, Rep 2, CTCF IP - GM12871 cells , CTCF IP - K562 cells, Rep 3 , CTCF IP - GM12154 cells, Rep 2, CTCF IP - F36P cells, Rep 10 , CTCF IP - GM12878 cells, Rep 2 , CTCF IP - GM19099 cells, Rep 2 , CTCF IP - GM19099 cells, Rep 1 , CTCF IP - K562 cells, Rep 7 , CTCF IP - GM12872 cells, Rep 1 , CTCF IP - K562 cells, CTCF IP - UT-7 cells, Rep 5 , CTCF IP - K562 cells , CTCF IP - K562 cells, Rep 1 , CTCF IP - GM06990 cells, Rep 1 , CTCF IP - GM11992 cells, Rep 1, CTCF IP - MS1 cells, Rep 3 , CTCF IP - F36P cells, Rep 9 , CTCF IP - F36P cells, Rep 5 , CTCF IP - GM2630 cells, Rep 2 , CTCF IP - UT-7 cells, Rep 4 , CTCF IP - F36P cells, Rep 6 , CTCF IP - GM12865 cells, Rep 2 , CTCF IP - GM2588 cells, Rep 2 , CTCF IP - K562 cells, Rep 8 , CTCF IP - GM11994 cells, Rep 1, CTCF IP - UT-7 cells, Rep 3 , CTCF IP - MS1 cells, Rep 4 , CTCF IP - HL-60 cells, Rep 3 , CTCF IP - KU812 cells, Rep 13 , CTCF IP - KU812 cells, Rep 17 , CTCF IP - GM12866 cells , CTCF IP - GM12154 cells, Rep 1, CTCF IP - GM12874 cells, CTCF IP - U-937 cells, Rep 2 , CTCF IP - K562 cells, Rep 11 , CTCF IP - GM2255 cells, Rep 2 , CTCF IP - GM12873 cells, Rep 3 , CTCF IP - GM18486 cells, Rep 1 , CTCF IP - GM11811 cells, Rep 2, CTCF IP - GM12869 cells , CTCF IP - HL-60 cells, Rep 7 , CTCF IP - KU812 cells, Rep 9 , CTCF IP - GM12875 cells, Rep 1 , CTCF IP - F36P cells, Rep 1 , CTCF IP - GM12891 cells, Rep 1 , CTCF IP - GM18486 cells, Rep 2 , CTCF IP - K562 cells, Rep 5 , CTCF IP - GM12865 cells, Rep 3 , CTCF IP - GM2588 cells, Rep 3 , CTCF IP - GM18526 cells, Rep 2 , CTCF IP - GM18951 cells, Rep 2 , CTCF IP - GM18505 cells, Rep 2 , CTCF IP - GM06986 cells, CTCF IP - GM19193 cells, Rep 1 , CTCF IP - GM12874 cells, Rep 2 , CTCF IP - K562 cells, Rep 16 , CTCF IP - GM12875 cells, Rep 2 , CTCF IP - F36P cells, Rep 7 , CTCF IP - K562 cells, Rep 9 , CTCF IP - KU812 cells, Rep 1 , CTCF IP - HL-60 cells, Rep 2 , CTCF IP - GM12815 cells, Rep 2, CTCF IP - F36P cells, Rep 11 , CTCF IP - F36P cells, Rep 3 , CTCF IP - GM18526 cells, Rep 1 , CTCF IP - GM11881 cells, CTCF IP - GM11894 cells, Rep 2, CTCF IP - F36P cells, Rep 17 , CTCF IP - GM12828 cells, CTCF IP - F36P cells, Rep 19 , CTCF IP - GM12872 cells, Rep 2 , CTCF IP - GM12892 cells, Rep 2 , CTCF IP - GM12005 cells, Rep 2, CTCF IP - GM12865 cells, Rep 1 , CTCF IP - GM12814 cells, Rep 1, CTCF IP - GM19193 cells, Rep 2 , CTCF IP - GM12868 cells , CTCF IP - GM12878 cells , CTCF IP - GM12890 cells, Rep 1 , CTCF IP - GM18486 cells, Rep 3 , CTCF IP - GM12873 cells, Rep 1 , CTCF IP - K562 cells, Rep 14 , CTCF IP - GM2588 cells, Rep 1 , CTCF IP - GM12864 cells, Rep 3 ",,,
FOXA1,PNPLA7,mammarygland,"DEX | FOXA1 ChIP-Seq - Rep 2, 17BE2 + TNF | FOXA1 ChIP-Seq - Rep 2, FOXA1 ChIP-Seq - Rep 2, FOXA1 ChIP-Seq - Rep 1, FOXA1 ChIP-Seq - Rep 1, 17BE2 | FOXA1 ChIP-Seq - Rep 2, FOXA1 ChIP-Seq - Rep 2, FOXA1 IP - T47D cells, FOXA1 IP | 17BE2 - MCF-7, 17BE2 | FOXA1 ChIP-Seq - Rep 1, DEX | FOXA1 ChIP-Seq - Rep 1, FOXA1 ChIP-Seq - Rep 1, FOXA1 ChIP-Seq - Rep 1, DEX | FOXA1 ChIP-Seq - Rep 2, 17BE2 | FOXA1 ChIP-Seq, 17BE2 + TNF | FOXA1 ChIP-Seq - Rep 1, FOXA1 IP - MCF-7, 17BE2 | FOXA1 ChIP-Seq - Rep 2, FOXA1 ChIP-Seq - Rep 2, 17BE2 | FOXA1 ChIP-Seq - Rep 2, DEX | FOXA1 ChIP-Seq - Rep 1, DEX | FOXA1 ChIP-Seq - Rep 1, 17BE2 | FOXA1 ChIP-Seq - Rep 1, FOXA1 ChIP-Seq, FOXA1 ChIP-Seq - Rep 2, TNF | FOXA1 ChIP-Seq - Rep 1, 17BE2 | FOXA1 ChIP-Seq - Rep 1, DHT | FOXA1 ChIP-Seq, TNF | FOXA1 ChIP-Seq - Rep 2, DEX | FOXA1 ChIP-Seq - Rep 2, 17BE2 | FOXA1 ChIP-Seq - Rep 1, 17BE2 | FOXA1 ChIP-Seq - Rep 2, FOXA1 IP - T47D",,,
DEX,PNPLA7,mammarygland,"DEX | FOXA1 ChIP-Seq - Rep 2, DEX | FOXA1 ChIP-Seq - Rep 1, DEX | FOXA1 ChIP-Seq - Rep 2, DEX | FOXA1 ChIP-Seq - Rep 1, DEX | FOXA1 ChIP-Seq - Rep 1, DEX | FOXA1 ChIP-Seq - Rep 2",,,
MAX,PNPLA7,lung,"MAX IP - A549 cells, MAX IP - A549 cells",,,
CREB1,PNPLA7,leukocytes,"CREB1 IP - GM12878 cells, CREB1 IP - K562 cells",,,
FOXA1,PNPLA7,prostate,"WT AR OE | FOXA1 ChIP-Seq, EtOH | FOXA1 ChIP-Seq - , DHT | FOXA1 ChIP-Seq, FOXA1 ChIP-Seq - Rep 1, GATA2 KD + R1881 | FOXA1 ChIP-Seq, FOXA1 ChIP-Seq - Rep 2, CREB1 siRNA | FOXA1 ChIP-Seq - Rep 1, FOXA1 ChIP-Seq, FOXA1 siRNA | CREB1 ChIP-Seq - Rep 2, FOXA1 KD | FOXA1 ChIP-Seq - Rep 2, FOXA1 KD | FOXA1 ChIP-Seq, CON KD | FOXA1 ChIP-Seq, R1881 | FOXA1 ChIP-Seq - Rep 2, CON KD + R1881 | FOXA1 ChIP-Seq - Rep 2, DHT | FOXA1 ChIP-Seq, FOXA1 ChIP-Seq - LNCaP, FOXA1 ChIP-Seq - LNCaP-abl, CON KD | FOXA1 ChIP-Seq, PIAS1 + R1881 | FOXA1 ChIP-Seq - Rep 2, FOXA1 ChIP-Seq - C4- Rep 2B, DHT | FOXA1 ChIP-Seq, DHT | FOXA1 ChIP-Seq, PIAS1 + R1881 | FOXA1 ChIP-Seq - Rep 1, FOXA1 ChIP-Seq, CON KD | FOXA1 ChIP-Seq, FOXA1 ChIP-Seq - Rep 2, FOXA1 siRNA | CREB1 ChIP-Seq - Rep 1, CREB1 siRNA | FOXA1 ChIP-Seq - Rep 2, POU2F1 KD + DHT | FOXA1 ChIP-Seq, EtOH | FOXA1 ChIP-Seq - Rep 2, CON KD  | FOXA1 ChIP-Seq, R1881 | FOXA1 ChIP-Seq - Rep 1, CON KD + R1881 | FOXA1 ChIP-Seq, FOXA1 ChIP-Seq, FOXA1 ChIP-Seq - Rep 1, FOXA1 KD | FOXA1 ChIP-Seq, CON KD + R1881 | FOXA1 ChIP-Seq - Rep 1, DHT | FOXA1 ChIP-Seq, FOXA1 ChIP-Seq, FOXA1 KD | FOXA1 ChIP-Seq - Rep 1, DHT | FOXA1 ChIP-Seq - C4- Rep 2B, FOXA1 ChIP-Seq, GATA2 KD  | FOXA1 ChIP-Seq, FOXA1 ChIP-Seq",,,
AR,PNPLA7,prostate,WT AR OE | FOXA1 ChIP-Seq,,,
CTCF,PNPLA7,colon,"CTCF IP - HCT116 cells, Rep 1 , CTCF IP - Rep 2 , CTCF IP - Caco-2 cells, Rep 1 , CTCF IP - Caco , CTCF IP - HCT116 cells, Rep 2 , CTCF IP - HCT116 cells",,,
CTCF,PNPLA7,cns,"CTCF IP - spinal cord astrocyte cells, Rep 2 , CTCF IP - HCPEpiC cells, Rep 2 , CTCF IP - cerebellar astrocyte cells, Rep 1 , CTCF IP - SK-N-SH cells, Rep 2 , CTCF IP - cerebellar astrocyte cells, Rep 2 , CTCF IP - BE(2)-C cells, Rep 1 , CTCF IP - SK-N-SH cells , CTCF IP - HCPEpiC cells, Rep 1 , CTCF IP - BE(2)-C cells, Rep 2 , CTCF IP - spinal cord astrocyte cells, Rep 1 , CTCF IP - SK cells, CTCF IP - SK-N-SH cells, Rep 1 , CTCF IP - NHA cells ",,,
REST,PNPLA7,stemcells,"REST IP - H1 cells, Rep 1",,,
CTCF,PNPLA7,lung,"CTCF IP - IMR cells, CTCF IP - AG04450 cells, Rep 2 , CTCF IP - HPF cells, Rep 2 , CTCF ChIP-Seq - A549, CTCF IP - AG04450 cells, Rep 1 , CTCF IP | DEX - A549 cells , CTCF IP - WI-38 cells, Rep 2 , CTCF IP - NHLF cells , CTCF IP - A549 cells, Rep 2 , CTCF IP | DEX - A549 cells, CTCF IP - A549 cells, CTCF IP - A549 cells, Rep 1 , CTCF IP - SAEC cells, Rep 2 , CTCF IP - A549 cells , CTCF IP - NHLF cells , CTCF IP - SAEC cells, Rep 1 , CTCF IP - WI-38 cells, Rep 1 , CTCF IP - HPF cells, Rep 1 ",,,
STAT1,PNPLA7,leukocytes,"STAT1 IP - Rep 5, STAT1 IP - Rep 4, STAT1 IP - Rep 3, STAT1 IP - Rep 2",,,
IFNG,PNPLA7,leukocytes,"STAT1 IP - Rep 5, STAT1 IP - Rep 4, STAT1 IP - Rep 3, STAT1 IP - Rep 2, MYC IP | IFNG - K562 cells, 6 h, IRF1 IP | IFNG - K562 cells, 6 h, MYC IP | IFNG - K562 cells, 30 min",,,
HMGN3,PNPLA7,leukocytes,HMGN3 IP - K562 cells,,,
KLF11,PNPLA7,adiposetissue,"ROSI (BrAT) | KLF11 ChIP-Seq, Rep 2, KLF11 ChIP-Seq, Rep 2, ROSI (BrAT) | KLF11 ChIP-Seq, Rep 1, KLF11 ChIP-Seq, Rep 1",,,
ROSI,PNPLA7,adiposetissue,"ROSI (BrAT) | KLF11 ChIP-Seq, Rep 2, ROSI (BrAT) | KLF11 ChIP-Seq, Rep 1",,,
MAX,PNPLA7,leukocytes,"MAX IP - K562 cells, Rep 2, MAX IP - K562 cells, Rep 1, MAX IP - GM12878 cells, MAX IP - NB4 cells, MAX IP - K562 cells",,,
17BE2; TNF,PNPLA7,mammarygland,"17BE2 + TNF | FOXA1 ChIP-Seq - Rep 2, 17BE2 + TNF | FOXA1 ChIP-Seq - Rep 1",,,
CTCF,PNPLA7,bone,"CTCF IP, CTCF IP - Osteoblasts ",,,
MYB,PNPLA7,leukocytes,"MYB IP - Jurkat, Rep 4, MYB IP - Jurkat, Rep 2, MYB IP - Jurkat, Rep 1, MYB IP - Jurkat, Rep 3, MYB IP - MOLT3",,,
USF1,PNPLA7,leukocytes,"USF1 IP - K562 cells, USF1 IP - GM12878 cells",,,
CREB1,PNPLA7,liver,"CREB1 IP, CREB1 IP, CREB1 IP, CREB1 IP - HepG2 cells",,,
ZNF143,PNPLA7,leukocytes,"ZNF143 IP - GM12878 cells, ZNF143 IP - K562 cells",,,
CTCF,PNPLA7,kidney,"CTCF IP - HEK293 cells, Rep 1 , CTCF IP - RPTEC cells, Rep 2 , CTCF IP - HRE cells, Rep 1 , CTCF IP - HRE cells, Rep 2 , CTCF IP - HEK293 cells, Rep 2 , CTCF IP - RPTEC cells, Rep 1 ",,,
MAX,PNPLA7,stemcells,"MAX IP - H1 cells, MAX IP - H1 cells",,,
CTCF,PNPLA7,vasculature,"CTCF IP - AoAFC cells, Rep 2 , CTCF IP - HPAF cells, Rep 2 , CTCF IP - HPAF cells, Rep 1 , CTCF IP - HUVEC cells, Rep 2 , CTCF IP - AoAFC cells, Rep 1 , CTCF IP - HBMEC cells, Rep 1 , CTCF IP - HUVEC cells , CTCF IP - HUVEC cells, Rep 1 , CTCF IP - HBMEC cells, Rep 2 ",,,
THAP1,PNPLA7,leukocytes,THAP1 IP - K562 cells,,,
CTCF,PNPLA7,miscellaneous,"CTCF IP - AG09319 cells, Rep 2 , CTCF IP - AG09319 cells, Rep 1 ",,,
DHT,PNPLA7,prostate,"DHT | FOXA1 ChIP-Seq, DHT | FOXP1 ChIP-Seq, DHT | FOXA1 ChIP-Seq, DHT | FOXA1 ChIP-Seq, DHT | FOXA1 ChIP-Seq, POU2F1 KD + DHT | FOXA1 ChIP-Seq, DHT | FOXA1 ChIP-Seq, DHT | FOXA1 ChIP-Seq - C4- Rep 2B",,,
TAL1,PNPLA7,leukocytes,TAL1 IP - MOLT3,,,
PAX5,PNPLA7,leukocytes,"PAX5 IP - GM12878 cells, Rep 1, PAX5 IP - GM12878 cells, Rep 2, PAX5 IP - GM12892 cells",,,
CTCF,PNPLA7,skin,"CTCF IP - NHEK cells, Rep 2 , CTCF IP - BJ cells, Rep 2 , CTCF IP - BJ cells, Rep 1 , CTCF IP - NHEK cells , CTCF IP - AG04449 cells, Rep 2 , CTCF IP - NHDF cells, Rep 2 , CTCF IP - GM12878 cells, Rep 2 , CTCF IP - AG10803 cells, Rep 1 , CTCF IP - AG09309 cells, Rep 1 , CTCF IP - HFFC cells, Rep 2 , CTCF IP - AG10803 cells, Rep 2 , CTCF IP - AG04449 cells, Rep 1 , CTCF IP - AG09309 cells, Rep 2 , CTCF IP - HFFC cells, Rep 1 , CTCF IP - NHDF cells , CTCF IP - HFFC cells, Rep 3 , CTCF IP - NHDF cells, Rep 1 ",,,
TCF7L2,PNPLA7,mammarygland,TCF7L2 ChIP-Seq,,,
NFYA,PNPLA7,leukocytes,NFYA IP - K562 cells,,,
BHLHE40,PNPLA7,liver,"BHLHE40 IP - HepG2 cells, BHLHE40 IP - SK-N-SH cells",,,
CTCF,PNPLA7,heart,"CTCF IP - HCF cells , CTCF IP - myocytes cells, Rep 1 , CTCF IP - myocytes cells, Rep 2 ",,,
R1881,PNPLA7,prostate,"GATA2 KD + R1881 | FOXA1 ChIP-Seq, R1881 | FOXA1 ChIP-Seq - Rep 2, CON KD + R1881 | FOXA1 ChIP-Seq - Rep 2, PIAS1 + R1881 | FOXA1 ChIP-Seq - Rep 2, PIAS1 + R1881 | FOXA1 ChIP-Seq - Rep 1, GABPA IP | R1881, R1881 | FOXA1 ChIP-Seq - Rep 1, CON KD + R1881 | FOXA1 ChIP-Seq, CON KD + R1881 | FOXA1 ChIP-Seq - Rep 1",,,
GATA2,PNPLA7,prostate,"GATA2 KD + R1881 | FOXA1 ChIP-Seq, GATA2 KD  | FOXA1 ChIP-Seq",,,
CEBPB,PNPLA7,lung,"CEBPB ChIP-Seq - A549, CEBPB ChIP-Seq - IMR90",,,
TP53,PNPLA7,skin,"TP53 IP | NUTL3, TP53 IP",,,
MAX,PNPLA7,uterus,"MAX IP - ECC1 cells, MAX IP - HeLa cells, Rep 1, MAX IP - HeLa cells, Rep 2",,,
CREB1,PNPLA7,prostate,"CREB1 siRNA | FOXA1 ChIP-Seq - Rep 1, FOXA1 siRNA | CREB1 ChIP-Seq - Rep 2, FOXA1 siRNA | CREB1 ChIP-Seq - Rep 1, CREB1 siRNA | FOXA1 ChIP-Seq - Rep 2, CREB1 ChIP-Seq - LNCaP, CREB1 ChIP-Seq - LNCaP-abl, CREB1 ChIP-Seq - Rep 2",,,
FOXA1,PNPLA7,liver,"FOXA1 IP - HepG2 cells, Rep 2, FOXA1 IP - HepG2 cells, Rep 1",,,
FOXP1,PNPLA7,prostate,DHT | FOXP1 ChIP-Seq,,,
CTCF,PNPLA7,liver,"CTCF IP - SK-N-SH cells, CTCF IP - HepG2 cells , CTCF IP - HepG2 cells, Rep 1 , CTCF IP - HepG2 cells, Rep 2 , CTCF IP",,,
JUND,PNPLA7,colon,JUND IP - HCT116 cells,,,
KLF5,PNPLA7,stomach,KLF5 IP - KATOIII,,,
PBX3,PNPLA7,leukocytes,PBX3 IP - GM12878 cells,,,
CTCF,PNPLA7,stemcells,"CTCF IP - Rep 3 , CTCF IP - Rep 6 , CTCF IP - Rep 5 , CTCF IP - H1 cells, CTCF IP - Rep 2 , CTCF IP - Rep 4 , CTCF IP - H1 cells , CTCF IP - Rep 1 , CTCF IP - Rep 7 ",,,
FOXA1,PNPLA7,uterus,"FOXA1 ChIP-Seq - Tumor E, FOXA1 IP - ECC1 cells",,,
USF1,PNPLA7,lung,"USF1 IP - A549 cells, Rep 2, USF1 IP - A549 cells, Rep 1, USF1 IP | DEX - A549 cells",,,
FOXA2,PNPLA7,embryonictissue,"FOXA2 IP - Rep 2, FOXA2 IP - Rep 1",,,
YY1,PNPLA7,leukocytes,"YY1 IP - K562 cells, Rep 1, YY1 IP - GM12891 cells, YY1 IP - GM12892 cells, Rep 1, YY1 IP - K562 cells, Rep 2, YY1 IP - GM12878 cells",,,
RUNX1,PNPLA7,hspcs,RUNX1,,,
CTCF,PNPLA7,pancreas,CTCF IP,,,
CTCF,PNPLA7,hspcs,"CTCF IP - HSPCs, Rep 2, CTCF IP - HEL 92.1.7 cells, Rep 2 , CTCF IP - HEL 92.1.7 cells, Rep 13 , CTCF IP - HEL 92.1.7 cells, Rep 11 , CTCF IP - Erythroid cells, Rep 1, CTCF IP - HSPCs, Rep 1, CTCF IP - HEL 92.1.7 cells, Rep 14 , CTCF IP - HEL 92.1.7 cells, Rep 8 , CTCF IP - Erythroid cells, Rep 2, CTCF IP - HEL 92.1.7 cells, Rep 5 ",,,
YY1,PNPLA7,stemcells,YY1 IP - H1 cells,,,
MAX,PNPLA7,liver,"MAX IP - MCF7 cells, MAX IP - HepG2 cells, MAX IP - HepG2 cells",,,
MXI1,PNPLA7,liver,MXI1 IP - HepG2 cells,,,
JUND,PNPLA7,stemcells,"JUND IP - H1 cells, JUND IP - H1 cells",,,
USF2,PNPLA7,leukocytes,"USF2 IP - K562 cells, USF2 IP - GM12878 cells",,,
ZBTB7A,PNPLA7,leukocytes,ZBTB7A IP - SK-N-SH cells,,,
17BE2,PNPLA7,mammarygland,"17BE2 | FOXA1 ChIP-Seq - Rep 2, FOXA1 IP | 17BE2 - MCF-7, 17BE2 | FOXA1 ChIP-Seq - Rep 1, 17BE2 | FOXA1 ChIP-Seq, 17BE2 | FOXA1 ChIP-Seq - Rep 2, 17BE2 | FOXA1 ChIP-Seq - Rep 2, 17BE2 | FOXA1 ChIP-Seq - Rep 1, 17BE2 | FOXA1 ChIP-Seq - Rep 1, 17BE2 | FOXA1 ChIP-Seq - Rep 1, 17BE2 | FOXA1 ChIP-Seq - Rep 2",,,
REST,PNPLA7,cns,"REST IP - SK cells, REST IP - PFSK-N-SH cells1 cells, Rep 1, REST IP - PFSK1 cells, Rep 2",,,
POU2F2,PNPLA7,leukocytes,POU2F2 IP - GM12878 cells,,,
TP63,PNPLA7,skin,"TP63 IP, TP63 IP",,,
FOXA2,PNPLA7,stemcells,"FOXA2 IP - Rep 5 , FOXA2 IP - ES D2, FOXA2 IP - ES D10, FOXA2 IP - ES D7, FOXA2 IP - ES D5, FOXA2 IP - Rep 1 ",,,
SMAD1,PNPLA7,hspcs,SMAD1 IP - Rep 3,,,
SRF,PNPLA7,stemcells,"SRF IP - Rep 6 , SRF IP - Rep 5 , SRF IP - Rep 1 , SRF IP - Rep 2 , SRF IP - Rep 3 , SRF IP - Rep 4 , SRF IP - Rep 7 ",,,
FOS,PNPLA7,mammarygland,"FOS IP - MCF10A cells, FOS IP | 4HT - MCF10A cells, 12 h",,,
CTCF,PNPLA7,mammarygland,"CTCF IP - MCF-7 cells, Rep 1 , CTCF IP - HMF cells, Rep 2 , CTCF IP - HMEC cells, Rep 2 , CTCF IP - MCF7 cells, CTCF IP - HMEC cells, Rep 1 , CTCF IP - T47D cells, CTCF IP - HMEC cells , CTCF IP - HMF cells, Rep 1 , CTCF IP - MCF-7 cells Rep 2 ",,,
E2F1,PNPLA7,prostate,"HES6 OE | E2F1 ChIP-Seq - Rep 1, HES6 OE + BICALU | E2F1 ChIP-Seq - Rep 1, E2F1 ChIP-Seq - Rep 1",,,
HES6,PNPLA7,prostate,"HES6 OE | E2F1 ChIP-Seq - Rep 1, HES6 OE + BICALU | E2F1 ChIP-Seq - Rep 1",,,
GABPA,PNPLA7,leukocytes,"GABPA IP - Jurkat, Rep 1, GABPA IP - Jurkat, Rep 2",,,
ZBTB7A,PNPLA7,liver,ZBTB7A IP - HepG2 cells,,,
HEY1,PNPLA7,leukocytes,HEY1 IP - K562 cells,,,
JUND,PNPLA7,vasculature,JUND IP,,,
ZBTB17,PNPLA7,bone,"ZBTB17 IP, ZBTB17 IP",,,
GABPA,PNPLA7,stemcells,GABPA IP - H1 cells,,,
FOXA1,PNPLA7,pancreas,"FOXA1 IP, FOXA1 IP | KLF5 KO, FOXA1 IP",,,
ETS1,PNPLA7,leukocytes,"ETS1 IP - K562 cells, ETS1 IP",,,
STAT3,PNPLA7,leukocytes,"STAT3 IP - U-2932, STAT3 IP - SU-DHL-6, STAT3 IP - SU-DHL-2",,,
GATA3,PNPLA7,mammarygland,"GATA3 IP - MCF7 cells, GATA3 IP - T47D cells",,,
CTCF,PNPLA7,megakaryocytelineage,"CTCF IP - MEG-01 cells, Rep 10 , CTCF IP - MEG-01 cells, Rep 4 , CTCF IP - CHRF-288-11 cells, Rep 1 , CTCF IP - MEG-01 cells, Rep 8 , CTCF IP - CHRF-288-11 cells, Rep 2 , CTCF IP - MEG-01 cells, Rep 6 , CTCF IP - MEG-01 cells, Rep 2 ",,,
BICALU,PNPLA7,prostate,HES6 OE + BICALU | E2F1 ChIP-Seq - Rep 1,,,
IRF4,PNPLA7,leukocytes,"IRF4 IP, IRF4 IP - GM12878 cells",,,
MAZ,PNPLA7,lung,MAZ IP - IMR cells,,,
TBP,PNPLA7,leukocytes,TBP IP - K562 cells,,,
MYC,PNPLA7,leukocytes,"MYC IP - NB4 cells, MYC IP - K562 cells, Rep 1, MYC IP | IFNG - K562 cells, 6 h, MYC IP | IFNG - K562 cells, 30 min",,,
SPI1,PNPLA7,leukocytes,"SPI1 IP, SPI1 IP, SPI1 IP, SPI1 IP, ROSI | SPI1 ChIP-Seq, SPI1 IP",,,
MXI1,PNPLA7,leukocytes,"MXI1 IP - GM12878 cells, MXI1 IP - K562 cells",,,
CEBPB,PNPLA7,uterus,CEBPB ChIP-Seq - HeLaS3,,,
TEAD4,PNPLA7,stemcells,TEAD4 IP - H1 cells,,,
UBTF,PNPLA7,leukocytes,"UBTF IP - K562 cells, UBTF IP - K562 cells",,,
CTCF,PNPLA7,skeletalmuscle,"CTCF IP - HSMM cells, Rep 2 , CTCF IP - HSMM cells, Rep 1 ",,,
E2F4,PNPLA7,mammarygland,E2F4 IP | 4HT - MCF10 cells,,,
4HT,PNPLA7,mammarygland,"E2F4 IP | 4HT - MCF10 cells, STAT3 IP | 4HT - MCF10 cells, 36 h, FOS IP | 4HT - MCF10A cells, 12 h",,,
TCF12,PNPLA7,cns,TCF12 IP - SK-N-SH cells,,,
TCF12,PNPLA7,uterus,TCF12 IP - ECC1 cells,,,
EBF1,PNPLA7,leukocytes,"EBF1 IP - GM12878 cells, EBF1 IP - GM12878 cells",,,
FOXA1,PNPLA7,stemcells,"FOXA1 IP - ES D7, FOXA1 IP - ES D10, FOXA1 IP - ES D5, FOXA1 IP - Rep 5 ",,,
RUNX1,PNPLA7,leukocytes,RUNX1 IP - Rep 2,,,
FOSL1,PNPLA7,colon,FOSL1 IP - HCT116 cells,,,
ELF1,PNPLA7,colon,ELF1 IP - HCT116 cells,,,
ATF2,PNPLA7,stemcells,ATF2 IP - H1 cells,,,
CEBPB,PNPLA7,liver,"CEBPB ChIP-Seq - HepG2, CEBPB IP | FORSK - HepG2 cells",,,
YY1,PNPLA7,colon,YY1 IP - HCT116 cells,,,
SP1,PNPLA7,lung,SP1 IP - A549 cells,,,
NFKB2,PNPLA7,leukocytes,"NFKB2 IP - Rep 1, NFKB2 IP - Rep 2",,,
NFYB,PNPLA7,leukocytes,"NFYB IP - K562 cells, NFYB IP - GM12878 cells",,,
DEX,PNPLA7,lung,"CTCF IP | DEX - A549 cells , CTCF IP | DEX - A549 cells, FOXA1 IP | DEX - A549 cells, USF1 IP | DEX - A549 cells, CREB1 IP | DEX - A549 cells",,,
ELF3,PNPLA7,pancreas,"ELF3 IP, ELF3 IP",,,
CTCF,PNPLA7,placenta,"CTCF IP - HVMF cells, Rep 1 , CTCF IP - HVMF cells, Rep 2 ",,,
RELA,PNPLA7,adiposetissue,"RELA IP, RELA IP, RELA IP",,,
ZNF263,PNPLA7,kidney,ZNF263 IP - HEK293 cells,,,
SP1,PNPLA7,leukocytes,"SP1 IP - K562 cells, SP1 IP - GM12878 cells",,,
CEBPB,PNPLA7,mammarygland,CEBPB IP - MCF7 cells,,,
GABPA,PNPLA7,prostate,"GABPA IP - Rep 1, GABPA IP | R1881",,,
CEBPB,PNPLA7,colon,"CEBPB IP, CEBPB IP - HCT116 cells",,,
E2F6,PNPLA7,stemcells,E2F6 IP - H1 cells,,,
MAZ,PNPLA7,leukocytes,"MAZ IP - GM12878 cells, MAZ IP - K562 cells",,,
CTCF,PNPLA7,esophagus,"CTCF IP - HEEpiC cells, Rep 2 , CTCF IP - HEEpiC cells, Rep 1 ",,,
MAZ,PNPLA7,uterus,MAZ IP - HeLa cells,,,
PIAS1,PNPLA7,prostate,"PIAS1 + R1881 | FOXA1 ChIP-Seq - Rep 2, PIAS1 + R1881 | FOXA1 ChIP-Seq - Rep 1",,,
BHLHE40,PNPLA7,lung,BHLHE40 IP - A549 cells,,,
CTCF,PNPLA7,uterus,"CTCF IP - HeLa cells, Rep 1 , CTCF IP - ECC1 cells, CTCF IP - HeLa cells ",,,
GABPA,PNPLA7,liver,"GABPA IP - MCF7 cells, GABPA IP - HepG2 cells",,,
ATF3,PNPLA7,colon,"ATF3 IP | CAMPTO, ATF3 IP - HCT116 cells",,,
KLF5,PNPLA7,pancreas,FOXA1 IP | KLF5 KO,,,
YY1,PNPLA7,cns,"YY1 IP - SK-N-SH cells, YY1 IP | ATRA - SK-N-SH cells",,,
TCF12,PNPLA7,stemcells,TCF12 IP - H1 cells,,,
JUND,PNPLA7,leukocytes,JUND IP - K562 cells,,,
STAT3,PNPLA7,mammarygland,"STAT3 IP | 4HT - MCF10 cells, 36 h",,,
CREB1,PNPLA7,lung,"CREB1 IP - A549 cells, Rep 2, CREB1 IP | DEX - A549 cells",,,
CEBPB,PNPLA7,stemcells,CEBPB IP,,,
CEBPA,PNPLA7,leukocytes,CEBPA IP,,,
FOXA2,PNPLA7,lung,FOXA2 IP - A549 cells,,,
JUND,PNPLA7,liver,JUND IP - HepG2 cells,,,
SRF,PNPLA7,colon,SRF IP - HCT116 cells,,,
E2F6,PNPLA7,lung,E2F6 IP - A549 cells,,,
USF1,PNPLA7,cns,"USF1 IP - SK-N-SH cells, USF1 IP | ATRA - SK-N-SH cells",,,
FOS,PNPLA7,leukocytes,"FOS IP - K562 cells, FOS IP - GM12878 cells",,,
E2F6,PNPLA7,leukocytes,"E2F6 IP - K562 cells, E2F6 IP - K562 cells",,,
SP1,PNPLA7,liver,SP1 IP - HepG2 cells,,,
USF2,PNPLA7,uterus,USF2 IP - HeLa cells,,,
JUN,PNPLA7,leukocytes,"JUN IP - K562 cells, Rep 1",,,
EBF1,PNPLA7,adiposetissue,"EBF1 IP, EBF1 IP",,,
CREB1,PNPLA7,stemcells,CREB1 IP - H1 cells,,,
ZBTB7A,PNPLA7,uterus,ZBTB7A IP - ECC1 cells,,,
NFKB1,PNPLA7,leukocytes,"NFKB1 IP - Rep 1, NFKB1 IP - Rep 2",,,
CTCF,PNPLA7,sensory,"CTCF IP - HRPEpiC cells, Rep 1 , CTCF IP - WERI , CTCF IP - WERI-Rb-1- cells, Rep 1 , CTCF IP - HRPEpiC cells, Rep 2 ",,,
YY1,PNPLA7,liver,YY1 IP - HepG2 cells,,,
REST,PNPLA7,leukocytes,REST IP - K562 cells,,,
IRF1,PNPLA7,colon,IRF1 IP ,,,
POU2F1,PNPLA7,prostate,POU2F1 KD + DHT | FOXA1 ChIP-Seq,,,
TP53,PNPLA7,mammarygland,"TP53 IP, TP53 IP | NUTL3 - MCF-7",,,
ATRA,PNPLA7,cns,"YY1 IP | ATRA - SK-N-SH cells, USF1 IP | ATRA - SK-N-SH cells",,,
FOSL1,PNPLA7,leukocytes,FOSL1 IP - K562 cells,,,
JUN,PNPLA7,colon,JUN IP ,,,
ELF1,PNPLA7,cns,ELF1 IP - SK-N-SH cells,,,
FOXA2,PNPLA7,liver,"FOXA2 ChIP-Seq - Biol Rep 3, Tech Rep 1, FOXA2 IP - HepG2 cells","19822575,",,
E2F1,PNPLA7,mammarygland,"E2F1 IP, E2F1 IP - MCF7 cells",,,
FORSK,PNPLA7,liver,CEBPB IP | FORSK - HepG2 cells,,,
MAZ,PNPLA7,liver,MAZ IP - HepG2 cells,,,
ZNF143,PNPLA7,uterus,ZNF143 IP - HeLa cells,,,
USF2,PNPLA7,liver,USF2 IP - HepG2 cells,,,
MXI1,PNPLA7,cns,MXI1 IP - SK-N-SH cells ,,,
ATF3,PNPLA7,leukocytes,ATF3 IP - K562 cells,,,
TCF12,PNPLA7,leukocytes,TCF12 IP - GM12878 cells,,,
NFYA,PNPLA7,uterus,NFYA IP - HeLa cells,,,
MXI1,PNPLA7,uterus,MXI1 IP - HeLa cells,,,
IRF1,PNPLA7,leukocytes,"IRF1 IP | IFNA1-13 - K562 cells, 6 h, IRF1 IP | IFNG - K562 cells, 6 h",,,
IFNA1,PNPLA7,leukocytes,"IRF1 IP | IFNA1-13 - K562 cells, 6 h",,,
MAX,PNPLA7,vasculature,MAX IP - HUVEC cells,,,
MYC,PNPLA7,mammarygland,"MYC IP - MCF-10A cells, DHT | MYC ChIP-Seq",,,
ZNF143,PNPLA7,stemcells,ZNF143 IP - H1 cells,,,
TNF,PNPLA7,mammarygland,"TNF | FOXA1 ChIP-Seq - Rep 1, TNF | FOXA1 ChIP-Seq - Rep 2",,,
ELF1,PNPLA7,liver,ELF1 IP - HepG2 cells,,,
SP1,PNPLA7,stemcells,SP1 IP - H1 cells,,,
MYC,PNPLA7,uterus,MYC IP - HeLa cells,,,
BHLHE40,PNPLA7,leukocytes,"BHLHE40 IP - GM12878 cells, BHLHE40 IP - K562 cells",,,
BATF,PNPLA7,leukocytes,BATF IP - GM12878 cells,,,
FOXA1,PNPLA7,lung,"FOXA1 IP | DEX - A549 cells, FOXA1 IP - A549 cells",,,
FOXP2,PNPLA7,cns,FOXP2 IP - PFSK-1 cells,,,
CTCF,PNPLA7,adiposetissue,"CTCF ChIP-Seq - d -2, CTCF ChIP-Seq - d 9, CTCF ChIP-Seq - d 0, CTCF ChIP-Seq - d 3",,,
CEBPB,PNPLA7,leukocytes,CEBPB ChIP-Seq - K562,,,
PBX3,PNPLA7,cns,PBX3 IP - SK-N-SH cells,,,
MXI1,PNPLA7,lung,MXI1 IP - IMR cells,,,
TEAD4,PNPLA7,leukocytes,TEAD4 IP - K562 cells,,,
MXI1,PNPLA7,stemcells,MXI1 IP - H1 cells,,,
SP1,PNPLA7,colon,SP1 IP - HCT116 cells,,,
USF1,PNPLA7,uterus,USF1 IP - ECC1 cells,,,
USF2,PNPLA7,stemcells,USF2 IP - H1 cells,,,
USF1,PNPLA7,liver,USF1 IP - HepG2 cells,,,
TBP,PNPLA7,stemcells,TBP IP - H1 cells,,,
USF1,PNPLA7,colon,USF1 IP - HCT116 cells,,,
ELF1,PNPLA7,leukocytes,"ELF1 IP - SK-N-SH cells, ELF1 IP - SK-N-SH cells",,,
ELF1,PNPLA7,mammarygland,ELF1 IP - MCF7 cells,,,
DHT,PNPLA7,mammarygland,"DHT | FOXA1 ChIP-Seq, DHT | MYC ChIP-Seq",,,
ROSI,PNPLA7,leukocytes,ROSI | SPI1 ChIP-Seq,,,
E2F1,PNPLA7,uterus,"E2F1 IP - HeLa cells, Rep 2",,,
MAX,PNPLA7,cns,MAX IP - SK-N-SH cells,,,
TEAD4,PNPLA7,uterus,TEAD4 IP - ECC1 cells,,,
BCL3,PNPLA7,leukocytes,BCL3 IP - GM12878 cells,,,
ATF1,PNPLA7,leukocytes,ATF1 IP - K562 cells,,,
REST,PNPLA7,liver,"REST IP - HepG2 cells, Rep 2",,,
TFAP4,PNPLA7,leukocytes,TFAP4 IP - Rep 1,,,
ERG,PNPLA7,prostate,ERG ChIP-Seq,,,
FOSL2,PNPLA7,liver,FOSL2 IP - HepG2 cells,,,
USF1,PNPLA7,stemcells,USF1 IP - H1 cells,,,
HEY1,PNPLA7,liver,HEY1 IP - HepG2 cells,,,
MAX,PNPLA7,colon,MAX IP - HCT116 cells,,,
GATA4,PNPLA7,stomach,GATA4 IP - AGS,,,
RELA,PNPLA7,leukocytes,"RELA IP | TNF - GM19099 cells, RELA IP | BAY082  - IVD Th1 cells, PIA",,,
BAY082,PNPLA7,leukocytes,"RELA IP | BAY082  - IVD Th1 cells, PIA",,,
NR1H3,PNPLA7,adiposetissue,,23393188,,
NR1H3,PNPLA6,adiposetissue,,23393188,,
NR1H3,GDPD5,adiposetissue,,23393188,,
ESR2,PNPLA7,mammarygland,,21235772,,
ESR2,GDPD3,mammarygland,,21235772,,
ZNF652,PNPLA7,mammarygland,,21678463,,
MYC,GDPD1,embryonictissue,,19915707,,
MYC,GDPD3,embryonictissue,,19915707,,
MYC,PNPLA6,embryonictissue,,19915707,,
EOMES,GDPD1,embryonictissue,,21245162,,
EOMES,GDPD5,embryonictissue,,21245162,,
ESR1,PNPLA7,mammarygland,,21235772,,
SPI1,PNPLA7,blood,,23127762,,
SPI1,GDE1,blood,,23127762,,
PPARD,PNPLA7,fibroblasts,,21283829,,
PPARD,PNPLA6,fibroblasts,,21283829,,
PPARD,GDPD5,fibroblasts,,21283829,,
FOXP1,GDPD1,embryonictissue,,21924763,,
FOXP1,GDPD3,embryonictissue,,21924763,,
FOXP1,PNPLA6,embryonictissue,,21924763,,
GATA1,GDPD1,blood,,21571218,,
GATA1,PNPLA6,blood,,21571218,,
RUNX1,PNPLA7,blood,,21571218,,
RUNX1,GDPD3,blood,,21571218,,
RUNX1,PNPLA6,blood,,21571218,,
E2F4,GDE1,blood,,21247883,,
E2F4,GDPD5,blood,,21247883,,
ELF1,PNPLA6,blood,,20517297,,
ELF1,PNPLA6,bonemarrow,,20517297,,
ELF1,PNPLA6,lymphnode,,20517297,,
ELF1,PNPLA6,spleen,,20517297,,
ELF1,PNPLA6,thymus,,20517297,,
ELF1,PNPLA6,prostate,,20517297,,
SOX11,PNPLA6,kidney,,23321250,,
HNF4A,GDE1,colon,,19761587,,
HNF4A,GDE1,duodenum,,19761587,,
HNF4A,GDE1,lleum,,19761587,,
HNF4A,GDE1,jejunum,,19761587,,
HNF4A,GDE1,rectum,,19761587,,
TFAP2C,GDPD5,mammarygland,,20629094,,
EGR1,PNPLA7,megakaryocytelineage,,20690147,,
EGR1,PNPLA6,megakaryocytelineage,,20690147,,
EGR1,GDPD5,megakaryocytelineage,,20690147,,
ETS1,PNPLA6,uterus,,20019798,,
DACH1,GDPD5,embryonictissue,,20351289,,
E2F1,GDPD5,erythroidlineage,,17053090,,
GATA2,GDPD5,erythroidlineage,,19941826,,
SMAD4,PNPLA7,ovary,,21799915,,
TP63,GDPD5,skin,,22573176,,
MITF,GDPD5,skin,,21258399,,
