TF,TargetGene,Tissue,Experiment,Chea,Signor,Trrust
FOXA1,AACS,liver,"FOXA1 IP - HepG2 cells, Rep 2, FOXA1 IP - HepG2 cells, Rep 1",,,
CTCF,AACS,leukocytes,"CTCF IP - GM2255 cells, Rep 1 , CTCF IP - GM12890 cells, Rep 2 , CTCF IP - GM2255 cells, Rep 2 , CTCF IP - MS1 cells, Rep 3 , CTCF IP - GM2630 cells, Rep 2 , CTCF IP - GM19239 cells, Rep 1 , CTCF IP - GM2588 cells, Rep 2 , CTCF IP - GM12878 cells, Rep 1 , CTCF IP - GM19238 cells, Rep 1 , CTCF IP - GM2610 cells, Rep 2 , CTCF IP - GM12891 cells, Rep 1 , CTCF IP - GM19240 cells, Rep 2 , CTCF IP - MS1 cells, Rep 4 , CTCF IP - GM12878 cells, Rep 2 , CTCF IP - GM2588 cells, Rep 3 , CTCF IP - GM18526 cells, Rep 2 , CTCF ChIP-Seq - GM12878, CTCF IP - GM19238 cells, Rep 2 , CTCF IP - GM18505 cells, Rep 2 , CTCF IP - GM18486 cells, Rep 1 , CTCF IP - MS1 cells, Rep 1 , CTCF IP - GM2610 cells, Rep 3 , CTCF IP - GM2610 cells, Rep 1 , CTCF IP - K562 cells, Rep 16 , CTCF IP - GM12892 cells, Rep 1 , CTCF IP - GM2255 cells, Rep 3 , CTCF IP - GM18486 cells, Rep 2 , CTCF IP, CTCF IP - MS1 cells, Rep 2 , CTCF IP - GM12890 cells, Rep 3 , CTCF IP - GM2630 cells, Rep 3 , CTCF IP - GM2588 cells, Rep 1 , CTCF IP - GM12891 cells, Rep 2 , CTCF IP - GM19240 cells, Rep 1 , CTCF IP - GM12892 cells, Rep 2 , CTCF IP - GM2630 cells, Rep 1 , CTCF IP - GM11994 cells, Rep 2, CTCF IP - GM19099 cells, Rep 2 , CTCF IP - GM18486 cells, Rep 3 , CTCF IP - GM12890 cells, Rep 1 , CTCF IP - GM19239 cells, Rep 2 ",,,
CTCF,AACS,kidney,"CTCF IP - HEK293 cells, Rep 1 , CTCF IP - HRE cells, Rep 1 ",,,
ZBTB7A,AACS,leukocytes,ZBTB7A IP - SK-N-SH cells,,,
FOXA1,AACS,prostate,"CON KD + R1881 | FOXA1 ChIP-Seq - Rep 2, FOXA1 siRNA | CREB1 ChIP-Seq - Rep 2, FOXA1 ChIP-Seq, GATA2 KD  | FOXA1 ChIP-Seq, GATA2 KD + R1881 | FOXA1 ChIP-Seq, CON KD  | FOXA1 ChIP-Seq, CON KD + R1881 | FOXA1 ChIP-Seq - Rep 1, PIAS1 + R1881 | FOXA1 ChIP-Seq - Rep 2, CREB1 siRNA | FOXA1 ChIP-Seq - Rep 1, PIAS1 + R1881 | FOXA1 ChIP-Seq - Rep 1, FOXA1 ChIP-Seq, EtOH | FOXA1 ChIP-Seq - , DHT | FOXA1 ChIP-Seq, R1881 | FOXA1 ChIP-Seq - Rep 2, CON KD + R1881 | FOXA1 ChIP-Seq, EtOH | FOXA1 ChIP-Seq - Rep 2, R1881 | FOXA1 ChIP-Seq - Rep 1",,,
R1881,AACS,prostate,"CON KD + R1881 | FOXA1 ChIP-Seq - Rep 2, GABPA IP | R1881, GATA2 KD + R1881 | FOXA1 ChIP-Seq, CON KD + R1881 | FOXA1 ChIP-Seq - Rep 1, PIAS1 + R1881 | FOXA1 ChIP-Seq - Rep 2, PIAS1 + R1881 | FOXA1 ChIP-Seq - Rep 1, R1881 | FOXA1 ChIP-Seq - Rep 2, CON KD + R1881 | FOXA1 ChIP-Seq, R1881 | FOXA1 ChIP-Seq - Rep 1",,,
YY1,AACS,leukocytes,"YY1 IP - K562 cells, Rep 2, YY1 IP - GM12878 cells, YY1 IP - GM12892 cells, Rep 1, YY1 IP - GM12891 cells, YY1 IP - K562 cells, Rep 1",,,
TCF12,AACS,stemcells,TCF12 IP - H1 cells,,,
FOXA2,AACS,stemcells,"FOXA2 IP - Rep 5 , FOXA2 IP - ES D7, FOXA2 IP - ES D2",,,
JUND,AACS,colon,JUND IP - HCT116 cells,,,
ETS1,AACS,leukocytes,"ETS1 IP - K562 cells, ETS1 IP",,,
CTCF,AACS,stemcells,"CTCF IP - Rep 5 , CTCF IP - H1 cells, CTCF IP - Rep 1 , CTCF IP - H1 cells ",,,
CEBPB,AACS,uterus,CEBPB ChIP-Seq - HeLaS3,,,
CEBPB,AACS,leukocytes,"CEBPB ChIP-Seq - K562, CEBPB IP",,,
GABPA,AACS,prostate,"GABPA IP | R1881, GABPA IP - Rep 1",,,
SPI1,AACS,leukocytes,"SPI1 IP, SPI1 IP, SPI1 IP",,,
CREB1,AACS,prostate,"FOXA1 siRNA | CREB1 ChIP-Seq - Rep 2, CREB1 ChIP-Seq - LNCaP, CREB1 ChIP-Seq - LNCaP-abl, CREB1 siRNA | FOXA1 ChIP-Seq - Rep 1, CREB1 ChIP-Seq - Rep 1, CREB1 ChIP-Seq - Rep 2",,,
RELA,AACS,adiposetissue,"RELA IP, RELA IP",,,
ZEB1,AACS,leukocytes,ZEB1 IP - GM12878 cells,,,
UBTF,AACS,leukocytes,"UBTF IP - K562 cells, UBTF IP - K562 cells",,,
GATA2,AACS,prostate,"GATA2 KD  | FOXA1 ChIP-Seq, GATA2 KD + R1881 | FOXA1 ChIP-Seq",,,
BHLHE40,AACS,liver,BHLHE40 IP - HepG2 cells,,,
SRF,AACS,leukocytes,"SRF IP - SK-N-SH cells, SRF IP - GM12878 cells, Rep 2",,,
CTCF,AACS,bone,CTCF IP - Osteoblasts ,,,
NFKB2,AACS,leukocytes,NFKB2 IP - Rep 2,,,
STAT3,AACS,mammarygland,"STAT3 IP | 4HT - MCF10 cells, 36 h, STAT3 IP - MCF10A cells, Rep 2, STAT3 IP | 4HT - MCF10 cells, 12 h",,,
4HT,AACS,mammarygland,"STAT3 IP | 4HT - MCF10 cells, 36 h, FOS IP | 4HT - MCF10A cells, 12 h, STAT3 IP | 4HT - MCF10 cells, 12 h, FOS IP | 4HT - MCF10A cells, 4 h",,,
CTCF,AACS,sensory,"CTCF IP - HRPEpiC cells, Rep 1 , CTCF IP - WERI , CTCF IP - WERI-Rb-1- cells, Rep 1 , CTCF IP - HRPEpiC cells, Rep 2 ",,,
CEBPB,AACS,stemcells,"CEBPB IP, CEBPB IP, CEBPB IP, CEBPB IP, CEBPB IP",,,
FOS,AACS,mammarygland,"FOS IP | 4HT - MCF10A cells, 12 h, FOS IP | 4HT - MCF10A cells, 4 h",,,
CEBPB,AACS,liver,"CEBPB ChIP-Seq - HepG2, CEBPB IP | FORSK - HepG2 cells",,,
MYB,AACS,leukocytes,"MYB IP - Jurkat, Rep 3, MYB IP - Jurkat, Rep 4, MYB IP - Jurkat, Rep 1, MYB IP - MOLT3, MYB IP - Jurkat, Rep 2",,,
MAX,AACS,cns,MAX IP - SK-N-SH cells,,,
KLF11,AACS,adiposetissue,"KLF11 ChIP-Seq, Rep 2, ROSI (BrAT) | KLF11 ChIP-Seq, Rep 2, ROSI (BrAT) | KLF11 ChIP-Seq, Rep 1, KLF11 ChIP-Seq, Rep 1",,,
FOXA1,AACS,pancreas,"FOXA1 IP, FOXA1 IP",,,
EGR1,AACS,colon,EGR1 IP - HCT116 cells,,,
ERG,AACS,prostate,"DHT | ERG ChIP-Seq - 18 h, ERG ChIP-Seq, ERG ChIP-Seq, DHT | ERG ChIP-Seq - 2 h",,,
DHT,AACS,prostate,"DHT | ERG ChIP-Seq - 18 h, DHT | ERG ChIP-Seq - 2 h, DHT | FOXA1 ChIP-Seq",,,
ROSI,AACS,adiposetissue,"ROSI (BrAT) | KLF11 ChIP-Seq, Rep 2, ROSI (BrAT) | KLF11 ChIP-Seq, Rep 1",,,
CTCF,AACS,liver,"CTCF IP - SK-N-SH cells, CTCF IP - HepG2 cells , CTCF IP",,,
YY1,AACS,lung,YY1 IP - A549 cells,,,
YY1,AACS,colon,YY1 IP - HCT116 cells,,,
JUN,AACS,colon,JUN IP ,,,
MAX,AACS,liver,"MAX IP - HepG2 cells, MAX IP - MCF7 cells",,,
MAX,AACS,stemcells,MAX IP - H1 cells,,,
TCF12,AACS,lung,TCF12 IP - A549 cells,,,
GTF2B,AACS,uterus,GTF2B IP - Rep 2,,,
TCF3,AACS,leukocytes,TCF3 IP - GM12878 cells,,,
CTCF,AACS,cns,"CTCF IP - SK-N-SH cells , CTCF IP - HCPEpiC cells, Rep 1 , CTCF IP - BE(2)-C cells, Rep 2 , CTCF IP - SK cells, CTCF IP - BE(2)-C cells, Rep 1 ",,,
FOXA1,AACS,stemcells,FOXA1 IP - Rep 5 ,,,
RUNX1,AACS,leukocytes,"RUNX1 IP - N terminus 1, RUNX1 IP - N terminus 2, RUNX1 IP - Rep 2",,,
MAZ,AACS,lung,MAZ IP - IMR cells,,,
CEBPB,AACS,colon,"CEBPB IP, CEBPB IP - HCT116 cells",,,
E2F1,AACS,uterus,"E2F1 IP - HeLa cells, Rep 2, E2F1 IP - HeLa cells, Rep 1",,,
FOXA2,AACS,embryonictissue,"FOXA2 IP - Rep 2, FOXA2 IP - Rep 1",,,
MYC,AACS,leukocytes,"MYC IP - NB4 cells, MYC IP - K562 cells, Rep 1, MYC IP | IFNG - K562 cells, 30 min",,,
SP1,AACS,stemcells,"SP1 IP - H1 cells, SP1 IP - Rep 1 ",,,
CTCF,AACS,skin,"CTCF IP - AG04449 cells, Rep 1 , CTCF IP - AG04449 cells, Rep 2 ",,,
FOXA1,AACS,mammarygland,"DHT | FOXA1 ChIP-Seq, FOXA1 IP - T47D cells, DEX | FOXA1 ChIP-Seq - Rep 2, FOXA1 ChIP-Seq - Rep 2",,,
DHT,AACS,mammarygland,"DHT | FOXA1 ChIP-Seq, DHT | MYC ChIP-Seq",,,
JUND,AACS,vasculature,JUND IP,,,
CTCF,AACS,lung,"CTCF IP - A549 cells , CTCF IP | DEX - A549 cells , CTCF IP | DEX - A549 cells, CTCF IP - A549 cells, Rep 1 , CTCF IP - A549 cells, Rep 2 ",,,
CTCF,AACS,colon,"CTCF IP - Caco-2 cells, Rep 1 ",,,
MEF2A,AACS,leukocytes,MEF2A IP - K562 cells,,,
FOXA1,AACS,lung,"FOXA1 IP | DEX - A549 cells, FOXA1 IP - A549 cells",,,
DEX,AACS,lung,"FOXA1 IP | DEX - A549 cells, CREB1 IP | DEX - A549 cells, CTCF IP | DEX - A549 cells , CTCF IP | DEX - A549 cells",,,
PBX3,AACS,cns,PBX3 IP - SK-N-SH cells,,,
TCF12,AACS,cns,TCF12 IP - SK-N-SH cells,,,
HEY1,AACS,liver,HEY1 IP - HepG2 cells,,,
ASCL1,AACS,skin,ASCL1 IP - NHDF,,,
EBF1,AACS,leukocytes,"EBF1 IP - GM12878 cells, EBF1 IP - GM12878 cells",,,
STAT1,AACS,leukocytes,"STAT1 IP - Rep 5, STAT1 IP - Rep 3",,,
IFNG,AACS,leukocytes,"STAT1 IP - Rep 5, MYC IP | IFNG - K562 cells, 30 min, STAT1 IP - Rep 3",,,
GATA4,AACS,stomach,GATA4 IP - AGS,,,
TCF12,AACS,uterus,TCF12 IP - ECC1 cells,,,
YY1,AACS,cns,"YY1 IP - SK-N-SH cells, YY1 IP | ATRA - SK-N-SH cells",,,
SP1,AACS,colon,SP1 IP - HCT116 cells,,,
SP1,AACS,lung,SP1 IP - A549 cells,,,
PIAS1,AACS,prostate,"PIAS1 + R1881 | FOXA1 ChIP-Seq - Rep 2, PIAS1 + R1881 | FOXA1 ChIP-Seq - Rep 1",,,
CREB1,AACS,lung,CREB1 IP | DEX - A549 cells,,,
TP53,AACS,skin,TP53 IP | NUTL3,,,
NANOG,AACS,stemcells,NANOG IP - Rep 4 ,,,
ELK4,AACS,uterus,ELK4 IP - HeLa cells,,,
CTCF,AACS,miscellaneous,"CTCF IP - AG09319 cells, Rep 1 ",,,
E2F1,AACS,prostate,"HES6 OE | E2F1 ChIP-Seq - Rep 3, E2F1 ChIP-Seq - Rep 3, HES6 OE | E2F1 ChIP-Seq - Rep 1, HES6 OE + BICALU | E2F1 ChIP-Seq - Rep 1",,,
HES6,AACS,prostate,"HES6 OE | E2F1 ChIP-Seq - Rep 3, HES6 OE | E2F1 ChIP-Seq - Rep 1, HES6 OE + BICALU | E2F1 ChIP-Seq - Rep 1",,,
CREB1,AACS,liver,"CREB1 IP, CREB1 IP - HepG2 cells",,,
ELF1,AACS,liver,ELF1 IP - HepG2 cells,,,
JUND,AACS,stemcells,JUND IP - H1 cells,,,
MYC,AACS,mammarygland,DHT | MYC ChIP-Seq,,,
MXI1,AACS,liver,MXI1 IP - HepG2 cells,,,
PBX3,AACS,lung,PBX3 IP - A549 cells,,,
MAX,AACS,leukocytes,"MAX IP - NB4 cells, MAX IP - K562 cells, MAX IP - K562 cells, Rep 2",,,
MXI1,AACS,cns,MXI1 IP - SK-N-SH cells ,,,
CTCF,AACS,skeletalmuscle,"CTCF IP - HSMM cells, Rep 2 , CTCF IP - HSMM cells, Rep 1 ",,,
YY1,AACS,liver,YY1 IP - HepG2 cells,,,
FOXA2,AACS,liver,FOXA2 IP - HepG2 cells,,,
MAX,AACS,uterus,"MAX IP - ECC1 cells, MAX IP - HeLa cells, Rep 1",,,
MAX,AACS,colon,MAX IP - HCT116 cells,,,
NFKB1,AACS,leukocytes,"NFKB1 IP - Rep 2, NFKB1 IP - Rep 1",,,
BHLHE40,AACS,leukocytes,BHLHE40 IP - GM12878 cells,,,
PAX5,AACS,leukocytes,PAX5 IP - GM12892 cells,,,
USF1,AACS,cns,USF1 IP | ATRA - SK-N-SH cells,,,
ATRA,AACS,cns,"USF1 IP | ATRA - SK-N-SH cells, YY1 IP | ATRA - SK-N-SH cells",,,
MAZ,AACS,leukocytes,"MAZ IP - K562 cells, MAZ IP - GM12878 cells",,,
TBP,AACS,stemcells,TBP IP - H1 cells,,,
IRF1,AACS,colon,IRF1 IP ,,,
SRF,AACS,colon,SRF IP - HCT116 cells,,,
DEX,AACS,mammarygland,DEX | FOXA1 ChIP-Seq - Rep 2,,,
ELF1,AACS,colon,ELF1 IP - HCT116 cells,,,
CEBPB,AACS,lung,"CEBPB ChIP-Seq - A549, CEBPB ChIP-Seq - IMR90",,,
ELK1,AACS,uterus,ELK1 IP - HeLa cells,,,
REST,AACS,stemcells,"REST IP - H1 cells, Rep 1",,,
IRF4,AACS,leukocytes,IRF4 IP,,,
ELF1,AACS,mammarygland,ELF1 IP - MCF7 cells,,,
CTCF,AACS,adiposetissue,CTCF ChIP-Seq - d 9,,,
CEBPA,AACS,leukocytes,CEBPA IP,,,
E2F6,AACS,leukocytes,E2F6 IP - K562 cells,,,
E2F6,AACS,stemcells,E2F6 IP - H1 cells,,,
ELF1,AACS,leukocytes,"ELF1 IP - SK-N-SH cells, ELF1 IP - SK-N-SH cells",,,
FOXA2,AACS,lung,FOXA2 IP - A549 cells,,,
ZBTB7A,AACS,uterus,ZBTB7A IP - ECC1 cells,,,
SP1,AACS,leukocytes,SP1 IP - GM12878 cells,,,
GABPA,AACS,liver,"GABPA IP - MCF7 cells, GABPA IP - HepG2 cells",,,
ZBTB7A,AACS,liver,ZBTB7A IP - HepG2 cells,,,
MXI1,AACS,lung,MXI1 IP - IMR cells,,,
TFAP4,AACS,leukocytes,"TFAP4 IP - Rep 1, TFAP4 IP - Rep 2",,,
CTCF,AACS,vasculature,"CTCF IP - HBMEC cells, Rep 1 , CTCF IP - HBMEC cells, Rep 2 ",,,
MAX,AACS,lung,MAX IP - A549 cells,,,
ZNF143,AACS,leukocytes,ZNF143 IP - GM12878 cells,,,
TBP,AACS,leukocytes,TBP IP - K562 cells,,,
TBP,AACS,liver,TBP IP - HepG2 cells,,,
CREB1,AACS,leukocytes,CREB1 IP - GM12878 cells,,,
MXI1,AACS,uterus,MXI1 IP - HeLa cells,,,
HEY1,AACS,leukocytes,HEY1 IP - K562 cells,,,
YY1,AACS,uterus,YY1 IP - ECC1 cells,,,
E2F1,AACS,mammarygland,E2F1 IP - MCF7 cells,,,
CTCF,AACS,mammarygland,CTCF IP - MCF7 cells,,,
CEBPA,AACS,adiposetissue,CEBPA ChIP-Seq,,,
REST,AACS,cns,"REST IP - PFSK-N-SH cells1 cells, Rep 1, REST IP - SK cells",,,
CREB1,AACS,stemcells,CREB1 IP - H1 cells,,,
HOXA4,AACS,colon,HOXA4 IP ,,,
USF1,AACS,liver,USF1 IP - HepG2 cells,,,
PBX3,AACS,leukocytes,PBX3 IP - GM12878 cells,,,
ZNF263,AACS,kidney,ZNF263 IP - HEK293 cells,,,
FORSK,AACS,liver,CEBPB IP | FORSK - HepG2 cells,,,
BICALU,AACS,prostate,HES6 OE + BICALU | E2F1 ChIP-Seq - Rep 1,,,
CTCF,ACAT1,leukocytes,"CTCF IP - GM10847 cells, Rep 2 , CTCF IP - GM19239 cells, Rep 1 , CTCF IP - KU812 cells, Rep 5 , CTCF IP - GM12878 cells, Rep 1 , CTCF IP - GM12814 cells, Rep 2, CTCF IP - K562 cells, Rep 15 , CTCF IP - GM12873 cells, Rep 1 , CTCF IP - GM19099 cells, Rep 1 , CTCF IP - GM12870 cells , CTCF IP - GM12867 cells , CTCF IP - GM19099 cells, Rep 2 , CTCF IP - HL , CTCF IP - GM11811 cells, Rep 1, CTCF IP - GM12872 cells, Rep 3 , CTCF IP - GM12828 cells, CTCF IP - K562 cells, CTCF IP - F36P cells, Rep 19 , CTCF IP - GM2255 cells, Rep 1 , CTCF IP - GM12890 cells, Rep 2 , CTCF IP - GM12287 cells, Rep 1, CTCF IP - GM19240 cells, Rep 2 , CTCF IP - GM12878 cells, Rep 2 , CTCF IP - NB4 cells , CTCF ChIP-Seq - GM12878, CTCF IP - HeLa cells, Rep 2 , CTCF IP - F36P cells, Rep 14 , CTCF IP -  CD20+ cells , CTCF IP - GM19238 cells, Rep 1 , CTCF IP - F36P cells, Rep 13 , CTCF IP - GM12234 cells, CTCF IP - GM2610 cells, Rep 2 , CTCF IP - GM12489 cells, Rep 1, CTCF IP - GM2610 cells, Rep 1 , CTCF IP - GM12892 cells, Rep 1 , CTCF IP - K562 cells, Rep 12 , CTCF IP - K562 cells , CTCF IP - F36P cells, Rep 2 , CTCF IP - GM12749 cells, Rep 1, CTCF IP - GM12871 cells , CTCF IP - GM2588 cells, Rep 3 , CTCF IP -  DND , CTCF IP - GM12878 cells, Rep 2 , CTCF IP - GM18526 cells, Rep 2 , CTCF IP, CTCF IP - GM12872 cells, Rep 1 , CTCF IP - GM2610 cells, Rep 3 , CTCF IP - GM2630 cells, Rep 3 , CTCF IP - GM12890 cells, Rep 3 , CTCF IP - K562 cells, CTCF IP - GM18486 cells, Rep 2 , CTCF IP - MS1 cells, Rep 1 , CTCF IP - GM18951 cells, Rep 1 , CTCF IP - CD14+ cells , CTCF IP - GM12154 cells, Rep 2, CTCF IP - GM2630 cells, Rep 1 , CTCF IP - GM12874 cells, Rep 1 , CTCF IP - GM19240 cells, Rep 1 , CTCF IP - F36P cells, Rep 15 , CTCF IP - UT-7 cells, Rep 5 , CTCF IP - GM07346 cells, CTCF IP - K562 cells, CTCF IP - GM12815 cells, Rep 1, CTCF IP - MS1 cells, Rep 2 , CTCF IP - F36P cells, Rep 10 , CTCF IP - GM19239 cells, Rep 2 , CTCF IP - GM18505 cells, Rep 1 , CTCF IP - GM06990 cells, Rep 2 , CTCF IP - K562 cells, Rep 13 , CTCF IP - GM11831 cells, CTCF IP - GM11994 cells, Rep 2, CTCF IP - GM12891 cells, Rep 2 , CTCF IP - K562 cells, Rep 2 , CTCF IP - GM11994 cells, Rep 1, CTCF IP - K562 cells, Rep 11 , CTCF IP - GM12874 cells, CTCF IP - F36P cells, Rep 5 , CTCF IP - GM12865 cells, Rep 2 , CTCF IP - GM2255 cells, Rep 2 , CTCF IP - F36P cells, Rep 6 , CTCF IP - GM18486 cells, Rep 3 , CTCF IP - GM12890 cells, Rep 1 , CTCF IP - KU812 cells, Rep 17 , CTCF IP - KU812 cells, Rep 13 , CTCF IP - MS1 cells, Rep 3 , CTCF IP - GM2630 cells, Rep 2 , CTCF IP - K562 cells, Rep 1 , CTCF IP - UT-7 cells, Rep 3 , CTCF IP - GM12891 cells, Rep 1 , CTCF IP - GM12875 cells, Rep 1 , CTCF IP - GM18951 cells, Rep 2 , CTCF IP - MS1 cells, Rep 4 , CTCF IP - KU812 cells, Rep 9 , CTCF IP - GM12154 cells, Rep 1, CTCF IP - GM12864 cells, Rep 1 , CTCF IP - UT-7 cells, Rep 4 , CTCF IP - GM12869 cells , CTCF IP - GM18505 cells, Rep 2 , CTCF IP - GM2588 cells, Rep 2 , CTCF IP - GM18486 cells, Rep 1 , CTCF IP - F36P cells, Rep 9 , CTCF IP - GM12873 cells, Rep 3 , CTCF IP - GM11811 cells, Rep 2, CTCF IP - GM12865 cells, Rep 3 , CTCF IP - KU812 cells, Rep 1 , CTCF IP - GM12864 cells, Rep 3 , CTCF IP - GM2255 cells, Rep 3 , CTCF IP - GM11881 cells, CTCF IP - F36P cells, Rep 3 , CTCF IP - GM10847 cells, Rep 1 , CTCF IP - F36P cells, Rep 11 , CTCF IP - GM12874 cells, Rep 2 , CTCF IP - GM19238 cells, Rep 2 , CTCF IP - HL-60 cells, Rep 2 , CTCF IP - GM18526 cells, Rep 1 , CTCF IP - HL-60 cells, Rep 7 , CTCF IP - F36P cells, Rep 1 , CTCF IP - GM19193 cells, Rep 1 , CTCF IP - K562 cells, Rep 14 , CTCF IP - GM12892 cells, Rep 2 , CTCF IP - F36P cells, Rep 17 , CTCF IP - GM2588 cells, Rep 1 , CTCF IP - GM12878 cells , CTCF IP - GM12866 cells , CTCF IP - GM12815 cells, Rep 2, CTCF IP - F36P cells, Rep 7 , CTCF IP - GM06986 cells, CTCF IP - K562 cells, Rep 16 , CTCF IP - GM12873 cells, Rep 1 , CTCF IP - GM12868 cells , CTCF IP - GM12865 cells, Rep 1 , CTCF IP - GM19193 cells, Rep 2 , CTCF IP - GM12814 cells, Rep 1",,,
MYC,ACAT1,leukocytes,"MYC IP | IFNG - K562 cells, 6 h, MYC IP | IFNG - K562 cells, 30 min, MYC IP - NB4 cells, MYC IP - K562 cells, Rep 1, MYC IP | IFNA1 - K562 cells, 30 min",,,
IFNG,ACAT1,leukocytes,"MYC IP | IFNG - K562 cells, 6 h, STAT1 IP - Rep 1, STAT1 IP - Rep 5, STAT1 IP - Rep 2, STAT1 IP - Rep 4, STAT1 IP - Rep 3, MYC IP | IFNG - K562 cells, 30 min, IRF1 IP | IFNG - K562 cells, 30 min, IRF1 IP | IFNG - K562 cells, 6 h",,,
E2F1,ACAT1,prostate,"HES6 OE | E2F1 ChIP-Seq - Rep 3, E2F1 ChIP-Seq - Rep 3, HES6 OE | E2F1 ChIP-Seq - Rep 1, HES6 OE + BICALU | E2F1 ChIP-Seq - Rep 1, E2F1 ChIP-Seq - Rep 4, E2F1 ChIP-Seq - Rep 1, HES6 OE + BICALU | E2F1 ChIP-Seq - Rep 3, BICALU | E2F1 ChIP-Seq - Rep 1, BICALU | E2F1 ChIP-Seq - Rep 3",,,
HES6,ACAT1,prostate,"HES6 OE | E2F1 ChIP-Seq - Rep 3, HES6 OE | E2F1 ChIP-Seq - Rep 1, HES6 OE + BICALU | E2F1 ChIP-Seq - Rep 1, HES6 OE + BICALU | E2F1 ChIP-Seq - Rep 3",,,
CREB1,ACAT1,uterus,CREB1 IP - ECC1 cells,,,
CTCF,ACAT1,bone,"CTCF IP - Osteoblasts , CTCF IP",,,
CTCF,ACAT1,vasculature,"CTCF IP - HUVEC cells, Rep 2 , CTCF IP - HPAF cells, Rep 1 , CTCF IP - AoAFC cells, Rep 1 , CTCF IP - HPAF cells, Rep 2 , CTCF IP - HUVEC cells, Rep 1 , CTCF IP - HBMEC cells, Rep 1 , CTCF IP - HUVEC cells , CTCF IP - HBMEC cells, Rep 2 ",,,
GABPA,ACAT1,leukocytes,"GABPA IP - HL cells, GABPA IP - Jurkat, Rep 2, GABPA IP - Jurkat, Rep 1",,,
CREB1,ACAT1,leukocytes,"CREB1 IP - GM12878 cells, CREB1 IP - K562 cells",,,
FOS,ACAT1,mammarygland,"FOS IP | 4HT - MCF10A cells, 4 h, FOS IP | 4HT - MCF10A cells, 36 h, FOS IP - MCF10A cells, FOS IP | 4HT - MCF10A cells, 12 h",,,
4HT,ACAT1,mammarygland,"FOS IP | 4HT - MCF10A cells, 4 h, FOS IP | 4HT - MCF10A cells, 36 h, STAT3 IP | 4HT - MCF10 cells, 36 h, E2F4 IP | 4HT - MCF10 cells, MYC IP | 4HT - MCF10A cells, FOS IP | 4HT - MCF10A cells, 12 h",,,
CTCF,ACAT1,liver,"CTCF IP - HepG2 cells , CTCF IP - SK-N-SH cells, CTCF IP - HepG2 cells, Rep 1 , CTCF IP",,,
CTCF,ACAT1,mammarygland,"CTCF IP - HMF cells, Rep 2 , CTCF IP - MCF-7 cells Rep 2 , CTCF IP - HMEC cells, Rep 2 , CTCF IP - MCF7 cells, CTCF IP - HMEC cells , CTCF IP - HMF cells, Rep 1 , CTCF IP - HMEC cells, Rep 1 ",,,
TEAD4,ACAT1,uterus,TEAD4 IP - ECC1 cells,,,
E2F6,ACAT1,uterus,E2F6 IP - HeLa cells,,,
SPI1,ACAT1,leukocytes,"SPI1 IP - GM12878 cells, SPI1 IP, SPI1 IP, SPI1 IP - HL cells, SPI1 IP - GM12891 cells, SPI1 IP, SPI1 IP, SPI1 IP, SPI1 IP, SPI1 IP, SPI1 IP - U-937 cells, Rep 1 ",,,
ETS1,ACAT1,leukocytes,"ETS1 IP - K562 cells, ETS1 IP",,,
E2F6,ACAT1,leukocytes,"E2F6 IP - K562 cells, E2F6 IP - K562 cells",,,
YY1,ACAT1,liver,YY1 IP - HepG2 cells,,,
USF2,ACAT1,stemcells,USF2 IP - H1 cells,,,
FOXA1,ACAT1,prostate,"FOXA1 ChIP-Seq - Rep 1, CON KD | FOXA1 ChIP-Seq, CON KD  | FOXA1 ChIP-Seq, WT AR OE + FOXA1 OE | FOXA1 ChIP-Seq, GATA2 KD + R1881 | FOXA1 ChIP-Seq, DHT | FOXA1 ChIP-Seq, CREB1 siRNA | FOXA1 ChIP-Seq - Rep 1, FOXA1 siRNA | CREB1 ChIP-Seq - Rep 1, CON KD + R1881 | FOXA1 ChIP-Seq - Rep 2, FOXA1 ChIP-Seq, PIAS1 + R1881 | FOXA1 ChIP-Seq - Rep 2, FOXA1 ChIP-Seq, WT AR OE + FOXA1 OE | FOXA1 ChIP-Seq - high FOXA1, CON KD | FOXA1 ChIP-Seq, CREB1 siRNA | FOXA1 ChIP-Seq - Rep 2, AR C562S OE + FOXA1 OE | FOXA1 ChIP-Seq, FOXA1 siRNA | CREB1 ChIP-Seq - Rep 2, CON KD + R1881 | FOXA1 ChIP-Seq",,,
MAX,ACAT1,liver,"MAX IP - MCF7 cells, MAX IP - HepG2 cells, MAX IP - HepG2 cells",,,
CEBPB,ACAT1,colon,"CEBPB IP | 125DVD3, CEBPB IP, CEBPB IP - HCT116 cells",,,
125DVD3,ACAT1,colon,CEBPB IP | 125DVD3,,,
SP1,ACAT1,stemcells,"SP1 IP - H1 cells, SP1 IP - Rep 1 ",,,
YY1,ACAT1,cns,"YY1 IP | ATRA - SK-N-SH cells, YY1 IP - SK-N-SH cells",,,
ATRA,ACAT1,cns,"YY1 IP | ATRA - SK-N-SH cells, USF1 IP | ATRA - SK-N-SH cells",,,
CTCF,ACAT1,cns,"CTCF IP - spinal cord astrocyte cells, Rep 2 , CTCF IP - BE(2)-C cells, Rep 1 , CTCF IP - cerebellar astrocyte cells, Rep 1 , CTCF IP - cerebellar astrocyte cells, Rep 2 , CTCF IP - BE(2)-C cells, Rep 2 , CTCF IP - SK-N-SH cells , CTCF IP - SK-N-SH cells, Rep 2 , CTCF IP - HCPEpiC cells, Rep 2 , CTCF IP - HCPEpiC cells, Rep 1 , CTCF IP - SK cells, CTCF IP - spinal cord astrocyte cells, Rep 1 , CTCF IP - NHA cells , CTCF IP - SK-N-SH cells, Rep 1 ",,,
E2F6,ACAT1,stemcells,E2F6 IP - H1 cells,,,
CTCF,ACAT1,megakaryocytelineage,"CTCF IP - MEG-01 cells, Rep 2 , CTCF IP - MEG-01 cells, Rep 10 , CTCF IP - MEG-01 cells, Rep 4 , CTCF IP - MEG-01 cells, Rep 8 , CTCF IP - MEG-01 cells, Rep 6 ",,,
GTF2B,ACAT1,lung,GTF2B IP,,,
MAX,ACAT1,leukocytes,"MAX IP - NB4 cells, MAX IP - K562 cells, Rep 2, MAX IP - GM12878 cells, MAX IP - K562 cells",,,
TBP,ACAT1,uterus,TBP IP - HeLa cells,,,
HOXA6,ACAT1,colon,HOXA6 IP ,,,
MYC,ACAT1,mammarygland,"MYC IP, MYC IP - MCF-10A cells, DHT | MYC ChIP-Seq, MYC IP | 4HT - MCF10A cells",,,
CTCF,ACAT1,colon,"CTCF IP - HCT116 cells, Rep 1 , CTCF IP - HCT116 cells, Rep 2 , CTCF IP - Caco-2 cells, Rep 1 , CTCF IP - Caco , CTCF IP - HCT116 cells",,,
REST,ACAT1,liver,"REST IP - HepG2 cells, Rep 1",,,
CTCF,ACAT1,lung,"CTCF IP - IMR cells, CTCF IP - AG04450 cells, Rep 2 , CTCF IP - HPF cells, Rep 2 , CTCF IP - AG04450 cells, Rep 1 , CTCF ChIP-Seq - A549, CTCF IP - NHLF cells , CTCF IP | DEX - A549 cells, CTCF IP - A549 cells, CTCF IP - NHLF cells , CTCF IP - SAEC cells, Rep 1 , CTCF IP | DEX - A549 cells , CTCF IP - A549 cells , CTCF IP - SAEC cells, Rep 2 , CTCF IP - WI-38 cells, Rep 1 , CTCF IP - HPF cells, Rep 1 ",,,
SRF,ACAT1,uterus,SRF IP - ECC1 cells,,,
CTCF,ACAT1,skin,"CTCF IP - NHEK cells, Rep 2 , CTCF IP - AG10803 cells, Rep 2 , CTCF IP - AG04449 cells, Rep 1 , CTCF IP - AG04449 cells, Rep 2 , CTCF IP - NHEK cells , CTCF IP - BJ cells, Rep 1 , CTCF IP - BJ cells, Rep 2 , CTCF IP - NHDF cells, Rep 2 , CTCF IP - AG10803 cells, Rep 1 , CTCF IP - GM12878 cells, Rep 2 , CTCF IP - AG09309 cells, Rep 1 , CTCF IP - NHDF cells, Rep 1 , CTCF IP - HFFC cells, Rep 2 , CTCF IP - HFFC cells, Rep 3 , CTCF IP - NHDF cells ",,,
ELF1,ACAT1,leukocytes,"ELF1 IP - SK-N-SH cells, ELF1 IP - SK-N-SH cells",,,
MXI1,ACAT1,leukocytes,"MXI1 IP - K562 cells, MXI1 IP - GM12878 cells",,,
CTCF,ACAT1,kidney,"CTCF IP - HEK293 cells, Rep 1 , CTCF IP - RPTEC cells, Rep 1 , CTCF IP - RPTEC cells, Rep 2 , CTCF IP - HRE cells, Rep 1 , CTCF IP - HEK293 cells, Rep 2 , CTCF IP - HRE cells, Rep 2 ",,,
E2F1,ACAT1,uterus,"E2F1 IP - HeLa cells, Rep 1, E2F1 IP - HeLa cells, Rep 2",,,
KLF5,ACAT1,pancreas,KLF5 IP,,,
CTCF,ACAT1,heart,"CTCF IP - HCF cells , CTCF IP - myocytes cells, Rep 1 , CTCF IP - myocytes cells, Rep 2 ",,,
CREB1,ACAT1,liver,"CREB1 IP, CREB1 IP, CREB1 IP - HepG2 cells",,,
FOXA1,ACAT1,mammarygland,"DHT | FOXA1 ChIP-Seq, FOXA1 IP - T47D cells",,,
DHT,ACAT1,mammarygland,"DHT | FOXA1 ChIP-Seq, DHT | MYC ChIP-Seq",,,
BHLHE40,ACAT1,leukocytes,"BHLHE40 IP - K562 cells, BHLHE40 IP - GM12878 cells",,,
CTCF,ACAT1,hspcs,"CTCF IP - HEL 92.1.7 cells, Rep 2 , CTCF IP - HEL 92.1.7 cells, Rep 13 , CTCF IP - HEL 92.1.7 cells, Rep 11 , CTCF IP - Erythroid cells, Rep 1, CTCF IP - HSPCs, Rep 1, CTCF IP - HEL 92.1.7 cells, Rep 14 , CTCF IP - HEL 92.1.7 cells, Rep 8 , CTCF IP - HEL 92.1.7 cells, Rep 5 ",,,
ATF3,ACAT1,colon,ATF3 IP - HCT116 cells,,,
CTCF,ACAT1,placenta,"CTCF IP - HVMF cells, Rep 2 , CTCF IP - HVMF cells, Rep 1 ",,,
HNF1B,ACAT1,pancreas,HNF1B IP,,,
SP1,ACAT1,liver,SP1 IP - HepG2 cells,,,
CTCF,ACAT1,pancreas,CTCF IP,,,
KLF11,ACAT1,adiposetissue,"ROSI (BrAT) | KLF11 ChIP-Seq, Rep 1, KLF11 ChIP-Seq, Rep 1, ROSI (BrAT) | KLF11 ChIP-Seq, Rep 2, KLF11 ChIP-Seq, Rep 2",,,
ROSI,ACAT1,adiposetissue,"ROSI (BrAT) | KLF11 ChIP-Seq, Rep 1, ROSI (BrAT) | KLF11 ChIP-Seq, Rep 2",,,
GATA1,ACAT1,hspcs,"GATA1 IP - Rep 1, GATA1 IP - Rep 3, GATA1 IP - PBDE cells, Rep 1, GATA1 IP - Rep 2",,,
ZBTB7A,ACAT1,leukocytes,ZBTB7A IP - SK-N-SH cells,,,
ZNF143,ACAT1,leukocytes,"ZNF143 IP - GM12878 cells, ZNF143 IP - K562 cells",,,
CEBPB,ACAT1,lung,CEBPB ChIP-Seq - IMR90,,,
STAT1,ACAT1,leukocytes,"STAT1 IP - Rep 1, STAT1 IP - Rep 5, STAT1 IP - Rep 2, STAT1 IP - Rep 4, STAT1 IP - Rep 3",,,
PBX3,ACAT1,cns,PBX3 IP - SK-N-SH cells,,,
USF1,ACAT1,leukocytes,"USF1 IP - GM12878 cells, USF1 IP - K562 cells",,,
AR,ACAT1,prostate,"WT AR OE + FOXA1 OE | FOXA1 ChIP-Seq, WT AR OE + FOXA1 OE | FOXA1 ChIP-Seq - high FOXA1, AR C562S OE + FOXA1 OE | FOXA1 ChIP-Seq",,,
SP1,ACAT1,leukocytes,"SP1 IP - K562 cells, SP1 IP - GM12878 cells",,,
CTCF,ACAT1,miscellaneous,"CTCF IP - AG09319 cells, Rep 1 , CTCF IP - AG09319 cells, Rep 2 ",,,
ERG,ACAT1,prostate,ERG ChIP-Seq,,,
TCF7L2,ACAT1,mammarygland,TCF7L2 ChIP-Seq,,,
FOXA2,ACAT1,stemcells,FOXA2 IP - ES D7,,,
RUNX1,ACAT1,leukocytes,"RUNX1 IP, RUNX1 IP",,,
MYC,ACAT1,uterus,MYC IP - HeLa cells,,,
MAX,ACAT1,uterus,"MAX IP - HeLa cells, Rep 1, MAX IP - ECC1 cells, MAX IP - HeLa cells, Rep 2",,,
ATF2,ACAT1,colon,ATF2 IP ,,,
SP1,ACAT1,lung,SP1 IP - A549 cells,,,
CEBPB,ACAT1,stemcells,"CEBPB IP, CEBPB IP, CEBPB IP",,,
MAX,ACAT1,stemcells,"MAX IP - H1 cells, MAX IP - H1 cells",,,
CTCF,ACAT1,stemcells,"CTCF IP - Rep 6 , CTCF IP - Rep 5 , CTCF IP - H1 cells, CTCF IP - H1 cells ",,,
BICALU,ACAT1,prostate,"HES6 OE + BICALU | E2F1 ChIP-Seq - Rep 1, HES6 OE + BICALU | E2F1 ChIP-Seq - Rep 3, BICALU | E2F1 ChIP-Seq - Rep 1, BICALU | E2F1 ChIP-Seq - Rep 3",,,
REST,ACAT1,stemcells,"REST IP - H1 cells, Rep 1",,,
YY1,ACAT1,leukocytes,"YY1 IP - K562 cells, Rep 2, YY1 IP - GM12878 cells, YY1 IP - GM12892 cells, Rep 1, YY1 IP - K562 cells, Rep 1, YY1 IP - GM12891 cells",,,
REST,ACAT1,cns,"REST IP - U87 cells, REST IP - SK cells, REST IP - PFSK1 cells, Rep 2",,,
MAZ,ACAT1,lung,MAZ IP - IMR cells,,,
RELA,ACAT1,leukocytes,"RELA IP | BAY082  - IVD Th1 cells, PIA, RELA IP | TNF - GM15510 cells",,,
BAY082,ACAT1,leukocytes,"RELA IP | BAY082  - IVD Th1 cells, PIA",,,
CEBPB,ACAT1,uterus,"CEBPB ChIP-Seq - HeLaS3, CEBPB IP - ECC1 cells",,,
USF1,ACAT1,lung,"USF1 IP | DEX - A549 cells, USF1 IP - A549 cells, Rep 2",,,
DEX,ACAT1,lung,"USF1 IP | DEX - A549 cells, CTCF IP | DEX - A549 cells, CTCF IP | DEX - A549 cells , CREB1 IP | DEX - A549 cells",,,
TCF12,ACAT1,uterus,TCF12 IP - ECC1 cells,,,
UBTF,ACAT1,leukocytes,"UBTF IP - K562 cells, UBTF IP - K562 cells",,,
CEBPA,ACAT1,leukocytes,CEBPA IP,,,
TBP,ACAT1,leukocytes,"TBP IP - GM12878 cells, TBP IP - K562 cells",,,
EGR1,ACAT1,colon,EGR1 IP - HCT116 cells,,,
MAX,ACAT1,vasculature,MAX IP - HUVEC cells,,,
R1881,ACAT1,prostate,"GATA2 KD + R1881 | FOXA1 ChIP-Seq, CON KD + R1881 | FOXA1 ChIP-Seq - Rep 2, PIAS1 + R1881 | FOXA1 ChIP-Seq - Rep 2, CON KD + R1881 | FOXA1 ChIP-Seq",,,
GATA2,ACAT1,prostate,GATA2 KD + R1881 | FOXA1 ChIP-Seq,,,
MXI1,ACAT1,liver,MXI1 IP - HepG2 cells,,,
CTCF,ACAT1,skeletalmuscle,"CTCF IP - HSMM cells, Rep 1 , CTCF IP - HSMM cells, Rep 2 ",,,
HEY1,ACAT1,leukocytes,HEY1 IP - K562 cells,,,
E2F6,ACAT1,lung,E2F6 IP - A549 cells,,,
ZNF143,ACAT1,stemcells,ZNF143 IP - H1 cells,,,
HEY1,ACAT1,liver,HEY1 IP - HepG2 cells,,,
DHT,ACAT1,prostate,DHT | FOXA1 ChIP-Seq,,,
FOSL2,ACAT1,lung,FOSL2 IP - A549 cells,,,
RELA,ACAT1,adiposetissue,RELA IP,,,
YY1,ACAT1,lung,YY1 IP - A549 cells,,,
E2F1,ACAT1,mammarygland,"E2F1 IP, E2F1 IP - MCF7 cells",,,
MYB,ACAT1,leukocytes,"MYB IP - Jurkat, Rep 2, MYB IP - Jurkat, Rep 1, MYB IP - Jurkat, Rep 3, MYB IP - Jurkat, Rep 4",,,
USF1,ACAT1,liver,USF1 IP - HepG2 cells,,,
FOSL2,ACAT1,liver,FOSL2 IP - HepG2 cells,,,
TEAD1,ACAT1,cns,"TEAD1 IP - Rep 1, TEAD1 IP - Rep 2",,,
POU2F2,ACAT1,leukocytes,POU2F2 IP - GM12878 cells,,,
CREB1,ACAT1,prostate,"CREB1 siRNA | FOXA1 ChIP-Seq - Rep 1, FOXA1 siRNA | CREB1 ChIP-Seq - Rep 1, CREB1 ChIP-Seq - LNCaP, CREB1 ChIP-Seq - Rep 2, CREB1 siRNA | FOXA1 ChIP-Seq - Rep 2, CREB1 ChIP-Seq - LNCaP-abl, FOXA1 siRNA | CREB1 ChIP-Seq - Rep 2",,,
MAZ,ACAT1,leukocytes,"MAZ IP - K562 cells, MAZ IP - GM12878 cells",,,
NFYB,ACAT1,leukocytes,"NFYB IP - K562 cells, NFYB IP - GM12878 cells",,,
USF1,ACAT1,cns,"USF1 IP | ATRA - SK-N-SH cells, USF1 IP - SK-N-SH cells",,,
REST,ACAT1,pancreas,"REST IP - Panc1 cells, Rep 3",,,
FOS,ACAT1,leukocytes,"FOS IP - K562 cells, FOS IP - GM12878 cells",,,
ZNF263,ACAT1,kidney,ZNF263 IP - HEK293 cells,,,
TNF,ACAT1,leukocytes,RELA IP | TNF - GM15510 cells,,,
TCF12,ACAT1,stemcells,TCF12 IP - H1 cells,,,
FOXM1,ACAT1,uterus,FOXM1 IP - ECC1 cells,,,
USF1,ACAT1,stemcells,USF1 IP - H1 cells,,,
E2F4,ACAT1,leukocytes,E2F4 IP - K562 cells,,,
MXI1,ACAT1,lung,MXI1 IP - IMR cells,,,
CTCF,ACAT1,esophagus,"CTCF IP - HEEpiC cells, Rep 1 , CTCF IP - HEEpiC cells, Rep 2 ",,,
MXI1,ACAT1,stemcells,MXI1 IP - H1 cells,,,
IRF4,ACAT1,leukocytes,IRF4 IP,,,
JUN,ACAT1,colon,JUN IP ,,,
ERG,ACAT1,leukocytes,ERG IP - Rep 1,,,
NFYA,ACAT1,leukocytes,NFYA IP - K562 cells,,,
GATA3,ACAT1,mammarygland,GATA3 IP - T47D cells,,,
SMAD1,ACAT1,hspcs,SMAD1 IP - Rep 3,,,
EGR1,ACAT1,leukocytes,EGR1 IP - K562 cells,,,
GATA4,ACAT1,stomach,GATA4 IP - AGS,,,
CREB1,ACAT1,stemcells,CREB1 IP - H1 cells,,,
GABPA,ACAT1,stemcells,GABPA IP - H1 cells,,,
NFYB,ACAT1,uterus,NFYB IP - HeLa cells,,,
CTCF,ACAT1,sensory,"CTCF IP - HRPEpiC cells, Rep 1 , CTCF IP - WERI-Rb-1- cells, Rep 1 , CTCF IP - HRPEpiC cells, Rep 2 , CTCF IP - WERI ",,,
KLF5,ACAT1,stomach,KLF5 IP - KATOIII,,,
STAT3,ACAT1,mammarygland,"STAT3 IP | 4HT - MCF10 cells, 36 h",,,
MYC,ACAT1,colon,MYC IP - DTT,,,
BHLHE40,ACAT1,liver,BHLHE40 IP - HepG2 cells,,,
PAX5,ACAT1,leukocytes,"PAX5 IP - GM12878 cells, Rep 1, PAX5 IP - GM12878 cells, Rep 2, PAX5 IP - GM12892 cells",,,
ELF1,ACAT1,colon,ELF1 IP - HCT116 cells,,,
STAT3,ACAT1,leukocytes,"STAT3 IP - SU-DHL-4, STAT3 IP - SU-DHL-6",,,
JUND,ACAT1,liver,"JUND IP - HepG2 cells, JUND IP - HepG2 cells",,,
JUND,ACAT1,vasculature,JUND IP,,,
GATA2,ACAT1,leukocytes,"GATA2 IP - K562 cells, GATA2 IP - K562 cells",,,
SRF,ACAT1,colon,SRF IP - HCT116 cells,,,
GATA3,ACAT1,cns,GATA3 IP - SK-N-SH cells,,,
JUND,ACAT1,colon,JUND IP - HCT116 cells,,,
HIF1A,ACAT1,bone,HIF1A IP,,,
ARID3A,ACAT1,leukocytes,ARID3A IP - K562 cells,,,
NANOG,ACAT1,stemcells,NANOG IP - H1 cells,,,
SIX2,ACAT1,kidney,"SIX2 IP - 17 weeks, Rep 2, SIX2 IP - 17 weeks, Rep 1",,,
GTF2B,ACAT1,uterus,GTF2B IP - Rep 2,,,
PIAS1,ACAT1,prostate,PIAS1 + R1881 | FOXA1 ChIP-Seq - Rep 2,,,
MAX,ACAT1,colon,MAX IP - HCT116 cells,,,
RUNX1,ACAT1,hspcs,RUNX1,,,
TEAD4,ACAT1,leukocytes,TEAD4 IP - K562 cells,,,
YY1,ACAT1,stemcells,YY1 IP - H1 cells,,,
FOSL1,ACAT1,colon,FOSL1 IP - HCT116 cells,,,
SP1,ACAT1,colon,SP1 IP - HCT116 cells,,,
TP53,ACAT1,mammarygland,TP53 IP,,,
ELF3,ACAT1,pancreas,"ELF3 IP, ELF3 IP",,,
GATA2,ACAT1,hspcs,GATA2 IP,,,
FOXA2,ACAT1,embryonictissue,FOXA2 IP - Rep 2,,,
MYBL2,ACAT1,liver,MYBL2 IP - HepG2 cells,,,
YY1,ACAT1,uterus,YY1 IP - ECC1 cells,,,
E2F4,ACAT1,mammarygland,E2F4 IP | 4HT - MCF10 cells,,,
USF1,ACAT1,uterus,USF1 IP - ECC1 cells,,,
BCL3,ACAT1,leukocytes,BCL3 IP - GM12878 cells,,,
MAZ,ACAT1,uterus,MAZ IP - HeLa cells,,,
ZEB1,ACAT1,liver,ZEB1 IP - HepG2 cells,,,
FOXP2,ACAT1,cns,FOXP2 IP - PFSK-1 cells,,,
USF1,ACAT1,colon,USF1 IP - HCT116 cells,,,
MAX,ACAT1,cns,MAX IP - SK-N-SH cells,,,
USF2,ACAT1,uterus,USF2 IP - HeLa cells,,,
OTX2,ACAT1,stemcells,OTX2 IP - Rep 10 ,,,
PDX1,ACAT1,pancreas,PDX1 IP,,,
REST,ACAT1,leukocytes,"REST IP - HL60 cells, REST IP - K562 cells",,,
MAX,ACAT1,lung,MAX IP - A549 cells,,,
TBP,ACAT1,stemcells,TBP IP - H1 cells,,,
CEBPB,ACAT1,leukocytes,"CEBPB IP, CEBPB ChIP-Seq - K562",,,
ZNF384,ACAT1,leukocytes,ZNF384 IP - K562 cells,,,
GABPA,ACAT1,liver,GABPA IP - HepG2 cells,,,
CREB1,ACAT1,lung,CREB1 IP | DEX - A549 cells,,,
FOXM1,ACAT1,mammarygland,FOXM1 IP | THSP - DS006,,,
GLI2,ACAT1,colon,GLI2 IP ,,,
CTCF,ACAT1,adiposetissue,"CTCF ChIP-Seq - d 9, CTCF ChIP-Seq - d 0, CTCF ChIP-Seq - d -2, CTCF ChIP-Seq - d 3",,,
TCF3,ACAT1,leukocytes,TCF3 IP - GM12878 cells,,,
MAZ,ACAT1,liver,MAZ IP - HepG2 cells,,,
IRF1,ACAT1,leukocytes,"IRF1 IP | IFNG - K562 cells, 30 min, IRF1 IP | IFNG - K562 cells, 6 h",,,
TBP,ACAT1,liver,TBP IP - HepG2 cells,,,
TEAD4,ACAT1,stemcells,TEAD4 IP - H1 cells,,,
TAL1,ACAT1,colon,TAL1 IP ,,,
TP73,ACAT1,bone,"TP73 IP - alpha isoform, Rep 1",,,
IFNA1,ACAT1,leukocytes,"MYC IP | IFNA1 - K562 cells, 30 min",,,
RELA,ACAT1,colon,RELA IP ,,,
MXI1,ACAT1,cns,MXI1 IP - SK-N-SH cells ,,,
MEF2B,ACAT1,kidney,MEF2B IP | MEF2B OE - Rep 2,,,
E2F3,ACAT1,colon,E2F3 IP ,,,
USF2,ACAT1,leukocytes,USF2 IP - GM12878 cells,,,
NFYA,ACAT1,uterus,NFYA IP - HeLa cells,,,
GATA2,ACAT1,cns,GATA2 ChIP-Seq SH-SY5Y,,,
HOXA4,ACAT1,colon,HOXA4 IP ,,,
JUND,ACAT1,leukocytes,JUND IP - K562 cells,,,
HMGN3,ACAT1,leukocytes,HMGN3 IP - K562 cells,,,
CTCF,ACAT1,uterus,CTCF IP - HeLa cells ,,,
MXI1,ACAT1,uterus,MXI1 IP - HeLa cells,,,
IRF1,ACAT1,colon,IRF1 IP ,,,
ELF1,ACSS3,liver,ELF1 IP - HepG2 cells,,,
TEAD4,ACSS3,liver,TEAD4 IP - HepG2 cells,,,
CEBPB,ACSS3,stemcells,"CEBPB IP, CEBPB IP, CEBPB IP, CEBPB IP, CEBPB IP, CEBPB IP, CEBPB IP, CEBPB IP, CEBPB IP, CEBPB IP, CEBPB IP - H1 cells",,,
FOXA1,ACSS3,mammarygland,"FOXA1 ChIP-Seq - Rep 2, 17BE2 | FOXA1 ChIP-Seq - Rep 2, 17BE2 | FOXA1 ChIP-Seq - Rep 1, FOXA1 IP - T47D cells, DEX | FOXA1 ChIP-Seq - Rep 2, FOXA1 ChIP-Seq, 17BE2 | FOXA1 ChIP-Seq, DEX | FOXA1 ChIP-Seq - Rep 2, FOXA1 IP - T47D, 17BE2 + TNF | FOXA1 ChIP-Seq - Rep 2, FOXA1 ChIP-Seq - Rep 1",,,
CEBPB,ACSS3,leukocytes,"CEBPB IP - HL-60 cells, Rep 1 , CEBPB IP, CEBPB IP",,,
PDX1,ACSS3,stemcells,PDX1 IP,,,
FOS,ACSS3,mammarygland,"FOS IP | 4HT - MCF10A cells, 12 h, FOS IP - MCF10A cells, FOS IP | 4HT - MCF10A cells, 36 h, FOS IP | 4HT - MCF10A cells, 4 h",,,
4HT,ACSS3,mammarygland,"FOS IP | 4HT - MCF10A cells, 12 h, FOS IP | 4HT - MCF10A cells, 36 h, STAT3 IP | 4HT - MCF10 cells, 36 h, FOS IP | 4HT - MCF10A cells, 4 h, STAT3 IP | 4HT - MCF10 cells, 12 h",,,
FOXA1,ACSS3,pancreas,FOXA1 IP,,,
17BE2,ACSS3,mammarygland,"17BE2 | FOXA1 ChIP-Seq - Rep 2, 17BE2 | FOXA1 ChIP-Seq - Rep 1, 17BE2 | FOXA1 ChIP-Seq",,,
SPI1,ACSS3,leukocytes,"SPI1 IP - GM12878 cells, SPI1 IP - HL cells, SPI1 IP, SPI1 IP - K562 cells, SPI1 IP, SPI1 IP, SPI1 IP, SPI1 IP, ROSI | SPI1 ChIP-Seq",,,
MAX,ACSS3,uterus,MAX IP - ECC1 cells,,,
FOSL1,ACSS3,mammarygland,FOSL1 IP,,,
FOXA1,ACSS3,prostate,"PIAS1 + R1881 | FOXA1 ChIP-Seq - Rep 1, FOXA1 ChIP-Seq - Rep 2, CREB1 siRNA | FOXA1 ChIP-Seq - Rep 1, FOXA1 ChIP-Seq, FOXA1 ChIP-Seq, EtOH | FOXA1 ChIP-Seq - , FOXA1 siRNA | CREB1 ChIP-Seq - Rep 1, CON KD + R1881 | FOXA1 ChIP-Seq - Rep 2, GATA2 KD + R1881 | FOXA1 ChIP-Seq, DHT | FOXA1 ChIP-Seq, FOXA1 KD | GATA2 ChIP-Seq, EtOH | FOXA1 ChIP-Seq - Rep 2, FOXA1 siRNA | CREB1 ChIP-Seq - Rep 2, R1881 | FOXA1 ChIP-Seq - Rep 1, PIAS1 + R1881 | FOXA1 ChIP-Seq - Rep 2, CON KD + R1881 | FOXA1 ChIP-Seq, CON KD  | FOXA1 ChIP-Seq, CREB1 siRNA | FOXA1 ChIP-Seq - Rep 2, R1881 | FOXA1 ChIP-Seq - Rep 2, FOXA1 ChIP-Seq - Rep 1",,,
R1881,ACSS3,prostate,"PIAS1 + R1881 | FOXA1 ChIP-Seq - Rep 1, CON KD + R1881 | FOXA1 ChIP-Seq - Rep 2, GATA2 KD + R1881 | FOXA1 ChIP-Seq, R1881 | FOXA1 ChIP-Seq - Rep 1, PIAS1 + R1881 | FOXA1 ChIP-Seq - Rep 2, CON KD + R1881 | FOXA1 ChIP-Seq, R1881 | FOXA1 ChIP-Seq - Rep 2",,,
PIAS1,ACSS3,prostate,"PIAS1 + R1881 | FOXA1 ChIP-Seq - Rep 1, PIAS1 + R1881 | FOXA1 ChIP-Seq - Rep 2",,,
NANOG,ACSS3,stemcells,"NANOG IP - Rep 2 , NANOG IP - Rep 3 , NANOG IP - Rep 8 , NANOG IP - H1 cells, NANOG IP - Rep 5 ",,,
FOXA2,ACSS3,liver,FOXA2 IP - HepG2 cells,,,
E2F1,ACSS3,mammarygland,"E2F1 IP - MCF7 cells, E2F1 IP",,,
FOXA2,ACSS3,stemcells,"FOXA2 IP - ES D10, FOXA2 IP - ES D7, FOXA2 IP - Rep 5 , FOXA2 IP - ES D2, FOXA2 IP - ES D5, FOXA2 IP - Rep 1 ",,,
JUND,ACSS3,stemcells,JUND IP - H1 cells,,,
FOSL2,ACSS3,liver,FOSL2 IP - HepG2 cells,,,
EOMES,ACSS3,stemcells,"EOMES IP - Rep 1 , EOMES IP - Rep 2 , EOMES IP - Rep 3 ",,,
RELA,ACSS3,adiposetissue,"RELA IP, RELA IP, RELA IP",,,
MAX,ACSS3,stemcells,"MAX IP - H1 cells, MAX IP - H1 cells",,,
TEAD4,ACSS3,stemcells,TEAD4 IP - H1 cells,,,
GABPA,ACSS3,liver,"GABPA IP - HepG2 cells, GABPA IP - MCF7 cells",,,
JUND,ACSS3,uterus,JUND IP - HeLa cells,,,
CREB1,ACSS3,prostate,"CREB1 siRNA | FOXA1 ChIP-Seq - Rep 1, FOXA1 siRNA | CREB1 ChIP-Seq - Rep 1, FOXA1 siRNA | CREB1 ChIP-Seq - Rep 2, CREB1 siRNA | FOXA1 ChIP-Seq - Rep 2",,,
ZNF143,ACSS3,stemcells,ZNF143 IP - H1 cells,,,
CEBPB,ACSS3,uterus,"CEBPB ChIP-Seq - HeLaS3, CEBPB IP - ECC1 cells",,,
USF1,ACSS3,liver,USF1 IP - HepG2 cells,,,
FOXA1,ACSS3,stemcells,FOXA1 IP - Rep 5 ,,,
JUN,ACSS3,liver,JUN IP - HepG2 cells,,,
SMAD3,ACSS3,embryonictissue,SMAD3 IP - endoderm,,,
OTX2,ACSS3,stemcells,OTX2 IP - Rep 10 ,,,
SP1,ACSS3,liver,SP1 IP - HepG2 cells,,,
ELF1,ACSS3,mammarygland,ELF1 IP - MCF7 cells,,,
CREB1,ACSS3,stemcells,CREB1 IP - H1 cells,,,
TBP,ACSS3,liver,TBP IP - HepG2 cells,,,
MAX,ACSS3,liver,"MAX IP - MCF7 cells, MAX IP - HepG2 cells",,,
CEBPB,ACSS3,colon,"CEBPB IP, CEBPB IP | 125DVD3",,,
GATA4,ACSS3,stemcells,GATA4 IP - Rep 8 ,,,
DEX,ACSS3,mammarygland,"DEX | FOXA1 ChIP-Seq - Rep 2, DEX | FOXA1 ChIP-Seq - Rep 2",,,
STAT3,ACSS3,mammarygland,"STAT3 IP - MCF10A cells, Rep 2, STAT3 IP | 4HT - MCF10 cells, 36 h, STAT3 IP | 4HT - MCF10 cells, 12 h",,,
ZEB1,ACSS3,liver,ZEB1 IP - HepG2 cells,,,
MYC,ACSS3,liver,MYC IP,,,
GATA2,ACSS3,vasculature,GATA2 IP - HUVEC cells,,,
JUN,ACSS3,uterus,JUN IP - HeLa cells,,,
FOS,ACSS3,vasculature,FOS IP - HUVEC cells,,,
YY1,ACSS3,stemcells,YY1 IP - H1 cells,,,
CREB1,ACSS3,liver,"CREB1 IP, CREB1 IP, CREB1 IP - HepG2 cells",,,
CDX2,ACSS3,colon,"CDX2 IP, CDX2 IP | 125DVD3",,,
CEBPB,ACSS3,liver,"CEBPB ChIP-Seq - HepG2, CEBPB IP | FORSK - HepG2 cells, CEBPB IP - HepG2 cells",,,
GATA4,ACSS3,stomach,GATA4 IP - AGS,,,
FOXH1,ACSS3,embryonictissue,FOXH1 IP - endoderm,,,
REST,ACSS3,stemcells,"REST IP - H1 cells, Rep 1",,,
FORSK,ACSS3,liver,CEBPB IP | FORSK - HepG2 cells,,,
YY1,ACSS3,liver,YY1 IP - HepG2 cells,,,
FOXA2,ACSS3,embryonictissue,FOXA2 IP - Rep 2,,,
JUN,ACSS3,vasculature,"JUN IP - HUVEC cells, JUN IP",,,
CEBPB,ACSS3,lung,"CEBPB ChIP-Seq - A549, CEBPB ChIP-Seq - IMR90",,,
JUND,ACSS3,liver,"JUND IP - HepG2 cells, JUND IP - HepG2 cells",,,
GATA2,ACSS3,prostate,"GATA2 KD + R1881 | FOXA1 ChIP-Seq, FOXA1 KD | GATA2 ChIP-Seq",,,
USF2,ACSS3,stemcells,USF2 IP - H1 cells,,,
125DVD3,ACSS3,colon,"CDX2 IP | 125DVD3, CEBPB IP | 125DVD3",,,
SRF,ACSS3,mammarygland,SRF IP - MCF7 cells,,,
DHT,ACSS3,prostate,DHT | FOXA1 ChIP-Seq,,,
HEY1,ACSS3,liver,HEY1 IP - HepG2 cells,,,
ARID3A,ACSS3,liver,ARID3A IP - HepG2 cells,,,
TCF12,ACSS3,liver,TCF12 IP - HepG2 cells,,,
JUND,ACSS3,vasculature,JUND IP,,,
SOX17,ACSS3,stemcells,SOX17 IP - Rep 1 ,,,
SP1,ACSS3,stemcells,SP1 IP - H1 cells,,,
TP53,ACSS3,mammarygland,TP53 IP,,,
MYBL2,ACSS3,liver,MYBL2 IP - HepG2 cells,,,
EGR1,ACSS3,stemcells,EGR1 IP - H1 cells,,,
MAZ,ACSS3,liver,MAZ IP - HepG2 cells,,,
TEAD4,ACSS3,uterus,TEAD4 IP - ECC1 cells,,,
JUN,ACSS3,mammarygland,"JUN IP - Rep 2, JUN IP - Rep 1",,,
SMAD4,ACSS3,embryonictissue,SMAD4 IP - endoderm,,,
FOXA1,ACSS3,liver,"FOXA1 IP - HepG2 cells, Rep 2, FOXA1 IP - HepG2 cells, Rep 1",,,
USF1,ACSS3,stemcells,USF1 IP - H1 cells,,,
ATF2,ACSS3,stemcells,ATF2 IP - H1 cells,,,
JUND,ACSS3,cns,JUND IP - SK-N-SH cells ,,,
ROSI,ACSS3,leukocytes,ROSI | SPI1 ChIP-Seq,,,
CEBPA,ACSS3,adiposetissue,CEBPA ChIP-Seq,,,
PDX1,ACSS3,pancreas,PDX1 IP,,,
17BE2; TNF,ACSS3,mammarygland,17BE2 + TNF | FOXA1 ChIP-Seq - Rep 2,,,
TBP,ACSS3,stemcells,TBP IP - H1 cells,,,
CEBPB,ACSS3,mammarygland,CEBPB IP - MCF7 cells,,,
GATA3,ACSS3,mammarygland,GATA3 IP - MCF7 cells,,,
SRF,ACSS3,liver,SRF IP - HepG2 cells,,,
REST,ACSS3,liver,"REST IP - HepG2 cells, Rep 1",,,
FOXH1,ACSS3,stemcells,FOXH1 ChIP-Seq - Escs,,,
TCF7L2,ACSS3,uterus,TCF7L2 IP - HeLa cells,,,
FOXM1,BDH1,cns,FOXM1 IP - SK-N-SH cells,,,
CTCF,BDH1,leukocytes,"CTCF IP - GM18526 cells, Rep 2 , CTCF IP - GM12873 cells, Rep 1 , CTCF IP - UT-7 cells, Rep 1 , CTCF IP - GM18486 cells, Rep 2 , CTCF IP - GM12872 cells, Rep 2 , CTCF IP - GM18505 cells, Rep 2 , CTCF IP - GM18486 cells, Rep 1 , CTCF IP - GM12865 cells, Rep 1 , CTCF IP - GM11811 cells, Rep 2, CTCF IP - GM12868 cells , CTCF IP - UT-7 cells, Rep 2 , CTCF IP - GM18951 cells, Rep 2 , CTCF IP - GM18951 cells, Rep 1 , CTCF IP - GM12874 cells, Rep 2 , CTCF IP - GM12892 cells, Rep 1 , CTCF IP - GM12864 cells, Rep 3 , CTCF IP - GM2610 cells, Rep 1 , CTCF IP - KU812 cells, Rep 9 , CTCF IP - GM2588 cells, Rep 3 , CTCF IP - MS1 cells, Rep 2 , CTCF IP - GM12878 cells , CTCF IP - GM2630 cells, Rep 3 , CTCF IP - F36P cells, Rep 7 , CTCF IP - K562 cells, Rep 16 , CTCF IP - GM12814 cells, Rep 1, CTCF IP - GM12890 cells, Rep 3 , CTCF IP - K562 cells, CTCF IP - MS1 cells, Rep 1 , CTCF IP - F36P cells, Rep 11 , CTCF IP - GM12866 cells , CTCF IP - GM12891 cells, Rep 2 , CTCF IP - GM11881 cells, CTCF IP - GM2630 cells, Rep 1 , CTCF IP - F36P cells, Rep 3 , CTCF IP - GM2610 cells, Rep 3 , CTCF IP - GM19240 cells, Rep 1 , CTCF IP - GM06986 cells, CTCF IP - GM12890 cells, Rep 1 , CTCF IP - F36P cells, Rep 18 , CTCF IP - GM12878 cells, Rep 1 , CTCF IP - GM18486 cells, Rep 3 , CTCF IP - GM12873 cells, Rep 1 , CTCF IP - GM11894 cells, Rep 2, CTCF IP - GM12870 cells , CTCF IP - GM12867 cells , CTCF IP - GM2588 cells, Rep 1 , CTCF IP - K562 cells, Rep 14 , CTCF IP - GM12872 cells, Rep 3 , CTCF IP - F36P cells, Rep 19 , CTCF IP - GM12828 cells, CTCF IP - K562 cells, CTCF IP - GM12875 cells, Rep 2 , CTCF IP - GM11811 cells, Rep 1, CTCF IP - GM12234 cells, CTCF IP - GM2630 cells, Rep 2 , CTCF IP - MS1 cells, Rep 3 , CTCF IP - NB4 cells , CTCF IP - KU812 cells, Rep 5 , CTCF ChIP-Seq - GM12878, CTCF IP - GM2255 cells, Rep 2 , CTCF IP - K562 cells, Rep 15 , CTCF IP - GM12891 cells, Rep 1 , CTCF IP - MS1 cells, Rep 4 , CTCF IP -  CD20+ cells , CTCF IP - HeLa cells, Rep 2 , CTCF IP - GM2588 cells, Rep 2 , CTCF IP - K562 cells, Rep 2 , CTCF IP -  DND , CTCF IP - GM19238 cells, Rep 2 , CTCF IP - GM12871 cells , CTCF IP - K562 cells , CTCF IP - F36P cells, Rep 14 , CTCF IP - GM12872 cells, Rep 1 , CTCF IP - GM12878 cells, Rep 2 , CTCF IP - GM12006 cells, Rep 2, CTCF IP - GM2255 cells, Rep 3 , CTCF IP - GM10847 cells, Rep 1 , CTCF IP - GM07346 cells, CTCF IP - HL , CTCF IP - GM12864 cells, Rep 2 , CTCF IP - GM11994 cells, Rep 2, CTCF IP - GM18526 cells, Rep 1 , CTCF IP - GM19193 cells, Rep 2 , CTCF IP - GM12154 cells, Rep 2, CTCF IP - CD14+ cells , CTCF IP - F36P cells, Rep 10 , CTCF IP - GM19193 cells, Rep 1 , CTCF IP - GM12874 cells, Rep 1 , CTCF IP - F36P cells, Rep 2 , CTCF IP - K562 cells, Rep 12 , CTCF IP - GM12892 cells, Rep 2 , CTCF IP - K562 cells, Rep 13 , CTCF IP - GM06990 cells, Rep 2 , CTCF IP, CTCF IP - GM19099 cells, Rep 2 , CTCF IP - GM19099 cells, Rep 1 , CTCF IP - K562 cells, Rep 11 , CTCF IP - UT-7 cells, Rep 3 , CTCF IP - GM11831 cells, CTCF IP - GM12869 cells , CTCF IP - GM12865 cells, Rep 3 , CTCF IP - KU812 cells, Rep 17 , CTCF IP - GM10847 cells, Rep 2 , CTCF IP - GM18505 cells, Rep 1 , CTCF IP - KU812 cells, Rep 13 , CTCF IP - GM19239 cells, Rep 2 , CTCF IP - GM12878 cells, Rep 1 , CTCF IP - UT-7 cells, Rep 5 , CTCF IP - K562 cells, Rep 1 , CTCF IP - GM11994 cells, Rep 1, CTCF IP - GM19239 cells, Rep 1 , CTCF IP - GM06990 cells, Rep 1 , CTCF IP - F36P cells, Rep 15 , CTCF IP - GM12865 cells, Rep 2 , CTCF IP - GM19238 cells, Rep 1 , CTCF IP - GM12154 cells, Rep 1, CTCF IP - GM12890 cells, Rep 2 , CTCF IP - GM2255 cells, Rep 1 , CTCF IP - F36P cells, Rep 6 , CTCF IP - GM2610 cells, Rep 2 , CTCF IP - GM12864 cells, Rep 1 , CTCF IP - GM19240 cells, Rep 2 , CTCF IP - GM12878 cells, Rep 2 , CTCF IP - GM12873 cells, Rep 3 , CTCF IP - GM12875 cells, Rep 1 , CTCF IP - UT-7 cells, Rep 4 ",,,
CTCF,BDH1,stemcells,"CTCF IP - H1 cells , CTCF IP - Rep 2 , CTCF IP - Rep 4 , CTCF IP - Rep 6 , CTCF IP - Rep 5 , CTCF IP - Rep 1 , CTCF IP - H1 cells",,,
TCF12,BDH1,liver,TCF12 IP - HepG2 cells,,,
CTCF,BDH1,skin,"CTCF IP - NHDF cells , CTCF IP - HFFC cells, Rep 1 , CTCF IP - NHDF cells, Rep 1 , CTCF IP - HFFC cells, Rep 2 , CTCF IP - HFFC cells, Rep 3 , CTCF IP - AG10803 cells, Rep 1 , CTCF IP - GM12878 cells, Rep 2 , CTCF IP - AG09309 cells, Rep 2 , CTCF IP - AG10803 cells, Rep 2 , CTCF IP - AG04449 cells, Rep 1 , CTCF IP - AG04449 cells, Rep 2 , CTCF IP - NHEK cells, Rep 2 , CTCF IP - BJ cells, Rep 2 , CTCF IP - AG09309 cells, Rep 1 , CTCF IP - NHDF cells, Rep 2 , CTCF IP - NHEK cells , CTCF IP - BJ cells, Rep 1 ",,,
REST,BDH1,mammarygland,REST IP - MCF7 cells,,,
REST,BDH1,leukocytes,"REST IP - GM12878 cells, Rep 10 , REST IP - GM12878 cells, Rep 16 , REST IP - GM12878 cells, Rep 4 , REST IP - GM12878 cells, Rep 12 , REST IP - HL60 cells, REST IP - GM12878 cells, Rep 13 , REST IP - GM12878 cells, Rep 5 , REST IP - GM12878 cells, Rep 1, REST IP - GM12878 cells, Rep 14 , REST IP - GM12878 cells, Rep 2, REST IP - GM12878 cells, Rep 7 , REST IP - GM12878 cells, Rep 9 ",,,
POU5F1,BDH1,stemcells,"POU5F1 IP, POU5F1 IP - Rep 1 , POU5F1 IP - Rep 5 , POU5F1 IP - H1 cells, POU5F1 IP - Rep 7 , POU5F1 IP - Rep 3 , POU5F1 IP","16153702,",,
TP63,BDH1,skin,"TP63 IP - Adriam, Rep 1, TP63 IP, TP63 IP, TP63 IP","22573176,",,
CTCF,BDH1,cns,"CTCF IP - NHA cells , CTCF IP - SK-N-SH cells, Rep 1 , CTCF IP - spinal cord astrocyte cells, Rep 1 , CTCF IP - SK-N-SH cells , CTCF IP - BE(2)-C cells, Rep 1 , CTCF IP - SK cells, CTCF IP - spinal cord astrocyte cells, Rep 2 , CTCF IP - cerebellar astrocyte cells, Rep 2 , CTCF IP - HCPEpiC cells, Rep 1 , CTCF IP - BE(2)-C cells, Rep 2 , CTCF IP - HCPEpiC cells, Rep 2 , CTCF IP - SK-N-SH cells, Rep 2 , CTCF IP - cerebellar astrocyte cells, Rep 1 ",,,
FOSL2,BDH1,cns,FOSL2 IP - SK-N-SH cells,,,
FOXM1,BDH1,mammarygland,"FOXM1 IP | THSP - DS006, FOXM1 IP | THSP - DS018, FOXM1 IP - DS017, FOXM1 IP - DS005",,,
SPI1,BDH1,leukocytes,"SPI1 IP - GM12878 cells, Rep 4 , SPI1 IP, SPI1 IP, SPI1 IP, SPI1 IP, SPI1 IP, SPI1 IP, SPI1 IP - GM12891 cells, SPI1 IP - GM12878 cells, SPI1 IP, SPI1 IP - GM12878 cells, Rep 2 , SPI1 IP, SPI1 IP - HL cells, SPI1 IP, ROSI | SPI1 ChIP-Seq, SPI1 IP - GM12878 cells, Rep 3 , SPI1 IP",,,
CTCF,BDH1,uterus,"CTCF IP - HeLa cells , CTCF IP - HeLa cells, Rep 1 ",,,
EGR1,BDH1,leukocytes,"EGR1 IP - K562 cells, EGR1 IP - GM12878 cells, Rep 1",,,
NANOG,BDH1,stemcells,"NANOG IP - Rep 5 , NANOG IP - Rep 2 , NANOG IP - Rep 2, NANOG IP - Rep 9 , NANOG IP - Rep 1, NANOG IP - Rep 4 , NANOG IP - Rep 3 , NANOG IP - Rep 8 , NANOG IP - Rep 6 , NANOG IP - H1 cells","16153702,",,
YY1,BDH1,leukocytes,"YY1 IP - K562 cells, Rep 1, YY1 IP - GM12891 cells, YY1 IP - GM12878 cells, YY1 IP - GM12892 cells, Rep 1, YY1 IP - GM12878 cells",,,
CTCF,BDH1,hspcs,"CTCF IP - HEL 92.1.7 cells, Rep 8 , CTCF IP - HEL 92.1.7 cells, Rep 14 , CTCF IP - HEL 92.1.7 cells, Rep 5 , CTCF IP - HEL 92.1.7 cells, Rep 2 , CTCF IP - HSPCs, Rep 2, CTCF IP - Erythroid cells, Rep 1, CTCF IP - HSPCs, Rep 1, CTCF IP - HEL 92.1.7 cells, Rep 11 ",,,
FOXA1,BDH1,liver,"FOXA1 IP - HepG2 cells, Rep 1, FOXA1 IP - HepG2 cells, Rep 2",,,
TP53,BDH1,mammarygland,"TP53 IP, TP53 IP | NUTL3 - MCF-7",,,
E2F1,BDH1,prostate,"HES6 OE | E2F1 ChIP-Seq - Rep 4, BICALU | E2F1 ChIP-Seq - Rep 1, BICALU | E2F1 ChIP-Seq - Rep 2, BICALU | E2F1 ChIP-Seq - Rep 3, BICALU + HES6OE | E2F1 ChIP-Seq - Rep 4, HES6 OE | E2F1 ChIP-Seq - Rep 2, HES6 OE | E2F1 ChIP-Seq - Rep 3, E2F1 ChIP-Seq - Rep 2, E2F1 ChIP-Seq - Rep 3, E2F1 ChIP-Seq - Rep 4, HES6 OE | E2F1 ChIP-Seq - Rep 1, HES6 OE + BICALU | E2F1 ChIP-Seq - Rep 1, E2F1 ChIP-Seq - Rep 1, HES6 OE + BICALU | E2F1 ChIP-Seq - Rep 3",,,
HES6,BDH1,prostate,"HES6 OE | E2F1 ChIP-Seq - Rep 4, BICALU + HES6OE | E2F1 ChIP-Seq - Rep 4, HES6 OE | E2F1 ChIP-Seq - Rep 2, HES6 OE | E2F1 ChIP-Seq - Rep 3, HES6 OE | E2F1 ChIP-Seq - Rep 1, HES6 OE + BICALU | E2F1 ChIP-Seq - Rep 1, HES6 OE + BICALU | E2F1 ChIP-Seq - Rep 3",,,
MYC,BDH1,colon,MYC IP - DTT,,,
TP73,BDH1,bone,"TP73 IP - alpha isoform, Rep 2, TP73 IP - beta isoform, Rep 2, TP73 IP - alpha isoform, Rep 1, TP73 IP - beta isoform, Rep 1",,,
MXI1,BDH1,leukocytes,MXI1 IP - GM12878 cells,,,
ELF1,BDH1,colon,ELF1 IP - HCT116 cells,,,
CTCF,BDH1,adiposetissue,"CTCF ChIP-Seq - d 9, CTCF ChIP-Seq - d -2, CTCF ChIP-Seq - d 0",,,
SRF,BDH1,stemcells,"SRF IP - Rep 4 , SRF IP - Rep 7 , SRF IP - Rep 6 , SRF IP - Rep 5 , SRF IP - Rep 1 , SRF IP - H1 cells, SRF IP - Rep 2 ",,,
TBP,BDH1,liver,TBP IP - HepG2 cells,,,
USF1,BDH1,cns,"USF1 IP | ATRA - SK-N-SH cells, USF1 IP - SK-N-SH cells",,,
ATRA,BDH1,cns,"USF1 IP | ATRA - SK-N-SH cells, YY1 IP | ATRA - SK-N-SH cells",,,
STAT3,BDH1,leukocytes,"STAT3 IP - U-2932, STAT3 IP - SU-DHL-6, STAT3 IP - SU-DHL-4, STAT3 IP - SU-DHL-2",,,
YY1,BDH1,stemcells,YY1 IP - H1 cells,,,
SP1,BDH1,stemcells,SP1 IP - H1 cells,,,
ZEB1,BDH1,liver,ZEB1 IP - HepG2 cells,,,
GABPA,BDH1,liver,GABPA IP - MCF7 cells,,,
CTCF,BDH1,kidney,"CTCF IP - HEK293 cells, Rep 2 , CTCF IP - HRE cells, Rep 2 , CTCF IP - HEK293 cells, Rep 1 , CTCF IP - RPTEC cells, Rep 1 , CTCF IP - RPTEC cells, Rep 2 , CTCF IP - HRE cells, Rep 1 ",,,
BICALU,BDH1,prostate,"BICALU | E2F1 ChIP-Seq - Rep 1, BICALU | E2F1 ChIP-Seq - Rep 2, BICALU | E2F1 ChIP-Seq - Rep 3, BICALU + HES6OE | E2F1 ChIP-Seq - Rep 4, HES6 OE + BICALU | E2F1 ChIP-Seq - Rep 1, HES6 OE + BICALU | E2F1 ChIP-Seq - Rep 3",,,
JUN,BDH1,mammarygland,"JUN IP - Rep 1, JUN IP - Rep 2",,,
CTCF,BDH1,mammarygland,"CTCF IP - HMF cells, Rep 1 , CTCF IP - HMEC cells, Rep 1 , CTCF IP - MCF-7 cells, Rep 1 , CTCF IP - HMF cells, Rep 2 , CTCF IP - MCF-7 cells Rep 2 , CTCF IP - T47D cells, CTCF IP - MCF7 cells, CTCF IP - HMEC cells, Rep 2 , CTCF IP - HMEC cells ",,,
FOXA1,BDH1,prostate,"FOXA1 ChIP-Seq, AR C562S OE + FOXA1 OE | FOXA1 ChIP-Seq, CREB1 siRNA | FOXA1 ChIP-Seq - Rep 2, CON KD + R1881 | FOXA1 ChIP-Seq, FOXA1 siRNA | CREB1 ChIP-Seq - Rep 1, FOXA1 ChIP-Seq - Rep 1, CON KD  | FOXA1 ChIP-Seq, FOXA1 ChIP-Seq - Rep 2, CREB1 siRNA | FOXA1 ChIP-Seq - Rep 1, WT AR OE + FOXA1 OE | FOXA1 ChIP-Seq, CON KD | FOXA1 ChIP-Seq, WT AR OE | FOXA1 ChIP-Seq, DHT | FOXA1 ChIP-Seq, FOXA1 ChIP-Seq - LNCaP-abl, FOXA1 siRNA | CREB1 ChIP-Seq - Rep 2, GATA2 KD + R1881 | FOXA1 ChIP-Seq",,,
FOXP2,BDH1,cns,FOXP2 IP - SK cells,,,
ELF1,BDH1,mammarygland,ELF1 IP - MCF7 cells,,,
USF1,BDH1,stemcells,USF1 IP - H1 cells,,,
FOXA1,BDH1,mammarygland,"FOXA1 ChIP-Seq - Rep 2, DEX | FOXA1 ChIP-Seq - Rep 1, FOXA1 ChIP-Seq - Rep 1, 17BE2 | FOXA1 ChIP-Seq - Rep 1, 17BE2 | FOXA1 ChIP-Seq - Rep 2, DHT | FOXA1 ChIP-Seq, FOXA1 IP - T47D cells, FOXA1 ChIP-Seq - Rep 2, FOXA1 ChIP-Seq - Rep 1, 17BE2 | FOXA1 ChIP-Seq - Rep 2",,,
CTCF,BDH1,lung,"CTCF IP - WI-38 cells, Rep 1 , CTCF IP - HPF cells, Rep 1 , CTCF IP | DEX - A549 cells, CTCF IP - AG04450 cells, Rep 1 , CTCF IP - HPF cells, Rep 2 , CTCF IP - IMR cells, CTCF IP - AG04450 cells, Rep 2 , CTCF ChIP-Seq - A549, CTCF IP - A549 cells, CTCF IP - A549 cells, Rep 2 , CTCF IP - NHLF cells , CTCF IP - NHLF cells , CTCF IP - SAEC cells, Rep 1 , CTCF IP | DEX - A549 cells , CTCF IP - SAEC cells, Rep 2 , CTCF IP - A549 cells ",,,
ELF1,BDH1,leukocytes,"ELF1 IP - SK-N-SH cells, ELF1 IP - SK-N-SH cells",,,
FOSL1,BDH1,colon,FOSL1 IP - HCT116 cells,,,
FOXA2,BDH1,stemcells,"FOXA2 IP - Rep 5 , FOXA2 IP - ES D2, FOXA2 IP - ES D5",,,
TP53,BDH1,stemcells,TP53 IP - DNA damage,,,
FOXM1,BDH1,uterus,FOXM1 IP - ECC1 cells,,,
E2F4,BDH1,uterus,E2F4 IP - HeLa cells,,,
TP53,BDH1,bone,"TP53 IP | TP53 OE, TP53 IP | NUTL3 - SJSA-1, TP53 IP | TP53EE/RR OE",,,
CTCF,BDH1,sensory,"CTCF IP - WERI , CTCF IP - HRPEpiC cells, Rep 2 , CTCF IP - WERI-Rb-1- cells, Rep 1 , CTCF IP - HRPEpiC cells, Rep 1 ",,,
STAT5B,BDH1,leukocytes,"STAT5B IP | IL2 - Rep 2, STAT5B IP | H9, Rep 2",,,
IL2,BDH1,leukocytes,STAT5B IP | IL2 - Rep 2,,,
TP53,BDH1,skin,"TP53 IP - Adriam, TP53 IP",,,
KLF11,BDH1,adiposetissue,"KLF11 ChIP-Seq, Rep 1, ROSI (BrAT) | KLF11 ChIP-Seq, Rep 1, ROSI (BrAT) | KLF11 ChIP-Seq, Rep 2, KLF11 ChIP-Seq, Rep 2",,,
DEX,BDH1,mammarygland,DEX | FOXA1 ChIP-Seq - Rep 1,,,
MAX,BDH1,stemcells,"MAX IP - H1 cells, MAX IP - H1 cells",,,
CEBPB,BDH1,leukocytes,"CEBPB IP - Rep 204, CEBPB IP, CEBPB IP | oxLDL  - Rep 208, CEBPB IP, CEBPB IP, CEBPB ChIP-Seq - K562",,,
REST,BDH1,cns,"REST IP - PFSK1 cells, Rep 2, REST IP - PFSK-N-SH cells1 cells, Rep 1, REST IP - SK-N-SH cells, REST IP - U87 cells, REST IP - SK cells",,,
RUNX1,BDH1,leukocytes,"RUNX1 IP, RUNX1 IP",,,
RELA,BDH1,leukocytes,"RELA IP | TNF - GM12891 cells, RELA IP | BAY082  - IVD Th1 cells, PIA",,,
TNF,BDH1,leukocytes,RELA IP | TNF - GM12891 cells,,,
SP1,BDH1,liver,SP1 IP - HepG2 cells,,,
PAX5,BDH1,leukocytes,"PAX5 IP - GM12878 cells, Rep 2, PAX5 IP - GM12892 cells, PAX5 IP - GM12891 cells, PAX5 IP - GM12878 cells, Rep 1",,,
TAL1,BDH1,megakaryocytelineage,"TAL1 IP - CHRF-288-11 cells, Rep 1 , TAL1 IP - CHRF-288-11 cells, Rep 4 ",,,
GABPA,BDH1,cns,GABPA IP - SK-N-SH cells,,,
ERG,BDH1,leukocytes,ERG IP - Rep 1,,,
ZBTB7A,BDH1,liver,ZBTB7A IP - HepG2 cells,,,
FOXP1,BDH1,leukocytes,FOXP1 IP - BJAB,,,
ZNF143,BDH1,stemcells,ZNF143 IP - H1 cells,,,
CTCF,BDH1,colon,"CTCF IP - Caco , CTCF IP - Caco-2 cells, Rep 1 , CTCF IP - HCT116 cells, Rep 1 , CTCF IP - HCT116 cells, Rep 2 , CTCF IP - Rep 2 , CTCF IP - HCT116 cells",,,
17BE2,BDH1,mammarygland,"17BE2 | FOXA1 ChIP-Seq - Rep 1, 17BE2 | FOXA1 ChIP-Seq - Rep 2, 17BE2 | FOXA1 ChIP-Seq - Rep 2",,,
MAX,BDH1,leukocytes,"MAX IP - NB4 cells, MAX IP - K562 cells, Rep 2, MAX IP - GM12878 cells, MAX IP - K562 cells",,,
TEAD4,BDH1,colon,TEAD4 IP - HCT116 cells,,,
ELF3,BDH1,pancreas,"ELF3 IP, ELF3 IP, ELF3 IP | KLF5 KO",,,
CTCF,BDH1,vasculature,"CTCF IP - HUVEC cells , CTCF IP - HBMEC cells, Rep 2 , CTCF IP - HBMEC cells, Rep 1 , CTCF IP - HUVEC cells, Rep 2 , CTCF IP - HPAF cells, Rep 1 , CTCF IP - HUVEC cells, Rep 1 , CTCF IP - AoAFC cells, Rep 1 , CTCF IP - AoAFC cells, Rep 2 , CTCF IP - HPAF cells, Rep 2 ",,,
CREB1,BDH1,uterus,CREB1 IP - ECC1 cells,,,
ZNF83,BDH1,colon,ZNF83 IP ,,,
AR,BDH1,prostate,"AR C562S OE + FOXA1 OE | FOXA1 ChIP-Seq, WT AR OE + FOXA1 OE | FOXA1 ChIP-Seq, WT AR OE | FOXA1 ChIP-Seq",,,
FOXA2,BDH1,embryonictissue,"FOXA2 IP - Rep 2, FOXA2 IP - Rep 1",,,
TEAD4,BDH1,leukocytes,TEAD4 IP - K562 cells,,,
CREB1,BDH1,leukocytes,CREB1 IP - GM12878 cells,,,
CREB1,BDH1,prostate,"CREB1 siRNA | FOXA1 ChIP-Seq - Rep 2, CREB1 ChIP-Seq - Rep 1, FOXA1 siRNA | CREB1 ChIP-Seq - Rep 1, CREB1 ChIP-Seq - LNCaP, CREB1 siRNA | FOXA1 ChIP-Seq - Rep 1, CREB1 ChIP-Seq - Rep 2, CREB1 ChIP-Seq - LNCaP-abl, FOXA1 siRNA | CREB1 ChIP-Seq - Rep 2",,,
STAT1,BDH1,uterus,"STAT1 IP | IFNG - HeLa cells, 30 min",,,
IFNG,BDH1,uterus,"STAT1 IP | IFNG - HeLa cells, 30 min",,,
SP1,BDH1,lung,SP1 IP - A549 cells,,,
MAZ,BDH1,liver,MAZ IP - HepG2 cells,,,
MAX,BDH1,cns,MAX IP - SK-N-SH cells,,,
CEBPB,BDH1,lung,CEBPB ChIP-Seq - IMR90,,,
STAT1,BDH1,leukocytes,"STAT1 IP - Rep 5, STAT1 IP - Rep 3, STAT1 IP - Rep 1, STAT1 IP - Rep 4, STAT1 IP - Rep 2, STAT1 IP - Rep 6",,,
IFNG,BDH1,leukocytes,"STAT1 IP - Rep 5, STAT1 IP - Rep 3, STAT1 IP - Rep 1, STAT1 IP - Rep 4, STAT1 IP - Rep 2, STAT1 IP - Rep 6, IRF1 IP - Rep 3, MYC IP | IFNG - K562 cells, 30 min",,,
DEX,BDH1,lung,"CTCF IP | DEX - A549 cells, USF1 IP | DEX - A549 cells, CREB1 IP | DEX - A549 cells, CTCF IP | DEX - A549 cells ",,,
R1881,BDH1,prostate,"CON KD + R1881 | FOXA1 ChIP-Seq, GATA2 KD + R1881 | FOXA1 ChIP-Seq",,,
ZBTB7A,BDH1,leukocytes,ZBTB7A IP - SK-N-SH cells,,,
ROSI,BDH1,adiposetissue,"ROSI (BrAT) | KLF11 ChIP-Seq, Rep 1, ROSI (BrAT) | KLF11 ChIP-Seq, Rep 2",,,
CTCF,BDH1,megakaryocytelineage,"CTCF IP - MEG-01 cells, Rep 6 , CTCF IP - MEG-01 cells, Rep 2 , CTCF IP - MEG-01 cells, Rep 4 , CTCF IP - MEG-01 cells, Rep 10 , CTCF IP - MEG-01 cells, Rep 8 ",,,
CREB1,BDH1,lung,"CREB1 IP - A549 cells, Rep 2, CREB1 IP - A549 cells, Rep 1, CREB1 IP | DEX - A549 cells",,,
IRF4,BDH1,leukocytes,IRF4 IP,,,
MAZ,BDH1,leukocytes,"MAZ IP - K562 cells, MAZ IP - GM12878 cells",,,
SRF,BDH1,colon,SRF IP - HCT116 cells,,,
MYC,BDH1,leukocytes,"MYC IP - NB4 cells, MYC IP - K562 cells, Rep 1, MYC IP | IFNG - K562 cells, 30 min",,,
FOS,BDH1,leukocytes,"FOS IP - GM12878 cells, FOS IP - K562 cells",,,
FOSL2,BDH1,liver,FOSL2 IP - HepG2 cells,,,
YY1,BDH1,colon,YY1 IP - HCT116 cells,,,
CTCF,BDH1,miscellaneous,"CTCF IP - AG09319 cells, Rep 1 , CTCF IP - AG09319 cells, Rep 2 ",,,
SP1,BDH1,leukocytes,SP1 IP - GM12878 cells,,,
TCF12,BDH1,stemcells,TCF12 IP - H1 cells,,,
ATF2,BDH1,colon,ATF2 IP ,,,
MTA3,BDH1,leukocytes,MTA3 IP - GM12878 cells,,,
YY1,BDH1,cns,"YY1 IP - SK-N-SH cells, YY1 IP | ATRA - SK-N-SH cells",,,
ZBTB17,BDH1,bone,ZBTB17 IP,,,
CTCF,BDH1,liver,"CTCF IP - HepG2 cells , CTCF IP - HepG2 cells, Rep 2 , CTCF IP - HepG2 cells, Rep 1 , CTCF IP - SK-N-SH cells, CTCF IP",,,
POU2F2,BDH1,leukocytes,POU2F2 IP - GM12878 cells,,,
NFYA,BDH1,leukocytes,NFYA IP - GM12878 cells,,,
RELA,BDH1,colon,RELA IP ,,,
MEF2A,BDH1,leukocytes,MEF2A IP - GM12878 cells,,,
JUNB,BDH1,colon,JUNB IP ,,,
E2F1,BDH1,uterus,"E2F1 IP - HeLa cells, Rep 2, E2F1 IP - HeLa cells, Rep 1",,,
FOXA1,BDH1,stemcells,FOXA1 IP - Rep 5 ,,,
ATF2,BDH1,leukocytes,ATF2 IP - GM12878 cells,,,
MYB,BDH1,leukocytes,"MYB IP - MOLT3, MYB IP - Jurkat, Rep 5, MYB IP - Jurkat, Rep 4, MYB IP - Jurkat, Rep 2, MYB IP - Jurkat, Rep 1, MYB IP - Jurkat, Rep 3",,,
GABPA,BDH1,leukocytes,"GABPA IP - Jurkat, Rep 1, GABPA IP - Jurkat, Rep 2",,,
TCF12,BDH1,cns,TCF12 IP - SK-N-SH cells,,,
TEAD4,BDH1,stemcells,TEAD4 IP - H1 cells,,,
CEBPB,BDH1,uterus,CEBPB ChIP-Seq - HeLaS3,,,
TAL1,BDH1,colon,TAL1 IP ,,,
GLI2,BDH1,colon,GLI2 IP ,,,
SOX2,BDH1,stemcells,"SOX2 IP, SOX2 IP - Rep 1 , SOX2 IP - Rep 2, SOX2 IP - Rep 2 , SOX2 IP - Rep 3 , SOX2 IP - Rep 1","16153702,",,
TCF12,BDH1,uterus,TCF12 IP - ECC1 cells,,,
USF1,BDH1,uterus,USF1 IP - ECC1 cells,,,
CREB1,BDH1,liver,"CREB1 IP, CREB1 IP - HepG2 cells, CREB1 IP",,,
MAX,BDH1,uterus,"MAX IP - ECC1 cells, MAX IP - HeLa cells, Rep 2, MAX IP - HeLa cells, Rep 1",,,
TFAP4,BDH1,leukocytes,"TFAP4 IP - Rep 1, TFAP4 IP - Rep 2",,,
MAX,BDH1,vasculature,MAX IP - HUVEC cells,,,
MYBL2,BDH1,liver,MYBL2 IP - HepG2 cells,,,
CTCF,BDH1,pancreas,CTCF IP,,,
MYC,BDH1,mammarygland,"MYC IP | 4HT - MCF10A cells, MYC IP, MYC IP - MCF-10A cells, DHT | MYC ChIP-Seq",,,
4HT,BDH1,mammarygland,"MYC IP | 4HT - MCF10A cells, FOS IP | 4HT - MCF10A cells, 36 h, E2F4 IP | 4HT - MCF10 cells",,,
E2F6,BDH1,leukocytes,E2F6 IP - K562 cells,,,
HOXA6,BDH1,colon,HOXA6 IP ,,,
NFYA,BDH1,uterus,NFYA IP - HeLa cells,,,
MAFF,BDH1,leukocytes,MAFF IP - K562 cells,,,
SRF,BDH1,uterus,SRF IP - ECC1 cells,,,
USF1,BDH1,colon,USF1 IP - HCT116 cells,,,
CTCF,BDH1,placenta,"CTCF IP - HVMF cells, Rep 2 , CTCF IP - HVMF cells, Rep 1 ",,,
REST,BDH1,uterus,"REST IP - SK-N-SH cells, REST IP - ECC1 cells",,,
MAFK,BDH1,stemcells,MAFK IP - H1 cells,,,
STAT5A,BDH1,leukocytes,STAT5A IP - GM12878 cells,,,
KLF4,BDH1,stemcells,KLF4 IP,,,
DHT,BDH1,mammarygland,"DHT | FOXA1 ChIP-Seq, DHT | TCF7L2 ChIP-Seq, DHT | MYC ChIP-Seq",,,
TBP,BDH1,stemcells,TBP IP - H1 cells,,,
MAX,BDH1,liver,"MAX IP - MCF7 cells, MAX IP - HepG2 cells",,,
MAFK,BDH1,liver,"MAFK IP - HepG2 cells, Rep 1, MAFK IP - HepG2 cells, Rep 2",,,
CTCF,BDH1,bone,CTCF IP - Osteoblasts ,,,
ELF1,BDH1,liver,ELF1 IP - HepG2 cells,,,
USF1,BDH1,lung,USF1 IP | DEX - A549 cells,,,
SRF,BDH1,leukocytes,"SRF IP - SK-N-SH cells, SRF IP - GM12878 cells, Rep 2",,,
MXI1,BDH1,cns,MXI1 IP - SK-N-SH cells ,,,
MXI1,BDH1,uterus,MXI1 IP - HeLa cells,,,
ERG,BDH1,prostate,DMSO | ERG ChIP-Seq - Rep 1,,,
JUN,BDH1,uterus,JUN IP - HeLa cells,,,
USF2,BDH1,uterus,USF2 IP - HeLa cells,,,
BHLHE40,BDH1,leukocytes,"BHLHE40 IP - GM12878 cells, BHLHE40 IP - K562 cells",,,
SATB1,BDH1,cns,"SATB1 IP | AMYLB, SATB1 IP",,,
AMYLB,BDH1,cns,SATB1 IP | AMYLB,,,
GATA1,BDH1,hspcs,"GATA1 IP - PBDE cells, Rep 1",,,
CTCF,BDH1,skeletalmuscle,"CTCF IP - HSMM cells, Rep 1 , CTCF IP - HSMM cells, Rep 2 ",,,
MAFK,BDH1,lung,MAFK IP - IMR cells,,,
RBPJ,BDH1,leukocytes,"RBPJ IP | COMPE - wash, RBPJ IP | COMPE",,,
COMPE,BDH1,leukocytes,"RBPJ IP | COMPE - wash, RBPJ IP | COMPE",,,
JUND,BDH1,leukocytes,JUND IP - K562 cells,,,
FOS,BDH1,vasculature,FOS IP - HUVEC cells,,,
TAL1,BDH1,leukocytes,"TAL1 IP - MOLT3, TAL1 IP - K562 cells",,,
ZNF143,BDH1,leukocytes,ZNF143 IP - GM12878 cells,,,
MAZ,BDH1,uterus,MAZ IP - HeLa cells,,,
REST,BDH1,pancreas,"REST IP - PANC1 cells, Rep 1, REST IP - Panc1 cells, Rep 3",,,
SIX2,BDH1,kidney,"SIX2 IP - 17 weeks, Rep 2, SIX2 IP - 17 weeks, Rep 1",,,
CEBPB,BDH1,stemcells,"CEBPB IP, CEBPB IP, CEBPB IP, CEBPB IP, CEBPB IP - H1 cells",,,
MAFK,BDH1,leukocytes,MAFK IP - K562 cells,,,
POU2F1,BDH1,prostate,POU2F1 ChIP-Seq,,,
ZBTB7A,BDH1,uterus,ZBTB7A IP - ECC1 cells,,,
IRF1,BDH1,leukocytes,IRF1 IP - Rep 3,,,
ZNF384,BDH1,leukocytes,"ZNF384 IP - K562 cells, ZNF384 IP - GM12878 cells",,,
ARID3A,BDH1,liver,ARID3A IP - HepG2 cells,,,
TCF12,BDH1,leukocytes,TCF12 IP - GM12878 cells,,,
ATF3,BDH1,colon,"ATF3 IP - HCT116 cells, ATF3 IP | CAMPTO",,,
CEBPB,BDH1,liver,CEBPB IP | FORSK - HepG2 cells,,,
FORSK,BDH1,liver,CEBPB IP | FORSK - HepG2 cells,,,
H9,BDH1,leukocytes,"STAT5B IP | H9, Rep 2",,,
YY1,BDH1,liver,YY1 IP - HepG2 cells,,,
SP1,BDH1,colon,SP1 IP - HCT116 cells,,,
RELA,BDH1,adiposetissue,RELA IP,,,
EBF1,BDH1,leukocytes,"EBF1 IP - GM12878 cells, EBF1 IP - GM12878 cells",,,
JUND,BDH1,colon,JUND IP - HCT116 cells,,,
EOMES,BDH1,stemcells,"EOMES IP - Rep 1 , EOMES IP - Rep 2 ",,,
ETS1,BDH1,leukocytes,ETS1 IP,,,
REST,BDH1,liver,"REST IP - HepG2 cells, Rep 1",,,
BACH1,BDH1,stemcells,BACH1 IP - H1 cells,,,
MAZ,BDH1,lung,MAZ IP - IMR cells,,,
E2F1,BDH1,mammarygland,"E2F1 IP - MCF7 cells, E2F1 IP",,,
MAX,BDH1,colon,MAX IP - HCT116 cells,,,
ZNF263,BDH1,kidney,ZNF263 IP - HEK293 cells,,,
USF1,BDH1,liver,USF1 IP - HepG2 cells,,,
ETV5,BDH1,colon,ETV5 IP ,,,
CTCF,BDH1,heart,"CTCF IP - HCF cells , CTCF IP - myocytes cells, Rep 2 , CTCF IP - myocytes cells, Rep 1 ",,,
DHT,BDH1,prostate,"DHT | FOXA1 ChIP-Seq, DHT | FOXP1 ChIP-Seq",,,
TCF7L2,BDH1,mammarygland,"DHT | TCF7L2 ChIP-Seq, TCF7L2 ChIP-Seq",,,
PBX3,BDH1,cns,PBX3 IP - SK-N-SH cells,,,
NFYA,BDH1,colon,NFYA IP ,,,
CREB1,BDH1,stemcells,CREB1 IP - H1 cells,,,
TEAD4,BDH1,liver,TEAD4 IP - HepG2 cells,,,
TP53,BDH1,colon,"TP53 IP | CAMPTO, TP53 IP | TP53 KO",,,
CAMPTO,BDH1,colon,TP53 IP | CAMPTO,,,
MAFF,BDH1,liver,MAFF IP - HepG2 cells,,,
RUNX1,BDH1,hspcs,RUNX1,,,
SMAD4,BDH1,embryonictissue,SMAD4 IP - endoderm,,,
KLF5,BDH1,pancreas,"ELF3 IP | KLF5 KO, KLF5 IP",,,
GATA3,BDH1,mammarygland,"GATA3 IP - T47D cells, GATA3 IP - MCF7 cells, GATA3 IP - MCF-7 cells",,,
MYC,BDH1,uterus,MYC IP - HeLa cells,,,
OTX2,BDH1,stemcells,OTX2 IP - Rep 10 ,,,
NFYB,BDH1,uterus,NFYB IP - HeLa cells,,,
TBP,BDH1,uterus,TBP IP - HeLa cells,,,
CTCF,BDH1,esophagus,"CTCF IP - HEEpiC cells, Rep 1 ",,,
NFYB,BDH1,leukocytes,NFYB IP - GM12878 cells,,,
JUN,BDH1,leukocytes,"JUN IP - K562 cells, Rep 1, JUN IP - K562 cells, Rep 2",,,
HIF1A,BDH1,bone,HIF1A IP,,,
GATA2,BDH1,leukocytes,GATA2 IP - K562 cells,,,
TCF12,BDH1,lung,TCF12 IP - A549 cells,,,
KLF5,BDH1,stomach,KLF5 IP - KATOIII,,,
GATA6,BDH1,stomach,GATA6 IP - YCC3,,,
TP53,BDH1,leukocytes,TP53 IP - Doxo DNA damage,,,
HOXA4,BDH1,colon,HOXA4 IP ,,,
ZNF143,BDH1,uterus,ZNF143 IP - HeLa cells,,,
GATA3,BDH1,cns,GATA3 IP - SK-N-SH cells,,,
YY1,BDH1,uterus,YY1 IP - ECC1 cells,,,
FOSL1,BDH1,leukocytes,FOSL1 IP - K562 cells,,,
FOXP1,BDH1,colon,FOXP1 IP ,,,
EGR1,BDH1,colon,EGR1 IP - HCT116 cells,,,
CREB1,BDH1,colon,CREB1 IP ,,,
BHLHE40,BDH1,liver,BHLHE40 IP - SK-N-SH cells,,,
MAX,BDH1,lung,MAX IP - A549 cells,,,
FOXP1,BDH1,prostate,DHT | FOXP1 ChIP-Seq,,,
REST,BDH1,stemcells,"REST IP - H1 cells, Rep 1, REST IP - H1 cells, Rep 2",,,
MXI1,BDH1,liver,MXI1 IP - HepG2 cells,,,
TBP,BDH1,leukocytes,TBP IP - GM12878 cells,,,
GATA2,BDH1,cns,GATA2 ChIP-Seq SH-SY5Y,,,
FOS,BDH1,mammarygland,"FOS IP | 4HT - MCF10A cells, 36 h",,,
IRF1,BDH1,pancreas,IRF1 IP,,,
ELF1,BDH1,cns,ELF1 IP - SK-N-SH cells,,,
REST,BDH1,lung,REST IP - A549 cells,,,
JUND,BDH1,stemcells,JUND IP - H1 cells,,,
FOXH1,BDH1,embryonictissue,FOXH1 IP - endoderm,,,
GMEB2,BDH1,colon,GMEB2 IP ,,,
E2F4,BDH1,mammarygland,E2F4 IP | 4HT - MCF10 cells,,,
E2F3,BDH1,colon,E2F3 IP ,,,
ROSI,BDH1,leukocytes,ROSI | SPI1 ChIP-Seq,,,
SRF,BDH1,mammarygland,SRF IP - MCF7 cells,,,
JUN,BDH1,colon,JUN IP ,,,
BAY082,BDH1,leukocytes,"RELA IP | BAY082  - IVD Th1 cells, PIA",,,
SMAD1,BDH1,hspcs,SMAD1 IP - Rep 3,,,
GATA2,BDH1,prostate,GATA2 KD + R1881 | FOXA1 ChIP-Seq,,,
E2F6,BDH1,lung,E2F6 IP - A549 cells,,,
IRF1,BDH1,colon,IRF1 IP ,,,
GATA4,BDH1,stomach,GATA4 IP - AGS,,,
JUND,BDH1,liver,JUND IP - HepG2 cells,,,
CEBPB,BDH1,colon,CEBPB IP - HCT116 cells,,,
TEAD4,BDH1,uterus,TEAD4 IP - ECC1 cells,,,
MXI1,BDH1,lung,MXI1 IP - IMR cells,,,
JUND,BDH1,uterus,JUND IP - HeLa cells,,,
RUNX1T1,BDH1,leukocytes,RUNX1T1 IP,,,
E2F6,BDH1,stemcells,E2F6 IP - H1 cells,,,
FOXA2,BDH1,liver,FOXA2 IP - HepG2 cells,"19822575,",,
HEY1,BDH1,liver,HEY1 IP - HepG2 cells,,,
ATF2,BDH1,stemcells,ATF2 IP - H1 cells,,,
ZFP42,BDH1,stemcells,ZFP42 IP - Rep 2 ,,,
CTCF,BDH2,heart,"CTCF IP - HCF cells , CTCF IP - myocytes cells, Rep 1 , CTCF IP - myocytes cells, Rep 2 ",,,
CTCF,BDH2,skin,"CTCF IP - NHEK cells, Rep 2 , CTCF IP - BJ cells, Rep 2 , CTCF IP - NHEK cells , CTCF IP - AG09309 cells, Rep 1 , CTCF IP - AG04449 cells, Rep 2 , CTCF IP - BJ cells, Rep 1 , CTCF IP - GM12878 cells, Rep 2 , CTCF IP - AG10803 cells, Rep 1 , CTCF IP - AG09309 cells, Rep 2 , CTCF IP - NHDF cells , CTCF IP - HFFC cells, Rep 1 , CTCF IP - NHDF cells, Rep 2 , CTCF IP - AG10803 cells, Rep 2 , CTCF IP - AG04449 cells, Rep 1 , CTCF IP - HFFC cells, Rep 3 , CTCF IP - NHDF cells, Rep 1 , CTCF IP - HFFC cells, Rep 2 ",,,
CTCF,BDH2,leukocytes,"CTCF IP - GM12234 cells, CTCF IP - F36P cells, Rep 13 , CTCF IP - CD14+ cells , CTCF IP - K562 cells, CTCF IP - GM11811 cells, Rep 1, CTCF ChIP-Seq - GM12878, CTCF IP - GM12287 cells, Rep 1, CTCF IP - GM12489 cells, Rep 1, CTCF IP - GM2610 cells, Rep 2 , CTCF IP - K562 cells, Rep 15 , CTCF IP - GM12874 cells, Rep 1 , CTCF IP - GM06990 cells, Rep 2 , CTCF IP - GM12878 cells, Rep 2 , CTCF IP - GM19238 cells, Rep 1 , CTCF IP - GM19240 cells, Rep 2 , CTCF IP - GM10847 cells, Rep 1 , CTCF IP - GM12873 cells, Rep 1 , CTCF IP - GM2255 cells, Rep 3 , CTCF IP - GM12749 cells, Rep 1, CTCF IP - GM12878 cells, Rep 1 , CTCF IP -  DND , CTCF IP - GM19238 cells, Rep 2 , CTCF IP - K562 cells, Rep 12 , CTCF IP - F36P cells, Rep 2 , CTCF IP - GM19193 cells, Rep 1 , CTCF IP - F36P cells, Rep 14 , CTCF IP - GM12872 cells, Rep 3 , CTCF IP - GM12870 cells , CTCF IP - GM12867 cells , CTCF IP - HL , CTCF IP - GM12006 cells, Rep 2, CTCF IP - GM07037 cells, CTCF IP - GM12864 cells, Rep 2 , CTCF IP - K562 cells, CTCF IP - GM11994 cells, Rep 2, CTCF IP - K562 cells, CTCF IP - GM07346 cells, CTCF IP - MS1 cells, Rep 2 , CTCF IP - GM2630 cells, Rep 3 , CTCF IP - F36P cells, Rep 10 , CTCF IP - GM12154 cells, Rep 2, CTCF IP - GM12890 cells, Rep 3 , CTCF IP - GM11831 cells, CTCF IP - GM18505 cells, Rep 1 , CTCF IP - GM19239 cells, Rep 2 , CTCF IP - GM12891 cells, Rep 2 , CTCF IP - GM12864 cells, Rep 1 , CTCF IP - GM2610 cells, Rep 3 , CTCF IP - GM12869 cells , CTCF IP - GM12875 cells, Rep 1 , CTCF IP - GM2630 cells, Rep 1 , CTCF IP, CTCF IP - K562 cells, Rep 13 , CTCF IP - GM19240 cells, Rep 1 , CTCF IP - GM12873 cells, Rep 3 , CTCF IP - GM12871 cells , CTCF IP - KU812 cells, Rep 13 , CTCF IP - K562 cells, Rep 2 , CTCF IP - GM10847 cells, Rep 2 , CTCF IP - KU812 cells, Rep 17 , CTCF IP - GM19099 cells, Rep 2 , CTCF IP - GM12872 cells, Rep 1 , CTCF IP - GM12874 cells, CTCF IP - GM12878 cells, Rep 2 , CTCF IP - GM19099 cells, Rep 1 , CTCF IP - K562 cells , CTCF IP - K562 cells, Rep 11 , CTCF IP - F36P cells, Rep 15 , CTCF IP - GM2255 cells, Rep 1 , CTCF IP - GM12815 cells, Rep 1, CTCF IP - GM12890 cells, Rep 2 , CTCF IP - GM11994 cells, Rep 1, CTCF IP - GM12872 cells, CTCF IP - GM19239 cells, Rep 1 , CTCF IP - GM12878 cells, Rep 1 , CTCF IP - GM12154 cells, Rep 1, CTCF IP - GM12866 cells , CTCF IP - GM18951 cells, Rep 2 , CTCF IP - F36P cells, Rep 5 , CTCF IP - GM11811 cells, Rep 2, CTCF IP - GM11992 cells, Rep 1, CTCF IP - F36P cells, Rep 6 , CTCF IP - GM12872 cells, Rep 2 , CTCF IP - GM2588 cells, Rep 2 , CTCF IP - F36P cells, Rep 9 , CTCF IP - MS1 cells, Rep 4 , CTCF IP - GM12891 cells, Rep 1 , CTCF IP - GM18486 cells, Rep 2 , CTCF IP - GM12865 cells, Rep 3 , CTCF IP - GM2588 cells, Rep 3 , CTCF IP - GM12006 cells, Rep 1, CTCF IP - GM18526 cells, Rep 2 , CTCF IP - KU812 cells, Rep 1 , CTCF IP - GM18505 cells, Rep 2 , CTCF IP - GM18486 cells, Rep 1 , CTCF IP - F36P cells, Rep 3 , CTCF IP - GM06990 cells, Rep 1 , CTCF IP - MS1 cells, Rep 1 , CTCF IP - KU812 cells, Rep 9 , CTCF IP - K562 cells, Rep 1 , CTCF IP - GM18951 cells, Rep 1 , CTCF IP - GM11894 cells, Rep 1, CTCF IP - GM12865 cells, Rep 2 , CTCF IP - GM12892 cells, Rep 1 , CTCF IP - GM2610 cells, Rep 1 , CTCF IP - GM12814 cells, Rep 1, CTCF IP - GM19193 cells, Rep 2 , CTCF IP - GM12815 cells, Rep 2, CTCF IP - GM12878 cells , CTCF IP - GM18526 cells, Rep 1 , CTCF IP - K562 cells, Rep 14 , CTCF IP - GM11881 cells, CTCF IP - HeLa cells, Rep 2 , CTCF IP - GM11894 cells, Rep 2, CTCF IP - F36P cells, Rep 11 , CTCF IP - GM06986 cells, CTCF IP - K562 cells, Rep 16 , CTCF IP - F36P cells, Rep 7 , CTCF IP -  CD20+ cells , CTCF IP - GM12892 cells, Rep 2 , CTCF IP - NB4 cells , CTCF IP - GM12005 cells, Rep 1, CTCF IP - GM12868 cells , CTCF IP - GM12890 cells, Rep 1 , CTCF IP - F36P cells, Rep 18 , CTCF IP - GM12865 cells, Rep 1 , CTCF IP - GM18486 cells, Rep 3 , CTCF IP - GM12873 cells, Rep 1 , CTCF IP - GM12864 cells, Rep 3 , CTCF IP - KU812 cells, Rep 5 , CTCF IP - GM12814 cells, Rep 2, CTCF IP - GM2255 cells, Rep 2 , CTCF IP - MS1 cells, Rep 3 , CTCF IP - GM2588 cells, Rep 1 , CTCF IP - GM2630 cells, Rep 2 , CTCF IP - F36P cells, Rep 17 , CTCF IP - GM12874 cells, Rep 2 , CTCF IP - GM12828 cells, CTCF IP - F36P cells, Rep 19 , CTCF IP - GM12005 cells, Rep 2",,,
TP53,BDH2,mammarygland,TP53 IP,,,
CTCF,BDH2,miscellaneous,"CTCF IP - AG09319 cells, Rep 2 , CTCF IP - AG09319 cells, Rep 1 ",,,
FOXM1,BDH2,leukocytes,FOXM1 IP - GM12878 cells,,,
MXI1,BDH2,liver,MXI1 IP - HepG2 cells,,,
CTCF,BDH2,vasculature,"CTCF IP - AoAFC cells, Rep 2 , CTCF IP - HPAF cells, Rep 2 , CTCF IP - HUVEC cells, Rep 2 , CTCF IP - HPAF cells, Rep 1 , CTCF IP - AoAFC cells, Rep 1 , CTCF IP - HBMEC cells, Rep 1 , CTCF IP - HUVEC cells , CTCF IP - HBMEC cells, Rep 2 , CTCF IP - HUVEC cells, Rep 1 ",,,
CTCF,BDH2,mammarygland,"CTCF IP - MCF7 cells, CTCF IP - HMF cells, Rep 2 , CTCF IP - HMEC cells , CTCF IP - HMEC cells, Rep 2 , CTCF IP - HMEC cells, Rep 1 , CTCF IP - T47D cells, CTCF IP - MCF-7 cells Rep 2 , CTCF IP - MCF-7 cells, Rep 1 , CTCF IP - HMF cells, Rep 1 ",,,
FOXA1,BDH2,prostate,"R1881 | FOXA1 ChIP-Seq - Rep 1, DHT | FOXA1 ChIP-Seq, CON KD | FOXA1 ChIP-Seq, DHT | FOXA1 ChIP-Seq, FOXA1 ChIP-Seq, FOXA1 ChIP-Seq, GATA2 KD  | FOXA1 ChIP-Seq, FOXA1 ChIP-Seq - Rep 1, POU2F1 KD + DHT | FOXA1 ChIP-Seq, CON KD  | FOXA1 ChIP-Seq, CON KD + R1881 | FOXA1 ChIP-Seq - Rep 1, FOXA1 ChIP-Seq - Rep 2, CREB1 siRNA | FOXA1 ChIP-Seq - Rep 1, CON KD | FOXA1 ChIP-Seq, EtOH | FOXA1 ChIP-Seq - , DHT | FOXA1 ChIP-Seq, R1881 | FOXA1 ChIP-Seq - Rep 2, FOXA1 siRNA | CREB1 ChIP-Seq - Rep 2, FOXA1 ChIP-Seq, CON KD + R1881 | FOXA1 ChIP-Seq - Rep 2, DHT | FOXA1 ChIP-Seq - C4- Rep 2B, GATA2 KD + R1881 | FOXA1 ChIP-Seq, FOXA1 ChIP-Seq - LNCaP-abl, PIAS1 + R1881 | FOXA1 ChIP-Seq - Rep 2, DHT | FOXA1 ChIP-Seq, CON KD | FOXA1 ChIP-Seq, PIAS1 + R1881 | FOXA1 ChIP-Seq - Rep 1, FOXA1 ChIP-Seq, CREB1 siRNA | FOXA1 ChIP-Seq - Rep 2, AR C562S OE + FOXA1 OE | FOXA1 ChIP-Seq, CON KD + R1881 | FOXA1 ChIP-Seq, EtOH | FOXA1 ChIP-Seq - Rep 2",,,
R1881,BDH2,prostate,"R1881 | FOXA1 ChIP-Seq - Rep 1, CON KD + R1881 | FOXA1 ChIP-Seq - Rep 1, R1881 | FOXA1 ChIP-Seq - Rep 2, GABPA IP | R1881, CON KD + R1881 | FOXA1 ChIP-Seq - Rep 2, GATA2 KD + R1881 | FOXA1 ChIP-Seq, PIAS1 + R1881 | FOXA1 ChIP-Seq - Rep 2, PIAS1 + R1881 | FOXA1 ChIP-Seq - Rep 1, CON KD + R1881 | FOXA1 ChIP-Seq",,,
CTCF,BDH2,pancreas,CTCF IP,,,
DHT,BDH2,prostate,"DHT | FOXA1 ChIP-Seq, DHT | FOXA1 ChIP-Seq, POU2F1 KD + DHT | FOXA1 ChIP-Seq, DHT | FOXA1 ChIP-Seq, DHT | FOXA1 ChIP-Seq - C4- Rep 2B, DHT | FOXA1 ChIP-Seq",,,
MAFK,BDH2,liver,"MAFK IP - HepG2 cells, Rep 2",,,
HEY1,BDH2,liver,HEY1 IP - HepG2 cells,,,
CTCF,BDH2,hspcs,"CTCF IP - HEL 92.1.7 cells, Rep 2 , CTCF IP - Erythroid cells, Rep 1, CTCF IP - HEL 92.1.7 cells, Rep 11 , CTCF IP - HEL 92.1.7 cells, Rep 14 , CTCF IP - HEL 92.1.7 cells, Rep 8 , CTCF IP - HEL 92.1.7 cells, Rep 5 , CTCF IP - Erythroid cells, Rep 2",,,
CTCF,BDH2,liver,"CTCF IP - SK-N-SH cells, CTCF IP - HepG2 cells , CTCF IP - HepG2 cells, Rep 2 , CTCF IP - HepG2 cells, Rep 1 , CTCF IP",,,
PAX5,BDH2,leukocytes,"PAX5 IP - GM12892 cells, PAX5 IP - GM12878 cells, Rep 1, PAX5 IP - GM12878 cells, Rep 2, PAX5 IP - GM12891 cells",,,
CEBPB,BDH2,leukocytes,"CEBPB IP - HL-60 cells, Rep 2 , CEBPB IP - K562 cells, CEBPB ChIP-Seq - K562",,,
CTCF,BDH2,lung,"CTCF IP - A549 cells, CTCF IP - A549 cells, Rep 2 , CTCF IP - NHLF cells , CTCF ChIP-Seq - A549, CTCF IP - AG04450 cells, Rep 1 , CTCF IP - IMR cells, CTCF IP | DEX - A549 cells , CTCF IP | DEX - A549 cells, CTCF IP - A549 cells , CTCF IP - SAEC cells, Rep 2 , CTCF IP - HPF cells, Rep 1 , CTCF IP - NHLF cells , CTCF IP - SAEC cells, Rep 1 , CTCF IP - AG04450 cells, Rep 2 , CTCF IP - HPF cells, Rep 2 , CTCF IP - WI-38 cells, Rep 1 ",,,
FOXA1,BDH2,mammarygland,"17BE2 | FOXA1 ChIP-Seq - Rep 1, 17BE2 | FOXA1 ChIP-Seq - Rep 2, DEX | FOXA1 ChIP-Seq - Rep 2, FOXA1 IP - T47D cells, FOXA1 ChIP-Seq - Rep 2, FOXA1 ChIP-Seq - Rep 1, DEX | FOXA1 ChIP-Seq - Rep 1",,,
17BE2,BDH2,mammarygland,"17BE2 | FOXA1 ChIP-Seq - Rep 1, 17BE2 | FOXA1 ChIP-Seq - Rep 2",,,
CEBPB,BDH2,lung,"CEBPB ChIP-Seq - A549, CEBPB ChIP-Seq - IMR90, CEBPB IP - A549 cells",,,
STAT3,BDH2,mammarygland,"STAT3 IP | 4HT - MCF10 cells, 36 h, STAT3 IP - MCF10A cells, Rep 2, STAT3 IP | 4HT - MCF10 cells, 12 h",,,
4HT,BDH2,mammarygland,"STAT3 IP | 4HT - MCF10 cells, 36 h, FOS IP | 4HT - MCF10A cells, 36 h, MYC IP | 4HT - MCF10A cells, FOS IP | 4HT - MCF10A cells, 12 h, STAT3 IP | 4HT - MCF10 cells, 12 h, E2F4 IP | 4HT - MCF10 cells, FOS IP | 4HT - MCF10A cells, 4 h",,,
USF1,BDH2,colon,USF1 IP - HCT116 cells,,,
TBP,BDH2,leukocytes,TBP IP - GM12878 cells,,,
MYB,BDH2,leukocytes,"MYB IP - Jurkat, Rep 5, MYB IP - Jurkat, Rep 4, MYB IP - Jurkat, Rep 1, MYB IP - Jurkat, Rep 2, MYB IP - Jurkat, Rep 3, MYB IP - MOLT3",,,
SP1,BDH2,colon,SP1 IP - HCT116 cells,,,
ATF3,BDH2,colon,ATF3 IP - HCT116 cells,,,
CEBPB,BDH2,stemcells,"CEBPB IP, CEBPB IP, CEBPB IP, CEBPB IP, CEBPB IP, CEBPB IP, CEBPB IP, CEBPB IP, CEBPB IP, CEBPB IP, CEBPB IP - H1 cells",,,
ELF3,BDH2,pancreas,"ELF3 IP | KLF5 KO, ELF3 IP, ELF3 IP",,,
KLF5,BDH2,pancreas,ELF3 IP | KLF5 KO,,,
NFATC1,BDH2,leukocytes,NFATC1 IP - GM12878 cells,,,
ZNF143,BDH2,leukocytes,"ZNF143 IP - K562 cells, ZNF143 IP - GM12878 cells, ZNF143 IP - K562, ZNF143 IP - HPB-ALL",,,
SPI1,BDH2,leukocytes,"SPI1 IP - GM12891 cells, SPI1 IP, SPI1 IP, SPI1 IP, SPI1 IP, SPI1 IP, SPI1 IP, SPI1 IP, SPI1 IP - HL cells",,,
GABPA,BDH2,leukocytes,"GABPA IP - Jurkat, Rep 1, GABPA IP - Jurkat, Rep 2, GABPA IP - GM12878 cells, Rep 2 ",,,
CEBPB,BDH2,colon,"CEBPB IP | 125DVD3, CEBPB IP, CEBPB IP - HCT116 cells",,,
125DVD3,BDH2,colon,CEBPB IP | 125DVD3,,,
RELA,BDH2,adiposetissue,"RELA IP, RELA IP",,,
CTCF,BDH2,esophagus,"CTCF IP - HEEpiC cells, Rep 1 , CTCF IP - HEEpiC cells, Rep 2 ",,,
ZNF143,BDH2,uterus,"ZNF143 IP - HeLa, Rep 1, ZNF143 IP - HeLa cells, ZNF143 Ip - HeLa, Rep 2",,,
GATA2,BDH2,prostate,"GATA2 KD  | FOXA1 ChIP-Seq, GATA2 KD + R1881 | FOXA1 ChIP-Seq",,,
CTCF,BDH2,cns,"CTCF IP - cerebellar astrocyte cells, Rep 2 , CTCF IP - spinal cord astrocyte cells, Rep 2 , CTCF IP - SK cells, CTCF IP - HCPEpiC cells, Rep 2 , CTCF IP - cerebellar astrocyte cells, Rep 1 , CTCF IP - SK-N-SH cells, Rep 2 , CTCF IP - BE(2)-C cells, Rep 1 , CTCF IP - SK-N-SH cells , CTCF IP - SK-N-SH cells, Rep 1 , CTCF IP - NHA cells , CTCF IP - HCPEpiC cells, Rep 1 , CTCF IP - BE(2)-C cells, Rep 2 , CTCF IP - spinal cord astrocyte cells, Rep 1 ",,,
ETS1,BDH2,leukocytes,"ETS1 IP, ETS1 IP - K562 cells, ETS1 IP - GM12878 cells",,,
CTCF,BDH2,bone,"CTCF IP - Osteoblasts , CTCF IP",,,
CTCF,BDH2,megakaryocytelineage,"CTCF IP - MEG-01 cells, Rep 4 , CTCF IP - MEG-01 cells, Rep 10 , CTCF IP - MEG-01 cells, Rep 8 , CTCF IP - MEG-01 cells, Rep 6 , CTCF IP - MEG-01 cells, Rep 2 ",,,
TCF21,BDH2,vasculature,TCF21 IP,,,
YY1,BDH2,colon,YY1 IP - HCT116 cells,,,
STAT3,BDH2,leukocytes,"STAT3 IP - SU-DHL-6, STAT3 IP - OCI-LY7, STAT3 IP - SU-DHL-4, STAT3 IP - U-2932",,,
JUND,BDH2,liver,JUND IP - HepG2 cells,,,
TCF12,BDH2,lung,TCF12 IP - A549 cells,,,
SMAD1,BDH2,hspcs,SMAD1 IP - Rep 3,,,
CTCF,BDH2,skeletalmuscle,"CTCF IP - HSMM cells, Rep 1 , CTCF IP - HSMM cells, Rep 2 ",,,
MYBL2,BDH2,liver,MYBL2 IP - HepG2 cells,,,
ZNF384,BDH2,leukocytes,"ZNF384 IP - GM12878 cells, ZNF384 IP - K562 cells",,,
CTCF,BDH2,colon,"CTCF IP - Rep 1 , CTCF IP - HCT116 cells, Rep 1 , CTCF IP - Rep 2 , CTCF IP - Caco , CTCF IP - HCT116 cells, Rep 2 , CTCF IP - HCT116 cells, CTCF IP - Caco-2 cells, Rep 1 ",,,
MAX,BDH2,leukocytes,"MAX IP - GM12878 cells, MAX IP - K562 cells, MAX IP - NB4 cells, MAX IP - K562 cells, Rep 2",,,
FOS,BDH2,mammarygland,"FOS IP | 4HT - MCF10A cells, 36 h, FOS IP - MCF10A cells, FOS IP | 4HT - MCF10A cells, 12 h, FOS IP | 4HT - MCF10A cells, 4 h",,,
ZNF143,BDH2,kidney,ZNF143 IP - HEK293-T-rex,,,
TP53,BDH2,bone,TP53 IP - Rep 2,,,
POU2F1,BDH2,prostate,POU2F1 KD + DHT | FOXA1 ChIP-Seq,,,
ZNF143,BDH2,stemcells,ZNF143 IP - H1 cells,,,
YY1,BDH2,leukocytes,"YY1 IP - GM12892 cells, Rep 1, YY1 IP - K562 cells, Rep 2, YY1 IP - GM12878 cells, YY1 IP - GM12891 cells, YY1 IP - K562 cells, Rep 1",,,
GATA4,BDH2,stomach,GATA4 IP - AGS,,,
MAFK,BDH2,uterus,MAFK IP - HeLa cells,,,
MAFK,BDH2,leukocytes,MAFK IP - K562 cells,,,
CTCF,BDH2,kidney,"CTCF IP - HEK293 cells, Rep 1 , CTCF IP - HRE cells, Rep 1 , CTCF IP - RPTEC cells, Rep 2 , CTCF IP - HRE cells, Rep 2 , CTCF IP - RPTEC cells, Rep 1 , CTCF IP - HEK293 cells, Rep 2 ",,,
YY1,BDH2,cns,"YY1 IP - SK-N-SH cells, YY1 IP | ATRA - SK-N-SH cells",,,
JUND,BDH2,cns,JUND IP - SK-N-SH cells ,,,
CEBPB,BDH2,uterus,"CEBPB ChIP-Seq - HeLaS3, CEBPB IP - ECC1 cells",,,
ARID3A,BDH2,liver,ARID3A IP - HepG2 cells,,,
MYC,BDH2,leukocytes,"MYC IP - NB4 cells, MYC IP - K562 cells, Rep 1, MYC IP | IFNA1 - K562 cells, 30 min, MYC IP | IFNG - K562 cells, 6 h, MYC IP | IFNG - K562 cells, 30 min, MYC IP | IFNA1 - K562 cells, 6 h",,,
IRF4,BDH2,leukocytes,"IRF4 IP - GM12878 cells, IRF4 IP",,,
CTCF,BDH2,uterus,"CTCF IP - ECC1 cells, CTCF IP - HeLa cells, Rep 1 , CTCF IP - HeLa cells ",,,
IRF1,BDH2,colon,IRF1 IP ,,,
FOXA1,BDH2,lung,FOXA1 IP | DEX - A549 cells,,,
DEX,BDH2,lung,"FOXA1 IP | DEX - A549 cells, CTCF IP | DEX - A549 cells , CTCF IP | DEX - A549 cells",,,
CREB1,BDH2,prostate,"CREB1 siRNA | FOXA1 ChIP-Seq - Rep 1, CREB1 ChIP-Seq - LNCaP-abl, FOXA1 siRNA | CREB1 ChIP-Seq - Rep 2, CREB1 siRNA | FOXA1 ChIP-Seq - Rep 2",,,
JUND,BDH2,uterus,JUND IP - HeLa cells,,,
RELA,BDH2,leukocytes,"RELA IP | TNF - GM19193 cells, RELA IP | TNF - GM15510 cells, RELA IP | TNF - GM19099 cells, RELA IP | TNF - GM12878 cells, RELA IP | TNF - GM18951 cells, RELA IP | TNF - GM18505 cells, RELA IP | TNF - GM10847 cells, RELA IP | TNF - GM12891 cells",,,
TNF,BDH2,leukocytes,"RELA IP | TNF - GM19193 cells, RELA IP | TNF - GM15510 cells, RELA IP | TNF - GM12878 cells, RELA IP | TNF - GM18951 cells, RELA IP | TNF - GM18505 cells, RELA IP | TNF - GM10847 cells, RELA IP | TNF - GM12891 cells",,,
ELF1,BDH2,colon,ELF1 IP - HCT116 cells,,,
JUND,BDH2,leukocytes,JUND IP - K562 cells,,,
MTA3,BDH2,leukocytes,MTA3 IP - GM12878 cells,,,
ATF3,BDH2,lung,ATF3 IP - A549 cells,,,
EBF1,BDH2,leukocytes,"EBF1 IP - GM12878 cells, EBF1 IP - GM12878 cells",,,
ELF1,BDH2,lung,ELF1 IP - A549 cells,,,
FOXA2,BDH2,liver,FOXA2 IP - HepG2 cells,,,
ATF2,BDH2,leukocytes,ATF2 IP - GM12878 cells,,,
SRF,BDH2,stemcells,"SRF IP - Rep 7 , SRF IP - Rep 4 , SRF IP - Rep 6 ",,,
CTCF,BDH2,placenta,"CTCF IP - HVMF cells, Rep 1 , CTCF IP - HVMF cells, Rep 2 ",,,
CTCF,BDH2,stemcells,"CTCF IP - Rep 6 , CTCF IP - H1 cells, CTCF IP - H1 cells , CTCF IP - Rep 5 , CTCF IP - Rep 2 , CTCF IP - Rep 4 , CTCF IP - Rep 7 , CTCF IP - Rep 1 ",,,
GABPA,BDH2,cns,GABPA IP - SK-N-SH cells,,,
CEBPB,BDH2,liver,CEBPB ChIP-Seq - HepG2,,,
IRF1,BDH2,leukocytes,"IRF1 IP | IFNG - K562 cells, 6 h, IRF1 IP | IFNG - K562 cells, 30 min, IRF1 IP | IFNA1-13 - K562 cells, 6 h, IRF1 IP - Rep 3",,,
IFNG,BDH2,leukocytes,"IRF1 IP | IFNG - K562 cells, 6 h, IRF1 IP | IFNG - K562 cells, 30 min, MYC IP | IFNG - K562 cells, 6 h, STAT1 IP - Rep 5, STAT1 IP - Rep 2, MYC IP | IFNG - K562 cells, 30 min, STAT1 IP - Rep 3, IRF1 IP - Rep 3",,,
CREB1,BDH2,stemcells,CREB1 IP - H1 cells,,,
CREB1,BDH2,liver,"CREB1 IP, CREB1 IP - HepG2 cells, CREB1 IP",,,
FOXA1,BDH2,liver,"FOXA1 IP - HepG2 cells, Rep 1, FOXA1 IP - HepG2 cells, Rep 2",,,
ATRA,BDH2,cns,YY1 IP | ATRA - SK-N-SH cells,,,
MYC,BDH2,mammarygland,"MYC IP | 4HT - MCF10A cells, MYC IP - MCF-10A cells",,,
TCF3,BDH2,leukocytes,TCF3 IP - GM12878 cells,,,
YY1,BDH2,uterus,YY1 IP - ECC1 cells,,,
IFNA1,BDH2,leukocytes,"MYC IP | IFNA1 - K562 cells, 30 min, JUN IP | IFNA1-13 - 30 min , IRF1 IP | IFNA1-13 - K562 cells, 6 h, MYC IP | IFNA1 - K562 cells, 6 h",,,
STAT3,BDH2,uterus,STAT3 IP - HeLa cells,,,
JUND,BDH2,colon,JUND IP - HCT116 cells,,,
TCF12,BDH2,stemcells,TCF12 IP - H1 cells,,,
STAT5A,BDH2,leukocytes,"STAT5A IP - K562 cells, STAT5A IP - GM12878 cells",,,
MAX,BDH2,colon,MAX IP - HCT116 cells,,,
E2F1,BDH2,mammarygland,E2F1 IP,,,
TEAD4,BDH2,uterus,TEAD4 IP - ECC1 cells,,,
MAX,BDH2,cns,MAX IP - SK-N-SH cells,,,
EBF1,BDH2,adiposetissue,"EBF1 IP, EBF1 IP",,,
ATF3,BDH2,leukocytes,ATF3 IP - K562 cells,,,
GABPA,BDH2,prostate,GABPA IP | R1881,,,
MXI1,BDH2,cns,MXI1 IP - SK-N-SH cells ,,,
CTCF,BDH2,sensory,"CTCF IP - WERI , CTCF IP - WERI-Rb-1- cells, Rep 1 , CTCF IP - HRPEpiC cells, Rep 1 , CTCF IP - HRPEpiC cells, Rep 2 ",,,
REST,BDH2,cns,REST IP - SK cells,,,
JUN,BDH2,leukocytes,JUN IP | IFNA1-13 - 30 min ,,,
ZNF143,BDH2,colon,ZNF143 IP ,,,
SRF,BDH2,leukocytes,SRF IP - SK-N-SH cells,,,
SIX5,BDH2,leukocytes,"SIX5 IP - GM12878 cells, SIX5 IP - K562 cells, Rep 2, SIX5 IP - K562 cells, Rep 1",,,
STAT1,BDH2,leukocytes,"STAT1 IP - Rep 5, STAT1 IP - Rep 2, STAT1 IP - Rep 3",,,
MAX,BDH2,lung,MAX IP - A549 cells,,,
MAX,BDH2,uterus,"MAX IP - HeLa cells, Rep 1, MAX IP - ECC1 cells",,,
HOXA4,BDH2,colon,HOXA4 IP ,,,
ETS1,BDH2,lung,ETS1 IP - A549 cells,,,
SP1,BDH2,lung,SP1 IP - A549 cells,,,
RELA,BDH2,colon,RELA IP ,,,
OTX2,BDH2,stemcells,"OTX2 IP - Rep 8 , OTX2 IP - Rep 10 ",,,
GTF2F1,BDH2,uterus,GTF2F1 IP - HeLa cells,,,
YY1,BDH2,lung,YY1 IP - A549 cells,,,
DEX,BDH2,mammarygland,"DEX | FOXA1 ChIP-Seq - Rep 2, DEX | FOXA1 ChIP-Seq - Rep 1",,,
SIX5,BDH2,lung,SIX5 IP | DEX - A549 cells,,,
ELF1,BDH2,cns,ELF1 IP - SK-N-SH cells,,,
TEAD4,BDH2,colon,TEAD4 IP - HCT116 cells,,,
ATF1,BDH2,leukocytes,ATF1 IP - K562 cells,,,
TAL1,BDH2,colon,TAL1 IP ,,,
GATA3,BDH2,mammarygland,GATA3 IP - T47D cells,,,
CEBPB,BDH2,bone,"CEBPB IP, CEBPB IP",,,
ARID3A,BDH2,leukocytes,ARID3A IP - K562 cells,,,
TEAD4,BDH2,cns,TEAD4 IP - SK-N-SH cells,,,
ELF1,BDH2,liver,ELF1 IP - HepG2 cells,,,
TEAD4,BDH2,leukocytes,TEAD4 IP - K562 cells,,,
TBP,BDH2,stemcells,TBP IP - H1 cells,,,
CTCF,BDH2,adiposetissue,"CTCF ChIP-Seq - d 9, CTCF ChIP-Seq - d 0, CTCF ChIP-Seq - d -2, CTCF ChIP-Seq - d 3",,,
MXI1,BDH2,leukocytes,MXI1 IP - GM12878 cells,,,
TCF12,BDH2,leukocytes,TCF12 IP - GM12878 cells,,,
SIX2,BDH2,kidney,"SIX2 IP - 17 weeks, Rep 2, SIX2 IP - 17 weeks, Rep 1",,,
MYC,BDH2,uterus,MYC IP - HeLa cells,,,
SIX5,BDH2,stemcells,SIX5 IP - H1 cells,,,
MEF2A,BDH2,leukocytes,MEF2A IP - GM12878 cells,,,
TCF12,BDH2,cns,TCF12 IP - SK-N-SH cells,,,
SP1,BDH2,liver,SP1 IP - HepG2 cells,,,
MAX,BDH2,liver,MAX IP - HepG2 cells,,,
EGR1,BDH2,colon,EGR1 IP - HCT116 cells,,,
MAZ,BDH2,leukocytes,MAZ IP - GM12878 cells,,,
POU2F2,BDH2,leukocytes,POU2F2 IP - GM12878 cells,,,
TEAD4,BDH2,liver,TEAD4 IP - HepG2 cells,,,
PIAS1,BDH2,prostate,"PIAS1 + R1881 | FOXA1 ChIP-Seq - Rep 2, PIAS1 + R1881 | FOXA1 ChIP-Seq - Rep 1",,,
FOSL1,BDH2,colon,FOSL1 IP - HCT116 cells,,,
TEAD4,BDH2,stemcells,TEAD4 IP - H1 cells,,,
GATA3,BDH2,cns,GATA3 IP - SK-N-SH cells,,,
PBX3,BDH2,cns,PBX3 IP - SK-N-SH cells,,,
E2F4,BDH2,mammarygland,E2F4 IP | 4HT - MCF10 cells,,,
SRF,BDH2,colon,SRF IP - HCT116 cells,,,
ELF1,BDH2,leukocytes,"ELF1 IP - SK-N-SH cells, ELF1 IP - SK-N-SH cells",,,
CREB1,BDH2,leukocytes,CREB1 IP - GM12878 cells,,,
ELF1,BDH2,mammarygland,ELF1 IP - MCF7 cells,,,
TEAD4,BDH2,lung,TEAD4 IP - A549 cells,,,
ZEB1,BDH2,liver,ZEB1 IP - HepG2 cells,,,
ATF2,BDH2,stemcells,ATF2 IP - H1 cells,,,
BHLHE40,BDH2,leukocytes,BHLHE40 IP - GM12878 cells,,,
AR,BDH2,prostate,AR C562S OE + FOXA1 OE | FOXA1 ChIP-Seq,,,
YY1,BDH2,stemcells,YY1 IP - H1 cells,,,
MAX,BDH2,stemcells,MAX IP - H1 cells,,,
THAP11,BDH2,stemcells,THAP11 IP - Rep 2 ,,,
TBP,BDH2,uterus,TBP IP - HeLa cells,,,
ZNF76,BDH2,kidney,ZNF76 IP | ZNF76 OE,,,
MAZ,HMGCL,uterus,MAZ IP - HeLa cells,,,
TBP,HMGCL,leukocytes,"TBP IP - GM12878 cells, TBP IP - K562 cells",,,
BHLHE40,HMGCL,leukocytes,"BHLHE40 IP - GM12878 cells, BHLHE40 IP - K562 cells",,,
MYB,HMGCL,leukocytes,"MYB IP - Jurkat, Rep 1, MYB IP - Jurkat, Rep 3, MYB IP - Jurkat, Rep 5, MYB IP - MOLT3, MYB IP - Jurkat, Rep 4, MYB IP - Jurkat, Rep 2",,,
RUNX1,HMGCL,leukocytes,"RUNX1 IP, SPI1 IP | RUNX1 KD, RUNX1 IP - Rep 2, RUNX1 IP",,,
YY1,HMGCL,stemcells,"YY1 IP - NT2 cells, YY1 IP - H1 cells",,,
RELA,HMGCL,leukocytes,"RELA IP | TNF - GM18505 cells, RELA IP | TNF - GM10847 cells, RELA IP | TNF - GM12891 cells, RELA IP | TNF - GM12892 cells, RELA IP | TNF - GM15510 cells, RELA IP | TNF - GM19099 cells, RELA IP | TNF - GM19193 cells, RELA IP | TNF - GM12878 cells, RELA IP | TNF - GM18951 cells, RELA IP | BAY082  - IVD Th1 cells, PIA",,,
TNF,HMGCL,leukocytes,"RELA IP | TNF - GM18505 cells, RELA IP | TNF - GM10847 cells, RELA IP | TNF - GM12891 cells, RELA IP | TNF - GM12892 cells, RELA IP | TNF - GM15510 cells, RELA IP | TNF - GM19193 cells, RELA IP | TNF - GM12878 cells, RELA IP | TNF - GM18951 cells",,,
MAX,HMGCL,leukocytes,"MAX IP - K562 cells, MAX IP - K562 cells, Rep 2, MAX IP - K562 cells, Rep 1, MAX IP - GM12878 cells, MAX IP - NB4 cells",,,
PAX5,HMGCL,leukocytes,"PAX5 IP - GM12878 cells, Rep 1, PAX5 IP - GM12878 cells, Rep 2, PAX5 IP - GM12892 cells",,,
STAT3,HMGCL,leukocytes,"STAT3 IP - OCI-LY10, STAT3 IP - SU-DHL-2, STAT3 IP - U-2932, STAT3 IP - OCI-LY19, STAT3 IP - SU-DHL-4, STAT3 IP - SU-DHL-6",,,
TP53,HMGCL,lung,"TP53 IP - propapoptic, Rep 1, TP53 IP - senescent, Rep 2",,,
CEBPB,HMGCL,lung,CEBPB ChIP-Seq - IMR90,,,
REST,HMGCL,cns,"REST IP - SK-N-SH cells, REST IP - U87 cells, REST IP - SK cells, REST IP - PFSK1 cells, Rep 2, REST IP - PFSK-N-SH cells1 cells, Rep 1",,,
USF2,HMGCL,leukocytes,"USF2 IP - GM12878 cells, USF2 IP - K562 cells",,,
STAT1,HMGCL,leukocytes,"STAT1 IP - Rep 5, STAT1 IP - Rep 1, STAT1 IP - Rep 2, STAT1 IP - Rep 6, STAT1 IP - Rep 4, STAT1 IP - Rep 3",,,
IFNG,HMGCL,leukocytes,"STAT1 IP - Rep 5, STAT1 IP - Rep 1, MYC IP | IFNG - K562 cells, 30 min, STAT1 IP - Rep 2, STAT1 IP - Rep 6, STAT1 IP - Rep 4, STAT1 IP - Rep 3, IRF1 IP | IFNG - K562 cells, 6 h, IRF1 IP | IFNG - K562 cells, 30 min, MYC IP | IFNG - K562 cells, 6 h, IRF1 IP - Rep 3",,,
REST,HMGCL,pancreas,"REST IP - PANC1 cells, Rep 1, REST IP - Panc1 cells, Rep 3, REST IP - PANC1 cells, Rep 2",,,
YY1,HMGCL,leukocytes,"YY1 IP - GM12891 cells, YY1 IP - K562 cells, Rep 2, YY1 IP - K562 cells, Rep 1, YY1 IP - K562 cells, YY1 IP - GM12878 cells, YY1 IP - GM12892 cells, Rep 1",,,
TP73,HMGCL,bone,"TP73 IP - alpha isoform, Rep 1, TP73 IP - alpha isoform, Rep 2, TP73 IP - beta isoform, Rep 1, TP73 IP - beta isoform, Rep 2",,,
MAZ,HMGCL,leukocytes,"MAZ IP - GM12878 cells, MAZ IP - K562 cells",,,
HEY1,HMGCL,leukocytes,HEY1 IP - K562 cells,,,
TCF12,HMGCL,cns,TCF12 IP - SK-N-SH cells,,,
TCF12,HMGCL,uterus,TCF12 IP - ECC1 cells,,,
PBX3,HMGCL,lung,PBX3 IP - A549 cells,,,
FOXA1,HMGCL,mammarygland,"FOXA1 ChIP-Seq - Rep 2, DHT | FOXA1 ChIP-Seq, 17BE2 | FOXA1 ChIP-Seq - Rep 1, 17BE2 | FOXA1 ChIP-Seq - Rep 2, DEX | FOXA1 ChIP-Seq - Rep 2, FOXA1 IP - T47D cells, DEX | FOXA1 ChIP-Seq - Rep 2, FOXA1 ChIP-Seq - Rep 1, FOXA1 ChIP-Seq - Rep 1, 17BE2 | FOXA1 ChIP-Seq - Rep 2, DEX | FOXA1 ChIP-Seq - Rep 1, FOXA1 ChIP-Seq - Rep 2, 17BE2 | FOXA1 ChIP-Seq - Rep 2, FOXA1 ChIP-Seq - Rep 2",,,
HMGN3,HMGCL,leukocytes,HMGN3 IP - K562 cells,,,
DHT,HMGCL,mammarygland,"DHT | FOXA1 ChIP-Seq, DHT | MYC ChIP-Seq",,,
MXI1,HMGCL,liver,MXI1 IP - HepG2 cells,,,
E2F3,HMGCL,colon,E2F3 IP ,,,
USF2,HMGCL,uterus,USF2 IP - HeLa cells,,,
ZBTB7A,HMGCL,liver,ZBTB7A IP - HepG2 cells,,,
ZNF143,HMGCL,leukocytes,"ZNF143 IP - K562, ZNF143 IP - HPB-ALL, ZNF143 IP - K562 cells, ZNF143 IP - GM12878 cells",,,
TP53,HMGCL,bone,"TP53 IP | NUTL3 - SJSA-1, TP53 IP | TP53EE/RR OE, TP53 IP - Rep 2, TP53 IP | TP53 OE",,,
EGR1,HMGCL,stemcells,EGR1 IP - H1 cells,,,
17BE2,HMGCL,mammarygland,"17BE2 | FOXA1 ChIP-Seq - Rep 1, 17BE2 | FOXA1 ChIP-Seq - Rep 2, 17BE2 | FOXA1 ChIP-Seq - Rep 2, 17BE2 | FOXA1 ChIP-Seq - Rep 2",,,
TAL1,HMGCL,megakaryocytelineage,"TAL1 IP - CHRF-288-11 cells, Rep 4 , TAL1 IP - CHRF-288-11 cells, Rep 3 , TAL1 IP - CHRF-288-11 cells, Rep 6 , TAL1 IP - CHRF-288-11 cells, Rep 1 ",,,
ETS1,HMGCL,lung,ETS1 IP - A549 cells,,,
SPI1,HMGCL,leukocytes,"SPI1 IP - U-937 cells, Rep 4 , SPI1 IP, SPI1 IP - U-937 cells, Rep 1 , SPI1 IP, SPI1 IP, SPI1 IP - GM12878 cells, SPI1 IP | RUNX1 KD, SPI1 IP - K562 cells, SPI1 IP - GM12878 cells, Rep 4 , SPI1 IP - HL-60 cells, Rep 3 , SPI1 IP, SPI1 IP, SPI1 IP - HL cells, SPI1 IP - GM12891 cells, SPI1 IP - HL-60 cells, Rep 4 , SPI1 IP - U-937 cells, Rep 8 , SPI1 IP, SPI1 IP, SPI1 IP",,,
USF1,HMGCL,leukocytes,"USF1 IP - K562 cells, USF1 IP - GM12878 cells",,,
GTF2B,HMGCL,uterus,"GTF2B IP - Rep 2, GTF2B IP - Rep 3, GTF2B IP | RO306, GTF2B IP - Rep 1",,,
E2F1,HMGCL,prostate,"BICALU | E2F1 ChIP-Seq - Rep 1, E2F1 ChIP-Seq - Rep 3, HES6 OE | E2F1 ChIP-Seq - Rep 1, HES6 OE + BICALU | E2F1 ChIP-Seq - Rep 1, E2F1 ChIP-Seq - Rep 1",,,
BICALU,HMGCL,prostate,"BICALU | E2F1 ChIP-Seq - Rep 1, HES6 OE + BICALU | E2F1 ChIP-Seq - Rep 1",,,
ATF3,HMGCL,leukocytes,"ATF3 IP - K562 cells, ATF3 IP - GM12878 cells",,,
KLF11,HMGCL,adiposetissue,"KLF11 ChIP-Seq, Rep 1, ROSI (BrAT) | KLF11 ChIP-Seq, Rep 1, ROSI (BrAT) | KLF11 ChIP-Seq, Rep 2, KLF11 ChIP-Seq, Rep 2",,,
GATA1,HMGCL,leukocytes,GATA1 ChIP-Seq - SC266,,,
REST,HMGCL,leukocytes,"REST IP - GM12878 cells, Rep 1, REST IP - GM12878 cells, Rep 14 , REST IP - GM12878 cells, Rep 16 , REST IP - K562 cells, REST IP - HL60 cells",,,
YY1,HMGCL,uterus,YY1 IP - ECC1 cells,,,
NFATC1,HMGCL,leukocytes,NFATC1 IP - GM12878 cells,,,
SP1,HMGCL,colon,SP1 IP - HCT116 cells,,,
MAX,HMGCL,liver,"MAX IP - HepG2 cells, MAX IP - HepG2 cells, MAX IP - MCF7 cells",,,
TP53,HMGCL,mammarygland,"TP53 IP | NUTL3 - MCF-7, TP53 IP",,,
EGR1,HMGCL,leukocytes,"EGR1 IP - GM12878 cells, Rep 1, EGR1 IP - K562 cells",,,
TEAD4,HMGCL,colon,TEAD4 IP - HCT116 cells,,,
SRF,HMGCL,leukocytes,SRF IP - SK-N-SH cells,,,
USF2,HMGCL,liver,USF2 IP - HepG2 cells,,,
SMAD1,HMGCL,stemcells,SMAD1 IP - Rep 7 ,,,
TFAP4,HMGCL,leukocytes,"TFAP4 IP - Rep 1, TFAP4 IP - Rep 2",,,
CEBPB,HMGCL,uterus,CEBPB ChIP-Seq - HeLaS3,,,
MAFK,HMGCL,liver,"MAFK IP - HepG2 cells, Rep 1, MAFK IP - HepG2 cells, Rep 2",,,
IRF4,HMGCL,leukocytes,"IRF4 IP - GM12878 cells, IRF4 IP",,,
FOXA1,HMGCL,prostate,"CON KD + R1881 | FOXA1 ChIP-Seq - Rep 1, EtOH | FOXA1 ChIP-Seq - , GATA2 KD + R1881 | FOXA1 ChIP-Seq, DHT | FOXA1 ChIP-Seq, R1881 | FOXA1 ChIP-Seq - Rep 2, CON KD + R1881 | FOXA1 ChIP-Seq - Rep 2, CON KD + R1881 | FOXA1 ChIP-Seq, PIAS1 + R1881 | FOXA1 ChIP-Seq - Rep 2, PIAS1 + R1881 | FOXA1 ChIP-Seq - Rep 1, FOXA1 ChIP-Seq, AR C562S OE + FOXA1 OE | FOXA1 ChIP-Seq, FOXA1 siRNA | CREB1 ChIP-Seq - Rep 2, R1881 | FOXA1 ChIP-Seq - Rep 1",,,
R1881,HMGCL,prostate,"CON KD + R1881 | FOXA1 ChIP-Seq - Rep 1, GABPA IP | R1881, GATA2 KD + R1881 | FOXA1 ChIP-Seq, R1881 | FOXA1 ChIP-Seq - Rep 2, CON KD + R1881 | FOXA1 ChIP-Seq - Rep 2, CON KD + R1881 | FOXA1 ChIP-Seq, PIAS1 + R1881 | FOXA1 ChIP-Seq - Rep 2, PIAS1 + R1881 | FOXA1 ChIP-Seq - Rep 1, R1881 | FOXA1 ChIP-Seq - Rep 1",,,
MYC,HMGCL,leukocytes,"MYC IP | IFNG - K562 cells, 30 min, MYC IP | IFNA1 - K562 cells, 6 h, MYC IP - K562 cells, Rep 2, MYC IP - NB4 cells, MYC IP - K562 cells, Rep 1, MYC IP | IFNA1 - K562 cells, 30 min, MYC IP | IFNG - K562 cells, 6 h",,,
FOXA1,HMGCL,stemcells,FOXA1 IP - Rep 5 ,,,
MXI1,HMGCL,lung,MXI1 IP - IMR cells,,,
USF1,HMGCL,liver,USF1 IP - HepG2 cells,,,
GATA1,HMGCL,hspcs,"GATA1 IP - PBDE cells, Rep 1, GATA1 IP - Rep 2, GATA1 IP - Rep 1, GATA1 IP - Rep 3",,,
MAX,HMGCL,vasculature,MAX IP - HUVEC cells,,,
USF1,HMGCL,lung,"USF1 IP - A549 cells, Rep 2, USF1 IP - A549 cells, Rep 1, USF1 IP | DEX - A549 cells",,,
CREB1,HMGCL,leukocytes,"CREB1 IP - GM12878 cells, CREB1 IP - K562 cells",,,
GABPA,HMGCL,prostate,"GABPA IP | R1881, GABPA IP - Rep 1",,,
ETS1,HMGCL,leukocytes,"ETS1 IP - K562 cells, ETS1 IP, ETS1 IP - GM12878 cells",,,
GLI2,HMGCL,colon,GLI2 IP ,,,
REST,HMGCL,liver,"REST IP - HepG2 cells, Rep 1, REST IP - HepG2 cells, Rep 2",,,
IFNA1,HMGCL,leukocytes,"MYC IP | IFNA1 - K562 cells, 6 h, MYC IP | IFNA1 - K562 cells, 30 min, IRF1 IP | IFNA1-13 - K562 cells, 6 h",,,
TEAD4,HMGCL,leukocytes,TEAD4 IP - K562 cells,,,
ROSI,HMGCL,adiposetissue,"ROSI (BrAT) | KLF11 ChIP-Seq, Rep 1, ROSI (BrAT) | KLF11 ChIP-Seq, Rep 2",,,
ARNT,HMGCL,kidney,"ARNT IP | HIF1A OE, ARNT IP",,,
HIF1A,HMGCL,kidney,"ARNT IP | HIF1A OE, HIF1A IP | HIF1A OE",,,
ELF1,HMGCL,colon,ELF1 IP - HCT116 cells,,,
FOXA2,HMGCL,embryonictissue,FOXA2 IP - Rep 2,,,
POU2F2,HMGCL,leukocytes,POU2F2 IP - GM12878 cells,,,
MYBL2,HMGCL,liver,MYBL2 IP - HepG2 cells,,,
RO306,HMGCL,uterus,GTF2B IP | RO306,,,
GATA2,HMGCL,prostate,GATA2 KD + R1881 | FOXA1 ChIP-Seq,,,
ZNF143,HMGCL,colon,ZNF143 IP ,,,
FOSL2,HMGCL,cns,FOSL2 IP - SK-N-SH cells,,,
CTCF,HMGCL,leukocytes,"CTCF IP, CTCF IP - GM18486 cells, Rep 3 ",,,
E2F4,HMGCL,leukocytes,E2F4 IP - K562 cells,,,
JUND,HMGCL,stemcells,JUND IP - H1 cells,,,
DHT,HMGCL,prostate,DHT | FOXA1 ChIP-Seq,,,
MAFF,HMGCL,leukocytes,MAFF IP - K562 cells,,,
MAZ,HMGCL,liver,MAZ IP - HepG2 cells,,,
REST,HMGCL,stemcells,"REST IP - H1 cells, Rep 2, REST IP - H1 cells, Rep 1",,,
GABPA,HMGCL,leukocytes,"GABPA IP - Jurkat, Rep 2, GABPA IP - GM12878 cells, GABPA IP - Jurkat, Rep 1, GABPA IP - K562 cells",,,
TCF21,HMGCL,vasculature,"TCF21 IP, TCF21 IP",,,
PBX3,HMGCL,leukocytes,PBX3 IP - GM12878 cells,,,
MYC,HMGCL,mammarygland,"MYC IP, DHT | MYC ChIP-Seq, MYC IP - MCF-10A cells",,,
CREB1,HMGCL,stemcells,CREB1 IP - H1 cells,,,
FOXA2,HMGCL,liver,FOXA2 IP - HepG2 cells,"19822575,",,
MXI1,HMGCL,leukocytes,"MXI1 IP - GM12878 cells, MXI1 IP - K562 cells",,,
RELA,HMGCL,colon,RELA IP ,,,
EBF1,HMGCL,leukocytes,"EBF1 IP - GM12878 cells, EBF1 IP - GM12878 cells",,,
TP63,HMGCL,skin,"TP63 IP | BANF1 KD, TP63 IP, TP63 IP, TP63 IP",,,
BANF1,HMGCL,skin,TP63 IP | BANF1 KD,,,
ZNF384,HMGCL,leukocytes,ZNF384 IP - K562 cells,,,
DEX,HMGCL,mammarygland,"DEX | FOXA1 ChIP-Seq - Rep 2, DEX | FOXA1 ChIP-Seq - Rep 2, DEX | FOXA1 ChIP-Seq - Rep 1",,,
ELF1,HMGCL,lung,ELF1 IP - A549 cells,,,
IRF1,HMGCL,colon,IRF1 IP ,,,
TEAD4,HMGCL,stemcells,TEAD4 IP - H1 cells,,,
MTA3,HMGCL,leukocytes,MTA3 IP - GM12878 cells,,,
JUND,HMGCL,lung,JUND IP - A549 cells,,,
ELF3,HMGCL,pancreas,"ELF3 IP, ELF3 IP, ELF3 IP | KLF5 KO",,,
ETV5,HMGCL,colon,ETV5 IP ,,,
TAL1,HMGCL,leukocytes,"TAL1 IP - MOLT3, TAL1 IP - K562 cells",,,
ZNF143,HMGCL,uterus,"ZNF143 IP - HeLa, Rep 1, ZNF143 IP - HeLa cells, ZNF143 Ip - HeLa, Rep 2",,,
FOXM1,HMGCL,leukocytes,FOXM1 IP - GM12878 cells,,,
SMARCC1,HMGCL,uterus,SMARCC1 IP - HeLa cells,,,
REST,HMGCL,lung,REST IP - A549 cells,,,
ATF2,HMGCL,leukocytes,ATF2 IP - GM12878 cells,,,
MAX,HMGCL,cns,MAX IP - SK-N-SH cells,,,
CEBPB,HMGCL,stemcells,"CEBPB IP, CEBPB IP",,,
USF1,HMGCL,cns,"USF1 IP - SK-N-SH cells, USF1 IP | ATRA - SK-N-SH cells",,,
EGR1,HMGCL,colon,EGR1 IP - HCT116 cells,,,
YY1,HMGCL,colon,YY1 IP - HCT116 cells,,,
CEBPB,HMGCL,leukocytes,"CEBPB IP - K562 cells, CEBPB ChIP-Seq - K562",,,
IRF1,HMGCL,leukocytes,"IRF1 IP | IFNG - K562 cells, 6 h, IRF1 IP | IFNG - K562 cells, 30 min, IRF1 IP - Rep 3, IRF1 IP | IFNA1-13 - K562 cells, 6 h",,,
GABPA,HMGCL,lung,GABPA IP - A549 cells,,,
ATF3,HMGCL,colon,"ATF3 IP - HCT116 cells, ATF3 IP | CAMPTO",,,
IRF1,HMGCL,pancreas,IRF1 IP,,,
SRF,HMGCL,colon,SRF IP - HCT116 cells,,,
ZNF143,HMGCL,kidney,ZNF143 IP - HEK293-T-rex,,,
CREB1,HMGCL,liver,"CREB1 IP, CREB1 IP - HepG2 cells, CREB1 IP",,,
MAX,HMGCL,uterus,"MAX IP - HeLa cells, Rep 2, MAX IP - ECC1 cells, MAX IP - HeLa cells, Rep 1",,,
BCL11A,HMGCL,leukocytes,BCL11A IP - GM12878 cells,,,
FOXM1,HMGCL,mammarygland,"FOXM1 IP - DS005, FOXM1 IP | THSP - DS006",,,
TP53,HMGCL,colon,TP53 IP | NUTL3 - HCT-116,,,
CREB1,HMGCL,prostate,"CREB1 ChIP-Seq - LNCaP, CREB1 ChIP-Seq - LNCaP-abl, FOXA1 siRNA | CREB1 ChIP-Seq - Rep 2",,,
ZNF143,HMGCL,stemcells,ZNF143 IP - H1 cells,,,
GATA3,HMGCL,lung,GATA3 IP - A549 cells,,,
MAX,HMGCL,colon,MAX IP - HCT116 cells,,,
GATA4,HMGCL,stomach,GATA4 IP - AGS,,,
YY1,HMGCL,cns,"YY1 IP - SK-N-SH cells, YY1 IP | ATRA - SK-N-SH cells",,,
PBX3,HMGCL,cns,PBX3 IP - SK-N-SH cells,,,
SIX5,HMGCL,lung,SIX5 IP | DEX - A549 cells,,,
MAX,HMGCL,lung,"MAX IP - A549 cells, MAX IP - A549 cells",,,
FOSL2,HMGCL,lung,FOSL2 IP - A549 cells,,,
JUN,HMGCL,leukocytes,"JUN IP - K562 cells, Rep 1, JUN IP - K562 cells, Rep 2",,,
THAP1,HMGCL,leukocytes,THAP1 IP - K562 cells,,,
BATF,HMGCL,leukocytes,BATF IP - GM12878 cells,,,
TAL1,HMGCL,colon,TAL1 IP ,,,
GABPA,HMGCL,liver,"GABPA IP - HepG2 cells, GABPA IP, GABPA IP - MCF7 cells",,,
TCF3,HMGCL,leukocytes,TCF3 IP - GM12878 cells,,,
FOSL2,HMGCL,liver,FOSL2 IP - HepG2 cells,,,
SP1,HMGCL,stemcells,"SP1 IP - H1 cells, SP1 IP - Rep 1 ",,,
ATRA,HMGCL,cns,"USF1 IP | ATRA - SK-N-SH cells, YY1 IP | ATRA - SK-N-SH cells",,,
TBP,HMGCL,stemcells,TBP IP - H1 cells,,,
ARID3A,HMGCL,liver,ARID3A IP - HepG2 cells,,,
ATF2,HMGCL,stemcells,ATF2 IP - H1 cells,,,
CEBPB,HMGCL,colon,CEBPB IP - HCT116 cells,,,
GABPA,HMGCL,cns,GABPA IP - SK-N-SH cells,,,
HEY1,HMGCL,liver,HEY1 IP - HepG2 cells,,,
TP53,HMGCL,leukocytes,TP53 IP - Doxo DNA damage,,,
GATA2,HMGCL,leukocytes,GATA2 IP - K562 cells,,,
CREB1,HMGCL,lung,CREB1 IP | DEX - A549 cells,,,
DEX,HMGCL,lung,"CREB1 IP | DEX - A549 cells, USF1 IP | DEX - A549 cells",,,
FOXP2,HMGCL,cns,"FOXP2 IP - SK cells, FOXP2 IP - PFSK-1 cells",,,
ZEB1,HMGCL,liver,ZEB1 IP - HepG2 cells,,,
EGR1,HMGCL,liver,EGR1 IP - MCF7 cells,,,
PIAS1,HMGCL,prostate,"PIAS1 + R1881 | FOXA1 ChIP-Seq - Rep 2, PIAS1 + R1881 | FOXA1 ChIP-Seq - Rep 1",,,
USF1,HMGCL,stemcells,USF1 IP - H1 cells,,,
ATF3,HMGCL,liver,ATF3 IP - HepG2 cells,,,
RUNX1T1,HMGCL,leukocytes,RUNX1T1 IP,,,
JUN,HMGCL,colon,JUN IP ,,,
RUNX1,HMGCL,hspcs,RUNX1,,,
JUND,HMGCL,liver,JUND IP - HepG2 cells,,,
ATF2,HMGCL,colon,ATF2 IP ,,,
MEF2A,HMGCL,leukocytes,MEF2A IP - GM12878 cells,,,
FOXA1,HMGCL,liver,"FOXA1 IP - HepG2 cells, Rep 1, FOXA1 IP - HepG2 cells, Rep 2",,,
TCF12,HMGCL,stemcells,TCF12 IP - H1 cells,,,
ATF3,HMGCL,stemcells,ATF3 IP - H1 cells,,,
HES6,HMGCL,prostate,"HES6 OE | E2F1 ChIP-Seq - Rep 1, HES6 OE + BICALU | E2F1 ChIP-Seq - Rep 1",,,
SP1,HMGCL,lung,SP1 IP - A549 cells,,,
ELF1,HMGCL,liver,ELF1 IP - HepG2 cells,,,
TBP,HMGCL,liver,TBP IP - HepG2 cells,,,
ELF1,HMGCL,cns,ELF1 IP - SK-N-SH cells,,,
RBPJ,HMGCL,leukocytes,RBPJ IP | COMPE,,,
COMPE,HMGCL,leukocytes,RBPJ IP | COMPE,,,
SP1,HMGCL,liver,SP1 IP - HepG2 cells,,,
STAT5A,HMGCL,leukocytes,"STAT5A IP - K562 cells, STAT5A IP - GM12878 cells",,,
ZBTB7A,HMGCL,uterus,ZBTB7A IP - ECC1 cells,,,
BACH1,HMGCL,stemcells,BACH1 IP - H1 cells,,,
ZEB1,HMGCL,leukocytes,ZEB1 IP - GM12878 cells,,,
USF2,HMGCL,stemcells,USF2 IP - H1 cells,,,
E2F1,HMGCL,mammarygland,"E2F1 IP - MCF7 cells, E2F1 IP",,,
HOXA4,HMGCL,colon,HOXA4 IP ,,,
GATA3,HMGCL,mammarygland,GATA3 IP - T47D cells,,,
MXI1,HMGCL,uterus,MXI1 IP - HeLa cells,,,
SRF,HMGCL,uterus,SRF IP - ECC1 cells,,,
E2F6,HMGCL,leukocytes,"E2F6 IP - K562 cells, E2F6 IP - K562 cells",,,
ERG,HMGCL,prostate,ERG ChIP-Seq,,,
MXI1,HMGCL,cns,MXI1 IP - SK-N-SH cells ,,,
GATA2,HMGCL,hspcs,GATA2 IP,,,
JUND,HMGCL,leukocytes,JUND IP - K562 cells,,,
KLF5,HMGCL,stomach,KLF5 IP - KATOIII,,,
MEF2C,HMGCL,leukocytes,MEF2C IP - GM12878 cells,,,
ELF1,HMGCL,leukocytes,"ELF1 IP - SK-N-SH cells, ELF1 IP - SK-N-SH cells",,,
TEAD4,HMGCL,cns,TEAD4 IP - SK-N-SH cells,,,
BCL3,HMGCL,leukocytes,BCL3 IP - GM12878 cells,,,
AR,HMGCL,prostate,AR C562S OE + FOXA1 OE | FOXA1 ChIP-Seq,,,
ZBTB7A,HMGCL,leukocytes,ZBTB7A IP - SK-N-SH cells,,,
SP1,HMGCL,leukocytes,SP1 IP - GM12878 cells,,,
FOSL1,HMGCL,colon,FOSL1 IP - HCT116 cells,,,
MAZ,HMGCL,lung,MAZ IP - IMR cells,,,
GATA3,HMGCL,cns,GATA3 IP - SK-N-SH cells,,,
STAT1,HMGCL,uterus,"STAT1 IP | IFNG - HeLa cells, 30 min",,,
IFNG,HMGCL,uterus,"STAT1 IP | IFNG - HeLa cells, 30 min",,,
USF1,HMGCL,uterus,USF1 IP - ECC1 cells,,,
EGR1,HMGCL,uterus,EGR1 IP - ECC1 cells,,,
USF1,HMGCL,colon,USF1 IP - HCT116 cells,,,
KLF5,HMGCL,pancreas,"ELF3 IP | KLF5 KO, KLF5 IP",,,
FOXA2,HMGCL,stemcells,FOXA2 IP - ES D5,,,
SREBF1,HMGCL,liver,SREBF1 IP | INS + 22RHC - HepG2 cells,,,
22RHC; INS,HMGCL,liver,SREBF1 IP | INS + 22RHC - HepG2 cells,,,
BAY082,HMGCL,leukocytes,"RELA IP | BAY082  - IVD Th1 cells, PIA",,,
ELF1,HMGCL,mammarygland,ELF1 IP - MCF7 cells,,,
TCF12,HMGCL,leukocytes,TCF12 IP - GM12878 cells,,,
HIF1A,HMGCL,bone,HIF1A IP,,,
TEAD4,HMGCL,uterus,TEAD4 IP - ECC1 cells,,,
YY1,HMGCL,lung,YY1 IP - A549 cells,,,
TBP,HMGCL,uterus,TBP IP - HeLa cells,,,
JUND,HMGCL,colon,JUND IP - HCT116 cells,,,
MAX,HMGCL,stemcells,MAX IP - H1 cells,,,
CUX1,HMGCL,leukocytes,CUX1 IP - GM12878 cells,,,
NFKB1,HMGCL,leukocytes,NFKB1 IP - Rep 2,,,
ZNF76,HMGCL,kidney,ZNF76 IP | ZNF76 OE,,,
BHLHE40,HMGCL,liver,BHLHE40 IP - HepG2 cells,,,
TCF7L2,HMGCL,mammarygland,TCF7L2 ChIP-Seq,,,
CREB1,HMGCL,colon,CREB1 IP ,,,
JUND,HMGCL,cns,JUND IP - SK-N-SH cells,,,
MYC,HMGCL,uterus,MYC IP - HeLa cells,,,
UBTF,HMGCL,leukocytes,UBTF IP - K562 cells,,,
HOXA6,HMGCL,colon,HOXA6 IP ,,,
YY1,HMGCL,liver,YY1 IP - HepG2 cells,,,
TCF12,HMGCL,lung,TCF12 IP - A549 cells,,,
FOXA1,HMGCS2,prostate,"FOXA1 ChIP-Seq, FOXA1 ChIP-Seq - Rep 2, CON KD | FOXA1 ChIP-Seq, CREB1 siRNA | FOXA1 ChIP-Seq - Rep 2, FOXA1 ChIP-Seq - Rep 1, EtOH | FOXA1 ChIP-Seq - , AR C562S OE + FOXA1 OE | FOXA1 ChIP-Seq, POU2F1 KD + DHT | FOXA1 ChIP-Seq, DHT | FOXA1 ChIP-Seq, FOXA1 ChIP-Seq - Rep 1, GATA2 KD + R1881 | FOXA1 ChIP-Seq, EtOH | FOXA1 ChIP-Seq - Rep 2, FOXA1 ChIP-Seq - Rep 2, FOXA1 KD | GATA2 ChIP-Seq, CREB1 siRNA | FOXA1 ChIP-Seq - Rep 1, FOXA1 ChIP-Seq, FOXA1 ChIP-Seq - LNCaP, FOXA1 ChIP-Seq - LNCaP-abl, CON KD  | FOXA1 ChIP-Seq, CON KD + R1881 | FOXA1 ChIP-Seq - Rep 1, R1881 | FOXA1 ChIP-Seq - Rep 1, AR Q640X OE + FOXA1 OE | FOXA1 ChIP-Seq, CON KD | FOXA1 ChIP-Seq, CON KD + R1881 | FOXA1 ChIP-Seq, PIAS1 + R1881 | FOXA1 ChIP-Seq - Rep 2, CON KD | FOXA1 ChIP-Seq, WT AR OE + FOXA1 OE | FOXA1 ChIP-Seq, DHT | FOXA1 ChIP-Seq, FOXA1 ChIP-Seq, R1881 | FOXA1 ChIP-Seq - Rep 2, FOXA1 ChIP-Seq - C4- Rep 2B, DHT | FOXA1 ChIP-Seq, DHT | FOXA1 ChIP-Seq, DHT | FOXA1 ChIP-Seq - C4- Rep 2B, CON KD + R1881 | FOXA1 ChIP-Seq - Rep 2, FOXA1 ChIP-Seq, PIAS1 + R1881 | FOXA1 ChIP-Seq - Rep 1, FOXA1 ChIP-Seq, GATA2 KD  | FOXA1 ChIP-Seq, WT AR OE + FOXA1 OE | FOXA1 ChIP-Seq - high FOXA1, FOXA1 ChIP-Seq","25552417,",,
TCF12,HMGCS2,cns,TCF12 IP - SK-N-SH cells,,,
FOXA1,HMGCS2,stemcells,"FOXA1 IP - ES D10, FOXA1 IP - ES D7, FOXA1 IP - ES D5",,,
CTCF,HMGCS2,liver,"CTCF IP, CTCF IP - SK-N-SH cells, CTCF IP - HepG2 cells, Rep 1 , CTCF IP - HepG2 cells , CTCF IP - HepG2 cells, Rep 2 ",,,
JUND,HMGCS2,liver,"JUND IP - HepG2 cells, JUND IP - HepG2 cells",,,
FOXA1,HMGCS2,mammarygland,"DEX | FOXA1 ChIP-Seq - Rep 2, 17BE2 | FOXA1 ChIP-Seq - Rep 1, FOXA1 ChIP-Seq - Rep 2, 17BE2 | FOXA1 ChIP-Seq - Rep 2, FOXA1 IP - T47D, 17BE2 | FOXA1 ChIP-Seq - Rep 1, DEX | FOXA1 ChIP-Seq - Rep 1, DEX | FOXA1 ChIP-Seq - Rep 1, DEX | FOXA1 ChIP-Seq - Rep 1, FOXA1 ChIP-Seq - Rep 1, DHT | FOXA1 ChIP-Seq, FOXA1 ChIP-Seq - Rep 1, FOXA1 IP - T47D cells, DEX | FOXA1 ChIP-Seq - Rep 2, FOXA1 ChIP-Seq - Rep 1, DEX | FOXA1 ChIP-Seq - Rep 2, FOXA1 ChIP-Seq - Rep 2, 17BE2 | FOXA1 ChIP-Seq - Rep 1, FOXA1 ChIP-Seq - Rep 2, 17BE2 | FOXA1 ChIP-Seq - Rep 2, 17BE2 | FOXA1 ChIP-Seq, 17BE2 | FOXA1 ChIP-Seq - Rep 2",,,
DEX,HMGCS2,mammarygland,"DEX | FOXA1 ChIP-Seq - Rep 2, DEX | FOXA1 ChIP-Seq - Rep 1, DEX | FOXA1 ChIP-Seq - Rep 1, DEX | FOXA1 ChIP-Seq - Rep 1, DEX | FOXA1 ChIP-Seq - Rep 2, DEX | FOXA1 ChIP-Seq - Rep 2",,,
CTCF,HMGCS2,cns,"CTCF IP - SK-N-SH cells, Rep 2 , CTCF IP - HCPEpiC cells, Rep 1 , CTCF IP - SK-N-SH cells, Rep 1 ",,,
17BE2,HMGCS2,mammarygland,"17BE2 | FOXA1 ChIP-Seq - Rep 1, 17BE2 | FOXA1 ChIP-Seq - Rep 2, 17BE2 | FOXA1 ChIP-Seq - Rep 1, 17BE2 | FOXA1 ChIP-Seq - Rep 1, 17BE2 | FOXA1 ChIP-Seq - Rep 2, 17BE2 | FOXA1 ChIP-Seq, 17BE2 | FOXA1 ChIP-Seq - Rep 2",,,
MAFK,HMGCS2,liver,"MAFK IP - HepG2 cells, Rep 1, MAFK IP - HepG2 cells, Rep 2",,,
GATA3,HMGCS2,mammarygland,"GATA3 IP - T47D cells, GATA3 IP - MCF7 cells",,,
FOS,HMGCS2,mammarygland,FOS IP - MCF10A cells,,,
STAT1,HMGCS2,uterus,"STAT1 IP | IFNG - HeLa cells, 30 min",,,
IFNG,HMGCS2,uterus,"STAT1 IP | IFNG - HeLa cells, 30 min",,,
CTCF,HMGCS2,stemcells,"CTCF IP - Rep 2 , CTCF IP - Rep 4 , CTCF IP - H1 cells, CTCF IP - Rep 1 , CTCF IP - H1 cells , CTCF IP - Rep 6 , CTCF IP - Rep 5 ",,,
FOSL2,HMGCS2,liver,FOSL2 IP - HepG2 cells,,,
MEF2B,HMGCS2,kidney,"MEF2B IP | MEF2B D83V OE - Rep 1, MEF2B IP | MEF2B OE - Rep 2",,,
USF1,HMGCS2,liver,USF1 IP - HepG2 cells,,,
ARID3A,HMGCS2,liver,ARID3A IP - HepG2 cells,,,
MAX,HMGCS2,liver,"MAX IP - MCF7 cells, MAX IP - HepG2 cells",,,
FOXA2,HMGCS2,liver,FOXA2 IP - HepG2 cells,"19822575,",,
CEBPB,HMGCS2,stemcells,"CEBPB IP, CEBPB IP",,,
FOXA2,HMGCS2,stemcells,"FOXA2 IP - ES D10, FOXA2 IP - ES D7, FOXA2 IP - ES D5",,,
CREB1,HMGCS2,prostate,"CREB1 siRNA | FOXA1 ChIP-Seq - Rep 2, CREB1 siRNA | FOXA1 ChIP-Seq - Rep 1",,,
GATA4,HMGCS2,stemcells,"GATA4 IP - Rep 5 , GATA4 IP - Rep 10 , GATA4 IP - Rep 4 , GATA4 IP - Rep 7 ",,,
SIX2,HMGCS2,kidney,"SIX2 IP - 17 weeks, Rep 1, SIX2 IP - 17 weeks, Rep 2",,,
FOXA1,HMGCS2,lung,"FOXA1 IP | DEX - A549 cells, FOXA1 IP - A549 cells",,,
DEX,HMGCS2,lung,FOXA1 IP | DEX - A549 cells,,,
ERG,HMGCS2,prostate,"DHT | ERG ChIP-Seq - 18 h, DMSO | ERG ChIP-Seq - Rep 2",,,
DHT,HMGCS2,prostate,"DHT | ERG ChIP-Seq - 18 h, POU2F1 KD + DHT | FOXA1 ChIP-Seq, DHT | FOXA1 ChIP-Seq, DHT | FOXP1 ChIP-Seq, DHT | FOXA1 ChIP-Seq, DHT | FOXA1 ChIP-Seq, DHT | FOXA1 ChIP-Seq, DHT | FOXA1 ChIP-Seq - C4- Rep 2B",,,
OTX2,HMGCS2,stemcells,OTX2 IP - Rep 10 ,,,
GABPA,HMGCS2,liver,GABPA IP - HepG2 cells,,,
CEBPB,HMGCS2,liver,CEBPB ChIP-Seq - HepG2,,,
CTCF,HMGCS2,vasculature,"CTCF IP - HBMEC cells, Rep 1 ",,,
MYBL2,HMGCS2,liver,MYBL2 IP - HepG2 cells,,,
AR,HMGCS2,prostate,"AR C562S OE + FOXA1 OE | FOXA1 ChIP-Seq, AR Q640X OE + FOXA1 OE | FOXA1 ChIP-Seq, WT AR OE + FOXA1 OE | FOXA1 ChIP-Seq, WT AR OE + FOXA1 OE | FOXA1 ChIP-Seq - high FOXA1",,,
POU2F1,HMGCS2,prostate,POU2F1 KD + DHT | FOXA1 ChIP-Seq,,,
FOXP1,HMGCS2,leukocytes,"FOXP1 IP - BJAB, FOXP1 IP - OCI-LY10",,,
CEBPB,HMGCS2,lung,CEBPB ChIP-Seq - IMR90,,,
CTCF,HMGCS2,mammarygland,"CTCF IP - MCF7 cells, CTCF IP - MCF-7 cells, Rep 1 ",,,
CTCF,HMGCS2,leukocytes,"CTCF IP - K562 cells, Rep 16 , CTCF IP - GM19238 cells, Rep 1 , CTCF IP - GM12871 cells , CTCF IP - GM2610 cells, Rep 2 , CTCF IP - K562 cells, Rep 12 , CTCF IP - K562 cells",,,
SP1,HMGCS2,liver,SP1 IP - HepG2 cells,,,
TEAD4,HMGCS2,liver,TEAD4 IP - HepG2 cells,,,
SRF,HMGCS2,stemcells,"SRF IP - Rep 7 , SRF IP - Rep 1 ",,,
CTCF,HMGCS2,sensory,"CTCF IP - WERI-Rb-1- cells, Rep 1 ",,,
GATA6,HMGCS2,stomach,GATA6 IP - YCC3,,,
TCF21,HMGCS2,vasculature,"TCF21 IP, TCF21 IP",,,
FOXA2,HMGCS2,embryonictissue,FOXA2 IP - Rep 1,,,
MAX,HMGCS2,uterus,"MAX IP - HeLa cells, Rep 2",,,
GATA2,HMGCS2,prostate,"CON KD  | GATA2 ChIP-Seq, GATA2 KD + R1881 | FOXA1 ChIP-Seq, FOXA1 KD | GATA2 ChIP-Seq, CON KD | GATA2 ChIP-Seq, CON KD + FBS | GATA2 ChIP-Seq, GATA2 ChIP-Seq, GATA2 ChIP-Seq - Rep 1, GATA2 KD  | FOXA1 ChIP-Seq, GATA2 ChIP-Seq - Rep 2",,,
R1881,HMGCS2,prostate,"GATA2 KD + R1881 | FOXA1 ChIP-Seq, CON KD + R1881 | FOXA1 ChIP-Seq - Rep 1, R1881 | FOXA1 ChIP-Seq - Rep 1, CON KD + R1881 | FOXA1 ChIP-Seq, PIAS1 + R1881 | FOXA1 ChIP-Seq - Rep 2, R1881 | FOXA1 ChIP-Seq - Rep 2, CON KD + R1881 | FOXA1 ChIP-Seq - Rep 2, PIAS1 + R1881 | FOXA1 ChIP-Seq - Rep 1",,,
FOXP1,HMGCS2,prostate,DHT | FOXP1 ChIP-Seq,,,
ATF2,HMGCS2,colon,ATF2 IP ,,,
TEAD4,HMGCS2,uterus,TEAD4 IP - ECC1 cells,,,
DHT,HMGCS2,mammarygland,DHT | FOXA1 ChIP-Seq,,,
ZNF143,HMGCS2,leukocytes,ZNF143 IP - K562 cells,,,
JUND,HMGCS2,vasculature,JUND IP,,,
FOXA1,HMGCS2,liver,"FOXA1 IP - HepG2 cells, Rep 2, FOXA1 IP - HepG2 cells, Rep 1",,,
HEY1,HMGCS2,liver,HEY1 IP - HepG2 cells,,,
FOXA2,HMGCS2,lung,FOXA2 IP - A549 cells,,,
MAFK,HMGCS2,lung,MAFK IP - IMR cells,,,
CTCF,HMGCS2,kidney,"CTCF IP - HEK293 cells, Rep 1 ",,,
JUND,HMGCS2,mammarygland,JUND IP - T47D cells,,,
CREB1,HMGCS2,liver,"CREB1 IP - HepG2 cells, CREB1 IP",,,
PIAS1,HMGCS2,prostate,"PIAS1 + R1881 | FOXA1 ChIP-Seq - Rep 2, PIAS1 + R1881 | FOXA1 ChIP-Seq - Rep 1",,,
PDX1,HMGCS2,stemcells,PDX1 IP,,,
SP1,HMGCS2,stemcells,SP1 IP - H1 cells,,,
ZNF384,HMGCS2,leukocytes,ZNF384 IP - K562 cells,,,
HNF1B,HMGCS2,pancreas,HNF1B IP,,,
ZNF263,HMGCS2,kidney,ZNF263 IP - HEK293 cells,,,
CTCF,HMGCS2,colon,CTCF IP - Caco ,,,
FOXP1,HMGCS2,colon,FOXP1 IP ,,,
FOXH1,HMGCS2,embryonictissue,FOXH1 IP - endoderm,,,
GTF2B,OXCT1,uterus,"GTF2B IP - Rep 1, GTF2B IP - Rep 3, GTF2B IP | RO306, GTF2B IP - DTT, Rep 1, GTF2B IP - Rep 2",,,
MYB,OXCT1,leukocytes,"MYB IP - Jurkat, Rep 5, MYB IP - Jurkat, Rep 1, MYB IP - Jurkat, Rep 3, MYB IP - Jurkat, Rep 4, MYB IP - MOLT3, MYB IP - Jurkat, Rep 2",,,
TCF12,OXCT1,leukocytes,TCF12 IP - GM12878 cells,,,
ATF3,OXCT1,leukocytes,ATF3 IP - K562 cells,,,
ETS1,OXCT1,leukocytes,"ETS1 IP - K562 cells, ETS1 IP - GM12878 cells, ETS1 IP",,,
PAX5,OXCT1,leukocytes,"PAX5 IP - GM12878 cells, Rep 2, PAX5 IP - GM12892 cells, PAX5 IP - GM12878 cells, Rep 1, PAX5 IP - GM12891 cells",,,
GATA4,OXCT1,stemcells,"GATA4 IP - Rep 10 , GATA4 IP - Rep 9 ",,,
E2F6,OXCT1,leukocytes,"E2F6 IP - K562 cells, E2F6 IP - K562 cells",,,
RBPJ,OXCT1,leukocytes,"RBPJ IP | COMPE, RBPJ IP | COMPE - wash",,,
COMPE,OXCT1,leukocytes,"RBPJ IP | COMPE, RBPJ IP | COMPE - wash",,,
FOS,OXCT1,mammarygland,"FOS IP | 4HT - MCF10A cells, 12 h, FOS IP | 4HT - MCF10A cells, 36 h, FOS IP | 4HT - MCF10A cells, 4 h, FOS IP - MCF10A cells",,,
4HT,OXCT1,mammarygland,"FOS IP | 4HT - MCF10A cells, 12 h, FOS IP | 4HT - MCF10A cells, 36 h, MYC IP | 4HT - MCF10A cells, FOS IP | 4HT - MCF10A cells, 4 h, E2F4 IP | 4HT - MCF10 cells",,,
SRF,OXCT1,leukocytes,"SRF IP - GM12878 cells, Rep 2, SRF IP - SK-N-SH cells",,,
ATF3,OXCT1,colon,"ATF3 IP - HCT116 cells, ATF3 IP, ATF3 IP | CAMPTO",,,
E2F4,OXCT1,leukocytes,E2F4 IP - K562 cells,,,
CTCF,OXCT1,leukocytes,"CTCF IP - GM19238 cells, Rep 1 , CTCF IP - MS1 cells, Rep 3 , CTCF IP - GM2255 cells, Rep 2 , CTCF IP - GM12892 cells, Rep 1 , CTCF IP, CTCF IP - GM2255 cells, Rep 3 , CTCF IP - GM12890 cells, Rep 3 , CTCF IP - MS1 cells, Rep 1 , CTCF IP - GM12892 cells, Rep 2 , CTCF IP - GM18486 cells, Rep 3 , CTCF IP - GM12891 cells, Rep 2 , CTCF IP - GM12878 cells, Rep 1 , CTCF IP - GM19239 cells, Rep 1 ",,,
KLF5,OXCT1,pancreas,KLF5 IP,,,
FOXP1,OXCT1,colon,FOXP1 IP ,,,
IRF1,OXCT1,colon,IRF1 IP ,,,
FOXA1,OXCT1,prostate,"DHT | FOXA1 ChIP-Seq, AR C562S OE + FOXA1 OE | FOXA1 ChIP-Seq, FOXA1 siRNA | CREB1 ChIP-Seq - Rep 2, CON KD  | FOXA1 ChIP-Seq, CREB1 siRNA | FOXA1 ChIP-Seq - Rep 2, AR Q640X OE + FOXA1 OE | FOXA1 ChIP-Seq, FOXA1 ChIP-Seq - LNCaP-abl, FOXA1 siRNA | CREB1 ChIP-Seq - Rep 1, FOXA1 ChIP-Seq - Rep 1, WT AR OE + FOXA1 OE | FOXA1 ChIP-Seq, CREB1 siRNA | FOXA1 ChIP-Seq - Rep 1, FOXA1 ChIP-Seq, WT AR OE + FOXA1 OE | FOXA1 ChIP-Seq - high FOXA1",,,
DHT,OXCT1,prostate,"DHT | FOXA1 ChIP-Seq, DHT | FOXP1 ChIP-Seq",,,
CREB1,OXCT1,uterus,CREB1 IP - ECC1 cells,,,
GLI2,OXCT1,colon,GLI2 IP ,,,
RELA,OXCT1,leukocytes,"RELA IP | TNF - GM15510 cells, RELA IP | TNF - GM19099 cells, RELA IP | TNF - GM12891 cells, RELA IP | BAY082  - IVD Th1 cells, PIA, RELA IP - IVD Th1 cells, PIA",,,
TNF,OXCT1,leukocytes,"RELA IP | TNF - GM15510 cells, RELA IP | TNF - GM12891 cells",,,
MYC,OXCT1,mammarygland,"DHT | MYC ChIP-Seq, MYC IP | 4HT - MCF10A cells, MYC IP - MCF-10A cells",,,
DHT,OXCT1,mammarygland,"DHT | MYC ChIP-Seq, DHT | FOXA1 ChIP-Seq, DHT | TCF7L2 ChIP-Seq",,,
CEBPB,OXCT1,stemcells,"CEBPB IP, CEBPB IP, CEBPB IP, CEBPB IP, CEBPB IP, CEBPB IP",,,
SPI1,OXCT1,leukocytes,"SPI1 IP, SPI1 IP - U-937 cells, Rep 1 , ROSI | SPI1 ChIP-Seq, SPI1 IP, SPI1 IP - GM12878 cells, SPI1 IP - GM12878 cells, Rep 2 , SPI1 IP, SPI1 IP - GM12878 cells, Rep 4 , SPI1 IP, SPI1 IP, SPI1 IP - GM12891 cells, SPI1 IP - U-937 cells, Rep 4 , SPI1 IP | RUNX1 KD, SPI1 IP, SPI1 IP - U-937 cells, Rep 3 , SPI1 IP - HL-60 cells, Rep 2 , SPI1 IP - HL cells, SPI1 IP, SPI1 IP - K562 cells, SPI1 IP - HL-60 cells, Rep 1 , SPI1 IP",,,
E2F1,OXCT1,prostate,"BICALU + HES6OE | E2F1 ChIP-Seq - Rep 4, BICALU | E2F1 ChIP-Seq - Rep 3, E2F1 ChIP-Seq - Rep 1, HES6 OE | E2F1 ChIP-Seq - Rep 2, HES6 OE + BICALU | E2F1 ChIP-Seq - Rep 3, HES6 OE | E2F1 ChIP-Seq - Rep 3, BICALU | E2F1 ChIP-Seq - Rep 1, E2F1 ChIP-Seq - Rep 2, E2F1 ChIP-Seq - Rep 3, HES6 OE + BICALU | E2F1 ChIP-Seq - Rep 1, HES6 OE | E2F1 ChIP-Seq - Rep 1, E2F1 ChIP-Seq - Rep 4, BICALU | E2F1 ChIP-Seq - Rep 2",,,
BICALU,OXCT1,prostate,"BICALU + HES6OE | E2F1 ChIP-Seq - Rep 4, BICALU | E2F1 ChIP-Seq - Rep 3, HES6 OE + BICALU | E2F1 ChIP-Seq - Rep 3, BICALU | E2F1 ChIP-Seq - Rep 1, HES6 OE + BICALU | E2F1 ChIP-Seq - Rep 1, BICALU | E2F1 ChIP-Seq - Rep 2",,,
HES6,OXCT1,prostate,"BICALU + HES6OE | E2F1 ChIP-Seq - Rep 4, HES6 OE | E2F1 ChIP-Seq - Rep 2, HES6 OE + BICALU | E2F1 ChIP-Seq - Rep 3, HES6 OE | E2F1 ChIP-Seq - Rep 3, HES6 OE + BICALU | E2F1 ChIP-Seq - Rep 1, HES6 OE | E2F1 ChIP-Seq - Rep 1",,,
YY1,OXCT1,liver,YY1 IP - HepG2 cells,,,
E2F6,OXCT1,stemcells,E2F6 IP - H1 cells,,,
ZNF143,OXCT1,leukocytes,ZNF143 IP - GM12878 cells,,,
NFKB1,OXCT1,leukocytes,"NFKB1 IP - Rep 1, NFKB1 IP - Rep 2",,,
HIF1A,OXCT1,bone,HIF1A IP,,,
GATA1,OXCT1,hspcs,"GATA1 IP - PBDE cells, Rep 1",,,
JUN,OXCT1,vasculature,"JUN IP, JUN IP - HUVEC cells",,,
AR,OXCT1,prostate,"AR C562S OE + FOXA1 OE | FOXA1 ChIP-Seq, AR Q640X OE + FOXA1 OE | FOXA1 ChIP-Seq, WT AR OE + FOXA1 OE | FOXA1 ChIP-Seq, WT AR OE + FOXA1 OE | FOXA1 ChIP-Seq - high FOXA1",,,
CREB1,OXCT1,liver,"CREB1 IP, CREB1 IP - HepG2 cells",,,
TCF3,OXCT1,leukocytes,TCF3 IP - GM12878 cells,,,
MYC,OXCT1,bone,"MYC IP, MYC IP, MYC IP",,,
CREB1,OXCT1,stemcells,CREB1 IP - H1 cells,,,
SRF,OXCT1,uterus,SRF IP - ECC1 cells,,,
TCF7L2,OXCT1,mammarygland,"TCF7L2 ChIP-Seq, DHT | TCF7L2 ChIP-Seq",,,
MEF2A,OXCT1,leukocytes,MEF2A IP - GM12878 cells,,,
YY1,OXCT1,cns,"YY1 IP | ATRA - SK-N-SH cells, YY1 IP - SK-N-SH cells",,,
ATRA,OXCT1,cns,YY1 IP | ATRA - SK-N-SH cells,,,
FOXA1,OXCT1,stemcells,"FOXA1 IP - ES D7, FOXA1 IP - ES D5",,,
ROSI,OXCT1,leukocytes,ROSI | SPI1 ChIP-Seq,,,
EBF1,OXCT1,leukocytes,EBF1 IP - GM12878 cells,,,
MAX,OXCT1,leukocytes,"MAX IP - GM12878 cells, MAX IP - K562 cells, MAX IP - K562 cells, Rep 2",,,
CREB1,OXCT1,prostate,"FOXA1 siRNA | CREB1 ChIP-Seq - Rep 2, CREB1 siRNA | FOXA1 ChIP-Seq - Rep 2, FOXA1 siRNA | CREB1 ChIP-Seq - Rep 1, CREB1 ChIP-Seq - LNCaP, CREB1 ChIP-Seq - LNCaP-abl, CREB1 ChIP-Seq - Rep 1, CREB1 siRNA | FOXA1 ChIP-Seq - Rep 1, CREB1 ChIP-Seq - Rep 2",,,
CEBPB,OXCT1,uterus,CEBPB ChIP-Seq - HeLaS3,,,
STAT3,OXCT1,mammarygland,"STAT3 IP - MCF10A cells, Rep 1",,,
FOXP1,OXCT1,prostate,DHT | FOXP1 ChIP-Seq,,,
E2F1,OXCT1,uterus,"E2F1 IP - HeLa cells, Rep 2, E2F1 IP - HeLa cells, Rep 1",,,
TAL1,OXCT1,colon,TAL1 IP ,,,
SP1,OXCT1,leukocytes,SP1 IP - GM12878 cells,,,
REST,OXCT1,cns,"REST IP - SK cells, REST IP - U87 cells",,,
GTF2F1,OXCT1,uterus,GTF2F1 IP - HeLa cells,,,
FOXM1,OXCT1,mammarygland,"FOXM1 IP | THSP - DS006, FOXM1 IP - DS005",,,
MAX,OXCT1,liver,"MAX IP - HepG2 cells, MAX IP - MCF7 cells",,,
KLF11,OXCT1,adiposetissue,"ROSI (BrAT) | KLF11 ChIP-Seq, Rep 1, KLF11 ChIP-Seq, Rep 1, KLF11 ChIP-Seq, Rep 2, ROSI (BrAT) | KLF11 ChIP-Seq, Rep 2",,,
ROSI,OXCT1,adiposetissue,"ROSI (BrAT) | KLF11 ChIP-Seq, Rep 1, ROSI (BrAT) | KLF11 ChIP-Seq, Rep 2",,,
MAX,OXCT1,cns,MAX IP - SK-N-SH cells,,,
GABPA,OXCT1,uterus,GABPA IP - HeLa cells,,,
MEF2C,OXCT1,leukocytes,MEF2C IP - GM12878 cells,,,
FOXA2,OXCT1,stemcells,"FOXA2 IP - ES D7, FOXA2 IP - ES D2, FOXA2 IP - ES D10, FOXA2 IP - ES D5",,,
ZEB1,OXCT1,leukocytes,ZEB1 IP - GM12878 cells,,,
CREB1,OXCT1,leukocytes,"CREB1 IP - K562 cells, CREB1 IP - GM12878 cells",,,
MAX,OXCT1,stemcells,"MAX IP - H1 cells, MAX IP - H1 cells",,,
MYC,OXCT1,leukocytes,"MYC IP - K562 cells, Rep 1, MYC IP | IFNG - K562 cells, 6 h, MYC IP | IFNG - K562 cells, 30 min",,,
NFATC1,OXCT1,leukocytes,NFATC1 IP - GM12878 cells,,,
TAL1,OXCT1,leukocytes,TAL1 IP - MOLT3,,,
E2F6,OXCT1,uterus,E2F6 IP - HeLa cells,,,
YY1,OXCT1,leukocytes,"YY1 IP - K562 cells, Rep 1, YY1 IP - K562 cells, Rep 2, YY1 IP - K562 cells, YY1 IP - GM12878 cells, YY1 IP - GM12892 cells, Rep 1, YY1 IP - GM12891 cells",,,
FOXA1,OXCT1,mammarygland,"FOXA1 IP - T47D cells, DHT | FOXA1 ChIP-Seq, FOXA1 ChIP-Seq - Rep 1",,,
BHLHE40,OXCT1,leukocytes,"BHLHE40 IP - GM12878 cells, BHLHE40 IP - K562 cells",,,
RO306,OXCT1,uterus,GTF2B IP | RO306,,,
SRF,OXCT1,colon,SRF IP - HCT116 cells,,,
E2F1,OXCT1,mammarygland,"E2F1 IP, E2F1 IP - MCF7 cells","21310950,",,
MAZ,OXCT1,uterus,MAZ IP - HeLa cells,,,
MAX,OXCT1,uterus,"MAX IP - HeLa cells, Rep 2, MAX IP - ECC1 cells, MAX IP - HeLa cells, Rep 1",,,
USF1,OXCT1,uterus,USF1 IP - ECC1 cells,,,
CEBPB,OXCT1,leukocytes,CEBPB IP,,,
MAZ,OXCT1,leukocytes,"MAZ IP - GM12878 cells, MAZ IP - K562 cells",,,
ATF1,OXCT1,leukocytes,ATF1 IP - K562 cells,,,
THAP1,OXCT1,leukocytes,THAP1 IP - K562 cells,,,
STAT5A,OXCT1,leukocytes,STAT5A IP - GM12878 cells,,,
JUN,OXCT1,leukocytes,"JUN IP - K562 cells, Rep 1, JUN IP - K562 cells, Rep 2",,,
YY1,OXCT1,stemcells,"YY1 IP - H1 cells, YY1 IP - NT2 cells",,,
E2F4,OXCT1,uterus,E2F4 IP - HeLa cells,,,
TBP,OXCT1,uterus,TBP IP - HeLa cells,,,
STAT1,OXCT1,leukocytes,"STAT1 IP - Rep 1, STAT1 IP - Rep 5, STAT1 IP - Rep 2, STAT1 IP - Rep 4, STAT1 IP - Rep 3",,,
IFNG,OXCT1,leukocytes,"STAT1 IP - Rep 1, STAT1 IP - Rep 5, MYC IP | IFNG - K562 cells, 6 h, STAT1 IP - Rep 2, STAT1 IP - Rep 4, STAT1 IP - Rep 3, MYC IP | IFNG - K562 cells, 30 min",,,
USF1,OXCT1,colon,USF1 IP - HCT116 cells,,,
YY1,OXCT1,uterus,YY1 IP - ECC1 cells,,,
HOXA6,OXCT1,colon,HOXA6 IP ,,,
BATF,OXCT1,leukocytes,BATF IP - GM12878 cells,,,
SIX2,OXCT1,kidney,"SIX2 IP - 17 weeks, Rep 2, SIX2 IP -  16 weeks, SIX2 IP - 17 weeks, Rep 1",,,
REST,OXCT1,leukocytes,"REST IP - GM12878 cells, Rep 16 , REST IP - GM12878 cells, Rep 1, REST IP - HL60 cells, REST IP - K562 cells",,,
BCL3,OXCT1,leukocytes,BCL3 IP - GM12878 cells,,,
CEBPB,OXCT1,colon,CEBPB IP - HCT116 cells,,,
RUNX1T1,OXCT1,leukocytes,RUNX1T1 IP,,,
STAT3,OXCT1,leukocytes,"STAT3 IP - OCI-LY7, STAT3 IP - SU-DHL-4, STAT3 IP - SU-DHL-6",,,
HEY1,OXCT1,liver,HEY1 IP - HepG2 cells,,,
TCF12,OXCT1,stemcells,TCF12 IP - H1 cells,,,
RELA,OXCT1,adiposetissue,RELA IP,,,
STAT1,OXCT1,uterus,"STAT1 IP | IFNG - HeLa cells, 30 min",,,
IFNG,OXCT1,uterus,"STAT1 IP | IFNG - HeLa cells, 30 min",,,
JUND,OXCT1,cns,JUND IP - SK-N-SH cells ,,,
ELF1,OXCT1,colon,ELF1 IP - HCT116 cells,,,
FOXP1,OXCT1,leukocytes,FOXP1 IP - BJAB,,,
NFKB2,OXCT1,leukocytes,"NFKB2 IP - Rep 1, NFKB2 IP - Rep 2",,,
STAT5B,OXCT1,leukocytes,STAT5B IP | IL2 - Rep 2,,,
IL2,OXCT1,leukocytes,STAT5B IP | IL2 - Rep 2,,,
E2F3,OXCT1,colon,E2F3 IP ,,,
IRF4,OXCT1,leukocytes,IRF4 IP,,,
MXI1,OXCT1,cns,MXI1 IP - SK-N-SH cells ,,,
RUNX1,OXCT1,leukocytes,"SPI1 IP | RUNX1 KD, RUNX1 IP, RUNX1 IP - Rep 2",,,
MYC,OXCT1,uterus,MYC IP - HeLa cells,,,
JUND,OXCT1,leukocytes,"JUND IP - K562 cells, JUND IP - GM12878 cells, Rep 1 ",,,
RUNX1,OXCT1,hspcs,RUNX1,,,
TEAD4,OXCT1,uterus,TEAD4 IP - ECC1 cells,,,
TBP,OXCT1,stemcells,TBP IP - H1 cells,,,
MAX,OXCT1,colon,MAX IP - HCT116 cells,,,
JUN,OXCT1,mammarygland,JUN IP - Rep 2,,,
ARID3A,OXCT1,liver,ARID3A IP - HepG2 cells,,,
TBP,OXCT1,leukocytes,"TBP IP - GM12878 cells, TBP IP - K562 cells",,,
GATA6,OXCT1,stemcells,"GATA6 IP - Rep 1 , GATA6 IP - Rep 7 , GATA6 IP - Rep 5 ",,,
JUND,OXCT1,uterus,JUND IP - HeLa cells,,,
FOXM1,OXCT1,leukocytes,FOXM1 IP - GM12878 cells,,,
ATF2,OXCT1,leukocytes,ATF2 IP - GM12878 cells,,,
HOXA4,OXCT1,colon,HOXA4 IP ,,,
TFAP4,OXCT1,leukocytes,"TFAP4 IP - Rep 2, TFAP4 IP - Rep 1",,,
CREB1,OXCT1,lung,CREB1 IP | DEX - A549 cells,,,
DEX,OXCT1,lung,CREB1 IP | DEX - A549 cells,,,
RELA,OXCT1,colon,RELA IP ,,,
POU2F2,OXCT1,leukocytes,POU2F2 IP - GM12878 cells,,,
TCF7L2,OXCT1,uterus,TCF7L2 IP - HeLa cells,,,
GATA4,OXCT1,stomach,GATA4 IP - AGS,,,
JUND,OXCT1,stemcells,JUND IP - H1 cells,,,
YY1,OXCT1,lung,YY1 IP - A549 cells,,,
ATF2,OXCT1,colon,ATF2 IP ,,,
ZNF384,OXCT1,leukocytes,ZNF384 IP - K562 cells,,,
JUND,OXCT1,vasculature,JUND IP,,,
E2F6,OXCT1,lung,E2F6 IP - A549 cells,,,
UBTF,OXCT1,leukocytes,UBTF IP - K562 cells,,,
GABPA,OXCT1,leukocytes,"GABPA IP - Jurkat, Rep 2, GABPA IP - GM12878 cells, Rep 2 , GABPA IP - GM12878 cells, Rep 4 ",,,
YY1,OXCT1,colon,YY1 IP - HCT116 cells,,,
FOXA1,OXCT1,uterus,FOXA1 IP - ECC1 cells,,,
GATA2,OXCT1,hspcs,GATA2 IP,,,
ERG,OXCT1,prostate,ERG ChIP-Seq,,,
ASCL1,OXCT1,skin,ASCL1 IP - NHDF,,,
BAY082,OXCT1,leukocytes,"RELA IP | BAY082  - IVD Th1 cells, PIA",,,
ZNF263,OXCT1,kidney,ZNF263 IP - HEK293 cells,,,
SMARCC1,OXCT1,uterus,SMARCC1 IP - HeLa cells,,,
MXI1,OXCT1,stemcells,MXI1 IP - H1 cells,,,
MEF2B,OXCT1,kidney,"MEF2B IP | MEF2B D83V OE - Rep 1, MEF2B IP | MEF2B OE - Rep 2",,,
MXI1,OXCT1,lung,MXI1 IP - IMR cells,,,
FOSL1,OXCT1,colon,FOSL1 IP - HCT116 cells,,,
MAX,OXCT1,lung,MAX IP - A549 cells,,,
SP1,OXCT1,colon,SP1 IP - HCT116 cells,,,
E2F4,OXCT1,mammarygland,E2F4 IP | 4HT - MCF10 cells,,,
EGR1,OXCT1,colon,EGR1 IP - HCT116 cells,,,
TEAD4,OXCT1,leukocytes,TEAD4 IP - K562 cells,,,
FOXA2,OXCT1,liver,FOXA2 IP - HepG2 cells,,,
MXI1,OXCT1,uterus,MXI1 IP - HeLa cells,,,
FOXA2,OXCT1,embryonictissue,FOXA2 IP - Rep 2,,,
HNF1B,OXCT1,pancreas,HNF1B IP,,,
JUND,OXCT1,colon,JUND IP - HCT116 cells,,,
MTA3,OXCT1,leukocytes,MTA3 IP - GM12878 cells,,,
FOXP2,OXCT1,cns,FOXP2 IP - SK cells,,,
GMEB2,OXCT1,colon,GMEB2 IP ,,,
FOXA1,OXCT1,liver,"FOXA1 IP - HepG2 cells, Rep 1",,,
FOXH1,OXCT1,embryonictissue,FOXH1 IP - endoderm,,,
REST,OXCT1,stemcells,"REST IP - H1 cells, Rep 1",,,
HEY1,OXCT1,leukocytes,HEY1 IP - K562 cells,,,
PBX3,OXCT1,cns,PBX3 IP - SK-N-SH cells,,,
JUN,OXCT1,colon,JUN IP ,,,
CEBPB,OXCT1,lung,CEBPB ChIP-Seq - IMR90,,,
TCF12,OXCT1,cns,TCF12 IP - SK-N-SH cells,,,
MAZ,OXCT1,lung,MAZ IP - IMR cells,,,
HMGN3,OXCT1,leukocytes,HMGN3 IP - K562 cells,,,
TEAD4,OXCT1,cns,TEAD4 IP - SK-N-SH cells,,,
KLF5,OXCT1,stomach,KLF5 IP - KATOIII,,,
MXI1,OXCT1,leukocytes,MXI1 IP - GM12878 cells,,,
ELF1,OXCT1,leukocytes,ELF1 IP - SK-N-SH cells,,,
TCF12,OXCT1,uterus,TCF12 IP - ECC1 cells,,,
PPARG,ACAT1,heart,,,,19049899
PPARG,ACAT1,vasculature,,,,19049899
PPARG,ACAT1,leukocytes,,,,19049899
PPARG,ACAT1,blood,,,,19049899
PPARG,ACAT1,bonemarrow,,,,19049899
STAT1,ACAT1,prostate,,,,18000807
HOXB7,BDH1,mammarygland,,26014856,,
SOX2,BDH2,stemcells,,16153702,,
SMAD3,ACSS3,stemcells,,21741376,,
SMAD3,BDH1,stemcells,,21741376,,
HNF4A,HMGCL,liver,,19822575,,
HNF4A,ACSS3,liver,,19822575,,
HNF4A,BDH2,liver,,19822575,,
HNF4A,BDH1,liver,,19822575,,
HNF4A,HMGCS2,liver,,19822575,,
WT1,BDH1,kidney,,25993318,,
WT1,OXCT1,kidney,,25993318,,
WT1,AACS,kidney,,25993318,,
TFAP2A,AACS,mammarygland,,17053090,,
TFAP2A,ACAT1,mammarygland,,17053090,,
GATA2,BDH1,erythroidlineage,,19941826,,
MYC,OXCT1,embryonictissue,,19915707,,
MYC,HMGCS2,embryonictissue,,19915707,,
PBX1,HMGCS2,ovary,,22567123,,
SMAD4,ACSS3,stemcells,,21741376,,
SMAD4,BDH1,stemcells,,21741376,,
TP63,HMGCS2,skin,,22573176,,
TP63,AACS,skin,,22573176,,
GATA1,BDH1,erythroidlineage,,19941826,,
ELF5,BDH1,mammarygland,,23300383,,
MITF,HMGCL,skin,,21258399,,
MITF,BDH1,skin,,21258399,,
MITF,OXCT1,skin,,21258399,,
BACH1,OXCT1,mammarygland,,22875853,,
ZNF217,BDH1,mammarygland,,24962896,,
POU3F2,OXCT1,skin,,20337985,,
E2F4,ACAT1,blood,,21247883,,
FOXP1,HMGCL,stemcells,,21924763,,
