TF,TargetGene,Tissue,Experiment,Chea,Signor,Trrust
CTCF,ACAA1,leukocytes,"CTCF IP - GM12891 cells, Rep 2 , CTCF IP - NB4 cells , CTCF IP - F36P cells, Rep 17 , CTCF IP - K562 cells, Rep 14 , CTCF IP - F36P cells, Rep 19 , CTCF IP - GM2630 cells, Rep 1 , CTCF IP - GM19240 cells, Rep 1 , CTCF IP -  CD20+ cells , CTCF IP - HeLa cells, Rep 2 , CTCF IP - GM12828 cells, CTCF IP - K562 cells, CTCF IP - GM19099 cells, Rep 2 , CTCF IP - GM12878 cells , CTCF IP - GM12878 cells, Rep 1 , CTCF IP - F36P cells, Rep 7 , CTCF IP - K562 cells, Rep 16 , CTCF IP - GM12873 cells, Rep 1 , CTCF IP - GM19099 cells, Rep 1 , CTCF IP - GM12814 cells, Rep 1, CTCF IP - GM19239 cells, Rep 2 , CTCF IP - GM18505 cells, Rep 1 , CTCF IP - GM11894 cells, Rep 2, CTCF IP - KU812 cells, Rep 5 , CTCF IP - GM12814 cells, Rep 2, CTCF IP - GM12874 cells, Rep 2 , CTCF IP - GM12878 cells, Rep 1 , CTCF IP - GM19239 cells, Rep 1 , CTCF IP - K562 cells, Rep 15 , CTCF IP - GM12005 cells, Rep 2, CTCF IP - F36P cells, Rep 18 , CTCF IP - GM12875 cells, Rep 2 , CTCF IP - GM11811 cells, Rep 1, CTCF IP - GM10847 cells, Rep 2 , CTCF IP - GM12890 cells, Rep 2 , CTCF IP - GM2255 cells, Rep 1 , CTCF ChIP-Seq - GM12878, CTCF IP - GM18951 cells, Rep 2 , CTCF IP - F36P cells, Rep 14 , CTCF IP - MS1 cells, Rep 4 , CTCF IP - GM06990 cells, Rep 2 , CTCF IP - GM12891 cells, Rep 1 , CTCF IP - GM12874 cells, Rep 1 , CTCF IP - K562 cells, Rep 2 , CTCF IP - GM18526 cells, Rep 2 , CTCF IP - GM12234 cells, CTCF IP - GM18505 cells, Rep 2 , CTCF IP - GM18486 cells, Rep 1 , CTCF IP - GM12871 cells , CTCF IP - GM12870 cells , CTCF IP - F36P cells, Rep 2 , CTCF IP - GM12867 cells , CTCF IP - GM18951 cells, Rep 1 , CTCF IP - K562 cells, Rep 12 , CTCF IP - GM12892 cells, Rep 1 , CTCF IP - HL-60 cells, Rep 9 , CTCF IP - GM12872 cells, Rep 3 , CTCF IP - GM2610 cells, Rep 3 , CTCF IP - K562 cells, Rep 13 , CTCF IP - GM2610 cells, Rep 1 , CTCF IP, CTCF IP - GM2588 cells, Rep 3 , CTCF IP - GM07346 cells, CTCF IP -  DND , CTCF IP - MS1 cells, Rep 2 , CTCF IP - HL , CTCF IP - GM2630 cells, Rep 3 , CTCF IP - GM18486 cells, Rep 2 , CTCF IP - GM12864 cells, Rep 2 , CTCF IP - GM12890 cells, Rep 3 , CTCF IP - CD14+ cells , CTCF IP - MS1 cells, Rep 1 , CTCF IP - K562 cells, CTCF IP - GM12864 cells, Rep 1 , CTCF IP - UT-7 cells, Rep 5 , CTCF IP - GM2588 cells, Rep 1 , CTCF IP - GM12892 cells, Rep 2 , CTCF IP - GM12815 cells, Rep 1, CTCF IP - GM12873 cells, Rep 3 , CTCF IP - GM12875 cells, Rep 1 , CTCF IP - F36P cells, Rep 15 , CTCF IP - GM12890 cells, Rep 1 , CTCF IP - GM11994 cells, Rep 2, CTCF IP - GM18486 cells, Rep 3 , CTCF IP - GM19193 cells, Rep 2 , CTCF IP - GM12869 cells , CTCF IP - GM11831 cells, CTCF IP - GM12865 cells, Rep 3 , CTCF IP - GM12154 cells, Rep 2, CTCF IP - F36P cells, Rep 10 , CTCF IP - F36P cells, Rep 6 , CTCF IP - K562 cells , CTCF IP - GM2630 cells, Rep 2 , CTCF IP - GM2255 cells, Rep 2 , CTCF IP - GM12872 cells, Rep 1 , CTCF IP - F36P cells, Rep 5 , CTCF IP - GM11994 cells, Rep 1, CTCF IP - GM12878 cells, Rep 2 , CTCF IP - F36P cells, Rep 9 , CTCF IP - HL-60 cells, Rep 3 , CTCF IP - GM2588 cells, Rep 2 , CTCF IP - UT-7 cells, Rep 4 , CTCF IP - U-937 cells, Rep 2 , CTCF IP - K562 cells, Rep 1 , CTCF IP - GM12154 cells, Rep 1, CTCF IP - K562 cells, Rep 11 , CTCF IP - UT-7 cells, Rep 3 , CTCF IP - KU812 cells, Rep 17 , CTCF IP - KU812 cells, Rep 13 , CTCF IP - MS1 cells, Rep 3 , CTCF IP - UT-7 cells, Rep 2 , CTCF IP - GM2610 cells, Rep 2 , CTCF IP - GM12866 cells , CTCF IP - GM11894 cells, Rep 1, CTCF IP - GM12878 cells, Rep 2 , CTCF IP - K562 cells, Rep 5 , CTCF IP - GM19240 cells, Rep 2 , CTCF IP - KU812 cells, Rep 9 , CTCF IP - GM12873 cells, Rep 1 , CTCF IP - GM19238 cells, Rep 1 , CTCF IP - GM12872 cells, Rep 2 , CTCF IP - GM19238 cells, Rep 2 , CTCF IP - GM12864 cells, Rep 3 , CTCF IP - GM12865 cells, Rep 1 , CTCF IP - GM11811 cells, Rep 2, CTCF IP - GM12868 cells , CTCF IP - F36P cells, Rep 11 , CTCF IP - GM06990 cells, Rep 1 , CTCF IP - GM11881 cells, CTCF IP - K562 cells, Rep 1 , CTCF IP - F36P cells, Rep 3 , CTCF IP - GM06986 cells, CTCF IP - GM10847 cells, Rep 1 , CTCF IP - GM2255 cells, Rep 3 , CTCF IP - GM12865 cells, Rep 2 , CTCF IP - GM12815 cells, Rep 2, CTCF IP - UT-7 cells, Rep 1 , CTCF IP - HL-60 cells, Rep 2 , CTCF IP - GM18526 cells, Rep 1 , CTCF IP - GM19193 cells, Rep 1 , CTCF IP - KU812 cells, Rep 1 ",,,
CTCF,ACAA1,hspcs,"CTCF IP - HEL 92.1.7 cells, Rep 7 , CTCF IP - Erythroid cells, Rep 2, CTCF IP - HEL 92.1.7 cells, Rep 5 , CTCF IP - HSPCs, Rep 2, CTCF IP - HEL 92.1.7 cells, Rep 4 , CTCF IP - HEL 92.1.7 cells, Rep 13 , CTCF IP - HEL 92.1.7 cells, Rep 2 , CTCF IP - HEL 92.1.7 cells, Rep 10 , CTCF IP - HEL 92.1.7 cells, Rep 11 , CTCF IP - Erythroid cells, Rep 1, CTCF IP - HSPCs, Rep 1, CTCF IP - HEL 92.1.7 cells, Rep 14 , CTCF IP - HEL 92.1.7 cells, Rep 8 ",,,
GTF2F1,ACAA1,uterus,GTF2F1 IP - HeLa cells,,,
CTCF,ACAA1,kidney,"CTCF IP - RPTEC cells, Rep 1 , CTCF IP - HEK293 cells, Rep 2 , CTCF IP - HEK293 cells, Rep 1 , CTCF IP - RPTEC cells, Rep 2 , CTCF IP - HRE cells, Rep 1 , CTCF IP - HRE cells, Rep 2 ",,,
CTCF,ACAA1,lung,"CTCF IP | DEX - A549 cells, CTCF IP - AG04450 cells, Rep 2 , CTCF IP - HPF cells, Rep 2 , CTCF IP - AG04450 cells, Rep 1 , CTCF IP - WI-38 cells, Rep 1 , CTCF IP - A549 cells, Rep 2 , CTCF IP - NHLF cells , CTCF ChIP-Seq - A549, CTCF IP - A549 cells, CTCF IP - IMR cells, CTCF IP - SAEC cells, Rep 2 , CTCF IP - A549 cells , CTCF IP - NHLF cells , CTCF IP - WI-38 cells, Rep 2 , CTCF IP | DEX - A549 cells , CTCF IP - A549 cells, Rep 1 , CTCF IP - HPF cells, Rep 1 , CTCF IP - SAEC cells, Rep 1 ",,,
DEX,ACAA1,lung,"CTCF IP | DEX - A549 cells, CREB1 IP | DEX - A549 cells, CTCF IP | DEX - A549 cells ",,,
REST,ACAA1,leukocytes,"REST IP - HL60 cells, REST IP - GM12878 cells, Rep 16 , REST IP - K562 cells",,,
PBX3,ACAA1,cns,PBX3 IP - SK-N-SH cells,,,
STAT3,ACAA1,leukocytes,"STAT3 IP - SU-DHL-6, STAT3 IP - SU-DHL-4, STAT3 IP - OCI-LY3, STAT3 IP - OCI-LY10, STAT3 IP - SU-DHL-2, STAT3 IP - U-2932",,,
CTCF,ACAA1,colon,"CTCF IP - HCT116 cells, Rep 2 , CTCF IP - HCT116 cells, Rep 1 , CTCF IP - HCT116 cells, CTCF IP - Caco ",,,
SPI1,ACAA1,leukocytes,"SPI1 IP, ROSI | SPI1 ChIP-Seq, SPI1 IP - U-937 cells, Rep 1 , SPI1 IP | RUNX1 KD, SPI1 IP, SPI1 IP - GM12878 cells, SPI1 IP - GM12878 cells, Rep 4 , SPI1 IP - HL-60 cells, Rep 3 , SPI1 IP, SPI1 IP, SPI1 IP - HL cells, SPI1 IP, SPI1 IP, SPI1 IP - K562 cells, SPI1 IP, SPI1 IP - U-937 cells, Rep 10 , SPI1 IP - HL-60 cells, Rep 4 , SPI1 IP - GM12878 cells, Rep 1 , SPI1 IP, SPI1 IP - U-937 cells, Rep 8 , SPI1 IP - GM12878 cells, Rep 3 , SPI1 IP, SPI1 IP - GM12878 cells, Rep 2 , SPI1 IP - GM12891 cells, SPI1 IP - U-937 cells, Rep 4 , SPI1 IP, SPI1 IP, SPI1 IP - HL-60 cells, Rep 2 , SPI1 IP - HL-60 cells, Rep 1 , SPI1 IP",,,
EGR1,ACAA1,colon,EGR1 IP - HCT116 cells,,,
ELF1,ACAA1,colon,ELF1 IP - HCT116 cells,,,
CREB1,ACAA1,stemcells,CREB1 IP - H1 cells,,,
REST,ACAA1,cns,"REST IP - PFSK1 cells, Rep 2, REST IP - U87 cells, REST IP - SK cells, REST IP - SK-N-SH cells",,,
ROSI,ACAA1,leukocytes,ROSI | SPI1 ChIP-Seq,,,
NFYA,ACAA1,colon,NFYA IP ,,,
NFYB,ACAA1,uterus,NFYB IP - HeLa cells,,,
E2F6,ACAA1,leukocytes,"E2F6 IP - K562 cells, E2F6 IP - K562 cells",,,
NFYB,ACAA1,leukocytes,"NFYB IP - GM12878 cells, NFYB IP - K562 cells",,,
IRF1,ACAA1,leukocytes,"IRF1 IP - Rep 1, IRF1 IP - Rep 3, IRF1 IP - Rep 2, IRF1 IP | IFNG - K562 cells, 6 h, IRF1 IP | IFNG - K562 cells, 30 min, IRF1 IP | IFNA1-13 - K562 cells, 6 h",,,
IFNG,ACAA1,leukocytes,"IRF1 IP - Rep 1, STAT1 IP - Rep 5, STAT1 IP - Rep 3, IRF1 IP - Rep 3, STAT1 IP | IFNG - K562 cells, 30 min, MYC IP | IFNG - K562 cells, 30 min, STAT1 IP - Rep 1, IRF1 IP - Rep 2, STAT1 IP - Rep 4, IRF1 IP | IFNG - K562 cells, 6 h, IRF1 IP | IFNG - K562 cells, 30 min, STAT1 IP - Rep 2, STAT1 IP - Rep 6",,,
JUND,ACAA1,vasculature,JUND IP,,,
FOXA1,ACAA1,prostate,"CON KD + R1881 | FOXA1 ChIP-Seq - Rep 1, FOXA1 siRNA | CREB1 ChIP-Seq - Rep 1, EtOH | FOXA1 ChIP-Seq - , DHT | FOXA1 ChIP-Seq, R1881 | FOXA1 ChIP-Seq - Rep 2, CON KD | FOXA1 ChIP-Seq, CON KD + R1881 | FOXA1 ChIP-Seq - Rep 2, FOXA1 siRNA | CREB1 ChIP-Seq - Rep 2, FOXA1 KD | GATA2 ChIP-Seq, GATA2 KD + R1881 | FOXA1 ChIP-Seq, PIAS1 + R1881 | FOXA1 ChIP-Seq - Rep 2, CON KD | FOXA1 ChIP-Seq, FOXA1 ChIP-Seq, PIAS1 + R1881 | FOXA1 ChIP-Seq - Rep 1, FOXA1 + FBS | GATA2 ChIP-Seq, CON KD + R1881 | FOXA1 ChIP-Seq, EtOH | FOXA1 ChIP-Seq - Rep 2, R1881 | FOXA1 ChIP-Seq - Rep 1",,,
R1881,ACAA1,prostate,"CON KD + R1881 | FOXA1 ChIP-Seq - Rep 1, R1881 | FOXA1 ChIP-Seq - Rep 2, CON KD + R1881 | FOXA1 ChIP-Seq - Rep 2, GATA2 KD + R1881 | FOXA1 ChIP-Seq, PIAS1 + R1881 | FOXA1 ChIP-Seq - Rep 2, GATA2 KD + R1881 | GATA2 ChIP-Seq, GABPA IP | R1881, PIAS1 + R1881 | FOXA1 ChIP-Seq - Rep 1, CON KD + R1881 | FOXA1 ChIP-Seq, R1881 | FOXA1 ChIP-Seq - Rep 1, CON KD + R1881 | GATA2 ChIP-Seq",,,
CEBPB,ACAA1,liver,"CEBPB ChIP-Seq - HepG2, CEBPB IP | FORSK - HepG2 cells, CEBPB IP - HepG2 cells",,,
CTCF,ACAA1,adiposetissue,"CTCF ChIP-Seq - d 0, CTCF ChIP-Seq - d 9, CTCF ChIP-Seq - d -2",,,
ZNF263,ACAA1,kidney,ZNF263 IP - HEK293 cells,,,
CTCF,ACAA1,skin,"CTCF IP - AG04449 cells, Rep 1 , CTCF IP - HFFC cells, Rep 2 , CTCF IP - AG10803 cells, Rep 2 , CTCF IP - BJ cells, Rep 2 , CTCF IP - AG04449 cells, Rep 2 , CTCF IP - NHEK cells, Rep 2 , CTCF IP - AG09309 cells, Rep 1 , CTCF IP - NHEK cells , CTCF IP - BJ cells, Rep 1 , CTCF IP - NHDF cells , CTCF IP - HFFC cells, Rep 1 , CTCF IP - HFFC cells, Rep 3 , CTCF IP - NHDF cells, Rep 1 , CTCF IP - NHDF cells, Rep 2 , CTCF IP - GM12878 cells, Rep 2 , CTCF IP - AG10803 cells, Rep 1 ",,,
CTCF,ACAA1,mammarygland,"CTCF IP - MCF-7 cells, Rep 1 , CTCF IP - HMF cells, Rep 2 , CTCF IP - HMF cells, Rep 1 , CTCF IP - MCF-7 cells Rep 2 , CTCF IP - MCF7 cells, CTCF IP - HMEC cells , CTCF IP - HMEC cells, Rep 2 , CTCF IP - HMEC cells, Rep 1 ",,,
SP1,ACAA1,leukocytes,"SP1 IP - GM12878 cells, SP1 IP - K562 cells",,,
MYB,ACAA1,leukocytes,"MYB IP - Jurkat, Rep 2, MYB IP - Jurkat, Rep 1, MYB IP - Jurkat, Rep 3, MYB IP - Jurkat, Rep 5, MYB IP - MOLT3, MYB IP - Jurkat, Rep 4",,,
ETS1,ACAA1,leukocytes,"ETS1 IP, ETS1 IP - K562 cells",,,
FORSK,ACAA1,liver,CEBPB IP | FORSK - HepG2 cells,,,
GABPA,ACAA1,leukocytes,"GABPA IP - GM12878 cells, Rep 4 , GABPA IP, GABPA IP - K562 cells, GABPA IP - Jurkat, Rep 1, GABPA IP - GM12878 cells, Rep 3 , GABPA IP - GM12878 cells, Rep 1 , GABPA IP - Jurkat, Rep 2, GABPA IP - GM12878 cells, Rep 2 ",,,
CEBPB,ACAA1,colon,"CEBPB IP, CEBPB IP - HCT116 cells, CEBPB IP | 125DVD3",,,
CREB1,ACAA1,prostate,"FOXA1 siRNA | CREB1 ChIP-Seq - Rep 1, CREB1 ChIP-Seq - LNCaP, CREB1 ChIP-Seq - Rep 2, CREB1 ChIP-Seq - LNCaP-abl, FOXA1 siRNA | CREB1 ChIP-Seq - Rep 2, CREB1 ChIP-Seq - Rep 1",,,
USF1,ACAA1,liver,USF1 IP - HepG2 cells,,,
CTCF,ACAA1,megakaryocytelineage,"CTCF IP - MEG-01 cells, Rep 2 , CTCF IP - MEG-01 cells, Rep 10 , CTCF IP - MEG-01 cells, Rep 4 , CTCF IP - MEG-01 cells, Rep 8 , CTCF IP - MEG-01 cells, Rep 6 ",,,
RUNX1,ACAA1,leukocytes,"SPI1 IP | RUNX1 KD, RUNX1 IP - N terminus 2, RUNX1 IP, RUNX1 IP - Rep 2, RUNX1 IP",,,
TEAD4,ACAA1,liver,TEAD4 IP - HepG2 cells,,,
FOSL2,ACAA1,liver,FOSL2 IP - HepG2 cells,,,
GABPA,ACAA1,stemcells,GABPA IP - H1 cells,,,
HMGN3,ACAA1,leukocytes,HMGN3 IP - K562 cells,,,
TCF12,ACAA1,leukocytes,TCF12 IP - GM12878 cells,,,
PBX3,ACAA1,lung,PBX3 IP - A549 cells,,,
ELK4,ACAA1,uterus,"ELK4 IP - HeLa, Rep 2, ELK4 IP - HeLa cells, ELK4 IP - HeLa, Rep 1",,,
CTCF,ACAA1,vasculature,"CTCF IP - HUVEC cells, Rep 2 , CTCF IP - HUVEC cells, Rep 1 , CTCF IP - HPAF cells, Rep 2 , CTCF IP - HPAF cells, Rep 1 , CTCF IP - AoAFC cells, Rep 2 , CTCF IP - AoAFC cells, Rep 1 , CTCF IP - HUVEC cells , CTCF IP - HBMEC cells, Rep 1 , CTCF IP - HBMEC cells, Rep 2 ",,,
TBP,ACAA1,uterus,TBP IP - HeLa cells,,,
STAT1,ACAA1,leukocytes,"STAT1 IP - Rep 5, STAT1 IP - Rep 3, STAT1 IP | IFNG - K562 cells, 30 min, STAT1 IP - Rep 1, STAT1 IP - Rep 4, STAT1 IP - Rep 2, STAT1 IP - Rep 6, STAT1 IP | IFNA1-13 - K562 cells, 6 h",,,
RELA,ACAA1,leukocytes,"RELA IP | BAY082  - IVD Th1 cells, PIA, RELA IP | TNF - GM12891 cells, RELA IP | TNF - GM10847 cells, RELA IP | TNF - GM15510 cells",,,
BAY082,ACAA1,leukocytes,"RELA IP | BAY082  - IVD Th1 cells, PIA",,,
TEAD4,ACAA1,uterus,TEAD4 IP - ECC1 cells,,,
TAL1,ACAA1,leukocytes,"TAL1 IP - MOLT3, TAL1 IP - K562 cells",,,
CTCF,ACAA1,miscellaneous,"CTCF IP - AG09319 cells, Rep 1 , CTCF IP - AG09319 cells, Rep 2 ",,,
TNF,ACAA1,leukocytes,"RELA IP | TNF - GM12891 cells, RELA IP | TNF - GM10847 cells, RELA IP | TNF - GM15510 cells",,,
STAT5B,ACAA1,leukocytes,"STAT5B IP | H9RET, Rep 2, STAT5B IP | IL2 - Rep 2, STAT5B IP | IL2 - Rep 2, STAT5B IP | H9, Rep 2",,,
H9RET,ACAA1,leukocytes,"STAT5B IP | H9RET, Rep 2",,,
ETV5,ACAA1,colon,ETV5 IP ,,,
YY1,ACAA1,cns,"YY1 IP | ATRA - SK-N-SH cells, YY1 IP - SK-N-SH cells",,,
ATRA,ACAA1,cns,YY1 IP | ATRA - SK-N-SH cells,,,
E2F1,ACAA1,prostate,"BICALU | E2F1 ChIP-Seq - Rep 3, HES6 OE | E2F1 ChIP-Seq - Rep 3, E2F1 ChIP-Seq - Rep 3, E2F1 ChIP-Seq - Rep 4, HES6 OE | E2F1 ChIP-Seq - Rep 1, HES6 OE + BICALU | E2F1 ChIP-Seq - Rep 1, E2F1 ChIP-Seq - Rep 1, HES6 OE + BICALU | E2F1 ChIP-Seq - Rep 3",,,
BICALU,ACAA1,prostate,"BICALU | E2F1 ChIP-Seq - Rep 3, HES6 OE + BICALU | E2F1 ChIP-Seq - Rep 1, HES6 OE + BICALU | E2F1 ChIP-Seq - Rep 3",,,
EBF1,ACAA1,leukocytes,"EBF1 IP - GM12878 cells, EBF1 IP - GM12878 cells",,,
RUNX1T1,ACAA1,leukocytes,RUNX1T1 IP,,,
KLF11,ACAA1,adiposetissue,"KLF11 ChIP-Seq, Rep 2, ROSI (BrAT) | KLF11 ChIP-Seq, Rep 1, KLF11 ChIP-Seq, Rep 1, ROSI (BrAT) | KLF11 ChIP-Seq, Rep 2",,,
TCF21,ACAA1,vasculature,"TCF21 IP, TCF21 IP, TCF21 IP",,,
ERG,ACAA1,prostate,"JQI | ERG ChIP-Seq - Rep 1, DMSO | ERG ChIP-Seq - Rep 2, ERG ChIP-Seq, DMSO | ERG ChIP-Seq - Rep 1, JQI | ERG ChIP-Seq - Rep 2, DHT | ERG ChIP-Seq - 18 h, ERG ChIP-Seq, DHT | ERG ChIP-Seq - 2 h",,,
JQ1,ACAA1,prostate,"JQI | ERG ChIP-Seq - Rep 1, JQI | ERG ChIP-Seq - Rep 2",,,
FOS,ACAA1,mammarygland,"FOS IP - MCF10A cells, FOS IP | 4HT - MCF10A cells, 36 h, FOS IP | 4HT - MCF10A cells, 4 h, FOS IP | 4HT - MCF10A cells, 12 h",,,
FOSL1,ACAA1,colon,FOSL1 IP - HCT116 cells,,,
NFKB1,ACAA1,leukocytes,"NFKB1 IP - Rep 2, NFKB1 IP - Rep 1",,,
CTCF,ACAA1,bone,CTCF IP - Osteoblasts ,,,
ZBTB7A,ACAA1,leukocytes,ZBTB7A IP - SK-N-SH cells,,,
UBTF,ACAA1,leukocytes,UBTF IP - K562 cells,,,
PAX5,ACAA1,leukocytes,PAX5 IP - GM12892 cells,,,
CTCF,ACAA1,cns,"CTCF IP - spinal cord astrocyte cells, Rep 1 , CTCF IP - cerebellar astrocyte cells, Rep 2 , CTCF IP - BE(2)-C cells, Rep 1 , CTCF IP - spinal cord astrocyte cells, Rep 2 , CTCF IP - HCPEpiC cells, Rep 1 , CTCF IP - cerebellar astrocyte cells, Rep 1 , CTCF IP - SK-N-SH cells , CTCF IP - HCPEpiC cells, Rep 2 , CTCF IP - SK-N-SH cells, Rep 2 , CTCF IP - NHA cells , CTCF IP - SK-N-SH cells, Rep 1 , CTCF IP - BE(2)-C cells, Rep 2 , CTCF IP - SK cells",,,
DHT,ACAA1,prostate,"DHT | FOXA1 ChIP-Seq, DHT | ERG ChIP-Seq - 18 h, DHT | ERG ChIP-Seq - 2 h",,,
GABPA,ACAA1,liver,"GABPA IP, GABPA IP - MCF7 cells, GABPA IP - HepG2 cells, GABPA IP, GABPA IP",,,
ELF1,ACAA1,mammarygland,ELF1 IP - MCF7 cells,,,
ERG,ACAA1,leukocytes,ERG IP - Rep 1,,,
CTCF,ACAA1,sensory,"CTCF IP - HRPEpiC cells, Rep 2 , CTCF IP - WERI-Rb-1- cells, Rep 1 , CTCF IP - HRPEpiC cells, Rep 1 , CTCF IP - WERI ",,,
ZBTB7A,ACAA1,liver,ZBTB7A IP - HepG2 cells,,,
JUND,ACAA1,leukocytes,JUND IP - K562 cells,,,
MYC,ACAA1,leukocytes,"MYC IP | IFNG - K562 cells, 30 min, MYC IP - K562 cells, Rep 2, MYC IP - NB4 cells, MYC IP - K562 cells, Rep 1, MYC IP | IFNA1 - K562 cells, 30 min",,,
MYBL2,ACAA1,liver,MYBL2 IP - HepG2 cells,,,
SRF,ACAA1,stemcells,"SRF IP - Rep 7 , SRF IP - Rep 4 , SRF IP - Rep 6 , SRF IP - Rep 1 ",,,
HEY1,ACAA1,leukocytes,HEY1 IP - K562 cells,,,
GATA2,ACAA1,prostate,"CON KD + FBS | GATA2 ChIP-Seq, GATA2 ChIP-Seq, FOXA1 KD | GATA2 ChIP-Seq, GATA2 KD + R1881 | FOXA1 ChIP-Seq, GATA2 ChIP-Seq - Rep 2, GATA2 KD + R1881 | GATA2 ChIP-Seq, FOXA1 + FBS | GATA2 ChIP-Seq, CON KD  | GATA2 ChIP-Seq, CON KD + R1881 | GATA2 ChIP-Seq",,,
JUND,ACAA1,uterus,JUND IP - HeLa cells,,,
FOXA2,ACAA1,lung,FOXA2 IP - A549 cells,,,
ELF1,ACAA1,leukocytes,"ELF1 IP - SK-N-SH cells, ELF1 IP - SK-N-SH cells",,,
MXI1,ACAA1,liver,MXI1 IP - HepG2 cells,,,
CTCF,ACAA1,placenta,"CTCF IP - HVMF cells, Rep 2 , CTCF IP - HVMF cells, Rep 1 ",,,
CTCF,ACAA1,liver,"CTCF IP - SK-N-SH cells, CTCF IP - HepG2 cells , CTCF IP - HepG2 cells, Rep 1 , CTCF IP",,,
MAX,ACAA1,liver,"MAX IP - HepG2 cells, MAX IP - MCF7 cells",,,
GABPA,ACAA1,prostate,"GABPA IP - Rep 1, GABPA IP | R1881, GABPA IP - Rep 2",,,
MXI1,ACAA1,uterus,MXI1 IP - HeLa cells,,,
CTCF,ACAA1,stemcells,"CTCF IP - Rep 2 , CTCF IP - Rep 4 , CTCF IP - H1 cells, CTCF IP - Rep 6 , CTCF IP - Rep 5 , CTCF IP - Rep 1 , CTCF IP - Rep 7 , CTCF IP - H1 cells , CTCF IP - Rep 3 ",,,
TCF12,ACAA1,lung,TCF12 IP - A549 cells,,,
JUN,ACAA1,colon,JUN IP ,,,
STAT3,ACAA1,mammarygland,"STAT3 IP | 4HT - MCF10 cells, 36 h, STAT3 IP | 4HT - MCF10 cells, 12 h, STAT3 IP - MCF10A cells, Rep 2, STAT3 IP - MCF10A cells, Rep 1",,,
4HT,ACAA1,mammarygland,"STAT3 IP | 4HT - MCF10 cells, 36 h, FOS IP | 4HT - MCF10A cells, 36 h, FOS IP | 4HT - MCF10A cells, 4 h, STAT3 IP | 4HT - MCF10 cells, 12 h, E2F4 IP | 4HT - MCF10 cells, MYC IP | 4HT - MCF10A cells, FOS IP | 4HT - MCF10A cells, 12 h",,,
ELF3,ACAA1,pancreas,"ELF3 IP, ELF3 IP",,,
POU2F2,ACAA1,leukocytes,POU2F2 IP - GM12878 cells,,,
JUN,ACAA1,mammarygland,JUN IP - Rep 1,,,
SMAD1,ACAA1,hspcs,SMAD1 IP - Rep 3,,,
EGR1,ACAA1,leukocytes,EGR1 IP - K562 cells,,,
HES6,ACAA1,prostate,"HES6 OE | E2F1 ChIP-Seq - Rep 3, HES6 OE | E2F1 ChIP-Seq - Rep 1, HES6 OE + BICALU | E2F1 ChIP-Seq - Rep 1, HES6 OE + BICALU | E2F1 ChIP-Seq - Rep 3",,,
GATA4,ACAA1,stomach,GATA4 IP - AGS,,,
CTCF,ACAA1,esophagus,"CTCF IP - HEEpiC cells, Rep 1 , CTCF IP - HEEpiC cells, Rep 2 ",,,
GABPA,ACAA1,uterus,GABPA IP - HeLa cells,,,
OTX2,ACAA1,stemcells,OTX2 IP - Rep 10 ,,,
REST,ACAA1,liver,"REST IP - HepG2 cells, Rep 1, REST IP - HepG2 cells, Rep 2",,,
MAFK,ACAA1,liver,"MAFK IP - HepG2 cells, Rep 2, MAFK IP - HepG2 cells, Rep 1",,,
MXI1,ACAA1,leukocytes,MXI1 IP - GM12878 cells,,,
STAT2,ACAA1,leukocytes,"STAT2 IP | IFNA1-13 - K562 cells, 30 min, STAT2 IP | IFNA1-13 - K562 cells, 6 h",,,
IFNA1,ACAA1,leukocytes,"STAT2 IP | IFNA1-13 - K562 cells, 30 min, STAT1 IP | IFNA1-13 - K562 cells, 6 h, STAT2 IP | IFNA1-13 - K562 cells, 6 h, MYC IP | IFNA1 - K562 cells, 30 min, IRF1 IP | IFNA1-13 - K562 cells, 6 h",,,
TEAD4,ACAA1,colon,TEAD4 IP - HCT116 cells,,,
PBX3,ACAA1,leukocytes,PBX3 IP - GM12878 cells,,,
CTCF,ACAA1,uterus,"CTCF IP - HeLa cells, Rep 1 , CTCF IP - HeLa cells ",,,
TCF7L2,ACAA1,mammarygland,TCF7L2 ChIP-Seq,,,
GATA6,ACAA1,stomach,GATA6 IP - YCC3,,,
USF2,ACAA1,leukocytes,USF2 IP - GM12878 cells,,,
TBP,ACAA1,leukocytes,"TBP IP - K562 cells, TBP IP - GM12878 cells",,,
SP1,ACAA1,colon,SP1 IP - HCT116 cells,,,
CREB1,ACAA1,lung,CREB1 IP | DEX - A549 cells,,,
ARID3A,ACAA1,liver,ARID3A IP - HepG2 cells,,,
CTCF,ACAA1,skeletalmuscle,"CTCF IP - HSMM cells, Rep 2 , CTCF IP - HSMM cells, Rep 1 ",,,
ZNF143,ACAA1,leukocytes,"ZNF143 IP - K562 cells, ZNF143 IP - GM12878 cells",,,
SP2,ACAA1,leukocytes,SP2 IP - K562 cells,,,
CREB1,ACAA1,liver,"CREB1 IP - HepG2 cells, CREB1 IP",,,
IL2,ACAA1,leukocytes,"STAT5B IP | IL2 - Rep 2, STAT5B IP | IL2 - Rep 2",,,
FOXP1,ACAA1,colon,FOXP1 IP ,,,
FOXA1,ACAA1,pancreas,"FOXA1 IP, FOXA1 IP",,,
GABPA,ACAA1,cns,GABPA IP - SK-N-SH cells,,,
JUN,ACAA1,vasculature,JUN IP,,,
IRF1,ACAA1,colon,IRF1 IP ,,,
YY1,ACAA1,lung,YY1 IP - A549 cells,,,
SRF,ACAA1,leukocytes,SRF IP - SK-N-SH cells,,,
YY1,ACAA1,leukocytes,"YY1 IP - GM12892 cells, Rep 1, YY1 IP - GM12878 cells, YY1 IP - GM12891 cells, YY1 IP - K562 cells, Rep 2, YY1 IP - K562 cells, Rep 1, YY1 IP - K562 cells",,,
ZNF143,ACAA1,stemcells,ZNF143 IP - H1 cells,,,
MAX,ACAA1,cns,MAX IP - SK-N-SH cells,,,
MTA3,ACAA1,leukocytes,MTA3 IP - GM12878 cells,,,
NFYA,ACAA1,leukocytes,NFYA IP - K562 cells,,,
ELF1,ACAA1,liver,ELF1 IP - HepG2 cells,,,
JUND,ACAA1,lung,JUND IP - A549 cells,,,
MAX,ACAA1,uterus,"MAX IP - HeLa cells, Rep 2, MAX IP - HeLa cells, Rep 1, MAX IP - ECC1 cells",,,
FOXA1,ACAA1,mammarygland,"FOXA1 IP - T47D cells, DHT | FOXA1 ChIP-Seq",,,
ELK1,ACAA1,uterus,"ELK1 IP - HeLa cells, ELK1 IP - HeLa",,,
IRF4,ACAA1,leukocytes,IRF4 IP,,,
MAX,ACAA1,colon,MAX IP - HCT116 cells,,,
FOS,ACAA1,leukocytes,FOS IP - K562 cells,,,
TFAP4,ACAA1,leukocytes,TFAP4 IP - Rep 2,,,
SP1,ACAA1,liver,SP1 IP - HepG2 cells,,,
JUN,ACAA1,liver,JUN IP - HepG2 cells,,,
YY1,ACAA1,liver,YY1 IP - HepG2 cells,,,
MAX,ACAA1,leukocytes,"MAX IP - K562 cells, MAX IP - K562 cells, Rep 2, MAX IP - NB4 cells",,,
CTCF,ACAA1,heart,"CTCF IP - HCF cells , CTCF IP - myocytes cells, Rep 1 , CTCF IP - myocytes cells, Rep 2 ",,,
ATF2,ACAA1,colon,ATF2 IP ,,,
SRF,ACAA1,uterus,SRF IP - ECC1 cells,,,
TAL1,ACAA1,colon,TAL1 IP ,,,
E2F6,ACAA1,stemcells,E2F6 IP - H1 cells,,,
CREB1,ACAA1,leukocytes,"CREB1 IP - GM12878 cells, CREB1 IP - K562 cells",,,
TP53,ACAA1,bone,TP53 IP,,,
FOXA2,ACAA1,embryonictissue,FOXA2 IP - Rep 2,,,
ROSI,ACAA1,adiposetissue,"ROSI (BrAT) | KLF11 ChIP-Seq, Rep 1, ROSI (BrAT) | KLF11 ChIP-Seq, Rep 2",,,
REST,ACAA1,lung,REST IP - A549 cells,,,
PIAS1,ACAA1,prostate,"PIAS1 + R1881 | FOXA1 ChIP-Seq - Rep 2, PIAS1 + R1881 | FOXA1 ChIP-Seq - Rep 1",,,
ZEB1,ACAA1,liver,ZEB1 IP - HepG2 cells,,,
USF1,ACAA1,uterus,USF1 IP - ECC1 cells,,,
TEAD4,ACAA1,leukocytes,TEAD4 IP - K562 cells,,,
MAX,ACAA1,lung,MAX IP - A549 cells,,,
SIX2,ACAA1,kidney,"SIX2 IP - 17 weeks, Rep 1",,,
E2F4,ACAA1,mammarygland,E2F4 IP | 4HT - MCF10 cells,,,
SP2,ACAA1,liver,SP2 IP - HepG2 cells,,,
ELF1,ACAA1,lung,ELF1 IP - A549 cells,,,
TCF7L2,ACAA1,uterus,TCF7L2 IP - HeLa cells,,,
REST,ACAA1,pancreas,"REST IP - Panc1 cells, Rep 3",,,
125DVD3,ACAA1,colon,"CEBPB IP | 125DVD3, CDX2 IP | 125DVD3",,,
CDX2,ACAA1,colon,CDX2 IP | 125DVD3,,,
FOXA1,ACAA1,liver,"FOXA1 IP - HepG2 cells, Rep 1, FOXA1 IP - HepG2 cells, Rep 2",,,
BHLHE40,ACAA1,leukocytes,BHLHE40 IP - K562 cells,,,
YY1,ACAA1,uterus,YY1 IP - ECC1 cells,,,
FOXA2,ACAA1,liver,FOXA2 IP - HepG2 cells,,,
TP73,ACAA1,bone,"TP73 IP - beta isoform, Rep 1",,,
CEBPB,ACAA1,stemcells,"CEBPB IP, CEBPB IP",,,
RUNX1,ACAA1,hspcs,RUNX1,,,
MYC,ACAA1,mammarygland,"DHT | MYC ChIP-Seq, MYC IP | 4HT - MCF10A cells, MYC IP - MCF-10A cells",,,
DHT,ACAA1,mammarygland,"DHT | MYC ChIP-Seq, DHT | FOXA1 ChIP-Seq",,,
MXI1,ACAA1,cns,MXI1 IP - SK-N-SH cells ,,,
ATF3,ACAA1,colon,"ATF3 IP - HCT116 cells, ATF3 IP | CAMPTO",,,
EGR1,ACAA1,liver,EGR1 IP - MCF7 cells,,,
MAZ,ACAA1,lung,MAZ IP - IMR cells,,,
USF1,ACAA1,stemcells,USF1 IP - H1 cells,,,
JUND,ACAA1,liver,"JUND IP - HepG2 cells, JUND IP - HepG2 cells",,,
SRF,ACAA1,colon,SRF IP - HCT116 cells,,,
ELK1,ACAA1,leukocytes,"ELK1 IP - K562 cells, ELK1 IP - GM12878 cells",,,
SP1,ACAA1,stemcells,"SP1 IP - Rep 2 , SP1 IP - H1 cells",,,
TP53,ACAA1,mammarygland,TP53 IP,,,
MAZ,ACAA1,leukocytes,"MAZ IP - K562 cells, MAZ IP - GM12878 cells",,,
YY1,ACAA1,stemcells,YY1 IP - H1 cells,,,
KLF5,ACAA1,stomach,KLF5 IP - KATOIII,,,
E2F3,ACAA1,colon,E2F3 IP ,,,
SPI1,ACAA1,hspcs,"SPI1 IP -  Rep 1, SPI1 IP - Rep 2",,,
TBP,ACAA1,stemcells,TBP IP - H1 cells,,,
RELA,ACAA1,adiposetissue,"RELA IP, RELA IP",,,
JUND,ACAA1,mammarygland,JUND IP - MCF7 cells,,,
GABPA,ACAA1,lung,GABPA IP - A549 cells,,,
USF1,ACAA1,leukocytes,"USF1 IP - K562 cells, USF1 IP - GM12878 cells",,,
GATA2,ACAA1,hspcs,GATA2 IP,,,
SOX2,ACAA1,stemcells,SOX2 IP,,,
H9,ACAA1,leukocytes,"STAT5B IP | H9, Rep 2",,,
SRF,ACAA1,mammarygland,SRF IP - MCF7 cells,,,
MAFF,ACAA1,liver,MAFF IP - HepG2 cells,,,
TCF12,ACAA1,cns,TCF12 IP - SK-N-SH cells,,,
MXI1,ACAA1,lung,MXI1 IP - IMR cells,,,
JUND,ACAA1,colon,JUND IP - HCT116 cells,,,
E2F1,ACAA1,mammarygland,E2F1 IP,,,
NFYA,ACAA1,uterus,NFYA IP - HeLa cells,,,
TCF3,ACAA1,leukocytes,TCF3 IP - GM12878 cells,,,
TCF12,ACAA1,uterus,TCF12 IP - ECC1 cells,,,
STAT1,ACAA1,uterus,"STAT1 IP | IFNG - HeLa cells, 30 min",,,
IFNG,ACAA1,uterus,"STAT1 IP | IFNG - HeLa cells, 30 min",,,
HEY1,ACAA1,liver,HEY1 IP - HepG2 cells,,,
TP53,ACAA1,lung,"TP53 IP - propapoptic, Rep 1",,,
YY1,ACAA1,colon,YY1 IP - HCT116 cells,,,
FOSL2,ACAA1,mammarygland,FOSL2 IP - MCF7 cells,,,
CEBPB,ACAA1,uterus,CEBPB ChIP-Seq - HeLaS3,,,
ELF1,ACAA1,cns,ELF1 IP - SK-N-SH cells,,,
SRF,ACAA1,liver,SRF IP - HepG2 cells,,,
SP1,ACAA1,lung,SP1 IP - A549 cells,,,
ATF1,ACAA1,leukocytes,ATF1 IP - K562 cells,,,
MAX,ACAA1,stemcells,MAX IP - H1 cells,,,
GTF2B,ACAA1,uterus,GTF2B IP - Rep 2,,,
MYC,ACAA1,uterus,MYC IP - HeLa cells,,,
TEAD4,ACAA1,stemcells,TEAD4 IP - H1 cells,,,
GRHL1,ACAA1,colon,GRHL1 IP ,,,
TBP,ACAA1,liver,TBP IP - HepG2 cells,,,
REST,ACAA1,stemcells,"REST IP - H1 cells, Rep 1",,,
CTCF,ACOX1,leukocytes,"CTCF IP - K562 cells, Rep 14 , CTCF IP - GM2630 cells, Rep 1 , CTCF IP - GM19240 cells, Rep 1 , CTCF IP - HeLa cells, Rep 2 , CTCF IP - MS1 cells, Rep 2 , CTCF IP - GM12878 cells , CTCF IP - GM2610 cells, Rep 3 , CTCF IP - GM19239 cells, Rep 2 , CTCF IP -  CD20+ cells , CTCF IP - GM06986 cells, CTCF IP - GM12891 cells, Rep 2 , CTCF IP - K562 cells, Rep 16 , CTCF IP - F36P cells, Rep 7 , CTCF IP - GM19239 cells, Rep 1 , CTCF IP - GM10847 cells, Rep 2 , CTCF IP - GM12878 cells, Rep 1 , CTCF IP - K562 cells, Rep 15 , CTCF IP - GM19099 cells, Rep 2 , CTCF IP - F36P cells, Rep 19 , CTCF IP - GM12828 cells, CTCF IP - GM2255 cells, Rep 1 , CTCF IP - GM12890 cells, Rep 2 , CTCF IP - GM12891 cells, Rep 1 , CTCF IP - MS1 cells, Rep 4 , CTCF IP - CD14+ cells , CTCF IP - GM12874 cells, Rep 1 , CTCF IP - GM18951 cells, Rep 2 , CTCF IP - K562 cells, CTCF IP - F36P cells, Rep 14 , CTCF ChIP-Seq - GM12878, CTCF IP - GM06990 cells, Rep 2 , CTCF IP - GM18505 cells, Rep 2 , CTCF IP - GM2588 cells, Rep 2 , CTCF IP - GM18486 cells, Rep 1 , CTCF IP - K562 cells, Rep 2 , CTCF IP - GM2610 cells, Rep 1 , CTCF IP - K562 cells, Rep 12 , CTCF IP - GM12892 cells, Rep 1 , CTCF IP - F36P cells, Rep 2 , CTCF IP, CTCF IP - GM2588 cells, Rep 3 , CTCF IP -  DND , CTCF IP - GM12867 cells , CTCF IP - GM12873 cells, Rep 1 , CTCF IP - GM12870 cells , CTCF IP - GM18526 cells, Rep 2 , CTCF IP - GM2630 cells, Rep 3 , CTCF IP - GM12890 cells, Rep 3 , CTCF IP - MS1 cells, Rep 1 , CTCF IP - K562 cells, CTCF IP - K562 cells, CTCF IP - GM18486 cells, Rep 2 , CTCF IP - GM19193 cells, Rep 2 , CTCF IP - GM12154 cells, Rep 2, CTCF IP - GM12892 cells, Rep 2 , CTCF IP - GM12875 cells, Rep 1 , CTCF IP - UT-7 cells, Rep 5 , CTCF IP - GM2588 cells, Rep 1 , CTCF IP - GM07346 cells, CTCF IP - GM12864 cells, Rep 1 , CTCF IP - K562 cells, Rep 13 , CTCF IP - GM12869 cells , CTCF IP - F36P cells, Rep 10 , CTCF IP - GM11831 cells, CTCF IP - UT-7 cells, Rep 6 , CTCF IP - GM11994 cells, Rep 2, CTCF IP - GM11994 cells, Rep 1, CTCF IP - K562 cells, Rep 11 , CTCF IP - GM12871 cells , CTCF IP - GM2255 cells, Rep 2 , CTCF IP - K562 cells , CTCF IP - GM12878 cells, Rep 2 , CTCF IP - GM12872 cells, Rep 1 , CTCF IP - GM12890 cells, Rep 1 , CTCF IP - GM18486 cells, Rep 3 , CTCF IP - MS1 cells, Rep 3 , CTCF IP - GM2630 cells, Rep 2 , CTCF IP - F36P cells, Rep 15 , CTCF IP - KU812 cells, Rep 17 , CTCF IP - UT-7 cells, Rep 3 , CTCF IP - GM19240 cells, Rep 2 , CTCF IP - GM12878 cells, Rep 2 , CTCF IP - KU812 cells, Rep 9 , CTCF IP - GM12866 cells , CTCF IP - UT-7 cells, Rep 4 , CTCF IP - GM19238 cells, Rep 1 , CTCF IP - GM12873 cells, Rep 1 , CTCF IP - GM12868 cells , CTCF IP - GM2610 cells, Rep 2 , CTCF IP - GM12865 cells, Rep 1 , CTCF IP - GM12872 cells, Rep 2 , CTCF IP - GM2255 cells, Rep 3 , CTCF IP - F36P cells, Rep 3 , CTCF IP - GM11881 cells, CTCF IP - GM10847 cells, Rep 1 , CTCF IP - GM12865 cells, Rep 2 , CTCF IP - GM06990 cells, Rep 1 , CTCF IP - GM19238 cells, Rep 2 , CTCF IP - F36P cells, Rep 11 , CTCF IP - GM18526 cells, Rep 1 , CTCF IP - GM19193 cells, Rep 1 ",,,
CTCF,ACOX1,skin,"CTCF IP - AG04449 cells, Rep 1 , CTCF IP - AG10803 cells, Rep 2 , CTCF IP - NHDF cells, Rep 1 , CTCF IP - HFFC cells, Rep 3 , CTCF IP - BJ cells, Rep 2 , CTCF IP - AG04449 cells, Rep 2 , CTCF IP - BJ cells, Rep 1 , CTCF IP - HFFC cells, Rep 1 , CTCF IP - NHDF cells , CTCF IP - NHDF cells, Rep 2 , CTCF IP - GM12878 cells, Rep 2 , CTCF IP - AG10803 cells, Rep 1 ",,,
GATA3,ACOX1,mammarygland,"GATA3 IP - T47D cells, GATA3 IP - MCF7 cells",,,
KLF11,ACOX1,adiposetissue,"KLF11 ChIP-Seq, Rep 1, ROSI (BrAT) | KLF11 ChIP-Seq, Rep 1, ROSI (BrAT) | KLF11 ChIP-Seq, Rep 2, KLF11 ChIP-Seq, Rep 2",,,
E2F1,ACOX1,prostate,"HES6 OE | E2F1 ChIP-Seq - Rep 1, E2F1 ChIP-Seq - Rep 4, HES6 OE + BICALU | E2F1 ChIP-Seq - Rep 1, E2F1 ChIP-Seq - Rep 1, HES6 OE + BICALU | E2F1 ChIP-Seq - Rep 3, BICALU | E2F1 ChIP-Seq - Rep 1, BICALU | E2F1 ChIP-Seq - Rep 2, HES6 OE | E2F1 ChIP-Seq - Rep 3, E2F1 ChIP-Seq - Rep 2",,,
HES6,ACOX1,prostate,"HES6 OE | E2F1 ChIP-Seq - Rep 1, HES6 OE + BICALU | E2F1 ChIP-Seq - Rep 1, HES6 OE + BICALU | E2F1 ChIP-Seq - Rep 3, HES6 OE | E2F1 ChIP-Seq - Rep 3",,,
IRF4,ACOX1,leukocytes,"IRF4 IP, IRF4 IP - GM12878 cells",,,
YY1,ACOX1,stemcells,YY1 IP - H1 cells,,,
CTCF,ACOX1,mammarygland,"CTCF IP - MCF-7 cells Rep 2 , CTCF IP - MCF-7 cells, Rep 1 , CTCF IP - T47D cells, CTCF IP - MCF7 cells, CTCF IP - HMF cells, Rep 2 , CTCF IP - HMEC cells, Rep 1 ",,,
MYB,ACOX1,leukocytes,"MYB IP - Jurkat, Rep 5, MYB IP - Jurkat, Rep 4, MYB IP - Jurkat, Rep 2, MYB IP - Jurkat, Rep 3, MYB IP - Jurkat, Rep 1, MYB IP - MOLT3",,,
RELA,ACOX1,colon,RELA IP ,,,
ARNT,ACOX1,kidney,ARNT IP,,,
CTCF,ACOX1,placenta,"CTCF IP - HVMF cells, Rep 2 ",,,
E2F1,ACOX1,mammarygland,"E2F1 IP - MCF7 cells, E2F1 IP","17053090,",,
USF1,ACOX1,cns,"USF1 IP - SK-N-SH cells, USF1 IP | ATRA - SK-N-SH cells",,,
MYC,ACOX1,mammarygland,"MYC IP - MCF-10A cells, DHT | MYC ChIP-Seq, MYC IP | 4HT - MCF10A cells, MYC IP",,,
GABPA,ACOX1,leukocytes,"GABPA IP - Jurkat, Rep 1, GABPA IP - GM12878 cells, Rep 3 , GABPA IP - GM12878 cells, Rep 5 , GABPA IP - GM12878 cells, Rep 4 , GABPA IP - Jurkat, Rep 2, GABPA IP - GM12878 cells, Rep 2 , GABPA IP - GM12878 cells, GABPA IP - GM12878 cells, Rep 1 , GABPA IP - K562 cells, GABPA IP - HL cells",,,
ELF1,ACOX1,colon,ELF1 IP - HCT116 cells,,,
ETV5,ACOX1,colon,ETV5 IP ,,,
GTF2B,ACOX1,uterus,"GTF2B IP - Rep 2, GTF2B IP - Rep 3, GTF2B IP | RO306",,,
CEBPB,ACOX1,bone,"CEBPB IP, CEBPB IP",,,
RUNX1,ACOX1,leukocytes,"RUNX1 IP, RUNX1 IP",,,
CTCF,ACOX1,lung,"CTCF IP - AG04450 cells, Rep 2 , CTCF IP - HPF cells, Rep 2 , CTCF IP - AG04450 cells, Rep 1 , CTCF IP - A549 cells, Rep 2 , CTCF ChIP-Seq - A549, CTCF IP - IMR cells, CTCF IP | DEX - A549 cells , CTCF IP - SAEC cells, Rep 2 , CTCF IP - A549 cells , CTCF IP - HPF cells, Rep 1 , CTCF IP - SAEC cells, Rep 1 , CTCF IP - NHLF cells ",,,
USF1,ACOX1,leukocytes,"USF1 IP - K562 cells, USF1 IP - GM12878 cells",,,
FOXA1,ACOX1,liver,"FOXA1 IP - HepG2 cells, Rep 1, FOXA1 IP - HepG2 cells, Rep 2",,,
CEBPB,ACOX1,stemcells,"CEBPB IP, CEBPB IP, CEBPB IP, CEBPB IP, CEBPB IP, CEBPB IP",,,
MYC,ACOX1,uterus,MYC IP - HeLa cells,,,
FOXA1,ACOX1,mammarygland,"FOXA1 ChIP-Seq - Rep 2, FOXA1 IP - T47D, 17BE2 | FOXA1 ChIP-Seq - Rep 2, DEX | FOXA1 ChIP-Seq - Rep 1, DHT | FOXA1 ChIP-Seq, FOXA1 IP - T47D cells, 17BE2 | FOXA1 ChIP-Seq - Rep 1, FOXA1 ChIP-Seq - Rep 1, FOXA1 ChIP-Seq - Rep 2, 17BE2 | FOXA1 ChIP-Seq - Rep 2, 17BE2 | FOXA1 ChIP-Seq - Rep 1, DEX | FOXA1 ChIP-Seq - Rep 2",,,
SP1,ACOX1,liver,SP1 IP - HepG2 cells,,,
TCF12,ACOX1,leukocytes,TCF12 IP - GM12878 cells,,,
FOXA2,ACOX1,embryonictissue,"FOXA2 IP - Rep 1, FOXA2 IP - Rep 2",,,
ARNTL,ACOX1,bone,"ARNTL IP, ARNTL IP, ARNTL IP",,,
STAT3,ACOX1,mammarygland,"STAT3 IP | 4HT - MCF10 cells, 36 h, STAT3 IP - MCF10A cells, Rep 1, STAT3 IP - MCF10A cells, Rep 2, STAT3 IP | 4HT - MCF10 cells, 12 h",,,
4HT,ACOX1,mammarygland,"STAT3 IP | 4HT - MCF10 cells, 36 h, FOS IP | 4HT - MCF10A cells, 12 h, STAT3 IP | 4HT - MCF10 cells, 12 h, MYC IP | 4HT - MCF10A cells, E2F4 IP | 4HT - MCF10 cells, FOS IP | 4HT - MCF10A cells, 4 h",,,
CEBPB,ACOX1,leukocytes,"CEBPB IP - Rep 201, CEBPB IP, CEBPB IP | oxLDL  - Rep 206, CEBPB IP, CEBPB IP - HL-60 cells, Rep 1 , CEBPB IP| oxLDL  - Rep 207, CEBPB IP, CEBPB IP - Rep 202, CEBPB IP - K562 cells, CEBPB IP, CEBPB ChIP-Seq - K562, CEBPB IP - Rep 204, CEBPB IP | oxLDL  - Rep 208, CEBPB IP - Rep 203, CEBPB IP | oxLDL  - Rep 205, CEBPB IP - HL-60 cells, Rep 2 ",,,
ARID3A,ACOX1,leukocytes,ARID3A IP - K562 cells,,,
CTCF,ACOX1,colon,"CTCF IP - Caco-2 cells, Rep 1 , CTCF IP - HCT116 cells, Rep 1 , CTCF IP - HCT116 cells, CTCF IP - Caco , CTCF IP - Rep 2 ",,,
FOXP2,ACOX1,cns,"FOXP2 IP - SK cells, FOXP2 IP - PFSK-1 cells",,,
MAZ,ACOX1,leukocytes,"MAZ IP - GM12878 cells, MAZ IP - K562 cells",,,
CEBPB,ACOX1,uterus,CEBPB ChIP-Seq - HeLaS3,,,
REST,ACOX1,stemcells,"REST IP - H1 cells, Rep 1",,,
RELA,ACOX1,leukocytes,"RELA IP | TNF - GM18951 cells, RELA IP | TNF - GM19099 cells, RELA IP | TNF - GM15510 cells, RELA IP | TNF - GM18505 cells, RELA IP | TNF - GM12891 cells, RELA IP | TNF - GM10847 cells, RELA IP | BAY082  - IVD Th1 cells, PIA, RELA IP | TNF - GM19193 cells, RELA IP | TNF - GM12878 cells, RELA IP | TNF - GM12892 cells",,,
TNF,ACOX1,leukocytes,"RELA IP | TNF - GM18951 cells, RELA IP | TNF - GM15510 cells, RELA IP | TNF - GM18505 cells, RELA IP | TNF - GM12891 cells, RELA IP | TNF - GM10847 cells, RELA IP | TNF - GM19193 cells, RELA IP | TNF - GM12878 cells, RELA IP | TNF - GM12892 cells",,,
EGR1,ACOX1,uterus,EGR1 IP - ECC1 cells,,,
CTCF,ACOX1,miscellaneous,"CTCF IP - AG09319 cells, Rep 1 , CTCF IP - AG09319 cells, Rep 2 ",,,
CREB1,ACOX1,prostate,"FOXA1 siRNA | CREB1 ChIP-Seq - Rep 2, CREB1 ChIP-Seq - Rep 1, FOXA1 siRNA | CREB1 ChIP-Seq - Rep 1, CREB1 ChIP-Seq - LNCaP, CREB1 ChIP-Seq - LNCaP-abl, CREB1 ChIP-Seq - Rep 2",,,
FOXA1,ACOX1,prostate,"FOXA1 siRNA | CREB1 ChIP-Seq - Rep 2, AR C562S OE + FOXA1 OE | FOXA1 ChIP-Seq, WT AR OE + FOXA1 OE | FOXA1 ChIP-Seq, FOXA1 KD | GATA2 ChIP-Seq, FOXA1 siRNA | CREB1 ChIP-Seq - Rep 1",,,
CTCF,ACOX1,megakaryocytelineage,"CTCF IP - MEG-01 cells, Rep 6 , CTCF IP - MEG-01 cells, Rep 2 , CTCF IP - MEG-01 cells, Rep 10 , CTCF IP - MEG-01 cells, Rep 4 , CTCF IP - MEG-01 cells, Rep 8 ",,,
STAT2,ACOX1,leukocytes,"STAT2 IP | IFNA1-13 - K562 cells, 30 min",,,
IFNA1,ACOX1,leukocytes,"STAT2 IP | IFNA1-13 - K562 cells, 30 min, MYC IP | IFNA1 - K562 cells, 6 h, IRF1 IP | IFNA1-13 - K562 cells, 6 h, JUN IP | IFNA1-13 - 30 min ",,,
REST,ACOX1,cns,"REST IP - U87 cells, REST IP - PFSK-N-SH cells1 cells, Rep 1, REST IP - SK cells, REST IP - SK-N-SH cells, REST IP - PFSK1 cells, Rep 2",,,
OTX2,ACOX1,stemcells,"OTX2 IP - Rep 4 , OTX2 IP - Rep 10 , OTX2 IP - Rep 9 ",,,
GATA6,ACOX1,stomach,"GATA6 IP - AGS, GATA6 IP - YCC3",,,
CEBPA,ACOX1,leukocytes,CEBPA IP,,,
BICALU,ACOX1,prostate,"HES6 OE + BICALU | E2F1 ChIP-Seq - Rep 1, HES6 OE + BICALU | E2F1 ChIP-Seq - Rep 3, BICALU | E2F1 ChIP-Seq - Rep 1, BICALU | E2F1 ChIP-Seq - Rep 2",,,
ATF3,ACOX1,liver,ATF3 IP - HepG2 cells,,,
CREB1,ACOX1,leukocytes,"CREB1 IP - K562 cells, CREB1 IP - GM12878 cells",,,
SPI1,ACOX1,leukocytes,"SPI1 IP - HL cells, SPI1 IP - U-937 cells, Rep 3 , SPI1 IP, SPI1 IP, ROSI | SPI1 ChIP-Seq, SPI1 IP - U-937 cells, Rep 1 , SPI1 IP - U-937 cells, Rep 5 , SPI1 IP - U-937 cells, Rep 2 , SPI1 IP, SPI1 IP, SPI1 IP - U-937 cells, Rep 6 , SPI1 IP - K562 cells, SPI1 IP, SPI1 IP, SPI1 IP - U-937 cells, Rep 4 , SPI1 IP, SPI1 IP, SPI1 IP",,,
MAX,ACOX1,stemcells,MAX IP - H1 cells,,,
GATA4,ACOX1,stomach,GATA4 IP - AGS,,,
CREB1,ACOX1,liver,"CREB1 IP, CREB1 IP, CREB1 IP - HepG2 cells",,,
ROSI,ACOX1,adiposetissue,"ROSI (BrAT) | KLF11 ChIP-Seq, Rep 1, ROSI (BrAT) | KLF11 ChIP-Seq, Rep 2",,,
TBP,ACOX1,stemcells,TBP IP - H1 cells,,,
ERG,ACOX1,leukocytes,ERG IP - Rep 1,,,
ATF3,ACOX1,colon,"ATF3 IP | CAMPTO, ATF3 IP, ATF3 IP - HCT116 cells",,,
GATA1,ACOX1,hspcs,"GATA1 IP - Rep 2, GATA1 IP - Rep 1, GATA1 IP - Rep 3, GATA1 IP - PBDE cells, Rep 1",,,
ATF2,ACOX1,colon,ATF2 IP ,,,
ETS1,ACOX1,lung,ETS1 IP - A549 cells,,,
MAX,ACOX1,liver,"MAX IP - HepG2 cells, MAX IP - MCF7 cells, MAX IP - HepG2 cells",,,
REST,ACOX1,lung,REST IP - A549 cells,,,
USF2,ACOX1,leukocytes,"USF2 IP - K562 cells, USF2 IP - GM12878 cells",,,
USF1,ACOX1,lung,"USF1 IP - A549 cells, Rep 2, USF1 IP - A549 cells, Rep 1, USF1 IP | DEX - A549 cells",,,
GABPA,ACOX1,lung,GABPA IP - A549 cells,,,
CUX1,ACOX1,leukocytes,CUX1 IP - K562 cells,,,
ERG,ACOX1,prostate,"DMSO | ERG ChIP-Seq - Rep 2, JQI | ERG ChIP-Seq - Rep 1, DMSO | ERG ChIP-Seq - Rep 1, JQI | ERG ChIP-Seq - Rep 2, ERG ChIP-Seq, DHT | ERG ChIP-Seq - 18 h, DHT | ERG ChIP-Seq - 2 h",,,
CTCF,ACOX1,bone,CTCF IP - Osteoblasts ,,,
E2F6,ACOX1,stemcells,E2F6 IP - H1 cells,,,
IRF1,ACOX1,leukocytes,"IRF1 IP | IFNG - K562 cells, 30 min, IRF1 IP | IFNG - K562 cells, 6 h, IRF1 IP | IFNA1-13 - K562 cells, 6 h",,,
IFNG,ACOX1,leukocytes,"IRF1 IP | IFNG - K562 cells, 30 min, IRF1 IP | IFNG - K562 cells, 6 h, JUN IP | IFNG - K562 cells, 30 min, MYC IP | IFNG - K562 cells, 6 h, STAT1 IP - Rep 5, STAT1 IP - Rep 4, STAT1 IP - Rep 3, JUN IP | IFNG - K562 cells, 6 h, STAT1 IP - Rep 1, STAT1 IP - Rep 2, MYC IP | IFNG - K562 cells, 30 min",,,
GABPA,ACOX1,prostate,"GABPA IP - Rep 1, GABPA IP | R1881, GABPA IP - Rep 2",,,
GTF2F1,ACOX1,uterus,GTF2F1 IP - HeLa cells,,,
MYC,ACOX1,bone,"MYC IP, MYC IP, MYC IP",,,
AR,ACOX1,prostate,"AR C562S OE + FOXA1 OE | FOXA1 ChIP-Seq, WT AR OE + FOXA1 OE | FOXA1 ChIP-Seq",,,
ATF3,ACOX1,leukocytes,"ATF3 IP - GM12878 cells, ATF3 IP - K562 cells",,,
FOXA1,ACOX1,pancreas,"FOXA1 IP | KLF5 KO, FOXA1 IP, FOXA1 IP",,,
KLF5,ACOX1,pancreas,"FOXA1 IP | KLF5 KO, KLF5 IP, ELF3 IP | KLF5 KO",,,
ZBTB7A,ACOX1,leukocytes,ZBTB7A IP - SK-N-SH cells,,,
ARID3A,ACOX1,liver,ARID3A IP - HepG2 cells,,,
JQ1,ACOX1,prostate,"JQI | ERG ChIP-Seq - Rep 1, JQI | ERG ChIP-Seq - Rep 2",,,
MAX,ACOX1,uterus,"MAX IP - HeLa cells, Rep 2, MAX IP - HeLa cells, Rep 1, MAX IP - ECC1 cells",,,
SRF,ACOX1,stemcells,"SRF IP - Rep 6 , SRF IP - Rep 7 ",,,
ELF1,ACOX1,mammarygland,ELF1 IP - MCF7 cells,,,
PBX3,ACOX1,leukocytes,PBX3 IP - GM12878 cells,,,
ATF3,ACOX1,stemcells,ATF3 IP - H1 cells,,,
JUN,ACOX1,leukocytes,"JUN IP | IFNG - K562 cells, 30 min, JUN IP - K562 cells, Rep 1, JUN IP - K562 cells, Rep 2, JUN IP | IFNG - K562 cells, 6 h, JUN IP | IFNA1-13 - 30 min ",,,
YY1,ACOX1,lung,YY1 IP - A549 cells,,,
FOS,ACOX1,leukocytes,FOS IP - K562 cells,,,
CEBPB,ACOX1,liver,"CEBPB ChIP-Seq - HepG2, CEBPB IP | FORSK - HepG2 cells, CEBPB IP - HepG2 cells",,,
EBF1,ACOX1,leukocytes,EBF1 IP - GM12878 cells,,,
CTCF,ACOX1,cns,"CTCF IP - spinal cord astrocyte cells, Rep 1 , CTCF IP - cerebellar astrocyte cells, Rep 2 , CTCF IP - spinal cord astrocyte cells, Rep 2 , CTCF IP - SK-N-SH cells, Rep 2 , CTCF IP - HCPEpiC cells, Rep 2 , CTCF IP - BE(2)-C cells, Rep 1 , CTCF IP - SK-N-SH cells , CTCF IP - SK-N-SH cells, Rep 1 , CTCF IP - HCPEpiC cells, Rep 1 , CTCF IP - SK cells",,,
PAX5,ACOX1,leukocytes,"PAX5 IP - GM12878 cells, Rep 1, PAX5 IP - GM12878 cells, Rep 2, PAX5 IP - GM12892 cells",,,
CREB1,ACOX1,colon,CREB1 IP ,,,
FOSL2,ACOX1,mammarygland,FOSL2 IP - MCF7 cells,,,
FOXM1,ACOX1,mammarygland,"FOXM1 IP - DS005, FOXM1 IP | THSP - DS006",,,
YY1,ACOX1,leukocytes,"YY1 IP - GM12878 cells, YY1 IP - GM12891 cells, YY1 IP - K562 cells, Rep 1, YY1 IP - GM12892 cells, Rep 1, YY1 IP - K562 cells, Rep 2",,,
MYC,ACOX1,leukocytes,"MYC IP - NB4 cells, MYC IP | IFNG - K562 cells, 6 h, MYC IP | IFNA1 - K562 cells, 6 h, MYC IP | IFNG - K562 cells, 30 min, MYC IP - K562 cells, Rep 1",,,
STAT5A,ACOX1,leukocytes,"STAT5A IP - GM12878 cells, STAT5A IP - K562 cells",,,
CTCF,ACOX1,vasculature,"CTCF IP - HUVEC cells, Rep 1 , CTCF IP - HPAF cells, Rep 2 , CTCF IP - HUVEC cells, Rep 2 , CTCF IP - HPAF cells, Rep 1 , CTCF IP - AoAFC cells, Rep 1 , CTCF IP - HBMEC cells, Rep 1 ",,,
CEBPB,ACOX1,lung,"CEBPB IP - A549 cells, CEBPB ChIP-Seq - A549, CEBPB ChIP-Seq - IMR90",,,
SRF,ACOX1,leukocytes,SRF IP - SK-N-SH cells,,,
SP1,ACOX1,stemcells,SP1 IP - H1 cells,,,
JUND,ACOX1,cns,"JUND IP - SK-N-SH cells, JUND IP - SK-N-SH cells ",,,
REST,ACOX1,pancreas,"REST IP - Panc1 cells, Rep 3, REST IP - PANC1 cells, Rep 1",,,
MYC,ACOX1,liver,MYC IP,,,
SIX2,ACOX1,kidney,"SIX2 IP - 17 weeks, Rep 2, SIX2 IP - 17 weeks, Rep 1",,,
CTCF,ACOX1,sensory,"CTCF IP - HRPEpiC cells, Rep 2 , CTCF IP - WERI , CTCF IP - WERI-Rb-1- cells, Rep 1 ",,,
DHT,ACOX1,mammarygland,"DHT | MYC ChIP-Seq, DHT | FOXA1 ChIP-Seq",,,
MAZ,ACOX1,uterus,MAZ IP - HeLa cells,,,
E2F6,ACOX1,leukocytes,"E2F6 IP - K562 cells, E2F6 IP - K562 cells",,,
TBP,ACOX1,liver,TBP IP - HepG2 cells,,,
ELF1,ACOX1,leukocytes,"ELF1 IP - SK-N-SH cells, ELF1 IP - SK-N-SH cells",,,
GABPA,ACOX1,cns,GABPA IP - SK-N-SH cells,,,
YY1,ACOX1,cns,"YY1 IP - SK-N-SH cells, YY1 IP | ATRA - SK-N-SH cells",,,
CTCF,ACOX1,stemcells,"CTCF IP - Rep 4 , CTCF IP - H1 cells, CTCF IP - Rep 6 , CTCF IP - Rep 1 , CTCF IP - H1 cells ",,,
MAX,ACOX1,leukocytes,"MAX IP - NB4 cells, MAX IP - K562 cells, Rep 2, MAX IP - K562 cells, Rep 1, MAX IP - GM12878 cells, MAX IP - K562 cells",,,
ROSI,ACOX1,leukocytes,ROSI | SPI1 ChIP-Seq,,,
BHLHE40,ACOX1,leukocytes,"BHLHE40 IP - K562 cells, BHLHE40 IP - GM12878 cells",,,
TCF3,ACOX1,leukocytes,TCF3 IP - GM12878 cells,,,
JUND,ACOX1,mammarygland,"JUND IP - T47D cells, JUND IP - MCF7 cells",,,
KLF5,ACOX1,stomach,KLF5 IP - KATOIII,,,
FORSK,ACOX1,liver,CEBPB IP | FORSK - HepG2 cells,,,
SP1,ACOX1,colon,SP1 IP - HCT116 cells,,,
CTCF,ACOX1,hspcs,"CTCF IP - HEL 92.1.7 cells, Rep 2 , CTCF IP - Erythroid cells, Rep 1, CTCF IP - HEL 92.1.7 cells, Rep 11 , CTCF IP - HEL 92.1.7 cells, Rep 14 ",,,
17BE2,ACOX1,mammarygland,"17BE2 | FOXA1 ChIP-Seq - Rep 2, 17BE2 | FOXA1 ChIP-Seq - Rep 1, 17BE2 | FOXA1 ChIP-Seq - Rep 2, 17BE2 | FOXA1 ChIP-Seq - Rep 1",,,
STAT3,ACOX1,leukocytes,"STAT3 IP - OCI-LY10, STAT3 IP - U-2932, STAT3 IP - SU-DHL-6",,,
TCF7L2,ACOX1,pancreas,TCF7L2 IP,,,
TEAD4,ACOX1,cns,TEAD4 IP - SK-N-SH cells,,,
GABPA,ACOX1,liver,"GABPA IP, GABPA IP - MCF7 cells, GABPA IP, GABPA IP - HepG2 cells, GABPA IP",,,
GATA2,ACOX1,leukocytes,"GATA2 IP - K562 cells, GATA2 IP - K562 cells",,,
TCF12,ACOX1,lung,TCF12 IP - A549 cells,,,
BACH1,ACOX1,stemcells,BACH1 IP - H1 cells,,,
HEY1,ACOX1,leukocytes,HEY1 IP - K562 cells,,,
MAZ,ACOX1,liver,MAZ IP - HepG2 cells,,,
HOXA6,ACOX1,colon,HOXA6 IP ,,,
MTA3,ACOX1,leukocytes,MTA3 IP - GM12878 cells,,,
REST,ACOX1,leukocytes,"REST IP - GM12878 cells, Rep 16 , REST IP - HL60 cells, REST IP - K562 cells, REST IP - GM12878 cells, Rep 14 ",,,
MAX,ACOX1,lung,"MAX IP - A549 cells, MAX IP - A549 cells",,,
HEY1,ACOX1,liver,HEY1 IP - HepG2 cells,,,
GATA1,ACOX1,leukocytes,"GATA1 ChIP-Seq - K562, GATA1 ChIP-Seq - SC266",,,
REST,ACOX1,colon,REST IP - HCT116 cells,,,
MYBL2,ACOX1,liver,MYBL2 IP - HepG2 cells,,,
JUN,ACOX1,liver,JUN IP - HepG2 cells,,,
CTCF,ACOX1,esophagus,"CTCF IP - HEEpiC cells, Rep 1 ",,,
BCL3,ACOX1,leukocytes,BCL3 IP - GM12878 cells,,,
ZNF384,ACOX1,leukocytes,ZNF384 IP - K562 cells,,,
CTCF,ACOX1,uterus,"CTCF IP - HeLa cells, Rep 1 ",,,
MXI1,ACOX1,lung,MXI1 IP - IMR cells,,,
RELA,ACOX1,adiposetissue,"RELA IP, RELA IP",,,
TBP,ACOX1,uterus,TBP IP - HeLa cells,,,
ELF3,ACOX1,pancreas,"ELF3 IP, ELF3 IP, ELF3 IP | KLF5 KO",,,
TP53,ACOX1,lung,"TP53 IP - propapoptic, Rep 1",,,
HNF1B,ACOX1,pancreas,HNF1B IP,,,
NFATC1,ACOX1,leukocytes,NFATC1 IP - GM12878 cells,,,
CTCF,ACOX1,pancreas,CTCF IP,,,
GATA2,ACOX1,vasculature,GATA2 IP - HUVEC cells,,,
TAL1,ACOX1,leukocytes,"TAL1 IP - MOLT3, TAL1 IP - K562 cells",,,
SIX5,ACOX1,lung,SIX5 IP | DEX - A549 cells,,,
ELF1,ACOX1,liver,ELF1 IP - HepG2 cells,,,
FOSL1,ACOX1,colon,FOSL1 IP - HCT116 cells,,,
JUN,ACOX1,colon,JUN IP ,,,
STAT1,ACOX1,uterus,"STAT1 IP | IFNG - HeLa cells, 30 min",,,
IFNG,ACOX1,uterus,"STAT1 IP | IFNG - HeLa cells, 30 min",,,
NFKB1,ACOX1,leukocytes,NFKB1 IP - Rep 2,,,
CTCF,ACOX1,liver,"CTCF IP - HepG2 cells , CTCF IP, CTCF IP - HepG2 cells, Rep 2 , CTCF IP - HepG2 cells, Rep 1 , CTCF IP - SK-N-SH cells",,,
TCF7L2,ACOX1,uterus,TCF7L2 IP - HeLa cells,,,
TEAD4,ACOX1,uterus,TEAD4 IP - ECC1 cells,,,
TP53,ACOX1,mammarygland,"TP53 IP, TP53 IP | NUTL3 - MCF-7",,,
DEX,ACOX1,mammarygland,"DEX | FOXA1 ChIP-Seq - Rep 1, DEX | FOXA1 ChIP-Seq - Rep 2",,,
FOXH1,ACOX1,embryonictissue,FOXH1 IP - endoderm,,,
SP1,ACOX1,leukocytes,SP1 IP - GM12878 cells,,,
UBTF,ACOX1,leukocytes,UBTF IP - K562 cells,,,
NFYB,ACOX1,uterus,NFYB IP - HeLa cells,,,
NFYB,ACOX1,leukocytes,"NFYB IP - GM12878 cells, NFYB IP - K562 cells",,,
CTCF,ACOX1,kidney,"CTCF IP - HEK293 cells, Rep 1 , CTCF IP - HRE cells, Rep 1 , CTCF IP - HRE cells, Rep 2 ",,,
CTCF,ACOX1,heart,"CTCF IP - HCF cells , CTCF IP - myocytes cells, Rep 1 ",,,
SRF,ACOX1,colon,SRF IP - HCT116 cells,,,
CREB1,ACOX1,uterus,CREB1 IP - ECC1 cells,,,
STAT1,ACOX1,leukocytes,"STAT1 IP - Rep 5, STAT1 IP - Rep 4, STAT1 IP - Rep 3, STAT1 IP - Rep 1, STAT1 IP - Rep 2",,,
R1881,ACOX1,prostate,GABPA IP | R1881,,,
GTF2B,ACOX1,leukocytes,GTF2B IP - K562 cells,,,
MAX,ACOX1,vasculature,MAX IP - HUVEC cells,,,
ZEB1,ACOX1,liver,ZEB1 IP - HepG2 cells,,,
TAL1,ACOX1,colon,TAL1 IP ,,,
JUND,ACOX1,stemcells,"JUND IP - H1 cells, JUND IP - H1 cells",,,
GATA2,ACOX1,prostate,FOXA1 KD | GATA2 ChIP-Seq,,,
POU2F2,ACOX1,leukocytes,POU2F2 IP - GM12878 cells,,,
JUNB,ACOX1,colon,JUNB IP ,,,
DEX,ACOX1,lung,"CTCF IP | DEX - A549 cells , CREB1 IP | DEX - A549 cells, USF1 IP | DEX - A549 cells",,,
IRF1,ACOX1,colon,IRF1 IP ,,,
JUND,ACOX1,lung,JUND IP - A549 cells,,,
JUND,ACOX1,leukocytes,JUND IP - K562 cells,,,
USF2,ACOX1,uterus,USF2 IP - HeLa cells,,,
ELK4,ACOX1,uterus,ELK4 IP - HeLa cells,,,
MYC,ACOX1,lung,MYC IP - A549 cells,,,
GLI2,ACOX1,colon,GLI2 IP ,,,
CREB1,ACOX1,stemcells,CREB1 IP - H1 cells,,,
SMAD4,ACOX1,embryonictissue,SMAD4 IP - endoderm,,,
ETS1,ACOX1,leukocytes,"ETS1 IP, ETS1 IP - GM12878 cells",,,
ATF1,ACOX1,leukocytes,ATF1 IP - K562 cells,,,
FOSL1,ACOX1,leukocytes,FOSL1 IP - K562 cells,,,
NFYA,ACOX1,colon,NFYA IP ,,,
RUNX1,ACOX1,hspcs,RUNX1,,,
ATF2,ACOX1,leukocytes,ATF2 IP - GM12878 cells,,,
MAX,ACOX1,cns,MAX IP - SK-N-SH cells,,,
FOXA2,ACOX1,stemcells,FOXA2 IP - ES D5,,,
MAFK,ACOX1,leukocytes,"MAFK IP - K562 cells, MAFK IP - GM12878 cells",,,
MAFK,ACOX1,uterus,MAFK IP - HeLa cells,,,
TBP,ACOX1,leukocytes,"TBP IP - K562 cells, TBP IP - GM12878 cells",,,
CEBPB,ACOX1,colon,"CEBPB IP - HCT116 cells, CEBPB IP | 125DVD3",,,
GATA2,ACOX1,hspcs,GATA2 IP,,,
ELF1,ACOX1,lung,ELF1 IP - A549 cells,,,
FOXM1,ACOX1,leukocytes,FOXM1 IP - GM12878 cells,,,
JUND,ACOX1,liver,"JUND IP - HepG2 cells, JUND IP - HepG2 cells",,,
JUND,ACOX1,vasculature,JUND IP,,,
GABPA,ACOX1,uterus,GABPA IP - HeLa cells,,,
TEAD4,ACOX1,colon,TEAD4 IP - HCT116 cells,,,
JUND,ACOX1,colon,JUND IP - HCT116 cells,,,
HMGN3,ACOX1,leukocytes,HMGN3 IP - K562 cells,,,
JUN,ACOX1,vasculature,"JUN IP, JUN IP - HUVEC cells",,,
ZNF143,ACOX1,colon,ZNF143 IP ,,,
EGR1,ACOX1,colon,EGR1 IP - HCT116 cells,,,
GATA3,ACOX1,cns,GATA3 IP - SK-N-SH cells,,,
SRF,ACOX1,mammarygland,SRF IP - MCF7 cells,,,
TP53,ACOX1,bone,TP53 IP | TP53EE/RR OE,,,
FOS,ACOX1,mammarygland,"FOS IP | 4HT - MCF10A cells, 12 h, FOS IP | 4HT - MCF10A cells, 4 h",,,
YY1,ACOX1,liver,YY1 IP - HepG2 cells,,,
CEBPB,ACOX1,mammarygland,CEBPB IP - MCF7 cells,,,
HIF1A,ACOX1,bone,"HIF1A IP, HIF1A IP",,,
BAY082,ACOX1,leukocytes,"RELA IP | BAY082  - IVD Th1 cells, PIA",,,
YY1,ACOX1,colon,YY1 IP - HCT116 cells,,,
SP2,ACOX1,liver,SP2 IP - HepG2 cells,,,
MXI1,ACOX1,liver,MXI1 IP - HepG2 cells,,,
E2F6,ACOX1,lung,E2F6 IP - A549 cells,,,
RBPJ,ACOX1,leukocytes,"RBPJ IP | COMPE - wash, RBPJ IP | COMPE",,,
COMPE,ACOX1,leukocytes,"RBPJ IP | COMPE - wash, RBPJ IP | COMPE",,,
GTF2F1,ACOX1,leukocytes,GTF2F1 IP - K562 cells,,,
RO306,ACOX1,uterus,GTF2B IP | RO306,,,
USF2,ACOX1,liver,USF2 IP - HepG2 cells,,,
BHLHE40,ACOX1,liver,BHLHE40 IP - HepG2 cells,,,
TEAD4,ACOX1,leukocytes,TEAD4 IP - K562 cells,,,
MXI1,ACOX1,uterus,MXI1 IP - HeLa cells,,,
ELK1,ACOX1,uterus,ELK1 IP - HeLa cells,,,
ZBTB7A,ACOX1,liver,ZBTB7A IP - HepG2 cells,,,
SP1,ACOX1,lung,SP1 IP - A549 cells,,,
BCL3,ACOX1,lung,BCL3 IP - A549 cells,,,
FOSL2,ACOX1,lung,FOSL2 IP - A549 cells,,,
CREB1,ACOX1,lung,CREB1 IP | DEX - A549 cells,,,
TFAP4,ACOX1,leukocytes,"TFAP4 IP - Rep 1, TFAP4 IP - Rep 2",,,
TCF7L2,ACOX1,mammarygland,TCF7L2 ChIP-Seq,,,
MAZ,ACOX1,lung,MAZ IP - IMR cells,,,
USF1,ACOX1,uterus,USF1 IP - ECC1 cells,,,
TEAD4,ACOX1,liver,TEAD4 IP - HepG2 cells,,,
USF1,ACOX1,liver,USF1 IP - HepG2 cells,,,
FOSL2,ACOX1,liver,FOSL2 IP - HepG2 cells,,,
FOXM1,ACOX1,cns,FOXM1 IP - SK-N-SH cells,,,
BHLHE40,ACOX1,lung,BHLHE40 IP - A549 cells,,,
MXI1,ACOX1,cns,MXI1 IP - SK-N-SH cells ,,,
EGR1,ACOX1,liver,EGR1 IP - MCF7 cells,,,
MAX,ACOX1,colon,MAX IP - HCT116 cells,,,
MXI1,ACOX1,leukocytes,MXI1 IP - GM12878 cells,,,
USF1,ACOX1,colon,USF1 IP - HCT116 cells,,,
ZNF143,ACOX1,leukocytes,ZNF143 IP - GM12878 cells,,,
FOXA2,ACOX1,liver,FOXA2 IP - HepG2 cells,"19822575,",,
E2F4,ACOX1,mammarygland,E2F4 IP | 4HT - MCF10 cells,,,
SOX2,ACOX1,stemcells,SOX2 IP,,,
USF2,ACOX1,stemcells,USF2 IP - H1 cells,,,
YY1,ACOX1,uterus,YY1 IP - ECC1 cells,,,
PBX3,ACOX1,cns,PBX3 IP - SK-N-SH cells,,,
REST,ACOX1,liver,"REST IP - HepG2 cells, Rep 2, REST IP - HepG2 cells, Rep 1",,,
DHT,ACOX1,prostate,"DHT | ERG ChIP-Seq - 18 h, DHT | ERG ChIP-Seq - 2 h",,,
E2F3,ACOX1,colon,E2F3 IP ,,,
125DVD3,ACOX1,colon,CEBPB IP | 125DVD3,,,
EGR1,ACOX1,leukocytes,EGR1 IP - K562 cells,,,
ELF1,ACOX1,cns,ELF1 IP - SK-N-SH cells,,,
TCF12,ACOX1,cns,TCF12 IP - SK-N-SH cells,,,
FOXP1,ACOX1,colon,FOXP1 IP ,,,
ATRA,ACOX1,cns,"YY1 IP | ATRA - SK-N-SH cells, USF1 IP | ATRA - SK-N-SH cells",,,
TCF12,ACOX1,uterus,TCF12 IP - ECC1 cells,,,
HOXA4,ACOX1,colon,HOXA4 IP ,,,
FOS,ACOX1,vasculature,FOS IP - HUVEC cells,,,
E2F4,ACOX1,leukocytes,E2F4 IP - K562 cells,,,
PBX3,ACOX1,lung,PBX3 IP - A549 cells,,,
USF1,ACOX1,stemcells,USF1 IP - H1 cells,,,
CTCF,ACOX1,adiposetissue,CTCF ChIP-Seq - d 9,,,
MEF2A,ACOX1,leukocytes,MEF2A IP - K562 cells,,,
ZBTB7A,ACOX1,uterus,ZBTB7A IP - ECC1 cells,,,
TCF12,ACOX1,liver,TCF12 IP - HepG2 cells,,,
NFYA,ACOX1,leukocytes,NFYA IP - K562 cells,,,
TP63,ACSL1,skin,"TP63 IP, TP63 IP | BANF1 KD, TP63 IP, TP63 IP",,,
CTCF,ACSL1,cns,"CTCF IP - SK cells, CTCF IP - SK-N-SH cells ",,,
JUND,ACSL1,cns,JUND IP - SK-N-SH cells,,,
ELF1,ACSL1,leukocytes,ELF1 IP - SK-N-SH cells,,,
ATF3,ACSL1,leukocytes,ATF3 IP - K562 cells,,,
GATA1,ACSL1,leukocytes,GATA1 ChIP-Seq - SC266,,,
CTCF,ACSL1,leukocytes,"CTCF IP - GM18526 cells, Rep 1 , CTCF IP - K562 cells, Rep 13 , CTCF IP - GM11994 cells, Rep 2, CTCF IP - GM19193 cells, Rep 1 , CTCF IP - GM19193 cells, Rep 2 , CTCF IP - K562 cells, Rep 12 , CTCF IP - GM12892 cells, Rep 2 , CTCF IP -  DND , CTCF IP - GM18486 cells, Rep 3 , CTCF IP - GM11831 cells, CTCF IP - GM06990 cells, Rep 2 , CTCF IP - GM12878 cells, Rep 2 , CTCF IP - GM12871 cells , CTCF IP - F36P cells, Rep 15 , CTCF IP - GM2588 cells, Rep 1 , CTCF IP - K562 cells, CTCF IP - GM12890 cells, Rep 1 , CTCF IP - GM19238 cells, Rep 1 , CTCF IP - GM12890 cells, Rep 2 , CTCF IP - GM2255 cells, Rep 1 , CTCF IP - K562 cells, Rep 11 , CTCF IP - GM19240 cells, Rep 2 , CTCF IP - GM12878 cells, Rep 2 , CTCF IP - GM2610 cells, Rep 2 , CTCF IP - GM2255 cells, Rep 3 , CTCF IP - KU812 cells, Rep 9 , CTCF IP - GM12865 cells, Rep 2 , CTCF IP - GM10847 cells, Rep 1 , CTCF IP - GM19238 cells, Rep 2 , CTCF IP - GM2630 cells, Rep 3 , CTCF IP - F36P cells, Rep 7 , CTCF IP - K562 cells, Rep 16 , CTCF IP - GM12890 cells, Rep 3 , CTCF IP - MS1 cells, Rep 1 , CTCF IP - GM12814 cells, Rep 1, CTCF IP - GM2630 cells, Rep 1 , CTCF IP - GM19240 cells, Rep 1 , CTCF IP - F36P cells, Rep 3 , CTCF IP - F36P cells, Rep 11 , CTCF IP - GM2610 cells, Rep 3 , CTCF IP - MS1 cells, Rep 2 , CTCF IP - GM19239 cells, Rep 2 , CTCF IP - GM12873 cells, Rep 1 , CTCF IP - F36P cells, Rep 19 , CTCF IP - GM18505 cells, Rep 1 , CTCF IP - GM12865 cells, Rep 1 , CTCF IP - GM12891 cells, Rep 2 , CTCF IP - K562 cells, Rep 14 , CTCF IP - GM19239 cells, Rep 1 , CTCF IP - GM12878 cells, Rep 1 , CTCF IP - GM19099 cells, Rep 1 , CTCF IP - GM19099 cells, Rep 2 , CTCF IP - GM2588 cells, Rep 2 , CTCF IP - GM2630 cells, Rep 2 , CTCF IP - MS1 cells, Rep 3 , CTCF IP - GM12891 cells, Rep 1 , CTCF IP - MS1 cells, Rep 4 , CTCF IP - GM2255 cells, Rep 2 , CTCF IP - K562 cells, Rep 15 , CTCF IP - GM18505 cells, Rep 2 , CTCF IP -  CD20+ cells , CTCF ChIP-Seq - GM12878, CTCF IP - K562 cells, CTCF IP - GM18486 cells, Rep 1 , CTCF IP, CTCF IP - GM12892 cells, Rep 1 , CTCF IP - GM18951 cells, Rep 2 , CTCF IP - GM2610 cells, Rep 1 , CTCF IP - GM2588 cells, Rep 3 , CTCF IP - GM18526 cells, Rep 2 ",,,
FOXM1,ACSL1,leukocytes,FOXM1 IP - GM12878 cells,,,
SP1,ACSL1,leukocytes,SP1 IP - GM12878 cells,,,
BHLHE40,ACSL1,leukocytes,BHLHE40 IP - GM12878 cells,,,
BATF,ACSL1,leukocytes,BATF IP - GM12878 cells,,,
REST,ACSL1,cns,"REST IP - PFSK-N-SH cells1 cells, Rep 1, REST IP - PFSK1 cells, Rep 2, REST IP - SK-N-SH cells, REST IP - U87 cells, REST IP - SK cells",,,
REST,ACSL1,uterus,"REST IP - SK-N-SH cells, REST IP - ECC1 cells",,,
MEF2C,ACSL1,leukocytes,MEF2C IP - GM12878 cells,,,
RUNX1,ACSL1,leukocytes,"RUNX1 IP, RUNX1 IP - Rep 1, SPI1 IP | RUNX1 KD, RUNX1 IP - Rep 2, CEBPA IP | RUNX1 KD, RUNX1 IP, RUNX1 IP - N terminus 1, RUNX1 IP - N terminus 2",,,
RELA,ACSL1,leukocytes,"RELA IP | TNF - GM18951 cells, RELA IP | TNF - GM18505 cells, RELA IP | TNF - GM10847 cells, RELA IP | TNF - GM12891 cells, RELA IP | TNF - GM12892 cells, RELA IP | TNF - GM19099 cells, RELA IP | TNF - GM15510 cells, RELA IP | TNF - GM12878 cells, RELA IP | TNF - GM19193 cells",,,
TNF,ACSL1,leukocytes,"RELA IP | TNF - GM18951 cells, RELA IP | TNF - GM18505 cells, RELA IP | TNF - GM10847 cells, RELA IP | TNF - GM12891 cells, RELA IP | TNF - GM12892 cells, RELA IP | TNF - GM15510 cells, RELA IP | TNF - GM12878 cells, RELA IP | TNF - GM19193 cells",,,
YY1,ACSL1,leukocytes,"YY1 IP - GM12892 cells, Rep 1, YY1 IP - GM12878 cells, YY1 IP - K562 cells, Rep 2, YY1 IP - K562 cells, Rep 1, YY1 IP - GM12891 cells",,,
TCF3,ACSL1,leukocytes,TCF3 IP - GM12878 cells,,,
TP53,ACSL1,bone,"TP53 IP, TP53 IP - Rep 2, TP53 IP | NUTL3 - SJSA-1, TP53 IP | TP53EE/RR OE",,,
CEBPB,ACSL1,leukocytes,"CEBPB IP | oxLDL  - Rep 208, CEBPB IP - Rep 203, CEBPB IP | oxLDL  - Rep 205, CEBPB IP, CEBPB IP, CEBPB IP - HL-60 cells, Rep 2 , CEBPB IP - Rep 201, CEBPB IP, CEBPB IP, CEBPB IP | oxLDL  - Rep 206, CEBPB IP - HL-60 cells, Rep 1 , CEBPB IP| oxLDL  - Rep 207, CEBPB IP, CEBPB IP - K562 cells, CEBPB ChIP-Seq - K562, CEBPB IP, CEBPB IP - Rep 204, CEBPB IP, CEBPB IP - GM12878 cells",,,
USF2,ACSL1,liver,USF2 IP - HepG2 cells,,,
CEBPB,ACSL1,stemcells,"CEBPB IP, CEBPB IP, CEBPB IP, CEBPB IP, CEBPB IP, CEBPB IP, CEBPB IP, CEBPB IP",,,
TCF12,ACSL1,cns,TCF12 IP - SK-N-SH cells,,,
CTCF,ACSL1,skeletalmuscle,"CTCF IP - HSMM cells, Rep 2 , CTCF IP - HSMM cells, Rep 1 ",,,
GATA4,ACSL1,stemcells,"GATA4 IP - Rep 9 , GATA4 IP - Rep 10 , GATA4 IP - Rep 11 , GATA4 IP - Rep 8 ",,,
MYC,ACSL1,mammarygland,"MYC IP | 4HT - MCF10A cells, MYC IP - MCF-10A cells, DHT | MYC ChIP-Seq",,,
4HT,ACSL1,mammarygland,"MYC IP | 4HT - MCF10A cells, STAT3 IP | 4HT - MCF10 cells, 12 h, FOS IP | 4HT - MCF10A cells, 12 h, FOS IP | 4HT - MCF10A cells, 4 h, STAT3 IP | 4HT - MCF10 cells, 36 h, FOS IP | 4HT - MCF10A cells, 36 h",,,
ETV5,ACSL1,colon,ETV5 IP ,,,
CTCF,ACSL1,erythroidlineage,"CTCF IP - Erythroid cells, Rep 1, CTCF IP - HEL 92.1.7 cells, Rep 11 , CTCF IP - Erythroid cells, Rep 2",,,
MAX,ACSL1,uterus,"MAX IP - ECC1 cells, MAX IP - HeLa cells, Rep 1",,,
SOX2,ACSL1,stemcells,"SOX2 IP - Rep 3 , SOX2 IP - Rep 2, SOX2 IP",,,
HEY1,ACSL1,liver,HEY1 IP - HepG2 cells,,,
SPI1,ACSL1,leukocytes,"ROSI | SPI1 ChIP-Seq, SPI1 IP, SPI1 IP - GM12878 cells, SPI1 IP, SPI1 IP | RUNX1 KD, SPI1 IP, SPI1 IP, SPI1 IP, SPI1 IP, SPI1 IP - K562 cells, SPI1 IP - HL cells, SPI1 IP, SPI1 IP, SPI1 IP - HL-60 cells, Rep 4 , SPI1 IP - GM12878 cells, Rep 1 , SPI1 IP - GM12891 cells, SPI1 IP - GM12878 cells, Rep 2 , SPI1 IP - U-937 cells, Rep 4 , SPI1 IP - GM12878 cells, Rep 3 , SPI1 IP, SPI1 IP - GM12878 cells, Rep 4 , SPI1 IP",,,
ROSI,ACSL1,leukocytes,ROSI | SPI1 ChIP-Seq,,,
TEAD4,ACSL1,colon,TEAD4 IP - HCT116 cells,,,
SRF,ACSL1,stemcells,"SRF IP - Rep 7 , SRF IP - Rep 6 ",,,
RELA,ACSL1,adiposetissue,"RELA IP, RELA IP, RELA IP",,,
MXI1,ACSL1,lung,MXI1 IP - IMR cells,,,
ZBTB7A,ACSL1,leukocytes,ZBTB7A IP - SK-N-SH cells,,,
FOXA1,ACSL1,prostate,"FOXA1 KD | FOXA1 ChIP-Seq, FOXA1 ChIP-Seq - LNCaP-abl, CON KD + R1881 | FOXA1 ChIP-Seq, FOXA1 KD | GATA2 ChIP-Seq, FOXA1 siRNA | CREB1 ChIP-Seq - Rep 2, FOXA1 ChIP-Seq, PIAS1 + R1881 | FOXA1 ChIP-Seq - Rep 2, PIAS1 + R1881 | FOXA1 ChIP-Seq - Rep 1, FOXA1 ChIP-Seq, FOXA1 + FBS | GATA2 ChIP-Seq, CREB1 siRNA | FOXA1 ChIP-Seq - Rep 2, CON KD  | FOXA1 ChIP-Seq, EtOH | FOXA1 ChIP-Seq - Rep 2, R1881 | FOXA1 ChIP-Seq - Rep 1, FOXA1 ChIP-Seq, CON KD | FOXA1 ChIP-Seq, FOXA1 ChIP-Seq - Rep 1, CON KD + R1881 | FOXA1 ChIP-Seq - Rep 1, FOXA1 ChIP-Seq - Rep 2, CREB1 siRNA | FOXA1 ChIP-Seq - Rep 1, CON KD | FOXA1 ChIP-Seq, DHT | FOXA1 ChIP-Seq, FOXA1 ChIP-Seq, GATA2 KD  | FOXA1 ChIP-Seq, FOXA1 ChIP-Seq, FOXA1 ChIP-Seq - Rep 2, EtOH | FOXA1 ChIP-Seq - , DHT | FOXA1 ChIP-Seq, R1881 | FOXA1 ChIP-Seq - Rep 2, FOXA1 siRNA | CREB1 ChIP-Seq - Rep 1, GATA2 KD + R1881 | FOXA1 ChIP-Seq, FOXA1 ChIP-Seq, FOXA1 KD | FOXA1 ChIP-Seq, CON KD | FOXA1 ChIP-Seq, CON KD + R1881 | FOXA1 ChIP-Seq - Rep 2",,,
FOS,ACSL1,mammarygland,"FOS IP - MCF10A cells, FOS IP | 4HT - MCF10A cells, 12 h, FOS IP | 4HT - MCF10A cells, 4 h, FOS IP | 4HT - MCF10A cells, 36 h",,,
TCF12,ACSL1,uterus,TCF12 IP - ECC1 cells,,,
E2F3,ACSL1,colon,E2F3 IP ,,,
FOSL2,ACSL1,cns,FOSL2 IP - SK-N-SH cells,,,
ELF1,ACSL1,liver,ELF1 IP - HepG2 cells,,,
MAFF,ACSL1,liver,MAFF IP - HepG2 cells,,,
FOXA1,ACSL1,liver,"FOXA1 IP - HepG2 cells, Rep 1, FOXA1 IP - HepG2 cells, Rep 2",,,
FOXA1,ACSL1,mammarygland,"DEX | FOXA1 ChIP-Seq - Rep 1, FOXA1 ChIP-Seq - Rep 2, DHT | FOXA1 ChIP-Seq, DEX | FOXA1 ChIP-Seq - Rep 2, 17BE2 | FOXA1 ChIP-Seq - Rep 1, 17BE2 | FOXA1 ChIP-Seq - Rep 2, FOXA1 ChIP-Seq - Rep 1, FOXA1 IP - T47D cells",,,
DEX,ACSL1,mammarygland,"DEX | FOXA1 ChIP-Seq - Rep 1, JUN IP | DEX, DEX | FOXA1 ChIP-Seq - Rep 2",,,
CEBPB,ACSL1,lung,"CEBPB ChIP-Seq - A549, CEBPB ChIP-Seq - IMR90, CEBPB IP - A549 cells",,,
TCF7L2,ACSL1,hspcs,"TCF7L2 IP - Rep 2, TCF7L2 IP - Rep 1",,,
R1881,ACSL1,prostate,"CON KD + R1881 | FOXA1 ChIP-Seq, PIAS1 + R1881 | FOXA1 ChIP-Seq - Rep 2, PIAS1 + R1881 | FOXA1 ChIP-Seq - Rep 1, R1881 | FOXA1 ChIP-Seq - Rep 1, CON KD + R1881 | FOXA1 ChIP-Seq - Rep 1, CON KD + R1881 | GATA2 ChIP-Seq, R1881 | FOXA1 ChIP-Seq - Rep 2, GATA2 KD + R1881 | FOXA1 ChIP-Seq, CON KD + R1881 | FOXA1 ChIP-Seq - Rep 2",,,
ERG,ACSL1,prostate,ERG ChIP-Seq,,,
FOXA2,ACSL1,stemcells,"FOXA2 IP - ES D7, FOXA2 IP - Rep 1 , FOXA2 IP - ES D2, FOXA2 IP - ES D10, FOXA2 IP - ES D5, FOXA2 IP - Rep 5 ",,,
CTCF,ACSL1,placenta,"CTCF IP - HVMF cells, Rep 1 ",,,
FOXA2,ACSL1,liver,FOXA2 IP - HepG2 cells,"19822575,",,
STAT3,ACSL1,mammarygland,"STAT3 IP | 4HT - MCF10 cells, 12 h, STAT3 IP | 4HT - MCF10 cells, 36 h, STAT3 IP - MCF10A cells, Rep 2, STAT3 IP - MCF10A cells, Rep 1",,,
MAZ,ACSL1,lung,MAZ IP - IMR cells,,,
GABPA,ACSL1,leukocytes,"GABPA IP - Jurkat, Rep 1, GABPA IP - HL cells",,,
MAX,ACSL1,leukocytes,"MAX IP - K562 cells, Rep 2, MAX IP - GM12878 cells, MAX IP - NB4 cells, MAX IP - K562 cells",,,
NFKB2,ACSL1,leukocytes,"NFKB2 IP - Rep 1, NFKB2 IP - Rep 2",,,
MAX,ACSL1,lung,MAX IP - A549 cells,,,
MYC,ACSL1,leukocytes,"MYC IP - K562 cells, Rep 2, MYC IP - K562 cells, Rep 1, MYC IP - NB4 cells, MYC IP | IFNG - K562 cells, 30 min",,,
MAX,ACSL1,liver,"MAX IP - MCF7 cells, MAX IP - HepG2 cells, MAX IP - HepG2 cells",,,
CREB1,ACSL1,lung,CREB1 IP | DEX - A549 cells,,,
DEX,ACSL1,lung,"CREB1 IP | DEX - A549 cells, FOXA1 IP | DEX - A549 cells, USF1 IP | DEX - A549 cells",,,
CEBPB,ACSL1,colon,"CEBPB IP | 125DVD3, CEBPB IP, CEBPB IP - HCT116 cells",,,
125DVD3,ACSL1,colon,CEBPB IP | 125DVD3,,,
REST,ACSL1,liver,"REST IP - HepG2 cells, Rep 2, REST IP - HepG2 cells, Rep 1",,,
CTCF,ACSL1,liver,"CTCF IP, CTCF IP - SK-N-SH cells",,,
CEBPE,ACSL1,leukocytes,"CEBPE IP - HL-60 cells, Rep 3 ",,,
FOXA1,ACSL1,lung,"FOXA1 IP - A549 cells, FOXA1 IP | DEX - A549 cells",,,
MAFK,ACSL1,leukocytes,MAFK IP - K562 cells,,,
KLF5,ACSL1,pancreas,"KLF5 IP, FOXA1 IP | KLF5 KO, ELF3 IP | KLF5 KO",,,
JUN,ACSL1,mammarygland,"JUN IP | DEX, JUN IP - Rep 1, JUN IP, JUN IP - Rep 2, JUN IP | CPDA",,,
MAFK,ACSL1,uterus,MAFK IP - HeLa cells,,,
BANF1,ACSL1,skin,TP63 IP | BANF1 KD,,,
CUX1,ACSL1,leukocytes,CUX1 IP - K562 cells,,,
MAZ,ACSL1,leukocytes,"MAZ IP - K562 cells, MAZ IP - GM12878 cells",,,
GATA2,ACSL1,prostate,"FOXA1 KD | GATA2 ChIP-Seq, GATA2 ChIP-Seq, FOXA1 + FBS | GATA2 ChIP-Seq, CON KD | GATA2 ChIP-Seq, GATA2 ChIP-Seq - Rep 2, CON KD + R1881 | GATA2 ChIP-Seq, GATA2 KD  | FOXA1 ChIP-Seq, GATA2 KD + R1881 | FOXA1 ChIP-Seq, CON KD  | GATA2 ChIP-Seq, GATA2 ChIP-Seq - Rep 1, CON KD + FBS | GATA2 ChIP-Seq",,,
CREB1,ACSL1,prostate,"FOXA1 siRNA | CREB1 ChIP-Seq - Rep 2, CREB1 siRNA | FOXA1 ChIP-Seq - Rep 2, CREB1 siRNA | FOXA1 ChIP-Seq - Rep 1, FOXA1 siRNA | CREB1 ChIP-Seq - Rep 1, CREB1 ChIP-Seq - LNCaP, CREB1 ChIP-Seq - LNCaP-abl",,,
EGR1,ACSL1,colon,EGR1 IP - HCT116 cells,,,
GATA3,ACSL1,cns,GATA3 IP - SK-N-SH cells,,,
ELF3,ACSL1,pancreas,"ELF3 IP, ELF3 IP | KLF5 KO, ELF3 IP",,,
JUND,ACSL1,leukocytes,"JUND IP - GM12878 cells, Rep 2, JUND IP - GM12878 cells, Rep 1 , JUND IP - K562 cells",,,
MYB,ACSL1,leukocytes,"MYB IP - Jurkat, Rep 5, MYB IP - MOLT3, MYB IP - Jurkat, Rep 4, MYB IP - Jurkat, Rep 2, MYB IP - Jurkat, Rep 1",,,
FOXA1,ACSL1,pancreas,"FOXA1 IP | KLF5 KO, FOXA1 IP, FOXA1 IP",,,
PIAS1,ACSL1,prostate,"PIAS1 + R1881 | FOXA1 ChIP-Seq - Rep 2, PIAS1 + R1881 | FOXA1 ChIP-Seq - Rep 1",,,
TBP,ACSL1,uterus,TBP IP - HeLa cells,,,
JUND,ACSL1,liver,"JUND IP - HepG2 cells, JUND IP - HepG2 cells",,,
GATA2,ACSL1,vasculature,GATA2 IP - HUVEC cells,,,
GATA2,ACSL1,leukocytes,GATA2 IP - K562 cells,,,
LYL1,ACSL1,leukocytes,"LYL1 IP - Kasumi-1, LYL1 IP - HL-60",,,
CREB1,ACSL1,liver,"CREB1 IP - HepG2 cells, CREB1 IP, CREB1 IP, CREB1 IP",,,
JUN,ACSL1,leukocytes,"JUN IP - K562 cells, Rep 2, JUN IP | IFNG - K562 cells, 6 h, JUN IP | IFNA1-13 - 30 min , JUN IP | IFNG - K562 cells, 30 min, JUN IP - K562 cells, Rep 1",,,
SP1,ACSL1,stemcells,SP1 IP - H1 cells,,,
E2F6,ACSL1,leukocytes,"E2F6 IP - K562 cells, E2F6 IP - K562 cells",,,
CTCF,ACSL1,kidney,"CTCF IP - RPTEC cells, Rep 2 , CTCF IP - RPTEC cells, Rep 1 ",,,
NFYA,ACSL1,colon,NFYA IP ,,,
CTCF,ACSL1,hspcs,"CTCF IP - HSPCs, Rep 1",,,
HOXA6,ACSL1,colon,HOXA6 IP ,,,
CEBPA,ACSL1,leukocytes,"CEBPA IP - U-937 cells, Rep 2 , CEBPA IP - U-937 cells, Rep 1 , CEBPA IP, CEBPA IP | RUNX1 KD",,,
GATA3,ACSL1,mammarygland,"GATA3 IP - MCF7 cells, GATA3 IP - T47D cells",,,
GATA2,ACSL1,cns,GATA2 ChIP-Seq SH-SY5Y,,,
CTCF,ACSL1,skin,"CTCF IP - NHDF cells, Rep 2 ",,,
E2F6,ACSL1,stemcells,E2F6 IP - H1 cells,,,
STAT1,ACSL1,leukocytes,"STAT1 IP - Rep 5, STAT1 IP - Rep 1, STAT1 IP - Rep 4, STAT1 IP - Rep 2, STAT1 IP - Rep 3",,,
IFNG,ACSL1,leukocytes,"STAT1 IP - Rep 5, JUN IP | IFNG - K562 cells, 6 h, IRF1 IP - Rep 1, STAT1 IP - Rep 1, STAT1 IP - Rep 4, IRF1 IP - Rep 3, STAT1 IP - Rep 2, STAT1 IP - Rep 3, JUN IP | IFNG - K562 cells, 30 min, MYC IP | IFNG - K562 cells, 30 min",,,
MAZ,ACSL1,uterus,MAZ IP - HeLa cells,,,
REST,ACSL1,leukocytes,"REST IP - HL60 cells, REST IP - K562 cells, REST IP - Jurkat cells, Rep 11 , REST IP - GM12878 cells, Rep 9 ",,,
CEBPB,ACSL1,uterus,CEBPB ChIP-Seq - HeLaS3,,,
CREB1,ACSL1,leukocytes,CREB1 IP - GM12878 cells,,,
NANOG,ACSL1,stemcells,"NANOG IP - Rep 8 , NANOG IP - Rep 4 , NANOG IP - H1 cells, NANOG IP - Rep 6 , NANOG IP - Rep 5 , NANOG IP - Rep 2 , NANOG IP - Rep 2, NANOG IP - Rep 9 , NANOG IP - Rep 1",,,
PAX5,ACSL1,leukocytes,"PAX5 IP - GM12891 cells, PAX5 IP - GM12878 cells, Rep 2, PAX5 IP - GM12892 cells, PAX5 IP - GM12878 cells, Rep 1",,,
SRF,ACSL1,leukocytes,"SRF IP - SK-N-SH cells, SRF IP - GM12878 cells, Rep 2",,,
USF1,ACSL1,stemcells,USF1 IP - H1 cells,,,
SIX2,ACSL1,kidney,"SIX2 IP - 17 weeks, Rep 1",,,
GLI2,ACSL1,colon,GLI2 IP ,,,
EBF1,ACSL1,leukocytes,"EBF1 IP - GM12878 cells, EBF1 IP - GM12878 cells",,,
CTCF,ACSL1,mammarygland,"CTCF IP - HMEC cells, Rep 1 ",,,
SP1,ACSL1,colon,SP1 IP - HCT116 cells,,,
TEAD4,ACSL1,liver,TEAD4 IP - HepG2 cells,,,
TCF7L2,ACSL1,uterus,TCF7L2 IP - HeLa cells,,,
HOXA4,ACSL1,colon,HOXA4 IP ,,,
RELA,ACSL1,lung,"RELA IP | DEX + TNF - Rep 2, RELA IP | DEX + TNF - Rep 1",,,
DEX; TNF,ACSL1,lung,"RELA IP | DEX + TNF - Rep 2, RELA IP | DEX + TNF - Rep 1",,,
SMAD1,ACSL1,hspcs,"SMAD1 IP - Rep 2, SMAD1 IP - Rep 3",,,
KLF11,ACSL1,adiposetissue,"ROSI (BrAT) | KLF11 ChIP-Seq, Rep 1, KLF11 ChIP-Seq, Rep 1, ROSI (BrAT) | KLF11 ChIP-Seq, Rep 2, KLF11 ChIP-Seq, Rep 2",,,
ROSI,ACSL1,adiposetissue,"ROSI (BrAT) | KLF11 ChIP-Seq, Rep 1, ROSI (BrAT) | KLF11 ChIP-Seq, Rep 2",,,
FOSL2,ACSL1,lung,FOSL2 IP - A549 cells,,,
EGR1,ACSL1,liver,EGR1 IP - MCF7 cells,,,
SREBF1,ACSL1,liver,SREBF1 IP | INS + 22RHC - HepG2 cells,,,
22RHC; INS,ACSL1,liver,SREBF1 IP | INS + 22RHC - HepG2 cells,,,
JUND,ACSL1,colon,JUND IP - HCT116 cells,,,
IRF1,ACSL1,leukocytes,"IRF1 IP - Rep 1, IRF1 IP - Rep 3",,,
POU5F1,ACSL1,stemcells,"POU5F1 IP - Rep 1 , POU5F1 IP",,,
FOXP1,ACSL1,prostate,DHT | FOXP1 ChIP-Seq,,,
DHT,ACSL1,prostate,"DHT | FOXP1 ChIP-Seq, DHT | RUNX1 ChIP-Seq, DHT | FOXA1 ChIP-Seq, DHT | FOXA1 ChIP-Seq",,,
CEBPB,ACSL1,liver,"CEBPB ChIP-Seq - HepG2, CEBPB IP | FORSK - HepG2 cells, CEBPB IP - HepG2 cells",,,
FOSL2,ACSL1,liver,FOSL2 IP - HepG2 cells,,,
BCL3,ACSL1,leukocytes,BCL3 IP - GM12878 cells,,,
GATA6,ACSL1,stomach,"GATA6 IP - AGS, GATA6 IP - YCC3",,,
GATA1,ACSL1,hspcs,GATA1 IP - Rep 1,,,
FOXH1,ACSL1,embryonictissue,FOXH1 IP - endoderm,,,
STAT5A,ACSL1,leukocytes,"STAT5A IP - K562 cells, STAT5A IP - GM12878 cells",,,
CTCF,ACSL1,sensory,"CTCF IP - WERI-Rb-1- cells, Rep 1 , CTCF IP - HRPEpiC cells, Rep 1 , CTCF IP - HRPEpiC cells, Rep 2 ",,,
MAX,ACSL1,stemcells,MAX IP - H1 cells,,,
TAL1,ACSL1,leukocytes,"TAL1 IP - MOLT3, TAL1 IP - K562 cells",,,
RELA,ACSL1,colon,RELA IP ,,,
MTA3,ACSL1,leukocytes,MTA3 IP - GM12878 cells,,,
OTX2,ACSL1,stemcells,"OTX2 IP - Rep 10 , OTX2 IP - Rep 2 ",,,
ZNF263,ACSL1,kidney,ZNF263 IP - HEK293 cells,,,
ATF2,ACSL1,colon,ATF2 IP ,,,
JUN,ACSL1,vasculature,"JUN IP, JUN IP - HUVEC cells",,,
RUNX1,ACSL1,prostate,DHT | RUNX1 ChIP-Seq,,,
ZEB1,ACSL1,liver,ZEB1 IP - HepG2 cells,,,
E2F1,ACSL1,prostate,HES6 OE | E2F1 ChIP-Seq - Rep 1,,,
HES6,ACSL1,prostate,HES6 OE | E2F1 ChIP-Seq - Rep 1,,,
JUN,ACSL1,liver,JUN IP - HepG2 cells,,,
TBP,ACSL1,leukocytes,"TBP IP - GM12878 cells, TBP IP - K562 cells",,,
TAL1,ACSL1,colon,TAL1 IP ,,,
CEBPB,ACSL1,mammarygland,CEBPB IP - MCF7 cells,,,
FOSL1,ACSL1,colon,FOSL1 IP - HCT116 cells,,,
MEF2A,ACSL1,leukocytes,"MEF2A IP - GM12878 cells, MEF2A IP - K562 cells",,,
MXI1,ACSL1,liver,MXI1 IP - HepG2 cells,,,
JUND,ACSL1,vasculature,JUND IP,,,
EGR1,ACSL1,leukocytes,EGR1 IP - K562 cells,,,
USF1,ACSL1,liver,USF1 IP - HepG2 cells,,,
ARID3A,ACSL1,liver,ARID3A IP - HepG2 cells,,,
ZEB1,ACSL1,leukocytes,ZEB1 IP - GM12878 cells,,,
REST,ACSL1,mammarygland,REST IP - MCF7 cells,,,
MAFK,ACSL1,liver,"MAFK IP - HepG2 cells, Rep 2, MAFK IP - HepG2 cells, Rep 1",,,
GTF2B,ACSL1,uterus,GTF2B IP - Rep 2,,,
FOS,ACSL1,vasculature,FOS IP - HUVEC cells,,,
SP1,ACSL1,liver,SP1 IP - HepG2 cells,,,
CTCF,ACSL1,vasculature,"CTCF IP - HUVEC cells, Rep 1 , CTCF IP - HPAF cells, Rep 1 ",,,
CTCF,ACSL1,adiposetissue,"CTCF ChIP-Seq - d 9, CTCF ChIP-Seq - d -2, CTCF ChIP-Seq - d 0",,,
PBX3,ACSL1,cns,PBX3 IP - SK-N-SH cells,,,
MAX,ACSL1,colon,MAX IP - HCT116 cells,,,
TBP,ACSL1,liver,TBP IP - HepG2 cells,,,
FORSK,ACSL1,liver,CEBPB IP | FORSK - HepG2 cells,,,
KLF5,ACSL1,stomach,KLF5 IP - KATOIII,,,
NFATC1,ACSL1,leukocytes,NFATC1 IP - GM12878 cells,,,
FOSL1,ACSL1,mammarygland,FOSL1 IP,,,
HEY1,ACSL1,leukocytes,HEY1 IP - K562 cells,,,
TEAD1,ACSL1,cns,TEAD1 IP - Rep 1,,,
GATA3,ACSL1,leukocytes,GATA3 IP,,,
USF1,ACSL1,uterus,USF1 IP - ECC1 cells,,,
SRF,ACSL1,colon,SRF IP - HCT116 cells,,,
MXI1,ACSL1,cns,MXI1 IP - SK-N-SH cells ,,,
IFNA1,ACSL1,leukocytes,JUN IP | IFNA1-13 - 30 min ,,,
RUNX1,ACSL1,hspcs,RUNX1,,,
DHT,ACSL1,mammarygland,"DHT | FOXA1 ChIP-Seq, DHT | MYC ChIP-Seq",,,
BCL11A,ACSL1,leukocytes,BCL11A IP - GM12878 cells,,,
USF1,ACSL1,colon,USF1 IP - HCT116 cells,,,
EGR1,ACSL1,uterus,EGR1 IP - ECC1 cells,,,
YY1,ACSL1,stemcells,YY1 IP - H1 cells,,,
CTCF,ACSL1,megakaryocytelineage,"CTCF IP - MEG-01 cells, Rep 6 , CTCF IP - MEG-01 cells, Rep 2 , CTCF IP - MEG-01 cells, Rep 4 , CTCF IP - MEG-01 cells, Rep 10 ",,,
TCF7L2,ACSL1,mammarygland,TCF7L2 ChIP-Seq,,,
MYBL2,ACSL1,liver,MYBL2 IP - HepG2 cells,,,
FOSL2,ACSL1,mammarygland,FOSL2 IP - MCF7 cells,,,
TFAP4,ACSL1,leukocytes,"TFAP4 IP - Rep 1, TFAP4 IP - Rep 2",,,
ATF2,ACSL1,leukocytes,ATF2 IP - GM12878 cells,,,
ATF3,ACSL1,liver,ATF3 IP - HepG2 cells,,,
ATF1,ACSL1,leukocytes,ATF1 IP - K562 cells,,,
JUN,ACSL1,colon,JUN IP ,,,
MXI1,ACSL1,leukocytes,MXI1 IP - GM12878 cells,,,
E2F1,ACSL1,uterus,"E2F1 IP - HeLa cells, Rep 2",,,
USF1,ACSL1,lung,USF1 IP | DEX - A549 cells,,,
FOXA1,ACSL1,stemcells,FOXA1 IP - Rep 5 ,,,
FOXA2,ACSL1,embryonictissue,FOXA2 IP - Rep 1,,,
FOXA2,ACSL1,lung,FOXA2 IP - A549 cells,,,
ARID3A,ACSL1,leukocytes,ARID3A IP - K562 cells,,,
17BE2,ACSL1,mammarygland,"17BE2 | FOXA1 ChIP-Seq - Rep 1, 17BE2 | FOXA1 ChIP-Seq - Rep 2",,,
TP73,ACSL1,bone,"TP73 IP - alpha isoform, Rep 1",,,
FOXA1,ACSL1,uterus,FOXA1 IP - ECC1 cells,,,
IRF4,ACSL1,leukocytes,"IRF4 IP, IRF4 IP - GM12878 cells",,,
JUND,ACSL1,uterus,JUND IP - HeLa cells,,,
STAT3,ACSL1,uterus,STAT3 IP - HeLa cells,,,
TEAD4,ACSL1,stemcells,TEAD4 IP - H1 cells,,,
GATA6,ACSL1,stemcells,"GATA6 IP - Rep 7 , GATA6 IP - Rep 1 ",,,
IRF1,ACSL1,colon,IRF1 IP ,,,
TP63,ACSL1,thyroidgland,TP63 IP - TT MTC,,,
UBTF,ACSL1,leukocytes,"UBTF IP - K562 cells, UBTF IP - K562 cells",,,
CTCF,ACSL1,pancreas,CTCF IP,,,
PBX3,ACSL1,leukocytes,PBX3 IP - GM12878 cells,,,
ATF2,ACSL1,stemcells,ATF2 IP - H1 cells,,,
ATF3,ACSL1,colon,ATF3 IP | CAMPTO,,,
POU2F2,ACSL1,leukocytes,POU2F2 IP - GM12878 cells,,,
ETS1,ACSL1,leukocytes,ETS1 IP,,,
CTCF,ACSL1,lung,CTCF IP - IMR cells,,,
NFKB1,ACSL1,leukocytes,"NFKB1 IP - Rep 2, NFKB1 IP - Rep 1",,,
TEAD4,ACSL1,uterus,TEAD4 IP - ECC1 cells,,,
MEF2B,ACSL1,kidney,MEF2B IP | MEF2B OE - Rep 2,,,
TEAD4,ACSL1,leukocytes,TEAD4 IP - K562 cells,,,
USF1,ACSL1,leukocytes,USF1 IP - GM12878 cells,,,
SP1,ACSL1,lung,SP1 IP - A549 cells,,,
JUN,ACSL1,uterus,JUN IP - HeLa cells,,,
GATA1,ACSL1,erythroidlineage,"GATA1 IP - PBDE cells, Rep 1",,,
GTF2F1,ACSL1,uterus,GTF2F1 IP - HeLa cells,,,
GATA4,ACSL1,stomach,GATA4 IP - AGS,,,
CTCF,ACSL1,stemcells,CTCF IP - H1 cells,,,
BARX1,ACSL1,colon,BARX1 IP - Rep 1 ,,,
REST,ACSL1,stemcells,"REST IP - H1 cells, Rep 2",,,
BACH1,ACSL1,stemcells,BACH1 IP - H1 cells,,,
MAX,ACSL1,cns,MAX IP - SK-N-SH cells,,,
IKZF1,ACSL1,leukocytes,IKZF1 IP - GM12878 cells,,,
TBP,ACSL1,stemcells,TBP IP - H1 cells,,,
GATA2,ACSL1,hspcs,GATA2 IP,,,
ZBTB7A,ACSL1,uterus,ZBTB7A IP - ECC1 cells,,,
TCF12,ACSL1,leukocytes,TCF12 IP - GM12878 cells,,,
ZNF384,ACSL1,leukocytes,ZNF384 IP - GM12878 cells,,,
BHLHE40,ACSL1,liver,BHLHE40 IP - HepG2 cells,,,
IRF1,ACSL1,pancreas,IRF1 IP,,,
HMGN3,ACSL1,leukocytes,HMGN3 IP - K562 cells,,,
TCF12,ACSL1,lung,TCF12 IP - A549 cells,,,
RUNX1T1,ACSL1,leukocytes,RUNX1T1 IP,,,
FLI1,ACSL1,hspcs,FLI1 IP,,,
CPDA,ACSL1,mammarygland,JUN IP | CPDA,,,
CTCF,ELOVL1,lung,"CTCF IP - NHLF cells , CTCF IP - A549 cells, Rep 2 , CTCF ChIP-Seq - A549, CTCF IP - A549 cells, CTCF IP - IMR cells, CTCF IP | DEX - A549 cells, CTCF IP - A549 cells , CTCF IP - SAEC cells, Rep 2 , CTCF IP - NHLF cells , CTCF IP - SAEC cells, Rep 1 , CTCF IP | DEX - A549 cells , CTCF IP - HPF cells, Rep 1 , CTCF IP - A549 cells, Rep 1 , CTCF IP - AG04450 cells, Rep 2 , CTCF IP - HPF cells, Rep 2 , CTCF IP - AG04450 cells, Rep 1 ",,,
REST,ELOVL1,lung,REST IP - A549 cells,,,
FOXA1,ELOVL1,prostate,"CREB1 siRNA | FOXA1 ChIP-Seq - Rep 1, WT AR OE | FOXA1 ChIP-Seq, DHT | FOXA1 ChIP-Seq, CON KD | FOXA1 ChIP-Seq, FOXA1 siRNA | CREB1 ChIP-Seq - Rep 1, CON KD | FOXA1 ChIP-Seq, FOXA1 ChIP-Seq, CREB1 siRNA | FOXA1 ChIP-Seq - Rep 2, FOXA1 siRNA | CREB1 ChIP-Seq - Rep 2",,,
CREB1,ELOVL1,prostate,"CREB1 siRNA | FOXA1 ChIP-Seq - Rep 1, CREB1 ChIP-Seq - Rep 1, FOXA1 siRNA | CREB1 ChIP-Seq - Rep 1, CREB1 ChIP-Seq - LNCaP, CREB1 ChIP-Seq - Rep 2, CREB1 siRNA | FOXA1 ChIP-Seq - Rep 2, CREB1 ChIP-Seq - LNCaP-abl, FOXA1 siRNA | CREB1 ChIP-Seq - Rep 2",,,
NFYA,ELOVL1,leukocytes,"NFYA IP - GM12878 cells, NFYA IP - K562 cells",,,
MAZ,ELOVL1,uterus,MAZ IP - HeLa cells,,,
CTCF,ELOVL1,leukocytes,"CTCF ChIP-Seq - GM12878, CTCF IP - GM2610 cells, Rep 2 , CTCF IP - GM12489 cells, Rep 1, CTCF IP - F36P cells, Rep 14 , CTCF IP - GM19240 cells, Rep 2 , CTCF IP - GM12874 cells, Rep 1 , CTCF IP - GM06990 cells, Rep 2 , CTCF IP - GM12878 cells, Rep 2 , CTCF IP - F36P cells, Rep 13 , CTCF IP - GM10847 cells, Rep 1 , CTCF IP - GM12234 cells, CTCF IP - K562 cells, CTCF IP - K562 cells, Rep 2 , CTCF IP - GM19238 cells, Rep 2 , CTCF IP - K562 cells , CTCF IP - GM12871 cells , CTCF IP - GM19193 cells, Rep 1 , CTCF IP - GM12870 cells , CTCF IP - GM12867 cells , CTCF IP, CTCF IP - HL , CTCF IP - GM12872 cells, Rep 3 , CTCF IP - GM12864 cells, Rep 2 , CTCF IP - K562 cells, Rep 13 , CTCF IP - GM12749 cells, Rep 1, CTCF IP - GM2255 cells, Rep 3 , CTCF IP - GM07346 cells, CTCF IP -  DND , CTCF IP - CD14+ cells , CTCF IP - GM18526 cells, Rep 1 , CTCF IP - K562 cells, Rep 12 , CTCF IP - F36P cells, Rep 2 , CTCF IP - F36P cells, Rep 15 , CTCF IP - GM12864 cells, Rep 1 , CTCF IP - GM12815 cells, Rep 1, CTCF IP - GM12891 cells, Rep 2 , CTCF IP - GM12875 cells, Rep 1 , CTCF IP - GM2630 cells, Rep 1 , CTCF IP - GM12873 cells, Rep 3 , CTCF IP - GM19240 cells, Rep 1 , CTCF IP - GM12865 cells, Rep 3 , CTCF IP - GM11994 cells, Rep 2, CTCF IP - GM19099 cells, Rep 1 , CTCF IP - GM19099 cells, Rep 2 , CTCF IP - GM12869 cells , CTCF IP - F36P cells, Rep 10 , CTCF IP - GM19239 cells, Rep 2 , CTCF IP - GM12154 cells, Rep 2, CTCF IP - GM18505 cells, Rep 1 , CTCF IP - GM11831 cells, CTCF IP - GM2255 cells, Rep 1 , CTCF IP - F36P cells, Rep 5 , CTCF IP - GM12890 cells, Rep 2 , CTCF IP - GM11992 cells, Rep 1, CTCF IP - GM12878 cells, Rep 2 , CTCF IP - F36P cells, Rep 6 , CTCF IP - GM12872 cells, Rep 1 , CTCF IP - UT-7 cells, Rep 4 , CTCF IP - GM11994 cells, Rep 1, CTCF IP - GM19239 cells, Rep 1 , CTCF IP - GM19238 cells, Rep 1 , CTCF IP - GM12878 cells, Rep 1 , CTCF IP - KU812 cells, Rep 17 , CTCF IP - KU812 cells, Rep 13 , CTCF IP - GM12154 cells, Rep 1, CTCF IP - UT-7 cells, Rep 3 , CTCF IP - GM10847 cells, Rep 2 , CTCF IP - K562 cells, Rep 11 , CTCF IP - GM11811 cells, Rep 2, CTCF IP - KU812 cells, Rep 9 , CTCF IP - GM12866 cells , CTCF IP - GM12891 cells, Rep 1 , CTCF IP - GM12872 cells, Rep 2 , CTCF IP - F36P cells, Rep 1 , CTCF IP - MS1 cells, Rep 4 , CTCF IP - GM2588 cells, Rep 3 , CTCF IP - GM12868 cells , CTCF IP - GM18526 cells, Rep 2 , CTCF IP - GM12865 cells, Rep 1 , CTCF IP - GM18505 cells, Rep 2 , CTCF IP - GM12864 cells, Rep 3 , CTCF IP - GM18951 cells, Rep 2 , CTCF IP - UT-7 cells, Rep 2 , CTCF IP - GM18486 cells, Rep 1 , CTCF IP - GM12873 cells, Rep 1 , CTCF IP - GM11881 cells, CTCF IP - GM12865 cells, Rep 2 , CTCF IP - F36P cells, Rep 3 , CTCF IP - MS1 cells, Rep 1 , CTCF IP - F36P cells, Rep 11 , CTCF IP - K562 cells, Rep 1 , CTCF IP - GM06990 cells, Rep 1 , CTCF IP - GM18951 cells, Rep 1 , CTCF IP - GM2610 cells, Rep 3 , CTCF IP - F36P cells, Rep 7 , CTCF IP - GM2610 cells, Rep 1 , CTCF IP - GM06986 cells, CTCF IP - K562 cells, Rep 16 , CTCF IP - GM12892 cells, Rep 1 , CTCF IP - K562 cells, CTCF IP - GM18486 cells, Rep 2 , CTCF IP - UT-7 cells, Rep 1 , CTCF IP - MS1 cells, Rep 2 , CTCF IP - KU812 cells, Rep 1 , CTCF IP - HL-60 cells, Rep 7 , CTCF IP - GM2630 cells, Rep 3 , CTCF IP - GM12890 cells, Rep 3 , CTCF IP - GM2588 cells, Rep 1 , CTCF IP - HeLa cells, Rep 2 , CTCF IP -  CD20+ cells , CTCF IP - GM12828 cells, CTCF IP - K562 cells, CTCF IP - GM12892 cells, Rep 2 , CTCF IP - F36P cells, Rep 19 , CTCF IP - NB4 cells , CTCF IP - GM12878 cells, Rep 1 , CTCF IP - GM12873 cells, Rep 1 , CTCF IP - GM18486 cells, Rep 3 , CTCF IP - GM19193 cells, Rep 2 , CTCF IP - GM12878 cells , CTCF IP - GM12890 cells, Rep 1 , CTCF IP - GM12814 cells, Rep 1, CTCF IP - K562 cells, Rep 14 , CTCF IP - GM12814 cells, Rep 2, CTCF IP - GM2255 cells, Rep 2 , CTCF IP - K562 cells, Rep 15 , CTCF IP - MS1 cells, Rep 3 , CTCF IP - GM2630 cells, Rep 2 , CTCF IP - GM12874 cells, Rep 2 , CTCF IP - GM2588 cells, Rep 2 , CTCF IP - F36P cells, Rep 18 , CTCF IP - GM12875 cells, Rep 2 , CTCF IP - GM11811 cells, Rep 1, CTCF IP - KU812 cells, Rep 5 ",,,
FOS,ELOVL1,leukocytes,"FOS IP - GM12878 cells, FOS IP - K562 cells",,,
E2F4,ELOVL1,leukocytes,"E2F4 IP - GM12878 cells, E2F4 IP - K562 cells",,,
ETS1,ELOVL1,leukocytes,"ETS1 IP - K562 cells, ETS1 IP - GM12878 cells, ETS1 IP",,,
JUNB,ELOVL1,colon,JUNB IP ,,,
RELA,ELOVL1,leukocytes,"RELA IP | TNF - GM15510 cells, RELA IP | TNF - GM18951 cells, RELA IP | BAY082  - IVD Th1 cells, PIA, RELA IP | TNF - GM12891 cells",,,
TNF,ELOVL1,leukocytes,"RELA IP | TNF - GM15510 cells, RELA IP | TNF - GM18951 cells, RELA IP | TNF - GM12891 cells",,,
YY1,ELOVL1,uterus,YY1 IP - ECC1 cells,,,
CTCF,ELOVL1,megakaryocytelineage,"CTCF IP - MEG-01 cells, Rep 10 , CTCF IP - MEG-01 cells, Rep 4 , CTCF IP - MEG-01 cells, Rep 8 , CTCF IP - MEG-01 cells, Rep 6 , CTCF IP - MEG-01 cells, Rep 2 ",,,
PRDM1,ELOVL1,uterus,PRDM1 IP - HeLa cells,,,
FOXM1,ELOVL1,mammarygland,"FOXM1 IP | THSP - DS018, FOXM1 IP - DS005, FOXM1 IP - DS017, FOXM1 IP | THSP - DS006, FOXM1 IP - DS007, FOXM1 IP | THSP - DS008, FOXM1 IP - MCF7 cells",,,
CTCF,ELOVL1,esophagus,"CTCF IP - HEEpiC cells, Rep 1 , CTCF IP - HEEpiC cells, Rep 2 ",,,
TCF12,ELOVL1,cns,TCF12 IP - SK-N-SH cells,,,
TCF12,ELOVL1,uterus,TCF12 IP - ECC1 cells,,,
CTCF,ELOVL1,colon,"CTCF IP - Rep 2 , CTCF IP - Rep 1 , CTCF IP - HCT116 cells, Rep 1 , CTCF IP - Rep 3 , CTCF IP - Caco , CTCF IP - HCT116 cells, CTCF IP - Caco-2 cells, Rep 1 , CTCF IP - HCT116 cells, Rep 2 ",,,
CTCF,ELOVL1,cns,"CTCF IP - cerebellar astrocyte cells, Rep 2 , CTCF IP - BE(2)-C cells, Rep 1 , CTCF IP - SK cells, CTCF IP - spinal cord astrocyte cells, Rep 2 , CTCF IP - HCPEpiC cells, Rep 1 , CTCF IP - cerebellar astrocyte cells, Rep 1 , CTCF IP - HCPEpiC cells, Rep 2 , CTCF IP - SK-N-SH cells, Rep 2 , CTCF IP - SK-N-SH cells, Rep 1 , CTCF IP - NHA cells , CTCF IP - spinal cord astrocyte cells, Rep 1 , CTCF IP - SK-N-SH cells ",,,
E2F6,ELOVL1,leukocytes,"E2F6 IP - K562 cells, E2F6 IP - K562 cells",,,
GATA2,ELOVL1,prostate,"GATA2 ChIP-Seq - Rep 2, GATA2 ChIP-Seq",,,
STAT3,ELOVL1,stemcells,"STAT3 IP - Rep 1 , STAT3 IP - Rep 2 ",,,
YY1,ELOVL1,colon,YY1 IP - HCT116 cells,,,
E2F6,ELOVL1,uterus,E2F6 IP - HeLa cells,,,
ELF1,ELOVL1,colon,ELF1 IP - HCT116 cells,,,
ZNF263,ELOVL1,kidney,ZNF263 IP - HEK293 cells,,,
TP63,ELOVL1,skin,TP63 IP,,,
GATA4,ELOVL1,stemcells,"GATA4 IP - Rep 8 , GATA4 IP - Rep 9 ",,,
CEBPB,ELOVL1,stemcells,"CEBPB IP, CEBPB IP, CEBPB IP",,,
MAZ,ELOVL1,leukocytes,"MAZ IP - GM12878 cells, MAZ IP - K562 cells",,,
TBP,ELOVL1,liver,TBP IP - HepG2 cells,,,
SP2,ELOVL1,liver,SP2 IP - HepG2 cells,,,
CTCF,ELOVL1,skin,"CTCF IP - AG04449 cells, Rep 2 , CTCF IP - NHEK cells, Rep 2 , CTCF IP - BJ cells, Rep 2 , CTCF IP - AG09309 cells, Rep 1 , CTCF IP - BJ cells, Rep 1 , CTCF IP - NHEK cells , CTCF IP - HFFC cells, Rep 1 , CTCF IP - NHDF cells , CTCF IP - HFFC cells, Rep 3 , CTCF IP - NHDF cells, Rep 1 , CTCF IP - NHDF cells, Rep 2 , CTCF IP - AG10803 cells, Rep 1 , CTCF IP - GM12878 cells, Rep 2 , CTCF IP - HFFC cells, Rep 2 , CTCF IP - AG04449 cells, Rep 1 , CTCF IP - AG10803 cells, Rep 2 ",,,
CTCF,ELOVL1,uterus,"CTCF IP - HeLa cells, Rep 1 , CTCF IP - HeLa cells ",,,
MAX,ELOVL1,uterus,"MAX IP - ECC1 cells, MAX IP - HeLa cells, Rep 1, MAX IP - HeLa cells, Rep 2",,,
IRF1,ELOVL1,leukocytes,"IRF1 IP | IFNG - K562 cells, 30 min, IRF1 IP | IFNG - K562 cells, 6 h, IRF1 IP | IFNA1-13 - K562 cells, 6 h",,,
IFNG,ELOVL1,leukocytes,"IRF1 IP | IFNG - K562 cells, 30 min, IRF1 IP | IFNG - K562 cells, 6 h, MYC IP | IFNG - K562 cells, 30 min, STAT1 IP - Rep 5, STAT1 IP - Rep 3, STAT1 IP - Rep 1, STAT1 IP - Rep 4, STAT1 IP - Rep 2, STAT1 IP - Rep 6, MYC IP | IFNG - K562 cells, 6 h",,,
HOXA4,ELOVL1,colon,HOXA4 IP ,,,
E2F1,ELOVL1,prostate,"BICALU + HES6OE | E2F1 ChIP-Seq - Rep 4, BICALU | E2F1 ChIP-Seq - Rep 4, HES6 OE | E2F1 ChIP-Seq - Rep 2, BICALU | E2F1 ChIP-Seq - Rep 3, HES6 OE | E2F1 ChIP-Seq - Rep 3, E2F1 ChIP-Seq - Rep 2, E2F1 ChIP-Seq - Rep 3, HES6 OE + BICALU | E2F1 ChIP-Seq - Rep 1, HES6 OE | E2F1 ChIP-Seq - Rep 1, E2F1 ChIP-Seq - Rep 4, BICALU + HES6 OE | E2F1 ChIP-Seq - Rep 2, E2F1 ChIP-Seq - Rep 1, HES6 OE + BICALU | E2F1 ChIP-Seq - Rep 3, BICALU | E2F1 ChIP-Seq - Rep 1, BICALU | E2F1 ChIP-Seq - Rep 2",,,
BICALU,ELOVL1,prostate,"BICALU + HES6OE | E2F1 ChIP-Seq - Rep 4, BICALU | E2F1 ChIP-Seq - Rep 4, BICALU | E2F1 ChIP-Seq - Rep 3, HES6 OE + BICALU | E2F1 ChIP-Seq - Rep 1, BICALU + HES6 OE | E2F1 ChIP-Seq - Rep 2, HES6 OE + BICALU | E2F1 ChIP-Seq - Rep 3, BICALU | E2F1 ChIP-Seq - Rep 1, BICALU | E2F1 ChIP-Seq - Rep 2",,,
HES6,ELOVL1,prostate,"BICALU + HES6OE | E2F1 ChIP-Seq - Rep 4, HES6 OE | E2F1 ChIP-Seq - Rep 2, HES6 OE | E2F1 ChIP-Seq - Rep 3, HES6 OE + BICALU | E2F1 ChIP-Seq - Rep 1, HES6 OE | E2F1 ChIP-Seq - Rep 1, BICALU + HES6 OE | E2F1 ChIP-Seq - Rep 2, HES6 OE + BICALU | E2F1 ChIP-Seq - Rep 3",,,
YY1,ELOVL1,leukocytes,"YY1 IP - K562 cells, Rep 2, YY1 IP - GM12878 cells, YY1 IP - GM12892 cells, Rep 1, YY1 IP - K562 cells, Rep 1",,,
POU2F2,ELOVL1,leukocytes,POU2F2 IP - GM12878 cells,,,
CTCF,ELOVL1,mammarygland,"CTCF IP - MCF7 cells, CTCF IP - MCF-7 cells, Rep 1 , CTCF IP - HMF cells, Rep 2 , CTCF IP - HMF cells, Rep 1 , CTCF IP - MCF-7 cells Rep 2 ",,,
HOXA6,ELOVL1,colon,HOXA6 IP ,,,
SP1,ELOVL1,colon,SP1 IP - HCT116 cells,,,
FOS,ELOVL1,mammarygland,"FOS IP | 4HT - MCF10A cells, 12 h, FOS IP - MCF10A cells, FOS IP | 4HT - MCF10A cells, 36 h, FOS IP | 4HT - MCF10A cells, 4 h",,,
4HT,ELOVL1,mammarygland,"FOS IP | 4HT - MCF10A cells, 12 h, FOS IP | 4HT - MCF10A cells, 36 h, STAT3 IP | 4HT - MCF10 cells, 12 h, MYC IP | 4HT - MCF10A cells, FOS IP | 4HT - MCF10A cells, 4 h, E2F4 IP | 4HT - MCF10 cells, STAT3 IP | 4HT - MCF10 cells, 36 h",,,
SMARCC1,ELOVL1,uterus,SMARCC1 IP - HeLa cells,,,
SPI1,ELOVL1,leukocytes,"ROSI | SPI1 ChIP-Seq, SPI1 IP - GM12878 cells, SPI1 IP, SPI1 IP - GM12878 cells, Rep 2 , SPI1 IP, SPI1 IP - K562 cells, SPI1 IP - HL cells, SPI1 IP, SPI1 IP, SPI1 IP - GM12891 cells, SPI1 IP - U-937 cells, Rep 4 , SPI1 IP, SPI1 IP - GM12878 cells, Rep 1 , SPI1 IP - GM12878 cells, Rep 3 , SPI1 IP, SPI1 IP, SPI1 IP - GM12878 cells, Rep 4 , SPI1 IP, SPI1 IP, SPI1 IP",,,
ROSI,ELOVL1,leukocytes,ROSI | SPI1 ChIP-Seq,,,
SRF,ELOVL1,colon,SRF IP - HCT116 cells,,,
KLF11,ELOVL1,adiposetissue,"ROSI (BrAT) | KLF11 ChIP-Seq, Rep 1, KLF11 ChIP-Seq, Rep 1, ROSI (BrAT) | KLF11 ChIP-Seq, Rep 2, KLF11 ChIP-Seq, Rep 2",,,
ROSI,ELOVL1,adiposetissue,"ROSI (BrAT) | KLF11 ChIP-Seq, Rep 1, ROSI (BrAT) | KLF11 ChIP-Seq, Rep 2",,,
E2F6,ELOVL1,stemcells,E2F6 IP - H1 cells,,,
CTCF,ELOVL1,erythroidlineage,"CTCF IP - HEL 92.1.7 cells, Rep 2 , CTCF IP - HEL 92.1.7 cells, Rep 11 , CTCF IP - Erythroid cells, Rep 1, CTCF IP - HEL 92.1.7 cells, Rep 14 , CTCF IP - Erythroid cells, Rep 2, CTCF IP - HEL 92.1.7 cells, Rep 8 , CTCF IP - HEL 92.1.7 cells, Rep 5 ",,,
JUN,ELOVL1,vasculature,"JUN IP, JUN IP - HUVEC cells",,,
YY1,ELOVL1,cns,YY1 IP - SK-N-SH cells,,,
NFYA,ELOVL1,uterus,NFYA IP - HeLa cells,,,
MAX,ELOVL1,lung,"MAX IP - A549 cells, MAX IP - A549 cells",,,
REST,ELOVL1,cns,"REST IP - SK cells, REST IP - U87 cells, REST IP - PFSK1 cells, Rep 2, REST IP - PFSK-N-SH cells1 cells, Rep 1",,,
JUN,ELOVL1,mammarygland,"JUN IP - Rep 1, JUN IP - Rep 2, JUN IP, JUN IP | CPDA, JUN IP | DEX",,,
AR,ELOVL1,prostate,WT AR OE | FOXA1 ChIP-Seq,,,
ZNF143,ELOVL1,leukocytes,"ZNF143 IP - K562 cells, ZNF143 IP - GM12878 cells",,,
CEBPB,ELOVL1,colon,"CEBPB IP - HCT116 cells, CEBPB IP | 125DVD3",,,
ASCL1,ELOVL1,skin,ASCL1 IP - NHDF,,,
SATB1,ELOVL1,liver,SATB1 IP,,,
CTCF,ELOVL1,liver,"CTCF IP - HepG2 cells, Rep 2 , CTCF IP - HepG2 cells, Rep 1 , CTCF IP - SK-N-SH cells, CTCF IP, CTCF IP - HepG2 cells ",,,
STAT3,ELOVL1,leukocytes,"STAT3 IP - OCI-LY10, STAT3 IP - SU-DHL-10, STAT3 IP - SU-DHL-6, STAT3 IP - OCI-LY7, STAT3 IP - SU-DHL-4",,,
CTCF,ELOVL1,pancreas,CTCF IP,,,
GATA1,ELOVL1,erythroidlineage,"GATA1 IP - PBDE cells, Rep 1",,,
CEBPB,ELOVL1,leukocytes,"CEBPB IP - Rep 204, CEBPB ChIP-Seq - K562, CEBPB IP | oxLDL  - Rep 208, CEBPB IP, CEBPB IP - K562 cells",,,
MAX,ELOVL1,leukocytes,"MAX IP - K562 cells, Rep 2, MAX IP - K562 cells, Rep 1, MAX IP - GM12878 cells, MAX IP - NB4 cells, MAX IP - K562 cells",,,
STAT3,ELOVL1,mammarygland,"STAT3 IP - MCF10A cells, Rep 2, STAT3 IP | 4HT - MCF10 cells, 12 h, STAT3 IP | 4HT - MCF10 cells, 36 h",,,
MAX,ELOVL1,liver,"MAX IP - MCF7 cells, MAX IP - HepG2 cells, MAX IP - HepG2 cells",,,
CTCF,ELOVL1,kidney,"CTCF IP - HEK293 cells, Rep 1 , CTCF IP - RPTEC cells, Rep 2 , CTCF IP - HRE cells, Rep 1 , CTCF IP - HRE cells, Rep 2 , CTCF IP - HEK293 cells, Rep 2 , CTCF IP - RPTEC cells, Rep 1 ",,,
ELF3,ELOVL1,pancreas,"ELF3 IP, ELF3 IP, ELF3 IP | KLF5 KO",,,
CTCF,ELOVL1,vasculature,"CTCF IP - HPAF cells, Rep 1 , CTCF IP - HPAF cells, Rep 2 , CTCF IP - AoAFC cells, Rep 1 , CTCF IP - HBMEC cells, Rep 1 , CTCF IP - HBMEC cells, Rep 2 , CTCF IP - HUVEC cells , CTCF IP - HUVEC cells, Rep 2 , CTCF IP - HUVEC cells, Rep 1 ",,,
GABPA,ELOVL1,leukocytes,"GABPA IP - GM12878 cells, Rep 2 , GABPA IP - HL cells, GABPA IP - Jurkat, Rep 2, GABPA IP - GM12878 cells, GABPA IP - K562 cells, GABPA IP - GM12878 cells, Rep 5 , GABPA IP - GM12878 cells, Rep 4 , GABPA IP - Jurkat, Rep 1, GABPA IP - GM12878 cells, Rep 3 , GABPA IP - GM12878 cells, Rep 1 ",,,
GABPA,ELOVL1,liver,"GABPA IP, GABPA IP, GABPA IP, GABPA IP - MCF7 cells, GABPA IP - HepG2 cells",,,
ELF1,ELOVL1,mammarygland,ELF1 IP - MCF7 cells,,,
ERG,ELOVL1,prostate,"DHT | ERG ChIP-Seq - 18 h, ERG ChIP-Seq, DHT | ERG ChIP-Seq - 2 h, ERG ChIP-Seq",,,
DHT,ELOVL1,prostate,"DHT | ERG ChIP-Seq - 18 h, DHT | FOXA1 ChIP-Seq, DHT | ERG ChIP-Seq - 2 h",,,
CTCF,ELOVL1,skeletalmuscle,"CTCF IP - HSMM cells, Rep 2 , CTCF IP - HSMM cells, Rep 1 ",,,
FOXM1,ELOVL1,bone,FOXM1 IP,,,
CREB1,ELOVL1,leukocytes,"CREB1 IP - GM12878 cells, CREB1 IP - K562 cells",,,
STAT2,ELOVL1,leukocytes,"STAT2 IP | IFNA1-13 - K562 cells, 30 min",,,
IFNA1,ELOVL1,leukocytes,"STAT2 IP | IFNA1-13 - K562 cells, 30 min, MYC IP | IFNA1 - K562 cells, 6 h, IRF1 IP | IFNA1-13 - K562 cells, 6 h, MYC IP | IFNA1 - K562 cells, 30 min",,,
STAT1,ELOVL1,uterus,"STAT1 IP | IFNG - HeLa cells, 30 min",,,
IFNG,ELOVL1,uterus,"STAT1 IP | IFNG - HeLa cells, 30 min",,,
MYB,ELOVL1,leukocytes,"MYB IP - Jurkat, Rep 5, MYB IP - MOLT3, MYB IP - Jurkat, Rep 4, MYB IP - Jurkat, Rep 1, MYB IP - Jurkat, Rep 2, MYB IP - Jurkat, Rep 3",,,
PAX5,ELOVL1,leukocytes,"PAX5 IP - GM12878 cells, Rep 1, PAX5 IP - GM12878 cells, Rep 2, PAX5 IP - GM12892 cells",,,
MYBL2,ELOVL1,liver,MYBL2 IP - HepG2 cells,,,
E2F4,ELOVL1,uterus,E2F4 IP - HeLa cells,,,
STAT5A,ELOVL1,leukocytes,"STAT5A IP - GM12878 cells, STAT5A IP - K562 cells",,,
CTCF,ELOVL1,bone,"CTCF IP, CTCF IP - Osteoblasts ",,,
FOXA1,ELOVL1,mammarygland,"FOXA1 ChIP-Seq - Rep 1, 17BE2 | FOXA1 ChIP-Seq - Rep 1, DHT | FOXA1 ChIP-Seq",,,
TAL1,ELOVL1,stemcells,"TAL1 IP - Rep 1 , TAL1 IP - Rep 2 ",,,
NFYB,ELOVL1,uterus,NFYB IP - HeLa cells,,,
SREBF1,ELOVL1,liver,SREBF1 IP | INS + 22RHC - HepG2 cells,,,
22RHC; INS,ELOVL1,liver,SREBF1 IP | INS + 22RHC - HepG2 cells,,,
GTF2F1,ELOVL1,uterus,GTF2F1 IP - HeLa cells,,,
CTCF,ELOVL1,heart,"CTCF IP - HCF cells , CTCF IP - myocytes cells, Rep 1 , CTCF IP - myocytes cells, Rep 2 ",,,
MYC,ELOVL1,leukocytes,"MYC IP | IFNG - K562 cells, 30 min, MYC IP | IFNA1 - K562 cells, 6 h, MYC IP - K562 cells, Rep 2, MYC IP - NB4 cells, MYC IP - K562 cells, Rep 1, MYC IP | IFNA1 - K562 cells, 30 min, MYC IP | IFNG - K562 cells, 6 h",,,
ZNF143,ELOVL1,stemcells,ZNF143 IP - H1 cells,,,
CTCF,ELOVL1,miscellaneous,"CTCF IP - AG09319 cells, Rep 2 , CTCF IP - AG09319 cells, Rep 1 ",,,
ELF1,ELOVL1,leukocytes,"ELF1 IP - SK-N-SH cells, ELF1 IP - SK-N-SH cells",,,
E2F1,ELOVL1,uterus,"E2F1 IP - HeLa cells, Rep 1, E2F1 IP - HeLa cells, Rep 2",,,
NFYB,ELOVL1,leukocytes,"NFYB IP - GM12878 cells, NFYB IP - K562 cells",,,
CREB1,ELOVL1,uterus,CREB1 IP - ECC1 cells,,,
KLF5,ELOVL1,stomach,KLF5 IP - KATOIII,,,
BCL3,ELOVL1,leukocytes,BCL3 IP - GM12878 cells,,,
GABPA,ELOVL1,prostate,"GABPA IP | R1881, GABPA IP - Rep 2, GABPA IP - Rep 1",,,
R1881,ELOVL1,prostate,GABPA IP | R1881,,,
REST,ELOVL1,leukocytes,"REST IP - K562 cells , REST IP -  K562 cells, REST IP - K562 cells",,,
DEX,ELOVL1,lung,"CTCF IP | DEX - A549 cells, CTCF IP | DEX - A549 cells , CREB1 IP | DEX - A549 cells",,,
JUND,ELOVL1,cns,"JUND IP - SK-N-SH cells , JUND IP - SK-N-SH cells",,,
CTCF,ELOVL1,placenta,"CTCF IP - HVMF cells, Rep 1 , CTCF IP - HVMF cells, Rep 2 ",,,
HIF1A,ELOVL1,bone,HIF1A IP,,,
ATF2,ELOVL1,colon,ATF2 IP ,,,
TP53,ELOVL1,mammarygland,TP53 IP,,,
RUNX1T1,ELOVL1,leukocytes,RUNX1T1 IP,,,
GATA1,ELOVL1,leukocytes,"GATA1 ChIP-Seq - SC266, GATA1 ChIP-Seq - K562",,,
UBTF,ELOVL1,leukocytes,"UBTF IP - K562 cells, UBTF IP - K562 cells",,,
MAZ,ELOVL1,liver,MAZ IP - HepG2 cells,,,
CTCF,ELOVL1,mammarygland,"CTCF IP - HMEC cells , CTCF IP - HMEC cells, Rep 2 , CTCF IP - HMEC cells, Rep 1 ",,,
ZBTB7A,ELOVL1,liver,ZBTB7A IP - HepG2 cells,,,
JUND,ELOVL1,lung,JUND IP - A549 cells,,,
HEY1,ELOVL1,liver,HEY1 IP - HepG2 cells,,,
E2F6,ELOVL1,lung,E2F6 IP - A549 cells,,,
ATF2,ELOVL1,leukocytes,ATF2 IP - GM12878 cells,,,
MAX,ELOVL1,vasculature,MAX IP - HUVEC cells,,,
TBP,ELOVL1,uterus,TBP IP - HeLa cells,,,
GTF2B,ELOVL1,uterus,"GTF2B IP - Rep 2, GTF2B IP - Rep 3, GTF2B IP | RO306",,,
MYC,ELOVL1,mammarygland,"MYC IP, MYC IP | 4HT - MCF10A cells, DHT | MYC ChIP-Seq, MYC IP - MCF-10A cells",,,
MXI1,ELOVL1,uterus,MXI1 IP - HeLa cells,,,
MYC,ELOVL1,colon,MYC IP - DTT,,,
TCF7L2,ELOVL1,hspcs,"TCF7L2 IP - Rep 2, TCF7L2 IP - Rep 1",,,
TAL1,ELOVL1,leukocytes,TAL1 IP - K562 cells,,,
HNF1B,ELOVL1,pancreas,HNF1B IP,,,
CEBPA,ELOVL1,leukocytes,CEBPA IP,,,
FOXA1,ELOVL1,pancreas,"FOXA1 IP, FOXA1 IP",,,
HEY1,ELOVL1,leukocytes,HEY1 IP - K562 cells,,,
KLF5,ELOVL1,stemcells,KLF5 IP - Rep 1 ,,,
GABPA,ELOVL1,lung,GABPA IP - A549 cells,,,
TCF7L2,ELOVL1,mammarygland,"DHT | TCF7L2 ChIP-Seq, TCF7L2 ChIP-Seq",,,
DHT,ELOVL1,mammarygland,"DHT | TCF7L2 ChIP-Seq, DHT | MYC ChIP-Seq, DHT | FOXA1 ChIP-Seq",,,
STAT1,ELOVL1,leukocytes,"STAT1 IP - Rep 5, STAT1 IP - Rep 3, STAT1 IP - Rep 1, STAT1 IP - Rep 4, STAT1 IP - Rep 2, STAT1 IP - Rep 6",,,
ZEB1,ELOVL1,liver,ZEB1 IP - HepG2 cells,,,
OTX2,ELOVL1,stemcells,"OTX2 IP - Rep 5 , OTX2 IP - Rep 4 , OTX2 IP - Rep 10 , OTX2 IP - Rep 3 ",,,
MXI1,ELOVL1,cns,MXI1 IP - SK-N-SH cells ,,,
CTCF,ELOVL1,sensory,"CTCF IP - WERI-Rb-1- cells, Rep 1 , CTCF IP - HRPEpiC cells, Rep 1 , CTCF IP - WERI , CTCF IP - HRPEpiC cells, Rep 2 ",,,
GATA2,ELOVL1,leukocytes,"GATA2 IP - K562 cells, GATA2 IP - K562 cells",,,
MXI1,ELOVL1,leukocytes,"MXI1 IP - GM12878 cells, MXI1 IP - K562 cells",,,
125DVD3,ELOVL1,colon,CEBPB IP | 125DVD3,,,
BAY082,ELOVL1,leukocytes,"RELA IP | BAY082  - IVD Th1 cells, PIA",,,
MTA3,ELOVL1,leukocytes,MTA3 IP - GM12878 cells,,,
NANOG,ELOVL1,stemcells,NANOG IP - Rep 5 ,,,
MAX,ELOVL1,stemcells,MAX IP - H1 cells,,,
GATA1,ELOVL1,hspcs,"GATA1 IP - Rep 2, GATA1 IP - Rep 1, GATA1 IP - Rep 3",,,
GATA3,ELOVL1,cns,GATA3 IP - SK-N-SH cells,,,
FOXA2,ELOVL1,embryonictissue,FOXA2 IP - Rep 2,,,
GATA2,ELOVL1,vasculature,GATA2 IP - HUVEC cells,,,
SMAD1,ELOVL1,hspcs,"SMAD1 IP - Rep 1, SMAD1 IP - Rep 4, SMAD1 IP - Rep 3",,,
TBP,ELOVL1,stemcells,TBP IP - H1 cells,,,
ZBTB7A,ELOVL1,uterus,ZBTB7A IP - ECC1 cells,,,
FOSL1,ELOVL1,colon,FOSL1 IP - HCT116 cells,,,
FOS,ELOVL1,vasculature,FOS IP - HUVEC cells,,,
IRF3,ELOVL1,uterus,IRF3 IP - HeLa cells,,,
HMBOX1,ELOVL1,lung,HMBOX1 IP,,,
ELF1,ELOVL1,liver,ELF1 IP - HepG2 cells,,,
EGR1,ELOVL1,uterus,EGR1 IP - ECC1 cells,,,
CREB1,ELOVL1,liver,"CREB1 IP, CREB1 IP - HepG2 cells, CREB1 IP, CREB1 IP",,,
MYC,ELOVL1,lung,MYC IP - A549 cells,,,
ATF3,ELOVL1,colon,"ATF3 IP | CAMPTO, ATF3 IP - HCT116 cells",,,
RUNX1,ELOVL1,hspcs,"RUNX1, RUNX1 IP",,,
E2F3,ELOVL1,colon,E2F3 IP ,,,
TEAD4,ELOVL1,colon,TEAD4 IP - HCT116 cells,,,
CEBPB,ELOVL1,lung,"CEBPB ChIP-Seq - IMR90, CEBPB IP - A549 cells",,,
EGR1,ELOVL1,colon,EGR1 IP - HCT116 cells,,,
FOSL1,ELOVL1,mammarygland,FOSL1 IP,,,
MAX,ELOVL1,colon,MAX IP - HCT116 cells,,,
CREB1,ELOVL1,lung,CREB1 IP | DEX - A549 cells,,,
PBX3,ELOVL1,lung,PBX3 IP - A549 cells,,,
CTCF,ELOVL1,stemcells,"CTCF IP - H1 cells, CTCF IP - Rep 4 , CTCF IP - Rep 2 , CTCF IP - H1 cells , CTCF IP - Rep 5 , CTCF IP - Rep 6 , CTCF IP - Rep 1 , CTCF IP - Rep 7 ",,,
EBF1,ELOVL1,leukocytes,"EBF1 IP - GM12878 cells, EBF1 IP - GM12878 cells",,,
YY1,ELOVL1,lung,YY1 IP - A549 cells,,,
FOXM1,ELOVL1,leukocytes,FOXM1 IP - GM12878 cells,,,
TCF7L2,ELOVL1,uterus,TCF7L2 IP - HeLa cells,,,
JUN,ELOVL1,uterus,JUN IP - HeLa cells,,,
BHLHE40,ELOVL1,leukocytes,"BHLHE40 IP - K562 cells, BHLHE40 IP - GM12878 cells",,,
TBP,ELOVL1,leukocytes,"TBP IP - K562 cells, TBP IP - GM12878 cells",,,
TP53,ELOVL1,bone,TP53 IP | TP53EE/RR OE,,,
GATA3,ELOVL1,lung,GATA3 IP - A549 cells,,,
CPDA,ELOVL1,mammarygland,JUN IP | CPDA,,,
ZBTB7A,ELOVL1,leukocytes,ZBTB7A IP - SK-N-SH cells,,,
FOSL2,ELOVL1,cns,FOSL2 IP - SK-N-SH cells,,,
GATA6,ELOVL1,stomach,"GATA6 IP - AGS, GATA6 IP - YCC3",,,
SP1,ELOVL1,lung,SP1 IP - A549 cells,,,
SRF,ELOVL1,stemcells,"SRF IP - Rep 7 , SRF IP - Rep 4 ",,,
FOXA1,ELOVL1,liver,"FOXA1 IP - HepG2 cells, Rep 1",,,
CEBPB,ELOVL1,uterus,"CEBPB IP - ECC1 cells, CEBPB ChIP-Seq - HeLaS3",,,
SP1,ELOVL1,leukocytes,"SP1 IP - K562 cells, SP1 IP - GM12878 cells",,,
ERG,ELOVL1,leukocytes,ERG IP - Rep 1,,,
IKZF1,ELOVL1,leukocytes,IKZF1 IP - GM12878 cells,,,
GATA4,ELOVL1,stomach,GATA4 IP - AGS,,,
IRF1,ELOVL1,pancreas,IRF1 IP,,,
TEAD4,ELOVL1,stemcells,TEAD4 IP - H1 cells,,,
FOS,ELOVL1,uterus,FOS IP - HeLa cells,,,
JUN,ELOVL1,leukocytes,"JUN IP - K562 cells, Rep 1, JUN IP - K562 cells, Rep 2",,,
GABPA,ELOVL1,stemcells,GABPA IP - H1 cells,,,
KLF5,ELOVL1,pancreas,"ELF3 IP | KLF5 KO, KLF5 IP",,,
BARX1,ELOVL1,colon,BARX1 IP - Rep 1 ,,,
CTCF,ELOVL1,adiposetissue,"CTCF ChIP-Seq - d 9, CTCF ChIP-Seq - d -2, CTCF ChIP-Seq - d 0",,,
GATA6,ELOVL1,stemcells,GATA6 IP - Rep 7 ,,,
FOXA2,ELOVL1,stemcells,FOXA2 IP - ES D2,,,
BCL3,ELOVL1,lung,BCL3 IP - A549 cells,,,
E2F1,ELOVL1,mammarygland,"E2F1 IP, E2F1 IP - MCF7 cells",,,
SP1,ELOVL1,stemcells,"SP1 IP - Rep 1 , SP1 IP - H1 cells",,,
HMGN3,ELOVL1,leukocytes,HMGN3 IP - K562 cells,,,
IRF1,ELOVL1,colon,IRF1 IP ,,,
CREB1,ELOVL1,stemcells,CREB1 IP - H1 cells,,,
SP1,ELOVL1,liver,SP1 IP - HepG2 cells,,,
EGR1,ELOVL1,leukocytes,EGR1 IP - K562 cells,,,
TP53,ELOVL1,skin,TP53 IP,,,
FOXM1,ELOVL1,cns,FOXM1 IP - SK-N-SH cells,,,
NFYC,ELOVL1,colon,NFYC IP ,,,
TEAD4,ELOVL1,uterus,TEAD4 IP - ECC1 cells,,,
USF1,ELOVL1,colon,USF1 IP - HCT116 cells,,,
STAT3,ELOVL1,uterus,STAT3 IP - HeLa cells,,,
MAFK,ELOVL1,lung,MAFK IP - IMR cells,,,
TCF7L2,ELOVL1,pancreas,TCF7L2 IP,,,
MXI1,ELOVL1,liver,MXI1 IP - HepG2 cells,,,
RELA,ELOVL1,colon,RELA IP ,,,
GLI2,ELOVL1,colon,GLI2 IP ,,,
FOSL2,ELOVL1,lung,FOSL2 IP - A549 cells,,,
JUND,ELOVL1,leukocytes,JUND IP - K562 cells,,,
SP2,ELOVL1,stemcells,SP2 IP - H1 cells,,,
MAZ,ELOVL1,lung,MAZ IP - IMR cells,,,
MYC,ELOVL1,liver,MYC IP,,,
17BE2,ELOVL1,mammarygland,17BE2 | FOXA1 ChIP-Seq - Rep 1,,,
YY1,ELOVL1,stemcells,YY1 IP - H1 cells,,,
YY1,ELOVL1,liver,YY1 IP - HepG2 cells,,,
JUND,ELOVL1,uterus,JUND IP - HeLa cells,,,
SP2,ELOVL1,leukocytes,SP2 IP - K562 cells,,,
MAFF,ELOVL1,leukocytes,MAFF IP - K562 cells,,,
GABPA,ELOVL1,uterus,GABPA IP - HeLa cells,,,
FOXM1,ELOVL1,uterus,FOXM1 IP - ECC1 cells,,,
ZNF83,ELOVL1,colon,ZNF83 IP ,,,
ELF1,ELOVL1,cns,ELF1 IP - SK-N-SH cells,,,
MAX,ELOVL1,cns,MAX IP - SK-N-SH cells,,,
JUND,ELOVL1,vasculature,JUND IP,,,
ATF2,ELOVL1,stemcells,ATF2 IP - H1 cells,,,
E2F4,ELOVL1,mammarygland,E2F4 IP | 4HT - MCF10 cells,,,
TEAD4,ELOVL1,leukocytes,TEAD4 IP - K562 cells,,,
TCF3,ELOVL1,leukocytes,TCF3 IP - GM12878 cells,,,
PBX3,ELOVL1,cns,PBX3 IP - SK-N-SH cells,,,
MXI1,ELOVL1,lung,MXI1 IP - IMR cells,,,
MYC,ELOVL1,stemcells,MYC IP - Rep 2 ,,,
TCF12,ELOVL1,leukocytes,TCF12 IP - GM12878 cells,,,
MXI1,ELOVL1,stemcells,MXI1 IP - H1 cells,,,
RO306,ELOVL1,uterus,GTF2B IP | RO306,,,
TAL1,ELOVL1,colon,TAL1 IP ,,,
GABPA,ELOVL1,cns,GABPA IP - SK-N-SH cells,,,
DEX,ELOVL1,mammarygland,JUN IP | DEX,,,
MYC,ELOVL1,uterus,MYC IP - HeLa cells,,,
JUND,ELOVL1,colon,JUND IP - HCT116 cells,,,
FOSL1,ELOVL1,leukocytes,FOSL1 IP - K562 cells,,,
REST,ELOVL1,liver,"REST IP - HepG2 cells, Rep 2",,,
JUN,ELOVL1,colon,JUN IP ,,,
NFYA,ELOVL1,colon,NFYA IP ,,,
IRF4,ELOVL1,leukocytes,IRF4 IP,,,
RUNX1,ELOVL1,leukocytes,RUNX1 IP,,,
SRF,ELOVL2,stemcells,"SRF IP - Rep 4 , SRF IP - Rep 6 , SRF IP - Rep 5 , SRF IP - Rep 1 , SRF IP - Rep 2 , SRF IP - Rep 7 , SRF IP - Rep 3 ",,,
FOXA1,ELOVL2,mammarygland,"17BE2 | FOXA1 ChIP-Seq - Rep 1, FOXA1 ChIP-Seq - Rep 2, 17BE2 | FOXA1 ChIP-Seq - Rep 2, FOXA1 ChIP-Seq - Rep 2, FOXA1 IP | 17BE2 - MCF-7, TNF | FOXA1 ChIP-Seq - Rep 1, 17BE2 | FOXA1 ChIP-Seq - Rep 1, DEX | FOXA1 ChIP-Seq - Rep 1, DHT | FOXA1 ChIP-Seq, DEX | FOXA1 ChIP-Seq - Rep 2, DEX | FOXA1 ChIP-Seq - Rep 1, 17BE2 | FOXA1 ChIP-Seq - Rep 2, 17BE2 + TNF | FOXA1 ChIP-Seq - Rep 2, DEX | FOXA1 ChIP-Seq - Rep 2, FOXA1 ChIP-Seq - Rep 2, 17BE2 | FOXA1 ChIP-Seq - Rep 1, FOXA1 IP - T47D cells, 17BE2 | FOXA1 ChIP-Seq - Rep 2, FOXA1 ChIP-Seq - Rep 1, FOXA1 ChIP-Seq - Rep 1, 17BE2 | FOXA1 ChIP-Seq - Rep 1, DEX | FOXA1 ChIP-Seq - Rep 2, 17BE2 | FOXA1 ChIP-Seq - Rep 2, 17BE2 + TNF | FOXA1 ChIP-Seq - Rep 1, 17BE2 | FOXA1 ChIP-Seq",,,
17BE2,ELOVL2,mammarygland,"17BE2 | FOXA1 ChIP-Seq - Rep 1, 17BE2 | FOXA1 ChIP-Seq - Rep 2, FOXA1 IP | 17BE2 - MCF-7, 17BE2 | FOXA1 ChIP-Seq - Rep 1, 17BE2 | FOXA1 ChIP-Seq - Rep 2, 17BE2 | FOXA1 ChIP-Seq - Rep 1, 17BE2 | FOXA1 ChIP-Seq - Rep 2, 17BE2 | FOXA1 ChIP-Seq - Rep 1, 17BE2 | FOXA1 ChIP-Seq - Rep 2, 17BE2 | FOXA1 ChIP-Seq",,,
REST,ELOVL2,cns,"REST IP - U87 cells, REST IP - SK cells, REST IP - SK-N-SH cells, REST IP - PFSK1 cells, Rep 2, REST IP - PFSK-N-SH cells1 cells, Rep 1",,,
ELF1,ELOVL2,leukocytes,ELF1 IP - SK-N-SH cells,,,
FOXA1,ELOVL2,prostate,"CREB1 siRNA | FOXA1 ChIP-Seq - Rep 2, WT AR OE + FOXA1 OE | FOXA1 ChIP-Seq - high FOXA1, FOXA1 ChIP-Seq, EtOH | FOXA1 ChIP-Seq - Rep 2, AR C562S OE + FOXA1 OE | FOXA1 ChIP-Seq, CON KD + R1881 | FOXA1 ChIP-Seq, R1881 | FOXA1 ChIP-Seq - Rep 1, GATA2 KD  | FOXA1 ChIP-Seq, FOXA1 ChIP-Seq - Rep 1, FOXA1 ChIP-Seq, CON KD  | FOXA1 ChIP-Seq, FOXA1 ChIP-Seq, FOXA1 KD | GATA2 ChIP-Seq, WT AR OE + FOXA1 OE | FOXA1 ChIP-Seq, FOXA1 ChIP-Seq, FOXA1 siRNA | CREB1 ChIP-Seq - Rep 2, CON KD + R1881 | FOXA1 ChIP-Seq - Rep 1, EtOH | FOXA1 ChIP-Seq - , FOXA1 ChIP-Seq - Rep 2, CREB1 siRNA | FOXA1 ChIP-Seq - Rep 1, FOXA1 ChIP-Seq, DHT | FOXA1 ChIP-Seq, R1881 | FOXA1 ChIP-Seq - Rep 2, AR Q640X OE + FOXA1 OE | FOXA1 ChIP-Seq, CON KD | FOXA1 ChIP-Seq, FOXA1 + FBS | GATA2 ChIP-Seq, CON KD + R1881 | FOXA1 ChIP-Seq - Rep 2, FOXA1 ChIP-Seq - LNCaP-abl, PIAS1 + R1881 | FOXA1 ChIP-Seq - Rep 2, DHT | FOXA1 ChIP-Seq, PIAS1 + R1881 | FOXA1 ChIP-Seq - Rep 1",,,
CREB1,ELOVL2,prostate,"CREB1 siRNA | FOXA1 ChIP-Seq - Rep 2, CREB1 ChIP-Seq - LNCaP-abl, FOXA1 siRNA | CREB1 ChIP-Seq - Rep 2, CREB1 siRNA | FOXA1 ChIP-Seq - Rep 1",,,
AR,ELOVL2,prostate,"WT AR OE + FOXA1 OE | FOXA1 ChIP-Seq - high FOXA1, AR C562S OE + FOXA1 OE | FOXA1 ChIP-Seq, WT AR OE + FOXA1 OE | FOXA1 ChIP-Seq, AR Q640X OE + FOXA1 OE | FOXA1 ChIP-Seq",,,
FOS,ELOVL2,vasculature,FOS IP - HUVEC cells,,,
CTCF,ELOVL2,leukocytes,"CTCF IP - F36P cells, Rep 19 , CTCF IP -  CD20+ cells , CTCF IP - GM12828 cells, CTCF IP - GM11894 cells, Rep 2, CTCF IP - GM18505 cells, Rep 1 , CTCF IP - GM19239 cells, Rep 2 , CTCF IP - K562 cells, CTCF IP - GM12891 cells, Rep 2 , CTCF IP - GM2630 cells, Rep 1 , CTCF IP - GM19239 cells, Rep 1 , CTCF IP - GM12814 cells, Rep 1, CTCF IP - GM12870 cells , CTCF IP - GM19099 cells, Rep 1 , CTCF IP - GM12867 cells , CTCF IP - GM19099 cells, Rep 2 , CTCF IP - F36P cells, Rep 17 , CTCF IP - GM12878 cells , CTCF IP - K562 cells, Rep 14 , CTCF IP - GM12873 cells, Rep 1 , CTCF IP - K562 cells, Rep 15 , CTCF IP - GM12890 cells, Rep 2 , CTCF IP - GM2255 cells, Rep 1 , CTCF IP - GM19238 cells, Rep 1 , CTCF IP - GM12875 cells, Rep 2 , CTCF IP - GM12878 cells, Rep 1 , CTCF IP - GM19240 cells, Rep 2 , CTCF IP - GM12878 cells, Rep 2 , CTCF IP - GM10847 cells, Rep 2 , CTCF IP - KU812 cells, Rep 5 , CTCF ChIP-Seq - GM12878, CTCF IP - GM18486 cells, Rep 1 , CTCF IP - K562 cells, Rep 2 , CTCF IP - GM12874 cells, Rep 1 , CTCF IP - GM18486 cells, Rep 2 , CTCF IP - GM12871 cells , CTCF IP - GM2610 cells, Rep 1 , CTCF IP - F36P cells, Rep 13 , CTCF IP - GM2588 cells, Rep 3 , CTCF IP - GM18951 cells, Rep 2 , CTCF IP - F36P cells, Rep 14 , CTCF IP - GM18526 cells, Rep 2 , CTCF IP - K562 cells , CTCF IP - K562 cells, CTCF IP - GM18505 cells, Rep 2 , CTCF IP - GM12872 cells, Rep 1 , CTCF IP - GM12878 cells, Rep 2 , CTCF IP - GM12890 cells, Rep 3 , CTCF IP - GM2610 cells, Rep 3 , CTCF IP - K562 cells, Rep 13 , CTCF IP - MS1 cells, Rep 1 , CTCF IP - F36P cells, Rep 10 , CTCF IP - GM12872 cells, Rep 3 , CTCF IP - GM18951 cells, Rep 1 , CTCF IP, CTCF IP - HL , CTCF IP - GM11994 cells, Rep 2, CTCF IP - GM12892 cells, Rep 1 , CTCF IP - GM19240 cells, Rep 1 , CTCF IP - CD14+ cells , CTCF IP - K562 cells, Rep 6 , CTCF IP - K562 cells, CTCF IP - MS1 cells, Rep 2 , CTCF IP - F36P cells, Rep 2 , CTCF IP - K562 cells, Rep 12 , CTCF IP - GM2630 cells, Rep 3 , CTCF IP - K562 cells, Rep 4 , CTCF IP - GM12873 cells, Rep 3 , CTCF IP - GM11831 cells, CTCF IP - GM12869 cells , CTCF IP - F36P cells, Rep 15 , CTCF IP - K562 cells, Rep 1 , CTCF IP - GM19193 cells, Rep 2 , CTCF IP - K562 cells, Rep 10 , CTCF IP - GM12154 cells, Rep 2, CTCF IP - K562 cells, Rep 3 , CTCF IP - K562 cells, Rep 7 , CTCF IP - GM12890 cells, Rep 1 , CTCF IP - GM2588 cells, Rep 1 , CTCF IP - GM18486 cells, Rep 3 , CTCF IP - F36P cells, Rep 9 , CTCF IP - GM2630 cells, Rep 2 , CTCF IP - GM2588 cells, Rep 2 , CTCF IP - MS1 cells, Rep 3 , CTCF IP - K562 cells, Rep 8 , CTCF IP - GM11994 cells, Rep 1, CTCF IP - GM10847 cells, Rep 3 , CTCF IP - GM12891 cells, Rep 1 , CTCF IP - MS1 cells, Rep 4 , CTCF IP - KU812 cells, Rep 17 , CTCF IP - KU812 cells, Rep 13 , CTCF IP - GM12875 cells, Rep 1 , CTCF IP - F36P cells, Rep 6 , CTCF IP - GM12864 cells, Rep 1 , CTCF IP - GM2255 cells, Rep 2 , CTCF IP - F36P cells, Rep 5 , CTCF IP - K562 cells, Rep 11 , CTCF IP - K562 cells, Rep 2 , CTCF IP - KU812 cells, Rep 9 , CTCF IP - GM11811 cells, Rep 2, CTCF IP - GM2610 cells, Rep 2 , CTCF IP - F36P cells, Rep 1 , CTCF IP - K562 cells, Rep 5 , CTCF IP - GM12872 cells, Rep 2 , CTCF IP - GM11992 cells, Rep 2, CTCF IP - GM12865 cells, Rep 1 , CTCF IP - GM2255 cells, Rep 3 , CTCF IP - GM12868 cells , CTCF IP - GM10847 cells, Rep 1 , CTCF IP - GM12873 cells, Rep 1 , CTCF IP - GM12874 cells, Rep 2 , CTCF IP - GM19238 cells, Rep 2 , CTCF IP - K562 cells, Rep 1 , CTCF IP - GM06990 cells, Rep 1 , CTCF IP - GM12865 cells, Rep 2 , CTCF IP - GM06986 cells, CTCF IP - GM19193 cells, Rep 1 , CTCF IP - F36P cells, Rep 7 , CTCF IP - K562 cells, Rep 16 , CTCF IP - GM12892 cells, Rep 2 , CTCF IP - K562 cells, Rep 9 , CTCF IP - KU812 cells, Rep 1 , CTCF IP - F36P cells, Rep 11 , CTCF IP - GM12866 cells , CTCF IP - GM11881 cells, CTCF IP - GM18526 cells, Rep 1 , CTCF IP - F36P cells, Rep 3 ",,,
JUN,ELOVL2,leukocytes,"JUN IP - K562 cells, Rep 2, JUN IP | IFNA1-13 - 30 min , JUN IP - K562 cells, Rep 1",,,
YY1,ELOVL2,liver,YY1 IP - HepG2 cells,,,
CTCF,ELOVL2,lung,"CTCF IP | DEX - A549 cells, CTCF IP - AG04450 cells, Rep 2 , CTCF IP - AG04450 cells, Rep 1 , CTCF IP - HPF cells, Rep 2 , CTCF IP - A549 cells, Rep 2 , CTCF ChIP-Seq - A549, CTCF IP - A549 cells, CTCF IP - IMR cells, CTCF IP - NHLF cells , CTCF IP - SAEC cells, Rep 2 , CTCF IP - A549 cells , CTCF IP - NHLF cells , CTCF IP - SAEC cells, Rep 1 , CTCF IP - WI-38 cells, Rep 2 , CTCF IP | DEX - A549 cells , CTCF IP - HPF cells, Rep 1 , CTCF IP - WI-38 cells, Rep 1 , CTCF IP - A549 cells, Rep 1 ",,,
DEX,ELOVL2,lung,"CTCF IP | DEX - A549 cells, CREB1 IP | DEX - A549 cells, CTCF IP | DEX - A549 cells , FOXA1 IP | DEX - A549 cells",,,
CTCF,ELOVL2,megakaryocytelineage,"CTCF IP - MEG-01 cells, Rep 2 , CTCF IP - MEG-01 cells, Rep 5 , CTCF IP - MEG-01 cells, Rep 9 , CTCF IP - MEG-01 cells, Rep 10 , CTCF IP - MEG-01 cells, Rep 7 , CTCF IP - MEG-01 cells, Rep 1 , CTCF IP - MEG-01 cells, Rep 4 , CTCF IP - CHRF-288-11 cells, Rep 1 , CTCF IP - MEG-01 cells, Rep 8 , CTCF IP - CHRF-288-11 cells, Rep 2 , CTCF IP - MEG-01 cells, Rep 3 , CTCF IP - MEG-01 cells, Rep 6 ",,,
FOXA2,ELOVL2,liver,FOXA2 IP - HepG2 cells,"19822575,",,
SIX2,ELOVL2,kidney,"SIX2 IP - 17 weeks, Rep 2, SIX2 IP -  16 weeks, SIX2 IP - 17 weeks, Rep 1",,,
CTCF,ELOVL2,miscellaneous,"CTCF IP - AG09319 cells, Rep 1 , CTCF IP - AG09319 cells, Rep 2 ",,,
PAX5,ELOVL2,leukocytes,"PAX5 IP - GM12878 cells, Rep 1, PAX5 IP - GM12891 cells, PAX5 IP - GM12878 cells, Rep 2, PAX5 IP - GM12892 cells",,,
ATF3,ELOVL2,stemcells,ATF3 IP - H1 cells,,,
REST,ELOVL2,lung,REST IP - A549 cells,,,
CTCF,ELOVL2,erythroidlineage,"CTCF IP - Erythroid cells, Rep 2, CTCF IP - HEL 92.1.7 cells, Rep 1 , CTCF IP - HEL 92.1.7 cells, Rep 5 , CTCF IP - HEL 92.1.7 cells, Rep 7 , CTCF IP - HEL 92.1.7 cells, Rep 4 , CTCF IP - HEL 92.1.7 cells, Rep 13 , CTCF IP - HEL 92.1.7 cells, Rep 2 , CTCF IP - HEL 92.1.7 cells, Rep 11 , CTCF IP - Erythroid cells, Rep 1, CTCF IP - HEL 92.1.7 cells, Rep 10 , CTCF IP - HEL 92.1.7 cells, Rep 14 , CTCF IP - HEL 92.1.7 cells, Rep 8 ",,,
SPI1,ELOVL2,leukocytes,"SPI1 IP, SPI1 IP, SPI1 IP - GM12891 cells, SPI1 IP, SPI1 IP, SPI1 IP, SPI1 IP, SPI1 IP",,,
REST,ELOVL2,leukocytes,"REST IP - GM12878 cells, Rep 28 , REST IP - GM12878 cells, Rep 17 , REST IP - GM12878 cells, Rep 1 , REST IP - GM12878 cells, Rep 7 , REST IP - Jurkat cells, Rep 5 , REST IP - Jurkat cells, Rep 14 , REST IP - GM12878 cells, Rep 25 , REST IP - Jurkat cells, Rep 11 , REST IP - Jurkat cells, Rep 7 , REST IP - GM12878 cells, Rep 9 , REST IP - K562 cells , REST IP - GM12878 cells, Rep 5 , REST IP - Jurkat cells, Rep 10 , REST IP - GM12878 cells, Rep 13 , REST IP - Jurkat cells, Rep 12 , REST IP - GM12878 cells, Rep 19 , REST IP - GM12878 cells, Rep 24 , REST IP - GM12878 cells, Rep 2 , REST IP - GM12878 cells, Rep 10 , REST IP - GM12878 cells, Rep 11 , REST IP - GM12878 cells, Rep 2, REST IP - GM12878 cells, Rep 8 , REST IP - HL60 cells, REST IP - GM12878 cells, Rep 3 , REST IP - Jurkat cells, Rep 3 , REST IP - Jurkat cells, Rep 8 , REST IP - GM12878 cells, Rep 4 , REST IP - GM12878 cells, Rep 18 , REST IP - GM12878 cells, Rep 22 , REST IP - GM12878 cells, Rep 6 , REST IP - GM12878 cells, Rep 23 , REST IP - GM12878 cells, Rep 16 , REST IP - Jurkat cells, Rep 4 , REST IP - GM12878 cells, Rep 26 , REST IP - GM12878 cells, Rep 1, REST IP -  K562 cells, REST IP - GM12878 cells, Rep 12 , REST IP - Jurkat cells, Rep 13 , REST IP - GM12878 cells, Rep 27 , REST IP - GM12878 cells, Rep 21 , REST IP - K562 cells, REST IP - GM12878 cells, Rep 14 ",,,
CTCF,ELOVL2,mammarygland,"CTCF IP - MCF-7 cells, Rep 1 , CTCF IP - HMF cells, Rep 2 , CTCF IP - HMF cells, Rep 1 , CTCF IP - MCF-7 cells Rep 2 , CTCF IP - MCF7 cells, CTCF IP - T47D cells",,,
GABPA,ELOVL2,leukocytes,GABPA IP - K562 cells,,,
CTCF,ELOVL2,vasculature,"CTCF IP - HUVEC cells, Rep 2 , CTCF IP - HPAF cells, Rep 1 , CTCF IP - HUVEC cells, Rep 1 , CTCF IP - HPAF cells, Rep 2 , CTCF IP - AoAFC cells, Rep 1 , CTCF IP - HBMEC cells, Rep 2 , CTCF IP - HBMEC cells, Rep 1 , CTCF IP - HUVEC cells ",,,
STAT3,ELOVL2,leukocytes,"STAT3 IP - U-2932, STAT3 IP - SU-DHL-6, STAT3 IP - OCI-LY19",,,
CREB1,ELOVL2,stemcells,CREB1 IP - H1 cells,,,
TEAD4,ELOVL2,leukocytes,TEAD4 IP - K562 cells,,,
REST,ELOVL2,pancreas,"REST IP - Panc1 cells, Rep 3, REST IP - PANC1 cells, Rep 1, REST IP - PANC1 cells, Rep 2",,,
CTCF,ELOVL2,liver,"CTCF IP - HepG2 cells , CTCF IP - SK-N-SH cells, CTCF IP - HepG2 cells, Rep 2 , CTCF IP, CTCF IP - HepG2 cells, Rep 1 ",,,
ETS1,ELOVL2,leukocytes,ETS1 IP - K562 cells,,,
FOXA1,ELOVL2,stemcells,"FOXA1 IP - ES D7, FOXA1 IP - ES D5, FOXA1 IP - Rep 5 ",,,
YY1,ELOVL2,cns,YY1 IP | ATRA - SK-N-SH cells,,,
ATRA,ELOVL2,cns,YY1 IP | ATRA - SK-N-SH cells,,,
CEBPB,ELOVL2,leukocytes,"CEBPB ChIP-Seq - K562, CEBPB IP, CEBPB IP, CEBPB IP, CEBPB IP, CEBPB IP",,,
GATA3,ELOVL2,mammarygland,"GATA3 IP - MCF7 cells, GATA3 IP - MCF-7 cells, GATA3 IP - T47D cells","24758297,",,
FOXA2,ELOVL2,stemcells,"FOXA2 IP - ES D5, FOXA2 IP - Rep 1 , FOXA2 IP - Rep 5 , FOXA2 IP - ES D2, FOXA2 IP - ES D10",,,
MAZ,ELOVL2,lung,MAZ IP - IMR cells,,,
MAX,ELOVL2,leukocytes,"MAX IP - K562 cells, MAX IP - K562 cells, Rep 2",,,
TNF,ELOVL2,mammarygland,TNF | FOXA1 ChIP-Seq - Rep 1,,,
BHLHE40,ELOVL2,liver,BHLHE40 IP - HepG2 cells,,,
CEBPB,ELOVL2,mammarygland,CEBPB IP - MCF7 cells,,,
CTCF,ELOVL2,cns,"CTCF IP - spinal cord astrocyte cells, Rep 1 , CTCF IP - cerebellar astrocyte cells, Rep 2 , CTCF IP - spinal cord astrocyte cells, Rep 2 , CTCF IP - HCPEpiC cells, Rep 1 , CTCF IP - SK-N-SH cells, Rep 2 , CTCF IP - cerebellar astrocyte cells, Rep 1 , CTCF IP - SK-N-SH cells , CTCF IP - HCPEpiC cells, Rep 2 , CTCF IP - SK-N-SH cells, Rep 1 , CTCF IP - NHA cells , CTCF IP - SK cells",,,
JUND,ELOVL2,leukocytes,JUND IP - K562 cells,,,
CTCF,ELOVL2,sensory,"CTCF IP - HRPEpiC cells, Rep 2 , CTCF IP - WERI-Rb-1- cells, Rep 1 , CTCF IP - HRPEpiC cells, Rep 1 , CTCF IP - WERI ",,,
ATF3,ELOVL2,liver,ATF3 IP - HepG2 cells,,,
GATA2,ELOVL2,prostate,"CON KD + FBS | GATA2 ChIP-Seq, GATA2 KD  | FOXA1 ChIP-Seq, CON KD | GATA2 ChIP-Seq, FOXA1 KD | GATA2 ChIP-Seq, GATA2 ChIP-Seq, GATA2 ChIP-Seq - Rep 2, GATA2 KD + R1881 | GATA2 ChIP-Seq, FOXA1 + FBS | GATA2 ChIP-Seq, GATA2 ChIP-Seq - Rep 1, CON KD  | GATA2 ChIP-Seq, CON KD + R1881 | GATA2 ChIP-Seq",,,
MXI1,ELOVL2,liver,MXI1 IP - HepG2 cells,,,
USF1,ELOVL2,liver,USF1 IP - HepG2 cells,,,
R1881,ELOVL2,prostate,"CON KD + R1881 | FOXA1 ChIP-Seq, R1881 | FOXA1 ChIP-Seq - Rep 1, CON KD + R1881 | FOXA1 ChIP-Seq - Rep 1, GATA2 KD + R1881 | GATA2 ChIP-Seq, R1881 | FOXA1 ChIP-Seq - Rep 2, CON KD + R1881 | FOXA1 ChIP-Seq - Rep 2, PIAS1 + R1881 | FOXA1 ChIP-Seq - Rep 2, CON KD + R1881 | GATA2 ChIP-Seq, PIAS1 + R1881 | FOXA1 ChIP-Seq - Rep 1",,,
CEBPB,ELOVL2,liver,"CEBPB IP - HepG2 cells, CEBPB ChIP-Seq - HepG2, CEBPB IP | FORSK - HepG2 cells",,,
CTCF,ELOVL2,kidney,"CTCF IP - HEK293 cells, Rep 2 , CTCF IP - RPTEC cells, Rep 1 , CTCF IP - HEK293 cells, Rep 1 , CTCF IP - HRE cells, Rep 1 , CTCF IP - HRE cells, Rep 2 ",,,
CREB1,ELOVL2,liver,"CREB1 IP, CREB1 IP - HepG2 cells, CREB1 IP",,,
CTCF,ELOVL2,bone,CTCF IP - Osteoblasts ,,,
CEBPB,ELOVL2,stemcells,"CEBPB IP - H1 cells, CEBPB IP, CEBPB IP",,,
FOSL2,ELOVL2,liver,FOSL2 IP - HepG2 cells,,,
CTCF,ELOVL2,skin,"CTCF IP - AG04449 cells, Rep 1 , CTCF IP - AG10803 cells, Rep 2 , CTCF IP - AG04449 cells, Rep 2 , CTCF IP - BJ cells, Rep 2 , CTCF IP - AG09309 cells, Rep 1 , CTCF IP - BJ cells, Rep 1 , CTCF IP - NHEK cells , CTCF IP - HFFC cells, Rep 1 , CTCF IP - NHDF cells , CTCF IP - HFFC cells, Rep 3 , CTCF IP - HFFC cells, Rep 2 , CTCF IP - NHDF cells, Rep 1 , CTCF IP - NHDF cells, Rep 2 , CTCF IP - AG10803 cells, Rep 1 , CTCF IP - GM12878 cells, Rep 2 ",,,
JUND,ELOVL2,stemcells,"JUND IP - H1 cells, JUND IP - H1 cells",,,
CTCF,ELOVL2,placenta,"CTCF IP - HVMF cells, Rep 2 , CTCF IP - HVMF cells, Rep 1 ",,,
FOS,ELOVL2,mammarygland,"FOS IP - MCF10A cells, FOS IP | 4HT - MCF10A cells, 36 h, FOS IP | 4HT - MCF10A cells, 4 h, FOS IP | 4HT - MCF10A cells, 12 h",,,
HMGN3,ELOVL2,leukocytes,HMGN3 IP - K562 cells,,,
E2F6,ELOVL2,leukocytes,"E2F6 IP - K562 cells, E2F6 IP - K562 cells",,,
JUN,ELOVL2,mammarygland,"JUN IP - Rep 1, JUN IP - Rep 2",,,
FOXA2,ELOVL2,embryonictissue,"FOXA2 IP - Rep 2, FOXA2 IP - Rep 1",,,
FOS,ELOVL2,leukocytes,FOS IP - K562 cells,,,
CTCF,ELOVL2,esophagus,"CTCF IP - HEEpiC cells, Rep 1 ",,,
MAX,ELOVL2,cns,MAX IP - SK-N-SH cells,,,
CTCF,ELOVL2,hspcs,"CTCF IP - HSPCs, Rep 2, CTCF IP - HSPCs, Rep 1",,,
CTCF,ELOVL2,stemcells,"CTCF IP - H1 cells, CTCF IP - Rep 2 , CTCF IP - Rep 4 , CTCF IP - Rep 5 , CTCF IP - Rep 6 , CTCF IP - Rep 1 , CTCF IP - Rep 7 , CTCF IP - Rep 3 , CTCF IP - H1 cells ",,,
4HT,ELOVL2,mammarygland,"FOS IP | 4HT - MCF10A cells, 36 h, FOS IP | 4HT - MCF10A cells, 4 h, STAT3 IP | 4HT - MCF10 cells, 36 h, FOS IP | 4HT - MCF10A cells, 12 h",,,
MYC,ELOVL2,leukocytes,"MYC IP - K562 cells, Rep 1",,,
YY1,ELOVL2,leukocytes,"YY1 IP - K562 cells, Rep 2, YY1 IP - GM12878 cells, YY1 IP - GM12891 cells, YY1 IP - K562 cells, Rep 1",,,
ZBTB7A,ELOVL2,liver,ZBTB7A IP - HepG2 cells,,,
E2F1,ELOVL2,mammarygland,E2F1 IP - MCF7 cells,,,
REST,ELOVL2,uterus,REST IP - ECC1 cells,,,
FOXA1,ELOVL2,liver,"FOXA1 IP - HepG2 cells, Rep 1, FOXA1 IP - HepG2 cells, Rep 2",,,
CTCF,ELOVL2,pancreas,CTCF IP,,,
EGR1,ELOVL2,leukocytes,EGR1 IP - K562 cells,,,
DEX,ELOVL2,mammarygland,"DEX | FOXA1 ChIP-Seq - Rep 1, DEX | FOXA1 ChIP-Seq - Rep 2, DEX | FOXA1 ChIP-Seq - Rep 1, DEX | FOXA1 ChIP-Seq - Rep 2, DEX | FOXA1 ChIP-Seq - Rep 2",,,
DHT,ELOVL2,mammarygland,DHT | FOXA1 ChIP-Seq,,,
MYC,ELOVL2,liver,MYC IP,,,
CREB1,ELOVL2,lung,CREB1 IP | DEX - A549 cells,,,
FOXA1,ELOVL2,lung,"FOXA1 IP - A549 cells, FOXA1 IP | DEX - A549 cells",,,
JUND,ELOVL2,lung,JUND IP - A549 cells,,,
MYB,ELOVL2,leukocytes,MYB IP - MOLT3,,,
UBTF,ELOVL2,leukocytes,UBTF IP - K562 cells,,,
MAX,ELOVL2,liver,"MAX IP - HepG2 cells, MAX IP - MCF7 cells",,,
CTCF,ELOVL2,skeletalmuscle,"CTCF IP - HSMM cells, Rep 2 , CTCF IP - HSMM cells, Rep 1 ",,,
BACH1,ELOVL2,stemcells,BACH1 IP - H1 cells,,,
ZBTB7A,ELOVL2,uterus,ZBTB7A IP - ECC1 cells,,,
EGR1,ELOVL2,stemcells,EGR1 IP - H1 cells,,,
FOSL1,ELOVL2,colon,FOSL1 IP - HCT116 cells,,,
ZNF263,ELOVL2,kidney,ZNF263 IP - HEK293 cells,,,
CTCF,ELOVL2,heart,"CTCF IP - HCF cells , CTCF IP - myocytes cells, Rep 1 , CTCF IP - myocytes cells, Rep 2 ",,,
GABPA,ELOVL2,liver,GABPA IP - HepG2 cells,,,
SATB1,ELOVL2,liver,SATB1 IP,,,
TEAD4,ELOVL2,stemcells,TEAD4 IP - H1 cells,,,
CEBPB,ELOVL2,lung,CEBPB ChIP-Seq - IMR90,,,
EGR1,ELOVL2,uterus,EGR1 IP - ECC1 cells,,,
SP1,ELOVL2,colon,SP1 IP - HCT116 cells,,,
CTCF,ELOVL2,colon,CTCF IP - HCT116 cells,,,
CEBPB,ELOVL2,colon,CEBPB IP | 125DVD3,,,
125DVD3,ELOVL2,colon,CEBPB IP | 125DVD3,,,
FOXP1,ELOVL2,prostate,DHT | FOXP1 ChIP-Seq,,,
DHT,ELOVL2,prostate,"DHT | FOXP1 ChIP-Seq, DHT | FOXA1 ChIP-Seq, DHT | FOXA1 ChIP-Seq, DHT | ERG ChIP-Seq - 18 h",,,
CTCF,ELOVL2,mammarygland,"CTCF IP - HMEC cells , CTCF IP - HMEC cells, Rep 1 ",,,
SATB1,ELOVL2,cns,SATB1 IP,,,
ATF3,ELOVL2,leukocytes,ATF3 IP - K562 cells,,,
ELF3,ELOVL2,pancreas,"ELF3 IP, ELF3 IP",,,
CREB1,ELOVL2,leukocytes,CREB1 IP - K562 cells,,,
17BE2; TNF,ELOVL2,mammarygland,"17BE2 + TNF | FOXA1 ChIP-Seq - Rep 2, 17BE2 + TNF | FOXA1 ChIP-Seq - Rep 1",,,
STAT3,ELOVL2,mammarygland,"STAT3 IP | 4HT - MCF10 cells, 36 h",,,
FOXA2,ELOVL2,lung,FOXA2 IP - A549 cells,,,
MYBL2,ELOVL2,liver,MYBL2 IP - HepG2 cells,,,
ZBTB7A,ELOVL2,leukocytes,ZBTB7A IP - SK-N-SH cells,,,
CTCF,ELOVL2,uterus,CTCF IP - ECC1 cells,,,
IFNA1,ELOVL2,leukocytes,JUN IP | IFNA1-13 - 30 min ,,,
NANOG,ELOVL2,stemcells,NANOG IP - H1 cells,,,
REST,ELOVL2,stemcells,"REST IP - H1 cells, Rep 2",,,
MXI1,ELOVL2,cns,MXI1 IP - SK-N-SH cells ,,,
MAFK,ELOVL2,liver,"MAFK IP - HepG2 cells, Rep 2",,,
FOXP2,ELOVL2,cns,FOXP2 IP - PFSK-1 cells,,,
YY1,ELOVL2,uterus,YY1 IP - ECC1 cells,,,
YY1,ELOVL2,stemcells,YY1 IP - H1 cells,,,
REST,ELOVL2,mammarygland,REST IP - MCF7 cells,,,
ZNF217,ELOVL2,mammarygland,ZNF217 IP - MCF7 cells,"24962896,",,
MAX,ELOVL2,lung,MAX IP - A549 cells,,,
TEAD4,ELOVL2,lung,TEAD4 IP - A549 cells,,,
JUND,ELOVL2,liver,"JUND IP - HepG2 cells, JUND IP - HepG2 cells",,,
MAZ,ELOVL2,liver,MAZ IP - HepG2 cells,,,
E2F6,ELOVL2,stemcells,E2F6 IP - H1 cells,,,
SP1,ELOVL2,liver,SP1 IP - HepG2 cells,,,
JUND,ELOVL2,colon,JUND IP - HCT116 cells,,,
MXI1,ELOVL2,lung,MXI1 IP - IMR cells,,,
MAX,ELOVL2,stemcells,MAX IP - H1 cells,,,
MAZ,ELOVL2,leukocytes,MAZ IP - K562 cells,,,
REST,ELOVL2,liver,"REST IP - HepG2 cells, Rep 1, REST IP - HepG2 cells, Rep 2",,,
RELA,ELOVL2,leukocytes,RELA IP | TNF - GM12891 cells,,,
TNF,ELOVL2,leukocytes,RELA IP | TNF - GM12891 cells,,,
FORSK,ELOVL2,liver,CEBPB IP | FORSK - HepG2 cells,,,
HEY1,ELOVL2,liver,HEY1 IP - HepG2 cells,,,
PIAS1,ELOVL2,prostate,"PIAS1 + R1881 | FOXA1 ChIP-Seq - Rep 2, PIAS1 + R1881 | FOXA1 ChIP-Seq - Rep 1",,,
CTCF,ELOVL2,adiposetissue,"CTCF ChIP-Seq - d -2, CTCF ChIP-Seq - d 9, CTCF ChIP-Seq - d 0",,,
ELF1,ELOVL2,liver,ELF1 IP - HepG2 cells,,,
ARID3A,ELOVL2,liver,ARID3A IP - HepG2 cells,,,
ERG,ELOVL2,prostate,"ERG ChIP-Seq, DHT | ERG ChIP-Seq - 18 h",,,
ZNF143,ELOVL2,leukocytes,ZNF143 IP - K562 cells,,,
ZNF143,ELOVL2,stemcells,ZNF143 IP - H1 cells,,,
TCF12,ELOVL2,liver,TCF12 IP - HepG2 cells,,,
MTA3,ELOVL2,leukocytes,MTA3 IP - GM12878 cells,,,
MAX,ELOVL2,uterus,MAX IP - ECC1 cells,,,
FOXP1,ELOVL2,leukocytes,FOXP1 IP - OCI-LY19,,,
TEAD1,ELOVL2,cns,TEAD1 IP - Rep 2,,,
CTCF,ELOVL3,leukocytes,"CTCF IP - GM12815 cells, Rep 2, CTCF IP - GM12878 cells , CTCF IP - GM2630 cells, Rep 3 , CTCF IP - F36P cells, Rep 7 , CTCF IP - K562 cells, Rep 16 , CTCF IP - GM12890 cells, Rep 3 , CTCF IP - MS1 cells, Rep 1 , CTCF IP - K562 cells, CTCF IP - GM12814 cells, Rep 1, CTCF IP - GM12875 cells, Rep 2 , CTCF IP - GM18951 cells, Rep 1 , CTCF IP - GM12006 cells, Rep 1, CTCF IP - KU812 cells, Rep 1 , CTCF IP - GM2630 cells, Rep 1 , CTCF IP - NB4 cells , CTCF IP - GM19240 cells, Rep 1 , CTCF IP - GM11881 cells, CTCF IP - HeLa cells, Rep 2 , CTCF IP - F36P cells, Rep 3 , CTCF IP - GM2610 cells, Rep 3 , CTCF IP - F36P cells, Rep 11 , CTCF IP - MS1 cells, Rep 2 , CTCF IP - GM06986 cells, CTCF IP - GM12872 cells, Rep 2 , CTCF IP - GM12828 cells, CTCF IP - GM19099 cells, Rep 1 , CTCF IP - F36P cells, Rep 19 , CTCF IP - GM12873 cells, Rep 1 , CTCF IP - GM12005 cells, Rep 1, CTCF IP - GM12868 cells , CTCF IP - GM18505 cells, Rep 1 , CTCF IP - GM11894 cells, Rep 2, CTCF IP - GM12891 cells, Rep 2 , CTCF IP - GM19239 cells, Rep 2 , CTCF IP - GM10847 cells, Rep 2 , CTCF IP - GM12865 cells, Rep 1 , CTCF IP - K562 cells, Rep 14 , CTCF IP - GM19239 cells, Rep 1 , CTCF IP - GM12864 cells, Rep 3 , CTCF IP - GM12005 cells, Rep 2, CTCF IP - GM12878 cells, Rep 1 , CTCF IP - F36P cells, Rep 17 , CTCF IP - GM12874 cells, Rep 2 , CTCF IP - GM19099 cells, Rep 2 , CTCF IP - HL , CTCF IP - K562 cells, CTCF IP - GM12864 cells, Rep 2 , CTCF IP - GM11811 cells, Rep 1, CTCF IP - GM2588 cells, Rep 2 , CTCF IP - GM12234 cells, CTCF IP - MS1 cells, Rep 3 , CTCF IP - GM2630 cells, Rep 2 , CTCF IP - F36P cells, Rep 13 , CTCF IP - CD14+ cells , CTCF IP - HL-60 cells, Rep 5 , CTCF ChIP-Seq - GM12878, CTCF IP - GM12874 cells, Rep 1 , CTCF IP - KU812 cells, Rep 5 , CTCF IP - GM12814 cells, Rep 2, CTCF IP - MS1 cells, Rep 4 , CTCF IP - GM2255 cells, Rep 2 , CTCF IP - GM12891 cells, Rep 1 , CTCF IP - GM12749 cells, Rep 2, CTCF IP - K562 cells, Rep 15 , CTCF IP -  CD20+ cells , CTCF IP - GM12006 cells, Rep 2, CTCF IP - GM18526 cells, Rep 2 , CTCF IP - GM18505 cells, Rep 2 , CTCF IP - K562 cells, CTCF IP - GM18486 cells, Rep 1 , CTCF IP - GM12878 cells, Rep 1 , CTCF IP - GM18486 cells, Rep 2 , CTCF IP - GM12489 cells, Rep 1, CTCF IP - GM12892 cells, Rep 1 , CTCF IP - GM07037 cells, CTCF IP - GM12287 cells, Rep 1, CTCF IP - GM18951 cells, Rep 2 , CTCF IP - GM2610 cells, Rep 1 , CTCF IP - GM12749 cells, Rep 1, CTCF IP - GM12873 cells, Rep 1 , CTCF IP - GM2588 cells, Rep 3 , CTCF IP - GM12872 cells, Rep 3 , CTCF IP - GM12870 cells , CTCF IP - F36P cells, Rep 14 , CTCF IP - GM12867 cells , CTCF IP - UT-7 cells, Rep 6 , CTCF IP - F36P cells, Rep 10 , CTCF IP - GM18526 cells, Rep 1 , CTCF IP - K562 cells, Rep 13 , CTCF IP - GM11994 cells, Rep 2, CTCF IP - GM19193 cells, Rep 1 , CTCF IP - GM19193 cells, Rep 2 , CTCF IP - GM12875 cells, Rep 1 , CTCF IP - K562 cells, Rep 12 , CTCF IP - GM12892 cells, Rep 2 , CTCF IP - GM12489 cells, Rep 2, CTCF IP - F36P cells, Rep 2 , CTCF IP - HL-60 cells, Rep 9 , CTCF IP - GM07346 cells, CTCF IP - GM12864 cells, Rep 1 , CTCF IP -  DND , CTCF IP - GM18486 cells, Rep 3 , CTCF IP - GM12872 cells, CTCF IP - GM06990 cells, Rep 2 , CTCF IP - GM11831 cells, CTCF IP - KU812 cells, Rep 17 , CTCF IP - KU812 cells, Rep 13 , CTCF IP - K562 cells, Rep 2 , CTCF IP - UT-7 cells, Rep 3 , CTCF IP - K562 cells, Rep 7 , CTCF IP - GM12872 cells, Rep 1 , CTCF IP - GM12154 cells, Rep 2, CTCF IP, CTCF IP - GM11994 cells, Rep 1, CTCF IP - GM12878 cells, Rep 2 , CTCF IP - K562 cells , CTCF IP - UT-7 cells, Rep 5 , CTCF IP - GM12871 cells , CTCF IP - GM2588 cells, Rep 1 , CTCF IP - F36P cells, Rep 15 , CTCF IP - GM12890 cells, Rep 1 , CTCF IP - GM12815 cells, Rep 1, CTCF IP - UT-7 cells, Rep 4 , CTCF IP - F36P cells, Rep 9 , CTCF IP - GM19238 cells, Rep 1 , CTCF IP - GM12890 cells, Rep 2 , CTCF IP - K562 cells, Rep 1 , CTCF IP - GM2255 cells, Rep 1 , CTCF IP - GM11992 cells, Rep 2, CTCF IP - GM12866 cells , CTCF IP - GM12874 cells, CTCF IP - K562 cells, Rep 11 , CTCF IP - GM12878 cells, Rep 2 , CTCF IP - HL-60 cells, Rep 3 , CTCF IP - GM19240 cells, Rep 2 , CTCF IP - F36P cells, Rep 5 , CTCF IP - F36P cells, Rep 6 , CTCF IP - U-937 cells, Rep 2 , CTCF IP - GM12154 cells, Rep 1, CTCF IP - F36P cells, Rep 1 , CTCF IP - GM19238 cells, Rep 2 , CTCF IP - GM12801 cells , CTCF IP - HL-60 cells, Rep 2 , CTCF IP - GM12873 cells, Rep 3 , CTCF IP - GM12865 cells, Rep 3 , CTCF IP - GM11811 cells, Rep 2, CTCF IP - HL-60 cells, Rep 7 , CTCF IP - GM2610 cells, Rep 2 , CTCF IP - GM12869 cells , CTCF IP - U-937 cells, Rep 1 , CTCF IP - GM10847 cells, Rep 1 , CTCF IP - GM06990 cells, Rep 1 , CTCF IP - GM2255 cells, Rep 3 , CTCF IP - KU812 cells, Rep 9 , CTCF IP - GM12865 cells, Rep 2 ",,,
EBF1,ELOVL3,leukocytes,"EBF1 IP - GM12878 cells, EBF1 IP - GM12878 cells",,,
CEBPB,ELOVL3,colon,"CEBPB IP - HCT116 cells, CEBPB IP | 125DVD3, CEBPB IP",,,
CEBPB,ELOVL3,stemcells,"CEBPB IP, CEBPB IP, CEBPB IP, CEBPB IP, CEBPB IP, CEBPB IP, CEBPB IP, CEBPB IP, CEBPB IP, CEBPB IP",,,
CTCF,ELOVL3,vasculature,"CTCF IP - HUVEC cells, Rep 1 , CTCF IP - AoAFC cells, Rep 2 , CTCF IP - HPAF cells, Rep 2 , CTCF IP - HUVEC cells, Rep 2 , CTCF IP - HPAF cells, Rep 1 , CTCF IP - AoAFC cells, Rep 1 , CTCF IP - HBMEC cells, Rep 1 , CTCF IP - HUVEC cells , CTCF IP - HBMEC cells, Rep 2 ",,,
KLF5,ELOVL3,stomach,KLF5 IP - KATOIII,,,
TBP,ELOVL3,stemcells,TBP IP - H1 cells,,,
EGR1,ELOVL3,liver,EGR1 IP - MCF7 cells,,,
CTCF,ELOVL3,cns,"CTCF IP - spinal cord astrocyte cells, Rep 1 , CTCF IP - NHA cells , CTCF IP - SK-N-SH cells, Rep 1 , CTCF IP - SK-N-SH cells , CTCF IP - spinal cord astrocyte cells, Rep 2 , CTCF IP - SK cells, CTCF IP - cerebellar astrocyte cells, Rep 1 , CTCF IP - SK-N-SH cells, Rep 2 , CTCF IP - HCPEpiC cells, Rep 2 , CTCF IP - cerebellar astrocyte cells, Rep 2 , CTCF IP - BE(2)-C cells, Rep 1 , CTCF IP - HCPEpiC cells, Rep 1 , CTCF IP - BE(2)-C cells, Rep 2 ",,,
FOSL1,ELOVL3,colon,FOSL1 IP - HCT116 cells,,,
ATF3,ELOVL3,colon,"ATF3 IP - HCT116 cells, ATF3 IP | CAMPTO",,,
YY1,ELOVL3,colon,YY1 IP - HCT116 cells,,,
BHLHE40,ELOVL3,leukocytes,"BHLHE40 IP - K562 cells, BHLHE40 IP - GM12878 cells",,,
CEBPB,ELOVL3,leukocytes,"CEBPB IP, CEBPB ChIP-Seq - K562, CEBPB IP - Rep 204, CEBPB IP - HL-60 cells, Rep 2 , CEBPB IP | oxLDL  - Rep 208, CEBPB IP, CEBPB IP - Rep 203, CEBPB IP | oxLDL  - Rep 205, CEBPB IP, CEBPB IP, CEBPB IP - HL-60 cells, Rep 1 , CEBPB IP - Rep 201, CEBPB IP | oxLDL  - Rep 206, CEBPB IP, CEBPB IP| oxLDL  - Rep 207",,,
CTCF,ELOVL3,adiposetissue,"CTCF ChIP-Seq - d -2, CTCF ChIP-Seq - d 0, CTCF ChIP-Seq - d 3, CTCF ChIP-Seq - d 9",,,
SRF,ELOVL3,stemcells,"SRF IP - Rep 5 , SRF IP - Rep 4 , SRF IP - Rep 6 , SRF IP - Rep 1 , SRF IP - Rep 2 , SRF IP - Rep 3 , SRF IP - Rep 7 ",,,
REST,ELOVL3,cns,"REST IP - PFSK1 cells, Rep 2, REST IP - U87 cells, REST IP - SK cells",,,
ZEB1,ELOVL3,leukocytes,ZEB1 IP - GM12878 cells,,,
FOXA1,ELOVL3,pancreas,"FOXA1 IP, FOXA1 IP | KLF5 KO, FOXA1 IP",,,
YY1,ELOVL3,uterus,YY1 IP - ECC1 cells,,,
CTCF,ELOVL3,mammarygland,"CTCF IP - HMF cells, Rep 1 , CTCF IP - MCF-7 cells Rep 2 , CTCF IP - T47D cells, CTCF IP - MCF-7 cells, Rep 1 , CTCF IP - HMF cells, Rep 2 , CTCF IP - MCF7 cells",,,
RELA,ELOVL3,adiposetissue,"RELA IP, RELA IP, RELA IP, RELA IP",,,
MYC,ELOVL3,leukocytes,"MYC IP - NB4 cells, MYC IP - K562 cells, Rep 1, MYC IP | IFNG - K562 cells, 6 h, MYC IP | IFNG - K562 cells, 30 min",,,
CTCF,ELOVL3,skin,"CTCF IP - AG10803 cells, Rep 2 , CTCF IP - AG04449 cells, Rep 1 , CTCF IP - NHDF cells , CTCF IP - HFFC cells, Rep 1 , CTCF IP - NHDF cells, Rep 1 , CTCF IP - HFFC cells, Rep 2 , CTCF IP - HFFC cells, Rep 3 , CTCF IP - NHEK cells, Rep 2 , CTCF IP - BJ cells, Rep 2 , CTCF IP - NHEK cells , CTCF IP - BJ cells, Rep 1 , CTCF IP - AG04449 cells, Rep 2 , CTCF IP - NHDF cells, Rep 2 , CTCF IP - GM12878 cells, Rep 2 , CTCF IP - AG10803 cells, Rep 1 , CTCF IP - AG09309 cells, Rep 2 , CTCF IP - AG09309 cells, Rep 1 ",,,
CTCF,ELOVL3,erythroidlineage,"CTCF IP - HEL 92.1.7 cells, Rep 5 , CTCF IP - HEL 92.1.7 cells, Rep 1 , CTCF IP - HEL 92.1.7 cells, Rep 8 , CTCF IP - Erythroid cells, Rep 2, CTCF IP - HEL 92.1.7 cells, Rep 7 , CTCF IP - HEL 92.1.7 cells, Rep 2 , CTCF IP - HEL 92.1.7 cells, Rep 13 , CTCF IP - HEL 92.1.7 cells, Rep 4 , CTCF IP - HEL 92.1.7 cells, Rep 10 , CTCF IP - HEL 92.1.7 cells, Rep 11 , CTCF IP - Erythroid cells, Rep 1, CTCF IP - HEL 92.1.7 cells, Rep 14 ",,,
CTCF,ELOVL3,kidney,"CTCF IP - HEK293 cells, Rep 2 , CTCF IP - RPTEC cells, Rep 1 , CTCF IP - HEK293 cells, Rep 1 , CTCF IP - HRE cells, Rep 1 , CTCF IP - RPTEC cells, Rep 2 , CTCF IP - HRE cells, Rep 2 ",,,
CREB1,ELOVL3,prostate,"FOXA1 siRNA | CREB1 ChIP-Seq - Rep 2, CREB1 siRNA | FOXA1 ChIP-Seq - Rep 2, CREB1 ChIP-Seq - Rep 1, CREB1 siRNA | FOXA1 ChIP-Seq - Rep 1, FOXA1 siRNA | CREB1 ChIP-Seq - Rep 1, CREB1 ChIP-Seq - LNCaP-abl, CREB1 ChIP-Seq - Rep 2",,,
FOXA1,ELOVL3,prostate,"FOXA1 siRNA | CREB1 ChIP-Seq - Rep 2, CON KD + R1881 | FOXA1 ChIP-Seq, FOXA1 KD | FOXA1 ChIP-Seq, FOXA1 ChIP-Seq, EtOH | FOXA1 ChIP-Seq - Rep 2, R1881 | FOXA1 ChIP-Seq - Rep 1, CREB1 siRNA | FOXA1 ChIP-Seq - Rep 2, FOXA1 ChIP-Seq - Rep 1, FOXA1 ChIP-Seq - Rep 2, CREB1 siRNA | FOXA1 ChIP-Seq - Rep 1, FOXA1 siRNA | CREB1 ChIP-Seq - Rep 1, CON KD | FOXA1 ChIP-Seq, EtOH | FOXA1 ChIP-Seq - , FOXA1 ChIP-Seq, GATA2 KD + R1881 | FOXA1 ChIP-Seq, DHT | FOXA1 ChIP-Seq, R1881 | FOXA1 ChIP-Seq - Rep 2, FOXA1 KD | FOXA1 ChIP-Seq, FOXA1 ChIP-Seq - LNCaP-abl, CON KD + R1881 | FOXA1 ChIP-Seq - Rep 2",,,
CTCF,ELOVL3,placenta,"CTCF IP - HVMF cells, Rep 2 , CTCF IP - HVMF cells, Rep 1 ",,,
ZBTB7A,ELOVL3,leukocytes,ZBTB7A IP - SK-N-SH cells,,,
MAX,ELOVL3,leukocytes,"MAX IP - K562 cells, Rep 1, MAX IP - NB4 cells, MAX IP - K562 cells, Rep 2, MAX IP - GM12878 cells, MAX IP - K562 cells",,,
JUN,ELOVL3,uterus,JUN IP - HeLa cells,,,
CTCF,ELOVL3,sensory,"CTCF IP - HRPEpiC cells, Rep 2 , CTCF IP - WERI , CTCF IP - WERI-Rb-1- cells, Rep 1 , CTCF IP - HRPEpiC cells, Rep 1 ",,,
FOXA1,ELOVL3,mammarygland,"FOXA1 ChIP-Seq - Rep 1, DEX | FOXA1 ChIP-Seq - Rep 1, DEX | FOXA1 ChIP-Seq - Rep 2, FOXA1 ChIP-Seq - Rep 2, FOXA1 ChIP-Seq - Rep 2, 17BE2 | FOXA1 ChIP-Seq - Rep 2, DHT | FOXA1 ChIP-Seq, FOXA1 ChIP-Seq - Rep 2, 17BE2 | FOXA1 ChIP-Seq - Rep 1, 17BE2 | FOXA1 ChIP-Seq - Rep 2, 17BE2 | FOXA1 ChIP-Seq - Rep 1, DEX | FOXA1 ChIP-Seq - Rep 2, DEX | FOXA1 ChIP-Seq - Rep 2",,,
MYC,ELOVL3,mammarygland,"MYC IP - MCF-10A cells, DHT | MYC ChIP-Seq, MYC IP | 4HT - MCF10A cells",,,
SP1,ELOVL3,colon,SP1 IP - HCT116 cells,,,
CEBPB,ELOVL3,liver,"CEBPB IP - HepG2 cells, CEBPB IP | FORSK - HepG2 cells, CEBPB ChIP-Seq - HepG2",,,
CTCF,ELOVL3,colon,"CTCF IP - HCT116 cells, Rep 2 , CTCF IP - Rep 3 , CTCF IP - Caco-2 cells, Rep 1 , CTCF IP - HCT116 cells, Rep 1 , CTCF IP - Rep 1 , CTCF IP - HCT116 cells, CTCF IP - Caco , CTCF IP - Rep 2 ",,,
GATA3,ELOVL3,mammarygland,"GATA3 IP - MCF7 cells, GATA3 IP - T47D cells",,,
CTCF,ELOVL3,stemcells,"CTCF IP - Rep 6 , CTCF IP - H1 cells , CTCF IP - H1 cells, CTCF IP - Rep 2 , CTCF IP - Rep 4 , CTCF IP - Rep 5 , CTCF IP - Rep 1 , CTCF IP - Rep 7 , CTCF IP - Rep 3 ",,,
GABPA,ELOVL3,leukocytes,"GABPA IP - Jurkat, Rep 2",,,
JUN,ELOVL3,vasculature,JUN IP,,,
TCF12,ELOVL3,stemcells,TCF12 IP - H1 cells,,,
SPI1,ELOVL3,leukocytes,"SPI1 IP | RUNX1 KD, SPI1 IP - K562 cells, SPI1 IP, SPI1 IP - HL-60 cells, Rep 4 , SPI1 IP, SPI1 IP, SPI1 IP - U-937 cells, Rep 6 , SPI1 IP - U-937 cells, Rep 4 , SPI1 IP - GM12891 cells, SPI1 IP, SPI1 IP, SPI1 IP, SPI1 IP - GM12878 cells, Rep 2 , SPI1 IP - HL cells, SPI1 IP, SPI1 IP - U-937 cells, Rep 1 ",,,
RUNX1,ELOVL3,leukocytes,"SPI1 IP | RUNX1 KD, RUNX1 IP - Rep 2",,,
EGR1,ELOVL3,leukocytes,EGR1 IP - K562 cells,,,
NFYB,ELOVL3,leukocytes,"NFYB IP - K562 cells, NFYB IP - GM12878 cells",,,
MAX,ELOVL3,stemcells,"MAX IP - H1 cells, MAX IP - H1 cells",,,
STAT3,ELOVL3,leukocytes,"STAT3 IP - OCI-LY7, STAT3 IP - SU-DHL-4, STAT3 IP - U-2932, STAT3 IP - SU-DHL-6",,,
CEBPA,ELOVL3,leukocytes,"CEBPA IP - U-937 cells, Rep 1 , CEBPA IP - U-937 cells, Rep 2 , CEBPA IP",,,
YY1,ELOVL3,leukocytes,"YY1 IP - K562 cells, Rep 2, YY1 IP - GM12891 cells, YY1 IP - GM12878 cells, YY1 IP - K562 cells, Rep 1, YY1 IP - GM12892 cells, Rep 1",,,
ZNF263,ELOVL3,kidney,ZNF263 IP - HEK293 cells,,,
CREB1,ELOVL3,liver,"CREB1 IP, CREB1 IP, CREB1 IP - HepG2 cells",,,
R1881,ELOVL3,prostate,"CON KD + R1881 | FOXA1 ChIP-Seq, R1881 | FOXA1 ChIP-Seq - Rep 1, GATA2 KD + R1881 | FOXA1 ChIP-Seq, R1881 | FOXA1 ChIP-Seq - Rep 2, CON KD + R1881 | FOXA1 ChIP-Seq - Rep 2",,,
E2F6,ELOVL3,lung,E2F6 IP - A549 cells,,,
RELA,ELOVL3,leukocytes,"RELA IP | TNF - GM19193 cells, RELA IP | TNF - GM19099 cells, RELA IP | BAY082  - IVD Th1 cells, PIA, RELA IP | TNF - GM15510 cells, RELA IP | TNF - GM12891 cells, RELA IP | TNF - GM18951 cells",,,
TNF,ELOVL3,leukocytes,"RELA IP | TNF - GM19193 cells, RELA IP | TNF - GM15510 cells, RELA IP | TNF - GM12891 cells, RELA IP | TNF - GM18951 cells",,,
CTCF,ELOVL3,lung,"CTCF IP - AG04450 cells, Rep 2 , CTCF IP | DEX - A549 cells, CTCF IP - WI-38 cells, Rep 1 , CTCF IP - A549 cells, CTCF IP - IMR cells, CTCF IP - A549 cells, Rep 2 , CTCF IP - NHLF cells , CTCF ChIP-Seq - A549, CTCF IP - HPF cells, Rep 2 , CTCF IP - AG04450 cells, Rep 1 , CTCF IP | DEX - A549 cells , CTCF IP - WI-38 cells, Rep 2 , CTCF IP - A549 cells, Rep 1 , CTCF IP - HPF cells, Rep 1 , CTCF IP - A549 cells , CTCF IP - SAEC cells, Rep 2 , CTCF IP - NHLF cells , CTCF IP - SAEC cells, Rep 1 ",,,
KLF11,ELOVL3,adiposetissue,"KLF11 ChIP-Seq, Rep 2, KLF11 ChIP-Seq, Rep 1, ROSI (BrAT) | KLF11 ChIP-Seq, Rep 1, ROSI (BrAT) | KLF11 ChIP-Seq, Rep 2",,,
CTCF,ELOVL3,megakaryocytelineage,"CTCF IP - MEG-01 cells, Rep 6 , CTCF IP - MEG-01 cells, Rep 2 , CTCF IP - MEG-01 cells, Rep 4 , CTCF IP - MEG-01 cells, Rep 10 , CTCF IP - CHRF-288-11 cells, Rep 1 , CTCF IP - MEG-01 cells, Rep 8 ",,,
DEX,ELOVL3,lung,"CTCF IP | DEX - A549 cells, FOXA1 IP | DEX - A549 cells, CTCF IP | DEX - A549 cells , CREB1 IP | DEX - A549 cells",,,
RBPJ,ELOVL3,leukocytes,"RBPJ IP | COMPE, RBPJ IP | COMPE - wash",,,
COMPE,ELOVL3,leukocytes,"RBPJ IP | COMPE, RBPJ IP | COMPE - wash",,,
CREB1,ELOVL3,leukocytes,"CREB1 IP - K562 cells, CREB1 IP - GM12878 cells",,,
HEY1,ELOVL3,leukocytes,HEY1 IP - K562 cells,,,
JUND,ELOVL3,leukocytes,JUND IP - K562 cells,,,
ERG,ELOVL3,prostate,"DHT | ERG ChIP-Seq - 18 h, DHT | ERG ChIP-Seq - 2 h, ERG ChIP-Seq",,,
DHT,ELOVL3,prostate,"DHT | ERG ChIP-Seq - 18 h, DHT | ERG ChIP-Seq - 2 h, DHT | FOXA1 ChIP-Seq",,,
TP53,ELOVL3,mammarygland,"TP53 IP, TP53 IP | NUTL3 - MCF-7",,,
MXI1,ELOVL3,uterus,MXI1 IP - HeLa cells,,,
MAX,ELOVL3,liver,"MAX IP - HepG2 cells, MAX IP - HepG2 cells, MAX IP - MCF7 cells",,,
TEAD4,ELOVL3,colon,TEAD4 IP - HCT116 cells,,,
DHT,ELOVL3,mammarygland,"DHT | MYC ChIP-Seq, DHT | FOXA1 ChIP-Seq",,,
GTF2F1,ELOVL3,uterus,GTF2F1 IP - HeLa cells,,,
FOS,ELOVL3,leukocytes,FOS IP - K562 cells,,,
CTCF,ELOVL3,uterus,"CTCF IP - HeLa cells , CTCF IP - HeLa cells, Rep 1 , CTCF IP - ECC1 cells",,,
ZNF384,ELOVL3,leukocytes,ZNF384 IP - K562 cells,,,
E2F3,ELOVL3,colon,E2F3 IP ,,,
GTF2B,ELOVL3,uterus,GTF2B IP - Rep 3,,,
CEBPB,ELOVL3,bone,"CEBPB IP, CEBPB IP",,,
JUND,ELOVL3,uterus,JUND IP - HeLa cells,,,
4HT,ELOVL3,mammarygland,"MYC IP | 4HT - MCF10A cells, FOS IP | 4HT - MCF10A cells, 36 h, FOS IP | 4HT - MCF10A cells, 12 h, FOS IP | 4HT - MCF10A cells, 4 h, STAT3 IP | 4HT - MCF10 cells, 12 h",,,
MXI1,ELOVL3,cns,MXI1 IP - SK-N-SH cells ,,,
MXI1,ELOVL3,leukocytes,MXI1 IP - GM12878 cells,,,
FORSK,ELOVL3,liver,CEBPB IP | FORSK - HepG2 cells,,,
USF1,ELOVL3,uterus,USF1 IP - ECC1 cells,,,
E2F6,ELOVL3,leukocytes,"E2F6 IP - K562 cells, E2F6 IP - K562 cells",,,
ELF3,ELOVL3,pancreas,"ELF3 IP, ELF3 IP, ELF3 IP | KLF5 KO",,,
SP1,ELOVL3,leukocytes,"SP1 IP - GM12878 cells, SP1 IP - K562 cells",,,
FOS,ELOVL3,mammarygland,"FOS IP | 4HT - MCF10A cells, 36 h, FOS IP - MCF10A cells, FOS IP | 17BE2, FOS IP | 4HT - MCF10A cells, 12 h, FOS IP | 4HT - MCF10A cells, 4 h",,,
ZNF143,ELOVL3,leukocytes,"ZNF143 IP - GM12878 cells, ZNF143 IP - K562 cells",,,
TEAD4,ELOVL3,leukocytes,TEAD4 IP - K562 cells,,,
KLF5,ELOVL3,pancreas,"FOXA1 IP | KLF5 KO, KLF5 IP, ELF3 IP | KLF5 KO",,,
MAFK,ELOVL3,uterus,MAFK IP - HeLa cells,,,
TEAD4,ELOVL3,liver,TEAD4 IP - HepG2 cells,,,
TFAP4,ELOVL3,leukocytes,TFAP4 IP - Rep 1,,,
IFNG,ELOVL3,leukocytes,"MYC IP | IFNG - K562 cells, 6 h, IRF1 IP | IFNG - K562 cells, 6 h, STAT1 IP - Rep 5, STAT1 IP - Rep 4, STAT1 IP - Rep 3, MYC IP | IFNG - K562 cells, 30 min, STAT1 IP - Rep 2",,,
STAT1,ELOVL3,uterus,"STAT1 IP | IFNG - HeLa cells, 30 min",,,
IFNG,ELOVL3,uterus,"STAT1 IP | IFNG - HeLa cells, 30 min",,,
JUND,ELOVL3,liver,"JUND IP - HepG2 cells, JUND IP - HepG2 cells",,,
GATA4,ELOVL3,stemcells,GATA4 IP - Rep 3 ,,,
EGR1,ELOVL3,uterus,EGR1 IP - ECC1 cells,,,
SP1,ELOVL3,liver,SP1 IP - HepG2 cells,,,
E2F6,ELOVL3,stemcells,E2F6 IP - H1 cells,,,
SP1,ELOVL3,stemcells,"SP1 IP - Rep 2 , SP1 IP - Rep 1 , SP1 IP - H1 cells",,,
GATA4,ELOVL3,stomach,GATA4 IP - AGS,,,
CTCF,ELOVL3,heart,"CTCF IP - HCF cells , CTCF IP - myocytes cells, Rep 1 , CTCF IP - myocytes cells, Rep 2 ",,,
IRF1,ELOVL3,leukocytes,"IRF1 IP | IFNG - K562 cells, 6 h",,,
CEBPB,ELOVL3,lung,"CEBPB IP - A549 cells, CEBPB ChIP-Seq - A549, CEBPB ChIP-Seq - IMR90",,,
ZNF143,ELOVL3,stemcells,ZNF143 IP - H1 cells,,,
TEAD4,ELOVL3,stemcells,TEAD4 IP - H1 cells,,,
JUN,ELOVL3,mammarygland,"JUN IP - Rep 2, JUN IP - Rep 1",,,
FOSL2,ELOVL3,cns,FOSL2 IP - SK-N-SH cells,,,
NFKB2,ELOVL3,leukocytes,"NFKB2 IP - Rep 1, NFKB2 IP - Rep 2",,,
ELF1,ELOVL3,colon,ELF1 IP - HCT116 cells,,,
DEX,ELOVL3,mammarygland,"DEX | FOXA1 ChIP-Seq - Rep 1, DEX | FOXA1 ChIP-Seq - Rep 2, DEX | FOXA1 ChIP-Seq - Rep 2, DEX | FOXA1 ChIP-Seq - Rep 2",,,
CTCF,ELOVL3,bone,"CTCF IP - Osteoblasts , CTCF IP",,,
SIX2,ELOVL3,kidney,"SIX2 IP - 17 weeks, Rep 2, SIX2 IP - 17 weeks, Rep 1",,,
TBP,ELOVL3,uterus,TBP IP - HeLa cells,,,
HIF1A,ELOVL3,bone,HIF1A IP,,,
IRF1,ELOVL3,pancreas,IRF1 IP,,,
E2F6,ELOVL3,uterus,E2F6 IP - HeLa cells,,,
CTCF,ELOVL3,miscellaneous,"CTCF IP - AG09319 cells, Rep 2 , CTCF IP - AG09319 cells, Rep 1 ",,,
MAX,ELOVL3,uterus,"MAX IP - HeLa cells, Rep 1, MAX IP - ECC1 cells, MAX IP - HeLa cells, Rep 2",,,
CTCF,ELOVL3,hspcs,"CTCF IP - HSPCs, Rep 2, CTCF IP - HSPCs, Rep 1",,,
ZEB1,ELOVL3,liver,ZEB1 IP - HepG2 cells,,,
CTCF,ELOVL3,pancreas,CTCF IP,,,
FOSL2,ELOVL3,mammarygland,FOSL2 IP - MCF7 cells,,,
STAT1,ELOVL3,leukocytes,"STAT1 IP - Rep 5, STAT1 IP - Rep 4, STAT1 IP - Rep 3, STAT1 IP - Rep 2",,,
NFKB1,ELOVL3,leukocytes,"NFKB1 IP - Rep 1, NFKB1 IP - Rep 2",,,
CTCF,ELOVL3,skeletalmuscle,"CTCF IP - HSMM cells, Rep 1 , CTCF IP - HSMM cells, Rep 2 ",,,
REST,ELOVL3,liver,"REST IP - HepG2 cells, Rep 2",,,
MYB,ELOVL3,leukocytes,"MYB IP - Jurkat, Rep 4",,,
TP53,ELOVL3,bone,"TP53 IP | TP53EE/RR OE, TP53 IP | TP53 OE",,,
IRF1,ELOVL3,colon,IRF1 IP ,,,
MAX,ELOVL3,lung,"MAX IP - A549 cells, MAX IP - A549 cells",,,
SRF,ELOVL3,colon,SRF IP - HCT116 cells,,,
CTCF,ELOVL3,liver,"CTCF IP - HepG2 cells , CTCF IP - HepG2 cells, Rep 2 , CTCF IP - HepG2 cells, Rep 1 , CTCF IP, CTCF IP - SK-N-SH cells",,,
MYC,ELOVL3,uterus,MYC IP - HeLa cells,,,
MYBL2,ELOVL3,liver,MYBL2 IP - HepG2 cells,,,
ROSI,ELOVL3,adiposetissue,"ROSI (BrAT) | KLF11 ChIP-Seq, Rep 1, ROSI (BrAT) | KLF11 ChIP-Seq, Rep 2",,,
HMGN3,ELOVL3,leukocytes,HMGN3 IP - K562 cells,,,
FOXA1,ELOVL3,lung,FOXA1 IP | DEX - A549 cells,,,
BAY082,ELOVL3,leukocytes,"RELA IP | BAY082  - IVD Th1 cells, PIA",,,
JUN,ELOVL3,colon,JUN IP ,,,
STAT3,ELOVL3,mammarygland,"STAT3 IP - MCF10A cells, Rep 2, STAT3 IP | 4HT - MCF10 cells, 12 h",,,
17BE2,ELOVL3,mammarygland,"17BE2 | FOXA1 ChIP-Seq - Rep 2, 17BE2 | FOXA1 ChIP-Seq - Rep 1, 17BE2 | FOXA1 ChIP-Seq - Rep 2, 17BE2 | FOXA1 ChIP-Seq - Rep 1, FOS IP | 17BE2",,,
CEBPB,ELOVL3,uterus,"CEBPB IP - ECC1 cells, CEBPB ChIP-Seq - HeLaS3",,,
CTCF,ELOVL3,mammarygland,"CTCF IP - HMEC cells, Rep 2 , CTCF IP - HMEC cells, Rep 1 , CTCF IP - HMEC cells ",,,
125DVD3,ELOVL3,colon,CEBPB IP | 125DVD3,,,
MAZ,ELOVL3,lung,MAZ IP - IMR cells,,,
HEY1,ELOVL3,liver,HEY1 IP - HepG2 cells,,,
TCF7L2,ELOVL3,mammarygland,TCF7L2 ChIP-Seq,,,
MAX,ELOVL3,cns,MAX IP - SK-N-SH cells,,,
BCL3,ELOVL3,leukocytes,BCL3 IP - GM12878 cells,,,
ETS1,ELOVL3,leukocytes,ETS1 IP,,,
SRF,ELOVL3,mammarygland,SRF IP - MCF7 cells,,,
SMAD1,ELOVL3,hspcs,"SMAD1 IP - Rep 3, SMAD1 IP - Rep 2",,,
JUND,ELOVL3,cns,"JUND IP - SK-N-SH cells, JUND IP - SK-N-SH cells ",,,
E2F1,ELOVL3,uterus,"E2F1 IP - HeLa cells, Rep 2, E2F1 IP - HeLa cells, Rep 1",,,
FOSL2,ELOVL3,lung,FOSL2 IP - A549 cells,,,
HOXA6,ELOVL3,colon,HOXA6 IP ,,,
REST,ELOVL3,pancreas,"REST IP - Panc1 cells, Rep 3",,,
MAX,ELOVL3,vasculature,MAX IP - HUVEC cells,,,
FOSL2,ELOVL3,liver,FOSL2 IP - HepG2 cells,,,
MXI1,ELOVL3,liver,MXI1 IP - HepG2 cells,,,
TBP,ELOVL3,leukocytes,TBP IP - K562 cells,,,
TCF12,ELOVL3,cns,TCF12 IP - SK-N-SH cells,,,
E2F1,ELOVL3,mammarygland,"E2F1 IP, E2F1 IP - MCF7 cells",,,
SP1,ELOVL3,lung,SP1 IP - A549 cells,,,
CTCF,ELOVL3,esophagus,"CTCF IP - HEEpiC cells, Rep 2 , CTCF IP - HEEpiC cells, Rep 1 ",,,
MAZ,ELOVL3,leukocytes,"MAZ IP - K562 cells, MAZ IP - GM12878 cells",,,
TCF12,ELOVL3,uterus,TCF12 IP - ECC1 cells,,,
ASCL1,ELOVL3,skin,ASCL1 IP - NHDF,,,
TCF7L2,ELOVL3,uterus,TCF7L2 IP - HeLa cells,,,
IRF4,ELOVL3,leukocytes,"IRF4 IP, IRF4 IP - GM12878 cells",,,
CEBPA,ELOVL3,adiposetissue,CEBPA ChIP-Seq,,,
ATF3,ELOVL3,lung,ATF3 IP - A549 cells,,,
MAFK,ELOVL3,lung,MAFK IP - IMR cells,,,
ELF1,ELOVL3,liver,ELF1 IP - HepG2 cells,,,
PAX5,ELOVL3,leukocytes,"PAX5 IP - GM12878 cells, Rep 1",,,
CREB1,ELOVL3,lung,CREB1 IP | DEX - A549 cells,,,
GATA2,ELOVL3,prostate,GATA2 KD + R1881 | FOXA1 ChIP-Seq,,,
USF1,ELOVL3,colon,USF1 IP - HCT116 cells,,,
RELA,ELOVL3,colon,RELA IP ,,,
JUND,ELOVL3,colon,JUND IP - HCT116 cells,,,
JUND,ELOVL3,mammarygland,JUND IP - MCF7 cells,,,
RUNX1,ELOVL3,hspcs,RUNX1,,,
ZBTB7A,ELOVL3,liver,ZBTB7A IP - HepG2 cells,,,
YY1,ELOVL3,stemcells,YY1 IP - H1 cells,,,
CEBPB,ELOVL3,mammarygland,CEBPB IP - MCF7 cells,,,
RUNX1T1,ELOVL3,leukocytes,RUNX1T1 IP,,,
ELF1,ELOVL3,leukocytes,"ELF1 IP - SK-N-SH cells, ELF1 IP - SK-N-SH cells",,,
EGR1,ELOVL3,colon,EGR1 IP - HCT116 cells,,,
MAX,ELOVL3,colon,MAX IP - HCT116 cells,,,
ELF1,ELOVL3,mammarygland,ELF1 IP - MCF7 cells,,,
BACH1,ELOVL3,stemcells,BACH1 IP - H1 cells,,,
POU2F2,ELOVL3,leukocytes,POU2F2 IP - GM12878 cells,,,
ZBTB7A,ELOVL3,uterus,ZBTB7A IP - ECC1 cells,,,
FOS,ELOVL3,vasculature,FOS IP - HUVEC cells,,,
TEAD4,ELOVL3,uterus,TEAD4 IP - ECC1 cells,,,
HOXA4,ELOVL3,colon,HOXA4 IP ,,,
CREB1,ELOVL3,stemcells,CREB1 IP - H1 cells,,,
FOXM1,ELOVL3,leukocytes,FOXM1 IP - GM12878 cells,,,
REST,ELOVL3,leukocytes,"REST IP - GM12878 cells, Rep 2",,,
MAZ,ELOVL3,uterus,MAZ IP - HeLa cells,,,
ZKSCAN1,ELOVL3,uterus,ZKSCAN1 IP - HeLa cells,,,
JUND,ELOVL3,vasculature,JUND IP,,,
JUN,ELOVL3,leukocytes,JUN IP | IFNA1-13 - 30 min ,,,
IFNA1,ELOVL3,leukocytes,JUN IP | IFNA1-13 - 30 min ,,,
USF1,ELOVL3,stemcells,USF1 IP - H1 cells,,,
NFYA,ELOVL3,leukocytes,NFYA IP - K562 cells,,,
ZBTB7A,ELOVL5,uterus,ZBTB7A IP - ECC1 cells,,,
JUN,ELOVL5,leukocytes,"JUN IP - K562 cells, Rep 1, JUN IP | IFNG - K562 cells, 30 min, JUN IP - K562 cells, Rep 2, JUN IP | IFNA1-13 - 30 min ",,,
TCF3,ELOVL5,leukocytes,TCF3 IP - GM12878 cells,,,
TBP,ELOVL5,leukocytes,"TBP IP - GM12878 cells, TBP IP - K562 cells",,,
GATA2,ELOVL5,leukocytes,"GATA2 IP - K562 cells, GATA2 IP - K562 cells",,,
GABPA,ELOVL5,leukocytes,"GABPA IP - Jurkat, Rep 2, GABPA IP - GM12878 cells, Rep 2 , GABPA IP - HL cells, GABPA IP - Jurkat, Rep 1, GABPA IP - K562 cells, GABPA IP - GM12878 cells, Rep 3 , GABPA IP - GM12878 cells, Rep 1 , GABPA IP - GM12878 cells, Rep 4 ",,,
MYB,ELOVL5,leukocytes,"MYB IP - Jurkat, Rep 3, MYB IP - Jurkat, Rep 1, MYB IP - MOLT3, MYB IP - Jurkat, Rep 4, MYB IP - Jurkat, Rep 5, MYB IP - Jurkat, Rep 2",,,
CEBPB,ELOVL5,stemcells,"CEBPB IP, CEBPB IP, CEBPB IP, CEBPB IP, CEBPB IP, CEBPB IP",,,
SPI1,ELOVL5,leukocytes,"SPI1 IP, SPI1 IP, SPI1 IP - U-937 cells, Rep 6 , SPI1 IP - GM12891 cells, SPI1 IP, SPI1 IP - U-937 cells, Rep 4 , SPI1 IP - GM12878 cells, Rep 3 , SPI1 IP - GM12878 cells, Rep 4 , SPI1 IP | RUNX1 KD, SPI1 IP, SPI1 IP - U-937 cells, Rep 3 , SPI1 IP, SPI1 IP, SPI1 IP, SPI1 IP - U-937 cells, Rep 1 , SPI1 IP - GM12878 cells, SPI1 IP - K562 cells, SPI1 IP - U-937 cells, Rep 5 , SPI1 IP - GM12878 cells, Rep 2 , SPI1 IP, SPI1 IP - HL cells",,,
STAT1,ELOVL5,leukocytes,"STAT1 IP - Rep 1, STAT1 IP - Rep 4, STAT1 IP - Rep 2, STAT1 IP - Rep 3, STAT1 IP - Rep 5",,,
IFNG,ELOVL5,leukocytes,"STAT1 IP - Rep 1, STAT1 IP - Rep 4, STAT1 IP - Rep 2, STAT1 IP - Rep 3, JUN IP | IFNG - K562 cells, 30 min, MYC IP | IFNG - K562 cells, 6 h, MYC IP | IFNG - K562 cells, 30 min, IRF1 IP | IFNG - K562 cells, 30 min, IRF1 IP | IFNG - K562 cells, 6 h, STAT1 IP - Rep 5",,,
FOXA1,ELOVL5,mammarygland,"FOXA1 ChIP-Seq - Rep 1, 17BE2 | FOXA1 ChIP-Seq, DEX | FOXA1 ChIP-Seq - Rep 1, FOXA1 ChIP-Seq - Rep 2, FOXA1 ChIP-Seq - Rep 2, DHT | FOXA1 ChIP-Seq, DEX | FOXA1 ChIP-Seq - Rep 2, 17BE2 | FOXA1 ChIP-Seq - Rep 2, 17BE2 | FOXA1 ChIP-Seq - Rep 1, DEX | FOXA1 ChIP-Seq - Rep 2, DEX | FOXA1 ChIP-Seq - Rep 2, FOXA1 ChIP-Seq - Rep 2",,,
IRF1,ELOVL5,colon,IRF1 IP ,,,
FOXP2,ELOVL5,cns,FOXP2 IP - PFSK-1 cells,,,
CTCF,ELOVL5,leukocytes,"CTCF IP - GM18486 cells, Rep 3 , CTCF IP - MS1 cells, Rep 3 , CTCF IP - GM2255 cells, Rep 2 , CTCF IP - MS1 cells, Rep 4 , CTCF IP - GM2255 cells, Rep 3 , CTCF IP - GM12892 cells, Rep 2 , CTCF IP - GM19239 cells, Rep 2 , CTCF IP - GM19239 cells, Rep 1 , CTCF IP - GM12878 cells, Rep 1 , CTCF IP - GM2610 cells, Rep 2 , CTCF IP - GM19240 cells, Rep 2 , CTCF IP - GM19238 cells, Rep 1 , CTCF IP - GM2588 cells, Rep 3 , CTCF ChIP-Seq - GM12878, CTCF IP, CTCF IP - MS1 cells, Rep 1 , CTCF IP - GM2610 cells, Rep 1 , CTCF IP - MS1 cells, Rep 2 , CTCF IP - GM2630 cells, Rep 3 , CTCF IP - GM12891 cells, Rep 2 , CTCF IP - GM19240 cells, Rep 1 ",,,
GATA2,ELOVL5,vasculature,GATA2 IP - HUVEC cells,,,
ZNF143,ELOVL5,stemcells,ZNF143 IP - H1 cells,,,
CREB1,ELOVL5,prostate,"CREB1 ChIP-Seq - Rep 2, FOXA1 siRNA | CREB1 ChIP-Seq - Rep 2, CREB1 siRNA | FOXA1 ChIP-Seq - Rep 2, CREB1 ChIP-Seq - Rep 1, CREB1 siRNA | FOXA1 ChIP-Seq - Rep 1, FOXA1 siRNA | CREB1 ChIP-Seq - Rep 1, CREB1 ChIP-Seq - LNCaP, CREB1 ChIP-Seq - LNCaP-abl",,,
ELF3,ELOVL5,pancreas,"ELF3 IP | KLF5 KO, ELF3 IP, ELF3 IP",,,
KLF5,ELOVL5,pancreas,"ELF3 IP | KLF5 KO, FOXA1 IP | KLF5 KO, KLF5 IP",,,
YY1,ELOVL5,leukocytes,"YY1 IP - K562 cells, Rep 1, YY1 IP - GM12891 cells, YY1 IP - GM12892 cells, Rep 1, YY1 IP - K562 cells, YY1 IP - GM12878 cells, YY1 IP - K562 cells, Rep 2",,,
EGR1,ELOVL5,leukocytes,EGR1 IP - K562 cells,,,
GATA2,ELOVL5,prostate,"GATA2 ChIP-Seq, FOXA1 + FBS | GATA2 ChIP-Seq, GATA2 ChIP-Seq - Rep 1, GATA2 KD  | GATA2 ChIP-Seq, CON KD | GATA2 ChIP-Seq, CON KD + R1881 | GATA2 ChIP-Seq, GATA2 KD + R1881 | GATA2 ChIP-Seq, CON KD + FBS | GATA2 ChIP-Seq, CON KD  | GATA2 ChIP-Seq, GATA2 KD  | FOXA1 ChIP-Seq, GATA2 KD + R1881 | FOXA1 ChIP-Seq, GATA2 ChIP-Seq - Rep 2, FOXA1 KD | GATA2 ChIP-Seq",,,
CREB1,ELOVL5,liver,"CREB1 IP, CREB1 IP, CREB1 IP, CREB1 IP - HepG2 cells",,,
FOXA1,ELOVL5,prostate,"FOXA1 + FBS | GATA2 ChIP-Seq, FOXA1 KD | FOXA1 ChIP-Seq, CON KD + R1881 | FOXA1 ChIP-Seq, FOXA1 ChIP-Seq, FOXA1 siRNA | CREB1 ChIP-Seq - Rep 2, PIAS1 + R1881 | FOXA1 ChIP-Seq - Rep 2, FOXA1 ChIP-Seq, PIAS1 + R1881 | FOXA1 ChIP-Seq - Rep 1, WT AR OE + FOXA1 OE | FOXA1 ChIP-Seq - high FOXA1, EtOH | FOXA1 ChIP-Seq - Rep 2, AR C562S OE + FOXA1 OE | FOXA1 ChIP-Seq, CREB1 siRNA | FOXA1 ChIP-Seq - Rep 2, CON KD  | FOXA1 ChIP-Seq, FOXA1 ChIP-Seq, R1881 | FOXA1 ChIP-Seq - Rep 1, CON KD | FOXA1 ChIP-Seq, FOXA1 ChIP-Seq - LNCaP, FOXA1 ChIP-Seq - Rep 1, FOXA1 ChIP-Seq - Rep 2, CREB1 siRNA | FOXA1 ChIP-Seq - Rep 1, CON KD + R1881 | FOXA1 ChIP-Seq - Rep 1, DHT | FOXA1 ChIP-Seq, CON KD | FOXA1 ChIP-Seq, WT AR OE + FOXA1 OE | FOXA1 ChIP-Seq, FOXA1 ChIP-Seq, EtOH | FOXA1 ChIP-Seq - , GATA2 KD  | FOXA1 ChIP-Seq, GATA2 KD + R1881 | FOXA1 ChIP-Seq, DHT | FOXA1 ChIP-Seq, FOXA1 siRNA | CREB1 ChIP-Seq - Rep 1, R1881 | FOXA1 ChIP-Seq - Rep 2, AR Q640X OE + FOXA1 OE | FOXA1 ChIP-Seq, FOXA1 ChIP-Seq - LNCaP-abl, CON KD | FOXA1 ChIP-Seq, FOXA1 KD | FOXA1 ChIP-Seq, CON KD + R1881 | FOXA1 ChIP-Seq - Rep 2, FOXA1 KD | GATA2 ChIP-Seq",,,
REST,ELOVL5,leukocytes,REST IP - K562 cells,,,
CEBPB,ELOVL5,colon,CEBPB IP - HCT116 cells,,,
CREB1,ELOVL5,lung,"CREB1 IP - A549 cells, Rep 2, CREB1 IP | DEX - A549 cells, CREB1 IP - A549 cells, Rep 1",,,
PAX5,ELOVL5,leukocytes,"PAX5 IP - GM12878 cells, Rep 1, PAX5 IP - GM12892 cells, PAX5 IP - GM12878 cells, Rep 2",,,
EBF1,ELOVL5,adiposetissue,EBF1 IP,,,
YY1,ELOVL5,stemcells,YY1 IP - H1 cells,,,
ZEB1,ELOVL5,leukocytes,ZEB1 IP - GM12878 cells,,,
TCF12,ELOVL5,lung,TCF12 IP - A549 cells,,,
TP53,ELOVL5,mammarygland,TP53 IP,,,
FOS,ELOVL5,leukocytes,"FOS IP - GM12878 cells, FOS IP - K562 cells",,,
MYC,ELOVL5,leukocytes,"MYC IP | IFNA1 - K562 cells, 6 h, MYC IP | IFNG - K562 cells, 6 h, MYC IP | IFNG - K562 cells, 30 min, MYC IP | IFNA1 - K562 cells, 30 min, MYC IP - K562 cells, Rep 1, MYC IP - K562 cells, Rep 2, MYC IP - NB4 cells",,,
IFNA1,ELOVL5,leukocytes,"MYC IP | IFNA1 - K562 cells, 6 h, IRF1 IP | IFNA1-13 - K562 cells, 6 h, MYC IP | IFNA1 - K562 cells, 30 min, JUN IP | IFNA1-13 - 30 min ",,,
MAX,ELOVL5,colon,MAX IP - HCT116 cells,,,
PBX3,ELOVL5,cns,PBX3 IP - SK-N-SH cells,,,
MAX,ELOVL5,leukocytes,"MAX IP - K562 cells, MAX IP - NB4 cells, MAX IP - K562 cells, Rep 2, MAX IP - K562 cells, Rep 1",,,
FOS,ELOVL5,mammarygland,"FOS IP | 4HT - MCF10A cells, 12 h, FOS IP - MCF10A cells, FOS IP | 4HT - MCF10A cells, 36 h, FOS IP | 4HT - MCF10A cells, 4 h",,,
4HT,ELOVL5,mammarygland,"FOS IP | 4HT - MCF10A cells, 12 h, E2F4 IP | 4HT - MCF10 cells, FOS IP | 4HT - MCF10A cells, 36 h, FOS IP | 4HT - MCF10A cells, 4 h, STAT3 IP | 4HT - MCF10 cells, 36 h",,,
CEBPB,ELOVL5,leukocytes,"CEBPB IP - Rep 204, CEBPB ChIP-Seq - K562, CEBPB IP | oxLDL  - Rep 208, CEBPB IP, CEBPB IP - K562 cells",,,
TEAD4,ELOVL5,leukocytes,TEAD4 IP - K562 cells,,,
ERG,ELOVL5,leukocytes,ERG IP - Rep 1,,,
RELA,ELOVL5,adiposetissue,"RELA IP, RELA IP, RELA IP, RELA IP",,,
ELF1,ELOVL5,leukocytes,"ELF1 IP - SK-N-SH cells, ELF1 IP - SK-N-SH cells",,,
CREB1,ELOVL5,colon,CREB1 IP ,,,
R1881,ELOVL5,prostate,"CON KD + R1881 | FOXA1 ChIP-Seq, PIAS1 + R1881 | FOXA1 ChIP-Seq - Rep 2, PIAS1 + R1881 | FOXA1 ChIP-Seq - Rep 1, CON KD + R1881 | GATA2 ChIP-Seq, R1881 | FOXA1 ChIP-Seq - Rep 1, GATA2 KD + R1881 | GATA2 ChIP-Seq, CON KD + R1881 | FOXA1 ChIP-Seq - Rep 1, GATA2 KD + R1881 | FOXA1 ChIP-Seq, R1881 | FOXA1 ChIP-Seq - Rep 2, CON KD + R1881 | FOXA1 ChIP-Seq - Rep 2, GABPA IP | R1881",,,
JUN,ELOVL5,colon,JUN IP ,,,
KLF11,ELOVL5,adiposetissue,"KLF11 ChIP-Seq, Rep 2, ROSI (BrAT) | KLF11 ChIP-Seq, Rep 1, KLF11 ChIP-Seq, Rep 1, ROSI (BrAT) | KLF11 ChIP-Seq, Rep 2",,,
E2F3,ELOVL5,colon,E2F3 IP ,,,
E2F6,ELOVL5,leukocytes,"E2F6 IP - K562 cells, E2F6 IP - K562 cells",,,
FOSL1,ELOVL5,colon,FOSL1 IP - HCT116 cells,,,
NFYB,ELOVL5,uterus,NFYB IP - HeLa cells,,,
MXI1,ELOVL5,liver,MXI1 IP - HepG2 cells,,,
MAZ,ELOVL5,lung,MAZ IP - IMR cells,,,
JUND,ELOVL5,stemcells,JUND IP - H1 cells,,,
CTCF,ELOVL5,cns,"CTCF IP - SK-N-SH cells, Rep 2 ",,,
ETS1,ELOVL5,leukocytes,"ETS1 IP - K562 cells, ETS1 IP",,,
NFYB,ELOVL5,leukocytes,"NFYB IP - GM12878 cells, NFYB IP - K562 cells",,,
IRF1,ELOVL5,leukocytes,"IRF1 IP | IFNA1-13 - K562 cells, 6 h, IRF1 IP | IFNG - K562 cells, 30 min, IRF1 IP | IFNG - K562 cells, 6 h",,,
FOXA2,ELOVL5,liver,FOXA2 IP - HepG2 cells,"19822575,",,
SREBF1,ELOVL5,liver,SREBF1 IP | INS + 22RHC - HepG2 cells,,,
22RHC; INS,ELOVL5,liver,SREBF1 IP | INS + 22RHC - HepG2 cells,,,
FOXM1,ELOVL5,mammarygland,FOXM1 IP | THSP - DS006,,,
PIAS1,ELOVL5,prostate,"PIAS1 + R1881 | FOXA1 ChIP-Seq - Rep 2, PIAS1 + R1881 | FOXA1 ChIP-Seq - Rep 1",,,
HMGN3,ELOVL5,leukocytes,HMGN3 IP - K562 cells,,,
E2F6,ELOVL5,lung,E2F6 IP - A549 cells,,,
MAX,ELOVL5,liver,"MAX IP - HepG2 cells, MAX IP - HepG2 cells, MAX IP - MCF7 cells",,,
GABPA,ELOVL5,uterus,GABPA IP - HeLa cells,,,
17BE2,ELOVL5,mammarygland,"17BE2 | FOXA1 ChIP-Seq, 17BE2 | FOXA1 ChIP-Seq - Rep 2, 17BE2 | FOXA1 ChIP-Seq - Rep 1",,,
HOXA6,ELOVL5,colon,HOXA6 IP ,,,
JUND,ELOVL5,uterus,JUND IP - HeLa cells,,,
CREB1,ELOVL5,leukocytes,"CREB1 IP - K562 cells, CREB1 IP, CREB1 IP - GM12878 cells, CREB1 IP",,,
FOXA1,ELOVL5,liver,"FOXA1 IP - HepG2 cells, Rep 1, FOXA1 IP - HepG2 cells, Rep 2",,,
FOXP1,ELOVL5,prostate,DHT | FOXP1 ChIP-Seq,,,
DHT,ELOVL5,prostate,"DHT | FOXP1 ChIP-Seq, DHT | FOXA1 ChIP-Seq, DHT | FOXA1 ChIP-Seq, DHT | ERG ChIP-Seq - 18 h, DHT | ERG ChIP-Seq - 2 h",,,
NFYA,ELOVL5,leukocytes,NFYA IP - K562 cells,,,
ATF2,ELOVL5,leukocytes,ATF2 IP - GM12878 cells,,,
CEBPA,ELOVL5,leukocytes,CEBPA IP,,,
SP1,ELOVL5,colon,SP1 IP - HCT116 cells,,,
RUNX1T1,ELOVL5,leukocytes,RUNX1T1 IP,,,
EGR1,ELOVL5,colon,EGR1 IP - HCT116 cells,,,
BACH1,ELOVL5,stemcells,BACH1 IP - H1 cells,,,
E2F1,ELOVL5,uterus,"E2F1 IP - HeLa cells, Rep 1, E2F1 IP - HeLa cells, Rep 2",,,
ZNF384,ELOVL5,leukocytes,"ZNF384 IP - GM12878 cells, ZNF384 IP - K562 cells",,,
GABPA,ELOVL5,liver,"GABPA IP - MCF7 cells, GABPA IP - HepG2 cells",,,
DEX,ELOVL5,lung,"CREB1 IP | DEX - A549 cells, USF1 IP | DEX - A549 cells",,,
YY1,ELOVL5,lung,YY1 IP - A549 cells,,,
AR,ELOVL5,prostate,"WT AR OE + FOXA1 OE | FOXA1 ChIP-Seq - high FOXA1, AR C562S OE + FOXA1 OE | FOXA1 ChIP-Seq, WT AR OE + FOXA1 OE | FOXA1 ChIP-Seq, AR Q640X OE + FOXA1 OE | FOXA1 ChIP-Seq",,,
STAT3,ELOVL5,leukocytes,"STAT3 IP - SU-DHL-2, STAT3 IP - OCI-LY19, STAT3 IP - SU-DHL-6, STAT3 IP - OCI-LY7",,,
FOS,ELOVL5,vasculature,FOS IP - HUVEC cells,,,
ERG,ELOVL5,prostate,"ERG ChIP-Seq, ERG ChIP-Seq, DHT | ERG ChIP-Seq - 18 h, DHT | ERG ChIP-Seq - 2 h",,,
TP53,ELOVL5,lung,"TP53 IP - propapoptic, Rep 1",,,
SP1,ELOVL5,lung,SP1 IP - A549 cells,,,
SOX2,ELOVL5,esophagus,SOX2 IP - KYSE-70,,,
SRF,ELOVL5,colon,SRF IP - HCT116 cells,,,
FOXA1,ELOVL5,stemcells,"FOXA1 IP - ES D10, FOXA1 IP - ES D7, FOXA1 IP - ES D5, FOXA1 IP - Rep 5 ",,,
ZNF263,ELOVL5,kidney,ZNF263 IP - HEK293 cells,,,
REST,ELOVL5,cns,"REST IP - PFSK-N-SH cells1 cells, Rep 1, REST IP - PFSK1 cells, Rep 2, REST IP - U87 cells, REST IP - SK cells",,,
USF1,ELOVL5,stemcells,USF1 IP - H1 cells,,,
YY1,ELOVL5,colon,YY1 IP - HCT116 cells,,,
GATA2,ELOVL5,hspcs,GATA2 IP,,,
THAP1,ELOVL5,leukocytes,THAP1 IP - K562 cells,,,
E2F4,ELOVL5,mammarygland,E2F4 IP | 4HT - MCF10 cells,,,
CTCF,ELOVL5,erythroidlineage,"CTCF IP - Erythroid cells, Rep 2",,,
MXI1,ELOVL5,uterus,MXI1 IP - HeLa cells,,,
USF1,ELOVL5,cns,"USF1 IP | ATRA - SK-N-SH cells, USF1 IP - SK-N-SH cells",,,
ATRA,ELOVL5,cns,"USF1 IP | ATRA - SK-N-SH cells, YY1 IP | ATRA - SK-N-SH cells",,,
YY1,ELOVL5,cns,"YY1 IP - SK-N-SH cells, YY1 IP | ATRA - SK-N-SH cells",,,
IRF4,ELOVL5,leukocytes,IRF4 IP,,,
E2F1,ELOVL5,prostate,"HES6 OE | E2F1 ChIP-Seq - Rep 1, BICALU | E2F1 ChIP-Seq - Rep 1",,,
HES6,ELOVL5,prostate,HES6 OE | E2F1 ChIP-Seq - Rep 1,,,
RELA,ELOVL5,leukocytes,"RELA IP | BAY082  - IVD Th1 cells, PIA, RELA IP | TNF - GM12891 cells",,,
BAY082,ELOVL5,leukocytes,"RELA IP | BAY082  - IVD Th1 cells, PIA",,,
HEY1,ELOVL5,leukocytes,HEY1 IP - K562 cells,,,
HEY1,ELOVL5,liver,HEY1 IP - HepG2 cells,,,
TCF7L2,ELOVL5,uterus,TCF7L2 IP - HeLa cells,,,
MAX,ELOVL5,cns,MAX IP - SK-N-SH cells,,,
GATA3,ELOVL5,mammarygland,"GATA3 IP - MCF-7 cells, GATA3 IP - MCF7 cells, GATA3 IP - T47D cells","24758297,",,
TAL1,ELOVL5,leukocytes,TAL1 IP - K562 cells,,,
STAT5B,ELOVL5,leukocytes,"STAT5B IP | H9RETR, Rep 2, STAT5B IP | H9, Rep 2",,,
H9RETR,ELOVL5,leukocytes,"STAT5B IP | H9RETR, Rep 2",,,
MXI1,ELOVL5,leukocytes,MXI1 IP - GM12878 cells,,,
NFYA,ELOVL5,colon,NFYA IP ,,,
UBTF,ELOVL5,leukocytes,UBTF IP - K562 cells,,,
MAFK,ELOVL5,liver,"MAFK IP - HepG2 cells, Rep 1",,,
ELF1,ELOVL5,cns,ELF1 IP - SK-N-SH cells,,,
MYC,ELOVL5,lung,MYC IP - A549 cells,,,
GABPA,ELOVL5,prostate,"GABPA IP - Rep 2, GABPA IP - Rep 1, GABPA IP | R1881",,,
DEX,ELOVL5,mammarygland,"DEX | FOXA1 ChIP-Seq - Rep 1, DEX | FOXA1 ChIP-Seq - Rep 2, DEX | FOXA1 ChIP-Seq - Rep 2, DEX | FOXA1 ChIP-Seq - Rep 2",,,
ATF2,ELOVL5,stemcells,ATF2 IP - H1 cells,,,
HIF1A,ELOVL5,bone,HIF1A IP,,,
CREB1,ELOVL5,uterus,CREB1 IP - ECC1 cells,,,
GATA3,ELOVL5,cns,"GATA3 IP - SK-N-SH cells, GATA3 IP - SHSY5Y cells",,,
E2F4,ELOVL5,leukocytes,E2F4 IP - K562 cells,,,
GATA1,ELOVL5,erythroidlineage,"GATA1 IP - PBDE cells, Rep 1",,,
MAX,ELOVL5,uterus,"MAX IP - HeLa cells, Rep 2, MAX IP - ECC1 cells, MAX IP - HeLa cells, Rep 1",,,
EGR1,ELOVL5,liver,EGR1 IP - MCF7 cells,,,
USF1,ELOVL5,lung,"USF1 IP - A549 cells, Rep 1, USF1 IP | DEX - A549 cells, USF1 IP - A549 cells, Rep 2",,,
RUNX1,ELOVL5,leukocytes,"SPI1 IP | RUNX1 KD, RUNX1 IP",,,
REST,ELOVL5,liver,"REST IP - HepG2 cells, Rep 2",,,
PBX3,ELOVL5,leukocytes,PBX3 IP - GM12878 cells,,,
BHLHE40,ELOVL5,liver,BHLHE40 IP - HepG2 cells,,,
SRF,ELOVL5,uterus,SRF IP - ECC1 cells,,,
GATA1,ELOVL5,leukocytes,"GATA1 ChIP-Seq - SC266, GATA1 ChIP-Seq - K562",,,
MYC,ELOVL5,mammarygland,"MYC IP, DHT | MYC ChIP-Seq, MYC IP - MCF-10A cells",,,
FOXA2,ELOVL5,embryonictissue,FOXA2 IP - Rep 2,,,
RBPJ,ELOVL5,leukocytes,RBPJ IP | COMPE - wash,,,
COMPE,ELOVL5,leukocytes,RBPJ IP | COMPE - wash,,,
ZEB1,ELOVL5,liver,ZEB1 IP - HepG2 cells,,,
TEAD4,ELOVL5,stemcells,TEAD4 IP - H1 cells,,,
CEBPB,ELOVL5,lung,"CEBPB ChIP-Seq - A549, CEBPB ChIP-Seq - IMR90",,,
FOXA1,ELOVL5,pancreas,FOXA1 IP | KLF5 KO,,,
GATA2,ELOVL5,cns,GATA2 ChIP-Seq SH-SY5Y,,,
STAT3,ELOVL5,stemcells,"STAT3 IP - Rep 2 , STAT3 IP - Rep 1 , STAT3 IP - Rep 3 ",,,
SIX2,ELOVL5,kidney,"SIX2 IP - 17 weeks, Rep 1, SIX2 IP - 17 weeks, Rep 2, SIX2 IP -  16 weeks",,,
FOSL2,ELOVL5,mammarygland,FOSL2 IP - MCF7 cells,,,
MAZ,ELOVL5,leukocytes,"MAZ IP - GM12878 cells, MAZ IP - K562 cells",,,
USF1,ELOVL5,liver,USF1 IP - HepG2 cells,,,
HOXA4,ELOVL5,colon,HOXA4 IP ,,,
FOSL2,ELOVL5,liver,FOSL2 IP - HepG2 cells,,,
ROSI,ELOVL5,adiposetissue,"ROSI (BrAT) | KLF11 ChIP-Seq, Rep 1, ROSI (BrAT) | KLF11 ChIP-Seq, Rep 2",,,
FOXM1,ELOVL5,leukocytes,FOXM1 IP - GM12878 cells,,,
REST,ELOVL5,stemcells,"REST IP - H1 cells, Rep 1",,,
SOX2,ELOVL5,stemcells,SOX2 IP,,,
FOXA2,ELOVL5,stemcells,"FOXA2 IP - ES D2, FOXA2 IP - ES D10, FOXA2 IP - ES D5, FOXA2 IP - Rep 5 , FOXA2 IP - ES D7",,,
MYC,ELOVL5,bone,MYC IP,,,
DHT,ELOVL5,mammarygland,"DHT | MYC ChIP-Seq, DHT | FOXA1 ChIP-Seq",,,
NFKB1,ELOVL5,leukocytes,"NFKB1 IP - Rep 2, NFKB1 IP - Rep 1",,,
TEAD4,ELOVL5,uterus,TEAD4 IP - ECC1 cells,,,
GATA3,ELOVL5,lung,GATA3 IP - A549 cells,,,
GTF2B,ELOVL5,uterus,GTF2B IP - Rep 2,,,
REST,ELOVL5,lung,REST IP - A549 cells,,,
H9,ELOVL5,leukocytes,"STAT5B IP | H9, Rep 2",,,
JUN,ELOVL5,mammarygland,"JUN IP - Rep 1, JUN IP - Rep 2",,,
USF2,ELOVL5,uterus,USF2 IP - HeLa cells,,,
ELF1,ELOVL5,colon,ELF1 IP - HCT116 cells,,,
GLI2,ELOVL5,colon,GLI2 IP ,,,
USF1,ELOVL5,uterus,USF1 IP - ECC1 cells,,,
TCF7L2,ELOVL5,mammarygland,TCF7L2 ChIP-Seq,,,
ELF1,ELOVL5,mammarygland,ELF1 IP - MCF7 cells,,,
JUN,ELOVL5,vasculature,"JUN IP, JUN IP - HUVEC cells",,,
MXI1,ELOVL5,cns,MXI1 IP - SK-N-SH cells ,,,
JUND,ELOVL5,cns,"JUND IP - SK-N-SH cells , JUND IP - SK-N-SH cells",,,
ZBTB7A,ELOVL5,leukocytes,ZBTB7A IP - SK-N-SH cells,,,
YY1,ELOVL5,liver,YY1 IP - HepG2 cells,,,
USF1,ELOVL5,colon,USF1 IP - HCT116 cells,,,
TCF12,ELOVL5,cns,TCF12 IP - SK-N-SH cells,,,
BHLHE40,ELOVL5,leukocytes,"BHLHE40 IP - GM12878 cells, BHLHE40 IP - K562 cells",,,
CEBPB,ELOVL5,uterus,CEBPB ChIP-Seq - HeLaS3,,,
SP1,ELOVL5,stemcells,SP1 IP - H1 cells,,,
CTCF,ELOVL5,vasculature,"CTCF IP - HUVEC cells, Rep 1 ",,,
JUND,ELOVL5,liver,"JUND IP - HepG2 cells, JUND IP - HepG2 cells",,,
TCF12,ELOVL5,uterus,TCF12 IP - ECC1 cells,,,
E2F6,ELOVL5,stemcells,E2F6 IP - H1 cells,,,
EGR1,ELOVL5,uterus,EGR1 IP - ECC1 cells,,,
NFYA,ELOVL5,uterus,NFYA IP - HeLa cells,,,
GABPA,ELOVL5,lung,GABPA IP - A549 cells,,,
TBP,ELOVL5,stemcells,TBP IP - H1 cells,,,
GTF2F1,ELOVL5,uterus,GTF2F1 IP - HeLa cells,,,
MAX,ELOVL5,lung,MAX IP - A549 cells,,,
ATF3,ELOVL5,colon,"ATF3 IP - HCT116 cells, ATF3 IP | CAMPTO",,,
FOS,ELOVL5,uterus,FOS IP - HeLa cells,,,
ZBTB7A,ELOVL5,liver,ZBTB7A IP - HepG2 cells,,,
FOSL2,ELOVL5,cns,FOSL2 IP - SK-N-SH cells,,,
JUN,ELOVL5,liver,JUN IP - HepG2 cells,,,
TCF7L2,ELOVL5,pancreas,TCF7L2 IP,,,
E2F1,ELOVL5,mammarygland,"E2F1 IP, E2F1 IP - MCF7 cells",,,
BICALU,ELOVL5,prostate,BICALU | E2F1 ChIP-Seq - Rep 1,,,
BACH1,ELOVL5,colon,BACH1 IP ,,,
MAX,ELOVL5,vasculature,MAX IP - HUVEC cells,,,
MXI1,ELOVL5,lung,MXI1 IP - IMR cells,,,
CEBPB,ELOVL5,liver,CEBPB ChIP-Seq - HepG2,,,
MTA3,ELOVL5,leukocytes,MTA3 IP - GM12878 cells,,,
CEBPB,ELOVL5,mammarygland,CEBPB IP - MCF7 cells,,,
JUND,ELOVL5,leukocytes,JUND IP - K562 cells,,,
STAT3,ELOVL5,mammarygland,"STAT3 IP | 4HT - MCF10 cells, 36 h",,,
FOSL1,ELOVL5,leukocytes,FOSL1 IP - K562 cells,,,
MYBL2,ELOVL5,liver,MYBL2 IP - HepG2 cells,,,
TEAD4,ELOVL5,colon,TEAD4 IP - HCT116 cells,,,
YY1,ELOVL5,uterus,YY1 IP - ECC1 cells,,,
GABPA,ELOVL5,cns,GABPA IP - SK-N-SH cells,,,
ATF3,ELOVL5,leukocytes,ATF3 IP - K562 cells,,,
USF1,ELOVL5,leukocytes,USF1 IP - K562 cells,,,
MAX,ELOVL5,stemcells,MAX IP - H1 cells,,,
GATA6,ELOVL5,stomach,GATA6 IP - YCC3,,,
MYC,ELOVL5,uterus,MYC IP - HeLa cells,,,
ATF1,ELOVL5,leukocytes,ATF1 IP - K562 cells,,,
RELA,ELOVL5,colon,RELA IP ,,,
CTCF,ELOVL5,mammarygland,CTCF IP - MCF7 cells,,,
CREB1,ELOVL5,stemcells,CREB1 IP - H1 cells,,,
JUND,ELOVL5,colon,JUND IP - HCT116 cells,,,
TBP,ELOVL5,uterus,TBP IP - HeLa cells,,,
STAT1,ELOVL5,uterus,"STAT1 IP | IFNG - HeLa cells, 30 min",,,
IFNG,ELOVL5,uterus,"STAT1 IP | IFNG - HeLa cells, 30 min",,,
NFKB2,ELOVL5,leukocytes,NFKB2 IP - Rep 1,,,
CTCF,ELOVL5,liver,CTCF IP,,,
ATF2,ELOVL5,colon,ATF2 IP ,,,
TNF,ELOVL5,leukocytes,RELA IP | TNF - GM12891 cells,,,
SP1,ELOVL5,leukocytes,SP1 IP - GM12878 cells,,,
RUNX1,ELOVL5,hspcs,RUNX1,,,
CTCF,ELOVL5,hspcs,"CTCF IP - HSPCs, Rep 1",,,
SATB1,ELOVL5,liver,SATB1 IP,,,
TAL1,ELOVL5,colon,TAL1 IP ,,,
ELF1,ELOVL5,liver,ELF1 IP - HepG2 cells,,,
JUND,ELOVL5,vasculature,JUND IP,,,
ZNF143,ELOVL5,leukocytes,ZNF143 IP - GM12878 cells,,,
FOSL2,ELOVL5,lung,FOSL2 IP - A549 cells,,,
CTCF,FADS1,leukocytes,"CTCF IP - GM12878 cells , CTCF IP - GM2630 cells, Rep 3 , CTCF IP - F36P cells, Rep 7 , CTCF IP - K562 cells, Rep 16 , CTCF IP - GM12890 cells, Rep 3 , CTCF IP - K562 cells, CTCF IP - MS1 cells, Rep 1 , CTCF IP - GM12814 cells, Rep 1, CTCF IP - GM12875 cells, Rep 2 , CTCF IP - GM18951 cells, Rep 1 , CTCF IP - KU812 cells, Rep 1 , CTCF IP - NB4 cells , CTCF IP - GM2630 cells, Rep 1 , CTCF IP - GM19240 cells, Rep 1 , CTCF IP - GM11881 cells, CTCF IP - HeLa cells, Rep 2 , CTCF IP - F36P cells, Rep 3 , CTCF IP - F36P cells, Rep 11 , CTCF IP - GM06986 cells, CTCF IP - MS1 cells, Rep 2 , CTCF IP - GM2610 cells, Rep 3 , CTCF IP - GM12872 cells, Rep 2 , CTCF IP - GM12828 cells, CTCF IP - GM19099 cells, Rep 1 , CTCF IP - GM12873 cells, Rep 1 , CTCF IP - F36P cells, Rep 19 , CTCF IP - GM12868 cells , CTCF IP - GM11894 cells, Rep 2, CTCF IP - GM18505 cells, Rep 1 , CTCF IP - GM19239 cells, Rep 2 , CTCF IP - GM12891 cells, Rep 2 , CTCF IP - GM12865 cells, Rep 1 , CTCF IP - K562 cells, Rep 14 , CTCF IP - GM19239 cells, Rep 1 , CTCF IP - GM12864 cells, Rep 3 , CTCF IP - GM12005 cells, Rep 2, CTCF IP - GM12878 cells, Rep 1 , CTCF IP - GM19099 cells, Rep 2 , CTCF IP - F36P cells, Rep 17 , CTCF IP - GM12874 cells, Rep 2 , CTCF IP - HL , CTCF IP - K562 cells, CTCF IP - GM11811 cells, Rep 1, CTCF IP - GM12864 cells, Rep 2 , CTCF IP - GM2588 cells, Rep 2 , CTCF IP - GM2630 cells, Rep 2 , CTCF IP - GM12234 cells, CTCF IP - MS1 cells, Rep 3 , CTCF IP - F36P cells, Rep 13 , CTCF IP - CD14+ cells , CTCF IP - GM12874 cells, Rep 1 , CTCF IP - KU812 cells, Rep 5 , CTCF IP - GM12891 cells, Rep 1 , CTCF IP - MS1 cells, Rep 4 , CTCF IP - GM2255 cells, Rep 2 , CTCF ChIP-Seq - GM12878, CTCF IP - K562 cells, Rep 15 , CTCF IP - GM12006 cells, Rep 2, CTCF IP -  CD20+ cells , CTCF IP - GM18526 cells, Rep 2 , CTCF IP - K562 cells, CTCF IP - GM18505 cells, Rep 2 , CTCF IP - GM18486 cells, Rep 1 , CTCF IP - GM12878 cells, Rep 1 , CTCF IP - GM18486 cells, Rep 2 , CTCF IP - GM07037 cells, CTCF IP - GM12892 cells, Rep 1 , CTCF IP - GM18951 cells, Rep 2 , CTCF IP - GM2610 cells, Rep 1 , CTCF IP - GM12749 cells, Rep 1, CTCF IP - GM2588 cells, Rep 3 , CTCF IP - GM12873 cells, Rep 1 , CTCF IP - GM12872 cells, Rep 3 , CTCF IP - F36P cells, Rep 14 , CTCF IP - GM12870 cells , CTCF IP - GM12867 cells , CTCF IP - UT-7 cells, Rep 6 , CTCF IP - F36P cells, Rep 10 , CTCF IP - GM18526 cells, Rep 1 , CTCF IP, CTCF IP - K562 cells, Rep 13 , CTCF IP - GM11994 cells, Rep 2, CTCF IP - GM19193 cells, Rep 1 , CTCF IP - GM19193 cells, Rep 2 , CTCF IP - K562 cells, Rep 12 , CTCF IP - GM12875 cells, Rep 1 , CTCF IP - GM12892 cells, Rep 2 , CTCF IP - F36P cells, Rep 2 , CTCF IP - GM07346 cells, CTCF IP -  DND , CTCF IP - GM12864 cells, Rep 1 , CTCF IP - GM18486 cells, Rep 3 , CTCF IP - GM12872 cells, CTCF IP - K562 cells, Rep 1 , CTCF IP - GM06990 cells, Rep 2 , CTCF IP - KU812 cells, Rep 17 , CTCF IP - GM11831 cells, CTCF IP - KU812 cells, Rep 13 , CTCF IP - K562 cells, Rep 2 , CTCF IP - UT-7 cells, Rep 3 , CTCF IP - GM12154 cells, Rep 2, CTCF IP - K562 cells, Rep 7 , CTCF IP - GM12872 cells, Rep 1 , CTCF IP - GM12878 cells, Rep 2 , CTCF IP - GM11994 cells, Rep 1, CTCF IP - K562 cells , CTCF IP - GM12871 cells , CTCF IP - GM2588 cells, Rep 1 , CTCF IP - F36P cells, Rep 15 , CTCF IP - UT-7 cells, Rep 5 , CTCF IP - GM12890 cells, Rep 1 , CTCF IP - GM12815 cells, Rep 1, CTCF IP - UT-7 cells, Rep 4 , CTCF IP - F36P cells, Rep 9 , CTCF IP - GM19238 cells, Rep 1 , CTCF IP - GM12890 cells, Rep 2 , CTCF IP - GM2255 cells, Rep 1 , CTCF IP - K562 cells, Rep 1 , CTCF IP - GM11992 cells, Rep 2, CTCF IP - GM10847 cells, Rep 2 , CTCF IP - K562 cells, Rep 11 , CTCF IP - GM12878 cells, Rep 2 , CTCF IP - GM19240 cells, Rep 2 , CTCF IP - F36P cells, Rep 5 , CTCF IP - F36P cells, Rep 6 , CTCF IP - GM12866 cells , CTCF IP - GM12154 cells, Rep 1, CTCF IP - GM19238 cells, Rep 2 , CTCF IP - F36P cells, Rep 1 , CTCF IP - GM12873 cells, Rep 3 , CTCF IP - GM12865 cells, Rep 3 , CTCF IP - GM11811 cells, Rep 2, CTCF IP - HL-60 cells, Rep 7 , CTCF IP - GM2610 cells, Rep 2 , CTCF IP - GM12869 cells , CTCF IP - GM2255 cells, Rep 3 , CTCF IP - GM10847 cells, Rep 1 , CTCF IP - KU812 cells, Rep 9 , CTCF IP - GM12865 cells, Rep 2 , CTCF IP - GM06990 cells, Rep 1 ",,,
TP53,FADS1,colon,"TP53 IP | NUTL3 - HCT-116, TP53 IP | CAMPTO, TP53 IP | TP53 KO, TP53 IP - HCT-116",,,
MAX,FADS1,leukocytes,"MAX IP - GM12878 cells, MAX IP - NB4 cells, MAX IP - K562 cells, MAX IP - K562 cells, Rep 2",,,
MYC,FADS1,stemcells,MYC IP - Rep 2 ,,,
CTCF,FADS1,vasculature,"CTCF IP - HUVEC cells, Rep 1 , CTCF IP - AoAFC cells, Rep 2 , CTCF IP - HPAF cells, Rep 2 , CTCF IP - HUVEC cells, Rep 2 , CTCF IP - HPAF cells, Rep 1 , CTCF IP - AoAFC cells, Rep 1 , CTCF IP - HBMEC cells, Rep 1 , CTCF IP - HUVEC cells , CTCF IP - HBMEC cells, Rep 2 ",,,
E2F6,FADS1,stemcells,E2F6 IP - H1 cells,,,
TBP,FADS1,leukocytes,"TBP IP - K562 cells, TBP IP - GM12878 cells",,,
CTCF,FADS1,cns,"CTCF IP - spinal cord astrocyte cells, Rep 1 , CTCF IP - NHA cells , CTCF IP - SK-N-SH cells, Rep 1 , CTCF IP - SK-N-SH cells , CTCF IP - spinal cord astrocyte cells, Rep 2 , CTCF IP - SK cells, CTCF IP - cerebellar astrocyte cells, Rep 1 , CTCF IP - SK-N-SH cells, Rep 2 , CTCF IP - HCPEpiC cells, Rep 2 , CTCF IP - cerebellar astrocyte cells, Rep 2 , CTCF IP - BE(2)-C cells, Rep 1 , CTCF IP - HCPEpiC cells, Rep 1 , CTCF IP - BE(2)-C cells, Rep 2 ",,,
CREB1,FADS1,stemcells,CREB1 IP - H1 cells,,,
REST,FADS1,uterus,REST IP - SK-N-SH cells,,,
SP1,FADS1,liver,SP1 IP - HepG2 cells,,,
NFYB,FADS1,uterus,NFYB IP - HeLa cells,,,
REST,FADS1,cns,"REST IP - PFSK-N-SH cells1 cells, Rep 1, REST IP - PFSK1 cells, Rep 2, REST IP - SK-N-SH cells, REST IP - U87 cells, REST IP - SK cells",,,
OVOL2,FADS1,colon,OVOL2 IP ,,,
GATA3,FADS1,mammarygland,"GATA3 IP - T47D cells, GATA3 IP - MCF7 cells",,,
TP53,FADS1,bone,"TP53 IP - Rep 1, TP53 IP | NUTL3, TP53 pS15 IP - Etopo, TP53 IP | NUTL3 - SJSA-1, TP53 IP | TP53EE/RR OE, TP53 IP - SJSA1, TP53 IP - Rep 2, TP53 IP - Etopo",,,
CEBPB,FADS1,stemcells,"CEBPB IP, CEBPB IP, CEBPB IP - H1 cells, CEBPB IP, CEBPB IP, CEBPB IP, CEBPB IP, CEBPB IP",,,
E2F1,FADS1,uterus,"E2F1 IP - HeLa cells, Rep 1, E2F1 IP - HeLa cells, Rep 2",,,
KLF5,FADS1,pancreas,KLF5 IP,,,
CTCF,FADS1,adiposetissue,"CTCF ChIP-Seq - d -2, CTCF ChIP-Seq - d 9",,,
MYC,FADS1,mammarygland,"MYC IP | 4HT - MCF10A cells, DHT | MYC ChIP-Seq, MYC IP - MCF-10A cells, MYC IP",,,
4HT,FADS1,mammarygland,"MYC IP | 4HT - MCF10A cells, STAT3 IP | 4HT - MCF10 cells, 36 h, STAT3 IP | 4HT - MCF10 cells, 12 h, FOS IP | 4HT - MCF10A cells, 12 h, FOS IP | 4HT - MCF10A cells, 4 h, E2F4 IP | 4HT - MCF10 cells, FOS IP | 4HT - MCF10A cells, 36 h",,,
NFYB,FADS1,leukocytes,"NFYB IP - GM12878 cells, NFYB IP - K562 cells",,,
CEBPB,FADS1,leukocytes,"CEBPB IP - Rep 204, CEBPB ChIP-Seq - K562, CEBPB IP, CEBPB IP, CEBPB IP, CEBPB IP - Rep 203, CEBPB IP, CEBPB IP | oxLDL  - Rep 208, CEBPB IP, CEBPB IP | oxLDL  - Rep 205, CEBPB IP, CEBPB IP - Rep 201, CEBPB IP| oxLDL  - Rep 207, CEBPB IP, CEBPB IP | oxLDL  - Rep 206, CEBPB IP - K562 cells",,,
CTCF,FADS1,skin,"CTCF IP - AG10803 cells, Rep 2 , CTCF IP - AG04449 cells, Rep 1 , CTCF IP - NHDF cells , CTCF IP - HFFC cells, Rep 1 , CTCF IP - NHDF cells, Rep 1 , CTCF IP - HFFC cells, Rep 2 , CTCF IP - HFFC cells, Rep 3 , CTCF IP - NHEK cells, Rep 2 , CTCF IP - BJ cells, Rep 2 , CTCF IP - NHEK cells , CTCF IP - BJ cells, Rep 1 , CTCF IP - AG04449 cells, Rep 2 , CTCF IP - NHDF cells, Rep 2 , CTCF IP - AG10803 cells, Rep 1 , CTCF IP - GM12878 cells, Rep 2 , CTCF IP - AG09309 cells, Rep 2 , CTCF IP - AG09309 cells, Rep 1 ",,,
CTCF,FADS1,hspcs,"CTCF IP - HEL 92.1.7 cells, Rep 5 , CTCF IP - HEL 92.1.7 cells, Rep 1 , CTCF IP - HEL 92.1.7 cells, Rep 8 , CTCF IP - HSPCs, Rep 2, CTCF IP - HEL 92.1.7 cells, Rep 2 , CTCF IP - HEL 92.1.7 cells, Rep 13 , CTCF IP - HEL 92.1.7 cells, Rep 11 , CTCF IP - Erythroid cells, Rep 1, CTCF IP - HSPCs, Rep 1, CTCF IP - HEL 92.1.7 cells, Rep 14 ",,,
SPI1,FADS1,leukocytes,"SPI1 IP - HL cells, SPI1 IP, SPI1 IP, SPI1 IP | RUNX1 KD, SPI1 IP, SPI1 IP - K562 cells, SPI1 IP, SPI1 IP, SPI1 IP, SPI1 IP, SPI1 IP - GM12878 cells, SPI1 IP",,,
CTCF,FADS1,kidney,"CTCF IP - HEK293 cells, Rep 2 , CTCF IP - RPTEC cells, Rep 1 , CTCF IP - HEK293 cells, Rep 1 , CTCF IP - HRE cells, Rep 1 , CTCF IP - RPTEC cells, Rep 2 , CTCF IP - HRE cells, Rep 2 ",,,
ARNTL,FADS1,colon,ARNTL IP - Rep 1 ,,,
MYC,FADS1,leukocytes,"MYC IP | IFNA1 - K562 cells, 30 min, MYC IP - K562 cells, Rep 1, MYC IP - K562 cells, Rep 2, MYC IP - NB4 cells, MYC IP | IFNA1 - K562 cells, 6 h, MYC IP | IFNG - K562 cells, 6 h, MYC IP | IFNG - K562 cells, 30 min",,,
IFNA1,FADS1,leukocytes,"MYC IP | IFNA1 - K562 cells, 30 min, MYC IP | IFNA1 - K562 cells, 6 h, IRF1 IP | IFNA1-13 - K562 cells, 6 h",,,
CTCF,FADS1,placenta,"CTCF IP - HVMF cells, Rep 2 , CTCF IP - HVMF cells, Rep 1 ",,,
FOXA1,FADS1,prostate,"POU2F1 KD + DHT | FOXA1 ChIP-Seq, CON KD  | FOXA1 ChIP-Seq, R1881 | FOXA1 ChIP-Seq - Rep 1, FOXA1 ChIP-Seq - Rep 1, CON KD | FOXA1 ChIP-Seq, FOXA1 siRNA | CREB1 ChIP-Seq - Rep 1, WT AR OE + FOXA1 OE | FOXA1 ChIP-Seq, CON KD | FOXA1 ChIP-Seq, FOXA1 KD | FOXA1 ChIP-Seq, FOXA1 ChIP-Seq, FOXA1 KD | FOXA1 ChIP-Seq, FOXA1 ChIP-Seq - Rep 2, CREB1 siRNA | FOXA1 ChIP-Seq - Rep 1, DHT | FOXA1 ChIP-Seq, R1881 | FOXA1 ChIP-Seq - Rep 2, FOXA1 siRNA | CREB1 ChIP-Seq - Rep 2, CON KD + R1881 | FOXA1 ChIP-Seq - Rep 2, FOXA1 ChIP-Seq - LNCaP-abl, GATA2 KD + R1881 | FOXA1 ChIP-Seq, CON KD + R1881 | FOXA1 ChIP-Seq, PIAS1 + R1881 | FOXA1 ChIP-Seq - Rep 2, CREB1 siRNA | FOXA1 ChIP-Seq - Rep 2, FOXA1 ChIP-Seq, PIAS1 + R1881 | FOXA1 ChIP-Seq - Rep 1, CON KD | FOXA1 ChIP-Seq",,,
DHT,FADS1,prostate,"POU2F1 KD + DHT | FOXA1 ChIP-Seq, DHT | ERG ChIP-Seq - 18 h, DHT | ERG ChIP-Seq - 2 h, DHT | FOXA1 ChIP-Seq",,,
POU2F1,FADS1,prostate,POU2F1 KD + DHT | FOXA1 ChIP-Seq,,,
JUN,FADS1,vasculature,JUN IP,,,
CTCF,FADS1,sensory,"CTCF IP - HRPEpiC cells, Rep 2 , CTCF IP - WERI , CTCF IP - WERI-Rb-1- cells, Rep 1 , CTCF IP - HRPEpiC cells, Rep 1 ",,,
DHT,FADS1,mammarygland,"DHT | MYC ChIP-Seq, DHT | FOXA1 ChIP-Seq",,,
CAMPTO,FADS1,colon,TP53 IP | CAMPTO,,,
CTCF,FADS1,mammarygland,"CTCF IP - MCF-7 cells Rep 2 , CTCF IP - T47D cells, CTCF IP - MCF-7 cells, Rep 1 , CTCF IP - HMF cells, Rep 2 , CTCF IP - HMEC cells, Rep 2 , CTCF IP - MCF7 cells, CTCF IP - HMEC cells, Rep 1 , CTCF IP - HMEC cells ",,,
NUTL3,FADS1,bone,TP53 IP | NUTL3,,,
HEY1,FADS1,leukocytes,HEY1 IP - K562 cells,,,
MYC,FADS1,bone,"MYC IP, MYC IP, MYC IP, MYC IP",,,
CTCF,FADS1,colon,"CTCF IP - HCT116 cells, Rep 2 , CTCF IP - Caco-2 cells, Rep 1 , CTCF IP - HCT116 cells, Rep 1 , CTCF IP - HCT116 cells, CTCF IP - Caco , CTCF IP - Rep 2 ",,,
CTCF,FADS1,stemcells,"CTCF IP - Rep 6 , CTCF IP - H1 cells , CTCF IP - H1 cells, CTCF IP - Rep 2 , CTCF IP - Rep 4 , CTCF IP - Rep 5 , CTCF IP - Rep 1 , CTCF IP - Rep 7 , CTCF IP - Rep 3 ",,,
CEBPB,FADS1,liver,"CEBPB IP - HepG2 cells, CEBPB ChIP-Seq - HepG2, CEBPB IP | FORSK - HepG2 cells",,,
CEBPB,FADS1,colon,"CEBPB IP - HCT116 cells, CEBPB IP | 125DVD3, CEBPB IP",,,
E2F1,FADS1,prostate,"HES6 OE | E2F1 ChIP-Seq - Rep 3, E2F1 ChIP-Seq - Rep 2, E2F1 ChIP-Seq - Rep 3, HES6 OE | E2F1 ChIP-Seq - Rep 1, HES6 OE + BICALU | E2F1 ChIP-Seq - Rep 1, E2F1 ChIP-Seq - Rep 4, BICALU + HES6 OE | E2F1 ChIP-Seq - Rep 2, E2F1 ChIP-Seq - Rep 1, HES6 OE + BICALU | E2F1 ChIP-Seq - Rep 3, BICALU | E2F1 ChIP-Seq - Rep 1, BICALU | E2F1 ChIP-Seq - Rep 2, BICALU + HES6OE | E2F1 ChIP-Seq - Rep 4, BICALU | E2F1 ChIP-Seq - Rep 4, HES6 OE | E2F1 ChIP-Seq - Rep 2, BICALU | E2F1 ChIP-Seq - Rep 3",,,
HES6,FADS1,prostate,"HES6 OE | E2F1 ChIP-Seq - Rep 3, HES6 OE | E2F1 ChIP-Seq - Rep 1, HES6 OE + BICALU | E2F1 ChIP-Seq - Rep 1, BICALU + HES6 OE | E2F1 ChIP-Seq - Rep 2, HES6 OE + BICALU | E2F1 ChIP-Seq - Rep 3, BICALU + HES6OE | E2F1 ChIP-Seq - Rep 4, HES6 OE | E2F1 ChIP-Seq - Rep 2",,,
CREB1,FADS1,liver,"CREB1 IP, CREB1 IP, CREB1 IP - HepG2 cells, CREB1 IP",,,
STAT3,FADS1,leukocytes,"STAT3 IP - U-2932, STAT3 IP - SU-DHL-6, STAT3 IP - SU-DHL-4",,,
E2F6,FADS1,uterus,E2F6 IP - HeLa cells,,,
NFYA,FADS1,colon,NFYA IP ,,,
GABPA,FADS1,prostate,"GABPA IP | R1881, GABPA IP - Rep 1",,,
R1881,FADS1,prostate,"GABPA IP | R1881, R1881 | FOXA1 ChIP-Seq - Rep 1, R1881 | FOXA1 ChIP-Seq - Rep 2, CON KD + R1881 | FOXA1 ChIP-Seq - Rep 2, GATA2 KD + R1881 | FOXA1 ChIP-Seq, CON KD + R1881 | FOXA1 ChIP-Seq, PIAS1 + R1881 | FOXA1 ChIP-Seq - Rep 2, PIAS1 + R1881 | FOXA1 ChIP-Seq - Rep 1",,,
E2F6,FADS1,leukocytes,"E2F6 IP - K562 cells, E2F6 IP - K562 cells",,,
CTCF,FADS1,lung,"CTCF IP - AG04450 cells, Rep 2 , CTCF IP | DEX - A549 cells, CTCF IP - WI-38 cells, Rep 1 , CTCF IP - A549 cells, CTCF IP - IMR cells, CTCF IP - A549 cells, Rep 2 , CTCF IP - NHLF cells , CTCF IP - HPF cells, Rep 2 , CTCF ChIP-Seq - A549, CTCF IP - AG04450 cells, Rep 1 , CTCF IP | DEX - A549 cells , CTCF IP - WI-38 cells, Rep 2 , CTCF IP - A549 cells, Rep 1 , CTCF IP - HPF cells, Rep 1 , CTCF IP - A549 cells , CTCF IP - SAEC cells, Rep 2 , CTCF IP - NHLF cells , CTCF IP - SAEC cells, Rep 1 ",,,
DEX,FADS1,lung,"CTCF IP | DEX - A549 cells, USF1 IP | DEX - A549 cells, CREB1 IP | DEX - A549 cells, CTCF IP | DEX - A549 cells , FOXA1 IP | DEX - A549 cells",,,
ZNF263,FADS1,kidney,ZNF263 IP - HEK293 cells,,,
CTCF,FADS1,megakaryocytelineage,"CTCF IP - MEG-01 cells, Rep 6 , CTCF IP - MEG-01 cells, Rep 2 , CTCF IP - MEG-01 cells, Rep 9 , CTCF IP - MEG-01 cells, Rep 4 , CTCF IP - MEG-01 cells, Rep 10 , CTCF IP - MEG-01 cells, Rep 8 ",,,
RELA,FADS1,adiposetissue,RELA IP,,,
ERG,FADS1,prostate,"DMSO | ERG ChIP-Seq - Rep 1, ERG ChIP-Seq, DHT | ERG ChIP-Seq - 18 h, DHT | ERG ChIP-Seq - 2 h",,,
UBTF,FADS1,leukocytes,"UBTF IP - K562 cells, UBTF IP - K562 cells",,,
MAZ,FADS1,uterus,MAZ IP - HeLa cells,,,
USF1,FADS1,uterus,USF1 IP - ECC1 cells,,,
MYB,FADS1,leukocytes,"MYB IP - Jurkat, Rep 1, MYB IP - Jurkat, Rep 2, MYB IP - Jurkat, Rep 3, MYB IP - Jurkat, Rep 5, MYB IP - MOLT3, MYB IP - Jurkat, Rep 4",,,
JUND,FADS1,leukocytes,JUND IP - K562 cells,,,
YY1,FADS1,cns,"YY1 IP | ATRA - SK-N-SH cells, YY1 IP - SK-N-SH cells",,,
ATRA,FADS1,cns,"YY1 IP | ATRA - SK-N-SH cells, USF1 IP | ATRA - SK-N-SH cells",,,
BACH1,FADS1,stemcells,BACH1 IP - H1 cells,,,
MAX,FADS1,cns,MAX IP - SK-N-SH cells,,,
ATF1,FADS1,leukocytes,ATF1 IP - K562 cells,,,
USF1,FADS1,colon,USF1 IP - HCT116 cells,,,
ZBTB7A,FADS1,leukocytes,ZBTB7A IP - SK-N-SH cells,,,
CTCF,FADS1,uterus,"CTCF IP - HeLa cells , CTCF IP - HeLa cells, Rep 1 ",,,
TEAD4,FADS1,uterus,TEAD4 IP - ECC1 cells,,,
HOXA4,FADS1,colon,HOXA4 IP ,,,
TEAD4,FADS1,lung,TEAD4 IP - A549 cells,,,
E2F4,FADS1,uterus,E2F4 IP - HeLa cells,,,
REST,FADS1,liver,"REST IP - HepG2 cells, Rep 2, REST IP - HepG2 cells, Rep 1",,,
MAZ,FADS1,lung,MAZ IP - IMR cells,,,
USF2,FADS1,uterus,USF2 IP - HeLa cells,,,
KLF11,FADS1,adiposetissue,"ROSI (BrAT) | KLF11 ChIP-Seq, Rep 1, KLF11 ChIP-Seq, Rep 1, ROSI (BrAT) | KLF11 ChIP-Seq, Rep 2, KLF11 ChIP-Seq, Rep 2",,,
ROSI,FADS1,adiposetissue,"ROSI (BrAT) | KLF11 ChIP-Seq, Rep 1, ROSI (BrAT) | KLF11 ChIP-Seq, Rep 2",,,
ZKSCAN1,FADS1,uterus,ZKSCAN1 IP - HeLa cells,,,
PAX5,FADS1,leukocytes,"PAX5 IP - GM12878 cells, Rep 2, PAX5 IP - GM12892 cells",,,
E2F1,FADS1,mammarygland,"E2F1 IP - MCF7 cells, E2F1 IP",,,
STAT2,FADS1,colon,STAT2 IP ,,,
CREB1,FADS1,prostate,"FOXA1 siRNA | CREB1 ChIP-Seq - Rep 1, CREB1 ChIP-Seq - LNCaP, CREB1 ChIP-Seq - LNCaP-abl, CREB1 siRNA | FOXA1 ChIP-Seq - Rep 1, CREB1 ChIP-Seq - Rep 2, FOXA1 siRNA | CREB1 ChIP-Seq - Rep 2, CREB1 siRNA | FOXA1 ChIP-Seq - Rep 2, CREB1 ChIP-Seq - Rep 1",,,
GTF2F1,FADS1,uterus,GTF2F1 IP - HeLa cells,,,
RUNX1,FADS1,leukocytes,"SPI1 IP | RUNX1 KD, RUNX1 IP, RUNX1 IP",,,
BHLHE40,FADS1,leukocytes,"BHLHE40 IP - K562 cells, BHLHE40 IP - GM12878 cells",,,
SRF,FADS1,stemcells,"SRF IP - Rep 6 , SRF IP - Rep 5 , SRF IP - Rep 4 , SRF IP - Rep 7 ",,,
MXI1,FADS1,uterus,MXI1 IP - HeLa cells,,,
ELF1,FADS1,leukocytes,"ELF1 IP - SK-N-SH cells, ELF1 IP - SK-N-SH cells",,,
TP63,FADS1,skin,"TP63 IP, TP63 IP | BANF1 KD, TP63 IP, TP63 IP - Adriam, Rep 1, TP63 IP",,,
BANF1,FADS1,skin,TP63 IP | BANF1 KD,,,
TP63,FADS1,thyroidgland,TP63 IP - TT MTC,,,
MXI1,FADS1,cns,MXI1 IP - SK-N-SH cells ,,,
GABPA,FADS1,leukocytes,"GABPA IP - Jurkat, Rep 2, GABPA IP - K562 cells",,,
SP1,FADS1,stemcells,SP1 IP - H1 cells,,,
USF1,FADS1,lung,"USF1 IP | DEX - A549 cells, USF1 IP - A549 cells, Rep 2",,,
FOXP1,FADS1,leukocytes,"FOXP1 IP - HT, FOXP1 IP - OCI-LY19, FOXP1 IP - OCI-LY10",,,
RBPJ,FADS1,leukocytes,"RBPJ IP | COMPE - wash, RBPJ IP | COMPE",,,
COMPE,FADS1,leukocytes,"RBPJ IP | COMPE - wash, RBPJ IP | COMPE",,,
ZBTB7A,FADS1,liver,ZBTB7A IP - HepG2 cells,,,
TP53,FADS1,skin,"TP53 IP, TP53 IP, TP53 IP, TP53 IP - Adriam",,,
IRF1,FADS1,colon,IRF1 IP ,,,
CEBPA,FADS1,leukocytes,CEBPA IP,,,
MAFF,FADS1,leukocytes,MAFF IP - K562 cells,,,
TP73,FADS1,bone,"TP73 IP - alpha isoform, Rep 2, TP73 IP - beta isoform, Rep 1, TP73 IP - beta isoform, Rep 2",,,
HIF1A,FADS1,bone,HIF1A IP,,,
ELF1,FADS1,cns,ELF1 IP - SK-N-SH cells,,,
NFATC1,FADS1,leukocytes,NFATC1 IP - GM12878 cells,,,
TCF7L2,FADS1,mammarygland,TCF7L2 ChIP-Seq,,,
RELA,FADS1,leukocytes,"RELA IP | BAY082  - IVD Th1 cells, PIA",,,
BAY082,FADS1,leukocytes,"RELA IP | BAY082  - IVD Th1 cells, PIA",,,
JUND,FADS1,liver,JUND IP - HepG2 cells,,,
ELF3,FADS1,pancreas,ELF3 IP,,,
STAT1,FADS1,leukocytes,"STAT1 IP - Rep 5, STAT1 IP - Rep 1, STAT1 IP - Rep 4, STAT1 IP - Rep 3, STAT1 IP - Rep 6, STAT1 IP - Rep 2",,,
IFNG,FADS1,leukocytes,"STAT1 IP - Rep 5, STAT1 IP - Rep 1, STAT1 IP - Rep 4, STAT1 IP - Rep 3, IRF1 IP | IFNG - K562 cells, 6 h, IRF1 IP | IFNG - K562 cells, 30 min, STAT1 IP - Rep 6, STAT1 IP - Rep 2, MYC IP | IFNG - K562 cells, 6 h, MYC IP | IFNG - K562 cells, 30 min",,,
FOXA1,FADS1,mammarygland,"DHT | FOXA1 ChIP-Seq, FOXA1 ChIP-Seq - Rep 1, FOXA1 IP - T47D cells",,,
MAX,FADS1,colon,MAX IP - HCT116 cells,,,
ARID3A,FADS1,liver,ARID3A IP - HepG2 cells,,,
CTCF,FADS1,heart,"CTCF IP - HCF cells , CTCF IP - myocytes cells, Rep 1 , CTCF IP - myocytes cells, Rep 2 ",,,
SP1,FADS1,colon,SP1 IP - HCT116 cells,,,
STAT3,FADS1,mammarygland,"STAT3 IP | 4HT - MCF10 cells, 36 h, STAT3 IP | 4HT - MCF10 cells, 12 h, STAT3 IP - MCF10A cells, Rep 2",,,
GTF2B,FADS1,uterus,"GTF2B IP - Rep 3, GTF2B IP - Rep 2",,,
REST,FADS1,leukocytes,REST IP - K562 cells,,,
MXI1,FADS1,lung,MXI1 IP - IMR cells,,,
TP53,FADS1,lung,"TP53 IP | TP53 KD - senescent, TP53 IP - growing, TP53 IP - senescent, TP53 IP - propapoptic, Rep 1",,,
BHLHE40,FADS1,liver,BHLHE40 IP - HepG2 cells,,,
CREB1,FADS1,lung,"CREB1 IP | DEX - A549 cells, CREB1 IP - A549 cells, Rep 1, CREB1 IP - A549 cells, Rep 2",,,
ZNF143,FADS1,leukocytes,"ZNF143 IP - GM12878 cells, ZNF143 IP - K562, ZNF143 IP - K562 cells",,,
FOSL2,FADS1,lung,FOSL2 IP - A549 cells,,,
AR,FADS1,prostate,WT AR OE + FOXA1 OE | FOXA1 ChIP-Seq,,,
BICALU,FADS1,prostate,"HES6 OE + BICALU | E2F1 ChIP-Seq - Rep 1, BICALU + HES6 OE | E2F1 ChIP-Seq - Rep 2, HES6 OE + BICALU | E2F1 ChIP-Seq - Rep 3, BICALU | E2F1 ChIP-Seq - Rep 1, BICALU | E2F1 ChIP-Seq - Rep 2, BICALU + HES6OE | E2F1 ChIP-Seq - Rep 4, BICALU | E2F1 ChIP-Seq - Rep 4, BICALU | E2F1 ChIP-Seq - Rep 3",,,
FOSL2,FADS1,liver,FOSL2 IP - HepG2 cells,,,
CTCF,FADS1,bone,CTCF IP - Osteoblasts ,,,
CEBPB,FADS1,bone,"CEBPB IP, CEBPB IP",,,
NFYC,FADS1,colon,NFYC IP ,,,
FOS,FADS1,mammarygland,"FOS IP - MCF10A cells, FOS IP | 4HT - MCF10A cells, 12 h, FOS IP | 4HT - MCF10A cells, 4 h, FOS IP | 4HT - MCF10A cells, 36 h",,,
TP53,FADS1,leukocytes,TP53 IP - Doxo DNA damage,,,
CTCF,FADS1,miscellaneous,"CTCF IP - AG09319 cells, Rep 2 , CTCF IP - AG09319 cells, Rep 1 ",,,
MAX,FADS1,uterus,"MAX IP - ECC1 cells, MAX IP - HeLa cells, Rep 2, MAX IP - HeLa cells, Rep 1",,,
MYC,FADS1,uterus,MYC IP - HeLa cells,,,
FOXA2,FADS1,lung,FOXA2 IP - A549 cells,,,
MAX,FADS1,liver,"MAX IP - HepG2 cells, MAX IP - MCF7 cells, MAX IP - HepG2 cells",,,
TAL1,FADS1,colon,TAL1 IP ,,,
YY1,FADS1,lung,YY1 IP - A549 cells,,,
YY1,FADS1,leukocytes,"YY1 IP - GM12878 cells, YY1 IP - K562 cells, Rep 1, YY1 IP - K562 cells, Rep 2",,,
HMGN3,FADS1,leukocytes,HMGN3 IP - K562 cells,,,
E2F6,FADS1,lung,E2F6 IP - A549 cells,,,
CTCF,FADS1,skeletalmuscle,"CTCF IP - HSMM cells, Rep 1 , CTCF IP - HSMM cells, Rep 2 ",,,
JUND,FADS1,stemcells,JUND IP - H1 cells,,,
MAFK,FADS1,liver,"MAFK IP - HepG2 cells, Rep 1, MAFK IP - HepG2 cells, Rep 2",,,
BCL3,FADS1,lung,BCL3 IP - A549 cells,,,
TEAD4,FADS1,colon,TEAD4 IP - HCT116 cells,,,
SIX2,FADS1,kidney,"SIX2 IP - 17 weeks, Rep 2, SIX2 IP - 17 weeks, Rep 1",,,
CEBPB,FADS1,lung,"CEBPB ChIP-Seq - A549, CEBPB ChIP-Seq - IMR90, CEBPB IP - A549 cells",,,
CTCF,FADS1,pancreas,CTCF IP,,,
MAZ,FADS1,leukocytes,"MAZ IP - GM12878 cells, MAZ IP - K562 cells",,,
MAX,FADS1,vasculature,MAX IP - HUVEC cells,,,
SMAD1,FADS1,hspcs,SMAD1 IP - Rep 3,,,
ATF2,FADS1,leukocytes,ATF2 IP - GM12878 cells,,,
FOXP2,FADS1,cns,"FOXP2 IP - PFSK-1 cells, FOXP2 IP - SK cells",,,
EGR1,FADS1,colon,EGR1 IP - HCT116 cells,,,
CTCF,FADS1,liver,"CTCF IP - HepG2 cells , CTCF IP - HepG2 cells, Rep 2 , CTCF IP - HepG2 cells, Rep 1 , CTCF IP - SK-N-SH cells, CTCF IP",,,
TFAP4,FADS1,leukocytes,"TFAP4 IP - Rep 1, TFAP4 IP - Rep 2",,,
JUND,FADS1,lung,JUND IP - A549 cells,,,
SP1,FADS1,leukocytes,SP1 IP - GM12878 cells,,,
MYC,FADS1,liver,MYC IP,,,
TCF12,FADS1,uterus,TCF12 IP - ECC1 cells,,,
RUNX1,FADS1,hspcs,"RUNX1, RUNX1 IP",,,
TCF3,FADS1,leukocytes,TCF3 IP - GM12878 cells,,,
TCF12,FADS1,cns,TCF12 IP - SK-N-SH cells,,,
SRF,FADS1,colon,SRF IP - HCT116 cells,,,
NFYA,FADS1,leukocytes,NFYA IP - K562 cells,,,
IRF1,FADS1,leukocytes,"IRF1 IP | IFNG - K562 cells, 6 h, IRF1 IP | IFNG - K562 cells, 30 min, IRF1 IP | IFNA1-13 - K562 cells, 6 h",,,
TP63,FADS1,esophagus,TP63 IP - KYSE-70,,,
YY1,FADS1,liver,YY1 IP - HepG2 cells,,,
125DVD3,FADS1,colon,CEBPB IP | 125DVD3,,,
CREB1,FADS1,uterus,CREB1 IP - ECC1 cells,,,
E2F4,FADS1,leukocytes,E2F4 IP - K562 cells,,,
CREB1,FADS1,leukocytes,"CREB1 IP - GM12878 cells, CREB1 IP - K562 cells",,,
MAFK,FADS1,lung,MAFK IP - IMR cells,,,
ELF1,FADS1,mammarygland,ELF1 IP - MCF7 cells,,,
ZNF143,FADS1,uterus,"ZNF143 IP - HeLa cells, ZNF143 IP - HeLa, Rep 1",,,
GABPA,FADS1,cns,GABPA IP - SK-N-SH cells,,,
ZBTB7A,FADS1,uterus,ZBTB7A IP - ECC1 cells,,,
TEAD4,FADS1,stemcells,TEAD4 IP - H1 cells,,,
CEBPB,FADS1,uterus,"CEBPB IP - ECC1 cells, CEBPB ChIP-Seq - HeLaS3",,,
TEAD4,FADS1,cns,TEAD4 IP - SK-N-SH cells,,,
SATB1,FADS1,liver,SATB1 IP,,,
EBF1,FADS1,leukocytes,"EBF1 IP - GM12878 cells, EBF1 IP - GM12878 cells",,,
ELK1,FADS1,uterus,ELK1 IP - HeLa cells,,,
FOXA1,FADS1,liver,"FOXA1 IP - HepG2 cells, Rep 2",,,
HEY1,FADS1,liver,HEY1 IP - HepG2 cells,,,
MAFF,FADS1,liver,MAFF IP - HepG2 cells,,,
ELF1,FADS1,liver,ELF1 IP - HepG2 cells,,,
TAL1,FADS1,leukocytes,TAL1 IP - MOLT3,,,
TBP,FADS1,stemcells,TBP IP - H1 cells,,,
PBX3,FADS1,cns,PBX3 IP - SK-N-SH cells,,,
FOSL1,FADS1,colon,FOSL1 IP - HCT116 cells,,,
CTCF,FADS1,esophagus,"CTCF IP - HEEpiC cells, Rep 1 ",,,
IRF4,FADS1,leukocytes,IRF4 IP,,,
YY1,FADS1,uterus,YY1 IP - ECC1 cells,,,
GATA2,FADS1,cns,GATA2 ChIP-Seq SH-SY5Y,,,
GATA3,FADS1,cns,GATA3 IP - SK-N-SH cells,,,
MAX,FADS1,stemcells,MAX IP - H1 cells,,,
FOXM1,FADS1,cns,FOXM1 IP - SK-N-SH cells,,,
JUN,FADS1,leukocytes,"JUN IP - K562 cells, Rep 1, JUN IP - K562 cells, Rep 2",,,
ELF1,FADS1,colon,ELF1 IP - HCT116 cells,,,
MXI1,FADS1,liver,MXI1 IP - HepG2 cells,,,
MAFK,FADS1,leukocytes,MAFK IP - K562 cells,,,
FOS,FADS1,vasculature,FOS IP - HUVEC cells,,,
PBX3,FADS1,lung,PBX3 IP - A549 cells,,,
TBP,FADS1,liver,TBP IP - HepG2 cells,,,
GABPA,FADS1,stemcells,GABPA IP - H1 cells,,,
TP63,FADS1,lung,TP63 IP - HCC95,,,
MAZ,FADS1,liver,MAZ IP - HepG2 cells,,,
YY1,FADS1,stemcells,YY1 IP - H1 cells,,,
ATF3,FADS1,colon,"ATF3 IP - HCT116 cells, ATF3 IP | CAMPTO",,,
CREB1,FADS1,colon,CREB1 IP ,,,
GATA2,FADS1,prostate,GATA2 KD + R1881 | FOXA1 ChIP-Seq,,,
EGR1,FADS1,leukocytes,EGR1 IP - K562 cells,,,
FOXA1,FADS1,lung,FOXA1 IP | DEX - A549 cells,,,
ATF2,FADS1,colon,ATF2 IP ,,,
TCF12,FADS1,stemcells,TCF12 IP - H1 cells,,,
EBF1,FADS1,adiposetissue,EBF1 IP,,,
RUNX1T1,FADS1,leukocytes,RUNX1T1 IP,,,
REST,FADS1,stemcells,"REST IP - H1 cells, Rep 1",,,
MXI1,FADS1,leukocytes,MXI1 IP - GM12878 cells,,,
ZNF384,FADS1,leukocytes,ZNF384 IP - K562 cells,,,
MAX,FADS1,lung,"MAX IP - A549 cells, MAX IP - A549 cells",,,
TBP,FADS1,uterus,TBP IP - HeLa cells,,,
JUND,FADS1,colon,JUND IP - HCT116 cells,,,
ETS1,FADS1,leukocytes,"ETS1 IP, ETS1 IP - K562 cells",,,
CEBPB,FADS1,mammarygland,CEBPB IP - MCF7 cells,,,
FORSK,FADS1,liver,CEBPB IP | FORSK - HepG2 cells,,,
E2F3,FADS1,colon,E2F3 IP ,,,
USF1,FADS1,stemcells,USF1 IP - H1 cells,,,
GATA3,FADS1,lung,GATA3 IP - A549 cells,,,
REST,FADS1,lung,REST IP - A549 cells,,,
SP1,FADS1,lung,SP1 IP - A549 cells,,,
USF1,FADS1,cns,USF1 IP | ATRA - SK-N-SH cells,,,
GLI2,FADS1,colon,GLI2 IP ,,,
POU2F2,FADS1,leukocytes,POU2F2 IP - GM12878 cells,,,
HOXA6,FADS1,colon,HOXA6 IP ,,,
FOXA2,FADS1,embryonictissue,FOXA2 IP - Rep 2,,,
ETV5,FADS1,colon,ETV5 IP ,,,
ATF3,FADS1,leukocytes,ATF3 IP - K562 cells,,,
MYC,FADS1,lung,MYC IP - A549 cells,,,
ERG,FADS1,leukocytes,ERG IP - Rep 1,,,
PIAS1,FADS1,prostate,"PIAS1 + R1881 | FOXA1 ChIP-Seq - Rep 2, PIAS1 + R1881 | FOXA1 ChIP-Seq - Rep 1",,,
TCF12,FADS1,lung,TCF12 IP - A549 cells,,,
YY1,FADS1,colon,YY1 IP - HCT116 cells,,,
REST,FADS1,pancreas,"REST IP - Panc1 cells, Rep 3",,,
JUN,FADS1,mammarygland,JUN IP - Rep 1,,,
ZEB1,FADS1,liver,ZEB1 IP - HepG2 cells,,,
TP53,FADS1,mammarygland,"TP53 IP, TP53 IP | NUTL3 - MCF-7",,,
E2F4,FADS1,mammarygland,E2F4 IP | 4HT - MCF10 cells,,,
USF1,FADS1,liver,USF1 IP - HepG2 cells,,,
TCF7L2,FADS1,uterus,TCF7L2 IP - HeLa cells,,,
ZNF143,FADS1,stemcells,ZNF143 IP - H1 cells,,,
MTA3,FADS1,leukocytes,MTA3 IP - GM12878 cells,,,
FOS,FADS1,leukocytes,FOS IP - K562 cells,,,
GABPA,FADS1,liver,"GABPA IP - MCF7 cells, GABPA IP - HepG2 cells",,,
JUN,FADS1,colon,JUN IP ,,,
RELA,FADS1,colon,RELA IP ,,,
NFYA,FADS1,uterus,NFYA IP - HeLa cells,,,
SREBF1,FADS1,liver,SREBF1 IP | INS + 22RHC - HepG2 cells,,,
22RHC; INS,FADS1,liver,SREBF1 IP | INS + 22RHC - HepG2 cells,,,
MYBL2,FADS1,liver,MYBL2 IP - HepG2 cells,,,
KLF5,FADS1,stomach,KLF5 IP - KATOIII,,,
TEAD4,FADS1,leukocytes,TEAD4 IP - K562 cells,,,
TCF12,FADS1,leukocytes,TCF12 IP - GM12878 cells,,,
JUND,FADS1,vasculature,JUND IP,,,
GABPA,FADS2,prostate,"GABPA IP | R1881, GABPA IP - Rep 1",,,
R1881,FADS2,prostate,"GABPA IP | R1881, ERG IP | R1881, CON KD + R1881 | GATA2 ChIP-Seq, CON KD + R1881 | FOXA1 ChIP-Seq - Rep 1, GATA2 KD + R1881 | FOXA1 ChIP-Seq, R1881 | FOXA1 ChIP-Seq - Rep 2, CON KD + R1881 | FOXA1 ChIP-Seq - Rep 2, CON KD + R1881 | FOXA1 ChIP-Seq, PIAS1 + R1881 | FOXA1 ChIP-Seq - Rep 2, PIAS1 + R1881 | FOXA1 ChIP-Seq - Rep 1, R1881 | FOXA1 ChIP-Seq - Rep 1",,,
TP53,FADS2,colon,"TP53 IP | NUTL3 - HCT-116, TP53 IP - HCT-116, TP53 IP | CAMPTO, TP53 IP | TP53 KO",,,
MAX,FADS2,leukocytes,"MAX IP - GM12878 cells, MAX IP - K562 cells, Rep 2, MAX IP - NB4 cells, MAX IP - K562 cells",,,
TCF12,FADS2,stemcells,TCF12 IP - H1 cells,,,
CREB1,FADS2,stemcells,CREB1 IP - H1 cells,,,
E2F6,FADS2,stemcells,E2F6 IP - H1 cells,,,
CTCF,FADS2,leukocytes,"CTCF IP - GM2630 cells, Rep 1 , CTCF IP - HeLa cells, Rep 2 , CTCF IP - MS1 cells, Rep 2 , CTCF IP - F36P cells, Rep 7 , CTCF IP - GM19239 cells, Rep 2 , CTCF IP - GM12878 cells, Rep 1 , CTCF IP - GM11894 cells, Rep 2, CTCF IP - GM18505 cells, Rep 1 , CTCF IP - GM12891 cells, Rep 2 , CTCF IP - GM12814 cells, Rep 1, CTCF IP - GM10847 cells, Rep 2 , CTCF IP - GM12864 cells, Rep 3 , CTCF IP - GM12005 cells, Rep 2, CTCF IP - GM12878 cells, Rep 1 , CTCF IP - K562 cells, Rep 15 , CTCF IP - GM12874 cells, Rep 2 , CTCF IP - GM19099 cells, Rep 2 , CTCF IP - GM11811 cells, Rep 1, CTCF IP - GM12828 cells, CTCF IP - F36P cells, Rep 19 , CTCF IP - GM2255 cells, Rep 1 , CTCF IP - GM12875 cells, Rep 2 , CTCF IP - GM18486 cells, Rep 1 , CTCF IP - GM06990 cells, Rep 2 , CTCF IP - F36P cells, Rep 13 , CTCF IP - GM12234 cells, CTCF IP - K562 cells, Rep 12 , CTCF IP - GM2610 cells, Rep 1 , CTCF IP - GM12892 cells, Rep 1 , CTCF IP - GM12749 cells, Rep 1, CTCF IP - GM2588 cells, Rep 3 , CTCF IP -  DND , CTCF IP - GM12870 cells , CTCF IP - GM2630 cells, Rep 3 , CTCF IP - HL , CTCF IP - GM12006 cells, Rep 2, CTCF IP - GM12872 cells, Rep 3 , CTCF IP - K562 cells, CTCF IP - GM12890 cells, Rep 3 , CTCF IP - K562 cells, CTCF IP - GM12154 cells, Rep 2, CTCF IP - GM12875 cells, Rep 1 , CTCF IP - F36P cells, Rep 15 , CTCF IP - GM07346 cells, CTCF IP - GM12864 cells, Rep 1 , CTCF IP - F36P cells, Rep 10 , CTCF IP - GM12873 cells, Rep 3 , CTCF IP - K562 cells, Rep 13 , CTCF IP - GM11831 cells, CTCF IP - GM19193 cells, Rep 2 , CTCF IP - GM11994 cells, Rep 1, CTCF IP - K562 cells, Rep 11 , CTCF IP - K562 cells , CTCF IP - GM2255 cells, Rep 2 , CTCF IP - F36P cells, Rep 6 , CTCF IP - GM12872 cells, Rep 1 , CTCF IP - GM12872 cells, CTCF IP - KU812 cells, Rep 17 , CTCF IP - GM11992 cells, Rep 2, CTCF IP - GM12878 cells, Rep 2 , CTCF IP - GM12154 cells, Rep 1, CTCF IP - GM12872 cells, Rep 2 , CTCF IP - GM12873 cells, Rep 1 , CTCF IP - F36P cells, Rep 9 , CTCF IP - GM11811 cells, Rep 2, CTCF IP - GM2610 cells, Rep 2 , CTCF IP - GM12865 cells, Rep 1 , CTCF IP - KU812 cells, Rep 1 , CTCF IP - GM2255 cells, Rep 3 , CTCF IP - GM11881 cells, CTCF IP - GM12865 cells, Rep 2 , CTCF IP - F36P cells, Rep 11 , CTCF IP - GM18526 cells, Rep 1 , CTCF IP - K562 cells, Rep 1 , CTCF IP - K562 cells, Rep 14 , CTCF IP - GM19240 cells, Rep 1 , CTCF IP - NB4 cells , CTCF IP - F36P cells, Rep 17 , CTCF IP - GM12878 cells , CTCF IP - GM06986 cells, CTCF IP - K562 cells, Rep 16 , CTCF IP -  CD20+ cells , CTCF IP - GM19239 cells, Rep 1 , CTCF IP - KU812 cells, Rep 5 , CTCF IP - GM19099 cells, Rep 1 , CTCF IP - GM12890 cells, Rep 2 , CTCF IP - CD14+ cells , CTCF IP - GM18951 cells, Rep 2 , CTCF IP - GM12874 cells, Rep 1 , CTCF IP - GM12891 cells, Rep 1 , CTCF IP - MS1 cells, Rep 4 , CTCF ChIP-Seq - GM12878, CTCF IP - K562 cells, CTCF IP - F36P cells, Rep 14 , CTCF IP - GM18505 cells, Rep 2 , CTCF IP - GM2588 cells, Rep 2 , CTCF IP - K562 cells, Rep 2 , CTCF IP - GM07037 cells, CTCF IP - F36P cells, Rep 2 , CTCF IP - GM12873 cells, Rep 1 , CTCF IP - GM18526 cells, Rep 2 , CTCF IP - GM12867 cells , CTCF IP - GM2610 cells, Rep 3 , CTCF IP - GM12864 cells, Rep 2 , CTCF IP - MS1 cells, Rep 1 , CTCF IP - GM18486 cells, Rep 2 , CTCF IP - GM18951 cells, Rep 1 , CTCF IP - GM12892 cells, Rep 2 , CTCF IP - GM2588 cells, Rep 1 , CTCF IP - UT-7 cells, Rep 5 , CTCF IP - GM12815 cells, Rep 1, CTCF IP - K562 cells, Rep 7 , CTCF IP - GM12869 cells , CTCF IP - UT-7 cells, Rep 6 , CTCF IP, CTCF IP - GM12865 cells, Rep 3 , CTCF IP - GM11994 cells, Rep 2, CTCF IP - GM12878 cells, Rep 2 , CTCF IP - GM12871 cells , CTCF IP - F36P cells, Rep 5 , CTCF IP - GM18486 cells, Rep 3 , CTCF IP - GM12890 cells, Rep 1 , CTCF IP - K562 cells, Rep 1 , CTCF IP - KU812 cells, Rep 13 , CTCF IP - MS1 cells, Rep 3 , CTCF IP - GM2630 cells, Rep 2 , CTCF IP - UT-7 cells, Rep 3 , CTCF IP - GM19240 cells, Rep 2 , CTCF IP - KU812 cells, Rep 9 , CTCF IP - GM12866 cells , CTCF IP - UT-7 cells, Rep 4 , CTCF IP - GM19238 cells, Rep 1 , CTCF IP - GM12868 cells , CTCF IP - F36P cells, Rep 3 , CTCF IP - GM10847 cells, Rep 1 , CTCF IP - GM19238 cells, Rep 2 , CTCF IP - GM06990 cells, Rep 1 , CTCF IP - HL-60 cells, Rep 7 , CTCF IP - F36P cells, Rep 1 , CTCF IP - GM19193 cells, Rep 1 ",,,
ZEB1,FADS2,liver,ZEB1 IP - HepG2 cells,,,
OVOL2,FADS2,colon,OVOL2 IP ,,,
CEBPB,FADS2,stemcells,"CEBPB IP - H1 cells, CEBPB IP, CEBPB IP, CEBPB IP, CEBPB IP, CEBPB IP, CEBPB IP, CEBPB IP",,,
CTCF,FADS2,placenta,"CTCF IP - HVMF cells, Rep 2 , CTCF IP - HVMF cells, Rep 1 ",,,
CTCF,FADS2,kidney,"CTCF IP - RPTEC cells, Rep 1 , CTCF IP - HEK293 cells, Rep 2 , CTCF IP - HEK293 cells, Rep 1 , CTCF IP - RPTEC cells, Rep 2 , CTCF IP - HRE cells, Rep 1 , CTCF IP - HRE cells, Rep 2 ",,,
KLF5,FADS2,pancreas,KLF5 IP,,,
TEAD4,FADS2,lung,TEAD4 IP - A549 cells,,,
CEBPB,FADS2,leukocytes,"CEBPB IP - Rep 204, CEBPB ChIP-Seq - K562, CEBPB IP, CEBPB IP, CEBPB IP - Rep 203, CEBPB IP | oxLDL  - Rep 205, CEBPB IP | oxLDL  - Rep 206, CEBPB IP - K562 cells, CEBPB IP, CEBPB IP, CEBPB IP | oxLDL  - Rep 208, CEBPB IP - Rep 201, CEBPB IP, CEBPB IP, CEBPB IP| oxLDL  - Rep 207, CEBPB IP",,,
E2F1,FADS2,prostate,"BICALU + HES6OE | E2F1 ChIP-Seq - Rep 4, BICALU | E2F1 ChIP-Seq - Rep 4, HES6 OE | E2F1 ChIP-Seq - Rep 1, E2F1 ChIP-Seq - Rep 4, BICALU | E2F1 ChIP-Seq - Rep 1, BICALU | E2F1 ChIP-Seq - Rep 2, BICALU | E2F1 ChIP-Seq - Rep 3, HES6 OE | E2F1 ChIP-Seq - Rep 2, HES6 OE | E2F1 ChIP-Seq - Rep 3, E2F1 ChIP-Seq - Rep 2, E2F1 ChIP-Seq - Rep 3, HES6 OE + BICALU | E2F1 ChIP-Seq - Rep 1, BICALU + HES6 OE | E2F1 ChIP-Seq - Rep 2, E2F1 ChIP-Seq - Rep 1, HES6 OE + BICALU | E2F1 ChIP-Seq - Rep 3",,,
BICALU,FADS2,prostate,"BICALU + HES6OE | E2F1 ChIP-Seq - Rep 4, BICALU | E2F1 ChIP-Seq - Rep 4, BICALU | E2F1 ChIP-Seq - Rep 1, BICALU | E2F1 ChIP-Seq - Rep 2, BICALU | E2F1 ChIP-Seq - Rep 3, HES6 OE + BICALU | E2F1 ChIP-Seq - Rep 1, BICALU + HES6 OE | E2F1 ChIP-Seq - Rep 2, HES6 OE + BICALU | E2F1 ChIP-Seq - Rep 3",,,
HES6,FADS2,prostate,"BICALU + HES6OE | E2F1 ChIP-Seq - Rep 4, HES6 OE | E2F1 ChIP-Seq - Rep 1, HES6 OE | E2F1 ChIP-Seq - Rep 2, HES6 OE | E2F1 ChIP-Seq - Rep 3, HES6 OE + BICALU | E2F1 ChIP-Seq - Rep 1, BICALU + HES6 OE | E2F1 ChIP-Seq - Rep 2, HES6 OE + BICALU | E2F1 ChIP-Seq - Rep 3",,,
GABPA,FADS2,leukocytes,"GABPA IP - HL cells, GABPA IP - Jurkat, Rep 2, GABPA IP - GM12878 cells, Rep 5 , GABPA IP - GM12878 cells, Rep 4 , GABPA IP - K562 cells, GABPA IP - GM12878 cells, Rep 2 , GABPA IP - Jurkat, Rep 1, GABPA IP - GM12878 cells, Rep 1 , GABPA IP - GM12878 cells, Rep 3 ",,,
JUN,FADS2,vasculature,JUN IP,,,
GATA2,FADS2,prostate,"GATA2 ChIP-Seq - Rep 2, CON KD + R1881 | GATA2 ChIP-Seq, GATA2 KD + R1881 | FOXA1 ChIP-Seq, GATA2 ChIP-Seq - Rep 1, FOXA1 + FBS | GATA2 ChIP-Seq, CON KD  | GATA2 ChIP-Seq, FOXA1 KD | GATA2 ChIP-Seq, CON KD | GATA2 ChIP-Seq, GATA2 ChIP-Seq",,,
MYC,FADS2,mammarygland,"MYC IP - MCF-10A cells, DHT | MYC ChIP-Seq, MYC IP | 4HT - MCF10A cells, MYC IP",,,
TP53,FADS2,bone,"TP53 IP | NUTL3, TP53 IP | NUTL3 - SJSA-1, TP53 IP - SJSA1, TP53 IP - Rep 2, TP53 IP - Etopo, TP53 IP - Rep 1, TP53 pS15 IP - Etopo, TP53 IP | TP53EE/RR OE",,,
NUTL3,FADS2,bone,TP53 IP | NUTL3,,,
FOSL2,FADS2,lung,FOSL2 IP - A549 cells,,,
REST,FADS2,cns,"REST IP - PFSK1 cells, Rep 2, REST IP - SK-N-SH cells, REST IP - PFSK-N-SH cells1 cells, Rep 1, REST IP - SK cells, REST IP - U87 cells",,,
GATA2,FADS2,hspcs,GATA2 IP,,,
SP1,FADS2,leukocytes,"SP1 IP - GM12878 cells, SP1 IP - K562 cells",,,
CTCF,FADS2,skin,"CTCF IP - AG04449 cells, Rep 1 , CTCF IP - BJ cells, Rep 2 , CTCF IP - AG04449 cells, Rep 2 , CTCF IP - NHEK cells , CTCF IP - BJ cells, Rep 1 , CTCF IP - AG10803 cells, Rep 1 , CTCF IP - AG10803 cells, Rep 2 , CTCF IP - NHDF cells, Rep 1 , CTCF IP - HFFC cells, Rep 2 , CTCF IP - HFFC cells, Rep 3 , CTCF IP - NHEK cells, Rep 2 , CTCF IP - AG09309 cells, Rep 1 , CTCF IP - AG09309 cells, Rep 2 , CTCF IP - HFFC cells, Rep 1 , CTCF IP - NHDF cells , CTCF IP - NHDF cells, Rep 2 , CTCF IP - GM12878 cells, Rep 2 ",,,
CEBPB,FADS2,liver,"CEBPB IP - HepG2 cells, CEBPB IP | FORSK - HepG2 cells, CEBPB ChIP-Seq - HepG2",,,
NFYA,FADS2,colon,NFYA IP ,,,
ELF1,FADS2,leukocytes,"ELF1 IP - SK-N-SH cells, ELF1 IP - SK-N-SH cells",,,
CTCF,FADS2,mammarygland,"CTCF IP - MCF-7 cells, Rep 1 , CTCF IP - T47D cells, CTCF IP - HMEC cells , CTCF IP - HMEC cells, Rep 2 , CTCF IP - HMEC cells, Rep 1 , CTCF IP - MCF-7 cells Rep 2 , CTCF IP - MCF7 cells, CTCF IP - HMF cells, Rep 2 ",,,
RELA,FADS2,colon,RELA IP ,,,
EPAS1,FADS2,kidney,"EPAS1 IP | EPAS1 OE, ARNT IP | EPAS1 OE",,,
FOSL2,FADS2,liver,FOSL2 IP - HepG2 cells,,,
CTCF,FADS2,megakaryocytelineage,"CTCF IP - MEG-01 cells, Rep 6 , CTCF IP - MEG-01 cells, Rep 10 , CTCF IP - MEG-01 cells, Rep 8 , CTCF IP - MEG-01 cells, Rep 9 , CTCF IP - MEG-01 cells, Rep 2 , CTCF IP - MEG-01 cells, Rep 4 ",,,
FOXA1,FADS2,mammarygland,"DHT | FOXA1 ChIP-Seq, FOXA1 IP - T47D cells, FOXA1 ChIP-Seq - Rep 1",,,
DHT,FADS2,mammarygland,"DHT | FOXA1 ChIP-Seq, DHT | MYC ChIP-Seq",,,
MTA3,FADS2,leukocytes,MTA3 IP - GM12878 cells,,,
ERG,FADS2,prostate,"ERG IP | R1881, DHT | ERG ChIP-Seq - 18 h, DHT | ERG ChIP-Seq - 2 h, ERG ChIP-Seq, DMSO | ERG ChIP-Seq - Rep 1",,,
CTCF,FADS2,miscellaneous,"CTCF IP - AG09319 cells, Rep 1 , CTCF IP - AG09319 cells, Rep 2 ",,,
CUX1,FADS2,leukocytes,CUX1 IP - K562 cells,,,
CREB1,FADS2,liver,"CREB1 IP, CREB1 IP, CREB1 IP, CREB1 IP - HepG2 cells",,,
RELA,FADS2,adiposetissue,"RELA IP, RELA IP, RELA IP, RELA IP",,,
FOXA1,FADS2,prostate,"FOXA1 ChIP-Seq - Rep 1, CON KD + R1881 | FOXA1 ChIP-Seq - Rep 1, CON KD | FOXA1 ChIP-Seq, EtOH | FOXA1 ChIP-Seq - , FOXA1 ChIP-Seq, GATA2 KD + R1881 | FOXA1 ChIP-Seq, R1881 | FOXA1 ChIP-Seq - Rep 2, FOXA1 ChIP-Seq - LNCaP-abl, CON KD + R1881 | FOXA1 ChIP-Seq - Rep 2, FOXA1 siRNA | CREB1 ChIP-Seq - Rep 2, CON KD + R1881 | FOXA1 ChIP-Seq, FOXA1 ChIP-Seq, EtOH | FOXA1 ChIP-Seq - Rep 2, FOXA1 + FBS | GATA2 ChIP-Seq, CON KD  | FOXA1 ChIP-Seq, FOXA1 ChIP-Seq - Rep 2, CREB1 siRNA | FOXA1 ChIP-Seq - Rep 1, WT AR OE + FOXA1 OE | FOXA1 ChIP-Seq, FOXA1 siRNA | CREB1 ChIP-Seq - Rep 1, DHT | FOXA1 ChIP-Seq, CON KD | FOXA1 ChIP-Seq, FOXA1 KD | FOXA1 ChIP-Seq, FOXA1 KD | GATA2 ChIP-Seq, PIAS1 + R1881 | FOXA1 ChIP-Seq - Rep 2, FOXA1 KD | FOXA1 ChIP-Seq, PIAS1 + R1881 | FOXA1 ChIP-Seq - Rep 1, CREB1 siRNA | FOXA1 ChIP-Seq - Rep 2, POU2F1 KD + DHT | FOXA1 ChIP-Seq, R1881 | FOXA1 ChIP-Seq - Rep 1, CON KD | FOXA1 ChIP-Seq",,,
STAT3,FADS2,mammarygland,"STAT3 IP - MCF10A cells, Rep 2, STAT3 IP | 4HT - MCF10 cells, 36 h, STAT3 IP | 4HT - MCF10 cells, 12 h",,,
STAT2,FADS2,colon,STAT2 IP ,,,
CTCF,FADS2,hspcs,"CTCF IP - HEL 92.1.7 cells, Rep 5 , CTCF IP - HEL 92.1.7 cells, Rep 2 , CTCF IP - HEL 92.1.7 cells, Rep 14 , CTCF IP - HEL 92.1.7 cells, Rep 1 , CTCF IP - HEL 92.1.7 cells, Rep 13 , CTCF IP - HSPCs, Rep 2, CTCF IP - HEL 92.1.7 cells, Rep 11 , CTCF IP - Erythroid cells, Rep 1, CTCF IP - HSPCs, Rep 1, CTCF IP - HEL 92.1.7 cells, Rep 8 ",,,
REST,FADS2,leukocytes,"REST IP - GM12878 cells, Rep 3 , REST IP - GM12878 cells, Rep 10 , REST IP - GM12878 cells, Rep 4 , REST IP -  K562 cells, REST IP - Jurkat cells, Rep 4 , REST IP - GM12878 cells, Rep 12 , REST IP - HL60 cells, REST IP - K562 cells, REST IP - GM12878 cells, Rep 27 , REST IP - Jurkat cells, Rep 11 , REST IP - GM12878 cells, Rep 19 , REST IP - Jurkat cells, Rep 7 , REST IP - GM12878 cells, Rep 28 , REST IP - GM12878 cells, Rep 25 , REST IP - Jurkat cells, Rep 10 , REST IP - GM12878 cells, Rep 5 , REST IP - GM12878 cells, Rep 24 , REST IP - GM12878 cells, Rep 7 , REST IP - GM12878 cells, Rep 2, REST IP - GM12878 cells, Rep 23 , REST IP - GM12878 cells, Rep 18 , REST IP - Jurkat cells, Rep 3 , REST IP - GM12878 cells, Rep 14 , REST IP - GM12878 cells, Rep 26 , REST IP - GM12878 cells, Rep 1, REST IP - Jurkat cells, Rep 8 , REST IP - Jurkat cells, Rep 12 , REST IP - Jurkat cells, Rep 5 , REST IP - GM12878 cells, Rep 17 , REST IP - Jurkat cells, Rep 14 , REST IP - GM12878 cells, Rep 13 , REST IP - GM12878 cells, Rep 9 , REST IP - K562 cells , REST IP - GM12878 cells, Rep 8 , REST IP - GM12878 cells, Rep 11 , REST IP - GM12878 cells, Rep 1 ",,,
IRF1,FADS2,pancreas,IRF1 IP,,,
MYC,FADS2,leukocytes,"MYC IP | IFNA1 - K562 cells, 30 min, MYC IP | IFNG - K562 cells, 6 h, MYC IP | IFNA1 - K562 cells, 6 h, MYC IP - NB4 cells, MYC IP - K562 cells, Rep 1, MYC IP | IFNG - K562 cells, 30 min, MYC IP - K562 cells, Rep 2",,,
IFNA1,FADS2,leukocytes,"MYC IP | IFNA1 - K562 cells, 30 min, MYC IP | IFNA1 - K562 cells, 6 h, STAT2 IP | IFNA1-13 - K562 cells, 30 min, IRF1 IP | IFNA1-13 - K562 cells, 6 h, STAT2 IP | IFNA1-13 - K562 cells, 6 h",,,
CTCF,FADS2,bone,CTCF IP - Osteoblasts ,,,
MAX,FADS2,cns,MAX IP - SK-N-SH cells,,,
REST,FADS2,stemcells,"REST IP - H1 cells, Rep 2, REST IP - H1 cells, Rep 1",,,
MYB,FADS2,leukocytes,"MYB IP - Jurkat, Rep 1, MYB IP - Jurkat, Rep 2, MYB IP - Jurkat, Rep 5, MYB IP - Jurkat, Rep 3, MYB IP - MOLT3, MYB IP - Jurkat, Rep 4",,,
FOXA2,FADS2,lung,FOXA2 IP - A549 cells,,,
USF2,FADS2,uterus,USF2 IP - HeLa cells,,,
REST,FADS2,mammarygland,REST IP - MCF7 cells,,,
CTCF,FADS2,cns,"CTCF IP - spinal cord astrocyte cells, Rep 1 , CTCF IP - HCPEpiC cells, Rep 1 , CTCF IP - BE(2)-C cells, Rep 1 , CTCF IP - cerebellar astrocyte cells, Rep 1 , CTCF IP - cerebellar astrocyte cells, Rep 2 , CTCF IP - spinal cord astrocyte cells, Rep 2 , CTCF IP - SK-N-SH cells, Rep 2 , CTCF IP - HCPEpiC cells, Rep 2 , CTCF IP - SK-N-SH cells , CTCF IP - NHA cells , CTCF IP - SK-N-SH cells, Rep 1 , CTCF IP - BE(2)-C cells, Rep 2 , CTCF IP - SK cells",,,
BHLHE40,FADS2,leukocytes,"BHLHE40 IP - K562 cells, BHLHE40 IP - GM12878 cells",,,
TP63,FADS2,skin,"TP63 IP, TP63 IP, TP63 IP | BANF1 KD, TP63 IP - Adriam, Rep 1, TP63 IP",,,
E2F4,FADS2,leukocytes,"E2F4 IP - GM12878 cells, E2F4 IP - K562 cells",,,
MXI1,FADS2,cns,MXI1 IP - SK-N-SH cells ,,,
USF1,FADS2,lung,"USF1 IP | DEX - A549 cells, USF1 IP - A549 cells, Rep 2",,,
DEX,FADS2,lung,"USF1 IP | DEX - A549 cells, CREB1 IP | DEX - A549 cells, FOXA1 IP | DEX - A549 cells, CTCF IP | DEX - A549 cells , CTCF IP | DEX - A549 cells",,,
IRF1,FADS2,colon,IRF1 IP ,,,
ZBTB7A,FADS2,liver,ZBTB7A IP - HepG2 cells,,,
ARNT,FADS2,kidney,"ARNT IP | HIF1A OE, ARNT IP, ARNT IP | EPAS1 OE",,,
HIF1A,FADS2,kidney,ARNT IP | HIF1A OE,,,
TP73,FADS2,bone,"TP73 IP - alpha isoform, Rep 2, TP73 IP - beta isoform, Rep 1, TP73 IP - beta isoform, Rep 2",,,
CREB1,FADS2,prostate,"CREB1 ChIP-Seq - LNCaP-abl, CREB1 ChIP-Seq - Rep 2, FOXA1 siRNA | CREB1 ChIP-Seq - Rep 2, CREB1 ChIP-Seq - Rep 1, CREB1 siRNA | FOXA1 ChIP-Seq - Rep 1, FOXA1 siRNA | CREB1 ChIP-Seq - Rep 1, CREB1 ChIP-Seq - LNCaP, CREB1 siRNA | FOXA1 ChIP-Seq - Rep 2",,,
CEBPA,FADS2,leukocytes,CEBPA IP,,,
TP53,FADS2,skin,"TP53 IP, TP53 IP, TP53 IP - Adriam, TP53 IP",,,
STAT1,FADS2,leukocytes,"STAT1 IP - Rep 5, STAT1 IP - Rep 3, STAT1 IP - Rep 2, STAT1 IP - Rep 4, STAT1 IP - Rep 1, STAT1 IP - Rep 6",,,
IFNG,FADS2,leukocytes,"STAT1 IP - Rep 5, MYC IP | IFNG - K562 cells, 6 h, STAT1 IP - Rep 3, STAT1 IP - Rep 2, IRF1 IP | IFNG - K562 cells, 6 h, STAT1 IP - Rep 4, STAT1 IP - Rep 1, STAT1 IP - Rep 6, IRF1 IP | IFNG - K562 cells, 30 min, MYC IP | IFNG - K562 cells, 30 min",,,
MAX,FADS2,colon,MAX IP - HCT116 cells,,,
RUNX1,FADS2,leukocytes,"RUNX1 IP, SPI1 IP | RUNX1 KD, RUNX1 IP - N terminus 1, RUNX1 IP",,,
CTCF,FADS2,stemcells,"CTCF IP - Rep 4 , CTCF IP - Rep 6 , CTCF IP - Rep 1 , CTCF IP - Rep 7 , CTCF IP - Rep 2 , CTCF IP - H1 cells, CTCF IP - Rep 5 , CTCF IP - H1 cells , CTCF IP - Rep 3 ",,,
REST,FADS2,liver,"REST IP - HepG2 cells, Rep 1, REST IP - HepG2 cells, Rep 2",,,
ARID3A,FADS2,leukocytes,ARID3A IP - K562 cells,,,
FOXP1,FADS2,leukocytes,"FOXP1 IP - OCI-LY19, FOXP1 IP - OCI-LY10, FOXP1 IP - HT",,,
KLF11,FADS2,adiposetissue,"ROSI (BrAT) | KLF11 ChIP-Seq, Rep 1, ROSI (BrAT) | KLF11 ChIP-Seq, Rep 2, KLF11 ChIP-Seq, Rep 1, KLF11 ChIP-Seq, Rep 2",,,
ROSI,FADS2,adiposetissue,"ROSI (BrAT) | KLF11 ChIP-Seq, Rep 1, ROSI (BrAT) | KLF11 ChIP-Seq, Rep 2",,,
SPI1,FADS2,leukocytes,"SPI1 IP - GM12878 cells, Rep 3 , SPI1 IP, SPI1 IP, SPI1 IP - U-937 cells, Rep 4 , SPI1 IP - U-937 cells, Rep 8 , SPI1 IP - GM12878 cells, SPI1 IP, SPI1 IP - GM12891 cells, SPI1 IP - HL cells, SPI1 IP, SPI1 IP - GM12878 cells, Rep 2 , SPI1 IP - HL-60 cells, Rep 4 , SPI1 IP, SPI1 IP - K562 cells, SPI1 IP | RUNX1 KD, SPI1 IP, SPI1 IP, SPI1 IP - GM12878 cells, Rep 4 , SPI1 IP, SPI1 IP",,,
CTCF,FADS2,lung,"CTCF IP - A549 cells, Rep 2 , CTCF IP - A549 cells, CTCF ChIP-Seq - A549, CTCF IP - IMR cells, CTCF IP | DEX - A549 cells , CTCF IP - WI-38 cells, Rep 2 , CTCF IP - A549 cells, Rep 1 , CTCF IP - NHLF cells , CTCF IP - SAEC cells, Rep 1 , CTCF IP | DEX - A549 cells, CTCF IP - AG04450 cells, Rep 2 , CTCF IP - HPF cells, Rep 2 , CTCF IP - AG04450 cells, Rep 1 , CTCF IP - WI-38 cells, Rep 1 , CTCF IP - NHLF cells , CTCF IP - A549 cells , CTCF IP - SAEC cells, Rep 2 , CTCF IP - HPF cells, Rep 1 ",,,
MXI1,FADS2,lung,MXI1 IP - IMR cells,,,
SRF,FADS2,stemcells,"SRF IP - Rep 7 , SRF IP - Rep 6 , SRF IP - Rep 4 , SRF IP - Rep 5 ",,,
CTCF,FADS2,pancreas,CTCF IP,,,
PAX5,FADS2,leukocytes,"PAX5 IP - GM12892 cells, PAX5 IP - GM12878 cells, Rep 2",,,
CREB1,FADS2,lung,"CREB1 IP | DEX - A549 cells, CREB1 IP - A549 cells, Rep 1, CREB1 IP - A549 cells, Rep 2",,,
TP53,FADS2,lung,"TP53 IP | TP53 KD - senescent, TP53 IP - propapoptic, Rep 1, TP53 IP - growing, TP53 IP - senescent",,,
ZNF143,FADS2,leukocytes,"ZNF143 IP - GM12878 cells, ZNF143 IP - K562 cells, ZNF143 IP - K562",,,
MAFK,FADS2,leukocytes,"MAFK IP - K562 cells, MAFK IP - K562 cells",,,
GATA2,FADS2,vasculature,GATA2 IP - HUVEC cells,,,
NFKB1,FADS2,leukocytes,NFKB1 IP - Rep 2,,,
SREBF2,FADS2,leukocytes,SREBF2 IP - GM12878 cells,,,
CTCF,FADS2,uterus,"CTCF IP - HeLa cells, Rep 1 , CTCF IP - HeLa cells ",,,
NFYC,FADS2,colon,NFYC IP ,,,
TP53,FADS2,leukocytes,TP53 IP - Doxo DNA damage,,,
MAZ,FADS2,leukocytes,"MAZ IP - GM12878 cells, MAZ IP - K562 cells",,,
MAX,FADS2,uterus,"MAX IP - ECC1 cells, MAX IP - HeLa cells, Rep 2, MAX IP - HeLa cells, Rep 1",,,
E2F1,FADS2,mammarygland,"E2F1 IP, E2F1 IP - MCF7 cells",,,
TAL1,FADS2,megakaryocytelineage,"TAL1 IP - CHRF-288-11 cells, Rep 4 , TAL1 IP - CHRF-288-11 cells, Rep 3 , TAL1 IP - CHRF-288-11 cells, Rep 5 , TAL1 IP - CHRF-288-11 cells, Rep 1 , TAL1 IP - CHRF-288-11 cells, Rep 6 ",,,
CTCF,FADS2,vasculature,"CTCF IP - HUVEC cells, Rep 2 , CTCF IP - HBMEC cells, Rep 1 , CTCF IP - HBMEC cells, Rep 2 , CTCF IP - HUVEC cells, Rep 1 , CTCF IP - HPAF cells, Rep 2 , CTCF IP - HPAF cells, Rep 1 , CTCF IP - AoAFC cells, Rep 2 , CTCF IP - AoAFC cells, Rep 1 , CTCF IP - HUVEC cells ",,,
ELF1,FADS2,cns,ELF1 IP - SK-N-SH cells,,,
BCL3,FADS2,lung,BCL3 IP - A549 cells,,,
YY1,FADS2,leukocytes,"YY1 IP - K562 cells, Rep 1, YY1 IP - GM12892 cells, Rep 1, YY1 IP - GM12878 cells, YY1 IP - GM12891 cells, YY1 IP - K562 cells, Rep 2",,,
TCF7L2,FADS2,mammarygland,TCF7L2 ChIP-Seq,,,
GATA4,FADS2,stomach,GATA4 IP - AGS,,,
MAZ,FADS2,uterus,MAZ IP - HeLa cells,,,
MAX,FADS2,vasculature,MAX IP - HUVEC cells,,,
CEBPB,FADS2,lung,"CEBPB ChIP-Seq - IMR90, CEBPB ChIP-Seq - A549, CEBPB IP - A549 cells",,,
ATF2,FADS2,leukocytes,ATF2 IP - GM12878 cells,,,
MYC,FADS2,uterus,MYC IP - HeLa cells,,,
YY1,FADS2,stemcells,"YY1 IP - H1 cells, YY1 IP - NT2 cells",,,
EGR1,FADS2,colon,EGR1 IP - HCT116 cells,,,
FOXP2,FADS2,cns,"FOXP2 IP - PFSK-1 cells, FOXP2 IP - SK cells",,,
CTCF,FADS2,heart,"CTCF IP - HCF cells , CTCF IP - myocytes cells, Rep 2 , CTCF IP - myocytes cells, Rep 1 ",,,
TP63,FADS2,esophagus,TP63 IP - KYSE-70,,,
TFAP4,FADS2,leukocytes,"TFAP4 IP - Rep 2, TFAP4 IP - Rep 1",,,
CEBPB,FADS2,colon,"CEBPB IP | 125DVD3, CEBPB IP, CEBPB IP - HCT116 cells",,,
125DVD3,FADS2,colon,CEBPB IP | 125DVD3,,,
FOXA1,FADS2,lung,FOXA1 IP | DEX - A549 cells,,,
REST,FADS2,lung,REST IP - A549 cells,,,
CREB1,FADS2,uterus,CREB1 IP - ECC1 cells,,,
E2F1,FADS2,uterus,"E2F1 IP - HeLa cells, Rep 2, E2F1 IP - HeLa cells, Rep 1",,,
RELA,FADS2,leukocytes,"RELA IP | TNF - GM12892 cells, RELA IP | BAY082  - IVD Th1 cells, PIA, RELA IP | TNF - GM15510 cells, RELA IP | TNF - GM19193 cells, RELA IP | TNF - GM18951 cells, RELA IP | TNF - GM18505 cells, RELA IP | TNF - GM12891 cells, RELA IP | TNF - GM10847 cells, RELA IP - IVD Th1 cells, PIA, RELA IP | TNF - GM19099 cells, RELA IP | TNF - GM12878 cells",,,
TNF,FADS2,leukocytes,"RELA IP | TNF - GM12892 cells, RELA IP | TNF - GM15510 cells, RELA IP | TNF - GM19193 cells, RELA IP | TNF - GM18951 cells, RELA IP | TNF - GM18505 cells, RELA IP | TNF - GM12891 cells, RELA IP | TNF - GM10847 cells, RELA IP | TNF - GM12878 cells",,,
ZBTB7A,FADS2,uterus,ZBTB7A IP - ECC1 cells,,,
SRF,FADS2,leukocytes,"SRF IP - K562 cells, SRF IP - SK-N-SH cells, SRF IP - GM12878 cells, Rep 2",,,
CEBPB,FADS2,uterus,"CEBPB IP - ECC1 cells, CEBPB ChIP-Seq - HeLaS3",,,
SIX2,FADS2,kidney,"SIX2 IP - 17 weeks, Rep 1, SIX2 IP - 17 weeks, Rep 2",,,
MAFK,FADS2,lung,MAFK IP - IMR cells,,,
CREB1,FADS2,leukocytes,"CREB1 IP - K562 cells, CREB1 IP - GM12878 cells",,,
FOXM1,FADS2,leukocytes,FOXM1 IP - GM12878 cells,,,
ZNF263,FADS2,kidney,ZNF263 IP - HEK293 cells,,,
HEY1,FADS2,liver,HEY1 IP - HepG2 cells,,,
REST,FADS2,pancreas,"REST IP - Panc1 cells, Rep 3",,,
CEBPB,FADS2,bone,"CEBPB IP, CEBPB IP",,,
MAFF,FADS2,liver,MAFF IP - HepG2 cells,,,
CTCF,FADS2,sensory,"CTCF IP - WERI-Rb-1- cells, Rep 1 , CTCF IP - HRPEpiC cells, Rep 2 , CTCF IP - WERI , CTCF IP - HRPEpiC cells, Rep 1 ",,,
MAZ,FADS2,liver,MAZ IP - HepG2 cells,,,
E2F4,FADS2,mammarygland,E2F4 IP | 4HT - MCF10 cells,,,
4HT,FADS2,mammarygland,"E2F4 IP | 4HT - MCF10 cells, STAT3 IP | 4HT - MCF10 cells, 36 h, FOS IP | 4HT - MCF10A cells, 36 h, MYC IP | 4HT - MCF10A cells, FOS IP | 4HT - MCF10A cells, 12 h, STAT3 IP | 4HT - MCF10 cells, 12 h, FOS IP | 4HT - MCF10A cells, 4 h",,,
GATA2,FADS2,leukocytes,"GATA2 IP - K562 cells, GATA2 IP - K562 cells",,,
TBP,FADS2,liver,TBP IP - HepG2 cells,,,
ELF1,FADS2,mammarygland,ELF1 IP - MCF7 cells,,,
DHT,FADS2,prostate,"DHT | ERG ChIP-Seq - 18 h, DHT | ERG ChIP-Seq - 2 h, DHT | FOXP1 ChIP-Seq, DHT | FOXA1 ChIP-Seq, POU2F1 KD + DHT | FOXA1 ChIP-Seq",,,
PBX3,FADS2,cns,PBX3 IP - SK-N-SH cells,,,
IRF1,FADS2,leukocytes,"IRF1 IP | IFNG - K562 cells, 6 h, IRF1 IP | IFNA1-13 - K562 cells, 6 h, IRF1 IP | IFNG - K562 cells, 30 min",,,
CTCF,FADS2,skeletalmuscle,"CTCF IP - HSMM cells, Rep 2 , CTCF IP - HSMM cells, Rep 1 ",,,
TCF7L2,FADS2,pancreas,TCF7L2 IP,,,
BAY082,FADS2,leukocytes,"RELA IP | BAY082  - IVD Th1 cells, PIA",,,
STAT3,FADS2,leukocytes,"STAT3 IP - U-2932, STAT3 IP - SU-DHL-6, STAT3 IP - SU-DHL-4",,,
ETS1,FADS2,leukocytes,"ETS1 IP - K562 cells, ETS1 IP, ETS1 IP - GM12878 cells",,,
CTCF,FADS2,liver,"CTCF IP - HepG2 cells, Rep 2 , CTCF IP - HepG2 cells , CTCF IP - HepG2 cells, Rep 1 , CTCF IP, CTCF IP - SK-N-SH cells",,,
SREBF1,FADS2,leukocytes,SREBF1 IP - GM12878 cells,,,
EBF1,FADS2,adiposetissue,"EBF1 IP, EBF1 IP",,,
FOXA2,FADS2,embryonictissue,FOXA2 IP - Rep 2,,,
TCF12,FADS2,cns,TCF12 IP - SK-N-SH cells,,,
EBF1,FADS2,leukocytes,"EBF1 IP - GM12878 cells, EBF1 IP - GM12878 cells",,,
MXI1,FADS2,liver,MXI1 IP - HepG2 cells,,,
TCF3,FADS2,leukocytes,TCF3 IP - GM12878 cells,,,
FOS,FADS2,vasculature,FOS IP - HUVEC cells,,,
ELF3,FADS2,pancreas,"ELF3 IP, ELF3 IP",,,
TEAD4,FADS2,stemcells,TEAD4 IP - H1 cells,,,
JUND,FADS2,lung,JUND IP - A549 cells,,,
ATF3,FADS2,colon,"ATF3 IP - HCT116 cells, ATF3 IP | CAMPTO",,,
RBPJ,FADS2,leukocytes,"RBPJ IP | COMPE - wash, RBPJ IP | COMPE",,,
COMPE,FADS2,leukocytes,"RBPJ IP | COMPE - wash, RBPJ IP | COMPE",,,
YY1,FADS2,cns,"YY1 IP - SK-N-SH cells, YY1 IP | ATRA - SK-N-SH cells",,,
JUND,FADS2,stemcells,JUND IP - H1 cells,,,
RUNX1T1,FADS2,leukocytes,RUNX1T1 IP,,,
SP1,FADS2,stemcells,SP1 IP - H1 cells,,,
MXI1,FADS2,leukocytes,MXI1 IP - GM12878 cells,,,
MAX,FADS2,lung,"MAX IP - A549 cells, MAX IP - A549 cells",,,
FOXM1,FADS2,cns,FOXM1 IP - SK-N-SH cells,,,
ELK1,FADS2,uterus,ELK1 IP - HeLa cells,,,
JUND,FADS2,vasculature,JUND IP,,,
NFATC1,FADS2,leukocytes,NFATC1 IP - GM12878 cells,,,
CEBPB,FADS2,mammarygland,CEBPB IP - MCF7 cells,,,
STAT5A,FADS2,leukocytes,STAT5A IP - K562 cells,,,
E2F3,FADS2,colon,E2F3 IP ,,,
FORSK,FADS2,liver,CEBPB IP | FORSK - HepG2 cells,,,
USF1,FADS2,stemcells,USF1 IP - H1 cells,,,
USF1,FADS2,cns,USF1 IP | ATRA - SK-N-SH cells,,,
ATRA,FADS2,cns,"USF1 IP | ATRA - SK-N-SH cells, YY1 IP | ATRA - SK-N-SH cells",,,
GLI2,FADS2,colon,GLI2 IP ,,,
TAL1,FADS2,leukocytes,"TAL1 IP - MOLT3, TAL1 IP - K562 cells, TAL1  IP - Rep 2",,,
HOXA6,FADS2,colon,HOXA6 IP ,,,
GABPA,FADS2,liver,"GABPA IP - HepG2 cells, GABPA IP - MCF7 cells",,,
GATA3,FADS2,cns,GATA3 IP - SK-N-SH cells,,,
NFYB,FADS2,leukocytes,"NFYB IP - K562 cells, NFYB IP - GM12878 cells",,,
MYC,FADS2,bone,"MYC IP, MYC IP, MYC IP, MYC IP",,,
TBP,FADS2,stemcells,TBP IP - H1 cells,,,
FOXP1,FADS2,prostate,DHT | FOXP1 ChIP-Seq,,,
JUN,FADS2,mammarygland,JUN IP - Rep 1,,,
GABPA,FADS2,cns,GABPA IP - SK-N-SH cells,,,
RUNX1,FADS2,hspcs,"RUNX1 IP, RUNX1",,,
YY1,FADS2,uterus,YY1 IP - ECC1 cells,,,
FOS,FADS2,mammarygland,"FOS IP | 4HT - MCF10A cells, 36 h, FOS IP - MCF10A cells, FOS IP | 4HT - MCF10A cells, 12 h, FOS IP | 4HT - MCF10A cells, 4 h",,,
JUN,FADS2,colon,JUN IP ,,,
STAT2,FADS2,leukocytes,"STAT2 IP | IFNA1-13 - K562 cells, 30 min, STAT2 IP | IFNA1-13 - K562 cells, 6 h",,,
ELF1,FADS2,liver,ELF1 IP - HepG2 cells,,,
TP53,FADS2,mammarygland,"TP53 IP | NUTL3 - MCF-7, TP53 IP",,,
CTCF,FADS2,colon,"CTCF IP - Rep 2 , CTCF IP - HCT116 cells, Rep 2 , CTCF IP - Caco-2 cells, Rep 1 , CTCF IP - HCT116 cells, Rep 1 , CTCF IP - HCT116 cells, CTCF IP - Caco ",,,
MYBL2,FADS2,liver,MYBL2 IP - HepG2 cells,,,
E2F6,FADS2,leukocytes,"E2F6 IP - K562 cells, E2F6 IP - K562 cells",,,
SREBF1,FADS2,liver,SREBF1 IP | INS + 22RHC - HepG2 cells,,,
22RHC; INS,FADS2,liver,SREBF1 IP | INS + 22RHC - HepG2 cells,,,
UBTF,FADS2,leukocytes,"UBTF IP - K562 cells, UBTF IP - K562 cells",,,
NFYB,FADS2,uterus,NFYB IP - HeLa cells,,,
CTCF,FADS2,adiposetissue,"CTCF ChIP-Seq - d 0, CTCF ChIP-Seq - d 9, CTCF ChIP-Seq - d -2",,,
MAZ,FADS2,lung,MAZ IP - IMR cells,,,
TEAD4,FADS2,colon,TEAD4 IP - HCT116 cells,,,
HEY1,FADS2,leukocytes,HEY1 IP - K562 cells,,,
CAMPTO,FADS2,colon,TP53 IP | CAMPTO,,,
E2F6,FADS2,uterus,E2F6 IP - HeLa cells,,,
TCF12,FADS2,lung,TCF12 IP - A549 cells,,,
ERG,FADS2,leukocytes,ERG IP - Rep 1,,,
TAL1,FADS2,colon,TAL1 IP ,,,
ARID3A,FADS2,liver,ARID3A IP - HepG2 cells,,,
YY1,FADS2,lung,YY1 IP - A549 cells,,,
USF1,FADS2,uterus,USF1 IP - ECC1 cells,,,
AR,FADS2,prostate,WT AR OE + FOXA1 OE | FOXA1 ChIP-Seq,,,
LYL1,FADS2,leukocytes,"LYL1 IP - Kasumi-1, LYL1 IP - NB4",,,
BACH1,FADS2,stemcells,BACH1 IP - H1 cells,,,
ATF1,FADS2,leukocytes,ATF1 IP - K562 cells,,,
HOXA4,FADS2,colon,HOXA4 IP ,,,
USF1,FADS2,colon,USF1 IP - HCT116 cells,,,
ZBTB7A,FADS2,leukocytes,ZBTB7A IP - SK-N-SH cells,,,
ZKSCAN1,FADS2,uterus,ZKSCAN1 IP - HeLa cells,,,
GTF2F1,FADS2,uterus,GTF2F1 IP - HeLa cells,,,
MXI1,FADS2,uterus,MXI1 IP - HeLa cells,,,
TBP,FADS2,uterus,TBP IP - HeLa cells,,,
TP63,FADS2,thyroidgland,TP63 IP - TT MTC,,,
BANF1,FADS2,skin,TP63 IP | BANF1 KD,,,
ELK1,FADS2,leukocytes,"ELK1 IP - K562 cells, ELK1 IP - GM12878 cells",,,
YY1,FADS2,liver,YY1 IP - HepG2 cells,,,
MAFF,FADS2,leukocytes,MAFF IP - K562 cells,,,
TCF12,FADS2,leukocytes,TCF12 IP - GM12878 cells,,,
ZNF263,FADS2,leukocytes,ZNF263 IP - K562 cells,,,
CTCF,FADS2,esophagus,"CTCF IP - HEEpiC cells, Rep 1 ",,,
BHLHE40,FADS2,liver,BHLHE40 IP - HepG2 cells,,,
SP1,FADS2,colon,SP1 IP - HCT116 cells,,,
MYC,FADS2,liver,MYC IP,,,
REST,FADS2,uterus,"REST IP - SK-N-SH cells, REST IP - ECC1 cells",,,
MAX,FADS2,liver,"MAX IP - HepG2 cells, MAX IP - MCF7 cells, MAX IP - HepG2 cells",,,
HMGN3,FADS2,leukocytes,HMGN3 IP - K562 cells,,,
E2F6,FADS2,lung,E2F6 IP - A549 cells,,,
MYC,FADS2,stemcells,MYC IP - Rep 2 ,,,
OTX2,FADS2,stemcells,OTX2 IP - Rep 10 ,,,
TBP,FADS2,leukocytes,"TBP IP - GM12878 cells, TBP IP - K562 cells",,,
MAFK,FADS2,liver,"MAFK IP - HepG2 cells, Rep 1, MAFK IP - HepG2 cells, Rep 2",,,
SP1,FADS2,liver,SP1 IP - HepG2 cells,,,
NFYA,FADS2,leukocytes,NFYA IP - K562 cells,,,
GATA3,FADS2,lung,GATA3 IP - A549 cells,,,
JUND,FADS2,colon,JUND IP - HCT116 cells,,,
TEAD1,FADS2,cns,TEAD1 IP - Rep 1,,,
FLI1,FADS2,hspcs,FLI1 IP,,,
ELF1,FADS2,colon,ELF1 IP - HCT116 cells,,,
ZNF143,FADS2,uterus,"ZNF143 IP - HeLa cells, ZNF143 IP - HeLa, Rep 1",,,
STAT5B,FADS2,leukocytes,"STAT5B IP | H9, Rep 2",,,
H9,FADS2,leukocytes,"STAT5B IP | H9, Rep 2",,,
JUND,FADS2,liver,JUND IP - HepG2 cells,,,
GTF2B,FADS2,uterus,"GTF2B IP - Rep 3, GTF2B IP - DTT, Rep 1, GTF2B IP - Rep 2",,,
SATB1,FADS2,liver,SATB1 IP,,,
HIF1A,FADS2,bone,HIF1A IP,,,
GABPA,FADS2,stemcells,GABPA IP - H1 cells,,,
TCF7L2,FADS2,uterus,TCF7L2 IP - HeLa cells,,,
FOSL1,FADS2,colon,FOSL1 IP - HCT116 cells,,,
PIAS1,FADS2,prostate,"PIAS1 + R1881 | FOXA1 ChIP-Seq - Rep 2, PIAS1 + R1881 | FOXA1 ChIP-Seq - Rep 1",,,
POU2F2,FADS2,leukocytes,POU2F2 IP - GM12878 cells,,,
YY1,FADS2,colon,YY1 IP - HCT116 cells,,,
GATA1,FADS2,hspcs,"GATA1 IP - PBDE cells, Rep 1",,,
GATA2,FADS2,cns,GATA2 ChIP-Seq SH-SY5Y,,,
IRF4,FADS2,leukocytes,IRF4 IP,,,
MAX,FADS2,stemcells,MAX IP - H1 cells,,,
JUN,FADS2,leukocytes,"JUN IP - K562 cells, Rep 1, JUN IP - K562 cells, Rep 2",,,
PBX3,FADS2,lung,PBX3 IP - A549 cells,,,
GATA3,FADS2,mammarygland,"GATA3 IP - T47D cells, GATA3 IP - MCF7 cells",,,
TP63,FADS2,lung,TP63 IP - HCC95,,,
TCF12,FADS2,uterus,TCF12 IP - ECC1 cells,,,
CREB1,FADS2,colon,CREB1 IP ,,,
EGR1,FADS2,leukocytes,EGR1 IP - K562 cells,,,
ATF2,FADS2,colon,ATF2 IP ,,,
ZNF384,FADS2,leukocytes,ZNF384 IP - K562 cells,,,
SMAD1,FADS2,hspcs,SMAD1 IP - Rep 3,,,
ARNTL,FADS2,colon,ARNTL IP - Rep 1 ,,,
TEAD4,FADS2,uterus,TEAD4 IP - ECC1 cells,,,
TEAD4,FADS2,leukocytes,TEAD4 IP - K562 cells,,,
ETV5,FADS2,colon,ETV5 IP ,,,
ATF3,FADS2,leukocytes,ATF3 IP - K562 cells,,,
POU2F1,FADS2,prostate,POU2F1 KD + DHT | FOXA1 ChIP-Seq,,,
GTF2B,FADS2,leukocytes,GTF2B IP - K562 cells,,,
SRF,FADS2,colon,SRF IP - HCT116 cells,,,
E2F4,FADS2,uterus,E2F4 IP - HeLa cells,,,
FOXA1,FADS2,liver,"FOXA1 IP - HepG2 cells, Rep 2",,,
TEAD4,FADS2,cns,TEAD4 IP - SK-N-SH cells,,,
SP1,FADS2,lung,SP1 IP - A549 cells,,,
FOXM1,FADS2,uterus,FOXM1 IP - ECC1 cells,,,
USF1,FADS2,liver,USF1 IP - HepG2 cells,,,
JUND,FADS2,leukocytes,JUND IP - K562 cells,,,
ZNF143,FADS2,stemcells,ZNF143 IP - H1 cells,,,
FOS,FADS2,leukocytes,FOS IP - K562 cells,,,
BCL3,FADS2,leukocytes,BCL3 IP - GM12878 cells,,,
MYC,FADS2,lung,MYC IP - A549 cells,,,
NFYA,FADS2,uterus,NFYA IP - HeLa cells,,,
KLF5,FADS2,stomach,KLF5 IP - KATOIII,,,
CTCF,HSD17B4,leukocytes,"CTCF IP - F36P cells, Rep 19 , CTCF IP - GM12891 cells, Rep 2 , CTCF IP - GM19238 cells, Rep 1 , CTCF IP - HeLa cells, Rep 2 , CTCF IP, CTCF IP - GM12872 cells, Rep 3 , CTCF IP - GM12890 cells, Rep 3 , CTCF IP - GM12892 cells, Rep 1 , CTCF IP - F36P cells, Rep 2 , CTCF IP - MS1 cells, Rep 2 , CTCF IP -  DND , CTCF IP - F36P cells, Rep 6 , CTCF IP - GM12874 cells, Rep 2 , CTCF IP - F36P cells, Rep 7 , CTCF IP - F36P cells, Rep 3 , CTCF IP - F36P cells, Rep 11 ",,,
FOXA1,HSD17B4,prostate,"CON KD + R1881 | FOXA1 ChIP-Seq - Rep 2, FOXA1 siRNA | CREB1 ChIP-Seq - Rep 2, PIAS1 + R1881 | FOXA1 ChIP-Seq - Rep 2, PIAS1 + R1881 | FOXA1 ChIP-Seq - Rep 1, FOXA1 ChIP-Seq, EtOH | FOXA1 ChIP-Seq - Rep 2, R1881 | FOXA1 ChIP-Seq - Rep 1, CREB1 siRNA | FOXA1 ChIP-Seq - Rep 2, FOXA1 ChIP-Seq, CON KD + R1881 | FOXA1 ChIP-Seq - Rep 1, FOXA1 ChIP-Seq - Rep 1, FOXA1 ChIP-Seq - Rep 2, CREB1 siRNA | FOXA1 ChIP-Seq - Rep 1, FOXA1 siRNA | CREB1 ChIP-Seq - Rep 1, FOXA1 KD | GATA2 ChIP-Seq, EtOH | FOXA1 ChIP-Seq - , DHT | FOXA1 ChIP-Seq, R1881 | FOXA1 ChIP-Seq - Rep 2",,,
R1881,HSD17B4,prostate,"CON KD + R1881 | FOXA1 ChIP-Seq - Rep 2, PIAS1 + R1881 | FOXA1 ChIP-Seq - Rep 2, PIAS1 + R1881 | FOXA1 ChIP-Seq - Rep 1, R1881 | FOXA1 ChIP-Seq - Rep 1, CON KD + R1881 | GATA2 ChIP-Seq, CON KD + R1881 | FOXA1 ChIP-Seq - Rep 1, GABPA IP | R1881, R1881 | FOXA1 ChIP-Seq - Rep 2",,,
YY1,HSD17B4,cns,"YY1 IP - SK-N-SH cells, YY1 IP | ATRA - SK-N-SH cells",,,
E2F1,HSD17B4,prostate,"BICALU + HES6 OE | E2F1 ChIP-Seq - Rep 2, E2F1 ChIP-Seq - Rep 1, HES6 OE + BICALU | E2F1 ChIP-Seq - Rep 3, HES6 OE | E2F1 ChIP-Seq - Rep 4, BICALU | E2F1 ChIP-Seq - Rep 1, BICALU | E2F1 ChIP-Seq - Rep 2, BICALU + HES6OE | E2F1 ChIP-Seq - Rep 4, HES6 OE | E2F1 ChIP-Seq - Rep 2, BICALU | E2F1 ChIP-Seq - Rep 3, HES6 OE | E2F1 ChIP-Seq - Rep 3, E2F1 ChIP-Seq - Rep 2, E2F1 ChIP-Seq - Rep 3, HES6 OE | E2F1 ChIP-Seq - Rep 1, HES6 OE + BICALU | E2F1 ChIP-Seq - Rep 1, E2F1 ChIP-Seq - Rep 4",,,
BICALU,HSD17B4,prostate,"BICALU + HES6 OE | E2F1 ChIP-Seq - Rep 2, HES6 OE + BICALU | E2F1 ChIP-Seq - Rep 3, BICALU | E2F1 ChIP-Seq - Rep 1, BICALU | E2F1 ChIP-Seq - Rep 2, BICALU + HES6OE | E2F1 ChIP-Seq - Rep 4, BICALU | E2F1 ChIP-Seq - Rep 3, HES6 OE + BICALU | E2F1 ChIP-Seq - Rep 1",,,
HES6,HSD17B4,prostate,"BICALU + HES6 OE | E2F1 ChIP-Seq - Rep 2, HES6 OE + BICALU | E2F1 ChIP-Seq - Rep 3, HES6 OE | E2F1 ChIP-Seq - Rep 4, BICALU + HES6OE | E2F1 ChIP-Seq - Rep 4, HES6 OE | E2F1 ChIP-Seq - Rep 2, HES6 OE | E2F1 ChIP-Seq - Rep 3, HES6 OE | E2F1 ChIP-Seq - Rep 1, HES6 OE + BICALU | E2F1 ChIP-Seq - Rep 1",,,
JUND,HSD17B4,leukocytes,JUND IP - K562 cells,,,
MXI1,HSD17B4,cns,MXI1 IP - SK-N-SH cells ,,,
GATA2,HSD17B4,prostate,"GATA2 ChIP-Seq - Rep 1, GATA2 ChIP-Seq, CON KD | GATA2 ChIP-Seq, CON KD + FBS | GATA2 ChIP-Seq, CON KD + R1881 | GATA2 ChIP-Seq, GATA2 ChIP-Seq - Rep 2, FOXA1 KD | GATA2 ChIP-Seq",,,
NANOG,HSD17B4,stemcells,"NANOG IP - Rep 2 , NANOG IP - Rep 2, NANOG IP - Rep 9 , NANOG IP - Rep 5 , NANOG IP - Rep 1, NANOG IP - Rep 6 , NANOG IP - Rep 8 , NANOG IP - Rep 4 , NANOG IP - Rep 3 , NANOG IP - H1 cells",,,
TBP,HSD17B4,uterus,TBP IP - HeLa cells,,,
JUND,HSD17B4,stemcells,"JUND IP - H1 cells, JUND IP - H1 cells",,,
ELF1,HSD17B4,cns,ELF1 IP - SK-N-SH cells,,,
TCF12,HSD17B4,leukocytes,TCF12 IP - GM12878 cells,,,
ETS1,HSD17B4,leukocytes,"ETS1 IP - K562 cells, ETS1 IP - GM12878 cells, ETS1 IP",,,
CEBPB,HSD17B4,bone,CEBPB IP,,,
REST,HSD17B4,lung,REST IP - A549 cells,,,
GATA6,HSD17B4,stomach,GATA6 IP - YCC3,,,
GTF2F1,HSD17B4,uterus,GTF2F1 IP - HeLa cells,,,
JUND,HSD17B4,vasculature,JUND IP,,,
TAL1,HSD17B4,leukocytes,TAL1 IP - MOLT3,,,
FOXA2,HSD17B4,stemcells,"FOXA2 IP - ES D2, FOXA2 IP - ES D5, FOXA2 IP - ES D7",,,
TP53,HSD17B4,bone,TP53 IP | TP53EE/RR OE,,,
CEBPB,HSD17B4,uterus,"CEBPB ChIP-Seq - HeLaS3, CEBPB IP - ECC1 cells",,,
CEBPB,HSD17B4,stemcells,"CEBPB IP, CEBPB IP, CEBPB IP, CEBPB IP, CEBPB IP, CEBPB IP, CEBPB IP, CEBPB IP, CEBPB IP - H1 cells",,,
JUN,HSD17B4,colon,JUN IP ,,,
HOXA6,HSD17B4,colon,HOXA6 IP ,,,
FOSL1,HSD17B4,colon,FOSL1 IP - HCT116 cells,,,
SP1,HSD17B4,lung,SP1 IP - A549 cells,,,
SRF,HSD17B4,colon,SRF IP - HCT116 cells,,,
ATF2,HSD17B4,colon,ATF2 IP ,,,
YY1,HSD17B4,leukocytes,"YY1 IP - GM12891 cells, YY1 IP - K562 cells, Rep 1, YY1 IP - K562 cells, Rep 2, YY1 IP - K562 cells, YY1 IP - GM12892 cells, Rep 1, YY1 IP - GM12878 cells",,,
CREB1,HSD17B4,colon,CREB1 IP ,,,
CREB1,HSD17B4,prostate,"CREB1 ChIP-Seq - Rep 2, FOXA1 siRNA | CREB1 ChIP-Seq - Rep 2, CREB1 siRNA | FOXA1 ChIP-Seq - Rep 2, CREB1 ChIP-Seq - Rep 1, CREB1 siRNA | FOXA1 ChIP-Seq - Rep 1, FOXA1 siRNA | CREB1 ChIP-Seq - Rep 1, CREB1 ChIP-Seq - LNCaP, CREB1 ChIP-Seq - LNCaP-abl",,,
MYB,HSD17B4,leukocytes,"MYB IP - Jurkat, Rep 4, MYB IP - Jurkat, Rep 2, MYB IP - Jurkat, Rep 1, MYB IP - Jurkat, Rep 3, MYB IP - Jurkat, Rep 5, MYB IP - MOLT3",,,
JUND,HSD17B4,lung,JUND IP - A549 cells,,,
USF1,HSD17B4,uterus,USF1 IP - ECC1 cells,,,
YY1,HSD17B4,stemcells,"YY1 IP - NT2 cells, YY1 IP - H1 cells",,,
FOXA1,HSD17B4,liver,"FOXA1 IP - HepG2 cells, Rep 2, FOXA1 IP - HepG2 cells, Rep 1",,,
GABPA,HSD17B4,uterus,GABPA IP - HeLa cells,,,
YY1,HSD17B4,uterus,YY1 IP - ECC1 cells,,,
IRF1,HSD17B4,colon,IRF1 IP ,,,
OTX2,HSD17B4,stemcells,"OTX2 IP - Rep 2 , OTX2 IP - Rep 10 ",,,
E2F4,HSD17B4,leukocytes,E2F4 IP - K562 cells,,,
CEBPB,HSD17B4,leukocytes,"CEBPB IP | oxLDL  - Rep 205, CEBPB IP | oxLDL  - Rep 206, CEBPB IP - K562 cells, CEBPB ChIP-Seq - K562, CEBPB IP - Rep 204, CEBPB IP | oxLDL  - Rep 208, CEBPB IP",,,
JUN,HSD17B4,mammarygland,JUN IP - Rep 2,,,
GABPA,HSD17B4,leukocytes,"GABPA IP - GM12878 cells, Rep 1 , GABPA IP - GM12878 cells, GABPA IP - K562 cells, GABPA IP - GM12878 cells, Rep 2 , GABPA IP - Jurkat, Rep 1, GABPA IP - GM12878 cells, Rep 4 , GABPA IP - Jurkat, Rep 2",,,
REST,HSD17B4,cns,"REST IP - SK cells, REST IP - U87 cells, REST IP - PFSK1 cells, Rep 2",,,
TCF21,HSD17B4,vasculature,TCF21 IP,,,
IRF1,HSD17B4,leukocytes,"IRF1 IP | IFNA1-13 - K562 cells, 6 h, IRF1 IP | IFNG - K562 cells, 6 h, IRF1 IP | IFNG - K562 cells, 30 min",,,
IFNA1,HSD17B4,leukocytes,"IRF1 IP | IFNA1-13 - K562 cells, 6 h",,,
E2F6,HSD17B4,stemcells,E2F6 IP - H1 cells,,,
USF1,HSD17B4,colon,USF1 IP - HCT116 cells,,,
KLF11,HSD17B4,adiposetissue,"ROSI (BrAT) | KLF11 ChIP-Seq, Rep 1, KLF11 ChIP-Seq, Rep 1, ROSI (BrAT) | KLF11 ChIP-Seq, Rep 2, KLF11 ChIP-Seq, Rep 2",,,
ROSI,HSD17B4,adiposetissue,"ROSI (BrAT) | KLF11 ChIP-Seq, Rep 1, ROSI (BrAT) | KLF11 ChIP-Seq, Rep 2",,,
ELF3,HSD17B4,pancreas,"ELF3 IP | KLF5 KO, ELF3 IP, ELF3 IP",,,
KLF5,HSD17B4,pancreas,ELF3 IP | KLF5 KO,,,
SMARCC1,HSD17B4,uterus,SMARCC1 IP - HeLa cells,,,
JUNB,HSD17B4,colon,JUNB IP ,,,
CEBPB,HSD17B4,liver,"CEBPB ChIP-Seq - HepG2, CEBPB IP | FORSK - HepG2 cells, CEBPB IP - HepG2 cells",,,
PBX3,HSD17B4,cns,PBX3 IP - SK-N-SH cells,,,
GABPA,HSD17B4,liver,"GABPA IP - MCF7 cells, GABPA IP - HepG2 cells, GABPA IP",,,
GATA2,HSD17B4,hspcs,GATA2 IP,,,
SPI1,HSD17B4,leukocytes,"SPI1 IP, SPI1 IP, SPI1 IP, SPI1 IP, SPI1 IP, SPI1 IP, SPI1 IP - GM12878 cells, SPI1 IP - K562 cells, SPI1 IP - HL cells, SPI1 IP",,,
SIX5,HSD17B4,stemcells,SIX5 IP - H1 cells,,,
JUND,HSD17B4,colon,JUND IP - HCT116 cells,,,
USF1,HSD17B4,cns,"USF1 IP - SK-N-SH cells, USF1 IP | ATRA - SK-N-SH cells",,,
PAX5,HSD17B4,leukocytes,"PAX5 IP - GM12878 cells, Rep 2, PAX5 IP - GM12892 cells, PAX5 IP - GM12891 cells, PAX5 IP - GM12878 cells, Rep 1",,,
CEBPB,HSD17B4,lung,"CEBPB IP - A549 cells, CEBPB ChIP-Seq - A549, CEBPB ChIP-Seq - IMR90",,,
RUNX1,HSD17B4,hspcs,RUNX1,,,
CREB1,HSD17B4,liver,"CREB1 IP, CREB1 IP - HepG2 cells, CREB1 IP, CREB1 IP",,,
GATA2,HSD17B4,vasculature,GATA2 IP - HUVEC cells,,,
FOXM1,HSD17B4,leukocytes,FOXM1 IP - GM12878 cells,,,
EGR1,HSD17B4,colon,EGR1 IP - HCT116 cells,,,
TCF3,HSD17B4,leukocytes,TCF3 IP - GM12878 cells,,,
THAP11,HSD17B4,stemcells,"THAP11 IP - Rep 5 , THAP11 IP - Rep 2 , THAP11 IP - Rep 1 , THAP11 IP - Rep 3 , THAP11 IP - Rep 4 ",,,
HMGN3,HSD17B4,leukocytes,HMGN3 IP - K562 cells,,,
E2F6,HSD17B4,uterus,E2F6 IP - HeLa cells,,,
CREB1,HSD17B4,lung,CREB1 IP | DEX - A549 cells,,,
DEX,HSD17B4,lung,"CREB1 IP | DEX - A549 cells, FOXA1 IP | DEX - A549 cells",,,
ZNF143,HSD17B4,leukocytes,"ZNF143 IP - K562, ZNF143 IP - GM12878 cells, ZNF143 IP - HPB-ALL, ZNF143 IP - K562 cells",,,
MYC,HSD17B4,uterus,MYC IP - HeLa cells,,,
ZBTB7A,HSD17B4,uterus,ZBTB7A IP - ECC1 cells,,,
CTCF,HSD17B4,liver,"CTCF IP - SK-N-SH cells, CTCF IP - HepG2 cells, Rep 1 ",,,
ZBTB17,HSD17B4,bone,"ZBTB17 IP, ZBTB17 IP",,,
PIAS1,HSD17B4,prostate,"PIAS1 + R1881 | FOXA1 ChIP-Seq - Rep 2, PIAS1 + R1881 | FOXA1 ChIP-Seq - Rep 1",,,
ATF1,HSD17B4,leukocytes,ATF1 IP - K562 cells,,,
MAZ,HSD17B4,liver,MAZ IP - HepG2 cells,,,
CDX2,HSD17B4,colon,"CDX2 IP, CDX2 IP | 125DVD3",,,
TP53,HSD17B4,lung,"TP53 IP - propapoptic, Rep 1",,,
E2F6,HSD17B4,leukocytes,"E2F6 IP - K562 cells, E2F6 IP - K562 cells",,,
GABPA,HSD17B4,cns,GABPA IP - SK-N-SH cells,,,
CREB1,HSD17B4,leukocytes,"CREB1 IP - K562 cells, CREB1 IP - GM12878 cells",,,
STAT3,HSD17B4,leukocytes,STAT3 IP - SU-DHL-2,,,
SIX5,HSD17B4,lung,SIX5 IP | DEX - A549 cells,,,
TEAD4,HSD17B4,uterus,TEAD4 IP - ECC1 cells,,,
ATF2,HSD17B4,stemcells,ATF2 IP - H1 cells,,,
TBP,HSD17B4,leukocytes,TBP IP - K562 cells,,,
MAZ,HSD17B4,leukocytes,"MAZ IP - K562 cells, MAZ IP - GM12878 cells",,,
ELF1,HSD17B4,mammarygland,ELF1 IP - MCF7 cells,,,
GATA2,HSD17B4,leukocytes,GATA2 IP - K562 cells,,,
CTCF,HSD17B4,stemcells,"CTCF IP - H1 cells, CTCF IP - Rep 6 , CTCF IP - H1 cells ",,,
ZNF143,HSD17B4,stemcells,ZNF143 IP - H1 cells,,,
ELF1,HSD17B4,leukocytes,"ELF1 IP - SK-N-SH cells, ELF1 IP - SK-N-SH cells",,,
GMEB2,HSD17B4,colon,GMEB2 IP ,,,
REST,HSD17B4,colon,REST IP ,,,
ZNF83,HSD17B4,colon,ZNF83 IP ,,,
ZNF143,HSD17B4,uterus,"ZNF143 IP - HeLa cells, ZNF143 IP - HeLa, Rep 1, ZNF143 Ip - HeLa, Rep 2",,,
CTCF,HSD17B4,cns,"CTCF IP - BE(2)-C cells, Rep 1 ",,,
EGR1,HSD17B4,stemcells,EGR1 IP - H1 cells,,,
POU5F1,HSD17B4,stemcells,POU5F1 IP,,,
TCF12,HSD17B4,lung,TCF12 IP - A549 cells,,,
CREB1,HSD17B4,uterus,CREB1 IP - ECC1 cells,,,
FORSK,HSD17B4,liver,CEBPB IP | FORSK - HepG2 cells,,,
ZBTB7A,HSD17B4,leukocytes,ZBTB7A IP - SK-N-SH cells,,,
SIX5,HSD17B4,leukocytes,"SIX5 IP - K562 cells, Rep 1, SIX5 IP - GM12878 cells, SIX5 IP - K562 cells, Rep 2",,,
ATF3,HSD17B4,colon,"ATF3 IP | CAMPTO, ATF3 IP - HCT116 cells",,,
E2F1,HSD17B4,mammarygland,"E2F1 IP - MCF7 cells, E2F1 IP",,,
CEBPB,HSD17B4,colon,"CEBPB IP, CEBPB IP - HCT116 cells, CEBPB IP | 125DVD3",,,
TCF7L2,HSD17B4,mammarygland,"DHT | TCF7L2 ChIP-Seq, TCF7L2 ChIP-Seq",,,
DHT,HSD17B4,mammarygland,"DHT | TCF7L2 ChIP-Seq, DHT | MYC ChIP-Seq, DHT | FOXA1 ChIP-Seq",,,
EGR1,HSD17B4,liver,EGR1 IP - MCF7 cells,,,
JUND,HSD17B4,liver,JUND IP - HepG2 cells,,,
E2F4,HSD17B4,mammarygland,E2F4 IP | 4HT - MCF10 cells,,,
4HT,HSD17B4,mammarygland,"E2F4 IP | 4HT - MCF10 cells, FOS IP | 4HT - MCF10A cells, 36 h, STAT3 IP | 4HT - MCF10 cells, 36 h, MYC IP | 4HT - MCF10A cells",,,
GATA2,HSD17B4,cns,GATA2 ChIP-Seq SH-SY5Y,,,
MYC,HSD17B4,mammarygland,"DHT | MYC ChIP-Seq, MYC IP - MCF-10A cells, MYC IP | 4HT - MCF10A cells",,,
TFAP4,HSD17B4,leukocytes,"TFAP4 IP - Rep 1, TFAP4 IP - Rep 2",,,
CTCF,HSD17B4,kidney,"CTCF IP - HEK293 cells, Rep 1 ",,,
MYBL2,HSD17B4,liver,MYBL2 IP - HepG2 cells,,,
MAX,HSD17B4,colon,MAX IP - HCT116 cells,,,
TCF4,HSD17B4,colon,TCF4 IP | 125DVD3,,,
125DVD3,HSD17B4,colon,"TCF4 IP | 125DVD3, CDX2 IP | 125DVD3, CEBPB IP | 125DVD3",,,
GATA3,HSD17B4,cns,GATA3 IP - SK-N-SH cells,,,
CTCF,HSD17B4,skeletalmuscle,"CTCF IP - HSMM cells, Rep 2 ",,,
STAT2,HSD17B4,colon,STAT2 IP ,,,
MAX,HSD17B4,leukocytes,"MAX IP - K562 cells, MAX IP - NB4 cells, MAX IP - K562 cells, Rep 2",,,
HOXA4,HSD17B4,colon,HOXA4 IP ,,,
CTCF,HSD17B4,hspcs,"CTCF IP - HSPCs, Rep 1",,,
TEAD4,HSD17B4,liver,TEAD4 IP - HepG2 cells,,,
CTCF,HSD17B4,megakaryocytelineage,"CTCF IP - MEG-01 cells, Rep 4 ",,,
MAX,HSD17B4,cns,MAX IP - SK-N-SH cells,,,
E2F1,HSD17B4,uterus,"E2F1 IP - HeLa cells, Rep 2, E2F1 IP - HeLa cells, Rep 1",,,
TEAD4,HSD17B4,colon,TEAD4 IP - HCT116 cells,,,
YY1,HSD17B4,colon,YY1 IP - HCT116 cells,,,
MYC,HSD17B4,leukocytes,"MYC IP | IFNG - K562 cells, 30 min, MYC IP - K562 cells, Rep 2, MYC IP - NB4 cells, MYC IP - K562 cells, Rep 1",,,
IFNG,HSD17B4,leukocytes,"MYC IP | IFNG - K562 cells, 30 min, IRF1 IP | IFNG - K562 cells, 6 h, IRF1 IP | IFNG - K562 cells, 30 min, STAT1 IP - Rep 5, STAT1 IP - Rep 2, STAT1 IP - Rep 1, STAT1 IP - Rep 4, STAT1 IP - Rep 3",,,
ZNF143,HSD17B4,colon,ZNF143 IP ,,,
NFKB1,HSD17B4,leukocytes,NFKB1 IP - Rep 2,,,
ETS1,HSD17B4,lung,ETS1 IP - A549 cells,,,
REST,HSD17B4,stemcells,"REST IP - H1 cells, Rep 1, REST IP - H1 cells, Rep 2",,,
NFYC,HSD17B4,colon,NFYC IP ,,,
SP1,HSD17B4,stemcells,SP1 IP - H1 cells,,,
EGR1,HSD17B4,leukocytes,EGR1 IP - K562 cells,,,
GATA3,HSD17B4,mammarygland,"GATA3 IP - MCF7 cells, GATA3 IP - T47D cells","24758297,",,
ZNF143,HSD17B4,kidney,ZNF143 IP - HEK293-T-rex,,,
NFYB,HSD17B4,leukocytes,NFYB IP - GM12878 cells,,,
GLI2,HSD17B4,colon,GLI2 IP ,,,
MAX,HSD17B4,lung,MAX IP - A549 cells,,,
SP1,HSD17B4,colon,SP1 IP - HCT116 cells,,,
ARNT2,HSD17B4,colon,ARNT2 IP ,,,
MXI1,HSD17B4,liver,MXI1 IP - HepG2 cells,,,
CEBPA,HSD17B4,leukocytes,CEBPA IP,,,
RELA,HSD17B4,colon,RELA IP ,,,
ZEB1,HSD17B4,leukocytes,ZEB1 IP - GM12878 cells,,,
ZBTB7A,HSD17B4,liver,ZBTB7A IP - HepG2 cells,,,
FOXA2,HSD17B4,embryonictissue,FOXA2 IP - Rep 2,,,
MAX,HSD17B4,uterus,"MAX IP - HeLa cells, Rep 1, MAX IP - ECC1 cells",,,
MYC,HSD17B4,bone,MYC IP,,,
MAFK,HSD17B4,leukocytes,MAFK IP - K562 cells,,,
IRF4,HSD17B4,leukocytes,IRF4 IP,,,
MAZ,HSD17B4,uterus,MAZ IP - HeLa cells,,,
SRF,HSD17B4,uterus,SRF IP - ECC1 cells,,,
ATF2,HSD17B4,leukocytes,ATF2 IP - GM12878 cells,,,
TEAD4,HSD17B4,stemcells,TEAD4 IP - H1 cells,,,
TAL1,HSD17B4,colon,TAL1 IP ,,,
SATB1,HSD17B4,cns,"SATB1 IP | AMYLB, SATB1 IP",,,
AMYLB,HSD17B4,cns,SATB1 IP | AMYLB,,,
GABPA,HSD17B4,prostate,"GABPA IP - Rep 1, GABPA IP | R1881",,,
EGR1,HSD17B4,uterus,EGR1 IP - ECC1 cells,,,
ETV5,HSD17B4,colon,ETV5 IP ,,,
ZNF263,HSD17B4,kidney,ZNF263 IP - HEK293 cells,,,
FOXA2,HSD17B4,liver,FOXA2 IP - HepG2 cells,,,
FOS,HSD17B4,mammarygland,"FOS IP | 4HT - MCF10A cells, 36 h",,,
ATRA,HSD17B4,cns,"YY1 IP | ATRA - SK-N-SH cells, USF1 IP | ATRA - SK-N-SH cells",,,
E2F4,HSD17B4,uterus,E2F4 IP - HeLa cells,,,
ERG,HSD17B4,prostate,DMSO | ERG ChIP-Seq - Rep 1,,,
FOXA1,HSD17B4,mammarygland,"DHT | FOXA1 ChIP-Seq, FOXA1 ChIP-Seq - Rep 1",,,
GATA1,HSD17B4,hspcs,"GATA1 IP - PBDE cells, Rep 1",,,
RUNX1,HSD17B4,leukocytes,RUNX1 IP,,,
SRF,HSD17B4,mammarygland,SRF IP - MCF7 cells,,,
CEBPB,HSD17B4,mammarygland,CEBPB IP - MCF7 cells,,,
MAX,HSD17B4,liver,"MAX IP - MCF7 cells, MAX IP - HepG2 cells",,,
ARID3A,HSD17B4,liver,ARID3A IP - HepG2 cells,,,
SOX2,HSD17B4,stemcells,SOX2 IP,,,
TCF7L2,HSD17B4,uterus,TCF7L2 IP - HeLa cells,,,
POU2F2,HSD17B4,leukocytes,"POU2F2 IP - Rep 2, POU2F2 IP - GM12878 cells",,,
SP1,HSD17B4,liver,SP1 IP - HepG2 cells,,,
FOXA1,HSD17B4,lung,FOXA1 IP | DEX - A549 cells,,,
ZNF280D,HSD17B4,colon,ZNF280D IP ,,,
TCF12,HSD17B4,stemcells,TCF12 IP - H1 cells,,,
E2F3,HSD17B4,colon,E2F3 IP ,,,
HEY1,HSD17B4,leukocytes,HEY1 IP - K562 cells,,,
TBP,HSD17B4,liver,TBP IP - HepG2 cells,,,
TP53,HSD17B4,mammarygland,"TP53 IP, TP53 IP | NUTL3 - MCF-7",,,
CTCF,HSD17B4,uterus,CTCF IP - HeLa cells ,,,
SRF,HSD17B4,leukocytes,SRF IP - SK-N-SH cells,,,
FOXM1,HSD17B4,mammarygland,FOXM1 IP | THSP - DS006,,,
STAT3,HSD17B4,mammarygland,"STAT3 IP | 4HT - MCF10 cells, 36 h",,,
ELF1,HSD17B4,liver,ELF1 IP - HepG2 cells,,,
TBP,HSD17B4,stemcells,TBP IP - H1 cells,,,
STAT1,HSD17B4,leukocytes,"STAT1 IP - Rep 5, STAT1 IP - Rep 2, STAT1 IP - Rep 1, STAT1 IP - Rep 4, STAT1 IP - Rep 3",,,
GTF2B,HSD17B4,uterus,GTF2B IP - Rep 2,,,
RELA,HSD17B4,leukocytes,RELA IP | TNF - GM12891 cells,,,
TNF,HSD17B4,leukocytes,RELA IP | TNF - GM12891 cells,,,
REST,HSD17B4,liver,"REST IP - HepG2 cells, Rep 1, REST IP - HepG2 cells, Rep 2",,,
HEY1,HSD17B4,liver,HEY1 IP - HepG2 cells,,,
FOSL2,HSD17B4,liver,FOSL2 IP - HepG2 cells,,,
NFYA,HSD17B4,colon,NFYA IP ,,,
DHT,HSD17B4,prostate,DHT | FOXA1 ChIP-Seq,,,
RUNX1T1,HSD17B4,leukocytes,RUNX1T1 IP,,,
FOXH1,HSD17B4,embryonictissue,FOXH1 IP - endoderm,,,
ELF1,HSD17B4,colon,ELF1 IP - HCT116 cells,,,
CREB1,HSD17B4,stemcells,CREB1 IP - H1 cells,,,
YY1,HSD17B4,lung,YY1 IP - A549 cells,,,
ZEB1,HSD17B4,liver,ZEB1 IP - HepG2 cells,,,
TEAD4,HSD17B4,leukocytes,TEAD4 IP - K562 cells,,,
FOXA1,HSD17B4,stemcells,FOXA1 IP - Rep 5 ,,,
REST,HSD17B4,leukocytes,REST IP - K562 cells,,,
YY1,HSD17B4,liver,YY1 IP - HepG2 cells,,,
TCF12,HSD17B4,uterus,TCF12 IP - ECC1 cells,,,
CTCF,HSD17B4,vasculature,"CTCF IP - HBMEC cells, Rep 1 ",,,
TCF12,HSD17B4,cns,TCF12 IP - SK-N-SH cells,,,
JUND,HSD17B4,cns,JUND IP - SK-N-SH cells ,,,
TCF12,HSD17B4,liver,TCF12 IP - HepG2 cells,,,
SOX9,HSD17B4,colon,SOX9 IP ,,,
GATA4,HSD17B4,stomach,GATA4 IP - AGS,,,
ATF3,HSD17B4,leukocytes,ATF3 IP - K562 cells,,,
MAX,HSD17B4,stemcells,MAX IP - H1 cells,,,
ZNF76,HSD17B4,kidney,ZNF76 IP | ZNF76 OE,,,
CTCF,SCP2,leukocytes,"CTCF IP - GM12865 cells, Rep 2 , CTCF IP - F36P cells, Rep 5 , CTCF IP - GM2255 cells, Rep 2 , CTCF IP - MS1 cells, Rep 3 , CTCF IP - GM2630 cells, Rep 2 , CTCF IP - F36P cells, Rep 6 , CTCF IP - GM06990 cells, Rep 1 , CTCF IP - GM11994 cells, Rep 1, CTCF IP - GM2588 cells, Rep 2 , CTCF IP - KU812 cells, Rep 17 , CTCF IP - KU812 cells, Rep 13 , CTCF IP - GM12154 cells, Rep 1, CTCF IP - GM12874 cells, CTCF IP - GM11811 cells, Rep 2, CTCF IP - KU812 cells, Rep 9 , CTCF IP - GM11894 cells, Rep 1, CTCF IP - GM12864 cells, Rep 1 , CTCF IP - GM12891 cells, Rep 1 , CTCF IP - GM12875 cells, Rep 1 , CTCF IP - MS1 cells, Rep 4 , CTCF IP - GM12873 cells, Rep 3 , CTCF IP - GM2588 cells, Rep 3 , CTCF IP - GM12865 cells, Rep 3 , CTCF IP - GM18526 cells, Rep 2 , CTCF IP - GM18505 cells, Rep 2 , CTCF IP - GM12869 cells , CTCF IP - GM18951 cells, Rep 2 , CTCF IP - GM18486 cells, Rep 1 , CTCF IP - GM19193 cells, Rep 1 , CTCF IP - F36P cells, Rep 3 , CTCF IP - GM11881 cells, CTCF IP - F36P cells, Rep 11 , CTCF IP - GM12874 cells, Rep 2 , CTCF IP - F36P cells, Rep 7 , CTCF IP - GM06986 cells, CTCF IP - GM2255 cells, Rep 3 , CTCF IP - GM12875 cells, Rep 2 , CTCF IP - KU812 cells, Rep 1 , CTCF IP - GM18526 cells, Rep 1 , CTCF IP - GM2588 cells, Rep 1 , CTCF IP - GM11894 cells, Rep 2, CTCF IP - GM12866 cells , CTCF IP - GM12872 cells, Rep 2 , CTCF IP - GM12828 cells, CTCF IP - GM12892 cells, Rep 2 , CTCF IP - F36P cells, Rep 19 , CTCF IP - GM12868 cells , CTCF IP - GM12865 cells, Rep 1 , CTCF IP - GM12878 cells , CTCF IP - GM18486 cells, Rep 3 , CTCF IP - GM12890 cells, Rep 1 , CTCF IP - GM19193 cells, Rep 2 , CTCF IP - GM12814 cells, Rep 1, CTCF IP - GM12864 cells, Rep 3 , CTCF IP - GM12873 cells, Rep 1 , CTCF IP - GM2255 cells, Rep 1 , CTCF IP - GM12814 cells, Rep 2, CTCF IP - GM12890 cells, Rep 2 , CTCF IP - GM12867 cells , CTCF IP - GM12870 cells , CTCF IP - GM12872 cells, Rep 3 , CTCF IP - GM12864 cells, Rep 2 , CTCF IP - GM19239 cells, Rep 1 , CTCF IP - GM12005 cells, Rep 2, CTCF IP - GM12878 cells, Rep 1 , CTCF IP - GM19238 cells, Rep 1 , CTCF IP - GM12005 cells, Rep 1, CTCF IP - F36P cells, Rep 18 , CTCF IP - HL , CTCF IP - GM11811 cells, Rep 1, CTCF IP - GM10847 cells, Rep 2 , CTCF IP - KU812 cells, Rep 5 , CTCF IP - CD14+ cells , CTCF IP - HeLa cells, Rep 2 , CTCF IP - GM2610 cells, Rep 2 , CTCF IP - F36P cells, Rep 14 , CTCF ChIP-Seq - GM12878, CTCF IP - GM12006 cells, Rep 2, CTCF IP - GM19240 cells, Rep 2 , CTCF IP -  CD20+ cells , CTCF IP - GM12878 cells, Rep 2 , CTCF IP - NB4 cells , CTCF IP - F36P cells, Rep 13 , CTCF IP - GM12873 cells, Rep 1 , CTCF IP - GM10847 cells, Rep 1 , CTCF IP - GM12234 cells, CTCF IP - GM12878 cells, Rep 1 , CTCF IP - GM19238 cells, Rep 2 , CTCF IP - GM12287 cells, Rep 1, CTCF IP - MS1 cells, Rep 1 , CTCF IP - GM12878 cells, Rep 2 , CTCF IP - GM18951 cells, Rep 1 , CTCF IP - GM12872 cells, Rep 1 , CTCF IP - GM2610 cells, Rep 3 , CTCF IP - GM07037 cells, CTCF IP - GM2610 cells, Rep 1 , CTCF IP - GM12892 cells, Rep 1 , CTCF IP, CTCF IP - GM12749 cells, Rep 1, CTCF IP - GM18486 cells, Rep 2 , CTCF IP - GM07346 cells, CTCF IP -  DND , CTCF IP - MS1 cells, Rep 2 , CTCF IP - GM12890 cells, Rep 3 , CTCF IP - GM2630 cells, Rep 3 , CTCF IP - F36P cells, Rep 2 , CTCF IP - GM12891 cells, Rep 2 , CTCF IP - GM12815 cells, Rep 1, CTCF IP - GM19240 cells, Rep 1 , CTCF IP - GM2630 cells, Rep 1 , CTCF IP - GM12874 cells, Rep 1 , CTCF IP - GM12872 cells, CTCF IP - GM06990 cells, Rep 2 , CTCF IP - F36P cells, Rep 15 , CTCF IP - GM11994 cells, Rep 2, CTCF IP - GM19099 cells, Rep 1 , CTCF IP - GM19099 cells, Rep 2 , CTCF IP - GM19239 cells, Rep 2 , CTCF IP - GM12154 cells, Rep 2, CTCF IP - F36P cells, Rep 10 , CTCF IP - GM18505 cells, Rep 1 , CTCF IP - GM11831 cells, CTCF IP - GM12871 cells ",,,
ERG,SCP2,prostate,"DMSO | ERG ChIP-Seq - Rep 1, JQI | ERG ChIP-Seq - Rep 2, ERG ChIP-Seq, DHT | ERG ChIP-Seq - 18 h, DHT | ERG ChIP-Seq - 2 h, DMSO | ERG ChIP-Seq - Rep 2, ERG IP - Rep 1, ERG IP | R1881, ERG ChIP-Seq",,,
E2F1,SCP2,prostate,"HES6 OE | E2F1 ChIP-Seq - Rep 1, E2F1 ChIP-Seq - Rep 4, HES6 OE + BICALU | E2F1 ChIP-Seq - Rep 1, BICALU + HES6 OE | E2F1 ChIP-Seq - Rep 2, E2F1 ChIP-Seq - Rep 1, HES6 OE + BICALU | E2F1 ChIP-Seq - Rep 3, BICALU | E2F1 ChIP-Seq - Rep 1, BICALU | E2F1 ChIP-Seq - Rep 2, BICALU + HES6OE | E2F1 ChIP-Seq - Rep 4, HES6 OE | E2F1 ChIP-Seq - Rep 2, BICALU | E2F1 ChIP-Seq - Rep 3, HES6 OE | E2F1 ChIP-Seq - Rep 3, E2F1 ChIP-Seq - Rep 2, E2F1 ChIP-Seq - Rep 3",,,
HES6,SCP2,prostate,"HES6 OE | E2F1 ChIP-Seq - Rep 1, HES6 OE + BICALU | E2F1 ChIP-Seq - Rep 1, BICALU + HES6 OE | E2F1 ChIP-Seq - Rep 2, HES6 OE + BICALU | E2F1 ChIP-Seq - Rep 3, BICALU + HES6OE | E2F1 ChIP-Seq - Rep 4, HES6 OE | E2F1 ChIP-Seq - Rep 2, HES6 OE | E2F1 ChIP-Seq - Rep 3",,,
CEBPB,SCP2,leukocytes,"CEBPB IP, CEBPB IP - K562 cells, CEBPB IP| oxLDL  - Rep 207, CEBPB IP - GM12878 cells, CEBPB ChIP-Seq - K562, CEBPB IP - Rep 204, CEBPB IP | oxLDL  - Rep 208, CEBPB IP - Rep 203, CEBPB IP - HL-60 cells, Rep 2 , CEBPB IP - HL-60 cells, Rep 1 , CEBPB IP - Rep 201, CEBPB IP | oxLDL  - Rep 205",,,
TBP,SCP2,leukocytes,"TBP IP - K562 cells, TBP IP - GM12878 cells",,,
CTCF,SCP2,hspcs,"CTCF IP - HSPCs, Rep 1, CTCF IP - Erythroid cells, Rep 2, CTCF IP - HSPCs, Rep 2, CTCF IP - Erythroid cells, Rep 1",,,
CTCF,SCP2,liver,"CTCF IP, CTCF IP - SK-N-SH cells, CTCF IP - HepG2 cells , CTCF IP - HepG2 cells, Rep 2 , CTCF IP - HepG2 cells, Rep 1 ",,,
CTCF,SCP2,stemcells,"CTCF IP - Rep 5 , CTCF IP - H1 cells, CTCF IP - Rep 4 , CTCF IP - Rep 2 , CTCF IP - Rep 3 , CTCF IP - Rep 1 , CTCF IP - H1 cells , CTCF IP - Rep 6 ",,,
MYC,SCP2,liver,MYC IP,,,
MYC,SCP2,uterus,MYC IP - HeLa cells,,,
HOXA6,SCP2,colon,HOXA6 IP ,,,
REST,SCP2,cns,"REST IP - SK cells, REST IP - SK-N-SH cells, REST IP - PFSK1 cells, Rep 2, REST IP - PFSK-N-SH cells1 cells, Rep 1",,,
SRF,SCP2,uterus,SRF IP - ECC1 cells,,,
CEBPB,SCP2,liver,"CEBPB ChIP-Seq - HepG2, CEBPB IP - HepG2 cells, CEBPB IP | FORSK - HepG2 cells",,,
JUN,SCP2,leukocytes,"JUN IP - K562 cells, Rep 2, JUN IP | IFNA1-13 - 30 min , JUN IP - K562 cells, Rep 1",,,
RELA,SCP2,adiposetissue,"RELA IP, RELA IP",,,
TP53,SCP2,bone,"TP53 IP - Rep 2, TP53 IP - Rep 1",,,
MAX,SCP2,uterus,"MAX IP - HeLa cells, Rep 1, MAX IP - ECC1 cells, MAX IP - HeLa cells, Rep 2",,,
CTCF,SCP2,skin,"CTCF IP - NHDF cells, Rep 2 , CTCF IP - AG10803 cells, Rep 1 , CTCF IP - GM12878 cells, Rep 2 , CTCF IP - AG09309 cells, Rep 1 , CTCF IP - HFFC cells, Rep 2 , CTCF IP - AG04449 cells, Rep 1 , CTCF IP - AG10803 cells, Rep 2 , CTCF IP - HFFC cells, Rep 1 , CTCF IP - AG09309 cells, Rep 2 , CTCF IP - NHDF cells , CTCF IP - HFFC cells, Rep 3 , CTCF IP - NHDF cells, Rep 1 , CTCF IP - NHEK cells, Rep 2 , CTCF IP - BJ cells, Rep 2 , CTCF IP - BJ cells, Rep 1 , CTCF IP - NHEK cells , CTCF IP - AG04449 cells, Rep 2 ",,,
JQ1,SCP2,prostate,JQI | ERG ChIP-Seq - Rep 2,,,
E2F1,SCP2,mammarygland,"E2F1 IP - MCF7 cells, E2F1 IP",,,
GABPA,SCP2,prostate,"GABPA IP | R1881, GABPA IP - Rep 2, GABPA IP - Rep 1",,,
R1881,SCP2,prostate,"GABPA IP | R1881, GATA2 KD + R1881 | FOXA1 ChIP-Seq, R1881 | FOXA1 ChIP-Seq - Rep 2, CON KD + R1881 | FOXA1 ChIP-Seq - Rep 2, PIAS1 + R1881 | FOXA1 ChIP-Seq - Rep 2, CON KD + R1881 | FOXA1 ChIP-Seq, ERG IP | R1881",,,
CREB1,SCP2,prostate,"CREB1 ChIP-Seq - Rep 2, CREB1 ChIP-Seq - LNCaP-abl, CREB1 siRNA | FOXA1 ChIP-Seq - Rep 1, FOXA1 siRNA | CREB1 ChIP-Seq - Rep 2, CREB1 ChIP-Seq - Rep 1, FOXA1 siRNA | CREB1 ChIP-Seq - Rep 1, CREB1 ChIP-Seq - LNCaP, CREB1 siRNA | FOXA1 ChIP-Seq - Rep 2",,,
MAX,SCP2,leukocytes,"MAX IP - K562 cells, Rep 2, MAX IP - GM12878 cells, MAX IP - NB4 cells, MAX IP - K562 cells",,,
SIX2,SCP2,kidney,"SIX2 IP - 17 weeks, Rep 1",,,
CTCF,SCP2,sensory,"CTCF IP - HRPEpiC cells, Rep 1 , CTCF IP - WERI-Rb-1- cells, Rep 1 , CTCF IP - HRPEpiC cells, Rep 2 ",,,
SIX5,SCP2,leukocytes,"SIX5 IP - GM12878 cells, SIX5 IP - K562 cells, Rep 2",,,
NFATC1,SCP2,leukocytes,NFATC1 IP - GM12878 cells,,,
YY1,SCP2,leukocytes,"YY1 IP - GM12892 cells, Rep 1, YY1 IP - GM12878 cells, YY1 IP - K562 cells, Rep 2, YY1 IP - K562 cells, Rep 1, YY1 IP - GM12891 cells",,,
CEBPB,SCP2,lung,"CEBPB IP - A549 cells, CEBPB ChIP-Seq - A549, CEBPB ChIP-Seq - IMR90",,,
ELF1,SCP2,leukocytes,"ELF1 IP - SK-N-SH cells, ELF1 IP - SK-N-SH cells",,,
YY1,SCP2,cns,"YY1 IP | ATRA - SK-N-SH cells, YY1 IP - SK-N-SH cells",,,
ATRA,SCP2,cns,"YY1 IP | ATRA - SK-N-SH cells, USF1 IP | ATRA - SK-N-SH cells",,,
CTCF,SCP2,heart,"CTCF IP - myocytes cells, Rep 2 , CTCF IP - HCF cells , CTCF IP - myocytes cells, Rep 1 ",,,
STAT3,SCP2,leukocytes,"STAT3 IP - SU-DHL-6, STAT3 IP - OCI-LY7, STAT3 IP - SU-DHL-4, STAT3 IP - OCI-LY10, STAT3 IP - OCI-LY19, STAT3 IP - U-2932",,,
FOXA1,SCP2,mammarygland,"FOXA1 ChIP-Seq - Rep 1, FOXA1 ChIP-Seq - Rep 2, DHT | FOXA1 ChIP-Seq, 17BE2 | FOXA1 ChIP-Seq - Rep 1, 17BE2 | FOXA1 ChIP-Seq - Rep 2, 17BE2 | FOXA1 ChIP-Seq - Rep 1, DEX | FOXA1 ChIP-Seq - Rep 2, FOXA1 IP - T47D cells, FOXA1 ChIP-Seq - Rep 1, DEX | FOXA1 ChIP-Seq - Rep 1, FOXA1 ChIP-Seq - Rep 1, 17BE2 | FOXA1 ChIP-Seq - Rep 1, 17BE2 | FOXA1 ChIP-Seq - Rep 2, DEX | FOXA1 ChIP-Seq - Rep 1, DEX | FOXA1 ChIP-Seq - Rep 2, DEX | FOXA1 ChIP-Seq - Rep 1, FOXA1 ChIP-Seq - Rep 2, 17BE2 | FOXA1 ChIP-Seq - Rep 2, FOXA1 ChIP-Seq - Rep 2",,,
ELK4,SCP2,uterus,"ELK4 IP - HeLa cells, ELK4 IP - HeLa, Rep 1",,,
ELF1,SCP2,liver,ELF1 IP - HepG2 cells,,,
FOXA2,SCP2,stemcells,"FOXA2 IP - ES D5, FOXA2 IP - ES D7, FOXA2 IP - ES D2",,,
STAT3,SCP2,mammarygland,"STAT3 IP | 4HT - MCF10 cells, 36 h, STAT3 IP - MCF10A cells, Rep 2, STAT3 IP | 4HT - MCF10 cells, 12 h",,,
4HT,SCP2,mammarygland,"STAT3 IP | 4HT - MCF10 cells, 36 h, FOS IP | 4HT - MCF10A cells, 12 h, E2F4 IP | 4HT - MCF10 cells, FOS IP | 4HT - MCF10A cells, 4 h, STAT3 IP | 4HT - MCF10 cells, 12 h, MYC IP | 4HT - MCF10A cells, FOS IP | 4HT - MCF10A cells, 36 h",,,
FOXA1,SCP2,prostate,"FOXA1 ChIP-Seq - Rep 1, FOXA1 ChIP-Seq - Rep 2, CREB1 siRNA | FOXA1 ChIP-Seq - Rep 1, CON KD | FOXA1 ChIP-Seq, FOXA1 siRNA | CREB1 ChIP-Seq - Rep 2, GATA2 KD  | FOXA1 ChIP-Seq, EtOH | FOXA1 ChIP-Seq - , FOXA1 ChIP-Seq, DHT | FOXA1 ChIP-Seq, GATA2 KD + R1881 | FOXA1 ChIP-Seq, R1881 | FOXA1 ChIP-Seq - Rep 2, AR Q640X OE + FOXA1 OE | FOXA1 ChIP-Seq, CON KD | FOXA1 ChIP-Seq, FOXA1 ChIP-Seq - LNCaP-abl, CON KD + R1881 | FOXA1 ChIP-Seq - Rep 2, PIAS1 + R1881 | FOXA1 ChIP-Seq - Rep 2, FOXA1 KD | GATA2 ChIP-Seq, CON KD + R1881 | FOXA1 ChIP-Seq, FOXA1 ChIP-Seq, EtOH | FOXA1 ChIP-Seq - Rep 2, FOXA1 siRNA | CREB1 ChIP-Seq - Rep 1, CON KD  | FOXA1 ChIP-Seq, CREB1 siRNA | FOXA1 ChIP-Seq - Rep 2, POU2F1 KD + DHT | FOXA1 ChIP-Seq, FOXA1 ChIP-Seq, CON KD | FOXA1 ChIP-Seq",,,
NANOG,SCP2,stemcells,NANOG IP - H1 cells,,,
GABPA,SCP2,leukocytes,"GABPA IP - GM12878 cells, Rep 2 , GABPA IP - GM12878 cells, GABPA IP - Jurkat, Rep 2, GABPA IP - K562 cells, GABPA IP - HL cells, GABPA IP - Jurkat, Rep 1, GABPA IP - GM12878 cells, Rep 5 , GABPA IP - GM12878 cells, Rep 3 , GABPA IP - GM12878 cells, Rep 1 , GABPA IP - GM12878 cells, Rep 4 ",,,
YY1,SCP2,liver,YY1 IP - HepG2 cells,,,
BICALU,SCP2,prostate,"HES6 OE + BICALU | E2F1 ChIP-Seq - Rep 1, BICALU + HES6 OE | E2F1 ChIP-Seq - Rep 2, HES6 OE + BICALU | E2F1 ChIP-Seq - Rep 3, BICALU | E2F1 ChIP-Seq - Rep 1, BICALU | E2F1 ChIP-Seq - Rep 2, BICALU + HES6OE | E2F1 ChIP-Seq - Rep 4, BICALU | E2F1 ChIP-Seq - Rep 3",,,
DHT,SCP2,mammarygland,"DHT | FOXA1 ChIP-Seq, DHT | TCF7L2 ChIP-Seq, DHT | MYC ChIP-Seq",,,
MYB,SCP2,leukocytes,"MYB IP - Jurkat, Rep 3, MYB IP - Jurkat, Rep 5, MYB IP - MOLT3, MYB IP - Jurkat, Rep 4, MYB IP - Jurkat, Rep 1, MYB IP - Jurkat, Rep 2",,,
TP53,SCP2,mammarygland,"TP53 IP, TP53 IP | NUTL3 - MCF-7",,,
ZNF143,SCP2,leukocytes,"ZNF143 IP - K562 cells, ZNF143 IP - GM12878 cells",,,
MAX,SCP2,lung,MAX IP - A549 cells,,,
ZEB1,SCP2,liver,ZEB1 IP - HepG2 cells,,,
SPI1,SCP2,leukocytes,"SPI1 IP, ROSI | SPI1 ChIP-Seq, SPI1 IP - U-937 cells, Rep 5 , SPI1 IP, SPI1 IP, SPI1 IP - GM12878 cells, SPI1 IP - U-937 cells, Rep 1 , SPI1 IP, SPI1 IP - K562 cells, SPI1 IP, SPI1 IP - HL cells, SPI1 IP, SPI1 IP - GM12891 cells, SPI1 IP, SPI1 IP - U-937 cells, Rep 4 , SPI1 IP - GM12878 cells, Rep 3 , SPI1 IP, SPI1 IP - GM12878 cells, Rep 4 , SPI1 IP",,,
CTCF,SCP2,kidney,"CTCF IP - HRE cells, Rep 2 , CTCF IP - HEK293 cells, Rep 2 , CTCF IP - RPTEC cells, Rep 1 , CTCF IP - HEK293 cells, Rep 1 , CTCF IP - RPTEC cells, Rep 2 , CTCF IP - HRE cells, Rep 1 ",,,
SP1,SCP2,liver,SP1 IP - HepG2 cells,,,
ZBTB7A,SCP2,liver,ZBTB7A IP - HepG2 cells,,,
CTCF,SCP2,colon,"CTCF IP - Caco , CTCF IP - Rep 2 , CTCF IP - HCT116 cells, Rep 2 , CTCF IP - HCT116 cells, CTCF IP - HCT116 cells, Rep 1 , CTCF IP - Caco-2 cells, Rep 1 ",,,
GATA1,SCP2,hspcs,"GATA1 IP - Rep 1, GATA1 IP - Rep 3",,,
GABPA,SCP2,liver,"GABPA IP, GABPA IP - MCF7 cells, GABPA IP, GABPA IP, GABPA IP - HepG2 cells",,,
E2F6,SCP2,leukocytes,"E2F6 IP - K562 cells, E2F6 IP - K562 cells",,,
MYC,SCP2,mammarygland,"MYC IP - MCF-10A cells, DHT | MYC ChIP-Seq, MYC IP | 4HT - MCF10A cells",,,
ROSI,SCP2,leukocytes,ROSI | SPI1 ChIP-Seq,,,
17BE2,SCP2,mammarygland,"17BE2 | FOXA1 ChIP-Seq - Rep 1, 17BE2 | FOXA1 ChIP-Seq - Rep 2, 17BE2 | FOXA1 ChIP-Seq - Rep 1, 17BE2 | FOXA1 ChIP-Seq - Rep 1, 17BE2 | FOXA1 ChIP-Seq - Rep 2, 17BE2 | FOXA1 ChIP-Seq - Rep 2",,,
CTCF,SCP2,cns,"CTCF IP - SK-N-SH cells , CTCF IP - HCPEpiC cells, Rep 1 , CTCF IP - spinal cord astrocyte cells, Rep 1 , CTCF IP - SK cells, CTCF IP - SK-N-SH cells, Rep 1 , CTCF IP - NHA cells , CTCF IP - spinal cord astrocyte cells, Rep 2 , CTCF IP - cerebellar astrocyte cells, Rep 1 , CTCF IP - HCPEpiC cells, Rep 2 , CTCF IP - SK-N-SH cells, Rep 2 , CTCF IP - cerebellar astrocyte cells, Rep 2 ",,,
MAFK,SCP2,lung,MAFK IP - IMR cells,,,
CTCF,SCP2,mammarygland,"CTCF IP - T47D cells, CTCF IP - HMEC cells, Rep 1 , CTCF IP - HMEC cells , CTCF IP - HMF cells, Rep 1 , CTCF IP - MCF-7 cells Rep 2 , CTCF IP - MCF-7 cells, Rep 1 , CTCF IP - HMF cells, Rep 2 , CTCF IP - HMEC cells, Rep 2 , CTCF IP - MCF7 cells",,,
CTCF,SCP2,vasculature,"CTCF IP - HUVEC cells , CTCF IP - HUVEC cells, Rep 1 , CTCF IP - HBMEC cells, Rep 1 , CTCF IP - HBMEC cells, Rep 2 , CTCF IP - HPAF cells, Rep 1 , CTCF IP - AoAFC cells, Rep 2 , CTCF IP - HPAF cells, Rep 2 , CTCF IP - HUVEC cells, Rep 2 , CTCF IP - AoAFC cells, Rep 1 ",,,
TCF7L2,SCP2,mammarygland,"DHT | TCF7L2 ChIP-Seq, TCF7L2 ChIP-Seq",,,
ZEB1,SCP2,leukocytes,ZEB1 IP - GM12878 cells,,,
GATA3,SCP2,cns,GATA3 IP - SK-N-SH cells,,,
SP1,SCP2,stemcells,SP1 IP - H1 cells,,,
NFYB,SCP2,leukocytes,NFYB IP - GM12878 cells,,,
CREB1,SCP2,lung,CREB1 IP | DEX - A549 cells,,,
DEX,SCP2,lung,"CREB1 IP | DEX - A549 cells, USF1 IP | DEX - A549 cells, CTCF IP | DEX - A549 cells , CTCF IP | DEX - A549 cells, FOXA1 IP | DEX - A549 cells",,,
CEBPB,SCP2,stemcells,"CEBPB IP, CEBPB IP, CEBPB IP, CEBPB IP, CEBPB IP, CEBPB IP, CEBPB IP - H1 cells, CEBPB IP, CEBPB IP, CEBPB IP, CEBPB IP",,,
USF1,SCP2,cns,"USF1 IP | ATRA - SK-N-SH cells, USF1 IP - SK-N-SH cells",,,
ZNF143,SCP2,uterus,ZNF143 IP - HeLa cells,,,
JUN,SCP2,uterus,JUN IP - HeLa cells,,,
REST,SCP2,leukocytes,"REST IP - GM12878 cells, Rep 1, REST IP - K562 cells, REST IP - GM12878 cells, Rep 14 , REST IP - HL60 cells",,,
GATA3,SCP2,mammarygland,GATA3 IP - MCF7 cells,,,
MAZ,SCP2,leukocytes,"MAZ IP - GM12878 cells, MAZ IP - K562 cells",,,
CTCF,SCP2,placenta,"CTCF IP - HVMF cells, Rep 1 , CTCF IP - HVMF cells, Rep 2 ",,,
MAFK,SCP2,leukocytes,MAFK IP - K562 cells,,,
BHLHE40,SCP2,leukocytes,"BHLHE40 IP - GM12878 cells, BHLHE40 IP - K562 cells",,,
STAT1,SCP2,leukocytes,"STAT1 IP | IFNG - K562 cells, 6 h, STAT1 IP - Rep 5, STAT1 IP - Rep 3, STAT1 IP - Rep 1, STAT1 IP - Rep 4, STAT1 IP - Rep 2, STAT1 IP - Rep 6",,,
IFNG,SCP2,leukocytes,"STAT1 IP | IFNG - K562 cells, 6 h, IRF1 IP | IFNG - K562 cells, 6 h, IRF1 IP | IFNG - K562 cells, 30 min, MYC IP | IFNG - K562 cells, 6 h, STAT1 IP - Rep 5, STAT1 IP - Rep 3, STAT1 IP - Rep 1, STAT1 IP - Rep 4, MYC IP | IFNG - K562 cells, 30 min, STAT1 IP - Rep 2, STAT1 IP - Rep 6",,,
GABPA,SCP2,uterus,GABPA IP - HeLa cells,,,
CTCF,SCP2,lung,"CTCF IP - A549 cells , CTCF IP - SAEC cells, Rep 2 , CTCF IP - SAEC cells, Rep 1 , CTCF IP - NHLF cells , CTCF IP - WI-38 cells, Rep 1 , CTCF IP - HPF cells, Rep 1 , CTCF IP - A549 cells, Rep 1 , CTCF IP - IMR cells, CTCF IP - AG04450 cells, Rep 2 , CTCF IP - HPF cells, Rep 2 , CTCF IP - AG04450 cells, Rep 1 , CTCF ChIP-Seq - A549, CTCF IP - WI-38 cells, Rep 2 , CTCF IP | DEX - A549 cells , CTCF IP - NHLF cells , CTCF IP | DEX - A549 cells, CTCF IP - A549 cells, Rep 2 , CTCF IP - A549 cells",,,
ELF3,SCP2,pancreas,"ELF3 IP, ELF3 IP | KLF5 KO, ELF3 IP",,,
MAZ,SCP2,uterus,MAZ IP - HeLa cells,,,
RELA,SCP2,leukocytes,"RELA IP | BAY082  - IVD Th1 cells, PIA, RELA IP - IVD Th1 cells, PIA, RELA IP | TNF - GM19193 cells, RELA IP | TNF - GM15510 cells, RELA IP | TNF - GM19099 cells, RELA IP | TNF - GM12892 cells, RELA IP | TNF - GM12878 cells, RELA IP | TNF - GM18951 cells, RELA IP | TNF - GM18505 cells, RELA IP | TNF - GM10847 cells, RELA IP | TNF - GM12891 cells",,,
BAY082,SCP2,leukocytes,"RELA IP | BAY082  - IVD Th1 cells, PIA",,,
CREB1,SCP2,liver,"CREB1 IP - HepG2 cells, CREB1 IP, CREB1 IP",,,
ATF2,SCP2,leukocytes,ATF2 IP - GM12878 cells,,,
POU2F2,SCP2,leukocytes,"POU2F2 IP - GM12878 cells, POU2F2 IP | POU2F2 Mut OE",,,
EBF1,SCP2,leukocytes,EBF1 IP - GM12878 cells,,,
MYC,SCP2,leukocytes,"MYC IP | IFNA1 - K562 cells, 30 min, MYC IP - NB4 cells, MYC IP | IFNA1 - K562 cells, 6 h, MYC IP | IFNG - K562 cells, 6 h, MYC IP | IFNG - K562 cells, 30 min, MYC IP - K562 cells, Rep 1, MYC IP - K562 cells, Rep 2",,,
IFNA1,SCP2,leukocytes,"MYC IP | IFNA1 - K562 cells, 30 min, MYC IP | IFNA1 - K562 cells, 6 h, JUN IP | IFNA1-13 - 30 min , IRF1 IP | IFNA1-13 - K562 cells, 6 h, STAT2 IP | IFNA1-13 - K562 cells, 30 min",,,
JUND,SCP2,leukocytes,JUND IP - K562 cells,,,
MEF2B,SCP2,kidney,MEF2B IP | MEF2B OE - Rep 2,,,
ZNF384,SCP2,leukocytes,ZNF384 IP - K562 cells,,,
GATA2,SCP2,prostate,"GATA2 KD  | FOXA1 ChIP-Seq, GATA2 KD + R1881 | FOXA1 ChIP-Seq, FOXA1 KD | GATA2 ChIP-Seq",,,
BATF,SCP2,leukocytes,BATF IP - GM12878 cells,,,
MXI1,SCP2,liver,MXI1 IP - HepG2 cells,,,
KLF11,SCP2,adiposetissue,"ROSI (BrAT) | KLF11 ChIP-Seq, Rep 2, KLF11 ChIP-Seq, Rep 2",,,
ROSI,SCP2,adiposetissue,"ROSI (BrAT) | KLF11 ChIP-Seq, Rep 2",,,
CTCF,SCP2,megakaryocytelineage,"CTCF IP - MEG-01 cells, Rep 8 , CTCF IP - MEG-01 cells, Rep 6 , CTCF IP - MEG-01 cells, Rep 2 , CTCF IP - MEG-01 cells, Rep 10 , CTCF IP - MEG-01 cells, Rep 4 ",,,
CTCF,SCP2,uterus,"CTCF IP - ECC1 cells, CTCF IP - HeLa cells ",,,
TCF21,SCP2,vasculature,"TCF21 IP, TCF21 IP, TCF21 IP, TCF21 IP",,,
ELF1,SCP2,colon,ELF1 IP - HCT116 cells,,,
ZNF143,SCP2,stemcells,ZNF143 IP - H1 cells,,,
ELF1,SCP2,cns,ELF1 IP - SK-N-SH cells,,,
CEBPB,SCP2,colon,"CEBPB IP, CEBPB IP - HCT116 cells, CEBPB IP | 125DVD3",,,
PBX3,SCP2,leukocytes,PBX3 IP - GM12878 cells,,,
JUND,SCP2,uterus,JUND IP - HeLa cells,,,
MAFK,SCP2,uterus,MAFK IP - HeLa cells,,,
MAX,SCP2,liver,"MAX IP - HepG2 cells, MAX IP - MCF7 cells, MAX IP - HepG2 cells",,,
CEBPB,SCP2,bone,CEBPB IP,,,
SRF,SCP2,stemcells,"SRF IP - Rep 7 , SRF IP - Rep 5 , SRF IP - Rep 4 , SRF IP - Rep 6 , SRF IP - H1 cells",,,
ARID3A,SCP2,liver,ARID3A IP - HepG2 cells,,,
CEBPB,SCP2,uterus,"CEBPB IP - ECC1 cells, CEBPB ChIP-Seq - HeLaS3",,,
EGR1,SCP2,leukocytes,EGR1 IP - K562 cells,,,
BARX1,SCP2,colon,BARX1 IP - Rep 1 ,,,
GATA2,SCP2,hspcs,GATA2 IP,,,
CTCF,SCP2,adiposetissue,"CTCF ChIP-Seq - d 9, CTCF ChIP-Seq - d -2, CTCF ChIP-Seq - d 0",,,
FOSL2,SCP2,cns,FOSL2 IP - SK-N-SH cells,,,
BACH1,SCP2,stemcells,BACH1 IP - H1 cells,,,
TNF,SCP2,leukocytes,"RELA IP | TNF - GM19193 cells, RELA IP | TNF - GM15510 cells, RELA IP | TNF - GM12892 cells, RELA IP | TNF - GM12878 cells, RELA IP | TNF - GM18951 cells, RELA IP | TNF - GM18505 cells, RELA IP | TNF - GM10847 cells, RELA IP | TNF - GM12891 cells",,,
USF1,SCP2,lung,"USF1 IP - A549 cells, Rep 2, USF1 IP | DEX - A549 cells",,,
DHT,SCP2,prostate,"DHT | FOXA1 ChIP-Seq, DHT | ERG ChIP-Seq - 18 h, DHT | ERG ChIP-Seq - 2 h, POU2F1 KD + DHT | FOXA1 ChIP-Seq",,,
FOXA2,SCP2,liver,FOXA2 IP - HepG2 cells,,,
HMGN3,SCP2,leukocytes,HMGN3 IP - K562 cells,,,
YY1,SCP2,lung,YY1 IP - A549 cells,,,
CREB1,SCP2,leukocytes,"CREB1 IP - GM12878 cells, CREB1 IP - K562 cells",,,
TEAD4,SCP2,leukocytes,TEAD4 IP - K562 cells,,,
SRF,SCP2,leukocytes,"SRF IP - K562 cells, SRF IP - SK-N-SH cells, SRF IP - GM12878 cells, Rep 2",,,
ZNF84,SCP2,colon,ZNF84 IP ,,,
MXI1,SCP2,cns,MXI1 IP - SK-N-SH cells ,,,
TCF3,SCP2,leukocytes,TCF3 IP - GM12878 cells,,,
CUX1,SCP2,leukocytes,"CUX1 IP - GM12878 cells, CUX1 IP - K562 cells",,,
MXI1,SCP2,uterus,MXI1 IP - HeLa cells,,,
FOS,SCP2,mammarygland,"FOS IP - MCF10A cells, FOS IP | 4HT - MCF10A cells, 12 h, FOS IP | 4HT - MCF10A cells, 4 h, FOS IP | 4HT - MCF10A cells, 36 h",,,
MTA3,SCP2,leukocytes,MTA3 IP - GM12878 cells,,,
AR,SCP2,prostate,AR Q640X OE + FOXA1 OE | FOXA1 ChIP-Seq,"19668381,",,
REST,SCP2,stemcells,"REST IP - H1 cells, Rep 1",,,
IRF1,SCP2,leukocytes,"IRF1 IP | IFNG - K562 cells, 6 h, IRF1 IP | IFNG - K562 cells, 30 min, IRF1 IP | IFNA1-13 - K562 cells, 6 h",,,
RUNX1,SCP2,hspcs,"RUNX1, RUNX1 IP",,,
UBTF,SCP2,leukocytes,UBTF IP - K562 cells,,,
TEAD4,SCP2,uterus,TEAD4 IP - ECC1 cells,,,
IRF1,SCP2,pancreas,IRF1 IP,,,
TEAD4,SCP2,cns,TEAD4 IP - SK-N-SH cells,,,
JUN,SCP2,colon,JUN IP ,,,
DEX,SCP2,mammarygland,"DEX | FOXA1 ChIP-Seq - Rep 2, DEX | FOXA1 ChIP-Seq - Rep 1, DEX | FOXA1 ChIP-Seq - Rep 1, DEX | FOXA1 ChIP-Seq - Rep 2, DEX | FOXA1 ChIP-Seq - Rep 1",,,
MYC,SCP2,bone,MYC IP,,,
FORSK,SCP2,liver,CEBPB IP | FORSK - HepG2 cells,,,
TAL1,SCP2,leukocytes,"TAL1 IP - K562 cells, TAL1 IP - MOLT3",,,
IRF1,SCP2,colon,IRF1 IP ,,,
TCF12,SCP2,leukocytes,TCF12 IP - GM12878 cells,,,
RBPJ,SCP2,leukocytes,"RBPJ IP | COMPE - wash, RBPJ IP | COMPE",,,
COMPE,SCP2,leukocytes,"RBPJ IP | COMPE - wash, RBPJ IP | COMPE",,,
ELK1,SCP2,uterus,ELK1 IP - HeLa cells,,,
GATA2,SCP2,leukocytes,GATA2 IP - K562 cells,,,
MEF2A,SCP2,leukocytes,"MEF2A IP - GM12878 cells, MEF2A IP - K562 cells",,,
GTF2F1,SCP2,uterus,GTF2F1 IP - HeLa cells,,,
ARID3A,SCP2,leukocytes,ARID3A IP - K562 cells,,,
MXI1,SCP2,leukocytes,"MXI1 IP - GM12878 cells, MXI1 IP - K562 cells",,,
REST,SCP2,lung,REST IP - A549 cells,,,
KLF5,SCP2,pancreas,"ELF3 IP | KLF5 KO, FOXA1 IP | KLF5 KO",,,
JUND,SCP2,lung,JUND IP - A549 cells,,,
HEY1,SCP2,leukocytes,HEY1 IP - K562 cells,,,
STAT3,SCP2,uterus,STAT3 IP - HeLa cells,,,
ATF1,SCP2,leukocytes,ATF1 IP - K562 cells,,,
SP1,SCP2,leukocytes,SP1 IP - GM12878 cells,,,
SMAD1,SCP2,hspcs,SMAD1 IP - Rep 3,,,
ATF3,SCP2,colon,ATF3 IP - HCT116 cells,,,
MAX,SCP2,stemcells,MAX IP - H1 cells,,,
USF1,SCP2,uterus,USF1 IP - ECC1 cells,,,
MAFK,SCP2,liver,"MAFK IP - HepG2 cells, Rep 2, MAFK IP - HepG2 cells, Rep 1",,,
E2F4,SCP2,mammarygland,E2F4 IP | 4HT - MCF10 cells,,,
FOXA1,SCP2,pancreas,"FOXA1 IP, FOXA1 IP, FOXA1 IP | KLF5 KO",,,
STAT5A,SCP2,leukocytes,"STAT5A IP - K562 cells, STAT5A IP - GM12878 cells",,,
ELF1,SCP2,mammarygland,ELF1 IP - MCF7 cells,,,
TCF12,SCP2,lung,TCF12 IP - A549 cells,,,
REST,SCP2,pancreas,"REST IP - Panc1 cells, Rep 3",,,
USF1,SCP2,colon,USF1 IP - HCT116 cells,,,
STAT1,SCP2,uterus,"STAT1 IP | IFNG - HeLa cells, 30 min",,,
IFNG,SCP2,uterus,"STAT1 IP | IFNG - HeLa cells, 30 min",,,
MAZ,SCP2,liver,MAZ IP - HepG2 cells,,,
ZBTB17,SCP2,bone,"ZBTB17 IP, ZBTB17 IP",,,
JUND,SCP2,cns,"JUND IP - SK-N-SH cells, JUND IP - SK-N-SH cells ",,,
ELK1,SCP2,leukocytes,ELK1 IP - GM12878 cells,,,
FOSL2,SCP2,lung,FOSL2 IP - A549 cells,,,
FOSL2,SCP2,liver,FOSL2 IP - HepG2 cells,,,
HOXA4,SCP2,colon,HOXA4 IP ,,,
PBX3,SCP2,lung,PBX3 IP - A549 cells,,,
CTCF,SCP2,bone,CTCF IP - Osteoblasts ,,,
MAFF,SCP2,leukocytes,MAFF IP - K562 cells,,,
PAX5,SCP2,leukocytes,"PAX5 IP - GM12878 cells, Rep 1, PAX5 IP - GM12891 cells, PAX5 IP - GM12878 cells, Rep 2, PAX5 IP - GM12892 cells",,,
TP63,SCP2,skin,TP63 IP,,,
PIAS1,SCP2,prostate,PIAS1 + R1881 | FOXA1 ChIP-Seq - Rep 2,,,
FOXP1,SCP2,colon,FOXP1 IP ,,,
BHLHE40,SCP2,liver,BHLHE40 IP - HepG2 cells,,,
FOXP1,SCP2,leukocytes,FOXP1 IP - OCI-LY10,,,
TBP,SCP2,stemcells,TBP IP - H1 cells,,,
FOXM1,SCP2,leukocytes,FOXM1 IP - GM12878 cells,,,
TEAD4,SCP2,colon,TEAD4 IP - HCT116 cells,,,
GATA1,SCP2,leukocytes,GATA1 ChIP-Seq - SC266,,,
GLI2,SCP2,colon,GLI2 IP ,,,
FOXA1,SCP2,liver,"FOXA1 IP - HepG2 cells, Rep 1, FOXA1 IP - HepG2 cells, Rep 2",,,
EGR1,SCP2,stemcells,EGR1 IP - H1 cells,,,
CTCF,SCP2,miscellaneous,"CTCF IP - AG09319 cells, Rep 2 , CTCF IP - AG09319 cells, Rep 1 ",,,
TCF12,SCP2,cns,TCF12 IP - SK-N-SH cells,,,
E2F3,SCP2,colon,E2F3 IP ,,,
JUN,SCP2,mammarygland,JUN IP - Rep 2,,,
RELA,SCP2,colon,RELA IP ,,,
FOXA1,SCP2,lung,"FOXA1 IP - A549 cells, FOXA1 IP | DEX - A549 cells",,,
CEBPB,SCP2,mammarygland,CEBPB IP - MCF7 cells,,,
FOXP2,SCP2,cns,FOXP2 IP - SK cells,,,
E2F6,SCP2,stemcells,E2F6 IP - H1 cells,,,
TCF12,SCP2,uterus,TCF12 IP - ECC1 cells,,,
MAX,SCP2,vasculature,MAX IP - HUVEC cells,,,
YY1,SCP2,stemcells,YY1 IP - H1 cells,,,
FOXP1,SCP2,prostate,FOXP1 ChIP-Seq,,,
USF1,SCP2,liver,USF1 IP - HepG2 cells,,,
THAP1,SCP2,leukocytes,THAP1 IP - K562 cells,,,
SRF,SCP2,colon,SRF IP - HCT116 cells,,,
GABPA,SCP2,lung,GABPA IP - A549 cells,,,
MEF2C,SCP2,leukocytes,MEF2C IP - GM12878 cells,,,
FOXA2,SCP2,embryonictissue,FOXA2 IP - Rep 2,,,
SP1,SCP2,colon,SP1 IP - HCT116 cells,,,
HEY1,SCP2,liver,HEY1 IP - HepG2 cells,,,
USF1,SCP2,leukocytes,USF1 IP - K562 cells,,,
ZNF83,SCP2,colon,ZNF83 IP ,,,
IRF4,SCP2,leukocytes,"IRF4 IP, IRF4 IP - GM12878 cells",,,
TBP,SCP2,liver,TBP IP - HepG2 cells,,,
JUND,SCP2,liver,JUND IP - HepG2 cells,,,
CTCF,SCP2,pancreas,CTCF IP,,,
TFAP4,SCP2,leukocytes,"TFAP4 IP - Rep 1, TFAP4 IP - Rep 2",,,
YY1,SCP2,uterus,YY1 IP - ECC1 cells,,,
CDX2,SCP2,colon,CDX2 IP | 125DVD3,,,
125DVD3,SCP2,colon,"CDX2 IP | 125DVD3, CEBPB IP | 125DVD3",,,
TBP,SCP2,uterus,TBP IP - HeLa cells,,,
E2F6,SCP2,lung,E2F6 IP - A549 cells,,,
RUNX1,SCP2,leukocytes,RUNX1 IP,,,
ETS1,SCP2,leukocytes,"ETS1 IP, ETS1 IP - K562 cells, ETS1 IP - GM12878 cells",,,
TAL1,SCP2,colon,TAL1 IP ,,,
CTCF,SCP2,skeletalmuscle,"CTCF IP - HSMM cells, Rep 2 , CTCF IP - HSMM cells, Rep 1 ",,,
TCF12,SCP2,liver,TCF12 IP - HepG2 cells,,,
GATA4,SCP2,stomach,GATA4 IP - AGS,,,
SP1,SCP2,lung,SP1 IP - A549 cells,,,
YY1,SCP2,colon,YY1 IP - HCT116 cells,,,
ETS1,SCP2,lung,ETS1 IP - A549 cells,,,
GABPA,SCP2,cns,GABPA IP - SK-N-SH cells,,,
MAFF,SCP2,liver,MAFF IP - HepG2 cells,,,
CEBPA,SCP2,leukocytes,CEBPA IP,,,
ZNF263,SCP2,kidney,ZNF263 IP - HEK293 cells,,,
TEAD4,SCP2,liver,TEAD4 IP - HepG2 cells,,,
TP53,SCP2,leukocytes,TP53 IP - Doxo DNA damage,,,
MXI1,SCP2,lung,MXI1 IP - IMR cells,,,
ZKSCAN1,SCP2,uterus,ZKSCAN1 IP - HeLa cells,,,
POU2F1,SCP2,prostate,POU2F1 KD + DHT | FOXA1 ChIP-Seq,,,
PDX1,SCP2,pancreas,PDX1 IP,,,
SRF,SCP2,mammarygland,SRF IP - MCF7 cells,,,
MYBL2,SCP2,liver,MYBL2 IP - HepG2 cells,,,
CREB1,SCP2,stemcells,CREB1 IP - H1 cells,,,
FOXA2,SCP2,lung,FOXA2 IP - A549 cells,,,
ERG,SCP2,leukocytes,ERG IP - Rep 1,,,
JUND,SCP2,colon,JUND IP - HCT116 cells,,,
MAZ,SCP2,lung,MAZ IP - IMR cells,,,
TCF7L2,SCP2,pancreas,TCF7L2 IP,,,
ATF2,SCP2,colon,ATF2 IP ,,,
SRF,SCP2,liver,SRF IP - HepG2 cells,,,
CTCF,SCP2,esophagus,"CTCF IP - HEEpiC cells, Rep 1 , CTCF IP - HEEpiC cells, Rep 2 ",,,
REST,SCP2,uterus,REST IP - SK-N-SH cells,,,
ELF1,SCP2,lung,ELF1 IP - A549 cells,,,
PBX3,SCP2,cns,PBX3 IP - SK-N-SH cells,,,
OTX2,SCP2,stemcells,OTX2 IP - Rep 10 ,,,
ASCL1,SCP2,skin,ASCL1 IP - NHDF,,,
MAX,SCP2,cns,MAX IP - SK-N-SH cells,,,
EGR1,SCP2,colon,EGR1 IP - HCT116 cells,,,
GABPA,SCP2,stemcells,GABPA IP - H1 cells,,,
USF2,SCP2,uterus,USF2 IP - HeLa cells,,,
MAX,SCP2,colon,MAX IP - HCT116 cells,,,
GTF2B,SCP2,uterus,GTF2B IP - Rep 2,,,
SATB1,SCP2,liver,SATB1 IP,,,
STAT2,SCP2,leukocytes,"STAT2 IP | IFNA1-13 - K562 cells, 30 min",,,
FOSL1,SCP2,colon,FOSL1 IP - HCT116 cells,,,
PPARA,ACSL1,kidney,,,17150915,17150915
PPARA,ACOX1,liver,,,,20110263
VDR,FADS2,leukocytes,,20736230,,
VDR,ACSL1,leukocytes,,20736230,,
VDR,FADS1,leukocytes,,20736230,,
FOXP1,FADS2,embryonictissue,,21924763,,
FOXP1,SCP2,embryonictissue,,21924763,,
FOXP1,ELOVL5,embryonictissue,,21924763,,
FOXP1,HSD17B4,embryonictissue,,21924763,,
FOXP1,ACAA1,embryonictissue,,21924763,,
CUX1,FADS2,mammarygland,,19635798,,
CUX1,SCP2,mammarygland,,19635798,,
CUX1,ELOVL5,mammarygland,,19635798,,
CUX1,HSD17B4,mammarygland,,19635798,,
CUX1,ACAA1,mammarygland,,19635798,,
NR1H3,ACSL1,leukocytes,,23393188,,
NR1H3,ELOVL5,leukocytes,,23393188,,
ELF1,ACOX1,thymus,,17652178,,
HNF4A,SCP2,liver,,19822575,,
HNF4A,ACSL1,liver,,19822575,,
HNF4A,ELOVL5,liver,,19822575,,
HNF4A,ACOX1,liver,,19822575,,
HNF4A,ELOVL2,liver,,19822575,,
HNF4A,HSD17B4,liver,,19822575,,
HNF4A,ACAA1,liver,,19822575,,
ELK1,ACSL1,mammarygland,,22589737,,
ELK1,ACAA1,mammarygland,,22589737,,
EOMES,FADS2,stemcells,,21245162,,
EOMES,FADS1,stemcells,,21245162,,
GATA2,FADS2,erythroidlineage,,19941826,,
GATA2,ELOVL1,erythroidlineage,,19941826,,
GATA2,ELOVL5,erythroidlineage,,19941826,,
ELF5,ELOVL5,mammarygland,,23300383,,
ELF5,ACOX1,mammarygland,,23300383,,
GBX2,ACSL1,prostate,,23144817,,
SMAD4,ACOX1,stemcells,,21741376,,
SMAD4,ELOVL2,stemcells,,21741376,,
SMAD4,HSD17B4,stemcells,,21741376,,
TP53,ACOX1,skin,,22573176,,
TP53,ELOVL2,skin,,22573176,,
GATA1,FADS2,skin,,21571218,,
GATA1,ACSL1,skin,,21571218,,
GATA1,ELOVL5,skin,,21571218,,
BACH1,ACOX1,mammarygland,,22875853,,
BACH1,ELOVL2,mammarygland,,22875853,,
MYC,ACSL1,cns,,20876797,,
MYC,ELOVL5,cns,,20876797,,
ZNF217,ELOVL5,mammarygland,,24962896,,
MITF,FADS2,skin,,21258399,,
MITF,ELOVL1,skin,,21258399,,
MITF,ACSL1,skin,,21258399,,
MITF,ACOX1,skin,,21258399,,
MITF,FADS1,skin,,21258399,,
TCF4,ELOVL1,colon,,18268006,,
E2F4,FADS2,blood,,21247883,,
E2F4,ELOVL1,blood,,21247883,,
E2F4,FADS1,blood,,21247883,,
NFE2L2,ELOVL1,leukocytes,,22581777,,
EGR1,ELOVL1,erythroidlineage,,20690147,,
EGR1,SCP2,erythroidlineage,,20690147,,
EGR1,ACSL1,erythroidlineage,,20690147,,
EGR1,ELOVL2,erythroidlineage,,20690147,,
EGR1,HSD17B4,erythroidlineage,,20690147,,
WT1,FADS2,kidney,,25993318,,
WT1,SCP2,kidney,,25993318,,
WT1,ELOVL5,kidney,,25993318,,
TFAP2A,FADS1,mammarygland,,17053090,,
TP63,FADS1,prostate,,23658742,,
ATF3,ACSL1,cns,,23680149,,
ATF3,ACOX1,cns,,23680149,,
TFAP2C,ELOVL5,mammarygland,,20629094,,
FOXP3,SCP2,leukocytes,,21729870,,
AR,ELOVL3,prostate,,19668381,,
DACH1,FADS2,mammarygland,,20351289,,
FLI1,FADS2,bonemarrow,,21571218,,
FLI1,SCP2,bonemarrow,,21571218,,
FLI1,FADS1,bonemarrow,,21571218,,
HOXB7,ACSL1,mammarygland,,26014856,,
