TF,TargetGene,Tissue,Experiment,Chea,Signor,Trrust
CTCF,FIG4,vasculature,"CTCF IP - HPAF cells, Rep 1 , CTCF IP - HPAF cells, Rep 2 , CTCF IP - HUVEC cells, Rep 2 , CTCF IP - AoAFC cells, Rep 1 , CTCF IP - HUVEC cells, Rep 1 , CTCF IP - HUVEC cells , CTCF IP - HBMEC cells, Rep 1 , CTCF IP - HBMEC cells, Rep 2 ",,,
CTCF,FIG4,liver,"CTCF IP - HepG2 cells , CTCF IP - SK-N-SH cells, CTCF IP - HepG2 cells, Rep 1 , CTCF IP - HepG2 cells, Rep 2 , CTCF IP",,,
ATF3,FIG4,colon,"ATF3 IP - HCT116 cells, ATF3 IP | CAMPTO",,,
MYB,FIG4,leukocytes,"MYB IP - Jurkat, Rep 2, MYB IP - Jurkat, Rep 3, MYB IP - Jurkat, Rep 1, MYB IP - MOLT3, MYB IP - Jurkat, Rep 5, MYB IP - Jurkat, Rep 4",,,
CTCF,FIG4,leukocytes,"CTCF IP - KU812 cells, Rep 5 , CTCF IP - GM12890 cells, Rep 2 , CTCF IP - GM12870 cells , CTCF IP - GM12872 cells, Rep 3 , CTCF IP - GM19239 cells, Rep 1 , CTCF IP - K562 cells, Rep 15 , CTCF IP - GM12878 cells, Rep 1 , CTCF IP - GM19238 cells, Rep 1 , CTCF IP - GM12864 cells, Rep 2 , CTCF IP - CD14+ cells , CTCF IP - GM2255 cells, Rep 1 , CTCF IP - HeLa cells, Rep 2 , CTCF IP - GM2610 cells, Rep 2 , CTCF IP - F36P cells, Rep 14 , CTCF ChIP-Seq - GM12878, CTCF IP - GM19240 cells, Rep 2 , CTCF IP -  CD20+ cells , CTCF IP - K562 cells, CTCF IP - GM12878 cells, Rep 2 , CTCF IP - GM19238 cells, Rep 2 , CTCF IP, CTCF IP - K562 cells , CTCF IP - GM12892 cells, Rep 1 , CTCF IP - GM12878 cells, Rep 2 , CTCF IP - GM12872 cells, Rep 1 , CTCF IP - GM2610 cells, Rep 3 , CTCF IP - GM2610 cells, Rep 1 , CTCF IP - K562 cells, Rep 13 , CTCF IP - MS1 cells, Rep 2 , CTCF IP -  DND , CTCF IP - GM18486 cells, Rep 2 , CTCF IP - K562 cells, Rep 12 , CTCF IP - GM2630 cells, Rep 3 , CTCF IP - GM12890 cells, Rep 3 , CTCF IP - MS1 cells, Rep 1 , CTCF IP - F36P cells, Rep 2 , CTCF IP - GM12891 cells, Rep 2 , CTCF IP - GM12815 cells, Rep 1, CTCF IP - GM2630 cells, Rep 1 , CTCF IP - GM19240 cells, Rep 1 , CTCF IP - F36P cells, Rep 15 , CTCF IP - GM11994 cells, Rep 2, CTCF IP - GM19099 cells, Rep 2 , CTCF IP - K562 cells, Rep 2 , CTCF IP - GM19099 cells, Rep 1 , CTCF IP - GM19239 cells, Rep 2 , CTCF IP - GM12154 cells, Rep 2, CTCF IP - GM12871 cells , CTCF IP - F36P cells, Rep 10 , CTCF IP - GM11831 cells, CTCF IP - GM2630 cells, Rep 2 , CTCF IP - GM2255 cells, Rep 2 , CTCF IP - GM12865 cells, Rep 2 , CTCF IP - GM06990 cells, Rep 1 , CTCF IP - K562 cells, Rep 1 , CTCF IP - GM11994 cells, Rep 1, CTCF IP - GM2588 cells, Rep 2 , CTCF IP - KU812 cells, Rep 17 , CTCF IP - GM12154 cells, Rep 1, CTCF IP - K562 cells, Rep 11 , CTCF IP - MS1 cells, Rep 3 , CTCF IP - GM12864 cells, Rep 1 , CTCF IP - GM12891 cells, Rep 1 , CTCF IP - GM12873 cells, Rep 3 , CTCF IP - MS1 cells, Rep 4 , CTCF IP - GM12875 cells, Rep 1 , CTCF IP - GM2588 cells, Rep 3 , CTCF IP - GM18505 cells, Rep 2 , CTCF IP - GM18526 cells, Rep 2 , CTCF IP - GM12869 cells , CTCF IP - GM18486 cells, Rep 1 , CTCF IP - GM19193 cells, Rep 1 , CTCF IP - F36P cells, Rep 3 , CTCF IP - F36P cells, Rep 11 , CTCF IP - GM06986 cells, CTCF IP - GM10847 cells, Rep 1 , CTCF IP - GM2255 cells, Rep 3 , CTCF IP - GM2588 cells, Rep 1 , CTCF IP - GM12866 cells , CTCF IP - F36P cells, Rep 19 , CTCF IP - GM12892 cells, Rep 2 , CTCF IP - GM12828 cells, CTCF IP - GM12868 cells , CTCF IP - GM12890 cells, Rep 1 , CTCF IP - GM12878 cells , CTCF IP - K562 cells, Rep 16 , CTCF IP - GM12872 cells, Rep 2 , CTCF IP - F36P cells, Rep 7 , CTCF IP - GM18486 cells, Rep 3 , CTCF IP - K562 cells, Rep 14 , CTCF IP - GM19193 cells, Rep 2 , CTCF IP - GM12864 cells, Rep 3 , CTCF IP - GM12873 cells, Rep 1 ",,,
MAX,FIG4,leukocytes,"MAX IP - NB4 cells, MAX IP - K562 cells, Rep 2, MAX IP - GM12878 cells, MAX IP - K562 cells",,,
CTCF,FIG4,kidney,"CTCF IP - HEK293 cells, Rep 1 , CTCF IP - RPTEC cells, Rep 1 , CTCF IP - RPTEC cells, Rep 2 , CTCF IP - HRE cells, Rep 1 , CTCF IP - HRE cells, Rep 2 ",,,
TFAP4,FIG4,leukocytes,"TFAP4 IP - Rep 2, TFAP4 IP - Rep 1",,,
CEBPA,FIG4,leukocytes,"CEBPA IP, CEBPA IP - U-937 cells, Rep 2 , CEBPA IP - U-937 cells, Rep 1 ",,,
CTCF,FIG4,lung,"CTCF IP - IMR cells, CTCF IP - HPF cells, Rep 2 , CTCF IP - AG04450 cells, Rep 1 , CTCF IP | DEX - A549 cells , CTCF IP - A549 cells, Rep 2 , CTCF IP - NHLF cells , CTCF IP - SAEC cells, Rep 1 , CTCF IP - A549 cells , CTCF IP - SAEC cells, Rep 2 , CTCF IP - NHLF cells , CTCF IP - HPF cells, Rep 1 ",,,
MYC,FIG4,mammarygland,"MYC IP | 4HT - MCF10A cells, DHT | MYC ChIP-Seq, MYC IP - MCF-10A cells",,,
4HT,FIG4,mammarygland,"MYC IP | 4HT - MCF10A cells, E2F4 IP | 4HT - MCF10 cells, FOS IP | 4HT - MCF10A cells, 36 h, STAT3 IP | 4HT - MCF10 cells, 36 h, FOS IP | 4HT - MCF10A cells, 12 h, FOS IP | 4HT - MCF10A cells, 4 h, STAT3 IP | 4HT - MCF10 cells, 12 h",,,
GABPA,FIG4,leukocytes,"GABPA IP - Jurkat, Rep 1, GABPA IP - GM12878 cells, Rep 5 , GABPA IP - GM12878 cells, Rep 3 , GABPA IP - GM12878 cells, Rep 1 , GABPA IP - GM12878 cells, Rep 4 , GABPA IP - Jurkat, Rep 2, GABPA IP - GM12878 cells, Rep 2 , GABPA IP - K562 cells",,,
DHT,FIG4,mammarygland,"DHT | MYC ChIP-Seq, DHT | FOXA1 ChIP-Seq",,,
TCF21,FIG4,vasculature,"TCF21 IP, TCF21 IP",,,
MYC,FIG4,leukocytes,"MYC IP - K562 cells, Rep 1, MYC IP - NB4 cells, MYC IP | IFNG - K562 cells, 30 min, MYC IP - K562 cells, Rep 2",,,
GATA2,FIG4,prostate,"GATA2 ChIP-Seq - Rep 1, GATA2 ChIP-Seq, GATA2 ChIP-Seq - Rep 2",,,
HEY1,FIG4,leukocytes,HEY1 IP - K562 cells,,,
FOXA2,FIG4,stemcells,"FOXA2 IP - ES D2, FOXA2 IP - ES D10, FOXA2 IP - ES D5, FOXA2 IP - ES D7",,,
TCF12,FIG4,lung,TCF12 IP - A549 cells,,,
E2F3,FIG4,colon,E2F3 IP ,,,
KLF11,FIG4,adiposetissue,"ROSI (BrAT) | KLF11 ChIP-Seq, Rep 2, KLF11 ChIP-Seq, Rep 1, KLF11 ChIP-Seq, Rep 2, ROSI (BrAT) | KLF11 ChIP-Seq, Rep 1",,,
ROSI,FIG4,adiposetissue,"ROSI (BrAT) | KLF11 ChIP-Seq, Rep 2, ROSI (BrAT) | KLF11 ChIP-Seq, Rep 1",,,
E2F4,FIG4,mammarygland,E2F4 IP | 4HT - MCF10 cells,,,
CTCF,FIG4,bone,CTCF IP - Osteoblasts ,,,
CEBPB,FIG4,bone,"CEBPB IP, CEBPB IP",,,
MAX,FIG4,uterus,"MAX IP - ECC1 cells, MAX IP - HeLa cells, Rep 1, MAX IP - HeLa cells, Rep 2",,,
SPI1,FIG4,leukocytes,"SPI1 IP - GM12878 cells, Rep 2 , SPI1 IP - U-937 cells, Rep 4 , SPI1 IP - GM12878 cells, Rep 3 , SPI1 IP, SPI1 IP | RUNX1 KD, SPI1 IP, SPI1 IP, SPI1 IP, SPI1 IP - GM12878 cells, Rep 1 , SPI1 IP - U-937 cells, Rep 1 , ROSI | SPI1 ChIP-Seq, SPI1 IP, SPI1 IP - GM12878 cells, SPI1 IP - K562 cells, SPI1 IP, SPI1 IP, SPI1 IP, SPI1 IP, SPI1 IP - GM12878 cells, Rep 4 , SPI1 IP - HL cells, SPI1 IP - GM12891 cells, SPI1 IP, SPI1 IP - GM12878 cells, Rep 5 ",,,
TEAD4,FIG4,leukocytes,TEAD4 IP - K562 cells,,,
CEBPB,FIG4,leukocytes,"CEBPB IP| oxLDL  - Rep 207, CEBPB IP, CEBPB IP - K562 cells, CEBPB IP, CEBPB IP - Rep 204, CEBPB ChIP-Seq - K562, CEBPB IP, CEBPB IP | oxLDL  - Rep 208, CEBPB IP - Rep 203, CEBPB IP, CEBPB IP, CEBPB IP - Rep 201, CEBPB IP | oxLDL  - Rep 205, CEBPB IP, CEBPB IP - HL-60 cells, Rep 1 ",,,
STAT1,FIG4,leukocytes,"STAT1 IP - Rep 2, STAT1 IP - Rep 6, STAT1 IP - Rep 5, STAT1 IP - Rep 3, STAT1 IP - Rep 1, STAT1 IP - Rep 4",,,
IFNG,FIG4,leukocytes,"STAT1 IP - Rep 2, STAT1 IP - Rep 6, IRF1 IP - Rep 3, MYC IP | IFNG - K562 cells, 30 min, STAT1 IP - Rep 5, STAT1 IP - Rep 3, IRF1 IP | IFNG - K562 cells, 30 min, IRF1 IP | IFNG - K562 cells, 6 h, STAT1 IP - Rep 1, STAT1 IP - Rep 4",,,
TCF7L2,FIG4,mammarygland,TCF7L2 ChIP-Seq,,,
RELA,FIG4,adiposetissue,"RELA IP, RELA IP",,,
HOXA6,FIG4,colon,HOXA6 IP ,,,
TCF12,FIG4,stemcells,TCF12 IP - H1 cells,,,
ZNF143,FIG4,leukocytes,"ZNF143 IP - GM12878 cells, ZNF143 IP - K562 cells",,,
CTCF,FIG4,miscellaneous,"CTCF IP - AG09319 cells, Rep 2 , CTCF IP - AG09319 cells, Rep 1 ",,,
MYC,FIG4,bone,MYC IP,,,
FOXA1,FIG4,mammarygland,"DEX | FOXA1 ChIP-Seq - Rep 1, FOXA1 ChIP-Seq - Rep 2, DHT | FOXA1 ChIP-Seq, FOXA1 IP - T47D cells, DEX | FOXA1 ChIP-Seq - Rep 2, FOXA1 ChIP-Seq - Rep 1, FOXA1 ChIP-Seq - Rep 2",,,
DEX,FIG4,mammarygland,"DEX | FOXA1 ChIP-Seq - Rep 1, DEX | FOXA1 ChIP-Seq - Rep 2",,,
ETS1,FIG4,leukocytes,"ETS1 IP - K562 cells, ETS1 IP - GM12878 cells, ETS1 IP",,,
FOXM1,FIG4,mammarygland,"FOXM1 IP | THSP - DS006, FOXM1 IP - MCF7 cells, FOXM1 IP | THSP - DS008, FOXM1 IP - DS005",,,
RUNX1,FIG4,leukocytes,SPI1 IP | RUNX1 KD,,,
GLI2,FIG4,colon,GLI2 IP ,,,
FOXA1,FIG4,prostate,"CON KD + R1881 | FOXA1 ChIP-Seq, FOXA1 ChIP-Seq, CREB1 siRNA | FOXA1 ChIP-Seq - Rep 2, R1881 | FOXA1 ChIP-Seq - Rep 1, FOXA1 siRNA | CREB1 ChIP-Seq - Rep 1, FOXA1 ChIP-Seq - Rep 2, CREB1 siRNA | FOXA1 ChIP-Seq - Rep 1, FOXA1 siRNA | CREB1 ChIP-Seq - Rep 2",,,
R1881,FIG4,prostate,"CON KD + R1881 | FOXA1 ChIP-Seq, R1881 | FOXA1 ChIP-Seq - Rep 1, GABPA IP | R1881",,,
JUN,FIG4,mammarygland,"JUN IP | CPDA, JUN IP - Rep 1, JUN IP - Rep 2",,,
CPDA,FIG4,mammarygland,JUN IP | CPDA,,,
ELF3,FIG4,pancreas,"ELF3 IP, ELF3 IP, ELF3 IP | KLF5 KO",,,
CTCF,FIG4,heart,"CTCF IP - HCF cells , CTCF IP - myocytes cells, Rep 1 ",,,
MAX,FIG4,liver,"MAX IP - MCF7 cells, MAX IP - HepG2 cells, MAX IP - HepG2 cells",,,
CTCF,FIG4,skin,"CTCF IP - BJ cells, Rep 2 , CTCF IP - AG04449 cells, Rep 1 , CTCF IP - BJ cells, Rep 1 , CTCF IP - NHEK cells , CTCF IP - AG04449 cells, Rep 2 , CTCF IP - NHDF cells, Rep 2 , CTCF IP - AG10803 cells, Rep 1 , CTCF IP - AG09309 cells, Rep 1 , CTCF IP - AG10803 cells, Rep 2 , CTCF IP - NHDF cells , CTCF IP - HFFC cells, Rep 3 , CTCF IP - NHDF cells, Rep 1 ",,,
EGR1,FIG4,stemcells,EGR1 IP - H1 cells,,,
CEBPB,FIG4,colon,"CEBPB IP, CEBPB IP - HCT116 cells, CEBPB IP | 125DVD3",,,
FOS,FIG4,mammarygland,"FOS IP | 4HT - MCF10A cells, 36 h, FOS IP | 4HT - MCF10A cells, 12 h, FOS IP | 4HT - MCF10A cells, 4 h, FOS IP - MCF10A cells",,,
ERG,FIG4,prostate,"JQI | ERG ChIP-Seq - Rep 1, DMSO | ERG ChIP-Seq - Rep 2, ERG ChIP-Seq, JQI | ERG ChIP-Seq - Rep 2, DMSO | ERG ChIP-Seq - Rep 1, ERG ChIP-Seq, DHT | ERG ChIP-Seq - 18 h, DHT | ERG ChIP-Seq - 2 h",,,
JQ1,FIG4,prostate,"JQI | ERG ChIP-Seq - Rep 1, JQI | ERG ChIP-Seq - Rep 2",,,
GABPA,FIG4,prostate,"GABPA IP - Rep 1, GABPA IP | R1881",,,
CTCF,FIG4,megakaryocytelineage,"CTCF IP - MEG-01 cells, Rep 10 , CTCF IP - MEG-01 cells, Rep 4 , CTCF IP - MEG-01 cells, Rep 8 , CTCF IP - MEG-01 cells, Rep 6 , CTCF IP - MEG-01 cells, Rep 2 ",,,
STAT3,FIG4,mammarygland,"STAT3 IP | 4HT - MCF10 cells, 36 h, STAT3 IP - MCF10A cells, Rep 2, STAT3 IP | 4HT - MCF10 cells, 12 h",,,
YY1,FIG4,leukocytes,"YY1 IP - K562 cells, Rep 1, YY1 IP - GM12891 cells, YY1 IP - K562 cells, YY1 IP - K562 cells, Rep 2, YY1 IP - GM12878 cells, YY1 IP - GM12892 cells, Rep 1",,,
ELF1,FIG4,lung,ELF1 IP - A549 cells,,,
REST,FIG4,cns,"REST IP - PFSK1 cells, Rep 2, REST IP - PFSK-N-SH cells1 cells, Rep 1, REST IP - SK cells",,,
SRF,FIG4,leukocytes,"SRF IP - SK-N-SH cells, SRF IP - GM12878 cells, Rep 2",,,
CTCF,FIG4,colon,"CTCF IP - Caco-2 cells, Rep 1 , CTCF IP - Caco , CTCF IP - HCT116 cells",,,
SP1,FIG4,leukocytes,SP1 IP - GM12878 cells,,,
YY1,FIG4,stemcells,"YY1 IP - H1 cells, YY1 IP - NT2 cells",,,
ELK1,FIG4,uterus,ELK1 IP - HeLa cells,,,
MXI1,FIG4,liver,MXI1 IP - HepG2 cells,,,
CTCF,FIG4,mammarygland,"CTCF IP - MCF-7 cells, Rep 1 , CTCF IP - HMEC cells, Rep 2 , CTCF IP - MCF7 cells, CTCF IP - HMEC cells, Rep 1 , CTCF IP - MCF-7 cells Rep 2 ",,,
SIX5,FIG4,leukocytes,"SIX5 IP - K562 cells, Rep 2, SIX5 IP - K562 cells, Rep 1, SIX5 IP - GM12878 cells",,,
GABPA,FIG4,lung,GABPA IP - A549 cells,,,
SP2,FIG4,stemcells,SP2 IP - H1 cells,,,
MYBL2,FIG4,liver,MYBL2 IP - HepG2 cells,,,
FOSL1,FIG4,colon,FOSL1 IP - HCT116 cells,,,
CTCF,FIG4,pancreas,CTCF IP,,,
MAX,FIG4,lung,MAX IP - A549 cells,,,
CREB1,FIG4,prostate,"CREB1 ChIP-Seq - Rep 1, CREB1 siRNA | FOXA1 ChIP-Seq - Rep 2, FOXA1 siRNA | CREB1 ChIP-Seq - Rep 1, CREB1 ChIP-Seq - LNCaP, CREB1 ChIP-Seq - LNCaP-abl, CREB1 siRNA | FOXA1 ChIP-Seq - Rep 1, CREB1 ChIP-Seq - Rep 2, FOXA1 siRNA | CREB1 ChIP-Seq - Rep 2",,,
YY1,FIG4,uterus,YY1 IP - ECC1 cells,,,
SP2,FIG4,liver,SP2 IP - HepG2 cells,,,
HOXA4,FIG4,colon,HOXA4 IP ,,,
FOSL1,FIG4,leukocytes,FOSL1 IP - K562 cells,,,
FOS,FIG4,leukocytes,FOS IP - K562 cells,,,
SIX2,FIG4,kidney,"SIX2 IP - 17 weeks, Rep 1",,,
GATA4,FIG4,stomach,GATA4 IP - AGS,,,
GABPA,FIG4,liver,"GABPA IP - HepG2 cells, GABPA IP, GABPA IP, GABPA IP - MCF7 cells, GABPA IP",,,
MAX,FIG4,vasculature,MAX IP - HUVEC cells,,,
CREB1,FIG4,stemcells,CREB1 IP - H1 cells,,,
CTCF,FIG4,skeletalmuscle,"CTCF IP - HSMM cells, Rep 2 , CTCF IP - HSMM cells, Rep 1 ",,,
ELF1,FIG4,leukocytes,"ELF1 IP - SK-N-SH cells, ELF1 IP - SK-N-SH cells",,,
MXI1,FIG4,leukocytes,MXI1 IP - GM12878 cells,,,
TCF3,FIG4,leukocytes,TCF3 IP - GM12878 cells,,,
SIX5,FIG4,lung,SIX5 IP | DEX - A549 cells,,,
NFYB,FIG4,uterus,NFYB IP - HeLa cells,,,
CTCF,FIG4,stemcells,"CTCF IP - Rep 6 , CTCF IP - Rep 5 , CTCF IP - H1 cells, CTCF IP - H1 cells , CTCF IP - Rep 7 ",,,
USF1,FIG4,uterus,USF1 IP - ECC1 cells,,,
ZNF143,FIG4,uterus,ZNF143 IP - HeLa cells,,,
E2F6,FIG4,leukocytes,"E2F6 IP - K562 cells, E2F6 IP - K562 cells",,,
CEBPB,FIG4,stemcells,"CEBPB IP, CEBPB IP, CEBPB IP, CEBPB IP, CEBPB IP",,,
ZBTB7A,FIG4,uterus,ZBTB7A IP - ECC1 cells,,,
GABPA,FIG4,cns,GABPA IP - SK-N-SH cells,,,
JUN,FIG4,leukocytes,"JUN IP - K562 cells, Rep 1, JUN IP - K562 cells, Rep 2",,,
USF1,FIG4,liver,USF1 IP - HepG2 cells,,,
ZNF143,FIG4,stemcells,ZNF143 IP - H1 cells,,,
USF1,FIG4,lung,"USF1 IP | DEX - A549 cells, USF1 IP - A549 cells, Rep 2",,,
DEX,FIG4,lung,"USF1 IP | DEX - A549 cells, CTCF IP | DEX - A549 cells , CREB1 IP | DEX - A549 cells",,,
SP1,FIG4,liver,SP1 IP - HepG2 cells,,,
CREB1,FIG4,leukocytes,"CREB1 IP - K562 cells, CREB1 IP - GM12878 cells",,,
USF1,FIG4,colon,USF1 IP - HCT116 cells,,,
ZEB1,FIG4,liver,ZEB1 IP - HepG2 cells,,,
CTCF,FIG4,cns,"CTCF IP - HCPEpiC cells, Rep 2 , CTCF IP - SK-N-SH cells, Rep 2 , CTCF IP - BE(2)-C cells, Rep 1 , CTCF IP - SK-N-SH cells , CTCF IP - HCPEpiC cells, Rep 1 , CTCF IP - SK cells, CTCF IP - SK-N-SH cells, Rep 1 ",,,
TCF12,FIG4,leukocytes,TCF12 IP - GM12878 cells,,,
GTF2F1,FIG4,uterus,GTF2F1 IP - HeLa cells,,,
MYC,FIG4,uterus,MYC IP - HeLa cells,,,
MAX,FIG4,stemcells,MAX IP - H1 cells,,,
YY1,FIG4,colon,YY1 IP - HCT116 cells,,,
REST,FIG4,leukocytes,REST IP - HL60 cells,,,
RELA,FIG4,leukocytes,"RELA IP | TNF - GM18951 cells, RELA IP | BAY082  - IVD Th1 cells, PIA, RELA IP | TNF - GM12891 cells",,,
TNF,FIG4,leukocytes,"RELA IP | TNF - GM18951 cells, RELA IP | TNF - GM12891 cells",,,
ELK1,FIG4,leukocytes,ELK1 IP - GM12878 cells,,,
HMGN3,FIG4,leukocytes,HMGN3 IP - K562 cells,,,
IRF1,FIG4,leukocytes,"IRF1 IP - Rep 3, IRF1 IP | IFNG - K562 cells, 30 min, IRF1 IP | IFNG - K562 cells, 6 h",,,
E2F1,FIG4,mammarygland,"E2F1 IP, E2F1 IP - MCF7 cells",,,
GTF2B,FIG4,uterus,GTF2B IP - Rep 2,,,
TBP,FIG4,liver,TBP IP - HepG2 cells,,,
YY1,FIG4,cns,"YY1 IP - SK-N-SH cells, YY1 IP | ATRA - SK-N-SH cells",,,
PAX5,FIG4,leukocytes,"PAX5 IP - GM12878 cells, Rep 1, PAX5 IP - GM12878 cells, Rep 2, PAX5 IP - GM12892 cells",,,
EGR1,FIG4,colon,EGR1 IP - HCT116 cells,,,
ROSI,FIG4,leukocytes,ROSI | SPI1 ChIP-Seq,,,
BAY082,FIG4,leukocytes,"RELA IP | BAY082  - IVD Th1 cells, PIA",,,
CTCF,FIG4,hspcs,"CTCF IP - HEL 92.1.7 cells, Rep 11 , CTCF IP - Erythroid cells, Rep 1, CTCF IP - HSPCs, Rep 1, CTCF IP - HEL 92.1.7 cells, Rep 14 , CTCF IP - HEL 92.1.7 cells, Rep 8 ",,,
ZNF143,FIG4,colon,ZNF143 IP ,,,
CTCF,FIG4,esophagus,"CTCF IP - HEEpiC cells, Rep 1 ",,,
CTCF,FIG4,uterus,"CTCF IP - HeLa cells, Rep 1 , CTCF IP - HeLa cells ",,,
ELF1,FIG4,cns,ELF1 IP - SK-N-SH cells,,,
TBP,FIG4,stemcells,TBP IP - H1 cells,,,
USF1,FIG4,stemcells,USF1 IP - H1 cells,,,
ZEB1,FIG4,leukocytes,ZEB1 IP - GM12878 cells,,,
SRF,FIG4,colon,SRF IP - HCT116 cells,,,
SP1,FIG4,colon,SP1 IP - HCT116 cells,,,
CREB1,FIG4,liver,"CREB1 IP, CREB1 IP - HepG2 cells, CREB1 IP",,,
GABPA,FIG4,stemcells,GABPA IP - H1 cells,,,
ETS1,FIG4,lung,ETS1 IP - A549 cells,,,
OTX2,FIG4,stemcells,OTX2 IP - Rep 10 ,,,
USF1,FIG4,cns,"USF1 IP | ATRA - SK-N-SH cells, USF1 IP - SK-N-SH cells",,,
ATRA,FIG4,cns,"USF1 IP | ATRA - SK-N-SH cells, YY1 IP | ATRA - SK-N-SH cells",,,
FOXM1,FIG4,uterus,FOXM1 IP - ECC1 cells,,,
SP1,FIG4,lung,SP1 IP - A549 cells,,,
ATF1,FIG4,leukocytes,ATF1 IP - K562 cells,,,
SP1,FIG4,stemcells,"SP1 IP - Rep 1 , SP1 IP - H1 cells",,,
SP2,FIG4,leukocytes,SP2 IP - K562 cells,,,
ATF2,FIG4,colon,ATF2 IP ,,,
USF1,FIG4,leukocytes,USF1 IP - K562 cells,,,
FOSL2,FIG4,cns,FOSL2 IP - SK-N-SH cells,,,
YY1,FIG4,liver,YY1 IP - HepG2 cells,,,
FOXA2,FIG4,liver,FOXA2 IP - HepG2 cells,,,
EBF1,FIG4,leukocytes,"EBF1 IP - GM12878 cells, EBF1 IP - GM12878 cells",,,
CEBPB,FIG4,mammarygland,CEBPB IP - MCF7 cells,,,
JUN,FIG4,vasculature,JUN IP,,,
CTCF,FIG4,sensory,"CTCF IP - HRPEpiC cells, Rep 1 , CTCF IP - WERI-Rb-1- cells, Rep 1 , CTCF IP - HRPEpiC cells, Rep 2 ",,,
SNAI2,FIG4,stemcells,SNAI2 IP - Rep 1 ,,,
JUND,FIG4,colon,JUND IP - HCT116 cells,,,
SRF,FIG4,mammarygland,SRF IP - MCF7 cells,,,
STAT1,FIG4,uterus,"STAT1 IP | IFNG - HeLa cells, 30 min",,,
IFNG,FIG4,uterus,"STAT1 IP | IFNG - HeLa cells, 30 min",,,
MAX,FIG4,colon,MAX IP - HCT116 cells,,,
POU2F2,FIG4,leukocytes,POU2F2 IP - GM12878 cells,,,
SIX5,FIG4,stemcells,SIX5 IP - H1 cells,,,
ELK4,FIG4,uterus,ELK4 IP - HeLa cells,,,
HEY1,FIG4,liver,HEY1 IP - HepG2 cells,,,
EGR1,FIG4,liver,EGR1 IP - MCF7 cells,,,
BHLHE40,FIG4,leukocytes,BHLHE40 IP - K562 cells,,,
TP53,FIG4,mammarygland,"TP53 IP, TP53 IP | NUTL3 - MCF-7",,,
CREB1,FIG4,lung,CREB1 IP | DEX - A549 cells,,,
SRF,FIG4,stemcells,"SRF IP - H1 cells, SRF IP - Rep 7 ",,,
TCF12,FIG4,cns,TCF12 IP - SK-N-SH cells,,,
TCF12,FIG4,uterus,TCF12 IP - ECC1 cells,,,
KLF5,FIG4,pancreas,ELF3 IP | KLF5 KO,,,
MXI1,FIG4,cns,MXI1 IP - SK-N-SH cells ,,,
TBP,FIG4,uterus,TBP IP - HeLa cells,,,
SRF,FIG4,liver,SRF IP - HepG2 cells,,,
125DVD3,FIG4,colon,CEBPB IP | 125DVD3,,,
JUND,FIG4,lung,JUND IP - A549 cells,,,
JUND,FIG4,vasculature,JUND IP,,,
FOXH1,FIG4,embryonictissue,FOXH1 IP - endoderm,,,
GABPA,FIG4,uterus,GABPA IP - HeLa cells,,,
ELF1,FIG4,mammarygland,ELF1 IP - MCF7 cells,,,
HIF1A,FIG4,bone,HIF1A IP,,,
MXI1,FIG4,uterus,MXI1 IP - HeLa cells,,,
MAZ,FIG4,leukocytes,"MAZ IP - K562 cells, MAZ IP - GM12878 cells",,,
SRF,FIG4,uterus,SRF IP - ECC1 cells,,,
MAZ,FIG4,lung,MAZ IP - IMR cells,,,
EGR1,FIG4,leukocytes,EGR1 IP - K562 cells,,,
PBX3,FIG4,cns,PBX3 IP - SK-N-SH cells,,,
IRF4,FIG4,leukocytes,"IRF4 IP - GM12878 cells, IRF4 IP",,,
CEBPB,FIG4,lung,CEBPB ChIP-Seq - IMR90,,,
THAP1,FIG4,leukocytes,THAP1 IP - K562 cells,,,
ZNF83,FIG4,colon,ZNF83 IP ,,,
TBP,FIG4,leukocytes,"TBP IP - GM12878 cells, TBP IP - K562 cells",,,
NANOG,FIG4,stemcells,"NANOG IP - H1 cells, NANOG IP - Rep 8 ",,,
TAL1,FIG4,colon,TAL1 IP ,,,
DHT,FIG4,prostate,"DHT | ERG ChIP-Seq - 18 h, DHT | ERG ChIP-Seq - 2 h, DHT | FOXP1 ChIP-Seq",,,
MXI1,FIG4,lung,MXI1 IP - IMR cells,,,
IRF1,FIG4,colon,IRF1 IP ,,,
JUND,FIG4,cns,JUND IP - SK-N-SH cells,,,
ZNF263,FIG4,kidney,ZNF263 IP - HEK293 cells,,,
E2F6,FIG4,stemcells,E2F6 IP - H1 cells,,,
MAX,FIG4,cns,MAX IP - SK-N-SH cells,,,
TCF7L2,FIG4,uterus,TCF7L2 IP - HeLa cells,,,
FOSL2,FIG4,liver,FOSL2 IP - HepG2 cells,,,
YY1,FIG4,lung,YY1 IP - A549 cells,,,
STAT3,FIG4,leukocytes,STAT3 IP - SU-DHL-6,,,
JUN,FIG4,colon,JUN IP ,,,
REST,FIG4,stemcells,"REST IP - H1 cells, Rep 1",,,
RELA,FIG4,colon,RELA IP ,,,
RUNX1,FIG4,hspcs,RUNX1,,,
E2F1,FIG4,prostate,"E2F1 ChIP-Seq - Rep 3, HES6 OE | E2F1 ChIP-Seq - Rep 1",,,
CTCF,FIG4,adiposetissue,CTCF ChIP-Seq - d 9,,,
HES6,FIG4,prostate,HES6 OE | E2F1 ChIP-Seq - Rep 1,,,
CEBPB,FIG4,uterus,CEBPB ChIP-Seq - HeLaS3,,,
ELF1,FIG4,liver,ELF1 IP - HepG2 cells,,,
USF2,FIG4,uterus,USF2 IP - HeLa cells,,,
KLF5,FIG4,stomach,KLF5 IP - KATOIII,,,
REST,FIG4,lung,REST IP - A549 cells,,,
MAZ,FIG4,uterus,MAZ IP - HeLa cells,,,
GATA3,FIG4,cns,GATA3 IP - SK-N-SH cells,,,
FOXP1,FIG4,prostate,DHT | FOXP1 ChIP-Seq,,,
FOXA2,FIG4,embryonictissue,FOXA2 IP - Rep 2,,,
JUND,FIG4,liver,JUND IP - HepG2 cells,,,
JUND,FIG4,uterus,JUND IP - HeLa cells,,,
GATA3,FIG4,mammarygland,GATA3 IP - MCF7 cells,,,
ELF1,FIG4,colon,ELF1 IP - HCT116 cells,,,
MTA3,FIG4,leukocytes,MTA3 IP - GM12878 cells,,,
JUND,FIG4,leukocytes,JUND IP - K562 cells,,,
FOS,FIG4,vasculature,FOS IP - HUVEC cells,,,
CREB1,FIG4,colon,CREB1 IP ,,,
FOXA2,INPP4A,embryonictissue,"FOXA2 IP - Rep 2, FOXA2 IP - Rep 1",,,
SPI1,INPP4A,leukocytes,"SPI1 IP, SPI1 IP - GM12878 cells, Rep 4 , SPI1 IP, SPI1 IP - K562 cells, SPI1 IP - HL-60 cells, Rep 4 , SPI1 IP - U-937 cells, Rep 6 , SPI1 IP, SPI1 IP - GM12891 cells, SPI1 IP - U-937 cells, Rep 4 , SPI1 IP, SPI1 IP - GM12878 cells, SPI1 IP, SPI1 IP | RUNX1 KD, SPI1 IP - GM12878 cells, Rep 2 , SPI1 IP, SPI1 IP - HL cells, SPI1 IP, SPI1 IP, ROSI | SPI1 ChIP-Seq, SPI1 IP, SPI1 IP - GM12878 cells, Rep 3 , SPI1 IP, SPI1 IP - U-937 cells, Rep 1 ",,,
CTCF,INPP4A,leukocytes,"CTCF IP - GM2255 cells, Rep 2 , CTCF IP - GM12865 cells, Rep 2 , CTCF IP - GM2630 cells, Rep 2 , CTCF IP - GM2588 cells, Rep 2 , CTCF IP - K562 cells, Rep 11 , CTCF IP - MS1 cells, Rep 3 , CTCF IP - GM12891 cells, Rep 1 , CTCF IP - GM12875 cells, Rep 1 , CTCF IP - MS1 cells, Rep 4 , CTCF IP - GM2588 cells, Rep 3 , CTCF IP - GM18526 cells, Rep 2 , CTCF IP - GM18505 cells, Rep 2 , CTCF IP - GM12869 cells , CTCF IP - GM18486 cells, Rep 1 , CTCF IP - F36P cells, Rep 3 , CTCF IP - GM2255 cells, Rep 3 , CTCF IP - GM12875 cells, Rep 2 , CTCF IP - GM2588 cells, Rep 1 , CTCF IP - GM12866 cells , CTCF IP - GM12892 cells, Rep 2 , CTCF IP - GM12868 cells , CTCF IP - K562 cells, Rep 16 , CTCF IP - GM12890 cells, Rep 1 , CTCF IP - GM18486 cells, Rep 3 , CTCF IP - F36P cells, Rep 7 , CTCF IP - K562 cells, Rep 14 , CTCF IP - GM12873 cells, Rep 1 , CTCF IP - GM2255 cells, Rep 1 , CTCF IP - GM12890 cells, Rep 2 , CTCF IP - K562 cells, Rep 15 , CTCF IP - GM12867 cells , CTCF IP - GM12870 cells , CTCF IP - GM19239 cells, Rep 1 , CTCF IP - GM12878 cells, Rep 1 , CTCF IP - GM19238 cells, Rep 1 , CTCF IP - GM10847 cells, Rep 2 , CTCF IP - GM2610 cells, Rep 2 , CTCF IP - F36P cells, Rep 14 , CTCF ChIP-Seq - GM12878, CTCF IP - GM19240 cells, Rep 2 , CTCF IP - GM12878 cells, Rep 2 , CTCF IP - GM10847 cells, Rep 1 , CTCF IP - GM19238 cells, Rep 2 , CTCF IP - MS1 cells, Rep 1 , CTCF IP - GM12872 cells, Rep 1 , CTCF IP - GM2610 cells, Rep 3 , CTCF IP - K562 cells, Rep 13 , CTCF IP - GM2610 cells, Rep 1 , CTCF IP - GM12892 cells, Rep 1 , CTCF IP - MS1 cells, Rep 2 , CTCF IP - K562 cells, CTCF IP - GM12890 cells, Rep 3 , CTCF IP, CTCF IP - GM2630 cells, Rep 3 , CTCF IP - K562 cells, Rep 12 , CTCF IP - F36P cells, Rep 15 , CTCF IP - GM12891 cells, Rep 2 , CTCF IP - GM19240 cells, Rep 1 , CTCF IP - GM2630 cells, Rep 1 , CTCF IP - GM12874 cells, Rep 1 , CTCF IP - GM11994 cells, Rep 2, CTCF IP - GM19099 cells, Rep 2 , CTCF IP - K562 cells, CTCF IP - GM19239 cells, Rep 2 , CTCF IP - F36P cells, Rep 10 , CTCF IP - GM12871 cells , CTCF IP - GM18505 cells, Rep 1 ",,,
FOXA1,INPP4A,prostate,"FOXA1 ChIP-Seq - LNCaP, FOXA1 ChIP-Seq, GATA2 KD  | FOXA1 ChIP-Seq, CON KD  | FOXA1 ChIP-Seq, FOXA1 ChIP-Seq - Rep 1, FOXA1 ChIP-Seq - Rep 2, CREB1 siRNA | FOXA1 ChIP-Seq - Rep 1, GATA2 KD + R1881 | FOXA1 ChIP-Seq, EtOH | FOXA1 ChIP-Seq - , DHT | FOXA1 ChIP-Seq, R1881 | FOXA1 ChIP-Seq - Rep 2, AR Q640X OE + FOXA1 OE | FOXA1 ChIP-Seq, CON KD | FOXA1 ChIP-Seq, FOXA1 ChIP-Seq - LNCaP-abl, FOXA1 ChIP-Seq, FOXA1 siRNA | CREB1 ChIP-Seq - Rep 2, PIAS1 + R1881 | FOXA1 ChIP-Seq - Rep 2, FOXA1 ChIP-Seq, PIAS1 + R1881 | FOXA1 ChIP-Seq - Rep 1, AR C562S OE + FOXA1 OE | FOXA1 ChIP-Seq, CON KD + R1881 | FOXA1 ChIP-Seq, EtOH | FOXA1 ChIP-Seq - Rep 2, R1881 | FOXA1 ChIP-Seq - Rep 1, CREB1 siRNA | FOXA1 ChIP-Seq - Rep 2",,,
CEBPB,INPP4A,stemcells,"CEBPB IP - H1 cells, CEBPB IP",,,
CTCF,INPP4A,stemcells,"CTCF IP - Rep 5 , CTCF IP - H1 cells, CTCF IP - H1 cells ",,,
MAFK,INPP4A,leukocytes,"MAFK IP - GM12878 cells, MAFK IP - K562 cells",,,
ZBTB17,INPP4A,bone,"ZBTB17 IP, ZBTB17 IP",,,
GABPA,INPP4A,cns,GABPA IP - SK-N-SH cells,,,
UBTF,INPP4A,leukocytes,UBTF IP - K562 cells,,,
FOXA1,INPP4A,mammarygland,"17BE2 | FOXA1 ChIP-Seq - Rep 2, 17BE2 | FOXA1 ChIP-Seq - Rep 1, DEX | FOXA1 ChIP-Seq - Rep 1, DEX | FOXA1 ChIP-Seq - Rep 1, DHT | FOXA1 ChIP-Seq, DEX | FOXA1 ChIP-Seq - Rep 2, DEX | FOXA1 ChIP-Seq - Rep 2, TNF | FOXA1 ChIP-Seq - Rep 2, 17BE2 | FOXA1 ChIP-Seq - Rep 1, FOXA1 IP - T47D cells, 17BE2 + TNF | FOXA1 ChIP-Seq - Rep 2, FOXA1 ChIP-Seq - Rep 2, FOXA1 ChIP-Seq - Rep 1, FOXA1 ChIP-Seq - Rep 2, 17BE2 | FOXA1 ChIP-Seq - Rep 1, FOXA1 ChIP-Seq - Rep 1, 17BE2 | FOXA1 ChIP-Seq - Rep 2, 17BE2 | FOXA1 ChIP-Seq, FOXA1 ChIP-Seq - Rep 2, 17BE2 | FOXA1 ChIP-Seq - Rep 2, FOXA1 ChIP-Seq - Rep 1, DEX | FOXA1 ChIP-Seq - Rep 1",,,
17BE2,INPP4A,mammarygland,"17BE2 | FOXA1 ChIP-Seq - Rep 2, 17BE2 | FOXA1 ChIP-Seq - Rep 1, 17BE2 | FOXA1 ChIP-Seq - Rep 1, 17BE2 | FOXA1 ChIP-Seq - Rep 1, 17BE2 | FOXA1 ChIP-Seq - Rep 2, 17BE2 | FOXA1 ChIP-Seq, 17BE2 | FOXA1 ChIP-Seq - Rep 2",,,
FOXH1,INPP4A,embryonictissue,FOXH1 IP - endoderm,,,
MYB,INPP4A,leukocytes,"MYB IP - Jurkat, Rep 1, MYB IP - Jurkat, Rep 2, MYB IP - Jurkat, Rep 3, MYB IP - Jurkat, Rep 5, MYB IP - MOLT3, MYB IP - Jurkat, Rep 4",,,
TP53,INPP4A,skin,"TP53 IP, TP53 IP - Adriam, TP53 IP, TP53 IP",,,
GATA2,INPP4A,prostate,"GATA2 KD  | FOXA1 ChIP-Seq, GATA2 KD + R1881 | FOXA1 ChIP-Seq",,,
PAX5,INPP4A,leukocytes,"PAX5 IP - GM12878 cells, Rep 1, PAX5 IP - GM12891 cells, PAX5 IP - GM12878 cells, Rep 2, PAX5 IP - GM12892 cells",,,
TP73,INPP4A,bone,"TP73 IP - beta isoform, Rep 2, TP73 IP - alpha isoform, Rep 1, TP73 IP - beta isoform, Rep 1",,,
REST,INPP4A,leukocytes,"REST IP - GM12878 cells, Rep 2, REST IP - GM12878 cells, Rep 4 , REST IP - GM12878 cells, Rep 14 ",,,
TAL1,INPP4A,leukocytes,"TAL1 IP - K562 cells, TAL1  IP - Rep 2, TAL1 IP - MOLT3",,,
FOXA2,INPP4A,stemcells,"FOXA2 IP - Rep 5 , FOXA2 IP - ES D2, FOXA2 IP - ES D5, FOXA2 IP - ES D7",,,
CEBPB,INPP4A,colon,CEBPB IP - HCT116 cells,,,
EGR1,INPP4A,leukocytes,EGR1 IP - K562 cells,,,
CTCF,INPP4A,liver,"CTCF IP, CTCF IP - SK-N-SH cells",,,
CTCF,INPP4A,skin,"CTCF IP - GM12878 cells, Rep 2 , CTCF IP - AG04449 cells, Rep 1 ",,,
SP1,INPP4A,colon,SP1 IP - HCT116 cells,,,
STAT5B,INPP4A,leukocytes,"STAT5B IP | H9, Rep 2, STAT5B IP | H9RET, Rep 2, STAT5B IP | IL2 - Rep 2",,,
H9,INPP4A,leukocytes,"STAT5B IP | H9, Rep 2",,,
ATF2,INPP4A,stemcells,ATF2 IP - H1 cells,,,
USF1,INPP4A,stemcells,USF1 IP - H1 cells,,,
TEAD4,INPP4A,colon,TEAD4 IP - HCT116 cells,,,
CTCF,INPP4A,cns,"CTCF IP - SK-N-SH cells , CTCF IP - HCPEpiC cells, Rep 1 , CTCF IP - SK cells, CTCF IP - SK-N-SH cells, Rep 1 , CTCF IP - SK-N-SH cells, Rep 2 ",,,
CTCF,INPP4A,mammarygland,"CTCF IP - T47D cells, CTCF IP - HMEC cells, Rep 1 ",,,
KLF11,INPP4A,adiposetissue,"ROSI (BrAT) | KLF11 ChIP-Seq, Rep 1, ROSI (BrAT) | KLF11 ChIP-Seq, Rep 2, KLF11 ChIP-Seq, Rep 2",,,
ROSI,INPP4A,adiposetissue,"ROSI (BrAT) | KLF11 ChIP-Seq, Rep 1, ROSI (BrAT) | KLF11 ChIP-Seq, Rep 2",,,
E2F1,INPP4A,mammarygland,"E2F1 IP, E2F1 IP - MCF7 cells",,,
EBF1,INPP4A,leukocytes,"EBF1 IP - GM12878 cells, EBF1 IP - GM12878 cells",,,
TP53,INPP4A,colon,"TP53 IP | NUTL3 - HCT-116, TP53 IP | CAMPTO, TP53 IP - HCT-116",,,
DEX,INPP4A,mammarygland,"DEX | FOXA1 ChIP-Seq - Rep 1, DEX | FOXA1 ChIP-Seq - Rep 1, DEX | FOXA1 ChIP-Seq - Rep 2, DEX | FOXA1 ChIP-Seq - Rep 2, DEX | FOXA1 ChIP-Seq - Rep 1",,,
E2F1,INPP4A,prostate,"BICALU | E2F1 ChIP-Seq - Rep 1, BICALU | E2F1 ChIP-Seq - Rep 3, HES6 OE | E2F1 ChIP-Seq - Rep 3, HES6 OE + BICALU | E2F1 ChIP-Seq - Rep 1, HES6 OE | E2F1 ChIP-Seq - Rep 1, E2F1 ChIP-Seq - Rep 1, HES6 OE + BICALU | E2F1 ChIP-Seq - Rep 3",,,
BICALU,INPP4A,prostate,"BICALU | E2F1 ChIP-Seq - Rep 1, BICALU | E2F1 ChIP-Seq - Rep 3, HES6 OE + BICALU | E2F1 ChIP-Seq - Rep 1, HES6 OE + BICALU | E2F1 ChIP-Seq - Rep 3",,,
GATA6,INPP4A,stemcells,GATA6 IP - Rep 7 ,,,
GABPA,INPP4A,leukocytes,"GABPA IP - Jurkat, Rep 1, GABPA IP - GM12878 cells, Rep 4 , GABPA IP - Jurkat, Rep 2",,,
YY1,INPP4A,lung,YY1 IP - A549 cells,,,
GATA2,INPP4A,leukocytes,GATA2 IP - K562 cells,,,
DHT,INPP4A,mammarygland,"DHT | FOXA1 ChIP-Seq, DHT | MYC ChIP-Seq",,,
MXI1,INPP4A,cns,MXI1 IP - SK-N-SH cells ,,,
ZNF263,INPP4A,kidney,ZNF263 IP - HEK293 cells,,,
GATA6,INPP4A,stomach,GATA6 IP - YCC3,,,
TP53,INPP4A,bone,"TP53 IP | NUTL3, TP53 IP - ActD, TP53 IP | TP53 OE, TP53 IP - Rep 2, TP53 IP | NUTL3 - SJSA-1, TP53 IP | TP53EE/RR OE",,,
NUTL3,INPP4A,bone,TP53 IP | NUTL3,,,
CAMPTO,INPP4A,colon,TP53 IP | CAMPTO,,,
YY1,INPP4A,leukocytes,"YY1 IP - GM12878 cells, YY1 IP - GM12891 cells, YY1 IP - K562 cells, Rep 1, YY1 IP - GM12892 cells, Rep 1, YY1 IP - K562 cells, Rep 2",,,
FOXA1,INPP4A,stemcells,FOXA1 IP - Rep 5 ,,,
REST,INPP4A,lung,REST IP - A549 cells,,,
NFKB1,INPP4A,leukocytes,NFKB1 IP - Rep 2,,,
FOXA1,INPP4A,pancreas,"FOXA1 IP, FOXA1 IP, FOXA1 IP | KLF5 KO",,,
CTCF,INPP4A,megakaryocytelineage,"CTCF IP - MEG-01 cells, Rep 8 , CTCF IP - MEG-01 cells, Rep 6 , CTCF IP - MEG-01 cells, Rep 2 , CTCF IP - MEG-01 cells, Rep 10 , CTCF IP - MEG-01 cells, Rep 4 ",,,
FOXM1,INPP4A,leukocytes,FOXM1 IP - GM12878 cells,,,
MAFK,INPP4A,liver,"MAFK IP - HepG2 cells, Rep 2, MAFK IP - HepG2 cells, Rep 1",,,
CTCF,INPP4A,lung,"CTCF IP - SAEC cells, Rep 1 , CTCF IP - IMR cells, CTCF ChIP-Seq - A549",,,
FOXA2,INPP4A,liver,FOXA2 IP - HepG2 cells,"19822575,",,
TP63,INPP4A,skin,"TP63 IP | BANF1 KD, TP63 IP, TP63 IP, TP63 IP - Adriam, Rep 1, TP63 IP",,,
BANF1,INPP4A,skin,TP63 IP | BANF1 KD,,,
TCF12,INPP4A,stemcells,TCF12 IP - H1 cells,,,
ZBTB7A,INPP4A,uterus,ZBTB7A IP - ECC1 cells,,,
CREB1,INPP4A,leukocytes,CREB1 IP - GM12878 cells,,,
ELF3,INPP4A,pancreas,"ELF3 IP | KLF5 KO, ELF3 IP, ELF3 IP",,,
KLF5,INPP4A,pancreas,"ELF3 IP | KLF5 KO, FOXA1 IP | KLF5 KO",,,
TEAD4,INPP4A,stemcells,TEAD4 IP - H1 cells,,,
GATA1,INPP4A,hspcs,"GATA1 IP - Rep 3, GATA1 IP - PBDE cells, Rep 1",,,
MXI1,INPP4A,lung,MXI1 IP - IMR cells,,,
CTCF,INPP4A,hspcs,"CTCF IP - Erythroid cells, Rep 2, CTCF IP - HEL 92.1.7 cells, Rep 5 , CTCF IP - HSPCs, Rep 2, CTCF IP - Erythroid cells, Rep 1, CTCF IP - HEL 92.1.7 cells, Rep 11 , CTCF IP - HSPCs, Rep 1",,,
E2F6,INPP4A,leukocytes,"E2F6 IP - K562 cells, E2F6 IP - K562 cells",,,
MYBL2,INPP4A,liver,MYBL2 IP - HepG2 cells,,,
MAFF,INPP4A,liver,MAFF IP - HepG2 cells,,,
RUNX1,INPP4A,leukocytes,"RUNX1 IP, SPI1 IP | RUNX1 KD",,,
TP63,INPP4A,lung,TP63 IP - HCC95,,,
FOS,INPP4A,mammarygland,FOS IP - MCF10A cells,,,
FOXA2,INPP4A,lung,FOXA2 IP - A549 cells,,,
NFATC1,INPP4A,leukocytes,NFATC1 IP - GM12878 cells,,,
TNF,INPP4A,mammarygland,TNF | FOXA1 ChIP-Seq - Rep 2,,,
GATA4,INPP4A,stemcells,"GATA4 IP - Rep 9 , GATA4 IP - Rep 10 ",,,
CREB1,INPP4A,prostate,"CREB1 siRNA | FOXA1 ChIP-Seq - Rep 1, CREB1 ChIP-Seq - Rep 2, CREB1 ChIP-Seq - LNCaP-abl, FOXA1 siRNA | CREB1 ChIP-Seq - Rep 2, CREB1 siRNA | FOXA1 ChIP-Seq - Rep 2",,,
CTCF,INPP4A,adiposetissue,CTCF ChIP-Seq - d 9,,,
ZBTB7A,INPP4A,leukocytes,ZBTB7A IP - SK-N-SH cells,,,
FOS,INPP4A,vasculature,FOS IP - HUVEC cells,,,
R1881,INPP4A,prostate,"GATA2 KD + R1881 | FOXA1 ChIP-Seq, R1881 | FOXA1 ChIP-Seq - Rep 2, PIAS1 + R1881 | FOXA1 ChIP-Seq - Rep 2, PIAS1 + R1881 | FOXA1 ChIP-Seq - Rep 1, CON KD + R1881 | FOXA1 ChIP-Seq, R1881 | FOXA1 ChIP-Seq - Rep 1",,,
TP53,INPP4A,stemcells,"TP53 IP - DNA damage, TP53 IP | ATRA - differentiating",,,
CTCF,INPP4A,vasculature,"CTCF IP - HUVEC cells, Rep 1 ",,,
CTCF,INPP4A,kidney,"CTCF IP - RPTEC cells, Rep 1 , CTCF IP - HEK293 cells, Rep 1 ",,,
IRF1,INPP4A,colon,IRF1 IP ,,,
HNF1B,INPP4A,pancreas,HNF1B IP,,,
DHT,INPP4A,prostate,DHT | FOXA1 ChIP-Seq,,,
SATB1,INPP4A,liver,SATB1 IP,,,
MYC,INPP4A,leukocytes,"MYC IP | IFNG - K562 cells, 30 min, MYC IP - K562 cells, Rep 1, MYC IP - NB4 cells",,,
IFNG,INPP4A,leukocytes,"MYC IP | IFNG - K562 cells, 30 min, STAT1 IP - Rep 1, STAT1 IP - Rep 5, IRF1 IP | IFNG - K562 cells, 6 h, STAT1 IP - Rep 2, STAT1 IP - Rep 4, STAT1 IP - Rep 3, IRF1 IP - Rep 3, IRF1 IP - Rep 2",,,
E2F1,INPP4A,uterus,"E2F1 IP - HeLa cells, Rep 2",,,
RELA,INPP4A,leukocytes,"RELA IP | BAY082  - IVD Th1 cells, PIA, RELA IP | TNF - GM12891 cells",,,
BAY082,INPP4A,leukocytes,"RELA IP | BAY082  - IVD Th1 cells, PIA",,,
H9RET,INPP4A,leukocytes,"STAT5B IP | H9RET, Rep 2",,,
BCL3,INPP4A,leukocytes,BCL3 IP - GM12878 cells,,,
HMGN3,INPP4A,leukocytes,HMGN3 IP - K562 cells,,,
SRF,INPP4A,stemcells,"SRF IP - Rep 6 , SRF IP - Rep 5 ",,,
USF1,INPP4A,colon,USF1 IP - HCT116 cells,,,
STAT1,INPP4A,leukocytes,"STAT1 IP - Rep 1, STAT1 IP - Rep 5, STAT1 IP - Rep 2, STAT1 IP - Rep 4, STAT1 IP - Rep 3",,,
AR,INPP4A,prostate,"AR Q640X OE + FOXA1 OE | FOXA1 ChIP-Seq, AR C562S OE + FOXA1 OE | FOXA1 ChIP-Seq",,,
MAX,INPP4A,cns,MAX IP - SK-N-SH cells,,,
17BE2; TNF,INPP4A,mammarygland,17BE2 + TNF | FOXA1 ChIP-Seq - Rep 2,,,
NANOG,INPP4A,stemcells,"NANOG IP - Rep 2, NANOG IP - Rep 6 , NANOG IP - Rep 5 , NANOG IP - Rep 4 ",,,
ZNF143,INPP4A,stemcells,ZNF143 IP - H1 cells,,,
MAX,INPP4A,leukocytes,"MAX IP - K562 cells, MAX IP - NB4 cells, MAX IP - K562 cells, Rep 2",,,
MYC,INPP4A,mammarygland,"DHT | MYC ChIP-Seq, MYC IP - MCF-10A cells",,,
MAZ,INPP4A,leukocytes,"MAZ IP - GM12878 cells, MAZ IP - K562 cells",,,
MAX,INPP4A,colon,MAX IP - HCT116 cells,,,
TP63,INPP4A,esophagus,TP63 IP - KYSE-70,,,
HES6,INPP4A,prostate,"HES6 OE | E2F1 ChIP-Seq - Rep 3, HES6 OE + BICALU | E2F1 ChIP-Seq - Rep 1, HES6 OE | E2F1 ChIP-Seq - Rep 1, HES6 OE + BICALU | E2F1 ChIP-Seq - Rep 3",,,
GABPA,INPP4A,liver,GABPA IP - HepG2 cells,,,
ATRA,INPP4A,stemcells,TP53 IP | ATRA - differentiating,,,
STAT1,INPP4A,uterus,"STAT1 IP | IFNG - HeLa cells, 30 min",,,
IFNG,INPP4A,uterus,"STAT1 IP | IFNG - HeLa cells, 30 min",,,
YY1,INPP4A,stemcells,YY1 IP - H1 cells,,,
IRF1,INPP4A,leukocytes,"IRF1 IP | IFNG - K562 cells, 6 h, IRF1 IP - Rep 3, IRF1 IP | IFNA1-13 - K562 cells, 6 h, IRF1 IP - Rep 2",,,
HIF1A,INPP4A,bone,HIF1A IP,,,
BATF,INPP4A,leukocytes,BATF IP - GM12878 cells,,,
FOXA1,INPP4A,lung,"FOXA1 IP | DEX - A549 cells, FOXA1 IP - A549 cells",,,
DEX,INPP4A,lung,"FOXA1 IP | DEX - A549 cells, CREB1 IP | DEX - A549 cells",,,
GTF2B,INPP4A,uterus,"GTF2B IP - Rep 2, GTF2B IP - Rep 3",,,
ATF2,INPP4A,leukocytes,ATF2 IP - GM12878 cells,,,
SP1,INPP4A,stemcells,SP1 IP - H1 cells,,,
MAX,INPP4A,uterus,"MAX IP - HeLa cells, Rep 1, MAX IP - ECC1 cells",,,
ZNF384,INPP4A,leukocytes,"ZNF384 IP - GM12878 cells, ZNF384 IP - K562 cells",,,
CTCF,INPP4A,pancreas,CTCF IP,,,
TP53,INPP4A,mammarygland,TP53 IP | NUTL3 - MCF-7,,,
ZBTB7A,INPP4A,liver,ZBTB7A IP - HepG2 cells,,,
CREB1,INPP4A,lung,CREB1 IP | DEX - A549 cells,,,
MAX,INPP4A,lung,MAX IP - A549 cells,,,
ETS1,INPP4A,leukocytes,"ETS1 IP, ETS1 IP - K562 cells, ETS1 IP - GM12878 cells",,,
IRF4,INPP4A,leukocytes,"IRF4 IP, IRF4 IP - GM12878 cells",,,
BACH1,INPP4A,stemcells,BACH1 IP - H1 cells,,,
MXI1,INPP4A,liver,MXI1 IP - HepG2 cells,,,
FOXA1,INPP4A,liver,"FOXA1 IP - HepG2 cells, Rep 1, FOXA1 IP - HepG2 cells, Rep 2",,,
CREB1,INPP4A,liver,"CREB1 IP - HepG2 cells, CREB1 IP",,,
TNF,INPP4A,leukocytes,RELA IP | TNF - GM12891 cells,,,
JUND,INPP4A,liver,"JUND IP - HepG2 cells, JUND IP - HepG2 cells",,,
GATA4,INPP4A,stomach,GATA4 IP - AGS,,,
IL2,INPP4A,leukocytes,STAT5B IP | IL2 - Rep 2,,,
MAZ,INPP4A,liver,MAZ IP - HepG2 cells,,,
USF1,INPP4A,liver,USF1 IP - HepG2 cells,,,
MEF2A,INPP4A,leukocytes,MEF2A IP - GM12878 cells,,,
YY1,INPP4A,liver,YY1 IP - HepG2 cells,,,
MAX,INPP4A,liver,"MAX IP - HepG2 cells, MAX IP - MCF7 cells",,,
PIAS1,INPP4A,prostate,"PIAS1 + R1881 | FOXA1 ChIP-Seq - Rep 2, PIAS1 + R1881 | FOXA1 ChIP-Seq - Rep 1",,,
SP1,INPP4A,leukocytes,SP1 IP - GM12878 cells,,,
TFAP4,INPP4A,leukocytes,"TFAP4 IP - Rep 1, TFAP4 IP - Rep 2",,,
MAFK,INPP4A,lung,MAFK IP - IMR cells,,,
TCF3,INPP4A,leukocytes,TCF3 IP - GM12878 cells,,,
HEY1,INPP4A,leukocytes,HEY1 IP - K562 cells,,,
KLF5,INPP4A,stomach,KLF5 IP - KATOIII,,,
REST,INPP4A,cns,REST IP - SK cells,,,
TEAD4,INPP4A,leukocytes,TEAD4 IP - K562 cells,,,
ZNF143,INPP4A,leukocytes,ZNF143 IP - GM12878 cells,,,
CEBPB,INPP4A,mammarygland,CEBPB IP - MCF7 cells,,,
JUND,INPP4A,leukocytes,JUND IP - K562 cells,,,
REST,INPP4A,liver,"REST IP - HepG2 cells, Rep 2",,,
JUND,INPP4A,vasculature,JUND IP,,,
TP63,INPP4A,thyroidgland,TP63 IP - TT MTC,,,
ELF1,INPP4A,leukocytes,"ELF1 IP - SK-N-SH cells, ELF1 IP - SK-N-SH cells",,,
MAZ,INPP4A,lung,MAZ IP - IMR cells,,,
RUNX1,INPP4A,hspcs,RUNX1,,,
SMAD1,INPP4A,stemcells,SMAD1 IP - Rep 2 ,,,
MTA3,INPP4A,leukocytes,MTA3 IP - GM12878 cells,,,
TBP,INPP4A,leukocytes,"TBP IP - GM12878 cells, TBP IP - K562 cells",,,
HEY1,INPP4A,liver,HEY1 IP - HepG2 cells,,,
PBX3,INPP4A,cns,PBX3 IP - SK-N-SH cells,,,
GATA3,INPP4A,cns,GATA3 IP - SK-N-SH cells,,,
MXI1,INPP4A,leukocytes,MXI1 IP - GM12878 cells,,,
GABPA,INPP4A,lung,GABPA IP - A549 cells,,,
JUND,INPP4A,colon,JUND IP - HCT116 cells,,,
ROSI,INPP4A,leukocytes,ROSI | SPI1 ChIP-Seq,,,
YY1,INPP4A,cns,YY1 IP | ATRA - SK-N-SH cells,,,
ATRA,INPP4A,cns,YY1 IP | ATRA - SK-N-SH cells,,,
IFNA1,INPP4A,leukocytes,"IRF1 IP | IFNA1-13 - K562 cells, 6 h",,,
OTX2,INPP4A,stemcells,OTX2 IP - Rep 10 ,,,
TEAD4,INPP4A,uterus,TEAD4 IP - ECC1 cells,,,
MAX,INPP4A,stemcells,"MAX IP - H1 cells, MAX IP - H1 cells",,,
ZEB1,INPP4A,liver,ZEB1 IP - HepG2 cells,,,
ERG,INPP4A,leukocytes,ERG IP - Rep 1,,,
TCF12,INPP4A,cns,TCF12 IP - SK-N-SH cells,,,
GRHL1,INPP4A,colon,GRHL1 IP ,,,
CTCF,INPP4B,leukocytes,"CTCF IP - KU812 cells, Rep 13 , CTCF IP - GM12872 cells, CTCF IP - GM12890 cells, Rep 1 , CTCF IP - KU812 cells, Rep 17 , CTCF IP - GM19099 cells, Rep 2 , CTCF IP - F36P cells, Rep 18 , CTCF IP - GM12873 cells, Rep 1 , CTCF IP - GM19099 cells, Rep 1 , CTCF IP - U-937 cells, Rep 2 , CTCF IP - GM18486 cells, Rep 3 , CTCF IP - GM19239 cells, Rep 2 , CTCF IP - GM12869 cells , CTCF IP - GM10847 cells, Rep 2 , CTCF IP - GM18505 cells, Rep 1 , CTCF IP - GM11831 cells, CTCF IP - GM12874 cells, CTCF IP - GM12865 cells, Rep 3 , CTCF IP - GM2630 cells, Rep 2 , CTCF IP - F36P cells, Rep 17 , CTCF IP - GM12890 cells, Rep 2 , CTCF IP - GM12865 cells, Rep 2 , CTCF IP - GM2588 cells, Rep 1 , CTCF IP - GM12867 cells , CTCF IP - GM06990 cells, Rep 1 , CTCF IP - GM12870 cells , CTCF IP - K562 cells, Rep 1 , CTCF IP - GM11994 cells, Rep 1, CTCF IP - F36P cells, Rep 19 , CTCF IP - GM12872 cells, Rep 3 , CTCF IP - GM12815 cells, Rep 1, CTCF IP - GM19239 cells, Rep 1 , CTCF IP - GM12828 cells, CTCF IP - GM12878 cells, Rep 1 , CTCF IP - F36P cells, Rep 15 , CTCF IP - K562 cells, CTCF IP - GM12154 cells, Rep 1, CTCF IP - GM12234 cells, CTCF IP - GM11811 cells, Rep 1, CTCF IP - GM12287 cells, Rep 1, CTCF IP - MS1 cells, Rep 3 , CTCF IP - GM18951 cells, Rep 2 , CTCF IP - GM2255 cells, Rep 1 , CTCF IP - GM12864 cells, Rep 1 , CTCF ChIP-Seq - GM12878, CTCF IP - HeLa cells, Rep 2 , CTCF IP - GM12814 cells, Rep 2, CTCF IP - NB4 cells , CTCF IP - KU812 cells, Rep 5 , CTCF IP - GM12489 cells, Rep 1, CTCF IP - F36P cells, Rep 6 , CTCF IP - GM2255 cells, Rep 2 , CTCF IP - GM2610 cells, Rep 2 , CTCF IP - GM12891 cells, Rep 1 , CTCF IP - GM19240 cells, Rep 2 , CTCF IP -  CD20+ cells , CTCF IP - K562 cells, Rep 15 , CTCF IP - GM12873 cells, Rep 3 , CTCF IP - GM2588 cells, Rep 2 , CTCF IP - MS1 cells, Rep 4 , CTCF IP - GM12875 cells, Rep 1 , CTCF IP - GM19238 cells, Rep 1 , CTCF IP - F36P cells, Rep 9 , CTCF IP - GM12878 cells, Rep 2 , CTCF IP - GM12868 cells , CTCF IP - GM2588 cells, Rep 3 , CTCF IP -  DND , CTCF IP - GM18486 cells, Rep 2 , CTCF IP - GM12865 cells, Rep 1 , CTCF IP - GM19238 cells, Rep 2 , CTCF IP - HL-60 cells, Rep 2 , CTCF IP - GM12872 cells, Rep 2 , CTCF IP - GM18505 cells, Rep 2 , CTCF IP - GM18526 cells, Rep 2 , CTCF IP - HL-60 cells, Rep 7 , CTCF IP - KU812 cells, Rep 1 , CTCF IP - GM12864 cells, Rep 3 , CTCF IP - K562 cells, Rep 12 , CTCF IP - GM12871 cells , CTCF IP - F36P cells, Rep 2 , CTCF IP - GM11811 cells, Rep 2, CTCF IP - GM18486 cells, Rep 1 , CTCF IP - GM12873 cells, Rep 1 , CTCF IP - GM12874 cells, Rep 2 , CTCF IP - GM19193 cells, Rep 1 , CTCF IP - GM18951 cells, Rep 1 , CTCF IP - KU812 cells, Rep 9 , CTCF IP - K562 cells , CTCF IP - GM12892 cells, Rep 1 , CTCF IP - GM12878 cells, Rep 2 , CTCF IP - GM12872 cells, Rep 1 , CTCF IP - F36P cells, Rep 14 , CTCF IP - GM2610 cells, Rep 1 , CTCF IP - GM12006 cells, Rep 2, CTCF IP - U-937 cells, Rep 1 , CTCF IP - GM10847 cells, Rep 1 , CTCF IP - F36P cells, Rep 1 , CTCF IP - GM2255 cells, Rep 3 , CTCF IP - GM12749 cells, Rep 1, CTCF IP - MS1 cells, Rep 2 , CTCF IP - GM07346 cells, CTCF IP - GM11994 cells, Rep 2, CTCF IP - GM12815 cells, Rep 2, CTCF IP - GM12864 cells, Rep 2 , CTCF IP - GM12878 cells , CTCF IP - K562 cells, Rep 16 , CTCF IP - F36P cells, Rep 7 , CTCF IP - HL , CTCF IP - K562 cells, Rep 14 , CTCF IP - GM19193 cells, Rep 2 , CTCF IP - GM12814 cells, Rep 1, CTCF IP - GM18526 cells, Rep 1 , CTCF IP - GM2630 cells, Rep 3 , CTCF IP - GM12154 cells, Rep 2, CTCF IP - GM12890 cells, Rep 3 , CTCF IP - MS1 cells, Rep 1 , CTCF IP - F36P cells, Rep 10 , CTCF IP - K562 cells, CTCF IP - CD14+ cells , CTCF IP - F36P cells, Rep 3 , CTCF IP - GM12891 cells, Rep 2 , CTCF IP - GM11881 cells, CTCF IP - GM12866 cells , CTCF IP - F36P cells, Rep 11 , CTCF IP - GM2610 cells, Rep 3 , CTCF IP - HL-60 cells, Rep 9 , CTCF IP - K562 cells, Rep 13 , CTCF IP - GM06990 cells, Rep 2 , CTCF IP - GM2630 cells, Rep 1 , CTCF IP - GM19240 cells, Rep 1 , CTCF IP - GM12892 cells, Rep 2 , CTCF IP - GM06986 cells, CTCF IP, CTCF IP - GM12874 cells, Rep 1 ",,,
CTCF,INPP4B,sensory,"CTCF IP - WERI-Rb-1- cells, Rep 1 , CTCF IP - HRPEpiC cells, Rep 1 , CTCF IP - HRPEpiC cells, Rep 2 , CTCF IP - WERI ",,,
YY1,INPP4B,cns,YY1 IP | ATRA - SK-N-SH cells,,,
ATRA,INPP4B,cns,YY1 IP | ATRA - SK-N-SH cells,,,
CTCF,INPP4B,skin,"CTCF IP - AG09309 cells, Rep 1 , CTCF IP - NHDF cells, Rep 2 , CTCF IP - NHEK cells , CTCF IP - AG10803 cells, Rep 2 , CTCF IP - AG04449 cells, Rep 1 , CTCF IP - NHDF cells , CTCF IP - AG04449 cells, Rep 2 , CTCF IP - HFFC cells, Rep 1 , CTCF IP - HFFC cells, Rep 3 , CTCF IP - NHDF cells, Rep 1 , CTCF IP - HFFC cells, Rep 2 , CTCF IP - BJ cells, Rep 1 , CTCF IP - GM12878 cells, Rep 2 , CTCF IP - AG10803 cells, Rep 1 , CTCF IP - BJ cells, Rep 2 , CTCF IP - NHEK cells, Rep 2 ",,,
CTCF,INPP4B,lung,"CTCF IP - AG04450 cells, Rep 1 , CTCF IP - NHLF cells , CTCF IP - IMR cells, CTCF IP - SAEC cells, Rep 1 , CTCF IP | DEX - A549 cells , CTCF IP - AG04450 cells, Rep 2 , CTCF IP - HPF cells, Rep 2 , CTCF IP - A549 cells , CTCF IP - SAEC cells, Rep 2 , CTCF ChIP-Seq - A549, CTCF IP - WI-38 cells, Rep 1 , CTCF IP - A549 cells, CTCF IP - HPF cells, Rep 1 , CTCF IP - A549 cells, Rep 2 , CTCF IP - NHLF cells , CTCF IP - A549 cells, Rep 1 , CTCF IP | DEX - A549 cells",,,
CTCF,INPP4B,hspcs,"CTCF IP - Erythroid cells, Rep 1, CTCF IP - HSPCs, Rep 1, CTCF IP - HEL 92.1.7 cells, Rep 11 , CTCF IP - HEL 92.1.7 cells, Rep 2 , CTCF IP - HSPCs, Rep 2, CTCF IP - HEL 92.1.7 cells, Rep 8 , CTCF IP - HEL 92.1.7 cells, Rep 14 , CTCF IP - HEL 92.1.7 cells, Rep 5 , CTCF IP - Erythroid cells, Rep 2",,,
FOXA2,INPP4B,stemcells,"FOXA2 IP - ES D2, FOXA2 IP - ES D7",,,
TCF7L2,INPP4B,mammarygland,TCF7L2 ChIP-Seq,,,
GATA2,INPP4B,cns,GATA2 ChIP-Seq SH-SY5Y,,,
SRF,INPP4B,colon,SRF IP - HCT116 cells,,,
TBP,INPP4B,stemcells,TBP IP - H1 cells,,,
CTCF,INPP4B,mammarygland,"CTCF IP - HMF cells, Rep 2 , CTCF IP - MCF-7 cells Rep 2 , CTCF IP - T47D cells, CTCF IP - HMEC cells , CTCF IP - MCF-7 cells, Rep 1 , CTCF IP - HMF cells, Rep 1 , CTCF IP - HMEC cells, Rep 2 , CTCF IP - MCF7 cells, CTCF IP - HMEC cells, Rep 1 ",,,
CTCF,INPP4B,adiposetissue,"CTCF ChIP-Seq - d 3, CTCF ChIP-Seq - d 9, CTCF ChIP-Seq - d -2, CTCF ChIP-Seq - d 0",,,
CTCF,INPP4B,cns,"CTCF IP - BE(2)-C cells, Rep 2 , CTCF IP - HCPEpiC cells, Rep 1 , CTCF IP - cerebellar astrocyte cells, Rep 1 , CTCF IP - HCPEpiC cells, Rep 2 , CTCF IP - SK-N-SH cells , CTCF IP - SK-N-SH cells, Rep 2 , CTCF IP - NHA cells , CTCF IP - SK-N-SH cells, Rep 1 , CTCF IP - BE(2)-C cells, Rep 1 , CTCF IP - spinal cord astrocyte cells, Rep 1 , CTCF IP - SK cells, CTCF IP - spinal cord astrocyte cells, Rep 2 , CTCF IP - cerebellar astrocyte cells, Rep 2 ",,,
ZNF143,INPP4B,leukocytes,ZNF143 IP - GM12878 cells,,,
CTCF,INPP4B,vasculature,"CTCF IP - HUVEC cells, Rep 2 , CTCF IP - HPAF cells, Rep 1 , CTCF IP - HUVEC cells, Rep 1 , CTCF IP - AoAFC cells, Rep 1 , CTCF IP - AoAFC cells, Rep 2 , CTCF IP - HPAF cells, Rep 2 , CTCF IP - HUVEC cells , CTCF IP - HBMEC cells, Rep 1 , CTCF IP - HBMEC cells, Rep 2 ",,,
FOXH1,INPP4B,stemcells,FOXH1 ChIP-Seq - Escs,,,
CTCF,INPP4B,miscellaneous,"CTCF IP - AG09319 cells, Rep 1 , CTCF IP - AG09319 cells, Rep 2 ",,,
FOXA1,INPP4B,prostate,"WT AR OE + FOXA1 OE | FOXA1 ChIP-Seq - high FOXA1, AR C562S OE + FOXA1 OE | FOXA1 ChIP-Seq, WT AR OE + FOXA1 OE | FOXA1 ChIP-Seq",,,
AR,INPP4B,prostate,"WT AR OE + FOXA1 OE | FOXA1 ChIP-Seq - high FOXA1, AR C562S OE + FOXA1 OE | FOXA1 ChIP-Seq, WT AR OE + FOXA1 OE | FOXA1 ChIP-Seq",,,
CTCF,INPP4B,liver,"CTCF IP - HepG2 cells , CTCF IP - SK-N-SH cells, CTCF IP, CTCF IP - HepG2 cells, Rep 1 , CTCF IP - HepG2 cells, Rep 2 ",,,
CTCF,INPP4B,kidney,"CTCF IP - HEK293 cells, Rep 1 , CTCF IP - HRE cells, Rep 1 , CTCF IP - RPTEC cells, Rep 1 , CTCF IP - HEK293 cells, Rep 2 , CTCF IP - RPTEC cells, Rep 2 , CTCF IP - HRE cells, Rep 2 ",,,
CTCF,INPP4B,stemcells,"CTCF IP - Rep 5 , CTCF IP - Rep 1 , CTCF IP - H1 cells, CTCF IP - Rep 2 , CTCF IP - Rep 4 , CTCF IP - Rep 7 , CTCF IP - Rep 6 , CTCF IP - H1 cells ",,,
ZBTB7A,INPP4B,uterus,ZBTB7A IP - ECC1 cells,,,
CEBPB,INPP4B,stemcells,"CEBPB IP, CEBPB IP, CEBPB IP",,,
CTCF,INPP4B,colon,"CTCF IP - HCT116 cells, Rep 1 , CTCF IP - HCT116 cells, Rep 2 , CTCF IP - Caco-2 cells, Rep 1 , CTCF IP - Caco , CTCF IP - HCT116 cells",,,
CTCF,INPP4B,heart,"CTCF IP - myocytes cells, Rep 2 , CTCF IP - myocytes cells, Rep 1 , CTCF IP - HCF cells ",,,
GATA2,INPP4B,hspcs,GATA2 IP,,,
CTCF,INPP4B,megakaryocytelineage,"CTCF IP - MEG-01 cells, Rep 2 , CTCF IP - MEG-01 cells, Rep 8 , CTCF IP - MEG-01 cells, Rep 4 , CTCF IP - MEG-01 cells, Rep 10 , CTCF IP - MEG-01 cells, Rep 6 ",,,
E2F6,INPP4B,stemcells,E2F6 IP - H1 cells,,,
MAX,INPP4B,cns,MAX IP - SK-N-SH cells,,,
FOXA1,INPP4B,mammarygland,"FOXA1 ChIP-Seq - Rep 1, DEX | FOXA1 ChIP-Seq - Rep 1, DHT | FOXA1 ChIP-Seq",,,
ELF3,INPP4B,pancreas,"ELF3 IP, ELF3 IP | KLF5 KO",,,
CTCF,INPP4B,uterus,"CTCF IP - ECC1 cells, CTCF IP - HeLa cells, Rep 1 , CTCF IP - HeLa cells ",,,
MAX,INPP4B,stemcells,MAX IP - H1 cells,,,
KLF5,INPP4B,pancreas,ELF3 IP | KLF5 KO,,,
CTCF,INPP4B,pancreas,CTCF IP,,,
TCF7L2,INPP4B,uterus,TCF7L2 IP - HeLa cells,,,
CTCF,INPP4B,placenta,"CTCF IP - HVMF cells, Rep 2 , CTCF IP - HVMF cells, Rep 1 ",,,
DEX,INPP4B,lung,"CTCF IP | DEX - A549 cells , CTCF IP | DEX - A549 cells",,,
CDX2,INPP4B,colon,CDX2 IP | 125DVD3,,,
125DVD3,INPP4B,colon,CDX2 IP | 125DVD3,,,
MYC,INPP4B,mammarygland,DHT | MYC ChIP-Seq,,,
DHT,INPP4B,mammarygland,"DHT | MYC ChIP-Seq, DHT | FOXA1 ChIP-Seq",,,
ZNF143,INPP4B,stemcells,ZNF143 IP - H1 cells,,,
MEF2B,INPP4B,kidney,MEF2B IP | MEF2B OE - Rep 2,,,
GATA4,INPP4B,stomach,GATA4 IP - AGS,,,
CTCF,INPP4B,bone,CTCF IP - Osteoblasts ,,,
MAX,INPP4B,colon,MAX IP - HCT116 cells,,,
IRF4,INPP4B,leukocytes,IRF4 IP,,,
YY1,INPP4B,leukocytes,YY1 IP - GM12878 cells,,,
CTCF,INPP4B,skeletalmuscle,"CTCF IP - HSMM cells, Rep 1 , CTCF IP - HSMM cells, Rep 2 ",,,
CTCF,INPP4B,esophagus,"CTCF IP - HEEpiC cells, Rep 2 , CTCF IP - HEEpiC cells, Rep 1 ",,,
E2F1,INPP4B,mammarygland,E2F1 IP - MCF7 cells,,,
YY1,INPP4B,colon,YY1 IP - HCT116 cells,,,
MAX,INPP4B,uterus,MAX IP - ECC1 cells,,,
DEX,INPP4B,mammarygland,DEX | FOXA1 ChIP-Seq - Rep 1,,,
SMAD1,INPP4B,hspcs,SMAD1 IP - Rep 3,,,
SRF,INPP4B,stemcells,"SRF IP - Rep 4 , SRF IP - Rep 7 ",,,
SP1,INPP4B,colon,SP1 IP - HCT116 cells,,,
RUNX1,INPP4B,hspcs,RUNX1,,,
ZNF263,INPP4B,kidney,ZNF263 IP - HEK293 cells,,,
MAX,INPP4B,liver,MAX IP - MCF7 cells,,,
TCF12,INPP4B,uterus,TCF12 IP - ECC1 cells,,,
SP1,INPP4B,lung,SP1 IP - A549 cells,,,
TEAD4,INPP4B,stemcells,TEAD4 IP - H1 cells,,,
ETS1,INPP4B,leukocytes,ETS1 IP,,,
OTX2,INPP4B,stemcells,OTX2 IP - Rep 10 ,,,
FOXA2,INPP4B,embryonictissue,FOXA2 IP - Rep 2,,,
E2F1,INPP4B,prostate,E2F1 ChIP-Seq - Rep 1,,,
CEBPB,INPP4B,colon,CEBPB IP - HCT116 cells,,,
CREB1,INPP5K,liver,"CREB1 IP - HepG2 cells, CREB1 IP, CREB1 IP, CREB1 IP",,,
SOX9,INPP5K,colon,SOX9 IP ,,,
JUN,INPP5K,leukocytes,"JUN IP - K562 cells, Rep 1",,,
POU2F2,INPP5K,leukocytes,POU2F2 IP - GM12878 cells,,,
CTCF,INPP5K,leukocytes,"CTCF IP - GM12815 cells, Rep 1, CTCF IP - GM12869 cells , CTCF IP - GM12873 cells, Rep 3 , CTCF IP - GM11831 cells, CTCF IP - F36P cells, Rep 15 , CTCF IP - GM12872 cells, CTCF IP - KU812 cells, Rep 13 , CTCF IP - GM11994 cells, Rep 1, CTCF IP - GM19193 cells, Rep 2 , CTCF IP - GM12154 cells, Rep 2, CTCF IP - GM12865 cells, Rep 3 , CTCF IP - GM12890 cells, Rep 1 , CTCF IP - GM12865 cells, Rep 2 , CTCF IP - GM2588 cells, Rep 1 , CTCF IP - GM06990 cells, Rep 1 , CTCF IP - GM18486 cells, Rep 3 , CTCF IP - MS1 cells, Rep 3 , CTCF IP - GM2588 cells, Rep 2 , CTCF IP - UT-7 cells, Rep 4 , CTCF IP - GM2630 cells, Rep 2 , CTCF IP - K562 cells, Rep 11 , CTCF IP - UT-7 cells, Rep 3 , CTCF IP - MS1 cells, Rep 4 , CTCF IP - GM12891 cells, Rep 1 , CTCF IP - GM12875 cells, Rep 1 , CTCF IP - GM12874 cells, CTCF IP - GM12864 cells, Rep 1 , CTCF IP - GM12154 cells, Rep 1, CTCF IP - GM2255 cells, Rep 2 , CTCF IP - GM11992 cells, Rep 1, CTCF IP - GM11811 cells, Rep 2, CTCF IP - GM2610 cells, Rep 2 , CTCF IP - GM12865 cells, Rep 1 , CTCF IP - GM12872 cells, Rep 2 , CTCF IP - GM12864 cells, Rep 3 , CTCF IP - GM2255 cells, Rep 3 , CTCF IP - GM10847 cells, Rep 1 , CTCF IP - GM12868 cells , CTCF IP - GM12873 cells, Rep 1 , CTCF IP - GM12874 cells, Rep 2 , CTCF IP - GM19238 cells, Rep 2 , CTCF IP - GM18526 cells, Rep 1 , CTCF IP - GM06986 cells, CTCF IP - GM19193 cells, Rep 1 , CTCF IP - K562 cells, Rep 16 , CTCF IP - F36P cells, Rep 7 , CTCF IP - K562 cells, Rep 1 , CTCF IP - GM12892 cells, Rep 2 , CTCF IP - KU812 cells, Rep 1 , CTCF IP - F36P cells, Rep 3 , CTCF IP - HL-60 cells, Rep 2 , CTCF IP - GM11881 cells, CTCF IP - GM12866 cells , CTCF IP - GM12815 cells, Rep 2, CTCF IP - F36P cells, Rep 11 , CTCF IP - F36P cells, Rep 19 , CTCF IP - GM19239 cells, Rep 2 , CTCF IP - GM12828 cells, CTCF IP -  CD20+ cells , CTCF IP - K562 cells, CTCF IP - GM18505 cells, Rep 1 , CTCF IP - HeLa cells, Rep 2 , CTCF IP - GM12891 cells, Rep 2 , CTCF IP - GM11894 cells, Rep 2, CTCF IP - NB4 cells , CTCF IP - K562 cells, Rep 14 , CTCF IP - GM12814 cells, Rep 1, CTCF IP - GM19239 cells, Rep 1 , CTCF IP - GM12005 cells, Rep 2, CTCF IP - GM12878 cells, Rep 1 , CTCF IP - GM12812 cells, CTCF IP - GM12870 cells , CTCF IP - GM12867 cells , CTCF IP - GM12873 cells, Rep 1 , CTCF IP - GM19099 cells, Rep 2 , CTCF IP - GM12878 cells , CTCF IP - GM19099 cells, Rep 1 , CTCF IP - K562 cells, Rep 15 , CTCF IP - GM2255 cells, Rep 1 , CTCF IP - GM19238 cells, Rep 1 , CTCF IP - GM12890 cells, Rep 2 , CTCF IP - GM12875 cells, Rep 2 , CTCF IP - GM12234 cells, CTCF IP - GM12878 cells, Rep 2 , CTCF IP - GM19240 cells, Rep 2 , CTCF IP - GM10847 cells, Rep 2 , CTCF ChIP-Seq - GM12878, CTCF IP - GM12814 cells, Rep 2, CTCF IP - KU812 cells, Rep 5 , CTCF IP - GM11811 cells, Rep 1, CTCF IP - GM18486 cells, Rep 1 , CTCF IP - GM06990 cells, Rep 2 , CTCF IP - GM12006 cells, Rep 2, CTCF IP - GM12489 cells, Rep 1, CTCF IP - GM18486 cells, Rep 2 , CTCF IP - GM2610 cells, Rep 1 , CTCF IP - GM12871 cells , CTCF IP - GM12749 cells, Rep 1, CTCF IP - GM2588 cells, Rep 3 , CTCF IP - GM18951 cells, Rep 2 , CTCF IP - K562 cells , CTCF IP - GM12872 cells, Rep 1 , CTCF IP - GM18526 cells, Rep 2 , CTCF IP - GM18505 cells, Rep 2 , CTCF IP - GM12878 cells, Rep 2 , CTCF IP - GM12890 cells, Rep 3 , CTCF IP - GM12872 cells, Rep 3 , CTCF IP - GM2610 cells, Rep 3 , CTCF IP - K562 cells, Rep 13 , CTCF IP - MS1 cells, Rep 1 , CTCF IP, CTCF IP - GM18951 cells, Rep 1 , CTCF IP - GM12892 cells, Rep 1 , CTCF IP - GM12864 cells, Rep 2 , CTCF IP - GM11994 cells, Rep 2, CTCF IP - GM07037 cells, CTCF IP - HL-60 cells, Rep 9 , CTCF IP - GM2630 cells, Rep 1 , CTCF IP - GM19240 cells, Rep 1 , CTCF IP - CD14+ cells , CTCF IP - K562 cells, CTCF IP - GM12874 cells, Rep 1 , CTCF IP - GM07346 cells, CTCF IP - MS1 cells, Rep 2 , CTCF IP -  DND , CTCF IP - GM2630 cells, Rep 3 , CTCF IP - K562 cells, Rep 12 , CTCF IP - GM12155 cells, Rep 1",,,
CTCF,INPP5K,mammarygland,"CTCF IP - HMEC cells , CTCF IP - HMEC cells, Rep 2 , CTCF IP - T47D cells, CTCF IP - HMEC cells, Rep 1 , CTCF IP - MCF-7 cells, Rep 1 , CTCF IP - HMF cells, Rep 2 , CTCF IP - HMF cells, Rep 1 , CTCF IP - MCF-7 cells Rep 2 , CTCF IP - MCF7 cells",,,
E2F8,INPP5K,colon,E2F8 IP ,,,
GLI2,INPP5K,colon,GLI2 IP ,,,
FOXA1,INPP5K,liver,"FOXA1 IP - HepG2 cells, Rep 2, FOXA1 IP - HepG2 cells, Rep 1",,,
CTCF,INPP5K,hspcs,"CTCF IP - HEL 92.1.7 cells, Rep 11 , CTCF IP - Erythroid cells, Rep 1, CTCF IP - HEL 92.1.7 cells, Rep 14 , CTCF IP - HEL 92.1.7 cells, Rep 8 , CTCF IP - Erythroid cells, Rep 2, CTCF IP - HEL 92.1.7 cells, Rep 5 , CTCF IP - HEL 92.1.7 cells, Rep 2 ",,,
CTCF,INPP5K,colon,"CTCF IP - HCT116 cells, CTCF IP - Caco , CTCF IP - Rep 1 , CTCF IP - Caco-2 cells, Rep 1 , CTCF IP - HCT116 cells, Rep 2 , CTCF IP - HCT116 cells, Rep 1 ",,,
MAX,INPP5K,uterus,"MAX IP - HeLa cells, Rep 2, MAX IP - HeLa cells, Rep 1, MAX IP - ECC1 cells",,,
CTCF,INPP5K,lung,"CTCF IP - SAEC cells, Rep 2 , CTCF IP - A549 cells , CTCF IP - NHLF cells , CTCF IP - SAEC cells, Rep 1 , CTCF IP - WI-38 cells, Rep 2 , CTCF IP | DEX - A549 cells , CTCF IP - HPF cells, Rep 1 , CTCF IP - WI-38 cells, Rep 1 , CTCF IP - A549 cells, Rep 1 , CTCF IP - AG04450 cells, Rep 2 , CTCF IP - HPF cells, Rep 2 , CTCF IP - AG04450 cells, Rep 1 , CTCF ChIP-Seq - A549, CTCF IP - A549 cells, CTCF IP - IMR cells, CTCF IP - A549 cells, Rep 2 , CTCF IP - NHLF cells , CTCF IP | DEX - A549 cells",,,
E2F1,INPP5K,prostate,"E2F1 ChIP-Seq - Rep 4, E2F1 ChIP-Seq - Rep 1, HES6 OE + BICALU | E2F1 ChIP-Seq - Rep 3, HES6 OE | E2F1 ChIP-Seq - Rep 4, BICALU | E2F1 ChIP-Seq - Rep 1, BICALU + HES6OE | E2F1 ChIP-Seq - Rep 4, BICALU | E2F1 ChIP-Seq - Rep 3, HES6 OE | E2F1 ChIP-Seq - Rep 2, HES6 OE | E2F1 ChIP-Seq - Rep 3, E2F1 ChIP-Seq - Rep 2, E2F1 ChIP-Seq - Rep 3, HES6 OE | E2F1 ChIP-Seq - Rep 1, HES6 OE + BICALU | E2F1 ChIP-Seq - Rep 1",,,
ERG,INPP5K,prostate,"ERG ChIP-Seq, DMSO | ERG ChIP-Seq - Rep 1, DMSO | ERG ChIP-Seq - Rep 2, JQI | ERG ChIP-Seq - Rep 1, DHT | ERG ChIP-Seq - 18 h, ERG ChIP-Seq, DHT | ERG ChIP-Seq - 2 h, JQI | ERG ChIP-Seq - Rep 2, ERG IP | R1881",,,
SPI1,INPP5K,leukocytes,"SPI1 IP, SPI1 IP, SPI1 IP, SPI1 IP, SPI1 IP - K562 cells, SPI1 IP - U-937 cells, Rep 4 , SPI1 IP - GM12878 cells, SPI1 IP - GM12878 cells, Rep 4 , SPI1 IP, SPI1 IP - GM12891 cells, SPI1 IP, SPI1 IP, SPI1 IP, SPI1 IP",,,
HMGN3,INPP5K,leukocytes,HMGN3 IP - K562 cells,,,
GABPA,INPP5K,leukocytes,"GABPA IP - GM12878 cells, GABPA IP - GM12878 cells, Rep 2 , GABPA IP - Jurkat, Rep 2, GABPA IP - HL cells, GABPA IP - GM12878 cells, Rep 5 , GABPA IP - GM12878 cells, Rep 4 , GABPA IP, GABPA IP - Jurkat, Rep 1, GABPA IP - K562 cells, GABPA IP - GM12878 cells, Rep 3 , GABPA IP - GM12878 cells, Rep 1 ",,,
CTCF,INPP5K,skin,"CTCF IP - AG09309 cells, Rep 1 , CTCF IP - BJ cells, Rep 1 , CTCF IP - NHEK cells , CTCF IP - AG09309 cells, Rep 2 , CTCF IP - NHDF cells , CTCF IP - HFFC cells, Rep 1 , CTCF IP - NHDF cells, Rep 1 , CTCF IP - HFFC cells, Rep 3 , CTCF IP - HFFC cells, Rep 2 , CTCF IP - NHDF cells, Rep 2 , CTCF IP - GM12878 cells, Rep 2 , CTCF IP - AG10803 cells, Rep 1 , CTCF IP - AG04449 cells, Rep 1 , CTCF IP - AG10803 cells, Rep 2 , CTCF IP - AG04449 cells, Rep 2 , CTCF IP - BJ cells, Rep 2 , CTCF IP - NHEK cells, Rep 2 ",,,
NFYA,INPP5K,uterus,NFYA IP - HeLa cells,,,
JUND,INPP5K,mammarygland,JUND IP - MCF7 cells,,,
CEBPB,INPP5K,mammarygland,CEBPB IP - MCF7 cells,,,
RBPJ,INPP5K,leukocytes,"RBPJ IP | COMPE - wash, RBPJ IP | COMPE",,,
COMPE,INPP5K,leukocytes,"RBPJ IP | COMPE - wash, RBPJ IP | COMPE",,,
TP53,INPP5K,lung,"TP53 IP - propapoptic, Rep 1",,,
EGR1,INPP5K,leukocytes,EGR1 IP - K562 cells,,,
CEBPB,INPP5K,leukocytes,"CEBPB IP | oxLDL  - Rep 208, CEBPB IP, CEBPB ChIP-Seq - K562",,,
MYB,INPP5K,leukocytes,"MYB IP - Jurkat, Rep 3, MYB IP - Jurkat, Rep 1, MYB IP - Jurkat, Rep 5, MYB IP - Jurkat, Rep 4, MYB IP - Jurkat, Rep 2",,,
BCL3,INPP5K,lung,BCL3 IP - A549 cells,,,
MYC,INPP5K,leukocytes,"MYC IP - K562 cells, Rep 1, MYC IP - K562 cells, Rep 2, MYC IP - NB4 cells, MYC IP | IFNG - K562 cells, 6 h, MYC IP | IFNG - K562 cells, 30 min, MYC IP | IFNA1 - K562 cells, 6 h",,,
CREB1,INPP5K,prostate,"FOXA1 siRNA | CREB1 ChIP-Seq - Rep 1, CREB1 ChIP-Seq - LNCaP, CREB1 ChIP-Seq - LNCaP-abl, CREB1 ChIP-Seq - Rep 2, FOXA1 siRNA | CREB1 ChIP-Seq - Rep 2, CREB1 siRNA | FOXA1 ChIP-Seq - Rep 2, CREB1 ChIP-Seq - Rep 1",,,
FOXA1,INPP5K,prostate,"FOXA1 siRNA | CREB1 ChIP-Seq - Rep 1, CON KD + R1881 | FOXA1 ChIP-Seq - Rep 2, GATA2 KD + R1881 | FOXA1 ChIP-Seq, PIAS1 + R1881 | FOXA1 ChIP-Seq - Rep 2, FOXA1 ChIP-Seq, PIAS1 + R1881 | FOXA1 ChIP-Seq - Rep 1, CON KD | FOXA1 ChIP-Seq, FOXA1 siRNA | CREB1 ChIP-Seq - Rep 2, CREB1 siRNA | FOXA1 ChIP-Seq - Rep 2, CON KD + R1881 | FOXA1 ChIP-Seq, R1881 | FOXA1 ChIP-Seq - Rep 1, CON KD | FOXA1 ChIP-Seq, CON KD  | FOXA1 ChIP-Seq, CON KD + R1881 | FOXA1 ChIP-Seq - Rep 1, EtOH | FOXA1 ChIP-Seq - , DHT | FOXA1 ChIP-Seq, R1881 | FOXA1 ChIP-Seq - Rep 2",,,
MAZ,INPP5K,leukocytes,"MAZ IP - GM12878 cells, MAZ IP - K562 cells",,,
PAX5,INPP5K,leukocytes,"PAX5 IP - GM12892 cells, PAX5 IP - GM12878 cells, Rep 2",,,
REST,INPP5K,liver,"REST IP - HepG2 cells, Rep 2",,,
CTCF,INPP5K,cns,"CTCF IP - HCPEpiC cells, Rep 1 , CTCF IP - BE(2)-C cells, Rep 2 , CTCF IP - SK-N-SH cells , CTCF IP - cerebellar astrocyte cells, Rep 1 , CTCF IP - SK-N-SH cells, Rep 2 , CTCF IP - HCPEpiC cells, Rep 2 , CTCF IP - SK-N-SH cells, Rep 1 , CTCF IP - NHA cells , CTCF IP - SK cells, CTCF IP - spinal cord astrocyte cells, Rep 1 , CTCF IP - cerebellar astrocyte cells, Rep 2 , CTCF IP - BE(2)-C cells, Rep 1 , CTCF IP - spinal cord astrocyte cells, Rep 2 ",,,
GABPA,INPP5K,prostate,"GABPA IP | R1881, GABPA IP - Rep 2, GABPA IP - Rep 1",,,
R1881,INPP5K,prostate,"GABPA IP | R1881, CON KD + R1881 | FOXA1 ChIP-Seq - Rep 2, GATA2 KD + R1881 | FOXA1 ChIP-Seq, PIAS1 + R1881 | FOXA1 ChIP-Seq - Rep 2, PIAS1 + R1881 | FOXA1 ChIP-Seq - Rep 1, CON KD + R1881 | FOXA1 ChIP-Seq, R1881 | FOXA1 ChIP-Seq - Rep 1, CON KD + R1881 | FOXA1 ChIP-Seq - Rep 1, ERG IP | R1881, R1881 | FOXA1 ChIP-Seq - Rep 2",,,
E2F4,INPP5K,leukocytes,"E2F4 IP - K562 cells, E2F4 IP - GM12878 cells",,,
BACH1,INPP5K,stemcells,BACH1 IP - H1 cells,,,
STAT3,INPP5K,leukocytes,"STAT3 IP - SU-DHL-2, STAT3 IP - U-2932, STAT3 IP - SU-DHL-4, STAT3 IP - SU-DHL-6",,,
CTCF,INPP5K,sensory,"CTCF IP - HRPEpiC cells, Rep 1 , CTCF IP - WERI-Rb-1- cells, Rep 1 , CTCF IP - WERI , CTCF IP - HRPEpiC cells, Rep 2 ",,,
SIX2,INPP5K,kidney,"SIX2 IP - 17 weeks, Rep 2, SIX2 IP - 17 weeks, Rep 1",,,
CTCF,INPP5K,uterus,"CTCF IP - ECC1 cells, CTCF IP - HeLa cells , CTCF IP - HeLa cells, Rep 1 ",,,
MYC,INPP5K,mammarygland,"MYC IP | 4HT - MCF10A cells, MYC IP - MCF-10A cells, DHT | MYC ChIP-Seq",,,
4HT,INPP5K,mammarygland,"MYC IP | 4HT - MCF10A cells, E2F4 IP | 4HT - MCF10 cells, FOS IP | 4HT - MCF10A cells, 12 h, STAT3 IP | 4HT - MCF10 cells, 12 h, STAT3 IP | 4HT - MCF10 cells, 36 h",,,
STAT2,INPP5K,colon,STAT2 IP ,,,
KLF5,INPP5K,stomach,KLF5 IP - KATOIII,,,
GTF2B,INPP5K,uterus,GTF2B IP - Rep 2,,,
ZNF263,INPP5K,kidney,ZNF263 IP - HEK293 cells,,,
CTCF,INPP5K,stemcells,"CTCF IP - Rep 7 , CTCF IP - Rep 5 , CTCF IP - Rep 3 , CTCF IP - H1 cells , CTCF IP - H1 cells, CTCF IP - Rep 2 , CTCF IP - Rep 4 , CTCF IP - Rep 6 ",,,
ATF3,INPP5K,colon,"ATF3 IP | CAMPTO, ATF3 IP - HCT116 cells",,,
ELK1,INPP5K,leukocytes,ELK1 IP - GM12878 cells,,,
CEBPB,INPP5K,stemcells,"CEBPB IP, CEBPB IP",,,
E2F1,INPP5K,uterus,"E2F1 IP - HeLa cells, Rep 2, E2F1 IP - HeLa cells, Rep 1",,,
JUN,INPP5K,colon,JUN IP ,,,
CTCF,INPP5K,vasculature,"CTCF IP - AoAFC cells, Rep 1 , CTCF IP - HBMEC cells, Rep 2 , CTCF IP - HBMEC cells, Rep 1 , CTCF IP - HUVEC cells , CTCF IP - HUVEC cells, Rep 2 , CTCF IP - HPAF cells, Rep 1 , CTCF IP - HUVEC cells, Rep 1 , CTCF IP - HPAF cells, Rep 2 , CTCF IP - AoAFC cells, Rep 2 ",,,
CEBPB,INPP5K,colon,"CEBPB IP | 125DVD3, CEBPB IP, CEBPB IP - HCT116 cells",,,
125DVD3,INPP5K,colon,CEBPB IP | 125DVD3,,,
JUN,INPP5K,mammarygland,"JUN IP - Rep 2, JUN IP - Rep 1",,,
STAT5B,INPP5K,leukocytes,"STAT5B IP | IL2 - Rep 2, STAT5B IP | H9, Rep 2",,,
IL2,INPP5K,leukocytes,STAT5B IP | IL2 - Rep 2,,,
CTCF,INPP5K,kidney,"CTCF IP - RPTEC cells, Rep 2 , CTCF IP - HRE cells, Rep 1 , CTCF IP - HRE cells, Rep 2 , CTCF IP - HEK293 cells, Rep 2 , CTCF IP - RPTEC cells, Rep 1 , CTCF IP - HEK293 cells, Rep 1 ",,,
E2F1,INPP5K,mammarygland,"E2F1 IP, E2F1 IP - MCF7 cells",,,
RELA,INPP5K,leukocytes,"RELA IP | TNF - GM15510 cells, RELA IP | TNF - GM19099 cells, RELA IP | TNF - GM12891 cells, RELA IP | BAY082  - IVD Th1 cells, PIA, RELA IP - IVD Th1 cells, PIA, RELA IP | TNF - GM10847 cells, RELA IP | TNF - GM12878 cells, RELA IP | TNF - GM12892 cells",,,
TNF,INPP5K,leukocytes,"RELA IP | TNF - GM15510 cells, RELA IP | TNF - GM12891 cells, RELA IP | TNF - GM10847 cells, RELA IP | TNF - GM12878 cells, RELA IP | TNF - GM12892 cells",,,
HOXA4,INPP5K,colon,HOXA4 IP ,,,
CREB1,INPP5K,stemcells,CREB1 IP - H1 cells,,,
GATA2,INPP5K,prostate,GATA2 KD + R1881 | FOXA1 ChIP-Seq,,,
MAX,INPP5K,colon,MAX IP - HCT116 cells,,,
CTCF,INPP5K,liver,"CTCF IP - HepG2 cells, Rep 1 , CTCF IP, CTCF IP - HepG2 cells , CTCF IP - SK-N-SH cells, CTCF IP - HepG2 cells, Rep 2 ",,,
ELF1,INPP5K,cns,ELF1 IP - SK-N-SH cells,,,
STAT3,INPP5K,mammarygland,"STAT3 IP - MCF10A cells, Rep 1, STAT3 IP - MCF10A cells, Rep 2, STAT3 IP | 4HT - MCF10 cells, 12 h, STAT3 IP | 4HT - MCF10 cells, 36 h",,,
E2F6,INPP5K,leukocytes,"E2F6 IP - K562 cells, E2F6 IP - K562 cells",,,
E2F6,INPP5K,lung,E2F6 IP - A549 cells,,,
CTCF,INPP5K,megakaryocytelineage,"CTCF IP - MEG-01 cells, Rep 8 , CTCF IP - MEG-01 cells, Rep 6 , CTCF IP - MEG-01 cells, Rep 2 , CTCF IP - MEG-01 cells, Rep 10 , CTCF IP - MEG-01 cells, Rep 4 ",,,
MTA3,INPP5K,leukocytes,MTA3 IP - GM12878 cells,,,
ELF1,INPP5K,liver,ELF1 IP - HepG2 cells,,,
TAL1,INPP5K,colon,TAL1 IP ,,,
TEAD4,INPP5K,stemcells,TEAD4 IP - H1 cells,,,
REST,INPP5K,cns,"REST IP - PFSK1 cells, Rep 2, REST IP - U87 cells, REST IP - SK cells",,,
CTCF,INPP5K,heart,"CTCF IP - myocytes cells, Rep 1 , CTCF IP - myocytes cells, Rep 2 , CTCF IP - HCF cells ",,,
MXI1,INPP5K,uterus,MXI1 IP - HeLa cells,,,
ZNF143,INPP5K,colon,ZNF143 IP ,,,
RELA,INPP5K,colon,RELA IP ,,,
YY1,INPP5K,cns,"YY1 IP | ATRA - SK-N-SH cells, YY1 IP - SK-N-SH cells",,,
ATRA,INPP5K,cns,"YY1 IP | ATRA - SK-N-SH cells, USF1 IP | ATRA - SK-N-SH cells",,,
GABPA,INPP5K,uterus,GABPA IP - HeLa cells,,,
MAX,INPP5K,leukocytes,"MAX IP - K562 cells, MAX IP - NB4 cells, MAX IP - K562 cells, Rep 2, MAX IP - GM12878 cells",,,
ZNF76,INPP5K,kidney,ZNF76 IP | ZNF76 OE,,,
ELF3,INPP5K,pancreas,ELF3 IP,,,
DEX,INPP5K,lung,"CTCF IP | DEX - A549 cells , CREB1 IP | DEX - A549 cells, CTCF IP | DEX - A549 cells",,,
RELA,INPP5K,lung,RELA IP | TNF,,,
TNF,INPP5K,lung,RELA IP | TNF,,,
OTX2,INPP5K,stemcells,OTX2 IP - Rep 10 ,,,
FOXM1,INPP5K,leukocytes,FOXM1 IP - GM12878 cells,,,
SIX5,INPP5K,leukocytes,SIX5 IP - GM12878 cells,,,
SRF,INPP5K,colon,SRF IP - HCT116 cells,,,
CEBPB,INPP5K,lung,"CEBPB ChIP-Seq - A549, CEBPB ChIP-Seq - IMR90, CEBPB IP - A549 cells",,,
FOSL2,INPP5K,lung,FOSL2 IP - A549 cells,,,
CTCF,INPP5K,placenta,"CTCF IP - HVMF cells, Rep 1 , CTCF IP - HVMF cells, Rep 2 ",,,
SRF,INPP5K,stemcells,"SRF IP - Rep 1 , SRF IP - Rep 4 , SRF IP - Rep 7 ",,,
GATA2,INPP5K,hspcs,GATA2 IP,,,
BICALU,INPP5K,prostate,"HES6 OE + BICALU | E2F1 ChIP-Seq - Rep 3, BICALU | E2F1 ChIP-Seq - Rep 1, BICALU + HES6OE | E2F1 ChIP-Seq - Rep 4, BICALU | E2F1 ChIP-Seq - Rep 3, HES6 OE + BICALU | E2F1 ChIP-Seq - Rep 1",,,
HES6,INPP5K,prostate,"HES6 OE + BICALU | E2F1 ChIP-Seq - Rep 3, HES6 OE | E2F1 ChIP-Seq - Rep 4, BICALU + HES6OE | E2F1 ChIP-Seq - Rep 4, HES6 OE | E2F1 ChIP-Seq - Rep 2, HES6 OE | E2F1 ChIP-Seq - Rep 3, HES6 OE | E2F1 ChIP-Seq - Rep 1, HES6 OE + BICALU | E2F1 ChIP-Seq - Rep 1",,,
FOSL2,INPP5K,liver,FOSL2 IP - HepG2 cells,,,
GABPA,INPP5K,liver,"GABPA IP - MCF7 cells, GABPA IP, GABPA IP, GABPA IP - HepG2 cells, GABPA IP",,,
MXI1,INPP5K,cns,MXI1 IP - SK-N-SH cells ,,,
MAX,INPP5K,stemcells,MAX IP - H1 cells,,,
MAZ,INPP5K,uterus,MAZ IP - HeLa cells,,,
NFYC,INPP5K,colon,NFYC IP ,,,
MYBL2,INPP5K,liver,MYBL2 IP - HepG2 cells,,,
STAT1,INPP5K,uterus,"STAT1 IP | IFNG - HeLa cells, 30 min",,,
IFNG,INPP5K,uterus,"STAT1 IP | IFNG - HeLa cells, 30 min",,,
YY1,INPP5K,leukocytes,"YY1 IP - K562 cells, Rep 1, YY1 IP - GM12892 cells, Rep 1, YY1 IP - GM12878 cells, YY1 IP - GM12891 cells",,,
RUNX1,INPP5K,leukocytes,RUNX1 IP,,,
CREB1,INPP5K,colon,CREB1 IP ,,,
ELF1,INPP5K,leukocytes,"ELF1 IP - SK-N-SH cells, ELF1 IP - SK-N-SH cells",,,
ATF2,INPP5K,leukocytes,ATF2 IP - GM12878 cells,,,
IRF4,INPP5K,leukocytes,"IRF4 IP - GM12878 cells, IRF4 IP",,,
MYC,INPP5K,uterus,MYC IP - HeLa cells,,,
ATF2,INPP5K,colon,ATF2 IP ,,,
MXI1,INPP5K,lung,MXI1 IP - IMR cells,,,
YY1,INPP5K,stemcells,YY1 IP - H1 cells,,,
PIAS1,INPP5K,prostate,"PIAS1 + R1881 | FOXA1 ChIP-Seq - Rep 2, PIAS1 + R1881 | FOXA1 ChIP-Seq - Rep 1",,,
MXI1,INPP5K,stemcells,MXI1 IP - H1 cells,,,
ATF1,INPP5K,leukocytes,ATF1 IP - K562 cells,,,
MAX,INPP5K,lung,"MAX IP - A549 cells, MAX IP - A549 cells",,,
ZEB1,INPP5K,liver,ZEB1 IP - HepG2 cells,,,
FOXA2,INPP5K,stemcells,FOXA2 IP - ES D7,,,
HEY1,INPP5K,leukocytes,HEY1 IP - K562 cells,,,
FOSL1,INPP5K,colon,FOSL1 IP - HCT116 cells,,,
GATA4,INPP5K,stomach,GATA4 IP - AGS,,,
NFYB,INPP5K,leukocytes,"NFYB IP - GM12878 cells, NFYB IP - K562 cells",,,
CEBPB,INPP5K,uterus,"CEBPB IP - ECC1 cells, CEBPB ChIP-Seq - HeLaS3",,,
TBP,INPP5K,stemcells,TBP IP - H1 cells,,,
HEY1,INPP5K,liver,HEY1 IP - HepG2 cells,,,
SMAD1,INPP5K,hspcs,SMAD1 IP - Rep 3,,,
ETS1,INPP5K,lung,ETS1 IP - A549 cells,,,
RELA,INPP5K,adiposetissue,"RELA IP, RELA IP",,,
BHLHE40,INPP5K,leukocytes,"BHLHE40 IP - GM12878 cells, BHLHE40 IP - K562 cells",,,
KLF11,INPP5K,adiposetissue,"KLF11 ChIP-Seq, Rep 2, KLF11 ChIP-Seq, Rep 1, ROSI (BrAT) | KLF11 ChIP-Seq, Rep 1, ROSI (BrAT) | KLF11 ChIP-Seq, Rep 2",,,
FLI1,INPP5K,hspcs,FLI1 IP,,,
MXI1,INPP5K,leukocytes,"MXI1 IP - K562 cells, MXI1 IP - GM12878 cells",,,
ETS1,INPP5K,leukocytes,"ETS1 IP, ETS1 IP - K562 cells, ETS1 IP - GM12878 cells",,,
SP1,INPP5K,stemcells,SP1 IP - H1 cells,,,
EBF1,INPP5K,leukocytes,EBF1 IP - GM12878 cells,,,
NFKB1,INPP5K,leukocytes,"NFKB1 IP - Rep 1, NFKB1 IP - Rep 2",,,
CTCF,INPP5K,adiposetissue,"CTCF ChIP-Seq - d -2, CTCF ChIP-Seq - d 9, CTCF ChIP-Seq - d 0, CTCF ChIP-Seq - d 3",,,
ZNF143,INPP5K,leukocytes,"ZNF143 IP - K562, ZNF143 IP - GM12878 cells, ZNF143 IP - HPB-ALL, ZNF143 IP - K562 cells",,,
ETV5,INPP5K,colon,ETV5 IP ,,,
FOXA1,INPP5K,mammarygland,"FOXA1 ChIP-Seq - Rep 1, 17BE2 | FOXA1 ChIP-Seq - Rep 1, DHT | FOXA1 ChIP-Seq, FOXA1 IP - T47D cells",,,
YY1,INPP5K,liver,YY1 IP - HepG2 cells,,,
STAT1,INPP5K,leukocytes,"STAT1 IP - Rep 5, STAT1 IP - Rep 1, STAT1 IP - Rep 4, STAT1 IP - Rep 2, STAT1 IP - Rep 3",,,
IFNG,INPP5K,leukocytes,"STAT1 IP - Rep 5, STAT1 IP - Rep 1, STAT1 IP - Rep 4, STAT1 IP - Rep 2, MYC IP | IFNG - K562 cells, 6 h, STAT1 IP - Rep 3, IRF1 IP | IFNG - K562 cells, 6 h, MYC IP | IFNG - K562 cells, 30 min",,,
SRF,INPP5K,mammarygland,SRF IP - MCF7 cells,,,
HIF1A,INPP5K,bone,HIF1A IP,,,
THAP1,INPP5K,leukocytes,THAP1 IP - K562 cells,,,
NFYB,INPP5K,uterus,NFYB IP - HeLa cells,,,
ELF1,INPP5K,mammarygland,ELF1 IP - MCF7 cells,,,
TCF12,INPP5K,cns,TCF12 IP - SK-N-SH cells,,,
MYC,INPP5K,liver,MYC IP,,,
SP2,INPP5K,leukocytes,SP2 IP - K562 cells,,,
HOXA6,INPP5K,colon,HOXA6 IP ,,,
JQ1,INPP5K,prostate,"JQI | ERG ChIP-Seq - Rep 1, JQI | ERG ChIP-Seq - Rep 2",,,
TCF12,INPP5K,uterus,TCF12 IP - ECC1 cells,,,
GATA1,INPP5K,hspcs,"GATA1 IP - PBDE cells, Rep 1",,,
YY1,INPP5K,lung,YY1 IP - A549 cells,,,
CREB1,INPP5K,lung,"CREB1 IP | DEX - A549 cells, CREB1 IP - A549 cells, Rep 2, CREB1 IP - A549 cells, Rep 1",,,
MAX,INPP5K,liver,"MAX IP - HepG2 cells, MAX IP - HepG2 cells, MAX IP - MCF7 cells",,,
SIX5,INPP5K,lung,SIX5 IP | DEX - A549 cells,,,
SP1,INPP5K,lung,SP1 IP - A549 cells,,,
E2F4,INPP5K,mammarygland,E2F4 IP | 4HT - MCF10 cells,,,
CEBPB,INPP5K,liver,"CEBPB ChIP-Seq - HepG2, CEBPB IP | FORSK - HepG2 cells",,,
FOXP2,INPP5K,cns,"FOXP2 IP - SK cells, FOXP2 IP - PFSK-1 cells","23625967,",,
JUND,INPP5K,liver,JUND IP - HepG2 cells,,,
GABPA,INPP5K,stemcells,GABPA IP - H1 cells,,,
JUNB,INPP5K,colon,JUNB IP ,,,
DHT,INPP5K,prostate,"DHT | ERG ChIP-Seq - 18 h, DHT | ERG ChIP-Seq - 2 h, DHT | RUNX1 ChIP-Seq, DHT | FOXP1 ChIP-Seq, DHT | FOXA1 ChIP-Seq",,,
BAY082,INPP5K,leukocytes,"RELA IP | BAY082  - IVD Th1 cells, PIA",,,
CTCF,INPP5K,miscellaneous,"CTCF IP - AG09319 cells, Rep 1 , CTCF IP - AG09319 cells, Rep 2 ",,,
TCF12,INPP5K,leukocytes,TCF12 IP - GM12878 cells,,,
JUND,INPP5K,colon,JUND IP - HCT116 cells,,,
FOS,INPP5K,mammarygland,"FOS IP | 4HT - MCF10A cells, 12 h",,,
NFATC1,INPP5K,leukocytes,NFATC1 IP - GM12878 cells,,,
CEBPA,INPP5K,leukocytes,CEBPA IP,,,
ZNF143,INPP5K,stemcells,ZNF143 IP - H1 cells,,,
USF1,INPP5K,colon,USF1 IP - HCT116 cells,,,
FORSK,INPP5K,liver,CEBPB IP | FORSK - HepG2 cells,,,
YY1,INPP5K,uterus,YY1 IP - ECC1 cells,,,
NFYA,INPP5K,colon,NFYA IP ,,,
ELK4,INPP5K,uterus,ELK4 IP - HeLa cells,,,
FOXA2,INPP5K,embryonictissue,"FOXA2 IP - Rep 2, FOXA2 IP - Rep 1",,,
H9,INPP5K,leukocytes,"STAT5B IP | H9, Rep 2",,,
17BE2,INPP5K,mammarygland,17BE2 | FOXA1 ChIP-Seq - Rep 1,,,
SP1,INPP5K,leukocytes,SP1 IP - GM12878 cells,,,
FOXA2,INPP5K,liver,FOXA2 IP - HepG2 cells,,,
BCL3,INPP5K,leukocytes,BCL3 IP - GM12878 cells,,,
CREB1,INPP5K,leukocytes,"CREB1 IP, CREB1 IP - GM12878 cells, CREB1 IP, CREB1 IP - K562 cells",,,
SP2,INPP5K,liver,SP2 IP - HepG2 cells,,,
E2F4,INPP5K,uterus,E2F4 IP - HeLa cells,,,
E2F3,INPP5K,colon,E2F3 IP ,,,
ZNF143,INPP5K,uterus,"ZNF143 IP - HeLa, Rep 1, ZNF143 IP - HeLa cells, ZNF143 Ip - HeLa, Rep 2",,,
SNAI2,INPP5K,stemcells,SNAI2 IP - Rep 1 ,,,
JUND,INPP5K,stemcells,JUND IP - H1 cells,,,
RUNX1,INPP5K,prostate,DHT | RUNX1 ChIP-Seq,,,
MXI1,INPP5K,liver,MXI1 IP - HepG2 cells,,,
CREB1,INPP5K,uterus,CREB1 IP - ECC1 cells,,,
CTCF,INPP5K,bone,CTCF IP - Osteoblasts ,,,
USF1,INPP5K,cns,USF1 IP | ATRA - SK-N-SH cells,,,
DHT,INPP5K,mammarygland,"DHT | FOXA1 ChIP-Seq, DHT | MYC ChIP-Seq",,,
GABPA,INPP5K,lung,GABPA IP - A549 cells,,,
E2F6,INPP5K,stemcells,E2F6 IP - H1 cells,,,
ZBTB7A,INPP5K,leukocytes,ZBTB7A IP - SK-N-SH cells,,,
ROSI,INPP5K,adiposetissue,"ROSI (BrAT) | KLF11 ChIP-Seq, Rep 1, ROSI (BrAT) | KLF11 ChIP-Seq, Rep 2",,,
ATF3,INPP5K,leukocytes,ATF3 IP - K562 cells,,,
JUND,INPP5K,lung,JUND IP - A549 cells,,,
MAX,INPP5K,cns,MAX IP - SK-N-SH cells,,,
ZNF143,INPP5K,kidney,ZNF143 IP - HEK293-T-rex,,,
IRF1,INPP5K,leukocytes,"IRF1 IP | IFNG - K562 cells, 6 h",,,
PBX3,INPP5K,cns,PBX3 IP - SK-N-SH cells,,,
CTCF,INPP5K,skeletalmuscle,"CTCF IP - HSMM cells, Rep 1 , CTCF IP - HSMM cells, Rep 2 ",,,
CTCF,INPP5K,esophagus,"CTCF IP - HEEpiC cells, Rep 2 , CTCF IP - HEEpiC cells, Rep 1 ",,,
MYC,INPP5K,lung,MYC IP - A549 cells,,,
FOXP1,INPP5K,prostate,DHT | FOXP1 ChIP-Seq,,,
ELF1,INPP5K,colon,ELF1 IP - HCT116 cells,,,
EGR1,INPP5K,colon,EGR1 IP - HCT116 cells,,,
MAZ,INPP5K,lung,MAZ IP - IMR cells,,,
ASCL1,INPP5K,skin,ASCL1 IP - NHDF,,,
UBTF,INPP5K,leukocytes,UBTF IP - K562 cells,,,
CTCF,INPP5K,pancreas,CTCF IP,,,
TP53,INPP5K,mammarygland,TP53 IP,,,
FOXA1,INPP5K,lung,FOXA1 IP - A549 cells,,,
GABPA,INPP5K,cns,GABPA IP - SK-N-SH cells,,,
TCF12,INPP5K,lung,TCF12 IP - A549 cells,,,
REST,INPP5K,stemcells,"REST IP - H1 cells, Rep 1",,,
RUNX1,INPP5K,hspcs,RUNX1,,,
ELF1,INPP5K,lung,ELF1 IP - A549 cells,,,
JUND,INPP5K,leukocytes,JUND IP - K562 cells,,,
IRF1,INPP5K,colon,IRF1 IP ,,,
REST,INPP5K,lung,REST IP - A549 cells,,,
MAX,INPP5K,vasculature,MAX IP - HUVEC cells,,,
SP1,INPP5K,liver,SP1 IP - HepG2 cells,,,
ELK1,INPP5K,uterus,ELK1 IP - HeLa cells,,,
IFNA1,INPP5K,leukocytes,"MYC IP | IFNA1 - K562 cells, 6 h",,,
TP53,INPP5K,bone,TP53 IP | TP53 OE,,,
SP1,INPP5K,colon,SP1 IP - HCT116 cells,,,
GMEB2,INPP5K,colon,GMEB2 IP ,,,
NFYA,INPP5K,leukocytes,NFYA IP - K562 cells,,,
TCF7L2,INPP5K,mammarygland,TCF7L2 ChIP-Seq,,,
REST,INPP5K,pancreas,"REST IP - Panc1 cells, Rep 3",,,
STAT5A,INPP5K,leukocytes,STAT5A IP - GM12878 cells,,,
SRF,INPP5K,leukocytes,SRF IP - SK-N-SH cells,,,
SRF,INPP5K,uterus,SRF IP - ECC1 cells,,,
ERG,INPP5K,leukocytes,ERG IP - Rep 1,,,
FOXP1,INPP5K,colon,FOXP1 IP ,,,
YY1,INPP5K,colon,YY1 IP - HCT116 cells,,,
FOXA2,MTMR2,stemcells,"FOXA2 IP - ES D10, FOXA2 IP - ES D2, FOXA2 IP - ES D7, FOXA2 IP - ES D5, FOXA2 IP - Rep 5 ",,,
ELF3,MTMR2,pancreas,"ELF3 IP, ELF3 IP, ELF3 IP | KLF5 KO",,,
KLF5,MTMR2,stomach,KLF5 IP - KATOIII,,,
GABPA,MTMR2,uterus,GABPA IP - HeLa cells,,,
STAT1,MTMR2,uterus,"STAT1 IP | IFNG - HeLa cells, 30 min",,,
IFNG,MTMR2,uterus,"STAT1 IP | IFNG - HeLa cells, 30 min",,,
CEBPB,MTMR2,leukocytes,"CEBPB ChIP-Seq - K562, CEBPB IP, CEBPB IP - K562 cells, CEBPB IP | oxLDL  - Rep 206",,,
HEY1,MTMR2,leukocytes,HEY1 IP - K562 cells,,,
FOXA1,MTMR2,prostate,"POU2F1 KD + DHT | FOXA1 ChIP-Seq, AR C562S OE + FOXA1 OE | FOXA1 ChIP-Seq, EtOH | FOXA1 ChIP-Seq - Rep 2, CON KD  | FOXA1 ChIP-Seq, FOXA1 ChIP-Seq - Rep 2, R1881 | FOXA1 ChIP-Seq - Rep 1, DHT | FOXA1 ChIP-Seq, CON KD | FOXA1 ChIP-Seq, FOXA1 siRNA | CREB1 ChIP-Seq - Rep 2, CON KD + R1881 | FOXA1 ChIP-Seq - Rep 1, FOXA1 ChIP-Seq - Rep 1, FOXA1 KD | FOXA1 ChIP-Seq, CON KD | FOXA1 ChIP-Seq, FOXA1 ChIP-Seq, EtOH | FOXA1 ChIP-Seq - , FOXA1 KD | FOXA1 ChIP-Seq, GATA2 KD  | FOXA1 ChIP-Seq, FOXA1 ChIP-Seq - Rep 2, CREB1 siRNA | FOXA1 ChIP-Seq - Rep 1, FOXA1 ChIP-Seq, DHT | FOXA1 ChIP-Seq, R1881 | FOXA1 ChIP-Seq - Rep 2, DHT | FOXA1 ChIP-Seq - C4- Rep 2B, FOXA1 KD | GATA2 ChIP-Seq, AR Q640X OE + FOXA1 OE | FOXA1 ChIP-Seq, FOXA1 ChIP-Seq - Rep 1, CON KD + R1881 | FOXA1 ChIP-Seq - Rep 2, FOXA1 ChIP-Seq - LNCaP-abl, GATA2 KD + R1881 | FOXA1 ChIP-Seq, DHT | FOXA1 ChIP-Seq, CON KD + R1881 | FOXA1 ChIP-Seq, PIAS1 + R1881 | FOXA1 ChIP-Seq - Rep 2, CREB1 siRNA | FOXA1 ChIP-Seq - Rep 2, PIAS1 + R1881 | FOXA1 ChIP-Seq - Rep 1, FOXA1 ChIP-Seq, WT AR OE + FOXA1 OE | FOXA1 ChIP-Seq - high FOXA1, CON KD | FOXA1 ChIP-Seq, DHT | FOXA1 ChIP-Seq",,,
DHT,MTMR2,prostate,"POU2F1 KD + DHT | FOXA1 ChIP-Seq, DHT | ERG ChIP-Seq - 18 h, DHT | ERG ChIP-Seq - 2 h, DHT | FOXA1 ChIP-Seq, DHT | FOXP1 ChIP-Seq, DHT | FOXA1 ChIP-Seq, DHT | NKX3-1 ChIP-Seq, DHT | FOXA1 ChIP-Seq - C4- Rep 2B, DHT | FOXA1 ChIP-Seq, DHT | FOXA1 ChIP-Seq",,,
POU2F1,MTMR2,prostate,POU2F1 KD + DHT | FOXA1 ChIP-Seq,,,
ERG,MTMR2,prostate,"DHT | ERG ChIP-Seq - 18 h, CON KD | ERG ChIP-Seq, ERG ChIP-Seq, DHT | ERG ChIP-Seq - 2 h, ERG KD | ERG ChiP-Seq, DMSO | ERG ChIP-Seq - Rep 1, JQI | ERG ChIP-Seq - Rep 2, ERG ChIP-Seq, ERG | ERG ChIP-Seq, JQI | ERG ChIP-Seq - Rep 1, DMSO | ERG ChIP-Seq - Rep 2",,,
CTCF,MTMR2,cns,"CTCF IP - HCPEpiC cells, Rep 1 ",,,
ELF1,MTMR2,cns,ELF1 IP - SK-N-SH cells,,,
AR,MTMR2,prostate,"AR C562S OE + FOXA1 OE | FOXA1 ChIP-Seq, AR Q640X OE + FOXA1 OE | FOXA1 ChIP-Seq, WT AR OE + FOXA1 OE | FOXA1 ChIP-Seq - high FOXA1","22383394,",,
MYC,MTMR2,mammarygland,"DHT | MYC ChIP-Seq, MYC IP",,,
DHT,MTMR2,mammarygland,"DHT | MYC ChIP-Seq, DHT | FOXA1 ChIP-Seq, DHT | TCF7L2 ChIP-Seq",,,
REST,MTMR2,leukocytes,"REST IP - GM12878 cells, Rep 1, REST IP - K562 cells, REST IP - GM12878 cells, Rep 14 , REST IP - GM12878 cells, Rep 2, REST IP - HL60 cells, REST IP - GM12878 cells, Rep 16 ",,,
MYC,MTMR2,leukocytes,"MYC IP - K562 cells, Rep 1, MYC IP - NB4 cells, MYC IP | IFNG - K562 cells, 30 min, MYC IP | IFNG - K562 cells, 6 h",,,
MAZ,MTMR2,lung,MAZ IP - IMR cells,,,
IRF1,MTMR2,colon,IRF1 IP ,,,
SP1,MTMR2,stemcells,SP1 IP - H1 cells,,,
JUN,MTMR2,vasculature,"JUN IP, JUN IP - HUVEC cells",,,
GATA6,MTMR2,stemcells,"GATA6 IP - Rep 5 , GATA6 IP - Rep 1 ",,,
GABPA,MTMR2,liver,"GABPA IP - MCF7 cells, GABPA IP - HepG2 cells, GABPA IP, GABPA IP, GABPA IP",,,
FOXA1,MTMR2,lung,FOXA1 IP | DEX - A549 cells,,,
DEX,MTMR2,lung,"FOXA1 IP | DEX - A549 cells, CREB1 IP | DEX - A549 cells",,,
RELA,MTMR2,adiposetissue,RELA IP,,,
MAX,MTMR2,leukocytes,"MAX IP - GM12878 cells, MAX IP - NB4 cells, MAX IP - K562 cells, MAX IP - K562 cells, Rep 2",,,
FOSL1,MTMR2,mammarygland,FOSL1 IP,,,
YY1,MTMR2,uterus,YY1 IP - ECC1 cells,,,
ZNF83,MTMR2,colon,ZNF83 IP ,,,
FOXM1,MTMR2,mammarygland,"FOXM1 IP - DS005, FOXM1 IP | THSP - DS006",,,
EGR1,MTMR2,uterus,EGR1 IP - ECC1 cells,,,
R1881,MTMR2,prostate,"R1881 | FOXA1 ChIP-Seq - Rep 1, CON KD + R1881 | FOXA1 ChIP-Seq - Rep 1, R1881 | FOXA1 ChIP-Seq - Rep 2, CON KD + R1881 | FOXA1 ChIP-Seq - Rep 2, GATA2 KD + R1881 | FOXA1 ChIP-Seq, CON KD + R1881 | FOXA1 ChIP-Seq, GABPA IP | R1881, PIAS1 + R1881 | FOXA1 ChIP-Seq - Rep 2, PIAS1 + R1881 | FOXA1 ChIP-Seq - Rep 1",,,
SP1,MTMR2,lung,SP1 IP - A549 cells,,,
ETV5,MTMR2,colon,ETV5 IP ,,,
YY1,MTMR2,cns,"YY1 IP - SK-N-SH cells, YY1 IP | ATRA - SK-N-SH cells",,,
E2F1,MTMR2,uterus,"E2F1 IP - HeLa cells, Rep 2, E2F1 IP - HeLa cells, Rep 1",,,
MAFK,MTMR2,liver,"MAFK IP - HepG2 cells, Rep 2, MAFK IP - HepG2 cells, Rep 1",,,
TP53,MTMR2,mammarygland,TP53 IP,,,
SPI1,MTMR2,leukocytes,"SPI1 IP, ROSI | SPI1 ChIP-Seq, SPI1 IP, SPI1 IP - GM12878 cells, SPI1 IP - K562 cells, SPI1 IP, SPI1 IP - HL cells, SPI1 IP, SPI1 IP, SPI1 IP - GM12891 cells, SPI1 IP, SPI1 IP - GM12878 cells, Rep 3 , SPI1 IP, SPI1 IP",,,
JUND,MTMR2,liver,"JUND IP - HepG2 cells, JUND IP - HepG2 cells",,,
TBP,MTMR2,uterus,TBP IP - HeLa cells,,,
TCF7L2,MTMR2,uterus,TCF7L2 IP - HeLa cells,,,
REST,MTMR2,liver,"REST IP - HepG2 cells, Rep 1, REST IP - HepG2 cells, Rep 2",,,
TCF12,MTMR2,cns,TCF12 IP - SK-N-SH cells,,,
MAZ,MTMR2,leukocytes,"MAZ IP - K562 cells, MAZ IP - GM12878 cells",,,
YY1,MTMR2,leukocytes,"YY1 IP - GM12891 cells, YY1 IP - K562 cells, Rep 2, YY1 IP - K562 cells, YY1 IP - K562 cells, Rep 1, YY1 IP - GM12892 cells, Rep 1, YY1 IP - GM12878 cells",,,
CEBPB,MTMR2,stemcells,"CEBPB IP, CEBPB IP, CEBPB IP, CEBPB IP, CEBPB IP, CEBPB IP, CEBPB IP",,,
ROSI,MTMR2,leukocytes,ROSI | SPI1 ChIP-Seq,,,
MAFK,MTMR2,lung,MAFK IP - IMR cells,,,
GABPA,MTMR2,cns,GABPA IP - SK-N-SH cells,,,
ETS1,MTMR2,lung,ETS1 IP - A549 cells,,,
TCF12,MTMR2,uterus,TCF12 IP - ECC1 cells,,,
REST,MTMR2,cns,"REST IP - SK-N-SH cells, REST IP - U87 cells, REST IP - PFSK1 cells, Rep 2, REST IP - SK cells, REST IP - PFSK-N-SH cells1 cells, Rep 1",,,
FOXP2,MTMR2,cns,FOXP2 IP - PFSK-1 cells,,,
E2F6,MTMR2,leukocytes,"E2F6 IP - K562 cells, E2F6 IP - K562 cells",,,
E2F6,MTMR2,uterus,E2F6 IP - HeLa cells,,,
FOXA1,MTMR2,liver,"FOXA1 IP - HepG2 cells, Rep 1, FOXA1 IP - HepG2 cells, Rep 2",,,
SRF,MTMR2,leukocytes,"SRF IP - SK-N-SH cells, SRF IP - GM12878 cells, Rep 2",,,
IRF1,MTMR2,leukocytes,"IRF1 IP | IFNA1-13 - K562 cells, 6 h, IRF1 IP | IFNG - K562 cells, 30 min",,,
IFNA1,MTMR2,leukocytes,"IRF1 IP | IFNA1-13 - K562 cells, 6 h",,,
FOSL2,MTMR2,cns,FOSL2 IP - SK-N-SH cells,,,
CEBPB,MTMR2,mammarygland,CEBPB IP - MCF7 cells,,,
E2F1,MTMR2,prostate,"E2F1 ChIP-Seq - Rep 1, HES6 OE + BICALU | E2F1 ChIP-Seq - Rep 3, BICALU | E2F1 ChIP-Seq - Rep 1, BICALU + HES6OE | E2F1 ChIP-Seq - Rep 4, BICALU | E2F1 ChIP-Seq - Rep 3, HES6 OE | E2F1 ChIP-Seq - Rep 3, E2F1 ChIP-Seq - Rep 2, E2F1 ChIP-Seq - Rep 3, HES6 OE | E2F1 ChIP-Seq - Rep 1, HES6 OE + BICALU | E2F1 ChIP-Seq - Rep 1, E2F1 ChIP-Seq - Rep 4",,,
FOXP1,MTMR2,prostate,DHT | FOXP1 ChIP-Seq,,,
YY1,MTMR2,stemcells,"YY1 IP - NT2 cells, YY1 IP - H1 cells",,,
ELF1,MTMR2,lung,ELF1 IP - A549 cells,,,
GABPA,MTMR2,prostate,"GABPA IP - Rep 2, GABPA IP - Rep 1, GABPA IP | R1881",,,
MAX,MTMR2,cns,MAX IP - SK-N-SH cells,,,
ETS1,MTMR2,leukocytes,"ETS1 IP - K562 cells, ETS1 IP, ETS1 IP - GM12878 cells",,,
E2F6,MTMR2,stemcells,E2F6 IP - H1 cells,,,
CREB1,MTMR2,lung,CREB1 IP | DEX - A549 cells,,,
BICALU,MTMR2,prostate,"HES6 OE + BICALU | E2F1 ChIP-Seq - Rep 3, BICALU | E2F1 ChIP-Seq - Rep 1, BICALU + HES6OE | E2F1 ChIP-Seq - Rep 4, BICALU | E2F1 ChIP-Seq - Rep 3, HES6 OE + BICALU | E2F1 ChIP-Seq - Rep 1",,,
HES6,MTMR2,prostate,"HES6 OE + BICALU | E2F1 ChIP-Seq - Rep 3, BICALU + HES6OE | E2F1 ChIP-Seq - Rep 4, HES6 OE | E2F1 ChIP-Seq - Rep 3, HES6 OE | E2F1 ChIP-Seq - Rep 1, HES6 OE + BICALU | E2F1 ChIP-Seq - Rep 1",,,
RELA,MTMR2,leukocytes,"RELA IP | BAY082  - IVD Th1 cells, PIA, RELA IP - IVD Th1 cells, PIA, RELA IP | TNF - GM19193 cells, RELA IP | TNF - GM12892 cells, RELA IP | TNF - GM19099 cells, RELA IP | TNF - GM15510 cells, RELA IP | TNF - GM10847 cells, RELA IP | TNF - GM18505 cells, RELA IP | TNF - GM12891 cells, RELA IP | TNF - GM18951 cells",,,
BAY082,MTMR2,leukocytes,"RELA IP | BAY082  - IVD Th1 cells, PIA",,,
CREB1,MTMR2,liver,"CREB1 IP, CREB1 IP - HepG2 cells, CREB1 IP",,,
JUND,MTMR2,cns,JUND IP - SK-N-SH cells ,,,
CEBPB,MTMR2,colon,"CEBPB IP - HCT116 cells, CEBPB IP | 125DVD3, CEBPB IP",,,
IRF1,MTMR2,pancreas,IRF1 IP,,,
CREB1,MTMR2,prostate,"FOXA1 siRNA | CREB1 ChIP-Seq - Rep 2, CREB1 siRNA | FOXA1 ChIP-Seq - Rep 1, CREB1 ChIP-Seq - LNCaP, CREB1 ChIP-Seq - Rep 2, CREB1 siRNA | FOXA1 ChIP-Seq - Rep 2, CREB1 ChIP-Seq - LNCaP-abl",,,
GABPA,MTMR2,leukocytes,"GABPA IP - GM12878 cells, Rep 1 , GABPA IP - GM12878 cells, GABPA IP - GM12878 cells, Rep 3 , GABPA IP - HL cells, GABPA IP - K562 cells, GABPA IP - Jurkat, Rep 1, GABPA IP - GM12878 cells, Rep 2 , GABPA IP - GM12878 cells, Rep 4 , GABPA IP - GM12878 cells, Rep 5 , GABPA IP - Jurkat, Rep 2",,,
E2F1,MTMR2,mammarygland,E2F1 IP,,,
KLF11,MTMR2,adiposetissue,"ROSI (BrAT) | KLF11 ChIP-Seq, Rep 1, ROSI (BrAT) | KLF11 ChIP-Seq, Rep 2, KLF11 ChIP-Seq, Rep 2",,,
ROSI,MTMR2,adiposetissue,"ROSI (BrAT) | KLF11 ChIP-Seq, Rep 1, ROSI (BrAT) | KLF11 ChIP-Seq, Rep 2",,,
CREB1,MTMR2,leukocytes,"CREB1 IP - K562 cells, CREB1 IP - GM12878 cells",,,
RUNX1,MTMR2,leukocytes,RUNX1 IP,,,
ELF1,MTMR2,mammarygland,ELF1 IP - MCF7 cells,,,
TCF7L2,MTMR2,pancreas,TCF7L2 IP,,,
TNF,MTMR2,leukocytes,"RELA IP | TNF - GM19193 cells, RELA IP | TNF - GM12892 cells, RELA IP | TNF - GM15510 cells, RELA IP | TNF - GM10847 cells, RELA IP | TNF - GM18505 cells, RELA IP | TNF - GM12891 cells, RELA IP | TNF - GM18951 cells",,,
JUND,MTMR2,uterus,JUND IP - HeLa cells,,,
MYB,MTMR2,leukocytes,"MYB IP - Jurkat, Rep 2, MYB IP - Jurkat, Rep 3, MYB IP - Jurkat, Rep 1",,,
FOXA1,MTMR2,mammarygland,"FOXA1 ChIP-Seq - Rep 1, DHT | FOXA1 ChIP-Seq, FOXA1 IP - T47D cells",,,
JUND,MTMR2,leukocytes,JUND IP - K562 cells,,,
JUN,MTMR2,mammarygland,"JUN IP - Rep 2, JUN IP, JUN IP | DEX, JUN IP - Rep 1",,,
TP53,MTMR2,lung,"TP53 IP - propapoptic, Rep 1",,,
ELF1,MTMR2,leukocytes,"ELF1 IP - SK-N-SH cells, ELF1 IP - SK-N-SH cells",,,
REST,MTMR2,lung,REST IP - A549 cells,,,
MEF2C,MTMR2,leukocytes,MEF2C IP - GM12878 cells,,,
NANOG,MTMR2,stemcells,"NANOG IP - Rep 8 , NANOG IP - Rep 4 , NANOG IP - H1 cells, NANOG IP - Rep 2 ",,,
GATA2,MTMR2,hspcs,GATA2 IP,,,
E2F4,MTMR2,leukocytes,E2F4 IP - K562 cells,,,
BACH1,MTMR2,stemcells,BACH1 IP - H1 cells,,,
125DVD3,MTMR2,colon,CEBPB IP | 125DVD3,,,
ELK1,MTMR2,uterus,"ELK1 IP - HeLa cells, ELK1 IP - HeLa",,,
FOS,MTMR2,mammarygland,"FOS IP | 4HT - MCF10A cells, 12 h, FOS IP - MCF10A cells, FOS IP | 4HT - MCF10A cells, 36 h, FOS IP | 4HT - MCF10A cells, 4 h",,,
4HT,MTMR2,mammarygland,"FOS IP | 4HT - MCF10A cells, 12 h, STAT3 IP | 4HT - MCF10 cells, 12 h, E2F4 IP | 4HT - MCF10 cells, FOS IP | 4HT - MCF10A cells, 36 h, FOS IP | 4HT - MCF10A cells, 4 h",,,
CEBPB,MTMR2,lung,"CEBPB ChIP-Seq - A549, CEBPB ChIP-Seq - IMR90, CEBPB IP - A549 cells",,,
GTF2B,MTMR2,uterus,"GTF2B IP - Rep 1, GTF2B IP - DTT, Rep 1, GTF2B IP - Rep 2, GTF2B IP - Rep 3",,,
MYC,MTMR2,uterus,MYC IP - HeLa cells,,,
STAT1,MTMR2,leukocytes,"STAT1 IP - Rep 5, STAT1 IP - Rep 3, STAT1 IP - Rep 1, STAT1 IP - Rep 4, STAT1 IP - Rep 2, STAT1 IP - Rep 6",,,
IFNG,MTMR2,leukocytes,"STAT1 IP - Rep 5, STAT1 IP - Rep 3, STAT1 IP - Rep 1, STAT1 IP - Rep 4, STAT1 IP - Rep 2, MYC IP | IFNG - K562 cells, 30 min, STAT1 IP - Rep 6, MYC IP | IFNG - K562 cells, 6 h, IRF1 IP | IFNG - K562 cells, 30 min",,,
MXI1,MTMR2,lung,MXI1 IP - IMR cells,,,
BACH1,MTMR2,leukocytes,BACH1 IP - K562 cells,,,
HOXA4,MTMR2,colon,HOXA4 IP ,,,
TBP,MTMR2,leukocytes,"TBP IP - K562 cells, TBP IP - GM12878 cells",,,
REST,MTMR2,pancreas,"REST IP - Panc1 cells, Rep 3",,,
ZNF143,MTMR2,leukocytes,"ZNF143 IP - GM12878 cells, ZNF143 IP - K562, ZNF143 IP - HPB-ALL, ZNF143 IP - K562 cells",,,
GATA6,MTMR2,stomach,"GATA6 IP - AGS, GATA6 IP - YCC3",,,
MEF2B,MTMR2,kidney,"MEF2B IP | MEF2B OE - Rep 2, MEF2B IP | MEF2B D83V OE - Rep 1, MEF2B IP | MEF2B OE - Rep 1",,,
ZBTB7A,MTMR2,liver,ZBTB7A IP - HepG2 cells,,,
STAT3,MTMR2,leukocytes,STAT3 IP - SU-DHL-6,,,
MAX,MTMR2,vasculature,MAX IP - HUVEC cells,,,
MAFF,MTMR2,leukocytes,MAFF IP - K562 cells,,,
GATA2,MTMR2,vasculature,GATA2 IP - HUVEC cells,"21666600,",,
TCF3,MTMR2,leukocytes,TCF3 IP - GM12878 cells,,,
SIX5,MTMR2,lung,SIX5 IP | DEX - A549 cells,,,
GATA4,MTMR2,stemcells,"GATA4 IP - Rep 8 , GATA4 IP - Rep 3 , GATA4 IP - Rep 11 , GATA4 IP - Rep 9 , GATA4 IP - Rep 10 ",,,
GATA3,MTMR2,mammarygland,"GATA3 IP - T47D cells, GATA3 IP - MCF7 cells",,,
STAT3,MTMR2,mammarygland,"STAT3 IP | 4HT - MCF10 cells, 12 h, STAT3 IP - MCF10A cells, Rep 2",,,
ZBTB7A,MTMR2,uterus,ZBTB7A IP - ECC1 cells,,,
ATF2,MTMR2,stemcells,ATF2 IP - H1 cells,,,
FOSL2,MTMR2,lung,FOSL2 IP - A549 cells,,,
GATA2,MTMR2,prostate,"GATA2 KD  | FOXA1 ChIP-Seq, FOXA1 KD | GATA2 ChIP-Seq, GATA2 KD + R1881 | FOXA1 ChIP-Seq",,,
MAX,MTMR2,uterus,"MAX IP - ECC1 cells, MAX IP - HeLa cells, Rep 1",,,
MAZ,MTMR2,uterus,MAZ IP - HeLa cells,,,
SRF,MTMR2,colon,SRF IP - HCT116 cells,,,
SIX2,MTMR2,kidney,"SIX2 IP - 17 weeks, Rep 1, SIX2 IP - 17 weeks, Rep 2",,,
FOSL2,MTMR2,liver,FOSL2 IP - HepG2 cells,,,
JQ1,MTMR2,prostate,"JQI | ERG ChIP-Seq - Rep 2, JQI | ERG ChIP-Seq - Rep 1",,,
JUND,MTMR2,colon,JUND IP - HCT116 cells,,,
HIF1A,MTMR2,bone,HIF1A IP,,,
CEBPB,MTMR2,bone,"CEBPB IP, CEBPB IP",,,
TEAD4,MTMR2,uterus,TEAD4 IP - ECC1 cells,,,
YY1,MTMR2,colon,YY1 IP - HCT116 cells,,,
JUND,MTMR2,vasculature,JUND IP,,,
PAX5,MTMR2,leukocytes,"PAX5 IP - GM12891 cells, PAX5 IP - GM12878 cells, Rep 2, PAX5 IP - GM12892 cells, PAX5 IP - GM12878 cells, Rep 1",,,
HOXA6,MTMR2,colon,HOXA6 IP ,,,
POU2F2,MTMR2,leukocytes,POU2F2 IP - GM12878 cells,,,
ZNF76,MTMR2,kidney,ZNF76 IP | ZNF76 OE,,,
NKX3-1,MTMR2,prostate,DHT | NKX3-1 ChIP-Seq,,,
MAX,MTMR2,liver,"MAX IP - MCF7 cells, MAX IP - HepG2 cells",,,
GTF2F1,MTMR2,uterus,GTF2F1 IP - HeLa cells,,,
IRF4,MTMR2,leukocytes,"IRF4 IP - GM12878 cells, IRF4 IP",,,
CEBPA,MTMR2,leukocytes,CEBPA IP,,,
RELA,MTMR2,colon,RELA IP ,,,
JUN,MTMR2,leukocytes,"JUN IP - K562 cells, Rep 2",,,
GABPA,MTMR2,lung,GABPA IP - A549 cells,,,
CTCF,MTMR2,leukocytes,"CTCF IP - GM19239 cells, Rep 1 , CTCF IP",,,
FOXA2,MTMR2,embryonictissue,"FOXA2 IP - Rep 2, FOXA2 IP - Rep 1",,,
HMGN3,MTMR2,leukocytes,HMGN3 IP - K562 cells,,,
TCF12,MTMR2,lung,TCF12 IP - A549 cells,,,
MAFK,MTMR2,stemcells,MAFK IP - H1 cells,,,
STAT5A,MTMR2,leukocytes,STAT5A IP - GM12878 cells,,,
CEBPB,MTMR2,uterus,CEBPB ChIP-Seq - HeLaS3,,,
KLF5,MTMR2,pancreas,"ELF3 IP | KLF5 KO, KLF5 IP",,,
ZBTB7A,MTMR2,leukocytes,ZBTB7A IP - SK-N-SH cells,,,
GTF2B,MTMR2,lung,GTF2B IP,,,
FOSL2,MTMR2,mammarygland,FOSL2 IP - MCF7 cells,,,
FOS,MTMR2,vasculature,FOS IP - HUVEC cells,,,
STAT3,MTMR2,uterus,STAT3 IP - HeLa cells,,,
TCF12,MTMR2,stemcells,TCF12 IP - H1 cells,,,
SMAD3,MTMR2,stemcells,SMAD3 ChIP-Seq - ESCs,,,
CEBPB,MTMR2,liver,CEBPB ChIP-Seq - HepG2,,,
ELK4,MTMR2,uterus,"ELK4 IP - HeLa, Rep 2, ELK4 IP - HeLa cells, ELK4 IP - HeLa, Rep 1",,,
ATF3,MTMR2,colon,"ATF3 IP - HCT116 cells, ATF3 IP | CAMPTO",,,
E2F4,MTMR2,mammarygland,E2F4 IP | 4HT - MCF10 cells,,,
E2F3,MTMR2,colon,E2F3 IP ,,,
FOXM1,MTMR2,leukocytes,FOXM1 IP - GM12878 cells,,,
SP1,MTMR2,colon,SP1 IP - HCT116 cells,,,
ELK1,MTMR2,leukocytes,"ELK1 IP - K562 cells, ELK1 IP - GM12878 cells",,,
GLI2,MTMR2,colon,GLI2 IP ,,,
UBTF,MTMR2,leukocytes,"UBTF IP - K562 cells, UBTF IP - K562 cells",,,
JUN,MTMR2,uterus,JUN IP - HeLa cells,,,
GATA2,MTMR2,cns,GATA2 ChIP-Seq SH-SY5Y,,,
EGR1,MTMR2,colon,EGR1 IP - HCT116 cells,,,
HEY1,MTMR2,liver,HEY1 IP - HepG2 cells,,,
PBX3,MTMR2,cns,PBX3 IP - SK-N-SH cells,,,
ZEB1,MTMR2,liver,ZEB1 IP - HepG2 cells,,,
E2F6,MTMR2,lung,E2F6 IP - A549 cells,,,
TEAD4,MTMR2,leukocytes,TEAD4 IP - K562 cells,,,
ZEB1,MTMR2,leukocytes,ZEB1 IP - GM12878 cells,,,
GATA4,MTMR2,stomach,GATA4 IP - AGS,,,
MAX,MTMR2,stemcells,MAX IP - H1 cells,,,
MAFF,MTMR2,liver,MAFF IP - HepG2 cells,,,
MAX,MTMR2,colon,MAX IP - HCT116 cells,,,
RUNX1,MTMR2,hspcs,RUNX1,,,
FOXA1,MTMR2,stemcells,FOXA1 IP - Rep 5 ,,,
MXI1,MTMR2,liver,MXI1 IP - HepG2 cells,,,
ZNF263,MTMR2,kidney,ZNF263 IP - HEK293 cells,,,
TEAD4,MTMR2,cns,TEAD4 IP - SK-N-SH cells,,,
REST,MTMR2,stemcells,"REST IP - H1 cells, Rep 1",,,
ATRA,MTMR2,cns,"YY1 IP | ATRA - SK-N-SH cells, USF1 IP | ATRA - SK-N-SH cells",,,
SRF,MTMR2,uterus,SRF IP - ECC1 cells,,,
FOXA2,MTMR2,liver,FOXA2 IP - HepG2 cells,,,
ZNF143,MTMR2,uterus,"ZNF143 IP - HeLa, Rep 1, ZNF143 Ip - HeLa, Rep 2, ZNF143 IP - HeLa cells",,,
TCF7L2,MTMR2,mammarygland,"DHT | TCF7L2 ChIP-Seq, TCF7L2 ChIP-Seq",,,
JUND,MTMR2,stemcells,JUND IP - H1 cells,,,
NFKB1,MTMR2,leukocytes,"NFKB1 IP - Rep 1, NFKB1 IP - Rep 2",,,
DEX,MTMR2,mammarygland,JUN IP | DEX,,,
JUND,MTMR2,lung,JUND IP - A549 cells,,,
FOXM1,MTMR2,cns,FOXM1 IP - SK-N-SH cells,,,
MAFK,MTMR2,uterus,MAFK IP - HeLa cells,,,
SIX5,MTMR2,leukocytes,SIX5 IP - GM12878 cells,,,
USF1,MTMR2,colon,USF1 IP - HCT116 cells,,,
FOXA2,MTMR2,lung,FOXA2 IP - A549 cells,,,
GTF2B,MTMR2,leukocytes,GTF2B IP - K562 cells,,,
MAFK,MTMR2,leukocytes,"MAFK IP - K562 cells, MAFK IP - K562 cells",,,
GABPA,MTMR2,stemcells,GABPA IP - H1 cells,,,
ATF2,MTMR2,leukocytes,ATF2 IP - GM12878 cells,,,
MXI1,MTMR2,cns,MXI1 IP - SK-N-SH cells ,,,
USF2,MTMR2,uterus,USF2 IP - HeLa cells,,,
ZNF143,MTMR2,colon,ZNF143 IP ,,,
MXI1,MTMR2,leukocytes,MXI1 IP - GM12878 cells,,,
MAX,MTMR2,lung,MAX IP - A549 cells,,,
ELF1,MTMR2,liver,ELF1 IP - HepG2 cells,,,
TP53,MTMR2,stemcells,TP53 IP | ATRA - differentiating,,,
ATRA,MTMR2,stemcells,TP53 IP | ATRA - differentiating,,,
E2F4,MTMR2,uterus,E2F4 IP - HeLa cells,,,
TAL1,MTMR2,colon,TAL1 IP ,,,
ZNF143,MTMR2,kidney,ZNF143 IP - HEK293-T-rex,,,
TCF12,MTMR2,leukocytes,TCF12 IP - GM12878 cells,,,
MTA3,MTMR2,leukocytes,MTA3 IP - GM12878 cells,,,
TEAD4,MTMR2,stemcells,TEAD4 IP - H1 cells,,,
JUN,MTMR2,colon,JUN IP ,,,
PIAS1,MTMR2,prostate,"PIAS1 + R1881 | FOXA1 ChIP-Seq - Rep 2, PIAS1 + R1881 | FOXA1 ChIP-Seq - Rep 1",,,
TBP,MTMR2,stemcells,TBP IP - H1 cells,,,
ATF2,MTMR2,colon,ATF2 IP ,,,
STAT2,MTMR2,colon,STAT2 IP ,,,
ETS1,MTMR2,pancreas,ETS1 IP,,,
NFATC1,MTMR2,leukocytes,NFATC1 IP - GM12878 cells,,,
MYBL2,MTMR2,liver,MYBL2 IP - HepG2 cells,,,
YY1,MTMR2,liver,YY1 IP - HepG2 cells,,,
ZNF143,MTMR2,stemcells,ZNF143 IP - H1 cells,,,
ELF1,MTMR2,colon,ELF1 IP - HCT116 cells,,,
CREB1,MTMR2,stemcells,CREB1 IP - H1 cells,,,
FOSL1,MTMR2,colon,FOSL1 IP - HCT116 cells,,,
USF1,MTMR2,stemcells,USF1 IP - H1 cells,,,
JUN,MTMR2,liver,JUN IP - HepG2 cells,,,
GTF2F1,MTMR2,stemcells,GTF2F1 IP - H1 cells,,,
YY1,MTMR2,lung,YY1 IP - A549 cells,,,
GATA3,MTMR2,cns,GATA3 IP - SK-N-SH cells,,,
ATF3,MTMR2,leukocytes,ATF3 IP - K562 cells,,,
TBP,MTMR2,liver,TBP IP - HepG2 cells,,,
FOS,MTMR2,uterus,FOS IP - HeLa cells,,,
USF1,MTMR2,cns,USF1 IP | ATRA - SK-N-SH cells,,,
CTCF,PI4KA,leukocytes,"CTCF IP - GM2255 cells, Rep 1 , CTCF IP - GM12890 cells, Rep 2 , CTCF IP - K562 cells, Rep 15 , CTCF IP - GM19239 cells, Rep 1 , CTCF IP - GM12878 cells, Rep 1 , CTCF IP - GM19238 cells, Rep 1 , CTCF IP - GM2610 cells, Rep 2 , CTCF IP - GM19240 cells, Rep 2 , CTCF IP - K562 cells, CTCF IP - GM12878 cells, Rep 2 , CTCF IP - GM10847 cells, Rep 1 , CTCF ChIP-Seq - GM12878, CTCF IP - GM19238 cells, Rep 2 , CTCF IP - MS1 cells, Rep 1 , CTCF IP - GM2610 cells, Rep 3 , CTCF IP - GM2610 cells, Rep 1 , CTCF IP - K562 cells, Rep 13 , CTCF IP - GM12892 cells, Rep 1 , CTCF IP - K562 cells, CTCF IP, CTCF IP -  DND , CTCF IP - MS1 cells, Rep 2 , CTCF IP - GM12890 cells, Rep 3 , CTCF IP - GM2630 cells, Rep 3 , CTCF IP - K562 cells, Rep 12 , CTCF IP - GM12891 cells, Rep 2 , CTCF IP - GM19240 cells, Rep 1 , CTCF IP - GM2630 cells, Rep 1 , CTCF IP - GM19099 cells, Rep 2 , CTCF IP - K562 cells, CTCF IP - K562 cells, Rep 2 , CTCF IP - GM19239 cells, Rep 2 , CTCF IP - K562 cells , CTCF IP - GM2255 cells, Rep 2 , CTCF IP - MS1 cells, Rep 3 , CTCF IP - GM2630 cells, Rep 2 , CTCF IP - GM2588 cells, Rep 2 , CTCF IP - K562 cells, Rep 11 , CTCF IP - GM12891 cells, Rep 1 , CTCF IP - MS1 cells, Rep 4 , CTCF IP - GM2588 cells, Rep 3 , CTCF IP - GM18526 cells, Rep 2 , CTCF IP - GM18486 cells, Rep 1 , CTCF IP - F36P cells, Rep 11 , CTCF IP - K562 cells, Rep 16 , CTCF IP - GM2255 cells, Rep 3 , CTCF IP - GM2588 cells, Rep 1 , CTCF IP - GM12892 cells, Rep 2 , CTCF IP - GM18486 cells, Rep 3 , CTCF IP - GM12890 cells, Rep 1 , CTCF IP - K562 cells, Rep 14 ",,,
MAX,PI4KA,leukocytes,"MAX IP - K562 cells, Rep 2, MAX IP - K562 cells, Rep 1, MAX IP - GM12878 cells, MAX IP - NB4 cells, MAX IP - K562 cells",,,
MAZ,PI4KA,uterus,MAZ IP - HeLa cells,,,
MXI1,PI4KA,uterus,MXI1 IP - HeLa cells,,,
SMAD1,PI4KA,hspcs,SMAD1 IP - Rep 3,,,
MAX,PI4KA,lung,"MAX IP - A549 cells, MAX IP - A549 cells",,,
CTCF,PI4KA,pancreas,CTCF IP,,,
GATA2,PI4KA,leukocytes,"GATA2 IP - K562 cells, GATA2 IP - K562 cells",,,
USF1,PI4KA,cns,"USF1 IP | ATRA - SK-N-SH cells, USF1 IP - SK-N-SH cells",,,
ATRA,PI4KA,cns,"USF1 IP | ATRA - SK-N-SH cells, YY1 IP | ATRA - SK-N-SH cells",,,
E2F1,PI4KA,prostate,"BICALU | E2F1 ChIP-Seq - Rep 1, BICALU | E2F1 ChIP-Seq - Rep 2, BICALU | E2F1 ChIP-Seq - Rep 3, BICALU + HES6OE | E2F1 ChIP-Seq - Rep 4, BICALU | E2F1 ChIP-Seq - Rep 4, HES6 OE | E2F1 ChIP-Seq - Rep 2, HES6 OE | E2F1 ChIP-Seq - Rep 3, E2F1 ChIP-Seq - Rep 2, E2F1 ChIP-Seq - Rep 3, HES6 OE | E2F1 ChIP-Seq - Rep 1, HES6 OE + BICALU | E2F1 ChIP-Seq - Rep 1, E2F1 ChIP-Seq - Rep 4, BICALU + HES6 OE | E2F1 ChIP-Seq - Rep 2, E2F1 ChIP-Seq - Rep 1, HES6 OE + BICALU | E2F1 ChIP-Seq - Rep 3, HES6 OE | E2F1 ChIP-Seq - Rep 4",,,
BICALU,PI4KA,prostate,"BICALU | E2F1 ChIP-Seq - Rep 1, BICALU | E2F1 ChIP-Seq - Rep 2, BICALU | E2F1 ChIP-Seq - Rep 3, BICALU + HES6OE | E2F1 ChIP-Seq - Rep 4, BICALU | E2F1 ChIP-Seq - Rep 4, HES6 OE + BICALU | E2F1 ChIP-Seq - Rep 1, BICALU + HES6 OE | E2F1 ChIP-Seq - Rep 2, HES6 OE + BICALU | E2F1 ChIP-Seq - Rep 3",,,
STAT1,PI4KA,leukocytes,"STAT1 IP - Rep 2, STAT1 IP - Rep 4, STAT1 IP - Rep 3, STAT1 IP - Rep 6, STAT1 IP | IFNG - K562 cells, 6 h, STAT1 IP | IFNA1-13 - K562 cells, 6 h, STAT1 IP | IFNA1-13 - K562 cells, 30 min, STAT1 IP - Rep 5, STAT1 IP | IFNG - K562 cells, 30 min, STAT1 IP - Rep 1",,,
IFNG,PI4KA,leukocytes,"STAT1 IP - Rep 2, STAT1 IP - Rep 4, STAT1 IP - Rep 3, STAT1 IP - Rep 6, JUN IP | IFNG - K562 cells, 6 h, JUN IP | IFNG - K562 cells, 30 min, STAT1 IP | IFNG - K562 cells, 6 h, IRF1 IP | IFNG - K562 cells, 30 min, IRF1 IP | IFNG - K562 cells, 6 h, MYC IP | IFNG - K562 cells, 6 h, STAT1 IP - Rep 5, MYC IP | IFNG - K562 cells, 30 min, STAT1 IP | IFNG - K562 cells, 30 min, STAT1 IP - Rep 1",,,
FOXA1,PI4KA,mammarygland,"FOXA1 ChIP-Seq - Rep 1, DEX | FOXA1 ChIP-Seq - Rep 1, FOXA1 ChIP-Seq - Rep 1, 17BE2 | FOXA1 ChIP-Seq - Rep 2, 17BE2 | FOXA1 ChIP-Seq - Rep 1, DEX | FOXA1 ChIP-Seq - Rep 1, DEX | FOXA1 ChIP-Seq - Rep 1, FOXA1 ChIP-Seq - Rep 2, FOXA1 ChIP-Seq - Rep 2, 17BE2 | FOXA1 ChIP-Seq - Rep 2, 17BE2 | FOXA1 ChIP-Seq - Rep 1, DHT | FOXA1 ChIP-Seq, FOXA1 ChIP-Seq - Rep 2, FOXA1 ChIP-Seq - Rep 1, 17BE2 | FOXA1 ChIP-Seq - Rep 1, 17BE2 | FOXA1 ChIP-Seq - Rep 2, DEX | FOXA1 ChIP-Seq - Rep 2, DEX | FOXA1 ChIP-Seq - Rep 2, FOXA1 IP - T47D cells",,,
STAT3,PI4KA,leukocytes,"STAT3 IP - SU-DHL-4, STAT3 IP - OCI-LY3, STAT3 IP - SU-DHL-6, STAT3 IP - OCI-LY10, STAT3 IP - SU-DHL-2, STAT3 IP - OCI-LY7, STAT3 IP - U-2932, STAT3 IP - OCI-LY19, STAT3 IP - SU-DHL-10",,,
CEBPB,PI4KA,liver,CEBPB IP | FORSK - HepG2 cells,,,
FORSK,PI4KA,liver,CEBPB IP | FORSK - HepG2 cells,,,
MYC,PI4KA,mammarygland,"DHT | MYC ChIP-Seq, MYC IP - MCF-10A cells",,,
DHT,PI4KA,mammarygland,"DHT | MYC ChIP-Seq, DHT | FOXA1 ChIP-Seq",,,
RELA,PI4KA,leukocytes,"RELA IP | TNF - GM19193 cells, RELA IP | TNF - GM15510 cells, RELA IP | TNF - GM12892 cells, RELA IP | TNF - GM18951 cells, RELA IP | TNF - GM19099 cells, RELA IP | BAY082  - IVD Th1 cells, PIA, RELA IP - IVD Th1 cells, PIA, RELA IP | TNF - GM12891 cells",,,
TNF,PI4KA,leukocytes,"RELA IP | TNF - GM19193 cells, RELA IP | TNF - GM15510 cells, RELA IP | TNF - GM12892 cells, RELA IP | TNF - GM18951 cells, RELA IP | TNF - GM12891 cells",,,
USF1,PI4KA,stemcells,USF1 IP - H1 cells,,,
DEX,PI4KA,mammarygland,"DEX | FOXA1 ChIP-Seq - Rep 1, DEX | FOXA1 ChIP-Seq - Rep 1, DEX | FOXA1 ChIP-Seq - Rep 1, DEX | FOXA1 ChIP-Seq - Rep 2, DEX | FOXA1 ChIP-Seq - Rep 2, JUN IP | DEX",,,
NFKB1,PI4KA,leukocytes,NFKB1 IP - Rep 2,,,
MAZ,PI4KA,leukocytes,"MAZ IP - GM12878 cells, MAZ IP - K562 cells",,,
MXI1,PI4KA,leukocytes,"MXI1 IP - GM12878 cells, MXI1 IP - K562 cells",,,
CEBPB,PI4KA,leukocytes,"CEBPB IP| oxLDL  - Rep 207, CEBPB IP, CEBPB IP - K562 cells, CEBPB IP - Rep 204, CEBPB ChIP-Seq - K562, CEBPB IP | oxLDL  - Rep 208, CEBPB IP - Rep 203, CEBPB IP - HL-60 cells, Rep 2 , CEBPB IP - Rep 201, CEBPB IP | oxLDL  - Rep 205, CEBPB IP | oxLDL  - Rep 206",,,
SPI1,PI4KA,leukocytes,"SPI1 IP - K562 cells, SPI1 IP, SPI1 IP, SPI1 IP - HL cells, SPI1 IP, SPI1 IP, SPI1 IP, SPI1 IP, SPI1 IP, SPI1 IP - U-937 cells, Rep 1 , ROSI | SPI1 ChIP-Seq",,,
JUN,PI4KA,vasculature,JUN IP,,,
JUND,PI4KA,mammarygland,JUND IP - MCF7 cells,,,
ARNTL,PI4KA,bone,"ARNTL IP, ARNTL IP, ARNTL IP, ARNTL IP",,,
USF1,PI4KA,leukocytes,"USF1 IP - GM12878 cells, USF1 IP - K562 cells",,,
FOXA1,PI4KA,liver,"FOXA1 IP - HepG2 cells, Rep 1, FOXA1 IP - HepG2 cells, Rep 2",,,
FOXA1,PI4KA,prostate,"CON KD + R1881 | FOXA1 ChIP-Seq, FOXA1 KD | GATA2 ChIP-Seq, FOXA1 ChIP-Seq, WT AR OE + FOXA1 OE | FOXA1 ChIP-Seq - high FOXA1, AR C562S OE + FOXA1 OE | FOXA1 ChIP-Seq, EtOH | FOXA1 ChIP-Seq - Rep 2, R1881 | FOXA1 ChIP-Seq - Rep 1, CON KD  | FOXA1 ChIP-Seq, CREB1 siRNA | FOXA1 ChIP-Seq - Rep 2, FOXA1 siRNA | CREB1 ChIP-Seq - Rep 1, CON KD | FOXA1 ChIP-Seq, CON KD | FOXA1 ChIP-Seq, FOXA1 ChIP-Seq - Rep 1, GATA2 KD  | FOXA1 ChIP-Seq, FOXA1 ChIP-Seq - Rep 2, CREB1 siRNA | FOXA1 ChIP-Seq - Rep 1, CON KD | FOXA1 ChIP-Seq, WT AR OE | FOXA1 ChIP-Seq, EtOH | FOXA1 ChIP-Seq - , DHT | FOXA1 ChIP-Seq, GATA2 KD + R1881 | FOXA1 ChIP-Seq, AR Q640X OE + FOXA1 OE | FOXA1 ChIP-Seq, R1881 | FOXA1 ChIP-Seq - Rep 2, FOXA1 ChIP-Seq - LNCaP-abl, FOXA1 siRNA | CREB1 ChIP-Seq - Rep 2",,,
R1881,PI4KA,prostate,"CON KD + R1881 | FOXA1 ChIP-Seq, GABPA IP | R1881, R1881 | FOXA1 ChIP-Seq - Rep 1, GATA2 KD + R1881 | FOXA1 ChIP-Seq, R1881 | FOXA1 ChIP-Seq - Rep 2",,,
TAL1,PI4KA,megakaryocytelineage,"TAL1 IP - CHRF-288-11 cells, Rep 1 , TAL1 IP - CHRF-288-11 cells, Rep 4 ",,,
MYC,PI4KA,bone,"MYC IP, MYC IP",,,
FOXA2,PI4KA,lung,FOXA2 IP - A549 cells,,,
HOXA4,PI4KA,colon,HOXA4 IP ,,,
CTCF,PI4KA,liver,"CTCF IP - SK-N-SH cells, CTCF IP",,,
RUNX1,PI4KA,hspcs,"RUNX1 IP, RUNX1",,,
PAX5,PI4KA,leukocytes,"PAX5 IP - GM12891 cells, PAX5 IP - GM12878 cells, Rep 1, PAX5 IP - GM12892 cells, PAX5 IP - GM12878 cells, Rep 2",,,
SREBF1,PI4KA,leukocytes,SREBF1 IP - GM12878 cells,,,
TCF12,PI4KA,cns,TCF12 IP - SK-N-SH cells,,,
TCF12,PI4KA,uterus,TCF12 IP - ECC1 cells,,,
MAX,PI4KA,uterus,"MAX IP - HeLa cells, Rep 1, MAX IP - ECC1 cells, MAX IP - HeLa cells, Rep 2",,,
TAL1,PI4KA,stemcells,"TAL1 IP - Rep 2 , TAL1 IP - Rep 1 ",,,
MAX,PI4KA,stemcells,"MAX IP - H1 cells, MAX IP - H1 cells",,,
MYC,PI4KA,leukocytes,"MYC IP - K562 cells, Rep 1, MYC IP - K562 cells, Rep 2, MYC IP | IFNA1 - K562 cells, 30 min, MYC IP - NB4 cells, MYC IP | IFNA1 - K562 cells, 6 h, MYC IP | IFNG - K562 cells, 6 h, MYC IP | IFNG - K562 cells, 30 min",,,
GATA2,PI4KA,cns,GATA2 ChIP-Seq SH-SY5Y,,,
JUN,PI4KA,mammarygland,"JUN IP - Rep 1, JUN IP - Rep 2, JUN IP, JUN IP | CPDA, JUN IP | DEX",,,
GATA2,PI4KA,prostate,"FOXA1 KD | GATA2 ChIP-Seq, GATA2 KD  | FOXA1 ChIP-Seq, GATA2 KD + R1881 | FOXA1 ChIP-Seq",,,
USF1,PI4KA,lung,"USF1 IP - A549 cells, Rep 1, USF1 IP | DEX - A549 cells, USF1 IP - A549 cells, Rep 2",,,
FOXA2,PI4KA,stemcells,"FOXA2 IP - ES D2, FOXA2 IP - ES D10, FOXA2 IP - ES D5, FOXA2 IP - ES D7",,,
IRF4,PI4KA,leukocytes,IRF4 IP,,,
ATF3,PI4KA,leukocytes,"ATF3 IP - K562 cells, ATF3 IP - K562 cells, ATF3 IP - GM12878 cells",,,
17BE2,PI4KA,mammarygland,"17BE2 | FOXA1 ChIP-Seq - Rep 2, 17BE2 | FOXA1 ChIP-Seq - Rep 1, 17BE2 | FOXA1 ChIP-Seq - Rep 2, 17BE2 | FOXA1 ChIP-Seq - Rep 1, 17BE2 | FOXA1 ChIP-Seq - Rep 1, 17BE2 | FOXA1 ChIP-Seq - Rep 2",,,
RBPJ,PI4KA,leukocytes,RBPJ IP | COMPE,,,
COMPE,PI4KA,leukocytes,RBPJ IP | COMPE,,,
SP1,PI4KA,colon,SP1 IP - HCT116 cells,,,
FOXM1,PI4KA,mammarygland,"FOXM1 IP | THSP - DS006, FOXM1 IP - DS005",,,
FOSL2,PI4KA,liver,FOSL2 IP - HepG2 cells,,,
SIX5,PI4KA,leukocytes,"SIX5 IP - K562 cells, Rep 2, SIX5 IP - K562 cells, Rep 1, SIX5 IP - GM12878 cells",,,
MEF2C,PI4KA,leukocytes,MEF2C IP - GM12878 cells,,,
TEAD4,PI4KA,leukocytes,TEAD4 IP - K562 cells,,,
E2F6,PI4KA,leukocytes,"E2F6 IP - K562 cells, E2F6 IP - K562 cells",,,
TBP,PI4KA,leukocytes,"TBP IP - GM12878 cells, TBP IP - K562 cells",,,
ERG,PI4KA,prostate,"ERG ChIP-Seq, JQI | ERG ChIP-Seq - Rep 1, DMSO | ERG ChIP-Seq - Rep 2, ERG ChIP-Seq, DHT | ERG ChIP-Seq - 18 h, DHT | ERG ChIP-Seq - 2 h, JQI | ERG ChIP-Seq - Rep 2, DMSO | ERG ChIP-Seq - Rep 1",,,
CREB1,PI4KA,leukocytes,"CREB1 IP - GM12878 cells, CREB1 IP - K562 cells",,,
ETS1,PI4KA,leukocytes,"ETS1 IP - K562 cells, ETS1 IP - GM12878 cells, ETS1 IP",,,
PBX3,PI4KA,leukocytes,PBX3 IP - GM12878 cells,,,
YY1,PI4KA,leukocytes,"YY1 IP - GM12878 cells, YY1 IP - GM12891 cells, YY1 IP - K562 cells, Rep 1, YY1 IP - K562 cells, YY1 IP - GM12892 cells, Rep 1, YY1 IP - K562 cells, Rep 2",,,
ATF3,PI4KA,colon,"ATF3 IP | CAMPTO, ATF3 IP - HCT116 cells",,,
E2F6,PI4KA,lung,E2F6 IP - A549 cells,,,
MAX,PI4KA,liver,"MAX IP - MCF7 cells, MAX IP - HepG2 cells, MAX IP - HepG2 cells",,,
FOS,PI4KA,mammarygland,"FOS IP | 4HT - MCF10A cells, 36 h, FOS IP | 4HT - MCF10A cells, 12 h, FOS IP | 4HT - MCF10A cells, 4 h, FOS IP - MCF10A cells",,,
4HT,PI4KA,mammarygland,"FOS IP | 4HT - MCF10A cells, 36 h, E2F4 IP | 4HT - MCF10 cells, FOS IP | 4HT - MCF10A cells, 12 h, FOS IP | 4HT - MCF10A cells, 4 h",,,
GABPA,PI4KA,prostate,"GABPA IP | R1881, GABPA IP - Rep 1",,,
RUNX1,PI4KA,leukocytes,"RUNX1 IP, RUNX1 IP - Rep 2, RUNX1 IP",,,
ERG,PI4KA,leukocytes,ERG IP - Rep 1,,,
E2F4,PI4KA,leukocytes,"E2F4 IP - GM12878 cells, E2F4 IP - K562 cells",,,
E2F3,PI4KA,colon,E2F3 IP ,,,
GATA3,PI4KA,lung,GATA3 IP - A549 cells,,,
AR,PI4KA,prostate,"WT AR OE + FOXA1 OE | FOXA1 ChIP-Seq - high FOXA1, AR C562S OE + FOXA1 OE | FOXA1 ChIP-Seq, WT AR OE | FOXA1 ChIP-Seq, AR Q640X OE + FOXA1 OE | FOXA1 ChIP-Seq",,,
SATB1,PI4KA,liver,SATB1 IP,,,
HES6,PI4KA,prostate,"BICALU + HES6OE | E2F1 ChIP-Seq - Rep 4, HES6 OE | E2F1 ChIP-Seq - Rep 2, HES6 OE | E2F1 ChIP-Seq - Rep 3, HES6 OE | E2F1 ChIP-Seq - Rep 1, HES6 OE + BICALU | E2F1 ChIP-Seq - Rep 1, BICALU + HES6 OE | E2F1 ChIP-Seq - Rep 2, HES6 OE + BICALU | E2F1 ChIP-Seq - Rep 3, HES6 OE | E2F1 ChIP-Seq - Rep 4",,,
CUX1,PI4KA,leukocytes,CUX1 IP - K562 cells,,,
STAT5A,PI4KA,leukocytes,STAT5A IP - K562 cells,,,
CREB1,PI4KA,uterus,CREB1 IP - ECC1 cells,,,
THAP1,PI4KA,leukocytes,THAP1 IP - K562 cells,,,
SRF,PI4KA,colon,SRF IP - HCT116 cells,,,
BHLHE40,PI4KA,leukocytes,"BHLHE40 IP - K562 cells, BHLHE40 IP - GM12878 cells",,,
IRF1,PI4KA,pancreas,IRF1 IP,,,
FOS,PI4KA,leukocytes,FOS IP - K562 cells,,,
ELK4,PI4KA,kidney,"ELK4 IP - HEK293, Rep 2, ELK4 IP - HEK293 cells",,,
JUN,PI4KA,leukocytes,"JUN IP | IFNG - K562 cells, 6 h, JUN IP | IFNG - K562 cells, 30 min, JUN IP - K562 cells, Rep 1, JUN IP | IFNA1-13 - 30 min , JUN IP - K562 cells, Rep 2, JUN IP | IFNA1-13 - K562 cells, 6 h",,,
GABPA,PI4KA,leukocytes,"GABPA IP - HL cells, GABPA IP - Jurkat, Rep 2, GABPA IP - GM12878 cells, Rep 5 , GABPA IP - GM12878 cells, GABPA IP - GM12878 cells, Rep 4 , GABPA IP - Jurkat, Rep 1, GABPA IP - K562 cells",,,
CEBPA,PI4KA,leukocytes,CEBPA IP,,,
CEBPB,PI4KA,stemcells,"CEBPB IP, CEBPB IP, CEBPB IP",,,
JUND,PI4KA,cns,"JUND IP - SK-N-SH cells , JUND IP - SK-N-SH cells",,,
MYC,PI4KA,uterus,MYC IP - HeLa cells,,,
FOXA1,PI4KA,uterus,FOXA1 IP - ECC1 cells,,,
TBP,PI4KA,liver,TBP IP - HepG2 cells,,,
USF1,PI4KA,liver,USF1 IP - HepG2 cells,,,
JQ1,PI4KA,prostate,"JQI | ERG ChIP-Seq - Rep 1, JQI | ERG ChIP-Seq - Rep 2",,,
MAZ,PI4KA,liver,MAZ IP - HepG2 cells,,,
CREB1,PI4KA,lung,"CREB1 IP - A549 cells, Rep 2, CREB1 IP - A549 cells, Rep 1, CREB1 IP | DEX - A549 cells",,,
ELF1,PI4KA,lung,ELF1 IP - A549 cells,,,
ELK4,PI4KA,uterus,"ELK4 IP - HeLa, Rep 1, ELK4 IP - HeLa cells, ELK4 IP - HeLa, Rep 2",,,
ELK1,PI4KA,uterus,ELK1 IP - HeLa cells,,,
HMGN3,PI4KA,leukocytes,HMGN3 IP - K562 cells,,,
UBTF,PI4KA,leukocytes,"UBTF IP - K562 cells, UBTF IP - K562 cells",,,
FOSL1,PI4KA,leukocytes,FOSL1 IP - K562 cells,,,
ELF1,PI4KA,colon,ELF1 IP - HCT116 cells,,,
CEBPB,PI4KA,colon,CEBPB IP - HCT116 cells,,,
STAT2,PI4KA,leukocytes,"STAT2 IP | IFNA1-13 - K562 cells, 30 min, STAT2 IP | IFNA1-13 - K562 cells, 6 h",,,
IFNA1,PI4KA,leukocytes,"STAT2 IP | IFNA1-13 - K562 cells, 30 min, MYC IP | IFNA1 - K562 cells, 30 min, JUN IP | IFNA1-13 - 30 min , STAT2 IP | IFNA1-13 - K562 cells, 6 h, MYC IP | IFNA1 - K562 cells, 6 h, JUN IP | IFNA1-13 - K562 cells, 6 h, STAT1 IP | IFNA1-13 - K562 cells, 6 h, STAT1 IP | IFNA1-13 - K562 cells, 30 min, IRF1 IP | IFNA1-13 - K562 cells, 6 h",,,
SIX5,PI4KA,lung,SIX5 IP | DEX - A549 cells,,,
GATA6,PI4KA,stomach,"GATA6 IP - AGS, GATA6 IP - YCC3",,,
KLF11,PI4KA,adiposetissue,"ROSI (BrAT) | KLF11 ChIP-Seq, Rep 1, KLF11 ChIP-Seq, Rep 1, ROSI (BrAT) | KLF11 ChIP-Seq, Rep 2, KLF11 ChIP-Seq, Rep 2",,,
ROSI,PI4KA,adiposetissue,"ROSI (BrAT) | KLF11 ChIP-Seq, Rep 1, ROSI (BrAT) | KLF11 ChIP-Seq, Rep 2",,,
ZNF143,PI4KA,leukocytes,"ZNF143 IP - GM12878 cells, ZNF143 IP - K562 cells",,,
IRF1,PI4KA,leukocytes,"IRF1 IP | IFNG - K562 cells, 30 min, IRF1 IP | IFNG - K562 cells, 6 h, IRF1 IP | IFNA1-13 - K562 cells, 6 h",,,
NFYB,PI4KA,leukocytes,"NFYB IP - GM12878 cells, NFYB IP - K562 cells",,,
REST,PI4KA,stemcells,"REST IP - H1 cells, Rep 1",,,
USF1,PI4KA,uterus,USF1 IP - ECC1 cells,,,
CLOCK,PI4KA,bone,"CLOCK IP, CLOCK IP",,,
SIX2,PI4KA,kidney,"SIX2 IP - 17 weeks, Rep 2, SIX2 IP - 17 weeks, Rep 1",,,
DEX,PI4KA,lung,"USF1 IP | DEX - A549 cells, FOXA1 IP | DEX - A549 cells, CREB1 IP | DEX - A549 cells",,,
BACH1,PI4KA,stemcells,BACH1 IP - H1 cells,,,
TAL1,PI4KA,colon,TAL1 IP ,,,
REST,PI4KA,cns,"REST IP - U87 cells, REST IP - SK cells, REST IP - PFSK1 cells, Rep 2",,,
GATA1,PI4KA,hspcs,"GATA1 IP - PBDE cells, Rep 1",,,
CREB1,PI4KA,prostate,"CREB1 siRNA | FOXA1 ChIP-Seq - Rep 2, CREB1 ChIP-Seq - Rep 1, FOXA1 siRNA | CREB1 ChIP-Seq - Rep 1, CREB1 ChIP-Seq - LNCaP, CREB1 ChIP-Seq - Rep 2, CREB1 siRNA | FOXA1 ChIP-Seq - Rep 1, CREB1 ChIP-Seq - LNCaP-abl, FOXA1 siRNA | CREB1 ChIP-Seq - Rep 2",,,
MYB,PI4KA,leukocytes,"MYB IP - MOLT3, MYB IP - Jurkat, Rep 5, MYB IP - Jurkat, Rep 4, MYB IP - Jurkat, Rep 1, MYB IP - Jurkat, Rep 2, MYB IP - Jurkat, Rep 3",,,
USF1,PI4KA,colon,USF1 IP - HCT116 cells,,,
ZBTB7A,PI4KA,leukocytes,ZBTB7A IP - SK-N-SH cells,,,
MYC,PI4KA,liver,MYC IP,,,
MEF2A,PI4KA,leukocytes,"MEF2A IP - K562 cells, MEF2A IP - GM12878 cells",,,
USF2,PI4KA,leukocytes,"USF2 IP - GM12878 cells, USF2 IP - K562 cells",,,
GATA3,PI4KA,mammarygland,"GATA3 IP - T47D cells, GATA3 IP - MCF7 cells",,,
TCF7L2,PI4KA,mammarygland,TCF7L2 ChIP-Seq,,,
ATF3,PI4KA,liver,ATF3 IP - HepG2 cells,,,
CTCF,PI4KA,hspcs,"CTCF IP - Erythroid cells, Rep 1, CTCF IP - Erythroid cells, Rep 2",,,
BAY082,PI4KA,leukocytes,"RELA IP | BAY082  - IVD Th1 cells, PIA",,,
MXI1,PI4KA,cns,MXI1 IP - SK-N-SH cells ,,,
TAL1,PI4KA,leukocytes,"TAL1 IP - MOLT3, TAL1 IP - K562 cells",,,
USF2,PI4KA,uterus,USF2 IP - HeLa cells,,,
FOXA1,PI4KA,lung,FOXA1 IP | DEX - A549 cells,,,
CREB1,PI4KA,liver,"CREB1 IP, CREB1 IP - HepG2 cells, CREB1 IP",,,
GABPA,PI4KA,lung,GABPA IP - A549 cells,,,
GATA4,PI4KA,stomach,"GATA4 IP - YCC3, GATA4 IP - AGS",,,
CTCF,PI4KA,mammarygland,CTCF IP - MCF7 cells,,,
USF2,PI4KA,liver,USF2 IP - HepG2 cells,,,
NFYA,PI4KA,leukocytes,NFYA IP - K562 cells,,,
YY1,PI4KA,stemcells,YY1 IP - H1 cells,,,
ATF3,PI4KA,lung,ATF3 IP - A549 cells,,,
IRF1,PI4KA,colon,IRF1 IP ,,,
TCF3,PI4KA,leukocytes,TCF3 IP - GM12878 cells,,,
HEY1,PI4KA,leukocytes,HEY1 IP - K562 cells,,,
SIX1,PI4KA,kidney,"SIX1 IP - 17 weeks, Rep 1",,,
EGR1,PI4KA,leukocytes,"EGR1 IP - GM12878 cells, Rep 1, EGR1 IP - K562 cells",,,
FOXA2,PI4KA,liver,FOXA2 IP - HepG2 cells,"19822575,",,
ZEB1,PI4KA,liver,ZEB1 IP - HepG2 cells,,,
TEAD4,PI4KA,uterus,TEAD4 IP - ECC1 cells,,,
E2F1,PI4KA,mammarygland,"E2F1 IP, E2F1 IP - MCF7 cells",,,
MXI1,PI4KA,lung,MXI1 IP - IMR cells,,,
TCF12,PI4KA,lung,TCF12 IP - A549 cells,,,
MAX,PI4KA,colon,MAX IP - HCT116 cells,,,
JUND,PI4KA,colon,JUND IP - HCT116 cells,,,
ZBTB7A,PI4KA,liver,ZBTB7A IP - HepG2 cells,,,
JUND,PI4KA,leukocytes,"JUND IP - GM12878 cells, Rep 1 , JUND IP - K562 cells",,,
GATA3,PI4KA,cns,GATA3 IP - SK-N-SH cells,,,
MYBL2,PI4KA,liver,MYBL2 IP - HepG2 cells,,,
GABPA,PI4KA,liver,"GABPA IP - HepG2 cells, GABPA IP, GABPA IP - MCF7 cells",,,
HOXA6,PI4KA,colon,HOXA6 IP ,,,
EBF1,PI4KA,leukocytes,"EBF1 IP - GM12878 cells, EBF1 IP - GM12878 cells",,,
KLF5,PI4KA,stomach,KLF5 IP - KATOIII,,,
JUND,PI4KA,liver,"JUND IP - HepG2 cells, JUND IP - HepG2 cells",,,
GATA1,PI4KA,leukocytes,"GATA1 ChIP-Seq - SC266, GATA1 ChIP-Seq - K562",,,
ZNF263,PI4KA,leukocytes,ZNF263 IP - K562 cells,,,
ZNF384,PI4KA,leukocytes,ZNF384 IP - K562 cells,,,
SP1,PI4KA,stemcells,SP1 IP - H1 cells,,,
SIX5,PI4KA,stemcells,SIX5 IP - H1 cells,,,
CPDA,PI4KA,mammarygland,JUN IP | CPDA,,,
E2F4,PI4KA,mammarygland,E2F4 IP | 4HT - MCF10 cells,,,
GABPA,PI4KA,cns,GABPA IP - SK-N-SH cells,,,
EGR1,PI4KA,colon,EGR1 IP - HCT116 cells,,,
CTCF,PI4KA,skin,"CTCF IP - GM12878 cells, Rep 2 , CTCF IP - AG04449 cells, Rep 1 ",,,
MAFK,PI4KA,leukocytes,"MAFK IP - K562 cells, MAFK IP - K562 cells, MAFK IP - GM12878 cells",,,
MAFK,PI4KA,uterus,MAFK IP - HeLa cells,,,
STAT1,PI4KA,uterus,"STAT1 IP | IFNG - HeLa cells, 30 min",,,
IFNG,PI4KA,uterus,"STAT1 IP | IFNG - HeLa cells, 30 min",,,
CTCF,PI4KA,colon,CTCF IP - Caco ,,,
STAT5B,PI4KA,leukocytes,"STAT5B IP | H9, Rep 2, STAT5B IP | H9RET, Rep 2",,,
H9,PI4KA,leukocytes,"STAT5B IP | H9, Rep 2",,,
USF2,PI4KA,stemcells,USF2 IP - H1 cells,,,
CTCF,PI4KA,cns,"CTCF IP - SK-N-SH cells , CTCF IP - HCPEpiC cells, Rep 1 ",,,
ELF1,PI4KA,cns,ELF1 IP - SK-N-SH cells,,,
REST,PI4KA,liver,"REST IP - HepG2 cells, Rep 2",,,
ARID3A,PI4KA,leukocytes,ARID3A IP - K562 cells,,,
MXI1,PI4KA,stemcells,MXI1 IP - H1 cells,,,
HEY1,PI4KA,liver,HEY1 IP - HepG2 cells,,,
TBP,PI4KA,stemcells,TBP IP - H1 cells,,,
FOSL1,PI4KA,colon,FOSL1 IP - HCT116 cells,,,
ZEB1,PI4KA,leukocytes,ZEB1 IP - GM12878 cells,,,
ATF1,PI4KA,leukocytes,ATF1 IP - K562 cells,,,
SREBF1,PI4KA,liver,SREBF1 IP | INS + 22RHC - HepG2 cells,,,
22RHC; INS,PI4KA,liver,SREBF1 IP | INS + 22RHC - HepG2 cells,,,
ATF2,PI4KA,leukocytes,ATF2 IP - GM12878 cells,,,
SP1,PI4KA,liver,SP1 IP - HepG2 cells,,,
ZBTB17,PI4KA,bone,ZBTB17 IP,,,
BHLHE40,PI4KA,liver,BHLHE40 IP - HepG2 cells,,,
YY1,PI4KA,colon,YY1 IP - HCT116 cells,,,
ARID3A,PI4KA,liver,ARID3A IP - HepG2 cells,,,
JUND,PI4KA,stemcells,"JUND IP - H1 cells, JUND IP - H1 cells",,,
CTCF,PI4KA,sensory,"CTCF IP - WERI-Rb-1- cells, Rep 1 ",,,
JUND,PI4KA,lung,JUND IP - A549 cells,,,
FOXP2,PI4KA,cns,FOXP2 IP - PFSK-1 cells,,,
E2F6,PI4KA,stemcells,E2F6 IP - H1 cells,,,
MAX,PI4KA,vasculature,MAX IP - HUVEC cells,,,
CTCF,PI4KA,megakaryocytelineage,"CTCF IP - MEG-01 cells, Rep 8 ",,,
DHT,PI4KA,prostate,"DHT | ERG ChIP-Seq - 18 h, DHT | ERG ChIP-Seq - 2 h, DHT | FOXA1 ChIP-Seq",,,
SP1,PI4KA,leukocytes,"SP1 IP - K562 cells, SP1 IP - GM12878 cells",,,
E2F1,PI4KA,uterus,"E2F1 IP - HeLa cells, Rep 2, E2F1 IP - HeLa cells, Rep 1",,,
ELK1,PI4KA,leukocytes,"ELK1 IP - K562 cells, ELK1 IP - GM12878 cells",,,
ELF1,PI4KA,liver,ELF1 IP - HepG2 cells,,,
YY1,PI4KA,cns,"YY1 IP - SK-N-SH cells, YY1 IP | ATRA - SK-N-SH cells",,,
POU2F2,PI4KA,leukocytes,POU2F2 IP - GM12878 cells,,,
SP1,PI4KA,lung,SP1 IP - A549 cells,,,
YY1,PI4KA,liver,YY1 IP - HepG2 cells,,,
CREB1,PI4KA,stemcells,CREB1 IP - H1 cells,,,
RUNX1T1,PI4KA,leukocytes,RUNX1T1 IP,,,
BHLHE40,PI4KA,lung,BHLHE40 IP - A549 cells,,,
CEBPB,PI4KA,lung,CEBPB ChIP-Seq - IMR90,,,
FLI1,PI4KA,hspcs,FLI1 IP,,,
MAFF,PI4KA,liver,MAFF IP - HepG2 cells,,,
ZBTB7A,PI4KA,uterus,ZBTB7A IP - ECC1 cells,,,
NANOG,PI4KA,stemcells,NANOG IP - H1 cells,,,
JUN,PI4KA,colon,JUN IP ,,,
ATF3,PI4KA,stemcells,ATF3 IP - H1 cells,,,
PBX3,PI4KA,cns,PBX3 IP - SK-N-SH cells,,,
ZNF263,PI4KA,kidney,ZNF263 IP - HEK293 cells,,,
MAZ,PI4KA,lung,MAZ IP - IMR cells,,,
FOXA2,PI4KA,embryonictissue,FOXA2 IP - Rep 2,,,
ELF1,PI4KA,leukocytes,"ELF1 IP - SK-N-SH cells, ELF1 IP - SK-N-SH cells",,,
TP53,PI4KA,mammarygland,TP53 IP,,,
E2F4,PI4KA,uterus,E2F4 IP - HeLa cells,,,
ELF1,PI4KA,mammarygland,ELF1 IP - MCF7 cells,,,
TCF12,PI4KA,leukocytes,TCF12 IP - GM12878 cells,,,
REST,PI4KA,leukocytes,REST IP - K562 cells,,,
SRF,PI4KA,leukocytes,SRF IP - K562 cells,,,
BCL3,PI4KA,leukocytes,BCL3 IP - K562 cells,,,
YY1,PI4KA,uterus,YY1 IP - ECC1 cells,,,
MAX,PI4KA,cns,MAX IP - SK-N-SH cells,,,
CTCF,PI4KA,vasculature,"CTCF IP - HBMEC cells, Rep 1 ",,,
H9RET,PI4KA,leukocytes,"STAT5B IP | H9RET, Rep 2",,,
ZNF143,PI4KA,stemcells,ZNF143 IP - H1 cells,,,
GATA2,PI4KA,hspcs,GATA2 IP,,,
CEBPB,PI4KA,uterus,CEBPB ChIP-Seq - HeLaS3,,,
ROSI,PI4KA,leukocytes,ROSI | SPI1 ChIP-Seq,,,
FOXM1,PI4KA,leukocytes,FOXM1 IP - GM12878 cells,,,
MAFK,PI4KA,lung,MAFK IP - IMR cells,,,
GTF2B,PI4KA,uterus,GTF2B IP - Rep 2,,,
SRF,PI4KA,uterus,SRF IP - ECC1 cells,,,
SRF,PI4KA,stemcells,SRF IP - Rep 6 ,,,
MXI1,PI4KA,liver,MXI1 IP - HepG2 cells,,,
HIF1A,PI4KA,bone,HIF1A IP,,,
MAFF,PI4KA,leukocytes,MAFF IP - K562 cells,,,
FOXA1,PI4KB,mammarygland,"17BE2 | FOXA1 ChIP-Seq, DEX | FOXA1 ChIP-Seq - Rep 1, DHT | FOXA1 ChIP-Seq, FOXA1 ChIP-Seq - Rep 1, FOXA1 ChIP-Seq - Rep 2, FOXA1 ChIP-Seq - Rep 1, 17BE2 | FOXA1 ChIP-Seq - Rep 1, FOXA1 ChIP-Seq, 17BE2 | FOXA1 ChIP-Seq - Rep 2, DEX | FOXA1 ChIP-Seq - Rep 2, FOXA1 ChIP-Seq - Rep 2, FOXA1 ChIP-Seq - Rep 2, 17BE2 | FOXA1 ChIP-Seq - Rep 2, FOXA1 IP - T47D cells, DEX | FOXA1 ChIP-Seq - Rep 2",,,
17BE2,PI4KB,mammarygland,"17BE2 | FOXA1 ChIP-Seq, 17BE2 | FOXA1 ChIP-Seq - Rep 1, 17BE2 | FOXA1 ChIP-Seq - Rep 2, 17BE2 | FOXA1 ChIP-Seq - Rep 2",,,
MAX,PI4KB,colon,MAX IP - HCT116 cells,,,
MYBL2,PI4KB,liver,MYBL2 IP - HepG2 cells,,,
YY1,PI4KB,stemcells,YY1 IP - H1 cells,,,
SP1,PI4KB,leukocytes,"SP1 IP - K562 cells, SP1 IP - GM12878 cells",,,
TBP,PI4KB,liver,TBP IP - HepG2 cells,,,
REST,PI4KB,liver,"REST IP - HepG2 cells, Rep 2",,,
FOXA1,PI4KB,prostate,"CON KD + R1881 | FOXA1 ChIP-Seq, FOXA1 siRNA | CREB1 ChIP-Seq - Rep 2, WT AR OE + FOXA1 OE | FOXA1 ChIP-Seq, EtOH | FOXA1 ChIP-Seq - , FOXA1 ChIP-Seq, WT AR OE + FOXA1 OE | FOXA1 ChIP-Seq - high FOXA1, FOXA1 ChIP-Seq, AR C562S OE + FOXA1 OE | FOXA1 ChIP-Seq, AR Q640X OE + FOXA1 OE | FOXA1 ChIP-Seq",,,
R1881,PI4KB,prostate,CON KD + R1881 | FOXA1 ChIP-Seq,,,
DEX,PI4KB,mammarygland,"DEX | FOXA1 ChIP-Seq - Rep 1, DEX | FOXA1 ChIP-Seq - Rep 2, DEX | FOXA1 ChIP-Seq - Rep 2",,,
PAX5,PI4KB,leukocytes,"PAX5 IP - GM12892 cells, PAX5 IP - GM12878 cells, Rep 1, PAX5 IP - GM12878 cells, Rep 2",,,
GATA3,PI4KB,cns,GATA3 IP - SHSY5Y cells,,,
GATA4,PI4KB,stomach,GATA4 IP - AGS,,,
CREB1,PI4KB,prostate,"FOXA1 siRNA | CREB1 ChIP-Seq - Rep 2, CREB1 ChIP-Seq - LNCaP-abl, CREB1 ChIP-Seq - Rep 2",,,
DHT,PI4KB,mammarygland,"DHT | FOXA1 ChIP-Seq, DHT | MYC ChIP-Seq",,,
MAX,PI4KB,leukocytes,"MAX IP - K562 cells, MAX IP - K562 cells, Rep 2, MAX IP - GM12878 cells, MAX IP - NB4 cells",,,
E2F6,PI4KB,leukocytes,"E2F6 IP - K562 cells, E2F6 IP - K562 cells",,,
FOXP1,PI4KB,prostate,DHT | FOXP1 ChIP-Seq,,,
DHT,PI4KB,prostate,DHT | FOXP1 ChIP-Seq,,,
GABPA,PI4KB,liver,"GABPA IP - HepG2 cells, GABPA IP - MCF7 cells",,,
IRF1,PI4KB,leukocytes,"IRF1 IP - Rep 3, IRF1 IP | IFNG - K562 cells, 6 h, IRF1 IP | IFNG - K562 cells, 30 min, IRF1 IP | IFNA1-13 - K562 cells, 6 h",,,
IFNG,PI4KB,leukocytes,"IRF1 IP - Rep 3, MYC IP | IFNG - K562 cells, 30 min, IRF1 IP | IFNG - K562 cells, 6 h, IRF1 IP | IFNG - K562 cells, 30 min, STAT1 IP - Rep 5, STAT1 IP - Rep 2, STAT1 IP - Rep 1, MYC IP | IFNG - K562 cells, 6 h, STAT1 IP - Rep 4, STAT1 IP - Rep 3",,,
MYB,PI4KB,leukocytes,"MYB IP - Jurkat, Rep 4, MYB IP - Jurkat, Rep 3, MYB IP - Jurkat, Rep 5, MYB IP - Jurkat, Rep 1, MYB IP - Jurkat, Rep 2",,,
MAX,PI4KB,uterus,"MAX IP - ECC1 cells, MAX IP - HeLa cells, Rep 1, MAX IP - HeLa cells, Rep 2",,,
TCF3,PI4KB,leukocytes,TCF3 IP - GM12878 cells,,,
CEBPB,PI4KB,leukocytes,"CEBPB ChIP-Seq - K562, CEBPB IP",,,
KLF11,PI4KB,adiposetissue,"ROSI (BrAT) | KLF11 ChIP-Seq, Rep 2, KLF11 ChIP-Seq, Rep 2, ROSI (BrAT) | KLF11 ChIP-Seq, Rep 1, KLF11 ChIP-Seq, Rep 1",,,
ROSI,PI4KB,adiposetissue,"ROSI (BrAT) | KLF11 ChIP-Seq, Rep 2, ROSI (BrAT) | KLF11 ChIP-Seq, Rep 1",,,
EGR1,PI4KB,liver,EGR1 IP - MCF7 cells,,,
REST,PI4KB,cns,"REST IP - PFSK1 cells, Rep 2, REST IP - PFSK-N-SH cells1 cells, Rep 1",,,
CEBPB,PI4KB,uterus,CEBPB ChIP-Seq - HeLaS3,,,
MAZ,PI4KB,leukocytes,"MAZ IP - GM12878 cells, MAZ IP - K562 cells",,,
FOXM1,PI4KB,leukocytes,FOXM1 IP - GM12878 cells,,,
FOXA1,PI4KB,liver,"FOXA1 IP - HepG2 cells, Rep 1, FOXA1 IP - HepG2 cells, Rep 2",,,
ZNF143,PI4KB,leukocytes,ZNF143 IP - GM12878 cells,,,
ELF3,PI4KB,pancreas,"ELF3 IP, ELF3 IP",,,
MAX,PI4KB,stemcells,"MAX IP - H1 cells, MAX IP - H1 cells",,,
ZBTB7A,PI4KB,leukocytes,ZBTB7A IP - SK-N-SH cells,,,
MYC,PI4KB,mammarygland,"MYC IP - MCF-10A cells, DHT | MYC ChIP-Seq",,,
STAT3,PI4KB,leukocytes,"STAT3 IP - SU-DHL-4, STAT3 IP - SU-DHL-6, STAT3 IP - SU-DHL-2, STAT3 IP - OCI-LY7",,,
SPI1,PI4KB,leukocytes,"SPI1 IP, ROSI | SPI1 ChIP-Seq, SPI1 IP | RUNX1 KD, SPI1 IP - GM12891 cells, SPI1 IP, SPI1 IP - GM12878 cells, Rep 3 , SPI1 IP - GM12878 cells, SPI1 IP, SPI1 IP, SPI1 IP, SPI1 IP, SPI1 IP - GM12878 cells, Rep 2 , SPI1 IP - GM12878 cells, Rep 4 , SPI1 IP - K562 cells, SPI1 IP, SPI1 IP - HL cells, SPI1 IP, SPI1 IP",,,
E2F1,PI4KB,mammarygland,"E2F1 IP, E2F1 IP - MCF7 cells",,,
HMGN3,PI4KB,leukocytes,HMGN3 IP - K562 cells,,,
RELA,PI4KB,colon,RELA IP ,,,
ROSI,PI4KB,leukocytes,ROSI | SPI1 ChIP-Seq,,,
RELA,PI4KB,leukocytes,"RELA IP | TNF - GM18951 cells, RELA IP | TNF - GM19193 cells, RELA IP | TNF - GM19099 cells, RELA IP | TNF - GM10847 cells, RELA IP | TNF - GM12891 cells",,,
TNF,PI4KB,leukocytes,"RELA IP | TNF - GM18951 cells, RELA IP | TNF - GM19193 cells, RELA IP | TNF - GM10847 cells, RELA IP | TNF - GM12891 cells",,,
ELF1,PI4KB,cns,ELF1 IP - SK-N-SH cells,,,
STAT1,PI4KB,uterus,"STAT1 IP | IFNG - HeLa cells, 30 min",,,
IFNG,PI4KB,uterus,"STAT1 IP | IFNG - HeLa cells, 30 min",,,
AR,PI4KB,prostate,"WT AR OE + FOXA1 OE | FOXA1 ChIP-Seq, WT AR OE + FOXA1 OE | FOXA1 ChIP-Seq - high FOXA1, AR C562S OE + FOXA1 OE | FOXA1 ChIP-Seq, AR Q640X OE + FOXA1 OE | FOXA1 ChIP-Seq",,,
MTA3,PI4KB,leukocytes,MTA3 IP - GM12878 cells,,,
CEBPB,PI4KB,stemcells,"CEBPB IP, CEBPB IP",,,
MAX,PI4KB,lung,MAX IP - A549 cells,,,
MAX,PI4KB,liver,"MAX IP - MCF7 cells, MAX IP - HepG2 cells",,,
YY1,PI4KB,leukocytes,"YY1 IP - GM12892 cells, Rep 1, YY1 IP - GM12878 cells, YY1 IP - GM12891 cells, YY1 IP - K562 cells, Rep 2, YY1 IP - K562 cells, Rep 1",,,
TCF12,PI4KB,lung,TCF12 IP - A549 cells,,,
BATF,PI4KB,leukocytes,BATF IP - GM12878 cells,,,
RUNX1,PI4KB,leukocytes,"SPI1 IP | RUNX1 KD, RUNX1 IP",,,
FOXA1,PI4KB,stemcells,FOXA1 IP - Rep 5 ,,,
GATA3,PI4KB,mammarygland,"GATA3 IP - T47D cells, GATA3 IP - MCF7 cells","24758297,",,
EGR1,PI4KB,leukocytes,EGR1 IP - K562 cells,,,
GATA2,PI4KB,prostate,"GATA2 ChIP-Seq, GATA2 ChIP-Seq - Rep 2",,,
MYC,PI4KB,leukocytes,"MYC IP | IFNG - K562 cells, 30 min, MYC IP - NB4 cells, MYC IP - K562 cells, Rep 1, MYC IP | IFNG - K562 cells, 6 h",,,
STAT3,PI4KB,mammarygland,"STAT3 IP | 4HT - MCF10 cells, 36 h, STAT3 IP - MCF10A cells, Rep 2, STAT3 IP | 4HT - MCF10 cells, 12 h",,,
4HT,PI4KB,mammarygland,"STAT3 IP | 4HT - MCF10 cells, 36 h, STAT3 IP | 4HT - MCF10 cells, 12 h, FOS IP | 4HT - MCF10A cells, 12 h, FOS IP | 4HT - MCF10A cells, 4 h, E2F4 IP | 4HT - MCF10 cells",,,
FOXA2,PI4KB,embryonictissue,FOXA2 IP - Rep 2,,,
CREB1,PI4KB,leukocytes,"CREB1 IP - K562 cells, CREB1 IP - GM12878 cells",,,
CEBPB,PI4KB,mammarygland,CEBPB IP - MCF7 cells,,,
SIX2,PI4KB,kidney,"SIX2 IP - 17 weeks, Rep 1, SIX2 IP - 17 weeks, Rep 2",,,
CEBPB,PI4KB,liver,CEBPB ChIP-Seq - HepG2,,,
E2F1,PI4KB,prostate,"HES6 OE + BICALU | E2F1 ChIP-Seq - Rep 3, E2F1 ChIP-Seq - Rep 3, BICALU | E2F1 ChIP-Seq - Rep 1, HES6 OE | E2F1 ChIP-Seq - Rep 1",,,
BICALU,PI4KB,prostate,"HES6 OE + BICALU | E2F1 ChIP-Seq - Rep 3, BICALU | E2F1 ChIP-Seq - Rep 1",,,
HES6,PI4KB,prostate,"HES6 OE + BICALU | E2F1 ChIP-Seq - Rep 3, HES6 OE | E2F1 ChIP-Seq - Rep 1",,,
NFKB1,PI4KB,leukocytes,"NFKB1 IP - Rep 1, NFKB1 IP - Rep 2",,,
ETS1,PI4KB,leukocytes,"ETS1 IP - K562 cells, ETS1 IP",,,
YY1,PI4KB,lung,YY1 IP - A549 cells,,,
YY1,PI4KB,liver,YY1 IP - HepG2 cells,,,
REST,PI4KB,stemcells,"REST IP - H1 cells, Rep 2, REST IP - H1 cells, Rep 1",,,
JUND,PI4KB,liver,JUND IP - HepG2 cells,,,
RELA,PI4KB,adiposetissue,"RELA IP, RELA IP",,,
TP53,PI4KB,bone,TP53 IP | TP53EE/RR OE,,,
SRF,PI4KB,colon,SRF IP - HCT116 cells,,,
GABPA,PI4KB,leukocytes,"GABPA IP - Jurkat, Rep 1, GABPA IP - Jurkat, Rep 2",,,
STAT3,PI4KB,stemcells,STAT3 IP - Rep 3 ,,,
JUND,PI4KB,leukocytes,JUND IP - K562 cells,,,
HEY1,PI4KB,liver,HEY1 IP - HepG2 cells,,,
CEBPB,PI4KB,colon,CEBPB IP - HCT116 cells,,,
FOXA2,PI4KB,stemcells,FOXA2 IP - ES D5,,,
TBP,PI4KB,uterus,TBP IP - HeLa cells,,,
TCF7L2,PI4KB,mammarygland,TCF7L2 ChIP-Seq,,,
YY1,PI4KB,colon,YY1 IP - HCT116 cells,,,
ELF1,PI4KB,liver,ELF1 IP - HepG2 cells,,,
OTX2,PI4KB,stemcells,OTX2 IP - Rep 10 ,,,
CREB1,PI4KB,liver,"CREB1 IP, CREB1 IP - HepG2 cells",,,
MAZ,PI4KB,uterus,MAZ IP - HeLa cells,,,
TCF12,PI4KB,cns,TCF12 IP - SK-N-SH cells,,,
MAFK,PI4KB,colon,MAFK IP ,,,
JUND,PI4KB,mammarygland,JUND IP - MCF7 cells,,,
FOXA2,PI4KB,liver,FOXA2 IP - HepG2 cells,,,
TCF12,PI4KB,leukocytes,TCF12 IP - GM12878 cells,,,
MXI1,PI4KB,liver,MXI1 IP - HepG2 cells,,,
YY1,PI4KB,cns,"YY1 IP - SK-N-SH cells, YY1 IP | ATRA - SK-N-SH cells",,,
CREB1,PI4KB,lung,CREB1 IP | DEX - A549 cells,,,
DEX,PI4KB,lung,CREB1 IP | DEX - A549 cells,,,
EBF1,PI4KB,leukocytes,"EBF1 IP - GM12878 cells, EBF1 IP - GM12878 cells",,,
GTF2F1,PI4KB,uterus,GTF2F1 IP - HeLa cells,,,
GATA2,PI4KB,cns,GATA2 ChIP-Seq SH-SY5Y,,,
UBTF,PI4KB,leukocytes,UBTF IP - K562 cells,,,
ZEB1,PI4KB,liver,ZEB1 IP - HepG2 cells,,,
TAL1,PI4KB,colon,TAL1 IP ,,,
CTCF,PI4KB,leukocytes,"CTCF IP - GM12891 cells, Rep 2 , CTCF IP, CTCF IP - GM12891 cells, Rep 1 ",,,
JUN,PI4KB,colon,JUN IP ,,,
SMARCC1,PI4KB,uterus,SMARCC1 IP - HeLa cells,,,
MXI1,PI4KB,cns,MXI1 IP - SK-N-SH cells ,,,
MAX,PI4KB,vasculature,MAX IP - HUVEC cells,,,
MAZ,PI4KB,lung,MAZ IP - IMR cells,,,
HOXA4,PI4KB,colon,HOXA4 IP ,,,
ELF1,PI4KB,colon,ELF1 IP - HCT116 cells,,,
ATF2,PI4KB,leukocytes,ATF2 IP - GM12878 cells,,,
STAT1,PI4KB,leukocytes,"STAT1 IP - Rep 5, STAT1 IP - Rep 2, STAT1 IP - Rep 1, STAT1 IP - Rep 4, STAT1 IP - Rep 3",,,
SP1,PI4KB,stemcells,SP1 IP - H1 cells,,,
ELF1,PI4KB,mammarygland,ELF1 IP - MCF7 cells,,,
ZNF263,PI4KB,kidney,ZNF263 IP - HEK293 cells,,,
YY1,PI4KB,uterus,YY1 IP - ECC1 cells,,,
GLI2,PI4KB,colon,GLI2 IP ,,,
IFNA1,PI4KB,leukocytes,"IRF1 IP | IFNA1-13 - K562 cells, 6 h",,,
JUND,PI4KB,colon,JUND IP - HCT116 cells,,,
ATF2,PI4KB,colon,ATF2 IP ,,,
NFKB2,PI4KB,leukocytes,"NFKB2 IP - Rep 1, NFKB2 IP - Rep 2",,,
FOSL1,PI4KB,colon,FOSL1 IP - HCT116 cells,,,
FOS,PI4KB,mammarygland,"FOS IP | 4HT - MCF10A cells, 12 h, FOS IP | 4HT - MCF10A cells, 4 h",,,
ELF1,PI4KB,leukocytes,"ELF1 IP - SK-N-SH cells, ELF1 IP - SK-N-SH cells",,,
STAT3,PI4KB,uterus,STAT3 IP - HeLa cells,,,
IRF1,PI4KB,pancreas,IRF1 IP,,,
MXI1,PI4KB,lung,MXI1 IP - IMR cells,,,
MAX,PI4KB,cns,MAX IP - SK-N-SH cells,,,
TBP,PI4KB,stemcells,TBP IP - H1 cells,,,
REST,PI4KB,leukocytes,REST IP - K562 cells,,,
RUNX1,PI4KB,hspcs,RUNX1,,,
IRF4,PI4KB,leukocytes,IRF4 IP,,,
HOXA6,PI4KB,colon,HOXA6 IP ,,,
ATRA,PI4KB,cns,YY1 IP | ATRA - SK-N-SH cells,,,
JUND,PI4KB,stemcells,JUND IP - H1 cells,,,
IKZF1,PI4KB,leukocytes,IKZF1 IP - GM12878 cells,,,
EGR1,PI4KB,colon,EGR1 IP - HCT116 cells,,,
JUND,PI4KB,lung,JUND IP - A549 cells,,,
ATF1,PI4KB,leukocytes,ATF1 IP - K562 cells,,,
MXI1,PI4KB,uterus,MXI1 IP - HeLa cells,,,
TBP,PI4KB,leukocytes,"TBP IP - GM12878 cells, TBP IP - K562 cells",,,
E2F3,PI4KB,colon,E2F3 IP ,,,
E2F4,PI4KB,mammarygland,E2F4 IP | 4HT - MCF10 cells,,,
HEY1,PI4KB,leukocytes,HEY1 IP - K562 cells,,,
POU2F2,PI4KB,leukocytes,POU2F2 IP - GM12878 cells,,,
SP1,PI4KB,colon,SP1 IP - HCT116 cells,,,
CEBPB,PI4KB,lung,CEBPB ChIP-Seq - IMR90,,,
SP1,PI4KB,lung,SP1 IP - A549 cells,,,
TP53,PI4KB,mammarygland,TP53 IP | NUTL3 - MCF-7,,,
IRF1,PI4KB,colon,IRF1 IP ,,,
CREB1,PI4KB,stemcells,CREB1 IP - H1 cells,,,
REST,PI4KB,lung,REST IP - A549 cells,,,
ZBTB7A,PI4KB,uterus,ZBTB7A IP - ECC1 cells,,,
GATA1,PI4KB,hspcs,"GATA1 IP - PBDE cells, Rep 1",,,
MXI1,PI4KB,leukocytes,MXI1 IP - GM12878 cells,,,
GTF2B,PI4KB,uterus,GTF2B IP - Rep 2,,,
CTCF,PIK3C2A,megakaryocytelineage,"CTCF IP - MEG-01 cells, Rep 6 , CTCF IP - MEG-01 cells, Rep 2 , CTCF IP - MEG-01 cells, Rep 10 , CTCF IP - MEG-01 cells, Rep 4 , CTCF IP - MEG-01 cells, Rep 8 ",,,
ELK1,PIK3C2A,uterus,"ELK1 IP - HeLa cells, ELK1 IP - HeLa",,,
EGR1,PIK3C2A,colon,EGR1 IP - HCT116 cells,,,
USF1,PIK3C2A,cns,"USF1 IP | ATRA - SK-N-SH cells, USF1 IP - SK-N-SH cells",,,
ATRA,PIK3C2A,cns,"USF1 IP | ATRA - SK-N-SH cells, YY1 IP | ATRA - SK-N-SH cells",,,
FOXA1,PIK3C2A,prostate,"WT AR OE | FOXA1 ChIP-Seq, EtOH | FOXA1 ChIP-Seq - , DHT | FOXA1 ChIP-Seq, GATA2 KD + R1881 | FOXA1 ChIP-Seq, CREB1 siRNA | FOXA1 ChIP-Seq - Rep 1, AR Q640X OE + FOXA1 OE | FOXA1 ChIP-Seq, FOXA1 KD | GATA2 ChIP-Seq, CON KD | FOXA1 ChIP-Seq, FOXA1 KD | FOXA1 ChIP-Seq, R1881 | FOXA1 ChIP-Seq - Rep 2, FOXA1 KD | FOXA1 ChIP-Seq - Rep 2, CON KD + R1881 | FOXA1 ChIP-Seq - Rep 2, FOXA1 siRNA | CREB1 ChIP-Seq - Rep 1, FOXA1 ChIP-Seq - LNCaP-abl, FOXA1 ChIP-Seq - LNCaP, CON KD + R1881 | FOXA1 ChIP-Seq, CON KD | FOXA1 ChIP-Seq, PIAS1 + R1881 | FOXA1 ChIP-Seq - Rep 2, DHT | FOXA1 ChIP-Seq, FOXA1 + FBS | GATA2 ChIP-Seq, PIAS1 + R1881 | FOXA1 ChIP-Seq - Rep 1, WT AR OE + FOXA1 OE | FOXA1 ChIP-Seq - high FOXA1, FOXA1 ChIP-Seq, CREB1 siRNA | FOXA1 ChIP-Seq - Rep 2, AR C562S OE + FOXA1 OE | FOXA1 ChIP-Seq, CON KD  | FOXA1 ChIP-Seq, EtOH | FOXA1 ChIP-Seq - Rep 2, R1881 | FOXA1 ChIP-Seq - Rep 1, FOXA1 ChIP-Seq, CON KD | FOXA1 ChIP-Seq, FOXA1 ChIP-Seq - Rep 1, FOXA1 KD | FOXA1 ChIP-Seq, FOXA1 siRNA | CREB1 ChIP-Seq - Rep 2, CON KD + R1881 | FOXA1 ChIP-Seq - Rep 1, FOXA1 ChIP-Seq - Rep 2, WT AR OE + FOXA1 OE | FOXA1 ChIP-Seq, FOXA1 ChIP-Seq, FOXA1 ChIP-Seq, GATA2 KD  | FOXA1 ChIP-Seq",,,
AR,PIK3C2A,prostate,"WT AR OE | FOXA1 ChIP-Seq, AR Q640X OE + FOXA1 OE | FOXA1 ChIP-Seq, WT AR OE + FOXA1 OE | FOXA1 ChIP-Seq - high FOXA1, AR C562S OE + FOXA1 OE | FOXA1 ChIP-Seq, WT AR OE + FOXA1 OE | FOXA1 ChIP-Seq",,,
SPI1,PIK3C2A,leukocytes,"SPI1 IP - GM12878 cells, SPI1 IP, SPI1 IP - K562 cells, SPI1 IP, SPI1 IP, SPI1 IP - HL cells, SPI1 IP, SPI1 IP - GM12891 cells, SPI1 IP - U-937 cells, Rep 4 , SPI1 IP, SPI1 IP, SPI1 IP - GM12878 cells, Rep 3 , SPI1 IP - U-937 cells, Rep 1 , SPI1 IP",,,
FOS,PIK3C2A,leukocytes,FOS IP - GM12878 cells,,,
CTCF,PIK3C2A,leukocytes,"CTCF IP - GM2610 cells, Rep 3 , CTCF IP - GM06986 cells, CTCF IP - MS1 cells, Rep 1 , CTCF IP - GM18951 cells, Rep 1 , CTCF IP - GM2610 cells, Rep 1 , CTCF IP - K562 cells, Rep 16 , CTCF IP - GM12892 cells, Rep 1 , CTCF IP - KU812 cells, Rep 1 , CTCF IP - K562 cells, CTCF IP - MS1 cells, Rep 2 , CTCF IP - GM12890 cells, Rep 3 , CTCF IP - GM2630 cells, Rep 3 , CTCF IP - GM19239 cells, Rep 2 , CTCF IP - GM12891 cells, Rep 2 , CTCF IP - GM19240 cells, Rep 1 , CTCF IP - GM2630 cells, Rep 1 , CTCF IP - GM12868 cells , CTCF IP - GM19099 cells, Rep 1 , CTCF IP - GM19099 cells, Rep 2 , CTCF IP - GM12873 cells, Rep 1 , CTCF IP - GM12878 cells , CTCF IP - K562 cells, Rep 14 , CTCF IP - MS1 cells, Rep 3 , CTCF IP - K562 cells, Rep 15 , CTCF IP - GM12872 cells, Rep 3 , CTCF IP - GM2630 cells, Rep 2 , CTCF IP - GM2588 cells, Rep 2 , CTCF IP - MS1 cells, Rep 4 , CTCF IP - KU812 cells, Rep 5 , CTCF IP - GM2255 cells, Rep 2 , CTCF IP - GM18486 cells, Rep 1 , CTCF IP - HeLa cells, Rep 2 , CTCF IP - K562 cells, CTCF IP - NB4 cells , CTCF IP - GM12891 cells, Rep 1 , CTCF ChIP-Seq - GM12878, CTCF IP - GM2588 cells, Rep 3 , CTCF IP - GM18526 cells, Rep 2 , CTCF IP - GM18951 cells, Rep 2 , CTCF IP - F36P cells, Rep 14 , CTCF IP - GM12870 cells , CTCF IP - GM12873 cells, Rep 1 , CTCF IP - GM19193 cells, Rep 1 , CTCF IP - UT-7 cells, Rep 6 , CTCF IP - K562 cells, Rep 13 , CTCF IP - GM12892 cells, Rep 2 , CTCF IP - GM12875 cells, Rep 1 , CTCF IP, CTCF IP -  DND , CTCF IP - F36P cells, Rep 2 , CTCF IP - GM18526 cells, Rep 1 , CTCF IP - K562 cells, Rep 12 , CTCF IP - K562 cells, Rep 2 , CTCF IP - GM12871 cells , CTCF IP - GM12878 cells, Rep 2 , CTCF IP - K562 cells , CTCF IP - GM18486 cells, Rep 3 , CTCF IP - GM12890 cells, Rep 1 , CTCF IP - K562 cells, Rep 1 , CTCF IP - UT-7 cells, Rep 4 , CTCF IP - GM12878 cells, Rep 1 , CTCF IP - GM19238 cells, Rep 1 , CTCF IP - GM19239 cells, Rep 1 , CTCF IP - GM12878 cells, Rep 2 , CTCF IP - GM10847 cells, Rep 2 , CTCF IP - KU812 cells, Rep 17 , CTCF IP - KU812 cells, Rep 13 , CTCF IP - F36P cells, Rep 6 , CTCF IP - GM12866 cells , CTCF IP - K562 cells, Rep 11 , CTCF IP - GM12873 cells, Rep 3 , CTCF IP - GM12869 cells , CTCF IP - KU812 cells, Rep 9 , CTCF IP - GM2610 cells, Rep 2 , CTCF IP - GM19240 cells, Rep 2 , CTCF IP - GM2255 cells, Rep 3 , CTCF IP - GM10847 cells, Rep 1 , CTCF IP - GM19238 cells, Rep 2 ",,,
REST,PIK3C2A,stemcells,"REST IP - H1 cells, Rep 1",,,
KLF11,PIK3C2A,adiposetissue,"ROSI (BrAT) | KLF11 ChIP-Seq, Rep 1, KLF11 ChIP-Seq, Rep 1, ROSI (BrAT) | KLF11 ChIP-Seq, Rep 2, KLF11 ChIP-Seq, Rep 2",,,
ROSI,PIK3C2A,adiposetissue,"ROSI (BrAT) | KLF11 ChIP-Seq, Rep 1, ROSI (BrAT) | KLF11 ChIP-Seq, Rep 2",,,
REST,PIK3C2A,cns,"REST IP - U87 cells, REST IP - SK cells, REST IP - SK-N-SH cells, REST IP - PFSK-N-SH cells1 cells, Rep 1, REST IP - PFSK1 cells, Rep 2",,,
YY1,PIK3C2A,leukocytes,"YY1 IP - GM12892 cells, Rep 1, YY1 IP - GM12878 cells, YY1 IP - K562 cells, Rep 2, YY1 IP - K562 cells, Rep 1, YY1 IP - GM12891 cells",,,
FOXP2,PIK3C2A,cns,"FOXP2 IP - SK cells, FOXP2 IP - PFSK-1 cells",,,
STAT3,PIK3C2A,leukocytes,"STAT3 IP - SU-DHL-4, STAT3 IP - SU-DHL-6, STAT3 IP - SU-DHL-2, STAT3 IP - OCI-LY7, STAT3 IP - OCI-LY10",,,
JUN,PIK3C2A,mammarygland,JUN IP - Rep 2,,,
CTCF,PIK3C2A,vasculature,"CTCF IP - HUVEC cells, Rep 1 , CTCF IP - HPAF cells, Rep 2 , CTCF IP - HPAF cells, Rep 1 , CTCF IP - HBMEC cells, Rep 1 , CTCF IP - HUVEC cells ",,,
E2F1,PIK3C2A,prostate,"BICALU + HES6OE | E2F1 ChIP-Seq - Rep 4, BICALU | E2F1 ChIP-Seq - Rep 3, HES6 OE | E2F1 ChIP-Seq - Rep 3, E2F1 ChIP-Seq - Rep 2, E2F1 ChIP-Seq - Rep 3, HES6 OE | E2F1 ChIP-Seq - Rep 1, HES6 OE + BICALU | E2F1 ChIP-Seq - Rep 1, E2F1 ChIP-Seq - Rep 4, BICALU + HES6 OE | E2F1 ChIP-Seq - Rep 2, E2F1 ChIP-Seq - Rep 1, HES6 OE + BICALU | E2F1 ChIP-Seq - Rep 3, BICALU | E2F1 ChIP-Seq - Rep 1",,,
BICALU,PIK3C2A,prostate,"BICALU + HES6OE | E2F1 ChIP-Seq - Rep 4, BICALU | E2F1 ChIP-Seq - Rep 3, HES6 OE + BICALU | E2F1 ChIP-Seq - Rep 1, BICALU + HES6 OE | E2F1 ChIP-Seq - Rep 2, HES6 OE + BICALU | E2F1 ChIP-Seq - Rep 3, BICALU | E2F1 ChIP-Seq - Rep 1",,,
HES6,PIK3C2A,prostate,"BICALU + HES6OE | E2F1 ChIP-Seq - Rep 4, HES6 OE | E2F1 ChIP-Seq - Rep 3, HES6 OE | E2F1 ChIP-Seq - Rep 1, HES6 OE + BICALU | E2F1 ChIP-Seq - Rep 1, BICALU + HES6 OE | E2F1 ChIP-Seq - Rep 2, HES6 OE + BICALU | E2F1 ChIP-Seq - Rep 3",,,
FOXA1,PIK3C2A,liver,"FOXA1 IP - HepG2 cells, Rep 2, FOXA1 IP - HepG2 cells, Rep 1",,,
YY1,PIK3C2A,cns,"YY1 IP | ATRA - SK-N-SH cells, YY1 IP - SK-N-SH cells",,,
GATA4,PIK3C2A,stemcells,"GATA4 IP - Rep 4 , GATA4 IP - Rep 2 , GATA4 IP - Rep 7 , GATA4 IP - Rep 10 , GATA4 IP - Rep 1 ",,,
TBP,PIK3C2A,leukocytes,"TBP IP - GM12878 cells, TBP IP - K562 cells",,,
GTF2B,PIK3C2A,uterus,"GTF2B IP - Rep 3, GTF2B IP - Rep 2",,,
JUN,PIK3C2A,colon,JUN IP ,,,
USF1,PIK3C2A,stemcells,USF1 IP - H1 cells,,,
RELA,PIK3C2A,colon,RELA IP ,,,
MAX,PIK3C2A,leukocytes,"MAX IP - GM12878 cells, MAX IP - NB4 cells, MAX IP - K562 cells, MAX IP - K562 cells, Rep 2, MAX IP - K562 cells, Rep 1",,,
FOXA2,PIK3C2A,stemcells,"FOXA2 IP - ES D2, FOXA2 IP - ES D10, FOXA2 IP - ES D5, FOXA2 IP - Rep 1 , FOXA2 IP - ES D7, FOXA2 IP - Rep 5 ",,,
YY1,PIK3C2A,liver,YY1 IP - HepG2 cells,,,
MYBL2,PIK3C2A,liver,MYBL2 IP - HepG2 cells,,,
CTCF,PIK3C2A,adiposetissue,CTCF ChIP-Seq - d -2,,,
DHT,PIK3C2A,prostate,"DHT | FOXA1 ChIP-Seq, DHT | FOXA1 ChIP-Seq, DHT | FOXP1 ChIP-Seq, DHT | ERG ChIP-Seq - 18 h, DHT | ERG ChIP-Seq - 2 h",,,
SRF,PIK3C2A,leukocytes,"SRF IP - GM12878 cells, Rep 2, SRF IP - SK-N-SH cells",,,
REST,PIK3C2A,lung,REST IP - A549 cells,,,
CTCF,PIK3C2A,hspcs,"CTCF IP - HEL 92.1.7 cells, Rep 8 , CTCF IP - HEL 92.1.7 cells, Rep 5 , CTCF IP - HEL 92.1.7 cells, Rep 2 , CTCF IP - HEL 92.1.7 cells, Rep 11 , CTCF IP - Erythroid cells, Rep 1, CTCF IP - HEL 92.1.7 cells, Rep 14 ",,,
CEBPB,PIK3C2A,colon,"CEBPB IP | 125DVD3, CEBPB IP, CEBPB IP - HCT116 cells",,,
125DVD3,PIK3C2A,colon,"CEBPB IP | 125DVD3, CDX2 IP | 125DVD3",,,
ELF1,PIK3C2A,colon,ELF1 IP - HCT116 cells,,,
USF2,PIK3C2A,leukocytes,"USF2 IP - K562 cells, USF2 IP - GM12878 cells",,,
R1881,PIK3C2A,prostate,"GATA2 KD + R1881 | FOXA1 ChIP-Seq, R1881 | FOXA1 ChIP-Seq - Rep 2, CON KD + R1881 | FOXA1 ChIP-Seq - Rep 2, ERG IP | R1881, GATA2 KD + R1881 | GATA2 ChIP-Seq, CON KD + R1881 | FOXA1 ChIP-Seq, PIAS1 + R1881 | FOXA1 ChIP-Seq - Rep 2, PIAS1 + R1881 | FOXA1 ChIP-Seq - Rep 1, R1881 | FOXA1 ChIP-Seq - Rep 1, CON KD + R1881 | GATA2 ChIP-Seq, CON KD + R1881 | FOXA1 ChIP-Seq - Rep 1, GABPA IP | R1881",,,
GATA2,PIK3C2A,prostate,"GATA2 KD + R1881 | FOXA1 ChIP-Seq, FOXA1 KD | GATA2 ChIP-Seq, GATA2 ChIP-Seq, GATA2 KD + R1881 | GATA2 ChIP-Seq, CON KD | GATA2 ChIP-Seq, FOXA1 + FBS | GATA2 ChIP-Seq, CON KD  | GATA2 ChIP-Seq, CON KD + R1881 | GATA2 ChIP-Seq, GATA2 ChIP-Seq - Rep 2, GATA2 ChIP-Seq - Rep 1, CON KD + FBS | GATA2 ChIP-Seq, GATA2 KD  | FOXA1 ChIP-Seq",,,
ERG,PIK3C2A,prostate,"JQI | ERG ChIP-Seq - Rep 1, DMSO | ERG ChIP-Seq - Rep 2, ERG IP | R1881, ERG ChIP-Seq, DMSO | ERG ChIP-Seq - Rep 1, JQI | ERG ChIP-Seq - Rep 2, DHT | ERG ChIP-Seq - 18 h, ERG ChIP-Seq, DHT | ERG ChIP-Seq - 2 h",,,
JQ1,PIK3C2A,prostate,"JQI | ERG ChIP-Seq - Rep 1, JQI | ERG ChIP-Seq - Rep 2",,,
USF1,PIK3C2A,leukocytes,"USF1 IP - GM12878 cells, USF1 IP - K562 cells",,,
CTCF,PIK3C2A,mammarygland,"CTCF IP - MCF-7 cells Rep 2 , CTCF IP - MCF-7 cells, Rep 1 , CTCF IP - MCF7 cells, CTCF IP - HMEC cells, Rep 1 ",,,
JUND,PIK3C2A,stemcells,"JUND IP - H1 cells, JUND IP - H1 cells",,,
CREB1,PIK3C2A,prostate,"CREB1 siRNA | FOXA1 ChIP-Seq - Rep 1, CREB1 ChIP-Seq - Rep 1, FOXA1 siRNA | CREB1 ChIP-Seq - Rep 1, CREB1 ChIP-Seq - LNCaP, CREB1 siRNA | FOXA1 ChIP-Seq - Rep 2, CREB1 ChIP-Seq - LNCaP-abl, CREB1 ChIP-Seq - Rep 2, FOXA1 siRNA | CREB1 ChIP-Seq - Rep 2",,,
TP53,PIK3C2A,mammarygland,TP53 IP,,,
CTCF,PIK3C2A,kidney,"CTCF IP - RPTEC cells, Rep 1 , CTCF IP - HEK293 cells, Rep 1 , CTCF IP - RPTEC cells, Rep 2 ",,,
ELF1,PIK3C2A,mammarygland,ELF1 IP - MCF7 cells,,,
ELF3,PIK3C2A,pancreas,"ELF3 IP | KLF5 KO, ELF3 IP, ELF3 IP",,,
KLF5,PIK3C2A,pancreas,"ELF3 IP | KLF5 KO, FOXA1 IP | KLF5 KO, KLF5 IP",,,
JUND,PIK3C2A,colon,JUND IP - HCT116 cells,,,
CEBPB,PIK3C2A,lung,"CEBPB ChIP-Seq - A549, CEBPB ChIP-Seq - IMR90, CEBPB IP - A549 cells",,,
MYC,PIK3C2A,leukocytes,"MYC IP | IFNG - K562 cells, 6 h, MYC IP | IFNG - K562 cells, 30 min, MYC IP - NB4 cells, MYC IP - K562 cells, Rep 1",,,
IFNG,PIK3C2A,leukocytes,"MYC IP | IFNG - K562 cells, 6 h, STAT1 IP | IFNG - K562 cells, 6 h, STAT1 IP | IFNG - K562 cells, 30 min, MYC IP | IFNG - K562 cells, 30 min, IRF1 IP | IFNG - K562 cells, 6 h, IRF1 IP | IFNG - K562 cells, 30 min, STAT1 IP - Rep 5, STAT1 IP - Rep 3, STAT1 IP - Rep 1, STAT1 IP - Rep 4, IRF1 IP - Rep 2, STAT1 IP - Rep 2, STAT1 IP - Rep 6, IRF1 IP - Rep 3",,,
GABPA,PIK3C2A,leukocytes,"GABPA IP - GM12878 cells, Rep 2 , GABPA IP - Jurkat, Rep 2, GABPA IP - GM12878 cells, GABPA IP - GM12878 cells, Rep 1 , GABPA IP - K562 cells, GABPA IP - HL cells, GABPA IP, GABPA IP - Jurkat, Rep 1, GABPA IP - GM12878 cells, Rep 3 , GABPA IP - GM12878 cells, Rep 5 , GABPA IP - GM12878 cells, Rep 4 ",,,
JUND,PIK3C2A,liver,"JUND IP - HepG2 cells, JUND IP - HepG2 cells",,,
HOXA4,PIK3C2A,colon,HOXA4 IP ,,,
ATF3,PIK3C2A,liver,ATF3 IP - HepG2 cells,,,
CTCF,PIK3C2A,colon,"CTCF IP - HCT116 cells, Rep 2 , CTCF IP - HCT116 cells, Rep 1 ",,,
GABPA,PIK3C2A,liver,"GABPA IP, GABPA IP - MCF7 cells, GABPA IP - HepG2 cells, GABPA IP, GABPA IP",,,
ATF3,PIK3C2A,leukocytes,"ATF3 IP - GM12878 cells, ATF3 IP - K562 cells",,,
GATA2,PIK3C2A,vasculature,GATA2 IP - HUVEC cells,"21666600,",,
MEF2B,PIK3C2A,kidney,"MEF2B IP | MEF2B K4E OE - Rep 1, MEF2B IP | MEF2B D83V OE - Rep 2, MEF2B IP | MEF2B D83V OE - Rep 1, MEF2B IP | MEF2B OE - Rep 1, MEF2B IP | MEF2B OE - Rep 2",,,
NFYA,PIK3C2A,leukocytes,NFYA IP - K562 cells,,,
RELA,PIK3C2A,leukocytes,"RELA IP | TNF - GM15510 cells, RELA IP | TNF - GM12891 cells, RELA IP | TNF - GM10847 cells, RELA IP | TNF - GM18951 cells, RELA IP - IVD Th1 cells, PIA, RELA IP | BAY082  - IVD Th1 cells, PIA",,,
TNF,PIK3C2A,leukocytes,"RELA IP | TNF - GM15510 cells, RELA IP | TNF - GM12891 cells, RELA IP | TNF - GM10847 cells, RELA IP | TNF - GM18951 cells",,,
TCF12,PIK3C2A,uterus,TCF12 IP - ECC1 cells,,,
EBF1,PIK3C2A,leukocytes,"EBF1 IP - GM12878 cells, EBF1 IP - GM12878 cells",,,
USF1,PIK3C2A,lung,"USF1 IP - A549 cells, Rep 1, USF1 IP | DEX - A549 cells, USF1 IP - A549 cells, Rep 2",,,
CTCF,PIK3C2A,lung,"CTCF IP | DEX - A549 cells, CTCF IP - IMR cells, CTCF ChIP-Seq - A549, CTCF IP | DEX - A549 cells , CTCF IP - A549 cells, Rep 2 , CTCF IP - A549 cells ",,,
DEX,PIK3C2A,lung,"CTCF IP | DEX - A549 cells, FOXA1 IP | DEX - A549 cells, USF1 IP | DEX - A549 cells, CTCF IP | DEX - A549 cells , CREB1 IP | DEX - A549 cells",,,
STAT1,PIK3C2A,leukocytes,"STAT1 IP | IFNG - K562 cells, 6 h, STAT1 IP | IFNG - K562 cells, 30 min, STAT1 IP - Rep 5, STAT1 IP - Rep 3, STAT1 IP - Rep 1, STAT1 IP - Rep 4, STAT1 IP - Rep 2, STAT1 IP - Rep 6",,,
REST,PIK3C2A,pancreas,"REST IP - Panc1 cells, Rep 3",,,
TCF12,PIK3C2A,cns,TCF12 IP - SK-N-SH cells,,,
FOXA1,PIK3C2A,uterus,FOXA1 ChIP-Seq - Tumor E,,,
ATF3,PIK3C2A,stemcells,ATF3 IP - H1 cells,,,
GTF2B,PIK3C2A,lung,GTF2B IP,,,
GABPA,PIK3C2A,uterus,GABPA IP - HeLa cells,,,
FOXA1,PIK3C2A,mammarygland,"FOXA1 ChIP-Seq - Rep 1, FOXA1 IP - T47D cells, FOXA1 ChIP-Seq - Rep 1, DEX | FOXA1 ChIP-Seq - Rep 1, 17BE2 | FOXA1 ChIP-Seq, DEX | FOXA1 ChIP-Seq - Rep 1, FOXA1 ChIP-Seq, 17BE2 | FOXA1 ChIP-Seq - Rep 1, DHT | FOXA1 ChIP-Seq, 17BE2 | FOXA1 ChIP-Seq - Rep 2",,,
SREBF1,PIK3C2A,liver,SREBF1 IP | INS + 22RHC - HepG2 cells,,,
22RHC; INS,PIK3C2A,liver,SREBF1 IP | INS + 22RHC - HepG2 cells,,,
CTCF,PIK3C2A,stemcells,"CTCF IP - H1 cells , CTCF IP - H1 cells, CTCF IP - Rep 4 ",,,
CEBPB,PIK3C2A,stemcells,"CEBPB IP, CEBPB IP",,,
JUND,PIK3C2A,lung,JUND IP - A549 cells,,,
MYB,PIK3C2A,leukocytes,"MYB IP - Jurkat, Rep 5, MYB IP - MOLT3, MYB IP - Jurkat, Rep 4, MYB IP - Jurkat, Rep 1, MYB IP - Jurkat, Rep 2, MYB IP - Jurkat, Rep 3",,,
CTCF,PIK3C2A,skin,"CTCF IP - NHDF cells , CTCF IP - NHEK cells, Rep 2 , CTCF IP - NHEK cells , CTCF IP - GM12878 cells, Rep 2 ",,,
FOS,PIK3C2A,mammarygland,"FOS IP | 4HT - MCF10A cells, 12 h, FOS IP | 4HT - MCF10A cells, 4 h",,,
4HT,PIK3C2A,mammarygland,"FOS IP | 4HT - MCF10A cells, 12 h, STAT3 IP | 4HT - MCF10 cells, 36 h, E2F4 IP | 4HT - MCF10 cells, FOS IP | 4HT - MCF10A cells, 4 h, STAT3 IP | 4HT - MCF10 cells, 12 h, MYC IP | 4HT - MCF10A cells",,,
GATA2,PIK3C2A,leukocytes,"GATA2 IP - K562 cells, GATA2 IP - K562 cells",,,
STAT3,PIK3C2A,mammarygland,"STAT3 IP | 4HT - MCF10 cells, 36 h, STAT3 IP - MCF10A cells, Rep 2, STAT3 IP | 4HT - MCF10 cells, 12 h",,,
ELF1,PIK3C2A,leukocytes,"ELF1 IP - SK-N-SH cells, ELF1 IP - SK-N-SH cells",,,
FOXA1,PIK3C2A,pancreas,"FOXA1 IP, FOXA1 IP | KLF5 KO, FOXA1 IP",,,
GATA2,PIK3C2A,hspcs,"GATA2 IP, GATA2 IP",,,
SP1,PIK3C2A,leukocytes,SP1 IP - GM12878 cells,,,
TEAD4,PIK3C2A,colon,TEAD4 IP - HCT116 cells,,,
MAX,PIK3C2A,stemcells,"MAX IP - H1 cells, MAX IP - H1 cells",,,
CTCF,PIK3C2A,uterus,CTCF IP - HeLa cells ,,,
MAX,PIK3C2A,cns,MAX IP - SK-N-SH cells,,,
FOXA1,PIK3C2A,lung,"FOXA1 IP | DEX - A549 cells, FOXA1 IP - A549 cells",,,
ETS1,PIK3C2A,leukocytes,"ETS1 IP - K562 cells, ETS1 IP",,,
MYC,PIK3C2A,mammarygland,"MYC IP - MCF-10A cells, DHT | MYC ChIP-Seq, MYC IP | 4HT - MCF10A cells",,,
SRF,PIK3C2A,colon,SRF IP - HCT116 cells,,,
TEAD4,PIK3C2A,cns,TEAD4 IP - SK-N-SH cells,,,
MXI1,PIK3C2A,liver,MXI1 IP - HepG2 cells,,,
TEAD4,PIK3C2A,leukocytes,TEAD4 IP - K562 cells,,,
HIF1A,PIK3C2A,bone,HIF1A IP,,,
JUN,PIK3C2A,vasculature,JUN IP - HUVEC cells,,,
MYC,PIK3C2A,uterus,MYC IP - HeLa cells,,,
E2F4,PIK3C2A,mammarygland,E2F4 IP | 4HT - MCF10 cells,,,
NFYB,PIK3C2A,leukocytes,"NFYB IP - K562 cells, NFYB IP - GM12878 cells",,,
CREB1,PIK3C2A,liver,"CREB1 IP, CREB1 IP, CREB1 IP - HepG2 cells, CREB1 IP",,,
MXI1,PIK3C2A,uterus,MXI1 IP - HeLa cells,,,
FOSL2,PIK3C2A,liver,FOSL2 IP - HepG2 cells,,,
RELA,PIK3C2A,adiposetissue,"RELA IP, RELA IP",,,
EGR1,PIK3C2A,leukocytes,EGR1 IP - K562 cells,,,
IRF1,PIK3C2A,colon,IRF1 IP ,,,
JUND,PIK3C2A,cns,JUND IP - SK-N-SH cells,,,
E2F6,PIK3C2A,leukocytes,"E2F6 IP - K562 cells, E2F6 IP - K562 cells",,,
CDX2,PIK3C2A,colon,"CDX2 IP, CDX2 IP | 125DVD3",,,
NFYB,PIK3C2A,uterus,NFYB IP - HeLa cells,,,
IRF4,PIK3C2A,leukocytes,IRF4 IP,,,
CEBPB,PIK3C2A,leukocytes,"CEBPB IP - K562 cells, CEBPB IP, CEBPB IP, CEBPB ChIP-Seq - K562, CEBPB IP",,,
HEY1,PIK3C2A,leukocytes,HEY1 IP - K562 cells,,,
CEBPB,PIK3C2A,uterus,"CEBPB ChIP-Seq - HeLaS3, CEBPB IP - ECC1 cells",,,
TEAD4,PIK3C2A,liver,TEAD4 IP - HepG2 cells,,,
TP53,PIK3C2A,lung,"TP53 IP - propapoptic, Rep 1",,,
NANOG,PIK3C2A,stemcells,NANOG IP - Rep 8 ,,,
CREB1,PIK3C2A,leukocytes,"CREB1 IP - K562 cells, CREB1 IP - GM12878 cells",,,
YY1,PIK3C2A,lung,YY1 IP - A549 cells,,,
CTCF,PIK3C2A,bone,CTCF IP - Osteoblasts ,,,
MAZ,PIK3C2A,lung,MAZ IP - IMR cells,,,
SRF,PIK3C2A,mammarygland,SRF IP - MCF7 cells,,,
TEAD4,PIK3C2A,stemcells,TEAD4 IP - H1 cells,,,
GABPA,PIK3C2A,prostate,"GABPA IP - Rep 2, GABPA IP - Rep 1, GABPA IP | R1881",,,
MXI1,PIK3C2A,leukocytes,MXI1 IP - GM12878 cells,,,
MAX,PIK3C2A,liver,"MAX IP - HepG2 cells, MAX IP - MCF7 cells, MAX IP - HepG2 cells",,,
GATA2,PIK3C2A,cns,GATA2 ChIP-Seq SH-SY5Y,,,
ZEB1,PIK3C2A,liver,ZEB1 IP - HepG2 cells,,,
FOSL1,PIK3C2A,colon,FOSL1 IP - HCT116 cells,,,
SP1,PIK3C2A,liver,SP1 IP - HepG2 cells,,,
CTCF,PIK3C2A,heart,CTCF IP - HCF cells ,,,
USF1,PIK3C2A,uterus,USF1 IP - ECC1 cells,,,
TEAD1,PIK3C2A,cns,"TEAD1 IP - Rep 1, TEAD1 IP - Rep 2",,,
DEX,PIK3C2A,mammarygland,"DEX | FOXA1 ChIP-Seq - Rep 1, DEX | FOXA1 ChIP-Seq - Rep 1",,,
PRDM1,PIK3C2A,uterus,PRDM1 IP - HeLa cells,,,
HEY1,PIK3C2A,liver,HEY1 IP - HepG2 cells,,,
CREB1,PIK3C2A,stemcells,CREB1 IP - H1 cells,,,
DHT,PIK3C2A,mammarygland,"DHT | MYC ChIP-Seq, DHT | FOXA1 ChIP-Seq",,,
USF1,PIK3C2A,colon,USF1 IP - HCT116 cells,,,
MAZ,PIK3C2A,leukocytes,"MAZ IP - K562 cells, MAZ IP - GM12878 cells",,,
MAX,PIK3C2A,vasculature,MAX IP - HUVEC cells,,,
CEBPB,PIK3C2A,mammarygland,CEBPB IP - MCF7 cells,,,
CEBPB,PIK3C2A,liver,"CEBPB ChIP-Seq - HepG2, CEBPB IP | FORSK - HepG2 cells",,,
IRF1,PIK3C2A,leukocytes,"IRF1 IP | IFNG - K562 cells, 6 h, IRF1 IP | IFNG - K562 cells, 30 min, IRF1 IP - Rep 2, IRF1 IP | IFNA1-13 - K562 cells, 6 h, IRF1 IP - Rep 3",,,
RUNX1,PIK3C2A,hspcs,RUNX1,,,
GATA3,PIK3C2A,mammarygland,"GATA3 IP - MCF7 cells, GATA3 IP - T47D cells",,,
BHLHE40,PIK3C2A,leukocytes,"BHLHE40 IP - GM12878 cells, BHLHE40 IP - K562 cells",,,
GATA3,PIK3C2A,cns,GATA3 IP - SK-N-SH cells,,,
PAX5,PIK3C2A,leukocytes,"PAX5 IP - GM12878 cells, Rep 2, PAX5 IP - GM12878 cells, Rep 1, PAX5 IP - GM12892 cells, PAX5 IP - GM12891 cells",,,
PIAS1,PIK3C2A,prostate,"PIAS1 + R1881 | FOXA1 ChIP-Seq - Rep 2, PIAS1 + R1881 | FOXA1 ChIP-Seq - Rep 1",,,
TAL1,PIK3C2A,colon,TAL1 IP ,,,
ZNF263,PIK3C2A,kidney,ZNF263 IP - HEK293 cells,,,
OTX2,PIK3C2A,stemcells,OTX2 IP - Rep 10 ,,,
ATF2,PIK3C2A,leukocytes,ATF2 IP - GM12878 cells,,,
ATF3,PIK3C2A,colon,"ATF3 IP | CAMPTO, ATF3 IP - HCT116 cells",,,
MAX,PIK3C2A,uterus,"MAX IP - ECC1 cells, MAX IP - HeLa cells, Rep 2, MAX IP - HeLa cells, Rep 1",,,
FOS,PIK3C2A,vasculature,FOS IP - HUVEC cells,,,
FOXA1,PIK3C2A,stemcells,"FOXA1 IP - Rep 1 , FOXA1 IP - Rep 5 ",,,
MAFK,PIK3C2A,leukocytes,"MAFK IP - K562 cells, MAFK IP - GM12878 cells",,,
JUND,PIK3C2A,leukocytes,JUND IP - K562 cells,,,
GATA4,PIK3C2A,stomach,"GATA4 IP - AGS, GATA4 IP - YCC3",,,
ZEB1,PIK3C2A,leukocytes,ZEB1 IP - GM12878 cells,,,
17BE2,PIK3C2A,mammarygland,"17BE2 | FOXA1 ChIP-Seq, 17BE2 | FOXA1 ChIP-Seq - Rep 1, 17BE2 | FOXA1 ChIP-Seq - Rep 2",,,
SOX17,PIK3C2A,stemcells,SOX17 IP - Rep 1 ,,,
CTCF,PIK3C2A,liver,"CTCF IP - HepG2 cells , CTCF IP - HepG2 cells, Rep 1 , CTCF IP, CTCF IP - HepG2 cells, Rep 2 , CTCF IP - SK-N-SH cells",,,
JUN,PIK3C2A,uterus,JUN IP - HeLa cells,,,
FOSL2,PIK3C2A,cns,FOSL2 IP - SK-N-SH cells,,,
MEF2A,PIK3C2A,leukocytes,MEF2A IP - K562 cells,,,
IRF1,PIK3C2A,pancreas,IRF1 IP,,,
TCF7L2,PIK3C2A,mammarygland,TCF7L2 ChIP-Seq,,,
GTF2F1,PIK3C2A,uterus,GTF2F1 IP - HeLa cells,,,
FOXH1,PIK3C2A,stemcells,FOXH1 ChIP-Seq - Escs,,,
JUND,PIK3C2A,uterus,JUND IP - HeLa cells,,,
SP1,PIK3C2A,colon,SP1 IP - HCT116 cells,,,
STAT3,PIK3C2A,uterus,STAT3 IP - HeLa cells,,,
ELF1,PIK3C2A,liver,ELF1 IP - HepG2 cells,,,
STAT1,PIK3C2A,uterus,"STAT1 IP | IFNG - HeLa cells, 30 min",,,
IFNG,PIK3C2A,uterus,"STAT1 IP | IFNG - HeLa cells, 30 min",,,
MTA3,PIK3C2A,leukocytes,MTA3 IP - GM12878 cells,,,
UBTF,PIK3C2A,leukocytes,UBTF IP - K562 cells,,,
TFAP4,PIK3C2A,leukocytes,TFAP4 IP - Rep 1,,,
ATF2,PIK3C2A,stemcells,ATF2 IP - H1 cells,,,
ZNF143,PIK3C2A,leukocytes,ZNF143 IP - GM12878 cells,,,
GATA3,PIK3C2A,lung,GATA3 IP - A549 cells,,,
TBP,PIK3C2A,stemcells,TBP IP - H1 cells,,,
ELF1,PIK3C2A,lung,ELF1 IP - A549 cells,,,
CTCF,PIK3C2A,skeletalmuscle,"CTCF IP - HSMM cells, Rep 2 ",,,
SMAD1,PIK3C2A,hspcs,SMAD1 IP - Rep 3,,,
E2F3,PIK3C2A,colon,E2F3 IP ,,,
SP1,PIK3C2A,lung,SP1 IP - A549 cells,,,
TCF7L2,PIK3C2A,uterus,TCF7L2 IP - HeLa cells,,,
FOXA2,PIK3C2A,embryonictissue,"FOXA2 IP - Rep 2, FOXA2 IP - Rep 1",,,
TCF12,PIK3C2A,lung,TCF12 IP - A549 cells,,,
CTCF,PIK3C2A,cns,"CTCF IP - HCPEpiC cells, Rep 2 , CTCF IP - HCPEpiC cells, Rep 1 ",,,
FORSK,PIK3C2A,liver,CEBPB IP | FORSK - HepG2 cells,,,
FOXP1,PIK3C2A,prostate,DHT | FOXP1 ChIP-Seq,,,
ETV5,PIK3C2A,colon,ETV5 IP ,,,
GLI2,PIK3C2A,colon,GLI2 IP ,,,
PBX3,PIK3C2A,cns,PBX3 IP - SK-N-SH cells,,,
MAZ,PIK3C2A,uterus,MAZ IP - HeLa cells,,,
TCF3,PIK3C2A,leukocytes,TCF3 IP - GM12878 cells,,,
E2F1,PIK3C2A,uterus,"E2F1 IP - HeLa cells, Rep 2",,,
USF2,PIK3C2A,uterus,USF2 IP - HeLa cells,,,
ELK1,PIK3C2A,leukocytes,ELK1 IP - GM12878 cells,,,
GABPA,PIK3C2A,lung,GABPA IP - A549 cells,,,
USF2,PIK3C2A,liver,USF2 IP - HepG2 cells,,,
CREB1,PIK3C2A,lung,"CREB1 IP | DEX - A549 cells, CREB1 IP - A549 cells, Rep 2",,,
TBP,PIK3C2A,liver,TBP IP - HepG2 cells,,,
ATF2,PIK3C2A,colon,ATF2 IP ,,,
YY1,PIK3C2A,stemcells,YY1 IP - H1 cells,,,
ZBTB7A,PIK3C2A,uterus,ZBTB7A IP - ECC1 cells,,,
MXI1,PIK3C2A,cns,MXI1 IP - SK-N-SH cells ,,,
HMGN3,PIK3C2A,leukocytes,HMGN3 IP - K562 cells,,,
POU2F2,PIK3C2A,leukocytes,POU2F2 IP - GM12878 cells,,,
MAX,PIK3C2A,colon,MAX IP - HCT116 cells,,,
USF1,PIK3C2A,liver,USF1 IP - HepG2 cells,,,
YY1,PIK3C2A,uterus,YY1 IP - ECC1 cells,,,
NFYA,PIK3C2A,uterus,NFYA IP - HeLa cells,,,
FOXA2,PIK3C2A,liver,FOXA2 IP - HepG2 cells,,,
CEBPB,PIK3C2A,bone,"CEBPB IP, CEBPB IP",,,
FOSL2,PIK3C2A,lung,FOSL2 IP - A549 cells,,,
BAY082,PIK3C2A,leukocytes,"RELA IP | BAY082  - IVD Th1 cells, PIA",,,
E2F1,PIK3C2A,mammarygland,"E2F1 IP, E2F1 IP - MCF7 cells",,,
ATF1,PIK3C2A,leukocytes,ATF1 IP - K562 cells,,,
MEF2A,PIK3C2A,cns,MEF2A IP - SK-N-SH cells,,,
GABPA,PIK3C2A,cns,GABPA IP - SK-N-SH cells,,,
TCF7L2,PIK3C2A,pancreas,TCF7L2 IP,,,
GATA6,PIK3C2A,stemcells,GATA6 IP - Rep 2 ,,,
NFKB1,PIK3C2A,leukocytes,NFKB1 IP - Rep 2,,,
USF2,PIK3C2A,stemcells,USF2 IP - H1 cells,,,
E2F6,PIK3C2A,stemcells,E2F6 IP - H1 cells,,,
HOXA6,PIK3C2A,colon,HOXA6 IP ,,,
CTCF,PIK3C2A,sensory,"CTCF IP - HRPEpiC cells, Rep 1 , CTCF IP - WERI-Rb-1- cells, Rep 1 ",,,
MAX,PIK3C2A,lung,"MAX IP - A549 cells, MAX IP - A549 cells",,,
MAZ,PIK3C2A,liver,MAZ IP - HepG2 cells,,,
FOXA2,PIK3C2A,lung,FOXA2 IP - A549 cells,,,
YY1,PIK3C2A,colon,YY1 IP - HCT116 cells,,,
BHLHE40,PIK3C2A,liver,BHLHE40 IP - HepG2 cells,,,
TBP,PIK3C2A,uterus,TBP IP - HeLa cells,,,
TCF12,PIK3C2A,leukocytes,TCF12 IP - GM12878 cells,,,
ZBTB7A,PIK3C2A,leukocytes,ZBTB7A IP - SK-N-SH cells,,,
PDX1,PIK3C2A,pancreas,PDX1 IP,,,
REST,PIK3C2A,liver,"REST IP - HepG2 cells, Rep 1, REST IP - HepG2 cells, Rep 2",,,
CREB1,PIK3C2A,uterus,CREB1 IP - ECC1 cells,,,
E2F4,PIK3C2A,leukocytes,E2F4 IP - K562 cells,,,
ELF1,PIK3C2A,cns,ELF1 IP - SK-N-SH cells,,,
SP1,PIK3C2A,stemcells,SP1 IP - H1 cells,,,
SMAD4,PIK3C2A,stemcells,SMAD4 IP - Rep 2 ,,,
GATA6,PIK3C2A,stomach,"GATA6 IP - AGS, GATA6 IP - YCC3",,,
IFNA1,PIK3C2A,leukocytes,"IRF1 IP | IFNA1-13 - K562 cells, 6 h",,,
SOX2,PIK3C2A,esophagus,SOX2 IP - KYSE-70,,,
ARID3A,PIK3C2A,liver,ARID3A IP - HepG2 cells,,,
CREB1,PIK3C2A,colon,CREB1 IP ,,,
GABPA,PIK3C2A,stemcells,GABPA IP - H1 cells,,,
SP2,PIK3C2A,leukocytes,SP2 IP - K562 cells,,,
TEAD4,PIK3C2A,uterus,TEAD4 IP - ECC1 cells,,,
SRF,PIK3C2A,uterus,SRF IP - ECC1 cells,,,
CTCF,PIK3C2B,colon,"CTCF IP - Caco-2 cells, Rep 1 , CTCF IP - HCT116 cells, Rep 1 , CTCF IP - HCT116 cells, CTCF IP - Caco ",,,
CTCF,PIK3C2B,leukocytes,"CTCF IP - F36P cells, Rep 19 , CTCF IP - GM19239 cells, Rep 2 , CTCF IP -  CD20+ cells , CTCF IP - GM12828 cells, CTCF IP - K562 cells, CTCF IP - GM18505 cells, Rep 1 , CTCF IP - HeLa cells, Rep 2 , CTCF IP - NB4 cells , CTCF IP - GM12891 cells, Rep 2 , CTCF IP - F36P cells, Rep 18 , CTCF IP - GM12878 cells, Rep 1 , CTCF IP - GM19239 cells, Rep 1 , CTCF IP - GM12814 cells, Rep 1, CTCF IP - K562 cells, Rep 14 , CTCF IP - GM12878 cells, Rep 1 , CTCF IP - GM12867 cells , CTCF IP - GM19099 cells, Rep 2 , CTCF IP - GM12873 cells, Rep 1 , CTCF IP - GM12878 cells , CTCF IP - GM19099 cells, Rep 1 , CTCF IP - GM12870 cells , CTCF IP - K562 cells, Rep 15 , CTCF IP - GM2255 cells, Rep 1 , CTCF IP - GM19238 cells, Rep 1 , CTCF IP - GM12890 cells, Rep 2 , CTCF IP - GM12875 cells, Rep 2 , CTCF IP - GM12878 cells, Rep 2 , CTCF IP - GM10847 cells, Rep 2 , CTCF IP - GM19240 cells, Rep 2 , CTCF IP - GM12814 cells, Rep 2, CTCF ChIP-Seq - GM12878, CTCF IP - GM11811 cells, Rep 1, CTCF IP - GM06990 cells, Rep 2 , CTCF IP - GM18486 cells, Rep 1 , CTCF IP - K562 cells, Rep 2 , CTCF IP - GM18486 cells, Rep 2 , CTCF IP - GM2610 cells, Rep 1 , CTCF IP - GM12871 cells , CTCF IP - GM18951 cells, Rep 2 , CTCF IP - GM2588 cells, Rep 3 , CTCF IP - F36P cells, Rep 14 , CTCF IP - K562 cells , CTCF IP - GM12872 cells, Rep 1 , CTCF IP - GM18505 cells, Rep 2 , CTCF IP - GM12878 cells, Rep 2 , CTCF IP - GM18526 cells, Rep 2 , CTCF IP - GM12872 cells, Rep 3 , CTCF IP - K562 cells, Rep 13 , CTCF IP, CTCF IP - GM2610 cells, Rep 3 , CTCF IP - GM12890 cells, Rep 3 , CTCF IP - UT-7 cells, Rep 6 , CTCF IP - F36P cells, Rep 10 , CTCF IP - MS1 cells, Rep 1 , CTCF IP - GM18951 cells, Rep 1 , CTCF IP - GM12892 cells, Rep 1 , CTCF IP - GM11994 cells, Rep 2, CTCF IP - GM12864 cells, Rep 2 , CTCF IP - HL , CTCF IP - GM2630 cells, Rep 1 , CTCF IP - GM19240 cells, Rep 1 , CTCF IP - K562 cells, CTCF IP - F36P cells, Rep 2 , CTCF IP - GM12874 cells, Rep 1 , CTCF IP - CD14+ cells , CTCF IP - MS1 cells, Rep 2 , CTCF IP - GM07346 cells, CTCF IP -  DND , CTCF IP - K562 cells, Rep 12 , CTCF IP - GM2630 cells, Rep 3 , CTCF IP - GM12815 cells, Rep 1, CTCF IP - GM12869 cells , CTCF IP - GM12873 cells, Rep 3 , CTCF IP - GM11831 cells, CTCF IP - F36P cells, Rep 15 , CTCF IP - KU812 cells, Rep 17 , CTCF IP - UT-7 cells, Rep 3 , CTCF IP - GM11994 cells, Rep 1, CTCF IP - GM19193 cells, Rep 2 , CTCF IP - GM12154 cells, Rep 2, CTCF IP - GM12865 cells, Rep 3 , CTCF IP - GM12890 cells, Rep 1 , CTCF IP - UT-7 cells, Rep 5 , CTCF IP - GM12865 cells, Rep 2 , CTCF IP - GM2588 cells, Rep 1 , CTCF IP - GM06990 cells, Rep 1 , CTCF IP - GM18486 cells, Rep 3 , CTCF IP - MS1 cells, Rep 3 , CTCF IP - GM2588 cells, Rep 2 , CTCF IP - UT-7 cells, Rep 4 , CTCF IP - GM2630 cells, Rep 2 , CTCF IP - K562 cells, Rep 11 , CTCF IP - GM12891 cells, Rep 1 , CTCF IP - GM12875 cells, Rep 1 , CTCF IP - MS1 cells, Rep 4 , CTCF IP - GM12864 cells, Rep 1 , CTCF IP - F36P cells, Rep 6 , CTCF IP - GM2255 cells, Rep 2 , CTCF IP - GM12154 cells, Rep 1, CTCF IP - GM12868 cells , CTCF IP - GM2610 cells, Rep 2 , CTCF IP - UT-7 cells, Rep 1 , CTCF IP - GM12865 cells, Rep 1 , CTCF IP - GM12872 cells, Rep 2 , CTCF IP - GM12864 cells, Rep 3 , CTCF IP - GM2255 cells, Rep 3 , CTCF IP - GM10847 cells, Rep 1 , CTCF IP - GM12873 cells, Rep 1 , CTCF IP - GM12874 cells, Rep 2 , CTCF IP - KU812 cells, Rep 9 , CTCF IP - UT-7 cells, Rep 2 , CTCF IP - GM19238 cells, Rep 2 , CTCF IP - GM18526 cells, Rep 1 , CTCF IP - GM06986 cells, CTCF IP - GM19193 cells, Rep 1 , CTCF IP - K562 cells, Rep 16 , CTCF IP - F36P cells, Rep 7 , CTCF IP - K562 cells, Rep 1 , CTCF IP - GM12892 cells, Rep 2 , CTCF IP - F36P cells, Rep 3 , CTCF IP - GM11881 cells, CTCF IP - GM12866 cells , CTCF IP - F36P cells, Rep 11 ",,,
CEBPB,PIK3C2B,uterus,CEBPB ChIP-Seq - HeLaS3,,,
MAX,PIK3C2B,leukocytes,"MAX IP - NB4 cells, MAX IP - K562 cells, Rep 2, MAX IP - GM12878 cells, MAX IP - K562 cells",,,
FOXA1,PIK3C2B,prostate,"FOXA1 ChIP-Seq, FOXA1 siRNA | CREB1 ChIP-Seq - Rep 2, CREB1 siRNA | FOXA1 ChIP-Seq - Rep 2, POU2F1 KD + DHT | FOXA1 ChIP-Seq, CON KD + R1881 | FOXA1 ChIP-Seq, FOXA1 ChIP-Seq, FOXA1 ChIP-Seq, FOXA1 ChIP-Seq - Rep 1, CON KD  | FOXA1 ChIP-Seq, GATA2 KD  | FOXA1 ChIP-Seq, EtOH | FOXA1 ChIP-Seq - , DHT | FOXA1 ChIP-Seq, GATA2 KD + R1881 | FOXA1 ChIP-Seq, FOXA1 ChIP-Seq - Rep 2, CREB1 siRNA | FOXA1 ChIP-Seq - Rep 1, FOXA1 siRNA | CREB1 ChIP-Seq - Rep 1, CON KD + R1881 | FOXA1 ChIP-Seq - Rep 2, FOXA1 ChIP-Seq - LNCaP-abl, PIAS1 + R1881 | FOXA1 ChIP-Seq - Rep 2",,,
CTCF,PIK3C2B,mammarygland,"CTCF IP - MCF-7 cells, Rep 1 , CTCF IP - HMF cells, Rep 2 , CTCF IP - HMF cells, Rep 1 , CTCF IP - MCF-7 cells Rep 2 , CTCF IP - MCF7 cells, CTCF IP - HMEC cells , CTCF IP - HMEC cells, Rep 2 , CTCF IP - T47D cells, CTCF IP - HMEC cells, Rep 1 ",,,
FOXA2,PIK3C2B,embryonictissue,"FOXA2 IP - Rep 2, FOXA2 IP - Rep 1",,,
GABPA,PIK3C2B,liver,GABPA IP - HepG2 cells,,,
E2F1,PIK3C2B,uterus,"E2F1 IP - HeLa cells, Rep 2, E2F1 IP - HeLa cells, Rep 1",,,
UBTF,PIK3C2B,leukocytes,"UBTF IP - K562 cells, UBTF IP - K562 cells",,,
CTCF,PIK3C2B,lung,"CTCF IP - AG04450 cells, Rep 2 , CTCF IP - HPF cells, Rep 2 , CTCF IP - AG04450 cells, Rep 1 , CTCF ChIP-Seq - A549, CTCF IP - A549 cells, CTCF IP - IMR cells, CTCF IP - A549 cells, Rep 2 , CTCF IP - NHLF cells , CTCF IP | DEX - A549 cells, CTCF IP - SAEC cells, Rep 2 , CTCF IP - A549 cells , CTCF IP - NHLF cells , CTCF IP - SAEC cells, Rep 1 , CTCF IP | DEX - A549 cells , CTCF IP - HPF cells, Rep 1 , CTCF IP - WI-38 cells, Rep 1 ",,,
USF2,PIK3C2B,leukocytes,USF2 IP - GM12878 cells,,,
CTCF,PIK3C2B,miscellaneous,"CTCF IP - AG09319 cells, Rep 1 , CTCF IP - AG09319 cells, Rep 2 ",,,
CTCF,PIK3C2B,megakaryocytelineage,"CTCF IP - MEG-01 cells, Rep 2 , CTCF IP - MEG-01 cells, Rep 10 , CTCF IP - MEG-01 cells, Rep 4 , CTCF IP - MEG-01 cells, Rep 8 , CTCF IP - MEG-01 cells, Rep 6 ",,,
E2F6,PIK3C2B,leukocytes,"E2F6 IP - K562 cells, E2F6 IP - K562 cells",,,
TP53,PIK3C2B,mammarygland,"TP53 IP, TP53 IP | NUTL3 - MCF-7",,,
SPI1,PIK3C2B,leukocytes,"SPI1 IP - U-937 cells, Rep 10 , SPI1 IP - U-937 cells, Rep 2 , SPI1 IP - HL-60 cells, Rep 4 , SPI1 IP - GM12891 cells, SPI1 IP - HL-60 cells, Rep 3 , SPI1 IP, SPI1 IP - U-937 cells, Rep 6 , SPI1 IP - K562 cells, SPI1 IP - U-937 cells, Rep 4 , SPI1 IP - U-937 cells, Rep 8 , SPI1 IP, SPI1 IP - GM12878 cells, SPI1 IP - HL-60 cells, Rep 2 , SPI1 IP, SPI1 IP - U-937 cells, Rep 3 , SPI1 IP - GM12878 cells, Rep 4 , SPI1 IP, SPI1 IP - HL-60 cells, Rep 1 , SPI1 IP | RUNX1 KD, SPI1 IP - HL cells, SPI1 IP, ROSI | SPI1 ChIP-Seq, SPI1 IP, SPI1 IP - U-937 cells, Rep 5 , SPI1 IP - GM12878 cells, Rep 3 , SPI1 IP, SPI1 IP - GM12878 cells, Rep 1 , SPI1 IP - U-937 cells, Rep 1 , SPI1 IP, SPI1 IP - GM12878 cells, Rep 2 , SPI1 IP, SPI1 IP",,,
MYC,PIK3C2B,leukocytes,"MYC IP - K562 cells, Rep 1, MYC IP - NB4 cells, MYC IP | IFNG - K562 cells, 30 min",,,
MXI1,PIK3C2B,leukocytes,MXI1 IP - GM12878 cells,,,
TCF12,PIK3C2B,leukocytes,TCF12 IP - GM12878 cells,,,
STAT1,PIK3C2B,leukocytes,"STAT1 IP - Rep 1, STAT1 IP - Rep 2, STAT1 IP - Rep 4, STAT1 IP - Rep 3, STAT1 IP - Rep 5",,,
IFNG,PIK3C2B,leukocytes,"STAT1 IP - Rep 1, STAT1 IP - Rep 2, STAT1 IP - Rep 4, STAT1 IP - Rep 3, MYC IP | IFNG - K562 cells, 30 min, STAT1 IP - Rep 5",,,
GATA3,PIK3C2B,cns,GATA3 IP - SK-N-SH cells,,,
CEBPB,PIK3C2B,leukocytes,"CEBPB IP - K562 cells, CEBPB IP, CEBPB IP - Rep 204, CEBPB ChIP-Seq - K562",,,
FOXA1,PIK3C2B,mammarygland,"FOXA1 ChIP-Seq - Rep 2, 17BE2 | FOXA1 ChIP-Seq - Rep 2, DEX | FOXA1 ChIP-Seq - Rep 1, FOXA1 ChIP-Seq - Rep 2, 17BE2 | FOXA1 ChIP-Seq - Rep 1, DHT | FOXA1 ChIP-Seq, DEX | FOXA1 ChIP-Seq - Rep 1, DEX | FOXA1 ChIP-Seq - Rep 2, 17BE2 | FOXA1 ChIP-Seq - Rep 1, 17BE2 | FOXA1 ChIP-Seq - Rep 2, DEX | FOXA1 ChIP-Seq - Rep 2, FOXA1 ChIP-Seq - Rep 2, FOXA1 ChIP-Seq - Rep 2, 17BE2 | FOXA1 ChIP-Seq - Rep 2, FOXA1 ChIP-Seq - Rep 1, FOXA1 IP - T47D cells, FOXA1 ChIP-Seq - Rep 1, FOXA1 ChIP-Seq - Rep 1, DEX | FOXA1 ChIP-Seq - Rep 1, DEX | FOXA1 ChIP-Seq - Rep 2, 17BE2 | FOXA1 ChIP-Seq - Rep 2, 17BE2 | FOXA1 ChIP-Seq",,,
MAX,PIK3C2B,uterus,"MAX IP - ECC1 cells, MAX IP - HeLa cells, Rep 1, MAX IP - HeLa cells, Rep 2",,,
CREB1,PIK3C2B,prostate,"FOXA1 siRNA | CREB1 ChIP-Seq - Rep 2, CREB1 siRNA | FOXA1 ChIP-Seq - Rep 2, CREB1 ChIP-Seq - Rep 1, CREB1 siRNA | FOXA1 ChIP-Seq - Rep 1, CREB1 ChIP-Seq - LNCaP, FOXA1 siRNA | CREB1 ChIP-Seq - Rep 1, CREB1 ChIP-Seq - LNCaP-abl, CREB1 ChIP-Seq - Rep 2",,,
17BE2,PIK3C2B,mammarygland,"17BE2 | FOXA1 ChIP-Seq - Rep 2, 17BE2 | FOXA1 ChIP-Seq - Rep 1, 17BE2 | FOXA1 ChIP-Seq - Rep 1, 17BE2 | FOXA1 ChIP-Seq - Rep 2, 17BE2 | FOXA1 ChIP-Seq - Rep 2, 17BE2 | FOXA1 ChIP-Seq - Rep 2, 17BE2 | FOXA1 ChIP-Seq",,,
MYB,PIK3C2B,leukocytes,"MYB IP - Jurkat, Rep 5, MYB IP - MOLT3, MYB IP - Jurkat, Rep 4, MYB IP - Jurkat, Rep 2, MYB IP - Jurkat, Rep 1, MYB IP - Jurkat, Rep 3",,,
JUN,PIK3C2B,mammarygland,"JUN IP - Rep 2, JUN IP - Rep 1",,,
GATA3,PIK3C2B,mammarygland,"GATA3 IP - MCF7 cells, GATA3 IP - T47D cells","24758297,",,
CEBPB,PIK3C2B,stemcells,"CEBPB IP, CEBPB IP, CEBPB IP, CEBPB IP, CEBPB IP, CEBPB IP, CEBPB IP, CEBPB IP - H1 cells, CEBPB IP",,,
DHT,PIK3C2B,prostate,"POU2F1 KD + DHT | FOXA1 ChIP-Seq, DHT | FOXA1 ChIP-Seq, DHT | ERG ChIP-Seq - 18 h, DHT | FOXP1 ChIP-Seq",,,
POU2F1,PIK3C2B,prostate,POU2F1 KD + DHT | FOXA1 ChIP-Seq,,,
CTCF,PIK3C2B,vasculature,"CTCF IP - HUVEC cells, Rep 2 , CTCF IP - HPAF cells, Rep 1 , CTCF IP - HUVEC cells, Rep 1 , CTCF IP - HPAF cells, Rep 2 , CTCF IP - AoAFC cells, Rep 2 , CTCF IP - AoAFC cells, Rep 1 , CTCF IP - HBMEC cells, Rep 2 , CTCF IP - HBMEC cells, Rep 1 , CTCF IP - HUVEC cells ",,,
USF2,PIK3C2B,uterus,USF2 IP - HeLa cells,,,
ELF3,PIK3C2B,pancreas,"ELF3 IP, ELF3 IP | KLF5 KO, ELF3 IP",,,
E2F1,PIK3C2B,prostate,"E2F1 ChIP-Seq - Rep 1, HES6 OE + BICALU | E2F1 ChIP-Seq - Rep 3, BICALU | E2F1 ChIP-Seq - Rep 1, HES6 OE | E2F1 ChIP-Seq - Rep 3, E2F1 ChIP-Seq - Rep 2, E2F1 ChIP-Seq - Rep 3, HES6 OE + BICALU | E2F1 ChIP-Seq - Rep 1, HES6 OE | E2F1 ChIP-Seq - Rep 1, E2F1 ChIP-Seq - Rep 4",,,
E2F6,PIK3C2B,stemcells,E2F6 IP - H1 cells,,,
FOXM1,PIK3C2B,leukocytes,FOXM1 IP - GM12878 cells,,,
ZBTB7A,PIK3C2B,uterus,ZBTB7A IP - ECC1 cells,,,
GATA6,PIK3C2B,stomach,"GATA6 IP - YCC3, GATA6 IP - AGS",,,
CTCF,PIK3C2B,hspcs,"CTCF IP - HEL 92.1.7 cells, Rep 5 , CTCF IP - HEL 92.1.7 cells, Rep 7 , CTCF IP - HSPCs, Rep 2, CTCF IP - HEL 92.1.7 cells, Rep 2 , CTCF IP - Erythroid cells, Rep 1, CTCF IP - HEL 92.1.7 cells, Rep 11 , CTCF IP - HSPCs, Rep 1, CTCF IP - HEL 92.1.7 cells, Rep 14 , CTCF IP - HEL 92.1.7 cells, Rep 8 ",,,
SP1,PIK3C2B,liver,SP1 IP - HepG2 cells,,,
DEX,PIK3C2B,mammarygland,"DEX | FOXA1 ChIP-Seq - Rep 1, DEX | FOXA1 ChIP-Seq - Rep 1, DEX | FOXA1 ChIP-Seq - Rep 2, DEX | FOXA1 ChIP-Seq - Rep 2, DEX | FOXA1 ChIP-Seq - Rep 1, DEX | FOXA1 ChIP-Seq - Rep 2",,,
CTCF,PIK3C2B,liver,"CTCF IP - HepG2 cells , CTCF IP - SK-N-SH cells, CTCF IP - HepG2 cells, Rep 2 , CTCF IP - HepG2 cells, Rep 1 , CTCF IP",,,
MYC,PIK3C2B,mammarygland,"DHT | MYC ChIP-Seq, MYC IP | 4HT - MCF10A cells, MYC IP - MCF-10A cells",,,
DHT,PIK3C2B,mammarygland,"DHT | MYC ChIP-Seq, DHT | FOXA1 ChIP-Seq, DHT | TCF7L2 ChIP-Seq",,,
BICALU,PIK3C2B,prostate,"HES6 OE + BICALU | E2F1 ChIP-Seq - Rep 3, BICALU | E2F1 ChIP-Seq - Rep 1, HES6 OE + BICALU | E2F1 ChIP-Seq - Rep 1",,,
HES6,PIK3C2B,prostate,"HES6 OE + BICALU | E2F1 ChIP-Seq - Rep 3, HES6 OE | E2F1 ChIP-Seq - Rep 3, HES6 OE + BICALU | E2F1 ChIP-Seq - Rep 1, HES6 OE | E2F1 ChIP-Seq - Rep 1",,,
MAFK,PIK3C2B,liver,"MAFK IP - HepG2 cells, Rep 1, MAFK IP - HepG2 cells, Rep 2",,,
ELF1,PIK3C2B,mammarygland,ELF1 IP - MCF7 cells,,,
TCF3,PIK3C2B,leukocytes,TCF3 IP - GM12878 cells,,,
MAX,PIK3C2B,liver,"MAX IP - MCF7 cells, MAX IP - HepG2 cells",,,
YY1,PIK3C2B,leukocytes,"YY1 IP - K562 cells, Rep 1, YY1 IP - GM12891 cells, YY1 IP - GM12892 cells, Rep 1, YY1 IP - GM12878 cells, YY1 IP - K562 cells, Rep 2",,,
REST,PIK3C2B,stemcells,"REST IP - H1 cells, Rep 1",,,
CEBPB,PIK3C2B,liver,"CEBPB ChIP-Seq - HepG2, CEBPB IP | FORSK - HepG2 cells",,,
CEBPB,PIK3C2B,lung,"CEBPB IP - A549 cells, CEBPB ChIP-Seq - A549, CEBPB ChIP-Seq - IMR90",,,
YY1,PIK3C2B,stemcells,YY1 IP - H1 cells,,,
TBP,PIK3C2B,leukocytes,TBP IP - GM12878 cells,,,
BHLHE40,PIK3C2B,leukocytes,"BHLHE40 IP - GM12878 cells, BHLHE40 IP - K562 cells",,,
STAT3,PIK3C2B,leukocytes,"STAT3 IP - U-2932, STAT3 IP - SU-DHL-6, STAT3 IP - SU-DHL-4",,,
FOSL1,PIK3C2B,colon,FOSL1 IP - HCT116 cells,,,
ETS1,PIK3C2B,leukocytes,"ETS1 IP, ETS1 IP - K562 cells",,,
ELF1,PIK3C2B,leukocytes,"ELF1 IP - SK-N-SH cells, ELF1 IP - SK-N-SH cells",,,
CREB1,PIK3C2B,liver,"CREB1 IP, CREB1 IP - HepG2 cells",,,
SRF,PIK3C2B,uterus,SRF IP - ECC1 cells,,,
GTF2B,PIK3C2B,uterus,"GTF2B IP - DTT, Rep 1, GTF2B IP - Rep 2",,,
REST,PIK3C2B,cns,"REST IP - U87 cells, REST IP - SK cells, REST IP - PFSK1 cells, Rep 2",,,
SRF,PIK3C2B,mammarygland,SRF IP - MCF7 cells,,,
R1881,PIK3C2B,prostate,"CON KD + R1881 | FOXA1 ChIP-Seq, GATA2 KD + R1881 | FOXA1 ChIP-Seq, CON KD + R1881 | FOXA1 ChIP-Seq - Rep 2, PIAS1 + R1881 | FOXA1 ChIP-Seq - Rep 2",,,
JUN,PIK3C2B,colon,JUN IP ,,,
GATA2,PIK3C2B,cns,GATA2 ChIP-Seq SH-SY5Y,,,
CTCF,PIK3C2B,cns,"CTCF IP - spinal cord astrocyte cells, Rep 1 , CTCF IP - cerebellar astrocyte cells, Rep 2 , CTCF IP - BE(2)-C cells, Rep 1 , CTCF IP - spinal cord astrocyte cells, Rep 2 , CTCF IP - HCPEpiC cells, Rep 1 , CTCF IP - BE(2)-C cells, Rep 2 , CTCF IP - SK-N-SH cells , CTCF IP - SK-N-SH cells, Rep 2 , CTCF IP - HCPEpiC cells, Rep 2 , CTCF IP - SK-N-SH cells, Rep 1 , CTCF IP - SK cells",,,
RELA,PIK3C2B,leukocytes,"RELA IP | TNF - GM19193 cells, RELA IP | TNF - GM19099 cells, RELA IP | TNF - GM12891 cells, RELA IP | TNF - GM18951 cells, RELA IP | BAY082  - IVD Th1 cells, PIA, RELA IP - IVD Th1 cells, PIA, RELA IP | TNF - GM10847 cells, RELA IP | TNF - GM12878 cells",,,
TNF,PIK3C2B,leukocytes,"RELA IP | TNF - GM19193 cells, RELA IP | TNF - GM12891 cells, RELA IP | TNF - GM18951 cells, RELA IP | TNF - GM10847 cells, RELA IP | TNF - GM12878 cells",,,
MAX,PIK3C2B,lung,MAX IP - A549 cells,,,
STAT2,PIK3C2B,colon,STAT2 IP ,,,
REST,PIK3C2B,lung,REST IP - A549 cells,,,
CREB1,PIK3C2B,leukocytes,"CREB1 IP - K562 cells, CREB1 IP - GM12878 cells",,,
CTCF,PIK3C2B,kidney,"CTCF IP - HEK293 cells, Rep 2 , CTCF IP - RPTEC cells, Rep 1 , CTCF IP - HEK293 cells, Rep 1 , CTCF IP - RPTEC cells, Rep 2 , CTCF IP - HRE cells, Rep 1 , CTCF IP - HRE cells, Rep 2 ",,,
SIX2,PIK3C2B,kidney,"SIX2 IP -  16 weeks, SIX2 IP - 17 weeks, Rep 2, SIX2 IP - 17 weeks, Rep 1",,,
SRF,PIK3C2B,stemcells,"SRF IP - Rep 2 , SRF IP - Rep 4 , SRF IP - Rep 7 , SRF IP - Rep 6 , SRF IP - Rep 5 , SRF IP - Rep 1 ",,,
CTCF,PIK3C2B,sensory,"CTCF IP - HRPEpiC cells, Rep 2 , CTCF IP - HRPEpiC cells, Rep 1 , CTCF IP - WERI-Rb-1- cells, Rep 1 , CTCF IP - WERI ",,,
CTCF,PIK3C2B,skin,"CTCF IP - AG04449 cells, Rep 1 , CTCF IP - AG10803 cells, Rep 2 , CTCF IP - AG04449 cells, Rep 2 , CTCF IP - BJ cells, Rep 2 , CTCF IP - NHEK cells, Rep 2 , CTCF IP - AG09309 cells, Rep 1 , CTCF IP - BJ cells, Rep 1 , CTCF IP - NHEK cells , CTCF IP - NHDF cells , CTCF IP - HFFC cells, Rep 1 , CTCF IP - NHDF cells, Rep 1 , CTCF IP - HFFC cells, Rep 3 , CTCF IP - HFFC cells, Rep 2 , CTCF IP - NHDF cells, Rep 2 , CTCF IP - GM12878 cells, Rep 2 , CTCF IP - AG10803 cells, Rep 1 ",,,
MEF2C,PIK3C2B,leukocytes,MEF2C IP - GM12878 cells,,,
CTCF,PIK3C2B,bone,CTCF IP - Osteoblasts ,,,
4HT,PIK3C2B,mammarygland,"MYC IP | 4HT - MCF10A cells, STAT3 IP | 4HT - MCF10 cells, 36 h, FOS IP | 4HT - MCF10A cells, 4 h, STAT3 IP | 4HT - MCF10 cells, 12 h, FOS IP | 4HT - MCF10A cells, 12 h",,,
HEY1,PIK3C2B,leukocytes,HEY1 IP - K562 cells,,,
RELA,PIK3C2B,colon,RELA IP ,,,
USF1,PIK3C2B,leukocytes,USF1 IP - GM12878 cells,,,
GLI2,PIK3C2B,colon,GLI2 IP ,,,
GABPA,PIK3C2B,stemcells,GABPA IP - H1 cells,,,
CTCF,PIK3C2B,placenta,"CTCF IP - HVMF cells, Rep 2 , CTCF IP - HVMF cells, Rep 1 ",,,
BARX1,PIK3C2B,colon,BARX1 IP - Rep 1 ,,,
FOS,PIK3C2B,mammarygland,"FOS IP - MCF10A cells, FOS IP | 4HT - MCF10A cells, 4 h, FOS IP | 4HT - MCF10A cells, 12 h",,,
REST,PIK3C2B,pancreas,"REST IP - Panc1 cells, Rep 3",,,
BCL3,PIK3C2B,lung,BCL3 IP - A549 cells,,,
RUNX1,PIK3C2B,hspcs,RUNX1,,,
SMAD4,PIK3C2B,stemcells,SMAD4 ChIP-Seq - ESCs,,,
TEAD4,PIK3C2B,uterus,TEAD4 IP - ECC1 cells,,,
ZNF143,PIK3C2B,colon,ZNF143 IP ,,,
ATF2,PIK3C2B,colon,ATF2 IP ,,,
YY1,PIK3C2B,uterus,YY1 IP - ECC1 cells,,,
CTCF,PIK3C2B,skeletalmuscle,"CTCF IP - HSMM cells, Rep 1 , CTCF IP - HSMM cells, Rep 2 ",,,
ATF3,PIK3C2B,colon,ATF3 IP - HCT116 cells,,,
FOXA1,PIK3C2B,pancreas,"FOXA1 IP, FOXA1 IP, FOXA1 IP | KLF5 KO",,,
CTCF,PIK3C2B,stemcells,"CTCF IP - H1 cells, CTCF IP - Rep 2 , CTCF IP - Rep 4 , CTCF IP - Rep 6 , CTCF IP - Rep 1 , CTCF IP - Rep 7 , CTCF IP - Rep 5 , CTCF IP - H1 cells ",,,
CTCF,PIK3C2B,esophagus,"CTCF IP - HEEpiC cells, Rep 1 ",,,
NFKB2,PIK3C2B,leukocytes,"NFKB2 IP - Rep 1, NFKB2 IP - Rep 2",,,
YY1,PIK3C2B,colon,YY1 IP - HCT116 cells,,,
IRF1,PIK3C2B,colon,IRF1 IP ,,,
STAT3,PIK3C2B,mammarygland,"STAT3 IP | 4HT - MCF10 cells, 36 h, STAT3 IP | 4HT - MCF10 cells, 12 h, STAT3 IP - MCF10A cells, Rep 2, STAT3 IP - MCF10A cells, Rep 1",,,
CEBPB,PIK3C2B,colon,"CEBPB IP, CEBPB IP - HCT116 cells, CEBPB IP | 125DVD3",,,
KLF11,PIK3C2B,adiposetissue,"KLF11 ChIP-Seq, Rep 2, ROSI (BrAT) | KLF11 ChIP-Seq, Rep 1, ROSI (BrAT) | KLF11 ChIP-Seq, Rep 2",,,
CTCF,PIK3C2B,uterus,"CTCF IP - HeLa cells, Rep 1 , CTCF IP - HeLa cells ",,,
FORSK,PIK3C2B,liver,CEBPB IP | FORSK - HepG2 cells,,,
PAX5,PIK3C2B,leukocytes,"PAX5 IP - GM12878 cells, Rep 2, PAX5 IP - GM12892 cells, PAX5 IP - GM12878 cells, Rep 1",,,
GATA2,PIK3C2B,prostate,"GATA2 ChIP-Seq, GATA2 KD  | FOXA1 ChIP-Seq, GATA2 KD + R1881 | FOXA1 ChIP-Seq",,,
MYC,PIK3C2B,uterus,MYC IP - HeLa cells,,,
KLF5,PIK3C2B,pancreas,"ELF3 IP | KLF5 KO, FOXA1 IP | KLF5 KO, KLF5 IP",,,
TP53,PIK3C2B,bone,TP53 IP | TP53EE/RR OE,,,
PBX3,PIK3C2B,cns,PBX3 IP - SK-N-SH cells,,,
STAT5A,PIK3C2B,leukocytes,STAT5A IP - GM12878 cells,,,
TCF12,PIK3C2B,lung,TCF12 IP - A549 cells,,,
E2F1,PIK3C2B,mammarygland,E2F1 IP - MCF7 cells,,,
CTCF,PIK3C2B,pancreas,CTCF IP,,,
E2F6,PIK3C2B,lung,E2F6 IP - A549 cells,,,
FOXA2,PIK3C2B,lung,FOXA2 IP - A549 cells,,,
TBP,PIK3C2B,liver,TBP IP - HepG2 cells,,,
REST,PIK3C2B,mammarygland,REST IP - MCF7 cells,,,
FOXA1,PIK3C2B,liver,"FOXA1 IP - HepG2 cells, Rep 1, FOXA1 IP - HepG2 cells, Rep 2",,,
ZNF280D,PIK3C2B,colon,ZNF280D IP ,,,
MAX,PIK3C2B,stemcells,MAX IP - H1 cells,,,
MYBL2,PIK3C2B,liver,MYBL2 IP - HepG2 cells,,,
TCF7L2,PIK3C2B,hspcs,"TCF7L2 IP - Rep 2, TCF7L2 IP - Rep 1",,,
FOXA1,PIK3C2B,lung,"FOXA1 IP - A549 cells, FOXA1 IP | DEX - A549 cells",,,
RELA,PIK3C2B,adiposetissue,"RELA IP, RELA IP",,,
ZNF143,PIK3C2B,leukocytes,ZNF143 IP - GM12878 cells,,,
POU2F2,PIK3C2B,leukocytes,POU2F2 IP - GM12878 cells,,,
ZBTB17,PIK3C2B,bone,ZBTB17 IP,,,
FOXM1,PIK3C2B,mammarygland,"FOXM1 IP - MCF7 cells, FOXM1 IP | THSP - DS006",,,
TAL1,PIK3C2B,colon,TAL1 IP ,,,
SMAD1,PIK3C2B,hspcs,SMAD1 IP - Rep 3,,,
FOXA1,PIK3C2B,stemcells,FOXA1 IP - Rep 5 ,,,
TCF7L2,PIK3C2B,mammarygland,"DHT | TCF7L2 ChIP-Seq, TCF7L2 ChIP-Seq",,,
YY1,PIK3C2B,cns,"YY1 IP - SK-N-SH cells, YY1 IP | ATRA - SK-N-SH cells",,,
USF1,PIK3C2B,liver,USF1 IP - HepG2 cells,,,
JUND,PIK3C2B,mammarygland,JUND IP - MCF7 cells,,,
HOXA4,PIK3C2B,colon,HOXA4 IP ,,,
USF1,PIK3C2B,stemcells,USF1 IP - H1 cells,,,
HMGN3,PIK3C2B,leukocytes,HMGN3 IP - K562 cells,,,
SP1,PIK3C2B,leukocytes,SP1 IP - GM12878 cells,,,
EGR1,PIK3C2B,colon,EGR1 IP - HCT116 cells,,,
CTCF,PIK3C2B,heart,"CTCF IP - HCF cells , CTCF IP - myocytes cells, Rep 1 , CTCF IP - myocytes cells, Rep 2 ",,,
MXI1,PIK3C2B,cns,MXI1 IP - SK-N-SH cells ,,,
MXI1,PIK3C2B,uterus,MXI1 IP - HeLa cells,,,
TP63,PIK3C2B,skin,TP63 IP,,,
DEX,PIK3C2B,lung,"CTCF IP | DEX - A549 cells, FOXA1 IP | DEX - A549 cells, CTCF IP | DEX - A549 cells , CREB1 IP | DEX - A549 cells",,,
IRF1,PIK3C2B,pancreas,IRF1 IP,,,
ELF1,PIK3C2B,liver,ELF1 IP - HepG2 cells,,,
SRF,PIK3C2B,colon,SRF IP - HCT116 cells,,,
MAFF,PIK3C2B,leukocytes,MAFF IP - K562 cells,,,
HOXA6,PIK3C2B,colon,HOXA6 IP ,,,
JUND,PIK3C2B,leukocytes,JUND IP - K562 cells,,,
JUND,PIK3C2B,stemcells,JUND IP - H1 cells,,,
BAY082,PIK3C2B,leukocytes,"RELA IP | BAY082  - IVD Th1 cells, PIA",,,
TAL1,PIK3C2B,leukocytes,TAL1 IP - MOLT3,,,
IRF4,PIK3C2B,leukocytes,"IRF4 IP - GM12878 cells, IRF4 IP",,,
RUNX1,PIK3C2B,leukocytes,"SPI1 IP | RUNX1 KD, RUNX1 IP - N terminus 2, RUNX1 IP",,,
TP63,PIK3C2B,thyroidgland,TP63 IP - TT MTC,,,
TCF12,PIK3C2B,liver,TCF12 IP - MCF7 cells,,,
MAX,PIK3C2B,colon,MAX IP - HCT116 cells,,,
ATRA,PIK3C2B,cns,YY1 IP | ATRA - SK-N-SH cells,,,
E2F3,PIK3C2B,colon,E2F3 IP ,,,
SATB1,PIK3C2B,liver,SATB1 IP,,,
YY1,PIK3C2B,liver,YY1 IP - HepG2 cells,,,
JUN,PIK3C2B,liver,JUN IP - HepG2 cells,,,
FOXA2,PIK3C2B,stemcells,"FOXA2 IP - ES D2, FOXA2 IP - ES D10, FOXA2 IP - ES D7, FOXA2 IP - ES D5",,,
JUND,PIK3C2B,lung,JUND IP - A549 cells,,,
TEAD4,PIK3C2B,stemcells,TEAD4 IP - H1 cells,,,
MTA3,PIK3C2B,leukocytes,MTA3 IP - GM12878 cells,,,
ZNF143,PIK3C2B,stemcells,ZNF143 IP - H1 cells,,,
JUND,PIK3C2B,liver,JUND IP - HepG2 cells,,,
ETV5,PIK3C2B,colon,ETV5 IP ,,,
TFAP4,PIK3C2B,leukocytes,"TFAP4 IP - Rep 1, TFAP4 IP - Rep 2",,,
MAFK,PIK3C2B,lung,MAFK IP - IMR cells,,,
JUND,PIK3C2B,colon,JUND IP - HCT116 cells,,,
EBF1,PIK3C2B,leukocytes,"EBF1 IP - GM12878 cells, EBF1 IP - GM12878 cells",,,
ZBTB7A,PIK3C2B,liver,ZBTB7A IP - HepG2 cells,,,
GATA4,PIK3C2B,stomach,GATA4 IP - AGS,,,
GATA2,PIK3C2B,hspcs,"GATA2 IP, GATA2 IP",,,
CEBPB,PIK3C2B,mammarygland,CEBPB IP - MCF7 cells,,,
NFKB1,PIK3C2B,leukocytes,"NFKB1 IP - Rep 1, NFKB1 IP - Rep 2",,,
TCF4,PIK3C2B,colon,"TCF4 IP, TCF4 IP | 125DVD3",,,
ROSI,PIK3C2B,adiposetissue,"ROSI (BrAT) | KLF11 ChIP-Seq, Rep 1, ROSI (BrAT) | KLF11 ChIP-Seq, Rep 2",,,
SOX9,PIK3C2B,colon,SOX9 IP ,,,
SOX2,PIK3C2B,stemcells,SOX2 IP,,,
MAZ,PIK3C2B,lung,MAZ IP - IMR cells,,,
ROSI,PIK3C2B,leukocytes,ROSI | SPI1 ChIP-Seq,,,
MAFK,PIK3C2B,leukocytes,"MAFK IP - K562 cells, MAFK IP - GM12878 cells",,,
TBP,PIK3C2B,stemcells,TBP IP - H1 cells,,,
ZNF263,PIK3C2B,kidney,ZNF263 IP - HEK293 cells,,,
MAFK,PIK3C2B,uterus,MAFK IP - HeLa cells,,,
TCF7L2,PIK3C2B,uterus,TCF7L2 IP - HeLa cells,,,
EGR1,PIK3C2B,leukocytes,EGR1 IP - K562 cells,,,
USF1,PIK3C2B,colon,USF1 IP - HCT116 cells,,,
MAZ,PIK3C2B,leukocytes,"MAZ IP - K562 cells, MAZ IP - GM12878 cells",,,
SP1,PIK3C2B,colon,SP1 IP - HCT116 cells,,,
125DVD3,PIK3C2B,colon,"TCF4 IP | 125DVD3, CEBPB IP | 125DVD3",,,
SRF,PIK3C2B,leukocytes,SRF IP - SK-N-SH cells,,,
ZBTB7A,PIK3C2B,leukocytes,ZBTB7A IP - SK-N-SH cells,,,
SRF,PIK3C2B,liver,SRF IP - HepG2 cells,,,
RUNX1T1,PIK3C2B,leukocytes,RUNX1T1 IP,,,
NFYB,PIK3C2B,uterus,NFYB IP - HeLa cells,,,
ERG,PIK3C2B,prostate,"DHT | ERG ChIP-Seq - 18 h, ERG ChIP-Seq",,,
FOXA2,PIK3C2B,liver,FOXA2 IP - HepG2 cells,"19822575,",,
CREB1,PIK3C2B,lung,CREB1 IP | DEX - A549 cells,,,
TCF7L2,PIK3C2B,pancreas,TCF7L2 IP,,,
NFYB,PIK3C2B,leukocytes,NFYB IP - GM12878 cells,,,
KLF5,PIK3C2B,stomach,KLF5 IP - KATOIII,,,
GATA1,PIK3C2B,hspcs,"GATA1 IP - PBDE cells, Rep 1",,,
YY1,PIK3C2B,lung,YY1 IP - A549 cells,,,
SP1,PIK3C2B,lung,SP1 IP - A549 cells,,,
MXI1,PIK3C2B,liver,MXI1 IP - HepG2 cells,,,
MAX,PIK3C2B,cns,MAX IP - SK-N-SH cells,,,
REST,PIK3C2B,liver,"REST IP - HepG2 cells, Rep 2",,,
ZNF384,PIK3C2B,leukocytes,"ZNF384 IP - GM12878 cells, ZNF384 IP - K562 cells",,,
STAT1,PIK3C2B,uterus,"STAT1 IP | IFNG - HeLa cells, 30 min",,,
IFNG,PIK3C2B,uterus,"STAT1 IP | IFNG - HeLa cells, 30 min",,,
FOXP1,PIK3C2B,prostate,DHT | FOXP1 ChIP-Seq,,,
TBP,PIK3C2B,uterus,TBP IP - HeLa cells,,,
MAZ,PIK3C2B,uterus,MAZ IP - HeLa cells,,,
GATA2,PIK3C2B,vasculature,GATA2 IP - HUVEC cells,,,
CTCF,PIK3C2B,adiposetissue,"CTCF ChIP-Seq - d 9, CTCF ChIP-Seq - d 0, CTCF ChIP-Seq - d -2",,,
MAFF,PIK3C2B,liver,MAFF IP - HepG2 cells,,,
PIAS1,PIK3C2B,prostate,PIAS1 + R1881 | FOXA1 ChIP-Seq - Rep 2,,,
TCF12,PIK3C2B,cns,TCF12 IP - SK-N-SH cells,,,
TEAD4,PIK3C2B,leukocytes,TEAD4 IP - K562 cells,,,
ZNF83,PIK3C2B,colon,ZNF83 IP ,,,
ZEB1,PIK3C2B,liver,ZEB1 IP - HepG2 cells,,,
HEY1,PIK3C2B,liver,HEY1 IP - HepG2 cells,,,
MXI1,PIK3C2B,lung,MXI1 IP - IMR cells,,,
ATF2,PIK3C2B,leukocytes,ATF2 IP - GM12878 cells,,,
TCF12,PIK3C2B,uterus,TCF12 IP - ECC1 cells,,,
CREB1,PIK3C2B,stemcells,CREB1 IP - H1 cells,,,
GATA3,PIK3C2G,cns,GATA3 IP - SK-N-SH cells,,,
FOXA1,PIK3C2G,mammarygland,"17BE2 | FOXA1 ChIP-Seq - Rep 2, FOXA1 ChIP-Seq - Rep 1, 17BE2 | FOXA1 ChIP-Seq - Rep 1, FOXA1 ChIP-Seq - Rep 2, FOXA1 ChIP-Seq - Rep 1, DEX | FOXA1 ChIP-Seq - Rep 1, DEX | FOXA1 ChIP-Seq - Rep 2, FOXA1 ChIP-Seq - Rep 2, DEX | FOXA1 ChIP-Seq - Rep 2, DEX | FOXA1 ChIP-Seq - Rep 2, DEX | FOXA1 ChIP-Seq - Rep 1, FOXA1 IP - T47D cells, 17BE2 | FOXA1 ChIP-Seq - Rep 1, DEX | FOXA1 ChIP-Seq - Rep 1, FOXA1 ChIP-Seq - Rep 1, FOXA1 ChIP-Seq - Rep 2, FOXA1 ChIP-Seq - Rep 2, 17BE2 | FOXA1 ChIP-Seq - Rep 2",,,
17BE2,PIK3C2G,mammarygland,"17BE2 | FOXA1 ChIP-Seq - Rep 2, 17BE2 | FOXA1 ChIP-Seq - Rep 1, 17BE2 | FOXA1 ChIP-Seq - Rep 1, 17BE2 | FOXA1 ChIP-Seq - Rep 2",,,
GATA6,PIK3C2G,stomach,GATA6 IP - YCC3,,,
JUND,PIK3C2G,liver,JUND IP - HepG2 cells,,,
JUND,PIK3C2G,uterus,JUND IP - HeLa cells,,,
MEF2B,PIK3C2G,kidney,"MEF2B IP | MEF2B D83V OE - Rep 1, MEF2B IP | MEF2B OE - Rep 2",,,
JUND,PIK3C2G,mammarygland,"JUND IP - T47D cells, JUND IP - MCF7 cells",,,
CEBPB,PIK3C2G,stemcells,"CEBPB IP, CEBPB IP, CEBPB IP, CEBPB IP",,,
USF1,PIK3C2G,stemcells,USF1 IP - H1 cells,,,
POU2F2,PIK3C2G,leukocytes,POU2F2 IP | POU2F2 WT OE,,,
GATA3,PIK3C2G,mammarygland,"GATA3 IP - MCF-7 cells, GATA3 IP - MCF7 cells, GATA3 IP - T47D cells",,,
JUN,PIK3C2G,vasculature,JUN IP,,,
FOS,PIK3C2G,mammarygland,"FOS IP | 4HT - MCF10A cells, 4 h, FOS IP | 4HT - MCF10A cells, 12 h, FOS IP | 4HT - MCF10A cells, 36 h, FOS IP - MCF10A cells",,,
4HT,PIK3C2G,mammarygland,"FOS IP | 4HT - MCF10A cells, 4 h, FOS IP | 4HT - MCF10A cells, 12 h, FOS IP | 4HT - MCF10A cells, 36 h, STAT3 IP | 4HT - MCF10 cells, 36 h",,,
FOXA1,PIK3C2G,prostate,AR C562S OE + FOXA1 OE | FOXA1 ChIP-Seq,,,
AR,PIK3C2G,prostate,AR C562S OE + FOXA1 OE | FOXA1 ChIP-Seq,,,
ZNF217,PIK3C2G,mammarygland,ZNF217 IP - MCF7 cells,"24962896,",,
TP63,PIK3C2G,skin,"TP63 IP, TP63 IP | BANF1 KD, TP63 IP",,,
MAX,PIK3C2G,liver,MAX IP - MCF7 cells,,,
CEBPB,PIK3C2G,mammarygland,CEBPB IP - MCF7 cells,,,
FOXA1,PIK3C2G,pancreas,"FOXA1 IP, FOXA1 IP",,,
BANF1,PIK3C2G,skin,TP63 IP | BANF1 KD,,,
DEX,PIK3C2G,mammarygland,"DEX | FOXA1 ChIP-Seq - Rep 1, DEX | FOXA1 ChIP-Seq - Rep 2, DEX | FOXA1 ChIP-Seq - Rep 2, DEX | FOXA1 ChIP-Seq - Rep 2, DEX | FOXA1 ChIP-Seq - Rep 1, DEX | FOXA1 ChIP-Seq - Rep 1",,,
JUND,PIK3C2G,cns,JUND IP - SK-N-SH cells ,,,
JUND,PIK3C2G,vasculature,JUND IP,,,
STAT3,PIK3C2G,mammarygland,"STAT3 IP | 4HT - MCF10 cells, 36 h",,,
MYC,PIK3C2G,mammarygland,MYC IP - MCF-10A cells,,,
MAX,PIK3C2G,uterus,MAX IP - ECC1 cells,,,
KLF5,PIK3CA,stomach,KLF5 IP - KATOIII,,,
CTCF,PIK3CA,kidney,"CTCF IP - HRE cells, Rep 2 , CTCF IP - RPTEC cells, Rep 1 , CTCF IP - HEK293 cells, Rep 2 , CTCF IP - HEK293 cells, Rep 1 , CTCF IP - RPTEC cells, Rep 2 , CTCF IP - HRE cells, Rep 1 ",,,
FOXA1,PIK3CA,prostate,"POU2F1 KD + DHT | FOXA1 ChIP-Seq, AR C562S OE + FOXA1 OE | FOXA1 ChIP-Seq, FOXA1 KD | GATA2 ChIP-Seq, EtOH | FOXA1 ChIP-Seq - Rep 2, CON KD  | FOXA1 ChIP-Seq, R1881 | FOXA1 ChIP-Seq - Rep 1, FOXA1 ChIP-Seq - Rep 2, CREB1 siRNA | FOXA1 ChIP-Seq - Rep 2, FOXA1 ChIP-Seq, FOXA1 siRNA | CREB1 ChIP-Seq - Rep 1, CON KD | FOXA1 ChIP-Seq, CON KD + R1881 | FOXA1 ChIP-Seq - Rep 1, FOXA1 KD | FOXA1 ChIP-Seq, WT AR OE + FOXA1 OE | FOXA1 ChIP-Seq, CON KD | FOXA1 ChIP-Seq, FOXA1 ChIP-Seq - Rep 1, FOXA1 KD | FOXA1 ChIP-Seq, GATA2 KD  | FOXA1 ChIP-Seq, FOXA1 ChIP-Seq - Rep 2, CREB1 siRNA | FOXA1 ChIP-Seq - Rep 1, FOXA1 ChIP-Seq, FOXA1 ChIP-Seq, FOXA1 ChIP-Seq, EtOH | FOXA1 ChIP-Seq - , DHT | FOXA1 ChIP-Seq - C4- Rep 2B, DHT | FOXA1 ChIP-Seq, GATA2 KD + R1881 | FOXA1 ChIP-Seq, FOXA1 ChIP-Seq, AR Q640X OE + FOXA1 OE | FOXA1 ChIP-Seq, FOXA1 siRNA | CREB1 ChIP-Seq - Rep 2, R1881 | FOXA1 ChIP-Seq - Rep 2, CON KD + R1881 | FOXA1 ChIP-Seq - Rep 2, FOXA1 ChIP-Seq - Rep 1, FOXA1 + FBS | GATA2 ChIP-Seq, FOXA1 ChIP-Seq - LNCaP-abl, CON KD + R1881 | FOXA1 ChIP-Seq, PIAS1 + R1881 | FOXA1 ChIP-Seq - Rep 2, FOXA1 ChIP-Seq - VCaP, PIAS1 + R1881 | FOXA1 ChIP-Seq - Rep 1, FOXA1 ChIP-Seq - LNCaP, WT AR OE + FOXA1 OE | FOXA1 ChIP-Seq - high FOXA1, FOXA1 ChIP-Seq, CON KD | FOXA1 ChIP-Seq, DHT | FOXA1 ChIP-Seq",,,
DHT,PIK3CA,prostate,"POU2F1 KD + DHT | FOXA1 ChIP-Seq, DHT | FOXA1 ChIP-Seq - C4- Rep 2B, DHT | FOXA1 ChIP-Seq, DHT | ERG ChIP-Seq - 18 h, DHT | ERG ChIP-Seq - 2 h, DHT | FOXP1 ChIP-Seq, DHT | FOXA1 ChIP-Seq",,,
POU2F1,PIK3CA,prostate,POU2F1 KD + DHT | FOXA1 ChIP-Seq,,,
CTCF,PIK3CA,leukocytes,"CTCF IP - GM12891 cells, Rep 1 , CTCF IP - MS1 cells, Rep 4 , CTCF IP - GM18951 cells, Rep 2 , CTCF IP - KU812 cells, Rep 9 , CTCF IP - GM12154 cells, Rep 1, CTCF IP - GM12866 cells , CTCF IP - GM2588 cells, Rep 2 , CTCF IP - UT-7 cells, Rep 4 , CTCF IP - GM11811 cells, Rep 2, CTCF IP - GM18486 cells, Rep 1 , CTCF IP - GM12873 cells, Rep 1 , CTCF IP - GM12868 cells , CTCF IP - GM12865 cells, Rep 1 , CTCF IP - GM12872 cells, Rep 2 , CTCF IP - GM2610 cells, Rep 1 , CTCF IP - KU812 cells, Rep 1 , CTCF IP - GM12865 cells, Rep 3 , CTCF IP - GM2588 cells, Rep 3 , CTCF IP - F36P cells, Rep 3 , CTCF IP - GM11881 cells, CTCF IP - GM12865 cells, Rep 2 , CTCF IP - GM06990 cells, Rep 1 , CTCF IP - GM18505 cells, Rep 2 , CTCF IP - F36P cells, Rep 11 , CTCF IP - GM18526 cells, Rep 2 , CTCF IP - GM2630 cells, Rep 3 , CTCF IP - GM12890 cells, Rep 3 , CTCF IP - MS1 cells, Rep 1 , CTCF IP - GM18951 cells, Rep 1 , CTCF IP - GM18486 cells, Rep 2 , CTCF IP - GM12892 cells, Rep 1 , CTCF IP - K562 cells, Rep 1 , CTCF IP - UT-7 cells, Rep 1 , CTCF IP - K562 cells, Rep 14 , CTCF IP - GM19193 cells, Rep 2 , CTCF IP - GM12814 cells, Rep 1, CTCF IP - GM12892 cells, Rep 2 , CTCF IP - HeLa cells, Rep 2 , CTCF IP - GM2588 cells, Rep 1 , CTCF IP - GM12878 cells , CTCF IP -  CD20+ cells , CTCF IP - GM06986 cells, CTCF IP - NB4 cells , CTCF IP - K562 cells, Rep 16 , CTCF IP - F36P cells, Rep 7 , CTCF IP - GM12864 cells, Rep 3 , CTCF IP, CTCF IP - GM12874 cells, Rep 2 , CTCF IP - GM12814 cells, Rep 2, CTCF IP - GM12890 cells, Rep 1 , CTCF IP - KU812 cells, Rep 5 , CTCF IP - GM2255 cells, Rep 2 , CTCF IP - GM18486 cells, Rep 3 , CTCF IP - F36P cells, Rep 19 , CTCF IP - GM12828 cells, CTCF IP - MS1 cells, Rep 3 , CTCF IP - GM2630 cells, Rep 2 , CTCF IP - F36P cells, Rep 18 , CTCF IP - GM19240 cells, Rep 2 , CTCF IP - GM12874 cells, Rep 1 , CTCF IP - CD14+ cells , CTCF IP - GM12878 cells, Rep 2 , CTCF ChIP-Seq - GM12878, CTCF IP - F36P cells, Rep 14 , CTCF IP - GM11811 cells, Rep 1, CTCF IP - GM06990 cells, Rep 2 , CTCF IP - K562 cells, Rep 15 , CTCF IP - GM19238 cells, Rep 1 , CTCF IP - GM12489 cells, Rep 1, CTCF IP - GM2610 cells, Rep 2 , CTCF IP - K562 cells, Rep 2 , CTCF IP - GM12234 cells, CTCF IP - K562 cells, Rep 12 , CTCF IP - GM10847 cells, Rep 1 , CTCF IP - F36P cells, Rep 2 , CTCF IP - GM2255 cells, Rep 3 , CTCF IP - GM12749 cells, Rep 1, CTCF IP -  DND , CTCF IP - GM12867 cells , CTCF IP - GM19238 cells, Rep 2 , CTCF IP - GM12873 cells, Rep 1 , CTCF IP - GM12870 cells , CTCF IP - GM18526 cells, Rep 1 , CTCF IP - GM12872 cells, Rep 3 , CTCF IP - K562 cells, CTCF IP - GM19193 cells, Rep 1 , CTCF IP - GM12864 cells, Rep 2 , CTCF IP - HL , CTCF IP - GM2630 cells, Rep 1 , CTCF IP - GM19240 cells, Rep 1 , CTCF IP - GM12154 cells, Rep 2, CTCF IP - K562 cells, CTCF IP - GM12875 cells, Rep 1 , CTCF IP - GM12864 cells, Rep 1 , CTCF IP - MS1 cells, Rep 2 , CTCF IP - GM07346 cells, CTCF IP - GM2610 cells, Rep 3 , CTCF IP - GM19239 cells, Rep 2 , CTCF IP - K562 cells, Rep 13 , CTCF IP - GM12869 cells , CTCF IP, CTCF IP - GM12873 cells, Rep 3 , CTCF IP - F36P cells, Rep 10 , CTCF IP - GM18505 cells, Rep 1 , CTCF IP - GM11831 cells, CTCF IP - GM12891 cells, Rep 2 , CTCF IP - GM11994 cells, Rep 2, CTCF IP - GM11994 cells, Rep 1, CTCF IP - K562 cells, Rep 11 , CTCF IP - GM19239 cells, Rep 1 , CTCF IP - GM10847 cells, Rep 2 , CTCF IP - GM12871 cells , CTCF IP - GM12878 cells, Rep 1 , CTCF IP - F36P cells, Rep 6 , CTCF IP - K562 cells , CTCF IP - GM12878 cells, Rep 2 , CTCF IP - GM19099 cells, Rep 2 , CTCF IP - GM12872 cells, Rep 1 , CTCF IP - GM19099 cells, Rep 1 , CTCF IP - GM12815 cells, Rep 1, CTCF IP - F36P cells, Rep 15 , CTCF IP - GM2255 cells, Rep 1 , CTCF IP - GM12890 cells, Rep 2 , CTCF IP - UT-7 cells, Rep 3 ",,,
AR,PIK3CA,prostate,"AR C562S OE + FOXA1 OE | FOXA1 ChIP-Seq, WT AR OE + FOXA1 OE | FOXA1 ChIP-Seq, AR Q640X OE + FOXA1 OE | FOXA1 ChIP-Seq, WT AR OE + FOXA1 OE | FOXA1 ChIP-Seq - high FOXA1","22383394,",,
GATA1,PIK3CA,leukocytes,"GATA1 ChIP-Seq - SC266, GATA1 ChIP-Seq - K562",,,
CTCF,PIK3CA,stemcells,"CTCF IP - Rep 2 , CTCF IP - Rep 4 , CTCF IP - H1 cells, CTCF IP - H1 cells , CTCF IP - Rep 6 , CTCF IP - Rep 5 , CTCF IP - Rep 1 , CTCF IP - Rep 7 ",,,
NFKB2,PIK3CA,leukocytes,"NFKB2 IP - Rep 2, NFKB2 IP - Rep 1",,,
CTCF,PIK3CA,vasculature,"CTCF IP - HBMEC cells, Rep 1 , CTCF IP - HUVEC cells , CTCF IP - HBMEC cells, Rep 2 , CTCF IP - HUVEC cells, Rep 1 , CTCF IP - HPAF cells, Rep 2 , CTCF IP - HUVEC cells, Rep 2 , CTCF IP - HPAF cells, Rep 1 , CTCF IP - AoAFC cells, Rep 2 , CTCF IP - AoAFC cells, Rep 1 ",,,
ZBTB7A,PIK3CA,liver,ZBTB7A IP - HepG2 cells,,,
CTCF,PIK3CA,mammarygland,"CTCF IP - T47D cells, CTCF IP - HMEC cells, Rep 1 , CTCF IP - MCF-7 cells Rep 2 , CTCF IP - MCF-7 cells, Rep 1 , CTCF IP - HMF cells, Rep 1 , CTCF IP - MCF7 cells, CTCF IP - HMF cells, Rep 2 , CTCF IP - HMEC cells , CTCF IP - HMEC cells, Rep 2 ",,,
FOXM1,PIK3CA,mammarygland,FOXM1 IP | THSP - DS006,,,
FOXA2,PIK3CA,embryonictissue,"FOXA2 IP - Rep 1, FOXA2 IP - Rep 2",,,
FOXA1,PIK3CA,mammarygland,"DEX | FOXA1 ChIP-Seq - Rep 1, DEX | FOXA1 ChIP-Seq - Rep 1, TNF | FOXA1 ChIP-Seq - Rep 1, DEX | FOXA1 ChIP-Seq - Rep 2, FOXA1 ChIP-Seq - Rep 2, FOXA1 ChIP-Seq, FOXA1 ChIP-Seq - Rep 2, 17BE2 | FOXA1 ChIP-Seq - Rep 2, 17BE2 | FOXA1 ChIP-Seq - Rep 1, DHT | FOXA1 ChIP-Seq, FOXA1 ChIP-Seq - Rep 2, FOXA1 ChIP-Seq - Rep 1, FOXA1 ChIP-Seq - Rep 1, 17BE2 | FOXA1 ChIP-Seq - Rep 1, 17BE2 | FOXA1 ChIP-Seq - Rep 2, FOXA1 IP - T47D, TNF | FOXA1 ChIP-Seq - Rep 2, DEX | FOXA1 ChIP-Seq - Rep 2, 17BE2 + TNF | FOXA1 ChIP-Seq - Rep 2, FOXA1 ChIP-Seq - Rep 2, DEX | FOXA1 ChIP-Seq - Rep 2, FOXA1 IP - T47D cells, 17BE2 | FOXA1 ChIP-Seq - Rep 2, 17BE2 | FOXA1 ChIP-Seq, 17BE2 + TNF | FOXA1 ChIP-Seq - Rep 1, FOXA1 ChIP-Seq - Rep 1, DEX | FOXA1 ChIP-Seq - Rep 1, FOXA1 ChIP-Seq - Rep 1, 17BE2 | FOXA1 ChIP-Seq - Rep 1, 17BE2 | FOXA1 ChIP-Seq - Rep 2, 17BE2 | FOXA1 ChIP-Seq - Rep 1",,,
DEX,PIK3CA,mammarygland,"DEX | FOXA1 ChIP-Seq - Rep 1, DEX | FOXA1 ChIP-Seq - Rep 1, DEX | FOXA1 ChIP-Seq - Rep 2, DEX | FOXA1 ChIP-Seq - Rep 2, DEX | FOXA1 ChIP-Seq - Rep 2, DEX | FOXA1 ChIP-Seq - Rep 1",,,
RUNX1T1,PIK3CA,leukocytes,RUNX1T1 IP,,,
TP53,PIK3CA,mammarygland,TP53 IP,,,
GATA2,PIK3CA,prostate,"FOXA1 KD | GATA2 ChIP-Seq, CON KD | GATA2 ChIP-Seq, GATA2 ChIP-Seq, GATA2 KD  | FOXA1 ChIP-Seq, GATA2 KD  | GATA2 ChIP-Seq, GATA2 KD + R1881 | FOXA1 ChIP-Seq, GATA2 ChIP-Seq - Rep 2, GATA2 KD + R1881 | GATA2 ChIP-Seq, CON KD + R1881 | GATA2 ChIP-Seq, FOXA1 + FBS | GATA2 ChIP-Seq, CON KD  | GATA2 ChIP-Seq, GATA2 ChIP-Seq - Rep 1, CON KD + FBS | GATA2 ChIP-Seq",,,
SPI1,PIK3CA,leukocytes,"SPI1 IP, SPI1 IP, SPI1 IP, SPI1 IP - HL cells, SPI1 IP - GM12878 cells, Rep 1 , SPI1 IP, SPI1 IP, SPI1 IP - GM12878 cells, Rep 2 , SPI1 IP - GM12878 cells, Rep 3 , SPI1 IP | RUNX1 KD, SPI1 IP - GM12878 cells, Rep 4 , SPI1 IP - K562 cells, SPI1 IP, SPI1 IP, SPI1 IP, SPI1 IP - GM12878 cells, SPI1 IP, SPI1 IP - GM12891 cells",,,
TNF,PIK3CA,mammarygland,"TNF | FOXA1 ChIP-Seq - Rep 1, TNF | FOXA1 ChIP-Seq - Rep 2",,,
FOXA1,PIK3CA,stemcells,"FOXA1 IP - ES D5, FOXA1 IP - Rep 5 , FOXA1 IP - ES D7, FOXA1 IP - ES D10, FOXA1 IP - ES D2",,,
YY1,PIK3CA,leukocytes,"YY1 IP - GM12891 cells, YY1 IP - K562 cells, Rep 1, YY1 IP - K562 cells, Rep 2, YY1 IP - GM12878 cells",,,
CTCF,PIK3CA,sensory,"CTCF IP - WERI , CTCF IP - HRPEpiC cells, Rep 1 , CTCF IP - WERI-Rb-1- cells, Rep 1 , CTCF IP - HRPEpiC cells, Rep 2 ",,,
ETS1,PIK3CA,leukocytes,"ETS1 IP, ETS1 IP - K562 cells, ETS1 IP - GM12878 cells",,,
CTCF,PIK3CA,hspcs,"CTCF IP - HEL 92.1.7 cells, Rep 14 , CTCF IP - HEL 92.1.7 cells, Rep 8 , CTCF IP - Erythroid cells, Rep 2, CTCF IP - HEL 92.1.7 cells, Rep 5 , CTCF IP - HEL 92.1.7 cells, Rep 2 , CTCF IP - Erythroid cells, Rep 1, CTCF IP - HEL 92.1.7 cells, Rep 11 ",,,
RELA,PIK3CA,adiposetissue,RELA IP,,,
ATF1,PIK3CA,leukocytes,ATF1 IP - K562 cells,,,
MYC,PIK3CA,bone,MYC IP,,,
MYB,PIK3CA,leukocytes,"MYB IP - Jurkat, Rep 2, MYB IP - Jurkat, Rep 1, MYB IP - Jurkat, Rep 3, MYB IP - MOLT3, MYB IP - Jurkat, Rep 5, MYB IP - Jurkat, Rep 4",,,
SP1,PIK3CA,stemcells,SP1 IP - H1 cells,,,
CTCF,PIK3CA,cns,"CTCF IP - SK-N-SH cells, Rep 1 , CTCF IP - NHA cells , CTCF IP - BE(2)-C cells, Rep 2 , CTCF IP - HCPEpiC cells, Rep 1 , CTCF IP - spinal cord astrocyte cells, Rep 1 , CTCF IP - SK-N-SH cells , CTCF IP - cerebellar astrocyte cells, Rep 2 , CTCF IP - spinal cord astrocyte cells, Rep 2 , CTCF IP - SK cells, CTCF IP - SK-N-SH cells, Rep 2 , CTCF IP - HCPEpiC cells, Rep 2 , CTCF IP - BE(2)-C cells, Rep 1 , CTCF IP - cerebellar astrocyte cells, Rep 1 ",,,
ERG,PIK3CA,leukocytes,ERG IP - Rep 1,,,
R1881,PIK3CA,prostate,"R1881 | FOXA1 ChIP-Seq - Rep 1, GABPA IP | R1881, CON KD + R1881 | FOXA1 ChIP-Seq - Rep 1, GATA2 KD + R1881 | FOXA1 ChIP-Seq, GATA2 KD + R1881 | GATA2 ChIP-Seq, CON KD + R1881 | GATA2 ChIP-Seq, R1881 | FOXA1 ChIP-Seq - Rep 2, CON KD + R1881 | FOXA1 ChIP-Seq - Rep 2, CON KD + R1881 | FOXA1 ChIP-Seq, PIAS1 + R1881 | FOXA1 ChIP-Seq - Rep 2, PIAS1 + R1881 | FOXA1 ChIP-Seq - Rep 1",,,
SRF,PIK3CA,colon,SRF IP - HCT116 cells,,,
PBX3,PIK3CA,cns,PBX3 IP - SK-N-SH cells,,,
MYBL2,PIK3CA,liver,MYBL2 IP - HepG2 cells,,,
GATA2,PIK3CA,hspcs,"GATA2 IP, GATA2 IP",,,
MAX,PIK3CA,uterus,"MAX IP - HeLa cells, Rep 2, MAX IP - ECC1 cells, MAX IP - HeLa cells, Rep 1",,,
TBP,PIK3CA,uterus,TBP IP - HeLa cells,,,
TCF3,PIK3CA,leukocytes,TCF3 IP - GM12878 cells,,,
CTCF,PIK3CA,skin,"CTCF IP - AG09309 cells, Rep 2 , CTCF IP - NHDF cells , CTCF IP - HFFC cells, Rep 1 , CTCF IP - NHDF cells, Rep 2 , CTCF IP - GM12878 cells, Rep 2 , CTCF IP - AG10803 cells, Rep 1 , CTCF IP - AG04449 cells, Rep 1 , CTCF IP - AG10803 cells, Rep 2 , CTCF IP - NHDF cells, Rep 1 , CTCF IP - HFFC cells, Rep 2 , CTCF IP - HFFC cells, Rep 3 , CTCF IP - BJ cells, Rep 2 , CTCF IP - NHEK cells, Rep 2 , CTCF IP - AG09309 cells, Rep 1 , CTCF IP - AG04449 cells, Rep 2 , CTCF IP - NHEK cells , CTCF IP - BJ cells, Rep 1 ",,,
GABPA,PIK3CA,leukocytes,"GABPA IP - HL cells, GABPA IP - GM12878 cells, Rep 2 , GABPA IP - Jurkat, Rep 2, GABPA IP - GM12878 cells, GABPA IP - GM12878 cells, Rep 4 , GABPA IP - K562 cells, GABPA IP - GM12878 cells, Rep 5 , GABPA IP, GABPA IP - Jurkat, Rep 1, GABPA IP - GM12878 cells, Rep 3 , GABPA IP - GM12878 cells, Rep 1 ",,,
RELA,PIK3CA,leukocytes,"RELA IP | TNF - GM18505 cells, RELA IP | BAY082  - IVD Th1 cells, PIA, RELA IP | TNF - GM10847 cells, RELA IP | TNF - GM12891 cells, RELA IP | TNF - GM12892 cells, RELA IP | TNF - GM19099 cells, RELA IP | TNF - GM15510 cells, RELA IP | TNF - GM12878 cells, RELA IP | TNF - GM19193 cells, RELA IP | TNF - GM18951 cells",,,
TNF,PIK3CA,leukocytes,"RELA IP | TNF - GM18505 cells, RELA IP | TNF - GM10847 cells, RELA IP | TNF - GM12891 cells, RELA IP | TNF - GM12892 cells, RELA IP | TNF - GM15510 cells, RELA IP | TNF - GM12878 cells, RELA IP | TNF - GM19193 cells, RELA IP | TNF - GM18951 cells",,,
CTCF,PIK3CA,lung,"CTCF IP - HPF cells, Rep 1 , CTCF IP - NHLF cells , CTCF IP - SAEC cells, Rep 1 , CTCF IP - AG04450 cells, Rep 2 , CTCF IP - HPF cells, Rep 2 , CTCF IP - AG04450 cells, Rep 1 , CTCF IP - WI-38 cells, Rep 1 , CTCF IP - A549 cells, Rep 2 , CTCF IP - NHLF cells , CTCF IP - A549 cells, CTCF ChIP-Seq - A549, CTCF IP - IMR cells, CTCF IP | DEX - A549 cells , CTCF IP | DEX - A549 cells, CTCF IP - A549 cells , CTCF IP - SAEC cells, Rep 2 ",,,
CEBPB,PIK3CA,leukocytes,"CEBPB IP | oxLDL  - Rep 208, CEBPB IP - Rep 204, CEBPB IP - K562 cells, CEBPB IP, CEBPB ChIP-Seq - K562",,,
BAY082,PIK3CA,leukocytes,"RELA IP | BAY082  - IVD Th1 cells, PIA",,,
MAFF,PIK3CA,leukocytes,MAFF IP - K562 cells,,,
EGR1,PIK3CA,uterus,EGR1 IP - ECC1 cells,,,
FOXA2,PIK3CA,lung,FOXA2 IP - A549 cells,,,
GATA3,PIK3CA,cns,"GATA3 IP - SK-N-SH cells, GATA3 IP - SHSY5Y cells",,,
CREB1,PIK3CA,prostate,"CREB1 siRNA | FOXA1 ChIP-Seq - Rep 2, FOXA1 siRNA | CREB1 ChIP-Seq - Rep 1, CREB1 ChIP-Seq - LNCaP, CREB1 ChIP-Seq - LNCaP-abl, CREB1 siRNA | FOXA1 ChIP-Seq - Rep 1, CREB1 ChIP-Seq - Rep 2, FOXA1 siRNA | CREB1 ChIP-Seq - Rep 2, CREB1 ChIP-Seq - Rep 1",,,
GATA2,PIK3CA,leukocytes,"GATA2 IP - K562 cells, GATA2 IP - K562 cells",,,
CTCF,PIK3CA,megakaryocytelineage,"CTCF IP - MEG-01 cells, Rep 8 , CTCF IP - MEG-01 cells, Rep 6 , CTCF IP - MEG-01 cells, Rep 2 , CTCF IP - MEG-01 cells, Rep 10 , CTCF IP - MEG-01 cells, Rep 4 ",,,
MAX,PIK3CA,leukocytes,"MAX IP - K562 cells, MAX IP - NB4 cells, MAX IP - K562 cells, Rep 2",,,
CTCF,PIK3CA,uterus,"CTCF IP - HeLa cells , CTCF IP - HeLa cells, Rep 1 , CTCF IP - ECC1 cells",,,
MAFK,PIK3CA,liver,"MAFK IP - HepG2 cells, Rep 2, MAFK IP - HepG2 cells, Rep 1",,,
ZNF143,PIK3CA,stemcells,ZNF143 IP - H1 cells,,,
MAX,PIK3CA,colon,MAX IP - HCT116 cells,,,
GATA2,PIK3CA,cns,GATA2 ChIP-Seq SH-SY5Y,,,
CEBPB,PIK3CA,stemcells,"CEBPB IP, CEBPB IP, CEBPB IP, CEBPB IP, CEBPB IP",,,
GATA4,PIK3CA,stemcells,"GATA4 IP - Rep 9 , GATA4 IP - Rep 10 , GATA4 IP - Rep 8 ",,,
STAT3,PIK3CA,leukocytes,"STAT3 IP - U-2932, STAT3 IP - SU-DHL-6, STAT3 IP - OCI-LY19, STAT3 IP - OCI-LY7, STAT3 IP - SU-DHL-4, STAT3 IP - OCI-LY10, STAT3 IP - SU-DHL-2",,,
SOX2,PIK3CA,stemcells,SOX2 IP,,,
MAFK,PIK3CA,lung,MAFK IP - IMR cells,,,
YY1,PIK3CA,uterus,YY1 IP - ECC1 cells,,,
OTX2,PIK3CA,stemcells,OTX2 IP - Rep 10 ,,,
JUN,PIK3CA,leukocytes,JUN IP | IFNA1-13 - 30 min ,,,
IFNA1,PIK3CA,leukocytes,"JUN IP | IFNA1-13 - 30 min , IRF1 IP | IFNA1-13 - K562 cells, 6 h",,,
GATA4,PIK3CA,stomach,"GATA4 IP - AGS, GATA4 IP - YCC3, GATA4 IP - KATOIII",,,
ELK1,PIK3CA,uterus,ELK1 IP - HeLa cells,,,
MEF2B,PIK3CA,kidney,"MEF2B IP | MEF2B D83V OE - Rep 2, MEF2B IP | MEF2B OE - Rep 2, MEF2B IP | MEF2B D83V OE - Rep 1, MEF2B IP | MEF2B OE - Rep 1",,,
IRF1,PIK3CA,leukocytes,"IRF1 IP | IFNG - K562 cells, 6 h, IRF1 IP | IFNA1-13 - K562 cells, 6 h, IRF1 IP - Rep 3",,,
IFNG,PIK3CA,leukocytes,"IRF1 IP | IFNG - K562 cells, 6 h, MYC IP | IFNG - K562 cells, 6 h, IRF1 IP - Rep 3, STAT1 IP - Rep 5, STAT1 IP - Rep 2, STAT1 IP - Rep 1, STAT1 IP - Rep 4, STAT1 IP - Rep 3, STAT1 IP - Rep 6, MYC IP | IFNG - K562 cells, 30 min",,,
JUN,PIK3CA,mammarygland,JUN IP - Rep 2,,,
FOXA2,PIK3CA,stemcells,"FOXA2 IP - Rep 1 , FOXA2 IP - Rep 5 , FOXA2 IP - ES D2, FOXA2 IP - ES D10, FOXA2 IP - ES D7, FOXA2 IP - ES D5",,,
HOXA6,PIK3CA,colon,HOXA6 IP ,,,
HMGN3,PIK3CA,leukocytes,HMGN3 IP - K562 cells,,,
SMAD1,PIK3CA,hspcs,SMAD1 IP - Rep 3,,,
IRF4,PIK3CA,leukocytes,"IRF4 IP - GM12878 cells, IRF4 IP",,,
STAT5A,PIK3CA,leukocytes,"STAT5A IP - K562 cells, STAT5A IP - GM12878 cells",,,
MXI1,PIK3CA,cns,MXI1 IP - SK-N-SH cells ,,,
GATA3,PIK3CA,mammarygland,"GATA3 IP - MCF7 cells, GATA3 IP - MCF-7 cells, GATA3 IP - T47D cells","24758297,",,
ELF1,PIK3CA,mammarygland,ELF1 IP - MCF7 cells,,,
CTCF,PIK3CA,colon,"CTCF IP - Caco , CTCF IP - HCT116 cells, Rep 2 , CTCF IP - Caco-2 cells, Rep 1 , CTCF IP - HCT116 cells, CTCF IP - HCT116 cells, Rep 1 , CTCF IP - Rep 2 ",,,
CREB1,PIK3CA,liver,"CREB1 IP, CREB1 IP, CREB1 IP - HepG2 cells, CREB1 IP",,,
CTCF,PIK3CA,heart,"CTCF IP - myocytes cells, Rep 2 , CTCF IP - HCF cells , CTCF IP - myocytes cells, Rep 1 ",,,
TCF12,PIK3CA,lung,TCF12 IP - A549 cells,,,
CEBPB,PIK3CA,lung,"CEBPB ChIP-Seq - A549, CEBPB ChIP-Seq - IMR90",,,
GABPA,PIK3CA,prostate,"GABPA IP | R1881, GABPA IP - Rep 2, GABPA IP - Rep 1",,,
GABPA,PIK3CA,liver,"GABPA IP, GABPA IP, GABPA IP - MCF7 cells, GABPA IP - HepG2 cells, GABPA IP",,,
JUN,PIK3CA,colon,JUN IP ,,,
ELF3,PIK3CA,pancreas,"ELF3 IP | KLF5 KO, ELF3 IP, ELF3 IP",,,
KLF5,PIK3CA,pancreas,"ELF3 IP | KLF5 KO, FOXA1 IP | KLF5 KO",,,
USF1,PIK3CA,uterus,USF1 IP - ECC1 cells,,,
ELF1,PIK3CA,leukocytes,"ELF1 IP - SK-N-SH cells, ELF1 IP - SK-N-SH cells",,,
SP1,PIK3CA,leukocytes,"SP1 IP - K562 cells, SP1 IP - GM12878 cells",,,
17BE2,PIK3CA,mammarygland,"17BE2 | FOXA1 ChIP-Seq - Rep 2, 17BE2 | FOXA1 ChIP-Seq - Rep 1, 17BE2 | FOXA1 ChIP-Seq - Rep 1, 17BE2 | FOXA1 ChIP-Seq - Rep 2, 17BE2 | FOXA1 ChIP-Seq - Rep 2, 17BE2 | FOXA1 ChIP-Seq, 17BE2 | FOXA1 ChIP-Seq - Rep 1, 17BE2 | FOXA1 ChIP-Seq - Rep 2, 17BE2 | FOXA1 ChIP-Seq - Rep 1",,,
MAZ,PIK3CA,liver,MAZ IP - HepG2 cells,,,
SP1,PIK3CA,lung,SP1 IP - A549 cells,,,
GTF2B,PIK3CA,uterus,"GTF2B IP - Rep 2, GTF2B IP - DTT, Rep 1",,,
GTF2F1,PIK3CA,uterus,GTF2F1 IP - HeLa cells,,,
HIF1A,PIK3CA,bone,HIF1A IP,,,
TP53,PIK3CA,bone,TP53 IP - Rep 2,,,
CTCF,PIK3CA,adiposetissue,"CTCF ChIP-Seq - d 9, CTCF ChIP-Seq - d 0, CTCF ChIP-Seq - d -2, CTCF ChIP-Seq - d 3",,,
SIX2,PIK3CA,kidney,"SIX2 IP - 17 weeks, Rep 2, SIX2 IP -  16 weeks, SIX2 IP - 17 weeks, Rep 1",,,
GATA3,PIK3CA,lung,GATA3 IP - A549 cells,,,
RUNX1,PIK3CA,leukocytes,"RUNX1 IP - N terminus 2, RUNX1 IP, SPI1 IP | RUNX1 KD, RUNX1 IP - Rep 1, RUNX1 IP - Rep 2",,,
CTCF,PIK3CA,placenta,"CTCF IP - HVMF cells, Rep 2 , CTCF IP - HVMF cells, Rep 1 ",,,
TP53,PIK3CA,lung,"TP53 IP - propapoptic, Rep 1",,,
ATF2,PIK3CA,colon,ATF2 IP ,,,
KLF11,PIK3CA,adiposetissue,"KLF11 ChIP-Seq, Rep 2, ROSI (BrAT) | KLF11 ChIP-Seq, Rep 2",,,
REST,PIK3CA,cns,"REST IP - PFSK-N-SH cells1 cells, Rep 1, REST IP - U87 cells, REST IP - SK cells",,,
CDX2,PIK3CA,colon,"CDX2 IP | 125DVD3, CDX2 IP",,,
125DVD3,PIK3CA,colon,CDX2 IP | 125DVD3,,,
GABPA,PIK3CA,lung,GABPA IP - A549 cells,,,
POU2F2,PIK3CA,leukocytes,"POU2F2 IP - Rep 2, POU2F2 IP - GM12878 cells",,,
MYC,PIK3CA,mammarygland,"MYC IP - MCF-10A cells, DHT | MYC ChIP-Seq",,,
TCF12,PIK3CA,cns,TCF12 IP - SK-N-SH cells,,,
MAX,PIK3CA,cns,MAX IP - SK-N-SH cells,,,
TCF12,PIK3CA,uterus,TCF12 IP - ECC1 cells,,,
FOS,PIK3CA,mammarygland,"FOS IP | 4HT - MCF10A cells, 12 h, FOS IP | 4HT - MCF10A cells, 36 h",,,
4HT,PIK3CA,mammarygland,"FOS IP | 4HT - MCF10A cells, 12 h, STAT3 IP | 4HT - MCF10 cells, 36 h, FOS IP | 4HT - MCF10A cells, 36 h, E2F4 IP | 4HT - MCF10 cells",,,
CREB1,PIK3CA,lung,CREB1 IP | DEX - A549 cells,,,
DEX,PIK3CA,lung,"CREB1 IP | DEX - A549 cells, FOXA1 IP | DEX - A549 cells, CTCF IP | DEX - A549 cells , CTCF IP | DEX - A549 cells",,,
HEY1,PIK3CA,leukocytes,HEY1 IP - K562 cells,,,
MYC,PIK3CA,leukocytes,"MYC IP - NB4 cells, MYC IP - K562 cells, Rep 1, MYC IP | IFNG - K562 cells, 6 h, MYC IP | IFNG - K562 cells, 30 min",,,
MAZ,PIK3CA,leukocytes,"MAZ IP - K562 cells, MAZ IP - GM12878 cells",,,
ATF2,PIK3CA,leukocytes,ATF2 IP - GM12878 cells,,,
DHT,PIK3CA,mammarygland,"DHT | FOXA1 ChIP-Seq, DHT | MYC ChIP-Seq",,,
E2F1,PIK3CA,uterus,"E2F1 IP - HeLa cells, Rep 2",,,
TP73,PIK3CA,bone,"TP73 IP - alpha isoform, Rep 2, TP73 IP - beta isoform, Rep 2, TP73 IP - alpha isoform, Rep 1, TP73 IP - beta isoform, Rep 1",,,
CTCF,PIK3CA,miscellaneous,"CTCF IP - AG09319 cells, Rep 1 , CTCF IP - AG09319 cells, Rep 2 ",,,
TCF7L2,PIK3CA,uterus,TCF7L2 IP - HeLa cells,,,
CUX1,PIK3CA,leukocytes,CUX1 IP - K562 cells,,,
ELK1,PIK3CA,leukocytes,ELK1 IP - GM12878 cells,,,
SIX5,PIK3CA,leukocytes,"SIX5 IP - GM12878 cells, SIX5 IP - K562 cells, Rep 2, SIX5 IP - K562 cells, Rep 1",,,
NFKB1,PIK3CA,leukocytes,"NFKB1 IP - Rep 1, NFKB1 IP - Rep 2",,,
MXI1,PIK3CA,lung,MXI1 IP - IMR cells,,,
JUND,PIK3CA,colon,JUND IP - HCT116 cells,,,
FOXA1,PIK3CA,liver,"FOXA1 IP - HepG2 cells, Rep 1, FOXA1 IP - HepG2 cells, Rep 2",,,
HEY1,PIK3CA,liver,HEY1 IP - HepG2 cells,,,
PRDM14,PIK3CA,stemcells,PRDM14 IP,,,
TBP,PIK3CA,leukocytes,"TBP IP - K562 cells, TBP IP - GM12878 cells",,,
MXI1,PIK3CA,stemcells,MXI1 IP - H1 cells,,,
RUNX1,PIK3CA,hspcs,"RUNX1 IP, RUNX1",,,
CTCF,PIK3CA,bone,"CTCF IP - Osteoblasts , CTCF IP",,,
MAFF,PIK3CA,liver,MAFF IP - HepG2 cells,,,
YY1,PIK3CA,colon,YY1 IP - HCT116 cells,,,
ASCL1,PIK3CA,skin,ASCL1 IP - NHDF,,,
MAX,PIK3CA,liver,"MAX IP - HepG2 cells, MAX IP - MCF7 cells",,,
FOXA1,PIK3CA,lung,"FOXA1 IP - A549 cells, FOXA1 IP | DEX - A549 cells",,,
ELF1,PIK3CA,liver,ELF1 IP - HepG2 cells,,,
CEBPB,PIK3CA,uterus,CEBPB ChIP-Seq - HeLaS3,,,
TAL1,PIK3CA,colon,TAL1 IP ,,,
TEAD4,PIK3CA,leukocytes,TEAD4 IP - K562 cells,,,
MXI1,PIK3CA,leukocytes,"MXI1 IP - K562 cells, MXI1 IP - GM12878 cells",,,
TCF12,PIK3CA,stemcells,TCF12 IP - H1 cells,,,
FOXA1,PIK3CA,pancreas,"FOXA1 IP, FOXA1 IP, FOXA1 IP | KLF5 KO",,,
ZNF143,PIK3CA,leukocytes,"ZNF143 IP - K562 cells, ZNF143 IP - GM12878 cells",,,
LYL1,PIK3CA,leukocytes,LYL1 IP - Kasumi-1,,,
CREB1,PIK3CA,stemcells,CREB1 IP - H1 cells,,,
ELF1,PIK3CA,colon,ELF1 IP - HCT116 cells,,,
FOXA1,PIK3CA,uterus,FOXA1 IP - ECC1 cells,,,
CEBPB,PIK3CA,mammarygland,CEBPB IP - MCF7 cells,,,
FOXA2,PIK3CA,liver,FOXA2 IP - HepG2 cells,"19822575,",,
TCF7L2,PIK3CA,mammarygland,TCF7L2 ChIP-Seq,,,
CTCF,PIK3CA,pancreas,CTCF IP,,,
TAL1,PIK3CA,leukocytes,"TAL1 IP - MOLT3, TAL1 IP - K562 cells",,,
REST,PIK3CA,stemcells,"REST IP - H1 cells, Rep 1",,,
CTCF,PIK3CA,liver,"CTCF IP - SK-N-SH cells, CTCF IP - HepG2 cells , CTCF IP - HepG2 cells, Rep 2 , CTCF IP, CTCF IP - HepG2 cells, Rep 1 ",,,
CEBPB,PIK3CA,colon,"CEBPB IP, CEBPB IP - HCT116 cells",,,
EBF1,PIK3CA,leukocytes,"EBF1 IP - GM12878 cells, EBF1 IP - GM12878 cells",,,
ATF3,PIK3CA,colon,ATF3 IP - HCT116 cells,,,
SRF,PIK3CA,uterus,SRF IP - ECC1 cells,,,
GABPA,PIK3CA,stemcells,GABPA IP - H1 cells,,,
ETS1,PIK3CA,lung,ETS1 IP - A549 cells,,,
SRF,PIK3CA,stemcells,SRF IP - Rep 7 ,,,
CTCF,PIK3CA,esophagus,"CTCF IP - HEEpiC cells, Rep 2 , CTCF IP - HEEpiC cells, Rep 1 ",,,
FOSL1,PIK3CA,colon,FOSL1 IP - HCT116 cells,,,
REST,PIK3CA,lung,REST IP - A549 cells,,,
BCL11A,PIK3CA,leukocytes,BCL11A IP - GM12878 cells,,,
MAZ,PIK3CA,uterus,MAZ IP - HeLa cells,,,
E2F1,PIK3CA,prostate,HES6 OE | E2F1 ChIP-Seq - Rep 1,,,
HES6,PIK3CA,prostate,HES6 OE | E2F1 ChIP-Seq - Rep 1,,,
17BE2; TNF,PIK3CA,mammarygland,"17BE2 + TNF | FOXA1 ChIP-Seq - Rep 2, 17BE2 + TNF | FOXA1 ChIP-Seq - Rep 1",,,
MTA3,PIK3CA,leukocytes,MTA3 IP - GM12878 cells,,,
GATA6,PIK3CA,stomach,GATA6 IP - YCC3,,,
CEBPA,PIK3CA,leukocytes,CEBPA IP,,,
GATA3,PIK3CA,leukocytes,GATA3 IP,,,
ARID3A,PIK3CA,leukocytes,ARID3A IP - K562 cells,,,
ELF1,PIK3CA,lung,ELF1 IP - A549 cells,,,
ERG,PIK3CA,prostate,"ERG ChIP-Seq, DHT | ERG ChIP-Seq - 18 h, DHT | ERG ChIP-Seq - 2 h",,,
E2F1,PIK3CA,mammarygland,"E2F1 IP - MCF7 cells, E2F1 IP",,,
RELA,PIK3CA,colon,RELA IP ,,,
MAZ,PIK3CA,lung,MAZ IP - IMR cells,,,
CREB1,PIK3CA,leukocytes,"CREB1 IP - K562 cells, CREB1 IP - GM12878 cells",,,
YY1,PIK3CA,cns,YY1 IP | ATRA - SK-N-SH cells,,,
ATRA,PIK3CA,cns,"YY1 IP | ATRA - SK-N-SH cells, USF1 IP | ATRA - SK-N-SH cells",,,
TP63,PIK3CA,skin,"TP63 IP, TP63 IP",,,
HOXA4,PIK3CA,colon,HOXA4 IP ,,,
TCF12,PIK3CA,leukocytes,TCF12 IP - GM12878 cells,,,
SP1,PIK3CA,colon,SP1 IP - HCT116 cells,,,
ARID3A,PIK3CA,liver,ARID3A IP - HepG2 cells,,,
EGR1,PIK3CA,colon,EGR1 IP - HCT116 cells,,,
JUND,PIK3CA,leukocytes,JUND IP - K562 cells,,,
NFYB,PIK3CA,leukocytes,NFYB IP - GM12878 cells,,,
CTCF,PIK3CA,skeletalmuscle,"CTCF IP - HSMM cells, Rep 1 , CTCF IP - HSMM cells, Rep 2 ",,,
STAT3,PIK3CA,mammarygland,"STAT3 IP | 4HT - MCF10 cells, 36 h",,,
IRF1,PIK3CA,colon,IRF1 IP ,,,
MYC,PIK3CA,uterus,MYC IP - HeLa cells,,,
E2F3,PIK3CA,colon,E2F3 IP ,,,
STAT1,PIK3CA,leukocytes,"STAT1 IP - Rep 5, STAT1 IP - Rep 2, STAT1 IP - Rep 1, STAT1 IP - Rep 4, STAT1 IP - Rep 3, STAT1 IP - Rep 6",,,
SRF,PIK3CA,mammarygland,SRF IP - MCF7 cells,,,
TEAD4,PIK3CA,uterus,TEAD4 IP - ECC1 cells,,,
FOSL2,PIK3CA,liver,FOSL2 IP - HepG2 cells,,,
JUND,PIK3CA,uterus,JUND IP - HeLa cells,,,
NANOG,PIK3CA,stemcells,NANOG IP - Rep 4 ,,,
BHLHE40,PIK3CA,leukocytes,BHLHE40 IP - GM12878 cells,,,
ZBTB7A,PIK3CA,uterus,ZBTB7A IP - ECC1 cells,,,
MXI1,PIK3CA,liver,MXI1 IP - HepG2 cells,,,
MAX,PIK3CA,lung,MAX IP - A549 cells,,,
ERG,PIK3CA,hspcs,ERG IP,,,
E2F6,PIK3CA,leukocytes,"E2F6 IP - K562 cells, E2F6 IP - K562 cells",,,
TBP,PIK3CA,stemcells,TBP IP - H1 cells,,,
MXI1,PIK3CA,uterus,MXI1 IP - HeLa cells,,,
USF1,PIK3CA,colon,USF1 IP - HCT116 cells,,,
FOXP2,PIK3CA,cns,FOXP2 IP - SK cells,,,
ROSI,PIK3CA,adiposetissue,"ROSI (BrAT) | KLF11 ChIP-Seq, Rep 2",,,
THAP1,PIK3CA,leukocytes,THAP1 IP - K562 cells,,,
FLI1,PIK3CA,hspcs,FLI1 IP,,,
ZNF384,PIK3CA,leukocytes,"ZNF384 IP - GM12878 cells, ZNF384 IP - K562 cells",,,
PAX5,PIK3CA,leukocytes,"PAX5 IP - GM12878 cells, Rep 2, PAX5 IP - GM12892 cells",,,
MAX,PIK3CA,stemcells,MAX IP - H1 cells,,,
E2F8,PIK3CA,colon,E2F8 IP ,,,
GLI2,PIK3CA,colon,GLI2 IP ,,,
GABPA,PIK3CA,uterus,GABPA IP - HeLa cells,,,
SRF,PIK3CA,leukocytes,SRF IP - SK-N-SH cells,,,
ELK4,PIK3CA,uterus,ELK4 IP - HeLa cells,,,
EGR1,PIK3CA,liver,EGR1 IP - MCF7 cells,,,
UBTF,PIK3CA,leukocytes,"UBTF IP - K562 cells, UBTF IP - K562 cells",,,
GATA1,PIK3CA,hspcs,"GATA1 IP - PBDE cells, Rep 1",,,
SIX5,PIK3CA,lung,SIX5 IP | DEX - A549 cells,,,
GATA2,PIK3CA,vasculature,GATA2 IP - HUVEC cells,"21666600,",,
FOXM1,PIK3CA,leukocytes,FOXM1 IP - GM12878 cells,,,
PIAS1,PIK3CA,prostate,"PIAS1 + R1881 | FOXA1 ChIP-Seq - Rep 2, PIAS1 + R1881 | FOXA1 ChIP-Seq - Rep 1",,,
EGR1,PIK3CA,stemcells,EGR1 IP - H1 cells,,,
GATA6,PIK3CA,stemcells,GATA6 IP - Rep 2 ,,,
NFATC1,PIK3CA,leukocytes,NFATC1 IP - GM12878 cells,,,
ZBTB7A,PIK3CA,leukocytes,ZBTB7A IP - SK-N-SH cells,,,
EGR1,PIK3CA,leukocytes,EGR1 IP - K562 cells,,,
SOX2,PIK3CA,esophagus,SOX2 IP - KYSE-70,,,
GABPA,PIK3CA,cns,GABPA IP - SK-N-SH cells,,,
IKZF1,PIK3CA,leukocytes,IKZF1 IP - GM12878 cells,,,
ATF3,PIK3CA,leukocytes,ATF3 IP - K562 cells,,,
ELF1,PIK3CA,cns,ELF1 IP - SK-N-SH cells,,,
FOXP1,PIK3CA,prostate,DHT | FOXP1 ChIP-Seq,,,
USF1,PIK3CA,cns,USF1 IP | ATRA - SK-N-SH cells,,,
TBP,PIK3CA,liver,TBP IP - HepG2 cells,,,
E2F4,PIK3CA,mammarygland,E2F4 IP | 4HT - MCF10 cells,,,
YY1,PIK3CA,liver,YY1 IP - HepG2 cells,,,
ZNF143,PIK3CA,uterus,"ZNF143 IP - HeLa, Rep 1",,,
BATF,PIK3CA,leukocytes,BATF IP - GM12878 cells,,,
GATA2,PIK3CB,prostate,"CON KD + FBS | GATA2 ChIP-Seq, GATA2 KD + R1881 | FOXA1 ChIP-Seq, GATA2 ChIP-Seq, CON KD | GATA2 ChIP-Seq, CON KD + R1881 | GATA2 ChIP-Seq, GATA2 ChIP-Seq - Rep 2",,,
CTCF,PIK3CB,leukocytes,"CTCF IP - GM12865 cells, Rep 3 , CTCF IP - GM19099 cells, Rep 1 , CTCF IP - GM19099 cells, Rep 2 , CTCF IP - GM12890 cells, Rep 1 , CTCF IP - GM10847 cells, Rep 2 , CTCF IP - GM18486 cells, Rep 3 , CTCF IP - GM19239 cells, Rep 2 , CTCF IP - GM12874 cells, CTCF IP - GM12814 cells, Rep 2, CTCF IP - GM11831 cells, CTCF IP - GM12890 cells, Rep 2 , CTCF IP - GM2588 cells, Rep 1 , CTCF IP - GM2255 cells, Rep 1 , CTCF IP - GM2630 cells, Rep 2 , CTCF IP - MS1 cells, Rep 3 , CTCF IP - GM12870 cells , CTCF IP - GM06990 cells, Rep 1 , CTCF IP - GM12815 cells, Rep 1, CTCF IP - GM12828 cells, CTCF IP - GM11994 cells, Rep 1, CTCF IP - K562 cells, CTCF IP - GM19239 cells, Rep 1 , CTCF IP - GM12878 cells, Rep 1 , CTCF IP - GM12234 cells, CTCF IP - GM12154 cells, Rep 1, CTCF IP - GM11811 cells, Rep 1, CTCF IP - GM18951 cells, Rep 2 , CTCF IP - GM2255 cells, Rep 2 , CTCF IP - GM11811 cells, Rep 2, CTCF ChIP-Seq - GM12878, CTCF IP - GM2610 cells, Rep 2 , CTCF IP -  CD20+ cells , CTCF IP - GM2588 cells, Rep 2 , CTCF IP - GM19238 cells, Rep 1 , CTCF IP - GM19240 cells, Rep 2 , CTCF IP - GM12878 cells, Rep 2 , CTCF IP - GM12873 cells, Rep 3 , CTCF IP - GM12891 cells, Rep 1 , CTCF IP - MS1 cells, Rep 4 , CTCF IP - GM2255 cells, Rep 3 , CTCF IP - GM12749 cells, Rep 1, CTCF IP - GM18486 cells, Rep 2 , CTCF IP - GM2588 cells, Rep 3 , CTCF IP - GM10847 cells, Rep 1 , CTCF IP -  DND , CTCF IP - GM18526 cells, Rep 2 , CTCF IP - GM19238 cells, Rep 2 , CTCF IP - K562 cells, Rep 12 , CTCF IP - GM18505 cells, Rep 2 , CTCF IP - GM12878 cells, Rep 2 , CTCF IP - GM18486 cells, Rep 1 , CTCF IP - GM12873 cells, Rep 1 , CTCF IP - K562 cells , CTCF IP - GM12871 cells , CTCF IP - MS1 cells, Rep 1 , CTCF IP - GM19193 cells, Rep 1 , CTCF IP - GM12874 cells, Rep 2 , CTCF IP - GM18951 cells, Rep 1 , CTCF IP - GM12006 cells, Rep 2, CTCF IP - GM12892 cells, Rep 1 , CTCF IP - GM2610 cells, Rep 1 , CTCF IP - GM11994 cells, Rep 2, CTCF IP - K562 cells, CTCF IP - GM07346 cells, CTCF IP - GM19193 cells, Rep 2 , CTCF IP - MS1 cells, Rep 2 , CTCF IP - GM12814 cells, Rep 1, CTCF IP - GM12878 cells , CTCF IP - GM2630 cells, Rep 3 , CTCF IP - GM12154 cells, Rep 2, CTCF IP - CD14+ cells , CTCF IP - K562 cells, Rep 14 , CTCF IP - GM18526 cells, Rep 1 , CTCF IP - GM12890 cells, Rep 3 , CTCF IP - GM11881 cells, CTCF IP - GM18505 cells, Rep 1 , CTCF IP, CTCF IP - GM2610 cells, Rep 3 , CTCF IP - GM12891 cells, Rep 2 , CTCF IP - GM06986 cells, CTCF IP - K562 cells, Rep 16 , CTCF IP - GM2630 cells, Rep 1 , CTCF IP - GM12892 cells, Rep 2 , CTCF IP - K562 cells, Rep 13 , CTCF IP - GM06990 cells, Rep 2 , CTCF IP - GM19240 cells, Rep 1 ",,,
FOXA1,PIK3CB,prostate,"GATA2 KD + R1881 | FOXA1 ChIP-Seq, AR C562S OE + FOXA1 OE | FOXA1 ChIP-Seq, DHT | FOXA1 ChIP-Seq, EtOH | FOXA1 ChIP-Seq - Rep 2, R1881 | FOXA1 ChIP-Seq - Rep 1, FOXA1 ChIP-Seq - Rep 2, CREB1 siRNA | FOXA1 ChIP-Seq - Rep 2, AR Q640X OE + FOXA1 OE | FOXA1 ChIP-Seq, R1881 | FOXA1 ChIP-Seq - Rep 2, FOXA1 KD | FOXA1 ChIP-Seq, FOXA1 ChIP-Seq - LNCaP-abl, FOXA1 ChIP-Seq, CON KD | FOXA1 ChIP-Seq, CON KD + R1881 | FOXA1 ChIP-Seq - Rep 2, CON KD + R1881 | FOXA1 ChIP-Seq, CON KD | FOXA1 ChIP-Seq, PIAS1 + R1881 | FOXA1 ChIP-Seq - Rep 2, WT AR OE + FOXA1 OE | FOXA1 ChIP-Seq, FOXA1 ChIP-Seq - Rep 1, FOXA1 KD | FOXA1 ChIP-Seq, PIAS1 + R1881 | FOXA1 ChIP-Seq - Rep 1, FOXA1 ChIP-Seq - Rep 2, CREB1 siRNA | FOXA1 ChIP-Seq - Rep 1, CON KD + R1881 | FOXA1 ChIP-Seq - Rep 1, DHT | FOXA1 ChIP-Seq, FOXA1 ChIP-Seq, WT AR OE + FOXA1 OE | FOXA1 ChIP-Seq - high FOXA1, CON KD | FOXA1 ChIP-Seq, EtOH | FOXA1 ChIP-Seq - , FOXA1 ChIP-Seq, FOXA1 ChIP-Seq",,,
R1881,PIK3CB,prostate,"GATA2 KD + R1881 | FOXA1 ChIP-Seq, R1881 | FOXA1 ChIP-Seq - Rep 1, R1881 | FOXA1 ChIP-Seq - Rep 2, CON KD + R1881 | FOXA1 ChIP-Seq - Rep 2, CON KD + R1881 | GATA2 ChIP-Seq, CON KD + R1881 | FOXA1 ChIP-Seq, PIAS1 + R1881 | FOXA1 ChIP-Seq - Rep 2, PIAS1 + R1881 | FOXA1 ChIP-Seq - Rep 1, CON KD + R1881 | FOXA1 ChIP-Seq - Rep 1",,,
CTCF,PIK3CB,cns,"CTCF IP - HCPEpiC cells, Rep 1 , CTCF IP - BE(2)-C cells, Rep 2 , CTCF IP - spinal cord astrocyte cells, Rep 2 , CTCF IP - HCPEpiC cells, Rep 2 , CTCF IP - SK-N-SH cells, Rep 2 , CTCF IP - SK-N-SH cells , CTCF IP - NHA cells , CTCF IP - BE(2)-C cells, Rep 1 , CTCF IP - SK cells, CTCF IP - SK-N-SH cells, Rep 1 , CTCF IP - cerebellar astrocyte cells, Rep 2 ",,,
MAX,PIK3CB,colon,MAX IP - HCT116 cells,,,
AR,PIK3CB,prostate,"AR C562S OE + FOXA1 OE | FOXA1 ChIP-Seq, AR Q640X OE + FOXA1 OE | FOXA1 ChIP-Seq, WT AR OE + FOXA1 OE | FOXA1 ChIP-Seq, WT AR OE + FOXA1 OE | FOXA1 ChIP-Seq - high FOXA1",,,
JUN,PIK3CB,mammarygland,"JUN IP - Rep 1, JUN IP - Rep 2",,,
DHT,PIK3CB,prostate,"DHT | FOXA1 ChIP-Seq, DHT | FOXA1 ChIP-Seq",,,
CTCF,PIK3CB,lung,"CTCF IP - AG04450 cells, Rep 1 , CTCF IP - NHLF cells , CTCF IP - IMR cells, CTCF IP | DEX - A549 cells , CTCF IP - AG04450 cells, Rep 2 , CTCF IP - A549 cells , CTCF IP - SAEC cells, Rep 2 , CTCF IP - HPF cells, Rep 2 , CTCF ChIP-Seq - A549, CTCF IP - WI-38 cells, Rep 1 , CTCF IP - A549 cells, CTCF IP | DEX - A549 cells, CTCF IP - HPF cells, Rep 1 ",,,
SMAD1,PIK3CB,hspcs,SMAD1 IP - Rep 3,,,
MAX,PIK3CB,leukocytes,"MAX IP - K562 cells, MAX IP - NB4 cells, MAX IP - K562 cells, Rep 2",,,
CTCF,PIK3CB,adiposetissue,"CTCF ChIP-Seq - d 3, CTCF ChIP-Seq - d 9, CTCF ChIP-Seq - d -2, CTCF ChIP-Seq - d 0",,,
TAL1,PIK3CB,leukocytes,TAL1 IP - K562 cells,,,
CTCF,PIK3CB,miscellaneous,"CTCF IP - AG09319 cells, Rep 1 , CTCF IP - AG09319 cells, Rep 2 ",,,
CTCF,PIK3CB,liver,"CTCF IP, CTCF IP - HepG2 cells , CTCF IP - SK-N-SH cells",,,
ATF2,PIK3CB,leukocytes,ATF2 IP - GM12878 cells,,,
ASCL1,PIK3CB,skin,ASCL1 IP - NHDF,,,
STAT3,PIK3CB,leukocytes,"STAT3 IP - OCI-LY7, STAT3 IP - SU-DHL-4",,,
FOXM1,PIK3CB,leukocytes,FOXM1 IP - GM12878 cells,,,
SPI1,PIK3CB,leukocytes,"SPI1 IP, SPI1 IP, SPI1 IP - HL cells, SPI1 IP, SPI1 IP, SPI1 IP - K562 cells",,,
CTCF,PIK3CB,vasculature,"CTCF IP - HUVEC cells, Rep 2 , CTCF IP - HPAF cells, Rep 1 , CTCF IP - HUVEC cells, Rep 1 , CTCF IP - AoAFC cells, Rep 1 , CTCF IP - HPAF cells, Rep 2 , CTCF IP - HUVEC cells , CTCF IP - HBMEC cells, Rep 1 ",,,
CTCF,PIK3CB,mammarygland,"CTCF IP - HMF cells, Rep 2 , CTCF IP - MCF-7 cells Rep 2 , CTCF IP - T47D cells, CTCF IP - MCF-7 cells, Rep 1 , CTCF IP - HMEC cells, Rep 2 , CTCF IP - HMF cells, Rep 1 , CTCF IP - MCF7 cells, CTCF IP - HMEC cells, Rep 1 ",,,
CTCF,PIK3CB,sensory,"CTCF IP - WERI-Rb-1- cells, Rep 1 , CTCF IP - HRPEpiC cells, Rep 1 , CTCF IP - HRPEpiC cells, Rep 2 ",,,
IRF4,PIK3CB,leukocytes,IRF4 IP,,,
CTCF,PIK3CB,hspcs,"CTCF IP - Erythroid cells, Rep 1, CTCF IP - HEL 92.1.7 cells, Rep 11 , CTCF IP - HEL 92.1.7 cells, Rep 2 , CTCF IP - HEL 92.1.7 cells, Rep 14 , CTCF IP - HEL 92.1.7 cells, Rep 8 , CTCF IP - HEL 92.1.7 cells, Rep 5 , CTCF IP - Erythroid cells, Rep 2",,,
CTCF,PIK3CB,kidney,"CTCF IP - HEK293 cells, Rep 1 , CTCF IP - HRE cells, Rep 1 , CTCF IP - RPTEC cells, Rep 1 , CTCF IP - RPTEC cells, Rep 2 , CTCF IP - HRE cells, Rep 2 ",,,
ZNF143,PIK3CB,stemcells,ZNF143 IP - H1 cells,,,
CTCF,PIK3CB,stemcells,"CTCF IP - Rep 5 , CTCF IP - Rep 1 , CTCF IP - H1 cells, CTCF IP - Rep 4 , CTCF IP - Rep 7 , CTCF IP - Rep 6 , CTCF IP - H1 cells ",,,
CTCF,PIK3CB,heart,"CTCF IP - myocytes cells, Rep 2 , CTCF IP - myocytes cells, Rep 1 , CTCF IP - HCF cells ",,,
CTCF,PIK3CB,megakaryocytelineage,"CTCF IP - MEG-01 cells, Rep 2 , CTCF IP - MEG-01 cells, Rep 8 , CTCF IP - MEG-01 cells, Rep 4 , CTCF IP - MEG-01 cells, Rep 10 , CTCF IP - MEG-01 cells, Rep 6 ",,,
CREB1,PIK3CB,prostate,"CREB1 siRNA | FOXA1 ChIP-Seq - Rep 2, CREB1 siRNA | FOXA1 ChIP-Seq - Rep 1",,,
GATA3,PIK3CB,mammarygland,"GATA3 IP - T47D cells, GATA3 IP - MCF7 cells",,,
CTCF,PIK3CB,skin,"CTCF IP - NHDF cells, Rep 2 , CTCF IP - NHEK cells , CTCF IP - AG10803 cells, Rep 2 , CTCF IP - AG09309 cells, Rep 1 , CTCF IP - AG04449 cells, Rep 2 , CTCF IP - HFFC cells, Rep 3 , CTCF IP - NHDF cells, Rep 1 , CTCF IP - BJ cells, Rep 1 , CTCF IP - AG10803 cells, Rep 1 , CTCF IP - BJ cells, Rep 2 , CTCF IP - NHDF cells ",,,
CEBPB,PIK3CB,leukocytes,"CEBPB IP - K562 cells, CEBPB IP, CEBPB ChIP-Seq - K562",,,
CTCF,PIK3CB,colon,"CTCF IP - HCT116 cells, Rep 1 , CTCF IP - HCT116 cells",,,
MXI1,PIK3CB,stemcells,MXI1 IP - H1 cells,,,
MYC,PIK3CB,leukocytes,"MYC IP - K562 cells, Rep 1",,,
EGR1,PIK3CB,colon,EGR1 IP - HCT116 cells,,,
SP1,PIK3CB,colon,SP1 IP - HCT116 cells,,,
FOXA1,PIK3CB,mammarygland,"FOXA1 ChIP-Seq - Rep 2, FOXA1 IP - T47D cells, DEX | FOXA1 ChIP-Seq - Rep 1, 17BE2 | FOXA1 ChIP-Seq - Rep 2",,,
CEBPB,PIK3CB,stemcells,"CEBPB IP, CEBPB IP, CEBPB IP",,,
CTCF,PIK3CB,pancreas,CTCF IP,,,
CTCF,PIK3CB,placenta,"CTCF IP - HVMF cells, Rep 2 , CTCF IP - HVMF cells, Rep 1 ",,,
CTCF,PIK3CB,uterus,"CTCF IP - ECC1 cells, CTCF IP - HeLa cells, Rep 1 , CTCF IP - HeLa cells ",,,
FOS,PIK3CB,mammarygland,"FOS IP | 4HT - MCF10A cells, 36 h, FOS IP | 4HT - MCF10A cells, 12 h, FOS IP | 4HT - MCF10A cells, 4 h",,,
4HT,PIK3CB,mammarygland,"FOS IP | 4HT - MCF10A cells, 36 h, FOS IP | 4HT - MCF10A cells, 12 h, FOS IP | 4HT - MCF10A cells, 4 h",,,
MEF2A,PIK3CB,leukocytes,MEF2A IP - GM12878 cells,,,
YY1,PIK3CB,leukocytes,"YY1 IP - K562 cells, Rep 1, YY1 IP - K562 cells, Rep 2, YY1 IP - GM12878 cells, YY1 IP - GM12892 cells, Rep 1",,,
MXI1,PIK3CB,leukocytes,MXI1 IP - K562 cells,,,
DEX,PIK3CB,lung,"CTCF IP | DEX - A549 cells , CTCF IP | DEX - A549 cells",,,
JUN,PIK3CB,vasculature,"JUN IP, JUN IP - HUVEC cells",,,
FOSL2,PIK3CB,lung,FOSL2 IP - A549 cells,,,
SRF,PIK3CB,colon,SRF IP - HCT116 cells,,,
PBX3,PIK3CB,cns,PBX3 IP - SK-N-SH cells,,,
JUN,PIK3CB,leukocytes,"JUN IP - K562 cells, Rep 1",,,
SRF,PIK3CB,stemcells,SRF IP - Rep 1 ,,,
CTCF,PIK3CB,bone,CTCF IP - Osteoblasts ,,,
TEAD4,PIK3CB,leukocytes,TEAD4 IP - K562 cells,,,
TCF12,PIK3CB,stemcells,TCF12 IP - H1 cells,,,
ETS1,PIK3CB,leukocytes,ETS1 IP - K562 cells,,,
JUND,PIK3CB,vasculature,JUND IP,,,
FOSL1,PIK3CB,colon,FOSL1 IP - HCT116 cells,,,
USF1,PIK3CB,colon,USF1 IP - HCT116 cells,,,
OTX2,PIK3CB,stemcells,OTX2 IP - Rep 10 ,,,
TEAD4,PIK3CB,stemcells,TEAD4 IP - H1 cells,,,
CREB1,PIK3CB,leukocytes,CREB1 IP - GM12878 cells,,,
MAFK,PIK3CB,liver,"MAFK IP - HepG2 cells, Rep 2",,,
CTCF,PIK3CB,skeletalmuscle,"CTCF IP - HSMM cells, Rep 1 , CTCF IP - HSMM cells, Rep 2 ",,,
CTCF,PIK3CB,esophagus,"CTCF IP - HEEpiC cells, Rep 2 , CTCF IP - HEEpiC cells, Rep 1 ",,,
DEX,PIK3CB,mammarygland,DEX | FOXA1 ChIP-Seq - Rep 1,,,
ELF1,PIK3CB,leukocytes,ELF1 IP - SK-N-SH cells,,,
EGR1,PIK3CB,leukocytes,EGR1 IP - K562 cells,,,
ATF3,PIK3CB,leukocytes,ATF3 IP - K562 cells,,,
FOSL1,PIK3CB,mammarygland,FOSL1 IP,,,
PIAS1,PIK3CB,prostate,"PIAS1 + R1881 | FOXA1 ChIP-Seq - Rep 2, PIAS1 + R1881 | FOXA1 ChIP-Seq - Rep 1",,,
ZNF263,PIK3CB,kidney,ZNF263 IP - HEK293 cells,,,
BATF,PIK3CB,leukocytes,BATF IP - GM12878 cells,,,
MAZ,PIK3CB,leukocytes,MAZ IP - K562 cells,,,
STAT5A,PIK3CB,leukocytes,STAT5A IP - K562 cells,,,
17BE2,PIK3CB,mammarygland,17BE2 | FOXA1 ChIP-Seq - Rep 2,,,
MTA3,PIK3CB,leukocytes,MTA3 IP - GM12878 cells,,,
USF1,PIK3CB,stemcells,USF1 IP - H1 cells,,,
ZNF143,PIK3CB,leukocytes,"ZNF143 IP - GM12878 cells, ZNF143 IP - K562 cells",,,
TP53,PIK3CB,mammarygland,TP53 IP,,,
BCL11A,PIK3CB,leukocytes,BCL11A IP - GM12878 cells,,,
JUND,PIK3CB,colon,JUND IP - HCT116 cells,,,
E2F1,PIK3CB,mammarygland,E2F1 IP,,,
FOSL2,PIK3CB,cns,FOSL2 IP - SK-N-SH cells,,,
CEBPA,PIK3CB,leukocytes,CEBPA IP,,,
FOS,PIK3CB,vasculature,FOS IP - HUVEC cells,,,
USF1,PIK3CB,leukocytes,USF1 IP - K562 cells,,,
SPI1,PIK3CD,leukocytes,"SPI1 IP - GM12878 cells, Rep 4 , SPI1 IP, SPI1 IP - K562 cells, SPI1 IP, SPI1 IP - HL-60 cells, Rep 3 , SPI1 IP, SPI1 IP - HL cells, SPI1 IP, SPI1 IP - U-937 cells, Rep 6 , SPI1 IP - U-937 cells, Rep 2 , SPI1 IP - GM12891 cells, SPI1 IP - HL-60 cells, Rep 4 , SPI1 IP - U-937 cells, Rep 10 , SPI1 IP - U-937 cells, Rep 8 , SPI1 IP, SPI1 IP - GM12878 cells, SPI1 IP - GM12878 cells, Rep 5 , SPI1 IP, SPI1 IP, SPI1 IP - GM12878 cells, Rep 2 , SPI1 IP, SPI1 IP - U-937 cells, Rep 4 , SPI1 IP, SPI1 IP, SPI1 IP - HL-60 cells, Rep 2 , SPI1 IP - U-937 cells, Rep 3 , SPI1 IP, SPI1 IP - HL-60 cells, Rep 1 , ROSI | SPI1 ChIP-Seq, SPI1 IP - U-937 cells, Rep 1 , SPI1 IP - GM12878 cells, Rep 3 , SPI1 IP | RUNX1 KD",,,
ELF3,PIK3CD,pancreas,"ELF3 IP, ELF3 IP | KLF5 KO",,,
CEBPB,PIK3CD,stemcells,"CEBPB IP, CEBPB IP, CEBPB IP, CEBPB IP, CEBPB IP, CEBPB IP, CEBPB IP, CEBPB IP, CEBPB IP, CEBPB IP",,,
E2F6,PIK3CD,lung,E2F6 IP - A549 cells,,,
CEBPB,PIK3CD,leukocytes,"CEBPB IP, CEBPB IP - Rep 204, CEBPB IP - Rep 203, CEBPB IP - HL-60 cells, Rep 2 , CEBPB IP | oxLDL  - Rep 208, CEBPB IP, CEBPB IP | oxLDL  - Rep 205, CEBPB IP - K562 cells, CEBPB IP - HL-60 cells, Rep 1 , CEBPB IP, CEBPB IP - Rep 201, CEBPB IP | oxLDL  - Rep 206, CEBPB IP, CEBPB IP| oxLDL  - Rep 207, CEBPB IP, CEBPB IP - Rep 202, CEBPB ChIP-Seq - K562, CEBPB IP",,,
FOXA1,PIK3CD,lung,"FOXA1 IP | DEX - A549 cells, FOXA1 IP - A549 cells",,,
DEX,PIK3CD,lung,"FOXA1 IP | DEX - A549 cells, CTCF IP | DEX - A549 cells",,,
FOXM1,PIK3CD,leukocytes,FOXM1 IP - GM12878 cells,,,
MYC,PIK3CD,uterus,MYC IP - HeLa cells,,,
ERG,PIK3CD,prostate,"ERG ChIP-Seq, DHT | ERG ChIP-Seq - 18 h, DHT | ERG ChIP-Seq - 2 h, DMSO | ERG ChIP-Seq - Rep 1, ERG ChIP-Seq, DMSO | ERG ChIP-Seq - Rep 2",,,
YY1,PIK3CD,cns,YY1 IP | ATRA - SK-N-SH cells,,,
ATRA,PIK3CD,cns,YY1 IP | ATRA - SK-N-SH cells,,,
JUND,PIK3CD,cns,JUND IP - SK-N-SH cells,,,
CTCF,PIK3CD,leukocytes,"CTCF IP - GM2610 cells, Rep 2 , CTCF ChIP-Seq - GM12878, CTCF IP - GM12874 cells, Rep 1 , CTCF IP - GM06990 cells, Rep 2 , CTCF IP - GM19240 cells, Rep 2 , CTCF IP - GM12871 cells , CTCF IP - GM2255 cells, Rep 3 , CTCF IP - GM10847 cells, Rep 1 , CTCF IP - K562 cells, CTCF IP - GM12878 cells, Rep 2 , CTCF IP - GM12872 cells, Rep 1 , CTCF IP - GM19238 cells, Rep 2 , CTCF IP - F36P cells, Rep 14 , CTCF IP - K562 cells , CTCF IP - GM12872 cells, Rep 3 , CTCF IP, CTCF IP - GM07346 cells, CTCF IP -  DND , CTCF IP - F36P cells, Rep 2 , CTCF IP - K562 cells, Rep 12 , CTCF IP - GM12873 cells, Rep 3 , CTCF IP - GM11831 cells, CTCF IP - GM12891 cells, Rep 2 , CTCF IP - GM19239 cells, Rep 2 , CTCF IP - GM12869 cells , CTCF IP - GM12875 cells, Rep 1 , CTCF IP - GM2630 cells, Rep 1 , CTCF IP - GM19240 cells, Rep 1 , CTCF IP - GM11994 cells, Rep 2, CTCF IP - F36P cells, Rep 10 , CTCF IP - GM19099 cells, Rep 2 , CTCF IP - GM19099 cells, Rep 1 , CTCF IP - GM2255 cells, Rep 1 , CTCF IP - F36P cells, Rep 6 , CTCF IP - GM12890 cells, Rep 2 , CTCF IP - GM12878 cells, Rep 1 , CTCF IP - GM19238 cells, Rep 1 , CTCF IP - GM11994 cells, Rep 1, CTCF IP - GM19239 cells, Rep 1 , CTCF IP - GM12878 cells, Rep 2 , CTCF IP - GM10847 cells, Rep 2 , CTCF IP - GM12864 cells, Rep 1 , CTCF IP - GM18486 cells, Rep 1 , CTCF IP - GM12891 cells, Rep 1 , CTCF IP - GM12865 cells, Rep 1 , CTCF IP - GM12868 cells , CTCF IP - GM2588 cells, Rep 3 , CTCF IP - GM18526 cells, Rep 2 , CTCF IP - GM12873 cells, Rep 1 , CTCF IP - GM18951 cells, Rep 2 , CTCF IP - GM18505 cells, Rep 2 , CTCF IP - K562 cells, Rep 1 , CTCF IP - MS1 cells, Rep 1 , CTCF IP - GM06990 cells, Rep 1 , CTCF IP - GM2610 cells, Rep 3 , CTCF IP - GM12865 cells, Rep 2 , CTCF IP - GM06986 cells, CTCF IP - K562 cells, Rep 16 , CTCF IP - GM2610 cells, Rep 1 , CTCF IP - GM12892 cells, Rep 1 , CTCF IP - MS1 cells, Rep 2 , CTCF IP - K562 cells, CTCF IP - GM12866 cells , CTCF IP - GM11881 cells, CTCF IP - GM2630 cells, Rep 3 , CTCF IP - GM12890 cells, Rep 3 , CTCF IP -  CD20+ cells , CTCF IP - K562 cells, CTCF IP - GM12892 cells, Rep 2 , CTCF IP - GM12873 cells, Rep 1 , CTCF IP - GM19193 cells, Rep 2 , CTCF IP - GM12870 cells , CTCF IP - GM12890 cells, Rep 1 , CTCF IP - GM18486 cells, Rep 3 , CTCF IP - K562 cells, Rep 14 , CTCF IP - GM2588 cells, Rep 1 , CTCF IP - MS1 cells, Rep 3 , CTCF IP - GM2630 cells, Rep 2 , CTCF IP - GM12874 cells, Rep 2 , CTCF IP - GM2588 cells, Rep 2 , CTCF IP - MS1 cells, Rep 4 , CTCF IP - GM2255 cells, Rep 2 ",,,
DHT,PIK3CD,prostate,"DHT | ERG ChIP-Seq - 18 h, DHT | ERG ChIP-Seq - 2 h, DHT | FOXA1 ChIP-Seq",,,
MAX,PIK3CD,uterus,"MAX IP - HeLa cells, Rep 1, MAX IP - ECC1 cells",,,
GABPA,PIK3CD,lung,GABPA IP - A549 cells,,,
MAZ,PIK3CD,leukocytes,"MAZ IP - K562 cells, MAZ IP - GM12878 cells",,,
ATF3,PIK3CD,colon,"ATF3 IP | CAMPTO, ATF3 IP, ATF3 IP - HCT116 cells",,,
CTCF,PIK3CD,esophagus,"CTCF IP - HEEpiC cells, Rep 1 ",,,
RELA,PIK3CD,lung,"RELA IP | TNF, RELA IP | DEX + TNF - Rep 2, RELA IP | DEX + TNF - Rep 1",,,
TNF,PIK3CD,lung,RELA IP | TNF,,,
TAL1,PIK3CD,leukocytes,"TAL1 IP - K562 cells, TAL1 IP - MOLT3",,,
IRF1,PIK3CD,leukocytes,"IRF1 IP | IFNG - K562 cells, 6 h, IRF1 IP - Rep 4, IRF1 IP - Rep 3",,,
IFNG,PIK3CD,leukocytes,"IRF1 IP | IFNG - K562 cells, 6 h, STAT1 IP - Rep 5, STAT1 IP - Rep 1, STAT1 IP - Rep 4, STAT1 IP - Rep 3, MYC IP | IFNG - K562 cells, 6 h, STAT1 IP - Rep 2, MYC IP | IFNG - K562 cells, 30 min, IRF1 IP - Rep 4, IRF1 IP - Rep 3",,,
NFKB2,PIK3CD,leukocytes,"NFKB2 IP - Rep 1, NFKB2 IP - Rep 2",,,
EGR1,PIK3CD,colon,EGR1 IP - HCT116 cells,,,
CTCF,PIK3CD,cns,"CTCF IP - cerebellar astrocyte cells, Rep 2 , CTCF IP - HCPEpiC cells, Rep 1 , CTCF IP - SK-N-SH cells, Rep 2 , CTCF IP - SK-N-SH cells, Rep 1 ",,,
GABPA,PIK3CD,prostate,"GABPA IP - Rep 1, GABPA IP | R1881",,,
MAX,PIK3CD,leukocytes,"MAX IP - K562 cells, Rep 1, MAX IP - GM12878 cells, MAX IP - NB4 cells, MAX IP - K562 cells, Rep 2, MAX IP - K562 cells",,,
JUN,PIK3CD,vasculature,JUN IP,,,
ZNF384,PIK3CD,leukocytes,"ZNF384 IP - GM12878 cells, ZNF384 IP - K562 cells",,,
MAX,PIK3CD,lung,"MAX IP - A549 cells, MAX IP - A549 cells",,,
YY1,PIK3CD,leukocytes,"YY1 IP - GM12892 cells, Rep 1, YY1 IP - GM12878 cells, YY1 IP - K562 cells, Rep 2, YY1 IP - K562 cells, Rep 1",,,
TBP,PIK3CD,leukocytes,"TBP IP - GM12878 cells, TBP IP - K562 cells",,,
FOS,PIK3CD,mammarygland,"FOS IP | 4HT - MCF10A cells, 12 h, FOS IP - MCF10A cells, FOS IP | 4HT - MCF10A cells, 36 h, FOS IP | 4HT - MCF10A cells, 4 h",,,
4HT,PIK3CD,mammarygland,"FOS IP | 4HT - MCF10A cells, 12 h, STAT3 IP | 4HT - MCF10 cells, 36 h, FOS IP | 4HT - MCF10A cells, 36 h, FOS IP | 4HT - MCF10A cells, 4 h, MYC IP | 4HT - MCF10A cells, STAT3 IP | 4HT - MCF10 cells, 12 h",,,
TP53,PIK3CD,bone,"TP53 IP | TP53 OE, TP53 IP | TP53EE/RR OE",,,
FOXA2,PIK3CD,stemcells,"FOXA2 IP - ES D10, FOXA2 IP - ES D5, FOXA2 IP - ES D7, FOXA2 IP - ES D2",,,
STAT1,PIK3CD,uterus,"STAT1 IP | IFNG - HeLa cells, 30 min",,,
IFNG,PIK3CD,uterus,"STAT1 IP | IFNG - HeLa cells, 30 min",,,
HMGN3,PIK3CD,leukocytes,HMGN3 IP - K562 cells,,,
RELA,PIK3CD,leukocytes,"RELA IP | TNF - GM18951 cells, RELA IP | TNF - GM18505 cells, RELA IP | TNF - GM10847 cells, RELA IP | TNF - GM12891 cells, RELA IP | TNF - GM18526 cells, RELA IP | TNF - GM12892 cells, RELA IP - IVD Th1 cells, PIA, RELA IP | TNF - GM15510 cells, RELA IP | TNF - GM19193 cells, RELA IP | TNF - GM19099 cells, RELA IP | TNF - GM12878 cells",,,
TNF,PIK3CD,leukocytes,"RELA IP | TNF - GM18951 cells, RELA IP | TNF - GM18505 cells, RELA IP | TNF - GM10847 cells, RELA IP | TNF - GM12891 cells, RELA IP | TNF - GM18526 cells, RELA IP | TNF - GM12892 cells, RELA IP | TNF - GM15510 cells, RELA IP | TNF - GM19193 cells, RELA IP | TNF - GM12878 cells",,,
CTCF,PIK3CD,megakaryocytelineage,"CTCF IP - MEG-01 cells, Rep 10 , CTCF IP - MEG-01 cells, Rep 4 , CTCF IP - MEG-01 cells, Rep 8 , CTCF IP - MEG-01 cells, Rep 6 , CTCF IP - MEG-01 cells, Rep 2 ",,,
HEY1,PIK3CD,leukocytes,HEY1 IP - K562 cells,,,
RUNX1T1,PIK3CD,leukocytes,RUNX1T1 IP,,,
MYC,PIK3CD,mammarygland,"MYC IP - MCF-10A cells, DHT | MYC ChIP-Seq, MYC IP | 4HT - MCF10A cells",,,
CTCF,PIK3CD,lung,"CTCF IP - A549 cells, CTCF IP - IMR cells, CTCF IP - SAEC cells, Rep 2 , CTCF IP | DEX - A549 cells, CTCF IP - A549 cells , CTCF IP - HPF cells, Rep 1 , CTCF IP - AG04450 cells, Rep 1 ",,,
JUN,PIK3CD,mammarygland,"JUN IP - Rep 1, JUN IP - Rep 2, JUN IP, JUN IP | CPDA, JUN IP | DEX",,,
YY1,PIK3CD,liver,YY1 IP - HepG2 cells,,,
CTCF,PIK3CD,skin,"CTCF IP - AG04449 cells, Rep 2 , CTCF IP - BJ cells, Rep 2 , CTCF IP - AG09309 cells, Rep 1 , CTCF IP - BJ cells, Rep 1 , CTCF IP - NHDF cells, Rep 1 , CTCF IP - NHDF cells, Rep 2 , CTCF IP - GM12878 cells, Rep 2 , CTCF IP - AG10803 cells, Rep 1 , CTCF IP - AG04449 cells, Rep 1 , CTCF IP - AG10803 cells, Rep 2 ",,,
CEBPB,PIK3CD,mammarygland,CEBPB IP - MCF7 cells,,,
MYB,PIK3CD,leukocytes,"MYB IP - Jurkat, Rep 5, MYB IP - Jurkat, Rep 4, MYB IP - Jurkat, Rep 2, MYB IP - Jurkat, Rep 3, MYB IP - Jurkat, Rep 1",,,
SRF,PIK3CD,leukocytes,"SRF IP - GM12878 cells, Rep 2",,,
FOXA1,PIK3CD,liver,"FOXA1 IP - HepG2 cells, Rep 1, FOXA1 IP - HepG2 cells, Rep 2",,,
MXI1,PIK3CD,liver,MXI1 IP - HepG2 cells,,,
PDX1,PIK3CD,pancreas,PDX1 IP,,,
FOSL1,PIK3CD,mammarygland,FOSL1 IP,,,
CTCF,PIK3CD,skeletalmuscle,"CTCF IP - HSMM cells, Rep 2 ",,,
ELF1,PIK3CD,leukocytes,"ELF1 IP - SK-N-SH cells, ELF1 IP - SK-N-SH cells",,,
JUND,PIK3CD,liver,"JUND IP - HepG2 cells, JUND IP - HepG2 cells",,,
BHLHE40,PIK3CD,leukocytes,"BHLHE40 IP - GM12878 cells, BHLHE40 IP - K562 cells",,,
FOXA1,PIK3CD,prostate,"FOXA1 ChIP-Seq, EtOH | FOXA1 ChIP-Seq - Rep 2, R1881 | FOXA1 ChIP-Seq - Rep 1, EtOH | FOXA1 ChIP-Seq - , DHT | FOXA1 ChIP-Seq, R1881 | FOXA1 ChIP-Seq - Rep 2, CON KD + R1881 | FOXA1 ChIP-Seq - Rep 2",,,
UBTF,PIK3CD,leukocytes,UBTF IP - K562 cells,,,
CTCF,PIK3CD,kidney,"CTCF IP - HEK293 cells, Rep 1 , CTCF IP - RPTEC cells, Rep 1 ",,,
MYC,PIK3CD,leukocytes,"MYC IP | IFNA1 - K562 cells, 30 min, MYC IP - NB4 cells, MYC IP | IFNA1 - K562 cells, 6 h, MYC IP | IFNG - K562 cells, 6 h, MYC IP | IFNG - K562 cells, 30 min, MYC IP - K562 cells, Rep 1, MYC IP - K562 cells, Rep 2",,,
IFNA1,PIK3CD,leukocytes,"MYC IP | IFNA1 - K562 cells, 30 min, MYC IP | IFNA1 - K562 cells, 6 h",,,
CTCF,PIK3CD,miscellaneous,"CTCF IP - AG09319 cells, Rep 2 , CTCF IP - AG09319 cells, Rep 1 ",,,
DHT,PIK3CD,mammarygland,"DHT | MYC ChIP-Seq, DHT | FOXA1 ChIP-Seq",,,
RUNX1,PIK3CD,leukocytes,"RUNX1 IP, RUNX1 IP - N terminus 2, RUNX1 IP, SPI1 IP | RUNX1 KD",,,
STAT5B,PIK3CD,leukocytes,"STAT5B IP | IL2 - Rep 2, STAT5B IP | H9, Rep 2",,,
IL2,PIK3CD,leukocytes,STAT5B IP | IL2 - Rep 2,,,
RELB,PIK3CD,leukocytes,RELB IP - Rep 2,,,
MEF2A,PIK3CD,leukocytes,MEF2A IP - GM12878 cells,,,
FOSL2,PIK3CD,lung,FOSL2 IP - A549 cells,,,
FOSL2,PIK3CD,liver,FOSL2 IP - HepG2 cells,,,
STAT3,PIK3CD,mammarygland,"STAT3 IP | 4HT - MCF10 cells, 36 h, STAT3 IP - MCF10A cells, Rep 2, STAT3 IP | 4HT - MCF10 cells, 12 h",,,
CTCF,PIK3CD,vasculature,"CTCF IP - HPAF cells, Rep 2 , CTCF IP - HBMEC cells, Rep 1 , CTCF IP - HPAF cells, Rep 1 ",,,
ZNF143,PIK3CD,leukocytes,"ZNF143 IP - GM12878 cells, ZNF143 IP - K562 cells",,,
MAX,PIK3CD,liver,MAX IP - HepG2 cells,,,
EBF1,PIK3CD,leukocytes,"EBF1 IP - GM12878 cells, EBF1 IP - GM12878 cells",,,
FOXA2,PIK3CD,liver,FOXA2 IP - HepG2 cells,,,
EGR1,PIK3CD,leukocytes,EGR1 IP - K562 cells,,,
TCF21,PIK3CD,vasculature,"TCF21 IP, TCF21 IP",,,
BCL3,PIK3CD,lung,BCL3 IP - A549 cells,,,
STAT1,PIK3CD,leukocytes,"STAT1 IP - Rep 5, STAT1 IP - Rep 1, STAT1 IP - Rep 4, STAT1 IP - Rep 3, STAT1 IP - Rep 2",,,
USF1,PIK3CD,colon,USF1 IP - HCT116 cells,,,
CREB1,PIK3CD,leukocytes,"CREB1 IP - K562 cells, CREB1 IP - GM12878 cells",,,
REST,PIK3CD,cns,REST IP - U87 cells,,,
YY1,PIK3CD,uterus,YY1 IP - ECC1 cells,,,
USF2,PIK3CD,leukocytes,USF2 IP - GM12878 cells,,,
CEBPB,PIK3CD,lung,"CEBPB ChIP-Seq - A549, CEBPB ChIP-Seq - IMR90, CEBPB IP - A549 cells",,,
CEBPB,PIK3CD,bone,"CEBPB IP, CEBPB IP",,,
GABPA,PIK3CD,leukocytes,"GABPA IP - GM12878 cells, Rep 4 , GABPA IP - Jurkat, Rep 2, GABPA IP - GM12878 cells, GABPA IP - GM12878 cells, Rep 3 , GABPA IP - GM12878 cells, Rep 1 , GABPA IP - HL cells, GABPA IP - Jurkat, Rep 1, GABPA IP - K562 cells, GABPA IP - GM12878 cells, Rep 2 ",,,
SMAD1,PIK3CD,hspcs,SMAD1 IP - Rep 2,,,
PBX3,PIK3CD,cns,PBX3 IP - SK-N-SH cells,,,
SP1,PIK3CD,lung,SP1 IP - A549 cells,,,
DEX; TNF,PIK3CD,lung,"RELA IP | DEX + TNF - Rep 2, RELA IP | DEX + TNF - Rep 1",,,
GABPA,PIK3CD,stemcells,GABPA IP - H1 cells,,,
R1881,PIK3CD,prostate,"R1881 | FOXA1 ChIP-Seq - Rep 1, GABPA IP | R1881, R1881 | FOXA1 ChIP-Seq - Rep 2, CON KD + R1881 | FOXA1 ChIP-Seq - Rep 2",,,
LYL1,PIK3CD,leukocytes,LYL1 IP - HL-60,,,
CEBPA,PIK3CD,leukocytes,"CEBPA IP - U-937 cells, Rep 1 , CEBPA IP, CEBPA IP - U-937 cells, Rep 2 ",,,
RUNX1,PIK3CD,hspcs,"RUNX1 IP, RUNX1",,,
MXI1,PIK3CD,leukocytes,"MXI1 IP - GM12878 cells, MXI1 IP - K562 cells",,,
BATF,PIK3CD,leukocytes,BATF IP - GM12878 cells,,,
CTCF,PIK3CD,sensory,"CTCF IP - WERI-Rb-1- cells, Rep 1 ",,,
MAFK,PIK3CD,lung,MAFK IP - IMR cells,,,
E2F6,PIK3CD,stemcells,E2F6 IP - H1 cells,,,
TCF12,PIK3CD,cns,TCF12 IP - SK-N-SH cells,,,
MAZ,PIK3CD,lung,MAZ IP - IMR cells,,,
GATA2,PIK3CD,cns,GATA2 ChIP-Seq SH-SY5Y,,,
BCL11A,PIK3CD,leukocytes,BCL11A IP - GM12878 cells,,,
JUND,PIK3CD,colon,JUND IP - HCT116 cells,,,
TCF12,PIK3CD,uterus,TCF12 IP - ECC1 cells,,,
TEAD1,PIK3CD,cns,TEAD1 IP - Rep 1,,,
CREB1,PIK3CD,stemcells,CREB1 IP - H1 cells,,,
ZBTB7A,PIK3CD,leukocytes,ZBTB7A IP - SK-N-SH cells,,,
CTCF,PIK3CD,liver,"CTCF IP - HepG2 cells, Rep 1 ",,,
CTCF,PIK3CD,heart,"CTCF IP - myocytes cells, Rep 1 ",,,
CTCF,PIK3CD,mammarygland,"CTCF IP - HMEC cells, Rep 2 , CTCF IP - HMEC cells, Rep 1 , CTCF IP - MCF-7 cells, Rep 1 , CTCF IP - HMF cells, Rep 2 ",,,
NFATC1,PIK3CD,leukocytes,NFATC1 IP - GM12878 cells,,,
JUND,PIK3CD,vasculature,JUND IP,,,
NFKB1,PIK3CD,leukocytes,"NFKB1 IP - Rep 1, NFKB1 IP - Rep 2",,,
CREB1,PIK3CD,prostate,CREB1 ChIP-Seq - LNCaP-abl,,,
FOS,PIK3CD,vasculature,FOS IP - HUVEC cells,,,
E2F6,PIK3CD,leukocytes,"E2F6 IP - K562 cells, E2F6 IP - K562 cells",,,
STAT3,PIK3CD,leukocytes,"STAT3 IP - SU-DHL-2, STAT3 IP - SU-DHL-6",,,
TP53,PIK3CD,mammarygland,TP53 IP,,,
CEBPB,PIK3CD,uterus,"CEBPB ChIP-Seq - HeLaS3, CEBPB IP - ECC1 cells",,,
MAX,PIK3CD,stemcells,MAX IP - H1 cells,,,
CTCF,PIK3CD,stemcells,"CTCF IP - H1 cells, CTCF IP - Rep 6 ",,,
PAX5,PIK3CD,leukocytes,"PAX5 IP - GM12878 cells, Rep 2, PAX5 IP - GM12892 cells, PAX5 IP - GM12878 cells, Rep 1",,,
RELA,PIK3CD,adiposetissue,"RELA IP, RELA IP",,,
SP1,PIK3CD,leukocytes,SP1 IP - GM12878 cells,,,
E2F1,PIK3CD,mammarygland,"E2F1 IP - MCF7 cells, E2F1 IP",,,
FOXA1,PIK3CD,mammarygland,"DHT | FOXA1 ChIP-Seq, FOXA1 IP - T47D cells",,,
ELF1,PIK3CD,liver,ELF1 IP - HepG2 cells,,,
KLF5,PIK3CD,pancreas,ELF3 IP | KLF5 KO,,,
ZNF263,PIK3CD,kidney,ZNF263 IP - HEK293 cells,,,
HEY1,PIK3CD,liver,HEY1 IP - HepG2 cells,,,
GABPA,PIK3CD,liver,"GABPA IP - MCF7 cells, GABPA IP - HepG2 cells, GABPA IP",,,
IRF1,PIK3CD,pancreas,IRF1 IP,,,
CPDA,PIK3CD,mammarygland,JUN IP | CPDA,,,
CEBPB,PIK3CD,liver,"CEBPB ChIP-Seq - HepG2, CEBPB IP | FORSK - HepG2 cells",,,
CTCF,PIK3CD,hspcs,"CTCF IP - HEL 92.1.7 cells, Rep 14 , CTCF IP - HEL 92.1.7 cells, Rep 5 ",,,
ETS1,PIK3CD,leukocytes,"ETS1 IP, ETS1 IP - K562 cells",,,
JUN,PIK3CD,uterus,JUN IP - HeLa cells,,,
TCF12,PIK3CD,leukocytes,TCF12 IP - GM12878 cells,,,
ELF1,PIK3CD,colon,ELF1 IP - HCT116 cells,,,
MXI1,PIK3CD,cns,MXI1 IP - SK-N-SH cells ,,,
TBP,PIK3CD,stemcells,TBP IP - H1 cells,,,
JUND,PIK3CD,stemcells,JUND IP - H1 cells,,,
PBX3,PIK3CD,leukocytes,PBX3 IP - GM12878 cells,,,
MAZ,PIK3CD,uterus,MAZ IP - HeLa cells,,,
FOXA2,PIK3CD,embryonictissue,FOXA2 IP - Rep 2,,,
E2F4,PIK3CD,leukocytes,E2F4 IP - GM12878 cells,,,
GABPA,PIK3CD,cns,GABPA IP - SK-N-SH cells,,,
TEAD4,PIK3CD,leukocytes,TEAD4 IP - K562 cells,,,
H9,PIK3CD,leukocytes,"STAT5B IP | H9, Rep 2",,,
CREB1,PIK3CD,liver,"CREB1 IP - HepG2 cells, CREB1 IP",,,
IRF4,PIK3CD,leukocytes,"IRF4 IP - GM12878 cells, IRF4 IP",,,
JUND,PIK3CD,uterus,JUND IP - HeLa cells,,,
TFAP4,PIK3CD,leukocytes,"TFAP4 IP - Rep 2, TFAP4 IP - Rep 1",,,
JUN,PIK3CD,leukocytes,"JUN IP - K562 cells, Rep 1, JUN IP - K562 cells, Rep 2",,,
JUND,PIK3CD,leukocytes,JUND IP - K562 cells,,,
SP1,PIK3CD,stemcells,SP1 IP - H1 cells,,,
E2F1,PIK3CD,uterus,"E2F1 IP - HeLa cells, Rep 2, E2F1 IP - HeLa cells, Rep 1",,,
GATA3,PIK3CD,cns,GATA3 IP - SK-N-SH cells,,,
CTCF,PIK3CD,adiposetissue,CTCF ChIP-Seq - d 9,,,
YY1,PIK3CD,colon,YY1 IP - HCT116 cells,,,
MXI1,PIK3CD,stemcells,MXI1 IP - H1 cells,,,
TCF12,PIK3CD,lung,TCF12 IP - A549 cells,,,
SRF,PIK3CD,colon,SRF IP - HCT116 cells,,,
MXI1,PIK3CD,lung,MXI1 IP - IMR cells,,,
CTCF,PIK3CD,colon,CTCF IP - HCT116 cells,,,
CUX1,PIK3CD,leukocytes,"CUX1 IP - GM12878 cells, CUX1 IP - K562 cells",,,
ZBTB7A,PIK3CD,uterus,ZBTB7A IP - ECC1 cells,,,
SP1,PIK3CD,colon,SP1 IP - HCT116 cells,,,
BCL3,PIK3CD,leukocytes,BCL3 IP - GM12878 cells,,,
REST,PIK3CD,leukocytes,REST IP - K562 cells,,,
KLF11,PIK3CD,adiposetissue,"KLF11 ChIP-Seq, Rep 2",,,
CEBPB,PIK3CD,colon,CEBPB IP,,,
TP73,PIK3CD,bone,"TP73 IP - alpha isoform, Rep 1",,,
FOSL1,PIK3CD,colon,FOSL1 IP - HCT116 cells,,,
FORSK,PIK3CD,liver,CEBPB IP | FORSK - HepG2 cells,,,
JUND,PIK3CD,lung,JUND IP - A549 cells,,,
FOXA2,PIK3CD,lung,FOXA2 IP - A549 cells,,,
FOXM1,PIK3CD,mammarygland,FOXM1 IP | THSP - DS006,,,
ELK1,PIK3CD,leukocytes,ELK1 IP - K562 cells,,,
CTCF,PIK3CD,pancreas,CTCF IP,,,
ROSI,PIK3CD,leukocytes,ROSI | SPI1 ChIP-Seq,,,
ATF1,PIK3CD,leukocytes,ATF1 IP - K562 cells,,,
CTCF,PIK3CD,bone,CTCF IP - Osteoblasts ,,,
MAX,PIK3CD,cns,MAX IP - SK-N-SH cells,,,
ZBTB7A,PIK3CD,liver,ZBTB7A IP - HepG2 cells,,,
MAX,PIK3CD,colon,MAX IP - HCT116 cells,,,
TBP,PIK3CD,uterus,TBP IP - HeLa cells,,,
USF1,PIK3CD,leukocytes,USF1 IP - K562 cells,,,
DEX,PIK3CD,mammarygland,JUN IP | DEX,,,
FOSL2,PIK3CD,cns,FOSL2 IP - SK-N-SH cells,,,
SPI1,PIK3CG,leukocytes,"SPI1 IP, SPI1 IP, SPI1 IP | RUNX1 KD, ROSI | SPI1 ChIP-Seq, SPI1 IP - GM12878 cells, Rep 5 , SPI1 IP, SPI1 IP - U-937 cells, Rep 5 , SPI1 IP - U-937 cells, Rep 4 , SPI1 IP - GM12878 cells, SPI1 IP - GM12891 cells, SPI1 IP, SPI1 IP - GM12878 cells, Rep 3 , SPI1 IP - U-937 cells, Rep 8 , SPI1 IP - GM12878 cells, Rep 1 , SPI1 IP - U-937 cells, Rep 1 , SPI1 IP, SPI1 IP - HL-60 cells, Rep 2 , SPI1 IP - U-937 cells, Rep 3 , SPI1 IP, SPI1 IP - GM12878 cells, Rep 2 , SPI1 IP, SPI1 IP - GM12878 cells, Rep 4 , SPI1 IP - K562 cells, SPI1 IP - HL-60 cells, Rep 1 , SPI1 IP - U-937 cells, Rep 6 , SPI1 IP, SPI1 IP - U-937 cells, Rep 10 , SPI1 IP - U-937 cells, Rep 2 , SPI1 IP, SPI1 IP, SPI1 IP - HL-60 cells, Rep 4 , SPI1 IP - HL cells, SPI1 IP",,,
PAX5,PIK3CG,leukocytes,"PAX5 IP - GM12892 cells, PAX5 IP - GM12878 cells, Rep 1, PAX5 IP - GM12878 cells, Rep 2",,,
GATA3,PIK3CG,mammarygland,GATA3 IP - MCF7 cells,,,
JUN,PIK3CG,leukocytes,"JUN IP | IFNA1-13 - 30 min , JUN IP - K562 cells, Rep 2, JUN IP - K562 cells, Rep 1, JUN IP | IFNG - K562 cells, 30 min",,,
IFNA1,PIK3CG,leukocytes,"JUN IP | IFNA1-13 - 30 min , IRF1 IP | IFNA1-13 - K562 cells, 6 h, STAT2 IP | IFNA1-13 - K562 cells, 30 min",,,
ETS1,PIK3CG,leukocytes,"ETS1 IP, ETS1 IP - GM12878 cells",,,
CEBPB,PIK3CG,stemcells,"CEBPB IP, CEBPB IP, CEBPB IP, CEBPB IP",,,
IRF1,PIK3CG,leukocytes,"IRF1 IP - Rep 3, IRF1 IP - Rep 2, IRF1 IP | IFNG - K562 cells, 30 min, IRF1 IP | IFNA1-13 - K562 cells, 6 h",,,
IFNG,PIK3CG,leukocytes,"IRF1 IP - Rep 3, STAT1 IP - Rep 5, MYC IP | IFNG - K562 cells, 30 min, IRF1 IP - Rep 2, MYC IP | IFNG - K562 cells, 6 h, STAT1 IP - Rep 2, IRF1 IP | IFNG - K562 cells, 30 min, STAT1 IP - Rep 4, STAT1 IP - Rep 3, JUN IP | IFNG - K562 cells, 30 min",,,
STAT3,PIK3CG,leukocytes,"STAT3 IP - SU-DHL-4, STAT3 IP - SU-DHL-6, STAT3 IP - OCI-LY7, STAT3 IP - U-2932",,,
FOXA1,PIK3CG,prostate,"R1881 | FOXA1 ChIP-Seq - Rep 1, CON KD + R1881 | FOXA1 ChIP-Seq - Rep 1, PIAS1 + R1881 | FOXA1 ChIP-Seq - Rep 2, EtOH | FOXA1 ChIP-Seq - , FOXA1 ChIP-Seq, WT AR OE + FOXA1 OE | FOXA1 ChIP-Seq - high FOXA1, DHT | FOXA1 ChIP-Seq, R1881 | FOXA1 ChIP-Seq - Rep 2, EtOH | FOXA1 ChIP-Seq - Rep 2",,,
R1881,PIK3CG,prostate,"R1881 | FOXA1 ChIP-Seq - Rep 1, CON KD + R1881 | FOXA1 ChIP-Seq - Rep 1, PIAS1 + R1881 | FOXA1 ChIP-Seq - Rep 2, R1881 | FOXA1 ChIP-Seq - Rep 2",,,
MAX,PIK3CG,leukocytes,"MAX IP - K562 cells, MAX IP - K562 cells, Rep 2, MAX IP - NB4 cells",,,
FOXH1,PIK3CG,embryonictissue,FOXH1 IP - endoderm,,,
STAT5B,PIK3CG,leukocytes,"STAT5B IP | H9, Rep 2, STAT5B IP | IL2 - Rep 2, STAT5B IP | H9RET, Rep 2, STAT5B IP | H9, Rep 2, STAT5B IP | IL2 - Rep 2",,,
H9,PIK3CG,leukocytes,"STAT5B IP | H9, Rep 2, STAT5B IP | H9, Rep 2",,,
CEBPB,PIK3CG,leukocytes,"CEBPB ChIP-Seq - K562, CEBPB IP, CEBPB IP - K562 cells, CEBPB IP - HL-60 cells, Rep 1 , CEBPB IP | oxLDL  - Rep 208, CEBPB IP, CEBPB IP - GM12878 cells, CEBPB IP - HL-60 cells, Rep 2 ",,,
REST,PIK3CG,leukocytes,"REST IP - HL60 cells, REST IP - K562 cells, REST IP - GM12878 cells, Rep 1",,,
MYC,PIK3CG,leukocytes,"MYC IP - K562 cells, Rep 1, MYC IP | IFNG - K562 cells, 30 min, MYC IP | IFNG - K562 cells, 6 h, MYC IP - NB4 cells",,,
YY1,PIK3CG,leukocytes,"YY1 IP - GM12878 cells, YY1 IP - K562 cells, Rep 1, YY1 IP - GM12892 cells, Rep 1, YY1 IP - GM12878 cells, YY1 IP - GM12891 cells, YY1 IP - K562 cells, Rep 2",,,
SRF,PIK3CG,leukocytes,SRF IP - SK-N-SH cells,,,
MEF2A,PIK3CG,leukocytes,MEF2A IP - GM12878 cells,,,
JUN,PIK3CG,vasculature,JUN IP - HUVEC cells,,,
IRF4,PIK3CG,leukocytes,"IRF4 IP - GM12878 cells, IRF4 IP",,,
CTCF,PIK3CG,leukocytes,"CTCF IP - MS1 cells, Rep 4 , CTCF IP - GM12892 cells, Rep 1 , CTCF IP - MS1 cells, Rep 2 , CTCF IP - GM12890 cells, Rep 3 , CTCF IP - GM12890 cells, Rep 1 , CTCF IP - GM19239 cells, Rep 2 , CTCF IP - GM2255 cells, Rep 2 , CTCF IP - GM19239 cells, Rep 1 , CTCF IP - GM2255 cells, Rep 1 ",,,
GABPA,PIK3CG,leukocytes,"GABPA IP - GM12878 cells, Rep 5 , GABPA IP - HL cells, GABPA IP - Jurkat, Rep 2, GABPA IP - Jurkat, Rep 1, GABPA IP - GM12878 cells, Rep 4 , GABPA IP - GM12878 cells, Rep 2 ",,,
USF1,PIK3CG,leukocytes,USF1 IP - K562 cells,,,
RUNX1,PIK3CG,leukocytes,"SPI1 IP | RUNX1 KD, RUNX1 IP, CEBPA IP | RUNX1 KD",,,
JUND,PIK3CG,leukocytes,"JUND IP - GM12878 cells, Rep 2, JUND IP - K562 cells, JUND IP - GM12878 cells, Rep 1 ",,,
LYL1,PIK3CG,leukocytes,"LYL1 IP - NB4, LYL1 IP - Kasumi-1, LYL1 IP - HL-60, LYL1 IP - THP-1",,,
ROSI,PIK3CG,leukocytes,ROSI | SPI1 ChIP-Seq,,,
EGR1,PIK3CG,leukocytes,EGR1 IP - K562 cells,,,
EBF1,PIK3CG,leukocytes,"EBF1 IP - GM12878 cells, EBF1 IP - GM12878 cells",,,
ELF3,PIK3CG,pancreas,"ELF3 IP, ELF3 IP",,,
TAL1,PIK3CG,leukocytes,"TAL1 IP - MOLT3, TAL1 IP - K562 cells",,,
E2F1,PIK3CG,mammarygland,E2F1 IP,,,
STAT1,PIK3CG,leukocytes,"STAT1 IP - Rep 5, STAT1 IP - Rep 2, STAT1 IP - Rep 4, STAT1 IP - Rep 3",,,
SIX2,PIK3CG,kidney,"SIX2 IP - 17 weeks, Rep 2",,,
GATA2,PIK3CG,hspcs,GATA2 IP,,,
SP1,PIK3CG,leukocytes,"SP1 IP - GM12878 cells, SP1 IP - K562 cells",,,
CEBPA,PIK3CG,leukocytes,"CEBPA IP - U-937 cells, Rep 1 , CEBPA IP - U-937 cells, Rep 2 , CEBPA IP, CEBPA IP | RUNX1 KD",,,
TCF3,PIK3CG,leukocytes,TCF3 IP - GM12878 cells,,,
IL2,PIK3CG,leukocytes,"STAT5B IP | IL2 - Rep 2, STAT5B IP | IL2 - Rep 2",,,
FOXA2,PIK3CG,stemcells,FOXA2 IP - Rep 5 ,,,
RELA,PIK3CG,leukocytes,"RELA IP | TNF - GM18505 cells, RELA IP | TNF - GM19193 cells, RELA IP | TNF - GM19099 cells, RELA IP | TNF - GM10847 cells, RELA IP | TNF - GM12891 cells, RELA IP | TNF - GM12878 cells, RELA IP | TNF - GM12892 cells, RELA IP | TNF - GM18951 cells",,,
TNF,PIK3CG,leukocytes,"RELA IP | TNF - GM18505 cells, RELA IP | TNF - GM19193 cells, RELA IP | TNF - GM10847 cells, RELA IP | TNF - GM12891 cells, RELA IP | TNF - GM12878 cells, RELA IP | TNF - GM12892 cells, RELA IP | TNF - GM18951 cells",,,
ZNF384,PIK3CG,leukocytes,"ZNF384 IP - GM12878 cells, ZNF384 IP - K562 cells",,,
MXI1,PIK3CG,leukocytes,MXI1 IP - GM12878 cells,,,
ELF1,PIK3CG,leukocytes,ELF1 IP - SK-N-SH cells,,,
GATA1,PIK3CG,leukocytes,GATA1 ChIP-Seq - SC266,,,
MYB,PIK3CG,leukocytes,"MYB IP - Jurkat, Rep 1, MYB IP - Jurkat, Rep 2, MYB IP - MOLT3, MYB IP - Jurkat, Rep 3, MYB IP - Jurkat, Rep 5, MYB IP - Jurkat, Rep 4",,,
MAZ,PIK3CG,leukocytes,"MAZ IP - K562 cells, MAZ IP - GM12878 cells",,,
TCF12,PIK3CG,leukocytes,TCF12 IP - GM12878 cells,,,
FOXM1,PIK3CG,leukocytes,FOXM1 IP - GM12878 cells,,,
MTA3,PIK3CG,leukocytes,MTA3 IP - GM12878 cells,,,
RELA,PIK3CG,adiposetissue,RELA IP,,,
FOXA2,PIK3CG,embryonictissue,FOXA2 IP - Rep 1,,,
BHLHE40,PIK3CG,leukocytes,"BHLHE40 IP - K562 cells, BHLHE40 IP - GM12878 cells",,,
MEF2C,PIK3CG,leukocytes,MEF2C IP - GM12878 cells,,,
STAT5A,PIK3CG,leukocytes,"STAT5A IP - K562 cells, STAT5A IP - GM12878 cells",,,
CREB1,PIK3CG,prostate,"CREB1 ChIP-Seq - LNCaP, CREB1 ChIP-Seq - LNCaP-abl",,,
FOS,PIK3CG,vasculature,FOS IP - HUVEC cells,,,
JUND,PIK3CG,liver,JUND IP - HepG2 cells,,,
H9RET,PIK3CG,leukocytes,"STAT5B IP | H9RET, Rep 2",,,
KLF5,PIK3CG,pancreas,KLF5 IP,,,
REST,PIK3CG,uterus,REST IP - SK-N-SH cells,,,
SREBF1,PIK3CG,leukocytes,SREBF1 IP - GM12878 cells,,,
SMAD3,PIK3CG,embryonictissue,SMAD3 IP - endoderm,,,
SMAD4,PIK3CG,embryonictissue,SMAD4 IP - endoderm,,,
RUNX1,PIK3CG,hspcs,RUNX1 IP,,,
TBP,PIK3CG,leukocytes,"TBP IP - GM12878 cells, TBP IP - K562 cells",,,
ATF2,PIK3CG,leukocytes,ATF2 IP - GM12878 cells,,,
PIAS1,PIK3CG,prostate,PIAS1 + R1881 | FOXA1 ChIP-Seq - Rep 2,,,
TCF12,PIK3CG,uterus,TCF12 IP - ECC1 cells,,,
SPI1,PIK3CG,hspcs,"SPI1 IP -  Rep 1, SPI1 IP - Rep 2",,,
HEY1,PIK3CG,leukocytes,HEY1 IP - K562 cells,,,
ATF3,PIK3CG,leukocytes,ATF3 IP - K562 cells,,,
CEBPB,PIK3CG,bone,CEBPB IP,,,
POU2F2,PIK3CG,leukocytes,POU2F2 IP - GM12878 cells,,,
TEAD4,PIK3CG,leukocytes,TEAD4 IP - K562 cells,,,
ATF1,PIK3CG,leukocytes,ATF1 IP - K562 cells,,,
IKZF1,PIK3CG,leukocytes,IKZF1 IP - GM12878 cells,,,
STAT2,PIK3CG,leukocytes,"STAT2 IP | IFNA1-13 - K562 cells, 30 min",,,
GATA2,PIK3CG,vasculature,GATA2 IP - HUVEC cells,,,
BCL11A,PIK3CG,leukocytes,BCL11A IP - GM12878 cells,,,
AR,PIK3CG,prostate,WT AR OE + FOXA1 OE | FOXA1 ChIP-Seq - high FOXA1,"22383394,",,
FLI1,PIK3CG,hspcs,FLI1 IP,,,
BCL3,PIK3CG,leukocytes,BCL3 IP - GM12878 cells,,,
SMAD1,PIK3CG,hspcs,SMAD1 IP - Rep 2,,,
ZBTB7A,PIK3CG,leukocytes,ZBTB7A IP - SK-N-SH cells,,,
CREB1,PIK3CG,leukocytes,CREB1 IP - GM12878 cells,,,
BATF,PIK3CG,leukocytes,BATF IP - GM12878 cells,,,
DHT,PIK3CG,prostate,DHT | FOXA1 ChIP-Seq,,,
NFATC1,PIK3CG,leukocytes,NFATC1 IP - GM12878 cells,,,
FOXA1,PIK3CG,stemcells,FOXA1 IP - Rep 5 ,,,
HMGN3,PIK3CG,leukocytes,HMGN3 IP - K562 cells,,,
YY1,PIK3CG,cns,YY1 IP | ATRA - SK-N-SH cells,,,
ATRA,PIK3CG,cns,YY1 IP | ATRA - SK-N-SH cells,,,
CUX1,PIK3CG,leukocytes,CUX1 IP - GM12878 cells,,,
JUN,PIK3CG,liver,JUN IP - HepG2 cells,,,
MAZ,PIKFYVE,leukocytes,"MAZ IP - GM12878 cells, MAZ IP - K562 cells",,,
MAX,PIKFYVE,leukocytes,"MAX IP - GM12878 cells, MAX IP - NB4 cells, MAX IP - K562 cells, MAX IP - K562 cells, Rep 2",,,
CTCF,PIKFYVE,leukocytes,"CTCF IP - GM12892 cells, Rep 1 , CTCF IP - F36P cells, Rep 11 , CTCF IP - F36P cells, Rep 3 , CTCF IP - GM12864 cells, Rep 3 , CTCF IP - GM2588 cells, Rep 3 , CTCF IP - GM12874 cells, Rep 2 , CTCF IP - GM2610 cells, Rep 3 , CTCF IP - GM06986 cells, CTCF IP - GM2630 cells, Rep 3 , CTCF IP - GM12890 cells, Rep 3 , CTCF IP - MS1 cells, Rep 1 , CTCF IP - K562 cells, CTCF IP - GM12866 cells , CTCF IP - GM19240 cells, Rep 1 , CTCF IP - K562 cells, Rep 14 , CTCF IP - MS1 cells, Rep 2 , CTCF IP - K562 cells, Rep 16 , CTCF IP - GM12878 cells , CTCF IP - F36P cells, Rep 7 , CTCF IP - GM19099 cells, Rep 1 , CTCF IP - GM12873 cells, Rep 1 , CTCF IP - GM18505 cells, Rep 1 , CTCF IP - GM12891 cells, Rep 2 , CTCF IP - GM12814 cells, Rep 1, CTCF IP - GM19239 cells, Rep 2 , CTCF IP - GM12867 cells , CTCF IP - GM12814 cells, Rep 2, CTCF IP - KU812 cells, Rep 5 , CTCF IP - GM2255 cells, Rep 2 , CTCF IP - K562 cells, Rep 15 , CTCF IP - GM12872 cells, Rep 3 , CTCF IP - GM12890 cells, Rep 1 , CTCF IP - F36P cells, Rep 18 , CTCF IP - GM12828 cells, CTCF IP - K562 cells, CTCF IP - GM11811 cells, Rep 1, CTCF IP - F36P cells, Rep 19 , CTCF IP - MS1 cells, Rep 3 , CTCF IP - GM2630 cells, Rep 2 , CTCF IP - GM18951 cells, Rep 2 , CTCF IP - GM12891 cells, Rep 1 , CTCF IP - NB4 cells , CTCF IP - MS1 cells, Rep 4 , CTCF IP - F36P cells, Rep 14 , CTCF ChIP-Seq - GM12878, CTCF IP -  CD20+ cells , CTCF IP - GM2588 cells, Rep 2 , CTCF IP - GM18505 cells, Rep 2 , CTCF IP - GM12878 cells, Rep 1 , CTCF IP - GM18486 cells, Rep 1 , CTCF IP, CTCF IP - GM12878 cells, Rep 2 , CTCF IP - F36P cells, Rep 2 , CTCF IP - K562 cells, Rep 12 , CTCF IP - K562 cells , CTCF IP - GM10847 cells, Rep 1 , CTCF IP - GM2255 cells, Rep 3 , CTCF IP -  DND , CTCF IP - GM18526 cells, Rep 1 , CTCF IP - GM19193 cells, Rep 1 , CTCF IP - F36P cells, Rep 15 , CTCF IP - GM12892 cells, Rep 2 , CTCF IP - GM12815 cells, Rep 1, CTCF IP - GM18486 cells, Rep 3 , CTCF IP - K562 cells, CTCF IP - F36P cells, Rep 10 , CTCF IP - GM06990 cells, Rep 2 , CTCF IP - K562 cells, Rep 13 , CTCF IP - GM11994 cells, Rep 2, CTCF IP - GM11831 cells, CTCF IP - GM12871 cells , CTCF IP - GM12154 cells, Rep 2, CTCF IP - GM12878 cells, Rep 1 , CTCF IP - GM12874 cells, CTCF IP - GM11994 cells, Rep 1, CTCF IP - GM19239 cells, Rep 1 , CTCF IP - K562 cells, Rep 11 , CTCF IP - F36P cells, Rep 6 , CTCF IP - KU812 cells, Rep 13 , CTCF IP - GM12890 cells, Rep 2 , CTCF IP - GM12875 cells, Rep 1 , CTCF IP - GM19240 cells, Rep 2 , CTCF IP - GM12873 cells, Rep 3 , CTCF IP - GM12878 cells, Rep 2 , CTCF IP - GM12864 cells, Rep 1 , CTCF IP - GM12154 cells, Rep 1, CTCF IP - GM19238 cells, Rep 2 , CTCF IP - GM19238 cells, Rep 1 , CTCF IP - GM2610 cells, Rep 2 , CTCF IP - GM12869 cells ",,,
E2F1,PIKFYVE,prostate,"HES6 OE | E2F1 ChIP-Seq - Rep 1, HES6 OE + BICALU | E2F1 ChIP-Seq - Rep 1, E2F1 ChIP-Seq - Rep 4, E2F1 ChIP-Seq - Rep 1, HES6 OE + BICALU | E2F1 ChIP-Seq - Rep 3, BICALU | E2F1 ChIP-Seq - Rep 1, BICALU | E2F1 ChIP-Seq - Rep 2, BICALU + HES6OE | E2F1 ChIP-Seq - Rep 4, BICALU | E2F1 ChIP-Seq - Rep 3, HES6 OE | E2F1 ChIP-Seq - Rep 3, E2F1 ChIP-Seq - Rep 2, E2F1 ChIP-Seq - Rep 3",,,
HES6,PIKFYVE,prostate,"HES6 OE | E2F1 ChIP-Seq - Rep 1, HES6 OE + BICALU | E2F1 ChIP-Seq - Rep 1, HES6 OE + BICALU | E2F1 ChIP-Seq - Rep 3, BICALU + HES6OE | E2F1 ChIP-Seq - Rep 4, HES6 OE | E2F1 ChIP-Seq - Rep 3",,,
FOXM1,PIKFYVE,uterus,FOXM1 IP - ECC1 cells,,,
FOXH1,PIKFYVE,stemcells,FOXH1 ChIP-Seq - Escs,,,
YY1,PIKFYVE,colon,YY1 IP - HCT116 cells,,,
BHLHE40,PIKFYVE,liver,"BHLHE40 IP - SK-N-SH cells, BHLHE40 IP - HepG2 cells",,,
RELA,PIKFYVE,leukocytes,"RELA IP | TNF - GM15510 cells, RELA IP | TNF - GM19099 cells, RELA IP | TNF - GM19193 cells, RELA IP | TNF - GM18951 cells, RELA IP | BAY082  - IVD Th1 cells, PIA, RELA IP - IVD Th1 cells, PIA, RELA IP | TNF - GM18505 cells, RELA IP | TNF - GM12891 cells, RELA IP | TNF - GM10847 cells, RELA IP | TNF - GM12892 cells",,,
TNF,PIKFYVE,leukocytes,"RELA IP | TNF - GM15510 cells, RELA IP | TNF - GM19193 cells, RELA IP | TNF - GM18951 cells, RELA IP | TNF - GM18505 cells, RELA IP | TNF - GM12891 cells, RELA IP | TNF - GM10847 cells, RELA IP | TNF - GM12892 cells",,,
CTCF,PIKFYVE,hspcs,"CTCF IP - HEL 92.1.7 cells, Rep 8 , CTCF IP - HEL 92.1.7 cells, Rep 5 , CTCF IP - HEL 92.1.7 cells, Rep 2 , CTCF IP - HEL 92.1.7 cells, Rep 10 , CTCF IP - Erythroid cells, Rep 1, CTCF IP - HEL 92.1.7 cells, Rep 11 , CTCF IP - HEL 92.1.7 cells, Rep 14 ",,,
FOXA1,PIKFYVE,prostate,"EtOH | FOXA1 ChIP-Seq - , FOXA1 ChIP-Seq - Rep 2, CREB1 siRNA | FOXA1 ChIP-Seq - Rep 1, DHT | FOXA1 ChIP-Seq, GATA2 KD + R1881 | FOXA1 ChIP-Seq, R1881 | FOXA1 ChIP-Seq - Rep 2, CON KD | FOXA1 ChIP-Seq, CON KD + R1881 | FOXA1 ChIP-Seq - Rep 2, FOXA1 KD | GATA2 ChIP-Seq, FOXA1 ChIP-Seq - LNCaP-abl, FOXA1 siRNA | CREB1 ChIP-Seq - Rep 2, PIAS1 + R1881 | FOXA1 ChIP-Seq - Rep 2, DHT | FOXA1 ChIP-Seq, PIAS1 + R1881 | FOXA1 ChIP-Seq - Rep 1, CREB1 siRNA | FOXA1 ChIP-Seq - Rep 2, WT AR OE + FOXA1 OE | FOXA1 ChIP-Seq - high FOXA1, FOXA1 ChIP-Seq, EtOH | FOXA1 ChIP-Seq - Rep 2, CON KD + R1881 | FOXA1 ChIP-Seq, FOXA1 ChIP-Seq, R1881 | FOXA1 ChIP-Seq - Rep 1, GATA2 KD  | FOXA1 ChIP-Seq, FOXA1 ChIP-Seq - Rep 1, FOXA1 ChIP-Seq, CON KD  | FOXA1 ChIP-Seq, DHT | FOXA1 ChIP-Seq, FOXA1 siRNA | CREB1 ChIP-Seq - Rep 1, WT AR OE + FOXA1 OE | FOXA1 ChIP-Seq, CON KD + R1881 | FOXA1 ChIP-Seq - Rep 1",,,
YY1,PIKFYVE,uterus,YY1 IP - ECC1 cells,,,
GABPA,PIKFYVE,prostate,"GABPA IP | R1881, GABPA IP - Rep 1",,,
R1881,PIKFYVE,prostate,"GABPA IP | R1881, GATA2 KD + R1881 | FOXA1 ChIP-Seq, R1881 | FOXA1 ChIP-Seq - Rep 2, ERG IP | R1881, CON KD + R1881 | FOXA1 ChIP-Seq - Rep 2, PIAS1 + R1881 | FOXA1 ChIP-Seq - Rep 2, PIAS1 + R1881 | FOXA1 ChIP-Seq - Rep 1, CON KD + R1881 | FOXA1 ChIP-Seq, R1881 | FOXA1 ChIP-Seq - Rep 1, CON KD + R1881 | GATA2 ChIP-Seq, CON KD + R1881 | FOXA1 ChIP-Seq - Rep 1",,,
CTCF,PIKFYVE,stemcells,"CTCF IP - Rep 6 , CTCF IP - H1 cells ",,,
JUN,PIKFYVE,colon,JUN IP ,,,
BATF,PIKFYVE,leukocytes,BATF IP - GM12878 cells,,,
STAT1,PIKFYVE,uterus,"STAT1 IP | IFNG - HeLa cells, 30 min",,,
IFNG,PIKFYVE,uterus,"STAT1 IP | IFNG - HeLa cells, 30 min",,,
TP53,PIKFYVE,bone,"TP53 IP, TP53 IP - Rep 2",,,
BICALU,PIKFYVE,prostate,"HES6 OE + BICALU | E2F1 ChIP-Seq - Rep 1, HES6 OE + BICALU | E2F1 ChIP-Seq - Rep 3, BICALU | E2F1 ChIP-Seq - Rep 1, BICALU | E2F1 ChIP-Seq - Rep 2, BICALU + HES6OE | E2F1 ChIP-Seq - Rep 4, BICALU | E2F1 ChIP-Seq - Rep 3",,,
TP73,PIKFYVE,bone,"TP73 IP - beta isoform, Rep 1",,,
CTCF,PIKFYVE,megakaryocytelineage,"CTCF IP - MEG-01 cells, Rep 6 , CTCF IP - MEG-01 cells, Rep 2 , CTCF IP - MEG-01 cells, Rep 10 , CTCF IP - MEG-01 cells, Rep 4 , CTCF IP - MEG-01 cells, Rep 8 ",,,
IRF1,PIKFYVE,leukocytes,"IRF1 IP | IFNA1-13 - K562 cells, 6 h, IRF1 IP - Rep 3, IRF1 IP | IFNG - K562 cells, 6 h",,,
IFNA1,PIKFYVE,leukocytes,"IRF1 IP | IFNA1-13 - K562 cells, 6 h, STAT1 IP | IFNA1-13 - K562 cells, 30 min, MYC IP | IFNA1 - K562 cells, 6 h, JUN IP | IFNA1-13 - 30 min , MYC IP | IFNA1 - K562 cells, 30 min",,,
GABPA,PIKFYVE,leukocytes,"GABPA IP - HL cells, GABPA IP - Jurkat, Rep 2, GABPA IP - GM12878 cells, Rep 2 , GABPA IP - GM12878 cells, GABPA IP - GM12878 cells, Rep 5 , GABPA IP, GABPA IP - GM12878 cells, Rep 4 , GABPA IP - Jurkat, Rep 1, GABPA IP - K562 cells, GABPA IP - GM12878 cells, Rep 1 , GABPA IP - GM12878 cells, Rep 3 ",,,
SIX2,PIKFYVE,kidney,"SIX2 IP - 17 weeks, Rep 1, SIX2 IP - 17 weeks, Rep 2",,,
E2F1,PIKFYVE,mammarygland,"E2F1 IP - MCF7 cells, E2F1 IP",,,
EGR1,PIKFYVE,stemcells,EGR1 IP - H1 cells,,,
MAFK,PIKFYVE,lung,MAFK IP - IMR cells,,,
TP53,PIKFYVE,mammarygland,"TP53 IP | NUTL3 - MCF-7, TP53 IP",,,
GATA3,PIKFYVE,lung,GATA3 IP - A549 cells,,,
GABPA,PIKFYVE,liver,"GABPA IP, GABPA IP, GABPA IP, GABPA IP - MCF7 cells, GABPA IP - HepG2 cells",,,
MAZ,PIKFYVE,uterus,MAZ IP - HeLa cells,,,
CREB1,PIKFYVE,prostate,"CREB1 ChIP-Seq - LNCaP-abl, CREB1 siRNA | FOXA1 ChIP-Seq - Rep 1, CREB1 ChIP-Seq - Rep 2, FOXA1 siRNA | CREB1 ChIP-Seq - Rep 2, CREB1 siRNA | FOXA1 ChIP-Seq - Rep 2, CREB1 ChIP-Seq - Rep 1, FOXA1 siRNA | CREB1 ChIP-Seq - Rep 1, CREB1 ChIP-Seq - LNCaP",,,
STAT1,PIKFYVE,leukocytes,"STAT1 IP | IFNA1-13 - K562 cells, 30 min, STAT1 IP | IFNG - K562 cells, 30 min, STAT1 IP - Rep 5, STAT1 IP - Rep 1, STAT1 IP - Rep 4, STAT1 IP - Rep 3, STAT1 IP - Rep 6, STAT1 IP - Rep 2, STAT1 IP | IFNG - K562 cells, 6 h",,,
CEBPB,PIKFYVE,uterus,CEBPB ChIP-Seq - HeLaS3,,,
MYB,PIKFYVE,leukocytes,"MYB IP - Jurkat, Rep 3, MYB IP - MOLT3, MYB IP - Jurkat, Rep 5, MYB IP - Jurkat, Rep 4, MYB IP - Jurkat, Rep 1, MYB IP - Jurkat, Rep 2",,,
FOXM1,PIKFYVE,mammarygland,"FOXM1 IP | THSP - DS006, FOXM1 IP - DS007, FOXM1 IP | THSP - DS008, FOXM1 IP - DS005",,,
CEBPB,PIKFYVE,lung,"CEBPB IP - A549 cells, CEBPB ChIP-Seq - IMR90",,,
MYC,PIKFYVE,leukocytes,"MYC IP | IFNA1 - K562 cells, 6 h, MYC IP | IFNG - K562 cells, 6 h, MYC IP | IFNG - K562 cells, 30 min, MYC IP - K562 cells, Rep 1, MYC IP - K562 cells, Rep 2, MYC IP | IFNA1 - K562 cells, 30 min, MYC IP - NB4 cells",,,
BACH1,PIKFYVE,stemcells,BACH1 IP - H1 cells,,,
USF2,PIKFYVE,leukocytes,USF2 IP - GM12878 cells,,,
REST,PIKFYVE,stemcells,"REST IP - H1 cells, Rep 1",,,
SPI1,PIKFYVE,leukocytes,"SPI1 IP, SPI1 IP - GM12878 cells, Rep 2 , SPI1 IP - HL cells, SPI1 IP, SPI1 IP, SPI1 IP, SPI1 IP | RUNX1 KD, SPI1 IP, ROSI | SPI1 ChIP-Seq, SPI1 IP - GM12878 cells, Rep 1 , SPI1 IP - GM12878 cells, Rep 3 , SPI1 IP - U-937 cells, Rep 1 , SPI1 IP, SPI1 IP, SPI1 IP - GM12878 cells, Rep 4 , SPI1 IP - K562 cells, SPI1 IP - HL-60 cells, Rep 4 , SPI1 IP, SPI1 IP, SPI1 IP - GM12891 cells, SPI1 IP, SPI1 IP, SPI1 IP - GM12878 cells",,,
JUN,PIKFYVE,mammarygland,"JUN IP - Rep 1, JUN IP - Rep 2",,,
ETS1,PIKFYVE,leukocytes,"ETS1 IP, ETS1 IP - GM12878 cells, ETS1 IP - K562 cells",,,
YY1,PIKFYVE,leukocytes,"YY1 IP - K562 cells, Rep 2, YY1 IP - GM12891 cells, YY1 IP - GM12878 cells, YY1 IP - K562 cells, Rep 1, YY1 IP - GM12892 cells, Rep 1",,,
MAFK,PIKFYVE,leukocytes,"MAFK IP - K562 cells, MAFK IP - GM12878 cells",,,
CEBPB,PIKFYVE,leukocytes,"CEBPB IP - K562 cells, CEBPB IP",,,
JUND,PIKFYVE,liver,JUND IP - HepG2 cells,,,
FOSL2,PIKFYVE,mammarygland,FOSL2 IP - MCF7 cells,,,
USF2,PIKFYVE,liver,USF2 IP - HepG2 cells,,,
FOXA1,PIKFYVE,mammarygland,"DEX | FOXA1 ChIP-Seq - Rep 2, FOXA1 ChIP-Seq - Rep 1, FOXA1 ChIP-Seq - Rep 2, FOXA1 IP - T47D cells, 17BE2 | FOXA1 ChIP-Seq - Rep 1, FOXA1 ChIP-Seq - Rep 2, FOXA1 ChIP-Seq - Rep 1, DEX | FOXA1 ChIP-Seq - Rep 1, FOXA1 ChIP-Seq - Rep 1, 17BE2 | FOXA1 ChIP-Seq - Rep 1, DEX | FOXA1 ChIP-Seq - Rep 2, 17BE2 | FOXA1 ChIP-Seq - Rep 2, 17BE2 | FOXA1 ChIP-Seq, FOXA1 ChIP-Seq - Rep 2, 17BE2 | FOXA1 ChIP-Seq - Rep 2, FOXA1 ChIP-Seq - Rep 2, 17BE2 | FOXA1 ChIP-Seq - Rep 1, DEX | FOXA1 ChIP-Seq - Rep 1, DEX | FOXA1 ChIP-Seq - Rep 2, DHT | FOXA1 ChIP-Seq, DEX | FOXA1 ChIP-Seq - Rep 1, 17BE2 | FOXA1 ChIP-Seq - Rep 2",,,
DEX,PIKFYVE,mammarygland,"DEX | FOXA1 ChIP-Seq - Rep 2, DEX | FOXA1 ChIP-Seq - Rep 1, DEX | FOXA1 ChIP-Seq - Rep 2, DEX | FOXA1 ChIP-Seq - Rep 1, DEX | FOXA1 ChIP-Seq - Rep 2, DEX | FOXA1 ChIP-Seq - Rep 1",,,
FOXA2,PIKFYVE,stemcells,"FOXA2 IP - ES D7, FOXA2 IP - ES D2, FOXA2 IP - ES D10, FOXA2 IP - ES D5",,,
REST,PIKFYVE,cns,"REST IP - U87 cells, REST IP - PFSK-N-SH cells1 cells, Rep 1, REST IP - SK cells, REST IP - SK-N-SH cells, REST IP - PFSK1 cells, Rep 2",,,
USF1,PIKFYVE,uterus,USF1 IP - ECC1 cells,,,
DHT,PIKFYVE,prostate,"DHT | FOXA1 ChIP-Seq, DHT | FOXA1 ChIP-Seq, DHT | ERG ChIP-Seq - 18 h, DHT | ERG ChIP-Seq - 2 h, DHT | FOXA1 ChIP-Seq",,,
BCL3,PIKFYVE,leukocytes,BCL3 IP - GM12878 cells,,,
CTCF,PIKFYVE,placenta,"CTCF IP - HVMF cells, Rep 2 , CTCF IP - HVMF cells, Rep 1 ",,,
CREB1,PIKFYVE,lung,"CREB1 IP | DEX - A549 cells, CREB1 IP - A549 cells, Rep 2, CREB1 IP - A549 cells, Rep 1",,,
DEX,PIKFYVE,lung,"CREB1 IP | DEX - A549 cells, USF1 IP | DEX - A549 cells, CTCF IP | DEX - A549 cells ",,,
BCL11A,PIKFYVE,leukocytes,BCL11A IP - GM12878 cells,,,
MYC,PIKFYVE,mammarygland,"MYC IP, DHT | MYC ChIP-Seq, MYC IP | 4HT - MCF10A cells, MYC IP - MCF-10A cells",,,
JUN,PIKFYVE,vasculature,JUN IP,,,
HMGN3,PIKFYVE,leukocytes,HMGN3 IP - K562 cells,,,
BHLHE40,PIKFYVE,leukocytes,"BHLHE40 IP - K562 cells, BHLHE40 IP - GM12878 cells",,,
YY1,PIKFYVE,cns,"YY1 IP - SK-N-SH cells, YY1 IP | ATRA - SK-N-SH cells",,,
FLI1,PIKFYVE,hspcs,FLI1 IP,,,
CTCF,PIKFYVE,mammarygland,"CTCF IP - MCF-7 cells Rep 2 , CTCF IP - HMF cells, Rep 2 , CTCF IP - MCF-7 cells, Rep 1 , CTCF IP - MCF7 cells",,,
SP1,PIKFYVE,leukocytes,"SP1 IP - GM12878 cells, SP1 IP - K562 cells",,,
GATA2,PIKFYVE,prostate,"GATA2 KD + R1881 | FOXA1 ChIP-Seq, CON KD  | GATA2 ChIP-Seq, FOXA1 KD | GATA2 ChIP-Seq, GATA2 ChIP-Seq - Rep 2, GATA2 ChIP-Seq - Rep 1, GATA2 ChIP-Seq, GATA2 KD  | FOXA1 ChIP-Seq, CON KD + R1881 | GATA2 ChIP-Seq",,,
TBP,PIKFYVE,leukocytes,"TBP IP - GM12878 cells, TBP IP - K562 cells",,,
HOXA4,PIKFYVE,colon,HOXA4 IP ,,,
REST,PIKFYVE,lung,REST IP - A549 cells,,,
USF1,PIKFYVE,colon,USF1 IP - HCT116 cells,,,
CREB1,PIKFYVE,liver,"CREB1 IP - HepG2 cells, CREB1 IP, CREB1 IP, CREB1 IP",,,
FOXA1,PIKFYVE,liver,"FOXA1 IP - HepG2 cells, Rep 2, FOXA1 IP - HepG2 cells, Rep 1",,,
CTCF,PIKFYVE,vasculature,"CTCF IP - HUVEC cells , CTCF IP - HBMEC cells, Rep 1 , CTCF IP - HPAF cells, Rep 2 ",,,
USF1,PIKFYVE,lung,"USF1 IP | DEX - A549 cells, USF1 IP - A549 cells, Rep 2, USF1 IP - A549 cells, Rep 1",,,
IRF4,PIKFYVE,leukocytes,"IRF4 IP - GM12878 cells, IRF4 IP",,,
CTCF,PIKFYVE,lung,"CTCF IP - HPF cells, Rep 1 , CTCF IP - IMR cells, CTCF ChIP-Seq - A549, CTCF IP - A549 cells, Rep 2 , CTCF IP | DEX - A549 cells , CTCF IP - A549 cells ",,,
MAX,PIKFYVE,cns,MAX IP - SK-N-SH cells,,,
ELF3,PIKFYVE,pancreas,"ELF3 IP | KLF5 KO, ELF3 IP, ELF3 IP",,,
KLF5,PIKFYVE,pancreas,"ELF3 IP | KLF5 KO, FOXA1 IP | KLF5 KO",,,
FOXM1,PIKFYVE,leukocytes,FOXM1 IP - GM12878 cells,,,
IRF1,PIKFYVE,colon,IRF1 IP ,,,
ATF2,PIKFYVE,leukocytes,ATF2 IP - GM12878 cells,,,
MAFK,PIKFYVE,uterus,MAFK IP - HeLa cells,,,
USF1,PIKFYVE,cns,"USF1 IP - SK-N-SH cells, USF1 IP | ATRA - SK-N-SH cells",,,
17BE2,PIKFYVE,mammarygland,"17BE2 | FOXA1 ChIP-Seq - Rep 1, 17BE2 | FOXA1 ChIP-Seq - Rep 1, 17BE2 | FOXA1 ChIP-Seq - Rep 2, 17BE2 | FOXA1 ChIP-Seq, 17BE2 | FOXA1 ChIP-Seq - Rep 2, 17BE2 | FOXA1 ChIP-Seq - Rep 1, 17BE2 | FOXA1 ChIP-Seq - Rep 2",,,
MXI1,PIKFYVE,cns,MXI1 IP - SK-N-SH cells ,,,
STAT3,PIKFYVE,mammarygland,"STAT3 IP - MCF10A cells, Rep 1, STAT3 IP | 4HT - MCF10 cells, 12 h, STAT3 IP | 4HT - MCF10 cells, 36 h, STAT3 IP - MCF10A cells, Rep 2",,,
ERG,PIKFYVE,prostate,"JQI | ERG ChIP-Seq - Rep 1, ERG ChIP-Seq, ERG IP | R1881, DMSO | ERG ChIP-Seq - Rep 2, ERG ChIP-Seq, DHT | ERG ChIP-Seq - 18 h, DHT | ERG ChIP-Seq - 2 h, JQI | ERG ChIP-Seq - Rep 2, DMSO | ERG ChIP-Seq - Rep 1",,,
JQ1,PIKFYVE,prostate,"JQI | ERG ChIP-Seq - Rep 1, JQI | ERG ChIP-Seq - Rep 2",,,
REST,PIKFYVE,pancreas,"REST IP - Panc1 cells, Rep 3, REST IP - PANC1 cells, Rep 2",,,
STAT3,PIKFYVE,leukocytes,"STAT3 IP - OCI-LY10, STAT3 IP - OCI-LY19, STAT3 IP - U-2932, STAT3 IP - SU-DHL-4, STAT3 IP - OCI-LY3, STAT3 IP - SU-DHL-6, STAT3 IP - SU-DHL-2, STAT3 IP - OCI-LY7",,,
EBF1,PIKFYVE,leukocytes,"EBF1 IP - GM12878 cells, EBF1 IP - GM12878 cells",,,
ERG,PIKFYVE,leukocytes,ERG IP - Rep 1,,,
CTCF,PIKFYVE,uterus,CTCF IP - HeLa cells ,,,
GMEB2,PIKFYVE,colon,GMEB2 IP ,,,
RELA,PIKFYVE,adiposetissue,"RELA IP, RELA IP, RELA IP",,,
TP53,PIKFYVE,lung,"TP53 IP - senescent, Rep 2, TP53 IP - propapoptic, Rep 1",,,
E2F1,PIKFYVE,uterus,"E2F1 IP - HeLa cells, Rep 2",,,
TCF12,PIKFYVE,stemcells,TCF12 IP - H1 cells,,,
RUNX1,PIKFYVE,leukocytes,"RUNX1 IP - N terminus 1, RUNX1 IP, SPI1 IP | RUNX1 KD, RUNX1 IP - Rep 1, RUNX1 IP - Rep 1, RUNX1 IP, RUNX1 IP - Rep 2, RUNX1 IP - Rep 2",,,
FOXH1,PIKFYVE,embryonictissue,FOXH1 IP - endoderm,,,
IFNG,PIKFYVE,leukocytes,"MYC IP | IFNG - K562 cells, 6 h, STAT1 IP | IFNG - K562 cells, 30 min, STAT1 IP - Rep 5, MYC IP | IFNG - K562 cells, 30 min, IRF1 IP - Rep 3, STAT1 IP - Rep 1, IRF1 IP | IFNG - K562 cells, 6 h, STAT1 IP - Rep 4, STAT1 IP - Rep 3, STAT1 IP - Rep 6, STAT1 IP - Rep 2, STAT1 IP | IFNG - K562 cells, 6 h",,,
KLF5,PIKFYVE,stomach,KLF5 IP - KATOIII,,,
GATA1,PIKFYVE,hspcs,"GATA1 IP - PBDE cells, Rep 1",,,
GABPA,PIKFYVE,lung,GABPA IP - A549 cells,,,
ATF2,PIKFYVE,stemcells,ATF2 IP - H1 cells,,,
SRF,PIKFYVE,colon,SRF IP - HCT116 cells,,,
CREB1,PIKFYVE,uterus,CREB1 IP - ECC1 cells,,,
GATA3,PIKFYVE,mammarygland,"GATA3 IP - T47D cells, GATA3 IP - MCF-7 cells, GATA3 IP - MCF7 cells","24758297,",,
MXI1,PIKFYVE,lung,MXI1 IP - IMR cells,,,
KLF11,PIKFYVE,adiposetissue,"KLF11 ChIP-Seq, Rep 2, ROSI (BrAT) | KLF11 ChIP-Seq, Rep 1, KLF11 ChIP-Seq, Rep 1, ROSI (BrAT) | KLF11 ChIP-Seq, Rep 2",,,
MAZ,PIKFYVE,liver,MAZ IP - HepG2 cells,,,
MAX,PIKFYVE,colon,MAX IP - HCT116 cells,,,
ZNF280D,PIKFYVE,colon,ZNF280D IP ,,,
RELB,PIKFYVE,leukocytes,RELB IP - Rep 1,,,
CTCF,PIKFYVE,liver,"CTCF IP - HepG2 cells , CTCF IP - HepG2 cells, Rep 1 , CTCF IP - HepG2 cells, Rep 2 , CTCF IP, CTCF IP - SK-N-SH cells",,,
CTCF,PIKFYVE,kidney,"CTCF IP - HEK293 cells, Rep 1 , CTCF IP - RPTEC cells, Rep 1 , CTCF IP - RPTEC cells, Rep 2 , CTCF IP - HRE cells, Rep 1 ",,,
USF1,PIKFYVE,leukocytes,"USF1 IP - GM12878 cells, USF1 IP - K562 cells",,,
CTCF,PIKFYVE,bone,CTCF IP - Osteoblasts ,,,
CREB1,PIKFYVE,leukocytes,"CREB1 IP - GM12878 cells, CREB1 IP - K562 cells",,,
ATRA,PIKFYVE,cns,"YY1 IP | ATRA - SK-N-SH cells, USF1 IP | ATRA - SK-N-SH cells",,,
CTCF,PIKFYVE,colon,"CTCF IP - HCT116 cells, Rep 1 , CTCF IP - HCT116 cells, CTCF IP - Caco ",,,
FOS,PIKFYVE,mammarygland,"FOS IP | 4HT - MCF10A cells, 12 h",,,
4HT,PIKFYVE,mammarygland,"FOS IP | 4HT - MCF10A cells, 12 h, STAT3 IP | 4HT - MCF10 cells, 12 h, E2F4 IP | 4HT - MCF10 cells, MYC IP | 4HT - MCF10A cells, STAT3 IP | 4HT - MCF10 cells, 36 h",,,
EGR1,PIKFYVE,leukocytes,EGR1 IP - K562 cells,,,
GATA6,PIKFYVE,stomach,"GATA6 IP - YCC3, GATA6 IP - AGS",,,
TCF7L2,PIKFYVE,mammarygland,"DHT | TCF7L2 ChIP-Seq, TCF7L2 ChIP-Seq",,,
DHT,PIKFYVE,mammarygland,"DHT | TCF7L2 ChIP-Seq, DHT | MYC ChIP-Seq, DHT | FOXA1 ChIP-Seq",,,
ELF1,PIKFYVE,colon,ELF1 IP - HCT116 cells,,,
ZBTB7A,PIKFYVE,liver,ZBTB7A IP - HepG2 cells,,,
GATA2,PIKFYVE,hspcs,"GATA2 IP, GATA2 IP",,,
TBP,PIKFYVE,liver,TBP IP - HepG2 cells,,,
SOX9,PIKFYVE,colon,SOX9 IP ,,,
CTCF,PIKFYVE,cns,"CTCF IP - SK-N-SH cells , CTCF IP - SK cells, CTCF IP - BE(2)-C cells, Rep 1 , CTCF IP - HCPEpiC cells, Rep 2 , CTCF IP - HCPEpiC cells, Rep 1 ",,,
ELF1,PIKFYVE,lung,ELF1 IP - A549 cells,,,
SIX5,PIKFYVE,lung,SIX5 IP | DEX - A549 cells,,,
JUND,PIKFYVE,leukocytes,JUND IP - K562 cells,,,
JUND,PIKFYVE,vasculature,JUND IP,,,
NANOG,PIKFYVE,stemcells,NANOG IP - H1 cells,,,
HIF1A,PIKFYVE,bone,HIF1A IP,,,
E2F4,PIKFYVE,mammarygland,E2F4 IP | 4HT - MCF10 cells,,,
UBTF,PIKFYVE,leukocytes,"UBTF IP - K562 cells, UBTF IP - K562 cells",,,
FOXA2,PIKFYVE,embryonictissue,FOXA2 IP - Rep 2,,,
ATF3,PIKFYVE,colon,"ATF3 IP - HCT116 cells, ATF3 IP | CAMPTO",,,
CTCF,PIKFYVE,heart,"CTCF IP - HCF cells , CTCF IP - myocytes cells, Rep 1 ",,,
JUND,PIKFYVE,uterus,JUND IP - HeLa cells,,,
ZNF84,PIKFYVE,colon,ZNF84 IP ,,,
PBX3,PIKFYVE,cns,PBX3 IP - SK-N-SH cells,,,
MAX,PIKFYVE,uterus,"MAX IP - ECC1 cells, MAX IP - HeLa cells, Rep 2, MAX IP - HeLa cells, Rep 1",,,
PDX1,PIKFYVE,pancreas,PDX1 IP,,,
MYC,PIKFYVE,lung,MYC IP - A549 cells,,,
JUN,PIKFYVE,leukocytes,"JUN IP - K562 cells, Rep 2, JUN IP | IFNA1-13 - 30 min ",,,
STAT5B,PIKFYVE,leukocytes,"STAT5B IP | H9, Rep 2, STAT5B IP | IL2 - Rep 2",,,
H9,PIKFYVE,leukocytes,"STAT5B IP | H9, Rep 2",,,
JUND,PIKFYVE,cns,"JUND IP - SK-N-SH cells, JUND IP - SK-N-SH cells ",,,
PIAS1,PIKFYVE,prostate,"PIAS1 + R1881 | FOXA1 ChIP-Seq - Rep 2, PIAS1 + R1881 | FOXA1 ChIP-Seq - Rep 1",,,
TFAP4,PIKFYVE,leukocytes,"TFAP4 IP - Rep 2, TFAP4 IP - Rep 1",,,
MAX,PIKFYVE,liver,"MAX IP - HepG2 cells, MAX IP - MCF7 cells, MAX IP - HepG2 cells",,,
FOXA1,PIKFYVE,pancreas,FOXA1 IP | KLF5 KO,,,
ROSI,PIKFYVE,leukocytes,ROSI | SPI1 ChIP-Seq,,,
BAY082,PIKFYVE,leukocytes,"RELA IP | BAY082  - IVD Th1 cells, PIA",,,
SP1,PIKFYVE,colon,SP1 IP - HCT116 cells,,,
FOXM1,PIKFYVE,cns,FOXM1 IP - SK-N-SH cells,,,
TCF12,PIKFYVE,lung,TCF12 IP - A549 cells,,,
SRF,PIKFYVE,uterus,SRF IP - ECC1 cells,,,
MAFF,PIKFYVE,liver,MAFF IP - HepG2 cells,,,
MYBL2,PIKFYVE,liver,MYBL2 IP - HepG2 cells,,,
CEBPB,PIKFYVE,liver,CEBPB IP | FORSK - HepG2 cells,,,
FORSK,PIKFYVE,liver,CEBPB IP | FORSK - HepG2 cells,,,
POU2F2,PIKFYVE,leukocytes,"POU2F2 IP - GM12878 cells, POU2F2 IP - Rep 2, POU2F2 IP | POU2F2 Mut OE",,,
MAFK,PIKFYVE,liver,"MAFK IP - HepG2 cells, Rep 2, MAFK IP - HepG2 cells, Rep 1",,,
USF2,PIKFYVE,uterus,USF2 IP - HeLa cells,,,
STAT5A,PIKFYVE,leukocytes,"STAT5A IP - GM12878 cells, STAT5A IP - K562 cells",,,
HNF1B,PIKFYVE,pancreas,HNF1B IP,,,
SP1,PIKFYVE,liver,SP1 IP - HepG2 cells,,,
GATA3,PIKFYVE,cns,"GATA3 IP - SHSY5Y cells, GATA3 IP - SK-N-SH cells",,,
ETV5,PIKFYVE,colon,ETV5 IP ,,,
SRF,PIKFYVE,leukocytes,"SRF IP - K562 cells, SRF IP - SK-N-SH cells, SRF IP - GM12878 cells, Rep 2",,,
PBX3,PIKFYVE,lung,PBX3 IP - A549 cells,,,
ARID3A,PIKFYVE,liver,ARID3A IP - HepG2 cells,,,
ZBTB7A,PIKFYVE,uterus,ZBTB7A IP - ECC1 cells,,,
MAX,PIKFYVE,vasculature,MAX IP - HUVEC cells,,,
TEAD4,PIKFYVE,uterus,TEAD4 IP - ECC1 cells,,,
TAL1,PIKFYVE,leukocytes,TAL1 IP - MOLT3,,,
EGR1,PIKFYVE,colon,EGR1 IP - HCT116 cells,,,
E2F6,PIKFYVE,leukocytes,"E2F6 IP - K562 cells, E2F6 IP - K562 cells",,,
FOXA2,PIKFYVE,liver,FOXA2 IP - HepG2 cells,,,
HOXA6,PIKFYVE,colon,HOXA6 IP ,,,
RUNX1,PIKFYVE,hspcs,"RUNX1 IP, RUNX1",,,
MYC,PIKFYVE,bone,"MYC IP, MYC IP",,,
CREB1,PIKFYVE,colon,CREB1 IP ,,,
TCF12,PIKFYVE,leukocytes,TCF12 IP - GM12878 cells,,,
JUND,PIKFYVE,colon,JUND IP - HCT116 cells,,,
ZBTB17,PIKFYVE,bone,"ZBTB17 IP, ZBTB17 IP",,,
ZNF143,PIKFYVE,leukocytes,"ZNF143 IP - GM12878 cells, ZNF143 IP - K562 cells",,,
BHLHE40,PIKFYVE,lung,BHLHE40 IP - A549 cells,,,
E2F6,PIKFYVE,stemcells,E2F6 IP - H1 cells,,,
TCF7L2,PIKFYVE,uterus,TCF7L2 IP - HeLa cells,,,
CUX1,PIKFYVE,leukocytes,"CUX1 IP - K562 cells, CUX1 IP - GM12878 cells",,,
AR,PIKFYVE,prostate,"WT AR OE + FOXA1 OE | FOXA1 ChIP-Seq - high FOXA1, WT AR OE + FOXA1 OE | FOXA1 ChIP-Seq",,,
SRF,PIKFYVE,liver,SRF IP - HepG2 cells,,,
YY1,PIKFYVE,lung,YY1 IP - A549 cells,,,
FOXP2,PIKFYVE,cns,"FOXP2 IP - SK cells, FOXP2 IP - PFSK-1 cells",,,
ZNF143,PIKFYVE,stemcells,ZNF143 IP - H1 cells,,,
THAP1,PIKFYVE,leukocytes,THAP1 IP - K562 cells,,,
GATA1,PIKFYVE,leukocytes,"GATA1 ChIP-Seq - SC266, GATA1 ChIP-Seq - K562",,,
PAX5,PIKFYVE,leukocytes,"PAX5 IP - GM12878 cells, Rep 1, PAX5 IP - GM12891 cells, PAX5 IP - GM12878 cells, Rep 2, PAX5 IP - GM12892 cells",,,
ATF3,PIKFYVE,lung,ATF3 IP - A549 cells,,,
BARX1,PIKFYVE,colon,BARX1 IP - Rep 1 ,,,
GABPA,PIKFYVE,stemcells,GABPA IP - H1 cells,,,
TBP,PIKFYVE,uterus,TBP IP - HeLa cells,,,
GATA2,PIKFYVE,leukocytes,"GATA2 IP - K562 cells, GATA2 IP - K562 cells",,,
FOXA2,PIKFYVE,lung,FOXA2 IP - A549 cells,,,
FOXP1,PIKFYVE,colon,FOXP1 IP ,,,
FOS,PIKFYVE,vasculature,FOS IP - HUVEC cells,,,
BCL3,PIKFYVE,lung,BCL3 IP - A549 cells,,,
ZEB1,PIKFYVE,liver,ZEB1 IP - HepG2 cells,,,
SMAD1,PIKFYVE,hspcs,SMAD1 IP - Rep 3,,,
CTCF,PIKFYVE,skin,CTCF IP - NHEK cells ,,,
NFYB,PIKFYVE,leukocytes,NFYB IP - GM12878 cells,,,
GLI2,PIKFYVE,colon,GLI2 IP ,,,
REST,PIKFYVE,leukocytes,"REST IP - HL60 cells, REST IP - K562 cells",,,
GATA2,PIKFYVE,vasculature,GATA2 IP - HUVEC cells,,,
ETS1,PIKFYVE,lung,ETS1 IP - A549 cells,,,
ATF1,PIKFYVE,leukocytes,ATF1 IP - K562 cells,,,
SP1,PIKFYVE,stemcells,"SP1 IP - Rep 1 , SP1 IP - H1 cells",,,
ZBTB7A,PIKFYVE,leukocytes,ZBTB7A IP - SK-N-SH cells,,,
TCF12,PIKFYVE,liver,"TCF12 IP - MCF7 cells, TCF12 IP - HepG2 cells",,,
FOSL2,PIKFYVE,cns,FOSL2 IP - SK-N-SH cells,,,
ZNF263,PIKFYVE,kidney,ZNF263 IP - HEK293 cells,,,
ROSI,PIKFYVE,adiposetissue,"ROSI (BrAT) | KLF11 ChIP-Seq, Rep 1, ROSI (BrAT) | KLF11 ChIP-Seq, Rep 2",,,
ELF1,PIKFYVE,cns,ELF1 IP - SK-N-SH cells,,,
USF2,PIKFYVE,stemcells,USF2 IP - H1 cells,,,
MXI1,PIKFYVE,liver,MXI1 IP - HepG2 cells,,,
ELK1,PIKFYVE,uterus,ELK1 IP - HeLa cells,,,
TP63,PIKFYVE,skin,TP63 IP,,,
TAL1,PIKFYVE,colon,TAL1 IP ,,,
EGR1,PIKFYVE,liver,EGR1 IP - MCF7 cells,,,
NFYC,PIKFYVE,colon,NFYC IP ,,,
MAX,PIKFYVE,stemcells,"MAX IP - H1 cells, MAX IP - H1 cells",,,
TEAD4,PIKFYVE,colon,TEAD4 IP - HCT116 cells,,,
PBX3,PIKFYVE,leukocytes,PBX3 IP - GM12878 cells,,,
TBP,PIKFYVE,stemcells,TBP IP - H1 cells,,,
MTA3,PIKFYVE,leukocytes,MTA3 IP - GM12878 cells,,,
ZEB1,PIKFYVE,leukocytes,ZEB1 IP - GM12878 cells,,,
ELF1,PIKFYVE,liver,ELF1 IP - HepG2 cells,,,
TEAD4,PIKFYVE,cns,TEAD4 IP - SK-N-SH cells,,,
TEAD4,PIKFYVE,leukocytes,TEAD4 IP - K562 cells,,,
CEBPB,PIKFYVE,colon,CEBPB IP - HCT116 cells,,,
MYC,PIKFYVE,uterus,MYC IP - HeLa cells,,,
ELK1,PIKFYVE,leukocytes,ELK1 IP - GM12878 cells,,,
CTCF,PIKFYVE,sensory,"CTCF IP - HRPEpiC cells, Rep 1 , CTCF IP - WERI-Rb-1- cells, Rep 1 ",,,
TCF7L2,PIKFYVE,pancreas,TCF7L2 IP,,,
MAX,PIKFYVE,lung,"MAX IP - A549 cells, MAX IP - A549 cells",,,
CREB1,PIKFYVE,stemcells,CREB1 IP - H1 cells,,,
NFKB1,PIKFYVE,leukocytes,NFKB1 IP - Rep 2,,,
MEF2A,PIKFYVE,leukocytes,MEF2A IP - GM12878 cells,,,
JUND,PIKFYVE,stemcells,JUND IP - H1 cells,,,
TEAD4,PIKFYVE,liver,TEAD4 IP - HepG2 cells,,,
OTX2,PIKFYVE,stemcells,OTX2 IP - Rep 10 ,,,
JUND,PIKFYVE,lung,JUND IP - A549 cells,,,
MXI1,PIKFYVE,uterus,MXI1 IP - HeLa cells,,,
HEY1,PIKFYVE,leukocytes,HEY1 IP - K562 cells,,,
TEAD4,PIKFYVE,stemcells,TEAD4 IP - H1 cells,,,
RELA,PIKFYVE,colon,RELA IP ,,,
ELF1,PIKFYVE,leukocytes,"ELF1 IP - SK-N-SH cells, ELF1 IP - SK-N-SH cells",,,
GTF2F1,PIKFYVE,uterus,GTF2F1 IP - HeLa cells,,,
ZNF83,PIKFYVE,colon,ZNF83 IP ,,,
HEY1,PIKFYVE,liver,HEY1 IP - HepG2 cells,,,
GATA3,PIKFYVE,leukocytes,GATA3 IP,,,
YY1,PIKFYVE,stemcells,YY1 IP - H1 cells,,,
MAZ,PIKFYVE,lung,MAZ IP - IMR cells,,,
USF1,PIKFYVE,stemcells,USF1 IP - H1 cells,,,
CEBPA,PIKFYVE,leukocytes,CEBPA IP,,,
YY1,PIKFYVE,liver,YY1 IP - HepG2 cells,,,
REST,PIKFYVE,liver,"REST IP - HepG2 cells, Rep 2, REST IP - HepG2 cells, Rep 1",,,
FOSL1,PIKFYVE,colon,FOSL1 IP - HCT116 cells,,,
SIX5,PIKFYVE,leukocytes,SIX5 IP - GM12878 cells,,,
MXI1,PIKFYVE,leukocytes,MXI1 IP - GM12878 cells,,,
FOSL2,PIKFYVE,lung,FOSL2 IP - A549 cells,,,
TEAD4,PIKFYVE,lung,TEAD4 IP - A549 cells,,,
GABPA,PIKFYVE,cns,GABPA IP - SK-N-SH cells,,,
IL2,PIKFYVE,leukocytes,STAT5B IP | IL2 - Rep 2,,,
ATF2,PIKFYVE,colon,ATF2 IP ,,,
MAFK,PIKFYVE,colon,MAFK IP ,,,
E2F6,PIKFYVE,lung,E2F6 IP - A549 cells,,,
ELF1,PIKFYVE,mammarygland,ELF1 IP - MCF7 cells,,,
SRF,PIKFYVE,mammarygland,SRF IP - MCF7 cells,,,
FOSL2,PIKFYVE,liver,FOSL2 IP - HepG2 cells,,,
GTF2B,PIKFYVE,uterus,GTF2B IP - Rep 2,,,
NFKB2,PIKFYVE,leukocytes,NFKB2 IP - Rep 2,,,
STAT3,PIKFYVE,uterus,STAT3 IP - HeLa cells,,,
TCF3,PIKFYVE,leukocytes,TCF3 IP - GM12878 cells,,,
EGR1,PIKFYVE,uterus,EGR1 IP - ECC1 cells,,,
GATA2,PIKFYVE,cns,GATA2 ChIP-Seq SH-SY5Y,,,
E2F8,PIKFYVE,colon,E2F8 IP ,,,
SRF,PIKFYVE,stemcells,SRF IP - H1 cells,,,
NFATC1,PIKFYVE,leukocytes,NFATC1 IP - GM12878 cells,,,
FOXA1,PIKFYVE,lung,FOXA1 IP - A549 cells,,,
SREBF1,PIKFYVE,liver,SREBF1 IP | INS + 22RHC - HepG2 cells,,,
22RHC; INS,PIKFYVE,liver,SREBF1 IP | INS + 22RHC - HepG2 cells,,,
USF1,PIKFYVE,liver,USF1 IP - HepG2 cells,,,
GATA4,PIKFYVE,stomach,GATA4 IP - AGS,,,
TP53,PIKFYVE,leukocytes,TP53 IP - Doxo DNA damage,,,
E2F3,PIKFYVE,colon,E2F3 IP ,,,
SP1,PIKFYVE,lung,SP1 IP - A549 cells,,,
TCF12,PIKFYVE,cns,TCF12 IP - SK-N-SH cells,,,
MYC,PIKFYVE,liver,MYC IP,,,
IRF1,PIKFYVE,pancreas,IRF1 IP,,,
TCF12,PIKFYVE,uterus,TCF12 IP - ECC1 cells,,,
RUNX1T1,PIKFYVE,leukocytes,RUNX1T1 IP,,,
MAFK,PIKFYVE,stemcells,MAFK IP - H1 cells,,,
CTCF,PIP4K2A,leukocytes,"CTCF IP - GM2630 cells, Rep 3 , CTCF IP - GM12892 cells, Rep 2 , CTCF IP - GM19240 cells, Rep 1 , CTCF IP - MS1 cells, Rep 2 , CTCF IP - GM18486 cells, Rep 3 , CTCF IP - GM12891 cells, Rep 2 , CTCF IP - GM19239 cells, Rep 1 , CTCF IP - GM12890 cells, Rep 1 , CTCF IP - GM19238 cells, Rep 1 , CTCF IP - GM19240 cells, Rep 2 , CTCF IP - GM2255 cells, Rep 2 , CTCF IP - GM2610 cells, Rep 2 , CTCF IP",,,
CREB1,PIP4K2A,liver,"CREB1 IP, CREB1 IP, CREB1 IP - HepG2 cells",,,
E2F1,PIP4K2A,prostate,"BICALU | E2F1 ChIP-Seq - Rep 1, E2F1 ChIP-Seq - Rep 2, E2F1 ChIP-Seq - Rep 3, HES6 OE | E2F1 ChIP-Seq - Rep 1, E2F1 ChIP-Seq - Rep 4, HES6 OE + BICALU | E2F1 ChIP-Seq - Rep 1, BICALU + HES6OE | E2F1 ChIP-Seq - Rep 4, HES6 OE | E2F1 ChIP-Seq - Rep 2, BICALU | E2F1 ChIP-Seq - Rep 3, E2F1 ChIP-Seq - Rep 1, HES6 OE | E2F1 ChIP-Seq - Rep 3, HES6 OE + BICALU | E2F1 ChIP-Seq - Rep 3",,,
BICALU,PIP4K2A,prostate,"BICALU | E2F1 ChIP-Seq - Rep 1, HES6 OE + BICALU | E2F1 ChIP-Seq - Rep 1, BICALU + HES6OE | E2F1 ChIP-Seq - Rep 4, BICALU | E2F1 ChIP-Seq - Rep 3, HES6 OE + BICALU | E2F1 ChIP-Seq - Rep 3",,,
FOXA2,PIP4K2A,stemcells,"FOXA2 IP - ES D2, FOXA2 IP - ES D10, FOXA2 IP - ES D5, FOXA2 IP - ES D7",,,
FOXA1,PIP4K2A,mammarygland,"FOXA1 ChIP-Seq - Rep 2, DEX | FOXA1 ChIP-Seq - Rep 2, FOXA1 IP - T47D cells, FOXA1 ChIP-Seq - Rep 2, 17BE2 | FOXA1 ChIP-Seq - Rep 2, FOXA1 ChIP-Seq - Rep 1, DEX | FOXA1 ChIP-Seq - Rep 1, 17BE2 | FOXA1 ChIP-Seq - Rep 1, FOXA1 ChIP-Seq - Rep 1, 17BE2 | FOXA1 ChIP-Seq - Rep 2, 17BE2 | FOXA1 ChIP-Seq - Rep 1, 17BE2 | FOXA1 ChIP-Seq, DHT | FOXA1 ChIP-Seq, DEX | FOXA1 ChIP-Seq - Rep 1, DEX | FOXA1 ChIP-Seq - Rep 2",,,
GATA4,PIP4K2A,stemcells,GATA4 IP - Rep 9 ,,,
ZNF384,PIP4K2A,leukocytes,ZNF384 IP - GM12878 cells,,,
STAT1,PIP4K2A,leukocytes,"STAT1 IP - Rep 3, STAT1 IP - Rep 1, STAT1 IP - Rep 4, STAT1 IP - Rep 2, STAT1 IP | IFNG - K562 cells, 30 min, STAT1 IP - Rep 5",,,
IFNG,PIP4K2A,leukocytes,"STAT1 IP - Rep 3, IRF1 IP | IFNG - K562 cells, 6 h, STAT1 IP - Rep 1, STAT1 IP - Rep 4, MYC IP | IFNG - K562 cells, 30 min, STAT1 IP - Rep 2, IRF1 IP - Rep 3, STAT1 IP | IFNG - K562 cells, 30 min, STAT1 IP - Rep 5",,,
EBF1,PIP4K2A,leukocytes,"EBF1 IP - GM12878 cells, EBF1 IP - GM12878 cells",,,
USF2,PIP4K2A,leukocytes,USF2 IP - GM12878 cells,,,
SPI1,PIP4K2A,leukocytes,"SPI1 IP | RUNX1 KD, SPI1 IP - HL cells, SPI1 IP, SPI1 IP, SPI1 IP, SPI1 IP - U-937 cells, Rep 6 , SPI1 IP - U-937 cells, Rep 2 , SPI1 IP - GM12891 cells, ROSI | SPI1 ChIP-Seq, SPI1 IP - HL-60 cells, Rep 4 , SPI1 IP, SPI1 IP - GM12878 cells, Rep 1 , SPI1 IP - U-937 cells, Rep 1 , SPI1 IP - GM12878 cells, Rep 3 , SPI1 IP, SPI1 IP - GM12878 cells, SPI1 IP, SPI1 IP - GM12878 cells, Rep 5 , SPI1 IP - GM12878 cells, Rep 4 , SPI1 IP - GM12878 cells, Rep 2 , SPI1 IP, SPI1 IP - K562 cells, SPI1 IP - U-937 cells, Rep 5 , SPI1 IP - U-937 cells, Rep 4 , SPI1 IP, SPI1 IP, SPI1 IP, SPI1 IP, SPI1 IP - U-937 cells, Rep 3 ",,,
RUNX1,PIP4K2A,leukocytes,"SPI1 IP | RUNX1 KD, RUNX1 IP - N terminus 1, RUNX1 IP - N terminus 2, RUNX1 IP, RUNX1 IP - Rep 2, RUNX1 IP - Rep 1, RUNX1 IP",,,
CEBPB,PIP4K2A,leukocytes,"CEBPB IP - K562 cells, CEBPB ChIP-Seq - K562, CEBPB IP, CEBPB IP - Rep 203, CEBPB IP | oxLDL  - Rep 206, CEBPB IP, CEBPB IP - GM12878 cells, CEBPB IP | oxLDL  - Rep 208, CEBPB IP| oxLDL  - Rep 207, CEBPB IP - Rep 204, CEBPB IP | oxLDL  - Rep 205",,,
ZBTB7A,PIP4K2A,leukocytes,ZBTB7A IP - SK-N-SH cells,,,
MAZ,PIP4K2A,leukocytes,"MAZ IP - GM12878 cells, MAZ IP - K562 cells",,,
MYC,PIP4K2A,leukocytes,"MYC IP - NB4 cells, MYC IP - K562 cells, Rep 1, MYC IP | IFNG - K562 cells, 30 min",,,
MAX,PIP4K2A,liver,MAX IP - HepG2 cells,,,
GABPA,PIP4K2A,leukocytes,"GABPA IP - GM12878 cells, Rep 3 , GABPA IP - GM12878 cells, Rep 1 , GABPA IP - GM12878 cells, GABPA IP - GM12878 cells, Rep 2 , GABPA IP - GM12878 cells, Rep 5 , GABPA IP - Jurkat, Rep 1, GABPA IP - Jurkat, Rep 2, GABPA IP - GM12878 cells, Rep 4 ",,,
ELF1,PIP4K2A,mammarygland,ELF1 IP - MCF7 cells,,,
CEBPB,PIP4K2A,uterus,CEBPB ChIP-Seq - HeLaS3,,,
GTF2B,PIP4K2A,uterus,"GTF2B IP - Rep 2, GTF2B IP - Rep 3",,,
MEF2A,PIP4K2A,leukocytes,MEF2A IP - GM12878 cells,,,
RELA,PIP4K2A,leukocytes,"RELA IP | TNF - GM19099 cells, RELA IP | TNF - GM15510 cells, RELA IP | BAY082  - IVD Th1 cells, PIA, RELA IP | TNF - GM19193 cells, RELA IP | TNF - GM18505 cells, RELA IP | TNF - GM12891 cells, RELA IP | TNF - GM10847 cells, RELA IP | TNF - GM12878 cells, RELA IP | TNF - GM12892 cells, RELA IP | TNF - GM18951 cells",,,
ATF2,PIP4K2A,leukocytes,ATF2 IP - GM12878 cells,,,
NFATC1,PIP4K2A,leukocytes,NFATC1 IP - GM12878 cells,,,
FOXA1,PIP4K2A,prostate,"PIAS1 + R1881 | FOXA1 ChIP-Seq - Rep 1, FOXA1 siRNA | CREB1 ChIP-Seq - Rep 1, FOXA1 ChIP-Seq - Rep 2, CREB1 siRNA | FOXA1 ChIP-Seq - Rep 1, CON KD + R1881 | FOXA1 ChIP-Seq - Rep 1, FOXA1 ChIP-Seq, WT AR OE + FOXA1 OE | FOXA1 ChIP-Seq - high FOXA1, EtOH | FOXA1 ChIP-Seq - , AR C562S OE + FOXA1 OE | FOXA1 ChIP-Seq, DHT | FOXA1 ChIP-Seq, R1881 | FOXA1 ChIP-Seq - Rep 1, CON KD + R1881 | FOXA1 ChIP-Seq, AR Q640X OE + FOXA1 OE | FOXA1 ChIP-Seq, CREB1 siRNA | FOXA1 ChIP-Seq - Rep 2, R1881 | FOXA1 ChIP-Seq - Rep 2, FOXA1 ChIP-Seq - LNCaP-abl, FOXA1 ChIP-Seq, GATA2 KD  | FOXA1 ChIP-Seq, FOXA1 ChIP-Seq, CON KD + R1881 | FOXA1 ChIP-Seq - Rep 2, GATA2 KD + R1881 | FOXA1 ChIP-Seq, FOXA1 siRNA | CREB1 ChIP-Seq - Rep 2, CON KD  | FOXA1 ChIP-Seq, PIAS1 + R1881 | FOXA1 ChIP-Seq - Rep 2, WT AR OE + FOXA1 OE | FOXA1 ChIP-Seq, FOXA1 ChIP-Seq - Rep 1",,,
R1881,PIP4K2A,prostate,"PIAS1 + R1881 | FOXA1 ChIP-Seq - Rep 1, CON KD + R1881 | FOXA1 ChIP-Seq - Rep 1, R1881 | FOXA1 ChIP-Seq - Rep 1, CON KD + R1881 | FOXA1 ChIP-Seq, R1881 | FOXA1 ChIP-Seq - Rep 2, CON KD + R1881 | FOXA1 ChIP-Seq - Rep 2, GATA2 KD + R1881 | FOXA1 ChIP-Seq, PIAS1 + R1881 | FOXA1 ChIP-Seq - Rep 2",,,
PIAS1,PIP4K2A,prostate,"PIAS1 + R1881 | FOXA1 ChIP-Seq - Rep 1, PIAS1 + R1881 | FOXA1 ChIP-Seq - Rep 2",,,
CREB1,PIP4K2A,prostate,"FOXA1 siRNA | CREB1 ChIP-Seq - Rep 1, CREB1 ChIP-Seq - LNCaP, CREB1 siRNA | FOXA1 ChIP-Seq - Rep 1, CREB1 siRNA | FOXA1 ChIP-Seq - Rep 2, CREB1 ChIP-Seq - Rep 1, CREB1 ChIP-Seq - Rep 2, CREB1 ChIP-Seq - LNCaP-abl, FOXA1 siRNA | CREB1 ChIP-Seq - Rep 2",,,
MAZ,PIP4K2A,uterus,MAZ IP - HeLa cells,,,
PAX5,PIP4K2A,leukocytes,"PAX5 IP - GM12878 cells, Rep 1, PAX5 IP - GM12891 cells, PAX5 IP - GM12878 cells, Rep 2, PAX5 IP - GM12892 cells",,,
SIX2,PIP4K2A,kidney,"SIX2 IP - 17 weeks, Rep 1, SIX2 IP - 17 weeks, Rep 2",,,
MXI1,PIP4K2A,leukocytes,"MXI1 IP - K562 cells, MXI1 IP - GM12878 cells",,,
YY1,PIP4K2A,leukocytes,"YY1 IP - GM12892 cells, Rep 1, YY1 IP - K562 cells, Rep 1, YY1 IP - GM12878 cells, YY1 IP - K562 cells, Rep 2, YY1 IP - GM12891 cells",,,
PBX3,PIP4K2A,cns,PBX3 IP - SK-N-SH cells,,,
GATA3,PIP4K2A,cns,GATA3 IP - SK-N-SH cells,,,
OTX2,PIP4K2A,stemcells,OTX2 IP - Rep 10 ,,,
TEAD4,PIP4K2A,colon,TEAD4 IP - HCT116 cells,,,
STAT3,PIP4K2A,leukocytes,"STAT3 IP - U-2932, STAT3 IP - SU-DHL-6",,,
POU2F2,PIP4K2A,leukocytes,POU2F2 IP - GM12878 cells,,,
TNF,PIP4K2A,leukocytes,"RELA IP | TNF - GM15510 cells, RELA IP | TNF - GM19193 cells, RELA IP | TNF - GM18505 cells, RELA IP | TNF - GM12891 cells, RELA IP | TNF - GM10847 cells, RELA IP | TNF - GM12878 cells, RELA IP | TNF - GM12892 cells, RELA IP | TNF - GM18951 cells",,,
HES6,PIP4K2A,prostate,"HES6 OE | E2F1 ChIP-Seq - Rep 1, HES6 OE + BICALU | E2F1 ChIP-Seq - Rep 1, BICALU + HES6OE | E2F1 ChIP-Seq - Rep 4, HES6 OE | E2F1 ChIP-Seq - Rep 2, HES6 OE | E2F1 ChIP-Seq - Rep 3, HES6 OE + BICALU | E2F1 ChIP-Seq - Rep 3",,,
BAY082,PIP4K2A,leukocytes,"RELA IP | BAY082  - IVD Th1 cells, PIA",,,
MEF2C,PIP4K2A,leukocytes,MEF2C IP - GM12878 cells,,,
GABPA,PIP4K2A,liver,GABPA IP - HepG2 cells,,,
AR,PIP4K2A,prostate,"WT AR OE + FOXA1 OE | FOXA1 ChIP-Seq - high FOXA1, AR C562S OE + FOXA1 OE | FOXA1 ChIP-Seq, AR Q640X OE + FOXA1 OE | FOXA1 ChIP-Seq, WT AR OE + FOXA1 OE | FOXA1 ChIP-Seq",,,
ELF1,PIP4K2A,leukocytes,"ELF1 IP - SK-N-SH cells, ELF1 IP - SK-N-SH cells",,,
ELF1,PIP4K2A,liver,ELF1 IP - HepG2 cells,,,
CEBPB,PIP4K2A,stemcells,"CEBPB IP, CEBPB IP, CEBPB IP, CEBPB IP",,,
FOS,PIP4K2A,vasculature,FOS IP - HUVEC cells,,,
GATA2,PIP4K2A,cns,GATA2 ChIP-Seq SH-SY5Y,,,
IRF1,PIP4K2A,leukocytes,"IRF1 IP | IFNG - K562 cells, 6 h, IRF1 IP - Rep 3",,,
DEX,PIP4K2A,mammarygland,"DEX | FOXA1 ChIP-Seq - Rep 2, DEX | FOXA1 ChIP-Seq - Rep 1, DEX | FOXA1 ChIP-Seq - Rep 1, DEX | FOXA1 ChIP-Seq - Rep 2",,,
CTCF,PIP4K2A,hspcs,"CTCF IP - HSPCs, Rep 1, CTCF IP - Erythroid cells, Rep 2",,,
STAT5A,PIP4K2A,leukocytes,STAT5A IP - GM12878 cells,,,
E2F1,PIP4K2A,mammarygland,E2F1 IP - MCF7 cells,,,
YY1,PIP4K2A,stemcells,YY1 IP - H1 cells,,,
KLF5,PIP4K2A,stomach,KLF5 IP - KATOIII,,,
GATA3,PIP4K2A,mammarygland,"GATA3 IP - MCF7 cells, GATA3 IP - T47D cells",,,
NFKB2,PIP4K2A,leukocytes,"NFKB2 IP - Rep 2, NFKB2 IP - Rep 1",,,
STAT3,PIP4K2A,mammarygland,"STAT3 IP | 4HT - MCF10 cells, 36 h, STAT3 IP | 4HT - MCF10 cells, 12 h, STAT3 IP - MCF10A cells, Rep 2",,,
4HT,PIP4K2A,mammarygland,"STAT3 IP | 4HT - MCF10 cells, 36 h, STAT3 IP | 4HT - MCF10 cells, 12 h, FOS IP | 4HT - MCF10A cells, 36 h, FOS IP | 4HT - MCF10A cells, 12 h, FOS IP | 4HT - MCF10A cells, 4 h",,,
ZNF263,PIP4K2A,leukocytes,ZNF263 IP - K562 cells,,,
CREB1,PIP4K2A,leukocytes,"CREB1 IP - GM12878 cells, CREB1 IP - K562 cells",,,
E2F4,PIP4K2A,leukocytes,E2F4 IP - K562 cells,,,
ROSI,PIP4K2A,leukocytes,ROSI | SPI1 ChIP-Seq,,,
17BE2,PIP4K2A,mammarygland,"17BE2 | FOXA1 ChIP-Seq - Rep 2, 17BE2 | FOXA1 ChIP-Seq - Rep 1, 17BE2 | FOXA1 ChIP-Seq - Rep 2, 17BE2 | FOXA1 ChIP-Seq - Rep 1, 17BE2 | FOXA1 ChIP-Seq",,,
HIF1A,PIP4K2A,bone,HIF1A IP,,,
FOXA2,PIP4K2A,lung,FOXA2 IP - A549 cells,,,
IRF4,PIP4K2A,leukocytes,"IRF4 IP - GM12878 cells, IRF4 IP",,,
MYB,PIP4K2A,leukocytes,"MYB IP - Jurkat, Rep 2, MYB IP - MOLT3, MYB IP - Jurkat, Rep 3, MYB IP - Jurkat, Rep 5, MYB IP - Jurkat, Rep 4, MYB IP - Jurkat, Rep 1",,,
JUND,PIP4K2A,lung,JUND IP - A549 cells,,,
ELF3,PIP4K2A,pancreas,"ELF3 IP, ELF3 IP, ELF3 IP | KLF5 KO",,,
MYC,PIP4K2A,mammarygland,DHT | MYC ChIP-Seq,,,
DHT,PIP4K2A,mammarygland,"DHT | MYC ChIP-Seq, DHT | FOXA1 ChIP-Seq",,,
CEBPB,PIP4K2A,mammarygland,CEBPB IP - MCF7 cells,,,
DHT,PIP4K2A,prostate,DHT | FOXA1 ChIP-Seq,,,
SRF,PIP4K2A,leukocytes,"SRF IP - GM12878 cells, Rep 2, SRF IP - K562 cells, SRF IP - SK-N-SH cells",,,
CEBPB,PIP4K2A,liver,"CEBPB ChIP-Seq - HepG2, CEBPB IP - HepG2 cells, CEBPB IP | FORSK - HepG2 cells",,,
BATF,PIP4K2A,leukocytes,BATF IP - GM12878 cells,,,
CREB1,PIP4K2A,stemcells,CREB1 IP - H1 cells,,,
MEF2B,PIP4K2A,kidney,MEF2B IP | MEF2B D83V OE - Rep 1,,,
FOXA1,PIP4K2A,pancreas,FOXA1 IP,,,
ELF1,PIP4K2A,colon,ELF1 IP - HCT116 cells,,,
GATA6,PIP4K2A,stemcells,GATA6 IP - Rep 5 ,,,
MAX,PIP4K2A,cns,MAX IP - SK-N-SH cells,,,
TEAD4,PIP4K2A,stemcells,TEAD4 IP - H1 cells,,,
FOXP1,PIP4K2A,prostate,FOXP1 ChIP-Seq,,,
MAX,PIP4K2A,stemcells,MAX IP - H1 cells,,,
TCF3,PIP4K2A,leukocytes,TCF3 IP - GM12878 cells,,,
TBP,PIP4K2A,leukocytes,"TBP IP - GM12878 cells, TBP IP - K562 cells",,,
ATF3,PIP4K2A,colon,ATF3 IP | CAMPTO,,,
RELA,PIP4K2A,adiposetissue,"RELA IP, RELA IP, RELA IP",,,
BHLHE40,PIP4K2A,leukocytes,BHLHE40 IP - GM12878 cells,,,
REST,PIP4K2A,uterus,REST IP - SK-N-SH cells,,,
TCF12,PIP4K2A,leukocytes,TCF12 IP - GM12878 cells,,,
SP1,PIP4K2A,leukocytes,SP1 IP - GM12878 cells,,,
MAX,PIP4K2A,colon,MAX IP - HCT116 cells,,,
MAX,PIP4K2A,leukocytes,"MAX IP - K562 cells, MAX IP - K562 cells, Rep 2",,,
HEY1,PIP4K2A,leukocytes,HEY1 IP - K562 cells,,,
MAZ,PIP4K2A,lung,MAZ IP - IMR cells,,,
MXI1,PIP4K2A,cns,MXI1 IP - SK-N-SH cells ,,,
ELF1,PIP4K2A,cns,ELF1 IP - SK-N-SH cells,,,
YY1,PIP4K2A,uterus,YY1 IP - ECC1 cells,,,
ETS1,PIP4K2A,leukocytes,"ETS1 IP - GM12878 cells, ETS1 IP",,,
YY1,PIP4K2A,lung,YY1 IP - A549 cells,,,
MXI1,PIP4K2A,liver,MXI1 IP - HepG2 cells,,,
CEBPA,PIP4K2A,leukocytes,CEBPA IP,,,
RUNX1T1,PIP4K2A,leukocytes,RUNX1T1 IP,,,
FOS,PIP4K2A,mammarygland,"FOS IP | 4HT - MCF10A cells, 36 h, FOS IP | 4HT - MCF10A cells, 12 h, FOS IP | 4HT - MCF10A cells, 4 h",,,
E2F1,PIP4K2A,uterus,"E2F1 IP - HeLa cells, Rep 2, E2F1 IP - HeLa cells, Rep 1",,,
TP53,PIP4K2A,lung,"TP53 IP - propapoptic, Rep 1",,,
MAX,PIP4K2A,lung,"MAX IP - A549 cells, MAX IP - A549 cells",,,
YY1,PIP4K2A,colon,YY1 IP - HCT116 cells,,,
PBX3,PIP4K2A,leukocytes,PBX3 IP - GM12878 cells,,,
FOXM1,PIP4K2A,leukocytes,FOXM1 IP - GM12878 cells,,,
UBTF,PIP4K2A,leukocytes,UBTF IP - K562 cells,,,
REST,PIP4K2A,leukocytes,"REST IP - GM12878 cells, Rep 1",,,
REST,PIP4K2A,cns,REST IP - SK-N-SH cells,,,
ATF3,PIP4K2A,leukocytes,ATF3 IP - K562 cells,,,
GATA2,PIP4K2A,prostate,"GATA2 KD  | FOXA1 ChIP-Seq, GATA2 KD + R1881 | FOXA1 ChIP-Seq",,,
FORSK,PIP4K2A,liver,CEBPB IP | FORSK - HepG2 cells,,,
RUNX1,PIP4K2A,hspcs,RUNX1,,,
FOXH1,PIP4K2A,stemcells,FOXH1 ChIP-Seq - Escs,,,
SPI1,PIP4K2A,hspcs,"SPI1 IP -  Rep 1, SPI1 IP - Rep 2",,,
STAT5B,PIP4K2A,leukocytes,"STAT5B IP | H9, Rep 2, STAT5B IP | IL2 - Rep 2",,,
H9,PIP4K2A,leukocytes,"STAT5B IP | H9, Rep 2",,,
ZBTB7A,PIP4K2A,uterus,ZBTB7A IP - ECC1 cells,,,
BCL11A,PIP4K2A,leukocytes,BCL11A IP - GM12878 cells,,,
CREB1,PIP4K2A,lung,"CREB1 IP - A549 cells, Rep 1, CREB1 IP - A549 cells, Rep 2, CREB1 IP | DEX - A549 cells",,,
HEY1,PIP4K2A,liver,HEY1 IP - HepG2 cells,,,
KLF5,PIP4K2A,pancreas,ELF3 IP | KLF5 KO,,,
EGR1,PIP4K2A,leukocytes,"EGR1 IP - GM12878 cells, Rep 1, EGR1 IP - K562 cells",,,
E2F6,PIP4K2A,leukocytes,"E2F6 IP - K562 cells, E2F6 IP - K562 cells",,,
IL2,PIP4K2A,leukocytes,STAT5B IP | IL2 - Rep 2,,,
MXI1,PIP4K2A,stemcells,MXI1 IP - H1 cells,,,
TP53,PIP4K2A,mammarygland,TP53 IP | NUTL3 - MCF-7,,,
MAX,PIP4K2A,uterus,MAX IP - ECC1 cells,,,
MTA3,PIP4K2A,leukocytes,MTA3 IP - GM12878 cells,,,
BCL3,PIP4K2A,leukocytes,BCL3 IP - GM12878 cells,,,
E2F6,PIP4K2A,stemcells,E2F6 IP - H1 cells,,,
NFKB1,PIP4K2A,leukocytes,NFKB1 IP - Rep 2,,,
GATA4,PIP4K2A,stomach,GATA4 IP - AGS,,,
IKZF1,PIP4K2A,leukocytes,IKZF1 IP - GM12878 cells,,,
SRF,PIP4K2A,stemcells,SRF IP - H1 cells,,,
ZEB1,PIP4K2A,leukocytes,ZEB1 IP - GM12878 cells,,,
SRF,PIP4K2A,uterus,SRF IP - ECC1 cells,,,
CEBPB,PIP4K2A,lung,CEBPB ChIP-Seq - IMR90,,,
STAT1,PIP4K2A,uterus,"STAT1 IP | IFNG - HeLa cells, 30 min",,,
IFNG,PIP4K2A,uterus,"STAT1 IP | IFNG - HeLa cells, 30 min",,,
FOXH1,PIP4K2A,embryonictissue,FOXH1 IP - endoderm,,,
DEX,PIP4K2A,lung,CREB1 IP | DEX - A549 cells,,,
FOXA2,PIP4K2A,embryonictissue,FOXA2 IP - Rep 2,,,
HMGN3,PIP4K2A,leukocytes,HMGN3 IP - K562 cells,,,
JUND,PIP4K2A,leukocytes,JUND IP - K562 cells,,,
MYC,PIP4K2A,uterus,MYC IP - HeLa cells,,,
E2F6,PIP4K2A,lung,E2F6 IP - A549 cells,,,
ZNF263,PIP4K2A,kidney,ZNF263 IP - HEK293 cells,,,
E2F6,PIP4K2A,uterus,E2F6 IP - HeLa cells,,,
OTX2,PIP4K2B,stemcells,OTX2 IP - Rep 10 ,,,
MAFK,PIP4K2B,uterus,MAFK IP - HeLa cells,,,
FOXP2,PIP4K2B,cns,"FOXP2 IP - PFSK-1 cells, FOXP2 IP - SK cells",,,
MAFF,PIP4K2B,leukocytes,MAFF IP - K562 cells,,,
CTCF,PIP4K2B,liver,"CTCF IP - SK-N-SH cells, CTCF IP - HepG2 cells, Rep 1 ",,,
E2F1,PIP4K2B,mammarygland,"E2F1 IP - MCF7 cells, E2F1 IP",,,
CTCF,PIP4K2B,leukocytes,"CTCF IP - GM19240 cells, Rep 2 , CTCF IP - GM12878 cells, Rep 2 , CTCF IP - GM19238 cells, Rep 2 , CTCF IP - GM19238 cells, Rep 1 , CTCF IP - GM2610 cells, Rep 2 , CTCF ChIP-Seq - GM12878, CTCF IP - GM2255 cells, Rep 3 , CTCF IP -  DND , CTCF IP - GM12867 cells , CTCF IP, CTCF IP - GM12875 cells, Rep 1 , CTCF IP - GM2630 cells, Rep 1 , CTCF IP - GM19240 cells, Rep 1 , CTCF IP - MS1 cells, Rep 2 , CTCF IP - GM19239 cells, Rep 2 , CTCF IP - GM12873 cells, Rep 3 , CTCF IP - GM11994 cells, Rep 2, CTCF IP - GM12891 cells, Rep 2 , CTCF IP - GM19239 cells, Rep 1 , CTCF IP - GM12871 cells , CTCF IP - GM12878 cells, Rep 1 , CTCF IP - GM12890 cells, Rep 2 , CTCF IP - GM2255 cells, Rep 1 , CTCF IP - GM12891 cells, Rep 1 , CTCF IP - MS1 cells, Rep 4 , CTCF IP - GM12866 cells , CTCF IP - GM2588 cells, Rep 2 , CTCF IP - GM18486 cells, Rep 1 , CTCF IP - GM12892 cells, Rep 1 , CTCF IP - GM2610 cells, Rep 1 , CTCF IP - GM2588 cells, Rep 3 , CTCF IP - GM18526 cells, Rep 2 , CTCF IP - GM2610 cells, Rep 3 , CTCF IP - GM2630 cells, Rep 3 , CTCF IP - GM12890 cells, Rep 3 , CTCF IP - MS1 cells, Rep 1 , CTCF IP - K562 cells, Rep 14 , CTCF IP - GM12892 cells, Rep 2 , CTCF IP -  CD20+ cells , CTCF IP - GM18486 cells, Rep 3 , CTCF IP - K562 cells, Rep 16 , CTCF IP - GM2255 cells, Rep 2 , CTCF IP - GM12890 cells, Rep 1 , CTCF IP - GM2630 cells, Rep 2 , CTCF IP - MS1 cells, Rep 3 ",,,
USF1,PIP4K2B,cns,"USF1 IP | ATRA - SK-N-SH cells, USF1 IP - SK-N-SH cells",,,
ATRA,PIP4K2B,cns,"USF1 IP | ATRA - SK-N-SH cells, YY1 IP | ATRA - SK-N-SH cells",,,
CREB1,PIP4K2B,leukocytes,"CREB1 IP - GM12878 cells, CREB1 IP - K562 cells",,,
MAZ,PIP4K2B,uterus,MAZ IP - HeLa cells,,,
E2F1,PIP4K2B,prostate,"E2F1 ChIP-Seq - Rep 2, E2F1 ChIP-Seq - Rep 3, HES6 OE | E2F1 ChIP-Seq - Rep 1, HES6 OE + BICALU | E2F1 ChIP-Seq - Rep 1, E2F1 ChIP-Seq - Rep 4, E2F1 ChIP-Seq - Rep 1, HES6 OE + BICALU | E2F1 ChIP-Seq - Rep 3, HES6 OE | E2F1 ChIP-Seq - Rep 4, BICALU | E2F1 ChIP-Seq - Rep 1, BICALU | E2F1 ChIP-Seq - Rep 2, BICALU | E2F1 ChIP-Seq - Rep 4, BICALU | E2F1 ChIP-Seq - Rep 3, HES6 OE | E2F1 ChIP-Seq - Rep 3",,,
SPI1,PIP4K2B,leukocytes,"SPI1 IP, ROSI | SPI1 ChIP-Seq, SPI1 IP - GM12878 cells, SPI1 IP - GM12878 cells, Rep 4 , SPI1 IP, SPI1 IP - HL cells, SPI1 IP, SPI1 IP - K562 cells, SPI1 IP, SPI1 IP - U-937 cells, Rep 4 , SPI1 IP | RUNX1 KD, SPI1 IP - GM12891 cells, SPI1 IP - GM12878 cells, Rep 2 , SPI1 IP, SPI1 IP, SPI1 IP, SPI1 IP",,,
MAX,PIP4K2B,uterus,"MAX IP - HeLa cells, Rep 1, MAX IP - ECC1 cells, MAX IP - HeLa cells, Rep 2",,,
STAT3,PIP4K2B,leukocytes,"STAT3 IP - SU-DHL-6, STAT3 IP - OCI-LY19, STAT3 IP - SU-DHL-4, STAT3 IP - OCI-LY3, STAT3 IP - OCI-LY10, STAT3 IP - OCI-LY7, STAT3 IP - SU-DHL-10, STAT3 IP - U-2932",,,
MAZ,PIP4K2B,leukocytes,"MAZ IP - GM12878 cells, MAZ IP - K562 cells",,,
CREB1,PIP4K2B,liver,"CREB1 IP, CREB1 IP, CREB1 IP, CREB1 IP - HepG2 cells",,,
FOXA1,PIP4K2B,mammarygland,"FOXA1 IP - T47D cells, DEX | FOXA1 ChIP-Seq - Rep 1, DEX | FOXA1 ChIP-Seq - Rep 2, DHT | FOXA1 ChIP-Seq",,,
STAT3,PIP4K2B,mammarygland,"STAT3 IP | 4HT - MCF10 cells, 36 h, STAT3 IP | 4HT - MCF10 cells, 12 h, STAT3 IP - MCF10A cells, Rep 2",,,
4HT,PIP4K2B,mammarygland,"STAT3 IP | 4HT - MCF10 cells, 36 h, STAT3 IP | 4HT - MCF10 cells, 12 h, E2F4 IP | 4HT - MCF10 cells",,,
REST,PIP4K2B,liver,"REST IP - HepG2 cells, Rep 1, REST IP - HepG2 cells, Rep 2",,,
TBP,PIP4K2B,uterus,TBP IP - HeLa cells,,,
YY1,PIP4K2B,liver,YY1 IP - HepG2 cells,,,
ROSI,PIP4K2B,leukocytes,ROSI | SPI1 ChIP-Seq,,,
ZBTB7A,PIP4K2B,leukocytes,ZBTB7A IP - SK-N-SH cells,,,
TCF7L2,PIP4K2B,uterus,TCF7L2 IP - HeLa cells,,,
STAT5A,PIP4K2B,leukocytes,"STAT5A IP - K562 cells, STAT5A IP - GM12878 cells",,,
HES6,PIP4K2B,prostate,"HES6 OE | E2F1 ChIP-Seq - Rep 1, HES6 OE + BICALU | E2F1 ChIP-Seq - Rep 1, HES6 OE + BICALU | E2F1 ChIP-Seq - Rep 3, HES6 OE | E2F1 ChIP-Seq - Rep 4, HES6 OE | E2F1 ChIP-Seq - Rep 3",,,
MYC,PIP4K2B,leukocytes,"MYC IP - K562 cells, Rep 2, MYC IP - NB4 cells, MYC IP | IFNA1 - K562 cells, 30 min, MYC IP - K562 cells, Rep 1, MYC IP | IFNG - K562 cells, 6 h, MYC IP | IFNG - K562 cells, 30 min, MYC IP | IFNA1 - K562 cells, 6 h",,,
SRF,PIP4K2B,leukocytes,"SRF IP - GM12878 cells, Rep 2",,,
POU2F1,PIP4K2B,prostate,"FOXA1 KD + DHT | POU2F1 ChIP-Seq, FOXA1 KD + DHT | POU2F1 ChIP-Seq, POU2F1 ChIP-Seq",,,
DHT,PIP4K2B,prostate,"FOXA1 KD + DHT | POU2F1 ChIP-Seq, FOXA1 KD + DHT | POU2F1 ChIP-Seq, DHT | ERG ChIP-Seq - 18 h, DHT | ERG ChIP-Seq - 2 h",,,
FOXA1,PIP4K2B,prostate,"FOXA1 KD + DHT | POU2F1 ChIP-Seq, FOXA1 ChIP-Seq - Rep 2, FOXA1 KD + DHT | POU2F1 ChIP-Seq, CREB1 siRNA | FOXA1 ChIP-Seq - Rep 1, FOXA1 siRNA | CREB1 ChIP-Seq - Rep 2, FOXA1 ChIP-Seq - LNCaP-abl, CREB1 siRNA | FOXA1 ChIP-Seq - Rep 2, FOXA1 ChIP-Seq, FOXA1 ChIP-Seq, FOXA1 siRNA | CREB1 ChIP-Seq - Rep 1, FOXA1 ChIP-Seq, FOXA1 ChIP-Seq - Rep 1",,,
JUN,PIP4K2B,vasculature,JUN IP,,,
CREB1,PIP4K2B,prostate,"CREB1 siRNA | FOXA1 ChIP-Seq - Rep 1, FOXA1 siRNA | CREB1 ChIP-Seq - Rep 2, CREB1 ChIP-Seq - Rep 1, CREB1 siRNA | FOXA1 ChIP-Seq - Rep 2, FOXA1 siRNA | CREB1 ChIP-Seq - Rep 1, CREB1 ChIP-Seq - LNCaP, CREB1 ChIP-Seq - LNCaP-abl, CREB1 ChIP-Seq - Rep 2",,,
RELA,PIP4K2B,adiposetissue,"RELA IP, RELA IP, RELA IP",,,
BHLHE40,PIP4K2B,leukocytes,"BHLHE40 IP - GM12878 cells, BHLHE40 IP - K562 cells",,,
MAX,PIP4K2B,lung,"MAX IP - A549 cells, MAX IP - A549 cells",,,
IKZF1,PIP4K2B,hspcs,IKZF1 IP - Rep 1,,,
ZEB1,PIP4K2B,liver,ZEB1 IP - HepG2 cells,,,
YY1,PIP4K2B,cns,"YY1 IP | ATRA - SK-N-SH cells, YY1 IP - SK-N-SH cells",,,
TAL1,PIP4K2B,stemcells,"TAL1 IP - Rep 2 , TAL1 IP - Rep 1 ",,,
IRF1,PIP4K2B,leukocytes,"IRF1 IP | IFNG - K562 cells, 6 h, IRF1 IP | IFNA1-13 - K562 cells, 6 h, IRF1 IP - Rep 4, IRF1 IP - Rep 2, IRF1 IP - Rep 3",,,
IFNG,PIP4K2B,leukocytes,"IRF1 IP | IFNG - K562 cells, 6 h, MYC IP | IFNG - K562 cells, 6 h, IRF1 IP - Rep 4, STAT1 IP - Rep 5, IRF1 IP - Rep 2, IRF1 IP - Rep 3, MYC IP | IFNG - K562 cells, 30 min, STAT1 IP - Rep 2, STAT1 IP - Rep 1, STAT1 IP - Rep 4, STAT1 IP - Rep 3, STAT1 IP - Rep 6",,,
BICALU,PIP4K2B,prostate,"HES6 OE + BICALU | E2F1 ChIP-Seq - Rep 1, HES6 OE + BICALU | E2F1 ChIP-Seq - Rep 3, BICALU | E2F1 ChIP-Seq - Rep 1, BICALU | E2F1 ChIP-Seq - Rep 2, BICALU | E2F1 ChIP-Seq - Rep 4, BICALU | E2F1 ChIP-Seq - Rep 3",,,
E2F6,PIP4K2B,leukocytes,"E2F6 IP - K562 cells, E2F6 IP - K562 cells",,,
SREBF1,PIP4K2B,liver,SREBF1 IP | INS + 22RHC - HepG2 cells,,,
22RHC; INS,PIP4K2B,liver,SREBF1 IP | INS + 22RHC - HepG2 cells,,,
UBTF,PIP4K2B,leukocytes,UBTF IP - K562 cells,,,
E2F3,PIP4K2B,colon,E2F3 IP ,,,
BCL3,PIP4K2B,lung,BCL3 IP - A549 cells,,,
USF1,PIP4K2B,lung,"USF1 IP - A549 cells, Rep 1, USF1 IP | DEX - A549 cells",,,
GATA1,PIP4K2B,hspcs,"GATA1 IP - PBDE cells, Rep 1",,,
FOXA2,PIP4K2B,stemcells,FOXA2 IP - ES D10,,,
REST,PIP4K2B,leukocytes,REST IP - K562 cells,,,
PRDM1,PIP4K2B,uterus,PRDM1 IP - HeLa cells,,,
JUND,PIP4K2B,liver,JUND IP - HepG2 cells,,,
FOSL2,PIP4K2B,liver,FOSL2 IP - HepG2 cells,,,
SP1,PIP4K2B,leukocytes,"SP1 IP - GM12878 cells, SP1 IP - K562 cells",,,
TCF12,PIP4K2B,lung,TCF12 IP - A549 cells,,,
KLF5,PIP4K2B,pancreas,KLF5 IP,,,
TBP,PIP4K2B,stemcells,TBP IP - H1 cells,,,
RELA,PIP4K2B,leukocytes,"RELA IP | BAY082  - IVD Th1 cells, PIA, RELA IP | TNF - GM10847 cells, RELA IP | TNF - GM12891 cells",,,
BAY082,PIP4K2B,leukocytes,"RELA IP | BAY082  - IVD Th1 cells, PIA",,,
YY1,PIP4K2B,leukocytes,"YY1 IP - K562 cells, YY1 IP - K562 cells, Rep 2, YY1 IP - GM12878 cells, YY1 IP - GM12892 cells, Rep 1, YY1 IP - K562 cells, Rep 1, YY1 IP - GM12891 cells",,,
PAX5,PIP4K2B,leukocytes,"PAX5 IP - GM12878 cells, Rep 2, PAX5 IP - GM12878 cells, Rep 1, PAX5 IP - GM12892 cells",,,
GABPA,PIP4K2B,liver,"GABPA IP, GABPA IP, GABPA IP, GABPA IP - MCF7 cells, GABPA IP - HepG2 cells",,,
CTCF,PIP4K2B,colon,CTCF IP - Rep 2 ,,,
TEAD4,PIP4K2B,leukocytes,TEAD4 IP - K562 cells,,,
HOXA6,PIP4K2B,colon,HOXA6 IP ,,,
REST,PIP4K2B,cns,"REST IP - SK-N-SH cells, REST IP - SK cells, REST IP - PFSK1 cells, Rep 2, REST IP - PFSK-N-SH cells1 cells, Rep 1, REST IP - U87 cells",,,
GABPA,PIP4K2B,prostate,"GABPA IP | R1881, GABPA IP - Rep 2, GABPA IP - Rep 1",,,
R1881,PIP4K2B,prostate,GABPA IP | R1881,,,
ELF1,PIP4K2B,leukocytes,"ELF1 IP - SK-N-SH cells, ELF1 IP - SK-N-SH cells",,,
E2F1,PIP4K2B,uterus,"E2F1 IP - HeLa cells, Rep 2",,,
GABPA,PIP4K2B,leukocytes,"GABPA IP - HL cells, GABPA IP - Jurkat, Rep 2, GABPA IP - GM12878 cells, Rep 5 , GABPA IP - GM12878 cells, GABPA IP - K562 cells, GABPA IP - GM12878 cells, Rep 3 , GABPA IP - GM12878 cells, Rep 1 , GABPA IP - GM12878 cells, Rep 4 , GABPA IP - Jurkat, Rep 1, GABPA IP - GM12878 cells, Rep 2 ",,,
FOXP1,PIP4K2B,colon,FOXP1 IP ,,,
ERG,PIP4K2B,prostate,"ERG ChIP-Seq, DHT | ERG ChIP-Seq - 18 h, DHT | ERG ChIP-Seq - 2 h, DMSO | ERG ChIP-Seq - Rep 1, JQI | ERG ChIP-Seq - Rep 1, ERG ChIP-Seq, DMSO | ERG ChIP-Seq - Rep 2",,,
SRF,PIP4K2B,colon,SRF IP - HCT116 cells,,,
EGR1,PIP4K2B,liver,EGR1 IP - MCF7 cells,,,
SMARCC2,PIP4K2B,uterus,SMARCC2 IP - HeLa cells,,,
CTCF,PIP4K2B,kidney,"CTCF IP - HEK293 cells, Rep 1 ",,,
MYC,PIP4K2B,lung,MYC IP - A549 cells,,,
FOXA1,PIP4K2B,liver,"FOXA1 IP - HepG2 cells, Rep 2, FOXA1 IP - HepG2 cells, Rep 1",,,
MAX,PIP4K2B,liver,"MAX IP - MCF7 cells, MAX IP - HepG2 cells, MAX IP - HepG2 cells",,,
CREB1,PIP4K2B,colon,CREB1 IP ,,,
JUND,PIP4K2B,cns,"JUND IP - SK-N-SH cells , JUND IP - SK-N-SH cells",,,
GATA4,PIP4K2B,stomach,GATA4 IP - AGS,,,
SATB1,PIP4K2B,liver,SATB1 IP,,,
CTCF,PIP4K2B,cns,"CTCF IP - SK-N-SH cells, Rep 2 , CTCF IP - SK-N-SH cells ",,,
MYBL2,PIP4K2B,liver,MYBL2 IP - HepG2 cells,,,
ELF1,PIP4K2B,cns,ELF1 IP - SK-N-SH cells,,,
KLF11,PIP4K2B,adiposetissue,"KLF11 ChIP-Seq, Rep 1, ROSI (BrAT) | KLF11 ChIP-Seq, Rep 1, ROSI (BrAT) | KLF11 ChIP-Seq, Rep 2, KLF11 ChIP-Seq, Rep 2",,,
HEY1,PIP4K2B,liver,HEY1 IP - HepG2 cells,,,
NFKB1,PIP4K2B,leukocytes,"NFKB1 IP - Rep 1, NFKB1 IP - Rep 2",,,
STAT1,PIP4K2B,uterus,"STAT1 IP | IFNG - HeLa cells, 30 min",,,
IFNG,PIP4K2B,uterus,"STAT1 IP | IFNG - HeLa cells, 30 min",,,
USF1,PIP4K2B,liver,USF1 IP - HepG2 cells,,,
TBP,PIP4K2B,leukocytes,"TBP IP - K562 cells, TBP IP - GM12878 cells",,,
TAL1,PIP4K2B,leukocytes,"TAL1 IP - MOLT3, TAL1 IP - K562 cells",,,
MEF2A,PIP4K2B,leukocytes,MEF2A IP - GM12878 cells,,,
MAZ,PIP4K2B,liver,MAZ IP - HepG2 cells,,,
CTCF,PIP4K2B,hspcs,"CTCF IP - Erythroid cells, Rep 1, CTCF IP - Erythroid cells, Rep 2, CTCF IP - HSPCs, Rep 2",,,
MYB,PIP4K2B,leukocytes,"MYB IP - Jurkat, Rep 5, MYB IP - MOLT3, MYB IP - Jurkat, Rep 4, MYB IP - Jurkat, Rep 2, MYB IP - Jurkat, Rep 3",,,
JUND,PIP4K2B,leukocytes,"JUND IP - K562 cells, JUND IP - GM12878 cells, Rep 1 ",,,
MAX,PIP4K2B,leukocytes,"MAX IP - GM12878 cells, MAX IP - NB4 cells, MAX IP - K562 cells, Rep 2, MAX IP - K562 cells",,,
MAFK,PIP4K2B,liver,"MAFK IP - HepG2 cells, Rep 2, MAFK IP - HepG2 cells, Rep 1",,,
E2F4,PIP4K2B,leukocytes,"E2F4 IP - K562 cells, E2F4 IP - GM12878 cells",,,
DEX,PIP4K2B,mammarygland,"DEX | FOXA1 ChIP-Seq - Rep 1, DEX | FOXA1 ChIP-Seq - Rep 2, JUN IP | DEX",,,
YY1,PIP4K2B,lung,YY1 IP - A549 cells,,,
MXI1,PIP4K2B,lung,MXI1 IP - IMR cells,,,
USF1,PIP4K2B,uterus,USF1 IP - ECC1 cells,,,
CTCF,PIP4K2B,sensory,"CTCF IP - WERI-Rb-1- cells, Rep 1 ",,,
BACH1,PIP4K2B,stemcells,BACH1 IP - H1 cells,,,
DEX,PIP4K2B,lung,"USF1 IP | DEX - A549 cells, CREB1 IP | DEX - A549 cells",,,
POU2F2,PIP4K2B,leukocytes,POU2F2 IP - GM12878 cells,,,
TAL1,PIP4K2B,colon,TAL1 IP ,,,
TEAD4,PIP4K2B,uterus,TEAD4 IP - ECC1 cells,,,
TEAD4,PIP4K2B,cns,TEAD4 IP - SK-N-SH cells,,,
USF1,PIP4K2B,colon,USF1 IP - HCT116 cells,,,
HMGN3,PIP4K2B,leukocytes,HMGN3 IP - K562 cells,,,
ROSI,PIP4K2B,adiposetissue,"ROSI (BrAT) | KLF11 ChIP-Seq, Rep 1, ROSI (BrAT) | KLF11 ChIP-Seq, Rep 2",,,
EBF1,PIP4K2B,leukocytes,"EBF1 IP - GM12878 cells, EBF1 IP - GM12878 cells",,,
FOXM1,PIP4K2B,leukocytes,FOXM1 IP - GM12878 cells,,,
SP1,PIP4K2B,liver,SP1 IP - HepG2 cells,,,
HEY1,PIP4K2B,leukocytes,HEY1 IP - K562 cells,,,
SIX5,PIP4K2B,stemcells,SIX5 IP - H1 cells,,,
GABPA,PIP4K2B,lung,GABPA IP - A549 cells,,,
MXI1,PIP4K2B,leukocytes,"MXI1 IP - K562 cells, MXI1 IP - GM12878 cells",,,
SIX2,PIP4K2B,kidney,"SIX2 IP - 17 weeks, Rep 1",,,
ATF2,PIP4K2B,colon,ATF2 IP ,,,
IFNA1,PIP4K2B,leukocytes,"MYC IP | IFNA1 - K562 cells, 30 min, IRF1 IP | IFNA1-13 - K562 cells, 6 h, JUN IP | IFNA1-13 - 30 min , MYC IP | IFNA1 - K562 cells, 6 h",,,
CEBPB,PIP4K2B,colon,"CEBPB IP | 125DVD3, CEBPB IP - HCT116 cells",,,
125DVD3,PIP4K2B,colon,CEBPB IP | 125DVD3,,,
GLI2,PIP4K2B,colon,GLI2 IP ,,,
SP1,PIP4K2B,colon,SP1 IP - HCT116 cells,,,
MAFF,PIP4K2B,liver,MAFF IP - HepG2 cells,,,
CEBPB,PIP4K2B,leukocytes,"CEBPB IP, CEBPB IP - K562 cells",,,
JUND,PIP4K2B,colon,JUND IP - HCT116 cells,,,
ELF1,PIP4K2B,lung,ELF1 IP - A549 cells,,,
JUN,PIP4K2B,mammarygland,"JUN IP, JUN IP | CPDA, JUN IP | DEX",,,
GATA3,PIP4K2B,mammarygland,"GATA3 IP - T47D cells, GATA3 IP - MCF7 cells",,,
ASCL1,PIP4K2B,skin,ASCL1 IP - NHDF,,,
ELF3,PIP4K2B,pancreas,ELF3 IP,,,
RUNX1,PIP4K2B,leukocytes,"RUNX1 IP, SPI1 IP | RUNX1 KD",,,
MTA3,PIP4K2B,leukocytes,MTA3 IP - GM12878 cells,,,
EGR1,PIP4K2B,uterus,EGR1 IP - ECC1 cells,,,
MAX,PIP4K2B,stemcells,MAX IP - H1 cells,,,
JUND,PIP4K2B,mammarygland,JUND IP - T47D cells,,,
FOXA2,PIP4K2B,liver,FOXA2 IP - HepG2 cells,,,
SIX5,PIP4K2B,lung,SIX5 IP | DEX - A549 cells,,,
FOXM1,PIP4K2B,mammarygland,FOXM1 IP | THSP - DS006,,,
MYC,PIP4K2B,mammarygland,"MYC IP, MYC IP - MCF-10A cells, DHT | MYC ChIP-Seq",,,
CEBPB,PIP4K2B,stemcells,"CEBPB IP, CEBPB IP, CEBPB IP",,,
GABPA,PIP4K2B,cns,GABPA IP - SK-N-SH cells,,,
TP53,PIP4K2B,bone,"TP53 IP - Rep 2, TP53 IP | TP53EE OE, TP53 IP | TP53 OE, TP53 IP | TP53EE/RR OE, TP53 IP | TP53RR OE",,,
IRF1,PIP4K2B,pancreas,IRF1 IP,,,
CREB1,PIP4K2B,stemcells,CREB1 IP - H1 cells,,,
EGR1,PIP4K2B,leukocytes,"EGR1 IP - GM12878 cells, Rep 1, EGR1 IP - K562 cells",,,
ATF1,PIP4K2B,leukocytes,ATF1 IP - K562 cells,,,
KLF5,PIP4K2B,stomach,KLF5 IP - KATOIII,,,
HIF1A,PIP4K2B,bone,HIF1A IP,,,
ELF1,PIP4K2B,mammarygland,ELF1 IP - MCF7 cells,,,
ARID3A,PIP4K2B,liver,ARID3A IP - HepG2 cells,,,
EGR1,PIP4K2B,colon,EGR1 IP - HCT116 cells,,,
TP53,PIP4K2B,mammarygland,TP53 IP,,,
CPDA,PIP4K2B,mammarygland,JUN IP | CPDA,,,
ZNF143,PIP4K2B,leukocytes,ZNF143 IP - GM12878 cells,,,
SP1,PIP4K2B,stemcells,"SP1 IP - Rep 1 , SP1 IP - H1 cells",,,
SIX5,PIP4K2B,leukocytes,"SIX5 IP - K562 cells, Rep 1, SIX5 IP - GM12878 cells, SIX5 IP - K562 cells, Rep 2",,,
ELF1,PIP4K2B,liver,ELF1 IP - HepG2 cells,,,
TEAD4,PIP4K2B,colon,TEAD4 IP - HCT116 cells,,,
GATA3,PIP4K2B,cns,GATA3 IP - SK-N-SH cells,,,
CEBPB,PIP4K2B,lung,"CEBPB ChIP-Seq - A549, CEBPB ChIP-Seq - IMR90",,,
NFKB2,PIP4K2B,leukocytes,NFKB2 IP - Rep 2,,,
MYC,PIP4K2B,liver,MYC IP,,,
CTCF,PIP4K2B,stemcells,CTCF IP - Rep 6 ,,,
MAX,PIP4K2B,vasculature,MAX IP - HUVEC cells,,,
CTCF,PIP4K2B,lung,"CTCF IP - SAEC cells, Rep 1 ",,,
E2F6,PIP4K2B,stemcells,E2F6 IP - H1 cells,,,
SMAD1,PIP4K2B,stemcells,SMAD1 IP - Rep 7 ,,,
HOXA4,PIP4K2B,colon,HOXA4 IP ,,,
BCL3,PIP4K2B,leukocytes,"BCL3 IP - GM12878 cells, BCL3 IP - K562 cells",,,
ETS1,PIP4K2B,leukocytes,"ETS1 IP, ETS1 IP - K562 cells, ETS1 IP - GM12878 cells",,,
YY1,PIP4K2B,stemcells,"YY1 IP - H1 cells, YY1 IP - NT2 cells",,,
REST,PIP4K2B,stemcells,"REST IP - H1 cells, Rep 1",,,
CTCF,PIP4K2B,megakaryocytelineage,"CTCF IP - MEG-01 cells, Rep 6 ",,,
ELF1,PIP4K2B,colon,ELF1 IP - HCT116 cells,,,
ATF2,PIP4K2B,leukocytes,ATF2 IP - GM12878 cells,,,
JUND,PIP4K2B,stemcells,"JUND IP - H1 cells, JUND IP - H1 cells",,,
ELK4,PIP4K2B,uterus,ELK4 IP - HeLa cells,,,
ZNF263,PIP4K2B,kidney,ZNF263 IP - HEK293 cells,,,
JQ1,PIP4K2B,prostate,JQI | ERG ChIP-Seq - Rep 1,,,
JUN,PIP4K2B,leukocytes,JUN IP | IFNA1-13 - 30 min ,,,
GABPA,PIP4K2B,stemcells,GABPA IP - H1 cells,,,
JUN,PIP4K2B,colon,JUN IP ,,,
YY1,PIP4K2B,uterus,YY1 IP - ECC1 cells,,,
MXI1,PIP4K2B,liver,MXI1 IP - HepG2 cells,,,
REST,PIP4K2B,lung,REST IP - A549 cells,,,
IRF4,PIP4K2B,leukocytes,"IRF4 IP, IRF4 IP - GM12878 cells",,,
STAT1,PIP4K2B,leukocytes,"STAT1 IP - Rep 5, STAT1 IP - Rep 2, STAT1 IP - Rep 1, STAT1 IP - Rep 4, STAT1 IP - Rep 3, STAT1 IP - Rep 6",,,
TCF12,PIP4K2B,cns,TCF12 IP - SK-N-SH cells,,,
NFATC1,PIP4K2B,leukocytes,NFATC1 IP - GM12878 cells,,,
TCF12,PIP4K2B,uterus,TCF12 IP - ECC1 cells,,,
E2F4,PIP4K2B,mammarygland,E2F4 IP | 4HT - MCF10 cells,,,
TCF12,PIP4K2B,leukocytes,TCF12 IP - GM12878 cells,,,
IRF1,PIP4K2B,colon,IRF1 IP ,,,
NFYB,PIP4K2B,leukocytes,"NFYB IP - K562 cells, NFYB IP - GM12878 cells",,,
MYC,PIP4K2B,uterus,MYC IP - HeLa cells,,,
GATA3,PIP4K2B,lung,GATA3 IP - A549 cells,,,
ETS1,PIP4K2B,lung,ETS1 IP - A549 cells,,,
TP53,PIP4K2B,lung,"TP53 IP - propapoptic, Rep 1",,,
ATF2,PIP4K2B,stemcells,ATF2 IP - H1 cells,,,
TBP,PIP4K2B,liver,TBP IP - HepG2 cells,,,
TEAD4,PIP4K2B,stemcells,TEAD4 IP - H1 cells,,,
GTF2B,PIP4K2B,uterus,GTF2B IP - Rep 2,,,
STAT2,PIP4K2B,colon,STAT2 IP ,,,
NFYB,PIP4K2B,uterus,NFYB IP - HeLa cells,,,
FOSL1,PIP4K2B,colon,FOSL1 IP - HCT116 cells,,,
PBX3,PIP4K2B,cns,PBX3 IP - SK-N-SH cells,,,
ATF3,PIP4K2B,colon,ATF3 IP - HCT116 cells,,,
CEBPB,PIP4K2B,uterus,CEBPB ChIP-Seq - HeLaS3,,,
SREBF1,PIP4K2B,leukocytes,SREBF1 IP - GM12878 cells,,,
TNF,PIP4K2B,leukocytes,"RELA IP | TNF - GM10847 cells, RELA IP | TNF - GM12891 cells",,,
ZNF143,PIP4K2B,stemcells,ZNF143 IP - H1 cells,,,
FOXA1,PIP4K2B,uterus,FOXA1 IP - ECC1 cells,,,
MAZ,PIP4K2B,lung,MAZ IP - IMR cells,,,
MXI1,PIP4K2B,cns,MXI1 IP - SK-N-SH cells ,,,
MYC,PIP4K2B,bone,MYC IP,,,
MXI1,PIP4K2B,uterus,MXI1 IP - HeLa cells,,,
ZBTB7A,PIP4K2B,liver,ZBTB7A IP - HepG2 cells,,,
YY1,PIP4K2B,colon,YY1 IP - HCT116 cells,,,
CREB1,PIP4K2B,lung,CREB1 IP | DEX - A549 cells,,,
TEAD4,PIP4K2B,liver,TEAD4 IP - HepG2 cells,,,
JUND,PIP4K2B,lung,JUND IP - A549 cells,,,
PBX3,PIP4K2B,lung,PBX3 IP - A549 cells,,,
CEBPB,PIP4K2B,liver,CEBPB ChIP-Seq - HepG2,,,
FOXA2,PIP4K2B,embryonictissue,FOXA2 IP - Rep 2,,,
SOX2,PIP4K2B,stemcells,SOX2 IP,,,
BHLHE40,PIP4K2B,liver,BHLHE40 IP - HepG2 cells,,,
ZBTB7A,PIP4K2B,uterus,ZBTB7A IP - ECC1 cells,,,
RUNX1,PIP4K2B,hspcs,RUNX1,,,
DHT,PIP4K2B,mammarygland,"DHT | FOXA1 ChIP-Seq, DHT | MYC ChIP-Seq",,,
TCF7L2,PIP4K2B,mammarygland,TCF7L2 ChIP-Seq,,,
GABPA,PIP4K2B,uterus,GABPA IP - HeLa cells,,,
MAX,PIP4K2B,cns,MAX IP - SK-N-SH cells,,,
CTCF,PIP4K2B,vasculature,"CTCF IP - HUVEC cells, Rep 1 ",,,
SP1,PIP4K2B,lung,SP1 IP - A549 cells,,,
TEAD4,PIP4K2B,lung,TEAD4 IP - A549 cells,,,
BHLHE40,PIP4K2B,lung,BHLHE40 IP - A549 cells,,,
RUNX1T1,PIP4K2B,leukocytes,RUNX1T1 IP,,,
MAX,PIP4K2B,colon,MAX IP - HCT116 cells,,,
ELK1,PIP4K2B,uterus,ELK1 IP - HeLa cells,,,
EGR1,PIP4K2B,stemcells,EGR1 IP - H1 cells,,,
SRF,PIP4K2B,uterus,SRF IP - ECC1 cells,,,
ELF1,PIP4K2C,leukocytes,"ELF1 IP - SK-N-SH cells, ELF1 IP - SK-N-SH cells",,,
PAX5,PIP4K2C,leukocytes,"PAX5 IP - GM12892 cells, PAX5 IP - GM12878 cells, Rep 1, PAX5 IP - GM12878 cells, Rep 2, PAX5 IP - GM12891 cells",,,
CREB1,PIP4K2C,stemcells,CREB1 IP - H1 cells,,,
CTCF,PIP4K2C,leukocytes,"CTCF IP - GM18951 cells, Rep 1 , CTCF IP - GM12874 cells, Rep 2 , CTCF IP - F36P cells, Rep 3 , CTCF IP - GM11881 cells, CTCF IP - F36P cells, Rep 11 , CTCF IP - GM2610 cells, Rep 3 , CTCF IP - GM2610 cells, Rep 1 , CTCF IP - GM06986 cells, CTCF IP - GM12892 cells, Rep 1 , CTCF IP - MS1 cells, Rep 2 , CTCF IP - K562 cells, CTCF IP - GM18486 cells, Rep 2 , CTCF IP - HL-60 cells, Rep 2 , CTCF IP - GM12875 cells, Rep 2 , CTCF IP - GM12815 cells, Rep 2, CTCF IP - KU812 cells, Rep 1 , CTCF IP - HL-60 cells, Rep 7 , CTCF IP - GM2630 cells, Rep 3 , CTCF IP - GM12890 cells, Rep 3 , CTCF IP - K562 cells, Rep 9 , CTCF IP - GM12006 cells, Rep 1, CTCF IP - MS1 cells, Rep 1 , CTCF IP - F36P cells, Rep 17 , CTCF IP - GM12891 cells, Rep 2 , CTCF IP - GM11894 cells, Rep 2, CTCF IP - GM12866 cells , CTCF IP - GM12155 cells, Rep 2, CTCF IP - F36P cells, Rep 19 , CTCF IP - GM2630 cells, Rep 1 , CTCF IP - GM19240 cells, Rep 1 , CTCF IP - GM12828 cells, CTCF IP - GM11918 cells, Rep 1, CTCF IP - GM12868 cells , CTCF IP - GM12865 cells, Rep 1 , CTCF IP - GM19099 cells, Rep 2 , CTCF IP - GM19099 cells, Rep 1 , CTCF IP - GM12878 cells , CTCF IP - K562 cells, Rep 16 , CTCF IP - GM12872 cells, Rep 2 , CTCF IP - GM12814 cells, Rep 1, CTCF IP - F36P cells, Rep 7 , CTCF IP - K562 cells, Rep 14 , CTCF IP - GM12864 cells, Rep 3 , CTCF IP - GM19239 cells, Rep 2 , CTCF IP - GM18505 cells, Rep 1 , CTCF IP - GM12873 cells, Rep 1 , CTCF IP - GM2630 cells, Rep 2 , CTCF IP - GM12814 cells, Rep 2, CTCF IP - GM2255 cells, Rep 2 , CTCF IP - KU812 cells, Rep 5 , CTCF IP - K562 cells, Rep 15 , CTCF IP - GM12867 cells , CTCF IP - GM12870 cells , CTCF IP - HL-60 cells, Rep 5 , CTCF IP - GM12749 cells, Rep 2, CTCF IP - GM12872 cells, Rep 3 , CTCF IP - GM12005 cells, Rep 2, CTCF IP - GM2588 cells, Rep 2 , CTCF IP - GM11832 cells, Rep 1, CTCF IP - GM12005 cells, Rep 1, CTCF IP - GM12864 cells, Rep 2 , CTCF IP - GM11811 cells, Rep 1, CTCF IP - HL , CTCF IP - GM10847 cells, Rep 3 , CTCF ChIP-Seq - GM12878, CTCF IP - MS1 cells, Rep 3 , CTCF IP - CD14+ cells , CTCF IP - HeLa cells, Rep 2 , CTCF IP - GM12489 cells, Rep 1, CTCF IP - F36P cells, Rep 14 , CTCF IP - GM12891 cells, Rep 1 , CTCF IP - GM12006 cells, Rep 2, CTCF IP -  CD20+ cells , CTCF IP - MS1 cells, Rep 4 , CTCF IP - K562 cells, CTCF IP - NB4 cells , CTCF IP - F36P cells, Rep 13 , CTCF IP - GM2588 cells, Rep 3 , CTCF IP - GM12873 cells, Rep 1 , CTCF IP - GM12878 cells, Rep 1 , CTCF IP - GM12234 cells, CTCF IP - GM18526 cells, Rep 2 , CTCF IP - GM18505 cells, Rep 2 , CTCF IP - GM12287 cells, Rep 2, CTCF IP - GM12287 cells, Rep 1, CTCF IP - GM18951 cells, Rep 2 , CTCF IP - GM18486 cells, Rep 1 , CTCF IP - GM19193 cells, Rep 1 , CTCF IP - K562 cells , CTCF IP - GM12878 cells, Rep 2 , CTCF IP - GM12872 cells, Rep 1 , CTCF IP - GM12155 cells, Rep 1, CTCF IP - GM07037 cells, CTCF IP - HL-60 cells, Rep 9 , CTCF IP - K562 cells, Rep 13 , CTCF IP - GM2255 cells, Rep 3 , CTCF IP - GM12749 cells, Rep 1, CTCF IP - UT-7 cells, Rep 6 , CTCF IP - GM07346 cells, CTCF IP -  DND , CTCF IP - GM18526 cells, Rep 1 , CTCF IP - K562 cells, Rep 12 , CTCF IP - F36P cells, Rep 2 , CTCF IP - GM12489 cells, Rep 2, CTCF IP - UT-7 cells, Rep 5 , CTCF IP, CTCF IP - GM2588 cells, Rep 1 , CTCF IP - K562 cells, Rep 7 , CTCF IP - GM12815 cells, Rep 1, CTCF IP - GM06990 cells, Rep 2 , CTCF IP - GM12892 cells, Rep 2 , CTCF IP - K562 cells, Rep 1 , CTCF IP - F36P cells, Rep 15 , CTCF IP - GM12874 cells, Rep 1 , CTCF IP - K562 cells, CTCF IP - GM11994 cells, Rep 2, CTCF IP - K562 cells, Rep 2 , CTCF IP - GM12890 cells, Rep 1 , CTCF IP - GM18486 cells, Rep 3 , CTCF IP - GM19193 cells, Rep 2 , CTCF IP - K562 cells, Rep 3 , CTCF IP - GM12154 cells, Rep 2, CTCF IP - F36P cells, Rep 10 , CTCF IP - GM12871 cells , CTCF IP - GM11831 cells, CTCF IP - F36P cells, Rep 6 , CTCF IP - GM12890 cells, Rep 2 , CTCF IP - GM12865 cells, Rep 2 , CTCF IP - K562 cells, Rep 1 , CTCF IP - GM06990 cells, Rep 1 , CTCF IP - GM11992 cells, Rep 1, CTCF IP - F36P cells, Rep 5 , CTCF IP - GM11994 cells, Rep 1, CTCF IP - UT-7 cells, Rep 4 , CTCF IP - GM19239 cells, Rep 1 , CTCF IP - GM12878 cells, Rep 1 , CTCF IP - GM19238 cells, Rep 1 , CTCF IP - F36P cells, Rep 9 , CTCF IP - HL-60 cells, Rep 3 , CTCF IP - GM12872 cells, CTCF IP - KU812 cells, Rep 13 , CTCF IP - KU812 cells, Rep 17 , CTCF IP - GM12154 cells, Rep 1, CTCF IP - UT-7 cells, Rep 3 , CTCF IP - U-937 cells, Rep 2 , CTCF IP - K562 cells, Rep 11 , CTCF IP - GM10847 cells, Rep 2 , CTCF IP - GM12874 cells, CTCF IP - GM2255 cells, Rep 1 , CTCF IP - KU812 cells, Rep 9 , CTCF IP - GM2610 cells, Rep 2 , CTCF IP - GM12864 cells, Rep 1 , CTCF IP - K562 cells, Rep 5 , CTCF IP - GM19240 cells, Rep 2 , CTCF IP - GM12873 cells, Rep 3 , CTCF IP - GM12875 cells, Rep 1 , CTCF IP - F36P cells, Rep 1 , CTCF IP - GM12878 cells, Rep 2 , CTCF IP - GM10847 cells, Rep 1 , CTCF IP - GM12801 cells , CTCF IP - GM19238 cells, Rep 2 , CTCF IP - GM11992 cells, Rep 2, CTCF IP - GM12869 cells , CTCF IP - GM12865 cells, Rep 3 , CTCF IP - GM11811 cells, Rep 2",,,
JUN,PIP4K2C,colon,JUN IP ,,,
CTCF,PIP4K2C,adiposetissue,"CTCF ChIP-Seq - d -2, CTCF ChIP-Seq - d 9, CTCF ChIP-Seq - d 0, CTCF ChIP-Seq - d 3",,,
CTCF,PIP4K2C,kidney,"CTCF IP - HEK293 cells, Rep 2 , CTCF IP - HEK293 cells, Rep 1 , CTCF IP - RPTEC cells, Rep 1 , CTCF IP - RPTEC cells, Rep 2 , CTCF IP - HRE cells, Rep 1 , CTCF IP - HRE cells, Rep 2 ",,,
FOSL1,PIP4K2C,colon,FOSL1 IP - HCT116 cells,,,
CTCF,PIP4K2C,skin,"CTCF IP - HFFC cells, Rep 2 , CTCF IP - AG10803 cells, Rep 2 , CTCF IP - HFFC cells, Rep 1 , CTCF IP - AG09309 cells, Rep 2 , CTCF IP - NHDF cells , CTCF IP - HFFC cells, Rep 3 , CTCF IP - NHDF cells, Rep 1 , CTCF IP - BJ cells, Rep 2 , CTCF IP - NHEK cells, Rep 2 , CTCF IP - AG04449 cells, Rep 1 , CTCF IP - BJ cells, Rep 1 , CTCF IP - NHEK cells , CTCF IP - AG04449 cells, Rep 2 , CTCF IP - NHDF cells, Rep 2 , CTCF IP - GM12878 cells, Rep 2 , CTCF IP - AG10803 cells, Rep 1 , CTCF IP - AG09309 cells, Rep 1 ",,,
IRF4,PIP4K2C,leukocytes,IRF4 IP,,,
CREB1,PIP4K2C,prostate,"FOXA1 siRNA | CREB1 ChIP-Seq - Rep 1, CREB1 ChIP-Seq - LNCaP, CREB1 ChIP-Seq - LNCaP-abl, CREB1 ChIP-Seq - Rep 2, FOXA1 siRNA | CREB1 ChIP-Seq - Rep 2, CREB1 ChIP-Seq - Rep 1",,,
FOXA1,PIP4K2C,prostate,"FOXA1 siRNA | CREB1 ChIP-Seq - Rep 1, FOXA1 siRNA | CREB1 ChIP-Seq - Rep 2, CON KD  | FOXA1 ChIP-Seq",,,
E2F1,PIP4K2C,uterus,"E2F1 IP - HeLa cells, Rep 1, E2F1 IP - HeLa cells, Rep 2",,,
E2F1,PIP4K2C,prostate,"HES6 OE | E2F1 ChIP-Seq - Rep 3, E2F1 ChIP-Seq - Rep 2, E2F1 ChIP-Seq - Rep 3, HES6 OE + BICALU | E2F1 ChIP-Seq - Rep 1, HES6 OE | E2F1 ChIP-Seq - Rep 1, E2F1 ChIP-Seq - Rep 4, BICALU + HES6 OE | E2F1 ChIP-Seq - Rep 2, E2F1 ChIP-Seq - Rep 1, HES6 OE + BICALU | E2F1 ChIP-Seq - Rep 3, HES6 OE | E2F1 ChIP-Seq - Rep 4, BICALU | E2F1 ChIP-Seq - Rep 1, BICALU | E2F1 ChIP-Seq - Rep 2, BICALU + HES6OE | E2F1 ChIP-Seq - Rep 4, BICALU | E2F1 ChIP-Seq - Rep 4, HES6 OE | E2F1 ChIP-Seq - Rep 2, BICALU | E2F1 ChIP-Seq - Rep 3",,,
HES6,PIP4K2C,prostate,"HES6 OE | E2F1 ChIP-Seq - Rep 3, HES6 OE + BICALU | E2F1 ChIP-Seq - Rep 1, HES6 OE | E2F1 ChIP-Seq - Rep 1, BICALU + HES6 OE | E2F1 ChIP-Seq - Rep 2, HES6 OE + BICALU | E2F1 ChIP-Seq - Rep 3, HES6 OE | E2F1 ChIP-Seq - Rep 4, BICALU + HES6OE | E2F1 ChIP-Seq - Rep 4, HES6 OE | E2F1 ChIP-Seq - Rep 2",,,
CTCF,PIP4K2C,cns,"CTCF IP - spinal cord astrocyte cells, Rep 1 , CTCF IP - NHA cells , CTCF IP - SK-N-SH cells, Rep 1 , CTCF IP - spinal cord astrocyte cells, Rep 2 , CTCF IP - SK-N-SH cells , CTCF IP - SK cells, CTCF IP - cerebellar astrocyte cells, Rep 1 , CTCF IP - HCPEpiC cells, Rep 2 , CTCF IP - SK-N-SH cells, Rep 2 , CTCF IP - cerebellar astrocyte cells, Rep 2 , CTCF IP - BE(2)-C cells, Rep 1 , CTCF IP - BE(2)-C cells, Rep 2 , CTCF IP - HCPEpiC cells, Rep 1 ",,,
TCF12,PIP4K2C,stemcells,TCF12 IP - H1 cells,,,
SPI1,PIP4K2C,leukocytes,"ROSI | SPI1 ChIP-Seq, SPI1 IP, SPI1 IP, SPI1 IP, SPI1 IP, SPI1 IP, SPI1 IP - HL cells, SPI1 IP, SPI1 IP, SPI1 IP - HL-60 cells, Rep 4 , SPI1 IP, SPI1 IP - GM12891 cells, SPI1 IP - U-937 cells, Rep 4 , SPI1 IP, SPI1 IP",,,
ROSI,PIP4K2C,leukocytes,ROSI | SPI1 ChIP-Seq,,,
CTCF,PIP4K2C,stemcells,"CTCF IP - Rep 6 , CTCF IP - H1 cells , CTCF IP - Rep 5 , CTCF IP - Rep 2 , CTCF IP - Rep 4 , CTCF IP - H1 cells, CTCF IP - Rep 3 , CTCF IP - Rep 1 , CTCF IP - Rep 7 ",,,
SRF,PIP4K2C,stemcells,"SRF IP - Rep 2 , SRF IP - Rep 7 , SRF IP - Rep 6 , SRF IP - Rep 4 ",,,
FOXA2,PIP4K2C,liver,FOXA2 IP - HepG2 cells,,,
RELA,PIP4K2C,leukocytes,"RELA IP | BAY082  - IVD Th1 cells, PIA, RELA IP | TNF - GM18505 cells, RELA IP | TNF - GM10847 cells, RELA IP | TNF - GM12892 cells, RELA IP | TNF - GM12878 cells, RELA IP | TNF - GM19193 cells, RELA IP | TNF - GM15510 cells, RELA IP | TNF - GM19099 cells, RELA IP | TNF - GM12891 cells, RELA IP | TNF - GM18951 cells",,,
BAY082,PIP4K2C,leukocytes,"RELA IP | BAY082  - IVD Th1 cells, PIA",,,
MAX,PIP4K2C,lung,"MAX IP - A549 cells, MAX IP - A549 cells",,,
CTCF,PIP4K2C,lung,"CTCF IP - WI-38 cells, Rep 1 , CTCF IP - HPF cells, Rep 1 , CTCF IP - A549 cells, Rep 1 , CTCF IP | DEX - A549 cells, CTCF IP - IMR cells, CTCF IP - AG04450 cells, Rep 2 , CTCF IP - HPF cells, Rep 2 , CTCF ChIP-Seq - A549, CTCF IP - AG04450 cells, Rep 1 , CTCF IP - WI-38 cells, Rep 2 , CTCF IP | DEX - A549 cells , CTCF IP - NHLF cells , CTCF IP - A549 cells, Rep 2 , CTCF IP - A549 cells, CTCF IP - SAEC cells, Rep 2 , CTCF IP - A549 cells , CTCF IP - SAEC cells, Rep 1 , CTCF IP - NHLF cells ",,,
E2F3,PIP4K2C,colon,E2F3 IP ,,,
CTCF,PIP4K2C,megakaryocytelineage,"CTCF IP - MEG-01 cells, Rep 6 , CTCF IP - CHRF-288-11 cells, Rep 2 , CTCF IP - MEG-01 cells, Rep 2 , CTCF IP - MEG-01 cells, Rep 10 , CTCF IP - CHRF-288-11 cells, Rep 1 , CTCF IP - MEG-01 cells, Rep 4 , CTCF IP - MEG-01 cells, Rep 8 ",,,
NFYA,PIP4K2C,uterus,NFYA IP - HeLa cells,,,
CTCF,PIP4K2C,mammarygland,"CTCF IP - HMF cells, Rep 1 , CTCF IP - MCF-7 cells Rep 2 , CTCF IP - T47D cells, CTCF IP - MCF-7 cells, Rep 1 , CTCF IP - HMF cells, Rep 2 , CTCF IP - HMEC cells, Rep 2 , CTCF IP - MCF7 cells, CTCF IP - HMEC cells, Rep 1 , CTCF IP - HMEC cells ",,,
TCF12,PIP4K2C,lung,TCF12 IP - A549 cells,,,
FOXA2,PIP4K2C,embryonictissue,FOXA2 IP - Rep 2,,,
ELK1,PIP4K2C,leukocytes,ELK1 IP - GM12878 cells,,,
MYC,PIP4K2C,leukocytes,"MYC IP - K562 cells, Rep 1, MYC IP - NB4 cells, MYC IP | IFNG - K562 cells, 6 h, MYC IP | IFNG - K562 cells, 30 min, MYC IP | IFNA1 - K562 cells, 6 h",,,
CEBPB,PIP4K2C,lung,CEBPB ChIP-Seq - IMR90,,,
MAZ,PIP4K2C,lung,MAZ IP - IMR cells,,,
GMEB2,PIP4K2C,colon,GMEB2 IP ,,,
MAFK,PIP4K2C,leukocytes,"MAFK IP - GM12878 cells, MAFK IP - K562 cells",,,
JUND,PIP4K2C,colon,JUND IP - HCT116 cells,,,
GABPA,PIP4K2C,prostate,"GABPA IP | R1881, GABPA IP - Rep 2, GABPA IP - Rep 1",,,
R1881,PIP4K2C,prostate,GABPA IP | R1881,,,
ZNF263,PIP4K2C,kidney,ZNF263 IP - HEK293 cells,,,
ATF3,PIP4K2C,leukocytes,"ATF3 IP - K562 cells, ATF3 IP - GM12878 cells",,,
CTCF,PIP4K2C,sensory,"CTCF IP - HRPEpiC cells, Rep 2 , CTCF IP - HRPEpiC cells, Rep 1 , CTCF IP - WERI , CTCF IP - WERI-Rb-1- cells, Rep 1 ",,,
ZNF143,PIP4K2C,leukocytes,"ZNF143 IP - GM12878 cells, ZNF143 IP - K562 cells",,,
YY1,PIP4K2C,colon,YY1 IP - HCT116 cells,,,
FOSL2,PIP4K2C,lung,FOSL2 IP - A549 cells,,,
YY1,PIP4K2C,leukocytes,"YY1 IP - K562 cells, Rep 2, YY1 IP - GM12891 cells, YY1 IP - GM12878 cells, YY1 IP - GM12892 cells, Rep 1, YY1 IP - K562 cells, Rep 1",,,
CTCF,PIP4K2C,vasculature,"CTCF IP - HUVEC cells, Rep 1 , CTCF IP - HUVEC cells , CTCF IP - HBMEC cells, Rep 1 , CTCF IP - HBMEC cells, Rep 2 , CTCF IP - HPAF cells, Rep 1 , CTCF IP - AoAFC cells, Rep 2 , CTCF IP - HPAF cells, Rep 2 , CTCF IP - HUVEC cells, Rep 2 , CTCF IP - AoAFC cells, Rep 1 ",,,
ELF1,PIP4K2C,liver,ELF1 IP - HepG2 cells,,,
E2F6,PIP4K2C,lung,E2F6 IP - A549 cells,,,
MAX,PIP4K2C,leukocytes,"MAX IP - K562 cells, Rep 1, MAX IP - NB4 cells, MAX IP - K562 cells, Rep 2, MAX IP - GM12878 cells, MAX IP - K562 cells",,,
CTCF,PIP4K2C,placenta,"CTCF IP - HVMF cells, Rep 2 , CTCF IP - HVMF cells, Rep 1 ",,,
SP1,PIP4K2C,stemcells,"SP1 IP - Rep 1 , SP1 IP - H1 cells",,,
CTCF,PIP4K2C,hspcs,"CTCF IP - HEL 92.1.7 cells, Rep 8 , CTCF IP - HEL 92.1.7 cells, Rep 7 , CTCF IP - HEL 92.1.7 cells, Rep 5 , CTCF IP - HEL 92.1.7 cells, Rep 1 , CTCF IP - Erythroid cells, Rep 2, CTCF IP - HEL 92.1.7 cells, Rep 4 , CTCF IP - HSPCs, Rep 2, CTCF IP - HEL 92.1.7 cells, Rep 13 , CTCF IP - HEL 92.1.7 cells, Rep 2 , CTCF IP - HEL 92.1.7 cells, Rep 10 , CTCF IP - HEL 92.1.7 cells, Rep 11 , CTCF IP - Erythroid cells, Rep 1, CTCF IP - HEL 92.1.7 cells, Rep 14 , CTCF IP - HSPCs, Rep 1",,,
MAZ,PIP4K2C,leukocytes,"MAZ IP - K562 cells, MAZ IP - GM12878 cells",,,
USF1,PIP4K2C,cns,"USF1 IP - SK-N-SH cells, USF1 IP | ATRA - SK-N-SH cells",,,
FOXA1,PIP4K2C,stemcells,FOXA1 IP - ES D5,,,
STAT3,PIP4K2C,leukocytes,"STAT3 IP - U-2932, STAT3 IP - SU-DHL-6, STAT3 IP - OCI-LY7, STAT3 IP - SU-DHL-4, STAT3 IP - OCI-LY10, STAT3 IP - SU-DHL-2",,,
YY1,PIP4K2C,cns,"YY1 IP - SK-N-SH cells, YY1 IP | ATRA - SK-N-SH cells",,,
EBF1,PIP4K2C,leukocytes,EBF1 IP - GM12878 cells,,,
JUND,PIP4K2C,lung,JUND IP - A549 cells,,,
E2F4,PIP4K2C,mammarygland,E2F4 IP | 4HT - MCF10 cells,,,
4HT,PIP4K2C,mammarygland,"E2F4 IP | 4HT - MCF10 cells, FOS IP | 4HT - MCF10A cells, 36 h, FOS IP | 4HT - MCF10A cells, 4 h, FOS IP | 4HT - MCF10A cells, 12 h",,,
DEX,PIP4K2C,lung,"CTCF IP | DEX - A549 cells, USF1 IP | DEX - A549 cells, CREB1 IP | DEX - A549 cells, CTCF IP | DEX - A549 cells ",,,
TCF3,PIP4K2C,leukocytes,TCF3 IP - GM12878 cells,,,
POU2F2,PIP4K2C,leukocytes,POU2F2 IP - GM12878 cells,,,
TNF,PIP4K2C,leukocytes,"RELA IP | TNF - GM18505 cells, RELA IP | TNF - GM10847 cells, RELA IP | TNF - GM12892 cells, RELA IP | TNF - GM12878 cells, RELA IP | TNF - GM19193 cells, RELA IP | TNF - GM15510 cells, RELA IP | TNF - GM12891 cells, RELA IP | TNF - GM18951 cells",,,
USF1,PIP4K2C,uterus,USF1 IP - ECC1 cells,,,
GABPA,PIP4K2C,leukocytes,"GABPA IP - Jurkat, Rep 2, GABPA IP - GM12878 cells, Rep 2 , GABPA IP - GM12878 cells, GABPA IP - GM12878 cells, Rep 4 , GABPA IP - K562 cells, GABPA IP - Jurkat, Rep 1, GABPA IP - GM12878 cells, Rep 5 , GABPA IP - GM12878 cells, Rep 1 ",,,
FOS,PIP4K2C,mammarygland,"FOS IP - MCF10A cells, FOS IP | 4HT - MCF10A cells, 36 h, FOS IP | 4HT - MCF10A cells, 4 h, FOS IP | 4HT - MCF10A cells, 12 h",,,
JUND,PIP4K2C,vasculature,JUND IP,,,
MXI1,PIP4K2C,liver,MXI1 IP - HepG2 cells,,,
HOXA4,PIP4K2C,colon,HOXA4 IP ,,,
TBP,PIP4K2C,uterus,TBP IP - HeLa cells,,,
REST,PIP4K2C,stemcells,"REST IP - H1 cells, Rep 1, REST IP - H1 cells, Rep 2",,,
IRF1,PIP4K2C,leukocytes,"IRF1 IP | IFNG - K562 cells, 6 h, IRF1 IP | IFNG - K562 cells, 30 min, IRF1 IP | IFNA1-13 - K562 cells, 6 h",,,
IFNG,PIP4K2C,leukocytes,"IRF1 IP | IFNG - K562 cells, 6 h, IRF1 IP | IFNG - K562 cells, 30 min, STAT1 IP | IFNG - K562 cells, 6 h, STAT1 IP - Rep 5, STAT1 IP - Rep 3, MYC IP | IFNG - K562 cells, 6 h, STAT1 IP - Rep 2, MYC IP | IFNG - K562 cells, 30 min",,,
REST,PIP4K2C,cns,"REST IP - U87 cells, REST IP - SK cells, REST IP - PFSK1 cells, Rep 2",,,
ZBTB7A,PIP4K2C,leukocytes,ZBTB7A IP - SK-N-SH cells,,,
USF1,PIP4K2C,colon,USF1 IP - HCT116 cells,,,
JUND,PIP4K2C,stemcells,"JUND IP - H1 cells, JUND IP - H1 cells",,,
ELF1,PIP4K2C,colon,ELF1 IP - HCT116 cells,,,
CREB1,PIP4K2C,liver,"CREB1 IP, CREB1 IP - HepG2 cells, CREB1 IP",,,
ATF2,PIP4K2C,leukocytes,ATF2 IP - GM12878 cells,,,
ERG,PIP4K2C,prostate,"DMSO | ERG ChIP-Seq - Rep 2, ERG ChIP-Seq, DMSO | ERG ChIP-Seq - Rep 1, DHT | ERG ChIP-Seq - 18 h, ERG ChIP-Seq, DHT | ERG ChIP-Seq - 2 h",,,
E2F1,PIP4K2C,mammarygland,"E2F1 IP - MCF7 cells, E2F1 IP",,,
CEBPB,PIP4K2C,uterus,CEBPB ChIP-Seq - HeLaS3,,,
TEAD4,PIP4K2C,uterus,TEAD4 IP - ECC1 cells,,,
CTCF,PIP4K2C,uterus,"CTCF IP - HeLa cells , CTCF IP - HeLa cells, Rep 1 , CTCF IP - ECC1 cells",,,
ZNF263,PIP4K2C,leukocytes,ZNF263 IP - K562 cells,,,
MAX,PIP4K2C,uterus,"MAX IP - ECC1 cells, MAX IP - HeLa cells, Rep 1, MAX IP - HeLa cells, Rep 2",,,
MAX,PIP4K2C,liver,"MAX IP - HepG2 cells, MAX IP - HepG2 cells, MAX IP - MCF7 cells",,,
USF1,PIP4K2C,lung,"USF1 IP | DEX - A549 cells, USF1 IP - A549 cells, Rep 2, USF1 IP - A549 cells, Rep 1",,,
REST,PIP4K2C,lung,REST IP - A549 cells,,,
ZBTB7A,PIP4K2C,liver,ZBTB7A IP - HepG2 cells,,,
FOXH1,PIP4K2C,stemcells,FOXH1 ChIP-Seq - Escs,,,
E2F6,PIP4K2C,leukocytes,"E2F6 IP - K562 cells, E2F6 IP - K562 cells",,,
USF2,PIP4K2C,leukocytes,"USF2 IP - K562 cells, USF2 IP - GM12878 cells",,,
FOXA1,PIP4K2C,mammarygland,"FOXA1 ChIP-Seq - Rep 1, FOXA1 IP - T47D cells, FOXA1 ChIP-Seq - Rep 1, DHT | FOXA1 ChIP-Seq",,,
ELF1,PIP4K2C,cns,ELF1 IP - SK-N-SH cells,,,
STAT2,PIP4K2C,leukocytes,"STAT2 IP | IFNA1-13 - K562 cells, 30 min",,,
IFNA1,PIP4K2C,leukocytes,"STAT2 IP | IFNA1-13 - K562 cells, 30 min, IRF1 IP | IFNA1-13 - K562 cells, 6 h, JUN IP | IFNA1-13 - 30 min , MYC IP | IFNA1 - K562 cells, 6 h",,,
ATF1,PIP4K2C,leukocytes,ATF1 IP - K562 cells,,,
CTCF,PIP4K2C,liver,"CTCF IP - HepG2 cells , CTCF IP - HepG2 cells, Rep 1 , CTCF IP - HepG2 cells, Rep 2 , CTCF IP - SK-N-SH cells, CTCF IP",,,
BCL3,PIP4K2C,leukocytes,BCL3 IP - GM12878 cells,,,
MAFK,PIP4K2C,liver,"MAFK IP - HepG2 cells, Rep 2",,,
CEBPB,PIP4K2C,leukocytes,"CEBPB IP - Rep 204, CEBPB IP - K562 cells, CEBPB IP - Rep 203, CEBPB IP | oxLDL  - Rep 208",,,
USF1,PIP4K2C,leukocytes,"USF1 IP - GM12878 cells, USF1 IP - K562 cells",,,
KLF11,PIP4K2C,adiposetissue,"ROSI (BrAT) | KLF11 ChIP-Seq, Rep 1, KLF11 ChIP-Seq, Rep 1, ROSI (BrAT) | KLF11 ChIP-Seq, Rep 2, KLF11 ChIP-Seq, Rep 2",,,
ROSI,PIP4K2C,adiposetissue,"ROSI (BrAT) | KLF11 ChIP-Seq, Rep 1, ROSI (BrAT) | KLF11 ChIP-Seq, Rep 2",,,
MYC,PIP4K2C,mammarygland,"MYC IP - MCF-10A cells, DHT | MYC ChIP-Seq",,,
TBP,PIP4K2C,leukocytes,"TBP IP - GM12878 cells, TBP IP - K562 cells",,,
E2F6,PIP4K2C,stemcells,E2F6 IP - H1 cells,,,
MXI1,PIP4K2C,leukocytes,MXI1 IP - GM12878 cells,,,
ARNTL,PIP4K2C,bone,ARNTL IP,,,
MYC,PIP4K2C,uterus,MYC IP - HeLa cells,,,
BICALU,PIP4K2C,prostate,"HES6 OE + BICALU | E2F1 ChIP-Seq - Rep 1, BICALU + HES6 OE | E2F1 ChIP-Seq - Rep 2, HES6 OE + BICALU | E2F1 ChIP-Seq - Rep 3, BICALU | E2F1 ChIP-Seq - Rep 1, BICALU | E2F1 ChIP-Seq - Rep 2, BICALU + HES6OE | E2F1 ChIP-Seq - Rep 4, BICALU | E2F1 ChIP-Seq - Rep 4, BICALU | E2F1 ChIP-Seq - Rep 3",,,
CTCF,PIP4K2C,bone,"CTCF IP - Osteoblasts , CTCF IP",,,
USF2,PIP4K2C,liver,USF2 IP - HepG2 cells,,,
ZNF143,PIP4K2C,uterus,ZNF143 IP - HeLa cells,,,
GLI2,PIP4K2C,colon,GLI2 IP ,,,
ATRA,PIP4K2C,cns,"YY1 IP | ATRA - SK-N-SH cells, USF1 IP | ATRA - SK-N-SH cells",,,
CTCF,PIP4K2C,colon,"CTCF IP - HCT116 cells, Rep 1 , CTCF IP - HCT116 cells, Rep 2 , CTCF IP - Caco-2 cells, Rep 1 , CTCF IP - Rep 1 , CTCF IP - Rep 2 , CTCF IP - HCT116 cells, CTCF IP - Rep 3 , CTCF IP - Caco ",,,
GABPA,PIP4K2C,lung,GABPA IP - A549 cells,,,
MYB,PIP4K2C,leukocytes,"MYB IP - Jurkat, Rep 2, MYB IP - Jurkat, Rep 1, MYB IP - Jurkat, Rep 3, MYB IP - MOLT3, MYB IP - Jurkat, Rep 5, MYB IP - Jurkat, Rep 4",,,
TCF12,PIP4K2C,leukocytes,TCF12 IP - GM12878 cells,,,
EOMES,PIP4K2C,stemcells,"EOMES IP - Rep 1 , EOMES IP - Rep 3 , EOMES IP - Rep 2 ",,,
STAT5A,PIP4K2C,leukocytes,"STAT5A IP - K562 cells, STAT5A IP - GM12878 cells",,,
CTCF,PIP4K2C,heart,"CTCF IP - HCF cells , CTCF IP - myocytes cells, Rep 1 , CTCF IP - myocytes cells, Rep 2 ",,,
CREB1,PIP4K2C,lung,CREB1 IP | DEX - A549 cells,,,
FOXH1,PIP4K2C,embryonictissue,FOXH1 IP - endoderm,,,
ATF2,PIP4K2C,stemcells,ATF2 IP - H1 cells,,,
CTCF,PIP4K2C,miscellaneous,"CTCF IP - AG09319 cells, Rep 2 , CTCF IP - AG09319 cells, Rep 1 ",,,
GTF2F1,PIP4K2C,uterus,GTF2F1 IP - HeLa cells,,,
BHLHE40,PIP4K2C,liver,BHLHE40 IP - HepG2 cells,,,
FOXP1,PIP4K2C,colon,FOXP1 IP ,,,
E2F6,PIP4K2C,uterus,E2F6 IP - HeLa cells,,,
MAZ,PIP4K2C,uterus,MAZ IP - HeLa cells,,,
GATA3,PIP4K2C,mammarygland,"GATA3 IP - T47D cells, GATA3 IP - MCF7 cells",,,
MAX,PIP4K2C,stemcells,"MAX IP - H1 cells, MAX IP - H1 cells",,,
NFYB,PIP4K2C,leukocytes,NFYB IP - GM12878 cells,,,
KLF5,PIP4K2C,stomach,KLF5 IP - KATOIII,,,
E2F4,PIP4K2C,uterus,E2F4 IP - HeLa cells,,,
GATA4,PIP4K2C,stomach,GATA4 IP - AGS,,,
GATA6,PIP4K2C,stomach,GATA6 IP - YCC3,,,
HOXA6,PIP4K2C,colon,HOXA6 IP ,,,
FOXP1,PIP4K2C,prostate,DHT | FOXP1 ChIP-Seq,,,
DHT,PIP4K2C,prostate,"DHT | FOXP1 ChIP-Seq, DHT | ERG ChIP-Seq - 18 h, DHT | ERG ChIP-Seq - 2 h",,,
MTA3,PIP4K2C,leukocytes,MTA3 IP - GM12878 cells,,,
ZEB1,PIP4K2C,pancreas,ZEB1 IP,,,
TP53,PIP4K2C,bone,"TP53 IP - Rep 2, TP53 IP | NUTL3 - SJSA-1, TP53 IP - SJSA1",,,
MAFK,PIP4K2C,lung,MAFK IP - IMR cells,,,
MAFF,PIP4K2C,leukocytes,MAFF IP - K562 cells,,,
ATF3,PIP4K2C,colon,"ATF3 IP - HCT116 cells, ATF3 IP | CAMPTO",,,
RUNX1,PIP4K2C,hspcs,RUNX1,,,
ELF1,PIP4K2C,mammarygland,ELF1 IP - MCF7 cells,,,
UBTF,PIP4K2C,leukocytes,UBTF IP - K562 cells,,,
SP1,PIP4K2C,leukocytes,"SP1 IP - K562 cells, SP1 IP - GM12878 cells",,,
JUND,PIP4K2C,liver,JUND IP - HepG2 cells,,,
ZNF217,PIP4K2C,mammarygland,ZNF217 IP - MCF7 cells,,,
HEY1,PIP4K2C,liver,HEY1 IP - HepG2 cells,,,
JUND,PIP4K2C,leukocytes,JUND IP - K562 cells,,,
YY1,PIP4K2C,uterus,YY1 IP - ECC1 cells,,,
SP1,PIP4K2C,lung,SP1 IP - A549 cells,,,
TP53,PIP4K2C,mammarygland,TP53 IP,,,
STAT1,PIP4K2C,leukocytes,"STAT1 IP | IFNG - K562 cells, 6 h, STAT1 IP - Rep 5, STAT1 IP - Rep 3, STAT1 IP - Rep 2",,,
TAL1,PIP4K2C,colon,TAL1 IP ,,,
FOXP2,PIP4K2C,cns,"FOXP2 IP - PFSK-1 cells, FOXP2 IP - SK cells",,,
FOXM1,PIP4K2C,leukocytes,FOXM1 IP - GM12878 cells,,,
CTCF,PIP4K2C,skeletalmuscle,"CTCF IP - HSMM cells, Rep 2 , CTCF IP - HSMM cells, Rep 1 ",,,
RUNX1,PIP4K2C,leukocytes,"RUNX1 IP - Rep 2, RUNX1 IP, RUNX1 IP",,,
BACH1,PIP4K2C,stemcells,BACH1 IP - H1 cells,,,
KLF5,PIP4K2C,pancreas,KLF5 IP,,,
ZBTB7A,PIP4K2C,uterus,ZBTB7A IP - ECC1 cells,,,
EGR1,PIP4K2C,colon,EGR1 IP - HCT116 cells,,,
GTF2B,PIP4K2C,uterus,GTF2B IP - Rep 2,,,
NFATC1,PIP4K2C,leukocytes,NFATC1 IP - GM12878 cells,,,
NANOG,PIP4K2C,stemcells,NANOG IP - H1 cells,,,
REST,PIP4K2C,liver,"REST IP - HepG2 cells, Rep 1",,,
PBX3,PIP4K2C,lung,PBX3 IP - A549 cells,,,
TEAD4,PIP4K2C,stemcells,TEAD4 IP - H1 cells,,,
ELK1,PIP4K2C,uterus,ELK1 IP - HeLa cells,,,
YY1,PIP4K2C,lung,YY1 IP - A549 cells,,,
ATF3,PIP4K2C,liver,ATF3 IP - HepG2 cells,,,
FOXA1,PIP4K2C,liver,"FOXA1 IP - HepG2 cells, Rep 1, FOXA1 IP - HepG2 cells, Rep 2",,,
CTCF,PIP4K2C,pancreas,CTCF IP,,,
GABPA,PIP4K2C,liver,"GABPA IP, GABPA IP - MCF7 cells, GABPA IP - HepG2 cells, GABPA IP",,,
ARID3A,PIP4K2C,liver,ARID3A IP - HepG2 cells,,,
CEBPB,PIP4K2C,colon,CEBPB IP - HCT116 cells,,,
GABPA,PIP4K2C,stemcells,GABPA IP - H1 cells,,,
GATA4,PIP4K2C,stemcells,GATA4 IP - Rep 9 ,,,
NFKB1,PIP4K2C,leukocytes,NFKB1 IP - Rep 2,,,
CREB1,PIP4K2C,leukocytes,"CREB1 IP - K562 cells, CREB1 IP - GM12878 cells",,,
FOXA2,PIP4K2C,lung,FOXA2 IP - A549 cells,,,
ZEB1,PIP4K2C,liver,ZEB1 IP - HepG2 cells,,,
SRF,PIP4K2C,leukocytes,SRF IP - SK-N-SH cells,,,
ATF3,PIP4K2C,stemcells,ATF3 IP - H1 cells,,,
TCF12,PIP4K2C,cns,TCF12 IP - SK-N-SH cells,,,
HEY1,PIP4K2C,leukocytes,HEY1 IP - K562 cells,,,
ETS1,PIP4K2C,leukocytes,"ETS1 IP - K562 cells, ETS1 IP - GM12878 cells, ETS1 IP",,,
STAT1,PIP4K2C,uterus,"STAT1 IP | IFNG - HeLa cells, 30 min",,,
IFNG,PIP4K2C,uterus,"STAT1 IP | IFNG - HeLa cells, 30 min",,,
ATF3,PIP4K2C,lung,ATF3 IP - A549 cells,,,
TCF12,PIP4K2C,uterus,TCF12 IP - ECC1 cells,,,
GATA1,PIP4K2C,leukocytes,GATA1 ChIP-Seq - SC266,,,
CTCF,PIP4K2C,esophagus,"CTCF IP - HEEpiC cells, Rep 1 , CTCF IP - HEEpiC cells, Rep 2 ",,,
ZNF143,PIP4K2C,stemcells,ZNF143 IP - H1 cells,,,
IRF1,PIP4K2C,colon,IRF1 IP ,,,
FOXA2,PIP4K2C,stemcells,"FOXA2 IP - ES D10, FOXA2 IP - ES D5",,,
RELA,PIP4K2C,colon,RELA IP ,,,
USF2,PIP4K2C,uterus,USF2 IP - HeLa cells,,,
MXI1,PIP4K2C,uterus,MXI1 IP - HeLa cells,,,
ZEB1,PIP4K2C,leukocytes,ZEB1 IP - GM12878 cells,,,
SMAD4,PIP4K2C,embryonictissue,SMAD4 IP - endoderm,,,
MXI1,PIP4K2C,cns,MXI1 IP - SK-N-SH cells ,,,
MYBL2,PIP4K2C,liver,MYBL2 IP - HepG2 cells,,,
FLI1,PIP4K2C,hspcs,FLI1 IP,,,
TCF7L2,PIP4K2C,mammarygland,TCF7L2 ChIP-Seq,,,
BHLHE40,PIP4K2C,leukocytes,"BHLHE40 IP - K562 cells, BHLHE40 IP - GM12878 cells",,,
JUN,PIP4K2C,leukocytes,JUN IP | IFNA1-13 - 30 min ,,,
ELF3,PIP4K2C,pancreas,ELF3 IP,,,
MXI1,PIP4K2C,stemcells,MXI1 IP - H1 cells,,,
EGR1,PIP4K2C,leukocytes,EGR1 IP - K562 cells,,,
REST,PIP4K2C,pancreas,"REST IP - Panc1 cells, Rep 3",,,
USF2,PIP4K2C,stemcells,USF2 IP - H1 cells,,,
YY1,PIP4K2C,liver,YY1 IP - HepG2 cells,,,
ETV5,PIP4K2C,colon,ETV5 IP ,,,
GABPA,PIP4K2C,uterus,GABPA IP - HeLa cells,,,
E2F4,PIP4K2C,leukocytes,E2F4 IP - K562 cells,,,
TAL1,PIP4K2C,leukocytes,TAL1 IP - K562 cells,,,
SMAD1,PIP4K2C,hspcs,SMAD1 IP - Rep 3,,,
USF1,PIP4K2C,stemcells,USF1 IP - H1 cells,,,
OTX2,PIP4K2C,stemcells,OTX2 IP - Rep 10 ,,,
FOSL2,PIP4K2C,cns,FOSL2 IP - SK-N-SH cells,,,
THAP1,PIP4K2C,leukocytes,THAP1 IP - K562 cells,,,
SP1,PIP4K2C,colon,SP1 IP - HCT116 cells,,,
YY1,PIP4K2C,stemcells,YY1 IP - H1 cells,,,
ELF1,PIP4K2C,lung,ELF1 IP - A549 cells,,,
ZNF384,PIP4K2C,leukocytes,ZNF384 IP - K562 cells,,,
USF1,PIP4K2C,liver,USF1 IP - HepG2 cells,,,
SP1,PIP4K2C,liver,SP1 IP - HepG2 cells,,,
HMGN3,PIP4K2C,leukocytes,HMGN3 IP - K562 cells,,,
GABPA,PIP4K2C,cns,GABPA IP - SK-N-SH cells,,,
MAX,PIP4K2C,colon,MAX IP - HCT116 cells,,,
SRF,PIP4K2C,colon,SRF IP - HCT116 cells,,,
DHT,PIP4K2C,mammarygland,"DHT | FOXA1 ChIP-Seq, DHT | MYC ChIP-Seq",,,
TBP,PIP4K2C,stemcells,TBP IP - H1 cells,,,
RUNX1T1,PIP4K2C,leukocytes,RUNX1T1 IP,,,
CUX1,PIP4K2C,leukocytes,CUX1 IP - K562 cells,,,
TEAD4,PIP4K2C,leukocytes,TEAD4 IP - K562 cells,,,
MAX,PIP4K2C,cns,MAX IP - SK-N-SH cells,,,
GATA2,PIP4K2C,hspcs,GATA2 IP,,,
ATF2,PIP4K2C,colon,ATF2 IP ,,,
PBX3,PIP4K2C,cns,PBX3 IP - SK-N-SH cells,,,
PAX5,PIP5K1A,leukocytes,"PAX5 IP - GM12891 cells, PAX5 IP - GM12892 cells, PAX5 IP - GM12878 cells, Rep 1, PAX5 IP - GM12878 cells, Rep 2",,,
CTCF,PIP5K1A,skin,"CTCF IP - NHEK cells , CTCF IP - AG04449 cells, Rep 2 , CTCF IP - BJ cells, Rep 1 , CTCF IP - AG10803 cells, Rep 1 , CTCF IP - AG10803 cells, Rep 2 , CTCF IP - HFFC cells, Rep 3 , CTCF IP - NHDF cells, Rep 1 , CTCF IP - HFFC cells, Rep 2 , CTCF IP - NHEK cells, Rep 2 , CTCF IP - AG09309 cells, Rep 1 , CTCF IP - GM12878 cells, Rep 2 , CTCF IP - NHDF cells , CTCF IP - HFFC cells, Rep 1 , CTCF IP - NHDF cells, Rep 2 , CTCF IP - AG04449 cells, Rep 1 , CTCF IP - BJ cells, Rep 2 ",,,
YY1,PIP5K1A,leukocytes,"YY1 IP - GM12878 cells, YY1 IP - K562 cells, Rep 2, YY1 IP - K562 cells, YY1 IP - K562 cells, Rep 1, YY1 IP - GM12892 cells, Rep 1, YY1 IP - GM12891 cells",,,
YY1,PIP5K1A,lung,YY1 IP - A549 cells,,,
MYC,PIP5K1A,leukocytes,"MYC IP | IFNG - K562 cells, 6 h, MYC IP | IFNG - K562 cells, 30 min, MYC IP | IFNA1 - K562 cells, 30 min, MYC IP | IFNA1 - K562 cells, 6 h, MYC IP - K562 cells, Rep 2, MYC IP - NB4 cells, MYC IP - K562 cells, Rep 1",,,
IFNG,PIP5K1A,leukocytes,"MYC IP | IFNG - K562 cells, 6 h, STAT1 IP - Rep 5, STAT1 IP - Rep 3, MYC IP | IFNG - K562 cells, 30 min, STAT1 IP - Rep 2, IRF1 IP | IFNG - K562 cells, 6 h, STAT1 IP - Rep 1, STAT1 IP - Rep 4, STAT1 IP - Rep 6, STAT1 IP | IFNG - K562 cells, 6 h, IRF1 IP | IFNG - K562 cells, 30 min",,,
JUND,PIP5K1A,liver,"JUND IP - HepG2 cells, JUND IP - HepG2 cells",,,
NFKB1,PIP5K1A,leukocytes,"NFKB1 IP - Rep 2, NFKB1 IP - Rep 1",,,
SPI1,PIP5K1A,leukocytes,"ROSI | SPI1 ChIP-Seq, SPI1 IP - U-937 cells, Rep 1 , SPI1 IP, SPI1 IP - GM12878 cells, SPI1 IP, SPI1 IP - HL cells, SPI1 IP, SPI1 IP | RUNX1 KD, SPI1 IP, SPI1 IP - GM12878 cells, Rep 2 , SPI1 IP - U-937 cells, Rep 3 , SPI1 IP, SPI1 IP, SPI1 IP - GM12878 cells, Rep 4 , SPI1 IP - K562 cells, SPI1 IP - U-937 cells, Rep 4 , SPI1 IP - GM12878 cells, Rep 3 , SPI1 IP, SPI1 IP - GM12891 cells",,,
ROSI,PIP5K1A,leukocytes,ROSI | SPI1 ChIP-Seq,,,
CTCF,PIP5K1A,uterus,"CTCF IP - ECC1 cells, CTCF IP - HeLa cells , CTCF IP - HeLa cells, Rep 1 ",,,
CTCF,PIP5K1A,leukocytes,"CTCF IP - GM19193 cells, Rep 2 , CTCF IP - GM07346 cells, CTCF IP - F36P cells, Rep 10 , CTCF IP - GM12154 cells, Rep 2, CTCF IP - GM18526 cells, Rep 1 , CTCF IP - GM12873 cells, Rep 3 , CTCF IP - GM11831 cells, CTCF IP - GM12155 cells, Rep 1, CTCF IP - GM12864 cells, Rep 1 , CTCF IP - GM12875 cells, Rep 1 , CTCF IP, CTCF IP - K562 cells, Rep 13 , CTCF IP - U-937 cells, Rep 2 , CTCF IP - KU812 cells, Rep 17 , CTCF IP - GM12872 cells, Rep 1 , CTCF IP - K562 cells, Rep 11 , CTCF IP - GM2255 cells, Rep 2 , CTCF IP - K562 cells , CTCF IP - F36P cells, Rep 15 , CTCF IP - GM11994 cells, Rep 1, CTCF IP - GM12872 cells, CTCF IP - GM11992 cells, Rep 2, CTCF IP - GM12154 cells, Rep 1, CTCF IP - GM11992 cells, Rep 1, CTCF IP - GM11811 cells, Rep 2, CTCF IP - GM2610 cells, Rep 2 , CTCF IP - F36P cells, Rep 6 , CTCF IP - F36P cells, Rep 9 , CTCF IP - GM12878 cells, Rep 2 , CTCF IP - GM2255 cells, Rep 3 , CTCF IP - F36P cells, Rep 11 , CTCF IP - KU812 cells, Rep 1 , CTCF IP - GM11881 cells, CTCF IP - K562 cells, Rep 1 , CTCF IP - GM12865 cells, Rep 2 , CTCF IP - GM12878 cells , CTCF IP - K562 cells, Rep 14 , CTCF IP - GM2610 cells, Rep 3 , CTCF IP - GM06986 cells, CTCF IP - K562 cells, Rep 16 , CTCF IP -  CD20+ cells , CTCF IP - NB4 cells , CTCF IP - GM19240 cells, Rep 1 , CTCF IP - GM12005 cells, Rep 1, CTCF IP - GM12868 cells , CTCF IP - F36P cells, Rep 18 , CTCF IP - GM19099 cells, Rep 1 , CTCF IP - KU812 cells, Rep 5 , CTCF IP - F36P cells, Rep 17 , CTCF IP - GM12890 cells, Rep 2 , CTCF IP - GM19239 cells, Rep 1 , CTCF IP - MS1 cells, Rep 4 , CTCF IP - GM12287 cells, Rep 1, CTCF IP - K562 cells, CTCF IP - GM18951 cells, Rep 2 , CTCF ChIP-Seq - GM12878, CTCF IP - CD14+ cells , CTCF IP - GM12749 cells, Rep 2, CTCF IP - GM2588 cells, Rep 2 , CTCF IP - GM12891 cells, Rep 1 , CTCF IP - GM18486 cells, Rep 2 , CTCF IP - GM12873 cells, Rep 1 , CTCF IP - F36P cells, Rep 2 , CTCF IP - GM18505 cells, Rep 2 , CTCF IP - GM18526 cells, Rep 2 , CTCF IP - MS1 cells, Rep 1 , CTCF IP - F36P cells, Rep 14 , CTCF IP - GM18951 cells, Rep 1 , CTCF IP - GM12867 cells , CTCF IP - GM12864 cells, Rep 2 , CTCF IP - GM07037 cells, CTCF IP - GM11994 cells, Rep 2, CTCF IP - UT-7 cells, Rep 5 , CTCF IP - GM2588 cells, Rep 1 , CTCF IP - GM12869 cells , CTCF IP - UT-7 cells, Rep 6 , CTCF IP - GM12892 cells, Rep 2 , CTCF IP - GM12871 cells , CTCF IP - UT-7 cells, Rep 3 , CTCF IP - KU812 cells, Rep 13 , CTCF IP - GM12890 cells, Rep 1 , CTCF IP - GM18486 cells, Rep 3 , CTCF IP - GM12874 cells, CTCF IP - GM12878 cells, Rep 2 , CTCF IP - MS1 cells, Rep 3 , CTCF IP - GM2630 cells, Rep 2 , CTCF IP - GM12815 cells, Rep 1, CTCF IP - GM12866 cells , CTCF IP - UT-7 cells, Rep 2 , CTCF IP - F36P cells, Rep 5 , CTCF IP - GM19238 cells, Rep 1 , CTCF IP - GM19240 cells, Rep 2 , CTCF IP - UT-7 cells, Rep 1 , CTCF IP - GM10847 cells, Rep 1 , CTCF IP - GM12865 cells, Rep 3 , CTCF IP - GM19238 cells, Rep 2 , CTCF IP - F36P cells, Rep 3 , CTCF IP - GM06990 cells, Rep 1 , CTCF IP - GM19193 cells, Rep 1 , CTCF IP - GM11894 cells, Rep 1, CTCF IP - KU812 cells, Rep 9 , CTCF IP - U-937 cells, Rep 1 , CTCF IP - K562 cells, CTCF IP - MS1 cells, Rep 2 , CTCF IP - GM12814 cells, Rep 1, CTCF IP - GM12815 cells, Rep 2, CTCF IP - GM2630 cells, Rep 3 , CTCF IP - GM12890 cells, Rep 3 , CTCF IP - GM18505 cells, Rep 1 , CTCF IP - HeLa cells, Rep 2 , CTCF IP - GM19239 cells, Rep 2 , CTCF IP - GM12891 cells, Rep 2 , CTCF IP - F36P cells, Rep 7 , CTCF IP - GM2630 cells, Rep 1 , CTCF IP - GM10847 cells, Rep 2 , CTCF IP - GM19099 cells, Rep 2 , CTCF IP - GM12873 cells, Rep 1 , CTCF IP - GM12864 cells, Rep 3 , CTCF IP - GM12814 cells, Rep 2, CTCF IP - GM2255 cells, Rep 1 , CTCF IP - GM12874 cells, Rep 2 , CTCF IP - GM12878 cells, Rep 1 , CTCF IP - GM12828 cells, CTCF IP - F36P cells, Rep 19 , CTCF IP - GM12005 cells, Rep 2, CTCF IP - GM12234 cells, CTCF IP - F36P cells, Rep 13 , CTCF IP - GM11811 cells, Rep 1, CTCF IP - GM18486 cells, Rep 1 , CTCF IP - GM12489 cells, Rep 1, CTCF IP - K562 cells, Rep 15 , CTCF IP - GM06990 cells, Rep 2 , CTCF IP - GM12749 cells, Rep 1, CTCF IP - GM2588 cells, Rep 3 , CTCF IP -  DND , CTCF IP - K562 cells, Rep 12 , CTCF IP - GM12870 cells , CTCF IP - GM12872 cells, Rep 3 , CTCF IP - GM12006 cells, Rep 2, CTCF IP - GM12892 cells, Rep 1 , CTCF IP - K562 cells, CTCF IP - HL , CTCF IP - GM2610 cells, Rep 1 ",,,
ZNF384,PIP5K1A,leukocytes,"ZNF384 IP - GM12878 cells, ZNF384 IP - K562 cells",,,
CTCF,PIP5K1A,cns,"CTCF IP - cerebellar astrocyte cells, Rep 1 , CTCF IP - BE(2)-C cells, Rep 1 , CTCF IP - HCPEpiC cells, Rep 1 , CTCF IP - SK-N-SH cells , CTCF IP - cerebellar astrocyte cells, Rep 2 , CTCF IP - spinal cord astrocyte cells, Rep 2 , CTCF IP - HCPEpiC cells, Rep 2 , CTCF IP - SK-N-SH cells, Rep 2 , CTCF IP - SK-N-SH cells, Rep 1 , CTCF IP - NHA cells , CTCF IP - BE(2)-C cells, Rep 2 , CTCF IP - SK cells, CTCF IP - spinal cord astrocyte cells, Rep 1 ",,,
SRF,PIP5K1A,stemcells,"SRF IP - Rep 7 , SRF IP - H1 cells",,,
ATF3,PIP5K1A,colon,"ATF3 IP - HCT116 cells, ATF3 IP, ATF3 IP | CAMPTO",,,
GTF2B,PIP5K1A,leukocytes,GTF2B IP - K562 cells,,,
JUN,PIP5K1A,mammarygland,"JUN IP | CPDA, JUN IP | DEX, JUN IP, JUN IP - Rep 1, JUN IP - Rep 2",,,
CPDA,PIP5K1A,mammarygland,JUN IP | CPDA,,,
CEBPB,PIP5K1A,liver,"CEBPB IP | FORSK - HepG2 cells, CEBPB IP - HepG2 cells, CEBPB ChIP-Seq - HepG2",,,
FORSK,PIP5K1A,liver,CEBPB IP | FORSK - HepG2 cells,,,
LYL1,PIP5K1A,leukocytes,LYL1 IP - HL-60,,,
FOXA1,PIP5K1A,mammarygland,"FOXA1 ChIP-Seq - Rep 2, FOXA1 IP - T47D, DHT | FOXA1 ChIP-Seq, DEX | FOXA1 ChIP-Seq - Rep 2, 17BE2 | FOXA1 ChIP-Seq - Rep 2, FOXA1 IP - T47D cells, DEX | FOXA1 ChIP-Seq - Rep 2, FOXA1 ChIP-Seq - Rep 1, FOXA1 ChIP-Seq - Rep 2, 17BE2 | FOXA1 ChIP-Seq - Rep 2, FOXA1 ChIP-Seq - Rep 1, DEX | FOXA1 ChIP-Seq - Rep 1, FOXA1 ChIP-Seq - Rep 2, 17BE2 | FOXA1 ChIP-Seq - Rep 2, 17BE2 | FOXA1 ChIP-Seq - Rep 1, DEX | FOXA1 ChIP-Seq - Rep 1, 17BE2 | FOXA1 ChIP-Seq - Rep 1, FOXA1 ChIP-Seq - Rep 2, 17BE2 | FOXA1 ChIP-Seq - Rep 2, FOXA1 ChIP-Seq - Rep 1, 17BE2 | FOXA1 ChIP-Seq, DEX | FOXA1 ChIP-Seq - Rep 2",,,
CTCF,PIP5K1A,lung,"CTCF IP | DEX - A549 cells , CTCF IP - A549 cells, Rep 1 , CTCF IP - NHLF cells , CTCF IP - SAEC cells, Rep 1 , CTCF IP - AG04450 cells, Rep 2 , CTCF IP | DEX - A549 cells, CTCF IP - HPF cells, Rep 2 , CTCF IP - WI-38 cells, Rep 1 , CTCF IP - NHLF cells , CTCF IP - AG04450 cells, Rep 1 , CTCF IP - SAEC cells, Rep 2 , CTCF IP - A549 cells , CTCF IP - HPF cells, Rep 1 , CTCF IP - A549 cells, CTCF IP - A549 cells, Rep 2 , CTCF ChIP-Seq - A549, CTCF IP - IMR cells",,,
DEX,PIP5K1A,lung,"CTCF IP | DEX - A549 cells , USF1 IP | DEX - A549 cells, CTCF IP | DEX - A549 cells, CREB1 IP | DEX - A549 cells, FOXA1 IP | DEX - A549 cells",,,
ELK4,PIP5K1A,uterus,"ELK4 IP - HeLa cells, ELK4 IP - HeLa, Rep 2, ELK4 IP - HeLa, Rep 1",,,
FOXA1,PIP5K1A,prostate,"FOXA1 ChIP-Seq, EtOH | FOXA1 ChIP-Seq - Rep 2, AR C562S OE + FOXA1 OE | FOXA1 ChIP-Seq, CON KD + R1881 | FOXA1 ChIP-Seq, FOXA1 ChIP-Seq, FOXA1 ChIP-Seq - Rep 1, GATA2 KD  | FOXA1 ChIP-Seq, FOXA1 siRNA | CREB1 ChIP-Seq - Rep 2, DHT | FOXA1 ChIP-Seq - C4- Rep 2B, CON KD  | FOXA1 ChIP-Seq, CON KD + R1881 | FOXA1 ChIP-Seq - Rep 1, FOXA1 ChIP-Seq - Rep 2, CREB1 siRNA | FOXA1 ChIP-Seq - Rep 1, DHT | FOXA1 ChIP-Seq, AR Q640X OE + FOXA1 OE | FOXA1 ChIP-Seq, CON KD | FOXA1 ChIP-Seq, FOXA1 siRNA | CREB1 ChIP-Seq - Rep 1, CREB1 siRNA | FOXA1 ChIP-Seq - Rep 2, PIAS1 + R1881 | FOXA1 ChIP-Seq - Rep 1, WT AR OE + FOXA1 OE | FOXA1 ChIP-Seq - high FOXA1, CON KD | FOXA1 ChIP-Seq, R1881 | FOXA1 ChIP-Seq - Rep 1, POU2F1 KD + DHT | FOXA1 ChIP-Seq, WT AR OE + FOXA1 OE | FOXA1 ChIP-Seq, EtOH | FOXA1 ChIP-Seq - , GATA2 KD + R1881 | FOXA1 ChIP-Seq, R1881 | FOXA1 ChIP-Seq - Rep 2, CON KD + R1881 | FOXA1 ChIP-Seq - Rep 2, FOXA1 ChIP-Seq - LNCaP-abl, PIAS1 + R1881 | FOXA1 ChIP-Seq - Rep 2",,,
NFYA,PIP5K1A,colon,NFYA IP ,,,
STAT3,PIP5K1A,leukocytes,"STAT3 IP - OCI-LY10, STAT3 IP - OCI-LY7, STAT3 IP - OCI-LY3, STAT3 IP - SU-DHL-2, STAT3 IP - U-2932, STAT3 IP - SU-DHL-6, STAT3 IP - OCI-LY19, STAT3 IP - SU-DHL-4",,,
EGR1,PIP5K1A,colon,EGR1 IP - HCT116 cells,,,
SRF,PIP5K1A,uterus,SRF IP - ECC1 cells,,,
MXI1,PIP5K1A,liver,MXI1 IP - HepG2 cells,,,
ERG,PIP5K1A,prostate,"DMSO | ERG ChIP-Seq - Rep 1, DHT | ERG ChIP-Seq - 18 h, DHT | ERG ChIP-Seq - 2 h, DMSO | ERG ChIP-Seq - Rep 2, ERG ChIP-Seq, ERG IP | R1881, ERG | ERG ChIP-Seq, JQI | ERG ChIP-Seq - Rep 2, ERG ChIP-Seq, JQI | ERG ChIP-Seq - Rep 1",,,
CTCF,PIP5K1A,mammarygland,"CTCF IP - HMEC cells , CTCF IP - HMEC cells, Rep 2 , CTCF IP - HMEC cells, Rep 1 , CTCF IP - MCF-7 cells Rep 2 , CTCF IP - HMF cells, Rep 1 , CTCF IP - MCF7 cells, CTCF IP - HMF cells, Rep 2 , CTCF IP - MCF-7 cells, Rep 1 , CTCF IP - T47D cells",,,
SMAD1,PIP5K1A,hspcs,SMAD1 IP - Rep 3,,,
CTCF,PIP5K1A,skeletalmuscle,"CTCF IP - HSMM cells, Rep 2 , CTCF IP - HSMM cells, Rep 1 ",,,
AR,PIP5K1A,prostate,"AR C562S OE + FOXA1 OE | FOXA1 ChIP-Seq, AR Q640X OE + FOXA1 OE | FOXA1 ChIP-Seq, WT AR OE + FOXA1 OE | FOXA1 ChIP-Seq - high FOXA1, WT AR OE + FOXA1 OE | FOXA1 ChIP-Seq",,,
E2F1,PIP5K1A,prostate,"HES6 OE | E2F1 ChIP-Seq - Rep 4, BICALU | E2F1 ChIP-Seq - Rep 1, BICALU | E2F1 ChIP-Seq - Rep 2, HES6 OE | E2F1 ChIP-Seq - Rep 3, E2F1 ChIP-Seq - Rep 2, E2F1 ChIP-Seq - Rep 3, HES6 OE + BICALU | E2F1 ChIP-Seq - Rep 1, E2F1 ChIP-Seq - Rep 1, HES6 OE + BICALU | E2F1 ChIP-Seq - Rep 3, BICALU | E2F1 ChIP-Seq - Rep 3, E2F1 ChIP-Seq - Rep 4, HES6 OE | E2F1 ChIP-Seq - Rep 1",,,
HES6,PIP5K1A,prostate,"HES6 OE | E2F1 ChIP-Seq - Rep 4, HES6 OE | E2F1 ChIP-Seq - Rep 3, HES6 OE + BICALU | E2F1 ChIP-Seq - Rep 1, HES6 OE + BICALU | E2F1 ChIP-Seq - Rep 3, HES6 OE | E2F1 ChIP-Seq - Rep 1",,,
MAX,PIP5K1A,liver,"MAX IP - HepG2 cells, MAX IP - MCF7 cells, MAX IP - HepG2 cells",,,
RELA,PIP5K1A,leukocytes,"RELA IP | TNF - GM18505 cells, RELA IP | TNF - GM12891 cells, RELA IP | TNF - GM10847 cells, RELA IP | TNF - GM12892 cells, RELA IP | TNF - GM19099 cells, RELA IP | TNF - GM12878 cells, RELA IP | TNF - GM18951 cells, RELA IP - IVD Th1 cells, PIA, RELA IP | TNF - GM15510 cells, RELA IP | TNF - GM19193 cells, RELA IP | BAY082  - IVD Th1 cells, PIA",,,
TNF,PIP5K1A,leukocytes,"RELA IP | TNF - GM18505 cells, RELA IP | TNF - GM12891 cells, RELA IP | TNF - GM10847 cells, RELA IP | TNF - GM12892 cells, RELA IP | TNF - GM12878 cells, RELA IP | TNF - GM18951 cells, RELA IP | TNF - GM15510 cells, RELA IP | TNF - GM19193 cells",,,
TEAD4,PIP5K1A,uterus,TEAD4 IP - ECC1 cells,,,
ARID3A,PIP5K1A,liver,ARID3A IP - HepG2 cells,,,
JUND,PIP5K1A,stemcells,"JUND IP - H1 cells, JUND IP - H1 cells",,,
TCF12,PIP5K1A,leukocytes,TCF12 IP - GM12878 cells,,,
CREB1,PIP5K1A,liver,"CREB1 IP - HepG2 cells, CREB1 IP, CREB1 IP, CREB1 IP",,,
STAT1,PIP5K1A,leukocytes,"STAT1 IP - Rep 5, STAT1 IP - Rep 3, STAT1 IP - Rep 2, STAT1 IP - Rep 1, STAT1 IP - Rep 4, STAT1 IP - Rep 6, STAT1 IP | IFNG - K562 cells, 6 h",,,
BICALU,PIP5K1A,prostate,"BICALU | E2F1 ChIP-Seq - Rep 1, BICALU | E2F1 ChIP-Seq - Rep 2, HES6 OE + BICALU | E2F1 ChIP-Seq - Rep 1, HES6 OE + BICALU | E2F1 ChIP-Seq - Rep 3, BICALU | E2F1 ChIP-Seq - Rep 3",,,
CTCF,PIP5K1A,hspcs,"CTCF IP - Erythroid cells, Rep 1, CTCF IP - HEL 92.1.7 cells, Rep 14 , CTCF IP - HEL 92.1.7 cells, Rep 11 , CTCF IP - HEL 92.1.7 cells, Rep 8 , CTCF IP - HEL 92.1.7 cells, Rep 5 , CTCF IP - HEL 92.1.7 cells, Rep 2 ",,,
E2F6,PIP5K1A,leukocytes,"E2F6 IP - K562 cells, E2F6 IP - K562 cells",,,
ELK4,PIP5K1A,kidney,"ELK4 IP - HEK293, Rep 1, ELK4 IP - HEK293 cells",,,
GABPA,PIP5K1A,leukocytes,"GABPA IP - GM12878 cells, Rep 2 , GABPA IP - Jurkat, Rep 1, GABPA IP - GM12878 cells, Rep 3 , GABPA IP - GM12878 cells, Rep 1 , GABPA IP - HL cells, GABPA IP - Jurkat, Rep 2, GABPA IP - GM12878 cells, GABPA IP - K562 cells, GABPA IP - GM12878 cells, Rep 5 , GABPA IP - GM12878 cells, Rep 4 ",,,
R1881,PIP5K1A,prostate,"CON KD + R1881 | FOXA1 ChIP-Seq, CON KD + R1881 | FOXA1 ChIP-Seq - Rep 1, ERG IP | R1881, PIAS1 + R1881 | FOXA1 ChIP-Seq - Rep 1, CON KD + R1881 | GATA2 ChIP-Seq, R1881 | FOXA1 ChIP-Seq - Rep 1, GABPA IP | R1881, GATA2 KD + R1881 | FOXA1 ChIP-Seq, R1881 | FOXA1 ChIP-Seq - Rep 2, CON KD + R1881 | FOXA1 ChIP-Seq - Rep 2, PIAS1 + R1881 | FOXA1 ChIP-Seq - Rep 2",,,
RUNX1,PIP5K1A,leukocytes,"RUNX1 IP, RUNX1 IP - Rep 2, SPI1 IP | RUNX1 KD, RUNX1 IP",,,
CTCF,PIP5K1A,liver,"CTCF IP - HepG2 cells, Rep 2 , CTCF IP - HepG2 cells , CTCF IP - HepG2 cells, Rep 1 , CTCF IP - SK-N-SH cells, CTCF IP",,,
CTCF,PIP5K1A,kidney,"CTCF IP - RPTEC cells, Rep 2 , CTCF IP - HRE cells, Rep 1 , CTCF IP - HRE cells, Rep 2 , CTCF IP - RPTEC cells, Rep 1 , CTCF IP - HEK293 cells, Rep 1 ",,,
HOXA4,PIP5K1A,colon,HOXA4 IP ,,,
BHLHE40,PIP5K1A,liver,BHLHE40 IP - HepG2 cells,,,
ZBTB7A,PIP5K1A,liver,ZBTB7A IP - HepG2 cells,,,
CEBPB,PIP5K1A,leukocytes,"CEBPB IP - K562 cells, CEBPB ChIP-Seq - K562, CEBPB IP - GM12878 cells, CEBPB IP - HL-60 cells, Rep 2 , CEBPB IP - HL-60 cells, Rep 1 , CEBPB IP",,,
REST,PIP5K1A,cns,"REST IP - U87 cells, REST IP - SK-N-SH cells, REST IP - PFSK1 cells, Rep 2, REST IP - PFSK-N-SH cells1 cells, Rep 1, REST IP - SK cells",,,
STAT5B,PIP5K1A,leukocytes,"STAT5B IP | IL2 - Rep 2, STAT5B IP | H9, Rep 2",,,
IL2,PIP5K1A,leukocytes,STAT5B IP | IL2 - Rep 2,,,
MYC,PIP5K1A,uterus,MYC IP - HeLa cells,,,
SP1,PIP5K1A,leukocytes,"SP1 IP - GM12878 cells, SP1 IP - K562 cells",,,
TP53,PIP5K1A,mammarygland,"TP53 IP, TP53 IP | NUTL3 - MCF-7",,,
ELK1,PIP5K1A,leukocytes,"ELK1 IP - GM12878 cells, ELK1 IP - K562 cells",,,
KLF11,PIP5K1A,adiposetissue,"ROSI (BrAT) | KLF11 ChIP-Seq, Rep 1, ROSI (BrAT) | KLF11 ChIP-Seq, Rep 2, KLF11 ChIP-Seq, Rep 1, KLF11 ChIP-Seq, Rep 2",,,
ROSI,PIP5K1A,adiposetissue,"ROSI (BrAT) | KLF11 ChIP-Seq, Rep 1, ROSI (BrAT) | KLF11 ChIP-Seq, Rep 2",,,
JUND,PIP5K1A,lung,JUND IP - A549 cells,,,
FOXA2,PIP5K1A,stemcells,"FOXA2 IP - ES D5, FOXA2 IP - ES D10, FOXA2 IP - ES D7, FOXA2 IP - ES D2",,,
USF1,PIP5K1A,lung,"USF1 IP - A549 cells, Rep 1, USF1 IP | DEX - A549 cells, USF1 IP - A549 cells, Rep 2",,,
CREB1,PIP5K1A,lung,"CREB1 IP - A549 cells, Rep 2, CREB1 IP | DEX - A549 cells",,,
STAT3,PIP5K1A,uterus,STAT3 IP - HeLa cells,,,
TP63,PIP5K1A,skin,"TP63 IP, TP63 IP, TP63 IP | BANF1 KD, TP63 IP",,,
MYB,PIP5K1A,leukocytes,"MYB IP - Jurkat, Rep 5, MYB IP - Jurkat, Rep 3, MYB IP - MOLT3, MYB IP - Jurkat, Rep 4, MYB IP - Jurkat, Rep 2, MYB IP - Jurkat, Rep 1",,,
ELF1,PIP5K1A,leukocytes,"ELF1 IP - SK-N-SH cells, ELF1 IP - SK-N-SH cells",,,
CEBPB,PIP5K1A,stemcells,"CEBPB IP - H1 cells, CEBPB IP, CEBPB IP, CEBPB IP, CEBPB IP, CEBPB IP",,,
EBF1,PIP5K1A,leukocytes,"EBF1 IP - GM12878 cells, EBF1 IP - GM12878 cells",,,
FOS,PIP5K1A,mammarygland,"FOS IP - MCF10A cells, FOS IP | 17BE2, FOS IP | 4HT - MCF10A cells, 12 h, FOS IP | 4HT - MCF10A cells, 4 h, FOS IP | 4HT - MCF10A cells, 36 h",,,
TBP,PIP5K1A,stemcells,TBP IP - H1 cells,,,
MAFK,PIP5K1A,leukocytes,"MAFK IP - K562 cells, MAFK IP - GM12878 cells",,,
CTCF,PIP5K1A,vasculature,"CTCF IP - HBMEC cells, Rep 1 , CTCF IP - HBMEC cells, Rep 2 , CTCF IP - HUVEC cells, Rep 1 , CTCF IP - AoAFC cells, Rep 2 , CTCF IP - HPAF cells, Rep 2 , CTCF IP - HPAF cells, Rep 1 , CTCF IP - AoAFC cells, Rep 1 , CTCF IP - HUVEC cells , CTCF IP - HUVEC cells, Rep 2 ",,,
ZNF143,PIP5K1A,leukocytes,"ZNF143 IP - K562 cells, ZNF143 IP - GM12878 cells",,,
GTF2F1,PIP5K1A,uterus,GTF2F1 IP - HeLa cells,,,
SRF,PIP5K1A,leukocytes,"SRF IP - K562 cells, SRF IP - SK-N-SH cells, SRF IP - GM12878 cells, Rep 2",,,
RUNX1,PIP5K1A,hspcs,"RUNX1 IP, RUNX1",,,
FOXA2,PIP5K1A,liver,FOXA2 IP - HepG2 cells,,,
GATA2,PIP5K1A,prostate,"GATA2 KD  | FOXA1 ChIP-Seq, GATA2 ChIP-Seq, CON KD + R1881 | GATA2 ChIP-Seq, GATA2 ChIP-Seq - Rep 2, CON KD + FBS | GATA2 ChIP-Seq, GATA2 KD + R1881 | FOXA1 ChIP-Seq",,,
TEAD4,PIP5K1A,colon,TEAD4 IP - HCT116 cells,,,
MAZ,PIP5K1A,uterus,MAZ IP - HeLa cells,,,
CUX1,PIP5K1A,leukocytes,"CUX1 IP - GM12878 cells, CUX1 IP - K562 cells",,,
TP53,PIP5K1A,bone,"TP53 IP - Rep 1, TP53 IP | TP53EE/RR OE, TP53 IP - Rep 2, TP53 IP | NUTL3, TP53 IP | NUTL3 - SJSA-1",,,
CREB1,PIP5K1A,prostate,"FOXA1 siRNA | CREB1 ChIP-Seq - Rep 2, CREB1 siRNA | FOXA1 ChIP-Seq - Rep 1, FOXA1 siRNA | CREB1 ChIP-Seq - Rep 1, CREB1 ChIP-Seq - LNCaP, CREB1 ChIP-Seq - LNCaP-abl, CREB1 siRNA | FOXA1 ChIP-Seq - Rep 2, CREB1 ChIP-Seq - Rep 2, CREB1 ChIP-Seq - Rep 1",,,
FOSL2,PIP5K1A,cns,FOSL2 IP - SK-N-SH cells,,,
SIX5,PIP5K1A,lung,SIX5 IP | DEX - A549 cells,,,
JUN,PIP5K1A,liver,JUN IP - HepG2 cells,,,
CTCF,PIP5K1A,megakaryocytelineage,"CTCF IP - MEG-01 cells, Rep 8 , CTCF IP - MEG-01 cells, Rep 2 , CTCF IP - MEG-01 cells, Rep 4 , CTCF IP - MEG-01 cells, Rep 6 , CTCF IP - MEG-01 cells, Rep 10 ",,,
NFATC1,PIP5K1A,leukocytes,NFATC1 IP - GM12878 cells,,,
NFKB2,PIP5K1A,leukocytes,"NFKB2 IP - Rep 1, NFKB2 IP - Rep 2",,,
ATF1,PIP5K1A,leukocytes,ATF1 IP - K562 cells,,,
MAX,PIP5K1A,uterus,"MAX IP - HeLa cells, Rep 2, MAX IP - HeLa cells, Rep 1, MAX IP - ECC1 cells",,,
TEAD4,PIP5K1A,liver,"TEAD4 IP - MCF7 cells, TEAD4 IP - HepG2 cells",,,
JUND,PIP5K1A,vasculature,JUND IP,,,
DHT,PIP5K1A,prostate,"DHT | ERG ChIP-Seq - 18 h, DHT | FOXA1 ChIP-Seq - C4- Rep 2B, DHT | ERG ChIP-Seq - 2 h, DHT | FOXA1 ChIP-Seq, DHT | FOXP1 ChIP-Seq, POU2F1 KD + DHT | FOXA1 ChIP-Seq",,,
NANOG,PIP5K1A,stemcells,NANOG IP - H1 cells,,,
YY1,PIP5K1A,liver,YY1 IP - HepG2 cells,,,
TBP,PIP5K1A,liver,TBP IP - HepG2 cells,,,
ZBTB17,PIP5K1A,bone,"ZBTB17 IP, ZBTB17 IP",,,
ELF3,PIP5K1A,pancreas,"ELF3 IP, ELF3 IP, ELF3 IP | KLF5 KO",,,
DHT,PIP5K1A,mammarygland,"DHT | FOXA1 ChIP-Seq, DHT | MYC ChIP-Seq, DHT | TCF7L2 ChIP-Seq",,,
GATA6,PIP5K1A,stomach,"GATA6 IP - YCC3, GATA6 IP - AGS",,,
REST,PIP5K1A,mammarygland,REST IP - MCF7 cells,,,
TEAD4,PIP5K1A,mammarygland,"TEAD4 IP - Rep 1, TEAD4 IP - Rep 2",,,
17BE2,PIP5K1A,mammarygland,"FOS IP | 17BE2, 17BE2 | FOXA1 ChIP-Seq - Rep 2, 17BE2 | GATA3 ChIP-Seq, 17BE2 | FOXA1 ChIP-Seq - Rep 2, 17BE2 | FOXA1 ChIP-Seq - Rep 2, 17BE2 | RELA ChIP-Seq - Rep 2, 17BE2 | FOXA1 ChIP-Seq - Rep 1, 17BE2 | FOXA1 ChIP-Seq - Rep 1, 17BE2 | FOXA1 ChIP-Seq - Rep 2, 17BE2 | FOXA1 ChIP-Seq",,,
MAX,PIP5K1A,leukocytes,"MAX IP - K562 cells, MAX IP - NB4 cells, MAX IP - GM12878 cells, MAX IP - K562 cells, Rep 1, MAX IP - K562 cells, Rep 2",,,
JUND,PIP5K1A,uterus,JUND IP - HeLa cells,,,
CTCF,PIP5K1A,sensory,"CTCF IP - WERI-Rb-1- cells, Rep 1 , CTCF IP - HRPEpiC cells, Rep 2 , CTCF IP - WERI , CTCF IP - HRPEpiC cells, Rep 1 ",,,
DEX,PIP5K1A,mammarygland,"JUN IP | DEX, DEX | FOXA1 ChIP-Seq - Rep 2, DEX | FOXA1 ChIP-Seq - Rep 2, DEX | FOXA1 ChIP-Seq - Rep 1, DEX | FOXA1 ChIP-Seq - Rep 1, DEX | FOXA1 ChIP-Seq - Rep 2",,,
ETS1,PIP5K1A,leukocytes,"ETS1 IP - K562 cells, ETS1 IP - GM12878 cells, ETS1 IP",,,
CTCF,PIP5K1A,bone,"CTCF IP, CTCF IP - Osteoblasts ",,,
MTA3,PIP5K1A,leukocytes,MTA3 IP - GM12878 cells,,,
E2F3,PIP5K1A,colon,E2F3 IP ,,,
ZNF143,PIP5K1A,colon,ZNF143 IP ,,,
RUNX1T1,PIP5K1A,leukocytes,RUNX1T1 IP,,,
4HT,PIP5K1A,mammarygland,"FOS IP | 4HT - MCF10A cells, 12 h, STAT3 IP | 4HT - MCF10 cells, 12 h, FOS IP | 4HT - MCF10A cells, 4 h, E2F4 IP | 4HT - MCF10 cells, MYC IP | 4HT - MCF10A cells, STAT3 IP | 4HT - MCF10 cells, 36 h, FOS IP | 4HT - MCF10A cells, 36 h",,,
PBX3,PIP5K1A,cns,PBX3 IP - SK-N-SH cells,,,
PDX1,PIP5K1A,pancreas,PDX1 IP,,,
GATA2,PIP5K1A,hspcs,GATA2 IP,,,
CTCF,PIP5K1A,heart,"CTCF IP - myocytes cells, Rep 2 , CTCF IP - myocytes cells, Rep 1 , CTCF IP - HCF cells ",,,
EGR1,PIP5K1A,stemcells,EGR1 IP - H1 cells,,,
TCF7L2,PIP5K1A,uterus,TCF7L2 IP - HeLa cells,,,
MYC,PIP5K1A,mammarygland,"DHT | MYC ChIP-Seq, MYC IP - MCF-10A cells, MYC IP | 4HT - MCF10A cells",,,
JUN,PIP5K1A,colon,JUN IP ,,,
ATF3,PIP5K1A,leukocytes,"ATF3 IP - K562 cells, ATF3 IP - GM12878 cells, ATF3 IP - K562 cells",,,
CTCF,PIP5K1A,adiposetissue,"CTCF ChIP-Seq - d 0, CTCF ChIP-Seq - d -2, CTCF ChIP-Seq - d 3, CTCF ChIP-Seq - d 9",,,
TP73,PIP5K1A,bone,"TP73 IP - beta isoform, Rep 1, TP73 IP - beta isoform, Rep 2, TP73 IP - alpha isoform, Rep 1",,,
GATA3,PIP5K1A,cns,GATA3 IP - SK-N-SH cells,,,
GATA3,PIP5K1A,mammarygland,"17BE2 | GATA3 ChIP-Seq, GATA3 IP - T47D cells, GATA3 IP - MCF7 cells","24758297,",,
MAX,PIP5K1A,lung,"MAX IP - A549 cells, MAX IP - A549 cells",,,
GABPA,PIP5K1A,prostate,"GABPA IP - Rep 2, GABPA IP | R1881, GABPA IP - Rep 1",,,
THAP1,PIP5K1A,leukocytes,THAP1 IP - K562 cells,,,
MAX,PIP5K1A,stemcells,"MAX IP - H1 cells, MAX IP - H1 cells",,,
YY1,PIP5K1A,colon,YY1 IP - HCT116 cells,,,
MEF2A,PIP5K1A,cns,MEF2A IP - SK-N-SH cells,,,
CTCF,PIP5K1A,colon,"CTCF IP - HCT116 cells, Rep 2 , CTCF IP - Caco-2 cells, Rep 1 , CTCF IP - HCT116 cells, Rep 1 , CTCF IP - HCT116 cells, CTCF IP - Caco ",,,
ATF3,PIP5K1A,stemcells,ATF3 IP - H1 cells,,,
BCL3,PIP5K1A,leukocytes,BCL3 IP - GM12878 cells,,,
REST,PIP5K1A,liver,"REST IP - HepG2 cells, Rep 1",,,
ZBTB7A,PIP5K1A,uterus,ZBTB7A IP - ECC1 cells,,,
HMGN3,PIP5K1A,leukocytes,HMGN3 IP - K562 cells,,,
TEAD4,PIP5K1A,cns,TEAD4 IP - SK-N-SH cells,,,
TBP,PIP5K1A,uterus,TBP IP - HeLa cells,,,
BANF1,PIP5K1A,skin,TP63 IP | BANF1 KD,,,
FOSL2,PIP5K1A,lung,FOSL2 IP - A549 cells,,,
MXI1,PIP5K1A,uterus,MXI1 IP - HeLa cells,,,
TCF12,PIP5K1A,liver,"TCF12 IP - HepG2 cells, TCF12 IP - MCF7 cells",,,
FOSL2,PIP5K1A,liver,FOSL2 IP - HepG2 cells,,,
USF2,PIP5K1A,stemcells,USF2 IP - H1 cells,,,
TCF7L2,PIP5K1A,pancreas,TCF7L2 IP,,,
STAT3,PIP5K1A,mammarygland,"STAT3 IP | 4HT - MCF10 cells, 12 h, STAT3 IP - MCF10A cells, Rep 1, STAT3 IP - MCF10A cells, Rep 2, STAT3 IP | 4HT - MCF10 cells, 36 h",,,
GATA4,PIP5K1A,stomach,GATA4 IP - AGS,,,
GABPA,PIP5K1A,stemcells,GABPA IP - H1 cells,,,
TCF7L2,PIP5K1A,mammarygland,"DHT | TCF7L2 ChIP-Seq, TCF7L2 ChIP-Seq",,,
MYC,PIP5K1A,bone,"MYC IP, MYC IP",,,
REST,PIP5K1A,leukocytes,"REST IP - K562 cells, REST IP - HL60 cells, REST IP - GM12878 cells, Rep 16 , REST IP - GM12878 cells, Rep 14 , REST IP - GM12878 cells, Rep 1",,,
FOXA1,PIP5K1A,pancreas,"FOXA1 IP, FOXA1 IP | KLF5 KO, FOXA1 IP",,,
ATF2,PIP5K1A,colon,ATF2 IP ,,,
TAL1,PIP5K1A,colon,TAL1 IP ,,,
GTF2B,PIP5K1A,uterus,"GTF2B IP - Rep 1, GTF2B IP - Rep 2, GTF2B IP - Rep 3",,,
CEBPB,PIP5K1A,lung,"CEBPB ChIP-Seq - A549, CEBPB IP - A549 cells, CEBPB ChIP-Seq - IMR90",,,
USF1,PIP5K1A,leukocytes,"USF1 IP - K562 cells, USF1 IP - GM12878 cells",,,
H9,PIP5K1A,leukocytes,"STAT5B IP | H9, Rep 2",,,
GATA1,PIP5K1A,leukocytes,GATA1 ChIP-Seq - SC266,,,
ZNF263,PIP5K1A,kidney,ZNF263 IP - HEK293 cells,,,
CEBPB,PIP5K1A,colon,"CEBPB IP | 125DVD3, CEBPB IP, CEBPB IP - HCT116 cells",,,
125DVD3,PIP5K1A,colon,CEBPB IP | 125DVD3,,,
EGR1,PIP5K1A,liver,EGR1 IP - MCF7 cells,,,
GATA2,PIP5K1A,cns,GATA2 ChIP-Seq SH-SY5Y,,,
CREB1,PIP5K1A,leukocytes,"CREB1 IP - GM12878 cells, CREB1 IP - K562 cells",,,
MAFK,PIP5K1A,lung,MAFK IP - IMR cells,,,
ATF3,PIP5K1A,lung,ATF3 IP - A549 cells,,,
FOXM1,PIP5K1A,uterus,FOXM1 IP - ECC1 cells,,,
RELA,PIP5K1A,adiposetissue,RELA IP,,,
FOXP1,PIP5K1A,prostate,"DHT | FOXP1 ChIP-Seq, FOXP1 ChIP-Seq",,,
CREB1,PIP5K1A,stemcells,CREB1 IP - H1 cells,,,
RELA,PIP5K1A,lung,RELA IP | TNF,,,
TNF,PIP5K1A,lung,RELA IP | TNF,,,
STAT5A,PIP5K1A,leukocytes,"STAT5A IP - GM12878 cells, STAT5A IP - K562 cells",,,
TBP,PIP5K1A,leukocytes,"TBP IP - GM12878 cells, TBP IP - K562 cells",,,
REST,PIP5K1A,pancreas,"REST IP - Panc1 cells, Rep 3, REST IP - PANC1 cells, Rep 2",,,
UBTF,PIP5K1A,leukocytes,UBTF IP - K562 cells,,,
TCF12,PIP5K1A,uterus,TCF12 IP - ECC1 cells,,,
IRF1,PIP5K1A,pancreas,IRF1 IP,,,
JUND,PIP5K1A,cns,"JUND IP - SK-N-SH cells , JUND IP - SK-N-SH cells",,,
CEBPB,PIP5K1A,uterus,"CEBPB IP - ECC1 cells, CEBPB ChIP-Seq - HeLaS3",,,
ZNF83,PIP5K1A,colon,ZNF83 IP ,,,
CTCF,PIP5K1A,esophagus,"CTCF IP - HEEpiC cells, Rep 1 , CTCF IP - HEEpiC cells, Rep 2 ",,,
GABPA,PIP5K1A,liver,"GABPA IP - MCF7 cells, GABPA IP, GABPA IP, GABPA IP, GABPA IP - HepG2 cells",,,
SIX5,PIP5K1A,leukocytes,SIX5 IP - GM12878 cells,,,
USF1,PIP5K1A,cns,"USF1 IP - SK-N-SH cells, USF1 IP | ATRA - SK-N-SH cells",,,
SRF,PIP5K1A,liver,SRF IP - HepG2 cells,,,
IFNA1,PIP5K1A,leukocytes,"MYC IP | IFNA1 - K562 cells, 30 min, STAT2 IP | IFNA1-13 - K562 cells, 30 min, IRF1 IP | IFNA1-13 - K562 cells, 6 h, MYC IP | IFNA1 - K562 cells, 6 h, JUN IP | IFNA1-13 - 30 min ",,,
TCF12,PIP5K1A,stemcells,TCF12 IP - H1 cells,,,
ZEB1,PIP5K1A,liver,ZEB1 IP - HepG2 cells,,,
SP1,PIP5K1A,stemcells,SP1 IP - H1 cells,,,
TCF3,PIP5K1A,leukocytes,TCF3 IP - GM12878 cells,,,
FOS,PIP5K1A,leukocytes,"FOS IP - K562 cells, FOS IP - GM12878 cells",,,
TEAD4,PIP5K1A,leukocytes,TEAD4 IP - K562 cells,,,
ELF1,PIP5K1A,colon,ELF1 IP - HCT116 cells,,,
REST,PIP5K1A,stemcells,"REST IP - H1 cells, Rep 2, REST IP - H1 cells, Rep 1",,,
TP53,PIP5K1A,leukocytes,TP53 IP - Doxo DNA damage,,,
USF2,PIP5K1A,leukocytes,"USF2 IP - K562 cells, USF2 IP - GM12878 cells",,,
GTF2B,PIP5K1A,lung,GTF2B IP,,,
CTCF,PIP5K1A,stemcells,"CTCF IP - Rep 5 , CTCF IP - H1 cells , CTCF IP - Rep 6 , CTCF IP - Rep 4 ",,,
KLF5,PIP5K1A,pancreas,"KLF5 IP, FOXA1 IP | KLF5 KO, ELF3 IP | KLF5 KO",,,
TEAD1,PIP5K1A,cns,"TEAD1 IP - Rep 1, TEAD1 IP - Rep 2",,,
CEBPB,PIP5K1A,mammarygland,CEBPB IP - MCF7 cells,,,
RELA,PIP5K1A,mammarygland,"17BE2 + TNF | RELA Chip-Seq - Rep 2, 17BE2 | RELA ChIP-Seq - Rep 2",,,
17BE2; TNF,PIP5K1A,mammarygland,17BE2 + TNF | RELA Chip-Seq - Rep 2,,,
MAZ,PIP5K1A,liver,MAZ IP - HepG2 cells,,,
HEY1,PIP5K1A,liver,HEY1 IP - HepG2 cells,,,
IRF1,PIP5K1A,leukocytes,"IRF1 IP | IFNG - K562 cells, 6 h, IRF1 IP | IFNA1-13 - K562 cells, 6 h, IRF1 IP | IFNG - K562 cells, 30 min",,,
JUN,PIP5K1A,uterus,JUN IP - HeLa cells,,,
MAZ,PIP5K1A,leukocytes,"MAZ IP - K562 cells, MAZ IP - GM12878 cells",,,
MAX,PIP5K1A,cns,MAX IP - SK-N-SH cells,,,
STAT2,PIP5K1A,leukocytes,"STAT2 IP | IFNA1-13 - K562 cells, 30 min",,,
RBPJ,PIP5K1A,leukocytes,"RBPJ IP | COMPE, RBPJ IP | COMPE - wash",,,
COMPE,PIP5K1A,leukocytes,"RBPJ IP | COMPE, RBPJ IP | COMPE - wash",,,
JUND,PIP5K1A,colon,JUND IP - HCT116 cells,,,
MAFK,PIP5K1A,liver,"MAFK IP - HepG2 cells, Rep 1, MAFK IP - HepG2 cells, Rep 2",,,
PIAS1,PIP5K1A,prostate,"PIAS1 + R1881 | FOXA1 ChIP-Seq - Rep 1, PIAS1 + R1881 | FOXA1 ChIP-Seq - Rep 2",,,
USF2,PIP5K1A,liver,USF2 IP - HepG2 cells,,,
PBX3,PIP5K1A,lung,PBX3 IP - A549 cells,,,
FOXM1,PIP5K1A,mammarygland,"FOXM1 IP - MCF7 cells, FOXM1 IP - DS017, FOXM1 IP | THSP - DS006","26456572,",,
MAX,PIP5K1A,vasculature,MAX IP - HUVEC cells,,,
JQ1,PIP5K1A,prostate,"JQI | ERG ChIP-Seq - Rep 2, JQI | ERG ChIP-Seq - Rep 1",,,
CTCF,PIP5K1A,placenta,"CTCF IP - HVMF cells, Rep 1 , CTCF IP - HVMF cells, Rep 2 ",,,
MEF2C,PIP5K1A,leukocytes,MEF2C IP - GM12878 cells,,,
ARID3A,PIP5K1A,leukocytes,ARID3A IP - K562 cells,,,
ATRA,PIP5K1A,cns,"USF1 IP | ATRA - SK-N-SH cells, YY1 IP | ATRA - SK-N-SH cells",,,
BARX1,PIP5K1A,colon,BARX1 IP - Rep 1 ,,,
CEBPB,PIP5K1A,bone,"CEBPB IP, CEBPB IP",,,
MYC,PIP5K1A,liver,MYC IP,,,
TAL1,PIP5K1A,leukocytes,TAL1 IP - MOLT3,,,
FLI1,PIP5K1A,hspcs,FLI1 IP,,,
JUND,PIP5K1A,mammarygland,"JUND IP - T47D cells, JUND IP - MCF7 cells",,,
SMARCC2,PIP5K1A,uterus,SMARCC2 IP - HeLa cells,,,
HOXA6,PIP5K1A,colon,HOXA6 IP ,,,
ELF1,PIP5K1A,lung,ELF1 IP - A549 cells,,,
GATA3,PIP5K1A,lung,GATA3 IP - A549 cells,,,
HEY1,PIP5K1A,leukocytes,HEY1 IP - K562 cells,,,
USF1,PIP5K1A,stemcells,USF1 IP - H1 cells,,,
MXI1,PIP5K1A,stemcells,MXI1 IP - H1 cells,,,
E2F6,PIP5K1A,lung,E2F6 IP - A549 cells,,,
MXI1,PIP5K1A,lung,MXI1 IP - IMR cells,,,
MXI1,PIP5K1A,leukocytes,"MXI1 IP - K562 cells, MXI1 IP - GM12878 cells",,,
ZBTB7A,PIP5K1A,leukocytes,ZBTB7A IP - SK-N-SH cells,,,
STAT1,PIP5K1A,uterus,"STAT1 IP | IFNG - HeLa cells, 30 min",,,
IFNG,PIP5K1A,uterus,"STAT1 IP | IFNG - HeLa cells, 30 min",,,
YY1,PIP5K1A,cns,"YY1 IP | ATRA - SK-N-SH cells, YY1 IP - SK-N-SH cells",,,
SIX2,PIP5K1A,kidney,"SIX2 IP - 17 weeks, Rep 1",,,
REST,PIP5K1A,lung,REST IP - A549 cells,,,
JUN,PIP5K1A,leukocytes,"JUN IP - K562 cells, Rep 1, JUN IP - K562 cells, Rep 2, JUN IP | IFNA1-13 - 30 min ",,,
TEAD4,PIP5K1A,lung,TEAD4 IP - A549 cells,,,
MAFK,PIP5K1A,uterus,MAFK IP - HeLa cells,,,
BHLHE40,PIP5K1A,leukocytes,"BHLHE40 IP - GM12878 cells, BHLHE40 IP - K562 cells",,,
CREB1,PIP5K1A,uterus,CREB1 IP - ECC1 cells,,,
EGR1,PIP5K1A,leukocytes,EGR1 IP - K562 cells,,,
ZNF143,PIP5K1A,stemcells,ZNF143 IP - H1 cells,,,
SREBF1,PIP5K1A,liver,SREBF1 IP | INS + 22RHC - HepG2 cells,,,
22RHC; INS,PIP5K1A,liver,SREBF1 IP | INS + 22RHC - HepG2 cells,,,
MEF2A,PIP5K1A,leukocytes,"MEF2A IP - K562 cells, MEF2A IP - GM12878 cells",,,
TP53,PIP5K1A,colon,TP53 IP | NUTL3 - HCT-116,,,
SP1,PIP5K1A,liver,SP1 IP - HepG2 cells,,,
RELA,PIP5K1A,colon,RELA IP ,,,
FOXA1,PIP5K1A,lung,"FOXA1 IP | DEX - A549 cells, FOXA1 IP - A549 cells",,,
ZNF143,PIP5K1A,uterus,ZNF143 IP - HeLa cells,,,
YY1,PIP5K1A,stemcells,"YY1 IP - H1 cells, YY1 IP - NT2 cells",,,
GABPA,PIP5K1A,lung,GABPA IP - A549 cells,,,
FOSL1,PIP5K1A,colon,FOSL1 IP - HCT116 cells,,,
FOXP2,PIP5K1A,cns,"FOXP2 IP - PFSK-1 cells, FOXP2 IP - SK cells",,,
NUTL3,PIP5K1A,bone,TP53 IP | NUTL3,,,
MAX,PIP5K1A,colon,MAX IP - HCT116 cells,,,
ATF2,PIP5K1A,leukocytes,ATF2 IP - GM12878 cells,,,
ETS1,PIP5K1A,lung,ETS1 IP - A549 cells,,,
JUND,PIP5K1A,leukocytes,JUND IP - K562 cells,,,
FOSL2,PIP5K1A,mammarygland,FOSL2 IP - MCF7 cells,,,
USF1,PIP5K1A,uterus,USF1 IP - ECC1 cells,,,
MAZ,PIP5K1A,lung,MAZ IP - IMR cells,,,
POU2F1,PIP5K1A,prostate,POU2F1 KD + DHT | FOXA1 ChIP-Seq,,,
FOXM1,PIP5K1A,leukocytes,FOXM1 IP - GM12878 cells,,,
TP53,PIP5K1A,lung,"TP53 IP - propapoptic, Rep 1",,,
USF1,PIP5K1A,colon,USF1 IP - HCT116 cells,,,
CEBPA,PIP5K1A,leukocytes,CEBPA IP,,,
NFYB,PIP5K1A,leukocytes,"NFYB IP - K562 cells, NFYB IP - GM12878 cells",,,
FOXA1,PIP5K1A,liver,"FOXA1 IP - HepG2 cells, Rep 1, FOXA1 IP - HepG2 cells, Rep 2",,,
USF2,PIP5K1A,uterus,USF2 IP - HeLa cells,,,
SP1,PIP5K1A,colon,SP1 IP - HCT116 cells,,,
BCL3,PIP5K1A,lung,BCL3 IP - A549 cells,,,
ELF1,PIP5K1A,cns,ELF1 IP - SK-N-SH cells,,,
E2F1,PIP5K1A,uterus,"E2F1 IP - HeLa cells, Rep 1",,,
SP1,PIP5K1A,lung,SP1 IP - A549 cells,,,
MYBL2,PIP5K1A,liver,MYBL2 IP - HepG2 cells,,,
YY1,PIP5K1A,uterus,YY1 IP - ECC1 cells,,,
SOX2,PIP5K1A,stemcells,SOX2 IP,,,
BACH1,PIP5K1A,stemcells,BACH1 IP - H1 cells,,,
BCL11A,PIP5K1A,leukocytes,BCL11A IP - GM12878 cells,,,
MXI1,PIP5K1A,cns,MXI1 IP - SK-N-SH cells ,,,
FOS,PIP5K1A,uterus,FOS IP - HeLa cells,,,
JUN,PIP5K1A,vasculature,JUN IP,,,
FOSL1,PIP5K1A,mammarygland,FOSL1 IP,,,
SRF,PIP5K1A,colon,SRF IP - HCT116 cells,,,
USF1,PIP5K1A,liver,USF1 IP - HepG2 cells,,,
FOXA2,PIP5K1A,embryonictissue,FOXA2 IP - Rep 2,,,
ATF3,PIP5K1A,liver,ATF3 IP - HepG2 cells,,,
IRF4,PIP5K1A,leukocytes,"IRF4 IP, IRF4 IP - GM12878 cells",,,
FOS,PIP5K1A,vasculature,FOS IP - HUVEC cells,,,
MYC,PIP5K1A,lung,MYC IP - A549 cells,,,
E2F6,PIP5K1A,stemcells,E2F6 IP - H1 cells,,,
E2F1,PIP5K1A,mammarygland,"E2F1 IP - MCF7 cells, E2F1 IP",,,
TCF12,PIP5K1A,lung,TCF12 IP - A549 cells,,,
ELF1,PIP5K1A,mammarygland,ELF1 IP - MCF7 cells,,,
ELK1,PIP5K1A,uterus,"ELK1 IP - HeLa cells, ELK1 IP - HeLa",,,
IRF1,PIP5K1A,colon,IRF1 IP ,,,
SRF,PIP5K1A,mammarygland,SRF IP - MCF7 cells,,,
CTCF,PIP5K1A,miscellaneous,"CTCF IP - AG09319 cells, Rep 2 , CTCF IP - AG09319 cells, Rep 1 ",,,
SMARCC1,PIP5K1A,uterus,SMARCC1 IP - HeLa cells,,,
CTCF,PIP5K1A,pancreas,CTCF IP,,,
TCF12,PIP5K1A,cns,TCF12 IP - SK-N-SH cells,,,
KLF5,PIP5K1A,stomach,KLF5 IP - KATOIII,,,
ELF1,PIP5K1A,liver,ELF1 IP - HepG2 cells,,,
FOXA2,PIP5K1A,lung,FOXA2 IP - A549 cells,,,
GABPA,PIP5K1A,uterus,GABPA IP - HeLa cells,,,
E2F4,PIP5K1A,mammarygland,E2F4 IP | 4HT - MCF10 cells,,,
MAFF,PIP5K1A,liver,MAFF IP - HepG2 cells,,,
ERG,PIP5K1A,leukocytes,ERG IP - Rep 1,,,
BAY082,PIP5K1A,leukocytes,"RELA IP | BAY082  - IVD Th1 cells, PIA",,,
NFYA,PIP5K1A,uterus,NFYA IP - HeLa cells,,,
NFYB,PIP5K1A,uterus,NFYB IP - HeLa cells,,,
ZEB1,PIP5K1A,leukocytes,ZEB1 IP - GM12878 cells,,,
E2F4,PIP5K1A,leukocytes,E2F4 IP - K562 cells,,,
GABPA,PIP5K1A,cns,GABPA IP - SK-N-SH cells,,,
GLI2,PIP5K1A,colon,GLI2 IP ,,,
OTX2,PIP5K1A,stemcells,OTX2 IP - Rep 10 ,,,
ATF2,PIP5K1A,stemcells,ATF2 IP - H1 cells,,,
EGR1,PIP5K1A,uterus,EGR1 IP - ECC1 cells,,,
POU2F2,PIP5K1A,leukocytes,POU2F2 IP - GM12878 cells,,,
TEAD4,PIP5K1A,stemcells,TEAD4 IP - H1 cells,,,
MAX,PIP5K1B,uterus,MAX IP - ECC1 cells,,,
FOXA1,PIP5K1B,prostate,"FOXA1 ChIP-Seq, CON KD | FOXA1 ChIP-Seq, FOXA1 ChIP-Seq - Rep 2, FOXA1 ChIP-Seq - Rep 1, CREB1 siRNA | FOXA1 ChIP-Seq - Rep 2, EtOH | FOXA1 ChIP-Seq - , POU2F1 KD + DHT | FOXA1 ChIP-Seq, DHT | FOXA1 ChIP-Seq, GATA2 KD + R1881 | FOXA1 ChIP-Seq, EtOH | FOXA1 ChIP-Seq - Rep 2, FOXA1 ChIP-Seq - Rep 2, CREB1 siRNA | FOXA1 ChIP-Seq - Rep 1, FOXA1 ChIP-Seq, R1881 | FOXA1 ChIP-Seq - Rep 1, CON KD + R1881 | FOXA1 ChIP-Seq, FOXA1 KD | FOXA1 ChIP-Seq, CON KD | FOXA1 ChIP-Seq, R1881 | FOXA1 ChIP-Seq - Rep 2, FOXA1 ChIP-Seq, FOXA1 ChIP-Seq, CON KD + R1881 | FOXA1 ChIP-Seq - Rep 2, FOXA1 ChIP-Seq - Rep 1, FOXA1 KD | FOXA1 ChIP-Seq, FOXA1 ChIP-Seq - LNCaP, FOXA1 ChIP-Seq - LNCaP-abl, CON KD + R1881 | FOXA1 ChIP-Seq - Rep 1, DHT | FOXA1 ChIP-Seq, CON KD  | FOXA1 ChIP-Seq, CON KD | FOXA1 ChIP-Seq, PIAS1 + R1881 | FOXA1 ChIP-Seq - Rep 2, DHT | FOXA1 ChIP-Seq, DHT | FOXA1 ChIP-Seq, FOXA1 ChIP-Seq, DHT | FOXA1 ChIP-Seq - C4- Rep 2B, GATA2 KD  | FOXA1 ChIP-Seq, FOXA1 ChIP-Seq, PIAS1 + R1881 | FOXA1 ChIP-Seq - Rep 1",,,
FOXA1,PIP5K1B,mammarygland,"DEX | FOXA1 ChIP-Seq - Rep 2, FOXA1 ChIP-Seq - Rep 2, 17BE2 | FOXA1 ChIP-Seq - Rep 2, FOXA1 ChIP-Seq - Rep 1, FOXA1 IP - T47D cells, 17BE2 | FOXA1 ChIP-Seq - Rep 1, DHT | FOXA1 ChIP-Seq, FOXA1 ChIP-Seq - Rep 1, DEX | FOXA1 ChIP-Seq - Rep 1",,,
DEX,PIP5K1B,mammarygland,"DEX | FOXA1 ChIP-Seq - Rep 2, DEX | FOXA1 ChIP-Seq - Rep 1",,,
CTCF,PIP5K1B,leukocytes,"CTCF IP - GM2588 cells, Rep 2 , CTCF IP - UT-7 cells, Rep 4 , CTCF IP - GM19238 cells, Rep 1 , CTCF IP - GM12890 cells, Rep 2 , CTCF IP - K562 cells, Rep 1 , CTCF IP - GM2255 cells, Rep 1 , CTCF IP - MS1 cells, Rep 3 , CTCF IP - GM2630 cells, Rep 2 , CTCF IP - GM12878 cells, Rep 2 , CTCF IP - GM19240 cells, Rep 2 , CTCF IP - MS1 cells, Rep 4 , CTCF IP - GM2255 cells, Rep 2 , CTCF IP - GM12891 cells, Rep 1 , CTCF IP - K562 cells, Rep 15 , CTCF IP - GM19238 cells, Rep 2 , CTCF IP - GM18505 cells, Rep 2 , CTCF ChIP-Seq - GM12878, CTCF IP - K562 cells, CTCF IP - GM18486 cells, Rep 1 , CTCF IP - GM2610 cells, Rep 2 , CTCF IP, CTCF IP - GM12892 cells, Rep 1 , CTCF IP - GM2610 cells, Rep 1 , CTCF IP - GM06990 cells, Rep 1 , CTCF IP - GM2255 cells, Rep 3 , CTCF IP - GM2588 cells, Rep 3 , CTCF IP - GM2630 cells, Rep 3 , CTCF IP - F36P cells, Rep 7 , CTCF IP - K562 cells, Rep 16 , CTCF IP - GM12890 cells, Rep 3 , CTCF IP - K562 cells, Rep 13 , CTCF IP - MS1 cells, Rep 1 , CTCF IP - K562 cells, CTCF IP - K562 cells, Rep 12 , CTCF IP - GM2630 cells, Rep 1 , CTCF IP - GM12892 cells, Rep 2 , CTCF IP - GM19240 cells, Rep 1 , CTCF IP - GM07346 cells, CTCF IP - GM2610 cells, Rep 3 , CTCF IP - GM12864 cells, Rep 1 , CTCF IP - F36P cells, Rep 11 , CTCF IP - MS1 cells, Rep 2 , CTCF IP - GM06986 cells, CTCF IP - GM18486 cells, Rep 3 , CTCF IP - F36P cells, Rep 19 , CTCF IP - GM06990 cells, Rep 2 , CTCF IP - GM11831 cells, CTCF IP - GM12891 cells, Rep 2 , CTCF IP - GM19239 cells, Rep 2 , CTCF IP - GM12872 cells, Rep 1 , CTCF IP - K562 cells, Rep 14 , CTCF IP - K562 cells , CTCF IP - GM19239 cells, Rep 1 , CTCF IP - F36P cells, Rep 15 , CTCF IP - GM12871 cells , CTCF IP - GM12878 cells, Rep 1 , CTCF IP - GM2588 cells, Rep 1 , CTCF IP - GM12890 cells, Rep 1 , CTCF IP - GM19099 cells, Rep 2 ",,,
CTCF,PIP5K1B,hspcs,"CTCF IP - HSPCs, Rep 2, CTCF IP - Erythroid cells, Rep 2, CTCF IP - Erythroid cells, Rep 1, CTCF IP - HSPCs, Rep 1, CTCF IP - HEL 92.1.7 cells, Rep 11 ",,,
JUND,PIP5K1B,liver,"JUND IP - HepG2 cells, JUND IP - HepG2 cells",,,
E2F1,PIP5K1B,prostate,"E2F1 ChIP-Seq - Rep 1, BICALU | E2F1 ChIP-Seq - Rep 1, E2F1 ChIP-Seq - Rep 4, HES6 OE | E2F1 ChIP-Seq - Rep 1",,,
TP53,PIP5K1B,leukocytes,TP53 IP - Doxo DNA damage,,,
EBF1,PIP5K1B,leukocytes,"EBF1 IP - GM12878 cells, EBF1 IP - GM12878 cells",,,
NFKB2,PIP5K1B,leukocytes,"NFKB2 IP - Rep 2, NFKB2 IP - Rep 1",,,
MEF2A,PIP5K1B,leukocytes,MEF2A IP - GM12878 cells,,,
STAT1,PIP5K1B,leukocytes,"STAT1 IP - Rep 5, STAT1 IP - Rep 3, STAT1 IP - Rep 2",,,
IFNG,PIP5K1B,leukocytes,"STAT1 IP - Rep 5, STAT1 IP - Rep 3, MYC IP | IFNG - K562 cells, 30 min, IRF1 IP | IFNG - K562 cells, 30 min, MYC IP | IFNG - K562 cells, 6 h, STAT1 IP - Rep 2",,,
ZNF143,PIP5K1B,leukocytes,ZNF143 IP - GM12878 cells,,,
FOXM1,PIP5K1B,leukocytes,FOXM1 IP - GM12878 cells,,,
IKZF1,PIP5K1B,leukocytes,IKZF1 IP - GM12878 cells,,,
FOXP1,PIP5K1B,prostate,DHT | FOXP1 ChIP-Seq,,,
DHT,PIP5K1B,prostate,"DHT | FOXP1 ChIP-Seq, POU2F1 KD + DHT | FOXA1 ChIP-Seq, DHT | FOXA1 ChIP-Seq, DHT | FOXA1 ChIP-Seq, DHT | FOXA1 ChIP-Seq, DHT | FOXA1 ChIP-Seq, DHT | FOXA1 ChIP-Seq - C4- Rep 2B",,,
CREB1,PIP5K1B,prostate,"CREB1 siRNA | FOXA1 ChIP-Seq - Rep 2, CREB1 siRNA | FOXA1 ChIP-Seq - Rep 1",,,
CEBPB,PIP5K1B,stemcells,"CEBPB IP, CEBPB IP, CEBPB IP, CEBPB IP",,,
RUNX1T1,PIP5K1B,leukocytes,RUNX1T1 IP,,,
17BE2,PIP5K1B,mammarygland,"17BE2 | FOXA1 ChIP-Seq - Rep 2, 17BE2 | FOXA1 ChIP-Seq - Rep 1",,,
CTCF,PIP5K1B,skin,"CTCF IP - GM12878 cells, Rep 2 ",,,
YY1,PIP5K1B,leukocytes,"YY1 IP - K562 cells, Rep 2, YY1 IP - GM12878 cells, YY1 IP - GM12892 cells, Rep 1, YY1 IP - GM12891 cells, YY1 IP - K562 cells, Rep 1",,,
PAX5,PIP5K1B,leukocytes,"PAX5 IP - GM12892 cells, PAX5 IP - GM12878 cells, Rep 1, PAX5 IP - GM12878 cells, Rep 2",,,
CTCF,PIP5K1B,megakaryocytelineage,"CTCF IP - MEG-01 cells, Rep 8 , CTCF IP - MEG-01 cells, Rep 4 ",,,
IRF1,PIP5K1B,colon,IRF1 IP ,,,
MAX,PIP5K1B,liver,"MAX IP - MCF7 cells, MAX IP - HepG2 cells",,,
POU2F1,PIP5K1B,prostate,POU2F1 KD + DHT | FOXA1 ChIP-Seq,,,
SP1,PIP5K1B,leukocytes,SP1 IP - GM12878 cells,,,
RELA,PIP5K1B,leukocytes,"RELA IP | TNF - GM18951 cells, RELA IP | TNF - GM19099 cells, RELA IP | TNF - GM18505 cells, RELA IP | TNF - GM19193 cells, RELA IP | TNF - GM15510 cells, RELA IP | TNF - GM12891 cells, RELA IP | TNF - GM10847 cells, RELA IP | TNF - GM12878 cells, RELA IP | TNF - GM12892 cells",,,
TNF,PIP5K1B,leukocytes,"RELA IP | TNF - GM18951 cells, RELA IP | TNF - GM18505 cells, RELA IP | TNF - GM19193 cells, RELA IP | TNF - GM15510 cells, RELA IP | TNF - GM12891 cells, RELA IP | TNF - GM10847 cells, RELA IP | TNF - GM12878 cells, RELA IP | TNF - GM12892 cells",,,
CTCF,PIP5K1B,liver,"CTCF IP - SK-N-SH cells, CTCF IP - HepG2 cells , CTCF IP",,,
GATA2,PIP5K1B,prostate,"GATA2 ChIP-Seq - Rep 2, GATA2 KD + R1881 | FOXA1 ChIP-Seq, GATA2 ChIP-Seq, GATA2 KD  | FOXA1 ChIP-Seq",,,
CEBPB,PIP5K1B,liver,"CEBPB IP - HepG2 cells, CEBPB IP | FORSK - HepG2 cells, CEBPB ChIP-Seq - HepG2",,,
GABPA,PIP5K1B,leukocytes,"GABPA IP - K562 cells, GABPA IP - GM12878 cells",,,
UBTF,PIP5K1B,leukocytes,"UBTF IP - K562 cells, UBTF IP - K562 cells",,,
RUNX1,PIP5K1B,hspcs,RUNX1,,,
R1881,PIP5K1B,prostate,"GATA2 KD + R1881 | FOXA1 ChIP-Seq, R1881 | FOXA1 ChIP-Seq - Rep 1, CON KD + R1881 | FOXA1 ChIP-Seq, R1881 | FOXA1 ChIP-Seq - Rep 2, CON KD + R1881 | FOXA1 ChIP-Seq - Rep 2, CON KD + R1881 | FOXA1 ChIP-Seq - Rep 1, PIAS1 + R1881 | FOXA1 ChIP-Seq - Rep 2, PIAS1 + R1881 | FOXA1 ChIP-Seq - Rep 1",,,
NFKB1,PIP5K1B,leukocytes,NFKB1 IP - Rep 2,,,
CTCF,PIP5K1B,pancreas,CTCF IP,,,
RELA,PIP5K1B,colon,RELA IP ,,,
SPI1,PIP5K1B,leukocytes,"SPI1 IP, SPI1 IP - GM12891 cells, ROSI | SPI1 ChIP-Seq, SPI1 IP | RUNX1 KD, SPI1 IP, SPI1 IP - GM12878 cells, Rep 1 , SPI1 IP - GM12878 cells, Rep 3 , SPI1 IP, SPI1 IP - GM12878 cells, SPI1 IP, SPI1 IP - GM12878 cells, Rep 4 , SPI1 IP, SPI1 IP, SPI1 IP - K562 cells, SPI1 IP - GM12878 cells, Rep 2 , SPI1 IP - HL-60 cells, Rep 4 , SPI1 IP, SPI1 IP - HL cells",,,
CTCF,PIP5K1B,stemcells,"CTCF IP - H1 cells, CTCF IP - Rep 6 ",,,
MAX,PIP5K1B,leukocytes,"MAX IP - K562 cells, MAX IP - K562 cells, Rep 2",,,
MAFF,PIP5K1B,leukocytes,MAFF IP - K562 cells,,,
JUN,PIP5K1B,colon,JUN IP ,,,
ROSI,PIP5K1B,leukocytes,ROSI | SPI1 ChIP-Seq,,,
JUN,PIP5K1B,leukocytes,"JUN IP - K562 cells, Rep 1, JUN IP - K562 cells, Rep 2",,,
ZNF263,PIP5K1B,kidney,ZNF263 IP - HEK293 cells,,,
FOXA2,PIP5K1B,stemcells,"FOXA2 IP - ES D7, FOXA2 IP - ES D2, FOXA2 IP - ES D10",,,
RUNX1,PIP5K1B,leukocytes,"SPI1 IP | RUNX1 KD, RUNX1 IP - N terminus 2",,,
ZBTB7A,PIP5K1B,uterus,ZBTB7A IP - ECC1 cells,,,
REST,PIP5K1B,leukocytes,REST IP - HL60 cells,,,
BATF,PIP5K1B,leukocytes,BATF IP - GM12878 cells,,,
ATF2,PIP5K1B,leukocytes,ATF2 IP - GM12878 cells,,,
MYC,PIP5K1B,mammarygland,DHT | MYC ChIP-Seq,,,
DHT,PIP5K1B,mammarygland,"DHT | MYC ChIP-Seq, DHT | FOXA1 ChIP-Seq",,,
CTCF,PIP5K1B,lung,"CTCF IP - SAEC cells, Rep 2 , CTCF IP - SAEC cells, Rep 1 ",,,
ZBTB7A,PIP5K1B,liver,ZBTB7A IP - HepG2 cells,,,
STAT3,PIP5K1B,leukocytes,"STAT3 IP - SU-DHL-6, STAT3 IP - OCI-LY7",,,
SPI1,PIP5K1B,hspcs,SPI1 IP -  Rep 1,,,
BICALU,PIP5K1B,prostate,BICALU | E2F1 ChIP-Seq - Rep 1,,,
KLF11,PIP5K1B,adiposetissue,"KLF11 ChIP-Seq, Rep 2",,,
GABPA,PIP5K1B,stemcells,GABPA IP - H1 cells,,,
MYC,PIP5K1B,leukocytes,"MYC IP - K562 cells, Rep 1, MYC IP | IFNG - K562 cells, 30 min, MYC IP | IFNG - K562 cells, 6 h",,,
MAZ,PIP5K1B,leukocytes,"MAZ IP - K562 cells, MAZ IP - GM12878 cells",,,
TBP,PIP5K1B,stemcells,TBP IP - H1 cells,,,
CREB1,PIP5K1B,liver,"CREB1 IP - HepG2 cells, CREB1 IP",,,
JUND,PIP5K1B,vasculature,JUND IP,,,
FORSK,PIP5K1B,liver,CEBPB IP | FORSK - HepG2 cells,,,
CEBPB,PIP5K1B,leukocytes,"CEBPB ChIP-Seq - K562, CEBPB IP | oxLDL  - Rep 208, CEBPB IP - K562 cells, CEBPB IP",,,
CTCF,PIP5K1B,kidney,"CTCF IP - HEK293 cells, Rep 1 ",,,
EGR1,PIP5K1B,leukocytes,EGR1 IP - K562 cells,,,
JUND,PIP5K1B,stemcells,JUND IP - H1 cells,,,
MTA3,PIP5K1B,leukocytes,MTA3 IP - GM12878 cells,,,
E2F1,PIP5K1B,mammarygland,E2F1 IP - MCF7 cells,,,
ZBTB7A,PIP5K1B,leukocytes,ZBTB7A IP - SK-N-SH cells,,,
HEY1,PIP5K1B,leukocytes,HEY1 IP - K562 cells,,,
YY1,PIP5K1B,liver,YY1 IP - HepG2 cells,,,
MAFK,PIP5K1B,leukocytes,MAFK IP - K562 cells,,,
SMAD1,PIP5K1B,hspcs,SMAD1 IP - Rep 3,,,
IRF1,PIP5K1B,leukocytes,"IRF1 IP | IFNG - K562 cells, 30 min",,,
HES6,PIP5K1B,prostate,HES6 OE | E2F1 ChIP-Seq - Rep 1,,,
POU2F2,PIP5K1B,leukocytes,POU2F2 IP - GM12878 cells,,,
TCF12,PIP5K1B,leukocytes,TCF12 IP - GM12878 cells,,,
FOXH1,PIP5K1B,embryonictissue,FOXH1 IP - endoderm,,,
FOSL1,PIP5K1B,leukocytes,FOSL1 IP - K562 cells,,,
GATA3,PIP5K1B,mammarygland,"GATA3 IP - T47D cells, GATA3 IP - MCF7 cells",,,
TBP,PIP5K1B,leukocytes,TBP IP - K562 cells,,,
CREB1,PIP5K1B,leukocytes,CREB1 IP - GM12878 cells,,,
TBP,PIP5K1B,liver,TBP IP - HepG2 cells,,,
CEBPB,PIP5K1B,mammarygland,CEBPB IP - MCF7 cells,,,
BHLHE40,PIP5K1B,leukocytes,"BHLHE40 IP - K562 cells, BHLHE40 IP - GM12878 cells",,,
TP53,PIP5K1B,mammarygland,TP53 IP | NUTL3 - MCF-7,,,
GATA4,PIP5K1B,stomach,GATA4 IP - AGS,,,
ELF1,PIP5K1B,leukocytes,"ELF1 IP - SK-N-SH cells, ELF1 IP - SK-N-SH cells",,,
BCL3,PIP5K1B,leukocytes,BCL3 IP - GM12878 cells,,,
TCF3,PIP5K1B,leukocytes,TCF3 IP - GM12878 cells,,,
MAX,PIP5K1B,stemcells,MAX IP - H1 cells,,,
REST,PIP5K1B,liver,"REST IP - HepG2 cells, Rep 2",,,
HMGN3,PIP5K1B,leukocytes,HMGN3 IP - K562 cells,,,
CEBPB,PIP5K1B,colon,"CEBPB IP, CEBPB IP | 125DVD3",,,
E2F6,PIP5K1B,leukocytes,"E2F6 IP - K562 cells, E2F6 IP - K562 cells",,,
CREB1,PIP5K1B,stemcells,CREB1 IP - H1 cells,,,
BCL11A,PIP5K1B,leukocytes,BCL11A IP - GM12878 cells,,,
ARID3A,PIP5K1B,leukocytes,ARID3A IP - K562 cells,,,
JUND,PIP5K1B,leukocytes,JUND IP - K562 cells,,,
SMAD4,PIP5K1B,embryonictissue,SMAD4 IP - endoderm,,,
HEY1,PIP5K1B,liver,HEY1 IP - HepG2 cells,,,
E2F6,PIP5K1B,stemcells,E2F6 IP - H1 cells,,,
ELF1,PIP5K1B,mammarygland,ELF1 IP - MCF7 cells,,,
125DVD3,PIP5K1B,colon,CEBPB IP | 125DVD3,,,
GATA1,PIP5K1B,hspcs,"GATA1 IP - PBDE cells, Rep 1",,,
E2F3,PIP5K1B,colon,E2F3 IP ,,,
FOXA2,PIP5K1B,embryonictissue,FOXA2 IP - Rep 2,,,
PIAS1,PIP5K1B,prostate,"PIAS1 + R1881 | FOXA1 ChIP-Seq - Rep 2, PIAS1 + R1881 | FOXA1 ChIP-Seq - Rep 1",,,
GATA6,PIP5K1B,stomach,GATA6 IP - YCC3,,,
SRF,PIP5K1B,stemcells,SRF IP - Rep 7 ,,,
SNAI2,PIP5K1B,stemcells,SNAI2 IP - Rep 1 ,,,
GABPA,PIP5K1B,liver,GABPA IP - HepG2 cells,,,
YY1,PIP5K1B,stemcells,YY1 IP - H1 cells,,,
NFATC1,PIP5K1B,leukocytes,NFATC1 IP - GM12878 cells,,,
FOSL2,PIP5K1B,liver,FOSL2 IP - HepG2 cells,,,
STAT5A,PIP5K1B,leukocytes,STAT5A IP - GM12878 cells,,,
IRF4,PIP5K1B,leukocytes,IRF4 IP,,,
CEBPA,PIP5K1B,leukocytes,CEBPA IP,,,
HOXA4,PIP5K1B,colon,HOXA4 IP ,,,
TEAD4,PIP5K1B,stemcells,TEAD4 IP - H1 cells,,,
TAL1,PIP5K1B,colon,TAL1 IP ,,,
CTCF,PIP5K1B,mammarygland,CTCF IP - MCF7 cells,,,
ZNF263,PTEN,kidney,ZNF263 IP - HEK293 cells,,,
REST,PTEN,uterus,"REST IP - SK-N-SH cells, REST IP - ECC1 cells",,,
JUND,PTEN,liver,JUND IP - HepG2 cells,,,
CTCF,PTEN,leukocytes,"CTCF IP - GM2610 cells, Rep 3 , CTCF IP - GM06986 cells, CTCF IP - MS1 cells, Rep 1 , CTCF IP - GM18951 cells, Rep 1 , CTCF IP - K562 cells, Rep 16 , CTCF IP - GM19240 cells, Rep 1 , CTCF IP - GM12006 cells, Rep 1, CTCF IP - F36P cells, Rep 3 , CTCF IP - GM12005 cells, Rep 1, CTCF IP - GM19239 cells, Rep 1 , CTCF IP, CTCF IP - GM12868 cells , CTCF IP - F36P cells, Rep 17 , CTCF IP - GM12878 cells , CTCF IP - K562 cells, Rep 14 , CTCF IP - GM19099 cells, Rep 1 , CTCF IP - GM12749 cells, Rep 2, CTCF IP - GM2630 cells, Rep 2 , CTCF IP - GM2588 cells, Rep 2 , CTCF IP - MS1 cells, Rep 3 , CTCF IP - HL-60 cells, Rep 5 , CTCF IP - GM12864 cells, Rep 2 , CTCF IP - GM12891 cells, Rep 1 , CTCF IP - MS1 cells, Rep 4 , CTCF IP - CD14+ cells , CTCF ChIP-Seq - GM12878, CTCF IP -  CD20+ cells , CTCF IP - NB4 cells , CTCF IP - GM18486 cells, Rep 2 , CTCF IP - F36P cells, Rep 14 , CTCF IP - GM18526 cells, Rep 2 , CTCF IP - GM18951 cells, Rep 2 , CTCF IP - GM12867 cells , CTCF IP - GM12873 cells, Rep 1 , CTCF IP - GM18505 cells, Rep 2 , CTCF IP, CTCF IP - GM19193 cells, Rep 1 , CTCF IP - GM11994 cells, Rep 2, CTCF IP - GM12892 cells, Rep 2 , CTCF IP - HL-60 cells, Rep 9 , CTCF IP - GM12489 cells, Rep 2, CTCF IP -  DND , CTCF IP - K562 cells, Rep 12 , CTCF IP - GM12815 cells, Rep 1, CTCF IP - GM06990 cells, Rep 2 , CTCF IP - GM12871 cells , CTCF IP - GM12890 cells, Rep 1 , CTCF IP - GM2588 cells, Rep 1 , CTCF IP - GM18486 cells, Rep 3 , CTCF IP - GM12878 cells, Rep 2 , CTCF IP - GM06990 cells, Rep 1 , CTCF IP - GM2255 cells, Rep 1 , CTCF IP - UT-7 cells, Rep 4 , CTCF IP - GM19238 cells, Rep 1 , CTCF IP - GM12878 cells, Rep 1 , CTCF IP - GM19240 cells, Rep 2 , CTCF IP - UT-7 cells, Rep 3 , CTCF IP - GM10847 cells, Rep 2 , CTCF IP - GM12874 cells, CTCF IP - KU812 cells, Rep 13 , CTCF IP - GM12866 cells , CTCF IP - HL-60 cells, Rep 7 , CTCF IP - KU812 cells, Rep 9 , CTCF IP - GM12869 cells , CTCF IP - F36P cells, Rep 1 , CTCF IP - GM12865 cells, Rep 3 , CTCF IP - GM10847 cells, Rep 1 , CTCF IP - GM19238 cells, Rep 2 , CTCF IP - GM12890 cells, Rep 3 , CTCF IP - GM12875 cells, Rep 2 , CTCF IP - F36P cells, Rep 7 , CTCF IP - GM12892 cells, Rep 1 , CTCF IP - K562 cells, CTCF IP - KU812 cells, Rep 1 , CTCF IP - F36P cells, Rep 11 , CTCF IP - MS1 cells, Rep 2 , CTCF IP - GM11881 cells, CTCF IP - GM12815 cells, Rep 2, CTCF IP - GM2630 cells, Rep 3 , CTCF IP - HL-60 cells, Rep 2 , CTCF IP - F36P cells, Rep 19 , CTCF IP - GM12828 cells, CTCF IP - GM18505 cells, Rep 1 , CTCF IP - GM11894 cells, Rep 2, CTCF IP - GM19239 cells, Rep 2 , CTCF IP - GM12891 cells, Rep 2 , CTCF IP - GM12872 cells, Rep 2 , CTCF IP - GM2630 cells, Rep 1 , CTCF IP - GM12814 cells, Rep 1, CTCF IP - GM12865 cells, Rep 1 , CTCF IP - GM12873 cells, Rep 1 , CTCF IP - GM19099 cells, Rep 2 , CTCF IP - GM12874 cells, Rep 2 , CTCF IP - GM12864 cells, Rep 3 , CTCF IP - GM12872 cells, Rep 3 , CTCF IP - F36P cells, Rep 13 , CTCF IP - HL , CTCF IP - GM12814 cells, Rep 2, CTCF IP - GM2255 cells, Rep 2 , CTCF IP - GM11811 cells, Rep 1, CTCF IP - GM18486 cells, Rep 1 , CTCF IP - HeLa cells, Rep 2 , CTCF IP - K562 cells, CTCF IP - GM12489 cells, Rep 1, CTCF IP - GM12878 cells, Rep 1 , CTCF IP - GM12234 cells, CTCF IP - GM2610 cells, Rep 1 , CTCF IP - GM12749 cells, Rep 1, CTCF IP - GM2588 cells, Rep 3 , CTCF IP - GM12870 cells , CTCF IP - GM12155 cells, Rep 1, CTCF IP - K562 cells, Rep 13 , CTCF IP - F36P cells, Rep 10 , CTCF IP - GM07037 cells, CTCF IP - GM12875 cells, Rep 1 , CTCF IP - GM07346 cells, CTCF IP - GM12864 cells, Rep 1 , CTCF IP - F36P cells, Rep 2 , CTCF IP - GM18526 cells, Rep 1 , CTCF IP - GM11831 cells, CTCF IP - F36P cells, Rep 15 , CTCF IP - GM12874 cells, Rep 1 , CTCF IP - GM12872 cells, CTCF IP - GM19193 cells, Rep 2 , CTCF IP - GM12154 cells, Rep 2, CTCF IP - K562 cells , CTCF IP - GM12872 cells, Rep 1 , CTCF IP - F36P cells, Rep 9 , CTCF IP - GM12890 cells, Rep 2 , CTCF IP - GM12865 cells, Rep 2 , CTCF IP - K562 cells, Rep 1 , CTCF IP - GM11994 cells, Rep 1, CTCF IP - GM12878 cells, Rep 2 , CTCF IP - HL-60 cells, Rep 3 , CTCF IP - KU812 cells, Rep 17 , CTCF IP - F36P cells, Rep 6 , CTCF IP - GM12154 cells, Rep 1, CTCF IP - GM12873 cells, Rep 3 , CTCF IP - GM11811 cells, Rep 2, CTCF IP - GM2610 cells, Rep 2 , CTCF IP - GM12801 cells , CTCF IP - GM11992 cells, Rep 2, CTCF IP - GM2255 cells, Rep 3 ",,,
REST,PTEN,colon,REST IP - HCT116 cells,,,
GTF2B,PTEN,uterus,"GTF2B IP - Rep 3, GTF2B IP - Rep 2",,,
CTCF,PTEN,mammarygland,"CTCF IP - HMF cells, Rep 1 , CTCF IP - MCF-7 cells Rep 2 , CTCF IP - HMF cells, Rep 2 , CTCF IP - T47D cells, CTCF IP - MCF-7 cells, Rep 1 , CTCF IP - HMEC cells, Rep 2 , CTCF IP - MCF7 cells, CTCF IP - HMEC cells, Rep 1 , CTCF IP - HMEC cells ",,,
YY1,PTEN,leukocytes,"YY1 IP - K562 cells, YY1 IP - K562 cells, Rep 2, YY1 IP - K562 cells, Rep 1, YY1 IP - GM12892 cells, Rep 1, YY1 IP - GM12878 cells, YY1 IP - GM12891 cells",,,
CTCF,PTEN,vasculature,"CTCF IP - HUVEC cells, Rep 1 , CTCF IP - HPAF cells, Rep 2 , CTCF IP - HPAF cells, Rep 1 , CTCF IP - HUVEC cells , CTCF IP - HBMEC cells, Rep 2 , CTCF IP - HUVEC cells, Rep 2 , CTCF IP - HBMEC cells, Rep 1 ",,,
RBPJ,PTEN,leukocytes,"RBPJ IP | COMPE, RBPJ IP | COMPE - wash",,,
COMPE,PTEN,leukocytes,"RBPJ IP | COMPE, RBPJ IP | COMPE - wash",,,
ZBTB7A,PTEN,liver,ZBTB7A IP - HepG2 cells,,,
FOXA2,PTEN,stemcells,"FOXA2 IP - ES D10, FOXA2 IP - ES D7, FOXA2 IP - ES D2, FOXA2 IP - ES D5",,,
ETS1,PTEN,leukocytes,"ETS1 IP - GM12878 cells, ETS1 IP, ETS1 IP - K562 cells",,,
CTCF,PTEN,sensory,"CTCF IP - HRPEpiC cells, Rep 2 , CTCF IP - HRPEpiC cells, Rep 1 , CTCF IP - WERI , CTCF IP - WERI-Rb-1- cells, Rep 1 ",,,
GABPA,PTEN,prostate,"GABPA IP - Rep 1, GABPA IP | R1881",,,
ELF3,PTEN,pancreas,ELF3 IP,,,
CTCF,PTEN,adiposetissue,"CTCF ChIP-Seq - d 9, CTCF ChIP-Seq - d 0, CTCF ChIP-Seq - d -2, CTCF ChIP-Seq - d 3",,,
FOXA1,PTEN,mammarygland,"DEX | FOXA1 ChIP-Seq - Rep 2, DEX | FOXA1 ChIP-Seq - Rep 1, 17BE2 | FOXA1 ChIP-Seq - Rep 2, DEX | FOXA1 ChIP-Seq - Rep 1, DEX | FOXA1 ChIP-Seq - Rep 1, FOXA1 ChIP-Seq - Rep 2, 17BE2 | FOXA1 ChIP-Seq - Rep 2, FOXA1 ChIP-Seq - Rep 1, 17BE2 | FOXA1 ChIP-Seq - Rep 1, FOXA1 IP - T47D cells, DEX | FOXA1 ChIP-Seq - Rep 2, FOXA1 ChIP-Seq - Rep 1, FOXA1 ChIP-Seq - Rep 2, DHT | FOXA1 ChIP-Seq, 17BE2 | FOXA1 ChIP-Seq - Rep 1, 17BE2 | FOXA1 ChIP-Seq - Rep 2",,,
DEX,PTEN,mammarygland,"DEX | FOXA1 ChIP-Seq - Rep 2, DEX | FOXA1 ChIP-Seq - Rep 1, DEX | FOXA1 ChIP-Seq - Rep 1, DEX | FOXA1 ChIP-Seq - Rep 1, DEX | FOXA1 ChIP-Seq - Rep 2",,,
FOXA1,PTEN,prostate,"DHT | FOXA1 ChIP-Seq, AR Q640X OE + FOXA1 OE | FOXA1 ChIP-Seq, CON KD | FOXA1 ChIP-Seq, CON KD + R1881 | FOXA1 ChIP-Seq, FOXA1 ChIP-Seq, CREB1 siRNA | FOXA1 ChIP-Seq - Rep 2, R1881 | FOXA1 ChIP-Seq - Rep 1, CON KD | FOXA1 ChIP-Seq, FOXA1 ChIP-Seq - Rep 2, CREB1 siRNA | FOXA1 ChIP-Seq - Rep 1, GATA2 KD + R1881 | FOXA1 ChIP-Seq, FOXA1 siRNA | CREB1 ChIP-Seq - Rep 1, R1881 | FOXA1 ChIP-Seq - Rep 2, FOXA1 ChIP-Seq - LNCaP-abl, CON KD + R1881 | FOXA1 ChIP-Seq - Rep 2, PIAS1 + R1881 | FOXA1 ChIP-Seq - Rep 2, PIAS1 + R1881 | FOXA1 ChIP-Seq - Rep 1, CON KD | FOXA1 ChIP-Seq, WT AR OE + FOXA1 OE | FOXA1 ChIP-Seq - high FOXA1, FOXA1 siRNA | CREB1 ChIP-Seq - Rep 2, EtOH | FOXA1 ChIP-Seq - Rep 2, AR C562S OE + FOXA1 OE | FOXA1 ChIP-Seq, CON KD  | FOXA1 ChIP-Seq, FOXA1 ChIP-Seq - Rep 1, CON KD + R1881 | FOXA1 ChIP-Seq - Rep 1, GATA2 KD  | FOXA1 ChIP-Seq, FOXA1 ChIP-Seq, EtOH | FOXA1 ChIP-Seq - ",,,
DHT,PTEN,prostate,"DHT | FOXA1 ChIP-Seq, DHT | ERG ChIP-Seq - 18 h, DHT | ERG ChIP-Seq - 2 h",,,
REST,PTEN,cns,"REST IP - PFSK-N-SH cells1 cells, Rep 1, REST IP - U87 cells, REST IP - SK cells, REST IP - PFSK1 cells, Rep 2, REST IP - SK-N-SH cells",,,
RUNX1T1,PTEN,leukocytes,RUNX1T1 IP,,,
JUND,PTEN,colon,JUND IP - HCT116 cells,,,
ELF1,PTEN,colon,ELF1 IP - HCT116 cells,,,
MAX,PTEN,uterus,"MAX IP - ECC1 cells, MAX IP - HeLa cells, Rep 2, MAX IP - HeLa cells, Rep 1",,,
MAX,PTEN,stemcells,"MAX IP - H1 cells, MAX IP - H1 cells",,,
E2F6,PTEN,leukocytes,"E2F6 IP - K562 cells, E2F6 IP - K562 cells",,,
CTCF,PTEN,hspcs,"CTCF IP - HEL 92.1.7 cells, Rep 8 , CTCF IP - HEL 92.1.7 cells, Rep 11 , CTCF IP - Erythroid cells, Rep 1, CTCF IP - HSPCs, Rep 1, CTCF IP - Erythroid cells, Rep 2, CTCF IP - HEL 92.1.7 cells, Rep 5 , CTCF IP - HEL 92.1.7 cells, Rep 2 , CTCF IP - HEL 92.1.7 cells, Rep 14 ",,,
FOXH1,PTEN,embryonictissue,FOXH1 IP - endoderm,,,
E2F6,PTEN,uterus,E2F6 IP - HeLa cells,,,
FOS,PTEN,mammarygland,"FOS IP - MCF10A cells, FOS IP | 4HT - MCF10A cells, 12 h, FOS IP | 4HT - MCF10A cells, 4 h, FOS IP | 4HT - MCF10A cells, 36 h",,,
MAX,PTEN,leukocytes,"MAX IP - K562 cells, Rep 2, MAX IP - GM12878 cells, MAX IP - K562 cells, MAX IP - NB4 cells",,,
CTCF,PTEN,skin,"CTCF IP - AG10803 cells, Rep 2 , CTCF IP - NHDF cells , CTCF IP - HFFC cells, Rep 1 , CTCF IP - HFFC cells, Rep 3 , CTCF IP - NHDF cells, Rep 1 , CTCF IP - HFFC cells, Rep 2 , CTCF IP - NHEK cells, Rep 2 , CTCF IP - NHDF cells, Rep 2 , CTCF IP - GM12878 cells, Rep 2 , CTCF IP - AG09309 cells, Rep 1 , CTCF IP - AG04449 cells, Rep 1 , CTCF IP - BJ cells, Rep 2 , CTCF IP - BJ cells, Rep 1 , CTCF IP - NHEK cells , CTCF IP - AG04449 cells, Rep 2 , CTCF IP - AG10803 cells, Rep 1 ",,,
MAX,PTEN,lung,"MAX IP - A549 cells, MAX IP - A549 cells",,,
GATA3,PTEN,mammarygland,"GATA3 IP - T47D cells, GATA3 IP - MCF7 cells",,,
MXI1,PTEN,uterus,MXI1 IP - HeLa cells,,,
SP1,PTEN,lung,SP1 IP - A549 cells,,,
NFKB1,PTEN,leukocytes,"NFKB1 IP - Rep 1, NFKB1 IP - Rep 2",,,
MYC,PTEN,leukocytes,"MYC IP | IFNG - K562 cells, 6 h, MYC IP | IFNG - K562 cells, 30 min, MYC IP | IFNA1 - K562 cells, 30 min, MYC IP | IFNA1 - K562 cells, 6 h, MYC IP - K562 cells, Rep 2, MYC IP - NB4 cells, MYC IP - K562 cells, Rep 1",,,
IFNG,PTEN,leukocytes,"MYC IP | IFNG - K562 cells, 6 h, IRF1 IP - Rep 3, MYC IP | IFNG - K562 cells, 30 min, STAT1 IP - Rep 1, STAT1 IP - Rep 4, STAT1 IP - Rep 6, IRF1 IP | IFNG - K562 cells, 30 min, STAT1 IP - Rep 5, STAT1 IP - Rep 2, STAT1 IP - Rep 3, IRF1 IP | IFNG - K562 cells, 6 h",,,
ATF1,PTEN,leukocytes,ATF1 IP - K562 cells,,,
SPI1,PTEN,leukocytes,"SPI1 IP - GM12891 cells, SPI1 IP, SPI1 IP - GM12878 cells, SPI1 IP - HL cells, SPI1 IP, SPI1 IP - GM12878 cells, Rep 2 , SPI1 IP, SPI1 IP, SPI1 IP, SPI1 IP | RUNX1 KD, SPI1 IP, SPI1 IP, SPI1 IP, SPI1 IP - GM12878 cells, Rep 4 , SPI1 IP, SPI1 IP, SPI1 IP - K562 cells, SPI1 IP - GM12878 cells, Rep 3 ",,,
RUNX1,PTEN,hspcs,"RUNX1, RUNX1 IP",,,
REST,PTEN,pancreas,"REST IP - PANC1 cells, Rep 2, REST IP - Panc1 cells, Rep 3",,,
AR,PTEN,prostate,"AR Q640X OE + FOXA1 OE | FOXA1 ChIP-Seq, WT AR OE + FOXA1 OE | FOXA1 ChIP-Seq - high FOXA1, AR C562S OE + FOXA1 OE | FOXA1 ChIP-Seq",,,",20729295,21532617"
SP1,PTEN,leukocytes,"SP1 IP - K562 cells, SP1 IP - GM12878 cells",,,
USF2,PTEN,leukocytes,"USF2 IP - K562 cells, USF2 IP - GM12878 cells",,,
TCF12,PTEN,liver,TCF12 IP - HepG2 cells,,,
ARID3A,PTEN,liver,ARID3A IP - HepG2 cells,,,
MYC,PTEN,mammarygland,"MYC IP - MCF-10A cells, DHT | MYC ChIP-Seq, MYC IP, MYC IP | 4HT - MCF10A cells",,,
ZBTB17,PTEN,bone,"ZBTB17 IP, ZBTB17 IP",,,
CREB1,PTEN,prostate,"CREB1 ChIP-Seq - LNCaP-abl, CREB1 siRNA | FOXA1 ChIP-Seq - Rep 2, CREB1 siRNA | FOXA1 ChIP-Seq - Rep 1, FOXA1 siRNA | CREB1 ChIP-Seq - Rep 1, CREB1 ChIP-Seq - LNCaP, FOXA1 siRNA | CREB1 ChIP-Seq - Rep 2",,,
JUND,PTEN,mammarygland,"JUND IP - T47D cells, JUND IP - MCF7 cells",,,
CEBPB,PTEN,bone,"CEBPB IP, CEBPB IP",,,
CTCF,PTEN,cns,"CTCF IP - SK-N-SH cells, Rep 1 , CTCF IP - NHA cells , CTCF IP - spinal cord astrocyte cells, Rep 2 , CTCF IP - SK-N-SH cells , CTCF IP - SK cells, CTCF IP - SK-N-SH cells, Rep 2 , CTCF IP - HCPEpiC cells, Rep 2 , CTCF IP - BE(2)-C cells, Rep 2 , CTCF IP - spinal cord astrocyte cells, Rep 1 , CTCF IP - cerebellar astrocyte cells, Rep 1 , CTCF IP - cerebellar astrocyte cells, Rep 2 , CTCF IP - BE(2)-C cells, Rep 1 , CTCF IP - HCPEpiC cells, Rep 1 ",,,
STAT5A,PTEN,leukocytes,"STAT5A IP - K562 cells, STAT5A IP - GM12878 cells",,,
GTF2B,PTEN,lung,GTF2B IP,,,
ZNF143,PTEN,leukocytes,"ZNF143 IP - K562 cells, ZNF143 IP - GM12878 cells",,,
ERG,PTEN,prostate,"ERG ChIP-Seq, DHT | ERG ChIP-Seq - 18 h, DHT | ERG ChIP-Seq - 2 h, DMSO | ERG ChIP-Seq - Rep 1, ERG ChIP-Seq",,,
TEAD4,PTEN,uterus,TEAD4 IP - ECC1 cells,,,
CTCF,PTEN,megakaryocytelineage,"CTCF IP - MEG-01 cells, Rep 2 , CTCF IP - MEG-01 cells, Rep 6 , CTCF IP - MEG-01 cells, Rep 10 , CTCF IP - MEG-01 cells, Rep 4 , CTCF IP - MEG-01 cells, Rep 8 ",,,
CTCF,PTEN,lung,"CTCF IP | DEX - A549 cells, CTCF IP - HPF cells, Rep 1 , CTCF IP - NHLF cells , CTCF IP - AG04450 cells, Rep 2 , CTCF IP - AG04450 cells, Rep 1 , CTCF IP - HPF cells, Rep 2 , CTCF IP - A549 cells, CTCF IP - SAEC cells, Rep 2 , CTCF IP - A549 cells , CTCF IP - IMR cells, CTCF IP - A549 cells, Rep 2 , CTCF ChIP-Seq - A549, CTCF IP | DEX - A549 cells , CTCF IP - A549 cells, Rep 1 , CTCF IP - NHLF cells , CTCF IP - SAEC cells, Rep 1 ",,,
DEX,PTEN,lung,"CTCF IP | DEX - A549 cells, CREB1 IP | DEX - A549 cells, USF1 IP | DEX - A549 cells, CTCF IP | DEX - A549 cells ",,,
USF1,PTEN,leukocytes,"USF1 IP - GM12878 cells, USF1 IP - K562 cells",,,
IRF1,PTEN,leukocytes,"IRF1 IP | IFNA1-13 - K562 cells, 6 h, IRF1 IP - Rep 3, IRF1 IP | IFNG - K562 cells, 30 min, IRF1 IP | IFNG - K562 cells, 6 h",,,
IFNA1,PTEN,leukocytes,"IRF1 IP | IFNA1-13 - K562 cells, 6 h, MYC IP | IFNA1 - K562 cells, 30 min, MYC IP | IFNA1 - K562 cells, 6 h",,,
YY1,PTEN,colon,YY1 IP - HCT116 cells,,,
ZNF83,PTEN,colon,ZNF83 IP ,,,
CTCF,PTEN,stemcells,"CTCF IP - H1 cells , CTCF IP - H1 cells, CTCF IP - Rep 6 , CTCF IP - Rep 4 , CTCF IP - Rep 7 ",,,
MYC,PTEN,uterus,MYC IP - HeLa cells,,,
BCL3,PTEN,leukocytes,BCL3 IP - GM12878 cells,,,
CREB1,PTEN,stemcells,CREB1 IP - H1 cells,,,
E2F4,PTEN,leukocytes,"E2F4 IP - K562 cells, E2F4 IP - GM12878 cells",,,
CEBPB,PTEN,stemcells,"CEBPB IP, CEBPB IP, CEBPB IP, CEBPB IP, CEBPB IP - H1 cells, CEBPB IP, CEBPB IP, CEBPB IP",,,
MAFK,PTEN,liver,"MAFK IP - HepG2 cells, Rep 2, MAFK IP - HepG2 cells, Rep 1",,,
PBX3,PTEN,leukocytes,PBX3 IP - GM12878 cells,,,
CTCF,PTEN,uterus,"CTCF IP - HeLa cells , CTCF IP - HeLa cells, Rep 1 , CTCF IP - ECC1 cells",,,
REST,PTEN,leukocytes,"REST IP - GM12878 cells, Rep 2, REST IP - GM12878 cells, Rep 16 , REST IP - GM12878 cells, Rep 1, REST IP - GM12878 cells, Rep 14 , REST IP - HL60 cells, REST IP - K562 cells",,,
USF2,PTEN,stemcells,USF2 IP - H1 cells,,,
SIX2,PTEN,kidney,"SIX2 IP - 17 weeks, Rep 1, SIX2 IP - 17 weeks, Rep 2",,,
ELF1,PTEN,leukocytes,"ELF1 IP - SK-N-SH cells, ELF1 IP - SK-N-SH cells",,,
4HT,PTEN,mammarygland,"FOS IP | 4HT - MCF10A cells, 12 h, STAT3 IP | 4HT - MCF10 cells, 12 h, E2F4 IP | 4HT - MCF10 cells, FOS IP | 4HT - MCF10A cells, 4 h, FOS IP | 4HT - MCF10A cells, 36 h, MYC IP | 4HT - MCF10A cells",,,
YY1,PTEN,liver,YY1 IP - HepG2 cells,,,
KLF11,PTEN,adiposetissue,"KLF11 ChIP-Seq, Rep 2, ROSI (BrAT) | KLF11 ChIP-Seq, Rep 1, ROSI (BrAT) | KLF11 ChIP-Seq, Rep 2, KLF11 ChIP-Seq, Rep 1",,,
USF1,PTEN,colon,USF1 IP - HCT116 cells,,,
MAX,PTEN,vasculature,MAX IP - HUVEC cells,,,
CTCF,PTEN,colon,"CTCF IP - HCT116 cells, Rep 1 , CTCF IP - Caco-2 cells, Rep 1 , CTCF IP - HCT116 cells, CTCF IP - Caco ",,,
E2F1,PTEN,uterus,"E2F1 IP - HeLa cells, Rep 2, E2F1 IP - HeLa cells, Rep 1",,,
TCF12,PTEN,uterus,TCF12 IP - ECC1 cells,,,
STAT3,PTEN,leukocytes,"STAT3 IP - OCI-LY19, STAT3 IP - U-2932, STAT3 IP - SU-DHL-6, STAT3 IP - OCI-LY7, STAT3 IP - SU-DHL-4, STAT3 IP - OCI-LY10",,,
CEBPB,PTEN,leukocytes,"CEBPB IP, CEBPB IP | oxLDL  - Rep 208, CEBPB IP| oxLDL  - Rep 207, CEBPB IP - GM12878 cells, CEBPB ChIP-Seq - K562, CEBPB IP - Rep 204, CEBPB IP - Rep 203, CEBPB IP - HL-60 cells, Rep 2 , CEBPB IP - K562 cells",,,
RELA,PTEN,leukocytes,"RELA IP | TNF - GM12878 cells, RELA IP | TNF - GM15510 cells, RELA IP | TNF - GM18505 cells, RELA IP | BAY082  - IVD Th1 cells, PIA, RELA IP | TNF - GM19193 cells, RELA IP | TNF - GM12892 cells, RELA IP | TNF - GM19099 cells, RELA IP | TNF - GM10847 cells, RELA IP | TNF - GM12891 cells, RELA IP | TNF - GM18951 cells, RELA IP | TNF - GM18526 cells",,,
TNF,PTEN,leukocytes,"RELA IP | TNF - GM12878 cells, RELA IP | TNF - GM15510 cells, RELA IP | TNF - GM18505 cells, RELA IP | TNF - GM19193 cells, RELA IP | TNF - GM12892 cells, RELA IP | TNF - GM10847 cells, RELA IP | TNF - GM12891 cells, RELA IP | TNF - GM18951 cells, RELA IP | TNF - GM18526 cells",,,
E2F1,PTEN,prostate,"BICALU | E2F1 ChIP-Seq - Rep 3, HES6 OE | E2F1 ChIP-Seq - Rep 3, HES6 OE | E2F1 ChIP-Seq - Rep 1, E2F1 ChIP-Seq - Rep 4, E2F1 ChIP-Seq - Rep 1, HES6 OE + BICALU | E2F1 ChIP-Seq - Rep 3, BICALU | E2F1 ChIP-Seq - Rep 1",,,
BICALU,PTEN,prostate,"BICALU | E2F1 ChIP-Seq - Rep 3, HES6 OE + BICALU | E2F1 ChIP-Seq - Rep 3, BICALU | E2F1 ChIP-Seq - Rep 1",,,
STAT3,PTEN,mammarygland,"STAT3 IP | 4HT - MCF10 cells, 12 h, STAT3 IP - MCF10A cells, Rep 2",,,
CEBPB,PTEN,lung,"CEBPB IP - A549 cells, CEBPB ChIP-Seq - IMR90, CEBPB ChIP-Seq - A549",,,
GABPA,PTEN,stemcells,GABPA IP - H1 cells,,,
FOSL2,PTEN,cns,FOSL2 IP - SK-N-SH cells,,,
JUND,PTEN,cns,"JUND IP - SK-N-SH cells, JUND IP - SK-N-SH cells ",,,
HMGN3,PTEN,leukocytes,HMGN3 IP - K562 cells,,,
RUNX1,PTEN,leukocytes,"RUNX1 IP - N terminus 1, RUNX1 IP, RUNX1 IP - Rep 1, RUNX1 IP - Rep 2, RUNX1 IP, SPI1 IP | RUNX1 KD, RUNX1 IP - N terminus 2",,,
EGR1,PTEN,leukocytes,EGR1 IP - K562 cells,,,
ATF2,PTEN,stemcells,ATF2 IP - H1 cells,,,
R1881,PTEN,prostate,"CON KD + R1881 | FOXA1 ChIP-Seq, R1881 | FOXA1 ChIP-Seq - Rep 1, GATA2 KD + R1881 | FOXA1 ChIP-Seq, R1881 | FOXA1 ChIP-Seq - Rep 2, CON KD + R1881 | FOXA1 ChIP-Seq - Rep 2, GABPA IP | R1881, PIAS1 + R1881 | FOXA1 ChIP-Seq - Rep 2, PIAS1 + R1881 | FOXA1 ChIP-Seq - Rep 1, CON KD + R1881 | FOXA1 ChIP-Seq - Rep 1",,,
TFAP4,PTEN,leukocytes,"TFAP4 IP - Rep 2, TFAP4 IP - Rep 1",,,
TEAD4,PTEN,colon,TEAD4 IP - HCT116 cells,,,
CREB1,PTEN,liver,"CREB1 IP, CREB1 IP, CREB1 IP - HepG2 cells",,,
HES6,PTEN,prostate,"HES6 OE | E2F1 ChIP-Seq - Rep 3, HES6 OE | E2F1 ChIP-Seq - Rep 1, HES6 OE + BICALU | E2F1 ChIP-Seq - Rep 3",,,
E2F6,PTEN,lung,E2F6 IP - A549 cells,,,
ETS1,PTEN,lung,ETS1 IP - A549 cells,,,
JUND,PTEN,leukocytes,JUND IP - K562 cells,,,
ELK1,PTEN,uterus,ELK1 IP - HeLa cells,,,
SMAD1,PTEN,hspcs,SMAD1 IP - Rep 3,,,
ZEB1,PTEN,liver,ZEB1 IP - HepG2 cells,,,
17BE2,PTEN,mammarygland,"17BE2 | FOXA1 ChIP-Seq - Rep 2, 17BE2 | FOXA1 ChIP-Seq - Rep 2, 17BE2 | FOXA1 ChIP-Seq - Rep 1, 17BE2 | FOXA1 ChIP-Seq - Rep 1, 17BE2 | FOXA1 ChIP-Seq - Rep 2",,,
DHT,PTEN,mammarygland,"DHT | MYC ChIP-Seq, DHT | FOXA1 ChIP-Seq",,,
GTF2F1,PTEN,uterus,GTF2F1 IP - HeLa cells,,,
STAT1,PTEN,leukocytes,"STAT1 IP - Rep 1, STAT1 IP - Rep 4, STAT1 IP - Rep 6, STAT1 IP - Rep 5, STAT1 IP - Rep 2, STAT1 IP - Rep 3",,,
USF1,PTEN,cns,"USF1 IP | ATRA - SK-N-SH cells, USF1 IP - SK-N-SH cells",,,
ATRA,PTEN,cns,"USF1 IP | ATRA - SK-N-SH cells, YY1 IP | ATRA - SK-N-SH cells",,,
FOXM1,PTEN,uterus,FOXM1 IP - ECC1 cells,,,
TCF12,PTEN,stemcells,TCF12 IP - H1 cells,,,
HOXA4,PTEN,colon,HOXA4 IP ,,,
E2F4,PTEN,mammarygland,E2F4 IP | 4HT - MCF10 cells,,,
CREB1,PTEN,lung,"CREB1 IP | DEX - A549 cells, CREB1 IP - A549 cells, Rep 1, CREB1 IP - A549 cells, Rep 2",,,
TAL1,PTEN,leukocytes,TAL1 IP - MOLT3,,,
KLF5,PTEN,pancreas,KLF5 IP,,,
BHLHE40,PTEN,leukocytes,"BHLHE40 IP - GM12878 cells, BHLHE40 IP - K562 cells",,,
USF1,PTEN,stemcells,USF1 IP - H1 cells,,,
NFKB2,PTEN,leukocytes,"NFKB2 IP - Rep 1, NFKB2 IP - Rep 2",,,
CTCF,PTEN,liver,"CTCF IP - HepG2 cells , CTCF IP - HepG2 cells, Rep 1 , CTCF IP - SK-N-SH cells, CTCF IP, CTCF IP - HepG2 cells, Rep 2 ",,,
CEBPB,PTEN,colon,"CEBPB IP - HCT116 cells, CEBPB IP | 125DVD3, CEBPB IP",,,
IRF4,PTEN,leukocytes,"IRF4 IP - GM12878 cells, IRF4 IP",,,
RELA,PTEN,colon,RELA IP ,,,
ROSI,PTEN,adiposetissue,"ROSI (BrAT) | KLF11 ChIP-Seq, Rep 1, ROSI (BrAT) | KLF11 ChIP-Seq, Rep 2",,,
ELK1,PTEN,leukocytes,ELK1 IP - GM12878 cells,,,
UBTF,PTEN,leukocytes,"UBTF IP - K562 cells, UBTF IP - K562 cells",,,
EGR1,PTEN,uterus,EGR1 IP - ECC1 cells,,,
TEAD4,PTEN,leukocytes,TEAD4 IP - K562 cells,,,
ARNT,PTEN,kidney,ARNT IP,,,
TEAD4,PTEN,cns,TEAD4 IP - SK-N-SH cells,,,
TP53,PTEN,bone,"TP53 IP | TP53EE OE, TP53 IP | TP53 OE, TP53 IP | TP53EE/RR OE, TP53 IP | NUTL3, TP53 IP | NUTL3 - SJSA-1",,,
PAX5,PTEN,leukocytes,"PAX5 IP - GM12878 cells, Rep 2, PAX5 IP - GM12891 cells, PAX5 IP - GM12892 cells, PAX5 IP - GM12878 cells, Rep 1",,,
PDX1,PTEN,pancreas,PDX1 IP,,,
TCF7L2,PTEN,mammarygland,TCF7L2 ChIP-Seq,,,
HOXA6,PTEN,colon,HOXA6 IP ,,,
GABPA,PTEN,liver,"GABPA IP - MCF7 cells, GABPA IP, GABPA IP - HepG2 cells",,,
CTCF,PTEN,heart,"CTCF IP - myocytes cells, Rep 1 , CTCF IP - HCF cells ",,,
ERG,PTEN,leukocytes,ERG IP - Rep 1,,,
MYB,PTEN,leukocytes,"MYB IP - Jurkat, Rep 3, MYB IP - MOLT3, MYB IP - Jurkat, Rep 4, MYB IP - Jurkat, Rep 1, MYB IP - Jurkat, Rep 2, MYB IP - Jurkat, Rep 5",,,
USF2,PTEN,uterus,USF2 IP - HeLa cells,,,
CTCF,PTEN,kidney,"CTCF IP - HRE cells, Rep 1 , CTCF IP - HRE cells, Rep 2 , CTCF IP - RPTEC cells, Rep 1 , CTCF IP - HEK293 cells, Rep 1 , CTCF IP - RPTEC cells, Rep 2 ",,,
E2F1,PTEN,mammarygland,"E2F1 IP - MCF7 cells, E2F1 IP",,,
FOSL2,PTEN,lung,FOSL2 IP - A549 cells,,,
ELF1,PTEN,lung,ELF1 IP - A549 cells,,,
JUN,PTEN,colon,JUN IP ,,,
TP53,PTEN,mammarygland,"TP53 IP, TP53 IP | NUTL3 - MCF-7",,,",11545734"
USF1,PTEN,lung,"USF1 IP - A549 cells, Rep 2, USF1 IP - A549 cells, Rep 1, USF1 IP | DEX - A549 cells",,,
CTCF,PTEN,placenta,"CTCF IP - HVMF cells, Rep 1 , CTCF IP - HVMF cells, Rep 2 ",,,
CREB1,PTEN,uterus,CREB1 IP - ECC1 cells,,,
TP73,PTEN,bone,"TP73 IP - beta isoform, Rep 1",,,
FOXA2,PTEN,embryonictissue,FOXA2 IP - Rep 2,,,
FOSL2,PTEN,liver,FOSL2 IP - HepG2 cells,,,
BCL3,PTEN,lung,BCL3 IP - A549 cells,,,
CTCF,PTEN,esophagus,"CTCF IP - HEEpiC cells, Rep 2 , CTCF IP - HEEpiC cells, Rep 1 ",,,
MYBL2,PTEN,liver,MYBL2 IP - HepG2 cells,,,
MXI1,PTEN,stemcells,MXI1 IP - H1 cells,,,
TBP,PTEN,stemcells,TBP IP - H1 cells,,,
USF2,PTEN,liver,USF2 IP - HepG2 cells,,,
FOXM1,PTEN,mammarygland,"FOXM1 IP - DS005, FOXM1 IP - MCF7 cells, FOXM1 IP | THSP - DS006",,,
EBF1,PTEN,leukocytes,"EBF1 IP - GM12878 cells, EBF1 IP - GM12878 cells",,,
SRF,PTEN,liver,SRF IP - HepG2 cells,,,
MXI1,PTEN,lung,MXI1 IP - IMR cells,,,
GABPA,PTEN,leukocytes,"GABPA IP - GM12878 cells, Rep 3 , GABPA IP - GM12878 cells, GABPA IP - GM12878 cells, Rep 1 , GABPA IP - HL cells, GABPA IP - Jurkat, Rep 1, GABPA IP - GM12878 cells, Rep 4 , GABPA IP - Jurkat, Rep 2, GABPA IP - K562 cells, GABPA IP - GM12878 cells, Rep 2 ",,,
FOSL1,PTEN,colon,FOSL1 IP - HCT116 cells,,,
MAX,PTEN,liver,"MAX IP - HepG2 cells, MAX IP - MCF7 cells, MAX IP - HepG2 cells",,,
CEBPB,PTEN,uterus,"CEBPB ChIP-Seq - HeLaS3, CEBPB IP - ECC1 cells",,,
USF1,PTEN,uterus,USF1 IP - ECC1 cells,,,
ZBTB7A,PTEN,uterus,ZBTB7A IP - ECC1 cells,,,
SOX2,PTEN,stemcells,SOX2 IP,,,
FOXA2,PTEN,liver,FOXA2 IP - HepG2 cells,,,
TCF7L2,PTEN,uterus,TCF7L2 IP - HeLa cells,,,
MAZ,PTEN,liver,MAZ IP - HepG2 cells,,,
CEBPB,PTEN,liver,"CEBPB ChIP-Seq - HepG2, CEBPB IP - HepG2 cells, CEBPB IP | FORSK - HepG2 cells",,,
NFATC1,PTEN,leukocytes,NFATC1 IP - GM12878 cells,,,
ATF3,PTEN,stemcells,ATF3 IP - H1 cells,,,
ATF2,PTEN,colon,ATF2 IP ,,,
FOXA2,PTEN,lung,FOXA2 IP - A549 cells,,,
CTCF,PTEN,bone,"CTCF IP, CTCF IP - Osteoblasts ",,,
ATF3,PTEN,colon,ATF3 IP - HCT116 cells,,,
FOXA1,PTEN,liver,"FOXA1 IP - HepG2 cells, Rep 2, FOXA1 IP - HepG2 cells, Rep 1",,,
STAT3,PTEN,stemcells,"STAT3 IP - Rep 2 , STAT3 IP - Rep 1 ",,,
MEF2C,PTEN,leukocytes,MEF2C IP - GM12878 cells,,,
PBX3,PTEN,cns,PBX3 IP - SK-N-SH cells,,,
ELF1,PTEN,cns,ELF1 IP - SK-N-SH cells,,,
FLI1,PTEN,hspcs,FLI1 IP,,,
GLI2,PTEN,colon,GLI2 IP ,,,
GTF2F1,PTEN,stemcells,GTF2F1 IP - H1 cells,,,
MYC,PTEN,colon,MYC IP - DTT,,,
YY1,PTEN,stemcells,"YY1 IP - H1 cells, YY1 IP - NT2 cells",,,
CREB1,PTEN,leukocytes,"CREB1 IP - K562 cells, CREB1 IP - GM12878 cells",,,
ATF3,PTEN,leukocytes,"ATF3 IP - GM12878 cells, ATF3 IP - K562 cells",,,
IRF1,PTEN,colon,IRF1 IP ,,,
ZEB1,PTEN,leukocytes,ZEB1 IP - GM12878 cells,,,
GABPA,PTEN,lung,GABPA IP - A549 cells,,,
ATF3,PTEN,lung,ATF3 IP - A549 cells,,,
FOXP2,PTEN,cns,FOXP2 IP - PFSK-1 cells,,,
MYC,PTEN,liver,MYC IP,,,
GATA2,PTEN,prostate,"GATA2 KD + R1881 | FOXA1 ChIP-Seq, GATA2 ChIP-Seq, GATA2 KD  | FOXA1 ChIP-Seq",,,
NANOG,PTEN,stemcells,"NANOG IP - Rep 5 , NANOG IP - H1 cells",,,
JUN,PTEN,mammarygland,"JUN IP - Rep 1, JUN IP - Rep 2",,,
MXI1,PTEN,cns,MXI1 IP - SK-N-SH cells ,,,
RELA,PTEN,adiposetissue,"RELA IP, RELA IP",,,
FOXM1,PTEN,leukocytes,FOXM1 IP - GM12878 cells,,,
EGR1,PTEN,colon,EGR1 IP - HCT116 cells,,,
ZEB1,PTEN,pancreas,ZEB1 IP,,,
FORSK,PTEN,liver,CEBPB IP | FORSK - HepG2 cells,,,
MXI1,PTEN,leukocytes,MXI1 IP - GM12878 cells,,,
ELF1,PTEN,mammarygland,ELF1 IP - MCF7 cells,,,
IRF1,PTEN,pancreas,IRF1 IP,,,
TBP,PTEN,leukocytes,"TBP IP - GM12878 cells, TBP IP - K562 cells",,,
ZNF143,PTEN,stemcells,ZNF143 IP - H1 cells,,,
SIX5,PTEN,lung,SIX5 IP | DEX - A549 cells,,,
SRF,PTEN,leukocytes,SRF IP - SK-N-SH cells,,,
REST,PTEN,liver,"REST IP - HepG2 cells, Rep 2, REST IP - HepG2 cells, Rep 1",,,
SP1,PTEN,stemcells,"SP1 IP - Rep 1 , SP1 IP - H1 cells, SP1 IP - Rep 2 ",,,
E2F3,PTEN,colon,E2F3 IP ,,,
TEAD4,PTEN,lung,TEAD4 IP - A549 cells,,,
BAY082,PTEN,leukocytes,"RELA IP | BAY082  - IVD Th1 cells, PIA",,,
TCF12,PTEN,lung,TCF12 IP - A549 cells,,,
ZNF143,PTEN,uterus,ZNF143 IP - HeLa cells,,,
JUND,PTEN,stemcells,"JUND IP - H1 cells, JUND IP - H1 cells",,,
JUND,PTEN,lung,JUND IP - A549 cells,,,
NUTL3,PTEN,bone,TP53 IP | NUTL3,,,
SP1,PTEN,liver,SP1 IP - HepG2 cells,,,
TBP,PTEN,liver,TBP IP - HepG2 cells,,,
MAZ,PTEN,lung,MAZ IP - IMR cells,,,
EGR1,PTEN,liver,EGR1 IP - MCF7 cells,,,
MYC,PTEN,bone,MYC IP,,,
TCF12,PTEN,cns,TCF12 IP - SK-N-SH cells,,,
TP53,PTEN,leukocytes,TP53 IP - Doxo DNA damage,,,
MAFF,PTEN,liver,MAFF IP - HepG2 cells,,,
HEY1,PTEN,liver,HEY1 IP - HepG2 cells,,,
PIAS1,PTEN,prostate,"PIAS1 + R1881 | FOXA1 ChIP-Seq - Rep 2, PIAS1 + R1881 | FOXA1 ChIP-Seq - Rep 1",,,
FOXM1,PTEN,cns,FOXM1 IP - SK-N-SH cells,,,
CTCF,PTEN,miscellaneous,"CTCF IP - AG09319 cells, Rep 2 , CTCF IP - AG09319 cells, Rep 1 ",,,
USF1,PTEN,liver,USF1 IP - HepG2 cells,,,
CREB1,PTEN,colon,CREB1 IP ,,,
KLF5,PTEN,stomach,KLF5 IP - KATOIII,,,
HEY1,PTEN,leukocytes,HEY1 IP - K562 cells,,,
JUND,PTEN,vasculature,JUND IP,,,
YY1,PTEN,uterus,YY1 IP - ECC1 cells,,,
YY1,PTEN,cns,"YY1 IP | ATRA - SK-N-SH cells, YY1 IP - SK-N-SH cells",,,
POU5F1,PTEN,stemcells,POU5F1 IP,,,
EGR1,PTEN,stemcells,EGR1 IP - H1 cells,,,
MAZ,PTEN,leukocytes,"MAZ IP - K562 cells, MAZ IP - GM12878 cells",,,
JUND,PTEN,uterus,JUND IP - HeLa cells,,,
MEF2A,PTEN,leukocytes,MEF2A IP - GM12878 cells,,,
TAL1,PTEN,colon,TAL1 IP ,,,
CTCF,PTEN,pancreas,CTCF IP,,,
TP53,PTEN,skin,TP53 IP,,,
REST,PTEN,mammarygland,REST IP - MCF7 cells,,,
SRF,PTEN,colon,SRF IP - HCT116 cells,,,
ELF1,PTEN,liver,ELF1 IP - HepG2 cells,,,
E2F6,PTEN,stemcells,E2F6 IP - H1 cells,,,
MTA3,PTEN,leukocytes,MTA3 IP - GM12878 cells,,,
GATA4,PTEN,stomach,GATA4 IP - AGS,,,
BARX1,PTEN,colon,BARX1 IP - Rep 1 ,,,
TEAD4,PTEN,stemcells,TEAD4 IP - H1 cells,,,
GABPA,PTEN,uterus,GABPA IP - HeLa cells,,,
MXI1,PTEN,liver,MXI1 IP - HepG2 cells,,,
125DVD3,PTEN,colon,CEBPB IP | 125DVD3,,,
STAT2,PTEN,colon,STAT2 IP ,,,
CTCF,PTEN,skeletalmuscle,"CTCF IP - HSMM cells, Rep 2 , CTCF IP - HSMM cells, Rep 1 ",,,
MAZ,PTEN,uterus,MAZ IP - HeLa cells,,,
JUN,PTEN,leukocytes,"JUN IP - K562 cells, Rep 1, JUN IP - K562 cells, Rep 2",,,
SRF,PTEN,mammarygland,SRF IP - MCF7 cells,,,
SP1,PTEN,colon,SP1 IP - HCT116 cells,,,
MAX,PTEN,colon,MAX IP - HCT116 cells,,,
FOXA1,PTEN,lung,FOXA1 IP - A549 cells,,,
ZNF384,PTEN,leukocytes,"ZNF384 IP - K562 cells, ZNF384 IP - GM12878 cells",,,
GABPA,PTEN,cns,GABPA IP - SK-N-SH cells,,,
MYC,PTEN,lung,MYC IP - A549 cells,,,
YY1,PTEN,lung,YY1 IP - A549 cells,,,
TCF12,PTEN,leukocytes,TCF12 IP - GM12878 cells,,,
HIF1A,PTEN,bone,"HIF1A IP, HIF1A IP",,,
BHLHE40,PTEN,liver,"BHLHE40 IP - SK-N-SH cells, BHLHE40 IP - HepG2 cells",,,
BCL11A,PTEN,leukocytes,BCL11A IP - GM12878 cells,,,
GATA3,PTEN,cns,GATA3 IP - SK-N-SH cells,,,
SRF,PTEN,uterus,SRF IP - ECC1 cells,,,
REST,PTEN,stemcells,"REST IP - H1 cells, Rep 1, REST IP - H1 cells, Rep 2",,,
ATF2,PTEN,leukocytes,ATF2 IP - GM12878 cells,,,
MAFK,PTEN,lung,MAFK IP - IMR cells,,,
TP53,PTEN,lung,"TP53 IP - propapoptic, Rep 1",,,",17344317"
CEBPA,PTEN,leukocytes,CEBPA IP,,,
REST,PTEN,lung,REST IP - A549 cells,,,
GATA2,PTEN,cns,GATA2 ChIP-Seq SH-SY5Y,,,
BHLHE40,PTEN,lung,BHLHE40 IP - A549 cells,,,
CEBPB,PTEN,mammarygland,CEBPB IP - MCF7 cells,,,
RELA,PTEN,lung,RELA IP | DEX + TNF - Rep 1,"24523406,",,
DEX; TNF,PTEN,lung,RELA IP | DEX + TNF - Rep 1,,,
MAFK,PTEN,uterus,MAFK IP - HeLa cells,,,
TCF7L2,PTEN,pancreas,TCF7L2 IP,,,
BATF,PTEN,leukocytes,BATF IP - GM12878 cells,,,
MAX,PTEN,cns,MAX IP - SK-N-SH cells,,,
MEF2A,PTEN,cns,MEF2A IP - SK-N-SH cells,,,
GATA3,PTEN,lung,GATA3 IP - A549 cells,,,
FOXP1,PTEN,prostate,FOXP1 ChIP-Seq,,,
ZBTB7A,PTEN,leukocytes,ZBTB7A IP - SK-N-SH cells,,,
TCF3,PTEN,leukocytes,TCF3 IP - GM12878 cells,,,
MAFK,PTEN,leukocytes,MAFK IP - GM12878 cells,,,
POU2F2,PTEN,leukocytes,POU2F2 IP - GM12878 cells,,,
PBX3,PTEN,lung,PBX3 IP - A549 cells,,,
TBP,PTEN,uterus,TBP IP - HeLa cells,,,
STAT3,PTEN,uterus,STAT3 IP - HeLa cells,,,
STAT3,SACM1L,leukocytes,"STAT3 IP - U-2932, STAT3 IP - OCI-LY19, STAT3 IP - SU-DHL-10, STAT3 IP - SU-DHL-4, STAT3 IP - OCI-LY3, STAT3 IP - SU-DHL-6, STAT3 IP - OCI-LY10, STAT3 IP - SU-DHL-2, STAT3 IP - OCI-LY7",,,
E2F8,SACM1L,colon,E2F8 IP ,,,
SPI1,SACM1L,leukocytes,"SPI1 IP - U-937 cells, Rep 5 , SPI1 IP, SPI1 IP, SPI1 IP - GM12878 cells, SPI1 IP - U-937 cells, Rep 1 , SPI1 IP, SPI1 IP, SPI1 IP - GM12878 cells, Rep 4 , SPI1 IP - GM12891 cells, SPI1 IP - U-937 cells, Rep 10 , SPI1 IP - HL-60 cells, Rep 4 , SPI1 IP - U-937 cells, Rep 2 , SPI1 IP - HL cells, SPI1 IP - HL-60 cells, Rep 3 , SPI1 IP, SPI1 IP - U-937 cells, Rep 6 , SPI1 IP - K562 cells, SPI1 IP - U-937 cells, Rep 4 , SPI1 IP | RUNX1 KD, SPI1 IP, SPI1 IP - U-937 cells, Rep 8 , SPI1 IP - GM12878 cells, Rep 3 , SPI1 IP - U-937 cells, Rep 3 , SPI1 IP, SPI1 IP - GM12878 cells, Rep 2 , SPI1 IP, SPI1 IP, ROSI | SPI1 ChIP-Seq, SPI1 IP",,,
ZNF143,SACM1L,stemcells,ZNF143 IP - H1 cells,,,
GATA4,SACM1L,stomach,GATA4 IP - AGS,,,
YY1,SACM1L,cns,"YY1 IP | ATRA - SK-N-SH cells, YY1 IP - SK-N-SH cells",,,
ATRA,SACM1L,cns,"YY1 IP | ATRA - SK-N-SH cells, USF1 IP | ATRA - SK-N-SH cells",,,
TP53,SACM1L,bone,"TP53 IP - Rep 2, TP53 IP | TP53EE OE, TP53 IP",,,
CTCF,SACM1L,leukocytes,"CTCF IP - GM2255 cells, Rep 2 , CTCF IP - GM2588 cells, Rep 2 , CTCF IP - MS1 cells, Rep 3 , CTCF IP - GM2630 cells, Rep 2 , CTCF IP - GM12891 cells, Rep 1 , CTCF IP - GM12873 cells, Rep 3 , CTCF IP - MS1 cells, Rep 4 , CTCF IP - GM2255 cells, Rep 3 , CTCF IP - GM12892 cells, Rep 2 , CTCF IP - GM18486 cells, Rep 3 , CTCF IP - GM12878 cells, Rep 1 , CTCF IP - GM19239 cells, Rep 1 , CTCF IP - K562 cells, CTCF IP - GM2610 cells, Rep 2 , CTCF IP - GM19240 cells, Rep 2 , CTCF IP - GM12878 cells, Rep 2 , CTCF IP, CTCF IP - GM19238 cells, Rep 1 , CTCF IP - GM19238 cells, Rep 2 , CTCF IP - GM18951 cells, Rep 1 , CTCF IP - GM12892 cells, Rep 1 , CTCF IP - GM2610 cells, Rep 3 , CTCF IP -  DND , CTCF IP - MS1 cells, Rep 2 , CTCF IP - GM2630 cells, Rep 3 , CTCF IP - GM12890 cells, Rep 3 , CTCF IP - MS1 cells, Rep 1 , CTCF IP - GM12891 cells, Rep 2 , CTCF IP - GM19240 cells, Rep 1 , CTCF IP - GM19239 cells, Rep 2 ",,,
FOXA1,SACM1L,stemcells,"FOXA1 IP - ES D5, FOXA1 IP - Rep 1 , FOXA1 IP - Rep 5 ",,,
FOXA1,SACM1L,lung,"FOXA1 IP | DEX - A549 cells, FOXA1 IP - A549 cells",,,
DEX,SACM1L,lung,"FOXA1 IP | DEX - A549 cells, CREB1 IP | DEX - A549 cells, USF1 IP | DEX - A549 cells",,,
EGR1,SACM1L,leukocytes,EGR1 IP - K562 cells,,,
MAFF,SACM1L,liver,MAFF IP - HepG2 cells,,,
ETS1,SACM1L,pancreas,ETS1 IP,,,
MAZ,SACM1L,leukocytes,"MAZ IP - K562 cells, MAZ IP - GM12878 cells",,,
ZNF263,SACM1L,kidney,ZNF263 IP - HEK293 cells,,,
CEBPB,SACM1L,leukocytes,"CEBPB IP, CEBPB IP | oxLDL  - Rep 206, CEBPB IP - K562 cells, CEBPB IP - HL-60 cells, Rep 1 , CEBPB IP| oxLDL  - Rep 207, CEBPB IP, CEBPB IP - Rep 204, CEBPB IP, CEBPB IP, CEBPB IP - Rep 202, CEBPB IP - GM12878 cells, CEBPB ChIP-Seq - K562, CEBPB IP - Rep 203, CEBPB IP, CEBPB IP | oxLDL  - Rep 208, CEBPB IP | oxLDL  - Rep 205, CEBPB IP - HL-60 cells, Rep 2 , CEBPB IP, CEBPB IP - Rep 201, CEBPB IP",,,
ELF1,SACM1L,leukocytes,"ELF1 IP - SK-N-SH cells, ELF1 IP - SK-N-SH cells",,,
MAX,SACM1L,colon,MAX IP - HCT116 cells,,,
FOXA1,SACM1L,prostate,"CON KD + R1881 | FOXA1 ChIP-Seq, FOXA1 KD | FOXA1 ChIP-Seq, WT AR OE + FOXA1 OE | FOXA1 ChIP-Seq - high FOXA1, FOXA1 ChIP-Seq, FOXA1 siRNA | CREB1 ChIP-Seq - Rep 2, R1881 | FOXA1 ChIP-Seq - Rep 1, CON KD | FOXA1 ChIP-Seq, CON KD | FOXA1 ChIP-Seq, WT AR OE + FOXA1 OE | FOXA1 ChIP-Seq, FOXA1 ChIP-Seq, GATA2 KD  | FOXA1 ChIP-Seq, CON KD | FOXA1 ChIP-Seq, EtOH | FOXA1 ChIP-Seq - , DHT | FOXA1 ChIP-Seq, R1881 | FOXA1 ChIP-Seq - Rep 2, GATA2 KD + R1881 | FOXA1 ChIP-Seq, AR Q640X OE + FOXA1 OE | FOXA1 ChIP-Seq, FOXA1 siRNA | CREB1 ChIP-Seq - Rep 1",,,
R1881,SACM1L,prostate,"CON KD + R1881 | FOXA1 ChIP-Seq, GABPA IP | R1881, R1881 | FOXA1 ChIP-Seq - Rep 1, R1881 | FOXA1 ChIP-Seq - Rep 2, GATA2 KD + R1881 | FOXA1 ChIP-Seq",,,
E2F1,SACM1L,prostate,"HES6 OE | E2F1 ChIP-Seq - Rep 1, HES6 OE + BICALU | E2F1 ChIP-Seq - Rep 1, E2F1 ChIP-Seq - Rep 4, E2F1 ChIP-Seq - Rep 1, HES6 OE + BICALU | E2F1 ChIP-Seq - Rep 3, HES6 OE | E2F1 ChIP-Seq - Rep 4, BICALU | E2F1 ChIP-Seq - Rep 1, BICALU | E2F1 ChIP-Seq - Rep 2, BICALU | E2F1 ChIP-Seq - Rep 3, HES6 OE | E2F1 ChIP-Seq - Rep 3, E2F1 ChIP-Seq - Rep 2, E2F1 ChIP-Seq - Rep 3",,,
HES6,SACM1L,prostate,"HES6 OE | E2F1 ChIP-Seq - Rep 1, HES6 OE + BICALU | E2F1 ChIP-Seq - Rep 1, HES6 OE + BICALU | E2F1 ChIP-Seq - Rep 3, HES6 OE | E2F1 ChIP-Seq - Rep 4, HES6 OE | E2F1 ChIP-Seq - Rep 3",,,
STAT1,SACM1L,leukocytes,"STAT1 IP | IFNG - K562 cells, 6 h, STAT1 IP | IFNA1-13 - K562 cells, 6 h, STAT1 IP | IFNA1-13 - K562 cells, 30 min, STAT1 IP | IFNG - K562 cells, 30 min, STAT1 IP - Rep 1, STAT1 IP - Rep 5, STAT1 IP - Rep 2, STAT1 IP - Rep 4, STAT1 IP - Rep 3, STAT1 IP - Rep 6",,,
IFNG,SACM1L,leukocytes,"STAT1 IP | IFNG - K562 cells, 6 h, MYC IP | IFNG - K562 cells, 6 h, IRF1 IP - Rep 3, JUN IP | IFNG - K562 cells, 6 h, STAT1 IP | IFNG - K562 cells, 30 min, STAT1 IP - Rep 1, STAT1 IP - Rep 5, JUN IP | IFNG - K562 cells, 30 min, STAT1 IP - Rep 2, STAT1 IP - Rep 4, STAT1 IP - Rep 3, IRF1 IP | IFNG - K562 cells, 6 h, IRF1 IP | IFNG - K562 cells, 30 min, MYC IP | IFNG - K562 cells, 30 min, STAT1 IP - Rep 6",,,
CEBPB,SACM1L,liver,"CEBPB ChIP-Seq - HepG2, CEBPB IP | FORSK - HepG2 cells, CEBPB IP - HepG2 cells",,,
BICALU,SACM1L,prostate,"HES6 OE + BICALU | E2F1 ChIP-Seq - Rep 1, HES6 OE + BICALU | E2F1 ChIP-Seq - Rep 3, BICALU | E2F1 ChIP-Seq - Rep 1, BICALU | E2F1 ChIP-Seq - Rep 2, BICALU | E2F1 ChIP-Seq - Rep 3",,,
ZNF143,SACM1L,leukocytes,"ZNF143 IP - K562 cells, ZNF143 IP - GM12878 cells",,,
TBP,SACM1L,uterus,TBP IP - HeLa cells,,,
RELA,SACM1L,leukocytes,"RELA IP | TNF - GM18526 cells, RELA IP, RELA IP | TNF - GM18951 cells, RELA IP | DEX, RELA IP | TNF - GM18505 cells, RELA IP | TNF - GM12891 cells, RELA IP | TNF - GM10847 cells, RELA IP | TNF - GM12892 cells, RELA IP | DEX, RELA IP | TNF - GM19099 cells, RELA IP | BAY082  - IVD Th1 cells, PIA, RELA IP | TNF - GM15510 cells, RELA IP - IVD Th1 cells, PIA, RELA IP, RELA IP | TNF - GM19193 cells, RELA IP | TNF - GM12878 cells",,,
TNF,SACM1L,leukocytes,"RELA IP | TNF - GM18526 cells, RELA IP | TNF - GM18951 cells, RELA IP | TNF - GM18505 cells, RELA IP | TNF - GM12891 cells, RELA IP | TNF - GM10847 cells, RELA IP | TNF - GM12892 cells, RELA IP | TNF - GM15510 cells, RELA IP | TNF - GM19193 cells, RELA IP | TNF - GM12878 cells",,,
SMAD3,SACM1L,stemcells,SMAD3 ChIP-Seq - ESCs,"21741376,",,
MYB,SACM1L,leukocytes,"MYB IP - Jurkat, Rep 4, MYB IP - Jurkat, Rep 5, MYB IP - Jurkat, Rep 2, MYB IP - Jurkat, Rep 3, MYB IP - Jurkat, Rep 1, MYB IP - MOLT3",,,
FOXH1,SACM1L,embryonictissue,FOXH1 IP - endoderm,,,
CTCF,SACM1L,skin,"CTCF IP - AG10803 cells, Rep 1 , CTCF IP - AG10803 cells, Rep 2 , CTCF IP - NHEK cells , CTCF IP - BJ cells, Rep 2 , CTCF IP - AG04449 cells, Rep 2 ",,,
MAX,SACM1L,leukocytes,"MAX IP - K562 cells, MAX IP - NB4 cells, MAX IP - K562 cells, Rep 2, MAX IP - K562 cells, Rep 1, MAX IP - GM12878 cells",,,
TP53,SACM1L,mammarygland,"TP53 IP, TP53 IP | NUTL3 - MCF-7",,,
FLI1,SACM1L,hspcs,FLI1 IP,,,
GLI2,SACM1L,colon,GLI2 IP ,,,
FOXH1,SACM1L,stemcells,FOXH1 ChIP-Seq - Escs,,,
CTCF,SACM1L,cns,"CTCF IP - SK-N-SH cells , CTCF IP - HCPEpiC cells, Rep 2 , CTCF IP - SK-N-SH cells, Rep 1 ",,,
NFYB,SACM1L,leukocytes,"NFYB IP - K562 cells, NFYB IP - GM12878 cells",,,
FOXA2,SACM1L,stemcells,"FOXA2 IP - Rep 1 , FOXA2 IP - Rep 5 ",,,
JUN,SACM1L,leukocytes,"JUN IP - K562 cells, Rep 2, JUN IP | IFNA1-13 - 30 min , JUN IP | IFNG - K562 cells, 6 h, JUN IP | IFNG - K562 cells, 30 min, JUN IP - K562 cells, Rep 1",,,
USF1,SACM1L,liver,USF1 IP - HepG2 cells,,,
FOXM1,SACM1L,mammarygland,"FOXM1 IP - MCF7 cells, FOXM1 IP - DS005, FOXM1 IP | THSP - DS018, FOXM1 IP | THSP - DS006",,,
MXI1,SACM1L,liver,MXI1 IP - HepG2 cells,,,
CREB1,SACM1L,lung,"CREB1 IP | DEX - A549 cells, CREB1 IP - A549 cells, Rep 2, CREB1 IP - A549 cells, Rep 1",,,
ELF1,SACM1L,lung,ELF1 IP - A549 cells,,,
YY1,SACM1L,leukocytes,"YY1 IP - GM12892 cells, Rep 1, YY1 IP - GM12878 cells, YY1 IP - K562 cells, Rep 2, YY1 IP - K562 cells, Rep 1, YY1 IP - GM12891 cells",,,
REST,SACM1L,leukocytes,REST IP - K562 cells,,,
E2F4,SACM1L,leukocytes,"E2F4 IP - GM12878 cells, E2F4 IP - K562 cells",,,
CEBPB,SACM1L,lung,"CEBPB IP - A549 cells, CEBPB ChIP-Seq - A549, CEBPB ChIP-Seq - IMR90",,,
NFATC1,SACM1L,leukocytes,NFATC1 IP - GM12878 cells,,,
IRF4,SACM1L,leukocytes,"IRF4 IP - GM12878 cells, IRF4 IP",,,
BARX1,SACM1L,colon,BARX1 IP - Rep 1 ,,,
SMAD4,SACM1L,embryonictissue,SMAD4 IP - endoderm,,,
ERG,SACM1L,leukocytes,ERG IP - Rep 1,,,
GATA4,SACM1L,stemcells,"GATA4 IP - Rep 4 , GATA4 IP - Rep 12 , GATA4 IP - Rep 11 , GATA4 IP - Rep 2 , GATA4 IP - Rep 6 , GATA4 IP - Rep 3 , GATA4 IP - Rep 8 , GATA4 IP - Rep 13 , GATA4 IP - Rep 5 , GATA4 IP - Rep 9 , GATA4 IP - Rep 10 , GATA4 IP - Rep 1 , GATA4 IP - Rep 7 ",,,
CREB1,SACM1L,liver,"CREB1 IP - HepG2 cells, CREB1 IP, CREB1 IP, CREB1 IP",,,
ELK1,SACM1L,uterus,ELK1 IP - HeLa cells,,,
OTX2,SACM1L,stemcells,"OTX2 IP - Rep 6 , OTX2 IP - Rep 10 ",,,
YY1,SACM1L,liver,YY1 IP - HepG2 cells,,,
BHLHE40,SACM1L,leukocytes,"BHLHE40 IP - GM12878 cells, BHLHE40 IP - K562 cells",,,
TCF12,SACM1L,lung,TCF12 IP - A549 cells,,,
IKZF1,SACM1L,leukocytes,IKZF1 IP - GM12878 cells,,,
ELF3,SACM1L,pancreas,"ELF3 IP, ELF3 IP, ELF3 IP | KLF5 KO",,,
E2F4,SACM1L,uterus,E2F4 IP - HeLa cells,,,
TCF3,SACM1L,leukocytes,TCF3 IP - GM12878 cells,,,
RUNX1T1,SACM1L,leukocytes,RUNX1T1 IP,,,
KLF11,SACM1L,adiposetissue,"KLF11 ChIP-Seq, Rep 2, ROSI (BrAT) | KLF11 ChIP-Seq, Rep 1, KLF11 ChIP-Seq, Rep 1, ROSI (BrAT) | KLF11 ChIP-Seq, Rep 2",,,
GABPA,SACM1L,leukocytes,"GABPA IP - HL cells, GABPA IP - GM12878 cells, Rep 2 , GABPA IP - Jurkat, Rep 2, GABPA IP - GM12878 cells, GABPA IP - K562 cells, GABPA IP - Jurkat, Rep 1, GABPA IP - GM12878 cells, Rep 4 , GABPA IP - GM12878 cells, Rep 3 , GABPA IP - GM12878 cells, Rep 1 ",,,
FOSL2,SACM1L,cns,FOSL2 IP - SK-N-SH cells,,,
NFYA,SACM1L,leukocytes,NFYA IP - K562 cells,,,
TCF7L2,SACM1L,mammarygland,"DHT | TCF7L2 ChIP-Seq, TCF7L2 ChIP-Seq",,,
DHT,SACM1L,mammarygland,"DHT | TCF7L2 ChIP-Seq, DHT | FOXA1 ChIP-Seq, DHT | MYC ChIP-Seq",,,
GABPA,SACM1L,prostate,"GABPA IP | R1881, GABPA IP - Rep 1",,,
GTF2F1,SACM1L,uterus,GTF2F1 IP - HeLa cells,,,
AR,SACM1L,prostate,"WT AR OE + FOXA1 OE | FOXA1 ChIP-Seq - high FOXA1, WT AR OE + FOXA1 OE | FOXA1 ChIP-Seq, AR Q640X OE + FOXA1 OE | FOXA1 ChIP-Seq",,,
CEBPB,SACM1L,colon,"CEBPB IP, CEBPB IP - HCT116 cells, CEBPB IP | 125DVD3",,,
MYC,SACM1L,bone,"MYC IP, MYC IP",,,
GATA1,SACM1L,hspcs,"GATA1 IP - Rep 4, GATA1 IP - PBDE cells, Rep 1",,,
JUND,SACM1L,liver,"JUND IP - HepG2 cells, JUND IP - HepG2 cells",,,
MTA3,SACM1L,leukocytes,MTA3 IP - GM12878 cells,,,
E2F1,SACM1L,uterus,"E2F1 IP - HeLa cells, Rep 2, E2F1 IP - HeLa cells, Rep 1",,,
FOXA1,SACM1L,mammarygland,"17BE2 | FOXA1 ChIP-Seq - Rep 2, FOXA1 ChIP-Seq - Rep 1, DEX | FOXA1 ChIP-Seq - Rep 1, FOXA1 IP - T47D, DHT | FOXA1 ChIP-Seq, FOXA1 ChIP-Seq - Rep 1, FOXA1 ChIP-Seq - Rep 2, DEX | FOXA1 ChIP-Seq - Rep 2, FOXA1 IP - T47D cells",,,
17BE2,SACM1L,mammarygland,17BE2 | FOXA1 ChIP-Seq - Rep 2,,,
SRF,SACM1L,mammarygland,SRF IP - MCF7 cells,,,
MYC,SACM1L,leukocytes,"MYC IP - K562 cells, Rep 2, MYC IP - NB4 cells, MYC IP - K562 cells, Rep 1, MYC IP | IFNA1 - K562 cells, 30 min, MYC IP | IFNG - K562 cells, 6 h, MYC IP | IFNG - K562 cells, 30 min, MYC IP | IFNA1 - K562 cells, 6 h",,,
CREB1,SACM1L,prostate,"CREB1 ChIP-Seq - Rep 2, CREB1 ChIP-Seq - LNCaP-abl, FOXA1 siRNA | CREB1 ChIP-Seq - Rep 2, CREB1 ChIP-Seq - Rep 1, FOXA1 siRNA | CREB1 ChIP-Seq - Rep 1, CREB1 ChIP-Seq - LNCaP",,,
TBP,SACM1L,stemcells,TBP IP - H1 cells,,,
BATF,SACM1L,leukocytes,BATF IP - GM12878 cells,,,
MAX,SACM1L,liver,"MAX IP - HepG2 cells, MAX IP - HepG2 cells, MAX IP - MCF7 cells",,,
CEBPB,SACM1L,uterus,"CEBPB IP - ECC1 cells, CEBPB ChIP-Seq - HeLaS3",,,
CEBPB,SACM1L,stemcells,"CEBPB IP, CEBPB IP, CEBPB IP, CEBPB IP - H1 cells, CEBPB IP, CEBPB IP",,,
FOSL1,SACM1L,colon,FOSL1 IP - HCT116 cells,,,
CTCF,SACM1L,hspcs,"CTCF IP - Erythroid cells, Rep 2, CTCF IP - HSPCs, Rep 1",,,
E2F3,SACM1L,colon,E2F3 IP ,,,
STAT5B,SACM1L,leukocytes,STAT5B IP | IL2 - Rep 2,,,
IL2,SACM1L,leukocytes,STAT5B IP | IL2 - Rep 2,,,
MXI1,SACM1L,lung,MXI1 IP - IMR cells,,,
MXI1,SACM1L,stemcells,MXI1 IP - H1 cells,,,
SRF,SACM1L,uterus,SRF IP - ECC1 cells,,,
RUNX1,SACM1L,leukocytes,"RUNX1 IP - Rep 1, SPI1 IP | RUNX1 KD, RUNX1 IP - Rep 2, RUNX1 IP, RUNX1 IP - N terminus 1, RUNX1 IP - N terminus 2",,,
SIX5,SACM1L,lung,SIX5 IP | DEX - A549 cells,,,
HEY1,SACM1L,liver,HEY1 IP - HepG2 cells,,,
SREBF2,SACM1L,leukocytes,SREBF2 IP - GM12878 cells,,,
ERG,SACM1L,prostate,"ERG ChIP-Seq - LNCaP, DMSO | ERG ChIP-Seq - Rep 2, JQI | ERG ChIP-Seq - Rep 1, DHT | ERG ChIP-Seq - 18 h, ERG ChIP-Seq, DHT | ERG ChIP-Seq - 2 h, DMSO | ERG ChIP-Seq - Rep 1, JQI | ERG ChIP-Seq - Rep 2",,,
SMAD1,SACM1L,stemcells,"SMAD1 IP - Rep 2 , SMAD1 IP - Rep 6 , SMAD1 IP - Rep 5 , SMAD1 IP - Rep 1 , SMAD1 IP - Rep 7 ",,,
FOSL1,SACM1L,leukocytes,FOSL1 IP - K562 cells,,,
MAFF,SACM1L,leukocytes,MAFF IP - K562 cells,,,
GATA3,SACM1L,mammarygland,"GATA3 IP - T47D cells, GATA3 IP - MCF7 cells",,,
JUND,SACM1L,cns,"JUND IP - SK-N-SH cells , JUND IP - SK-N-SH cells",,,
ATF2,SACM1L,leukocytes,ATF2 IP - GM12878 cells,,,
SOX9,SACM1L,colon,SOX9 IP ,,,
E2F1,SACM1L,mammarygland,"E2F1 IP, E2F1 IP - MCF7 cells",,,
TEAD4,SACM1L,liver,"TEAD4 IP - HepG2 cells, TEAD4 IP - MCF7 cells",,,
MYBL2,SACM1L,liver,MYBL2 IP - HepG2 cells,,,
HOXA4,SACM1L,colon,HOXA4 IP ,,,
EBF1,SACM1L,leukocytes,"EBF1 IP - GM12878 cells, EBF1 IP - GM12878 cells",,,
YY1,SACM1L,lung,YY1 IP - A549 cells,,,
TP53,SACM1L,lung,"TP53 IP - propapoptic, Rep 1",,,
SMAD3,SACM1L,embryonictissue,SMAD3 IP - endoderm,,,
DEX,SACM1L,mammarygland,"DEX | FOXA1 ChIP-Seq - Rep 1, DEX | FOXA1 ChIP-Seq - Rep 2",,,
YY1,SACM1L,uterus,YY1 IP - ECC1 cells,,,
MEF2A,SACM1L,leukocytes,MEF2A IP - GM12878 cells,,,
MXI1,SACM1L,leukocytes,"MXI1 IP - GM12878 cells, MXI1 IP - K562 cells",,,
ATF3,SACM1L,colon,"ATF3 IP | CAMPTO, ATF3 IP - HCT116 cells, ATF3 IP",,,
JQ1,SACM1L,prostate,"JQI | ERG ChIP-Seq - Rep 1, JQI | ERG ChIP-Seq - Rep 2",,,
TBP,SACM1L,leukocytes,"TBP IP - K562 cells, TBP IP - GM12878 cells",,,
E2F6,SACM1L,leukocytes,"E2F6 IP - K562 cells, E2F6 IP - K562 cells",,,
USF1,SACM1L,cns,"USF1 IP - SK-N-SH cells, USF1 IP | ATRA - SK-N-SH cells",,,
JUN,SACM1L,colon,JUN IP ,,,
JUND,SACM1L,leukocytes,JUND IP - K562 cells,,,
RBPJ,SACM1L,leukocytes,"RBPJ IP | COMPE, RBPJ IP | COMPE - wash",,,
COMPE,SACM1L,leukocytes,"RBPJ IP | COMPE, RBPJ IP | COMPE - wash",,,
ELK4,SACM1L,uterus,"ELK4 IP - HeLa cells, ELK4 IP - HeLa, Rep 1, ELK4 IP - HeLa, Rep 2",,,
GATA3,SACM1L,cns,"GATA3 IP - SK-N-SH cells, GATA3 IP - SHSY5Y cells",,,
USF1,SACM1L,lung,"USF1 IP - A549 cells, Rep 1, USF1 IP | DEX - A549 cells, USF1 IP - A549 cells, Rep 2",,,
CEBPB,SACM1L,bone,CEBPB IP,,,
ATF2,SACM1L,stemcells,ATF2 IP - H1 cells,,,
SPI1,SACM1L,hspcs,"SPI1 IP -  Rep 1, SPI1 IP - Rep 2",,,
GATA2,SACM1L,prostate,"GATA2 ChIP-Seq - Rep 2, GATA2 ChIP-Seq, GATA2 KD  | FOXA1 ChIP-Seq, GATA2 KD + R1881 | FOXA1 ChIP-Seq",,,
STAT1,SACM1L,uterus,"STAT1 IP | IFNG - HeLa cells, 30 min",,,
IFNG,SACM1L,uterus,"STAT1 IP | IFNG - HeLa cells, 30 min",,,
STAT2,SACM1L,colon,STAT2 IP ,,,
MAX,SACM1L,cns,MAX IP - SK-N-SH cells,,,
BRF1,SACM1L,leukocytes,BRF1 IP - K562 cells,,,
ZNF217,SACM1L,mammarygland,ZNF217 IP - MCF7 cells,,,
HOXA6,SACM1L,colon,HOXA6 IP ,,,
GATA6,SACM1L,stemcells,GATA6 IP - Rep 7 ,,,
DEX,SACM1L,leukocytes,"RELA IP | DEX, RELA IP | DEX",,,
SP1,SACM1L,leukocytes,"SP1 IP - K562 cells, SP1 IP - GM12878 cells",,,
GABPA,SACM1L,lung,GABPA IP - A549 cells,,,
POU5F1,SACM1L,stemcells,"POU5F1 IP, POU5F1 IP - Rep 1 , POU5F1 IP",,,
PAX5,SACM1L,leukocytes,"PAX5 IP - GM12891 cells, PAX5 IP - GM12892 cells, PAX5 IP - GM12878 cells, Rep 2, PAX5 IP - GM12878 cells, Rep 1",,,
NFYA,SACM1L,colon,NFYA IP ,,,
ARNT,SACM1L,kidney,ARNT IP,,,
SP1,SACM1L,lung,SP1 IP - A549 cells,,,
ELF1,SACM1L,cns,ELF1 IP - SK-N-SH cells,,,
GTF2B,SACM1L,uterus,GTF2B IP - Rep 2,,,
RELA,SACM1L,colon,RELA IP ,,,
JUND,SACM1L,colon,JUND IP - HCT116 cells,,,
REST,SACM1L,liver,"REST IP - HepG2 cells, Rep 1",,,
FOSL2,SACM1L,lung,FOSL2 IP - A549 cells,,,
TAL1,SACM1L,leukocytes,"TAL1 IP - MOLT3, TAL1 IP - K562 cells",,,
FOXM1,SACM1L,leukocytes,FOXM1 IP - GM12878 cells,,,
JUN,SACM1L,mammarygland,"JUN IP - Rep 1, JUN IP - Rep 2",,,
MYC,SACM1L,liver,MYC IP,,,
MAX,SACM1L,uterus,"MAX IP - HeLa cells, Rep 2, MAX IP - ECC1 cells, MAX IP - HeLa cells, Rep 1",,,
CUX1,SACM1L,leukocytes,"CUX1 IP - GM12878 cells, CUX1 IP - K562 cells",,,
FORSK,SACM1L,liver,CEBPB IP | FORSK - HepG2 cells,,,
REST,SACM1L,cns,"REST IP - PFSK1 cells, Rep 2, REST IP - U87 cells, REST IP - SK cells, REST IP - PFSK-N-SH cells1 cells, Rep 1, REST IP - SK-N-SH cells",,,
ELK1,SACM1L,leukocytes,"ELK1 IP - K562 cells, ELK1 IP - GM12878 cells",,,
CTCF,SACM1L,vasculature,"CTCF IP - HBMEC cells, Rep 2 , CTCF IP - HPAF cells, Rep 1 , CTCF IP - HPAF cells, Rep 2 ",,,
MAFK,SACM1L,stemcells,MAFK IP - H1 cells,,,
POU2F2,SACM1L,leukocytes,"POU2F2 IP - GM12878 cells, POU2F2 IP | POU2F2 Mut OE",,,
CTCF,SACM1L,colon,CTCF IP - HCT116 cells,,,
IRF1,SACM1L,leukocytes,"IRF1 IP | IFNA1-13 - K562 cells, 6 h, IRF1 IP - Rep 3, IRF1 IP | IFNG - K562 cells, 6 h, IRF1 IP | IFNG - K562 cells, 30 min",,,
IFNA1,SACM1L,leukocytes,"IRF1 IP | IFNA1-13 - K562 cells, 6 h, MYC IP | IFNA1 - K562 cells, 30 min, STAT1 IP | IFNA1-13 - K562 cells, 6 h, STAT1 IP | IFNA1-13 - K562 cells, 30 min, JUN IP | IFNA1-13 - 30 min , STAT2 IP | IFNA1-13 - K562 cells, 30 min, MYC IP | IFNA1 - K562 cells, 6 h",,,
FOSL2,SACM1L,liver,FOSL2 IP - HepG2 cells,,,
HEYL,SACM1L,colon,HEYL IP ,,,
FOXP2,SACM1L,cns,FOXP2 IP - PFSK-1 cells,,,
UBTF,SACM1L,leukocytes,"UBTF IP - K562 cells, UBTF IP - K562 cells",,,
JUN,SACM1L,liver,JUN IP - HepG2 cells,,,
CTCF,SACM1L,stemcells,CTCF IP - H1 cells ,,,
GATA1,SACM1L,leukocytes,GATA1 ChIP-Seq - SC266,,,
JUND,SACM1L,vasculature,JUND IP,,,
CREB1,SACM1L,colon,CREB1 IP ,,,
RELA,SACM1L,adiposetissue,"RELA IP, RELA IP",,,
CTCF,SACM1L,uterus,CTCF IP - HeLa cells ,,,
TEAD4,SACM1L,uterus,TEAD4 IP - ECC1 cells,,,
SIX5,SACM1L,leukocytes,SIX5 IP - GM12878 cells,,,
TAL1,SACM1L,colon,TAL1 IP ,,,
TCF12,SACM1L,stemcells,TCF12 IP - H1 cells,,,
TEAD4,SACM1L,mammarygland,"TEAD4 IP - Rep 1, TEAD4 IP - Rep 2",,,
FOS,SACM1L,leukocytes,"FOS IP - GM12878 cells, FOS IP - K562 cells",,,
SATB1,SACM1L,liver,SATB1 IP,,,
FOS,SACM1L,mammarygland,"FOS IP | 4HT - MCF10A cells, 12 h, FOS IP | 4HT - MCF10A cells, 36 h",,,
4HT,SACM1L,mammarygland,"FOS IP | 4HT - MCF10A cells, 12 h, STAT3 IP | 4HT - MCF10 cells, 36 h, FOS IP | 4HT - MCF10A cells, 36 h, E2F4 IP | 4HT - MCF10 cells",,,
SOX2,SACM1L,stemcells,SOX2 IP,,,
MAZ,SACM1L,lung,MAZ IP - IMR cells,,,
TCF7L2,SACM1L,hspcs,"TCF7L2 IP - Rep 2, TCF7L2 IP - Rep 1",,,
HIF1A,SACM1L,bone,HIF1A IP,,,
ROSI,SACM1L,adiposetissue,"ROSI (BrAT) | KLF11 ChIP-Seq, Rep 1, ROSI (BrAT) | KLF11 ChIP-Seq, Rep 2",,,
CEBPA,SACM1L,leukocytes,CEBPA IP,,,
EOMES,SACM1L,stemcells,"EOMES IP - Rep 3 , EOMES IP - Rep 2 ",,,
MAX,SACM1L,stemcells,"MAX IP - H1 cells, MAX IP - H1 cells",,,
USF1,SACM1L,colon,USF1 IP - HCT116 cells,,,
SP1,SACM1L,liver,SP1 IP - HepG2 cells,,,
USF2,SACM1L,uterus,USF2 IP - HeLa cells,,,
MXD3,SACM1L,colon,MXD3 IP ,,,
MAFK,SACM1L,liver,"MAFK IP - HepG2 cells, Rep 2",,,
E2F6,SACM1L,lung,E2F6 IP - A549 cells,,,
STAT3,SACM1L,uterus,STAT3 IP - HeLa cells,,,
MYC,SACM1L,mammarygland,"MYC IP, MYC IP - MCF-10A cells, DHT | MYC ChIP-Seq",,,
ELF1,SACM1L,colon,ELF1 IP - HCT116 cells,,,
ARID3A,SACM1L,leukocytes,ARID3A IP - K562 cells,,,
RUNX1,SACM1L,hspcs,RUNX1,,,
REST,SACM1L,stemcells,"REST IP - H1 cells, Rep 1",,,
FOXA2,SACM1L,embryonictissue,"FOXA2 IP - Rep 2, FOXA2 IP - Rep 1",,,
FOSL2,SACM1L,mammarygland,FOSL2 IP - MCF7 cells,,,
ZNF384,SACM1L,leukocytes,ZNF384 IP - K562 cells,,,
NANOG,SACM1L,stemcells,"NANOG IP - Rep 8 , NANOG IP - Rep 5 ",,,
GATA2,SACM1L,vasculature,GATA2 IP - HUVEC cells,,,
CREB1,SACM1L,leukocytes,"CREB1 IP, CREB1 IP, CREB1 IP - GM12878 cells, CREB1 IP - K562 cells",,,
NFYB,SACM1L,uterus,NFYB IP - HeLa cells,,,
FOS,SACM1L,uterus,FOS IP - HeLa cells,,,
MAFK,SACM1L,lung,MAFK IP - IMR cells,,,
GATA2,SACM1L,leukocytes,"GATA2 IP - K562 cells, GATA2 IP - K562 cells",,,
FOXM1,SACM1L,cns,FOXM1 IP - SK-N-SH cells,,,
MAX,SACM1L,lung,"MAX IP - A549 cells, MAX IP - A549 cells",,,
YY1,SACM1L,stemcells,"YY1 IP - H1 cells, YY1 IP - NT2 cells",,,
GATA6,SACM1L,stomach,GATA6 IP - YCC3,,,
NFYC,SACM1L,colon,NFYC IP ,,,
REST,SACM1L,lung,REST IP - A549 cells,,,
ZNF274,SACM1L,leukocytes,"ZNF274 IP - K562 cells, Rep 1",,,
ZNF280D,SACM1L,colon,ZNF280D IP ,,,
JUND,SACM1L,stemcells,"JUND IP - H1 cells, JUND IP - H1 cells",,,
ARID3A,SACM1L,liver,ARID3A IP - HepG2 cells,,,
ELF1,SACM1L,mammarygland,ELF1 IP - MCF7 cells,,,
FOS,SACM1L,vasculature,FOS IP - HUVEC cells,,,
GABPA,SACM1L,stemcells,GABPA IP - H1 cells,,,
GMEB2,SACM1L,colon,GMEB2 IP ,,,
REST,SACM1L,pancreas,"REST IP - Panc1 cells, Rep 3",,,
MAZ,SACM1L,uterus,MAZ IP - HeLa cells,,,
CEBPB,SACM1L,mammarygland,CEBPB IP - MCF7 cells,,,
KLF5,SACM1L,pancreas,ELF3 IP | KLF5 KO,,,
STAT5A,SACM1L,leukocytes,"STAT5A IP - K562 cells, STAT5A IP - GM12878 cells",,,
FOXA2,SACM1L,liver,FOXA2 IP - HepG2 cells,,,
SRF,SACM1L,leukocytes,"SRF IP - K562 cells, SRF IP - SK-N-SH cells",,,
GATA2,SACM1L,hspcs,GATA2 IP,,,
ZEB1,SACM1L,liver,ZEB1 IP - HepG2 cells,,,
MXI1,SACM1L,cns,MXI1 IP - SK-N-SH cells ,,,
CTCF,SACM1L,miscellaneous,"CTCF IP - AG09319 cells, Rep 1 ",,,
JUNB,SACM1L,colon,JUNB IP ,,,
DHT,SACM1L,prostate,"DHT | ERG ChIP-Seq - 18 h, DHT | FOXA1 ChIP-Seq, DHT | ERG ChIP-Seq - 2 h",,,
SNAI2,SACM1L,stemcells,SNAI2 IP - Rep 1 ,,,
BRF1,SACM1L,uterus,BRF1 IP - HeLa cells,,,
STAT2,SACM1L,leukocytes,"STAT2 IP | IFNA1-13 - K562 cells, 30 min",,,
HMGN3,SACM1L,leukocytes,HMGN3 IP - K562 cells,,,
FOXM1,SACM1L,uterus,FOXM1 IP - ECC1 cells,,,
JUND,SACM1L,uterus,JUND IP - HeLa cells,,,
MYC,SACM1L,uterus,MYC IP - HeLa cells,,,
TEAD4,SACM1L,colon,TEAD4 IP - HCT116 cells,,,
MAFK,SACM1L,leukocytes,"MAFK IP - K562 cells, MAFK IP - GM12878 cells",,,
125DVD3,SACM1L,colon,CEBPB IP | 125DVD3,,,
MAFK,SACM1L,uterus,MAFK IP - HeLa cells,,,
USF1,SACM1L,stemcells,USF1 IP - H1 cells,,,
TEAD4,SACM1L,cns,TEAD4 IP - SK-N-SH cells,,,
TCF12,SACM1L,cns,TCF12 IP - SK-N-SH cells,,,
TCF12,SACM1L,uterus,TCF12 IP - ECC1 cells,,,
MXI1,SACM1L,uterus,MXI1 IP - HeLa cells,,,
CREB1,SACM1L,uterus,CREB1 IP - ECC1 cells,,,
USF2,SACM1L,leukocytes,USF2 IP - GM12878 cells,,,
ZEB1,SACM1L,leukocytes,ZEB1 IP - GM12878 cells,,,
TCF12,SACM1L,leukocytes,TCF12 IP - GM12878 cells,,,
NFYA,SACM1L,uterus,NFYA IP - HeLa cells,,,
BCL3,SACM1L,lung,BCL3 IP - A549 cells,,,
STAT3,SACM1L,mammarygland,"STAT3 IP | 4HT - MCF10 cells, 36 h",,,
TP53,SACM1L,colon,TP53 IP | CAMPTO,,,
CAMPTO,SACM1L,colon,TP53 IP | CAMPTO,,,
SP1,SACM1L,stemcells,SP1 IP - H1 cells,,,
ETS1,SACM1L,lung,ETS1 IP - A549 cells,,,
SREBF1,SACM1L,leukocytes,SREBF1 IP - GM12878 cells,,,
YY1,SACM1L,colon,YY1 IP - HCT116 cells,,,
USF1,SACM1L,leukocytes,USF1 IP - K562 cells,,,
MAX,SACM1L,vasculature,MAX IP - HUVEC cells,,,
KLF5,SACM1L,stomach,KLF5 IP - KATOIII,,,
ETS1,SACM1L,leukocytes,"ETS1 IP, ETS1 IP - K562 cells, ETS1 IP - GM12878 cells",,,
IRF1,SACM1L,colon,IRF1 IP ,,,
FOXP1,SACM1L,leukocytes,FOXP1 IP - BJAB,,,
EGR1,SACM1L,colon,EGR1 IP - HCT116 cells,,,
ATF1,SACM1L,leukocytes,ATF1 IP - K562 cells,,,
E2F6,SACM1L,uterus,E2F6 IP - HeLa cells,,,
CREB1,SACM1L,stemcells,CREB1 IP - H1 cells,,,
TBP,SACM1L,liver,TBP IP - HepG2 cells,,,
ZNF83,SACM1L,colon,ZNF83 IP ,,,
TP53,SACM1L,leukocytes,TP53 IP - Doxo DNA damage,,,
SP1,SACM1L,colon,SP1 IP - HCT116 cells,,,
REST,SACM1L,colon,"REST IP , REST IP - HCT116 cells",,,
JUND,SACM1L,lung,JUND IP - A549 cells,,,
BAY082,SACM1L,leukocytes,"RELA IP | BAY082  - IVD Th1 cells, PIA",,,
TEAD4,SACM1L,leukocytes,TEAD4 IP - K562 cells,,,
TEAD4,SACM1L,lung,TEAD4 IP - A549 cells,,,
CTCF,SACM1L,heart,"CTCF IP - myocytes cells, Rep 1 ",,,
E2F6,SACM1L,stemcells,E2F6 IP - H1 cells,,,
TFAP4,SACM1L,leukocytes,"TFAP4 IP - Rep 2, TFAP4 IP - Rep 1",,,
ZBTB7A,SACM1L,leukocytes,ZBTB7A IP - SK-N-SH cells,,,
GABPA,SACM1L,uterus,GABPA IP - HeLa cells,,,
FOXP1,SACM1L,colon,FOXP1 IP ,,,
BCL11A,SACM1L,leukocytes,BCL11A IP - GM12878 cells,,,
ATF3,SACM1L,lung,ATF3 IP - A549 cells,,,
NFKB1,SACM1L,leukocytes,NFKB1 IP - Rep 2,,,
MAZ,SACM1L,liver,MAZ IP - HepG2 cells,,,
TCF7L2,SACM1L,uterus,TCF7L2 IP - HeLa cells,,,
GABPA,SACM1L,liver,"GABPA IP - MCF7 cells, GABPA IP - HepG2 cells, GABPA IP",,,
TEAD4,SACM1L,stemcells,TEAD4 IP - H1 cells,,,
ATF3,SACM1L,leukocytes,ATF3 IP - K562 cells,,,
GATA2,SACM1L,cns,GATA2 ChIP-Seq SH-SY5Y,,,
ELF1,SACM1L,liver,ELF1 IP - HepG2 cells,,,
PBX3,SACM1L,cns,PBX3 IP - SK-N-SH cells,,,
HEY1,SACM1L,leukocytes,HEY1 IP - K562 cells,,,
ETV5,SACM1L,colon,ETV5 IP ,,,
ROSI,SACM1L,leukocytes,ROSI | SPI1 ChIP-Seq,,,
BHLHE40,SACM1L,liver,BHLHE40 IP - HepG2 cells,,,
ATF2,SACM1L,colon,ATF2 IP ,,,
GATA3,SACM1L,lung,GATA3 IP - A549 cells,,,
USF1,SACM1L,uterus,USF1 IP - ECC1 cells,,,
E2F4,SACM1L,mammarygland,E2F4 IP | 4HT - MCF10 cells,,,
SRF,SACM1L,colon,SRF IP - HCT116 cells,,,
JUN,SACM1L,vasculature,JUN IP - HUVEC cells,,,
THAP1,SACM1L,leukocytes,THAP1 IP - K562 cells,,,
ZKSCAN1,SACM1L,uterus,ZKSCAN1 IP - HeLa cells,,,
GABPA,SACM1L,cns,GABPA IP - SK-N-SH cells,,,
SPI1,SYNJ1,leukocytes,"SPI1 IP, SPI1 IP - HL cells, SPI1 IP - U-937 cells, Rep 1 , ROSI | SPI1 ChIP-Seq, SPI1 IP - K562 cells, SPI1 IP - U-937 cells, Rep 5 , SPI1 IP, SPI1 IP, SPI1 IP, SPI1 IP - U-937 cells, Rep 6 , SPI1 IP, SPI1 IP - GM12891 cells, SPI1 IP | RUNX1 KD, SPI1 IP - HL-60 cells, Rep 4 , SPI1 IP - U-937 cells, Rep 2 , SPI1 IP, SPI1 IP - GM12878 cells, SPI1 IP - U-937 cells, Rep 4 , SPI1 IP, SPI1 IP - U-937 cells, Rep 3 , SPI1 IP, SPI1 IP, SPI1 IP - GM12878 cells, Rep 4 ",,,
FOXA1,SYNJ1,prostate,"CON KD + R1881 | FOXA1 ChIP-Seq - Rep 1, DHT | FOXA1 ChIP-Seq, FOXA1 ChIP-Seq - Rep 2, CREB1 siRNA | FOXA1 ChIP-Seq - Rep 1, AR Q640X OE + FOXA1 OE | FOXA1 ChIP-Seq, FOXA1 siRNA | CREB1 ChIP-Seq - Rep 1, DHT | FOXA1 ChIP-Seq, CON KD + R1881 | FOXA1 ChIP-Seq - Rep 2, GATA2 KD + R1881 | FOXA1 ChIP-Seq, FOXA1 ChIP-Seq - LNCaP-abl, PIAS1 + R1881 | FOXA1 ChIP-Seq - Rep 2, PIAS1 + R1881 | FOXA1 ChIP-Seq - Rep 1, WT AR OE + FOXA1 OE | FOXA1 ChIP-Seq - high FOXA1, FOXA1 ChIP-Seq, FOXA1 siRNA | CREB1 ChIP-Seq - Rep 2, CREB1 siRNA | FOXA1 ChIP-Seq - Rep 2, AR C562S OE + FOXA1 OE | FOXA1 ChIP-Seq, R1881 | FOXA1 ChIP-Seq - Rep 1, FOXA1 ChIP-Seq, FOXA1 ChIP-Seq, FOXA1 ChIP-Seq, FOXA1 ChIP-Seq - Rep 1",,,
R1881,SYNJ1,prostate,"CON KD + R1881 | FOXA1 ChIP-Seq - Rep 1, GABPA IP | R1881, CON KD + R1881 | FOXA1 ChIP-Seq - Rep 2, GATA2 KD + R1881 | FOXA1 ChIP-Seq, PIAS1 + R1881 | FOXA1 ChIP-Seq - Rep 2, PIAS1 + R1881 | FOXA1 ChIP-Seq - Rep 1, R1881 | FOXA1 ChIP-Seq - Rep 1",,,
REST,SYNJ1,leukocytes,"REST IP - GM12878 cells, Rep 18 , REST IP - GM12878 cells, Rep 6 , REST IP - GM12878 cells, Rep 17 , REST IP - GM12878 cells, Rep 23 , REST IP - GM12878 cells, Rep 22 , REST IP - GM12878 cells, Rep 3 , REST IP - GM12878 cells, Rep 10 , REST IP - Jurkat cells, Rep 2 , REST IP - GM12878 cells, Rep 11 , REST IP - GM12878 cells, Rep 16 , REST IP - GM12878 cells, Rep 4 , REST IP - GM12878 cells, Rep 1, REST IP - GM12878 cells, Rep 14 , REST IP -  K562 cells, REST IP - Jurkat cells, Rep 4 , REST IP - GM12878 cells, Rep 26 , REST IP - Jurkat cells, Rep 8 , REST IP - Jurkat cells, Rep 3 , REST IP - HL60 cells, REST IP - GM12878 cells, Rep 27 , REST IP - GM12878 cells, Rep 21 , REST IP - Jurkat cells, Rep 13 , REST IP - GM12878 cells, Rep 12 , REST IP - K562 cells, REST IP - Jurkat cells, Rep 1 , REST IP - K562 cells , REST IP - Jurkat cells, Rep 11 , REST IP - Jurkat cells, Rep 7 , REST IP - GM12878 cells, Rep 9 , REST IP - Jurkat cells, Rep 10 , REST IP - GM12878 cells, Rep 5 , REST IP - GM12878 cells, Rep 13 , REST IP - Jurkat cells, Rep 12 , REST IP - GM12878 cells, Rep 19 , REST IP - GM12878 cells, Rep 28 , REST IP - GM12878 cells, Rep 17 , REST IP - Jurkat cells, Rep 14 , REST IP - GM12878 cells, Rep 25 , REST IP - GM12878 cells, Rep 8 , REST IP - Jurkat cells, Rep 9 , REST IP - GM12878 cells, Rep 24 , REST IP - Jurkat cells, Rep 15 , REST IP - GM12878 cells, Rep 2 , REST IP - GM12878 cells, Rep 1 , REST IP - GM12878 cells, Rep 2, REST IP - Jurkat cells, Rep 5 , REST IP - GM12878 cells, Rep 7 , REST IP - GM12878 cells, Rep 15 , REST IP - GM12878 cells, Rep 20 , REST IP - Jurkat cells, Rep 6 ",,,
YY1,SYNJ1,leukocytes,"YY1 IP - GM12878 cells, YY1 IP - K562 cells, Rep 1, YY1 IP - GM12892 cells, Rep 1, YY1 IP - GM12891 cells, YY1 IP - K562 cells, Rep 2",,,
MAX,SYNJ1,stemcells,MAX IP - H1 cells,,,
FOSL1,SYNJ1,colon,FOSL1 IP - HCT116 cells,,,
MAX,SYNJ1,lung,MAX IP - A549 cells,,,
MYB,SYNJ1,leukocytes,"MYB IP - MOLT3, MYB IP - Jurkat, Rep 4, MYB IP - Jurkat, Rep 5, MYB IP - Jurkat, Rep 2, MYB IP - Jurkat, Rep 3, MYB IP - Jurkat, Rep 1",,,
RUNX1,SYNJ1,leukocytes,"RUNX1 IP - N terminus 1, RUNX1 IP, SPI1 IP | RUNX1 KD",,,
GABPA,SYNJ1,leukocytes,"GABPA IP - HL cells, GABPA IP - GM12878 cells, GABPA IP - GM12878 cells, Rep 2 , GABPA IP - Jurkat, Rep 2, GABPA IP - GM12878 cells, Rep 5 , GABPA IP - GM12878 cells, Rep 4 , GABPA IP, GABPA IP - K562 cells, GABPA IP - Jurkat, Rep 1, GABPA IP - GM12878 cells, Rep 3 , GABPA IP - GM12878 cells, Rep 1 ",,,
CTCF,SYNJ1,leukocytes,"CTCF IP, CTCF IP - GM19239 cells, Rep 1 , CTCF IP - MS1 cells, Rep 3 ",,,
JUN,SYNJ1,colon,JUN IP ,,,
HIF1A,SYNJ1,bone,HIF1A IP,,,
SP1,SYNJ1,liver,SP1 IP - HepG2 cells,,,
KLF11,SYNJ1,adiposetissue,"ROSI (BrAT) | KLF11 ChIP-Seq, Rep 1, ROSI (BrAT) | KLF11 ChIP-Seq, Rep 2, KLF11 ChIP-Seq, Rep 1, KLF11 ChIP-Seq, Rep 2",,,
ROSI,SYNJ1,adiposetissue,"ROSI (BrAT) | KLF11 ChIP-Seq, Rep 1, ROSI (BrAT) | KLF11 ChIP-Seq, Rep 2",,,
ATF2,SYNJ1,colon,ATF2 IP ,,,
USF1,SYNJ1,leukocytes,USF1 IP - K562 cells,,,
REST,SYNJ1,cns,"REST IP - PFSK1 cells, Rep 2, REST IP - PFSK-N-SH cells1 cells, Rep 1, REST IP - SK cells, REST IP - SK-N-SH cells, REST IP - U87 cells",,,
NFKB2,SYNJ1,leukocytes,"NFKB2 IP - Rep 1, NFKB2 IP - Rep 2",,,
TBP,SYNJ1,leukocytes,"TBP IP - K562 cells, TBP IP - GM12878 cells",,,
E2F4,SYNJ1,leukocytes,E2F4 IP - K562 cells,,,
E2F1,SYNJ1,prostate,"BICALU | E2F1 ChIP-Seq - Rep 1, BICALU + HES6OE | E2F1 ChIP-Seq - Rep 4, BICALU | E2F1 ChIP-Seq - Rep 3, HES6 OE | E2F1 ChIP-Seq - Rep 3, E2F1 ChIP-Seq - Rep 2, E2F1 ChIP-Seq - Rep 3, HES6 OE | E2F1 ChIP-Seq - Rep 1, HES6 OE + BICALU | E2F1 ChIP-Seq - Rep 1, E2F1 ChIP-Seq - Rep 4, E2F1 ChIP-Seq - Rep 1, HES6 OE + BICALU | E2F1 ChIP-Seq - Rep 3",,,
BICALU,SYNJ1,prostate,"BICALU | E2F1 ChIP-Seq - Rep 1, BICALU + HES6OE | E2F1 ChIP-Seq - Rep 4, BICALU | E2F1 ChIP-Seq - Rep 3, HES6 OE + BICALU | E2F1 ChIP-Seq - Rep 1, HES6 OE + BICALU | E2F1 ChIP-Seq - Rep 3",,,
CEBPB,SYNJ1,lung,CEBPB ChIP-Seq - IMR90,,,
GABPA,SYNJ1,prostate,"GABPA IP | R1881, GABPA IP - Rep 2, GABPA IP - Rep 1",,,
ERG,SYNJ1,prostate,"DMSO | ERG ChIP-Seq - Rep 2, JQI | ERG ChIP-Seq - Rep 1, ERG ChIP-Seq, JQI | ERG ChIP-Seq - Rep 2, DMSO | ERG ChIP-Seq - Rep 1, ERG ChIP-Seq, DHT | ERG ChIP-Seq - 18 h, DHT | ERG ChIP-Seq - 2 h",,,
FOXA2,SYNJ1,embryonictissue,FOXA2 IP - Rep 2,,,
STAT5A,SYNJ1,leukocytes,STAT5A IP - GM12878 cells,,,
JQ1,SYNJ1,prostate,"JQI | ERG ChIP-Seq - Rep 1, JQI | ERG ChIP-Seq - Rep 2",,,
TAL1,SYNJ1,leukocytes,TAL1 IP - MOLT3,,,
MAZ,SYNJ1,leukocytes,"MAZ IP - GM12878 cells, MAZ IP - K562 cells",,,
IRF1,SYNJ1,leukocytes,"IRF1 IP | IFNG - K562 cells, 30 min, IRF1 IP | IFNG - K562 cells, 6 h, IRF1 IP | IFNA1-13 - K562 cells, 6 h",,,
IFNG,SYNJ1,leukocytes,"IRF1 IP | IFNG - K562 cells, 30 min, IRF1 IP | IFNG - K562 cells, 6 h, STAT1 IP - Rep 5, MYC IP | IFNG - K562 cells, 30 min, STAT1 IP - Rep 2, STAT1 IP - Rep 1, STAT1 IP - Rep 4, STAT1 IP - Rep 3, STAT1 IP - Rep 6",,,
CREB1,SYNJ1,leukocytes,"CREB1 IP, CREB1 IP - K562 cells, CREB1 IP - GM12878 cells",,,
MYC,SYNJ1,leukocytes,"MYC IP - K562 cells, Rep 2, MYC IP - NB4 cells, MYC IP - K562 cells, Rep 1, MYC IP | IFNG - K562 cells, 30 min",,,
EGR1,SYNJ1,colon,EGR1 IP - HCT116 cells,,,
RELA,SYNJ1,leukocytes,"RELA IP | TNF - GM12891 cells, RELA IP | BAY082  - IVD Th1 cells, PIA, RELA IP - IVD Th1 cells, PIA",,,
TNF,SYNJ1,leukocytes,RELA IP | TNF - GM12891 cells,,,
REST,SYNJ1,mammarygland,REST IP - MCF7 cells,,,
ELF1,SYNJ1,lung,ELF1 IP - A549 cells,,,
FOXM1,SYNJ1,mammarygland,FOXM1 IP | THSP - DS006,,,
ATF3,SYNJ1,colon,"ATF3 IP, ATF3 IP - HCT116 cells, ATF3 IP | CAMPTO",,,
OTX2,SYNJ1,stemcells,OTX2 IP - Rep 10 ,,,
CEBPB,SYNJ1,uterus,CEBPB ChIP-Seq - HeLaS3,,,
JUN,SYNJ1,mammarygland,JUN IP - Rep 2,,,
PBX3,SYNJ1,cns,PBX3 IP - SK-N-SH cells,,,
ZNF143,SYNJ1,leukocytes,"ZNF143 IP - GM12878 cells, ZNF143 IP - K562 cells",,,
REST,SYNJ1,colon,REST IP - HCT116 cells,,,
SP1,SYNJ1,stemcells,SP1 IP - H1 cells,,,
MAX,SYNJ1,liver,"MAX IP - HepG2 cells, MAX IP - MCF7 cells",,,
FOSL2,SYNJ1,cns,FOSL2 IP - SK-N-SH cells,,,
DHT,SYNJ1,prostate,"DHT | FOXA1 ChIP-Seq, DHT | FOXP1 ChIP-Seq, DHT | FOXA1 ChIP-Seq, DHT | ERG ChIP-Seq - 18 h, DHT | ERG ChIP-Seq - 2 h",,,
MAX,SYNJ1,uterus,"MAX IP - ECC1 cells, MAX IP - HeLa cells, Rep 1, MAX IP - HeLa cells, Rep 2",,,
MAZ,SYNJ1,uterus,MAZ IP - HeLa cells,,,
CEBPB,SYNJ1,leukocytes,"CEBPB IP - HL-60 cells, Rep 1 , CEBPB IP - HL-60 cells, Rep 2 ",,,
ROSI,SYNJ1,leukocytes,ROSI | SPI1 ChIP-Seq,,,
ZEB1,SYNJ1,liver,ZEB1 IP - HepG2 cells,,,
REST,SYNJ1,stemcells,"REST IP - H1 cells, Rep 2, REST IP - H1 cells, Rep 1",,,
ASCL1,SYNJ1,skin,ASCL1 IP - NHDF,,,
STAT3,SYNJ1,leukocytes,"STAT3 IP - OCI-LY10, STAT3 IP - SU-DHL-6",,,
YY1,SYNJ1,cns,"YY1 IP | ATRA - SK-N-SH cells, YY1 IP - SK-N-SH cells",,,
ATRA,SYNJ1,cns,"YY1 IP | ATRA - SK-N-SH cells, USF1 IP | ATRA - SK-N-SH cells",,,
CREB1,SYNJ1,prostate,"CREB1 siRNA | FOXA1 ChIP-Seq - Rep 1, CREB1 ChIP-Seq - Rep 1, FOXA1 siRNA | CREB1 ChIP-Seq - Rep 1, CREB1 ChIP-Seq - LNCaP, CREB1 ChIP-Seq - Rep 2, CREB1 ChIP-Seq - LNCaP-abl, FOXA1 siRNA | CREB1 ChIP-Seq - Rep 2, CREB1 siRNA | FOXA1 ChIP-Seq - Rep 2",,,
TEAD4,SYNJ1,cns,TEAD4 IP - SK-N-SH cells,,,
TEAD4,SYNJ1,colon,TEAD4 IP - HCT116 cells,,,
FOXP1,SYNJ1,prostate,DHT | FOXP1 ChIP-Seq,,,
HES6,SYNJ1,prostate,"BICALU + HES6OE | E2F1 ChIP-Seq - Rep 4, HES6 OE | E2F1 ChIP-Seq - Rep 3, HES6 OE | E2F1 ChIP-Seq - Rep 1, HES6 OE + BICALU | E2F1 ChIP-Seq - Rep 1, HES6 OE + BICALU | E2F1 ChIP-Seq - Rep 3",,,
GABPA,SYNJ1,uterus,GABPA IP - HeLa cells,,,
E2F3,SYNJ1,colon,E2F3 IP ,,,
GABPA,SYNJ1,liver,"GABPA IP - MCF7 cells, GABPA IP, GABPA IP, GABPA IP - HepG2 cells, GABPA IP",,,
ZBTB7A,SYNJ1,leukocytes,ZBTB7A IP - SK-N-SH cells,,,
CREB1,SYNJ1,liver,"CREB1 IP, CREB1 IP, CREB1 IP, CREB1 IP - HepG2 cells",,,
ELF1,SYNJ1,leukocytes,"ELF1 IP - SK-N-SH cells, ELF1 IP - SK-N-SH cells",,,
JUND,SYNJ1,colon,JUND IP - HCT116 cells,,,
AR,SYNJ1,prostate,"AR Q640X OE + FOXA1 OE | FOXA1 ChIP-Seq, WT AR OE + FOXA1 OE | FOXA1 ChIP-Seq - high FOXA1, AR C562S OE + FOXA1 OE | FOXA1 ChIP-Seq","22383394,",,
ZNF143,SYNJ1,uterus,ZNF143 IP - HeLa cells,,,
REST,SYNJ1,liver,"REST IP - HepG2 cells, Rep 1, REST IP - HepG2 cells, Rep 2",,,
MXI1,SYNJ1,liver,MXI1 IP - HepG2 cells,,,
EGR1,SYNJ1,liver,EGR1 IP - MCF7 cells,,,
CEBPB,SYNJ1,liver,"CEBPB ChIP-Seq - HepG2, CEBPB IP | FORSK - HepG2 cells, CEBPB IP - HepG2 cells",,,
SOX9,SYNJ1,colon,SOX9 IP ,,,
CEBPB,SYNJ1,mammarygland,CEBPB IP - MCF7 cells,,,
E2F6,SYNJ1,leukocytes,E2F6 IP - K562 cells,,,
FORSK,SYNJ1,liver,CEBPB IP | FORSK - HepG2 cells,,,
HOXA4,SYNJ1,colon,HOXA4 IP ,,,
SP1,SYNJ1,colon,SP1 IP - HCT116 cells,,,
E2F1,SYNJ1,uterus,"E2F1 IP - HeLa cells, Rep 2, E2F1 IP - HeLa cells, Rep 1",,,
TCF12,SYNJ1,cns,TCF12 IP - SK-N-SH cells,,,
RELA,SYNJ1,colon,RELA IP ,,,
TCF12,SYNJ1,uterus,TCF12 IP - ECC1 cells,,,
YY1,SYNJ1,stemcells,YY1 IP - H1 cells,,,
CREB1,SYNJ1,stemcells,CREB1 IP - H1 cells,,,
E2F4,SYNJ1,mammarygland,E2F4 IP | 4HT - MCF10 cells,,,
4HT,SYNJ1,mammarygland,E2F4 IP | 4HT - MCF10 cells,,,
EGR1,SYNJ1,leukocytes,EGR1 IP - K562 cells,,,
TEAD4,SYNJ1,leukocytes,TEAD4 IP - K562 cells,,,
ZNF143,SYNJ1,stemcells,ZNF143 IP - H1 cells,,,
TEAD4,SYNJ1,lung,TEAD4 IP - A549 cells,,,
MAZ,SYNJ1,liver,MAZ IP - HepG2 cells,,,
ATF1,SYNJ1,leukocytes,ATF1 IP - K562 cells,,,
CEBPB,SYNJ1,stemcells,"CEBPB IP, CEBPB IP, CEBPB IP - H1 cells, CEBPB IP",,,
TAL1,SYNJ1,stemcells,"TAL1 IP - Rep 2 , TAL1 IP - Rep 1 ",,,
HMGN3,SYNJ1,leukocytes,HMGN3 IP - K562 cells,,,
JUN,SYNJ1,leukocytes,"JUN IP - K562 cells, Rep 2",,,
REST,SYNJ1,uterus,"REST IP - SK-N-SH cells, REST IP - ECC1 cells",,,
YY1,SYNJ1,liver,YY1 IP - HepG2 cells,,,
FOXP1,SYNJ1,colon,FOXP1 IP ,,,
GATA2,SYNJ1,prostate,"GATA2 ChIP-Seq, GATA2 ChIP-Seq - Rep 2, GATA2 KD + R1881 | FOXA1 ChIP-Seq, GATA2 ChIP-Seq - Rep 1",,,
ELF3,SYNJ1,pancreas,"ELF3 IP, ELF3 IP, ELF3 IP | KLF5 KO",,,
TCF12,SYNJ1,stemcells,TCF12 IP - H1 cells,,,
TEAD4,SYNJ1,stemcells,TEAD4 IP - H1 cells,,,
MXI1,SYNJ1,stemcells,MXI1 IP - H1 cells,,,
FOXA2,SYNJ1,stemcells,"FOXA2 IP - ES D2, FOXA2 IP - ES D10, FOXA2 IP - ES D5, FOXA2 IP - ES D7",,,
EGR1,SYNJ1,stemcells,EGR1 IP - H1 cells,,,
MAX,SYNJ1,leukocytes,"MAX IP - NB4 cells, MAX IP - K562 cells, Rep 2, MAX IP - GM12878 cells, MAX IP - K562 cells",,,
MXI1,SYNJ1,lung,MXI1 IP - IMR cells,,,
REST,SYNJ1,pancreas,"REST IP - PANC1 cells, Rep 2, REST IP - Panc1 cells, Rep 3, REST IP - PANC1 cells, Rep 1",,,
GTF2B,SYNJ1,uterus,"GTF2B IP - DTT, Rep 1, GTF2B IP - Rep 2",,,
ZNF263,SYNJ1,kidney,ZNF263 IP - HEK293 cells,,,
JUND,SYNJ1,vasculature,JUND IP,,,
TCF21,SYNJ1,vasculature,"TCF21 IP, TCF21 IP",,,
MXI1,SYNJ1,leukocytes,"MXI1 IP - K562 cells, MXI1 IP - GM12878 cells",,,
THAP1,SYNJ1,leukocytes,THAP1 IP - K562 cells,,,
MTA3,SYNJ1,leukocytes,MTA3 IP - GM12878 cells,,,
FOSL2,SYNJ1,liver,FOSL2 IP - HepG2 cells,,,
PBX3,SYNJ1,leukocytes,PBX3 IP - GM12878 cells,,,
SP1,SYNJ1,leukocytes,"SP1 IP - GM12878 cells, SP1 IP - K562 cells",,,
E2F8,SYNJ1,colon,E2F8 IP ,,,
TCF7L2,SYNJ1,mammarygland,TCF7L2 ChIP-Seq,,,
ELF1,SYNJ1,cns,ELF1 IP - SK-N-SH cells,,,
ELK1,SYNJ1,leukocytes,"ELK1 IP - K562 cells, ELK1 IP - GM12878 cells",,,
FOXP2,SYNJ1,cns,FOXP2 IP - PFSK-1 cells,,,
GABPA,SYNJ1,stemcells,GABPA IP - H1 cells,,,
IFNA1,SYNJ1,leukocytes,"IRF1 IP | IFNA1-13 - K562 cells, 6 h",,,
EGR1,SYNJ1,uterus,EGR1 IP - ECC1 cells,,,
PAX5,SYNJ1,leukocytes,"PAX5 IP - GM12892 cells, PAX5 IP - GM12878 cells, Rep 2",,,
YY1,SYNJ1,colon,YY1 IP - HCT116 cells,,,
TEAD4,SYNJ1,uterus,TEAD4 IP - ECC1 cells,,,
PIAS1,SYNJ1,prostate,"PIAS1 + R1881 | FOXA1 ChIP-Seq - Rep 2, PIAS1 + R1881 | FOXA1 ChIP-Seq - Rep 1",,,
TBP,SYNJ1,liver,TBP IP - HepG2 cells,,,
YY1,SYNJ1,uterus,YY1 IP - ECC1 cells,,,
IRF4,SYNJ1,leukocytes,IRF4 IP,,,
CEBPB,SYNJ1,colon,CEBPB IP - HCT116 cells,,,
TBP,SYNJ1,stemcells,TBP IP - H1 cells,,,
CTCF,SYNJ1,hspcs,"CTCF IP - Erythroid cells, Rep 2",,,
CTCF,SYNJ1,stemcells,CTCF IP - H1 cells,,,
IRF1,SYNJ1,pancreas,IRF1 IP,,,
ZBTB7A,SYNJ1,uterus,ZBTB7A IP - ECC1 cells,,,
FOXM1,SYNJ1,leukocytes,FOXM1 IP - GM12878 cells,,,
E2F1,SYNJ1,mammarygland,"E2F1 IP - MCF7 cells, E2F1 IP",,,
TAL1,SYNJ1,colon,TAL1 IP ,,,
ETV5,SYNJ1,colon,ETV5 IP ,,,
E2F4,SYNJ1,uterus,E2F4 IP - HeLa cells,,,
MYBL2,SYNJ1,liver,MYBL2 IP - HepG2 cells,,,
CREB1,SYNJ1,lung,"CREB1 IP - A549 cells, Rep 2, CREB1 IP | DEX - A549 cells",,,
TP73,SYNJ1,bone,"TP73 IP - beta isoform, Rep 2, TP73 IP - beta isoform, Rep 1",,,
GLI2,SYNJ1,colon,GLI2 IP ,,,
RUNX1,SYNJ1,hspcs,RUNX1,,,
TCF12,SYNJ1,leukocytes,TCF12 IP - GM12878 cells,,,
ELK1,SYNJ1,uterus,ELK1 IP - HeLa cells,,,
TFAP4,SYNJ1,leukocytes,"TFAP4 IP - Rep 1, TFAP4 IP - Rep 2",,,
MYC,SYNJ1,uterus,MYC IP - HeLa cells,,,
TCF7L2,SYNJ1,uterus,TCF7L2 IP - HeLa cells,,,
GATA4,SYNJ1,stomach,GATA4 IP - AGS,,,
JUND,SYNJ1,leukocytes,JUND IP - K562 cells,,,
NFKB1,SYNJ1,leukocytes,"NFKB1 IP - Rep 1, NFKB1 IP - Rep 2",,,
MAX,SYNJ1,vasculature,MAX IP - HUVEC cells,,,
DEX,SYNJ1,lung,CREB1 IP | DEX - A549 cells,,,
LYL1,SYNJ1,leukocytes,LYL1 IP - HL-60,,,
GABPA,SYNJ1,lung,GABPA IP - A549 cells,,,
STAT1,SYNJ1,leukocytes,"STAT1 IP - Rep 5, STAT1 IP - Rep 2, STAT1 IP - Rep 1, STAT1 IP - Rep 4, STAT1 IP - Rep 3, STAT1 IP - Rep 6",,,
CEBPA,SYNJ1,leukocytes,"CEBPA IP - U-937 cells, Rep 2 , CEBPA IP - U-937 cells, Rep 1 , CEBPA IP",,,
ELF1,SYNJ1,mammarygland,ELF1 IP - MCF7 cells,,,
IRF1,SYNJ1,colon,IRF1 IP ,,,
USF1,SYNJ1,liver,USF1 IP - HepG2 cells,,,
CTCF,SYNJ1,skin,"CTCF IP - AG04449 cells, Rep 1 ",,,
NFYB,SYNJ1,leukocytes,NFYB IP - K562 cells,,,
TEAD4,SYNJ1,liver,TEAD4 IP - MCF7 cells,,,
MXI1,SYNJ1,cns,MXI1 IP - SK-N-SH cells ,,,
JUND,SYNJ1,liver,JUND IP - HepG2 cells,,,
MAZ,SYNJ1,lung,MAZ IP - IMR cells,,,
ETS1,SYNJ1,leukocytes,"ETS1 IP, ETS1 IP - K562 cells, ETS1 IP - GM12878 cells",,,
USF1,SYNJ1,uterus,USF1 IP - ECC1 cells,,,
CREB1,SYNJ1,uterus,CREB1 IP - ECC1 cells,,,
RUNX1T1,SYNJ1,leukocytes,RUNX1T1 IP,,,
HEY1,SYNJ1,leukocytes,HEY1 IP - K562 cells,,,
TCF3,SYNJ1,leukocytes,TCF3 IP - GM12878 cells,,,
HEY1,SYNJ1,liver,HEY1 IP - HepG2 cells,,,
MXI1,SYNJ1,uterus,MXI1 IP - HeLa cells,,,
MYC,SYNJ1,mammarygland,DHT | MYC ChIP-Seq,,,
DHT,SYNJ1,mammarygland,"DHT | MYC ChIP-Seq, DHT | FOXA1 ChIP-Seq",,,
USF1,SYNJ1,colon,USF1 IP - HCT116 cells,,,
ELF1,SYNJ1,liver,ELF1 IP - HepG2 cells,,,
GABPA,SYNJ1,cns,GABPA IP - SK-N-SH cells,,,
SP1,SYNJ1,lung,SP1 IP - A549 cells,,,
GATA3,SYNJ1,mammarygland,GATA3 IP - T47D cells,,,
UBTF,SYNJ1,leukocytes,"UBTF IP - K562 cells, UBTF IP - K562 cells",,,
POU2F2,SYNJ1,leukocytes,POU2F2 IP - GM12878 cells,,,
HOXA6,SYNJ1,colon,HOXA6 IP ,,,
MYC,SYNJ1,bone,MYC IP,,,
TP53,SYNJ1,lung,"TP53 IP - propapoptic, Rep 1",,,
MAX,SYNJ1,colon,MAX IP - HCT116 cells,,,
BAY082,SYNJ1,leukocytes,"RELA IP | BAY082  - IVD Th1 cells, PIA",,,
FOS,SYNJ1,vasculature,FOS IP - HUVEC cells,,,
KLF5,SYNJ1,stomach,KLF5 IP - KATOIII,,,
CREB1,SYNJ1,colon,CREB1 IP ,,,
SRF,SYNJ1,leukocytes,"SRF IP - GM12878 cells, Rep 2",,,
SMARCC1,SYNJ1,uterus,SMARCC1 IP - HeLa cells,,,
KLF5,SYNJ1,pancreas,"ELF3 IP | KLF5 KO, KLF5 IP",,,
NFYA,SYNJ1,leukocytes,NFYA IP - K562 cells,,,
ELF1,SYNJ1,colon,ELF1 IP - HCT116 cells,,,
MAFF,SYNJ1,leukocytes,MAFF IP - K562 cells,,,
SMAD4,SYNJ1,stemcells,SMAD4 ChIP-Seq - ESCs,"21741376,",,
USF1,SYNJ1,stemcells,USF1 IP - H1 cells,,,
TP53,SYNJ1,bone,TP53 IP | TP53EE/RR OE,,,
USF1,SYNJ1,cns,USF1 IP | ATRA - SK-N-SH cells,,,
SRF,SYNJ1,colon,SRF IP - HCT116 cells,,,
MAX,SYNJ1,cns,MAX IP - SK-N-SH cells,,,
REST,SYNJ1,lung,REST IP - A549 cells,,,
FOXA1,SYNJ1,mammarygland,DHT | FOXA1 ChIP-Seq,,,
MAX,SYNJ2,cns,MAX IP - SK-N-SH cells,,,
CTCF,SYNJ2,leukocytes,"CTCF IP - GM12815 cells, Rep 1, CTCF IP - GM12869 cells , CTCF IP - K562 cells, Rep 4 , CTCF IP - GM12873 cells, Rep 3 , CTCF IP - GM11831 cells, CTCF IP - F36P cells, Rep 15 , CTCF IP - KU812 cells, Rep 13 , CTCF IP - GM12872 cells, CTCF IP - KU812 cells, Rep 17 , CTCF IP - K562 cells, Rep 1 , CTCF IP - UT-7 cells, Rep 3 , CTCF IP - GM12801 cells , CTCF IP - GM11994 cells, Rep 1, CTCF IP - GM19193 cells, Rep 2 , CTCF IP - GM12154 cells, Rep 2, CTCF IP - K562 cells, Rep 10 , CTCF IP - GM12865 cells, Rep 3 , CTCF IP - GM12890 cells, Rep 1 , CTCF IP - UT-7 cells, Rep 5 , CTCF IP - GM12865 cells, Rep 2 , CTCF IP - GM2588 cells, Rep 1 , CTCF IP - GM06990 cells, Rep 1 , CTCF IP - GM18486 cells, Rep 3 , CTCF IP - K562 cells, Rep 7 , CTCF IP - F36P cells, Rep 9 , CTCF IP - MS1 cells, Rep 3 , CTCF IP - GM2588 cells, Rep 2 , CTCF IP - UT-7 cells, Rep 4 , CTCF IP - GM2630 cells, Rep 2 , CTCF IP - K562 cells, Rep 8 , CTCF IP - HL-60 cells, Rep 3 , CTCF IP - K562 cells, Rep 11 , CTCF IP - GM12891 cells, Rep 1 , CTCF IP - GM12875 cells, Rep 1 , CTCF IP - MS1 cells, Rep 4 , CTCF IP - GM12874 cells, CTCF IP - GM12864 cells, Rep 1 , CTCF IP - F36P cells, Rep 6 , CTCF IP - GM2255 cells, Rep 2 , CTCF IP - GM12154 cells, Rep 1, CTCF IP - GM11992 cells, Rep 1, CTCF IP - F36P cells, Rep 5 , CTCF IP - K562 cells, Rep 5 , CTCF IP - HL-60 cells, Rep 7 , CTCF IP - F36P cells, Rep 1 , CTCF IP - GM11811 cells, Rep 2, CTCF IP - GM12868 cells , CTCF IP - GM2610 cells, Rep 2 , CTCF IP - GM12865 cells, Rep 1 , CTCF IP - GM12872 cells, Rep 2 , CTCF IP - GM12864 cells, Rep 3 , CTCF IP - GM11992 cells, Rep 2, CTCF IP - GM2255 cells, Rep 3 , CTCF IP - GM10847 cells, Rep 1 , CTCF IP - GM12873 cells, Rep 1 , CTCF IP - GM12874 cells, Rep 2 , CTCF IP - KU812 cells, Rep 9 , CTCF IP - UT-7 cells, Rep 2 , CTCF IP - GM19238 cells, Rep 2 , CTCF IP - GM18526 cells, Rep 1 , CTCF IP - GM06986 cells, CTCF IP - GM19193 cells, Rep 1 , CTCF IP - K562 cells, Rep 16 , CTCF IP - F36P cells, Rep 7 , CTCF IP - K562 cells, Rep 1 , CTCF IP - K562 cells, Rep 9 , CTCF IP - GM12892 cells, Rep 2 , CTCF IP - GM12006 cells, Rep 1, CTCF IP - KU812 cells, Rep 1 , CTCF IP - F36P cells, Rep 3 , CTCF IP - GM11881 cells, CTCF IP - HL-60 cells, Rep 2 , CTCF IP - GM12866 cells , CTCF IP - GM12815 cells, Rep 2, CTCF IP - F36P cells, Rep 11 , CTCF IP - F36P cells, Rep 19 , CTCF IP - GM19239 cells, Rep 2 , CTCF IP -  CD20+ cells , CTCF IP - GM12828 cells, CTCF IP - K562 cells, CTCF IP - GM18505 cells, Rep 1 , CTCF IP - HeLa cells, Rep 2 , CTCF IP - GM11894 cells, Rep 2, CTCF IP - NB4 cells , CTCF IP - GM12891 cells, Rep 2 , CTCF IP - GM12878 cells, Rep 1 , CTCF IP - GM19239 cells, Rep 1 , CTCF IP - GM12814 cells, Rep 1, CTCF IP - K562 cells, Rep 14 , CTCF IP - GM12005 cells, Rep 2, CTCF IP - GM12878 cells, Rep 1 , CTCF IP - F36P cells, Rep 17 , CTCF IP - GM12867 cells , CTCF IP - GM19099 cells, Rep 2 , CTCF IP - GM12873 cells, Rep 1 , CTCF IP - GM12878 cells , CTCF IP - GM19099 cells, Rep 1 , CTCF IP - GM12155 cells, Rep 2, CTCF IP - GM12870 cells , CTCF IP - K562 cells, Rep 15 , CTCF IP - GM2255 cells, Rep 1 , CTCF IP - GM19238 cells, Rep 1 , CTCF IP - F36P cells, Rep 13 , CTCF IP - GM12890 cells, Rep 2 , CTCF IP - GM12875 cells, Rep 2 , CTCF IP - GM12234 cells, CTCF IP - GM12878 cells, Rep 2 , CTCF IP - HL-60 cells, Rep 5 , CTCF IP - GM10847 cells, Rep 2 , CTCF IP - GM19240 cells, Rep 2 , CTCF IP - KU812 cells, Rep 5 , CTCF IP - GM12814 cells, Rep 2, CTCF ChIP-Seq - GM12878, CTCF IP - GM11811 cells, Rep 1, CTCF IP - GM06990 cells, Rep 2 , CTCF IP - GM12006 cells, Rep 2, CTCF IP - GM18486 cells, Rep 1 , CTCF IP - K562 cells, Rep 2 , CTCF IP - GM12489 cells, Rep 1, CTCF IP - GM18486 cells, Rep 2 , CTCF IP - GM2610 cells, Rep 1 , CTCF IP - GM12749 cells, Rep 1, CTCF IP - GM12871 cells , CTCF IP - GM18951 cells, Rep 2 , CTCF IP - GM2588 cells, Rep 3 , CTCF IP - F36P cells, Rep 14 , CTCF IP - K562 cells , CTCF IP - K562 cells, CTCF IP - GM12872 cells, Rep 1 , CTCF IP - GM18505 cells, Rep 2 , CTCF IP - GM12878 cells, Rep 2 , CTCF IP - GM18526 cells, Rep 2 , CTCF IP - GM12872 cells, Rep 3 , CTCF IP - K562 cells, Rep 13 , CTCF IP - GM2610 cells, Rep 3 , CTCF IP - GM12890 cells, Rep 3 , CTCF IP - UT-7 cells, Rep 6 , CTCF IP - F36P cells, Rep 10 , CTCF IP - MS1 cells, Rep 1 , CTCF IP - GM18951 cells, Rep 1 , CTCF IP, CTCF IP - GM12892 cells, Rep 1 , CTCF IP - GM11994 cells, Rep 2, CTCF IP - GM12864 cells, Rep 2 , CTCF IP - GM07037 cells, CTCF IP - HL , CTCF IP - HL-60 cells, Rep 9 , CTCF IP - GM2630 cells, Rep 1 , CTCF IP - GM19240 cells, Rep 1 , CTCF IP - K562 cells, CTCF IP - F36P cells, Rep 2 , CTCF IP - K562 cells, Rep 6 , CTCF IP - GM12874 cells, Rep 1 , CTCF IP - CD14+ cells , CTCF IP - MS1 cells, Rep 2 , CTCF IP - GM07346 cells, CTCF IP -  DND , CTCF IP - K562 cells, Rep 12 , CTCF IP - GM2630 cells, Rep 3 ",,,
MAX,SYNJ2,liver,"MAX IP - HepG2 cells, MAX IP - MCF7 cells, MAX IP - HepG2 cells",,,
CTCF,SYNJ2,colon,"CTCF IP - HCT116 cells, CTCF IP - Rep 2 , CTCF IP - Caco-2 cells, Rep 1 , CTCF IP - HCT116 cells, Rep 2 , CTCF IP - HCT116 cells, Rep 1 ",,,
EGR1,SYNJ2,leukocytes,EGR1 IP - K562 cells,,,
TEAD1,SYNJ2,cns,TEAD1 IP - Rep 1,,,
CTCF,SYNJ2,mammarygland,"CTCF IP - HMEC cells , CTCF IP - HMEC cells, Rep 2 , CTCF IP - T47D cells, CTCF IP - HMEC cells, Rep 1 , CTCF IP - MCF-7 cells, Rep 1 , CTCF IP - HMF cells, Rep 2 , CTCF IP - HMF cells, Rep 1 , CTCF IP - MCF7 cells",,,
E2F4,SYNJ2,mammarygland,E2F4 IP | 4HT - MCF10 cells,,,
4HT,SYNJ2,mammarygland,"E2F4 IP | 4HT - MCF10 cells, FOS IP | 4HT - MCF10A cells, 36 h, MYC IP | 4HT - MCF10A cells, FOS IP | 4HT - MCF10A cells, 12 h, FOS IP | 4HT - MCF10A cells, 4 h",,,
MYB,SYNJ2,leukocytes,"MYB IP - Jurkat, Rep 3, MYB IP - Jurkat, Rep 1, MYB IP - MOLT3, MYB IP - Jurkat, Rep 4, MYB IP - Jurkat, Rep 5, MYB IP - Jurkat, Rep 2",,,
CTCF,SYNJ2,hspcs,"CTCF IP - HEL 92.1.7 cells, Rep 11 , CTCF IP - Erythroid cells, Rep 1, CTCF IP - HEL 92.1.7 cells, Rep 10 , CTCF IP - HSPCs, Rep 1, CTCF IP - HEL 92.1.7 cells, Rep 14 , CTCF IP - Erythroid cells, Rep 2, CTCF IP - HEL 92.1.7 cells, Rep 8 , CTCF IP - HEL 92.1.7 cells, Rep 1 , CTCF IP - HEL 92.1.7 cells, Rep 5 , CTCF IP - HEL 92.1.7 cells, Rep 7 , CTCF IP - HEL 92.1.7 cells, Rep 4 , CTCF IP - HSPCs, Rep 2, CTCF IP - HEL 92.1.7 cells, Rep 13 , CTCF IP - HEL 92.1.7 cells, Rep 2 ",,,
CEBPB,SYNJ2,stemcells,"CEBPB IP - H1 cells, CEBPB IP, CEBPB IP, CEBPB IP",,,
SPI1,SYNJ2,leukocytes,"SPI1 IP, SPI1 IP - GM12878 cells, SPI1 IP - GM12878 cells, Rep 4 , SPI1 IP - K562 cells, SPI1 IP - U-937 cells, Rep 5 , SPI1 IP, SPI1 IP - HL cells, SPI1 IP - U-937 cells, Rep 6 , SPI1 IP - GM12891 cells, SPI1 IP - HL-60 cells, Rep 4 , SPI1 IP - U-937 cells, Rep 2 , SPI1 IP, SPI1 IP, SPI1 IP - GM12878 cells, Rep 2 , SPI1 IP, SPI1 IP, SPI1 IP, SPI1 IP - U-937 cells, Rep 4 , SPI1 IP, SPI1 IP, SPI1 IP - U-937 cells, Rep 3 , ROSI | SPI1 ChIP-Seq, SPI1 IP | RUNX1 KD, SPI1 IP - U-937 cells, Rep 1 , SPI1 IP",,,
SRF,SYNJ2,uterus,SRF IP - ECC1 cells,,,
MXI1,SYNJ2,cns,MXI1 IP - SK-N-SH cells ,,,
FOXA2,SYNJ2,embryonictissue,"FOXA2 IP - Rep 2, FOXA2 IP - Rep 1",,,
CTCF,SYNJ2,lung,"CTCF IP - SAEC cells, Rep 2 , CTCF IP - A549 cells , CTCF IP - NHLF cells , CTCF IP - SAEC cells, Rep 1 , CTCF IP - WI-38 cells, Rep 2 , CTCF IP | DEX - A549 cells , CTCF IP - HPF cells, Rep 1 , CTCF IP - WI-38 cells, Rep 1 , CTCF IP - A549 cells, Rep 1 , CTCF IP - AG04450 cells, Rep 2 , CTCF IP - HPF cells, Rep 2 , CTCF IP - AG04450 cells, Rep 1 , CTCF ChIP-Seq - A549, CTCF IP - A549 cells, CTCF IP - IMR cells, CTCF IP - A549 cells, Rep 2 , CTCF IP - NHLF cells , CTCF IP | DEX - A549 cells",,,
ZNF263,SYNJ2,kidney,ZNF263 IP - HEK293 cells,,,
ZBTB7A,SYNJ2,leukocytes,ZBTB7A IP - SK-N-SH cells,,,
CTCF,SYNJ2,skin,"CTCF IP - AG09309 cells, Rep 1 , CTCF IP - BJ cells, Rep 1 , CTCF IP - NHEK cells , CTCF IP - AG09309 cells, Rep 2 , CTCF IP - NHDF cells , CTCF IP - HFFC cells, Rep 1 , CTCF IP - NHDF cells, Rep 1 , CTCF IP - HFFC cells, Rep 3 , CTCF IP - HFFC cells, Rep 2 , CTCF IP - NHDF cells, Rep 2 , CTCF IP - GM12878 cells, Rep 2 , CTCF IP - AG10803 cells, Rep 1 , CTCF IP - AG04449 cells, Rep 1 , CTCF IP - AG10803 cells, Rep 2 , CTCF IP - AG04449 cells, Rep 2 , CTCF IP - BJ cells, Rep 2 ",,,
FOXA1,SYNJ2,prostate,"CON KD + R1881 | FOXA1 ChIP-Seq - Rep 2, FOXA1 KD | FOXA1 ChIP-Seq, FOXA1 ChIP-Seq - LNCaP-abl, FOXA1 ChIP-Seq, PIAS1 + R1881 | FOXA1 ChIP-Seq - Rep 2, DHT | FOXA1 ChIP-Seq, PIAS1 + R1881 | FOXA1 ChIP-Seq - Rep 1, CREB1 siRNA | FOXA1 ChIP-Seq - Rep 2, CON KD | FOXA1 ChIP-Seq, FOXA1 ChIP-Seq, EtOH | FOXA1 ChIP-Seq - Rep 2, CON KD + R1881 | FOXA1 ChIP-Seq, FOXA1 ChIP-Seq, R1881 | FOXA1 ChIP-Seq - Rep 1, FOXA1 ChIP-Seq - Rep 1, GATA2 KD  | FOXA1 ChIP-Seq, FOXA1 ChIP-Seq, CON KD  | FOXA1 ChIP-Seq, DHT | FOXA1 ChIP-Seq, CON KD | FOXA1 ChIP-Seq, FOXA1 siRNA | CREB1 ChIP-Seq - Rep 2, FOXA1 ChIP-Seq - Rep 2, CON KD + R1881 | FOXA1 ChIP-Seq - Rep 1, EtOH | FOXA1 ChIP-Seq - , DHT | FOXA1 ChIP-Seq, GATA2 KD + R1881 | FOXA1 ChIP-Seq, FOXA1 ChIP-Seq - Rep 2, CREB1 siRNA | FOXA1 ChIP-Seq - Rep 1, R1881 | FOXA1 ChIP-Seq - Rep 2, FOXA1 KD | FOXA1 ChIP-Seq, CON KD | FOXA1 ChIP-Seq",,,
R1881,SYNJ2,prostate,"CON KD + R1881 | FOXA1 ChIP-Seq - Rep 2, PIAS1 + R1881 | FOXA1 ChIP-Seq - Rep 2, PIAS1 + R1881 | FOXA1 ChIP-Seq - Rep 1, CON KD + R1881 | FOXA1 ChIP-Seq, R1881 | FOXA1 ChIP-Seq - Rep 1, CON KD + R1881 | FOXA1 ChIP-Seq - Rep 1, GATA2 KD + R1881 | FOXA1 ChIP-Seq, R1881 | FOXA1 ChIP-Seq - Rep 2",,,
GABPA,SYNJ2,leukocytes,"GABPA IP - Jurkat, Rep 2, GABPA IP - K562 cells, GABPA IP - HL cells, GABPA IP - Jurkat, Rep 1",,,
MAFK,SYNJ2,leukocytes,MAFK IP - K562 cells,,,
FOXP1,SYNJ2,leukocytes,"FOXP1 IP - OCI-LY10, FOXP1 IP - HT, FOXP1 IP - BJAB",,,
GATA3,SYNJ2,leukocytes,GATA3 IP,,,
USF1,SYNJ2,leukocytes,"USF1 IP - K562 cells, USF1 IP - GM12878 cells",,,
KLF5,SYNJ2,stomach,"KLF5 IP - KATOIII, KLF5 IP - AGS",,,
ZNF83,SYNJ2,colon,ZNF83 IP ,,,
POU5F1,SYNJ2,stemcells,"POU5F1 IP - Rep 1 , POU5F1 IP",,,
E2F1,SYNJ2,prostate,"BICALU | E2F1 ChIP-Seq - Rep 3, HES6 OE | E2F1 ChIP-Seq - Rep 3, E2F1 ChIP-Seq - Rep 2, HES6 OE | E2F1 ChIP-Seq - Rep 1, HES6 OE + BICALU | E2F1 ChIP-Seq - Rep 1, E2F1 ChIP-Seq - Rep 4, E2F1 ChIP-Seq - Rep 1, HES6 OE + BICALU | E2F1 ChIP-Seq - Rep 3, BICALU | E2F1 ChIP-Seq - Rep 1, BICALU + HES6OE | E2F1 ChIP-Seq - Rep 4",,,
BICALU,SYNJ2,prostate,"BICALU | E2F1 ChIP-Seq - Rep 3, HES6 OE + BICALU | E2F1 ChIP-Seq - Rep 1, HES6 OE + BICALU | E2F1 ChIP-Seq - Rep 3, BICALU | E2F1 ChIP-Seq - Rep 1, BICALU + HES6OE | E2F1 ChIP-Seq - Rep 4",,,
BHLHE40,SYNJ2,leukocytes,"BHLHE40 IP - K562 cells, BHLHE40 IP - GM12878 cells",,,
FOXA2,SYNJ2,stemcells,"FOXA2 IP - Rep 5 , FOXA2 IP - ES D2, FOXA2 IP - ES D10, FOXA2 IP - ES D7, FOXA2 IP - ES D5, FOXA2 IP - Rep 1 ",,,
HMGN3,SYNJ2,leukocytes,HMGN3 IP - K562 cells,,,
FOSL2,SYNJ2,cns,FOSL2 IP - SK-N-SH cells,,,
NFATC1,SYNJ2,leukocytes,NFATC1 IP - GM12878 cells,,,
ASCL1,SYNJ2,skin,ASCL1 IP - NHDF,,,
BACH1,SYNJ2,stemcells,BACH1 IP - H1 cells,,,
FOXA1,SYNJ2,mammarygland,"FOXA1 ChIP-Seq - Rep 1, 17BE2 | FOXA1 ChIP-Seq - Rep 2, DEX | FOXA1 ChIP-Seq - Rep 1, 17BE2 | FOXA1 ChIP-Seq - Rep 1, FOXA1 ChIP-Seq - Rep 1, DEX | FOXA1 ChIP-Seq - Rep 2, 17BE2 | FOXA1 ChIP-Seq - Rep 2, FOXA1 IP - T47D, 17BE2 | FOXA1 ChIP-Seq, FOXA1 ChIP-Seq - Rep 2, 17BE2 | FOXA1 ChIP-Seq - Rep 2, FOXA1 ChIP-Seq - Rep 2, TNF | FOXA1 ChIP-Seq - Rep 1, DHT | FOXA1 ChIP-Seq, DEX | FOXA1 ChIP-Seq - Rep 2, DEX | FOXA1 ChIP-Seq - Rep 1, DEX | FOXA1 ChIP-Seq - Rep 1, TNF | FOXA1 ChIP-Seq - Rep 2, 17BE2 | FOXA1 ChIP-Seq - Rep 1, 17BE2 | FOXA1 ChIP-Seq - Rep 2, FOXA1 ChIP-Seq - Rep 2, FOXA1 ChIP-Seq - Rep 1, DEX | FOXA1 ChIP-Seq - Rep 2, FOXA1 ChIP-Seq - Rep 1, FOXA1 ChIP-Seq - Rep 2, 17BE2 | FOXA1 ChIP-Seq - Rep 1, FOXA1 IP - T47D cells",,,
JUND,SYNJ2,cns,"JUND IP - SK-N-SH cells, JUND IP - SK-N-SH cells ",,,
17BE2,SYNJ2,mammarygland,"17BE2 | FOXA1 ChIP-Seq - Rep 2, 17BE2 | FOXA1 ChIP-Seq - Rep 1, 17BE2 | FOXA1 ChIP-Seq - Rep 2, 17BE2 | FOXA1 ChIP-Seq, 17BE2 | FOXA1 ChIP-Seq - Rep 2, 17BE2 | FOXA1 ChIP-Seq - Rep 1, 17BE2 | FOXA1 ChIP-Seq - Rep 2, 17BE2 | FOXA1 ChIP-Seq - Rep 1",,,
CEBPB,SYNJ2,liver,"CEBPB IP - HepG2 cells, CEBPB ChIP-Seq - HepG2, CEBPB IP | FORSK - HepG2 cells",,,
DEX,SYNJ2,mammarygland,"DEX | FOXA1 ChIP-Seq - Rep 1, DEX | FOXA1 ChIP-Seq - Rep 2, DEX | FOXA1 ChIP-Seq - Rep 2, DEX | FOXA1 ChIP-Seq - Rep 1, DEX | FOXA1 ChIP-Seq - Rep 1, DEX | FOXA1 ChIP-Seq - Rep 2",,,
CTCF,SYNJ2,cns,"CTCF IP - HCPEpiC cells, Rep 1 , CTCF IP - BE(2)-C cells, Rep 2 , CTCF IP - SK-N-SH cells , CTCF IP - cerebellar astrocyte cells, Rep 1 , CTCF IP - SK-N-SH cells, Rep 2 , CTCF IP - HCPEpiC cells, Rep 2 , CTCF IP - SK-N-SH cells, Rep 1 , CTCF IP - NHA cells , CTCF IP - SK cells, CTCF IP - spinal cord astrocyte cells, Rep 1 , CTCF IP - cerebellar astrocyte cells, Rep 2 , CTCF IP - BE(2)-C cells, Rep 1 , CTCF IP - spinal cord astrocyte cells, Rep 2 ",,,
REST,SYNJ2,cns,"REST IP - PFSK-N-SH cells1 cells, Rep 1, REST IP - U87 cells, REST IP - SK-N-SH cells, REST IP - PFSK1 cells, Rep 2, REST IP - SK cells",,,
STAT1,SYNJ2,leukocytes,"STAT1 IP - Rep 2, STAT1 IP - Rep 5, STAT1 IP - Rep 3, STAT1 IP - Rep 1, STAT1 IP - Rep 4",,,
IFNG,SYNJ2,leukocytes,"STAT1 IP - Rep 2, MYC IP | IFNG - K562 cells, 6 h, IRF1 IP - Rep 1, MYC IP | IFNG - K562 cells, 30 min, IRF1 IP - Rep 2, IRF1 IP | IFNG - K562 cells, 30 min, STAT1 IP - Rep 5, STAT1 IP - Rep 3, STAT1 IP - Rep 1, STAT1 IP - Rep 4",,,
CTCF,SYNJ2,stemcells,"CTCF IP - Rep 1 , CTCF IP - Rep 5 , CTCF IP - H1 cells , CTCF IP - H1 cells, CTCF IP - Rep 2 , CTCF IP - Rep 4 , CTCF IP - Rep 6 ",,,
MEF2A,SYNJ2,leukocytes,MEF2A IP - GM12878 cells,,,
TCF21,SYNJ2,vasculature,"TCF21 IP, TCF21 IP",,,
CEBPB,SYNJ2,colon,"CEBPB IP - HCT116 cells, CEBPB IP | 125DVD3, CEBPB IP",,,
ELF1,SYNJ2,cns,ELF1 IP - SK-N-SH cells,,,
FOXA1,SYNJ2,liver,"FOXA1 IP - HepG2 cells, Rep 1, FOXA1 IP - HepG2 cells, Rep 2",,,
CTCF,SYNJ2,sensory,"CTCF IP - HRPEpiC cells, Rep 1 , CTCF IP - WERI-Rb-1- cells, Rep 1 , CTCF IP - WERI , CTCF IP - HRPEpiC cells, Rep 2 ",,,
RELA,SYNJ2,lung,RELA IP | TNF,,,
TNF,SYNJ2,lung,RELA IP | TNF,,,
CEBPB,SYNJ2,leukocytes,"CEBPB ChIP-Seq - K562, CEBPB IP, CEBPB IP - K562 cells",,,
SP1,SYNJ2,lung,SP1 IP - A549 cells,,,
ATF3,SYNJ2,colon,"ATF3 IP, ATF3 IP - HCT116 cells, ATF3 IP | CAMPTO",,,
PAX5,SYNJ2,leukocytes,PAX5 IP - GM12892 cells,,,
FOXA1,SYNJ2,lung,"FOXA1 IP - A549 cells, FOXA1 IP | DEX - A549 cells",,,
PBX3,SYNJ2,leukocytes,PBX3 IP - GM12878 cells,,,
JUN,SYNJ2,liver,JUN IP - HepG2 cells,,,
ATF3,SYNJ2,leukocytes,ATF3 IP - K562 cells,,,
TCF7L2,SYNJ2,pancreas,TCF7L2 IP,,,
RUNX1,SYNJ2,leukocytes,"RUNX1 IP - N terminus 1, RUNX1 IP - N terminus 2, RUNX1 IP - Rep 1, RUNX1 IP, RUNX1 IP - Rep 1, SPI1 IP | RUNX1 KD, RUNX1 IP, RUNX1 IP - Rep 2, CEBPA IP | RUNX1 KD",,,
JUN,SYNJ2,mammarygland,"JUN IP - Rep 1, JUN IP - Rep 2, JUN IP, JUN IP | CPDA",,,
TP53,SYNJ2,bone,"TP53 IP, TP53 IP | TP53EE/RR OE, TP53 IP | TP53 OE, TP53 IP | TP53RR OE, TP53 IP | TP53EE OE",,,
USF2,SYNJ2,leukocytes,"USF2 IP - GM12878 cells, USF2 IP - K562 cells",,,
HES6,SYNJ2,prostate,"HES6 OE | E2F1 ChIP-Seq - Rep 3, HES6 OE | E2F1 ChIP-Seq - Rep 1, HES6 OE + BICALU | E2F1 ChIP-Seq - Rep 1, HES6 OE + BICALU | E2F1 ChIP-Seq - Rep 3, BICALU + HES6OE | E2F1 ChIP-Seq - Rep 4",,,
ZNF263,SYNJ2,leukocytes,ZNF263 IP - K562 cells,,,
CTCF,SYNJ2,vasculature,"CTCF IP - AoAFC cells, Rep 1 , CTCF IP - HBMEC cells, Rep 2 , CTCF IP - HBMEC cells, Rep 1 , CTCF IP - HUVEC cells , CTCF IP - HUVEC cells, Rep 2 , CTCF IP - HPAF cells, Rep 1 , CTCF IP - HUVEC cells, Rep 1 , CTCF IP - HPAF cells, Rep 2 , CTCF IP - AoAFC cells, Rep 2 ",,,
CTCF,SYNJ2,kidney,"CTCF IP - RPTEC cells, Rep 2 , CTCF IP - HRE cells, Rep 1 , CTCF IP - HRE cells, Rep 2 , CTCF IP - HEK293 cells, Rep 2 , CTCF IP - RPTEC cells, Rep 1 , CTCF IP - HEK293 cells, Rep 1 ",,,
MYC,SYNJ2,leukocytes,"MYC IP | IFNG - K562 cells, 6 h, MYC IP | IFNG - K562 cells, 30 min, MYC IP - K562 cells, Rep 1, MYC IP - K562 cells, Rep 2, MYC IP - NB4 cells",,,
PIAS1,SYNJ2,prostate,"PIAS1 + R1881 | FOXA1 ChIP-Seq - Rep 2, PIAS1 + R1881 | FOXA1 ChIP-Seq - Rep 1",,,
JUN,SYNJ2,leukocytes,"JUN IP - K562 cells, Rep 2, JUN IP | IFNA1-13 - 30 min , JUN IP - K562 cells, Rep 1",,,
TCF7L2,SYNJ2,mammarygland,"DHT | TCF7L2 ChIP-Seq, TCF7L2 ChIP-Seq",,,
DHT,SYNJ2,mammarygland,"DHT | TCF7L2 ChIP-Seq, DHT | MYC ChIP-Seq, DHT | FOXA1 ChIP-Seq",,,
DHT,SYNJ2,prostate,"DHT | FOXA1 ChIP-Seq, DHT | RUNX1 ChIP-Seq, DHT | ERG ChIP-Seq - 18 h, DHT | FOXP1 ChIP-Seq, DHT | ERG ChIP-Seq - 2 h, DHT | FOXA1 ChIP-Seq, DHT | FOXA1 ChIP-Seq",,,
CTCF,SYNJ2,liver,"CTCF IP, CTCF IP - HepG2 cells, Rep 1 , CTCF IP - HepG2 cells , CTCF IP - SK-N-SH cells, CTCF IP - HepG2 cells, Rep 2 ",,,
ZNF143,SYNJ2,leukocytes,"ZNF143 IP - GM12878 cells, ZNF143 IP - K562 cells",,,
ARID3A,SYNJ2,liver,ARID3A IP - HepG2 cells,,,
MAFF,SYNJ2,leukocytes,MAFF IP - K562 cells,,,
YY1,SYNJ2,cns,"YY1 IP | ATRA - SK-N-SH cells, YY1 IP - SK-N-SH cells",,,
ATRA,SYNJ2,cns,"YY1 IP | ATRA - SK-N-SH cells, USF1 IP | ATRA - SK-N-SH cells",,,
CTCF,SYNJ2,megakaryocytelineage,"CTCF IP - MEG-01 cells, Rep 8 , CTCF IP - MEG-01 cells, Rep 6 , CTCF IP - MEG-01 cells, Rep 2 , CTCF IP - MEG-01 cells, Rep 10 , CTCF IP - MEG-01 cells, Rep 4 ",,,
TEAD4,SYNJ2,colon,TEAD4 IP - HCT116 cells,,,
E2F1,SYNJ2,uterus,"E2F1 IP - HeLa cells, Rep 1, E2F1 IP - HeLa cells, Rep 2",,,
TP53,SYNJ2,lung,"TP53 IP - propapoptic, Rep 1",,,
CTCF,SYNJ2,heart,"CTCF IP - myocytes cells, Rep 1 , CTCF IP - myocytes cells, Rep 2 , CTCF IP - HCF cells ",,,
GATA2,SYNJ2,cns,GATA2 ChIP-Seq SH-SY5Y,,,
GABPA,SYNJ2,liver,"GABPA IP, GABPA IP - HepG2 cells",,,
TCF12,SYNJ2,uterus,TCF12 IP - ECC1 cells,,,
LYL1,SYNJ2,leukocytes,"LYL1 IP - Kasumi-1, LYL1 IP - NB4",,,
FOXA1,SYNJ2,pancreas,"FOXA1 IP | KLF5 KO, FOXA1 IP, FOXA1 IP",,,
KLF5,SYNJ2,pancreas,"FOXA1 IP | KLF5 KO, ELF3 IP | KLF5 KO",,,
TCF12,SYNJ2,cns,TCF12 IP - SK-N-SH cells,,,
RELA,SYNJ2,leukocytes,"RELA IP | BAY082  - IVD Th1 cells, PIA, RELA IP - IVD Th1 cells, PIA, RELA IP | TNF - GM18951 cells, RELA IP | TNF - GM19099 cells, RELA IP - Rep 1, RELA IP | TNF - GM18505 cells, RELA IP | TNF - GM12891 cells",,,
BAY082,SYNJ2,leukocytes,"RELA IP | BAY082  - IVD Th1 cells, PIA",,,
USF2,SYNJ2,liver,USF2 IP - HepG2 cells,,,
MEF2A,SYNJ2,cns,MEF2A IP - SK-N-SH cells,,,
FOXH1,SYNJ2,stemcells,FOXH1 ChIP-Seq - Escs,,,
DEX,SYNJ2,lung,"CTCF IP | DEX - A549 cells , FOXA1 IP | DEX - A549 cells, CREB1 IP | DEX - A549 cells, CTCF IP | DEX - A549 cells",,,
RUNX1T1,SYNJ2,leukocytes,RUNX1T1 IP,,,
TEAD4,SYNJ2,liver,"TEAD4 IP - MCF7 cells, TEAD4 IP - HepG2 cells",,,
FOS,SYNJ2,mammarygland,"FOS IP | 4HT - MCF10A cells, 36 h, FOS IP - MCF10A cells, FOS IP | 4HT - MCF10A cells, 12 h, FOS IP | 4HT - MCF10A cells, 4 h",,,
GATA3,SYNJ2,lung,GATA3 IP - A549 cells,,,
RUNX1,SYNJ2,prostate,"DHT | RUNX1 ChIP-Seq, RUNX1 ChIP-Seq",,,
CTCF,SYNJ2,placenta,"CTCF IP - HVMF cells, Rep 1 , CTCF IP - HVMF cells, Rep 2 ",,,
SRF,SYNJ2,stemcells,"SRF IP - Rep 7 , SRF IP - Rep 5 , SRF IP - Rep 4 , SRF IP - Rep 6 , SRF IP - Rep 1 , SRF IP - Rep 2 , SRF IP - Rep 3 , SRF IP - H1 cells",,,
CEBPA,SYNJ2,leukocytes,"CEBPA IP, CEBPA IP | RUNX1 KD",,,
REST,SYNJ2,liver,"REST IP - HepG2 cells, Rep 2, REST IP - HepG2 cells, Rep 1",,,
E2F4,SYNJ2,leukocytes,E2F4 IP - K562 cells,,,
CREB1,SYNJ2,prostate,"CREB1 siRNA | FOXA1 ChIP-Seq - Rep 2, FOXA1 siRNA | CREB1 ChIP-Seq - Rep 2, CREB1 siRNA | FOXA1 ChIP-Seq - Rep 1",,,
MYC,SYNJ2,mammarygland,"MYC IP, DHT | MYC ChIP-Seq, MYC IP | 4HT - MCF10A cells, MYC IP - MCF-10A cells",,,
UBTF,SYNJ2,leukocytes,UBTF IP - K562 cells,,,
GATA3,SYNJ2,cns,"GATA3 IP - SHSY5Y cells, GATA3 IP - SK-N-SH cells",,,
YY1,SYNJ2,stemcells,YY1 IP - H1 cells,,,
MAFK,SYNJ2,liver,"MAFK IP - HepG2 cells, Rep 2, MAFK IP - HepG2 cells, Rep 1",,,
EGR1,SYNJ2,stemcells,EGR1 IP - H1 cells,,,
TEAD4,SYNJ2,leukocytes,TEAD4 IP - K562 cells,,,
FOXA1,SYNJ2,uterus,"FOXA1 IP - ECC1 cells, FOXA1 ChIP-Seq - Tumor E",,,
JUND,SYNJ2,liver,"JUND IP - HepG2 cells, JUND IP - HepG2 cells",,,
FOSL2,SYNJ2,lung,FOSL2 IP - A549 cells,,,
CREB1,SYNJ2,leukocytes,"CREB1 IP - K562 cells, CREB1 IP - GM12878 cells",,,
IRF1,SYNJ2,leukocytes,"IRF1 IP | IFNA1-13 - K562 cells, 6 h, IRF1 IP - Rep 1, IRF1 IP - Rep 2, IRF1 IP | IFNG - K562 cells, 30 min",,,
IFNA1,SYNJ2,leukocytes,"IRF1 IP | IFNA1-13 - K562 cells, 6 h, JUN IP | IFNA1-13 - 30 min ",,,
JUND,SYNJ2,colon,JUND IP - HCT116 cells,,,
FOSL2,SYNJ2,liver,FOSL2 IP - HepG2 cells,,,
ERG,SYNJ2,prostate,"ERG ChIP-Seq, DHT | ERG ChIP-Seq - 18 h, DHT | ERG ChIP-Seq - 2 h, ERG ChIP-Seq",,,
TEAD4,SYNJ2,stemcells,TEAD4 IP - H1 cells,,,
JUN,SYNJ2,vasculature,"JUN IP, JUN IP - HUVEC cells",,,
STAT5A,SYNJ2,leukocytes,STAT5A IP - K562 cells,,,
ZNF143,SYNJ2,stemcells,ZNF143 IP - H1 cells,,,
TBP,SYNJ2,stemcells,TBP IP - H1 cells,,,
FOXH1,SYNJ2,embryonictissue,FOXH1 IP - endoderm,,,
FOXA2,SYNJ2,lung,FOXA2 IP - A549 cells,,,
EBF1,SYNJ2,adiposetissue,EBF1 IP,,,
CEBPB,SYNJ2,bone,"CEBPB IP, CEBPB IP",,,
USF2,SYNJ2,stemcells,USF2 IP - H1 cells,,,
SRF,SYNJ2,leukocytes,"SRF IP - K562 cells, SRF IP - SK-N-SH cells, SRF IP - GM12878 cells, Rep 2",,,
MAX,SYNJ2,uterus,"MAX IP - HeLa cells, Rep 2, MAX IP - ECC1 cells, MAX IP - HeLa cells, Rep 1",,,
CREB1,SYNJ2,stemcells,CREB1 IP - H1 cells,,,
MAZ,SYNJ2,lung,MAZ IP - IMR cells,,,
FOXP1,SYNJ2,prostate,DHT | FOXP1 ChIP-Seq,,,
HEY1,SYNJ2,liver,HEY1 IP - HepG2 cells,,,
CTCF,SYNJ2,bone,"CTCF IP, CTCF IP - Osteoblasts ",,,
ELF1,SYNJ2,leukocytes,ELF1 IP - SK-N-SH cells,,,
MAFK,SYNJ2,lung,MAFK IP - IMR cells,,,
EBF1,SYNJ2,leukocytes,"EBF1 IP - GM12878 cells, EBF1 IP - GM12878 cells",,,
CTCF,SYNJ2,adiposetissue,"CTCF ChIP-Seq - d -2, CTCF ChIP-Seq - d 9, CTCF ChIP-Seq - d 0",,,
ELK1,SYNJ2,leukocytes,"ELK1 IP - K562 cells, ELK1 IP - GM12878 cells",,,
E2F6,SYNJ2,leukocytes,"E2F6 IP - K562 cells, E2F6 IP - K562 cells",,,
YY1,SYNJ2,leukocytes,"YY1 IP - GM12892 cells, Rep 1, YY1 IP - GM12878 cells, YY1 IP - K562 cells, Rep 1, YY1 IP - K562 cells, Rep 2",,,
MAX,SYNJ2,colon,MAX IP - HCT116 cells,,,
TEAD4,SYNJ2,lung,TEAD4 IP - A549 cells,,,
MAX,SYNJ2,leukocytes,"MAX IP - K562 cells, MAX IP - K562 cells, Rep 1, MAX IP - NB4 cells, MAX IP - K562 cells, Rep 2",,,
ERG,SYNJ2,hspcs,ERG IP,,,
ELF3,SYNJ2,pancreas,"ELF3 IP, ELF3 IP, ELF3 IP | KLF5 KO",,,
MAZ,SYNJ2,leukocytes,"MAZ IP - K562 cells, MAZ IP - GM12878 cells",,,
CEBPB,SYNJ2,lung,"CEBPB ChIP-Seq - A549, CEBPB ChIP-Seq - IMR90, CEBPB IP - A549 cells",,,
RELA,SYNJ2,adiposetissue,RELA IP,,,
FOXM1,SYNJ2,mammarygland,"FOXM1 IP | THSP - DS006, FOXM1 IP | THSP - DS008",,,
HOXA4,SYNJ2,colon,HOXA4 IP ,,,
TCF7L2,SYNJ2,hspcs,"TCF7L2 IP - Rep 2, TCF7L2 IP - Rep 1",,,
TP63,SYNJ2,skin,TP63 IP,,,
MEF2C,SYNJ2,leukocytes,MEF2C IP - GM12878 cells,,,
125DVD3,SYNJ2,colon,CEBPB IP | 125DVD3,,,
YY1,SYNJ2,liver,YY1 IP - HepG2 cells,,,
GATA4,SYNJ2,stomach,GATA4 IP - AGS,,,
BHLHE40,SYNJ2,liver,"BHLHE40 IP - SK-N-SH cells, BHLHE40 IP - HepG2 cells",,,
EGR1,SYNJ2,liver,EGR1 IP - MCF7 cells,,,
RUNX1,SYNJ2,hspcs,"RUNX1 IP, RUNX1",,,
CREB1,SYNJ2,liver,"CREB1 IP, CREB1 IP - HepG2 cells, CREB1 IP",,,
SP1,SYNJ2,stemcells,SP1 IP - H1 cells,,,
TBP,SYNJ2,liver,TBP IP - HepG2 cells,,,
TFAP4,SYNJ2,leukocytes,"TFAP4 IP - Rep 2, TFAP4 IP - Rep 1",,,
TCF3,SYNJ2,leukocytes,TCF3 IP - GM12878 cells,,,
TAL1,SYNJ2,leukocytes,"TAL1 IP - K562 cells, TAL1  IP - Rep 2, TAL1 IP - MOLT3",,,
STAT3,SYNJ2,leukocytes,"STAT3 IP - SU-DHL-6, STAT3 IP - SU-DHL-2",,,
GATA3,SYNJ2,mammarygland,"GATA3 IP - T47D cells, GATA3 IP - MCF7 cells",,,
MAFF,SYNJ2,liver,MAFF IP - HepG2 cells,,,
USF1,SYNJ2,cns,"USF1 IP - SK-N-SH cells, USF1 IP | ATRA - SK-N-SH cells",,,
TNF,SYNJ2,mammarygland,"TNF | FOXA1 ChIP-Seq - Rep 1, TNF | FOXA1 ChIP-Seq - Rep 2",,,
SP1,SYNJ2,colon,SP1 IP - HCT116 cells,,,
ZBTB17,SYNJ2,bone,"ZBTB17 IP, ZBTB17 IP",,,
ARNT,SYNJ2,kidney,ARNT IP,,,
MAX,SYNJ2,lung,MAX IP - A549 cells,,,
ATF2,SYNJ2,leukocytes,ATF2 IP - GM12878 cells,,,
GATA2,SYNJ2,prostate,"GATA2 KD  | FOXA1 ChIP-Seq, GATA2 KD + R1881 | FOXA1 ChIP-Seq",,,
TCF12,SYNJ2,stemcells,TCF12 IP - H1 cells,,,
MXI1,SYNJ2,liver,MXI1 IP - HepG2 cells,,,
CTCF,SYNJ2,miscellaneous,"CTCF IP - AG09319 cells, Rep 1 , CTCF IP - AG09319 cells, Rep 2 ",,,
MAZ,SYNJ2,uterus,MAZ IP - HeLa cells,,,
USF1,SYNJ2,stemcells,USF1 IP - H1 cells,,,
NANOG,SYNJ2,stemcells,"NANOG IP - Rep 8 , NANOG IP - H1 cells, NANOG IP - Rep 5 ",,,
MAX,SYNJ2,stemcells,MAX IP - H1 cells,,,
ATF1,SYNJ2,leukocytes,ATF1 IP - K562 cells,,,
GATA2,SYNJ2,hspcs,GATA2 IP,,,
FOXA1,SYNJ2,stemcells,"FOXA1 IP - ES D7, FOXA1 IP - Rep 5 , FOXA1 IP - ES D10, FOXA1 IP - ES D5",,,
CEBPB,SYNJ2,uterus,"CEBPB IP - ECC1 cells, CEBPB ChIP-Seq - HeLaS3",,,
JUND,SYNJ2,vasculature,JUND IP,,,
FOSL1,SYNJ2,colon,FOSL1 IP - HCT116 cells,,,
POU2F2,SYNJ2,leukocytes,POU2F2 IP - GM12878 cells,,,
TNF,SYNJ2,leukocytes,"RELA IP | TNF - GM18951 cells, RELA IP | TNF - GM18505 cells, RELA IP | TNF - GM12891 cells",,,
TAL1,SYNJ2,megakaryocytelineage,"TAL1 IP - CHRF-288-11 cells, Rep 1 , TAL1 IP - CHRF-288-11 cells, Rep 4 ",,,
MYC,SYNJ2,bone,MYC IP,,,
YY1,SYNJ2,uterus,YY1 IP - ECC1 cells,,,
ETS1,SYNJ2,leukocytes,"ETS1 IP - K562 cells, ETS1 IP - GM12878 cells, ETS1 IP",,,
FOXP2,SYNJ2,cns,"FOXP2 IP - PFSK-1 cells, FOXP2 IP - SK cells","23625967,",,
TCF12,SYNJ2,lung,TCF12 IP - A549 cells,,,
ATF3,SYNJ2,lung,ATF3 IP - A549 cells,,,
ZFP42,SYNJ2,stemcells,ZFP42 IP - Rep 3 ,,,
LYL1,SYNJ2,hspcs,LYL1 IP,,,
CREB1,SYNJ2,lung,CREB1 IP | DEX - A549 cells,,,
MYBL2,SYNJ2,liver,MYBL2 IP - HepG2 cells,,,
E2F1,SYNJ2,mammarygland,"E2F1 IP, E2F1 IP - MCF7 cells",,,
SRF,SYNJ2,colon,SRF IP - HCT116 cells,,,
GABPA,SYNJ2,lung,GABPA IP - A549 cells,,,
JUND,SYNJ2,leukocytes,JUND IP - K562 cells,,,
GABPA,SYNJ2,prostate,GABPA IP - Rep 1,,,
SP1,SYNJ2,leukocytes,SP1 IP - GM12878 cells,,,
GATA6,SYNJ2,stomach,GATA6 IP - YCC3,,,
IRF4,SYNJ2,leukocytes,IRF4 IP - GM12878 cells,,,
MXI1,SYNJ2,leukocytes,MXI1 IP - K562 cells,,,
REST,SYNJ2,leukocytes,REST IP - HL60 cells,,,
TCF12,SYNJ2,liver,"TCF12 IP - HepG2 cells, TCF12 IP - MCF7 cells",,,
EGR1,SYNJ2,uterus,EGR1 IP - ECC1 cells,,,
JUN,SYNJ2,colon,JUN IP ,,,
HEY1,SYNJ2,leukocytes,HEY1 IP - K562 cells,,,
CTCF,SYNJ2,skeletalmuscle,"CTCF IP - HSMM cells, Rep 1 , CTCF IP - HSMM cells, Rep 2 ",,,
TBP,SYNJ2,leukocytes,TBP IP - K562 cells,,,
MAZ,SYNJ2,liver,MAZ IP - HepG2 cells,,,
ELF1,SYNJ2,liver,ELF1 IP - HepG2 cells,,,
REST,SYNJ2,lung,REST IP - A549 cells,,,
FOXA2,SYNJ2,liver,FOXA2 IP - HepG2 cells,"19822575,",,
EGR1,SYNJ2,colon,EGR1 IP - HCT116 cells,,,
ELF1,SYNJ2,lung,ELF1 IP - A549 cells,,,
USF1,SYNJ2,liver,USF1 IP - HepG2 cells,,,
CTCF,SYNJ2,esophagus,"CTCF IP - HEEpiC cells, Rep 1 ",,,
BCL3,SYNJ2,leukocytes,BCL3 IP - GM12878 cells,,,
TEAD4,SYNJ2,cns,TEAD4 IP - SK-N-SH cells,,,
CREB1,SYNJ2,uterus,CREB1 IP - ECC1 cells,,,
GTF2B,SYNJ2,uterus,GTF2B IP - Rep 2,,,
USF1,SYNJ2,uterus,USF1 IP - ECC1 cells,,,
CEBPB,SYNJ2,mammarygland,CEBPB IP - MCF7 cells,,,
ZEB1,SYNJ2,liver,ZEB1 IP - HepG2 cells,,,
SP1,SYNJ2,liver,SP1 IP - HepG2 cells,,,
FLI1,SYNJ2,hspcs,FLI1 IP,,,
FORSK,SYNJ2,liver,CEBPB IP | FORSK - HepG2 cells,,,
PBX3,SYNJ2,cns,PBX3 IP - SK-N-SH cells,,,
GABPA,SYNJ2,cns,GABPA IP - SK-N-SH cells,,,
HIF1A,SYNJ2,bone,HIF1A IP,,,
USF1,SYNJ2,colon,USF1 IP - HCT116 cells,,,
GATA2,SYNJ2,leukocytes,GATA2 IP - K562 cells,,,
FOXM1,SYNJ2,cns,FOXM1 IP - SK-N-SH cells,,,
REST,SYNJ2,pancreas,"REST IP - Panc1 cells, Rep 3",,,
GATA2,SYNJ2,vasculature,GATA2 IP - HUVEC cells,"21666600,",,
CPDA,SYNJ2,mammarygland,JUN IP | CPDA,,,
ELF1,SYNJ2,colon,ELF1 IP - HCT116 cells,,,
CTCF,SYNJ2,pancreas,CTCF IP,,,
MYC,SYNJ2,uterus,MYC IP - HeLa cells,,,
SRF,SYNJ2,mammarygland,SRF IP - MCF7 cells,,,
MYC,SYNJ2,liver,MYC IP,,,
ZBTB7A,SYNJ2,liver,ZBTB7A IP - HepG2 cells,,,
ZEB1,SYNJ2,leukocytes,ZEB1 IP - GM12878 cells,,,
PBX3,SYNJ2,lung,PBX3 IP - A549 cells,,,
SMAD1,SYNJ2,hspcs,SMAD1 IP - Rep 2,,,
ROSI,SYNJ2,leukocytes,ROSI | SPI1 ChIP-Seq,,,
SRF,SYNJ2,liver,SRF IP - HepG2 cells,,,
FOS,SYNJ2,vasculature,FOS IP - HUVEC cells,,,
IRF1,SYNJ2,colon,IRF1 IP ,,,
ERG,SYNJ2,leukocytes,"ERG IP - Rep 1, ERG IP - Rep 2",,,
ZBTB7A,SYNJ2,uterus,ZBTB7A IP - ECC1 cells,,,
E2F6,SYNJ2,stemcells,E2F6 IP - H1 cells,,,
OTX2,SYNJ2,stemcells,OTX2 IP - Rep 10 ,,,
YY1,SYNJ2,colon,YY1 IP - HCT116 cells,,,
FOXM1,SYNJ2,uterus,FOXM1 IP - ECC1 cells,,,
E2F6,SYNJ2,lung,E2F6 IP - A549 cells,,,
TP53,SYNJ2,mammarygland,TP53 IP,,,
TEAD4,SYNJ2,uterus,TEAD4 IP - ECC1 cells,,,
SMAD1,SYNJ2,stemcells,SMAD1 IP - Rep 7 ,,,
TCF7L2,SYNJ2,uterus,TCF7L2 IP - HeLa cells,,,
ZNF384,SYNJ2,leukocytes,ZNF384 IP - K562 cells,,,
JUND,SYNJ2,lung,JUND IP - A549 cells,,,
RBPJ,SYNJ2,leukocytes,RBPJ IP | COMPE - wash,,,
COMPE,SYNJ2,leukocytes,RBPJ IP | COMPE - wash,,,
CTCF,TPTE2,leukocytes,"CTCF IP - GM12890 cells, Rep 3 , CTCF IP - GM06986 cells, CTCF IP - GM2610 cells, Rep 3 , CTCF IP - MS1 cells, Rep 1 , CTCF IP - GM12875 cells, Rep 2 , CTCF IP - GM18951 cells, Rep 1 , CTCF IP - F36P cells, Rep 7 , CTCF IP - GM12892 cells, Rep 1 , CTCF IP - K562 cells, Rep 16 , CTCF IP - GM2630 cells, Rep 1 , CTCF IP - K562 cells, Rep 9 , CTCF IP - GM19240 cells, Rep 1 , CTCF IP - K562 cells, CTCF IP - GM12006 cells, Rep 1, CTCF IP - KU812 cells, Rep 1 , CTCF IP - F36P cells, Rep 11 , CTCF IP - MS1 cells, Rep 2 , CTCF IP - GM12815 cells, Rep 2, CTCF IP - GM2630 cells, Rep 3 , CTCF IP - GM11881 cells, CTCF IP - F36P cells, Rep 3 , CTCF IP - GM19239 cells, Rep 2 , CTCF IP - F36P cells, Rep 19 , CTCF IP - GM12828 cells, CTCF IP - GM11894 cells, Rep 2, CTCF IP - GM18505 cells, Rep 1 , CTCF IP - GM12891 cells, Rep 2 , CTCF IP - GM12872 cells, Rep 2 , CTCF IP - GM12005 cells, Rep 1, CTCF IP - GM19239 cells, Rep 1 , CTCF IP - GM12814 cells, Rep 1, CTCF IP - GM12864 cells, Rep 3 , CTCF IP - GM12005 cells, Rep 2, CTCF IP - GM12865 cells, Rep 1 , CTCF IP - GM12868 cells , CTCF IP - GM12873 cells, Rep 1 , CTCF IP - GM19099 cells, Rep 2 , CTCF IP - F36P cells, Rep 17 , CTCF IP - GM12874 cells, Rep 2 , CTCF IP - GM12878 cells , CTCF IP - K562 cells, Rep 14 , CTCF IP - GM19099 cells, Rep 1 , CTCF IP - GM12155 cells, Rep 2, CTCF IP - GM12872 cells, Rep 3 , CTCF IP - K562 cells, Rep 15 , CTCF IP - GM12749 cells, Rep 2, CTCF IP - GM2630 cells, Rep 2 , CTCF IP - GM2588 cells, Rep 2 , CTCF IP - MS1 cells, Rep 3 , CTCF IP - F36P cells, Rep 13 , CTCF IP - HL , CTCF IP - GM12864 cells, Rep 2 , CTCF IP - GM12234 cells, CTCF IP - GM12891 cells, Rep 1 , CTCF IP - MS1 cells, Rep 4 , CTCF IP - CD14+ cells , CTCF IP - GM12874 cells, Rep 1 , CTCF IP - KU812 cells, Rep 5 , CTCF IP - GM12814 cells, Rep 2, CTCF IP - GM2255 cells, Rep 2 , CTCF ChIP-Seq - GM12878, CTCF IP - GM11811 cells, Rep 1, CTCF IP - GM18486 cells, Rep 1 , CTCF IP - GM12006 cells, Rep 2, CTCF IP -  CD20+ cells , CTCF IP - HeLa cells, Rep 2 , CTCF IP - K562 cells, CTCF IP - NB4 cells , CTCF IP - GM12489 cells, Rep 1, CTCF IP - GM12878 cells, Rep 1 , CTCF IP - GM18486 cells, Rep 2 , CTCF IP - GM2610 cells, Rep 1 , CTCF IP - GM12749 cells, Rep 1, CTCF IP - GM12287 cells, Rep 1, CTCF IP - GM2588 cells, Rep 3 , CTCF IP - F36P cells, Rep 14 , CTCF IP - GM18951 cells, Rep 2 , CTCF IP - GM12870 cells , CTCF IP - GM12867 cells , CTCF IP - GM18526 cells, Rep 2 , CTCF IP - GM18505 cells, Rep 2 , CTCF IP - GM12873 cells, Rep 1 , CTCF IP - GM12155 cells, Rep 1, CTCF IP - K562 cells, Rep 13 , CTCF IP - F36P cells, Rep 10 , CTCF IP - GM19193 cells, Rep 1 , CTCF IP, CTCF IP - GM07037 cells, CTCF IP - GM11994 cells, Rep 2, CTCF IP - GM12892 cells, Rep 2 , CTCF IP - GM12875 cells, Rep 1 , CTCF IP - HL-60 cells, Rep 9 , CTCF IP - GM07346 cells, CTCF IP -  DND , CTCF IP - GM12864 cells, Rep 1 , CTCF IP - GM12489 cells, Rep 2, CTCF IP - F36P cells, Rep 2 , CTCF IP - K562 cells, Rep 12 , CTCF IP - GM18526 cells, Rep 1 , CTCF IP - GM12815 cells, Rep 1, CTCF IP - GM06990 cells, Rep 2 , CTCF IP - GM11831 cells, CTCF IP - F36P cells, Rep 15 , CTCF IP - GM12872 cells, CTCF IP - K562 cells, Rep 2 , CTCF IP - GM19193 cells, Rep 2 , CTCF IP - GM12871 cells , CTCF IP - GM12154 cells, Rep 2, CTCF IP - GM12890 cells, Rep 1 , CTCF IP - K562 cells , CTCF IP - GM2588 cells, Rep 1 , CTCF IP - GM12872 cells, Rep 1 , CTCF IP - GM18486 cells, Rep 3 , CTCF IP - GM12878 cells, Rep 2 , CTCF IP - UT-7 cells, Rep 5 , CTCF IP - F36P cells, Rep 9 , CTCF IP - GM06990 cells, Rep 1 , CTCF IP - GM12890 cells, Rep 2 , CTCF IP - GM2255 cells, Rep 1 , CTCF IP - GM12865 cells, Rep 2 , CTCF IP - UT-7 cells, Rep 4 , CTCF IP - GM19238 cells, Rep 1 , CTCF IP - GM12878 cells, Rep 1 , CTCF IP - K562 cells, Rep 1 , CTCF IP - GM11994 cells, Rep 1, CTCF IP - K562 cells, Rep 11 , CTCF IP - HL-60 cells, Rep 3 , CTCF IP - GM12878 cells, Rep 2 , CTCF IP - GM19240 cells, Rep 2 , CTCF IP - UT-7 cells, Rep 3 , CTCF IP - KU812 cells, Rep 17 , CTCF IP - GM10847 cells, Rep 2 , CTCF IP - KU812 cells, Rep 13 , CTCF IP - GM12874 cells, CTCF IP - F36P cells, Rep 6 , CTCF IP - GM12866 cells , CTCF IP - GM12154 cells, Rep 1, CTCF IP - GM11992 cells, Rep 1, CTCF IP - HL-60 cells, Rep 7 , CTCF IP - GM12869 cells , CTCF IP - GM12873 cells, Rep 3 , CTCF IP - F36P cells, Rep 1 , CTCF IP - GM11811 cells, Rep 2, CTCF IP - KU812 cells, Rep 9 , CTCF IP - GM2610 cells, Rep 2 , CTCF IP - U-937 cells, Rep 1 , CTCF IP - GM12801 cells , CTCF IP - GM11992 cells, Rep 2, CTCF IP - GM12865 cells, Rep 3 , CTCF IP - GM2255 cells, Rep 3 , CTCF IP - GM10847 cells, Rep 1 , CTCF IP - GM19238 cells, Rep 2 ",,,
CTCF,TPTE2,adiposetissue,"CTCF ChIP-Seq - d -2, CTCF ChIP-Seq - d 9, CTCF ChIP-Seq - d 0, CTCF ChIP-Seq - d 3",,,
MEF2A,TPTE2,leukocytes,MEF2A IP - GM12878 cells,,,
CTCF,TPTE2,mammarygland,"CTCF IP - HMF cells, Rep 1 , CTCF IP - MCF-7 cells Rep 2 , CTCF IP - T47D cells, CTCF IP - MCF-7 cells, Rep 1 , CTCF IP - HMF cells, Rep 2 , CTCF IP - HMEC cells, Rep 2 , CTCF IP - MCF7 cells, CTCF IP - HMEC cells, Rep 1 , CTCF IP - HMEC cells ",,,
CTCF,TPTE2,vasculature,"CTCF IP - HUVEC cells, Rep 1 , CTCF IP - HBMEC cells, Rep 2 , CTCF IP - AoAFC cells, Rep 2 , CTCF IP - HPAF cells, Rep 2 , CTCF IP - HUVEC cells, Rep 2 , CTCF IP - HPAF cells, Rep 1 , CTCF IP - AoAFC cells, Rep 1 , CTCF IP - HBMEC cells, Rep 1 , CTCF IP - HUVEC cells ",,,
FOXA1,TPTE2,prostate,"FOXA1 ChIP-Seq - LNCaP-abl, FOXA1 ChIP-Seq, DHT | FOXA1 ChIP-Seq - C4- Rep 2B, CON KD + R1881 | FOXA1 ChIP-Seq - Rep 2, GATA2 KD + R1881 | FOXA1 ChIP-Seq, FOXA1 ChIP-Seq - Rep 1, PIAS1 + R1881 | FOXA1 ChIP-Seq - Rep 2, CON KD | FOXA1 ChIP-Seq, FOXA1 ChIP-Seq, PIAS1 + R1881 | FOXA1 ChIP-Seq - Rep 1, AR C562S OE + FOXA1 OE | FOXA1 ChIP-Seq, FOXA1 ChIP-Seq - LNCaP, CREB1 siRNA | FOXA1 ChIP-Seq - Rep 2, CON KD + R1881 | FOXA1 ChIP-Seq, EtOH | FOXA1 ChIP-Seq - Rep 2, R1881 | FOXA1 ChIP-Seq - Rep 1, FOXA1 ChIP-Seq, CON KD | FOXA1 ChIP-Seq, FOXA1 ChIP-Seq, GATA2 KD  | FOXA1 ChIP-Seq, FOXA1 ChIP-Seq - Rep 2, FOXA1 ChIP-Seq - Rep 1, CON KD  | FOXA1 ChIP-Seq, FOXA1 ChIP-Seq - Rep 2, CREB1 siRNA | FOXA1 ChIP-Seq - Rep 1, CON KD + R1881 | FOXA1 ChIP-Seq - Rep 1, FOXA1 KD | FOXA1 ChIP-Seq, CON KD | FOXA1 ChIP-Seq, EtOH | FOXA1 ChIP-Seq - , DHT | FOXA1 ChIP-Seq, R1881 | FOXA1 ChIP-Seq - Rep 2, FOXA1 KD | FOXA1 ChIP-Seq",,,
FOXP1,TPTE2,prostate,"DHT | FOXP1 ChIP-Seq, DHT | FOXP1 ChIP-Seq",,,
DHT,TPTE2,prostate,"DHT | FOXP1 ChIP-Seq, DHT | FOXA1 ChIP-Seq - C4- Rep 2B, DHT | FOXP1 ChIP-Seq, DHT | ERG ChIP-Seq - 2 h, DHT | FOXA1 ChIP-Seq",,,
FOXA1,TPTE2,mammarygland,"FOXA1 IP - T47D, 17BE2 | FOXA1 ChIP-Seq - Rep 2, 17BE2 | FOXA1 ChIP-Seq - Rep 2, DEX | FOXA1 ChIP-Seq - Rep 2, DEX | FOXA1 ChIP-Seq - Rep 2, 17BE2 | FOXA1 ChIP-Seq, 17BE2 + TNF | FOXA1 ChIP-Seq - Rep 1, FOXA1 ChIP-Seq - Rep 2, 17BE2 | FOXA1 ChIP-Seq - Rep 2, FOXA1 ChIP-Seq - Rep 2, 17BE2 | FOXA1 ChIP-Seq - Rep 1, FOXA1 ChIP-Seq - Rep 1, DEX | FOXA1 ChIP-Seq - Rep 1, FOXA1 IP | 17BE2 - MCF-7, 17BE2 | FOXA1 ChIP-Seq - Rep 1, FOXA1 ChIP-Seq - Rep 1, FOXA1 IP | 17BE2 - T47D, 17BE2 | FOXA1 ChIP-Seq - Rep 2, DEX | FOXA1 ChIP-Seq - Rep 2, TNF | FOXA1 ChIP-Seq - Rep 1, FOXA1 ChIP-Seq, 17BE2 | FOXA1 ChIP-Seq - Rep 1, DEX | FOXA1 ChIP-Seq - Rep 1, DHT | FOXA1 ChIP-Seq, DEX | FOXA1 ChIP-Seq - Rep 1, TNF | FOXA1 ChIP-Seq - Rep 2, FOXA1 ChIP-Seq - Rep 2, FOXA1 ChIP-Seq - Rep 1, FOXA1 ChIP-Seq - Rep 1, FOXA1 IP - T47D cells, 17BE2 + TNF | FOXA1 ChIP-Seq - Rep 2, FOXA1 ChIP-Seq - Rep 2, 17BE2 | FOXA1 ChIP-Seq - Rep 1",,,
SPI1,TPTE2,leukocytes,"SPI1 IP - HL-60 cells, Rep 2 , SPI1 IP - HL cells, SPI1 IP - HL-60 cells, Rep 4 , SPI1 IP - U-937 cells, Rep 6 , SPI1 IP - U-937 cells, Rep 4 ",,,
CTCF,TPTE2,cns,"CTCF IP - spinal cord astrocyte cells, Rep 1 , CTCF IP - SK-N-SH cells, Rep 1 , CTCF IP - NHA cells , CTCF IP - spinal cord astrocyte cells, Rep 2 , CTCF IP - SK-N-SH cells , CTCF IP - SK cells, CTCF IP - SK-N-SH cells, Rep 2 , CTCF IP - HCPEpiC cells, Rep 2 , CTCF IP - cerebellar astrocyte cells, Rep 2 , CTCF IP - BE(2)-C cells, Rep 1 , CTCF IP - HCPEpiC cells, Rep 1 , CTCF IP - BE(2)-C cells, Rep 2 ",,,
CTCF,TPTE2,megakaryocytelineage,"CTCF IP - MEG-01 cells, Rep 6 , CTCF IP - MEG-01 cells, Rep 2 , CTCF IP - MEG-01 cells, Rep 10 , CTCF IP - MEG-01 cells, Rep 4 , CTCF IP - CHRF-288-11 cells, Rep 1 , CTCF IP - MEG-01 cells, Rep 8 , CTCF IP - CHRF-288-11 cells, Rep 2 ",,,
17BE2,TPTE2,mammarygland,"17BE2 | FOXA1 ChIP-Seq - Rep 2, 17BE2 | FOXA1 ChIP-Seq - Rep 2, 17BE2 | FOXA1 ChIP-Seq, 17BE2 | FOXA1 ChIP-Seq - Rep 2, 17BE2 | FOXA1 ChIP-Seq - Rep 1, FOXA1 IP | 17BE2 - MCF-7, 17BE2 | FOXA1 ChIP-Seq - Rep 1, FOXA1 IP | 17BE2 - T47D, 17BE2 | FOXA1 ChIP-Seq - Rep 2, 17BE2 | FOXA1 ChIP-Seq - Rep 1, 17BE2 | FOXA1 ChIP-Seq - Rep 1",,,
CTCF,TPTE2,sensory,"CTCF IP - HRPEpiC cells, Rep 2 , CTCF IP - HRPEpiC cells, Rep 1 , CTCF IP - WERI , CTCF IP - WERI-Rb-1- cells, Rep 1 ",,,
CTCF,TPTE2,stemcells,"CTCF IP - Rep 6 , CTCF IP - H1 cells , CTCF IP - H1 cells, CTCF IP - Rep 4 , CTCF IP - Rep 5 , CTCF IP - Rep 7 ",,,
CTCF,TPTE2,kidney,"CTCF IP - HEK293 cells, Rep 2 , CTCF IP - RPTEC cells, Rep 1 , CTCF IP - HEK293 cells, Rep 1 , CTCF IP - RPTEC cells, Rep 2 , CTCF IP - HRE cells, Rep 1 , CTCF IP - HRE cells, Rep 2 ",,,
CTCF,TPTE2,hspcs,"CTCF IP - HEL 92.1.7 cells, Rep 8 , CTCF IP - Erythroid cells, Rep 2, CTCF IP - HEL 92.1.7 cells, Rep 1 , CTCF IP - HEL 92.1.7 cells, Rep 5 , CTCF IP - HEL 92.1.7 cells, Rep 7 , CTCF IP - HSPCs, Rep 2, CTCF IP - HEL 92.1.7 cells, Rep 13 , CTCF IP - HEL 92.1.7 cells, Rep 2 , CTCF IP - HEL 92.1.7 cells, Rep 11 , CTCF IP - Erythroid cells, Rep 1, CTCF IP - HSPCs, Rep 1, CTCF IP - HEL 92.1.7 cells, Rep 14 ",,,
CTCF,TPTE2,skin,"CTCF IP - AG04449 cells, Rep 1 , CTCF IP - AG10803 cells, Rep 2 , CTCF IP - NHDF cells , CTCF IP - HFFC cells, Rep 1 , CTCF IP - HFFC cells, Rep 3 , CTCF IP - NHDF cells, Rep 1 , CTCF IP - HFFC cells, Rep 2 , CTCF IP - NHEK cells, Rep 2 , CTCF IP - BJ cells, Rep 2 , CTCF IP - BJ cells, Rep 1 , CTCF IP - NHEK cells , CTCF IP - AG04449 cells, Rep 2 , CTCF IP - NHDF cells, Rep 2 , CTCF IP - AG10803 cells, Rep 1 , CTCF IP - GM12878 cells, Rep 2 , CTCF IP - AG09309 cells, Rep 1 ",,,
STAT3,TPTE2,leukocytes,"STAT3 IP - U-2932, STAT3 IP - SU-DHL-6, STAT3 IP - SU-DHL-4",,,
CTCF,TPTE2,placenta,"CTCF IP - HVMF cells, Rep 2 , CTCF IP - HVMF cells, Rep 1 ",,,
FOXA1,TPTE2,lung,"FOXA1 IP | DEX - A549 cells, FOXA1 IP - A549 cells",,,
DEX,TPTE2,lung,"FOXA1 IP | DEX - A549 cells, CTCF IP | DEX - A549 cells, CTCF IP | DEX - A549 cells ",,,
R1881,TPTE2,prostate,"CON KD + R1881 | FOXA1 ChIP-Seq - Rep 2, GATA2 KD + R1881 | FOXA1 ChIP-Seq, PIAS1 + R1881 | FOXA1 ChIP-Seq - Rep 2, PIAS1 + R1881 | FOXA1 ChIP-Seq - Rep 1, CON KD + R1881 | FOXA1 ChIP-Seq, R1881 | FOXA1 ChIP-Seq - Rep 1, CON KD + R1881 | FOXA1 ChIP-Seq - Rep 1, R1881 | FOXA1 ChIP-Seq - Rep 2",,,
YY1,TPTE2,stemcells,YY1 IP - H1 cells,,,
CTCF,TPTE2,colon,"CTCF IP - HCT116 cells, Rep 2 , CTCF IP - HCT116 cells, Rep 1 , CTCF IP - Caco-2 cells, Rep 1 , CTCF IP - Rep 1 , CTCF IP - HCT116 cells, CTCF IP - Caco , CTCF IP - Rep 3 , CTCF IP - Rep 2 ",,,
CTCF,TPTE2,lung,"CTCF IP | DEX - A549 cells, CTCF IP - HPF cells, Rep 1 , CTCF IP - WI-38 cells, Rep 1 , CTCF IP - IMR cells, CTCF IP - A549 cells, Rep 2 , CTCF IP - NHLF cells , CTCF IP - AG04450 cells, Rep 2 , CTCF IP - HPF cells, Rep 2 , CTCF IP - AG04450 cells, Rep 1 , CTCF ChIP-Seq - A549, CTCF IP - WI-38 cells, Rep 2 , CTCF IP | DEX - A549 cells , CTCF IP - A549 cells, CTCF IP - A549 cells, Rep 1 , CTCF IP - SAEC cells, Rep 2 , CTCF IP - A549 cells , CTCF IP - NHLF cells , CTCF IP - SAEC cells, Rep 1 ",,,
ELF1,TPTE2,leukocytes,ELF1 IP - SK-N-SH cells,,,
BATF,TPTE2,leukocytes,BATF IP - GM12878 cells,,,
GATA2,TPTE2,prostate,"GATA2 KD + R1881 | FOXA1 ChIP-Seq, GATA2 KD  | FOXA1 ChIP-Seq",,,
DEX,TPTE2,mammarygland,"DEX | FOXA1 ChIP-Seq - Rep 2, DEX | FOXA1 ChIP-Seq - Rep 2, DEX | FOXA1 ChIP-Seq - Rep 1, DEX | FOXA1 ChIP-Seq - Rep 2, DEX | FOXA1 ChIP-Seq - Rep 1, DEX | FOXA1 ChIP-Seq - Rep 1",,,
CTCF,TPTE2,uterus,"CTCF IP - HeLa cells , CTCF IP - HeLa cells, Rep 1 , CTCF IP - ECC1 cells",,,
ZNF263,TPTE2,kidney,ZNF263 IP - HEK293 cells,,,
GATA3,TPTE2,mammarygland,"GATA3 IP - MCF7 cells, GATA3 IP - T47D cells",,,
FOXA1,TPTE2,liver,"FOXA1 IP - HepG2 cells, Rep 1, FOXA1 IP - HepG2 cells, Rep 2",,,
E2F4,TPTE2,leukocytes,E2F4 IP - K562 cells,,,
POU2F2,TPTE2,leukocytes,POU2F2 IP - GM12878 cells,,,
SRF,TPTE2,stemcells,SRF IP - Rep 7 ,,,
ERG,TPTE2,prostate,"ERG ChIP-Seq - tumor, DHT | ERG ChIP-Seq - 2 h",,,
CEBPB,TPTE2,leukocytes,CEBPB IP,,,
PIAS1,TPTE2,prostate,"PIAS1 + R1881 | FOXA1 ChIP-Seq - Rep 2, PIAS1 + R1881 | FOXA1 ChIP-Seq - Rep 1",,,
MAZ,TPTE2,leukocytes,MAZ IP - K562 cells,,,
CTCF,TPTE2,miscellaneous,"CTCF IP - AG09319 cells, Rep 2 , CTCF IP - AG09319 cells, Rep 1 ",,,
TP53,TPTE2,mammarygland,"TP53 IP, TP53 IP | NUTL3 - MCF-7",,,
17BE2; TNF,TPTE2,mammarygland,"17BE2 + TNF | FOXA1 ChIP-Seq - Rep 1, 17BE2 + TNF | FOXA1 ChIP-Seq - Rep 2",,,
CTCF,TPTE2,bone,"CTCF IP - Osteoblasts , CTCF IP",,,
SMAD1,TPTE2,hspcs,SMAD1 IP - Rep 3,,,
TP53,TPTE2,bone,"TP53 pS15 IP - Etopo, TP53 pS15 IP - ActD, TP53 IP - Rep 1",,,
CTCF,TPTE2,heart,"CTCF IP - HCF cells , CTCF IP - myocytes cells, Rep 1 , CTCF IP - myocytes cells, Rep 2 ",,,
TCF7L2,TPTE2,mammarygland,TCF7L2 ChIP-Seq,,,
RUNX1,TPTE2,leukocytes,RUNX1 IP,,,
FOXM1,TPTE2,leukocytes,FOXM1 IP - GM12878 cells,,,
CTCF,TPTE2,skeletalmuscle,"CTCF IP - HSMM cells, Rep 1 , CTCF IP - HSMM cells, Rep 2 ",,,
ZNF143,TPTE2,stemcells,ZNF143 IP - H1 cells,,,
YY1,TPTE2,leukocytes,"YY1 IP - GM12891 cells, YY1 IP - GM12878 cells",,,
ZNF143,TPTE2,leukocytes,"ZNF143 IP - K562 cells, ZNF143 IP - GM12878 cells",,,
REST,TPTE2,leukocytes,"REST IP - GM12878 cells, Rep 2",,,
FOXA2,TPTE2,liver,FOXA2 IP - HepG2 cells,,,
AR,TPTE2,prostate,AR C562S OE + FOXA1 OE | FOXA1 ChIP-Seq,,,
CREB1,TPTE2,prostate,"CREB1 siRNA | FOXA1 ChIP-Seq - Rep 2, CREB1 siRNA | FOXA1 ChIP-Seq - Rep 1",,,
GATA1,TPTE2,leukocytes,GATA1 ChIP-Seq - K562,,,
MYC,TPTE2,leukocytes,"MYC IP - NB4 cells, MYC IP | IFNG - K562 cells, 30 min",,,
CTCF,TPTE2,pancreas,CTCF IP,,,
CTCF,TPTE2,liver,"CTCF IP - HepG2 cells , CTCF IP - HepG2 cells, Rep 1 , CTCF IP - HepG2 cells, Rep 2 , CTCF IP, CTCF IP - SK-N-SH cells",,,
RELA,TPTE2,leukocytes,RELA IP | TNF - GM12891 cells,,,
TNF,TPTE2,leukocytes,RELA IP | TNF - GM12891 cells,,,
FOXA2,TPTE2,lung,FOXA2 IP - A549 cells,,,
YY1,TPTE2,cns,YY1 IP | ATRA - SK-N-SH cells,,,
ATRA,TPTE2,cns,YY1 IP | ATRA - SK-N-SH cells,,,
CEBPB,TPTE2,stemcells,"CEBPB IP, CEBPB IP",,,
ARID3A,TPTE2,liver,ARID3A IP - HepG2 cells,,,
SRF,TPTE2,leukocytes,"SRF IP - GM12878 cells, Rep 2",,,
FOXP2,TPTE2,cns,FOXP2 IP - SK cells,,,
TNF,TPTE2,mammarygland,"TNF | FOXA1 ChIP-Seq - Rep 1, TNF | FOXA1 ChIP-Seq - Rep 2",,,
CTCF,TPTE2,esophagus,"CTCF IP - HEEpiC cells, Rep 1 , CTCF IP - HEEpiC cells, Rep 2 ",,,
MAX,TPTE2,leukocytes,MAX IP - NB4 cells,,,
DHT,TPTE2,mammarygland,"DHT | FOXA1 ChIP-Seq, DHT | MYC ChIP-Seq",,,
IRF4,TPTE2,leukocytes,IRF4 IP - GM12878 cells,,,
CREB1,TPTE2,leukocytes,CREB1 IP - GM12878 cells,,,
IFNG,TPTE2,leukocytes,"MYC IP | IFNG - K562 cells, 30 min",,,
REST,TPTE2,liver,"REST IP - HepG2 cells, Rep 2",,,
MYC,TPTE2,mammarygland,DHT | MYC ChIP-Seq,,,
MEF2C,TPTE2,leukocytes,MEF2C IP - GM12878 cells,,,
GABPA,TPTE2,liver,GABPA IP - HepG2 cells,,,
TFEB,SACM1L,kidney,,,30145926,
SALL4,PTEN,bonemarrow,,,19440552,
KDM5A,PTEN,bonemarrow,,,31374292,
KDM5A,PTEN,blood,,,31374292,
KDM5A,PTEN,leukocytes,,,31374292,
TET1,PTEN,stomach,,,27121319,
KDM5C,PTEN,prostate,,,30921702,
BMI1,PTEN,lung,,,19884659,
FOXO3,PIK3CA,leukocytes,,,,19299143
HIF1A,PIK3CA,vasculature,,,,23060442
RUNX1,PIK3CD,megakaryocytelineage,,,,19638627
AR,PTEN,mammarygland,,,,"23418309,21532617"
EGR1,PTEN,mammarygland,,,,17516844
EGR1,PTEN,bone,,,,20514024
EGR1,PTEN,lung,,,,20959484
EZH2,PTEN,leukocytes,,,,22956625
HES1,PTEN,leukocytes,,,,18414037
MTA1,PTEN,mammarygland,,,,22700976
MXD1,PTEN,fibroblasts,,,,17998413
NFKB1,PTEN,pancreas,,,,19940030
PPARG,PTEN,mammarygland,,,,"11378386,16425225"
PPARG,PTEN,liver,,,,16775433
PPARG,PTEN,uterus,,,,20198337
RBPJ,PTEN,kidney,,,,17245125
RELA,PTEN,pancreas,,,,19940030
SALL4,PTEN,kidney,,,,19440552
SP1,PTEN,cns,,,,22030357
STAT3,PTEN,kidney,,,,22055460
STAT3,PTEN,cns,,,,22055460
STAT3,PTEN,skin,,,,22055460
STAT3,PTEN,liver,,,,22055460
TCF4,PTEN,colon,,,,21132538
TCF4,PTEN,rectum,,,,21132538
TFAP2A,PTEN,colon,,,,18316341
TP53,PTEN,kidney,,,,11545734
TP53,PTEN,cns,,,,11545734
TP53,PTEN,prostate,,,,11545734
GATA2,PIP4K2A,vasculature,,21666600,,
VDR,PIK3C2B,leukocytes,,20736230,,
VDR,PIK3CA,leukocytes,,20736230,,
SMAD4,MTMR2,stemcells,,21741376,,
SMAD4,PIK3CG,stemcells,,21741376,,
SMAD4,PIP4K2B,stemcells,,21741376,,
SMAD4,PIP5K1B,stemcells,,21741376,,
SMAD4,SACM1L,stemcells,,21741376,,
SMAD4,INPP4A,stemcells,,21741376,,
SMAD4,FIG4,stemcells,,21741376,,
SMAD4,INPP4B,stemcells,,21741376,,
TP53,PIK3C2G,skin,,22573176,,
TP53,PIK3C2A,skin,,22573176,,
TP53,PIP5K1A,skin,,22573176,,
TP53,INPP5K,skin,,22573176,,
TP53,PIP5K1B,skin,,22573176,,
TP53,PI4KA,skin,,22573176,,
SPI1,MTMR2,blood,,23127762,,
SPI1,PIK3CD,blood,,23127762,,
SPI1,PIK3CB,blood,,23127762,,
SPI1,TPTE2,blood,,23127762,,
SPI1,INPP4A,blood,,23127762,,
SPI1,FIG4,blood,,23127762,,
HOXB7,SYNJ2,mammarygland,,26014856,,
ZNF217,PIK3CB,mammarygland,,24962896,,
ZNF217,PIK3C2B,mammarygland,,24962896,,
ZNF217,PIP4K2A,mammarygland,,24962896,,
ZNF217,INPP4A,mammarygland,,24962896,,
ZNF217,INPP4B,mammarygland,,24962896,,
MITF,PIK3CD,skin,,21258399,,
MITF,PIK3CB,skin,,21258399,,
MITF,PIK3C2B,skin,,21258399,,
MITF,PIP4K2A,skin,,21258399,,
MITF,PIP5K1A,skin,,21258399,,
MITF,PIP5K1B,skin,,21258399,,
MITF,PIP4K2C,skin,,21258399,,
MITF,SYNJ2,skin,,21258399,,
MITF,FIG4,skin,,21258399,,
MITF,INPP4B,skin,,21258399,,
MITF,PIKFYVE,skin,,21258399,,
MITF,SYNJ1,skin,,21258399,,
MITF,PI4KA,skin,,21258399,,
MITF,PI4KB,skin,,21258399,,
RUNX1,PTEN,skin,,21571218,,
RUNX1,PIK3CD,skin,,21571218,,
RUNX1,PIK3CB,skin,,21571218,,
RUNX1,PIP4K2A,skin,,21571218,,
RUNX1,PIP4K2B,skin,,21571218,,
RUNX1,PIP5K1B,skin,,21571218,,
RUNX1,TPTE2,skin,,21571218,,
RUNX1,SACM1L,skin,,21571218,,
RUNX1,SYNJ2,skin,,21571218,,
RUNX1,INPP4B,skin,,21571218,,
RUNX1,SYNJ1,skin,,21571218,,
RUNX1,PIK3CA,skin,,21571218,,
RUNX1,PI4KA,skin,,21571218,,
POU3F2,PIK3C2G,skin,,20337985,,
POU3F2,PIK3CB,skin,,20337985,,
POU3F2,PIK3C2A,skin,,20337985,,
POU3F2,INPP5K,skin,,20337985,,
POU3F2,INPP4B,skin,,20337985,,
POU3F2,SYNJ1,skin,,20337985,,
FOXA2,PIK3CB,liver,,19822575,,
FOXA2,PIP4K2A,liver,,19822575,,
FOXA2,PIP5K1B,liver,,19822575,,
FOXA2,INPP4B,liver,,19822575,,
TFAP2C,PIK3C2B,mammarygland,,20629094,,
TFAP2C,PIP5K1A,mammarygland,,20629094,,
TFAP2C,SYNJ2,mammarygland,,20629094,,
TFAP2C,INPP4A,mammarygland,,20629094,,
TFAP2C,PI4KB,mammarygland,,20629094,,
NR1H3,PTEN,leukocytes,,23393188,,
NR1H3,PIK3CD,leukocytes,,23393188,,
NR1H3,FIG4,leukocytes,,23393188,,
MYC,MTMR2,stemcells,,19915707,,
MYC,PIK3CD,stemcells,,19915707,,
MYC,PIK3C2A,stemcells,,19915707,,
MYC,PIP5K1B,stemcells,,19915707,,
MYC,INPP4A,stemcells,,19915707,,
MYC,PIKFYVE,stemcells,,19915707,,
DACH1,MTMR2,mammarygland,,20351289,,
DACH1,PTEN,mammarygland,,20351289,,
DACH1,PIP4K2A,mammarygland,,20351289,,
DACH1,INPP5K,mammarygland,,20351289,,
DACH1,SACM1L,mammarygland,,20351289,,
SMAD3,PIK3CG,stemcells,,21741376,,
SMAD3,INPP4A,stemcells,,21741376,,
SMAD3,SYNJ1,stemcells,,21741376,,
RELA,MTMR2,lung,,24523406,,
RELA,PIK3C2B,lung,,24523406,,
RELA,PIK3CA,lung,,24523406,,
AR,FIG4,prostate,,22383394,,
FOXP3,PTEN,leukocytes,,21729870,,
FOXP3,PIP4K2B,leukocytes,,21729870,,
FOXP2,PIP4K2A,cns,,23625967,,
SALL1,PIP4K2C,stemcells,,21062744,,
ATF3,MTMR2,cns,,23680149,,
ATF3,PIP5K1A,cns,,23680149,,
ATF3,SACM1L,cns,,23680149,,
ATF3,SYNJ2,cns,,23680149,,
ATF3,PI4KB,cns,,23680149,,
PPARD,INPP4B,mammarygland,,23208498,,
PPARD,PI4KB,mammarygland,,23208498,,
ELF5,SACM1L,mammarygland,,23300383,,
ELF5,SYNJ2,mammarygland,,23300383,,
ELF5,SYNJ1,mammarygland,,23300383,,
HNF4A,PIK3CD,liver,,19822575,,
HNF4A,PIK3CB,liver,,19822575,,
HNF4A,PIK3C2B,liver,,19822575,,
HNF4A,PIP4K2A,liver,,19822575,,
HNF4A,PIP4K2B,liver,,19822575,,
HNF4A,PIP5K1B,liver,,19822575,,
HNF4A,SYNJ2,liver,,19822575,,
HNF4A,INPP4A,liver,,19822575,,
HNF4A,PIKFYVE,liver,,19822575,,
HNF4A,SYNJ1,liver,,19822575,,
HNF4A,PI4KA,liver,,19822575,,
FLI1,MTMR2,skin,,21571218,,
FLI1,PIK3CD,skin,,21571218,,
FLI1,PIK3CG,skin,,21571218,,
FLI1,PIP4K2B,skin,,21571218,,
FLI1,PIP5K1B,skin,,21571218,,
FLI1,INPP4A,skin,,21571218,,
FLI1,INPP4B,skin,,21571218,,
FLI1,SYNJ1,skin,,21571218,,
FLI1,PIK3CA,skin,,21571218,,
FLI1,PI4KA,skin,,21571218,,
FOXM1,PIK3C2G,mammarygland,,26456572,,
WT1,PTEN,kidney,,25993318,,
WT1,PIP5K1B,kidney,,25993318,,
WT1,SYNJ2,kidney,,25993318,,
WT1,INPP4A,kidney,,25993318,,
WT1,PIKFYVE,kidney,,25993318,,
WT1,SYNJ1,kidney,,25993318,,
SALL4,PTEN,stemcells,,22934838,,
SALL4,PIP4K2A,stemcells,,22934838,,
SALL4,PIP5K1B,stemcells,,22934838,,
E2F4,PTEN,blood,,21247883,,
E2F4,PIK3CD,blood,,21247883,,
E2F4,PIP5K1A,blood,,21247883,,
E2F4,INPP5K,blood,,21247883,,
E2F4,PIP4K2C,blood,,21247883,,
CUX1,PIK3CG,mammarygland,,19635798,,
CUX1,PIP4K2B,mammarygland,,19635798,,
CUX1,SYNJ2,mammarygland,,19635798,,
CUX1,PI4KB,mammarygland,,19635798,,
ELK1,MTMR2,kidney,,19687146,,
ELK1,PIP5K1A,kidney,,19687146,,
ESR2,PIP4K2A,mammarygland,,21235772,,
PBX1,PIP4K2A,ovary,,22567123,,
PBX1,PIP5K1A,ovary,,22567123,,
PBX1,SYNJ1,ovary,,22567123,,
BACH1,INPP5K,mammarygland,,22875853,,
BACH1,SYNJ2,mammarygland,,22875853,,
TFAP2A,PIP4K2B,mammarygland,,17053090,,
TFAP2A,PIP4K2C,mammarygland,,17053090,,
SOX11,SYNJ2,leukocytes,,23321250,,
