TF,TargetGene,Tissue,Experiment,Chea,Signor,Trrust
CTCF,ACER1,leukocytes,"CTCF IP - F36P cells, Rep 15 , CTCF IP - GM12864 cells, Rep 1 , CTCF IP - GM19240 cells, Rep 1 , CTCF IP - GM12891 cells, Rep 1 , CTCF IP - GM2630 cells, Rep 1 , CTCF IP - GM12892 cells, Rep 2 , CTCF IP - GM12875 cells, Rep 1 , CTCF IP - GM19240 cells, Rep 2 , CTCF IP - MS1 cells, Rep 4 , CTCF IP - K562 cells, CTCF IP - F36P cells, Rep 19 , CTCF IP - GM12878 cells, Rep 2 , CTCF ChIP-Seq - GM12878, CTCF IP - GM12868 cells , CTCF IP - GM2588 cells, Rep 3 , CTCF IP - K562 cells, Rep 16 , CTCF IP - K562 cells, Rep 2 , CTCF IP - GM12890 cells, Rep 1 , CTCF IP - GM18486 cells, Rep 3 , CTCF IP - K562 cells, Rep 14 , CTCF IP - GM12869 cells , CTCF IP - GM12864 cells, Rep 3 , CTCF IP - K562 cells , CTCF IP - GM12890 cells, Rep 2 , CTCF IP - K562 cells, Rep 15 , CTCF IP - GM2630 cells, Rep 2 , CTCF IP - K562 cells, Rep 1 , CTCF IP - GM12872 cells, Rep 1 , CTCF IP - GM06990 cells, Rep 1 , CTCF IP - GM2610 cells, Rep 3 , CTCF IP - GM12872 cells, Rep 3 , CTCF IP - GM12892 cells, Rep 1 , CTCF IP - GM12878 cells, Rep 1 , CTCF IP - GM2255 cells, Rep 3 , CTCF IP - MS1 cells, Rep 2 , CTCF IP - K562 cells, CTCF IP - GM12864 cells, Rep 2 , CTCF IP - GM12890 cells, Rep 3 , CTCF IP - GM2630 cells, Rep 3 , CTCF IP - K562 cells, Rep 12 , CTCF IP - MS1 cells, Rep 3 ",,,
TBP,ACER1,uterus,TBP IP - HeLa cells,,,
MAX,ACER1,liver,MAX IP - MCF7 cells,,,
EGR1,ACER1,leukocytes,EGR1 IP - K562 cells,,,
FOXA1,ACER1,mammarygland,"FOXA1 IP - T47D cells, DHT | FOXA1 ChIP-Seq",,,
CEBPB,ACER1,stemcells,"CEBPB IP, CEBPB IP, CEBPB IP, CEBPB IP, CEBPB IP",,,
CTCF,ACER1,lung,"CTCF IP - A549 cells, Rep 2 ",,,
CTCF,ACER1,megakaryocytelineage,"CTCF IP - MEG-01 cells, Rep 10 , CTCF IP - MEG-01 cells, Rep 2 , CTCF IP - MEG-01 cells, Rep 8 , CTCF IP - MEG-01 cells, Rep 4 ",,,
CEBPB,ACER1,uterus,"CEBPB IP - ECC1 cells, CEBPB ChIP-Seq - HeLaS3",,,
CEBPB,ACER1,mammarygland,CEBPB IP - MCF7 cells,,,
CEBPB,ACER1,lung,"CEBPB IP - A549 cells, CEBPB ChIP-Seq - IMR90",,,
CTCF,ACER1,liver,"CTCF IP, CTCF IP - HepG2 cells , CTCF IP - HepG2 cells, Rep 1 , CTCF IP - HepG2 cells, Rep 2 , CTCF IP - SK-N-SH cells",,,
CTCF,ACER1,cns,"CTCF IP - SK-N-SH cells, Rep 1 , CTCF IP - BE(2)-C cells, Rep 1 , CTCF IP - SK-N-SH cells, Rep 2 ",,,
CTCF,ACER1,colon,"CTCF IP - Caco-2 cells, Rep 1 ",,,
MYC,ACER1,mammarygland,DHT | MYC ChIP-Seq,,,
DHT,ACER1,mammarygland,"DHT | MYC ChIP-Seq, DHT | FOXA1 ChIP-Seq",,,
CEBPB,ACER1,liver,"CEBPB ChIP-Seq - HepG2, CEBPB IP | FORSK - HepG2 cells",,,
GATA2,ACER1,prostate,FOXA1 KD | GATA2 ChIP-Seq,,,
FOXA1,ACER1,prostate,FOXA1 KD | GATA2 ChIP-Seq,,,
NFYB,ACER1,leukocytes,NFYB IP - K562 cells,,,
TCF12,ACER1,leukocytes,TCF12 IP - GM12878 cells,,,
YY1,ACER1,leukocytes,"YY1 IP - K562 cells, Rep 1",,,
GATA3,ACER1,mammarygland,"GATA3 IP - T47D cells, GATA3 IP - MCF7 cells",,,
BATF,ACER1,leukocytes,BATF IP - GM12878 cells,,,
CTCF,ACER1,kidney,"CTCF IP - HEK293 cells, Rep 1 ",,,
ZNF143,ACER1,leukocytes,"ZNF143 IP - K562, ZNF143 IP - K562 cells",,,
CTCF,ACER1,stemcells,"CTCF IP - Rep 5 , CTCF IP - Rep 6 ",,,
CEBPB,ACER1,leukocytes,"CEBPB IP - K562 cells, CEBPB IP, CEBPB ChIP-Seq - K562",,,
E2F1,ACER1,mammarygland,E2F1 IP - MCF7 cells,,,
MAX,ACER1,leukocytes,MAX IP - K562 cells,,,
USF1,ACER1,leukocytes,USF1 IP - K562 cells,,,
USF1,ACER1,uterus,USF1 IP - ECC1 cells,,,
USF1,ACER1,liver,USF1 IP - HepG2 cells,,,
USF1,ACER1,colon,USF1 IP - HCT116 cells,,,
EBF1,ACER1,leukocytes,EBF1 IP - GM12878 cells,,,
FORSK,ACER1,liver,CEBPB IP | FORSK - HepG2 cells,,,
ZBTB7A,ACER1,leukocytes,ZBTB7A IP - SK-N-SH cells,,,
ZNF263,ACER1,kidney,ZNF263 IP - HEK293 cells,,,
SRF,ACER1,stemcells,SRF IP - Rep 7 ,,,
YY1,ACER2,cns,"YY1 IP - SK-N-SH cells, YY1 IP | ATRA - SK-N-SH cells",,,
ZBTB7A,ACER2,leukocytes,ZBTB7A IP - SK-N-SH cells,,,
E2F1,ACER2,prostate,"BICALU + HES6OE | E2F1 ChIP-Seq - Rep 4, BICALU | E2F1 ChIP-Seq - Rep 3, HES6 OE | E2F1 ChIP-Seq - Rep 3, E2F1 ChIP-Seq - Rep 2, E2F1 ChIP-Seq - Rep 3, HES6 OE + BICALU | E2F1 ChIP-Seq - Rep 1, HES6 OE | E2F1 ChIP-Seq - Rep 1, E2F1 ChIP-Seq - Rep 4, E2F1 ChIP-Seq - Rep 1, HES6 OE + BICALU | E2F1 ChIP-Seq - Rep 3, BICALU | E2F1 ChIP-Seq - Rep 1, BICALU | E2F1 ChIP-Seq - Rep 2",,,
BICALU,ACER2,prostate,"BICALU + HES6OE | E2F1 ChIP-Seq - Rep 4, BICALU | E2F1 ChIP-Seq - Rep 3, HES6 OE + BICALU | E2F1 ChIP-Seq - Rep 1, HES6 OE + BICALU | E2F1 ChIP-Seq - Rep 3, BICALU | E2F1 ChIP-Seq - Rep 1, BICALU | E2F1 ChIP-Seq - Rep 2",,,
HES6,ACER2,prostate,"BICALU + HES6OE | E2F1 ChIP-Seq - Rep 4, HES6 OE | E2F1 ChIP-Seq - Rep 3, HES6 OE + BICALU | E2F1 ChIP-Seq - Rep 1, HES6 OE | E2F1 ChIP-Seq - Rep 1, HES6 OE + BICALU | E2F1 ChIP-Seq - Rep 3",,,
FOXA1,ACER2,prostate,"PIAS1 + R1881 | FOXA1 ChIP-Seq - Rep 1, FOXA1 siRNA | CREB1 ChIP-Seq - Rep 2, WT AR OE + FOXA1 OE | FOXA1 ChIP-Seq - high FOXA1, CON KD | FOXA1 ChIP-Seq, FOXA1 ChIP-Seq, EtOH | FOXA1 ChIP-Seq - Rep 2, AR C562S OE + FOXA1 OE | FOXA1 ChIP-Seq, CREB1 siRNA | FOXA1 ChIP-Seq - Rep 2, CON KD + R1881 | FOXA1 ChIP-Seq, FOXA1 KD | FOXA1 ChIP-Seq, FOXA1 ChIP-Seq, R1881 | FOXA1 ChIP-Seq - Rep 1, GATA2 KD  | FOXA1 ChIP-Seq, FOXA1 ChIP-Seq, FOXA1 KD | FOXA1 ChIP-Seq - Rep 1, DHT | FOXA1 ChIP-Seq - C4- Rep 2B, FOXA1 ChIP-Seq, FOXA1 ChIP-Seq - Rep 1, CON KD  | FOXA1 ChIP-Seq, DHT | FOXA1 ChIP-Seq, POU2F1 KD + DHT | FOXA1 ChIP-Seq, FOXA1 ChIP-Seq - Rep 1, FOXA1 ChIP-Seq - Rep 2, CON KD | FOXA1 ChIP-Seq, CREB1 siRNA | FOXA1 ChIP-Seq - Rep 1, FOXA1 KD | FOXA1 ChIP-Seq, FOXA1 ChIP-Seq, CON KD + R1881 | FOXA1 ChIP-Seq - Rep 1, FOXA1 KD | FOXA1 ChIP-Seq - Rep 2, EtOH | FOXA1 ChIP-Seq - , FOXA1 siRNA | CREB1 ChIP-Seq - Rep 1, DHT | FOXA1 ChIP-Seq, FOXA1 ChIP-Seq - LNCaP, R1881 | FOXA1 ChIP-Seq - Rep 2, FOXA1 ChIP-Seq - LNCaP-abl, CON KD | FOXA1 ChIP-Seq, FOXA1 KD | GATA2 ChIP-Seq, FOXA1 ChIP-Seq - C4- Rep 2B, DHT | FOXA1 ChIP-Seq, CON KD + R1881 | FOXA1 ChIP-Seq - Rep 2, FOXA1 ChIP-Seq, FOXA1 ChIP-Seq - Rep 2, GATA2 KD + R1881 | FOXA1 ChIP-Seq, PIAS1 + R1881 | FOXA1 ChIP-Seq - Rep 2, DHT | FOXA1 ChIP-Seq",,,
R1881,ACER2,prostate,"PIAS1 + R1881 | FOXA1 ChIP-Seq - Rep 1, CON KD + R1881 | FOXA1 ChIP-Seq, R1881 | FOXA1 ChIP-Seq - Rep 1, CON KD + R1881 | FOXA1 ChIP-Seq - Rep 1, R1881 | FOXA1 ChIP-Seq - Rep 2, GABPA IP | R1881, CON KD + R1881 | FOXA1 ChIP-Seq - Rep 2, GATA2 KD + R1881 | FOXA1 ChIP-Seq, ERG IP | R1881, PIAS1 + R1881 | FOXA1 ChIP-Seq - Rep 2",,,
PIAS1,ACER2,prostate,"PIAS1 + R1881 | FOXA1 ChIP-Seq - Rep 1, PIAS1 + R1881 | FOXA1 ChIP-Seq - Rep 2",,,
TBP,ACER2,leukocytes,"TBP IP - GM12878 cells, TBP IP - K562 cells",,,
CTCF,ACER2,cns,"CTCF IP - HCPEpiC cells, Rep 1 , CTCF IP - HCPEpiC cells, Rep 2 , CTCF IP - SK-N-SH cells , CTCF IP - SK-N-SH cells, Rep 2 , CTCF IP - SK-N-SH cells, Rep 1 , CTCF IP - spinal cord astrocyte cells, Rep 2 , CTCF IP - BE(2)-C cells, Rep 1 , CTCF IP - cerebellar astrocyte cells, Rep 2 ",,,
FOS,ACER2,uterus,FOS IP - HeLa cells,,,
GABPA,ACER2,leukocytes,"GABPA IP - GM12878 cells, Rep 1 , GABPA IP - GM12878 cells, Rep 3 , GABPA IP - GM12878 cells, GABPA IP - HL cells, GABPA IP, GABPA IP - Jurkat, Rep 1, GABPA IP - K562 cells, GABPA IP - GM12878 cells, Rep 2 , GABPA IP - GM12878 cells, Rep 4 , GABPA IP - Jurkat, Rep 2",,,
REST,ACER2,stemcells,"REST IP - H1 cells, Rep 1",,,
CTCF,ACER2,leukocytes,"CTCF IP - GM12890 cells, Rep 1 , CTCF IP - UT-7 cells, Rep 3 , CTCF IP - GM18486 cells, Rep 3 , CTCF IP - K562 cells, Rep 11 , CTCF IP - GM2255 cells, Rep 2 , CTCF IP - MS1 cells, Rep 3 , CTCF IP - GM2588 cells, Rep 1 , CTCF IP - GM2630 cells, Rep 2 , CTCF IP - GM18951 cells, Rep 2 , CTCF IP - GM12869 cells , CTCF IP - GM2588 cells, Rep 2 , CTCF IP - UT-7 cells, Rep 4 , CTCF IP - MS1 cells, Rep 4 , CTCF IP - GM12873 cells, Rep 3 , CTCF IP - GM12891 cells, Rep 1 , CTCF IP - GM10847 cells, Rep 1 , CTCF IP - GM2255 cells, Rep 3 , CTCF IP - GM12865 cells, Rep 1 , CTCF IP - GM19238 cells, Rep 2 , CTCF IP - GM12866 cells , CTCF IP - K562 cells, Rep 14 , CTCF IP - GM06986 cells, CTCF IP - K562 cells, Rep 16 , CTCF IP - F36P cells, Rep 7 , CTCF IP - GM12892 cells, Rep 2 , CTCF IP - GM12873 cells, Rep 1 , CTCF IP - GM2255 cells, Rep 1 , CTCF IP - K562 cells, CTCF IP - GM19239 cells, Rep 1 , CTCF IP - GM12878 cells, Rep 1 , CTCF IP - K562 cells, Rep 15 , CTCF IP - HeLa cells, Rep 2 , CTCF IP - GM2610 cells, Rep 2 , CTCF ChIP-Seq - GM12878, CTCF IP - NB4 cells , CTCF IP - GM12878 cells, Rep 2 , CTCF IP - GM19238 cells, Rep 1 , CTCF IP - GM19240 cells, Rep 2 , CTCF IP - GM12871 cells , CTCF IP - GM2588 cells, Rep 3 , CTCF IP -  DND , CTCF IP, CTCF IP - K562 cells, Rep 12 , CTCF IP - GM18526 cells, Rep 2 , CTCF IP - GM18486 cells, Rep 1 , CTCF IP - MS1 cells, Rep 1 , CTCF IP - GM12892 cells, Rep 1 , CTCF IP - GM2610 cells, Rep 1 , CTCF IP - GM11994 cells, Rep 2, CTCF IP - K562 cells, CTCF IP - MS1 cells, Rep 2 , CTCF IP - GM2630 cells, Rep 3 , CTCF IP - GM12890 cells, Rep 3 , CTCF IP - UT-7 cells, Rep 5 , CTCF IP - GM11831 cells, CTCF IP - GM19239 cells, Rep 2 , CTCF IP - GM12891 cells, Rep 2 , CTCF IP - GM2610 cells, Rep 3 , CTCF IP - UT-7 cells, Rep 6 , CTCF IP - GM12874 cells, Rep 1 , CTCF IP - GM2630 cells, Rep 1 , CTCF IP - K562 cells, Rep 13 , CTCF IP - GM19240 cells, Rep 1 ",,,
GABPA,ACER2,uterus,GABPA IP - HeLa cells,,,
REST,ACER2,cns,"REST IP - U87 cells, REST IP - SK cells, REST IP - SK-N-SH cells, REST IP - PFSK-N-SH cells1 cells, Rep 1, REST IP - PFSK1 cells, Rep 2",,,
CREB1,ACER2,prostate,"FOXA1 siRNA | CREB1 ChIP-Seq - Rep 2, CREB1 siRNA | FOXA1 ChIP-Seq - Rep 2, CREB1 siRNA | FOXA1 ChIP-Seq - Rep 1, FOXA1 siRNA | CREB1 ChIP-Seq - Rep 1, CREB1 ChIP-Seq - LNCaP, CREB1 ChIP-Seq - LNCaP-abl",,,
GABPA,ACER2,liver,"GABPA IP - MCF7 cells, GABPA IP - HepG2 cells, GABPA IP",,,
MAX,ACER2,liver,"MAX IP - HepG2 cells, MAX IP - MCF7 cells",,,
SP1,ACER2,liver,SP1 IP - HepG2 cells,,,
TP53,ACER2,bone,"TP53 IP | NUTL3, TP53 IP | NUTL3 - SJSA-1, TP53 IP | TP53EE/RR OE, TP53 IP | TP53EE OE, TP53 IP | TP53 OE, TP53 IP | TP53RR OE",,,
NUTL3,ACER2,bone,TP53 IP | NUTL3,,,
ERG,ACER2,prostate,"ERG ChIP-Seq, JQI | ERG ChIP-Seq - Rep 1, DMSO | ERG ChIP-Seq - Rep 2, ERG ChIP-Seq, DHT | ERG ChIP-Seq - 18 h, DHT | ERG ChIP-Seq - 2 h, JQI | ERG ChIP-Seq - Rep 2, ERG IP | R1881, DMSO | ERG ChIP-Seq - Rep 1",,,
JUN,ACER2,leukocytes,"JUN IP - K562 cells, Rep 2, JUN IP - K562 cells, Rep 1",,,
CTCF,ACER2,lung,"CTCF IP - SAEC cells, Rep 1 , CTCF IP - A549 cells , CTCF IP - SAEC cells, Rep 2 , CTCF IP - HPF cells, Rep 1 , CTCF IP - AG04450 cells, Rep 1 , CTCF IP - IMR cells, CTCF IP - HPF cells, Rep 2 , CTCF ChIP-Seq - A549, CTCF IP - A549 cells, Rep 2 , CTCF IP - NHLF cells ",,,
GATA4,ACER2,stomach,GATA4 IP - AGS,,,
HOXA4,ACER2,colon,HOXA4 IP ,,,
PBX3,ACER2,lung,PBX3 IP - A549 cells,,,
CEBPB,ACER2,liver,CEBPB ChIP-Seq - HepG2,,,
CTCF,ACER2,sensory,"CTCF IP - WERI-Rb-1- cells, Rep 1 , CTCF IP - WERI ",,,
FOS,ACER2,mammarygland,"FOS IP | 4HT - MCF10A cells, 4 h, FOS IP | 4HT - MCF10A cells, 36 h, FOS IP - MCF10A cells, FOS IP | 4HT - MCF10A cells, 12 h",,,
4HT,ACER2,mammarygland,"FOS IP | 4HT - MCF10A cells, 4 h, FOS IP | 4HT - MCF10A cells, 36 h, E2F4 IP | 4HT - MCF10 cells, STAT3 IP | 4HT - MCF10 cells, 12 h, STAT3 IP | 4HT - MCF10 cells, 36 h, FOS IP | 4HT - MCF10A cells, 12 h",,,
SPI1,ACER2,leukocytes,"SPI1 IP - GM12891 cells, SPI1 IP, SPI1 IP, SPI1 IP, SPI1 IP - HL cells, SPI1 IP, SPI1 IP - U-937 cells, Rep 1 , ROSI | SPI1 ChIP-Seq, SPI1 IP, SPI1 IP - K562 cells, SPI1 IP",,,
ZBTB17,ACER2,bone,"ZBTB17 IP, ZBTB17 IP",,,
RELA,ACER2,colon,RELA IP ,,,
FOXA1,ACER2,mammarygland,"FOXA1 ChIP-Seq - Rep 2, 17BE2 | FOXA1 ChIP-Seq - Rep 2, FOXA1 ChIP-Seq - Rep 2, FOXA1 ChIP-Seq - Rep 1, DEX | FOXA1 ChIP-Seq - Rep 1, FOXA1 ChIP-Seq - Rep 1, 17BE2 | FOXA1 ChIP-Seq - Rep 1, 17BE2 | FOXA1 ChIP-Seq - Rep 2, FOXA1 IP - T47D, 17BE2 | FOXA1 ChIP-Seq - Rep 1, FOXA1 ChIP-Seq, DEX | FOXA1 ChIP-Seq - Rep 1, DHT | FOXA1 ChIP-Seq, DEX | FOXA1 ChIP-Seq - Rep 2, DEX | FOXA1 ChIP-Seq - Rep 1, FOXA1 IP - T47D cells, FOXA1 IP - MCF-7, FOXA1 ChIP-Seq - Rep 1, FOXA1 ChIP-Seq - Rep 2, FOXA1 IP | 17BE2 - MCF-7, 17BE2 | FOXA1 ChIP-Seq - Rep 1, 17BE2 | FOXA1 ChIP-Seq - Rep 2, DEX | FOXA1 ChIP-Seq - Rep 2, 17BE2 | FOXA1 ChIP-Seq, DEX | FOXA1 ChIP-Seq - Rep 2",,,
AR,ACER2,prostate,"WT AR OE + FOXA1 OE | FOXA1 ChIP-Seq - high FOXA1, AR C562S OE + FOXA1 OE | FOXA1 ChIP-Seq",,,
YY1,ACER2,leukocytes,"YY1 IP - GM12891 cells, YY1 IP - K562 cells, Rep 2, YY1 IP - K562 cells, Rep 1, YY1 IP - GM12878 cells",,,
FOS,ACER2,leukocytes,FOS IP - K562 cells,,,
17BE2,ACER2,mammarygland,"17BE2 | FOXA1 ChIP-Seq - Rep 2, 17BE2 | FOXA1 ChIP-Seq - Rep 1, 17BE2 | FOXA1 ChIP-Seq - Rep 2, 17BE2 | FOXA1 ChIP-Seq - Rep 1, FOXA1 IP | 17BE2 - MCF-7, 17BE2 | FOXA1 ChIP-Seq - Rep 1, 17BE2 | FOXA1 ChIP-Seq - Rep 2, 17BE2 | FOXA1 ChIP-Seq",,,
CTCF,ACER2,hspcs,"CTCF IP - HEL 92.1.7 cells, Rep 11 , CTCF IP - HEL 92.1.7 cells, Rep 14 , CTCF IP - HEL 92.1.7 cells, Rep 8 , CTCF IP - Erythroid cells, Rep 2, CTCF IP - HEL 92.1.7 cells, Rep 2 , CTCF IP - Erythroid cells, Rep 1",,,
RUNX1T1,ACER2,leukocytes,RUNX1T1 IP,,,
GATA2,ACER2,prostate,"GATA2 ChIP-Seq, GATA2 KD  | FOXA1 ChIP-Seq, GATA2 ChIP-Seq - Rep 2, FOXA1 KD | GATA2 ChIP-Seq, GATA2 KD + R1881 | FOXA1 ChIP-Seq",,,
TEAD4,ACER2,leukocytes,TEAD4 IP - K562 cells,,,
TCF12,ACER2,leukocytes,TCF12 IP - GM12878 cells,,,
FOXA2,ACER2,stemcells,"FOXA2 IP - ES D10, FOXA2 IP - ES D7, FOXA2 IP - ES D5, FOXA2 IP - ES D2",,,
CEBPB,ACER2,colon,"CEBPB IP, CEBPB IP - HCT116 cells, CEBPB IP | 125DVD3",,,
RELA,ACER2,leukocytes,"RELA IP | TNF - GM18951 cells, RELA IP | TNF - GM12891 cells, RELA IP | BAY082  - IVD Th1 cells, PIA, RELA IP - IVD Th1 cells, PIA",,,
TNF,ACER2,leukocytes,"RELA IP | TNF - GM18951 cells, RELA IP | TNF - GM12891 cells",,,
MYB,ACER2,leukocytes,"MYB IP - MOLT3, MYB IP - Jurkat, Rep 5, MYB IP - Jurkat, Rep 4, MYB IP - Jurkat, Rep 2, MYB IP - Jurkat, Rep 1, MYB IP - Jurkat, Rep 3",,,
CTCF,ACER2,skin,"CTCF IP - NHDF cells, Rep 2 , CTCF IP - AG09309 cells, Rep 1 , CTCF IP - HFFC cells, Rep 3 , CTCF IP - GM12878 cells, Rep 2 , CTCF IP - AG10803 cells, Rep 1 , CTCF IP - NHDF cells , CTCF IP - AG04449 cells, Rep 1 , CTCF IP - AG04449 cells, Rep 2 , CTCF IP - BJ cells, Rep 1 , CTCF IP - BJ cells, Rep 2 ",,,
MAZ,ACER2,liver,MAZ IP - HepG2 cells,,,
CTCF,ACER2,stemcells,"CTCF IP - Rep 1 , CTCF IP - H1 cells",,,
GABPA,ACER2,cns,GABPA IP - SK-N-SH cells,,,
GATA3,ACER2,cns,GATA3 IP - SK-N-SH cells,,,
DEX,ACER2,mammarygland,"DEX | FOXA1 ChIP-Seq - Rep 1, DEX | FOXA1 ChIP-Seq - Rep 1, DEX | FOXA1 ChIP-Seq - Rep 2, DEX | FOXA1 ChIP-Seq - Rep 1, DEX | FOXA1 ChIP-Seq - Rep 2, DEX | FOXA1 ChIP-Seq - Rep 2",,,
GABPA,ACER2,prostate,"GABPA IP - Rep 2, GABPA IP - Rep 1, GABPA IP | R1881",,,
CEBPB,ACER2,leukocytes,"CEBPB IP - K562 cells, CEBPB ChIP-Seq - K562, CEBPB IP - HL-60 cells, Rep 1 ",,,
CTCF,ACER2,kidney,"CTCF IP - HRE cells, Rep 1 , CTCF IP - HRE cells, Rep 2 , CTCF IP - HEK293 cells, Rep 1 , CTCF IP - RPTEC cells, Rep 1 ",,,
GATA3,ACER2,mammarygland,"GATA3 IP - MCF7 cells, GATA3 IP - T47D cells","24758297,",,
FOXM1,ACER2,mammarygland,FOXM1 IP | THSP - DS006,"26456572,",,
GATA1,ACER2,leukocytes,GATA1 ChIP-Seq - SC266,,,
ZNF143,ACER2,leukocytes,"ZNF143 IP - GM12878 cells, ZNF143 IP - K562 cells",,,
MEF2B,ACER2,kidney,"MEF2B IP | MEF2B D83V OE - Rep 2, MEF2B IP | MEF2B OE - Rep 2, MEF2B IP | MEF2B D83V OE - Rep 1",,,
E2F6,ACER2,leukocytes,"E2F6 IP - K562 cells, E2F6 IP - K562 cells",,,
E2F6,ACER2,uterus,E2F6 IP - HeLa cells,,,
GATA2,ACER2,leukocytes,GATA2 IP - K562 cells,,,
JUN,ACER2,uterus,JUN IP - HeLa cells,,,
SP1,ACER2,stemcells,"SP1 IP - H1 cells, SP1 IP - Rep 2 , SP1 IP - Rep 1 ",,,
CREB1,ACER2,lung,CREB1 IP | DEX - A549 cells,,,
DEX,ACER2,lung,"CREB1 IP | DEX - A549 cells, FOXA1 IP | DEX - A549 cells",,,
MAX,ACER2,stemcells,MAX IP - H1 cells,,,
STAT3,ACER2,mammarygland,"STAT3 IP - MCF10A cells, Rep 2, STAT3 IP | 4HT - MCF10 cells, 12 h, STAT3 IP | 4HT - MCF10 cells, 36 h",,,
MYC,ACER2,leukocytes,"MYC IP | IFNG - K562 cells, 6 h, MYC IP | IFNG - K562 cells, 30 min, MYC IP - K562 cells, Rep 1, MYC IP - NB4 cells",,,
IFNG,ACER2,leukocytes,"MYC IP | IFNG - K562 cells, 6 h, MYC IP | IFNG - K562 cells, 30 min, STAT1 IP - Rep 5, STAT1 IP - Rep 4, STAT1 IP - Rep 3, STAT1 IP - Rep 2, IRF1 IP | IFNG - K562 cells, 6 h, IRF1 IP | IFNG - K562 cells, 30 min",,,
CREB1,ACER2,liver,"CREB1 IP, CREB1 IP - HepG2 cells, CREB1 IP",,,
TP63,ACER2,thyroidgland,TP63 IP - TT MTC,,,
TP63,ACER2,skin,"TP63 IP | BANF1 KD, TP63 IP, TP63 IP, TP63 IP",,,
BANF1,ACER2,skin,TP63 IP | BANF1 KD,,,
EBF1,ACER2,leukocytes,"EBF1 IP - GM12878 cells, EBF1 IP - GM12878 cells",,,
STAT3,ACER2,uterus,STAT3 IP - HeLa cells,,,
GATA1,ACER2,hspcs,"GATA1 IP - PBDE cells, Rep 1",,,
E2F6,ACER2,stemcells,E2F6 IP - H1 cells,,,
CTCF,ACER2,megakaryocytelineage,"CTCF IP - MEG-01 cells, Rep 8 , CTCF IP - MEG-01 cells, Rep 4 , CTCF IP - MEG-01 cells, Rep 10 ",,,
ELF1,ACER2,leukocytes,"ELF1 IP - SK-N-SH cells, ELF1 IP - SK-N-SH cells",,,
GATA2,ACER2,vasculature,GATA2 IP - HUVEC cells,,,
MAX,ACER2,colon,MAX IP - HCT116 cells,,,
TAL1,ACER2,colon,TAL1 IP ,,,
MAX,ACER2,leukocytes,"MAX IP - K562 cells, MAX IP - K562 cells, Rep 2, MAX IP - NB4 cells",,,
FOSL2,ACER2,mammarygland,FOSL2 IP - MCF7 cells,,,
KLF11,ACER2,adiposetissue,"KLF11 ChIP-Seq, Rep 1, ROSI (BrAT) | KLF11 ChIP-Seq, Rep 1, ROSI (BrAT) | KLF11 ChIP-Seq, Rep 2, KLF11 ChIP-Seq, Rep 2",,,
SP1,ACER2,colon,SP1 IP - HCT116 cells,,,
CEBPB,ACER2,stemcells,"CEBPB IP, CEBPB IP, CEBPB IP, CEBPB IP, CEBPB IP",,,
MAX,ACER2,uterus,"MAX IP - HeLa cells, Rep 1, MAX IP - ECC1 cells",,,
TP53,ACER2,skin,"TP53 IP, TP53 IP",,,
ATF3,ACER2,colon,ATF3 IP - HCT116 cells,,,
TCF12,ACER2,lung,TCF12 IP - A549 cells,,,
HEY1,ACER2,liver,HEY1 IP - HepG2 cells,,,
ZNF384,ACER2,leukocytes,ZNF384 IP - K562 cells,,,
USF1,ACER2,colon,USF1 IP - HCT116 cells,,,
IRF4,ACER2,leukocytes,"IRF4 IP - GM12878 cells, IRF4 IP",,,
JUND,ACER2,colon,JUND IP - HCT116 cells,,,
RBPJ,ACER2,leukocytes,RBPJ IP | COMPE - wash,,,
COMPE,ACER2,leukocytes,RBPJ IP | COMPE - wash,,,
MAX,ACER2,lung,"MAX IP - A549 cells, MAX IP - A549 cells",,,
CEBPA,ACER2,leukocytes,CEBPA IP,,,
UBTF,ACER2,leukocytes,"UBTF IP - K562 cells, UBTF IP - K562 cells",,,
JUN,ACER2,colon,JUN IP ,,,
MXI1,ACER2,lung,MXI1 IP - IMR cells,,,
ZNF143,ACER2,stemcells,ZNF143 IP - H1 cells,,,
MAFK,ACER2,liver,"MAFK IP - HepG2 cells, Rep 1, MAFK IP - HepG2 cells, Rep 2",,,
HEY1,ACER2,leukocytes,HEY1 IP - K562 cells,,,
TP53,ACER2,leukocytes,TP53 IP - Doxo DNA damage,,,
POU2F2,ACER2,leukocytes,POU2F2 IP - GM12878 cells,,,
CREB1,ACER2,leukocytes,CREB1 IP - GM12878 cells,,,
CTCF,ACER2,colon,CTCF IP - Rep 2 ,,,
KLF5,ACER2,stomach,KLF5 IP - KATOIII,,,
DHT,ACER2,prostate,"DHT | FOXA1 ChIP-Seq - C4- Rep 2B, DHT | FOXA1 ChIP-Seq, POU2F1 KD + DHT | FOXA1 ChIP-Seq, DHT | ERG ChIP-Seq - 18 h, DHT | ERG ChIP-Seq - 2 h, DHT | FOXA1 ChIP-Seq, DHT | RUNX1 ChIP-Seq, DHT | FOXA1 ChIP-Seq, DHT | FOXP1 ChIP-Seq, DHT | FOXA1 ChIP-Seq",,,
EGR1,ACER2,colon,EGR1 IP - HCT116 cells,,,
ROSI,ACER2,adiposetissue,"ROSI (BrAT) | KLF11 ChIP-Seq, Rep 1, ROSI (BrAT) | KLF11 ChIP-Seq, Rep 2",,,
RUNX1,ACER2,hspcs,RUNX1,,,
FOXA1,ACER2,lung,FOXA1 IP | DEX - A549 cells,,,
HMGN3,ACER2,leukocytes,HMGN3 IP - K562 cells,,,
IRF1,ACER2,leukocytes,"IRF1 IP | IFNA1-13 - K562 cells, 6 h, IRF1 IP | IFNG - K562 cells, 6 h, IRF1 IP | IFNG - K562 cells, 30 min",,,
IFNA1,ACER2,leukocytes,"IRF1 IP | IFNA1-13 - K562 cells, 6 h",,,
CTCF,ACER2,vasculature,"CTCF IP - HBMEC cells, Rep 1 , CTCF IP - HUVEC cells , CTCF IP - HUVEC cells, Rep 2 , CTCF IP - HPAF cells, Rep 1 , CTCF IP - HUVEC cells, Rep 1 , CTCF IP - HPAF cells, Rep 2 ",,,
JQ1,ACER2,prostate,"JQI | ERG ChIP-Seq - Rep 1, JQI | ERG ChIP-Seq - Rep 2",,,
KLF5,ACER2,pancreas,KLF5 IP,,,
MYC,ACER2,mammarygland,"DHT | MYC ChIP-Seq, MYC IP - MCF-10A cells",,,
DHT,ACER2,mammarygland,"DHT | MYC ChIP-Seq, DHT | FOXA1 ChIP-Seq",,,
CTCF,ACER2,mammarygland,"CTCF IP - HMEC cells, Rep 1 , CTCF IP - HMEC cells, Rep 2 ",,,
USF1,ACER2,cns,USF1 IP | ATRA - SK-N-SH cells,,,
ATRA,ACER2,cns,"USF1 IP | ATRA - SK-N-SH cells, YY1 IP | ATRA - SK-N-SH cells",,,
HOXA6,ACER2,colon,HOXA6 IP ,,,
YY1,ACER2,colon,YY1 IP - HCT116 cells,,,
FOSL1,ACER2,leukocytes,FOSL1 IP - K562 cells,,,
PBX3,ACER2,cns,PBX3 IP - SK-N-SH cells,,,
ELF1,ACER2,colon,ELF1 IP - HCT116 cells,,,
SMAD1,ACER2,hspcs,SMAD1 IP - Rep 3,,,
JUND,ACER2,vasculature,JUND IP,,,
POU2F1,ACER2,prostate,POU2F1 KD + DHT | FOXA1 ChIP-Seq,,,
SP1,ACER2,leukocytes,"SP1 IP - GM12878 cells, SP1 IP - K562 cells",,,
STAT1,ACER2,leukocytes,"STAT1 IP - Rep 5, STAT1 IP - Rep 4, STAT1 IP - Rep 3, STAT1 IP - Rep 2",,,
CEBPB,ACER2,mammarygland,CEBPB IP - MCF7 cells,,,
JUN,ACER2,vasculature,JUN IP - HUVEC cells,,,
TCF7L2,ACER2,uterus,TCF7L2 IP - HeLa cells,,,
E2F1,ACER2,uterus,"E2F1 IP - HeLa cells, Rep 2",,,
MAZ,ACER2,lung,MAZ IP - IMR cells,,,
EGR1,ACER2,liver,EGR1 IP - MCF7 cells,,,
NFKB1,ACER2,leukocytes,NFKB1 IP - Rep 2,,,
CTCF,ACER2,miscellaneous,"CTCF IP - AG09319 cells, Rep 1 , CTCF IP - AG09319 cells, Rep 2 ",,,
ETS1,ACER2,leukocytes,"ETS1 IP - GM12878 cells, ETS1 IP, ETS1 IP - K562 cells",,,
REST,ACER2,leukocytes,REST IP - K562 cells,,,
TP73,ACER2,bone,"TP73 IP - alpha isoform, Rep 1, TP73 IP - beta isoform, Rep 1, TP73 IP - beta isoform, Rep 2",,,
E2F4,ACER2,mammarygland,E2F4 IP | 4HT - MCF10 cells,,,
ZNF217,ACER2,mammarygland,ZNF217 IP - MCF7 cells,,,
STAT3,ACER2,leukocytes,STAT3 IP - SU-DHL-6,,,
BAY082,ACER2,leukocytes,"RELA IP | BAY082  - IVD Th1 cells, PIA",,,
JUND,ACER2,leukocytes,JUND IP - K562 cells,,,
STAT1,ACER2,uterus,"STAT1 IP | IFNG - HeLa cells, 30 min",,,
IFNG,ACER2,uterus,"STAT1 IP | IFNG - HeLa cells, 30 min",,,
FOXA2,ACER2,embryonictissue,FOXA2 IP - Rep 2,,,
E2F4,ACER2,leukocytes,E2F4 IP - K562 cells,,,
TBP,ACER2,liver,TBP IP - HepG2 cells,,,
EGR1,ACER2,leukocytes,EGR1 IP - K562 cells,,,
125DVD3,ACER2,colon,CEBPB IP | 125DVD3,,,
CTCF,ACER2,liver,CTCF IP - SK-N-SH cells,,,
JUND,ACER2,uterus,JUND IP - HeLa cells,,,
MAZ,ACER2,leukocytes,"MAZ IP - K562 cells, MAZ IP - GM12878 cells",,,
E2F6,ACER2,lung,E2F6 IP - A549 cells,,,
SRF,ACER2,leukocytes,SRF IP - SK-N-SH cells,,,
MAX,ACER2,cns,MAX IP - SK-N-SH cells,,,
TBP,ACER2,stemcells,TBP IP - H1 cells,,,
MYC,ACER2,stemcells,MYC IP - Rep 2 ,,,
MXI1,ACER2,liver,MXI1 IP - HepG2 cells,,,
TP63,ACER2,lung,TP63 IP - HCC95,,,
TP53,ACER2,stemcells,TP53 IP - DNA damage,,,
E2F1,ACER2,mammarygland,"E2F1 IP, E2F1 IP - MCF7 cells",,,
E2F3,ACER2,colon,E2F3 IP ,,,
ROSI,ACER2,leukocytes,ROSI | SPI1 ChIP-Seq,,,
FOXA1,ACER2,stemcells,FOXA1 IP - ES D7,,,
MTA3,ACER2,leukocytes,MTA3 IP - GM12878 cells,,,
CTCF,ACER2,bone,CTCF IP - Osteoblasts ,,,
CEBPB,ACER2,lung,"CEBPB ChIP-Seq - A549, CEBPB ChIP-Seq - IMR90",,,
JUND,ACER2,liver,JUND IP - HepG2 cells,,,
YY1,ACER2,stemcells,YY1 IP - H1 cells,,,
TCF3,ACER2,leukocytes,TCF3 IP - GM12878 cells,,,
IRF1,ACER2,colon,IRF1 IP ,,,
CTCF,ACER2,uterus,"CTCF IP - HeLa cells, Rep 1 ",,,
PAX5,ACER2,leukocytes,"PAX5 IP - GM12878 cells, Rep 2, PAX5 IP - GM12892 cells",,,
EGR1,ACER2,uterus,EGR1 IP - ECC1 cells,,,
MYBL2,ACER2,liver,MYBL2 IP - HepG2 cells,,,
GABPA,ACER2,stemcells,GABPA IP - H1 cells,,,
ATF3,ACER2,leukocytes,ATF3 IP - K562 cells,,,
CTCF,ACER2,skeletalmuscle,"CTCF IP - HSMM cells, Rep 1 , CTCF IP - HSMM cells, Rep 2 ",,,
TEAD4,ACER2,colon,TEAD4 IP - HCT116 cells,,,
BACH1,ACER2,stemcells,BACH1 IP - H1 cells,,,
TP53,ACER2,lung,"TP53 IP - propapoptic, Rep 1",,,
GTF2B,ACER2,uterus,GTF2B IP - Rep 2,,,
ATF2,ACER2,colon,ATF2 IP ,,,
RUNX1,ACER2,prostate,DHT | RUNX1 ChIP-Seq,,,
MAFK,ACER2,lung,MAFK IP - IMR cells,,,
REST,ACER2,liver,"REST IP - HepG2 cells, Rep 1",,,
ATF2,ACER2,leukocytes,ATF2 IP - GM12878 cells,,,
CTCF,ACER2,heart,"CTCF IP - myocytes cells, Rep 1 , CTCF IP - HCF cells ",,,
SP1,ACER2,lung,SP1 IP - A549 cells,,,
MXI1,ACER2,cns,MXI1 IP - SK-N-SH cells ,,,
TCF12,ACER2,cns,TCF12 IP - SK-N-SH cells,,,
FOXP1,ACER2,prostate,DHT | FOXP1 ChIP-Seq,,,
ZBTB7A,ACER2,uterus,ZBTB7A IP - ECC1 cells,,,
GATA2,ACER2,hspcs,GATA2 IP,,,
TP53,ACER2,mammarygland,"TP53 IP, TP53 IP | NUTL3 - MCF-7",,,
TCF12,ACER2,uterus,TCF12 IP - ECC1 cells,,,
ZBTB7A,ACER2,liver,ZBTB7A IP - HepG2 cells,,,
JUND,ACER2,stemcells,JUND IP - H1 cells,,,
TBP,ACER2,uterus,TBP IP - HeLa cells,,,
CREB1,ACER2,stemcells,CREB1 IP - H1 cells,,,
ASCL1,ACER2,skin,ASCL1 IP - NHDF,,,
MXI1,ACER2,leukocytes,MXI1 IP - GM12878 cells,,,
SRF,ACER2,colon,SRF IP - HCT116 cells,,,
CEBPB,ACER2,uterus,CEBPB ChIP-Seq - HeLaS3,,,
ZEB1,ACER2,liver,ZEB1 IP - HepG2 cells,,,
YY1,ACER2,liver,YY1 IP - HepG2 cells,,,
RUNX1,ACER2,leukocytes,RUNX1 IP,,,
MAZ,ACER2,uterus,MAZ IP - HeLa cells,,,
JUND,ACER2,lung,JUND IP - A549 cells,,,
TCF12,ACER2,liver,TCF12 IP - MCF7 cells,,,
STAT5A,ACER2,leukocytes,STAT5A IP - GM12878 cells,,,
FOSL1,ACER2,colon,FOSL1 IP - HCT116 cells,,,
GABPA,ACER2,lung,GABPA IP - A549 cells,,,
CTCF,ACER3,kidney,"CTCF IP - HEK293 cells, Rep 2 , CTCF IP - RPTEC cells, Rep 1 , CTCF IP - HEK293 cells, Rep 1 , CTCF IP - HRE cells, Rep 1 , CTCF IP - HRE cells, Rep 2 ",,,
CTCF,ACER3,leukocytes,"CTCF IP - MS1 cells, Rep 1 , CTCF IP - GM2610 cells, Rep 3 , CTCF IP - GM12874 cells, Rep 2 , CTCF IP - GM06986 cells, CTCF IP - K562 cells, Rep 16 , CTCF IP - F36P cells, Rep 7 , CTCF IP - GM2610 cells, Rep 1 , CTCF IP - GM12892 cells, Rep 1 , CTCF IP - MS1 cells, Rep 2 , CTCF IP - F36P cells, Rep 3 , CTCF IP - GM2630 cells, Rep 3 , CTCF IP - GM12890 cells, Rep 3 , CTCF IP - GM12891 cells, Rep 2 , CTCF IP - GM19239 cells, Rep 2 , CTCF IP - GM2630 cells, Rep 1 , CTCF IP - GM19240 cells, Rep 1 , CTCF IP - GM12873 cells, Rep 1 , CTCF IP - K562 cells, Rep 14 , CTCF IP - MS1 cells, Rep 3 , CTCF IP - GM2630 cells, Rep 2 , CTCF IP - K562 cells, Rep 15 , CTCF IP - GM12864 cells, Rep 2 , CTCF IP - GM2588 cells, Rep 2 , CTCF IP - MS1 cells, Rep 4 , CTCF IP - GM2255 cells, Rep 2 , CTCF IP - GM18486 cells, Rep 1 , CTCF IP - HeLa cells, Rep 2 , CTCF IP - K562 cells, CTCF IP - GM12891 cells, Rep 1 , CTCF IP - GM12873 cells, Rep 1 , CTCF IP - GM2588 cells, Rep 3 , CTCF IP - UT-7 cells, Rep 6 , CTCF IP - K562 cells, Rep 13 , CTCF IP -  DND , CTCF IP, CTCF IP - K562 cells, Rep 12 , CTCF IP - GM12874 cells, Rep 1 , CTCF IP - GM06990 cells, Rep 2 , CTCF IP - GM12892 cells, Rep 2 , CTCF IP - GM12871 cells , CTCF IP - GM11994 cells, Rep 2, CTCF IP - GM12872 cells, Rep 1 , CTCF IP - GM12890 cells, Rep 1 , CTCF IP - GM18486 cells, Rep 3 , CTCF IP - UT-7 cells, Rep 5 , CTCF IP - GM2588 cells, Rep 1 , CTCF IP - GM06990 cells, Rep 1 , CTCF IP - UT-7 cells, Rep 4 , CTCF IP - GM12890 cells, Rep 2 , CTCF IP - GM12865 cells, Rep 2 , CTCF IP - GM12878 cells, Rep 1 , CTCF IP - GM19238 cells, Rep 1 , CTCF IP - GM19239 cells, Rep 1 , CTCF IP - UT-7 cells, Rep 3 , CTCF IP - GM12878 cells, Rep 2 , CTCF IP - GM10847 cells, Rep 2 , CTCF IP - GM12866 cells , CTCF IP - GM2610 cells, Rep 2 , CTCF IP - GM12875 cells, Rep 1 , CTCF IP - GM19240 cells, Rep 2 , CTCF IP - GM2255 cells, Rep 3 , CTCF IP - GM19238 cells, Rep 2 ",,,
CTCF,ACER3,megakaryocytelineage,"CTCF IP - MEG-01 cells, Rep 6 , CTCF IP - MEG-01 cells, Rep 2 , CTCF IP - MEG-01 cells, Rep 10 , CTCF IP - MEG-01 cells, Rep 4 , CTCF IP - MEG-01 cells, Rep 8 ",,,
CTCF,ACER3,mammarygland,"CTCF IP - HMF cells, Rep 1 , CTCF IP - MCF-7 cells, Rep 1 , CTCF IP - HMF cells, Rep 2 , CTCF IP - HMEC cells, Rep 2 , CTCF IP - MCF7 cells, CTCF IP - HMEC cells, Rep 1 ",,,
CEBPB,ACER3,leukocytes,"CEBPB IP, CEBPB IP | oxLDL  - Rep 205, CEBPB IP, CEBPB IP - Rep 204, CEBPB IP | oxLDL  - Rep 208, CEBPB IP - Rep 203, CEBPB IP - HL-60 cells, Rep 2 ",,,
CTCF,ACER3,cns,"CTCF IP - spinal cord astrocyte cells, Rep 1 , CTCF IP - SK-N-SH cells, Rep 1 , CTCF IP - spinal cord astrocyte cells, Rep 2 , CTCF IP - SK-N-SH cells , CTCF IP - SK cells, CTCF IP - HCPEpiC cells, Rep 2 , CTCF IP - cerebellar astrocyte cells, Rep 1 , CTCF IP - SK-N-SH cells, Rep 2 , CTCF IP - cerebellar astrocyte cells, Rep 2 , CTCF IP - HCPEpiC cells, Rep 1 ",,,
MAX,ACER3,stemcells,MAX IP - H1 cells,,,
YY1,ACER3,lung,YY1 IP - A549 cells,,,
MAX,ACER3,lung,MAX IP - A549 cells,,,
CTCF,ACER3,vasculature,"CTCF IP - HUVEC cells, Rep 1 , CTCF IP - HBMEC cells, Rep 2 , CTCF IP - AoAFC cells, Rep 2 , CTCF IP - HPAF cells, Rep 2 , CTCF IP - HPAF cells, Rep 1 , CTCF IP - HUVEC cells, Rep 2 , CTCF IP - AoAFC cells, Rep 1 , CTCF IP - HBMEC cells, Rep 1 , CTCF IP - HUVEC cells ",,,
BATF,ACER3,leukocytes,BATF IP - GM12878 cells,,,
CTCF,ACER3,hspcs,"CTCF IP - Erythroid cells, Rep 2, CTCF IP - HEL 92.1.7 cells, Rep 5 , CTCF IP - HEL 92.1.7 cells, Rep 2 , CTCF IP - HEL 92.1.7 cells, Rep 14 ",,,
STAT3,ACER3,leukocytes,"STAT3 IP - SU-DHL-6, STAT3 IP - OCI-LY10",,,
CTCF,ACER3,sensory,"CTCF IP - HRPEpiC cells, Rep 2 , CTCF IP - HRPEpiC cells, Rep 1 , CTCF IP - WERI-Rb-1- cells, Rep 1 ",,,
TCF7L2,ACER3,mammarygland,TCF7L2 ChIP-Seq,,,
YY1,ACER3,leukocytes,"YY1 IP - GM12878 cells, YY1 IP - GM12892 cells, Rep 1, YY1 IP - K562 cells, Rep 1, YY1 IP - K562 cells, Rep 2, YY1 IP - GM12891 cells, YY1 IP - GM12878 cells",,,
CTCF,ACER3,stemcells,"CTCF IP - Rep 6 , CTCF IP - H1 cells , CTCF IP - Rep 5 , CTCF IP - H1 cells",,,
HNF1B,ACER3,pancreas,HNF1B IP,,,
STAT3,ACER3,mammarygland,"STAT3 IP | 4HT - MCF10 cells, 12 h, STAT3 IP | 4HT - MCF10 cells, 36 h, STAT3 IP - MCF10A cells, Rep 2",,,
4HT,ACER3,mammarygland,"STAT3 IP | 4HT - MCF10 cells, 12 h, STAT3 IP | 4HT - MCF10 cells, 36 h, FOS IP | 4HT - MCF10A cells, 12 h, FOS IP | 4HT - MCF10A cells, 4 h",,,
CTCF,ACER3,placenta,"CTCF IP - HVMF cells, Rep 2 , CTCF IP - HVMF cells, Rep 1 ",,,
FOXA1,ACER3,mammarygland,"DEX | FOXA1 ChIP-Seq - Rep 1, DHT | FOXA1 ChIP-Seq, DEX | FOXA1 ChIP-Seq - Rep 2, FOXA1 ChIP-Seq - Rep 2, FOXA1 ChIP-Seq - Rep 1, FOXA1 IP - T47D, 17BE2 | FOXA1 ChIP-Seq - Rep 2, FOXA1 IP - T47D cells",,,
DEX,ACER3,mammarygland,"DEX | FOXA1 ChIP-Seq - Rep 1, DEX | FOXA1 ChIP-Seq - Rep 2",,,
HOXA6,ACER3,colon,HOXA6 IP ,,,
CTCF,ACER3,adiposetissue,"CTCF ChIP-Seq - d -2, CTCF ChIP-Seq - d 0",,,
GATA1,ACER3,hspcs,"GATA1 IP - PBDE cells, Rep 1",,,
GABPA,ACER3,prostate,GABPA IP - Rep 1,,,
CEBPB,ACER3,stemcells,"CEBPB IP, CEBPB IP, CEBPB IP, CEBPB IP",,,
CEBPB,ACER3,lung,CEBPB ChIP-Seq - IMR90,,,
CTCF,ACER3,skin,"CTCF IP - AG04449 cells, Rep 1 , CTCF IP - AG10803 cells, Rep 2 , CTCF IP - HFFC cells, Rep 1 , CTCF IP - NHDF cells , CTCF IP - HFFC cells, Rep 3 , CTCF IP - NHDF cells, Rep 1 , CTCF IP - NHEK cells, Rep 2 , CTCF IP - BJ cells, Rep 2 , CTCF IP - BJ cells, Rep 1 , CTCF IP - NHEK cells , CTCF IP - AG04449 cells, Rep 2 , CTCF IP - NHDF cells, Rep 2 , CTCF IP - GM12878 cells, Rep 2 , CTCF IP - AG10803 cells, Rep 1 , CTCF IP - AG09309 cells, Rep 1 ",,,
ERG,ACER3,prostate,"DHT | ERG ChIP-Seq - 18 h, ERG ChIP-Seq, ERG ChIP-Seq",,,
DHT,ACER3,prostate,"DHT | ERG ChIP-Seq - 18 h, DHT | FOXA1 ChIP-Seq",,,
E2F1,ACER3,prostate,"BICALU + HES6OE | E2F1 ChIP-Seq - Rep 4, BICALU | E2F1 ChIP-Seq - Rep 3, HES6 OE | E2F1 ChIP-Seq - Rep 2, HES6 OE | E2F1 ChIP-Seq - Rep 3, E2F1 ChIP-Seq - Rep 2, E2F1 ChIP-Seq - Rep 3, HES6 OE | E2F1 ChIP-Seq - Rep 1, HES6 OE + BICALU | E2F1 ChIP-Seq - Rep 1, E2F1 ChIP-Seq - Rep 4, BICALU + HES6 OE | E2F1 ChIP-Seq - Rep 2, E2F1 ChIP-Seq - Rep 1, HES6 OE + BICALU | E2F1 ChIP-Seq - Rep 3, HES6 OE | E2F1 ChIP-Seq - Rep 4, BICALU | E2F1 ChIP-Seq - Rep 1",,,
BICALU,ACER3,prostate,"BICALU + HES6OE | E2F1 ChIP-Seq - Rep 4, BICALU | E2F1 ChIP-Seq - Rep 3, HES6 OE + BICALU | E2F1 ChIP-Seq - Rep 1, BICALU + HES6 OE | E2F1 ChIP-Seq - Rep 2, HES6 OE + BICALU | E2F1 ChIP-Seq - Rep 3, BICALU | E2F1 ChIP-Seq - Rep 1",,,
HES6,ACER3,prostate,"BICALU + HES6OE | E2F1 ChIP-Seq - Rep 4, HES6 OE | E2F1 ChIP-Seq - Rep 2, HES6 OE | E2F1 ChIP-Seq - Rep 3, HES6 OE | E2F1 ChIP-Seq - Rep 1, HES6 OE + BICALU | E2F1 ChIP-Seq - Rep 1, BICALU + HES6 OE | E2F1 ChIP-Seq - Rep 2, HES6 OE + BICALU | E2F1 ChIP-Seq - Rep 3, HES6 OE | E2F1 ChIP-Seq - Rep 4",,,
FOXA1,ACER3,prostate,"AR C562S OE + FOXA1 OE | FOXA1 ChIP-Seq, CREB1 siRNA | FOXA1 ChIP-Seq - Rep 2, CON KD  | FOXA1 ChIP-Seq, R1881 | FOXA1 ChIP-Seq - Rep 1, FOXA1 ChIP-Seq - Rep 1, FOXA1 ChIP-Seq - Rep 2, CREB1 siRNA | FOXA1 ChIP-Seq - Rep 1, CON KD + R1881 | FOXA1 ChIP-Seq - Rep 1, GATA2 KD  | FOXA1 ChIP-Seq, GATA2 KD + R1881 | FOXA1 ChIP-Seq, DHT | FOXA1 ChIP-Seq, FOXA1 siRNA | CREB1 ChIP-Seq - Rep 2, CON KD + R1881 | FOXA1 ChIP-Seq - Rep 2, CON KD + R1881 | FOXA1 ChIP-Seq, PIAS1 + R1881 | FOXA1 ChIP-Seq - Rep 2, FOXA1 ChIP-Seq, PIAS1 + R1881 | FOXA1 ChIP-Seq - Rep 1, WT AR OE + FOXA1 OE | FOXA1 ChIP-Seq - high FOXA1",,,
AR,ACER3,prostate,"AR C562S OE + FOXA1 OE | FOXA1 ChIP-Seq, WT AR OE + FOXA1 OE | FOXA1 ChIP-Seq - high FOXA1",,,
TEAD4,ACER3,uterus,TEAD4 IP - ECC1 cells,,,
CREB1,ACER3,prostate,"CREB1 siRNA | FOXA1 ChIP-Seq - Rep 2, CREB1 ChIP-Seq - LNCaP, CREB1 ChIP-Seq - LNCaP-abl, CREB1 siRNA | FOXA1 ChIP-Seq - Rep 1, CREB1 ChIP-Seq - Rep 2, FOXA1 siRNA | CREB1 ChIP-Seq - Rep 2, CREB1 ChIP-Seq - Rep 1",,,
NFYA,ACER3,uterus,NFYA IP - HeLa cells,,,
SPI1,ACER3,leukocytes,"SPI1 IP - GM12891 cells, SPI1 IP, SPI1 IP - U-937 cells, Rep 4 , SPI1 IP - GM12878 cells, Rep 3 , SPI1 IP - GM12878 cells, Rep 1 , SPI1 IP, SPI1 IP - GM12878 cells, Rep 4 , SPI1 IP, SPI1 IP, SPI1 IP | RUNX1 KD, SPI1 IP, SPI1 IP, SPI1 IP, SPI1 IP, SPI1 IP - U-937 cells, Rep 1 , SPI1 IP - GM12878 cells, SPI1 IP, SPI1 IP - GM12878 cells, Rep 2 , SPI1 IP, SPI1 IP - HL cells",,,
REST,ACER3,stemcells,"REST IP - H1 cells, Rep 1",,,
STAT1,ACER3,uterus,"STAT1 IP | IFNG - HeLa cells, 30 min",,,
IFNG,ACER3,uterus,"STAT1 IP | IFNG - HeLa cells, 30 min",,,
FOXA1,ACER3,liver,"FOXA1 IP - HepG2 cells, Rep 1",,,
ELF1,ACER3,leukocytes,"ELF1 IP - SK-N-SH cells, ELF1 IP - SK-N-SH cells",,,
R1881,ACER3,prostate,"R1881 | FOXA1 ChIP-Seq - Rep 1, CON KD + R1881 | FOXA1 ChIP-Seq - Rep 1, GATA2 KD + R1881 | FOXA1 ChIP-Seq, CON KD + R1881 | FOXA1 ChIP-Seq - Rep 2, CON KD + R1881 | FOXA1 ChIP-Seq, PIAS1 + R1881 | FOXA1 ChIP-Seq - Rep 2, PIAS1 + R1881 | FOXA1 ChIP-Seq - Rep 1",,,
MAZ,ACER3,leukocytes,"MAZ IP - GM12878 cells, MAZ IP - K562 cells",,,
REST,ACER3,lung,REST IP - A549 cells,,,
HMGN3,ACER3,leukocytes,HMGN3 IP - K562 cells,,,
MAZ,ACER3,uterus,MAZ IP - HeLa cells,,,
ZBTB7A,ACER3,leukocytes,ZBTB7A IP - SK-N-SH cells,,,
CTCF,ACER3,lung,"CTCF IP - HPF cells, Rep 1 , CTCF IP - IMR cells, CTCF IP - AG04450 cells, Rep 2 , CTCF IP - HPF cells, Rep 2 , CTCF IP - AG04450 cells, Rep 1 , CTCF ChIP-Seq - A549, CTCF IP | DEX - A549 cells , CTCF IP - NHLF cells , CTCF IP - A549 cells, Rep 2 , CTCF IP - SAEC cells, Rep 2 , CTCF IP - A549 cells , CTCF IP - SAEC cells, Rep 1 ",,,
MAX,ACER3,liver,"MAX IP - HepG2 cells, MAX IP - MCF7 cells",,,
E2F1,ACER3,uterus,"E2F1 IP - HeLa cells, Rep 1, E2F1 IP - HeLa cells, Rep 2",,,
CTCF,ACER3,uterus,"CTCF IP - HeLa cells , CTCF IP - HeLa cells, Rep 1 ",,,
GABPA,ACER3,leukocytes,"GABPA IP - K562 cells, GABPA IP - Jurkat, Rep 2",,,
REST,ACER3,cns,"REST IP - PFSK-N-SH cells1 cells, Rep 1, REST IP - SK cells, REST IP - PFSK1 cells, Rep 2",,,
GATA2,ACER3,cns,GATA2 ChIP-Seq SH-SY5Y,,,
CEBPB,ACER3,uterus,CEBPB ChIP-Seq - HeLaS3,,,
STAT1,ACER3,leukocytes,"STAT1 IP - Rep 5, STAT1 IP - Rep 2, STAT1 IP - Rep 1, STAT1 IP - Rep 4, STAT1 IP - Rep 3",,,
IFNG,ACER3,leukocytes,"STAT1 IP - Rep 5, STAT1 IP - Rep 2, STAT1 IP - Rep 1, STAT1 IP - Rep 4, STAT1 IP - Rep 3, IRF1 IP | IFNG - K562 cells, 6 h, MYC IP | IFNG - K562 cells, 30 min, IRF1 IP - Rep 2, IRF1 IP - Rep 3",,,
TAL1,ACER3,colon,TAL1 IP ,,,
SATB1,ACER3,liver,SATB1 IP,,,
USF1,ACER3,colon,USF1 IP - HCT116 cells,,,
POU2F2,ACER3,leukocytes,POU2F2 IP - GM12878 cells,,,
MAX,ACER3,uterus,"MAX IP - ECC1 cells, MAX IP - HeLa cells, Rep 1",,,
TCF12,ACER3,uterus,TCF12 IP - ECC1 cells,,,
CTCF,ACER3,colon,"CTCF IP - HCT116 cells, Rep 1 , CTCF IP - Caco-2 cells, Rep 1 , CTCF IP - Rep 1 , CTCF IP - Caco , CTCF IP - Rep 2 ",,,
MAFK,ACER3,liver,"MAFK IP - HepG2 cells, Rep 2",,,
PBX3,ACER3,leukocytes,PBX3 IP - GM12878 cells,,,
KLF5,ACER3,stomach,KLF5 IP - KATOIII,,,
RELA,ACER3,leukocytes,"RELA IP | TNF - GM12891 cells, RELA IP | BAY082  - IVD Th1 cells, PIA",,,
TNF,ACER3,leukocytes,RELA IP | TNF - GM12891 cells,,,
EBF1,ACER3,leukocytes,EBF1 IP - GM12878 cells,,,
CREB1,ACER3,lung,CREB1 IP | DEX - A549 cells,,,
DEX,ACER3,lung,"CREB1 IP | DEX - A549 cells, CTCF IP | DEX - A549 cells ",,,
TFAP4,ACER3,leukocytes,"TFAP4 IP - Rep 1, TFAP4 IP - Rep 2",,,
TBP,ACER3,leukocytes,TBP IP - K562 cells,,,
GLI2,ACER3,colon,GLI2 IP ,,,
SMARCC1,ACER3,uterus,SMARCC1 IP - HeLa cells,,,
ELF1,ACER3,cns,ELF1 IP - SK-N-SH cells,,,
IRF1,ACER3,colon,IRF1 IP ,,,
JUND,ACER3,stemcells,JUND IP - H1 cells,,,
SP1,ACER3,stemcells,SP1 IP - H1 cells,,,
CTCF,ACER3,bone,CTCF IP - Osteoblasts ,,,
ZNF263,ACER3,kidney,ZNF263 IP - HEK293 cells,,,
ZNF143,ACER3,leukocytes,ZNF143 IP - GM12878 cells,,,
CTCF,ACER3,miscellaneous,"CTCF IP - AG09319 cells, Rep 2 , CTCF IP - AG09319 cells, Rep 1 ",,,
E2F6,ACER3,leukocytes,E2F6 IP - K562 cells,,,
MYC,ACER3,leukocytes,"MYC IP - NB4 cells, MYC IP - K562 cells, Rep 1, MYC IP | IFNG - K562 cells, 30 min",,,
MAX,ACER3,leukocytes,"MAX IP - NB4 cells, MAX IP - K562 cells, Rep 2, MAX IP - K562 cells",,,
RUNX1,ACER3,leukocytes,SPI1 IP | RUNX1 KD,,,
CTCF,ACER3,heart,"CTCF IP - HCF cells , CTCF IP - myocytes cells, Rep 1 , CTCF IP - myocytes cells, Rep 2 ",,,
CREB1,ACER3,liver,"CREB1 IP - HepG2 cells, CREB1 IP",,,
KLF11,ACER3,adiposetissue,"KLF11 ChIP-Seq, Rep 2, KLF11 ChIP-Seq, Rep 1, ROSI (BrAT) | KLF11 ChIP-Seq, Rep 1, ROSI (BrAT) | KLF11 ChIP-Seq, Rep 2",,,
YY1,ACER3,stemcells,YY1 IP - H1 cells,,,
CEBPB,ACER3,colon,"CEBPB IP, CEBPB IP - HCT116 cells, CEBPB IP | 125DVD3",,,
DHT,ACER3,mammarygland,"DHT | FOXA1 ChIP-Seq, DHT | MYC ChIP-Seq",,,
GABPA,ACER3,cns,GABPA IP - SK-N-SH cells,,,
MXI1,ACER3,lung,MXI1 IP - IMR cells,,,
YY1,ACER3,liver,YY1 IP - HepG2 cells,,,
TP73,ACER3,bone,"TP73 IP - beta isoform, Rep 2, TP73 IP - alpha isoform, Rep 2, TP73 IP - alpha isoform, Rep 1, TP73 IP - beta isoform, Rep 1",,,
RELA,ACER3,adiposetissue,RELA IP,,,
HEY1,ACER3,liver,HEY1 IP - HepG2 cells,,,
TCF7L2,ACER3,hspcs,"TCF7L2 IP - Rep 2, TCF7L2 IP - Rep 1",,,
ATF3,ACER3,leukocytes,ATF3 IP - K562 cells,,,
IRF1,ACER3,leukocytes,"IRF1 IP | IFNG - K562 cells, 6 h, IRF1 IP - Rep 2, IRF1 IP - Rep 3",,,
JUN,ACER3,colon,JUN IP ,,,
TP63,ACER3,skin,TP63 IP,,,
SP1,ACER3,lung,SP1 IP - A549 cells,,,
MYB,ACER3,leukocytes,"MYB IP - Jurkat, Rep 5, MYB IP - Jurkat, Rep 4, MYB IP - Jurkat, Rep 2, MYB IP - Jurkat, Rep 1, MYB IP - Jurkat, Rep 3",,,
CREB1,ACER3,stemcells,CREB1 IP - H1 cells,,,
ZNF263,ACER3,leukocytes,ZNF263 IP - K562 cells,,,
FOS,ACER3,mammarygland,"FOS IP | 4HT - MCF10A cells, 12 h, FOS IP | 4HT - MCF10A cells, 4 h",,,
PBX3,ACER3,cns,PBX3 IP - SK-N-SH cells,,,
TP53,ACER3,mammarygland,TP53 IP | NUTL3 - MCF-7,,,
ELF1,ACER3,lung,ELF1 IP - A549 cells,,,
GATA2,ACER3,prostate,"GATA2 KD  | FOXA1 ChIP-Seq, GATA2 KD + R1881 | FOXA1 ChIP-Seq",,,
MAZ,ACER3,liver,MAZ IP - HepG2 cells,,,
SRF,ACER3,stemcells,SRF IP - Rep 7 ,,,
MAX,ACER3,cns,MAX IP - SK-N-SH cells,,,
ELF1,ACER3,liver,ELF1 IP - HepG2 cells,,,
GTF2B,ACER3,uterus,"GTF2B IP - Rep 3, GTF2B IP - Rep 2",,,
E2F4,ACER3,leukocytes,E2F4 IP - K562 cells,,,
YY1,ACER3,uterus,YY1 IP - ECC1 cells,,,
CTCF,ACER3,skeletalmuscle,"CTCF IP - HSMM cells, Rep 2 ",,,
ZBTB7A,ACER3,uterus,ZBTB7A IP - ECC1 cells,,,
SP1,ACER3,leukocytes,SP1 IP - GM12878 cells,,,
YY1,ACER3,colon,YY1 IP - HCT116 cells,,,
CTCF,ACER3,liver,"CTCF IP - HepG2 cells, Rep 1 ",,,
ELF1,ACER3,mammarygland,ELF1 IP - MCF7 cells,,,
FOXA2,ACER3,embryonictissue,FOXA2 IP - Rep 2,,,
TEAD4,ACER3,cns,TEAD4 IP - SK-N-SH cells,,,
YY1,ACER3,cns,"YY1 IP - SK-N-SH cells, YY1 IP | ATRA - SK-N-SH cells",,,
ZNF83,ACER3,colon,ZNF83 IP ,,,
FOXM1,ACER3,leukocytes,FOXM1 IP - GM12878 cells,,,
MYC,ACER3,mammarygland,"MYC IP - MCF-10A cells, DHT | MYC ChIP-Seq",,,
ETS1,ACER3,leukocytes,"ETS1 IP, ETS1 IP - K562 cells",,,
UBTF,ACER3,leukocytes,UBTF IP - K562 cells,,,
EGR1,ACER3,colon,EGR1 IP - HCT116 cells,,,
TP53,ACER3,lung,"TP53 IP - propapoptic, Rep 1",,,
ELF1,ACER3,colon,ELF1 IP - HCT116 cells,,,
CTCF,ACER3,esophagus,"CTCF IP - HEEpiC cells, Rep 2 , CTCF IP - HEEpiC cells, Rep 1 ",,,
FOS,ACER3,vasculature,FOS IP - HUVEC cells,,,
E2F1,ACER3,mammarygland,"E2F1 IP, E2F1 IP - MCF7 cells",,,
MYC,ACER3,uterus,MYC IP - HeLa cells,,,
ELF3,ACER3,pancreas,ELF3 IP,,,
PAX5,ACER3,leukocytes,PAX5 IP - GM12892 cells,,,
CREB1,ACER3,leukocytes,"CREB1 IP - K562 cells, CREB1 IP - GM12878 cells",,,
MXI1,ACER3,liver,MXI1 IP - HepG2 cells,,,
GATA4,ACER3,stomach,GATA4 IP - AGS,,,
BAY082,ACER3,leukocytes,"RELA IP | BAY082  - IVD Th1 cells, PIA",,,
GATA3,ACER3,mammarygland,GATA3 IP - T47D cells,,,
HEY1,ACER3,leukocytes,HEY1 IP - K562 cells,,,
ROSI,ACER3,adiposetissue,"ROSI (BrAT) | KLF11 ChIP-Seq, Rep 1, ROSI (BrAT) | KLF11 ChIP-Seq, Rep 2",,,
TCF12,ACER3,leukocytes,TCF12 IP - GM12878 cells,,,
HOXA4,ACER3,colon,HOXA4 IP ,,,
IRF4,ACER3,leukocytes,IRF4 IP,,,
ATRA,ACER3,cns,YY1 IP | ATRA - SK-N-SH cells,,,
E2F6,ACER3,uterus,E2F6 IP - HeLa cells,,,
ATF2,ACER3,leukocytes,ATF2 IP - GM12878 cells,,,
TBP,ACER3,stemcells,TBP IP - H1 cells,,,
FOSL1,ACER3,colon,FOSL1 IP - HCT116 cells,,,
MXI1,ACER3,cns,MXI1 IP - SK-N-SH cells ,,,
ATF2,ACER3,colon,ATF2 IP ,,,
SP1,ACER3,colon,SP1 IP - HCT116 cells,,,
FOXM1,ACER3,mammarygland,FOXM1 IP - MCF7 cells,,,
MAZ,ACER3,lung,MAZ IP - IMR cells,,,
MAX,ACER3,colon,MAX IP - HCT116 cells,,,
125DVD3,ACER3,colon,CEBPB IP | 125DVD3,,,
PIAS1,ACER3,prostate,"PIAS1 + R1881 | FOXA1 ChIP-Seq - Rep 2, PIAS1 + R1881 | FOXA1 ChIP-Seq - Rep 1",,,
EGR1,ACER3,leukocytes,EGR1 IP - K562 cells,,,
TEAD4,ACER3,stemcells,TEAD4 IP - H1 cells,,,
JUND,ACER3,colon,JUND IP - HCT116 cells,,,
TBP,ACER3,liver,TBP IP - HepG2 cells,,,
HIF1A,ACER3,bone,HIF1A IP,,,
17BE2,ACER3,mammarygland,17BE2 | FOXA1 ChIP-Seq - Rep 2,,,
CTCF,PLPP1,leukocytes,"CTCF IP - GM19239 cells, Rep 1 , CTCF IP - GM12890 cells, Rep 1 , CTCF IP - GM2255 cells, Rep 2 , CTCF IP - GM18486 cells, Rep 3 , CTCF IP - MS1 cells, Rep 3 , CTCF IP - GM2630 cells, Rep 2 , CTCF IP - GM12878 cells, Rep 1 , CTCF IP - GM12878 cells, Rep 2 , CTCF IP - GM19240 cells, Rep 2 , CTCF IP - MS1 cells, Rep 4 , CTCF IP - GM12891 cells, Rep 1 , CTCF IP - GM12875 cells, Rep 1 , CTCF IP - GM18486 cells, Rep 1 , CTCF IP - GM2588 cells, Rep 2 , CTCF IP - GM19238 cells, Rep 1 , CTCF IP - GM2610 cells, Rep 2 , CTCF ChIP-Seq - GM12878, CTCF IP - GM12871 cells , CTCF IP - GM2255 cells, Rep 3 , CTCF IP - GM2588 cells, Rep 3 , CTCF IP -  DND , CTCF IP - GM19238 cells, Rep 2 , CTCF IP - GM12890 cells, Rep 3 , CTCF IP - MS1 cells, Rep 1 , CTCF IP - GM2630 cells, Rep 1 , CTCF IP - GM12892 cells, Rep 2 , CTCF IP - GM19240 cells, Rep 1 , CTCF IP - GM12874 cells, Rep 1 , CTCF IP - MS1 cells, Rep 2 , CTCF IP - GM2588 cells, Rep 1 , CTCF IP - GM2630 cells, Rep 3 , CTCF IP - GM12891 cells, Rep 2 , CTCF IP - GM11994 cells, Rep 2",,,
JUND,PLPP1,lung,JUND IP - A549 cells,,,
GATA3,PLPP1,lung,GATA3 IP - A549 cells,,,
SRF,PLPP1,leukocytes,"SRF IP - GM12878 cells, Rep 2, SRF IP - SK-N-SH cells",,,
BACH1,PLPP1,stemcells,BACH1 IP - H1 cells,,,
YY1,PLPP1,leukocytes,"YY1 IP - GM12891 cells, YY1 IP - K562 cells, Rep 1, YY1 IP - K562 cells, Rep 2, YY1 IP - GM12878 cells, YY1 IP - GM12892 cells, Rep 1",,,
ATF2,PLPP1,stemcells,ATF2 IP - H1 cells,,,
E2F1,PLPP1,prostate,"E2F1 ChIP-Seq - Rep 1, HES6 OE | E2F1 ChIP-Seq - Rep 3, HES6 OE + BICALU | E2F1 ChIP-Seq - Rep 3, HES6 OE | E2F1 ChIP-Seq - Rep 4, E2F1 ChIP-Seq - Rep 2, E2F1 ChIP-Seq - Rep 3, BICALU | E2F1 ChIP-Seq - Rep 1, HES6 OE | E2F1 ChIP-Seq - Rep 1, HES6 OE + BICALU | E2F1 ChIP-Seq - Rep 1, E2F1 ChIP-Seq - Rep 4, BICALU + HES6OE | E2F1 ChIP-Seq - Rep 4, BICALU | E2F1 ChIP-Seq - Rep 3, HES6 OE | E2F1 ChIP-Seq - Rep 2",,,
YY1,PLPP1,liver,YY1 IP - HepG2 cells,,,
KLF11,PLPP1,adiposetissue,"ROSI (BrAT) | KLF11 ChIP-Seq, Rep 1, KLF11 ChIP-Seq, Rep 1, KLF11 ChIP-Seq, Rep 2, ROSI (BrAT) | KLF11 ChIP-Seq, Rep 2",,,
ROSI,PLPP1,adiposetissue,"ROSI (BrAT) | KLF11 ChIP-Seq, Rep 1, ROSI (BrAT) | KLF11 ChIP-Seq, Rep 2",,,
TCF12,PLPP1,lung,TCF12 IP - A549 cells,,,
FOXA1,PLPP1,mammarygland,"DEX | FOXA1 ChIP-Seq - Rep 1, DHT | FOXA1 ChIP-Seq, 17BE2 | FOXA1 ChIP-Seq - Rep 2, 17BE2 | FOXA1 ChIP-Seq, 17BE2 | FOXA1 ChIP-Seq - Rep 1, 17BE2 + TNF | FOXA1 ChIP-Seq - Rep 2, DEX | FOXA1 ChIP-Seq - Rep 2, FOXA1 ChIP-Seq - Rep 2, FOXA1 ChIP-Seq - Rep 2",,,
DEX,PLPP1,mammarygland,"DEX | FOXA1 ChIP-Seq - Rep 1, DEX | FOXA1 ChIP-Seq - Rep 2",,,
YY1,PLPP1,stemcells,"YY1 IP - NT2 cells, YY1 IP - H1 cells",,,
CREB1,PLPP1,lung,CREB1 IP | DEX - A549 cells,,,
DEX,PLPP1,lung,CREB1 IP | DEX - A549 cells,,,
HES6,PLPP1,prostate,"HES6 OE | E2F1 ChIP-Seq - Rep 3, HES6 OE + BICALU | E2F1 ChIP-Seq - Rep 3, HES6 OE | E2F1 ChIP-Seq - Rep 4, HES6 OE | E2F1 ChIP-Seq - Rep 1, HES6 OE + BICALU | E2F1 ChIP-Seq - Rep 1, BICALU + HES6OE | E2F1 ChIP-Seq - Rep 4, HES6 OE | E2F1 ChIP-Seq - Rep 2",,,
SP1,PLPP1,liver,SP1 IP - HepG2 cells,,,
GATA2,PLPP1,prostate,"GATA2 ChIP-Seq - Rep 2, CON KD + R1881 | GATA2 ChIP-Seq, GATA2 ChIP-Seq",,,
BICALU,PLPP1,prostate,"HES6 OE + BICALU | E2F1 ChIP-Seq - Rep 3, BICALU | E2F1 ChIP-Seq - Rep 1, HES6 OE + BICALU | E2F1 ChIP-Seq - Rep 1, BICALU + HES6OE | E2F1 ChIP-Seq - Rep 4, BICALU | E2F1 ChIP-Seq - Rep 3",,,
ZNF263,PLPP1,kidney,ZNF263 IP - HEK293 cells,,,
IRF1,PLPP1,colon,IRF1 IP ,,,
JUND,PLPP1,stemcells,"JUND IP - H1 cells, JUND IP - H1 cells",,,
CTCF,PLPP1,lung,"CTCF IP - SAEC cells, Rep 1 , CTCF IP - A549 cells ",,,
REST,PLPP1,leukocytes,"REST IP - GM12878 cells, Rep 2",,,
EBF1,PLPP1,leukocytes,EBF1 IP - GM12878 cells,,,
IRF1,PLPP1,leukocytes,"IRF1 IP | IFNA1-13 - K562 cells, 6 h, IRF1 IP | IFNG - K562 cells, 30 min",,,
IFNA1,PLPP1,leukocytes,"IRF1 IP | IFNA1-13 - K562 cells, 6 h",,,
FOXA1,PLPP1,prostate,"PIAS1 + R1881 | FOXA1 ChIP-Seq - Rep 2, FOXA1 ChIP-Seq - Rep 1, PIAS1 + R1881 | FOXA1 ChIP-Seq - Rep 1, FOXA1 ChIP-Seq - Rep 2, CREB1 siRNA | FOXA1 ChIP-Seq - Rep 1, WT AR OE + FOXA1 OE | FOXA1 ChIP-Seq, CON KD + R1881 | FOXA1 ChIP-Seq - Rep 1, EtOH | FOXA1 ChIP-Seq - , FOXA1 ChIP-Seq, WT AR OE + FOXA1 OE | FOXA1 ChIP-Seq - high FOXA1, EtOH | FOXA1 ChIP-Seq - Rep 2, AR C562S OE + FOXA1 OE | FOXA1 ChIP-Seq, DHT | FOXA1 ChIP-Seq, CREB1 siRNA | FOXA1 ChIP-Seq - Rep 2, R1881 | FOXA1 ChIP-Seq - Rep 2, FOXA1 siRNA | CREB1 ChIP-Seq - Rep 2, FOXA1 ChIP-Seq - LNCaP-abl, AR Q640X OE + FOXA1 OE | FOXA1 ChIP-Seq, R1881 | FOXA1 ChIP-Seq - Rep 1, CON KD + R1881 | FOXA1 ChIP-Seq - Rep 2, FOXA1 siRNA | CREB1 ChIP-Seq - Rep 1",,,
R1881,PLPP1,prostate,"PIAS1 + R1881 | FOXA1 ChIP-Seq - Rep 2, CON KD + R1881 | GATA2 ChIP-Seq, PIAS1 + R1881 | FOXA1 ChIP-Seq - Rep 1, CON KD + R1881 | FOXA1 ChIP-Seq - Rep 1, R1881 | FOXA1 ChIP-Seq - Rep 2, R1881 | FOXA1 ChIP-Seq - Rep 1, CON KD + R1881 | FOXA1 ChIP-Seq - Rep 2",,,
PIAS1,PLPP1,prostate,"PIAS1 + R1881 | FOXA1 ChIP-Seq - Rep 2, PIAS1 + R1881 | FOXA1 ChIP-Seq - Rep 1",,,
MYC,PLPP1,mammarygland,DHT | MYC ChIP-Seq,,,
DHT,PLPP1,mammarygland,"DHT | MYC ChIP-Seq, DHT | FOXA1 ChIP-Seq, DHT | TCF7L2 ChIP-Seq",,,
ATF3,PLPP1,colon,ATF3 IP - HCT116 cells,,,
MAX,PLPP1,leukocytes,"MAX IP - GM12878 cells, MAX IP - NB4 cells, MAX IP - K562 cells",,,
MAX,PLPP1,cns,MAX IP - SK-N-SH cells,,,
MYC,PLPP1,leukocytes,MYC IP - NB4 cells,,,
REST,PLPP1,stemcells,"REST IP - H1 cells, Rep 1",,,
CREB1,PLPP1,prostate,"CREB1 ChIP-Seq - LNCaP-abl, CREB1 siRNA | FOXA1 ChIP-Seq - Rep 1, CREB1 ChIP-Seq - Rep 2, CREB1 siRNA | FOXA1 ChIP-Seq - Rep 2, FOXA1 siRNA | CREB1 ChIP-Seq - Rep 2, FOXA1 siRNA | CREB1 ChIP-Seq - Rep 1, CREB1 ChIP-Seq - LNCaP",,,
E2F6,PLPP1,lung,E2F6 IP - A549 cells,,,
POU2F2,PLPP1,leukocytes,POU2F2 IP - GM12878 cells,,,
REST,PLPP1,cns,"REST IP - U87 cells, REST IP - PFSK-N-SH cells1 cells, Rep 1, REST IP - SK cells",,,
MAX,PLPP1,liver,"MAX IP - HepG2 cells, MAX IP - MCF7 cells, MAX IP - HepG2 cells",,,
MAX,PLPP1,stemcells,MAX IP - H1 cells,,,
BATF,PLPP1,leukocytes,BATF IP - GM12878 cells,,,
E2F1,PLPP1,uterus,"E2F1 IP - HeLa cells, Rep 1, E2F1 IP - HeLa cells, Rep 2",,,
TCF12,PLPP1,cns,TCF12 IP - SK-N-SH cells,,,
BHLHE40,PLPP1,leukocytes,BHLHE40 IP - GM12878 cells,,,
YY1,PLPP1,cns,"YY1 IP | ATRA - SK-N-SH cells, YY1 IP - SK-N-SH cells",,,
ATRA,PLPP1,cns,YY1 IP | ATRA - SK-N-SH cells,,,
CREB1,PLPP1,liver,CREB1 IP - HepG2 cells,,,
SMARCC1,PLPP1,uterus,SMARCC1 IP - HeLa cells,,,
SPI1,PLPP1,leukocytes,"SPI1 IP - GM12891 cells, SPI1 IP - GM12878 cells, Rep 1 , SPI1 IP - GM12878 cells, Rep 3 , SPI1 IP - GM12878 cells, SPI1 IP - GM12878 cells, Rep 2 , SPI1 IP - GM12878 cells, Rep 4 , SPI1 IP - HL cells",,,
IFNG,PLPP1,leukocytes,"IRF1 IP | IFNG - K562 cells, 30 min",,,
CTCF,PLPP1,skin,"CTCF IP - AG04449 cells, Rep 1 ",,,
AR,PLPP1,prostate,"WT AR OE + FOXA1 OE | FOXA1 ChIP-Seq, WT AR OE + FOXA1 OE | FOXA1 ChIP-Seq - high FOXA1, AR C562S OE + FOXA1 OE | FOXA1 ChIP-Seq, AR Q640X OE + FOXA1 OE | FOXA1 ChIP-Seq",,,
EGR1,PLPP1,leukocytes,"EGR1 IP - K562 cells, EGR1 IP - GM12878 cells, Rep 1",,,
TCF12,PLPP1,uterus,TCF12 IP - ECC1 cells,,,
REST,PLPP1,lung,REST IP - A549 cells,,,
SRF,PLPP1,colon,SRF IP - HCT116 cells,,,
GATA6,PLPP1,stemcells,"GATA6 IP - Rep 1 , GATA6 IP - Rep 7 ",,,
17BE2,PLPP1,mammarygland,"17BE2 | FOXA1 ChIP-Seq - Rep 2, 17BE2 | FOXA1 ChIP-Seq, 17BE2 | FOXA1 ChIP-Seq - Rep 1",,,
CTCF,PLPP1,cns,CTCF IP - SK-N-SH cells ,,,
TBP,PLPP1,stemcells,TBP IP - H1 cells,,,
MAZ,PLPP1,liver,MAZ IP - HepG2 cells,,,
YY1,PLPP1,uterus,YY1 IP - ECC1 cells,,,
ZNF143,PLPP1,leukocytes,ZNF143 IP - GM12878 cells,,,
TCF7L2,PLPP1,mammarygland,"DHT | TCF7L2 ChIP-Seq, TCF7L2 ChIP-Seq",,,
JUND,PLPP1,colon,JUND IP - HCT116 cells,,,
E2F1,PLPP1,mammarygland,E2F1 IP - MCF7 cells,,,
HEY1,PLPP1,liver,HEY1 IP - HepG2 cells,,,
NFYB,PLPP1,leukocytes,"NFYB IP - GM12878 cells, NFYB IP - K562 cells",,,
CREB1,PLPP1,leukocytes,CREB1 IP - GM12878 cells,,,
MAZ,PLPP1,lung,MAZ IP - IMR cells,,,
GATA3,PLPP1,mammarygland,"GATA3 IP - T47D cells, GATA3 IP - MCF7 cells",,,
SP1,PLPP1,stemcells,"SP1 IP - H1 cells, SP1 IP - Rep 1 ",,,
MXI1,PLPP1,liver,MXI1 IP - HepG2 cells,,,
CEBPB,PLPP1,lung,"CEBPB ChIP-Seq - IMR90, CEBPB IP - A549 cells",,,
MAZ,PLPP1,leukocytes,"MAZ IP - K562 cells, MAZ IP - GM12878 cells",,,
PBX3,PLPP1,cns,PBX3 IP - SK-N-SH cells,,,
17BE2; TNF,PLPP1,mammarygland,17BE2 + TNF | FOXA1 ChIP-Seq - Rep 2,,,
HOXA4,PLPP1,colon,HOXA4 IP ,,,
JUN,PLPP1,colon,JUN IP ,,,
SP1,PLPP1,colon,SP1 IP - HCT116 cells,,,
E2F6,PLPP1,uterus,E2F6 IP - HeLa cells,,,
USF2,PLPP1,stemcells,USF2 IP - H1 cells,,,
ELF1,PLPP1,mammarygland,ELF1 IP - MCF7 cells,,,
CREB1,PLPP1,stemcells,CREB1 IP - H1 cells,,,
MAX,PLPP1,colon,MAX IP - HCT116 cells,,,
MAX,PLPP1,uterus,"MAX IP - ECC1 cells, MAX IP - HeLa cells, Rep 1",,,
ZBTB7A,PLPP1,liver,ZBTB7A IP - HepG2 cells,,,
E2F4,PLPP1,mammarygland,E2F4 IP | 4HT - MCF10 cells,,,
4HT,PLPP1,mammarygland,"E2F4 IP | 4HT - MCF10 cells, FOS IP | 4HT - MCF10A cells, 12 h, FOS IP | 4HT - MCF10A cells, 4 h",,,
DHT,PLPP1,prostate,DHT | FOXA1 ChIP-Seq,,,
RELA,PLPP1,leukocytes,"RELA IP | BAY082  - IVD Th1 cells, PIA, RELA IP - IVD Th1 cells, PIA, RELA IP | TNF - GM12891 cells",,,
BAY082,PLPP1,leukocytes,"RELA IP | BAY082  - IVD Th1 cells, PIA",,,
NFYB,PLPP1,uterus,NFYB IP - HeLa cells,,,
CEBPB,PLPP1,uterus,"CEBPB ChIP-Seq - HeLaS3, CEBPB IP - ECC1 cells",,,
MXI1,PLPP1,cns,MXI1 IP - SK-N-SH cells ,,,
E2F6,PLPP1,stemcells,E2F6 IP - H1 cells,,,
REST,PLPP1,liver,"REST IP - HepG2 cells, Rep 2",,,
GATA4,PLPP1,stemcells,GATA4 IP - Rep 11 ,,,
ELF1,PLPP1,leukocytes,ELF1 IP - SK-N-SH cells,,,
CTCF,PLPP1,vasculature,"CTCF IP - HUVEC cells, Rep 1 ",,,
MXI1,PLPP1,lung,MXI1 IP - IMR cells,,,
PAX5,PLPP1,leukocytes,"PAX5 IP - GM12878 cells, Rep 2, PAX5 IP - GM12878 cells, Rep 1",,,
EGR1,PLPP1,uterus,EGR1 IP - ECC1 cells,,,
SP1,PLPP1,lung,SP1 IP - A549 cells,,,
GATA3,PLPP1,cns,GATA3 IP - SK-N-SH cells,,,
JUND,PLPP1,liver,JUND IP - HepG2 cells,,,
FOSL2,PLPP1,lung,FOSL2 IP - A549 cells,,,
FOSL1,PLPP1,colon,FOSL1 IP - HCT116 cells,,,
YY1,PLPP1,lung,YY1 IP - A549 cells,,,
JUNB,PLPP1,colon,JUNB IP ,,,
NFYA,PLPP1,uterus,NFYA IP - HeLa cells,,,
CEBPB,PLPP1,mammarygland,CEBPB IP - MCF7 cells,,,
GABPA,PLPP1,liver,GABPA IP - HepG2 cells,,,
EGR1,PLPP1,colon,EGR1 IP - HCT116 cells,,,
ELF1,PLPP1,colon,ELF1 IP - HCT116 cells,,,
YY1,PLPP1,colon,YY1 IP - HCT116 cells,,,
TAL1,PLPP1,colon,TAL1 IP ,,,
TEAD4,PLPP1,cns,TEAD4 IP - SK-N-SH cells,,,
MAZ,PLPP1,uterus,MAZ IP - HeLa cells,,,
CEBPB,PLPP1,colon,CEBPB IP - HCT116 cells,,,
FOS,PLPP1,mammarygland,"FOS IP | 4HT - MCF10A cells, 12 h, FOS IP | 4HT - MCF10A cells, 4 h",,,
MAX,PLPP1,lung,MAX IP - A549 cells,,,
CTCF,PLPP1,adiposetissue,CTCF ChIP-Seq - d 9,,,
MXI1,PLPP1,leukocytes,MXI1 IP - GM12878 cells,,,
MYC,PLPP1,uterus,MYC IP - HeLa cells,,,
USF1,PLPP1,uterus,USF1 IP - ECC1 cells,,,
HOXA6,PLPP1,colon,HOXA6 IP ,,,
SP1,PLPP1,leukocytes,SP1 IP - GM12878 cells,,,
CREB1,PLPP1,colon,CREB1 IP ,,,
TNF,PLPP1,leukocytes,RELA IP | TNF - GM12891 cells,,,
ZBTB7A,PLPP1,uterus,ZBTB7A IP - ECC1 cells,,,
USF1,PLPP1,colon,USF1 IP - HCT116 cells,,,
E2F3,PLPP1,colon,E2F3 IP ,,,
BHLHE40,PLPP1,liver,BHLHE40 IP - HepG2 cells,,,
RELA,PLPP1,colon,RELA IP ,,,
TEAD4,PLPP1,colon,TEAD4 IP - HCT116 cells,,,
SOX9,PLPP1,colon,SOX9 IP ,,,
CEBPB,PLPP1,stemcells,CEBPB IP - H1 cells,,,
CTCF,PLPP2,pancreas,CTCF IP,,,
CTCF,PLPP2,leukocytes,"CTCF IP - CD14+ cells , CTCF IP - GM12874 cells, Rep 1 , CTCF ChIP-Seq - GM12878, CTCF IP - GM12878 cells, Rep 2 , CTCF IP - GM19240 cells, Rep 2 , CTCF IP - F36P cells, Rep 14 , CTCF IP - GM19238 cells, Rep 2 , CTCF IP - K562 cells, CTCF IP - GM06990 cells, Rep 2 , CTCF IP - GM19238 cells, Rep 1 , CTCF IP - GM12871 cells , CTCF IP - GM12234 cells, CTCF IP - GM12489 cells, Rep 1, CTCF IP - K562 cells, Rep 2 , CTCF IP - GM2610 cells, Rep 2 , CTCF IP - F36P cells, Rep 13 , CTCF IP - K562 cells, Rep 12 , CTCF IP - F36P cells, Rep 2 , CTCF IP - GM10847 cells, Rep 1 , CTCF IP - GM12873 cells, Rep 1 , CTCF IP - GM2255 cells, Rep 3 , CTCF IP - GM12749 cells, Rep 1, CTCF IP - GM12872 cells, Rep 3 , CTCF IP - GM12870 cells , CTCF IP -  DND , CTCF IP - GM12867 cells , CTCF IP - HL , CTCF IP - GM12864 cells, Rep 2 , CTCF IP - K562 cells, CTCF IP - GM18526 cells, Rep 1 , CTCF IP - GM19193 cells, Rep 1 , CTCF IP - K562 cells, Rep 6 , CTCF IP - K562 cells, Rep 7 , CTCF IP - GM12875 cells, Rep 1 , CTCF IP - GM12154 cells, Rep 2, CTCF IP - GM2630 cells, Rep 1 , CTCF IP - GM19240 cells, Rep 1 , CTCF IP - F36P cells, Rep 15 , CTCF IP - GM12864 cells, Rep 1 , CTCF IP - GM07346 cells, CTCF IP - MS1 cells, Rep 2 , CTCF IP - GM12815 cells, Rep 1, CTCF IP - F36P cells, Rep 10 , CTCF IP - GM19099 cells, Rep 1 , CTCF IP, CTCF IP - K562 cells, Rep 13 , CTCF IP - GM12873 cells, Rep 3 , CTCF IP - GM12865 cells, Rep 3 , CTCF IP - GM11831 cells, CTCF IP - GM11994 cells, Rep 2, CTCF IP - GM18505 cells, Rep 1 , CTCF IP - GM19239 cells, Rep 2 , CTCF IP - GM12891 cells, Rep 2 , CTCF IP - GM12869 cells , CTCF IP - GM12872 cells, Rep 1 , CTCF IP - GM12874 cells, CTCF IP - GM11994 cells, Rep 1, CTCF IP - GM12878 cells, Rep 2 , CTCF IP - K562 cells , CTCF IP - K562 cells, Rep 11 , CTCF IP - GM19239 cells, Rep 1 , CTCF IP - GM12878 cells, Rep 1 , CTCF IP - F36P cells, Rep 5 , CTCF IP - GM19099 cells, Rep 2 , CTCF IP - F36P cells, Rep 6 , CTCF IP - K562 cells, Rep 1 , CTCF IP - GM2255 cells, Rep 1 , CTCF IP - KU812 cells, Rep 13 , CTCF IP - UT-7 cells, Rep 3 , CTCF IP - GM10847 cells, Rep 2 , CTCF IP - KU812 cells, Rep 17 , CTCF IP - GM12890 cells, Rep 2 , CTCF IP - GM12866 cells , CTCF IP - GM18951 cells, Rep 2 , CTCF IP - MS1 cells, Rep 4 , CTCF IP - GM12891 cells, Rep 1 , CTCF IP - KU812 cells, Rep 9 , CTCF IP - GM12154 cells, Rep 1, CTCF IP - GM12872 cells, Rep 2 , CTCF IP - GM18526 cells, Rep 2 , CTCF IP - GM2588 cells, Rep 2 , CTCF IP - UT-7 cells, Rep 4 , CTCF IP - GM18505 cells, Rep 2 , CTCF IP - GM18486 cells, Rep 1 , CTCF IP - GM12873 cells, Rep 1 , CTCF IP - GM11811 cells, Rep 2, CTCF IP - GM12868 cells , CTCF IP - GM11992 cells, Rep 2, CTCF IP - GM12865 cells, Rep 1 , CTCF IP - GM12892 cells, Rep 1 , CTCF IP - KU812 cells, Rep 1 , CTCF IP - F36P cells, Rep 3 , CTCF IP - GM2610 cells, Rep 1 , CTCF IP - K562 cells, Rep 9 , CTCF IP - GM06990 cells, Rep 1 , CTCF IP - GM11881 cells, CTCF IP - GM2588 cells, Rep 3 , CTCF IP - GM2610 cells, Rep 3 , CTCF IP - F36P cells, Rep 11 , CTCF IP - GM12865 cells, Rep 2 , CTCF IP - GM06986 cells, CTCF IP - F36P cells, Rep 1 , CTCF IP - GM2630 cells, Rep 3 , CTCF IP - GM12890 cells, Rep 3 , CTCF IP - K562 cells, Rep 5 , CTCF IP - GM18486 cells, Rep 2 , CTCF IP - MS1 cells, Rep 1 , CTCF IP - K562 cells, CTCF IP - K562 cells, Rep 1 , CTCF IP - GM18951 cells, Rep 1 , CTCF IP - GM12892 cells, Rep 2 , CTCF IP - NB4 cells , CTCF IP - K562 cells, Rep 14 , CTCF IP - GM2588 cells, Rep 1 , CTCF IP - HeLa cells, Rep 2 , CTCF IP - F36P cells, Rep 17 , CTCF IP - GM12878 cells , CTCF IP - GM18486 cells, Rep 3 , CTCF IP - K562 cells, Rep 16 , CTCF IP - F36P cells, Rep 7 , CTCF IP -  CD20+ cells , CTCF IP - GM12878 cells, Rep 1 , CTCF IP - GM12814 cells, Rep 1, CTCF IP - GM11894 cells, Rep 2, CTCF IP - GM19193 cells, Rep 2 , CTCF IP - GM12864 cells, Rep 3 , CTCF IP - KU812 cells, Rep 5 , CTCF IP - GM12814 cells, Rep 2, CTCF IP - GM12005 cells, Rep 2, CTCF IP - GM2255 cells, Rep 2 , CTCF IP - GM12749 cells, Rep 2, CTCF IP - GM12890 cells, Rep 1 , CTCF IP - K562 cells, Rep 15 , CTCF IP - GM12874 cells, Rep 2 , CTCF IP - GM12828 cells, CTCF IP - GM11811 cells, Rep 1, CTCF IP - F36P cells, Rep 19 , CTCF IP - MS1 cells, Rep 3 , CTCF IP - GM2630 cells, Rep 2 , CTCF IP - GM12875 cells, Rep 2 ",,,
CTCF,PLPP2,skin,"CTCF IP - BJ cells, Rep 2 , CTCF IP - NHEK cells, Rep 2 , CTCF IP - AG09309 cells, Rep 1 , CTCF IP - AG04449 cells, Rep 2 , CTCF IP - NHEK cells , CTCF IP - BJ cells, Rep 1 , CTCF IP - AG09309 cells, Rep 2 , CTCF IP - NHDF cells , CTCF IP - HFFC cells, Rep 1 , CTCF IP - NHDF cells, Rep 2 , CTCF IP - GM12878 cells, Rep 2 , CTCF IP - AG10803 cells, Rep 1 , CTCF IP - AG04449 cells, Rep 1 , CTCF IP - NHDF cells, Rep 1 , CTCF IP - HFFC cells, Rep 3 , CTCF IP - HFFC cells, Rep 2 , CTCF IP - AG10803 cells, Rep 2 ",,,
YY1,PLPP2,uterus,YY1 IP - ECC1 cells,,,
CTCF,PLPP2,hspcs,"CTCF IP - HEL 92.1.7 cells, Rep 2 , CTCF IP - HSPCs, Rep 2, CTCF IP - HEL 92.1.7 cells, Rep 11 , CTCF IP - Erythroid cells, Rep 1, CTCF IP - HSPCs, Rep 1, CTCF IP - HEL 92.1.7 cells, Rep 14 , CTCF IP - HEL 92.1.7 cells, Rep 8 , CTCF IP - HEL 92.1.7 cells, Rep 5 , CTCF IP - HEL 92.1.7 cells, Rep 1 ",,,
CTCF,PLPP2,vasculature,"CTCF IP - HPAF cells, Rep 2 , CTCF IP - HUVEC cells, Rep 2 , CTCF IP - HPAF cells, Rep 1 , CTCF IP - AoAFC cells, Rep 2 , CTCF IP - AoAFC cells, Rep 1 , CTCF IP - HUVEC cells , CTCF IP - HBMEC cells, Rep 2 , CTCF IP - HBMEC cells, Rep 1 , CTCF IP - HUVEC cells, Rep 1 ",,,
EGR1,PLPP2,colon,EGR1 IP - HCT116 cells,,,
CTCF,PLPP2,liver,"CTCF IP - SK-N-SH cells, CTCF IP - HepG2 cells , CTCF IP - HepG2 cells, Rep 2 , CTCF IP - HepG2 cells, Rep 1 , CTCF IP",,,
JUN,PLPP2,mammarygland,"JUN IP - Rep 1, JUN IP, JUN IP - Rep 2",,,
FOXA1,PLPP2,mammarygland,"DEX | FOXA1 ChIP-Seq - Rep 2, 17BE2 | FOXA1 ChIP-Seq - Rep 2, DEX | FOXA1 ChIP-Seq - Rep 2, FOXA1 IP - T47D, FOXA1 ChIP-Seq - Rep 2, 17BE2 | FOXA1 ChIP-Seq - Rep 1, FOXA1 ChIP-Seq - Rep 1, DEX | FOXA1 ChIP-Seq - Rep 1, FOXA1 ChIP-Seq - Rep 1, DEX | FOXA1 ChIP-Seq - Rep 1, DEX | FOXA1 ChIP-Seq - Rep 1, DEX | FOXA1 ChIP-Seq - Rep 2, 17BE2 | FOXA1 ChIP-Seq - Rep 2, 17BE2 | FOXA1 ChIP-Seq - Rep 1, FOXA1 ChIP-Seq - Rep 2, 17BE2 | FOXA1 ChIP-Seq - Rep 2, DHT | FOXA1 ChIP-Seq, FOXA1 ChIP-Seq - Rep 2, 17BE2 | FOXA1 ChIP-Seq - Rep 1, FOXA1 ChIP-Seq - Rep 1, FOXA1 IP - T47D cells",,,
DEX,PLPP2,mammarygland,"DEX | FOXA1 ChIP-Seq - Rep 2, DEX | FOXA1 ChIP-Seq - Rep 2, DEX | FOXA1 ChIP-Seq - Rep 1, DEX | FOXA1 ChIP-Seq - Rep 1, DEX | FOXA1 ChIP-Seq - Rep 1, DEX | FOXA1 ChIP-Seq - Rep 2",,,
SRF,PLPP2,liver,SRF IP - HepG2 cells,,,
USF1,PLPP2,lung,"USF1 IP - A549 cells, Rep 1, USF1 IP | DEX - A549 cells, USF1 IP - A549 cells, Rep 2",,,
JUN,PLPP2,colon,JUN IP ,,,
SRF,PLPP2,stemcells,"SRF IP - Rep 1 , SRF IP - Rep 7 , SRF IP - Rep 2 , SRF IP - Rep 3 , SRF IP - Rep 4 , SRF IP - Rep 6 , SRF IP - Rep 5 ",,,
CTCF,PLPP2,miscellaneous,"CTCF IP - AG09319 cells, Rep 2 , CTCF IP - AG09319 cells, Rep 1 ",,,
CTCF,PLPP2,lung,"CTCF IP - A549 cells, Rep 2 , CTCF IP - NHLF cells , CTCF ChIP-Seq - A549, CTCF IP - A549 cells, CTCF IP - IMR cells, CTCF IP | DEX - A549 cells , CTCF IP - WI-38 cells, Rep 2 , CTCF IP | DEX - A549 cells, CTCF IP - A549 cells , CTCF IP - SAEC cells, Rep 2 , CTCF IP - A549 cells, Rep 1 , CTCF IP - HPF cells, Rep 1 , CTCF IP - NHLF cells , CTCF IP - SAEC cells, Rep 1 , CTCF IP - AG04450 cells, Rep 2 , CTCF IP - HPF cells, Rep 2 , CTCF IP - AG04450 cells, Rep 1 , CTCF IP - WI-38 cells, Rep 1 ",,,
SP1,PLPP2,stemcells,SP1 IP - H1 cells,,,
GABPA,PLPP2,prostate,GABPA IP - Rep 1,,,
CTCF,PLPP2,megakaryocytelineage,"CTCF IP - MEG-01 cells, Rep 10 , CTCF IP - MEG-01 cells, Rep 4 , CTCF IP - MEG-01 cells, Rep 8 , CTCF IP - MEG-01 cells, Rep 6 , CTCF IP - MEG-01 cells, Rep 2 ",,,
CTCF,PLPP2,mammarygland,"CTCF IP - MCF7 cells, CTCF IP - HMF cells, Rep 2 , CTCF IP - HMEC cells , CTCF IP - HMEC cells, Rep 2 , CTCF IP - HMEC cells, Rep 1 , CTCF IP - T47D cells, CTCF IP - MCF-7 cells, Rep 1 , CTCF IP - HMF cells, Rep 1 , CTCF IP - MCF-7 cells Rep 2 ",,,
FOXA1,PLPP2,prostate,"DHT | FOXA1 ChIP-Seq - C4- Rep 2B, GATA2 KD + R1881 | FOXA1 ChIP-Seq, FOXA1 ChIP-Seq - LNCaP-abl, CON KD + R1881 | FOXA1 ChIP-Seq, FOXA1 ChIP-Seq, CREB1 siRNA | FOXA1 ChIP-Seq - Rep 2, AR C562S OE + FOXA1 OE | FOXA1 ChIP-Seq, CON KD  | FOXA1 ChIP-Seq, CON KD | FOXA1 ChIP-Seq, CON KD | FOXA1 ChIP-Seq, FOXA1 ChIP-Seq - Rep 1, WT AR OE + FOXA1 OE | FOXA1 ChIP-Seq, CON KD | FOXA1 ChIP-Seq, GATA2 KD  | FOXA1 ChIP-Seq, FOXA1 ChIP-Seq, FOXA1 siRNA | CREB1 ChIP-Seq - Rep 2, DHT | FOXA1 ChIP-Seq, FOXA1 ChIP-Seq - Rep 2, CREB1 siRNA | FOXA1 ChIP-Seq - Rep 1",,,
DHT,PLPP2,prostate,"DHT | FOXA1 ChIP-Seq - C4- Rep 2B, DHT | FOXP1 ChIP-Seq, DHT | FOXP1 ChIP-Seq, DHT | FOXA1 ChIP-Seq",,,
17BE2,PLPP2,mammarygland,"17BE2 | FOXA1 ChIP-Seq - Rep 2, 17BE2 | FOXA1 ChIP-Seq - Rep 1, 17BE2 | FOXA1 ChIP-Seq - Rep 2, 17BE2 | FOXA1 ChIP-Seq - Rep 1, 17BE2 | FOXA1 ChIP-Seq - Rep 2, 17BE2 | FOXA1 ChIP-Seq - Rep 1",,,
CTCF,PLPP2,esophagus,"CTCF IP - HEEpiC cells, Rep 2 , CTCF IP - HEEpiC cells, Rep 1 ",,,
CEBPB,PLPP2,colon,"CEBPB IP - HCT116 cells, CEBPB IP | 125DVD3, CEBPB IP",,,
CTCF,PLPP2,cns,"CTCF IP - cerebellar astrocyte cells, Rep 2 , CTCF IP - BE(2)-C cells, Rep 1 , CTCF IP - SK cells, CTCF IP - spinal cord astrocyte cells, Rep 2 , CTCF IP - SK-N-SH cells, Rep 2 , CTCF IP - HCPEpiC cells, Rep 2 , CTCF IP - HCPEpiC cells, Rep 1 , CTCF IP - cerebellar astrocyte cells, Rep 1 , CTCF IP - NHA cells , CTCF IP - SK-N-SH cells, Rep 1 , CTCF IP - BE(2)-C cells, Rep 2 , CTCF IP - SK-N-SH cells , CTCF IP - spinal cord astrocyte cells, Rep 1 ",,,
MAX,PLPP2,stemcells,MAX IP - H1 cells,,,
GATA3,PLPP2,mammarygland,"GATA3 IP - MCF7 cells, GATA3 IP - T47D cells",,,
FOXM1,PLPP2,mammarygland,FOXM1 IP | THSP - DS006,,,
GATA4,PLPP2,stomach,GATA4 IP - AGS,,,
SPI1,PLPP2,leukocytes,"SPI1 IP, SPI1 IP, SPI1 IP, SPI1 IP, SPI1 IP, SPI1 IP, SPI1 IP, SPI1 IP - K562 cells, SPI1 IP",,,
CTCF,PLPP2,uterus,"CTCF IP - HeLa cells, Rep 1 , CTCF IP - ECC1 cells, CTCF IP - HeLa cells ",,,
ATF3,PLPP2,colon,"ATF3 IP, ATF3 IP | CAMPTO",,,
FOS,PLPP2,uterus,FOS IP - HeLa cells,,,
FOXA2,PLPP2,liver,FOXA2 IP - HepG2 cells,,,
FOS,PLPP2,mammarygland,"FOS IP | 4HT - MCF10A cells, 4 h, FOS IP | 4HT - MCF10A cells, 36 h, FOS IP - MCF10A cells, FOS IP | 4HT - MCF10A cells, 12 h",,,
4HT,PLPP2,mammarygland,"FOS IP | 4HT - MCF10A cells, 4 h, FOS IP | 4HT - MCF10A cells, 36 h, STAT3 IP | 4HT - MCF10 cells, 36 h, FOS IP | 4HT - MCF10A cells, 12 h, STAT3 IP | 4HT - MCF10 cells, 12 h",,,
OTX2,PLPP2,stemcells,OTX2 IP - Rep 10 ,,,
ZNF143,PLPP2,leukocytes,"ZNF143 IP - GM12878 cells, ZNF143 IP - K562 cells",,,
USF2,PLPP2,uterus,USF2 IP - HeLa cells,,,
CEBPB,PLPP2,stemcells,"CEBPB IP, CEBPB IP",,,
ZBTB7A,PLPP2,leukocytes,ZBTB7A IP - SK-N-SH cells,,,
FOSL2,PLPP2,cns,FOSL2 IP - SK-N-SH cells,,,
CTCF,PLPP2,kidney,"CTCF IP - HEK293 cells, Rep 1 , CTCF IP - RPTEC cells, Rep 2 , CTCF IP - HRE cells, Rep 1 , CTCF IP - HRE cells, Rep 2 , CTCF IP - RPTEC cells, Rep 1 , CTCF IP - HEK293 cells, Rep 2 ",,,
FOXM1,PLPP2,uterus,FOXM1 IP - ECC1 cells,,,
CTCF,PLPP2,colon,"CTCF IP - HCT116 cells, Rep 1 , CTCF IP - Rep 2 , CTCF IP - Caco , CTCF IP - HCT116 cells, Rep 2 , CTCF IP - HCT116 cells, CTCF IP - Caco-2 cells, Rep 1 ",,,
FOXA1,PLPP2,pancreas,"FOXA1 IP | KLF5 KO, FOXA1 IP, FOXA1 IP",,,
KLF5,PLPP2,pancreas,"FOXA1 IP | KLF5 KO, KLF5 IP, ELF3 IP | KLF5 KO",,,
FOS,PLPP2,vasculature,FOS IP - HUVEC cells,,,
TP53,PLPP2,mammarygland,"TP53 IP, TP53 IP | NUTL3 - MCF-7",,,
MAX,PLPP2,uterus,"MAX IP - HeLa cells, Rep 2, MAX IP - HeLa cells, Rep 1, MAX IP - ECC1 cells",,,
USF1,PLPP2,leukocytes,"USF1 IP - GM12878 cells, USF1 IP - K562 cells",,,
CREB1,PLPP2,liver,CREB1 IP,,,
SP1,PLPP2,lung,SP1 IP - A549 cells,,,
R1881,PLPP2,prostate,"GATA2 KD + R1881 | FOXA1 ChIP-Seq, CON KD + R1881 | FOXA1 ChIP-Seq",,,
GATA2,PLPP2,prostate,"GATA2 KD + R1881 | FOXA1 ChIP-Seq, GATA2 KD  | FOXA1 ChIP-Seq",,,
ELF3,PLPP2,pancreas,"ELF3 IP, ELF3 IP, ELF3 IP | KLF5 KO",,,
MAZ,PLPP2,leukocytes,MAZ IP - K562 cells,,,
HEY1,PLPP2,leukocytes,HEY1 IP - K562 cells,,,
CTCF,PLPP2,skeletalmuscle,"CTCF IP - HSMM cells, Rep 1 , CTCF IP - HSMM cells, Rep 2 ",,,
JUND,PLPP2,stemcells,"JUND IP - H1 cells, JUND IP - H1 cells",,,
CTCF,PLPP2,heart,"CTCF IP - HCF cells , CTCF IP - myocytes cells, Rep 1 , CTCF IP - myocytes cells, Rep 2 ",,,
CTCF,PLPP2,stemcells,"CTCF IP - Rep 3 , CTCF IP - Rep 2 , CTCF IP - Rep 4 , CTCF IP - H1 cells, CTCF IP - H1 cells , CTCF IP - Rep 6 , CTCF IP - Rep 5 , CTCF IP - Rep 1 , CTCF IP - Rep 7 ",,,
BACH1,PLPP2,stemcells,BACH1 IP - H1 cells,,,
TBP,PLPP2,stemcells,TBP IP - H1 cells,,,
DEX,PLPP2,lung,"CTCF IP | DEX - A549 cells , CTCF IP | DEX - A549 cells, USF1 IP | DEX - A549 cells",,,
STAT1,PLPP2,leukocytes,"STAT1 IP - Rep 5, STAT1 IP - Rep 3, STAT1 IP - Rep 2",,,
IFNG,PLPP2,leukocytes,"STAT1 IP - Rep 5, STAT1 IP - Rep 3, STAT1 IP - Rep 2",,,
MAFK,PLPP2,leukocytes,"MAFK IP - K562 cells, MAFK IP - K562 cells",,,
JUND,PLPP2,vasculature,JUND IP,,,
CTCF,PLPP2,placenta,"CTCF IP - HVMF cells, Rep 1 , CTCF IP - HVMF cells, Rep 2 ",,,
EGR1,PLPP2,leukocytes,EGR1 IP - K562 cells,,,
JUND,PLPP2,leukocytes,JUND IP - K562 cells,,,
ATF2,PLPP2,colon,ATF2 IP ,,,
FOXP1,PLPP2,prostate,"DHT | FOXP1 ChIP-Seq, DHT | FOXP1 ChIP-Seq",,,
CTCF,PLPP2,sensory,"CTCF IP - WERI-Rb-1- cells, Rep 1 , CTCF IP - WERI , CTCF IP - HRPEpiC cells, Rep 1 , CTCF IP - HRPEpiC cells, Rep 2 ",,,
CEBPB,PLPP2,leukocytes,"CEBPB IP | oxLDL  - Rep 208, CEBPB IP - Rep 204",,,
BHLHE40,PLPP2,liver,BHLHE40 IP - HepG2 cells,,,
ZNF143,PLPP2,stemcells,ZNF143 IP - H1 cells,,,
125DVD3,PLPP2,colon,"CEBPB IP | 125DVD3, CDX2 IP | 125DVD3",,,
JUND,PLPP2,uterus,JUND IP - HeLa cells,,,
MAFF,PLPP2,leukocytes,MAFF IP - K562 cells,,,
FOSL2,PLPP2,lung,FOSL2 IP - A549 cells,,,
USF1,PLPP2,stemcells,USF1 IP - H1 cells,,,
E2F1,PLPP2,uterus,"E2F1 IP - HeLa cells, Rep 2, E2F1 IP - HeLa cells, Rep 1",,,
FOSL2,PLPP2,liver,FOSL2 IP - HepG2 cells,,,
E2F6,PLPP2,lung,E2F6 IP - A549 cells,,,
STAT3,PLPP2,mammarygland,"STAT3 IP - MCF10A cells, Rep 2, STAT3 IP | 4HT - MCF10 cells, 36 h, STAT3 IP | 4HT - MCF10 cells, 12 h",,,
FOSL1,PLPP2,colon,FOSL1 IP - HCT116 cells,,,
CREB1,PLPP2,prostate,"CREB1 siRNA | FOXA1 ChIP-Seq - Rep 2, CREB1 ChIP-Seq - LNCaP, FOXA1 siRNA | CREB1 ChIP-Seq - Rep 2, CREB1 siRNA | FOXA1 ChIP-Seq - Rep 1",,,
USF2,PLPP2,stemcells,USF2 IP - H1 cells,,,
E2F6,PLPP2,leukocytes,"E2F6 IP - K562 cells, E2F6 IP - K562 cells",,,
USF1,PLPP2,cns,"USF1 IP | ATRA - SK-N-SH cells, USF1 IP - SK-N-SH cells",,,
ATRA,PLPP2,cns,USF1 IP | ATRA - SK-N-SH cells,,,
MAX,PLPP2,lung,MAX IP - A549 cells,,,
AR,PLPP2,prostate,"AR C562S OE + FOXA1 OE | FOXA1 ChIP-Seq, WT AR OE + FOXA1 OE | FOXA1 ChIP-Seq",,,
JUND,PLPP2,liver,JUND IP - HepG2 cells,,,
MAFK,PLPP2,stemcells,MAFK IP - H1 cells,,,
E2F6,PLPP2,stemcells,E2F6 IP - H1 cells,,,
JUN,PLPP2,uterus,JUN IP - HeLa cells,,,
TEAD4,PLPP2,uterus,TEAD4 IP - ECC1 cells,,,
CEBPB,PLPP2,lung,"CEBPB ChIP-Seq - A549, CEBPB IP - A549 cells",,,
MAFK,PLPP2,liver,"MAFK IP - HepG2 cells, Rep 1, MAFK IP - HepG2 cells, Rep 2",,,
JUND,PLPP2,colon,JUND IP - HCT116 cells,,,
TBP,PLPP2,uterus,TBP IP - HeLa cells,,,
ELF1,PLPP2,colon,ELF1 IP - HCT116 cells,,,
NANOG,PLPP2,stemcells,"NANOG IP - Rep 8 , NANOG IP - H1 cells, NANOG IP - Rep 5 , NANOG IP - Rep 3 ",,,
CREB1,PLPP2,stemcells,CREB1 IP - H1 cells,,,
TCF7L2,PLPP2,mammarygland,TCF7L2 ChIP-Seq,,,
YY1,PLPP2,leukocytes,YY1 IP - GM12878 cells,,,
IRF1,PLPP2,colon,IRF1 IP ,,,
MYC,PLPP2,mammarygland,"MYC IP - MCF-10A cells, DHT | MYC ChIP-Seq",,,
MAX,PLPP2,cns,MAX IP - SK-N-SH cells,,,
SMAD1,PLPP2,hspcs,SMAD1 IP - Rep 3,,,
MYB,PLPP2,leukocytes,"MYB IP - Jurkat, Rep 4, MYB IP - Jurkat, Rep 2, MYB IP - Jurkat, Rep 3",,,
FOXA1,PLPP2,uterus,"FOXA1 IP - ECC1 cells, FOXA1 ChIP-Seq - Tumor E",,,
FOXA1,PLPP2,stemcells,FOXA1 IP - Rep 5 ,,,
FOSL2,PLPP2,mammarygland,FOSL2 IP - MCF7 cells,,,
SP1,PLPP2,colon,SP1 IP - HCT116 cells,,,
CTCF,PLPP2,adiposetissue,"CTCF ChIP-Seq - d 9, CTCF ChIP-Seq - d -2, CTCF ChIP-Seq - d 0, CTCF ChIP-Seq - d 3",,,
MAFF,PLPP2,liver,MAFF IP - HepG2 cells,,,
ELF1,PLPP2,mammarygland,ELF1 IP - MCF7 cells,,,
SOX2,PLPP2,thyroidgland,SOX2 IP - TT MTC,,,
FOXA2,PLPP2,embryonictissue,FOXA2 IP - Rep 1,,,
CEBPB,PLPP2,uterus,CEBPB ChIP-Seq - HeLaS3,,,
TEAD4,PLPP2,colon,TEAD4 IP - HCT116 cells,,,
FOXA2,PLPP2,lung,FOXA2 IP - A549 cells,,,
GABPA,PLPP2,liver,GABPA IP - MCF7 cells,,,
TCF7L2,PLPP2,uterus,TCF7L2 IP - HeLa cells,,,
E2F1,PLPP2,mammarygland,"E2F1 IP - MCF7 cells, E2F1 IP",,,
USF1,PLPP2,uterus,USF1 IP - ECC1 cells,,,
FOXA2,PLPP2,stemcells,"FOXA2 IP - ES D2, FOXA2 IP - ES D10, FOXA2 IP - ES D7, FOXA2 IP - ES D5",,,
SOX2,PLPP2,stemcells,SOX2 IP,,,
E2F1,PLPP2,prostate,HES6 OE | E2F1 ChIP-Seq - Rep 1,,,
HES6,PLPP2,prostate,HES6 OE | E2F1 ChIP-Seq - Rep 1,,,
USF1,PLPP2,colon,USF1 IP - HCT116 cells,,,
ASCL1,PLPP2,skin,ASCL1 IP - NHDF,,,
DHT,PLPP2,mammarygland,"DHT | FOXA1 ChIP-Seq, DHT | MYC ChIP-Seq",,,
ZNF83,PLPP2,colon,ZNF83 IP ,,,
IRF4,PLPP2,leukocytes,IRF4 IP,,,
HOXA4,PLPP2,colon,HOXA4 IP ,,,
REST,PLPP2,liver,"REST IP - HepG2 cells, Rep 2",,,
TCF12,PLPP2,uterus,TCF12 IP - ECC1 cells,,,
ZNF263,PLPP2,kidney,ZNF263 IP - HEK293 cells,,,
JUND,PLPP2,lung,JUND IP - A549 cells,,,
GLI2,PLPP2,colon,GLI2 IP ,,,
BHLHE40,PLPP2,leukocytes,BHLHE40 IP - K562 cells,,,
FOXP1,PLPP2,colon,FOXP1 IP ,,,
MAX,PLPP2,colon,MAX IP - HCT116 cells,,,
MAX,PLPP2,liver,MAX IP - MCF7 cells,,,
TEAD4,PLPP2,stemcells,TEAD4 IP - H1 cells,,,
IRF1,PLPP2,pancreas,IRF1 IP,,,
MAX,PLPP2,leukocytes,MAX IP - K562 cells,,,
YY1,PLPP2,stemcells,YY1 IP - H1 cells,,,
E2F3,PLPP2,colon,E2F3 IP ,,,
SRF,PLPP2,uterus,SRF IP - ECC1 cells,,,
ZNF263,PLPP2,leukocytes,ZNF263 IP - K562 cells,,,
CDX2,PLPP2,colon,CDX2 IP | 125DVD3,,,
CTCF,PLPP2,bone,CTCF IP - Osteoblasts ,,,
GRHL1,PLPP2,colon,GRHL1 IP ,,,
EGR1,PLPP2,uterus,EGR1 IP - ECC1 cells,,,
ATF2,PLPP2,stemcells,ATF2 IP - H1 cells,,,
HOXA6,PLPP2,colon,HOXA6 IP ,,,
TCF12,PLPP2,stemcells,TCF12 IP - H1 cells,,,
ZNF217,PLPP2,mammarygland,ZNF217 IP - MCF7 cells,,,
TAL1,PLPP2,colon,TAL1 IP ,,,
SMAD3,PLPP2,stemcells,SMAD3 ChIP-Seq - ESCs,,,
ZBTB7A,PLPP2,uterus,ZBTB7A IP - ECC1 cells,,,
FOXA1,PLPP3,prostate,"FOXA1 KD | FOXA1 ChIP-Seq, FOXA1 ChIP-Seq - LNCaP-abl, CON KD + R1881 | FOXA1 ChIP-Seq - Rep 2, FOXA1 ChIP-Seq, DHT | FOXA1 ChIP-Seq - C4- Rep 2B, GATA2 KD + R1881 | FOXA1 ChIP-Seq, FOXA1 ChIP-Seq - Rep 1, PIAS1 + R1881 | FOXA1 ChIP-Seq - Rep 2, FOXA1 KD | GATA2 ChIP-Seq, PIAS1 + R1881 | FOXA1 ChIP-Seq - Rep 1, FOXA1 ChIP-Seq, WT AR OE + FOXA1 OE | FOXA1 ChIP-Seq - high FOXA1, CON KD | FOXA1 ChIP-Seq, EtOH | FOXA1 ChIP-Seq - Rep 2, R1881 | FOXA1 ChIP-Seq - Rep 1, CON KD + R1881 | FOXA1 ChIP-Seq, CREB1 siRNA | FOXA1 ChIP-Seq - Rep 2, FOXA1 ChIP-Seq - VCaP, GATA2 KD  | FOXA1 ChIP-Seq, FOXA1 ChIP-Seq, FOXA1 ChIP-Seq - LNCaP, DHT | FOXA1 ChIP-Seq, CON KD | FOXA1 ChIP-Seq, FOXA1 ChIP-Seq, FOXA1 ChIP-Seq - C4- Rep 2B, POU2F1 KD + DHT | FOXA1 ChIP-Seq, CON KD + R1881 | FOXA1 ChIP-Seq - Rep 1, CON KD  | FOXA1 ChIP-Seq, FOXA1 ChIP-Seq - Rep 2, FOXA1 ChIP-Seq - Rep 1, FOXA1 KD | FOXA1 ChIP-Seq, FOXA1 ChIP-Seq - Rep 2, CREB1 siRNA | FOXA1 ChIP-Seq - Rep 1, EtOH | FOXA1 ChIP-Seq - , DHT | FOXA1 ChIP-Seq, FOXA1 siRNA | CREB1 ChIP-Seq - Rep 2, CON KD | FOXA1 ChIP-Seq, R1881 | FOXA1 ChIP-Seq - Rep 2","25552417,",,
FOXA1,PLPP3,mammarygland,"17BE2 | FOXA1 ChIP-Seq - Rep 2, 17BE2 | FOXA1 ChIP-Seq - Rep 1, 17BE2 | FOXA1 ChIP-Seq - Rep 2, 17BE2 + TNF | FOXA1 ChIP-Seq - Rep 1, 17BE2 | FOXA1 ChIP-Seq, FOXA1 IP - T47D, DEX | FOXA1 ChIP-Seq - Rep 2, FOXA1 ChIP-Seq - Rep 2, 17BE2 | FOXA1 ChIP-Seq - Rep 1, FOXA1 ChIP-Seq - Rep 2, 17BE2 | FOXA1 ChIP-Seq - Rep 2, FOXA1 ChIP-Seq - Rep 1, TNF | FOXA1 ChIP-Seq - Rep 1, DEX | FOXA1 ChIP-Seq - Rep 1, FOXA1 ChIP-Seq - Rep 1, 17BE2 | FOXA1 ChIP-Seq - Rep 2, 17BE2 | FOXA1 ChIP-Seq - Rep 1, FOXA1 ChIP-Seq, FOXA1 IP | 17BE2 - MCF-7, DHT | FOXA1 ChIP-Seq, FOXA1 IP | 17BE2 - T47D, FOXA1 IP - MCF-7, DEX | FOXA1 ChIP-Seq - Rep 1, DEX | FOXA1 ChIP-Seq - Rep 1, DEX | FOXA1 ChIP-Seq - Rep 2, FOXA1 ChIP-Seq - Rep 1, DEX | FOXA1 ChIP-Seq - Rep 2, TNF | FOXA1 ChIP-Seq - Rep 2, FOXA1 IP - T47D cells, 17BE2 | FOXA1 ChIP-Seq - Rep 1, FOXA1 ChIP-Seq - Rep 2, 17BE2 + TNF | FOXA1 ChIP-Seq - Rep 2, FOXA1 ChIP-Seq - Rep 2, FOXA1 ChIP-Seq - Rep 1",,,
17BE2,PLPP3,mammarygland,"17BE2 | FOXA1 ChIP-Seq - Rep 2, 17BE2 | FOXA1 ChIP-Seq - Rep 1, 17BE2 | FOXA1 ChIP-Seq - Rep 2, 17BE2 | FOXA1 ChIP-Seq, 17BE2 | FOXA1 ChIP-Seq - Rep 1, 17BE2 | FOXA1 ChIP-Seq - Rep 2, 17BE2 | FOXA1 ChIP-Seq - Rep 2, 17BE2 | FOXA1 ChIP-Seq - Rep 1, FOXA1 IP | 17BE2 - MCF-7, FOXA1 IP | 17BE2 - T47D, 17BE2 | FOXA1 ChIP-Seq - Rep 1",,,
CTCF,PLPP3,leukocytes,"CTCF IP - GM18505 cells, Rep 2 , CTCF IP - HL-60 cells, Rep 7 , CTCF IP - HL-60 cells, Rep 2 , CTCF IP - GM12872 cells, Rep 2 , CTCF IP - GM18486 cells, Rep 1 , CTCF IP - F36P cells, Rep 1 , CTCF IP - GM12873 cells, Rep 1 , CTCF IP - GM11811 cells, Rep 2, CTCF IP - GM12868 cells , CTCF IP - GM18486 cells, Rep 2 , CTCF IP - GM12865 cells, Rep 1 , CTCF IP - UT-7 cells, Rep 1 , CTCF IP - GM2610 cells, Rep 1 , CTCF IP - GM11992 cells, Rep 2, CTCF IP - GM12864 cells, Rep 3 , CTCF IP - GM12892 cells, Rep 1 , CTCF IP - GM18951 cells, Rep 2 , CTCF IP - U-937 cells, Rep 1 , CTCF IP - GM2588 cells, Rep 3 , CTCF IP - GM12874 cells, Rep 2 , CTCF IP - KU812 cells, Rep 9 , CTCF IP - GM18526 cells, Rep 2 , CTCF IP - GM11894 cells, Rep 1, CTCF IP - GM06986 cells, CTCF IP - GM12890 cells, Rep 3 , CTCF IP - K562 cells, Rep 16 , CTCF IP - GM2630 cells, Rep 3 , CTCF IP - MS1 cells, Rep 1 , CTCF IP - K562 cells, CTCF IP - K562 cells, Rep 1 , CTCF IP - GM12814 cells, Rep 1, CTCF IP - GM18951 cells, Rep 1 , CTCF IP - F36P cells, Rep 7 , CTCF IP - KU812 cells, Rep 1 , CTCF IP - GM19240 cells, Rep 1 , CTCF IP - GM2630 cells, Rep 1 , CTCF IP - GM12006 cells, Rep 1, CTCF IP - F36P cells, Rep 3 , CTCF IP - GM11881 cells, CTCF IP - GM12815 cells, Rep 2, CTCF IP - GM2610 cells, Rep 3 , CTCF IP - F36P cells, Rep 11 , CTCF IP - GM12866 cells , CTCF IP - MS1 cells, Rep 2 , CTCF IP - GM12828 cells, CTCF IP -  CD20+ cells , CTCF IP - K562 cells, CTCF IP - F36P cells, Rep 19 , CTCF IP - GM11894 cells, Rep 2, CTCF IP - GM12005 cells, Rep 1, CTCF IP - F36P cells, Rep 18 , CTCF IP - GM12878 cells, Rep 1 , CTCF IP - K562 cells, Rep 14 , CTCF IP - GM12005 cells, Rep 2, CTCF IP - GM12873 cells, Rep 1 , CTCF IP - GM2588 cells, Rep 1 , CTCF IP - GM12155 cells, Rep 2, CTCF IP - GM12867 cells , CTCF IP - GM12878 cells , CTCF IP - GM18486 cells, Rep 3 , CTCF IP - GM12890 cells, Rep 1 , CTCF IP - GM12870 cells , CTCF IP - GM11811 cells, Rep 1, CTCF IP - GM2588 cells, Rep 2 , CTCF IP - F36P cells, Rep 13 , CTCF IP - MS1 cells, Rep 3 , CTCF IP - GM2630 cells, Rep 2 , CTCF IP - GM12875 cells, Rep 2 , CTCF IP - GM12234 cells, CTCF IP - HL-60 cells, Rep 5 , CTCF IP - GM12891 cells, Rep 1 , CTCF IP - MS1 cells, Rep 4 , CTCF IP - NB4 cells , CTCF IP - GM12814 cells, Rep 2, CTCF IP - HeLa cells, Rep 2 , CTCF IP - GM2255 cells, Rep 2 , CTCF IP - KU812 cells, Rep 5 , CTCF ChIP-Seq - GM12878, CTCF IP - K562 cells, Rep 15 , CTCF IP - GM12006 cells, Rep 2, CTCF IP - GM06990 cells, Rep 2 , CTCF IP - GM12489 cells, Rep 1, CTCF IP - GM2610 cells, Rep 2 , CTCF IP - K562 cells, Rep 2 , CTCF IP - GM07037 cells, CTCF IP - GM12287 cells, Rep 1, CTCF IP - GM12871 cells , CTCF IP - GM2255 cells, Rep 3 , CTCF IP - GM12749 cells, Rep 1, CTCF IP - GM10847 cells, Rep 1 , CTCF IP - K562 cells , CTCF IP - GM12878 cells, Rep 2 , CTCF IP - F36P cells, Rep 14 , CTCF IP - GM19238 cells, Rep 2 , CTCF IP - GM12872 cells, Rep 1 , CTCF IP - K562 cells, Rep 13 , CTCF IP - GM18526 cells, Rep 1 , CTCF IP - GM12872 cells, Rep 3 , CTCF IP - F36P cells, Rep 10 , CTCF IP - UT-7 cells, Rep 6 , CTCF IP - GM19193 cells, Rep 1 , CTCF IP, CTCF IP - GM11994 cells, Rep 2, CTCF IP - GM12864 cells, Rep 2 , CTCF IP - HL , CTCF IP - GM19193 cells, Rep 2 , CTCF IP - HL-60 cells, Rep 9 , CTCF IP - GM12892 cells, Rep 2 , CTCF IP - K562 cells, Rep 12 , CTCF IP - GM12874 cells, Rep 1 , CTCF IP - F36P cells, Rep 2 , CTCF IP - CD14+ cells , CTCF IP - GM07346 cells, CTCF IP -  DND , CTCF IP - GM12155 cells, Rep 1, CTCF IP - GM12815 cells, Rep 1, CTCF IP - GM12869 cells , CTCF IP - GM19239 cells, Rep 2 , CTCF IP - GM18505 cells, Rep 1 , CTCF IP - GM12873 cells, Rep 3 , CTCF IP - GM12872 cells, CTCF IP - GM11831 cells, CTCF IP - F36P cells, Rep 15 , CTCF IP - KU812 cells, Rep 13 , CTCF IP - KU812 cells, Rep 17 , CTCF IP - UT-7 cells, Rep 3 , CTCF IP - GM12801 cells , CTCF IP - GM12891 cells, Rep 2 , CTCF IP - GM11994 cells, Rep 1, CTCF IP - GM19239 cells, Rep 1 , CTCF IP - GM12154 cells, Rep 2, CTCF IP - GM12878 cells, Rep 1 , CTCF IP - GM12865 cells, Rep 3 , CTCF IP - GM12865 cells, Rep 2 , CTCF IP - UT-7 cells, Rep 5 , CTCF IP - GM19099 cells, Rep 2 , CTCF IP - GM19099 cells, Rep 1 , CTCF IP - GM06990 cells, Rep 1 , CTCF IP - F36P cells, Rep 9 , CTCF IP - GM19238 cells, Rep 1 , CTCF IP - GM2255 cells, Rep 1 , CTCF IP - GM12890 cells, Rep 2 , CTCF IP - GM10847 cells, Rep 2 , CTCF IP - GM12875 cells, Rep 1 , CTCF IP - K562 cells, Rep 11 , CTCF IP - GM19240 cells, Rep 2 , CTCF IP - GM12874 cells, CTCF IP - HL-60 cells, Rep 3 , CTCF IP - GM12878 cells, Rep 2 , CTCF IP - F36P cells, Rep 5 , CTCF IP - GM11992 cells, Rep 1, CTCF IP - GM12154 cells, Rep 1, CTCF IP - F36P cells, Rep 6 , CTCF IP - U-937 cells, Rep 2 , CTCF IP - GM12864 cells, Rep 1 ",,,
CEBPB,PLPP3,colon,"CEBPB IP - HCT116 cells, CEBPB IP | 125DVD3",,,
JUND,PLPP3,uterus,JUND IP - HeLa cells,,,
JUND,PLPP3,lung,JUND IP - A549 cells,,,
E2F1,PLPP3,mammarygland,"E2F1 IP - MCF7 cells, E2F1 IP",,,
CTCF,PLPP3,skin,"CTCF IP - AG09309 cells, Rep 2 , CTCF IP - HFFC cells, Rep 1 , CTCF IP - NHDF cells , CTCF IP - NHDF cells, Rep 1 , CTCF IP - HFFC cells, Rep 2 , CTCF IP - HFFC cells, Rep 3 , CTCF IP - NHDF cells, Rep 2 , CTCF IP - AG10803 cells, Rep 1 , CTCF IP - GM12878 cells, Rep 2 , CTCF IP - AG04449 cells, Rep 1 , CTCF IP - AG10803 cells, Rep 2 , CTCF IP - AG04449 cells, Rep 2 , CTCF IP - NHEK cells, Rep 2 , CTCF IP - BJ cells, Rep 2 , CTCF IP - AG09309 cells, Rep 1 , CTCF IP - NHEK cells , CTCF IP - BJ cells, Rep 1 ",,,
ZNF384,PLPP3,leukocytes,"ZNF384 IP - K562 cells, ZNF384 IP - GM12878 cells",,,
CTCF,PLPP3,stemcells,"CTCF IP - H1 cells , CTCF IP - Rep 4 , CTCF IP - Rep 2 , CTCF IP - Rep 6 , CTCF IP - Rep 1 , CTCF IP - Rep 5 , CTCF IP - Rep 7 , CTCF IP - H1 cells, CTCF IP - Rep 3 ",,,
FOXA2,PLPP3,lung,FOXA2 IP - A549 cells,,,
CTCF,PLPP3,vasculature,"CTCF IP - HBMEC cells, Rep 2 , CTCF IP - HBMEC cells, Rep 1 , CTCF IP - HUVEC cells , CTCF IP - HUVEC cells, Rep 2 , CTCF IP - HPAF cells, Rep 1 , CTCF IP - HUVEC cells, Rep 1 , CTCF IP - AoAFC cells, Rep 1 , CTCF IP - AoAFC cells, Rep 2 , CTCF IP - HPAF cells, Rep 2 ",,,
JUND,PLPP3,vasculature,JUND IP,,,
PBX3,PLPP3,leukocytes,PBX3 IP - GM12878 cells,,,
CEBPB,PLPP3,stemcells,"CEBPB IP, CEBPB IP",,,
CTCF,PLPP3,cns,"CTCF IP - NHA cells , CTCF IP - SK-N-SH cells, Rep 1 , CTCF IP - spinal cord astrocyte cells, Rep 1 , CTCF IP - SK-N-SH cells , CTCF IP - cerebellar astrocyte cells, Rep 2 , CTCF IP - BE(2)-C cells, Rep 1 , CTCF IP - SK cells, CTCF IP - spinal cord astrocyte cells, Rep 2 , CTCF IP - HCPEpiC cells, Rep 1 , CTCF IP - BE(2)-C cells, Rep 2 , CTCF IP - cerebellar astrocyte cells, Rep 1 , CTCF IP - SK-N-SH cells, Rep 2 , CTCF IP - HCPEpiC cells, Rep 2 ",,,
CTCF,PLPP3,lung,"CTCF IP - HPF cells, Rep 1 , CTCF IP - WI-38 cells, Rep 1 , CTCF IP | DEX - A549 cells, CTCF IP - HPF cells, Rep 2 , CTCF IP - AG04450 cells, Rep 1 , CTCF IP - AG04450 cells, Rep 2 , CTCF ChIP-Seq - A549, CTCF IP - A549 cells, CTCF IP - IMR cells, CTCF IP - NHLF cells , CTCF IP - A549 cells, Rep 2 , CTCF IP - A549 cells , CTCF IP - SAEC cells, Rep 2 , CTCF IP - SAEC cells, Rep 1 , CTCF IP - NHLF cells , CTCF IP | DEX - A549 cells ",,,
REST,PLPP3,liver,"REST IP - HepG2 cells, Rep 2, REST IP - HepG2 cells, Rep 1",,,
HEY1,PLPP3,liver,HEY1 IP - HepG2 cells,,,
E2F1,PLPP3,prostate,"HES6 OE | E2F1 ChIP-Seq - Rep 1, HES6 OE + BICALU | E2F1 ChIP-Seq - Rep 1, E2F1 ChIP-Seq - Rep 3",,,
HES6,PLPP3,prostate,"HES6 OE | E2F1 ChIP-Seq - Rep 1, HES6 OE + BICALU | E2F1 ChIP-Seq - Rep 1",,,
TBP,PLPP3,uterus,TBP IP - HeLa cells,,,
BICALU,PLPP3,prostate,HES6 OE + BICALU | E2F1 ChIP-Seq - Rep 1,,,
CTCF,PLPP3,uterus,"CTCF IP - HeLa cells , CTCF IP - HeLa cells, Rep 1 , CTCF IP - ECC1 cells",,,
CEBPB,PLPP3,liver,"CEBPB IP - HepG2 cells, CEBPB IP | FORSK - HepG2 cells, CEBPB ChIP-Seq - HepG2",,,
SPI1,PLPP3,leukocytes,"SPI1 IP, SPI1 IP, SPI1 IP - U-937 cells, Rep 4 , SPI1 IP - GM12891 cells, SPI1 IP - GM12878 cells, Rep 3 , SPI1 IP - GM12878 cells, Rep 1 , SPI1 IP, SPI1 IP - GM12878 cells, Rep 4 , SPI1 IP, SPI1 IP - GM12878 cells, SPI1 IP, SPI1 IP - U-937 cells, Rep 1 , SPI1 IP, SPI1 IP - GM12878 cells, Rep 2 , SPI1 IP, SPI1 IP - HL-60 cells, Rep 4 , SPI1 IP, SPI1 IP - HL cells",,,
E2F6,PLPP3,stemcells,E2F6 IP - H1 cells,,,
GTF2B,PLPP3,lung,GTF2B IP,,,
CTCF,PLPP3,adiposetissue,"CTCF ChIP-Seq - d 9, CTCF ChIP-Seq - d -2, CTCF ChIP-Seq - d 0, CTCF ChIP-Seq - d 3",,,
CTCF,PLPP3,hspcs,"CTCF IP - HEL 92.1.7 cells, Rep 14 , CTCF IP - HEL 92.1.7 cells, Rep 5 , CTCF IP - HEL 92.1.7 cells, Rep 1 , CTCF IP - HEL 92.1.7 cells, Rep 8 , CTCF IP - HEL 92.1.7 cells, Rep 4 , CTCF IP - HEL 92.1.7 cells, Rep 2 , CTCF IP - HEL 92.1.7 cells, Rep 11 , CTCF IP - Erythroid cells, Rep 1, CTCF IP - HEL 92.1.7 cells, Rep 10 , CTCF IP - HSPCs, Rep 1",,,
IRF1,PLPP3,leukocytes,"IRF1 IP | IFNA1-13 - K562 cells, 6 h",,,
IFNA1,PLPP3,leukocytes,"IRF1 IP | IFNA1-13 - K562 cells, 6 h",,,
REST,PLPP3,mammarygland,REST IP - MCF7 cells,,,
KLF11,PLPP3,adiposetissue,"KLF11 ChIP-Seq, Rep 1, ROSI (BrAT) | KLF11 ChIP-Seq, Rep 2, KLF11 ChIP-Seq, Rep 2",,,
FOXA1,PLPP3,lung,"FOXA1 IP | DEX - A549 cells, FOXA1 IP - A549 cells",,,
DEX,PLPP3,lung,"FOXA1 IP | DEX - A549 cells, CTCF IP | DEX - A549 cells, CREB1 IP | DEX - A549 cells, CTCF IP | DEX - A549 cells ",,,
JUND,PLPP3,leukocytes,JUND IP - K562 cells,,,
E2F3,PLPP3,colon,E2F3 IP ,,,
ARID3A,PLPP3,liver,ARID3A IP - HepG2 cells,,,
EGR1,PLPP3,colon,EGR1 IP - HCT116 cells,,,
FOSL2,PLPP3,liver,FOSL2 IP - HepG2 cells,,,
ERG,PLPP3,prostate,"ERG ChIP-Seq, ERG ChIP-Seq, DHT | ERG ChIP-Seq - 18 h, DHT | ERG ChIP-Seq - 2 h",,,
MAZ,PLPP3,uterus,MAZ IP - HeLa cells,,,
HOXA6,PLPP3,colon,HOXA6 IP ,,,
R1881,PLPP3,prostate,"CON KD + R1881 | FOXA1 ChIP-Seq - Rep 2, GATA2 KD + R1881 | FOXA1 ChIP-Seq, PIAS1 + R1881 | FOXA1 ChIP-Seq - Rep 2, PIAS1 + R1881 | FOXA1 ChIP-Seq - Rep 1, GABPA IP | R1881, R1881 | FOXA1 ChIP-Seq - Rep 1, CON KD + R1881 | FOXA1 ChIP-Seq, CON KD + R1881 | FOXA1 ChIP-Seq - Rep 1, R1881 | FOXA1 ChIP-Seq - Rep 2",,,
GATA4,PLPP3,stomach,GATA4 IP - AGS,,,
DHT,PLPP3,prostate,"DHT | FOXA1 ChIP-Seq - C4- Rep 2B, DHT | FOXA1 ChIP-Seq, DHT | ERG ChIP-Seq - 18 h, POU2F1 KD + DHT | FOXA1 ChIP-Seq, DHT | ERG ChIP-Seq - 2 h, DHT | FOXA1 ChIP-Seq",,,
MEF2B,PLPP3,kidney,"MEF2B IP | MEF2B OE - Rep 2, MEF2B IP | MEF2B D83V OE - Rep 1, MEF2B IP | MEF2B OE - Rep 1",,,
POU5F1,PLPP3,stemcells,"POU5F1 IP, POU5F1 IP, POU5F1 IP - Rep 1 ",,,
GATA2,PLPP3,prostate,"GATA2 KD + R1881 | FOXA1 ChIP-Seq, FOXA1 KD | GATA2 ChIP-Seq, GATA2 ChIP-Seq, GATA2 KD  | FOXA1 ChIP-Seq, GATA2 ChIP-Seq - Rep 2",,,
YY1,PLPP3,colon,YY1 IP - HCT116 cells,,,
SP1,PLPP3,colon,SP1 IP - HCT116 cells,,,
REST,PLPP3,cns,"REST IP - PFSK1 cells, Rep 2, REST IP - PFSK-N-SH cells1 cells, Rep 1, REST IP - SK-N-SH cells, REST IP - SK cells, REST IP - U87 cells",,,
CTCF,PLPP3,megakaryocytelineage,"CTCF IP - MEG-01 cells, Rep 6 , CTCF IP - MEG-01 cells, Rep 2 , CTCF IP - MEG-01 cells, Rep 4 , CTCF IP - MEG-01 cells, Rep 10 , CTCF IP - MEG-01 cells, Rep 8 ",,,
CTCF,PLPP3,colon,"CTCF IP - Caco , CTCF IP - Caco-2 cells, Rep 1 , CTCF IP - HCT116 cells, CTCF IP - HCT116 cells, Rep 2 , CTCF IP - Rep 2 , CTCF IP - HCT116 cells, Rep 1 , CTCF IP - Rep 1 ",,,
CTCF,PLPP3,heart,"CTCF IP - myocytes cells, Rep 2 , CTCF IP - HCF cells , CTCF IP - myocytes cells, Rep 1 ",,,
17BE2; TNF,PLPP3,mammarygland,"17BE2 + TNF | FOXA1 ChIP-Seq - Rep 1, 17BE2 + TNF | FOXA1 ChIP-Seq - Rep 2",,,
TCF12,PLPP3,cns,TCF12 IP - SK-N-SH cells,,,
CREB1,PLPP3,liver,"CREB1 IP, CREB1 IP, CREB1 IP - HepG2 cells",,,
MAZ,PLPP3,lung,MAZ IP - IMR cells,,,
TCF12,PLPP3,uterus,TCF12 IP - ECC1 cells,,,
GATA3,PLPP3,mammarygland,"GATA3 IP - MCF-7 cells, GATA3 IP - T47D cells, GATA3 IP - MCF7 cells","24758297,",,
IRF1,PLPP3,colon,IRF1 IP ,,,
PBX3,PLPP3,cns,PBX3 IP - SK-N-SH cells,,,
CTCF,PLPP3,kidney,"CTCF IP - HRE cells, Rep 2 , CTCF IP - HEK293 cells, Rep 2 , CTCF IP - RPTEC cells, Rep 1 , CTCF IP - RPTEC cells, Rep 2 , CTCF IP - HEK293 cells, Rep 1 , CTCF IP - HRE cells, Rep 1 ",,,
FOXA1,PLPP3,liver,"FOXA1 IP - HepG2 cells, Rep 1, FOXA1 IP - HepG2 cells, Rep 2",,,
HNF1B,PLPP3,pancreas,HNF1B IP,,,
OTX2,PLPP3,stemcells,OTX2 IP - Rep 10 ,,,
FOXA1,PLPP3,pancreas,"FOXA1 IP | KLF5 KO, FOXA1 IP, FOXA1 IP",,,
KLF5,PLPP3,pancreas,"FOXA1 IP | KLF5 KO, ELF3 IP | KLF5 KO",,,
FOSL1,PLPP3,colon,FOSL1 IP - HCT116 cells,,,
E2F1,PLPP3,uterus,"E2F1 IP - HeLa cells, Rep 2, E2F1 IP - HeLa cells, Rep 1",,,
ROSI,PLPP3,adiposetissue,"ROSI (BrAT) | KLF11 ChIP-Seq, Rep 2",,,
JUND,PLPP3,colon,JUND IP - HCT116 cells,,,
GATA3,PLPP3,lung,GATA3 IP - A549 cells,,,
DEX,PLPP3,mammarygland,"DEX | FOXA1 ChIP-Seq - Rep 2, DEX | FOXA1 ChIP-Seq - Rep 1, DEX | FOXA1 ChIP-Seq - Rep 1, DEX | FOXA1 ChIP-Seq - Rep 1, DEX | FOXA1 ChIP-Seq - Rep 2, DEX | FOXA1 ChIP-Seq - Rep 2",,,
ZKSCAN1,PLPP3,uterus,ZKSCAN1 IP - HeLa cells,,,
CTCF,PLPP3,mammarygland,"CTCF IP - HMEC cells, Rep 1 , CTCF IP - MCF-7 cells, Rep 1 , CTCF IP - HMF cells, Rep 2 , CTCF IP - HMF cells, Rep 1 , CTCF IP - MCF-7 cells Rep 2 , CTCF IP - T47D cells, CTCF IP - MCF7 cells, CTCF IP - HMEC cells , CTCF IP - HMEC cells, Rep 2 ",,,
FOXA2,PLPP3,embryonictissue,"FOXA2 IP - Rep 2, FOXA2 IP - Rep 1",,,
YY1,PLPP3,leukocytes,"YY1 IP - GM12892 cells, Rep 1, YY1 IP - K562 cells, Rep 2, YY1 IP - GM12878 cells, YY1 IP - GM12891 cells, YY1 IP - K562 cells, Rep 1",,,
PIAS1,PLPP3,prostate,"PIAS1 + R1881 | FOXA1 ChIP-Seq - Rep 2, PIAS1 + R1881 | FOXA1 ChIP-Seq - Rep 1",,,
CTCF,PLPP3,sensory,"CTCF IP - WERI , CTCF IP - HRPEpiC cells, Rep 2 , CTCF IP - HRPEpiC cells, Rep 1 , CTCF IP - WERI-Rb-1- cells, Rep 1 ",,,
FORSK,PLPP3,liver,CEBPB IP | FORSK - HepG2 cells,,,
GATA2,PLPP3,cns,GATA2 ChIP-Seq SH-SY5Y,,,
YY1,PLPP3,liver,YY1 IP - HepG2 cells,,,
RELA,PLPP3,leukocytes,"RELA IP | TNF - GM18505 cells, RELA IP | TNF - GM12878 cells, RELA IP | TNF - GM19099 cells, RELA IP | TNF - GM12891 cells, RELA IP | TNF - GM18951 cells",,,
TNF,PLPP3,leukocytes,"RELA IP | TNF - GM18505 cells, RELA IP | TNF - GM12878 cells, RELA IP | TNF - GM12891 cells, RELA IP | TNF - GM18951 cells",,,
SRF,PLPP3,colon,SRF IP - HCT116 cells,,,
YY1,PLPP3,cns,"YY1 IP - SK-N-SH cells, YY1 IP | ATRA - SK-N-SH cells",,,
GTF2B,PLPP3,uterus,"GTF2B IP - Rep 2, GTF2B IP - Rep 3",,,
FOXA2,PLPP3,stemcells,"FOXA2 IP - ES D2, FOXA2 IP - Rep 5 , FOXA2 IP - ES D10, FOXA2 IP - Rep 2 , FOXA2 IP - ES D5, FOXA2 IP - ES D7, FOXA2 IP - Rep 1 ",,,
HOXA4,PLPP3,colon,HOXA4 IP ,,,
FOS,PLPP3,mammarygland,"FOS IP | 4HT - MCF10A cells, 12 h, FOS IP | 4HT - MCF10A cells, 4 h",,,
4HT,PLPP3,mammarygland,"FOS IP | 4HT - MCF10A cells, 12 h, MYC IP | 4HT - MCF10A cells, FOS IP | 4HT - MCF10A cells, 4 h",,,
CTCF,PLPP3,miscellaneous,"CTCF IP - AG09319 cells, Rep 1 , CTCF IP - AG09319 cells, Rep 2 ",,,
TP53,PLPP3,mammarygland,"TP53 IP, TP53 IP | NUTL3 - MCF-7",,,
EGR1,PLPP3,liver,EGR1 IP - MCF7 cells,,,
MAX,PLPP3,liver,"MAX IP - MCF7 cells, MAX IP - HepG2 cells",,,
CEBPB,PLPP3,lung,"CEBPB IP - A549 cells, CEBPB ChIP-Seq - IMR90",,,
NANOG,PLPP3,stemcells,"NANOG IP - Rep 6 , NANOG IP - H1 cells, NANOG IP - Rep 8 , NANOG IP - Rep 9 , NANOG IP - Rep 4 , NANOG IP - Rep 2, NANOG IP - Rep 3 , NANOG IP - Rep 1, NANOG IP - Rep 5 , NANOG IP - Rep 2 ",,,
MYC,PLPP3,mammarygland,"MYC IP | 4HT - MCF10A cells, MYC IP - MCF-10A cells, DHT | MYC ChIP-Seq",,,
GATA3,PLPP3,cns,"GATA3 IP - SHSY5Y cells, GATA3 IP - SK-N-SH cells",,,
GABPA,PLPP3,prostate,"GABPA IP | R1881, GABPA IP - Rep 1",,,
ELF3,PLPP3,pancreas,"ELF3 IP, ELF3 IP, ELF3 IP | KLF5 KO",,,
ZBTB7A,PLPP3,uterus,ZBTB7A IP - ECC1 cells,,,
ARID3A,PLPP3,leukocytes,ARID3A IP - K562 cells,,,
BHLHE40,PLPP3,liver,BHLHE40 IP - HepG2 cells,,,
AR,PLPP3,prostate,WT AR OE + FOXA1 OE | FOXA1 ChIP-Seq - high FOXA1,,,
CTCF,PLPP3,liver,"CTCF IP - HepG2 cells , CTCF IP - HepG2 cells, Rep 1 , CTCF IP - HepG2 cells, Rep 2 , CTCF IP, CTCF IP - SK-N-SH cells",,,
ZEB1,PLPP3,liver,ZEB1 IP - HepG2 cells,,,
USF1,PLPP3,liver,USF1 IP - HepG2 cells,,,
ZNF143,PLPP3,leukocytes,"ZNF143 IP - K562 cells, ZNF143 IP - GM12878 cells",,,
JUND,PLPP3,liver,JUND IP - HepG2 cells,,,
NFKB1,PLPP3,leukocytes,"NFKB1 IP - Rep 1, NFKB1 IP - Rep 2",,,
ATF3,PLPP3,colon,ATF3 IP - HCT116 cells,,,
SOX2,PLPP3,stemcells,SOX2 IP,,,
TEAD4,PLPP3,cns,TEAD4 IP - SK-N-SH cells,,,
MXI1,PLPP3,cns,MXI1 IP - SK-N-SH cells ,,,
ATRA,PLPP3,cns,YY1 IP | ATRA - SK-N-SH cells,,,
YY1,PLPP3,uterus,YY1 IP - ECC1 cells,,,
SRF,PLPP3,mammarygland,SRF IP - MCF7 cells,,,
125DVD3,PLPP3,colon,CEBPB IP | 125DVD3,,,
TNF,PLPP3,mammarygland,"TNF | FOXA1 ChIP-Seq - Rep 1, TNF | FOXA1 ChIP-Seq - Rep 2",,,
REST,PLPP3,uterus,"REST IP - SK-N-SH cells, REST IP - ECC1 cells",,,
MAX,PLPP3,colon,MAX IP - HCT116 cells,,,
ZNF143,PLPP3,stemcells,ZNF143 IP - H1 cells,,,
POU2F2,PLPP3,leukocytes,"POU2F2 IP - Rep 1, POU2F2 IP | POU2F2 WT OE, POU2F2 IP - Rep 2",,,
STAT1,PLPP3,leukocytes,"STAT1 IP - Rep 5, STAT1 IP - Rep 2, STAT1 IP - Rep 1, STAT1 IP - Rep 3",,,
IFNG,PLPP3,leukocytes,"STAT1 IP - Rep 5, STAT1 IP - Rep 2, STAT1 IP - Rep 1, STAT1 IP - Rep 3, MYC IP | IFNG - K562 cells, 30 min",,,
CTCF,PLPP3,bone,"CTCF IP - Osteoblasts , CTCF IP",,,
SRF,PLPP3,liver,SRF IP - HepG2 cells,,,
CTCF,PLPP3,placenta,"CTCF IP - HVMF cells, Rep 2 , CTCF IP - HVMF cells, Rep 1 ",,,
TP53,PLPP3,bone,TP53 IP - Rep 2,,,
TCF7L2,PLPP3,uterus,TCF7L2 IP - HeLa cells,,,
MAX,PLPP3,cns,MAX IP - SK-N-SH cells,,,
CREB1,PLPP3,prostate,"CREB1 siRNA | FOXA1 ChIP-Seq - Rep 2, CREB1 ChIP-Seq - LNCaP-abl, CREB1 siRNA | FOXA1 ChIP-Seq - Rep 1, FOXA1 siRNA | CREB1 ChIP-Seq - Rep 2",,,
CTCF,PLPP3,esophagus,"CTCF IP - HEEpiC cells, Rep 1 , CTCF IP - HEEpiC cells, Rep 2 ",,,
FOXA1,PLPP3,stemcells,"FOXA1 IP - Rep 5 , FOXA1 IP - ES D7, FOXA1 IP - ES D10, FOXA1 IP - ES D5",,,
CTCF,PLPP3,skeletalmuscle,"CTCF IP - HSMM cells, Rep 1 , CTCF IP - HSMM cells, Rep 2 ",,,
CREB1,PLPP3,stemcells,CREB1 IP - H1 cells,,,
IRF4,PLPP3,leukocytes,IRF4 IP,,,
RUNX1,PLPP3,hspcs,RUNX1,,,
BHLHE40,PLPP3,leukocytes,BHLHE40 IP - GM12878 cells,,,
MXI1,PLPP3,lung,MXI1 IP - IMR cells,,,
ZBTB17,PLPP3,bone,ZBTB17 IP,,,
TEAD4,PLPP3,liver,"TEAD4 IP - MCF7 cells, TEAD4 IP - HepG2 cells",,,
MAX,PLPP3,lung,MAX IP - A549 cells,,,
RELA,PLPP3,colon,RELA IP ,,,
TCF12,PLPP3,stemcells,TCF12 IP - H1 cells,,,
TCF12,PLPP3,lung,TCF12 IP - A549 cells,,,
EBF1,PLPP3,leukocytes,EBF1 IP - GM12878 cells,,,
NFKB2,PLPP3,leukocytes,"NFKB2 IP - Rep 1, NFKB2 IP - Rep 2",,,
TCF7L2,PLPP3,pancreas,TCF7L2 IP,,,
CTCF,PLPP3,pancreas,CTCF IP,,,
SRF,PLPP3,stemcells,"SRF IP - Rep 4 , SRF IP - Rep 7 , SRF IP - Rep 6 ",,,
FOXM1,PLPP3,leukocytes,FOXM1 IP - GM12878 cells,,,
YY1,PLPP3,lung,YY1 IP - A549 cells,,,
POU2F1,PLPP3,prostate,POU2F1 KD + DHT | FOXA1 ChIP-Seq,,,
TBP,PLPP3,leukocytes,TBP IP - GM12878 cells,,,
GABPA,PLPP3,liver,GABPA IP - MCF7 cells,,,
SP1,PLPP3,lung,SP1 IP - A549 cells,,,
STAT3,PLPP3,leukocytes,STAT3 IP - OCI-LY7,,,
SIX2,PLPP3,kidney,"SIX2 IP - 17 weeks, Rep 2, SIX2 IP - 17 weeks, Rep 1",,,
TAL1,PLPP3,colon,TAL1 IP ,,,
DHT,PLPP3,mammarygland,"DHT | FOXA1 ChIP-Seq, DHT | MYC ChIP-Seq",,,
SP1,PLPP3,liver,SP1 IP - HepG2 cells,,,
ZNF263,PLPP3,kidney,ZNF263 IP - HEK293 cells,,,
USF1,PLPP3,uterus,USF1 IP - ECC1 cells,,,
ATF2,PLPP3,colon,ATF2 IP ,,,
MAX,PLPP3,uterus,"MAX IP - ECC1 cells, MAX IP - HeLa cells, Rep 1",,,
CEBPB,PLPP3,uterus,CEBPB ChIP-Seq - HeLaS3,,,
USF1,PLPP3,colon,USF1 IP - HCT116 cells,,,
ELF1,PLPP3,liver,ELF1 IP - HepG2 cells,,,
TCF12,PLPP3,liver,"TCF12 IP - HepG2 cells, TCF12 IP - MCF7 cells",,,
TP53,PLPP3,lung,"TP53 IP - propapoptic, Rep 1",,,
REST,PLPP3,stemcells,"REST IP - H1 cells, Rep 2",,,
MYBL2,PLPP3,liver,MYBL2 IP - HepG2 cells,,,
CEBPB,PLPP3,mammarygland,CEBPB IP - MCF7 cells,,,
TCF7L2,PLPP3,mammarygland,TCF7L2 ChIP-Seq,,,
TBP,PLPP3,liver,TBP IP - HepG2 cells,,,
JUND,PLPP3,mammarygland,"JUND IP - T47D cells, JUND IP - MCF7 cells",,,
PBX3,PLPP3,lung,PBX3 IP - A549 cells,,,
MYC,PLPP3,leukocytes,"MYC IP | IFNG - K562 cells, 30 min",,,
MAFK,PLPP3,lung,MAFK IP - IMR cells,,,
TBP,PLPP3,stemcells,TBP IP - H1 cells,,,
ELF1,PLPP3,mammarygland,ELF1 IP - MCF7 cells,,,
FOXM1,PLPP3,mammarygland,FOXM1 IP - MCF7 cells,,,
GATA2,PLPP3,vasculature,GATA2 IP - HUVEC cells,,,
CREB1,PLPP3,lung,CREB1 IP | DEX - A549 cells,,,
FOSL2,PLPP3,mammarygland,FOSL2 IP - MCF7 cells,,,
ZNF83,PLPP3,colon,ZNF83 IP ,,,
ELF1,PLPP3,leukocytes,ELF1 IP - SK-N-SH cells,,,
MXI1,PLPP3,liver,MXI1 IP - HepG2 cells,,,
ZNF217,PLPP3,mammarygland,ZNF217 IP - MCF7 cells,"24962896,",,
FOXP2,PLPP3,cns,FOXP2 IP - SK cells,,,
REST,PLPP3,lung,REST IP - A549 cells,,,
SRF,PLPP3,uterus,SRF IP - ECC1 cells,,,
FOXA2,PLPP3,liver,FOXA2 IP - HepG2 cells,"19822575,",,
YY1,PLPP3,stemcells,YY1 IP - H1 cells,,,
REST,PLPP3,pancreas,"REST IP - Panc1 cells, Rep 3",,,
SMAD1,PLPP3,hspcs,SMAD1 IP - Rep 3,,,
MAX,PLPP3,stemcells,MAX IP - H1 cells,,,
RELA,PLPP3,adiposetissue,RELA IP,,,
MAX,SGPL1,uterus,"MAX IP - HeLa cells, Rep 1, MAX IP - ECC1 cells, MAX IP - HeLa cells, Rep 2",,,
REST,SGPL1,cns,"REST IP - U87 cells, REST IP - SK cells, REST IP - SK-N-SH cells, REST IP - PFSK1 cells, Rep 2",,,
BHLHE40,SGPL1,liver,BHLHE40 IP - HepG2 cells,,,
TCF12,SGPL1,cns,TCF12 IP - SK-N-SH cells,,,
CTCF,SGPL1,lung,"CTCF IP - NHLF cells , CTCF IP - A549 cells, Rep 2 , CTCF ChIP-Seq - A549, CTCF IP - A549 cells, CTCF IP - IMR cells, CTCF IP | DEX - A549 cells, CTCF IP - A549 cells , CTCF IP - SAEC cells, Rep 2 , CTCF IP - SAEC cells, Rep 1 , CTCF IP - NHLF cells , CTCF IP - WI-38 cells, Rep 2 , CTCF IP | DEX - A549 cells , CTCF IP - HPF cells, Rep 1 , CTCF IP - A549 cells, Rep 1 , CTCF IP - AG04450 cells, Rep 2 , CTCF IP - HPF cells, Rep 2 , CTCF IP - AG04450 cells, Rep 1 , CTCF IP - WI-38 cells, Rep 1 ",,,
CTCF,SGPL1,leukocytes,"CTCF IP - GM12489 cells, Rep 1, CTCF IP - GM2610 cells, Rep 2 , CTCF IP - F36P cells, Rep 14 , CTCF IP - GM06990 cells, Rep 2 , CTCF IP - GM12006 cells, Rep 2, CTCF IP - GM19240 cells, Rep 2 , CTCF IP - GM12874 cells, Rep 1 , CTCF IP - GM12878 cells, Rep 2 , CTCF IP - F36P cells, Rep 13 , CTCF IP - GM10847 cells, Rep 1 , CTCF IP - GM12234 cells, CTCF IP - GM19238 cells, Rep 2 , CTCF IP - K562 cells, Rep 2 , CTCF IP - K562 cells, CTCF IP - GM12871 cells , CTCF IP - GM12287 cells, Rep 1, CTCF IP - GM19193 cells, Rep 1 , CTCF IP - GM12867 cells , CTCF IP - GM12870 cells , CTCF IP - GM07037 cells, CTCF IP - K562 cells, Rep 13 , CTCF IP - HL-60 cells, Rep 9 , CTCF IP - GM12872 cells, Rep 3 , CTCF IP - GM12749 cells, Rep 1, CTCF IP - GM2255 cells, Rep 3 , CTCF IP - UT-7 cells, Rep 6 , CTCF IP - GM07346 cells, CTCF IP -  DND , CTCF IP - GM12864 cells, Rep 2 , CTCF IP - HL , CTCF IP - GM18526 cells, Rep 1 , CTCF IP - K562 cells, Rep 12 , CTCF IP - F36P cells, Rep 2 , CTCF IP - CD14+ cells , CTCF IP - K562 cells, Rep 6 , CTCF IP - GM12489 cells, Rep 2, CTCF IP, CTCF IP - UT-7 cells, Rep 5 , CTCF IP - GM12891 cells, Rep 2 , CTCF IP - K562 cells, Rep 7 , CTCF IP - GM12864 cells, Rep 1 , CTCF IP - GM12815 cells, Rep 1, CTCF IP - GM19240 cells, Rep 1 , CTCF IP - GM2630 cells, Rep 1 , CTCF IP - K562 cells, Rep 4 , CTCF IP - GM12875 cells, Rep 1 , CTCF IP - K562 cells, Rep 1 , CTCF IP - GM12873 cells, Rep 3 , CTCF IP - GM12872 cells, CTCF IP - F36P cells, Rep 15 , CTCF IP - GM11994 cells, Rep 2, CTCF IP - GM12801 cells , CTCF IP - GM19099 cells, Rep 2 , CTCF IP - GM19099 cells, Rep 1 , CTCF IP - K562 cells, Rep 3 , CTCF IP - GM12869 cells , CTCF IP - GM19239 cells, Rep 2 , CTCF IP - GM12154 cells, Rep 2, CTCF IP - F36P cells, Rep 10 , CTCF IP - K562 cells, Rep 10 , CTCF IP - GM18505 cells, Rep 1 , CTCF IP - GM11831 cells, CTCF IP - GM12865 cells, Rep 3 , CTCF IP - F36P cells, Rep 5 , CTCF IP - GM2255 cells, Rep 1 , CTCF IP - F36P cells, Rep 6 , CTCF IP - K562 cells , CTCF IP - GM12890 cells, Rep 2 , CTCF IP - GM11992 cells, Rep 1, CTCF IP - GM12878 cells, Rep 2 , CTCF IP - GM12872 cells, Rep 1 , CTCF IP - UT-7 cells, Rep 4 , CTCF IP - GM11994 cells, Rep 1, CTCF IP - GM19239 cells, Rep 1 , CTCF IP - GM12878 cells, Rep 1 , CTCF IP - F36P cells, Rep 9 , CTCF IP - HL-60 cells, Rep 3 , CTCF IP - GM19238 cells, Rep 1 , CTCF IP - KU812 cells, Rep 13 , CTCF IP - KU812 cells, Rep 17 , CTCF IP - UT-7 cells, Rep 3 , CTCF IP - GM12154 cells, Rep 1, CTCF IP - U-937 cells, Rep 2 , CTCF IP - GM10847 cells, Rep 2 , CTCF IP - K562 cells, Rep 11 , CTCF IP - GM12874 cells, CTCF IP - GM11811 cells, Rep 2, CTCF IP - KU812 cells, Rep 9 , CTCF IP - GM12866 cells , CTCF IP - GM12891 cells, Rep 1 , CTCF IP - GM12872 cells, Rep 2 , CTCF IP - K562 cells, Rep 5 , CTCF IP - MS1 cells, Rep 4 , CTCF IP - F36P cells, Rep 1 , CTCF IP - U-937 cells, Rep 1 , CTCF IP - GM12868 cells , CTCF IP - GM2588 cells, Rep 3 , CTCF IP - K562 cells, Rep 8 , CTCF IP - GM18526 cells, Rep 2 , CTCF IP - GM12865 cells, Rep 1 , CTCF IP - GM11992 cells, Rep 2, CTCF IP - GM18505 cells, Rep 2 , CTCF IP - GM12864 cells, Rep 3 , CTCF IP - GM12873 cells, Rep 1 , CTCF IP - GM18951 cells, Rep 2 , CTCF IP - GM18486 cells, Rep 1 , CTCF IP - F36P cells, Rep 3 , CTCF IP - GM18951 cells, Rep 1 , CTCF IP - MS1 cells, Rep 1 , CTCF IP - GM11881 cells, CTCF IP - GM12865 cells, Rep 2 , CTCF IP - K562 cells, Rep 1 , CTCF IP - GM06990 cells, Rep 1 , CTCF IP - GM2610 cells, Rep 3 , CTCF IP - F36P cells, Rep 11 , CTCF IP - GM06986 cells, CTCF IP - GM2610 cells, Rep 1 , CTCF IP - GM12892 cells, Rep 1 , CTCF IP - MS1 cells, Rep 2 , CTCF IP - K562 cells, CTCF IP - GM18486 cells, Rep 2 , CTCF IP - HL-60 cells, Rep 2 , CTCF IP - GM12815 cells, Rep 2, CTCF IP - KU812 cells, Rep 1 , CTCF IP - HL-60 cells, Rep 7 , CTCF IP - GM12890 cells, Rep 3 , CTCF IP - GM2630 cells, Rep 3 , CTCF IP - GM12006 cells, Rep 1, CTCF IP - K562 cells, Rep 9 , CTCF IP - F36P cells, Rep 17 , CTCF IP - HeLa cells, Rep 2 , CTCF IP - GM11894 cells, Rep 2, CTCF IP - GM2588 cells, Rep 1 , CTCF IP - GM12155 cells, Rep 2, CTCF IP -  CD20+ cells , CTCF IP - GM12892 cells, Rep 2 , CTCF IP - GM12828 cells, CTCF IP - K562 cells, CTCF IP - F36P cells, Rep 19 , CTCF IP - NB4 cells , CTCF IP - GM11918 cells, Rep 1, CTCF IP - K562 cells, Rep 16 , CTCF IP - GM12873 cells, Rep 1 , CTCF IP - GM12878 cells , CTCF IP - GM12814 cells, Rep 1, CTCF IP - GM12890 cells, Rep 1 , CTCF IP - GM12878 cells, Rep 1 , CTCF IP - GM19193 cells, Rep 2 , CTCF IP - GM18486 cells, Rep 3 , CTCF IP - F36P cells, Rep 7 , CTCF IP - K562 cells, Rep 14 , CTCF IP - GM12814 cells, Rep 2, CTCF IP - GM12874 cells, Rep 2 , CTCF IP - GM2255 cells, Rep 2 , CTCF IP - KU812 cells, Rep 5 , CTCF IP - GM2630 cells, Rep 2 , CTCF IP - K562 cells, Rep 15 , CTCF IP - GM12749 cells, Rep 2, CTCF IP - HL-60 cells, Rep 5 , CTCF IP - GM2588 cells, Rep 2 , CTCF IP - GM12005 cells, Rep 2, CTCF IP - GM12005 cells, Rep 1, CTCF IP - GM12875 cells, Rep 2 , CTCF IP - GM10847 cells, Rep 3 , CTCF IP - GM11811 cells, Rep 1, CTCF IP - MS1 cells, Rep 3 , CTCF ChIP-Seq - GM12878",,,
TCF12,SGPL1,uterus,TCF12 IP - ECC1 cells,,,
CTCF,SGPL1,megakaryocytelineage,"CTCF IP - MEG-01 cells, Rep 10 , CTCF IP - MEG-01 cells, Rep 7 , CTCF IP - CHRF-288-11 cells, Rep 1 , CTCF IP - MEG-01 cells, Rep 4 , CTCF IP - MEG-01 cells, Rep 8 , CTCF IP - MEG-01 cells, Rep 6 , CTCF IP - CHRF-288-11 cells, Rep 2 , CTCF IP - MEG-01 cells, Rep 2 , CTCF IP - MEG-01 cells, Rep 9 ",,,
MXI1,SGPL1,cns,MXI1 IP - SK-N-SH cells ,,,
CEBPB,SGPL1,stemcells,"CEBPB IP, CEBPB IP, CEBPB IP, CEBPB IP",,,
HEY1,SGPL1,liver,HEY1 IP - HepG2 cells,,,
STAT3,SGPL1,leukocytes,"STAT3 IP - SU-DHL-6, STAT3 IP - OCI-LY19, STAT3 IP - SU-DHL-4",,,
CTCF,SGPL1,esophagus,"CTCF IP - HEEpiC cells, Rep 1 , CTCF IP - HEEpiC cells, Rep 2 ",,,
CTCF,SGPL1,hspcs,"CTCF IP - HEL 92.1.7 cells, Rep 4 , CTCF IP - HSPCs, Rep 2, CTCF IP - HEL 92.1.7 cells, Rep 13 , CTCF IP - HEL 92.1.7 cells, Rep 2 , CTCF IP - HEL 92.1.7 cells, Rep 10 , CTCF IP - HEL 92.1.7 cells, Rep 11 , CTCF IP - Erythroid cells, Rep 1, CTCF IP - HSPCs, Rep 1, CTCF IP - HEL 92.1.7 cells, Rep 14 , CTCF IP - HEL 92.1.7 cells, Rep 8 , CTCF IP - HEL 92.1.7 cells, Rep 7 , CTCF IP - HEL 92.1.7 cells, Rep 5 , CTCF IP - HEL 92.1.7 cells, Rep 1 , CTCF IP - Erythroid cells, Rep 2",,,
MAX,SGPL1,leukocytes,"MAX IP - K562 cells, Rep 2, MAX IP - GM12878 cells, MAX IP - NB4 cells, MAX IP - K562 cells",,,
CTCF,SGPL1,cns,"CTCF IP - cerebellar astrocyte cells, Rep 2 , CTCF IP - BE(2)-C cells, Rep 1 , CTCF IP - SK cells, CTCF IP - spinal cord astrocyte cells, Rep 2 , CTCF IP - BE(2)-C cells, Rep 2 , CTCF IP - HCPEpiC cells, Rep 1 , CTCF IP - cerebellar astrocyte cells, Rep 1 , CTCF IP - HCPEpiC cells, Rep 2 , CTCF IP - SK-N-SH cells, Rep 2 , CTCF IP - SK-N-SH cells, Rep 1 , CTCF IP - NHA cells , CTCF IP - spinal cord astrocyte cells, Rep 1 , CTCF IP - SK-N-SH cells ",,,
ELF1,SGPL1,colon,ELF1 IP - HCT116 cells,,,
KLF11,SGPL1,adiposetissue,"ROSI (BrAT) | KLF11 ChIP-Seq, Rep 2, KLF11 ChIP-Seq, Rep 1, KLF11 ChIP-Seq, Rep 2, ROSI (BrAT) | KLF11 ChIP-Seq, Rep 1",,,
ROSI,SGPL1,adiposetissue,"ROSI (BrAT) | KLF11 ChIP-Seq, Rep 2, ROSI (BrAT) | KLF11 ChIP-Seq, Rep 1",,,
MAX,SGPL1,lung,"MAX IP - A549 cells, MAX IP - A549 cells",,,
CEBPB,SGPL1,lung,"CEBPB IP - A549 cells, CEBPB ChIP-Seq - A549, CEBPB ChIP-Seq - IMR90",,,
CREB1,SGPL1,liver,"CREB1 IP, CREB1 IP - HepG2 cells",,,
FOXA1,SGPL1,prostate,"FOXA1 ChIP-Seq - Rep 1, CON KD + R1881 | FOXA1 ChIP-Seq - Rep 1, FOXA1 ChIP-Seq - Rep 2, CREB1 siRNA | FOXA1 ChIP-Seq - Rep 1, CON KD | FOXA1 ChIP-Seq, DHT | FOXA1 ChIP-Seq, GATA2 KD  | FOXA1 ChIP-Seq, FOXA1 ChIP-Seq, EtOH | FOXA1 ChIP-Seq - , GATA2 KD + R1881 | FOXA1 ChIP-Seq, DHT | FOXA1 ChIP-Seq, FOXA1 ChIP-Seq - LNCaP-abl, CON KD + R1881 | FOXA1 ChIP-Seq - Rep 2, CON KD + R1881 | FOXA1 ChIP-Seq, PIAS1 + R1881 | FOXA1 ChIP-Seq - Rep 2, PIAS1 + R1881 | FOXA1 ChIP-Seq - Rep 1, FOXA1 KD | GATA2 ChIP-Seq, FOXA1 ChIP-Seq, FOXA1 ChIP-Seq, EtOH | FOXA1 ChIP-Seq - Rep 2, FOXA1 siRNA | CREB1 ChIP-Seq - Rep 2, CON KD  | FOXA1 ChIP-Seq, CREB1 siRNA | FOXA1 ChIP-Seq - Rep 2, R1881 | FOXA1 ChIP-Seq - Rep 1, FOXA1 ChIP-Seq, CON KD | FOXA1 ChIP-Seq, FOXA1 + FBS | GATA2 ChIP-Seq",,,
FOXA1,SGPL1,mammarygland,"FOXA1 ChIP-Seq - Rep 2, DHT | FOXA1 ChIP-Seq, 17BE2 | FOXA1 ChIP-Seq - Rep 1, FOXA1 ChIP-Seq - Rep 1, 17BE2 | FOXA1 ChIP-Seq - Rep 2, 17BE2 | FOXA1 ChIP-Seq - Rep 1, DEX | FOXA1 ChIP-Seq - Rep 2, FOXA1 IP - T47D cells, FOXA1 ChIP-Seq - Rep 1, 17BE2 | FOXA1 ChIP-Seq, DEX | FOXA1 ChIP-Seq - Rep 1, DEX | FOXA1 ChIP-Seq - Rep 2, FOXA1 ChIP-Seq - Rep 2",,,
GATA2,SGPL1,prostate,"CON KD  | GATA2 ChIP-Seq, CON KD + R1881 | GATA2 ChIP-Seq, GATA2 KD  | FOXA1 ChIP-Seq, GATA2 ChIP-Seq - Rep 2, GATA2 KD + R1881 | FOXA1 ChIP-Seq, GATA2 ChIP-Seq - Rep 1, CON KD + FBS | GATA2 ChIP-Seq, GATA2 ChIP-Seq, FOXA1 KD | GATA2 ChIP-Seq, CON KD | GATA2 ChIP-Seq, FOXA1 + FBS | GATA2 ChIP-Seq",,,
CTCF,SGPL1,uterus,"CTCF IP - HeLa cells, Rep 1 , CTCF IP - ECC1 cells, CTCF IP - HeLa cells ",,,
DHT,SGPL1,mammarygland,"DHT | FOXA1 ChIP-Seq, DHT | MYC ChIP-Seq",,,
CTCF,SGPL1,skin,"CTCF IP - AG04449 cells, Rep 2 , CTCF IP - NHEK cells, Rep 2 , CTCF IP - BJ cells, Rep 2 , CTCF IP - AG09309 cells, Rep 1 , CTCF IP - BJ cells, Rep 1 , CTCF IP - NHEK cells , CTCF IP - AG09309 cells, Rep 2 , CTCF IP - HFFC cells, Rep 1 , CTCF IP - NHDF cells , CTCF IP - HFFC cells, Rep 3 , CTCF IP - NHDF cells, Rep 1 , CTCF IP - NHDF cells, Rep 2 , CTCF IP - AG10803 cells, Rep 1 , CTCF IP - GM12878 cells, Rep 2 , CTCF IP - AG04449 cells, Rep 1 , CTCF IP - HFFC cells, Rep 2 , CTCF IP - AG10803 cells, Rep 2 ",,,
GABPA,SGPL1,stemcells,GABPA IP - H1 cells,,,
JUND,SGPL1,cns,JUND IP - SK-N-SH cells,,,
SPI1,SGPL1,leukocytes,"SPI1 IP, SPI1 IP - HL cells, SPI1 IP, SPI1 IP, SPI1 IP, SPI1 IP, SPI1 IP - GM12891 cells",,,
STAT3,SGPL1,mammarygland,"STAT3 IP - MCF10A cells, Rep 1, STAT3 IP - MCF10A cells, Rep 2, STAT3 IP | 4HT - MCF10 cells, 12 h, STAT3 IP | 4HT - MCF10 cells, 36 h",,,
CTCF,SGPL1,mammarygland,"CTCF IP - MCF7 cells, CTCF IP - HMEC cells , CTCF IP - HMEC cells, Rep 2 , CTCF IP - HMEC cells, Rep 1 , CTCF IP - MCF-7 cells, Rep 1 , CTCF IP - HMF cells, Rep 2 , CTCF IP - HMF cells, Rep 1 , CTCF IP - MCF-7 cells Rep 2 , CTCF IP - T47D cells",,,
ERG,SGPL1,prostate,"ERG ChIP-Seq, DMSO | ERG ChIP-Seq - Rep 2, DHT | ERG ChIP-Seq - 18 h, ERG ChIP-Seq, DHT | ERG ChIP-Seq - 2 h, DMSO | ERG ChIP-Seq - Rep 1",,,
MXI1,SGPL1,uterus,MXI1 IP - HeLa cells,,,
RELA,SGPL1,leukocytes,"RELA IP | TNF - GM18951 cells, RELA IP | TNF - GM12891 cells, RELA IP | TNF - GM12892 cells, RELA IP | BAY082  - IVD Th1 cells, PIA, RELA IP | TNF - GM15510 cells",,,
TNF,SGPL1,leukocytes,"RELA IP | TNF - GM18951 cells, RELA IP | TNF - GM12891 cells, RELA IP | TNF - GM12892 cells, RELA IP | TNF - GM15510 cells",,,
REST,SGPL1,pancreas,"REST IP - Panc1 cells, Rep 3",,,
17BE2,SGPL1,mammarygland,"17BE2 | FOXA1 ChIP-Seq - Rep 1, 17BE2 | FOXA1 ChIP-Seq - Rep 2, 17BE2 | FOXA1 ChIP-Seq - Rep 1, 17BE2 | FOXA1 ChIP-Seq",,,
IRF1,SGPL1,colon,IRF1 IP ,,,
MAZ,SGPL1,liver,MAZ IP - HepG2 cells,,,
E2F1,SGPL1,prostate,"BICALU | E2F1 ChIP-Seq - Rep 2, BICALU | E2F1 ChIP-Seq - Rep 3, E2F1 ChIP-Seq - Rep 3, E2F1 ChIP-Seq - Rep 4, HES6 OE | E2F1 ChIP-Seq - Rep 1, HES6 OE + BICALU | E2F1 ChIP-Seq - Rep 1, E2F1 ChIP-Seq - Rep 1, HES6 OE + BICALU | E2F1 ChIP-Seq - Rep 3, BICALU | E2F1 ChIP-Seq - Rep 1",,,
BICALU,SGPL1,prostate,"BICALU | E2F1 ChIP-Seq - Rep 2, BICALU | E2F1 ChIP-Seq - Rep 3, HES6 OE + BICALU | E2F1 ChIP-Seq - Rep 1, HES6 OE + BICALU | E2F1 ChIP-Seq - Rep 3, BICALU | E2F1 ChIP-Seq - Rep 1",,,
MYC,SGPL1,leukocytes,"MYC IP - K562 cells, Rep 1, MYC IP - NB4 cells, MYC IP | IFNG - K562 cells, 6 h, MYC IP | IFNG - K562 cells, 30 min",,,
GATA3,SGPL1,lung,GATA3 IP - A549 cells,,,
YY1,SGPL1,lung,YY1 IP - A549 cells,,,
EGR1,SGPL1,uterus,EGR1 IP - ECC1 cells,,,
CREB1,SGPL1,leukocytes,CREB1 IP - GM12878 cells,,,
CTCF,SGPL1,vasculature,"CTCF IP - HPAF cells, Rep 1 , CTCF IP - AoAFC cells, Rep 2 , CTCF IP - HPAF cells, Rep 2 , CTCF IP - AoAFC cells, Rep 1 , CTCF IP - HBMEC cells, Rep 1 , CTCF IP - HBMEC cells, Rep 2 , CTCF IP - HUVEC cells , CTCF IP - HUVEC cells, Rep 2 , CTCF IP - HUVEC cells, Rep 1 ",,,
ELF1,SGPL1,mammarygland,ELF1 IP - MCF7 cells,,,
CTCF,SGPL1,kidney,"CTCF IP - HEK293 cells, Rep 1 , CTCF IP - RPTEC cells, Rep 2 , CTCF IP - HRE cells, Rep 1 , CTCF IP - HRE cells, Rep 2 , CTCF IP - HEK293 cells, Rep 2 , CTCF IP - RPTEC cells, Rep 1 ",,,
IRF4,SGPL1,leukocytes,"IRF4 IP - GM12878 cells, IRF4 IP",,,
YY1,SGPL1,leukocytes,"YY1 IP - GM12878 cells, YY1 IP - GM12891 cells, YY1 IP - K562 cells, Rep 1, YY1 IP - K562 cells, Rep 2, YY1 IP - GM12892 cells, Rep 1",,,
MEF2A,SGPL1,leukocytes,MEF2A IP - GM12878 cells,,,
GABPA,SGPL1,leukocytes,"GABPA IP - K562 cells, GABPA IP - Jurkat, Rep 2",,,
TEAD4,SGPL1,colon,TEAD4 IP - HCT116 cells,,,
HIF1A,SGPL1,bone,HIF1A IP,,,
CTCF,SGPL1,skeletalmuscle,"CTCF IP - HSMM cells, Rep 2 , CTCF IP - HSMM cells, Rep 1 ",,,
ZBTB7A,SGPL1,uterus,ZBTB7A IP - ECC1 cells,,,
MXI1,SGPL1,leukocytes,MXI1 IP - GM12878 cells,,,
SRF,SGPL1,colon,SRF IP - HCT116 cells,,,
FOXA1,SGPL1,pancreas,"FOXA1 IP, FOXA1 IP, FOXA1 IP | KLF5 KO",,,
ZNF263,SGPL1,kidney,ZNF263 IP - HEK293 cells,,,
FOXP1,SGPL1,prostate,DHT | FOXP1 ChIP-Seq,,,
DHT,SGPL1,prostate,"DHT | FOXP1 ChIP-Seq, DHT | FOXA1 ChIP-Seq, DHT | FOXA1 ChIP-Seq, DHT | ERG ChIP-Seq - 18 h, DHT | ERG ChIP-Seq - 2 h",,,
E2F6,SGPL1,leukocytes,"E2F6 IP - K562 cells, E2F6 IP - K562 cells",,,
TBP,SGPL1,leukocytes,TBP IP - K562 cells,,,
R1881,SGPL1,prostate,"CON KD + R1881 | FOXA1 ChIP-Seq - Rep 1, CON KD + R1881 | GATA2 ChIP-Seq, GATA2 KD + R1881 | FOXA1 ChIP-Seq, CON KD + R1881 | FOXA1 ChIP-Seq - Rep 2, GABPA IP | R1881, CON KD + R1881 | FOXA1 ChIP-Seq, PIAS1 + R1881 | FOXA1 ChIP-Seq - Rep 2, PIAS1 + R1881 | FOXA1 ChIP-Seq - Rep 1, R1881 | FOXA1 ChIP-Seq - Rep 1",,,
CREB1,SGPL1,prostate,"CREB1 siRNA | FOXA1 ChIP-Seq - Rep 1, CREB1 ChIP-Seq - LNCaP-abl, FOXA1 siRNA | CREB1 ChIP-Seq - Rep 2, CREB1 siRNA | FOXA1 ChIP-Seq - Rep 2",,,
SRF,SGPL1,stemcells,"SRF IP - Rep 1 , SRF IP - Rep 2 , SRF IP - Rep 3 , SRF IP - Rep 7 , SRF IP - Rep 5 , SRF IP - Rep 4 , SRF IP - Rep 6 ",,,
JUN,SGPL1,mammarygland,JUN IP - Rep 2,,,
EOMES,SGPL1,stemcells,EOMES IP - Rep 2 ,,,
CTCF,SGPL1,colon,"CTCF IP - HCT116 cells, Rep 1 , CTCF IP - Rep 2 , CTCF IP - Caco , CTCF IP - HCT116 cells, Rep 2 , CTCF IP - Caco-2 cells, Rep 1 , CTCF IP - HCT116 cells",,,
NFYB,SGPL1,uterus,NFYB IP - HeLa cells,,,
CTCF,SGPL1,heart,"CTCF IP - HCF cells , CTCF IP - myocytes cells, Rep 1 , CTCF IP - myocytes cells, Rep 2 ",,,
STAT3,SGPL1,uterus,STAT3 IP - HeLa cells,,,
ELF1,SGPL1,leukocytes,"ELF1 IP - SK-N-SH cells, ELF1 IP - SK-N-SH cells",,,
CTCF,SGPL1,pancreas,CTCF IP,,,
MAX,SGPL1,liver,"MAX IP - MCF7 cells, MAX IP - HepG2 cells",,,
GATA3,SGPL1,mammarygland,"GATA3 IP - MCF-7 cells, GATA3 IP - T47D cells, GATA3 IP - MCF7 cells",,,
CTCF,SGPL1,miscellaneous,"CTCF IP - AG09319 cells, Rep 2 , CTCF IP - AG09319 cells, Rep 1 ",,,
JUN,SGPL1,colon,JUN IP ,,,
JUN,SGPL1,leukocytes,"JUN IP | IFNA1-13 - 30 min , JUN IP - K562 cells, Rep 1",,,
IFNA1,SGPL1,leukocytes,JUN IP | IFNA1-13 - 30 min ,,,
CTCF,SGPL1,stemcells,"CTCF IP - Rep 3 , CTCF IP - Rep 4 , CTCF IP - Rep 2 , CTCF IP - H1 cells, CTCF IP - H1 cells , CTCF IP - Rep 5 , CTCF IP - Rep 6 , CTCF IP - Rep 1 , CTCF IP - Rep 7 ",,,
TCF3,SGPL1,leukocytes,TCF3 IP - GM12878 cells,,,
CEBPB,SGPL1,uterus,"CEBPB IP - ECC1 cells, CEBPB ChIP-Seq - HeLaS3",,,
SIX2,SGPL1,kidney,"SIX2 IP - 17 weeks, Rep 2, SIX2 IP - 17 weeks, Rep 1, SIX2 IP -  16 weeks",,,
DEX,SGPL1,lung,"CTCF IP | DEX - A549 cells, CTCF IP | DEX - A549 cells , CREB1 IP | DEX - A549 cells",,,
TAL1,SGPL1,leukocytes,TAL1 IP - K562 cells,,,
YY1,SGPL1,liver,YY1 IP - HepG2 cells,,,
CEBPB,SGPL1,liver,"CEBPB IP - HepG2 cells, CEBPB IP | FORSK - HepG2 cells",,,
STAT1,SGPL1,leukocytes,"STAT1 IP - Rep 5, STAT1 IP - Rep 3, STAT1 IP - Rep 1, STAT1 IP - Rep 2",,,
IFNG,SGPL1,leukocytes,"STAT1 IP - Rep 5, STAT1 IP - Rep 3, STAT1 IP - Rep 1, STAT1 IP - Rep 2, IRF1 IP | IFNG - K562 cells, 6 h, MYC IP | IFNG - K562 cells, 6 h, MYC IP | IFNG - K562 cells, 30 min",,,
MYC,SGPL1,uterus,MYC IP - HeLa cells,,,
CTCF,SGPL1,placenta,"CTCF IP - HVMF cells, Rep 1 , CTCF IP - HVMF cells, Rep 2 ",,,
POU2F2,SGPL1,leukocytes,POU2F2 IP - GM12878 cells,,,
CEBPB,SGPL1,colon,"CEBPB IP - HCT116 cells, CEBPB IP | 125DVD3, CEBPB IP",,,
PAX5,SGPL1,leukocytes,"PAX5 IP - GM12891 cells, PAX5 IP - GM12878 cells, Rep 2, PAX5 IP - GM12892 cells, PAX5 IP - GM12878 cells, Rep 1",,,
TCF7L2,SGPL1,uterus,TCF7L2 IP - HeLa cells,,,
JUND,SGPL1,colon,JUND IP - HCT116 cells,,,
GABPA,SGPL1,uterus,GABPA IP - HeLa cells,,,
GABPA,SGPL1,liver,"GABPA IP - MCF7 cells, GABPA IP - HepG2 cells",,,
ZBTB7A,SGPL1,leukocytes,ZBTB7A IP - SK-N-SH cells,,,
TEAD4,SGPL1,stemcells,TEAD4 IP - H1 cells,,,
E2F4,SGPL1,leukocytes,E2F4 IP - K562 cells,,,
SP1,SGPL1,colon,SP1 IP - HCT116 cells,,,
CTCF,SGPL1,sensory,"CTCF IP - WERI-Rb-1- cells, Rep 1 , CTCF IP - HRPEpiC cells, Rep 1 , CTCF IP - WERI , CTCF IP - HRPEpiC cells, Rep 2 ",,,
IRF1,SGPL1,pancreas,IRF1 IP,,,
TP53,SGPL1,leukocytes,TP53 IP - Doxo DNA damage,,,
HMGN3,SGPL1,leukocytes,HMGN3 IP - K562 cells,,,
NFKB1,SGPL1,leukocytes,NFKB1 IP - Rep 2,,,
TEAD1,SGPL1,cns,TEAD1 IP - Rep 1,,,
E2F3,SGPL1,colon,E2F3 IP ,,,
SRF,SGPL1,mammarygland,SRF IP - MCF7 cells,,,
MYC,SGPL1,mammarygland,"MYC IP - MCF-10A cells, DHT | MYC ChIP-Seq",,,
CTCF,SGPL1,liver,"CTCF IP - HepG2 cells, Rep 1 , CTCF IP - HepG2 cells, Rep 2 , CTCF IP - SK-N-SH cells, CTCF IP, CTCF IP - HepG2 cells ",,,
FOXP1,SGPL1,leukocytes,FOXP1 IP - OCI-LY10,,,
ETV5,SGPL1,colon,ETV5 IP ,,,
FORSK,SGPL1,liver,CEBPB IP | FORSK - HepG2 cells,,,
EBF1,SGPL1,leukocytes,"EBF1 IP - GM12878 cells, EBF1 IP - GM12878 cells",,,
FOXM1,SGPL1,mammarygland,FOXM1 IP | THSP - DS006,"26456572,",,
USF1,SGPL1,colon,USF1 IP - HCT116 cells,,,
CEBPB,SGPL1,leukocytes,"CEBPB IP, CEBPB ChIP-Seq - K562, CEBPB IP, CEBPB IP, CEBPB IP",,,
ELF3,SGPL1,pancreas,"ELF3 IP, ELF3 IP, ELF3 IP | KLF5 KO",,,
GABPA,SGPL1,cns,GABPA IP - SK-N-SH cells,,,
FOXA2,SGPL1,lung,FOXA2 IP - A549 cells,,,
KLF5,SGPL1,stomach,KLF5 IP - KATOIII,,,
JUND,SGPL1,vasculature,JUND IP,,,
MYB,SGPL1,leukocytes,"MYB IP - Jurkat, Rep 5, MYB IP - MOLT3, MYB IP - Jurkat, Rep 4, MYB IP - Jurkat, Rep 2, MYB IP - Jurkat, Rep 1, MYB IP - Jurkat, Rep 3",,,
125DVD3,SGPL1,colon,CEBPB IP | 125DVD3,,,
SATB1,SGPL1,liver,SATB1 IP,,,
MAFK,SGPL1,uterus,MAFK IP - HeLa cells,,,
MAX,SGPL1,stemcells,MAX IP - H1 cells,,,
YY1,SGPL1,stemcells,YY1 IP - H1 cells,,,
DEX,SGPL1,mammarygland,"DEX | FOXA1 ChIP-Seq - Rep 2, DEX | FOXA1 ChIP-Seq - Rep 1, DEX | FOXA1 ChIP-Seq - Rep 2",,,
ELF1,SGPL1,liver,ELF1 IP - HepG2 cells,,,
STAT1,SGPL1,uterus,"STAT1 IP | IFNG - HeLa cells, 30 min",,,
IFNG,SGPL1,uterus,"STAT1 IP | IFNG - HeLa cells, 30 min",,,
KLF5,SGPL1,pancreas,"KLF5 IP, FOXA1 IP | KLF5 KO, ELF3 IP | KLF5 KO",,,
FOXH1,SGPL1,embryonictissue,FOXH1 IP - endoderm,,,
GATA3,SGPL1,cns,"GATA3 IP - SHSY5Y cells, GATA3 IP - SK-N-SH cells",,,
REST,SGPL1,stemcells,"REST IP - H1 cells, Rep 1",,,
ZNF143,SGPL1,leukocytes,"ZNF143 IP - GM12878 cells, ZNF143 IP - K562 cells",,,
GTF2F1,SGPL1,uterus,GTF2F1 IP - HeLa cells,,,
BHLHE40,SGPL1,leukocytes,"BHLHE40 IP - K562 cells, BHLHE40 IP - GM12878 cells",,,
MAZ,SGPL1,lung,MAZ IP - IMR cells,,,
HOXA4,SGPL1,colon,HOXA4 IP ,,,
ZNF143,SGPL1,stemcells,ZNF143 IP - H1 cells,,,
ATF3,SGPL1,colon,"ATF3 IP - HCT116 cells, ATF3 IP",,,
JUND,SGPL1,stemcells,"JUND IP - H1 cells, JUND IP - H1 cells",,,
MXI1,SGPL1,liver,MXI1 IP - HepG2 cells,,,
TBP,SGPL1,stemcells,TBP IP - H1 cells,,,
GABPA,SGPL1,prostate,GABPA IP | R1881,,,
ELK1,SGPL1,uterus,ELK1 IP - HeLa cells,,,
ELF1,SGPL1,lung,ELF1 IP - A549 cells,,,
ZNF143,SGPL1,uterus,ZNF143 IP - HeLa cells,,,
PIAS1,SGPL1,prostate,"PIAS1 + R1881 | FOXA1 ChIP-Seq - Rep 2, PIAS1 + R1881 | FOXA1 ChIP-Seq - Rep 1",,,
MYBL2,SGPL1,liver,MYBL2 IP - HepG2 cells,,,
E2F4,SGPL1,mammarygland,E2F4 IP | 4HT - MCF10 cells,,,
4HT,SGPL1,mammarygland,"E2F4 IP | 4HT - MCF10 cells, STAT3 IP | 4HT - MCF10 cells, 12 h, FOS IP | 4HT - MCF10A cells, 4 h, STAT3 IP | 4HT - MCF10 cells, 36 h",,,
HEY1,SGPL1,leukocytes,HEY1 IP - K562 cells,,,
TCF7L2,SGPL1,pancreas,TCF7L2 IP,,,
USF1,SGPL1,leukocytes,USF1 IP - K562 cells,,,
ETS1,SGPL1,leukocytes,"ETS1 IP - K562 cells, ETS1 IP - GM12878 cells, ETS1 IP",,,
HES6,SGPL1,prostate,"HES6 OE | E2F1 ChIP-Seq - Rep 1, HES6 OE + BICALU | E2F1 ChIP-Seq - Rep 1, HES6 OE + BICALU | E2F1 ChIP-Seq - Rep 3",,,
ZBTB7A,SGPL1,liver,ZBTB7A IP - HepG2 cells,,,
E2F1,SGPL1,mammarygland,"E2F1 IP - MCF7 cells, E2F1 IP",,,
SIX5,SGPL1,lung,SIX5 IP | DEX - A549 cells,,,
CEBPB,SGPL1,mammarygland,CEBPB IP - MCF7 cells,,,
TP53,SGPL1,mammarygland,TP53 IP,,,
CTCF,SGPL1,adiposetissue,"CTCF ChIP-Seq - d -2, CTCF ChIP-Seq - d 9, CTCF ChIP-Seq - d 0",,,
PBX3,SGPL1,cns,PBX3 IP - SK-N-SH cells,,,
JUND,SGPL1,leukocytes,JUND IP - K562 cells,,,
YY1,SGPL1,colon,YY1 IP - HCT116 cells,,,
BAY082,SGPL1,leukocytes,"RELA IP | BAY082  - IVD Th1 cells, PIA",,,
EGR1,SGPL1,colon,EGR1 IP - HCT116 cells,,,
MXI1,SGPL1,lung,MXI1 IP - IMR cells,,,
FOS,SGPL1,mammarygland,"FOS IP | 4HT - MCF10A cells, 4 h",,,
MAZ,SGPL1,leukocytes,"MAZ IP - K562 cells, MAZ IP - GM12878 cells",,,
JUND,SGPL1,uterus,JUND IP - HeLa cells,,,
RUNX1,SGPL1,hspcs,RUNX1,,,
FOXM1,SGPL1,leukocytes,FOXM1 IP - GM12878 cells,,,
JUN,SGPL1,vasculature,JUN IP,,,
SMAD1,SGPL1,hspcs,SMAD1 IP - Rep 3,,,
TCF7L2,SGPL1,mammarygland,TCF7L2 ChIP-Seq,,,
YY1,SGPL1,cns,"YY1 IP - SK-N-SH cells, YY1 IP | ATRA - SK-N-SH cells",,,
IRF1,SGPL1,leukocytes,"IRF1 IP | IFNG - K562 cells, 6 h",,,
TCF12,SGPL1,stemcells,TCF12 IP - H1 cells,,,
E2F6,SGPL1,stemcells,E2F6 IP - H1 cells,,,
E2F1,SGPL1,uterus,"E2F1 IP - HeLa cells, Rep 2",,,
ARID3A,SGPL1,liver,ARID3A IP - HepG2 cells,,,
GATA2,SGPL1,hspcs,GATA2 IP,,,
GATA2,SGPL1,vasculature,GATA2 IP - HUVEC cells,,,
MYC,SGPL1,lung,MYC IP - A549 cells,,,
SIX1,SGPL1,kidney,"SIX1 IP - 17 weeks, Rep 1",,,
TEAD4,SGPL1,leukocytes,TEAD4 IP - K562 cells,,,
SP1,SGPL1,stemcells,SP1 IP - H1 cells,,,
JUND,SGPL1,liver,JUND IP - HepG2 cells,,,
FOXA1,SGPL1,liver,"FOXA1 IP - HepG2 cells, Rep 2",,,
SOX2,SGPL1,stemcells,SOX2 IP,,,
CEBPA,SGPL1,leukocytes,CEBPA IP,,,
UBTF,SGPL1,leukocytes,UBTF IP - K562 cells,,,
FOXA2,SGPL1,embryonictissue,FOXA2 IP - Rep 2,,,
GATA2,SGPL1,cns,GATA2 ChIP-Seq SH-SY5Y,,,
GATA4,SGPL1,stomach,GATA4 IP - AGS,,,
ATRA,SGPL1,cns,YY1 IP | ATRA - SK-N-SH cells,,,
E2F4,SGPL1,uterus,E2F4 IP - HeLa cells,,,
FOSL1,SGPL1,colon,FOSL1 IP - HCT116 cells,,,
EGR1,SGPL1,liver,EGR1 IP - MCF7 cells,,,
THAP1,SGPL1,leukocytes,THAP1 IP - K562 cells,,,
FOXA2,SGPL1,liver,FOXA2 IP - HepG2 cells,,,
TEAD4,SGPL1,uterus,TEAD4 IP - ECC1 cells,,,
TAL1,SGPL1,colon,TAL1 IP ,,,
EGR1,SGPL1,leukocytes,"EGR1 IP - GM12878 cells, Rep 1, EGR1 IP - K562 cells",,,
ELF1,SGPL1,cns,ELF1 IP - SK-N-SH cells,,,
SRF,SGPL1,leukocytes,SRF IP - SK-N-SH cells,,,
REST,SGPL1,liver,"REST IP - HepG2 cells, Rep 2",,,
MAX,SGPL1,cns,MAX IP - SK-N-SH cells,,,
SP1,SGPL1,lung,SP1 IP - A549 cells,,,",21184844"
TCF12,SGPL1,lung,TCF12 IP - A549 cells,,,
YY1,SGPL1,uterus,YY1 IP - ECC1 cells,,,
CTCF,SGPL1,bone,CTCF IP - Osteoblasts ,,,
TBP,SGPL1,uterus,TBP IP - HeLa cells,,,
GATA2,SGPL1,leukocytes,GATA2 IP - K562 cells,,,
CREB1,SGPL1,lung,CREB1 IP | DEX - A549 cells,,,
TCF12,SGPL1,leukocytes,TCF12 IP - GM12878 cells,,,
MAZ,SGPL1,uterus,MAZ IP - HeLa cells,,,
JUND,SGPL1,lung,JUND IP - A549 cells,,,
MAX,SGPL1,colon,MAX IP - HCT116 cells,,,
SRF,SGPP1,stemcells,"SRF IP - Rep 7 , SRF IP - Rep 6 , SRF IP - Rep 5 , SRF IP - Rep 4 , SRF IP - Rep 1 ",,,
FOXA1,SGPP1,prostate,"FOXA1 KD | FOXA1 ChIP-Seq, FOXA1 ChIP-Seq - Rep 2, CREB1 siRNA | FOXA1 ChIP-Seq - Rep 1, CON KD | FOXA1 ChIP-Seq, CON KD + R1881 | FOXA1 ChIP-Seq - Rep 1, FOXA1 KD | FOXA1 ChIP-Seq - Rep 2, FOXA1 siRNA | CREB1 ChIP-Seq - Rep 2, EtOH | FOXA1 ChIP-Seq - , FOXA1 ChIP-Seq - VCaP, DHT | FOXA1 ChIP-Seq, FOXA1 ChIP-Seq - LNCaP, R1881 | FOXA1 ChIP-Seq - Rep 2, FOXA1 ChIP-Seq - LNCaP-abl, CON KD | FOXA1 ChIP-Seq, FOXA1 ChIP-Seq - C4- Rep 2B, CON KD + R1881 | FOXA1 ChIP-Seq - Rep 2, DHT | FOXA1 ChIP-Seq, FOXA1 ChIP-Seq - Rep 2, GATA2 KD + R1881 | FOXA1 ChIP-Seq, PIAS1 + R1881 | FOXA1 ChIP-Seq - Rep 2, PIAS1 + R1881 | FOXA1 ChIP-Seq - Rep 1, FOXA1 ChIP-Seq, CON KD | FOXA1 ChIP-Seq, WT AR OE + FOXA1 OE | FOXA1 ChIP-Seq - high FOXA1, EtOH | FOXA1 ChIP-Seq - Rep 2, FOXA1 KD | GATA2 ChIP-Seq, AR C562S OE + FOXA1 OE | FOXA1 ChIP-Seq, CREB1 siRNA | FOXA1 ChIP-Seq - Rep 2, FOXA1 KD | FOXA1 ChIP-Seq, CON KD + R1881 | FOXA1 ChIP-Seq, FOXA1 ChIP-Seq, R1881 | FOXA1 ChIP-Seq - Rep 1, GATA2 KD  | FOXA1 ChIP-Seq, FOXA1 ChIP-Seq, FOXA1 ChIP-Seq, DHT | FOXA1 ChIP-Seq - C4- Rep 2B, FOXA1 KD | FOXA1 ChIP-Seq - Rep 1, FOXA1 ChIP-Seq - Rep 1, FOXA1 ChIP-Seq - Rep 1, POU2F1 KD + DHT | FOXA1 ChIP-Seq, CON KD  | FOXA1 ChIP-Seq",,,
CREB1,SGPP1,prostate,"CREB1 siRNA | FOXA1 ChIP-Seq - Rep 1, FOXA1 siRNA | CREB1 ChIP-Seq - Rep 2, CREB1 ChIP-Seq - LNCaP, CREB1 siRNA | FOXA1 ChIP-Seq - Rep 2, CREB1 ChIP-Seq - LNCaP-abl, CREB1 ChIP-Seq - Rep 2",,,
YY1,SGPP1,leukocytes,"YY1 IP - GM12891 cells, YY1 IP - K562 cells, Rep 1, YY1 IP - GM12878 cells, YY1 IP - GM12892 cells, Rep 1",,,
IRF4,SGPP1,leukocytes,"IRF4 IP - GM12878 cells, IRF4 IP",,,
STAT3,SGPP1,uterus,STAT3 IP - HeLa cells,,,
CTCF,SGPP1,leukocytes,"CTCF IP - K562 cells, Rep 12 , CTCF IP - K562 cells , CTCF IP - F36P cells, Rep 2 , CTCF IP - GM12871 cells , CTCF IP - GM2255 cells, Rep 3 , CTCF IP - GM10847 cells, Rep 1 , CTCF IP -  DND , CTCF IP, CTCF IP - GM12878 cells, Rep 2 , CTCF IP - GM19238 cells, Rep 2 , CTCF IP - GM12872 cells, Rep 1 , CTCF IP - GM12006 cells, Rep 2, CTCF IP - GM18526 cells, Rep 1 , CTCF IP - GM19193 cells, Rep 1 , CTCF IP - CD14+ cells , CTCF IP - GM12154 cells, Rep 2, CTCF IP - GM12874 cells, Rep 1 , CTCF IP - GM12892 cells, Rep 2 , CTCF IP - F36P cells, Rep 15 , CTCF IP - GM2588 cells, Rep 1 , CTCF IP - GM07346 cells, CTCF IP - F36P cells, Rep 10 , CTCF IP - GM06990 cells, Rep 2 , CTCF IP - K562 cells, Rep 13 , CTCF IP - GM11831 cells, CTCF IP - GM11994 cells, Rep 2, CTCF IP - GM19193 cells, Rep 2 , CTCF IP - GM10847 cells, Rep 2 , CTCF IP - GM11994 cells, Rep 1, CTCF IP - GM19239 cells, Rep 1 , CTCF IP - K562 cells, Rep 11 , CTCF IP - GM12878 cells, Rep 1 , CTCF IP - GM12865 cells, Rep 2 , CTCF IP - GM19099 cells, Rep 1 , CTCF IP - F36P cells, Rep 6 , CTCF IP - GM06990 cells, Rep 1 , CTCF IP - GM19099 cells, Rep 2 , CTCF IP - GM2255 cells, Rep 1 , CTCF IP - KU812 cells, Rep 17 , CTCF IP - GM12890 cells, Rep 2 , CTCF IP - KU812 cells, Rep 13 , CTCF IP - K562 cells, Rep 1 , CTCF IP - UT-7 cells, Rep 3 , CTCF IP - GM12875 cells, Rep 1 , CTCF IP - GM19240 cells, Rep 2 , CTCF IP - GM12878 cells, Rep 2 , CTCF IP - KU812 cells, Rep 9 , CTCF IP - GM12864 cells, Rep 1 , CTCF IP - UT-7 cells, Rep 4 , CTCF IP - GM12869 cells , CTCF IP - GM19238 cells, Rep 1 , CTCF IP - GM12873 cells, Rep 3 , CTCF IP - GM11811 cells, Rep 2, CTCF IP - GM12865 cells, Rep 3 , CTCF IP - GM2610 cells, Rep 2 , CTCF IP - GM2610 cells, Rep 1 , CTCF IP - KU812 cells, Rep 1 , CTCF IP - GM12892 cells, Rep 1 , CTCF IP - GM12864 cells, Rep 3 , CTCF IP - GM2588 cells, Rep 3 , CTCF IP - GM11881 cells, CTCF IP - F36P cells, Rep 3 , CTCF IP - F36P cells, Rep 11 , CTCF IP - GM18526 cells, Rep 2 , CTCF IP - GM12874 cells, Rep 2 , CTCF IP - GM2610 cells, Rep 3 , CTCF IP - GM2630 cells, Rep 3 , CTCF IP - GM12890 cells, Rep 3 , CTCF IP - K562 cells, CTCF IP - GM18486 cells, Rep 2 , CTCF IP - MS1 cells, Rep 1 , CTCF IP - GM12875 cells, Rep 2 , CTCF IP - GM18951 cells, Rep 1 , CTCF IP - GM2630 cells, Rep 1 , CTCF IP - K562 cells, Rep 14 , CTCF IP - GM19240 cells, Rep 1 , CTCF IP - GM12878 cells , CTCF IP - GM12866 cells , CTCF IP - MS1 cells, Rep 2 , CTCF IP - F36P cells, Rep 7 , CTCF IP - GM06986 cells, CTCF IP - K562 cells, Rep 16 , CTCF IP - GM19239 cells, Rep 2 , CTCF IP - GM18505 cells, Rep 1 , CTCF IP - GM12873 cells, Rep 1 , CTCF IP - GM11894 cells, Rep 2, CTCF IP - GM12868 cells , CTCF IP - GM12865 cells, Rep 1 , CTCF IP - GM12891 cells, Rep 2 , CTCF IP - GM12814 cells, Rep 1, CTCF IP - KU812 cells, Rep 5 , CTCF IP - GM12005 cells, Rep 2, CTCF IP - GM2255 cells, Rep 2 , CTCF IP - K562 cells, Rep 15 , CTCF IP - GM12873 cells, Rep 1 , CTCF IP - GM12870 cells , CTCF IP - GM12867 cells , CTCF IP - GM18486 cells, Rep 3 , CTCF IP - GM12890 cells, Rep 1 , CTCF IP - GM11811 cells, Rep 1, CTCF IP - GM12872 cells, Rep 3 , CTCF IP - GM12864 cells, Rep 2 , CTCF IP - K562 cells, CTCF IP - F36P cells, Rep 19 , CTCF IP - MS1 cells, Rep 3 , CTCF IP - GM2630 cells, Rep 2 , CTCF IP - GM12891 cells, Rep 1 , CTCF IP - GM18951 cells, Rep 2 , CTCF IP - MS1 cells, Rep 4 , CTCF IP - HeLa cells, Rep 2 , CTCF ChIP-Seq - GM12878, CTCF IP - GM18505 cells, Rep 2 , CTCF IP -  CD20+ cells , CTCF IP - GM2588 cells, Rep 2 , CTCF IP - GM18486 cells, Rep 1 , CTCF IP - GM12878 cells, Rep 1 ",,,
MYC,SGPP1,mammarygland,DHT | MYC ChIP-Seq,,,
DHT,SGPP1,mammarygland,"DHT | MYC ChIP-Seq, DHT | TCF7L2 ChIP-Seq, DHT | FOXA1 ChIP-Seq",,,
CTCF,SGPP1,cns,"CTCF IP - BE(2)-C cells, Rep 1 , CTCF IP - SK cells, CTCF IP - cerebellar astrocyte cells, Rep 1 , CTCF IP - cerebellar astrocyte cells, Rep 2 , CTCF IP - BE(2)-C cells, Rep 2 , CTCF IP - SK-N-SH cells, Rep 2 , CTCF IP - HCPEpiC cells, Rep 2 , CTCF IP - HCPEpiC cells, Rep 1 , CTCF IP - SK-N-SH cells, Rep 1 , CTCF IP - spinal cord astrocyte cells, Rep 2 , CTCF IP - SK-N-SH cells ",,,
FOXA1,SGPP1,mammarygland,"FOXA1 IP - T47D cells, FOXA1 ChIP-Seq - Rep 2, FOXA1 ChIP-Seq - Rep 1, 17BE2 + TNF | FOXA1 ChIP-Seq - Rep 2, 17BE2 | FOXA1 ChIP-Seq - Rep 1, 17BE2 | FOXA1 ChIP-Seq - Rep 2, DEX | FOXA1 ChIP-Seq - Rep 2, DEX | FOXA1 ChIP-Seq - Rep 2, FOXA1 ChIP-Seq - Rep 2, 17BE2 | FOXA1 ChIP-Seq, 17BE2 | FOXA1 ChIP-Seq - Rep 2, FOXA1 ChIP-Seq - Rep 2, FOXA1 ChIP-Seq - Rep 1, DEX | FOXA1 ChIP-Seq - Rep 1, FOXA1 ChIP-Seq - Rep 1, 17BE2 | FOXA1 ChIP-Seq - Rep 1, FOXA1 IP - T47D, 17BE2 | FOXA1 ChIP-Seq - Rep 2, 17BE2 | FOXA1 ChIP-Seq - Rep 1, FOXA1 ChIP-Seq, DHT | FOXA1 ChIP-Seq, DEX | FOXA1 ChIP-Seq - Rep 2, DEX | FOXA1 ChIP-Seq - Rep 1, DEX | FOXA1 ChIP-Seq - Rep 1",,,
CTCF,SGPP1,liver,"CTCF IP - HepG2 cells, Rep 2 , CTCF IP - HepG2 cells, Rep 1 , CTCF IP, CTCF IP - SK-N-SH cells, CTCF IP - HepG2 cells ",,,
REST,SGPP1,cns,"REST IP - PFSK1 cells, Rep 2, REST IP - U87 cells, REST IP - SK cells",,,
CEBPB,SGPP1,uterus,"CEBPB IP - ECC1 cells, CEBPB ChIP-Seq - HeLaS3",,,
FOS,SGPP1,mammarygland,"FOS IP | 4HT - MCF10A cells, 4 h, FOS IP - MCF10A cells, FOS IP | 4HT - MCF10A cells, 36 h, FOS IP | 4HT - MCF10A cells, 12 h",,,
4HT,SGPP1,mammarygland,"FOS IP | 4HT - MCF10A cells, 4 h, FOS IP | 4HT - MCF10A cells, 36 h, FOS IP | 4HT - MCF10A cells, 12 h",,,
MAZ,SGPP1,lung,MAZ IP - IMR cells,,,
CTCF,SGPP1,skin,"CTCF IP - AG04449 cells, Rep 2 , CTCF IP - NHEK cells , CTCF IP - BJ cells, Rep 1 , CTCF IP - BJ cells, Rep 2 , CTCF IP - NHDF cells, Rep 2 , CTCF IP - AG10803 cells, Rep 1 , CTCF IP - GM12878 cells, Rep 2 , CTCF IP - AG09309 cells, Rep 1 , CTCF IP - NHDF cells, Rep 1 , CTCF IP - HFFC cells, Rep 3 , CTCF IP - AG09309 cells, Rep 2 , CTCF IP - HFFC cells, Rep 1 , CTCF IP - AG10803 cells, Rep 2 , CTCF IP - AG04449 cells, Rep 1 ",,,
GABPA,SGPP1,stemcells,GABPA IP - H1 cells,,,
ZBTB7A,SGPP1,leukocytes,ZBTB7A IP - SK-N-SH cells,,,
HIF1A,SGPP1,bone,HIF1A IP,,,
R1881,SGPP1,prostate,"CON KD + R1881 | FOXA1 ChIP-Seq - Rep 1, R1881 | FOXA1 ChIP-Seq - Rep 2, CON KD + R1881 | GATA2 ChIP-Seq, CON KD + R1881 | FOXA1 ChIP-Seq - Rep 2, GATA2 KD + R1881 | FOXA1 ChIP-Seq, PIAS1 + R1881 | FOXA1 ChIP-Seq - Rep 2, PIAS1 + R1881 | FOXA1 ChIP-Seq - Rep 1, CON KD + R1881 | FOXA1 ChIP-Seq, R1881 | FOXA1 ChIP-Seq - Rep 1, ERG IP | R1881",,,
CTCF,SGPP1,vasculature,"CTCF IP - AoAFC cells, Rep 1 , CTCF IP - HPAF cells, Rep 2 , CTCF IP - HUVEC cells, Rep 1 , CTCF IP - HBMEC cells, Rep 1 , CTCF IP - HUVEC cells , CTCF IP - HBMEC cells, Rep 2 , CTCF IP - HUVEC cells, Rep 2 , CTCF IP - HPAF cells, Rep 1 , CTCF IP - AoAFC cells, Rep 2 ",,,
CEBPB,SGPP1,colon,"CEBPB IP | 125DVD3, CEBPB IP, CEBPB IP - HCT116 cells",,,
125DVD3,SGPP1,colon,CEBPB IP | 125DVD3,,,
CTCF,SGPP1,heart,"CTCF IP - myocytes cells, Rep 1 , CTCF IP - HCF cells ",,,
CUX1,SGPP1,leukocytes,CUX1 IP - K562 cells,,,
CTCF,SGPP1,stemcells,"CTCF IP - Rep 3 , CTCF IP - Rep 1 , CTCF IP - Rep 6 , CTCF IP - H1 cells , CTCF IP - Rep 5 , CTCF IP - H1 cells",,,
TCF21,SGPP1,vasculature,"TCF21 IP, TCF21 IP",,,
FOXP2,SGPP1,cns,FOXP2 IP - PFSK-1 cells,,,
E2F1,SGPP1,uterus,"E2F1 IP - HeLa cells, Rep 1, E2F1 IP - HeLa cells, Rep 2",,,
CTCF,SGPP1,kidney,"CTCF IP - HRE cells, Rep 1 , CTCF IP - HEK293 cells, Rep 2 , CTCF IP - HEK293 cells, Rep 1 , CTCF IP - RPTEC cells, Rep 1 ",,,
CEBPB,SGPP1,leukocytes,"CEBPB IP, CEBPB IP - Rep 201, CEBPB IP | oxLDL  - Rep 205, CEBPB IP | oxLDL  - Rep 206, CEBPB IP - K562 cells, CEBPB IP| oxLDL  - Rep 207, CEBPB IP, CEBPB IP - Rep 202, CEBPB ChIP-Seq - K562, CEBPB IP - Rep 204, CEBPB IP - HL-60 cells, Rep 2 , CEBPB IP | oxLDL  - Rep 208, CEBPB IP - Rep 203",,,
ATF3,SGPP1,colon,"ATF3 IP - HCT116 cells, ATF3 IP | CAMPTO",,,
CTCF,SGPP1,megakaryocytelineage,"CTCF IP - MEG-01 cells, Rep 4 , CTCF IP - MEG-01 cells, Rep 8 , CTCF IP - MEG-01 cells, Rep 6 , CTCF IP - MEG-01 cells, Rep 2 , CTCF IP - MEG-01 cells, Rep 10 ",,,
ELF1,SGPP1,leukocytes,"ELF1 IP - SK-N-SH cells, ELF1 IP - SK-N-SH cells",,,
GATA1,SGPP1,hspcs,"GATA1 IP - Rep 1, GATA1 IP - Rep 3, GATA1 IP - Rep 2",,,
ELF1,SGPP1,colon,ELF1 IP - HCT116 cells,,,
KLF11,SGPP1,adiposetissue,"KLF11 ChIP-Seq, Rep 2, ROSI (BrAT) | KLF11 ChIP-Seq, Rep 1, ROSI (BrAT) | KLF11 ChIP-Seq, Rep 2",,,
MAZ,SGPP1,leukocytes,"MAZ IP - K562 cells, MAZ IP - GM12878 cells",,,
CTCF,SGPP1,lung,"CTCF IP - NHLF cells , CTCF IP - A549 cells, Rep 2 , CTCF IP - A549 cells, CTCF IP - NHLF cells , CTCF IP - SAEC cells, Rep 1 , CTCF IP - A549 cells , CTCF IP - SAEC cells, Rep 2 , CTCF IP | DEX - A549 cells, CTCF IP - HPF cells, Rep 1 , CTCF IP - IMR cells, CTCF IP - AG04450 cells, Rep 2 , CTCF IP - HPF cells, Rep 2 , CTCF ChIP-Seq - A549, CTCF IP - AG04450 cells, Rep 1 ",,,
BATF,SGPP1,leukocytes,BATF IP - GM12878 cells,,,
E2F6,SGPP1,uterus,E2F6 IP - HeLa cells,,,
CTCF,SGPP1,hspcs,"CTCF IP - HEL 92.1.7 cells, Rep 11 , CTCF IP - Erythroid cells, Rep 1, CTCF IP - HSPCs, Rep 1, CTCF IP - HEL 92.1.7 cells, Rep 14 , CTCF IP - HEL 92.1.7 cells, Rep 8 , CTCF IP - Erythroid cells, Rep 2, CTCF IP - HEL 92.1.7 cells, Rep 5 , CTCF IP - HEL 92.1.7 cells, Rep 2 , CTCF IP - HSPCs, Rep 2",,,
DHT,SGPP1,prostate,"DHT | FOXA1 ChIP-Seq, DHT | FOXA1 ChIP-Seq, DHT | ERG ChIP-Seq - 18 h, DHT | ERG ChIP-Seq - 2 h, DHT | FOXA1 ChIP-Seq - C4- Rep 2B, POU2F1 KD + DHT | FOXA1 ChIP-Seq",,,
YY1,SGPP1,uterus,YY1 IP - ECC1 cells,,,
CTCF,SGPP1,mammarygland,"CTCF IP - MCF7 cells, CTCF IP - HMF cells, Rep 1 , CTCF IP - HMEC cells, Rep 1 , CTCF IP - HMF cells, Rep 2 , CTCF IP - MCF-7 cells, Rep 1 ",,,
GATA2,SGPP1,prostate,"GATA2 ChIP-Seq - Rep 2, CON KD + R1881 | GATA2 ChIP-Seq, GATA2 KD + R1881 | FOXA1 ChIP-Seq, FOXA1 KD | GATA2 ChIP-Seq, GATA2 ChIP-Seq, GATA2 KD  | FOXA1 ChIP-Seq",,,
CEBPA,SGPP1,leukocytes,CEBPA IP,,,
CTCF,SGPP1,miscellaneous,"CTCF IP - AG09319 cells, Rep 2 , CTCF IP - AG09319 cells, Rep 1 ",,,
MAX,SGPP1,cns,MAX IP - SK-N-SH cells,,,
SP1,SGPP1,lung,SP1 IP - A549 cells,,,
FOXA2,SGPP1,stemcells,"FOXA2 IP - ES D5, FOXA2 IP - Rep 1 , FOXA2 IP - Rep 5 ",,,
TCF12,SGPP1,lung,TCF12 IP - A549 cells,,,
CEBPB,SGPP1,stemcells,"CEBPB IP, CEBPB IP, CEBPB IP, CEBPB IP - H1 cells, CEBPB IP, CEBPB IP, CEBPB IP, CEBPB IP",,,
CREB1,SGPP1,liver,"CREB1 IP, CREB1 IP - HepG2 cells, CREB1 IP",,,
YY1,SGPP1,stemcells,YY1 IP - H1 cells,,,
CEBPB,SGPP1,liver,"CEBPB ChIP-Seq - HepG2, CEBPB IP - HepG2 cells, CEBPB IP | FORSK - HepG2 cells",,,
CTCF,SGPP1,esophagus,"CTCF IP - HEEpiC cells, Rep 1 ",,,
BCL3,SGPP1,lung,BCL3 IP - A549 cells,,,
FOXM1,SGPP1,leukocytes,FOXM1 IP - GM12878 cells,,,
MXI1,SGPP1,liver,MXI1 IP - HepG2 cells,,,
REST,SGPP1,mammarygland,REST IP - MCF7 cells,,,
FOSL2,SGPP1,cns,FOSL2 IP - SK-N-SH cells,,,
MEF2A,SGPP1,leukocytes,MEF2A IP - GM12878 cells,,,
GABPA,SGPP1,leukocytes,GABPA IP - K562 cells,,,
HEY1,SGPP1,liver,HEY1 IP - HepG2 cells,,,
CTCF,SGPP1,uterus,"CTCF IP - HeLa cells, Rep 1 ",,,
FOXA1,SGPP1,stemcells,"FOXA1 IP - ES D10, FOXA1 IP - ES D2, FOXA1 IP - ES D5, FOXA1 IP - Rep 5 ",,,
17BE2; TNF,SGPP1,mammarygland,17BE2 + TNF | FOXA1 ChIP-Seq - Rep 2,,,
CTCF,SGPP1,skeletalmuscle,"CTCF IP - HSMM cells, Rep 2 ",,,
17BE2,SGPP1,mammarygland,"17BE2 | FOXA1 ChIP-Seq - Rep 1, 17BE2 | FOXA1 ChIP-Seq - Rep 2, 17BE2 | FOXA1 ChIP-Seq, 17BE2 | FOXA1 ChIP-Seq - Rep 2, 17BE2 | FOXA1 ChIP-Seq - Rep 1, 17BE2 | FOXA1 ChIP-Seq - Rep 2, 17BE2 | FOXA1 ChIP-Seq - Rep 1",,,
E2F1,SGPP1,prostate,"HES6 OE | E2F1 ChIP-Seq - Rep 1, E2F1 ChIP-Seq - Rep 4, E2F1 ChIP-Seq - Rep 1, BICALU | E2F1 ChIP-Seq - Rep 1",,,
HES6,SGPP1,prostate,HES6 OE | E2F1 ChIP-Seq - Rep 1,,,
TCF12,SGPP1,cns,TCF12 IP - SK-N-SH cells,,,
RELA,SGPP1,leukocytes,"RELA IP | BAY082  - IVD Th1 cells, PIA, RELA IP | TNF - GM12891 cells",,,
BAY082,SGPP1,leukocytes,"RELA IP | BAY082  - IVD Th1 cells, PIA",,,
TCF7L2,SGPP1,mammarygland,"DHT | TCF7L2 ChIP-Seq, TCF7L2 ChIP-Seq",,,
GABPA,SGPP1,liver,"GABPA IP - MCF7 cells, GABPA IP - HepG2 cells",,,
FOXA1,SGPP1,pancreas,"FOXA1 IP, FOXA1 IP, FOXA1 IP | KLF5 KO",,,
SPI1,SGPP1,leukocytes,"SPI1 IP, SPI1 IP - GM12891 cells, SPI1 IP, SPI1 IP, SPI1 IP, SPI1 IP",,,
JUN,SGPP1,mammarygland,"JUN IP - Rep 1, JUN IP - Rep 2",,,
CEBPB,SGPP1,mammarygland,CEBPB IP - MCF7 cells,,,
MEF2C,SGPP1,leukocytes,MEF2C IP - GM12878 cells,,,
GATA2,SGPP1,leukocytes,GATA2 IP - K562 cells,,,
SMAD1,SGPP1,hspcs,SMAD1 IP - Rep 3,,,
RUNX1,SGPP1,hspcs,RUNX1,,,
MYB,SGPP1,leukocytes,"MYB IP - Jurkat, Rep 1, MYB IP - Jurkat, Rep 2, MYB IP - Jurkat, Rep 3, MYB IP - MOLT3, MYB IP - Jurkat, Rep 5, MYB IP - Jurkat, Rep 4",,,
SP1,SGPP1,leukocytes,SP1 IP - GM12878 cells,,,
E2F3,SGPP1,colon,E2F3 IP ,,,
CTCF,SGPP1,colon,"CTCF IP - Caco , CTCF IP - HCT116 cells, Rep 1 , CTCF IP - Caco-2 cells, Rep 1 ",,,
MTA3,SGPP1,leukocytes,MTA3 IP - GM12878 cells,,,
FOXA2,SGPP1,liver,FOXA2 IP - HepG2 cells,"19822575,",,
MXI1,SGPP1,cns,MXI1 IP - SK-N-SH cells ,,,
USF1,SGPP1,colon,USF1 IP - HCT116 cells,,,
MXI1,SGPP1,uterus,MXI1 IP - HeLa cells,,,
MYC,SGPP1,uterus,MYC IP - HeLa cells,,,
JUND,SGPP1,uterus,JUND IP - HeLa cells,,,
JUND,SGPP1,cns,JUND IP - SK-N-SH cells,,,
BACH1,SGPP1,stemcells,BACH1 IP - H1 cells,,,
MAX,SGPP1,uterus,"MAX IP - ECC1 cells, MAX IP - HeLa cells, Rep 2, MAX IP - HeLa cells, Rep 1",,,
MAFK,SGPP1,liver,"MAFK IP - HepG2 cells, Rep 1, MAFK IP - HepG2 cells, Rep 2",,,
MXI1,SGPP1,leukocytes,MXI1 IP - GM12878 cells,,,
DEX,SGPP1,mammarygland,"DEX | FOXA1 ChIP-Seq - Rep 2, DEX | FOXA1 ChIP-Seq - Rep 2, DEX | FOXA1 ChIP-Seq - Rep 1, DEX | FOXA1 ChIP-Seq - Rep 2, DEX | FOXA1 ChIP-Seq - Rep 1, DEX | FOXA1 ChIP-Seq - Rep 1",,,
CTCF,SGPP1,placenta,"CTCF IP - HVMF cells, Rep 1 , CTCF IP - HVMF cells, Rep 2 ",,,
STAT1,SGPP1,leukocytes,"STAT1 IP - Rep 5, STAT1 IP - Rep 1, STAT1 IP - Rep 2, STAT1 IP - Rep 4, STAT1 IP - Rep 3",,,
IFNG,SGPP1,leukocytes,"STAT1 IP - Rep 5, STAT1 IP - Rep 1, STAT1 IP - Rep 2, STAT1 IP - Rep 4, STAT1 IP - Rep 3",,,
CREB1,SGPP1,leukocytes,CREB1 IP - GM12878 cells,,,
TCF3,SGPP1,leukocytes,TCF3 IP - GM12878 cells,,,
JUN,SGPP1,colon,JUN IP ,,,
FOSL1,SGPP1,colon,FOSL1 IP - HCT116 cells,,,
MAX,SGPP1,liver,"MAX IP - MCF7 cells, MAX IP - HepG2 cells",,,
MAZ,SGPP1,uterus,MAZ IP - HeLa cells,,,
FOSL2,SGPP1,lung,FOSL2 IP - A549 cells,,,
PIAS1,SGPP1,prostate,"PIAS1 + R1881 | FOXA1 ChIP-Seq - Rep 2, PIAS1 + R1881 | FOXA1 ChIP-Seq - Rep 1",,,
FOSL2,SGPP1,liver,FOSL2 IP - HepG2 cells,,,
ERG,SGPP1,prostate,"DHT | ERG ChIP-Seq - 18 h, ERG ChIP-Seq, DHT | ERG ChIP-Seq - 2 h, ERG IP | R1881, ERG ChIP-Seq",,,
CTCF,SGPP1,sensory,"CTCF IP - WERI-Rb-1- cells, Rep 1 , CTCF IP - WERI ",,,
TP53,SGPP1,mammarygland,TP53 IP,,,
GATA3,SGPP1,mammarygland,"GATA3 IP - MCF7 cells, GATA3 IP - T47D cells",,,
MAFF,SGPP1,liver,MAFF IP - HepG2 cells,,,
TCF7L2,SGPP1,hspcs,"TCF7L2 IP - Rep 2, TCF7L2 IP - Rep 1",,,
TBP,SGPP1,uterus,TBP IP - HeLa cells,,,
ZNF143,SGPP1,leukocytes,ZNF143 IP - GM12878 cells,,,
JUND,SGPP1,colon,JUND IP - HCT116 cells,,,
GTF2B,SGPP1,uterus,"GTF2B IP - DTT, Rep 1, GTF2B IP - Rep 2",,,
YY1,SGPP1,liver,YY1 IP - HepG2 cells,,,
TNF,SGPP1,leukocytes,RELA IP | TNF - GM12891 cells,,,
GATA4,SGPP1,stomach,GATA4 IP - AGS,,,
PAX5,SGPP1,leukocytes,"PAX5 IP - GM12878 cells, Rep 2, PAX5 IP - GM12892 cells, PAX5 IP - GM12878 cells, Rep 1",,,
FOSL2,SGPP1,mammarygland,FOSL2 IP - MCF7 cells,,,
ROSI,SGPP1,adiposetissue,"ROSI (BrAT) | KLF11 ChIP-Seq, Rep 1, ROSI (BrAT) | KLF11 ChIP-Seq, Rep 2",,,
UBTF,SGPP1,leukocytes,"UBTF IP - K562 cells, UBTF IP - K562 cells",,,
ARID3A,SGPP1,liver,ARID3A IP - HepG2 cells,,,
FOXA1,SGPP1,liver,"FOXA1 IP - HepG2 cells, Rep 1, FOXA1 IP - HepG2 cells, Rep 2",,,
GATA3,SGPP1,lung,GATA3 IP - A549 cells,,,
ETS1,SGPP1,leukocytes,"ETS1 IP - GM12878 cells, ETS1 IP",,,
TCF7L2,SGPP1,uterus,TCF7L2 IP - HeLa cells,,,
FOXA2,SGPP1,embryonictissue,"FOXA2 IP - Rep 2, FOXA2 IP - Rep 1",,,
ZNF384,SGPP1,leukocytes,ZNF384 IP - K562 cells,,,
FOXA1,SGPP1,lung,"FOXA1 IP - A549 cells, FOXA1 IP | DEX - A549 cells",,,
CTCF,SGPP1,adiposetissue,"CTCF ChIP-Seq - d 9, CTCF ChIP-Seq - d -2",,,
REST,SGPP1,pancreas,"REST IP - Panc1 cells, Rep 3",,,
POU2F2,SGPP1,leukocytes,POU2F2 IP - GM12878 cells,,,
AR,SGPP1,prostate,"WT AR OE + FOXA1 OE | FOXA1 ChIP-Seq - high FOXA1, AR C562S OE + FOXA1 OE | FOXA1 ChIP-Seq",,,
SMARCC1,SGPP1,uterus,SMARCC1 IP - HeLa cells,,,
SP1,SGPP1,colon,SP1 IP - HCT116 cells,,,
YY1,SGPP1,cns,YY1 IP | ATRA - SK-N-SH cells,,,
ATRA,SGPP1,cns,YY1 IP | ATRA - SK-N-SH cells,,,
STAT3,SGPP1,leukocytes,"STAT3 IP - OCI-LY19, STAT3 IP - SU-DHL-6",,,
E2F1,SGPP1,mammarygland,"E2F1 IP, E2F1 IP - MCF7 cells",,,
E2F6,SGPP1,leukocytes,E2F6 IP - K562 cells,,,
DEX,SGPP1,lung,"CTCF IP | DEX - A549 cells, FOXA1 IP | DEX - A549 cells",,,
E2F6,SGPP1,lung,E2F6 IP - A549 cells,,,
CEBPB,SGPP1,bone,"CEBPB IP, CEBPB IP",,,
TP53,SGPP1,lung,"TP53 IP - propapoptic, Rep 1",,,
TEAD4,SGPP1,colon,TEAD4 IP - HCT116 cells,,,
SRF,SGPP1,colon,SRF IP - HCT116 cells,,,
MAX,SGPP1,stemcells,MAX IP - H1 cells,,,
KLF5,SGPP1,pancreas,"FOXA1 IP | KLF5 KO, KLF5 IP",,,
BICALU,SGPP1,prostate,BICALU | E2F1 ChIP-Seq - Rep 1,,,
STAT1,SGPP1,uterus,"STAT1 IP | IFNG - HeLa cells, 30 min",,,
IFNG,SGPP1,uterus,"STAT1 IP | IFNG - HeLa cells, 30 min",,,
MAX,SGPP1,colon,MAX IP - HCT116 cells,,,
TCF12,SGPP1,leukocytes,TCF12 IP - GM12878 cells,,,
FORSK,SGPP1,liver,CEBPB IP | FORSK - HepG2 cells,,,
MAX,SGPP1,leukocytes,"MAX IP - K562 cells, MAX IP - K562 cells, Rep 2",,,
EBF1,SGPP1,leukocytes,"EBF1 IP - GM12878 cells, EBF1 IP - GM12878 cells",,,
IKZF1,SGPP1,leukocytes,IKZF1 IP - GM12878 cells,,,
EGR1,SGPP1,colon,EGR1 IP - HCT116 cells,,,
TP53,SGPP1,bone,TP53 IP | TP53EE/RR OE,,,
BHLHE40,SGPP1,leukocytes,BHLHE40 IP - GM12878 cells,,,
ZNF263,SGPP1,kidney,ZNF263 IP - HEK293 cells,,,
HNF1B,SGPP1,pancreas,HNF1B IP,,,
CTCF,SGPP1,bone,CTCF IP - Osteoblasts ,,,
ATF2,SGPP1,leukocytes,ATF2 IP - GM12878 cells,,,
CEBPB,SGPP1,lung,"CEBPB IP - A549 cells, CEBPB ChIP-Seq - A549, CEBPB ChIP-Seq - IMR90",,,
TAL1,SGPP1,leukocytes,TAL1 IP - MOLT3,,,
KLF5,SGPP1,stomach,KLF5 IP - KATOIII,,,
BCL11A,SGPP1,leukocytes,BCL11A IP - GM12878 cells,,,
HMGN3,SGPP1,leukocytes,HMGN3 IP - K562 cells,,,
MAX,SGPP1,lung,MAX IP - A549 cells,,,
MXI1,SGPP1,lung,MXI1 IP - IMR cells,,,
HOXA4,SGPP1,colon,HOXA4 IP ,,,
YY1,SGPP1,lung,YY1 IP - A549 cells,,,
TCF7L2,SGPP1,pancreas,TCF7L2 IP,,,
TEAD4,SGPP1,lung,TEAD4 IP - A549 cells,,,
GATA1,SGPP1,leukocytes,GATA1 ChIP-Seq - SC266,,,
OTX2,SGPP1,stemcells,OTX2 IP - Rep 10 ,,,
FOXA2,SGPP1,lung,FOXA2 IP - A549 cells,,,
RELA,SGPP1,adiposetissue,RELA IP,,,
ZBTB7A,SGPP1,uterus,ZBTB7A IP - ECC1 cells,,,
STAT5A,SGPP1,leukocytes,STAT5A IP - GM12878 cells,,,
HEY1,SGPP1,leukocytes,HEY1 IP - K562 cells,,,
FOXH1,SGPP1,embryonictissue,FOXH1 IP - endoderm,,,
POU2F1,SGPP1,prostate,POU2F1 KD + DHT | FOXA1 ChIP-Seq,,,
CTCF,SGPP1,pancreas,CTCF IP,,,
PBX3,SGPP1,cns,PBX3 IP - SK-N-SH cells,,,
REST,SGPP1,stemcells,"REST IP - H1 cells, Rep 1",,,
CEBPB,SGPP2,liver,"CEBPB IP | FORSK - HepG2 cells, CEBPB ChIP-Seq - HepG2",,,
FORSK,SGPP2,liver,CEBPB IP | FORSK - HepG2 cells,,,
SPI1,SGPP2,leukocytes,"SPI1 IP - GM12878 cells, Rep 2 , SPI1 IP - GM12878 cells, SPI1 IP - GM12878 cells, Rep 4 , SPI1 IP, SPI1 IP, SPI1 IP - GM12891 cells, SPI1 IP, SPI1 IP, SPI1 IP - GM12878 cells, Rep 1 , SPI1 IP, SPI1 IP - GM12878 cells, Rep 5 , SPI1 IP - GM12878 cells, Rep 3 , SPI1 IP, SPI1 IP, SPI1 IP",,,
MYC,SGPP2,mammarygland,"DHT | MYC ChIP-Seq, MYC IP - MCF-10A cells, MYC IP | 4HT - MCF10A cells",,,
DHT,SGPP2,mammarygland,"DHT | MYC ChIP-Seq, DHT | FOXA1 ChIP-Seq",,,
MAFK,SGPP2,stemcells,MAFK IP - H1 cells,,,
JUND,SGPP2,liver,JUND IP - HepG2 cells,,,
TCF3,SGPP2,leukocytes,TCF3 IP - GM12878 cells,,,
STAT3,SGPP2,mammarygland,"STAT3 IP | 4HT - MCF10 cells, 36 h, STAT3 IP - MCF10A cells, Rep 2, STAT3 IP | 4HT - MCF10 cells, 12 h",,,
4HT,SGPP2,mammarygland,"STAT3 IP | 4HT - MCF10 cells, 36 h, FOS IP | 4HT - MCF10A cells, 4 h, FOS IP | 4HT - MCF10A cells, 12 h, FOS IP | 4HT - MCF10A cells, 36 h, MYC IP | 4HT - MCF10A cells, STAT3 IP | 4HT - MCF10 cells, 12 h",,,
SRF,SGPP2,leukocytes,SRF IP - SK-N-SH cells,,,
NANOG,SGPP2,stemcells,"NANOG IP - Rep 2 , NANOG IP - Rep 4 , NANOG IP - Rep 3 , NANOG IP - Rep 8 , NANOG IP - H1 cells",,,
FOXA1,SGPP2,prostate,"CREB1 siRNA | FOXA1 ChIP-Seq - Rep 1, FOXA1 ChIP-Seq - LNCaP-abl",,,
CREB1,SGPP2,prostate,CREB1 siRNA | FOXA1 ChIP-Seq - Rep 1,,,
RELA,SGPP2,leukocytes,"RELA IP | TNF - GM19193 cells, RELA IP | TNF - GM18505 cells, RELA IP | TNF - GM12891 cells, RELA IP | TNF - GM18951 cells, RELA IP | TNF - GM10847 cells, RELA IP | TNF - GM18526 cells, RELA IP | TNF - GM19099 cells, RELA IP | TNF - GM12878 cells, RELA IP | TNF - GM15510 cells, RELA IP - IVD Th1 cells, PIA, RELA IP | TNF - GM12892 cells",,,
TNF,SGPP2,leukocytes,"RELA IP | TNF - GM19193 cells, RELA IP | TNF - GM18505 cells, RELA IP | TNF - GM12891 cells, RELA IP | TNF - GM18951 cells, RELA IP | TNF - GM10847 cells, RELA IP | TNF - GM18526 cells, RELA IP | TNF - GM12878 cells, RELA IP | TNF - GM15510 cells, RELA IP | TNF - GM12892 cells",,,
SP1,SGPP2,leukocytes,SP1 IP - GM12878 cells,,,
CTCF,SGPP2,kidney,"CTCF IP - HEK293 cells, Rep 1 , CTCF IP - RPTEC cells, Rep 2 ",,,
FOS,SGPP2,mammarygland,"FOS IP | 4HT - MCF10A cells, 4 h, FOS IP | 4HT - MCF10A cells, 12 h, FOS IP | 4HT - MCF10A cells, 36 h, FOS IP - MCF10A cells",,,
FOXM1,SGPP2,leukocytes,FOXM1 IP - GM12878 cells,,,
CEBPB,SGPP2,stemcells,"CEBPB IP - H1 cells, CEBPB IP, CEBPB IP, CEBPB IP",,,
YY1,SGPP2,leukocytes,"YY1 IP - GM12878 cells, YY1 IP - GM12878 cells, YY1 IP - GM12892 cells, Rep 1, YY1 IP - GM12891 cells",,,
FOSL1,SGPP2,colon,FOSL1 IP - HCT116 cells,,,
CEBPB,SGPP2,colon,"CEBPB IP, CEBPB IP | 125DVD3, CEBPB IP - HCT116 cells",,,
RELA,SGPP2,adiposetissue,"RELA IP, RELA IP",,,
KLF5,SGPP2,pancreas,"KLF5 IP, ELF3 IP | KLF5 KO, FOXA1 IP | KLF5 KO",,,
HNF1B,SGPP2,pancreas,HNF1B IP,,,
MAFK,SGPP2,liver,"MAFK IP - HepG2 cells, Rep 1, MAFK IP - HepG2 cells, Rep 2",,,
SP1,SGPP2,colon,SP1 IP - HCT116 cells,,,
EBF1,SGPP2,leukocytes,"EBF1 IP - GM12878 cells, EBF1 IP - GM12878 cells",,,
ZNF143,SGPP2,leukocytes,ZNF143 IP - GM12878 cells,,,
IRF1,SGPP2,colon,IRF1 IP ,,,
ZNF384,SGPP2,leukocytes,ZNF384 IP - GM12878 cells,,,
GABPA,SGPP2,prostate,"GABPA IP - Rep 1, GABPA IP | R1881",,,
ZNF263,SGPP2,kidney,ZNF263 IP - HEK293 cells,,,
FOXA2,SGPP2,stemcells,FOXA2 IP - ES D2,,,
PAX5,SGPP2,leukocytes,"PAX5 IP - GM12891 cells, PAX5 IP - GM12878 cells, Rep 2, PAX5 IP - GM12878 cells, Rep 1, PAX5 IP - GM12892 cells",,,
CREB1,SGPP2,leukocytes,CREB1 IP - GM12878 cells,,,
ATF2,SGPP2,stemcells,ATF2 IP - H1 cells,,,
BATF,SGPP2,leukocytes,BATF IP - GM12878 cells,,,
POU2F2,SGPP2,leukocytes,POU2F2 IP - GM12878 cells,,,
CEBPB,SGPP2,leukocytes,"CEBPB IP | oxLDL  - Rep 208, CEBPB IP - Rep 201, CEBPB IP, CEBPB IP| oxLDL  - Rep 207, CEBPB IP - Rep 204, CEBPB IP - Rep 203, CEBPB IP, CEBPB IP | oxLDL  - Rep 206, CEBPB IP - Rep 202",,,
TCF12,SGPP2,uterus,TCF12 IP - ECC1 cells,,,
MXI1,SGPP2,leukocytes,MXI1 IP - GM12878 cells,,,
OTX2,SGPP2,stemcells,"OTX2 IP - Rep 8 , OTX2 IP - Rep 2 , OTX2 IP - Rep 10 ",,,
STAT1,SGPP2,leukocytes,"STAT1 IP - Rep 4, STAT1 IP - Rep 3, STAT1 IP - Rep 1, STAT1 IP - Rep 5",,,
IFNG,SGPP2,leukocytes,"STAT1 IP - Rep 4, STAT1 IP - Rep 3, IRF1 IP - Rep 1, STAT1 IP - Rep 1, IRF1 IP - Rep 2, STAT1 IP - Rep 5",,,
EGR1,SGPP2,uterus,EGR1 IP - ECC1 cells,,,
BCL11A,SGPP2,leukocytes,BCL11A IP - GM12878 cells,,,
ELF3,SGPP2,pancreas,"ELF3 IP, ELF3 IP, ELF3 IP | KLF5 KO",,,
MXI1,SGPP2,stemcells,MXI1 IP - H1 cells,,,
125DVD3,SGPP2,colon,CEBPB IP | 125DVD3,,,
TBP,SGPP2,leukocytes,TBP IP - GM12878 cells,,,
R1881,SGPP2,prostate,GABPA IP | R1881,,,
SNAI2,SGPP2,stemcells,SNAI2 IP - Rep 1 ,,,
GABPA,SGPP2,leukocytes,GABPA IP - GM12878 cells,,,
EGR1,SGPP2,stemcells,EGR1 IP - H1 cells,,,
ZBTB7A,SGPP2,uterus,ZBTB7A IP - ECC1 cells,,,
STAT5A,SGPP2,leukocytes,STAT5A IP - GM12878 cells,,,
TEAD4,SGPP2,stemcells,TEAD4 IP - H1 cells,,,
NFYB,SGPP2,leukocytes,NFYB IP - GM12878 cells,,,
SIX2,SGPP2,kidney,"SIX2 IP - 17 weeks, Rep 1, SIX2 IP - 17 weeks, Rep 2",,,
RELA,SGPP2,lung,"RELA IP | TNF, RELA IP | DEX + TNF - Rep 2, RELA IP | DEX + TNF - Rep 1",,,
TNF,SGPP2,lung,RELA IP | TNF,,,
YY1,SGPP2,stemcells,YY1 IP - H1 cells,,,
IKZF1,SGPP2,leukocytes,IKZF1 IP - GM12878 cells,,,
CEBPB,SGPP2,uterus,CEBPB IP - ECC1 cells,,,
FOSL1,SGPP2,stemcells,FOSL1 IP - H1 cells,,,
IRF1,SGPP2,leukocytes,"IRF1 IP - Rep 1, IRF1 IP - Rep 2",,,
MAFF,SGPP2,liver,MAFF IP - HepG2 cells,,,
FOXA1,SGPP2,pancreas,"FOXA1 IP | KLF5 KO, FOXA1 IP, FOXA1 IP",,,
JUND,SGPP2,vasculature,JUND IP,,,
CEBPB,SGPP2,lung,"CEBPB ChIP-Seq - A549, CEBPB IP - A549 cells",,,
TCF12,SGPP2,stemcells,TCF12 IP - H1 cells,,,
MTA3,SGPP2,leukocytes,MTA3 IP - GM12878 cells,,,
CTCF,SGPP2,leukocytes,"CTCF IP, CTCF IP - GM12891 cells, Rep 1 , CTCF IP - GM19238 cells, Rep 1 , CTCF ChIP-Seq - GM12878, CTCF IP - GM12891 cells, Rep 2 ",,,
USF1,SGPP2,stemcells,USF1 IP - H1 cells,,,
JUND,SGPP2,stemcells,JUND IP - H1 cells,,,
DEX; TNF,SGPP2,lung,"RELA IP | DEX + TNF - Rep 2, RELA IP | DEX + TNF - Rep 1",,,
IRF4,SGPP2,leukocytes,"IRF4 IP - GM12878 cells, IRF4 IP",,,
MEF2A,SGPP2,leukocytes,MEF2A IP - GM12878 cells,,,
TCF12,SGPP2,leukocytes,TCF12 IP - GM12878 cells,,,
STAT3,SGPP2,leukocytes,STAT3 IP - SU-DHL-2,,,
MAX,SGPP2,colon,MAX IP - HCT116 cells,,,
MAX,SGPP2,uterus,MAX IP - ECC1 cells,,,
ZFP42,SGPP2,stemcells,ZFP42 IP - Rep 3 ,,,
BACH1,SGPP2,stemcells,BACH1 IP - H1 cells,,,
EGR1,SGPP2,colon,EGR1 IP - HCT116 cells,,,
GATA2,SGPP2,cns,GATA2 ChIP-Seq SH-SY5Y,,,
MAX,SGPP2,leukocytes,MAX IP - GM12878 cells,,,
ELF1,SGPP2,leukocytes,ELF1 IP - SK-N-SH cells,,,
MAZ,SGPP2,leukocytes,MAZ IP - GM12878 cells,,,
IRF1,SGPP2,pancreas,IRF1 IP,,,
ZNF143,SGPP2,stemcells,ZNF143 IP - H1 cells,,,
MAX,SGPP2,liver,MAX IP - MCF7 cells,,,
E2F6,SGPP2,stemcells,E2F6 IP - H1 cells,,,
RUNX1,SGPP2,hspcs,RUNX1,,,
FOXA1,SGPP2,mammarygland,DHT | FOXA1 ChIP-Seq,,,
SP1,SGPP2,stemcells,SP1 IP - H1 cells,,,
TEAD4,SGPP2,uterus,TEAD4 IP - ECC1 cells,,,
GATA2,SGPP2,hspcs,GATA2 IP,,,
BHLHE40,SGPP2,leukocytes,BHLHE40 IP - GM12878 cells,,,
ATF2,SGPP2,leukocytes,ATF2 IP - GM12878 cells,,,
MAFK,SGPP2,lung,MAFK IP - IMR cells,,,
CEBPB,SGPP2,mammarygland,CEBPB IP - MCF7 cells,,,
MAX,SGPP2,stemcells,MAX IP - H1 cells,,,
NFATC1,SGPP2,leukocytes,NFATC1 IP - GM12878 cells,,,
FLI1,SGPP2,hspcs,FLI1 IP,,,
USF1,SGPP2,uterus,USF1 IP - ECC1 cells,,,
SOX2,SGPP2,stemcells,SOX2 IP,,,
ZEB1,SGPP2,leukocytes,ZEB1 IP - GM12878 cells,,,
GATA4,SGPL1,lung,,,,21184844
ESR2,ACER3,mammarygland,,21235772,,
ESR2,PLPP3,mammarygland,,21235772,,
CLOCK,SGPL1,colon,,20551151,,
CLOCK,PLPP3,colon,,20551151,,
TP63,ACER2,prostate,,23658742,,
TP63,ACER3,prostate,,23658742,,
TP63,SGPP1,prostate,,23658742,,
FOXA2,ACER3,liver,,19822575,,
FOXA2,PLPP1,liver,,19822575,,
ELF5,ACER3,mammarygland,,23300383,,
ELF5,PLPP2,mammarygland,,23300383,,
SPI1,SGPL1,blood,,23127762,,
SPI1,PLPP3,blood,,23127762,,
ZNF217,PLPP1,mammarygland,,24962896,,
SMAD4,SGPL1,skin,,19686287,,
E2F4,ACER3,blood,,21247883,,
E2F4,PLPP3,blood,,21247883,,
E2F4,SGPP1,blood,,21247883,,
DACH1,ACER3,mammarygland,,20351289,,
DACH1,SGPP1,mammarygland,,20351289,,
TCF4,PLPP3,colon,,18268006,,
PPARD,ACER2,mammarygland,,23208498,,
POU5F1,PLPP1,stemcells,,16153702,,
FOXP1,ACER2,embryonictissue,,21924763,,
FOXP1,SGPL1,embryonictissue,,21924763,,
FOXP1,PLPP2,embryonictissue,,21924763,,
HNF4A,SGPL1,liver,,19822575,,
HNF4A,ACER3,liver,,19822575,,
HNF4A,PLPP3,liver,,19822575,,
HNF4A,PLPP1,liver,,19822575,,
ELF1,ACER1,prostate,,20517297,,
TFAP2C,PLPP3,mammarygland,,20629094,,
BACH1,SGPL1,mammarygland,,22875853,,
SMAD3,SGPL1,skin,,18955504,,
PBX1,PLPP3,ovary,,22567123,,
GATA1,PLPP1,blood,,21571218,,
CUX1,PLPP1,lung,,19635798,,
MITF,PLPP3,skin,,21258399,,
FLI1,SGPP2,blood,,21571218,,
EGR1,SGPL1,erythroidlineage,,20690147,,
