TF,TargetGene,Tissue,Experiment,Chea,Signor,Trrust
FOXA1,AGMO,prostate,"FOXA1 ChIP-Seq, CON KD | FOXA1 ChIP-Seq, CON KD + R1881 | FOXA1 ChIP-Seq, DHT | FOXA1 ChIP-Seq, PIAS1 + R1881 | FOXA1 ChIP-Seq - Rep 2, R1881 | FOXA1 ChIP-Seq - Rep 2, POU2F1 KD + DHT | FOXA1 ChIP-Seq, FOXA1 KD | FOXA1 ChIP-Seq, FOXA1 KD | GATA2 ChIP-Seq, FOXA1 ChIP-Seq, CON KD | FOXA1 ChIP-Seq, FOXA1 ChIP-Seq, GATA2 KD  | FOXA1 ChIP-Seq, FOXA1 ChIP-Seq, CON KD + R1881 | FOXA1 ChIP-Seq - Rep 2, CREB1 siRNA | FOXA1 ChIP-Seq - Rep 2, FOXA1 KD | FOXA1 ChIP-Seq, GATA2 KD + R1881 | FOXA1 ChIP-Seq, DHT | FOXA1 ChIP-Seq, CREB1 siRNA | FOXA1 ChIP-Seq - Rep 1",,,
CTCF,AGMO,skin,"CTCF IP - HFFC cells, Rep 2 , CTCF IP - BJ cells, Rep 1 , CTCF IP - NHDF cells, Rep 2 , CTCF IP - AG10803 cells, Rep 1 , CTCF IP - AG04449 cells, Rep 1 , CTCF IP - BJ cells, Rep 2 , CTCF IP - AG10803 cells, Rep 2 , CTCF IP - AG09309 cells, Rep 1 , CTCF IP - NHDF cells , CTCF IP - AG04449 cells, Rep 2 , CTCF IP - HFFC cells, Rep 3 , CTCF IP - NHDF cells, Rep 1 ",,,
CDX2,AGMO,colon,"CDX2 IP | 125DVD3, CDX2 IP",,,
125DVD3,AGMO,colon,"CDX2 IP | 125DVD3, CEBPB IP | 125DVD3",,,
FOXA1,AGMO,mammarygland,"DEX | FOXA1 ChIP-Seq - Rep 2, FOXA1 ChIP-Seq - Rep 2, DEX | FOXA1 ChIP-Seq - Rep 2, DEX | FOXA1 ChIP-Seq - Rep 1, FOXA1 IP - T47D cells, 17BE2 | FOXA1 ChIP-Seq - Rep 1, DEX | FOXA1 ChIP-Seq - Rep 1, 17BE2 | FOXA1 ChIP-Seq - Rep 2, 17BE2 | FOXA1 ChIP-Seq - Rep 2, FOXA1 ChIP-Seq - Rep 2, DEX | FOXA1 ChIP-Seq - Rep 2, FOXA1 ChIP-Seq - Rep 2, 17BE2 | FOXA1 ChIP-Seq - Rep 2, FOXA1 IP - T47D, FOXA1 ChIP-Seq - Rep 1, 17BE2 | FOXA1 ChIP-Seq - Rep 1, FOXA1 ChIP-Seq - Rep 1",,,
DEX,AGMO,mammarygland,"DEX | FOXA1 ChIP-Seq - Rep 2, DEX | FOXA1 ChIP-Seq - Rep 2, DEX | FOXA1 ChIP-Seq - Rep 1, DEX | FOXA1 ChIP-Seq - Rep 1, DEX | FOXA1 ChIP-Seq - Rep 2",,,
R1881,AGMO,prostate,"CON KD + R1881 | FOXA1 ChIP-Seq, PIAS1 + R1881 | FOXA1 ChIP-Seq - Rep 2, R1881 | FOXA1 ChIP-Seq - Rep 2, CON KD + R1881 | FOXA1 ChIP-Seq - Rep 2, GATA2 KD + R1881 | FOXA1 ChIP-Seq",,,
CTCF,AGMO,vasculature,"CTCF IP - HPAF cells, Rep 1 , CTCF IP - AoAFC cells, Rep 1 , CTCF IP - HPAF cells, Rep 2 , CTCF IP - HUVEC cells , CTCF IP - HBMEC cells, Rep 2 , CTCF IP - HBMEC cells, Rep 1 ",,,
DHT,AGMO,prostate,"DHT | FOXA1 ChIP-Seq, POU2F1 KD + DHT | FOXA1 ChIP-Seq, DHT | FOXA1 ChIP-Seq",,,
CEBPB,AGMO,stemcells,"CEBPB IP - H1 cells, CEBPB IP, CEBPB IP, CEBPB IP, CEBPB IP, CEBPB IP, CEBPB IP",,,
FOSL2,AGMO,lung,FOSL2 IP - A549 cells,,,
CTCF,AGMO,kidney,"CTCF IP - RPTEC cells, Rep 2 , CTCF IP - HRE cells, Rep 1 , CTCF IP - RPTEC cells, Rep 1 ",,,
RELA,AGMO,leukocytes,"RELA IP | TNF - GM19099 cells, RELA IP | TNF - GM12878 cells",,,
SP1,AGMO,lung,SP1 IP - A549 cells,,,
PIAS1,AGMO,prostate,PIAS1 + R1881 | FOXA1 ChIP-Seq - Rep 2,,,
FOSL2,AGMO,cns,FOSL2 IP - SK-N-SH cells,,,
CTCF,AGMO,skeletalmuscle,"CTCF IP - HSMM cells, Rep 2 ",,,
CTCF,AGMO,cns,"CTCF IP - spinal cord astrocyte cells, Rep 2 , CTCF IP - SK cells, CTCF IP - spinal cord astrocyte cells, Rep 1 , CTCF IP - HCPEpiC cells, Rep 2 , CTCF IP - SK-N-SH cells, Rep 2 , CTCF IP - SK-N-SH cells , CTCF IP - SK-N-SH cells, Rep 1 , CTCF IP - cerebellar astrocyte cells, Rep 2 , CTCF IP - HCPEpiC cells, Rep 1 , CTCF IP - BE(2)-C cells, Rep 1 ",,,
CTCF,AGMO,leukocytes,"CTCF IP - GM2610 cells, Rep 3 , CTCF IP - GM2588 cells, Rep 2 , CTCF IP - MS1 cells, Rep 2 , CTCF IP - KU812 cells, Rep 1 , CTCF IP - KU812 cells, Rep 9 , CTCF IP - GM12891 cells, Rep 1 , CTCF IP - GM2588 cells, Rep 3 , CTCF ChIP-Seq - GM12878, CTCF IP - GM19238 cells, Rep 2 ",,,
CEBPB,AGMO,bone,CEBPB IP,,,
CTCF,AGMO,lung,"CTCF IP - IMR cells, CTCF IP | DEX - A549 cells , CTCF IP - AG04450 cells, Rep 2 , CTCF IP | DEX - A549 cells, CTCF IP - A549 cells , CTCF IP - HPF cells, Rep 2 , CTCF IP - HPF cells, Rep 1 , CTCF IP - AG04450 cells, Rep 1 , CTCF IP - A549 cells, CTCF ChIP-Seq - A549, CTCF IP - SAEC cells, Rep 1 ",,,
FOXA2,AGMO,liver,FOXA2 IP - HepG2 cells,,,
FOXA1,AGMO,pancreas,"FOXA1 IP, FOXA1 IP | KLF5 KO, FOXA1 IP",,,
PBX3,AGMO,cns,PBX3 IP - SK-N-SH cells,,,
17BE2,AGMO,mammarygland,"17BE2 | FOXA1 ChIP-Seq - Rep 1, 17BE2 | FOXA1 ChIP-Seq - Rep 2, 17BE2 | FOXA1 ChIP-Seq - Rep 2, 17BE2 | FOXA1 ChIP-Seq - Rep 2, 17BE2 | FOXA1 ChIP-Seq - Rep 1",,,
GATA3,AGMO,cns,GATA3 IP - SK-N-SH cells,,,
FOXA1,AGMO,liver,"FOXA1 IP - HepG2 cells, Rep 1",,,
CTCF,AGMO,heart,"CTCF IP - myocytes cells, Rep 1 , CTCF IP - HCF cells ",,,
POU2F1,AGMO,prostate,POU2F1 KD + DHT | FOXA1 ChIP-Seq,,,
CTCF,AGMO,sensory,"CTCF IP - HRPEpiC cells, Rep 1 , CTCF IP - HRPEpiC cells, Rep 2 ",,,
HNF1B,AGMO,pancreas,HNF1B IP,,,
CTCF,AGMO,bone,CTCF IP - Osteoblasts ,,,
CTCF,AGMO,adiposetissue,"CTCF ChIP-Seq - d 3, CTCF ChIP-Seq - d 9, CTCF ChIP-Seq - d -2, CTCF ChIP-Seq - d 0",,,
HEY1,AGMO,liver,HEY1 IP - HepG2 cells,,,
FOS,AGMO,mammarygland,"FOS IP | 4HT - MCF10A cells, 12 h, FOS IP | 4HT - MCF10A cells, 4 h",,,
4HT,AGMO,mammarygland,"FOS IP | 4HT - MCF10A cells, 12 h, FOS IP | 4HT - MCF10A cells, 4 h",,,
TCF12,AGMO,cns,TCF12 IP - SK-N-SH cells,,,
E2F3,AGMO,colon,E2F3 IP ,,,
CTCF,AGMO,mammarygland,"CTCF IP - HMF cells, Rep 1 , CTCF IP - T47D cells, CTCF IP - MCF7 cells, CTCF IP - HMF cells, Rep 2 ",,,
FOXA1,AGMO,lung,"FOXA1 IP - A549 cells, FOXA1 IP | DEX - A549 cells",,,
FOXA2,AGMO,lung,FOXA2 IP - A549 cells,,,
CTCF,AGMO,miscellaneous,"CTCF IP - AG09319 cells, Rep 2 , CTCF IP - AG09319 cells, Rep 1 ",,,
CEBPB,AGMO,uterus,CEBPB IP - ECC1 cells,,,
JUN,AGMO,mammarygland,JUN IP - Rep 1,,,
FOS,AGMO,vasculature,FOS IP - HUVEC cells,,,
GATA2,AGMO,prostate,"CON KD  | GATA2 ChIP-Seq, FOXA1 KD | GATA2 ChIP-Seq, GATA2 KD  | FOXA1 ChIP-Seq, GATA2 ChIP-Seq, GATA2 KD + R1881 | FOXA1 ChIP-Seq, GATA2 ChIP-Seq - Rep 1, GATA2 ChIP-Seq - Rep 2",,,
DEX,AGMO,lung,"CTCF IP | DEX - A549 cells , CTCF IP | DEX - A549 cells, FOXA1 IP | DEX - A549 cells, USF1 IP | DEX - A549 cells",,,
CTCF,AGMO,colon,"CTCF IP - Caco , CTCF IP - HCT116 cells",,,
CEBPB,AGMO,colon,"CEBPB IP, CEBPB IP | 125DVD3",,,
CEBPB,AGMO,leukocytes,"CEBPB ChIP-Seq - K562, CEBPB IP - HL-60 cells, Rep 2 ",,,
TEAD4,AGMO,uterus,TEAD4 IP - ECC1 cells,,,
GATA3,AGMO,mammarygland,GATA3 IP - T47D cells,,,
CTCF,AGMO,megakaryocytelineage,"CTCF IP - MEG-01 cells, Rep 10 , CTCF IP - MEG-01 cells, Rep 8 ",,,
JUND,AGMO,cns,JUND IP - SK-N-SH cells,,,
CTCF,AGMO,esophagus,"CTCF IP - HEEpiC cells, Rep 1 , CTCF IP - HEEpiC cells, Rep 2 ",,,
TEAD1,AGMO,cns,"TEAD1 IP - Rep 1, TEAD1 IP - Rep 2",,,
TNF,AGMO,leukocytes,RELA IP | TNF - GM12878 cells,,,
CREB1,AGMO,prostate,"CREB1 siRNA | FOXA1 ChIP-Seq - Rep 2, CREB1 siRNA | FOXA1 ChIP-Seq - Rep 1",,,
JUND,AGMO,liver,JUND IP - HepG2 cells,,,
TEAD4,AGMO,lung,TEAD4 IP - A549 cells,,,
CEBPB,AGMO,liver,CEBPB ChIP-Seq - HepG2,,,
RELA,AGMO,adiposetissue,RELA IP,,,
GATA3,AGMO,lung,GATA3 IP - A549 cells,,,
CEBPB,AGMO,lung,"CEBPB ChIP-Seq - A549, CEBPB IP - A549 cells, CEBPB ChIP-Seq - IMR90",,,
TCF12,AGMO,lung,TCF12 IP - A549 cells,,,
CEBPB,AGMO,mammarygland,CEBPB IP - MCF7 cells,,,
USF1,AGMO,lung,USF1 IP | DEX - A549 cells,,,
TEAD4,AGMO,mammarygland,TEAD4 IP - Rep 1,,,
KLF5,AGMO,pancreas,FOXA1 IP | KLF5 KO,,,
CTCF,AGMO,hspcs,"CTCF IP - HEL 92.1.7 cells, Rep 14 ",,,
JUN,AGMO,vasculature,JUN IP - HUVEC cells,,,
GATA2,AGMO,vasculature,GATA2 IP - HUVEC cells,,,
YY1,AGPAT1,leukocytes,"YY1 IP - K562 cells, YY1 IP - GM12892 cells, Rep 1, YY1 IP - K562 cells, Rep 2, YY1 IP - GM12878 cells, YY1 IP - GM12891 cells, YY1 IP - K562 cells, Rep 1",,,
FOXA2,AGPAT1,stemcells,FOXA2 IP - ES D7,,,
USF1,AGPAT1,liver,USF1 IP - HepG2 cells,,,
E2F6,AGPAT1,lung,E2F6 IP - A549 cells,,,
CTCF,AGPAT1,leukocytes,"CTCF IP - K562 cells, Rep 14 , CTCF IP - HeLa cells, Rep 2 , CTCF IP - F36P cells, Rep 7 , CTCF IP - K562 cells, Rep 16 , CTCF IP - GM12891 cells, Rep 2 , CTCF IP - GM12878 cells, Rep 1 , CTCF IP - K562 cells, Rep 15 , CTCF IP - F36P cells, Rep 19 , CTCF IP - MS1 cells, Rep 4 , CTCF IP - K562 cells, Rep 12 , CTCF IP -  DND , CTCF IP - GM12864 cells, Rep 2 , CTCF IP - K562 cells, CTCF IP - K562 cells, CTCF IP, CTCF IP - F36P cells, Rep 15 , CTCF IP - UT-7 cells, Rep 5 , CTCF IP - UT-7 cells, Rep 6 , CTCF IP - K562 cells, Rep 13 , CTCF IP - K562 cells, Rep 11 , CTCF IP - K562 cells , CTCF IP - GM2255 cells, Rep 2 , CTCF IP - F36P cells, Rep 6 , CTCF IP - UT-7 cells, Rep 3 , CTCF IP - UT-7 cells, Rep 2 , CTCF IP - UT-7 cells, Rep 4 , CTCF IP - F36P cells, Rep 3 , CTCF IP - F36P cells, Rep 11 , CTCF IP - K562 cells, Rep 1 ",,,
SP1,AGPAT1,leukocytes,"SP1 IP - GM12878 cells, SP1 IP - K562 cells",,,
E2F1,AGPAT1,prostate,"E2F1 ChIP-Seq - Rep 1, HES6 OE + BICALU | E2F1 ChIP-Seq - Rep 3, BICALU | E2F1 ChIP-Seq - Rep 1, BICALU | E2F1 ChIP-Seq - Rep 2, BICALU | E2F1 ChIP-Seq - Rep 3, HES6 OE | E2F1 ChIP-Seq - Rep 3, E2F1 ChIP-Seq - Rep 2, E2F1 ChIP-Seq - Rep 3, HES6 OE + BICALU | E2F1 ChIP-Seq - Rep 1, HES6 OE | E2F1 ChIP-Seq - Rep 1, E2F1 ChIP-Seq - Rep 4",,,
GATA1,AGPAT1,leukocytes,"GATA1 ChIP-Seq - SC266, GATA1 ChIP-Seq - K562",,,
IRF3,AGPAT1,uterus,IRF3 IP - HeLa cells,,,
GABPA,AGPAT1,liver,"GABPA IP, GABPA IP - MCF7 cells, GABPA IP - HepG2 cells, GABPA IP, GABPA IP",,,
FOXA1,AGPAT1,prostate,"EtOH | FOXA1 ChIP-Seq - Rep 2, AR C562S OE + FOXA1 OE | FOXA1 ChIP-Seq, CREB1 siRNA | FOXA1 ChIP-Seq - Rep 2, CON KD  | FOXA1 ChIP-Seq, FOXA1 ChIP-Seq, R1881 | FOXA1 ChIP-Seq - Rep 1, FOXA1 ChIP-Seq - Rep 1, FOXA1 siRNA | CREB1 ChIP-Seq - Rep 2, CREB1 siRNA | FOXA1 ChIP-Seq - Rep 1, WT AR OE + FOXA1 OE | FOXA1 ChIP-Seq, FOXA1 ChIP-Seq - Rep 2, EtOH | FOXA1 ChIP-Seq - , DHT | FOXA1 ChIP-Seq - C4- Rep 2B, FOXA1 ChIP-Seq, DHT | FOXA1 ChIP-Seq, GATA2 KD + R1881 | FOXA1 ChIP-Seq, AR Q640X OE + FOXA1 OE | FOXA1 ChIP-Seq, R1881 | FOXA1 ChIP-Seq - Rep 2, CON KD | FOXA1 ChIP-Seq, FOXA1 ChIP-Seq - LNCaP-abl, CON KD + R1881 | FOXA1 ChIP-Seq, WT AR OE + FOXA1 OE | FOXA1 ChIP-Seq - high FOXA1, FOXA1 ChIP-Seq, FOXA1 siRNA | CREB1 ChIP-Seq - Rep 1",,,
MAFK,AGPAT1,colon,MAFK IP ,,,
SMAD1,AGPAT1,hspcs,"SMAD1 IP - Rep 3, SMAD1 IP - Rep 1, SMAD1 IP - Rep 4",,,
ZBTB7A,AGPAT1,liver,ZBTB7A IP - HepG2 cells,,,
CEBPA,AGPAT1,leukocytes,CEBPA IP,,,
SPI1,AGPAT1,leukocytes,"SPI1 IP - GM12891 cells, SPI1 IP - U-937 cells, Rep 10 , SPI1 IP - HL-60 cells, Rep 4 , SPI1 IP - HL-60 cells, Rep 3 , SPI1 IP, SPI1 IP, SPI1 IP - GM12878 cells, SPI1 IP - U-937 cells, Rep 4 , SPI1 IP, SPI1 IP - U-937 cells, Rep 3 , SPI1 IP - GM12878 cells, Rep 4 , SPI1 IP - HL cells, SPI1 IP - U-937 cells, Rep 1 , SPI1 IP, ROSI | SPI1 ChIP-Seq, SPI1 IP | RUNX1 KD, SPI1 IP, SPI1 IP - K562 cells, SPI1 IP, SPI1 IP - GM12878 cells, Rep 2 , SPI1 IP, SPI1 IP - GM12878 cells, Rep 1 , SPI1 IP - GM12878 cells, Rep 3 , SPI1 IP, SPI1 IP, SPI1 IP",,,
BICALU,AGPAT1,prostate,"HES6 OE + BICALU | E2F1 ChIP-Seq - Rep 3, BICALU | E2F1 ChIP-Seq - Rep 1, BICALU | E2F1 ChIP-Seq - Rep 2, BICALU | E2F1 ChIP-Seq - Rep 3, HES6 OE + BICALU | E2F1 ChIP-Seq - Rep 1",,,
HES6,AGPAT1,prostate,"HES6 OE + BICALU | E2F1 ChIP-Seq - Rep 3, HES6 OE | E2F1 ChIP-Seq - Rep 3, HES6 OE + BICALU | E2F1 ChIP-Seq - Rep 1, HES6 OE | E2F1 ChIP-Seq - Rep 1",,,
CEBPB,AGPAT1,stemcells,"CEBPB IP, CEBPB IP, CEBPB IP, CEBPB IP, CEBPB IP, CEBPB IP, CEBPB IP - H1 cells, CEBPB IP",,,
ZNF143,AGPAT1,leukocytes,"ZNF143 IP - GM12878 cells, ZNF143 IP - K562 cells",,,
FOXA1,AGPAT1,mammarygland,"FOXA1 IP | 17BE2 - MCF-7, DEX | FOXA1 ChIP-Seq - Rep 1, DEX | FOXA1 ChIP-Seq - Rep 2, DEX | FOXA1 ChIP-Seq - Rep 1, FOXA1 ChIP-Seq - Rep 2, 17BE2 | FOXA1 ChIP-Seq - Rep 2, FOXA1 ChIP-Seq, FOXA1 IP - T47D cells, DHT | FOXA1 ChIP-Seq, FOXA1 ChIP-Seq - Rep 1, FOXA1 ChIP-Seq - Rep 2, 17BE2 | FOXA1 ChIP-Seq - Rep 1, 17BE2 | FOXA1 ChIP-Seq - Rep 2, 17BE2 | FOXA1 ChIP-Seq - Rep 1, DEX | FOXA1 ChIP-Seq - Rep 2, DEX | FOXA1 ChIP-Seq - Rep 2, FOXA1 IP - T47D, FOXA1 ChIP-Seq - Rep 1, DEX | FOXA1 ChIP-Seq - Rep 1, FOXA1 ChIP-Seq - Rep 1, 17BE2 | FOXA1 ChIP-Seq - Rep 1, 17BE2 | FOXA1 ChIP-Seq, 17BE2 | FOXA1 ChIP-Seq - Rep 2",,,
17BE2,AGPAT1,mammarygland,"FOXA1 IP | 17BE2 - MCF-7, 17BE2 | FOXA1 ChIP-Seq - Rep 2, 17BE2 | FOXA1 ChIP-Seq - Rep 1, 17BE2 | FOXA1 ChIP-Seq - Rep 2, 17BE2 | FOXA1 ChIP-Seq - Rep 1, 17BE2 | FOXA1 ChIP-Seq - Rep 1, 17BE2 | FOXA1 ChIP-Seq, 17BE2 | FOXA1 ChIP-Seq - Rep 2",,,
BHLHE40,AGPAT1,leukocytes,"BHLHE40 IP - K562 cells, BHLHE40 IP - GM12878 cells",,,
ARID3A,AGPAT1,liver,ARID3A IP - HepG2 cells,,,
CREB1,AGPAT1,prostate,"CREB1 ChIP-Seq - LNCaP-abl, CREB1 siRNA | FOXA1 ChIP-Seq - Rep 2, CREB1 ChIP-Seq - Rep 2, FOXA1 siRNA | CREB1 ChIP-Seq - Rep 2, CREB1 siRNA | FOXA1 ChIP-Seq - Rep 1, CREB1 ChIP-Seq - Rep 1, CREB1 ChIP-Seq - LNCaP, FOXA1 siRNA | CREB1 ChIP-Seq - Rep 1",,,
KLF5,AGPAT1,pancreas,"KLF5 IP, ELF3 IP | KLF5 KO, FOXA1 IP | KLF5 KO",,,
KLF11,AGPAT1,adiposetissue,"KLF11 ChIP-Seq, Rep 2, ROSI (BrAT) | KLF11 ChIP-Seq, Rep 1, KLF11 ChIP-Seq, Rep 1, ROSI (BrAT) | KLF11 ChIP-Seq, Rep 2",,,
GABPA,AGPAT1,prostate,"GABPA IP | R1881, GABPA IP - Rep 2, GABPA IP - Rep 1",,,
R1881,AGPAT1,prostate,"GABPA IP | R1881, R1881 | FOXA1 ChIP-Seq - Rep 1, GATA2 KD + R1881 | FOXA1 ChIP-Seq, R1881 | FOXA1 ChIP-Seq - Rep 2, CON KD + R1881 | FOXA1 ChIP-Seq",,,
CTCF,AGPAT1,skin,"CTCF IP - AG04449 cells, Rep 1 , CTCF IP - AG04449 cells, Rep 2 ",,,
AR,AGPAT1,prostate,"AR C562S OE + FOXA1 OE | FOXA1 ChIP-Seq, WT AR OE + FOXA1 OE | FOXA1 ChIP-Seq, AR Q640X OE + FOXA1 OE | FOXA1 ChIP-Seq, WT AR OE + FOXA1 OE | FOXA1 ChIP-Seq - high FOXA1",,,
JUND,AGPAT1,vasculature,JUND IP,,,
DEX,AGPAT1,mammarygland,"DEX | FOXA1 ChIP-Seq - Rep 1, DEX | FOXA1 ChIP-Seq - Rep 2, DEX | FOXA1 ChIP-Seq - Rep 1, DEX | FOXA1 ChIP-Seq - Rep 2, DEX | FOXA1 ChIP-Seq - Rep 2, DEX | FOXA1 ChIP-Seq - Rep 1",,,
JUND,AGPAT1,leukocytes,JUND IP - K562 cells,,,
ELK1,AGPAT1,leukocytes,ELK1 IP - GM12878 cells,,,
GABPA,AGPAT1,leukocytes,"GABPA IP - Jurkat, Rep 2, GABPA IP - GM12878 cells, Rep 2 , GABPA IP - GM12878 cells, GABPA IP - GM12878 cells, Rep 1 , GABPA IP - K562 cells, GABPA IP - HL cells, GABPA IP, GABPA IP - Jurkat, Rep 1, GABPA IP - GM12878 cells, Rep 3 , GABPA IP - GM12878 cells, Rep 5 , GABPA IP - GM12878 cells, Rep 4 ",,,
PBX3,AGPAT1,cns,PBX3 IP - SK-N-SH cells,,,
IRF1,AGPAT1,colon,IRF1 IP ,,,
CTCF,AGPAT1,megakaryocytelineage,"CTCF IP - MEG-01 cells, Rep 6 , CTCF IP - MEG-01 cells, Rep 2 , CTCF IP - MEG-01 cells, Rep 10 , CTCF IP - MEG-01 cells, Rep 4 ",,,
CTCF,AGPAT1,miscellaneous,"CTCF IP - AG09319 cells, Rep 1 ",,,
MYC,AGPAT1,leukocytes,"MYC IP | IFNA1 - K562 cells, 6 h, MYC IP | IFNG - K562 cells, 6 h, MYC IP | IFNG - K562 cells, 30 min, MYC IP - K562 cells, Rep 1, MYC IP - K562 cells, Rep 2, MYC IP - NB4 cells",,,
IFNA1,AGPAT1,leukocytes,"MYC IP | IFNA1 - K562 cells, 6 h, IRF1 IP | IFNA1-13 - K562 cells, 6 h, JUN IP | IFNA1-13 - 30 min , STAT2 IP | IFNA1-13 - K562 cells, 30 min, STAT2 IP | IFNA1-13 - K562 cells, 6 h, STAT1 IP | IFNA1-13 - K562 cells, 6 h",,,
TEAD4,AGPAT1,leukocytes,TEAD4 IP - K562 cells,,,
BATF,AGPAT1,leukocytes,BATF IP - GM12878 cells,,,
ATF3,AGPAT1,colon,ATF3 IP | CAMPTO,,,
ERG,AGPAT1,prostate,"ERG ChIP-Seq, DHT | ERG ChIP-Seq - 18 h, DHT | ERG ChIP-Seq - 2 h, DMSO | ERG ChIP-Seq - Rep 1, ERG ChIP-Seq, ERG | ERG ChIP-Seq",,,
JUN,AGPAT1,leukocytes,"JUN IP | IFNG - K562 cells, 30 min, JUN IP | IFNA1-13 - 30 min , JUN IP - K562 cells, Rep 1, JUN IP - K562 cells, Rep 2",,,
IFNG,AGPAT1,leukocytes,"JUN IP | IFNG - K562 cells, 30 min, STAT1 IP - Rep 2, STAT1 IP | IFNG - K562 cells, 30 min, STAT1 IP - Rep 3, MYC IP | IFNG - K562 cells, 6 h, IRF1 IP | IFNG - K562 cells, 30 min, MYC IP | IFNG - K562 cells, 30 min, STAT1 IP | IFNG - K562 cells, 6 h, IRF1 IP | IFNG - K562 cells, 6 h, STAT1 IP - Rep 5",,,
TFAP4,AGPAT1,leukocytes,TFAP4 IP - Rep 1,,,
JUND,AGPAT1,stemcells,"JUND IP - H1 cells, JUND IP - H1 cells",,,
DHT,AGPAT1,prostate,"DHT | ERG ChIP-Seq - 18 h, DHT | ERG ChIP-Seq - 2 h, DHT | FOXA1 ChIP-Seq - C4- Rep 2B, DHT | FOXA1 ChIP-Seq",,,
NFYB,AGPAT1,leukocytes,"NFYB IP - K562 cells, NFYB IP - GM12878 cells",,,
JUND,AGPAT1,uterus,JUND IP - HeLa cells,,,
CREB1,AGPAT1,lung,"CREB1 IP | DEX - A549 cells, CREB1 IP - A549 cells, Rep 2",,,
DEX,AGPAT1,lung,CREB1 IP | DEX - A549 cells,,,
MEIS1,AGPAT1,hspcs,MEIS1 IP - Rep 3,,,
MYBL2,AGPAT1,liver,MYBL2 IP - HepG2 cells,,,
MAX,AGPAT1,liver,"MAX IP - HepG2 cells, MAX IP - MCF7 cells, MAX IP - HepG2 cells",,,
TAL1,AGPAT1,megakaryocytelineage,"TAL1 IP - CHRF-288-11 cells, Rep 1 , TAL1 IP - CHRF-288-11 cells, Rep 4 ",,,
BACH1,AGPAT1,stemcells,BACH1 IP - H1 cells,,,
ETS1,AGPAT1,leukocytes,ETS1 IP,,,
E2F4,AGPAT1,leukocytes,"E2F4 IP - GM12878 cells, E2F4 IP - K562 cells",,,
MAFK,AGPAT1,leukocytes,"MAFK IP - GM12878 cells, MAFK IP - K562 cells",,,
GABPA,AGPAT1,uterus,GABPA IP - HeLa cells,,,
STAT1,AGPAT1,leukocytes,"STAT1 IP - Rep 2, STAT1 IP | IFNG - K562 cells, 30 min, STAT1 IP - Rep 3, STAT1 IP | IFNG - K562 cells, 6 h, STAT1 IP - Rep 5, STAT1 IP | IFNA1-13 - K562 cells, 6 h",,,
RELB,AGPAT1,leukocytes,RELB IP - Rep 2,,,
CREB1,AGPAT1,liver,"CREB1 IP - HepG2 cells, CREB1 IP, CREB1 IP, CREB1 IP",,,
ELF3,AGPAT1,pancreas,"ELF3 IP | KLF5 KO, ELF3 IP, ELF3 IP",,,
SRF,AGPAT1,colon,SRF IP - HCT116 cells,,,
CTCF,AGPAT1,bone,CTCF IP - Osteoblasts ,,,
SP2,AGPAT1,leukocytes,SP2 IP - K562 cells,,,
MYB,AGPAT1,leukocytes,"MYB IP - Jurkat, Rep 2, MYB IP - Jurkat, Rep 3, MYB IP - Jurkat, Rep 1, MYB IP - MOLT3, MYB IP - Jurkat, Rep 4, MYB IP - Jurkat, Rep 5",,,
HEY1,AGPAT1,leukocytes,HEY1 IP - K562 cells,,,
PBX3,AGPAT1,lung,PBX3 IP - A549 cells,,,
CEBPB,AGPAT1,lung,"CEBPB ChIP-Seq - A549, CEBPB ChIP-Seq - IMR90, CEBPB IP - A549 cells",,,
MAX,AGPAT1,vasculature,MAX IP - HUVEC cells,,,
RELA,AGPAT1,leukocytes,"RELA IP | BAY082  - IVD Th1 cells, PIA",,,
BAY082,AGPAT1,leukocytes,"RELA IP | BAY082  - IVD Th1 cells, PIA",,,
YY1,AGPAT1,colon,YY1 IP - HCT116 cells,,,
CTCF,AGPAT1,vasculature,"CTCF IP - HUVEC cells, Rep 1 , CTCF IP - HBMEC cells, Rep 1 , CTCF IP - HBMEC cells, Rep 2 ",,,
GATA1,AGPAT1,hspcs,"GATA1 IP - Rep 2, GATA1 IP - Rep 1, GATA1 IP - Rep 3, GATA1 IP - PBDE cells, Rep 1",,,
TP53,AGPAT1,skin,TP53 IP | NUTL3,,,
JUN,AGPAT1,colon,JUN IP ,,,
IRF1,AGPAT1,leukocytes,"IRF1 IP | IFNA1-13 - K562 cells, 6 h, IRF1 IP | IFNG - K562 cells, 30 min, IRF1 IP | IFNG - K562 cells, 6 h",,,
FOS,AGPAT1,mammarygland,"FOS IP - MCF10A cells, FOS IP | 4HT - MCF10A cells, 4 h, FOS IP | 4HT - MCF10A cells, 12 h",,,
FOXA1,AGPAT1,pancreas,"FOXA1 IP, FOXA1 IP, FOXA1 IP | KLF5 KO",,,
CEBPB,AGPAT1,colon,"CEBPB IP | 125DVD3, CEBPB IP, CEBPB IP - HCT116 cells",,,
125DVD3,AGPAT1,colon,"CEBPB IP | 125DVD3, CDX2 IP | 125DVD3",,,
NFYA,AGPAT1,leukocytes,"NFYA IP - K562 cells, NFYA IP - GM12878 cells",,,
MXI1,AGPAT1,liver,MXI1 IP - HepG2 cells,,,
YY1,AGPAT1,liver,YY1 IP - HepG2 cells,,,
YY1,AGPAT1,cns,"YY1 IP - SK-N-SH cells, YY1 IP | ATRA - SK-N-SH cells",,,
JUND,AGPAT1,colon,JUND IP - HCT116 cells,,,
IRF1,AGPAT1,pancreas,IRF1 IP,,,
EBF1,AGPAT1,leukocytes,"EBF1 IP - GM12878 cells, EBF1 IP - GM12878 cells",,,
TBP,AGPAT1,uterus,TBP IP - HeLa cells,,,
GATA2,AGPAT1,leukocytes,"GATA2 IP - K562 cells, GATA2 IP - K562 cells",,,
MAFK,AGPAT1,liver,"MAFK IP - HepG2 cells, Rep 1, MAFK IP - HepG2 cells, Rep 2",,,
CREB1,AGPAT1,uterus,CREB1 IP - ECC1 cells,,,
GATA6,AGPAT1,stemcells,GATA6 IP - Rep 1 ,,,
MXI1,AGPAT1,uterus,MXI1 IP - HeLa cells,,,
GATA2,AGPAT1,cns,GATA2 ChIP-Seq SH-SY5Y,,,
SRF,AGPAT1,mammarygland,SRF IP - MCF7 cells,,,
SOX2,AGPAT1,stemcells,SOX2 IP,,,
CREB1,AGPAT1,leukocytes,"CREB1 IP - GM12878 cells, CREB1 IP, CREB1 IP - K562 cells",,,
UBTF,AGPAT1,leukocytes,UBTF IP - K562 cells,,,
FOXA1,AGPAT1,liver,"FOXA1 IP - HepG2 cells, Rep 1, FOXA1 IP - HepG2 cells, Rep 2",,,
FOXA2,AGPAT1,embryonictissue,FOXA2 IP - Rep 2,,,
SPI1,AGPAT1,hspcs,"SPI1 IP - Rep 2, SPI1 IP -  Rep 1",,,
SP2,AGPAT1,liver,SP2 IP - HepG2 cells,,,
CTCF,AGPAT1,stemcells,"CTCF IP - H1 cells, CTCF IP - Rep 6 , CTCF IP - Rep 5 , CTCF IP - H1 cells ",,,
CDX2,AGPAT1,colon,CDX2 IP | 125DVD3,,,
FOS,AGPAT1,uterus,FOS IP - HeLa cells,,,
NFKB1,AGPAT1,leukocytes,"NFKB1 IP - Rep 2, NFKB1 IP - Rep 1",,,
REST,AGPAT1,stemcells,"REST IP - H1 cells, Rep 1",,,
ELF1,AGPAT1,colon,ELF1 IP - HCT116 cells,,,
MAZ,AGPAT1,lung,MAZ IP - IMR cells,,,
ATF3,AGPAT1,leukocytes,ATF3 IP - K562 cells,,,
NFYA,AGPAT1,uterus,NFYA IP - HeLa cells,,,
MAFF,AGPAT1,leukocytes,MAFF IP - K562 cells,,,
DHT,AGPAT1,mammarygland,"DHT | FOXA1 ChIP-Seq, DHT | MYC ChIP-Seq",,,
TCF12,AGPAT1,liver,TCF12 IP - MCF7 cells,,,
TBP,AGPAT1,leukocytes,"TBP IP - GM12878 cells, TBP IP - K562 cells",,,
TAL1,AGPAT1,colon,TAL1 IP ,,,
MXI1,AGPAT1,leukocytes,"MXI1 IP - GM12878 cells, MXI1 IP - K562 cells",,,
MXI1,AGPAT1,cns,MXI1 IP - SK-N-SH cells ,,,
SP1,AGPAT1,colon,SP1 IP - HCT116 cells,,,
ELF1,AGPAT1,lung,ELF1 IP - A549 cells,,,
FOXA2,AGPAT1,liver,FOXA2 IP - HepG2 cells,,,
IRF3,AGPAT1,leukocytes,IRF3 IP - GM12878 cells,,,
CTCF,AGPAT1,uterus,"CTCF IP - HeLa cells, Rep 1 , CTCF IP - HeLa cells ",,,
E2F6,AGPAT1,stemcells,E2F6 IP - H1 cells,,,
CEBPB,AGPAT1,uterus,"CEBPB IP - ECC1 cells, CEBPB ChIP-Seq - HeLaS3",,,
REST,AGPAT1,lung,REST IP - A549 cells,,,
FOS,AGPAT1,leukocytes,"FOS IP - K562 cells, FOS IP - GM12878 cells",,,
MAFK,AGPAT1,stemcells,MAFK IP - H1 cells,,,
STAT3,AGPAT1,leukocytes,"STAT3 IP - OCI-LY19, STAT3 IP - SU-DHL-4, STAT3 IP - SU-DHL-6, STAT3 IP - SU-DHL-2",,,
MAX,AGPAT1,uterus,"MAX IP - HeLa cells, Rep 2, MAX IP - ECC1 cells, MAX IP - HeLa cells, Rep 1",,,
SRF,AGPAT1,liver,SRF IP - HepG2 cells,,,
TAL1,AGPAT1,leukocytes,"TAL1 IP - MOLT3, TAL1 IP - K562 cells",,,
GATA3,AGPAT1,mammarygland,"GATA3 IP - T47D cells, GATA3 IP - MCF7 cells",,,
MAX,AGPAT1,colon,MAX IP - HCT116 cells,,,
YY1,AGPAT1,uterus,YY1 IP - ECC1 cells,,,
ATRA,AGPAT1,cns,"YY1 IP | ATRA - SK-N-SH cells, USF1 IP | ATRA - SK-N-SH cells",,,
IRF4,AGPAT1,leukocytes,IRF4 IP,,,
RUNX1,AGPAT1,hspcs,"RUNX1, RUNX1 IP",,,
PBX3,AGPAT1,leukocytes,PBX3 IP - GM12878 cells,,,
FOSL1,AGPAT1,colon,FOSL1 IP - HCT116 cells,,,
STAT2,AGPAT1,leukocytes,"STAT2 IP | IFNA1-13 - K562 cells, 30 min, STAT2 IP | IFNA1-13 - K562 cells, 6 h",,,
CTCF,AGPAT1,liver,"CTCF IP - HepG2 cells , CTCF IP - HepG2 cells, Rep 1 , CTCF IP, CTCF IP - SK-N-SH cells",,,
MAX,AGPAT1,leukocytes,"MAX IP - K562 cells, MAX IP - K562 cells, Rep 1, MAX IP - NB4 cells, MAX IP - K562 cells, Rep 2",,,
CEBPB,AGPAT1,liver,"CEBPB ChIP-Seq - HepG2, CEBPB IP | FORSK - HepG2 cells, CEBPB IP - HepG2 cells",,,
ROSI,AGPAT1,adiposetissue,"ROSI (BrAT) | KLF11 ChIP-Seq, Rep 1, ROSI (BrAT) | KLF11 ChIP-Seq, Rep 2",,,
4HT,AGPAT1,mammarygland,"FOS IP | 4HT - MCF10A cells, 4 h, MYC IP | 4HT - MCF10A cells, FOS IP | 4HT - MCF10A cells, 12 h, E2F4 IP | 4HT - MCF10 cells",,,
CUX1,AGPAT1,leukocytes,CUX1 IP - K562 cells,,,
E2F6,AGPAT1,leukocytes,"E2F6 IP - K562 cells, E2F6 IP - K562 cells",,,
GATA4,AGPAT1,stomach,GATA4 IP - AGS,,,
TCF7L2,AGPAT1,mammarygland,TCF7L2 ChIP-Seq,,,
TEAD4,AGPAT1,stemcells,TEAD4 IP - H1 cells,,,
FLI1,AGPAT1,hspcs,FLI1 IP,,,
CEBPB,AGPAT1,mammarygland,CEBPB IP - MCF7 cells,,,
E2F3,AGPAT1,colon,E2F3 IP ,,,
REST,AGPAT1,cns,REST IP - SK cells,,,
ATF2,AGPAT1,colon,ATF2 IP ,,,
ARID3A,AGPAT1,leukocytes,ARID3A IP - K562 cells,,,
CTCF,AGPAT1,kidney,"CTCF IP - HEK293 cells, Rep 1 ",,,
MAZ,AGPAT1,leukocytes,"MAZ IP - K562 cells, MAZ IP - GM12878 cells",,,
CEBPB,AGPAT1,leukocytes,"CEBPB IP - HL-60 cells, Rep 1 , CEBPB IP, CEBPB IP - K562 cells, CEBPB IP - Rep 204, CEBPB ChIP-Seq - K562",,,
IRF3,AGPAT1,liver,IRF3 IP - HepG2 cells,,,
SP1,AGPAT1,liver,SP1 IP - HepG2 cells,,,
MAX,AGPAT1,cns,MAX IP - SK-N-SH cells,,,
CREB1,AGPAT1,colon,CREB1 IP ,,,
MYC,AGPAT1,mammarygland,"DHT | MYC ChIP-Seq, MYC IP | 4HT - MCF10A cells, MYC IP - MCF-10A cells",,,
MAX,AGPAT1,lung,MAX IP - A549 cells,,,
MAX,AGPAT1,stemcells,"MAX IP - H1 cells, MAX IP - H1 cells",,,
CTCF,AGPAT1,hspcs,"CTCF IP - Erythroid cells, Rep 1",,,
GATA4,AGPAT1,stemcells,"GATA4 IP - Rep 3 , GATA4 IP - Rep 8 , GATA4 IP - Rep 1 , GATA4 IP - Rep 11 , GATA4 IP - Rep 10 ",,,
TCF7L2,AGPAT1,uterus,TCF7L2 IP - HeLa cells,,,
ZNF384,AGPAT1,leukocytes,"ZNF384 IP - K562 cells, ZNF384 IP - GM12878 cells",,,
FORSK,AGPAT1,liver,CEBPB IP | FORSK - HepG2 cells,,,
GATA6,AGPAT1,stomach,GATA6 IP - YCC3,,,
RUNX1,AGPAT1,leukocytes,"RUNX1 IP - Rep 2, SPI1 IP | RUNX1 KD, RUNX1 IP",,,
GATA2,AGPAT1,prostate,GATA2 KD + R1881 | FOXA1 ChIP-Seq,,,
SP2,AGPAT1,stemcells,SP2 IP - H1 cells,,,
FOXM1,AGPAT1,leukocytes,FOXM1 IP - GM12878 cells,,,
FOSL1,AGPAT1,leukocytes,FOSL1 IP - K562 cells,,,
SRF,AGPAT1,uterus,SRF IP - ECC1 cells,,,
USF1,AGPAT1,uterus,USF1 IP - ECC1 cells,,,
MAFK,AGPAT1,uterus,MAFK IP - HeLa cells,,,
MEF2A,AGPAT1,leukocytes,MEF2A IP - K562 cells,,,
GATA3,AGPAT1,cns,GATA3 IP - SK-N-SH cells,,,
ERG,AGPAT1,leukocytes,ERG IP - Rep 1,,,
USF2,AGPAT1,uterus,USF2 IP - HeLa cells,,,
NFKB2,AGPAT1,leukocytes,"NFKB2 IP - Rep 1, NFKB2 IP - Rep 2",,,
TEAD4,AGPAT1,uterus,TEAD4 IP - ECC1 cells,,,
CTCF,AGPAT1,sensory,"CTCF IP - WERI-Rb-1- cells, Rep 1 , CTCF IP - WERI ",,,
USF1,AGPAT1,colon,USF1 IP - HCT116 cells,,,
POU2F2,AGPAT1,leukocytes,POU2F2 IP - GM12878 cells,,,
TEAD4,AGPAT1,liver,TEAD4 IP - HepG2 cells,,,
ATF1,AGPAT1,leukocytes,ATF1 IP - K562 cells,,,
CTCF,AGPAT1,cns,"CTCF IP - HCPEpiC cells, Rep 1 , CTCF IP - SK-N-SH cells ",,,
TBP,AGPAT1,liver,TBP IP - HepG2 cells,,,
BHLHE40,AGPAT1,liver,BHLHE40 IP - HepG2 cells,,,
TCF7L2,AGPAT1,hspcs,TCF7L2 IP - Rep 1,,,
RELA,AGPAT1,colon,RELA IP ,,,
ELF1,AGPAT1,cns,ELF1 IP - SK-N-SH cells,,,
GABPA,AGPAT1,lung,GABPA IP - A549 cells,,,
PDX1,AGPAT1,pancreas,PDX1 IP,,,
ARNTL,AGPAT1,colon,ARNTL IP - Rep 1 ,,,
SIX2,AGPAT1,kidney,"SIX2 IP - 17 weeks, Rep 2, SIX2 IP - 17 weeks, Rep 1",,,
ETV5,AGPAT1,colon,ETV5 IP ,,,
NFYB,AGPAT1,uterus,NFYB IP - HeLa cells,,,
HIF1A,AGPAT1,bone,"HIF1A IP, HIF1A IP, HIF1A IP",,,
GTF2F1,AGPAT1,uterus,GTF2F1 IP - HeLa cells,,,
YY1,AGPAT1,lung,YY1 IP - A549 cells,,,
ELF1,AGPAT1,liver,ELF1 IP - HepG2 cells,,,
GLI2,AGPAT1,colon,GLI2 IP ,,,
TP53,AGPAT1,mammarygland,TP53 IP,,,
NFYA,AGPAT1,colon,NFYA IP ,,,
ROSI,AGPAT1,leukocytes,ROSI | SPI1 ChIP-Seq,,,
E2F1,AGPAT1,mammarygland,"E2F1 IP - MCF7 cells, E2F1 IP",,,
ZBTB7A,AGPAT1,uterus,ZBTB7A IP - ECC1 cells,,,
OTX2,AGPAT1,stemcells,OTX2 IP - Rep 10 ,,,
ZNF143,AGPAT1,stemcells,ZNF143 IP - H1 cells,,,
TCF12,AGPAT1,cns,TCF12 IP - SK-N-SH cells,,,
USF1,AGPAT1,stemcells,USF1 IP - H1 cells,,,
EGR1,AGPAT1,colon,EGR1 IP - HCT116 cells,,,
MAZ,AGPAT1,uterus,MAZ IP - HeLa cells,,,
USF1,AGPAT1,cns,"USF1 IP - SK-N-SH cells, USF1 IP | ATRA - SK-N-SH cells",,,
TP53,AGPAT1,bone,"TP53 IP, TP53 IP | TP53EE/RR OE",,,
MAFF,AGPAT1,liver,MAFF IP - HepG2 cells,,,
ATF2,AGPAT1,leukocytes,ATF2 IP - GM12878 cells,,,
GABPA,AGPAT1,cns,GABPA IP - SK-N-SH cells,,,
STAT1,AGPAT1,uterus,"STAT1 IP | IFNG - HeLa cells, 30 min",,,
IFNG,AGPAT1,uterus,"STAT1 IP | IFNG - HeLa cells, 30 min",,,
CREB1,AGPAT1,stemcells,CREB1 IP - H1 cells,,,
SP1,AGPAT1,stemcells,SP1 IP - H1 cells,,,
USF1,AGPAT1,leukocytes,USF1 IP - K562 cells,,,
ELF1,AGPAT1,leukocytes,"ELF1 IP - SK-N-SH cells, ELF1 IP - SK-N-SH cells",,,
GTF2B,AGPAT1,uterus,GTF2B IP - Rep 2,,,
NFYC,AGPAT1,colon,NFYC IP ,,,
BARX1,AGPAT1,colon,BARX1 IP - Rep 1 ,,,
MAZ,AGPAT1,liver,MAZ IP - HepG2 cells,,,
PAX5,AGPAT1,leukocytes,"PAX5 IP - GM12878 cells, Rep 1",,,
ZBTB7A,AGPAT1,leukocytes,ZBTB7A IP - SK-N-SH cells,,,
SOX17,AGPAT1,stemcells,SOX17 IP - Rep 1 ,,,
SP1,AGPAT1,lung,SP1 IP - A549 cells,,,
REST,AGPAT1,leukocytes,REST IP - K562 cells,,,
USF2,AGPAT1,stemcells,USF2 IP - H1 cells,,,
SRF,AGPAT1,leukocytes,SRF IP - SK-N-SH cells,,,
YY1,AGPAT1,stemcells,"YY1 IP - NT2 cells, YY1 IP - H1 cells",,,
SREBF1,AGPAT1,liver,SREBF1 IP | INS + 22RHC - HepG2 cells,,,
22RHC; INS,AGPAT1,liver,SREBF1 IP | INS + 22RHC - HepG2 cells,,,
MAFK,AGPAT1,lung,MAFK IP - IMR cells,,,
HMGN3,AGPAT1,leukocytes,HMGN3 IP - K562 cells,,,
ZNF263,AGPAT1,kidney,ZNF263 IP - HEK293 cells,,,
E2F4,AGPAT1,mammarygland,E2F4 IP | 4HT - MCF10 cells,,,
ELF1,AGPAT1,mammarygland,ELF1 IP - MCF7 cells,,,
TP53,AGPAT1,lung,"TP53 IP - propapoptic, Rep 1",,,
GABPA,AGPAT1,stemcells,GABPA IP - H1 cells,,,
FOXM1,AGPAT1,mammarygland,FOXM1 IP - MCF7 cells,,,
RELA,AGPAT1,adiposetissue,RELA IP,,,
HOXA4,AGPAT1,colon,HOXA4 IP ,,,
SRF,AGPAT1,stemcells,SRF IP - Rep 4 ,,,
TCF7L2,AGPAT1,pancreas,TCF7L2 IP,,,
HOXA6,AGPAT1,colon,HOXA6 IP ,,,
STAT5A,AGPAT1,leukocytes,STAT5A IP - K562 cells,,,
EGR1,AGPAT1,leukocytes,EGR1 IP - K562 cells,,,
TBP,AGPAT1,stemcells,TBP IP - H1 cells,,,
KLF5,AGPAT1,stomach,KLF5 IP - KATOIII,,,
HEY1,AGPAT1,liver,HEY1 IP - HepG2 cells,,,
FOXA1,AGPAT2,mammarygland,"FOXA1 IP - T47D, 17BE2 | FOXA1 ChIP-Seq - Rep 2, 17BE2 | FOXA1 ChIP-Seq - Rep 1, 17BE2 | FOXA1 ChIP-Seq - Rep 2, 17BE2 | FOXA1 ChIP-Seq, DEX | FOXA1 ChIP-Seq - Rep 2, FOXA1 ChIP-Seq - Rep 2, FOXA1 ChIP-Seq - Rep 2, 17BE2 | FOXA1 ChIP-Seq - Rep 2, FOXA1 IP | 17BE2 - MCF-7, FOXA1 ChIP-Seq - Rep 1, DEX | FOXA1 ChIP-Seq - Rep 1, FOXA1 ChIP-Seq - Rep 1, 17BE2 | FOXA1 ChIP-Seq - Rep 1, 17BE2 | FOXA1 ChIP-Seq - Rep 2, DEX | FOXA1 ChIP-Seq - Rep 1, DEX | FOXA1 ChIP-Seq - Rep 1, DHT | FOXA1 ChIP-Seq, DEX | FOXA1 ChIP-Seq - Rep 2, FOXA1 ChIP-Seq - Rep 1, DEX | FOXA1 ChIP-Seq - Rep 2, TNF | FOXA1 ChIP-Seq - Rep 2, FOXA1 IP - T47D cells, 17BE2 | FOXA1 ChIP-Seq - Rep 1, 17BE2 + TNF | FOXA1 ChIP-Seq - Rep 2, FOXA1 ChIP-Seq - Rep 2, FOXA1 ChIP-Seq - Rep 2, FOXA1 ChIP-Seq - Rep 1",,,
GTF2F1,AGPAT2,uterus,GTF2F1 IP - HeLa cells,,,
CTCF,AGPAT2,leukocytes,"CTCF IP - GM12869 cells , CTCF IP - K562 cells, Rep 1 , CTCF IP - GM12873 cells, Rep 3 , CTCF IP - GM11831 cells, CTCF IP - KU812 cells, Rep 17 , CTCF IP - GM12865 cells, Rep 3 , CTCF IP - KU812 cells, Rep 13 , CTCF IP - UT-7 cells, Rep 3 , CTCF IP - GM12154 cells, Rep 2, CTCF IP - K562 cells, Rep 3 , CTCF IP - GM11994 cells, Rep 1, CTCF IP - F36P cells, Rep 15 , CTCF IP - GM12865 cells, Rep 2 , CTCF IP - GM2588 cells, Rep 1 , CTCF IP - UT-7 cells, Rep 5 , CTCF IP - GM18486 cells, Rep 3 , CTCF IP - K562 cells, Rep 7 , CTCF IP - GM06990 cells, Rep 1 , CTCF IP - GM12890 cells, Rep 1 , CTCF IP - UT-7 cells, Rep 4 , CTCF IP - GM2588 cells, Rep 2 , CTCF IP - F36P cells, Rep 9 , CTCF IP - MS1 cells, Rep 3 , CTCF IP - GM2630 cells, Rep 2 , CTCF IP - K562 cells, Rep 8 , CTCF IP - K562 cells, Rep 11 , CTCF IP - GM12875 cells, Rep 1 , CTCF IP - GM12891 cells, Rep 1 , CTCF IP - MS1 cells, Rep 4 , CTCF IP - GM2255 cells, Rep 2 , CTCF IP - F36P cells, Rep 5 , CTCF IP - F36P cells, Rep 6 , CTCF IP - GM12154 cells, Rep 1, CTCF IP - GM12864 cells, Rep 1 , CTCF IP - K562 cells, Rep 5 , CTCF IP - HL-60 cells, Rep 7 , CTCF IP - GM12872 cells, Rep 2 , CTCF IP - GM12873 cells, Rep 1 , CTCF IP - F36P cells, Rep 1 , CTCF IP - GM11811 cells, Rep 2, CTCF IP - GM12868 cells , CTCF IP - GM2610 cells, Rep 2 , CTCF IP - GM12865 cells, Rep 1 , CTCF IP - GM12864 cells, Rep 3 , CTCF IP - GM2255 cells, Rep 3 , CTCF IP - KU812 cells, Rep 9 , CTCF IP - GM10847 cells, Rep 1 , CTCF IP - GM12874 cells, Rep 2 , CTCF IP - GM19238 cells, Rep 2 , CTCF IP - F36P cells, Rep 7 , CTCF IP - GM06986 cells, CTCF IP - K562 cells, Rep 16 , CTCF IP - GM18526 cells, Rep 1 , CTCF IP - GM19193 cells, Rep 1 , CTCF IP - K562 cells, Rep 1 , CTCF IP - GM19193 cells, Rep 2 , CTCF IP - GM12814 cells, Rep 1, CTCF IP - KU812 cells, Rep 1 , CTCF IP - K562 cells, Rep 9 , CTCF IP - GM12892 cells, Rep 2 , CTCF IP - GM11881 cells, CTCF IP - F36P cells, Rep 3 , CTCF IP - F36P cells, Rep 11 , CTCF IP - GM12866 cells , CTCF IP -  CD20+ cells , CTCF IP - GM19239 cells, Rep 2 , CTCF IP - GM12828 cells, CTCF IP - K562 cells, CTCF IP - F36P cells, Rep 19 , CTCF IP - GM12878 cells, Rep 1 , CTCF IP - GM18505 cells, Rep 1 , CTCF IP - GM12891 cells, Rep 2 , CTCF IP - GM19239 cells, Rep 1 , CTCF IP - K562 cells, Rep 14 , CTCF IP - GM12878 cells, Rep 1 , CTCF IP - GM12873 cells, Rep 1 , CTCF IP - GM12870 cells , CTCF IP - GM19099 cells, Rep 1 , CTCF IP - GM12867 cells , CTCF IP - GM19099 cells, Rep 2 , CTCF IP - F36P cells, Rep 17 , CTCF IP - GM12878 cells , CTCF IP - GM11811 cells, Rep 1, CTCF IP - GM19238 cells, Rep 1 , CTCF IP - GM12890 cells, Rep 2 , CTCF IP - F36P cells, Rep 13 , CTCF IP - GM2255 cells, Rep 1 , CTCF IP - GM12234 cells, CTCF IP - GM12875 cells, Rep 2 , CTCF IP - GM10847 cells, Rep 2 , CTCF IP - KU812 cells, Rep 5 , CTCF IP - GM19240 cells, Rep 2 , CTCF IP - GM12878 cells, Rep 2 , CTCF IP - NB4 cells , CTCF IP - HeLa cells, Rep 2 , CTCF ChIP-Seq - GM12878, CTCF IP - K562 cells, Rep 15 , CTCF IP - GM18505 cells, Rep 2 , CTCF IP - GM12006 cells, Rep 2, CTCF IP - GM18486 cells, Rep 1 , CTCF IP - GM06990 cells, Rep 2 , CTCF IP - GM18486 cells, Rep 2 , CTCF IP - K562 cells, Rep 2 , CTCF IP - GM2610 cells, Rep 1 , CTCF IP - GM12892 cells, Rep 1 , CTCF IP - GM12878 cells, Rep 2 , CTCF IP - GM18951 cells, Rep 2 , CTCF IP - K562 cells , CTCF IP - GM12749 cells, Rep 1, CTCF IP - GM12871 cells , CTCF IP - GM2588 cells, Rep 3 , CTCF IP - GM18526 cells, Rep 2 , CTCF IP - K562 cells, CTCF IP - F36P cells, Rep 14 , CTCF IP - GM12872 cells, Rep 1 , CTCF IP - GM2630 cells, Rep 3 , CTCF IP - HL , CTCF IP - F36P cells, Rep 10 , CTCF IP - GM12864 cells, Rep 2 , CTCF IP - GM12872 cells, Rep 3 , CTCF IP - GM12890 cells, Rep 3 , CTCF IP - UT-7 cells, Rep 6 , CTCF IP - K562 cells, Rep 13 , CTCF IP, CTCF IP - GM11994 cells, Rep 2, CTCF IP - MS1 cells, Rep 1 , CTCF IP - K562 cells, CTCF IP - GM18951 cells, Rep 1 , CTCF IP - K562 cells, Rep 12 , CTCF IP - CD14+ cells , CTCF IP - HL-60 cells, Rep 9 , CTCF IP - GM2630 cells, Rep 1 , CTCF IP - GM12874 cells, Rep 1 , CTCF IP - GM19240 cells, Rep 1 , CTCF IP - F36P cells, Rep 2 , CTCF IP - GM07346 cells, CTCF IP -  DND , CTCF IP - GM2610 cells, Rep 3 , CTCF IP - MS1 cells, Rep 2 ",,,
CTCF,AGPAT2,colon,"CTCF IP - HCT116 cells, CTCF IP - Rep 2 , CTCF IP - Caco , CTCF IP - Rep 1 , CTCF IP - Caco-2 cells, Rep 1 , CTCF IP - HCT116 cells, Rep 2 , CTCF IP - HCT116 cells, Rep 1 ",,,
SRF,AGPAT2,stemcells,"SRF IP - Rep 4 , SRF IP - Rep 6 , SRF IP - Rep 5 , SRF IP - Rep 1 , SRF IP - Rep 2 , SRF IP - Rep 7 , SRF IP - Rep 3 ",,,
CTCF,AGPAT2,mammarygland,"CTCF IP - HMEC cells , CTCF IP - HMEC cells, Rep 2 , CTCF IP - T47D cells, CTCF IP - HMEC cells, Rep 1 , CTCF IP - MCF-7 cells, Rep 1 , CTCF IP - HMF cells, Rep 2 , CTCF IP - HMF cells, Rep 1 , CTCF IP - MCF-7 cells Rep 2 , CTCF IP - MCF7 cells",,,
CTCF,AGPAT2,lung,"CTCF IP - A549 cells , CTCF IP - SAEC cells, Rep 2 , CTCF IP - NHLF cells , CTCF IP - SAEC cells, Rep 1 , CTCF IP | DEX - A549 cells , CTCF IP - WI-38 cells, Rep 2 , CTCF IP - HPF cells, Rep 1 , CTCF IP - WI-38 cells, Rep 1 , CTCF IP - A549 cells, Rep 1 , CTCF IP - HPF cells, Rep 2 , CTCF IP - AG04450 cells, Rep 1 , CTCF IP - AG04450 cells, Rep 2 , CTCF ChIP-Seq - A549, CTCF IP - A549 cells, CTCF IP - IMR cells, CTCF IP - NHLF cells , CTCF IP | DEX - A549 cells, CTCF IP - A549 cells, Rep 2 ",,,
ZBTB17,AGPAT2,bone,"ZBTB17 IP, ZBTB17 IP",,,
17BE2,AGPAT2,mammarygland,"17BE2 | FOXA1 ChIP-Seq - Rep 2, 17BE2 | FOXA1 ChIP-Seq - Rep 1, 17BE2 | FOXA1 ChIP-Seq - Rep 2, 17BE2 | FOXA1 ChIP-Seq, 17BE2 | FOXA1 ChIP-Seq - Rep 2, FOXA1 IP | 17BE2 - MCF-7, 17BE2 | FOXA1 ChIP-Seq - Rep 1, 17BE2 | FOXA1 ChIP-Seq - Rep 2, FOS IP | 17BE2, 17BE2 | FOXA1 ChIP-Seq - Rep 1",,,
FOXA1,AGPAT2,prostate,"FOXA1 KD | FOXA1 ChIP-Seq, FOXA1 ChIP-Seq - LNCaP-abl, FOXA1 ChIP-Seq, DHT | FOXA1 ChIP-Seq - C4- Rep 2B, GATA2 KD + R1881 | FOXA1 ChIP-Seq, FOXA1 KD | GATA2 ChIP-Seq, FOXA1 ChIP-Seq - Rep 1, FOXA1 siRNA | CREB1 ChIP-Seq - Rep 2, FOXA1 + FBS | GATA2 ChIP-Seq, FOXA1 ChIP-Seq, CON KD | FOXA1 ChIP-Seq, EtOH | FOXA1 ChIP-Seq - Rep 2, R1881 | FOXA1 ChIP-Seq - Rep 1, CON KD + R1881 | FOXA1 ChIP-Seq, CREB1 siRNA | FOXA1 ChIP-Seq - Rep 2, GATA2 KD  | FOXA1 ChIP-Seq, FOXA1 ChIP-Seq - LNCaP, FOXA1 ChIP-Seq, CON KD | FOXA1 ChIP-Seq, FOXA1 ChIP-Seq, POU2F1 KD + DHT | FOXA1 ChIP-Seq, CON KD + R1881 | FOXA1 ChIP-Seq - Rep 1, CON KD  | FOXA1 ChIP-Seq, FOXA1 ChIP-Seq - Rep 1, FOXA1 ChIP-Seq - Rep 2, CREB1 siRNA | FOXA1 ChIP-Seq - Rep 1, EtOH | FOXA1 ChIP-Seq - , DHT | FOXA1 ChIP-Seq, FOXA1 siRNA | CREB1 ChIP-Seq - Rep 1, FOXA1 KD | FOXA1 ChIP-Seq, CON KD | FOXA1 ChIP-Seq, R1881 | FOXA1 ChIP-Seq - Rep 2",,,
ETS1,AGPAT2,leukocytes,"ETS1 IP, ETS1 IP - K562 cells",,,
CEBPB,AGPAT2,leukocytes,"CEBPB IP, CEBPB IP | oxLDL  - Rep 208, CEBPB IP - Rep 203, CEBPB IP - Rep 201, CEBPB IP | oxLDL  - Rep 205, CEBPB IP | oxLDL  - Rep 206, CEBPB IP| oxLDL  - Rep 207, CEBPB IP - Rep 202, CEBPB IP, CEBPB ChIP-Seq - K562, CEBPB IP - Rep 204, CEBPB IP",,,
E2F6,AGPAT2,leukocytes,"E2F6 IP - K562 cells, E2F6 IP - K562 cells",,,
CEBPB,AGPAT2,stemcells,"CEBPB IP, CEBPB IP, CEBPB IP",,,
E2F1,AGPAT2,uterus,"E2F1 IP - HeLa cells, Rep 2, E2F1 IP - HeLa cells, Rep 1",,,
CTCF,AGPAT2,sensory,"CTCF IP - WERI-Rb-1- cells, Rep 1 , CTCF IP - HRPEpiC cells, Rep 1 , CTCF IP - WERI , CTCF IP - HRPEpiC cells, Rep 2 ",,,
SPI1,AGPAT2,leukocytes,"SPI1 IP, SPI1 IP | RUNX1 KD, SPI1 IP, SPI1 IP - HL cells, SPI1 IP, SPI1 IP - GM12878 cells, Rep 1 , ROSI | SPI1 ChIP-Seq, SPI1 IP, SPI1 IP, SPI1 IP - GM12878 cells, Rep 2 , SPI1 IP, SPI1 IP - GM12878 cells, Rep 3 , SPI1 IP, SPI1 IP - GM12878 cells, Rep 4 , SPI1 IP - K562 cells, SPI1 IP, SPI1 IP - GM12878 cells, SPI1 IP - GM12891 cells, SPI1 IP",,,
CREB1,AGPAT2,prostate,"CREB1 ChIP-Seq - LNCaP-abl, CREB1 ChIP-Seq - Rep 2, FOXA1 siRNA | CREB1 ChIP-Seq - Rep 2, CREB1 siRNA | FOXA1 ChIP-Seq - Rep 2, CREB1 siRNA | FOXA1 ChIP-Seq - Rep 1, FOXA1 siRNA | CREB1 ChIP-Seq - Rep 1, CREB1 ChIP-Seq - LNCaP",,,
ATF3,AGPAT2,colon,"ATF3 IP, ATF3 IP - HCT116 cells, ATF3 IP | CAMPTO",,,
MYC,AGPAT2,leukocytes,"MYC IP | IFNG - K562 cells, 30 min, MYC IP | IFNA1 - K562 cells, 6 h, MYC IP - K562 cells, Rep 2, MYC IP - NB4 cells, MYC IP - K562 cells, Rep 1, MYC IP | IFNG - K562 cells, 6 h",,,
IFNG,AGPAT2,leukocytes,"MYC IP | IFNG - K562 cells, 30 min, STAT1 IP - Rep 2, STAT1 IP - Rep 5, MYC IP | IFNG - K562 cells, 6 h, STAT1 IP - Rep 1, STAT1 IP - Rep 4, STAT1 IP - Rep 3",,,
FOXA1,AGPAT2,lung,"FOXA1 IP | DEX - A549 cells, FOXA1 IP - A549 cells",,,
DEX,AGPAT2,lung,"FOXA1 IP | DEX - A549 cells, CTCF IP | DEX - A549 cells , CREB1 IP | DEX - A549 cells, CTCF IP | DEX - A549 cells",,,
CTCF,AGPAT2,skin,"CTCF IP - AG09309 cells, Rep 1 , CTCF IP - NHEK cells , CTCF IP - BJ cells, Rep 1 , CTCF IP - HFFC cells, Rep 1 , CTCF IP - NHDF cells , CTCF IP - NHDF cells, Rep 1 , CTCF IP - HFFC cells, Rep 2 , CTCF IP - HFFC cells, Rep 3 , CTCF IP - NHDF cells, Rep 2 , CTCF IP - AG10803 cells, Rep 1 , CTCF IP - GM12878 cells, Rep 2 , CTCF IP - AG09309 cells, Rep 2 , CTCF IP - AG10803 cells, Rep 2 , CTCF IP - AG04449 cells, Rep 1 , CTCF IP - AG04449 cells, Rep 2 , CTCF IP - NHEK cells, Rep 2 , CTCF IP - BJ cells, Rep 2 ",,,
FOXA1,AGPAT2,pancreas,"FOXA1 IP, FOXA1 IP",,,
GATA1,AGPAT2,hspcs,"GATA1 IP - PBDE cells, Rep 1",,,
CTCF,AGPAT2,cns,"CTCF IP - HCPEpiC cells, Rep 1 , CTCF IP - BE(2)-C cells, Rep 2 , CTCF IP - SK-N-SH cells , CTCF IP - cerebellar astrocyte cells, Rep 1 , CTCF IP - SK-N-SH cells, Rep 2 , CTCF IP - HCPEpiC cells, Rep 2 , CTCF IP - NHA cells , CTCF IP - SK-N-SH cells, Rep 1 , CTCF IP - SK cells, CTCF IP - spinal cord astrocyte cells, Rep 1 , CTCF IP - cerebellar astrocyte cells, Rep 2 , CTCF IP - BE(2)-C cells, Rep 1 , CTCF IP - spinal cord astrocyte cells, Rep 2 ",,,
RUNX1,AGPAT2,leukocytes,"SPI1 IP | RUNX1 KD, RUNX1 IP, RUNX1 IP - Rep 2",,,
CREB1,AGPAT2,liver,"CREB1 IP - HepG2 cells, CREB1 IP, CREB1 IP",,,
TCF12,AGPAT2,lung,TCF12 IP - A549 cells,,,
ELF3,AGPAT2,pancreas,ELF3 IP,,,
ERG,AGPAT2,prostate,"DHT | ERG ChIP-Seq - 18 h, ERG ChIP-Seq, DHT | ERG ChIP-Seq - 2 h, DMSO | ERG ChIP-Seq - Rep 1, DMSO | ERG ChIP-Seq - Rep 2",,,
DHT,AGPAT2,prostate,"DHT | ERG ChIP-Seq - 18 h, DHT | ERG ChIP-Seq - 2 h, DHT | FOXA1 ChIP-Seq - C4- Rep 2B, DHT | FOXP1 ChIP-Seq, POU2F1 KD + DHT | FOXA1 ChIP-Seq, DHT | FOXP1 ChIP-Seq, DHT | FOXA1 ChIP-Seq",,,
GATA4,AGPAT2,stomach,GATA4 IP - AGS,,,
CTCF,AGPAT2,stemcells,"CTCF IP - Rep 1 , CTCF IP - Rep 5 , CTCF IP - Rep 7 , CTCF IP - H1 cells, CTCF IP - H1 cells , CTCF IP - Rep 3 , CTCF IP - Rep 2 , CTCF IP - Rep 4 , CTCF IP - Rep 6 ",,,
TEAD4,AGPAT2,uterus,TEAD4 IP - ECC1 cells,,,
ELF1,AGPAT2,leukocytes,"ELF1 IP - SK-N-SH cells, ELF1 IP - SK-N-SH cells",,,
JUND,AGPAT2,uterus,JUND IP - HeLa cells,,,
ZBTB7A,AGPAT2,uterus,ZBTB7A IP - ECC1 cells,,,
CTCF,AGPAT2,hspcs,"CTCF IP - Erythroid cells, Rep 1, CTCF IP - HEL 92.1.7 cells, Rep 11 , CTCF IP - HSPCs, Rep 1, CTCF IP - HEL 92.1.7 cells, Rep 14 , CTCF IP - HEL 92.1.7 cells, Rep 5 , CTCF IP - HEL 92.1.7 cells, Rep 1 , CTCF IP - Erythroid cells, Rep 2, CTCF IP - HEL 92.1.7 cells, Rep 8 , CTCF IP - HEL 92.1.7 cells, Rep 7 , CTCF IP - HSPCs, Rep 2, CTCF IP - HEL 92.1.7 cells, Rep 2 , CTCF IP - HEL 92.1.7 cells, Rep 13 ",,,
TBP,AGPAT2,uterus,TBP IP - HeLa cells,,,
E2F3,AGPAT2,colon,E2F3 IP ,,,
GATA2,AGPAT2,prostate,"GATA2 KD  | GATA2 ChIP-Seq, GATA2 KD + R1881 | FOXA1 ChIP-Seq, FOXA1 KD | GATA2 ChIP-Seq, GATA2 ChIP-Seq, FOXA1 + FBS | GATA2 ChIP-Seq, CON KD | GATA2 ChIP-Seq, CON KD + R1881 | GATA2 ChIP-Seq, GATA2 KD  | FOXA1 ChIP-Seq, GATA2 ChIP-Seq - Rep 2, GATA2 KD + R1881 | GATA2 ChIP-Seq, CON KD + FBS | GATA2 ChIP-Seq, GATA2 ChIP-Seq - Rep 1, CON KD  | GATA2 ChIP-Seq",,,
YY1,AGPAT2,leukocytes,"YY1 IP - K562 cells, Rep 1, YY1 IP - GM12878 cells, YY1 IP - K562 cells, Rep 2",,,
RELA,AGPAT2,adiposetissue,"RELA IP, RELA IP, RELA IP",,,
E2F1,AGPAT2,prostate,"E2F1 ChIP-Seq - Rep 1, HES6 OE + BICALU | E2F1 ChIP-Seq - Rep 3, BICALU | E2F1 ChIP-Seq - Rep 1, BICALU | E2F1 ChIP-Seq - Rep 3, HES6 OE | E2F1 ChIP-Seq - Rep 3, HES6 OE | E2F1 ChIP-Seq - Rep 1, HES6 OE + BICALU | E2F1 ChIP-Seq - Rep 1",,,
MAZ,AGPAT2,lung,MAZ IP - IMR cells,,,
USF1,AGPAT2,liver,USF1 IP - HepG2 cells,,,
STAT1,AGPAT2,leukocytes,"STAT1 IP - Rep 2, STAT1 IP - Rep 5, STAT1 IP - Rep 1, STAT1 IP - Rep 4, STAT1 IP - Rep 3",,,
CTCF,AGPAT2,uterus,"CTCF IP - ECC1 cells, CTCF IP - HeLa cells , CTCF IP - HeLa cells, Rep 1 ",,,
BCL11A,AGPAT2,leukocytes,BCL11A IP - GM12878 cells,,,
IRF1,AGPAT2,colon,IRF1 IP ,,,
IRF1,AGPAT2,leukocytes,"IRF1 IP | IFNA1-13 - K562 cells, 6 h",,,
IFNA1,AGPAT2,leukocytes,"IRF1 IP | IFNA1-13 - K562 cells, 6 h, MYC IP | IFNA1 - K562 cells, 6 h, JUN IP | IFNA1-13 - 30 min ",,,
SMARCC1,AGPAT2,uterus,SMARCC1 IP - HeLa cells,,,
EGR1,AGPAT2,leukocytes,EGR1 IP - K562 cells,,,
JUN,AGPAT2,mammarygland,"JUN IP - Rep 1, JUN IP | DEX, JUN IP - Rep 2, JUN IP, JUN IP | CPDA",,,
YY1,AGPAT2,stemcells,YY1 IP - H1 cells,,,
JUND,AGPAT2,vasculature,JUND IP,,,
HOXA4,AGPAT2,colon,HOXA4 IP ,,,
CTCF,AGPAT2,heart,"CTCF IP - myocytes cells, Rep 1 , CTCF IP - myocytes cells, Rep 2 , CTCF IP - HCF cells ",,,
CEBPB,AGPAT2,lung,"CEBPB ChIP-Seq - A549, CEBPB ChIP-Seq - IMR90, CEBPB IP - A549 cells",,,
BICALU,AGPAT2,prostate,"HES6 OE + BICALU | E2F1 ChIP-Seq - Rep 3, BICALU | E2F1 ChIP-Seq - Rep 1, BICALU | E2F1 ChIP-Seq - Rep 3, HES6 OE + BICALU | E2F1 ChIP-Seq - Rep 1",,,
HES6,AGPAT2,prostate,"HES6 OE + BICALU | E2F1 ChIP-Seq - Rep 3, HES6 OE | E2F1 ChIP-Seq - Rep 3, HES6 OE | E2F1 ChIP-Seq - Rep 1, HES6 OE + BICALU | E2F1 ChIP-Seq - Rep 1",,,
GABPA,AGPAT2,prostate,"GABPA IP | R1881, GABPA IP - Rep 1",,,
R1881,AGPAT2,prostate,"GABPA IP | R1881, GATA2 KD + R1881 | FOXA1 ChIP-Seq, R1881 | FOXA1 ChIP-Seq - Rep 1, CON KD + R1881 | FOXA1 ChIP-Seq, CON KD + R1881 | GATA2 ChIP-Seq, CON KD + R1881 | FOXA1 ChIP-Seq - Rep 1, GATA2 KD + R1881 | GATA2 ChIP-Seq, R1881 | FOXA1 ChIP-Seq - Rep 2",,,
CTCF,AGPAT2,kidney,"CTCF IP - HRE cells, Rep 1 , CTCF IP - HRE cells, Rep 2 , CTCF IP - HEK293 cells, Rep 2 , CTCF IP - RPTEC cells, Rep 1 , CTCF IP - RPTEC cells, Rep 2 , CTCF IP - HEK293 cells, Rep 1 ",,,
MAX,AGPAT2,liver,"MAX IP - HepG2 cells, MAX IP - HepG2 cells, MAX IP - MCF7 cells",,,
JUND,AGPAT2,leukocytes,"JUND IP - K562 cells, JUND IP - GM12878 cells, Rep 1 ",,,
MAZ,AGPAT2,leukocytes,"MAZ IP - K562 cells, MAZ IP - GM12878 cells",,,
CEBPB,AGPAT2,colon,"CEBPB IP | 125DVD3, CEBPB IP, CEBPB IP - HCT116 cells",,,
125DVD3,AGPAT2,colon,CEBPB IP | 125DVD3,,,
CTCF,AGPAT2,megakaryocytelineage,"CTCF IP - MEG-01 cells, Rep 8 , CTCF IP - MEG-01 cells, Rep 6 , CTCF IP - MEG-01 cells, Rep 2 , CTCF IP - MEG-01 cells, Rep 4 , CTCF IP - MEG-01 cells, Rep 10 ",,,
GABPA,AGPAT2,leukocytes,"GABPA IP - HL cells, GABPA IP - Jurkat, Rep 2, GABPA IP - GM12878 cells, Rep 5 , GABPA IP - K562 cells, GABPA IP - Jurkat, Rep 1",,,
JUN,AGPAT2,leukocytes,"JUN IP - K562 cells, Rep 2, JUN IP | IFNA1-13 - 30 min , JUN IP - K562 cells, Rep 1",,,
JUND,AGPAT2,liver,"JUND IP - HepG2 cells, JUND IP - HepG2 cells",,,
MXI1,AGPAT2,liver,MXI1 IP - HepG2 cells,,,
USF1,AGPAT2,leukocytes,USF1 IP - K562 cells,,,
TP63,AGPAT2,skin,"TP63 IP | BANF1 KD, TP63 IP, TP63 IP",,,
BANF1,AGPAT2,skin,TP63 IP | BANF1 KD,,,
DEX,AGPAT2,mammarygland,"DEX | FOXA1 ChIP-Seq - Rep 2, JUN IP | DEX, DEX | FOXA1 ChIP-Seq - Rep 1, DEX | FOXA1 ChIP-Seq - Rep 1, DEX | FOXA1 ChIP-Seq - Rep 1, DEX | FOXA1 ChIP-Seq - Rep 2, DEX | FOXA1 ChIP-Seq - Rep 2",,,
TCF12,AGPAT2,liver,"TCF12 IP - HepG2 cells, TCF12 IP - MCF7 cells",,,
GATA2,AGPAT2,cns,GATA2 ChIP-Seq SH-SY5Y,,,
CTCF,AGPAT2,liver,"CTCF IP, CTCF IP - HepG2 cells , CTCF IP - SK-N-SH cells, CTCF IP - HepG2 cells, Rep 2 , CTCF IP - HepG2 cells, Rep 1 ",,,
CREB1,AGPAT2,stemcells,CREB1 IP - H1 cells,,,
YY1,AGPAT2,uterus,YY1 IP - ECC1 cells,,,
CTCF,AGPAT2,placenta,"CTCF IP - HVMF cells, Rep 1 , CTCF IP - HVMF cells, Rep 2 ",,,
E2F1,AGPAT2,mammarygland,"E2F1 IP, E2F1 IP - MCF7 cells",,,
ATF3,AGPAT2,leukocytes,ATF3 IP - K562 cells,,,
CREB1,AGPAT2,colon,CREB1 IP ,,,
MXI1,AGPAT2,uterus,MXI1 IP - HeLa cells,,,
MYB,AGPAT2,leukocytes,"MYB IP - Jurkat, Rep 5, MYB IP - MOLT3, MYB IP - Jurkat, Rep 4, MYB IP - Jurkat, Rep 1, MYB IP - Jurkat, Rep 2, MYB IP - Jurkat, Rep 3",,,
FOSL2,AGPAT2,mammarygland,FOSL2 IP - MCF7 cells,,,
GATA3,AGPAT2,mammarygland,"GATA3 IP - MCF-7 cells, GATA3 IP - MCF7 cells, GATA3 IP - T47D cells",,,
FOSL1,AGPAT2,mammarygland,FOSL1 IP,,,
UBTF,AGPAT2,leukocytes,"UBTF IP - K562 cells, UBTF IP - K562 cells",,,
MAZ,AGPAT2,uterus,MAZ IP - HeLa cells,,,
JUN,AGPAT2,vasculature,JUN IP,,,
ROSI,AGPAT2,leukocytes,ROSI | SPI1 ChIP-Seq,,,
SRF,AGPAT2,colon,SRF IP - HCT116 cells,,,
EGR1,AGPAT2,uterus,EGR1 IP - ECC1 cells,,,
GATA6,AGPAT2,stomach,GATA6 IP - YCC3,,,
SRF,AGPAT2,uterus,SRF IP - ECC1 cells,,,
CTCF,AGPAT2,adiposetissue,"CTCF ChIP-Seq - d 9, CTCF ChIP-Seq - d -2, CTCF ChIP-Seq - d 0",,,
CEBPB,AGPAT2,uterus,"CEBPB ChIP-Seq - HeLaS3, CEBPB IP - ECC1 cells",,,
TCF12,AGPAT2,leukocytes,TCF12 IP - GM12878 cells,,,
JUN,AGPAT2,colon,JUN IP ,,,
YY1,AGPAT2,colon,YY1 IP - HCT116 cells,,,
MXI1,AGPAT2,cns,MXI1 IP - SK-N-SH cells ,,,
TP73,AGPAT2,bone,"TP73 IP - beta isoform, Rep 1, TP73 IP - beta isoform, Rep 2",,,
TP53,AGPAT2,mammarygland,"TP53 IP, TP53 IP | NUTL3 - MCF-7",,,
CEBPA,AGPAT2,leukocytes,CEBPA IP,,,
TBP,AGPAT2,leukocytes,TBP IP - K562 cells,,,
FOS,AGPAT2,mammarygland,"FOS IP - MCF10A cells, FOS IP | 4HT - MCF10A cells, 12 h, FOS IP | 4HT - MCF10A cells, 4 h, FOS IP | 17BE2, FOS IP | 4HT - MCF10A cells, 36 h",,,
IRF4,AGPAT2,leukocytes,IRF4 IP - GM12878 cells,,,
BCL3,AGPAT2,leukocytes,BCL3 IP - GM12878 cells,,,
STAT3,AGPAT2,leukocytes,STAT3 IP - SU-DHL-2,,,
FOXA1,AGPAT2,liver,"FOXA1 IP - HepG2 cells, Rep 2",,,
SP1,AGPAT2,lung,SP1 IP - A549 cells,,,
ELF1,AGPAT2,cns,ELF1 IP - SK-N-SH cells,,,
ZNF263,AGPAT2,kidney,ZNF263 IP - HEK293 cells,,,
GABPA,AGPAT2,lung,GABPA IP - A549 cells,,,
ETV5,AGPAT2,colon,ETV5 IP ,,,
MYBL2,AGPAT2,liver,MYBL2 IP - HepG2 cells,,,
CEBPB,AGPAT2,liver,"CEBPB ChIP-Seq - HepG2, CEBPB IP | FORSK - HepG2 cells",,,
MAX,AGPAT2,cns,MAX IP - SK-N-SH cells,,,
CTCF,AGPAT2,bone,"CTCF IP, CTCF IP - Osteoblasts ",,,
TAL1,AGPAT2,leukocytes,"TAL1 IP - K562 cells, TAL1 IP - MOLT3",,,
MTA3,AGPAT2,leukocytes,MTA3 IP - GM12878 cells,,,
CTCF,AGPAT2,vasculature,"CTCF IP - HBMEC cells, Rep 1 , CTCF IP - HUVEC cells , CTCF IP - HBMEC cells, Rep 2 , CTCF IP - HUVEC cells, Rep 2 , CTCF IP - HPAF cells, Rep 1 , CTCF IP - HUVEC cells, Rep 1 , CTCF IP - AoAFC cells, Rep 1 , CTCF IP - AoAFC cells, Rep 2 , CTCF IP - HPAF cells, Rep 2 ",,,
GLI2,AGPAT2,colon,GLI2 IP ,,,
RUNX1T1,AGPAT2,leukocytes,RUNX1T1 IP,,,
BHLHE40,AGPAT2,liver,"BHLHE40 IP - SK-N-SH cells, BHLHE40 IP - HepG2 cells",,,
CEBPB,AGPAT2,mammarygland,CEBPB IP - MCF7 cells,,,
MAX,AGPAT2,uterus,"MAX IP - HeLa cells, Rep 2, MAX IP - HeLa cells, Rep 1, MAX IP - ECC1 cells",,,
JUND,AGPAT2,lung,JUND IP - A549 cells,,,
SMAD1,AGPAT2,hspcs,SMAD1 IP - Rep 3,,,
FOSL2,AGPAT2,cns,FOSL2 IP - SK-N-SH cells,,,
KLF11,AGPAT2,adiposetissue,"KLF11 ChIP-Seq, Rep 2, ROSI (BrAT) | KLF11 ChIP-Seq, Rep 2",,,
CREB1,AGPAT2,lung,CREB1 IP | DEX - A549 cells,,,
4HT,AGPAT2,mammarygland,"FOS IP | 4HT - MCF10A cells, 12 h, FOS IP | 4HT - MCF10A cells, 4 h, FOS IP | 4HT - MCF10A cells, 36 h",,,
HEY1,AGPAT2,liver,HEY1 IP - HepG2 cells,,,
KLF5,AGPAT2,stomach,"KLF5 IP - YCC3, KLF5 IP - KATOIII",,,
MAX,AGPAT2,colon,MAX IP - HCT116 cells,,,
FOXP1,AGPAT2,prostate,"DHT | FOXP1 ChIP-Seq, DHT | FOXP1 ChIP-Seq",,,
MAX,AGPAT2,leukocytes,"MAX IP - K562 cells, MAX IP - K562 cells, Rep 2, MAX IP - GM12878 cells, MAX IP - NB4 cells",,,
ZNF83,AGPAT2,colon,ZNF83 IP ,,,
MAZ,AGPAT2,liver,MAZ IP - HepG2 cells,,,
E2F6,AGPAT2,uterus,E2F6 IP - HeLa cells,,,
FORSK,AGPAT2,liver,CEBPB IP | FORSK - HepG2 cells,,,
CTCF,AGPAT2,miscellaneous,"CTCF IP - AG09319 cells, Rep 1 , CTCF IP - AG09319 cells, Rep 2 ",,,
FOXP2,AGPAT2,cns,FOXP2 IP - SK cells,,,
ZNF217,AGPAT2,mammarygland,ZNF217 IP - MCF7 cells,,,
REST,AGPAT2,liver,"REST IP - HepG2 cells, Rep 2, REST IP - HepG2 cells, Rep 1",,,
TCF7L2,AGPAT2,mammarygland,TCF7L2 ChIP-Seq,,,
GABPA,AGPAT2,cns,GABPA IP - SK-N-SH cells,,,
ELF1,AGPAT2,colon,ELF1 IP - HCT116 cells,,,
E2F6,AGPAT2,stemcells,E2F6 IP - H1 cells,,,
YY1,AGPAT2,liver,YY1 IP - HepG2 cells,,,
GATA3,AGPAT2,lung,GATA3 IP - A549 cells,,,
TP53,AGPAT2,lung,"TP53 IP - propapoptic, Rep 1",,,
FOS,AGPAT2,uterus,FOS IP - HeLa cells,,,
HOXA6,AGPAT2,colon,HOXA6 IP ,,,
SP1,AGPAT2,leukocytes,SP1 IP - GM12878 cells,,,
HMGN3,AGPAT2,leukocytes,HMGN3 IP - K562 cells,,,
TEAD4,AGPAT2,leukocytes,TEAD4 IP - K562 cells,,,
JUND,AGPAT2,cns,JUND IP - SK-N-SH cells,,,
RELA,AGPAT2,colon,RELA IP ,,,
MAX,AGPAT2,lung,MAX IP - A549 cells,,,
ZEB1,AGPAT2,liver,ZEB1 IP - HepG2 cells,,,
POU2F1,AGPAT2,prostate,POU2F1 KD + DHT | FOXA1 ChIP-Seq,,,
ELF1,AGPAT2,mammarygland,ELF1 IP - MCF7 cells,,,
JUNB,AGPAT2,colon,JUNB IP ,,,
USF1,AGPAT2,stemcells,USF1 IP - H1 cells,,,
MYC,AGPAT2,mammarygland,"DHT | MYC ChIP-Seq, MYC IP - MCF-10A cells",,,
DHT,AGPAT2,mammarygland,"DHT | MYC ChIP-Seq, DHT | FOXA1 ChIP-Seq",,,
BATF,AGPAT2,leukocytes,BATF IP - GM12878 cells,,,
HEY1,AGPAT2,leukocytes,HEY1 IP - K562 cells,,,
FOS,AGPAT2,vasculature,FOS IP - HUVEC cells,,,
TCF12,AGPAT2,cns,TCF12 IP - SK-N-SH cells,,,
TCF7L2,AGPAT2,uterus,TCF7L2 IP - HeLa cells,,,
ZBTB7A,AGPAT2,liver,ZBTB7A IP - HepG2 cells,,,
FOXA1,AGPAT2,uterus,"FOXA1 IP - ECC1 cells, FOXA1 ChIP-Seq - Tumor E",,,
STAT3,AGPAT2,uterus,STAT3 IP - HeLa cells,,,
FOXA2,AGPAT2,embryonictissue,FOXA2 IP - Rep 2,,,
FOXP1,AGPAT2,colon,FOXP1 IP ,,,
TCF12,AGPAT2,uterus,TCF12 IP - ECC1 cells,,,
FOSL2,AGPAT2,lung,FOSL2 IP - A549 cells,,,
FOSL1,AGPAT2,leukocytes,FOSL1 IP - K562 cells,,,
ZNF143,AGPAT2,leukocytes,"ZNF143 IP - GM12878 cells, ZNF143 IP - K562 cells",,,
GABPA,AGPAT2,stemcells,GABPA IP - H1 cells,,,
EBF1,AGPAT2,leukocytes,"EBF1 IP - GM12878 cells, EBF1 IP - GM12878 cells",,,
FOSL2,AGPAT2,liver,FOSL2 IP - HepG2 cells,,,
FOSL1,AGPAT2,colon,FOSL1 IP - HCT116 cells,,,
ZBTB7A,AGPAT2,leukocytes,ZBTB7A IP - SK-N-SH cells,,,
PAX5,AGPAT2,leukocytes,"PAX5 IP - GM12878 cells, Rep 1",,,
TCF3,AGPAT2,leukocytes,TCF3 IP - GM12878 cells,,,
CTCF,AGPAT2,esophagus,"CTCF IP - HEEpiC cells, Rep 1 , CTCF IP - HEEpiC cells, Rep 2 ",,,
ATF2,AGPAT2,colon,ATF2 IP ,,,
CTCF,AGPAT2,skeletalmuscle,"CTCF IP - HSMM cells, Rep 1 , CTCF IP - HSMM cells, Rep 2 ",,,
JUND,AGPAT2,colon,JUND IP - HCT116 cells,,,
FOXA2,AGPAT2,lung,FOXA2 IP - A549 cells,,,
TP53,AGPAT2,bone,"TP53 IP | NUTL3, TP53 IP | TP53EE/RR OE",,,
NUTL3,AGPAT2,bone,TP53 IP | NUTL3,,,
ARNT,AGPAT2,kidney,ARNT IP,,,
USF2,AGPAT2,uterus,USF2 IP - HeLa cells,,,
GATA1,AGPAT2,leukocytes,GATA1 ChIP-Seq - K562,,,
ATF2,AGPAT2,leukocytes,ATF2 IP - GM12878 cells,,,
ZNF143,AGPAT2,stemcells,ZNF143 IP - H1 cells,,,
TAL1,AGPAT2,colon,TAL1 IP ,,,
JUND,AGPAT2,mammarygland,"JUND IP - MCF7 cells, JUND IP - T47D cells",,,
FOXM1,AGPAT2,mammarygland,FOXM1 IP - MCF7 cells,,,
CPDA,AGPAT2,mammarygland,JUN IP | CPDA,,,
TNF,AGPAT2,mammarygland,TNF | FOXA1 ChIP-Seq - Rep 2,,,
SP1,AGPAT2,colon,SP1 IP - HCT116 cells,,,
CTCF,AGPAT2,pancreas,CTCF IP,,,
MYC,AGPAT2,uterus,MYC IP - HeLa cells,,,
EGR1,AGPAT2,colon,EGR1 IP - HCT116 cells,,,
REST,AGPAT2,leukocytes,"REST IP - K562 cells, REST IP - HL60 cells",,,
FOS,AGPAT2,leukocytes,FOS IP - K562 cells,,,
CREB1,AGPAT2,leukocytes,CREB1 IP - K562 cells,,,
GABPA,AGPAT2,uterus,GABPA IP - HeLa cells,,,
ZNF143,AGPAT2,uterus,ZNF143 IP - HeLa cells,,,
TFAP4,AGPAT2,leukocytes,TFAP4 IP - Rep 2,,,
GABPA,AGPAT2,liver,GABPA IP - MCF7 cells,,,
SP1,AGPAT2,liver,SP1 IP - HepG2 cells,,,
MAX,AGPAT2,stemcells,MAX IP - H1 cells,,,
USF1,AGPAT2,uterus,USF1 IP - ECC1 cells,,,
17BE2; TNF,AGPAT2,mammarygland,17BE2 + TNF | FOXA1 ChIP-Seq - Rep 2,,,
ELF1,AGPAT2,liver,ELF1 IP - HepG2 cells,,,
SRF,AGPAT2,mammarygland,SRF IP - MCF7 cells,,,
FOXM1,AGPAT2,uterus,FOXM1 IP - ECC1 cells,,,
KLF5,AGPAT2,pancreas,KLF5 IP,,,
ROSI,AGPAT2,adiposetissue,"ROSI (BrAT) | KLF11 ChIP-Seq, Rep 2",,,
USF1,AGPAT2,colon,USF1 IP - HCT116 cells,,,
STAT1,AGPAT2,uterus,"STAT1 IP | IFNG - HeLa cells, 30 min",,,
IFNG,AGPAT2,uterus,"STAT1 IP | IFNG - HeLa cells, 30 min",,,
CTCF,AGPAT3,hspcs,"CTCF IP - HEL 92.1.7 cells, Rep 8 , CTCF IP - Erythroid cells, Rep 2, CTCF IP - HEL 92.1.7 cells, Rep 5 , CTCF IP - HEL 92.1.7 cells, Rep 2 , CTCF IP - HSPCs, Rep 2, CTCF IP - Erythroid cells, Rep 1, CTCF IP - HEL 92.1.7 cells, Rep 11 , CTCF IP - HEL 92.1.7 cells, Rep 14 ",,,
CTCF,AGPAT3,leukocytes,"CTCF IP - GM12864 cells, Rep 3 , CTCF IP - GM12865 cells, Rep 1 , CTCF IP - GM2610 cells, Rep 1 , CTCF IP - GM12868 cells , CTCF IP - GM2588 cells, Rep 3 , CTCF IP - F36P cells, Rep 11 , CTCF IP - GM12873 cells, Rep 1 , CTCF IP - GM12874 cells, Rep 2 , CTCF IP - GM11881 cells, CTCF IP - GM18526 cells, Rep 2 , CTCF IP - F36P cells, Rep 3 , CTCF IP - GM18505 cells, Rep 2 , CTCF IP - GM12890 cells, Rep 3 , CTCF IP - MS1 cells, Rep 1 , CTCF IP - GM12875 cells, Rep 2 , CTCF IP - GM18951 cells, Rep 1 , CTCF IP - GM12892 cells, Rep 1 , CTCF IP - GM2630 cells, Rep 1 , CTCF IP - GM12814 cells, Rep 1, CTCF IP - GM19240 cells, Rep 1 , CTCF IP - K562 cells, CTCF IP - GM12866 cells , CTCF IP - MS1 cells, Rep 2 , CTCF IP - GM12878 cells , CTCF IP - GM2630 cells, Rep 3 , CTCF IP - K562 cells, Rep 14 , CTCF IP - GM19239 cells, Rep 2 , CTCF IP - GM06986 cells, CTCF IP - GM2610 cells, Rep 3 , CTCF IP - GM18505 cells, Rep 1 , CTCF IP - GM12891 cells, Rep 2 , CTCF IP - GM12872 cells, Rep 2 , CTCF IP - F36P cells, Rep 7 , CTCF IP - K562 cells, Rep 16 , CTCF IP - GM12890 cells, Rep 1 , CTCF IP - GM12870 cells , CTCF IP - GM12867 cells , CTCF IP - GM2255 cells, Rep 2 , CTCF IP - GM18486 cells, Rep 3 , CTCF IP - GM12873 cells, Rep 1 , CTCF IP - GM12872 cells, Rep 3 , CTCF IP - F36P cells, Rep 19 , CTCF IP - GM2630 cells, Rep 2 , CTCF IP - GM12828 cells, CTCF IP - K562 cells, CTCF IP - MS1 cells, Rep 3 , CTCF IP - GM12864 cells, Rep 2 , CTCF IP - GM12891 cells, Rep 1 , CTCF IP - MS1 cells, Rep 4 , CTCF IP - F36P cells, Rep 14 , CTCF IP - GM18951 cells, Rep 2 , CTCF IP - GM18486 cells, Rep 1 , CTCF ChIP-Seq - GM12878, CTCF IP -  CD20+ cells , CTCF IP - K562 cells, Rep 15 , CTCF IP - HeLa cells, Rep 2 , CTCF IP - GM2588 cells, Rep 2 , CTCF IP - GM12878 cells, Rep 1 , CTCF IP - GM12234 cells, CTCF IP - GM12871 cells , CTCF IP - GM2255 cells, Rep 3 , CTCF IP - GM10847 cells, Rep 1 , CTCF IP - K562 cells , CTCF IP, CTCF IP - F36P cells, Rep 2 , CTCF IP - K562 cells, Rep 12 , CTCF IP - GM19238 cells, Rep 2 , CTCF IP - GM12872 cells, Rep 1 , CTCF IP - GM12878 cells, Rep 2 , CTCF IP - GM19193 cells, Rep 1 , CTCF IP - GM12892 cells, Rep 2 , CTCF IP - GM19193 cells, Rep 2 , CTCF IP - GM12154 cells, Rep 2, CTCF IP - GM12874 cells, Rep 1 , CTCF IP - GM2588 cells, Rep 1 , CTCF IP - GM18526 cells, Rep 1 , CTCF IP - K562 cells, Rep 13 , CTCF IP - GM06990 cells, Rep 2 , CTCF IP - GM11831 cells, CTCF IP - F36P cells, Rep 10 , CTCF IP - GM11994 cells, Rep 2, CTCF IP - GM19239 cells, Rep 1 , CTCF IP - K562 cells, Rep 11 , CTCF IP - UT-7 cells, Rep 3 , CTCF IP - GM12865 cells, Rep 3 , CTCF IP - KU812 cells, Rep 17 , CTCF IP - GM10847 cells, Rep 2 , CTCF IP - F36P cells, Rep 6 , CTCF IP - GM19099 cells, Rep 2 , CTCF IP - GM19099 cells, Rep 1 , CTCF IP - GM12815 cells, Rep 1, CTCF IP - GM06990 cells, Rep 1 , CTCF IP - GM12890 cells, Rep 2 , CTCF IP - GM2255 cells, Rep 1 , CTCF IP - GM12865 cells, Rep 2 , CTCF IP - F36P cells, Rep 15 , CTCF IP - GM12878 cells, Rep 1 , CTCF IP - K562 cells, Rep 1 , CTCF IP - GM11994 cells, Rep 1, CTCF IP - GM12878 cells, Rep 2 , CTCF IP - GM19240 cells, Rep 2 , CTCF IP - GM12875 cells, Rep 1 , CTCF IP - GM12864 cells, Rep 1 , CTCF IP - GM12154 cells, Rep 1, CTCF IP - GM12873 cells, Rep 3 , CTCF IP - GM12869 cells , CTCF IP - GM2610 cells, Rep 2 , CTCF IP - GM19238 cells, Rep 1 ",,,
MYC,AGPAT3,leukocytes,"MYC IP - K562 cells, Rep 2, MYC IP - K562 cells, Rep 1, MYC IP - NB4 cells, MYC IP | IFNA1 - K562 cells, 30 min, MYC IP | IFNA1 - K562 cells, 6 h, MYC IP | IFNG - K562 cells, 30 min, MYC IP | IFNG - K562 cells, 6 h",,,
TAL1,AGPAT3,leukocytes,"TAL1 IP - MOLT3, TAL1 IP - K562 cells",,,
STAT3,AGPAT3,leukocytes,"STAT3 IP - OCI-LY7, STAT3 IP - SU-DHL-2, STAT3 IP - U-2932, STAT3 IP - OCI-LY3",,,
TCF7L2,AGPAT3,mammarygland,TCF7L2 ChIP-Seq,,,
FOXH1,AGPAT3,stemcells,FOXH1 ChIP-Seq - Escs,,,
CEBPB,AGPAT3,leukocytes,"CEBPB ChIP-Seq - K562, CEBPB IP, CEBPB IP - K562 cells, CEBPB IP - GM12878 cells",,,
FOXA1,AGPAT3,prostate,"EtOH | FOXA1 ChIP-Seq - , DHT | FOXA1 ChIP-Seq, GATA2 KD + R1881 | FOXA1 ChIP-Seq, FOXA1 ChIP-Seq - Rep 2, CREB1 siRNA | FOXA1 ChIP-Seq - Rep 1, R1881 | FOXA1 ChIP-Seq - Rep 2, CON KD | FOXA1 ChIP-Seq, CON KD + R1881 | FOXA1 ChIP-Seq - Rep 2, FOXA1 ChIP-Seq - LNCaP-abl, PIAS1 + R1881 | FOXA1 ChIP-Seq - Rep 2, DHT | FOXA1 ChIP-Seq, PIAS1 + R1881 | FOXA1 ChIP-Seq - Rep 1, CREB1 siRNA | FOXA1 ChIP-Seq - Rep 2, FOXA1 KD | GATA2 ChIP-Seq, FOXA1 ChIP-Seq, EtOH | FOXA1 ChIP-Seq - Rep 2, CON KD + R1881 | FOXA1 ChIP-Seq, R1881 | FOXA1 ChIP-Seq - Rep 1, FOXA1 ChIP-Seq - Rep 1, GATA2 KD  | FOXA1 ChIP-Seq, CON KD  | FOXA1 ChIP-Seq, DHT | FOXA1 ChIP-Seq, CON KD + R1881 | FOXA1 ChIP-Seq - Rep 1",,,
PBX3,AGPAT3,leukocytes,PBX3 IP - GM12878 cells,,,
SPI1,AGPAT3,leukocytes,"SPI1 IP, SPI1 IP - GM12878 cells, Rep 3 , SPI1 IP, SPI1 IP - GM12878 cells, Rep 1 , SPI1 IP, SPI1 IP - GM12878 cells, Rep 2 , SPI1 IP, SPI1 IP, SPI1 IP - GM12891 cells, SPI1 IP, SPI1 IP - U-937 cells, Rep 4 , SPI1 IP, SPI1 IP - U-937 cells, Rep 1 , SPI1 IP - GM12878 cells, SPI1 IP - GM12878 cells, Rep 4 , SPI1 IP, SPI1 IP, SPI1 IP - HL cells, SPI1 IP - K562 cells, SPI1 IP, SPI1 IP - HL-60 cells, Rep 4 ",,,
JUND,AGPAT3,stemcells,"JUND IP - H1 cells, JUND IP - H1 cells",,,
SRF,AGPAT3,leukocytes,"SRF IP - GM12878 cells, Rep 2, SRF IP - K562 cells, SRF IP - SK-N-SH cells",,,
GABPA,AGPAT3,prostate,"GABPA IP - Rep 1, GABPA IP | R1881",,,
USF1,AGPAT3,cns,"USF1 IP | ATRA - SK-N-SH cells, USF1 IP - SK-N-SH cells",,,
ATRA,AGPAT3,cns,"USF1 IP | ATRA - SK-N-SH cells, YY1 IP | ATRA - SK-N-SH cells",,,
CUX1,AGPAT3,leukocytes,CUX1 IP - GM12878 cells,,,
ZEB1,AGPAT3,liver,ZEB1 IP - HepG2 cells,,,
RELA,AGPAT3,leukocytes,"RELA IP | TNF - GM15510 cells, RELA IP | TNF - GM19193 cells, RELA IP | TNF - GM19099 cells, RELA IP | TNF - GM12892 cells, RELA IP | TNF - GM12878 cells, RELA IP | TNF - GM18951 cells, RELA IP - IVD Th1 cells, PIA, RELA IP | TNF - GM18505 cells, RELA IP | TNF - GM10847 cells, RELA IP | TNF - GM12891 cells",,,
TNF,AGPAT3,leukocytes,"RELA IP | TNF - GM15510 cells, RELA IP | TNF - GM19193 cells, RELA IP | TNF - GM12892 cells, RELA IP | TNF - GM12878 cells, RELA IP | TNF - GM18951 cells, RELA IP | TNF - GM18505 cells, RELA IP | TNF - GM10847 cells, RELA IP | TNF - GM12891 cells",,,
FOXM1,AGPAT3,leukocytes,FOXM1 IP - GM12878 cells,,,
EGR1,AGPAT3,colon,EGR1 IP - HCT116 cells,,,
HEY1,AGPAT3,liver,HEY1 IP - HepG2 cells,,,
MAX,AGPAT3,vasculature,MAX IP - HUVEC cells,,,
GATA4,AGPAT3,stomach,GATA4 IP - AGS,,,
ARNTL,AGPAT3,colon,ARNTL IP - Rep 1 ,,,
CREB1,AGPAT3,colon,CREB1 IP ,,,
POU5F1,AGPAT3,stemcells,"POU5F1 IP, POU5F1 IP, POU5F1 IP - Rep 1 ",,,
YY1,AGPAT3,leukocytes,"YY1 IP - K562 cells, Rep 2, YY1 IP - GM12892 cells, Rep 1, YY1 IP - GM12878 cells, YY1 IP - K562 cells, Rep 1",,,
MYB,AGPAT3,leukocytes,"MYB IP - Jurkat, Rep 5, MYB IP - MOLT3, MYB IP - Jurkat, Rep 4, MYB IP - Jurkat, Rep 2, MYB IP - Jurkat, Rep 1, MYB IP - Jurkat, Rep 3",,,
USF1,AGPAT3,stemcells,USF1 IP - H1 cells,,,
JUN,AGPAT3,liver,JUN IP - HepG2 cells,,,
SMAD1,AGPAT3,hspcs,SMAD1 IP - Rep 3,,,
ZNF384,AGPAT3,leukocytes,"ZNF384 IP - GM12878 cells, ZNF384 IP - K562 cells",,,
RELA,AGPAT3,adiposetissue,"RELA IP, RELA IP, RELA IP, RELA IP",,,
JUND,AGPAT3,leukocytes,"JUND IP - K562 cells, JUND IP - GM12878 cells, Rep 1 ",,,
USF1,AGPAT3,leukocytes,"USF1 IP - GM12878 cells, USF1 IP - K562 cells",,,
CDX2,AGPAT3,colon,CDX2 IP | 125DVD3,,,
125DVD3,AGPAT3,colon,"CDX2 IP | 125DVD3, CEBPB IP | 125DVD3",,,
CEBPB,AGPAT3,mammarygland,CEBPB IP - MCF7 cells,,,
FOXA1,AGPAT3,mammarygland,"FOXA1 ChIP-Seq - Rep 1, FOXA1 ChIP-Seq - Rep 1, DEX | FOXA1 ChIP-Seq - Rep 1, 17BE2 | FOXA1 ChIP-Seq - Rep 2, 17BE2 | FOXA1 ChIP-Seq - Rep 1, TNF | FOXA1 ChIP-Seq - Rep 1, DHT | FOXA1 ChIP-Seq, DEX | FOXA1 ChIP-Seq - Rep 2, 17BE2 | FOXA1 ChIP-Seq - Rep 1, 17BE2 | FOXA1 ChIP-Seq - Rep 2",,,
MAFK,AGPAT3,leukocytes,"MAFK IP - GM12878 cells, MAFK IP - K562 cells",,,
MAX,AGPAT3,leukocytes,"MAX IP - GM12878 cells, MAX IP - K562 cells, MAX IP - NB4 cells, MAX IP - K562 cells, Rep 2, MAX IP - K562 cells, Rep 1",,,
DHT,AGPAT3,prostate,"DHT | FOXA1 ChIP-Seq, DHT | ERG ChIP-Seq - 18 h, DHT | ERG ChIP-Seq - 2 h, DHT | FOXA1 ChIP-Seq, DHT | FOXP1 ChIP-Seq, DHT | FOXA1 ChIP-Seq",,,
MAX,AGPAT3,cns,MAX IP - SK-N-SH cells,,,
IRF1,AGPAT3,colon,IRF1 IP ,,,
GATA2,AGPAT3,prostate,"GATA2 ChIP-Seq - Rep 2, GATA2 KD + R1881 | FOXA1 ChIP-Seq, FOXA1 KD | GATA2 ChIP-Seq, GATA2 ChIP-Seq, GATA2 KD  | FOXA1 ChIP-Seq",,,
YY1,AGPAT3,colon,YY1 IP - HCT116 cells,,,
E2F6,AGPAT3,stemcells,E2F6 IP - H1 cells,,,
R1881,AGPAT3,prostate,"GATA2 KD + R1881 | FOXA1 ChIP-Seq, R1881 | FOXA1 ChIP-Seq - Rep 2, CON KD + R1881 | FOXA1 ChIP-Seq - Rep 2, GABPA IP | R1881, PIAS1 + R1881 | FOXA1 ChIP-Seq - Rep 2, PIAS1 + R1881 | FOXA1 ChIP-Seq - Rep 1, CON KD + R1881 | FOXA1 ChIP-Seq, R1881 | FOXA1 ChIP-Seq - Rep 1, CON KD + R1881 | FOXA1 ChIP-Seq - Rep 1",,,
MXI1,AGPAT3,leukocytes,"MXI1 IP - GM12878 cells, MXI1 IP - K562 cells",,,
TEAD4,AGPAT3,lung,TEAD4 IP - A549 cells,,,
JUND,AGPAT3,uterus,JUND IP - HeLa cells,,,
ZBTB7A,AGPAT3,uterus,ZBTB7A IP - ECC1 cells,,,
CREB1,AGPAT3,prostate,"CREB1 siRNA | FOXA1 ChIP-Seq - Rep 1, CREB1 siRNA | FOXA1 ChIP-Seq - Rep 2, CREB1 ChIP-Seq - LNCaP, CREB1 ChIP-Seq - LNCaP-abl",,,
NFKB2,AGPAT3,leukocytes,"NFKB2 IP - Rep 1, NFKB2 IP - Rep 2",,,
CTCF,AGPAT3,mammarygland,"CTCF IP - HMEC cells, Rep 1 , CTCF IP - MCF-7 cells Rep 2 , CTCF IP - MCF-7 cells, Rep 1 , CTCF IP - HMEC cells, Rep 2 , CTCF IP - MCF7 cells, CTCF IP - HMEC cells ",,,
FOXP2,AGPAT3,cns,FOXP2 IP - PFSK-1 cells,,,
FOS,AGPAT3,uterus,FOS IP - HeLa cells,,,
ZEB1,AGPAT3,leukocytes,ZEB1 IP - GM12878 cells,,,
TP53,AGPAT3,skin,"TP53 IP | NUTL3, TP53 IP",,,
JUND,AGPAT3,vasculature,JUND IP,,,
FOXA1,AGPAT3,liver,"FOXA1 IP - HepG2 cells, Rep 2, FOXA1 IP - HepG2 cells, Rep 1",,,
FOSL2,AGPAT3,liver,FOSL2 IP - HepG2 cells,,,
ASCL1,AGPAT3,skin,"ASCL1 IP - NHEK, ASCL1 IP - NHDF",,,
GATA1,AGPAT3,leukocytes,"GATA1 ChIP-Seq - K562, GATA1 ChIP-Seq - SC266",,,
CREB1,AGPAT3,liver,"CREB1 IP, CREB1 IP - HepG2 cells, CREB1 IP",,,
ERG,AGPAT3,prostate,"ERG ChIP-Seq, DHT | ERG ChIP-Seq - 18 h, DHT | ERG ChIP-Seq - 2 h, DMSO | ERG ChIP-Seq - Rep 1, ERG ChIP-Seq, DMSO | ERG ChIP-Seq - Rep 2",,,
NFKB1,AGPAT3,leukocytes,"NFKB1 IP - Rep 2, NFKB1 IP - Rep 1",,,
CTCF,AGPAT3,kidney,"CTCF IP - HRE cells, Rep 2 , CTCF IP - HEK293 cells, Rep 1 , CTCF IP - RPTEC cells, Rep 1 ",,,
E2F1,AGPAT3,uterus,"E2F1 IP - HeLa cells, Rep 2",,,
ATF1,AGPAT3,leukocytes,ATF1 IP - K562 cells,,,
FOXA2,AGPAT3,liver,FOXA2 IP - HepG2 cells,"19822575,",,
SIX2,AGPAT3,kidney,"SIX2 IP - 17 weeks, Rep 2, SIX2 IP - 17 weeks, Rep 1, SIX2 IP -  16 weeks",,,
MAZ,AGPAT3,lung,MAZ IP - IMR cells,,,
STAT5A,AGPAT3,leukocytes,"STAT5A IP - K562 cells, STAT5A IP - GM12878 cells",,,
CTCF,AGPAT3,sensory,"CTCF IP - WERI , CTCF IP - WERI-Rb-1- cells, Rep 1 ",,,
SP1,AGPAT3,colon,SP1 IP - HCT116 cells,,,
GATA1,AGPAT3,hspcs,"GATA1 IP - Rep 1, GATA1 IP - PBDE cells, Rep 1",,,
TBP,AGPAT3,leukocytes,"TBP IP - GM12878 cells, TBP IP - K562 cells",,,
CREB1,AGPAT3,leukocytes,"CREB1 IP - K562 cells, CREB1 IP - GM12878 cells",,,
TFAP4,AGPAT3,leukocytes,TFAP4 IP - Rep 2,,,
FOS,AGPAT3,leukocytes,FOS IP - K562 cells,,,
JUND,AGPAT3,liver,"JUND IP - HepG2 cells, JUND IP - HepG2 cells",,,
E2F6,AGPAT3,leukocytes,"E2F6 IP - K562 cells, E2F6 IP - K562 cells",,,
CTCF,AGPAT3,megakaryocytelineage,"CTCF IP - MEG-01 cells, Rep 6 , CTCF IP - MEG-01 cells, Rep 2 , CTCF IP - MEG-01 cells, Rep 10 , CTCF IP - MEG-01 cells, Rep 4 , CTCF IP - MEG-01 cells, Rep 8 ",,,
REST,AGPAT3,mammarygland,REST IP - MCF7 cells,,,
CTCF,AGPAT3,stemcells,"CTCF IP - H1 cells , CTCF IP - H1 cells",,,
IRF1,AGPAT3,leukocytes,"IRF1 IP - Rep 4, IRF1 IP | IFNA1-13 - K562 cells, 6 h, IRF1 IP - Rep 1, IRF1 IP - Rep 2, IRF1 IP - Rep 3, IRF1 IP | IFNG - K562 cells, 6 h, IRF1 IP | IFNG - K562 cells, 30 min",,,
IFNG,AGPAT3,leukocytes,"IRF1 IP - Rep 4, IRF1 IP - Rep 1, IRF1 IP - Rep 2, IRF1 IP - Rep 3, STAT1 IP | IFNG - K562 cells, 6 h, JUN IP | IFNG - K562 cells, 6 h, STAT1 IP | IFNG - K562 cells, 30 min, JUN IP | IFNG - K562 cells, 30 min, STAT1 IP - Rep 5, IRF1 IP | IFNG - K562 cells, 6 h, IRF1 IP | IFNG - K562 cells, 30 min, STAT1 IP - Rep 1, MYC IP | IFNG - K562 cells, 30 min, STAT1 IP - Rep 2, MYC IP | IFNG - K562 cells, 6 h, STAT1 IP - Rep 4, STAT1 IP - Rep 3",,,
JUND,AGPAT3,colon,JUND IP - HCT116 cells,,,
PAX5,AGPAT3,leukocytes,"PAX5 IP - GM12878 cells, Rep 2, PAX5 IP - GM12878 cells, Rep 1, PAX5 IP - GM12892 cells",,,
GTF2B,AGPAT3,leukocytes,GTF2B IP - K562 cells,,,
IFNA1,AGPAT3,leukocytes,"IRF1 IP | IFNA1-13 - K562 cells, 6 h, STAT1 IP | IFNA1-13 - K562 cells, 30 min, STAT1 IP | IFNA1-13 - K562 cells, 6 h, MYC IP | IFNA1 - K562 cells, 30 min, STAT2 IP | IFNA1-13 - K562 cells, 30 min, JUN IP | IFNA1-13 - K562 cells, 6 h, STAT2 IP | IFNA1-13 - K562 cells, 6 h, JUN IP | IFNA1-13 - 30 min , MYC IP | IFNA1 - K562 cells, 6 h",,,
GTF2F1,AGPAT3,uterus,GTF2F1 IP - HeLa cells,,,
CEBPB,AGPAT3,liver,"CEBPB IP - HepG2 cells, CEBPB ChIP-Seq - HepG2, CEBPB IP | FORSK - HepG2 cells",,,
ATF2,AGPAT3,colon,ATF2 IP ,,,
PBX3,AGPAT3,cns,PBX3 IP - SK-N-SH cells,,,
ELF3,AGPAT3,pancreas,"ELF3 IP, ELF3 IP | KLF5 KO, ELF3 IP",,,
HOXA6,AGPAT3,colon,HOXA6 IP ,,,
CTCF,AGPAT3,uterus,CTCF IP - HeLa cells ,,,
FOXP1,AGPAT3,leukocytes,"FOXP1 IP - BJAB, FOXP1 IP - HT",,,
CEBPB,AGPAT3,colon,"CEBPB IP - HCT116 cells, CEBPB IP | 125DVD3, CEBPB IP",,,
FOXH1,AGPAT3,embryonictissue,FOXH1 IP - endoderm,,,
TCF12,AGPAT3,stemcells,TCF12 IP - H1 cells,,,
SRF,AGPAT3,mammarygland,SRF IP - MCF7 cells,,,
STAT1,AGPAT3,leukocytes,"STAT1 IP | IFNA1-13 - K562 cells, 30 min, STAT1 IP | IFNA1-13 - K562 cells, 6 h, STAT1 IP | IFNG - K562 cells, 6 h, STAT1 IP | IFNG - K562 cells, 30 min, STAT1 IP - Rep 5, STAT1 IP - Rep 1, STAT1 IP - Rep 2, STAT1 IP - Rep 4, STAT1 IP - Rep 3",,,
E2F6,AGPAT3,lung,E2F6 IP - A549 cells,,,
MEF2A,AGPAT3,leukocytes,"MEF2A IP - GM12878 cells, MEF2A IP - K562 cells",,,
TBP,AGPAT3,liver,TBP IP - HepG2 cells,,,
ZBTB7A,AGPAT3,leukocytes,ZBTB7A IP - SK-N-SH cells,,,
ETS1,AGPAT3,leukocytes,"ETS1 IP - GM12878 cells, ETS1 IP - K562 cells, ETS1 IP",,,
GABPA,AGPAT3,leukocytes,"GABPA IP - GM12878 cells, Rep 4 , GABPA IP - Jurkat, Rep 2, GABPA IP - K562 cells, GABPA IP - Jurkat, Rep 1",,,
USF1,AGPAT3,liver,USF1 IP - HepG2 cells,,,
BHLHE40,AGPAT3,leukocytes,"BHLHE40 IP - K562 cells, BHLHE40 IP - GM12878 cells",,,
TP53,AGPAT3,mammarygland,TP53 IP | NUTL3,,,
NUTL3,AGPAT3,mammarygland,TP53 IP | NUTL3,,,
EBF1,AGPAT3,leukocytes,"EBF1 IP - GM12878 cells, EBF1 IP - GM12878 cells",,,
CTCF,AGPAT3,liver,"CTCF IP - HepG2 cells , CTCF IP - HepG2 cells, Rep 2 , CTCF IP - HepG2 cells, Rep 1 , CTCF IP, CTCF IP - SK-N-SH cells",,,
MAFF,AGPAT3,leukocytes,MAFF IP - K562 cells,,,
BATF,AGPAT3,leukocytes,BATF IP - GM12878 cells,,,
BCL3,AGPAT3,leukocytes,BCL3 IP - GM12878 cells,,,
KLF11,AGPAT3,adiposetissue,"KLF11 ChIP-Seq, Rep 2, ROSI (BrAT) | KLF11 ChIP-Seq, Rep 1, KLF11 ChIP-Seq, Rep 1, ROSI (BrAT) | KLF11 ChIP-Seq, Rep 2",,,
MAX,AGPAT3,colon,MAX IP - HCT116 cells,,,
SRF,AGPAT3,stemcells,SRF IP - H1 cells,,,
FOSL1,AGPAT3,colon,FOSL1 IP - HCT116 cells,,,
STAT5B,AGPAT3,leukocytes,"STAT5B IP | H9, Rep 2, STAT5B IP | IL2 - Rep 2",,,
H9,AGPAT3,leukocytes,"STAT5B IP | H9, Rep 2",,,
TP53,AGPAT3,bone,"TP53 IP | TP53EE OE, TP53 IP | TP53 OE, TP53 IP | TP53RR OE, TP53 IP | TP53EE/RR OE",,,
GATA2,AGPAT3,leukocytes,"GATA2 IP - K562 cells, GATA2 IP - K562 cells",,,
CEBPA,AGPAT3,leukocytes,"CEBPA IP, CEBPA IP - U-937 cells, Rep 2 ",,,
DEX,AGPAT3,mammarygland,"DEX | FOXA1 ChIP-Seq - Rep 1, DEX | FOXA1 ChIP-Seq - Rep 2",,,
MAFK,AGPAT3,liver,"MAFK IP - HepG2 cells, Rep 1, MAFK IP - HepG2 cells, Rep 2",,,
USF1,AGPAT3,uterus,USF1 IP - ECC1 cells,,,
MAX,AGPAT3,uterus,"MAX IP - ECC1 cells, MAX IP - HeLa cells, Rep 2, MAX IP - HeLa cells, Rep 1",,,
EOMES,AGPAT3,stemcells,"EOMES IP - Rep 1 , EOMES IP - Rep 2 ",,,
POU2F1,AGPAT3,prostate,POU2F1 ChIP-Seq,,,
ELF1,AGPAT3,mammarygland,ELF1 IP - MCF7 cells,,,
JUN,AGPAT3,vasculature,JUN IP,,,
EGR1,AGPAT3,leukocytes,EGR1 IP - K562 cells,,,
USF1,AGPAT3,colon,USF1 IP - HCT116 cells,,,
GABPA,AGPAT3,stemcells,GABPA IP - H1 cells,,,
SRF,AGPAT3,liver,SRF IP - HepG2 cells,,,
YY1,AGPAT3,cns,YY1 IP | ATRA - SK-N-SH cells,,,
RELB,AGPAT3,leukocytes,"RELB IP - Rep 1, RELB IP - Rep 2",,,
RUNX1,AGPAT3,leukocytes,"RUNX1 IP, RUNX1 IP - Rep 2",,,
ATF3,AGPAT3,colon,"ATF3 IP | CAMPTO, ATF3 IP - HCT116 cells",,,
MEF2B,AGPAT3,kidney,MEF2B IP | MEF2B OE - Rep 2,,,
STAT2,AGPAT3,leukocytes,"STAT2 IP | IFNA1-13 - K562 cells, 30 min, STAT2 IP | IFNA1-13 - K562 cells, 6 h",,,
ELF1,AGPAT3,leukocytes,"ELF1 IP - SK-N-SH cells, ELF1 IP - SK-N-SH cells",,,
MAX,AGPAT3,liver,"MAX IP - MCF7 cells, MAX IP - HepG2 cells, MAX IP - HepG2 cells",,,
CEBPB,AGPAT3,lung,CEBPB ChIP-Seq - IMR90,,,
PIAS1,AGPAT3,prostate,"PIAS1 + R1881 | FOXA1 ChIP-Seq - Rep 2, PIAS1 + R1881 | FOXA1 ChIP-Seq - Rep 1",,,
FOXM1,AGPAT3,mammarygland,FOXM1 IP - MCF7 cells,,,
ZNF217,AGPAT3,mammarygland,ZNF217 IP - MCF7 cells,,,
MXI1,AGPAT3,cns,MXI1 IP - SK-N-SH cells ,,,
E2F3,AGPAT3,colon,E2F3 IP ,,,
YY1,AGPAT3,uterus,YY1 IP - ECC1 cells,,,
MYC,AGPAT3,mammarygland,"MYC IP | 4HT - MCF10A cells, MYC IP - MCF-10A cells, DHT | MYC ChIP-Seq",,,
4HT,AGPAT3,mammarygland,"MYC IP | 4HT - MCF10A cells, FOS IP | 4HT - MCF10A cells, 12 h",,,
MAZ,AGPAT3,leukocytes,"MAZ IP - GM12878 cells, MAZ IP - K562 cells",,,
STAT3,AGPAT3,uterus,STAT3 IP - HeLa cells,,,
ZBTB17,AGPAT3,bone,ZBTB17 IP,,,
REST,AGPAT3,leukocytes,REST IP - K562 cells,,,
E2F1,AGPAT3,mammarygland,E2F1 IP - MCF7 cells,,,
CTCF,AGPAT3,pancreas,CTCF IP,,,
TEAD4,AGPAT3,liver,TEAD4 IP - MCF7 cells,,,
JUN,AGPAT3,leukocytes,"JUN IP | IFNG - K562 cells, 6 h, JUN IP | IFNG - K562 cells, 30 min, JUN IP | IFNA1-13 - K562 cells, 6 h, JUN IP - K562 cells, Rep 1, JUN IP | IFNA1-13 - 30 min , JUN IP - K562 cells, Rep 2",,,
TCF12,AGPAT3,leukocytes,TCF12 IP - GM12878 cells,,,
CTCF,AGPAT3,colon,"CTCF IP - Caco-2 cells, Rep 1 ",,,
CTCF,AGPAT3,cns,"CTCF IP - BE(2)-C cells, Rep 1 ",,,
KLF5,AGPAT3,pancreas,"ELF3 IP | KLF5 KO, KLF5 IP",,,
FOXA2,AGPAT3,stemcells,"FOXA2 IP - ES D2, FOXA2 IP - ES D5, FOXA2 IP - ES D7",,,
17BE2,AGPAT3,mammarygland,"17BE2 | FOXA1 ChIP-Seq - Rep 2, 17BE2 | FOXA1 ChIP-Seq - Rep 1, 17BE2 | FOXA1 ChIP-Seq - Rep 1, 17BE2 | FOXA1 ChIP-Seq - Rep 2",,,
MXI1,AGPAT3,lung,MXI1 IP - IMR cells,,,
POU2F2,AGPAT3,leukocytes,POU2F2 IP - GM12878 cells,,,
JUND,AGPAT3,cns,JUND IP - SK-N-SH cells ,,,
CEBPB,AGPAT3,uterus,CEBPB ChIP-Seq - HeLaS3,,,
NANOG,AGPAT3,stemcells,"NANOG IP - Rep 8 , NANOG IP - Rep 6 , NANOG IP - Rep 5 , NANOG IP - Rep 2 , NANOG IP - Rep 3 ",,,
SRF,AGPAT3,uterus,SRF IP - ECC1 cells,,,
TP73,AGPAT3,bone,"TP73 IP - alpha isoform, Rep 1, TP73 IP - alpha isoform, Rep 2, TP73 IP - beta isoform, Rep 1, TP73 IP - beta isoform, Rep 2",,,
JUN,AGPAT3,colon,JUN IP ,,,
TP63,AGPAT3,skin,TP63 IP,,,
SREBF2,AGPAT3,pancreas,SREBF2 IP,,,
FOXA1,AGPAT3,pancreas,FOXA1 IP,,,
HOXA4,AGPAT3,colon,HOXA4 IP ,,,
HEY1,AGPAT3,leukocytes,HEY1 IP - K562 cells,,,
NFATC1,AGPAT3,leukocytes,NFATC1 IP - GM12878 cells,,,
GABPA,AGPAT3,liver,"GABPA IP - MCF7 cells, GABPA IP - HepG2 cells",,,
RUNX1T1,AGPAT3,leukocytes,RUNX1T1 IP,,,
CTCF,AGPAT3,skin,"CTCF IP - NHEK cells , CTCF IP - GM12878 cells, Rep 2 ",,,
MAFF,AGPAT3,liver,MAFF IP - HepG2 cells,,,
TEAD4,AGPAT3,stemcells,TEAD4 IP - H1 cells,,,
GATA3,AGPAT3,mammarygland,GATA3 IP - MCF7 cells,,,
MAX,AGPAT3,stemcells,MAX IP - H1 cells,,,
FOSL1,AGPAT3,leukocytes,FOSL1 IP - K562 cells,,,
SP1,AGPAT3,liver,SP1 IP - HepG2 cells,,,
ELK1,AGPAT3,leukocytes,ELK1 IP - K562 cells,,,
MAFK,AGPAT3,stemcells,MAFK IP - H1 cells,,,
FOS,AGPAT3,mammarygland,"FOS IP | 4HT - MCF10A cells, 12 h",,,
USF1,AGPAT3,lung,"USF1 IP - A549 cells, Rep 2",,,
ATF3,AGPAT3,leukocytes,ATF3 IP - K562 cells,,,
MYC,AGPAT3,uterus,MYC IP - HeLa cells,,,
IRF4,AGPAT3,leukocytes,"IRF4 IP, IRF4 IP - GM12878 cells",,,
ZNF143,AGPAT3,leukocytes,"ZNF143 IP - GM12878 cells, ZNF143 IP - K562 cells",,,
SP1,AGPAT3,leukocytes,"SP1 IP - K562 cells, SP1 IP - GM12878 cells",,,
CTCF,AGPAT3,esophagus,"CTCF IP - HEEpiC cells, Rep 1 , CTCF IP - HEEpiC cells, Rep 2 ",,,
MYC,AGPAT3,liver,MYC IP,,,
GABPA,AGPAT3,cns,GABPA IP - SK-N-SH cells,,,
FOXA2,AGPAT3,embryonictissue,FOXA2 IP - Rep 1,,,
ETV5,AGPAT3,colon,ETV5 IP ,,,
IKZF1,AGPAT3,leukocytes,IKZF1 IP - GM12878 cells,,,
TNF,AGPAT3,mammarygland,TNF | FOXA1 ChIP-Seq - Rep 1,,,
HMGN3,AGPAT3,leukocytes,HMGN3 IP - K562 cells,,,
ARID3A,AGPAT3,leukocytes,ARID3A IP - K562 cells,,,
FOXP1,AGPAT3,prostate,DHT | FOXP1 ChIP-Seq,,,
UBTF,AGPAT3,leukocytes,"UBTF IP - K562 cells, UBTF IP - K562 cells",,,
YY1,AGPAT3,liver,YY1 IP - HepG2 cells,,,
ROSI,AGPAT3,adiposetissue,"ROSI (BrAT) | KLF11 ChIP-Seq, Rep 1, ROSI (BrAT) | KLF11 ChIP-Seq, Rep 2",,,
MAFK,AGPAT3,lung,MAFK IP - IMR cells,,,
RELA,AGPAT3,colon,RELA IP ,,,
IL2,AGPAT3,leukocytes,STAT5B IP | IL2 - Rep 2,,,
OTX2,AGPAT3,stemcells,OTX2 IP - Rep 10 ,,,
PBX3,AGPAT3,lung,PBX3 IP - A549 cells,,,
JUND,AGPAT3,mammarygland,JUND IP - MCF7 cells,,,
RUNX1,AGPAT3,hspcs,RUNX1,,,
BHLHE40,AGPAT3,liver,BHLHE40 IP - HepG2 cells,,,
ZNF263,AGPAT3,kidney,ZNF263 IP - HEK293 cells,,,
GLI2,AGPAT3,colon,GLI2 IP ,,,
FOSL2,AGPAT3,mammarygland,FOSL2 IP - MCF7 cells,,,
DHT,AGPAT3,mammarygland,"DHT | FOXA1 ChIP-Seq, DHT | MYC ChIP-Seq",,,
BCL11A,AGPAT3,leukocytes,BCL11A IP - GM12878 cells,,,
MXI1,AGPAT3,liver,MXI1 IP - HepG2 cells,,,
MTA3,AGPAT3,leukocytes,MTA3 IP - GM12878 cells,,,
E2F1,AGPAT3,prostate,HES6 OE | E2F1 ChIP-Seq - Rep 1,,,
HES6,AGPAT3,prostate,HES6 OE | E2F1 ChIP-Seq - Rep 1,,,
USF2,AGPAT3,liver,USF2 IP - HepG2 cells,,,
REST,AGPAT3,uterus,REST IP - ECC1 cells,,,
FORSK,AGPAT3,liver,CEBPB IP | FORSK - HepG2 cells,,,
MAX,AGPAT3,lung,MAX IP - A549 cells,,,
TCF3,AGPAT3,leukocytes,TCF3 IP - GM12878 cells,,,
CTCF,AGPAT3,lung,"CTCF IP - SAEC cells, Rep 2 ",,,
YY1,AGPAT3,stemcells,YY1 IP - H1 cells,,,
ATF2,AGPAT3,leukocytes,ATF2 IP - GM12878 cells,,,
TEAD4,AGPAT3,leukocytes,TEAD4 IP - K562 cells,,,
SOX2,AGPAT3,stemcells,SOX2 IP,,,
USF2,AGPAT3,leukocytes,USF2 IP - GM12878 cells,,,
TAL1,AGPAT3,colon,TAL1 IP ,,,
MAFK,AGPAT3,uterus,MAFK IP - HeLa cells,,,
MYBL2,AGPAT3,liver,MYBL2 IP - HepG2 cells,,,
FOXA1,AGPAT3,stemcells,FOXA1 IP - Rep 5 ,,,
FOXP1,AGPAT3,colon,FOXP1 IP ,,,
TCF12,AGPAT3,cns,TCF12 IP - SK-N-SH cells,,,
TCF12,AGPAT3,uterus,TCF12 IP - ECC1 cells,,,
JUN,AGPAT3,uterus,JUN IP - HeLa cells,,,
CREB1,AGPAT3,stemcells,CREB1 IP - H1 cells,,,
SMAD4,AGPAT3,embryonictissue,SMAD4 IP - endoderm,,,
KLF11,AGPAT4,adiposetissue,"ROSI (BrAT) | KLF11 ChIP-Seq, Rep 1, KLF11 ChIP-Seq, Rep 1, ROSI (BrAT) | KLF11 ChIP-Seq, Rep 2, KLF11 ChIP-Seq, Rep 2",,,
ROSI,AGPAT4,adiposetissue,"ROSI (BrAT) | KLF11 ChIP-Seq, Rep 1, ROSI (BrAT) | KLF11 ChIP-Seq, Rep 2",,,
JUND,AGPAT4,leukocytes,JUND IP - K562 cells,,,
REST,AGPAT4,cns,"REST IP - SK-N-SH cells, REST IP - SK cells, REST IP - PFSK1 cells, Rep 2, REST IP - U87 cells, REST IP - PFSK-N-SH cells1 cells, Rep 1",,,
FOXA2,AGPAT4,stemcells,"FOXA2 IP - ES D10, FOXA2 IP - ES D2, FOXA2 IP - Rep 5 , FOXA2 IP - ES D7, FOXA2 IP - ES D5",,,
SPI1,AGPAT4,leukocytes,"SPI1 IP, SPI1 IP, SPI1 IP, ROSI | SPI1 ChIP-Seq, SPI1 IP - GM12891 cells, SPI1 IP - GM12878 cells, SPI1 IP - GM12878 cells, Rep 3 , SPI1 IP, SPI1 IP - GM12878 cells, Rep 2 , SPI1 IP, SPI1 IP - GM12878 cells, Rep 4 , SPI1 IP - K562 cells, SPI1 IP, SPI1 IP, SPI1 IP, SPI1 IP, SPI1 IP - HL cells",,,
FOXA1,AGPAT4,prostate,"PIAS1 + R1881 | FOXA1 ChIP-Seq - Rep 2, FOXA1 siRNA | CREB1 ChIP-Seq - Rep 1, PIAS1 + R1881 | FOXA1 ChIP-Seq - Rep 1, CON KD + R1881 | FOXA1 ChIP-Seq - Rep 1, EtOH | FOXA1 ChIP-Seq - , FOXA1 ChIP-Seq, CREB1 siRNA | FOXA1 ChIP-Seq - Rep 2, EtOH | FOXA1 ChIP-Seq - Rep 2, CREB1 siRNA | FOXA1 ChIP-Seq - Rep 1, CON KD | FOXA1 ChIP-Seq, R1881 | FOXA1 ChIP-Seq - Rep 2, FOXA1 KD | GATA2 ChIP-Seq, R1881 | FOXA1 ChIP-Seq - Rep 1, FOXA1 + FBS | GATA2 ChIP-Seq, CON KD + R1881 | FOXA1 ChIP-Seq - Rep 2, FOXA1 siRNA | CREB1 ChIP-Seq - Rep 2, CON KD | FOXA1 ChIP-Seq",,,
R1881,AGPAT4,prostate,"PIAS1 + R1881 | FOXA1 ChIP-Seq - Rep 2, PIAS1 + R1881 | FOXA1 ChIP-Seq - Rep 1, CON KD + R1881 | FOXA1 ChIP-Seq - Rep 1, GABPA IP | R1881, R1881 | FOXA1 ChIP-Seq - Rep 2, GATA2 KD + R1881 | GATA2 ChIP-Seq, CON KD + R1881 | GATA2 ChIP-Seq, R1881 | FOXA1 ChIP-Seq - Rep 1, CON KD + R1881 | FOXA1 ChIP-Seq - Rep 2",,,
PIAS1,AGPAT4,prostate,"PIAS1 + R1881 | FOXA1 ChIP-Seq - Rep 2, PIAS1 + R1881 | FOXA1 ChIP-Seq - Rep 1",,,
SIX5,AGPAT4,lung,SIX5 IP | DEX - A549 cells,,,
ATF2,AGPAT4,stemcells,ATF2 IP - H1 cells,,,
MYB,AGPAT4,leukocytes,"MYB IP - Jurkat, Rep 3, MYB IP - Jurkat, Rep 5, MYB IP - Jurkat, Rep 4, MYB IP - Jurkat, Rep 1, MYB IP - Jurkat, Rep 2, MYB IP - MOLT3",,,
FOXA2,AGPAT4,embryonictissue,"FOXA2 IP - Rep 2, FOXA2 IP - Rep 1",,,
RELA,AGPAT4,leukocytes,"RELA IP | TNF - GM18505 cells, RELA IP | TNF - GM15510 cells, RELA IP | TNF - GM19099 cells, RELA IP | TNF - GM10847 cells, RELA IP | TNF - GM12891 cells, RELA IP | TNF - GM19193 cells, RELA IP | TNF - GM12878 cells, RELA IP | TNF - GM12892 cells, RELA IP | TNF - GM18951 cells",,,
TNF,AGPAT4,leukocytes,"RELA IP | TNF - GM18505 cells, RELA IP | TNF - GM15510 cells, RELA IP | TNF - GM10847 cells, RELA IP | TNF - GM12891 cells, RELA IP | TNF - GM19193 cells, RELA IP | TNF - GM12878 cells, RELA IP | TNF - GM12892 cells, RELA IP | TNF - GM18951 cells",,,
STAT3,AGPAT4,uterus,STAT3 IP - HeLa cells,,,
JUN,AGPAT4,colon,JUN IP ,,,
ATF3,AGPAT4,leukocytes,ATF3 IP - K562 cells,,,
CEBPB,AGPAT4,stemcells,"CEBPB IP, CEBPB IP, CEBPB IP, CEBPB IP, CEBPB IP, CEBPB IP, CEBPB IP, CEBPB IP, CEBPB IP",,,
ZNF384,AGPAT4,leukocytes,"ZNF384 IP - K562 cells, ZNF384 IP - GM12878 cells",,,
GTF2F1,AGPAT4,leukocytes,GTF2F1 IP - K562 cells,,,
CREB1,AGPAT4,leukocytes,"CREB1 IP - K562 cells, CREB1 IP - GM12878 cells, CREB1 IP",,,
GATA3,AGPAT4,cns,"GATA3 IP - SK-N-SH cells, GATA3 IP - SHSY5Y cells",,,
KLF5,AGPAT4,pancreas,"KLF5 IP, ELF3 IP | KLF5 KO",,,
CTCF,AGPAT4,leukocytes,"CTCF IP - GM12891 cells, Rep 2 , CTCF IP - K562 cells, CTCF IP - GM12892 cells, Rep 2 , CTCF IP - F36P cells, Rep 15 , CTCF IP - F36P cells, Rep 19 , CTCF IP - F36P cells, Rep 10 , CTCF IP - K562 cells, Rep 14 , CTCF IP - K562 cells , CTCF IP - F36P cells, Rep 3 , CTCF IP - F36P cells, Rep 11 , CTCF IP - F36P cells, Rep 7 , CTCF IP - K562 cells, Rep 16 , CTCF IP - K562 cells, Rep 13 , CTCF IP - K562 cells, Rep 12 , CTCF IP - F36P cells, Rep 2 ",,,
MAX,AGPAT4,lung,MAX IP - A549 cells,,,
JUN,AGPAT4,leukocytes,"JUN IP | IFNG - K562 cells, 30 min, JUN IP | IFNA1-13 - K562 cells, 6 h, JUN IP - K562 cells, Rep 1, JUN IP | IFNA1-13 - 30 min , JUN IP - K562 cells, Rep 2, JUN IP | IFNG - K562 cells, 6 h",,,
IFNG,AGPAT4,leukocytes,"JUN IP | IFNG - K562 cells, 30 min, STAT1 IP - Rep 1, STAT1 IP - Rep 5, MYC IP | IFNG - K562 cells, 6 h, IRF1 IP - Rep 3, STAT1 IP - Rep 2, STAT1 IP - Rep 4, STAT1 IP - Rep 3, MYC IP | IFNG - K562 cells, 30 min, STAT1 IP - Rep 6, IRF1 IP | IFNG - K562 cells, 30 min, IRF1 IP | IFNG - K562 cells, 6 h, JUN IP | IFNG - K562 cells, 6 h",,,
ZNF83,AGPAT4,colon,ZNF83 IP ,,,
GABPA,AGPAT4,liver,"GABPA IP, GABPA IP - MCF7 cells",,,
CREB1,AGPAT4,prostate,"FOXA1 siRNA | CREB1 ChIP-Seq - Rep 1, CREB1 siRNA | FOXA1 ChIP-Seq - Rep 2, CREB1 siRNA | FOXA1 ChIP-Seq - Rep 1, CREB1 ChIP-Seq - Rep 1, CREB1 ChIP-Seq - Rep 2, CREB1 ChIP-Seq - LNCaP-abl, FOXA1 siRNA | CREB1 ChIP-Seq - Rep 2",,,
JUND,AGPAT4,uterus,JUND IP - HeLa cells,,,
FOSL2,AGPAT4,mammarygland,FOSL2 IP - MCF7 cells,,,
STAT5A,AGPAT4,leukocytes,STAT5A IP - K562 cells,,,
GATA2,AGPAT4,prostate,"CON KD | GATA2 ChIP-Seq, CON KD + FBS | GATA2 ChIP-Seq, GATA2 ChIP-Seq, GATA2 KD + R1881 | GATA2 ChIP-Seq, FOXA1 KD | GATA2 ChIP-Seq, CON KD + R1881 | GATA2 ChIP-Seq, FOXA1 + FBS | GATA2 ChIP-Seq",,,
FOS,AGPAT4,mammarygland,"FOS IP | 4HT - MCF10A cells, 4 h, FOS IP - MCF10A cells, FOS IP | 4HT - MCF10A cells, 12 h, FOS IP | 4HT - MCF10A cells, 36 h",,,
4HT,AGPAT4,mammarygland,"FOS IP | 4HT - MCF10A cells, 4 h, STAT3 IP | 4HT - MCF10 cells, 36 h, E2F4 IP | 4HT - MCF10 cells, FOS IP | 4HT - MCF10A cells, 12 h, FOS IP | 4HT - MCF10A cells, 36 h, MYC IP | 4HT - MCF10A cells, STAT3 IP | 4HT - MCF10 cells, 12 h",,,
MAX,AGPAT4,uterus,"MAX IP - HeLa cells, Rep 1, MAX IP - ECC1 cells, MAX IP - HeLa cells, Rep 2",,,
GTF2F1,AGPAT4,uterus,GTF2F1 IP - HeLa cells,,,
MYC,AGPAT4,bone,MYC IP,,,
STAT1,AGPAT4,leukocytes,"STAT1 IP - Rep 1, STAT1 IP - Rep 5, STAT1 IP - Rep 2, STAT1 IP - Rep 4, STAT1 IP - Rep 3, STAT1 IP - Rep 6",,,
RELA,AGPAT4,adiposetissue,"RELA IP, RELA IP, RELA IP, RELA IP",,,
GABPA,AGPAT4,leukocytes,"GABPA IP - GM12878 cells, Rep 4 , GABPA IP - K562 cells, GABPA IP - Jurkat, Rep 1, GABPA IP - Jurkat, Rep 2, GABPA IP - GM12878 cells, Rep 5 , GABPA IP - GM12878 cells, Rep 2 , GABPA IP - GM12878 cells, Rep 3 , GABPA IP - GM12878 cells, Rep 1 ",,,
TP53,AGPAT4,mammarygland,TP53 IP,,,
NFKB1,AGPAT4,leukocytes,"NFKB1 IP - Rep 1, NFKB1 IP - Rep 2",,,
IFNA1,AGPAT4,leukocytes,"JUN IP | IFNA1-13 - K562 cells, 6 h, IRF1 IP | IFNA1-13 - K562 cells, 6 h, JUN IP | IFNA1-13 - 30 min , MYC IP | IFNA1 - K562 cells, 30 min",,,
TAL1,AGPAT4,stemcells,"TAL1 IP - Rep 1 , TAL1 IP - Rep 2 ",,,
SP1,AGPAT4,stemcells,SP1 IP - H1 cells,,,
CEBPB,AGPAT4,leukocytes,"CEBPB IP - Rep 203, CEBPB IP | oxLDL  - Rep 206, CEBPB IP, CEBPB IP - K562 cells, CEBPB IP | oxLDL  - Rep 208, CEBPB IP - Rep 201, CEBPB IP - Rep 204, CEBPB ChIP-Seq - K562",,,
CREB1,AGPAT4,uterus,CREB1 IP - ECC1 cells,,,
SIX5,AGPAT4,leukocytes,"SIX5 IP - K562 cells, Rep 1, SIX5 IP - GM12878 cells, SIX5 IP - K562 cells, Rep 2",,,
JUN,AGPAT4,mammarygland,"JUN IP - Rep 2, JUN IP, JUN IP - Rep 1",,,
CREB1,AGPAT4,stemcells,CREB1 IP - H1 cells,,,
TCF12,AGPAT4,lung,TCF12 IP - A549 cells,,,
MEF2B,AGPAT4,kidney,"MEF2B IP | MEF2B OE - Rep 2, MEF2B IP | MEF2B D83V OE - Rep 1",,,
ASCL1,AGPAT4,skin,ASCL1 IP - NHDF,,,
ZBTB17,AGPAT4,bone,"ZBTB17 IP, ZBTB17 IP",,,
E2F3,AGPAT4,colon,E2F3 IP ,,,
MYC,AGPAT4,leukocytes,"MYC IP | IFNG - K562 cells, 6 h, MYC IP | IFNG - K562 cells, 30 min, MYC IP | IFNA1 - K562 cells, 30 min, MYC IP - NB4 cells, MYC IP - K562 cells, Rep 1",,,
JUND,AGPAT4,stemcells,"JUND IP - H1 cells, JUND IP - H1 cells",,,
HEY1,AGPAT4,leukocytes,HEY1 IP - K562 cells,,,
YY1,AGPAT4,cns,YY1 IP | ATRA - SK-N-SH cells,,,
ATRA,AGPAT4,cns,"YY1 IP | ATRA - SK-N-SH cells, USF1 IP | ATRA - SK-N-SH cells",,,
ELF1,AGPAT4,cns,ELF1 IP - SK-N-SH cells,,,
JUND,AGPAT4,lung,JUND IP - A549 cells,,,
SP1,AGPAT4,colon,SP1 IP - HCT116 cells,,,
GABPA,AGPAT4,prostate,"GABPA IP | R1881, GABPA IP - Rep 1",,,
E2F6,AGPAT4,leukocytes,"E2F6 IP - K562 cells, E2F6 IP - K562 cells",,,
ROSI,AGPAT4,leukocytes,ROSI | SPI1 ChIP-Seq,,,
GTF2B,AGPAT4,leukocytes,GTF2B IP - K562 cells,,,
HOXA4,AGPAT4,colon,HOXA4 IP ,,,
USF1,AGPAT4,uterus,USF1 IP - ECC1 cells,,,
USF2,AGPAT4,leukocytes,USF2 IP - GM12878 cells,,,
USF1,AGPAT4,lung,"USF1 IP | DEX - A549 cells, USF1 IP - A549 cells, Rep 1, USF1 IP - A549 cells, Rep 2",,,
DEX,AGPAT4,lung,"USF1 IP | DEX - A549 cells, CREB1 IP | DEX - A549 cells",,,
IRF1,AGPAT4,leukocytes,"IRF1 IP - Rep 3, IRF1 IP | IFNA1-13 - K562 cells, 6 h, IRF1 IP | IFNG - K562 cells, 30 min, IRF1 IP | IFNG - K562 cells, 6 h",,,
GLI2,AGPAT4,colon,GLI2 IP ,,,
GATA2,AGPAT4,leukocytes,GATA2 IP - K562 cells,,,
BHLHE40,AGPAT4,leukocytes,"BHLHE40 IP - GM12878 cells, BHLHE40 IP - K562 cells",,,
MXI1,AGPAT4,cns,MXI1 IP - SK-N-SH cells ,,,
TBP,AGPAT4,stemcells,TBP IP - H1 cells,,,
ETS1,AGPAT4,leukocytes,"ETS1 IP - GM12878 cells, ETS1 IP",,,
USF1,AGPAT4,colon,USF1 IP - HCT116 cells,,,
TBP,AGPAT4,leukocytes,"TBP IP - GM12878 cells, TBP IP - K562 cells",,,
GATA2,AGPAT4,vasculature,GATA2 IP - HUVEC cells,,,
TCF12,AGPAT4,uterus,TCF12 IP - ECC1 cells,,,
TCF12,AGPAT4,cns,TCF12 IP - SK-N-SH cells,,,
YY1,AGPAT4,leukocytes,"YY1 IP - K562 cells, Rep 1, YY1 IP - GM12878 cells",,,
ELF3,AGPAT4,pancreas,"ELF3 IP, ELF3 IP | KLF5 KO, ELF3 IP",,,
YY1,AGPAT4,uterus,YY1 IP - ECC1 cells,,,
USF1,AGPAT4,cns,"USF1 IP - SK-N-SH cells, USF1 IP | ATRA - SK-N-SH cells",,,
SP1,AGPAT4,leukocytes,"SP1 IP - K562 cells, SP1 IP - GM12878 cells",,,
ERG,AGPAT4,prostate,DMSO | ERG ChIP-Seq - Rep 1,,,
EGR1,AGPAT4,colon,EGR1 IP - HCT116 cells,,,
SP1,AGPAT4,lung,SP1 IP - A549 cells,,,
JUND,AGPAT4,colon,JUND IP - HCT116 cells,,,
CREB1,AGPAT4,colon,CREB1 IP ,,,
PBX3,AGPAT4,cns,PBX3 IP - SK-N-SH cells,,,
GTF2B,AGPAT4,uterus,GTF2B IP - Rep 2,,,
JUND,AGPAT4,liver,"JUND IP - HepG2 cells, JUND IP - HepG2 cells",,,
REST,AGPAT4,colon,REST IP - HCT116 cells,,,
TEAD4,AGPAT4,stemcells,TEAD4 IP - H1 cells,,,
HOXA6,AGPAT4,colon,HOXA6 IP ,,,
POU2F2,AGPAT4,leukocytes,POU2F2 IP - GM12878 cells,,,
FOXA1,AGPAT4,stemcells,"FOXA1 IP - Rep 5 , FOXA1 IP - ES D10, FOXA1 IP - ES D2",,,
JUN,AGPAT4,liver,JUN IP - HepG2 cells,,,
JUND,AGPAT4,cns,"JUND IP - SK-N-SH cells, JUND IP - SK-N-SH cells ",,,
FOSL1,AGPAT4,colon,FOSL1 IP - HCT116 cells,,,
USF2,AGPAT4,uterus,USF2 IP - HeLa cells,,,
EBF1,AGPAT4,leukocytes,"EBF1 IP - GM12878 cells, EBF1 IP - GM12878 cells",,,
FOSL2,AGPAT4,cns,FOSL2 IP - SK-N-SH cells,,,
SIX2,AGPAT4,kidney,"SIX2 IP - 17 weeks, Rep 2, SIX2 IP -  16 weeks, SIX2 IP - 17 weeks, Rep 1",,,
MXI1,AGPAT4,uterus,MXI1 IP - HeLa cells,,,
MAX,AGPAT4,liver,MAX IP - MCF7 cells,,,
RUNX1,AGPAT4,hspcs,RUNX1,,,
JUND,AGPAT4,vasculature,JUND IP,,,
MYC,AGPAT4,mammarygland,"MYC IP - MCF-10A cells, MYC IP | 4HT - MCF10A cells",,,
FOSL1,AGPAT4,leukocytes,FOSL1 IP - K562 cells,,,
OTX2,AGPAT4,stemcells,"OTX2 IP - Rep 2 , OTX2 IP - Rep 10 ",,,
JUN,AGPAT4,vasculature,"JUN IP - HUVEC cells, JUN IP",,,
FOS,AGPAT4,vasculature,FOS IP - HUVEC cells,,,
REST,AGPAT4,stemcells,"REST IP - H1 cells, Rep 2, REST IP - H1 cells, Rep 1",,,
CEBPB,AGPAT4,lung,CEBPB ChIP-Seq - IMR90,,,
SRF,AGPAT4,colon,SRF IP - HCT116 cells,,,
ATF3,AGPAT4,colon,"ATF3 IP | CAMPTO, ATF3 IP - HCT116 cells",,,
USF1,AGPAT4,stemcells,USF1 IP - H1 cells,,,
SIX1,AGPAT4,kidney,"SIX1 IP - 17 weeks, Rep 1",,,
CTCF,AGPAT4,megakaryocytelineage,"CTCF IP - MEG-01 cells, Rep 10 , CTCF IP - MEG-01 cells, Rep 8 , CTCF IP - MEG-01 cells, Rep 4 ",,,
MXI1,AGPAT4,stemcells,MXI1 IP - H1 cells,,,
GABPA,AGPAT4,lung,GABPA IP - A549 cells,,,
STAT3,AGPAT4,mammarygland,"STAT3 IP | 4HT - MCF10 cells, 36 h, STAT3 IP | 4HT - MCF10 cells, 12 h, STAT3 IP - MCF10A cells, Rep 2",,,
MXI1,AGPAT4,lung,MXI1 IP - IMR cells,,,
GATA1,AGPAT4,hspcs,"GATA1 IP - Rep 1, GATA1 IP - Rep 2, GATA1 IP - PBDE cells, Rep 1",,,
IRF4,AGPAT4,leukocytes,IRF4 IP - GM12878 cells,,,
ATF1,AGPAT4,leukocytes,ATF1 IP - K562 cells,,,
ZBTB7A,AGPAT4,leukocytes,ZBTB7A IP - SK-N-SH cells,,,
TEAD4,AGPAT4,uterus,TEAD4 IP - ECC1 cells,,,
FOXM1,AGPAT4,leukocytes,FOXM1 IP - GM12878 cells,,,
CEBPB,AGPAT4,uterus,"CEBPB IP - ECC1 cells, CEBPB ChIP-Seq - HeLaS3",,,
ZNF143,AGPAT4,leukocytes,ZNF143 IP - K562 cells,,,
CEBPB,AGPAT4,colon,CEBPB IP - HCT116 cells,,,
ELF1,AGPAT4,colon,ELF1 IP - HCT116 cells,,,
MAFK,AGPAT4,lung,MAFK IP - IMR cells,,,
REST,AGPAT4,leukocytes,REST IP - K562 cells,,,
MXI1,AGPAT4,leukocytes,MXI1 IP - K562 cells,,,
USF1,AGPAT4,leukocytes,USF1 IP - K562 cells,,,
E2F6,AGPAT4,lung,E2F6 IP - A549 cells,,,
CEBPB,AGPAT4,bone,CEBPB IP,,,
E2F4,AGPAT4,mammarygland,E2F4 IP | 4HT - MCF10 cells,,,
ELF1,AGPAT4,leukocytes,ELF1 IP - SK-N-SH cells,,,
TAL1,AGPAT4,colon,TAL1 IP ,,,
BATF,AGPAT4,leukocytes,BATF IP - GM12878 cells,,,
ELF1,AGPAT4,mammarygland,ELF1 IP - MCF7 cells,,,
MTA3,AGPAT4,leukocytes,MTA3 IP - GM12878 cells,,,
MAX,AGPAT4,stemcells,"MAX IP - H1 cells, MAX IP - H1 cells",,,
MEF2A,AGPAT4,leukocytes,MEF2A IP - GM12878 cells,,,
PDX1,AGPAT4,pancreas,PDX1 IP,,,
GATA2,AGPAT4,cns,GATA2 ChIP-Seq SH-SY5Y,,,
TEAD4,AGPAT4,leukocytes,TEAD4 IP - K562 cells,,,
GTF2B,AGPAT4,lung,GTF2B IP,,,
SIX5,AGPAT4,stemcells,SIX5 IP - H1 cells,,,
CREB1,AGPAT4,lung,"CREB1 IP - A549 cells, Rep 2, CREB1 IP | DEX - A549 cells",,,
SRF,AGPAT4,mammarygland,SRF IP - MCF7 cells,,,
EGR1,AGPAT4,leukocytes,EGR1 IP - K562 cells,,,
KLF5,AGPAT4,stomach,KLF5 IP - KATOIII,,,
YY1,AGPAT4,colon,YY1 IP - HCT116 cells,,,
GABPA,AGPAT4,cns,GABPA IP - SK-N-SH cells,,,
TFAP4,AGPAT4,leukocytes,"TFAP4 IP - Rep 1, TFAP4 IP - Rep 2",,,
GATA3,AGPAT4,mammarygland,GATA3 IP - T47D cells,,,
MAX,AGPAT4,colon,MAX IP - HCT116 cells,,,
STAT1,AGPAT4,uterus,"STAT1 IP | IFNG - HeLa cells, 30 min",,,
IFNG,AGPAT4,uterus,"STAT1 IP | IFNG - HeLa cells, 30 min",,,
SRF,AGPAT4,stemcells,SRF IP - H1 cells,,,
FOXA1,AGPAT4,mammarygland,FOXA1 IP - T47D cells,,,
E2F1,AGPAT4,mammarygland,E2F1 IP,,,
ATF2,AGPAT4,leukocytes,ATF2 IP - GM12878 cells,,,
REST,AGPAT4,lung,REST IP - A549 cells,,,
SRF,AGPAT4,uterus,SRF IP - ECC1 cells,,,
MAX,AGPAT4,leukocytes,"MAX IP - NB4 cells, MAX IP - K562 cells, MAX IP - K562 cells, Rep 2",,,
GTF2F1,AGPAT4,stemcells,GTF2F1 IP - H1 cells,,,
TBP,AGPAT4,uterus,TBP IP - HeLa cells,,,
PAX5,AGPAT4,leukocytes,"PAX5 IP - GM12878 cells, Rep 2",,,
CREB1,AGPAT4,liver,"CREB1 IP - HepG2 cells, CREB1 IP",,,
STAT3,AGPAT4,leukocytes,STAT3 IP - SU-DHL-6,,,
NFYB,AGPAT4,leukocytes,NFYB IP - GM12878 cells,,,
SRF,AGPAT4,leukocytes,"SRF IP - K562 cells, SRF IP - SK-N-SH cells",,,
FOSL2,AGPAT4,lung,FOSL2 IP - A549 cells,,,
MAX,AGPAT4,cns,MAX IP - SK-N-SH cells,,,
FOSL2,AGPAT4,liver,FOSL2 IP - HepG2 cells,,,
MAZ,AGPAT4,lung,MAZ IP - IMR cells,,,
MAFK,AGPAT4,leukocytes,MAFK IP - K562 cells,,,
JUN,AGPAT4,uterus,JUN IP - HeLa cells,,,
PBX3,AGPAT4,leukocytes,PBX3 IP - GM12878 cells,,,
MAZ,AGPAT4,leukocytes,MAZ IP - K562 cells,,,
FOXH1,AGPAT4,embryonictissue,FOXH1 IP - endoderm,,,
TAL1,AGPAT4,leukocytes,"TAL1 IP - K562 cells, TAL1 IP - MOLT3",,,
FOS,AGPAT4,leukocytes,FOS IP - K562 cells,,,
IRF1,AGPAT4,colon,IRF1 IP ,,,
CTCF,AGPAT5,hspcs,"CTCF IP - HEL 92.1.7 cells, Rep 5 , CTCF IP - HEL 92.1.7 cells, Rep 2 , CTCF IP - HSPCs, Rep 2, CTCF IP - Erythroid cells, Rep 1, CTCF IP - HSPCs, Rep 1, CTCF IP - HEL 92.1.7 cells, Rep 14 , CTCF IP - Erythroid cells, Rep 2",,,
UBTF,AGPAT5,leukocytes,UBTF IP - K562 cells,,,
FOXA1,AGPAT5,prostate,"EtOH | FOXA1 ChIP-Seq - , FOXA1 ChIP-Seq - Rep 2, CREB1 siRNA | FOXA1 ChIP-Seq - Rep 1, DHT | FOXA1 ChIP-Seq, GATA2 KD + R1881 | FOXA1 ChIP-Seq, R1881 | FOXA1 ChIP-Seq - Rep 2, CON KD | FOXA1 ChIP-Seq, AR Q640X OE + FOXA1 OE | FOXA1 ChIP-Seq, FOXA1 siRNA | CREB1 ChIP-Seq - Rep 2, CON KD + R1881 | FOXA1 ChIP-Seq - Rep 2, FOXA1 ChIP-Seq - LNCaP-abl, DHT | FOXA1 ChIP-Seq, CON KD | FOXA1 ChIP-Seq, PIAS1 + R1881 | FOXA1 ChIP-Seq - Rep 2, PIAS1 + R1881 | FOXA1 ChIP-Seq - Rep 1, CREB1 siRNA | FOXA1 ChIP-Seq - Rep 2, FOXA1 ChIP-Seq, WT AR OE + FOXA1 OE | FOXA1 ChIP-Seq - high FOXA1, CON KD | FOXA1 ChIP-Seq, EtOH | FOXA1 ChIP-Seq - Rep 2, AR C562S OE + FOXA1 OE | FOXA1 ChIP-Seq, CON KD + R1881 | FOXA1 ChIP-Seq, FOXA1 ChIP-Seq, R1881 | FOXA1 ChIP-Seq - Rep 1, GATA2 KD  | FOXA1 ChIP-Seq, FOXA1 ChIP-Seq, FOXA1 ChIP-Seq - Rep 1, FOXA1 ChIP-Seq, FOXA1 siRNA | CREB1 ChIP-Seq - Rep 1, CON KD  | FOXA1 ChIP-Seq, WT AR OE + FOXA1 OE | FOXA1 ChIP-Seq, CON KD + R1881 | FOXA1 ChIP-Seq - Rep 1",,,
TFAP4,AGPAT5,leukocytes,TFAP4 IP - Rep 1,,,
CTCF,AGPAT5,leukocytes,"CTCF IP - K562 cells, CTCF IP - GM12814 cells, Rep 1, CTCF IP - MS1 cells, Rep 2 , CTCF IP - GM12878 cells , CTCF IP - GM2630 cells, Rep 3 , CTCF IP - K562 cells, Rep 14 , CTCF IP - GM12890 cells, Rep 3 , CTCF IP - HeLa cells, Rep 2 , CTCF IP - GM18505 cells, Rep 1 , CTCF IP - GM19239 cells, Rep 2 , CTCF IP - GM12891 cells, Rep 2 , CTCF IP - GM06986 cells, CTCF IP - GM2610 cells, Rep 3 , CTCF IP - F36P cells, Rep 7 , CTCF IP - GM2630 cells, Rep 1 , CTCF IP - GM19240 cells, Rep 1 , CTCF IP - GM12868 cells , CTCF IP - GM19099 cells, Rep 2 , CTCF IP - GM12865 cells, Rep 1 , CTCF IP - GM10847 cells, Rep 2 , CTCF IP - GM19099 cells, Rep 1 , CTCF IP - GM12864 cells, Rep 3 , CTCF IP - GM12873 cells, Rep 1 , CTCF IP - GM2255 cells, Rep 1 , CTCF IP - GM12874 cells, Rep 2 , CTCF IP - GM19239 cells, Rep 1 , CTCF IP - GM12878 cells, Rep 1 , CTCF IP - K562 cells, CTCF IP - GM18951 cells, Rep 2 , CTCF IP - GM2255 cells, Rep 2 , CTCF IP - GM2588 cells, Rep 2 , CTCF IP - GM12891 cells, Rep 1 , CTCF IP - MS1 cells, Rep 4 , CTCF IP - GM06990 cells, Rep 2 , CTCF IP - GM12878 cells, Rep 1 , CTCF IP - GM2588 cells, Rep 3 , CTCF IP - GM12873 cells, Rep 1 , CTCF ChIP-Seq - GM12878, CTCF IP -  DND , CTCF IP, CTCF IP - K562 cells, Rep 12 , CTCF IP - GM18526 cells, Rep 2 , CTCF IP - GM18505 cells, Rep 2 , CTCF IP - GM12872 cells, Rep 3 , CTCF IP - GM18951 cells, Rep 1 , CTCF IP - GM12870 cells , CTCF IP - GM12867 cells , CTCF IP - GM12892 cells, Rep 1 , CTCF IP - GM12864 cells, Rep 2 , CTCF IP - K562 cells, CTCF IP - GM2610 cells, Rep 1 , CTCF IP - GM19193 cells, Rep 2 , CTCF IP - GM18526 cells, Rep 1 , CTCF IP - GM12864 cells, Rep 1 , CTCF IP - GM12869 cells , CTCF IP - GM12875 cells, Rep 1 , CTCF IP - GM12892 cells, Rep 2 , CTCF IP - GM12873 cells, Rep 3 , CTCF IP - GM12890 cells, Rep 1 , CTCF IP - GM12872 cells, Rep 1 , CTCF IP - GM18486 cells, Rep 3 , CTCF IP - GM12878 cells, Rep 2 , CTCF IP - K562 cells , CTCF IP - GM12871 cells , CTCF IP - GM2630 cells, Rep 2 , CTCF IP - MS1 cells, Rep 3 , CTCF IP - GM2610 cells, Rep 2 , CTCF IP - GM12866 cells , CTCF IP - GM12878 cells, Rep 2 , CTCF IP - GM19238 cells, Rep 1 , CTCF IP - GM19240 cells, Rep 2 , CTCF IP - GM12865 cells, Rep 3 , CTCF IP - GM10847 cells, Rep 1 , CTCF IP - GM19238 cells, Rep 2 , CTCF IP - KU812 cells, Rep 1 , CTCF IP - GM12865 cells, Rep 2 , CTCF IP - K562 cells, Rep 1 , CTCF IP - GM19193 cells, Rep 1 ",,,
REST,AGPAT5,leukocytes,"REST IP - GM12878 cells, Rep 25 , REST IP - GM12878 cells, Rep 13 , REST IP - Jurkat cells, Rep 11 , REST IP - GM12878 cells, Rep 9 , REST IP - GM12878 cells, Rep 5 , REST IP - K562 cells , REST IP - Jurkat cells, Rep 10 , REST IP - Jurkat cells, Rep 12 , REST IP - GM12878 cells, Rep 28 , REST IP - GM12878 cells, Rep 19 , REST IP - Jurkat cells, Rep 1 , REST IP - Jurkat cells, Rep 7 , REST IP - Jurkat cells, Rep 4 , REST IP -  K562 cells, REST IP - Jurkat cells, Rep 14 , REST IP - GM12878 cells, Rep 1, REST IP - GM12878 cells, Rep 15 , REST IP - GM12878 cells, Rep 20 , REST IP - GM12878 cells, Rep 8 , REST IP - Jurkat cells, Rep 15 , REST IP - GM12878 cells, Rep 24 , REST IP - GM12878 cells, Rep 2, REST IP - Jurkat cells, Rep 5 , REST IP - GM12878 cells, Rep 17 , REST IP - GM12878 cells, Rep 7 , REST IP - GM12878 cells, Rep 1 , REST IP - GM12878 cells, Rep 16 , REST IP - GM12878 cells, Rep 22 , REST IP - GM12878 cells, Rep 17 , REST IP - GM12878 cells, Rep 4 , REST IP - GM12878 cells, Rep 23 , REST IP - GM12878 cells, Rep 6 , REST IP - GM12878 cells, Rep 18 , REST IP - GM12878 cells, Rep 2 , REST IP - GM12878 cells, Rep 11 , REST IP - Jurkat cells, Rep 2 , REST IP - GM12878 cells, Rep 10 , REST IP - GM12878 cells, Rep 27 , REST IP - GM12878 cells, Rep 21 , REST IP - GM12878 cells, Rep 14 , REST IP - GM12878 cells, Rep 26 , REST IP - Jurkat cells, Rep 3 , REST IP - HL60 cells, REST IP - K562 cells, REST IP - GM12878 cells, Rep 3 , REST IP - Jurkat cells, Rep 8 , REST IP - Jurkat cells, Rep 13 , REST IP - GM12878 cells, Rep 12 ",,,
REST,AGPAT5,pancreas,"REST IP - PANC1 cells, Rep 1, REST IP - Panc1 cells, Rep 3, REST IP - PANC1 cells, Rep 2",,,
CREB1,AGPAT5,lung,CREB1 IP | DEX - A549 cells,,,
DEX,AGPAT5,lung,CREB1 IP | DEX - A549 cells,,,
GABPA,AGPAT5,leukocytes,"GABPA IP - Jurkat, Rep 2, GABPA IP - GM12878 cells, GABPA IP - GM12878 cells, Rep 2 , GABPA IP - Jurkat, Rep 1, GABPA IP - K562 cells, GABPA IP - GM12878 cells, Rep 3 , GABPA IP - GM12878 cells, Rep 1 , GABPA IP - GM12878 cells, Rep 4 ",,,
GATA2,AGPAT5,prostate,"GATA2 ChIP-Seq, CON KD | GATA2 ChIP-Seq, GATA2 KD + R1881 | FOXA1 ChIP-Seq, GATA2 KD  | FOXA1 ChIP-Seq, GATA2 ChIP-Seq - Rep 2",,,
JUND,AGPAT5,lung,JUND IP - A549 cells,,,
NFYA,AGPAT5,colon,NFYA IP ,,,
CTCF,AGPAT5,skin,"CTCF IP - AG04449 cells, Rep 1 , CTCF IP - NHEK cells , CTCF IP - HFFC cells, Rep 1 ",,,
SRF,AGPAT5,uterus,SRF IP - ECC1 cells,,,
E2F1,AGPAT5,prostate,"E2F1 ChIP-Seq - Rep 4, BICALU + HES6 OE | E2F1 ChIP-Seq - Rep 2, E2F1 ChIP-Seq - Rep 1, HES6 OE + BICALU | E2F1 ChIP-Seq - Rep 3, HES6 OE | E2F1 ChIP-Seq - Rep 4, BICALU | E2F1 ChIP-Seq - Rep 1, BICALU | E2F1 ChIP-Seq - Rep 2, BICALU + HES6OE | E2F1 ChIP-Seq - Rep 4, BICALU | E2F1 ChIP-Seq - Rep 3, BICALU | E2F1 ChIP-Seq - Rep 4, HES6 OE | E2F1 ChIP-Seq - Rep 2, HES6 OE | E2F1 ChIP-Seq - Rep 3, E2F1 ChIP-Seq - Rep 2, E2F1 ChIP-Seq - Rep 3, HES6 OE | E2F1 ChIP-Seq - Rep 1, HES6 OE + BICALU | E2F1 ChIP-Seq - Rep 1",,,
USF1,AGPAT5,stemcells,USF1 IP - H1 cells,,,
ZNF384,AGPAT5,leukocytes,"ZNF384 IP - GM12878 cells, ZNF384 IP - K562 cells",,,
CTCF,AGPAT5,colon,"CTCF IP - HCT116 cells, Rep 2 , CTCF IP - Caco-2 cells, Rep 1 , CTCF IP - HCT116 cells, Rep 1 , CTCF IP - Caco ",,,
RBPJ,AGPAT5,leukocytes,RBPJ IP | COMPE - wash,,,
COMPE,AGPAT5,leukocytes,RBPJ IP | COMPE - wash,,,
GATA3,AGPAT5,mammarygland,GATA3 IP - T47D cells,,,
CREB1,AGPAT5,liver,"CREB1 IP - HepG2 cells, CREB1 IP, CREB1 IP",,,
USF1,AGPAT5,cns,"USF1 IP | ATRA - SK-N-SH cells, USF1 IP - SK-N-SH cells",,,
ATRA,AGPAT5,cns,"USF1 IP | ATRA - SK-N-SH cells, YY1 IP | ATRA - SK-N-SH cells",,,
CTCF,AGPAT5,vasculature,"CTCF IP - HUVEC cells, Rep 1 , CTCF IP - HUVEC cells , CTCF IP - HBMEC cells, Rep 1 ",,,
MAZ,AGPAT5,liver,MAZ IP - HepG2 cells,,,
NFYB,AGPAT5,uterus,NFYB IP - HeLa cells,,,
USF1,AGPAT5,leukocytes,"USF1 IP - GM12878 cells, USF1 IP - K562 cells",,,
FOS,AGPAT5,leukocytes,"FOS IP - GM12878 cells, FOS IP - K562 cells",,,
CEBPB,AGPAT5,lung,CEBPB ChIP-Seq - IMR90,,,
CTCF,AGPAT5,kidney,"CTCF IP - RPTEC cells, Rep 1 , CTCF IP - HEK293 cells, Rep 1 , CTCF IP - HRE cells, Rep 1 , CTCF IP - RPTEC cells, Rep 2 ",,,
STAT3,AGPAT5,leukocytes,"STAT3 IP - SU-DHL-4, STAT3 IP - SU-DHL-6, STAT3 IP - SU-DHL-2, STAT3 IP - OCI-LY10, STAT3 IP - OCI-LY19",,,
NFYB,AGPAT5,leukocytes,"NFYB IP - GM12878 cells, NFYB IP - K562 cells",,,
REST,AGPAT5,cns,"REST IP - SK cells, REST IP - U87 cells, REST IP - SK-N-SH cells, REST IP - PFSK1 cells, Rep 2, REST IP - PFSK-N-SH cells1 cells, Rep 1",,,
KLF11,AGPAT5,adiposetissue,"ROSI (BrAT) | KLF11 ChIP-Seq, Rep 1, KLF11 ChIP-Seq, Rep 1, ROSI (BrAT) | KLF11 ChIP-Seq, Rep 2, KLF11 ChIP-Seq, Rep 2",,,
ROSI,AGPAT5,adiposetissue,"ROSI (BrAT) | KLF11 ChIP-Seq, Rep 1, ROSI (BrAT) | KLF11 ChIP-Seq, Rep 2",,,
GATA1,AGPAT5,hspcs,"GATA1 IP - PBDE cells, Rep 1, GATA1 IP - Rep 3",,,
SPI1,AGPAT5,leukocytes,"SPI1 IP, SPI1 IP, SPI1 IP, SPI1 IP, SPI1 IP - GM12878 cells, SPI1 IP, SPI1 IP, SPI1 IP - GM12878 cells, Rep 2 , SPI1 IP - HL cells, SPI1 IP",,,
MYC,AGPAT5,uterus,MYC IP - HeLa cells,,,
FOXA2,AGPAT5,liver,FOXA2 IP - HepG2 cells,"19822575,",,
ARNT,AGPAT5,kidney,"ARNT IP, ARNT IP | HIF1A OE",,,
HIF1A,AGPAT5,bone,"HIF1A IP, HIF1A IP",,,
CTCF,AGPAT5,megakaryocytelineage,"CTCF IP - MEG-01 cells, Rep 6 , CTCF IP - MEG-01 cells, Rep 2 , CTCF IP - MEG-01 cells, Rep 4 , CTCF IP - MEG-01 cells, Rep 10 , CTCF IP - MEG-01 cells, Rep 8 ",,,
CREB1,AGPAT5,prostate,"CREB1 siRNA | FOXA1 ChIP-Seq - Rep 1, CREB1 ChIP-Seq - Rep 2, CREB1 ChIP-Seq - LNCaP-abl, FOXA1 siRNA | CREB1 ChIP-Seq - Rep 2, CREB1 siRNA | FOXA1 ChIP-Seq - Rep 2, CREB1 ChIP-Seq - Rep 1, FOXA1 siRNA | CREB1 ChIP-Seq - Rep 1, CREB1 ChIP-Seq - LNCaP",,,
GATA2,AGPAT5,hspcs,GATA2 IP,,,
FOXM1,AGPAT5,leukocytes,FOXM1 IP - GM12878 cells,,,
ZNF263,AGPAT5,kidney,ZNF263 IP - HEK293 cells,,,
CEBPB,AGPAT5,leukocytes,CEBPB IP,,,
PAX5,AGPAT5,leukocytes,"PAX5 IP - GM12878 cells, Rep 1, PAX5 IP - GM12892 cells, PAX5 IP - GM12878 cells, Rep 2",,,
SREBF1,AGPAT5,liver,SREBF1 IP | INS + 22RHC - HepG2 cells,,,
22RHC; INS,AGPAT5,liver,SREBF1 IP | INS + 22RHC - HepG2 cells,,,
JUND,AGPAT5,leukocytes,JUND IP - K562 cells,,,
CTCF,AGPAT5,stemcells,"CTCF IP - Rep 6 , CTCF IP - H1 cells, CTCF IP - H1 cells ",,,
E2F1,AGPAT5,uterus,"E2F1 IP - HeLa cells, Rep 2, E2F1 IP - HeLa cells, Rep 1",,,
BICALU,AGPAT5,prostate,"BICALU + HES6 OE | E2F1 ChIP-Seq - Rep 2, HES6 OE + BICALU | E2F1 ChIP-Seq - Rep 3, BICALU | E2F1 ChIP-Seq - Rep 1, BICALU | E2F1 ChIP-Seq - Rep 2, BICALU + HES6OE | E2F1 ChIP-Seq - Rep 4, BICALU | E2F1 ChIP-Seq - Rep 3, BICALU | E2F1 ChIP-Seq - Rep 4, HES6 OE + BICALU | E2F1 ChIP-Seq - Rep 1",,,
HES6,AGPAT5,prostate,"BICALU + HES6 OE | E2F1 ChIP-Seq - Rep 2, HES6 OE + BICALU | E2F1 ChIP-Seq - Rep 3, HES6 OE | E2F1 ChIP-Seq - Rep 4, BICALU + HES6OE | E2F1 ChIP-Seq - Rep 4, HES6 OE | E2F1 ChIP-Seq - Rep 2, HES6 OE | E2F1 ChIP-Seq - Rep 3, HES6 OE | E2F1 ChIP-Seq - Rep 1, HES6 OE + BICALU | E2F1 ChIP-Seq - Rep 1",,,
DHT,AGPAT5,prostate,"DHT | FOXA1 ChIP-Seq, DHT | FOXA1 ChIP-Seq",,,
TBP,AGPAT5,leukocytes,"TBP IP - GM12878 cells, TBP IP - K562 cells",,,
R1881,AGPAT5,prostate,"GATA2 KD + R1881 | FOXA1 ChIP-Seq, R1881 | FOXA1 ChIP-Seq - Rep 2, CON KD + R1881 | FOXA1 ChIP-Seq - Rep 2, PIAS1 + R1881 | FOXA1 ChIP-Seq - Rep 2, PIAS1 + R1881 | FOXA1 ChIP-Seq - Rep 1, CON KD + R1881 | FOXA1 ChIP-Seq, R1881 | FOXA1 ChIP-Seq - Rep 1, CON KD + R1881 | FOXA1 ChIP-Seq - Rep 1",,,
GATA2,AGPAT5,leukocytes,GATA2 IP - K562 cells,,,
FOS,AGPAT5,mammarygland,"FOS IP | 4HT - MCF10A cells, 12 h, FOS IP | 4HT - MCF10A cells, 4 h, FOS IP - MCF10A cells",,,
4HT,AGPAT5,mammarygland,"FOS IP | 4HT - MCF10A cells, 12 h, FOS IP | 4HT - MCF10A cells, 4 h, E2F4 IP | 4HT - MCF10 cells, MYC IP | 4HT - MCF10A cells",,,
CTCF,AGPAT5,uterus,CTCF IP - HeLa cells ,,,
TCF7L2,AGPAT5,mammarygland,TCF7L2 ChIP-Seq,,,
MYC,AGPAT5,bone,"MYC IP, MYC IP, MYC IP, MYC IP",,,
MXI1,AGPAT5,cns,MXI1 IP - SK-N-SH cells ,,,
E2F6,AGPAT5,stemcells,E2F6 IP - H1 cells,,,
TCF12,AGPAT5,lung,TCF12 IP - A549 cells,,,
IRF3,AGPAT5,uterus,IRF3 IP - HeLa cells,,,
MYB,AGPAT5,leukocytes,"MYB IP - MOLT3, MYB IP - Jurkat, Rep 4, MYB IP - Jurkat, Rep 5, MYB IP - Jurkat, Rep 2, MYB IP - Jurkat, Rep 1, MYB IP - Jurkat, Rep 3",,,
TEAD4,AGPAT5,lung,TEAD4 IP - A549 cells,,,
RUNX1,AGPAT5,leukocytes,RUNX1 IP,,,
MYC,AGPAT5,mammarygland,"MYC IP - MCF-10A cells, DHT | MYC ChIP-Seq, MYC IP, MYC IP | 4HT - MCF10A cells",,,
ELF3,AGPAT5,pancreas,"ELF3 IP | KLF5 KO, ELF3 IP, ELF3 IP",,,
KLF5,AGPAT5,pancreas,ELF3 IP | KLF5 KO,,,
HEY1,AGPAT5,leukocytes,HEY1 IP - K562 cells,,,
MYC,AGPAT5,leukocytes,"MYC IP - NB4 cells, MYC IP | IFNA1 - K562 cells, 6 h, MYC IP | IFNG - K562 cells, 30 min, MYC IP | IFNG - K562 cells, 6 h, MYC IP - K562 cells, Rep 2, MYC IP | IFNA1 - K562 cells, 30 min, MYC IP - K562 cells, Rep 1",,,
TCF21,AGPAT5,vasculature,TCF21 IP,,,
CEBPB,AGPAT5,uterus,CEBPB ChIP-Seq - HeLaS3,,,
MAX,AGPAT5,liver,"MAX IP - HepG2 cells, MAX IP - HepG2 cells, MAX IP - MCF7 cells",,,
ATF3,AGPAT5,colon,ATF3 IP - HCT116 cells,,,
GATA4,AGPAT5,stomach,GATA4 IP - AGS,,,
GABPA,AGPAT5,uterus,GABPA IP - HeLa cells,,,
IRF1,AGPAT5,leukocytes,"IRF1 IP | IFNA1-13 - K562 cells, 6 h, IRF1 IP | IFNG - K562 cells, 6 h",,,
IFNA1,AGPAT5,leukocytes,"IRF1 IP | IFNA1-13 - K562 cells, 6 h, MYC IP | IFNA1 - K562 cells, 6 h, MYC IP | IFNA1 - K562 cells, 30 min",,,
AR,AGPAT5,prostate,"AR Q640X OE + FOXA1 OE | FOXA1 ChIP-Seq, WT AR OE + FOXA1 OE | FOXA1 ChIP-Seq - high FOXA1, AR C562S OE + FOXA1 OE | FOXA1 ChIP-Seq, WT AR OE + FOXA1 OE | FOXA1 ChIP-Seq",,,
JUND,AGPAT5,colon,JUND IP - HCT116 cells,,,
ZNF263,AGPAT5,leukocytes,ZNF263 IP - K562 cells,,,
TEAD4,AGPAT5,uterus,TEAD4 IP - ECC1 cells,,,
MXI1,AGPAT5,uterus,MXI1 IP - HeLa cells,,,
KLF5,AGPAT5,stomach,KLF5 IP - KATOIII,,,
MYC,AGPAT5,liver,MYC IP,,,
STAT3,AGPAT5,stemcells,"STAT3 IP - Rep 2 , STAT3 IP - Rep 3 ",,,
E2F6,AGPAT5,uterus,E2F6 IP - HeLa cells,,,
MAX,AGPAT5,vasculature,MAX IP - HUVEC cells,,,
YY1,AGPAT5,cns,"YY1 IP | ATRA - SK-N-SH cells, YY1 IP - SK-N-SH cells",,,
RELA,AGPAT5,leukocytes,"RELA IP | TNF - GM12892 cells, RELA IP | BAY082  - IVD Th1 cells, PIA, RELA IP - IVD Th1 cells, PIA, RELA IP | TNF - GM12891 cells",,,
TNF,AGPAT5,leukocytes,"RELA IP | TNF - GM12892 cells, RELA IP | TNF - GM12891 cells",,,
E2F6,AGPAT5,leukocytes,"E2F6 IP - K562 cells, E2F6 IP - K562 cells",,,
MTA3,AGPAT5,leukocytes,MTA3 IP - GM12878 cells,,,
CREB1,AGPAT5,stemcells,CREB1 IP - H1 cells,,,
NFATC1,AGPAT5,leukocytes,NFATC1 IP - GM12878 cells,,,
TP53,AGPAT5,mammarygland,TP53 IP,,,
ELF1,AGPAT5,mammarygland,ELF1 IP - MCF7 cells,,,
BHLHE40,AGPAT5,leukocytes,"BHLHE40 IP - K562 cells, BHLHE40 IP - GM12878 cells",,,
USF2,AGPAT5,stemcells,USF2 IP - H1 cells,,,
STAT1,AGPAT5,uterus,"STAT1 IP | IFNG - HeLa cells, 30 min",,,
IFNG,AGPAT5,uterus,"STAT1 IP | IFNG - HeLa cells, 30 min",,,
SP1,AGPAT5,stemcells,SP1 IP - H1 cells,,,
TCF12,AGPAT5,uterus,TCF12 IP - ECC1 cells,,,
CEBPB,AGPAT5,liver,"CEBPB ChIP-Seq - HepG2, CEBPB IP | FORSK - HepG2 cells, CEBPB IP - HepG2 cells",,,
TAL1,AGPAT5,colon,TAL1 IP ,,,
FOXM1,AGPAT5,cns,FOXM1 IP - SK-N-SH cells,,,
MXI1,AGPAT5,stemcells,MXI1 IP - H1 cells,,,
ZNF143,AGPAT5,leukocytes,ZNF143 IP - GM12878 cells,,,
ELF1,AGPAT5,leukocytes,"ELF1 IP - SK-N-SH cells, ELF1 IP - SK-N-SH cells",,,
MXI1,AGPAT5,lung,MXI1 IP - IMR cells,,,
ZBTB7A,AGPAT5,uterus,ZBTB7A IP - ECC1 cells,,,
FORSK,AGPAT5,liver,CEBPB IP | FORSK - HepG2 cells,,,
CREB1,AGPAT5,colon,CREB1 IP ,,,
CEBPB,AGPAT5,stemcells,"CEBPB IP, CEBPB IP, CEBPB IP, CEBPB IP",,,
YY1,AGPAT5,leukocytes,"YY1 IP - K562 cells, Rep 1, YY1 IP - GM12892 cells, Rep 1, YY1 IP - GM12878 cells, YY1 IP - GM12891 cells, YY1 IP - K562 cells, Rep 2",,,
IFNG,AGPAT5,leukocytes,"IRF1 IP | IFNG - K562 cells, 6 h, MYC IP | IFNG - K562 cells, 30 min, STAT1 IP - Rep 5, MYC IP | IFNG - K562 cells, 6 h, STAT1 IP - Rep 1, STAT1 IP - Rep 4, STAT1 IP - Rep 3, STAT1 IP - Rep 2",,,
POU2F2,AGPAT5,leukocytes,"POU2F2 IP - GM12878 cells, POU2F2 IP - Rep 2",,,
YY1,AGPAT5,stemcells,YY1 IP - H1 cells,,,
RUNX1T1,AGPAT5,leukocytes,RUNX1T1 IP,,,
TBP,AGPAT5,liver,TBP IP - HepG2 cells,,,
CTCF,AGPAT5,pancreas,CTCF IP,,,
CDX2,AGPAT5,colon,CDX2 IP | 125DVD3,,,
125DVD3,AGPAT5,colon,"CDX2 IP | 125DVD3, CEBPB IP | 125DVD3",,,
CEBPB,AGPAT5,colon,"CEBPB IP, CEBPB IP - HCT116 cells, CEBPB IP | 125DVD3",,,
PBX3,AGPAT5,cns,PBX3 IP - SK-N-SH cells,,,
MYC,AGPAT5,stemcells,MYC IP - Rep 2 ,,,
E2F4,AGPAT5,leukocytes,"E2F4 IP - K562 cells, E2F4 IP - GM12878 cells",,,
MXI1,AGPAT5,leukocytes,"MXI1 IP - K562 cells, MXI1 IP - GM12878 cells",,,
CTCF,AGPAT5,esophagus,"CTCF IP - HEEpiC cells, Rep 1 ",,,
USF1,AGPAT5,uterus,USF1 IP - ECC1 cells,,,
CTCF,AGPAT5,cns,"CTCF IP - cerebellar astrocyte cells, Rep 2 ",,,
HOXA6,AGPAT5,colon,HOXA6 IP ,,,
FOXP2,AGPAT5,cns,FOXP2 IP - SK cells,,,
JUND,AGPAT5,liver,JUND IP - HepG2 cells,,,
USF1,AGPAT5,colon,USF1 IP - HCT116 cells,,,
SRF,AGPAT5,leukocytes,"SRF IP - SK-N-SH cells, SRF IP - GM12878 cells, Rep 2",,,
PIAS1,AGPAT5,prostate,"PIAS1 + R1881 | FOXA1 ChIP-Seq - Rep 2, PIAS1 + R1881 | FOXA1 ChIP-Seq - Rep 1",,,
MEF2A,AGPAT5,leukocytes,"MEF2A IP - K562 cells, MEF2A IP - GM12878 cells",,,
MYBL2,AGPAT5,liver,MYBL2 IP - HepG2 cells,,,
YY1,AGPAT5,liver,YY1 IP - HepG2 cells,,,
REST,AGPAT5,stemcells,"REST IP - H1 cells, Rep 1, REST IP - H1 cells, Rep 2",,,
STAT1,AGPAT5,leukocytes,"STAT1 IP - Rep 5, STAT1 IP - Rep 1, STAT1 IP - Rep 4, STAT1 IP - Rep 3, STAT1 IP - Rep 2",,,
DHT,AGPAT5,mammarygland,"DHT | MYC ChIP-Seq, DHT | FOXA1 ChIP-Seq",,,
FOXM1,AGPAT5,uterus,FOXM1 IP - ECC1 cells,,,
FOXM1,AGPAT5,mammarygland,"FOXM1 IP - MCF7 cells, FOXM1 IP - DS005, FOXM1 IP | THSP - DS006",,,
SP1,AGPAT5,leukocytes,"SP1 IP - K562 cells, SP1 IP - GM12878 cells",,,
FOXA2,AGPAT5,embryonictissue,"FOXA2 IP - Rep 2, FOXA2 IP - Rep 1",,,
PBX3,AGPAT5,lung,PBX3 IP - A549 cells,,,
E2F1,AGPAT5,mammarygland,"E2F1 IP - MCF7 cells, E2F1 IP",,,
SP1,AGPAT5,lung,SP1 IP - A549 cells,,,
NFYA,AGPAT5,leukocytes,"NFYA IP - K562 cells, NFYA IP - GM12878 cells",,,
CTCF,AGPAT5,mammarygland,"CTCF IP - HMF cells, Rep 2 , CTCF IP - HMEC cells ",,,
MAX,AGPAT5,cns,MAX IP - SK-N-SH cells,,,
CTCF,AGPAT5,liver,"CTCF IP - HepG2 cells , CTCF IP - HepG2 cells, Rep 2 , CTCF IP - HepG2 cells, Rep 1 , CTCF IP - SK-N-SH cells",,,
IRF1,AGPAT5,colon,IRF1 IP ,,,
MAX,AGPAT5,uterus,"MAX IP - HeLa cells, Rep 2, MAX IP - HeLa cells, Rep 1, MAX IP - ECC1 cells",,,
REST,AGPAT5,lung,REST IP - A549 cells,,,
MAX,AGPAT5,colon,MAX IP - HCT116 cells,,,
GATA2,AGPAT5,cns,GATA2 ChIP-Seq SH-SY5Y,,,
BAY082,AGPAT5,leukocytes,"RELA IP | BAY082  - IVD Th1 cells, PIA",,,
ETV5,AGPAT5,colon,ETV5 IP ,,,
MAX,AGPAT5,leukocytes,"MAX IP - K562 cells, MAX IP - K562 cells, Rep 2, MAX IP - K562 cells, Rep 1, MAX IP - GM12878 cells, MAX IP - NB4 cells",,,
YY1,AGPAT5,lung,YY1 IP - A549 cells,,,
REST,AGPAT5,uterus,"REST IP - ECC1 cells, REST IP - SK-N-SH cells",,,
ZBTB7A,AGPAT5,liver,ZBTB7A IP - HepG2 cells,,,
ATF2,AGPAT5,colon,ATF2 IP ,,,
TP53,AGPAT5,bone,"TP53 IP | NUTL3 - SJSA-1, TP53 IP | TP53EE/RR OE",,,
EBF1,AGPAT5,leukocytes,"EBF1 IP - GM12878 cells, EBF1 IP - GM12878 cells",,,
YY1,AGPAT5,uterus,YY1 IP - ECC1 cells,,,
MAX,AGPAT5,lung,"MAX IP - A549 cells, MAX IP - A549 cells",,,
FOSL1,AGPAT5,colon,FOSL1 IP - HCT116 cells,,,
REST,AGPAT5,liver,"REST IP - HepG2 cells, Rep 2, REST IP - HepG2 cells, Rep 1",,,
MAZ,AGPAT5,leukocytes,"MAZ IP - K562 cells, MAZ IP - GM12878 cells",,,
SNAI2,AGPAT5,stemcells,SNAI2 IP - Rep 1 ,,,
TAL1,AGPAT5,leukocytes,"TAL1 IP - MOLT3, TAL1 IP - K562 cells",,,
MAZ,AGPAT5,lung,MAZ IP - IMR cells,,,
NFYC,AGPAT5,colon,NFYC IP ,,,
REST,AGPAT5,mammarygland,REST IP - MCF7 cells,,,
JUN,AGPAT5,leukocytes,"JUN IP - K562 cells, Rep 2",,,
HMGN3,AGPAT5,leukocytes,HMGN3 IP - K562 cells,,,
GATA3,AGPAT5,cns,GATA3 IP - SK-N-SH cells,,,
TCF3,AGPAT5,leukocytes,TCF3 IP - GM12878 cells,,,
REST,AGPAT5,colon,REST IP - HCT116 cells,,,
FOS,AGPAT5,uterus,FOS IP - HeLa cells,,,
EGR1,AGPAT5,colon,EGR1 IP - HCT116 cells,,,
CREB1,AGPAT5,leukocytes,"CREB1 IP - GM12878 cells, CREB1 IP - K562 cells",,,
HIF1A,AGPAT5,kidney,"ARNT IP | HIF1A OE, HIF1A IP | HIF1A OE",,,
MXI1,AGPAT5,liver,MXI1 IP - HepG2 cells,,,
SRF,AGPAT5,colon,SRF IP - HCT116 cells,,,
MYC,AGPAT5,lung,MYC IP - A549 cells,,,
SIX5,AGPAT5,leukocytes,SIX5 IP - GM12878 cells,,,
FOXA2,AGPAT5,stemcells,"FOXA2 IP - ES D2, FOXA2 IP - ES D10, FOXA2 IP - ES D7, FOXA2 IP - Rep 5 , FOXA2 IP - ES D5",,,
USF1,AGPAT5,liver,USF1 IP - HepG2 cells,,,
GABPA,AGPAT5,lung,GABPA IP - A549 cells,,,
TP53,AGPAT5,lung,"TP53 IP - propapoptic, Rep 1",,,
USF1,AGPAT5,lung,"USF1 IP - A549 cells, Rep 2",,,
RUNX1,AGPAT5,hspcs,RUNX1,,,
CREB1,AGPAT5,uterus,CREB1 IP - ECC1 cells,,,
ETS1,AGPAT5,leukocytes,"ETS1 IP - K562 cells, ETS1 IP",,,
TCF12,AGPAT5,leukocytes,TCF12 IP - GM12878 cells,,,
E2F6,AGPAT5,lung,E2F6 IP - A549 cells,,,
TBP,AGPAT5,stemcells,TBP IP - H1 cells,,,
ZEB1,AGPAT5,liver,ZEB1 IP - HepG2 cells,,,
TCF12,AGPAT5,cns,TCF12 IP - SK-N-SH cells,,,
BHLHE40,AGPAT5,liver,"BHLHE40 IP - SK-N-SH cells, BHLHE40 IP - HepG2 cells",,,
E2F4,AGPAT5,mammarygland,E2F4 IP | 4HT - MCF10 cells,,,
MAZ,AGPAT5,uterus,MAZ IP - HeLa cells,,,
MYC,AGPAT5,colon,MYC IP - DTT,,,
RELA,AGPAT5,colon,RELA IP ,,,
ZNF83,AGPAT5,colon,ZNF83 IP ,,,
FOXA1,AGPAT5,stemcells,FOXA1 IP - Rep 5 ,,,
JUN,AGPAT5,colon,JUN IP ,,,
GABPA,AGPAT5,liver,"GABPA IP, GABPA IP - HepG2 cells",,,
TCF7L2,AGPAT5,uterus,TCF7L2 IP - HeLa cells,,,
IRF4,AGPAT5,leukocytes,IRF4 IP,,,
GTF2B,AGPAT5,uterus,GTF2B IP - Rep 2,,,
ELF1,AGPAT5,liver,ELF1 IP - HepG2 cells,,,
E2F3,AGPAT5,colon,E2F3 IP ,,,
SP1,AGPAT5,colon,SP1 IP - HCT116 cells,,,
GLI2,AGPAT5,colon,GLI2 IP ,,,
HOXA4,AGPAT5,colon,HOXA4 IP ,,,
GABPA,AGPAT5,cns,GABPA IP - SK-N-SH cells,,,
SRF,AGPAT5,mammarygland,SRF IP - MCF7 cells,,,
E2F4,AGPAT5,uterus,E2F4 IP - HeLa cells,,,
TBP,AGPAT5,uterus,TBP IP - HeLa cells,,,
NFYA,AGPAT5,uterus,NFYA IP - HeLa cells,,,
FOXA1,AGPAT5,mammarygland,DHT | FOXA1 ChIP-Seq,,,
ZBTB7A,AGPAT5,leukocytes,ZBTB7A IP - SK-N-SH cells,,,
ELF1,AGPAT5,colon,ELF1 IP - HCT116 cells,,,
FOSL2,AGPAT5,liver,FOSL2 IP - HepG2 cells,,,
MAX,AGPAT5,stemcells,MAX IP - H1 cells,,,
ERG,AGPAT5,leukocytes,ERG IP - Rep 1,,,
SIX5,AGPAT5,lung,SIX5 IP | DEX - A549 cells,,,
EGR1,AGPAT5,leukocytes,EGR1 IP - K562 cells,,,
TEAD4,AGPAT5,leukocytes,TEAD4 IP - K562 cells,,,
SP1,AGPAT5,liver,SP1 IP - HepG2 cells,,,
HEY1,AGPAT5,liver,HEY1 IP - HepG2 cells,,,
SP1,AGPS,colon,SP1 IP - HCT116 cells,,,
CTCF,AGPS,mammarygland,"CTCF IP - HMEC cells, Rep 1 ",,,
FOS,AGPS,uterus,FOS IP - HeLa cells,,,
FOXA1,AGPS,mammarygland,"FOXA1 ChIP-Seq - Rep 1, 17BE2 | FOXA1 ChIP-Seq, FOXA1 ChIP-Seq - Rep 1, DEX | FOXA1 ChIP-Seq - Rep 1, 17BE2 | FOXA1 ChIP-Seq - Rep 2, 17BE2 | FOXA1 ChIP-Seq - Rep 1, 17BE2 | FOXA1 ChIP-Seq - Rep 1, FOXA1 IP - T47D, DEX | FOXA1 ChIP-Seq - Rep 2, DEX | FOXA1 ChIP-Seq - Rep 1, DEX | FOXA1 ChIP-Seq - Rep 1, FOXA1 ChIP-Seq - Rep 2, FOXA1 ChIP-Seq, FOXA1 ChIP-Seq - Rep 2, 17BE2 | FOXA1 ChIP-Seq - Rep 2, DHT | FOXA1 ChIP-Seq, FOXA1 ChIP-Seq - Rep 2, 17BE2 | FOXA1 ChIP-Seq - Rep 1, FOXA1 ChIP-Seq - Rep 1, 17BE2 | FOXA1 ChIP-Seq - Rep 2, 17BE2 | FOXA1 ChIP-Seq - Rep 1, FOXA1 IP | 17BE2 - T47D, DEX | FOXA1 ChIP-Seq - Rep 2, 17BE2 + TNF | FOXA1 ChIP-Seq - Rep 2, FOXA1 IP - T47D cells, DEX | FOXA1 ChIP-Seq - Rep 2, 17BE2 | FOXA1 ChIP-Seq - Rep 2",,,
MAZ,AGPS,leukocytes,"MAZ IP - K562 cells, MAZ IP - GM12878 cells",,,
JUND,AGPS,leukocytes,JUND IP - K562 cells,,,
MEF2A,AGPS,leukocytes,"MEF2A IP - GM12878 cells, MEF2A IP - K562 cells",,,
YY1,AGPS,leukocytes,"YY1 IP - GM12892 cells, Rep 1, YY1 IP - K562 cells, YY1 IP - K562 cells, Rep 2, YY1 IP - GM12878 cells, YY1 IP - K562 cells, Rep 1, YY1 IP - GM12891 cells",,,
SPI1,AGPS,leukocytes,"SPI1 IP, SPI1 IP, SPI1 IP - GM12891 cells, SPI1 IP, SPI1 IP - GM12878 cells, Rep 3 , SPI1 IP - GM12878 cells, Rep 4 , SPI1 IP | RUNX1 KD, SPI1 IP, SPI1 IP, SPI1 IP, SPI1 IP, SPI1 IP - GM12878 cells, SPI1 IP - K562 cells, SPI1 IP, SPI1 IP - GM12878 cells, Rep 2 , SPI1 IP - HL-60 cells, Rep 4 , SPI1 IP - HL cells",,,
MYB,AGPS,leukocytes,"MYB IP - MOLT3, MYB IP - Jurkat, Rep 4, MYB IP - Jurkat, Rep 5, MYB IP - Jurkat, Rep 2, MYB IP - Jurkat, Rep 1, MYB IP - Jurkat, Rep 3",,,
MYC,AGPS,bone,"MYC IP, MYC IP, MYC IP",,,
CEBPB,AGPS,leukocytes,"CEBPB IP, CEBPB IP - K562 cells, CEBPB IP - HL-60 cells, Rep 1 , CEBPB IP| oxLDL  - Rep 207, CEBPB IP | oxLDL  - Rep 206, CEBPB IP - Rep 204, CEBPB ChIP-Seq - K562, CEBPB IP - Rep 203, CEBPB IP - HL-60 cells, Rep 2 , CEBPB IP | oxLDL  - Rep 208, CEBPB IP | oxLDL  - Rep 205",,,
CREB1,AGPS,lung,CREB1 IP | DEX - A549 cells,,,
DEX,AGPS,lung,"CREB1 IP | DEX - A549 cells, FOXA1 IP | DEX - A549 cells, USF1 IP | DEX - A549 cells",,,
ELF1,AGPS,cns,ELF1 IP - SK-N-SH cells,,,
IRF4,AGPS,leukocytes,IRF4 IP,,,
17BE2,AGPS,mammarygland,"17BE2 | FOXA1 ChIP-Seq, 17BE2 | FOXA1 ChIP-Seq - Rep 2, 17BE2 | FOXA1 ChIP-Seq - Rep 1, 17BE2 | FOXA1 ChIP-Seq - Rep 1, 17BE2 | FOXA1 ChIP-Seq - Rep 2, 17BE2 | FOXA1 ChIP-Seq - Rep 1, 17BE2 | FOXA1 ChIP-Seq - Rep 2, 17BE2 | FOXA1 ChIP-Seq - Rep 1, FOXA1 IP | 17BE2 - T47D, 17BE2 | FOXA1 ChIP-Seq - Rep 2",,,
GATA3,AGPS,cns,GATA3 IP - SK-N-SH cells,,,
ARID3A,AGPS,liver,ARID3A IP - HepG2 cells,,,
MAFK,AGPS,liver,"MAFK IP - HepG2 cells, Rep 1, MAFK IP - HepG2 cells, Rep 2",,,
CEBPB,AGPS,liver,"CEBPB ChIP-Seq - HepG2, CEBPB IP | FORSK - HepG2 cells, CEBPB IP - HepG2 cells",,,
E2F1,AGPS,prostate,"BICALU | E2F1 ChIP-Seq - Rep 3, HES6 OE | E2F1 ChIP-Seq - Rep 3, E2F1 ChIP-Seq - Rep 3, HES6 OE | E2F1 ChIP-Seq - Rep 1, HES6 OE + BICALU | E2F1 ChIP-Seq - Rep 1, E2F1 ChIP-Seq - Rep 1, HES6 OE + BICALU | E2F1 ChIP-Seq - Rep 3, BICALU | E2F1 ChIP-Seq - Rep 1, BICALU + HES6OE | E2F1 ChIP-Seq - Rep 4",,,
BICALU,AGPS,prostate,"BICALU | E2F1 ChIP-Seq - Rep 3, HES6 OE + BICALU | E2F1 ChIP-Seq - Rep 1, HES6 OE + BICALU | E2F1 ChIP-Seq - Rep 3, BICALU | E2F1 ChIP-Seq - Rep 1, BICALU + HES6OE | E2F1 ChIP-Seq - Rep 4",,,
CTCF,AGPS,leukocytes,"CTCF IP - GM12866 cells , CTCF IP - GM12865 cells, Rep 1 , CTCF IP - GM12865 cells, Rep 2 , CTCF IP - GM18526 cells, Rep 2 , CTCF IP - K562 cells, Rep 1 , CTCF IP - GM2255 cells, Rep 2 , CTCF IP - GM19240 cells, Rep 2 , CTCF IP - K562 cells, CTCF IP, CTCF IP - GM2255 cells, Rep 3 , CTCF IP - GM12870 cells , CTCF IP - GM12867 cells , CTCF IP - GM12875 cells, Rep 1 , CTCF IP - K562 cells, CTCF IP - GM12864 cells, Rep 1 , CTCF IP - GM12869 cells , CTCF IP - GM19239 cells, Rep 1 , CTCF IP - GM12878 cells, Rep 2 ",,,
CREB1,AGPS,liver,"CREB1 IP - HepG2 cells, CREB1 IP, CREB1 IP",,,
JUND,AGPS,uterus,JUND IP - HeLa cells,,,
USF1,AGPS,lung,"USF1 IP - A549 cells, Rep 2, USF1 IP - A549 cells, Rep 1, USF1 IP | DEX - A549 cells",,,
ZNF143,AGPS,colon,ZNF143 IP ,,,
EGR1,AGPS,colon,EGR1 IP - HCT116 cells,,,
RUNX1,AGPS,hspcs,RUNX1,,,
DEX,AGPS,mammarygland,"DEX | FOXA1 ChIP-Seq - Rep 1, DEX | FOXA1 ChIP-Seq - Rep 2, DEX | FOXA1 ChIP-Seq - Rep 1, DEX | FOXA1 ChIP-Seq - Rep 1, DEX | FOXA1 ChIP-Seq - Rep 2, DEX | FOXA1 ChIP-Seq - Rep 2",,,
YY1,AGPS,liver,YY1 IP - HepG2 cells,,,
GATA3,AGPS,mammarygland,"GATA3 IP - MCF7 cells, GATA3 IP - T47D cells",,,
TP53,AGPS,mammarygland,TP53 IP,,,
FOS,AGPS,mammarygland,"FOS IP | 4HT - MCF10A cells, 4 h, FOS IP | 4HT - MCF10A cells, 36 h, FOS IP - MCF10A cells, FOS IP | 4HT - MCF10A cells, 12 h",,,
4HT,AGPS,mammarygland,"FOS IP | 4HT - MCF10A cells, 4 h, E2F4 IP | 4HT - MCF10 cells, FOS IP | 4HT - MCF10A cells, 36 h, FOS IP | 4HT - MCF10A cells, 12 h",,,
IRF1,AGPS,pancreas,IRF1 IP,,,
SRF,AGPS,colon,SRF IP - HCT116 cells,,,
USF1,AGPS,cns,USF1 IP - SK-N-SH cells,,,
MYC,AGPS,leukocytes,"MYC IP - NB4 cells, MYC IP | IFNA1 - K562 cells, 30 min, MYC IP - K562 cells, Rep 1, MYC IP | IFNG - K562 cells, 6 h, MYC IP | IFNA1 - K562 cells, 6 h, MYC IP | IFNG - K562 cells, 30 min, MYC IP - K562 cells, Rep 2",,,
MYC,AGPS,stemcells,MYC IP - Rep 2 ,,,
MAX,AGPS,uterus,"MAX IP - HeLa cells, Rep 2, MAX IP - ECC1 cells, MAX IP - HeLa cells, Rep 1",,,
CTCF,AGPS,stemcells,CTCF IP - H1 cells,,,
YY1,AGPS,cns,"YY1 IP | ATRA - SK-N-SH cells, YY1 IP - SK-N-SH cells",,,
ATRA,AGPS,cns,YY1 IP | ATRA - SK-N-SH cells,,,
FOXA1,AGPS,prostate,"PIAS1 + R1881 | FOXA1 ChIP-Seq - Rep 2, CON KD + R1881 | FOXA1 ChIP-Seq, DHT | FOXA1 ChIP-Seq, FOXA1 KD | FOXA1 ChIP-Seq, PIAS1 + R1881 | FOXA1 ChIP-Seq - Rep 1, FOXA1 ChIP-Seq, FOXA1 ChIP-Seq, DHT | FOXA1 ChIP-Seq - C4- Rep 2B, POU2F1 KD + DHT | FOXA1 ChIP-Seq, EtOH | FOXA1 ChIP-Seq - Rep 2, AR C562S OE + FOXA1 OE | FOXA1 ChIP-Seq, CON KD  | FOXA1 ChIP-Seq, DHT | FOXA1 ChIP-Seq, CREB1 siRNA | FOXA1 ChIP-Seq - Rep 2, R1881 | FOXA1 ChIP-Seq - Rep 1, FOXA1 ChIP-Seq, CON KD | FOXA1 ChIP-Seq, FOXA1 siRNA | CREB1 ChIP-Seq - Rep 2, FOXA1 ChIP-Seq - Rep 1, WT AR OE + FOXA1 OE | FOXA1 ChIP-Seq, FOXA1 ChIP-Seq, CON KD + R1881 | FOXA1 ChIP-Seq - Rep 1, FOXA1 ChIP-Seq - Rep 2, CREB1 siRNA | FOXA1 ChIP-Seq - Rep 1, FOXA1 ChIP-Seq - LNCaP, CON KD | FOXA1 ChIP-Seq, DHT | FOXA1 ChIP-Seq, GATA2 KD  | FOXA1 ChIP-Seq, FOXA1 ChIP-Seq, EtOH | FOXA1 ChIP-Seq - , GATA2 KD + R1881 | FOXA1 ChIP-Seq, DHT | FOXA1 ChIP-Seq, FOXA1 ChIP-Seq, FOXA1 ChIP-Seq - Rep 2, R1881 | FOXA1 ChIP-Seq - Rep 2, AR Q640X OE + FOXA1 OE | FOXA1 ChIP-Seq, CON KD | FOXA1 ChIP-Seq, FOXA1 siRNA | CREB1 ChIP-Seq - Rep 1, FOXA1 KD | FOXA1 ChIP-Seq, FOXA1 ChIP-Seq - LNCaP-abl, CON KD + R1881 | FOXA1 ChIP-Seq - Rep 2",,,
R1881,AGPS,prostate,"PIAS1 + R1881 | FOXA1 ChIP-Seq - Rep 2, CON KD + R1881 | FOXA1 ChIP-Seq, PIAS1 + R1881 | FOXA1 ChIP-Seq - Rep 1, R1881 | FOXA1 ChIP-Seq - Rep 1, GABPA IP | R1881, CON KD + R1881 | FOXA1 ChIP-Seq - Rep 1, GATA2 KD + R1881 | FOXA1 ChIP-Seq, R1881 | FOXA1 ChIP-Seq - Rep 2, CON KD + R1881 | FOXA1 ChIP-Seq - Rep 2",,,
PIAS1,AGPS,prostate,"PIAS1 + R1881 | FOXA1 ChIP-Seq - Rep 2, PIAS1 + R1881 | FOXA1 ChIP-Seq - Rep 1",,,
FOSL2,AGPS,lung,FOSL2 IP - A549 cells,,,
REST,AGPS,leukocytes,"REST IP - K562 cells, REST IP - HL60 cells, REST IP - GM12878 cells, Rep 1",,,
CEBPB,AGPS,lung,"CEBPB IP - A549 cells, CEBPB ChIP-Seq - A549, CEBPB ChIP-Seq - IMR90",,,
RBPJ,AGPS,leukocytes,"RBPJ IP | COMPE - wash, RBPJ IP | COMPE",,,
COMPE,AGPS,leukocytes,"RBPJ IP | COMPE - wash, RBPJ IP | COMPE",,,
TEAD4,AGPS,lung,TEAD4 IP - A549 cells,,,
JUND,AGPS,stemcells,"JUND IP - H1 cells, JUND IP - H1 cells",,,
CREB1,AGPS,prostate,"CREB1 ChIP-Seq - LNCaP, CREB1 ChIP-Seq - LNCaP-abl, CREB1 ChIP-Seq - Rep 2, CREB1 siRNA | FOXA1 ChIP-Seq - Rep 2, FOXA1 siRNA | CREB1 ChIP-Seq - Rep 2, CREB1 siRNA | FOXA1 ChIP-Seq - Rep 1, CREB1 ChIP-Seq - Rep 1, FOXA1 siRNA | CREB1 ChIP-Seq - Rep 1",,,
E2F3,AGPS,colon,E2F3 IP ,,,
FOSL1,AGPS,colon,FOSL1 IP - HCT116 cells,,,
OTX2,AGPS,stemcells,OTX2 IP - Rep 10 ,,,
DHT,AGPS,prostate,"DHT | FOXA1 ChIP-Seq, DHT | FOXA1 ChIP-Seq - C4- Rep 2B, POU2F1 KD + DHT | FOXA1 ChIP-Seq, DHT | FOXA1 ChIP-Seq, DHT | ERG ChIP-Seq - 18 h, DHT | FOXA1 ChIP-Seq, DHT | FOXA1 ChIP-Seq",,,
FOSL2,AGPS,liver,FOSL2 IP - HepG2 cells,,,
CEBPB,AGPS,stemcells,"CEBPB IP, CEBPB IP, CEBPB IP, CEBPB IP, CEBPB IP, CEBPB IP, CEBPB IP - H1 cells, CEBPB IP",,,
SMAD4,AGPS,embryonictissue,SMAD4 IP - endoderm,,,
TEAD1,AGPS,cns,"TEAD1 IP - Rep 1, TEAD1 IP - Rep 2",,,
IFNA1,AGPS,leukocytes,"MYC IP | IFNA1 - K562 cells, 30 min, IRF1 IP | IFNA1-13 - K562 cells, 6 h, MYC IP | IFNA1 - K562 cells, 6 h",,,
JUND,AGPS,lung,JUND IP - A549 cells,,,
GABPA,AGPS,leukocytes,"GABPA IP - K562 cells, GABPA IP - Jurkat, Rep 1, GABPA IP - Jurkat, Rep 2, GABPA IP - GM12878 cells",,,
MAX,AGPS,colon,MAX IP - HCT116 cells,,,
FOXA1,AGPS,liver,"FOXA1 IP - HepG2 cells, Rep 1, FOXA1 IP - HepG2 cells, Rep 2",,,
MAX,AGPS,leukocytes,"MAX IP - K562 cells, MAX IP - K562 cells, Rep 1, MAX IP - NB4 cells, MAX IP - K562 cells, Rep 2, MAX IP - GM12878 cells",,,
KLF11,AGPS,adiposetissue,"KLF11 ChIP-Seq, Rep 2, KLF11 ChIP-Seq, Rep 1",,,
FOXM1,AGPS,leukocytes,FOXM1 IP - GM12878 cells,,,
E2F6,AGPS,stemcells,E2F6 IP - H1 cells,,,
JUN,AGPS,vasculature,"JUN IP - HUVEC cells, JUN IP",,,
GABPA,AGPS,stemcells,GABPA IP - H1 cells,,,
FOXA2,AGPS,liver,FOXA2 IP - HepG2 cells,"19822575,",,
HES6,AGPS,prostate,"HES6 OE | E2F1 ChIP-Seq - Rep 3, HES6 OE | E2F1 ChIP-Seq - Rep 1, HES6 OE + BICALU | E2F1 ChIP-Seq - Rep 1, HES6 OE + BICALU | E2F1 ChIP-Seq - Rep 3, BICALU + HES6OE | E2F1 ChIP-Seq - Rep 4",,,
BHLHE40,AGPS,liver,"BHLHE40 IP - SK-N-SH cells, BHLHE40 IP - HepG2 cells",,,
FOXA1,AGPS,lung,"FOXA1 IP - A549 cells, FOXA1 IP | DEX - A549 cells",,,
USF2,AGPS,leukocytes,USF2 IP - GM12878 cells,,,
MYC,AGPS,mammarygland,"DHT | MYC ChIP-Seq, MYC IP - MCF-10A cells, MYC IP",,,
DHT,AGPS,mammarygland,"DHT | MYC ChIP-Seq, DHT | FOXA1 ChIP-Seq, DHT | TCF7L2 ChIP-Seq",,,
TCF12,AGPS,cns,TCF12 IP - SK-N-SH cells,,,
TCF12,AGPS,uterus,TCF12 IP - ECC1 cells,,,
FOXA1,AGPS,pancreas,"FOXA1 IP | KLF5 KO, FOXA1 IP, FOXA1 IP",,,
KLF5,AGPS,pancreas,FOXA1 IP | KLF5 KO,,,
E2F1,AGPS,uterus,"E2F1 IP - HeLa cells, Rep 1, E2F1 IP - HeLa cells, Rep 2",,,
HEY1,AGPS,leukocytes,HEY1 IP - K562 cells,,,
JUND,AGPS,liver,"JUND IP - HepG2 cells, JUND IP - HepG2 cells",,,
JUND,AGPS,colon,JUND IP - HCT116 cells,,,
TCF3,AGPS,leukocytes,TCF3 IP - GM12878 cells,,,
ELF1,AGPS,lung,ELF1 IP - A549 cells,,,
TBP,AGPS,stemcells,TBP IP - H1 cells,,,
JUN,AGPS,mammarygland,"JUN IP - Rep 2, JUN IP | CPDA, JUN IP - Rep 1",,,
CTCF,AGPS,lung,"CTCF IP - SAEC cells, Rep 1 , CTCF IP - SAEC cells, Rep 2 ",,,
JUN,AGPS,colon,JUN IP ,,,
USF2,AGPS,uterus,USF2 IP - HeLa cells,,,
SP1,AGPS,leukocytes,SP1 IP - GM12878 cells,,,
USF1,AGPS,uterus,USF1 IP - ECC1 cells,,,
JUND,AGPS,vasculature,JUND IP,,,
E2F6,AGPS,uterus,E2F6 IP - HeLa cells,,,
GTF2B,AGPS,uterus,"GTF2B IP | RO306, GTF2B IP - DTT, Rep 1, GTF2B IP - Rep 2, GTF2B IP - Rep 3",,,
RO306,AGPS,uterus,GTF2B IP | RO306,,,
CEBPB,AGPS,bone,"CEBPB IP, CEBPB IP",,,
CEBPB,AGPS,uterus,"CEBPB IP - ECC1 cells, CEBPB ChIP-Seq - HeLaS3",,,
CPDA,AGPS,mammarygland,JUN IP | CPDA,,,
STAT2,AGPS,colon,STAT2 IP ,,,
CTCF,AGPS,skin,"CTCF IP - GM12878 cells, Rep 2 , CTCF IP - AG04449 cells, Rep 1 ",,,
USF1,AGPS,colon,USF1 IP - HCT116 cells,,,
MXI1,AGPS,liver,MXI1 IP - HepG2 cells,,,
ATF2,AGPS,colon,ATF2 IP ,,,
CREB1,AGPS,stemcells,CREB1 IP - H1 cells,,,
BHLHE40,AGPS,leukocytes,"BHLHE40 IP - K562 cells, BHLHE40 IP - GM12878 cells",,,
E2F6,AGPS,leukocytes,"E2F6 IP - K562 cells, E2F6 IP - K562 cells",,,
ETS1,AGPS,leukocytes,"ETS1 IP, ETS1 IP - K562 cells, ETS1 IP - GM12878 cells",,,
RELA,AGPS,leukocytes,"RELA IP | BAY082  - IVD Th1 cells, PIA, RELA IP | TNF - GM12892 cells, RELA IP | TNF - GM12891 cells",,,
BAY082,AGPS,leukocytes,"RELA IP | BAY082  - IVD Th1 cells, PIA",,,
PAX5,AGPS,leukocytes,"PAX5 IP - GM12878 cells, Rep 2, PAX5 IP - GM12878 cells, Rep 1, PAX5 IP - GM12891 cells, PAX5 IP - GM12892 cells",,,
TAL1,AGPS,colon,TAL1 IP ,,,
CEBPB,AGPS,colon,"CEBPB IP, CEBPB IP - HCT116 cells, CEBPB IP | 125DVD3",,,
EGR1,AGPS,leukocytes,EGR1 IP - K562 cells,,,
POU2F1,AGPS,prostate,POU2F1 KD + DHT | FOXA1 ChIP-Seq,,,
GATA2,AGPS,cns,GATA2 ChIP-Seq SH-SY5Y,,,
TP53,AGPS,lung,"TP53 IP - propapoptic, Rep 1",,,
MXI1,AGPS,uterus,MXI1 IP - HeLa cells,,,
MAFK,AGPS,leukocytes,"MAFK IP - K562 cells, MAFK IP - GM12878 cells",,,
TEAD4,AGPS,mammarygland,TEAD4 IP - Rep 1,,,
E2F6,AGPS,lung,E2F6 IP - A549 cells,,,
REST,AGPS,cns,"REST IP - SK cells, REST IP - PFSK1 cells, Rep 2, REST IP - U87 cells, REST IP - PFSK-N-SH cells1 cells, Rep 1, REST IP - SK-N-SH cells",,,
ELF1,AGPS,leukocytes,"ELF1 IP - SK-N-SH cells, ELF1 IP - SK-N-SH cells",,,
UBTF,AGPS,leukocytes,UBTF IP - K562 cells,,,
MAX,AGPS,cns,MAX IP - SK-N-SH cells,,,
NFYB,AGPS,leukocytes,"NFYB IP - K562 cells, NFYB IP - GM12878 cells",,,
TBP,AGPS,leukocytes,"TBP IP - K562 cells, TBP IP - GM12878 cells",,,
SP1,AGPS,liver,SP1 IP - HepG2 cells,,,
AR,AGPS,prostate,"AR C562S OE + FOXA1 OE | FOXA1 ChIP-Seq, WT AR OE + FOXA1 OE | FOXA1 ChIP-Seq, AR Q640X OE + FOXA1 OE | FOXA1 ChIP-Seq",,,
JUN,AGPS,uterus,JUN IP - HeLa cells,,,
E2F4,AGPS,mammarygland,E2F4 IP | 4HT - MCF10 cells,,,
ATF3,AGPS,colon,"ATF3 IP | CAMPTO, ATF3 IP - HCT116 cells, ATF3 IP",,,
MAZ,AGPS,uterus,MAZ IP - HeLa cells,,,
FOXP2,AGPS,cns,FOXP2 IP - PFSK-1 cells,,,
PBX3,AGPS,cns,PBX3 IP - SK-N-SH cells,,,
YY1,AGPS,lung,YY1 IP - A549 cells,,,
MXI1,AGPS,leukocytes,MXI1 IP - GM12878 cells,,,
IFNG,AGPS,leukocytes,"MYC IP | IFNG - K562 cells, 6 h, IRF1 IP | IFNG - K562 cells, 30 min, STAT1 IP - Rep 5, MYC IP | IFNG - K562 cells, 30 min, STAT1 IP - Rep 1, STAT1 IP - Rep 2, STAT1 IP - Rep 4, STAT1 IP - Rep 3, STAT1 IP - Rep 6",,,
CTCF,AGPS,colon,CTCF IP - HCT116 cells,,,
FOXP1,AGPS,colon,FOXP1 IP ,,,
REST,AGPS,liver,"REST IP - HepG2 cells, Rep 2, REST IP - HepG2 cells, Rep 1",,,
GABPA,AGPS,prostate,"GABPA IP - Rep 1, GABPA IP | R1881",,,
ZEB1,AGPS,liver,ZEB1 IP - HepG2 cells,,,
EBF1,AGPS,leukocytes,EBF1 IP - GM12878 cells,,,
ZNF143,AGPS,leukocytes,"ZNF143 IP - K562, ZNF143 IP - GM12878 cells, ZNF143 IP - HPB-ALL, ZNF143 IP - K562 cells",,,
GATA1,AGPS,hspcs,"GATA1 IP - PBDE cells, Rep 1",,,
FOXA2,AGPS,embryonictissue,FOXA2 IP - Rep 2,,,
TNF,AGPS,leukocytes,"RELA IP | TNF - GM12892 cells, RELA IP | TNF - GM12891 cells",,,
HNF1B,AGPS,pancreas,HNF1B IP,,,
E2F4,AGPS,leukocytes,E2F4 IP - K562 cells,,,
MAX,AGPS,liver,"MAX IP - HepG2 cells, MAX IP - HepG2 cells",,,
FORSK,AGPS,liver,CEBPB IP | FORSK - HepG2 cells,,,
NANOG,AGPS,stemcells,NANOG IP - Rep 5 ,,,
JUN,AGPS,leukocytes,"JUN IP - K562 cells, Rep 1",,,
PBX3,AGPS,lung,PBX3 IP - A549 cells,,,
GABPA,AGPS,liver,GABPA IP - HepG2 cells,,,
RUNX1,AGPS,leukocytes,"SPI1 IP | RUNX1 KD, RUNX1 IP - N terminus 1, RUNX1 IP - N terminus 2, RUNX1 IP",,,
SREBF1,AGPS,liver,SREBF1 IP | INS + 22RHC - HepG2 cells,,,
22RHC; INS,AGPS,liver,SREBF1 IP | INS + 22RHC - HepG2 cells,,,
TCF7L2,AGPS,pancreas,TCF7L2 IP,,,
MYC,AGPS,uterus,MYC IP - HeLa cells,,,
ZEB1,AGPS,leukocytes,ZEB1 IP - GM12878 cells,,,
IRF1,AGPS,leukocytes,"IRF1 IP | IFNA1-13 - K562 cells, 6 h, IRF1 IP | IFNG - K562 cells, 30 min",,,
CTCF,AGPS,cns,CTCF IP - SK-N-SH cells ,,,
GABPA,AGPS,cns,GABPA IP - SK-N-SH cells,,,
TCF7L2,AGPS,uterus,TCF7L2 IP - HeLa cells,,,
MYC,AGPS,liver,MYC IP,,,
SRF,AGPS,leukocytes,"SRF IP - GM12878 cells, Rep 2, SRF IP - K562 cells, SRF IP - SK-N-SH cells",,,
USF1,AGPS,leukocytes,USF1 IP - K562 cells,,,
CTCF,AGPS,pancreas,CTCF IP,,,
STAT3,AGPS,leukocytes,STAT3 IP - SU-DHL-6,,,
KLF5,AGPS,stomach,KLF5 IP - KATOIII,,,
TEAD4,AGPS,liver,TEAD4 IP - HepG2 cells,,,
TCF21,AGPS,vasculature,"TCF21 IP, TCF21 IP",,,
TEAD4,AGPS,colon,TEAD4 IP - HCT116 cells,,,
HOXA6,AGPS,colon,HOXA6 IP ,,,
JUN,AGPS,liver,JUN IP - HepG2 cells,,,
RELA,AGPS,colon,RELA IP ,,,
TCF12,AGPS,stemcells,TCF12 IP - H1 cells,,,
ZNF143,AGPS,stemcells,ZNF143 IP - H1 cells,,,
ZNF76,AGPS,kidney,ZNF76 IP | ZNF76 OE,,,
STAT1,AGPS,leukocytes,"STAT1 IP - Rep 5, STAT1 IP - Rep 1, STAT1 IP - Rep 2, STAT1 IP - Rep 4, STAT1 IP - Rep 3, STAT1 IP - Rep 6",,,
TCF12,AGPS,lung,TCF12 IP - A549 cells,,,
SRF,AGPS,uterus,SRF IP - ECC1 cells,,,
ERG,AGPS,prostate,"ERG ChIP-Seq, DHT | ERG ChIP-Seq - 18 h",,,
HMGN3,AGPS,leukocytes,HMGN3 IP - K562 cells,,,
MAFF,AGPS,leukocytes,MAFF IP - K562 cells,,,
BACH1,AGPS,stemcells,BACH1 IP - H1 cells,,,
CEBPB,AGPS,mammarygland,CEBPB IP - MCF7 cells,,,
SP1,AGPS,lung,SP1 IP - A549 cells,,,
BCL3,AGPS,leukocytes,BCL3 IP - GM12878 cells,,,
REST,AGPS,stemcells,"REST IP - H1 cells, Rep 1",,,
ZNF143,AGPS,uterus,"ZNF143 IP - HeLa, Rep 1, ZNF143 Ip - HeLa, Rep 2, ZNF143 IP - HeLa cells",,,
TCF7L2,AGPS,mammarygland,"DHT | TCF7L2 ChIP-Seq, TCF7L2 ChIP-Seq",,,
NFKB1,AGPS,leukocytes,NFKB1 IP - Rep 2,,,
PBX3,AGPS,leukocytes,PBX3 IP - GM12878 cells,,,
YY1,AGPS,stemcells,"YY1 IP - H1 cells, YY1 IP - NT2 cells",,,
TEAD4,AGPS,stemcells,TEAD4 IP - H1 cells,,,
MYBL2,AGPS,liver,MYBL2 IP - HepG2 cells,,,
MXI1,AGPS,cns,MXI1 IP - SK-N-SH cells ,,,
E2F1,AGPS,mammarygland,E2F1 IP,,,
REST,AGPS,lung,REST IP - A549 cells,,,
BATF,AGPS,leukocytes,BATF IP - GM12878 cells,,,
CREB1,AGPS,leukocytes,"CREB1 IP - GM12878 cells, CREB1 IP - K562 cells",,,
FOXA1,AGPS,stemcells,"FOXA1 IP - Rep 5 , FOXA1 IP - ES D2",,,
FOXH1,AGPS,embryonictissue,FOXH1 IP - endoderm,,,
MAX,AGPS,lung,"MAX IP - A549 cells, MAX IP - A549 cells",,,
GATA4,AGPS,stomach,GATA4 IP - AGS,,,
FLI1,AGPS,hspcs,FLI1 IP,,,
ELF3,AGPS,pancreas,"ELF3 IP, ELF3 IP",,,
CTCF,AGPS,hspcs,"CTCF IP - Erythroid cells, Rep 1",,,
JUND,AGPS,cns,"JUND IP - SK-N-SH cells, JUND IP - SK-N-SH cells ",,,
SNAI2,AGPS,stemcells,SNAI2 IP - Rep 1 ,,,
FOXH1,AGPS,stemcells,FOXH1 ChIP-Seq - Escs,,,
MAX,AGPS,stemcells,"MAX IP - H1 cells, MAX IP - H1 cells",,,
GLI2,AGPS,colon,GLI2 IP ,,,
ZNF143,AGPS,kidney,ZNF143 IP - HEK293-T-rex,,,
ZNF384,AGPS,leukocytes,ZNF384 IP - GM12878 cells,,,
FOXA2,AGPS,lung,FOXA2 IP - A549 cells,,,
FOXA2,AGPS,stemcells,"FOXA2 IP - ES D2, FOXA2 IP - ES D10, FOXA2 IP - ES D7, FOXA2 IP - ES D5",,,
GATA2,AGPS,prostate,"GATA2 KD  | FOXA1 ChIP-Seq, GATA2 KD + R1881 | FOXA1 ChIP-Seq",,,
YY1,AGPS,uterus,YY1 IP - ECC1 cells,,,
CEBPA,AGPS,leukocytes,CEBPA IP,,,
ZBTB7A,AGPS,uterus,ZBTB7A IP - ECC1 cells,,,
REST,AGPS,pancreas,"REST IP - Panc1 cells, Rep 3",,,
MAFK,AGPS,lung,MAFK IP - IMR cells,,,
HIF1A,AGPS,bone,HIF1A IP,,,
TCF12,AGPS,liver,TCF12 IP - HepG2 cells,,,
FOXA1,AGPS,uterus,FOXA1 IP - ECC1 cells,,,
TEAD4,AGPS,uterus,TEAD4 IP - ECC1 cells,,,
GATA2,AGPS,hspcs,GATA2 IP,,,
POU2F2,AGPS,leukocytes,POU2F2 IP - GM12878 cells,,,
ATF3,AGPS,liver,ATF3 IP - HepG2 cells,,,
RUNX1T1,AGPS,leukocytes,RUNX1T1 IP,,,
TBP,AGPS,liver,TBP IP - HepG2 cells,,,
TCF12,AGPS,leukocytes,TCF12 IP - GM12878 cells,,,
HOXA4,AGPS,colon,HOXA4 IP ,,,
125DVD3,AGPS,colon,CEBPB IP | 125DVD3,,,
YY1,AGPS,colon,YY1 IP - HCT116 cells,,,
IRF1,AGPS,colon,IRF1 IP ,,,
ATF1,AGPS,leukocytes,ATF1 IP - K562 cells,,,
ELF1,AGPS,liver,ELF1 IP - HepG2 cells,,,
FOS,AGPS,vasculature,FOS IP - HUVEC cells,,,
FOSL2,AGPS,cns,FOSL2 IP - SK-N-SH cells,,,
GABPA,AGPS,lung,GABPA IP - A549 cells,,,
MXI1,AGPS,lung,MXI1 IP - IMR cells,,,
17BE2; TNF,AGPS,mammarygland,17BE2 + TNF | FOXA1 ChIP-Seq - Rep 2,,,
ZBTB7A,AGPS,leukocytes,ZBTB7A IP - SK-N-SH cells,,,
SATB1,AGPS,liver,SATB1 IP,,,
USF1,AGPS,liver,USF1 IP - HepG2 cells,,,
MAX,AGPS,vasculature,MAX IP - HUVEC cells,,,
ZNF263,AGPS,kidney,ZNF263 IP - HEK293 cells,,,
FOSL2,AGPS,mammarygland,FOSL2 IP - MCF7 cells,,,
ATF3,AGPS,leukocytes,ATF3 IP - K562 cells,,,
ELF1,AGPS,colon,ELF1 IP - HCT116 cells,,,
MYC,AGPS,lung,MYC IP - A549 cells,,,
TEAD4,AGPS,leukocytes,TEAD4 IP - K562 cells,,,
USF1,AGPS,stemcells,USF1 IP - H1 cells,,,
ATF2,AGPS,leukocytes,ATF2 IP - GM12878 cells,,,
THAP1,AGPS,leukocytes,THAP1 IP - K562 cells,,,
EGR1,AGPS,uterus,EGR1 IP - ECC1 cells,,,
MEF2C,AGPS,leukocytes,MEF2C IP - GM12878 cells,,,
ZNF263,AGPS,leukocytes,ZNF263 IP - K562 cells,,,
MAFF,AGPS,liver,MAFF IP - HepG2 cells,,,
CTCF,AGPS,liver,"CTCF IP - HepG2 cells, Rep 1 ",,,
TEAD4,AGPS,cns,TEAD4 IP - SK-N-SH cells,,,
MAZ,AGPS,liver,MAZ IP - HepG2 cells,,,
HEY1,AGPS,liver,HEY1 IP - HepG2 cells,,,
FOXM1,AGPS,mammarygland,FOXM1 IP | THSP - DS006,,,
RELA,DGAT1,colon,RELA IP ,,,
ATF3,DGAT1,colon,"ATF3 IP - HCT116 cells, ATF3 IP | CAMPTO",,,
JUN,DGAT1,leukocytes,"JUN IP - K562 cells, Rep 2, JUN IP | IFNA1-13 - 30 min ",,,
CTCF,DGAT1,lung,"CTCF IP - SAEC cells, Rep 1 , CTCF IP | DEX - A549 cells , CTCF IP - NHLF cells , CTCF IP - A549 cells, Rep 1 , CTCF IP - AG04450 cells, Rep 2 , CTCF IP - HPF cells, Rep 2 , CTCF IP - AG04450 cells, Rep 1 , CTCF IP - NHLF cells , CTCF IP | DEX - A549 cells, CTCF IP - SAEC cells, Rep 2 , CTCF IP - A549 cells , CTCF IP - WI-38 cells, Rep 1 , CTCF IP - HPF cells, Rep 1 , CTCF IP - IMR cells, CTCF ChIP-Seq - A549, CTCF IP - A549 cells, Rep 2 , CTCF IP - A549 cells",,,
CTCF,DGAT1,leukocytes,"CTCF IP - GM11994 cells, Rep 1, CTCF IP - K562 cells, Rep 11 , CTCF IP - GM2255 cells, Rep 2 , CTCF IP - GM11992 cells, Rep 1, CTCF IP - F36P cells, Rep 9 , CTCF IP - F36P cells, Rep 6 , CTCF IP - GM12865 cells, Rep 2 , CTCF IP - GM12154 cells, Rep 1, CTCF IP - GM12872 cells, CTCF IP - K562 cells, Rep 1 , CTCF IP - KU812 cells, Rep 17 , CTCF IP - GM12875 cells, Rep 1 , CTCF IP - GM12864 cells, Rep 1 , CTCF IP - GM12873 cells, Rep 3 , CTCF IP - GM18486 cells, Rep 1 , CTCF IP - GM11811 cells, Rep 2, CTCF IP - GM11992 cells, Rep 2, CTCF IP - F36P cells, Rep 11 , CTCF IP - GM12864 cells, Rep 3 , CTCF IP - GM11881 cells, CTCF IP - GM2255 cells, Rep 3 , CTCF IP - GM12874 cells, Rep 2 , CTCF IP - GM12875 cells, Rep 2 , CTCF IP - GM18526 cells, Rep 1 , CTCF IP - K562 cells, Rep 5 , CTCF IP - K562 cells, Rep 9 , CTCF IP - KU812 cells, Rep 1 , CTCF IP - F36P cells, Rep 7 , CTCF IP - GM12873 cells, Rep 1 , CTCF IP - GM12872 cells, Rep 2 , CTCF IP - GM12865 cells, Rep 1 , CTCF IP - GM12814 cells, Rep 1, CTCF IP - GM19193 cells, Rep 2 , CTCF IP - GM11894 cells, Rep 2, CTCF IP - GM12867 cells , CTCF IP - GM19239 cells, Rep 1 , CTCF IP - KU812 cells, Rep 5 , CTCF IP - GM12873 cells, Rep 1 , CTCF IP - GM12864 cells, Rep 2 , CTCF IP - GM12890 cells, Rep 2 , CTCF IP - NB4 cells , CTCF IP - F36P cells, Rep 14 , CTCF ChIP-Seq - GM12878, CTCF IP - GM12878 cells, Rep 2 , CTCF IP -  CD20+ cells , CTCF IP - GM2610 cells, Rep 2 , CTCF IP - F36P cells, Rep 2 , CTCF IP - GM12872 cells, Rep 1 , CTCF IP - GM07037 cells, CTCF IP - K562 cells , CTCF IP - GM2610 cells, Rep 3 , CTCF IP - GM18486 cells, Rep 2 , CTCF IP - MS1 cells, Rep 1 , CTCF IP - GM18951 cells, Rep 1 , CTCF IP - GM12874 cells, Rep 1 , CTCF IP - CD14+ cells , CTCF IP - GM19240 cells, Rep 1 , CTCF IP - F36P cells, Rep 15 , CTCF IP - GM07346 cells, CTCF IP - F36P cells, Rep 10 , CTCF IP - GM19099 cells, Rep 1 , CTCF IP - K562 cells, Rep 2 , CTCF IP - K562 cells, CTCF IP - K562 cells, Rep 13 , CTCF IP - GM11831 cells, CTCF IP - GM12154 cells, Rep 2, CTCF IP - GM12874 cells, CTCF IP - GM06990 cells, Rep 1 , CTCF IP - F36P cells, Rep 5 , CTCF IP - UT-7 cells, Rep 4 , CTCF IP - UT-7 cells, Rep 3 , CTCF IP - MS1 cells, Rep 3 , CTCF IP - GM10847 cells, Rep 3 , CTCF IP - GM2630 cells, Rep 2 , CTCF IP - KU812 cells, Rep 13 , CTCF IP - GM18951 cells, Rep 2 , CTCF IP - GM12891 cells, Rep 1 , CTCF IP - UT-7 cells, Rep 2 , CTCF IP - MS1 cells, Rep 4 , CTCF IP - KU812 cells, Rep 9 , CTCF IP - GM18526 cells, Rep 2 , CTCF IP - GM2588 cells, Rep 2 , CTCF IP - GM18505 cells, Rep 2 , CTCF IP - GM12865 cells, Rep 3 , CTCF IP - GM12869 cells , CTCF IP - F36P cells, Rep 3 , CTCF IP - GM06986 cells, CTCF IP - GM10847 cells, Rep 1 , CTCF IP - F36P cells, Rep 1 , CTCF IP - GM19193 cells, Rep 1 , CTCF IP - GM12866 cells , CTCF IP - K562 cells, Rep 14 , CTCF IP - GM2588 cells, Rep 1 , CTCF IP - GM12892 cells, Rep 2 , CTCF IP - GM12155 cells, Rep 2, CTCF IP - F36P cells, Rep 17 , CTCF IP - K562 cells, Rep 16 , CTCF IP - GM12878 cells , CTCF IP - GM12890 cells, Rep 1 , CTCF IP - GM18486 cells, Rep 3 , CTCF IP - GM12868 cells , CTCF IP - GM12878 cells, Rep 1 , CTCF IP - GM12870 cells , CTCF IP - GM12005 cells, Rep 2, CTCF IP - K562 cells, Rep 15 , CTCF IP - GM12872 cells, Rep 3 , CTCF IP - GM12828 cells, CTCF IP - K562 cells, CTCF IP - HL , CTCF IP - GM11811 cells, Rep 1, CTCF IP - F36P cells, Rep 19 , CTCF IP - GM2255 cells, Rep 1 , CTCF IP - GM10847 cells, Rep 2 , CTCF IP - GM19240 cells, Rep 2 , CTCF IP - HeLa cells, Rep 2 , CTCF IP - GM12006 cells, Rep 2, CTCF IP - GM19238 cells, Rep 2 , CTCF IP - GM19238 cells, Rep 1 , CTCF IP - GM12234 cells, CTCF IP - GM12878 cells, Rep 1 , CTCF IP - F36P cells, Rep 13 , CTCF IP - GM12878 cells, Rep 2 , CTCF IP - GM2610 cells, Rep 1 , CTCF IP - K562 cells, Rep 12 , CTCF IP - GM12892 cells, Rep 1 , CTCF IP - GM12749 cells, Rep 1, CTCF IP - GM2588 cells, Rep 3 , CTCF IP -  DND , CTCF IP - GM12890 cells, Rep 3 , CTCF IP - GM2630 cells, Rep 3 , CTCF IP - K562 cells, Rep 6 , CTCF IP - K562 cells, CTCF IP - GM12891 cells, Rep 2 , CTCF IP - K562 cells, Rep 7 , CTCF IP - UT-7 cells, Rep 5 , CTCF IP - GM2630 cells, Rep 1 , CTCF IP - MS1 cells, Rep 2 , CTCF IP - GM19099 cells, Rep 2 , CTCF IP - KU812 cells, Rep 11 , CTCF IP - UT-7 cells, Rep 6 , CTCF IP - GM06990 cells, Rep 2 , CTCF IP - GM11994 cells, Rep 2, CTCF IP - GM12871 cells , CTCF IP - GM18505 cells, Rep 1 , CTCF IP, CTCF IP - K562 cells, Rep 3 , CTCF IP - GM19239 cells, Rep 2 ",,,
CTCF,DGAT1,hspcs,"CTCF IP - Erythroid cells, Rep 1, CTCF IP - HSPCs, Rep 1, CTCF IP - HEL 92.1.7 cells, Rep 14 , CTCF IP - Erythroid cells, Rep 2, CTCF IP - HEL 92.1.7 cells, Rep 7 , CTCF IP - HEL 92.1.7 cells, Rep 5 , CTCF IP - HEL 92.1.7 cells, Rep 13 , CTCF IP - HEL 92.1.7 cells, Rep 10 , CTCF IP - HEL 92.1.7 cells, Rep 8 , CTCF IP - HEL 92.1.7 cells, Rep 1 , CTCF IP - HEL 92.1.7 cells, Rep 2 , CTCF IP - HSPCs, Rep 2, CTCF IP - HEL 92.1.7 cells, Rep 11 ",,,
STAT3,DGAT1,leukocytes,"STAT3 IP - U-2932, STAT3 IP - OCI-LY19, STAT3 IP - SU-DHL-4, STAT3 IP - SU-DHL-6, STAT3 IP - OCI-LY7, STAT3 IP - OCI-LY10, STAT3 IP - SU-DHL-2",,,
FOXA1,DGAT1,mammarygland,"FOXA1 ChIP-Seq - Rep 1, DEX | FOXA1 ChIP-Seq - Rep 1, 17BE2 | FOXA1 ChIP-Seq - Rep 2, 17BE2 | FOXA1 ChIP-Seq - Rep 1, DEX | FOXA1 ChIP-Seq - Rep 2, FOXA1 ChIP-Seq - Rep 2, FOXA1 IP - T47D cells, FOXA1 ChIP-Seq - Rep 1, 17BE2 | FOXA1 ChIP-Seq - Rep 1, DEX | FOXA1 ChIP-Seq - Rep 2, 17BE2 | FOXA1 ChIP-Seq, FOXA1 ChIP-Seq - Rep 1, 17BE2 | FOXA1 ChIP-Seq - Rep 1, DEX | FOXA1 ChIP-Seq - Rep 1, TNF | FOXA1 ChIP-Seq - Rep 1, DEX | FOXA1 ChIP-Seq - Rep 1, FOXA1 ChIP-Seq - Rep 2, 17BE2 | FOXA1 ChIP-Seq - Rep 2, 17BE2 | FOXA1 ChIP-Seq - Rep 1, DHT | FOXA1 ChIP-Seq, FOXA1 ChIP-Seq - Rep 2, 17BE2 | FOXA1 ChIP-Seq - Rep 2, TNF | FOXA1 ChIP-Seq - Rep 2, DEX | FOXA1 ChIP-Seq - Rep 2, 17BE2 | FOXA1 ChIP-Seq - Rep 2",,,
REST,DGAT1,leukocytes,"REST IP - GM12878 cells, Rep 14 , REST IP - GM12878 cells, Rep 26 , REST IP - Jurkat cells, Rep 8 , REST IP - Jurkat cells, Rep 3 , REST IP - GM12878 cells, Rep 9 , REST IP - Jurkat cells, Rep 1 , REST IP - Jurkat cells, Rep 12 , REST IP - GM12878 cells, Rep 13 , REST IP - GM12878 cells, Rep 17 , REST IP - GM12878 cells, Rep 1, REST IP - Jurkat cells, Rep 14 , REST IP - GM12878 cells, Rep 15 , REST IP - Jurkat cells, Rep 9 , REST IP - GM12878 cells, Rep 8 , REST IP - GM12878 cells, Rep 1 , REST IP - Jurkat cells, Rep 5 , REST IP - GM12878 cells, Rep 22 , REST IP - K562 cells , REST IP - GM12878 cells, Rep 6 , REST IP - GM12878 cells, Rep 3 , REST IP - GM12878 cells, Rep 11 , REST IP - GM12878 cells, Rep 10 , REST IP - GM12878 cells, Rep 4 , REST IP - Jurkat cells, Rep 2 , REST IP -  K562 cells, REST IP - Jurkat cells, Rep 4 , REST IP - K562 cells, REST IP - Jurkat cells, Rep 13 , REST IP - GM12878 cells, Rep 12 , REST IP - HL60 cells, REST IP - GM12878 cells, Rep 27 , REST IP - GM12878 cells, Rep 21 , REST IP - Jurkat cells, Rep 10 , REST IP - GM12878 cells, Rep 5 , REST IP - GM12878 cells, Rep 19 , REST IP - Jurkat cells, Rep 7 , REST IP - Jurkat cells, Rep 11 , REST IP - GM12878 cells, Rep 28 , REST IP - GM12878 cells, Rep 25 , REST IP - GM12878 cells, Rep 20 , REST IP - GM12878 cells, Rep 24 , REST IP - GM12878 cells, Rep 2 , REST IP - Jurkat cells, Rep 15 , REST IP - GM12878 cells, Rep 7 , REST IP - GM12878 cells, Rep 2, REST IP - Jurkat cells, Rep 6 , REST IP - GM12878 cells, Rep 17 , REST IP - GM12878 cells, Rep 18 , REST IP - GM12878 cells, Rep 16 , REST IP - GM12878 cells, Rep 23 ",,,
CREB1,DGAT1,stemcells,CREB1 IP - H1 cells,,,
DEX,DGAT1,mammarygland,"DEX | FOXA1 ChIP-Seq - Rep 1, DEX | FOXA1 ChIP-Seq - Rep 2, DEX | FOXA1 ChIP-Seq - Rep 2, DEX | FOXA1 ChIP-Seq - Rep 1, DEX | FOXA1 ChIP-Seq - Rep 1, DEX | FOXA1 ChIP-Seq - Rep 2",,,
GABPA,DGAT1,liver,"GABPA IP - MCF7 cells, GABPA IP, GABPA IP - HepG2 cells, GABPA IP",,,
ETS1,DGAT1,leukocytes,"ETS1 IP - K562 cells, ETS1 IP - GM12878 cells, ETS1 IP","20019798,",,
GATA1,DGAT1,hspcs,"GATA1 IP - Rep 1, GATA1 IP - PBDE cells, Rep 1",,,
GATA4,DGAT1,stomach,GATA4 IP - AGS,,,
RELA,DGAT1,adiposetissue,"RELA IP, RELA IP, RELA IP",,,
CTCF,DGAT1,heart,"CTCF IP - myocytes cells, Rep 2 , CTCF IP - HCF cells , CTCF IP - myocytes cells, Rep 1 ",,,
MAZ,DGAT1,lung,MAZ IP - IMR cells,,,
STAT1,DGAT1,leukocytes,"STAT1 IP - Rep 5, STAT1 IP - Rep 2, STAT1 IP - Rep 3, STAT1 IP - Rep 1, STAT1 IP - Rep 4, STAT1 IP - Rep 6",,,
IFNG,DGAT1,leukocytes,"STAT1 IP - Rep 5, STAT1 IP - Rep 2, STAT1 IP - Rep 3, IRF1 IP | IFNG - K562 cells, 6 h, STAT1 IP - Rep 1, MYC IP | IFNG - K562 cells, 30 min, MYC IP | IFNG - K562 cells, 6 h, STAT1 IP - Rep 4, STAT1 IP - Rep 6, IRF1 IP | IFNG - K562 cells, 30 min",,,
FOXA1,DGAT1,prostate,"CON KD + R1881 | FOXA1 ChIP-Seq, FOXA1 ChIP-Seq, EtOH | FOXA1 ChIP-Seq - Rep 2, CON KD  | FOXA1 ChIP-Seq, FOXA1 siRNA | CREB1 ChIP-Seq - Rep 2, CON KD | FOXA1 ChIP-Seq, FOXA1 ChIP-Seq - Rep 2, CREB1 siRNA | FOXA1 ChIP-Seq - Rep 1, CON KD | FOXA1 ChIP-Seq, DHT | FOXA1 ChIP-Seq, PIAS1 + R1881 | FOXA1 ChIP-Seq - Rep 2, FOXA1 siRNA | CREB1 ChIP-Seq - Rep 1, PIAS1 + R1881 | FOXA1 ChIP-Seq - Rep 1, R1881 | FOXA1 ChIP-Seq - Rep 1, CREB1 siRNA | FOXA1 ChIP-Seq - Rep 2, FOXA1 ChIP-Seq, CON KD | FOXA1 ChIP-Seq, CON KD + R1881 | FOXA1 ChIP-Seq - Rep 1, FOXA1 KD | GATA2 ChIP-Seq, FOXA1 ChIP-Seq - Rep 1, GATA2 KD  | FOXA1 ChIP-Seq, EtOH | FOXA1 ChIP-Seq - , GATA2 KD + R1881 | FOXA1 ChIP-Seq, R1881 | FOXA1 ChIP-Seq - Rep 2, CON KD + R1881 | FOXA1 ChIP-Seq - Rep 2, FOXA1 ChIP-Seq - LNCaP-abl",,,
R1881,DGAT1,prostate,"CON KD + R1881 | FOXA1 ChIP-Seq, CON KD + R1881 | GATA2 ChIP-Seq, PIAS1 + R1881 | FOXA1 ChIP-Seq - Rep 2, PIAS1 + R1881 | FOXA1 ChIP-Seq - Rep 1, R1881 | FOXA1 ChIP-Seq - Rep 1, CON KD + R1881 | FOXA1 ChIP-Seq - Rep 1, GATA2 KD + R1881 | FOXA1 ChIP-Seq, GABPA IP | R1881, R1881 | FOXA1 ChIP-Seq - Rep 2, CON KD + R1881 | FOXA1 ChIP-Seq - Rep 2",,,
GLI2,DGAT1,colon,GLI2 IP ,,,
TCF12,DGAT1,leukocytes,TCF12 IP - GM12878 cells,,,
MYC,DGAT1,leukocytes,"MYC IP | IFNA1 - K562 cells, 6 h, MYC IP - K562 cells, Rep 1, MYC IP - NB4 cells, MYC IP | IFNG - K562 cells, 30 min, MYC IP | IFNG - K562 cells, 6 h, MYC IP - K562 cells, Rep 2, MYC IP | IFNA1 - K562 cells, 30 min",,,
IFNA1,DGAT1,leukocytes,"MYC IP | IFNA1 - K562 cells, 6 h, JUN IP | IFNA1-13 - 30 min , IRF1 IP | IFNA1-13 - K562 cells, 6 h, MYC IP | IFNA1 - K562 cells, 30 min",,,
E2F6,DGAT1,stemcells,E2F6 IP - H1 cells,,,
CTCF,DGAT1,mammarygland,"CTCF IP - HMEC cells, Rep 1 , CTCF IP - T47D cells, CTCF IP - HMEC cells , CTCF IP - HMF cells, Rep 2 , CTCF IP - HMEC cells, Rep 2 , CTCF IP - MCF7 cells, CTCF IP - MCF-7 cells Rep 2 , CTCF IP - MCF-7 cells, Rep 1 ",,,
KLF11,DGAT1,adiposetissue,"KLF11 ChIP-Seq, Rep 1, KLF11 ChIP-Seq, Rep 2, ROSI (BrAT) | KLF11 ChIP-Seq, Rep 1, ROSI (BrAT) | KLF11 ChIP-Seq, Rep 2",,,
ZBTB7A,DGAT1,liver,ZBTB7A IP - HepG2 cells,,,
MAZ,DGAT1,leukocytes,"MAZ IP - K562 cells, MAZ IP - GM12878 cells",,,
CTCF,DGAT1,skin,"CTCF IP - AG10803 cells, Rep 1 , CTCF IP - NHEK cells, Rep 2 , CTCF IP - BJ cells, Rep 1 , CTCF IP - NHEK cells , CTCF IP - AG04449 cells, Rep 2 , CTCF IP - NHDF cells, Rep 2 , CTCF IP - GM12878 cells, Rep 2 , CTCF IP - AG09309 cells, Rep 1 , CTCF IP - NHDF cells, Rep 1 , CTCF IP - HFFC cells, Rep 2 , CTCF IP - HFFC cells, Rep 3 , CTCF IP - AG10803 cells, Rep 2 , CTCF IP - AG09309 cells, Rep 2 , CTCF IP - HFFC cells, Rep 1 , CTCF IP - NHDF cells , CTCF IP - AG04449 cells, Rep 1 , CTCF IP - BJ cells, Rep 2 ",,,
NFKB2,DGAT1,leukocytes,"NFKB2 IP - Rep 1, NFKB2 IP - Rep 2",,,
DEX,DGAT1,lung,"CTCF IP | DEX - A549 cells , CREB1 IP | DEX - A549 cells, CTCF IP | DEX - A549 cells, FOXA1 IP | DEX - A549 cells, USF1 IP | DEX - A549 cells",,,
17BE2,DGAT1,mammarygland,"17BE2 | FOXA1 ChIP-Seq - Rep 2, 17BE2 | FOXA1 ChIP-Seq - Rep 1, 17BE2 | FOXA1 ChIP-Seq - Rep 1, 17BE2 | RELA ChIP-Seq - Rep 2, 17BE2 | FOXA1 ChIP-Seq, 17BE2 | FOXA1 ChIP-Seq - Rep 1, 17BE2 | FOXA1 ChIP-Seq - Rep 2, 17BE2 | FOXA1 ChIP-Seq - Rep 1, 17BE2 | FOXA1 ChIP-Seq - Rep 2, 17BE2 | FOXA1 ChIP-Seq - Rep 2",,,
MAX,DGAT1,leukocytes,"MAX IP - K562 cells, Rep 2, MAX IP - GM12878 cells, MAX IP - K562 cells, MAX IP - NB4 cells",,,
ELF1,DGAT1,liver,ELF1 IP - HepG2 cells,,,
USF1,DGAT1,cns,"USF1 IP | ATRA - SK-N-SH cells, USF1 IP - SK-N-SH cells",,,
ATRA,DGAT1,cns,"USF1 IP | ATRA - SK-N-SH cells, YY1 IP | ATRA - SK-N-SH cells",,,
TEAD4,DGAT1,uterus,TEAD4 IP - ECC1 cells,,,
MAX,DGAT1,lung,"MAX IP - A549 cells, MAX IP - A549 cells",,,
FOXA2,DGAT1,liver,FOXA2 IP - HepG2 cells,,,
CTCF,DGAT1,stemcells,"CTCF IP - Rep 4 , CTCF IP - Rep 1 , CTCF IP - Rep 5 , CTCF IP - Rep 2 , CTCF IP - H1 cells, CTCF IP - Rep 3 , CTCF IP - H1 cells , CTCF IP - Rep 6 ",,,
YY1,DGAT1,cns,"YY1 IP | ATRA - SK-N-SH cells, YY1 IP - SK-N-SH cells",,,
SIX5,DGAT1,leukocytes,"SIX5 IP - K562 cells, Rep 2, SIX5 IP - K562 cells, Rep 1, SIX5 IP - GM12878 cells",,,
CEBPB,DGAT1,stemcells,"CEBPB IP, CEBPB IP, CEBPB IP - H1 cells, CEBPB IP, CEBPB IP",,,
USF1,DGAT1,stemcells,USF1 IP - H1 cells,,,
CTCF,DGAT1,megakaryocytelineage,"CTCF IP - MEG-01 cells, Rep 8 , CTCF IP - MEG-01 cells, Rep 6 , CTCF IP - MEG-01 cells, Rep 4 , CTCF IP - CHRF-288-11 cells, Rep 2 , CTCF IP - MEG-01 cells, Rep 2 , CTCF IP - MEG-01 cells, Rep 10 ",,,
ARNTL,DGAT1,bone,ARNTL IP,,,
PAX5,DGAT1,leukocytes,"PAX5 IP - GM12878 cells, Rep 2, PAX5 IP - GM12878 cells, Rep 1, PAX5 IP - GM12891 cells, PAX5 IP - GM12892 cells",,,
CTCF,DGAT1,uterus,"CTCF IP - ECC1 cells, CTCF IP - HeLa cells , CTCF IP - HeLa cells, Rep 1 ",,,
CTCF,DGAT1,sensory,"CTCF IP - WERI-Rb-1- cells, Rep 1 , CTCF IP - HRPEpiC cells, Rep 1 , CTCF IP - WERI , CTCF IP - HRPEpiC cells, Rep 2 ",,,
ELF1,DGAT1,cns,ELF1 IP - SK-N-SH cells,,,
REST,DGAT1,uterus,"REST IP - ECC1 cells, REST IP - SK-N-SH cells",,,
BHLHE40,DGAT1,liver,BHLHE40 IP - HepG2 cells,,,
CEBPB,DGAT1,colon,"CEBPB IP | 125DVD3, CEBPB IP - HCT116 cells",,,
125DVD3,DGAT1,colon,CEBPB IP | 125DVD3,,,
RELA,DGAT1,leukocytes,"RELA IP | TNF - GM15510 cells, RELA IP | TNF - GM18505 cells, RELA IP | BAY082  - IVD Th1 cells, PIA, RELA IP | TNF - GM19193 cells, RELA IP | TNF - GM12892 cells, RELA IP | TNF - GM19099 cells, RELA IP | TNF - GM10847 cells, RELA IP | TNF - GM12891 cells, RELA IP | TNF - GM18951 cells, RELA IP - IVD Th1 cells, PIA",,,
TNF,DGAT1,leukocytes,"RELA IP | TNF - GM15510 cells, RELA IP | TNF - GM18505 cells, RELA IP | TNF - GM19193 cells, RELA IP | TNF - GM12892 cells, RELA IP | TNF - GM10847 cells, RELA IP | TNF - GM12891 cells, RELA IP | TNF - GM18951 cells",,,
MAX,DGAT1,stemcells,"MAX IP - H1 cells, MAX IP - H1 cells",,,
GABPA,DGAT1,leukocytes,"GABPA IP - GM12878 cells, GABPA IP - GM12878 cells, Rep 5 , GABPA IP - Jurkat, Rep 1, GABPA IP - K562 cells, GABPA IP - Jurkat, Rep 2",,,
MXI1,DGAT1,liver,MXI1 IP - HepG2 cells,,,
ZNF143,DGAT1,uterus,"ZNF143 IP - HeLa, Rep 1, ZNF143 Ip - HeLa, Rep 2, ZNF143 IP - HeLa cells",,,
CTCF,DGAT1,cns,"CTCF IP - HCPEpiC cells, Rep 1 , CTCF IP - spinal cord astrocyte cells, Rep 1 , CTCF IP - spinal cord astrocyte cells, Rep 2 , CTCF IP - cerebellar astrocyte cells, Rep 1 , CTCF IP - cerebellar astrocyte cells, Rep 2 , CTCF IP - BE(2)-C cells, Rep 1 , CTCF IP - BE(2)-C cells, Rep 2 , CTCF IP - SK-N-SH cells , CTCF IP - SK-N-SH cells, Rep 2 , CTCF IP - HCPEpiC cells, Rep 2 , CTCF IP - SK cells, CTCF IP - NHA cells , CTCF IP - SK-N-SH cells, Rep 1 ",,,
GATA3,DGAT1,mammarygland,"GATA3 IP - T47D cells, GATA3 IP - MCF7 cells",,,
ELF1,DGAT1,leukocytes,"ELF1 IP - SK-N-SH cells, ELF1 IP - SK-N-SH cells",,,
STAT5A,DGAT1,leukocytes,STAT5A IP - K562 cells,,,
E2F1,DGAT1,mammarygland,"E2F1 IP, E2F1 IP - MCF7 cells",,,
FOXA1,DGAT1,liver,"FOXA1 IP - HepG2 cells, Rep 2, FOXA1 IP - HepG2 cells, Rep 1",,,
TCF12,DGAT1,lung,TCF12 IP - A549 cells,,,
SRF,DGAT1,colon,SRF IP - HCT116 cells,,,
CTCF,DGAT1,kidney,"CTCF IP - HEK293 cells, Rep 2 , CTCF IP - RPTEC cells, Rep 2 , CTCF IP - HRE cells, Rep 2 , CTCF IP - HEK293 cells, Rep 1 , CTCF IP - RPTEC cells, Rep 1 ",,,
JUN,DGAT1,mammarygland,"JUN IP - Rep 1, JUN IP - Rep 2",,,
JUND,DGAT1,cns,"JUND IP - SK-N-SH cells , JUND IP - SK-N-SH cells",,,
CREB1,DGAT1,lung,"CREB1 IP | DEX - A549 cells, CREB1 IP - A549 cells, Rep 1, CREB1 IP - A549 cells, Rep 2",,,
USF1,DGAT1,lung,"USF1 IP - A549 cells, Rep 2, USF1 IP - A549 cells, Rep 1, USF1 IP | DEX - A549 cells",,,
EBF1,DGAT1,leukocytes,"EBF1 IP - GM12878 cells, EBF1 IP - GM12878 cells",,,
SIX5,DGAT1,lung,SIX5 IP | DEX - A549 cells,,,
E2F1,DGAT1,prostate,"HES6 OE | E2F1 ChIP-Seq - Rep 1, E2F1 ChIP-Seq - Rep 4, BICALU + HES6 OE | E2F1 ChIP-Seq - Rep 2, HES6 OE | E2F1 ChIP-Seq - Rep 4, BICALU | E2F1 ChIP-Seq - Rep 1, BICALU | E2F1 ChIP-Seq - Rep 2, BICALU + HES6OE | E2F1 ChIP-Seq - Rep 4, HES6 OE | E2F1 ChIP-Seq - Rep 3, E2F1 ChIP-Seq - Rep 2, E2F1 ChIP-Seq - Rep 3, HES6 OE + BICALU | E2F1 ChIP-Seq - Rep 1, E2F1 ChIP-Seq - Rep 1, HES6 OE + BICALU | E2F1 ChIP-Seq - Rep 3, BICALU | E2F1 ChIP-Seq - Rep 3",,,
HES6,DGAT1,prostate,"HES6 OE | E2F1 ChIP-Seq - Rep 1, BICALU + HES6 OE | E2F1 ChIP-Seq - Rep 2, HES6 OE | E2F1 ChIP-Seq - Rep 4, BICALU + HES6OE | E2F1 ChIP-Seq - Rep 4, HES6 OE | E2F1 ChIP-Seq - Rep 3, HES6 OE + BICALU | E2F1 ChIP-Seq - Rep 1, HES6 OE + BICALU | E2F1 ChIP-Seq - Rep 3",,,
MXI1,DGAT1,leukocytes,"MXI1 IP - GM12878 cells, MXI1 IP - K562 cells",,,
CTCF,DGAT1,colon,"CTCF IP - Rep 2 , CTCF IP - HCT116 cells, Rep 1 , CTCF IP - HCT116 cells, Rep 2 , CTCF IP - Caco-2 cells, Rep 1 , CTCF IP - Caco , CTCF IP - HCT116 cells",,,
TP53,DGAT1,mammarygland,"TP53 IP | NUTL3 - MCF-7, TP53 IP",,,
MAX,DGAT1,vasculature,MAX IP - HUVEC cells,,,
REST,DGAT1,cns,"REST IP - SK cells, REST IP - U87 cells, REST IP - SK-N-SH cells, REST IP - PFSK1 cells, Rep 2, REST IP - PFSK-N-SH cells1 cells, Rep 1",,,
CTCF,DGAT1,placenta,"CTCF IP - HVMF cells, Rep 2 , CTCF IP - HVMF cells, Rep 1 ",,,
GTF2F1,DGAT1,leukocytes,GTF2F1 IP - K562 cells,,,
TAL1,DGAT1,stemcells,"TAL1 IP - Rep 1 , TAL1 IP - Rep 2 ",,,
SREBF1,DGAT1,leukocytes,SREBF1 IP - GM12878 cells,,,
POU2F2,DGAT1,leukocytes,POU2F2 IP - GM12878 cells,,,
FOXA1,DGAT1,stemcells,"FOXA1 IP - Rep 5 , FOXA1 IP - ES D5, FOXA1 IP - ES D10",,,
GATA2,DGAT1,prostate,"CON KD + FBS | GATA2 ChIP-Seq, CON KD + R1881 | GATA2 ChIP-Seq, FOXA1 KD | GATA2 ChIP-Seq, GATA2 KD  | FOXA1 ChIP-Seq, GATA2 KD + R1881 | FOXA1 ChIP-Seq, GATA2 ChIP-Seq",,,
KLF5,DGAT1,stomach,KLF5 IP - KATOIII,,,
SP1,DGAT1,stemcells,"SP1 IP - Rep 1 , SP1 IP - H1 cells, SP1 IP - Rep 2 ",,,
TEAD4,DGAT1,colon,TEAD4 IP - HCT116 cells,,,
CEBPB,DGAT1,lung,"CEBPB ChIP-Seq - IMR90, CEBPB ChIP-Seq - A549, CEBPB IP - A549 cells",,,
IRF1,DGAT1,leukocytes,"IRF1 IP | IFNG - K562 cells, 6 h, IRF1 IP | IFNA1-13 - K562 cells, 6 h, IRF1 IP | IFNG - K562 cells, 30 min",,,
GATA6,DGAT1,stomach,"GATA6 IP - YCC3, GATA6 IP - AGS",,,
GATA2,DGAT1,vasculature,GATA2 IP - HUVEC cells,,,
BICALU,DGAT1,prostate,"BICALU + HES6 OE | E2F1 ChIP-Seq - Rep 2, BICALU | E2F1 ChIP-Seq - Rep 1, BICALU | E2F1 ChIP-Seq - Rep 2, BICALU + HES6OE | E2F1 ChIP-Seq - Rep 4, HES6 OE + BICALU | E2F1 ChIP-Seq - Rep 1, HES6 OE + BICALU | E2F1 ChIP-Seq - Rep 3, BICALU | E2F1 ChIP-Seq - Rep 3",,,
CTCF,DGAT1,vasculature,"CTCF IP - HBMEC cells, Rep 2 , CTCF IP - HBMEC cells, Rep 1 , CTCF IP - HPAF cells, Rep 1 , CTCF IP - AoAFC cells, Rep 2 , CTCF IP - HPAF cells, Rep 2 , CTCF IP - HUVEC cells, Rep 1 , CTCF IP - HUVEC cells , CTCF IP - HUVEC cells, Rep 2 , CTCF IP - AoAFC cells, Rep 1 ",,,
PBX3,DGAT1,lung,PBX3 IP - A549 cells,,,
RUNX1T1,DGAT1,leukocytes,RUNX1T1 IP,,,
CREB1,DGAT1,prostate,"CREB1 ChIP-Seq - Rep 2, CREB1 ChIP-Seq - LNCaP-abl, FOXA1 siRNA | CREB1 ChIP-Seq - Rep 2, CREB1 siRNA | FOXA1 ChIP-Seq - Rep 1, CREB1 ChIP-Seq - Rep 1, FOXA1 siRNA | CREB1 ChIP-Seq - Rep 1, CREB1 ChIP-Seq - LNCaP, CREB1 siRNA | FOXA1 ChIP-Seq - Rep 2",,,
TAL1,DGAT1,colon,TAL1 IP ,,,
FOSL2,DGAT1,mammarygland,FOSL2 IP - MCF7 cells,,,
SRF,DGAT1,stemcells,"SRF IP - Rep 5 , SRF IP - Rep 1 , SRF IP - Rep 3 , SRF IP - Rep 4 , SRF IP - Rep 7 , SRF IP - Rep 6 , SRF IP - Rep 2 ",,,
GABPA,DGAT1,prostate,"GABPA IP - Rep 1, GABPA IP | R1881",,,
ELF1,DGAT1,mammarygland,ELF1 IP - MCF7 cells,,,
GMEB2,DGAT1,colon,GMEB2 IP ,,,
USF1,DGAT1,uterus,USF1 IP - ECC1 cells,,,
ZNF143,DGAT1,leukocytes,"ZNF143 IP - K562 cells, ZNF143 IP - HPB-ALL, ZNF143 IP - GM12878 cells, ZNF143 IP - K562",,,
SPI1,DGAT1,leukocytes,"SPI1 IP, SPI1 IP, SPI1 IP - K562 cells, SPI1 IP, SPI1 IP - U-937 cells, Rep 4 , SPI1 IP - GM12891 cells, SPI1 IP, ROSI | SPI1 ChIP-Seq, SPI1 IP, SPI1 IP - U-937 cells, Rep 1 , SPI1 IP - GM12878 cells, SPI1 IP, SPI1 IP - GM12878 cells, Rep 2 , SPI1 IP, SPI1 IP, SPI1 IP - HL cells",,,
YY1,DGAT1,leukocytes,"YY1 IP - GM12892 cells, Rep 1, YY1 IP - GM12891 cells, YY1 IP - GM12878 cells, YY1 IP - K562 cells, Rep 1, YY1 IP - K562 cells, Rep 2, YY1 IP - K562 cells",,,
MYB,DGAT1,leukocytes,"MYB IP - MOLT3, MYB IP - Jurkat, Rep 4, MYB IP - Jurkat, Rep 2, MYB IP - Jurkat, Rep 1, MYB IP - Jurkat, Rep 5, MYB IP - Jurkat, Rep 3",,,
SRF,DGAT1,leukocytes,"SRF IP - SK-N-SH cells, SRF IP - K562 cells",,,
USF1,DGAT1,leukocytes,"USF1 IP - GM12878 cells, USF1 IP - K562 cells",,,
ELF3,DGAT1,pancreas,"ELF3 IP, ELF3 IP | KLF5 KO, ELF3 IP",,,
CEBPB,DGAT1,uterus,CEBPB ChIP-Seq - HeLaS3,,,
USF1,DGAT1,colon,USF1 IP - HCT116 cells,,,
MAX,DGAT1,uterus,"MAX IP - ECC1 cells, MAX IP - HeLa cells, Rep 2, MAX IP - HeLa cells, Rep 1",,,
GABPA,DGAT1,lung,GABPA IP - A549 cells,,,
TCF12,DGAT1,liver,"TCF12 IP - HepG2 cells, TCF12 IP - MCF7 cells",,,
MYC,DGAT1,mammarygland,"MYC IP | 4HT - MCF10A cells, DHT | MYC ChIP-Seq, MYC IP - MCF-10A cells",,,
4HT,DGAT1,mammarygland,"MYC IP | 4HT - MCF10A cells, E2F4 IP | 4HT - MCF10 cells, FOS IP | 4HT - MCF10A cells, 36 h",,,
CTCF,DGAT1,liver,"CTCF IP - HepG2 cells , CTCF IP - HepG2 cells, Rep 2 , CTCF IP, CTCF IP - SK-N-SH cells, CTCF IP - HepG2 cells, Rep 1 ",,,
TEAD4,DGAT1,leukocytes,TEAD4 IP - K562 cells,,,
TEAD4,DGAT1,cns,TEAD4 IP - SK-N-SH cells,,,
E2F4,DGAT1,leukocytes,"E2F4 IP - GM12878 cells, E2F4 IP - K562 cells",,,
TP53,DGAT1,bone,"TP53 IP | TP53EE/RR OE, TP53 IP - Rep 1, TP53 IP | NUTL3 - SJSA-1",,,
MYBL2,DGAT1,liver,MYBL2 IP - HepG2 cells,,,
DHT,DGAT1,mammarygland,"DHT | MYC ChIP-Seq, DHT | FOXA1 ChIP-Seq",,,
SIX5,DGAT1,stemcells,SIX5 IP - H1 cells,,,
E2F6,DGAT1,leukocytes,"E2F6 IP - K562 cells, E2F6 IP - K562 cells",,,
JUND,DGAT1,liver,JUND IP - HepG2 cells,,,
NFKB1,DGAT1,leukocytes,"NFKB1 IP - Rep 2, NFKB1 IP - Rep 1",,,
CREB1,DGAT1,leukocytes,"CREB1 IP - K562 cells, CREB1 IP - GM12878 cells",,,
ZNF384,DGAT1,leukocytes,ZNF384 IP - K562 cells,,,
FOSL1,DGAT1,colon,FOSL1 IP - HCT116 cells,,,
USF1,DGAT1,liver,USF1 IP - HepG2 cells,,,
YY1,DGAT1,uterus,YY1 IP - ECC1 cells,,,
SP1,DGAT1,liver,SP1 IP - HepG2 cells,,,
ZEB1,DGAT1,liver,ZEB1 IP - HepG2 cells,,,
ATF2,DGAT1,leukocytes,ATF2 IP - GM12878 cells,,,
ZBTB7A,DGAT1,uterus,ZBTB7A IP - ECC1 cells,,,
EGR1,DGAT1,leukocytes,EGR1 IP - K562 cells,,,
ATF3,DGAT1,leukocytes,"ATF3 IP - GM12878 cells, ATF3 IP - K562 cells",,,
ATF3,DGAT1,lung,ATF3 IP - A549 cells,,,
BAY082,DGAT1,leukocytes,"RELA IP | BAY082  - IVD Th1 cells, PIA",,,
FOXM1,DGAT1,mammarygland,"FOXM1 IP - DS005, FOXM1 IP | THSP - DS008, FOXM1 IP | THSP - DS006",,,
CEBPB,DGAT1,leukocytes,"CEBPB IP, CEBPB ChIP-Seq - K562",,,
RELA,DGAT1,mammarygland,"17BE2 | RELA ChIP-Seq - Rep 2, TNF | RELA ChIP-Seq - Rep 2, RELA ChIP-Seq - Rep 1, RELA ChIP-Seq - Rep 2, TNF | RELA ChIP-Seq - Rep 1, 17BE2 + TNF | RELA ChIP-Seq - Rep 1",,,
CTCF,DGAT1,skeletalmuscle,"CTCF IP - HSMM cells, Rep 2 , CTCF IP - HSMM cells, Rep 1 ",,,
DHT,DGAT1,prostate,DHT | FOXA1 ChIP-Seq,,,
TAL1,DGAT1,leukocytes,TAL1 IP - K562 cells,,,
TNF,DGAT1,mammarygland,"TNF | RELA ChIP-Seq - Rep 2, TNF | FOXA1 ChIP-Seq - Rep 1, TNF | RELA ChIP-Seq - Rep 1, TNF | FOXA1 ChIP-Seq - Rep 2",,,
JUND,DGAT1,leukocytes,JUND IP - K562 cells,,,
TCF12,DGAT1,stemcells,TCF12 IP - H1 cells,,,
BCL3,DGAT1,leukocytes,BCL3 IP - GM12878 cells,,,
TCF3,DGAT1,leukocytes,TCF3 IP - GM12878 cells,,,
ZNF263,DGAT1,kidney,ZNF263 IP - HEK293 cells,,,
FOXA2,DGAT1,stemcells,"FOXA2 IP - ES D10, FOXA2 IP - ES D7, FOXA2 IP - ES D2, FOXA2 IP - ES D5",,,
E2F1,DGAT1,uterus,"E2F1 IP - HeLa cells, Rep 2, E2F1 IP - HeLa cells, Rep 1",,,
HOXA4,DGAT1,colon,HOXA4 IP ,,,
TCF12,DGAT1,uterus,TCF12 IP - ECC1 cells,,,
REST,DGAT1,mammarygland,REST IP - MCF7 cells,,,
HOXA6,DGAT1,colon,HOXA6 IP ,,,
NFATC1,DGAT1,leukocytes,NFATC1 IP - GM12878 cells,,,
SRF,DGAT1,mammarygland,SRF IP - MCF7 cells,,,
FOXP2,DGAT1,cns,"FOXP2 IP - PFSK-1 cells, FOXP2 IP - SK cells",,,
SMAD1,DGAT1,hspcs,SMAD1 IP - Rep 3,,,
CTCF,DGAT1,esophagus,"CTCF IP - HEEpiC cells, Rep 1 ",,,
JUND,DGAT1,colon,JUND IP - HCT116 cells,,,
CREB1,DGAT1,uterus,CREB1 IP - ECC1 cells,,,
CEBPB,DGAT1,liver,"CEBPB IP | FORSK - HepG2 cells, CEBPB ChIP-Seq - HepG2",,,
FORSK,DGAT1,liver,CEBPB IP | FORSK - HepG2 cells,,,
USF2,DGAT1,uterus,USF2 IP - HeLa cells,,,
KLF5,DGAT1,pancreas,"ELF3 IP | KLF5 KO, KLF5 IP",,,
TP53,DGAT1,leukocytes,TP53 IP - Doxo DNA damage,,,
NFYA,DGAT1,uterus,NFYA IP - HeLa cells,,,
UBTF,DGAT1,leukocytes,"UBTF IP - K562 cells, UBTF IP - K562 cells",,,
GTF2B,DGAT1,lung,GTF2B IP,,,
E2F6,DGAT1,uterus,E2F6 IP - HeLa cells,,,
MAX,DGAT1,liver,"MAX IP - MCF7 cells, MAX IP - HepG2 cells, MAX IP - HepG2 cells",,,
REST,DGAT1,liver,"REST IP - HepG2 cells, Rep 1, REST IP - HepG2 cells, Rep 2",,,
ROSI,DGAT1,adiposetissue,"ROSI (BrAT) | KLF11 ChIP-Seq, Rep 1, ROSI (BrAT) | KLF11 ChIP-Seq, Rep 2",,,
MEF2A,DGAT1,leukocytes,MEF2A IP - GM12878 cells,,,
FOXA1,DGAT1,lung,"FOXA1 IP - A549 cells, FOXA1 IP | DEX - A549 cells",,,
FOXM1,DGAT1,leukocytes,FOXM1 IP - GM12878 cells,,,
ZNF143,DGAT1,stemcells,ZNF143 IP - H1 cells,,,
PIAS1,DGAT1,prostate,"PIAS1 + R1881 | FOXA1 ChIP-Seq - Rep 2, PIAS1 + R1881 | FOXA1 ChIP-Seq - Rep 1",,,
CEBPB,DGAT1,mammarygland,CEBPB IP - MCF7 cells,,,
CREB1,DGAT1,liver,"CREB1 IP, CREB1 IP - HepG2 cells, CREB1 IP",,,
ZKSCAN1,DGAT1,uterus,ZKSCAN1 IP - HeLa cells,,,
SP1,DGAT1,colon,SP1 IP - HCT116 cells,,,
USF2,DGAT1,liver,USF2 IP - HepG2 cells,,,
THAP11,DGAT1,stemcells,"THAP11 IP - Rep 4 , THAP11 IP - Rep 5 , THAP11 IP - Rep 2 , THAP11 IP - Rep 1 , THAP11 IP - Rep 3 ",,,
GABPA,DGAT1,cns,GABPA IP - SK-N-SH cells,,,
ARID3A,DGAT1,liver,ARID3A IP - HepG2 cells,,,
TP73,DGAT1,bone,"TP73 IP - alpha isoform, Rep 1",,,
TEAD4,DGAT1,lung,TEAD4 IP - A549 cells,,,
USF2,DGAT1,leukocytes,USF2 IP - GM12878 cells,,,
ELF1,DGAT1,colon,ELF1 IP - HCT116 cells,,,
REST,DGAT1,pancreas,"REST IP - PANC1 cells, Rep 1, REST IP - Panc1 cells, Rep 3, REST IP - PANC1 cells, Rep 2",,,
RBPJ,DGAT1,leukocytes,"RBPJ IP | COMPE, RBPJ IP | COMPE - wash",,,
COMPE,DGAT1,leukocytes,"RBPJ IP | COMPE, RBPJ IP | COMPE - wash",,,
MXI1,DGAT1,uterus,MXI1 IP - HeLa cells,,,
HEY1,DGAT1,liver,HEY1 IP - HepG2 cells,,,
GTF2B,DGAT1,uterus,"GTF2B IP - Rep 2, GTF2B IP - Rep 3",,,
MAZ,DGAT1,uterus,MAZ IP - HeLa cells,,,
IRF1,DGAT1,colon,IRF1 IP ,,,
ARNT,DGAT1,kidney,ARNT IP | HIF1A OE,,,
HIF1A,DGAT1,kidney,ARNT IP | HIF1A OE,,,
CTCF,DGAT1,adiposetissue,"CTCF ChIP-Seq - d 9, CTCF ChIP-Seq - d -2, CTCF ChIP-Seq - d 0",,,
TBP,DGAT1,stemcells,TBP IP - H1 cells,,,
JUND,DGAT1,stemcells,JUND IP - H1 cells,,,
JUND,DGAT1,lung,JUND IP - A549 cells,,,
E2F6,DGAT1,lung,E2F6 IP - A549 cells,,,
GATA3,DGAT1,cns,GATA3 IP - SK-N-SH cells,,,
PBX3,DGAT1,cns,PBX3 IP - SK-N-SH cells,,,
ZNF143,DGAT1,kidney,ZNF143 IP - HEK293-T-rex,,,
MYC,DGAT1,lung,MYC IP - A549 cells,,,
BHLHE40,DGAT1,leukocytes,"BHLHE40 IP - GM12878 cells, BHLHE40 IP - K562 cells",,,
JUN,DGAT1,colon,JUN IP ,,,
HEY1,DGAT1,leukocytes,HEY1 IP - K562 cells,,,
PDX1,DGAT1,pancreas,PDX1 IP,,,
TBP,DGAT1,liver,TBP IP - HepG2 cells,,,
HIF1A,DGAT1,bone,HIF1A IP,,,
YY1,DGAT1,lung,YY1 IP - A549 cells,,,
EGR1,DGAT1,colon,EGR1 IP - HCT116 cells,,,
FOXA2,DGAT1,embryonictissue,"FOXA2 IP - Rep 2, FOXA2 IP - Rep 1",,,
SRF,DGAT1,uterus,SRF IP - ECC1 cells,,,
E2F4,DGAT1,mammarygland,E2F4 IP | 4HT - MCF10 cells,,,
ETS1,DGAT1,lung,ETS1 IP - A549 cells,,,
REST,DGAT1,stemcells,"REST IP - H1 cells, Rep 2, REST IP - H1 cells, Rep 1",,,
RUNX1,DGAT1,hspcs,RUNX1,,,
YY1,DGAT1,liver,YY1 IP - HepG2 cells,,,
TEAD4,DGAT1,stemcells,TEAD4 IP - H1 cells,,,
MYC,DGAT1,bone,"MYC IP, MYC IP",,,
CTCF,DGAT1,bone,CTCF IP - Osteoblasts ,,,
FOSL2,DGAT1,lung,FOSL2 IP - A549 cells,,,
MAZ,DGAT1,liver,MAZ IP - HepG2 cells,,,
E2F4,DGAT1,uterus,E2F4 IP - HeLa cells,,,
FOSL2,DGAT1,liver,FOSL2 IP - HepG2 cells,,,
17BE2; TNF,DGAT1,mammarygland,17BE2 + TNF | RELA ChIP-Seq - Rep 1,,,
ZNF76,DGAT1,kidney,ZNF76 IP | ZNF76 OE,,,
ROSI,DGAT1,leukocytes,ROSI | SPI1 ChIP-Seq,,,
HMGN3,DGAT1,leukocytes,HMGN3 IP - K562 cells,,,
MAX,DGAT1,colon,MAX IP - HCT116 cells,,,
GATA2,DGAT1,cns,GATA2 ChIP-Seq SH-SY5Y,,,
GTF2F1,DGAT1,stemcells,GTF2F1 IP - H1 cells,,,
TBP,DGAT1,uterus,TBP IP - HeLa cells,,,
CTCF,DGAT1,pancreas,CTCF IP,,,
FOS,DGAT1,mammarygland,"FOS IP - MCF10A cells, FOS IP | 4HT - MCF10A cells, 36 h",,,
MXI1,DGAT1,cns,MXI1 IP - SK-N-SH cells ,,,
THAP1,DGAT1,leukocytes,THAP1 IP - K562 cells,,,
CEBPA,DGAT1,leukocytes,CEBPA IP,,,
CTCF,DGAT1,miscellaneous,"CTCF IP - AG09319 cells, Rep 1 , CTCF IP - AG09319 cells, Rep 2 ",,,
E2F3,DGAT1,colon,E2F3 IP ,,,
FOXA2,DGAT1,lung,FOXA2 IP - A549 cells,,,
FOS,DGAT1,vasculature,FOS IP - HUVEC cells,,,
SP1,DGAT1,leukocytes,"SP1 IP - K562 cells, SP1 IP - GM12878 cells",,,
YY1,DGAT1,stemcells,YY1 IP - H1 cells,,,
REST,DGAT1,lung,REST IP - A549 cells,,,
SP1,DGAT1,lung,SP1 IP - A549 cells,,,
MAX,DGAT1,cns,MAX IP - SK-N-SH cells,,,
TBP,DGAT1,leukocytes,"TBP IP - GM12878 cells, TBP IP - K562 cells",,,
ZBTB7A,DGAT1,leukocytes,ZBTB7A IP - SK-N-SH cells,,,
ATF1,DGAT1,leukocytes,ATF1 IP - K562 cells,,,
GTF2F1,DGAT1,uterus,GTF2F1 IP - HeLa cells,,,
GABPA,DGAT1,stemcells,GABPA IP - H1 cells,,,
JUND,DGAT1,vasculature,JUND IP,,,
STAT1,DGAT1,uterus,"STAT1 IP | IFNG - HeLa cells, 30 min",,,
IFNG,DGAT1,uterus,"STAT1 IP | IFNG - HeLa cells, 30 min",,,
JUND,DGAT1,uterus,JUND IP - HeLa cells,,,
MYC,DGAT1,uterus,MYC IP - HeLa cells,,,
MXI1,DGAT1,lung,MXI1 IP - IMR cells,,,
TCF12,DGAT1,cns,TCF12 IP - SK-N-SH cells,,,
ELF1,DGAT1,lung,ELF1 IP - A549 cells,,,
MXI1,DGAT1,stemcells,MXI1 IP - H1 cells,,,
IRF4,DGAT1,leukocytes,IRF4 IP,,,
YY1,DGAT1,colon,YY1 IP - HCT116 cells,,,
SREBF1,DGAT1,liver,SREBF1 IP | INS + 22RHC - HepG2 cells,,,
22RHC; INS,DGAT1,liver,SREBF1 IP | INS + 22RHC - HepG2 cells,,,
FOXA1,DGAT1,pancreas,FOXA1 IP,,,
TCF7L2,DGAT1,mammarygland,TCF7L2 ChIP-Seq,,,
SRF,DGAT1,liver,SRF IP - HepG2 cells,,,
RUNX1,DGAT1,leukocytes,RUNX1 IP,,,
REST,DGAT1,colon,REST IP - HCT116 cells,,,
CEBPB,DGAT2,mammarygland,CEBPB IP - MCF7 cells,,,
MAX,DGAT2,leukocytes,"MAX IP - K562 cells, MAX IP - K562 cells, Rep 2, MAX IP - K562 cells, Rep 1, MAX IP - GM12878 cells, MAX IP - NB4 cells",,,
CTCF,DGAT2,cns,"CTCF IP - SK-N-SH cells, Rep 2 , CTCF IP - HCPEpiC cells, Rep 1 , CTCF IP - BE(2)-C cells, Rep 1 , CTCF IP - SK-N-SH cells , CTCF IP - SK-N-SH cells, Rep 1 , CTCF IP - BE(2)-C cells, Rep 2 , CTCF IP - SK cells",,,
NANOG,DGAT2,stemcells,"NANOG IP - H1 cells, NANOG IP - Rep 8 ",,,
CEBPB,DGAT2,leukocytes,"CEBPB IP - Rep 203, CEBPB IP - HL-60 cells, Rep 2 , CEBPB IP | oxLDL  - Rep 208, CEBPB IP | oxLDL  - Rep 205, CEBPB IP - HL-60 cells, Rep 1 , CEBPB IP - Rep 201, CEBPB IP | oxLDL  - Rep 206, CEBPB IP - K562 cells, CEBPB IP, CEBPB IP| oxLDL  - Rep 207, CEBPB IP, CEBPB IP - GM12878 cells, CEBPB IP - Rep 204",,,
CTCF,DGAT2,leukocytes,"CTCF IP - GM12875 cells, Rep 1 , CTCF IP - GM12154 cells, Rep 2, CTCF IP - GM12892 cells, Rep 2 , CTCF IP - F36P cells, Rep 15 , CTCF IP - GM2588 cells, Rep 1 , CTCF IP - UT-7 cells, Rep 5 , CTCF IP - GM07346 cells, CTCF IP - GM12864 cells, Rep 1 , CTCF IP - GM12869 cells , CTCF IP - F36P cells, Rep 10 , CTCF IP - UT-7 cells, Rep 6 , CTCF IP - GM12873 cells, Rep 3 , CTCF IP - K562 cells, Rep 13 , CTCF IP - GM11831 cells, CTCF IP - GM12865 cells, Rep 3 , CTCF IP - GM11994 cells, Rep 2, CTCF IP - GM19193 cells, Rep 2 , CTCF IP - GM11994 cells, Rep 1, CTCF IP - K562 cells, Rep 11 , CTCF IP - K562 cells , CTCF IP - HL-60 cells, Rep 3 , CTCF IP - GM12871 cells , CTCF IP - GM2255 cells, Rep 2 , CTCF IP - GM12878 cells, Rep 2 , CTCF IP - F36P cells, Rep 6 , CTCF IP - GM18486 cells, Rep 3 , CTCF IP - GM12890 cells, Rep 1 , CTCF IP - GM12872 cells, Rep 1 , CTCF IP - KU812 cells, Rep 17 , CTCF IP - KU812 cells, Rep 13 , CTCF IP - MS1 cells, Rep 3 , CTCF IP - GM2630 cells, Rep 2 , CTCF IP - UT-7 cells, Rep 3 , CTCF IP - GM19240 cells, Rep 2 , CTCF IP - GM12878 cells, Rep 2 , CTCF IP - KU812 cells, Rep 9 , CTCF IP - GM12154 cells, Rep 1, CTCF IP - GM12866 cells , CTCF IP - UT-7 cells, Rep 4 , CTCF IP - GM12872 cells, Rep 2 , CTCF IP - GM19238 cells, Rep 1 , CTCF IP - GM12873 cells, Rep 1 , CTCF IP - GM12868 cells , CTCF IP - GM2610 cells, Rep 2 , CTCF IP - GM12865 cells, Rep 1 , CTCF IP - KU812 cells, Rep 1 , CTCF IP - GM2255 cells, Rep 3 , CTCF IP - GM11881 cells, CTCF IP - GM12865 cells, Rep 2 , CTCF IP - F36P cells, Rep 3 , CTCF IP - GM10847 cells, Rep 1 , CTCF IP - F36P cells, Rep 11 , CTCF IP - GM06990 cells, Rep 1 , CTCF IP - GM19238 cells, Rep 2 , CTCF IP - GM19193 cells, Rep 1 , CTCF IP - K562 cells, Rep 1 , CTCF IP - GM2630 cells, Rep 1 , CTCF IP - K562 cells, Rep 14 , CTCF IP - NB4 cells , CTCF IP - GM19240 cells, Rep 1 , CTCF IP - HeLa cells, Rep 2 , CTCF IP - GM12878 cells , CTCF IP - MS1 cells, Rep 2 , CTCF IP - F36P cells, Rep 7 , CTCF IP - GM06986 cells, CTCF IP - K562 cells, Rep 16 , CTCF IP - GM19239 cells, Rep 2 , CTCF IP -  CD20+ cells , CTCF IP - GM18505 cells, Rep 1 , CTCF IP - GM12878 cells, Rep 1 , CTCF IP - GM12891 cells, Rep 2 , CTCF IP - GM12814 cells, Rep 1, CTCF IP - GM10847 cells, Rep 2 , CTCF IP - GM19239 cells, Rep 1 , CTCF IP - GM12864 cells, Rep 3 , CTCF IP - KU812 cells, Rep 5 , CTCF IP - GM12878 cells, Rep 1 , CTCF IP - K562 cells, Rep 15 , CTCF IP - GM19099 cells, Rep 1 , CTCF IP - GM19099 cells, Rep 2 , CTCF IP - GM12874 cells, Rep 2 , CTCF IP - GM12828 cells, CTCF IP - F36P cells, Rep 19 , CTCF IP - GM2255 cells, Rep 1 , CTCF IP - GM12890 cells, Rep 2 , CTCF IP - GM12891 cells, Rep 1 , CTCF IP - CD14+ cells , CTCF IP - GM18951 cells, Rep 2 , CTCF IP - GM12874 cells, Rep 1 , CTCF IP - MS1 cells, Rep 4 , CTCF IP - F36P cells, Rep 14 , CTCF IP - K562 cells, CTCF IP - GM18505 cells, Rep 2 , CTCF IP - GM2588 cells, Rep 2 , CTCF IP - GM18486 cells, Rep 1 , CTCF ChIP-Seq - GM12878, CTCF IP - GM06990 cells, Rep 2 , CTCF IP - K562 cells, Rep 2 , CTCF IP - GM2610 cells, Rep 1 , CTCF IP - GM12892 cells, Rep 1 , CTCF IP - K562 cells, Rep 12 , CTCF IP - F36P cells, Rep 2 , CTCF IP - GM2588 cells, Rep 3 , CTCF IP, CTCF IP - GM12873 cells, Rep 1 , CTCF IP - GM12870 cells , CTCF IP - GM18526 cells, Rep 2 , CTCF IP - GM12867 cells , CTCF IP - GM2610 cells, Rep 3 , CTCF IP - GM12872 cells, Rep 3 , CTCF IP - GM12864 cells, Rep 2 , CTCF IP - GM2630 cells, Rep 3 , CTCF IP - K562 cells, CTCF IP - GM12890 cells, Rep 3 , CTCF IP - K562 cells, CTCF IP - GM18486 cells, Rep 2 , CTCF IP - MS1 cells, Rep 1 , CTCF IP - GM18951 cells, Rep 1 ",,,
SPI1,DGAT2,leukocytes,"SPI1 IP, SPI1 IP - GM12878 cells, SPI1 IP, SPI1 IP - GM12878 cells, Rep 4 , SPI1 IP - K562 cells, SPI1 IP - HL cells, SPI1 IP - GM12891 cells, SPI1 IP - U-937 cells, Rep 10 , SPI1 IP, SPI1 IP - HL-60 cells, Rep 4 , SPI1 IP - U-937 cells, Rep 8 , SPI1 IP, SPI1 IP - GM12878 cells, Rep 5 , SPI1 IP - GM12878 cells, Rep 2 , SPI1 IP, SPI1 IP, SPI1 IP - U-937 cells, Rep 4 , SPI1 IP, SPI1 IP, SPI1 IP, SPI1 IP | RUNX1 KD, SPI1 IP - GM12878 cells, Rep 1 , SPI1 IP - GM12878 cells, Rep 3 , ROSI | SPI1 ChIP-Seq, SPI1 IP - U-937 cells, Rep 1 , SPI1 IP",,,
MEIS1,DGAT2,hspcs,MEIS1 IP - Rep 3,,,
CTCF,DGAT2,lung,"CTCF IP | DEX - A549 cells , CTCF IP - A549 cells , CTCF IP - SAEC cells, Rep 2 , CTCF IP - SAEC cells, Rep 1 , CTCF IP | DEX - A549 cells, CTCF IP - A549 cells, Rep 2 , CTCF IP - A549 cells, CTCF ChIP-Seq - A549, CTCF IP - IMR cells",,,
DEX,DGAT2,lung,"CTCF IP | DEX - A549 cells , CREB1 IP | DEX - A549 cells, FOXA1 IP | DEX - A549 cells, CTCF IP | DEX - A549 cells, USF1 IP | DEX - A549 cells",,,
LYL1,DGAT2,leukocytes,LYL1 IP - NB4,,,
GLI2,DGAT2,colon,GLI2 IP ,,,
NFATC1,DGAT2,leukocytes,NFATC1 IP - GM12878 cells,,,
CTCF,DGAT2,stemcells,"CTCF IP - Rep 1 , CTCF IP - H1 cells , CTCF IP - H1 cells, CTCF IP - Rep 6 , CTCF IP - Rep 5 ",,,
SP1,DGAT2,liver,SP1 IP - HepG2 cells,,,
CEBPB,DGAT2,stemcells,"CEBPB IP, CEBPB IP, CEBPB IP, CEBPB IP, CEBPB IP, CEBPB IP, CEBPB IP",,,
SMAD4,DGAT2,embryonictissue,SMAD4 IP - endoderm,,,
CREB1,DGAT2,prostate,"CREB1 ChIP-Seq - Rep 2, FOXA1 siRNA | CREB1 ChIP-Seq - Rep 2, CREB1 ChIP-Seq - Rep 1, FOXA1 siRNA | CREB1 ChIP-Seq - Rep 1, CREB1 ChIP-Seq - LNCaP, CREB1 ChIP-Seq - LNCaP-abl",,,
CTCF,DGAT2,hspcs,"CTCF IP - HEL 92.1.7 cells, Rep 11 , CTCF IP - Erythroid cells, Rep 1, CTCF IP - HEL 92.1.7 cells, Rep 14 , CTCF IP - HEL 92.1.7 cells, Rep 8 , CTCF IP - Erythroid cells, Rep 2, CTCF IP - HEL 92.1.7 cells, Rep 5 ",,,
GATA3,DGAT2,cns,GATA3 IP - SK-N-SH cells,,,
EGR1,DGAT2,colon,EGR1 IP - HCT116 cells,,,
REST,DGAT2,stemcells,"REST IP - H1 cells, Rep 2",,,
JUND,DGAT2,mammarygland,JUND IP - MCF7 cells,,,
E2F6,DGAT2,uterus,E2F6 IP - HeLa cells,,,
USF1,DGAT2,lung,"USF1 IP - A549 cells, Rep 2, USF1 IP | DEX - A549 cells",,,
JUN,DGAT2,vasculature,"JUN IP - HUVEC cells, JUN IP",,,
PAX5,DGAT2,leukocytes,"PAX5 IP - GM12878 cells, Rep 1, PAX5 IP - GM12892 cells, PAX5 IP - GM12878 cells, Rep 2",,,
E2F1,DGAT2,prostate,"BICALU | E2F1 ChIP-Seq - Rep 3, HES6 OE | E2F1 ChIP-Seq - Rep 2, HES6 OE | E2F1 ChIP-Seq - Rep 3, E2F1 ChIP-Seq - Rep 2, E2F1 ChIP-Seq - Rep 3, HES6 OE | E2F1 ChIP-Seq - Rep 1, HES6 OE + BICALU | E2F1 ChIP-Seq - Rep 1, E2F1 ChIP-Seq - Rep 4, E2F1 ChIP-Seq - Rep 1, HES6 OE + BICALU | E2F1 ChIP-Seq - Rep 3, HES6 OE | E2F1 ChIP-Seq - Rep 4, BICALU | E2F1 ChIP-Seq - Rep 1, BICALU | E2F1 ChIP-Seq - Rep 2",,,
BICALU,DGAT2,prostate,"BICALU | E2F1 ChIP-Seq - Rep 3, HES6 OE + BICALU | E2F1 ChIP-Seq - Rep 1, HES6 OE + BICALU | E2F1 ChIP-Seq - Rep 3, BICALU | E2F1 ChIP-Seq - Rep 1, BICALU | E2F1 ChIP-Seq - Rep 2",,,
MAFK,DGAT2,lung,MAFK IP - IMR cells,,,
CTCF,DGAT2,colon,"CTCF IP - HCT116 cells, CTCF IP - Caco , CTCF IP - Rep 2 , CTCF IP - Caco-2 cells, Rep 1 ",,,
HOXA6,DGAT2,colon,HOXA6 IP ,,,
REST,DGAT2,leukocytes,REST IP - K562 cells,,,
TCF12,DGAT2,liver,TCF12 IP - HepG2 cells,,,
SRF,DGAT2,colon,SRF IP - HCT116 cells,,,
USF1,DGAT2,cns,"USF1 IP - SK-N-SH cells, USF1 IP | ATRA - SK-N-SH cells",,,
MYBL2,DGAT2,liver,MYBL2 IP - HepG2 cells,,,
E2F4,DGAT2,leukocytes,"E2F4 IP - K562 cells, E2F4 IP - GM12878 cells",,,
FOS,DGAT2,mammarygland,"FOS IP | 4HT - MCF10A cells, 36 h, FOS IP | 4HT - MCF10A cells, 4 h, FOS IP | 4HT - MCF10A cells, 12 h, FOS IP - MCF10A cells",,,
4HT,DGAT2,mammarygland,"FOS IP | 4HT - MCF10A cells, 36 h, FOS IP | 4HT - MCF10A cells, 4 h, STAT3 IP | 4HT - MCF10 cells, 12 h, MYC IP | 4HT - MCF10A cells, E2F4 IP | 4HT - MCF10 cells, FOS IP | 4HT - MCF10A cells, 12 h, STAT3 IP | 4HT - MCF10 cells, 36 h",,,
CTCF,DGAT2,sensory,"CTCF IP - WERI-Rb-1- cells, Rep 1 , CTCF IP - HRPEpiC cells, Rep 2 ",,,
NFKB2,DGAT2,leukocytes,"NFKB2 IP - Rep 2, NFKB2 IP - Rep 1",,,
E2F6,DGAT2,stemcells,E2F6 IP - H1 cells,,,
TP53,DGAT2,bone,TP53 IP | TP53EE/RR OE,,,
FOXA1,DGAT2,mammarygland,"DEX | FOXA1 ChIP-Seq - Rep 1, FOXA1 ChIP-Seq - Rep 2, 17BE2 | FOXA1 ChIP-Seq - Rep 2, 17BE2 | FOXA1 ChIP-Seq - Rep 1, FOXA1 ChIP-Seq - Rep 1, DHT | FOXA1 ChIP-Seq, DEX | FOXA1 ChIP-Seq - Rep 2, FOXA1 ChIP-Seq - Rep 1",,,
DEX,DGAT2,mammarygland,"DEX | FOXA1 ChIP-Seq - Rep 1, DEX | FOXA1 ChIP-Seq - Rep 2, JUN IP | DEX",,,
STAT1,DGAT2,uterus,"STAT1 IP | IFNG - HeLa cells, 30 min",,,
IFNG,DGAT2,uterus,"STAT1 IP | IFNG - HeLa cells, 30 min",,,
STAT3,DGAT2,leukocytes,"STAT3 IP - OCI-LY10, STAT3 IP - SU-DHL-2, STAT3 IP - SU-DHL-10, STAT3 IP - U-2932, STAT3 IP - SU-DHL-6, STAT3 IP - OCI-LY7, STAT3 IP - SU-DHL-4, STAT3 IP - OCI-LY3",,,
ZBTB7A,DGAT2,liver,ZBTB7A IP - HepG2 cells,,,
STAT2,DGAT2,colon,STAT2 IP ,,,
MYC,DGAT2,leukocytes,"MYC IP - K562 cells, Rep 2, MYC IP - NB4 cells, MYC IP | IFNA1 - K562 cells, 30 min, MYC IP - K562 cells, Rep 1, MYC IP | IFNG - K562 cells, 6 h, MYC IP | IFNG - K562 cells, 30 min, MYC IP | IFNA1 - K562 cells, 6 h",,,
CTCF,DGAT2,skeletalmuscle,"CTCF IP - HSMM cells, Rep 2 ",,,
GATA3,DGAT2,mammarygland,GATA3 IP - MCF7 cells,,,
RELA,DGAT2,leukocytes,"RELA IP | TNF - GM18505 cells, RELA IP | TNF - GM12891 cells, RELA IP | TNF - GM10847 cells, RELA IP | TNF - GM18526 cells, RELA IP | TNF - GM12892 cells, RELA IP | TNF - GM15510 cells, RELA IP | TNF - GM19099 cells, RELA IP | TNF - GM12878 cells, RELA IP | TNF - GM19193 cells, RELA IP | TNF - GM18951 cells",,,
TNF,DGAT2,leukocytes,"RELA IP | TNF - GM18505 cells, RELA IP | TNF - GM12891 cells, RELA IP | TNF - GM10847 cells, RELA IP | TNF - GM18526 cells, RELA IP | TNF - GM12892 cells, RELA IP | TNF - GM15510 cells, RELA IP | TNF - GM12878 cells, RELA IP | TNF - GM19193 cells, RELA IP | TNF - GM18951 cells",,,
JUN,DGAT2,colon,JUN IP ,,,
MYB,DGAT2,leukocytes,"MYB IP - MOLT3, MYB IP - Jurkat, Rep 4, MYB IP - Jurkat, Rep 5, MYB IP - Jurkat, Rep 2, MYB IP - Jurkat, Rep 3, MYB IP - Jurkat, Rep 1",,,
ARNTL,DGAT2,bone,"ARNTL IP, ARNTL IP",,,
CTCF,DGAT2,liver,"CTCF IP - HepG2 cells, Rep 2 , CTCF IP - HepG2 cells, Rep 1 , CTCF IP, CTCF IP - SK-N-SH cells, CTCF IP - HepG2 cells ",,,
MYC,DGAT2,lung,MYC IP - A549 cells,,,
MAX,DGAT2,liver,"MAX IP - HepG2 cells, MAX IP - HepG2 cells, MAX IP - MCF7 cells",,,
STAT1,DGAT2,leukocytes,"STAT1 IP - Rep 5, STAT1 IP - Rep 1, STAT1 IP - Rep 4, STAT1 IP - Rep 3, STAT1 IP - Rep 2",,,
IFNG,DGAT2,leukocytes,"STAT1 IP - Rep 5, STAT1 IP - Rep 1, STAT1 IP - Rep 4, STAT1 IP - Rep 3, STAT1 IP - Rep 2, MYC IP | IFNG - K562 cells, 6 h, IRF1 IP - Rep 2, MYC IP | IFNG - K562 cells, 30 min, IRF1 IP | IFNG - K562 cells, 6 h",,,
HES6,DGAT2,prostate,"HES6 OE | E2F1 ChIP-Seq - Rep 2, HES6 OE | E2F1 ChIP-Seq - Rep 3, HES6 OE | E2F1 ChIP-Seq - Rep 1, HES6 OE + BICALU | E2F1 ChIP-Seq - Rep 1, HES6 OE + BICALU | E2F1 ChIP-Seq - Rep 3, HES6 OE | E2F1 ChIP-Seq - Rep 4",,,
CEBPB,DGAT2,lung,"CEBPB ChIP-Seq - A549, CEBPB ChIP-Seq - IMR90, CEBPB IP - A549 cells",,,
CTCF,DGAT2,kidney,"CTCF IP - RPTEC cells, Rep 2 , CTCF IP - RPTEC cells, Rep 1 , CTCF IP - HEK293 cells, Rep 2 , CTCF IP - HEK293 cells, Rep 1 ",,,
FOXA1,DGAT2,prostate,"FOXA1 siRNA | CREB1 ChIP-Seq - Rep 2, FOXA1 KD | GATA2 ChIP-Seq, CON KD + R1881 | FOXA1 ChIP-Seq - Rep 1, WT AR OE | FOXA1 ChIP-Seq, CON KD + R1881 | FOXA1 ChIP-Seq - Rep 2, FOXA1 siRNA | CREB1 ChIP-Seq - Rep 1, PIAS1 + R1881 | FOXA1 ChIP-Seq - Rep 2",,,
CREB1,DGAT2,lung,CREB1 IP | DEX - A549 cells,,,
JUN,DGAT2,leukocytes,"JUN IP | IFNA1-13 - 30 min , JUN IP - K562 cells, Rep 2",,,
IFNA1,DGAT2,leukocytes,"JUN IP | IFNA1-13 - 30 min , MYC IP | IFNA1 - K562 cells, 30 min, MYC IP | IFNA1 - K562 cells, 6 h",,,
GATA2,DGAT2,prostate,FOXA1 KD | GATA2 ChIP-Seq,,,
SP1,DGAT2,stemcells,SP1 IP - H1 cells,,,
CTCF,DGAT2,heart,"CTCF IP - myocytes cells, Rep 1 ",,,
E2F6,DGAT2,leukocytes,"E2F6 IP - K562 cells, E2F6 IP - K562 cells",,,
CREB1,DGAT2,liver,"CREB1 IP, CREB1 IP - HepG2 cells, CREB1 IP",,,
HMGN3,DGAT2,leukocytes,HMGN3 IP - K562 cells,,,
ELF3,DGAT2,pancreas,"ELF3 IP, ELF3 IP",,,
USF1,DGAT2,uterus,USF1 IP - ECC1 cells,,,
PDX1,DGAT2,pancreas,PDX1 IP,,,
E2F1,DGAT2,uterus,"E2F1 IP - HeLa cells, Rep 1, E2F1 IP - HeLa cells, Rep 2",,,
TEAD4,DGAT2,leukocytes,TEAD4 IP - K562 cells,,,
KLF5,DGAT2,stomach,KLF5 IP - KATOIII,,,
TEAD4,DGAT2,cns,TEAD4 IP - SK-N-SH cells,,,
FOXM1,DGAT2,leukocytes,FOXM1 IP - GM12878 cells,,,
17BE2,DGAT2,mammarygland,"17BE2 | FOXA1 ChIP-Seq - Rep 2, 17BE2 | FOXA1 ChIP-Seq - Rep 1",,,
MAX,DGAT2,vasculature,MAX IP - HUVEC cells,,,
TCF12,DGAT2,lung,TCF12 IP - A549 cells,,,
MAFK,DGAT2,leukocytes,MAFK IP - K562 cells,,,
USF1,DGAT2,colon,USF1 IP - HCT116 cells,,,
CTCF,DGAT2,vasculature,"CTCF IP - HBMEC cells, Rep 1 , CTCF IP - HUVEC cells, Rep 1 , CTCF IP - HPAF cells, Rep 1 ",,,
USF2,DGAT2,leukocytes,USF2 IP - GM12878 cells,,,
FOXP1,DGAT2,colon,FOXP1 IP ,,,
MXI1,DGAT2,cns,MXI1 IP - SK-N-SH cells ,,,
BHLHE40,DGAT2,lung,BHLHE40 IP - A549 cells,,,
ELF1,DGAT2,colon,ELF1 IP - HCT116 cells,,,
MYC,DGAT2,bone,"MYC IP, MYC IP, MYC IP",,,
CTCF,DGAT2,mammarygland,"CTCF IP - HMEC cells, Rep 1 , CTCF IP - MCF-7 cells Rep 2 , CTCF IP - MCF-7 cells, Rep 1 , CTCF IP - MCF7 cells",,,
SREBF1,DGAT2,leukocytes,SREBF1 IP - GM12878 cells,,,
SMARCC2,DGAT2,uterus,SMARCC2 IP - HeLa cells,,,
SP1,DGAT2,colon,SP1 IP - HCT116 cells,,,
E2F6,DGAT2,lung,E2F6 IP - A549 cells,,,
FOSL2,DGAT2,liver,FOSL2 IP - HepG2 cells,,,
STAT3,DGAT2,mammarygland,"STAT3 IP | 4HT - MCF10 cells, 12 h, STAT3 IP | 4HT - MCF10 cells, 36 h, STAT3 IP - MCF10A cells, Rep 2",,,
BHLHE40,DGAT2,liver,"BHLHE40 IP - HepG2 cells, BHLHE40 IP - SK-N-SH cells",,,
SMAD4,DGAT2,stemcells,"SMAD4 ChIP-Seq - ESCs, SMAD4 IP - Rep 7 , SMAD4 IP - Rep 4 , SMAD4 IP - Rep 1 ",,,
JUN,DGAT2,mammarygland,"JUN IP, JUN IP | CPDA, JUN IP - Rep 2, JUN IP | DEX, JUN IP - Rep 1",,,
KLF11,DGAT2,adiposetissue,"ROSI (BrAT) | KLF11 ChIP-Seq, Rep 1, KLF11 ChIP-Seq, Rep 1, ROSI (BrAT) | KLF11 ChIP-Seq, Rep 2, KLF11 ChIP-Seq, Rep 2",,,
ROSI,DGAT2,adiposetissue,"ROSI (BrAT) | KLF11 ChIP-Seq, Rep 1, ROSI (BrAT) | KLF11 ChIP-Seq, Rep 2",,,
JUND,DGAT2,cns,"JUND IP - SK-N-SH cells , JUND IP - SK-N-SH cells",,,
FOXP1,DGAT2,prostate,DHT | FOXP1 ChIP-Seq,,,
DHT,DGAT2,prostate,DHT | FOXP1 ChIP-Seq,,,
JUND,DGAT2,leukocytes,"JUND IP - GM12878 cells, Rep 2, JUND IP - GM12878 cells, Rep 1 , JUND IP - K562 cells",,,
ATF2,DGAT2,leukocytes,ATF2 IP - GM12878 cells,,,
TCF12,DGAT2,uterus,TCF12 IP - ECC1 cells,,,
FOXA1,DGAT2,lung,"FOXA1 IP | DEX - A549 cells, FOXA1 IP - A549 cells",,,
CREB1,DGAT2,leukocytes,"CREB1 IP - GM12878 cells, CREB1 IP - K562 cells",,,
EGR1,DGAT2,leukocytes,EGR1 IP - K562 cells,,,
EBF1,DGAT2,leukocytes,"EBF1 IP - GM12878 cells, EBF1 IP - GM12878 cells",,,
CEBPB,DGAT2,uterus,CEBPB ChIP-Seq - HeLaS3,,,
DHT,DGAT2,mammarygland,"DHT | FOXA1 ChIP-Seq, DHT | TCF7L2 ChIP-Seq, DHT | MYC ChIP-Seq",,,
ZNF143,DGAT2,leukocytes,"ZNF143 IP - GM12878 cells, ZNF143 IP - K562 cells",,,
CTCF,DGAT2,uterus,"CTCF IP - HeLa cells , CTCF IP - HeLa cells, Rep 1 ",,,
RELB,DGAT2,leukocytes,"RELB IP - Rep 1, RELB IP - Rep 2",,,
TCF7L2,DGAT2,uterus,TCF7L2 IP - HeLa cells,,,
CTCF,DGAT2,megakaryocytelineage,"CTCF IP - MEG-01 cells, Rep 8 , CTCF IP - MEG-01 cells, Rep 6 , CTCF IP - MEG-01 cells, Rep 2 , CTCF IP - MEG-01 cells, Rep 10 , CTCF IP - MEG-01 cells, Rep 4 ",,,
FOXA1,DGAT2,uterus,FOXA1 IP - ECC1 cells,,,
YY1,DGAT2,leukocytes,"YY1 IP - GM12892 cells, Rep 1, YY1 IP - GM12878 cells, YY1 IP - GM12891 cells, YY1 IP - K562 cells, Rep 1",,,
MAX,DGAT2,cns,MAX IP - SK-N-SH cells,,,
RELA,DGAT2,adiposetissue,"RELA IP, RELA IP, RELA IP, RELA IP",,,
R1881,DGAT2,prostate,"CON KD + R1881 | FOXA1 ChIP-Seq - Rep 1, CON KD + R1881 | FOXA1 ChIP-Seq - Rep 2, PIAS1 + R1881 | FOXA1 ChIP-Seq - Rep 2",,,
CUX1,DGAT2,leukocytes,CUX1 IP - GM12878 cells,,,
MXI1,DGAT2,uterus,MXI1 IP - HeLa cells,,,
GATA2,DGAT2,leukocytes,"GATA2 IP - K562 cells, GATA2 IP - K562 cells",,,
CEBPB,DGAT2,bone,"CEBPB IP, CEBPB IP",,,
CEBPB,DGAT2,liver,"CEBPB ChIP-Seq - HepG2, CEBPB IP - HepG2 cells, CEBPB IP | FORSK - HepG2 cells",,,
CPDA,DGAT2,mammarygland,JUN IP | CPDA,,,
YY1,DGAT2,liver,YY1 IP - HepG2 cells,,,
FOSL1,DGAT2,mammarygland,FOSL1 IP,,,
FOXA1,DGAT2,liver,"FOXA1 IP - HepG2 cells, Rep 1, FOXA1 IP - HepG2 cells, Rep 2",,,
USF1,DGAT2,leukocytes,"USF1 IP - K562 cells, USF1 IP - GM12878 cells",,,
CTCF,DGAT2,adiposetissue,CTCF ChIP-Seq - d 9,,,
MAX,DGAT2,uterus,"MAX IP - HeLa cells, Rep 2, MAX IP - ECC1 cells, MAX IP - HeLa cells, Rep 1",,,
MXI1,DGAT2,leukocytes,MXI1 IP - GM12878 cells,,,
SMAD1,DGAT2,stemcells,"SMAD1 IP - Rep 6 , SMAD1 IP - Rep 5 , SMAD1 IP - Rep 7 , SMAD1 IP - Rep 2 ",,,
MAX,DGAT2,colon,MAX IP - HCT116 cells,,,
MYC,DGAT2,mammarygland,"MYC IP | 4HT - MCF10A cells, MYC IP - MCF-10A cells, MYC IP, DHT | MYC ChIP-Seq",,,
HEY1,DGAT2,liver,HEY1 IP - HepG2 cells,,,
E2F4,DGAT2,mammarygland,E2F4 IP | 4HT - MCF10 cells,,,
REST,DGAT2,liver,"REST IP - HepG2 cells, Rep 1",,,
SP1,DGAT2,leukocytes,"SP1 IP - GM12878 cells, SP1 IP - K562 cells",,,
MYC,DGAT2,colon,MYC IP - DTT,,,
TBP,DGAT2,uterus,TBP IP - HeLa cells,,,
CTCF,DGAT2,skin,"CTCF IP - GM12878 cells, Rep 2 , CTCF IP - AG04449 cells, Rep 1 ",,,
BATF,DGAT2,leukocytes,BATF IP - GM12878 cells,,,
GMEB2,DGAT2,colon,GMEB2 IP ,,,
MAX,DGAT2,lung,"MAX IP - A549 cells, MAX IP - A549 cells",,,
TCF7L2,DGAT2,mammarygland,"DHT | TCF7L2 ChIP-Seq, TCF7L2 ChIP-Seq",,,
JUND,DGAT2,liver,"JUND IP - HepG2 cells, JUND IP - HepG2 cells",,,
BHLHE40,DGAT2,leukocytes,"BHLHE40 IP - GM12878 cells, BHLHE40 IP - K562 cells",,,
AR,DGAT2,prostate,WT AR OE | FOXA1 ChIP-Seq,,,
SIX5,DGAT2,leukocytes,"SIX5 IP - K562 cells, Rep 2, SIX5 IP - GM12878 cells",,,
SPI1,DGAT2,hspcs,"SPI1 IP - Rep 2, SPI1 IP -  Rep 1",,,
TCF7L2,DGAT2,pancreas,TCF7L2 IP,,,
MAFF,DGAT2,leukocytes,MAFF IP - K562 cells,,,
MAX,DGAT2,stemcells,"MAX IP - H1 cells, MAX IP - H1 cells",,,
ETS1,DGAT2,leukocytes,"ETS1 IP, ETS1 IP - GM12878 cells",,,
TBP,DGAT2,leukocytes,"TBP IP - GM12878 cells, TBP IP - K562 cells",,,
ZEB1,DGAT2,liver,ZEB1 IP - HepG2 cells,,,
HIF1A,DGAT2,bone,HIF1A IP,,,
PRDM14,DGAT2,stemcells,PRDM14 IP,,,
MEF2A,DGAT2,leukocytes,MEF2A IP - GM12878 cells,,,
FOSL1,DGAT2,colon,FOSL1 IP - HCT116 cells,,,
MAZ,DGAT2,leukocytes,"MAZ IP - K562 cells, MAZ IP - GM12878 cells",,,
CTCF,DGAT2,miscellaneous,"CTCF IP - AG09319 cells, Rep 1 ",,,
JUND,DGAT2,colon,JUND IP - HCT116 cells,,,
PBX3,DGAT2,cns,PBX3 IP - SK-N-SH cells,,,
JUN,DGAT2,liver,JUN IP - HepG2 cells,,,
SRF,DGAT2,stemcells,"SRF IP - Rep 7 , SRF IP - Rep 6 ",,,
CEBPA,DGAT2,leukocytes,CEBPA IP,,,
SATB1,DGAT2,liver,SATB1 IP,,,
TCF3,DGAT2,leukocytes,TCF3 IP - GM12878 cells,,,
TAL1,DGAT2,leukocytes,TAL1 IP - K562 cells,,,
JUND,DGAT2,stemcells,"JUND IP - H1 cells, JUND IP - H1 cells",,,
HEY1,DGAT2,leukocytes,HEY1 IP - K562 cells,,,
ZBTB7A,DGAT2,uterus,ZBTB7A IP - ECC1 cells,,,
HOXA4,DGAT2,colon,HOXA4 IP ,,,
JUND,DGAT2,lung,JUND IP - A549 cells,,,
ATF3,DGAT2,colon,ATF3 IP - HCT116 cells,,,
TCF12,DGAT2,leukocytes,TCF12 IP - GM12878 cells,,,
MYC,DGAT2,uterus,MYC IP - HeLa cells,,,
RELA,DGAT2,colon,RELA IP ,,,
IRF4,DGAT2,leukocytes,"IRF4 IP - GM12878 cells, IRF4 IP",,,
ELF1,DGAT2,liver,ELF1 IP - HepG2 cells,,,
IRF1,DGAT2,leukocytes,"IRF1 IP - Rep 2, IRF1 IP | IFNG - K562 cells, 6 h",,,
GATA1,DGAT2,hspcs,"GATA1 IP - PBDE cells, Rep 1",,,
TEAD4,DGAT2,liver,TEAD4 IP - HepG2 cells,,,
GATA3,DGAT2,lung,GATA3 IP - A549 cells,,,
MYC,DGAT2,liver,MYC IP,,,
E2F1,DGAT2,mammarygland,"E2F1 IP, E2F1 IP - MCF7 cells",,,
IRF1,DGAT2,pancreas,IRF1 IP,,,
REST,DGAT2,uterus,REST IP - SK-N-SH cells,,,
EBF1,DGAT2,adiposetissue,EBF1 IP,,,
TAL1,DGAT2,colon,TAL1 IP ,,,
FOXA2,DGAT2,liver,FOXA2 IP - HepG2 cells,"19822575,",,
UBTF,DGAT2,leukocytes,UBTF IP - K562 cells,,,
GTF2B,DGAT2,uterus,GTF2B IP - Rep 2,,,
RUNX1,DGAT2,hspcs,RUNX1,,,
MXI1,DGAT2,liver,MXI1 IP - HepG2 cells,,,
OTX2,DGAT2,stemcells,"OTX2 IP - Rep 10 , OTX2 IP - Rep 9 ",,,
CLOCK,DGAT2,bone,CLOCK IP,,,
SRF,DGAT2,leukocytes,SRF IP - SK-N-SH cells,,,
REST,DGAT2,cns,REST IP - SK-N-SH cells,,,
ATF3,DGAT2,liver,ATF3 IP - HepG2 cells,,,
FOXA2,DGAT2,lung,FOXA2 IP - A549 cells,,,
ELF1,DGAT2,leukocytes,"ELF1 IP - SK-N-SH cells, ELF1 IP - SK-N-SH cells",,,
MAZ,DGAT2,uterus,MAZ IP - HeLa cells,,,
ZBTB7A,DGAT2,leukocytes,ZBTB7A IP - SK-N-SH cells,,,
KLF5,DGAT2,pancreas,KLF5 IP,,,
JUND,DGAT2,vasculature,JUND IP,,,
STAT5A,DGAT2,leukocytes,STAT5A IP - GM12878 cells,,,
BCL11A,DGAT2,leukocytes,BCL11A IP - GM12878 cells,,,
CREB1,DGAT2,stemcells,CREB1 IP - H1 cells,,,
ETV5,DGAT2,colon,ETV5 IP ,,,
TP53,DGAT2,mammarygland,TP53 IP,,,
GATA4,DGAT2,stomach,GATA4 IP - AGS,,,
BCL3,DGAT2,leukocytes,BCL3 IP - GM12878 cells,,,
SP1,DGAT2,lung,SP1 IP - A549 cells,,,
TBP,DGAT2,liver,TBP IP - HepG2 cells,,,
USF1,DGAT2,liver,USF1 IP - HepG2 cells,,,
CTCF,DGAT2,pancreas,CTCF IP,,,
RUNX1,DGAT2,leukocytes,SPI1 IP | RUNX1 KD,,,
IRF1,DGAT2,colon,IRF1 IP ,,,
USF1,DGAT2,stemcells,USF1 IP - H1 cells,,,
ZNF143,DGAT2,stemcells,ZNF143 IP - H1 cells,,,
PBX3,DGAT2,leukocytes,PBX3 IP - GM12878 cells,,,
MXI1,DGAT2,lung,MXI1 IP - IMR cells,,,
POU2F2,DGAT2,leukocytes,POU2F2 IP - GM12878 cells,,,
NFKB1,DGAT2,leukocytes,"NFKB1 IP - Rep 1, NFKB1 IP - Rep 2",,,
ROSI,DGAT2,leukocytes,ROSI | SPI1 ChIP-Seq,,,
TAL1,DGAT2,stemcells,TAL1 IP - Rep 1 ,,,
PIAS1,DGAT2,prostate,PIAS1 + R1881 | FOXA1 ChIP-Seq - Rep 2,,,
SIX5,DGAT2,lung,SIX5 IP | DEX - A549 cells,,,
ATRA,DGAT2,cns,USF1 IP | ATRA - SK-N-SH cells,,,
TEAD4,DGAT2,uterus,TEAD4 IP - ECC1 cells,,,
MTA3,DGAT2,leukocytes,MTA3 IP - GM12878 cells,,,
FORSK,DGAT2,liver,CEBPB IP | FORSK - HepG2 cells,,,
FOS,DGAT2,vasculature,FOS IP - HUVEC cells,,,
ARNTL,DGAT2,colon,ARNTL IP - Rep 1 ,,,
CEBPA,DGAT2,adiposetissue,CEBPA ChIP-Seq,,,
IKZF1,DGAT2,leukocytes,IKZF1 IP - GM12878 cells,,,
E2F3,DGAT2,colon,E2F3 IP ,,,
FOXA1,GK2,mammarygland,"DEX | FOXA1 ChIP-Seq - Rep 1, FOXA1 ChIP-Seq - Rep 2, 17BE2 | FOXA1 ChIP-Seq - Rep 2, FOXA1 ChIP-Seq - Rep 1, DEX | FOXA1 ChIP-Seq - Rep 2",,,
DEX,GK2,mammarygland,"DEX | FOXA1 ChIP-Seq - Rep 1, DEX | FOXA1 ChIP-Seq - Rep 2",,,
TP53,GK2,lung,"TP53 IP | TP53 KD - senescent, TP53 IP - growing, TP53 IP - senescent",,,
FOXA1,GK2,prostate,"WT AR OE + FOXA1 OE | FOXA1 ChIP-Seq - high FOXA1, FOXA1 ChIP-Seq",,,
AR,GK2,prostate,WT AR OE + FOXA1 OE | FOXA1 ChIP-Seq - high FOXA1,,,
RELA,GK2,leukocytes,"RELA IP, RELA IP | DEX",,,
17BE2,GK2,mammarygland,17BE2 | FOXA1 ChIP-Seq - Rep 2,,,
SPI1,GK2,leukocytes,"SPI1 IP, SPI1 IP - GM12878 cells, Rep 4 , SPI1 IP - GM12878 cells, Rep 3 , SPI1 IP, SPI1 IP",,,
CEBPB,GK2,leukocytes,"CEBPB IP, CEBPB IP, CEBPB IP, CEBPB ChIP-Seq - K562, CEBPB IP - HL-60 cells, Rep 2 , CEBPB IP, CEBPB IP, CEBPB IP - HL-60 cells, Rep 1 , CEBPB IP",,,
GATA3,GK2,cns,GATA3 IP - SHSY5Y cells,,,
JUND,GK2,stemcells,JUND IP - H1 cells,,,
MAFK,GK2,liver,"MAFK IP - HepG2 cells, Rep 2, MAFK IP - HepG2 cells, Rep 1",,,
CEBPB,GK2,stemcells,"CEBPB IP, CEBPB IP, CEBPB IP, CEBPB IP, CEBPB IP, CEBPB IP, CEBPB IP",,,
CEBPB,GK2,colon,"CEBPB IP | 125DVD3, CEBPB IP",,,
125DVD3,GK2,colon,CEBPB IP | 125DVD3,,,
FOXP1,GK2,leukocytes,"FOXP1 IP - HT, FOXP1 IP - OCI-LY19, FOXP1 IP - OCI-LY8, FOXP1 IP - OCI-LY10, FOXP1 IP - BJAB",,,
CEBPB,GK2,liver,CEBPB ChIP-Seq - HepG2,,,
GATA2,GK2,cns,GATA2 ChIP-Seq SH-SY5Y,,,
TP53,GK2,colon,"TP53 IP | TP53 KO, TP53 IP | CAMPTO",,,
DEX,GK2,leukocytes,RELA IP | DEX,,,
MAFK,GK2,lung,MAFK IP - IMR cells,,,
MAFF,GK2,leukocytes,MAFF IP - K562 cells,,,
CEBPB,GK2,lung,CEBPB ChIP-Seq - IMR90,,,
MAFK,GK2,leukocytes,MAFK IP - K562 cells,,,
YY1,GK2,stemcells,YY1 IP - H1 cells,,,
PDX1,GK2,pancreas,PDX1 IP,,,
TP53,GK2,skin,"TP53 IP | TP53 KD, TP53 IP",,,
MAFF,GK2,liver,MAFF IP - HepG2 cells,,,
CAMPTO,GK2,colon,TP53 IP | CAMPTO,,,
SPI1,GK,leukocytes,"SPI1 IP - U-937 cells, Rep 1 , SPI1 IP, SPI1 IP, SPI1 IP - GM12878 cells, SPI1 IP - GM12891 cells, SPI1 IP - U-937 cells, Rep 4 , SPI1 IP, SPI1 IP, SPI1 IP, SPI1 IP, SPI1 IP - U-937 cells, Rep 3 , SPI1 IP, SPI1 IP - U-937 cells, Rep 6 , SPI1 IP - K562 cells, SPI1 IP - HL cells, SPI1 IP",,,
CEBPA,GK,leukocytes,"CEBPA IP - U-937 cells, Rep 2 , CEBPA IP - U-937 cells, Rep 1 ",,,
RBPJ,GK,leukocytes,"RBPJ IP | COMPE - wash, RBPJ IP | COMPE",,,
COMPE,GK,leukocytes,"RBPJ IP | COMPE - wash, RBPJ IP | COMPE",,,
PBX3,GK,cns,PBX3 IP - SK-N-SH cells,,,
REST,GK,leukocytes,"REST IP - K562 cells, REST IP - HL60 cells",,,
MYC,GK,leukocytes,"MYC IP - NB4 cells, MYC IP | IFNG - K562 cells, 30 min, MYC IP - K562 cells, Rep 1, MYC IP | IFNG - K562 cells, 6 h",,,
HEY1,GK,liver,HEY1 IP - HepG2 cells,,,
CEBPB,GK,leukocytes,"CEBPB ChIP-Seq - K562, CEBPB IP - K562 cells, CEBPB IP, CEBPB IP - HL-60 cells, Rep 1 , CEBPB IP, CEBPB IP, CEBPB IP, CEBPB IP - HL-60 cells, Rep 2 , CEBPB IP, CEBPB IP",,,
GABPA,GK,leukocytes,"GABPA IP - Jurkat, Rep 2",,,
FOXA1,GK,liver,"FOXA1 IP - HepG2 cells, Rep 1, FOXA1 IP - HepG2 cells, Rep 2",,,
USF1,GK,stemcells,USF1 IP - H1 cells,,,
CREB1,GK,liver,"CREB1 IP, CREB1 IP, CREB1 IP, CREB1 IP - HepG2 cells",,,
MAX,GK,leukocytes,"MAX IP - K562 cells, Rep 1, MAX IP - GM12878 cells, MAX IP - NB4 cells, MAX IP - K562 cells, MAX IP - K562 cells, Rep 2",,,
MAX,GK,liver,"MAX IP - HepG2 cells, MAX IP - HepG2 cells, MAX IP - MCF7 cells",,,
CREB1,GK,leukocytes,"CREB1 IP - K562 cells, CREB1 IP - GM12878 cells",,,
NFKB1,GK,leukocytes,"NFKB1 IP - Rep 2, NFKB1 IP - Rep 1",,,
MXI1,GK,uterus,MXI1 IP - HeLa cells,,,
YY1,GK,leukocytes,"YY1 IP - GM12878 cells, YY1 IP - K562 cells, Rep 2, YY1 IP - GM12891 cells, YY1 IP - GM12892 cells, Rep 1, YY1 IP - K562 cells, Rep 1, YY1 IP - K562 cells",,,
GTF2B,GK,uterus,GTF2B IP - Rep 2,,,
TCF7L2,GK,uterus,TCF7L2 IP - HeLa cells,,,
E2F1,GK,prostate,"BICALU | E2F1 ChIP-Seq - Rep 3, E2F1 ChIP-Seq - Rep 1, HES6 OE | E2F1 ChIP-Seq - Rep 3, HES6 OE + BICALU | E2F1 ChIP-Seq - Rep 3, HES6 OE | E2F1 ChIP-Seq - Rep 4, E2F1 ChIP-Seq - Rep 2, E2F1 ChIP-Seq - Rep 3, BICALU | E2F1 ChIP-Seq - Rep 1, HES6 OE + BICALU | E2F1 ChIP-Seq - Rep 1, HES6 OE | E2F1 ChIP-Seq - Rep 1, E2F1 ChIP-Seq - Rep 4",,,
BICALU,GK,prostate,"BICALU | E2F1 ChIP-Seq - Rep 3, HES6 OE + BICALU | E2F1 ChIP-Seq - Rep 3, BICALU | E2F1 ChIP-Seq - Rep 1, HES6 OE + BICALU | E2F1 ChIP-Seq - Rep 1",,,
RELA,GK,leukocytes,"RELA IP | TNF - GM12891 cells, RELA IP | TNF - GM18951 cells, RELA IP | TNF - GM15510 cells, RELA IP | TNF - GM19099 cells",,,
TNF,GK,leukocytes,"RELA IP | TNF - GM12891 cells, RELA IP | TNF - GM18951 cells, RELA IP | TNF - GM15510 cells",,,
CEBPB,GK,colon,"CEBPB IP | 125DVD3, CEBPB IP - HCT116 cells, CEBPB IP",,,
125DVD3,GK,colon,"CEBPB IP | 125DVD3, CDX2 IP | 125DVD3",,,
YY1,GK,uterus,YY1 IP - ECC1 cells,,,
MAX,GK,cns,MAX IP - SK-N-SH cells,,,
E2F4,GK,uterus,E2F4 IP - HeLa cells,,,
CREB1,GK,prostate,"FOXA1 siRNA | CREB1 ChIP-Seq - Rep 1, CREB1 ChIP-Seq - LNCaP, CREB1 ChIP-Seq - Rep 1, CREB1 ChIP-Seq - Rep 2, CREB1 ChIP-Seq - LNCaP-abl, FOXA1 siRNA | CREB1 ChIP-Seq - Rep 2",,,
FOXA1,GK,prostate,"FOXA1 siRNA | CREB1 ChIP-Seq - Rep 1, FOXA1 KD | FOXA1 ChIP-Seq, CON KD + R1881 | FOXA1 ChIP-Seq - Rep 1, CON KD | FOXA1 ChIP-Seq, DHT | FOXA1 ChIP-Seq, PIAS1 + R1881 | FOXA1 ChIP-Seq - Rep 2, DHT | FOXA1 ChIP-Seq, DHT | FOXA1 ChIP-Seq, PIAS1 + R1881 | FOXA1 ChIP-Seq - Rep 1, FOXA1 KD | GATA2 ChIP-Seq, FOXA1 ChIP-Seq, CON KD | FOXA1 ChIP-Seq, EtOH | FOXA1 ChIP-Seq - , DHT | FOXA1 ChIP-Seq, GATA2 KD + R1881 | FOXA1 ChIP-Seq, FOXA1 siRNA | CREB1 ChIP-Seq - Rep 2, R1881 | FOXA1 ChIP-Seq - Rep 1, CON KD + R1881 | FOXA1 ChIP-Seq, FOXA1 KD | FOXA1 ChIP-Seq, R1881 | FOXA1 ChIP-Seq - Rep 2, CON KD + R1881 | FOXA1 ChIP-Seq - Rep 2",,,
USF1,GK,cns,"USF1 IP | ATRA - SK-N-SH cells, USF1 IP - SK-N-SH cells",,,
ATRA,GK,cns,USF1 IP | ATRA - SK-N-SH cells,,,
FOS,GK,leukocytes,FOS IP - K562 cells,,,
CEBPB,GK,uterus,CEBPB ChIP-Seq - HeLaS3,,,
SP1,GK,stemcells,SP1 IP - H1 cells,,,
JUND,GK,liver,"JUND IP - HepG2 cells, JUND IP - HepG2 cells",,,
IFNG,GK,leukocytes,"MYC IP | IFNG - K562 cells, 30 min, STAT1 IP - Rep 2, STAT1 IP - Rep 6, IRF1 IP | IFNG - K562 cells, 6 h, IRF1 IP - Rep 2, IRF1 IP - Rep 3, STAT1 IP - Rep 5, MYC IP | IFNG - K562 cells, 6 h, STAT1 IP - Rep 3, STAT1 IP - Rep 1, STAT1 IP - Rep 4",,,
IRF1,GK,colon,IRF1 IP ,,,
MAX,GK,stemcells,"MAX IP - H1 cells, MAX IP - H1 cells",,,
USF1,GK,leukocytes,"USF1 IP - GM12878 cells, USF1 IP - K562 cells",,,
KLF11,GK,adiposetissue,"KLF11 ChIP-Seq, Rep 2, ROSI (BrAT) | KLF11 ChIP-Seq, Rep 2, ROSI (BrAT) | KLF11 ChIP-Seq, Rep 1, KLF11 ChIP-Seq, Rep 1",,,
ELF3,GK,pancreas,"ELF3 IP, ELF3 IP | KLF5 KO, ELF3 IP",,,
STAT1,GK,leukocytes,"STAT1 IP - Rep 2, STAT1 IP - Rep 6, STAT1 IP - Rep 5, STAT1 IP - Rep 3, STAT1 IP - Rep 1, STAT1 IP - Rep 4",,,
STAT3,GK,leukocytes,"STAT3 IP - SU-DHL-6, STAT3 IP - SU-DHL-2, STAT3 IP - OCI-LY7",,,
RUNX1,GK,hspcs,RUNX1,,,
ROSI,GK,adiposetissue,"ROSI (BrAT) | KLF11 ChIP-Seq, Rep 2, ROSI (BrAT) | KLF11 ChIP-Seq, Rep 1",,,
MXI1,GK,cns,MXI1 IP - SK-N-SH cells ,,,
ATF1,GK,leukocytes,ATF1 IP - K562 cells,,,
MXI1,GK,leukocytes,"MXI1 IP - GM12878 cells, MXI1 IP - K562 cells",,,
GATA6,GK,stomach,GATA6 IP - YCC3,,,
MAZ,GK,leukocytes,"MAZ IP - GM12878 cells, MAZ IP - K562 cells",,,
FOS,GK,mammarygland,"FOS IP | 4HT - MCF10A cells, 36 h, FOS IP | 4HT - MCF10A cells, 12 h, FOS IP | 4HT - MCF10A cells, 4 h, FOS IP - MCF10A cells",,,
4HT,GK,mammarygland,"FOS IP | 4HT - MCF10A cells, 36 h, FOS IP | 4HT - MCF10A cells, 12 h, STAT3 IP | 4HT - MCF10 cells, 36 h, MYC IP | 4HT - MCF10A cells, FOS IP | 4HT - MCF10A cells, 4 h, STAT3 IP | 4HT - MCF10 cells, 12 h, E2F4 IP | 4HT - MCF10 cells",,,
STAT3,GK,mammarygland,"STAT3 IP | 4HT - MCF10 cells, 36 h, STAT3 IP | 4HT - MCF10 cells, 12 h, STAT3 IP - MCF10A cells, Rep 2, STAT3 IP - MCF10A cells, Rep 1",,,
MYBL2,GK,liver,MYBL2 IP - HepG2 cells,,,
CEBPB,GK,liver,"CEBPB ChIP-Seq - HepG2, CEBPB IP - HepG2 cells, CEBPB IP | FORSK - HepG2 cells",,,
SP1,GK,colon,SP1 IP - HCT116 cells,,,
KLF5,GK,pancreas,"ELF3 IP | KLF5 KO, FOXA1 IP | KLF5 KO",,,
HES6,GK,prostate,"HES6 OE | E2F1 ChIP-Seq - Rep 3, HES6 OE + BICALU | E2F1 ChIP-Seq - Rep 3, HES6 OE | E2F1 ChIP-Seq - Rep 4, HES6 OE + BICALU | E2F1 ChIP-Seq - Rep 1, HES6 OE | E2F1 ChIP-Seq - Rep 1",,,
TAL1,GK,leukocytes,TAL1 IP - K562 cells,,,
MAX,GK,vasculature,MAX IP - HUVEC cells,,,
MXI1,GK,lung,MXI1 IP - IMR cells,,,
ETS1,GK,leukocytes,ETS1 IP,,,
HEY1,GK,leukocytes,HEY1 IP - K562 cells,,,
FOXM1,GK,leukocytes,FOXM1 IP - GM12878 cells,,,
GATA4,GK,stomach,GATA4 IP - AGS,,,
NFYB,GK,leukocytes,"NFYB IP - K562 cells, NFYB IP - GM12878 cells",,,
FOXA1,GK,mammarygland,DHT | FOXA1 ChIP-Seq,,,
DHT,GK,mammarygland,"DHT | FOXA1 ChIP-Seq, DHT | MYC ChIP-Seq",,,
MYC,GK,mammarygland,"DHT | MYC ChIP-Seq, MYC IP | 4HT - MCF10A cells, MYC IP - MCF-10A cells",,,
CREB1,GK,uterus,CREB1 IP - ECC1 cells,,,
BATF,GK,leukocytes,BATF IP - GM12878 cells,,,
E2F1,GK,mammarygland,"E2F1 IP, E2F1 IP - MCF7 cells",,,
SP1,GK,lung,SP1 IP - A549 cells,,,
MYB,GK,leukocytes,"MYB IP - Jurkat, Rep 2, MYB IP - Jurkat, Rep 4",,,
TP53,GK,lung,"TP53 IP - propapoptic, Rep 1",,,
NFYA,GK,uterus,NFYA IP - HeLa cells,,,
R1881,GK,prostate,"CON KD + R1881 | FOXA1 ChIP-Seq - Rep 1, PIAS1 + R1881 | FOXA1 ChIP-Seq - Rep 2, PIAS1 + R1881 | FOXA1 ChIP-Seq - Rep 1, GATA2 KD + R1881 | FOXA1 ChIP-Seq, R1881 | FOXA1 ChIP-Seq - Rep 1, CON KD + R1881 | FOXA1 ChIP-Seq, R1881 | FOXA1 ChIP-Seq - Rep 2, CON KD + R1881 | FOXA1 ChIP-Seq - Rep 2",,,
BCL3,GK,lung,BCL3 IP - A549 cells,,,
GTF2F1,GK,uterus,GTF2F1 IP - HeLa cells,,,
YY1,GK,stemcells,"YY1 IP - NT2 cells, YY1 IP - H1 cells",,,
TBP,GK,uterus,TBP IP - HeLa cells,,,
DHT,GK,prostate,"DHT | FOXA1 ChIP-Seq, DHT | FOXA1 ChIP-Seq, DHT | FOXA1 ChIP-Seq, DHT | FOXA1 ChIP-Seq",,,
FOXA1,GK,pancreas,"FOXA1 IP | KLF5 KO, FOXA1 IP, FOXA1 IP",,,
E2F6,GK,lung,E2F6 IP - A549 cells,,,
STAT5A,GK,leukocytes,STAT5A IP - K562 cells,,,
CREB1,GK,stemcells,CREB1 IP - H1 cells,,,
PIAS1,GK,prostate,"PIAS1 + R1881 | FOXA1 ChIP-Seq - Rep 2, PIAS1 + R1881 | FOXA1 ChIP-Seq - Rep 1",,,
SP1,GK,leukocytes,"SP1 IP - K562 cells, SP1 IP - GM12878 cells",,,
UBTF,GK,leukocytes,UBTF IP - K562 cells,,,
NFYB,GK,uterus,NFYB IP - HeLa cells,,,
POU2F2,GK,leukocytes,POU2F2 IP - GM12878 cells,,,
USF1,GK,lung,"USF1 IP - A549 cells, Rep 1, USF1 IP - A549 cells, Rep 2, USF1 IP | DEX - A549 cells",,,
JUN,GK,vasculature,JUN IP,,,
CDX2,GK,colon,"CDX2 IP | 125DVD3, CDX2 IP",,,
E2F1,GK,uterus,"E2F1 IP - HeLa cells, Rep 1, E2F1 IP - HeLa cells, Rep 2",,,
JUN,GK,liver,JUN IP - HepG2 cells,,,
BCL3,GK,leukocytes,BCL3 IP - GM12878 cells,,,
IRF1,GK,leukocytes,"IRF1 IP | IFNG - K562 cells, 6 h, IRF1 IP - Rep 2, IRF1 IP - Rep 3",,,
ARID3A,GK,leukocytes,ARID3A IP - K562 cells,,,
CEBPB,GK,stemcells,"CEBPB IP, CEBPB IP, CEBPB IP, CEBPB IP, CEBPB IP, CEBPB IP",,,
BHLHE40,GK,leukocytes,"BHLHE40 IP - K562 cells, BHLHE40 IP - GM12878 cells",,,
EGR1,GK,leukocytes,EGR1 IP - K562 cells,,,
FOSL2,GK,liver,FOSL2 IP - HepG2 cells,,,
JUN,GK,leukocytes,"JUN IP - K562 cells, Rep 1, JUN IP | IFNA1-13 - 30 min , JUN IP - K562 cells, Rep 2",,,
HOXA4,GK,colon,HOXA4 IP ,,,
SP1,GK,liver,SP1 IP - HepG2 cells,,,
EBF1,GK,leukocytes,EBF1 IP - GM12878 cells,,,
JUND,GK,lung,JUND IP - A549 cells,,,
MAX,GK,uterus,"MAX IP - ECC1 cells, MAX IP - HeLa cells, Rep 2, MAX IP - HeLa cells, Rep 1",,,
TEAD4,GK,leukocytes,TEAD4 IP - K562 cells,,,
MAZ,GK,uterus,MAZ IP - HeLa cells,,,
RUNX1,GK,leukocytes,RUNX1 IP,,,
ATF3,GK,leukocytes,"ATF3 IP - K562 cells, ATF3 IP - K562 cells, ATF3 IP - GM12878 cells",,,
E2F6,GK,leukocytes,"E2F6 IP - K562 cells, E2F6 IP - K562 cells",,,
TAL1,GK,colon,TAL1 IP ,,,
USF1,GK,liver,USF1 IP - HepG2 cells,,,
E2F6,GK,stemcells,E2F6 IP - H1 cells,,,
GATA2,GK,prostate,"FOXA1 KD | GATA2 ChIP-Seq, GATA2 ChIP-Seq, GATA2 KD + R1881 | FOXA1 ChIP-Seq",,,
E2F4,GK,mammarygland,E2F4 IP | 4HT - MCF10 cells,,,
MTA3,GK,leukocytes,MTA3 IP - GM12878 cells,,,
REST,GK,cns,"REST IP - PFSK-N-SH cells1 cells, Rep 1, REST IP - PFSK1 cells, Rep 2",,,
TCF12,GK,lung,TCF12 IP - A549 cells,,,
TEAD4,GK,liver,TEAD4 IP - HepG2 cells,,,
NFKB2,GK,leukocytes,"NFKB2 IP - Rep 1, NFKB2 IP - Rep 2",,,
NFYA,GK,colon,NFYA IP ,,,
USF2,GK,leukocytes,"USF2 IP - GM12878 cells, USF2 IP - K562 cells",,,
ELF1,GK,leukocytes,"ELF1 IP - SK-N-SH cells, ELF1 IP - SK-N-SH cells",,,
FOS,GK,vasculature,FOS IP - HUVEC cells,,,
JUND,GK,vasculature,JUND IP,,,
MAZ,GK,lung,MAZ IP - IMR cells,,,
CTCF,GK,liver,CTCF IP - HepG2 cells ,,,
IFNA1,GK,leukocytes,JUN IP | IFNA1-13 - 30 min ,,,
FORSK,GK,liver,CEBPB IP | FORSK - HepG2 cells,,,
RELA,GK,adiposetissue,RELA IP,,,
BHLHE40,GK,liver,BHLHE40 IP - HepG2 cells,,,
CREB1,GK,colon,CREB1 IP ,,,
GATA2,GK,vasculature,GATA2 IP - HUVEC cells,,,
E2F6,GK,uterus,E2F6 IP - HeLa cells,,,
JUND,GK,leukocytes,JUND IP - K562 cells,,,
USF2,GK,uterus,USF2 IP - HeLa cells,,,
ELF1,GK,liver,ELF1 IP - HepG2 cells,,,
MAX,GK,colon,MAX IP - HCT116 cells,,,
TBP,GK,leukocytes,"TBP IP - GM12878 cells, TBP IP - K562 cells",,,
USF1,GK,uterus,USF1 IP - ECC1 cells,,,
ZBTB7A,GK,leukocytes,ZBTB7A IP - SK-N-SH cells,,,
MAX,GK,lung,"MAX IP - A549 cells, MAX IP - A549 cells",,,
YY1,GK,liver,YY1 IP - HepG2 cells,,,
REST,GK,liver,"REST IP - HepG2 cells, Rep 2, REST IP - HepG2 cells, Rep 1",,,
CTCF,GK,leukocytes,CTCF IP,,,
FOXA2,GK,embryonictissue,FOXA2 IP - Rep 2,,,
CEBPB,GK,lung,CEBPB ChIP-Seq - IMR90,,,
CREB1,GK,lung,"CREB1 IP - A549 cells, Rep 2, CREB1 IP | DEX - A549 cells",,,
USF1,GK,colon,USF1 IP - HCT116 cells,,,
USF2,GK,liver,USF2 IP - HepG2 cells,,,
TBP,GK,liver,TBP IP - HepG2 cells,,,
DEX,GK,lung,"CREB1 IP | DEX - A549 cells, USF1 IP | DEX - A549 cells",,,
ATF3,GK,liver,ATF3 IP - HepG2 cells,,,
STAT5B,GK,leukocytes,STAT5B IP | IL2 - Rep 2,,,
IL2,GK,leukocytes,STAT5B IP | IL2 - Rep 2,,,
TBP,GK,stemcells,TBP IP - H1 cells,,,
USF2,GK,stemcells,USF2 IP - H1 cells,,,
EGR1,GK,colon,EGR1 IP - HCT116 cells,,,
GATA3,GK,cns,GATA3 IP - SK-N-SH cells,,,
HNF1B,GK,pancreas,HNF1B IP,,,
E2F3,GK,colon,E2F3 IP ,,,
KLF5,GK,stomach,KLF5 IP - KATOIII,,,
FOXA2,GK,liver,FOXA2 IP - HepG2 cells,,,
GATA3,GK,mammarygland,GATA3 IP - MCF7 cells,,,
MXI1,GK,liver,MXI1 IP - HepG2 cells,,,
BCL11A,GK,leukocytes,BCL11A IP - GM12878 cells,,,
ARID3A,GK,liver,ARID3A IP - HepG2 cells,,,
MYC,GK,uterus,MYC IP - HeLa cells,,,
E2F4,GK,leukocytes,E2F4 IP - K562 cells,,,
MAZ,GNPAT,lung,MAZ IP - IMR cells,,,
CTCF,GNPAT,leukocytes,"CTCF IP - GM2610 cells, Rep 3 , CTCF IP - GM2630 cells, Rep 3 , CTCF IP - GM06986 cells, CTCF IP - GM12890 cells, Rep 3 , CTCF IP - MS1 cells, Rep 1 , CTCF IP - GM12892 cells, Rep 1 , CTCF IP - GM2630 cells, Rep 1 , CTCF IP - GM19240 cells, Rep 1 , CTCF IP - K562 cells, CTCF IP - F36P cells, Rep 3 , CTCF IP - MS1 cells, Rep 2 , CTCF IP - GM19239 cells, Rep 2 , CTCF IP - GM12891 cells, Rep 2 , CTCF IP - GM12814 cells, Rep 1, CTCF IP - GM19239 cells, Rep 1 , CTCF IP - K562 cells, Rep 14 , CTCF IP - GM12878 cells, Rep 1 , CTCF IP - MS1 cells, Rep 3 , CTCF IP - GM2588 cells, Rep 2 , CTCF IP - GM2630 cells, Rep 2 , CTCF IP - GM12891 cells, Rep 1 , CTCF IP - MS1 cells, Rep 4 , CTCF IP - GM2255 cells, Rep 2 , CTCF IP -  CD20+ cells , CTCF IP - GM18486 cells, Rep 1 , CTCF ChIP-Seq - GM12878, CTCF IP, CTCF IP - GM2588 cells, Rep 3 , CTCF IP - F36P cells, Rep 14 , CTCF IP - F36P cells, Rep 10 , CTCF IP - GM11994 cells, Rep 2, CTCF IP - K562 cells, Rep 12 , CTCF IP - GM12892 cells, Rep 2 , CTCF IP -  DND , CTCF IP - GM11831 cells, CTCF IP - GM11994 cells, Rep 1, CTCF IP - GM12890 cells, Rep 1 , CTCF IP - GM2588 cells, Rep 1 , CTCF IP - GM18486 cells, Rep 3 , CTCF IP - K562 cells, CTCF IP - GM19238 cells, Rep 1 , CTCF IP - GM12890 cells, Rep 2 , CTCF IP - GM19240 cells, Rep 2 , CTCF IP - GM12878 cells, Rep 2 , CTCF IP - F36P cells, Rep 6 , CTCF IP - GM12154 cells, Rep 1, CTCF IP - GM2610 cells, Rep 2 , CTCF IP - GM2255 cells, Rep 3 , CTCF IP - GM19238 cells, Rep 2 ",,,
FOXA1,GNPAT,liver,"FOXA1 IP - HepG2 cells, Rep 1, FOXA1 IP - HepG2 cells, Rep 2",,,
USF1,GNPAT,uterus,USF1 IP - ECC1 cells,,,
SPI1,GNPAT,leukocytes,"SPI1 IP - GM12891 cells, SPI1 IP, SPI1 IP | RUNX1 KD, SPI1 IP, SPI1 IP - K562 cells, SPI1 IP - U-937 cells, Rep 6 , SPI1 IP - U-937 cells, Rep 4 , SPI1 IP - GM12878 cells, SPI1 IP, SPI1 IP - U-937 cells, Rep 3 , SPI1 IP, SPI1 IP - GM12878 cells, Rep 4 , SPI1 IP - HL cells, SPI1 IP - U-937 cells, Rep 5 , ROSI | SPI1 ChIP-Seq, SPI1 IP, SPI1 IP - GM12878 cells, Rep 3 , SPI1 IP - U-937 cells, Rep 1 , SPI1 IP - GM12878 cells, Rep 2 , SPI1 IP",,,
PAX5,GNPAT,leukocytes,"PAX5 IP - GM12892 cells, PAX5 IP - GM12878 cells, Rep 2, PAX5 IP - GM12878 cells, Rep 1, PAX5 IP - GM12891 cells",,,
ZNF263,GNPAT,kidney,ZNF263 IP - HEK293 cells,,,
REST,GNPAT,leukocytes,"REST IP - GM12878 cells, Rep 17 , REST IP - Jurkat cells, Rep 5 , REST IP - GM12878 cells, Rep 28 , REST IP - GM12878 cells, Rep 1 , REST IP - GM12878 cells, Rep 7 , REST IP - GM12878 cells, Rep 25 , REST IP - GM12878 cells, Rep 13 , REST IP - GM12878 cells, Rep 5 , REST IP - Jurkat cells, Rep 10 , REST IP - K562 cells , REST IP - Jurkat cells, Rep 11 , REST IP - GM12878 cells, Rep 9 , REST IP - GM12878 cells, Rep 19 , REST IP - Jurkat cells, Rep 7 , REST IP - GM12878 cells, Rep 2 , REST IP - GM12878 cells, Rep 11 , REST IP - Jurkat cells, Rep 15 , REST IP - Jurkat cells, Rep 2 , REST IP - GM12878 cells, Rep 10 , REST IP - GM12878 cells, Rep 15 , REST IP - GM12878 cells, Rep 20 , REST IP - GM12878 cells, Rep 2, REST IP - GM12878 cells, Rep 8 , REST IP - GM12878 cells, Rep 24 , REST IP - GM12878 cells, Rep 3 , REST IP - HL60 cells, REST IP - Jurkat cells, Rep 3 , REST IP - K562 cells, REST IP - Jurkat cells, Rep 8 , REST IP - GM12878 cells, Rep 16 , REST IP - GM12878 cells, Rep 17 , REST IP - GM12878 cells, Rep 4 , REST IP - GM12878 cells, Rep 6 , REST IP - GM12878 cells, Rep 23 , REST IP - GM12878 cells, Rep 18 , REST IP - Jurkat cells, Rep 4 , REST IP -  K562 cells, REST IP - Jurkat cells, Rep 14 , REST IP - GM12878 cells, Rep 1, REST IP - GM12878 cells, Rep 12 , REST IP - Jurkat cells, Rep 13 , REST IP - GM12878 cells, Rep 27 , REST IP - GM12878 cells, Rep 14 , REST IP - GM12878 cells, Rep 26 ",,,
MYC,GNPAT,leukocytes,"MYC IP - NB4 cells, MYC IP | IFNA1 - K562 cells, 30 min, MYC IP - K562 cells, Rep 1, MYC IP | IFNG - K562 cells, 6 h, MYC IP | IFNG - K562 cells, 30 min, MYC IP | IFNA1 - K562 cells, 6 h, MYC IP - K562 cells, Rep 2",,,
CEBPB,GNPAT,stemcells,"CEBPB IP, CEBPB IP, CEBPB IP, CEBPB IP",,,
REST,GNPAT,stemcells,"REST IP - H1 cells, Rep 1, REST IP - H1 cells, Rep 2",,,
FOXA1,GNPAT,mammarygland,"FOXA1 ChIP-Seq - Rep 2, FOXA1 ChIP-Seq - Rep 2, 17BE2 | FOXA1 ChIP-Seq - Rep 2, FOXA1 ChIP-Seq - Rep 1, FOXA1 ChIP-Seq - Rep 1, 17BE2 | FOXA1 ChIP-Seq - Rep 1, 17BE2 | FOXA1 ChIP-Seq - Rep 2, FOXA1 IP - T47D, DHT | FOXA1 ChIP-Seq, DEX | FOXA1 ChIP-Seq - Rep 1, DEX | FOXA1 ChIP-Seq - Rep 2, DEX | FOXA1 ChIP-Seq - Rep 1, FOXA1 IP - T47D cells, FOXA1 ChIP-Seq - Rep 1, FOXA1 ChIP-Seq - Rep 2, 17BE2 | FOXA1 ChIP-Seq - Rep 1, 17BE2 + TNF | FOXA1 ChIP-Seq - Rep 2, 17BE2 | FOXA1 ChIP-Seq - Rep 2, FOXA1 IP | 17BE2 - T47D, DEX | FOXA1 ChIP-Seq - Rep 2, 17BE2 | FOXA1 ChIP-Seq, DEX | FOXA1 ChIP-Seq - Rep 2",,,
REST,GNPAT,cns,"REST IP - U87 cells, REST IP - SK cells, REST IP - SK-N-SH cells, REST IP - PFSK-N-SH cells1 cells, Rep 1, REST IP - PFSK1 cells, Rep 2",,,
CREB1,GNPAT,prostate,"CREB1 ChIP-Seq - LNCaP-abl, CREB1 ChIP-Seq - Rep 2, CREB1 siRNA | FOXA1 ChIP-Seq - Rep 2, FOXA1 siRNA | CREB1 ChIP-Seq - Rep 2, CREB1 siRNA | FOXA1 ChIP-Seq - Rep 1, CREB1 ChIP-Seq - LNCaP, FOXA1 siRNA | CREB1 ChIP-Seq - Rep 1",,,
FOXA1,GNPAT,prostate,"PIAS1 + R1881 | FOXA1 ChIP-Seq - Rep 1, WT AR OE + FOXA1 OE | FOXA1 ChIP-Seq - high FOXA1, CON KD | FOXA1 ChIP-Seq, FOXA1 ChIP-Seq, EtOH | FOXA1 ChIP-Seq - Rep 2, CREB1 siRNA | FOXA1 ChIP-Seq - Rep 2, CON KD + R1881 | FOXA1 ChIP-Seq, FOXA1 KD | FOXA1 ChIP-Seq, FOXA1 ChIP-Seq, FOXA1 siRNA | CREB1 ChIP-Seq - Rep 2, R1881 | FOXA1 ChIP-Seq - Rep 1, FOXA1 ChIP-Seq, GATA2 KD  | FOXA1 ChIP-Seq, DHT | FOXA1 ChIP-Seq - C4- Rep 2B, FOXA1 ChIP-Seq, CON KD  | FOXA1 ChIP-Seq, FOXA1 ChIP-Seq - Rep 1, DHT | FOXA1 ChIP-Seq, FOXA1 ChIP-Seq - Rep 1, POU2F1 KD + DHT | FOXA1 ChIP-Seq, FOXA1 KD | GATA2 ChIP-Seq, CREB1 siRNA | FOXA1 ChIP-Seq - Rep 1, CON KD | FOXA1 ChIP-Seq, FOXA1 KD | FOXA1 ChIP-Seq, WT AR OE + FOXA1 OE | FOXA1 ChIP-Seq, CON KD + R1881 | FOXA1 ChIP-Seq - Rep 1, FOXA1 ChIP-Seq - Rep 2, EtOH | FOXA1 ChIP-Seq - , DHT | FOXA1 ChIP-Seq, FOXA1 ChIP-Seq - LNCaP, AR Q640X OE + FOXA1 OE | FOXA1 ChIP-Seq, R1881 | FOXA1 ChIP-Seq - Rep 2, FOXA1 ChIP-Seq - LNCaP-abl, CON KD | FOXA1 ChIP-Seq, DHT | FOXA1 ChIP-Seq, CON KD + R1881 | FOXA1 ChIP-Seq - Rep 2, FOXA1 ChIP-Seq - Rep 2, GATA2 KD + R1881 | FOXA1 ChIP-Seq, PIAS1 + R1881 | FOXA1 ChIP-Seq - Rep 2, DHT | FOXA1 ChIP-Seq, FOXA1 siRNA | CREB1 ChIP-Seq - Rep 1",,,
R1881,GNPAT,prostate,"PIAS1 + R1881 | FOXA1 ChIP-Seq - Rep 1, GABPA IP | R1881, CON KD + R1881 | FOXA1 ChIP-Seq, R1881 | FOXA1 ChIP-Seq - Rep 1, CON KD + R1881 | FOXA1 ChIP-Seq - Rep 1, R1881 | FOXA1 ChIP-Seq - Rep 2, CON KD + R1881 | FOXA1 ChIP-Seq - Rep 2, GATA2 KD + R1881 | FOXA1 ChIP-Seq, PIAS1 + R1881 | FOXA1 ChIP-Seq - Rep 2",,,
PIAS1,GNPAT,prostate,"PIAS1 + R1881 | FOXA1 ChIP-Seq - Rep 1, PIAS1 + R1881 | FOXA1 ChIP-Seq - Rep 2",,,
CREB1,GNPAT,lung,CREB1 IP | DEX - A549 cells,,,
DEX,GNPAT,lung,"CREB1 IP | DEX - A549 cells, FOXA1 IP | DEX - A549 cells, CTCF IP | DEX - A549 cells ",,,
TBP,GNPAT,leukocytes,"TBP IP - K562 cells, TBP IP - GM12878 cells",,,
USF1,GNPAT,colon,USF1 IP - HCT116 cells,,,
SP1,GNPAT,colon,SP1 IP - HCT116 cells,,,
NFATC1,GNPAT,leukocytes,NFATC1 IP - GM12878 cells,,,
GTF2B,GNPAT,lung,GTF2B IP,,,
MAX,GNPAT,uterus,"MAX IP - HeLa cells, Rep 1, MAX IP - ECC1 cells, MAX IP - HeLa cells, Rep 2",,,
HEY1,GNPAT,liver,HEY1 IP - HepG2 cells,,,
JUND,GNPAT,lung,JUND IP - A549 cells,,,
CREB1,GNPAT,liver,"CREB1 IP - HepG2 cells, CREB1 IP",,,
YY1,GNPAT,leukocytes,"YY1 IP - K562 cells, YY1 IP - GM12892 cells, Rep 1, YY1 IP - K562 cells, Rep 2, YY1 IP - K562 cells, Rep 1, YY1 IP - GM12878 cells, YY1 IP - GM12891 cells",,,
RELA,GNPAT,colon,RELA IP ,,,
CDX2,GNPAT,colon,"CDX2 IP, CDX2 IP | 125DVD3",,,
FOXA1,GNPAT,pancreas,"FOXA1 IP | KLF5 KO, FOXA1 IP, FOXA1 IP",,,
KLF5,GNPAT,pancreas,"FOXA1 IP | KLF5 KO, KLF5 IP, ELF3 IP | KLF5 KO",,,
MYB,GNPAT,leukocytes,"MYB IP - Jurkat, Rep 3, MYB IP - Jurkat, Rep 1, MYB IP - MOLT3, MYB IP - Jurkat, Rep 5, MYB IP - Jurkat, Rep 4, MYB IP - Jurkat, Rep 2",,,
JUN,GNPAT,colon,JUN IP ,,,
ELF1,GNPAT,lung,ELF1 IP - A549 cells,,,
JUND,GNPAT,leukocytes,JUND IP - K562 cells,,,
REST,GNPAT,lung,REST IP - A549 cells,,,
MAX,GNPAT,leukocytes,"MAX IP - K562 cells, Rep 1, MAX IP - NB4 cells, MAX IP - K562 cells, Rep 2, MAX IP - GM12878 cells, MAX IP - K562 cells",,,
AR,GNPAT,prostate,"WT AR OE + FOXA1 OE | FOXA1 ChIP-Seq - high FOXA1, WT AR OE + FOXA1 OE | FOXA1 ChIP-Seq, AR Q640X OE + FOXA1 OE | FOXA1 ChIP-Seq",,,
TCF7L2,GNPAT,uterus,TCF7L2 IP - HeLa cells,,,
THAP1,GNPAT,leukocytes,THAP1 IP - K562 cells,,,
ERG,GNPAT,leukocytes,ERG IP - Rep 1,,,
17BE2,GNPAT,mammarygland,"17BE2 | FOXA1 ChIP-Seq - Rep 2, 17BE2 | FOXA1 ChIP-Seq - Rep 1, 17BE2 | FOXA1 ChIP-Seq - Rep 2, 17BE2 | FOXA1 ChIP-Seq - Rep 1, 17BE2 | FOXA1 ChIP-Seq - Rep 2, FOXA1 IP | 17BE2 - T47D, 17BE2 | FOXA1 ChIP-Seq",,,
GABPA,GNPAT,prostate,"GABPA IP | R1881, GABPA IP - Rep 1",,,
MYC,GNPAT,bone,MYC IP,,,
CTCF,GNPAT,stemcells,CTCF IP - Rep 6 ,,,
ELF1,GNPAT,leukocytes,"ELF1 IP - SK-N-SH cells, ELF1 IP - SK-N-SH cells",,,
MAX,GNPAT,lung,"MAX IP - A549 cells, MAX IP - A549 cells",,,
STAT3,GNPAT,leukocytes,"STAT3 IP - OCI-LY7, STAT3 IP - SU-DHL-4, STAT3 IP - OCI-LY10, STAT3 IP - SU-DHL-6",,,
E2F1,GNPAT,prostate,"E2F1 ChIP-Seq - Rep 1, HES6 OE + BICALU | E2F1 ChIP-Seq - Rep 3, BICALU | E2F1 ChIP-Seq - Rep 1, BICALU | E2F1 ChIP-Seq - Rep 3, HES6 OE | E2F1 ChIP-Seq - Rep 3, E2F1 ChIP-Seq - Rep 3, E2F1 ChIP-Seq - Rep 4, HES6 OE | E2F1 ChIP-Seq - Rep 1, HES6 OE + BICALU | E2F1 ChIP-Seq - Rep 1",,,
JUN,GNPAT,leukocytes,"JUN IP - K562 cells, Rep 1",,,
TCF12,GNPAT,lung,TCF12 IP - A549 cells,,,
BHLHE40,GNPAT,leukocytes,"BHLHE40 IP - GM12878 cells, BHLHE40 IP - K562 cells",,,
EGR1,GNPAT,liver,EGR1 IP - MCF7 cells,,,
BICALU,GNPAT,prostate,"HES6 OE + BICALU | E2F1 ChIP-Seq - Rep 3, BICALU | E2F1 ChIP-Seq - Rep 1, BICALU | E2F1 ChIP-Seq - Rep 3, HES6 OE + BICALU | E2F1 ChIP-Seq - Rep 1",,,
HES6,GNPAT,prostate,"HES6 OE + BICALU | E2F1 ChIP-Seq - Rep 3, HES6 OE | E2F1 ChIP-Seq - Rep 3, HES6 OE | E2F1 ChIP-Seq - Rep 1, HES6 OE + BICALU | E2F1 ChIP-Seq - Rep 1",,,
RELA,GNPAT,leukocytes,"RELA IP | TNF - GM15510 cells, RELA IP | TNF - GM12891 cells, RELA IP | TNF - GM10847 cells, RELA IP | TNF - GM18951 cells, RELA IP | BAY082  - IVD Th1 cells, PIA, RELA IP | TNF - GM18505 cells, RELA IP | TNF - GM12878 cells, RELA IP | TNF - GM12892 cells",,,
TNF,GNPAT,leukocytes,"RELA IP | TNF - GM15510 cells, RELA IP | TNF - GM12891 cells, RELA IP | TNF - GM10847 cells, RELA IP | TNF - GM18951 cells, RELA IP | TNF - GM18505 cells, RELA IP | TNF - GM12878 cells, RELA IP | TNF - GM12892 cells",,,
OTX2,GNPAT,stemcells,OTX2 IP - Rep 10 ,,,
E2F6,GNPAT,leukocytes,"E2F6 IP - K562 cells, E2F6 IP - K562 cells",,,
KLF11,GNPAT,adiposetissue,"KLF11 ChIP-Seq, Rep 2, ROSI (BrAT) | KLF11 ChIP-Seq, Rep 1, KLF11 ChIP-Seq, Rep 1",,,
MAFK,GNPAT,liver,"MAFK IP - HepG2 cells, Rep 1, MAFK IP - HepG2 cells, Rep 2",,,
ELK1,GNPAT,leukocytes,ELK1 IP - GM12878 cells,,,
RUNX1,GNPAT,hspcs,RUNX1,,,
REST,GNPAT,pancreas,"REST IP - Panc1 cells, Rep 3, REST IP - PANC1 cells, Rep 1, REST IP - PANC1 cells, Rep 2",,,
GABPA,GNPAT,leukocytes,"GABPA IP - Jurkat, Rep 2, GABPA IP - GM12878 cells, Rep 2 , GABPA IP - GM12878 cells, GABPA IP - GM12878 cells, Rep 4 , GABPA IP - K562 cells, GABPA IP - GM12878 cells, Rep 5 , GABPA IP - Jurkat, Rep 1, GABPA IP - GM12878 cells, Rep 3 , GABPA IP - GM12878 cells, Rep 1 ",,,
JUN,GNPAT,mammarygland,"JUN IP - Rep 2, JUN IP - Rep 1",,,
CTCF,GNPAT,megakaryocytelineage,"CTCF IP - MEG-01 cells, Rep 2 , CTCF IP - MEG-01 cells, Rep 4 ",,,
GATA4,GNPAT,stomach,"GATA4 IP - AGS, GATA4 IP - YCC3",,,
IFNA1,GNPAT,leukocytes,"MYC IP | IFNA1 - K562 cells, 30 min, IRF1 IP | IFNA1-13 - K562 cells, 6 h, MYC IP | IFNA1 - K562 cells, 6 h",,,
SRF,GNPAT,colon,SRF IP - HCT116 cells,,,
E2F6,GNPAT,stemcells,E2F6 IP - H1 cells,,,
ARID3A,GNPAT,liver,ARID3A IP - HepG2 cells,,,
MYC,GNPAT,mammarygland,"DHT | MYC ChIP-Seq, MYC IP - MCF-10A cells",,,
DHT,GNPAT,mammarygland,"DHT | MYC ChIP-Seq, DHT | FOXA1 ChIP-Seq, DHT | TCF7L2 ChIP-Seq",,,
E2F3,GNPAT,colon,E2F3 IP ,,,
YY1,GNPAT,liver,YY1 IP - HepG2 cells,,,
MAZ,GNPAT,leukocytes,"MAZ IP - K562 cells, MAZ IP - GM12878 cells",,,
CEBPB,GNPAT,colon,"CEBPB IP | 125DVD3, CEBPB IP, CEBPB IP - HCT116 cells",,,
125DVD3,GNPAT,colon,"CEBPB IP | 125DVD3, CDX2 IP | 125DVD3, TCF4 IP | 125DVD3",,,
USF1,GNPAT,cns,USF1 IP | ATRA - SK-N-SH cells,,,
ATRA,GNPAT,cns,"USF1 IP | ATRA - SK-N-SH cells, YY1 IP | ATRA - SK-N-SH cells",,,
E2F4,GNPAT,leukocytes,"E2F4 IP - GM12878 cells, E2F4 IP - K562 cells",,,
YY1,GNPAT,colon,YY1 IP - HCT116 cells,,,
TCF12,GNPAT,liver,TCF12 IP - HepG2 cells,,,
FOXA2,GNPAT,liver,FOXA2 IP - HepG2 cells,,,
RUNX1,GNPAT,leukocytes,"SPI1 IP | RUNX1 KD, RUNX1 IP",,,
SP1,GNPAT,leukocytes,SP1 IP - GM12878 cells,,,
EGR1,GNPAT,leukocytes,EGR1 IP - K562 cells,,,
CREB1,GNPAT,stemcells,CREB1 IP - H1 cells,,,
JUND,GNPAT,colon,JUND IP - HCT116 cells,,,
CEBPB,GNPAT,lung,"CEBPB ChIP-Seq - A549, CEBPB ChIP-Seq - IMR90",,,
MAX,GNPAT,liver,"MAX IP - MCF7 cells, MAX IP - HepG2 cells, MAX IP - HepG2 cells",,,
JUND,GNPAT,liver,"JUND IP - HepG2 cells, JUND IP - HepG2 cells",,,
E2F6,GNPAT,uterus,E2F6 IP - HeLa cells,,,
FOSL1,GNPAT,colon,FOSL1 IP - HCT116 cells,,,
MAFK,GNPAT,lung,MAFK IP - IMR cells,,,
E2F1,GNPAT,mammarygland,"E2F1 IP - MCF7 cells, E2F1 IP",,,
RELA,GNPAT,adiposetissue,"RELA IP, RELA IP, RELA IP",,,
NFKB1,GNPAT,leukocytes,"NFKB1 IP - Rep 1, NFKB1 IP - Rep 2",,,
SP1,GNPAT,liver,SP1 IP - HepG2 cells,,,
ERG,GNPAT,prostate,"ERG ChIP-Seq, DHT | ERG ChIP-Seq - 18 h, ERG ChIP-Seq, DHT | ERG ChIP-Seq - 2 h",,,
IFNG,GNPAT,leukocytes,"MYC IP | IFNG - K562 cells, 6 h, STAT1 IP - Rep 5, MYC IP | IFNG - K562 cells, 30 min, STAT1 IP - Rep 1, STAT1 IP - Rep 4, STAT1 IP - Rep 2, STAT1 IP - Rep 3, IRF1 IP | IFNG - K562 cells, 30 min, IRF1 IP | IFNG - K562 cells, 6 h",,,
REST,GNPAT,colon,REST IP - HCT116 cells,,,
ETS1,GNPAT,leukocytes,"ETS1 IP, ETS1 IP - K562 cells, ETS1 IP - GM12878 cells",,,
TEAD4,GNPAT,uterus,TEAD4 IP - ECC1 cells,,,
GTF2B,GNPAT,uterus,"GTF2B IP - Rep 2, GTF2B IP - Rep 3, GTF2B IP | RO306",,,
HNF1A,GNPAT,colon,HNF1A IP,,,
TCF12,GNPAT,leukocytes,TCF12 IP - GM12878 cells,,,
GTF2B,GNPAT,leukocytes,GTF2B IP - K562 cells,,,
MAZ,GNPAT,uterus,MAZ IP - HeLa cells,,,
ZBTB7A,GNPAT,leukocytes,ZBTB7A IP - SK-N-SH cells,,,
MAFF,GNPAT,liver,MAFF IP - HepG2 cells,,,
GABPA,GNPAT,lung,GABPA IP - A549 cells,,,
GTF2F1,GNPAT,uterus,GTF2F1 IP - HeLa cells,,,
ETS1,GNPAT,lung,ETS1 IP - A549 cells,,,
GATA2,GNPAT,prostate,"GATA2 KD  | FOXA1 ChIP-Seq, FOXA1 KD | GATA2 ChIP-Seq, GATA2 ChIP-Seq, GATA2 KD + R1881 | FOXA1 ChIP-Seq",,,
ELF3,GNPAT,pancreas,"ELF3 IP, ELF3 IP, ELF3 IP | KLF5 KO",,,
YY1,GNPAT,uterus,YY1 IP - ECC1 cells,,,
FOXP2,GNPAT,cns,"FOXP2 IP - PFSK-1 cells, FOXP2 IP - SK cells",,,
ELF1,GNPAT,cns,ELF1 IP - SK-N-SH cells,,,
FOS,GNPAT,mammarygland,"FOS IP - MCF10A cells, FOS IP | 4HT - MCF10A cells, 12 h, FOS IP | 4HT - MCF10A cells, 4 h",,,
REST,GNPAT,uterus,"REST IP - ECC1 cells, REST IP - SK-N-SH cells",,,
DHT,GNPAT,prostate,"DHT | FOXA1 ChIP-Seq - C4- Rep 2B, DHT | FOXA1 ChIP-Seq, POU2F1 KD + DHT | FOXA1 ChIP-Seq, DHT | FOXA1 ChIP-Seq, DHT | ERG ChIP-Seq - 18 h, DHT | ERG ChIP-Seq - 2 h, DHT | FOXA1 ChIP-Seq, DHT | FOXP1 ChIP-Seq, DHT | FOXA1 ChIP-Seq",,,
EGR1,GNPAT,uterus,EGR1 IP - ECC1 cells,,,
MXI1,GNPAT,liver,MXI1 IP - HepG2 cells,,,
UBTF,GNPAT,leukocytes,"UBTF IP - K562 cells, UBTF IP - K562 cells",,,
IRF1,GNPAT,leukocytes,"IRF1 IP | IFNA1-13 - K562 cells, 6 h, IRF1 IP | IFNG - K562 cells, 30 min, IRF1 IP | IFNG - K562 cells, 6 h",,,
FOXA1,GNPAT,lung,FOXA1 IP | DEX - A549 cells,,,
ATF2,GNPAT,colon,ATF2 IP ,,,
PBX3,GNPAT,cns,PBX3 IP - SK-N-SH cells,,,
TEAD4,GNPAT,cns,TEAD4 IP - SK-N-SH cells,,,
PDX1,GNPAT,pancreas,PDX1 IP,,,
TEAD4,GNPAT,leukocytes,TEAD4 IP - K562 cells,,,
CEBPB,GNPAT,uterus,CEBPB ChIP-Seq - HeLaS3,,,
4HT,GNPAT,mammarygland,"FOS IP | 4HT - MCF10A cells, 12 h, E2F4 IP | 4HT - MCF10 cells, FOS IP | 4HT - MCF10A cells, 4 h",,,
E2F1,GNPAT,uterus,"E2F1 IP - HeLa cells, Rep 2, E2F1 IP - HeLa cells, Rep 1",,,
DEX,GNPAT,mammarygland,"DEX | FOXA1 ChIP-Seq - Rep 1, DEX | FOXA1 ChIP-Seq - Rep 2, DEX | FOXA1 ChIP-Seq - Rep 1, DEX | FOXA1 ChIP-Seq - Rep 2, DEX | FOXA1 ChIP-Seq - Rep 2",,,
FOXA2,GNPAT,embryonictissue,FOXA2 IP - Rep 2,,,
POU2F2,GNPAT,leukocytes,POU2F2 IP - GM12878 cells,,,
CEBPB,GNPAT,mammarygland,CEBPB IP - MCF7 cells,,,
YY1,GNPAT,cns,"YY1 IP | ATRA - SK-N-SH cells, YY1 IP - SK-N-SH cells",,,
HOXA4,GNPAT,colon,HOXA4 IP ,,,
FOXM1,GNPAT,mammarygland,"FOXM1 IP | THSP - DS006, FOXM1 IP - DS007",,,
CEBPB,GNPAT,liver,"CEBPB ChIP-Seq - HepG2, CEBPB IP | FORSK - HepG2 cells, CEBPB IP - HepG2 cells",,,
MAX,GNPAT,stemcells,MAX IP - H1 cells,,,
MXI1,GNPAT,lung,MXI1 IP - IMR cells,,,
MYC,GNPAT,uterus,MYC IP - HeLa cells,,,
PBX3,GNPAT,lung,PBX3 IP - A549 cells,,,
POU2F1,GNPAT,prostate,POU2F1 KD + DHT | FOXA1 ChIP-Seq,,,
MXI1,GNPAT,stemcells,MXI1 IP - H1 cells,,,
ZEB1,GNPAT,liver,ZEB1 IP - HepG2 cells,,,
GATA3,GNPAT,lung,GATA3 IP - A549 cells,,,
ELK1,GNPAT,uterus,ELK1 IP - HeLa cells,,,
ROSI,GNPAT,adiposetissue,"ROSI (BrAT) | KLF11 ChIP-Seq, Rep 1",,,
BAY082,GNPAT,leukocytes,"RELA IP | BAY082  - IVD Th1 cells, PIA",,,
HIF1A,GNPAT,bone,HIF1A IP,,,
SIX5,GNPAT,leukocytes,SIX5 IP - GM12878 cells,,,
STAT1,GNPAT,leukocytes,"STAT1 IP - Rep 5, STAT1 IP - Rep 1, STAT1 IP - Rep 4, STAT1 IP - Rep 2, STAT1 IP - Rep 3",,,
YY1,GNPAT,stemcells,"YY1 IP - H1 cells, YY1 IP - NT2 cells",,,
ATF3,GNPAT,colon,ATF3 IP - HCT116 cells,,,
ZNF143,GNPAT,leukocytes,ZNF143 IP - GM12878 cells,,,
FORSK,GNPAT,liver,CEBPB IP | FORSK - HepG2 cells,,,
RO306,GNPAT,uterus,GTF2B IP | RO306,,,
JUN,GNPAT,liver,JUN IP - HepG2 cells,,,
SP1,GNPAT,lung,SP1 IP - A549 cells,,,
EGR1,GNPAT,stemcells,EGR1 IP - H1 cells,,,
E2F4,GNPAT,mammarygland,E2F4 IP | 4HT - MCF10 cells,,,
CTCF,GNPAT,hspcs,"CTCF IP - Erythroid cells, Rep 1",,,
GABPA,GNPAT,liver,"GABPA IP, GABPA IP - MCF7 cells, GABPA IP - HepG2 cells, GABPA IP",,,
CTCF,GNPAT,lung,"CTCF IP | DEX - A549 cells , CTCF IP - A549 cells ",,,
ELF1,GNPAT,colon,ELF1 IP - HCT116 cells,,,
GATA2,GNPAT,hspcs,GATA2 IP,,,
TP53,GNPAT,lung,"TP53 IP - propapoptic, Rep 1",,,
GABPA,GNPAT,stemcells,GABPA IP - H1 cells,,,
TAL1,GNPAT,colon,TAL1 IP ,,,
HEY1,GNPAT,leukocytes,HEY1 IP - K562 cells,,,
TCF3,GNPAT,leukocytes,TCF3 IP - GM12878 cells,,,
TBP,GNPAT,stemcells,TBP IP - H1 cells,,,
ELF1,GNPAT,mammarygland,ELF1 IP - MCF7 cells,,,
SIX5,GNPAT,lung,SIX5 IP | DEX - A549 cells,,,
MEF2C,GNPAT,leukocytes,MEF2C IP - GM12878 cells,,,
FOXM1,GNPAT,leukocytes,FOXM1 IP - GM12878 cells,,,
CTCF,GNPAT,liver,CTCF IP,,,
TP53,GNPAT,mammarygland,TP53 IP,,,
CREB1,GNPAT,leukocytes,"CREB1 IP - GM12878 cells, CREB1 IP - K562 cells",,,
TCF12,GNPAT,cns,TCF12 IP - SK-N-SH cells,,,
REST,GNPAT,mammarygland,REST IP - MCF7 cells,,,
TBP,GNPAT,liver,TBP IP - HepG2 cells,,,
FOXA2,GNPAT,stemcells,"FOXA2 IP - ES D10, FOXA2 IP - ES D5, FOXA2 IP - ES D7",,,
GATA3,GNPAT,mammarygland,GATA3 IP - T47D cells,,,
FOSL2,GNPAT,liver,FOSL2 IP - HepG2 cells,,,
BARX1,GNPAT,colon,BARX1 IP - Rep 1 ,,,
MYBL2,GNPAT,liver,MYBL2 IP - HepG2 cells,,,
YY1,GNPAT,lung,YY1 IP - A549 cells,,,
TCF12,GNPAT,uterus,TCF12 IP - ECC1 cells,,,
GATA6,GNPAT,stomach,"GATA6 IP - KATOIII, GATA6 IP - AGS, GATA6 IP - YCC3",,,
TCF7L2,GNPAT,mammarygland,"DHT | TCF7L2 ChIP-Seq, TCF7L2 ChIP-Seq",,,
STAT5A,GNPAT,leukocytes,STAT5A IP - GM12878 cells,,,
E2F6,GNPAT,lung,E2F6 IP - A549 cells,,,
17BE2; TNF,GNPAT,mammarygland,17BE2 + TNF | FOXA1 ChIP-Seq - Rep 2,,,
IRF1,GNPAT,colon,IRF1 IP ,,,
TBP,GNPAT,uterus,TBP IP - HeLa cells,,,
HNF1B,GNPAT,pancreas,HNF1B IP,,,
ATF3,GNPAT,leukocytes,"ATF3 IP - GM12878 cells, ATF3 IP - K562 cells",,,
FOXP1,GNPAT,colon,FOXP1 IP ,,,
ATF3,GNPAT,lung,ATF3 IP - A549 cells,,,
ROSI,GNPAT,leukocytes,ROSI | SPI1 ChIP-Seq,,,
MTA3,GNPAT,leukocytes,MTA3 IP - GM12878 cells,,,
HOXA6,GNPAT,colon,HOXA6 IP ,,,
GABPA,GNPAT,uterus,GABPA IP - HeLa cells,,,
TCF4,GNPAT,colon,TCF4 IP | 125DVD3,,,
IRF4,GNPAT,leukocytes,IRF4 IP,,,
MXI1,GNPAT,cns,MXI1 IP - SK-N-SH cells ,,,
JUND,GNPAT,mammarygland,JUND IP - T47D cells,,,
REST,GNPAT,liver,"REST IP - HepG2 cells, Rep 1, REST IP - HepG2 cells, Rep 2",,,
FOXA1,GNPAT,stemcells,FOXA1 IP - ES D10,,,
E2F4,GNPAT,uterus,E2F4 IP - HeLa cells,,,
GATA3,GNPAT,cns,GATA3 IP - SK-N-SH cells,,,
MXI1,GNPAT,uterus,MXI1 IP - HeLa cells,,,
CEBPB,GNPAT,leukocytes,CEBPB ChIP-Seq - K562,,,
MEF2A,GNPAT,leukocytes,MEF2A IP - GM12878 cells,,,
HMGN3,GNPAT,leukocytes,HMGN3 IP - K562 cells,,,
GABPA,GNPAT,cns,GABPA IP - SK-N-SH cells,,,
FOXP1,GNPAT,prostate,DHT | FOXP1 ChIP-Seq,,,
IRF1,GNPAT,pancreas,IRF1 IP,,,
MXI1,GNPAT,leukocytes,MXI1 IP - GM12878 cells,,,
EGR1,GNPAT,colon,EGR1 IP - HCT116 cells,,,
CTCF,GNPAT,cns,"CTCF IP - HCPEpiC cells, Rep 1 ",,,
MAX,GNPAT,colon,MAX IP - HCT116 cells,,,
MAX,GNPAT,cns,MAX IP - SK-N-SH cells,,,
MYC,GNPAT,lung,MYC IP - A549 cells,,,
TEAD4,GNPAT,liver,TEAD4 IP - HepG2 cells,,,
ELF1,GNPAT,liver,ELF1 IP - HepG2 cells,,,
TEAD4,GNPAT,colon,TEAD4 IP - HCT116 cells,,,
MAFK,GPAM,lung,MAFK IP - IMR cells,,,
TCF7L2,GPAM,mammarygland,"TCF7L2 ChIP-Seq, DHT | TCF7L2 ChIP-Seq",,,
MYB,GPAM,leukocytes,"MYB IP - Jurkat, Rep 5, MYB IP - Jurkat, Rep 4, MYB IP - Jurkat, Rep 2, MYB IP - Jurkat, Rep 1, MYB IP - Jurkat, Rep 3, MYB IP - MOLT3",,,
USF1,GPAM,uterus,USF1 IP - ECC1 cells,,,
STAT1,GPAM,leukocytes,"STAT1 IP - Rep 3, STAT1 IP - Rep 1, STAT1 IP - Rep 4, STAT1 IP - Rep 2, STAT1 IP - Rep 6, STAT1 IP - Rep 5",,,
IFNG,GPAM,leukocytes,"STAT1 IP - Rep 3, STAT1 IP - Rep 1, STAT1 IP - Rep 4, STAT1 IP - Rep 2, STAT1 IP - Rep 6, MYC IP | IFNG - K562 cells, 30 min, MYC IP | IFNG - K562 cells, 6 h, IRF1 IP | IFNG - K562 cells, 30 min, IRF1 IP | IFNG - K562 cells, 6 h, STAT1 IP - Rep 5",,,
FOXA2,GPAM,stemcells,"FOXA2 IP - ES D7, FOXA2 IP - ES D5, FOXA2 IP - Rep 1 , FOXA2 IP - ES D2, FOXA2 IP - Rep 5 , FOXA2 IP - ES D10",,,
ZNF263,GPAM,kidney,ZNF263 IP - HEK293 cells,,,
ETS1,GPAM,lung,ETS1 IP - A549 cells,,,
GABPA,GPAM,uterus,GABPA IP - HeLa cells,,,
RELA,GPAM,leukocytes,"RELA IP | TNF - GM19099 cells, RELA IP | TNF - GM15510 cells, RELA IP | TNF - GM19193 cells, RELA IP | TNF - GM12878 cells, RELA IP | TNF - GM18951 cells, RELA IP | BAY082  - IVD Th1 cells, PIA, RELA IP - IVD Th1 cells, PIA, RELA IP | TNF - GM10847 cells, RELA IP | TNF - GM18505 cells, RELA IP | TNF - GM12891 cells",,,
FOXA1,GPAM,mammarygland,"DEX | FOXA1 ChIP-Seq - Rep 1, FOXA1 ChIP-Seq - Rep 1, FOXA1 IP - T47D cells, DEX | FOXA1 ChIP-Seq - Rep 1, FOXA1 ChIP-Seq - Rep 2, 17BE2 | FOXA1 ChIP-Seq - Rep 2, 17BE2 | FOXA1 ChIP-Seq - Rep 1, DHT | FOXA1 ChIP-Seq, FOXA1 ChIP-Seq - Rep 1, 17BE2 | FOXA1 ChIP-Seq - Rep 1, DEX | FOXA1 ChIP-Seq - Rep 2, FOXA1 ChIP-Seq - Rep 2",,,
DEX,GPAM,mammarygland,"DEX | FOXA1 ChIP-Seq - Rep 1, DEX | FOXA1 ChIP-Seq - Rep 1, DEX | FOXA1 ChIP-Seq - Rep 2",,,
MYC,GPAM,leukocytes,"MYC IP | IFNA1 - K562 cells, 30 min, MYC IP - K562 cells, Rep 1, MYC IP - NB4 cells, MYC IP | IFNA1 - K562 cells, 6 h, MYC IP | IFNG - K562 cells, 30 min, MYC IP | IFNG - K562 cells, 6 h, MYC IP - K562 cells, Rep 2",,,
IFNA1,GPAM,leukocytes,"MYC IP | IFNA1 - K562 cells, 30 min, IRF1 IP | IFNA1-13 - K562 cells, 6 h, MYC IP | IFNA1 - K562 cells, 6 h, JUN IP | IFNA1-13 - 30 min ",,,
CREB1,GPAM,prostate,"CREB1 ChIP-Seq - Rep 1, FOXA1 siRNA | CREB1 ChIP-Seq - Rep 1, CREB1 ChIP-Seq - LNCaP, CREB1 siRNA | FOXA1 ChIP-Seq - Rep 2, CREB1 ChIP-Seq - Rep 2, CREB1 ChIP-Seq - LNCaP-abl, FOXA1 siRNA | CREB1 ChIP-Seq - Rep 2, CREB1 siRNA | FOXA1 ChIP-Seq - Rep 1",,,
ZKSCAN1,GPAM,uterus,ZKSCAN1 IP - HeLa cells,,,
FOXA1,GPAM,liver,"FOXA1 IP - HepG2 cells, Rep 2, FOXA1 IP - HepG2 cells, Rep 1",,,
CEBPB,GPAM,stemcells,"CEBPB IP, CEBPB IP, CEBPB IP, CEBPB IP, CEBPB IP, CEBPB IP, CEBPB IP - H1 cells, CEBPB IP, CEBPB IP, CEBPB IP",,,
CEBPB,GPAM,bone,"CEBPB IP, CEBPB IP",,,
FOS,GPAM,mammarygland,"FOS IP - MCF10A cells, FOS IP | 4HT - MCF10A cells, 36 h",,,
E2F1,GPAM,mammarygland,"E2F1 IP - MCF7 cells, E2F1 IP",,,
BHLHE40,GPAM,leukocytes,"BHLHE40 IP - GM12878 cells, BHLHE40 IP - K562 cells",,,
USF1,GPAM,colon,USF1 IP - HCT116 cells,,,
ZNF143,GPAM,leukocytes,"ZNF143 IP - GM12878 cells, ZNF143 IP - K562 cells",,,
JUN,GPAM,leukocytes,"JUN IP - K562 cells, Rep 1, JUN IP - K562 cells, Rep 2, JUN IP | IFNA1-13 - 30 min ",,,
TP53,GPAM,mammarygland,"TP53 IP | NUTL3 - MCF-7, TP53 IP",,,
E2F1,GPAM,prostate,"HES6 OE | E2F1 ChIP-Seq - Rep 1, HES6 OE + BICALU | E2F1 ChIP-Seq - Rep 1, E2F1 ChIP-Seq - Rep 4, E2F1 ChIP-Seq - Rep 1, BICALU | E2F1 ChIP-Seq - Rep 1, BICALU | E2F1 ChIP-Seq - Rep 3, HES6 OE | E2F1 ChIP-Seq - Rep 3, E2F1 ChIP-Seq - Rep 2",,,
HES6,GPAM,prostate,"HES6 OE | E2F1 ChIP-Seq - Rep 1, HES6 OE + BICALU | E2F1 ChIP-Seq - Rep 1, HES6 OE | E2F1 ChIP-Seq - Rep 3",,,
NFYB,GPAM,leukocytes,NFYB IP - GM12878 cells,,,
ATF3,GPAM,colon,"ATF3 IP, ATF3 IP - HCT116 cells, ATF3 IP | CAMPTO, ATF3 IP | ATF3 KO",,,
BICALU,GPAM,prostate,"HES6 OE + BICALU | E2F1 ChIP-Seq - Rep 1, BICALU | E2F1 ChIP-Seq - Rep 1, BICALU | E2F1 ChIP-Seq - Rep 3",,,
GATA2,GPAM,cns,GATA2 ChIP-Seq SH-SY5Y,,,
MEF2B,GPAM,kidney,"MEF2B IP | MEF2B OE - Rep 2, MEF2B IP | MEF2B D83V OE - Rep 1",,,
CEBPB,GPAM,uterus,"CEBPB ChIP-Seq - HeLaS3, CEBPB IP - ECC1 cells",,,
ETS1,GPAM,leukocytes,"ETS1 IP - K562 cells, ETS1 IP - GM12878 cells, ETS1 IP",,,
JUN,GPAM,colon,JUN IP ,,,
MAZ,GPAM,uterus,MAZ IP - HeLa cells,,,
TNF,GPAM,leukocytes,"RELA IP | TNF - GM15510 cells, RELA IP | TNF - GM19193 cells, RELA IP | TNF - GM12878 cells, RELA IP | TNF - GM18951 cells, RELA IP | TNF - GM10847 cells, RELA IP | TNF - GM18505 cells, RELA IP | TNF - GM12891 cells",,,
SPI1,GPAM,leukocytes,"SPI1 IP - HL-60 cells, Rep 4 , SPI1 IP - GM12891 cells, SPI1 IP, SPI1 IP, SPI1 IP | RUNX1 KD, SPI1 IP - GM12878 cells, SPI1 IP - HL cells, SPI1 IP, SPI1 IP, SPI1 IP, SPI1 IP - K562 cells, SPI1 IP - GM12878 cells, Rep 2 , SPI1 IP",,,
CEBPB,GPAM,leukocytes,"CEBPB IP, CEBPB IP, CEBPB IP, CEBPB IP - K562 cells, CEBPB IP, CEBPB ChIP-Seq - K562, CEBPB IP - Rep 203, CEBPB IP | oxLDL  - Rep 208",,,
GATA4,GPAM,stemcells,"GATA4 IP - Rep 8 , GATA4 IP - Rep 3 , GATA4 IP - Rep 9 , GATA4 IP - Rep 10 ",,,
YY1,GPAM,cns,"YY1 IP | ATRA - SK-N-SH cells, YY1 IP - SK-N-SH cells",,,
ATRA,GPAM,cns,"YY1 IP | ATRA - SK-N-SH cells, USF1 IP | ATRA - SK-N-SH cells",,,
MYC,GPAM,mammarygland,"DHT | MYC ChIP-Seq, MYC IP - MCF-10A cells",,,
DHT,GPAM,mammarygland,"DHT | MYC ChIP-Seq, DHT | FOXA1 ChIP-Seq, DHT | TCF7L2 ChIP-Seq",,,
ERG,GPAM,leukocytes,ERG IP - Rep 1,,,
FOXA1,GPAM,prostate,"CON KD + R1881 | FOXA1 ChIP-Seq, FOXA1 ChIP-Seq, FOXA1 siRNA | CREB1 ChIP-Seq - Rep 1, CREB1 siRNA | FOXA1 ChIP-Seq - Rep 2, EtOH | FOXA1 ChIP-Seq - Rep 2, CON KD  | FOXA1 ChIP-Seq, R1881 | FOXA1 ChIP-Seq - Rep 1, CON KD | FOXA1 ChIP-Seq, FOXA1 ChIP-Seq - Rep 1, FOXA1 siRNA | CREB1 ChIP-Seq - Rep 2, FOXA1 ChIP-Seq - Rep 2, CREB1 siRNA | FOXA1 ChIP-Seq - Rep 1, CON KD | FOXA1 ChIP-Seq, FOXA1 ChIP-Seq, EtOH | FOXA1 ChIP-Seq - , GATA2 KD  | FOXA1 ChIP-Seq, GATA2 KD + R1881 | FOXA1 ChIP-Seq, DHT | FOXA1 ChIP-Seq, R1881 | FOXA1 ChIP-Seq - Rep 2, FOXA1 ChIP-Seq - LNCaP-abl",,,
R1881,GPAM,prostate,"CON KD + R1881 | FOXA1 ChIP-Seq, R1881 | FOXA1 ChIP-Seq - Rep 1, GABPA IP | R1881, GATA2 KD + R1881 | FOXA1 ChIP-Seq, R1881 | FOXA1 ChIP-Seq - Rep 2",,,
ATF3,GPAM,leukocytes,"ATF3 IP - K562 cells, ATF3 IP - K562 cells, ATF3 IP - GM12878 cells",,,
MXI1,GPAM,liver,MXI1 IP - HepG2 cells,,,
USF1,GPAM,lung,"USF1 IP | DEX - A549 cells, USF1 IP - A549 cells, Rep 2, USF1 IP - A549 cells, Rep 1",,,
DEX,GPAM,lung,"USF1 IP | DEX - A549 cells, FOXA1 IP | DEX - A549 cells, CREB1 IP | DEX - A549 cells",,,
HOXA6,GPAM,colon,HOXA6 IP ,,,
SP1,GPAM,colon,SP1 IP - HCT116 cells,,,
RELA,GPAM,colon,RELA IP ,,,
REST,GPAM,pancreas,"REST IP - PANC1 cells, Rep 2, REST IP - Panc1 cells, Rep 3",,,
GABPA,GPAM,cns,GABPA IP - SK-N-SH cells,,,
CREB1,GPAM,lung,"CREB1 IP - A549 cells, Rep 1, CREB1 IP - A549 cells, Rep 2, CREB1 IP | DEX - A549 cells",,,
MXI1,GPAM,lung,MXI1 IP - IMR cells,,,
EGR1,GPAM,liver,EGR1 IP - MCF7 cells,,,
FOXM1,GPAM,mammarygland,"FOXM1 IP - MCF7 cells, FOXM1 IP | THSP - DS006",,,
REST,GPAM,cns,"REST IP - PFSK-N-SH cells1 cells, Rep 1, REST IP - U87 cells, REST IP - SK-N-SH cells, REST IP - PFSK1 cells, Rep 2, REST IP - SK cells",,,
CTCF,GPAM,cns,"CTCF IP - SK-N-SH cells , CTCF IP - SK cells",,,
NFATC1,GPAM,leukocytes,NFATC1 IP - GM12878 cells,,,
KLF5,GPAM,pancreas,KLF5 IP,,,
JUN,GPAM,mammarygland,"JUN IP - Rep 2, JUN IP - Rep 1",,,
MAZ,GPAM,lung,MAZ IP - IMR cells,,,
REST,GPAM,stemcells,"REST IP - H1 cells, Rep 1",,,
TCF21,GPAM,vasculature,"TCF21 IP, TCF21 IP",,,
CEBPB,GPAM,liver,"CEBPB ChIP-Seq - HepG2, CEBPB IP | FORSK - HepG2 cells, CEBPB IP - HepG2 cells",,,
TCF12,GPAM,leukocytes,TCF12 IP - GM12878 cells,,,
RUNX1,GPAM,leukocytes,"RUNX1 IP, SPI1 IP | RUNX1 KD, RUNX1 IP - Rep 2",,,
E2F4,GPAM,uterus,E2F4 IP - HeLa cells,,,
EGR1,GPAM,leukocytes,"EGR1 IP - K562 cells, EGR1 IP - GM12878 cells, Rep 1",,,
USF1,GPAM,stemcells,USF1 IP - H1 cells,,,
TEAD4,GPAM,liver,"TEAD4 IP - HepG2 cells, TEAD4 IP - MCF7 cells",,,
TFAP4,GPAM,leukocytes,"TFAP4 IP - Rep 2, TFAP4 IP - Rep 1",,,
FOXA1,GPAM,lung,FOXA1 IP | DEX - A549 cells,,,
EBF1,GPAM,leukocytes,"EBF1 IP - GM12878 cells, EBF1 IP - GM12878 cells",,,
CEBPB,GPAM,lung,"CEBPB IP - A549 cells, CEBPB ChIP-Seq - A549, CEBPB ChIP-Seq - IMR90",,,
CEBPA,GPAM,leukocytes,CEBPA IP,,,
STAT3,GPAM,leukocytes,"STAT3 IP - OCI-LY10, STAT3 IP - OCI-LY19, STAT3 IP - U-2932, STAT3 IP - SU-DHL-4, STAT3 IP - SU-DHL-6, STAT3 IP - OCI-LY7",,,
REST,GPAM,lung,REST IP - A549 cells,,,
ELF1,GPAM,cns,ELF1 IP - SK-N-SH cells,,,
ELF1,GPAM,colon,ELF1 IP - HCT116 cells,,,
RUNX1T1,GPAM,leukocytes,RUNX1T1 IP,,,
TCF7L2,GPAM,uterus,TCF7L2 IP - HeLa cells,,,
TBP,GPAM,leukocytes,"TBP IP - GM12878 cells, TBP IP - K562 cells",,,
MAX,GPAM,vasculature,MAX IP - HUVEC cells,,,
MXI1,GPAM,stemcells,MXI1 IP - H1 cells,,,
USF1,GPAM,cns,"USF1 IP | ATRA - SK-N-SH cells, USF1 IP - SK-N-SH cells",,,
MAX,GPAM,liver,"MAX IP - HepG2 cells, MAX IP - MCF7 cells",,,
ELF1,GPAM,leukocytes,"ELF1 IP - SK-N-SH cells, ELF1 IP - SK-N-SH cells",,,
HIF1A,GPAM,bone,HIF1A IP,,,
ERG,GPAM,prostate,"ERG ChIP-Seq, DHT | ERG ChIP-Seq - 18 h, ERG ChIP-Seq",,,
FORSK,GPAM,liver,CEBPB IP | FORSK - HepG2 cells,,,
FOXA2,GPAM,embryonictissue,"FOXA2 IP - Rep 2, FOXA2 IP - Rep 1",,,
ZFP42,GPAM,stemcells,"ZFP42 IP - Rep 1 , ZFP42 IP - Rep 2 , ZFP42 IP - Rep 3 ",,,
YY1,GPAM,leukocytes,"YY1 IP - K562 cells, Rep 2, YY1 IP - GM12878 cells, YY1 IP - GM12892 cells, Rep 1, YY1 IP - GM12891 cells, YY1 IP - K562 cells, Rep 1",,,
TAL1,GPAM,colon,TAL1 IP ,,,
BCL3,GPAM,lung,BCL3 IP - A549 cells,,,
4HT,GPAM,mammarygland,"FOS IP | 4HT - MCF10A cells, 36 h, E2F4 IP | 4HT - MCF10 cells",,,
ELK1,GPAM,uterus,ELK1 IP - HeLa cells,,,
MYC,GPAM,uterus,MYC IP - HeLa cells,,,
TBP,GPAM,stemcells,TBP IP - H1 cells,,,
IRF1,GPAM,leukocytes,"IRF1 IP | IFNA1-13 - K562 cells, 6 h, IRF1 IP | IFNG - K562 cells, 30 min, IRF1 IP | IFNG - K562 cells, 6 h",,,
CEBPB,GPAM,colon,"CEBPB IP, CEBPB IP - HCT116 cells, CEBPB IP | 125DVD3",,,
GLI2,GPAM,colon,GLI2 IP ,,,
IRF4,GPAM,leukocytes,"IRF4 IP, IRF4 IP - GM12878 cells",,,
SIX2,GPAM,kidney,"SIX2 IP - 17 weeks, Rep 2, SIX2 IP - 17 weeks, Rep 1",,,
FOXM1,GPAM,leukocytes,FOXM1 IP - GM12878 cells,,,
JUND,GPAM,cns,"JUND IP - SK-N-SH cells , JUND IP - SK-N-SH cells",,,
FOS,GPAM,leukocytes,FOS IP - K562 cells,,,
REST,GPAM,mammarygland,REST IP - MCF7 cells,,,
PAX5,GPAM,leukocytes,"PAX5 IP - GM12891 cells, PAX5 IP - GM12892 cells, PAX5 IP - GM12878 cells, Rep 1, PAX5 IP - GM12878 cells, Rep 2",,,
E2F6,GPAM,leukocytes,"E2F6 IP - K562 cells, E2F6 IP - K562 cells",,,
CTCF,GPAM,hspcs,"CTCF IP - Erythroid cells, Rep 2, CTCF IP - HSPCs, Rep 1",,,
FOSL1,GPAM,leukocytes,FOSL1 IP - K562 cells,,,
USF1,GPAM,leukocytes,USF1 IP - GM12878 cells,,,
YY1,GPAM,lung,YY1 IP - A549 cells,,,
BACH1,GPAM,stemcells,BACH1 IP - H1 cells,,,
MAFK,GPAM,liver,"MAFK IP - HepG2 cells, Rep 2",,,
EGR1,GPAM,uterus,EGR1 IP - ECC1 cells,,,
REST,GPAM,colon,"REST IP , REST IP - HCT116 cells",,,
GATA3,GPAM,lung,GATA3 IP - A549 cells,,,
PBX3,GPAM,cns,PBX3 IP - SK-N-SH cells,,,
SRF,GPAM,leukocytes,"SRF IP - K562 cells, SRF IP - SK-N-SH cells, SRF IP - GM12878 cells, Rep 2",,,
GABPA,GPAM,leukocytes,"GABPA IP - K562 cells, GABPA IP - GM12878 cells, GABPA IP - Jurkat, Rep 2",,,
ATF2,GPAM,leukocytes,ATF2 IP - GM12878 cells,,,
ELF1,GPAM,mammarygland,ELF1 IP - MCF7 cells,,,
MAX,GPAM,cns,MAX IP - SK-N-SH cells,,,
CREB1,GPAM,stemcells,CREB1 IP - H1 cells,,,
MAX,GPAM,uterus,"MAX IP - HeLa cells, Rep 2, MAX IP - HeLa cells, Rep 1, MAX IP - ECC1 cells",,,
ETV5,GPAM,colon,ETV5 IP ,,,
MAX,GPAM,colon,MAX IP - HCT116 cells,,,
SNAI2,GPAM,stemcells,SNAI2 IP - Rep 1 ,,,
SRF,GPAM,uterus,SRF IP - ECC1 cells,,,
USF2,GPAM,stemcells,USF2 IP - H1 cells,,,
TP53,GPAM,lung,"TP53 IP - propapoptic, Rep 1",,,
17BE2,GPAM,mammarygland,"17BE2 | FOXA1 ChIP-Seq - Rep 2, 17BE2 | FOXA1 ChIP-Seq - Rep 1, 17BE2 | FOXA1 ChIP-Seq - Rep 1",,,
MAX,GPAM,leukocytes,"MAX IP - K562 cells, MAX IP - K562 cells, Rep 2, MAX IP - GM12878 cells, MAX IP - NB4 cells",,,
FOXA2,GPAM,liver,FOXA2 IP - HepG2 cells,,,
MEF2C,GPAM,leukocytes,MEF2C IP - GM12878 cells,,,
MAZ,GPAM,leukocytes,"MAZ IP - GM12878 cells, MAZ IP - K562 cells",,,
PBX3,GPAM,lung,PBX3 IP - A549 cells,,,
TAL1,GPAM,leukocytes,TAL1 IP - MOLT3,,,
TEAD4,GPAM,uterus,TEAD4 IP - ECC1 cells,,,
EOMES,GPAM,stemcells,EOMES IP - Rep 3 ,,,
HEY1,GPAM,leukocytes,HEY1 IP - K562 cells,,,
STAT1,GPAM,uterus,"STAT1 IP | IFNG - HeLa cells, 30 min",,,
IFNG,GPAM,uterus,"STAT1 IP | IFNG - HeLa cells, 30 min",,,
E2F4,GPAM,leukocytes,E2F4 IP - K562 cells,,,
ATF2,GPAM,stemcells,ATF2 IP - H1 cells,,,
JUND,GPAM,liver,JUND IP - HepG2 cells,,,
KLF11,GPAM,adiposetissue,"KLF11 ChIP-Seq, Rep 2, KLF11 ChIP-Seq, Rep 1",,,
TBP,GPAM,uterus,TBP IP - HeLa cells,,,
KLF5,GPAM,stomach,KLF5 IP - KATOIII,,,
E2F6,GPAM,lung,E2F6 IP - A549 cells,,,
FOXP2,GPAM,cns,FOXP2 IP - PFSK-1 cells,,,
JUND,GPAM,leukocytes,"JUND IP - GM12878 cells, Rep 1 , JUND IP - K562 cells",,,
CTCF,GPAM,pancreas,CTCF IP,,,
RUNX1,GPAM,hspcs,RUNX1,,,
REST,GPAM,liver,"REST IP - HepG2 cells, Rep 1",,,
USF1,GPAM,liver,USF1 IP - HepG2 cells,,,
CREB1,GPAM,liver,"CREB1 IP, CREB1 IP - HepG2 cells",,,
JUND,GPAM,colon,JUND IP - HCT116 cells,,,
MXI1,GPAM,cns,MXI1 IP - SK-N-SH cells ,,,
MAX,GPAM,lung,"MAX IP - A549 cells, MAX IP - A549 cells",,,
GATA2,GPAM,hspcs,GATA2 IP,,,
BATF,GPAM,leukocytes,BATF IP - GM12878 cells,,,
ATF1,GPAM,leukocytes,ATF1 IP - K562 cells,,,
FOXA2,GPAM,lung,FOXA2 IP - A549 cells,,,
SP1,GPAM,stemcells,SP1 IP - H1 cells,,,
EGR1,GPAM,stemcells,EGR1 IP - H1 cells,,,
BAY082,GPAM,leukocytes,"RELA IP | BAY082  - IVD Th1 cells, PIA",,,
FOSL1,GPAM,colon,FOSL1 IP - HCT116 cells,,,
RBPJ,GPAM,leukocytes,"RBPJ IP | COMPE - wash, RBPJ IP | COMPE",,,
COMPE,GPAM,leukocytes,"RBPJ IP | COMPE - wash, RBPJ IP | COMPE",,,
CREB1,GPAM,colon,CREB1 IP ,,,
FOSL2,GPAM,cns,FOSL2 IP - SK-N-SH cells,,,
BACH1,GPAM,colon,BACH1 IP ,,,
REST,GPAM,leukocytes,"REST IP - K562 cells, REST IP - HL60 cells",,,
STAT2,GPAM,colon,STAT2 IP ,,,
MXI1,GPAM,uterus,MXI1 IP - HeLa cells,,,
GATA4,GPAM,stomach,GATA4 IP - AGS,,,
ATF3,GPAM,stemcells,ATF3 IP - H1 cells,,,
GATA1,GPAM,hspcs,"GATA1 IP - PBDE cells, Rep 1",,,
CTCF,GPAM,leukocytes,"CTCF IP - GM2255 cells, Rep 1 , CTCF ChIP-Seq - GM12878, CTCF IP, CTCF IP - MS1 cells, Rep 1 ",,,
BCL11A,GPAM,leukocytes,BCL11A IP - GM12878 cells,,,
ATF2,GPAM,colon,ATF2 IP ,,,
MTA3,GPAM,leukocytes,MTA3 IP - GM12878 cells,,,
EBF1,GPAM,adiposetissue,EBF1 IP,,,
SP1,GPAM,liver,SP1 IP - HepG2 cells,,,
JUN,GPAM,vasculature,JUN IP,,,
GATA3,GPAM,mammarygland,"GATA3 IP - T47D cells, GATA3 IP - MCF7 cells",,,
YY1,GPAM,uterus,YY1 IP - ECC1 cells,,,
HMGN3,GPAM,leukocytes,HMGN3 IP - K562 cells,,,
MYBL2,GPAM,liver,MYBL2 IP - HepG2 cells,,,
ATF3,GPAM,lung,ATF3 IP - A549 cells,,,
E2F8,GPAM,colon,E2F8 IP ,,,
MXI1,GPAM,leukocytes,"MXI1 IP - GM12878 cells, MXI1 IP - K562 cells",,,
PBX3,GPAM,leukocytes,PBX3 IP - GM12878 cells,,,
TEAD4,GPAM,leukocytes,TEAD4 IP - K562 cells,,,
SIX5,GPAM,lung,SIX5 IP | DEX - A549 cells,,,
TEAD4,GPAM,cns,TEAD4 IP - SK-N-SH cells,,,
GTF2B,GPAM,lung,GTF2B IP,,,
YY1,GPAM,stemcells,YY1 IP - H1 cells,,,
TCF12,GPAM,lung,TCF12 IP - A549 cells,,,
CEBPB,GPAM,mammarygland,CEBPB IP - MCF7 cells,,,
TEAD4,GPAM,colon,TEAD4 IP - HCT116 cells,,,
SP1,GPAM,lung,SP1 IP - A549 cells,,,
SRF,GPAM,colon,SRF IP - HCT116 cells,,,
GABPA,GPAM,prostate,GABPA IP | R1881,,,
JUND,GPAM,stemcells,"JUND IP - H1 cells, JUND IP - H1 cells",,,
GMEB2,GPAM,colon,GMEB2 IP ,,,
TCF7L2,GPAM,hspcs,"TCF7L2 IP - Rep 2, TCF7L2 IP - Rep 1",,,
JUND,GPAM,lung,JUND IP - A549 cells,,,
CREB1,GPAM,leukocytes,"CREB1 IP - K562 cells, CREB1 IP - GM12878 cells, CREB1 IP, CREB1 IP",,,
MEF2A,GPAM,leukocytes,MEF2A IP - GM12878 cells,,,
GATA2,GPAM,prostate,"GATA2 KD  | FOXA1 ChIP-Seq, GATA2 KD + R1881 | FOXA1 ChIP-Seq",,,
DHT,GPAM,prostate,"DHT | ERG ChIP-Seq - 18 h, DHT | FOXA1 ChIP-Seq",,,
TCF3,GPAM,leukocytes,TCF3 IP - GM12878 cells,,,
GATA3,GPAM,cns,GATA3 IP - SK-N-SH cells,,,
NFYC,GPAM,colon,NFYC IP ,,,
ZEB1,GPAM,liver,ZEB1 IP - HepG2 cells,,,
CTCF,GPAM,stemcells,CTCF IP - H1 cells,,,
GABPA,GPAM,stemcells,GABPA IP - H1 cells,,,
TCF12,GPAM,cns,TCF12 IP - SK-N-SH cells,,,
TCF12,GPAM,uterus,TCF12 IP - ECC1 cells,,,
USF2,GPAM,leukocytes,USF2 IP - GM12878 cells,,,
IRF1,GPAM,colon,IRF1 IP ,,,
ZC3H8,GPAM,colon,ZC3H8 IP,,,
SP1,GPAM,leukocytes,SP1 IP - GM12878 cells,,,
CAMPTO,GPAM,colon,ATF3 IP | ATF3 KO,,,
FOSL2,GPAM,lung,FOSL2 IP - A549 cells,,,
HOXA4,GPAM,colon,HOXA4 IP ,,,
POU2F2,GPAM,leukocytes,POU2F2 IP - GM12878 cells,,,
JUND,GPAM,vasculature,JUND IP,,,
TEAD4,GPAM,stemcells,TEAD4 IP - H1 cells,,,
SIX1,GPAM,kidney,"SIX1 IP - 17 weeks, Rep 1",,,
BCL3,GPAM,leukocytes,BCL3 IP - GM12878 cells,,,
ELF1,GPAM,lung,ELF1 IP - A549 cells,,,
ZNF83,GPAM,colon,ZNF83 IP ,,,
GTF2B,GPAM,uterus,GTF2B IP - Rep 2,,,
E2F6,GPAM,stemcells,E2F6 IP - H1 cells,,,
125DVD3,GPAM,colon,CEBPB IP | 125DVD3,,,
STAT5A,GPAM,leukocytes,STAT5A IP - GM12878 cells,,,
ZEB1,GPAM,leukocytes,ZEB1 IP - GM12878 cells,,,
FOXA1,GPAM,stemcells,FOXA1 IP - Rep 5 ,,,
YY1,GPAM,colon,YY1 IP - HCT116 cells,,,
CREB1,GPAM,uterus,CREB1 IP - ECC1 cells,,,
E2F4,GPAM,mammarygland,E2F4 IP | 4HT - MCF10 cells,,,
CTCF,GPAM,lung,CTCF IP - IMR cells,,,
SRF,GPAM,stemcells,SRF IP - H1 cells,,,
SRF,GPAM,mammarygland,SRF IP - MCF7 cells,,,
MYC,GPAM,lung,MYC IP - A549 cells,,,
TCF12,GPAM,stemcells,TCF12 IP - H1 cells,,,
MAX,GPAM,stemcells,MAX IP - H1 cells,,,
EGR1,GPAM,colon,EGR1 IP - HCT116 cells,,,
TP53,GPAM,leukocytes,TP53 IP - Doxo DNA damage,,,
E2F6,GPAM,uterus,E2F6 IP - HeLa cells,,,
FOXP1,GPAM,colon,FOXP1 IP ,,,
ELK1,GPAM,leukocytes,ELK1 IP - GM12878 cells,,,
GABPA,GPAM,lung,GABPA IP - A549 cells,,,
GTF2F1,GPAM,uterus,GTF2F1 IP - HeLa cells,,,
E2F3,GPAM,colon,E2F3 IP ,,,
SIX5,GPAM,leukocytes,SIX5 IP - GM12878 cells,,,
CTCF,GPAT2,megakaryocytelineage,"CTCF IP - MEG-01 cells, Rep 6 , CTCF IP - MEG-01 cells, Rep 4 , CTCF IP - MEG-01 cells, Rep 2 , CTCF IP - MEG-01 cells, Rep 8 , CTCF IP - MEG-01 cells, Rep 10 ",,,
FOXA1,GPAT2,prostate,"DHT | FOXA1 ChIP-Seq, R1881 | FOXA1 ChIP-Seq - Rep 2, CON KD + R1881 | FOXA1 ChIP-Seq - Rep 2, FOXA1 ChIP-Seq - LNCaP-abl, CON KD + R1881 | FOXA1 ChIP-Seq - Rep 1, PIAS1 + R1881 | FOXA1 ChIP-Seq - Rep 2, CON KD | FOXA1 ChIP-Seq, FOXA1 ChIP-Seq, PIAS1 + R1881 | FOXA1 ChIP-Seq - Rep 1, FOXA1 ChIP-Seq",,,
DHT,GPAT2,prostate,DHT | FOXA1 ChIP-Seq,,,
CTCF,GPAT2,adiposetissue,"CTCF ChIP-Seq - d 9, CTCF ChIP-Seq - d -2, CTCF ChIP-Seq - d 0, CTCF ChIP-Seq - d 3",,,
CTCF,GPAT2,mammarygland,"CTCF IP - HMF cells, Rep 1 , CTCF IP - MCF-7 cells Rep 2 , CTCF IP - MCF7 cells, CTCF IP - HMEC cells, Rep 1 , CTCF IP - HMEC cells , CTCF IP - MCF-7 cells, Rep 1 , CTCF IP - HMF cells, Rep 2 ",,,
CTCF,GPAT2,vasculature,"CTCF IP - AoAFC cells, Rep 1 , CTCF IP - HUVEC cells, Rep 1 , CTCF IP - HBMEC cells, Rep 2 , CTCF IP - HBMEC cells, Rep 1 , CTCF IP - HUVEC cells , CTCF IP - HPAF cells, Rep 2 , CTCF IP - HUVEC cells, Rep 2 , CTCF IP - HPAF cells, Rep 1 ",,,
CTCF,GPAT2,leukocytes,"CTCF IP - GM12890 cells, Rep 3 , CTCF IP - K562 cells, Rep 13 , CTCF IP - GM2610 cells, Rep 3 , CTCF IP - GM19193 cells, Rep 1 , CTCF IP - GM06986 cells, CTCF IP - MS1 cells, Rep 1 , CTCF IP - GM18951 cells, Rep 1 , CTCF IP - F36P cells, Rep 7 , CTCF IP - GM2610 cells, Rep 1 , CTCF IP - K562 cells, Rep 16 , CTCF IP - GM12892 cells, Rep 1 , CTCF IP - GM11994 cells, Rep 2, CTCF IP - GM12892 cells, Rep 2 , CTCF IP - UT-7 cells, Rep 1 , CTCF IP - GM19240 cells, Rep 1 , CTCF IP - K562 cells, CTCF IP -  DND , CTCF IP - F36P cells, Rep 11 , CTCF IP - GM12864 cells, Rep 1 , CTCF IP - F36P cells, Rep 2 , CTCF IP - MS1 cells, Rep 2 , CTCF IP - GM11881 cells, CTCF IP, CTCF IP - F36P cells, Rep 3 , CTCF IP - GM18526 cells, Rep 1 , CTCF IP - K562 cells, Rep 12 , CTCF IP - GM2630 cells, Rep 3 , CTCF IP - GM18505 cells, Rep 1 , CTCF IP - GM06990 cells, Rep 2 , CTCF IP - F36P cells, Rep 19 , CTCF IP - GM11831 cells, CTCF IP - F36P cells, Rep 15 , CTCF IP - GM19239 cells, Rep 2 , CTCF IP - GM12828 cells, CTCF IP - F36P cells, Rep 18 , CTCF IP - GM12891 cells, Rep 2 , CTCF IP - GM2630 cells, Rep 1 , CTCF IP - GM19193 cells, Rep 2 , CTCF IP - GM12814 cells, Rep 1, CTCF IP - GM12871 cells , CTCF IP - GM12154 cells, Rep 2, CTCF IP - GM19099 cells, Rep 1 , CTCF IP - K562 cells , CTCF IP - GM19099 cells, Rep 2 , CTCF IP - GM18486 cells, Rep 3 , CTCF IP - GM12873 cells, Rep 1 , CTCF IP - GM12874 cells, Rep 2 , CTCF IP - GM12878 cells , CTCF IP - GM12890 cells, Rep 1 , CTCF IP - GM12872 cells, Rep 1 , CTCF IP - GM2588 cells, Rep 1 , CTCF IP - UT-7 cells, Rep 5 , CTCF IP - K562 cells, Rep 14 , CTCF IP - GM12864 cells, Rep 3 , CTCF IP - GM2255 cells, Rep 1 , CTCF IP - UT-7 cells, Rep 4 , CTCF IP - GM12890 cells, Rep 2 , CTCF IP - K562 cells, Rep 15 , CTCF IP - MS1 cells, Rep 3 , CTCF IP - GM12872 cells, Rep 3 , CTCF IP - GM2630 cells, Rep 2 , CTCF IP - GM2588 cells, Rep 2 , CTCF IP - GM19238 cells, Rep 1 , CTCF IP - GM12878 cells, Rep 1 , CTCF IP - GM11994 cells, Rep 1, CTCF IP - GM19239 cells, Rep 1 , CTCF IP - GM12864 cells, Rep 2 , CTCF IP - GM19240 cells, Rep 2 , CTCF IP - GM12878 cells, Rep 2 , CTCF IP - UT-7 cells, Rep 3 , CTCF IP - MS1 cells, Rep 4 , CTCF IP - GM10847 cells, Rep 2 , CTCF IP - KU812 cells, Rep 17 , CTCF IP - GM12154 cells, Rep 1, CTCF IP - GM12866 cells , CTCF IP - GM12814 cells, Rep 2, CTCF IP - GM2255 cells, Rep 2 , CTCF IP - GM11811 cells, Rep 1, CTCF IP - K562 cells, Rep 11 , CTCF IP - GM18486 cells, Rep 1 , CTCF IP - GM12873 cells, Rep 3 , CTCF ChIP-Seq - GM12878, CTCF IP - GM11811 cells, Rep 2, CTCF IP - GM12869 cells , CTCF IP -  CD20+ cells , CTCF IP - K562 cells, CTCF IP - GM2610 cells, Rep 2 , CTCF IP - NB4 cells , CTCF IP - GM12891 cells, Rep 1 , CTCF IP - GM2255 cells, Rep 3 , CTCF IP - GM2588 cells, Rep 3 , CTCF IP - GM10847 cells, Rep 1 , CTCF IP - GM18951 cells, Rep 2 , CTCF IP - UT-7 cells, Rep 2 , CTCF IP - GM18526 cells, Rep 2 , CTCF IP - GM12867 cells , CTCF IP - GM19238 cells, Rep 2 , CTCF IP - GM18505 cells, Rep 2 , CTCF IP - GM12873 cells, Rep 1 ",,,
R1881,GPAT2,prostate,"R1881 | FOXA1 ChIP-Seq - Rep 2, CON KD + R1881 | FOXA1 ChIP-Seq - Rep 2, CON KD + R1881 | FOXA1 ChIP-Seq - Rep 1, PIAS1 + R1881 | FOXA1 ChIP-Seq - Rep 2, PIAS1 + R1881 | FOXA1 ChIP-Seq - Rep 1",,,
CTCF,GPAT2,skin,"CTCF IP - BJ cells, Rep 1 , CTCF IP - NHEK cells , CTCF IP - AG04449 cells, Rep 1 , CTCF IP - AG10803 cells, Rep 2 , CTCF IP - HFFC cells, Rep 1 , CTCF IP - NHDF cells , CTCF IP - HFFC cells, Rep 3 , CTCF IP - NHDF cells, Rep 1 , CTCF IP - AG04449 cells, Rep 2 , CTCF IP - HFFC cells, Rep 2 , CTCF IP - AG10803 cells, Rep 1 , CTCF IP - GM12878 cells, Rep 2 , CTCF IP - NHDF cells, Rep 2 , CTCF IP - NHEK cells, Rep 2 , CTCF IP - BJ cells, Rep 2 , CTCF IP - AG09309 cells, Rep 1 ",,,
CTCF,GPAT2,kidney,"CTCF IP - RPTEC cells, Rep 2 , CTCF IP - HRE cells, Rep 1 , CTCF IP - RPTEC cells, Rep 1 , CTCF IP - HEK293 cells, Rep 1 , CTCF IP - HRE cells, Rep 2 ",,,
MYC,GPAT2,leukocytes,MYC IP - NB4 cells,,,
BHLHE40,GPAT2,liver,BHLHE40 IP - HepG2 cells,,,
SPI1,GPAT2,leukocytes,"SPI1 IP, SPI1 IP, SPI1 IP - GM12878 cells, SPI1 IP, SPI1 IP, SPI1 IP, SPI1 IP, SPI1 IP, SPI1 IP - GM12878 cells, Rep 2 , SPI1 IP - HL-60 cells, Rep 4 , SPI1 IP - GM12891 cells, SPI1 IP - HL cells, SPI1 IP, SPI1 IP - K562 cells",,,
CTCF,GPAT2,sensory,"CTCF IP - HRPEpiC cells, Rep 2 , CTCF IP - HRPEpiC cells, Rep 1 ",,,
CTCF,GPAT2,liver,"CTCF IP - HepG2 cells, Rep 1 , CTCF IP - HepG2 cells, Rep 2 , CTCF IP, CTCF IP - SK-N-SH cells, CTCF IP - HepG2 cells ",,,
CTCF,GPAT2,skeletalmuscle,"CTCF IP - HSMM cells, Rep 2 , CTCF IP - HSMM cells, Rep 1 ",,,
REST,GPAT2,cns,"REST IP - PFSK1 cells, Rep 2",,,
CTCF,GPAT2,heart,"CTCF IP - myocytes cells, Rep 1 , CTCF IP - myocytes cells, Rep 2 , CTCF IP - HCF cells ",,,
CTCF,GPAT2,cns,"CTCF IP - SK cells, CTCF IP - HCPEpiC cells, Rep 2 , CTCF IP - SK-N-SH cells, Rep 2 , CTCF IP - cerebellar astrocyte cells, Rep 2 , CTCF IP - SK-N-SH cells, Rep 1 , CTCF IP - NHA cells , CTCF IP - BE(2)-C cells, Rep 1 , CTCF IP - spinal cord astrocyte cells, Rep 2 , CTCF IP - SK-N-SH cells , CTCF IP - HCPEpiC cells, Rep 1 , CTCF IP - BE(2)-C cells, Rep 2 ",,,
CTCF,GPAT2,stemcells,"CTCF IP - Rep 6 , CTCF IP - H1 cells",,,
CTCF,GPAT2,placenta,"CTCF IP - HVMF cells, Rep 2 , CTCF IP - HVMF cells, Rep 1 ",,,
TP53,GPAT2,colon,"TP53 IP | TP53 KO, TP53 IP | CAMPTO",,,
FOXA2,GPAT2,liver,FOXA2 IP - HepG2 cells,,,
CTCF,GPAT2,hspcs,"CTCF IP - HEL 92.1.7 cells, Rep 8 , CTCF IP - HEL 92.1.7 cells, Rep 11 , CTCF IP - HEL 92.1.7 cells, Rep 5 , CTCF IP - HEL 92.1.7 cells, Rep 2 , CTCF IP - HEL 92.1.7 cells, Rep 14 ",,,
USF1,GPAT2,colon,USF1 IP - HCT116 cells,,,
CEBPB,GPAT2,leukocytes,"CEBPB IP, CEBPB IP, CEBPB IP, CEBPB IP, CEBPB IP, CEBPB IP",,,
E2F6,GPAT2,leukocytes,"E2F6 IP - K562 cells, E2F6 IP - K562 cells",,,
CTCF,GPAT2,lung,"CTCF IP | DEX - A549 cells , CTCF IP | DEX - A549 cells, CTCF IP - A549 cells, Rep 2 , CTCF IP - HPF cells, Rep 1 , CTCF IP - A549 cells, CTCF IP - IMR cells, CTCF IP - SAEC cells, Rep 2 , CTCF IP - A549 cells , CTCF IP - AG04450 cells, Rep 2 , CTCF IP - HPF cells, Rep 2 , CTCF ChIP-Seq - A549, CTCF IP - NHLF cells , CTCF IP - AG04450 cells, Rep 1 ",,,
DEX,GPAT2,lung,"CTCF IP | DEX - A549 cells , CTCF IP | DEX - A549 cells",,,
BHLHE40,GPAT2,leukocytes,BHLHE40 IP - K562 cells,,,
NFYB,GPAT2,leukocytes,NFYB IP - K562 cells,,,
FOXA1,GPAT2,liver,"FOXA1 IP - HepG2 cells, Rep 2, FOXA1 IP - HepG2 cells, Rep 1",,,
CAMPTO,GPAT2,colon,TP53 IP | CAMPTO,,,
CTCF,GPAT2,colon,"CTCF IP - HCT116 cells, CTCF IP - HCT116 cells, Rep 1 , CTCF IP - Caco , CTCF IP - Caco-2 cells, Rep 1 ",,,
POU2F2,GPAT2,leukocytes,POU2F2 IP | POU2F2 Mut OE,,,
CTCF,GPAT2,esophagus,"CTCF IP - HEEpiC cells, Rep 1 , CTCF IP - HEEpiC cells, Rep 2 ",,,
CTCF,GPAT2,uterus,"CTCF IP - HeLa cells, Rep 1 , CTCF IP - HeLa cells , CTCF IP - ECC1 cells",,,
MAX,GPAT2,stemcells,MAX IP - H1 cells,,,
SP1,GPAT2,colon,SP1 IP - HCT116 cells,,,
ELF3,GPAT2,pancreas,ELF3 IP,,,
MAX,GPAT2,colon,MAX IP - HCT116 cells,,,
JUND,GPAT2,vasculature,JUND IP,,,
MYC,GPAT2,bone,"MYC IP, MYC IP",,,
FOXA2,GPAT2,embryonictissue,"FOXA2 IP - Rep 1, FOXA2 IP - Rep 2",,,
MAX,GPAT2,leukocytes,"MAX IP - NB4 cells, MAX IP - K562 cells, MAX IP - K562 cells, Rep 2",,,
TP53,GPAT2,lung,"TP53 IP - senescent, TP53 IP - growing",,,
NFKB1,GPAT2,leukocytes,"NFKB1 IP - Rep 2, NFKB1 IP - Rep 1",,,
FOXA2,GPAT2,stemcells,"FOXA2 IP - ES D5, FOXA2 IP - ES D7",,,
FOXA1,GPAT2,mammarygland,"17BE2 | FOXA1 ChIP-Seq, DHT | FOXA1 ChIP-Seq, FOXA1 ChIP-Seq - Rep 1",,,
17BE2,GPAT2,mammarygland,17BE2 | FOXA1 ChIP-Seq,,,
E2F1,GPAT2,mammarygland,E2F1 IP,,,
CTCF,GPAT2,pancreas,CTCF IP,,,
DHT,GPAT2,mammarygland,DHT | FOXA1 ChIP-Seq,,,
CTCF,GPAT2,bone,CTCF IP - Osteoblasts ,,,
CTCF,GPAT2,miscellaneous,"CTCF IP - AG09319 cells, Rep 2 , CTCF IP - AG09319 cells, Rep 1 ",,,
JUND,GPAT2,leukocytes,JUND IP - K562 cells,,,
FOS,GPAT2,mammarygland,"FOS IP | 4HT - MCF10A cells, 4 h",,,
4HT,GPAT2,mammarygland,"FOS IP | 4HT - MCF10A cells, 4 h",,,
SMAD1,GPAT2,hspcs,SMAD1 IP - Rep 3,,,
PIAS1,GPAT2,prostate,"PIAS1 + R1881 | FOXA1 ChIP-Seq - Rep 2, PIAS1 + R1881 | FOXA1 ChIP-Seq - Rep 1",,,
EGR1,GPAT2,leukocytes,EGR1 IP - K562 cells,,,
E2F6,GPAT2,stemcells,E2F6 IP - H1 cells,,,
JUND,GPAT2,liver,JUND IP - HepG2 cells,,,
FOXA1,GPAT2,stemcells,FOXA1 IP - Rep 5 ,,,
TP53,GPAT2,bone,TP53 IP | TP53EE/RR OE,,,
IRF4,GPD1,leukocytes,IRF4 IP,,,
CTCF,GPD1,leukocytes,"CTCF IP - GM18486 cells, Rep 1 , CTCF IP - K562 cells, Rep 5 , CTCF IP - GM11811 cells, Rep 2, CTCF IP - GM12872 cells, Rep 2 , CTCF IP - GM12864 cells, Rep 3 , CTCF IP - GM11992 cells, Rep 2, CTCF IP - GM12865 cells, Rep 1 , CTCF IP - GM2610 cells, Rep 1 , CTCF IP - GM2588 cells, Rep 3 , CTCF IP - GM12873 cells, Rep 1 , CTCF IP - GM12874 cells, Rep 2 , CTCF IP - GM12890 cells, Rep 3 , CTCF IP - GM12865 cells, Rep 2 , CTCF IP - GM12892 cells, Rep 1 , CTCF IP - F36P cells, Rep 7 , CTCF IP - K562 cells, Rep 1 , CTCF IP - GM2630 cells, Rep 1 , CTCF IP - K562 cells, Rep 9 , CTCF IP - K562 cells, CTCF IP - KU812 cells, Rep 1 , CTCF IP - F36P cells, Rep 11 , CTCF IP - MS1 cells, Rep 2 , CTCF IP - GM12815 cells, Rep 2, CTCF IP - GM2630 cells, Rep 3 , CTCF IP - GM11881 cells, CTCF IP - HL-60 cells, Rep 2 , CTCF IP - F36P cells, Rep 19 , CTCF IP - HeLa cells, Rep 2 , CTCF IP - GM12828 cells, CTCF IP - GM11894 cells, Rep 2, CTCF IP - K562 cells, CTCF IP - GM12878 cells, Rep 1 , CTCF IP - GM12814 cells, Rep 1, CTCF IP - GM19193 cells, Rep 2 , CTCF IP - GM12005 cells, Rep 2, CTCF IP - GM12870 cells , CTCF IP - K562 cells, Rep 15 , CTCF IP - F36P cells, Rep 13 , CTCF IP - GM12875 cells, Rep 2 , CTCF IP - GM12234 cells, CTCF IP - GM12814 cells, Rep 2, CTCF IP - GM2255 cells, Rep 2 , CTCF IP - GM11811 cells, Rep 1, CTCF IP - K562 cells, Rep 2 , CTCF IP - GM2610 cells, Rep 2 , CTCF IP - GM2255 cells, Rep 3 , CTCF IP - GM12287 cells, Rep 1, CTCF IP - K562 cells , CTCF IP - F36P cells, Rep 14 , CTCF IP - GM12872 cells, Rep 1 , CTCF IP - K562 cells, CTCF IP - GM18526 cells, Rep 1 , CTCF IP - K562 cells, Rep 13 , CTCF IP - F36P cells, Rep 10 , CTCF IP - GM07037 cells, CTCF IP - GM12864 cells, Rep 2 , CTCF IP - CD14+ cells , CTCF IP - GM12874 cells, Rep 1 , CTCF IP - GM07346 cells, CTCF IP - F36P cells, Rep 2 , CTCF IP - K562 cells, Rep 4 , CTCF IP - GM12873 cells, Rep 3 , CTCF IP - GM11831 cells, CTCF IP - F36P cells, Rep 15 , CTCF IP - GM12872 cells, CTCF IP - GM19239 cells, Rep 1 , CTCF IP - K562 cells, Rep 10 , CTCF IP - GM12154 cells, Rep 2, CTCF IP - GM19099 cells, Rep 1 , CTCF IP - F36P cells, Rep 9 , CTCF IP - GM12890 cells, Rep 2 , CTCF IP - GM11994 cells, Rep 1, CTCF IP - K562 cells, Rep 11 , CTCF IP - GM12878 cells, Rep 2 , CTCF IP - HL-60 cells, Rep 3 , CTCF IP - KU812 cells, Rep 17 , CTCF IP - GM12875 cells, Rep 1 , CTCF IP - F36P cells, Rep 6 , CTCF IP - GM12864 cells, Rep 1 , CTCF IP - GM12154 cells, Rep 1, CTCF IP - GM11992 cells, Rep 1, CTCF IP - HL-60 cells, Rep 7 , CTCF IP - F36P cells, Rep 1 , CTCF IP - KU812 cells, Rep 9 , CTCF IP - GM18486 cells, Rep 2 , CTCF IP - GM12868 cells , CTCF IP - GM18951 cells, Rep 2 , CTCF IP - GM18526 cells, Rep 2 , CTCF IP - GM18505 cells, Rep 2 , CTCF IP - GM2610 cells, Rep 3 , CTCF IP - GM06986 cells, CTCF IP - MS1 cells, Rep 1 , CTCF IP - GM11918 cells, Rep 1, CTCF IP - GM18951 cells, Rep 1 , CTCF IP - K562 cells, Rep 16 , CTCF IP - GM19240 cells, Rep 1 , CTCF IP - GM12006 cells, Rep 1, CTCF IP - GM12866 cells , CTCF IP - F36P cells, Rep 3 , CTCF IP -  CD20+ cells , CTCF IP - NB4 cells , CTCF IP - GM12005 cells, Rep 1, CTCF IP - GM12890 cells, Rep 1 , CTCF IP - F36P cells, Rep 17 , CTCF IP - GM12867 cells , CTCF IP - GM12878 cells , CTCF IP - GM2588 cells, Rep 1 , CTCF IP - GM18486 cells, Rep 3 , CTCF IP - K562 cells, Rep 14 , CTCF IP - GM12155 cells, Rep 2, CTCF IP - GM12873 cells, Rep 1 , CTCF IP - GM12749 cells, Rep 2, CTCF IP - GM2588 cells, Rep 2 , CTCF IP - MS1 cells, Rep 3 , CTCF IP - GM2630 cells, Rep 2 , CTCF IP - HL-60 cells, Rep 5 , CTCF IP - GM10847 cells, Rep 3 , CTCF ChIP-Seq - GM12878, CTCF IP - MS1 cells, Rep 4 , CTCF IP - GM12891 cells, Rep 1 , CTCF IP - KU812 cells, Rep 5 , CTCF IP - GM06990 cells, Rep 2 , CTCF IP - GM12006 cells, Rep 2, CTCF IP - GM12489 cells, Rep 1, CTCF IP - GM12871 cells , CTCF IP - GM12749 cells, Rep 1, CTCF IP - GM10847 cells, Rep 1 , CTCF IP - GM19238 cells, Rep 2 , CTCF IP - GM12878 cells, Rep 2 , CTCF IP - GM12872 cells, Rep 3 , CTCF IP - UT-7 cells, Rep 6 , CTCF IP - GM19193 cells, Rep 1 , CTCF IP - HL , CTCF IP - GM11994 cells, Rep 2, CTCF IP - HL-60 cells, Rep 9 , CTCF IP - GM12892 cells, Rep 2 , CTCF IP - K562 cells, Rep 6 , CTCF IP - GM12489 cells, Rep 2, CTCF IP -  DND , CTCF IP - K562 cells, Rep 12 , CTCF IP - GM19239 cells, Rep 2 , CTCF IP - GM12815 cells, Rep 1, CTCF IP - GM12869 cells , CTCF IP - GM18505 cells, Rep 1 , CTCF IP - GM12891 cells, Rep 2 , CTCF IP - K562 cells, Rep 1 , CTCF IP - GM12865 cells, Rep 3 , CTCF IP - K562 cells, Rep 3 , CTCF IP - UT-7 cells, Rep 5 , CTCF IP, CTCF IP - GM19099 cells, Rep 2 , CTCF IP - K562 cells, Rep 7 , CTCF IP - GM06990 cells, Rep 1 , CTCF IP - GM2255 cells, Rep 1 , CTCF IP - UT-7 cells, Rep 4 , CTCF IP - GM19238 cells, Rep 1 , CTCF IP - GM12878 cells, Rep 1 , CTCF IP -  GM07357 cells, Rep 1, CTCF IP - K562 cells, Rep 8 , CTCF IP - GM19240 cells, Rep 2 , CTCF IP - UT-7 cells, Rep 3 , CTCF IP - GM10847 cells, Rep 2 , CTCF IP - GM12874 cells, CTCF IP - KU812 cells, Rep 13 , CTCF IP - F36P cells, Rep 5 ",,,
FOSL2,GPD1,liver,FOSL2 IP - HepG2 cells,,,
CREB1,GPD1,lung,"CREB1 IP - A549 cells, Rep 2, CREB1 IP | DEX - A549 cells, CREB1 IP - A549 cells, Rep 1",,,
MYC,GPD1,mammarygland,"MYC IP, MYC IP | 4HT - MCF10A cells, MYC IP - MCF-10A cells, DHT | MYC ChIP-Seq",,,
TEAD4,GPD1,colon,TEAD4 IP - HCT116 cells,,,
IRF1,GPD1,colon,IRF1 IP ,,,
STAT3,GPD1,mammarygland,"STAT3 IP | 4HT - MCF10 cells, 12 h, STAT3 IP - MCF10A cells, Rep 2, STAT3 IP - MCF10A cells, Rep 1, STAT3 IP | 4HT - MCF10 cells, 36 h",,,
4HT,GPD1,mammarygland,"STAT3 IP | 4HT - MCF10 cells, 12 h, FOS IP | 4HT - MCF10A cells, 12 h, MYC IP | 4HT - MCF10A cells, STAT3 IP | 4HT - MCF10 cells, 36 h, E2F4 IP | 4HT - MCF10 cells, FOS IP | 4HT - MCF10A cells, 36 h",,,
CTCF,GPD1,vasculature,"CTCF IP - HBMEC cells, Rep 2 , CTCF IP - HBMEC cells, Rep 1 , CTCF IP - HUVEC cells, Rep 2 , CTCF IP - AoAFC cells, Rep 2 , CTCF IP - HPAF cells, Rep 2 , CTCF IP - HUVEC cells , CTCF IP - HPAF cells, Rep 1 , CTCF IP - HUVEC cells, Rep 1 , CTCF IP - AoAFC cells, Rep 1 ",,,
ERG,GPD1,prostate,"JQI | ERG ChIP-Seq - Rep 1, DMSO | ERG ChIP-Seq - Rep 1, ERG ChIP-Seq, DMSO | ERG ChIP-Seq - Rep 2, DHT | ERG ChIP-Seq - 2 h, JQI | ERG ChIP-Seq - Rep 2, DHT | ERG ChIP-Seq - 18 h",,,
JQ1,GPD1,prostate,"JQI | ERG ChIP-Seq - Rep 1, JQI | ERG ChIP-Seq - Rep 2",,,
MAZ,GPD1,lung,MAZ IP - IMR cells,,,
RELA,GPD1,colon,RELA IP ,,,
JUND,GPD1,colon,JUND IP - HCT116 cells,,,
YY1,GPD1,lung,YY1 IP - A549 cells,,,
GABPA,GPD1,leukocytes,"GABPA IP - GM12878 cells, Rep 5 , GABPA IP - GM12878 cells, Rep 4 , GABPA IP - K562 cells, GABPA IP - Jurkat, Rep 1, GABPA IP - GM12878 cells, Rep 2 , GABPA IP - Jurkat, Rep 2, GABPA IP, GABPA IP - GM12878 cells, Rep 1 , GABPA IP - GM12878 cells, Rep 3 , GABPA IP - HL cells, GABPA IP - GM12878 cells",,,
MAX,GPD1,leukocytes,"MAX IP - K562 cells, Rep 1, MAX IP - K562 cells, Rep 2, MAX IP - K562 cells, MAX IP - NB4 cells, MAX IP - GM12878 cells",,,
SRF,GPD1,colon,SRF IP - HCT116 cells,,,
BHLHE40,GPD1,leukocytes,"BHLHE40 IP - GM12878 cells, BHLHE40 IP - K562 cells",,,
ETS1,GPD1,leukocytes,"ETS1 IP - K562 cells, ETS1 IP - GM12878 cells, ETS1 IP",,,
HEY1,GPD1,leukocytes,HEY1 IP - K562 cells,,,
YY1,GPD1,leukocytes,"YY1 IP - GM12878 cells, YY1 IP - K562 cells, Rep 2, YY1 IP - GM12892 cells, Rep 1, YY1 IP - K562 cells, Rep 1, YY1 IP - GM12891 cells",,,
MYB,GPD1,leukocytes,"MYB IP - Jurkat, Rep 3, MYB IP - MOLT3, MYB IP - Jurkat, Rep 4, MYB IP - Jurkat, Rep 2, MYB IP - Jurkat, Rep 1, MYB IP - Jurkat, Rep 5",,,
CREB1,GPD1,colon,CREB1 IP ,,,
MXI1,GPD1,cns,MXI1 IP - SK-N-SH cells ,,,
PBX3,GPD1,cns,PBX3 IP - SK-N-SH cells,,,
REST,GPD1,leukocytes,"REST IP - K562 cells, REST IP - HL60 cells, REST IP - GM12878 cells, Rep 14 ",,,
CTCF,GPD1,stemcells,"CTCF IP - Rep 4 , CTCF IP - Rep 6 , CTCF IP - Rep 1 , CTCF IP - Rep 7 , CTCF IP - H1 cells, CTCF IP - H1 cells , CTCF IP - Rep 2 , CTCF IP - Rep 5 , CTCF IP - Rep 3 ",,,
PAX5,GPD1,leukocytes,"PAX5 IP - GM12891 cells, PAX5 IP - GM12878 cells, Rep 1, PAX5 IP - GM12892 cells, PAX5 IP - GM12878 cells, Rep 2",,,
E2F1,GPD1,prostate,"E2F1 ChIP-Seq - Rep 1, HES6 OE + BICALU | E2F1 ChIP-Seq - Rep 3, BICALU | E2F1 ChIP-Seq - Rep 3, HES6 OE | E2F1 ChIP-Seq - Rep 1, E2F1 ChIP-Seq - Rep 4, HES6 OE | E2F1 ChIP-Seq - Rep 4, BICALU | E2F1 ChIP-Seq - Rep 1, BICALU | E2F1 ChIP-Seq - Rep 2, BICALU + HES6OE | E2F1 ChIP-Seq - Rep 4, BICALU | E2F1 ChIP-Seq - Rep 4, HES6 OE | E2F1 ChIP-Seq - Rep 2, HES6 OE | E2F1 ChIP-Seq - Rep 3, E2F1 ChIP-Seq - Rep 2, E2F1 ChIP-Seq - Rep 3, HES6 OE + BICALU | E2F1 ChIP-Seq - Rep 1",,,
SREBF1,GPD1,liver,SREBF1 IP | INS + 22RHC - HepG2 cells,,,
22RHC; INS,GPD1,liver,SREBF1 IP | INS + 22RHC - HepG2 cells,,,
BCL3,GPD1,lung,BCL3 IP - A549 cells,,,
CEBPB,GPD1,uterus,"CEBPB ChIP-Seq - HeLaS3, CEBPB IP - ECC1 cells",,,
MYC,GPD1,liver,MYC IP,,,
ZBTB7A,GPD1,leukocytes,ZBTB7A IP - SK-N-SH cells,,,
ZNF143,GPD1,colon,ZNF143 IP ,,,
OTX2,GPD1,stemcells,"OTX2 IP - Rep 4 , OTX2 IP - Rep 10 ",,,
BICALU,GPD1,prostate,"HES6 OE + BICALU | E2F1 ChIP-Seq - Rep 3, BICALU | E2F1 ChIP-Seq - Rep 3, BICALU | E2F1 ChIP-Seq - Rep 1, BICALU | E2F1 ChIP-Seq - Rep 2, BICALU + HES6OE | E2F1 ChIP-Seq - Rep 4, BICALU | E2F1 ChIP-Seq - Rep 4, HES6 OE + BICALU | E2F1 ChIP-Seq - Rep 1",,,
HES6,GPD1,prostate,"HES6 OE + BICALU | E2F1 ChIP-Seq - Rep 3, HES6 OE | E2F1 ChIP-Seq - Rep 1, HES6 OE | E2F1 ChIP-Seq - Rep 4, BICALU + HES6OE | E2F1 ChIP-Seq - Rep 4, HES6 OE | E2F1 ChIP-Seq - Rep 2, HES6 OE | E2F1 ChIP-Seq - Rep 3, HES6 OE + BICALU | E2F1 ChIP-Seq - Rep 1",,,
TCF12,GPD1,leukocytes,TCF12 IP - GM12878 cells,,,
CTCF,GPD1,hspcs,"CTCF IP - HEL 92.1.7 cells, Rep 14 , CTCF IP - HEL 92.1.7 cells, Rep 5 , CTCF IP - HEL 92.1.7 cells, Rep 7 , CTCF IP - HEL 92.1.7 cells, Rep 4 , CTCF IP - HEL 92.1.7 cells, Rep 13 , CTCF IP - HEL 92.1.7 cells, Rep 10 , CTCF IP - HEL 92.1.7 cells, Rep 8 , CTCF IP - HEL 92.1.7 cells, Rep 1 , CTCF IP - HEL 92.1.7 cells, Rep 2 , CTCF IP - HSPCs, Rep 2, CTCF IP - HEL 92.1.7 cells, Rep 11 , CTCF IP - Erythroid cells, Rep 1, CTCF IP - HSPCs, Rep 1",,,
POU2F2,GPD1,leukocytes,POU2F2 IP - GM12878 cells,,,
MAZ,GPD1,leukocytes,"MAZ IP - K562 cells, MAZ IP - GM12878 cells",,,
EBF1,GPD1,adiposetissue,"EBF1 IP, EBF1 IP",,,
FOS,GPD1,mammarygland,"FOS IP | 4HT - MCF10A cells, 12 h, FOS IP - MCF10A cells, FOS IP | 4HT - MCF10A cells, 36 h",,,
KLF11,GPD1,adiposetissue,"KLF11 ChIP-Seq, Rep 1, KLF11 ChIP-Seq, Rep 2, ROSI (BrAT) | KLF11 ChIP-Seq, Rep 1, ROSI (BrAT) | KLF11 ChIP-Seq, Rep 2",,,
CTCF,GPD1,heart,"CTCF IP - myocytes cells, Rep 2 , CTCF IP - HCF cells , CTCF IP - myocytes cells, Rep 1 ",,,
STAT3,GPD1,leukocytes,"STAT3 IP - OCI-LY19, STAT3 IP - SU-DHL-4, STAT3 IP - SU-DHL-6, STAT3 IP - OCI-LY10, STAT3 IP - OCI-LY7, STAT3 IP - OCI-LY3, STAT3 IP - SU-DHL-2, STAT3 IP - U-2932",,,
ERG,GPD1,leukocytes,ERG IP - Rep 1,,,
CTCF,GPD1,megakaryocytelineage,"CTCF IP - MEG-01 cells, Rep 6 , CTCF IP - MEG-01 cells, Rep 4 , CTCF IP - CHRF-288-11 cells, Rep 1 , CTCF IP - MEG-01 cells, Rep 8 , CTCF IP - CHRF-288-11 cells, Rep 2 , CTCF IP - MEG-01 cells, Rep 2 , CTCF IP - MEG-01 cells, Rep 10 ",,,
HEYL,GPD1,colon,HEYL IP ,,,
CTCF,GPD1,skin,"CTCF IP - AG10803 cells, Rep 1 , CTCF IP - AG04449 cells, Rep 1 , CTCF IP - AG04449 cells, Rep 2 , CTCF IP - NHEK cells, Rep 2 , CTCF IP - BJ cells, Rep 1 , CTCF IP - NHEK cells , CTCF IP - AG09309 cells, Rep 2 , CTCF IP - NHDF cells , CTCF IP - HFFC cells, Rep 1 , CTCF IP - NHDF cells, Rep 1 , CTCF IP - HFFC cells, Rep 2 , CTCF IP - HFFC cells, Rep 3 , CTCF IP - NHDF cells, Rep 2 , CTCF IP - GM12878 cells, Rep 2 , CTCF IP - AG10803 cells, Rep 2 , CTCF IP - BJ cells, Rep 2 , CTCF IP - AG09309 cells, Rep 1 ",,,
USF2,GPD1,stemcells,USF2 IP - H1 cells,,,
SRF,GPD1,stemcells,"SRF IP - Rep 5 , SRF IP - Rep 1 , SRF IP - Rep 7 , SRF IP - Rep 3 , SRF IP - Rep 4 , SRF IP - Rep 6 , SRF IP - Rep 2 , SRF IP - H1 cells",,,
SMARCC1,GPD1,uterus,SMARCC1 IP - HeLa cells,,,
CTCF,GPD1,mammarygland,"CTCF IP - HMEC cells, Rep 1 , CTCF IP - MCF-7 cells, Rep 1 , CTCF IP - T47D cells, CTCF IP - MCF7 cells, CTCF IP - HMEC cells , CTCF IP - HMEC cells, Rep 2 , CTCF IP - HMF cells, Rep 2 , CTCF IP - HMF cells, Rep 1 , CTCF IP - MCF-7 cells Rep 2 ",,,
SIX5,GPD1,stemcells,SIX5 IP - H1 cells,,,
FOXA1,GPD1,liver,"FOXA1 IP - HepG2 cells, Rep 2, FOXA1 IP - HepG2 cells, Rep 1",,,
CEBPB,GPD1,liver,"CEBPB ChIP-Seq - HepG2, CEBPB IP - HepG2 cells, CEBPB IP | FORSK - HepG2 cells",,,
USF1,GPD1,leukocytes,"USF1 IP - GM12878 cells, USF1 IP - K562 cells",,,
ATF1,GPD1,leukocytes,ATF1 IP - K562 cells,,,
CTCF,GPD1,lung,"CTCF IP - A549 cells, Rep 1 , CTCF IP - NHLF cells , CTCF IP - NHLF cells , CTCF IP - SAEC cells, Rep 1 , CTCF IP - WI-38 cells, Rep 2 , CTCF IP | DEX - A549 cells , CTCF IP - HPF cells, Rep 1 , CTCF IP - WI-38 cells, Rep 1 , CTCF IP | DEX - A549 cells, CTCF IP - AG04450 cells, Rep 2 , CTCF IP - HPF cells, Rep 2 , CTCF IP - AG04450 cells, Rep 1 , CTCF ChIP-Seq - A549, CTCF IP - A549 cells, CTCF IP - IMR cells, CTCF IP - A549 cells, Rep 2 , CTCF IP - SAEC cells, Rep 2 , CTCF IP - A549 cells ",,,
CEBPB,GPD1,lung,"CEBPB IP - A549 cells, CEBPB ChIP-Seq - IMR90, CEBPB ChIP-Seq - A549",,,
RELA,GPD1,leukocytes,"RELA IP | TNF - GM15510 cells, RELA IP | TNF - GM18505 cells, RELA IP | BAY082  - IVD Th1 cells, PIA, RELA IP | TNF - GM12891 cells, RELA IP | TNF - GM18951 cells, RELA IP - IVD Th1 cells, PIA",,,
TNF,GPD1,leukocytes,"RELA IP | TNF - GM15510 cells, RELA IP | TNF - GM18505 cells, RELA IP | TNF - GM12891 cells, RELA IP | TNF - GM18951 cells",,,
CREB1,GPD1,prostate,"FOXA1 siRNA | CREB1 ChIP-Seq - Rep 2, CREB1 siRNA | FOXA1 ChIP-Seq - Rep 2, FOXA1 siRNA | CREB1 ChIP-Seq - Rep 1, CREB1 ChIP-Seq - LNCaP, CREB1 siRNA | FOXA1 ChIP-Seq - Rep 1, CREB1 ChIP-Seq - Rep 2, CREB1 ChIP-Seq - Rep 1, CREB1 ChIP-Seq - LNCaP-abl",,,
FOXA1,GPD1,prostate,"FOXA1 siRNA | CREB1 ChIP-Seq - Rep 2, CREB1 siRNA | FOXA1 ChIP-Seq - Rep 2, FOXA1 siRNA | CREB1 ChIP-Seq - Rep 1, CREB1 siRNA | FOXA1 ChIP-Seq - Rep 1, CON KD  | FOXA1 ChIP-Seq",,,
RELA,GPD1,adiposetissue,"RELA IP, RELA IP, RELA IP, RELA IP",,,
ARNTL,GPD1,bone,"ARNTL IP, ARNTL IP",,,
MXI1,GPD1,leukocytes,"MXI1 IP - GM12878 cells, MXI1 IP - K562 cells",,,
GABPA,GPD1,lung,GABPA IP - A549 cells,,,
GTF2F1,GPD1,leukocytes,GTF2F1 IP - K562 cells,,,
TCF12,GPD1,lung,TCF12 IP - A549 cells,,,
SMAD1,GPD1,hspcs,SMAD1 IP - Rep 3,,,
MYBL2,GPD1,liver,MYBL2 IP - HepG2 cells,,,
SPI1,GPD1,leukocytes,"SPI1 IP, SPI1 IP - K562 cells, SPI1 IP - GM12891 cells, SPI1 IP, SPI1 IP - GM12878 cells, Rep 3 , SPI1 IP - GM12878 cells, SPI1 IP, SPI1 IP - HL cells, SPI1 IP, SPI1 IP - U-937 cells, Rep 1 , ROSI | SPI1 ChIP-Seq, SPI1 IP, SPI1 IP - GM12878 cells, Rep 2 , SPI1 IP - HL-60 cells, Rep 4 , SPI1 IP | RUNX1 KD, SPI1 IP, SPI1 IP - GM12878 cells, Rep 4 , SPI1 IP, SPI1 IP, SPI1 IP, SPI1 IP",,,
FOXM1,GPD1,mammarygland,FOXM1 IP | THSP - DS006,,,
GABPA,GPD1,uterus,GABPA IP - HeLa cells,,,
CTCF,GPD1,miscellaneous,"CTCF IP - AG09319 cells, Rep 1 , CTCF IP - AG09319 cells, Rep 2 ",,,
E2F6,GPD1,stemcells,E2F6 IP - H1 cells,,,
TBP,GPD1,uterus,TBP IP - HeLa cells,,,
ATF3,GPD1,colon,"ATF3 IP - HCT116 cells, ATF3 IP | CAMPTO",,,
NFYC,GPD1,colon,NFYC IP ,,,
E2F4,GPD1,leukocytes,E2F4 IP - K562 cells,,,
ATF3,GPD1,stemcells,ATF3 IP - H1 cells,,,
ZNF143,GPD1,leukocytes,"ZNF143 IP - K562, ZNF143 IP - GM12878 cells, ZNF143 IP - HPB-ALL, ZNF143 IP - K562 cells",,,
JUN,GPD1,colon,JUN IP ,,,
SP2,GPD1,liver,SP2 IP - HepG2 cells,,,
GATA3,GPD1,lung,GATA3 IP - A549 cells,,,
REST,GPD1,liver,"REST IP - HepG2 cells, Rep 2, REST IP - HepG2 cells, Rep 1",,,
ELF1,GPD1,leukocytes,"ELF1 IP - SK-N-SH cells, ELF1 IP - SK-N-SH cells",,,
FOXA2,GPD1,lung,FOXA2 IP - A549 cells,,,
GABPA,GPD1,liver,"GABPA IP - HepG2 cells, GABPA IP, GABPA IP, GABPA IP, GABPA IP - MCF7 cells",,,
CREB1,GPD1,leukocytes,"CREB1 IP, CREB1 IP, CREB1 IP - GM12878 cells, CREB1 IP - K562 cells",,,
MYC,GPD1,bone,MYC IP,,,
ELK4,GPD1,uterus,"ELK4 IP - HeLa, Rep 1, ELK4 IP - HeLa cells, ELK4 IP - HeLa, Rep 2",,,
ELK1,GPD1,leukocytes,"ELK1 IP - K562 cells, ELK1 IP - GM12878 cells",,,
NFKB1,GPD1,leukocytes,"NFKB1 IP - Rep 1, NFKB1 IP - Rep 2",,,
ARNT2,GPD1,colon,ARNT2 IP ,,,
CEBPB,GPD1,colon,"CEBPB IP, CEBPB IP - HCT116 cells, CEBPB IP | 125DVD3",,,
SIX5,GPD1,leukocytes,"SIX5 IP - K562 cells, Rep 1, SIX5 IP - GM12878 cells, SIX5 IP - K562 cells, Rep 2",,,
GATA1,GPD1,hspcs,"GATA1 IP - PBDE cells, Rep 1",,,
GABPA,GPD1,cns,GABPA IP - SK-N-SH cells,,,
REST,GPD1,cns,"REST IP - PFSK1 cells, Rep 2, REST IP - SK cells, REST IP - U87 cells",,,
TCF3,GPD1,leukocytes,TCF3 IP - GM12878 cells,,,
USF1,GPD1,cns,"USF1 IP | ATRA - SK-N-SH cells, USF1 IP - SK-N-SH cells",,,
ATRA,GPD1,cns,"USF1 IP | ATRA - SK-N-SH cells, YY1 IP | ATRA - SK-N-SH cells",,,
CTCF,GPD1,cns,"CTCF IP - spinal cord astrocyte cells, Rep 1 , CTCF IP - cerebellar astrocyte cells, Rep 2 , CTCF IP - BE(2)-C cells, Rep 1 , CTCF IP - spinal cord astrocyte cells, Rep 2 , CTCF IP - HCPEpiC cells, Rep 1 , CTCF IP - cerebellar astrocyte cells, Rep 1 , CTCF IP - SK-N-SH cells, Rep 1 , CTCF IP - NHA cells , CTCF IP - SK-N-SH cells , CTCF IP - SK cells, CTCF IP - BE(2)-C cells, Rep 2 , CTCF IP - SK-N-SH cells, Rep 2 , CTCF IP - HCPEpiC cells, Rep 2 ",,,
JUND,GPD1,leukocytes,JUND IP - K562 cells,,,
FOXA1,GPD1,mammarygland,"17BE2 | FOXA1 ChIP-Seq - Rep 2, FOXA1 ChIP-Seq - Rep 1, FOXA1 IP - T47D cells, DEX | FOXA1 ChIP-Seq - Rep 2, FOXA1 IP - T47D, DHT | FOXA1 ChIP-Seq, FOXA1 ChIP-Seq - Rep 2, 17BE2 | FOXA1 ChIP-Seq - Rep 2",,,
17BE2,GPD1,mammarygland,"17BE2 | FOXA1 ChIP-Seq - Rep 2, 17BE2 | FOXA1 ChIP-Seq - Rep 2",,,
SP1,GPD1,leukocytes,"SP1 IP - GM12878 cells, SP1 IP - K562 cells",,,
SIX2,GPD1,kidney,"SIX2 IP -  16 weeks, SIX2 IP - 17 weeks, Rep 1, SIX2 IP - 17 weeks, Rep 2",,,
USF1,GPD1,stemcells,USF1 IP - H1 cells,,,
CTCF,GPD1,kidney,"CTCF IP - HEK293 cells, Rep 2 , CTCF IP - RPTEC cells, Rep 1 , CTCF IP - RPTEC cells, Rep 2 , CTCF IP - HRE cells, Rep 2 , CTCF IP - HEK293 cells, Rep 1 , CTCF IP - HRE cells, Rep 1 ",,,
MAX,GPD1,lung,"MAX IP - A549 cells, MAX IP - A549 cells",,,
STAT5A,GPD1,leukocytes,STAT5A IP - GM12878 cells,,,
STAT1,GPD1,uterus,"STAT1 IP | IFNG - HeLa cells, 30 min",,,
IFNG,GPD1,uterus,"STAT1 IP | IFNG - HeLa cells, 30 min",,,
TCF7L2,GPD1,uterus,TCF7L2 IP - HeLa cells,,,
IRF3,GPD1,uterus,IRF3 IP - HeLa cells,,,
PRDM1,GPD1,uterus,PRDM1 IP - HeLa cells,,,
CTCF,GPD1,bone,"CTCF IP - Osteoblasts , CTCF IP",,,
MEF2B,GPD1,kidney,"MEF2B IP | MEF2B D83V OE - Rep 2, MEF2B IP | MEF2B OE - Rep 1, MEF2B IP | MEF2B OE - Rep 2, MEF2B IP | MEF2B D83V OE - Rep 1",,,
CEBPB,GPD1,stemcells,"CEBPB IP, CEBPB IP - H1 cells, CEBPB IP, CEBPB IP, CEBPB IP",,,
MAX,GPD1,stemcells,"MAX IP - H1 cells, MAX IP - H1 cells",,,
E2F3,GPD1,colon,E2F3 IP ,,,
MYC,GPD1,leukocytes,"MYC IP | IFNA1 - K562 cells, 6 h, MYC IP - K562 cells, Rep 2, MYC IP - NB4 cells, MYC IP - K562 cells, Rep 1, MYC IP | IFNG - K562 cells, 6 h, MYC IP | IFNG - K562 cells, 30 min",,,
IFNA1,GPD1,leukocytes,"MYC IP | IFNA1 - K562 cells, 6 h, IRF1 IP | IFNA1-13 - K562 cells, 6 h, JUN IP | IFNA1-13 - 30 min ",,,
CTCF,GPD1,placenta,"CTCF IP - HVMF cells, Rep 2 , CTCF IP - HVMF cells, Rep 1 ",,,
USF2,GPD1,leukocytes,"USF2 IP - K562 cells, USF2 IP - GM12878 cells",,,
FOS,GPD1,vasculature,FOS IP - HUVEC cells,,,
JUN,GPD1,vasculature,JUN IP,,,
E2F1,GPD1,uterus,"E2F1 IP - HeLa cells, Rep 2, E2F1 IP - HeLa cells, Rep 1",,,
SIX1,GPD1,kidney,"SIX1 IP - 17 weeks, Rep 1",,,
JUND,GPD1,liver,"JUND IP - HepG2 cells, JUND IP - HepG2 cells",,,
ATF2,GPD1,leukocytes,ATF2 IP - GM12878 cells,,,
SRF,GPD1,leukocytes,"SRF IP - GM12878 cells, Rep 2, SRF IP - SK-N-SH cells",,,
FOSL2,GPD1,lung,FOSL2 IP - A549 cells,,,
STAT1,GPD1,leukocytes,"STAT1 IP - Rep 1, STAT1 IP - Rep 4, STAT1 IP - Rep 6, STAT1 IP - Rep 5, STAT1 IP - Rep 3, STAT1 IP - Rep 2",,,
IFNG,GPD1,leukocytes,"STAT1 IP - Rep 1, STAT1 IP - Rep 4, IRF1 IP | IFNG - K562 cells, 6 h, STAT1 IP - Rep 6, MYC IP | IFNG - K562 cells, 6 h, MYC IP | IFNG - K562 cells, 30 min, IRF1 IP - Rep 3, STAT1 IP - Rep 5, STAT1 IP - Rep 3, IRF1 IP | IFNG - K562 cells, 30 min, STAT1 IP - Rep 2",,,
USF2,GPD1,liver,USF2 IP - HepG2 cells,,,
CTCF,GPD1,skeletalmuscle,"CTCF IP - HSMM cells, Rep 1 , CTCF IP - HSMM cells, Rep 2 ",,,
RUNX1,GPD1,hspcs,RUNX1,,,
MXI1,GPD1,liver,MXI1 IP - HepG2 cells,,,
MEF2A,GPD1,leukocytes,"MEF2A IP - K562 cells, MEF2A IP - GM12878 cells",,,
SP2,GPD1,stemcells,SP2 IP - H1 cells,,,
ZNF280D,GPD1,colon,ZNF280D IP ,,,
ATF3,GPD1,leukocytes,"ATF3 IP - GM12878 cells, ATF3 IP - K562 cells",,,
CTCF,GPD1,esophagus,"CTCF IP - HEEpiC cells, Rep 1 , CTCF IP - HEEpiC cells, Rep 2 ",,,
GATA3,GPD1,mammarygland,GATA3 IP - T47D cells,,,
USF1,GPD1,lung,"USF1 IP - A549 cells, Rep 2, USF1 IP - A549 cells, Rep 1, USF1 IP | DEX - A549 cells",,,
YY1,GPD1,colon,YY1 IP - HCT116 cells,,,
MAX,GPD1,liver,"MAX IP - HepG2 cells, MAX IP - MCF7 cells, MAX IP - HepG2 cells",,,
CTCF,GPD1,colon,"CTCF IP - Rep 2 , CTCF IP - HCT116 cells, Rep 1 , CTCF IP - Rep 1 , CTCF IP - Rep 3 , CTCF IP - Caco , CTCF IP - HCT116 cells, CTCF IP - Caco-2 cells, Rep 1 , CTCF IP - HCT116 cells, Rep 2 ",,,
TCF7L2,GPD1,pancreas,TCF7L2 IP,,,
ZNF143,GPD1,uterus,"ZNF143 IP - HeLa, Rep 1, ZNF143 Ip - HeLa, Rep 2, ZNF143 IP - HeLa cells",,,
ATF2,GPD1,stemcells,ATF2 IP - H1 cells,,,
CREB1,GPD1,liver,"CREB1 IP, CREB1 IP, CREB1 IP - HepG2 cells, CREB1 IP",,,
CTCF,GPD1,liver,"CTCF IP - HepG2 cells, Rep 2 , CTCF IP, CTCF IP - HepG2 cells , CTCF IP - HepG2 cells, Rep 1 , CTCF IP - SK-N-SH cells",,,
REST,GPD1,stemcells,"REST IP - H1 cells, Rep 1",,,
CEBPB,GPD1,leukocytes,"CEBPB ChIP-Seq - K562, CEBPB IP, CEBPB IP - K562 cells",,,
E2F8,GPD1,colon,E2F8 IP ,,,
EGR1,GPD1,leukocytes,EGR1 IP - K562 cells,,,
GMEB2,GPD1,colon,GMEB2 IP ,,,
IRF1,GPD1,leukocytes,"IRF1 IP | IFNG - K562 cells, 6 h, IRF1 IP | IFNA1-13 - K562 cells, 6 h, IRF1 IP - Rep 3, IRF1 IP | IFNG - K562 cells, 30 min",,,
SRF,GPD1,uterus,SRF IP - ECC1 cells,,,
MAFK,GPD1,lung,MAFK IP - IMR cells,,,
REST,GPD1,lung,REST IP - A549 cells,,,
GATA4,GPD1,stomach,GATA4 IP - AGS,,,
GABPA,GPD1,prostate,"GABPA IP | R1881, GABPA IP - Rep 1, GABPA IP - Rep 2",,,
R1881,GPD1,prostate,GABPA IP | R1881,,,
EBF1,GPD1,leukocytes,"EBF1 IP - GM12878 cells, EBF1 IP - GM12878 cells",,,
USF1,GPD1,uterus,USF1 IP - ECC1 cells,,,
BAY082,GPD1,leukocytes,"RELA IP | BAY082  - IVD Th1 cells, PIA",,,
ELK1,GPD1,uterus,"ELK1 IP - HeLa, ELK1 IP - HeLa cells",,,
FOS,GPD1,leukocytes,"FOS IP - K562 cells, FOS IP - GM12878 cells",,,
SRF,GPD1,mammarygland,SRF IP - MCF7 cells,,,
USF1,GPD1,colon,USF1 IP - HCT116 cells,,,
MYC,GPD1,lung,MYC IP - A549 cells,,,
ZNF143,GPD1,stemcells,ZNF143 IP - H1 cells,,,
REST,GPD1,pancreas,"REST IP - Panc1 cells, Rep 3",,,
TP53,GPD1,lung,"TP53 IP - propapoptic, Rep 1",,,
MEF2C,GPD1,leukocytes,MEF2C IP - GM12878 cells,,,
E2F6,GPD1,leukocytes,"E2F6 IP - K562 cells, E2F6 IP - K562 cells",,,
FOXA2,GPD1,liver,FOXA2 IP - HepG2 cells,,,
ZBTB7A,GPD1,liver,ZBTB7A IP - HepG2 cells,,,
FOXA2,GPD1,embryonictissue,FOXA2 IP - Rep 2,,,
E2F1,GPD1,mammarygland,"E2F1 IP, E2F1 IP - MCF7 cells",,,
TEAD4,GPD1,uterus,TEAD4 IP - ECC1 cells,,,
DEX,GPD1,lung,"CREB1 IP | DEX - A549 cells, CTCF IP | DEX - A549 cells , CTCF IP | DEX - A549 cells, USF1 IP | DEX - A549 cells",,,
ZNF263,GPD1,kidney,ZNF263 IP - HEK293 cells,,,
MAX,GPD1,uterus,"MAX IP - HeLa cells, Rep 2, MAX IP - HeLa cells, Rep 1, MAX IP - ECC1 cells",,,
NFYA,GPD1,leukocytes,NFYA IP - K562 cells,,,
TCF12,GPD1,uterus,TCF12 IP - ECC1 cells,,,
CTCF,GPD1,uterus,"CTCF IP - ECC1 cells, CTCF IP - HeLa cells , CTCF IP - HeLa cells, Rep 1 ",,,
E2F4,GPD1,uterus,E2F4 IP - HeLa cells,,,
CTCF,GPD1,sensory,"CTCF IP - WERI-Rb-1- cells, Rep 1 , CTCF IP - HRPEpiC cells, Rep 1 , CTCF IP - WERI , CTCF IP - HRPEpiC cells, Rep 2 ",,,
KLF5,GPD1,stomach,KLF5 IP - KATOIII,,,
STAT2,GPD1,colon,STAT2 IP ,,,
ELF1,GPD1,colon,ELF1 IP - HCT116 cells,,,
CREB1,GPD1,stemcells,CREB1 IP - H1 cells,,,
SOX9,GPD1,colon,SOX9 IP ,,,
NFKB2,GPD1,leukocytes,"NFKB2 IP - Rep 1, NFKB2 IP - Rep 2",,,
FOXP1,GPD1,colon,FOXP1 IP ,,,
ATF3,GPD1,lung,ATF3 IP - A549 cells,,,
MAFF,GPD1,liver,MAFF IP - HepG2 cells,,,
ARNTL,GPD1,colon,ARNTL IP - Rep 1 ,,,
USF2,GPD1,uterus,USF2 IP - HeLa cells,,,
NFYB,GPD1,leukocytes,"NFYB IP - K562 cells, NFYB IP - GM12878 cells",,,
ELF1,GPD1,cns,ELF1 IP - SK-N-SH cells,,,
DHT,GPD1,prostate,"DHT | ERG ChIP-Seq - 2 h, DHT | FOXP1 ChIP-Seq, DHT | ERG ChIP-Seq - 18 h",,,
MAFK,GPD1,liver,"MAFK IP - HepG2 cells, Rep 1, MAFK IP - HepG2 cells, Rep 2",,,
TBP,GPD1,liver,TBP IP - HepG2 cells,,,
JUN,GPD1,leukocytes,"JUN IP - K562 cells, Rep 2, JUN IP | IFNA1-13 - 30 min , JUN IP - K562 cells, Rep 1",,,
GABPA,GPD1,stemcells,GABPA IP - H1 cells,,,
CTCF,GPD1,adiposetissue,"CTCF ChIP-Seq - d 9, CTCF ChIP-Seq - d -2, CTCF ChIP-Seq - d 0, CTCF ChIP-Seq - d 3",,,
ELF3,GPD1,pancreas,"ELF3 IP | KLF5 KO, ELF3 IP, ELF3 IP",,,
KLF5,GPD1,pancreas,ELF3 IP | KLF5 KO,,,
TBP,GPD1,stemcells,TBP IP - H1 cells,,,
SP1,GPD1,liver,SP1 IP - HepG2 cells,,,
RUNX1,GPD1,leukocytes,"RUNX1 IP, SPI1 IP | RUNX1 KD, RUNX1 IP - Rep 2, RUNX1 IP",,,
BCL6,GPD1,colon,BCL6 IP ,,,
ZEB1,GPD1,liver,ZEB1 IP - HepG2 cells,,,
E2F6,GPD1,lung,E2F6 IP - A549 cells,,,
DEX,GPD1,mammarygland,DEX | FOXA1 ChIP-Seq - Rep 2,,,
MYC,GPD1,uterus,MYC IP - HeLa cells,,,
FOXP2,GPD1,cns,FOXP2 IP - PFSK-1 cells,,,
HOXA4,GPD1,colon,HOXA4 IP ,,,
JUND,GPD1,lung,JUND IP - A549 cells,,,
ROSI,GPD1,leukocytes,ROSI | SPI1 ChIP-Seq,,,
SIX5,GPD1,lung,SIX5 IP | DEX - A549 cells,,,
SP1,GPD1,stemcells,"SP1 IP - H1 cells, SP1 IP - Rep 2 ",,,
MXI1,GPD1,uterus,MXI1 IP - HeLa cells,,,
SP2,GPD1,leukocytes,SP2 IP - K562 cells,,,
ELF1,GPD1,lung,ELF1 IP - A549 cells,,,
JUND,GPD1,vasculature,JUND IP,,,
EGR1,GPD1,uterus,EGR1 IP - ECC1 cells,,,
ROSI,GPD1,adiposetissue,"ROSI (BrAT) | KLF11 ChIP-Seq, Rep 1, ROSI (BrAT) | KLF11 ChIP-Seq, Rep 2",,,
TAL1,GPD1,colon,TAL1 IP ,,,
CLOCK,GPD1,bone,CLOCK IP,,,
ETV5,GPD1,colon,ETV5 IP ,,,
MAFK,GPD1,uterus,MAFK IP - HeLa cells,,,
ELF1,GPD1,mammarygland,ELF1 IP - MCF7 cells,,,
CEBPB,GPD1,mammarygland,CEBPB IP - MCF7 cells,,,
SRF,GPD1,liver,SRF IP - HepG2 cells,,,
FORSK,GPD1,liver,CEBPB IP | FORSK - HepG2 cells,,,
EGR1,GPD1,colon,EGR1 IP - HCT116 cells,,,
PBX3,GPD1,leukocytes,PBX3 IP - GM12878 cells,,,
E2F6,GPD1,uterus,E2F6 IP - HeLa cells,,,
YY1,GPD1,stemcells,YY1 IP - H1 cells,,,
JUND,GPD1,uterus,JUND IP - HeLa cells,,,
ZNF384,GPD1,leukocytes,ZNF384 IP - K562 cells,,,
USF1,GPD1,liver,USF1 IP - HepG2 cells,,,
DHT,GPD1,mammarygland,"DHT | MYC ChIP-Seq, DHT | FOXA1 ChIP-Seq",,,
STAT5B,GPD1,leukocytes,"STAT5B IP | H9, Rep 2",,,
H9,GPD1,leukocytes,"STAT5B IP | H9, Rep 2",,,
NFYA,GPD1,uterus,NFYA IP - HeLa cells,,,
ETS1,GPD1,lung,ETS1 IP - A549 cells,,,
MAZ,GPD1,uterus,MAZ IP - HeLa cells,,,
CREB1,GPD1,uterus,CREB1 IP - ECC1 cells,,,
THAP11,GPD1,stemcells,"THAP11 IP - Rep 4 , THAP11 IP - Rep 5 , THAP11 IP - Rep 2 , THAP11 IP - Rep 1 , THAP11 IP - Rep 3 ",,,
JUND,GPD1,stemcells,JUND IP - H1 cells,,,
GLI2,GPD1,colon,GLI2 IP ,,,
JUN,GPD1,mammarygland,JUN IP - Rep 1,,,
GATA2,GPD1,hspcs,GATA2 IP,,,
MAX,GPD1,cns,MAX IP - SK-N-SH cells,,,
FOSL1,GPD1,colon,FOSL1 IP - HCT116 cells,,,
CTCF,GPD1,pancreas,CTCF IP,,,
TP53,GPD1,mammarygland,TP53 IP,,,
TBP,GPD1,leukocytes,"TBP IP - K562 cells, TBP IP - GM12878 cells",,,
NFYA,GPD1,colon,NFYA IP ,,,
HEY1,GPD1,liver,HEY1 IP - HepG2 cells,,,
E2F4,GPD1,mammarygland,E2F4 IP | 4HT - MCF10 cells,,,
TP53,GPD1,bone,TP53 IP,,,
MAZ,GPD1,liver,MAZ IP - HepG2 cells,,,
MAX,GPD1,vasculature,MAX IP - HUVEC cells,,,
SOX2,GPD1,stemcells,SOX2 IP,,,
MXI1,GPD1,lung,MXI1 IP - IMR cells,,,
NFYB,GPD1,uterus,NFYB IP - HeLa cells,,,
UBTF,GPD1,leukocytes,UBTF IP - K562 cells,,,
GTF2F1,GPD1,uterus,GTF2F1 IP - HeLa cells,,,
STAT3,GPD1,uterus,STAT3 IP - HeLa cells,,,
YY1,GPD1,cns,"YY1 IP - SK-N-SH cells, YY1 IP | ATRA - SK-N-SH cells",,,
TEAD4,GPD1,stemcells,TEAD4 IP - H1 cells,,,
FOS,GPD1,uterus,FOS IP - HeLa cells,,,
ZNF143,GPD1,kidney,ZNF143 IP - HEK293-T-rex,,,
GTF2B,GPD1,uterus,GTF2B IP - Rep 2,,,
ATF2,GPD1,colon,ATF2 IP ,,,
SP1,GPD1,colon,SP1 IP - HCT116 cells,,,
TCF7L2,GPD1,mammarygland,TCF7L2 ChIP-Seq,,,
HOXA6,GPD1,colon,HOXA6 IP ,,,
MXI1,GPD1,stemcells,MXI1 IP - H1 cells,,,
SP1,GPD1,lung,SP1 IP - A549 cells,,,
CEBPA,GPD1,leukocytes,CEBPA IP,,,
FOXP1,GPD1,prostate,DHT | FOXP1 ChIP-Seq,,,
BHLHE40,GPD1,liver,BHLHE40 IP - HepG2 cells,,,
ELF1,GPD1,liver,ELF1 IP - HepG2 cells,,,
BHLHE40,GPD1,lung,BHLHE40 IP - A549 cells,,,
MAX,GPD1,colon,MAX IP - HCT116 cells,,,
JUNB,GPD1,colon,JUNB IP ,,,
GATA2,GPD1,cns,GATA2 ChIP-Seq SH-SY5Y,,,
MYC,GPD1,colon,MYC IP - DTT,,,
BARX1,GPD1,colon,BARX1 IP - Rep 1 ,,,
125DVD3,GPD1,colon,CEBPB IP | 125DVD3,,,
ZBTB7A,GPD1,uterus,ZBTB7A IP - ECC1 cells,,,
ZNF83,GPD1,colon,ZNF83 IP ,,,
HOXA5,GPD1,colon,HOXA5 IP ,,,
YY1,GPD1,uterus,YY1 IP - ECC1 cells,,,
CTCF,LPIN1,lung,"CTCF IP - A549 cells , CTCF IP - SAEC cells, Rep 2 , CTCF IP - WI-38 cells, Rep 1 , CTCF IP - HPF cells, Rep 1 , CTCF ChIP-Seq - A549, CTCF IP - A549 cells, CTCF IP - IMR cells, CTCF IP - A549 cells, Rep 2 , CTCF IP - NHLF cells , CTCF IP - SAEC cells, Rep 1 , CTCF IP | DEX - A549 cells , CTCF IP - WI-38 cells, Rep 2 , CTCF IP - A549 cells, Rep 1 , CTCF IP - HPF cells, Rep 2 , CTCF IP - AG04450 cells, Rep 1 , CTCF IP - AG04450 cells, Rep 2 , CTCF IP | DEX - A549 cells, CTCF IP - NHLF cells ",,,
MYC,LPIN1,bone,MYC IP,,,
MYC,LPIN1,leukocytes,"MYC IP - NB4 cells, MYC IP - K562 cells, Rep 1, MYC IP | IFNG - K562 cells, 30 min, MYC IP - K562 cells, Rep 2, MYC IP | IFNA1 - K562 cells, 30 min, MYC IP | IFNG - K562 cells, 6 h, MYC IP | IFNA1 - K562 cells, 6 h",,,
CTCF,LPIN1,leukocytes,"CTCF IP - GM18486 cells, Rep 3 , CTCF IP - K562 cells, Rep 1 , CTCF IP - GM12865 cells, Rep 3 , CTCF IP - KU812 cells, Rep 13 , CTCF IP - UT-7 cells, Rep 3 , CTCF IP - GM12869 cells , CTCF IP - K562 cells, Rep 7 , CTCF IP - K562 cells, Rep 3 , CTCF IP - UT-7 cells, Rep 5 , CTCF IP - GM06990 cells, Rep 1 , CTCF IP - GM2588 cells, Rep 1 , CTCF IP - GM12890 cells, Rep 1 , CTCF IP - GM12815 cells, Rep 1, CTCF IP - GM2588 cells, Rep 2 , CTCF IP - K562 cells, Rep 8 , CTCF IP - UT-7 cells, Rep 4 , CTCF IP - MS1 cells, Rep 3 , CTCF IP - GM2630 cells, Rep 2 , CTCF IP - GM12874 cells, CTCF IP - MS1 cells, Rep 4 , CTCF IP - GM12891 cells, Rep 1 , CTCF IP - F36P cells, Rep 5 , CTCF IP - F36P cells, Rep 1 , CTCF IP - GM19238 cells, Rep 2 , CTCF IP - UT-7 cells, Rep 1 , CTCF IP - GM12868 cells , CTCF IP - HL-60 cells, Rep 7 , CTCF IP - U-937 cells, Rep 1 , CTCF IP - UT-7 cells, Rep 2 , CTCF IP - GM10847 cells, Rep 1 , CTCF IP - KU812 cells, Rep 9 , CTCF IP - GM11894 cells, Rep 1, CTCF IP - GM12878 cells , CTCF IP - K562 cells, Rep 16 , CTCF IP - GM19193 cells, Rep 1 , CTCF IP - GM12866 cells , CTCF IP - GM12892 cells, Rep 2 , CTCF IP - F36P cells, Rep 3 , CTCF IP - GM06986 cells, CTCF IP - GM12828 cells, CTCF IP - K562 cells, CTCF IP - F36P cells, Rep 19 , CTCF IP - GM12878 cells, Rep 1 , CTCF IP - GM18505 cells, Rep 1 , CTCF IP - GM11894 cells, Rep 2, CTCF IP - GM12891 cells, Rep 2 , CTCF IP - GM19239 cells, Rep 2 , CTCF IP - GM10847 cells, Rep 2 , CTCF IP - GM12005 cells, Rep 2, CTCF IP - GM12878 cells, Rep 1 , CTCF IP - GM12872 cells, Rep 3 , CTCF IP - GM12870 cells , CTCF IP - GM19099 cells, Rep 2 , CTCF IP - GM11811 cells, Rep 1, CTCF IP - GM19238 cells, Rep 1 , CTCF IP - GM2255 cells, Rep 1 , CTCF IP - GM12234 cells, CTCF IP - F36P cells, Rep 13 , CTCF IP - GM12875 cells, Rep 2 , CTCF IP - GM19240 cells, Rep 2 , CTCF IP - GM12814 cells, Rep 2, CTCF IP - HeLa cells, Rep 2 , CTCF IP - K562 cells, Rep 15 , CTCF IP - GM12006 cells, Rep 2, CTCF IP - GM18486 cells, Rep 1 , CTCF IP - GM06990 cells, Rep 2 , CTCF IP - K562 cells, Rep 6 , CTCF IP - GM12489 cells, Rep 1, CTCF IP - GM12892 cells, Rep 1 , CTCF IP - GM12878 cells, Rep 2 , CTCF IP - GM12871 cells , CTCF IP - GM2610 cells, Rep 1 , CTCF IP - GM12749 cells, Rep 1, CTCF IP - GM2588 cells, Rep 3 , CTCF IP - HL , CTCF IP - GM2630 cells, Rep 3 , CTCF IP - GM12890 cells, Rep 3 , CTCF IP - GM11994 cells, Rep 2, CTCF IP - K562 cells, CTCF IP, CTCF IP - K562 cells, Rep 12 , CTCF IP - GM2630 cells, Rep 1 , CTCF IP - HL-60 cells, Rep 9 , CTCF IP -  DND , CTCF IP - MS1 cells, Rep 2 , CTCF IP - GM12801 cells , CTCF IP - GM12872 cells, CTCF IP - GM12873 cells, Rep 3 , CTCF IP - GM11831 cells, CTCF IP - KU812 cells, Rep 17 , CTCF IP - GM12154 cells, Rep 2, CTCF IP - GM11994 cells, Rep 1, CTCF IP - F36P cells, Rep 15 , CTCF IP - GM12865 cells, Rep 2 , CTCF IP - K562 cells, Rep 4 , CTCF IP - F36P cells, Rep 9 , CTCF IP - GM11992 cells, Rep 2, CTCF IP - GM12875 cells, Rep 1 , CTCF IP - K562 cells, Rep 11 , CTCF IP - HL-60 cells, Rep 3 , CTCF IP - GM2255 cells, Rep 2 , CTCF IP - GM11992 cells, Rep 1, CTCF IP - F36P cells, Rep 6 , CTCF IP - GM12864 cells, Rep 1 , CTCF IP - U-937 cells, Rep 2 , CTCF IP - GM12154 cells, Rep 1, CTCF IP - GM12872 cells, Rep 2 , CTCF IP - HL-60 cells, Rep 2 , CTCF IP - GM12873 cells, Rep 1 , CTCF IP - K562 cells, Rep 5 , CTCF IP - GM11811 cells, Rep 2, CTCF IP - GM2610 cells, Rep 2 , CTCF IP - GM12865 cells, Rep 1 , CTCF IP - GM12864 cells, Rep 3 , CTCF IP - GM2255 cells, Rep 3 , CTCF IP - GM12874 cells, Rep 2 , CTCF IP - GM12815 cells, Rep 2, CTCF IP - F36P cells, Rep 7 , CTCF IP - GM18526 cells, Rep 1 , CTCF IP - K562 cells, Rep 1 , CTCF IP - GM12814 cells, Rep 1, CTCF IP - GM19193 cells, Rep 2 , CTCF IP - KU812 cells, Rep 1 , CTCF IP - GM11881 cells, CTCF IP - F36P cells, Rep 11 , CTCF IP -  CD20+ cells , CTCF IP - GM19099 cells, Rep 1 , CTCF IP - F36P cells, Rep 18 , CTCF IP - K562 cells, Rep 14 , CTCF IP - GM19239 cells, Rep 1 , CTCF IP - GM12155 cells, Rep 2, CTCF IP - GM12873 cells, Rep 1 , CTCF IP - F36P cells, Rep 17 , CTCF IP - GM12867 cells , CTCF IP - GM12890 cells, Rep 2 , CTCF IP - HL-60 cells, Rep 5 , CTCF ChIP-Seq - GM12878, CTCF IP - GM12878 cells, Rep 2 , CTCF IP - NB4 cells , CTCF IP - KU812 cells, Rep 5 , CTCF IP - GM12749 cells, Rep 2, CTCF IP - GM18526 cells, Rep 2 , CTCF IP - GM18505 cells, Rep 2 , CTCF IP - GM18486 cells, Rep 2 , CTCF IP - K562 cells, Rep 2 , CTCF IP - GM12872 cells, Rep 1 , CTCF IP - GM07037 cells, CTCF IP - K562 cells , CTCF IP - GM18951 cells, Rep 2 , CTCF IP - F36P cells, Rep 14 , CTCF IP - K562 cells, CTCF IP - F36P cells, Rep 10 , CTCF IP - GM12864 cells, Rep 2 , CTCF IP - K562 cells, Rep 13 , CTCF IP - MS1 cells, Rep 1 , CTCF IP - GM18951 cells, Rep 1 , CTCF IP - CD14+ cells , CTCF IP - GM12874 cells, Rep 1 , CTCF IP - GM19240 cells, Rep 1 , CTCF IP - F36P cells, Rep 2 , CTCF IP - GM07346 cells, CTCF IP - GM2610 cells, Rep 3 , CTCF IP - GM12155 cells, Rep 1",,,
CTCF,LPIN1,colon,"CTCF IP - HCT116 cells, CTCF IP - Caco , CTCF IP - Rep 2 , CTCF IP - Rep 1 , CTCF IP - Caco-2 cells, Rep 1 , CTCF IP - HCT116 cells, Rep 1 , CTCF IP - HCT116 cells, Rep 2 ",,,
MXI1,LPIN1,cns,MXI1 IP - SK-N-SH cells ,,,
GATA2,LPIN1,prostate,"CON KD + FBS | GATA2 ChIP-Seq, FOXA1 KD | GATA2 ChIP-Seq, CON KD  | GATA2 ChIP-Seq, GATA2 KD  | FOXA1 ChIP-Seq, GATA2 KD + R1881 | FOXA1 ChIP-Seq",,,
SPI1,LPIN1,leukocytes,"SPI1 IP - U-937 cells, Rep 4 , SPI1 IP - U-937 cells, Rep 8 , SPI1 IP, SPI1 IP - GM12878 cells, Rep 1 , SPI1 IP - GM12878 cells, Rep 3 , SPI1 IP - HL-60 cells, Rep 2 , SPI1 IP - U-937 cells, Rep 5 , SPI1 IP - U-937 cells, Rep 1 , SPI1 IP - GM12878 cells, SPI1 IP - GM12878 cells, Rep 5 , SPI1 IP - GM12891 cells, SPI1 IP - U-937 cells, Rep 10 , SPI1 IP - HL cells, SPI1 IP, SPI1 IP, SPI1 IP - U-937 cells, Rep 3 , SPI1 IP, SPI1 IP - GM12878 cells, Rep 2 , SPI1 IP, SPI1 IP, SPI1 IP, SPI1 IP | RUNX1 KD, ROSI | SPI1 ChIP-Seq, SPI1 IP, SPI1 IP - HL-60 cells, Rep 1 , SPI1 IP, SPI1 IP, SPI1 IP, SPI1 IP - GM12878 cells, Rep 4 , SPI1 IP - HL-60 cells, Rep 4 , SPI1 IP - U-937 cells, Rep 2 , SPI1 IP - HL-60 cells, Rep 3 , SPI1 IP, SPI1 IP - K562 cells, SPI1 IP - U-937 cells, Rep 6 ",,,
ELF1,LPIN1,mammarygland,ELF1 IP - MCF7 cells,,,
JUN,LPIN1,mammarygland,"JUN IP, JUN IP - Rep 1, JUN IP - Rep 2, JUN IP | CPDA, JUN IP | DEX",,,
CTCF,LPIN1,skin,"CTCF IP - AG09309 cells, Rep 1 , CTCF IP - NHDF cells , CTCF IP - HFFC cells, Rep 1 , CTCF IP - NHDF cells, Rep 1 , CTCF IP - HFFC cells, Rep 2 , CTCF IP - HFFC cells, Rep 3 , CTCF IP - NHDF cells, Rep 2 , CTCF IP - GM12878 cells, Rep 2 , CTCF IP - AG09309 cells, Rep 2 , CTCF IP - AG04449 cells, Rep 1 , CTCF IP - BJ cells, Rep 2 , CTCF IP - NHEK cells , CTCF IP - BJ cells, Rep 1 , CTCF IP - AG10803 cells, Rep 1 , CTCF IP - AG10803 cells, Rep 2 , CTCF IP - AG04449 cells, Rep 2 , CTCF IP - NHEK cells, Rep 2 ",,,
SP1,LPIN1,stemcells,"SP1 IP - Rep 1 , SP1 IP - H1 cells",,,
MAX,LPIN1,stemcells,"MAX IP - H1 cells, MAX IP - H1 cells",,,
E2F1,LPIN1,prostate,"E2F1 ChIP-Seq - Rep 4, E2F1 ChIP-Seq - Rep 1, HES6 OE + BICALU | E2F1 ChIP-Seq - Rep 3, BICALU + HES6OE | E2F1 ChIP-Seq - Rep 4, BICALU | E2F1 ChIP-Seq - Rep 4, HES6 OE | E2F1 ChIP-Seq - Rep 1, HES6 OE | E2F1 ChIP-Seq - Rep 4, BICALU | E2F1 ChIP-Seq - Rep 1, BICALU | E2F1 ChIP-Seq - Rep 2, BICALU | E2F1 ChIP-Seq - Rep 3, HES6 OE | E2F1 ChIP-Seq - Rep 2, HES6 OE | E2F1 ChIP-Seq - Rep 3, E2F1 ChIP-Seq - Rep 2, E2F1 ChIP-Seq - Rep 3, HES6 OE + BICALU | E2F1 ChIP-Seq - Rep 1",,,
JUN,LPIN1,leukocytes,"JUN IP - K562 cells, Rep 1, JUN IP | IFNA1-13 - K562 cells, 6 h, JUN IP - K562 cells, Rep 2, JUN IP | IFNA1-13 - 30 min , JUN IP | IFNG - K562 cells, 30 min, JUN IP | IFNG - K562 cells, 6 h",,,
GATA4,LPIN1,stemcells,"GATA4 IP - Rep 1 , GATA4 IP - Rep 13 , GATA4 IP - Rep 16 , GATA4 IP - Rep 3 , GATA4 IP - Rep 8 , GATA4 IP - Rep 10 , GATA4 IP - Rep 9 , GATA4 IP - Rep 4 , GATA4 IP - Rep 2 ",,,
CEBPB,LPIN1,stemcells,"CEBPB IP, CEBPB IP, CEBPB IP - H1 cells, CEBPB IP, CEBPB IP, CEBPB IP, CEBPB IP, CEBPB IP, CEBPB IP, CEBPB IP",,,
REST,LPIN1,leukocytes,"REST IP - K562 cells , REST IP - GM12878 cells, Rep 13 , REST IP - GM12878 cells, Rep 9 , REST IP - Jurkat cells, Rep 12 , REST IP - GM12878 cells, Rep 17 , REST IP - Jurkat cells, Rep 1 , REST IP - GM12878 cells, Rep 1, REST IP - Jurkat cells, Rep 14 , REST IP - GM12878 cells, Rep 15 , REST IP - GM12878 cells, Rep 8 , REST IP - GM12878 cells, Rep 1 , REST IP - Jurkat cells, Rep 5 , REST IP - GM12878 cells, Rep 10 , REST IP - GM12878 cells, Rep 11 , REST IP - GM12878 cells, Rep 4 , REST IP - Jurkat cells, Rep 2 , REST IP - K562 cells, REST IP - GM12878 cells, Rep 3 , REST IP - HL60 cells, REST IP - GM12878 cells, Rep 27 , REST IP - Jurkat cells, Rep 13 , REST IP - GM12878 cells, Rep 12 , REST IP - Jurkat cells, Rep 10 , REST IP - GM12878 cells, Rep 19 , REST IP - GM12878 cells, Rep 25 , REST IP - Jurkat cells, Rep 11 , REST IP - GM12878 cells, Rep 5 , REST IP - GM12878 cells, Rep 28 , REST IP - Jurkat cells, Rep 7 , REST IP - Jurkat cells, Rep 4 , REST IP -  K562 cells, REST IP - Jurkat cells, Rep 15 , REST IP - GM12878 cells, Rep 2, REST IP - GM12878 cells, Rep 24 , REST IP - GM12878 cells, Rep 7 , REST IP - Jurkat cells, Rep 6 , REST IP - GM12878 cells, Rep 16 , REST IP - GM12878 cells, Rep 18 , REST IP - GM12878 cells, Rep 23 , REST IP - GM12878 cells, Rep 14 , REST IP - GM12878 cells, Rep 26 , REST IP - Jurkat cells, Rep 3 , REST IP - Jurkat cells, Rep 8 ",,,
SRF,LPIN1,uterus,SRF IP - ECC1 cells,,,
SRF,LPIN1,stemcells,"SRF IP - Rep 7 , SRF IP - Rep 6 , SRF IP - Rep 4 , SRF IP - Rep 2 , SRF IP - Rep 5 , SRF IP - Rep 1 , SRF IP - Rep 3 ",,,
YY1,LPIN1,uterus,YY1 IP - ECC1 cells,,,
RUNX1,LPIN1,hspcs,"RUNX1 IP, RUNX1",,,
ERG,LPIN1,prostate,"ERG ChIP-Seq, DHT | ERG ChIP-Seq - 18 h",,,
ATF3,LPIN1,colon,"ATF3 IP - HCT116 cells, ATF3 IP, ATF3 IP | CAMPTO",,,
IRF1,LPIN1,leukocytes,"IRF1 IP | IFNG - K562 cells, 30 min, IRF1 IP - Rep 1, IRF1 IP - Rep 3, IRF1 IP | IFNG - K562 cells, 6 h, IRF1 IP | IFNA1-13 - K562 cells, 6 h, IRF1 IP - Rep 2",,,
IFNG,LPIN1,leukocytes,"IRF1 IP | IFNG - K562 cells, 30 min, MYC IP | IFNG - K562 cells, 30 min, STAT1 IP - Rep 5, STAT1 IP - Rep 3, IRF1 IP - Rep 1, STAT1 IP - Rep 2, IRF1 IP - Rep 3, IRF1 IP | IFNG - K562 cells, 6 h, STAT1 IP | IFNG - K562 cells, 6 h, JUN IP | IFNG - K562 cells, 30 min, MYC IP | IFNG - K562 cells, 6 h, STAT1 IP - Rep 4, STAT1 IP - Rep 1, STAT1 IP - Rep 6, JUN IP | IFNG - K562 cells, 6 h, IRF1 IP - Rep 2",,,
ELF1,LPIN1,liver,ELF1 IP - HepG2 cells,,,
JUND,LPIN1,colon,JUND IP - HCT116 cells,,,
CTCF,LPIN1,cns,"CTCF IP - BE(2)-C cells, Rep 2 , CTCF IP - SK-N-SH cells , CTCF IP - SK-N-SH cells, Rep 2 , CTCF IP - HCPEpiC cells, Rep 2 , CTCF IP - NHA cells , CTCF IP - SK-N-SH cells, Rep 1 , CTCF IP - SK cells, CTCF IP - spinal cord astrocyte cells, Rep 1 , CTCF IP - HCPEpiC cells, Rep 1 , CTCF IP - cerebellar astrocyte cells, Rep 1 , CTCF IP - cerebellar astrocyte cells, Rep 2 , CTCF IP - BE(2)-C cells, Rep 1 , CTCF IP - spinal cord astrocyte cells, Rep 2 ",,,
GATA3,LPIN1,cns,"GATA3 IP - SK-N-SH cells, GATA3 IP - SHSY5Y cells",,,
TAL1,LPIN1,colon,TAL1 IP ,,,
REST,LPIN1,cns,"REST IP - SK cells, REST IP - U87 cells, REST IP - PFSK1 cells, Rep 2, REST IP - SK-N-SH cells, REST IP - PFSK-N-SH cells1 cells, Rep 1",,,
MEF2C,LPIN1,leukocytes,MEF2C IP - GM12878 cells,,,
CTCF,LPIN1,sensory,"CTCF IP - HRPEpiC cells, Rep 1 , CTCF IP - WERI , CTCF IP - WERI-Rb-1- cells, Rep 1 , CTCF IP - HRPEpiC cells, Rep 2 ",,,
RELA,LPIN1,adiposetissue,"RELA IP, RELA IP, RELA IP, RELA IP",,,
MAX,LPIN1,uterus,"MAX IP - ECC1 cells, MAX IP - HeLa cells, Rep 2, MAX IP - HeLa cells, Rep 1",,,
YY1,LPIN1,cns,"YY1 IP - SK-N-SH cells, YY1 IP | ATRA - SK-N-SH cells",,,
TEAD4,LPIN1,lung,TEAD4 IP - A549 cells,,,
FOXA1,LPIN1,mammarygland,"DEX | FOXA1 ChIP-Seq - Rep 1, FOXA1 ChIP-Seq - Rep 2, 17BE2 | FOXA1 ChIP-Seq - Rep 1, DEX | FOXA1 ChIP-Seq - Rep 1, FOXA1 ChIP-Seq - Rep 1, FOXA1 IP - T47D cells, FOXA1 ChIP-Seq - Rep 2, 17BE2 | FOXA1 ChIP-Seq, 17BE2 | FOXA1 ChIP-Seq - Rep 2, FOXA1 ChIP-Seq - Rep 1, DHT | FOXA1 ChIP-Seq, DEX | FOXA1 ChIP-Seq - Rep 2, 17BE2 | FOXA1 ChIP-Seq - Rep 2",,,
DEX,LPIN1,mammarygland,"DEX | FOXA1 ChIP-Seq - Rep 1, DEX | FOXA1 ChIP-Seq - Rep 1, JUN IP | DEX, DEX | FOXA1 ChIP-Seq - Rep 2",,,
TBP,LPIN1,liver,TBP IP - HepG2 cells,,,
CTCF,LPIN1,stemcells,"CTCF IP - Rep 5 , CTCF IP - H1 cells, CTCF IP - H1 cells , CTCF IP - Rep 3 , CTCF IP - Rep 4 , CTCF IP - Rep 6 , CTCF IP - Rep 1 , CTCF IP - Rep 7 , CTCF IP - Rep 2 ",,,
CTCF,LPIN1,hspcs,"CTCF IP - HEL 92.1.7 cells, Rep 11 , CTCF IP - HEL 92.1.7 cells, Rep 1 , CTCF IP - HEL 92.1.7 cells, Rep 8 , CTCF IP - HEL 92.1.7 cells, Rep 7 , CTCF IP - HSPCs, Rep 2, CTCF IP - HEL 92.1.7 cells, Rep 2 , CTCF IP - Erythroid cells, Rep 1, CTCF IP - HEL 92.1.7 cells, Rep 10 , CTCF IP - HSPCs, Rep 1, CTCF IP - HEL 92.1.7 cells, Rep 14 , CTCF IP - HEL 92.1.7 cells, Rep 5 , CTCF IP - Erythroid cells, Rep 2, CTCF IP - HEL 92.1.7 cells, Rep 13 , CTCF IP - HEL 92.1.7 cells, Rep 4 ",,,
MAX,LPIN1,leukocytes,"MAX IP - K562 cells, Rep 2, MAX IP - K562 cells, Rep 1, MAX IP - GM12878 cells, MAX IP - K562 cells, MAX IP - NB4 cells",,,
MAX,LPIN1,lung,"MAX IP - A549 cells, MAX IP - A549 cells",,,
FOS,LPIN1,mammarygland,"FOS IP | 4HT - MCF10A cells, 12 h, FOS IP | 17BE2, FOS IP - MCF10A cells, FOS IP | 4HT - MCF10A cells, 4 h, FOS IP | 4HT - MCF10A cells, 36 h",,,
4HT,LPIN1,mammarygland,"FOS IP | 4HT - MCF10A cells, 12 h, MYC IP | 4HT - MCF10A cells, E2F4 IP | 4HT - MCF10 cells, FOS IP | 4HT - MCF10A cells, 4 h, STAT3 IP | 4HT - MCF10 cells, 36 h, FOS IP | 4HT - MCF10A cells, 36 h, STAT3 IP | 4HT - MCF10 cells, 12 h",,,
IFNA1,LPIN1,leukocytes,"JUN IP | IFNA1-13 - K562 cells, 6 h, STAT2 IP | IFNA1-13 - K562 cells, 30 min, STAT2 IP | IFNA1-13 - K562 cells, 6 h, JUN IP | IFNA1-13 - 30 min , MYC IP | IFNA1 - K562 cells, 30 min, IRF1 IP | IFNA1-13 - K562 cells, 6 h, MYC IP | IFNA1 - K562 cells, 6 h",,,
FOSL1,LPIN1,colon,FOSL1 IP - HCT116 cells,,,
E2F1,LPIN1,uterus,"E2F1 IP - HeLa cells, Rep 2, E2F1 IP - HeLa cells, Rep 1",,,
TCF12,LPIN1,liver,TCF12 IP - MCF7 cells,,,
TFAP4,LPIN1,leukocytes,"TFAP4 IP - Rep 2, TFAP4 IP - Rep 1",,,
BHLHE40,LPIN1,leukocytes,"BHLHE40 IP - GM12878 cells, BHLHE40 IP - K562 cells",,,
MYC,LPIN1,mammarygland,"MYC IP | 4HT - MCF10A cells, DHT | MYC ChIP-Seq, MYC IP - MCF-10A cells",,,
GABPA,LPIN1,liver,"GABPA IP - MCF7 cells, GABPA IP - HepG2 cells",,,
CTCF,LPIN1,liver,"CTCF IP, CTCF IP - SK-N-SH cells, CTCF IP - HepG2 cells, Rep 1 , CTCF IP - HepG2 cells , CTCF IP - HepG2 cells, Rep 2 ",,,
E2F4,LPIN1,mammarygland,E2F4 IP | 4HT - MCF10 cells,,,
CTCF,LPIN1,heart,"CTCF IP - myocytes cells, Rep 1 , CTCF IP - HCF cells , CTCF IP - myocytes cells, Rep 2 ",,,
MAZ,LPIN1,lung,MAZ IP - IMR cells,,,
NFKB2,LPIN1,leukocytes,"NFKB2 IP - Rep 1, NFKB2 IP - Rep 2",,,
MYBL2,LPIN1,liver,MYBL2 IP - HepG2 cells,,,
USF1,LPIN1,cns,"USF1 IP - SK-N-SH cells, USF1 IP | ATRA - SK-N-SH cells",,,
E2F1,LPIN1,mammarygland,"E2F1 IP, E2F1 IP - MCF7 cells",,,
GATA1,LPIN1,hspcs,"GATA1 IP - PBDE cells, Rep 1",,,
GATA2,LPIN1,leukocytes,"GATA2 IP - K562 cells, GATA2 IP - K562 cells",,,
CEBPB,LPIN1,leukocytes,"CEBPB IP - Rep 203, CEBPB IP | oxLDL  - Rep 205, CEBPB IP - K562 cells, CEBPB IP - HL-60 cells, Rep 1 , CEBPB IP, CEBPB IP | oxLDL  - Rep 206, CEBPB IP - GM12878 cells, CEBPB ChIP-Seq - K562, CEBPB IP, CEBPB IP - HL-60 cells, Rep 2 , CEBPB IP | oxLDL  - Rep 208, CEBPB IP - Rep 201, CEBPB IP| oxLDL  - Rep 207, CEBPB IP, CEBPB IP - Rep 204, CEBPB IP",,,
FOXA2,LPIN1,stemcells,"FOXA2 IP - ES D10, FOXA2 IP - ES D7, FOXA2 IP - ES D2, FOXA2 IP - ES D5",,,
JUND,LPIN1,mammarygland,"JUND IP - T47D cells, JUND IP - MCF7 cells",,,
RELA,LPIN1,leukocytes,"RELA IP | BAY082  - IVD Th1 cells, PIA, RELA IP | TNF - GM19193 cells, RELA IP | TNF - GM18951 cells, RELA IP | TNF - GM19099 cells, RELA IP | TNF - GM18505 cells, RELA IP | TNF - GM12891 cells, RELA IP | TNF - GM12878 cells",,,
BAY082,LPIN1,leukocytes,"RELA IP | BAY082  - IVD Th1 cells, PIA",,,
CTCF,LPIN1,kidney,"CTCF IP - HRE cells, Rep 1 , CTCF IP - HRE cells, Rep 2 , CTCF IP - HEK293 cells, Rep 1 , CTCF IP - HEK293 cells, Rep 2 , CTCF IP - RPTEC cells, Rep 1 , CTCF IP - RPTEC cells, Rep 2 ",,,
CREB1,LPIN1,leukocytes,"CREB1 IP - GM12878 cells, CREB1 IP - K562 cells",,,
GATA1,LPIN1,leukocytes,"GATA1 ChIP-Seq - SC266, GATA1 ChIP-Seq - K562",,,
TAL1,LPIN1,leukocytes,"TAL1 IP - K562 cells, TAL1 IP - MOLT3",,,
GATA4,LPIN1,stomach,"GATA4 IP - AGS, GATA4 IP - YCC3",,,
BCL3,LPIN1,leukocytes,BCL3 IP - GM12878 cells,,,
ETS1,LPIN1,leukocytes,"ETS1 IP, ETS1 IP - K562 cells",,,
CEBPB,LPIN1,liver,"CEBPB IP - HepG2 cells, CEBPB IP | FORSK - HepG2 cells, CEBPB ChIP-Seq - HepG2",,,
PAX5,LPIN1,leukocytes,"PAX5 IP - GM12892 cells, PAX5 IP - GM12878 cells, Rep 2, PAX5 IP - GM12891 cells, PAX5 IP - GM12878 cells, Rep 1",,,
JUND,LPIN1,leukocytes,"JUND IP - GM12878 cells, Rep 1 , JUND IP - K562 cells, JUND IP - GM12878 cells, Rep 2",,,
BICALU,LPIN1,prostate,"HES6 OE + BICALU | E2F1 ChIP-Seq - Rep 3, BICALU + HES6OE | E2F1 ChIP-Seq - Rep 4, BICALU | E2F1 ChIP-Seq - Rep 4, BICALU | E2F1 ChIP-Seq - Rep 1, BICALU | E2F1 ChIP-Seq - Rep 2, BICALU | E2F1 ChIP-Seq - Rep 3, HES6 OE + BICALU | E2F1 ChIP-Seq - Rep 1",,,
HES6,LPIN1,prostate,"HES6 OE + BICALU | E2F1 ChIP-Seq - Rep 3, BICALU + HES6OE | E2F1 ChIP-Seq - Rep 4, HES6 OE | E2F1 ChIP-Seq - Rep 1, HES6 OE | E2F1 ChIP-Seq - Rep 4, HES6 OE | E2F1 ChIP-Seq - Rep 2, HES6 OE | E2F1 ChIP-Seq - Rep 3, HES6 OE + BICALU | E2F1 ChIP-Seq - Rep 1",,,
STAT5B,LPIN1,leukocytes,"STAT5B IP | IL2 - Rep 2, STAT5B IP | IL2 - Rep 2, STAT5B IP | H9, Rep 2",,,
IL2,LPIN1,leukocytes,"STAT5B IP | IL2 - Rep 2, STAT5B IP | IL2 - Rep 2",,,
MXI1,LPIN1,leukocytes,"MXI1 IP - GM12878 cells, MXI1 IP - K562 cells",,,
USF1,LPIN1,lung,"USF1 IP | DEX - A549 cells, USF1 IP - A549 cells, Rep 2, USF1 IP - A549 cells, Rep 1",,,
DEX,LPIN1,lung,"USF1 IP | DEX - A549 cells, CREB1 IP | DEX - A549 cells, FOXA1 IP | DEX - A549 cells, CTCF IP | DEX - A549 cells , CTCF IP | DEX - A549 cells",,,
STAT3,LPIN1,leukocytes,"STAT3 IP - OCI-LY3, STAT3 IP - SU-DHL-2, STAT3 IP - U-2932, STAT3 IP - SU-DHL-6, STAT3 IP - OCI-LY19, STAT3 IP - SU-DHL-4, STAT3 IP - OCI-LY10",,,
ZEB1,LPIN1,leukocytes,ZEB1 IP - GM12878 cells,,,
KLF11,LPIN1,adiposetissue,"KLF11 ChIP-Seq, Rep 1, KLF11 ChIP-Seq, Rep 2, ROSI (BrAT) | KLF11 ChIP-Seq, Rep 1, ROSI (BrAT) | KLF11 ChIP-Seq, Rep 2",,,
CTCF,LPIN1,placenta,"CTCF IP - HVMF cells, Rep 1 , CTCF IP - HVMF cells, Rep 2 ",,,
CDX2,LPIN1,colon,"CDX2 IP | 125DVD3, CDX2 IP",,,
125DVD3,LPIN1,colon,"CDX2 IP | 125DVD3, CEBPB IP | 125DVD3",,,
HIF1A,LPIN1,bone,HIF1A IP,,,
USF2,LPIN1,liver,USF2 IP - HepG2 cells,,,
MAFK,LPIN1,leukocytes,"MAFK IP - K562 cells, MAFK IP - K562 cells",,,
MYC,LPIN1,liver,MYC IP,,,
TNF,LPIN1,leukocytes,"RELA IP | TNF - GM19193 cells, RELA IP | TNF - GM18951 cells, RELA IP | TNF - GM18505 cells, RELA IP | TNF - GM12891 cells, RELA IP | TNF - GM12878 cells",,,
MYB,LPIN1,leukocytes,"MYB IP - MOLT3, MYB IP - Jurkat, Rep 4, MYB IP - Jurkat, Rep 2, MYB IP - Jurkat, Rep 1, MYB IP - Jurkat, Rep 5, MYB IP - Jurkat, Rep 3",,,
CREB1,LPIN1,lung,"CREB1 IP - A549 cells, Rep 2, CREB1 IP | DEX - A549 cells",,,
MAX,LPIN1,vasculature,MAX IP - HUVEC cells,,,
CTCF,LPIN1,uterus,"CTCF IP - HeLa cells , CTCF IP - HeLa cells, Rep 1 , CTCF IP - ECC1 cells",,,
CTCF,LPIN1,megakaryocytelineage,"CTCF IP - CHRF-288-11 cells, Rep 2 , CTCF IP - MEG-01 cells, Rep 10 , CTCF IP - MEG-01 cells, Rep 8 , CTCF IP - MEG-01 cells, Rep 6 , CTCF IP - MEG-01 cells, Rep 2 , CTCF IP - MEG-01 cells, Rep 4 ",,,
FOS,LPIN1,vasculature,FOS IP - HUVEC cells,,,
FOXA1,LPIN1,prostate,"FOXA1 ChIP-Seq, AR C562S OE + FOXA1 OE | FOXA1 ChIP-Seq, CON KD + R1881 | FOXA1 ChIP-Seq, EtOH | FOXA1 ChIP-Seq - Rep 2, FOXA1 KD | GATA2 ChIP-Seq, CON KD | FOXA1 ChIP-Seq, WT AR OE + FOXA1 OE | FOXA1 ChIP-Seq, FOXA1 siRNA | CREB1 ChIP-Seq - Rep 2, FOXA1 ChIP-Seq - Rep 2, CREB1 siRNA | FOXA1 ChIP-Seq - Rep 1, DHT | FOXA1 ChIP-Seq, AR Q640X OE + FOXA1 OE | FOXA1 ChIP-Seq, FOXA1 ChIP-Seq - LNCaP-abl, PIAS1 + R1881 | FOXA1 ChIP-Seq - Rep 2, CREB1 siRNA | FOXA1 ChIP-Seq - Rep 2, CON KD | FOXA1 ChIP-Seq, PIAS1 + R1881 | FOXA1 ChIP-Seq - Rep 1, WT AR OE + FOXA1 OE | FOXA1 ChIP-Seq - high FOXA1, FOXA1 siRNA | CREB1 ChIP-Seq - Rep 1, FOXA1 ChIP-Seq, GATA2 KD  | FOXA1 ChIP-Seq, CON KD  | FOXA1 ChIP-Seq, FOXA1 ChIP-Seq - Rep 1, EtOH | FOXA1 ChIP-Seq - , GATA2 KD + R1881 | FOXA1 ChIP-Seq, R1881 | FOXA1 ChIP-Seq - Rep 2",,,
PRDM1,LPIN1,uterus,PRDM1 IP - HeLa cells,,,
SREBF1,LPIN1,liver,"SREBF1 IP | PRAV - HepG2 cells, SREBF1 IP | INS + 22RHC - HepG2 cells",,,",19553673"
PRAV,LPIN1,liver,"SREBF1 IP | PRAV - HepG2 cells, SREBF2 IP | PRAV - HepG2 cells",,,
SRF,LPIN1,leukocytes,"SRF IP - K562 cells, SRF IP - SK-N-SH cells",,,
JUND,LPIN1,cns,"JUND IP - SK-N-SH cells, JUND IP - SK-N-SH cells ",,,
TAL1,LPIN1,stemcells,"TAL1 IP - Rep 1 , TAL1 IP - Rep 2 ",,,
MEF2A,LPIN1,leukocytes,"MEF2A IP - K562 cells, MEF2A IP - GM12878 cells",,,
CTCF,LPIN1,adiposetissue,"CTCF ChIP-Seq - d 9, CTCF ChIP-Seq - d -2, CTCF ChIP-Seq - d 0",,,
USF2,LPIN1,leukocytes,USF2 IP - GM12878 cells,,,
CEBPB,LPIN1,lung,"CEBPB ChIP-Seq - IMR90, CEBPB ChIP-Seq - A549, CEBPB IP - A549 cells",,,
STAT2,LPIN1,leukocytes,"STAT2 IP | IFNA1-13 - K562 cells, 30 min, STAT2 IP | IFNA1-13 - K562 cells, 6 h",,,
ZNF263,LPIN1,kidney,ZNF263 IP - HEK293 cells,,,
BACH1,LPIN1,stemcells,BACH1 IP - H1 cells,,,
SIX5,LPIN1,lung,SIX5 IP | DEX - A549 cells,,,
GABPA,LPIN1,leukocytes,"GABPA IP, GABPA IP - GM12878 cells, Rep 4 , GABPA IP - Jurkat, Rep 1, GABPA IP - Jurkat, Rep 2",,,
CEBPB,LPIN1,colon,"CEBPB IP | 125DVD3, CEBPB IP, CEBPB IP - HCT116 cells",,,
ETS1,LPIN1,lung,ETS1 IP - A549 cells,,,
TAL1,LPIN1,megakaryocytelineage,"TAL1 IP - CHRF-288-11 cells, Rep 1 , TAL1 IP - CHRF-288-11 cells, Rep 6 , TAL1 IP - CHRF-288-11 cells, Rep 4 , TAL1 IP - CHRF-288-11 cells, Rep 3 , TAL1 IP - CHRF-288-11 cells, Rep 5 ",,,
TCF7L2,LPIN1,pancreas,TCF7L2 IP,,,
FOXA1,LPIN1,liver,"FOXA1 IP - HepG2 cells, Rep 2, FOXA1 IP - HepG2 cells, Rep 1",,,
TBP,LPIN1,stemcells,TBP IP - H1 cells,,,
EBF1,LPIN1,leukocytes,"EBF1 IP - GM12878 cells, EBF1 IP - GM12878 cells",,,
ZBTB17,LPIN1,bone,"ZBTB17 IP, ZBTB17 IP",,,
SPI1,LPIN1,hspcs,"SPI1 IP -  Rep 1, SPI1 IP - Rep 2",,,
AR,LPIN1,prostate,"AR C562S OE + FOXA1 OE | FOXA1 ChIP-Seq, WT AR OE + FOXA1 OE | FOXA1 ChIP-Seq, AR Q640X OE + FOXA1 OE | FOXA1 ChIP-Seq, WT AR OE + FOXA1 OE | FOXA1 ChIP-Seq - high FOXA1",,,
USF1,LPIN1,leukocytes,"USF1 IP - K562 cells, USF1 IP - GM12878 cells",,,
ARID3A,LPIN1,liver,ARID3A IP - HepG2 cells,,,
FOXM1,LPIN1,mammarygland,"FOXM1 IP - DS005, FOXM1 IP | THSP - DS008, FOXM1 IP | THSP - DS018, FOXM1 IP - DS017, FOXM1 IP | THSP - DS006, FOXM1 IP - DS007",,,
MYC,LPIN1,stemcells,"MYC IP - Rep 2 , MYC IP - H1 cells",,,
R1881,LPIN1,prostate,"CON KD + R1881 | FOXA1 ChIP-Seq, PIAS1 + R1881 | FOXA1 ChIP-Seq - Rep 2, PIAS1 + R1881 | FOXA1 ChIP-Seq - Rep 1, GATA2 KD + R1881 | FOXA1 ChIP-Seq, R1881 | FOXA1 ChIP-Seq - Rep 2",,,
OTX2,LPIN1,stemcells,OTX2 IP - Rep 10 ,,,
JUN,LPIN1,uterus,JUN IP - HeLa cells,,,
STAT3,LPIN1,mammarygland,"STAT3 IP - MCF10A cells, Rep 2, STAT3 IP - MCF10A cells, Rep 1, STAT3 IP | 4HT - MCF10 cells, 36 h, STAT3 IP | 4HT - MCF10 cells, 12 h",,,
REST,LPIN1,uterus,"REST IP - ECC1 cells, REST IP - SK-N-SH cells",,,
SIX2,LPIN1,kidney,"SIX2 IP - 17 weeks, Rep 2, SIX2 IP -  16 weeks, SIX2 IP - 17 weeks, Rep 1",,,
CTCF,LPIN1,vasculature,"CTCF IP - HUVEC cells , CTCF IP - HUVEC cells, Rep 2 , CTCF IP - AoAFC cells, Rep 1 , CTCF IP - HBMEC cells, Rep 1 , CTCF IP - HBMEC cells, Rep 2 , CTCF IP - HPAF cells, Rep 1 , CTCF IP - HUVEC cells, Rep 1 , CTCF IP - AoAFC cells, Rep 2 , CTCF IP - HPAF cells, Rep 2 ",,,
UBTF,LPIN1,leukocytes,UBTF IP - K562 cells,,,
17BE2,LPIN1,mammarygland,"FOS IP | 17BE2, 17BE2 | FOXA1 ChIP-Seq - Rep 1, 17BE2 | FOXA1 ChIP-Seq, 17BE2 | FOXA1 ChIP-Seq - Rep 2, 17BE2 | FOXA1 ChIP-Seq - Rep 2",,,
IRF1,LPIN1,pancreas,IRF1 IP,,,
JUND,LPIN1,liver,"JUND IP - HepG2 cells, JUND IP - HepG2 cells",,,
TEAD4,LPIN1,liver,TEAD4 IP - HepG2 cells,,,
TCF12,LPIN1,uterus,TCF12 IP - ECC1 cells,,,
CEBPB,LPIN1,uterus,"CEBPB ChIP-Seq - HeLaS3, CEBPB IP - ECC1 cells",,,
MXI1,LPIN1,liver,MXI1 IP - HepG2 cells,,,
CREB1,LPIN1,liver,"CREB1 IP, CREB1 IP - HepG2 cells, CREB1 IP",,,
CTCF,LPIN1,miscellaneous,"CTCF IP - AG09319 cells, Rep 1 , CTCF IP - AG09319 cells, Rep 2 ",,,
REST,LPIN1,liver,"REST IP - HepG2 cells, Rep 2, REST IP - HepG2 cells, Rep 1",,,
CTCF,LPIN1,mammarygland,"CTCF IP - MCF-7 cells, Rep 1 , CTCF IP - HMEC cells , CTCF IP - HMEC cells, Rep 2 , CTCF IP - T47D cells, CTCF IP - HMEC cells, Rep 1 , CTCF IP - HMF cells, Rep 2 , CTCF IP - HMF cells, Rep 1 , CTCF IP - MCF-7 cells Rep 2 , CTCF IP - MCF7 cells",,,
BCL11A,LPIN1,leukocytes,BCL11A IP - GM12878 cells,,,
FOS,LPIN1,leukocytes,FOS IP - K562 cells,,,
ETV5,LPIN1,colon,ETV5 IP ,,,
GABPA,LPIN1,lung,GABPA IP - A549 cells,,,
REST,LPIN1,mammarygland,REST IP - MCF7 cells,,,
LYL1,LPIN1,leukocytes,"LYL1 IP - Kasumi-1, LYL1 IP - NB4",,,
TEAD4,LPIN1,stemcells,TEAD4 IP - H1 cells,,,
GATA2,LPIN1,hspcs,"GATA2 IP, GATA2 IP",,,
BCL3,LPIN1,lung,BCL3 IP - A549 cells,,,
FOXA2,LPIN1,liver,FOXA2 IP - HepG2 cells,"19822575,",,
H9,LPIN1,leukocytes,"STAT5B IP | H9, Rep 2",,,
ZNF143,LPIN1,stemcells,ZNF143 IP - H1 cells,,,
FOXA1,LPIN1,uterus,FOXA1 IP - ECC1 cells,,,
MEF2B,LPIN1,kidney,"MEF2B IP | MEF2B OE - Rep 1, MEF2B IP | MEF2B OE - Rep 2, MEF2B IP | MEF2B D83V OE - Rep 1",,,
CEBPB,LPIN1,bone,"CEBPB IP, CEBPB IP",,,
SMAD1,LPIN1,hspcs,"SMAD1 IP - Rep 3, SMAD1 IP - Rep 2",,,
GTF2B,LPIN1,uterus,GTF2B IP - Rep 2,,,
ZNF143,LPIN1,uterus,ZNF143 IP - HeLa cells,,,
CTCF,LPIN1,bone,"CTCF IP - Osteoblasts , CTCF IP",,,
IRF4,LPIN1,leukocytes,"IRF4 IP - GM12878 cells, IRF4 IP",,,
MAFK,LPIN1,lung,MAFK IP - IMR cells,,,
GTF2F1,LPIN1,uterus,GTF2F1 IP - HeLa cells,,,
GATA3,LPIN1,lung,GATA3 IP - A549 cells,,,
MAX,LPIN1,liver,"MAX IP - HepG2 cells, MAX IP - MCF7 cells, MAX IP - HepG2 cells",,,
IRF1,LPIN1,colon,IRF1 IP ,,,
TBP,LPIN1,uterus,TBP IP - HeLa cells,,,
STAT1,LPIN1,leukocytes,"STAT1 IP - Rep 5, STAT1 IP - Rep 3, STAT1 IP - Rep 2, STAT1 IP | IFNG - K562 cells, 6 h, STAT1 IP - Rep 4, STAT1 IP - Rep 1, STAT1 IP - Rep 6",,,
CREB1,LPIN1,stemcells,CREB1 IP - H1 cells,,,
REST,LPIN1,stemcells,"REST IP - H1 cells, Rep 2, REST IP - H1 cells, Rep 1",,,
JUN,LPIN1,liver,JUN IP - HepG2 cells,,,
TCF12,LPIN1,stemcells,TCF12 IP - H1 cells,,,
CREB1,LPIN1,prostate,"FOXA1 siRNA | CREB1 ChIP-Seq - Rep 2, CREB1 siRNA | FOXA1 ChIP-Seq - Rep 1, CREB1 siRNA | FOXA1 ChIP-Seq - Rep 2, FOXA1 siRNA | CREB1 ChIP-Seq - Rep 1, CREB1 ChIP-Seq - LNCaP, CREB1 ChIP-Seq - Rep 2, CREB1 ChIP-Seq - LNCaP-abl",,,
FOXA2,LPIN1,lung,FOXA2 IP - A549 cells,,,
CTCF,LPIN1,esophagus,"CTCF IP - HEEpiC cells, Rep 2 , CTCF IP - HEEpiC cells, Rep 1 ",,,
JUN,LPIN1,vasculature,"JUN IP, JUN IP - HUVEC cells",,,
CUX1,LPIN1,leukocytes,CUX1 IP - K562 cells,,,
MAFF,LPIN1,liver,MAFF IP - HepG2 cells,,,
CTCF,LPIN1,pancreas,CTCF IP,,,
FOXA1,LPIN1,pancreas,"FOXA1 IP, FOXA1 IP, FOXA1 IP | KLF5 KO",,,
ZBTB7A,LPIN1,leukocytes,ZBTB7A IP - SK-N-SH cells,,,
TP53,LPIN1,mammarygland,"TP53 IP, TP53 IP | NUTL3 - MCF-7",,,
MAZ,LPIN1,leukocytes,"MAZ IP - K562 cells, MAZ IP - GM12878 cells",,,
FORSK,LPIN1,liver,CEBPB IP | FORSK - HepG2 cells,,,
USF1,LPIN1,stemcells,USF1 IP - H1 cells,,,
SP1,LPIN1,liver,SP1 IP - HepG2 cells,,,
NFYB,LPIN1,leukocytes,"NFYB IP - K562 cells, NFYB IP - GM12878 cells",,,
IKZF1,LPIN1,leukocytes,IKZF1 IP - GM12878 cells,,,
TBP,LPIN1,leukocytes,"TBP IP - GM12878 cells, TBP IP - K562 cells",,,
TCF7L2,LPIN1,mammarygland,TCF7L2 ChIP-Seq,,,
ZNF83,LPIN1,colon,ZNF83 IP ,,,
TP53,LPIN1,bone,"TP53 IP, TP53 IP | TP53 OE, TP53 IP - Rep 2",,,
E2F4,LPIN1,leukocytes,E2F4 IP - K562 cells,,,
FOXP2,LPIN1,cns,"FOXP2 IP - PFSK-1 cells, FOXP2 IP - SK cells",,,
DHT,LPIN1,prostate,"DHT | FOXA1 ChIP-Seq, DHT | ERG ChIP-Seq - 18 h",,,
ATRA,LPIN1,cns,"USF1 IP | ATRA - SK-N-SH cells, YY1 IP | ATRA - SK-N-SH cells",,,
FOSL1,LPIN1,mammarygland,FOSL1 IP,,,
YY1,LPIN1,liver,YY1 IP - HepG2 cells,,,
FOSL2,LPIN1,cns,FOSL2 IP - SK-N-SH cells,,,
ELK1,LPIN1,uterus,ELK1 IP - HeLa cells,,,
NFKB1,LPIN1,leukocytes,"NFKB1 IP - Rep 1, NFKB1 IP - Rep 2",,,
E2F6,LPIN1,stemcells,E2F6 IP - H1 cells,,,
22RHC; INS,LPIN1,liver,SREBF1 IP | INS + 22RHC - HepG2 cells,,,
SP1,LPIN1,colon,SP1 IP - HCT116 cells,,,
PBX3,LPIN1,lung,PBX3 IP - A549 cells,,,
FOXA2,LPIN1,embryonictissue,FOXA2 IP - Rep 2,,,
MYC,LPIN1,lung,MYC IP - A549 cells,,,
GATA3,LPIN1,mammarygland,"GATA3 IP - T47D cells, GATA3 IP - MCF7 cells",,,
YY1,LPIN1,leukocytes,"YY1 IP - GM12878 cells, YY1 IP - K562 cells, Rep 2, YY1 IP - K562 cells, Rep 1, YY1 IP - GM12892 cells, Rep 1",,,
MAFF,LPIN1,leukocytes,MAFF IP - K562 cells,,,
YY1,LPIN1,lung,YY1 IP - A549 cells,,,
STAT5A,LPIN1,leukocytes,"STAT5A IP - K562 cells, STAT5A IP - GM12878 cells",,,
SP1,LPIN1,lung,SP1 IP - A549 cells,,,
MAFK,LPIN1,stemcells,MAFK IP - H1 cells,,,
FLI1,LPIN1,hspcs,FLI1 IP,,,
POU2F2,LPIN1,leukocytes,"POU2F2 IP - GM12878 cells, POU2F2 IP | POU2F2 Mut OE",,,
MAFK,LPIN1,liver,"MAFK IP - HepG2 cells, Rep 1, MAFK IP - HepG2 cells, Rep 2",,,
ELF1,LPIN1,leukocytes,"ELF1 IP - SK-N-SH cells, ELF1 IP - SK-N-SH cells",,,
FOXA1,LPIN1,lung,"FOXA1 IP | DEX - A549 cells, FOXA1 IP - A549 cells",,,
ZNF217,LPIN1,colon,ZNF217 IP ,,,
SP1,LPIN1,leukocytes,"SP1 IP - K562 cells, SP1 IP - GM12878 cells",,,
REST,LPIN1,pancreas,"REST IP - Panc1 cells, Rep 3, REST IP - PANC1 cells, Rep 1, REST IP - PANC1 cells, Rep 2",,,
SOX2,LPIN1,thyroidgland,SOX2 IP - TT MTC,,,
NFATC1,LPIN1,leukocytes,NFATC1 IP - GM12878 cells,,,
MAZ,LPIN1,uterus,MAZ IP - HeLa cells,,,
STAT3,LPIN1,uterus,STAT3 IP - HeLa cells,,,
ZNF143,LPIN1,leukocytes,"ZNF143 IP - GM12878 cells, ZNF143 IP - K562 cells",,,
JUN,LPIN1,colon,JUN IP ,,,
JUND,LPIN1,lung,JUND IP - A549 cells,,,
USF1,LPIN1,uterus,USF1 IP - ECC1 cells,,,
ZKSCAN1,LPIN1,uterus,ZKSCAN1 IP - HeLa cells,,,
CPDA,LPIN1,mammarygland,JUN IP | CPDA,,,
ELF1,LPIN1,colon,ELF1 IP - HCT116 cells,,,
ZEB1,LPIN1,liver,ZEB1 IP - HepG2 cells,,,
USF1,LPIN1,colon,USF1 IP - HCT116 cells,,,
MXI1,LPIN1,uterus,MXI1 IP - HeLa cells,,,
JUND,LPIN1,stemcells,"JUND IP - H1 cells, JUND IP - H1 cells",,,
FOSL2,LPIN1,lung,FOSL2 IP - A549 cells,,,
CEBPB,LPIN1,mammarygland,CEBPB IP - MCF7 cells,,,
EGR1,LPIN1,leukocytes,EGR1 IP - K562 cells,,,
DHT,LPIN1,mammarygland,"DHT | MYC ChIP-Seq, DHT | FOXA1 ChIP-Seq",,,
FOSL2,LPIN1,liver,FOSL2 IP - HepG2 cells,,,
FOXH1,LPIN1,embryonictissue,FOXH1 IP - endoderm,,,
ROSI,LPIN1,adiposetissue,"ROSI (BrAT) | KLF11 ChIP-Seq, Rep 1, ROSI (BrAT) | KLF11 ChIP-Seq, Rep 2",,,
PBX3,LPIN1,leukocytes,PBX3 IP - GM12878 cells,,,
E2F3,LPIN1,colon,E2F3 IP ,,,
MTA3,LPIN1,leukocytes,MTA3 IP - GM12878 cells,,,
GABPA,LPIN1,cns,GABPA IP - SK-N-SH cells,,,
ELF3,LPIN1,pancreas,"ELF3 IP, ELF3 IP | KLF5 KO, ELF3 IP",,,
KLF5,LPIN1,pancreas,"FOXA1 IP | KLF5 KO, ELF3 IP | KLF5 KO, KLF5 IP",,,
PIAS1,LPIN1,prostate,"PIAS1 + R1881 | FOXA1 ChIP-Seq - Rep 2, PIAS1 + R1881 | FOXA1 ChIP-Seq - Rep 1",,,
ATF3,LPIN1,lung,ATF3 IP - A549 cells,,,
MAFK,LPIN1,uterus,MAFK IP - HeLa cells,,,
STAT1,LPIN1,uterus,"STAT1 IP | IFNG - HeLa cells, 30 min",,,
IFNG,LPIN1,uterus,"STAT1 IP | IFNG - HeLa cells, 30 min",,,
TP53,LPIN1,skin,TP53 IP,,,
HEY1,LPIN1,liver,HEY1 IP - HepG2 cells,,,
SREBF2,LPIN1,liver,SREBF2 IP | PRAV - HepG2 cells,,,
ARID3A,LPIN1,leukocytes,ARID3A IP - K562 cells,,,
NFYB,LPIN1,uterus,NFYB IP - HeLa cells,,,
HEY1,LPIN1,leukocytes,HEY1 IP - K562 cells,,,
BACH1,LPIN1,leukocytes,BACH1 IP - K562 cells,,,
JUND,LPIN1,vasculature,JUND IP,,,
RUNX1,LPIN1,leukocytes,"RUNX1 IP, SPI1 IP | RUNX1 KD, RUNX1 IP - Rep 2",,,
JUND,LPIN1,uterus,JUND IP - HeLa cells,,,
EGR1,LPIN1,uterus,EGR1 IP - ECC1 cells,,,
FOXM1,LPIN1,leukocytes,FOXM1 IP - GM12878 cells,,,
E2F6,LPIN1,leukocytes,"E2F6 IP - K562 cells, E2F6 IP - K562 cells",,,
JUND,LPIN1,prostate,JUND IP,,,
TCF7L2,LPIN1,uterus,TCF7L2 IP - HeLa cells,,,
KLF5,LPIN1,stomach,KLF5 IP - KATOIII,,,
ATF3,LPIN1,leukocytes,ATF3 IP - K562 cells,,,
LYL1,LPIN1,hspcs,LYL1 IP,,,
REST,LPIN1,lung,REST IP - A549 cells,,,
GATA6,LPIN1,stemcells,GATA6 IP - Rep 7 ,,,
ROSI,LPIN1,leukocytes,ROSI | SPI1 ChIP-Seq,,,
ATF2,LPIN1,leukocytes,ATF2 IP - GM12878 cells,,,
SMARCC1,LPIN1,uterus,SMARCC1 IP - HeLa cells,,,
YY1,LPIN1,colon,YY1 IP - HCT116 cells,,,
TCF12,LPIN1,cns,TCF12 IP - SK-N-SH cells,,,
TEAD4,LPIN1,colon,TEAD4 IP - HCT116 cells,,,
MYC,LPIN1,uterus,MYC IP - HeLa cells,,,
TCF21,LPIN1,vasculature,TCF21 IP,,,
ZNF384,LPIN1,leukocytes,"ZNF384 IP - GM12878 cells, ZNF384 IP - K562 cells",,,
GATA2,LPIN1,vasculature,GATA2 IP - HUVEC cells,,,
MAX,LPIN1,colon,MAX IP - HCT116 cells,,,
ATF2,LPIN1,stemcells,ATF2 IP - H1 cells,,,
EGR1,LPIN1,stemcells,EGR1 IP - H1 cells,,,
BHLHE40,LPIN1,liver,BHLHE40 IP - HepG2 cells,,,
FOXM1,LPIN1,cns,FOXM1 IP - SK-N-SH cells,,,
MEF2A,LPIN1,cns,MEF2A IP - SK-N-SH cells,,,
TEAD4,LPIN1,leukocytes,TEAD4 IP - K562 cells,,,
ASCL1,LPIN1,skin,ASCL1 IP - NHDF,,,
MXI1,LPIN1,lung,MXI1 IP - IMR cells,,,
ATF1,LPIN1,leukocytes,ATF1 IP - K562 cells,,,
MXI1,LPIN1,stemcells,MXI1 IP - H1 cells,,,
BATF,LPIN1,leukocytes,BATF IP - GM12878 cells,,,
SRF,LPIN1,colon,SRF IP - HCT116 cells,,,
CEBPA,LPIN1,leukocytes,CEBPA IP,,,
ZBTB7A,LPIN1,uterus,ZBTB7A IP - ECC1 cells,,,
HOXA4,LPIN1,colon,HOXA4 IP ,,,
SATB1,LPIN1,liver,SATB1 IP,,,
ATF3,LPIN1,liver,ATF3 IP - HepG2 cells,,,
FOS,LPIN1,uterus,FOS IP - HeLa cells,,,
REST,LPIN1,colon,REST IP - HCT116 cells,,,
MAZ,LPIN1,liver,MAZ IP - HepG2 cells,,,
USF2,LPIN1,uterus,USF2 IP - HeLa cells,,,
GATA6,LPIN1,stomach,"GATA6 IP - KATOIII, GATA6 IP - YCC3, GATA6 IP - AGS",,,
SRF,LPIN1,mammarygland,SRF IP - MCF7 cells,,,
CTCF,LPIN1,skeletalmuscle,"CTCF IP - HSMM cells, Rep 1 , CTCF IP - HSMM cells, Rep 2 ",,,
ELF1,LPIN1,cns,ELF1 IP - SK-N-SH cells,,,
TEAD4,LPIN1,uterus,TEAD4 IP - ECC1 cells,,,
FOSL2,LPIN1,mammarygland,FOSL2 IP - MCF7 cells,,,
YY1,LPIN1,stemcells,YY1 IP - H1 cells,,,
BARX1,LPIN1,colon,BARX1 IP - Rep 1 ,,,
NANOG,LPIN1,stemcells,"NANOG IP - Rep 8 , NANOG IP - H1 cells","21062744,",,
FOSL1,LPIN1,leukocytes,FOSL1 IP - K562 cells,,,
PDX1,LPIN1,stemcells,PDX1 IP,,,
PDX1,LPIN1,pancreas,PDX1 IP,,,
MAX,LPIN1,cns,MAX IP - SK-N-SH cells,,,
TCF12,LPIN1,lung,TCF12 IP - A549 cells,,,
GLI2,LPIN1,colon,GLI2 IP ,,,
PBX3,LPIN1,cns,PBX3 IP - SK-N-SH cells,,,
GABPA,LPIN1,stemcells,GABPA IP - H1 cells,,,
USF2,LPIN1,stemcells,USF2 IP - H1 cells,,,
E2F6,LPIN1,lung,E2F6 IP - A549 cells,,,
ZNF217,LPIN1,mammarygland,ZNF217 IP - MCF7 cells,,,
NFYA,LPIN1,uterus,NFYA IP - HeLa cells,,,
USF1,LPIN1,liver,USF1 IP - HepG2 cells,,,
SMAD4,LPIN1,stemcells,SMAD4 ChIP-Seq - ESCs,,,
EGR1,LPIN1,colon,EGR1 IP - HCT116 cells,,,
ELF1,LPIN1,lung,ELF1 IP - A549 cells,,,
ELK4,LPIN1,uterus,"ELK4 IP - HeLa cells, ELK4 IP - HeLa, Rep 1",,,
TCF3,LPIN1,leukocytes,TCF3 IP - GM12878 cells,,,
HMGN3,LPIN1,leukocytes,HMGN3 IP - K562 cells,,,
TEAD4,LPIN1,cns,TEAD4 IP - SK-N-SH cells,,,
GATA2,LPIN1,cns,GATA2 ChIP-Seq SH-SY5Y,,,
TCF12,LPIN1,leukocytes,TCF12 IP - GM12878 cells,,,
GABPA,LPIN2,leukocytes,"GABPA IP - HL cells, GABPA IP - Jurkat, Rep 1, GABPA IP - Jurkat, Rep 2",,,
GTF2B,LPIN2,uterus,GTF2B IP - Rep 2,,,
YY1,LPIN2,colon,YY1 IP - HCT116 cells,,,
ATF3,LPIN2,leukocytes,"ATF3 IP - GM12878 cells, ATF3 IP - K562 cells",,,
MXI1,LPIN2,leukocytes,"MXI1 IP - GM12878 cells, MXI1 IP - K562 cells",,,
MAX,LPIN2,stemcells,"MAX IP - H1 cells, MAX IP - H1 cells",,,
SPI1,LPIN2,leukocytes,"SPI1 IP, SPI1 IP, SPI1 IP - HL cells, SPI1 IP, SPI1 IP - HL-60 cells, Rep 1 , SPI1 IP - U-937 cells, Rep 6 , SPI1 IP, SPI1 IP, SPI1 IP - U-937 cells, Rep 2 , SPI1 IP - HL-60 cells, Rep 4 , ROSI | SPI1 ChIP-Seq, SPI1 IP, SPI1 IP, SPI1 IP - U-937 cells, Rep 1 , SPI1 IP, SPI1 IP - K562 cells, SPI1 IP - U-937 cells, Rep 5 , SPI1 IP - U-937 cells, Rep 4 , SPI1 IP, SPI1 IP, SPI1 IP | RUNX1 KD, SPI1 IP - HL-60 cells, Rep 2 , SPI1 IP - U-937 cells, Rep 3 , SPI1 IP",,,
E2F1,LPIN2,prostate,"HES6 OE | E2F1 ChIP-Seq - Rep 1, E2F1 ChIP-Seq - Rep 4, HES6 OE + BICALU | E2F1 ChIP-Seq - Rep 1, BICALU + HES6OE | E2F1 ChIP-Seq - Rep 4, HES6 OE | E2F1 ChIP-Seq - Rep 2, BICALU + HES6 OE | E2F1 ChIP-Seq - Rep 2, BICALU | E2F1 ChIP-Seq - Rep 3, E2F1 ChIP-Seq - Rep 1, HES6 OE | E2F1 ChIP-Seq - Rep 4, HES6 OE + BICALU | E2F1 ChIP-Seq - Rep 3, HES6 OE | E2F1 ChIP-Seq - Rep 3, BICALU | E2F1 ChIP-Seq - Rep 1, E2F1 ChIP-Seq - Rep 2, E2F1 ChIP-Seq - Rep 3",,,
HES6,LPIN2,prostate,"HES6 OE | E2F1 ChIP-Seq - Rep 1, HES6 OE + BICALU | E2F1 ChIP-Seq - Rep 1, BICALU + HES6OE | E2F1 ChIP-Seq - Rep 4, HES6 OE | E2F1 ChIP-Seq - Rep 2, BICALU + HES6 OE | E2F1 ChIP-Seq - Rep 2, HES6 OE | E2F1 ChIP-Seq - Rep 4, HES6 OE + BICALU | E2F1 ChIP-Seq - Rep 3, HES6 OE | E2F1 ChIP-Seq - Rep 3",,,
CTCF,LPIN2,liver,"CTCF IP - SK-N-SH cells, CTCF IP",,,
FOXA1,LPIN2,mammarygland,"FOXA1 ChIP-Seq - Rep 1, DHT | FOXA1 ChIP-Seq, 17BE2 | FOXA1 ChIP-Seq - Rep 1, DEX | FOXA1 ChIP-Seq - Rep 1, FOXA1 ChIP-Seq - Rep 2, DEX | FOXA1 ChIP-Seq - Rep 2, FOXA1 ChIP-Seq - Rep 2, 17BE2 | FOXA1 ChIP-Seq - Rep 2",,,
ATF3,LPIN2,colon,"ATF3 IP | CAMPTO, ATF3 IP, ATF3 IP - HCT116 cells",,,
EGR1,LPIN2,liver,EGR1 IP - MCF7 cells,,,
USF1,LPIN2,lung,"USF1 IP - A549 cells, Rep 1, USF1 IP - A549 cells, Rep 2, USF1 IP | DEX - A549 cells",,,
ZBTB7A,LPIN2,uterus,ZBTB7A IP - ECC1 cells,,,
YY1,LPIN2,leukocytes,"YY1 IP - GM12878 cells, YY1 IP - GM12891 cells, YY1 IP - K562 cells, Rep 2, YY1 IP - K562 cells, Rep 1, YY1 IP - GM12892 cells, Rep 1",,,
CTCF,LPIN2,leukocytes,"CTCF IP - KU812 cells, Rep 9 , CTCF IP - F36P cells, Rep 14 , CTCF IP - UT-7 cells, Rep 4 , CTCF IP - F36P cells, Rep 9 , CTCF IP - K562 cells, Rep 2 , CTCF IP - K562 cells, Rep 12 , CTCF IP - KU812 cells, Rep 1 , CTCF IP - F36P cells, Rep 2 , CTCF IP - F36P cells, Rep 3 , CTCF IP - F36P cells, Rep 11 , CTCF IP - K562 cells, CTCF IP - K562 cells, CTCF IP, CTCF IP - K562 cells, Rep 1 , CTCF IP - K562 cells, Rep 14 , CTCF IP - NB4 cells , CTCF IP - GM12892 cells, Rep 2 , CTCF IP - F36P cells, Rep 15 , CTCF IP - HeLa cells, Rep 2 , CTCF IP - F36P cells, Rep 7 , CTCF IP - F36P cells, Rep 10 , CTCF IP - K562 cells, Rep 16 , CTCF IP - GM19239 cells, Rep 2 , CTCF IP - K562 cells, Rep 13 , CTCF IP - K562 cells, Rep 11 , CTCF IP - K562 cells , CTCF IP - GM19239 cells, Rep 1 , CTCF IP - KU812 cells, Rep 5 , CTCF IP - K562 cells, Rep 15 , CTCF IP - F36P cells, Rep 6 , CTCF IP - F36P cells, Rep 19 , CTCF IP - KU812 cells, Rep 13 , CTCF IP - UT-7 cells, Rep 3 ",,,
USF2,LPIN2,leukocytes,"USF2 IP - GM12878 cells, USF2 IP - K562 cells",,,
MYB,LPIN2,leukocytes,"MYB IP - Jurkat, Rep 2, MYB IP - Jurkat, Rep 1, MYB IP - Jurkat, Rep 3, MYB IP - Jurkat, Rep 5, MYB IP - MOLT3, MYB IP - Jurkat, Rep 4",,,
MAX,LPIN2,colon,MAX IP - HCT116 cells,,,
STAT3,LPIN2,mammarygland,"STAT3 IP - MCF10A cells, Rep 2, STAT3 IP | 4HT - MCF10 cells, 12 h, STAT3 IP | 4HT - MCF10 cells, 36 h",,,
MAX,LPIN2,uterus,"MAX IP - ECC1 cells, MAX IP - HeLa cells, Rep 1, MAX IP - HeLa cells, Rep 2",,,
SP1,LPIN2,stemcells,SP1 IP - H1 cells,,,
JUND,LPIN2,cns,"JUND IP - SK-N-SH cells , JUND IP - SK-N-SH cells",,,
CREB1,LPIN2,prostate,"FOXA1 siRNA | CREB1 ChIP-Seq - Rep 2, CREB1 ChIP-Seq - LNCaP, CREB1 ChIP-Seq - LNCaP-abl",,,
FOXA1,LPIN2,prostate,"FOXA1 siRNA | CREB1 ChIP-Seq - Rep 2, FOXA1 ChIP-Seq, WT AR OE + FOXA1 OE | FOXA1 ChIP-Seq - high FOXA1, DHT | FOXA1 ChIP-Seq, AR C562S OE + FOXA1 OE | FOXA1 ChIP-Seq, FOXA1 ChIP-Seq",,,
FOS,LPIN2,mammarygland,"FOS IP - MCF10A cells, FOS IP | 4HT - MCF10A cells, 12 h, FOS IP | 4HT - MCF10A cells, 36 h, FOS IP | 4HT - MCF10A cells, 4 h",,,
IRF4,LPIN2,leukocytes,IRF4 IP,,,
DHT,LPIN2,mammarygland,"DHT | FOXA1 ChIP-Seq, DHT | MYC ChIP-Seq",,,
CEBPB,LPIN2,lung,"CEBPB ChIP-Seq - A549, CEBPB ChIP-Seq - IMR90, CEBPB IP - A549 cells",,,
CTCF,LPIN2,megakaryocytelineage,"CTCF IP - MEG-01 cells, Rep 10 , CTCF IP - MEG-01 cells, Rep 8 , CTCF IP - MEG-01 cells, Rep 6 , CTCF IP - MEG-01 cells, Rep 4 , CTCF IP - MEG-01 cells, Rep 2 ",,,
MAX,LPIN2,leukocytes,"MAX IP - NB4 cells, MAX IP - K562 cells, MAX IP - K562 cells, Rep 2, MAX IP - K562 cells, Rep 1, MAX IP - GM12878 cells",,,
CEBPB,LPIN2,colon,"CEBPB IP, CEBPB IP | 125DVD3, CEBPB IP - HCT116 cells",,,
MXI1,LPIN2,stemcells,MXI1 IP - H1 cells,,,
CTCF,LPIN2,mammarygland,"CTCF IP - MCF7 cells, CTCF IP - MCF-7 cells, Rep 1 ",,,
GATA4,LPIN2,stomach,GATA4 IP - AGS,,,
SPI1,LPIN2,hspcs,SPI1 IP - Rep 2,,,
MYC,LPIN2,leukocytes,"MYC IP | IFNA1 - K562 cells, 6 h, MYC IP - K562 cells, Rep 1, MYC IP - K562 cells, Rep 2, MYC IP | IFNG - K562 cells, 6 h, MYC IP | IFNG - K562 cells, 30 min",,,
IFNA1,LPIN2,leukocytes,"MYC IP | IFNA1 - K562 cells, 6 h",,,
MAX,LPIN2,lung,"MAX IP - A549 cells, MAX IP - A549 cells",,,
JUND,LPIN2,leukocytes,JUND IP - K562 cells,,,
USF1,LPIN2,cns,"USF1 IP - SK-N-SH cells, USF1 IP | ATRA - SK-N-SH cells",,,
E2F6,LPIN2,leukocytes,"E2F6 IP - K562 cells, E2F6 IP - K562 cells",,,
FOSL1,LPIN2,colon,FOSL1 IP - HCT116 cells,,,
BHLHE40,LPIN2,liver,BHLHE40 IP - HepG2 cells,,,
EGR1,LPIN2,leukocytes,EGR1 IP - K562 cells,,,
USF2,LPIN2,uterus,USF2 IP - HeLa cells,,,
TCF12,LPIN2,leukocytes,TCF12 IP - GM12878 cells,,,
FOS,LPIN2,vasculature,FOS IP - HUVEC cells,,,
BICALU,LPIN2,prostate,"HES6 OE + BICALU | E2F1 ChIP-Seq - Rep 1, BICALU + HES6OE | E2F1 ChIP-Seq - Rep 4, BICALU + HES6 OE | E2F1 ChIP-Seq - Rep 2, BICALU | E2F1 ChIP-Seq - Rep 3, HES6 OE + BICALU | E2F1 ChIP-Seq - Rep 3, BICALU | E2F1 ChIP-Seq - Rep 1",,,
GTF2F1,LPIN2,uterus,GTF2F1 IP - HeLa cells,,,
STAT3,LPIN2,leukocytes,STAT3 IP - SU-DHL-4,,,
4HT,LPIN2,mammarygland,"STAT3 IP | 4HT - MCF10 cells, 12 h, MYC IP | 4HT - MCF10A cells, E2F4 IP | 4HT - MCF10 cells, FOS IP | 4HT - MCF10A cells, 12 h, FOS IP | 4HT - MCF10A cells, 36 h, FOS IP | 4HT - MCF10A cells, 4 h, STAT3 IP | 4HT - MCF10 cells, 36 h",,,
TBP,LPIN2,stemcells,TBP IP - H1 cells,,,
JUN,LPIN2,vasculature,"JUN IP - HUVEC cells, JUN IP",,,
TBP,LPIN2,leukocytes,TBP IP - K562 cells,,,
MAX,LPIN2,liver,"MAX IP - MCF7 cells, MAX IP - HepG2 cells, MAX IP - HepG2 cells",,,
17BE2,LPIN2,mammarygland,"17BE2 | FOXA1 ChIP-Seq - Rep 1, 17BE2 | FOXA1 ChIP-Seq - Rep 2",,,
CTCF,LPIN2,uterus,"CTCF IP - HeLa cells, Rep 1 ",,,
SP1,LPIN2,colon,SP1 IP - HCT116 cells,,,
CEBPB,LPIN2,leukocytes,"CEBPB IP | oxLDL  - Rep 208, CEBPB IP - Rep 204, CEBPB IP, CEBPB IP | oxLDL  - Rep 205, CEBPB IP - Rep 202, CEBPB ChIP-Seq - K562, CEBPB IP - K562 cells, CEBPB IP, CEBPB IP - Rep 201, CEBPB IP| oxLDL  - Rep 207, CEBPB IP, CEBPB IP - Rep 203, CEBPB IP | oxLDL  - Rep 206",,,
MAFK,LPIN2,lung,MAFK IP - IMR cells,,,
STAT1,LPIN2,leukocytes,"STAT1 IP - Rep 5, STAT1 IP - Rep 3, STAT1 IP - Rep 4, STAT1 IP - Rep 2, STAT1 IP - Rep 6",,,
IFNG,LPIN2,leukocytes,"STAT1 IP - Rep 5, STAT1 IP - Rep 3, STAT1 IP - Rep 4, MYC IP | IFNG - K562 cells, 6 h, STAT1 IP - Rep 2, JUN IP | IFNG - K562 cells, 6 h, STAT1 IP - Rep 6, JUN IP | IFNG - K562 cells, 30 min, MYC IP | IFNG - K562 cells, 30 min, IRF1 IP | IFNG - K562 cells, 6 h, IRF1 IP - Rep 3",,,
FOXM1,LPIN2,mammarygland,FOXM1 IP | THSP - DS006,,,
MYC,LPIN2,mammarygland,"MYC IP | 4HT - MCF10A cells, MYC IP - MCF-10A cells, DHT | MYC ChIP-Seq",,,
TCF3,LPIN2,leukocytes,TCF3 IP - GM12878 cells,,,
JUND,LPIN2,uterus,JUND IP - HeLa cells,,,
125DVD3,LPIN2,colon,CEBPB IP | 125DVD3,,,
UBTF,LPIN2,leukocytes,"UBTF IP - K562 cells, UBTF IP - K562 cells",,,
REST,LPIN2,liver,"REST IP - HepG2 cells, Rep 2",,,
CTCF,LPIN2,hspcs,"CTCF IP - Erythroid cells, Rep 2",,,
ROSI,LPIN2,leukocytes,ROSI | SPI1 ChIP-Seq,,,
CEBPB,LPIN2,stemcells,"CEBPB IP, CEBPB IP, CEBPB IP, CEBPB IP - H1 cells, CEBPB IP",,,
E2F1,LPIN2,uterus,"E2F1 IP - HeLa cells, Rep 2, E2F1 IP - HeLa cells, Rep 1",,,
SP1,LPIN2,lung,SP1 IP - A549 cells,,,
GATA2,LPIN2,vasculature,GATA2 IP - HUVEC cells,,,
BHLHE40,LPIN2,leukocytes,"BHLHE40 IP - GM12878 cells, BHLHE40 IP - K562 cells",,,
FOXA2,LPIN2,embryonictissue,FOXA2 IP - Rep 2,,,
TEAD4,LPIN2,colon,TEAD4 IP - HCT116 cells,,,
TCF7L2,LPIN2,pancreas,TCF7L2 IP,,,
MAZ,LPIN2,liver,MAZ IP - HepG2 cells,,,
SRF,LPIN2,colon,SRF IP - HCT116 cells,,,
ETS1,LPIN2,leukocytes,"ETS1 IP, ETS1 IP - K562 cells",,,
EGR1,LPIN2,stemcells,EGR1 IP - H1 cells,,,
USF2,LPIN2,liver,USF2 IP - HepG2 cells,,,
GATA2,LPIN2,prostate,GATA2 ChIP-Seq,,,
FOSL2,LPIN2,cns,FOSL2 IP - SK-N-SH cells,,,
JUND,LPIN2,vasculature,JUND IP,,,
RELA,LPIN2,leukocytes,"RELA IP | BAY082  - IVD Th1 cells, PIA, RELA IP | TNF - GM12891 cells",,,
BAY082,LPIN2,leukocytes,"RELA IP | BAY082  - IVD Th1 cells, PIA",,,
ZBTB7A,LPIN2,leukocytes,ZBTB7A IP - SK-N-SH cells,,,
CEBPB,LPIN2,liver,"CEBPB IP | FORSK - HepG2 cells, CEBPB ChIP-Seq - HepG2, CEBPB IP - HepG2 cells",,,
FORSK,LPIN2,liver,CEBPB IP | FORSK - HepG2 cells,,,
REST,LPIN2,cns,"REST IP - PFSK1 cells, Rep 2",,,
USF2,LPIN2,stemcells,USF2 IP - H1 cells,,,
SP1,LPIN2,liver,SP1 IP - HepG2 cells,,,
MAFF,LPIN2,liver,MAFF IP - HepG2 cells,,,
ARNT,LPIN2,kidney,ARNT IP | HIF1A OE,,,
HIF1A,LPIN2,kidney,ARNT IP | HIF1A OE,,,
TBP,LPIN2,liver,TBP IP - HepG2 cells,,,
USF1,LPIN2,uterus,USF1 IP - ECC1 cells,,,
USF1,LPIN2,leukocytes,"USF1 IP - GM12878 cells, USF1 IP - K562 cells",,,
TCF7L2,LPIN2,uterus,TCF7L2 IP - HeLa cells,,,
ZBTB17,LPIN2,bone,"ZBTB17 IP, ZBTB17 IP",,,
ZNF384,LPIN2,leukocytes,"ZNF384 IP - GM12878 cells, ZNF384 IP - K562 cells",,,
SATB1,LPIN2,liver,SATB1 IP,,,
AR,LPIN2,prostate,"WT AR OE + FOXA1 OE | FOXA1 ChIP-Seq - high FOXA1, AR C562S OE + FOXA1 OE | FOXA1 ChIP-Seq",,,
JUN,LPIN2,leukocytes,"JUN IP - K562 cells, Rep 2, JUN IP | IFNG - K562 cells, 6 h, JUN IP | IFNG - K562 cells, 30 min, JUN IP - K562 cells, Rep 1",,,
MAZ,LPIN2,leukocytes,"MAZ IP - K562 cells, MAZ IP - GM12878 cells",,,
HEY1,LPIN2,leukocytes,HEY1 IP - K562 cells,,,
STAT5B,LPIN2,leukocytes,STAT5B IP | IL2 - Rep 2,,,
IL2,LPIN2,leukocytes,STAT5B IP | IL2 - Rep 2,,,
CEBPA,LPIN2,leukocytes,"CEBPA IP | RUNX1 KD, CEBPA IP",,,
RUNX1,LPIN2,leukocytes,"CEBPA IP | RUNX1 KD, RUNX1 IP, SPI1 IP | RUNX1 KD",,,
JUND,LPIN2,colon,JUND IP - HCT116 cells,,,
MAZ,LPIN2,lung,MAZ IP - IMR cells,,,
NFKB1,LPIN2,leukocytes,NFKB1 IP - Rep 2,,,
CEBPB,LPIN2,bone,"CEBPB IP, CEBPB IP",,,
USF1,LPIN2,colon,USF1 IP - HCT116 cells,,,
JUND,LPIN2,liver,"JUND IP - HepG2 cells, JUND IP - HepG2 cells",,,
E2F4,LPIN2,mammarygland,E2F4 IP | 4HT - MCF10 cells,,,
E2F1,LPIN2,mammarygland,"E2F1 IP, E2F1 IP - MCF7 cells",,,
STAT3,LPIN2,uterus,STAT3 IP - HeLa cells,,,
ZBTB7A,LPIN2,liver,ZBTB7A IP - HepG2 cells,,,
TP53,LPIN2,mammarygland,TP53 IP,,,
CREB1,LPIN2,lung,CREB1 IP | DEX - A549 cells,,,
DEX,LPIN2,lung,"CREB1 IP | DEX - A549 cells, CTCF IP | DEX - A549 cells , USF1 IP | DEX - A549 cells",,,
CEBPB,LPIN2,uterus,"CEBPB ChIP-Seq - HeLaS3, CEBPB IP - ECC1 cells",,,
CTCF,LPIN2,skin,"CTCF IP - GM12878 cells, Rep 2 ",,,
ATF3,LPIN2,stemcells,ATF3 IP - H1 cells,,,
TEAD4,LPIN2,leukocytes,TEAD4 IP - K562 cells,,,
ELF3,LPIN2,pancreas,"ELF3 IP, ELF3 IP",,,
RUNX1,LPIN2,hspcs,"RUNX1, RUNX1 IP",,,
CREB1,LPIN2,liver,CREB1 IP - HepG2 cells,,,
MAFK,LPIN2,leukocytes,MAFK IP - GM12878 cells,,,
MYC,LPIN2,uterus,MYC IP - HeLa cells,,,
FOS,LPIN2,uterus,FOS IP - HeLa cells,,,
CTCF,LPIN2,lung,"CTCF IP | DEX - A549 cells , CTCF IP - A549 cells ",,,
MAX,LPIN2,vasculature,MAX IP - HUVEC cells,,,
DHT,LPIN2,prostate,DHT | FOXA1 ChIP-Seq,,,
EGR1,LPIN2,uterus,EGR1 IP - ECC1 cells,,,
ARNTL,LPIN2,bone,ARNTL IP,,,
JUN,LPIN2,mammarygland,"JUN IP, JUN IP | DEX, JUN IP | CPDA, JUN IP - Rep 1, JUN IP - Rep 2",,,
HEY1,LPIN2,stemcells,HEY1 IP - HUES64 ,,,
TEAD4,LPIN2,mammarygland,TEAD4 IP - Rep 1,,,
DEX,LPIN2,mammarygland,"JUN IP | DEX, DEX | FOXA1 ChIP-Seq - Rep 1, DEX | FOXA1 ChIP-Seq - Rep 2",,,
ARID3A,LPIN2,liver,ARID3A IP - HepG2 cells,,,
ELF1,LPIN2,leukocytes,"ELF1 IP - SK-N-SH cells, ELF1 IP - SK-N-SH cells",,,
FOS,LPIN2,leukocytes,FOS IP - K562 cells,,,
E2F4,LPIN2,leukocytes,E2F4 IP - K562 cells,,,
JUN,LPIN2,uterus,JUN IP - HeLa cells,,,
RUNX1T1,LPIN2,leukocytes,RUNX1T1 IP,,,
RELA,LPIN2,adiposetissue,RELA IP,,,
SP1,LPIN2,leukocytes,SP1 IP - GM12878 cells,,,
GATA3,LPIN2,mammarygland,"GATA3 IP - T47D cells, GATA3 IP - MCF7 cells",,,
FOSL1,LPIN2,leukocytes,FOSL1 IP - K562 cells,,,
MAX,LPIN2,cns,MAX IP - SK-N-SH cells,,,
REST,LPIN2,leukocytes,"REST IP - HL60 cells, REST IP - K562 cells",,,
GATA2,LPIN2,cns,GATA2 ChIP-Seq SH-SY5Y,,,
TBP,LPIN2,uterus,TBP IP - HeLa cells,,,
EGR1,LPIN2,colon,EGR1 IP - HCT116 cells,,,
FOXM1,LPIN2,leukocytes,FOXM1 IP - GM12878 cells,,,
TCF12,LPIN2,cns,TCF12 IP - SK-N-SH cells,,,
YY1,LPIN2,liver,YY1 IP - HepG2 cells,,,
TCF12,LPIN2,uterus,TCF12 IP - ECC1 cells,,,
KLF5,LPIN2,stomach,KLF5 IP - KATOIII,,,
PBX3,LPIN2,cns,PBX3 IP - SK-N-SH cells,,,
LYL1,LPIN2,leukocytes,LYL1 IP - Kasumi-1,,,
ATRA,LPIN2,cns,USF1 IP | ATRA - SK-N-SH cells,,,
CREB1,LPIN2,stemcells,CREB1 IP - H1 cells,,,
USF1,LPIN2,liver,USF1 IP - HepG2 cells,,,
KLF11,LPIN2,adiposetissue,"KLF11 ChIP-Seq, Rep 2, ROSI (BrAT) | KLF11 ChIP-Seq, Rep 2",,,
GATA2,LPIN2,hspcs,GATA2 IP,,,
HEY1,LPIN2,liver,HEY1 IP - HepG2 cells,,,
ROSI,LPIN2,adiposetissue,"ROSI (BrAT) | KLF11 ChIP-Seq, Rep 2",,,
ETV4,LPIN2,prostate,ETV4 IP,,,
FOSL1,LPIN2,mammarygland,FOSL1 IP,,,
GATA3,LPIN2,cns,GATA3 IP - SK-N-SH cells,,,
MAFK,LPIN2,liver,"MAFK IP - HepG2 cells, Rep 1, MAFK IP - HepG2 cells, Rep 2",,,
CPDA,LPIN2,mammarygland,JUN IP | CPDA,,,
CEBPB,LPIN2,mammarygland,CEBPB IP - MCF7 cells,,,
FOSL2,LPIN2,lung,FOSL2 IP - A549 cells,,,
ELF1,LPIN2,colon,ELF1 IP - HCT116 cells,,,
USF1,LPIN2,stemcells,USF1 IP - H1 cells,,,
MXI1,LPIN2,liver,MXI1 IP - HepG2 cells,,,
FOSL2,LPIN2,liver,FOSL2 IP - HepG2 cells,,,
TNF,LPIN2,leukocytes,RELA IP | TNF - GM12891 cells,,,
EBF1,LPIN2,leukocytes,EBF1 IP - GM12878 cells,,,
MAZ,LPIN2,uterus,MAZ IP - HeLa cells,,,
JUN,LPIN2,liver,JUN IP - HepG2 cells,,,
IRF1,LPIN2,leukocytes,"IRF1 IP | IFNG - K562 cells, 6 h, IRF1 IP - Rep 3",,,
MXI1,LPIN2,uterus,MXI1 IP - HeLa cells,,,
MXI1,LPIN2,lung,MXI1 IP - IMR cells,,,
HIF1A,LPIN2,bone,HIF1A IP,,,
ZNF143,LPIN2,stemcells,ZNF143 IP - H1 cells,,,
TP53,LPIN2,lung,"TP53 IP - propapoptic, Rep 1",,,
E2F6,LPIN2,stemcells,E2F6 IP - H1 cells,,,
HMGN3,LPIN2,leukocytes,HMGN3 IP - K562 cells,,,
SIX2,LPIN2,kidney,"SIX2 IP - 17 weeks, Rep 1",,,
MXI1,LPIN2,cns,MXI1 IP - SK-N-SH cells ,,,
FOXA1,LPIN2,lung,FOXA1 IP - A549 cells,,,
FOXA2,MOGAT1,embryonictissue,FOXA2 IP - Rep 2,,,
SPI1,MOGAT1,leukocytes,"SPI1 IP, SPI1 IP - U-937 cells, Rep 3 , SPI1 IP, SPI1 IP, SPI1 IP | RUNX1 KD, SPI1 IP, SPI1 IP - U-937 cells, Rep 6 , SPI1 IP, SPI1 IP - U-937 cells, Rep 2 , SPI1 IP - U-937 cells, Rep 4 , SPI1 IP, SPI1 IP, SPI1 IP - U-937 cells, Rep 1 , SPI1 IP, SPI1 IP, SPI1 IP - HL cells",,,
KLF11,MOGAT1,adiposetissue,"KLF11 ChIP-Seq, Rep 1, ROSI (BrAT) | KLF11 ChIP-Seq, Rep 1, KLF11 ChIP-Seq, Rep 2, ROSI (BrAT) | KLF11 ChIP-Seq, Rep 2",,,
GATA2,MOGAT1,leukocytes,GATA2 IP - K562 cells,,,
ZBTB7A,MOGAT1,uterus,ZBTB7A IP - ECC1 cells,,,
MAX,MOGAT1,liver,"MAX IP - HepG2 cells, MAX IP - HepG2 cells",,,
CEBPB,MOGAT1,liver,"CEBPB ChIP-Seq - HepG2, CEBPB IP - HepG2 cells, CEBPB IP | FORSK - HepG2 cells",,,
SP1,MOGAT1,stemcells,SP1 IP - H1 cells,,,
HEY1,MOGAT1,liver,HEY1 IP - HepG2 cells,,,
CTCF,MOGAT1,liver,"CTCF IP - SK-N-SH cells, CTCF IP - HepG2 cells, Rep 1 , CTCF IP - HepG2 cells ",,,
CTCF,MOGAT1,vasculature,"CTCF IP - HUVEC cells , CTCF IP - HBMEC cells, Rep 2 , CTCF IP - HBMEC cells, Rep 1 , CTCF IP - HPAF cells, Rep 1 , CTCF IP - HUVEC cells, Rep 1 ",,,
CEBPB,MOGAT1,stemcells,"CEBPB IP, CEBPB IP, CEBPB IP, CEBPB IP, CEBPB IP",,,
TEAD4,MOGAT1,stemcells,TEAD4 IP - H1 cells,,,
FOXA1,MOGAT1,prostate,"FOXA1 ChIP-Seq - Rep 2, R1881 | FOXA1 ChIP-Seq - Rep 1, CREB1 siRNA | FOXA1 ChIP-Seq - Rep 1, CON KD + R1881 | FOXA1 ChIP-Seq - Rep 1, PIAS1 + R1881 | FOXA1 ChIP-Seq - Rep 2, CON KD + R1881 | FOXA1 ChIP-Seq - Rep 2, FOXA1 ChIP-Seq, PIAS1 + R1881 | FOXA1 ChIP-Seq - Rep 1, WT AR OE + FOXA1 OE | FOXA1 ChIP-Seq - high FOXA1, FOXA1 ChIP-Seq - Rep 1, DHT | FOXA1 ChIP-Seq, AR C562S OE + FOXA1 OE | FOXA1 ChIP-Seq, CREB1 siRNA | FOXA1 ChIP-Seq - Rep 2",,,
R1881,MOGAT1,prostate,"R1881 | FOXA1 ChIP-Seq - Rep 1, CON KD + R1881 | FOXA1 ChIP-Seq - Rep 1, PIAS1 + R1881 | FOXA1 ChIP-Seq - Rep 2, CON KD + R1881 | FOXA1 ChIP-Seq - Rep 2, PIAS1 + R1881 | FOXA1 ChIP-Seq - Rep 1",,,
CREB1,MOGAT1,prostate,"CREB1 siRNA | FOXA1 ChIP-Seq - Rep 1, CREB1 siRNA | FOXA1 ChIP-Seq - Rep 2",,,
ELF1,MOGAT1,liver,ELF1 IP - HepG2 cells,,,
CTCF,MOGAT1,kidney,"CTCF IP - RPTEC cells, Rep 1 , CTCF IP - HEK293 cells, Rep 1 , CTCF IP - HEK293 cells, Rep 2 ",,,
REST,MOGAT1,leukocytes,"REST IP - K562 cells, REST IP - HL60 cells, REST IP - Jurkat cells, Rep 11 , REST IP - GM12878 cells, Rep 14 ",,,
CEBPB,MOGAT1,lung,"CEBPB ChIP-Seq - A549, CEBPB ChIP-Seq - IMR90",,,
REST,MOGAT1,mammarygland,REST IP - MCF7 cells,,,
ZBTB7A,MOGAT1,liver,ZBTB7A IP - HepG2 cells,,,
CTCF,MOGAT1,sensory,"CTCF IP - WERI , CTCF IP - HRPEpiC cells, Rep 1 ",,,
CTCF,MOGAT1,stemcells,"CTCF IP - Rep 1 , CTCF IP - H1 cells, CTCF IP - H1 cells , CTCF IP - Rep 6 ",,,
FOXA2,MOGAT1,stemcells,"FOXA2 IP - ES D7, FOXA2 IP - ES D5",,,
CTCF,MOGAT1,cns,"CTCF IP - HCPEpiC cells, Rep 2 , CTCF IP - cerebellar astrocyte cells, Rep 2 , CTCF IP - HCPEpiC cells, Rep 1 , CTCF IP - BE(2)-C cells, Rep 1 , CTCF IP - SK-N-SH cells, Rep 1 , CTCF IP - BE(2)-C cells, Rep 2 ",,,
MYBL2,MOGAT1,liver,MYBL2 IP - HepG2 cells,,,
STAT1,MOGAT1,leukocytes,"STAT1 IP - Rep 4, STAT1 IP - Rep 3, STAT1 IP - Rep 5, STAT1 IP - Rep 2",,,
IFNG,MOGAT1,leukocytes,"STAT1 IP - Rep 4, STAT1 IP - Rep 3, IRF1 IP - Rep 1, MYC IP | IFNG - K562 cells, 30 min, STAT1 IP - Rep 5, STAT1 IP - Rep 2",,,
ERG,MOGAT1,prostate,DHT | ERG ChIP-Seq - 18 h,,,
DHT,MOGAT1,prostate,"DHT | ERG ChIP-Seq - 18 h, DHT | FOXA1 ChIP-Seq",,,
TEAD4,MOGAT1,leukocytes,TEAD4 IP - K562 cells,,,
FOXH1,MOGAT1,embryonictissue,FOXH1 IP - endoderm,,,
USF1,MOGAT1,stemcells,USF1 IP - H1 cells,,,
NANOG,MOGAT1,stemcells,NANOG IP - H1 cells,,,
FOXA1,MOGAT1,liver,"FOXA1 IP - HepG2 cells, Rep 2, FOXA1 IP - HepG2 cells, Rep 1",,,
ASCL1,MOGAT1,skin,ASCL1 IP - NHDF,,,
CEBPB,MOGAT1,leukocytes,"CEBPB IP, CEBPB IP, CEBPB IP, CEBPB IP - HL-60 cells, Rep 2 , CEBPB IP, CEBPB IP - HL-60 cells, Rep 1 ",,,
PIAS1,MOGAT1,prostate,"PIAS1 + R1881 | FOXA1 ChIP-Seq - Rep 2, PIAS1 + R1881 | FOXA1 ChIP-Seq - Rep 1",,,
MAX,MOGAT1,leukocytes,"MAX IP - K562 cells, Rep 2, MAX IP - NB4 cells, MAX IP - K562 cells, Rep 1, MAX IP - K562 cells",,,
USF1,MOGAT1,leukocytes,USF1 IP - K562 cells,,,
MAX,MOGAT1,lung,MAX IP - A549 cells,,,
REST,MOGAT1,cns,"REST IP - SK-N-SH cells, REST IP - PFSK1 cells, Rep 2, REST IP - SK cells, REST IP - PFSK-N-SH cells1 cells, Rep 1",,,
REST,MOGAT1,stemcells,"REST IP - H1 cells, Rep 2",,,
YY1,MOGAT1,liver,YY1 IP - HepG2 cells,,,
E2F6,MOGAT1,leukocytes,"E2F6 IP - K562 cells, E2F6 IP - K562 cells",,,
TP73,MOGAT1,bone,"TP73 IP - beta isoform, Rep 2",,,
CREB1,MOGAT1,liver,"CREB1 IP, CREB1 IP - HepG2 cells",,,
RELA,MOGAT1,adiposetissue,"RELA IP, RELA IP",,,
CTCF,MOGAT1,colon,"CTCF IP - Caco-2 cells, Rep 1 , CTCF IP - HCT116 cells, Rep 1 , CTCF IP - Caco ",,,
REST,MOGAT1,uterus,"REST IP - ECC1 cells, REST IP - SK-N-SH cells",,,
RUNX1,MOGAT1,leukocytes,SPI1 IP | RUNX1 KD,,,
USF2,MOGAT1,stemcells,USF2 IP - H1 cells,,,
MYC,MOGAT1,liver,MYC IP,,,
TEAD4,MOGAT1,uterus,TEAD4 IP - ECC1 cells,,,
IRF1,MOGAT1,leukocytes,IRF1 IP - Rep 1,,,
REST,MOGAT1,pancreas,"REST IP - PANC1 cells, Rep 1",,,
REST,MOGAT1,lung,REST IP - A549 cells,,,
ROSI,MOGAT1,adiposetissue,"ROSI (BrAT) | KLF11 ChIP-Seq, Rep 1, ROSI (BrAT) | KLF11 ChIP-Seq, Rep 2",,,
ELF3,MOGAT1,pancreas,"ELF3 IP, ELF3 IP | KLF5 KO",,,
MYC,MOGAT1,leukocytes,"MYC IP - K562 cells, Rep 1, MYC IP | IFNG - K562 cells, 30 min",,,
TBP,MOGAT1,liver,TBP IP - HepG2 cells,,,
CTCF,MOGAT1,leukocytes,"CTCF IP - GM12891 cells, Rep 2 , CTCF IP - K562 cells, Rep 12 ",,,
CREB1,MOGAT1,stemcells,CREB1 IP - H1 cells,,,
TEAD4,MOGAT1,liver,TEAD4 IP - HepG2 cells,,,
LYL1,MOGAT1,leukocytes,LYL1 IP - HL-60,,,
E2F6,MOGAT1,stemcells,E2F6 IP - H1 cells,,,
AR,MOGAT1,prostate,"WT AR OE + FOXA1 OE | FOXA1 ChIP-Seq - high FOXA1, AR C562S OE + FOXA1 OE | FOXA1 ChIP-Seq",,,
USF1,MOGAT1,colon,USF1 IP - HCT116 cells,,,
TCF12,MOGAT1,uterus,TCF12 IP - ECC1 cells,,,
REST,MOGAT1,liver,"REST IP - HepG2 cells, Rep 1, REST IP - HepG2 cells, Rep 2",,,
MAX,MOGAT1,uterus,MAX IP - ECC1 cells,,,
CTCF,MOGAT1,skeletalmuscle,"CTCF IP - HSMM cells, Rep 2 ",,,
TAL1,MOGAT1,leukocytes,TAL1 IP - K562 cells,,,
GABPA,MOGAT1,stemcells,GABPA IP - H1 cells,,,
YY1,MOGAT1,stemcells,YY1 IP - H1 cells,,,
FOXA2,MOGAT1,liver,FOXA2 IP - HepG2 cells,"19822575,",,
KLF5,MOGAT1,pancreas,ELF3 IP | KLF5 KO,,,
CTCF,MOGAT1,bone,CTCF IP - Osteoblasts ,,,
MAX,MOGAT1,stemcells,"MAX IP - H1 cells, MAX IP - H1 cells",,,
MXI1,MOGAT1,liver,MXI1 IP - HepG2 cells,,,
SATB1,MOGAT1,liver,SATB1 IP,,,
ZNF263,MOGAT1,kidney,ZNF263 IP - HEK293 cells,,,
JUND,MOGAT1,leukocytes,JUND IP - K562 cells,,,
MAX,MOGAT1,cns,MAX IP - SK-N-SH cells,,,
GABPA,MOGAT1,liver,GABPA IP - HepG2 cells,,,
GATA4,MOGAT1,stemcells,GATA4 IP - Rep 10 ,,,
JUND,MOGAT1,stemcells,JUND IP - H1 cells,,,
GATA1,MOGAT1,leukocytes,GATA1 ChIP-Seq - SC266,,,
FORSK,MOGAT1,liver,CEBPB IP | FORSK - HepG2 cells,,,
MYC,MOGAT1,mammarygland,DHT | MYC ChIP-Seq,,,
DHT,MOGAT1,mammarygland,DHT | MYC ChIP-Seq,,,
ZEB1,MOGAT1,liver,ZEB1 IP - HepG2 cells,,,
GATA4,MOGAT1,stomach,GATA4 IP - AGS,,,
USF1,MOGAT1,liver,USF1 IP - HepG2 cells,,,
CTCF,MOGAT1,heart,CTCF IP - HCF cells ,,,
SREBF1,MOGAT1,liver,SREBF1 IP | INS + 22RHC - HepG2 cells,,,
22RHC; INS,MOGAT1,liver,SREBF1 IP | INS + 22RHC - HepG2 cells,,,
SP1,MOGAT1,liver,SP1 IP - HepG2 cells,,,
CEBPB,MOGAT1,colon,CEBPB IP | 125DVD3,,,
125DVD3,MOGAT1,colon,CEBPB IP | 125DVD3,,,
MXI1,MOGAT1,cns,MXI1 IP - SK-N-SH cells ,,,
TBP,MOGAT1,stemcells,TBP IP - H1 cells,,,
CTCF,MOGAT2,leukocytes,"CTCF IP - K562 cells, Rep 2 , CTCF IP -  DND , CTCF IP - GM19238 cells, Rep 2 , CTCF IP - GM12871 cells , CTCF IP - K562 cells , CTCF IP - F36P cells, Rep 14 , CTCF IP - GM12872 cells, Rep 1 , CTCF IP - GM07037 cells, CTCF IP - GM12878 cells, Rep 2 , CTCF IP - GM12006 cells, Rep 2, CTCF IP - GM12749 cells, Rep 1, CTCF IP - GM2255 cells, Rep 3 , CTCF IP - GM10847 cells, Rep 1 , CTCF IP - GM07346 cells, CTCF IP - HL , CTCF IP - GM11994 cells, Rep 2, CTCF IP - GM12864 cells, Rep 2 , CTCF IP - GM18526 cells, Rep 1 , CTCF IP - GM19193 cells, Rep 2 , CTCF IP, CTCF IP - GM12154 cells, Rep 2, CTCF IP - CD14+ cells , CTCF IP - F36P cells, Rep 10 , CTCF IP - GM19193 cells, Rep 1 , CTCF IP - GM12489 cells, Rep 2, CTCF IP - F36P cells, Rep 2 , CTCF IP - K562 cells, Rep 12 , CTCF IP - GM12892 cells, Rep 2 , CTCF IP - GM12155 cells, Rep 1, CTCF IP - K562 cells, Rep 13 , CTCF IP - GM06990 cells, Rep 2 , CTCF IP - UT-7 cells, Rep 6 , CTCF IP - GM12874 cells, Rep 1 , CTCF IP - HL-60 cells, Rep 9 , CTCF IP - GM12872 cells, CTCF IP - U-937 cells, Rep 2 , CTCF IP - K562 cells, Rep 1 , CTCF IP - GM19099 cells, Rep 2 , CTCF IP - GM12801 cells , CTCF IP - GM19099 cells, Rep 1 , CTCF IP - K562 cells, Rep 11 , CTCF IP - GM19239 cells, Rep 2 , CTCF IP - UT-7 cells, Rep 3 , CTCF IP - GM12869 cells , CTCF IP - KU812 cells, Rep 17 , CTCF IP - GM12865 cells, Rep 3 , CTCF IP - GM11831 cells, CTCF IP - GM10847 cells, Rep 2 , CTCF IP - GM18505 cells, Rep 1 , CTCF IP - KU812 cells, Rep 13 , CTCF IP - GM12874 cells, CTCF IP - GM12878 cells, Rep 1 , CTCF IP - UT-7 cells, Rep 5 , CTCF IP - K562 cells, Rep 1 , CTCF IP - GM11994 cells, Rep 1, CTCF IP - GM19239 cells, Rep 1 , CTCF IP - GM12815 cells, Rep 1, CTCF IP - GM06990 cells, Rep 1 , CTCF IP - F36P cells, Rep 15 , CTCF IP - GM12865 cells, Rep 2 , CTCF IP - GM19238 cells, Rep 1 , CTCF IP - GM12154 cells, Rep 1, CTCF IP - GM11992 cells, Rep 2, CTCF IP - GM12890 cells, Rep 2 , CTCF IP - GM2255 cells, Rep 1 , CTCF IP - F36P cells, Rep 6 , CTCF IP - GM2610 cells, Rep 2 , CTCF IP - GM12864 cells, Rep 1 , CTCF IP - F36P cells, Rep 5 , CTCF IP - GM11992 cells, Rep 1, CTCF IP - F36P cells, Rep 9 , CTCF IP - GM12878 cells, Rep 2 , CTCF IP - GM19240 cells, Rep 2 , CTCF IP - GM12873 cells, Rep 3 , CTCF IP - GM12875 cells, Rep 1 , CTCF IP - UT-7 cells, Rep 4 , CTCF IP - GM12873 cells, Rep 1 , CTCF IP - GM12872 cells, Rep 2 , CTCF IP - GM18486 cells, Rep 2 , CTCF IP - GM18526 cells, Rep 2 , CTCF IP - GM18505 cells, Rep 2 , CTCF IP - GM18486 cells, Rep 1 , CTCF IP - HL-60 cells, Rep 7 , CTCF IP - GM12864 cells, Rep 3 , CTCF IP - K562 cells, Rep 9 , CTCF IP - GM12865 cells, Rep 1 , CTCF IP - GM12006 cells, Rep 1, CTCF IP - GM11811 cells, Rep 2, CTCF IP - GM12868 cells , CTCF IP - KU812 cells, Rep 1 , CTCF IP - GM18951 cells, Rep 2 , CTCF IP - U-937 cells, Rep 1 , CTCF IP - GM18951 cells, Rep 1 , CTCF IP - GM12874 cells, Rep 2 , CTCF IP - GM12892 cells, Rep 1 , CTCF IP - K562 cells, Rep 5 , CTCF IP - GM2610 cells, Rep 1 , CTCF IP - F36P cells, Rep 1 , CTCF IP - KU812 cells, Rep 9 , CTCF IP - GM2588 cells, Rep 3 , CTCF IP - MS1 cells, Rep 2 , CTCF IP - GM11918 cells, Rep 1, CTCF IP - GM12878 cells , CTCF IP - GM12815 cells, Rep 2, CTCF IP - GM2630 cells, Rep 3 , CTCF IP - F36P cells, Rep 7 , CTCF IP - K562 cells, Rep 16 , CTCF IP - GM12814 cells, Rep 1, CTCF IP - GM12890 cells, Rep 3 , CTCF IP - K562 cells, CTCF IP - MS1 cells, Rep 1 , CTCF IP - GM12891 cells, Rep 2 , CTCF IP - F36P cells, Rep 11 , CTCF IP - GM12866 cells , CTCF IP - GM11881 cells, CTCF IP - F36P cells, Rep 3 , CTCF IP - GM2630 cells, Rep 1 , CTCF IP - GM06986 cells, CTCF IP - GM19240 cells, Rep 1 , CTCF IP - GM2610 cells, Rep 3 , CTCF IP - GM12890 cells, Rep 1 , CTCF IP - GM12005 cells, Rep 1, CTCF IP - GM18486 cells, Rep 3 , CTCF IP - GM12878 cells, Rep 1 , CTCF IP - GM12873 cells, Rep 1 , CTCF IP - GM11894 cells, Rep 2, CTCF IP - GM12870 cells , CTCF IP - GM12867 cells , CTCF IP - F36P cells, Rep 17 , CTCF IP - GM2588 cells, Rep 1 , CTCF IP - K562 cells, Rep 14 , CTCF IP - GM12155 cells, Rep 2, CTCF IP - GM12872 cells, Rep 3 , CTCF IP - GM12005 cells, Rep 2, CTCF IP - F36P cells, Rep 19 , CTCF IP - GM12828 cells, CTCF IP - K562 cells, CTCF IP - F36P cells, Rep 13 , CTCF IP - GM12875 cells, Rep 2 , CTCF IP - GM11811 cells, Rep 1, CTCF IP - GM12234 cells, CTCF IP - GM2630 cells, Rep 2 , CTCF IP - GM12287 cells, Rep 1, CTCF IP - MS1 cells, Rep 3 , CTCF IP - NB4 cells , CTCF IP - KU812 cells, Rep 5 , CTCF IP - GM12489 cells, Rep 1, CTCF IP - GM12814 cells, Rep 2, CTCF IP - GM2255 cells, Rep 2 , CTCF ChIP-Seq - GM12878, CTCF IP - K562 cells, Rep 15 , CTCF IP - GM12891 cells, Rep 1 , CTCF IP - MS1 cells, Rep 4 , CTCF IP - GM12749 cells, Rep 2, CTCF IP -  CD20+ cells , CTCF IP - HeLa cells, Rep 2 , CTCF IP - GM2588 cells, Rep 2 ",,,
TCF12,MOGAT2,lung,TCF12 IP - A549 cells,,,
CREB1,MOGAT2,liver,"CREB1 IP, CREB1 IP - HepG2 cells",,,
MAX,MOGAT2,leukocytes,"MAX IP - K562 cells, Rep 2, MAX IP - NB4 cells, MAX IP - K562 cells",,,
ETS1,MOGAT2,leukocytes,ETS1 IP,,,
GABPA,MOGAT2,liver,"GABPA IP, GABPA IP - HepG2 cells, GABPA IP",,,
CTCF,MOGAT2,lung,"CTCF ChIP-Seq - A549, CTCF IP - A549 cells, CTCF IP - A549 cells, Rep 2 , CTCF IP - NHLF cells , CTCF IP - NHLF cells , CTCF IP - SAEC cells, Rep 1 , CTCF IP - WI-38 cells, Rep 2 , CTCF IP | DEX - A549 cells , CTCF IP - SAEC cells, Rep 2 , CTCF IP - A549 cells , CTCF IP - WI-38 cells, Rep 1 , CTCF IP - A549 cells, Rep 1 , CTCF IP - HPF cells, Rep 1 , CTCF IP | DEX - A549 cells, CTCF IP - AG04450 cells, Rep 1 , CTCF IP - IMR cells, CTCF IP - AG04450 cells, Rep 2 , CTCF IP - HPF cells, Rep 2 ",,,
CTCF,MOGAT2,skin,"CTCF IP - AG04449 cells, Rep 2 , CTCF IP - NHEK cells, Rep 2 , CTCF IP - BJ cells, Rep 2 , CTCF IP - AG09309 cells, Rep 1 , CTCF IP - NHDF cells, Rep 2 , CTCF IP - NHEK cells , CTCF IP - BJ cells, Rep 1 , CTCF IP - NHDF cells , CTCF IP - HFFC cells, Rep 1 , CTCF IP - NHDF cells, Rep 1 , CTCF IP - HFFC cells, Rep 2 , CTCF IP - HFFC cells, Rep 3 , CTCF IP - AG10803 cells, Rep 1 , CTCF IP - GM12878 cells, Rep 2 , CTCF IP - AG09309 cells, Rep 2 , CTCF IP - AG10803 cells, Rep 2 , CTCF IP - AG04449 cells, Rep 1 ",,,
CTCF,MOGAT2,uterus,"CTCF IP - HeLa cells, Rep 1 , CTCF IP - ECC1 cells, CTCF IP - HeLa cells ",,,
CTCF,MOGAT2,colon,"CTCF IP - Rep 2 , CTCF IP - Rep 1 , CTCF IP - HCT116 cells, CTCF IP - Rep 3 , CTCF IP - Caco , CTCF IP - Caco-2 cells, Rep 1 , CTCF IP - HCT116 cells, Rep 1 , CTCF IP - HCT116 cells, Rep 2 ",,,
CTCF,MOGAT2,cns,"CTCF IP - BE(2)-C cells, Rep 1 , CTCF IP - SK cells, CTCF IP - spinal cord astrocyte cells, Rep 2 , CTCF IP - cerebellar astrocyte cells, Rep 2 , CTCF IP - HCPEpiC cells, Rep 1 , CTCF IP - BE(2)-C cells, Rep 2 , CTCF IP - HCPEpiC cells, Rep 2 , CTCF IP - SK-N-SH cells, Rep 2 , CTCF IP - cerebellar astrocyte cells, Rep 1 , CTCF IP - NHA cells , CTCF IP - SK-N-SH cells, Rep 1 , CTCF IP - spinal cord astrocyte cells, Rep 1 , CTCF IP - SK-N-SH cells ",,,
CEBPB,MOGAT2,stemcells,"CEBPB IP, CEBPB IP, CEBPB IP, CEBPB IP",,,
CTCF,MOGAT2,skeletalmuscle,"CTCF IP - HSMM cells, Rep 1 , CTCF IP - HSMM cells, Rep 2 ",,,
REST,MOGAT2,cns,"REST IP - SK-N-SH cells, REST IP - SK cells",,,
ERG,MOGAT2,prostate,"DHT | ERG ChIP-Seq - 18 h, DHT | ERG ChIP-Seq - 2 h, ERG IP | R1881, ERG ChIP-Seq, DMSO | ERG ChIP-Seq - Rep 2",,,
DHT,MOGAT2,prostate,"DHT | ERG ChIP-Seq - 18 h, DHT | ERG ChIP-Seq - 2 h, DHT | FOXA1 ChIP-Seq, POU2F1 KD + DHT | FOXA1 ChIP-Seq, DHT | FOXA1 ChIP-Seq, DHT | FOXA1 ChIP-Seq, DHT | FOXP1 ChIP-Seq, DHT | FOXA1 ChIP-Seq, DHT | RUNX1 ChIP-Seq",,,
GATA2,MOGAT2,cns,GATA2 ChIP-Seq SH-SY5Y,,,
CTCF,MOGAT2,hspcs,"CTCF IP - HSPCs, Rep 2, CTCF IP - HEL 92.1.7 cells, Rep 4 , CTCF IP - Erythroid cells, Rep 1, CTCF IP - HEL 92.1.7 cells, Rep 11 , CTCF IP - HSPCs, Rep 1, CTCF IP - HEL 92.1.7 cells, Rep 8 , CTCF IP - HEL 92.1.7 cells, Rep 14 , CTCF IP - HEL 92.1.7 cells, Rep 5 , CTCF IP - Erythroid cells, Rep 2, CTCF IP - HEL 92.1.7 cells, Rep 7 , CTCF IP - HEL 92.1.7 cells, Rep 13 , CTCF IP - HEL 92.1.7 cells, Rep 2 ",,,
MYBL2,MOGAT2,liver,MYBL2 IP - HepG2 cells,,,
CTCF,MOGAT2,esophagus,"CTCF IP - HEEpiC cells, Rep 2 , CTCF IP - HEEpiC cells, Rep 1 ",,,
CTCF,MOGAT2,megakaryocytelineage,"CTCF IP - MEG-01 cells, Rep 4 , CTCF IP - MEG-01 cells, Rep 10 , CTCF IP - MEG-01 cells, Rep 8 , CTCF IP - MEG-01 cells, Rep 6 , CTCF IP - MEG-01 cells, Rep 2 ",,,
CTCF,MOGAT2,stemcells,"CTCF IP - Rep 3 , CTCF IP - Rep 7 , CTCF IP - H1 cells , CTCF IP - Rep 2 , CTCF IP - Rep 4 , CTCF IP - Rep 6 , CTCF IP - Rep 5 , CTCF IP - Rep 1 , CTCF IP - H1 cells",,,
USF1,MOGAT2,colon,USF1 IP - HCT116 cells,,,
SRF,MOGAT2,stemcells,"SRF IP - Rep 7 , SRF IP - Rep 6 , SRF IP - Rep 1 , SRF IP - Rep 3 ",,,
CTCF,MOGAT2,liver,"CTCF IP - HepG2 cells, Rep 2 , CTCF IP - HepG2 cells, Rep 1 , CTCF IP, CTCF IP - SK-N-SH cells, CTCF IP - HepG2 cells ",,,
JUND,MOGAT2,leukocytes,JUND IP - K562 cells,,,
FOXA1,MOGAT2,prostate,"FOXA1 KD | FOXA1 ChIP-Seq, FOXA1 ChIP-Seq - LNCaP-abl, CON KD + R1881 | FOXA1 ChIP-Seq, PIAS1 + R1881 | FOXA1 ChIP-Seq - Rep 2, DHT | FOXA1 ChIP-Seq, PIAS1 + R1881 | FOXA1 ChIP-Seq - Rep 1, WT AR OE + FOXA1 OE | FOXA1 ChIP-Seq - high FOXA1, FOXA1 ChIP-Seq, CREB1 siRNA | FOXA1 ChIP-Seq - Rep 2, POU2F1 KD + DHT | FOXA1 ChIP-Seq, EtOH | FOXA1 ChIP-Seq - Rep 2, R1881 | FOXA1 ChIP-Seq - Rep 1, CON KD | FOXA1 ChIP-Seq, CON KD + R1881 | FOXA1 ChIP-Seq - Rep 1, CON KD | FOXA1 ChIP-Seq, DHT | FOXA1 ChIP-Seq, DHT | FOXA1 ChIP-Seq, FOXA1 ChIP-Seq, EtOH | FOXA1 ChIP-Seq - , DHT | FOXA1 ChIP-Seq, GATA2 KD + R1881 | FOXA1 ChIP-Seq, FOXA1 ChIP-Seq, R1881 | FOXA1 ChIP-Seq - Rep 2, CON KD + R1881 | FOXA1 ChIP-Seq - Rep 2",,,
MYC,MOGAT2,leukocytes,"MYC IP | IFNG - K562 cells, 30 min, MYC IP | IFNG - K562 cells, 6 h, MYC IP - K562 cells, Rep 1, MYC IP - NB4 cells",,,
IFNG,MOGAT2,leukocytes,"MYC IP | IFNG - K562 cells, 30 min, MYC IP | IFNG - K562 cells, 6 h, IRF1 IP | IFNG - K562 cells, 6 h, IRF1 IP - Rep 3, STAT1 IP - Rep 5, STAT1 IP - Rep 3, STAT1 IP - Rep 2",,,
ZEB1,MOGAT2,liver,ZEB1 IP - HepG2 cells,,,
CREB1,MOGAT2,leukocytes,CREB1 IP - GM12878 cells,,,
CTCF,MOGAT2,vasculature,"CTCF IP - AoAFC cells, Rep 1 , CTCF IP - AoAFC cells, Rep 2 , CTCF IP - HPAF cells, Rep 2 , CTCF IP - HUVEC cells , CTCF IP - HBMEC cells, Rep 2 , CTCF IP - HBMEC cells, Rep 1 , CTCF IP - HUVEC cells, Rep 2 , CTCF IP - HPAF cells, Rep 1 , CTCF IP - HUVEC cells, Rep 1 ",,,
R1881,MOGAT2,prostate,"CON KD + R1881 | FOXA1 ChIP-Seq, PIAS1 + R1881 | FOXA1 ChIP-Seq - Rep 2, PIAS1 + R1881 | FOXA1 ChIP-Seq - Rep 1, ERG IP | R1881, R1881 | FOXA1 ChIP-Seq - Rep 1, CON KD + R1881 | FOXA1 ChIP-Seq - Rep 1, GABPA IP | R1881, GATA2 KD + R1881 | FOXA1 ChIP-Seq, R1881 | FOXA1 ChIP-Seq - Rep 2, CON KD + R1881 | FOXA1 ChIP-Seq - Rep 2",,,
MAX,MOGAT2,uterus,"MAX IP - ECC1 cells, MAX IP - HeLa cells, Rep 2",,,
CTCF,MOGAT2,pancreas,CTCF IP,,,
TCF12,MOGAT2,stemcells,TCF12 IP - H1 cells,,,
CTCF,MOGAT2,kidney,"CTCF IP - RPTEC cells, Rep 2 , CTCF IP - HRE cells, Rep 1 , CTCF IP - HEK293 cells, Rep 2 , CTCF IP - HRE cells, Rep 2 , CTCF IP - HEK293 cells, Rep 1 , CTCF IP - RPTEC cells, Rep 1 ",,,
MAZ,MOGAT2,uterus,MAZ IP - HeLa cells,,,
EGR1,MOGAT2,colon,EGR1 IP - HCT116 cells,,,
CTCF,MOGAT2,mammarygland,"CTCF IP - MCF7 cells, CTCF IP - HMEC cells, Rep 2 , CTCF IP - HMEC cells , CTCF IP - HMF cells, Rep 1 , CTCF IP - HMEC cells, Rep 1 , CTCF IP - MCF-7 cells, Rep 1 , CTCF IP - HMF cells, Rep 2 , CTCF IP - MCF-7 cells Rep 2 , CTCF IP - T47D cells",,,
CTCF,MOGAT2,bone,"CTCF IP, CTCF IP - Osteoblasts ",,,
ZNF143,MOGAT2,stemcells,ZNF143 IP - H1 cells,,,
FOXA2,MOGAT2,liver,FOXA2 IP - HepG2 cells,,,
ZNF384,MOGAT2,leukocytes,ZNF384 IP - K562 cells,,,
PIAS1,MOGAT2,prostate,"PIAS1 + R1881 | FOXA1 ChIP-Seq - Rep 2, PIAS1 + R1881 | FOXA1 ChIP-Seq - Rep 1",,,
TAL1,MOGAT2,megakaryocytelineage,"TAL1 IP - CHRF-288-11 cells, Rep 1 , TAL1 IP - CHRF-288-11 cells, Rep 4 , TAL1 IP - CHRF-288-11 cells, Rep 2 , TAL1 IP - CHRF-288-11 cells, Rep 3 , TAL1 IP - CHRF-288-11 cells, Rep 6 , TAL1 IP - CHRF-288-11 cells, Rep 5 ",,,
MAX,MOGAT2,liver,"MAX IP - MCF7 cells, MAX IP - HepG2 cells, MAX IP - HepG2 cells",,,
ZNF143,MOGAT2,leukocytes,"ZNF143 IP - K562 cells, ZNF143 IP - GM12878 cells",,,
CTCF,MOGAT2,heart,"CTCF IP - HCF cells , CTCF IP - myocytes cells, Rep 2 , CTCF IP - myocytes cells, Rep 1 ",,,
MXI1,MOGAT2,cns,MXI1 IP - SK-N-SH cells ,,,
TP73,MOGAT2,bone,"TP73 IP - alpha isoform, Rep 1",,,
TBP,MOGAT2,liver,TBP IP - HepG2 cells,,,
TP63,MOGAT2,skin,"TP63 IP, TP63 IP | BANF1 KD, TP63 IP, TP63 IP",,,
FOXA1,MOGAT2,liver,"FOXA1 IP - HepG2 cells, Rep 1, FOXA1 IP - HepG2 cells, Rep 2",,,
TEAD4,MOGAT2,stemcells,TEAD4 IP - H1 cells,,,
MAFK,MOGAT2,liver,"MAFK IP - HepG2 cells, Rep 2, MAFK IP - HepG2 cells, Rep 1",,,
BANF1,MOGAT2,skin,TP63 IP | BANF1 KD,,,
IRF1,MOGAT2,leukocytes,"IRF1 IP | IFNG - K562 cells, 6 h, IRF1 IP - Rep 3",,,
RELA,MOGAT2,leukocytes,"RELA IP | TNF - GM19099 cells, RELA IP | TNF - GM12891 cells, RELA IP | TNF - GM10847 cells, RELA IP | TNF - GM18951 cells, RELA IP | TNF - GM18505 cells, RELA IP | TNF - GM12878 cells, RELA IP | TNF - GM19193 cells, RELA IP | TNF - GM12892 cells",,,
CTCF,MOGAT2,miscellaneous,"CTCF IP - AG09319 cells, Rep 2 , CTCF IP - AG09319 cells, Rep 1 ",,,
AR,MOGAT2,prostate,WT AR OE + FOXA1 OE | FOXA1 ChIP-Seq - high FOXA1,,,
JUND,MOGAT2,liver,"JUND IP - HepG2 cells, JUND IP - HepG2 cells",,,
JUND,MOGAT2,colon,JUND IP - HCT116 cells,,,
ZNF143,MOGAT2,uterus,ZNF143 IP - HeLa cells,,,
SP1,MOGAT2,colon,SP1 IP - HCT116 cells,,,
USF1,MOGAT2,leukocytes,USF1 IP - K562 cells,,,
PDX1,MOGAT2,pancreas,PDX1 IP,,,
GATA3,MOGAT2,cns,"GATA3 IP - SHSY5Y cells, GATA3 IP - SK-N-SH cells",,,
CTCF,MOGAT2,sensory,"CTCF IP - WERI-Rb-1- cells, Rep 1 , CTCF IP - HRPEpiC cells, Rep 1 , CTCF IP - WERI , CTCF IP - HRPEpiC cells, Rep 2 ",,,
RELA,MOGAT2,adiposetissue,RELA IP,,,
TNF,MOGAT2,leukocytes,"RELA IP | TNF - GM12891 cells, RELA IP | TNF - GM10847 cells, RELA IP | TNF - GM18951 cells, RELA IP | TNF - GM18505 cells, RELA IP | TNF - GM12878 cells, RELA IP | TNF - GM19193 cells, RELA IP | TNF - GM12892 cells",,,
IRF4,MOGAT2,leukocytes,IRF4 IP,,,
CREB1,MOGAT2,prostate,CREB1 siRNA | FOXA1 ChIP-Seq - Rep 2,,,
OTX2,MOGAT2,stemcells,OTX2 IP - Rep 10 ,,,
PBX3,MOGAT2,cns,PBX3 IP - SK-N-SH cells,,,
POU2F1,MOGAT2,prostate,POU2F1 KD + DHT | FOXA1 ChIP-Seq,,,
TEAD4,MOGAT2,leukocytes,TEAD4 IP - K562 cells,,,
TCF12,MOGAT2,leukocytes,TCF12 IP - GM12878 cells,,,
MYB,MOGAT2,leukocytes,"MYB IP - Jurkat, Rep 4",,,
ARID3A,MOGAT2,leukocytes,ARID3A IP - K562 cells,,,
MAFF,MOGAT2,liver,MAFF IP - HepG2 cells,,,
YY1,MOGAT2,leukocytes,"YY1 IP - GM12878 cells, YY1 IP - GM12891 cells, YY1 IP - K562 cells, Rep 1",,,
MAX,MOGAT2,stemcells,MAX IP - H1 cells,,,
ATF2,MOGAT2,stemcells,ATF2 IP - H1 cells,,,
EGR1,MOGAT2,leukocytes,EGR1 IP - K562 cells,,,
DEX,MOGAT2,lung,"CTCF IP | DEX - A549 cells , CTCF IP | DEX - A549 cells",,,
REST,MOGAT2,pancreas,"REST IP - Panc1 cells, Rep 3",,,
CTCF,MOGAT2,placenta,"CTCF IP - HVMF cells, Rep 1 , CTCF IP - HVMF cells, Rep 2 ",,,
NFKB2,MOGAT2,leukocytes,NFKB2 IP - Rep 2,,,
GATA2,MOGAT2,leukocytes,GATA2 IP - K562 cells,,,
UBTF,MOGAT2,leukocytes,UBTF IP - K562 cells,,,
TBP,MOGAT2,leukocytes,TBP IP - K562 cells,,,
BHLHE40,MOGAT2,leukocytes,BHLHE40 IP - K562 cells,,,
STAT1,MOGAT2,leukocytes,"STAT1 IP - Rep 5, STAT1 IP - Rep 3, STAT1 IP - Rep 2",,,
GATA1,MOGAT2,hspcs,"GATA1 IP - Rep 3, GATA1 IP - PBDE cells, Rep 1",,,
GATA4,MOGAT2,stomach,GATA4 IP - AGS,,,
REST,MOGAT2,mammarygland,REST IP - MCF7 cells,,,
HEY1,MOGAT2,liver,HEY1 IP - HepG2 cells,,,
SP1,MOGAT2,liver,SP1 IP - HepG2 cells,,,
CTCF,MOGAT2,adiposetissue,"CTCF ChIP-Seq - d 9, CTCF ChIP-Seq - d -2, CTCF ChIP-Seq - d 0, CTCF ChIP-Seq - d 3",,,
STAT3,MOGAT2,leukocytes,"STAT3 IP - OCI-LY19, STAT3 IP - SU-DHL-4, STAT3 IP - SU-DHL-6",,,
TCF12,MOGAT2,cns,TCF12 IP - SK-N-SH cells,,,
FOXA1,MOGAT2,mammarygland,DHT | FOXA1 ChIP-Seq,,,
DHT,MOGAT2,mammarygland,DHT | FOXA1 ChIP-Seq,,,
SRF,MOGAT2,colon,SRF IP - HCT116 cells,,,
FOSL2,MOGAT2,liver,FOSL2 IP - HepG2 cells,,,
ELF1,MOGAT2,liver,ELF1 IP - HepG2 cells,,,
GATA6,MOGAT2,stomach,GATA6 IP - YCC3,,,
ATF3,MOGAT2,colon,ATF3 IP - HCT116 cells,,,
E2F1,MOGAT2,prostate,HES6 OE | E2F1 ChIP-Seq - Rep 1,,,
HES6,MOGAT2,prostate,HES6 OE | E2F1 ChIP-Seq - Rep 1,,,
GABPA,MOGAT2,prostate,GABPA IP | R1881,,,
MYC,MOGAT2,liver,MYC IP,,,
NFATC1,MOGAT2,leukocytes,NFATC1 IP - GM12878 cells,,,
CREB1,MOGAT2,stemcells,CREB1 IP - H1 cells,,,
NANOG,MOGAT2,stemcells,"NANOG IP - Rep 9 , NANOG IP - Rep 1",,,
YY1,MOGAT2,stemcells,YY1 IP - H1 cells,,,
ELF1,MOGAT2,colon,ELF1 IP - HCT116 cells,,,
MXI1,MOGAT2,liver,MXI1 IP - HepG2 cells,,,
ELF1,MOGAT2,leukocytes,ELF1 IP - SK-N-SH cells,,,
TAL1,MOGAT2,leukocytes,TAL1 IP - K562 cells,,,
FOXP1,MOGAT2,prostate,DHT | FOXP1 ChIP-Seq,,,
JUN,MOGAT2,leukocytes,JUN IP | IFNA1-13 - 30 min ,,,
IFNA1,MOGAT2,leukocytes,JUN IP | IFNA1-13 - 30 min ,,,
GATA2,MOGAT2,prostate,GATA2 KD + R1881 | FOXA1 ChIP-Seq,,,
STAT5A,MOGAT2,leukocytes,STAT5A IP - K562 cells,,,
ATF2,MOGAT2,leukocytes,ATF2 IP - GM12878 cells,,,
RUNX1,MOGAT2,prostate,DHT | RUNX1 ChIP-Seq,,,
FOSL1,MOGAT2,colon,FOSL1 IP - HCT116 cells,,,
REST,MOGAT2,leukocytes,REST IP - K562 cells,,,
CEBPB,MOGAT2,uterus,CEBPB ChIP-Seq - HeLaS3,,,
SP1,MOGAT2,leukocytes,SP1 IP - GM12878 cells,,,
TEAD4,MOGAT2,liver,TEAD4 IP - HepG2 cells,,,
SPI1,MOGAT2,leukocytes,SPI1 IP,,,
MAZ,MOGAT2,leukocytes,MAZ IP - K562 cells,,,
SMAD1,MOGAT2,hspcs,SMAD1 IP - Rep 3,,,
ELF1,MOGAT2,mammarygland,ELF1 IP - MCF7 cells,,,
TP53,MOGAT2,mammarygland,TP53 IP,,,
MAX,MOGAT2,colon,MAX IP - HCT116 cells,,,
GATA1,MOGAT2,leukocytes,GATA1 ChIP-Seq - SC266,,,
FOXO1,GK,liver,,,18805788,
FOXO,GK,liver,,,18805788,
HNF4A,GK,liver,,,18805788,
CREB5,GK3,cns,,,21132541,
TFEB,MOGAT2,kidney,,,30145926,
TFEB,MOGAT2,uterus,,,30145926,
NFYA,LPIN1,adiposetissue,,,,19553673
NFYB,LPIN1,adiposetissue,,,,19553673
NFYC,LPIN1,adiposetissue,,,,19553673
SREBF1,LPIN1,adiposetissue,,,,19553673
NFYA,LPIN1,skeletalmuscle,,,,19553673
NFYB,LPIN1,skeletalmuscle,,,,19553673
NFYC,LPIN1,skeletalmuscle,,,,19553673
SREBF1,LPIN1,skeletalmuscle,,,,19553673
NFYA,LPIN1,liver,,,,19553673
NFYB,LPIN1,liver,,,,19553673
NFYC,LPIN1,liver,,,,19553673
CLOCK,DGAT2,colon,,20551151,,
CLOCK,DGAT1,colon,,20551151,,
CLOCK,LPIN1,colon,,20551151,,
FOXA2,AGPAT4,liver,,19822575,,
FOXA2,LPIN2,liver,,19822575,,
HNF4A,DGAT2,liver,,19822575,,
HNF4A,DGAT1,liver,,19822575,,
HNF4A,MOGAT2,liver,,19822575,,
HNF4A,MOGAT1,liver,,19822575,,
HNF4A,AGPAT1,liver,,19822575,,
HNF4A,AGPAT2,liver,,19822575,,
HNF4A,AGPAT3,liver,,19822575,,
HNF4A,AGPAT4,liver,,19822575,,
HNF4A,AGPS,liver,,19822575,,
HNF4A,GPD1,liver,,19822575,,
HNF4A,LPIN1,liver,,19822575,,
HNF4A,LPIN2,liver,,19822575,,
GATA1,AGPAT5,skin,,21571218,,
GATA1,MOGAT1,skin,,21571218,,
GATA1,AGPAT3,skin,,21571218,,
GATA1,AGMO,skin,,21571218,,
GATA1,LPIN1,skin,,21571218,,
GATA1,LPIN2,skin,,21571218,,
SPI1,DGAT2,blood,,23127762,,
SPI1,AGPAT1,blood,,23127762,,
SPI1,AGPAT4,blood,,23127762,,
SPI1,LPIN1,blood,,23127762,,
GATA2,DGAT1,erythroidlineage,,19941826,,
GATA2,AGPAT3,erythroidlineage,,19941826,,
GATA2,AGPAT4,erythroidlineage,,19941826,,
GATA2,GNPAT,erythroidlineage,,19941826,,
GATA2,LPIN1,erythroidlineage,,19941826,,
SMAD4,AGPAT1,skin,,19686287,,
SMAD4,AGPS,skin,,19686287,,
STAT6,LPIN1,leukocytes,,20620947,,
STAT6,LPIN2,leukocytes,,20620947,,
TFAP2C,DGAT2,mammarygland,,20629094,,
TFAP2C,AGPAT2,mammarygland,,20629094,,
TFAP2C,LPIN1,mammarygland,,20629094,,
NR1H3,AGPAT5,leukocytes,,23393188,,
NR1H3,LPIN1,leukocytes,,23393188,,
SALL4,AGPAT5,stemcells,,22934838,,
SALL4,AGPAT1,stemcells,,22934838,,
SALL4,AGPS,stemcells,,22934838,,
FOXP1,AGPAT1,stemcells,,21924763,,
FOXP1,AGPAT3,stemcells,,21924763,,
FOXP1,GPAM,stemcells,,21924763,,
FOXP1,GPD1,stemcells,,21924763,,
FOXP1,GPAT2,stemcells,,21924763,,
FOXP1,LPIN2,stemcells,,21924763,,
MITF,AGPAT5,skin,,21258399,,
MITF,DGAT2,skin,,21258399,,
MITF,MOGAT1,skin,,21258399,,
MITF,AGPAT2,skin,,21258399,,
MITF,AGPAT3,skin,,21258399,,
MITF,AGPAT4,skin,,21258399,,
MITF,LPIN1,skin,,21258399,,
MITF,LPIN2,skin,,21258399,,
NANOG,AGPAT1,stemcells,,21062744,,
WT1,AGPAT2,kidney,,25993318,,
WT1,AGPAT4,kidney,,25993318,,
WT1,AGPS,kidney,,25993318,,
WT1,GPD1,kidney,,25993318,,
WT1,LPIN2,kidney,,25993318,,
E2F4,GNPAT,thymus,,17652178,,
E2F4,LPIN1,thymus,,17652178,,
HIF1A,AGPAT5,mammarygland,,21447827,,
TCF4,AGPS,colon,,18268006,,
CDX2,MOGAT2,colon,,20551321,,
CDX2,MOGAT2,duodenum,,20551321,,
CDX2,MOGAT2,lleum,,20551321,,
CDX2,MOGAT2,jejunum,,20551321,,
CDX2,MOGAT2,rectum,,20551321,,
PPARD,AGPAT4,mammarygland,,23208498,,
NFE2L2,LPIN1,leukocytes,,22581777,,
POU3F2,AGPAT4,skin,,20337985,,
POU3F2,AGMO,skin,,20337985,,
DACH1,DGAT2,mammarygland,,20351289,,
DACH1,DGAT1,mammarygland,,20351289,,
ATF3,AGPAT4,cns,,23680149,,
ATF3,LPIN1,cns,,23680149,,
EOMES,DGAT2,embryonictissue,,21245162,,
ELF5,LPIN2,mammarygland,,23300383,,
TP63,AGPAT2,prostate,,23658742,,
SMAD3,AGPAT3,embryonictissue,,21741376,,
TFAP2A,DGAT2,mammarygland,,17053090,,
PBX1,AGPAT1,ovary,,22567123,,
