Database,TF,TargetGene,Tissue,Experiment,Overlapping_Genes,Pubmed_ID,Pubmed_Link,Genes Mentioned in the Paper,Paper_Link,PMID,chea,signor,trrust,Signor,Trrust,Chea
SPP,CREB1,ACOT1,prostate,CREB1 ChIP-Seq - LNCaP-abl,,,,,,,,,,,,
SPP,FOXA1,ACOT1,mammarygland,"FOXA1 IP | 17BE2 - T47D, 17BE2 | FOXA1 ChIP-Seq - Rep 1, DEX | FOXA1 ChIP-Seq - Rep 1, DHT | FOXA1 ChIP-Seq, FOXA1 IP - T47D cells, FOXA1 ChIP-Seq - Rep 2, 17BE2 | FOXA1 ChIP-Seq - Rep 1, 17BE2 | FOXA1 ChIP-Seq - Rep 2, 17BE2 | FOXA1 ChIP-Seq - Rep 2, DEX | FOXA1 ChIP-Seq - Rep 2, DEX | FOXA1 ChIP-Seq - Rep 2, 17BE2 | FOXA1 ChIP-Seq - Rep 2, FOXA1 ChIP-Seq - Rep 1, DEX | FOXA1 ChIP-Seq - Rep 1, 17BE2 | FOXA1 ChIP-Seq - Rep 1",,,,,,,,,,,,
SPP,17BE2,ACOT1,mammarygland,"FOXA1 IP | 17BE2 - T47D, 17BE2 | FOXA1 ChIP-Seq - Rep 1, 17BE2 | FOXA1 ChIP-Seq - Rep 1, 17BE2 | FOXA1 ChIP-Seq - Rep 2, 17BE2 | FOXA1 ChIP-Seq - Rep 2, 17BE2 | FOXA1 ChIP-Seq - Rep 2, 17BE2 | FOXA1 ChIP-Seq - Rep 1",,,,,,,,,,,,
SPP,CTCF,ACOT1,skeletalmuscle,"CTCF IP - HSMM cells, Rep 1 , CTCF IP - HSMM cells, Rep 2 ",,,,,,,,,,,,
SPP,CTCF,ACOT1,cns,"CTCF IP - cerebellar astrocyte cells, Rep 2 , CTCF IP - BE(2)-C cells, Rep 1 , CTCF IP - spinal cord astrocyte cells, Rep 2 , CTCF IP - SK cells, CTCF IP - HCPEpiC cells, Rep 1 , CTCF IP - BE(2)-C cells, Rep 2 , CTCF IP - SK-N-SH cells, Rep 2 , CTCF IP - cerebellar astrocyte cells, Rep 1 , CTCF IP - HCPEpiC cells, Rep 2 , CTCF IP - SK-N-SH cells, Rep 1 , CTCF IP - NHA cells , CTCF IP - spinal cord astrocyte cells, Rep 1 , CTCF IP - SK-N-SH cells ",,,,,,,,,,,,
SPP,CTCF,ACOT1,leukocytes,"CTCF IP - GM12287 cells, Rep 2, CTCF IP - GM06990 cells, Rep 2 , CTCF IP - GM12006 cells, Rep 2, CTCF IP - K562 cells, Rep 2 , CTCF IP - GM2610 cells, Rep 2 , CTCF IP - GM12871 cells , CTCF IP - GM2255 cells, Rep 3 , CTCF IP - GM12287 cells, Rep 1, CTCF IP - K562 cells , CTCF IP - F36P cells, Rep 14 , CTCF IP - GM19238 cells, Rep 2 , CTCF IP - GM12872 cells, Rep 1 , CTCF IP - K562 cells, CTCF IP - GM12878 cells, Rep 2 , CTCF IP - GM12872 cells, Rep 3 , CTCF IP - K562 cells, Rep 13 , CTCF IP - F36P cells, Rep 10 , CTCF IP - GM19193 cells, Rep 1 , CTCF IP, CTCF IP - HL , CTCF IP - GM11994 cells, Rep 2, CTCF IP - GM12864 cells, Rep 2 , CTCF IP - GM12892 cells, Rep 2 , CTCF IP - CD14+ cells , CTCF IP - GM12874 cells, Rep 1 , CTCF IP - HL-60 cells, Rep 9 , CTCF IP - GM07346 cells, CTCF IP - Â DND , CTCF IP - F36P cells, Rep 2 , CTCF IP - K562 cells, Rep 12 , CTCF IP - GM19239 cells, Rep 2 , CTCF IP - GM12869 cells , CTCF IP - GM12873 cells, Rep 3 , CTCF IP - F36P cells, Rep 15 , CTCF IP - GM18505 cells, Rep 1 , CTCF IP - GM12891 cells, Rep 2 , CTCF IP - GM12872 cells, CTCF IP - GM19239 cells, Rep 1 , CTCF IP - GM12865 cells, Rep 3 , CTCF IP - GM12154 cells, Rep 2, CTCF IP - GM19099 cells, Rep 2 , CTCF IP - GM19099 cells, Rep 1 , CTCF IP - F36P cells, Rep 9 , CTCF IP - GM12890 cells, Rep 2 , CTCF IP - GM2255 cells, Rep 1 , CTCF IP - GM19238 cells, Rep 1 , CTCF IP - GM12878 cells, Rep 1 , CTCF IP - GM11994 cells, Rep 1, CTCF IP - K562 cells, Rep 11 , CTCF IP - GM12878 cells, Rep 2 , CTCF IP - GM12875 cells, Rep 1 , CTCF IP - F36P cells, Rep 6 , CTCF IP - U-937 cells, Rep 2 , CTCF IP - GM12864 cells, Rep 1 , CTCF IP - GM12154 cells, Rep 1, CTCF IP - F36P cells, Rep 5 , CTCF IP - GM11992 cells, Rep 1, CTCF IP - GM18486 cells, Rep 1 , CTCF IP - F36P cells, Rep 1 , CTCF IP - GM12872 cells, Rep 2 , CTCF IP - GM18486 cells, Rep 2 , CTCF IP - GM12864 cells, Rep 3 , CTCF IP - GM11992 cells, Rep 2, CTCF IP - GM12865 cells, Rep 1 , CTCF IP - GM2610 cells, Rep 1 , CTCF IP - GM12868 cells , CTCF IP - GM12873 cells, Rep 1 , CTCF IP - GM12874 cells, Rep 2 , CTCF IP - GM18505 cells, Rep 2 , CTCF IP - GM12890 cells, Rep 3 , CTCF IP - GM06986 cells, CTCF IP - GM2610 cells, Rep 3 , CTCF IP - GM06990 cells, Rep 1 , CTCF IP - GM12865 cells, Rep 2 , CTCF IP - MS1 cells, Rep 1 , CTCF IP - F36P cells, Rep 7 , CTCF IP - GM12892 cells, Rep 1 , CTCF IP - K562 cells, Rep 1 , CTCF IP - K562 cells, Rep 16 , CTCF IP - K562 cells, CTCF IP - GM12006 cells, Rep 1, CTCF IP - F36P cells, Rep 11 , CTCF IP - GM12866 cells , CTCF IP - MS1 cells, Rep 2 , CTCF IP - F36P cells, Rep 3 , CTCF IP - F36P cells, Rep 19 , CTCF IP - Â CD20+ cells , CTCF IP - HeLa cells, Rep 2 , CTCF IP - GM12828 cells, CTCF IP - K562 cells, CTCF IP - NB4 cells , CTCF IP - GM12005 cells, Rep 1, CTCF IP - GM12878 cells, Rep 1 , CTCF IP - GM12814 cells, Rep 1, CTCF IP - GM19193 cells, Rep 2 , CTCF IP - GM12005 cells, Rep 2, CTCF IP - GM12890 cells, Rep 1 , CTCF IP - GM12870 cells , CTCF IP - GM12867 cells , CTCF IP - F36P cells, Rep 17 , CTCF IP - GM12878 cells , CTCF IP - GM18486 cells, Rep 3 , CTCF IP - K562 cells, Rep 14 , CTCF IP - GM12873 cells, Rep 1 , CTCF IP - K562 cells, Rep 15 , CTCF IP - MS1 cells, Rep 3 , CTCF IP - F36P cells, Rep 13 , CTCF IP - GM12875 cells, Rep 2 , CTCF IP - GM12234 cells, CTCF IP - GM12891 cells, Rep 1 , CTCF IP - MS1 cells, Rep 4 , CTCF IP - GM12814 cells, Rep 2, CTCF IP - GM2255 cells, Rep 2 , CTCF ChIP-Seq - GM12878",,,,,,,,,,,,
SPP,KLF11,ACOT1,adiposetissue,"ROSI (BrAT) | KLF11 ChIP-Seq, Rep 1, KLF11 ChIP-Seq, Rep 1, ROSI (BrAT) | KLF11 ChIP-Seq, Rep 2, KLF11 ChIP-Seq, Rep 2",,,,,,,,,,,,
SPP,ROSI,ACOT1,adiposetissue,"ROSI (BrAT) | KLF11 ChIP-Seq, Rep 1, ROSI (BrAT) | KLF11 ChIP-Seq, Rep 2",,,,,,,,,,,,
SPP,CTCF,ACOT1,esophagus,"CTCF IP - HEEpiC cells, Rep 1 , CTCF IP - HEEpiC cells, Rep 2 ",,,,,,,,,,,,
SPP,CTCF,ACOT1,hspcs,"CTCF IP - HEL 92.1.7 cells, Rep 4 , CTCF IP - HSPCs, Rep 2, CTCF IP - HEL 92.1.7 cells, Rep 2 , CTCF IP - HEL 92.1.7 cells, Rep 11 , CTCF IP - Erythroid cells, Rep 1, CTCF IP - HEL 92.1.7 cells, Rep 10 , CTCF IP - HEL 92.1.7 cells, Rep 14 , CTCF IP - HEL 92.1.7 cells, Rep 8 , CTCF IP - Erythroid cells, Rep 2, CTCF IP - HEL 92.1.7 cells, Rep 1 , CTCF IP - HEL 92.1.7 cells, Rep 5 , CTCF IP - HEL 92.1.7 cells, Rep 7 ",,,,,,,,,,,,
SPP,STAT1,ACOT1,leukocytes,"STAT1 IP - Rep 2, STAT1 IP - Rep 3, STAT1 IP - Rep 5, STAT1 IP - Rep 1",,,,,,,,,,,,
SPP,IFNG,ACOT1,leukocytes,"STAT1 IP - Rep 2, STAT1 IP - Rep 3, STAT1 IP - Rep 5, STAT1 IP - Rep 1",,,,,,,,,,,,
SPP,YY1,ACOT1,leukocytes,"YY1 IP - K562 cells, Rep 1, YY1 IP - GM12891 cells, YY1 IP - GM12892 cells, Rep 1, YY1 IP - GM12878 cells, YY1 IP - K562 cells, Rep 2",,,,,,,,,,,,
SPP,TCF12,ACOT1,stemcells,TCF12 IP - H1 cells,,,,,,,,,,,,
SPP,MAZ,ACOT1,uterus,MAZ IP - HeLa cells,,,,,,,,,,,,
SPP,TP63,ACOT1,skin,"TP63 IP, TP63 IP - Adriam, Rep 1, TP63 IP",,,,,,,,,,,,
SPP,CREB1,ACOT1,liver,"CREB1 IP - HepG2 cells, CREB1 IP",,,,,,,,,,,,
SPP,CTCF,ACOT1,lung,"CTCF ChIP-Seq - A549, CTCF IP - A549 cells, CTCF IP - IMR cells, CTCF IP - A549 cells, Rep 2 , CTCF IP - NHLF cells , CTCF IP - SAEC cells, Rep 2 , CTCF IP - A549 cells , CTCF IP | DEX - A549 cells, CTCF IP - NHLF cells , CTCF IP - SAEC cells, Rep 1 , CTCF IP | DEX - A549 cells , CTCF IP - HPF cells, Rep 1 , CTCF IP - WI-38 cells, Rep 1 , CTCF IP - A549 cells, Rep 1 , CTCF IP - AG04450 cells, Rep 2 , CTCF IP - HPF cells, Rep 2 , CTCF IP - AG04450 cells, Rep 1 ",,,,,,,,,,,,
SPP,TCF12,ACOT1,lung,TCF12 IP - A549 cells,,,,,,,,,,,,
SPP,MAX,ACOT1,cns,MAX IP - SK-N-SH cells,,,,,,,,,,,,
SPP,CTCF,ACOT1,uterus,"CTCF IP - HeLa cells, Rep 1 , CTCF IP - HeLa cells ",,,,,,,,,,,,
SPP,SOX9,ACOT1,colon,SOX9 IP ,,,,,,,,,,,,
SPP,SPI1,ACOT1,leukocytes,"SPI1 IP - GM12878 cells, SPI1 IP - GM12878 cells, Rep 4 , SPI1 IP - GM12891 cells, SPI1 IP, SPI1 IP - GM12878 cells, Rep 3 , SPI1 IP, SPI1 IP - GM12878 cells, Rep 2 , SPI1 IP, SPI1 IP",,,,,,,,,,,,
SPP,YY1,ACOT1,stemcells,YY1 IP - H1 cells,,,,,,,,,,,,
SPP,E2F1,ACOT1,uterus,"E2F1 IP - HeLa cells, Rep 1, E2F1 IP - HeLa cells, Rep 2",,,,,,,,,,,,
SPP,CEBPB,ACOT1,mammarygland,CEBPB IP - MCF7 cells,,,,,,,,,,,,
SPP,HEY1,ACOT1,stemcells,HEY1 IP - HUES64 ,,,,,,,,,,,,
SPP,CTCF,ACOT1,liver,"CTCF IP - HepG2 cells, Rep 2 , CTCF IP, CTCF IP - HepG2 cells, Rep 1 , CTCF IP - SK-N-SH cells, CTCF IP - HepG2 cells ",,,,,,,,,,,,
SPP,GATA2,ACOT1,hspcs,GATA2 IP,,,,,,,,,,,,
SPP,CTCF,ACOT1,megakaryocytelineage,"CTCF IP - MEG-01 cells, Rep 10 , CTCF IP - MEG-01 cells, Rep 4 , CTCF IP - MEG-01 cells, Rep 8 , CTCF IP - MEG-01 cells, Rep 6 , CTCF IP - MEG-01 cells, Rep 2 ",,,,,,,,,,,,
SPP,FOSL1,ACOT1,mammarygland,FOSL1 IP,,,,,,,,,,,,
SPP,CTCF,ACOT1,mammarygland,"CTCF IP - MCF7 cells, CTCF IP - HMEC cells , CTCF IP - HMEC cells, Rep 2 , CTCF IP - HMEC cells, Rep 1 , CTCF IP - MCF-7 cells, Rep 1 , CTCF IP - HMF cells, Rep 2 , CTCF IP - HMF cells, Rep 1 , CTCF IP - MCF-7 cells Rep 2 , CTCF IP - T47D cells",,,,,,,,,,,,
SPP,CTCF,ACOT1,pancreas,CTCF IP,,,,,,,,,,,,
SPP,GATA2,ACOT1,prostate,"GATA2 ChIP-Seq, CON KD  |Â GATA2 ChIP-Seq, FOXA1 KD |Â GATA2 ChIP-Seq, GATA2 ChIP-Seq - Rep 2",,,,,,,,,,,,
SPP,SRF,ACOT1,colon,SRF IP - HCT116 cells,,,,,,,,,,,,
SPP,MAX,ACOT1,vasculature,MAX IP - HUVEC cells,,,,,,,,,,,,
SPP,TCF7L2,ACOT1,mammarygland,TCF7L2 ChIP-Seq,,,,,,,,,,,,
SPP,FOS,ACOT1,mammarygland,"FOS IP | 4HT - MCF10A cells, 36 h, FOS IP | 4HT - MCF10A cells, 4 h, FOS IP | 4HT - MCF10A cells, 12 h, FOS IP - MCF10A cells",,,,,,,,,,,,
SPP,4HT,ACOT1,mammarygland,"FOS IP | 4HT - MCF10A cells, 36 h, FOS IP | 4HT - MCF10A cells, 4 h, MYC IP | 4HT - MCF10A cells, STAT3 IP | 4HT - MCF10 cells, 36 h, FOS IP | 4HT - MCF10A cells, 12 h, STAT3 IP | 4HT - MCF10 cells, 12 h",,,,,,,,,,,,
SPP,CTCF,ACOT1,skin,"CTCF IP - AG04449 cells, Rep 2 , CTCF IP - NHEK cells, Rep 2 , CTCF IP - BJ cells, Rep 2 , CTCF IP - AG09309 cells, Rep 1 , CTCF IP - BJ cells, Rep 1 , CTCF IP - NHEK cells , CTCF IP - NHDF cells , CTCF IP - HFFC cells, Rep 1 , CTCF IP - HFFC cells, Rep 3 , CTCF IP - NHDF cells, Rep 1 , CTCF IP - HFFC cells, Rep 2 , CTCF IP - NHDF cells, Rep 2 , CTCF IP - AG10803 cells, Rep 1 , CTCF IP - GM12878 cells, Rep 2 , CTCF IP - AG04449 cells, Rep 1 , CTCF IP - AG10803 cells, Rep 2 ",,,,,,,,,,,,
SPP,CEBPB,ACOT1,stemcells,"CEBPB IP, CEBPB IP - H1 cells, CEBPB IP, CEBPB IP, CEBPB IP",,,,,,,,,,,,
SPP,CEBPB,ACOT1,leukocytes,"CEBPB IP | oxLDL  - Rep 208, CEBPB IP - Rep 203, CEBPB IP, CEBPB IP - Rep 204, CEBPB ChIP-Seq - K562",,,,,,,,,,,,
SPP,STAT3,ACOT1,mammarygland,"STAT3 IP - MCF10A cells, Rep 2, STAT3 IP - MCF10A cells, Rep 1, STAT3 IP | 4HT - MCF10 cells, 36 h, STAT3 IP | 4HT - MCF10 cells, 12 h",,,,,,,,,,,,
SPP,IRF1,ACOT1,colon,IRF1 IP ,,,,,,,,,,,,
SPP,CTCF,ACOT1,bone,"CTCF IP, CTCF IP - Osteoblasts ",,,,,,,,,,,,
SPP,ERG,ACOT1,prostate,"DHT | ERG ChIP-Seq - 18 h, ERG ChIP-Seq, DHT | ERG ChIP-Seq - 2 h, DMSO | ERG ChIP-Seq - Rep 1, ERG ChIP-Seq",,,,,,,,,,,,
SPP,DHT,ACOT1,prostate,"DHT | ERG ChIP-Seq - 18 h, DHT | ERG ChIP-Seq - 2 h",,,,,,,,,,,,
SPP,CTCF,ACOT1,colon,"CTCF IP - HCT116 cells, Rep 1 , CTCF IP - Caco , CTCF IP - HCT116 cells, CTCF IP - Caco-2 cells, Rep 1 , CTCF IP - HCT116 cells, Rep 2 ",,,,,,,,,,,,
SPP,GABPA,ACOT1,stemcells,GABPA IP - H1 cells,,,,,,,,,,,,
SPP,STAT3,ACOT1,leukocytes,"STAT3 IP - OCI-LY10, STAT3 IP - OCI-LY19, STAT3 IP - OCI-LY7, STAT3 IP - SU-DHL-4",,,,,,,,,,,,
SPP,FOXA2,ACOT1,liver,FOXA2 IP - HepG2 cells,,,,,,,,,,,,
SPP,ELF1,ACOT1,liver,ELF1 IP - HepG2 cells,,,,,,,,,,,,
SPP,JUND,ACOT1,stemcells,"JUND IP - H1 cells, JUND IP - H1 cells",,,,,,,,,,,,
SPP,KLF5,ACOT1,pancreas,"KLF5 IP, ELF3 IP | KLF5 KO",,,,,,,,,,,,
SPP,MAX,ACOT1,leukocytes,"MAX IP - GM12878 cells, MAX IP - NB4 cells",,,,,,,,,,,,
SPP,SOX2,ACOT1,thyroidgland,SOX2 IP - TT MTC,,,,,,,,,,,,
SPP,TBP,ACOT1,stemcells,TBP IP - H1 cells,,,,,,,,,,,,
SPP,CTCF,ACOT1,kidney,"CTCF IP - HEK293 cells, Rep 1 , CTCF IP - RPTEC cells, Rep 2 , CTCF IP - HRE cells, Rep 1 , CTCF IP - HRE cells, Rep 2 , CTCF IP - HEK293 cells, Rep 2 , CTCF IP - RPTEC cells, Rep 1 ",,,,,,,,,,,,
SPP,CTCF,ACOT1,miscellaneous,"CTCF IP - AG09319 cells, Rep 2 , CTCF IP - AG09319 cells, Rep 1 ",,,,,,,,,,,,
SPP,ELF3,ACOT1,pancreas,"ELF3 IP | KLF5 KO, ELF3 IP, ELF3 IP",,,,,,,,,,,,
SPP,CEBPB,ACOT1,colon,"CEBPB IP - HCT116 cells, CEBPB IP | 125DVD3, CEBPB IP",,,,,,,,,,,,
SPP,DEX,ACOT1,mammarygland,"DEX | FOXA1 ChIP-Seq - Rep 1, JUN IP | DEX, DEX | FOXA1 ChIP-Seq - Rep 2, DEX | FOXA1 ChIP-Seq - Rep 2, DEX | FOXA1 ChIP-Seq - Rep 1",,,,,,,,,,,,
SPP,BHLHE40,ACOT1,leukocytes,BHLHE40 IP - GM12878 cells,,,,,,,,,,,,
SPP,CTCF,ACOT1,vasculature,"CTCF IP - AoAFC cells, Rep 2 , CTCF IP - HPAF cells, Rep 2 , CTCF IP - AoAFC cells, Rep 1 , CTCF IP - HBMEC cells, Rep 2 , CTCF IP - HBMEC cells, Rep 1 , CTCF IP - HUVEC cells , CTCF IP - HUVEC cells, Rep 2 , CTCF IP - HPAF cells, Rep 1 , CTCF IP - HUVEC cells, Rep 1 ",,,,,,,,,,,,
SPP,CTCF,ACOT1,heart,"CTCF IP - HCF cells , CTCF IP - myocytes cells, Rep 1 , CTCF IP - myocytes cells, Rep 2 ",,,,,,,,,,,,
SPP,DHT,ACOT1,mammarygland,"DHT | FOXA1 ChIP-Seq, DHT | MYC ChIP-Seq",,,,,,,,,,,,
SPP,JUN,ACOT1,mammarygland,"JUN IP | DEX, JUN IP - Rep 1, JUN IP - Rep 2, JUN IP | CPDA",,,,,,,,,,,,
SPP,CREB1,ACOT1,stemcells,CREB1 IP - H1 cells,,,,,,,,,,,,
SPP,CEBPB,ACOT1,liver,"CEBPB IP - HepG2 cells, CEBPB ChIP-Seq - HepG2, CEBPB IP | FORSK - HepG2 cells",,,,,,,,,,,,
SPP,HEY1,ACOT1,liver,HEY1 IP - HepG2 cells,,,,,,,,,,,,
SPP,YY1,ACOT1,colon,YY1 IP - HCT116 cells,,,,,,,,,,,,
SPP,MXI1,ACOT1,liver,MXI1 IP - HepG2 cells,,,,,,,,,,,,
SPP,E2F1,ACOT1,prostate,"HES6 OE | E2F1 ChIP-Seq - Rep 1, HES6 OE + BICALU | E2F1 ChIP-Seq - Rep 1, E2F1 ChIP-Seq - Rep 1, HES6 OE + BICALU | E2F1 ChIP-Seq - Rep 3, BICALU | E2F1 ChIP-Seq - Rep 1, BICALU | E2F1 ChIP-Seq - Rep 3",,,,,,,,,,,,
SPP,HES6,ACOT1,prostate,"HES6 OE | E2F1 ChIP-Seq - Rep 1, HES6 OE + BICALU | E2F1 ChIP-Seq - Rep 1, HES6 OE + BICALU | E2F1 ChIP-Seq - Rep 3",,,,,,,,,,,,
SPP,SP1,ACOT1,lung,SP1 IP - A549 cells,,,,,,,,,,,,
SPP,TAL1,ACOT1,colon,TAL1 IP ,,,,,,,,,,,,
SPP,DEX,ACOT1,lung,"CTCF IP | DEX - A549 cells, CTCF IP | DEX - A549 cells ",,,,,,,,,,,,
SPP,CEBPB,ACOT1,lung,"CEBPB ChIP-Seq - A549, CEBPB ChIP-Seq - IMR90, CEBPB IP - A549 cells",,,,,,,,,,,,
SPP,REST,ACOT1,liver,"REST IP - HepG2 cells, Rep 1",,,,,,,,,,,,
SPP,ZEB1,ACOT1,leukocytes,ZEB1 IP - GM12878 cells,,,,,,,,,,,,
SPP,GTF2F1,ACOT1,uterus,GTF2F1 IP - HeLa cells,,,,,,,,,,,,
SPP,TCF12,ACOT1,leukocytes,TCF12 IP - GM12878 cells,,,,,,,,,,,,
SPP,SMARCC1,ACOT1,uterus,SMARCC1 IP - HeLa cells,,,,,,,,,,,,
SPP,MAX,ACOT1,uterus,"MAX IP - HeLa cells, Rep 2, MAX IP - HeLa cells, Rep 1",,,,,,,,,,,,
SPP,ATF3,ACOT1,colon,"ATF3 IP | CAMPTO, ATF3 IP - HCT116 cells, ATF3 IP",,,,,,,,,,,,
SPP,FOXA1,ACOT1,liver,"FOXA1 IP - HepG2 cells, Rep 1, FOXA1 IP - HepG2 cells, Rep 2",,,,,,,,,,,,
SPP,MAX,ACOT1,liver,"MAX IP - MCF7 cells, MAX IP - HepG2 cells",,,,,,,,,,,,
SPP,SRF,ACOT1,liver,SRF IP - HepG2 cells,,,,,,,,,,,,
SPP,125DVD3,ACOT1,colon,CEBPB IP | 125DVD3,,,,,,,,,,,,
SPP,BICALU,ACOT1,prostate,"HES6 OE + BICALU | E2F1 ChIP-Seq - Rep 1, HES6 OE + BICALU | E2F1 ChIP-Seq - Rep 3, BICALU | E2F1 ChIP-Seq - Rep 1, BICALU | E2F1 ChIP-Seq - Rep 3",,,,,,,,,,,,
SPP,MYC,ACOT1,leukocytes,MYC IP - NB4 cells,,,,,,,,,,,,
SPP,JUN,ACOT1,vasculature,"JUN IP, JUN IP - HUVEC cells",,,,,,,,,,,,
SPP,SRF,ACOT1,stemcells,"SRF IP - Rep 1 , SRF IP - Rep 2 , SRF IP - Rep 7 , SRF IP - Rep 6 , SRF IP - Rep 5 , SRF IP - Rep 4 ",,,,,,,,,,,,
SPP,FOSL2,ACOT1,lung,FOSL2 IP - A549 cells,,,,,,,,,,,,
SPP,CTCF,ACOT1,sensory,"CTCF IP - WERI-Rb-1- cells, Rep 1 , CTCF IP - HRPEpiC cells, Rep 1 , CTCF IP - WERI , CTCF IP - HRPEpiC cells, Rep 2 ",,,,,,,,,,,,
SPP,JUND,ACOT1,lung,JUND IP - A549 cells,,,,,,,,,,,,
SPP,FOSL2,ACOT1,liver,FOSL2 IP - HepG2 cells,,,,,,,,,,,,
SPP,MAX,ACOT1,colon,MAX IP - HCT116 cells,,,,,,,,,,,,
SPP,PAX5,ACOT1,leukocytes,"PAX5 IP - GM12878 cells, Rep 2, PAX5 IP - GM12892 cells, PAX5 IP - GM12878 cells, Rep 1",,,,,,,,,,,,
SPP,CEBPB,ACOT1,bone,CEBPB IP,,,,,,,,,,,,
SPP,ZNF143,ACOT1,stemcells,ZNF143 IP - H1 cells,,,,,,,,,,,,
SPP,ZNF143,ACOT1,leukocytes,"ZNF143 IP - K562 cells, ZNF143 IP - GM12878 cells",,,,,,,,,,,,
SPP,BATF,ACOT1,leukocytes,BATF IP - GM12878 cells,,,,,,,,,,,,
SPP,MTA3,ACOT1,leukocytes,MTA3 IP - GM12878 cells,,,,,,,,,,,,
SPP,ZNF143,ACOT1,uterus,ZNF143 IP - HeLa cells,,,,,,,,,,,,
SPP,GABPA,ACOT1,liver,GABPA IP - HepG2 cells,,,,,,,,,,,,
SPP,TBP,ACOT1,uterus,TBP IP - HeLa cells,,,,,,,,,,,,
SPP,GATA1,ACOT1,hspcs,"GATA1 IP - Rep 1, GATA1 IP - PBDE cells, Rep 1",,,,,,,,,,,,
SPP,USF2,ACOT1,uterus,USF2 IP - HeLa cells,,,,,,,,,,,,
SPP,GATA3,ACOT1,mammarygland,"GATA3 IP - T47D cells, GATA3 IP - MCF7 cells",,,,,,,,,,,,
SPP,TCF21,ACOT1,vasculature,TCF21 IP,,,,,,,,,,,,
SPP,CEBPB,ACOT1,uterus,CEBPB ChIP-Seq - HeLaS3,,,,,,,,,,,,
SPP,MYC,ACOT1,mammarygland,"MYC IP | 4HT - MCF10A cells, MYC IP - MCF-10A cells, DHT | MYC ChIP-Seq",,,,,,,,,,,,
SPP,ELF1,ACOT1,leukocytes,ELF1 IP - SK-N-SH cells,,,,,,,,,,,,
SPP,CTCF,ACOT1,placenta,"CTCF IP - HVMF cells, Rep 1 , CTCF IP - HVMF cells, Rep 2 ",,,,,,,,,,,,
SPP,MYC,ACOT1,liver,MYC IP,,,,,,,,,,,,
SPP,MYBL2,ACOT1,liver,MYBL2 IP - HepG2 cells,,,,,,,,,,,,
SPP,JUND,ACOT1,mammarygland,JUND IP - T47D cells,,,,,,,,,,,,
SPP,ARID3A,ACOT1,liver,ARID3A IP - HepG2 cells,,,,,,,,,,,,
SPP,TEAD4,ACOT1,stemcells,TEAD4 IP - H1 cells,,,,,,,,,,,,
SPP,USF1,ACOT1,colon,USF1 IP - HCT116 cells,,,,,,,,,,,,
SPP,BHLHE40,ACOT1,liver,BHLHE40 IP - HepG2 cells,,,,,,,,,,,,
SPP,CTCF,ACOT1,stemcells,"CTCF IP - H1 cells, CTCF IP - H1 cells , CTCF IP - Rep 2 , CTCF IP - Rep 4 , CTCF IP - Rep 6 , CTCF IP - Rep 1 , CTCF IP - Rep 7 , CTCF IP - Rep 5 ",,,,,,,,,,,,
SPP,TCF3,ACOT1,leukocytes,TCF3 IP - GM12878 cells,,,,,,,,,,,,
SPP,SMAD1,ACOT1,hspcs,SMAD1 IP - Rep 3,,,,,,,,,,,,
SPP,SP1,ACOT1,liver,SP1 IP - HepG2 cells,,,,,,,,,,,,
SPP,MAX,ACOT1,stemcells,MAX IP - H1 cells,,,,,,,,,,,,
SPP,RELA,ACOT1,adiposetissue,"RELA IP, RELA IP, RELA IP",,,,,,,,,,,,
SPP,E2F6,ACOT1,stemcells,E2F6 IP - H1 cells,,,,,,,,,,,,
SPP,GATA3,ACOT1,cns,GATA3 IP - SK-N-SH cells,,,,,,,,,,,,
SPP,EGR1,ACOT1,colon,EGR1 IP - HCT116 cells,,,,,,,,,,,,
SPP,YY1,ACOT1,liver,YY1 IP - HepG2 cells,,,,,,,,,,,,
SPP,CTCF,ACOT1,adiposetissue,"CTCF ChIP-Seq - d -2, CTCF ChIP-Seq - d 9, CTCF ChIP-Seq - d 0",,,,,,,,,,,,
SPP,FOSL2,ACOT1,mammarygland,FOSL2 IP - MCF7 cells,,,,,,,,,,,,
SPP,E2F1,ACOT1,mammarygland,E2F1 IP,,,,,,,,,,,,
SPP,JUND,ACOT1,liver,"JUND IP - HepG2 cells, JUND IP - HepG2 cells",,,,,,,,,,,,
SPP,USF1,ACOT1,stemcells,USF1 IP - H1 cells,,,,,,,,,,,,
SPP,USF1,ACOT1,cns,USF1 IP | ATRA - SK-N-SH cells,,,,,,,,,,,,
SPP,ATRA,ACOT1,cns,"USF1 IP | ATRA - SK-N-SH cells, YY1 IP | ATRA - SK-N-SH cells",,,,,,,,,,,,
SPP,SP1,ACOT1,stemcells,SP1 IP - H1 cells,,,,,,,,,,,,
SPP,MYC,ACOT1,uterus,MYC IP - HeLa cells,,,,,,,,,,,,
SPP,CREB1,ACOT1,leukocytes,CREB1 IP - GM12878 cells,,,,,,,,,,,,
SPP,ZEB1,ACOT1,liver,ZEB1 IP - HepG2 cells,,,,,,,,,,,,
SPP,JUN,ACOT1,colon,JUN IP ,,,,,,,,,,,,
SPP,E2F6,ACOT1,uterus,E2F6 IP - HeLa cells,,,,,,,,,,,,
SPP,E2F3,ACOT1,colon,E2F3 IP ,,,,,,,,,,,,
SPP,FOXA2,ACOT1,lung,FOXA2 IP - A549 cells,,,,,,,,,,,,
SPP,TBP,ACOT1,liver,TBP IP - HepG2 cells,,,,,,,,,,,,
SPP,YY1,ACOT1,lung,YY1 IP - A549 cells,,,,,,,,,,,,
SPP,E2F6,ACOT1,lung,E2F6 IP - A549 cells,,,,,,,,,,,,
SPP,TP53,ACOT1,mammarygland,"TP53 IP, TP53 IP | NUTL3 - MCF-7",,,,,,,,,,,,
SPP,RELA,ACOT1,lung,RELA IP | TNF,,,,,,,,,,,,
SPP,TNF,ACOT1,lung,RELA IP | TNF,,,,,,,,,,,,
SPP,SP1,ACOT1,colon,SP1 IP - HCT116 cells,,,,,,,,,,,,
SPP,HOXA4,ACOT1,colon,HOXA4 IP ,,,,,,,,,,,,
SPP,FOXA1,ACOT1,prostate,FOXA1 KD |Â GATA2 ChIP-Seq,,,,,,,,,,,,
SPP,FOS,ACOT1,vasculature,FOS IP - HUVEC cells,,,,,,,,,,,,
SPP,JUND,ACOT1,uterus,JUND IP - HeLa cells,,,,,,,,,,,,
SPP,JUN,ACOT1,uterus,JUN IP - HeLa cells,,,,,,,,,,,,
SPP,TP53,ACOT1,bone,TP53 IP,,,,,,,,,,,,
SPP,EGR1,ACOT1,liver,EGR1 IP - MCF7 cells,,,,,,,,,,,,
SPP,CPDA,ACOT1,mammarygland,JUN IP | CPDA,,,,,,,,,,,,
SPP,GATA4,ACOT1,stomach,GATA4 IP - AGS,,,,,,,,,,,,
SPP,SREBF1,ACOT1,liver,SREBF1 IP | INS + 22RHC - HepG2 cells,,,,,,,,,,,,
SPP,22RHC; INS,ACOT1,liver,SREBF1 IP | INS + 22RHC - HepG2 cells,,,,,,,,,,,,
SPP,STAT1,ACOT1,uterus,"STAT1 IP | IFNG - HeLa cells, 30 min",,,,,,,,,,,,
SPP,IFNG,ACOT1,uterus,"STAT1 IP | IFNG - HeLa cells, 30 min",,,,,,,,,,,,
SPP,HIF1A,ACOT1,bone,HIF1A IP,,,,,,,,,,,,
SPP,ATF2,ACOT1,colon,ATF2 IP ,,,,,,,,,,,,
SPP,ZBTB7A,ACOT1,liver,ZBTB7A IP - HepG2 cells,,,,,,,,,,,,
SPP,E2F4,ACOT1,uterus,E2F4 IP - HeLa cells,,,,,,,,,,,,
SPP,EGR1,ACOT1,leukocytes,EGR1 IP - K562 cells,,,,,,,,,,,,
SPP,RBPJ,ACOT1,leukocytes,RBPJ IP | COMPE,,,,,,,,,,,,
SPP,COMPE,ACOT1,leukocytes,RBPJ IP | COMPE,,,,,,,,,,,,
SPP,EGR1,ACOT1,stemcells,EGR1 IP - H1 cells,,,,,,,,,,,,
SPP,JUND,ACOT1,vasculature,JUND IP,,,,,,,,,,,,
SPP,HOXA6,ACOT1,colon,HOXA6 IP ,,,,,,,,,,,,
SPP,EBF1,ACOT1,leukocytes,EBF1 IP - GM12878 cells,,,,,,,,,,,,
SPP,FORSK,ACOT1,liver,CEBPB IP | FORSK - HepG2 cells,,,,,,,,,,,,
SPP,JUND,ACOT1,colon,JUND IP - HCT116 cells,,,,,,,,,,,,
SPP,REST,ACOT1,cns,REST IP - U87 cells,,,,,,,,,,,,
SPP,MAX,ACOT1,lung,MAX IP - A549 cells,,,,,,,,,,,,
SPP,REST,ACOT1,lung,REST IP - A549 cells,,,,,,,,,,,,
SPP,IRF4,ACOT1,leukocytes,IRF4 IP - GM12878 cells,,,,,,,,,,,,
SPP,FOSL1,ACOT1,colon,FOSL1 IP - HCT116 cells,,,,,,,,,,,,
SPP,YY1,ACOT1,cns,YY1 IP | ATRA - SK-N-SH cells,,,,,,,,,,,,
SPP,CTCF,ACOT2,skin,"CTCF IP - AG09309 cells, Rep 2 , CTCF IP - HFFC cells, Rep 1 , CTCF IP - NHDF cells , CTCF IP - HFFC cells, Rep 3 , CTCF IP - NHDF cells, Rep 1 , CTCF IP - NHDF cells, Rep 2 , CTCF IP - GM12878 cells, Rep 2 , CTCF IP - AG10803 cells, Rep 1 , CTCF IP - HFFC cells, Rep 2 , CTCF IP - AG10803 cells, Rep 2 , CTCF IP - AG04449 cells, Rep 1 , CTCF IP - AG04449 cells, Rep 2 , CTCF IP - NHEK cells, Rep 2 , CTCF IP - BJ cells, Rep 2 , CTCF IP - AG09309 cells, Rep 1 , CTCF IP - BJ cells, Rep 1 , CTCF IP - NHEK cells ",,,,,,,,,,,,
SPP,CTCF,ACOT2,stemcells,"CTCF IP - H1 cells, CTCF IP - H1 cells , CTCF IP - Rep 2 , CTCF IP - Rep 4 , CTCF IP - Rep 5 , CTCF IP - Rep 6 , CTCF IP - Rep 1 , CTCF IP - Rep 7 , CTCF IP - Rep 3 ",,,,,,,,,,,,
SPP,HIF1A,ACOT2,bone,HIF1A IP,,,,,,,,,,,,
SPP,ERG,ACOT2,prostate,"DHT | ERG ChIP-Seq - 18 h, ERG ChIP-Seq, DHT | ERG ChIP-Seq - 2 h",,,,,,,,,,,,
SPP,DHT,ACOT2,prostate,"DHT | ERG ChIP-Seq - 18 h, DHT | ERG ChIP-Seq - 2 h, DHT | FOXP1 ChIP-Seq",,,,,,,,,,,,
SPP,CEBPB,ACOT2,stemcells,"CEBPB IP - H1 cells, CEBPB IP, CEBPB IP, CEBPB IP",,,,,,,,,,,,
SPP,CTCF,ACOT2,vasculature,"CTCF IP - HBMEC cells, Rep 2 , CTCF IP - HBMEC cells, Rep 1 , CTCF IP - HUVEC cells , CTCF IP - HPAF cells, Rep 1 , CTCF IP - HUVEC cells, Rep 2 , CTCF IP - HUVEC cells, Rep 1 , CTCF IP - AoAFC cells, Rep 2 , CTCF IP - HPAF cells, Rep 2 , CTCF IP - AoAFC cells, Rep 1 ",,,,,,,,,,,,
SPP,CTCF,ACOT2,leukocytes,"CTCF IP - GM18486 cells, Rep 1 , CTCF IP - GM11811 cells, Rep 2, CTCF IP - KU812 cells, Rep 9 , CTCF IP - U-937 cells, Rep 1 , CTCF IP - F36P cells, Rep 1 , CTCF IP - GM12891 cells, Rep 1 , CTCF IP - GM12872 cells, Rep 2 , CTCF IP - GM18486 cells, Rep 2 , CTCF IP - GM12865 cells, Rep 1 , CTCF IP - GM11992 cells, Rep 2, CTCF IP - GM12868 cells , CTCF IP - GM2588 cells, Rep 3 , CTCF IP - GM18526 cells, Rep 2 , CTCF IP - GM18951 cells, Rep 2 , CTCF IP - GM12873 cells, Rep 1 , CTCF IP - GM18505 cells, Rep 2 , CTCF IP - GM12864 cells, Rep 3 , CTCF IP - K562 cells, Rep 1 , CTCF IP - MS1 cells, Rep 1 , CTCF IP - GM06990 cells, Rep 1 , CTCF IP - GM06986 cells, CTCF IP - GM2610 cells, Rep 3 , CTCF IP - GM18951 cells, Rep 1 , CTCF IP - GM12865 cells, Rep 2 , CTCF IP - K562 cells, Rep 16 , CTCF IP - F36P cells, Rep 7 , CTCF IP - GM2610 cells, Rep 1 , CTCF IP - GM12892 cells, Rep 1 , CTCF IP - K562 cells, Rep 9 , CTCF IP - MS1 cells, Rep 2 , CTCF IP - KU812 cells, Rep 1 , CTCF IP - K562 cells, CTCF IP - GM12006 cells, Rep 1, CTCF IP - GM12866 cells , CTCF IP - GM12815 cells, Rep 2, CTCF IP - F36P cells, Rep 11 , CTCF IP - F36P cells, Rep 3 , CTCF IP - GM12890 cells, Rep 3 , CTCF IP - GM2630 cells, Rep 3 , CTCF IP - GM11881 cells, CTCF IP - GM12155 cells, Rep 2, CTCF IP - HeLa cells, Rep 2 , CTCF IP - GM11894 cells, Rep 2, CTCF IP - F36P cells, Rep 17 , CTCF IP - Â CD20+ cells , CTCF IP - GM12828 cells, CTCF IP - K562 cells, CTCF IP - NB4 cells , CTCF IP - F36P cells, Rep 19 , CTCF IP - GM12005 cells, Rep 1, CTCF IP - GM12892 cells, Rep 2 , CTCF IP - GM12005 cells, Rep 2, CTCF IP - GM12873 cells, Rep 1 , CTCF IP - GM12814 cells, Rep 1, CTCF IP - GM12878 cells, Rep 1 , CTCF IP - GM19193 cells, Rep 2 , CTCF IP - GM12867 cells , CTCF IP - GM12878 cells , CTCF IP - GM12890 cells, Rep 1 , CTCF IP - GM18486 cells, Rep 3 , CTCF IP - GM12870 cells , CTCF IP - K562 cells, Rep 14 , CTCF IP - GM2588 cells, Rep 1 , CTCF IP - K562 cells, Rep 15 , CTCF IP - MS1 cells, Rep 3 , CTCF IP - GM2630 cells, Rep 2 , CTCF IP - GM12749 cells, Rep 2, CTCF IP - GM12874 cells, Rep 2 , CTCF IP - GM2588 cells, Rep 2 , CTCF IP - GM12875 cells, Rep 2 , CTCF IP - MS1 cells, Rep 4 , CTCF ChIP-Seq - GM12878, CTCF IP - GM11811 cells, Rep 1, CTCF IP - GM12814 cells, Rep 2, CTCF IP - GM2255 cells, Rep 2 , CTCF IP - KU812 cells, Rep 5 , CTCF IP - GM12287 cells, Rep 2, CTCF IP - GM12006 cells, Rep 2, CTCF IP - GM2610 cells, Rep 2 , CTCF IP - GM12489 cells, Rep 1, CTCF IP - GM12874 cells, Rep 1 , CTCF IP - K562 cells, Rep 2 , CTCF IP - GM06990 cells, Rep 2 , CTCF IP - GM19240 cells, Rep 2 , CTCF IP - GM12871 cells , CTCF IP - GM12234 cells, CTCF IP - GM12749 cells, Rep 1, CTCF IP - GM2255 cells, Rep 3 , CTCF IP - F36P cells, Rep 13 , CTCF IP - GM10847 cells, Rep 1 , CTCF IP - GM12878 cells, Rep 2 , CTCF IP - GM12287 cells, Rep 1, CTCF IP - GM19238 cells, Rep 2 , CTCF IP - GM12872 cells, Rep 1 , CTCF IP - F36P cells, Rep 14 , CTCF IP - K562 cells, CTCF IP - K562 cells , CTCF IP - GM12155 cells, Rep 1, CTCF IP - GM19193 cells, Rep 1 , CTCF IP - GM12872 cells, Rep 3 , CTCF IP - GM12864 cells, Rep 2 , CTCF IP - HL , CTCF IP - UT-7 cells, Rep 6 , CTCF IP - GM07037 cells, CTCF IP - K562 cells, Rep 13 , CTCF IP - GM07346 cells, CTCF IP - Â DND , CTCF IP - F36P cells, Rep 2 , CTCF IP - CD14+ cells , CTCF IP - GM12489 cells, Rep 2, CTCF IP - GM18526 cells, Rep 1 , CTCF IP - K562 cells, Rep 12 , CTCF IP - GM18505 cells, Rep 1 , CTCF IP - GM12873 cells, Rep 3 , CTCF IP - GM11831 cells, CTCF IP - F36P cells, Rep 15 , CTCF IP - GM12815 cells, Rep 1, CTCF IP - GM12869 cells , CTCF IP - GM19239 cells, Rep 2 , CTCF IP - K562 cells, Rep 1 , CTCF IP - GM12875 cells, Rep 1 , CTCF IP - GM12891 cells, Rep 2 , CTCF IP - GM12872 cells, CTCF IP - GM19240 cells, Rep 1 , CTCF IP - GM2630 cells, Rep 1 , CTCF IP - GM11994 cells, Rep 2, CTCF IP - GM12865 cells, Rep 3 , CTCF IP, CTCF IP - K562 cells, Rep 3 , CTCF IP - GM12154 cells, Rep 2, CTCF IP - F36P cells, Rep 10 , CTCF IP - GM19099 cells, Rep 2 , CTCF IP - GM19099 cells, Rep 1 , CTCF IP - UT-7 cells, Rep 5 , CTCF IP - GM11992 cells, Rep 1, CTCF IP - GM2255 cells, Rep 1 , CTCF IP - F36P cells, Rep 9 , CTCF IP - UT-7 cells, Rep 4 , CTCF IP - GM12890 cells, Rep 2 , CTCF IP - F36P cells, Rep 6 , CTCF IP - GM12878 cells, Rep 1 , CTCF IP - GM19238 cells, Rep 1 , CTCF IP - GM11994 cells, Rep 1, CTCF IP - GM19239 cells, Rep 1 , CTCF IP - UT-7 cells, Rep 3 , CTCF IP - GM12878 cells, Rep 2 , CTCF IP - KU812 cells, Rep 13 , CTCF IP - KU812 cells, Rep 17 , CTCF IP - GM10847 cells, Rep 2 , CTCF IP - GM12154 cells, Rep 1, CTCF IP - GM12874 cells, CTCF IP - GM12864 cells, Rep 1 , CTCF IP - K562 cells, Rep 11 ",,,,,,,,,,,,
SPP,JUND,ACOT2,vasculature,JUND IP,,,,,,,,,,,,
SPP,CREB1,ACOT2,prostate,"FOXA1 siRNA | CREB1 ChIP-Seq - Rep 2, CREB1 ChIP-Seq - LNCaP-abl",,,,,,,,,,,,
SPP,FOXA1,ACOT2,prostate,"FOXA1 siRNA | CREB1 ChIP-Seq - Rep 2, CON KD + R1881 | FOXA1 ChIP-Seq - Rep 1, WT AR OE | FOXA1 ChIP-Seq, CON KD + R1881 | FOXA1 ChIP-Seq - Rep 2, PIAS1 + R1881 | FOXA1 ChIP-Seq - Rep 2, FOXA1 KD |Â GATA2 ChIP-Seq, PIAS1 + R1881 | FOXA1 ChIP-Seq - Rep 1, FOXA1 + FBS |Â GATA2 ChIP-Seq, WT AR OE + FOXA1 OE | FOXA1 ChIP-Seq - high FOXA1, FOXA1 ChIP-Seq, EtOH | FOXA1 ChIP-Seq - Rep 2, AR C562S OE + FOXA1 OE | FOXA1 ChIP-Seq",,,,,,,,,,,,
SPP,CTCF,ACOT2,cns,"CTCF IP - SK-N-SH cells, Rep 1 , CTCF IP - NHA cells , CTCF IP - spinal cord astrocyte cells, Rep 1 , CTCF IP - SK-N-SH cells , CTCF IP - cerebellar astrocyte cells, Rep 2 , CTCF IP - BE(2)-C cells, Rep 1 , CTCF IP - spinal cord astrocyte cells, Rep 2 , CTCF IP - SK cells, CTCF IP - HCPEpiC cells, Rep 1 , CTCF IP - BE(2)-C cells, Rep 2 , CTCF IP - HCPEpiC cells, Rep 2 , CTCF IP - cerebellar astrocyte cells, Rep 1 , CTCF IP - SK-N-SH cells, Rep 2 ",,,,,,,,,,,,
SPP,STAT3,ACOT2,mammarygland,"STAT3 IP | 4HT - MCF10 cells, 36 h, STAT3 IP | 4HT - MCF10 cells, 12 h, STAT3 IP - MCF10A cells, Rep 2",,,,,,,,,,,,
SPP,4HT,ACOT2,mammarygland,"STAT3 IP | 4HT - MCF10 cells, 36 h, E2F4 IP | 4HT - MCF10 cells, STAT3 IP | 4HT - MCF10 cells, 12 h, FOS IP | 4HT - MCF10A cells, 36 h, FOS IP | 4HT - MCF10A cells, 4 h, FOS IP | 4HT - MCF10A cells, 12 h, MYC IP | 4HT - MCF10A cells",,,,,,,,,,,,
SPP,ZNF143,ACOT2,stemcells,ZNF143 IP - H1 cells,,,,,,,,,,,,
SPP,TEAD4,ACOT2,uterus,TEAD4 IP - ECC1 cells,,,,,,,,,,,,
SPP,SRF,ACOT2,liver,SRF IP - HepG2 cells,,,,,,,,,,,,
SPP,REST,ACOT2,lung,REST IP - A549 cells,,,,,,,,,,,,
SPP,JUND,ACOT2,stemcells,"JUND IP - H1 cells, JUND IP - H1 cells",,,,,,,,,,,,
SPP,JUN,ACOT2,mammarygland,"JUN IP - Rep 1, JUN IP, JUN IP - Rep 2, JUN IP | DEX",,,,,,,,,,,,
SPP,ZNF143,ACOT2,leukocytes,"ZNF143 IP - K562 cells, ZNF143 IP - GM12878 cells",,,,,,,,,,,,
SPP,MAZ,ACOT2,leukocytes,MAZ IP - K562 cells,,,,,,,,,,,,
SPP,MAX,ACOT2,uterus,"MAX IP - HeLa cells, Rep 2, MAX IP - HeLa cells, Rep 1, MAX IP - ECC1 cells",,,,,,,,,,,,
SPP,CTCF,ACOT2,lung,"CTCF IP - HPF cells, Rep 1 , CTCF IP - A549 cells, Rep 1 , CTCF IP - AG04450 cells, Rep 2 , CTCF IP - HPF cells, Rep 2 , CTCF IP - AG04450 cells, Rep 1 , CTCF IP - WI-38 cells, Rep 1 , CTCF IP - NHLF cells , CTCF IP - A549 cells, Rep 2 , CTCF ChIP-Seq - A549, CTCF IP - A549 cells, CTCF IP - IMR cells, CTCF IP - SAEC cells, Rep 2 , CTCF IP | DEX - A549 cells, CTCF IP - A549 cells , CTCF IP - NHLF cells , CTCF IP - SAEC cells, Rep 1 , CTCF IP | DEX - A549 cells , CTCF IP - WI-38 cells, Rep 2 ",,,,,,,,,,,,
SPP,FOXA1,ACOT2,mammarygland,"17BE2 | FOXA1 ChIP-Seq - Rep 2, 17BE2 | FOXA1 ChIP-Seq - Rep 1, DEX | FOXA1 ChIP-Seq - Rep 1, DEX | FOXA1 ChIP-Seq - Rep 2, DHT | FOXA1 ChIP-Seq, DEX | FOXA1 ChIP-Seq - Rep 1, FOXA1 IP - T47D cells, FOXA1 ChIP-Seq - Rep 2, FOXA1 ChIP-Seq - Rep 1, 17BE2 | FOXA1 ChIP-Seq - Rep 1, 17BE2 | FOXA1 ChIP-Seq - Rep 2, DEX | FOXA1 ChIP-Seq - Rep 2, DEX | FOXA1 ChIP-Seq - Rep 2, 17BE2 | FOXA1 ChIP-Seq - Rep 2, FOXA1 ChIP-Seq - Rep 2, FOXA1 ChIP-Seq - Rep 1, DEX | FOXA1 ChIP-Seq - Rep 1, FOXA1 ChIP-Seq - Rep 1, 17BE2 | FOXA1 ChIP-Seq - Rep 1",,,,,,,,,,,,
SPP,17BE2,ACOT2,mammarygland,"17BE2 | FOXA1 ChIP-Seq - Rep 2, 17BE2 | FOXA1 ChIP-Seq - Rep 1, 17BE2 | FOXA1 ChIP-Seq - Rep 1, 17BE2 | FOXA1 ChIP-Seq - Rep 2, 17BE2 | FOXA1 ChIP-Seq - Rep 2, 17BE2 | FOXA1 ChIP-Seq - Rep 1",,,,,,,,,,,,
SPP,CEBPB,ACOT2,leukocytes,"CEBPB IP - Rep 204, CEBPB ChIP-Seq - K562, CEBPB IP | oxLDL  - Rep 208, CEBPB IP - Rep 203",,,,,,,,,,,,
SPP,YY1,ACOT2,leukocytes,"YY1 IP - GM12892 cells, Rep 1, YY1 IP - GM12878 cells, YY1 IP - GM12878 cells, YY1 IP - K562 cells, Rep 2, YY1 IP - K562 cells, Rep 1, YY1 IP - GM12891 cells",,,,,,,,,,,,
SPP,SRF,ACOT2,stemcells,"SRF IP - Rep 1 , SRF IP - Rep 7 , SRF IP - Rep 2 , SRF IP - Rep 3 , SRF IP - Rep 4 , SRF IP - Rep 6 , SRF IP - Rep 5 ",,,,,,,,,,,,
SPP,FOS,ACOT2,mammarygland,"FOS IP - MCF10A cells, FOS IP | 4HT - MCF10A cells, 36 h, FOS IP | 4HT - MCF10A cells, 4 h, FOS IP | 4HT - MCF10A cells, 12 h",,,,,,,,,,,,
SPP,YY1,ACOT2,cns,"YY1 IP | ATRA - SK-N-SH cells, YY1 IP - SK-N-SH cells",,,,,,,,,,,,
SPP,ATRA,ACOT2,cns,"YY1 IP | ATRA - SK-N-SH cells, USF1 IP | ATRA - SK-N-SH cells",,,,,,,,,,,,
SPP,ATF3,ACOT2,lung,ATF3 IP - A549 cells,,,,,,,,,,,,
SPP,PAX5,ACOT2,leukocytes,"PAX5 IP - GM12878 cells, Rep 1, PAX5 IP - GM12892 cells, PAX5 IP - GM12878 cells, Rep 2",,,,,,,,,,,,
SPP,CTCF,ACOT2,uterus,"CTCF IP - HeLa cells , CTCF IP - HeLa cells, Rep 1 , CTCF IP - ECC1 cells",,,,,,,,,,,,
SPP,ZNF143,ACOT2,uterus,ZNF143 IP - HeLa cells,,,,,,,,,,,,
SPP,MYC,ACOT2,mammarygland,"MYC IP, MYC IP - MCF-10A cells, DHT | MYC ChIP-Seq, MYC IP | 4HT - MCF10A cells",,,,,,,,,,,,
SPP,ZNF384,ACOT2,leukocytes,"ZNF384 IP - GM12878 cells, ZNF384 IP - K562 cells",,,,,,,,,,,,
SPP,YY1,ACOT2,liver,YY1 IP - HepG2 cells,,,,,,,,,,,,
SPP,TBP,ACOT2,uterus,TBP IP - HeLa cells,,,,,,,,,,,,
SPP,USF1,ACOT2,stemcells,USF1 IP - H1 cells,,,,,,,,,,,,
SPP,FOXA1,ACOT2,stemcells,FOXA1 IP - Rep 5 ,,,,,,,,,,,,
SPP,STAT1,ACOT2,leukocytes,"STAT1 IP - Rep 5, STAT1 IP - Rep 2, STAT1 IP - Rep 1, STAT1 IP - Rep 4, STAT1 IP - Rep 3",,,,,,,,,,,,
SPP,IFNG,ACOT2,leukocytes,"STAT1 IP - Rep 5, STAT1 IP - Rep 2, STAT1 IP - Rep 1, STAT1 IP - Rep 4, STAT1 IP - Rep 3",,,,,,,,,,,,
SPP,STAT5B,ACOT2,leukocytes,STAT5B IP | IL2 - Rep 2,,,,,,,,,,,,
SPP,IL2,ACOT2,leukocytes,STAT5B IP | IL2 - Rep 2,,,,,,,,,,,,
SPP,E2F1,ACOT2,prostate,"BICALU + HES6OE | E2F1 ChIP-Seq - Rep 4, BICALU | E2F1 ChIP-Seq - Rep 3, HES6 OE | E2F1 ChIP-Seq - Rep 3, E2F1 ChIP-Seq - Rep 2, E2F1 ChIP-Seq - Rep 3, HES6 OE | E2F1 ChIP-Seq - Rep 1, HES6 OE + BICALU | E2F1 ChIP-Seq - Rep 1, E2F1 ChIP-Seq - Rep 4, E2F1 ChIP-Seq - Rep 1, HES6 OE + BICALU | E2F1 ChIP-Seq - Rep 3, BICALU | E2F1 ChIP-Seq - Rep 1",,,,,,,,,,,,
SPP,BICALU,ACOT2,prostate,"BICALU + HES6OE | E2F1 ChIP-Seq - Rep 4, BICALU | E2F1 ChIP-Seq - Rep 3, HES6 OE + BICALU | E2F1 ChIP-Seq - Rep 1, HES6 OE + BICALU | E2F1 ChIP-Seq - Rep 3, BICALU | E2F1 ChIP-Seq - Rep 1",,,,,,,,,,,,
SPP,HES6,ACOT2,prostate,"BICALU + HES6OE | E2F1 ChIP-Seq - Rep 4, HES6 OE | E2F1 ChIP-Seq - Rep 3, HES6 OE | E2F1 ChIP-Seq - Rep 1, HES6 OE + BICALU | E2F1 ChIP-Seq - Rep 1, HES6 OE + BICALU | E2F1 ChIP-Seq - Rep 3",,,,,,,,,,,,
SPP,RELA,ACOT2,leukocytes,"RELA IP | TNF - GM12892 cells, RELA IP | TNF - GM12891 cells",,,,,,,,,,,,
SPP,TNF,ACOT2,leukocytes,"RELA IP | TNF - GM12892 cells, RELA IP | TNF - GM12891 cells",,,,,,,,,,,,
SPP,FOS,ACOT2,vasculature,FOS IP - HUVEC cells,,,,,,,,,,,,
SPP,USF1,ACOT2,cns,"USF1 IP | ATRA - SK-N-SH cells, USF1 IP - SK-N-SH cells",,,,,,,,,,,,
SPP,E2F4,ACOT2,mammarygland,E2F4 IP | 4HT - MCF10 cells,,,,,,,,,,,,
SPP,SPI1,ACOT2,leukocytes,"SPI1 IP, SPI1 IP, ROSI | SPI1 ChIP-Seq, SPI1 IP - GM12878 cells, Rep 2 , SPI1 IP, SPI1 IP, SPI1 IP, SPI1 IP, SPI1 IP - GM12891 cells, SPI1 IP, SPI1 IP - GM12878 cells, Rep 3 , SPI1 IP - GM12878 cells, SPI1 IP - GM12878 cells, Rep 4 , SPI1 IP",,,,,,,,,,,,
SPP,CEBPB,ACOT2,liver,"CEBPB IP - HepG2 cells, CEBPB ChIP-Seq - HepG2, CEBPB IP | FORSK - HepG2 cells",,,,,,,,,,,,
SPP,CEBPB,ACOT2,colon,"CEBPB IP - HCT116 cells, CEBPB IP | 125DVD3, CEBPB IP",,,,,,,,,,,,
SPP,CTCF,ACOT2,hspcs,"CTCF IP - HEL 92.1.7 cells, Rep 14 , CTCF IP - HEL 92.1.7 cells, Rep 8 , CTCF IP - HEL 92.1.7 cells, Rep 7 , CTCF IP - Erythroid cells, Rep 2, CTCF IP - HEL 92.1.7 cells, Rep 1 , CTCF IP - HEL 92.1.7 cells, Rep 5 , CTCF IP - HSPCs, Rep 2, CTCF IP - HEL 92.1.7 cells, Rep 4 , CTCF IP - HEL 92.1.7 cells, Rep 2 , CTCF IP - HEL 92.1.7 cells, Rep 13 , CTCF IP - HEL 92.1.7 cells, Rep 11 , CTCF IP - HEL 92.1.7 cells, Rep 10 , CTCF IP - Erythroid cells, Rep 1, CTCF IP - HSPCs, Rep 1",,,,,,,,,,,,
SPP,CTCF,ACOT2,megakaryocytelineage,"CTCF IP - MEG-01 cells, Rep 6 , CTCF IP - MEG-01 cells, Rep 2 , CTCF IP - MEG-01 cells, Rep 10 , CTCF IP - MEG-01 cells, Rep 7 , CTCF IP - MEG-01 cells, Rep 4 , CTCF IP - MEG-01 cells, Rep 8 ",,,,,,,,,,,,
SPP,REST,ACOT2,cns,"REST IP - SK cells, REST IP - SK-N-SH cells, REST IP - U87 cells",,,,,,,,,,,,
SPP,ELF3,ACOT2,pancreas,"ELF3 IP, ELF3 IP",,,,,,,,,,,,
SPP,CTCF,ACOT2,adiposetissue,"CTCF ChIP-Seq - d -2, CTCF ChIP-Seq - d 9, CTCF ChIP-Seq - d 0",,,,,,,,,,,,
SPP,MYC,ACOT2,uterus,MYC IP - HeLa cells,,,,,,,,,,,,
SPP,TCF12,ACOT2,lung,TCF12 IP - A549 cells,,,,,,,,,,,,
SPP,ZBTB17,ACOT2,bone,"ZBTB17 IP, ZBTB17 IP",,,,,,,,,,,,
SPP,FOXA2,ACOT2,embryonictissue,FOXA2 IP - Rep 2,,,,,,,,,,,,
SPP,STAT3,ACOT2,leukocytes,"STAT3 IP - SU-DHL-6, STAT3 IP - OCI-LY7, STAT3 IP - SU-DHL-4",,,,,,,,,,,,
SPP,RELA,ACOT2,adiposetissue,"RELA IP, RELA IP, RELA IP, RELA IP",,,,,,,,,,,,
SPP,JUN,ACOT2,vasculature,"JUN IP, JUN IP - HUVEC cells",,,,,,,,,,,,
SPP,TP73,ACOT2,bone,"TP73 IP - alpha isoform, Rep 1",,,,,,,,,,,,
SPP,FOSL2,ACOT2,cns,FOSL2 IP - SK-N-SH cells,,,,,,,,,,,,
SPP,CTCF,ACOT2,sensory,"CTCF IP - HRPEpiC cells, Rep 1 , CTCF IP - WERI , CTCF IP - HRPEpiC cells, Rep 2 , CTCF IP - WERI-Rb-1- cells, Rep 1 ",,,,,,,,,,,,
SPP,CTCF,ACOT2,heart,"CTCF IP - myocytes cells, Rep 2 , CTCF IP - HCF cells , CTCF IP - myocytes cells, Rep 1 ",,,,,,,,,,,,
SPP,SP1,ACOT2,liver,SP1 IP - HepG2 cells,,,,,,,,,,,,
SPP,JUND,ACOT2,uterus,JUND IP - HeLa cells,,,,,,,,,,,,
SPP,GATA2,ACOT2,prostate,"GATA2 ChIP-Seq - Rep 2, CON KD + R1881 |Â GATA2 ChIP-Seq, CON KD  |Â GATA2 ChIP-Seq, GATA2 ChIP-Seq - Rep 1, CON KD + FBS |Â GATA2 ChIP-Seq, FOXA1 KD |Â GATA2 ChIP-Seq, GATA2 ChIP-Seq, FOXA1 + FBS |Â GATA2 ChIP-Seq, CON KD |Â GATA2 ChIP-Seq",,,,,,,,,,,,
SPP,FOXA2,ACOT2,liver,FOXA2 IP - HepG2 cells,,,,,,,,,,,,
SPP,NFYA,ACOT2,uterus,NFYA IP - HeLa cells,,,,,,,,,,,,
SPP,DEX,ACOT2,mammarygland,"DEX | FOXA1 ChIP-Seq - Rep 1, DEX | FOXA1 ChIP-Seq - Rep 2, DEX | FOXA1 ChIP-Seq - Rep 1, DEX | FOXA1 ChIP-Seq - Rep 2, DEX | FOXA1 ChIP-Seq - Rep 2, DEX | FOXA1 ChIP-Seq - Rep 1, JUN IP | DEX",,,,,,,,,,,,
SPP,CTCF,ACOT2,mammarygland,"CTCF IP - HMEC cells, Rep 1 , CTCF IP - MCF-7 cells, Rep 1 , CTCF IP - HMF cells, Rep 2 , CTCF IP - HMF cells, Rep 1 , CTCF IP - MCF-7 cells Rep 2 , CTCF IP - T47D cells, CTCF IP - MCF7 cells, CTCF IP - HMEC cells , CTCF IP - HMEC cells, Rep 2 ",,,,,,,,,,,,
SPP,CREB1,ACOT2,lung,CREB1 IP | DEX - A549 cells,,,,,,,,,,,,
SPP,DEX,ACOT2,lung,"CREB1 IP | DEX - A549 cells, CTCF IP | DEX - A549 cells, CTCF IP | DEX - A549 cells ",,,,,,,,,,,,
SPP,GATA3,ACOT2,mammarygland,"GATA3 IP - MCF-7 cells, GATA3 IP - T47D cells, GATA3 IP - MCF7 cells",,,,,,,,,,,,"24758297,24758297,"
SPP,BCL3,ACOT2,lung,BCL3 IP - A549 cells,,,,,,,,,,,,
SPP,FOXM1,ACOT2,leukocytes,FOXM1 IP - GM12878 cells,,,,,,,,,,,,
SPP,MAX,ACOT2,colon,MAX IP - HCT116 cells,,,,,,,,,,,,
SPP,CTCF,ACOT2,kidney,"CTCF IP - HRE cells, Rep 2 , CTCF IP - HEK293 cells, Rep 2 , CTCF IP - RPTEC cells, Rep 1 , CTCF IP - HEK293 cells, Rep 1 , CTCF IP - RPTEC cells, Rep 2 , CTCF IP - HRE cells, Rep 1 ",,,,,,,,,,,,
SPP,CEBPB,ACOT2,mammarygland,CEBPB IP - MCF7 cells,,,,,,,,,,,,
SPP,DHT,ACOT2,mammarygland,"DHT | FOXA1 ChIP-Seq, DHT | MYC ChIP-Seq",,,,,,,,,,,,
SPP,ROSI,ACOT2,leukocytes,ROSI | SPI1 ChIP-Seq,,,,,,,,,,,,
SPP,MAX,ACOT2,leukocytes,"MAX IP - K562 cells, MAX IP - GM12878 cells, MAX IP - NB4 cells",,,,,,,,,,,,
SPP,SREBF1,ACOT2,liver,SREBF1 IP | INS + 22RHC - HepG2 cells,,,,,,,,,,,,
SPP,22RHC; INS,ACOT2,liver,SREBF1 IP | INS + 22RHC - HepG2 cells,,,,,,,,,,,,
SPP,TP53,ACOT2,bone,"TP53 IP | NUTL3, TP53 IP | TP53EE/RR OE",,,,,,,,,,,,
SPP,NUTL3,ACOT2,bone,TP53 IP | NUTL3,,,,,,,,,,,,
SPP,CREB1,ACOT2,liver,"CREB1 IP - HepG2 cells, CREB1 IP, CREB1 IP",,,,,,,,,,,,
SPP,R1881,ACOT2,prostate,"CON KD + R1881 |Â GATA2 ChIP-Seq, CON KD + R1881 | FOXA1 ChIP-Seq - Rep 1, CON KD + R1881 | FOXA1 ChIP-Seq - Rep 2, PIAS1 + R1881 | FOXA1 ChIP-Seq - Rep 2, PIAS1 + R1881 | FOXA1 ChIP-Seq - Rep 1",,,,,,,,,,,,
SPP,CTCF,ACOT2,colon,"CTCF IP - Caco , CTCF IP - HCT116 cells, CTCF IP - Caco-2 cells, Rep 1 , CTCF IP - HCT116 cells, Rep 2 , CTCF IP - HCT116 cells, Rep 1 ",,,,,,,,,,,,
SPP,SP1,ACOT2,lung,SP1 IP - A549 cells,,,,,,,,,,,,
SPP,ELF1,ACOT2,liver,ELF1 IP - HepG2 cells,,,,,,,,,,,,
SPP,MAX,ACOT2,stemcells,MAX IP - H1 cells,,,,,,,,,,,,
SPP,TEAD4,ACOT2,liver,TEAD4 IP - HepG2 cells,,,,,,,,,,,,
SPP,TCF7L2,ACOT2,mammarygland,TCF7L2 ChIP-Seq,,,,,,,,,,,,
SPP,E2F4,ACOT2,uterus,E2F4 IP - HeLa cells,,,,,,,,,,,,
SPP,TAL1,ACOT2,colon,TAL1 IP ,,,,,,,,,,,,
SPP,JUND,ACOT2,liver,"JUND IP - HepG2 cells, JUND IP - HepG2 cells",,,,,,,,,,,,
SPP,FOXA1,ACOT2,liver,"FOXA1 IP - HepG2 cells, Rep 1, FOXA1 IP - HepG2 cells, Rep 2",,,,,,,,,,,,
SPP,TBP,ACOT2,leukocytes,TBP IP - GM12878 cells,,,,,,,,,,,,
SPP,HOXA6,ACOT2,colon,HOXA6 IP ,,,,,,,,,,,,
SPP,YY1,ACOT2,lung,YY1 IP - A549 cells,,,,,,,,,,,,
SPP,SP1,ACOT2,leukocytes,SP1 IP - GM12878 cells,,,,,,,,,,,,
SPP,MTA3,ACOT2,leukocytes,MTA3 IP - GM12878 cells,,,,,,,,,,,,
SPP,OTX2,ACOT2,stemcells,OTX2 IP - Rep 10 ,,,,,,,,,,,,
SPP,SATB1,ACOT2,liver,SATB1 IP,,,,,,,,,,,,
SPP,MAX,ACOT2,lung,"MAX IP - A549 cells, MAX IP - A549 cells",,,,,,,,,,,,
SPP,EBF1,ACOT2,leukocytes,EBF1 IP - GM12878 cells,,,,,,,,,,,,
SPP,FOXP1,ACOT2,prostate,DHT | FOXP1 ChIP-Seq,,,,,,,,,,,,
SPP,CREB1,ACOT2,leukocytes,CREB1 IP - GM12878 cells,,,,,,,,,,,,
SPP,CTCF,ACOT2,miscellaneous,"CTCF IP - AG09319 cells, Rep 1 , CTCF IP - AG09319 cells, Rep 2 ",,,,,,,,,,,,
SPP,GATA4,ACOT2,stomach,"GATA4 IP - YCC3, GATA4 IP - AGS",,,,,,,,,,,,
SPP,ELF1,ACOT2,mammarygland,ELF1 IP - MCF7 cells,,,,,,,,,,,,
SPP,NFATC1,ACOT2,leukocytes,NFATC1 IP - GM12878 cells,,,,,,,,,,,,
SPP,CTCF,ACOT2,liver,"CTCF IP - HepG2 cells , CTCF IP - HepG2 cells, Rep 2 , CTCF IP - HepG2 cells, Rep 1 , CTCF IP, CTCF IP - SK-N-SH cells",,,,,,,,,,,,
SPP,RELA,ACOT2,lung,"RELA IP | DEX + TNF - Rep 1, RELA IP | TNF",,,,,,,,,,,,
SPP,DEX; TNF,ACOT2,lung,RELA IP | DEX + TNF - Rep 1,,,,,,,,,,,,
SPP,NFKB1,ACOT2,leukocytes,"NFKB1 IP - Rep 1, NFKB1 IP - Rep 2",,,,,,,,,,,,
SPP,GATA6,ACOT2,stomach,"GATA6 IP - AGS, GATA6 IP - YCC3",,,,,,,,,,,,
SPP,ELF1,ACOT2,leukocytes,ELF1 IP - SK-N-SH cells,,,,,,,,,,,,"20517297,20517297,"
SPP,MAFF,ACOT2,liver,MAFF IP - HepG2 cells,,,,,,,,,,,,
SPP,RUNX1,ACOT2,hspcs,RUNX1,,,,,,,,,,,,
SPP,AR,ACOT2,prostate,"WT AR OE | FOXA1 ChIP-Seq, WT AR OE + FOXA1 OE | FOXA1 ChIP-Seq - high FOXA1, AR C562S OE + FOXA1 OE | FOXA1 ChIP-Seq",,,,,,,,,,,,
SPP,EGR1,ACOT2,colon,EGR1 IP - HCT116 cells,,,,,,,,,,,,
SPP,ZEB1,ACOT2,liver,ZEB1 IP - HepG2 cells,,,,,,,,,,,,
SPP,USF2,ACOT2,uterus,USF2 IP - HeLa cells,,,,,,,,,,,,
SPP,MYC,ACOT2,bone,"MYC IP, MYC IP",,,,,,,,,,,,
SPP,E2F6,ACOT2,uterus,E2F6 IP - HeLa cells,,,,,,,,,,,,
SPP,CEBPB,ACOT2,lung,"CEBPB ChIP-Seq - A549, CEBPB ChIP-Seq - IMR90, CEBPB IP - A549 cells",,,,,,,,,,,,
SPP,USF1,ACOT2,uterus,USF1 IP - ECC1 cells,,,,,,,,,,,,
SPP,CTCF,ACOT2,bone,"CTCF IP - Osteoblasts , CTCF IP",,,,,,,,,,,,
SPP,MXI1,ACOT2,liver,MXI1 IP - HepG2 cells,,,,,,,,,,,,
SPP,FOSL2,ACOT2,lung,FOSL2 IP - A549 cells,,,,,,,,,,,,
SPP,CTCF,ACOT2,placenta,"CTCF IP - HVMF cells, Rep 2 , CTCF IP - HVMF cells, Rep 1 ",,,,,,,,,,,,
SPP,FOSL2,ACOT2,liver,FOSL2 IP - HepG2 cells,,,,,,,,,,,,
SPP,ZEB1,ACOT2,leukocytes,ZEB1 IP - GM12878 cells,,,,,,,,,,,,
SPP,E2F6,ACOT2,stemcells,E2F6 IP - H1 cells,,,,,,,,,,,,
SPP,BHLHE40,ACOT2,leukocytes,BHLHE40 IP - GM12878 cells,,,,,,,,,,,,
SPP,ATF2,ACOT2,colon,ATF2 IP ,,,,,,,,,,,,
SPP,125DVD3,ACOT2,colon,CEBPB IP | 125DVD3,,,,,,,,,,,,
SPP,GABPA,ACOT2,leukocytes,"GABPA IP - GM12878 cells, GABPA IP",,,,,,,,,,,,
SPP,E2F6,ACOT2,lung,E2F6 IP - A549 cells,,,,,,,,,,,,
SPP,SIX2,ACOT2,kidney,"SIX2 IP - 17 weeks, Rep 1, SIX2 IP - 17 weeks, Rep 2",,,,,,,,,,,,
SPP,JUND,ACOT2,lung,JUND IP - A549 cells,,,,,,,,,,,,
SPP,TCF12,ACOT2,stemcells,TCF12 IP - H1 cells,,,,,,,,,,,,
SPP,MAX,ACOT2,liver,"MAX IP - HepG2 cells, MAX IP - HepG2 cells, MAX IP - MCF7 cells",,,,,,,,,,,,
SPP,SRF,ACOT2,mammarygland,SRF IP - MCF7 cells,,,,,,,,,,,,
SPP,JUN,ACOT2,uterus,JUN IP - HeLa cells,,,,,,,,,,,,
SPP,HEY1,ACOT2,stemcells,HEY1 IP - HUES64 ,,,,,,,,,,,,
SPP,MXI1,ACOT2,leukocytes,MXI1 IP - GM12878 cells,,,,,,,,,,,,
SPP,TFAP4,ACOT2,leukocytes,"TFAP4 IP - Rep 1, TFAP4 IP - Rep 2",,,,,,,,,,,,
SPP,CTCF,ACOT2,pancreas,CTCF IP,,,,,,,,,,,,
SPP,MAFK,ACOT2,lung,MAFK IP - IMR cells,,,,,,,,,,,,
SPP,ZKSCAN1,ACOT2,uterus,ZKSCAN1 IP - HeLa cells,,,,,,,,,,,,
SPP,CTCF,ACOT2,esophagus,"CTCF IP - HEEpiC cells, Rep 2 , CTCF IP - HEEpiC cells, Rep 1 ",,,,,,,,,,,,
SPP,GTF2B,ACOT2,uterus,GTF2B IP - Rep 2,,,,,,,,,,,,
SPP,EGR1,ACOT2,liver,EGR1 IP - MCF7 cells,,,,,,,,,,,,
SPP,FOSL2,ACOT2,mammarygland,FOSL2 IP - MCF7 cells,,,,,,,,,,,,
SPP,E2F1,ACOT2,mammarygland,"E2F1 IP, E2F1 IP - MCF7 cells",,,,,,,,,,,,
SPP,TP63,ACOT2,skin,TP63 IP,,,,,,,,,,,,
SPP,JUND,ACOT2,cns,"JUND IP - SK-N-SH cells, JUND IP - SK-N-SH cells ",,,,,,,,,,,,
SPP,TP53,ACOT2,mammarygland,"TP53 IP, TP53 IP | NUTL3 - MCF-7",,,,,,,,,,,,
SPP,KLF11,ACOT2,adiposetissue,"ROSI (BrAT) | KLF11 ChIP-Seq, Rep 2, KLF11 ChIP-Seq, Rep 2",,,,,,,,,,,,
SPP,ROSI,ACOT2,adiposetissue,"ROSI (BrAT) | KLF11 ChIP-Seq, Rep 2",,,,,,,,,,,,
SPP,GABPA,ACOT2,stemcells,GABPA IP - H1 cells,,,,,,,,,,,,
SPP,CEBPB,ACOT2,uterus,"CEBPB IP - ECC1 cells, CEBPB ChIP-Seq - HeLaS3",,,,,,,,,,,,
SPP,GTF2F1,ACOT2,uterus,GTF2F1 IP - HeLa cells,,,,,,,,,,,,
SPP,ETS1,ACOT2,leukocytes,"ETS1 IP - GM12878 cells, ETS1 IP",,,,,,,,,,,,
SPP,PBX3,ACOT2,cns,PBX3 IP - SK-N-SH cells,,,,,,,,,,,,
SPP,SMAD1,ACOT2,hspcs,SMAD1 IP - Rep 3,,,,,,,,,,,,
SPP,CEBPB,ACOT2,bone,CEBPB IP,,,,,,,,,,,,
SPP,MYC,ACOT2,lung,MYC IP - A549 cells,,,,,,,,,,,,
SPP,YY1,ACOT2,stemcells,"YY1 IP - H1 cells, YY1 IP - NT2 cells",,,,,,,,,,,,
SPP,USF1,ACOT2,liver,USF1 IP - HepG2 cells,,,,,,,,,,,,
SPP,SP1,ACOT2,colon,SP1 IP - HCT116 cells,,,,,,,,,,,,
SPP,POU2F2,ACOT2,leukocytes,POU2F2 IP - GM12878 cells,,,,,,,,,,,,
SPP,E2F3,ACOT2,colon,E2F3 IP ,,,,,,,,,,,,
SPP,HEY1,ACOT2,liver,HEY1 IP - HepG2 cells,,,,,,,,,,,,
SPP,CTCF,ACOT2,skeletalmuscle,"CTCF IP - HSMM cells, Rep 2 , CTCF IP - HSMM cells, Rep 1 ",,,,,,,,,,,,
SPP,MAZ,ACOT2,uterus,MAZ IP - HeLa cells,,,,,,,,,,,,
SPP,KLF5,ACOT2,pancreas,KLF5 IP,,,,,,,,,,,,
SPP,NFYB,ACOT2,leukocytes,"NFYB IP - K562 cells, NFYB IP - GM12878 cells",,,,,,,,,,,,
SPP,EGR1,ACOT2,leukocytes,EGR1 IP - K562 cells,,,,,,,,,,,,
SPP,E2F1,ACOT2,uterus,"E2F1 IP - HeLa cells, Rep 2, E2F1 IP - HeLa cells, Rep 1",,,,,,,,,,,,
SPP,USF1,ACOT2,leukocytes,USF1 IP - K562 cells,,,,,,,,,,,,
SPP,PIAS1,ACOT2,prostate,"PIAS1 + R1881 | FOXA1 ChIP-Seq - Rep 2, PIAS1 + R1881 | FOXA1 ChIP-Seq - Rep 1",,,,,,,,,,,,
SPP,MAX,ACOT2,cns,MAX IP - SK-N-SH cells,,,,,,,,,,,,
SPP,IRF1,ACOT2,colon,IRF1 IP ,,,,,,,,,,,,
SPP,MEF2B,ACOT2,kidney,"MEF2B IP | MEF2B D83V OE - Rep 1, MEF2B IP | MEF2B OE - Rep 2",,,,,,,,,,,,
SPP,TEAD4,ACOT2,colon,TEAD4 IP - HCT116 cells,,,,,,,,,,,,
SPP,TCF12,ACOT2,cns,TCF12 IP - SK-N-SH cells,,,,,,,,,,,,
SPP,ZNF263,ACOT2,kidney,ZNF263 IP - HEK293 cells,,,,,,,,,,,,
SPP,FOXA2,ACOT2,lung,FOXA2 IP - A549 cells,,,,,,,,,,,,
SPP,IRF1,ACOT2,pancreas,IRF1 IP,,,,,,,,,,,,
SPP,ATF2,ACOT2,leukocytes,ATF2 IP - GM12878 cells,,,,,,,,,,,,
SPP,YY1,ACOT2,uterus,YY1 IP - ECC1 cells,,,,,,,,,,,,
SPP,TCF12,ACOT2,leukocytes,TCF12 IP - GM12878 cells,,,,,,,,,,,,
SPP,TBP,ACOT2,stemcells,TBP IP - H1 cells,,,,,,,,,,,,
SPP,GATA2,ACOT2,cns,GATA2 ChIP-Seq SH-SY5Y,,,,,,,,,,,,
SPP,BHLHE40,ACOT2,liver,BHLHE40 IP - HepG2 cells,,,,,,,,,,,,
SPP,ELF1,ACOT2,lung,ELF1 IP - A549 cells,,,,,,,,,,,,
SPP,FORSK,ACOT2,liver,CEBPB IP | FORSK - HepG2 cells,,,,,,,,,,,,
SPP,SRF,ACOT2,colon,SRF IP - HCT116 cells,,,,,,,,,,,,
SPP,JUND,ACOT2,mammarygland,"JUND IP - MCF7 cells, JUND IP - T47D cells",,,,,,,,,,,,
SPP,YY1,ACOT2,colon,YY1 IP - HCT116 cells,,,,,,,,,,,,
SPP,JUND,ACOT2,colon,JUND IP - HCT116 cells,,,,,,,,,,,,
SPP,TCF3,ACOT2,leukocytes,TCF3 IP - GM12878 cells,,,,,,,,,,,,
SPP,ELF1,ACOT2,colon,ELF1 IP - HCT116 cells,,,,,,,,,,,,
SPP,GABPA,ACOT2,liver,"GABPA IP - MCF7 cells, GABPA IP - HepG2 cells",,,,,,,,,,,,
SPP,FOXM1,ACOT2,mammarygland,FOXM1 IP - DS017,,,,,,,,,,,,
SPP,NFKB2,ACOT2,leukocytes,NFKB2 IP - Rep 2,,,,,,,,,,,,
SPP,ATF2,ACOT2,stemcells,ATF2 IP - H1 cells,,,,,,,,,,,,
SPP,RBPJ,ACOT2,leukocytes,RBPJ IP | COMPE - wash,,,,,,,,,,,,
SPP,COMPE,ACOT2,leukocytes,RBPJ IP | COMPE - wash,,,,,,,,,,,,
SPP,NFYB,ACOT2,uterus,NFYB IP - HeLa cells,,,,,,,,,,,,
SPP,MYC,ACOT2,leukocytes,MYC IP - NB4 cells,,,,,,,,,,,,
SPP,REST,ACOT2,liver,"REST IP - HepG2 cells, Rep 1, REST IP - HepG2 cells, Rep 2",,,,,,,,,,,,
SPP,ATF3,ACOT2,colon,ATF3 IP - HCT116 cells,,,,,,,,,,,,
SPP,GATA2,ACOT2,leukocytes,GATA2 IP - K562 cells,,,,,,,,,,,,
SPP,MYBL2,ACOT2,liver,MYBL2 IP - HepG2 cells,,,,,,,,,,,,
SPP,MAX,ACOT2,vasculature,MAX IP - HUVEC cells,,,,,,,,,,,,
SPP,RELA,ACOT2,colon,RELA IP ,,,,,,,,,,,,
SPP,TCF7L2,ACOT2,uterus,TCF7L2 IP - HeLa cells,,,,,,,,,,,,
SPP,MYB,ACOT2,leukocytes,"MYB IP - Jurkat, Rep 4",,,,,,,,,,,,
SPP,JUN,ACOT2,colon,JUN IP ,,,,,,,,,,,,
SPP,MYC,ACOT2,liver,MYC IP,,,,,,,,,,,,
SPP,CREB1,ACOT2,stemcells,CREB1 IP - H1 cells,,,,,,,,,,,,
SPP,FOXH1,ACOT2,embryonictissue,FOXH1 IP - endoderm,,,,,,,,,,,,
SPP,HOXA4,ACOT2,colon,HOXA4 IP ,,,,,,,,,,,,
SPP,BATF,ACOT2,leukocytes,BATF IP - GM12878 cells,,,,,,,,,,,,
SPP,TCF7L2,ACOT2,pancreas,TCF7L2 IP,,,,,,,,,,,,
SPP,MAFK,ACOT2,liver,"MAFK IP - HepG2 cells, Rep 2",,,,,,,,,,,,
SPP,TBP,ACOT2,liver,TBP IP - HepG2 cells,,,,,,,,,,,,
SPP,MXI1,ACOT2,cns,MXI1 IP - SK-N-SH cells ,,,,,,,,,,,,
SPP,TNF,ACOT2,lung,RELA IP | TNF,,,,,,,,,,,,
SPP,GATA3,ACOT2,cns,GATA3 IP - SK-N-SH cells,,,,,,,,,,,,
SPP,CTCF,ACOT4,leukocytes,"CTCF IP - GM12867 cells , CTCF IP - GM12878 cells, Rep 1 , CTCF IP - GM12870 cells , CTCF IP - GM2255 cells, Rep 2 , CTCF IP - GM19239 cells, Rep 1 , CTCF IP - GM12865 cells, Rep 2 , CTCF IP - GM12864 cells, Rep 2 , CTCF IP - GM2255 cells, Rep 1 , CTCF IP - MS1 cells, Rep 3 , CTCF IP - GM2630 cells, Rep 2 , CTCF IP - GM12864 cells, Rep 1 , CTCF IP - GM12891 cells, Rep 1 , CTCF IP - GM19240 cells, Rep 2 , CTCF IP - MS1 cells, Rep 4 , CTCF IP - GM12873 cells, Rep 3 , CTCF IP - GM12878 cells, Rep 2 , CTCF IP - GM18526 cells, Rep 2 , CTCF IP - GM2588 cells, Rep 2 , CTCF ChIP-Seq - GM12878, CTCF IP - GM19238 cells, Rep 2 , CTCF IP - GM19238 cells, Rep 1 , CTCF IP - GM18505 cells, Rep 2 , CTCF IP - GM12873 cells, Rep 1 , CTCF IP - GM18486 cells, Rep 1 , CTCF IP - GM12869 cells , CTCF IP - GM2610 cells, Rep 2 , CTCF IP - GM12878 cells, Rep 2 , CTCF IP - GM12872 cells, Rep 1 , CTCF IP - GM2610 cells, Rep 1 , CTCF IP - GM12892 cells, Rep 1 , CTCF IP - GM2255 cells, Rep 3 , CTCF IP - GM2610 cells, Rep 3 , CTCF IP - GM2588 cells, Rep 3 , CTCF IP - GM12874 cells, Rep 2 , CTCF IP - GM10847 cells, Rep 1 , CTCF IP - MS1 cells, Rep 2 , CTCF IP - GM12890 cells, Rep 3 , CTCF IP - GM2630 cells, Rep 3 , CTCF IP - GM19193 cells, Rep 1 , CTCF IP - MS1 cells, Rep 1 , CTCF IP - GM12874 cells, Rep 1 , CTCF IP - GM12891 cells, Rep 2 , CTCF IP - GM19240 cells, Rep 1 , CTCF IP - GM12892 cells, Rep 2 , CTCF IP - GM2588 cells, Rep 1 , CTCF IP - GM2630 cells, Rep 1 , CTCF IP - GM06990 cells, Rep 2 , CTCF IP - GM19099 cells, Rep 2 , CTCF IP - GM12873 cells, Rep 1 , CTCF IP - GM18486 cells, Rep 3 , CTCF IP - GM12890 cells, Rep 1 , CTCF IP - GM11994 cells, Rep 2, CTCF IP - GM18505 cells, Rep 1 , CTCF IP - GM12865 cells, Rep 1 , CTCF IP - GM12871 cells , CTCF IP - GM12868 cells , CTCF IP - GM19239 cells, Rep 2 ",,,,,,,,,,,,
SPP,ERG,ACOT4,prostate,"ERG ChIP-Seq, DHT | ERG ChIP-Seq - 18 h, ERG ChIP-Seq, DHT | ERG ChIP-Seq - 2 h, JQI | ERG ChIP-Seq - Rep 1, DMSO | ERG ChIP-Seq - Rep 1, JQI | ERG ChIP-Seq - Rep 2, DMSO | ERG ChIP-Seq - Rep 2",,,,,,,,,,,,
SPP,SPI1,ACOT4,leukocytes,"SPI1 IP, SPI1 IP, SPI1 IP - GM12878 cells, SPI1 IP, SPI1 IP, SPI1 IP - HL cells, SPI1 IP - GM12891 cells, SPI1 IP, SPI1 IP, SPI1 IP, SPI1 IP, ROSI | SPI1 ChIP-Seq",,,,,,,,,,,,
SPP,E2F3,ACOT4,colon,E2F3 IP ,,,,,,,,,,,,
SPP,CTCF,ACOT4,lung,"CTCF IP - SAEC cells, Rep 1 , CTCF IP - SAEC cells, Rep 2 , CTCF ChIP-Seq - A549, CTCF IP - A549 cells, Rep 2 ",,,,,,,,,,,,
SPP,CTCF,ACOT4,kidney,"CTCF IP - HEK293 cells, Rep 1 ",,,,,,,,,,,,
SPP,YY1,ACOT4,leukocytes,"YY1 IP - GM12892 cells, Rep 1, YY1 IP - GM12878 cells",,,,,,,,,,,,
SPP,FOXA2,ACOT4,stemcells,"FOXA2 IP - ES D2, FOXA2 IP - ES D5",,,,,,,,,,,,
SPP,MAX,ACOT4,uterus,"MAX IP - HeLa cells, Rep 1, MAX IP - ECC1 cells",,,,,,,,,,,,
SPP,MAX,ACOT4,lung,MAX IP - A549 cells,,,,,,,,,,,,
SPP,DHT,ACOT4,prostate,"DHT | ERG ChIP-Seq - 18 h, DHT | ERG ChIP-Seq - 2 h",,,,,,,,,,,,
SPP,CEBPB,ACOT4,liver,"CEBPB IP | FORSK - HepG2 cells, CEBPB ChIP-Seq - HepG2",,,,,,,,,,,,
SPP,FORSK,ACOT4,liver,CEBPB IP | FORSK - HepG2 cells,,,,,,,,,,,,
SPP,E2F6,ACOT4,uterus,E2F6 IP - HeLa cells,,,,,,,,,,,,
SPP,NFYA,ACOT4,uterus,NFYA IP - HeLa cells,,,,,,,,,,,,
SPP,CTCF,ACOT4,pancreas,CTCF IP,,,,,,,,,,,,
SPP,CTCF,ACOT4,colon,"CTCF IP - Caco , CTCF IP - Rep 2 ",,,,,,,,,,,,
SPP,MYB,ACOT4,leukocytes,"MYB IP - Jurkat, Rep 5, MYB IP - Jurkat, Rep 4, MYB IP - Jurkat, Rep 3, MYB IP - Jurkat, Rep 2",,,,,,,,,,,,
SPP,CTCF,ACOT4,skin,"CTCF IP - GM12878 cells, Rep 2 , CTCF IP - AG04449 cells, Rep 1 , CTCF IP - NHEK cells ",,,,,,,,,,,,
SPP,FOXA1,ACOT4,prostate,"AR C562S OE + FOXA1 OE | FOXA1 ChIP-Seq, WT AR OE + FOXA1 OE | FOXA1 ChIP-Seq, WT AR OE + FOXA1 OE | FOXA1 ChIP-Seq - high FOXA1",,,,,,,,,,,,
SPP,AR,ACOT4,prostate,"AR C562S OE + FOXA1 OE | FOXA1 ChIP-Seq, WT AR OE + FOXA1 OE | FOXA1 ChIP-Seq, WT AR OE + FOXA1 OE | FOXA1 ChIP-Seq - high FOXA1",,,,,,,,,,,,
SPP,GABPA,ACOT4,prostate,"GABPA IP | R1881, GABPA IP - Rep 1",,,,,,,,,,,,
SPP,R1881,ACOT4,prostate,GABPA IP | R1881,,,,,,,,,,,,
SPP,MAFF,ACOT4,liver,MAFF IP - HepG2 cells,,,,,,,,,,,,
SPP,PAX5,ACOT4,leukocytes,"PAX5 IP - GM12891 cells, PAX5 IP - GM12878 cells, Rep 1, PAX5 IP - GM12878 cells, Rep 2, PAX5 IP - GM12892 cells",,,,,,,,,,,,
SPP,E2F6,ACOT4,stemcells,E2F6 IP - H1 cells,,,,,,,,,,,,
SPP,CTCF,ACOT4,mammarygland,"CTCF IP - HMEC cells, Rep 1 , CTCF IP - T47D cells, CTCF IP - MCF-7 cells, Rep 1 , CTCF IP - MCF-7 cells Rep 2 , CTCF IP - MCF7 cells",,,,,,,,,,,,
SPP,CTCF,ACOT4,liver,CTCF IP - SK-N-SH cells,,,,,,,,,,,,
SPP,FOS,ACOT4,leukocytes,FOS IP - K562 cells,,,,,,,,,,,,
SPP,ETS1,ACOT4,leukocytes,ETS1 IP,,,,,,,,,,,,
SPP,SP1,ACOT4,liver,SP1 IP - HepG2 cells,,,,,,,,,,,,
SPP,E2F1,ACOT4,mammarygland,E2F1 IP - MCF7 cells,,,,,,,,,,,,
SPP,USF1,ACOT4,liver,USF1 IP - HepG2 cells,,,,,,,,,,,,
SPP,EBF1,ACOT4,leukocytes,"EBF1 IP - GM12878 cells, EBF1 IP - GM12878 cells",,,,,,,,,,,,
SPP,IRF1,ACOT4,colon,IRF1 IP ,,,,,,,,,,,,
SPP,MTA3,ACOT4,leukocytes,MTA3 IP - GM12878 cells,,,,,,,,,,,,
SPP,MAX,ACOT4,leukocytes,MAX IP - GM12878 cells,,,,,,,,,,,,
SPP,CTCF,ACOT4,miscellaneous,"CTCF IP - AG09319 cells, Rep 1 ",,,,,,,,,,,,
SPP,ELF1,ACOT4,mammarygland,ELF1 IP - MCF7 cells,,,,,,,,,,,,
SPP,RELA,ACOT4,adiposetissue,"RELA IP, RELA IP",,,,,,,,,,,,
SPP,JUND,ACOT4,cns,JUND IP - SK-N-SH cells ,,,,,,,,,,,,
SPP,FOXA1,ACOT4,liver,"FOXA1 IP - HepG2 cells, Rep 2, FOXA1 IP - HepG2 cells, Rep 1",,,,,,,,,,,,
SPP,GABPA,ACOT4,stemcells,GABPA IP - H1 cells,,,,,,,,,,,,
SPP,ELF3,ACOT4,pancreas,"ELF3 IP, ELF3 IP",,,,,,,,,,,,
SPP,POU2F2,ACOT4,leukocytes,"POU2F2 IP - Rep 2, POU2F2 IP - GM12878 cells",,,,,,,,,,,,
SPP,STAT1,ACOT4,leukocytes,"STAT1 IP - Rep 5, STAT1 IP - Rep 3",,,,,,,,,,,,
SPP,IFNG,ACOT4,leukocytes,"STAT1 IP - Rep 5, STAT1 IP - Rep 3",,,,,,,,,,,,
SPP,SP1,ACOT4,leukocytes,SP1 IP - K562 cells,,,,,,,,,,,,
SPP,YY1,ACOT4,uterus,YY1 IP - ECC1 cells,,,,,,,,,,,,
SPP,ELF1,ACOT4,leukocytes,ELF1 IP - SK-N-SH cells,,,,,,,,,,,,
SPP,MAX,ACOT4,liver,"MAX IP - MCF7 cells, MAX IP - HepG2 cells",,,,,,,,,,,,
SPP,TBP,ACOT4,uterus,TBP IP - HeLa cells,,,,,,,,,,,,
SPP,MYC,ACOT4,mammarygland,DHT | MYC ChIP-Seq,,,,,,,,,,,,
SPP,DHT,ACOT4,mammarygland,"DHT | MYC ChIP-Seq, DHT | TCF7L2 ChIP-Seq, DHT | FOXA1 ChIP-Seq",,,,,,,,,,,,
SPP,NFKB1,ACOT4,leukocytes,"NFKB1 IP - Rep 1, NFKB1 IP - Rep 2",,,,,,,,,,,,
SPP,CEBPB,ACOT4,stemcells,CEBPB IP,,,,,,,,,,,,
SPP,RELA,ACOT4,leukocytes,"RELA IP | TNF - GM12878 cells, RELA IP | TNF - GM19193 cells, RELA IP | TNF - GM12891 cells, RELA IP | TNF - GM12892 cells",,,,,,,,,,,,
SPP,TNF,ACOT4,leukocytes,"RELA IP | TNF - GM12878 cells, RELA IP | TNF - GM19193 cells, RELA IP | TNF - GM12891 cells, RELA IP | TNF - GM12892 cells",,,,,,,,,,,,
SPP,BHLHE40,ACOT4,leukocytes,BHLHE40 IP - GM12878 cells,,,,,,,,,,,,
SPP,CTCF,ACOT4,hspcs,"CTCF IP - Erythroid cells, Rep 2, CTCF IP - Erythroid cells, Rep 1, CTCF IP - HSPCs, Rep 1",,,,,,,,,,,,
SPP,JUND,ACOT4,vasculature,JUND IP,,,,,,,,,,,,
SPP,MAFK,ACOT4,liver,"MAFK IP - HepG2 cells, Rep 2",,,,,,,,,,,,
SPP,E2F6,ACOT4,lung,E2F6 IP - A549 cells,,,,,,,,,,,,
SPP,CREB1,ACOT4,leukocytes,CREB1 IP - GM12878 cells,,,,,,,,,,,,
SPP,E2F1,ACOT4,uterus,"E2F1 IP - HeLa cells, Rep 2, E2F1 IP - HeLa cells, Rep 1",,,,,,,,,,,,
SPP,TBP,ACOT4,leukocytes,"TBP IP - GM12878 cells, TBP IP - K562 cells",,,,,,,,,,,,
SPP,ZNF143,ACOT4,leukocytes,ZNF143 IP - GM12878 cells,,,,,,,,,,,,
SPP,TCF7L2,ACOT4,mammarygland,"DHT | TCF7L2 ChIP-Seq, TCF7L2 ChIP-Seq",,,,,,,,,,,,
SPP,SMAD1,ACOT4,hspcs,SMAD1 IP - Rep 3,,,,,,,,,,,,
SPP,TCF12,ACOT4,lung,TCF12 IP - A549 cells,,,,,,,,,,,,
SPP,FOXA1,ACOT4,mammarygland,"DHT | FOXA1 ChIP-Seq, FOXA1 ChIP-Seq - Rep 1",,,,,,,,,,,,
SPP,TAL1,ACOT4,colon,TAL1 IP ,,,,,,,,,,,,
SPP,NFYB,ACOT4,leukocytes,"NFYB IP - K562 cells, NFYB IP - GM12878 cells",,,,,,,,,,,,
SPP,HOXA6,ACOT4,colon,HOXA6 IP ,,,,,,,,,,,,
SPP,KLF5,ACOT4,pancreas,KLF5 IP,,,,,,,,,,,,
SPP,FOXA1,ACOT4,lung,FOXA1 IP | DEX - A549 cells,,,,,,,,,,,,
SPP,DEX,ACOT4,lung,FOXA1 IP | DEX - A549 cells,,,,,,,,,,,,
SPP,CTCF,ACOT4,vasculature,"CTCF IP - HUVEC cells, Rep 1 , CTCF IP - HBMEC cells, Rep 1 ",,,,,,,,,,,,
SPP,TEAD4,ACOT4,uterus,TEAD4 IP - ECC1 cells,,,,,,,,,,,,
SPP,JUN,ACOT4,vasculature,JUN IP,,,,,,,,,,,,
SPP,GATA3,ACOT4,mammarygland,GATA3 IP - MCF7 cells,,,,,,,,,,,,
SPP,NFYB,ACOT4,uterus,NFYB IP - HeLa cells,,,,,,,,,,,,
SPP,TP53,ACOT4,bone,TP53 IP | NUTL3 - SJSA-1,,,,,,,,,,,,
SPP,JUND,ACOT4,liver,JUND IP - HepG2 cells,,,,,,,,,,,,
SPP,TCF12,ACOT4,cns,TCF12 IP - SK-N-SH cells,,,,,,,,,,,,
SPP,CTCF,ACOT4,esophagus,"CTCF IP - HEEpiC cells, Rep 1 ",,,,,,,,,,,,
SPP,CEBPB,ACOT4,leukocytes,"CEBPB ChIP-Seq - K562, CEBPB IP | oxLDL  - Rep 208",,,,,,,,,,,,
SPP,GATA2,ACOT4,hspcs,GATA2 IP,,,,,,,,,,,,
SPP,GABPA,ACOT4,liver,GABPA IP - MCF7 cells,,,,,,,,,,,,
SPP,NFYA,ACOT4,leukocytes,NFYA IP - K562 cells,,,,,,,,,,,,
SPP,TCF12,ACOT4,uterus,TCF12 IP - ECC1 cells,,,,,,,,,,,,
SPP,FOXA2,ACOT4,liver,FOXA2 IP - HepG2 cells,,,,,,,,,,,,
SPP,FOXA2,ACOT4,embryonictissue,FOXA2 IP - Rep 2,,,,,,,,,,,,
SPP,HIF1A,ACOT4,bone,HIF1A IP,,,,,,,,,,,,
SPP,CTCF,ACOT4,cns,"CTCF IP - SK-N-SH cells, Rep 1 ",,,,,,,,,,,,
SPP,MAX,ACOT4,stemcells,MAX IP - H1 cells,,,,,,,,,,,,
SPP,JQ1,ACOT4,prostate,"JQI | ERG ChIP-Seq - Rep 1, JQI | ERG ChIP-Seq - Rep 2",,,,,,,,,,,,
SPP,ROSI,ACOT4,leukocytes,ROSI | SPI1 ChIP-Seq,,,,,,,,,,,,
SPP,MAX,ACOT7,liver,"MAX IP - MCF7 cells, MAX IP - HepG2 cells, MAX IP - HepG2 cells",,,,,,,,,,,,
SPP,CREB1,ACOT7,prostate,"FOXA1 siRNA | CREB1 ChIP-Seq - Rep 2, CREB1 siRNA | FOXA1 ChIP-Seq - Rep 2, CREB1 ChIP-Seq - Rep 1, CREB1 siRNA | FOXA1 ChIP-Seq - Rep 1, FOXA1 siRNA | CREB1 ChIP-Seq - Rep 1, CREB1 ChIP-Seq - LNCaP, CREB1 ChIP-Seq - Rep 2, CREB1 ChIP-Seq - LNCaP-abl",,,,,,,,,,,,
SPP,FOXA1,ACOT7,prostate,"FOXA1 siRNA | CREB1 ChIP-Seq - Rep 2, PIAS1 + R1881 | FOXA1 ChIP-Seq - Rep 2, CON KD + R1881 |Â FOXA1 ChIP-Seq, PIAS1 + R1881 | FOXA1 ChIP-Seq - Rep 1, WT AR OE + FOXA1 OE | FOXA1 ChIP-Seq - high FOXA1, FOXA1 ChIP-Seq, EtOH | FOXA1 ChIP-Seq - Rep 2, AR C562S OE + FOXA1 OE | FOXA1 ChIP-Seq, CON KD  |Â FOXA1 ChIP-Seq, CREB1 siRNA | FOXA1 ChIP-Seq - Rep 2, FOXA1 + FBS |Â GATA2 ChIP-Seq, R1881 | FOXA1 ChIP-Seq - Rep 1, CON KD | FOXA1 ChIP-Seq, FOXA1 ChIP-Seq - Rep 1, WT AR OE + FOXA1 OE | FOXA1 ChIP-Seq, FOXA1 ChIP-Seq - Rep 2, CREB1 siRNA | FOXA1 ChIP-Seq - Rep 1, CON KD + R1881 | FOXA1 ChIP-Seq - Rep 1, FOXA1 siRNA | CREB1 ChIP-Seq - Rep 1, CON KD | FOXA1 ChIP-Seq, GATA2 KD  |Â FOXA1 ChIP-Seq, EtOH | FOXA1 ChIP-Seq - , FOXA1 KD |Â GATA2 ChIP-Seq, DHT | FOXA1 ChIP-Seq, GATA2 KD + R1881 |Â FOXA1 ChIP-Seq, R1881 | FOXA1 ChIP-Seq - Rep 2, AR Q640X OE + FOXA1 OE | FOXA1 ChIP-Seq, FOXA1 ChIP-Seq - LNCaP-abl, CON KD |Â FOXA1 ChIP-Seq, CON KD + R1881 | FOXA1 ChIP-Seq - Rep 2",,,,,,,,,,,,
SPP,FOXA1,ACOT7,mammarygland,"FOXA1 ChIP-Seq - Rep 1, DEX | FOXA1 ChIP-Seq - Rep 1, FOXA1 ChIP-Seq - Rep 1, 17BE2 | FOXA1 ChIP-Seq, 17BE2 | FOXA1 ChIP-Seq - Rep 1, DEX | FOXA1 ChIP-Seq - Rep 1, DEX | FOXA1 ChIP-Seq - Rep 1, FOXA1 ChIP-Seq - Rep 2, 17BE2 | FOXA1 ChIP-Seq - Rep 2, FOXA1 ChIP-Seq - Rep 2, FOXA1 ChIP-Seq, FOXA1 ChIP-Seq - Rep 2, FOXA1 ChIP-Seq - Rep 1, DHT | FOXA1 ChIP-Seq, 17BE2 | FOXA1 ChIP-Seq - Rep 1, 17BE2 | FOXA1 ChIP-Seq - Rep 2, 17BE2 | FOXA1 ChIP-Seq - Rep 1, DEX | FOXA1 ChIP-Seq - Rep 2, FOXA1 IP - T47D cells",,,,,,,,,,,,
SPP,CTCF,ACOT7,leukocytes,"CTCF IP - MS1 cells, Rep 2 , CTCF IP - GM12875 cells, Rep 2 , CTCF IP - GM12815 cells, Rep 2, CTCF IP - GM12878 cells , CTCF IP - K562 cells, Rep 16 , CTCF IP - F36P cells, Rep 7 , CTCF IP - K562 cells, Rep 14 , CTCF IP - GM12814 cells, Rep 1, CTCF IP - GM2630 cells, Rep 3 , CTCF IP - GM12890 cells, Rep 3 , CTCF IP - MS1 cells, Rep 1 , CTCF IP - K562 cells, CTCF IP - HeLa cells, Rep 2 , CTCF IP - F36P cells, Rep 3 , CTCF IP - GM11894 cells, Rep 2, CTCF IP - NB4 cells , CTCF IP - GM12891 cells, Rep 2 , CTCF IP - GM11881 cells, CTCF IP - F36P cells, Rep 11 , CTCF IP - GM2610 cells, Rep 3 , CTCF IP - GM2630 cells, Rep 1 , CTCF IP - GM19240 cells, Rep 1 , CTCF IP - Â CD20+ cells , CTCF IP - GM06986 cells, CTCF IP - GM12868 cells , CTCF IP - GM19099 cells, Rep 2 , CTCF IP - GM12865 cells, Rep 1 , CTCF IP - F36P cells, Rep 18 , CTCF IP - GM12872 cells, Rep 2 , CTCF IP - GM19099 cells, Rep 1 , CTCF IP - GM12864 cells, Rep 3 , CTCF IP - GM19239 cells, Rep 2 , CTCF IP - GM10847 cells, Rep 2 , CTCF IP - GM18505 cells, Rep 1 , CTCF IP - GM12873 cells, Rep 1 , CTCF IP - GM12874 cells, Rep 2 , CTCF IP - F36P cells, Rep 17 , CTCF IP - GM12890 cells, Rep 2 , CTCF IP - F36P cells, Rep 19 , CTCF IP - GM19239 cells, Rep 1 , CTCF IP - GM12828 cells, CTCF IP - GM12005 cells, Rep 2, CTCF IP - GM12878 cells, Rep 1 , CTCF IP - F36P cells, Rep 13 , CTCF IP - K562 cells, CTCF IP - GM12864 cells, Rep 2 , CTCF IP - GM12234 cells, CTCF IP - GM11811 cells, Rep 1, CTCF IP - HL , CTCF IP - GM12287 cells, Rep 1, CTCF IP - MS1 cells, Rep 3 , CTCF IP - CD14+ cells , CTCF IP - GM18951 cells, Rep 2 , CTCF IP - GM12814 cells, Rep 2, CTCF IP - KU812 cells, Rep 5 , CTCF IP - GM12489 cells, Rep 1, CTCF IP - GM2255 cells, Rep 2 , CTCF ChIP-Seq - GM12878, CTCF IP - GM12891 cells, Rep 1 , CTCF IP - GM12749 cells, Rep 2, CTCF IP - HL-60 cells, Rep 5 , CTCF IP - GM06990 cells, Rep 2 , CTCF IP - K562 cells, Rep 15 , CTCF IP - GM2588 cells, Rep 2 , CTCF IP - MS1 cells, Rep 4 , CTCF IP - GM12874 cells, Rep 1 , CTCF IP - GM2588 cells, Rep 3 , CTCF IP - Â DND , CTCF IP - GM18486 cells, Rep 2 , CTCF IP - GM12873 cells, Rep 1 , CTCF IP - GM18505 cells, Rep 2 , CTCF IP - GM12878 cells, Rep 1 , CTCF IP - GM18526 cells, Rep 2 , CTCF IP - K562 cells, Rep 12 , CTCF IP - GM12287 cells, Rep 2, CTCF IP - F36P cells, Rep 2 , CTCF IP - GM18486 cells, Rep 1 , CTCF IP - GM12489 cells, Rep 2, CTCF IP - K562 cells, Rep 6 , CTCF IP - GM18951 cells, Rep 1 , CTCF IP - GM12892 cells, Rep 1 , CTCF IP - GM12867 cells , CTCF IP - GM12870 cells , CTCF IP - F36P cells, Rep 14 , CTCF IP - GM07037 cells, CTCF IP - GM2610 cells, Rep 1 , CTCF IP - GM12872 cells, Rep 3 , CTCF IP - GM12006 cells, Rep 2, CTCF IP - K562 cells, CTCF IP - GM12749 cells, Rep 1, CTCF IP - GM07346 cells, CTCF IP - GM11994 cells, Rep 2, CTCF IP - K562 cells, Rep 3 , CTCF IP - GM19193 cells, Rep 2 , CTCF IP - GM18526 cells, Rep 1 , CTCF IP, CTCF IP - GM12154 cells, Rep 2, CTCF IP - F36P cells, Rep 10 , CTCF IP - GM12864 cells, Rep 1 , CTCF IP - K562 cells, Rep 13 , CTCF IP - GM12892 cells, Rep 2 , CTCF IP - GM12873 cells, Rep 3 , CTCF IP - GM12875 cells, Rep 1 , CTCF IP - UT-7 cells, Rep 6 , CTCF IP - KU812 cells, Rep 13 , CTCF IP - GM12872 cells, CTCF IP - GM12890 cells, Rep 1 , CTCF IP - KU812 cells, Rep 17 , CTCF IP - UT-7 cells, Rep 3 , CTCF IP - K562 cells, Rep 2 , CTCF IP - GM18486 cells, Rep 3 , CTCF IP - K562 cells, Rep 11 , CTCF IP - GM12871 cells , CTCF IP - GM11831 cells, CTCF IP - GM12874 cells, CTCF IP - GM2630 cells, Rep 2 , CTCF IP - UT-7 cells, Rep 5 , CTCF IP - K562 cells , CTCF IP - GM2588 cells, Rep 1 , CTCF IP - GM12878 cells, Rep 2 , CTCF IP - K562 cells, Rep 7 , CTCF IP - GM12872 cells, Rep 1 , CTCF IP - GM11994 cells, Rep 1, CTCF IP - GM12815 cells, Rep 1, CTCF IP - K562 cells, Rep 1 , CTCF IP - F36P cells, Rep 15 , CTCF IP - GM12154 cells, Rep 1, CTCF IP - GM11992 cells, Rep 2, CTCF IP - GM2255 cells, Rep 1 , CTCF IP - F36P cells, Rep 6 , CTCF IP - GM2610 cells, Rep 2 , CTCF IP - GM11992 cells, Rep 1, CTCF IP - GM12866 cells , CTCF IP - F36P cells, Rep 5 , CTCF IP - GM19240 cells, Rep 2 , CTCF IP - UT-7 cells, Rep 4 , CTCF IP - GM19238 cells, Rep 1 , CTCF IP - HL-60 cells, Rep 3 , CTCF IP - F36P cells, Rep 9 , CTCF IP - GM12878 cells, Rep 2 , CTCF IP - GM19238 cells, Rep 2 , CTCF IP - UT-7 cells, Rep 1 , CTCF IP - KU812 cells, Rep 1 , CTCF IP - GM12869 cells , CTCF IP - K562 cells, Rep 9 , CTCF IP - GM11811 cells, Rep 2, CTCF IP - GM12865 cells, Rep 3 , CTCF IP - GM19193 cells, Rep 1 , CTCF IP - KU812 cells, Rep 9 , CTCF IP - UT-7 cells, Rep 2 , CTCF IP - GM12865 cells, Rep 2 , CTCF IP - GM06990 cells, Rep 1 , CTCF IP - K562 cells, Rep 1 , CTCF IP - GM11894 cells, Rep 1, CTCF IP - K562 cells, Rep 5 , CTCF IP - GM10847 cells, Rep 1 , CTCF IP - F36P cells, Rep 1 , CTCF IP - GM2255 cells, Rep 3 ",,,,,,,,,,,,
SPP,IRF1,ACOT7,pancreas,IRF1 IP,,,,,,,,,,,,
SPP,CTCF,ACOT7,hspcs,"CTCF IP - HEL 92.1.7 cells, Rep 5 , CTCF IP - HEL 92.1.7 cells, Rep 1 , CTCF IP - Erythroid cells, Rep 2, CTCF IP - HEL 92.1.7 cells, Rep 7 , CTCF IP - HEL 92.1.7 cells, Rep 13 , CTCF IP - HEL 92.1.7 cells, Rep 2 , CTCF IP - HSPCs, Rep 2, CTCF IP - HEL 92.1.7 cells, Rep 4 , CTCF IP - HEL 92.1.7 cells, Rep 10 , CTCF IP - Erythroid cells, Rep 1, CTCF IP - HEL 92.1.7 cells, Rep 11 , CTCF IP - HSPCs, Rep 1, CTCF IP - HEL 92.1.7 cells, Rep 8 , CTCF IP - HEL 92.1.7 cells, Rep 14 ",,,,,,,,,,,,
SPP,GABPA,ACOT7,uterus,GABPA IP - HeLa cells,,,,,,,,,,,,
SPP,TCF21,ACOT7,vasculature,"TCF21 IP, TCF21 IP, TCF21 IP, TCF21 IP",,,,,,,,,,,,
SPP,EBF1,ACOT7,leukocytes,"EBF1 IP - GM12878 cells, EBF1 IP - GM12878 cells",,,,,,,,,,,,
SPP,DEX,ACOT7,mammarygland,"DEX | FOXA1 ChIP-Seq - Rep 1, DEX | FOXA1 ChIP-Seq - Rep 1, DEX | FOXA1 ChIP-Seq - Rep 1, JUN IP | DEX, DEX | FOXA1 ChIP-Seq - Rep 2",,,,,,,,,,,,
SPP,YY1,ACOT7,leukocytes,"YY1 IP - K562 cells, Rep 1, YY1 IP - GM12878 cells, YY1 IP - GM12891 cells, YY1 IP - GM12892 cells, Rep 1, YY1 IP - K562 cells, Rep 2",,,,,,,,,,,,
SPP,ARID3A,ACOT7,liver,ARID3A IP - HepG2 cells,,,,,,,,,,,,
SPP,RELA,ACOT7,leukocytes,"RELA IP | TNF - GM15510 cells, RELA IP | TNF - GM19099 cells, RELA IP | TNF - GM19193 cells, RELA IP | TNF - GM12878 cells, RELA IP | TNF - GM18951 cells, RELA IP | BAY082  - IVD Th1 cells, PIA, RELA IP - IVD Th1 cells, PIA, RELA IP | TNF - GM10847 cells, RELA IP | TNF - GM18505 cells, RELA IP | TNF - GM12891 cells, RELA IP | TNF - GM12892 cells",,,,,,,,,,,,
SPP,TNF,ACOT7,leukocytes,"RELA IP | TNF - GM15510 cells, RELA IP | TNF - GM19193 cells, RELA IP | TNF - GM12878 cells, RELA IP | TNF - GM18951 cells, RELA IP | TNF - GM10847 cells, RELA IP | TNF - GM18505 cells, RELA IP | TNF - GM12891 cells, RELA IP | TNF - GM12892 cells",,,,,,,,,,,,
SPP,CTCF,ACOT7,sensory,"CTCF IP - HRPEpiC cells, Rep 2 , CTCF IP - WERI , CTCF IP - WERI-Rb-1- cells, Rep 1 , CTCF IP - HRPEpiC cells, Rep 1 ",,,,,,,,,,,,
SPP,MXI1,ACOT7,liver,MXI1 IP - HepG2 cells,,,,,,,,,,,,
SPP,CTCF,ACOT7,adiposetissue,"CTCF ChIP-Seq - d -2, CTCF ChIP-Seq - d 0, CTCF ChIP-Seq - dÂ 3, CTCF ChIP-Seq - d 9",,,,,,,,,,,,
SPP,ASCL1,ACOT7,skin,"ASCL1 IP - NHEK, ASCL1 IP - NHDF",,,,,,,,,,,,
SPP,FOXA1,ACOT7,pancreas,"FOXA1 IP, FOXA1 IP",,,,,,,,,,,,
SPP,GATA2,ACOT7,prostate,"GATA2 ChIP-Seq - Rep 1, CON KD |Â GATA2 ChIP-Seq, GATA2 ChIP-Seq, GATA2 KD + R1881 |Â GATA2 ChIP-Seq, CON KD + R1881 |Â GATA2 ChIP-Seq, FOXA1 + FBS |Â GATA2 ChIP-Seq, CON KD  |Â GATA2 ChIP-Seq, CON KD + FBS |Â GATA2 ChIP-Seq, GATA2 KD  |Â FOXA1 ChIP-Seq, FOXA1 KD |Â GATA2 ChIP-Seq, GATA2 KD + R1881 |Â FOXA1 ChIP-Seq, GATA2 ChIP-Seq - Rep 2",,,,,,,,,,,,
SPP,GABPA,ACOT7,liver,"GABPA IP - MCF7 cells, GABPA IP - HepG2 cells",,,,,,,,,,,,
SPP,GTF2B,ACOT7,uterus,"GTF2B IP - Rep 2, GTF2B IP - Rep 3",,,,,,,,,,,,
SPP,TCF12,ACOT7,leukocytes,TCF12 IP - GM12878 cells,,,,,,,,,,,,
SPP,YY1,ACOT7,stemcells,YY1 IP - H1 cells,,,,,,,,,,,,
SPP,CTCF,ACOT7,vasculature,"CTCF IP - HUVEC cells, Rep 1 , CTCF IP - AoAFC cells, Rep 2 , CTCF IP - HPAF cells, Rep 2 , CTCF IP - HUVEC cells, Rep 2 , CTCF IP - HPAF cells, Rep 1 , CTCF IP - AoAFC cells, Rep 1 , CTCF IP - HUVEC cells , CTCF IP - HBMEC cells, Rep 1 , CTCF IP - HBMEC cells, Rep 2 ",,,,,,,,,,,,
SPP,CEBPB,ACOT7,stemcells,"CEBPB IP, CEBPB IP, CEBPB IP, CEBPB IP - H1 cells, CEBPB IP",,,,,,,,,,,,
SPP,CTCF,ACOT7,mammarygland,"CTCF IP - MCF-7 cells Rep 2 , CTCF IP - MCF-7 cells, Rep 1 , CTCF IP - HMF cells, Rep 1 , CTCF IP - MCF7 cells, CTCF IP - T47D cells, CTCF IP - HMF cells, Rep 2 , CTCF IP - HMEC cells , CTCF IP - HMEC cells, Rep 2 , CTCF IP - HMEC cells, Rep 1 ",,,,,,,,,,,,
SPP,17BE2,ACOT7,mammarygland,"17BE2 | FOXA1 ChIP-Seq, 17BE2 | FOXA1 ChIP-Seq - Rep 1, 17BE2 | FOXA1 ChIP-Seq - Rep 2, 17BE2 | FOXA1 ChIP-Seq - Rep 1, 17BE2 | FOXA1 ChIP-Seq - Rep 2, 17BE2 | FOXA1 ChIP-Seq - Rep 1",,,,,,,,,,,,
SPP,E2F1,ACOT7,prostate,"E2F1 ChIP-Seq - Rep 2, E2F1 ChIP-Seq - Rep 3, HES6 OE | E2F1 ChIP-Seq - Rep 1, HES6 OE + BICALU | E2F1 ChIP-Seq - Rep 1, E2F1 ChIP-Seq - Rep 4, E2F1 ChIP-Seq - Rep 1, HES6 OE + BICALU | E2F1 ChIP-Seq - Rep 3, BICALU | E2F1 ChIP-Seq - Rep 1, BICALU | E2F1 ChIP-Seq - Rep 2, BICALU | E2F1 ChIP-Seq - Rep 3, HES6 OE | E2F1 ChIP-Seq - Rep 2, HES6 OE | E2F1 ChIP-Seq - Rep 3",,,,,,,,,,,,
SPP,CTCF,ACOT7,placenta,"CTCF IP - HVMF cells, Rep 2 , CTCF IP - HVMF cells, Rep 1 ",,,,,,,,,,,,
SPP,CTCF,ACOT7,skin,"CTCF IP - AG10803 cells, Rep 2 , CTCF IP - AG04449 cells, Rep 1 , CTCF IP - NHDF cells , CTCF IP - HFFC cells, Rep 1 , CTCF IP - HFFC cells, Rep 3 , CTCF IP - NHDF cells, Rep 1 , CTCF IP - HFFC cells, Rep 2 , CTCF IP - BJ cells, Rep 2 , CTCF IP - NHEK cells, Rep 2 , CTCF IP - NHEK cells , CTCF IP - AG04449 cells, Rep 2 , CTCF IP - BJ cells, Rep 1 , CTCF IP - GM12878 cells, Rep 2 , CTCF IP - AG10803 cells, Rep 1 , CTCF IP - AG09309 cells, Rep 2 , CTCF IP - AG09309 cells, Rep 1 , CTCF IP - NHDF cells, Rep 2 ",,,,,,,,,,,,
SPP,IRF1,ACOT7,colon,IRF1 IP ,,,,,,,,,,,,
SPP,USF1,ACOT7,leukocytes,"USF1 IP - K562 cells, USF1 IP - GM12878 cells",,,,,,,,,,,,
SPP,FOS,ACOT7,mammarygland,"FOS IP | 4HT - MCF10A cells, 36 h, FOS IP | 4HT - MCF10A cells, 4 h, FOS IP | 4HT - MCF10A cells, 12 h, FOS IP - MCF10A cells",,,,,,,,,,,,
SPP,4HT,ACOT7,mammarygland,"FOS IP | 4HT - MCF10A cells, 36 h, FOS IP | 4HT - MCF10A cells, 4 h, STAT3 IP | 4HT - MCF10 cells, 12 h, E2F4 IP | 4HT - MCF10 cells, STAT3 IP | 4HT - MCF10 cells, 36 h, FOS IP | 4HT - MCF10A cells, 12 h, MYC IP | 4HT - MCF10A cells",,,,,,,,,,,,
SPP,CEBPB,ACOT7,lung,"CEBPB ChIP-Seq - IMR90, CEBPB ChIP-Seq - A549",,,,,,,,,,,,
SPP,MYB,ACOT7,leukocytes,"MYB IP - Jurkat, Rep 2, MYB IP - Jurkat, Rep 1, MYB IP - Jurkat, Rep 3, MYB IP - MOLT3, MYB IP - Jurkat, Rep 5, MYB IP - Jurkat, Rep 4",,,,,,,,,,,,
SPP,ZBTB7A,ACOT7,uterus,ZBTB7A IP - ECC1 cells,,,,,,,,,,,,
SPP,R1881,ACOT7,prostate,"PIAS1 + R1881 | FOXA1 ChIP-Seq - Rep 2, CON KD + R1881 |Â FOXA1 ChIP-Seq, PIAS1 + R1881 | FOXA1 ChIP-Seq - Rep 1, GATA2 KD + R1881 |Â GATA2 ChIP-Seq, CON KD + R1881 |Â GATA2 ChIP-Seq, R1881 | FOXA1 ChIP-Seq - Rep 1, CON KD + R1881 | FOXA1 ChIP-Seq - Rep 1, GABPA IP | R1881, GATA2 KD + R1881 |Â FOXA1 ChIP-Seq, R1881 | FOXA1 ChIP-Seq - Rep 2, CON KD + R1881 | FOXA1 ChIP-Seq - Rep 2",,,,,,,,,,,,
SPP,PIAS1,ACOT7,prostate,"PIAS1 + R1881 | FOXA1 ChIP-Seq - Rep 2, PIAS1 + R1881 | FOXA1 ChIP-Seq - Rep 1",,,,,,,,,,,,
SPP,MYC,ACOT7,leukocytes,"MYC IP | IFNG - K562 cells, 6 h, MYC IP | IFNG - K562 cells, 30 min, MYC IP | IFNA1 - K562 cells, 6 h, MYC IP - K562 cells, Rep 2, MYC IP - NB4 cells, MYC IP | IFNA1 - K562 cells, 30 min, MYC IP - K562 cells, Rep 1",,,,,,,,,,,,
SPP,IFNG,ACOT7,leukocytes,"MYC IP | IFNG - K562 cells, 6 h, STAT1 IP - Rep 5, MYC IP | IFNG - K562 cells, 30 min, STAT1 IP - Rep 1, STAT1 IP - Rep 4, STAT1 IP - Rep 2, IRF1 IP - Rep 3, STAT1 IP - Rep 3, IRF1 IP | IFNG - K562 cells, 30 min, IRF1 IP | IFNG - K562 cells, 6 h, STAT1 IP | IFNG - K562 cells, 6 h",,,,,,,,,,,,
SPP,RUNX1,ACOT7,leukocytes,"RUNX1 IP, RUNX1 IP - Rep 1, RUNX1 IP, RUNX1 IP - Rep 2",,,,,,,,,,,,
SPP,IRF1,ACOT7,leukocytes,"IRF1 IP | IFNA1-13 - K562 cells, 6 h, IRF1 IP | IFNA1-13 - K562 cells, 30 min, IRF1 IP - Rep 3, IRF1 IP | IFNG - K562 cells, 30 min, IRF1 IP | IFNG - K562 cells, 6 h",,,,,,,,,,,,
SPP,IFNA1,ACOT7,leukocytes,"IRF1 IP | IFNA1-13 - K562 cells, 6 h, IRF1 IP | IFNA1-13 - K562 cells, 30 min, MYC IP | IFNA1 - K562 cells, 6 h, STAT2 IP | IFNA1-13 - K562 cells, 30 min, STAT1 IP | IFNA1-13 - K562 cells, 6 h, MYC IP | IFNA1 - K562 cells, 30 min, STAT2 IP | IFNA1-13 - K562 cells, 6 h",,,,,,,,,,,,
SPP,FOXM1,ACOT7,mammarygland,"FOXM1 IP | THSP - DS006, FOXM1 IP | THSP - DS008",,,,,,,,,,,,
SPP,CTCF,ACOT7,kidney,"CTCF IP - RPTEC cells, Rep 1 , CTCF IP - HEK293 cells, Rep 2 , CTCF IP - HEK293 cells, Rep 1 , CTCF IP - HRE cells, Rep 1 , CTCF IP - RPTEC cells, Rep 2 , CTCF IP - HRE cells, Rep 2 ",,,,,,,,,,,,
SPP,CTCF,ACOT7,lung,"CTCF IP | DEX - A549 cells, CTCF IP - AG04450 cells, Rep 2 , CTCF IP - HPF cells, Rep 2 , CTCF IP - WI-38 cells, Rep 1 , CTCF IP - A549 cells, CTCF IP - A549 cells, Rep 2 , CTCF IP - NHLF cells , CTCF ChIP-Seq - A549, CTCF IP - AG04450 cells, Rep 1 , CTCF IP - IMR cells, CTCF IP - WI-38 cells, Rep 2 , CTCF IP | DEX - A549 cells , CTCF IP - A549 cells , CTCF IP - SAEC cells, Rep 2 , CTCF IP - HPF cells, Rep 1 , CTCF IP - A549 cells, Rep 1 , CTCF IP - NHLF cells , CTCF IP - SAEC cells, Rep 1 ",,,,,,,,,,,,
SPP,DEX,ACOT7,lung,"CTCF IP | DEX - A549 cells, FOXA1 IP | DEX - A549 cells, CTCF IP | DEX - A549 cells , CREB1 IP | DEX - A549 cells, USF1 IP | DEX - A549 cells",,,,,,,,,,,,
SPP,NFKB2,ACOT7,leukocytes,"NFKB2 IP - Rep 2, NFKB2 IP - Rep 1",,,,,,,,,,,,
SPP,GATA2,ACOT7,vasculature,GATA2 IP - HUVEC cells,,,,,,,,,,,,
SPP,E2F1,ACOT7,mammarygland,"E2F1 IP - MCF7 cells, E2F1 IP",,,,,,,,,,,,
SPP,REST,ACOT7,cns,"REST IP - PFSK1 cells, Rep 2, REST IP - PFSK-N-SH cells1 cells, Rep 1, REST IP - SK cells, REST IP - U87 cells",,,,,,,,,,,,
SPP,JUN,ACOT7,mammarygland,"JUN IP, JUN IP - Rep 2, JUN IP | DEX, JUN IP - Rep 1",,,,,,,,,,,,
SPP,ELF1,ACOT7,colon,ELF1 IP - HCT116 cells,,,,,,,,,,,,
SPP,FOSL2,ACOT7,cns,FOSL2 IP - SK-N-SH cells,,,,,,,,,,,,
SPP,CTCF,ACOT7,colon,"CTCF IP - HCT116 cells, Rep 2 , CTCF IP - Caco-2 cells, Rep 1 , CTCF IP - HCT116 cells, Rep 1 , CTCF IP - HCT116 cells, CTCF IP - Caco , CTCF IP - Rep 2 ",,,,,,,,,,,,
SPP,ETS1,ACOT7,leukocytes,"ETS1 IP, ETS1 IP - K562 cells, ETS1 IP - GM12878 cells",,,,,,,,,,,,
SPP,E2F3,ACOT7,colon,E2F3 IP ,,,,,,,,,,,,
SPP,FOXA1,ACOT7,liver,"FOXA1 IP - HepG2 cells, Rep 1, FOXA1 IP - HepG2 cells, Rep 2",,,,,,,,,,,,
SPP,STAT5A,ACOT7,leukocytes,STAT5A IP - K562 cells,,,,,,,,,,,,
SPP,GATA2,ACOT7,leukocytes,"GATA2 IP - K562 cells, GATA2 IP - K562 cells",,,,,,,,,,,,
SPP,MAX,ACOT7,leukocytes,"MAX IP - NB4 cells, MAX IP - K562 cells, Rep 2, MAX IP - GM12878 cells, MAX IP - K562 cells, MAX IP - K562 cells, Rep 1",,,,,,,,,,,,
SPP,GATA3,ACOT7,cns,"GATA3 IP - SHSY5Y cells, GATA3 IP - SK-N-SH cells",,,,,,,,,,,,
SPP,ATF3,ACOT7,leukocytes,ATF3 IP - K562 cells,,,,,,,,,,,,
SPP,CTCF,ACOT7,stemcells,"CTCF IP - Rep 6 , CTCF IP - H1 cells, CTCF IP - Rep 5 , CTCF IP - Rep 2 , CTCF IP - Rep 4 , CTCF IP - Rep 7 , CTCF IP - Rep 1 , CTCF IP - H1 cells , CTCF IP - Rep 3 ",,,,,,,,,,,,
SPP,TP63,ACOT7,skin,"TP63 IP, TP63 IP, TP63 IP, TP63 IP | BANF1 KD",,,,,,,,,,,,
SPP,SRF,ACOT7,stemcells,"SRF IP - Rep 4 , SRF IP - Rep 7 , SRF IP - Rep 5 , SRF IP - Rep 1 , SRF IP - Rep 3 ",,,,,,,,,,,,
SPP,FOXA1,ACOT7,lung,"FOXA1 IP - A549 cells, FOXA1 IP | DEX - A549 cells",,,,,,,,,,,,
SPP,CREB1,ACOT7,liver,"CREB1 IP, CREB1 IP - HepG2 cells",,,,,,,,,,,,
SPP,CTCF,ACOT7,megakaryocytelineage,"CTCF IP - MEG-01 cells, Rep 6 , CTCF IP - MEG-01 cells, Rep 2 , CTCF IP - MEG-01 cells, Rep 4 , CTCF IP - MEG-01 cells, Rep 10 , CTCF IP - MEG-01 cells, Rep 8 ",,,,,,,,,,,,
SPP,ELF1,ACOT7,mammarygland,ELF1 IP - MCF7 cells,,,,,,,,,,,,
SPP,TEAD4,ACOT7,stemcells,TEAD4 IP - H1 cells,,,,,,,,,,,,
SPP,SPI1,ACOT7,leukocytes,"SPI1 IP - GM12878 cells, Rep 2 , SPI1 IP, SPI1 IP, SPI1 IP, SPI1 IP - HL cells, SPI1 IP - GM12878 cells, Rep 3 , SPI1 IP - GM12878 cells, Rep 4 , SPI1 IP, SPI1 IP, SPI1 IP, SPI1 IP - U-937 cells, Rep 4 , SPI1 IP - GM12891 cells, SPI1 IP - GM12878 cells, SPI1 IP",,,,,,,,,,,,
SPP,FOXA2,ACOT7,stemcells,"FOXA2 IP - ES D10, FOXA2 IP - ES D2, FOXA2 IP - ES D5, FOXA2 IP - ES D7",,,,,,,,,,,,
SPP,GATA4,ACOT7,stomach,"GATA4 IP - AGS, GATA4 IP - YCC3",,,,,,,,,,,,
SPP,CREB1,ACOT7,leukocytes,"CREB1 IP - K562 cells, CREB1 IP - GM12878 cells",,,,,,,,,,,,
SPP,MYC,ACOT7,mammarygland,"MYC IP - MCF-10A cells, MYC IP, DHT | MYC ChIP-Seq, MYC IP | 4HT - MCF10A cells",,,,,,,,,,,,
SPP,GATA4,ACOT7,stemcells,"GATA4 IP - Rep 5 , GATA4 IP - Rep 1 , GATA4 IP - Rep 6 , GATA4 IP - Rep 4 , GATA4 IP - Rep 8 , GATA4 IP - Rep 7 , GATA4 IP - Rep 13 ",,,,,,,,,,,,
SPP,MXI1,ACOT7,stemcells,MXI1 IP - H1 cells,,,,,,,,,,,,
SPP,CTCF,ACOT7,cns,"CTCF IP - NHA cells , CTCF IP - SK-N-SH cells, Rep 1 , CTCF IP - spinal cord astrocyte cells, Rep 1 , CTCF IP - spinal cord astrocyte cells, Rep 2 , CTCF IP - SK-N-SH cells , CTCF IP - cerebellar astrocyte cells, Rep 2 , CTCF IP - cerebellar astrocyte cells, Rep 1 , CTCF IP - HCPEpiC cells, Rep 2 , CTCF IP - SK cells, CTCF IP - SK-N-SH cells, Rep 2 , CTCF IP - BE(2)-C cells, Rep 1 , CTCF IP - BE(2)-C cells, Rep 2 , CTCF IP - HCPEpiC cells, Rep 1 ",,,,,,,,,,,,
SPP,REST,ACOT7,mammarygland,REST IP - MCF7 cells,,,,,,,,,,,,
SPP,MYBL2,ACOT7,liver,MYBL2 IP - HepG2 cells,,,,,,,,,,,,
SPP,USF1,ACOT7,lung,"USF1 IP - A549 cells, Rep 2, USF1 IP - A549 cells, Rep 1, USF1 IP | DEX - A549 cells",,,,,,,,,,,,
SPP,CTCF,ACOT7,uterus,"CTCF IP - HeLa cells , CTCF IP - ECC1 cells, CTCF IP - HeLa cells, Rep 1 ",,,,,,,,,,,,
SPP,GATA1,ACOT7,hspcs,"GATA1 IP - PBDE cells, Rep 1, GATA1 IP - Rep 2, GATA1 IP - Rep 1, GATA1 IP - Rep 3",,,,,,,,,,,,
SPP,TBP,ACOT7,leukocytes,"TBP IP - GM12878 cells, TBP IP - K562 cells",,,,,,,,,,,,
SPP,NFYB,ACOT7,leukocytes,"NFYB IP - K562 cells, NFYB IP - GM12878 cells",,,,,,,,,,,,
SPP,MXI1,ACOT7,lung,MXI1 IP - IMR cells,,,,,,,,,,,,
SPP,GABPA,ACOT7,cns,GABPA IP - SK-N-SH cells,,,,,,,,,,,,
SPP,MYC,ACOT7,uterus,MYC IP - HeLa cells,,,,,,,,,,,,
SPP,CEBPB,ACOT7,uterus,CEBPB ChIP-Seq - HeLaS3,,,,,,,,,,,,
SPP,USF2,ACOT7,leukocytes,"USF2 IP - K562 cells, USF2 IP - GM12878 cells",,,,,,,,,,,,
SPP,STAT1,ACOT7,leukocytes,"STAT1 IP - Rep 5, STAT1 IP - Rep 1, STAT1 IP - Rep 4, STAT1 IP - Rep 2, STAT1 IP - Rep 3, STAT1 IP | IFNA1-13 - K562 cells, 6 h, STAT1 IP | IFNG - K562 cells, 6 h",,,,,,,,,,,,
SPP,STAT3,ACOT7,mammarygland,"STAT3 IP | 4HT - MCF10 cells, 12 h, STAT3 IP | 4HT - MCF10 cells, 36 h, STAT3 IP - MCF10A cells, Rep 2",,,,,,,,,,,,
SPP,HES6,ACOT7,prostate,"HES6 OE | E2F1 ChIP-Seq - Rep 1, HES6 OE + BICALU | E2F1 ChIP-Seq - Rep 1, HES6 OE + BICALU | E2F1 ChIP-Seq - Rep 3, HES6 OE | E2F1 ChIP-Seq - Rep 2, HES6 OE | E2F1 ChIP-Seq - Rep 3",,,,,,,,,,,,
SPP,BICALU,ACOT7,prostate,"HES6 OE + BICALU | E2F1 ChIP-Seq - Rep 1, HES6 OE + BICALU | E2F1 ChIP-Seq - Rep 3, BICALU | E2F1 ChIP-Seq - Rep 1, BICALU | E2F1 ChIP-Seq - Rep 2, BICALU | E2F1 ChIP-Seq - Rep 3",,,,,,,,,,,,
SPP,RELB,ACOT7,leukocytes,"RELB IP - Rep 2, RELB IP - Rep 1",,,,,,,,,,,,
SPP,HEY1,ACOT7,leukocytes,HEY1 IP - K562 cells,,,,,,,,,,,,
SPP,ELF1,ACOT7,leukocytes,"ELF1 IP - SK-N-SH cells, ELF1 IP - SK-N-SH cells",,,,,,,,,,,,"20517297,20517297,"
SPP,STAT5B,ACOT7,leukocytes,"STAT5B IP | H9, Rep 2, STAT5B IP | IL2 - Rep 2, STAT5B IP | H9, Rep 2, STAT5B IP | IL2 - Rep 2",,,,,,,,,,,,
SPP,H9,ACOT7,leukocytes,"STAT5B IP | H9, Rep 2, STAT5B IP | H9, Rep 2",,,,,,,,,,,,
SPP,MAFK,ACOT7,stemcells,MAFK IP - H1 cells,,,,,,,,,,,,
SPP,MYC,ACOT7,liver,MYC IP,,,,,,,,,,,,
SPP,ELF3,ACOT7,pancreas,"ELF3 IP | KLF5 KO, ELF3 IP, ELF3 IP",,,,,,,,,,,,
SPP,KLF5,ACOT7,pancreas,"ELF3 IP | KLF5 KO, KLF5 IP",,,,,,,,,,,,
SPP,GATA6,ACOT7,stomach,"GATA6 IP - AGS, GATA6 IP - YCC3",,,,,,,,,,,,
SPP,BHLHE40,ACOT7,leukocytes,"BHLHE40 IP - K562 cells, BHLHE40 IP - GM12878 cells",,,,,,,,,,,,
SPP,AR,ACOT7,prostate,"WT AR OE + FOXA1 OE | FOXA1 ChIP-Seq - high FOXA1, AR C562S OE + FOXA1 OE | FOXA1 ChIP-Seq, WT AR OE + FOXA1 OE | FOXA1 ChIP-Seq, AR Q640X OE + FOXA1 OE | FOXA1 ChIP-Seq",,,,,,,,,,,,"19668381,19668381,"
SPP,CEBPB,ACOT7,leukocytes,"CEBPB IP - HL-60 cells, Rep 1 , CEBPB IP - K562 cells, CEBPB ChIP-Seq - K562, CEBPB IP - HL-60 cells, Rep 2 ",,,,,,,,,,,,
SPP,MYC,ACOT7,bone,"MYC IP, MYC IP, MYC IP",,,,,,,,,,,,
SPP,POU2F2,ACOT7,leukocytes,POU2F2 IP - GM12878 cells,,,,,,,,,,,,
SPP,OTX2,ACOT7,stemcells,OTX2 IP - Rep 10 ,,,,,,,,,,,,
SPP,MAX,ACOT7,uterus,"MAX IP - HeLa cells, Rep 1, MAX IP - ECC1 cells, MAX IP - HeLa cells, Rep 2",,,,,,,,,,,,
SPP,GATA1,ACOT7,leukocytes,"GATA1 ChIP-Seq - SC266, GATA1 ChIP-Seq - K562",,,,,,,,,,,,
SPP,FOXA2,ACOT7,lung,FOXA2 IP - A549 cells,,,,,,,,,,,,
SPP,MAX,ACOT7,lung,"MAX IP - A549 cells, MAX IP - A549 cells",,,,,,,,,,,,
SPP,STAT1,ACOT7,uterus,"STAT1 IP | IFNG - HeLa cells, 30 min",,,,,,,,,,,,
SPP,IFNG,ACOT7,uterus,"STAT1 IP | IFNG - HeLa cells, 30 min",,,,,,,,,,,,
SPP,SP1,ACOT7,colon,SP1 IP - HCT116 cells,,,,,,,,,,,,
SPP,FOSL1,ACOT7,mammarygland,FOSL1 IP,,,,,,,,,,,,
SPP,MAX,ACOT7,stemcells,"MAX IP - H1 cells, MAX IP - H1 cells",,,,,,,,,,,,
SPP,E2F6,ACOT7,stemcells,E2F6 IP - H1 cells,,,,,,,,,,,,
SPP,NFYB,ACOT7,uterus,NFYB IP - HeLa cells,,,,,,,,,,,,
SPP,CEBPB,ACOT7,mammarygland,CEBPB IP - MCF7 cells,,,,,,,,,,,,
SPP,SP1,ACOT7,lung,SP1 IP - A549 cells,,,,,,,,,,,,
SPP,REST,ACOT7,liver,"REST IP - HepG2 cells, Rep 1",,,,,,,,,,,,
SPP,PBX3,ACOT7,cns,PBX3 IP - SK-N-SH cells,,,,,,,,,,,,
SPP,CEBPB,ACOT7,liver,"CEBPB ChIP-Seq - HepG2, CEBPB IP - HepG2 cells, CEBPB IP | FORSK - HepG2 cells",,,,,,,,,,,,
SPP,PAX5,ACOT7,leukocytes,"PAX5 IP - GM12891 cells, PAX5 IP - GM12878 cells, Rep 1, PAX5 IP - GM12878 cells, Rep 2, PAX5 IP - GM12892 cells",,,,,,,,,,,,
SPP,NANOG,ACOT7,stemcells,NANOG IP - H1 cells,,,,,,,,,,,,
SPP,NFKB1,ACOT7,leukocytes,"NFKB1 IP - Rep 1, NFKB1 IP - Rep 2",,,,,,,,,,,,
SPP,CTCF,ACOT7,miscellaneous,"CTCF IP - AG09319 cells, Rep 2 , CTCF IP - AG09319 cells, Rep 1 ",,,,,,,,,,,,
SPP,YY1,ACOT7,cns,"YY1 IP - SK-N-SH cells, YY1 IP | ATRA - SK-N-SH cells",,,,,,,,,,,,
SPP,SATB1,ACOT7,liver,SATB1 IP,,,,,,,,,,,,
SPP,E2F4,ACOT7,mammarygland,E2F4 IP | 4HT - MCF10 cells,,,,,,,,,,,,
SPP,CTCF,ACOT7,heart,"CTCF IP - HCF cells , CTCF IP - myocytes cells, Rep 1 , CTCF IP - myocytes cells, Rep 2 ",,,,,,,,,,,,
SPP,TBP,ACOT7,liver,TBP IP - HepG2 cells,,,,,,,,,,,,
SPP,SMAD4,ACOT7,stemcells,SMAD4 ChIP-Seq - ESCs,,,,,,,,,,,,
SPP,TP53,ACOT7,mammarygland,"TP53 IP, TP53 IP | NUTL3 - MCF-7",,,,,,,,,,,,
SPP,SP1,ACOT7,leukocytes,"SP1 IP - K562 cells, SP1 IP - GM12878 cells",,,,,,,,,,,,
SPP,BHLHE40,ACOT7,liver,BHLHE40 IP - HepG2 cells,,,,,,,,,,,,
SPP,MAX,ACOT7,vasculature,MAX IP - HUVEC cells,,,,,,,,,,,,
SPP,KLF11,ACOT7,adiposetissue,"ROSI (BrAT) | KLF11 ChIP-Seq, Rep 1, KLF11 ChIP-Seq, Rep 1, ROSI (BrAT) | KLF11 ChIP-Seq, Rep 2, KLF11 ChIP-Seq, Rep 2",,,,,,,,,,,,
SPP,ROSI,ACOT7,adiposetissue,"ROSI (BrAT) | KLF11 ChIP-Seq, Rep 1, ROSI (BrAT) | KLF11 ChIP-Seq, Rep 2",,,,,,,,,,,,
SPP,FOSL2,ACOT7,liver,FOSL2 IP - HepG2 cells,,,,,,,,,,,,
SPP,TCF12,ACOT7,lung,TCF12 IP - A549 cells,,,,,,,,,,,,
SPP,CTCF,ACOT7,bone,"CTCF IP - Osteoblasts , CTCF IP",,,,,,,,,,,,
SPP,JUND,ACOT7,cns,"JUND IP - SK-N-SH cells , JUND IP - SK-N-SH cells",,,,,,,,,,,,
SPP,TP73,ACOT7,bone,"TP73 IP - alpha isoform, Rep 1",,,,,,,,,,,,
SPP,CTCF,ACOT7,esophagus,"CTCF IP - HEEpiC cells, Rep 1 , CTCF IP - HEEpiC cells, Rep 2 ",,,,,,,,,,,,
SPP,IRF4,ACOT7,leukocytes,IRF4 IP,,,,,,,,,,,,
SPP,CEBPB,ACOT7,colon,"CEBPB IP, CEBPB IP - HCT116 cells, CEBPB IP | 125DVD3",,,,,,,,,,,,
SPP,GATA2,ACOT7,cns,GATA2 ChIP-Seq SH-SY5Y,,,,,,,,,,,,
SPP,E2F1,ACOT7,uterus,"E2F1 IP - HeLa cells, Rep 1, E2F1 IP - HeLa cells, Rep 2",,,,,,,,,,,,
SPP,TP53,ACOT7,skin,TP53 IP - Adriam,,,,,,,,,,,,
SPP,E2F4,ACOT7,leukocytes,"E2F4 IP - K562 cells, E2F4 IP - GM12878 cells",,,,,,,,,,,,
SPP,BAY082,ACOT7,leukocytes,"RELA IP | BAY082  - IVD Th1 cells, PIA",,,,,,,,,,,,
SPP,REST,ACOT7,leukocytes,REST IP - K562 cells,,,,,,,,,,,,
SPP,ATF3,ACOT7,colon,"ATF3 IP, ATF3 IP - HCT116 cells, ATF3 IP | CAMPTO",,,,,,,,,,,,
SPP,CTCF,ACOT7,skeletalmuscle,"CTCF IP - HSMM cells, Rep 1 , CTCF IP - HSMM cells, Rep 2 ",,,,,,,,,,,,
SPP,JUN,ACOT7,leukocytes,"JUN IP - K562 cells, Rep 1, JUN IP - K562 cells, Rep 2",,,,,,,,,,,,
SPP,DHT,ACOT7,mammarygland,"DHT | MYC ChIP-Seq, DHT | FOXA1 ChIP-Seq",,,,,,,,,,,,
SPP,TP63,ACOT7,lung,TP63 IP - HCC95,,,,,,,,,,,,
SPP,RELA,ACOT7,adiposetissue,"RELA IP, RELA IP, RELA IP",,,,,,,,,,,,
SPP,GABPA,ACOT7,leukocytes,"GABPA IP - K562 cells, GABPA IP - Jurkat, Rep 2",,,,,,,,,,,,
SPP,ARID3A,ACOT7,leukocytes,ARID3A IP - K562 cells,,,,,,,,,,,,
SPP,ZNF143,ACOT7,leukocytes,"ZNF143 IP - GM12878 cells, ZNF143 IP - K562 cells",,,,,,,,,,,,
SPP,ERG,ACOT7,prostate,"ERG ChIP-Seq, DHT | ERG ChIP-Seq - 18 h, DHT | ERG ChIP-Seq - 2 h, ERG ChIP-Seq",,,,,,,,,,,,
SPP,CTCF,ACOT7,liver,"CTCF IP - HepG2 cells , CTCF IP - HepG2 cells, Rep 1 , CTCF IP - HepG2 cells, Rep 2 , CTCF IP, CTCF IP - SK-N-SH cells",,,,,,,,,,,,
SPP,MAZ,ACOT7,lung,MAZ IP - IMR cells,,,,,,,,,,,,
SPP,SRF,ACOT7,leukocytes,"SRF IP - SK-N-SH cells, SRF IP - GM12878 cells, Rep 2",,,,,,,,,,,,
SPP,TEAD4,ACOT7,leukocytes,TEAD4 IP - K562 cells,,,,,,,,,,,,
SPP,ATF1,ACOT7,leukocytes,ATF1 IP - K562 cells,,,,,,,,,,,,
SPP,TCF7L2,ACOT7,mammarygland,TCF7L2 ChIP-Seq,,,,,,,,,,,,
SPP,ATF2,ACOT7,stemcells,ATF2 IP - H1 cells,,,,,,,,,,,,
SPP,EGR1,ACOT7,uterus,EGR1 IP - ECC1 cells,,,,,,,,,,,,
SPP,PRDM1,ACOT7,uterus,PRDM1 IP - HeLa cells,,,,,,,,,,,,
SPP,DHT,ACOT7,prostate,"DHT | ERG ChIP-Seq - 18 h, DHT | ERG ChIP-Seq - 2 h, DHT | FOXA1 ChIP-Seq",,,,,,,,,,,,
SPP,ELF1,ACOT7,liver,ELF1 IP - HepG2 cells,,,,,,,,,,,,
SPP,CTCF,ACOT7,pancreas,CTCF IP,,,,,,,,,,,,
SPP,MAZ,ACOT7,leukocytes,"MAZ IP - K562 cells, MAZ IP - GM12878 cells",,,,,,,,,,,,
SPP,USF1,ACOT7,cns,"USF1 IP - SK-N-SH cells, USF1 IP | ATRA - SK-N-SH cells",,,,,,,,,,,,
SPP,JUND,ACOT7,colon,JUND IP - HCT116 cells,,,,,,,,,,,,
SPP,EGR1,ACOT7,colon,EGR1 IP - HCT116 cells,,,,,,,,,,,,
SPP,GABPA,ACOT7,lung,GABPA IP - A549 cells,,,,,,,,,,,,
SPP,USF2,ACOT7,uterus,USF2 IP - HeLa cells,,,,,,,,,,,,
SPP,MXI1,ACOT7,cns,MXI1 IP - SK-N-SH cells ,,,,,,,,,,,,
SPP,FOXP2,ACOT7,cns,FOXP2 IP - PFSK-1 cells,,,,,,,,,,,,
SPP,USF1,ACOT7,stemcells,USF1 IP - H1 cells,,,,,,,,,,,,
SPP,JUND,ACOT7,liver,JUND IP - HepG2 cells,,,,,,,,,,,,
SPP,GABPA,ACOT7,prostate,"GABPA IP - Rep 1, GABPA IP | R1881",,,,,,,,,,,,
SPP,ZNF143,ACOT7,stemcells,ZNF143 IP - H1 cells,,,,,,,,,,,,
SPP,TBP,ACOT7,uterus,TBP IP - HeLa cells,,,,,,,,,,,,
SPP,RUNX1,ACOT7,hspcs,RUNX1,,,,,,,,,,,,
SPP,GTF2F1,ACOT7,uterus,GTF2F1 IP - HeLa cells,,,,,,,,,,,,
SPP,SP1,ACOT7,liver,SP1 IP - HepG2 cells,,,,,,,,,,,,
SPP,TP53,ACOT7,bone,"TP53 IP | NUTL3 - SJSA-1, TP53 IP | TP53EE/RR OE",,,,,,,,,,,,
SPP,PBX3,ACOT7,leukocytes,PBX3 IP - GM12878 cells,,,,,,,,,,,,
SPP,HMGN3,ACOT7,leukocytes,HMGN3 IP - K562 cells,,,,,,,,,,,,
SPP,STAT3,ACOT7,leukocytes,"STAT3 IP - U-2932, STAT3 IP - SU-DHL-6, STAT3 IP - OCI-LY19",,,,,,,,,,,,
SPP,TAL1,ACOT7,leukocytes,"TAL1 IP - MOLT3, TAL1 IP - K562 cells",,,,,,,,,,,,
SPP,UBTF,ACOT7,leukocytes,"UBTF IP - K562 cells, UBTF IP - K562 cells",,,,,,,,,,,,
SPP,STAT2,ACOT7,leukocytes,"STAT2 IP | IFNA1-13 - K562 cells, 30 min, STAT2 IP | IFNA1-13 - K562 cells, 6 h",,,,,,,,,,,,
SPP,MAX,ACOT7,colon,MAX IP - HCT116 cells,,,,,,,,,,,,
SPP,FOXA2,ACOT7,liver,FOXA2 IP - HepG2 cells,,,,,,,,,,,,"19822575,19822575,"
SPP,MYC,ACOT7,lung,MYC IP - A549 cells,,,,,,,,,,,,
SPP,E2F6,ACOT7,lung,E2F6 IP - A549 cells,,,,,,,,,,,,
SPP,MXI1,ACOT7,uterus,MXI1 IP - HeLa cells,,,,,,,,,,,,
SPP,SP1,ACOT7,stemcells,SP1 IP - H1 cells,,,,,,,,,,,,
SPP,YY1,ACOT7,liver,YY1 IP - HepG2 cells,,,,,,,,,,,,
SPP,TBP,ACOT7,stemcells,TBP IP - H1 cells,,,,,,,,,,,,
SPP,FOXH1,ACOT7,embryonictissue,FOXH1 IP - endoderm,,,,,,,,,,,,
SPP,TEAD4,ACOT7,uterus,TEAD4 IP - ECC1 cells,,,,,,,,,,,,
SPP,IL2,ACOT7,leukocytes,"STAT5B IP | IL2 - Rep 2, STAT5B IP | IL2 - Rep 2",,,,,,,,,,,,
SPP,FORSK,ACOT7,liver,CEBPB IP | FORSK - HepG2 cells,,,,,,,,,,,,
SPP,JUN,ACOT7,vasculature,JUN IP,,,,,,,,,,,,
SPP,FOXA1,ACOT7,stemcells,FOXA1 IP - ES D5,,,,,,,,,,,,
SPP,ZBTB7A,ACOT7,leukocytes,ZBTB7A IP - SK-N-SH cells,,,,,,,,,,,,
SPP,ZNF384,ACOT7,leukocytes,ZNF384 IP - K562 cells,,,,,,,,,,,,
SPP,GATA3,ACOT7,mammarygland,"GATA3 IP - T47D cells, GATA3 IP - MCF7 cells",,,,,,,,,,,,
SPP,KLF5,ACOT7,stomach,KLF5 IP - KATOIII,,,,,,,,,,,,
SPP,MXI1,ACOT7,leukocytes,"MXI1 IP - GM12878 cells, MXI1 IP - K562 cells",,,,,,,,,,,,
SPP,TCF7L2,ACOT7,uterus,TCF7L2 IP - HeLa cells,,,,,,,,,,,,
SPP,MAZ,ACOT7,uterus,MAZ IP - HeLa cells,,,,,,,,,,,,
SPP,E2F6,ACOT7,leukocytes,"E2F6 IP - K562 cells, E2F6 IP - K562 cells",,,,,,,,,,,,
SPP,SRF,ACOT7,colon,SRF IP - HCT116 cells,,,,,,,,,,,,
SPP,YY1,ACOT7,colon,YY1 IP - HCT116 cells,,,,,,,,,,,,
SPP,JUND,ACOT7,stemcells,"JUND IP - H1 cells, JUND IP - H1 cells",,,,,,,,,,,,
SPP,CREB1,ACOT7,lung,CREB1 IP | DEX - A549 cells,,,,,,,,,,,,
SPP,MAX,ACOT7,cns,MAX IP - SK-N-SH cells,,,,,,,,,,,,
SPP,USF1,ACOT7,liver,USF1 IP - HepG2 cells,,,,,,,,,,,,
SPP,EGR1,ACOT7,leukocytes,EGR1 IP - K562 cells,,,,,,,,,,,,
SPP,TCF12,ACOT7,stemcells,TCF12 IP - H1 cells,,,,,,,,,,,,
SPP,GATA3,ACOT7,leukocytes,GATA3 IP,,,,,,,,,,,,
SPP,JUND,ACOT7,vasculature,JUND IP,,,,,,,,,,,,
SPP,USF1,ACOT7,uterus,USF1 IP - ECC1 cells,,,,,,,,,,,,
SPP,TCF3,ACOT7,leukocytes,TCF3 IP - GM12878 cells,,,,,,,,,,,,
SPP,GABPA,ACOT7,stemcells,GABPA IP - H1 cells,,,,,,,,,,,,
SPP,MAZ,ACOT7,liver,MAZ IP - HepG2 cells,,,,,,,,,,,,
SPP,USF1,ACOT7,colon,USF1 IP - HCT116 cells,,,,,,,,,,,,
SPP,NFYA,ACOT7,leukocytes,NFYA IP - K562 cells,,,,,,,,,,,,
SPP,YY1,ACOT7,uterus,YY1 IP - ECC1 cells,,,,,,,,,,,,
SPP,ATF2,ACOT7,colon,ATF2 IP ,,,,,,,,,,,,
SPP,FOS,ACOT7,vasculature,FOS IP - HUVEC cells,,,,,,,,,,,,
SPP,JUND,ACOT7,uterus,JUND IP - HeLa cells,,,,,,,,,,,,
SPP,BANF1,ACOT7,skin,TP63 IP | BANF1 KD,,,,,,,,,,,,
SPP,ELF1,ACOT7,cns,ELF1 IP - SK-N-SH cells,,,,,,,,,,,,
SPP,FOSL1,ACOT7,colon,FOSL1 IP - HCT116 cells,,,,,,,,,,,,
SPP,ATF2,ACOT7,leukocytes,ATF2 IP - GM12878 cells,,,,,,,,,,,,
SPP,FOXA2,ACOT7,embryonictissue,FOXA2 IP - Rep 2,,,,,,,,,,,,
SPP,MTA3,ACOT7,leukocytes,MTA3 IP - GM12878 cells,,,,,,,,,,,,
SPP,MEF2A,ACOT7,leukocytes,MEF2A IP - GM12878 cells,,,,,,,,,,,,
SPP,SMAD1,ACOT7,hspcs,SMAD1 IP - Rep 3,,,,,,,,,,,,
SPP,ERG,ACOT7,leukocytes,ERG IP - Rep 1,,,,,,,,,,,,
SPP,JUND,ACOT7,leukocytes,JUND IP - K562 cells,,,,,,,,,,,,
SPP,ZNF263,ACOT7,kidney,ZNF263 IP - HEK293 cells,,,,,,,,,,,,
SPP,TCF12,ACOT7,cns,TCF12 IP - SK-N-SH cells,,,,,,,,,,,,
SPP,REST,ACOT7,stemcells,"REST IP - H1 cells, Rep 1",,,,,,,,,,,,
SPP,ATRA,ACOT7,cns,"YY1 IP | ATRA - SK-N-SH cells, USF1 IP | ATRA - SK-N-SH cells",,,,,,,,,,,,
SPP,CREB1,ACOT7,stemcells,CREB1 IP - H1 cells,,,,,,,,,,,,
SPP,HEY1,ACOT7,liver,HEY1 IP - HepG2 cells,,,,,,,,,,,,
SPP,TEAD4,ACOT7,colon,TEAD4 IP - HCT116 cells,,,,,,,,,,,,
SPP,TEAD4,ACOT7,liver,TEAD4 IP - HepG2 cells,,,,,,,,,,,,
SPP,TCF12,ACOT7,uterus,TCF12 IP - ECC1 cells,,,,,,,,,,,,
SPP,MYC,ACOT7,colon,MYC IP - DTT,,,,,,,,,,,,
SPP,FOXP1,ACOT7,leukocytes,FOXP1 IP - OCI-LY8,,,,,,,,,,,,
SPP,ZEB1,ACOT7,liver,ZEB1 IP - HepG2 cells,,,,,,,,,,,,
SPP,125DVD3,ACOT7,colon,CEBPB IP | 125DVD3,,,,,,,,,,,,
SPP,CTCF,BAAT,lung,"CTCF IP - A549 cells, Rep 1 , CTCF IP - HPF cells, Rep 1 , CTCF IP - SAEC cells, Rep 1 , CTCF IP - AG04450 cells, Rep 2 , CTCF IP - HPF cells, Rep 2 , CTCF IP - AG04450 cells, Rep 1 , CTCF IP - WI-38 cells, Rep 1 , CTCF IP - A549 cells, Rep 2 , CTCF IP - NHLF cells , CTCF ChIP-Seq - A549, CTCF IP - A549 cells, CTCF IP - IMR cells, CTCF IP | DEX - A549 cells, CTCF IP - SAEC cells, Rep 2 , CTCF IP - A549 cells , CTCF IP - NHLF cells , CTCF IP | DEX - A549 cells ",,,,,,,,,,,,
SPP,CTCF,BAAT,leukocytes,"CTCF IP - GM18951 cells, Rep 2 , CTCF IP - GM12866 cells , CTCF IP - MS1 cells, Rep 4 , CTCF IP - GM12891 cells, Rep 1 , CTCF IP - KU812 cells, Rep 9 , CTCF IP - GM12873 cells, Rep 1 , CTCF IP - GM12872 cells, Rep 2 , CTCF IP - GM18526 cells, Rep 2 , CTCF IP - GM18505 cells, Rep 2 , CTCF IP - GM18486 cells, Rep 1 , CTCF IP - GM12864 cells, Rep 3 , CTCF IP - GM12865 cells, Rep 1 , CTCF IP - GM11811 cells, Rep 2, CTCF IP - GM12868 cells , CTCF IP - GM18951 cells, Rep 1 , CTCF IP - F36P cells, Rep 3 , CTCF IP - F36P cells, Rep 11 , CTCF IP - GM12865 cells, Rep 2 , CTCF IP - GM06990 cells, Rep 1 , CTCF IP - GM12892 cells, Rep 1 , CTCF IP - GM11881 cells, CTCF IP - K562 cells, Rep 1 , CTCF IP - GM2610 cells, Rep 3 , CTCF IP - GM2610 cells, Rep 1 , CTCF IP - GM06986 cells, CTCF IP - GM2588 cells, Rep 3 , CTCF IP - MS1 cells, Rep 2 , CTCF IP - GM12815 cells, Rep 2, CTCF IP - GM2630 cells, Rep 3 , CTCF IP - GM12890 cells, Rep 3 , CTCF IP - GM12006 cells, Rep 1, CTCF IP - MS1 cells, Rep 1 , CTCF IP - K562 cells, CTCF IP - KU812 cells, Rep 1 , CTCF IP - NB4 cells , CTCF IP - GM2588 cells, Rep 1 , CTCF IP - F36P cells, Rep 19 , CTCF IP - GM12892 cells, Rep 2 , CTCF IP - GM12828 cells, CTCF IP - Â CD20+ cells , CTCF IP - K562 cells, CTCF IP - HeLa cells, Rep 2 , CTCF IP - GM12890 cells, Rep 1 , CTCF IP - GM12878 cells , CTCF IP - GM18486 cells, Rep 3 , CTCF IP - K562 cells, Rep 16 , CTCF IP - F36P cells, Rep 7 , CTCF IP - GM12814 cells, Rep 1, CTCF IP - K562 cells, Rep 14 , CTCF IP - GM19193 cells, Rep 2 , CTCF IP - KU812 cells, Rep 5 , CTCF IP - GM2630 cells, Rep 2 , CTCF IP - GM12814 cells, Rep 2, CTCF IP - GM12874 cells, Rep 2 , CTCF IP - GM2255 cells, Rep 2 , CTCF IP - HL-60 cells, Rep 5 , CTCF IP - K562 cells, Rep 15 , CTCF IP - GM2588 cells, Rep 2 , CTCF IP - GM11811 cells, Rep 1, CTCF IP - MS1 cells, Rep 3 , CTCF IP - F36P cells, Rep 14 , CTCF IP - GM12489 cells, Rep 1, CTCF IP - GM2610 cells, Rep 2 , CTCF ChIP-Seq - GM12878, CTCF IP - GM06990 cells, Rep 2 , CTCF IP - GM12878 cells, Rep 2 , CTCF IP - GM19240 cells, Rep 2 , CTCF IP - GM12874 cells, Rep 1 , CTCF IP - K562 cells, Rep 2 , CTCF IP - GM19238 cells, Rep 1 , CTCF IP - GM19238 cells, Rep 2 , CTCF IP - GM12234 cells, CTCF IP - GM12871 cells , CTCF IP - GM12870 cells , CTCF IP - F36P cells, Rep 2 , CTCF IP - GM12867 cells , CTCF IP - K562 cells, Rep 12 , CTCF IP - GM12872 cells, Rep 3 , CTCF IP - K562 cells, Rep 13 , CTCF IP, CTCF IP - GM10847 cells, Rep 1 , CTCF IP - UT-7 cells, Rep 6 , CTCF IP - GM2255 cells, Rep 3 , CTCF IP - GM12749 cells, Rep 1, CTCF IP - GM07346 cells, CTCF IP - Â DND , CTCF IP - HL , CTCF IP - GM12864 cells, Rep 2 , CTCF IP - GM18526 cells, Rep 1 , CTCF IP - CD14+ cells , CTCF IP - GM19193 cells, Rep 1 , CTCF IP - GM12891 cells, Rep 2 , CTCF IP - GM12864 cells, Rep 1 , CTCF IP - GM2630 cells, Rep 1 , CTCF IP - GM12815 cells, Rep 1, CTCF IP - GM19240 cells, Rep 1 , CTCF IP - GM12873 cells, Rep 3 , CTCF IP - GM12875 cells, Rep 1 , CTCF IP - F36P cells, Rep 15 , CTCF IP - GM19099 cells, Rep 2 , CTCF IP - GM11994 cells, Rep 2, CTCF IP - GM19099 cells, Rep 1 , CTCF IP - GM19239 cells, Rep 2 , CTCF IP - GM12869 cells , CTCF IP - GM12865 cells, Rep 3 , CTCF IP - GM11831 cells, CTCF IP - F36P cells, Rep 10 , CTCF IP - GM12154 cells, Rep 2, CTCF IP - GM18505 cells, Rep 1 , CTCF IP - K562 cells , CTCF IP - GM12890 cells, Rep 2 , CTCF IP - GM12878 cells, Rep 1 , CTCF IP - F36P cells, Rep 6 , CTCF IP - GM12872 cells, Rep 1 , CTCF IP - GM11994 cells, Rep 1, CTCF IP - GM12878 cells, Rep 2 , CTCF IP - GM19239 cells, Rep 1 , CTCF IP - GM12154 cells, Rep 1, CTCF IP - KU812 cells, Rep 17 , CTCF IP - K562 cells, Rep 11 , CTCF IP - UT-7 cells, Rep 3 , CTCF IP - GM10847 cells, Rep 2 , CTCF IP - GM2255 cells, Rep 1 , CTCF IP - KU812 cells, Rep 13 , CTCF IP - GM12874 cells",,,,,,,,,,,,
SPP,CTCF,BAAT,vasculature,"CTCF IP - HUVEC cells , CTCF IP - HBMEC cells, Rep 1 , CTCF IP - HBMEC cells, Rep 2 , CTCF IP - HUVEC cells, Rep 2 , CTCF IP - HUVEC cells, Rep 1 , CTCF IP - HPAF cells, Rep 2 , CTCF IP - HPAF cells, Rep 1 , CTCF IP - AoAFC cells, Rep 2 , CTCF IP - AoAFC cells, Rep 1 ",,,,,,,,,,,,
SPP,HEY1,BAAT,liver,HEY1 IP - HepG2 cells,,,,,,,,,,,,
SPP,FOXA1,BAAT,prostate,"FOXA1 ChIP-Seq - C4- Rep 2B, POU2F1 KD + DHT | FOXA1 ChIP-Seq, CON KD  |Â FOXA1 ChIP-Seq, FOXA1 ChIP-Seq, R1881 | FOXA1 ChIP-Seq - Rep 1, FOXA1 ChIP-Seq - Rep 2, DHT | FOXA1 ChIP-Seq, FOXA1 ChIP-Seq - Rep 1, CON KD | FOXA1 ChIP-Seq, FOXA1 KD | FOXA1 ChIP-Seq, WT AR OE + FOXA1 OE | FOXA1 ChIP-Seq, CON KD |Â FOXA1 ChIP-Seq, CON KD + R1881 | FOXA1 ChIP-Seq - Rep 1, EtOH | FOXA1 ChIP-Seq - , GATA2 KD  |Â FOXA1 ChIP-Seq, FOXA1 ChIP-Seq, FOXA1 KD | FOXA1 ChIP-Seq, FOXA1 ChIP-Seq - Rep 2, CREB1 siRNA | FOXA1 ChIP-Seq - Rep 1, DHT | FOXA1 ChIP-Seq, R1881 | FOXA1 ChIP-Seq - Rep 2, FOXA1 ChIP-Seq, DHT | FOXA1 ChIP-Seq - C4- Rep 2B, AR Q640X OE + FOXA1 OE | FOXA1 ChIP-Seq, FOXA1 ChIP-Seq - Rep 1, CON KD + R1881 | FOXA1 ChIP-Seq - Rep 2, FOXA1 ChIP-Seq - LNCaP-abl, GATA2 KD + R1881 |Â FOXA1 ChIP-Seq, PIAS1 + R1881 | FOXA1 ChIP-Seq - Rep 2, DHT | FOXA1 ChIP-Seq, CON KD + R1881 |Â FOXA1 ChIP-Seq, PIAS1 + R1881 | FOXA1 ChIP-Seq - Rep 1, CREB1 siRNA | FOXA1 ChIP-Seq - Rep 2, FOXA1 ChIP-Seq - LNCaP, FOXA1 ChIP-Seq, WT AR OE + FOXA1 OE | FOXA1 ChIP-Seq - high FOXA1, EtOH | FOXA1 ChIP-Seq - Rep 2, DHT | FOXA1 ChIP-Seq, AR C562S OE + FOXA1 OE | FOXA1 ChIP-Seq, CON KD | FOXA1 ChIP-Seq",,,,,,,,,,,,
SPP,FOXA1,BAAT,pancreas,"FOXA1 IP | KLF5 KO, FOXA1 IP, FOXA1 IP",,,,,,,,,,,,
SPP,KLF5,BAAT,pancreas,FOXA1 IP | KLF5 KO,,,,,,,,,,,,
SPP,FOXA2,BAAT,lung,FOXA2 IP - A549 cells,,,,,,,,,,,,
SPP,CTCF,BAAT,hspcs,"CTCF IP - HEL 92.1.7 cells, Rep 14 , CTCF IP - HEL 92.1.7 cells, Rep 8 , CTCF IP - HEL 92.1.7 cells, Rep 5 , CTCF IP - HEL 92.1.7 cells, Rep 2 , CTCF IP - HEL 92.1.7 cells, Rep 11 , CTCF IP - Erythroid cells, Rep 1",,,,,,,,,,,,
SPP,CTCF,BAAT,stemcells,"CTCF IP - Rep 2 , CTCF IP - Rep 4 , CTCF IP - H1 cells, CTCF IP - H1 cells , CTCF IP - Rep 6 , CTCF IP - Rep 5 , CTCF IP - Rep 1 ",,,,,,,,,,,,
SPP,FOXA1,BAAT,mammarygland,"DEX | FOXA1 ChIP-Seq - Rep 2, FOXA1 ChIP-Seq, DEX | FOXA1 ChIP-Seq - Rep 1, DEX | FOXA1 ChIP-Seq - Rep 1, 17BE2 | FOXA1 ChIP-Seq - Rep 2, FOXA1 ChIP-Seq - Rep 2, 17BE2 | FOXA1 ChIP-Seq - Rep 2, FOXA1 ChIP-Seq - Rep 2, FOXA1 IP - T47D, 17BE2 | FOXA1 ChIP-Seq - Rep 1, FOXA1 ChIP-Seq - Rep 2, 17BE2 | FOXA1 ChIP-Seq - Rep 1, DEX | FOXA1 ChIP-Seq - Rep 2, FOXA1 IP - T47D cells, DEX | FOXA1 ChIP-Seq - Rep 2, 17BE2 | FOXA1 ChIP-Seq, 17BE2 | FOXA1 ChIP-Seq - Rep 2, FOXA1 ChIP-Seq - Rep 1, FOXA1 ChIP-Seq - Rep 1, DEX | FOXA1 ChIP-Seq - Rep 1, 17BE2 | FOXA1 ChIP-Seq - Rep 1",,,,,,,,,,,,
SPP,DEX,BAAT,mammarygland,"DEX | FOXA1 ChIP-Seq - Rep 2, DEX | FOXA1 ChIP-Seq - Rep 1, DEX | FOXA1 ChIP-Seq - Rep 1, DEX | FOXA1 ChIP-Seq - Rep 2, DEX | FOXA1 ChIP-Seq - Rep 2, DEX | FOXA1 ChIP-Seq - Rep 1",,,,,,,,,,,,
SPP,USF1,BAAT,uterus,USF1 IP - ECC1 cells,,,,,,,,,,,,
SPP,JUND,BAAT,cns,"JUND IP - SK-N-SH cells , JUND IP - SK-N-SH cells",,,,,,,,,,,,
SPP,DHT,BAAT,prostate,"POU2F1 KD + DHT | FOXA1 ChIP-Seq, DHT | FOXA1 ChIP-Seq, DHT | FOXA1 ChIP-Seq, DHT | FOXA1 ChIP-Seq - C4- Rep 2B, DHT | FOXA1 ChIP-Seq, DHT | FOXA1 ChIP-Seq",,,,,,,,,,,,
SPP,POU2F1,BAAT,prostate,POU2F1 KD + DHT | FOXA1 ChIP-Seq,,,,,,,,,,,,
SPP,FOXP1,BAAT,prostate,FOXP1 ChIP-Seq,,,,,,,,,,,,
SPP,REST,BAAT,cns,REST IP - SK-N-SH cells,,,,,,,,,,,,
SPP,MAFK,BAAT,lung,MAFK IP - IMR cells,,,,,,,,,,,,
SPP,CTCF,BAAT,skin,"CTCF IP - NHDF cells , CTCF IP - HFFC cells, Rep 1 , CTCF IP - HFFC cells, Rep 3 , CTCF IP - NHDF cells, Rep 1 , CTCF IP - NHDF cells, Rep 2 , CTCF IP - GM12878 cells, Rep 2 , CTCF IP - AG10803 cells, Rep 1 , CTCF IP - AG04449 cells, Rep 1 , CTCF IP - HFFC cells, Rep 2 , CTCF IP - AG10803 cells, Rep 2 , CTCF IP - AG04449 cells, Rep 2 , CTCF IP - BJ cells, Rep 2 , CTCF IP - NHEK cells, Rep 2 , CTCF IP - AG09309 cells, Rep 1 , CTCF IP - NHEK cells , CTCF IP - BJ cells, Rep 1 ",,,,,,,,,,,,
SPP,CTCF,BAAT,cns,"CTCF IP - NHA cells , CTCF IP - SK-N-SH cells, Rep 1 , CTCF IP - BE(2)-C cells, Rep 2 , CTCF IP - spinal cord astrocyte cells, Rep 1 , CTCF IP - SK-N-SH cells , CTCF IP - cerebellar astrocyte cells, Rep 2 , CTCF IP - BE(2)-C cells, Rep 1 , CTCF IP - SK cells, CTCF IP - spinal cord astrocyte cells, Rep 2 , CTCF IP - HCPEpiC cells, Rep 1 , CTCF IP - cerebellar astrocyte cells, Rep 1 , CTCF IP - HCPEpiC cells, Rep 2 , CTCF IP - SK-N-SH cells, Rep 2 ",,,,,,,,,,,,
SPP,CEBPB,BAAT,stemcells,"CEBPB IP, CEBPB IP, CEBPB IP, CEBPB IP",,,,,,,,,,,,
SPP,CTCF,BAAT,megakaryocytelineage,"CTCF IP - MEG-01 cells, Rep 8 , CTCF IP - MEG-01 cells, Rep 6 , CTCF IP - MEG-01 cells, Rep 2 , CTCF IP - MEG-01 cells, Rep 10 , CTCF IP - MEG-01 cells, Rep 4 ",,,,,,,,,,,,
SPP,CTCF,BAAT,uterus,"CTCF IP - HeLa cells , CTCF IP - HeLa cells, Rep 1 ",,,,,,,,,,,,
SPP,R1881,BAAT,prostate,"R1881 | FOXA1 ChIP-Seq - Rep 1, CON KD + R1881 | FOXA1 ChIP-Seq - Rep 1, R1881 | FOXA1 ChIP-Seq - Rep 2, CON KD + R1881 | FOXA1 ChIP-Seq - Rep 2, GATA2 KD + R1881 |Â FOXA1 ChIP-Seq, PIAS1 + R1881 | FOXA1 ChIP-Seq - Rep 2, CON KD + R1881 |Â FOXA1 ChIP-Seq, PIAS1 + R1881 | FOXA1 ChIP-Seq - Rep 1",,,,,,,,,,,,
SPP,FOS,BAAT,mammarygland,"FOS IP | 4HT - MCF10A cells, 12 h, FOS IP - MCF10A cells, FOS IP | 4HT - MCF10A cells, 36 h, FOS IP | 4HT - MCF10A cells, 4 h",,,,,,,,,,,,
SPP,4HT,BAAT,mammarygland,"FOS IP | 4HT - MCF10A cells, 12 h, FOS IP | 4HT - MCF10A cells, 36 h, FOS IP | 4HT - MCF10A cells, 4 h",,,,,,,,,,,,
SPP,17BE2,BAAT,mammarygland,"17BE2 | FOXA1 ChIP-Seq - Rep 2, 17BE2 | FOXA1 ChIP-Seq - Rep 2, 17BE2 | FOXA1 ChIP-Seq - Rep 1, 17BE2 | FOXA1 ChIP-Seq - Rep 1, 17BE2 | FOXA1 ChIP-Seq, 17BE2 | FOXA1 ChIP-Seq - Rep 2, 17BE2 | FOXA1 ChIP-Seq - Rep 1",,,,,,,,,,,,
SPP,YY1,BAAT,cns,YY1 IP - SK-N-SH cells,,,,,,,,,,,,
SPP,CTCF,BAAT,sensory,"CTCF IP - HRPEpiC cells, Rep 1 , CTCF IP - WERI , CTCF IP - HRPEpiC cells, Rep 2 , CTCF IP - WERI-Rb-1- cells, Rep 1 ",,,,,,,,,,,,
SPP,CTCF,BAAT,adiposetissue,"CTCF ChIP-Seq - d 9, CTCF ChIP-Seq - d -2, CTCF ChIP-Seq - d 0, CTCF ChIP-Seq - dÂ 3",,,,,,,,,,,,
SPP,FOXA2,BAAT,stemcells,FOXA2 IP - Rep 5 ,,,,,,,,,,,,
SPP,ARID3A,BAAT,liver,ARID3A IP - HepG2 cells,,,,,,,,,,,,
SPP,GATA4,BAAT,stomach,GATA4 IP - AGS,,,,,,,,,,,,
SPP,ZBTB17,BAAT,bone,"ZBTB17 IP, ZBTB17 IP",,,,,,,,,,,,
SPP,CTCF,BAAT,heart,"CTCF IP - myocytes cells, Rep 2 , CTCF IP - HCF cells , CTCF IP - myocytes cells, Rep 1 ",,,,,,,,,,,,
SPP,CREB1,BAAT,prostate,"CREB1 ChIP-Seq - LNCaP, CREB1 siRNA | FOXA1 ChIP-Seq - Rep 1, CREB1 siRNA | FOXA1 ChIP-Seq - Rep 2",,,,,,,,,,,,
SPP,MYBL2,BAAT,liver,MYBL2 IP - HepG2 cells,,,,,,,,,,,,
SPP,CTCF,BAAT,mammarygland,"CTCF IP - HMEC cells, Rep 1 , CTCF IP - MCF-7 cells, Rep 1 , CTCF IP - HMF cells, Rep 2 , CTCF IP - HMF cells, Rep 1 , CTCF IP - MCF-7 cells Rep 2 , CTCF IP - MCF7 cells, CTCF IP - HMEC cells , CTCF IP - HMEC cells, Rep 2 ",,,,,,,,,,,,
SPP,USF1,BAAT,stemcells,USF1 IP - H1 cells,,,,,,,,,,,,
SPP,MAX,BAAT,cns,MAX IP - SK-N-SH cells,,,,,,,,,,,,
SPP,CTCF,BAAT,kidney,"CTCF IP - HRE cells, Rep 2 , CTCF IP - RPTEC cells, Rep 1 , CTCF IP - HEK293 cells, Rep 2 , CTCF IP - HEK293 cells, Rep 1 , CTCF IP - RPTEC cells, Rep 2 , CTCF IP - HRE cells, Rep 1 ",,,,,,,,,,,,
SPP,CTCF,BAAT,colon,"CTCF IP - Caco , CTCF IP - HCT116 cells, Rep 2 , CTCF IP - Caco-2 cells, Rep 1 , CTCF IP - HCT116 cells, CTCF IP - Rep 1 , CTCF IP - HCT116 cells, Rep 1 ",,,,,,,,,,,,
SPP,MAX,BAAT,stemcells,MAX IP - H1 cells,,,,,,,,,,,,
SPP,USF1,BAAT,leukocytes,USF1 IP - K562 cells,,,,,,,,,,,,
SPP,FOXA1,BAAT,lung,"FOXA1 IP | DEX - A549 cells, FOXA1 IP - A549 cells",,,,,,,,,,,,
SPP,DEX,BAAT,lung,"FOXA1 IP | DEX - A549 cells, CTCF IP | DEX - A549 cells, CTCF IP | DEX - A549 cells ",,,,,,,,,,,,
SPP,CREB1,BAAT,liver,"CREB1 IP - HepG2 cells, CREB1 IP",,,,,,,,,,,,
SPP,AR,BAAT,prostate,"WT AR OE + FOXA1 OE | FOXA1 ChIP-Seq, AR Q640X OE + FOXA1 OE | FOXA1 ChIP-Seq, WT AR OE + FOXA1 OE | FOXA1 ChIP-Seq - high FOXA1, AR C562S OE + FOXA1 OE | FOXA1 ChIP-Seq",,,,,,,,,,,,
SPP,SIX2,BAAT,kidney,"SIX2 IP - 17 weeks, Rep 2",,,,,,,,,,,,
SPP,FOSL2,BAAT,cns,FOSL2 IP - SK-N-SH cells,,,,,,,,,,,,
SPP,CTCF,BAAT,miscellaneous,"CTCF IP - AG09319 cells, Rep 1 , CTCF IP - AG09319 cells, Rep 2 ",,,,,,,,,,,,
SPP,JUN,BAAT,liver,JUN IP - HepG2 cells,,,,,,,,,,,,
SPP,SP1,BAAT,liver,SP1 IP - HepG2 cells,,,,,,,,,,,,
SPP,SMAD1,BAAT,hspcs,SMAD1 IP - Rep 3,,,,,,,,,,,,
SPP,GATA2,BAAT,prostate,"GATA2 KD  |Â FOXA1 ChIP-Seq, GATA2 KD + R1881 |Â FOXA1 ChIP-Seq",,,,,,,,,,,,
SPP,CTCF,BAAT,bone,"CTCF IP - Osteoblasts , CTCF IP",,,,,,,,,,,,
SPP,FOXA1,BAAT,liver,"FOXA1 IP - HepG2 cells, Rep 1, FOXA1 IP - HepG2 cells, Rep 2",,,,,,,,,,,,
SPP,STAT1,BAAT,leukocytes,STAT1 IP - Rep 3,,,,,,,,,,,,
SPP,IFNG,BAAT,leukocytes,STAT1 IP - Rep 3,,,,,,,,,,,,
SPP,TCF12,BAAT,cns,TCF12 IP - SK-N-SH cells,,,,,,,,,,,,
SPP,FOXA2,BAAT,embryonictissue,FOXA2 IP - Rep 1,,,,,,,,,,,,
SPP,MAFK,BAAT,liver,"MAFK IP - HepG2 cells, Rep 2, MAFK IP - HepG2 cells, Rep 1",,,,,,,,,,,,
SPP,GATA3,BAAT,cns,GATA3 IP - SK-N-SH cells,,,,,,,,,,,,
SPP,FOXA1,BAAT,stemcells,"FOXA1 IP - Rep 5 , FOXA1 IP - ES D2, FOXA1 IP - ES D5",,,,,,,,,,,,
SPP,JUN,BAAT,vasculature,JUN IP,,,,,,,,,,,,
SPP,CTCF,BAAT,placenta,"CTCF IP - HVMF cells, Rep 2 , CTCF IP - HVMF cells, Rep 1 ",,,,,,,,,,,,
SPP,GATA6,BAAT,stomach,GATA6 IP - YCC3,,,,,,,,,,,,
SPP,OTX2,BAAT,stemcells,OTX2 IP - Rep 10 ,,,,,,,,,,,,
SPP,MXI1,BAAT,liver,MXI1 IP - HepG2 cells,,,,,,,,,,,,
SPP,ELF1,BAAT,liver,ELF1 IP - HepG2 cells,,,,,,,,,,,,
SPP,SOX2,BAAT,stemcells,SOX2 IP,,,,,,,,,,,,
SPP,USF1,BAAT,liver,USF1 IP - HepG2 cells,,,,,,,,,,,,
SPP,CDX2,BAAT,colon,CDX2 IP,,,,,,,,,,,,
SPP,JUND,BAAT,vasculature,JUND IP,,,,,,,,,,,,
SPP,CTCF,BAAT,esophagus,"CTCF IP - HEEpiC cells, Rep 1 , CTCF IP - HEEpiC cells, Rep 2 ",,,,,,,,,,,,
SPP,CTCF,BAAT,pancreas,CTCF IP,,,,,,,,,,,,
SPP,EGR1,BAAT,leukocytes,EGR1 IP - K562 cells,,,,,,,,,,,,
SPP,FOSL2,BAAT,lung,FOSL2 IP - A549 cells,,,,,,,,,,,,
SPP,CTCF,BAAT,liver,"CTCF IP - HepG2 cells , CTCF IP - HepG2 cells, Rep 2 , CTCF IP - HepG2 cells, Rep 1 , CTCF IP, CTCF IP - SK-N-SH cells",,,,,,,,,,,,
SPP,FOSL2,BAAT,liver,FOSL2 IP - HepG2 cells,,,,,,,,,,,,
SPP,CTCF,BAAT,skeletalmuscle,"CTCF IP - HSMM cells, Rep 2 , CTCF IP - HSMM cells, Rep 1 ",,,,,,,,,,,,
SPP,ZNF143,BAAT,leukocytes,"ZNF143 IP - GM12878 cells, ZNF143 IP - K562 cells",,,,,,,,,,,,
SPP,GATA3,BAAT,lung,GATA3 IP - A549 cells,,,,,,,,,,,,
SPP,ZEB1,BAAT,liver,ZEB1 IP - HepG2 cells,,,,,,,,,,,,
SPP,JUND,BAAT,liver,"JUND IP - HepG2 cells, JUND IP - HepG2 cells",,,,,,,,,,,,
SPP,PIAS1,BAAT,prostate,"PIAS1 + R1881 | FOXA1 ChIP-Seq - Rep 2, PIAS1 + R1881 | FOXA1 ChIP-Seq - Rep 1",,,,,,,,,,,,
SPP,ZNF143,BAAT,stemcells,ZNF143 IP - H1 cells,,,,,,,,,,,,
SPP,MAFF,BAAT,liver,MAFF IP - HepG2 cells,,,,,,,,,,,,
SPP,PBX3,BAAT,cns,PBX3 IP - SK-N-SH cells,,,,,,,,,,,,
SPP,FOXA1,BAAT,uterus,FOXA1 ChIP-Seq - Tumor C,,,,,,,,,,,,
SPP,TCF12,BAAT,lung,TCF12 IP - A549 cells,,,,,,,,,,,,
SPP,CEBPB,BAAT,liver,CEBPB ChIP-Seq - HepG2,,,,,,,,,,,,
SPP,MAX,BAAT,liver,MAX IP - HepG2 cells,,,,,,,,,,,,
SPP,SP1,BAAT,lung,SP1 IP - A549 cells,,,,,,,,,,,,
SPP,FOXA2,BAAT,liver,FOXA2 IP - HepG2 cells,,,,,,,,,,,,"19822575,19822575,"
SPP,TEAD4,BAAT,cns,TEAD4 IP - SK-N-SH cells,,,,,,,,,,,,
SPP,SRF,BAAT,stemcells,SRF IP - Rep 7 ,,,,,,,,,,,,
SPP,CTCF,ELOVL1,lung,"CTCF IP - NHLF cells , CTCF IP - A549 cells, Rep 2 , CTCF ChIP-Seq - A549, CTCF IP - A549 cells, CTCF IP - IMR cells, CTCF IP | DEX - A549 cells, CTCF IP - A549 cells , CTCF IP - SAEC cells, Rep 2 , CTCF IP - NHLF cells , CTCF IP - SAEC cells, Rep 1 , CTCF IP | DEX - A549 cells , CTCF IP - HPF cells, Rep 1 , CTCF IP - A549 cells, Rep 1 , CTCF IP - AG04450 cells, Rep 2 , CTCF IP - HPF cells, Rep 2 , CTCF IP - AG04450 cells, Rep 1 ",,,,,,,,,,,,
SPP,REST,ELOVL1,lung,REST IP - A549 cells,,,,,,,,,,,,
SPP,FOXA1,ELOVL1,prostate,"CREB1 siRNA | FOXA1 ChIP-Seq - Rep 1, WT AR OE | FOXA1 ChIP-Seq, DHT | FOXA1 ChIP-Seq, CON KD | FOXA1 ChIP-Seq, FOXA1 siRNA | CREB1 ChIP-Seq - Rep 1, CON KD | FOXA1 ChIP-Seq, FOXA1 ChIP-Seq, CREB1 siRNA | FOXA1 ChIP-Seq - Rep 2, FOXA1 siRNA | CREB1 ChIP-Seq - Rep 2",,,,,,,,,,,,
SPP,CREB1,ELOVL1,prostate,"CREB1 siRNA | FOXA1 ChIP-Seq - Rep 1, CREB1 ChIP-Seq - Rep 1, FOXA1 siRNA | CREB1 ChIP-Seq - Rep 1, CREB1 ChIP-Seq - LNCaP, CREB1 ChIP-Seq - Rep 2, CREB1 siRNA | FOXA1 ChIP-Seq - Rep 2, CREB1 ChIP-Seq - LNCaP-abl, FOXA1 siRNA | CREB1 ChIP-Seq - Rep 2",,,,,,,,,,,,
SPP,NFYA,ELOVL1,leukocytes,"NFYA IP - GM12878 cells, NFYA IP - K562 cells",,,,,,,,,,,,
SPP,MAZ,ELOVL1,uterus,MAZ IP - HeLa cells,,,,,,,,,,,,
SPP,CTCF,ELOVL1,leukocytes,"CTCF ChIP-Seq - GM12878, CTCF IP - GM2610 cells, Rep 2 , CTCF IP - GM12489 cells, Rep 1, CTCF IP - F36P cells, Rep 14 , CTCF IP - GM19240 cells, Rep 2 , CTCF IP - GM12874 cells, Rep 1 , CTCF IP - GM06990 cells, Rep 2 , CTCF IP - GM12878 cells, Rep 2 , CTCF IP - F36P cells, Rep 13 , CTCF IP - GM10847 cells, Rep 1 , CTCF IP - GM12234 cells, CTCF IP - K562 cells, CTCF IP - K562 cells, Rep 2 , CTCF IP - GM19238 cells, Rep 2 , CTCF IP - K562 cells , CTCF IP - GM12871 cells , CTCF IP - GM19193 cells, Rep 1 , CTCF IP - GM12870 cells , CTCF IP - GM12867 cells , CTCF IP, CTCF IP - HL , CTCF IP - GM12872 cells, Rep 3 , CTCF IP - GM12864 cells, Rep 2 , CTCF IP - K562 cells, Rep 13 , CTCF IP - GM12749 cells, Rep 1, CTCF IP - GM2255 cells, Rep 3 , CTCF IP - GM07346 cells, CTCF IP - Â DND , CTCF IP - CD14+ cells , CTCF IP - GM18526 cells, Rep 1 , CTCF IP - K562 cells, Rep 12 , CTCF IP - F36P cells, Rep 2 , CTCF IP - F36P cells, Rep 15 , CTCF IP - GM12864 cells, Rep 1 , CTCF IP - GM12815 cells, Rep 1, CTCF IP - GM12891 cells, Rep 2 , CTCF IP - GM12875 cells, Rep 1 , CTCF IP - GM2630 cells, Rep 1 , CTCF IP - GM12873 cells, Rep 3 , CTCF IP - GM19240 cells, Rep 1 , CTCF IP - GM12865 cells, Rep 3 , CTCF IP - GM11994 cells, Rep 2, CTCF IP - GM19099 cells, Rep 1 , CTCF IP - GM19099 cells, Rep 2 , CTCF IP - GM12869 cells , CTCF IP - F36P cells, Rep 10 , CTCF IP - GM19239 cells, Rep 2 , CTCF IP - GM12154 cells, Rep 2, CTCF IP - GM18505 cells, Rep 1 , CTCF IP - GM11831 cells, CTCF IP - GM2255 cells, Rep 1 , CTCF IP - F36P cells, Rep 5 , CTCF IP - GM12890 cells, Rep 2 , CTCF IP - GM11992 cells, Rep 1, CTCF IP - GM12878 cells, Rep 2 , CTCF IP - F36P cells, Rep 6 , CTCF IP - GM12872 cells, Rep 1 , CTCF IP - UT-7 cells, Rep 4 , CTCF IP - GM11994 cells, Rep 1, CTCF IP - GM19239 cells, Rep 1 , CTCF IP - GM19238 cells, Rep 1 , CTCF IP - GM12878 cells, Rep 1 , CTCF IP - KU812 cells, Rep 17 , CTCF IP - KU812 cells, Rep 13 , CTCF IP - GM12154 cells, Rep 1, CTCF IP - UT-7 cells, Rep 3 , CTCF IP - GM10847 cells, Rep 2 , CTCF IP - K562 cells, Rep 11 , CTCF IP - GM11811 cells, Rep 2, CTCF IP - KU812 cells, Rep 9 , CTCF IP - GM12866 cells , CTCF IP - GM12891 cells, Rep 1 , CTCF IP - GM12872 cells, Rep 2 , CTCF IP - F36P cells, Rep 1 , CTCF IP - MS1 cells, Rep 4 , CTCF IP - GM2588 cells, Rep 3 , CTCF IP - GM12868 cells , CTCF IP - GM18526 cells, Rep 2 , CTCF IP - GM12865 cells, Rep 1 , CTCF IP - GM18505 cells, Rep 2 , CTCF IP - GM12864 cells, Rep 3 , CTCF IP - GM18951 cells, Rep 2 , CTCF IP - UT-7 cells, Rep 2 , CTCF IP - GM18486 cells, Rep 1 , CTCF IP - GM12873 cells, Rep 1 , CTCF IP - GM11881 cells, CTCF IP - GM12865 cells, Rep 2 , CTCF IP - F36P cells, Rep 3 , CTCF IP - MS1 cells, Rep 1 , CTCF IP - F36P cells, Rep 11 , CTCF IP - K562 cells, Rep 1 , CTCF IP - GM06990 cells, Rep 1 , CTCF IP - GM18951 cells, Rep 1 , CTCF IP - GM2610 cells, Rep 3 , CTCF IP - F36P cells, Rep 7 , CTCF IP - GM2610 cells, Rep 1 , CTCF IP - GM06986 cells, CTCF IP - K562 cells, Rep 16 , CTCF IP - GM12892 cells, Rep 1 , CTCF IP - K562 cells, CTCF IP - GM18486 cells, Rep 2 , CTCF IP - UT-7 cells, Rep 1 , CTCF IP - MS1 cells, Rep 2 , CTCF IP - KU812 cells, Rep 1 , CTCF IP - HL-60 cells, Rep 7 , CTCF IP - GM2630 cells, Rep 3 , CTCF IP - GM12890 cells, Rep 3 , CTCF IP - GM2588 cells, Rep 1 , CTCF IP - HeLa cells, Rep 2 , CTCF IP - Â CD20+ cells , CTCF IP - GM12828 cells, CTCF IP - K562 cells, CTCF IP - GM12892 cells, Rep 2 , CTCF IP - F36P cells, Rep 19 , CTCF IP - NB4 cells , CTCF IP - GM12878 cells, Rep 1 , CTCF IP - GM12873 cells, Rep 1 , CTCF IP - GM18486 cells, Rep 3 , CTCF IP - GM19193 cells, Rep 2 , CTCF IP - GM12878 cells , CTCF IP - GM12890 cells, Rep 1 , CTCF IP - GM12814 cells, Rep 1, CTCF IP - K562 cells, Rep 14 , CTCF IP - GM12814 cells, Rep 2, CTCF IP - GM2255 cells, Rep 2 , CTCF IP - K562 cells, Rep 15 , CTCF IP - MS1 cells, Rep 3 , CTCF IP - GM2630 cells, Rep 2 , CTCF IP - GM12874 cells, Rep 2 , CTCF IP - GM2588 cells, Rep 2 , CTCF IP - F36P cells, Rep 18 , CTCF IP - GM12875 cells, Rep 2 , CTCF IP - GM11811 cells, Rep 1, CTCF IP - KU812 cells, Rep 5 ",,,,,,,,,,,,
SPP,FOS,ELOVL1,leukocytes,"FOS IP - GM12878 cells, FOS IP - K562 cells",,,,,,,,,,,,
SPP,E2F4,ELOVL1,leukocytes,"E2F4 IP - GM12878 cells, E2F4 IP - K562 cells",,,,,,,,,,,,
SPP,ETS1,ELOVL1,leukocytes,"ETS1 IP - K562 cells, ETS1 IP - GM12878 cells, ETS1 IP",,,,,,,,,,,,
SPP,JUNB,ELOVL1,colon,JUNB IP ,,,,,,,,,,,,
SPP,RELA,ELOVL1,leukocytes,"RELA IP | TNF - GM15510 cells, RELA IP | TNF - GM18951 cells, RELA IP | BAY082  - IVD Th1 cells, PIA, RELA IP | TNF - GM12891 cells",,,,,,,,,,,,
SPP,TNF,ELOVL1,leukocytes,"RELA IP | TNF - GM15510 cells, RELA IP | TNF - GM18951 cells, RELA IP | TNF - GM12891 cells",,,,,,,,,,,,
SPP,YY1,ELOVL1,uterus,YY1 IP - ECC1 cells,,,,,,,,,,,,
SPP,CTCF,ELOVL1,megakaryocytelineage,"CTCF IP - MEG-01 cells, Rep 10 , CTCF IP - MEG-01 cells, Rep 4 , CTCF IP - MEG-01 cells, Rep 8 , CTCF IP - MEG-01 cells, Rep 6 , CTCF IP - MEG-01 cells, Rep 2 ",,,,,,,,,,,,
SPP,PRDM1,ELOVL1,uterus,PRDM1 IP - HeLa cells,,,,,,,,,,,,
SPP,FOXM1,ELOVL1,mammarygland,"FOXM1 IP | THSP - DS018, FOXM1 IP - DS005, FOXM1 IP - DS017, FOXM1 IP | THSP - DS006, FOXM1 IP - DS007, FOXM1 IP | THSP - DS008, FOXM1 IP - MCF7 cells",,,,,,,,,,,,
SPP,CTCF,ELOVL1,esophagus,"CTCF IP - HEEpiC cells, Rep 1 , CTCF IP - HEEpiC cells, Rep 2 ",,,,,,,,,,,,
SPP,TCF12,ELOVL1,cns,TCF12 IP - SK-N-SH cells,,,,,,,,,,,,
SPP,TCF12,ELOVL1,uterus,TCF12 IP - ECC1 cells,,,,,,,,,,,,
SPP,CTCF,ELOVL1,colon,"CTCF IP - Rep 2 , CTCF IP - Rep 1 , CTCF IP - HCT116 cells, Rep 1 , CTCF IP - Rep 3 , CTCF IP - Caco , CTCF IP - HCT116 cells, CTCF IP - Caco-2 cells, Rep 1 , CTCF IP - HCT116 cells, Rep 2 ",,,,,,,,,,,,
SPP,CTCF,ELOVL1,cns,"CTCF IP - cerebellar astrocyte cells, Rep 2 , CTCF IP - BE(2)-C cells, Rep 1 , CTCF IP - SK cells, CTCF IP - spinal cord astrocyte cells, Rep 2 , CTCF IP - HCPEpiC cells, Rep 1 , CTCF IP - cerebellar astrocyte cells, Rep 1 , CTCF IP - HCPEpiC cells, Rep 2 , CTCF IP - SK-N-SH cells, Rep 2 , CTCF IP - SK-N-SH cells, Rep 1 , CTCF IP - NHA cells , CTCF IP - spinal cord astrocyte cells, Rep 1 , CTCF IP - SK-N-SH cells ",,,,,,,,,,,,
SPP,E2F6,ELOVL1,leukocytes,"E2F6 IP - K562 cells, E2F6 IP - K562 cells",,,,,,,,,,,,
SPP,GATA2,ELOVL1,prostate,"GATA2 ChIP-Seq - Rep 2, GATA2 ChIP-Seq",,,,,,,,,,,,
SPP,STAT3,ELOVL1,stemcells,"STAT3 IP - Rep 1 , STAT3 IP - Rep 2 ",,,,,,,,,,,,
SPP,YY1,ELOVL1,colon,YY1 IP - HCT116 cells,,,,,,,,,,,,
SPP,E2F6,ELOVL1,uterus,E2F6 IP - HeLa cells,,,,,,,,,,,,
SPP,ELF1,ELOVL1,colon,ELF1 IP - HCT116 cells,,,,,,,,,,,,
SPP,ZNF263,ELOVL1,kidney,ZNF263 IP - HEK293 cells,,,,,,,,,,,,
SPP,TP63,ELOVL1,skin,TP63 IP,,,,,,,,,,,,
SPP,GATA4,ELOVL1,stemcells,"GATA4 IP - Rep 8 , GATA4 IP - Rep 9 ",,,,,,,,,,,,
SPP,CEBPB,ELOVL1,stemcells,"CEBPB IP, CEBPB IP, CEBPB IP",,,,,,,,,,,,
SPP,MAZ,ELOVL1,leukocytes,"MAZ IP - GM12878 cells, MAZ IP - K562 cells",,,,,,,,,,,,
SPP,TBP,ELOVL1,liver,TBP IP - HepG2 cells,,,,,,,,,,,,
SPP,SP2,ELOVL1,liver,SP2 IP - HepG2 cells,,,,,,,,,,,,
SPP,CTCF,ELOVL1,skin,"CTCF IP - AG04449 cells, Rep 2 , CTCF IP - NHEK cells, Rep 2 , CTCF IP - BJ cells, Rep 2 , CTCF IP - AG09309 cells, Rep 1 , CTCF IP - BJ cells, Rep 1 , CTCF IP - NHEK cells , CTCF IP - HFFC cells, Rep 1 , CTCF IP - NHDF cells , CTCF IP - HFFC cells, Rep 3 , CTCF IP - NHDF cells, Rep 1 , CTCF IP - NHDF cells, Rep 2 , CTCF IP - AG10803 cells, Rep 1 , CTCF IP - GM12878 cells, Rep 2 , CTCF IP - HFFC cells, Rep 2 , CTCF IP - AG04449 cells, Rep 1 , CTCF IP - AG10803 cells, Rep 2 ",,,,,,,,,,,,
SPP,CTCF,ELOVL1,uterus,"CTCF IP - HeLa cells, Rep 1 , CTCF IP - HeLa cells ",,,,,,,,,,,,
SPP,MAX,ELOVL1,uterus,"MAX IP - ECC1 cells, MAX IP - HeLa cells, Rep 1, MAX IP - HeLa cells, Rep 2",,,,,,,,,,,,
SPP,IRF1,ELOVL1,leukocytes,"IRF1 IP | IFNG - K562 cells, 30 min, IRF1 IP | IFNG - K562 cells, 6 h, IRF1 IP | IFNA1-13 - K562 cells, 6 h",,,,,,,,,,,,
SPP,IFNG,ELOVL1,leukocytes,"IRF1 IP | IFNG - K562 cells, 30 min, IRF1 IP | IFNG - K562 cells, 6 h, MYC IP | IFNG - K562 cells, 30 min, STAT1 IP - Rep 5, STAT1 IP - Rep 3, STAT1 IP - Rep 1, STAT1 IP - Rep 4, STAT1 IP - Rep 2, STAT1 IP - Rep 6, MYC IP | IFNG - K562 cells, 6 h",,,,,,,,,,,,
SPP,HOXA4,ELOVL1,colon,HOXA4 IP ,,,,,,,,,,,,
SPP,E2F1,ELOVL1,prostate,"BICALU + HES6OE | E2F1 ChIP-Seq - Rep 4, BICALU | E2F1 ChIP-Seq - Rep 4, HES6 OE | E2F1 ChIP-Seq - Rep 2, BICALU | E2F1 ChIP-Seq - Rep 3, HES6 OE | E2F1 ChIP-Seq - Rep 3, E2F1 ChIP-Seq - Rep 2, E2F1 ChIP-Seq - Rep 3, HES6 OE + BICALU | E2F1 ChIP-Seq - Rep 1, HES6 OE | E2F1 ChIP-Seq - Rep 1, E2F1 ChIP-Seq - Rep 4, BICALU + HES6 OE | E2F1 ChIP-Seq - Rep 2, E2F1 ChIP-Seq - Rep 1, HES6 OE + BICALU | E2F1 ChIP-Seq - Rep 3, BICALU | E2F1 ChIP-Seq - Rep 1, BICALU | E2F1 ChIP-Seq - Rep 2",,,,,,,,,,,,
SPP,BICALU,ELOVL1,prostate,"BICALU + HES6OE | E2F1 ChIP-Seq - Rep 4, BICALU | E2F1 ChIP-Seq - Rep 4, BICALU | E2F1 ChIP-Seq - Rep 3, HES6 OE + BICALU | E2F1 ChIP-Seq - Rep 1, BICALU + HES6 OE | E2F1 ChIP-Seq - Rep 2, HES6 OE + BICALU | E2F1 ChIP-Seq - Rep 3, BICALU | E2F1 ChIP-Seq - Rep 1, BICALU | E2F1 ChIP-Seq - Rep 2",,,,,,,,,,,,
SPP,HES6,ELOVL1,prostate,"BICALU + HES6OE | E2F1 ChIP-Seq - Rep 4, HES6 OE | E2F1 ChIP-Seq - Rep 2, HES6 OE | E2F1 ChIP-Seq - Rep 3, HES6 OE + BICALU | E2F1 ChIP-Seq - Rep 1, HES6 OE | E2F1 ChIP-Seq - Rep 1, BICALU + HES6 OE | E2F1 ChIP-Seq - Rep 2, HES6 OE + BICALU | E2F1 ChIP-Seq - Rep 3",,,,,,,,,,,,
SPP,YY1,ELOVL1,leukocytes,"YY1 IP - K562 cells, Rep 2, YY1 IP - GM12878 cells, YY1 IP - GM12892 cells, Rep 1, YY1 IP - K562 cells, Rep 1",,,,,,,,,,,,
SPP,POU2F2,ELOVL1,leukocytes,POU2F2 IP - GM12878 cells,,,,,,,,,,,,
SPP,CTCF,ELOVL1,mammarygland,"CTCF IP - MCF7 cells, CTCF IP - HMEC cells , CTCF IP - HMEC cells, Rep 2 , CTCF IP - HMEC cells, Rep 1 , CTCF IP - MCF-7 cells, Rep 1 , CTCF IP - HMF cells, Rep 2 , CTCF IP - HMF cells, Rep 1 , CTCF IP - MCF-7 cells Rep 2 ",,,,,,,,,,,,
SPP,HOXA6,ELOVL1,colon,HOXA6 IP ,,,,,,,,,,,,
SPP,SP1,ELOVL1,colon,SP1 IP - HCT116 cells,,,,,,,,,,,,
SPP,FOS,ELOVL1,mammarygland,"FOS IP | 4HT - MCF10A cells, 12 h, FOS IP - MCF10A cells, FOS IP | 4HT - MCF10A cells, 36 h, FOS IP | 4HT - MCF10A cells, 4 h",,,,,,,,,,,,
SPP,4HT,ELOVL1,mammarygland,"FOS IP | 4HT - MCF10A cells, 12 h, FOS IP | 4HT - MCF10A cells, 36 h, STAT3 IP | 4HT - MCF10 cells, 12 h, MYC IP | 4HT - MCF10A cells, FOS IP | 4HT - MCF10A cells, 4 h, E2F4 IP | 4HT - MCF10 cells, STAT3 IP | 4HT - MCF10 cells, 36 h",,,,,,,,,,,,
SPP,SMARCC1,ELOVL1,uterus,SMARCC1 IP - HeLa cells,,,,,,,,,,,,
SPP,SPI1,ELOVL1,leukocytes,"ROSI | SPI1 ChIP-Seq, SPI1 IP - GM12878 cells, SPI1 IP, SPI1 IP - GM12878 cells, Rep 2 , SPI1 IP, SPI1 IP - K562 cells, SPI1 IP - HL cells, SPI1 IP, SPI1 IP, SPI1 IP - GM12891 cells, SPI1 IP - U-937 cells, Rep 4 , SPI1 IP, SPI1 IP - GM12878 cells, Rep 1 , SPI1 IP - GM12878 cells, Rep 3 , SPI1 IP, SPI1 IP, SPI1 IP - GM12878 cells, Rep 4 , SPI1 IP, SPI1 IP, SPI1 IP",,,,,,,,,,,,
SPP,ROSI,ELOVL1,leukocytes,ROSI | SPI1 ChIP-Seq,,,,,,,,,,,,
SPP,SRF,ELOVL1,colon,SRF IP - HCT116 cells,,,,,,,,,,,,
SPP,KLF11,ELOVL1,adiposetissue,"ROSI (BrAT) | KLF11 ChIP-Seq, Rep 1, KLF11 ChIP-Seq, Rep 1, ROSI (BrAT) | KLF11 ChIP-Seq, Rep 2, KLF11 ChIP-Seq, Rep 2",,,,,,,,,,,,
SPP,ROSI,ELOVL1,adiposetissue,"ROSI (BrAT) | KLF11 ChIP-Seq, Rep 1, ROSI (BrAT) | KLF11 ChIP-Seq, Rep 2",,,,,,,,,,,,
SPP,E2F6,ELOVL1,stemcells,E2F6 IP - H1 cells,,,,,,,,,,,,
SPP,CTCF,ELOVL1,hspcs,"CTCF IP - HEL 92.1.7 cells, Rep 2 , CTCF IP - HEL 92.1.7 cells, Rep 11 , CTCF IP - Erythroid cells, Rep 1, CTCF IP - HEL 92.1.7 cells, Rep 14 , CTCF IP - Erythroid cells, Rep 2, CTCF IP - HEL 92.1.7 cells, Rep 8 , CTCF IP - HEL 92.1.7 cells, Rep 5 ",,,,,,,,,,,,
SPP,JUN,ELOVL1,vasculature,"JUN IP, JUN IP - HUVEC cells",,,,,,,,,,,,
SPP,YY1,ELOVL1,cns,YY1 IP - SK-N-SH cells,,,,,,,,,,,,
SPP,NFYA,ELOVL1,uterus,NFYA IP - HeLa cells,,,,,,,,,,,,
SPP,MAX,ELOVL1,lung,"MAX IP - A549 cells, MAX IP - A549 cells",,,,,,,,,,,,
SPP,REST,ELOVL1,cns,"REST IP - SK cells, REST IP - U87 cells, REST IP - PFSK1 cells, Rep 2, REST IP - PFSK-N-SH cells1 cells, Rep 1",,,,,,,,,,,,
SPP,JUN,ELOVL1,mammarygland,"JUN IP - Rep 1, JUN IP - Rep 2, JUN IP, JUN IP | CPDA, JUN IP | DEX",,,,,,,,,,,,
SPP,AR,ELOVL1,prostate,WT AR OE | FOXA1 ChIP-Seq,,,,,,,,,,,,
SPP,ZNF143,ELOVL1,leukocytes,"ZNF143 IP - K562 cells, ZNF143 IP - GM12878 cells",,,,,,,,,,,,
SPP,CEBPB,ELOVL1,colon,"CEBPB IP - HCT116 cells, CEBPB IP | 125DVD3",,,,,,,,,,,,
SPP,ASCL1,ELOVL1,skin,ASCL1 IP - NHDF,,,,,,,,,,,,
SPP,SATB1,ELOVL1,liver,SATB1 IP,,,,,,,,,,,,
SPP,CTCF,ELOVL1,liver,"CTCF IP - HepG2 cells, Rep 2 , CTCF IP - HepG2 cells, Rep 1 , CTCF IP - SK-N-SH cells, CTCF IP, CTCF IP - HepG2 cells ",,,,,,,,,,,,
SPP,STAT3,ELOVL1,leukocytes,"STAT3 IP - OCI-LY10, STAT3 IP - SU-DHL-10, STAT3 IP - SU-DHL-6, STAT3 IP - OCI-LY7, STAT3 IP - SU-DHL-4",,,,,,,,,,,,
SPP,CTCF,ELOVL1,pancreas,CTCF IP,,,,,,,,,,,,
SPP,GATA1,ELOVL1,hspcs,"GATA1 IP - PBDE cells, Rep 1, GATA1 IP - Rep 2, GATA1 IP - Rep 1, GATA1 IP - Rep 3",,,,,,,,,,,,
SPP,CEBPB,ELOVL1,leukocytes,"CEBPB IP - Rep 204, CEBPB ChIP-Seq - K562, CEBPB IP | oxLDL  - Rep 208, CEBPB IP, CEBPB IP - K562 cells",,,,,,,,,,,,
SPP,MAX,ELOVL1,leukocytes,"MAX IP - K562 cells, Rep 2, MAX IP - K562 cells, Rep 1, MAX IP - GM12878 cells, MAX IP - NB4 cells, MAX IP - K562 cells",,,,,,,,,,,,
SPP,STAT3,ELOVL1,mammarygland,"STAT3 IP - MCF10A cells, Rep 2, STAT3 IP | 4HT - MCF10 cells, 12 h, STAT3 IP | 4HT - MCF10 cells, 36 h",,,,,,,,,,,,
SPP,MAX,ELOVL1,liver,"MAX IP - MCF7 cells, MAX IP - HepG2 cells, MAX IP - HepG2 cells",,,,,,,,,,,,
SPP,CTCF,ELOVL1,kidney,"CTCF IP - HEK293 cells, Rep 1 , CTCF IP - RPTEC cells, Rep 2 , CTCF IP - HRE cells, Rep 1 , CTCF IP - HRE cells, Rep 2 , CTCF IP - HEK293 cells, Rep 2 , CTCF IP - RPTEC cells, Rep 1 ",,,,,,,,,,,,
SPP,ELF3,ELOVL1,pancreas,"ELF3 IP, ELF3 IP, ELF3 IP | KLF5 KO",,,,,,,,,,,,
SPP,CTCF,ELOVL1,vasculature,"CTCF IP - HPAF cells, Rep 1 , CTCF IP - HPAF cells, Rep 2 , CTCF IP - AoAFC cells, Rep 1 , CTCF IP - HBMEC cells, Rep 1 , CTCF IP - HBMEC cells, Rep 2 , CTCF IP - HUVEC cells , CTCF IP - HUVEC cells, Rep 2 , CTCF IP - HUVEC cells, Rep 1 ",,,,,,,,,,,,
SPP,GABPA,ELOVL1,leukocytes,"GABPA IP - GM12878 cells, Rep 2 , GABPA IP - HL cells, GABPA IP - Jurkat, Rep 2, GABPA IP - GM12878 cells, GABPA IP - K562 cells, GABPA IP - GM12878 cells, Rep 5 , GABPA IP - GM12878 cells, Rep 4 , GABPA IP - Jurkat, Rep 1, GABPA IP - GM12878 cells, Rep 3 , GABPA IP - GM12878 cells, Rep 1 ",,,,,,,,,,,,
SPP,GABPA,ELOVL1,liver,"GABPA IP, GABPA IP, GABPA IP, GABPA IP - MCF7 cells, GABPA IP - HepG2 cells",,,,,,,,,,,,
SPP,ELF1,ELOVL1,mammarygland,ELF1 IP - MCF7 cells,,,,,,,,,,,,
SPP,ERG,ELOVL1,prostate,"DHT | ERG ChIP-Seq - 18 h, ERG ChIP-Seq, DHT | ERG ChIP-Seq - 2 h, ERG ChIP-Seq",,,,,,,,,,,,
SPP,DHT,ELOVL1,prostate,"DHT | ERG ChIP-Seq - 18 h, DHT | FOXA1 ChIP-Seq, DHT | ERG ChIP-Seq - 2 h",,,,,,,,,,,,
SPP,CTCF,ELOVL1,skeletalmuscle,"CTCF IP - HSMM cells, Rep 2 , CTCF IP - HSMM cells, Rep 1 ",,,,,,,,,,,,
SPP,FOXM1,ELOVL1,bone,FOXM1 IP,,,,,,,,,,,,
SPP,CREB1,ELOVL1,leukocytes,"CREB1 IP - GM12878 cells, CREB1 IP - K562 cells",,,,,,,,,,,,
SPP,STAT2,ELOVL1,leukocytes,"STAT2 IP | IFNA1-13 - K562 cells, 30 min",,,,,,,,,,,,
SPP,IFNA1,ELOVL1,leukocytes,"STAT2 IP | IFNA1-13 - K562 cells, 30 min, MYC IP | IFNA1 - K562 cells, 6 h, IRF1 IP | IFNA1-13 - K562 cells, 6 h, MYC IP | IFNA1 - K562 cells, 30 min",,,,,,,,,,,,
SPP,STAT1,ELOVL1,uterus,"STAT1 IP | IFNG - HeLa cells, 30 min",,,,,,,,,,,,
SPP,IFNG,ELOVL1,uterus,"STAT1 IP | IFNG - HeLa cells, 30 min",,,,,,,,,,,,
SPP,MYB,ELOVL1,leukocytes,"MYB IP - Jurkat, Rep 5, MYB IP - MOLT3, MYB IP - Jurkat, Rep 4, MYB IP - Jurkat, Rep 1, MYB IP - Jurkat, Rep 2, MYB IP - Jurkat, Rep 3",,,,,,,,,,,,
SPP,PAX5,ELOVL1,leukocytes,"PAX5 IP - GM12878 cells, Rep 1, PAX5 IP - GM12878 cells, Rep 2, PAX5 IP - GM12892 cells",,,,,,,,,,,,
SPP,MYBL2,ELOVL1,liver,MYBL2 IP - HepG2 cells,,,,,,,,,,,,
SPP,E2F4,ELOVL1,uterus,E2F4 IP - HeLa cells,,,,,,,,,,,,
SPP,STAT5A,ELOVL1,leukocytes,"STAT5A IP - GM12878 cells, STAT5A IP - K562 cells",,,,,,,,,,,,
SPP,CTCF,ELOVL1,bone,"CTCF IP, CTCF IP - Osteoblasts ",,,,,,,,,,,,
SPP,FOXA1,ELOVL1,mammarygland,"FOXA1 ChIP-Seq - Rep 1, 17BE2 | FOXA1 ChIP-Seq - Rep 1, DHT | FOXA1 ChIP-Seq",,,,,,,,,,,,
SPP,TAL1,ELOVL1,stemcells,"TAL1 IP - Rep 1 , TAL1 IP - Rep 2 ",,,,,,,,,,,,
SPP,NFYB,ELOVL1,uterus,NFYB IP - HeLa cells,,,,,,,,,,,,
SPP,SREBF1,ELOVL1,liver,SREBF1 IP | INS + 22RHC - HepG2 cells,,,,,,,,,,,,
SPP,22RHC; INS,ELOVL1,liver,SREBF1 IP | INS + 22RHC - HepG2 cells,,,,,,,,,,,,
SPP,GTF2F1,ELOVL1,uterus,GTF2F1 IP - HeLa cells,,,,,,,,,,,,
SPP,CTCF,ELOVL1,heart,"CTCF IP - HCF cells , CTCF IP - myocytes cells, Rep 1 , CTCF IP - myocytes cells, Rep 2 ",,,,,,,,,,,,
SPP,MYC,ELOVL1,leukocytes,"MYC IP | IFNG - K562 cells, 30 min, MYC IP | IFNA1 - K562 cells, 6 h, MYC IP - K562 cells, Rep 2, MYC IP - NB4 cells, MYC IP - K562 cells, Rep 1, MYC IP | IFNA1 - K562 cells, 30 min, MYC IP | IFNG - K562 cells, 6 h",,,,,,,,,,,,
SPP,ZNF143,ELOVL1,stemcells,ZNF143 IP - H1 cells,,,,,,,,,,,,
SPP,CTCF,ELOVL1,miscellaneous,"CTCF IP - AG09319 cells, Rep 2 , CTCF IP - AG09319 cells, Rep 1 ",,,,,,,,,,,,
SPP,ELF1,ELOVL1,leukocytes,"ELF1 IP - SK-N-SH cells, ELF1 IP - SK-N-SH cells",,,,,,,,,,,,
SPP,E2F1,ELOVL1,uterus,"E2F1 IP - HeLa cells, Rep 1, E2F1 IP - HeLa cells, Rep 2",,,,,,,,,,,,
SPP,NFYB,ELOVL1,leukocytes,"NFYB IP - GM12878 cells, NFYB IP - K562 cells",,,,,,,,,,,,
SPP,CREB1,ELOVL1,uterus,CREB1 IP - ECC1 cells,,,,,,,,,,,,
SPP,KLF5,ELOVL1,stomach,KLF5 IP - KATOIII,,,,,,,,,,,,
SPP,BCL3,ELOVL1,leukocytes,BCL3 IP - GM12878 cells,,,,,,,,,,,,
SPP,GABPA,ELOVL1,prostate,"GABPA IP | R1881, GABPA IP - Rep 2, GABPA IP - Rep 1",,,,,,,,,,,,
SPP,R1881,ELOVL1,prostate,GABPA IP | R1881,,,,,,,,,,,,
SPP,REST,ELOVL1,leukocytes,"REST IP - K562 cells , REST IP - Â K562 cells, REST IP - K562 cells",,,,,,,,,,,,
SPP,DEX,ELOVL1,lung,"CTCF IP | DEX - A549 cells, CTCF IP | DEX - A549 cells , CREB1 IP | DEX - A549 cells",,,,,,,,,,,,
SPP,JUND,ELOVL1,cns,"JUND IP - SK-N-SH cells , JUND IP - SK-N-SH cells",,,,,,,,,,,,
SPP,CTCF,ELOVL1,placenta,"CTCF IP - HVMF cells, Rep 1 , CTCF IP - HVMF cells, Rep 2 ",,,,,,,,,,,,
SPP,HIF1A,ELOVL1,bone,HIF1A IP,,,,,,,,,,,,
SPP,ATF2,ELOVL1,colon,ATF2 IP ,,,,,,,,,,,,
SPP,TP53,ELOVL1,mammarygland,TP53 IP,,,,,,,,,,,,
SPP,RUNX1T1,ELOVL1,leukocytes,RUNX1T1 IP,,,,,,,,,,,,
SPP,GATA1,ELOVL1,leukocytes,"GATA1 ChIP-Seq - SC266, GATA1 ChIP-Seq - K562",,,,,,,,,,,,
SPP,UBTF,ELOVL1,leukocytes,"UBTF IP - K562 cells, UBTF IP - K562 cells",,,,,,,,,,,,
SPP,MAZ,ELOVL1,liver,MAZ IP - HepG2 cells,,,,,,,,,,,,
SPP,ZBTB7A,ELOVL1,liver,ZBTB7A IP - HepG2 cells,,,,,,,,,,,,
SPP,JUND,ELOVL1,lung,JUND IP - A549 cells,,,,,,,,,,,,
SPP,HEY1,ELOVL1,liver,HEY1 IP - HepG2 cells,,,,,,,,,,,,
SPP,E2F6,ELOVL1,lung,E2F6 IP - A549 cells,,,,,,,,,,,,
SPP,ATF2,ELOVL1,leukocytes,ATF2 IP - GM12878 cells,,,,,,,,,,,,
SPP,MAX,ELOVL1,vasculature,MAX IP - HUVEC cells,,,,,,,,,,,,
SPP,TBP,ELOVL1,uterus,TBP IP - HeLa cells,,,,,,,,,,,,
SPP,GTF2B,ELOVL1,uterus,"GTF2B IP - Rep 2, GTF2B IP - Rep 3, GTF2B IP | RO306",,,,,,,,,,,,
SPP,MYC,ELOVL1,mammarygland,"MYC IP, MYC IP | 4HT - MCF10A cells, DHT | MYC ChIP-Seq, MYC IP - MCF-10A cells",,,,,,,,,,,,
SPP,MXI1,ELOVL1,uterus,MXI1 IP - HeLa cells,,,,,,,,,,,,
SPP,MYC,ELOVL1,colon,MYC IP - DTT,,,,,,,,,,,,
SPP,TCF7L2,ELOVL1,hspcs,"TCF7L2 IP - Rep 2, TCF7L2 IP - Rep 1",,,,,,,,,,,,
SPP,TAL1,ELOVL1,leukocytes,TAL1 IP - K562 cells,,,,,,,,,,,,
SPP,HNF1B,ELOVL1,pancreas,HNF1B IP,,,,,,,,,,,,
SPP,CEBPA,ELOVL1,leukocytes,CEBPA IP,,,,,,,,,,,,
SPP,FOXA1,ELOVL1,pancreas,"FOXA1 IP, FOXA1 IP",,,,,,,,,,,,
SPP,HEY1,ELOVL1,leukocytes,HEY1 IP - K562 cells,,,,,,,,,,,,
SPP,KLF5,ELOVL1,stemcells,KLF5 IP - Rep 1 ,,,,,,,,,,,,
SPP,GABPA,ELOVL1,lung,GABPA IP - A549 cells,,,,,,,,,,,,
SPP,TCF7L2,ELOVL1,mammarygland,"DHT | TCF7L2 ChIP-Seq, TCF7L2 ChIP-Seq",,,,,,,,,,,,
SPP,DHT,ELOVL1,mammarygland,"DHT | TCF7L2 ChIP-Seq, DHT | MYC ChIP-Seq, DHT | FOXA1 ChIP-Seq",,,,,,,,,,,,
SPP,STAT1,ELOVL1,leukocytes,"STAT1 IP - Rep 5, STAT1 IP - Rep 3, STAT1 IP - Rep 1, STAT1 IP - Rep 4, STAT1 IP - Rep 2, STAT1 IP - Rep 6",,,,,,,,,,,,
SPP,ZEB1,ELOVL1,liver,ZEB1 IP - HepG2 cells,,,,,,,,,,,,
SPP,OTX2,ELOVL1,stemcells,"OTX2 IP - Rep 5 , OTX2 IP - Rep 4 , OTX2 IP - Rep 10 , OTX2 IP - Rep 3 ",,,,,,,,,,,,
SPP,MXI1,ELOVL1,cns,MXI1 IP - SK-N-SH cells ,,,,,,,,,,,,
SPP,CTCF,ELOVL1,sensory,"CTCF IP - WERI-Rb-1- cells, Rep 1 , CTCF IP - HRPEpiC cells, Rep 1 , CTCF IP - WERI , CTCF IP - HRPEpiC cells, Rep 2 ",,,,,,,,,,,,
SPP,GATA2,ELOVL1,leukocytes,"GATA2 IP - K562 cells, GATA2 IP - K562 cells",,,,,,,,,,,,
SPP,MXI1,ELOVL1,leukocytes,"MXI1 IP - GM12878 cells, MXI1 IP - K562 cells",,,,,,,,,,,,
SPP,125DVD3,ELOVL1,colon,CEBPB IP | 125DVD3,,,,,,,,,,,,
SPP,BAY082,ELOVL1,leukocytes,"RELA IP | BAY082  - IVD Th1 cells, PIA",,,,,,,,,,,,
SPP,MTA3,ELOVL1,leukocytes,MTA3 IP - GM12878 cells,,,,,,,,,,,,
SPP,NANOG,ELOVL1,stemcells,NANOG IP - Rep 5 ,,,,,,,,,,,,
SPP,MAX,ELOVL1,stemcells,MAX IP - H1 cells,,,,,,,,,,,,
SPP,GATA3,ELOVL1,cns,GATA3 IP - SK-N-SH cells,,,,,,,,,,,,
SPP,FOXA2,ELOVL1,embryonictissue,FOXA2 IP - Rep 2,,,,,,,,,,,,
SPP,GATA2,ELOVL1,vasculature,GATA2 IP - HUVEC cells,,,,,,,,,,,,
SPP,SMAD1,ELOVL1,hspcs,"SMAD1 IP - Rep 1, SMAD1 IP - Rep 4, SMAD1 IP - Rep 3",,,,,,,,,,,,
SPP,TBP,ELOVL1,stemcells,TBP IP - H1 cells,,,,,,,,,,,,
SPP,ZBTB7A,ELOVL1,uterus,ZBTB7A IP - ECC1 cells,,,,,,,,,,,,
SPP,FOSL1,ELOVL1,colon,FOSL1 IP - HCT116 cells,,,,,,,,,,,,
SPP,FOS,ELOVL1,vasculature,FOS IP - HUVEC cells,,,,,,,,,,,,
SPP,IRF3,ELOVL1,uterus,IRF3 IP - HeLa cells,,,,,,,,,,,,
SPP,HMBOX1,ELOVL1,lung,HMBOX1 IP,,,,,,,,,,,,
SPP,ELF1,ELOVL1,liver,ELF1 IP - HepG2 cells,,,,,,,,,,,,
SPP,EGR1,ELOVL1,uterus,EGR1 IP - ECC1 cells,,,,,,,,,,,,
SPP,CREB1,ELOVL1,liver,"CREB1 IP, CREB1 IP - HepG2 cells, CREB1 IP, CREB1 IP",,,,,,,,,,,,
SPP,MYC,ELOVL1,lung,MYC IP - A549 cells,,,,,,,,,,,,
SPP,ATF3,ELOVL1,colon,"ATF3 IP | CAMPTO, ATF3 IP - HCT116 cells",,,,,,,,,,,,
SPP,RUNX1,ELOVL1,hspcs,"RUNX1, RUNX1 IP",,,,,,,,,,,,
SPP,E2F3,ELOVL1,colon,E2F3 IP ,,,,,,,,,,,,
SPP,TEAD4,ELOVL1,colon,TEAD4 IP - HCT116 cells,,,,,,,,,,,,
SPP,CEBPB,ELOVL1,lung,"CEBPB ChIP-Seq - IMR90, CEBPB IP - A549 cells",,,,,,,,,,,,
SPP,EGR1,ELOVL1,colon,EGR1 IP - HCT116 cells,,,,,,,,,,,,
SPP,FOSL1,ELOVL1,mammarygland,FOSL1 IP,,,,,,,,,,,,
SPP,MAX,ELOVL1,colon,MAX IP - HCT116 cells,,,,,,,,,,,,
SPP,CREB1,ELOVL1,lung,CREB1 IP | DEX - A549 cells,,,,,,,,,,,,
SPP,PBX3,ELOVL1,lung,PBX3 IP - A549 cells,,,,,,,,,,,,
SPP,CTCF,ELOVL1,stemcells,"CTCF IP - H1 cells, CTCF IP - Rep 4 , CTCF IP - Rep 2 , CTCF IP - H1 cells , CTCF IP - Rep 5 , CTCF IP - Rep 6 , CTCF IP - Rep 1 , CTCF IP - Rep 7 ",,,,,,,,,,,,
SPP,EBF1,ELOVL1,leukocytes,"EBF1 IP - GM12878 cells, EBF1 IP - GM12878 cells",,,,,,,,,,,,
SPP,YY1,ELOVL1,lung,YY1 IP - A549 cells,,,,,,,,,,,,
SPP,FOXM1,ELOVL1,leukocytes,FOXM1 IP - GM12878 cells,,,,,,,,,,,,
SPP,TCF7L2,ELOVL1,uterus,TCF7L2 IP - HeLa cells,,,,,,,,,,,,
SPP,JUN,ELOVL1,uterus,JUN IP - HeLa cells,,,,,,,,,,,,
SPP,BHLHE40,ELOVL1,leukocytes,"BHLHE40 IP - K562 cells, BHLHE40 IP - GM12878 cells",,,,,,,,,,,,
SPP,TBP,ELOVL1,leukocytes,"TBP IP - K562 cells, TBP IP - GM12878 cells",,,,,,,,,,,,
SPP,TP53,ELOVL1,bone,TP53 IP | TP53EE/RR OE,,,,,,,,,,,,
SPP,GATA3,ELOVL1,lung,GATA3 IP - A549 cells,,,,,,,,,,,,
SPP,CPDA,ELOVL1,mammarygland,JUN IP | CPDA,,,,,,,,,,,,
SPP,ZBTB7A,ELOVL1,leukocytes,ZBTB7A IP - SK-N-SH cells,,,,,,,,,,,,
SPP,FOSL2,ELOVL1,cns,FOSL2 IP - SK-N-SH cells,,,,,,,,,,,,
SPP,GATA6,ELOVL1,stomach,"GATA6 IP - AGS, GATA6 IP - YCC3",,,,,,,,,,,,
SPP,SP1,ELOVL1,lung,SP1 IP - A549 cells,,,,,,,,,,,,
SPP,SRF,ELOVL1,stemcells,"SRF IP - Rep 7 , SRF IP - Rep 4 ",,,,,,,,,,,,
SPP,FOXA1,ELOVL1,liver,"FOXA1 IP - HepG2 cells, Rep 1",,,,,,,,,,,,
SPP,CEBPB,ELOVL1,uterus,"CEBPB IP - ECC1 cells, CEBPB ChIP-Seq - HeLaS3",,,,,,,,,,,,
SPP,SP1,ELOVL1,leukocytes,"SP1 IP - K562 cells, SP1 IP - GM12878 cells",,,,,,,,,,,,
SPP,ERG,ELOVL1,leukocytes,ERG IP - Rep 1,,,,,,,,,,,,
SPP,IKZF1,ELOVL1,leukocytes,IKZF1 IP - GM12878 cells,,,,,,,,,,,,
SPP,GATA4,ELOVL1,stomach,GATA4 IP - AGS,,,,,,,,,,,,
SPP,IRF1,ELOVL1,pancreas,IRF1 IP,,,,,,,,,,,,
SPP,TEAD4,ELOVL1,stemcells,TEAD4 IP - H1 cells,,,,,,,,,,,,
SPP,FOS,ELOVL1,uterus,FOS IP - HeLa cells,,,,,,,,,,,,
SPP,JUN,ELOVL1,leukocytes,"JUN IP - K562 cells, Rep 1, JUN IP - K562 cells, Rep 2",,,,,,,,,,,,
SPP,GABPA,ELOVL1,stemcells,GABPA IP - H1 cells,,,,,,,,,,,,
SPP,KLF5,ELOVL1,pancreas,"ELF3 IP | KLF5 KO, KLF5 IP",,,,,,,,,,,,
SPP,BARX1,ELOVL1,colon,BARX1 IP - Rep 1 ,,,,,,,,,,,,
SPP,CTCF,ELOVL1,adiposetissue,"CTCF ChIP-Seq - d 9, CTCF ChIP-Seq - d -2, CTCF ChIP-Seq - d 0",,,,,,,,,,,,
SPP,GATA6,ELOVL1,stemcells,GATA6 IP - Rep 7 ,,,,,,,,,,,,
SPP,FOXA2,ELOVL1,stemcells,FOXA2 IP - ES D2,,,,,,,,,,,,
SPP,BCL3,ELOVL1,lung,BCL3 IP - A549 cells,,,,,,,,,,,,
SPP,E2F1,ELOVL1,mammarygland,"E2F1 IP, E2F1 IP - MCF7 cells",,,,,,,,,,,,
SPP,SP1,ELOVL1,stemcells,"SP1 IP - Rep 1 , SP1 IP - H1 cells",,,,,,,,,,,,
SPP,HMGN3,ELOVL1,leukocytes,HMGN3 IP - K562 cells,,,,,,,,,,,,
SPP,IRF1,ELOVL1,colon,IRF1 IP ,,,,,,,,,,,,
SPP,CREB1,ELOVL1,stemcells,CREB1 IP - H1 cells,,,,,,,,,,,,
SPP,SP1,ELOVL1,liver,SP1 IP - HepG2 cells,,,,,,,,,,,,
SPP,EGR1,ELOVL1,leukocytes,EGR1 IP - K562 cells,,,,,,,,,,,,
SPP,TP53,ELOVL1,skin,TP53 IP,,,,,,,,,,,,
SPP,FOXM1,ELOVL1,cns,FOXM1 IP - SK-N-SH cells,,,,,,,,,,,,
SPP,NFYC,ELOVL1,colon,NFYC IP ,,,,,,,,,,,,
SPP,TEAD4,ELOVL1,uterus,TEAD4 IP - ECC1 cells,,,,,,,,,,,,
SPP,USF1,ELOVL1,colon,USF1 IP - HCT116 cells,,,,,,,,,,,,
SPP,STAT3,ELOVL1,uterus,STAT3 IP - HeLa cells,,,,,,,,,,,,
SPP,MAFK,ELOVL1,lung,MAFK IP - IMR cells,,,,,,,,,,,,
SPP,TCF7L2,ELOVL1,pancreas,TCF7L2 IP,,,,,,,,,,,,
SPP,MXI1,ELOVL1,liver,MXI1 IP - HepG2 cells,,,,,,,,,,,,
SPP,RELA,ELOVL1,colon,RELA IP ,,,,,,,,,,,,
SPP,GLI2,ELOVL1,colon,GLI2 IP ,,,,,,,,,,,,
SPP,FOSL2,ELOVL1,lung,FOSL2 IP - A549 cells,,,,,,,,,,,,
SPP,JUND,ELOVL1,leukocytes,JUND IP - K562 cells,,,,,,,,,,,,
SPP,SP2,ELOVL1,stemcells,SP2 IP - H1 cells,,,,,,,,,,,,
SPP,MAZ,ELOVL1,lung,MAZ IP - IMR cells,,,,,,,,,,,,
SPP,MYC,ELOVL1,liver,MYC IP,,,,,,,,,,,,
SPP,17BE2,ELOVL1,mammarygland,17BE2 | FOXA1 ChIP-Seq - Rep 1,,,,,,,,,,,,
SPP,YY1,ELOVL1,stemcells,YY1 IP - H1 cells,,,,,,,,,,,,
SPP,YY1,ELOVL1,liver,YY1 IP - HepG2 cells,,,,,,,,,,,,
SPP,JUND,ELOVL1,uterus,JUND IP - HeLa cells,,,,,,,,,,,,
SPP,SP2,ELOVL1,leukocytes,SP2 IP - K562 cells,,,,,,,,,,,,
SPP,MAFF,ELOVL1,leukocytes,MAFF IP - K562 cells,,,,,,,,,,,,
SPP,GABPA,ELOVL1,uterus,GABPA IP - HeLa cells,,,,,,,,,,,,
SPP,FOXM1,ELOVL1,uterus,FOXM1 IP - ECC1 cells,,,,,,,,,,,,
SPP,ZNF83,ELOVL1,colon,ZNF83 IP ,,,,,,,,,,,,
SPP,ELF1,ELOVL1,cns,ELF1 IP - SK-N-SH cells,,,,,,,,,,,,
SPP,MAX,ELOVL1,cns,MAX IP - SK-N-SH cells,,,,,,,,,,,,
SPP,JUND,ELOVL1,vasculature,JUND IP,,,,,,,,,,,,
SPP,ATF2,ELOVL1,stemcells,ATF2 IP - H1 cells,,,,,,,,,,,,
SPP,E2F4,ELOVL1,mammarygland,E2F4 IP | 4HT - MCF10 cells,,,,,,,,,,,,
SPP,TEAD4,ELOVL1,leukocytes,TEAD4 IP - K562 cells,,,,,,,,,,,,
SPP,TCF3,ELOVL1,leukocytes,TCF3 IP - GM12878 cells,,,,,,,,,,,,
SPP,PBX3,ELOVL1,cns,PBX3 IP - SK-N-SH cells,,,,,,,,,,,,
SPP,MXI1,ELOVL1,lung,MXI1 IP - IMR cells,,,,,,,,,,,,
SPP,MYC,ELOVL1,stemcells,MYC IP - Rep 2 ,,,,,,,,,,,,
SPP,TCF12,ELOVL1,leukocytes,TCF12 IP - GM12878 cells,,,,,,,,,,,,
SPP,MXI1,ELOVL1,stemcells,MXI1 IP - H1 cells,,,,,,,,,,,,
SPP,RO306,ELOVL1,uterus,GTF2B IP | RO306,,,,,,,,,,,,
SPP,TAL1,ELOVL1,colon,TAL1 IP ,,,,,,,,,,,,
SPP,GABPA,ELOVL1,cns,GABPA IP - SK-N-SH cells,,,,,,,,,,,,
SPP,DEX,ELOVL1,mammarygland,JUN IP | DEX,,,,,,,,,,,,
SPP,MYC,ELOVL1,uterus,MYC IP - HeLa cells,,,,,,,,,,,,
SPP,JUND,ELOVL1,colon,JUND IP - HCT116 cells,,,,,,,,,,,,
SPP,FOSL1,ELOVL1,leukocytes,FOSL1 IP - K562 cells,,,,,,,,,,,,
SPP,REST,ELOVL1,liver,"REST IP - HepG2 cells, Rep 2",,,,,,,,,,,,
SPP,JUN,ELOVL1,colon,JUN IP ,,,,,,,,,,,,
SPP,NFYA,ELOVL1,colon,NFYA IP ,,,,,,,,,,,,
SPP,IRF4,ELOVL1,leukocytes,IRF4 IP,,,,,,,,,,,,
SPP,RUNX1,ELOVL1,leukocytes,RUNX1 IP,,,,,,,,,,,,
SPP,SRF,ELOVL2,stemcells,"SRF IP - Rep 4 , SRF IP - Rep 6 , SRF IP - Rep 5 , SRF IP - Rep 1 , SRF IP - Rep 2 , SRF IP - Rep 7 , SRF IP - Rep 3 ",,,,,,,,,,,,
SPP,FOXA1,ELOVL2,mammarygland,"17BE2 | FOXA1 ChIP-Seq - Rep 1, FOXA1 ChIP-Seq - Rep 2, 17BE2 | FOXA1 ChIP-Seq - Rep 2, FOXA1 ChIP-Seq - Rep 2, FOXA1 IP | 17BE2 - MCF-7, TNF | FOXA1 ChIP-Seq - Rep 1, 17BE2 | FOXA1 ChIP-Seq - Rep 1, DEX | FOXA1 ChIP-Seq - Rep 1, DHT | FOXA1 ChIP-Seq, DEX | FOXA1 ChIP-Seq - Rep 2, DEX | FOXA1 ChIP-Seq - Rep 1, 17BE2 | FOXA1 ChIP-Seq - Rep 2, 17BE2 + TNF | FOXA1 ChIP-Seq - Rep 2, DEX | FOXA1 ChIP-Seq - Rep 2, FOXA1 ChIP-Seq - Rep 2, 17BE2 | FOXA1 ChIP-Seq - Rep 1, FOXA1 IP - T47D cells, 17BE2 | FOXA1 ChIP-Seq - Rep 2, FOXA1 ChIP-Seq - Rep 1, FOXA1 ChIP-Seq - Rep 1, 17BE2 | FOXA1 ChIP-Seq - Rep 1, DEX | FOXA1 ChIP-Seq - Rep 2, 17BE2 | FOXA1 ChIP-Seq - Rep 2, 17BE2 + TNF | FOXA1 ChIP-Seq - Rep 1, 17BE2 | FOXA1 ChIP-Seq",,,,,,,,,,,,
SPP,17BE2,ELOVL2,mammarygland,"17BE2 | FOXA1 ChIP-Seq - Rep 1, 17BE2 | FOXA1 ChIP-Seq - Rep 2, FOXA1 IP | 17BE2 - MCF-7, 17BE2 | FOXA1 ChIP-Seq - Rep 1, 17BE2 | FOXA1 ChIP-Seq - Rep 2, 17BE2 | FOXA1 ChIP-Seq - Rep 1, 17BE2 | FOXA1 ChIP-Seq - Rep 2, 17BE2 | FOXA1 ChIP-Seq - Rep 1, 17BE2 | FOXA1 ChIP-Seq - Rep 2, 17BE2 | FOXA1 ChIP-Seq",,,,,,,,,,,,
SPP,REST,ELOVL2,cns,"REST IP - U87 cells, REST IP - SK cells, REST IP - SK-N-SH cells, REST IP - PFSK1 cells, Rep 2, REST IP - PFSK-N-SH cells1 cells, Rep 1",,,,,,,,,,,,
SPP,ELF1,ELOVL2,leukocytes,ELF1 IP - SK-N-SH cells,,,,,,,,,,,,
SPP,FOXA1,ELOVL2,prostate,"CREB1 siRNA | FOXA1 ChIP-Seq - Rep 2, WT AR OE + FOXA1 OE | FOXA1 ChIP-Seq - high FOXA1, FOXA1 ChIP-Seq, EtOH | FOXA1 ChIP-Seq - Rep 2, AR C562S OE + FOXA1 OE | FOXA1 ChIP-Seq, CON KD + R1881 |Â FOXA1 ChIP-Seq, R1881 | FOXA1 ChIP-Seq - Rep 1, GATA2 KD  |Â FOXA1 ChIP-Seq, FOXA1 ChIP-Seq - Rep 1, FOXA1 ChIP-Seq, CON KD  |Â FOXA1 ChIP-Seq, FOXA1 ChIP-Seq, FOXA1 KD |Â GATA2 ChIP-Seq, WT AR OE + FOXA1 OE | FOXA1 ChIP-Seq, FOXA1 ChIP-Seq, FOXA1 siRNA | CREB1 ChIP-Seq - Rep 2, CON KD + R1881 | FOXA1 ChIP-Seq - Rep 1, EtOH | FOXA1 ChIP-Seq - , FOXA1 ChIP-Seq - Rep 2, CREB1 siRNA | FOXA1 ChIP-Seq - Rep 1, FOXA1 ChIP-Seq, DHT | FOXA1 ChIP-Seq, R1881 | FOXA1 ChIP-Seq - Rep 2, AR Q640X OE + FOXA1 OE | FOXA1 ChIP-Seq, CON KD |Â FOXA1 ChIP-Seq, FOXA1 + FBS |Â GATA2 ChIP-Seq, CON KD + R1881 | FOXA1 ChIP-Seq - Rep 2, FOXA1 ChIP-Seq - LNCaP-abl, PIAS1 + R1881 | FOXA1 ChIP-Seq - Rep 2, DHT | FOXA1 ChIP-Seq, PIAS1 + R1881 | FOXA1 ChIP-Seq - Rep 1",,,,,,,,,,,,
SPP,CREB1,ELOVL2,prostate,"CREB1 siRNA | FOXA1 ChIP-Seq - Rep 2, CREB1 ChIP-Seq - LNCaP-abl, FOXA1 siRNA | CREB1 ChIP-Seq - Rep 2, CREB1 siRNA | FOXA1 ChIP-Seq - Rep 1",,,,,,,,,,,,
SPP,AR,ELOVL2,prostate,"WT AR OE + FOXA1 OE | FOXA1 ChIP-Seq - high FOXA1, AR C562S OE + FOXA1 OE | FOXA1 ChIP-Seq, WT AR OE + FOXA1 OE | FOXA1 ChIP-Seq, AR Q640X OE + FOXA1 OE | FOXA1 ChIP-Seq",,,,,,,,,,,,
SPP,FOS,ELOVL2,vasculature,FOS IP - HUVEC cells,,,,,,,,,,,,
SPP,CTCF,ELOVL2,leukocytes,"CTCF IP - F36P cells, Rep 19 , CTCF IP - Â CD20+ cells , CTCF IP - GM12828 cells, CTCF IP - GM11894 cells, Rep 2, CTCF IP - GM18505 cells, Rep 1 , CTCF IP - GM19239 cells, Rep 2 , CTCF IP - K562 cells, CTCF IP - GM12891 cells, Rep 2 , CTCF IP - GM2630 cells, Rep 1 , CTCF IP - GM19239 cells, Rep 1 , CTCF IP - GM12814 cells, Rep 1, CTCF IP - GM12870 cells , CTCF IP - GM19099 cells, Rep 1 , CTCF IP - GM12867 cells , CTCF IP - GM19099 cells, Rep 2 , CTCF IP - F36P cells, Rep 17 , CTCF IP - GM12878 cells , CTCF IP - K562 cells, Rep 14 , CTCF IP - GM12873 cells, Rep 1 , CTCF IP - K562 cells, Rep 15 , CTCF IP - GM12890 cells, Rep 2 , CTCF IP - GM2255 cells, Rep 1 , CTCF IP - GM19238 cells, Rep 1 , CTCF IP - GM12875 cells, Rep 2 , CTCF IP - GM12878 cells, Rep 1 , CTCF IP - GM19240 cells, Rep 2 , CTCF IP - GM12878 cells, Rep 2 , CTCF IP - GM10847 cells, Rep 2 , CTCF IP - KU812 cells, Rep 5 , CTCF ChIP-Seq - GM12878, CTCF IP - GM18486 cells, Rep 1 , CTCF IP - K562 cells, Rep 2 , CTCF IP - GM12874 cells, Rep 1 , CTCF IP - GM18486 cells, Rep 2 , CTCF IP - GM12871 cells , CTCF IP - GM2610 cells, Rep 1 , CTCF IP - F36P cells, Rep 13 , CTCF IP - GM2588 cells, Rep 3 , CTCF IP - GM18951 cells, Rep 2 , CTCF IP - F36P cells, Rep 14 , CTCF IP - GM18526 cells, Rep 2 , CTCF IP - K562 cells , CTCF IP - K562 cells, CTCF IP - GM18505 cells, Rep 2 , CTCF IP - GM12872 cells, Rep 1 , CTCF IP - GM12878 cells, Rep 2 , CTCF IP - GM12890 cells, Rep 3 , CTCF IP - GM2610 cells, Rep 3 , CTCF IP - K562 cells, Rep 13 , CTCF IP - MS1 cells, Rep 1 , CTCF IP - F36P cells, Rep 10 , CTCF IP - GM12872 cells, Rep 3 , CTCF IP - GM18951 cells, Rep 1 , CTCF IP, CTCF IP - HL , CTCF IP - GM11994 cells, Rep 2, CTCF IP - GM12892 cells, Rep 1 , CTCF IP - GM19240 cells, Rep 1 , CTCF IP - CD14+ cells , CTCF IP - K562 cells, Rep 6 , CTCF IP - K562 cells, CTCF IP - MS1 cells, Rep 2 , CTCF IP - F36P cells, Rep 2 , CTCF IP - K562 cells, Rep 12 , CTCF IP - GM2630 cells, Rep 3 , CTCF IP - K562 cells, Rep 4 , CTCF IP - GM12873 cells, Rep 3 , CTCF IP - GM11831 cells, CTCF IP - GM12869 cells , CTCF IP - F36P cells, Rep 15 , CTCF IP - K562 cells, Rep 1 , CTCF IP - GM19193 cells, Rep 2 , CTCF IP - K562 cells, Rep 10 , CTCF IP - GM12154 cells, Rep 2, CTCF IP - K562 cells, Rep 3 , CTCF IP - K562 cells, Rep 7 , CTCF IP - GM12890 cells, Rep 1 , CTCF IP - GM2588 cells, Rep 1 , CTCF IP - GM18486 cells, Rep 3 , CTCF IP - F36P cells, Rep 9 , CTCF IP - GM2630 cells, Rep 2 , CTCF IP - GM2588 cells, Rep 2 , CTCF IP - MS1 cells, Rep 3 , CTCF IP - K562 cells, Rep 8 , CTCF IP - GM11994 cells, Rep 1, CTCF IP - GM10847 cells, Rep 3 , CTCF IP - GM12891 cells, Rep 1 , CTCF IP - MS1 cells, Rep 4 , CTCF IP - KU812 cells, Rep 17 , CTCF IP - KU812 cells, Rep 13 , CTCF IP - GM12875 cells, Rep 1 , CTCF IP - F36P cells, Rep 6 , CTCF IP - GM12864 cells, Rep 1 , CTCF IP - GM2255 cells, Rep 2 , CTCF IP - F36P cells, Rep 5 , CTCF IP - K562 cells, Rep 11 , CTCF IP - K562 cells, Rep 2 , CTCF IP - KU812 cells, Rep 9 , CTCF IP - GM11811 cells, Rep 2, CTCF IP - GM2610 cells, Rep 2 , CTCF IP - F36P cells, Rep 1 , CTCF IP - K562 cells, Rep 5 , CTCF IP - GM12872 cells, Rep 2 , CTCF IP - GM11992 cells, Rep 2, CTCF IP - GM12865 cells, Rep 1 , CTCF IP - GM2255 cells, Rep 3 , CTCF IP - GM12868 cells , CTCF IP - GM10847 cells, Rep 1 , CTCF IP - GM12873 cells, Rep 1 , CTCF IP - GM12874 cells, Rep 2 , CTCF IP - GM19238 cells, Rep 2 , CTCF IP - K562 cells, Rep 1 , CTCF IP - GM06990 cells, Rep 1 , CTCF IP - GM12865 cells, Rep 2 , CTCF IP - GM06986 cells, CTCF IP - GM19193 cells, Rep 1 , CTCF IP - F36P cells, Rep 7 , CTCF IP - K562 cells, Rep 16 , CTCF IP - GM12892 cells, Rep 2 , CTCF IP - K562 cells, Rep 9 , CTCF IP - KU812 cells, Rep 1 , CTCF IP - F36P cells, Rep 11 , CTCF IP - GM12866 cells , CTCF IP - GM11881 cells, CTCF IP - GM18526 cells, Rep 1 , CTCF IP - F36P cells, Rep 3 ",,,,,,,,,,,,
SPP,JUN,ELOVL2,leukocytes,"JUN IP - K562 cells, Rep 2, JUN IP | IFNA1-13 - 30 min , JUN IP - K562 cells, Rep 1",,,,,,,,,,,,
SPP,YY1,ELOVL2,liver,YY1 IP - HepG2 cells,,,,,,,,,,,,
SPP,CTCF,ELOVL2,lung,"CTCF IP | DEX - A549 cells, CTCF IP - AG04450 cells, Rep 2 , CTCF IP - AG04450 cells, Rep 1 , CTCF IP - HPF cells, Rep 2 , CTCF IP - A549 cells, Rep 2 , CTCF ChIP-Seq - A549, CTCF IP - A549 cells, CTCF IP - IMR cells, CTCF IP - NHLF cells , CTCF IP - SAEC cells, Rep 2 , CTCF IP - A549 cells , CTCF IP - NHLF cells , CTCF IP - SAEC cells, Rep 1 , CTCF IP - WI-38 cells, Rep 2 , CTCF IP | DEX - A549 cells , CTCF IP - HPF cells, Rep 1 , CTCF IP - WI-38 cells, Rep 1 , CTCF IP - A549 cells, Rep 1 ",,,,,,,,,,,,
SPP,DEX,ELOVL2,lung,"CTCF IP | DEX - A549 cells, CREB1 IP | DEX - A549 cells, CTCF IP | DEX - A549 cells , FOXA1 IP | DEX - A549 cells",,,,,,,,,,,,
SPP,CTCF,ELOVL2,megakaryocytelineage,"CTCF IP - MEG-01 cells, Rep 2 , CTCF IP - MEG-01 cells, Rep 5 , CTCF IP - MEG-01 cells, Rep 9 , CTCF IP - MEG-01 cells, Rep 10 , CTCF IP - MEG-01 cells, Rep 7 , CTCF IP - MEG-01 cells, Rep 1 , CTCF IP - MEG-01 cells, Rep 4 , CTCF IP - CHRF-288-11 cells, Rep 1 , CTCF IP - MEG-01 cells, Rep 8 , CTCF IP - CHRF-288-11 cells, Rep 2 , CTCF IP - MEG-01 cells, Rep 3 , CTCF IP - MEG-01 cells, Rep 6 ",,,,,,,,,,,,
SPP,FOXA2,ELOVL2,liver,FOXA2 IP - HepG2 cells,,,,,,,,,,,,"19822575,19822575,"
SPP,SIX2,ELOVL2,kidney,"SIX2 IP - 17 weeks, Rep 2, SIX2 IP -  16 weeks, SIX2 IP - 17 weeks, Rep 1",,,,,,,,,,,,
SPP,CTCF,ELOVL2,miscellaneous,"CTCF IP - AG09319 cells, Rep 1 , CTCF IP - AG09319 cells, Rep 2 ",,,,,,,,,,,,
SPP,PAX5,ELOVL2,leukocytes,"PAX5 IP - GM12878 cells, Rep 1, PAX5 IP - GM12891 cells, PAX5 IP - GM12878 cells, Rep 2, PAX5 IP - GM12892 cells",,,,,,,,,,,,
SPP,ATF3,ELOVL2,stemcells,ATF3 IP - H1 cells,,,,,,,,,,,,
SPP,REST,ELOVL2,lung,REST IP - A549 cells,,,,,,,,,,,,
SPP,CTCF,ELOVL2,hspcs,"CTCF IP - Erythroid cells, Rep 2, CTCF IP - HEL 92.1.7 cells, Rep 1 , CTCF IP - HEL 92.1.7 cells, Rep 5 , CTCF IP - HEL 92.1.7 cells, Rep 7 , CTCF IP - HSPCs, Rep 2, CTCF IP - HEL 92.1.7 cells, Rep 4 , CTCF IP - HEL 92.1.7 cells, Rep 13 , CTCF IP - HEL 92.1.7 cells, Rep 2 , CTCF IP - HEL 92.1.7 cells, Rep 11 , CTCF IP - Erythroid cells, Rep 1, CTCF IP - HEL 92.1.7 cells, Rep 10 , CTCF IP - HSPCs, Rep 1, CTCF IP - HEL 92.1.7 cells, Rep 14 , CTCF IP - HEL 92.1.7 cells, Rep 8 ",,,,,,,,,,,,
SPP,SPI1,ELOVL2,leukocytes,"SPI1 IP, SPI1 IP, SPI1 IP - GM12891 cells, SPI1 IP, SPI1 IP, SPI1 IP, SPI1 IP, SPI1 IP",,,,,,,,,,,,
SPP,REST,ELOVL2,leukocytes,"REST IP - GM12878 cells, Rep 28 , REST IP - GM12878 cells, Rep 17 , REST IP - GM12878 cells, Rep 1 , REST IP - GM12878 cells, Rep 7 , REST IP - Jurkat cells, Rep 5 , REST IP - Jurkat cells, Rep 14 , REST IP - GM12878 cells, Rep 25 , REST IP - Jurkat cells, Rep 11 , REST IP - Jurkat cells, Rep 7 , REST IP - GM12878 cells, Rep 9 , REST IP - K562 cells , REST IP - GM12878 cells, Rep 5 , REST IP - Jurkat cells, Rep 10 , REST IP - GM12878 cells, Rep 13 , REST IP - Jurkat cells, Rep 12 , REST IP - GM12878 cells, Rep 19 , REST IP - GM12878 cells, Rep 24 , REST IP - GM12878 cells, Rep 2 , REST IP - GM12878 cells, Rep 10 , REST IP - GM12878 cells, Rep 11 , REST IP - GM12878 cells, Rep 2, REST IP - GM12878 cells, Rep 8 , REST IP - HL60 cells, REST IP - GM12878 cells, Rep 3 , REST IP - Jurkat cells, Rep 3 , REST IP - Jurkat cells, Rep 8 , REST IP - GM12878 cells, Rep 4 , REST IP - GM12878 cells, Rep 18 , REST IP - GM12878 cells, Rep 22 , REST IP - GM12878 cells, Rep 6 , REST IP - GM12878 cells, Rep 23 , REST IP - GM12878 cells, Rep 16 , REST IP - Jurkat cells, Rep 4 , REST IP - GM12878 cells, Rep 26 , REST IP - GM12878 cells, Rep 1, REST IP - Â K562 cells, REST IP - GM12878 cells, Rep 12 , REST IP - Jurkat cells, Rep 13 , REST IP - GM12878 cells, Rep 27 , REST IP - GM12878 cells, Rep 21 , REST IP - K562 cells, REST IP - GM12878 cells, Rep 14 ",,,,,,,,,,,,
SPP,CTCF,ELOVL2,mammarygland,"CTCF IP - MCF-7 cells, Rep 1 , CTCF IP - HMF cells, Rep 2 , CTCF IP - HMF cells, Rep 1 , CTCF IP - MCF-7 cells Rep 2 , CTCF IP - MCF7 cells, CTCF IP - HMEC cells , CTCF IP - T47D cells, CTCF IP - HMEC cells, Rep 1 ",,,,,,,,,,,,
SPP,GABPA,ELOVL2,leukocytes,GABPA IP - K562 cells,,,,,,,,,,,,
SPP,CTCF,ELOVL2,vasculature,"CTCF IP - HUVEC cells, Rep 2 , CTCF IP - HPAF cells, Rep 1 , CTCF IP - HUVEC cells, Rep 1 , CTCF IP - HPAF cells, Rep 2 , CTCF IP - AoAFC cells, Rep 1 , CTCF IP - HBMEC cells, Rep 2 , CTCF IP - HBMEC cells, Rep 1 , CTCF IP - HUVEC cells ",,,,,,,,,,,,
SPP,STAT3,ELOVL2,leukocytes,"STAT3 IP - U-2932, STAT3 IP - SU-DHL-6, STAT3 IP - OCI-LY19",,,,,,,,,,,,
SPP,CREB1,ELOVL2,stemcells,CREB1 IP - H1 cells,,,,,,,,,,,,
SPP,TEAD4,ELOVL2,leukocytes,TEAD4 IP - K562 cells,,,,,,,,,,,,
SPP,REST,ELOVL2,pancreas,"REST IP - Panc1 cells, Rep 3, REST IP - PANC1 cells, Rep 1, REST IP - PANC1 cells, Rep 2",,,,,,,,,,,,
SPP,CTCF,ELOVL2,liver,"CTCF IP - HepG2 cells , CTCF IP - SK-N-SH cells, CTCF IP - HepG2 cells, Rep 2 , CTCF IP, CTCF IP - HepG2 cells, Rep 1 ",,,,,,,,,,,,
SPP,ETS1,ELOVL2,leukocytes,ETS1 IP - K562 cells,,,,,,,,,,,,
SPP,FOXA1,ELOVL2,stemcells,"FOXA1 IP - ES D7, FOXA1 IP - ES D5, FOXA1 IP - Rep 5 ",,,,,,,,,,,,
SPP,YY1,ELOVL2,cns,YY1 IP | ATRA - SK-N-SH cells,,,,,,,,,,,,
SPP,ATRA,ELOVL2,cns,YY1 IP | ATRA - SK-N-SH cells,,,,,,,,,,,,
SPP,CEBPB,ELOVL2,leukocytes,"CEBPB ChIP-Seq - K562, CEBPB IP, CEBPB IP, CEBPB IP, CEBPB IP, CEBPB IP",,,,,,,,,,,,
SPP,GATA3,ELOVL2,mammarygland,"GATA3 IP - MCF7 cells, GATA3 IP - MCF-7 cells, GATA3 IP - T47D cells",,,,,,,,,,,,"24758297,24758297,"
SPP,FOXA2,ELOVL2,stemcells,"FOXA2 IP - ES D5, FOXA2 IP - Rep 1 , FOXA2 IP - Rep 5 , FOXA2 IP - ES D2, FOXA2 IP - ES D10",,,,,,,,,,,,
SPP,MAZ,ELOVL2,lung,MAZ IP - IMR cells,,,,,,,,,,,,
SPP,MAX,ELOVL2,leukocytes,"MAX IP - K562 cells, MAX IP - K562 cells, Rep 2",,,,,,,,,,,,
SPP,TNF,ELOVL2,mammarygland,TNF | FOXA1 ChIP-Seq - Rep 1,,,,,,,,,,,,
SPP,BHLHE40,ELOVL2,liver,BHLHE40 IP - HepG2 cells,,,,,,,,,,,,
SPP,CEBPB,ELOVL2,mammarygland,CEBPB IP - MCF7 cells,,,,,,,,,,,,
SPP,CTCF,ELOVL2,cns,"CTCF IP - spinal cord astrocyte cells, Rep 1 , CTCF IP - cerebellar astrocyte cells, Rep 2 , CTCF IP - spinal cord astrocyte cells, Rep 2 , CTCF IP - HCPEpiC cells, Rep 1 , CTCF IP - SK-N-SH cells, Rep 2 , CTCF IP - cerebellar astrocyte cells, Rep 1 , CTCF IP - SK-N-SH cells , CTCF IP - HCPEpiC cells, Rep 2 , CTCF IP - SK-N-SH cells, Rep 1 , CTCF IP - NHA cells , CTCF IP - SK cells",,,,,,,,,,,,
SPP,JUND,ELOVL2,leukocytes,JUND IP - K562 cells,,,,,,,,,,,,
SPP,CTCF,ELOVL2,sensory,"CTCF IP - HRPEpiC cells, Rep 2 , CTCF IP - WERI-Rb-1- cells, Rep 1 , CTCF IP - HRPEpiC cells, Rep 1 , CTCF IP - WERI ",,,,,,,,,,,,
SPP,ATF3,ELOVL2,liver,ATF3 IP - HepG2 cells,,,,,,,,,,,,
SPP,GATA2,ELOVL2,prostate,"CON KD + FBS |Â GATA2 ChIP-Seq, GATA2 KD  |Â FOXA1 ChIP-Seq, CON KD |Â GATA2 ChIP-Seq, FOXA1 KD |Â GATA2 ChIP-Seq, GATA2 ChIP-Seq, GATA2 ChIP-Seq - Rep 2, GATA2 KD + R1881 |Â GATA2 ChIP-Seq, FOXA1 + FBS |Â GATA2 ChIP-Seq, GATA2 ChIP-Seq - Rep 1, CON KD  |Â GATA2 ChIP-Seq, CON KD + R1881 |Â GATA2 ChIP-Seq",,,,,,,,,,,,
SPP,MXI1,ELOVL2,liver,MXI1 IP - HepG2 cells,,,,,,,,,,,,
SPP,USF1,ELOVL2,liver,USF1 IP - HepG2 cells,,,,,,,,,,,,
SPP,R1881,ELOVL2,prostate,"CON KD + R1881 |Â FOXA1 ChIP-Seq, R1881 | FOXA1 ChIP-Seq - Rep 1, CON KD + R1881 | FOXA1 ChIP-Seq - Rep 1, GATA2 KD + R1881 |Â GATA2 ChIP-Seq, R1881 | FOXA1 ChIP-Seq - Rep 2, CON KD + R1881 | FOXA1 ChIP-Seq - Rep 2, PIAS1 + R1881 | FOXA1 ChIP-Seq - Rep 2, CON KD + R1881 |Â GATA2 ChIP-Seq, PIAS1 + R1881 | FOXA1 ChIP-Seq - Rep 1",,,,,,,,,,,,
SPP,CEBPB,ELOVL2,liver,"CEBPB IP - HepG2 cells, CEBPB ChIP-Seq - HepG2, CEBPB IP | FORSK - HepG2 cells",,,,,,,,,,,,
SPP,CTCF,ELOVL2,kidney,"CTCF IP - HEK293 cells, Rep 2 , CTCF IP - RPTEC cells, Rep 1 , CTCF IP - HEK293 cells, Rep 1 , CTCF IP - HRE cells, Rep 1 , CTCF IP - HRE cells, Rep 2 ",,,,,,,,,,,,
SPP,CREB1,ELOVL2,liver,"CREB1 IP, CREB1 IP - HepG2 cells, CREB1 IP",,,,,,,,,,,,
SPP,CTCF,ELOVL2,bone,CTCF IP - Osteoblasts ,,,,,,,,,,,,
SPP,CEBPB,ELOVL2,stemcells,"CEBPB IP - H1 cells, CEBPB IP, CEBPB IP",,,,,,,,,,,,
SPP,FOSL2,ELOVL2,liver,FOSL2 IP - HepG2 cells,,,,,,,,,,,,
SPP,CTCF,ELOVL2,skin,"CTCF IP - AG04449 cells, Rep 1 , CTCF IP - AG10803 cells, Rep 2 , CTCF IP - AG04449 cells, Rep 2 , CTCF IP - BJ cells, Rep 2 , CTCF IP - AG09309 cells, Rep 1 , CTCF IP - BJ cells, Rep 1 , CTCF IP - NHEK cells , CTCF IP - HFFC cells, Rep 1 , CTCF IP - NHDF cells , CTCF IP - HFFC cells, Rep 3 , CTCF IP - HFFC cells, Rep 2 , CTCF IP - NHDF cells, Rep 1 , CTCF IP - NHDF cells, Rep 2 , CTCF IP - AG10803 cells, Rep 1 , CTCF IP - GM12878 cells, Rep 2 ",,,,,,,,,,,,
SPP,JUND,ELOVL2,stemcells,"JUND IP - H1 cells, JUND IP - H1 cells",,,,,,,,,,,,
SPP,CTCF,ELOVL2,placenta,"CTCF IP - HVMF cells, Rep 2 , CTCF IP - HVMF cells, Rep 1 ",,,,,,,,,,,,
SPP,FOS,ELOVL2,mammarygland,"FOS IP - MCF10A cells, FOS IP | 4HT - MCF10A cells, 36 h, FOS IP | 4HT - MCF10A cells, 4 h, FOS IP | 4HT - MCF10A cells, 12 h",,,,,,,,,,,,
SPP,HMGN3,ELOVL2,leukocytes,HMGN3 IP - K562 cells,,,,,,,,,,,,
SPP,E2F6,ELOVL2,leukocytes,"E2F6 IP - K562 cells, E2F6 IP - K562 cells",,,,,,,,,,,,
SPP,JUN,ELOVL2,mammarygland,"JUN IP - Rep 1, JUN IP - Rep 2",,,,,,,,,,,,
SPP,FOXA2,ELOVL2,embryonictissue,"FOXA2 IP - Rep 2, FOXA2 IP - Rep 1",,,,,,,,,,,,
SPP,FOS,ELOVL2,leukocytes,FOS IP - K562 cells,,,,,,,,,,,,
SPP,CTCF,ELOVL2,esophagus,"CTCF IP - HEEpiC cells, Rep 1 ",,,,,,,,,,,,
SPP,MAX,ELOVL2,cns,MAX IP - SK-N-SH cells,,,,,,,,,,,,
SPP,CTCF,ELOVL2,stemcells,"CTCF IP - H1 cells, CTCF IP - Rep 2 , CTCF IP - Rep 4 , CTCF IP - Rep 5 , CTCF IP - Rep 6 , CTCF IP - Rep 1 , CTCF IP - Rep 7 , CTCF IP - Rep 3 , CTCF IP - H1 cells ",,,,,,,,,,,,
SPP,4HT,ELOVL2,mammarygland,"FOS IP | 4HT - MCF10A cells, 36 h, FOS IP | 4HT - MCF10A cells, 4 h, STAT3 IP | 4HT - MCF10 cells, 36 h, FOS IP | 4HT - MCF10A cells, 12 h",,,,,,,,,,,,
SPP,MYC,ELOVL2,leukocytes,"MYC IP - K562 cells, Rep 1",,,,,,,,,,,,
SPP,YY1,ELOVL2,leukocytes,"YY1 IP - K562 cells, Rep 2, YY1 IP - GM12878 cells, YY1 IP - GM12891 cells, YY1 IP - K562 cells, Rep 1",,,,,,,,,,,,
SPP,ZBTB7A,ELOVL2,liver,ZBTB7A IP - HepG2 cells,,,,,,,,,,,,
SPP,E2F1,ELOVL2,mammarygland,E2F1 IP - MCF7 cells,,,,,,,,,,,,
SPP,REST,ELOVL2,uterus,REST IP - ECC1 cells,,,,,,,,,,,,
SPP,FOXA1,ELOVL2,liver,"FOXA1 IP - HepG2 cells, Rep 1, FOXA1 IP - HepG2 cells, Rep 2",,,,,,,,,,,,
SPP,CTCF,ELOVL2,pancreas,CTCF IP,,,,,,,,,,,,
SPP,EGR1,ELOVL2,leukocytes,EGR1 IP - K562 cells,,,,,,,,,,,,
SPP,DEX,ELOVL2,mammarygland,"DEX | FOXA1 ChIP-Seq - Rep 1, DEX | FOXA1 ChIP-Seq - Rep 2, DEX | FOXA1 ChIP-Seq - Rep 1, DEX | FOXA1 ChIP-Seq - Rep 2, DEX | FOXA1 ChIP-Seq - Rep 2",,,,,,,,,,,,
SPP,DHT,ELOVL2,mammarygland,DHT | FOXA1 ChIP-Seq,,,,,,,,,,,,
SPP,MYC,ELOVL2,liver,MYC IP,,,,,,,,,,,,
SPP,CREB1,ELOVL2,lung,CREB1 IP | DEX - A549 cells,,,,,,,,,,,,
SPP,FOXA1,ELOVL2,lung,"FOXA1 IP - A549 cells, FOXA1 IP | DEX - A549 cells",,,,,,,,,,,,
SPP,JUND,ELOVL2,lung,JUND IP - A549 cells,,,,,,,,,,,,
SPP,MYB,ELOVL2,leukocytes,MYB IP - MOLT3,,,,,,,,,,,,
SPP,UBTF,ELOVL2,leukocytes,UBTF IP - K562 cells,,,,,,,,,,,,
SPP,MAX,ELOVL2,liver,"MAX IP - HepG2 cells, MAX IP - MCF7 cells",,,,,,,,,,,,
SPP,CTCF,ELOVL2,skeletalmuscle,"CTCF IP - HSMM cells, Rep 2 , CTCF IP - HSMM cells, Rep 1 ",,,,,,,,,,,,
SPP,BACH1,ELOVL2,stemcells,BACH1 IP - H1 cells,,,,,,,,,,,,
SPP,ZBTB7A,ELOVL2,uterus,ZBTB7A IP - ECC1 cells,,,,,,,,,,,,
SPP,EGR1,ELOVL2,stemcells,EGR1 IP - H1 cells,,,,,,,,,,,,
SPP,FOSL1,ELOVL2,colon,FOSL1 IP - HCT116 cells,,,,,,,,,,,,
SPP,ZNF263,ELOVL2,kidney,ZNF263 IP - HEK293 cells,,,,,,,,,,,,
SPP,CTCF,ELOVL2,heart,"CTCF IP - HCF cells , CTCF IP - myocytes cells, Rep 1 , CTCF IP - myocytes cells, Rep 2 ",,,,,,,,,,,,
SPP,GABPA,ELOVL2,liver,GABPA IP - HepG2 cells,,,,,,,,,,,,
SPP,SATB1,ELOVL2,liver,SATB1 IP,,,,,,,,,,,,
SPP,TEAD4,ELOVL2,stemcells,TEAD4 IP - H1 cells,,,,,,,,,,,,
SPP,CEBPB,ELOVL2,lung,CEBPB ChIP-Seq - IMR90,,,,,,,,,,,,
SPP,EGR1,ELOVL2,uterus,EGR1 IP - ECC1 cells,,,,,,,,,,,,
SPP,SP1,ELOVL2,colon,SP1 IP - HCT116 cells,,,,,,,,,,,,
SPP,CTCF,ELOVL2,colon,CTCF IP - HCT116 cells,,,,,,,,,,,,
SPP,CEBPB,ELOVL2,colon,CEBPB IP | 125DVD3,,,,,,,,,,,,
SPP,125DVD3,ELOVL2,colon,CEBPB IP | 125DVD3,,,,,,,,,,,,
SPP,FOXP1,ELOVL2,prostate,DHT | FOXP1 ChIP-Seq,,,,,,,,,,,,
SPP,DHT,ELOVL2,prostate,"DHT | FOXP1 ChIP-Seq, DHT | FOXA1 ChIP-Seq, DHT | FOXA1 ChIP-Seq, DHT | ERG ChIP-Seq - 18 h",,,,,,,,,,,,
SPP,SATB1,ELOVL2,cns,SATB1 IP,,,,,,,,,,,,
SPP,ATF3,ELOVL2,leukocytes,ATF3 IP - K562 cells,,,,,,,,,,,,
SPP,ELF3,ELOVL2,pancreas,"ELF3 IP, ELF3 IP",,,,,,,,,,,,
SPP,CREB1,ELOVL2,leukocytes,CREB1 IP - K562 cells,,,,,,,,,,,,
SPP,17BE2; TNF,ELOVL2,mammarygland,"17BE2 + TNF | FOXA1 ChIP-Seq - Rep 2, 17BE2 + TNF | FOXA1 ChIP-Seq - Rep 1",,,,,,,,,,,,
SPP,STAT3,ELOVL2,mammarygland,"STAT3 IP | 4HT - MCF10 cells, 36 h",,,,,,,,,,,,
SPP,FOXA2,ELOVL2,lung,FOXA2 IP - A549 cells,,,,,,,,,,,,
SPP,MYBL2,ELOVL2,liver,MYBL2 IP - HepG2 cells,,,,,,,,,,,,
SPP,ZBTB7A,ELOVL2,leukocytes,ZBTB7A IP - SK-N-SH cells,,,,,,,,,,,,
SPP,CTCF,ELOVL2,uterus,CTCF IP - ECC1 cells,,,,,,,,,,,,
SPP,IFNA1,ELOVL2,leukocytes,JUN IP | IFNA1-13 - 30 min ,,,,,,,,,,,,
SPP,NANOG,ELOVL2,stemcells,NANOG IP - H1 cells,,,,,,,,,,,,
SPP,REST,ELOVL2,stemcells,"REST IP - H1 cells, Rep 2",,,,,,,,,,,,
SPP,MXI1,ELOVL2,cns,MXI1 IP - SK-N-SH cells ,,,,,,,,,,,,
SPP,MAFK,ELOVL2,liver,"MAFK IP - HepG2 cells, Rep 2",,,,,,,,,,,,
SPP,FOXP2,ELOVL2,cns,FOXP2 IP - PFSK-1 cells,,,,,,,,,,,,
SPP,YY1,ELOVL2,uterus,YY1 IP - ECC1 cells,,,,,,,,,,,,
SPP,YY1,ELOVL2,stemcells,YY1 IP - H1 cells,,,,,,,,,,,,
SPP,REST,ELOVL2,mammarygland,REST IP - MCF7 cells,,,,,,,,,,,,
SPP,ZNF217,ELOVL2,mammarygland,ZNF217 IP - MCF7 cells,,,,,,,,,,,,"24962896,24962896,"
SPP,MAX,ELOVL2,lung,MAX IP - A549 cells,,,,,,,,,,,,
SPP,TEAD4,ELOVL2,lung,TEAD4 IP - A549 cells,,,,,,,,,,,,
SPP,JUND,ELOVL2,liver,"JUND IP - HepG2 cells, JUND IP - HepG2 cells",,,,,,,,,,,,
SPP,MAZ,ELOVL2,liver,MAZ IP - HepG2 cells,,,,,,,,,,,,
SPP,E2F6,ELOVL2,stemcells,E2F6 IP - H1 cells,,,,,,,,,,,,
SPP,SP1,ELOVL2,liver,SP1 IP - HepG2 cells,,,,,,,,,,,,
SPP,JUND,ELOVL2,colon,JUND IP - HCT116 cells,,,,,,,,,,,,
SPP,MXI1,ELOVL2,lung,MXI1 IP - IMR cells,,,,,,,,,,,,
SPP,MAX,ELOVL2,stemcells,MAX IP - H1 cells,,,,,,,,,,,,
SPP,MAZ,ELOVL2,leukocytes,MAZ IP - K562 cells,,,,,,,,,,,,
SPP,REST,ELOVL2,liver,"REST IP - HepG2 cells, Rep 1, REST IP - HepG2 cells, Rep 2",,,,,,,,,,,,
SPP,RELA,ELOVL2,leukocytes,RELA IP | TNF - GM12891 cells,,,,,,,,,,,,
SPP,TNF,ELOVL2,leukocytes,RELA IP | TNF - GM12891 cells,,,,,,,,,,,,
SPP,FORSK,ELOVL2,liver,CEBPB IP | FORSK - HepG2 cells,,,,,,,,,,,,
SPP,HEY1,ELOVL2,liver,HEY1 IP - HepG2 cells,,,,,,,,,,,,
SPP,PIAS1,ELOVL2,prostate,"PIAS1 + R1881 | FOXA1 ChIP-Seq - Rep 2, PIAS1 + R1881 | FOXA1 ChIP-Seq - Rep 1",,,,,,,,,,,,
SPP,CTCF,ELOVL2,adiposetissue,"CTCF ChIP-Seq - d -2, CTCF ChIP-Seq - d 9, CTCF ChIP-Seq - d 0",,,,,,,,,,,,
SPP,ELF1,ELOVL2,liver,ELF1 IP - HepG2 cells,,,,,,,,,,,,
SPP,ARID3A,ELOVL2,liver,ARID3A IP - HepG2 cells,,,,,,,,,,,,
SPP,ERG,ELOVL2,prostate,"ERG ChIP-Seq, DHT | ERG ChIP-Seq - 18 h",,,,,,,,,,,,
SPP,ZNF143,ELOVL2,leukocytes,ZNF143 IP - K562 cells,,,,,,,,,,,,
SPP,ZNF143,ELOVL2,stemcells,ZNF143 IP - H1 cells,,,,,,,,,,,,
SPP,TCF12,ELOVL2,liver,TCF12 IP - HepG2 cells,,,,,,,,,,,,
SPP,MTA3,ELOVL2,leukocytes,MTA3 IP - GM12878 cells,,,,,,,,,,,,
SPP,MAX,ELOVL2,uterus,MAX IP - ECC1 cells,,,,,,,,,,,,
SPP,FOXP1,ELOVL2,leukocytes,FOXP1 IP - OCI-LY19,,,,,,,,,,,,
SPP,TEAD1,ELOVL2,cns,TEAD1 IP - Rep 2,,,,,,,,,,,,
SPP,CTCF,ELOVL3,leukocytes,"CTCF IP - GM12815 cells, Rep 2, CTCF IP - GM12878 cells , CTCF IP - GM2630 cells, Rep 3 , CTCF IP - F36P cells, Rep 7 , CTCF IP - K562 cells, Rep 16 , CTCF IP - GM12890 cells, Rep 3 , CTCF IP - MS1 cells, Rep 1 , CTCF IP - K562 cells, CTCF IP - GM12814 cells, Rep 1, CTCF IP - GM12875 cells, Rep 2 , CTCF IP - GM18951 cells, Rep 1 , CTCF IP - GM12006 cells, Rep 1, CTCF IP - KU812 cells, Rep 1 , CTCF IP - GM2630 cells, Rep 1 , CTCF IP - NB4 cells , CTCF IP - GM19240 cells, Rep 1 , CTCF IP - GM11881 cells, CTCF IP - HeLa cells, Rep 2 , CTCF IP - F36P cells, Rep 3 , CTCF IP - GM2610 cells, Rep 3 , CTCF IP - F36P cells, Rep 11 , CTCF IP - MS1 cells, Rep 2 , CTCF IP - GM06986 cells, CTCF IP - GM12872 cells, Rep 2 , CTCF IP - GM12828 cells, CTCF IP - GM19099 cells, Rep 1 , CTCF IP - F36P cells, Rep 19 , CTCF IP - GM12873 cells, Rep 1 , CTCF IP - GM12005 cells, Rep 1, CTCF IP - GM12868 cells , CTCF IP - GM18505 cells, Rep 1 , CTCF IP - GM11894 cells, Rep 2, CTCF IP - GM12891 cells, Rep 2 , CTCF IP - GM19239 cells, Rep 2 , CTCF IP - GM10847 cells, Rep 2 , CTCF IP - GM12865 cells, Rep 1 , CTCF IP - K562 cells, Rep 14 , CTCF IP - GM19239 cells, Rep 1 , CTCF IP - GM12864 cells, Rep 3 , CTCF IP - GM12005 cells, Rep 2, CTCF IP - GM12878 cells, Rep 1 , CTCF IP - F36P cells, Rep 17 , CTCF IP - GM12874 cells, Rep 2 , CTCF IP - GM19099 cells, Rep 2 , CTCF IP - HL , CTCF IP - K562 cells, CTCF IP - GM12864 cells, Rep 2 , CTCF IP - GM11811 cells, Rep 1, CTCF IP - GM2588 cells, Rep 2 , CTCF IP - GM12234 cells, CTCF IP - MS1 cells, Rep 3 , CTCF IP - GM2630 cells, Rep 2 , CTCF IP - F36P cells, Rep 13 , CTCF IP - CD14+ cells , CTCF IP - HL-60 cells, Rep 5 , CTCF ChIP-Seq - GM12878, CTCF IP - GM12874 cells, Rep 1 , CTCF IP - KU812 cells, Rep 5 , CTCF IP - GM12814 cells, Rep 2, CTCF IP - MS1 cells, Rep 4 , CTCF IP - GM2255 cells, Rep 2 , CTCF IP - GM12891 cells, Rep 1 , CTCF IP - GM12749 cells, Rep 2, CTCF IP - K562 cells, Rep 15 , CTCF IP - Â CD20+ cells , CTCF IP - GM12006 cells, Rep 2, CTCF IP - GM18526 cells, Rep 2 , CTCF IP - GM18505 cells, Rep 2 , CTCF IP - K562 cells, CTCF IP - GM18486 cells, Rep 1 , CTCF IP - GM12878 cells, Rep 1 , CTCF IP - GM18486 cells, Rep 2 , CTCF IP - GM12489 cells, Rep 1, CTCF IP - GM12892 cells, Rep 1 , CTCF IP - GM07037 cells, CTCF IP - GM12287 cells, Rep 1, CTCF IP - GM18951 cells, Rep 2 , CTCF IP - GM2610 cells, Rep 1 , CTCF IP - GM12749 cells, Rep 1, CTCF IP - GM12873 cells, Rep 1 , CTCF IP - GM2588 cells, Rep 3 , CTCF IP - GM12872 cells, Rep 3 , CTCF IP - GM12870 cells , CTCF IP - F36P cells, Rep 14 , CTCF IP - GM12867 cells , CTCF IP - UT-7 cells, Rep 6 , CTCF IP - F36P cells, Rep 10 , CTCF IP - GM18526 cells, Rep 1 , CTCF IP - K562 cells, Rep 13 , CTCF IP - GM11994 cells, Rep 2, CTCF IP - GM19193 cells, Rep 1 , CTCF IP - GM19193 cells, Rep 2 , CTCF IP - GM12875 cells, Rep 1 , CTCF IP - K562 cells, Rep 12 , CTCF IP - GM12892 cells, Rep 2 , CTCF IP - GM12489 cells, Rep 2, CTCF IP - F36P cells, Rep 2 , CTCF IP - HL-60 cells, Rep 9 , CTCF IP - GM07346 cells, CTCF IP - GM12864 cells, Rep 1 , CTCF IP - Â DND , CTCF IP - GM18486 cells, Rep 3 , CTCF IP - GM12872 cells, CTCF IP - GM06990 cells, Rep 2 , CTCF IP - GM11831 cells, CTCF IP - KU812 cells, Rep 17 , CTCF IP - KU812 cells, Rep 13 , CTCF IP - K562 cells, Rep 2 , CTCF IP - UT-7 cells, Rep 3 , CTCF IP - K562 cells, Rep 7 , CTCF IP - GM12872 cells, Rep 1 , CTCF IP - GM12154 cells, Rep 2, CTCF IP, CTCF IP - GM11994 cells, Rep 1, CTCF IP - GM12878 cells, Rep 2 , CTCF IP - K562 cells , CTCF IP - UT-7 cells, Rep 5 , CTCF IP - GM12871 cells , CTCF IP - GM2588 cells, Rep 1 , CTCF IP - F36P cells, Rep 15 , CTCF IP - GM12890 cells, Rep 1 , CTCF IP - GM12815 cells, Rep 1, CTCF IP - UT-7 cells, Rep 4 , CTCF IP - F36P cells, Rep 9 , CTCF IP - GM19238 cells, Rep 1 , CTCF IP - GM12890 cells, Rep 2 , CTCF IP - K562 cells, Rep 1 , CTCF IP - GM2255 cells, Rep 1 , CTCF IP - GM11992 cells, Rep 2, CTCF IP - GM12866 cells , CTCF IP - GM12874 cells, CTCF IP - K562 cells, Rep 11 , CTCF IP - GM12878 cells, Rep 2 , CTCF IP - HL-60 cells, Rep 3 , CTCF IP - GM19240 cells, Rep 2 , CTCF IP - F36P cells, Rep 5 , CTCF IP - F36P cells, Rep 6 , CTCF IP - U-937 cells, Rep 2 , CTCF IP - GM12154 cells, Rep 1, CTCF IP - F36P cells, Rep 1 , CTCF IP - GM19238 cells, Rep 2 , CTCF IP - GM12801 cells , CTCF IP - HL-60 cells, Rep 2 , CTCF IP - GM12873 cells, Rep 3 , CTCF IP - GM12865 cells, Rep 3 , CTCF IP - GM11811 cells, Rep 2, CTCF IP - HL-60 cells, Rep 7 , CTCF IP - GM2610 cells, Rep 2 , CTCF IP - GM12869 cells , CTCF IP - U-937 cells, Rep 1 , CTCF IP - GM10847 cells, Rep 1 , CTCF IP - GM06990 cells, Rep 1 , CTCF IP - GM2255 cells, Rep 3 , CTCF IP - KU812 cells, Rep 9 , CTCF IP - GM12865 cells, Rep 2 ",,,,,,,,,,,,
SPP,EBF1,ELOVL3,leukocytes,"EBF1 IP - GM12878 cells, EBF1 IP - GM12878 cells",,,,,,,,,,,,
SPP,CEBPB,ELOVL3,colon,"CEBPB IP - HCT116 cells, CEBPB IP | 125DVD3, CEBPB IP",,,,,,,,,,,,
SPP,CEBPB,ELOVL3,stemcells,"CEBPB IP, CEBPB IP, CEBPB IP, CEBPB IP, CEBPB IP, CEBPB IP, CEBPB IP, CEBPB IP, CEBPB IP, CEBPB IP",,,,,,,,,,,,
SPP,CTCF,ELOVL3,vasculature,"CTCF IP - HUVEC cells, Rep 1 , CTCF IP - AoAFC cells, Rep 2 , CTCF IP - HPAF cells, Rep 2 , CTCF IP - HUVEC cells, Rep 2 , CTCF IP - HPAF cells, Rep 1 , CTCF IP - AoAFC cells, Rep 1 , CTCF IP - HBMEC cells, Rep 1 , CTCF IP - HUVEC cells , CTCF IP - HBMEC cells, Rep 2 ",,,,,,,,,,,,
SPP,KLF5,ELOVL3,stomach,KLF5 IP - KATOIII,,,,,,,,,,,,
SPP,TBP,ELOVL3,stemcells,TBP IP - H1 cells,,,,,,,,,,,,
SPP,EGR1,ELOVL3,liver,EGR1 IP - MCF7 cells,,,,,,,,,,,,
SPP,CTCF,ELOVL3,cns,"CTCF IP - spinal cord astrocyte cells, Rep 1 , CTCF IP - NHA cells , CTCF IP - SK-N-SH cells, Rep 1 , CTCF IP - SK-N-SH cells , CTCF IP - spinal cord astrocyte cells, Rep 2 , CTCF IP - SK cells, CTCF IP - cerebellar astrocyte cells, Rep 1 , CTCF IP - SK-N-SH cells, Rep 2 , CTCF IP - HCPEpiC cells, Rep 2 , CTCF IP - cerebellar astrocyte cells, Rep 2 , CTCF IP - BE(2)-C cells, Rep 1 , CTCF IP - HCPEpiC cells, Rep 1 , CTCF IP - BE(2)-C cells, Rep 2 ",,,,,,,,,,,,
SPP,FOSL1,ELOVL3,colon,FOSL1 IP - HCT116 cells,,,,,,,,,,,,
SPP,ATF3,ELOVL3,colon,"ATF3 IP - HCT116 cells, ATF3 IP | CAMPTO",,,,,,,,,,,,
SPP,YY1,ELOVL3,colon,YY1 IP - HCT116 cells,,,,,,,,,,,,
SPP,BHLHE40,ELOVL3,leukocytes,"BHLHE40 IP - K562 cells, BHLHE40 IP - GM12878 cells",,,,,,,,,,,,
SPP,CEBPB,ELOVL3,leukocytes,"CEBPB IP, CEBPB ChIP-Seq - K562, CEBPB IP - Rep 204, CEBPB IP - HL-60 cells, Rep 2 , CEBPB IP | oxLDL  - Rep 208, CEBPB IP, CEBPB IP - Rep 203, CEBPB IP | oxLDL  - Rep 205, CEBPB IP, CEBPB IP, CEBPB IP - HL-60 cells, Rep 1 , CEBPB IP - Rep 201, CEBPB IP | oxLDL  - Rep 206, CEBPB IP, CEBPB IP| oxLDL  - Rep 207",,,,,,,,,,,,
SPP,CTCF,ELOVL3,adiposetissue,"CTCF ChIP-Seq - d -2, CTCF ChIP-Seq - d 0, CTCF ChIP-Seq - dÂ 3, CTCF ChIP-Seq - d 9",,,,,,,,,,,,
SPP,SRF,ELOVL3,stemcells,"SRF IP - Rep 5 , SRF IP - Rep 4 , SRF IP - Rep 6 , SRF IP - Rep 1 , SRF IP - Rep 2 , SRF IP - Rep 3 , SRF IP - Rep 7 ",,,,,,,,,,,,
SPP,REST,ELOVL3,cns,"REST IP - PFSK1 cells, Rep 2, REST IP - U87 cells, REST IP - SK cells",,,,,,,,,,,,
SPP,ZEB1,ELOVL3,leukocytes,ZEB1 IP - GM12878 cells,,,,,,,,,,,,
SPP,FOXA1,ELOVL3,pancreas,"FOXA1 IP, FOXA1 IP | KLF5 KO, FOXA1 IP",,,,,,,,,,,,
SPP,YY1,ELOVL3,uterus,YY1 IP - ECC1 cells,,,,,,,,,,,,
SPP,CTCF,ELOVL3,mammarygland,"CTCF IP - HMF cells, Rep 1 , CTCF IP - MCF-7 cells Rep 2 , CTCF IP - T47D cells, CTCF IP - MCF-7 cells, Rep 1 , CTCF IP - HMF cells, Rep 2 , CTCF IP - HMEC cells, Rep 2 , CTCF IP - MCF7 cells, CTCF IP - HMEC cells, Rep 1 , CTCF IP - HMEC cells ",,,,,,,,,,,,
SPP,RELA,ELOVL3,adiposetissue,"RELA IP, RELA IP, RELA IP, RELA IP",,,,,,,,,,,,
SPP,MYC,ELOVL3,leukocytes,"MYC IP - NB4 cells, MYC IP - K562 cells, Rep 1, MYC IP | IFNG - K562 cells, 6 h, MYC IP | IFNG - K562 cells, 30 min",,,,,,,,,,,,
SPP,CTCF,ELOVL3,skin,"CTCF IP - AG10803 cells, Rep 2 , CTCF IP - AG04449 cells, Rep 1 , CTCF IP - NHDF cells , CTCF IP - HFFC cells, Rep 1 , CTCF IP - NHDF cells, Rep 1 , CTCF IP - HFFC cells, Rep 2 , CTCF IP - HFFC cells, Rep 3 , CTCF IP - NHEK cells, Rep 2 , CTCF IP - BJ cells, Rep 2 , CTCF IP - NHEK cells , CTCF IP - BJ cells, Rep 1 , CTCF IP - AG04449 cells, Rep 2 , CTCF IP - NHDF cells, Rep 2 , CTCF IP - GM12878 cells, Rep 2 , CTCF IP - AG10803 cells, Rep 1 , CTCF IP - AG09309 cells, Rep 2 , CTCF IP - AG09309 cells, Rep 1 ",,,,,,,,,,,,
SPP,CTCF,ELOVL3,hspcs,"CTCF IP - HEL 92.1.7 cells, Rep 5 , CTCF IP - HEL 92.1.7 cells, Rep 1 , CTCF IP - HEL 92.1.7 cells, Rep 8 , CTCF IP - Erythroid cells, Rep 2, CTCF IP - HEL 92.1.7 cells, Rep 7 , CTCF IP - HSPCs, Rep 2, CTCF IP - HEL 92.1.7 cells, Rep 2 , CTCF IP - HEL 92.1.7 cells, Rep 13 , CTCF IP - HEL 92.1.7 cells, Rep 4 , CTCF IP - HEL 92.1.7 cells, Rep 10 , CTCF IP - HEL 92.1.7 cells, Rep 11 , CTCF IP - Erythroid cells, Rep 1, CTCF IP - HSPCs, Rep 1, CTCF IP - HEL 92.1.7 cells, Rep 14 ",,,,,,,,,,,,
SPP,CTCF,ELOVL3,kidney,"CTCF IP - HEK293 cells, Rep 2 , CTCF IP - RPTEC cells, Rep 1 , CTCF IP - HEK293 cells, Rep 1 , CTCF IP - HRE cells, Rep 1 , CTCF IP - RPTEC cells, Rep 2 , CTCF IP - HRE cells, Rep 2 ",,,,,,,,,,,,
SPP,CREB1,ELOVL3,prostate,"FOXA1 siRNA | CREB1 ChIP-Seq - Rep 2, CREB1 siRNA | FOXA1 ChIP-Seq - Rep 2, CREB1 ChIP-Seq - Rep 1, CREB1 siRNA | FOXA1 ChIP-Seq - Rep 1, FOXA1 siRNA | CREB1 ChIP-Seq - Rep 1, CREB1 ChIP-Seq - LNCaP-abl, CREB1 ChIP-Seq - Rep 2",,,,,,,,,,,,
SPP,FOXA1,ELOVL3,prostate,"FOXA1 siRNA | CREB1 ChIP-Seq - Rep 2, CON KD + R1881 |Â FOXA1 ChIP-Seq, FOXA1 KD | FOXA1 ChIP-Seq, FOXA1 ChIP-Seq, EtOH | FOXA1 ChIP-Seq - Rep 2, R1881 | FOXA1 ChIP-Seq - Rep 1, CREB1 siRNA | FOXA1 ChIP-Seq - Rep 2, FOXA1 ChIP-Seq - Rep 1, FOXA1 ChIP-Seq - Rep 2, CREB1 siRNA | FOXA1 ChIP-Seq - Rep 1, FOXA1 siRNA | CREB1 ChIP-Seq - Rep 1, CON KD | FOXA1 ChIP-Seq, EtOH | FOXA1 ChIP-Seq - , FOXA1 ChIP-Seq, GATA2 KD + R1881 |Â FOXA1 ChIP-Seq, DHT | FOXA1 ChIP-Seq, R1881 | FOXA1 ChIP-Seq - Rep 2, FOXA1 KD | FOXA1 ChIP-Seq, FOXA1 ChIP-Seq - LNCaP-abl, CON KD + R1881 | FOXA1 ChIP-Seq - Rep 2",,,,,,,,,,,,
SPP,CTCF,ELOVL3,placenta,"CTCF IP - HVMF cells, Rep 2 , CTCF IP - HVMF cells, Rep 1 ",,,,,,,,,,,,
SPP,ZBTB7A,ELOVL3,leukocytes,ZBTB7A IP - SK-N-SH cells,,,,,,,,,,,,
SPP,MAX,ELOVL3,leukocytes,"MAX IP - K562 cells, Rep 1, MAX IP - NB4 cells, MAX IP - K562 cells, Rep 2, MAX IP - GM12878 cells, MAX IP - K562 cells",,,,,,,,,,,,
SPP,JUN,ELOVL3,uterus,JUN IP - HeLa cells,,,,,,,,,,,,
SPP,CTCF,ELOVL3,sensory,"CTCF IP - HRPEpiC cells, Rep 2 , CTCF IP - WERI , CTCF IP - WERI-Rb-1- cells, Rep 1 , CTCF IP - HRPEpiC cells, Rep 1 ",,,,,,,,,,,,
SPP,FOXA1,ELOVL3,mammarygland,"FOXA1 ChIP-Seq - Rep 1, DEX | FOXA1 ChIP-Seq - Rep 1, DEX | FOXA1 ChIP-Seq - Rep 2, FOXA1 ChIP-Seq - Rep 2, FOXA1 ChIP-Seq - Rep 2, 17BE2 | FOXA1 ChIP-Seq - Rep 2, DHT | FOXA1 ChIP-Seq, FOXA1 ChIP-Seq - Rep 2, 17BE2 | FOXA1 ChIP-Seq - Rep 1, 17BE2 | FOXA1 ChIP-Seq - Rep 2, 17BE2 | FOXA1 ChIP-Seq - Rep 1, DEX | FOXA1 ChIP-Seq - Rep 2, DEX | FOXA1 ChIP-Seq - Rep 2",,,,,,,,,,,,
SPP,MYC,ELOVL3,mammarygland,"MYC IP - MCF-10A cells, DHT | MYC ChIP-Seq, MYC IP | 4HT - MCF10A cells",,,,,,,,,,,,
SPP,SP1,ELOVL3,colon,SP1 IP - HCT116 cells,,,,,,,,,,,,
SPP,CEBPB,ELOVL3,liver,"CEBPB IP - HepG2 cells, CEBPB IP | FORSK - HepG2 cells, CEBPB ChIP-Seq - HepG2",,,,,,,,,,,,
SPP,CTCF,ELOVL3,colon,"CTCF IP - HCT116 cells, Rep 2 , CTCF IP - Rep 3 , CTCF IP - Caco-2 cells, Rep 1 , CTCF IP - HCT116 cells, Rep 1 , CTCF IP - Rep 1 , CTCF IP - HCT116 cells, CTCF IP - Caco , CTCF IP - Rep 2 ",,,,,,,,,,,,
SPP,GATA3,ELOVL3,mammarygland,"GATA3 IP - MCF7 cells, GATA3 IP - T47D cells",,,,,,,,,,,,
SPP,CTCF,ELOVL3,stemcells,"CTCF IP - Rep 6 , CTCF IP - H1 cells , CTCF IP - H1 cells, CTCF IP - Rep 2 , CTCF IP - Rep 4 , CTCF IP - Rep 5 , CTCF IP - Rep 1 , CTCF IP - Rep 7 , CTCF IP - Rep 3 ",,,,,,,,,,,,
SPP,GABPA,ELOVL3,leukocytes,"GABPA IP - Jurkat, Rep 2",,,,,,,,,,,,
SPP,JUN,ELOVL3,vasculature,JUN IP,,,,,,,,,,,,
SPP,TCF12,ELOVL3,stemcells,TCF12 IP - H1 cells,,,,,,,,,,,,
SPP,SPI1,ELOVL3,leukocytes,"SPI1 IP | RUNX1 KD, SPI1 IP - K562 cells, SPI1 IP, SPI1 IP - HL-60 cells, Rep 4 , SPI1 IP, SPI1 IP, SPI1 IP - U-937 cells, Rep 6 , SPI1 IP - U-937 cells, Rep 4 , SPI1 IP - GM12891 cells, SPI1 IP, SPI1 IP, SPI1 IP, SPI1 IP - GM12878 cells, Rep 2 , SPI1 IP - HL cells, SPI1 IP, SPI1 IP - U-937 cells, Rep 1 ",,,,,,,,,,,,
SPP,RUNX1,ELOVL3,leukocytes,"SPI1 IP | RUNX1 KD, RUNX1 IP - Rep 2",,,,,,,,,,,,
SPP,EGR1,ELOVL3,leukocytes,EGR1 IP - K562 cells,,,,,,,,,,,,
SPP,NFYB,ELOVL3,leukocytes,"NFYB IP - K562 cells, NFYB IP - GM12878 cells",,,,,,,,,,,,
SPP,MAX,ELOVL3,stemcells,"MAX IP - H1 cells, MAX IP - H1 cells",,,,,,,,,,,,
SPP,STAT3,ELOVL3,leukocytes,"STAT3 IP - OCI-LY7, STAT3 IP - SU-DHL-4, STAT3 IP - U-2932, STAT3 IP - SU-DHL-6",,,,,,,,,,,,
SPP,CEBPA,ELOVL3,leukocytes,"CEBPA IP - U-937 cells, Rep 1 , CEBPA IP - U-937 cells, Rep 2 , CEBPA IP",,,,,,,,,,,,
SPP,YY1,ELOVL3,leukocytes,"YY1 IP - K562 cells, Rep 2, YY1 IP - GM12891 cells, YY1 IP - GM12878 cells, YY1 IP - K562 cells, Rep 1, YY1 IP - GM12892 cells, Rep 1",,,,,,,,,,,,
SPP,ZNF263,ELOVL3,kidney,ZNF263 IP - HEK293 cells,,,,,,,,,,,,
SPP,CREB1,ELOVL3,liver,"CREB1 IP, CREB1 IP, CREB1 IP - HepG2 cells",,,,,,,,,,,,
SPP,R1881,ELOVL3,prostate,"CON KD + R1881 |Â FOXA1 ChIP-Seq, R1881 | FOXA1 ChIP-Seq - Rep 1, GATA2 KD + R1881 |Â FOXA1 ChIP-Seq, R1881 | FOXA1 ChIP-Seq - Rep 2, CON KD + R1881 | FOXA1 ChIP-Seq - Rep 2",,,,,,,,,,,,
SPP,E2F6,ELOVL3,lung,E2F6 IP - A549 cells,,,,,,,,,,,,
SPP,RELA,ELOVL3,leukocytes,"RELA IP | TNF - GM19193 cells, RELA IP | TNF - GM19099 cells, RELA IP | BAY082  - IVD Th1 cells, PIA, RELA IP | TNF - GM15510 cells, RELA IP | TNF - GM12891 cells, RELA IP | TNF - GM18951 cells",,,,,,,,,,,,
SPP,TNF,ELOVL3,leukocytes,"RELA IP | TNF - GM19193 cells, RELA IP | TNF - GM15510 cells, RELA IP | TNF - GM12891 cells, RELA IP | TNF - GM18951 cells",,,,,,,,,,,,
SPP,CTCF,ELOVL3,lung,"CTCF IP - AG04450 cells, Rep 2 , CTCF IP | DEX - A549 cells, CTCF IP - WI-38 cells, Rep 1 , CTCF IP - A549 cells, CTCF IP - IMR cells, CTCF IP - A549 cells, Rep 2 , CTCF IP - NHLF cells , CTCF ChIP-Seq - A549, CTCF IP - HPF cells, Rep 2 , CTCF IP - AG04450 cells, Rep 1 , CTCF IP | DEX - A549 cells , CTCF IP - WI-38 cells, Rep 2 , CTCF IP - A549 cells, Rep 1 , CTCF IP - HPF cells, Rep 1 , CTCF IP - A549 cells , CTCF IP - SAEC cells, Rep 2 , CTCF IP - NHLF cells , CTCF IP - SAEC cells, Rep 1 ",,,,,,,,,,,,
SPP,KLF11,ELOVL3,adiposetissue,"KLF11 ChIP-Seq, Rep 2, KLF11 ChIP-Seq, Rep 1, ROSI (BrAT) | KLF11 ChIP-Seq, Rep 1, ROSI (BrAT) | KLF11 ChIP-Seq, Rep 2",,,,,,,,,,,,
SPP,CTCF,ELOVL3,megakaryocytelineage,"CTCF IP - MEG-01 cells, Rep 6 , CTCF IP - MEG-01 cells, Rep 2 , CTCF IP - MEG-01 cells, Rep 4 , CTCF IP - MEG-01 cells, Rep 10 , CTCF IP - CHRF-288-11 cells, Rep 1 , CTCF IP - MEG-01 cells, Rep 8 ",,,,,,,,,,,,
SPP,DEX,ELOVL3,lung,"CTCF IP | DEX - A549 cells, FOXA1 IP | DEX - A549 cells, CTCF IP | DEX - A549 cells , CREB1 IP | DEX - A549 cells",,,,,,,,,,,,
SPP,RBPJ,ELOVL3,leukocytes,"RBPJ IP | COMPE, RBPJ IP | COMPE - wash",,,,,,,,,,,,
SPP,COMPE,ELOVL3,leukocytes,"RBPJ IP | COMPE, RBPJ IP | COMPE - wash",,,,,,,,,,,,
SPP,CREB1,ELOVL3,leukocytes,"CREB1 IP - K562 cells, CREB1 IP - GM12878 cells",,,,,,,,,,,,
SPP,HEY1,ELOVL3,leukocytes,HEY1 IP - K562 cells,,,,,,,,,,,,
SPP,JUND,ELOVL3,leukocytes,JUND IP - K562 cells,,,,,,,,,,,,
SPP,ERG,ELOVL3,prostate,"DHT | ERG ChIP-Seq - 18 h, DHT | ERG ChIP-Seq - 2 h, ERG ChIP-Seq",,,,,,,,,,,,
SPP,DHT,ELOVL3,prostate,"DHT | ERG ChIP-Seq - 18 h, DHT | ERG ChIP-Seq - 2 h, DHT | FOXA1 ChIP-Seq",,,,,,,,,,,,
SPP,TP53,ELOVL3,mammarygland,"TP53 IP, TP53 IP | NUTL3 - MCF-7",,,,,,,,,,,,
SPP,MXI1,ELOVL3,uterus,MXI1 IP - HeLa cells,,,,,,,,,,,,
SPP,MAX,ELOVL3,liver,"MAX IP - HepG2 cells, MAX IP - HepG2 cells, MAX IP - MCF7 cells",,,,,,,,,,,,
SPP,TEAD4,ELOVL3,colon,TEAD4 IP - HCT116 cells,,,,,,,,,,,,
SPP,DHT,ELOVL3,mammarygland,"DHT | MYC ChIP-Seq, DHT | FOXA1 ChIP-Seq",,,,,,,,,,,,
SPP,GTF2F1,ELOVL3,uterus,GTF2F1 IP - HeLa cells,,,,,,,,,,,,
SPP,FOS,ELOVL3,leukocytes,FOS IP - K562 cells,,,,,,,,,,,,
SPP,CTCF,ELOVL3,uterus,"CTCF IP - HeLa cells , CTCF IP - HeLa cells, Rep 1 , CTCF IP - ECC1 cells",,,,,,,,,,,,
SPP,ZNF384,ELOVL3,leukocytes,ZNF384 IP - K562 cells,,,,,,,,,,,,
SPP,E2F3,ELOVL3,colon,E2F3 IP ,,,,,,,,,,,,
SPP,GTF2B,ELOVL3,uterus,GTF2B IP - Rep 3,,,,,,,,,,,,
SPP,CEBPB,ELOVL3,bone,"CEBPB IP, CEBPB IP",,,,,,,,,,,,
SPP,JUND,ELOVL3,uterus,JUND IP - HeLa cells,,,,,,,,,,,,
SPP,4HT,ELOVL3,mammarygland,"MYC IP | 4HT - MCF10A cells, FOS IP | 4HT - MCF10A cells, 36 h, FOS IP | 4HT - MCF10A cells, 12 h, FOS IP | 4HT - MCF10A cells, 4 h, STAT3 IP | 4HT - MCF10 cells, 12 h",,,,,,,,,,,,
SPP,MXI1,ELOVL3,cns,MXI1 IP - SK-N-SH cells ,,,,,,,,,,,,
SPP,MXI1,ELOVL3,leukocytes,MXI1 IP - GM12878 cells,,,,,,,,,,,,
SPP,FORSK,ELOVL3,liver,CEBPB IP | FORSK - HepG2 cells,,,,,,,,,,,,
SPP,USF1,ELOVL3,uterus,USF1 IP - ECC1 cells,,,,,,,,,,,,
SPP,E2F6,ELOVL3,leukocytes,"E2F6 IP - K562 cells, E2F6 IP - K562 cells",,,,,,,,,,,,
SPP,ELF3,ELOVL3,pancreas,"ELF3 IP, ELF3 IP, ELF3 IP | KLF5 KO",,,,,,,,,,,,
SPP,SP1,ELOVL3,leukocytes,"SP1 IP - GM12878 cells, SP1 IP - K562 cells",,,,,,,,,,,,
SPP,FOS,ELOVL3,mammarygland,"FOS IP | 4HT - MCF10A cells, 36 h, FOS IP - MCF10A cells, FOS IP | 17BE2, FOS IP | 4HT - MCF10A cells, 12 h, FOS IP | 4HT - MCF10A cells, 4 h",,,,,,,,,,,,
SPP,ZNF143,ELOVL3,leukocytes,"ZNF143 IP - GM12878 cells, ZNF143 IP - K562 cells",,,,,,,,,,,,
SPP,TEAD4,ELOVL3,leukocytes,TEAD4 IP - K562 cells,,,,,,,,,,,,
SPP,KLF5,ELOVL3,pancreas,"FOXA1 IP | KLF5 KO, KLF5 IP, ELF3 IP | KLF5 KO",,,,,,,,,,,,
SPP,MAFK,ELOVL3,uterus,MAFK IP - HeLa cells,,,,,,,,,,,,
SPP,TEAD4,ELOVL3,liver,TEAD4 IP - HepG2 cells,,,,,,,,,,,,
SPP,TFAP4,ELOVL3,leukocytes,TFAP4 IP - Rep 1,,,,,,,,,,,,
SPP,IFNG,ELOVL3,leukocytes,"MYC IP | IFNG - K562 cells, 6 h, IRF1 IP | IFNG - K562 cells, 6 h, STAT1 IP - Rep 5, STAT1 IP - Rep 4, STAT1 IP - Rep 3, MYC IP | IFNG - K562 cells, 30 min, STAT1 IP - Rep 2",,,,,,,,,,,,
SPP,STAT1,ELOVL3,uterus,"STAT1 IP | IFNG - HeLa cells, 30 min",,,,,,,,,,,,
SPP,IFNG,ELOVL3,uterus,"STAT1 IP | IFNG - HeLa cells, 30 min",,,,,,,,,,,,
SPP,JUND,ELOVL3,liver,"JUND IP - HepG2 cells, JUND IP - HepG2 cells",,,,,,,,,,,,
SPP,GATA4,ELOVL3,stemcells,GATA4 IP - Rep 3 ,,,,,,,,,,,,
SPP,EGR1,ELOVL3,uterus,EGR1 IP - ECC1 cells,,,,,,,,,,,,
SPP,SP1,ELOVL3,liver,SP1 IP - HepG2 cells,,,,,,,,,,,,
SPP,E2F6,ELOVL3,stemcells,E2F6 IP - H1 cells,,,,,,,,,,,,
SPP,SP1,ELOVL3,stemcells,"SP1 IP - Rep 2 , SP1 IP - Rep 1 , SP1 IP - H1 cells",,,,,,,,,,,,
SPP,GATA4,ELOVL3,stomach,GATA4 IP - AGS,,,,,,,,,,,,
SPP,CTCF,ELOVL3,heart,"CTCF IP - HCF cells , CTCF IP - myocytes cells, Rep 1 , CTCF IP - myocytes cells, Rep 2 ",,,,,,,,,,,,
SPP,IRF1,ELOVL3,leukocytes,"IRF1 IP | IFNG - K562 cells, 6 h",,,,,,,,,,,,
SPP,CEBPB,ELOVL3,lung,"CEBPB IP - A549 cells, CEBPB ChIP-Seq - A549, CEBPB ChIP-Seq - IMR90",,,,,,,,,,,,
SPP,ZNF143,ELOVL3,stemcells,ZNF143 IP - H1 cells,,,,,,,,,,,,
SPP,TEAD4,ELOVL3,stemcells,TEAD4 IP - H1 cells,,,,,,,,,,,,
SPP,JUN,ELOVL3,mammarygland,"JUN IP - Rep 2, JUN IP - Rep 1",,,,,,,,,,,,
SPP,FOSL2,ELOVL3,cns,FOSL2 IP - SK-N-SH cells,,,,,,,,,,,,
SPP,NFKB2,ELOVL3,leukocytes,"NFKB2 IP - Rep 1, NFKB2 IP - Rep 2",,,,,,,,,,,,
SPP,ELF1,ELOVL3,colon,ELF1 IP - HCT116 cells,,,,,,,,,,,,
SPP,DEX,ELOVL3,mammarygland,"DEX | FOXA1 ChIP-Seq - Rep 1, DEX | FOXA1 ChIP-Seq - Rep 2, DEX | FOXA1 ChIP-Seq - Rep 2, DEX | FOXA1 ChIP-Seq - Rep 2",,,,,,,,,,,,
SPP,CTCF,ELOVL3,bone,"CTCF IP - Osteoblasts , CTCF IP",,,,,,,,,,,,
SPP,SIX2,ELOVL3,kidney,"SIX2 IP - 17 weeks, Rep 2, SIX2 IP - 17 weeks, Rep 1",,,,,,,,,,,,
SPP,TBP,ELOVL3,uterus,TBP IP - HeLa cells,,,,,,,,,,,,
SPP,HIF1A,ELOVL3,bone,HIF1A IP,,,,,,,,,,,,
SPP,IRF1,ELOVL3,pancreas,IRF1 IP,,,,,,,,,,,,
SPP,E2F6,ELOVL3,uterus,E2F6 IP - HeLa cells,,,,,,,,,,,,
SPP,CTCF,ELOVL3,miscellaneous,"CTCF IP - AG09319 cells, Rep 2 , CTCF IP - AG09319 cells, Rep 1 ",,,,,,,,,,,,
SPP,MAX,ELOVL3,uterus,"MAX IP - HeLa cells, Rep 1, MAX IP - ECC1 cells, MAX IP - HeLa cells, Rep 2",,,,,,,,,,,,
SPP,ZEB1,ELOVL3,liver,ZEB1 IP - HepG2 cells,,,,,,,,,,,,
SPP,CTCF,ELOVL3,pancreas,CTCF IP,,,,,,,,,,,,
SPP,FOSL2,ELOVL3,mammarygland,FOSL2 IP - MCF7 cells,,,,,,,,,,,,
SPP,STAT1,ELOVL3,leukocytes,"STAT1 IP - Rep 5, STAT1 IP - Rep 4, STAT1 IP - Rep 3, STAT1 IP - Rep 2",,,,,,,,,,,,
SPP,NFKB1,ELOVL3,leukocytes,"NFKB1 IP - Rep 1, NFKB1 IP - Rep 2",,,,,,,,,,,,
SPP,CTCF,ELOVL3,skeletalmuscle,"CTCF IP - HSMM cells, Rep 1 , CTCF IP - HSMM cells, Rep 2 ",,,,,,,,,,,,
SPP,REST,ELOVL3,liver,"REST IP - HepG2 cells, Rep 2",,,,,,,,,,,,
SPP,MYB,ELOVL3,leukocytes,"MYB IP - Jurkat, Rep 4",,,,,,,,,,,,
SPP,TP53,ELOVL3,bone,"TP53 IP | TP53EE/RR OE, TP53 IP | TP53 OE",,,,,,,,,,,,
SPP,IRF1,ELOVL3,colon,IRF1 IP ,,,,,,,,,,,,
SPP,MAX,ELOVL3,lung,"MAX IP - A549 cells, MAX IP - A549 cells",,,,,,,,,,,,
SPP,SRF,ELOVL3,colon,SRF IP - HCT116 cells,,,,,,,,,,,,
SPP,CTCF,ELOVL3,liver,"CTCF IP - HepG2 cells , CTCF IP - HepG2 cells, Rep 2 , CTCF IP - HepG2 cells, Rep 1 , CTCF IP, CTCF IP - SK-N-SH cells",,,,,,,,,,,,
SPP,MYC,ELOVL3,uterus,MYC IP - HeLa cells,,,,,,,,,,,,
SPP,MYBL2,ELOVL3,liver,MYBL2 IP - HepG2 cells,,,,,,,,,,,,
SPP,ROSI,ELOVL3,adiposetissue,"ROSI (BrAT) | KLF11 ChIP-Seq, Rep 1, ROSI (BrAT) | KLF11 ChIP-Seq, Rep 2",,,,,,,,,,,,
SPP,HMGN3,ELOVL3,leukocytes,HMGN3 IP - K562 cells,,,,,,,,,,,,
SPP,FOXA1,ELOVL3,lung,FOXA1 IP | DEX - A549 cells,,,,,,,,,,,,
SPP,BAY082,ELOVL3,leukocytes,"RELA IP | BAY082  - IVD Th1 cells, PIA",,,,,,,,,,,,
SPP,JUN,ELOVL3,colon,JUN IP ,,,,,,,,,,,,
SPP,STAT3,ELOVL3,mammarygland,"STAT3 IP - MCF10A cells, Rep 2, STAT3 IP | 4HT - MCF10 cells, 12 h",,,,,,,,,,,,
SPP,17BE2,ELOVL3,mammarygland,"17BE2 | FOXA1 ChIP-Seq - Rep 2, 17BE2 | FOXA1 ChIP-Seq - Rep 1, 17BE2 | FOXA1 ChIP-Seq - Rep 2, 17BE2 | FOXA1 ChIP-Seq - Rep 1, FOS IP | 17BE2",,,,,,,,,,,,
SPP,CEBPB,ELOVL3,uterus,"CEBPB IP - ECC1 cells, CEBPB ChIP-Seq - HeLaS3",,,,,,,,,,,,
SPP,125DVD3,ELOVL3,colon,CEBPB IP | 125DVD3,,,,,,,,,,,,
SPP,MAZ,ELOVL3,lung,MAZ IP - IMR cells,,,,,,,,,,,,
SPP,HEY1,ELOVL3,liver,HEY1 IP - HepG2 cells,,,,,,,,,,,,
SPP,TCF7L2,ELOVL3,mammarygland,TCF7L2 ChIP-Seq,,,,,,,,,,,,
SPP,MAX,ELOVL3,cns,MAX IP - SK-N-SH cells,,,,,,,,,,,,
SPP,BCL3,ELOVL3,leukocytes,BCL3 IP - GM12878 cells,,,,,,,,,,,,
SPP,ETS1,ELOVL3,leukocytes,ETS1 IP,,,,,,,,,,,,
SPP,SRF,ELOVL3,mammarygland,SRF IP - MCF7 cells,,,,,,,,,,,,
SPP,SMAD1,ELOVL3,hspcs,"SMAD1 IP - Rep 3, SMAD1 IP - Rep 2",,,,,,,,,,,,
SPP,JUND,ELOVL3,cns,"JUND IP - SK-N-SH cells, JUND IP - SK-N-SH cells ",,,,,,,,,,,,
SPP,E2F1,ELOVL3,uterus,"E2F1 IP - HeLa cells, Rep 2, E2F1 IP - HeLa cells, Rep 1",,,,,,,,,,,,
SPP,FOSL2,ELOVL3,lung,FOSL2 IP - A549 cells,,,,,,,,,,,,
SPP,HOXA6,ELOVL3,colon,HOXA6 IP ,,,,,,,,,,,,
SPP,REST,ELOVL3,pancreas,"REST IP - Panc1 cells, Rep 3",,,,,,,,,,,,
SPP,MAX,ELOVL3,vasculature,MAX IP - HUVEC cells,,,,,,,,,,,,
SPP,FOSL2,ELOVL3,liver,FOSL2 IP - HepG2 cells,,,,,,,,,,,,
SPP,MXI1,ELOVL3,liver,MXI1 IP - HepG2 cells,,,,,,,,,,,,
SPP,TBP,ELOVL3,leukocytes,TBP IP - K562 cells,,,,,,,,,,,,
SPP,TCF12,ELOVL3,cns,TCF12 IP - SK-N-SH cells,,,,,,,,,,,,
SPP,E2F1,ELOVL3,mammarygland,"E2F1 IP, E2F1 IP - MCF7 cells",,,,,,,,,,,,
SPP,SP1,ELOVL3,lung,SP1 IP - A549 cells,,,,,,,,,,,,
SPP,CTCF,ELOVL3,esophagus,"CTCF IP - HEEpiC cells, Rep 2 , CTCF IP - HEEpiC cells, Rep 1 ",,,,,,,,,,,,
SPP,MAZ,ELOVL3,leukocytes,"MAZ IP - K562 cells, MAZ IP - GM12878 cells",,,,,,,,,,,,
SPP,TCF12,ELOVL3,uterus,TCF12 IP - ECC1 cells,,,,,,,,,,,,
SPP,ASCL1,ELOVL3,skin,ASCL1 IP - NHDF,,,,,,,,,,,,
SPP,TCF7L2,ELOVL3,uterus,TCF7L2 IP - HeLa cells,,,,,,,,,,,,
SPP,IRF4,ELOVL3,leukocytes,"IRF4 IP, IRF4 IP - GM12878 cells",,,,,,,,,,,,
SPP,CEBPA,ELOVL3,adiposetissue,CEBPA ChIP-Seq,,,,,,,,,,,,
SPP,ATF3,ELOVL3,lung,ATF3 IP - A549 cells,,,,,,,,,,,,
SPP,MAFK,ELOVL3,lung,MAFK IP - IMR cells,,,,,,,,,,,,
SPP,ELF1,ELOVL3,liver,ELF1 IP - HepG2 cells,,,,,,,,,,,,
SPP,PAX5,ELOVL3,leukocytes,"PAX5 IP - GM12878 cells, Rep 1",,,,,,,,,,,,
SPP,CREB1,ELOVL3,lung,CREB1 IP | DEX - A549 cells,,,,,,,,,,,,
SPP,GATA2,ELOVL3,prostate,GATA2 KD + R1881 |Â FOXA1 ChIP-Seq,,,,,,,,,,,,
SPP,USF1,ELOVL3,colon,USF1 IP - HCT116 cells,,,,,,,,,,,,
SPP,RELA,ELOVL3,colon,RELA IP ,,,,,,,,,,,,
SPP,JUND,ELOVL3,colon,JUND IP - HCT116 cells,,,,,,,,,,,,
SPP,JUND,ELOVL3,mammarygland,JUND IP - MCF7 cells,,,,,,,,,,,,
SPP,RUNX1,ELOVL3,hspcs,RUNX1,,,,,,,,,,,,
SPP,ZBTB7A,ELOVL3,liver,ZBTB7A IP - HepG2 cells,,,,,,,,,,,,
SPP,YY1,ELOVL3,stemcells,YY1 IP - H1 cells,,,,,,,,,,,,
SPP,CEBPB,ELOVL3,mammarygland,CEBPB IP - MCF7 cells,,,,,,,,,,,,
SPP,RUNX1T1,ELOVL3,leukocytes,RUNX1T1 IP,,,,,,,,,,,,
SPP,ELF1,ELOVL3,leukocytes,"ELF1 IP - SK-N-SH cells, ELF1 IP - SK-N-SH cells",,,,,,,,,,,,
SPP,EGR1,ELOVL3,colon,EGR1 IP - HCT116 cells,,,,,,,,,,,,
SPP,MAX,ELOVL3,colon,MAX IP - HCT116 cells,,,,,,,,,,,,
SPP,ELF1,ELOVL3,mammarygland,ELF1 IP - MCF7 cells,,,,,,,,,,,,
SPP,BACH1,ELOVL3,stemcells,BACH1 IP - H1 cells,,,,,,,,,,,,
SPP,POU2F2,ELOVL3,leukocytes,POU2F2 IP - GM12878 cells,,,,,,,,,,,,
SPP,ZBTB7A,ELOVL3,uterus,ZBTB7A IP - ECC1 cells,,,,,,,,,,,,
SPP,FOS,ELOVL3,vasculature,FOS IP - HUVEC cells,,,,,,,,,,,,
SPP,TEAD4,ELOVL3,uterus,TEAD4 IP - ECC1 cells,,,,,,,,,,,,
SPP,HOXA4,ELOVL3,colon,HOXA4 IP ,,,,,,,,,,,,
SPP,CREB1,ELOVL3,stemcells,CREB1 IP - H1 cells,,,,,,,,,,,,
SPP,FOXM1,ELOVL3,leukocytes,FOXM1 IP - GM12878 cells,,,,,,,,,,,,
SPP,REST,ELOVL3,leukocytes,"REST IP - GM12878 cells, Rep 2",,,,,,,,,,,,
SPP,MAZ,ELOVL3,uterus,MAZ IP - HeLa cells,,,,,,,,,,,,
SPP,ZKSCAN1,ELOVL3,uterus,ZKSCAN1 IP - HeLa cells,,,,,,,,,,,,
SPP,JUND,ELOVL3,vasculature,JUND IP,,,,,,,,,,,,
SPP,JUN,ELOVL3,leukocytes,JUN IP | IFNA1-13 - 30 min ,,,,,,,,,,,,
SPP,IFNA1,ELOVL3,leukocytes,JUN IP | IFNA1-13 - 30 min ,,,,,,,,,,,,
SPP,USF1,ELOVL3,stemcells,USF1 IP - H1 cells,,,,,,,,,,,,
SPP,NFYA,ELOVL3,leukocytes,NFYA IP - K562 cells,,,,,,,,,,,,
SPP,CTCF,ELOVL4,lung,"CTCF IP - A549 cells, Rep 2 , CTCF IP - NHLF cells , CTCF ChIP-Seq - A549, CTCF IP - A549 cells, CTCF IP - IMR cells, CTCF IP | DEX - A549 cells, CTCF IP - SAEC cells, Rep 2 , CTCF IP - A549 cells , CTCF IP - NHLF cells , CTCF IP | DEX - A549 cells , CTCF IP - HPF cells, Rep 1 , CTCF IP - SAEC cells, Rep 1 , CTCF IP - AG04450 cells, Rep 2 , CTCF IP - HPF cells, Rep 2 , CTCF IP - AG04450 cells, Rep 1 ",,,,,,,,,,,,
SPP,GATA4,ELOVL4,stomach,GATA4 IP - AGS,,,,,,,,,,,,
SPP,CTCF,ELOVL4,leukocytes,"CTCF IP - F36P cells, Rep 14 , CTCF ChIP-Seq - GM12878, CTCF IP - GM2610 cells, Rep 2 , CTCF IP - GM12489 cells, Rep 1, CTCF IP - GM06990 cells, Rep 2 , CTCF IP - GM12878 cells, Rep 2 , CTCF IP - GM19240 cells, Rep 2 , CTCF IP - GM12874 cells, Rep 1 , CTCF IP - K562 cells, Rep 2 , CTCF IP - F36P cells, Rep 13 , CTCF IP - GM19238 cells, Rep 2 , CTCF IP - GM12234 cells, CTCF IP - GM12287 cells, Rep 1, CTCF IP - GM12871 cells , CTCF IP - GM12867 cells , CTCF IP - K562 cells, Rep 12 , CTCF IP - GM12870 cells , CTCF IP - GM12872 cells, Rep 3 , CTCF IP - K562 cells, Rep 13 , CTCF IP - UT-7 cells, Rep 6 , CTCF IP - GM12749 cells, Rep 1, CTCF IP, CTCF IP - GM2255 cells, Rep 3 , CTCF IP - GM10847 cells, Rep 1 , CTCF IP - Â DND , CTCF IP - GM12864 cells, Rep 2 , CTCF IP - HL , CTCF IP - GM18526 cells, Rep 1 , CTCF IP - F36P cells, Rep 2 , CTCF IP - GM19193 cells, Rep 1 , CTCF IP - CD14+ cells , CTCF IP - GM12864 cells, Rep 1 , CTCF IP - UT-7 cells, Rep 5 , CTCF IP - GM12891 cells, Rep 2 , CTCF IP - GM12815 cells, Rep 1, CTCF IP - GM2630 cells, Rep 1 , CTCF IP - GM19240 cells, Rep 1 , CTCF IP - GM12875 cells, Rep 1 , CTCF IP - GM12873 cells, Rep 3 , CTCF IP - F36P cells, Rep 15 , CTCF IP - GM19099 cells, Rep 2 , CTCF IP - GM11994 cells, Rep 2, CTCF IP - GM19099 cells, Rep 1 , CTCF IP - GM19239 cells, Rep 2 , CTCF IP - GM12869 cells , CTCF IP - F36P cells, Rep 10 , CTCF IP - GM12154 cells, Rep 2, CTCF IP - GM11831 cells, CTCF IP - GM18505 cells, Rep 1 , CTCF IP - GM12865 cells, Rep 3 , CTCF IP - GM12890 cells, Rep 2 , CTCF IP - F36P cells, Rep 6 , CTCF IP - K562 cells , CTCF IP - GM12872 cells, Rep 1 , CTCF IP - F36P cells, Rep 5 , CTCF IP - GM12878 cells, Rep 2 , CTCF IP - GM11994 cells, Rep 1, CTCF IP - GM19239 cells, Rep 1 , CTCF IP - GM12878 cells, Rep 1 , CTCF IP - UT-7 cells, Rep 4 , CTCF IP - GM19238 cells, Rep 1 , CTCF IP - KU812 cells, Rep 13 , CTCF IP - GM12872 cells, CTCF IP - KU812 cells, Rep 17 , CTCF IP - GM12154 cells, Rep 1, CTCF IP - K562 cells, Rep 11 , CTCF IP - GM10847 cells, Rep 2 , CTCF IP - GM2255 cells, Rep 1 , CTCF IP - GM12874 cells, CTCF IP - KU812 cells, Rep 9 , CTCF IP - UT-7 cells, Rep 2 , CTCF IP - GM12866 cells , CTCF IP - GM12891 cells, Rep 1 , CTCF IP - F36P cells, Rep 1 , CTCF IP - MS1 cells, Rep 4 , CTCF IP - GM12873 cells, Rep 1 , CTCF IP - GM12868 cells , CTCF IP - GM12865 cells, Rep 1 , CTCF IP - GM12872 cells, Rep 2 , CTCF IP - GM18505 cells, Rep 2 , CTCF IP - GM18526 cells, Rep 2 , CTCF IP - GM12864 cells, Rep 3 , CTCF IP - GM11811 cells, Rep 2, CTCF IP - GM18951 cells, Rep 2 , CTCF IP - GM18486 cells, Rep 1 , CTCF IP - F36P cells, Rep 3 , CTCF IP - GM18951 cells, Rep 1 , CTCF IP - GM11881 cells, CTCF IP - GM12865 cells, Rep 2 , CTCF IP - GM06990 cells, Rep 1 , CTCF IP - GM12892 cells, Rep 1 , CTCF IP - F36P cells, Rep 11 , CTCF IP - K562 cells, Rep 1 , CTCF IP - GM2610 cells, Rep 3 , CTCF IP - GM2610 cells, Rep 1 , CTCF IP - GM06986 cells, CTCF IP - GM2588 cells, Rep 3 , CTCF IP - MS1 cells, Rep 2 , CTCF IP - GM18486 cells, Rep 2 , CTCF IP - GM12815 cells, Rep 2, CTCF IP - GM2630 cells, Rep 3 , CTCF IP - HL-60 cells, Rep 7 , CTCF IP - GM12890 cells, Rep 3 , CTCF IP - K562 cells, CTCF IP - GM12006 cells, Rep 1, CTCF IP - MS1 cells, Rep 1 , CTCF IP - KU812 cells, Rep 1 , CTCF IP - GM11894 cells, Rep 2, CTCF IP - NB4 cells , CTCF IP - F36P cells, Rep 17 , CTCF IP - GM2588 cells, Rep 1 , CTCF IP - GM12155 cells, Rep 2, CTCF IP - F36P cells, Rep 19 , CTCF IP - GM12892 cells, Rep 2 , CTCF IP - Â CD20+ cells , CTCF IP - GM12828 cells, CTCF IP - K562 cells, CTCF IP - HeLa cells, Rep 2 , CTCF IP - GM12890 cells, Rep 1 , CTCF IP - GM18486 cells, Rep 3 , CTCF IP - K562 cells, Rep 16 , CTCF IP - GM12873 cells, Rep 1 , CTCF IP - GM12878 cells , CTCF IP - F36P cells, Rep 7 , CTCF IP - GM12878 cells, Rep 1 , CTCF IP - GM19193 cells, Rep 2 , CTCF IP - GM12814 cells, Rep 1, CTCF IP - K562 cells, Rep 14 , CTCF IP - GM12874 cells, Rep 2 , CTCF IP - GM2630 cells, Rep 2 , CTCF IP - KU812 cells, Rep 5 , CTCF IP - GM12814 cells, Rep 2, CTCF IP - GM2255 cells, Rep 2 , CTCF IP - GM12005 cells, Rep 2, CTCF IP - K562 cells, Rep 15 , CTCF IP - GM2588 cells, Rep 2 , CTCF IP - GM12005 cells, Rep 1, CTCF IP - GM11811 cells, Rep 1, CTCF IP - MS1 cells, Rep 3 ",,,,,,,,,,,,
SPP,CEBPB,ELOVL4,stemcells,"CEBPB IP, CEBPB IP - H1 cells, CEBPB IP, CEBPB IP, CEBPB IP, CEBPB IP, CEBPB IP, CEBPB IP",,,,,,,,,,,,
SPP,CTCF,ELOVL4,megakaryocytelineage,"CTCF IP - MEG-01 cells, Rep 10 , CTCF IP - MEG-01 cells, Rep 4 , CTCF IP - MEG-01 cells, Rep 8 , CTCF IP - MEG-01 cells, Rep 6 , CTCF IP - MEG-01 cells, Rep 2 ",,,,,,,,,,,,
SPP,MAZ,ELOVL4,lung,MAZ IP - IMR cells,,,,,,,,,,,,
SPP,GATA2,ELOVL4,prostate,"GATA2 ChIP-Seq - Rep 2, GATA2 ChIP-Seq - Rep 1, GATA2 KD + R1881 |Â FOXA1 ChIP-Seq, CON KD + R1881 |Â GATA2 ChIP-Seq, FOXA1 KD |Â GATA2 ChIP-Seq, CON KD |Â GATA2 ChIP-Seq, GATA2 ChIP-Seq",,,,,,,,,,,,
SPP,CTCF,ELOVL4,cns,"CTCF IP - cerebellar astrocyte cells, Rep 2 , CTCF IP - BE(2)-C cells, Rep 1 , CTCF IP - SK cells, CTCF IP - spinal cord astrocyte cells, Rep 2 , CTCF IP - HCPEpiC cells, Rep 1 , CTCF IP - cerebellar astrocyte cells, Rep 1 , CTCF IP - HCPEpiC cells, Rep 2 , CTCF IP - SK-N-SH cells, Rep 2 , CTCF IP - NHA cells , CTCF IP - SK-N-SH cells, Rep 1 , CTCF IP - BE(2)-C cells, Rep 2 , CTCF IP - spinal cord astrocyte cells, Rep 1 , CTCF IP - SK-N-SH cells ",,,,,,,,,,,,
SPP,USF2,ELOVL4,stemcells,USF2 IP - H1 cells,,,,,,,,,,,,
SPP,TP53,ELOVL4,mammarygland,TP53 IP,,,,,,,,,,,,
SPP,FOXA1,ELOVL4,prostate,"FOXA1 ChIP-Seq - Rep 1, FOXA1 ChIP-Seq - LNCaP, CON KD + R1881 | FOXA1 ChIP-Seq - Rep 1, FOXA1 ChIP-Seq - Rep 2, FOXA1 ChIP-Seq, EtOH | FOXA1 ChIP-Seq - , DHT | FOXA1 ChIP-Seq, R1881 | FOXA1 ChIP-Seq - Rep 2, GATA2 KD + R1881 |Â FOXA1 ChIP-Seq, CREB1 siRNA | FOXA1 ChIP-Seq - Rep 1, CON KD + R1881 | FOXA1 ChIP-Seq - Rep 2, FOXA1 KD |Â GATA2 ChIP-Seq, FOXA1 ChIP-Seq - LNCaP-abl, CON KD + R1881 |Â FOXA1 ChIP-Seq, PIAS1 + R1881 | FOXA1 ChIP-Seq - Rep 2, FOXA1 ChIP-Seq, PIAS1 + R1881 | FOXA1 ChIP-Seq - Rep 1, WT AR OE + FOXA1 OE | FOXA1 ChIP-Seq - high FOXA1, FOXA1 ChIP-Seq, CREB1 siRNA | FOXA1 ChIP-Seq - Rep 2, CON KD  |Â FOXA1 ChIP-Seq, EtOH | FOXA1 ChIP-Seq - Rep 2, R1881 | FOXA1 ChIP-Seq - Rep 1, FOXA1 ChIP-Seq",,,,,,,,,,,,
SPP,CREB1,ELOVL4,leukocytes,CREB1 IP - GM12878 cells,,,,,,,,,,,,
SPP,FOXA2,ELOVL4,stemcells,"FOXA2 IP - ES D2, FOXA2 IP - ES D10, FOXA2 IP - ES D5, FOXA2 IP - ES D7",,,,,,,,,,,,
SPP,CTCF,ELOVL4,esophagus,"CTCF IP - HEEpiC cells, Rep 1 , CTCF IP - HEEpiC cells, Rep 2 ",,,,,,,,,,,,
SPP,CTCF,ELOVL4,mammarygland,"CTCF IP - MCF7 cells, CTCF IP - HMEC cells , CTCF IP - HMEC cells, Rep 2 , CTCF IP - HMEC cells, Rep 1 , CTCF IP - MCF-7 cells, Rep 1 , CTCF IP - HMF cells, Rep 2 , CTCF IP - HMF cells, Rep 1 , CTCF IP - MCF-7 cells Rep 2 , CTCF IP - T47D cells",,,,,,,,,,,,
SPP,CTCF,ELOVL4,skin,"CTCF IP - AG04449 cells, Rep 2 , CTCF IP - BJ cells, Rep 2 , CTCF IP - NHEK cells, Rep 2 , CTCF IP - AG09309 cells, Rep 1 , CTCF IP - NHEK cells , CTCF IP - BJ cells, Rep 1 , CTCF IP - NHDF cells , CTCF IP - HFFC cells, Rep 1 , CTCF IP - HFFC cells, Rep 3 , CTCF IP - NHDF cells, Rep 1 , CTCF IP - NHDF cells, Rep 2 , CTCF IP - GM12878 cells, Rep 2 , CTCF IP - AG10803 cells, Rep 1 , CTCF IP - AG04449 cells, Rep 1 , CTCF IP - HFFC cells, Rep 2 , CTCF IP - AG10803 cells, Rep 2 ",,,,,,,,,,,,
SPP,MYB,ELOVL4,leukocytes,"MYB IP - Jurkat, Rep 3, MYB IP - MOLT3, MYB IP - Jurkat, Rep 5, MYB IP - Jurkat, Rep 4, MYB IP - Jurkat, Rep 1, MYB IP - Jurkat, Rep 2",,,,,,,,,,,,
SPP,CTCF,ELOVL4,uterus,"CTCF IP - HeLa cells, Rep 1 , CTCF IP - ECC1 cells, CTCF IP - HeLa cells ",,,,,,,,,,,,
SPP,ARID3A,ELOVL4,liver,ARID3A IP - HepG2 cells,,,,,,,,,,,,
SPP,REST,ELOVL4,stemcells,"REST IP - H1 cells, Rep 1",,,,,,,,,,,,
SPP,FOXP2,ELOVL4,cns,FOXP2 IP - SK cells,,,,,,,,,,,,
SPP,MAX,ELOVL4,liver,"MAX IP - HepG2 cells, MAX IP - MCF7 cells",,,,,,,,,,,,
SPP,CTCF,ELOVL4,pancreas,CTCF IP,,,,,,,,,,,,
SPP,MAX,ELOVL4,stemcells,MAX IP - H1 cells,,,,,,,,,,,,
SPP,PBX3,ELOVL4,cns,PBX3 IP - SK-N-SH cells,,,,,,,,,,,,
SPP,USF1,ELOVL4,uterus,USF1 IP - ECC1 cells,,,,,,,,,,,,
SPP,TAL1,ELOVL4,megakaryocytelineage,"TAL1 IP - CHRF-288-11 cells, Rep 4 , TAL1 IP - CHRF-288-11 cells, Rep 3 , TAL1 IP - CHRF-288-11 cells, Rep 6 , TAL1 IP - CHRF-288-11 cells, Rep 1 ",,,,,,,,,,,,
SPP,REST,ELOVL4,cns,"REST IP - U87 cells, REST IP - SK-N-SH cells, REST IP - SK cells",,,,,,,,,,,,
SPP,CTCF,ELOVL4,hspcs,"CTCF IP - HEL 92.1.7 cells, Rep 2 , CTCF IP - HEL 92.1.7 cells, Rep 11 , CTCF IP - Erythroid cells, Rep 1, CTCF IP - HSPCs, Rep 1, CTCF IP - HEL 92.1.7 cells, Rep 14 , CTCF IP - HEL 92.1.7 cells, Rep 8 , CTCF IP - HEL 92.1.7 cells, Rep 5 ",,,,,,,,,,,,
SPP,CTCF,ELOVL4,liver,"CTCF IP - HepG2 cells , CTCF IP - HepG2 cells, Rep 1 , CTCF IP, CTCF IP - HepG2 cells, Rep 2 , CTCF IP - SK-N-SH cells",,,,,,,,,,,,
SPP,CTCF,ELOVL4,vasculature,"CTCF IP - HPAF cells, Rep 1 , CTCF IP - HPAF cells, Rep 2 , CTCF IP - AoAFC cells, Rep 2 , CTCF IP - AoAFC cells, Rep 1 , CTCF IP - HUVEC cells , CTCF IP - HBMEC cells, Rep 1 , CTCF IP - HBMEC cells, Rep 2 , CTCF IP - HUVEC cells, Rep 2 , CTCF IP - HUVEC cells, Rep 1 ",,,,,,,,,,,,
SPP,R1881,ELOVL4,prostate,"CON KD + R1881 | FOXA1 ChIP-Seq - Rep 1, R1881 | FOXA1 ChIP-Seq - Rep 2, GATA2 KD + R1881 |Â FOXA1 ChIP-Seq, CON KD + R1881 |Â GATA2 ChIP-Seq, CON KD + R1881 | FOXA1 ChIP-Seq - Rep 2, CON KD + R1881 |Â FOXA1 ChIP-Seq, PIAS1 + R1881 | FOXA1 ChIP-Seq - Rep 2, PIAS1 + R1881 | FOXA1 ChIP-Seq - Rep 1, R1881 | FOXA1 ChIP-Seq - Rep 1",,,,,,,,,,,,
SPP,CTCF,ELOVL4,kidney,"CTCF IP - HEK293 cells, Rep 1 , CTCF IP - RPTEC cells, Rep 2 , CTCF IP - HRE cells, Rep 1 , CTCF IP - HRE cells, Rep 2 , CTCF IP - RPTEC cells, Rep 1 , CTCF IP - HEK293 cells, Rep 2 ",,,,,,,,,,,,
SPP,USF1,ELOVL4,lung,"USF1 IP | DEX - A549 cells, USF1 IP - A549 cells, Rep 2, USF1 IP - A549 cells, Rep 1",,,,,,,,,,,,
SPP,DEX,ELOVL4,lung,"USF1 IP | DEX - A549 cells, CTCF IP | DEX - A549 cells, CTCF IP | DEX - A549 cells ",,,,,,,,,,,,
SPP,CTCF,ELOVL4,skeletalmuscle,"CTCF IP - HSMM cells, Rep 2 , CTCF IP - HSMM cells, Rep 1 ",,,,,,,,,,,,
SPP,ZNF143,ELOVL4,leukocytes,"ZNF143 IP - GM12878 cells, ZNF143 IP - K562 cells",,,,,,,,,,,,
SPP,YY1,ELOVL4,leukocytes,"YY1 IP - GM12878 cells, YY1 IP - GM12891 cells, YY1 IP - K562 cells, Rep 1, YY1 IP - GM12892 cells, Rep 1",,,,,,,,,,,,
SPP,SPI1,ELOVL4,leukocytes,"SPI1 IP - K562 cells, SPI1 IP - HL-60 cells, Rep 4 , SPI1 IP, SPI1 IP | RUNX1 KD, SPI1 IP, SPI1 IP, SPI1 IP, SPI1 IP, SPI1 IP - HL cells, SPI1 IP",,,,,,,,,,,,
SPP,ATF3,ELOVL4,stemcells,ATF3 IP - H1 cells,,,,,,,,,,,,
SPP,TEAD1,ELOVL4,cns,TEAD1 IP - Rep 1,,,,,,,,,,,,
SPP,IRF4,ELOVL4,leukocytes,IRF4 IP,,,,,,,,,,,,
SPP,EGR1,ELOVL4,uterus,EGR1 IP - ECC1 cells,,,,,,,,,,,,
SPP,USF1,ELOVL4,cns,"USF1 IP - SK-N-SH cells, USF1 IP | ATRA - SK-N-SH cells",,,,,,,,,,,,
SPP,CTCF,ELOVL4,colon,"CTCF IP - HCT116 cells, Rep 1 , CTCF IP - Caco , CTCF IP - HCT116 cells, Rep 2 , CTCF IP - Caco-2 cells, Rep 1 , CTCF IP - HCT116 cells",,,,,,,,,,,,
SPP,TAL1,ELOVL4,leukocytes,TAL1 IP - MOLT3,,,,,,,,,,,,
SPP,CTCF,ELOVL4,miscellaneous,"CTCF IP - AG09319 cells, Rep 2 , CTCF IP - AG09319 cells, Rep 1 ",,,,,,,,,,,,
SPP,MYC,ELOVL4,bone,MYC IP,,,,,,,,,,,,
SPP,TEAD4,ELOVL4,uterus,TEAD4 IP - ECC1 cells,,,,,,,,,,,,
SPP,RUNX1,ELOVL4,leukocytes,SPI1 IP | RUNX1 KD,,,,,,,,,,,,
SPP,CTCF,ELOVL4,heart,"CTCF IP - HCF cells , CTCF IP - myocytes cells, Rep 1 , CTCF IP - myocytes cells, Rep 2 ",,,,,,,,,,,,
SPP,TCF12,ELOVL4,stemcells,TCF12 IP - H1 cells,,,,,,,,,,,,
SPP,KLF11,ELOVL4,adiposetissue,"KLF11 ChIP-Seq, Rep 1, KLF11 ChIP-Seq, Rep 2",,,,,,,,,,,,
SPP,RBPJ,ELOVL4,leukocytes,RBPJ IP | COMPE - wash,,,,,,,,,,,,
SPP,COMPE,ELOVL4,leukocytes,RBPJ IP | COMPE - wash,,,,,,,,,,,,
SPP,ARID3A,ELOVL4,leukocytes,ARID3A IP - K562 cells,,,,,,,,,,,,
SPP,CTCF,ELOVL4,placenta,"CTCF IP - HVMF cells, Rep 1 , CTCF IP - HVMF cells, Rep 2 ",,,,,,,,,,,,
SPP,ZNF143,ELOVL4,stemcells,ZNF143 IP - H1 cells,,,,,,,,,,,,
SPP,STAT5B,ELOVL4,leukocytes,"STAT5B IP | H9RETR, Rep 2, STAT5B IP | H9RET, Rep 2, STAT5B IP | H9, Rep 2",,,,,,,,,,,,
SPP,H9RETR,ELOVL4,leukocytes,"STAT5B IP | H9RETR, Rep 2",,,,,,,,,,,,
SPP,USF1,ELOVL4,leukocytes,"USF1 IP - GM12878 cells, USF1 IP - K562 cells",,,,,,,,,,,,
SPP,CEBPB,ELOVL4,colon,"CEBPB IP | 125DVD3, CEBPB IP - HCT116 cells",,,,,,,,,,,,
SPP,125DVD3,ELOVL4,colon,CEBPB IP | 125DVD3,,,,,,,,,,,,
SPP,CTCF,ELOVL4,sensory,"CTCF IP - WERI-Rb-1- cells, Rep 1 , CTCF IP - HRPEpiC cells, Rep 1 , CTCF IP - WERI , CTCF IP - HRPEpiC cells, Rep 2 ",,,,,,,,,,,,
SPP,DHT,ELOVL4,prostate,DHT | FOXA1 ChIP-Seq,,,,,,,,,,,,
SPP,GATA2,ELOVL4,hspcs,GATA2 IP,,,,,,,,,,,,
SPP,CEBPB,ELOVL4,lung,CEBPB ChIP-Seq - IMR90,,,,,,,,,,,,
SPP,CREB1,ELOVL4,prostate,"CREB1 siRNA | FOXA1 ChIP-Seq - Rep 1, CREB1 siRNA | FOXA1 ChIP-Seq - Rep 2",,,,,,,,,,,,
SPP,FOS,ELOVL4,vasculature,FOS IP - HUVEC cells,,,,,,,,,,,,
SPP,GATA3,ELOVL4,mammarygland,"GATA3 IP - T47D cells, GATA3 IP - MCF7 cells",,,,,,,,,,,,"24758297,24758297,"
SPP,BHLHE40,ELOVL4,leukocytes,BHLHE40 IP - GM12878 cells,,,,,,,,,,,,
SPP,MAX,ELOVL4,lung,MAX IP - A549 cells,,,,,,,,,,,,
SPP,E2F6,ELOVL4,lung,E2F6 IP - A549 cells,,,,,,,,,,,,
SPP,H9RET,ELOVL4,leukocytes,"STAT5B IP | H9RET, Rep 2",,,,,,,,,,,,
SPP,YY1,ELOVL4,stemcells,YY1 IP - H1 cells,,,,,,,,,,,,
SPP,TP53,ELOVL4,lung,"TP53 IP - propapoptic, Rep 1",,,,,,,,,,,,
SPP,E2F6,ELOVL4,stemcells,E2F6 IP - H1 cells,,,,,,,,,,,,
SPP,TEAD4,ELOVL4,liver,TEAD4 IP - HepG2 cells,,,,,,,,,,,,
SPP,PDX1,ELOVL4,pancreas,PDX1 IP,,,,,,,,,,,,
SPP,ZNF263,ELOVL4,kidney,ZNF263 IP - HEK293 cells,,,,,,,,,,,,
SPP,CTCF,ELOVL4,stemcells,"CTCF IP - Rep 2 , CTCF IP - Rep 4 , CTCF IP - H1 cells, CTCF IP - H1 cells , CTCF IP - Rep 6 , CTCF IP - Rep 1 , CTCF IP - Rep 7 ",,,,,,,,,,,,
SPP,SRF,ELOVL4,stemcells,SRF IP - Rep 7 ,,,,,,,,,,,,
SPP,MAX,ELOVL4,vasculature,MAX IP - HUVEC cells,,,,,,,,,,,,
SPP,EGR1,ELOVL4,leukocytes,EGR1 IP - K562 cells,,,,,,,,,,,,
SPP,ARNTL,ELOVL4,bone,ARNTL IP,,,,,,,,,,,,
SPP,SP1,ELOVL4,stemcells,SP1 IP - H1 cells,,,,,,,,,,,,
SPP,CEBPB,ELOVL4,liver,CEBPB ChIP-Seq - HepG2,,,,,,,,,,,,
SPP,TP53,ELOVL4,skin,"TP53 IP | NUTL3, TP53 IP",,,,,,,,,,,,
SPP,FOXA2,ELOVL4,embryonictissue,FOXA2 IP - Rep 2,,,,,,,,,,,,
SPP,GATA3,ELOVL4,cns,GATA3 IP - SK-N-SH cells,,,,,,,,,,,,
SPP,CREB1,ELOVL4,stemcells,CREB1 IP - H1 cells,,,,,,,,,,,,
SPP,JUND,ELOVL4,colon,JUND IP - HCT116 cells,,,,,,,,,,,,
SPP,MAX,ELOVL4,cns,MAX IP - SK-N-SH cells,,,,,,,,,,,,
SPP,GATA6,ELOVL4,stomach,GATA6 IP - YCC3,,,,,,,,,,,,
SPP,H9,ELOVL4,leukocytes,"STAT5B IP | H9, Rep 2",,,,,,,,,,,,
SPP,NFKB1,ELOVL4,leukocytes,NFKB1 IP - Rep 2,,,,,,,,,,,,
SPP,GATA2,ELOVL4,cns,GATA2 ChIP-Seq SH-SY5Y,,,,,,,,,,,,
SPP,STAT3,ELOVL4,leukocytes,STAT3 IP - SU-DHL-6,,,,,,,,,,,,
SPP,TEAD4,ELOVL4,stemcells,TEAD4 IP - H1 cells,,,,,,,,,,,,
SPP,BACH1,ELOVL4,stemcells,BACH1 IP - H1 cells,,,,,,,,,,,,
SPP,FOXP1,ELOVL4,prostate,FOXP1 ChIP-Seq,,,,,,,,,,,,
SPP,NANOG,ELOVL4,stemcells,NANOG IP - H1 cells,,,,,,,,,,,,
SPP,YY1,ELOVL4,colon,YY1 IP - HCT116 cells,,,,,,,,,,,,
SPP,CTCF,ELOVL4,adiposetissue,"CTCF ChIP-Seq - d 9, CTCF ChIP-Seq - d -2, CTCF ChIP-Seq - d 0, CTCF ChIP-Seq - dÂ 3",,,,,,,,,,,,
SPP,PIAS1,ELOVL4,prostate,"PIAS1 + R1881 | FOXA1 ChIP-Seq - Rep 2, PIAS1 + R1881 | FOXA1 ChIP-Seq - Rep 1",,,,,,,,,,,,
SPP,FOXA1,ELOVL4,liver,"FOXA1 IP - HepG2 cells, Rep 1",,,,,,,,,,,,
SPP,AR,ELOVL4,prostate,WT AR OE + FOXA1 OE | FOXA1 ChIP-Seq - high FOXA1,,,,,,,,,,,,"19668381,19668381,"
SPP,RUNX1,ELOVL4,hspcs,RUNX1,,,,,,,,,,,,
SPP,TBP,ELOVL4,stemcells,TBP IP - H1 cells,,,,,,,,,,,,
SPP,SMAD1,ELOVL4,hspcs,SMAD1 IP - Rep 3,,,,,,,,,,,,
SPP,YY1,ELOVL4,cns,"YY1 IP - SK-N-SH cells, YY1 IP | ATRA - SK-N-SH cells",,,,,,,,,,,,
SPP,EGR1,ELOVL4,stemcells,EGR1 IP - H1 cells,,,,,,,,,,,,
SPP,JUN,ELOVL4,vasculature,JUN IP - HUVEC cells,,,,,,,,,,,,
SPP,MAX,ELOVL4,colon,MAX IP - HCT116 cells,,,,,,,,,,,,
SPP,MAX,ELOVL4,uterus,MAX IP - ECC1 cells,,,,,,,,,,,,
SPP,ZBTB7A,ELOVL4,uterus,ZBTB7A IP - ECC1 cells,,,,,,,,,,,,
SPP,ATRA,ELOVL4,cns,"USF1 IP | ATRA - SK-N-SH cells, YY1 IP | ATRA - SK-N-SH cells",,,,,,,,,,,,
SPP,OTX2,ELOVL4,stemcells,OTX2 IP - Rep 10 ,,,,,,,,,,,,
SPP,SIX2,ELOVL4,kidney,"SIX2 IP - 17 weeks, Rep 1",,,,,,,,,,,,
SPP,E2F1,ELOVL4,mammarygland,E2F1 IP - MCF7 cells,,,,,,,,,,,,
SPP,FOXA1,ELOVL4,mammarygland,DEX | FOXA1 ChIP-Seq - Rep 1,,,,,,,,,,,,
SPP,DEX,ELOVL4,mammarygland,DEX | FOXA1 ChIP-Seq - Rep 1,,,,,,,,,,,,
SPP,USF1,ELOVL4,stemcells,USF1 IP - H1 cells,,,,,,,,,,,,
SPP,YY1,ELOVL4,uterus,YY1 IP - ECC1 cells,,,,,,,,,,,,
SPP,CTCF,ELOVL4,bone,CTCF IP - Osteoblasts ,,,,,,,,,,,,
SPP,EGR1,ELOVL4,liver,EGR1 IP - MCF7 cells,,,,,,,,,,,,
SPP,TEAD4,ELOVL4,leukocytes,TEAD4 IP - K562 cells,,,,,,,,,,,,
SPP,MXI1,ELOVL4,cns,MXI1 IP - SK-N-SH cells ,,,,,,,,,,,,
SPP,ETS1,ELOVL4,leukocytes,ETS1 IP,,,,,,,,,,,,
SPP,USF1,ELOVL4,liver,USF1 IP - HepG2 cells,,,,,,,,,,,,
SPP,TCF12,ELOVL4,uterus,TCF12 IP - ECC1 cells,,,,,,,,,,,,
SPP,JUND,ELOVL4,leukocytes,JUND IP - K562 cells,,,,,,,,,,,,
SPP,JUND,ELOVL4,stemcells,JUND IP - H1 cells,,,,,,,,,,,,
SPP,TEAD4,ELOVL4,cns,TEAD4 IP - SK-N-SH cells,,,,,,,,,,,,
SPP,HIF1A,ELOVL4,bone,HIF1A IP,,,,,,,,,,,,
SPP,ZBTB7A,ELOVL5,uterus,ZBTB7A IP - ECC1 cells,,,,,,,,,,,,
SPP,JUN,ELOVL5,leukocytes,"JUN IP - K562 cells, Rep 1, JUN IP | IFNG - K562 cells, 30 min, JUN IP - K562 cells, Rep 2, JUN IP | IFNA1-13 - 30 min ",,,,,,,,,,,,
SPP,TCF3,ELOVL5,leukocytes,TCF3 IP - GM12878 cells,,,,,,,,,,,,
SPP,TBP,ELOVL5,leukocytes,"TBP IP - GM12878 cells, TBP IP - K562 cells",,,,,,,,,,,,
SPP,GATA2,ELOVL5,leukocytes,"GATA2 IP - K562 cells, GATA2 IP - K562 cells",,,,,,,,,,,,
SPP,GABPA,ELOVL5,leukocytes,"GABPA IP - Jurkat, Rep 2, GABPA IP - GM12878 cells, Rep 2 , GABPA IP - HL cells, GABPA IP - Jurkat, Rep 1, GABPA IP - K562 cells, GABPA IP - GM12878 cells, Rep 3 , GABPA IP - GM12878 cells, Rep 1 , GABPA IP - GM12878 cells, Rep 4 ",,,,,,,,,,,,
SPP,MYB,ELOVL5,leukocytes,"MYB IP - Jurkat, Rep 3, MYB IP - Jurkat, Rep 1, MYB IP - MOLT3, MYB IP - Jurkat, Rep 4, MYB IP - Jurkat, Rep 5, MYB IP - Jurkat, Rep 2",,,,,,,,,,,,
SPP,CEBPB,ELOVL5,stemcells,"CEBPB IP, CEBPB IP, CEBPB IP, CEBPB IP, CEBPB IP, CEBPB IP",,,,,,,,,,,,
SPP,SPI1,ELOVL5,leukocytes,"SPI1 IP, SPI1 IP, SPI1 IP - U-937 cells, Rep 6 , SPI1 IP - GM12891 cells, SPI1 IP, SPI1 IP - U-937 cells, Rep 4 , SPI1 IP - GM12878 cells, Rep 3 , SPI1 IP - GM12878 cells, Rep 4 , SPI1 IP | RUNX1 KD, SPI1 IP, SPI1 IP - U-937 cells, Rep 3 , SPI1 IP, SPI1 IP, SPI1 IP, SPI1 IP - U-937 cells, Rep 1 , SPI1 IP - GM12878 cells, SPI1 IP - K562 cells, SPI1 IP - U-937 cells, Rep 5 , SPI1 IP - GM12878 cells, Rep 2 , SPI1 IP, SPI1 IP - HL cells",,,,,,,,,,,,
SPP,STAT1,ELOVL5,leukocytes,"STAT1 IP - Rep 1, STAT1 IP - Rep 4, STAT1 IP - Rep 2, STAT1 IP - Rep 3, STAT1 IP - Rep 5",,,,,,,,,,,,
SPP,IFNG,ELOVL5,leukocytes,"STAT1 IP - Rep 1, STAT1 IP - Rep 4, STAT1 IP - Rep 2, STAT1 IP - Rep 3, JUN IP | IFNG - K562 cells, 30 min, MYC IP | IFNG - K562 cells, 6 h, MYC IP | IFNG - K562 cells, 30 min, IRF1 IP | IFNG - K562 cells, 30 min, IRF1 IP | IFNG - K562 cells, 6 h, STAT1 IP - Rep 5",,,,,,,,,,,,
SPP,FOXA1,ELOVL5,mammarygland,"FOXA1 ChIP-Seq - Rep 1, 17BE2 | FOXA1 ChIP-Seq, DEX | FOXA1 ChIP-Seq - Rep 1, FOXA1 ChIP-Seq - Rep 2, FOXA1 ChIP-Seq - Rep 2, DHT | FOXA1 ChIP-Seq, DEX | FOXA1 ChIP-Seq - Rep 2, 17BE2 | FOXA1 ChIP-Seq - Rep 2, 17BE2 | FOXA1 ChIP-Seq - Rep 1, DEX | FOXA1 ChIP-Seq - Rep 2, DEX | FOXA1 ChIP-Seq - Rep 2, FOXA1 ChIP-Seq - Rep 2",,,,,,,,,,,,
SPP,IRF1,ELOVL5,colon,IRF1 IP ,,,,,,,,,,,,
SPP,FOXP2,ELOVL5,cns,FOXP2 IP - PFSK-1 cells,,,,,,,,,,,,
SPP,CTCF,ELOVL5,leukocytes,"CTCF IP - GM18486 cells, Rep 3 , CTCF IP - MS1 cells, Rep 3 , CTCF IP - GM2255 cells, Rep 2 , CTCF IP - MS1 cells, Rep 4 , CTCF IP - GM2255 cells, Rep 3 , CTCF IP - GM12892 cells, Rep 2 , CTCF IP - GM19239 cells, Rep 2 , CTCF IP - GM19239 cells, Rep 1 , CTCF IP - GM12878 cells, Rep 1 , CTCF IP - GM2610 cells, Rep 2 , CTCF IP - GM19240 cells, Rep 2 , CTCF IP - GM19238 cells, Rep 1 , CTCF IP - GM2588 cells, Rep 3 , CTCF ChIP-Seq - GM12878, CTCF IP, CTCF IP - MS1 cells, Rep 1 , CTCF IP - GM2610 cells, Rep 1 , CTCF IP - MS1 cells, Rep 2 , CTCF IP - GM2630 cells, Rep 3 , CTCF IP - GM12891 cells, Rep 2 , CTCF IP - GM19240 cells, Rep 1 ",,,,,,,,,,,,
SPP,GATA2,ELOVL5,vasculature,GATA2 IP - HUVEC cells,,,,,,,,,,,,
SPP,ZNF143,ELOVL5,stemcells,ZNF143 IP - H1 cells,,,,,,,,,,,,
SPP,CREB1,ELOVL5,prostate,"CREB1 ChIP-Seq - Rep 2, FOXA1 siRNA | CREB1 ChIP-Seq - Rep 2, CREB1 siRNA | FOXA1 ChIP-Seq - Rep 2, CREB1 ChIP-Seq - Rep 1, CREB1 siRNA | FOXA1 ChIP-Seq - Rep 1, FOXA1 siRNA | CREB1 ChIP-Seq - Rep 1, CREB1 ChIP-Seq - LNCaP, CREB1 ChIP-Seq - LNCaP-abl",,,,,,,,,,,,
SPP,ELF3,ELOVL5,pancreas,"ELF3 IP | KLF5 KO, ELF3 IP, ELF3 IP",,,,,,,,,,,,
SPP,KLF5,ELOVL5,pancreas,"ELF3 IP | KLF5 KO, FOXA1 IP | KLF5 KO, KLF5 IP",,,,,,,,,,,,
SPP,YY1,ELOVL5,leukocytes,"YY1 IP - K562 cells, Rep 1, YY1 IP - GM12891 cells, YY1 IP - GM12892 cells, Rep 1, YY1 IP - K562 cells, YY1 IP - GM12878 cells, YY1 IP - K562 cells, Rep 2",,,,,,,,,,,,
SPP,EGR1,ELOVL5,leukocytes,EGR1 IP - K562 cells,,,,,,,,,,,,
SPP,GATA2,ELOVL5,prostate,"GATA2 ChIP-Seq, FOXA1 + FBS |Â GATA2 ChIP-Seq, GATA2 ChIP-Seq - Rep 1, GATA2 KD  |Â GATA2 ChIP-Seq, CON KD |Â GATA2 ChIP-Seq, CON KD + R1881 |Â GATA2 ChIP-Seq, GATA2 KD + R1881 |Â GATA2 ChIP-Seq, CON KD + FBS |Â GATA2 ChIP-Seq, CON KD  |Â GATA2 ChIP-Seq, GATA2 KD  |Â FOXA1 ChIP-Seq, GATA2 KD + R1881 |Â FOXA1 ChIP-Seq, GATA2 ChIP-Seq - Rep 2, FOXA1 KD |Â GATA2 ChIP-Seq",,,,,,,,,,,,
SPP,CREB1,ELOVL5,liver,"CREB1 IP, CREB1 IP, CREB1 IP, CREB1 IP - HepG2 cells",,,,,,,,,,,,
SPP,FOXA1,ELOVL5,prostate,"FOXA1 + FBS |Â GATA2 ChIP-Seq, FOXA1 KD | FOXA1 ChIP-Seq, CON KD + R1881 |Â FOXA1 ChIP-Seq, FOXA1 ChIP-Seq, FOXA1 siRNA | CREB1 ChIP-Seq - Rep 2, PIAS1 + R1881 | FOXA1 ChIP-Seq - Rep 2, FOXA1 ChIP-Seq, PIAS1 + R1881 | FOXA1 ChIP-Seq - Rep 1, WT AR OE + FOXA1 OE | FOXA1 ChIP-Seq - high FOXA1, EtOH | FOXA1 ChIP-Seq - Rep 2, AR C562S OE + FOXA1 OE | FOXA1 ChIP-Seq, CREB1 siRNA | FOXA1 ChIP-Seq - Rep 2, CON KD  |Â FOXA1 ChIP-Seq, FOXA1 ChIP-Seq, R1881 | FOXA1 ChIP-Seq - Rep 1, CON KD | FOXA1 ChIP-Seq, FOXA1 ChIP-Seq - LNCaP, FOXA1 ChIP-Seq - Rep 1, FOXA1 ChIP-Seq - Rep 2, CREB1 siRNA | FOXA1 ChIP-Seq - Rep 1, CON KD + R1881 | FOXA1 ChIP-Seq - Rep 1, DHT | FOXA1 ChIP-Seq, CON KD | FOXA1 ChIP-Seq, WT AR OE + FOXA1 OE | FOXA1 ChIP-Seq, FOXA1 ChIP-Seq, EtOH | FOXA1 ChIP-Seq - , GATA2 KD  |Â FOXA1 ChIP-Seq, GATA2 KD + R1881 |Â FOXA1 ChIP-Seq, DHT | FOXA1 ChIP-Seq, FOXA1 siRNA | CREB1 ChIP-Seq - Rep 1, R1881 | FOXA1 ChIP-Seq - Rep 2, AR Q640X OE + FOXA1 OE | FOXA1 ChIP-Seq, FOXA1 ChIP-Seq - LNCaP-abl, CON KD |Â FOXA1 ChIP-Seq, FOXA1 KD | FOXA1 ChIP-Seq, CON KD + R1881 | FOXA1 ChIP-Seq - Rep 2, FOXA1 KD |Â GATA2 ChIP-Seq",,,,,,,,,,,,
SPP,REST,ELOVL5,leukocytes,REST IP - K562 cells,,,,,,,,,,,,
SPP,CEBPB,ELOVL5,colon,CEBPB IP - HCT116 cells,,,,,,,,,,,,
SPP,CREB1,ELOVL5,lung,"CREB1 IP - A549 cells, Rep 2, CREB1 IP | DEX - A549 cells, CREB1 IP - A549 cells, Rep 1",,,,,,,,,,,,
SPP,PAX5,ELOVL5,leukocytes,"PAX5 IP - GM12878 cells, Rep 1, PAX5 IP - GM12892 cells, PAX5 IP - GM12878 cells, Rep 2",,,,,,,,,,,,
SPP,EBF1,ELOVL5,adiposetissue,EBF1 IP,,,,,,,,,,,,
SPP,YY1,ELOVL5,stemcells,YY1 IP - H1 cells,,,,,,,,,,,,
SPP,ZEB1,ELOVL5,leukocytes,ZEB1 IP - GM12878 cells,,,,,,,,,,,,
SPP,TCF12,ELOVL5,lung,TCF12 IP - A549 cells,,,,,,,,,,,,
SPP,TP53,ELOVL5,mammarygland,TP53 IP,,,,,,,,,,,,
SPP,FOS,ELOVL5,leukocytes,"FOS IP - GM12878 cells, FOS IP - K562 cells",,,,,,,,,,,,
SPP,MYC,ELOVL5,leukocytes,"MYC IP | IFNA1 - K562 cells, 6 h, MYC IP | IFNG - K562 cells, 6 h, MYC IP | IFNG - K562 cells, 30 min, MYC IP | IFNA1 - K562 cells, 30 min, MYC IP - K562 cells, Rep 1, MYC IP - K562 cells, Rep 2, MYC IP - NB4 cells",,,,,,,,,,,,"18940864,18940864,"
SPP,IFNA1,ELOVL5,leukocytes,"MYC IP | IFNA1 - K562 cells, 6 h, IRF1 IP | IFNA1-13 - K562 cells, 6 h, MYC IP | IFNA1 - K562 cells, 30 min, JUN IP | IFNA1-13 - 30 min ",,,,,,,,,,,,
SPP,MAX,ELOVL5,colon,MAX IP - HCT116 cells,,,,,,,,,,,,
SPP,PBX3,ELOVL5,cns,PBX3 IP - SK-N-SH cells,,,,,,,,,,,,
SPP,MAX,ELOVL5,leukocytes,"MAX IP - K562 cells, MAX IP - NB4 cells, MAX IP - K562 cells, Rep 2, MAX IP - K562 cells, Rep 1",,,,,,,,,,,,
SPP,FOS,ELOVL5,mammarygland,"FOS IP | 4HT - MCF10A cells, 12 h, FOS IP - MCF10A cells, FOS IP | 4HT - MCF10A cells, 36 h, FOS IP | 4HT - MCF10A cells, 4 h",,,,,,,,,,,,
SPP,4HT,ELOVL5,mammarygland,"FOS IP | 4HT - MCF10A cells, 12 h, E2F4 IP | 4HT - MCF10 cells, FOS IP | 4HT - MCF10A cells, 36 h, FOS IP | 4HT - MCF10A cells, 4 h, STAT3 IP | 4HT - MCF10 cells, 36 h",,,,,,,,,,,,
SPP,CEBPB,ELOVL5,leukocytes,"CEBPB IP - Rep 204, CEBPB ChIP-Seq - K562, CEBPB IP | oxLDL  - Rep 208, CEBPB IP, CEBPB IP - K562 cells",,,,,,,,,,,,
SPP,TEAD4,ELOVL5,leukocytes,TEAD4 IP - K562 cells,,,,,,,,,,,,
SPP,ERG,ELOVL5,leukocytes,ERG IP - Rep 1,,,,,,,,,,,,
SPP,RELA,ELOVL5,adiposetissue,"RELA IP, RELA IP, RELA IP, RELA IP",,,,,,,,,,,,
SPP,ELF1,ELOVL5,leukocytes,"ELF1 IP - SK-N-SH cells, ELF1 IP - SK-N-SH cells",,,,,,,,,,,,
SPP,CREB1,ELOVL5,colon,CREB1 IP ,,,,,,,,,,,,
SPP,R1881,ELOVL5,prostate,"CON KD + R1881 |Â FOXA1 ChIP-Seq, PIAS1 + R1881 | FOXA1 ChIP-Seq - Rep 2, PIAS1 + R1881 | FOXA1 ChIP-Seq - Rep 1, CON KD + R1881 |Â GATA2 ChIP-Seq, R1881 | FOXA1 ChIP-Seq - Rep 1, GATA2 KD + R1881 |Â GATA2 ChIP-Seq, CON KD + R1881 | FOXA1 ChIP-Seq - Rep 1, GATA2 KD + R1881 |Â FOXA1 ChIP-Seq, R1881 | FOXA1 ChIP-Seq - Rep 2, CON KD + R1881 | FOXA1 ChIP-Seq - Rep 2, GABPA IP | R1881",,,,,,,,,,,,
SPP,JUN,ELOVL5,colon,JUN IP ,,,,,,,,,,,,
SPP,KLF11,ELOVL5,adiposetissue,"KLF11 ChIP-Seq, Rep 2, ROSI (BrAT) | KLF11 ChIP-Seq, Rep 1, KLF11 ChIP-Seq, Rep 1, ROSI (BrAT) | KLF11 ChIP-Seq, Rep 2",,,,,,,,,,,,
SPP,E2F3,ELOVL5,colon,E2F3 IP ,,,,,,,,,,,,
SPP,E2F6,ELOVL5,leukocytes,"E2F6 IP - K562 cells, E2F6 IP - K562 cells",,,,,,,,,,,,
SPP,FOSL1,ELOVL5,colon,FOSL1 IP - HCT116 cells,,,,,,,,,,,,
SPP,NFYB,ELOVL5,uterus,NFYB IP - HeLa cells,,,,,,,,,,,,
SPP,MXI1,ELOVL5,liver,MXI1 IP - HepG2 cells,,,,,,,,,,,,
SPP,MAZ,ELOVL5,lung,MAZ IP - IMR cells,,,,,,,,,,,,
SPP,JUND,ELOVL5,stemcells,JUND IP - H1 cells,,,,,,,,,,,,
SPP,CTCF,ELOVL5,cns,"CTCF IP - SK-N-SH cells, Rep 2 ",,,,,,,,,,,,
SPP,ETS1,ELOVL5,leukocytes,"ETS1 IP - K562 cells, ETS1 IP",,,,,,,,,,,,
SPP,NFYB,ELOVL5,leukocytes,"NFYB IP - GM12878 cells, NFYB IP - K562 cells",,,,,,,,,,,,
SPP,IRF1,ELOVL5,leukocytes,"IRF1 IP | IFNA1-13 - K562 cells, 6 h, IRF1 IP | IFNG - K562 cells, 30 min, IRF1 IP | IFNG - K562 cells, 6 h",,,,,,,,,,,,
SPP,FOXA2,ELOVL5,liver,FOXA2 IP - HepG2 cells,,,,,,,,,,,,"19822575,19822575,"
SPP,SREBF1,ELOVL5,liver,SREBF1 IP | INS + 22RHC - HepG2 cells,,,,,,,,,,,,
SPP,22RHC; INS,ELOVL5,liver,SREBF1 IP | INS + 22RHC - HepG2 cells,,,,,,,,,,,,
SPP,FOXM1,ELOVL5,mammarygland,FOXM1 IP | THSP - DS006,,,,,,,,,,,,
SPP,PIAS1,ELOVL5,prostate,"PIAS1 + R1881 | FOXA1 ChIP-Seq - Rep 2, PIAS1 + R1881 | FOXA1 ChIP-Seq - Rep 1",,,,,,,,,,,,
SPP,HMGN3,ELOVL5,leukocytes,HMGN3 IP - K562 cells,,,,,,,,,,,,
SPP,E2F6,ELOVL5,lung,E2F6 IP - A549 cells,,,,,,,,,,,,
SPP,MAX,ELOVL5,liver,"MAX IP - HepG2 cells, MAX IP - HepG2 cells, MAX IP - MCF7 cells",,,,,,,,,,,,
SPP,GABPA,ELOVL5,uterus,GABPA IP - HeLa cells,,,,,,,,,,,,
SPP,17BE2,ELOVL5,mammarygland,"17BE2 | FOXA1 ChIP-Seq, 17BE2 | FOXA1 ChIP-Seq - Rep 2, 17BE2 | FOXA1 ChIP-Seq - Rep 1",,,,,,,,,,,,
SPP,HOXA6,ELOVL5,colon,HOXA6 IP ,,,,,,,,,,,,
SPP,JUND,ELOVL5,uterus,JUND IP - HeLa cells,,,,,,,,,,,,
SPP,CREB1,ELOVL5,leukocytes,"CREB1 IP - K562 cells, CREB1 IP, CREB1 IP - GM12878 cells, CREB1 IP",,,,,,,,,,,,
SPP,FOXA1,ELOVL5,liver,"FOXA1 IP - HepG2 cells, Rep 1, FOXA1 IP - HepG2 cells, Rep 2",,,,,,,,,,,,
SPP,FOXP1,ELOVL5,prostate,DHT | FOXP1 ChIP-Seq,,,,,,,,,,,,
SPP,DHT,ELOVL5,prostate,"DHT | FOXP1 ChIP-Seq, DHT | FOXA1 ChIP-Seq, DHT | FOXA1 ChIP-Seq, DHT | ERG ChIP-Seq - 18 h, DHT | ERG ChIP-Seq - 2 h",,,,,,,,,,,,
SPP,NFYA,ELOVL5,leukocytes,NFYA IP - K562 cells,,,,,,,,,,,,
SPP,ATF2,ELOVL5,leukocytes,ATF2 IP - GM12878 cells,,,,,,,,,,,,
SPP,CEBPA,ELOVL5,leukocytes,CEBPA IP,,,,,,,,,,,,
SPP,SP1,ELOVL5,colon,SP1 IP - HCT116 cells,,,,,,,,,,,,
SPP,RUNX1T1,ELOVL5,leukocytes,RUNX1T1 IP,,,,,,,,,,,,
SPP,EGR1,ELOVL5,colon,EGR1 IP - HCT116 cells,,,,,,,,,,,,
SPP,BACH1,ELOVL5,stemcells,BACH1 IP - H1 cells,,,,,,,,,,,,
SPP,E2F1,ELOVL5,uterus,"E2F1 IP - HeLa cells, Rep 1, E2F1 IP - HeLa cells, Rep 2",,,,,,,,,,,,
SPP,ZNF384,ELOVL5,leukocytes,"ZNF384 IP - GM12878 cells, ZNF384 IP - K562 cells",,,,,,,,,,,,
SPP,GABPA,ELOVL5,liver,"GABPA IP - MCF7 cells, GABPA IP - HepG2 cells",,,,,,,,,,,,
SPP,DEX,ELOVL5,lung,"CREB1 IP | DEX - A549 cells, USF1 IP | DEX - A549 cells",,,,,,,,,,,,
SPP,YY1,ELOVL5,lung,YY1 IP - A549 cells,,,,,,,,,,,,
SPP,AR,ELOVL5,prostate,"WT AR OE + FOXA1 OE | FOXA1 ChIP-Seq - high FOXA1, AR C562S OE + FOXA1 OE | FOXA1 ChIP-Seq, WT AR OE + FOXA1 OE | FOXA1 ChIP-Seq, AR Q640X OE + FOXA1 OE | FOXA1 ChIP-Seq",,,,,,,,,,,,
SPP,STAT3,ELOVL5,leukocytes,"STAT3 IP - SU-DHL-2, STAT3 IP - OCI-LY19, STAT3 IP - SU-DHL-6, STAT3 IP - OCI-LY7",,,,,,,,,,,,
SPP,FOS,ELOVL5,vasculature,FOS IP - HUVEC cells,,,,,,,,,,,,
SPP,ERG,ELOVL5,prostate,"ERG ChIP-Seq, ERG ChIP-Seq, DHT | ERG ChIP-Seq - 18 h, DHT | ERG ChIP-Seq - 2 h",,,,,,,,,,,,
SPP,TP53,ELOVL5,lung,"TP53 IP - propapoptic, Rep 1",,,,,,,,,,,,
SPP,SP1,ELOVL5,lung,SP1 IP - A549 cells,,,,,,,,,,,,
SPP,SOX2,ELOVL5,esophagus,SOX2 IP - KYSE-70,,,,,,,,,,,,
SPP,SRF,ELOVL5,colon,SRF IP - HCT116 cells,,,,,,,,,,,,
SPP,FOXA1,ELOVL5,stemcells,"FOXA1 IP - ES D10, FOXA1 IP - ES D7, FOXA1 IP - ES D5, FOXA1 IP - Rep 5 ",,,,,,,,,,,,
SPP,ZNF263,ELOVL5,kidney,ZNF263 IP - HEK293 cells,,,,,,,,,,,,
SPP,REST,ELOVL5,cns,"REST IP - PFSK-N-SH cells1 cells, Rep 1, REST IP - PFSK1 cells, Rep 2, REST IP - U87 cells, REST IP - SK cells",,,,,,,,,,,,
SPP,USF1,ELOVL5,stemcells,USF1 IP - H1 cells,,,,,,,,,,,,
SPP,YY1,ELOVL5,colon,YY1 IP - HCT116 cells,,,,,,,,,,,,
SPP,GATA2,ELOVL5,hspcs,GATA2 IP,,,,,,,,,,,,
SPP,THAP1,ELOVL5,leukocytes,THAP1 IP - K562 cells,,,,,,,,,,,,
SPP,E2F4,ELOVL5,mammarygland,E2F4 IP | 4HT - MCF10 cells,,,,,,,,,,,,
SPP,CTCF,ELOVL5,hspcs,"CTCF IP - Erythroid cells, Rep 2, CTCF IP - HSPCs, Rep 1",,,,,,,,,,,,
SPP,MXI1,ELOVL5,uterus,MXI1 IP - HeLa cells,,,,,,,,,,,,
SPP,USF1,ELOVL5,cns,"USF1 IP | ATRA - SK-N-SH cells, USF1 IP - SK-N-SH cells",,,,,,,,,,,,
SPP,ATRA,ELOVL5,cns,"USF1 IP | ATRA - SK-N-SH cells, YY1 IP | ATRA - SK-N-SH cells",,,,,,,,,,,,
SPP,YY1,ELOVL5,cns,"YY1 IP - SK-N-SH cells, YY1 IP | ATRA - SK-N-SH cells",,,,,,,,,,,,
SPP,IRF4,ELOVL5,leukocytes,IRF4 IP,,,,,,,,,,,,
SPP,E2F1,ELOVL5,prostate,"HES6 OE | E2F1 ChIP-Seq - Rep 1, BICALU | E2F1 ChIP-Seq - Rep 1",,,,,,,,,,,,
SPP,HES6,ELOVL5,prostate,HES6 OE | E2F1 ChIP-Seq - Rep 1,,,,,,,,,,,,
SPP,RELA,ELOVL5,leukocytes,"RELA IP | BAY082  - IVD Th1 cells, PIA, RELA IP | TNF - GM12891 cells",,,,,,,,,,,,
SPP,BAY082,ELOVL5,leukocytes,"RELA IP | BAY082  - IVD Th1 cells, PIA",,,,,,,,,,,,
SPP,HEY1,ELOVL5,leukocytes,HEY1 IP - K562 cells,,,,,,,,,,,,
SPP,HEY1,ELOVL5,liver,HEY1 IP - HepG2 cells,,,,,,,,,,,,
SPP,TCF7L2,ELOVL5,uterus,TCF7L2 IP - HeLa cells,,,,,,,,,,,,
SPP,MAX,ELOVL5,cns,MAX IP - SK-N-SH cells,,,,,,,,,,,,
SPP,GATA3,ELOVL5,mammarygland,"GATA3 IP - MCF-7 cells, GATA3 IP - MCF7 cells, GATA3 IP - T47D cells",,,,,,,,,,,,"24758297,24758297,"
SPP,TAL1,ELOVL5,leukocytes,TAL1 IP - K562 cells,,,,,,,,,,,,
SPP,STAT5B,ELOVL5,leukocytes,"STAT5B IP | H9RETR, Rep 2, STAT5B IP | H9, Rep 2",,,,,,,,,,,,
SPP,H9RETR,ELOVL5,leukocytes,"STAT5B IP | H9RETR, Rep 2",,,,,,,,,,,,
SPP,MXI1,ELOVL5,leukocytes,MXI1 IP - GM12878 cells,,,,,,,,,,,,
SPP,NFYA,ELOVL5,colon,NFYA IP ,,,,,,,,,,,,
SPP,UBTF,ELOVL5,leukocytes,UBTF IP - K562 cells,,,,,,,,,,,,
SPP,MAFK,ELOVL5,liver,"MAFK IP - HepG2 cells, Rep 1",,,,,,,,,,,,
SPP,ELF1,ELOVL5,cns,ELF1 IP - SK-N-SH cells,,,,,,,,,,,,
SPP,MYC,ELOVL5,lung,MYC IP - A549 cells,,,,,,,,,,,,
SPP,GABPA,ELOVL5,prostate,"GABPA IP - Rep 2, GABPA IP - Rep 1, GABPA IP | R1881",,,,,,,,,,,,
SPP,DEX,ELOVL5,mammarygland,"DEX | FOXA1 ChIP-Seq - Rep 1, DEX | FOXA1 ChIP-Seq - Rep 2, DEX | FOXA1 ChIP-Seq - Rep 2, DEX | FOXA1 ChIP-Seq - Rep 2",,,,,,,,,,,,
SPP,ATF2,ELOVL5,stemcells,ATF2 IP - H1 cells,,,,,,,,,,,,
SPP,HIF1A,ELOVL5,bone,HIF1A IP,,,,,,,,,,,,
SPP,CREB1,ELOVL5,uterus,CREB1 IP - ECC1 cells,,,,,,,,,,,,
SPP,GATA3,ELOVL5,cns,"GATA3 IP - SK-N-SH cells, GATA3 IP - SHSY5Y cells",,,,,,,,,,,,
SPP,E2F4,ELOVL5,leukocytes,E2F4 IP - K562 cells,,,,,,,,,,,,
SPP,GATA1,ELOVL5,hspcs,"GATA1 IP - PBDE cells, Rep 1",,,,,,,,,,,,
SPP,MAX,ELOVL5,uterus,"MAX IP - HeLa cells, Rep 2, MAX IP - ECC1 cells, MAX IP - HeLa cells, Rep 1",,,,,,,,,,,,
SPP,EGR1,ELOVL5,liver,EGR1 IP - MCF7 cells,,,,,,,,,,,,
SPP,USF1,ELOVL5,lung,"USF1 IP - A549 cells, Rep 1, USF1 IP | DEX - A549 cells, USF1 IP - A549 cells, Rep 2",,,,,,,,,,,,
SPP,RUNX1,ELOVL5,leukocytes,"SPI1 IP | RUNX1 KD, RUNX1 IP",,,,,,,,,,,,
SPP,REST,ELOVL5,liver,"REST IP - HepG2 cells, Rep 2",,,,,,,,,,,,
SPP,PBX3,ELOVL5,leukocytes,PBX3 IP - GM12878 cells,,,,,,,,,,,,
SPP,BHLHE40,ELOVL5,liver,BHLHE40 IP - HepG2 cells,,,,,,,,,,,,
SPP,SRF,ELOVL5,uterus,SRF IP - ECC1 cells,,,,,,,,,,,,
SPP,GATA1,ELOVL5,leukocytes,"GATA1 ChIP-Seq - SC266, GATA1 ChIP-Seq - K562",,,,,,,,,,,,
SPP,MYC,ELOVL5,mammarygland,"MYC IP, DHT | MYC ChIP-Seq, MYC IP - MCF-10A cells",,,,,,,,,,,,
SPP,FOXA2,ELOVL5,embryonictissue,FOXA2 IP - Rep 2,,,,,,,,,,,,
SPP,RBPJ,ELOVL5,leukocytes,RBPJ IP | COMPE - wash,,,,,,,,,,,,
SPP,COMPE,ELOVL5,leukocytes,RBPJ IP | COMPE - wash,,,,,,,,,,,,
SPP,ZEB1,ELOVL5,liver,ZEB1 IP - HepG2 cells,,,,,,,,,,,,
SPP,TEAD4,ELOVL5,stemcells,TEAD4 IP - H1 cells,,,,,,,,,,,,
SPP,CEBPB,ELOVL5,lung,"CEBPB ChIP-Seq - A549, CEBPB ChIP-Seq - IMR90",,,,,,,,,,,,
SPP,FOXA1,ELOVL5,pancreas,FOXA1 IP | KLF5 KO,,,,,,,,,,,,
SPP,GATA2,ELOVL5,cns,GATA2 ChIP-Seq SH-SY5Y,,,,,,,,,,,,
SPP,STAT3,ELOVL5,stemcells,"STAT3 IP - Rep 2 , STAT3 IP - Rep 1 , STAT3 IP - Rep 3 ",,,,,,,,,,,,
SPP,SIX2,ELOVL5,kidney,"SIX2 IP - 17 weeks, Rep 1, SIX2 IP - 17 weeks, Rep 2, SIX2 IP -  16 weeks",,,,,,,,,,,,
SPP,FOSL2,ELOVL5,mammarygland,FOSL2 IP - MCF7 cells,,,,,,,,,,,,
SPP,MAZ,ELOVL5,leukocytes,"MAZ IP - GM12878 cells, MAZ IP - K562 cells",,,,,,,,,,,,
SPP,USF1,ELOVL5,liver,USF1 IP - HepG2 cells,,,,,,,,,,,,
SPP,HOXA4,ELOVL5,colon,HOXA4 IP ,,,,,,,,,,,,
SPP,FOSL2,ELOVL5,liver,FOSL2 IP - HepG2 cells,,,,,,,,,,,,
SPP,ROSI,ELOVL5,adiposetissue,"ROSI (BrAT) | KLF11 ChIP-Seq, Rep 1, ROSI (BrAT) | KLF11 ChIP-Seq, Rep 2",,,,,,,,,,,,
SPP,FOXM1,ELOVL5,leukocytes,FOXM1 IP - GM12878 cells,,,,,,,,,,,,
SPP,REST,ELOVL5,stemcells,"REST IP - H1 cells, Rep 1",,,,,,,,,,,,
SPP,SOX2,ELOVL5,stemcells,SOX2 IP,,,,,,,,,,,,
SPP,FOXA2,ELOVL5,stemcells,"FOXA2 IP - ES D2, FOXA2 IP - ES D10, FOXA2 IP - ES D5, FOXA2 IP - Rep 5 , FOXA2 IP - ES D7",,,,,,,,,,,,
SPP,MYC,ELOVL5,bone,MYC IP,,,,,,,,,,,,
SPP,DHT,ELOVL5,mammarygland,"DHT | MYC ChIP-Seq, DHT | FOXA1 ChIP-Seq",,,,,,,,,,,,
SPP,NFKB1,ELOVL5,leukocytes,"NFKB1 IP - Rep 2, NFKB1 IP - Rep 1",,,,,,,,,,,,
SPP,TEAD4,ELOVL5,uterus,TEAD4 IP - ECC1 cells,,,,,,,,,,,,
SPP,GATA3,ELOVL5,lung,GATA3 IP - A549 cells,,,,,,,,,,,,
SPP,GTF2B,ELOVL5,uterus,GTF2B IP - Rep 2,,,,,,,,,,,,
SPP,REST,ELOVL5,lung,REST IP - A549 cells,,,,,,,,,,,,
SPP,H9,ELOVL5,leukocytes,"STAT5B IP | H9, Rep 2",,,,,,,,,,,,
SPP,JUN,ELOVL5,mammarygland,"JUN IP - Rep 1, JUN IP - Rep 2",,,,,,,,,,,,
SPP,USF2,ELOVL5,uterus,USF2 IP - HeLa cells,,,,,,,,,,,,
SPP,ELF1,ELOVL5,colon,ELF1 IP - HCT116 cells,,,,,,,,,,,,
SPP,GLI2,ELOVL5,colon,GLI2 IP ,,,,,,,,,,,,
SPP,USF1,ELOVL5,uterus,USF1 IP - ECC1 cells,,,,,,,,,,,,
SPP,TCF7L2,ELOVL5,mammarygland,TCF7L2 ChIP-Seq,,,,,,,,,,,,
SPP,ELF1,ELOVL5,mammarygland,ELF1 IP - MCF7 cells,,,,,,,,,,,,
SPP,JUN,ELOVL5,vasculature,"JUN IP, JUN IP - HUVEC cells",,,,,,,,,,,,
SPP,MXI1,ELOVL5,cns,MXI1 IP - SK-N-SH cells ,,,,,,,,,,,,
SPP,JUND,ELOVL5,cns,"JUND IP - SK-N-SH cells , JUND IP - SK-N-SH cells",,,,,,,,,,,,
SPP,ZBTB7A,ELOVL5,leukocytes,ZBTB7A IP - SK-N-SH cells,,,,,,,,,,,,
SPP,YY1,ELOVL5,liver,YY1 IP - HepG2 cells,,,,,,,,,,,,
SPP,USF1,ELOVL5,colon,USF1 IP - HCT116 cells,,,,,,,,,,,,
SPP,TCF12,ELOVL5,cns,TCF12 IP - SK-N-SH cells,,,,,,,,,,,,
SPP,BHLHE40,ELOVL5,leukocytes,"BHLHE40 IP - GM12878 cells, BHLHE40 IP - K562 cells",,,,,,,,,,,,
SPP,CEBPB,ELOVL5,uterus,CEBPB ChIP-Seq - HeLaS3,,,,,,,,,,,,
SPP,SP1,ELOVL5,stemcells,SP1 IP - H1 cells,,,,,,,,,,,,
SPP,CTCF,ELOVL5,vasculature,"CTCF IP - HUVEC cells, Rep 1 ",,,,,,,,,,,,
SPP,JUND,ELOVL5,liver,"JUND IP - HepG2 cells, JUND IP - HepG2 cells",,,,,,,,,,,,
SPP,TCF12,ELOVL5,uterus,TCF12 IP - ECC1 cells,,,,,,,,,,,,
SPP,E2F6,ELOVL5,stemcells,E2F6 IP - H1 cells,,,,,,,,,,,,
SPP,EGR1,ELOVL5,uterus,EGR1 IP - ECC1 cells,,,,,,,,,,,,
SPP,NFYA,ELOVL5,uterus,NFYA IP - HeLa cells,,,,,,,,,,,,
SPP,GABPA,ELOVL5,lung,GABPA IP - A549 cells,,,,,,,,,,,,
SPP,TBP,ELOVL5,stemcells,TBP IP - H1 cells,,,,,,,,,,,,
SPP,GTF2F1,ELOVL5,uterus,GTF2F1 IP - HeLa cells,,,,,,,,,,,,
SPP,MAX,ELOVL5,lung,MAX IP - A549 cells,,,,,,,,,,,,
SPP,ATF3,ELOVL5,colon,"ATF3 IP - HCT116 cells, ATF3 IP | CAMPTO",,,,,,,,,,,,
SPP,FOS,ELOVL5,uterus,FOS IP - HeLa cells,,,,,,,,,,,,
SPP,ZBTB7A,ELOVL5,liver,ZBTB7A IP - HepG2 cells,,,,,,,,,,,,
SPP,FOSL2,ELOVL5,cns,FOSL2 IP - SK-N-SH cells,,,,,,,,,,,,
SPP,JUN,ELOVL5,liver,JUN IP - HepG2 cells,,,,,,,,,,,,
SPP,TCF7L2,ELOVL5,pancreas,TCF7L2 IP,,,,,,,,,,,,
SPP,E2F1,ELOVL5,mammarygland,"E2F1 IP, E2F1 IP - MCF7 cells",,,,,,,,,,,,
SPP,BICALU,ELOVL5,prostate,BICALU | E2F1 ChIP-Seq - Rep 1,,,,,,,,,,,,
SPP,BACH1,ELOVL5,colon,BACH1 IP ,,,,,,,,,,,,
SPP,MAX,ELOVL5,vasculature,MAX IP - HUVEC cells,,,,,,,,,,,,
SPP,MXI1,ELOVL5,lung,MXI1 IP - IMR cells,,,,,,,,,,,,
SPP,CEBPB,ELOVL5,liver,CEBPB ChIP-Seq - HepG2,,,,,,,,,,,,
SPP,MTA3,ELOVL5,leukocytes,MTA3 IP - GM12878 cells,,,,,,,,,,,,
SPP,CEBPB,ELOVL5,mammarygland,CEBPB IP - MCF7 cells,,,,,,,,,,,,
SPP,JUND,ELOVL5,leukocytes,JUND IP - K562 cells,,,,,,,,,,,,
SPP,STAT3,ELOVL5,mammarygland,"STAT3 IP | 4HT - MCF10 cells, 36 h",,,,,,,,,,,,
SPP,FOSL1,ELOVL5,leukocytes,FOSL1 IP - K562 cells,,,,,,,,,,,,
SPP,MYBL2,ELOVL5,liver,MYBL2 IP - HepG2 cells,,,,,,,,,,,,
SPP,TEAD4,ELOVL5,colon,TEAD4 IP - HCT116 cells,,,,,,,,,,,,
SPP,YY1,ELOVL5,uterus,YY1 IP - ECC1 cells,,,,,,,,,,,,
SPP,GABPA,ELOVL5,cns,GABPA IP - SK-N-SH cells,,,,,,,,,,,,
SPP,ATF3,ELOVL5,leukocytes,ATF3 IP - K562 cells,,,,,,,,,,,,
SPP,USF1,ELOVL5,leukocytes,USF1 IP - K562 cells,,,,,,,,,,,,
SPP,MAX,ELOVL5,stemcells,MAX IP - H1 cells,,,,,,,,,,,,
SPP,GATA6,ELOVL5,stomach,GATA6 IP - YCC3,,,,,,,,,,,,
SPP,MYC,ELOVL5,uterus,MYC IP - HeLa cells,,,,,,,,,,,,
SPP,ATF1,ELOVL5,leukocytes,ATF1 IP - K562 cells,,,,,,,,,,,,
SPP,RELA,ELOVL5,colon,RELA IP ,,,,,,,,,,,,
SPP,CTCF,ELOVL5,mammarygland,CTCF IP - MCF7 cells,,,,,,,,,,,,
SPP,CREB1,ELOVL5,stemcells,CREB1 IP - H1 cells,,,,,,,,,,,,
SPP,JUND,ELOVL5,colon,JUND IP - HCT116 cells,,,,,,,,,,,,
SPP,TBP,ELOVL5,uterus,TBP IP - HeLa cells,,,,,,,,,,,,
SPP,STAT1,ELOVL5,uterus,"STAT1 IP | IFNG - HeLa cells, 30 min",,,,,,,,,,,,
SPP,IFNG,ELOVL5,uterus,"STAT1 IP | IFNG - HeLa cells, 30 min",,,,,,,,,,,,
SPP,NFKB2,ELOVL5,leukocytes,NFKB2 IP - Rep 1,,,,,,,,,,,,
SPP,CTCF,ELOVL5,liver,CTCF IP,,,,,,,,,,,,
SPP,ATF2,ELOVL5,colon,ATF2 IP ,,,,,,,,,,,,
SPP,TNF,ELOVL5,leukocytes,RELA IP | TNF - GM12891 cells,,,,,,,,,,,,
SPP,SP1,ELOVL5,leukocytes,SP1 IP - GM12878 cells,,,,,,,,,,,,
SPP,RUNX1,ELOVL5,hspcs,RUNX1,,,,,,,,,,,,
SPP,SATB1,ELOVL5,liver,SATB1 IP,,,,,,,,,,,,
SPP,TAL1,ELOVL5,colon,TAL1 IP ,,,,,,,,,,,,
SPP,ELF1,ELOVL5,liver,ELF1 IP - HepG2 cells,,,,,,,,,,,,
SPP,JUND,ELOVL5,vasculature,JUND IP,,,,,,,,,,,,
SPP,ZNF143,ELOVL5,leukocytes,ZNF143 IP - GM12878 cells,,,,,,,,,,,,
SPP,FOSL2,ELOVL5,lung,FOSL2 IP - A549 cells,,,,,,,,,,,,
SPP,CEBPB,ELOVL6,leukocytes,"CEBPB IP - HL-60 cells, Rep 2 , CEBPB IP | oxLDL  - Rep 208, CEBPB ChIP-Seq - K562, CEBPB IP - K562 cells, CEBPB IP - HL-60 cells, Rep 1 , CEBPB IP - Rep 204, CEBPB IP - Rep 203",,,,,,,,,,,,
SPP,SREBF2,ELOVL6,liver,SREBF2 IP | PRAV - HepG2 cells,,,,,,,,,,,,
SPP,PRAV,ELOVL6,liver,"SREBF2 IP | PRAV - HepG2 cells, SREBF1 IP | PRAV - HepG2 cells",,,,,,,,,,,,
SPP,NANOG,ELOVL6,stemcells,"NANOG IP - Rep 1, NANOG IP - Rep 8 , NANOG IP - Rep 5 , NANOG IP - Rep 9 ",,,,,,,,,,,,
SPP,GABPA,ELOVL6,leukocytes,"GABPA IP - GM12878 cells, Rep 4 , GABPA IP - Jurkat, Rep 1, GABPA IP - K562 cells, GABPA IP - Jurkat, Rep 2, GABPA IP - GM12878 cells, Rep 2 , GABPA IP - GM12878 cells, Rep 5 , GABPA IP - GM12878 cells, Rep 1 , GABPA IP - GM12878 cells, Rep 3 ",,,,,,,,,,,,
SPP,MYB,ELOVL6,leukocytes,"MYB IP - MOLT3, MYB IP - Jurkat, Rep 2, MYB IP - Jurkat, Rep 3, MYB IP - Jurkat, Rep 4, MYB IP - Jurkat, Rep 5",,,,,,,,,,,,
SPP,CREB1,ELOVL6,prostate,"CREB1 ChIP-Seq - LNCaP-abl, CREB1 ChIP-Seq - Rep 1, CREB1 ChIP-Seq - Rep 2, CREB1 siRNA | FOXA1 ChIP-Seq - Rep 1, FOXA1 siRNA | CREB1 ChIP-Seq - Rep 2, FOXA1 siRNA | CREB1 ChIP-Seq - Rep 1, CREB1 ChIP-Seq - LNCaP, CREB1 siRNA | FOXA1 ChIP-Seq - Rep 2",,,,,,,,,,,,
SPP,ELF1,ELOVL6,leukocytes,"ELF1 IP - SK-N-SH cells, ELF1 IP - SK-N-SH cells",,,,,,,,,,,,
SPP,SP1,ELOVL6,leukocytes,"SP1 IP - K562 cells, SP1 IP - GM12878 cells",,,,,,,,,,,,
SPP,MAX,ELOVL6,leukocytes,"MAX IP - K562 cells, Rep 2, MAX IP - K562 cells, MAX IP - GM12878 cells, MAX IP - NB4 cells",,,,,,,,,,,,
SPP,TEAD4,ELOVL6,cns,TEAD4 IP - SK-N-SH cells,,,,,,,,,,,,
SPP,FOXA1,ELOVL6,prostate,"CON KD + R1881 | FOXA1 ChIP-Seq - Rep 2, FOXA1 ChIP-Seq - LNCaP-abl, FOXA1 ChIP-Seq, CON KD + R1881 | FOXA1 ChIP-Seq - Rep 1, FOXA1 KD |Â GATA2 ChIP-Seq, PIAS1 + R1881 | FOXA1 ChIP-Seq - Rep 2, WT AR OE + FOXA1 OE | FOXA1 ChIP-Seq, FOXA1 ChIP-Seq - Rep 1, PIAS1 + R1881 | FOXA1 ChIP-Seq - Rep 1, FOXA1 ChIP-Seq - Rep 2, CREB1 siRNA | FOXA1 ChIP-Seq - Rep 1, WT AR OE + FOXA1 OE | FOXA1 ChIP-Seq - high FOXA1, FOXA1 ChIP-Seq, FOXA1 siRNA | CREB1 ChIP-Seq - Rep 2, EtOH | FOXA1 ChIP-Seq - , AR C562S OE + FOXA1 OE | FOXA1 ChIP-Seq, DHT | FOXA1 ChIP-Seq, EtOH | FOXA1 ChIP-Seq - Rep 2, R1881 | FOXA1 ChIP-Seq - Rep 1, FOXA1 siRNA | CREB1 ChIP-Seq - Rep 1, AR Q640X OE + FOXA1 OE | FOXA1 ChIP-Seq, CREB1 siRNA | FOXA1 ChIP-Seq - Rep 2, R1881 | FOXA1 ChIP-Seq - Rep 2",,,,,,,,,,,,
SPP,R1881,ELOVL6,prostate,"CON KD + R1881 | FOXA1 ChIP-Seq - Rep 2, GABPA IP | R1881, CON KD + R1881 | FOXA1 ChIP-Seq - Rep 1, PIAS1 + R1881 | FOXA1 ChIP-Seq - Rep 2, PIAS1 + R1881 | FOXA1 ChIP-Seq - Rep 1, R1881 | FOXA1 ChIP-Seq - Rep 1, R1881 | FOXA1 ChIP-Seq - Rep 2",,,,,,,,,,,,
SPP,GATA3,ELOVL6,mammarygland,"GATA3 IP - T47D cells, GATA3 IP - MCF7 cells",,,,,,,,,,,,
SPP,ZBTB7A,ELOVL6,uterus,ZBTB7A IP - ECC1 cells,,,,,,,,,,,,
SPP,RELA,ELOVL6,adiposetissue,"RELA IP, RELA IP, RELA IP",,,,,,,,,,,,
SPP,TP73,ELOVL6,bone,"TP73 IP - alpha isoform, Rep 1, TP73 IP - alpha isoform, Rep 2",,,,,,,,,,,,
SPP,TEAD4,ELOVL6,leukocytes,TEAD4 IP - K562 cells,,,,,,,,,,,,
SPP,FOXA2,ELOVL6,stemcells,"FOXA2 IP - ES D5, FOXA2 IP - ES D7, FOXA2 IP - ES D10, FOXA2 IP - ES D2",,,,,,,,,,,,
SPP,TBP,ELOVL6,leukocytes,"TBP IP - GM12878 cells, TBP IP - K562 cells",,,,,,,,,,,,
SPP,E2F1,ELOVL6,prostate,"E2F1 ChIP-Seq - Rep 3, HES6 OE | E2F1 ChIP-Seq - Rep 1, HES6 OE + BICALU | E2F1 ChIP-Seq - Rep 3, BICALU | E2F1 ChIP-Seq - Rep 1",,,,,,,,,,,,
SPP,SPI1,ELOVL6,leukocytes,"SPI1 IP - GM12878 cells, Rep 4 , SPI1 IP, SPI1 IP - K562 cells, SPI1 IP - GM12878 cells, Rep 2 , SPI1 IP, SPI1 IP | RUNX1 KD, SPI1 IP - HL cells, SPI1 IP, SPI1 IP, SPI1 IP, SPI1 IP - GM12891 cells, SPI1 IP, SPI1 IP - GM12878 cells, SPI1 IP",,,,,,,,,,,,
SPP,TEAD4,ELOVL6,liver,TEAD4 IP - HepG2 cells,,,,,,,,,,,,
SPP,MAX,ELOVL6,colon,MAX IP - HCT116 cells,,,,,,,,,,,,
SPP,USF1,ELOVL6,liver,USF1 IP - HepG2 cells,,,,,,,,,,,,
SPP,TFAP4,ELOVL6,leukocytes,"TFAP4 IP - Rep 1, TFAP4 IP - Rep 2",,,,,,,,,,,,
SPP,TAL1,ELOVL6,leukocytes,TAL1 IP - K562 cells,,,,,,,,,,,,
SPP,ZBTB17,ELOVL6,bone,ZBTB17 IP,,,,,,,,,,,,
SPP,TBP,ELOVL6,stemcells,TBP IP - H1 cells,,,,,,,,,,,,
SPP,JUN,ELOVL6,leukocytes,"JUN IP - K562 cells, Rep 2, JUN IP | IFNA1-13 - 30 min , JUN IP - K562 cells, Rep 1, JUN IP | IFNA1-13 - K562 cells, 6 h, JUN IP | IFNG - K562 cells, 30 min",,,,,,,,,,,,
SPP,EGR1,ELOVL6,leukocytes,EGR1 IP - K562 cells,,,,,,,,,,,,
SPP,HNF1B,ELOVL6,pancreas,HNF1B IP,,,,,,,,,,,,
SPP,MYC,ELOVL6,mammarygland,"MYC IP, MYC IP - MCF-10A cells, DHT | MYC ChIP-Seq, MYC IP | 4HT - MCF10A cells",,,,,,,,,,,,
SPP,UBTF,ELOVL6,leukocytes,"UBTF IP - K562 cells, UBTF IP - K562 cells",,,,,,,,,,,,
SPP,RUNX1,ELOVL6,hspcs,RUNX1,,,,,,,,,,,,
SPP,FOXA1,ELOVL6,stemcells,FOXA1 IP - Rep 5 ,,,,,,,,,,,,
SPP,FOSL1,ELOVL6,leukocytes,FOSL1 IP - K562 cells,,,,,,,,,,,,
SPP,CEBPB,ELOVL6,stemcells,"CEBPB IP, CEBPB IP, CEBPB IP, CEBPB IP, CEBPB IP, CEBPB IP, CEBPB IP, CEBPB IP, CEBPB IP, CEBPB IP",,,,,,,,,,,,
SPP,BHLHE40,ELOVL6,liver,BHLHE40 IP - HepG2 cells,,,,,,,,,,,,
SPP,CDX2,ELOVL6,colon,CDX2 IP | 125DVD3,,,,,,,,,,,,
SPP,125DVD3,ELOVL6,colon,"CDX2 IP | 125DVD3, CEBPB IP | 125DVD3",,,,,,,,,,,,
SPP,RELA,ELOVL6,leukocytes,"RELA IP | TNF - GM12891 cells, RELA IP | TNF - GM19193 cells, RELA IP - IVD Th1 cells, PIA, RELA IP | TNF - GM19099 cells",,,,,,,,,,,,
SPP,TNF,ELOVL6,leukocytes,"RELA IP | TNF - GM12891 cells, RELA IP | TNF - GM19193 cells",,,,,,,,,,,,
SPP,YY1,ELOVL6,leukocytes,"YY1 IP - GM12891 cells, YY1 IP - K562 cells, Rep 2, YY1 IP - K562 cells, Rep 1, YY1 IP - GM12878 cells, YY1 IP - GM12892 cells, Rep 1",,,,,,,,,,,,
SPP,TEAD4,ELOVL6,stemcells,TEAD4 IP - H1 cells,,,,,,,,,,,,
SPP,HEY1,ELOVL6,leukocytes,HEY1 IP - K562 cells,,,,,,,,,,,,
SPP,FOS,ELOVL6,mammarygland,"FOS IP - MCF10A cells, FOS IP | 4HT - MCF10A cells, 36 h, FOS IP | 4HT - MCF10A cells, 12 h, FOS IP | 4HT - MCF10A cells, 4 h",,,,,,,,,,,,
SPP,CEBPB,ELOVL6,bone,"CEBPB IP, CEBPB IP",,,,,,,,,,,,
SPP,STAT1,ELOVL6,leukocytes,STAT1 IP - Rep 3,,,,,,,,,,,,
SPP,IFNG,ELOVL6,leukocytes,"STAT1 IP - Rep 3, IRF1 IP | IFNG - K562 cells, 30 min, IRF1 IP | IFNG - K562 cells, 6 h, MYC IP | IFNG - K562 cells, 6 h, MYC IP | IFNG - K562 cells, 30 min, JUN IP | IFNG - K562 cells, 30 min",,,,,,,,,,,,
SPP,TP63,ELOVL6,skin,"TP63 IP, TP63 IP | BANF1 KD, TP63 IP, TP63 IP",,,,,,,,,,,,
SPP,POU2F2,ELOVL6,leukocytes,"POU2F2 IP - Rep 2, POU2F2 IP - GM12878 cells",,,,,,,,,,,,
SPP,PBX3,ELOVL6,cns,PBX3 IP - SK-N-SH cells,,,,,,,,,,,,
SPP,HEY1,ELOVL6,liver,HEY1 IP - HepG2 cells,,,,,,,,,,,,
SPP,FOXA1,ELOVL6,pancreas,"FOXA1 IP, FOXA1 IP | KLF5 KO, FOXA1 IP",,,,,,,,,,,,
SPP,CREB1,ELOVL6,liver,"CREB1 IP - HepG2 cells, CREB1 IP",,,,,,,,,,,,
SPP,CEBPB,ELOVL6,lung,"CEBPB ChIP-Seq - A549, CEBPB ChIP-Seq - IMR90, CEBPB IP - A549 cells",,,,,,,,,,,,
SPP,USF1,ELOVL6,uterus,USF1 IP - ECC1 cells,,,,,,,,,,,,
SPP,MXI1,ELOVL6,lung,MXI1 IP - IMR cells,,,,,,,,,,,,
SPP,CEBPB,ELOVL6,liver,"CEBPB IP | FORSK - HepG2 cells, CEBPB ChIP-Seq - HepG2, CEBPB IP - HepG2 cells",,,,,,,,,,,,
SPP,FORSK,ELOVL6,liver,CEBPB IP | FORSK - HepG2 cells,,,,,,,,,,,,
SPP,JUND,ELOVL6,cns,JUND IP - SK-N-SH cells,,,,,,,,,,,,
SPP,CEBPB,ELOVL6,colon,"CEBPB IP, CEBPB IP | 125DVD3, CEBPB IP - HCT116 cells",,,,,,,,,,,,
SPP,NFYB,ELOVL6,uterus,NFYB IP - HeLa cells,,,,,,,,,,,,
SPP,MXI1,ELOVL6,cns,MXI1 IP - SK-N-SH cells ,,,,,,,,,,,,
SPP,MYC,ELOVL6,liver,MYC IP,,,,,,,,,,,,
SPP,USF1,ELOVL6,lung,"USF1 IP | DEX - A549 cells, USF1 IP - A549 cells, Rep 1, USF1 IP - A549 cells, Rep 2",,,,,,,,,,,,
SPP,DEX,ELOVL6,lung,"USF1 IP | DEX - A549 cells, FOXA1 IP | DEX - A549 cells",,,,,,,,,,,,
SPP,IRF1,ELOVL6,leukocytes,"IRF1 IP | IFNG - K562 cells, 30 min, IRF1 IP | IFNG - K562 cells, 6 h, IRF1 IP | IFNA1-13 - K562 cells, 6 h",,,,,,,,,,,,
SPP,STAT3,ELOVL6,leukocytes,STAT3 IP - OCI-LY7,,,,,,,,,,,,
SPP,ERG,ELOVL6,prostate,"ERG ChIP-Seq, DHT | ERG ChIP-Seq - 18 h, DHT | ERG ChIP-Seq - 2 h, DMSO | ERG ChIP-Seq - Rep 2, DMSO | ERG ChIP-Seq - Rep 1",,,,,,,,,,,,
SPP,IFNA1,ELOVL6,leukocytes,"JUN IP | IFNA1-13 - 30 min , IRF1 IP | IFNA1-13 - K562 cells, 6 h, STAT2 IP | IFNA1-13 - K562 cells, 30 min, MYC IP | IFNA1 - K562 cells, 30 min, JUN IP | IFNA1-13 - K562 cells, 6 h, MYC IP | IFNA1 - K562 cells, 6 h",,,,,,,,,,,,
SPP,MAX,ELOVL6,uterus,"MAX IP - HeLa cells, Rep 1, MAX IP - ECC1 cells, MAX IP - HeLa cells, Rep 2",,,,,,,,,,,,
SPP,ELF1,ELOVL6,liver,ELF1 IP - HepG2 cells,,,,,,,,,,,,
SPP,GABPA,ELOVL6,prostate,"GABPA IP | R1881, GABPA IP - Rep 1, GABPA IP - Rep 2",,,,,,,,,,,,
SPP,HES6,ELOVL6,prostate,"HES6 OE | E2F1 ChIP-Seq - Rep 1, HES6 OE + BICALU | E2F1 ChIP-Seq - Rep 3",,,,,,,,,,,,
SPP,BHLHE40,ELOVL6,leukocytes,"BHLHE40 IP - K562 cells, BHLHE40 IP - GM12878 cells",,,,,,,,,,,,
SPP,E2F1,ELOVL6,mammarygland,"E2F1 IP - MCF7 cells, E2F1 IP",,,,,,,,,,,,
SPP,DHT,ELOVL6,prostate,"DHT | ERG ChIP-Seq - 18 h, DHT | ERG ChIP-Seq - 2 h, DHT | FOXA1 ChIP-Seq",,,,,,,,,,,,
SPP,NFYB,ELOVL6,leukocytes,"NFYB IP - GM12878 cells, NFYB IP - K562 cells",,,,,,,,,,,,
SPP,MYC,ELOVL6,leukocytes,"MYC IP - K562 cells, Rep 2, MYC IP | IFNG - K562 cells, 6 h, MYC IP | IFNG - K562 cells, 30 min, MYC IP | IFNA1 - K562 cells, 30 min, MYC IP - NB4 cells, MYC IP | IFNA1 - K562 cells, 6 h, MYC IP - K562 cells, Rep 1",,,,,,,,,,,,
SPP,E2F6,ELOVL6,leukocytes,"E2F6 IP - K562 cells, E2F6 IP - K562 cells",,,,,,,,,,,,
SPP,MAX,ELOVL6,stemcells,"MAX IP - H1 cells, MAX IP - H1 cells",,,,,,,,,,,,
SPP,FOXA1,ELOVL6,lung,"FOXA1 IP | DEX - A549 cells, FOXA1 IP - A549 cells",,,,,,,,,,,,
SPP,USF1,ELOVL6,colon,USF1 IP - HCT116 cells,,,,,,,,,,,,
SPP,REST,ELOVL6,cns,"REST IP - SK cells, REST IP - PFSK-N-SH cells1 cells, Rep 1",,,,,,,,,,,,
SPP,E2F6,ELOVL6,stemcells,E2F6 IP - H1 cells,,,,,,,,,,,,
SPP,YY1,ELOVL6,cns,"YY1 IP | ATRA - SK-N-SH cells, YY1 IP - SK-N-SH cells",,,,,,,,,,,,
SPP,ATRA,ELOVL6,cns,"YY1 IP | ATRA - SK-N-SH cells, USF1 IP | ATRA - SK-N-SH cells",,,,,,,,,,,,
SPP,NFKB2,ELOVL6,leukocytes,"NFKB2 IP - Rep 1, NFKB2 IP - Rep 2",,,,,,,,,,,,
SPP,ZBTB7A,ELOVL6,leukocytes,ZBTB7A IP - SK-N-SH cells,,,,,,,,,,,,
SPP,JUND,ELOVL6,leukocytes,JUND IP - K562 cells,,,,,,,,,,,,
SPP,TBP,ELOVL6,liver,TBP IP - HepG2 cells,,,,,,,,,,,,
SPP,EBF1,ELOVL6,leukocytes,"EBF1 IP - GM12878 cells, EBF1 IP - GM12878 cells",,,,,,,,,,,,
SPP,ATF2,ELOVL6,leukocytes,ATF2 IP - GM12878 cells,,,,,,,,,,,,
SPP,MYC,ELOVL6,uterus,MYC IP - HeLa cells,,,,,,,,,,,,
SPP,STAT2,ELOVL6,leukocytes,"STAT2 IP | IFNA1-13 - K562 cells, 30 min",,,,,,,,,,,,
SPP,YY1,ELOVL6,uterus,YY1 IP - ECC1 cells,,,,,,,,,,,,
SPP,FOXA1,ELOVL6,mammarygland,"17BE2 | FOXA1 ChIP-Seq, DHT | FOXA1 ChIP-Seq, FOXA1 IP - T47D cells, DEX | FOXA1 ChIP-Seq - Rep 1, FOXA1 ChIP-Seq - Rep 1",,,,,,,,,,,,
SPP,17BE2,ELOVL6,mammarygland,17BE2 | FOXA1 ChIP-Seq,,,,,,,,,,,,
SPP,MAX,ELOVL6,lung,MAX IP - A549 cells,,,,,,,,,,,,
SPP,MEF2A,ELOVL6,leukocytes,"MEF2A IP - K562 cells, MEF2A IP - GM12878 cells",,,,,,,,,,,,
SPP,BACH1,ELOVL6,stemcells,BACH1 IP - H1 cells,,,,,,,,,,,,
SPP,RUNX1T1,ELOVL6,leukocytes,RUNX1T1 IP,,,,,,,,,,,,
SPP,MXI1,ELOVL6,leukocytes,MXI1 IP - GM12878 cells,,,,,,,,,,,,
SPP,OTX2,ELOVL6,stemcells,OTX2 IP - Rep 10 ,,,,,,,,,,,,
SPP,REST,ELOVL6,stemcells,"REST IP - H1 cells, Rep 2, REST IP - H1 cells, Rep 1",,,,,,,,,,,,
SPP,MAFK,ELOVL6,lung,MAFK IP - IMR cells,,,,,,,,,,,,
SPP,GATA3,ELOVL6,cns,GATA3 IP - SK-N-SH cells,,,,,,,,,,,,
SPP,ARID3A,ELOVL6,leukocytes,ARID3A IP - K562 cells,,,,,,,,,,,,
SPP,MAZ,ELOVL6,liver,MAZ IP - HepG2 cells,,,,,,,,,,,,
SPP,ZNF263,ELOVL6,kidney,ZNF263 IP - HEK293 cells,,,,,,,,,,,,
SPP,DHT,ELOVL6,mammarygland,"DHT | FOXA1 ChIP-Seq, DHT | MYC ChIP-Seq",,,,,,,,,,,,
SPP,MAX,ELOVL6,liver,"MAX IP - MCF7 cells, MAX IP - HepG2 cells",,,,,,,,,,,,
SPP,FOS,ELOVL6,leukocytes,"FOS IP - GM12878 cells, FOS IP - K562 cells",,,,,,,,,,,,
SPP,ETS1,ELOVL6,leukocytes,"ETS1 IP - K562 cells, ETS1 IP - GM12878 cells, ETS1 IP",,,,,,,,,,,,
SPP,STAT5A,ELOVL6,leukocytes,"STAT5A IP - K562 cells, STAT5A IP - GM12878 cells",,,,,,,,,,,,
SPP,TCF12,ELOVL6,stemcells,TCF12 IP - H1 cells,,,,,,,,,,,,
SPP,ELF1,ELOVL6,colon,ELF1 IP - HCT116 cells,,,,,,,,,,,,
SPP,USF1,ELOVL6,cns,"USF1 IP - SK-N-SH cells, USF1 IP | ATRA - SK-N-SH cells",,,,,,,,,,,,
SPP,ELF3,ELOVL6,pancreas,"ELF3 IP, ELF3 IP, ELF3 IP | KLF5 KO",,,,,,,,,,,,
SPP,CREB1,ELOVL6,stemcells,CREB1 IP - H1 cells,,,,,,,,,,,,
SPP,NFYA,ELOVL6,leukocytes,NFYA IP - K562 cells,,,,,,,,,,,,
SPP,GATA2,ELOVL6,prostate,"FOXA1 KD |Â GATA2 ChIP-Seq, CON KD |Â GATA2 ChIP-Seq",,,,,,,,,,,,
SPP,FOXP2,ELOVL6,cns,FOXP2 IP - PFSK-1 cells,,,,,,,,,,,,
SPP,CREB1,ELOVL6,leukocytes,"CREB1 IP - GM12878 cells, CREB1 IP - K562 cells",,,,,,,,,,,,
SPP,MYBL2,ELOVL6,liver,MYBL2 IP - HepG2 cells,,,,,,,,,,,,
SPP,PIAS1,ELOVL6,prostate,"PIAS1 + R1881 | FOXA1 ChIP-Seq - Rep 2, PIAS1 + R1881 | FOXA1 ChIP-Seq - Rep 1",,,,,,,,,,,,
SPP,EGR1,ELOVL6,colon,EGR1 IP - HCT116 cells,,,,,,,,,,,,
SPP,ATF2,ELOVL6,stemcells,ATF2 IP - H1 cells,,,,,,,,,,,,
SPP,AR,ELOVL6,prostate,"WT AR OE + FOXA1 OE | FOXA1 ChIP-Seq, WT AR OE + FOXA1 OE | FOXA1 ChIP-Seq - high FOXA1, AR C562S OE + FOXA1 OE | FOXA1 ChIP-Seq, AR Q640X OE + FOXA1 OE | FOXA1 ChIP-Seq",,,,,,,,,,,,
SPP,GATA1,ELOVL6,hspcs,"GATA1 IP - PBDE cells, Rep 1",,,,,,,,,,,,
SPP,USF2,ELOVL6,leukocytes,USF2 IP - GM12878 cells,,,,,,,,,,,,
SPP,IKZF1,ELOVL6,leukocytes,IKZF1 IP - GM12878 cells,,,,,,,,,,,,
SPP,FOXA1,ELOVL6,liver,"FOXA1 IP - HepG2 cells, Rep 1, FOXA1 IP - HepG2 cells, Rep 2",,,,,,,,,,,,
SPP,YY1,ELOVL6,stemcells,YY1 IP - H1 cells,,,,,,,,,,,,
SPP,RUNX1,ELOVL6,leukocytes,SPI1 IP | RUNX1 KD,,,,,,,,,,,,
SPP,MAZ,ELOVL6,leukocytes,"MAZ IP - K562 cells, MAZ IP - GM12878 cells",,,,,,,,,,,,
SPP,ELF1,ELOVL6,cns,ELF1 IP - SK-N-SH cells,,,,,,,,,,,,
SPP,FOXA2,ELOVL6,embryonictissue,"FOXA2 IP - Rep 2, FOXA2 IP - Rep 1",,,,,,,,,,,,
SPP,JUND,ELOVL6,liver,JUND IP - HepG2 cells,,,,,,,,,,,,
SPP,GATA2,ELOVL6,cns,GATA2 ChIP-Seq SH-SY5Y,,,,,,,,,,,,
SPP,ZNF143,ELOVL6,leukocytes,"ZNF143 IP - GM12878 cells, ZNF143 IP - K562 cells",,,,,,,,,,,,
SPP,HMGN3,ELOVL6,leukocytes,HMGN3 IP - K562 cells,,,,,,,,,,,,
SPP,GTF2B,ELOVL6,leukocytes,GTF2B IP - K562 cells,,,,,,,,,,,,
SPP,CEBPB,ELOVL6,uterus,CEBPB ChIP-Seq - HeLaS3,,,,,,,,,,,,
SPP,ATF1,ELOVL6,leukocytes,ATF1 IP - K562 cells,,,,,,,,,,,,
SPP,NFKB1,ELOVL6,leukocytes,"NFKB1 IP - Rep 2, NFKB1 IP - Rep 1",,,,,,,,,,,,
SPP,ZBTB7A,ELOVL6,liver,ZBTB7A IP - HepG2 cells,,,,,,,,,,,,
SPP,GATA2,ELOVL6,leukocytes,"GATA2 IP - K562 cells, GATA2 IP - K562 cells",,,,,,,,,,,,
SPP,KLF5,ELOVL6,pancreas,"FOXA1 IP | KLF5 KO, ELF3 IP | KLF5 KO",,,,,,,,,,,,
SPP,JUND,ELOVL6,colon,JUND IP - HCT116 cells,,,,,,,,,,,,
SPP,SREBF1,ELOVL6,liver,"SREBF1 IP | PRAV - HepG2 cells, SREBF1 IP | INS + 22RHC - HepG2 cells",,,,,,,,,,",18226595,18226595",,
SPP,USF1,ELOVL6,stemcells,USF1 IP - H1 cells,,,,,,,,,,,,
SPP,EGR1,ELOVL6,stemcells,EGR1 IP - H1 cells,,,,,,,,,,,,
SPP,E2F1,ELOVL6,uterus,"E2F1 IP - HeLa cells, Rep 2, E2F1 IP - HeLa cells, Rep 1",,,,,,,,,,,,
SPP,4HT,ELOVL6,mammarygland,"FOS IP | 4HT - MCF10A cells, 36 h, FOS IP | 4HT - MCF10A cells, 12 h, FOS IP | 4HT - MCF10A cells, 4 h, MYC IP | 4HT - MCF10A cells",,,,,,,,,,,,
SPP,GATA3,ELOVL6,lung,GATA3 IP - A549 cells,,,,,,,,,,,,
SPP,USF1,ELOVL6,leukocytes,USF1 IP - K562 cells,,,,,,,,,,,,
SPP,GATA4,ELOVL6,stomach,GATA4 IP - AGS,,,,,,,,,,,,
SPP,BANF1,ELOVL6,skin,TP63 IP | BANF1 KD,,,,,,,,,,,,
SPP,ATF3,ELOVL6,colon,ATF3 IP | CAMPTO,,,,,,,,,,,,
SPP,CTCF,ELOVL6,colon,CTCF IP - HCT116 cells,,,,,,,,,,,,
SPP,REST,ELOVL6,liver,"REST IP - HepG2 cells, Rep 1, REST IP - HepG2 cells, Rep 2",,,,,,,,,,,,
SPP,SP1,ELOVL6,liver,SP1 IP - HepG2 cells,,,,,,,,,,,,
SPP,BICALU,ELOVL6,prostate,"HES6 OE + BICALU | E2F1 ChIP-Seq - Rep 3, BICALU | E2F1 ChIP-Seq - Rep 1",,,,,,,,,,,,
SPP,TP53,ELOVL6,mammarygland,TP53 IP,,,,,,,,,,,,
SPP,KLF11,ELOVL6,adiposetissue,"ROSI (BrAT) | KLF11 ChIP-Seq, Rep 1, KLF11 ChIP-Seq, Rep 2, ROSI (BrAT) | KLF11 ChIP-Seq, Rep 2",,,,,,,,,,,,
SPP,ROSI,ELOVL6,adiposetissue,"ROSI (BrAT) | KLF11 ChIP-Seq, Rep 1, ROSI (BrAT) | KLF11 ChIP-Seq, Rep 2",,,,,,,,,,,,
SPP,TEAD4,ELOVL6,colon,TEAD4 IP - HCT116 cells,,,,,,,,,,,,
SPP,MAX,ELOVL6,cns,MAX IP - SK-N-SH cells,,,,,,,,,,,,
SPP,GABPA,ELOVL6,liver,GABPA IP - HepG2 cells,,,,,,,,,,,,
SPP,TCF12,ELOVL6,liver,TCF12 IP - HepG2 cells,,,,,,,,,,,,
SPP,FOSL1,ELOVL6,colon,FOSL1 IP - HCT116 cells,,,,,,,,,,,,
SPP,CEBPB,ELOVL6,mammarygland,CEBPB IP - MCF7 cells,,,,,,,,,,,,
SPP,FOXA2,ELOVL6,liver,FOXA2 IP - HepG2 cells,,,,,,,,,,,,"19822575,19822575,"
SPP,FOSL2,ELOVL6,liver,FOSL2 IP - HepG2 cells,,,,,,,,,,,,
SPP,TCF12,ELOVL6,lung,TCF12 IP - A549 cells,,,,,,,,,,,,
SPP,SP1,ELOVL6,stemcells,SP1 IP - H1 cells,,,,,,,,,,,,
SPP,YY1,ELOVL6,lung,YY1 IP - A549 cells,,,,,,,,,,,,
SPP,FOXM1,ELOVL6,leukocytes,FOXM1 IP - GM12878 cells,,,,,,,,,,,,
SPP,MTA3,ELOVL6,leukocytes,MTA3 IP - GM12878 cells,,,,,,,,,,,,
SPP,DEX,ELOVL6,mammarygland,DEX | FOXA1 ChIP-Seq - Rep 1,,,,,,,,,,,,
SPP,TBP,ELOVL6,uterus,TBP IP - HeLa cells,,,,,,,,,,,,
SPP,MYC,ELOVL6,bone,MYC IP,,,,,,,,,,,,
SPP,GABPA,ELOVL6,cns,GABPA IP - SK-N-SH cells,,,,,,,,,,,,
SPP,22RHC; INS,ELOVL6,liver,SREBF1 IP | INS + 22RHC - HepG2 cells,,,,,,,,,,,,
SPP,MXI1,ELOVL6,liver,MXI1 IP - HepG2 cells,,,,,,,,,,,,
SPP,FOXA2,ELOVL6,lung,FOXA2 IP - A549 cells,,,,,,,,,,,,
SPP,SP1,ELOVL6,colon,SP1 IP - HCT116 cells,,,,,,,,,,,,
SPP,SP1,ELOVL6,lung,SP1 IP - A549 cells,,,,,,,,,,,,
SPP,FOSL1,ELOVL6,stemcells,FOSL1 IP - H1 cells,,,,,,,,,,,,
SPP,ERG,ELOVL6,leukocytes,ERG IP - Rep 1,,,,,,,,,,,,
SPP,ARID3A,ELOVL6,liver,ARID3A IP - HepG2 cells,,,,,,,,,,,,
SPP,YY1,ELOVL6,liver,YY1 IP - HepG2 cells,,,,,,,,,,,,
SPP,ZNF143,ELOVL6,uterus,ZNF143 IP - HeLa cells,,,,,,,,,,,,
SPP,ELF1,ELOVL6,mammarygland,ELF1 IP - MCF7 cells,,,,,,,,,,,,
SPP,GTF2B,ELOVL6,uterus,GTF2B IP - Rep 2,,,,,,,,,,,,
SPP,TCF12,ELOVL6,cns,TCF12 IP - SK-N-SH cells,,,,,,,,,,,,
SPP,ZNF143,ELOVL6,stemcells,ZNF143 IP - H1 cells,,,,,,,,,,,,
SPP,REST,ELOVL6,leukocytes,REST IP - K562 cells,,,,,,,,,,,,
SPP,ARNTL,ELOVL7,bone,ARNTL IP,,,,,,,,,,,,
SPP,CTCF,ELOVL7,cns,"CTCF IP - HCPEpiC cells, Rep 1 , CTCF IP - BE(2)-C cells, Rep 2 , CTCF IP - SK-N-SH cells , CTCF IP - SK-N-SH cells, Rep 2 , CTCF IP - SK cells, CTCF IP - spinal cord astrocyte cells, Rep 1 , CTCF IP - SK-N-SH cells, Rep 1 , CTCF IP - spinal cord astrocyte cells, Rep 2 , CTCF IP - BE(2)-C cells, Rep 1 ",,,,,,,,,,,,
SPP,HMGN3,ELOVL7,leukocytes,HMGN3 IP - K562 cells,,,,,,,,,,,,
SPP,YY1,ELOVL7,liver,YY1 IP - HepG2 cells,,,,,,,,,,,,
SPP,CTCF,ELOVL7,leukocytes,"CTCF IP - KU812 cells, Rep 13 , CTCF IP - GM12890 cells, Rep 1 , CTCF IP - UT-7 cells, Rep 3 , CTCF IP - KU812 cells, Rep 17 , CTCF IP - GM18486 cells, Rep 3 , CTCF IP - K562 cells, Rep 11 , CTCF IP - GM2255 cells, Rep 2 , CTCF IP - MS1 cells, Rep 3 , CTCF IP - GM2588 cells, Rep 1 , CTCF IP - F36P cells, Rep 15 , CTCF IP - K562 cells, Rep 1 , CTCF IP - GM2630 cells, Rep 2 , CTCF IP - GM12865 cells, Rep 2 , CTCF IP - GM11994 cells, Rep 1, CTCF IP - GM18951 cells, Rep 2 , CTCF IP - F36P cells, Rep 5 , CTCF IP - GM12864 cells, Rep 1 , CTCF IP - GM12869 cells , CTCF IP - F36P cells, Rep 6 , CTCF IP - GM12875 cells, Rep 1 , CTCF IP - GM2588 cells, Rep 2 , CTCF IP - F36P cells, Rep 9 , CTCF IP - MS1 cells, Rep 4 , CTCF IP - GM12891 cells, Rep 1 , CTCF IP - GM10847 cells, Rep 1 , CTCF IP - UT-7 cells, Rep 1 , CTCF IP - GM2255 cells, Rep 3 , CTCF IP - GM12868 cells , CTCF IP - GM12865 cells, Rep 1 , CTCF IP - GM19238 cells, Rep 2 , CTCF IP - KU812 cells, Rep 1 , CTCF IP - GM12873 cells, Rep 1 , CTCF IP - F36P cells, Rep 3 , CTCF IP - KU812 cells, Rep 9 , CTCF IP - GM19193 cells, Rep 1 , CTCF IP - GM12874 cells, Rep 2 , CTCF IP - F36P cells, Rep 1 , CTCF IP - GM19193 cells, Rep 2 , CTCF IP - GM12878 cells , CTCF IP - GM12866 cells , CTCF IP - GM18526 cells, Rep 1 , CTCF IP - K562 cells, Rep 14 , CTCF IP - GM11881 cells, CTCF IP - GM11894 cells, Rep 2, CTCF IP - F36P cells, Rep 11 , CTCF IP - GM06986 cells, CTCF IP - K562 cells, Rep 16 , CTCF IP - F36P cells, Rep 7 , CTCF IP - GM12892 cells, Rep 2 , CTCF IP - GM12873 cells, Rep 1 , CTCF IP - GM10847 cells, Rep 2 , CTCF IP - GM19099 cells, Rep 2 , CTCF IP - GM19099 cells, Rep 1 , CTCF IP - KU812 cells, Rep 5 , CTCF IP - GM2255 cells, Rep 1 , CTCF IP - GM12872 cells, Rep 3 , CTCF IP - GM12870 cells , CTCF IP - F36P cells, Rep 17 , CTCF IP - GM12867 cells , CTCF IP - GM12890 cells, Rep 2 , CTCF IP - GM12828 cells, CTCF IP - GM12864 cells, Rep 2 , CTCF IP - K562 cells, CTCF IP - F36P cells, Rep 19 , CTCF IP - GM19239 cells, Rep 1 , CTCF IP - GM12005 cells, Rep 2, CTCF IP - GM12878 cells, Rep 1 , CTCF IP - GM12875 cells, Rep 2 , CTCF ChIP-Seq - GM12878, CTCF IP - K562 cells, Rep 15 , CTCF IP - HeLa cells, Rep 2 , CTCF IP - GM2610 cells, Rep 2 , CTCF IP - GM12878 cells, Rep 2 , CTCF IP - GM19238 cells, Rep 1 , CTCF IP - GM19240 cells, Rep 2 , CTCF IP - GM18486 cells, Rep 2 , CTCF IP - GM12871 cells , CTCF IP - GM2588 cells, Rep 3 , CTCF IP - K562 cells, Rep 12 , CTCF IP - GM12872 cells, Rep 1 , CTCF IP - GM18526 cells, Rep 2 , CTCF IP - GM18505 cells, Rep 2 , CTCF IP - GM12878 cells, Rep 2 , CTCF IP - GM18486 cells, Rep 1 , CTCF IP - K562 cells , CTCF IP - F36P cells, Rep 2 , CTCF IP - MS1 cells, Rep 1 , CTCF IP - F36P cells, Rep 14 , CTCF IP - GM18951 cells, Rep 1 , CTCF IP - GM12892 cells, Rep 1 , CTCF IP - GM2610 cells, Rep 1 , CTCF IP - GM11994 cells, Rep 2, CTCF IP - K562 cells, CTCF IP - GM07346 cells, CTCF IP - MS1 cells, Rep 2 , CTCF IP - GM2630 cells, Rep 3 , CTCF IP - K562 cells, CTCF IP - F36P cells, Rep 10 , CTCF IP - GM12154 cells, Rep 2, CTCF IP - GM12890 cells, Rep 3 , CTCF IP - UT-7 cells, Rep 5 , CTCF IP - GM11831 cells, CTCF IP - GM18505 cells, Rep 1 , CTCF IP, CTCF IP - GM19239 cells, Rep 2 , CTCF IP - GM12891 cells, Rep 2 , CTCF IP - GM2610 cells, Rep 3 , CTCF IP - GM12874 cells, Rep 1 , CTCF IP - GM2630 cells, Rep 1 , CTCF IP - K562 cells, Rep 13 , CTCF IP - GM19240 cells, Rep 1 ",,,,,,,,,,,,
SPP,JUND,ELOVL7,leukocytes,JUND IP - K562 cells,,,,,,,,,,,,
SPP,SRF,ELOVL7,colon,SRF IP - HCT116 cells,,,,,,,,,,,,
SPP,GATA2,ELOVL7,prostate,"FOXA1 + FBS |Â GATA2 ChIP-Seq, CON KD |Â GATA2 ChIP-Seq, GATA2 ChIP-Seq - Rep 1, GATA2 KD + R1881 |Â GATA2 ChIP-Seq, CON KD + R1881 |Â GATA2 ChIP-Seq, GATA2 KD  |Â FOXA1 ChIP-Seq, CON KD  |Â GATA2 ChIP-Seq, CON KD + FBS |Â GATA2 ChIP-Seq, GATA2 KD + R1881 |Â FOXA1 ChIP-Seq, GATA2 ChIP-Seq - Rep 2, FOXA1 KD |Â GATA2 ChIP-Seq, GATA2 ChIP-Seq",,,,,,,,,,,,
SPP,FOXA1,ELOVL7,prostate,"FOXA1 + FBS |Â GATA2 ChIP-Seq, CON KD + R1881 | FOXA1 ChIP-Seq - Rep 2, FOXA1 KD | FOXA1 ChIP-Seq, FOXA1 siRNA | CREB1 ChIP-Seq - Rep 1, FOXA1 ChIP-Seq - LNCaP-abl, FOXA1 ChIP-Seq, DHT | FOXA1 ChIP-Seq, DHT | FOXA1 ChIP-Seq - C4- Rep 2B, FOXA1 ChIP-Seq, DHT | FOXA1 ChIP-Seq, FOXA1 KD | FOXA1 ChIP-Seq - Rep 1, PIAS1 + R1881 | FOXA1 ChIP-Seq - Rep 2, FOXA1 ChIP-Seq - Rep 1, CREB1 siRNA | FOXA1 ChIP-Seq - Rep 2, FOXA1 ChIP-Seq, PIAS1 + R1881 | FOXA1 ChIP-Seq - Rep 1, WT AR OE + FOXA1 OE | FOXA1 ChIP-Seq - high FOXA1, CON KD | FOXA1 ChIP-Seq, EtOH | FOXA1 ChIP-Seq - Rep 2, FOXA1 KD | FOXA1 ChIP-Seq - Rep 2, AR C562S OE + FOXA1 OE | FOXA1 ChIP-Seq, CON KD + R1881 |Â FOXA1 ChIP-Seq, FOXA1 ChIP-Seq, R1881 | FOXA1 ChIP-Seq - Rep 1, FOXA1 siRNA | CREB1 ChIP-Seq - Rep 2, FOXA1 ChIP-Seq - VCaP, FOXA1 ChIP-Seq, FOXA1 ChIP-Seq - LNCaP, FOXA1 ChIP-Seq - Rep 1, GATA2 KD  |Â FOXA1 ChIP-Seq, DHT | FOXA1 ChIP-Seq, CON KD | FOXA1 ChIP-Seq, FOXA1 ChIP-Seq - C4- Rep 2B, POU2F1 KD + DHT | FOXA1 ChIP-Seq, CON KD  |Â FOXA1 ChIP-Seq, FOXA1 ChIP-Seq, CON KD + R1881 | FOXA1 ChIP-Seq - Rep 1, WT AR OE + FOXA1 OE | FOXA1 ChIP-Seq, DHT | FOXA1 ChIP-Seq, FOXA1 ChIP-Seq - Rep 2, EtOH | FOXA1 ChIP-Seq - , FOXA1 ChIP-Seq - Rep 2, CREB1 siRNA | FOXA1 ChIP-Seq - Rep 1, GATA2 KD + R1881 |Â FOXA1 ChIP-Seq, DHT | FOXA1 ChIP-Seq, R1881 | FOXA1 ChIP-Seq - Rep 2, AR Q640X OE + FOXA1 OE | FOXA1 ChIP-Seq, FOXA1 KD |Â GATA2 ChIP-Seq, CON KD |Â FOXA1 ChIP-Seq, FOXA1 KD | FOXA1 ChIP-Seq",,,,,,,,,,,,
SPP,JUND,ELOVL7,stemcells,"JUND IP - H1 cells, JUND IP - H1 cells",,,,,,,,,,,,
SPP,R1881,ELOVL7,prostate,"CON KD + R1881 | FOXA1 ChIP-Seq - Rep 2, ERG IP | R1881, PIAS1 + R1881 | FOXA1 ChIP-Seq - Rep 2, PIAS1 + R1881 | FOXA1 ChIP-Seq - Rep 1, GABPA IP | R1881, GATA2 KD + R1881 |Â GATA2 ChIP-Seq, CON KD + R1881 |Â FOXA1 ChIP-Seq, R1881 | FOXA1 ChIP-Seq - Rep 1, CON KD + R1881 |Â GATA2 ChIP-Seq, CON KD + R1881 | FOXA1 ChIP-Seq - Rep 1, GATA2 KD + R1881 |Â FOXA1 ChIP-Seq, R1881 | FOXA1 ChIP-Seq - Rep 2",,,,,,,,,,,,
SPP,ELF1,ELOVL7,leukocytes,ELF1 IP - SK-N-SH cells,,,,,,,,,,,,
SPP,USF1,ELOVL7,cns,USF1 IP | ATRA - SK-N-SH cells,,,,,,,,,,,,
SPP,ATRA,ELOVL7,cns,USF1 IP | ATRA - SK-N-SH cells,,,,,,,,,,,,
SPP,MAX,ELOVL7,uterus,"MAX IP - ECC1 cells, MAX IP - HeLa cells, Rep 1, MAX IP - HeLa cells, Rep 2",,,,,,,,,,,,
SPP,CTCF,ELOVL7,lung,"CTCF IP - NHLF cells , CTCF IP - SAEC cells, Rep 1 , CTCF IP | DEX - A549 cells , CTCF IP - A549 cells , CTCF IP - SAEC cells, Rep 2 , CTCF IP - HPF cells, Rep 1 , CTCF IP - AG04450 cells, Rep 1 , CTCF IP - IMR cells, CTCF IP - AG04450 cells, Rep 2 , CTCF IP - HPF cells, Rep 2 , CTCF ChIP-Seq - A549, CTCF IP - A549 cells, CTCF IP - A549 cells, Rep 2 , CTCF IP | DEX - A549 cells, CTCF IP - NHLF cells ",,,,,,,,,,,,
SPP,USF1,ELOVL7,stemcells,USF1 IP - H1 cells,,,,,,,,,,,,
SPP,USF2,ELOVL7,stemcells,USF2 IP - H1 cells,,,,,,,,,,,,
SPP,FOSL2,ELOVL7,lung,FOSL2 IP - A549 cells,,,,,,,,,,,,
SPP,FOSL2,ELOVL7,liver,FOSL2 IP - HepG2 cells,,,,,,,,,,,,
SPP,CTCF,ELOVL7,liver,"CTCF IP, CTCF IP - SK-N-SH cells, CTCF IP - HepG2 cells, Rep 2 , CTCF IP - HepG2 cells, Rep 1 ",,,,,,,,,,,,
SPP,JUND,ELOVL7,uterus,JUND IP - HeLa cells,,,,,,,,,,,,
SPP,ERG,ELOVL7,prostate,"ERG IP - Rep 1, ERG IP | R1881, ERG ChIP-Seq, JQI | ERG ChIP-Seq - Rep 1, DMSO | ERG ChIP-Seq - Rep 2, ERG ChIP-Seq, DHT | ERG ChIP-Seq - 18 h, DHT | ERG ChIP-Seq - 2 h, DMSO | ERG ChIP-Seq - Rep 1",,,,,,,,,,,,
SPP,CTCF,ELOVL7,sensory,"CTCF IP - WERI-Rb-1- cells, Rep 1 , CTCF IP - HRPEpiC cells, Rep 1 , CTCF IP - HRPEpiC cells, Rep 2 , CTCF IP - WERI ",,,,,,,,,,,,
SPP,CTCF,ELOVL7,hspcs,"CTCF IP - Erythroid cells, Rep 1, CTCF IP - HEL 92.1.7 cells, Rep 11 , CTCF IP - HSPCs, Rep 1, CTCF IP - HEL 92.1.7 cells, Rep 14 , CTCF IP - HEL 92.1.7 cells, Rep 8 , CTCF IP - HEL 92.1.7 cells, Rep 5 , CTCF IP - Erythroid cells, Rep 2, CTCF IP - HSPCs, Rep 2, CTCF IP - HEL 92.1.7 cells, Rep 2 ",,,,,,,,,,,,
SPP,GATA3,ELOVL7,mammarygland,"GATA3 IP - MCF7 cells, GATA3 IP - T47D cells",,,,,,,,,,,,
SPP,FOS,ELOVL7,mammarygland,"FOS IP - MCF10A cells, FOS IP | 4HT - MCF10A cells, 12 h, FOS IP | 4HT - MCF10A cells, 4 h, FOS IP | 4HT - MCF10A cells, 36 h",,,,,,,,,,,,
SPP,CREB1,ELOVL7,prostate,"FOXA1 siRNA | CREB1 ChIP-Seq - Rep 1, CREB1 ChIP-Seq - LNCaP, CREB1 ChIP-Seq - LNCaP-abl, CREB1 siRNA | FOXA1 ChIP-Seq - Rep 2, CREB1 ChIP-Seq - Rep 2, FOXA1 siRNA | CREB1 ChIP-Seq - Rep 2, CREB1 ChIP-Seq - Rep 1, CREB1 siRNA | FOXA1 ChIP-Seq - Rep 1",,,,,,,,,,,,
SPP,CTCF,ELOVL7,stemcells,"CTCF IP - Rep 5 , CTCF IP - H1 cells, CTCF IP - Rep 7 , CTCF IP - H1 cells , CTCF IP - Rep 4 , CTCF IP - Rep 6 ",,,,,,,,,,,,
SPP,E2F1,ELOVL7,prostate,"E2F1 ChIP-Seq - Rep 1, HES6 OE + BICALU | E2F1 ChIP-Seq - Rep 3, HES6 OE | E2F1 ChIP-Seq - Rep 4, BICALU | E2F1 ChIP-Seq - Rep 1, BICALU | E2F1 ChIP-Seq - Rep 2, BICALU + HES6OE | E2F1 ChIP-Seq - Rep 4, BICALU | E2F1 ChIP-Seq - Rep 3, HES6 OE | E2F1 ChIP-Seq - Rep 3, E2F1 ChIP-Seq - Rep 2, E2F1 ChIP-Seq - Rep 3, HES6 OE + BICALU | E2F1 ChIP-Seq - Rep 1, HES6 OE | E2F1 ChIP-Seq - Rep 1, E2F1 ChIP-Seq - Rep 4, BICALU + HES6 OE | E2F1 ChIP-Seq - Rep 2",,,,,,,,,,,,
SPP,CREB1,ELOVL7,liver,"CREB1 IP, CREB1 IP, CREB1 IP - HepG2 cells",,,,,,,,,,,,
SPP,MAX,ELOVL7,leukocytes,"MAX IP - K562 cells, Rep 2, MAX IP - K562 cells",,,,,,,,,,,,
SPP,ZNF143,ELOVL7,leukocytes,ZNF143 IP - GM12878 cells,,,,,,,,,,,,
SPP,E2F6,ELOVL7,leukocytes,"E2F6 IP - K562 cells, E2F6 IP - K562 cells",,,,,,,,,,,,
SPP,CEBPB,ELOVL7,stemcells,"CEBPB IP, CEBPB IP - H1 cells, CEBPB IP, CEBPB IP, CEBPB IP",,,,,,,,,,,,
SPP,ZNF263,ELOVL7,kidney,ZNF263 IP - HEK293 cells,,,,,,,,,,,,
SPP,HEY1,ELOVL7,leukocytes,HEY1 IP - K562 cells,,,,,,,,,,,,
SPP,FOXA1,ELOVL7,mammarygland,"DEX | FOXA1 ChIP-Seq - Rep 1, 17BE2 | FOXA1 ChIP-Seq, FOXA1 ChIP-Seq - Rep 2, TNF | FOXA1 ChIP-Seq - Rep 1, 17BE2 | FOXA1 ChIP-Seq - Rep 1, DHT | FOXA1 ChIP-Seq, DEX | FOXA1 ChIP-Seq - Rep 2, 17BE2 | FOXA1 ChIP-Seq - Rep 2, FOXA1 IP - T47D cells, FOXA1 ChIP-Seq - Rep 1",,,,,,,,,,,,
SPP,DEX,ELOVL7,mammarygland,"DEX | FOXA1 ChIP-Seq - Rep 1, DEX | FOXA1 ChIP-Seq - Rep 2",,,,,,,,,,,,
SPP,MAX,ELOVL7,liver,"MAX IP - MCF7 cells, MAX IP - HepG2 cells",,,,,,,,,,,,
SPP,USF1,ELOVL7,leukocytes,"USF1 IP - GM12878 cells, USF1 IP - K562 cells",,,,,,,,,,,,
SPP,BICALU,ELOVL7,prostate,"HES6 OE + BICALU | E2F1 ChIP-Seq - Rep 3, BICALU | E2F1 ChIP-Seq - Rep 1, BICALU | E2F1 ChIP-Seq - Rep 2, BICALU + HES6OE | E2F1 ChIP-Seq - Rep 4, BICALU | E2F1 ChIP-Seq - Rep 3, HES6 OE + BICALU | E2F1 ChIP-Seq - Rep 1, BICALU + HES6 OE | E2F1 ChIP-Seq - Rep 2",,,,,,,,,,,,
SPP,HES6,ELOVL7,prostate,"HES6 OE + BICALU | E2F1 ChIP-Seq - Rep 3, HES6 OE | E2F1 ChIP-Seq - Rep 4, BICALU + HES6OE | E2F1 ChIP-Seq - Rep 4, HES6 OE | E2F1 ChIP-Seq - Rep 3, HES6 OE + BICALU | E2F1 ChIP-Seq - Rep 1, HES6 OE | E2F1 ChIP-Seq - Rep 1, BICALU + HES6 OE | E2F1 ChIP-Seq - Rep 2",,,,,,,,,,,,
SPP,CTCF,ELOVL7,skin,"CTCF IP - NHDF cells, Rep 2 , CTCF IP - HFFC cells, Rep 3 , CTCF IP - GM12878 cells, Rep 2 , CTCF IP - HFFC cells, Rep 1 , CTCF IP - AG04449 cells, Rep 1 , CTCF IP - AG04449 cells, Rep 2 , CTCF IP - BJ cells, Rep 1 , CTCF IP - BJ cells, Rep 2 ",,,,,,,,,,,,
SPP,STAT3,ELOVL7,leukocytes,STAT3 IP - SU-DHL-6,,,,,,,,,,,,
SPP,EGR1,ELOVL7,colon,EGR1 IP - HCT116 cells,,,,,,,,,,,,
SPP,JUND,ELOVL7,vasculature,JUND IP,,,,,,,,,,,,
SPP,17BE2,ELOVL7,mammarygland,"17BE2 | FOXA1 ChIP-Seq, 17BE2 | FOXA1 ChIP-Seq - Rep 1, 17BE2 | FOXA1 ChIP-Seq - Rep 2",,,,,,,,,,,,
SPP,TCF12,ELOVL7,uterus,TCF12 IP - ECC1 cells,,,,,,,,,,,,
SPP,GATA6,ELOVL7,stemcells,"GATA6 IP - Rep 5 , GATA6 IP - Rep 1 , GATA6 IP - Rep 7 ",,,,,,,,,,,,
SPP,DHT,ELOVL7,prostate,"DHT | FOXA1 ChIP-Seq, DHT | FOXA1 ChIP-Seq - C4- Rep 2B, DHT | FOXA1 ChIP-Seq, DHT | FOXA1 ChIP-Seq, POU2F1 KD + DHT | FOXA1 ChIP-Seq, DHT | ERG ChIP-Seq - 18 h, DHT | ERG ChIP-Seq - 2 h, DHT | FOXA1 ChIP-Seq, DHT | FOXA1 ChIP-Seq",,,,,,,,,,,,
SPP,JUND,ELOVL7,liver,JUND IP - HepG2 cells,,,,,,,,,,,,
SPP,CEBPB,ELOVL7,colon,CEBPB IP - HCT116 cells,,,,,,,,,,,,
SPP,ZBTB7A,ELOVL7,leukocytes,ZBTB7A IP - SK-N-SH cells,,,,,,,,,,,,
SPP,JUND,ELOVL7,colon,JUND IP - HCT116 cells,,,,,,,,,,,,
SPP,BHLHE40,ELOVL7,leukocytes,"BHLHE40 IP - GM12878 cells, BHLHE40 IP - K562 cells",,,,,,,,,,,,
SPP,CREB1,ELOVL7,stemcells,CREB1 IP - H1 cells,,,,,,,,,,,,
SPP,SRF,ELOVL7,stemcells,"SRF IP - Rep 6 , SRF IP - Rep 5 , SRF IP - Rep 4 , SRF IP - Rep 7 ",,,,,,,,,,,,
SPP,DEX,ELOVL7,lung,"CTCF IP | DEX - A549 cells , CREB1 IP | DEX - A549 cells, CTCF IP | DEX - A549 cells",,,,,,,,,,,,
SPP,TBP,ELOVL7,stemcells,TBP IP - H1 cells,,,,,,,,,,,,
SPP,RELA,ELOVL7,adiposetissue,"RELA IP, RELA IP",,,,,,,,,,,,
SPP,GABPA,ELOVL7,prostate,"GABPA IP - Rep 1, GABPA IP | R1881",,,,,,,,,,,,
SPP,CTCF,ELOVL7,mammarygland,"CTCF IP - T47D cells, CTCF IP - HMEC cells, Rep 1 , CTCF IP - HMF cells, Rep 2 , CTCF IP - MCF-7 cells Rep 2 , CTCF IP - MCF-7 cells, Rep 1 , CTCF IP - HMEC cells, Rep 2 , CTCF IP - MCF7 cells",,,,,,,,,,,,
SPP,MAX,ELOVL7,lung,MAX IP - A549 cells,,,,,,,,,,,,
SPP,FOSL1,ELOVL7,leukocytes,FOSL1 IP - K562 cells,,,,,,,,,,,,
SPP,GATA1,ELOVL7,hspcs,"GATA1 IP - Rep 3, GATA1 IP - Rep 2, GATA1 IP - Rep 1",,,,,,,,,,,,
SPP,SMAD1,ELOVL7,stemcells,SMAD1 IP - Rep 7 ,,,,,,,,,,,,
SPP,ZNF263,ELOVL7,leukocytes,ZNF263 IP - K562 cells,,,,,,,,,,,,
SPP,ATF3,ELOVL7,colon,"ATF3 IP - HCT116 cells, ATF3 IP | CAMPTO, ATF3 IP",,,,,,,,,,,,
SPP,JUN,ELOVL7,mammarygland,"JUN IP - Rep 1, JUN IP - Rep 2",,,,,,,,,,,,
SPP,CTCF,ELOVL7,megakaryocytelineage,"CTCF IP - MEG-01 cells, Rep 8 , CTCF IP - MEG-01 cells, Rep 6 , CTCF IP - MEG-01 cells, Rep 2 , CTCF IP - MEG-01 cells, Rep 4 , CTCF IP - MEG-01 cells, Rep 10 ",,,,,,,,,,,,
SPP,GATA4,ELOVL7,stemcells,"GATA4 IP - Rep 12 , GATA4 IP - Rep 8 , GATA4 IP - Rep 3 , GATA4 IP - Rep 11 , GATA4 IP - Rep 9 , GATA4 IP - Rep 10 ",,,,,,,,,,,,
SPP,EBF1,ELOVL7,leukocytes,"EBF1 IP - GM12878 cells, EBF1 IP - GM12878 cells",,,,,,,,,,,,
SPP,4HT,ELOVL7,mammarygland,"FOS IP | 4HT - MCF10A cells, 12 h, FOS IP | 4HT - MCF10A cells, 4 h, STAT3 IP | 4HT - MCF10 cells, 36 h, FOS IP | 4HT - MCF10A cells, 36 h, E2F4 IP | 4HT - MCF10 cells",,,,,,,,,,,,
SPP,JUN,ELOVL7,vasculature,"JUN IP, JUN IP - HUVEC cells",,,,,,,,,,,,
SPP,FOSL1,ELOVL7,colon,FOSL1 IP - HCT116 cells,,,,,,,,,,,,
SPP,PIAS1,ELOVL7,prostate,"PIAS1 + R1881 | FOXA1 ChIP-Seq - Rep 2, PIAS1 + R1881 | FOXA1 ChIP-Seq - Rep 1",,,,,,,,,,,,
SPP,MYC,ELOVL7,leukocytes,"MYC IP | IFNG - K562 cells, 6 h, MYC IP | IFNG - K562 cells, 30 min, MYC IP - K562 cells, Rep 1",,,,,,,,,,,,
SPP,IFNG,ELOVL7,leukocytes,"MYC IP | IFNG - K562 cells, 6 h, MYC IP | IFNG - K562 cells, 30 min, STAT1 IP - Rep 5, STAT1 IP - Rep 1, STAT1 IP - Rep 4, STAT1 IP - Rep 3",,,,,,,,,,,,
SPP,E2F1,ELOVL7,mammarygland,E2F1 IP - MCF7 cells,,,,,,,,,,,,
SPP,TP53,ELOVL7,mammarygland,"TP53 IP, TP53 IP | NUTL3 - MCF-7",,,,,,,,,,,,
SPP,USF1,ELOVL7,liver,USF1 IP - HepG2 cells,,,,,,,,,,,,
SPP,TBP,ELOVL7,leukocytes,TBP IP - K562 cells,,,,,,,,,,,,
SPP,USF1,ELOVL7,uterus,USF1 IP - ECC1 cells,,,,,,,,,,,,
SPP,YY1,ELOVL7,leukocytes,"YY1 IP - K562 cells, Rep 2, YY1 IP - GM12878 cells, YY1 IP - GM12892 cells, Rep 1, YY1 IP - GM12891 cells, YY1 IP - K562 cells, Rep 1",,,,,,,,,,,,
SPP,AR,ELOVL7,prostate,"WT AR OE + FOXA1 OE | FOXA1 ChIP-Seq - high FOXA1, AR C562S OE + FOXA1 OE | FOXA1 ChIP-Seq, WT AR OE + FOXA1 OE | FOXA1 ChIP-Seq, AR Q640X OE + FOXA1 OE | FOXA1 ChIP-Seq",,,,,,,,,,,,
SPP,CTCF,ELOVL7,kidney,"CTCF IP - HEK293 cells, Rep 2 , CTCF IP - HRE cells, Rep 2 , CTCF IP - HEK293 cells, Rep 1 , CTCF IP - RPTEC cells, Rep 1 , CTCF IP - RPTEC cells, Rep 2 ",,,,,,,,,,,,
SPP,UBTF,ELOVL7,leukocytes,UBTF IP - K562 cells,,,,,,,,,,,,
SPP,ZNF143,ELOVL7,stemcells,ZNF143 IP - H1 cells,,,,,,,,,,,,
SPP,EGR1,ELOVL7,leukocytes,EGR1 IP - K562 cells,,,,,,,,,,,,
SPP,RELA,ELOVL7,lung,RELA IP | TNF,,,,,,,,,,,,
SPP,TNF,ELOVL7,lung,RELA IP | TNF,,,,,,,,,,,,
SPP,USF1,ELOVL7,colon,USF1 IP - HCT116 cells,,,,,,,,,,,,
SPP,CTCF,ELOVL7,adiposetissue,CTCF ChIP-Seq - d 9,,,,,,,,,,,,
SPP,CTCF,ELOVL7,colon,"CTCF IP - Rep 2 , CTCF IP - Caco , CTCF IP - HCT116 cells, CTCF IP - HCT116 cells, Rep 1 , CTCF IP - HCT116 cells, Rep 2 , CTCF IP - Caco-2 cells, Rep 1 ",,,,,,,,,,,,
SPP,JQ1,ELOVL7,prostate,JQI | ERG ChIP-Seq - Rep 1,,,,,,,,,,,,
SPP,STAT3,ELOVL7,mammarygland,"STAT3 IP | 4HT - MCF10 cells, 36 h",,,,,,,,,,,,
SPP,MXI1,ELOVL7,cns,MXI1 IP - SK-N-SH cells ,,,,,,,,,,,,
SPP,MAX,ELOVL7,stemcells,MAX IP - H1 cells,,,,,,,,,,,,
SPP,GATA4,ELOVL7,stomach,GATA4 IP - AGS,,,,,,,,,,,,
SPP,FOS,ELOVL7,vasculature,FOS IP - HUVEC cells,,,,,,,,,,,,
SPP,TNF,ELOVL7,mammarygland,TNF | FOXA1 ChIP-Seq - Rep 1,,,,,,,,,,,,
SPP,RUNX1,ELOVL7,hspcs,RUNX1,,,,,,,,,,,,
SPP,CTCF,ELOVL7,vasculature,"CTCF IP - HBMEC cells, Rep 1 , CTCF IP - HUVEC cells , CTCF IP - HUVEC cells, Rep 2 , CTCF IP - HUVEC cells, Rep 1 , CTCF IP - AoAFC cells, Rep 1 ",,,,,,,,,,,,
SPP,CREB1,ELOVL7,lung,"CREB1 IP | DEX - A549 cells, CREB1 IP - A549 cells, Rep 2",,,,,,,,,,,,
SPP,SP1,ELOVL7,colon,SP1 IP - HCT116 cells,,,,,,,,,,,,
SPP,HIF1A,ELOVL7,bone,HIF1A IP,,,,,,,,,,,,
SPP,IRF4,ELOVL7,leukocytes,IRF4 IP,,,,,,,,,,,,
SPP,E2F1,ELOVL7,uterus,"E2F1 IP - HeLa cells, Rep 2, E2F1 IP - HeLa cells, Rep 1",,,,,,,,,,,,
SPP,FOXA2,ELOVL7,embryonictissue,"FOXA2 IP - Rep 2, FOXA2 IP - Rep 1",,,,,,,,,,,,
SPP,GATA2,ELOVL7,leukocytes,GATA2 IP - K562 cells,,,,,,,,,,,,
SPP,MYC,ELOVL7,mammarygland,DHT | MYC ChIP-Seq,,,,,,,,,,,,
SPP,DHT,ELOVL7,mammarygland,"DHT | MYC ChIP-Seq, DHT | FOXA1 ChIP-Seq",,,,,,,,,,,,
SPP,IRF1,ELOVL7,colon,IRF1 IP ,,,,,,,,,,,,
SPP,KLF5,ELOVL7,stomach,KLF5 IP - KATOIII,,,,,,,,,,,,
SPP,STAT5A,ELOVL7,leukocytes,STAT5A IP - K562 cells,,,,,,,,,,,,
SPP,TP53,ELOVL7,bone,"TP53 IP | NUTL3 - SJSA-1, TP53 IP | TP53EE/RR OE, TP53 IP | NUTL3",,,,,,,,,,,,
SPP,GATA2,ELOVL7,cns,GATA2 ChIP-Seq SH-SY5Y,,,,,,,,,,,,
SPP,JUN,ELOVL7,leukocytes,"JUN IP - K562 cells, Rep 1, JUN IP - K562 cells, Rep 2",,,,,,,,,,,,
SPP,FOXA2,ELOVL7,stemcells,"FOXA2 IP - ES D2, FOXA2 IP - Rep 5 ",,,,,,,,,,,,
SPP,E2F4,ELOVL7,leukocytes,E2F4 IP - K562 cells,,,,,,,,,,,,
SPP,HEY1,ELOVL7,liver,HEY1 IP - HepG2 cells,,,,,,,,,,,,
SPP,MAX,ELOVL7,colon,MAX IP - HCT116 cells,,,,,,,,,,,,
SPP,CTCF,ELOVL7,miscellaneous,"CTCF IP - AG09319 cells, Rep 1 , CTCF IP - AG09319 cells, Rep 2 ",,,,,,,,,,,,
SPP,GATA1,ELOVL7,leukocytes,GATA1 ChIP-Seq - SC266,,,,,,,,,,,,
SPP,MAZ,ELOVL7,leukocytes,"MAZ IP - K562 cells, MAZ IP - GM12878 cells",,,,,,,,,,,,
SPP,TCF12,ELOVL7,stemcells,TCF12 IP - H1 cells,,,,,,,,,,,,
SPP,E2F6,ELOVL7,stemcells,E2F6 IP - H1 cells,,,,,,,,,,,,
SPP,CEBPB,ELOVL7,uterus,CEBPB ChIP-Seq - HeLaS3,,,,,,,,,,,,
SPP,JUN,ELOVL7,colon,JUN IP ,,,,,,,,,,,,
SPP,CREB1,ELOVL7,uterus,CREB1 IP - ECC1 cells,,,,,,,,,,,,
SPP,FOXA1,ELOVL7,stemcells,FOXA1 IP - Rep 5 ,,,,,,,,,,,,
SPP,CREB1,ELOVL7,leukocytes,"CREB1 IP - GM12878 cells, CREB1 IP - K562 cells",,,,,,,,,,,,
SPP,CTCF,ELOVL7,pancreas,CTCF IP,,,,,,,,,,,,
SPP,CTCF,ELOVL7,placenta,"CTCF IP - HVMF cells, Rep 2 ",,,,,,,,,,,,
SPP,FOXA2,ELOVL7,lung,FOXA2 IP - A549 cells,,,,,,,,,,,,
SPP,USF1,ELOVL7,lung,"USF1 IP - A549 cells, Rep 2",,,,,,,,,,,,
SPP,FOXH1,ELOVL7,embryonictissue,FOXH1 IP - endoderm,,,,,,,,,,,,
SPP,YY1,ELOVL7,uterus,YY1 IP - ECC1 cells,,,,,,,,,,,,
SPP,STAT1,ELOVL7,leukocytes,"STAT1 IP - Rep 5, STAT1 IP - Rep 1, STAT1 IP - Rep 4, STAT1 IP - Rep 3",,,,,,,,,,,,
SPP,BACH1,ELOVL7,stemcells,BACH1 IP - H1 cells,,,,,,,,,,,,
SPP,POU2F1,ELOVL7,prostate,POU2F1 KD + DHT | FOXA1 ChIP-Seq,,,,,,,,,,,,
SPP,YY1,ELOVL7,stemcells,YY1 IP - H1 cells,,,,,,,,,,,,
SPP,TCF3,ELOVL7,leukocytes,TCF3 IP - GM12878 cells,,,,,,,,,,,,
SPP,JUND,ELOVL7,cns,"JUND IP - SK-N-SH cells, JUND IP - SK-N-SH cells ",,,,,,,,,,,,
SPP,E2F3,ELOVL7,colon,E2F3 IP ,,,,,,,,,,,,
SPP,GATA6,ELOVL7,stomach,"GATA6 IP - YCC3, GATA6 IP - AGS",,,,,,,,,,,,
SPP,MAFK,ELOVL7,liver,"MAFK IP - HepG2 cells, Rep 2",,,,,,,,,,,,
SPP,TEAD4,ELOVL7,stemcells,TEAD4 IP - H1 cells,,,,,,,,,,,,
SPP,MYC,ELOVL7,uterus,MYC IP - HeLa cells,,,,,,,,,,,,
SPP,MAZ,ELOVL7,uterus,MAZ IP - HeLa cells,,,,,,,,,,,,
SPP,CTCF,ELOVL7,uterus,"CTCF IP - HeLa cells, Rep 1 ",,,,,,,,,,,,
SPP,PRDM1,ELOVL7,stemcells,"PRDM1 IP - Rep 1 , PRDM1 IP - Rep 3 ",,,,,,,,,,,,
SPP,REST,ELOVL7,leukocytes,REST IP - K562 cells,,,,,,,,,,,,
SPP,E2F6,ELOVL7,lung,E2F6 IP - A549 cells,,,,,,,,,,,,
SPP,FOSL2,ELOVL7,cns,FOSL2 IP - SK-N-SH cells,,,,,,,,,,,,
SPP,MXI1,ELOVL7,liver,MXI1 IP - HepG2 cells,,,,,,,,,,,,
SPP,OTX2,ELOVL7,stemcells,OTX2 IP - Rep 10 ,,,,,,,,,,,,
SPP,FOXM1,ELOVL7,leukocytes,FOXM1 IP - GM12878 cells,,,,,,,,,,,,
SPP,TEAD4,ELOVL7,leukocytes,TEAD4 IP - K562 cells,,,,,,,,,,,,
SPP,TAL1,ELOVL7,leukocytes,TAL1 IP - K562 cells,,,,,,,,,,,,
SPP,FOXA1,ELOVL7,lung,FOXA1 IP - A549 cells,,,,,,,,,,,,
SPP,FOXP1,ELOVL7,leukocytes,FOXP1 IP - BJAB,,,,,,,,,,,,
SPP,TCF12,ELOVL7,leukocytes,TCF12 IP - GM12878 cells,,,,,,,,,,,,
SPP,ZEB1,ELOVL7,liver,ZEB1 IP - HepG2 cells,,,,,,,,,,,,
SPP,CTCF,ELOVL7,heart,"CTCF IP - myocytes cells, Rep 1 ",,,,,,,,,,,,
SPP,TEAD4,ELOVL7,uterus,TEAD4 IP - ECC1 cells,,,,,,,,,,,,
SPP,JUN,ELOVL7,uterus,JUN IP - HeLa cells,,,,,,,,,,,,
SPP,HOXA4,ELOVL7,colon,HOXA4 IP ,,,,,,,,,,,,
SPP,PAX5,ELOVL7,leukocytes,PAX5 IP - GM12892 cells,,,,,,,,,,,,
SPP,FOXA1,ELOVL7,pancreas,FOXA1 IP,,,,,,,,,,,,
SPP,YY1,ELOVL7,colon,YY1 IP - HCT116 cells,,,,,,,,,,,,
SPP,NUTL3,ELOVL7,bone,TP53 IP | NUTL3,,,,,,,,,,,,
SPP,E2F4,ELOVL7,mammarygland,E2F4 IP | 4HT - MCF10 cells,,,,,,,,,,,,
SPP,BHLHE40,ELOVL7,liver,BHLHE40 IP - HepG2 cells,,,,,,,,,,,,
SPP,ZEB1,ELOVL7,leukocytes,ZEB1 IP - GM12878 cells,,,,,,,,,,,,
SPP,FOSL2,ELOVL7,mammarygland,FOSL2 IP - MCF7 cells,,,,,,,,,,,,
SPP,USF2,ELOVL7,leukocytes,USF2 IP - GM12878 cells,,,,,,,,,,,,
SPP,TCF7L2,ELOVL7,mammarygland,TCF7L2 ChIP-Seq,,,,,,,,,,,,
SPP,ZNF384,ELOVL7,leukocytes,ZNF384 IP - K562 cells,,,,,,,,,,,,
SPP,CTCF,ELOVL7,skeletalmuscle,"CTCF IP - HSMM cells, Rep 2 ",,,,,,,,,,,,
SPP,CTCF,ELOVL7,esophagus,"CTCF IP - HEEpiC cells, Rep 1 ",,,,,,,,,,,,
SPP,ZBTB7A,ELOVL7,uterus,ZBTB7A IP - ECC1 cells,,,,,,,,,,,,
SPP,CTCF,FADS1,leukocytes,"CTCF IP - GM12878 cells , CTCF IP - GM2630 cells, Rep 3 , CTCF IP - F36P cells, Rep 7 , CTCF IP - K562 cells, Rep 16 , CTCF IP - GM12890 cells, Rep 3 , CTCF IP - K562 cells, CTCF IP - MS1 cells, Rep 1 , CTCF IP - GM12814 cells, Rep 1, CTCF IP - GM12875 cells, Rep 2 , CTCF IP - GM18951 cells, Rep 1 , CTCF IP - KU812 cells, Rep 1 , CTCF IP - NB4 cells , CTCF IP - GM2630 cells, Rep 1 , CTCF IP - GM19240 cells, Rep 1 , CTCF IP - GM11881 cells, CTCF IP - HeLa cells, Rep 2 , CTCF IP - F36P cells, Rep 3 , CTCF IP - F36P cells, Rep 11 , CTCF IP - GM06986 cells, CTCF IP - MS1 cells, Rep 2 , CTCF IP - GM2610 cells, Rep 3 , CTCF IP - GM12872 cells, Rep 2 , CTCF IP - GM12828 cells, CTCF IP - GM19099 cells, Rep 1 , CTCF IP - GM12873 cells, Rep 1 , CTCF IP - F36P cells, Rep 19 , CTCF IP - GM12868 cells , CTCF IP - GM11894 cells, Rep 2, CTCF IP - GM18505 cells, Rep 1 , CTCF IP - GM19239 cells, Rep 2 , CTCF IP - GM12891 cells, Rep 2 , CTCF IP - GM12865 cells, Rep 1 , CTCF IP - K562 cells, Rep 14 , CTCF IP - GM19239 cells, Rep 1 , CTCF IP - GM12864 cells, Rep 3 , CTCF IP - GM12005 cells, Rep 2, CTCF IP - GM12878 cells, Rep 1 , CTCF IP - GM19099 cells, Rep 2 , CTCF IP - F36P cells, Rep 17 , CTCF IP - GM12874 cells, Rep 2 , CTCF IP - HL , CTCF IP - K562 cells, CTCF IP - GM11811 cells, Rep 1, CTCF IP - GM12864 cells, Rep 2 , CTCF IP - GM2588 cells, Rep 2 , CTCF IP - GM2630 cells, Rep 2 , CTCF IP - GM12234 cells, CTCF IP - MS1 cells, Rep 3 , CTCF IP - F36P cells, Rep 13 , CTCF IP - CD14+ cells , CTCF IP - GM12874 cells, Rep 1 , CTCF IP - KU812 cells, Rep 5 , CTCF IP - GM12891 cells, Rep 1 , CTCF IP - MS1 cells, Rep 4 , CTCF IP - GM2255 cells, Rep 2 , CTCF ChIP-Seq - GM12878, CTCF IP - K562 cells, Rep 15 , CTCF IP - GM12006 cells, Rep 2, CTCF IP - Â CD20+ cells , CTCF IP - GM18526 cells, Rep 2 , CTCF IP - K562 cells, CTCF IP - GM18505 cells, Rep 2 , CTCF IP - GM18486 cells, Rep 1 , CTCF IP - GM12878 cells, Rep 1 , CTCF IP - GM18486 cells, Rep 2 , CTCF IP - GM07037 cells, CTCF IP - GM12892 cells, Rep 1 , CTCF IP - GM18951 cells, Rep 2 , CTCF IP - GM2610 cells, Rep 1 , CTCF IP - GM12749 cells, Rep 1, CTCF IP - GM2588 cells, Rep 3 , CTCF IP - GM12873 cells, Rep 1 , CTCF IP - GM12872 cells, Rep 3 , CTCF IP - F36P cells, Rep 14 , CTCF IP - GM12870 cells , CTCF IP - GM12867 cells , CTCF IP - UT-7 cells, Rep 6 , CTCF IP - F36P cells, Rep 10 , CTCF IP - GM18526 cells, Rep 1 , CTCF IP, CTCF IP - K562 cells, Rep 13 , CTCF IP - GM11994 cells, Rep 2, CTCF IP - GM19193 cells, Rep 1 , CTCF IP - GM19193 cells, Rep 2 , CTCF IP - K562 cells, Rep 12 , CTCF IP - GM12875 cells, Rep 1 , CTCF IP - GM12892 cells, Rep 2 , CTCF IP - F36P cells, Rep 2 , CTCF IP - GM07346 cells, CTCF IP - Â DND , CTCF IP - GM12864 cells, Rep 1 , CTCF IP - GM18486 cells, Rep 3 , CTCF IP - GM12872 cells, CTCF IP - K562 cells, Rep 1 , CTCF IP - GM06990 cells, Rep 2 , CTCF IP - KU812 cells, Rep 17 , CTCF IP - GM11831 cells, CTCF IP - KU812 cells, Rep 13 , CTCF IP - K562 cells, Rep 2 , CTCF IP - UT-7 cells, Rep 3 , CTCF IP - GM12154 cells, Rep 2, CTCF IP - K562 cells, Rep 7 , CTCF IP - GM12872 cells, Rep 1 , CTCF IP - GM12878 cells, Rep 2 , CTCF IP - GM11994 cells, Rep 1, CTCF IP - K562 cells , CTCF IP - GM12871 cells , CTCF IP - GM2588 cells, Rep 1 , CTCF IP - F36P cells, Rep 15 , CTCF IP - UT-7 cells, Rep 5 , CTCF IP - GM12890 cells, Rep 1 , CTCF IP - GM12815 cells, Rep 1, CTCF IP - UT-7 cells, Rep 4 , CTCF IP - F36P cells, Rep 9 , CTCF IP - GM19238 cells, Rep 1 , CTCF IP - GM12890 cells, Rep 2 , CTCF IP - GM2255 cells, Rep 1 , CTCF IP - K562 cells, Rep 1 , CTCF IP - GM11992 cells, Rep 2, CTCF IP - GM10847 cells, Rep 2 , CTCF IP - K562 cells, Rep 11 , CTCF IP - GM12878 cells, Rep 2 , CTCF IP - GM19240 cells, Rep 2 , CTCF IP - F36P cells, Rep 5 , CTCF IP - F36P cells, Rep 6 , CTCF IP - GM12866 cells , CTCF IP - GM12154 cells, Rep 1, CTCF IP - GM19238 cells, Rep 2 , CTCF IP - F36P cells, Rep 1 , CTCF IP - GM12873 cells, Rep 3 , CTCF IP - GM12865 cells, Rep 3 , CTCF IP - GM11811 cells, Rep 2, CTCF IP - HL-60 cells, Rep 7 , CTCF IP - GM2610 cells, Rep 2 , CTCF IP - GM12869 cells , CTCF IP - GM2255 cells, Rep 3 , CTCF IP - GM10847 cells, Rep 1 , CTCF IP - KU812 cells, Rep 9 , CTCF IP - GM12865 cells, Rep 2 , CTCF IP - GM06990 cells, Rep 1 ",,,,,,,,,,,,
SPP,TP53,FADS1,colon,"TP53 IP | NUTL3 - HCT-116, TP53 IP | CAMPTO, TP53 IP | TP53 KO, TP53 IP - HCT-116",,,,,,,,,,,,
SPP,MAX,FADS1,leukocytes,"MAX IP - GM12878 cells, MAX IP - NB4 cells, MAX IP - K562 cells, MAX IP - K562 cells, Rep 2",,,,,,,,,,,,
SPP,MYC,FADS1,stemcells,MYC IP - Rep 2 ,,,,,,,,,,,,
SPP,CTCF,FADS1,vasculature,"CTCF IP - HUVEC cells, Rep 1 , CTCF IP - AoAFC cells, Rep 2 , CTCF IP - HPAF cells, Rep 2 , CTCF IP - HUVEC cells, Rep 2 , CTCF IP - HPAF cells, Rep 1 , CTCF IP - AoAFC cells, Rep 1 , CTCF IP - HBMEC cells, Rep 1 , CTCF IP - HUVEC cells , CTCF IP - HBMEC cells, Rep 2 ",,,,,,,,,,,,
SPP,E2F6,FADS1,stemcells,E2F6 IP - H1 cells,,,,,,,,,,,,
SPP,TBP,FADS1,leukocytes,"TBP IP - K562 cells, TBP IP - GM12878 cells",,,,,,,,,,,,
SPP,CTCF,FADS1,cns,"CTCF IP - spinal cord astrocyte cells, Rep 1 , CTCF IP - NHA cells , CTCF IP - SK-N-SH cells, Rep 1 , CTCF IP - SK-N-SH cells , CTCF IP - spinal cord astrocyte cells, Rep 2 , CTCF IP - SK cells, CTCF IP - cerebellar astrocyte cells, Rep 1 , CTCF IP - SK-N-SH cells, Rep 2 , CTCF IP - HCPEpiC cells, Rep 2 , CTCF IP - cerebellar astrocyte cells, Rep 2 , CTCF IP - BE(2)-C cells, Rep 1 , CTCF IP - HCPEpiC cells, Rep 1 , CTCF IP - BE(2)-C cells, Rep 2 ",,,,,,,,,,,,
SPP,CREB1,FADS1,stemcells,CREB1 IP - H1 cells,,,,,,,,,,,,
SPP,REST,FADS1,uterus,REST IP - SK-N-SH cells,,,,,,,,,,,,
SPP,SP1,FADS1,liver,SP1 IP - HepG2 cells,,,,,,,,,,,,
SPP,NFYB,FADS1,uterus,NFYB IP - HeLa cells,,,,,,,,,,,,
SPP,REST,FADS1,cns,"REST IP - PFSK-N-SH cells1 cells, Rep 1, REST IP - PFSK1 cells, Rep 2, REST IP - SK-N-SH cells, REST IP - U87 cells, REST IP - SK cells",,,,,,,,,,,,
SPP,OVOL2,FADS1,colon,OVOL2 IP ,,,,,,,,,,,,
SPP,GATA3,FADS1,mammarygland,"GATA3 IP - T47D cells, GATA3 IP - MCF7 cells",,,,,,,,,,,,
SPP,TP53,FADS1,bone,"TP53 IP - Rep 1, TP53 IP | NUTL3, TP53 pS15 IP - Etopo, TP53 IP | NUTL3 - SJSA-1, TP53 IP | TP53EE/RR OE, TP53 IP - SJSA1, TP53 IP - Rep 2, TP53 IP - Etopo",,,,,,,,,,,,
SPP,CEBPB,FADS1,stemcells,"CEBPB IP, CEBPB IP, CEBPB IP - H1 cells, CEBPB IP, CEBPB IP, CEBPB IP, CEBPB IP, CEBPB IP",,,,,,,,,,,,
SPP,E2F1,FADS1,uterus,"E2F1 IP - HeLa cells, Rep 1, E2F1 IP - HeLa cells, Rep 2",,,,,,,,,,,,
SPP,KLF5,FADS1,pancreas,KLF5 IP,,,,,,,,,,,,
SPP,CTCF,FADS1,adiposetissue,"CTCF ChIP-Seq - d -2, CTCF ChIP-Seq - d 9",,,,,,,,,,,,
SPP,MYC,FADS1,mammarygland,"MYC IP | 4HT - MCF10A cells, DHT | MYC ChIP-Seq, MYC IP - MCF-10A cells, MYC IP",,,,,,,,,,,,
SPP,4HT,FADS1,mammarygland,"MYC IP | 4HT - MCF10A cells, STAT3 IP | 4HT - MCF10 cells, 36 h, STAT3 IP | 4HT - MCF10 cells, 12 h, FOS IP | 4HT - MCF10A cells, 12 h, FOS IP | 4HT - MCF10A cells, 4 h, E2F4 IP | 4HT - MCF10 cells, FOS IP | 4HT - MCF10A cells, 36 h",,,,,,,,,,,,
SPP,NFYB,FADS1,leukocytes,"NFYB IP - GM12878 cells, NFYB IP - K562 cells",,,,,,,,,,,,
SPP,CEBPB,FADS1,leukocytes,"CEBPB IP - Rep 204, CEBPB ChIP-Seq - K562, CEBPB IP, CEBPB IP, CEBPB IP, CEBPB IP - Rep 203, CEBPB IP, CEBPB IP | oxLDL  - Rep 208, CEBPB IP, CEBPB IP | oxLDL  - Rep 205, CEBPB IP, CEBPB IP - Rep 201, CEBPB IP| oxLDL  - Rep 207, CEBPB IP, CEBPB IP | oxLDL  - Rep 206, CEBPB IP - K562 cells",,,,,,,,,,,,
SPP,CTCF,FADS1,skin,"CTCF IP - AG10803 cells, Rep 2 , CTCF IP - AG04449 cells, Rep 1 , CTCF IP - NHDF cells , CTCF IP - HFFC cells, Rep 1 , CTCF IP - NHDF cells, Rep 1 , CTCF IP - HFFC cells, Rep 2 , CTCF IP - HFFC cells, Rep 3 , CTCF IP - NHEK cells, Rep 2 , CTCF IP - BJ cells, Rep 2 , CTCF IP - NHEK cells , CTCF IP - BJ cells, Rep 1 , CTCF IP - AG04449 cells, Rep 2 , CTCF IP - NHDF cells, Rep 2 , CTCF IP - AG10803 cells, Rep 1 , CTCF IP - GM12878 cells, Rep 2 , CTCF IP - AG09309 cells, Rep 2 , CTCF IP - AG09309 cells, Rep 1 ",,,,,,,,,,,,
SPP,CTCF,FADS1,hspcs,"CTCF IP - HEL 92.1.7 cells, Rep 5 , CTCF IP - HEL 92.1.7 cells, Rep 1 , CTCF IP - HEL 92.1.7 cells, Rep 8 , CTCF IP - HSPCs, Rep 2, CTCF IP - HEL 92.1.7 cells, Rep 2 , CTCF IP - HEL 92.1.7 cells, Rep 13 , CTCF IP - HEL 92.1.7 cells, Rep 11 , CTCF IP - Erythroid cells, Rep 1, CTCF IP - HSPCs, Rep 1, CTCF IP - HEL 92.1.7 cells, Rep 14 ",,,,,,,,,,,,
SPP,SPI1,FADS1,leukocytes,"SPI1 IP - HL cells, SPI1 IP, SPI1 IP, SPI1 IP | RUNX1 KD, SPI1 IP, SPI1 IP - K562 cells, SPI1 IP, SPI1 IP, SPI1 IP, SPI1 IP, SPI1 IP - GM12878 cells, SPI1 IP",,,,,,,,,,,,
SPP,CTCF,FADS1,kidney,"CTCF IP - HEK293 cells, Rep 2 , CTCF IP - RPTEC cells, Rep 1 , CTCF IP - HEK293 cells, Rep 1 , CTCF IP - HRE cells, Rep 1 , CTCF IP - RPTEC cells, Rep 2 , CTCF IP - HRE cells, Rep 2 ",,,,,,,,,,,,
SPP,ARNTL,FADS1,colon,ARNTL IP - Rep 1 ,,,,,,,,,,,,
SPP,MYC,FADS1,leukocytes,"MYC IP | IFNA1 - K562 cells, 30 min, MYC IP - K562 cells, Rep 1, MYC IP - K562 cells, Rep 2, MYC IP - NB4 cells, MYC IP | IFNA1 - K562 cells, 6 h, MYC IP | IFNG - K562 cells, 6 h, MYC IP | IFNG - K562 cells, 30 min",,,,,,,,,,,,
SPP,IFNA1,FADS1,leukocytes,"MYC IP | IFNA1 - K562 cells, 30 min, MYC IP | IFNA1 - K562 cells, 6 h, IRF1 IP | IFNA1-13 - K562 cells, 6 h",,,,,,,,,,,,
SPP,CTCF,FADS1,placenta,"CTCF IP - HVMF cells, Rep 2 , CTCF IP - HVMF cells, Rep 1 ",,,,,,,,,,,,
SPP,FOXA1,FADS1,prostate,"POU2F1 KD + DHT | FOXA1 ChIP-Seq, CON KD  |Â FOXA1 ChIP-Seq, R1881 | FOXA1 ChIP-Seq - Rep 1, FOXA1 ChIP-Seq - Rep 1, CON KD | FOXA1 ChIP-Seq, FOXA1 siRNA | CREB1 ChIP-Seq - Rep 1, WT AR OE + FOXA1 OE | FOXA1 ChIP-Seq, CON KD |Â FOXA1 ChIP-Seq, FOXA1 KD | FOXA1 ChIP-Seq, FOXA1 ChIP-Seq, FOXA1 KD | FOXA1 ChIP-Seq, FOXA1 ChIP-Seq - Rep 2, CREB1 siRNA | FOXA1 ChIP-Seq - Rep 1, DHT | FOXA1 ChIP-Seq, R1881 | FOXA1 ChIP-Seq - Rep 2, FOXA1 siRNA | CREB1 ChIP-Seq - Rep 2, CON KD + R1881 | FOXA1 ChIP-Seq - Rep 2, FOXA1 ChIP-Seq - LNCaP-abl, GATA2 KD + R1881 |Â FOXA1 ChIP-Seq, CON KD + R1881 |Â FOXA1 ChIP-Seq, PIAS1 + R1881 | FOXA1 ChIP-Seq - Rep 2, CREB1 siRNA | FOXA1 ChIP-Seq - Rep 2, FOXA1 ChIP-Seq, PIAS1 + R1881 | FOXA1 ChIP-Seq - Rep 1, CON KD | FOXA1 ChIP-Seq",,,,,,,,,,,,
SPP,DHT,FADS1,prostate,"POU2F1 KD + DHT | FOXA1 ChIP-Seq, DHT | ERG ChIP-Seq - 18 h, DHT | ERG ChIP-Seq - 2 h, DHT | FOXA1 ChIP-Seq",,,,,,,,,,,,
SPP,POU2F1,FADS1,prostate,POU2F1 KD + DHT | FOXA1 ChIP-Seq,,,,,,,,,,,,
SPP,JUN,FADS1,vasculature,JUN IP,,,,,,,,,,,,
SPP,CTCF,FADS1,sensory,"CTCF IP - HRPEpiC cells, Rep 2 , CTCF IP - WERI , CTCF IP - WERI-Rb-1- cells, Rep 1 , CTCF IP - HRPEpiC cells, Rep 1 ",,,,,,,,,,,,
SPP,DHT,FADS1,mammarygland,"DHT | MYC ChIP-Seq, DHT | FOXA1 ChIP-Seq",,,,,,,,,,,,
SPP,CAMPTO,FADS1,colon,TP53 IP | CAMPTO,,,,,,,,,,,,
SPP,CTCF,FADS1,mammarygland,"CTCF IP - MCF-7 cells Rep 2 , CTCF IP - T47D cells, CTCF IP - MCF-7 cells, Rep 1 , CTCF IP - HMF cells, Rep 2 , CTCF IP - HMEC cells, Rep 2 , CTCF IP - MCF7 cells, CTCF IP - HMEC cells, Rep 1 , CTCF IP - HMEC cells ",,,,,,,,,,,,
SPP,NUTL3,FADS1,bone,TP53 IP | NUTL3,,,,,,,,,,,,
SPP,HEY1,FADS1,leukocytes,HEY1 IP - K562 cells,,,,,,,,,,,,
SPP,MYC,FADS1,bone,"MYC IP, MYC IP, MYC IP, MYC IP",,,,,,,,,,,,
SPP,CTCF,FADS1,colon,"CTCF IP - HCT116 cells, Rep 2 , CTCF IP - Caco-2 cells, Rep 1 , CTCF IP - HCT116 cells, Rep 1 , CTCF IP - HCT116 cells, CTCF IP - Caco , CTCF IP - Rep 2 ",,,,,,,,,,,,
SPP,CTCF,FADS1,stemcells,"CTCF IP - Rep 6 , CTCF IP - H1 cells , CTCF IP - H1 cells, CTCF IP - Rep 2 , CTCF IP - Rep 4 , CTCF IP - Rep 5 , CTCF IP - Rep 1 , CTCF IP - Rep 7 , CTCF IP - Rep 3 ",,,,,,,,,,,,
SPP,CEBPB,FADS1,liver,"CEBPB IP - HepG2 cells, CEBPB ChIP-Seq - HepG2, CEBPB IP | FORSK - HepG2 cells",,,,,,,,,,,,
SPP,CEBPB,FADS1,colon,"CEBPB IP - HCT116 cells, CEBPB IP | 125DVD3, CEBPB IP",,,,,,,,,,,,
SPP,E2F1,FADS1,prostate,"HES6 OE | E2F1 ChIP-Seq - Rep 3, E2F1 ChIP-Seq - Rep 2, E2F1 ChIP-Seq - Rep 3, HES6 OE | E2F1 ChIP-Seq - Rep 1, HES6 OE + BICALU | E2F1 ChIP-Seq - Rep 1, E2F1 ChIP-Seq - Rep 4, BICALU + HES6 OE | E2F1 ChIP-Seq - Rep 2, E2F1 ChIP-Seq - Rep 1, HES6 OE + BICALU | E2F1 ChIP-Seq - Rep 3, BICALU | E2F1 ChIP-Seq - Rep 1, BICALU | E2F1 ChIP-Seq - Rep 2, BICALU + HES6OE | E2F1 ChIP-Seq - Rep 4, BICALU | E2F1 ChIP-Seq - Rep 4, HES6 OE | E2F1 ChIP-Seq - Rep 2, BICALU | E2F1 ChIP-Seq - Rep 3",,,,,,,,,,,,
SPP,HES6,FADS1,prostate,"HES6 OE | E2F1 ChIP-Seq - Rep 3, HES6 OE | E2F1 ChIP-Seq - Rep 1, HES6 OE + BICALU | E2F1 ChIP-Seq - Rep 1, BICALU + HES6 OE | E2F1 ChIP-Seq - Rep 2, HES6 OE + BICALU | E2F1 ChIP-Seq - Rep 3, BICALU + HES6OE | E2F1 ChIP-Seq - Rep 4, HES6 OE | E2F1 ChIP-Seq - Rep 2",,,,,,,,,,,,
SPP,CREB1,FADS1,liver,"CREB1 IP, CREB1 IP, CREB1 IP - HepG2 cells, CREB1 IP",,,,,,,,,,,,
SPP,STAT3,FADS1,leukocytes,"STAT3 IP - U-2932, STAT3 IP - SU-DHL-6, STAT3 IP - SU-DHL-4",,,,,,,,,,,,
SPP,E2F6,FADS1,uterus,E2F6 IP - HeLa cells,,,,,,,,,,,,
SPP,NFYA,FADS1,colon,NFYA IP ,,,,,,,,,,,,
SPP,GABPA,FADS1,prostate,"GABPA IP | R1881, GABPA IP - Rep 1",,,,,,,,,,,,
SPP,R1881,FADS1,prostate,"GABPA IP | R1881, R1881 | FOXA1 ChIP-Seq - Rep 1, R1881 | FOXA1 ChIP-Seq - Rep 2, CON KD + R1881 | FOXA1 ChIP-Seq - Rep 2, GATA2 KD + R1881 |Â FOXA1 ChIP-Seq, CON KD + R1881 |Â FOXA1 ChIP-Seq, PIAS1 + R1881 | FOXA1 ChIP-Seq - Rep 2, PIAS1 + R1881 | FOXA1 ChIP-Seq - Rep 1",,,,,,,,,,,,
SPP,E2F6,FADS1,leukocytes,"E2F6 IP - K562 cells, E2F6 IP - K562 cells",,,,,,,,,,,,
SPP,CTCF,FADS1,lung,"CTCF IP - AG04450 cells, Rep 2 , CTCF IP | DEX - A549 cells, CTCF IP - WI-38 cells, Rep 1 , CTCF IP - A549 cells, CTCF IP - IMR cells, CTCF IP - A549 cells, Rep 2 , CTCF IP - NHLF cells , CTCF IP - HPF cells, Rep 2 , CTCF ChIP-Seq - A549, CTCF IP - AG04450 cells, Rep 1 , CTCF IP | DEX - A549 cells , CTCF IP - WI-38 cells, Rep 2 , CTCF IP - A549 cells, Rep 1 , CTCF IP - HPF cells, Rep 1 , CTCF IP - A549 cells , CTCF IP - SAEC cells, Rep 2 , CTCF IP - NHLF cells , CTCF IP - SAEC cells, Rep 1 ",,,,,,,,,,,,
SPP,DEX,FADS1,lung,"CTCF IP | DEX - A549 cells, USF1 IP | DEX - A549 cells, CREB1 IP | DEX - A549 cells, CTCF IP | DEX - A549 cells , FOXA1 IP | DEX - A549 cells",,,,,,,,,,,,
SPP,ZNF263,FADS1,kidney,ZNF263 IP - HEK293 cells,,,,,,,,,,,,
SPP,CTCF,FADS1,megakaryocytelineage,"CTCF IP - MEG-01 cells, Rep 6 , CTCF IP - MEG-01 cells, Rep 2 , CTCF IP - MEG-01 cells, Rep 9 , CTCF IP - MEG-01 cells, Rep 4 , CTCF IP - MEG-01 cells, Rep 10 , CTCF IP - MEG-01 cells, Rep 8 ",,,,,,,,,,,,
SPP,RELA,FADS1,adiposetissue,RELA IP,,,,,,,,,,,,
SPP,ERG,FADS1,prostate,"DMSO | ERG ChIP-Seq - Rep 1, ERG ChIP-Seq, DHT | ERG ChIP-Seq - 18 h, DHT | ERG ChIP-Seq - 2 h",,,,,,,,,,,,
SPP,UBTF,FADS1,leukocytes,"UBTF IP - K562 cells, UBTF IP - K562 cells",,,,,,,,,,,,
SPP,MAZ,FADS1,uterus,MAZ IP - HeLa cells,,,,,,,,,,,,
SPP,USF1,FADS1,uterus,USF1 IP - ECC1 cells,,,,,,,,,,,,
SPP,MYB,FADS1,leukocytes,"MYB IP - Jurkat, Rep 1, MYB IP - Jurkat, Rep 2, MYB IP - Jurkat, Rep 3, MYB IP - Jurkat, Rep 5, MYB IP - MOLT3, MYB IP - Jurkat, Rep 4",,,,,,,,,,,,
SPP,JUND,FADS1,leukocytes,JUND IP - K562 cells,,,,,,,,,,,,
SPP,YY1,FADS1,cns,"YY1 IP | ATRA - SK-N-SH cells, YY1 IP - SK-N-SH cells",,,,,,,,,,,,
SPP,ATRA,FADS1,cns,"YY1 IP | ATRA - SK-N-SH cells, USF1 IP | ATRA - SK-N-SH cells",,,,,,,,,,,,
SPP,BACH1,FADS1,stemcells,BACH1 IP - H1 cells,,,,,,,,,,,,
SPP,MAX,FADS1,cns,MAX IP - SK-N-SH cells,,,,,,,,,,,,
SPP,ATF1,FADS1,leukocytes,ATF1 IP - K562 cells,,,,,,,,,,,,
SPP,USF1,FADS1,colon,USF1 IP - HCT116 cells,,,,,,,,,,,,
SPP,ZBTB7A,FADS1,leukocytes,ZBTB7A IP - SK-N-SH cells,,,,,,,,,,,,
SPP,CTCF,FADS1,uterus,"CTCF IP - HeLa cells , CTCF IP - HeLa cells, Rep 1 ",,,,,,,,,,,,
SPP,TEAD4,FADS1,uterus,TEAD4 IP - ECC1 cells,,,,,,,,,,,,
SPP,HOXA4,FADS1,colon,HOXA4 IP ,,,,,,,,,,,,
SPP,TEAD4,FADS1,lung,TEAD4 IP - A549 cells,,,,,,,,,,,,
SPP,E2F4,FADS1,uterus,E2F4 IP - HeLa cells,,,,,,,,,,,,
SPP,REST,FADS1,liver,"REST IP - HepG2 cells, Rep 2, REST IP - HepG2 cells, Rep 1",,,,,,,,,,,,
SPP,MAZ,FADS1,lung,MAZ IP - IMR cells,,,,,,,,,,,,
SPP,USF2,FADS1,uterus,USF2 IP - HeLa cells,,,,,,,,,,,,
SPP,KLF11,FADS1,adiposetissue,"ROSI (BrAT) | KLF11 ChIP-Seq, Rep 1, KLF11 ChIP-Seq, Rep 1, ROSI (BrAT) | KLF11 ChIP-Seq, Rep 2, KLF11 ChIP-Seq, Rep 2",,,,,,,,,,,,
SPP,ROSI,FADS1,adiposetissue,"ROSI (BrAT) | KLF11 ChIP-Seq, Rep 1, ROSI (BrAT) | KLF11 ChIP-Seq, Rep 2",,,,,,,,,,,,
SPP,ZKSCAN1,FADS1,uterus,ZKSCAN1 IP - HeLa cells,,,,,,,,,,,,
SPP,PAX5,FADS1,leukocytes,"PAX5 IP - GM12878 cells, Rep 2, PAX5 IP - GM12892 cells",,,,,,,,,,,,
SPP,E2F1,FADS1,mammarygland,"E2F1 IP - MCF7 cells, E2F1 IP",,,,,,,,,,,,
SPP,STAT2,FADS1,colon,STAT2 IP ,,,,,,,,,,,,
SPP,CREB1,FADS1,prostate,"FOXA1 siRNA | CREB1 ChIP-Seq - Rep 1, CREB1 ChIP-Seq - LNCaP, CREB1 ChIP-Seq - LNCaP-abl, CREB1 siRNA | FOXA1 ChIP-Seq - Rep 1, CREB1 ChIP-Seq - Rep 2, FOXA1 siRNA | CREB1 ChIP-Seq - Rep 2, CREB1 siRNA | FOXA1 ChIP-Seq - Rep 2, CREB1 ChIP-Seq - Rep 1",,,,,,,,,,,,
SPP,GTF2F1,FADS1,uterus,GTF2F1 IP - HeLa cells,,,,,,,,,,,,
SPP,RUNX1,FADS1,leukocytes,"SPI1 IP | RUNX1 KD, RUNX1 IP, RUNX1 IP",,,,,,,,,,,,
SPP,BHLHE40,FADS1,leukocytes,"BHLHE40 IP - K562 cells, BHLHE40 IP - GM12878 cells",,,,,,,,,,,,
SPP,SRF,FADS1,stemcells,"SRF IP - Rep 6 , SRF IP - Rep 5 , SRF IP - Rep 4 , SRF IP - Rep 7 ",,,,,,,,,,,,
SPP,MXI1,FADS1,uterus,MXI1 IP - HeLa cells,,,,,,,,,,,,
SPP,ELF1,FADS1,leukocytes,"ELF1 IP - SK-N-SH cells, ELF1 IP - SK-N-SH cells",,,,,,,,,,,,
SPP,TP63,FADS1,skin,"TP63 IP, TP63 IP | BANF1 KD, TP63 IP, TP63 IP - Adriam, Rep 1, TP63 IP",,,,,,,,,,,,
SPP,BANF1,FADS1,skin,TP63 IP | BANF1 KD,,,,,,,,,,,,
SPP,TP63,FADS1,thyroidgland,TP63 IP - TT MTC,,,,,,,,,,,,
SPP,MXI1,FADS1,cns,MXI1 IP - SK-N-SH cells ,,,,,,,,,,,,
SPP,GABPA,FADS1,leukocytes,"GABPA IP - Jurkat, Rep 2, GABPA IP - K562 cells",,,,,,,,,,,,
SPP,SP1,FADS1,stemcells,SP1 IP - H1 cells,,,,,,,,,,,,
SPP,USF1,FADS1,lung,"USF1 IP | DEX - A549 cells, USF1 IP - A549 cells, Rep 2",,,,,,,,,,,,
SPP,FOXP1,FADS1,leukocytes,"FOXP1 IP - HT, FOXP1 IP - OCI-LY19, FOXP1 IP - OCI-LY10",,,,,,,,,,,,
SPP,RBPJ,FADS1,leukocytes,"RBPJ IP | COMPE - wash, RBPJ IP | COMPE",,,,,,,,,,,,
SPP,COMPE,FADS1,leukocytes,"RBPJ IP | COMPE - wash, RBPJ IP | COMPE",,,,,,,,,,,,
SPP,ZBTB7A,FADS1,liver,ZBTB7A IP - HepG2 cells,,,,,,,,,,,,
SPP,TP53,FADS1,skin,"TP53 IP, TP53 IP, TP53 IP, TP53 IP - Adriam",,,,,,,,,,,,
SPP,IRF1,FADS1,colon,IRF1 IP ,,,,,,,,,,,,
SPP,CEBPA,FADS1,leukocytes,CEBPA IP,,,,,,,,,,,,
SPP,MAFF,FADS1,leukocytes,MAFF IP - K562 cells,,,,,,,,,,,,
SPP,TP73,FADS1,bone,"TP73 IP - alpha isoform, Rep 2, TP73 IP - beta isoform, Rep 1, TP73 IP - beta isoform, Rep 2",,,,,,,,,,,,
SPP,HIF1A,FADS1,bone,HIF1A IP,,,,,,,,,,,,
SPP,ELF1,FADS1,cns,ELF1 IP - SK-N-SH cells,,,,,,,,,,,,
SPP,NFATC1,FADS1,leukocytes,NFATC1 IP - GM12878 cells,,,,,,,,,,,,
SPP,TCF7L2,FADS1,mammarygland,TCF7L2 ChIP-Seq,,,,,,,,,,,,
SPP,RELA,FADS1,leukocytes,"RELA IP | BAY082  - IVD Th1 cells, PIA",,,,,,,,,,,,
SPP,BAY082,FADS1,leukocytes,"RELA IP | BAY082  - IVD Th1 cells, PIA",,,,,,,,,,,,
SPP,JUND,FADS1,liver,JUND IP - HepG2 cells,,,,,,,,,,,,
SPP,ELF3,FADS1,pancreas,ELF3 IP,,,,,,,,,,,,
SPP,STAT1,FADS1,leukocytes,"STAT1 IP - Rep 5, STAT1 IP - Rep 1, STAT1 IP - Rep 4, STAT1 IP - Rep 3, STAT1 IP - Rep 6, STAT1 IP - Rep 2",,,,,,,,,,,,
SPP,IFNG,FADS1,leukocytes,"STAT1 IP - Rep 5, STAT1 IP - Rep 1, STAT1 IP - Rep 4, STAT1 IP - Rep 3, IRF1 IP | IFNG - K562 cells, 6 h, IRF1 IP | IFNG - K562 cells, 30 min, STAT1 IP - Rep 6, STAT1 IP - Rep 2, MYC IP | IFNG - K562 cells, 6 h, MYC IP | IFNG - K562 cells, 30 min",,,,,,,,,,,,
SPP,FOXA1,FADS1,mammarygland,"DHT | FOXA1 ChIP-Seq, FOXA1 ChIP-Seq - Rep 1, FOXA1 IP - T47D cells",,,,,,,,,,,,
SPP,MAX,FADS1,colon,MAX IP - HCT116 cells,,,,,,,,,,,,
SPP,ARID3A,FADS1,liver,ARID3A IP - HepG2 cells,,,,,,,,,,,,
SPP,CTCF,FADS1,heart,"CTCF IP - HCF cells , CTCF IP - myocytes cells, Rep 1 , CTCF IP - myocytes cells, Rep 2 ",,,,,,,,,,,,
SPP,SP1,FADS1,colon,SP1 IP - HCT116 cells,,,,,,,,,,,,
SPP,STAT3,FADS1,mammarygland,"STAT3 IP | 4HT - MCF10 cells, 36 h, STAT3 IP | 4HT - MCF10 cells, 12 h, STAT3 IP - MCF10A cells, Rep 2",,,,,,,,,,,,
SPP,GTF2B,FADS1,uterus,"GTF2B IP - Rep 3, GTF2B IP - Rep 2",,,,,,,,,,,,
SPP,REST,FADS1,leukocytes,REST IP - K562 cells,,,,,,,,,,,,
SPP,MXI1,FADS1,lung,MXI1 IP - IMR cells,,,,,,,,,,,,
SPP,TP53,FADS1,lung,"TP53 IP | TP53 KD - senescent, TP53 IP - growing, TP53 IP - senescent, TP53 IP - propapoptic, Rep 1",,,,,,,,,,,,
SPP,BHLHE40,FADS1,liver,BHLHE40 IP - HepG2 cells,,,,,,,,,,,,
SPP,CREB1,FADS1,lung,"CREB1 IP | DEX - A549 cells, CREB1 IP - A549 cells, Rep 1, CREB1 IP - A549 cells, Rep 2",,,,,,,,,,,,
SPP,ZNF143,FADS1,leukocytes,"ZNF143 IP - GM12878 cells, ZNF143 IP - K562, ZNF143 IP - K562 cells",,,,,,,,,,,,
SPP,FOSL2,FADS1,lung,FOSL2 IP - A549 cells,,,,,,,,,,,,
SPP,AR,FADS1,prostate,WT AR OE + FOXA1 OE | FOXA1 ChIP-Seq,,,,,,,,,,,,
SPP,BICALU,FADS1,prostate,"HES6 OE + BICALU | E2F1 ChIP-Seq - Rep 1, BICALU + HES6 OE | E2F1 ChIP-Seq - Rep 2, HES6 OE + BICALU | E2F1 ChIP-Seq - Rep 3, BICALU | E2F1 ChIP-Seq - Rep 1, BICALU | E2F1 ChIP-Seq - Rep 2, BICALU + HES6OE | E2F1 ChIP-Seq - Rep 4, BICALU | E2F1 ChIP-Seq - Rep 4, BICALU | E2F1 ChIP-Seq - Rep 3",,,,,,,,,,,,
SPP,FOSL2,FADS1,liver,FOSL2 IP - HepG2 cells,,,,,,,,,,,,
SPP,CTCF,FADS1,bone,CTCF IP - Osteoblasts ,,,,,,,,,,,,
SPP,CEBPB,FADS1,bone,"CEBPB IP, CEBPB IP",,,,,,,,,,,,
SPP,NFYC,FADS1,colon,NFYC IP ,,,,,,,,,,,,
SPP,FOS,FADS1,mammarygland,"FOS IP - MCF10A cells, FOS IP | 4HT - MCF10A cells, 12 h, FOS IP | 4HT - MCF10A cells, 4 h, FOS IP | 4HT - MCF10A cells, 36 h",,,,,,,,,,,,
SPP,TP53,FADS1,leukocytes,TP53 IP - Doxo DNA damage,,,,,,,,,,,,
SPP,CTCF,FADS1,miscellaneous,"CTCF IP - AG09319 cells, Rep 2 , CTCF IP - AG09319 cells, Rep 1 ",,,,,,,,,,,,
SPP,MAX,FADS1,uterus,"MAX IP - ECC1 cells, MAX IP - HeLa cells, Rep 2, MAX IP - HeLa cells, Rep 1",,,,,,,,,,,,
SPP,MYC,FADS1,uterus,MYC IP - HeLa cells,,,,,,,,,,,,
SPP,FOXA2,FADS1,lung,FOXA2 IP - A549 cells,,,,,,,,,,,,
SPP,MAX,FADS1,liver,"MAX IP - HepG2 cells, MAX IP - MCF7 cells, MAX IP - HepG2 cells",,,,,,,,,,,,
SPP,TAL1,FADS1,colon,TAL1 IP ,,,,,,,,,,,,
SPP,YY1,FADS1,lung,YY1 IP - A549 cells,,,,,,,,,,,,
SPP,YY1,FADS1,leukocytes,"YY1 IP - GM12878 cells, YY1 IP - K562 cells, Rep 1, YY1 IP - K562 cells, Rep 2",,,,,,,,,,,,
SPP,HMGN3,FADS1,leukocytes,HMGN3 IP - K562 cells,,,,,,,,,,,,
SPP,E2F6,FADS1,lung,E2F6 IP - A549 cells,,,,,,,,,,,,
SPP,CTCF,FADS1,skeletalmuscle,"CTCF IP - HSMM cells, Rep 1 , CTCF IP - HSMM cells, Rep 2 ",,,,,,,,,,,,
SPP,JUND,FADS1,stemcells,JUND IP - H1 cells,,,,,,,,,,,,
SPP,MAFK,FADS1,liver,"MAFK IP - HepG2 cells, Rep 1, MAFK IP - HepG2 cells, Rep 2",,,,,,,,,,,,
SPP,BCL3,FADS1,lung,BCL3 IP - A549 cells,,,,,,,,,,,,
SPP,TEAD4,FADS1,colon,TEAD4 IP - HCT116 cells,,,,,,,,,,,,
SPP,SIX2,FADS1,kidney,"SIX2 IP - 17 weeks, Rep 2, SIX2 IP - 17 weeks, Rep 1",,,,,,,,,,,,
SPP,CEBPB,FADS1,lung,"CEBPB ChIP-Seq - A549, CEBPB ChIP-Seq - IMR90, CEBPB IP - A549 cells",,,,,,,,,,,,
SPP,CTCF,FADS1,pancreas,CTCF IP,,,,,,,,,,,,
SPP,MAZ,FADS1,leukocytes,"MAZ IP - GM12878 cells, MAZ IP - K562 cells",,,,,,,,,,,,
SPP,MAX,FADS1,vasculature,MAX IP - HUVEC cells,,,,,,,,,,,,
SPP,SMAD1,FADS1,hspcs,SMAD1 IP - Rep 3,,,,,,,,,,,,
SPP,ATF2,FADS1,leukocytes,ATF2 IP - GM12878 cells,,,,,,,,,,,,
SPP,FOXP2,FADS1,cns,"FOXP2 IP - PFSK-1 cells, FOXP2 IP - SK cells",,,,,,,,,,,,
SPP,EGR1,FADS1,colon,EGR1 IP - HCT116 cells,,,,,,,,,,,,
SPP,CTCF,FADS1,liver,"CTCF IP - HepG2 cells , CTCF IP - HepG2 cells, Rep 2 , CTCF IP - HepG2 cells, Rep 1 , CTCF IP - SK-N-SH cells, CTCF IP",,,,,,,,,,,,
SPP,TFAP4,FADS1,leukocytes,"TFAP4 IP - Rep 1, TFAP4 IP - Rep 2",,,,,,,,,,,,
SPP,JUND,FADS1,lung,JUND IP - A549 cells,,,,,,,,,,,,
SPP,SP1,FADS1,leukocytes,SP1 IP - GM12878 cells,,,,,,,,,,,,
SPP,MYC,FADS1,liver,MYC IP,,,,,,,,,,,,
SPP,TCF12,FADS1,uterus,TCF12 IP - ECC1 cells,,,,,,,,,,,,
SPP,RUNX1,FADS1,hspcs,"RUNX1, RUNX1 IP",,,,,,,,,,,,
SPP,TCF3,FADS1,leukocytes,TCF3 IP - GM12878 cells,,,,,,,,,,,,
SPP,TCF12,FADS1,cns,TCF12 IP - SK-N-SH cells,,,,,,,,,,,,
SPP,SRF,FADS1,colon,SRF IP - HCT116 cells,,,,,,,,,,,,
SPP,NFYA,FADS1,leukocytes,NFYA IP - K562 cells,,,,,,,,,,,,
SPP,IRF1,FADS1,leukocytes,"IRF1 IP | IFNG - K562 cells, 6 h, IRF1 IP | IFNG - K562 cells, 30 min, IRF1 IP | IFNA1-13 - K562 cells, 6 h",,,,,,,,,,,,
SPP,TP63,FADS1,esophagus,TP63 IP - KYSE-70,,,,,,,,,,,,
SPP,YY1,FADS1,liver,YY1 IP - HepG2 cells,,,,,,,,,,,,
SPP,125DVD3,FADS1,colon,CEBPB IP | 125DVD3,,,,,,,,,,,,
SPP,CREB1,FADS1,uterus,CREB1 IP - ECC1 cells,,,,,,,,,,,,
SPP,E2F4,FADS1,leukocytes,E2F4 IP - K562 cells,,,,,,,,,,,,
SPP,CREB1,FADS1,leukocytes,"CREB1 IP - GM12878 cells, CREB1 IP - K562 cells",,,,,,,,,,,,
SPP,MAFK,FADS1,lung,MAFK IP - IMR cells,,,,,,,,,,,,
SPP,ELF1,FADS1,mammarygland,ELF1 IP - MCF7 cells,,,,,,,,,,,,
SPP,ZNF143,FADS1,uterus,"ZNF143 IP - HeLa cells, ZNF143 IP - HeLa, Rep 1",,,,,,,,,,,,
SPP,GABPA,FADS1,cns,GABPA IP - SK-N-SH cells,,,,,,,,,,,,
SPP,ZBTB7A,FADS1,uterus,ZBTB7A IP - ECC1 cells,,,,,,,,,,,,
SPP,TEAD4,FADS1,stemcells,TEAD4 IP - H1 cells,,,,,,,,,,,,
SPP,CEBPB,FADS1,uterus,"CEBPB IP - ECC1 cells, CEBPB ChIP-Seq - HeLaS3",,,,,,,,,,,,
SPP,TEAD4,FADS1,cns,TEAD4 IP - SK-N-SH cells,,,,,,,,,,,,
SPP,SATB1,FADS1,liver,SATB1 IP,,,,,,,,,,,,
SPP,EBF1,FADS1,leukocytes,"EBF1 IP - GM12878 cells, EBF1 IP - GM12878 cells",,,,,,,,,,,,
SPP,ELK1,FADS1,uterus,ELK1 IP - HeLa cells,,,,,,,,,,,,
SPP,FOXA1,FADS1,liver,"FOXA1 IP - HepG2 cells, Rep 2",,,,,,,,,,,,
SPP,HEY1,FADS1,liver,HEY1 IP - HepG2 cells,,,,,,,,,,,,
SPP,MAFF,FADS1,liver,MAFF IP - HepG2 cells,,,,,,,,,,,,
SPP,ELF1,FADS1,liver,ELF1 IP - HepG2 cells,,,,,,,,,,,,
SPP,TAL1,FADS1,leukocytes,TAL1 IP - MOLT3,,,,,,,,,,,,
SPP,TBP,FADS1,stemcells,TBP IP - H1 cells,,,,,,,,,,,,
SPP,PBX3,FADS1,cns,PBX3 IP - SK-N-SH cells,,,,,,,,,,,,
SPP,FOSL1,FADS1,colon,FOSL1 IP - HCT116 cells,,,,,,,,,,,,
SPP,CTCF,FADS1,esophagus,"CTCF IP - HEEpiC cells, Rep 1 ",,,,,,,,,,,,
SPP,IRF4,FADS1,leukocytes,IRF4 IP,,,,,,,,,,,,
SPP,YY1,FADS1,uterus,YY1 IP - ECC1 cells,,,,,,,,,,,,
SPP,GATA2,FADS1,cns,GATA2 ChIP-Seq SH-SY5Y,,,,,,,,,,,,
SPP,GATA3,FADS1,cns,GATA3 IP - SK-N-SH cells,,,,,,,,,,,,
SPP,MAX,FADS1,stemcells,MAX IP - H1 cells,,,,,,,,,,,,
SPP,FOXM1,FADS1,cns,FOXM1 IP - SK-N-SH cells,,,,,,,,,,,,
SPP,JUN,FADS1,leukocytes,"JUN IP - K562 cells, Rep 1, JUN IP - K562 cells, Rep 2",,,,,,,,,,,,
SPP,ELF1,FADS1,colon,ELF1 IP - HCT116 cells,,,,,,,,,,,,
SPP,MXI1,FADS1,liver,MXI1 IP - HepG2 cells,,,,,,,,,,,,
SPP,MAFK,FADS1,leukocytes,MAFK IP - K562 cells,,,,,,,,,,,,
SPP,FOS,FADS1,vasculature,FOS IP - HUVEC cells,,,,,,,,,,,,
SPP,PBX3,FADS1,lung,PBX3 IP - A549 cells,,,,,,,,,,,,
SPP,TBP,FADS1,liver,TBP IP - HepG2 cells,,,,,,,,,,,,
SPP,GABPA,FADS1,stemcells,GABPA IP - H1 cells,,,,,,,,,,,,
SPP,TP63,FADS1,lung,TP63 IP - HCC95,,,,,,,,,,,,
SPP,MAZ,FADS1,liver,MAZ IP - HepG2 cells,,,,,,,,,,,,
SPP,YY1,FADS1,stemcells,YY1 IP - H1 cells,,,,,,,,,,,,
SPP,ATF3,FADS1,colon,"ATF3 IP - HCT116 cells, ATF3 IP | CAMPTO",,,,,,,,,,,,
SPP,CREB1,FADS1,colon,CREB1 IP ,,,,,,,,,,,,
SPP,GATA2,FADS1,prostate,GATA2 KD + R1881 |Â FOXA1 ChIP-Seq,,,,,,,,,,,,
SPP,EGR1,FADS1,leukocytes,EGR1 IP - K562 cells,,,,,,,,,,,,
SPP,FOXA1,FADS1,lung,FOXA1 IP | DEX - A549 cells,,,,,,,,,,,,
SPP,ATF2,FADS1,colon,ATF2 IP ,,,,,,,,,,,,
SPP,TCF12,FADS1,stemcells,TCF12 IP - H1 cells,,,,,,,,,,,,
SPP,EBF1,FADS1,adiposetissue,EBF1 IP,,,,,,,,,,,,
SPP,RUNX1T1,FADS1,leukocytes,RUNX1T1 IP,,,,,,,,,,,,
SPP,REST,FADS1,stemcells,"REST IP - H1 cells, Rep 1",,,,,,,,,,,,
SPP,MXI1,FADS1,leukocytes,MXI1 IP - GM12878 cells,,,,,,,,,,,,
SPP,ZNF384,FADS1,leukocytes,ZNF384 IP - K562 cells,,,,,,,,,,,,
SPP,MAX,FADS1,lung,"MAX IP - A549 cells, MAX IP - A549 cells",,,,,,,,,,,,
SPP,TBP,FADS1,uterus,TBP IP - HeLa cells,,,,,,,,,,,,
SPP,JUND,FADS1,colon,JUND IP - HCT116 cells,,,,,,,,,,,,
SPP,ETS1,FADS1,leukocytes,"ETS1 IP, ETS1 IP - K562 cells",,,,,,,,,,,,
SPP,CEBPB,FADS1,mammarygland,CEBPB IP - MCF7 cells,,,,,,,,,,,,
SPP,FORSK,FADS1,liver,CEBPB IP | FORSK - HepG2 cells,,,,,,,,,,,,
SPP,E2F3,FADS1,colon,E2F3 IP ,,,,,,,,,,,,
SPP,USF1,FADS1,stemcells,USF1 IP - H1 cells,,,,,,,,,,,,
SPP,GATA3,FADS1,lung,GATA3 IP - A549 cells,,,,,,,,,,,,
SPP,REST,FADS1,lung,REST IP - A549 cells,,,,,,,,,,,,
SPP,SP1,FADS1,lung,SP1 IP - A549 cells,,,,,,,,,,,,
SPP,USF1,FADS1,cns,USF1 IP | ATRA - SK-N-SH cells,,,,,,,,,,,,
SPP,GLI2,FADS1,colon,GLI2 IP ,,,,,,,,,,,,
SPP,POU2F2,FADS1,leukocytes,POU2F2 IP - GM12878 cells,,,,,,,,,,,,
SPP,HOXA6,FADS1,colon,HOXA6 IP ,,,,,,,,,,,,
SPP,FOXA2,FADS1,embryonictissue,FOXA2 IP - Rep 2,,,,,,,,,,,,
SPP,ETV5,FADS1,colon,ETV5 IP ,,,,,,,,,,,,
SPP,ATF3,FADS1,leukocytes,ATF3 IP - K562 cells,,,,,,,,,,,,
SPP,MYC,FADS1,lung,MYC IP - A549 cells,,,,,,,,,,,,
SPP,ERG,FADS1,leukocytes,ERG IP - Rep 1,,,,,,,,,,,,
SPP,PIAS1,FADS1,prostate,"PIAS1 + R1881 | FOXA1 ChIP-Seq - Rep 2, PIAS1 + R1881 | FOXA1 ChIP-Seq - Rep 1",,,,,,,,,,,,
SPP,TCF12,FADS1,lung,TCF12 IP - A549 cells,,,,,,,,,,,,
SPP,YY1,FADS1,colon,YY1 IP - HCT116 cells,,,,,,,,,,,,
SPP,REST,FADS1,pancreas,"REST IP - Panc1 cells, Rep 3",,,,,,,,,,,,
SPP,JUN,FADS1,mammarygland,JUN IP - Rep 1,,,,,,,,,,,,
SPP,ZEB1,FADS1,liver,ZEB1 IP - HepG2 cells,,,,,,,,,,,,
SPP,TP53,FADS1,mammarygland,"TP53 IP, TP53 IP | NUTL3 - MCF-7",,,,,,,,,,,,
SPP,E2F4,FADS1,mammarygland,E2F4 IP | 4HT - MCF10 cells,,,,,,,,,,,,
SPP,USF1,FADS1,liver,USF1 IP - HepG2 cells,,,,,,,,,,,,
SPP,TCF7L2,FADS1,uterus,TCF7L2 IP - HeLa cells,,,,,,,,,,,,
SPP,ZNF143,FADS1,stemcells,ZNF143 IP - H1 cells,,,,,,,,,,,,
SPP,MTA3,FADS1,leukocytes,MTA3 IP - GM12878 cells,,,,,,,,,,,,
SPP,FOS,FADS1,leukocytes,FOS IP - K562 cells,,,,,,,,,,,,
SPP,GABPA,FADS1,liver,"GABPA IP - MCF7 cells, GABPA IP - HepG2 cells",,,,,,,,,,,,
SPP,JUN,FADS1,colon,JUN IP ,,,,,,,,,,,,
SPP,RELA,FADS1,colon,RELA IP ,,,,,,,,,,,,
SPP,NFYA,FADS1,uterus,NFYA IP - HeLa cells,,,,,,,,,,,,
SPP,SREBF1,FADS1,liver,SREBF1 IP | INS + 22RHC - HepG2 cells,,,,,,,,,,,,
SPP,22RHC; INS,FADS1,liver,SREBF1 IP | INS + 22RHC - HepG2 cells,,,,,,,,,,,,
SPP,MYBL2,FADS1,liver,MYBL2 IP - HepG2 cells,,,,,,,,,,,,
SPP,KLF5,FADS1,stomach,KLF5 IP - KATOIII,,,,,,,,,,,,
SPP,TEAD4,FADS1,leukocytes,TEAD4 IP - K562 cells,,,,,,,,,,,,
SPP,TCF12,FADS1,leukocytes,TCF12 IP - GM12878 cells,,,,,,,,,,,,
SPP,JUND,FADS1,vasculature,JUND IP,,,,,,,,,,,,
SPP,TP63,HACD1,thyroidgland,TP63 IP - TT MTC,,,,,,,,,,,,
SPP,MYB,HACD1,leukocytes,"MYB IP - Jurkat, Rep 2, MYB IP - Jurkat, Rep 3, MYB IP - Jurkat, Rep 1, MYB IP - MOLT3, MYB IP - Jurkat, Rep 5, MYB IP - Jurkat, Rep 4",,,,,,,,,,,,
SPP,CTCF,HACD1,leukocytes,"CTCF IP - K562 cells, Rep 1 , CTCF IP - GM06990 cells, Rep 1 , CTCF IP - F36P cells, Rep 9 , CTCF IP - UT-7 cells, Rep 4 , CTCF IP - GM12865 cells, Rep 2 , CTCF IP - MS1 cells, Rep 3 , CTCF IP - GM2630 cells, Rep 2 , CTCF IP - GM2588 cells, Rep 2 , CTCF IP - GM11994 cells, Rep 1, CTCF IP - GM10847 cells, Rep 3 , CTCF IP - UT-7 cells, Rep 3 , CTCF IP - MS1 cells, Rep 4 , CTCF IP - KU812 cells, Rep 17 , CTCF IP - KU812 cells, Rep 13 , CTCF IP - GM12874 cells, CTCF IP - F36P cells, Rep 6 , CTCF IP - GM12154 cells, Rep 1, CTCF IP - GM12866 cells , CTCF IP - F36P cells, Rep 5 , CTCF IP - GM2255 cells, Rep 2 , CTCF IP - GM11992 cells, Rep 1, CTCF IP - K562 cells, Rep 11 , CTCF IP - GM18486 cells, Rep 1 , CTCF IP - GM12873 cells, Rep 3 , CTCF IP - GM11811 cells, Rep 2, CTCF IP - GM12869 cells , CTCF IP - KU812 cells, Rep 9 , CTCF IP - HL-60 cells, Rep 7 , CTCF IP - GM12801 cells , CTCF IP - F36P cells, Rep 1 , CTCF IP - GM12891 cells, Rep 1 , CTCF IP - GM18486 cells, Rep 2 , CTCF IP - GM2588 cells, Rep 3 , CTCF IP - GM12865 cells, Rep 3 , CTCF IP - GM18951 cells, Rep 2 , CTCF IP - GM18526 cells, Rep 2 , CTCF IP - GM18505 cells, Rep 2 , CTCF IP - GM19193 cells, Rep 1 , CTCF IP - GM06986 cells, CTCF IP - GM12875 cells, Rep 2 , CTCF IP - F36P cells, Rep 7 , CTCF IP - K562 cells, Rep 16 , CTCF IP - K562 cells, Rep 9 , CTCF IP - GM12892 cells, Rep 2 , CTCF IP - KU812 cells, Rep 1 , CTCF IP - GM12006 cells, Rep 1, CTCF IP - F36P cells, Rep 11 , CTCF IP - GM12815 cells, Rep 2, CTCF IP - GM11881 cells, CTCF IP - F36P cells, Rep 3 , CTCF IP - HL-60 cells, Rep 2 , CTCF IP - GM18526 cells, Rep 1 , CTCF IP - F36P cells, Rep 19 , CTCF IP - F36P cells, Rep 17 , CTCF IP - GM11894 cells, Rep 2, CTCF IP - GM12828 cells, CTCF IP - GM12872 cells, Rep 2 , CTCF IP - GM12005 cells, Rep 1, CTCF IP - GM12005 cells, Rep 2, CTCF IP - GM12865 cells, Rep 1 , CTCF IP - GM19193 cells, Rep 2 , CTCF IP - GM12814 cells, Rep 1, CTCF IP - GM12868 cells , CTCF IP - GM18486 cells, Rep 3 , CTCF IP - GM12873 cells, Rep 1 , CTCF IP - GM12874 cells, Rep 2 , CTCF IP - GM12878 cells , CTCF IP - GM12890 cells, Rep 1 , CTCF IP - GM2588 cells, Rep 1 , CTCF IP - K562 cells, Rep 14 , CTCF IP - GM12864 cells, Rep 3 , CTCF IP - K562 cells, Rep 15 , CTCF IP - GM12749 cells, Rep 2, CTCF IP - GM2255 cells, Rep 1 , CTCF IP - GM12890 cells, Rep 2 , CTCF IP, CTCF IP - GM12872 cells, Rep 3 , CTCF IP - GM19238 cells, Rep 1 , CTCF IP - GM12878 cells, Rep 1 , CTCF IP - HL , CTCF IP - GM19239 cells, Rep 1 , CTCF IP - HL-60 cells, Rep 5 , CTCF IP - GM12864 cells, Rep 2 , CTCF IP - GM19240 cells, Rep 2 , CTCF IP - GM12878 cells, Rep 2 , CTCF IP - GM10847 cells, Rep 2 , CTCF IP - CD14+ cells , CTCF IP - KU812 cells, Rep 5 , CTCF IP - GM12814 cells, Rep 2, CTCF IP - GM11811 cells, Rep 1, CTCF ChIP-Seq - GM12878, CTCF IP - GM12006 cells, Rep 2, CTCF IP - HeLa cells, Rep 2 , CTCF IP - Â CD20+ cells , CTCF IP - K562 cells, CTCF IP - GM2610 cells, Rep 2 , CTCF IP - GM12489 cells, Rep 1, CTCF IP - NB4 cells , CTCF IP - GM12878 cells, Rep 1 , CTCF IP - GM12234 cells, CTCF IP - GM12749 cells, Rep 1, CTCF IP - GM2255 cells, Rep 3 , CTCF IP - F36P cells, Rep 13 , CTCF IP - GM12287 cells, Rep 1, CTCF IP - GM10847 cells, Rep 1 , CTCF IP - GM12870 cells , CTCF IP - GM12867 cells , CTCF IP - F36P cells, Rep 14 , CTCF IP - GM19238 cells, Rep 2 , CTCF IP - GM12873 cells, Rep 1 , CTCF IP - GM12890 cells, Rep 3 , CTCF IP - K562 cells, Rep 13 , CTCF IP - GM2610 cells, Rep 3 , CTCF IP - F36P cells, Rep 10 , CTCF IP - MS1 cells, Rep 1 , CTCF IP - GM18951 cells, Rep 1 , CTCF IP - GM07037 cells, CTCF IP - GM2610 cells, Rep 1 , CTCF IP - GM12892 cells, Rep 1 , CTCF IP - GM11994 cells, Rep 2, CTCF IP - GM19240 cells, Rep 1 , CTCF IP - GM12875 cells, Rep 1 , CTCF IP - K562 cells, CTCF IP - HL-60 cells, Rep 9 , CTCF IP - GM07346 cells, CTCF IP - Â DND , CTCF IP - GM12864 cells, Rep 1 , CTCF IP - GM12489 cells, Rep 2, CTCF IP - F36P cells, Rep 2 , CTCF IP - MS1 cells, Rep 2 , CTCF IP - K562 cells, Rep 12 , CTCF IP - GM2630 cells, Rep 3 , CTCF IP - GM18505 cells, Rep 1 , CTCF IP - GM06990 cells, Rep 2 , CTCF IP - GM12815 cells, Rep 1, CTCF IP - GM11831 cells, CTCF IP - F36P cells, Rep 15 , CTCF IP - GM19239 cells, Rep 2 , CTCF IP - GM12874 cells, Rep 1 , CTCF IP - GM12891 cells, Rep 2 , CTCF IP - GM12872 cells, CTCF IP - K562 cells, Rep 2 , CTCF IP - GM2630 cells, Rep 1 , CTCF IP, CTCF IP - GM12871 cells , CTCF IP - GM12154 cells, Rep 2, CTCF IP - GM19099 cells, Rep 1 , CTCF IP - GM12878 cells, Rep 2 , CTCF IP - K562 cells , CTCF IP - GM19099 cells, Rep 2 , CTCF IP - GM12872 cells, Rep 1 ",,,,,,,,,,,,
SPP,CTCF,HACD1,stemcells,"CTCF IP - Rep 5 , CTCF IP - H1 cells, CTCF IP - Rep 4 , CTCF IP - Rep 2 , CTCF IP - H1 cells , CTCF IP - Rep 1 , CTCF IP - Rep 7 , CTCF IP - Rep 3 , CTCF IP - Rep 6 ",,,,,,,,,,,,
SPP,MYC,HACD1,bone,"MYC IP, MYC IP",,,,,,,,,,,,
SPP,MAZ,HACD1,leukocytes,MAZ IP - K562 cells,,,,,,,,,,,,
SPP,TP73,HACD1,bone,"TP73 IP - beta isoform, Rep 1, TP73 IP - alpha isoform, Rep 1",,,,,,,,,,,,
SPP,CTCF,HACD1,colon,"CTCF IP - Caco , CTCF IP - Rep 1 , CTCF IP - HCT116 cells, Rep 2 , CTCF IP - HCT116 cells, CTCF IP - HCT116 cells, Rep 1 , CTCF IP - Rep 3 , CTCF IP - Caco-2 cells, Rep 1 ",,,,,,,,,,,,
SPP,CEBPB,HACD1,leukocytes,"CEBPB IP, CEBPB IP, CEBPB IP - K562 cells, CEBPB IP - Rep 204, CEBPB ChIP-Seq - K562, CEBPB IP | oxLDL  - Rep 208, CEBPB IP - Rep 203, CEBPB IP",,,,,,,,,,,,
SPP,CTCF,HACD1,skin,"CTCF IP - AG10803 cells, Rep 1 , CTCF IP - GM12878 cells, Rep 2 , CTCF IP - NHDF cells, Rep 2 , CTCF IP - AG09309 cells, Rep 1 , CTCF IP - AG04449 cells, Rep 1 , CTCF IP - AG10803 cells, Rep 2 , CTCF IP - AG09309 cells, Rep 2 , CTCF IP - HFFC cells, Rep 1 , CTCF IP - NHDF cells , CTCF IP - HFFC cells, Rep 3 , CTCF IP - NHDF cells, Rep 1 , CTCF IP - HFFC cells, Rep 2 , CTCF IP - NHEK cells, Rep 2 , CTCF IP - BJ cells, Rep 2 , CTCF IP - BJ cells, Rep 1 , CTCF IP - NHEK cells , CTCF IP - AG04449 cells, Rep 2 ",,,,,,,,,,,,
SPP,IRF4,HACD1,leukocytes,"IRF4 IP - GM12878 cells, IRF4 IP",,,,,,,,,,,,
SPP,CTCF,HACD1,sensory,"CTCF IP - HRPEpiC cells, Rep 1 , CTCF IP - WERI , CTCF IP - WERI-Rb-1- cells, Rep 1 , CTCF IP - HRPEpiC cells, Rep 2 ",,,,,,,,,,,,
SPP,CTCF,HACD1,megakaryocytelineage,"CTCF IP - MEG-01 cells, Rep 8 , CTCF IP - MEG-01 cells, Rep 3 , CTCF IP - MEG-01 cells, Rep 6 , CTCF IP - MEG-01 cells, Rep 2 , CTCF IP - MEG-01 cells, Rep 10 , CTCF IP - MEG-01 cells, Rep 4 ",,,,,,,,,,,,
SPP,MAFK,HACD1,leukocytes,"MAFK IP - K562 cells, MAFK IP - K562 cells",,,,,,,,,,,,
SPP,CTCF,HACD1,heart,"CTCF IP - myocytes cells, Rep 2 , CTCF IP - HCF cells , CTCF IP - myocytes cells, Rep 1 ",,,,,,,,,,,,
SPP,GATA6,HACD1,stomach,GATA6 IP - YCC3,,,,,,,,,,,,
SPP,YY1,HACD1,liver,YY1 IP - HepG2 cells,,,,,,,,,,,,
SPP,ZNF263,HACD1,kidney,ZNF263 IP - HEK293 cells,,,,,,,,,,,,
SPP,CTCF,HACD1,liver,"CTCF IP, CTCF IP - SK-N-SH cells, CTCF IP - HepG2 cells , CTCF IP - HepG2 cells, Rep 1 , CTCF IP - HepG2 cells, Rep 2 ",,,,,,,,,,,,
SPP,SRF,HACD1,stemcells,"SRF IP - Rep 4 , SRF IP - Rep 7 , SRF IP - Rep 6 , SRF IP - Rep 5 , SRF IP - Rep 1 , SRF IP - H1 cells",,,,,,,,,,,,
SPP,TP53,HACD1,skin,"TP53 IP - Adriam, TP53 IP",,,,,,,,,,,,
SPP,ARID3A,HACD1,leukocytes,ARID3A IP - K562 cells,,,,,,,,,,,,
SPP,CEBPB,HACD1,uterus,"CEBPB IP - ECC1 cells, CEBPB ChIP-Seq - HeLaS3",,,,,,,,,,,,
SPP,CTCF,HACD1,mammarygland,"CTCF IP - HMEC cells, Rep 1 , CTCF IP - T47D cells, CTCF IP - HMEC cells , CTCF IP - HMF cells, Rep 1 , CTCF IP - MCF-7 cells Rep 2 , CTCF IP - MCF-7 cells, Rep 1 , CTCF IP - HMF cells, Rep 2 , CTCF IP - HMEC cells, Rep 2 , CTCF IP - MCF7 cells",,,,,,,,,,,,
SPP,CTCF,HACD1,vasculature,"CTCF IP - HBMEC cells, Rep 1 , CTCF IP - HUVEC cells , CTCF IP - HUVEC cells, Rep 1 , CTCF IP - HBMEC cells, Rep 2 , CTCF IP - AoAFC cells, Rep 2 , CTCF IP - HPAF cells, Rep 2 , CTCF IP - HUVEC cells, Rep 2 , CTCF IP - HPAF cells, Rep 1 , CTCF IP - AoAFC cells, Rep 1 ",,,,,,,,,,,,
SPP,FOXA1,HACD1,mammarygland,"DHT | FOXA1 ChIP-Seq, FOXA1 IP - T47D cells",,,,,,,,,,,,
SPP,DHT,HACD1,mammarygland,"DHT | FOXA1 ChIP-Seq, DHT | MYC ChIP-Seq",,,,,,,,,,,,
SPP,CREB1,HACD1,lung,CREB1 IP | DEX - A549 cells,,,,,,,,,,,,
SPP,DEX,HACD1,lung,"CREB1 IP | DEX - A549 cells, CTCF IP | DEX - A549 cells , CTCF IP | DEX - A549 cells",,,,,,,,,,,,
SPP,MAX,HACD1,leukocytes,"MAX IP - K562 cells, MAX IP - NB4 cells, MAX IP - K562 cells, Rep 2",,,,,,,,,,,,
SPP,RUNX1,HACD1,hspcs,RUNX1,,,,,,,,,,,,
SPP,YY1,HACD1,cns,"YY1 IP | ATRA - SK-N-SH cells, YY1 IP - SK-N-SH cells",,,,,,,,,,,,
SPP,ATRA,HACD1,cns,"YY1 IP | ATRA - SK-N-SH cells, USF1 IP | ATRA - SK-N-SH cells",,,,,,,,,,,,
SPP,CEBPB,HACD1,stemcells,"CEBPB IP, CEBPB IP, CEBPB IP, CEBPB IP - H1 cells, CEBPB IP, CEBPB IP",,,,,,,,,,,,
SPP,MAX,HACD1,colon,MAX IP - HCT116 cells,,,,,,,,,,,,
SPP,IRF1,HACD1,leukocytes,"IRF1 IP | IFNG - K562 cells, 30 min, IRF1 IP | IFNA1-13 - K562 cells, 6 h, IRF1 IP - Rep 3",,,,,,,,,,,,
SPP,IFNG,HACD1,leukocytes,"IRF1 IP | IFNG - K562 cells, 30 min, MYC IP | IFNG - K562 cells, 6 h, IRF1 IP - Rep 3, MYC IP | IFNG - K562 cells, 30 min, STAT1 IP - Rep 5, STAT1 IP - Rep 3",,,,,,,,,,,,
SPP,CTCF,HACD1,kidney,"CTCF IP - HRE cells, Rep 2 , CTCF IP - HEK293 cells, Rep 2 , CTCF IP - RPTEC cells, Rep 1 , CTCF IP - HEK293 cells, Rep 1 , CTCF IP - RPTEC cells, Rep 2 , CTCF IP - HRE cells, Rep 1 ",,,,,,,,,,,,
SPP,ATF3,HACD1,colon,ATF3 IP | CAMPTO,,,,,,,,,,,,
SPP,FOXA1,HACD1,prostate,"FOXA1 ChIP-Seq - LNCaP, DHT | FOXA1 ChIP-Seq, CON KD + R1881 | FOXA1 ChIP-Seq - Rep 1, DHT | FOXA1 ChIP-Seq, CON KD | FOXA1 ChIP-Seq, EtOH | FOXA1 ChIP-Seq - , GATA2 KD + R1881 |Â FOXA1 ChIP-Seq, DHT | FOXA1 ChIP-Seq, R1881 | FOXA1 ChIP-Seq - Rep 2, CON KD |Â FOXA1 ChIP-Seq, FOXA1 KD | FOXA1 ChIP-Seq, CON KD + R1881 | FOXA1 ChIP-Seq - Rep 2, PIAS1 + R1881 | FOXA1 ChIP-Seq - Rep 2, DHT | FOXA1 ChIP-Seq, FOXA1 KD | FOXA1 ChIP-Seq, CON KD + R1881 |Â FOXA1 ChIP-Seq, PIAS1 + R1881 | FOXA1 ChIP-Seq - Rep 1, FOXA1 ChIP-Seq, WT AR OE + FOXA1 OE | FOXA1 ChIP-Seq - high FOXA1, EtOH | FOXA1 ChIP-Seq - Rep 2, AR C562S OE + FOXA1 OE | FOXA1 ChIP-Seq, FOXA1 KD + DHT | POU2F1 ChIP-Seq, POU2F1 KD + DHT | FOXA1 ChIP-Seq, R1881 | FOXA1 ChIP-Seq - Rep 1, CON KD | FOXA1 ChIP-Seq",,,,,,,,,,,,
SPP,CEBPB,HACD1,bone,"CEBPB IP, CEBPB IP",,,,,,,,,,,,
SPP,CTCF,HACD1,cns,"CTCF IP - SK-N-SH cells , CTCF IP - HCPEpiC cells, Rep 1 , CTCF IP - BE(2)-C cells, Rep 2 , CTCF IP - spinal cord astrocyte cells, Rep 1 , CTCF IP - SK cells, CTCF IP - SK-N-SH cells, Rep 1 , CTCF IP - NHA cells , CTCF IP - spinal cord astrocyte cells, Rep 2 , CTCF IP - HCPEpiC cells, Rep 2 , CTCF IP - SK-N-SH cells, Rep 2 , CTCF IP - cerebellar astrocyte cells, Rep 1 , CTCF IP - cerebellar astrocyte cells, Rep 2 , CTCF IP - BE(2)-C cells, Rep 1 ",,,,,,,,,,,,
SPP,CREB1,HACD1,liver,"CREB1 IP - HepG2 cells, CREB1 IP, CREB1 IP",,,,,,,,,,,,
SPP,GATA3,HACD1,mammarygland,GATA3 IP - T47D cells,,,,,,,,,,,,
SPP,SP1,HACD1,lung,SP1 IP - A549 cells,,,,,,,,,,,,
SPP,CTCF,HACD1,hspcs,"CTCF IP - HSPCs, Rep 1, CTCF IP - HEL 92.1.7 cells, Rep 14 , CTCF IP - HEL 92.1.7 cells, Rep 8 , CTCF IP - Erythroid cells, Rep 2, CTCF IP - HEL 92.1.7 cells, Rep 1 , CTCF IP - HEL 92.1.7 cells, Rep 5 , CTCF IP - HSPCs, Rep 2, CTCF IP - HEL 92.1.7 cells, Rep 4 , CTCF IP - HEL 92.1.7 cells, Rep 2 , CTCF IP - HEL 92.1.7 cells, Rep 11 , CTCF IP - Erythroid cells, Rep 1, CTCF IP - HEL 92.1.7 cells, Rep 10 ",,,,,,,,,,,,
SPP,FOS,HACD1,mammarygland,"FOS IP | 4HT - MCF10A cells, 12 h, FOS IP | 4HT - MCF10A cells, 4 h, FOS IP - MCF10A cells, FOS IP | 4HT - MCF10A cells, 36 h",,,,,,,,,,,,
SPP,4HT,HACD1,mammarygland,"FOS IP | 4HT - MCF10A cells, 12 h, FOS IP | 4HT - MCF10A cells, 4 h, FOS IP | 4HT - MCF10A cells, 36 h, E2F4 IP | 4HT - MCF10 cells",,,,,,,,,,,,
SPP,EBF1,HACD1,leukocytes,EBF1 IP - GM12878 cells,,,,,,,,,,,,
SPP,CTCF,HACD1,lung,"CTCF IP - SAEC cells, Rep 2 , CTCF IP - A549 cells , CTCF IP - NHLF cells , CTCF IP - SAEC cells, Rep 1 , CTCF IP - HPF cells, Rep 1 , CTCF IP - WI-38 cells, Rep 1 , CTCF IP - IMR cells, CTCF IP - AG04450 cells, Rep 2 , CTCF IP - HPF cells, Rep 2 , CTCF ChIP-Seq - A549, CTCF IP - AG04450 cells, Rep 1 , CTCF IP | DEX - A549 cells , CTCF IP - NHLF cells , CTCF IP | DEX - A549 cells, CTCF IP - A549 cells, Rep 2 , CTCF IP - A549 cells",,,,,,,,,,,,
SPP,E2F6,HACD1,lung,E2F6 IP - A549 cells,,,,,,,,,,,,
SPP,EGR1,HACD1,liver,EGR1 IP - MCF7 cells,,,,,,,,,,,,
SPP,NANOG,HACD1,stemcells,"NANOG IP - Rep 8 , NANOG IP - H1 cells, NANOG IP - Rep 5 ",,,,,,,,,,,,
SPP,JUN,HACD1,colon,JUN IP ,,,,,,,,,,,,
SPP,ARID3A,HACD1,liver,ARID3A IP - HepG2 cells,,,,,,,,,,,,
SPP,DHT,HACD1,prostate,"DHT | FOXA1 ChIP-Seq, DHT | FOXA1 ChIP-Seq, DHT | FOXA1 ChIP-Seq, DHT | FOXA1 ChIP-Seq, FOXA1 KD + DHT | POU2F1 ChIP-Seq, POU2F1 KD + DHT | FOXA1 ChIP-Seq, DHT | ERG ChIP-Seq - 2 h",,,,,,,,,,,,
SPP,ATF2,HACD1,colon,ATF2 IP ,,,,,,,,,,,,
SPP,R1881,HACD1,prostate,"CON KD + R1881 | FOXA1 ChIP-Seq - Rep 1, GATA2 KD + R1881 |Â FOXA1 ChIP-Seq, R1881 | FOXA1 ChIP-Seq - Rep 2, CON KD + R1881 | FOXA1 ChIP-Seq - Rep 2, PIAS1 + R1881 | FOXA1 ChIP-Seq - Rep 2, CON KD + R1881 |Â FOXA1 ChIP-Seq, PIAS1 + R1881 | FOXA1 ChIP-Seq - Rep 1, R1881 | FOXA1 ChIP-Seq - Rep 1",,,,,,,,,,,,
SPP,TEAD4,HACD1,leukocytes,TEAD4 IP - K562 cells,,,,,,,,,,,,
SPP,MXI1,HACD1,liver,MXI1 IP - HepG2 cells,,,,,,,,,,,,
SPP,TAL1,HACD1,leukocytes,"TAL1 IP - K562 cells, TAL1 IP - MOLT3",,,,,,,,,,,,
SPP,SPI1,HACD1,leukocytes,"SPI1 IP, SPI1 IP - GM12878 cells, SPI1 IP, SPI1 IP - GM12891 cells, SPI1 IP - GM12878 cells, Rep 2 , SPI1 IP - GM12878 cells, Rep 3 , SPI1 IP",,,,,,,,,,,,
SPP,E2F6,HACD1,leukocytes,"E2F6 IP - K562 cells, E2F6 IP - K562 cells",,,,,,,,,,,,
SPP,EGR1,HACD1,leukocytes,EGR1 IP - K562 cells,,,,,,,,,,,,
SPP,CEBPB,HACD1,liver,"CEBPB ChIP-Seq - HepG2, CEBPB IP | FORSK - HepG2 cells, CEBPB IP - HepG2 cells",,,,,,,,,,,,
SPP,MYC,HACD1,lung,MYC IP - A549 cells,,,,,,,,,,,,
SPP,CTCF,HACD1,uterus,"CTCF IP - ECC1 cells, CTCF IP - HeLa cells , CTCF IP - HeLa cells, Rep 1 ",,,,,,,,,,,,
SPP,RELA,HACD1,leukocytes,"RELA IP | TNF - GM19099 cells, RELA IP | TNF - GM10847 cells, RELA IP | TNF - GM18505 cells",,,,,,,,,,,,
SPP,TEAD4,HACD1,colon,TEAD4 IP - HCT116 cells,,,,,,,,,,,,
SPP,CEBPB,HACD1,lung,"CEBPB IP - A549 cells, CEBPB ChIP-Seq - A549, CEBPB ChIP-Seq - IMR90",,,,,,,,,,,,
SPP,POU2F2,HACD1,leukocytes,POU2F2 IP - GM12878 cells,,,,,,,,,,,,
SPP,E2F1,HACD1,uterus,"E2F1 IP - HeLa cells, Rep 1, E2F1 IP - HeLa cells, Rep 2",,,,,,,,,,,,
SPP,SRF,HACD1,colon,SRF IP - HCT116 cells,,,,,,,,,,,,
SPP,CTCF,HACD1,adiposetissue,"CTCF ChIP-Seq - d -2, CTCF ChIP-Seq - d 9, CTCF ChIP-Seq - d 0, CTCF ChIP-Seq - dÂ 3",,,,,,,,,,,,
SPP,MYC,HACD1,leukocytes,"MYC IP - NB4 cells, MYC IP | IFNG - K562 cells, 6 h, MYC IP | IFNG - K562 cells, 30 min",,,,,,,,,,,,
SPP,BHLHE40,HACD1,liver,BHLHE40 IP - HepG2 cells,,,,,,,,,,,,
SPP,KLF11,HACD1,adiposetissue,"KLF11 ChIP-Seq, Rep 2, ROSI (BrAT) | KLF11 ChIP-Seq, Rep 1, ROSI (BrAT) | KLF11 ChIP-Seq, Rep 2",,,,,,,,,,,,
SPP,HIF1A,HACD1,bone,HIF1A IP,,,,,,,,,,,,
SPP,GABPA,HACD1,leukocytes,"GABPA IP - Jurkat, Rep 2, GABPA IP - Jurkat, Rep 1",,,,,,,,,,,,
SPP,YY1,HACD1,leukocytes,"YY1 IP - K562 cells, Rep 2, YY1 IP - GM12878 cells, YY1 IP - K562 cells, Rep 1",,,,,,,,,,,,
SPP,E2F3,HACD1,colon,E2F3 IP ,,,,,,,,,,,,
SPP,GATA2,HACD1,prostate,GATA2 KD + R1881 |Â FOXA1 ChIP-Seq,,,,,,,,,,,,
SPP,CEBPB,HACD1,mammarygland,CEBPB IP - MCF7 cells,,,,,,,,,,,,
SPP,ZEB1,HACD1,liver,ZEB1 IP - HepG2 cells,,,,,,,,,,,,
SPP,STAT5A,HACD1,leukocytes,STAT5A IP - K562 cells,,,,,,,,,,,,
SPP,FORSK,HACD1,liver,CEBPB IP | FORSK - HepG2 cells,,,,,,,,,,,,
SPP,FOXM1,HACD1,leukocytes,FOXM1 IP - GM12878 cells,,,,,,,,,,,,
SPP,MAX,HACD1,cns,MAX IP - SK-N-SH cells,,,,,,,,,,,,
SPP,ZBTB7A,HACD1,uterus,ZBTB7A IP - ECC1 cells,,,,,,,,,,,,
SPP,CTCF,HACD1,placenta,"CTCF IP - HVMF cells, Rep 2 , CTCF IP - HVMF cells, Rep 1 ",,,,,,,,,,,,
SPP,YY1,HACD1,lung,YY1 IP - A549 cells,,,,,,,,,,,,
SPP,ERG,HACD1,prostate,"ERG ChIP-Seq, DHT | ERG ChIP-Seq - 2 h",,,,,,,,,,,,
SPP,GTF2B,HACD1,uterus,"GTF2B IP - DTT, Rep 1, GTF2B IP - Rep 2",,,,,,,,,,,,
SPP,BACH1,HACD1,stemcells,BACH1 IP - H1 cells,,,,,,,,,,,,
SPP,MAZ,HACD1,uterus,MAZ IP - HeLa cells,,,,,,,,,,,,
SPP,MAX,HACD1,liver,"MAX IP - HepG2 cells, MAX IP - MCF7 cells",,,,,,,,,,,,
SPP,REST,HACD1,liver,"REST IP - HepG2 cells, Rep 2",,,,,,,,,,,,
SPP,ELF1,HACD1,colon,ELF1 IP - HCT116 cells,,,,,,,,,,,,
SPP,SRF,HACD1,uterus,SRF IP - ECC1 cells,,,,,,,,,,,,
SPP,PBX3,HACD1,cns,PBX3 IP - SK-N-SH cells,,,,,,,,,,,,
SPP,CEBPB,HACD1,colon,"CEBPB IP, CEBPB IP - HCT116 cells, CEBPB IP | 125DVD3",,,,,,,,,,,,
SPP,EGR1,HACD1,uterus,EGR1 IP - ECC1 cells,,,,,,,,,,,,
SPP,TEAD4,HACD1,stemcells,TEAD4 IP - H1 cells,,,,,,,,,,,,
SPP,ZBTB7A,HACD1,liver,ZBTB7A IP - HepG2 cells,,,,,,,,,,,,
SPP,MAZ,HACD1,lung,MAZ IP - IMR cells,,,,,,,,,,,,
SPP,GATA1,HACD1,hspcs,"GATA1 IP - PBDE cells, Rep 1",,,,,,,,,,,,
SPP,MAX,HACD1,uterus,"MAX IP - HeLa cells, Rep 2, MAX IP - ECC1 cells, MAX IP - HeLa cells, Rep 1",,,,,,,,,,,,
SPP,TCF12,HACD1,cns,TCF12 IP - SK-N-SH cells,,,,,,,,,,,,
SPP,CEBPA,HACD1,leukocytes,CEBPA IP,,,,,,,,,,,,
SPP,MYC,HACD1,liver,MYC IP,,,,,,,,,,,,
SPP,TP53,HACD1,bone,"TP53 IP - Rep 2, TP53 IP | TP53EE/RR OE",,,,,,,,,,,,
SPP,ZNF143,HACD1,leukocytes,"ZNF143 IP - GM12878 cells, ZNF143 IP - K562 cells",,,,,,,,,,,,
SPP,SMAD1,HACD1,hspcs,SMAD1 IP - Rep 3,,,,,,,,,,,,
SPP,TP53,HACD1,mammarygland,TP53 IP,,,,,,,,,,,,
SPP,STAT3,HACD1,leukocytes,"STAT3 IP - SU-DHL-6, STAT3 IP - U-2932",,,,,,,,,,,,
SPP,SRF,HACD1,leukocytes,"SRF IP - SK-N-SH cells, SRF IP - GM12878 cells, Rep 2",,,,,,,,,,,,
SPP,GATA1,HACD1,leukocytes,GATA1 ChIP-Seq - SC266,,,,,,,,,,,,
SPP,SRF,HACD1,liver,SRF IP - HepG2 cells,,,,,,,,,,,,
SPP,TBP,HACD1,stemcells,TBP IP - H1 cells,,,,,,,,,,,,
SPP,JUND,HACD1,leukocytes,JUND IP - K562 cells,,,,,,,,,,,,
SPP,ZNF143,HACD1,stemcells,ZNF143 IP - H1 cells,,,,,,,,,,,,
SPP,E2F1,HACD1,mammarygland,"E2F1 IP, E2F1 IP - MCF7 cells",,,,,,,,,,,,
SPP,RUNX1,HACD1,leukocytes,RUNX1 IP,,,,,,,,,,,,
SPP,JUND,HACD1,vasculature,JUND IP,,,,,,,,,,,,
SPP,GABPA,HACD1,liver,"GABPA IP - MCF7 cells, GABPA IP - HepG2 cells",,,,,,,,,,,,
SPP,JUND,HACD1,uterus,JUND IP - HeLa cells,,,,,,,,,,,,
SPP,ATF1,HACD1,leukocytes,ATF1 IP - K562 cells,,,,,,,,,,,,
SPP,SP1,HACD1,colon,SP1 IP - HCT116 cells,,,,,,,,,,,,
SPP,CTCF,HACD1,bone,"CTCF IP - Osteoblasts , CTCF IP",,,,,,,,,,,,
SPP,CTCF,HACD1,miscellaneous,"CTCF IP - AG09319 cells, Rep 2 , CTCF IP - AG09319 cells, Rep 1 ",,,,,,,,,,,,
SPP,PIAS1,HACD1,prostate,"PIAS1 + R1881 | FOXA1 ChIP-Seq - Rep 2, PIAS1 + R1881 | FOXA1 ChIP-Seq - Rep 1",,,,,,,,,,,,
SPP,EGR1,HACD1,stemcells,EGR1 IP - H1 cells,,,,,,,,,,,,
SPP,FOSL1,HACD1,colon,FOSL1 IP - HCT116 cells,,,,,,,,,,,,
SPP,JUND,HACD1,stemcells,JUND IP - H1 cells,,,,,,,,,,,,
SPP,REST,HACD1,cns,"REST IP - U87 cells, REST IP - SK cells",,,,,,,,,,,,
SPP,GATA2,HACD1,hspcs,GATA2 IP,,,,,,,,,,,,
SPP,ZNF384,HACD1,leukocytes,ZNF384 IP - K562 cells,,,,,,,,,,,,
SPP,IFNA1,HACD1,leukocytes,"IRF1 IP | IFNA1-13 - K562 cells, 6 h",,,,,,,,,,,,
SPP,REST,HACD1,lung,REST IP - A549 cells,,,,,,,,,,,,
SPP,ROSI,HACD1,adiposetissue,"ROSI (BrAT) | KLF11 ChIP-Seq, Rep 1, ROSI (BrAT) | KLF11 ChIP-Seq, Rep 2",,,,,,,,,,,,
SPP,GABPA,HACD1,cns,GABPA IP - SK-N-SH cells,,,,,,,,,,,,
SPP,GATA2,HACD1,leukocytes,GATA2 IP - K562 cells,,,,,,,,,,,,
SPP,CTCF,HACD1,pancreas,CTCF IP,,,,,,,,,,,,
SPP,YY1,HACD1,stemcells,YY1 IP - H1 cells,,,,,,,,,,,,
SPP,MXI1,HACD1,cns,MXI1 IP - SK-N-SH cells ,,,,,,,,,,,,
SPP,FOXA2,HACD1,liver,FOXA2 IP - HepG2 cells,,,,,,,,,,,,
SPP,JUND,HACD1,colon,JUND IP - HCT116 cells,,,,,,,,,,,,
SPP,USF1,HACD1,cns,USF1 IP | ATRA - SK-N-SH cells,,,,,,,,,,,,
SPP,GATA3,HACD1,cns,GATA3 IP - SK-N-SH cells,,,,,,,,,,,,
SPP,TNF,HACD1,leukocytes,"RELA IP | TNF - GM10847 cells, RELA IP | TNF - GM18505 cells",,,,,,,,,,,,
SPP,MAX,HACD1,lung,MAX IP - A549 cells,,,,,,,,,,,,
SPP,TP53,HACD1,lung,"TP53 IP - propapoptic, Rep 1",,,,,,,,,,,,
SPP,FOXA2,HACD1,embryonictissue,FOXA2 IP - Rep 2,,,,,,,,,,,,
SPP,YY1,HACD1,uterus,YY1 IP - ECC1 cells,,,,,,,,,,,,
SPP,IRF1,HACD1,colon,IRF1 IP ,,,,,,,,,,,,
SPP,MAFF,HACD1,leukocytes,MAFF IP - K562 cells,,,,,,,,,,,,
SPP,E2F6,HACD1,stemcells,E2F6 IP - H1 cells,,,,,,,,,,,,
SPP,ELF1,HACD1,liver,ELF1 IP - HepG2 cells,,,,,,,,,,,,
SPP,MYC,HACD1,uterus,MYC IP - HeLa cells,,,,,,,,,,,,
SPP,AR,HACD1,prostate,"WT AR OE + FOXA1 OE | FOXA1 ChIP-Seq - high FOXA1, AR C562S OE + FOXA1 OE | FOXA1 ChIP-Seq",,,,,,,,,,,,"19668381,19668381,"
SPP,HEY1,HACD1,liver,HEY1 IP - HepG2 cells,,,,,,,,,,,,
SPP,UBTF,HACD1,leukocytes,UBTF IP - K562 cells,,,,,,,,,,,,
SPP,E2F4,HACD1,mammarygland,E2F4 IP | 4HT - MCF10 cells,,,,,,,,,,,,
SPP,BHLHE40,HACD1,leukocytes,"BHLHE40 IP - K562 cells, BHLHE40 IP - GM12878 cells",,,,,,,,,,,,
SPP,MXI1,HACD1,lung,MXI1 IP - IMR cells,,,,,,,,,,,,
SPP,MYBL2,HACD1,liver,MYBL2 IP - HepG2 cells,,,,,,,,,,,,
SPP,CTCF,HACD1,skeletalmuscle,"CTCF IP - HSMM cells, Rep 2 , CTCF IP - HSMM cells, Rep 1 ",,,,,,,,,,,,
SPP,TP63,HACD1,skin,TP63 IP,,,,,,,,,,,,
SPP,CREB1,HACD1,stemcells,CREB1 IP - H1 cells,,,,,,,,,,,,
SPP,POU2F1,HACD1,prostate,"FOXA1 KD + DHT | POU2F1 ChIP-Seq, POU2F1 KD + DHT | FOXA1 ChIP-Seq",,,,,,,,,,,,
SPP,ETS1,HACD1,leukocytes,ETS1 IP,,,,,,,,,,,,
SPP,YY1,HACD1,colon,YY1 IP - HCT116 cells,,,,,,,,,,,,
SPP,MAX,HACD1,stemcells,MAX IP - H1 cells,,,,,,,,,,,,
SPP,REST,HACD1,colon,REST IP - HCT116 cells,,,,,,,,,,,,
SPP,HOXA4,HACD1,colon,HOXA4 IP ,,,,,,,,,,,,
SPP,TCF12,HACD1,lung,TCF12 IP - A549 cells,,,,,,,,,,,,
SPP,STAT1,HACD1,leukocytes,"STAT1 IP - Rep 5, STAT1 IP - Rep 3",,,,,,,,,,,,
SPP,JUND,HACD1,liver,JUND IP - HepG2 cells,,,,,,,,,,,,
SPP,ATF2,HACD1,leukocytes,ATF2 IP - GM12878 cells,,,,,,,,,,,,
SPP,MYC,HACD1,mammarygland,DHT | MYC ChIP-Seq,,,,,,,,,,,,
SPP,SATB1,HACD1,liver,SATB1 IP,,,,,,,,,,,,
SPP,HOXA6,HACD1,colon,HOXA6 IP ,,,,,,,,,,,,
SPP,CTCF,HACD1,esophagus,"CTCF IP - HEEpiC cells, Rep 1 , CTCF IP - HEEpiC cells, Rep 2 ",,,,,,,,,,,,
SPP,SRF,HACD1,mammarygland,SRF IP - MCF7 cells,,,,,,,,,,,,
SPP,ELF1,HACD1,leukocytes,ELF1 IP - SK-N-SH cells,,,,,,,,,,,,
SPP,BATF,HACD1,leukocytes,BATF IP - GM12878 cells,,,,,,,,,,,,
SPP,EGR1,HACD1,colon,EGR1 IP - HCT116 cells,,,,,,,,,,,,
SPP,ZBTB7A,HACD1,leukocytes,ZBTB7A IP - SK-N-SH cells,,,,,,,,,,,,
SPP,MAZ,HACD1,liver,MAZ IP - HepG2 cells,,,,,,,,,,,,
SPP,125DVD3,HACD1,colon,CEBPB IP | 125DVD3,,,,,,,,,,,,
SPP,TEAD4,HACD1,uterus,TEAD4 IP - ECC1 cells,,,,,,,,,,,,
SPP,STAT3,HACD1,mammarygland,"STAT3 IP - MCF10A cells, Rep 2",,,,,,,,,,,,
SPP,USF1,HACD1,colon,USF1 IP - HCT116 cells,,,,,,,,,,,,
SPP,GABPA,HACD1,prostate,GABPA IP - Rep 1,,,,,,,,,,,,
SPP,OTX2,HACD1,stemcells,OTX2 IP - Rep 10 ,,,,,,,,,,,,
SPP,MAFK,HACD2,uterus,MAFK IP - HeLa cells,,,,,,,,,,,,
SPP,CTCF,HACD2,leukocytes,"CTCF IP - Â CD20+ cells , CTCF IP - K562 cells, CTCF IP - F36P cells, Rep 19 , CTCF IP - GM19239 cells, Rep 2 , CTCF IP - GM12891 cells, Rep 2 , CTCF IP - GM12878 cells, Rep 1 , CTCF IP - GM19239 cells, Rep 1 , CTCF IP - K562 cells, Rep 14 , CTCF IP - GM19238 cells, Rep 1 , CTCF IP - GM2255 cells, Rep 1 , CTCF IP - GM12890 cells, Rep 2 , CTCF IP - GM12878 cells, Rep 2 , CTCF IP - GM19240 cells, Rep 2 , CTCF ChIP-Seq - GM12878, CTCF IP - GM18526 cells, Rep 2 , CTCF IP - GM12871 cells , CTCF IP - GM18486 cells, Rep 1 , CTCF IP, CTCF IP - GM12892 cells, Rep 1 , CTCF IP - GM12872 cells, Rep 1 , CTCF IP - GM12878 cells, Rep 2 , CTCF IP - GM2610 cells, Rep 1 , CTCF IP - GM2588 cells, Rep 3 , CTCF IP - F36P cells, Rep 10 , CTCF IP - GM2630 cells, Rep 3 , CTCF IP - GM12890 cells, Rep 3 , CTCF IP - K562 cells, CTCF IP - GM11994 cells, Rep 2, CTCF IP - MS1 cells, Rep 1 , CTCF IP - F36P cells, Rep 2 , CTCF IP - K562 cells, Rep 12 , CTCF IP - GM12874 cells, Rep 1 , CTCF IP - GM2630 cells, Rep 1 , CTCF IP - GM19240 cells, Rep 1 , CTCF IP - MS1 cells, Rep 2 , CTCF IP - GM2610 cells, Rep 3 , CTCF IP - Â DND , CTCF IP - GM18486 cells, Rep 3 , CTCF IP - GM11831 cells, CTCF IP - KU812 cells, Rep 13 , CTCF IP - GM12869 cells , CTCF IP - F36P cells, Rep 15 , CTCF IP - GM2588 cells, Rep 1 , CTCF IP - GM12890 cells, Rep 1 , CTCF IP - GM2588 cells, Rep 2 , CTCF IP - UT-7 cells, Rep 4 , CTCF IP - MS1 cells, Rep 3 , CTCF IP - GM2630 cells, Rep 2 , CTCF IP - GM2255 cells, Rep 2 , CTCF IP - GM12891 cells, Rep 1 , CTCF IP - MS1 cells, Rep 4 , CTCF IP - F36P cells, Rep 6 , CTCF IP - GM19238 cells, Rep 2 , CTCF IP - GM2610 cells, Rep 2 , CTCF IP - GM2255 cells, Rep 3 , CTCF IP - K562 cells, Rep 16 , CTCF IP - F36P cells, Rep 7 , CTCF IP - F36P cells, Rep 11 , CTCF IP - F36P cells, Rep 3 , CTCF IP - GM12892 cells, Rep 2 ",,,,,,,,,,,,
SPP,E2F6,HACD2,leukocytes,"E2F6 IP - K562 cells, E2F6 IP - K562 cells",,,,,,,,,,,,
SPP,JUN,HACD2,colon,JUN IP ,,,,,,,,,,,,
SPP,CTCF,HACD2,miscellaneous,"CTCF IP - AG09319 cells, Rep 1 , CTCF IP - AG09319 cells, Rep 2 ",,,,,,,,,,,,
SPP,SIX5,HACD2,leukocytes,"SIX5 IP - GM12878 cells, SIX5 IP - K562 cells, Rep 2, SIX5 IP - K562 cells, Rep 1",,,,,,,,,,,,
SPP,GABPA,HACD2,stemcells,GABPA IP - H1 cells,,,,,,,,,,,,
SPP,GABPA,HACD2,leukocytes,"GABPA IP - GM12878 cells, Rep 5 , GABPA IP - Jurkat, Rep 1, GABPA IP - GM12878 cells, Rep 1 , GABPA IP - Jurkat, Rep 2",,,,,,,,,,,,
SPP,CTCF,HACD2,megakaryocytelineage,"CTCF IP - MEG-01 cells, Rep 2 , CTCF IP - MEG-01 cells, Rep 4 , CTCF IP - MEG-01 cells, Rep 10 , CTCF IP - MEG-01 cells, Rep 8 , CTCF IP - MEG-01 cells, Rep 6 ",,,,,,,,,,,,
SPP,CEBPB,HACD2,leukocytes,"CEBPB IP - K562 cells, CEBPB IP - HL-60 cells, Rep 1 , CEBPB IP, CEBPB ChIP-Seq - K562",,,,,,,,,,,,
SPP,YY1,HACD2,lung,YY1 IP - A549 cells,,,,,,,,,,,,
SPP,MTA3,HACD2,leukocytes,MTA3 IP - GM12878 cells,,,,,,,,,,,,
SPP,EGR1,HACD2,leukocytes,EGR1 IP - K562 cells,,,,,,,,,,,,
SPP,SRF,HACD2,stemcells,SRF IP - Rep 7 ,,,,,,,,,,,,
SPP,HIF1A,HACD2,bone,"HIF1A IP, HIF1A IP",,,,,,,,,,,,
SPP,CREB1,HACD2,prostate,"CREB1 ChIP-Seq - LNCaP-abl, CREB1 ChIP-Seq - Rep 2, FOXA1 siRNA | CREB1 ChIP-Seq - Rep 2, CREB1 ChIP-Seq - Rep 1, CREB1 siRNA | FOXA1 ChIP-Seq - Rep 2, FOXA1 siRNA | CREB1 ChIP-Seq - Rep 1, CREB1 ChIP-Seq - LNCaP",,,,,,,,,,,,
SPP,GATA2,HACD2,prostate,"GATA2 ChIP-Seq - Rep 1, GATA2 ChIP-Seq, GATA2 ChIP-Seq - Rep 2",,,,,,,,,,,,
SPP,MYC,HACD2,leukocytes,"MYC IP - NB4 cells, MYC IP - K562 cells, Rep 1, MYC IP | IFNG - K562 cells, 6 h, MYC IP | IFNA1 - K562 cells, 6 h, MYC IP | IFNG - K562 cells, 30 min",,,,,,,,,,,,
SPP,YY1,HACD2,leukocytes,"YY1 IP - GM12878 cells, YY1 IP - GM12892 cells, Rep 1, YY1 IP - K562 cells, Rep 1, YY1 IP - K562 cells, Rep 2, YY1 IP - GM12891 cells, YY1 IP - GM12878 cells, YY1 IP - K562 cells",,,,,,,,,,,,
SPP,SP1,HACD2,colon,SP1 IP - HCT116 cells,,,,,,,,,,,,
SPP,BARX1,HACD2,colon,BARX1 IP - Rep 1 ,,,,,,,,,,,,
SPP,MAX,HACD2,stemcells,"MAX IP - H1 cells, MAX IP - H1 cells",,,,,,,,,,,,
SPP,CEBPB,HACD2,uterus,CEBPB ChIP-Seq - HeLaS3,,,,,,,,,,,,
SPP,E2F4,HACD2,leukocytes,E2F4 IP - K562 cells,,,,,,,,,,,,
SPP,SMAD4,HACD2,embryonictissue,SMAD4 IP - endoderm,,,,,,,,,,,,
SPP,MXI1,HACD2,lung,MXI1 IP - IMR cells,,,,,,,,,,,,
SPP,RELA,HACD2,leukocytes,"RELA IP | TNF - GM12891 cells, RELA IP | TNF - GM18951 cells, RELA IP | TNF - GM18505 cells, RELA IP | TNF - GM10847 cells, RELA IP | TNF - GM12878 cells, RELA IP | TNF - GM12892 cells, RELA IP | BAY082  - IVD Th1 cells, PIA, RELA IP - IVD Th1 cells, PIA, RELA IP | TNF - GM19193 cells, RELA IP | TNF - GM15510 cells, RELA IP | TNF - GM19099 cells",,,,,,,,,,,,
SPP,TNF,HACD2,leukocytes,"RELA IP | TNF - GM12891 cells, RELA IP | TNF - GM18951 cells, RELA IP | TNF - GM18505 cells, RELA IP | TNF - GM10847 cells, RELA IP | TNF - GM12878 cells, RELA IP | TNF - GM12892 cells, RELA IP | TNF - GM19193 cells, RELA IP | TNF - GM15510 cells",,,,,,,,,,,,
SPP,ELF1,HACD2,leukocytes,"ELF1 IP - SK-N-SH cells, ELF1 IP - SK-N-SH cells",,,,,,,,,,,,
SPP,MYC,HACD2,mammarygland,"MYC IP - MCF-10A cells, MYC IP | 4HT - MCF10A cells, DHT | MYC ChIP-Seq, MYC IP",,,,,,,,,,,,
SPP,GATA2,HACD2,hspcs,GATA2 IP,,,,,,,,,,,,
SPP,REST,HACD2,stemcells,"REST IP - H1 cells, Rep 1, REST IP - H1 cells, Rep 2",,,,,,,,,,,,
SPP,REST,HACD2,cns,"REST IP - U87 cells, REST IP - SK cells, REST IP - PFSK-N-SH cells1 cells, Rep 1, REST IP - PFSK1 cells, Rep 2",,,,,,,,,,,,
SPP,FOXA2,HACD2,embryonictissue,FOXA2 IP - Rep 2,,,,,,,,,,,,
SPP,SPI1,HACD2,leukocytes,"SPI1 IP, SPI1 IP - HL-60 cells, Rep 4 , SPI1 IP, SPI1 IP - GM12891 cells, SPI1 IP - GM12878 cells, Rep 3 , SPI1 IP, SPI1 IP - GM12878 cells, SPI1 IP - GM12878 cells, Rep 4 , SPI1 IP, SPI1 IP - HL cells, SPI1 IP, ROSI | SPI1 ChIP-Seq, SPI1 IP, SPI1 IP, SPI1 IP - GM12878 cells, Rep 2 , SPI1 IP - K562 cells, SPI1 IP, SPI1 IP",,,,,,,,,,,,
SPP,E2F1,HACD2,prostate,"E2F1 ChIP-Seq - Rep 1, HES6 OE + BICALU | E2F1 ChIP-Seq - Rep 3, HES6 OE | E2F1 ChIP-Seq - Rep 4, BICALU | E2F1 ChIP-Seq - Rep 1, BICALU | E2F1 ChIP-Seq - Rep 2, BICALU + HES6OE | E2F1 ChIP-Seq - Rep 4, BICALU | E2F1 ChIP-Seq - Rep 3, HES6 OE | E2F1 ChIP-Seq - Rep 2, HES6 OE | E2F1 ChIP-Seq - Rep 3, E2F1 ChIP-Seq - Rep 2, E2F1 ChIP-Seq - Rep 3, HES6 OE + BICALU | E2F1 ChIP-Seq - Rep 1, HES6 OE | E2F1 ChIP-Seq - Rep 1, E2F1 ChIP-Seq - Rep 4",,,,,,,,,,,,
SPP,CREB1,HACD2,lung,CREB1 IP | DEX - A549 cells,,,,,,,,,,,,
SPP,DEX,HACD2,lung,CREB1 IP | DEX - A549 cells,,,,,,,,,,,,
SPP,CEBPB,HACD2,stemcells,"CEBPB IP, CEBPB IP, CEBPB IP, CEBPB IP",,,,,,,,,,,,
SPP,ZEB1,HACD2,liver,ZEB1 IP - HepG2 cells,,,,,,,,,,,,
SPP,ETS1,HACD2,lung,ETS1 IP - A549 cells,,,,,,,,,,,,
SPP,FOXM1,HACD2,mammarygland,"FOXM1 IP | THSP - DS008, FOXM1 IP - DS005, FOXM1 IP | THSP - DS006",,,,,,,,,,,,
SPP,GMEB2,HACD2,colon,GMEB2 IP ,,,,,,,,,,,,
SPP,JUN,HACD2,leukocytes,"JUN IP - K562 cells, Rep 1",,,,,,,,,,,,
SPP,UBTF,HACD2,leukocytes,"UBTF IP - K562 cells, UBTF IP - K562 cells",,,,,,,,,,,,
SPP,BICALU,HACD2,prostate,"HES6 OE + BICALU | E2F1 ChIP-Seq - Rep 3, BICALU | E2F1 ChIP-Seq - Rep 1, BICALU | E2F1 ChIP-Seq - Rep 2, BICALU + HES6OE | E2F1 ChIP-Seq - Rep 4, BICALU | E2F1 ChIP-Seq - Rep 3, HES6 OE + BICALU | E2F1 ChIP-Seq - Rep 1",,,,,,,,,,,,
SPP,HES6,HACD2,prostate,"HES6 OE + BICALU | E2F1 ChIP-Seq - Rep 3, HES6 OE | E2F1 ChIP-Seq - Rep 4, BICALU + HES6OE | E2F1 ChIP-Seq - Rep 4, HES6 OE | E2F1 ChIP-Seq - Rep 2, HES6 OE | E2F1 ChIP-Seq - Rep 3, HES6 OE + BICALU | E2F1 ChIP-Seq - Rep 1, HES6 OE | E2F1 ChIP-Seq - Rep 1",,,,,,,,,,,,
SPP,GLI2,HACD2,colon,GLI2 IP ,,,,,,,,,,,,
SPP,MYB,HACD2,leukocytes,"MYB IP - MOLT3, MYB IP - Jurkat, Rep 5, MYB IP - Jurkat, Rep 4, MYB IP - Jurkat, Rep 2, MYB IP - Jurkat, Rep 1, MYB IP - Jurkat, Rep 3",,,,,,,,,,,,
SPP,FOXA1,HACD2,prostate,"R1881 | FOXA1 ChIP-Seq - Rep 1, CON KD | FOXA1 ChIP-Seq, FOXA1 siRNA | CREB1 ChIP-Seq - Rep 2, CON KD + R1881 | FOXA1 ChIP-Seq - Rep 1, FOXA1 ChIP-Seq - Rep 2, R1881 | FOXA1 ChIP-Seq - Rep 2, CON KD + R1881 | FOXA1 ChIP-Seq - Rep 2, PIAS1 + R1881 | FOXA1 ChIP-Seq - Rep 2, PIAS1 + R1881 | FOXA1 ChIP-Seq - Rep 1, CREB1 siRNA | FOXA1 ChIP-Seq - Rep 2, FOXA1 siRNA | CREB1 ChIP-Seq - Rep 1, CON KD | FOXA1 ChIP-Seq",,,,,,,,,,,,
SPP,R1881,HACD2,prostate,"R1881 | FOXA1 ChIP-Seq - Rep 1, CON KD + R1881 | FOXA1 ChIP-Seq - Rep 1, GABPA IP | R1881, R1881 | FOXA1 ChIP-Seq - Rep 2, CON KD + R1881 | FOXA1 ChIP-Seq - Rep 2, PIAS1 + R1881 | FOXA1 ChIP-Seq - Rep 2, PIAS1 + R1881 | FOXA1 ChIP-Seq - Rep 1",,,,,,,,,,,,
SPP,IRF4,HACD2,leukocytes,"IRF4 IP, IRF4 IP - GM12878 cells",,,,,,,,,,,,
SPP,ZNF280D,HACD2,colon,ZNF280D IP ,,,,,,,,,,,,
SPP,SIX5,HACD2,lung,SIX5 IP | DEX - A549 cells,,,,,,,,,,,,
SPP,ELF1,HACD2,liver,ELF1 IP - HepG2 cells,,,,,,,,,,,,
SPP,FOXA2,HACD2,liver,FOXA2 IP - HepG2 cells,,,,,,,,,,,,"19822575,19822575,"
SPP,TP53,HACD2,mammarygland,"TP53 IP, TP53 IP | NUTL3 - MCF-7",,,,,,,,,,,,
SPP,REST,HACD2,lung,REST IP - A549 cells,,,,,,,,,,,,
SPP,SOX9,HACD2,colon,SOX9 IP ,,,,,,,,,,,,
SPP,TBP,HACD2,stemcells,TBP IP - H1 cells,,,,,,,,,,,,
SPP,MYC,HACD2,liver,MYC IP,,,,,,,,,,,,
SPP,CTCF,HACD2,sensory,"CTCF IP - HRPEpiC cells, Rep 2 ",,,,,,,,,,,,
SPP,MYC,HACD2,bone,"MYC IP, MYC IP",,,,,,,,,,,,
SPP,JUND,HACD2,cns,JUND IP - SK-N-SH cells ,,,,,,,,,,,,
SPP,ETS1,HACD2,leukocytes,"ETS1 IP - K562 cells, ETS1 IP - GM12878 cells, ETS1 IP",,,,,,,,,,,,"20019798,20019798,"
SPP,STAT1,HACD2,leukocytes,"STAT1 IP - Rep 5, STAT1 IP - Rep 1, STAT1 IP - Rep 4, STAT1 IP - Rep 3, STAT1 IP - Rep 6, STAT1 IP - Rep 2",,,,,,,,,,,,
SPP,IFNG,HACD2,leukocytes,"STAT1 IP - Rep 5, STAT1 IP - Rep 1, STAT1 IP - Rep 4, MYC IP | IFNG - K562 cells, 6 h, STAT1 IP - Rep 3, STAT1 IP - Rep 6, STAT1 IP - Rep 2, IRF1 IP - Rep 3, MYC IP | IFNG - K562 cells, 30 min, IRF1 IP | IFNG - K562 cells, 6 h",,,,,,,,,,,,
SPP,GABPA,HACD2,prostate,"GABPA IP - Rep 1, GABPA IP | R1881",,,,,,,,,,,,
SPP,CEBPB,HACD2,liver,"CEBPB ChIP-Seq - HepG2, CEBPB IP | FORSK - HepG2 cells",,,,,,,,,,,,
SPP,CTCF,HACD2,skin,"CTCF IP - AG10803 cells, Rep 2 , CTCF IP - AG04449 cells, Rep 1 , CTCF IP - AG04449 cells, Rep 2 , CTCF IP - NHDF cells, Rep 2 , CTCF IP - GM12878 cells, Rep 2 ",,,,,,,,,,,,
SPP,NFKB1,HACD2,leukocytes,"NFKB1 IP - Rep 2, NFKB1 IP - Rep 1",,,,,,,,,,,,
SPP,ELF3,HACD2,pancreas,"ELF3 IP, ELF3 IP, ELF3 IP | KLF5 KO",,,,,,,,,,,,
SPP,KLF11,HACD2,adiposetissue,"ROSI (BrAT) | KLF11 ChIP-Seq, Rep 1, KLF11 ChIP-Seq, Rep 1, ROSI (BrAT) | KLF11 ChIP-Seq, Rep 2, KLF11 ChIP-Seq, Rep 2",,,,,,,,,,,,
SPP,ROSI,HACD2,adiposetissue,"ROSI (BrAT) | KLF11 ChIP-Seq, Rep 1, ROSI (BrAT) | KLF11 ChIP-Seq, Rep 2",,,,,,,,,,,,
SPP,CREB1,HACD2,liver,"CREB1 IP - HepG2 cells, CREB1 IP, CREB1 IP, CREB1 IP",,,,,,,,,,,,
SPP,RBPJ,HACD2,leukocytes,"RBPJ IP | COMPE, RBPJ IP | COMPE - wash",,,,,,,,,,,,
SPP,COMPE,HACD2,leukocytes,"RBPJ IP | COMPE, RBPJ IP | COMPE - wash",,,,,,,,,,,,
SPP,MAX,HACD2,liver,"MAX IP - HepG2 cells, MAX IP - MCF7 cells",,,,,,,,,,,,
SPP,STAT3,HACD2,leukocytes,"STAT3 IP - U-2932, STAT3 IP - SU-DHL-6, STAT3 IP - OCI-LY7, STAT3 IP - SU-DHL-4, STAT3 IP - SU-DHL-2",,,,,,,,,,,,
SPP,REST,HACD2,pancreas,"REST IP - Panc1 cells, Rep 3",,,,,,,,,,,,
SPP,OTX2,HACD2,stemcells,"OTX2 IP - Rep 10 , OTX2 IP - Rep 4 ",,,,,,,,,,,,
SPP,CTCF,HACD2,vasculature,"CTCF IP - HUVEC cells, Rep 1 , CTCF IP - AoAFC cells, Rep 1 ",,,,,,,,,,,,
SPP,4HT,HACD2,mammarygland,"MYC IP | 4HT - MCF10A cells, E2F4 IP | 4HT - MCF10 cells, STAT3 IP | 4HT - MCF10 cells, 12 h, FOS IP | 4HT - MCF10A cells, 12 h, FOS IP | 4HT - MCF10A cells, 4 h, FOS IP | 4HT - MCF10A cells, 36 h",,,,,,,,,,,,
SPP,JUND,HACD2,liver,JUND IP - HepG2 cells,,,,,,,,,,,,
SPP,ZNF384,HACD2,leukocytes,ZNF384 IP - GM12878 cells,,,,,,,,,,,,
SPP,CTCF,HACD2,liver,CTCF IP - SK-N-SH cells,,,,,,,,,,,,
SPP,ZEB1,HACD2,leukocytes,ZEB1 IP - GM12878 cells,,,,,,,,,,,,
SPP,ELF1,HACD2,colon,ELF1 IP - HCT116 cells,,,,,,,,,,,,
SPP,DHT,HACD2,mammarygland,"DHT | MYC ChIP-Seq, DHT | FOXA1 ChIP-Seq",,,,,,,,,,,,
SPP,GABPA,HACD2,lung,GABPA IP - A549 cells,,,,,,,,,,,,
SPP,TCF12,HACD2,cns,TCF12 IP - SK-N-SH cells,,,,,,,,,,,,
SPP,TCF12,HACD2,uterus,TCF12 IP - ECC1 cells,,,,,,,,,,,,
SPP,CTCF,HACD2,pancreas,CTCF IP,,,,,,,,,,,,
SPP,STAT1,HACD2,uterus,"STAT1 IP | IFNG - HeLa cells, 30 min",,,,,,,,,,,,
SPP,IFNG,HACD2,uterus,"STAT1 IP | IFNG - HeLa cells, 30 min",,,,,,,,,,,,
SPP,ELF1,HACD2,cns,ELF1 IP - SK-N-SH cells,,,,,,,,,,,,
SPP,BCL3,HACD2,lung,BCL3 IP - A549 cells,,,,,,,,,,,,
SPP,MAX,HACD2,uterus,"MAX IP - ECC1 cells, MAX IP - HeLa cells, Rep 1, MAX IP - HeLa cells, Rep 2",,,,,,,,,,,,
SPP,MAZ,HACD2,liver,MAZ IP - HepG2 cells,,,,,,,,,,,,
SPP,REST,HACD2,leukocytes,"REST IP - GM12878 cells, Rep 10 , REST IP - GM12878 cells, Rep 4 , REST IP - GM12878 cells, Rep 27 , REST IP - HL60 cells, REST IP - GM12878 cells, Rep 12 , REST IP - GM12878 cells, Rep 14 ",,,,,,,,,,,,
SPP,SP1,HACD2,liver,SP1 IP - HepG2 cells,,,,,,,,,,,,
SPP,E2F1,HACD2,mammarygland,"E2F1 IP - MCF7 cells, E2F1 IP",,,,,,,,,,,,
SPP,FOXA1,HACD2,mammarygland,"DHT | FOXA1 ChIP-Seq, FOXA1 ChIP-Seq - Rep 1, FOXA1 IP - T47D cells, DEX | FOXA1 ChIP-Seq - Rep 1",,,,,,,,,,,,
SPP,REST,HACD2,mammarygland,REST IP - MCF7 cells,,,,,,,,,,,,
SPP,FOSL1,HACD2,colon,FOSL1 IP - HCT116 cells,,,,,,,,,,,,
SPP,TFAP4,HACD2,leukocytes,"TFAP4 IP - Rep 1, TFAP4 IP - Rep 2",,,,,,,,,,,,
SPP,STAT2,HACD2,colon,STAT2 IP ,,,,,,,,,,,,
SPP,CEBPB,HACD2,colon,"CEBPB IP, CEBPB IP - HCT116 cells, CEBPB IP | 125DVD3",,,,,,,,,,,,
SPP,ATF1,HACD2,leukocytes,ATF1 IP - K562 cells,,,,,,,,,,,,
SPP,ZBTB7A,HACD2,uterus,ZBTB7A IP - ECC1 cells,,,,,,,,,,,,
SPP,GABPA,HACD2,liver,"GABPA IP - HepG2 cells, GABPA IP, GABPA IP - MCF7 cells",,,,,,,,,,,,
SPP,MEF2B,HACD2,kidney,MEF2B IP | MEF2B OE - Rep 2,,,,,,,,,,,,
SPP,PBX3,HACD2,cns,PBX3 IP - SK-N-SH cells,,,,,,,,,,,,
SPP,ATF3,HACD2,colon,ATF3 IP - HCT116 cells,,,,,,,,,,,,
SPP,MAZ,HACD2,leukocytes,"MAZ IP - K562 cells, MAZ IP - GM12878 cells",,,,,,,,,,,,
SPP,TAL1,HACD2,colon,TAL1 IP ,,,,,,,,,,,,
SPP,MAX,HACD2,leukocytes,"MAX IP - NB4 cells, MAX IP - K562 cells, Rep 2, MAX IP - GM12878 cells, MAX IP - K562 cells",,,,,,,,,,,,
SPP,FOXM1,HACD2,uterus,FOXM1 IP - ECC1 cells,,,,,,,,,,,,
SPP,MAFK,HACD2,liver,"MAFK IP - HepG2 cells, Rep 2, MAFK IP - HepG2 cells, Rep 1",,,,,,,,,,,,
SPP,CTCF,HACD2,hspcs,"CTCF IP - HEL 92.1.7 cells, Rep 2 , CTCF IP - Erythroid cells, Rep 1, CTCF IP - HEL 92.1.7 cells, Rep 11 , CTCF IP - HEL 92.1.7 cells, Rep 14 , CTCF IP - HEL 92.1.7 cells, Rep 5 , CTCF IP - Erythroid cells, Rep 2",,,,,,,,,,,,
SPP,E2F4,HACD2,mammarygland,E2F4 IP | 4HT - MCF10 cells,,,,,,,,,,,,
SPP,MYBL2,HACD2,liver,MYBL2 IP - HepG2 cells,,,,,,,,,,,,
SPP,GATA4,HACD2,stomach,GATA4 IP - AGS,,,,,,,,,,,,
SPP,TEAD1,HACD2,cns,"TEAD1 IP - Rep 1, TEAD1 IP - Rep 2",,,,,,,,,,,,
SPP,ATF2,HACD2,leukocytes,ATF2 IP - GM12878 cells,,,,,,,,,,,,
SPP,FORSK,HACD2,liver,CEBPB IP | FORSK - HepG2 cells,,,,,,,,,,,,
SPP,YY1,HACD2,stemcells,"YY1 IP - H1 cells, YY1 IP - NT2 cells",,,,,,,,,,,,
SPP,JUND,HACD2,colon,JUND IP - HCT116 cells,,,,,,,,,,,,
SPP,GABPA,HACD2,cns,GABPA IP - SK-N-SH cells,,,,,,,,,,,,
SPP,BHLHE40,HACD2,liver,BHLHE40 IP - HepG2 cells,,,,,,,,,,,,
SPP,FOXP2,HACD2,cns,FOXP2 IP - SK cells,,,,,,,,,,,,
SPP,SRF,HACD2,leukocytes,SRF IP - SK-N-SH cells,,,,,,,,,,,,
SPP,YY1,HACD2,liver,YY1 IP - HepG2 cells,,,,,,,,,,,,
SPP,ATF2,HACD2,colon,ATF2 IP ,,,,,,,,,,,,
SPP,ZNF143,HACD2,leukocytes,"ZNF143 IP - GM12878 cells, ZNF143 IP - K562, ZNF143 IP - HPB-ALL, ZNF143 IP - K562 cells",,,,,,,,,,,,
SPP,HOXA4,HACD2,colon,HOXA4 IP ,,,,,,,,,,,,
SPP,FOS,HACD2,mammarygland,"FOS IP - MCF10A cells, FOS IP | 4HT - MCF10A cells, 12 h, FOS IP | 4HT - MCF10A cells, 4 h, FOS IP | 4HT - MCF10A cells, 36 h",,,,,,,,,,,,
SPP,GATA2,HACD2,cns,GATA2 ChIP-Seq SH-SY5Y,,,,,,,,,,,,
SPP,PRDM1,HACD2,uterus,PRDM1 IP - HeLa cells,,,,,,,,,,,,
SPP,POU2F2,HACD2,leukocytes,POU2F2 IP - GM12878 cells,,,,,,,,,,,,
SPP,TCF7L2,HACD2,uterus,TCF7L2 IP - HeLa cells,,,,,,,,,,,,
SPP,RUNX1,HACD2,leukocytes,"RUNX1 IP, RUNX1 IP - Rep 2",,,,,,,,,,,,
SPP,CDX2,HACD2,colon,"CDX2 IP, CDX2 IP | 125DVD3",,,,,,,,,,,,
SPP,GATA3,HACD2,mammarygland,"GATA3 IP - T47D cells, GATA3 IP - MCF7 cells",,,,,,,,,,,,
SPP,MAX,HACD2,lung,"MAX IP - A549 cells, MAX IP - A549 cells",,,,,,,,,,,,
SPP,MXI1,HACD2,liver,MXI1 IP - HepG2 cells,,,,,,,,,,,,
SPP,CTCF,HACD2,lung,"CTCF IP - IMR cells, CTCF IP - SAEC cells, Rep 1 , CTCF IP - SAEC cells, Rep 2 ",,,,,,,,,,,,
SPP,KLF5,HACD2,stomach,KLF5 IP - KATOIII,,,,,,,,,,,,
SPP,THAP1,HACD2,leukocytes,THAP1 IP - K562 cells,,,,,,,,,,,,
SPP,STAT3,HACD2,mammarygland,"STAT3 IP | 4HT - MCF10 cells, 12 h, STAT3 IP - MCF10A cells, Rep 2",,,,,,,,,,,,
SPP,EGR1,HACD2,liver,EGR1 IP - MCF7 cells,,,,,,,,,,,,
SPP,CTCF,HACD2,stemcells,"CTCF IP - Rep 6 , CTCF IP - H1 cells",,,,,,,,,,,,
SPP,SATB1,HACD2,liver,SATB1 IP,,,,,,,,,,,,
SPP,FOXM1,HACD2,leukocytes,FOXM1 IP - GM12878 cells,,,,,,,,,,,,
SPP,RELA,HACD2,colon,RELA IP ,,,,,,,,,,,,
SPP,CREB1,HACD2,colon,CREB1 IP ,,,,,,,,,,,,
SPP,MAFK,HACD2,lung,MAFK IP - IMR cells,,,,,,,,,,,,
SPP,ETV5,HACD2,colon,ETV5 IP ,,,,,,,,,,,,
SPP,TBP,HACD2,uterus,TBP IP - HeLa cells,,,,,,,,,,,,
SPP,FOSL2,HACD2,lung,FOSL2 IP - A549 cells,,,,,,,,,,,,
SPP,FOSL2,HACD2,liver,FOSL2 IP - HepG2 cells,,,,,,,,,,,,
SPP,E2F1,HACD2,uterus,"E2F1 IP - HeLa cells, Rep 2, E2F1 IP - HeLa cells, Rep 1",,,,,,,,,,,,
SPP,KLF5,HACD2,pancreas,"KLF5 IP, ELF3 IP | KLF5 KO",,,,,,,,,,,,
SPP,ELF1,HACD2,mammarygland,ELF1 IP - MCF7 cells,,,,,,,,,,,,
SPP,TEAD4,HACD2,colon,TEAD4 IP - HCT116 cells,,,,,,,,,,,,
SPP,TCF7L2,HACD2,pancreas,TCF7L2 IP,,,,,,,,,,,,
SPP,NFYB,HACD2,leukocytes,NFYB IP - GM12878 cells,,,,,,,,,,,,
SPP,JUN,HACD2,uterus,JUN IP - HeLa cells,,,,,,,,,,,,
SPP,MXI1,HACD2,leukocytes,MXI1 IP - GM12878 cells,,,,,,,,,,,,
SPP,GATA4,HACD2,stemcells,"GATA4 IP - Rep 13 , GATA4 IP - Rep 1 , GATA4 IP - Rep 7 ",,,,,,,,,,,,
SPP,YY1,HACD2,uterus,YY1 IP - ECC1 cells,,,,,,,,,,,,
SPP,SOX17,HACD2,stemcells,"SOX17 IP - Rep 1 , SOX17 IP - Rep 2 , SOX17 IP - Rep 4 ",,,,,,,,,,,,
SPP,MAX,HACD2,cns,MAX IP - SK-N-SH cells,,,,,,,,,,,,
SPP,GTF2B,HACD2,uterus,"GTF2B IP - Rep 3, GTF2B IP - Rep 2",,,,,,,,,,,,
SPP,CTCF,HACD2,cns,"CTCF IP - HCPEpiC cells, Rep 1 , CTCF IP - SK-N-SH cells , CTCF IP - SK-N-SH cells, Rep 2 , CTCF IP - SK-N-SH cells, Rep 1 , CTCF IP - SK cells",,,,,,,,,,,,
SPP,E2F6,HACD2,stemcells,E2F6 IP - H1 cells,,,,,,,,,,,,
SPP,GATA3,HACD2,cns,GATA3 IP - SK-N-SH cells,,,,,,,,,,,,
SPP,YY1,HACD2,colon,YY1 IP - HCT116 cells,,,,,,,,,,,,
SPP,FOXH1,HACD2,embryonictissue,FOXH1 IP - endoderm,,,,,,,,,,,,
SPP,SP1,HACD2,lung,SP1 IP - A549 cells,,,,,,,,,,,,
SPP,STAT3,HACD2,uterus,STAT3 IP - HeLa cells,,,,,,,,,,,,
SPP,TBP,HACD2,leukocytes,"TBP IP - GM12878 cells, TBP IP - K562 cells",,,,,,,,,,,,
SPP,PAX5,HACD2,leukocytes,"PAX5 IP - GM12878 cells, Rep 1, PAX5 IP - GM12892 cells",,,,,,,,,,,,
SPP,E2F4,HACD2,uterus,E2F4 IP - HeLa cells,,,,,,,,,,,,
SPP,PBX3,HACD2,leukocytes,PBX3 IP - GM12878 cells,,,,,,,,,,,,
SPP,NFKB2,HACD2,leukocytes,"NFKB2 IP - Rep 1, NFKB2 IP - Rep 2",,,,,,,,,,,,
SPP,YY1,HACD2,cns,"YY1 IP - SK-N-SH cells, YY1 IP | ATRA - SK-N-SH cells",,,,,,,,,,,,
SPP,E2F8,HACD2,colon,E2F8 IP ,,,,,,,,,,,,
SPP,E2F6,HACD2,uterus,E2F6 IP - HeLa cells,,,,,,,,,,,,
SPP,MAZ,HACD2,lung,MAZ IP - IMR cells,,,,,,,,,,,,
SPP,IRF1,HACD2,leukocytes,"IRF1 IP - Rep 3, IRF1 IP | IFNG - K562 cells, 6 h",,,,,,,,,,,,
SPP,SRF,HACD2,colon,SRF IP - HCT116 cells,,,,,,,,,,,,
SPP,CTCF,HACD2,heart,"CTCF IP - myocytes cells, Rep 1 ",,,,,,,,,,,,
SPP,TEAD4,HACD2,stemcells,TEAD4 IP - H1 cells,,,,,,,,,,,,
SPP,CEBPB,HACD2,mammarygland,CEBPB IP - MCF7 cells,,,,,,,,,,,,
SPP,IFNA1,HACD2,leukocytes,"MYC IP | IFNA1 - K562 cells, 6 h",,,,,,,,,,,,
SPP,FOXA1,HACD2,liver,"FOXA1 IP - HepG2 cells, Rep 2",,,,,,,,,,,,
SPP,TCF12,HACD2,lung,TCF12 IP - A549 cells,,,,,,,,,,,,
SPP,ROSI,HACD2,leukocytes,ROSI | SPI1 ChIP-Seq,,,,,,,,,,,,
SPP,FOS,HACD2,vasculature,FOS IP - HUVEC cells,,,,,,,,,,,,
SPP,ZNF76,HACD2,kidney,ZNF76 IP | ZNF76 OE,,,,,,,,,,,,
SPP,FOXA2,HACD2,lung,FOXA2 IP - A549 cells,,,,,,,,,,,,
SPP,125DVD3,HACD2,colon,"CDX2 IP | 125DVD3, CEBPB IP | 125DVD3",,,,,,,,,,,,
SPP,NFYA,HACD2,colon,NFYA IP ,,,,,,,,,,,,
SPP,FOXA2,HACD2,stemcells,FOXA2 IP - ES D5,,,,,,,,,,,,
SPP,STAT5A,HACD2,leukocytes,STAT5A IP - GM12878 cells,,,,,,,,,,,,
SPP,JUND,HACD2,leukocytes,JUND IP - K562 cells,,,,,,,,,,,,
SPP,IRF1,HACD2,pancreas,IRF1 IP,,,,,,,,,,,,
SPP,SP1,HACD2,stemcells,"SP1 IP - Rep 1 , SP1 IP - H1 cells",,,,,,,,,,,,
SPP,EBF1,HACD2,leukocytes,"EBF1 IP - GM12878 cells, EBF1 IP - GM12878 cells",,,,,,,,,,,,
SPP,EGR1,HACD2,uterus,EGR1 IP - ECC1 cells,,,,,,,,,,,,
SPP,CREB1,HACD2,leukocytes,"CREB1 IP - GM12878 cells, CREB1 IP - K562 cells",,,,,,,,,,,,
SPP,JUND,HACD2,uterus,JUND IP - HeLa cells,,,,,,,,,,,,
SPP,JUNB,HACD2,colon,JUNB IP ,,,,,,,,,,,,
SPP,MEF2A,HACD2,leukocytes,MEF2A IP - GM12878 cells,,,,,,,,,,,,
SPP,CREB1,HACD2,stemcells,CREB1 IP - H1 cells,,,,,,,,,,,,
SPP,HOXA6,HACD2,colon,HOXA6 IP ,,,,,,,,,,,,
SPP,PIAS1,HACD2,prostate,"PIAS1 + R1881 | FOXA1 ChIP-Seq - Rep 2, PIAS1 + R1881 | FOXA1 ChIP-Seq - Rep 1",,,,,,,,,,,,
SPP,ZNF143,HACD2,uterus,"ZNF143 IP - HeLa, Rep 1, ZNF143 Ip - HeLa, Rep 2, ZNF143 IP - HeLa cells",,,,,,,,,,,,
SPP,TEAD4,HACD2,uterus,TEAD4 IP - ECC1 cells,,,,,,,,,,,,
SPP,SIX5,HACD2,stemcells,SIX5 IP - H1 cells,,,,,,,,,,,,
SPP,SRF,HACD2,mammarygland,SRF IP - MCF7 cells,,,,,,,,,,,,
SPP,HEY1,HACD2,leukocytes,HEY1 IP - K562 cells,,,,,,,,,,,,
SPP,ATRA,HACD2,cns,YY1 IP | ATRA - SK-N-SH cells,,,,,,,,,,,,
SPP,SP1,HACD2,leukocytes,SP1 IP - GM12878 cells,,,,,,,,,,,,
SPP,USF1,HACD2,uterus,USF1 IP - ECC1 cells,,,,,,,,,,,,
SPP,TCF7L2,HACD2,mammarygland,TCF7L2 ChIP-Seq,,,,,,,,,,,,
SPP,E2F3,HACD2,colon,E2F3 IP ,,,,,,,,,,,,
SPP,HMGN3,HACD2,leukocytes,HMGN3 IP - K562 cells,,,,,,,,,,,,
SPP,BAY082,HACD2,leukocytes,"RELA IP | BAY082  - IVD Th1 cells, PIA",,,,,,,,,,,,
SPP,RELA,HACD2,adiposetissue,"RELA IP, RELA IP",,,,,,,,,,,,
SPP,BHLHE40,HACD2,leukocytes,"BHLHE40 IP - K562 cells, BHLHE40 IP - GM12878 cells",,,,,,,,,,,,
SPP,ZNF83,HACD2,colon,ZNF83 IP ,,,,,,,,,,,,
SPP,EGR1,HACD2,colon,EGR1 IP - HCT116 cells,,,,,,,,,,,,
SPP,USF1,HACD2,colon,USF1 IP - HCT116 cells,,,,,,,,,,,,
SPP,ARID3A,HACD2,liver,ARID3A IP - HepG2 cells,,,,,,,,,,,,
SPP,ZNF143,HACD2,colon,ZNF143 IP ,,,,,,,,,,,,
SPP,CEBPB,HACD2,lung,"CEBPB ChIP-Seq - A549, CEBPB ChIP-Seq - IMR90",,,,,,,,,,,,
SPP,REST,HACD2,liver,"REST IP - HepG2 cells, Rep 2, REST IP - HepG2 cells, Rep 1",,,,,,,,,,,,
SPP,HEY1,HACD2,liver,HEY1 IP - HepG2 cells,,,,,,,,,,,,
SPP,ZNF143,HACD2,kidney,ZNF143 IP - HEK293-T-rex,,,,,,,,,,,,
SPP,TBP,HACD2,liver,TBP IP - HepG2 cells,,,,,,,,,,,,
SPP,E2F6,HACD2,lung,E2F6 IP - A549 cells,,,,,,,,,,,,
SPP,ZC3H8,HACD2,colon,ZC3H8 IP,,,,,,,,,,,,
SPP,GTF2F1,HACD2,uterus,GTF2F1 IP - HeLa cells,,,,,,,,,,,,
SPP,TP73,HACD2,bone,"TP73 IP - beta isoform, Rep 1, TP73 IP - alpha isoform, Rep 1",,,,,,,,,,,,
SPP,ZNF263,HACD2,kidney,ZNF263 IP - HEK293 cells,,,,,,,,,,,,
SPP,MAX,HACD2,colon,MAX IP - HCT116 cells,,,,,,,,,,,,
SPP,TEAD4,HACD2,leukocytes,TEAD4 IP - K562 cells,,,,,,,,,,,,
SPP,IRF1,HACD2,colon,IRF1 IP ,,,,,,,,,,,,
SPP,TCF3,HACD2,leukocytes,TCF3 IP - GM12878 cells,,,,,,,,,,,,
SPP,ZNF143,HACD2,stemcells,ZNF143 IP - H1 cells,,,,,,,,,,,,
SPP,MAFF,HACD2,liver,MAFF IP - HepG2 cells,,,,,,,,,,,,
SPP,BATF,HACD2,leukocytes,BATF IP - GM12878 cells,,,,,,,,,,,,
SPP,ZBTB7A,HACD2,leukocytes,ZBTB7A IP - SK-N-SH cells,,,,,,,,,,,,
SPP,MAZ,HACD2,uterus,MAZ IP - HeLa cells,,,,,,,,,,,,
SPP,ATF2,HACD2,stemcells,ATF2 IP - H1 cells,,,,,,,,,,,,
SPP,ELF1,HACD2,lung,ELF1 IP - A549 cells,,,,,,,,,,,,
SPP,MYC,HACD2,lung,MYC IP - A549 cells,,,,,,,,,,,,
SPP,RUNX1,HACD2,hspcs,RUNX1,,,,,,,,,,,,
SPP,CTCF,HACD2,mammarygland,"CTCF IP - HMEC cells, Rep 1 ",,,,,,,,,,,,
SPP,NFYC,HACD2,colon,NFYC IP ,,,,,,,,,,,,
SPP,DEX,HACD2,mammarygland,DEX | FOXA1 ChIP-Seq - Rep 1,,,,,,,,,,,,
SPP,GATA6,HACD2,stomach,GATA6 IP - AGS,,,,,,,,,,,,
SPP,MXI1,HACD2,cns,MXI1 IP - SK-N-SH cells ,,,,,,,,,,,,
SPP,GATA1,HACD2,hspcs,"GATA1 IP - PBDE cells, Rep 1",,,,,,,,,,,,
SPP,FOXA1,HACD3,mammarygland,"DEX | FOXA1 ChIP-Seq - Rep 1, DEX | FOXA1 ChIP-Seq - Rep 2, DEX | FOXA1 ChIP-Seq - Rep 1, DEX | FOXA1 ChIP-Seq - Rep 2, 17BE2 | FOXA1 ChIP-Seq - Rep 2, FOXA1 ChIP-Seq - Rep 2, 17BE2 | FOXA1 ChIP-Seq - Rep 2, DEX | FOXA1 ChIP-Seq - Rep 2, FOXA1 IP - T47D cells, FOXA1 ChIP-Seq - Rep 2, DHT | FOXA1 ChIP-Seq, 17BE2 | FOXA1 ChIP-Seq - Rep 1, FOXA1 ChIP-Seq - Rep 1, FOXA1 ChIP-Seq - Rep 1, 17BE2 | FOXA1 ChIP-Seq - Rep 1",,,,,,,,,,,,
SPP,DEX,HACD3,mammarygland,"DEX | FOXA1 ChIP-Seq - Rep 1, DEX | FOXA1 ChIP-Seq - Rep 2, DEX | FOXA1 ChIP-Seq - Rep 1, DEX | FOXA1 ChIP-Seq - Rep 2, DEX | FOXA1 ChIP-Seq - Rep 2",,,,,,,,,,,,
SPP,GLI2,HACD3,colon,GLI2 IP ,,,,,,,,,,,,
SPP,CTCF,HACD3,leukocytes,"CTCF IP - GM2588 cells, Rep 2 , CTCF IP - GM19238 cells, Rep 1 , CTCF IP - GM2255 cells, Rep 2 , CTCF IP - K562 cells, CTCF IP - GM19238 cells, Rep 2 , CTCF IP - GM2610 cells, Rep 2 , CTCF IP, CTCF IP - GM2255 cells, Rep 3 , CTCF IP - GM2588 cells, Rep 3 , CTCF IP - GM12892 cells, Rep 2 , CTCF IP - MS1 cells, Rep 2 , CTCF IP - GM18486 cells, Rep 3 , CTCF IP - GM12891 cells, Rep 2 , CTCF IP - GM19239 cells, Rep 1 ",,,,,,,,,,,,
SPP,E2F3,HACD3,colon,E2F3 IP ,,,,,,,,,,,,
SPP,SPI1,HACD3,leukocytes,"SPI1 IP - GM12891 cells, SPI1 IP, SPI1 IP - GM12878 cells, Rep 3 , SPI1 IP - GM12878 cells, SPI1 IP - GM12878 cells, Rep 2 , SPI1 IP - GM12878 cells, Rep 4 ",,,,,,,,,,,,
SPP,FOXA1,HACD3,prostate,"CON KD  |Â FOXA1 ChIP-Seq, FOXA1 ChIP-Seq, R1881 | FOXA1 ChIP-Seq - Rep 2, DHT | FOXA1 ChIP-Seq, POU2F1 KD + DHT | FOXA1 ChIP-Seq, DHT | FOXA1 ChIP-Seq - C4- Rep 2B, AR Q640X OE + FOXA1 OE | FOXA1 ChIP-Seq, FOXA1 ChIP-Seq, R1881 | FOXA1 ChIP-Seq - Rep 1, DHT | FOXA1 ChIP-Seq, FOXA1 ChIP-Seq - Rep 2, FOXA1 ChIP-Seq - Rep 1, CON KD + R1881 | FOXA1 ChIP-Seq - Rep 2, CON KD | FOXA1 ChIP-Seq, FOXA1 ChIP-Seq - Rep 1, FOXA1 ChIP-Seq - LNCaP-abl, GATA2 KD + R1881 |Â FOXA1 ChIP-Seq, PIAS1 + R1881 | FOXA1 ChIP-Seq - Rep 2, DHT | FOXA1 ChIP-Seq, CON KD + R1881 |Â FOXA1 ChIP-Seq, FOXA1 KD | FOXA1 ChIP-Seq, PIAS1 + R1881 | FOXA1 ChIP-Seq - Rep 1, CON KD |Â FOXA1 ChIP-Seq, FOXA1 ChIP-Seq - VCaP, CON KD + R1881 | FOXA1 ChIP-Seq - Rep 1, FOXA1 siRNA | CREB1 ChIP-Seq - Rep 2, GATA2 KD  |Â FOXA1 ChIP-Seq, FOXA1 ChIP-Seq - LNCaP, FOXA1 ChIP-Seq, WT AR OE + FOXA1 OE | FOXA1 ChIP-Seq - high FOXA1, CREB1 siRNA | FOXA1 ChIP-Seq - Rep 2, EtOH | FOXA1 ChIP-Seq - , FOXA1 ChIP-Seq, FOXA1 KD | FOXA1 ChIP-Seq, FOXA1 ChIP-Seq - Rep 2, FOXA1 KD |Â GATA2 ChIP-Seq, EtOH | FOXA1 ChIP-Seq - Rep 2, CREB1 siRNA | FOXA1 ChIP-Seq - Rep 1, AR C562S OE + FOXA1 OE | FOXA1 ChIP-Seq, FOXA1 siRNA | CREB1 ChIP-Seq - Rep 1, DHT | FOXA1 ChIP-Seq, CON KD | FOXA1 ChIP-Seq",,,,,,,,,,,,
SPP,JUN,HACD3,colon,JUN IP ,,,,,,,,,,,,
SPP,E2F1,HACD3,prostate,"HES6 OE | E2F1 ChIP-Seq - Rep 1, HES6 OE + BICALU | E2F1 ChIP-Seq - Rep 1, E2F1 ChIP-Seq - Rep 4, BICALU + HES6OE | E2F1 ChIP-Seq - Rep 4, BICALU + HES6 OE | E2F1 ChIP-Seq - Rep 2, HES6 OE | E2F1 ChIP-Seq - Rep 2, BICALU | E2F1 ChIP-Seq - Rep 3, E2F1 ChIP-Seq - Rep 1, HES6 OE | E2F1 ChIP-Seq - Rep 3, HES6 OE + BICALU | E2F1 ChIP-Seq - Rep 3, HES6 OE | E2F1 ChIP-Seq - Rep 4, E2F1 ChIP-Seq - Rep 2, E2F1 ChIP-Seq - Rep 3, BICALU | E2F1 ChIP-Seq - Rep 1",,,,,,,,,,,,
SPP,HES6,HACD3,prostate,"HES6 OE | E2F1 ChIP-Seq - Rep 1, HES6 OE + BICALU | E2F1 ChIP-Seq - Rep 1, BICALU + HES6OE | E2F1 ChIP-Seq - Rep 4, BICALU + HES6 OE | E2F1 ChIP-Seq - Rep 2, HES6 OE | E2F1 ChIP-Seq - Rep 2, HES6 OE | E2F1 ChIP-Seq - Rep 3, HES6 OE + BICALU | E2F1 ChIP-Seq - Rep 3, HES6 OE | E2F1 ChIP-Seq - Rep 4",,,,,,,,,,,,
SPP,R1881,HACD3,prostate,"R1881 | FOXA1 ChIP-Seq - Rep 2, R1881 | FOXA1 ChIP-Seq - Rep 1, CON KD + R1881 | FOXA1 ChIP-Seq - Rep 2, GATA2 KD + R1881 |Â FOXA1 ChIP-Seq, PIAS1 + R1881 | FOXA1 ChIP-Seq - Rep 2, CON KD + R1881 |Â FOXA1 ChIP-Seq, PIAS1 + R1881 | FOXA1 ChIP-Seq - Rep 1, CON KD + R1881 | FOXA1 ChIP-Seq - Rep 1",,,,,,,,,,,,
SPP,DHT,HACD3,prostate,"DHT | FOXA1 ChIP-Seq, POU2F1 KD + DHT | FOXA1 ChIP-Seq, DHT | FOXA1 ChIP-Seq - C4- Rep 2B, DHT | FOXA1 ChIP-Seq, DHT | FOXP1 ChIP-Seq, DHT | FOXA1 ChIP-Seq, DHT | FOXA1 ChIP-Seq",,,,,,,,,,,,
SPP,GABPA,HACD3,liver,GABPA IP - HepG2 cells,,,,,,,,,,,,
SPP,GATA2,HACD3,vasculature,GATA2 IP - HUVEC cells,,,,,,,,,,,,
SPP,THAP1,HACD3,leukocytes,THAP1 IP - K562 cells,,,,,,,,,,,,
SPP,UBTF,HACD3,leukocytes,UBTF IP - K562 cells,,,,,,,,,,,,
SPP,POU2F1,HACD3,prostate,POU2F1 KD + DHT | FOXA1 ChIP-Seq,,,,,,,,,,,,
SPP,JUND,HACD3,vasculature,JUND IP,,,,,,,,,,,,
SPP,CREB1,HACD3,prostate,"CREB1 ChIP-Seq - LNCaP-abl, CREB1 ChIP-Seq - Rep 2, FOXA1 siRNA | CREB1 ChIP-Seq - Rep 2, CREB1 siRNA | FOXA1 ChIP-Seq - Rep 2, CREB1 siRNA | FOXA1 ChIP-Seq - Rep 1, FOXA1 siRNA | CREB1 ChIP-Seq - Rep 1, CREB1 ChIP-Seq - LNCaP",,,,,,,,,,,,
SPP,MYC,HACD3,leukocytes,"MYC IP - K562 cells, Rep 2, MYC IP - NB4 cells, MYC IP | IFNA1 - K562 cells, 6 h, MYC IP - K562 cells, Rep 1, MYC IP | IFNG - K562 cells, 30 min, MYC IP | IFNG - K562 cells, 6 h",,,,,,,,,,,,
SPP,OTX2,HACD3,stemcells,"OTX2 IP - Rep 6 , OTX2 IP - Rep 10 ",,,,,,,,,,,,
SPP,MAX,HACD3,uterus,"MAX IP - HeLa cells, Rep 2, MAX IP - HeLa cells, Rep 1, MAX IP - ECC1 cells",,,,,,,,,,,,
SPP,STAT1,HACD3,uterus,"STAT1 IP | IFNG - HeLa cells, 30 min",,,,,,,,,,,,
SPP,IFNG,HACD3,uterus,"STAT1 IP | IFNG - HeLa cells, 30 min",,,,,,,,,,,,
SPP,AR,HACD3,prostate,"AR Q640X OE + FOXA1 OE | FOXA1 ChIP-Seq, WT AR OE + FOXA1 OE | FOXA1 ChIP-Seq - high FOXA1, AR C562S OE + FOXA1 OE | FOXA1 ChIP-Seq",,,,,,,,,,,,
SPP,FOXA1,HACD3,liver,"FOXA1 IP - HepG2 cells, Rep 2, FOXA1 IP - HepG2 cells, Rep 1",,,,,,,,,,,,
SPP,FOXA2,HACD3,stemcells,"FOXA2 IP - ES D7, FOXA2 IP - Rep 1 , FOXA2 IP - Rep 5 , FOXA2 IP - ES D5",,,,,,,,,,,,
SPP,TBP,HACD3,uterus,TBP IP - HeLa cells,,,,,,,,,,,,
SPP,GATA4,HACD3,stemcells,"GATA4 IP - Rep 11 , GATA4 IP - Rep 8 , GATA4 IP - Rep 9 , GATA4 IP - Rep 10 , GATA4 IP - Rep 3 , GATA4 IP - Rep 12 ",,,,,,,,,,,,
SPP,FOXA1,HACD3,pancreas,"FOXA1 IP, FOXA1 IP, FOXA1 IP | KLF5 KO",,,,,,,,,,,,
SPP,CREB1,HACD3,lung,CREB1 IP | DEX - A549 cells,,,,,,,,,,,,
SPP,DEX,HACD3,lung,"CREB1 IP | DEX - A549 cells, FOXA1 IP | DEX - A549 cells",,,,,,,,,,,,
SPP,PAX5,HACD3,leukocytes,"PAX5 IP - GM12878 cells, Rep 1, PAX5 IP - GM12878 cells, Rep 2, PAX5 IP - GM12892 cells",,,,,,,,,,,,
SPP,TEAD4,HACD3,uterus,TEAD4 IP - ECC1 cells,,,,,,,,,,,,
SPP,FOS,HACD3,mammarygland,"FOS IP | 4HT - MCF10A cells, 36 h, FOS IP | 4HT - MCF10A cells, 12 h, FOS IP | 4HT - MCF10A cells, 4 h, FOS IP - MCF10A cells",,,,,,,,,,,,
SPP,4HT,HACD3,mammarygland,"FOS IP | 4HT - MCF10A cells, 36 h, FOS IP | 4HT - MCF10A cells, 12 h, FOS IP | 4HT - MCF10A cells, 4 h, MYC IP | 4HT - MCF10A cells",,,,,,,,,,,,
SPP,MYB,HACD3,leukocytes,"MYB IP - Jurkat, Rep 3, MYB IP - Jurkat, Rep 5, MYB IP - Jurkat, Rep 4, MYB IP - Jurkat, Rep 1, MYB IP - Jurkat, Rep 2, MYB IP - MOLT3",,,,,,,,,,,,
SPP,RELA,HACD3,adiposetissue,RELA IP,,,,,,,,,,,,
SPP,CTCF,HACD3,liver,"CTCF IP - SK-N-SH cells, CTCF IP - HepG2 cells , CTCF IP - HepG2 cells, Rep 1 , CTCF IP",,,,,,,,,,,,
SPP,CREB1,HACD3,liver,"CREB1 IP - HepG2 cells, CREB1 IP",,,,,,,,,,,,
SPP,BICALU,HACD3,prostate,"HES6 OE + BICALU | E2F1 ChIP-Seq - Rep 1, BICALU + HES6OE | E2F1 ChIP-Seq - Rep 4, BICALU + HES6 OE | E2F1 ChIP-Seq - Rep 2, BICALU | E2F1 ChIP-Seq - Rep 3, HES6 OE + BICALU | E2F1 ChIP-Seq - Rep 3, BICALU | E2F1 ChIP-Seq - Rep 1",,,,,,,,,,,,
SPP,MYC,HACD3,uterus,MYC IP - HeLa cells,,,,,,,,,,,,
SPP,17BE2,HACD3,mammarygland,"17BE2 | FOXA1 ChIP-Seq - Rep 2, 17BE2 | FOXA1 ChIP-Seq - Rep 2, 17BE2 | FOXA1 ChIP-Seq - Rep 1, 17BE2 | FOXA1 ChIP-Seq - Rep 1",,,,,,,,,,,,
SPP,SP1,HACD3,leukocytes,SP1 IP - GM12878 cells,,,,,,,,,,,,
SPP,FOSL2,HACD3,lung,FOSL2 IP - A549 cells,,,,,,,,,,,,
SPP,FOXP1,HACD3,colon,FOXP1 IP ,,,,,,,,,,,,
SPP,CEBPB,HACD3,uterus,CEBPB ChIP-Seq - HeLaS3,,,,,,,,,,,,
SPP,JUN,HACD3,leukocytes,"JUN IP - K562 cells, Rep 1, JUN IP - K562 cells, Rep 2",,,,,,,,,,,,
SPP,ELF1,HACD3,leukocytes,"ELF1 IP - SK-N-SH cells, ELF1 IP - SK-N-SH cells",,,,,,,,,,,,
SPP,CEBPB,HACD3,leukocytes,CEBPB IP,,,,,,,,,,,,
SPP,BATF,HACD3,leukocytes,BATF IP - GM12878 cells,,,,,,,,,,,,
SPP,FOXA2,HACD3,embryonictissue,"FOXA2 IP - Rep 1, FOXA2 IP - Rep 2",,,,,,,,,,,,
SPP,NANOG,HACD3,stemcells,NANOG IP - Rep 8 ,,,,,,,,,,,,
SPP,HMGN3,HACD3,leukocytes,HMGN3 IP - K562 cells,,,,,,,,,,,,
SPP,REST,HACD3,stemcells,"REST IP - H1 cells, Rep 1",,,,,,,,,,,,
SPP,FOSL2,HACD3,liver,FOSL2 IP - HepG2 cells,,,,,,,,,,,,
SPP,E2F1,HACD3,uterus,"E2F1 IP - HeLa cells, Rep 2, E2F1 IP - HeLa cells, Rep 1",,,,,,,,,,,,
SPP,TEAD4,HACD3,leukocytes,TEAD4 IP - K562 cells,,,,,,,,,,,,
SPP,FOXP1,HACD3,prostate,DHT | FOXP1 ChIP-Seq,,,,,,,,,,,,
SPP,SOX17,HACD3,stemcells,SOX17 IP - Rep 1 ,,,,,,,,,,,,
SPP,MAX,HACD3,leukocytes,"MAX IP - NB4 cells, MAX IP - K562 cells, Rep 2, MAX IP - K562 cells, MAX IP - GM12878 cells",,,,,,,,,,,,
SPP,JUND,HACD3,leukocytes,JUND IP - K562 cells,,,,,,,,,,,,
SPP,GATA4,HACD3,stomach,GATA4 IP - AGS,,,,,,,,,,,,
SPP,ETS1,HACD3,leukocytes,"ETS1 IP, ETS1 IP - K562 cells",,,,,,,,,,,,
SPP,ZKSCAN1,HACD3,uterus,ZKSCAN1 IP - HeLa cells,,,,,,,,,,,,
SPP,ZBTB7A,HACD3,leukocytes,ZBTB7A IP - SK-N-SH cells,,,,,,,,,,,,
SPP,EGR1,HACD3,colon,EGR1 IP - HCT116 cells,,,,,,,,,,,,
SPP,E2F6,HACD3,uterus,E2F6 IP - HeLa cells,,,,,,,,,,,,
SPP,ATF3,HACD3,leukocytes,ATF3 IP - K562 cells,,,,,,,,,,,,
SPP,REST,HACD3,leukocytes,"REST IP - HL60 cells, REST IP - GM12878 cells, Rep 10 ",,,,,,,,,,,,
SPP,REST,HACD3,cns,"REST IP - U87 cells, REST IP - PFSK-N-SH cells1 cells, Rep 1, REST IP - SK-N-SH cells, REST IP - SK cells, REST IP - PFSK1 cells, Rep 2",,,,,,,,,,,,
SPP,MAFF,HACD3,liver,MAFF IP - HepG2 cells,,,,,,,,,,,,
SPP,CEBPB,HACD3,stemcells,"CEBPB IP, CEBPB IP, CEBPB IP, CEBPB IP, CEBPB IP",,,,,,,,,,,,
SPP,MYC,HACD3,mammarygland,"MYC IP, MYC IP - MCF-10A cells, MYC IP | 4HT - MCF10A cells, DHT | MYC ChIP-Seq",,,,,,,,,,,,
SPP,TBP,HACD3,stemcells,TBP IP - H1 cells,,,,,,,,,,,,
SPP,E2F6,HACD3,leukocytes,"E2F6 IP - K562 cells, E2F6 IP - K562 cells",,,,,,,,,,,,
SPP,YY1,HACD3,lung,YY1 IP - A549 cells,,,,,,,,,,,,
SPP,YY1,HACD3,leukocytes,"YY1 IP - GM12892 cells, Rep 1, YY1 IP - GM12878 cells, YY1 IP - GM12891 cells, YY1 IP - K562 cells, Rep 1, YY1 IP - K562 cells, Rep 2",,,,,,,,,,,,
SPP,GATA1,HACD3,hspcs,"GATA1 IP - Rep 1, GATA1 IP - Rep 3, GATA1 IP - PBDE cells, Rep 1",,,,,,,,,,,,
SPP,MEF2A,HACD3,leukocytes,MEF2A IP - GM12878 cells,,,,,,,,,,,,
SPP,JUND,HACD3,uterus,JUND IP - HeLa cells,,,,,,,,,,,,
SPP,TP53,HACD3,bone,TP53 IP | TP53EE/RR OE,,,,,,,,,,,,
SPP,REST,HACD3,lung,REST IP - A549 cells,,,,,,,,,,,,
SPP,USF1,HACD3,uterus,USF1 IP - ECC1 cells,,,,,,,,,,,,
SPP,YY1,HACD3,colon,YY1 IP - HCT116 cells,,,,,,,,,,,,
SPP,HEY1,HACD3,leukocytes,HEY1 IP - K562 cells,,,,,,,,,,,,
SPP,E2F1,HACD3,mammarygland,"E2F1 IP, E2F1 IP - MCF7 cells",,,,,,,,,,,,
SPP,CEBPB,HACD3,liver,CEBPB ChIP-Seq - HepG2,,,,,,,,,,,,
SPP,E2F6,HACD3,stemcells,E2F6 IP - H1 cells,,,,,,,,,,,,
SPP,JUN,HACD3,liver,JUN IP - HepG2 cells,,,,,,,,,,,,
SPP,CEBPA,HACD3,leukocytes,CEBPA IP,,,,,,,,,,,,
SPP,CREB1,HACD3,stemcells,CREB1 IP - H1 cells,,,,,,,,,,,,
SPP,GATA3,HACD3,mammarygland,"GATA3 IP - T47D cells, GATA3 IP - MCF7 cells",,,,,,,,,,,,
SPP,E2F6,HACD3,lung,E2F6 IP - A549 cells,,,,,,,,,,,,
SPP,FOXA1,HACD3,lung,"FOXA1 IP | DEX - A549 cells, FOXA1 IP - A549 cells",,,,,,,,,,,,
SPP,CREB1,HACD3,leukocytes,"CREB1 IP - GM12878 cells, CREB1 IP - K562 cells",,,,,,,,,,,,
SPP,MAX,HACD3,colon,MAX IP - HCT116 cells,,,,,,,,,,,,
SPP,MAZ,HACD3,lung,MAZ IP - IMR cells,,,,,,,,,,,,
SPP,MAX,HACD3,cns,MAX IP - SK-N-SH cells,,,,,,,,,,,,
SPP,CTCF,HACD3,kidney,"CTCF IP - HEK293 cells, Rep 1 ",,,,,,,,,,,,
SPP,MAX,HACD3,lung,"MAX IP - A549 cells, MAX IP - A549 cells",,,,,,,,,,,,
SPP,MYC,HACD3,bone,"MYC IP, MYC IP, MYC IP, MYC IP",,,,,,,,,,,,
SPP,YY1,HACD3,liver,YY1 IP - HepG2 cells,,,,,,,,,,,,
SPP,STAT1,HACD3,leukocytes,"STAT1 IP - Rep 5, STAT1 IP - Rep 3, STAT1 IP - Rep 1, STAT1 IP - Rep 2",,,,,,,,,,,,
SPP,IFNG,HACD3,leukocytes,"STAT1 IP - Rep 5, STAT1 IP - Rep 3, IRF1 IP | IFNG - K562 cells, 30 min, STAT1 IP - Rep 1, MYC IP | IFNG - K562 cells, 30 min, MYC IP | IFNG - K562 cells, 6 h, STAT1 IP - Rep 2",,,,,,,,,,,,
SPP,MAX,HACD3,stemcells,MAX IP - H1 cells,,,,,,,,,,,,
SPP,GATA6,HACD3,stemcells,"GATA6 IP - Rep 5 , GATA6 IP - Rep 1 , GATA6 IP - Rep 7 ",,,,,,,,,,,,
SPP,HOXA6,HACD3,colon,HOXA6 IP ,,,,,,,,,,,,
SPP,CEBPB,HACD3,mammarygland,CEBPB IP - MCF7 cells,,,,,,,,,,,,
SPP,MAZ,HACD3,leukocytes,"MAZ IP - K562 cells, MAZ IP - GM12878 cells",,,,,,,,,,,,
SPP,JUN,HACD3,vasculature,JUN IP,,,,,,,,,,,,
SPP,EOMES,HACD3,stemcells,EOMES IP - Rep 3 ,,,,,,,,,,,,
SPP,GATA2,HACD3,prostate,"GATA2 KD + R1881 |Â FOXA1 ChIP-Seq, GATA2 KD  |Â FOXA1 ChIP-Seq, FOXA1 KD |Â GATA2 ChIP-Seq",,,,,,,,,,,,
SPP,POU2F2,HACD3,leukocytes,POU2F2 IP - GM12878 cells,,,,,,,,,,,,
SPP,PIAS1,HACD3,prostate,"PIAS1 + R1881 | FOXA1 ChIP-Seq - Rep 2, PIAS1 + R1881 | FOXA1 ChIP-Seq - Rep 1",,,,,,,,,,,,
SPP,TCF12,HACD3,uterus,TCF12 IP - ECC1 cells,,,,,,,,,,,,
SPP,JUND,HACD3,liver,"JUND IP - HepG2 cells, JUND IP - HepG2 cells",,,,,,,,,,,,
SPP,IFNA1,HACD3,leukocytes,"MYC IP | IFNA1 - K562 cells, 6 h",,,,,,,,,,,,
SPP,TBP,HACD3,liver,TBP IP - HepG2 cells,,,,,,,,,,,,
SPP,MYBL2,HACD3,liver,MYBL2 IP - HepG2 cells,,,,,,,,,,,,
SPP,EBF1,HACD3,leukocytes,"EBF1 IP - GM12878 cells, EBF1 IP - GM12878 cells",,,,,,,,,,,,
SPP,REST,HACD3,pancreas,"REST IP - Panc1 cells, Rep 3",,,,,,,,,,,,
SPP,DHT,HACD3,mammarygland,"DHT | FOXA1 ChIP-Seq, DHT | MYC ChIP-Seq",,,,,,,,,,,,
SPP,HIF1A,HACD3,bone,HIF1A IP,,,,,,,,,,,,
SPP,FOXA1,HACD3,stemcells,"FOXA1 IP - ES D2, FOXA1 IP - Rep 5 ",,,,,,,,,,,,
SPP,TBP,HACD3,leukocytes,TBP IP - K562 cells,,,,,,,,,,,,
SPP,MYC,HACD3,stemcells,MYC IP - Rep 2 ,,,,,,,,,,,,
SPP,REST,HACD3,liver,"REST IP - HepG2 cells, Rep 2",,,,,,,,,,,,
SPP,MXI1,HACD3,liver,MXI1 IP - HepG2 cells,,,,,,,,,,,,
SPP,TAL1,HACD3,colon,TAL1 IP ,,,,,,,,,,,,
SPP,ATF2,HACD3,colon,ATF2 IP ,,,,,,,,,,,,
SPP,CTCF,HACD3,vasculature,"CTCF IP - HUVEC cells, Rep 1 ",,,,,,,,,,,,
SPP,FOS,HACD3,vasculature,FOS IP - HUVEC cells,,,,,,,,,,,,
SPP,MAX,HACD3,liver,"MAX IP - HepG2 cells, MAX IP - MCF7 cells, MAX IP - HepG2 cells",,,,,,,,,,,,
SPP,IRF1,HACD3,leukocytes,"IRF1 IP | IFNG - K562 cells, 30 min",,,,,,,,,,,,
SPP,E2F4,HACD3,leukocytes,E2F4 IP - K562 cells,,,,,,,,,,,,
SPP,MXI1,HACD3,uterus,MXI1 IP - HeLa cells,,,,,,,,,,,,
SPP,REST,HACD3,mammarygland,REST IP - MCF7 cells,,,,,,,,,,,,
SPP,MXI1,HACD3,lung,MXI1 IP - IMR cells,,,,,,,,,,,,
SPP,RUNX1,HACD3,hspcs,RUNX1,,,,,,,,,,,,
SPP,ARID3A,HACD3,liver,ARID3A IP - HepG2 cells,,,,,,,,,,,,
SPP,MTA3,HACD3,leukocytes,MTA3 IP - GM12878 cells,,,,,,,,,,,,
SPP,GTF2B,HACD3,uterus,"GTF2B IP - Rep 2, GTF2B IP - Rep 3",,,,,,,,,,,,
SPP,GATA2,HACD3,hspcs,GATA2 IP,,,,,,,,,,,,
SPP,ETV5,HACD3,colon,ETV5 IP ,,,,,,,,,,,,
SPP,GATA3,HACD3,cns,GATA3 IP - SK-N-SH cells,,,,,,,,,,,,
SPP,STAT3,HACD3,leukocytes,STAT3 IP - SU-DHL-6,,,,,,,,,,,,
SPP,MXI1,HACD3,cns,MXI1 IP - SK-N-SH cells ,,,,,,,,,,,,
SPP,HOXA4,HACD3,colon,HOXA4 IP ,,,,,,,,,,,,
SPP,FOSL2,HACD3,mammarygland,FOSL2 IP - MCF7 cells,,,,,,,,,,,,
SPP,TP53,HACD3,lung,"TP53 IP - propapoptic, Rep 1",,,,,,,,,,,,
SPP,MXI1,HACD3,leukocytes,MXI1 IP - GM12878 cells,,,,,,,,,,,,
SPP,USF1,HACD3,liver,USF1 IP - HepG2 cells,,,,,,,,,,,,
SPP,EGR1,HACD3,stemcells,EGR1 IP - H1 cells,,,,,,,,,,,,
SPP,MAFK,HACD3,liver,"MAFK IP - HepG2 cells, Rep 2, MAFK IP - HepG2 cells, Rep 1",,,,,,,,,,,,
SPP,YY1,HACD3,uterus,YY1 IP - ECC1 cells,,,,,,,,,,,,
SPP,YY1,HACD3,cns,YY1 IP | ATRA - SK-N-SH cells,,,,,,,,,,,,
SPP,ATRA,HACD3,cns,YY1 IP | ATRA - SK-N-SH cells,,,,,,,,,,,,
SPP,SP1,HACD3,liver,SP1 IP - HepG2 cells,,,,,,,,,,,,
SPP,RELA,HACD3,leukocytes,"RELA IP | BAY082  - IVD Th1 cells, PIA",,,,,,,,,,,,
SPP,BAY082,HACD3,leukocytes,"RELA IP | BAY082  - IVD Th1 cells, PIA",,,,,,,,,,,,
SPP,CTCF,HACD3,adiposetissue,CTCF ChIP-Seq - d 0,,,,,,,,,,,,
SPP,MAZ,HACD3,uterus,MAZ IP - HeLa cells,,,,,,,,,,,,
SPP,SP1,HACD3,colon,SP1 IP - HCT116 cells,,,,,,,,,,,,
SPP,EGR1,HACD3,leukocytes,EGR1 IP - K562 cells,,,,,,,,,,,,
SPP,KLF5,HACD3,stomach,KLF5 IP - KATOIII,,,,,,,,,,,,
SPP,SP1,HACD3,lung,SP1 IP - A549 cells,,,,,,,,,,,,
SPP,HEY1,HACD3,liver,HEY1 IP - HepG2 cells,,,,,,,,,,,,
SPP,ZNF263,HACD3,kidney,ZNF263 IP - HEK293 cells,,,,,,,,,,,,
SPP,FOXA2,HACD3,liver,FOXA2 IP - HepG2 cells,,,,,,,,,,,,
SPP,TCF7L2,HACD3,mammarygland,TCF7L2 ChIP-Seq,,,,,,,,,,,,
SPP,IRF4,HACD3,leukocytes,IRF4 IP,,,,,,,,,,,,
SPP,CEBPB,HACD3,lung,CEBPB ChIP-Seq - IMR90,,,,,,,,,,,,
SPP,IRF1,HACD3,colon,IRF1 IP ,,,,,,,,,,,,
SPP,JUN,HACD3,uterus,JUN IP - HeLa cells,,,,,,,,,,,,
SPP,SRF,HACD3,uterus,SRF IP - ECC1 cells,,,,,,,,,,,,
SPP,JUND,HACD3,lung,JUND IP - A549 cells,,,,,,,,,,,,
SPP,YY1,HACD3,stemcells,YY1 IP - H1 cells,,,,,,,,,,,,
SPP,KLF5,HACD3,pancreas,FOXA1 IP | KLF5 KO,,,,,,,,,,,,
SPP,MYC,HACD3,colon,MYC IP - DTT,,,,,,,,,,,,
SPP,E2F4,HACD3,uterus,E2F4 IP - HeLa cells,,,,,,,,,,,,
SPP,ZBTB7A,HACD3,uterus,ZBTB7A IP - ECC1 cells,,,,,,,,,,,,
SPP,SPI1,HACD4,leukocytes,"SPI1 IP - HL-60 cells, Rep 4 , SPI1 IP, SPI1 IP - U-937 cells, Rep 3 , SPI1 IP - HL cells, SPI1 IP, SPI1 IP - K562 cells, SPI1 IP, SPI1 IP - U-937 cells, Rep 4 , SPI1 IP, SPI1 IP - GM12878 cells, Rep 1 , SPI1 IP - GM12878 cells, Rep 3 , SPI1 IP, SPI1 IP - U-937 cells, Rep 1 , SPI1 IP, SPI1 IP, SPI1 IP - GM12878 cells, SPI1 IP - GM12878 cells, Rep 4 , SPI1 IP, SPI1 IP, SPI1 IP - GM12878 cells, Rep 2 , SPI1 IP - GM12891 cells",,,,,,,,,,,,
SPP,FOXA2,HACD4,liver,FOXA2 IP - HepG2 cells,,,,,,,,,,,,
SPP,OTX2,HACD4,stemcells,OTX2 IP - Rep 10 ,,,,,,,,,,,,
SPP,FOXA1,HACD4,mammarygland,"17BE2 | FOXA1 ChIP-Seq - Rep 2, 17BE2 | FOXA1 ChIP-Seq - Rep 2, 17BE2 | FOXA1 ChIP-Seq - Rep 1, 17BE2 | FOXA1 ChIP-Seq - Rep 2, DEX | FOXA1 ChIP-Seq - Rep 2, FOXA1 IP - T47D cells, DHT | FOXA1 ChIP-Seq, DEX | FOXA1 ChIP-Seq - Rep 2, DEX | FOXA1 ChIP-Seq - Rep 1, DEX | FOXA1 ChIP-Seq - Rep 1, FOXA1 ChIP-Seq - Rep 2, 17BE2 | FOXA1 ChIP-Seq - Rep 1, DEX | FOXA1 ChIP-Seq - Rep 2, FOXA1 ChIP-Seq - Rep 2, 17BE2 | FOXA1 ChIP-Seq - Rep 2, FOXA1 ChIP-Seq - Rep 1, TNF | FOXA1 ChIP-Seq - Rep 1, FOXA1 ChIP-Seq - Rep 1, DEX | FOXA1 ChIP-Seq - Rep 1, FOXA1 ChIP-Seq - Rep 2, 17BE2 | FOXA1 ChIP-Seq - Rep 1, 17BE2 + TNF | FOXA1 ChIP-Seq - Rep 2, FOXA1 ChIP-Seq - Rep 1, FOXA1 ChIP-Seq - Rep 2",,,,,,,,,,,,
SPP,17BE2,HACD4,mammarygland,"17BE2 | FOXA1 ChIP-Seq - Rep 2, 17BE2 | FOXA1 ChIP-Seq - Rep 2, 17BE2 | FOXA1 ChIP-Seq - Rep 1, 17BE2 | FOXA1 ChIP-Seq - Rep 2, 17BE2 | FOXA1 ChIP-Seq - Rep 1, 17BE2 | FOXA1 ChIP-Seq - Rep 2, 17BE2 | FOXA1 ChIP-Seq - Rep 1",,,,,,,,,,,,
SPP,YY1,HACD4,cns,"YY1 IP | ATRA - SK-N-SH cells, YY1 IP - SK-N-SH cells",,,,,,,,,,,,
SPP,ATRA,HACD4,cns,YY1 IP | ATRA - SK-N-SH cells,,,,,,,,,,,,
SPP,JUND,HACD4,cns,JUND IP - SK-N-SH cells,,,,,,,,,,,,
SPP,CEBPB,HACD4,leukocytes,"CEBPB IP | oxLDL  - Rep 208, CEBPB IP - HL-60 cells, Rep 1 , CEBPB IP, CEBPB IP | oxLDL  - Rep 206, CEBPB IP, CEBPB IP, CEBPB IP - Rep 201, CEBPB IP - Rep 204, CEBPB IP | oxLDL  - Rep 205, CEBPB IP, CEBPB IP, CEBPB IP",,,,,,,,,,,,
SPP,CTCF,HACD4,leukocytes,"CTCF IP - MS1 cells, Rep 1 , CTCF IP - GM12892 cells, Rep 2 , CTCF IP - GM19240 cells, Rep 1 , CTCF IP - MS1 cells, Rep 2 , CTCF IP - GM2630 cells, Rep 3 , CTCF IP - F36P cells, Rep 19 , CTCF IP - GM12891 cells, Rep 2 , CTCF IP - GM19239 cells, Rep 1 , CTCF IP - GM18486 cells, Rep 3 , CTCF IP - MS1 cells, Rep 3 , CTCF IP - GM19238 cells, Rep 1 , CTCF IP - GM2630 cells, Rep 2 , CTCF IP - GM12878 cells, Rep 1 , CTCF IP - GM12878 cells, Rep 2 , CTCF IP - GM19240 cells, Rep 2 , CTCF IP - MS1 cells, Rep 4 , CTCF IP - GM2255 cells, Rep 2 , CTCF IP - GM2610 cells, Rep 1 , CTCF IP - GM2255 cells, Rep 3 , CTCF IP - GM2610 cells, Rep 2 , CTCF ChIP-Seq - GM12878, CTCF IP - GM18526 cells, Rep 2 ",,,,,,,,,,,,
SPP,CTCF,HACD4,megakaryocytelineage,"CTCF IP - MEG-01 cells, Rep 6 , CTCF IP - MEG-01 cells, Rep 2 , CTCF IP - MEG-01 cells, Rep 10 ",,,,,,,,,,,,
SPP,YY1,HACD4,leukocytes,"YY1 IP - GM12892 cells, Rep 1, YY1 IP - GM12878 cells",,,,,,,,,,,,
SPP,CEBPB,HACD4,stemcells,"CEBPB IP, CEBPB IP, CEBPB IP, CEBPB IP, CEBPB IP, CEBPB IP",,,,,,,,,,,,
SPP,MYB,HACD4,leukocytes,"MYB IP - Jurkat, Rep 5, MYB IP - Jurkat, Rep 1, MYB IP - MOLT3, MYB IP - Jurkat, Rep 2, MYB IP - Jurkat, Rep 4, MYB IP - Jurkat, Rep 3",,,,,,,,,,,,
SPP,IRF4,HACD4,leukocytes,IRF4 IP - GM12878 cells,,,,,,,,,,,,
SPP,ZEB1,HACD4,leukocytes,ZEB1 IP - GM12878 cells,,,,,,,,,,,,
SPP,FOXA1,HACD4,prostate,"R1881 | FOXA1 ChIP-Seq - Rep 1, FOXA1 ChIP-Seq - LNCaP-abl, FOXA1 ChIP-Seq, DHT | FOXA1 ChIP-Seq, GATA2 KD  |Â FOXA1 ChIP-Seq, FOXA1 ChIP-Seq, CON KD + R1881 | FOXA1 ChIP-Seq - Rep 2, GATA2 KD + R1881 |Â FOXA1 ChIP-Seq, FOXA1 KD |Â GATA2 ChIP-Seq, FOXA1 ChIP-Seq - Rep 2, FOXA1 ChIP-Seq - Rep 1, PIAS1 + R1881 | FOXA1 ChIP-Seq - Rep 2, CON KD  |Â FOXA1 ChIP-Seq, PIAS1 + R1881 | FOXA1 ChIP-Seq - Rep 1, CON KD |Â FOXA1 ChIP-Seq, WT AR OE + FOXA1 OE | FOXA1 ChIP-Seq, FOXA1 + FBS |Â GATA2 ChIP-Seq, CON KD + R1881 | FOXA1 ChIP-Seq - Rep 1, FOXA1 ChIP-Seq - Rep 2, CREB1 siRNA | FOXA1 ChIP-Seq - Rep 1, FOXA1 ChIP-Seq, WT AR OE + FOXA1 OE | FOXA1 ChIP-Seq - high FOXA1, EtOH | FOXA1 ChIP-Seq - , EtOH | FOXA1 ChIP-Seq - Rep 2, DHT | FOXA1 ChIP-Seq, AR C562S OE + FOXA1 OE | FOXA1 ChIP-Seq, CON KD + R1881 |Â FOXA1 ChIP-Seq, R1881 | FOXA1 ChIP-Seq - Rep 2, AR Q640X OE + FOXA1 OE | FOXA1 ChIP-Seq, CREB1 siRNA | FOXA1 ChIP-Seq - Rep 2",,,,,,,,,,,,
SPP,R1881,HACD4,prostate,"R1881 | FOXA1 ChIP-Seq - Rep 1, CON KD + R1881 | FOXA1 ChIP-Seq - Rep 2, GATA2 KD + R1881 |Â FOXA1 ChIP-Seq, PIAS1 + R1881 | FOXA1 ChIP-Seq - Rep 2, PIAS1 + R1881 | FOXA1 ChIP-Seq - Rep 1, CON KD + R1881 | FOXA1 ChIP-Seq - Rep 1, CON KD + R1881 |Â FOXA1 ChIP-Seq, R1881 | FOXA1 ChIP-Seq - Rep 2",,,,,,,,,,,,
SPP,STAT1,HACD4,leukocytes,"STAT1 IP - Rep 1, STAT1 IP - Rep 5, STAT1 IP - Rep 2, STAT1 IP - Rep 4, STAT1 IP - Rep 3, STAT1 IP - Rep 6",,,,,,,,,,,,
SPP,IFNG,HACD4,leukocytes,"STAT1 IP - Rep 1, STAT1 IP - Rep 5, STAT1 IP - Rep 2, STAT1 IP - Rep 4, STAT1 IP - Rep 3, STAT1 IP - Rep 6, IRF1 IP - Rep 3, IRF1 IP - Rep 2",,,,,,,,,,,,
SPP,ATF2,HACD4,leukocytes,ATF2 IP - GM12878 cells,,,,,,,,,,,,
SPP,DHT,HACD4,prostate,"DHT | FOXA1 ChIP-Seq, DHT | FOXA1 ChIP-Seq",,,,,,,,,,,,
SPP,MAX,HACD4,cns,MAX IP - SK-N-SH cells,,,,,,,,,,,,
SPP,GATA2,HACD4,prostate,"GATA2 KD  |Â FOXA1 ChIP-Seq, GATA2 KD + R1881 |Â FOXA1 ChIP-Seq, FOXA1 KD |Â GATA2 ChIP-Seq, GATA2 ChIP-Seq - Rep 2, GATA2 ChIP-Seq, FOXA1 + FBS |Â GATA2 ChIP-Seq, CON KD  |Â GATA2 ChIP-Seq, GATA2 ChIP-Seq - Rep 1, CON KD |Â GATA2 ChIP-Seq, CON KD + FBS |Â GATA2 ChIP-Seq",,,,,,,,,,,,
SPP,CEBPB,HACD4,colon,CEBPB IP,,,,,,,,,,,,
SPP,CEBPA,HACD4,leukocytes,"CEBPA IP - U-937 cells, Rep 1 , CEBPA IP - U-937 cells, Rep 2 , CEBPA IP",,,,,,,,,,,,
SPP,FOXA2,HACD4,lung,FOXA2 IP - A549 cells,,,,,,,,,,,,
SPP,NANOG,HACD4,stemcells,"NANOG IP - Rep 5 , NANOG IP - Rep 4 , NANOG IP - Rep 3 , NANOG IP - Rep 2, NANOG IP - Rep 6 , NANOG IP - Rep 8 ",,,,,,,,,,,,
SPP,BATF,HACD4,leukocytes,BATF IP - GM12878 cells,,,,,,,,,,,,
SPP,MAFK,HACD4,lung,MAFK IP - IMR cells,,,,,,,,,,,,
SPP,MAX,HACD4,stemcells,MAX IP - H1 cells,,,,,,,,,,,,
SPP,YY1,HACD4,stemcells,YY1 IP - H1 cells,,,,,,,,,,,,
SPP,MAZ,HACD4,lung,MAZ IP - IMR cells,,,,,,,,,,,,
SPP,E2F6,HACD4,lung,E2F6 IP - A549 cells,,,,,,,,,,,,
SPP,FOXA1,HACD4,liver,"FOXA1 IP - HepG2 cells, Rep 2, FOXA1 IP - HepG2 cells, Rep 1",,,,,,,,,,,,
SPP,BCL3,HACD4,leukocytes,BCL3 IP - GM12878 cells,,,,,,,,,,,,
SPP,GABPA,HACD4,leukocytes,"GABPA IP - GM12878 cells, Rep 2 , GABPA IP - GM12878 cells, Rep 1 , GABPA IP - Jurkat, Rep 1, GABPA IP - GM12878 cells, Rep 4 , GABPA IP - Jurkat, Rep 2",,,,,,,,,,,,
SPP,PAX5,HACD4,leukocytes,PAX5 IP - GM12892 cells,,,,,,,,,,,,
SPP,CEBPB,HACD4,uterus,CEBPB ChIP-Seq - HeLaS3,,,,,,,,,,,,
SPP,CREB1,HACD4,leukocytes,CREB1 IP - GM12878 cells,,,,,,,,,,,,
SPP,FOSL2,HACD4,cns,FOSL2 IP - SK-N-SH cells,,,,,,,,,,,,
SPP,SMAD1,HACD4,hspcs,SMAD1 IP - Rep 2,,,,,,,,,,,,
SPP,CEBPB,HACD4,liver,CEBPB ChIP-Seq - HepG2,,,,,,,,,,,,
SPP,MYC,HACD4,leukocytes,MYC IP - NB4 cells,,,,,,,,,,,,
SPP,EBF1,HACD4,leukocytes,"EBF1 IP - GM12878 cells, EBF1 IP - GM12878 cells",,,,,,,,,,,,
SPP,PBX3,HACD4,leukocytes,PBX3 IP - GM12878 cells,,,,,,,,,,,,
SPP,RUNX1,HACD4,hspcs,RUNX1,,,,,,,,,,,,
SPP,BCL11A,HACD4,leukocytes,BCL11A IP - GM12878 cells,,,,,,,,,,,,
SPP,DEX,HACD4,mammarygland,"DEX | FOXA1 ChIP-Seq - Rep 2, DEX | FOXA1 ChIP-Seq - Rep 2, DEX | FOXA1 ChIP-Seq - Rep 1, DEX | FOXA1 ChIP-Seq - Rep 1, DEX | FOXA1 ChIP-Seq - Rep 2, DEX | FOXA1 ChIP-Seq - Rep 1",,,,,,,,,,,,
SPP,DHT,HACD4,mammarygland,DHT | FOXA1 ChIP-Seq,,,,,,,,,,,,
SPP,PIAS1,HACD4,prostate,"PIAS1 + R1881 | FOXA1 ChIP-Seq - Rep 2, PIAS1 + R1881 | FOXA1 ChIP-Seq - Rep 1",,,,,,,,,,,,
SPP,ELF1,HACD4,leukocytes,ELF1 IP - SK-N-SH cells,,,,,,,,,,,,
SPP,GATA3,HACD4,mammarygland,"GATA3 IP - T47D cells, GATA3 IP - MCF7 cells",,,,,,,,,,,,
SPP,STAT5A,HACD4,leukocytes,STAT5A IP - GM12878 cells,,,,,,,,,,,,
SPP,MAX,HACD4,leukocytes,MAX IP - NB4 cells,,,,,,,,,,,,
SPP,MAZ,HACD4,leukocytes,MAZ IP - GM12878 cells,,,,,,,,,,,,
SPP,FOXA2,HACD4,stemcells,FOXA2 IP - ES D7,,,,,,,,,,,,
SPP,E2F6,HACD4,stemcells,E2F6 IP - H1 cells,,,,,,,,,,,,
SPP,AR,HACD4,prostate,"WT AR OE + FOXA1 OE | FOXA1 ChIP-Seq, WT AR OE + FOXA1 OE | FOXA1 ChIP-Seq - high FOXA1, AR C562S OE + FOXA1 OE | FOXA1 ChIP-Seq, AR Q640X OE + FOXA1 OE | FOXA1 ChIP-Seq",,,,,,,,,,,,
SPP,MTA3,HACD4,leukocytes,MTA3 IP - GM12878 cells,,,,,,,,,,,,
SPP,FOXA1,HACD4,lung,FOXA1 IP | DEX - A549 cells,,,,,,,,,,,,
SPP,DEX,HACD4,lung,FOXA1 IP | DEX - A549 cells,,,,,,,,,,,,
SPP,RELA,HACD4,leukocytes,RELA IP | TNF - GM12891 cells,,,,,,,,,,,,
SPP,TNF,HACD4,leukocytes,RELA IP | TNF - GM12891 cells,,,,,,,,,,,,
SPP,CREB1,HACD4,prostate,"CREB1 siRNA | FOXA1 ChIP-Seq - Rep 1, CREB1 siRNA | FOXA1 ChIP-Seq - Rep 2",,,,,,,,,,,,
SPP,MAX,HACD4,uterus,MAX IP - ECC1 cells,,,,,,,,,,,,
SPP,JUND,HACD4,vasculature,JUND IP,,,,,,,,,,,,
SPP,PBX3,HACD4,cns,PBX3 IP - SK-N-SH cells,,,,,,,,,,,,
SPP,IKZF1,HACD4,leukocytes,IKZF1 IP - GM12878 cells,,,,,,,,,,,,
SPP,TAL1,HACD4,leukocytes,TAL1 IP - MOLT3,,,,,,,,,,,,
SPP,CTCF,HACD4,hspcs,"CTCF IP - Erythroid cells, Rep 2",,,,,,,,,,,,
SPP,SP1,HACD4,leukocytes,SP1 IP - GM12878 cells,,,,,,,,,,,,
SPP,TCF12,HACD4,uterus,TCF12 IP - ECC1 cells,,,,,,,,,,,,
SPP,IRF1,HACD4,leukocytes,"IRF1 IP - Rep 3, IRF1 IP - Rep 2",,,,,,,,,,,,
SPP,CEBPB,HACD4,lung,"CEBPB ChIP-Seq - A549, CEBPB ChIP-Seq - IMR90",,,,,,,,,,,,
SPP,TNF,HACD4,mammarygland,TNF | FOXA1 ChIP-Seq - Rep 1,,,,,,,,,,,,
SPP,ZBTB7A,HACD4,uterus,ZBTB7A IP - ECC1 cells,,,,,,,,,,,,
SPP,ETS1,HACD4,leukocytes,ETS1 IP,,,,,,,,,,,,
SPP,FOXA1,HACD4,stemcells,FOXA1 IP - Rep 5 ,,,,,,,,,,,,
SPP,MAX,HACD4,lung,MAX IP - A549 cells,,,,,,,,,,,,
SPP,GATA2,HACD4,hspcs,GATA2 IP,,,,,,,,,,,,
SPP,17BE2; TNF,HACD4,mammarygland,17BE2 + TNF | FOXA1 ChIP-Seq - Rep 2,,,,,,,,,,,,
SPP,POU2F2,HACD4,leukocytes,POU2F2 IP - GM12878 cells,,,,,,,,,,,,
SPP,CEBPB,HSD17B12,lung,CEBPB ChIP-Seq - IMR90,,,,,,,,,,,,
SPP,SREBF2,HSD17B12,liver,SREBF2 IP | PRAV - HepG2 cells,,,,,,,,,,,,
SPP,PRAV,HSD17B12,liver,"SREBF2 IP | PRAV - HepG2 cells, SREBF1 IP | PRAV - HepG2 cells",,,,,,,,,,,,
SPP,FOXA1,HSD17B12,mammarygland,"17BE2 | FOXA1 ChIP-Seq, DEX | FOXA1 ChIP-Seq - Rep 1, DEX | FOXA1 ChIP-Seq - Rep 2, DEX | FOXA1 ChIP-Seq - Rep 1, 17BE2 | FOXA1 ChIP-Seq - Rep 2, FOXA1 ChIP-Seq - Rep 2, 17BE2 | FOXA1 ChIP-Seq - Rep 2, FOXA1 ChIP-Seq - Rep 2, DHT | FOXA1 ChIP-Seq, FOXA1 ChIP-Seq - Rep 1, FOXA1 IP - T47D cells",,,,,,,,,,,,
SPP,17BE2,HSD17B12,mammarygland,"17BE2 | FOXA1 ChIP-Seq, 17BE2 | FOXA1 ChIP-Seq - Rep 2, 17BE2 | FOXA1 ChIP-Seq - Rep 2",,,,,,,,,,,,
SPP,FOXA1,HSD17B12,prostate,"PIAS1 + R1881 | FOXA1 ChIP-Seq - Rep 2, FOXA1 siRNA | CREB1 ChIP-Seq - Rep 2, PIAS1 + R1881 | FOXA1 ChIP-Seq - Rep 1, FOXA1 KD |Â GATA2 ChIP-Seq, FOXA1 ChIP-Seq, CON KD | FOXA1 ChIP-Seq, FOXA1 + FBS |Â GATA2 ChIP-Seq, CON KD | FOXA1 ChIP-Seq",,,,,,,,,,,,
SPP,R1881,HSD17B12,prostate,"PIAS1 + R1881 | FOXA1 ChIP-Seq - Rep 2, PIAS1 + R1881 | FOXA1 ChIP-Seq - Rep 1",,,,,,,,,,,,
SPP,PIAS1,HSD17B12,prostate,"PIAS1 + R1881 | FOXA1 ChIP-Seq - Rep 2, PIAS1 + R1881 | FOXA1 ChIP-Seq - Rep 1",,,,,,,,,,,,
SPP,TCF7L2,HSD17B12,mammarygland,"DHT | TCF7L2 ChIP-Seq, TCF7L2 ChIP-Seq",,,,,,,,,,,,
SPP,DHT,HSD17B12,mammarygland,"DHT | TCF7L2 ChIP-Seq, DHT | FOXA1 ChIP-Seq, DHT | MYC ChIP-Seq",,,,,,,,,,,,
SPP,SP1,HSD17B12,leukocytes,"SP1 IP - GM12878 cells, SP1 IP - K562 cells",,,,,,,,,,,,
SPP,SPI1,HSD17B12,leukocytes,"SPI1 IP, SPI1 IP - GM12878 cells, Rep 1 , SPI1 IP, SPI1 IP - GM12891 cells, SPI1 IP - GM12878 cells, Rep 2 , SPI1 IP, SPI1 IP - GM12878 cells, Rep 3 , SPI1 IP - GM12878 cells, Rep 4 , SPI1 IP - GM12878 cells, Rep 5 , SPI1 IP, SPI1 IP - GM12878 cells, SPI1 IP, SPI1 IP, SPI1 IP - K562 cells, SPI1 IP - HL cells, SPI1 IP",,,,,,,,,,,,
SPP,PBX3,HSD17B12,leukocytes,PBX3 IP - GM12878 cells,,,,,,,,,,,,
SPP,CREB1,HSD17B12,uterus,CREB1 IP - ECC1 cells,,,,,,,,,,,,
SPP,JUND,HSD17B12,liver,JUND IP - HepG2 cells,,,,,,,,,,,,
SPP,FOXP1,HSD17B12,prostate,DHT | FOXP1 ChIP-Seq,,,,,,,,,,,,
SPP,DHT,HSD17B12,prostate,DHT | FOXP1 ChIP-Seq,,,,,,,,,,,,
SPP,CREB1,HSD17B12,prostate,"FOXA1 siRNA | CREB1 ChIP-Seq - Rep 2, CREB1 ChIP-Seq - LNCaP, CREB1 ChIP-Seq - LNCaP-abl",,,,,,,,,,,,
SPP,MYB,HSD17B12,leukocytes,"MYB IP - Jurkat, Rep 3, MYB IP - Jurkat, Rep 5, MYB IP - Jurkat, Rep 4, MYB IP - Jurkat, Rep 2",,,,,,,,,,,,
SPP,RELA,HSD17B12,adiposetissue,"RELA IP, RELA IP, RELA IP, RELA IP",,,,,,,,,,,,
SPP,TP53,HSD17B12,skin,TP53 IP | NUTL3,,,,,,,,,,,,
SPP,GATA3,HSD17B12,cns,"GATA3 IP - SHSY5Y cells, GATA3 IP - SK-N-SH cells",,,,,,,,,,,,
SPP,JUN,HSD17B12,vasculature,JUN IP - HUVEC cells,,,,,,,,,,,,
SPP,STAT1,HSD17B12,leukocytes,"STAT1 IP - Rep 1, STAT1 IP - Rep 5, STAT1 IP - Rep 2, STAT1 IP - Rep 4, STAT1 IP - Rep 3",,,,,,,,,,,,
SPP,IFNG,HSD17B12,leukocytes,"STAT1 IP - Rep 1, STAT1 IP - Rep 5, IRF1 IP | IFNG - K562 cells, 6 h, STAT1 IP - Rep 2, STAT1 IP - Rep 4, STAT1 IP - Rep 3",,,,,,,,,,,,
SPP,JUND,HSD17B12,colon,JUND IP - HCT116 cells,,,,,,,,,,,,
SPP,RELA,HSD17B12,leukocytes,"RELA IP | BAY082  - IVD Th1 cells, PIA, RELA IP | TNF - GM18505 cells, RELA IP | TNF - GM12891 cells, RELA IP | TNF - GM10847 cells, RELA IP | TNF - GM12892 cells, RELA IP | TNF - GM15510 cells, RELA IP | TNF - GM18951 cells",,,,,,,,,,,,
SPP,BAY082,HSD17B12,leukocytes,"RELA IP | BAY082  - IVD Th1 cells, PIA",,,,,,,,,,,,
SPP,SRF,HSD17B12,leukocytes,"SRF IP - SK-N-SH cells, SRF IP - GM12878 cells, Rep 2",,,,,,,,,,,,
SPP,MAFK,HSD17B12,leukocytes,MAFK IP - K562 cells,,,,,,,,,,,,
SPP,MYBL2,HSD17B12,liver,MYBL2 IP - HepG2 cells,,,,,,,,,,,,
SPP,CREB1,HSD17B12,leukocytes,"CREB1 IP - K562 cells, CREB1 IP - GM12878 cells",,,,,,,,,,,,
SPP,CTCF,HSD17B12,cns,"CTCF IP - SK-N-SH cells , CTCF IP - HCPEpiC cells, Rep 2 , CTCF IP - HCPEpiC cells, Rep 1 , CTCF IP - cerebellar astrocyte cells, Rep 2 ",,,,,,,,,,,,
SPP,GABPA,HSD17B12,liver,"GABPA IP - HepG2 cells, GABPA IP",,,,,,,,,,,,
SPP,NANOG,HSD17B12,stemcells,"NANOG IP - Rep 4 , NANOG IP - Rep 8 , NANOG IP - Rep 5 ",,,,,,,,,,,,
SPP,NFATC1,HSD17B12,leukocytes,NFATC1 IP - GM12878 cells,,,,,,,,,,,,
SPP,MAZ,HSD17B12,leukocytes,"MAZ IP - GM12878 cells, MAZ IP - K562 cells",,,,,,,,,,,,
SPP,TFAP4,HSD17B12,leukocytes,"TFAP4 IP - Rep 1, TFAP4 IP - Rep 2",,,,,,,,,,,,
SPP,MAX,HSD17B12,stemcells,MAX IP - H1 cells,,,,,,,,,,,,
SPP,OTX2,HSD17B12,stemcells,OTX2 IP - Rep 10 ,,,,,,,,,,,,
SPP,CTCF,HSD17B12,skin,"CTCF IP - NHDF cells, Rep 2 , CTCF IP - NHDF cells , CTCF IP - AG04449 cells, Rep 1 , CTCF IP - NHEK cells , CTCF IP - AG04449 cells, Rep 2 ",,,,,,,,,,,,
SPP,CTCF,HSD17B12,leukocytes,"CTCF IP - MS1 cells, Rep 3 , CTCF IP - GM2630 cells, Rep 2 , CTCF IP - MS1 cells, Rep 4 , CTCF IP - GM12875 cells, Rep 1 , CTCF IP - GM2588 cells, Rep 2 , CTCF IP - GM18486 cells, Rep 1 , CTCF IP - GM2255 cells, Rep 3 , CTCF IP - GM12874 cells, Rep 2 , CTCF IP - GM19193 cells, Rep 1 , CTCF IP - K562 cells, Rep 14 , CTCF IP - GM12892 cells, Rep 2 , CTCF IP - GM12878 cells , CTCF IP - GM18486 cells, Rep 3 , CTCF IP - GM12878 cells, Rep 1 , CTCF IP - GM19239 cells, Rep 1 , CTCF IP - GM12872 cells, Rep 3 , CTCF IP - GM2255 cells, Rep 1 , CTCF IP - GM10847 cells, Rep 2 , CTCF IP - GM19240 cells, Rep 2 , CTCF IP - GM12878 cells, Rep 2 , CTCF IP - Â CD20+ cells , CTCF IP - GM19238 cells, Rep 1 , CTCF ChIP-Seq - GM12878, CTCF IP - GM2610 cells, Rep 2 , CTCF IP - GM12878 cells, Rep 2 , CTCF IP - K562 cells, Rep 12 , CTCF IP - GM12892 cells, Rep 1 , CTCF IP - GM2610 cells, Rep 3 , CTCF IP - GM2588 cells, Rep 3 , CTCF IP - Â DND , CTCF IP, CTCF IP - GM2630 cells, Rep 3 , CTCF IP - GM18951 cells, Rep 1 , CTCF IP - GM12891 cells, Rep 2 , CTCF IP - GM19240 cells, Rep 1 , CTCF IP - MS1 cells, Rep 2 , CTCF IP - GM19099 cells, Rep 1 , CTCF IP - GM18505 cells, Rep 1 ",,,,,,,,,,,,
SPP,YY1,HSD17B12,lung,YY1 IP - A549 cells,,,,,,,,,,,,
SPP,CTCF,HSD17B12,mammarygland,"CTCF IP - HMEC cells, Rep 1 , CTCF IP - HMEC cells , CTCF IP - HMF cells, Rep 1 ",,,,,,,,,,,,
SPP,REST,HSD17B12,leukocytes,"REST IP - GM12878 cells, Rep 2, REST IP - GM12878 cells, Rep 16 , REST IP - K562 cells, REST IP - HL60 cells, REST IP - GM12878 cells, Rep 1",,,,,,,,,,,,
SPP,REST,HSD17B12,cns,"REST IP - PFSK-N-SH cells1 cells, Rep 1, REST IP - U87 cells, REST IP - SK-N-SH cells, REST IP - SK cells, REST IP - PFSK1 cells, Rep 2",,,,,,,,,,,,
SPP,YY1,HSD17B12,leukocytes,"YY1 IP - GM12878 cells, YY1 IP - GM12891 cells, YY1 IP - K562 cells, Rep 1, YY1 IP - K562 cells, Rep 2, YY1 IP - GM12892 cells, Rep 1",,,,,,,,,,,,
SPP,FOXH1,HSD17B12,embryonictissue,FOXH1 IP - endoderm,,,,,,,,,,,,
SPP,MAFF,HSD17B12,leukocytes,MAFF IP - K562 cells,,,,,,,,,,,,
SPP,CEBPB,HSD17B12,stemcells,"CEBPB IP, CEBPB IP, CEBPB IP, CEBPB IP, CEBPB IP, CEBPB IP",,,,,,,,,,,,
SPP,FOXA1,HSD17B12,liver,"FOXA1 IP - HepG2 cells, Rep 1",,,,,,,,,,,,
SPP,ARID3A,HSD17B12,liver,ARID3A IP - HepG2 cells,,,,,,,,,,,,
SPP,MAX,HSD17B12,liver,"MAX IP - HepG2 cells, MAX IP - HepG2 cells, MAX IP - MCF7 cells",,,,,,,,,,,,
SPP,TCF7L2,HSD17B12,pancreas,TCF7L2 IP,,,,,,,,,,,,
SPP,USF1,HSD17B12,liver,USF1 IP - HepG2 cells,,,,,,,,,,,,
SPP,IRF1,HSD17B12,leukocytes,"IRF1 IP | IFNG - K562 cells, 6 h",,,,,,,,,,,,
SPP,NFYA,HSD17B12,colon,NFYA IP ,,,,,,,,,,,,
SPP,MXI1,HSD17B12,liver,MXI1 IP - HepG2 cells,,,,,,,,,,,,
SPP,GATA2,HSD17B12,prostate,"FOXA1 KD |Â GATA2 ChIP-Seq, FOXA1 + FBS |Â GATA2 ChIP-Seq, CON KD + FBS |Â GATA2 ChIP-Seq",,,,,,,,,,,,
SPP,CTCF,HSD17B12,hspcs,"CTCF IP - HEL 92.1.7 cells, Rep 14 , CTCF IP - HEL 92.1.7 cells, Rep 8 , CTCF IP - HEL 92.1.7 cells, Rep 5 , CTCF IP - HEL 92.1.7 cells, Rep 2 , CTCF IP - HEL 92.1.7 cells, Rep 11 ",,,,,,,,,,,,
SPP,SP2,HSD17B12,liver,SP2 IP - HepG2 cells,,,,,,,,,,,,
SPP,TNF,HSD17B12,leukocytes,"RELA IP | TNF - GM18505 cells, RELA IP | TNF - GM12891 cells, RELA IP | TNF - GM10847 cells, RELA IP | TNF - GM12892 cells, RELA IP | TNF - GM15510 cells, RELA IP | TNF - GM18951 cells",,,,,,,,,,,,
SPP,ETS1,HSD17B12,leukocytes,ETS1 IP,,,,,,,,,,,,"20019798,20019798,"
SPP,FOXA1,HSD17B12,lung,FOXA1 IP - A549 cells,,,,,,,,,,,,
SPP,CTCF,HSD17B12,lung,"CTCF IP - SAEC cells, Rep 2 ",,,,,,,,,,,,
SPP,REST,HSD17B12,stemcells,"REST IP - H1 cells, Rep 1, REST IP - H1 cells, Rep 2",,,,,,,,,,,,
SPP,JUND,HSD17B12,vasculature,JUND IP,,,,,,,,,,,,
SPP,GLI2,HSD17B12,colon,GLI2 IP ,,,,,,,,,,,,
SPP,TAL1,HSD17B12,leukocytes,"TAL1 IP - MOLT3, TAL1Â  IP - Rep 2, TAL1 IP - K562 cells",,,,,,,,,,,,
SPP,GATA2,HSD17B12,leukocytes,"GATA2 IP - K562 cells, GATA2 IP - K562 cells",,,,,,,,,,,,
SPP,HOXA6,HSD17B12,colon,HOXA6 IP ,,,,,,,,,,,,
SPP,EGR1,HSD17B12,colon,EGR1 IP - HCT116 cells,,,,,,,,,,,,
SPP,CTCF,HSD17B12,megakaryocytelineage,"CTCF IP - MEG-01 cells, Rep 8 , CTCF IP - MEG-01 cells, Rep 6 , CTCF IP - MEG-01 cells, Rep 2 , CTCF IP - MEG-01 cells, Rep 10 , CTCF IP - MEG-01 cells, Rep 4 ",,,,,,,,,,,,
SPP,RBPJ,HSD17B12,leukocytes,RBPJ IP | COMPE - wash,,,,,,,,,,,,
SPP,COMPE,HSD17B12,leukocytes,RBPJ IP | COMPE - wash,,,,,,,,,,,,
SPP,ATF1,HSD17B12,leukocytes,ATF1 IP - K562 cells,,,,,,,,,,,,
SPP,CTCF,HSD17B12,sensory,"CTCF IP - WERI-Rb-1- cells, Rep 1 ",,,,,,,,,,,,
SPP,PBX3,HSD17B12,cns,PBX3 IP - SK-N-SH cells,,,,,,,,,,,,
SPP,DEX,HSD17B12,mammarygland,"DEX | FOXA1 ChIP-Seq - Rep 1, DEX | FOXA1 ChIP-Seq - Rep 2, DEX | FOXA1 ChIP-Seq - Rep 1",,,,,,,,,,,,
SPP,ZBTB7A,HSD17B12,uterus,ZBTB7A IP - ECC1 cells,,,,,,,,,,,,
SPP,FOXA2,HSD17B12,stemcells,"FOXA2 IP - ES D2, FOXA2 IP - ES D10, FOXA2 IP - ES D7, FOXA2 IP - ES D5",,,,,,,,,,,,
SPP,FOXP1,HSD17B12,colon,FOXP1 IP ,,,,,,,,,,,,
SPP,STAT5A,HSD17B12,leukocytes,"STAT5A IP - GM12878 cells, STAT5A IP - K562 cells",,,,,,,,,,,,
SPP,REST,HSD17B12,lung,REST IP - A549 cells,,,,,,,,,,,,
SPP,JUND,HSD17B12,stemcells,JUND IP - H1 cells,,,,,,,,,,,,
SPP,CREB1,HSD17B12,colon,CREB1 IP ,,,,,,,,,,,,
SPP,GATA2,HSD17B12,vasculature,GATA2 IP - HUVEC cells,,,,,,,,,,,,
SPP,ZEB1,HSD17B12,liver,ZEB1 IP - HepG2 cells,,,,,,,,,,,,
SPP,JUND,HSD17B12,lung,JUND IP - A549 cells,,,,,,,,,,,,
SPP,TBP,HSD17B12,stemcells,TBP IP - H1 cells,,,,,,,,,,,,
SPP,GATA2,HSD17B12,hspcs,"GATA2 IP, GATA2 IP",,,,,,,,,,,,
SPP,GATA1,HSD17B12,hspcs,"GATA1 IP - Rep 3, GATA1 IP - PBDE cells, Rep 1",,,,,,,,,,,,
SPP,KLF11,HSD17B12,adiposetissue,"ROSI (BrAT) | KLF11 ChIP-Seq, Rep 1, KLF11 ChIP-Seq, Rep 1, ROSI (BrAT) | KLF11 ChIP-Seq, Rep 2, KLF11 ChIP-Seq, Rep 2",,,,,,,,,,,,
SPP,ROSI,HSD17B12,adiposetissue,"ROSI (BrAT) | KLF11 ChIP-Seq, Rep 1, ROSI (BrAT) | KLF11 ChIP-Seq, Rep 2",,,,,,,,,,,,
SPP,ETS1,HSD17B12,lung,ETS1 IP - A549 cells,,,,,,,,,,,,
SPP,SREBF1,HSD17B12,liver,"SREBF1 IP | PRAV - HepG2 cells, SREBF1 IP | INS + 22RHC - HepG2 cells",,,,,,,,,,,,
SPP,PDX1,HSD17B12,pancreas,PDX1 IP,,,,,,,,,,,,
SPP,ELF1,HSD17B12,liver,ELF1 IP - HepG2 cells,,,,,,,,,,,,
SPP,FOS,HSD17B12,leukocytes,FOS IP - GM12878 cells,,,,,,,,,,,,
SPP,YY1,HSD17B12,liver,YY1 IP - HepG2 cells,,,,,,,,,,,,
SPP,GABPA,HSD17B12,leukocytes,"GABPA IP - GM12878 cells, Rep 2 , GABPA IP - GM12878 cells, Rep 4 ",,,,,,,,,,,,
SPP,EBF1,HSD17B12,leukocytes,"EBF1 IP - GM12878 cells, EBF1 IP - GM12878 cells",,,,,,,,,,,,
SPP,HEY1,HSD17B12,leukocytes,HEY1 IP - K562 cells,,,,,,,,,,,,
SPP,STAT3,HSD17B12,leukocytes,"STAT3 IP - SU-DHL-6, STAT3 IP - SU-DHL-4, STAT3 IP - OCI-LY10, STAT3 IP - SU-DHL-2, STAT3 IP - OCI-LY7",,,,,,,,,,,,
SPP,YY1,HSD17B12,stemcells,"YY1 IP - NT2 cells, YY1 IP - H1 cells",,,,,,,,,,,,
SPP,NFYA,HSD17B12,leukocytes,"NFYA IP - K562 cells, NFYA IP - GM12878 cells",,,,,,,,,,,,
SPP,CEBPB,HSD17B12,colon,"CEBPB IP, CEBPB IP - HCT116 cells, CEBPB IP | 125DVD3",,,,,,,,,,,,
SPP,BHLHE40,HSD17B12,leukocytes,BHLHE40 IP - GM12878 cells,,,,,,,,,,,,
SPP,CDX2,HSD17B12,colon,"CDX2 IP, CDX2 IP | 125DVD3",,,,,,,,,,,,
SPP,BACH1,HSD17B12,colon,BACH1 IP ,,,,,,,,,,,,
SPP,SRF,HSD17B12,uterus,SRF IP - ECC1 cells,,,,,,,,,,,,
SPP,PAX5,HSD17B12,leukocytes,"PAX5 IP - GM12891 cells, PAX5 IP - GM12878 cells, Rep 2, PAX5 IP - GM12878 cells, Rep 1, PAX5 IP - GM12892 cells",,,,,,,,,,,,
SPP,RUNX1,HSD17B12,hspcs,RUNX1,,,,,,,,,,,,
SPP,ELF3,HSD17B12,pancreas,"ELF3 IP, ELF3 IP, ELF3 IP | KLF5 KO",,,,,,,,,,,,
SPP,FOXP2,HSD17B12,cns,"FOXP2 IP - PFSK-1 cells, FOXP2 IP - SK cells",,,,,,,,,,,,
SPP,GATA2,HSD17B12,cns,GATA2 ChIP-Seq SH-SY5Y,,,,,,,,,,,,
SPP,SP1,HSD17B12,colon,SP1 IP - HCT116 cells,,,,,,,,,,,,
SPP,ATF3,HSD17B12,colon,"ATF3 IP - HCT116 cells, ATF3 IP | CAMPTO",,,,,,,,,,,,
SPP,MAFK,HSD17B12,liver,"MAFK IP - HepG2 cells, Rep 2, MAFK IP - HepG2 cells, Rep 1",,,,,,,,,,,,
SPP,MXI1,HSD17B12,leukocytes,MXI1 IP - GM12878 cells,,,,,,,,,,,,
SPP,KLF5,HSD17B12,stomach,KLF5 IP - KATOIII,,,,,,,,,,,,
SPP,E2F4,HSD17B12,mammarygland,E2F4 IP | 4HT - MCF10 cells,,,,,,,,,,,,
SPP,4HT,HSD17B12,mammarygland,"E2F4 IP | 4HT - MCF10 cells, STAT3 IP | 4HT - MCF10 cells, 12 h, STAT3 IP | 4HT - MCF10 cells, 36 h, FOS IP | 4HT - MCF10A cells, 4 h",,,,,,,,,,,,
SPP,HEY1,HSD17B12,liver,HEY1 IP - HepG2 cells,,,,,,,,,,,,
SPP,ZBTB7A,HSD17B12,leukocytes,ZBTB7A IP - SK-N-SH cells,,,,,,,,,,,,
SPP,SRF,HSD17B12,colon,SRF IP - HCT116 cells,,,,,,,,,,,,
SPP,MTA3,HSD17B12,leukocytes,MTA3 IP - GM12878 cells,,,,,,,,,,,,
SPP,MAFF,HSD17B12,liver,MAFF IP - HepG2 cells,,,,,,,,,,,,
SPP,SOX9,HSD17B12,colon,SOX9 IP ,,,,,,,,,,,,
SPP,IRF4,HSD17B12,leukocytes,IRF4 IP,,,,,,,,,,,,
SPP,FOSL1,HSD17B12,colon,FOSL1 IP - HCT116 cells,,,,,,,,,,,,
SPP,ATF2,HSD17B12,colon,ATF2 IP ,,,,,,,,,,,,
SPP,CEBPB,HSD17B12,leukocytes,"CEBPB IP - Rep 204, CEBPB ChIP-Seq - K562, CEBPB IP | oxLDL  - Rep 208",,,,,,,,,,,,
SPP,ELF1,HSD17B12,colon,ELF1 IP - HCT116 cells,,,,,,,,,,,,
SPP,CTCF,HSD17B12,adiposetissue,"CTCF ChIP-Seq - d -2, CTCF ChIP-Seq - d 0, CTCF ChIP-Seq - dÂ 3",,,,,,,,,,,,
SPP,CEBPA,HSD17B12,leukocytes,CEBPA IP,,,,,,,,,,,,
SPP,E2F1,HSD17B12,prostate,"E2F1 ChIP-Seq - Rep 2, E2F1 ChIP-Seq - Rep 4, E2F1 ChIP-Seq - Rep 1, BICALU | E2F1 ChIP-Seq - Rep 1",,,,,,,,,,,,
SPP,GABPA,HSD17B12,prostate,GABPA IP - Rep 1,,,,,,,,,,,,
SPP,TCF12,HSD17B12,uterus,TCF12 IP - ECC1 cells,,,,,,,,,,,,
SPP,KLF5,HSD17B12,pancreas,"KLF5 IP, ELF3 IP | KLF5 KO",,,,,,,,,,,,
SPP,STAT3,HSD17B12,mammarygland,"STAT3 IP | 4HT - MCF10 cells, 12 h, STAT3 IP | 4HT - MCF10 cells, 36 h, STAT3 IP - MCF10A cells, Rep 2",,,,,,,,,,,,
SPP,JUN,HSD17B12,mammarygland,"JUN IP - Rep 1, JUN IP - Rep 2",,,,,,,,,,,,
SPP,MAX,HSD17B12,leukocytes,"MAX IP - K562 cells, Rep 2, MAX IP - K562 cells",,,,,,,,,,,,
SPP,MAZ,HSD17B12,liver,MAZ IP - HepG2 cells,,,,,,,,,,,,
SPP,CTCF,HSD17B12,vasculature,"CTCF IP - HBMEC cells, Rep 1 , CTCF IP - HPAF cells, Rep 1 , CTCF IP - HPAF cells, Rep 2 ",,,,,,,,,,,,
SPP,EGR1,HSD17B12,leukocytes,EGR1 IP - K562 cells,,,,,,,,,,,,
SPP,E2F3,HSD17B12,colon,E2F3 IP ,,,,,,,,,,,,
SPP,NFYB,HSD17B12,leukocytes,"NFYB IP - K562 cells, NFYB IP - GM12878 cells",,,,,,,,,,,,
SPP,MAX,HSD17B12,lung,MAX IP - A549 cells,,,,,,,,,,,,
SPP,FOXM1,HSD17B12,mammarygland,FOXM1 IP | THSP - DS006,,,,,,,,,,,,
SPP,REST,HSD17B12,colon,REST IP - HCT116 cells,,,,,,,,,,,,
SPP,SP1,HSD17B12,liver,SP1 IP - HepG2 cells,,,,,,,,,,,,
SPP,CREB1,HSD17B12,lung,"CREB1 IP - A549 cells, Rep 2, CREB1 IP | DEX - A549 cells",,,,,,,,,,,,
SPP,HOXA4,HSD17B12,colon,HOXA4 IP ,,,,,,,,,,,,
SPP,TBP,HSD17B12,uterus,TBP IP - HeLa cells,,,,,,,,,,,,
SPP,E2F6,HSD17B12,lung,E2F6 IP - A549 cells,,,,,,,,,,,,
SPP,CREB1,HSD17B12,stemcells,CREB1 IP - H1 cells,,,,,,,,,,,,
SPP,CTCF,HSD17B12,liver,CTCF IP - HepG2 cells ,,,,,,,,,,,,
SPP,GATA1,HSD17B12,leukocytes,GATA1 ChIP-Seq - SC266,,,,,,,,,,,,
SPP,GTF2F1,HSD17B12,stemcells,GTF2F1 IP - H1 cells,,,,,,,,,,,,
SPP,TP53,HSD17B12,mammarygland,"TP53 IP, TP53 IP | NUTL3 - MCF-7",,,,,,,,,,,,
SPP,IRF1,HSD17B12,colon,IRF1 IP ,,,,,,,,,,,,
SPP,ELF1,HSD17B12,cns,ELF1 IP - SK-N-SH cells,,,,,,,,,,,,
SPP,CTCF,HSD17B12,bone,CTCF IP - Osteoblasts ,,,,,,,,,,,,
SPP,E2F1,HSD17B12,mammarygland,"E2F1 IP - MCF7 cells, E2F1 IP",,,,,,,,,,,,
SPP,REST,HSD17B12,liver,"REST IP - HepG2 cells, Rep 1, REST IP - HepG2 cells, Rep 2",,,,,,,,,,,,
SPP,SOX2,HSD17B12,stemcells,SOX2 IP,,,,,,,,,,,,
SPP,MAX,HSD17B12,cns,MAX IP - SK-N-SH cells,,,,,,,,,,,,
SPP,TBP,HSD17B12,leukocytes,"TBP IP - GM12878 cells, TBP IP - K562 cells",,,,,,,,,,,,
SPP,TAL1,HSD17B12,colon,TAL1 IP ,,,,,,,,,,,,
SPP,ZNF83,HSD17B12,colon,ZNF83 IP ,,,,,,,,,,,,
SPP,125DVD3,HSD17B12,colon,"CDX2 IP | 125DVD3, CEBPB IP | 125DVD3",,,,,,,,,,,,
SPP,YY1,HSD17B12,colon,YY1 IP - HCT116 cells,,,,,,,,,,,,
SPP,MAX,HSD17B12,vasculature,MAX IP - HUVEC cells,,,,,,,,,,,,
SPP,CTCF,HSD17B12,heart,CTCF IP - HCF cells ,,,,,,,,,,,,
SPP,GTF2B,HSD17B12,uterus,GTF2B IP - Rep 2,,,,,,,,,,,,
SPP,CTCF,HSD17B12,kidney,"CTCF IP - RPTEC cells, Rep 1 ",,,,,,,,,,,,
SPP,GATA3,HSD17B12,mammarygland,GATA3 IP - T47D cells,,,,,,,,,,,,
SPP,CREB1,HSD17B12,liver,"CREB1 IP, CREB1 IP, CREB1 IP - HepG2 cells, CREB1 IP",,,,,,,,,,,,
SPP,MXI1,HSD17B12,cns,MXI1 IP - SK-N-SH cells ,,,,,,,,,,,,
SPP,NFYC,HSD17B12,colon,NFYC IP ,,,,,,,,,,,,
SPP,FOXM1,HSD17B12,leukocytes,FOXM1 IP - GM12878 cells,,,,,,,,,,,,
SPP,USF1,HSD17B12,cns,USF1 IP | ATRA - SK-N-SH cells,,,,,,,,,,,,
SPP,ATRA,HSD17B12,cns,"USF1 IP | ATRA - SK-N-SH cells, YY1 IP | ATRA - SK-N-SH cells",,,,,,,,,,,,
SPP,EGR1,HSD17B12,uterus,EGR1 IP - ECC1 cells,,,,,,,,,,,,
SPP,USF1,HSD17B12,stemcells,USF1 IP - H1 cells,,,,,,,,,,,,
SPP,SIX2,HSD17B12,kidney,"SIX2 IP - 17 weeks, Rep 2, SIX2 IP - 17 weeks, Rep 1",,,,,,,,,,,,
SPP,MYC,HSD17B12,mammarygland,DHT | MYC ChIP-Seq,,,,,,,,,,,,
SPP,TEAD4,HSD17B12,stemcells,TEAD4 IP - H1 cells,,,,,,,,,,,,
SPP,ATF2,HSD17B12,leukocytes,ATF2 IP - GM12878 cells,,,,,,,,,,,,
SPP,FOXA1,HSD17B12,stemcells,FOXA1 IP - Rep 5 ,,,,,,,,,,,,
SPP,ERG,HSD17B12,prostate,"ERG ChIP-Seq, DMSO | ERG ChIP-Seq - Rep 1",,,,,,,,,,,,
SPP,STAT2,HSD17B12,colon,STAT2 IP ,,,,,,,,,,,,
SPP,TP53,HSD17B12,bone,"TP53 IP - Rep 2, TP53 IP | TP53EE/RR OE, TP53 IP | NUTL3 - SJSA-1",,,,,,,,,,,,
SPP,SP1,HSD17B12,stemcells,"SP1 IP - Rep 2 , SP1 IP - H1 cells, SP1 IP - Rep 1 ",,,,,,,,,,,,
SPP,RELA,HSD17B12,colon,RELA IP ,,,,,,,,,,,,
SPP,TCF7L2,HSD17B12,hspcs,"TCF7L2 IP - Rep 2, TCF7L2 IP - Rep 1",,,,,,,,,,,,
SPP,ELF1,HSD17B12,lung,ELF1 IP - A549 cells,,,,,,,,,,,,
SPP,CTCF,HSD17B12,skeletalmuscle,"CTCF IP - HSMM cells, Rep 2 , CTCF IP - HSMM cells, Rep 1 ",,,,,,,,,,,,
SPP,MAX,HSD17B12,uterus,MAX IP - ECC1 cells,,,,,,,,,,,,
SPP,MXI1,HSD17B12,stemcells,MXI1 IP - H1 cells,,,,,,,,,,,,
SPP,MXI1,HSD17B12,lung,MXI1 IP - IMR cells,,,,,,,,,,,,
SPP,NFYA,HSD17B12,uterus,NFYA IP - HeLa cells,,,,,,,,,,,,
SPP,PBX3,HSD17B12,lung,PBX3 IP - A549 cells,,,,,,,,,,,,
SPP,EBF1,HSD17B12,adiposetissue,EBF1 IP,,,,,,,,,,,,
SPP,RUNX1,HSD17B12,leukocytes,RUNX1 IP,,,,,,,,,,,,
SPP,ELF1,HSD17B12,mammarygland,ELF1 IP - MCF7 cells,,,,,,,,,,,,
SPP,DEX,HSD17B12,lung,CREB1 IP | DEX - A549 cells,,,,,,,,,,,,
SPP,ZNF143,HSD17B12,leukocytes,ZNF143 IP - GM12878 cells,,,,,,,,,,,,
SPP,MAX,HSD17B12,colon,MAX IP - HCT116 cells,,,,,,,,,,,,
SPP,TCF12,HSD17B12,lung,TCF12 IP - A549 cells,,,,,,,,,,,,
SPP,ETV5,HSD17B12,colon,ETV5 IP ,,,,,,,,,,,,
SPP,SP1,HSD17B12,lung,SP1 IP - A549 cells,,,,,,,,,,,,
SPP,YY1,HSD17B12,cns,YY1 IP | ATRA - SK-N-SH cells,,,,,,,,,,,,
SPP,JUN,HSD17B12,colon,JUN IP ,,,,,,,,,,,,
SPP,TBP,HSD17B12,liver,TBP IP - HepG2 cells,,,,,,,,,,,,
SPP,E2F6,HSD17B12,stemcells,E2F6 IP - H1 cells,,,,,,,,,,,,
SPP,ELF1,HSD17B12,leukocytes,"ELF1 IP - SK-N-SH cells, ELF1 IP - SK-N-SH cells",,,,,,,,,,,,
SPP,TEAD4,HSD17B12,leukocytes,TEAD4 IP - K562 cells,,,,,,,,,,,,
SPP,ERG,HSD17B12,leukocytes,ERG IP - Rep 1,,,,,,,,,,,,
SPP,FOXA2,HSD17B12,embryonictissue,FOXA2 IP - Rep 2,,,,,,,,,,,,
SPP,ZNF263,HSD17B12,kidney,ZNF263 IP - HEK293 cells,,,,,,,,,,,,
SPP,FOSL2,HSD17B12,lung,FOSL2 IP - A549 cells,,,,,,,,,,,,
SPP,USF1,HSD17B12,uterus,USF1 IP - ECC1 cells,,,,,,,,,,,,
SPP,FOSL2,HSD17B12,liver,FOSL2 IP - HepG2 cells,,,,,,,,,,,,
SPP,YY1,HSD17B12,uterus,YY1 IP - ECC1 cells,,,,,,,,,,,,
SPP,MAZ,HSD17B12,lung,MAZ IP - IMR cells,,,,,,,,,,,,
SPP,BICALU,HSD17B12,prostate,BICALU | E2F1 ChIP-Seq - Rep 1,,,,,,,,,,,,
SPP,USF1,HSD17B12,colon,USF1 IP - HCT116 cells,,,,,,,,,,,,
SPP,NFYB,HSD17B12,uterus,NFYB IP - HeLa cells,,,,,,,,,,,,
SPP,22RHC; INS,HSD17B12,liver,SREBF1 IP | INS + 22RHC - HepG2 cells,,,,,,,,,,,,
SPP,POU2F2,HSD17B12,leukocytes,POU2F2 IP - GM12878 cells,,,,,,,,,,,,
SPP,FOS,HSD17B12,mammarygland,"FOS IP | 4HT - MCF10A cells, 4 h",,,,,,,,,,,,
SPP,FOXM1,HSD17B12,uterus,FOXM1 IP - ECC1 cells,,,,,,,,,,,,
SPP,TCF3,HSD17B12,leukocytes,TCF3 IP - GM12878 cells,,,,,,,,,,,,
SPP,TP53,HSD17B12,lung,"TP53 IP - propapoptic, Rep 1",,,,,,,,,,,,
SPP,CTCF,SCD5,leukocytes,"CTCF IP - F36P cells, Rep 14 , CTCF IP - GM2610 cells, Rep 2 , CTCF IP - GM06990 cells, Rep 2 , CTCF IP - GM12878 cells, Rep 2 , CTCF IP - GM19240 cells, Rep 2 , CTCF IP - MS1 cells, Rep 4 , CTCF IP - GM12891 cells, Rep 1 , CTCF IP - F36P cells, Rep 1 , CTCF IP - KU812 cells, Rep 9 , CTCF ChIP-Seq - GM12878, CTCF IP - GM19238 cells, Rep 1 , CTCF IP - F36P cells, Rep 13 , CTCF IP - GM19238 cells, Rep 2 , CTCF IP - GM18526 cells, Rep 2 , CTCF IP - GM18505 cells, Rep 2 , CTCF IP - GM18486 cells, Rep 1 , CTCF IP - GM11811 cells, Rep 2, CTCF IP - GM18951 cells, Rep 1 , CTCF IP - F36P cells, Rep 3 , CTCF IP - F36P cells, Rep 11 , CTCF IP - GM12865 cells, Rep 2 , CTCF IP - F36P cells, Rep 2 , CTCF IP - GM06990 cells, Rep 1 , CTCF IP - K562 cells, Rep 12 , CTCF IP - GM12892 cells, Rep 1 , CTCF IP - GM11881 cells, CTCF IP - K562 cells, Rep 1 , CTCF IP, CTCF IP - GM12872 cells, Rep 3 , CTCF IP - GM2610 cells, Rep 3 , CTCF IP - GM2610 cells, Rep 1 , CTCF IP - GM06986 cells, CTCF IP - K562 cells, Rep 13 , CTCF IP - GM2255 cells, Rep 3 , CTCF IP - GM12749 cells, Rep 1, CTCF IP - GM2588 cells, Rep 3 , CTCF IP - GM07346 cells, CTCF IP - Â DND , CTCF IP - MS1 cells, Rep 2 , CTCF IP - UT-7 cells, Rep 1 , CTCF IP - GM2630 cells, Rep 3 , CTCF IP - GM12890 cells, Rep 3 , CTCF IP - GM18526 cells, Rep 1 , CTCF IP - MS1 cells, Rep 1 , CTCF IP - K562 cells, CTCF IP - GM19193 cells, Rep 1 , CTCF IP - KU812 cells, Rep 1 , CTCF IP - GM12891 cells, Rep 2 , CTCF IP - GM2588 cells, Rep 1 , CTCF IP - F36P cells, Rep 19 , CTCF IP - GM12892 cells, Rep 2 , CTCF IP - GM2630 cells, Rep 1 , CTCF IP - GM12815 cells, Rep 1, CTCF IP - GM19240 cells, Rep 1 , CTCF IP - GM12873 cells, Rep 3 , CTCF IP - GM12875 cells, Rep 1 , CTCF IP - GM12828 cells, CTCF IP - F36P cells, Rep 15 , CTCF IP - K562 cells, CTCF IP - HeLa cells, Rep 2 , CTCF IP - GM12890 cells, Rep 1 , CTCF IP - GM19099 cells, Rep 2 , CTCF IP - GM12878 cells , CTCF IP - GM18486 cells, Rep 3 , CTCF IP - K562 cells, Rep 16 , CTCF IP - GM11994 cells, Rep 2, CTCF IP - F36P cells, Rep 7 , CTCF IP - GM19099 cells, Rep 1 , CTCF IP - GM12814 cells, Rep 1, CTCF IP - GM19239 cells, Rep 2 , CTCF IP - K562 cells, Rep 14 , CTCF IP - GM19193 cells, Rep 2 , CTCF IP - GM12869 cells , CTCF IP - GM11831 cells, CTCF IP - F36P cells, Rep 10 , CTCF IP - GM12154 cells, Rep 2, CTCF IP - GM18505 cells, Rep 1 , CTCF IP - K562 cells , CTCF IP - KU812 cells, Rep 5 , CTCF IP - GM2630 cells, Rep 2 , CTCF IP - GM12814 cells, Rep 2, CTCF IP - GM12890 cells, Rep 2 , CTCF IP - GM12878 cells, Rep 1 , CTCF IP - F36P cells, Rep 6 , CTCF IP - GM2255 cells, Rep 2 , CTCF IP - GM11994 cells, Rep 1, CTCF IP - GM12878 cells, Rep 2 , CTCF IP - GM19239 cells, Rep 1 , CTCF IP - K562 cells, Rep 15 , CTCF IP - GM2588 cells, Rep 2 , CTCF IP - F36P cells, Rep 18 , CTCF IP - GM12154 cells, Rep 1, CTCF IP - KU812 cells, Rep 17 , CTCF IP - GM11811 cells, Rep 1, CTCF IP - K562 cells, Rep 11 , CTCF IP - UT-7 cells, Rep 3 , CTCF IP - GM10847 cells, Rep 2 , CTCF IP - MS1 cells, Rep 3 , CTCF IP - GM2255 cells, Rep 1 , CTCF IP - KU812 cells, Rep 13 ",,,,,,,,,,,,
SPP,CTCF,SCD5,vasculature,"CTCF IP - HUVEC cells , CTCF IP - HPAF cells, Rep 2 , CTCF IP - HBMEC cells, Rep 1 , CTCF IP - HBMEC cells, Rep 2 , CTCF IP - HPAF cells, Rep 1 , CTCF IP - HUVEC cells, Rep 2 , CTCF IP - AoAFC cells, Rep 1 , CTCF IP - HUVEC cells, Rep 1 ",,,,,,,,,,,,
SPP,CTCF,SCD5,lung,"CTCF IP - A549 cells, Rep 2 , CTCF IP - NHLF cells , CTCF IP - HPF cells, Rep 1 , CTCF IP - A549 cells, CTCF ChIP-Seq - A549, CTCF IP - IMR cells, CTCF IP - SAEC cells, Rep 1 , CTCF IP | DEX - A549 cells, CTCF IP - SAEC cells, Rep 2 , CTCF IP - AG04450 cells, Rep 2 , CTCF IP - HPF cells, Rep 2 , CTCF IP - A549 cells , CTCF IP - AG04450 cells, Rep 1 , CTCF IP - NHLF cells , CTCF IP | DEX - A549 cells ",,,,,,,,,,,,
SPP,CTCF,SCD5,megakaryocytelineage,"CTCF IP - MEG-01 cells, Rep 10 , CTCF IP - MEG-01 cells, Rep 8 , CTCF IP - MEG-01 cells, Rep 6 , CTCF IP - MEG-01 cells, Rep 4 , CTCF IP - MEG-01 cells, Rep 2 ",,,,,,,,,,,,
SPP,CEBPB,SCD5,stemcells,"CEBPB IP, CEBPB IP - H1 cells",,,,,,,,,,,,
SPP,CEBPB,SCD5,uterus,"CEBPB IP - ECC1 cells, CEBPB ChIP-Seq - HeLaS3",,,,,,,,,,,,
SPP,NFYB,SCD5,leukocytes,"NFYB IP - K562 cells, NFYB IP - GM12878 cells",,,,,,,,,,,,
SPP,CTCF,SCD5,hspcs,"CTCF IP - HEL 92.1.7 cells, Rep 14 , CTCF IP - HEL 92.1.7 cells, Rep 2 , CTCF IP - HEL 92.1.7 cells, Rep 8 , CTCF IP - HEL 92.1.7 cells, Rep 11 , CTCF IP - HEL 92.1.7 cells, Rep 5 ",,,,,,,,,,,,
SPP,ZNF143,SCD5,leukocytes,ZNF143 IP - GM12878 cells,,,,,,,,,,,,
SPP,GATA3,SCD5,mammarygland,"GATA3 IP - T47D cells, GATA3 IP - MCF7 cells",,,,,,,,,,,,
SPP,CTCF,SCD5,miscellaneous,"CTCF IP - AG09319 cells, Rep 2 , CTCF IP - AG09319 cells, Rep 1 ",,,,,,,,,,,,
SPP,ZBTB7A,SCD5,uterus,ZBTB7A IP - ECC1 cells,,,,,,,,,,,,
SPP,CTCF,SCD5,cns,"CTCF IP - cerebellar astrocyte cells, Rep 2 , CTCF IP - NHA cells , CTCF IP - SK-N-SH cells, Rep 1 , CTCF IP - BE(2)-C cells, Rep 1 , CTCF IP - BE(2)-C cells, Rep 2 , CTCF IP - SK cells, CTCF IP - spinal cord astrocyte cells, Rep 2 , CTCF IP - HCPEpiC cells, Rep 1 , CTCF IP - spinal cord astrocyte cells, Rep 1 , CTCF IP - cerebellar astrocyte cells, Rep 1 , CTCF IP - HCPEpiC cells, Rep 2 , CTCF IP - SK-N-SH cells , CTCF IP - SK-N-SH cells, Rep 2 ",,,,,,,,,,,,
SPP,FOSL2,SCD5,cns,FOSL2 IP - SK-N-SH cells,,,,,,,,,,,,
SPP,MAZ,SCD5,leukocytes,MAZ IP - GM12878 cells,,,,,,,,,,,,
SPP,GATA2,SCD5,prostate,"GATA2 ChIP-Seq, GATA2 ChIP-Seq - Rep 1",,,,,,,,,,,,
SPP,E2F1,SCD5,prostate,"E2F1 ChIP-Seq - Rep 1, HES6 OE + BICALU | E2F1 ChIP-Seq - Rep 3, HES6 OE | E2F1 ChIP-Seq - Rep 3, BICALU | E2F1 ChIP-Seq - Rep 1, HES6 OE | E2F1 ChIP-Seq - Rep 1, HES6 OE + BICALU | E2F1 ChIP-Seq - Rep 1, BICALU | E2F1 ChIP-Seq - Rep 3",,,,,,,,,,,,
SPP,SPI1,SCD5,leukocytes,"SPI1 IP, SPI1 IP, SPI1 IP, SPI1 IP",,,,,,,,,,,,
SPP,MXI1,SCD5,cns,MXI1 IP - SK-N-SH cells ,,,,,,,,,,,,
SPP,SOX2,SCD5,stemcells,SOX2 IP,,,,,,,,,,,,
SPP,ZNF263,SCD5,kidney,ZNF263 IP - HEK293 cells,,,,,,,,,,,,
SPP,ELF1,SCD5,leukocytes,ELF1 IP - SK-N-SH cells,,,,,,,,,,,,
SPP,CTCF,SCD5,esophagus,"CTCF IP - HEEpiC cells, Rep 1 , CTCF IP - HEEpiC cells, Rep 2 ",,,,,,,,,,,,
SPP,POU5F1,SCD5,stemcells,"POU5F1 IP, POU5F1 IP, POU5F1 IP - Rep 1 ",,,,,,,,,,,,
SPP,FOXA2,SCD5,stemcells,FOXA2 IP - ES D5,,,,,,,,,,,,
SPP,JUN,SCD5,mammarygland,JUN IP - Rep 1,,,,,,,,,,,,
SPP,CTCF,SCD5,pancreas,CTCF IP,,,,,,,,,,,,
SPP,EGR1,SCD5,stemcells,EGR1 IP - H1 cells,,,,,,,,,,,,
SPP,BICALU,SCD5,prostate,"HES6 OE + BICALU | E2F1 ChIP-Seq - Rep 3, BICALU | E2F1 ChIP-Seq - Rep 1, HES6 OE + BICALU | E2F1 ChIP-Seq - Rep 1, BICALU | E2F1 ChIP-Seq - Rep 3",,,,,,,,,,,,
SPP,HES6,SCD5,prostate,"HES6 OE + BICALU | E2F1 ChIP-Seq - Rep 3, HES6 OE | E2F1 ChIP-Seq - Rep 3, HES6 OE | E2F1 ChIP-Seq - Rep 1, HES6 OE + BICALU | E2F1 ChIP-Seq - Rep 1",,,,,,,,,,,,
SPP,CTCF,SCD5,skin,"CTCF IP - NHDF cells , CTCF IP - HFFC cells, Rep 1 , CTCF IP - AG04449 cells, Rep 2 , CTCF IP - HFFC cells, Rep 3 , CTCF IP - NHDF cells, Rep 1 , CTCF IP - NHDF cells, Rep 2 , CTCF IP - GM12878 cells, Rep 2 , CTCF IP - AG10803 cells, Rep 1 , CTCF IP - BJ cells, Rep 2 , CTCF IP - NHEK cells, Rep 2 , CTCF IP - AG04449 cells, Rep 1 , CTCF IP - AG09309 cells, Rep 1 , CTCF IP - HFFC cells, Rep 2 , CTCF IP - NHEK cells , CTCF IP - BJ cells, Rep 1 , CTCF IP - AG10803 cells, Rep 2 ",,,,,,,,,,,,
SPP,CTCF,SCD5,mammarygland,"CTCF IP - MCF7 cells, CTCF IP - HMEC cells, Rep 1 , CTCF IP - MCF-7 cells, Rep 1 , CTCF IP - HMEC cells , CTCF IP - HMF cells, Rep 2 , CTCF IP - HMF cells, Rep 1 , CTCF IP - HMEC cells, Rep 2 , CTCF IP - MCF-7 cells Rep 2 ",,,,,,,,,,,,
SPP,CEBPB,SCD5,lung,"CEBPB ChIP-Seq - A549, CEBPB ChIP-Seq - IMR90",,,,,,,,,,,,
SPP,TAL1,SCD5,leukocytes,TAL1 IP - MOLT3,,,,,,,,,,,,
SPP,MAX,SCD5,cns,MAX IP - SK-N-SH cells,,,,,,,,,,,,
SPP,YY1,SCD5,cns,"YY1 IP | ATRA - SK-N-SH cells, YY1 IP - SK-N-SH cells",,,,,,,,,,,,
SPP,ATRA,SCD5,cns,YY1 IP | ATRA - SK-N-SH cells,,,,,,,,,,,,
SPP,CTCF,SCD5,uterus,"CTCF IP - HeLa cells , CTCF IP - HeLa cells, Rep 1 , CTCF IP - ECC1 cells",,,,,,,,,,,,
SPP,E2F6,SCD5,lung,E2F6 IP - A549 cells,,,,,,,,,,,,
SPP,FOS,SCD5,mammarygland,"FOS IP | 4HT - MCF10A cells, 12 h, FOS IP | 4HT - MCF10A cells, 36 h, FOS IP | 4HT - MCF10A cells, 4 h, FOS IP - MCF10A cells",,,,,,,,,,,,
SPP,4HT,SCD5,mammarygland,"FOS IP | 4HT - MCF10A cells, 12 h, FOS IP | 4HT - MCF10A cells, 36 h, FOS IP | 4HT - MCF10A cells, 4 h, E2F4 IP | 4HT - MCF10 cells",,,,,,,,,,,,
SPP,HOXA4,SCD5,colon,HOXA4 IP ,,,,,,,,,,,,
SPP,EGR1,SCD5,liver,EGR1 IP - MCF7 cells,,,,,,,,,,,,
SPP,FOXA1,SCD5,mammarygland,"17BE2 | FOXA1 ChIP-Seq - Rep 1, DHT | FOXA1 ChIP-Seq, FOXA1 ChIP-Seq - Rep 1, DEX | FOXA1 ChIP-Seq - Rep 1",,,,,,,,,,,,
SPP,17BE2,SCD5,mammarygland,17BE2 | FOXA1 ChIP-Seq - Rep 1,,,,,,,,,,,,
SPP,CTCF,SCD5,sensory,"CTCF IP - HRPEpiC cells, Rep 1 , CTCF IP - WERI-Rb-1- cells, Rep 1 , CTCF IP - HRPEpiC cells, Rep 2 ",,,,,,,,,,,,
SPP,CTCF,SCD5,liver,"CTCF IP - HepG2 cells , CTCF IP - HepG2 cells, Rep 2 , CTCF IP, CTCF IP - SK-N-SH cells",,,,,,,,,,,,
SPP,IRF1,SCD5,colon,IRF1 IP ,,,,,,,,,,,,
SPP,CTCF,SCD5,skeletalmuscle,"CTCF IP - HSMM cells, Rep 2 , CTCF IP - HSMM cells, Rep 1 ",,,,,,,,,,,,
SPP,CTCF,SCD5,kidney,"CTCF IP - HEK293 cells, Rep 1 , CTCF IP - HRE cells, Rep 2 , CTCF IP - RPTEC cells, Rep 1 , CTCF IP - RPTEC cells, Rep 2 , CTCF IP - HRE cells, Rep 1 ",,,,,,,,,,,,
SPP,TCF3,SCD5,leukocytes,TCF3 IP - GM12878 cells,,,,,,,,,,,,
SPP,CTCF,SCD5,stemcells,CTCF IP - Rep 6 ,,,,,,,,,,,,
SPP,MYB,SCD5,leukocytes,"MYB IP - Jurkat, Rep 2, MYB IP - Jurkat, Rep 1, MYB IP - Jurkat, Rep 3, MYB IP - Jurkat, Rep 5, MYB IP - MOLT3, MYB IP - Jurkat, Rep 4",,,,,,,,,,,,
SPP,E2F1,SCD5,mammarygland,"E2F1 IP, E2F1 IP - MCF7 cells",,,,,,,,,,,,
SPP,BHLHE40,SCD5,leukocytes,BHLHE40 IP - GM12878 cells,,,,,,,,,,,,
SPP,GATA3,SCD5,cns,"GATA3 IP - SHSY5Y cells, GATA3 IP - SK-N-SH cells",,,,,,,,,,,,
SPP,CTCF,SCD5,bone,"CTCF IP, CTCF IP - Osteoblasts ",,,,,,,,,,,,
SPP,CTCF,SCD5,colon,"CTCF IP - HCT116 cells, Rep 1 , CTCF IP - Caco , CTCF IP - HCT116 cells, Rep 2 , CTCF IP - Caco-2 cells, Rep 1 , CTCF IP - HCT116 cells",,,,,,,,,,,,
SPP,CTCF,SCD5,heart,"CTCF IP - myocytes cells, Rep 2 , CTCF IP - HCF cells , CTCF IP - myocytes cells, Rep 1 ",,,,,,,,,,,,
SPP,CTCF,SCD5,adiposetissue,"CTCF ChIP-Seq - d -2, CTCF ChIP-Seq - d 9, CTCF ChIP-Seq - d 0, CTCF ChIP-Seq - dÂ 3",,,,,,,,,,,,
SPP,FOXA2,SCD5,embryonictissue,FOXA2 IP - Rep 2,,,,,,,,,,,,
SPP,MYC,SCD5,mammarygland,"MYC IP - MCF-10A cells, DHT | MYC ChIP-Seq",,,,,,,,,,,,
SPP,JUN,SCD5,vasculature,JUN IP - HUVEC cells,,,,,,,,,,,,
SPP,E2F3,SCD5,colon,E2F3 IP ,,,,,,,,,,,,
SPP,YY1,SCD5,uterus,YY1 IP - ECC1 cells,,,,,,,,,,,,
SPP,KLF11,SCD5,adiposetissue,"KLF11 ChIP-Seq, Rep 2, ROSI (BrAT) | KLF11 ChIP-Seq, Rep 2",,,,,,,,,,,,
SPP,ELF1,SCD5,colon,ELF1 IP - HCT116 cells,,,,,,,,,,,,
SPP,ROSI,SCD5,adiposetissue,"ROSI (BrAT) | KLF11 ChIP-Seq, Rep 2",,,,,,,,,,,,
SPP,FOXA1,SCD5,prostate,"FOXA1 ChIP-Seq - LNCaP-abl, FOXA1 ChIP-Seq, DHT | FOXA1 ChIP-Seq",,,,,,,,,,,,
SPP,CEBPB,SCD5,leukocytes,"CEBPB ChIP-Seq - K562, CEBPB IP - K562 cells",,,,,,,,,,,,
SPP,DHT,SCD5,mammarygland,"DHT | FOXA1 ChIP-Seq, DHT | MYC ChIP-Seq",,,,,,,,,,,,
SPP,EGR1,SCD5,leukocytes,EGR1 IP - K562 cells,,,,,,,,,,,,
SPP,NANOG,SCD5,stemcells,"NANOG IP - Rep 4 , NANOG IP - Rep 6 , NANOG IP - Rep 8 , NANOG IP - Rep 1, NANOG IP - Rep 5 ",,,,,,,,,,,,
SPP,JUND,SCD5,cns,JUND IP - SK-N-SH cells,,,,,,,,,,,,
SPP,TEAD4,SCD5,stemcells,TEAD4 IP - H1 cells,,,,,,,,,,,,
SPP,FOS,SCD5,vasculature,FOS IP - HUVEC cells,,,,,,,,,,,,
SPP,DEX,SCD5,lung,"CTCF IP | DEX - A549 cells, CTCF IP | DEX - A549 cells ",,,,,,,,,,,,
SPP,CTCF,SCD5,placenta,"CTCF IP - HVMF cells, Rep 1 , CTCF IP - HVMF cells, Rep 2 ",,,,,,,,,,,,
SPP,REST,SCD5,stemcells,"REST IP - H1 cells, Rep 1",,,,,,,,,,,,
SPP,FOXA2,SCD5,lung,FOXA2 IP - A549 cells,,,,,,,,,,,,
SPP,GLI2,SCD5,colon,GLI2 IP ,,,,,,,,,,,,
SPP,MAX,SCD5,colon,MAX IP - HCT116 cells,,,,,,,,,,,,
SPP,MAX,SCD5,uterus,MAX IP - ECC1 cells,,,,,,,,,,,,
SPP,TCF7L2,SCD5,mammarygland,TCF7L2 ChIP-Seq,,,,,,,,,,,,
SPP,E2F6,SCD5,stemcells,E2F6 IP - H1 cells,,,,,,,,,,,,
SPP,MAZ,SCD5,lung,MAZ IP - IMR cells,,,,,,,,,,,,
SPP,OTX2,SCD5,stemcells,OTX2 IP - Rep 10 ,,,,,,,,,,,,
SPP,SRF,SCD5,uterus,SRF IP - ECC1 cells,,,,,,,,,,,,
SPP,ETS1,SCD5,leukocytes,ETS1 IP,,,,,,,,,,,,
SPP,CREB1,SCD5,leukocytes,CREB1 IP - GM12878 cells,,,,,,,,,,,,
SPP,CEBPB,SCD5,colon,"CEBPB IP, CEBPB IP | 125DVD3",,,,,,,,,,,,
SPP,CEBPB,SCD5,mammarygland,CEBPB IP - MCF7 cells,,,,,,,,,,,,
SPP,MAX,SCD5,liver,MAX IP - MCF7 cells,,,,,,,,,,,,
SPP,YY1,SCD5,leukocytes,YY1 IP - GM12878 cells,,,,,,,,,,,,
SPP,SP1,SCD5,colon,SP1 IP - HCT116 cells,,,,,,,,,,,,
SPP,EGR1,SCD5,uterus,EGR1 IP - ECC1 cells,,,,,,,,,,,,
SPP,TCF12,SCD5,cns,TCF12 IP - SK-N-SH cells,,,,,,,,,,,,
SPP,TCF12,SCD5,uterus,TCF12 IP - ECC1 cells,,,,,,,,,,,,
SPP,125DVD3,SCD5,colon,CEBPB IP | 125DVD3,,,,,,,,,,,,
SPP,MAX,SCD5,lung,MAX IP - A549 cells,,,,,,,,,,,,
SPP,NFKB1,SCD5,leukocytes,NFKB1 IP - Rep 2,,,,,,,,,,,,
SPP,DHT,SCD5,prostate,DHT | FOXA1 ChIP-Seq,,,,,,,,,,,,
SPP,SRF,SCD5,mammarygland,SRF IP - MCF7 cells,,,,,,,,,,,,
SPP,ARID3A,SCD5,leukocytes,ARID3A IP - K562 cells,,,,,,,,,,,,
SPP,FLI1,SCD5,hspcs,FLI1 IP,,,,,,,,,,,,
SPP,EBF1,SCD5,leukocytes,EBF1 IP - GM12878 cells,,,,,,,,,,,,
SPP,EGR1,SCD5,colon,EGR1 IP - HCT116 cells,,,,,,,,,,,,
SPP,DEX,SCD5,mammarygland,DEX | FOXA1 ChIP-Seq - Rep 1,,,,,,,,,,,,
SPP,E2F4,SCD5,mammarygland,E2F4 IP | 4HT - MCF10 cells,,,,,,,,,,,,
SPP,RUNX1,SCD5,hspcs,RUNX1,,,,,,,,,,,,
SPP,RUNX1,SCD5,leukocytes,RUNX1 IP,,,,,,,,,,,,
SPP,GATA6,TECR,stomach,"GATA6 IP - AGS, GATA6 IP - YCC3",,,,,,,,,,,,
SPP,E2F1,TECR,prostate,"HES6 OE | E2F1 ChIP-Seq - Rep 4, BICALU | E2F1 ChIP-Seq - Rep 1, BICALU | E2F1 ChIP-Seq - Rep 2, BICALU + HES6OE | E2F1 ChIP-Seq - Rep 4, HES6 OE | E2F1 ChIP-Seq - Rep 2, BICALU | E2F1 ChIP-Seq - Rep 3, HES6 OE | E2F1 ChIP-Seq - Rep 3, E2F1 ChIP-Seq - Rep 2, E2F1 ChIP-Seq - Rep 3, HES6 OE + BICALU | E2F1 ChIP-Seq - Rep 1, HES6 OE | E2F1 ChIP-Seq - Rep 1, E2F1 ChIP-Seq - Rep 4, BICALU + HES6 OE | E2F1 ChIP-Seq - Rep 2, E2F1 ChIP-Seq - Rep 1, HES6 OE + BICALU | E2F1 ChIP-Seq - Rep 3",,,,,,,,,,,,
SPP,HES6,TECR,prostate,"HES6 OE | E2F1 ChIP-Seq - Rep 4, BICALU + HES6OE | E2F1 ChIP-Seq - Rep 4, HES6 OE | E2F1 ChIP-Seq - Rep 2, HES6 OE | E2F1 ChIP-Seq - Rep 3, HES6 OE + BICALU | E2F1 ChIP-Seq - Rep 1, HES6 OE | E2F1 ChIP-Seq - Rep 1, BICALU + HES6 OE | E2F1 ChIP-Seq - Rep 2, HES6 OE + BICALU | E2F1 ChIP-Seq - Rep 3",,,,,,,,,,,,
SPP,MAFK,TECR,liver,"MAFK IP - HepG2 cells, Rep 1, MAFK IP - HepG2 cells, Rep 2",,,,,,,,,,,,
SPP,CTCF,TECR,leukocytes,"CTCF IP - Â DND , CTCF IP - GM19238 cells, Rep 2 , CTCF ChIP-Seq - GM12878, CTCF IP - GM12878 cells, Rep 2 , CTCF IP - GM19240 cells, Rep 2 , CTCF IP - MS1 cells, Rep 2 , CTCF IP - GM12890 cells, Rep 3 , CTCF IP - GM19240 cells, Rep 1 , CTCF IP - GM18486 cells, Rep 3 , CTCF IP - MS1 cells, Rep 3 , CTCF IP, CTCF IP - GM2255 cells, Rep 2 , CTCF IP - MS1 cells, Rep 4 , CTCF IP - GM12891 cells, Rep 1 , CTCF IP - GM2588 cells, Rep 2 ",,,,,,,,,,,,
SPP,TCF7L2,TECR,mammarygland,TCF7L2 ChIP-Seq,,,,,,,,,,,,
SPP,HOXA4,TECR,colon,HOXA4 IP ,,,,,,,,,,,,
SPP,FOXA1,TECR,lung,"FOXA1 IP - A549 cells, FOXA1 IP | DEX - A549 cells",,,,,,,,,,,,
SPP,GATA2,TECR,cns,GATA2 ChIP-Seq SH-SY5Y,,,,,,,,,,,,
SPP,ELF1,TECR,cns,ELF1 IP - SK-N-SH cells,,,,,,,,,,,,
SPP,USF1,TECR,colon,USF1 IP - HCT116 cells,,,,,,,,,,,,
SPP,TBP,TECR,leukocytes,"TBP IP - K562 cells, TBP IP - GM12878 cells",,,,,,,,,,,,
SPP,CREB1,TECR,prostate,"CREB1 ChIP-Seq - Rep 1, CREB1 siRNA | FOXA1 ChIP-Seq - Rep 2, FOXA1 siRNA | CREB1 ChIP-Seq - Rep 1, CREB1 ChIP-Seq - LNCaP, CREB1 siRNA | FOXA1 ChIP-Seq - Rep 1, CREB1 ChIP-Seq - Rep 2, CREB1 ChIP-Seq - LNCaP-abl, FOXA1 siRNA | CREB1 ChIP-Seq - Rep 2",,,,,,,,,,,,
SPP,GABPA,TECR,leukocytes,"GABPA IP - Jurkat, Rep 2, GABPA IP - Jurkat, Rep 1, GABPA IP - K562 cells",,,,,,,,,,,,
SPP,EGR1,TECR,liver,EGR1 IP - MCF7 cells,,,,,,,,,,,,
SPP,ZBTB7A,TECR,uterus,ZBTB7A IP - ECC1 cells,,,,,,,,,,,,
SPP,FOXA1,TECR,pancreas,"FOXA1 IP, FOXA1 IP, FOXA1 IP | KLF5 KO",,,,,,,,,,,,
SPP,CEBPB,TECR,leukocytes,"CEBPB ChIP-Seq - K562, CEBPB IP, CEBPB IP, CEBPB IP, CEBPB IP, CEBPB IP - K562 cells, CEBPB IP - Rep 204, CEBPB IP, CEBPB IP, CEBPB IP | oxLDL  - Rep 208, CEBPB IP - Rep 203",,,,,,,,,,,,
SPP,CEBPB,TECR,colon,"CEBPB IP | 125DVD3, CEBPB IP - HCT116 cells, CEBPB IP",,,,,,,,,,,,
SPP,125DVD3,TECR,colon,"CEBPB IP | 125DVD3, CDX2 IP | 125DVD3",,,,,,,,,,,,
SPP,RUNX1,TECR,leukocytes,"RUNX1 IP - Rep 2, RUNX1 IP, RUNX1 IP",,,,,,,,,,,,
SPP,REST,TECR,leukocytes,"REST IP - HL60 cells, REST IP - K562 cells, REST IP - GM12878 cells, Rep 16 ",,,,,,,,,,,,
SPP,TEAD4,TECR,uterus,TEAD4 IP - ECC1 cells,,,,,,,,,,,,
SPP,JUN,TECR,mammarygland,"JUN IP - Rep 1, JUN IP, JUN IP | CPDA, JUN IP - Rep 2, JUN IP | DEX",,,,,,,,,,,,
SPP,MXI1,TECR,uterus,MXI1 IP - HeLa cells,,,,,,,,,,,,
SPP,SPI1,TECR,leukocytes,"SPI1 IP - GM12878 cells, Rep 2 , SPI1 IP, SPI1 IP - U-937 cells, Rep 4 , SPI1 IP - GM12878 cells, Rep 3 , SPI1 IP, SPI1 IP, SPI1 IP - U-937 cells, Rep 1 , SPI1 IP, SPI1 IP, SPI1 IP, SPI1 IP - GM12878 cells, SPI1 IP - K562 cells, SPI1 IP - GM12878 cells, Rep 4 , SPI1 IP, SPI1 IP - GM12891 cells, SPI1 IP",,,,,,,,,,,,
SPP,E2F4,TECR,leukocytes,"E2F4 IP - K562 cells, E2F4 IP - GM12878 cells",,,,,,,,,,,,
SPP,MAZ,TECR,liver,MAZ IP - HepG2 cells,,,,,,,,,,,,
SPP,TP53,TECR,bone,TP53 IP | TP53EE/RR OE,,,,,,,,,,,,
SPP,FOXA1,TECR,prostate,"CREB1 siRNA | FOXA1 ChIP-Seq - Rep 2, FOXA1 siRNA | CREB1 ChIP-Seq - Rep 1, CREB1 siRNA | FOXA1 ChIP-Seq - Rep 1, FOXA1 KD |Â GATA2 ChIP-Seq, FOXA1 siRNA | CREB1 ChIP-Seq - Rep 2, CON KD |Â FOXA1 ChIP-Seq, FOXA1 ChIP-Seq",,,,,,,,,,,,
SPP,ATF3,TECR,colon,"ATF3 IP | CAMPTO, ATF3 IP, ATF3 IP - HCT116 cells",,,,,,,,,,,,
SPP,ZEB1,TECR,liver,ZEB1 IP - HepG2 cells,,,,,,,,,,,,
SPP,ARNTL,TECR,colon,ARNTL IP - Rep 1 ,,,,,,,,,,,,
SPP,TP73,TECR,bone,"TP73 IP - alpha isoform, Rep 2, TP73 IP - beta isoform, Rep 2, TP73 IP - alpha isoform, Rep 1, TP73 IP - beta isoform, Rep 1",,,,,,,,,,,,
SPP,EGR1,TECR,leukocytes,EGR1 IP - K562 cells,,,,,,,,,,,,
SPP,STAT3,TECR,leukocytes,"STAT3 IP - U-2932, STAT3 IP - SU-DHL-6, STAT3 IP - OCI-LY7, STAT3 IP - SU-DHL-4, STAT3 IP - SU-DHL-2",,,,,,,,,,,,
SPP,BHLHE40,TECR,leukocytes,"BHLHE40 IP - K562 cells, BHLHE40 IP - GM12878 cells",,,,,,,,,,,,
SPP,TP63,TECR,skin,"TP63 IP, TP63 IP, TP63 IP - Adriam, Rep 1, TP63 IP | BANF1 KD, TP63 IP",,,,,,,,,,,,
SPP,KLF5,TECR,stomach,KLF5 IP - KATOIII,,,,,,,,,,,,
SPP,MAX,TECR,liver,"MAX IP - HepG2 cells, MAX IP - MCF7 cells, MAX IP - HepG2 cells",,,,,,,,,,,,
SPP,FOS,TECR,mammarygland,"FOS IP - MCF10A cells, FOS IP | 4HT - MCF10A cells, 12 h, FOS IP | 4HT - MCF10A cells, 4 h, FOS IP | 4HT - MCF10A cells, 36 h",,,,,,,,,,,,
SPP,MEF2B,TECR,kidney,"MEF2B IP | MEF2B D83V OE - Rep 1, MEF2B IP | MEF2B OE - Rep 1, MEF2B IP | MEF2B OE - Rep 2",,,,,,,,,,,,
SPP,MAX,TECR,stemcells,MAX IP - H1 cells,,,,,,,,,,,,
SPP,MXI1,TECR,leukocytes,"MXI1 IP - GM12878 cells, MXI1 IP - K562 cells",,,,,,,,,,,,
SPP,SP1,TECR,stemcells,"SP1 IP - Rep 1 , SP1 IP - Rep 2 , SP1 IP - H1 cells",,,,,,,,,,,,
SPP,SP2,TECR,liver,SP2 IP - HepG2 cells,,,,,,,,,,,,
SPP,RELA,TECR,leukocytes,"RELA IP | TNF - GM12892 cells, RELA IP | BAY082  - IVD Th1 cells, PIA, RELA IP | TNF - GM15510 cells, RELA IP | TNF - GM12891 cells, RELA IP | TNF - GM18951 cells, RELA IP | TNF - GM18505 cells",,,,,,,,,,,,
SPP,TNF,TECR,leukocytes,"RELA IP | TNF - GM12892 cells, RELA IP | TNF - GM15510 cells, RELA IP | TNF - GM12891 cells, RELA IP | TNF - GM18951 cells, RELA IP | TNF - GM18505 cells",,,,,,,,,,,,
SPP,TEAD4,TECR,liver,TEAD4 IP - HepG2 cells,,,,,,,,,,,,
SPP,YY1,TECR,leukocytes,"YY1 IP - K562 cells, Rep 1, YY1 IP - K562 cells, Rep 2, YY1 IP - GM12878 cells, YY1 IP - GM12892 cells, Rep 1",,,,,,,,,,,,
SPP,TP63,TECR,esophagus,TP63 IP - KYSE-70,,,,,,,,,,,,
SPP,HOXA6,TECR,colon,HOXA6 IP ,,,,,,,,,,,,
SPP,BICALU,TECR,prostate,"BICALU | E2F1 ChIP-Seq - Rep 1, BICALU | E2F1 ChIP-Seq - Rep 2, BICALU + HES6OE | E2F1 ChIP-Seq - Rep 4, BICALU | E2F1 ChIP-Seq - Rep 3, HES6 OE + BICALU | E2F1 ChIP-Seq - Rep 1, BICALU + HES6 OE | E2F1 ChIP-Seq - Rep 2, HES6 OE + BICALU | E2F1 ChIP-Seq - Rep 3",,,,,,,,,,,,
SPP,FOS,TECR,leukocytes,"FOS IP - GM12878 cells, FOS IP - K562 cells",,,,,,,,,,,,
SPP,USF1,TECR,stemcells,USF1 IP - H1 cells,,,,,,,,,,,,
SPP,JUN,TECR,vasculature,"JUN IP, JUN IP - HUVEC cells",,,,,,,,,,,,
SPP,MYB,TECR,leukocytes,"MYB IP - Jurkat, Rep 2, MYB IP - Jurkat, Rep 3, MYB IP - Jurkat, Rep 1, MYB IP - MOLT3, MYB IP - Jurkat, Rep 4, MYB IP - Jurkat, Rep 5",,,,,,,,,,,,
SPP,JUND,TECR,liver,"JUND IP - HepG2 cells, JUND IP - HepG2 cells",,,,,,,,,,,,
SPP,NANOG,TECR,stemcells,"NANOG IP - Rep 2 , NANOG IP - Rep 2, NANOG IP - H1 cells, NANOG IP - Rep 8 , NANOG IP - Rep 6 , NANOG IP - Rep 5 , NANOG IP - Rep 3 ",,,,,,,,,,,,
SPP,RELA,TECR,adiposetissue,"RELA IP, RELA IP, RELA IP",,,,,,,,,,,,
SPP,BCL3,TECR,lung,BCL3 IP - A549 cells,,,,,,,,,,,,
SPP,STAT5A,TECR,leukocytes,"STAT5A IP - GM12878 cells, STAT5A IP - K562 cells",,,,,,,,,,,,
SPP,CEBPB,TECR,mammarygland,CEBPB IP - MCF7 cells,,,,,,,,,,,,
SPP,TCF21,TECR,vasculature,TCF21 IP,,,,,,,,,,,,
SPP,ERG,TECR,leukocytes,ERG IP - Rep 1,,,,,,,,,,,,
SPP,FOSL2,TECR,lung,FOSL2 IP - A549 cells,,,,,,,,,,,,
SPP,GATA1,TECR,leukocytes,GATA1 ChIP-Seq - SC266,,,,,,,,,,,,
SPP,CEBPB,TECR,liver,"CEBPB IP - HepG2 cells, CEBPB ChIP-Seq - HepG2, CEBPB IP | FORSK - HepG2 cells",,,,,,,,,,,,
SPP,USF1,TECR,cns,"USF1 IP | ATRA - SK-N-SH cells, USF1 IP - SK-N-SH cells",,,,,,,,,,,,
SPP,ATRA,TECR,cns,"USF1 IP | ATRA - SK-N-SH cells, YY1 IP | ATRA - SK-N-SH cells",,,,,,,,,,,,
SPP,FOSL2,TECR,liver,FOSL2 IP - HepG2 cells,,,,,,,,,,,,
SPP,4HT,TECR,mammarygland,"FOS IP | 4HT - MCF10A cells, 12 h, STAT3 IP | 4HT - MCF10 cells, 36 h, E2F4 IP | 4HT - MCF10 cells, FOS IP | 4HT - MCF10A cells, 4 h, STAT3 IP | 4HT - MCF10 cells, 12 h, MYC IP | 4HT - MCF10A cells, FOS IP | 4HT - MCF10A cells, 36 h",,,,,,,,,,,,
SPP,CEBPB,TECR,stemcells,"CEBPB IP - H1 cells, CEBPB IP, CEBPB IP, CEBPB IP",,,,,,,,,,,,
SPP,YY1,TECR,uterus,YY1 IP - ECC1 cells,,,,,,,,,,,,
SPP,JUNB,TECR,colon,JUNB IP ,,,,,,,,,,,,
SPP,NFYC,TECR,colon,NFYC IP ,,,,,,,,,,,,
SPP,IRF1,TECR,leukocytes,"IRF1 IP | IFNG - K562 cells, 6 h, IRF1 IP | IFNG - K562 cells, 30 min, IRF1 IP | IFNA1-13 - K562 cells, 6 h",,,,,,,,,,,,
SPP,IFNG,TECR,leukocytes,"IRF1 IP | IFNG - K562 cells, 6 h, MYC IP | IFNG - K562 cells, 6 h, IRF1 IP | IFNG - K562 cells, 30 min, JUN IP | IFNG - K562 cells, 30 min, MYC IP | IFNG - K562 cells, 30 min, STAT1 IP - Rep 5, STAT1 IP - Rep 2, STAT1 IP - Rep 1, STAT1 IP - Rep 3",,,,,,,,,,,,
SPP,POU2F2,TECR,leukocytes,POU2F2 IP - GM12878 cells,,,,,,,,,,,,
SPP,TCF7L2,TECR,uterus,TCF7L2 IP - HeLa cells,,,,,,,,,,,,
SPP,MYC,TECR,leukocytes,"MYC IP | IFNG - K562 cells, 6 h, MYC IP | IFNG - K562 cells, 30 min, MYC IP - K562 cells, Rep 1, MYC IP - NB4 cells",,,,,,,,,,,,"18940864,18940864,"
SPP,TP53,TECR,lung,"TP53 IP - propapoptic, Rep 1",,,,,,,,,,,,
SPP,ATF2,TECR,colon,ATF2 IP ,,,,,,,,,,,,
SPP,GATA1,TECR,hspcs,"GATA1 IP - PBDE cells, Rep 1",,,,,,,,,,,,
SPP,FOXP1,TECR,colon,FOXP1 IP ,,,,,,,,,,,,
SPP,FOXM1,TECR,mammarygland,"FOXM1 IP | THSP - DS006, FOXM1 IP - DS007, FOXM1 IP | THSP - DS008",,,,,,,,,,,,
SPP,FOXA2,TECR,embryonictissue,FOXA2 IP - Rep 2,,,,,,,,,,,,
SPP,GATA2,TECR,leukocytes,"GATA2 IP - K562 cells, GATA2 IP - K562 cells",,,,,,,,,,,,
SPP,JUND,TECR,cns,"JUND IP - SK-N-SH cells , JUND IP - SK-N-SH cells",,,,,,,,,,,,
SPP,REST,TECR,mammarygland,REST IP - MCF7 cells,,,,,,,,,,,,
SPP,CREB1,TECR,leukocytes,"CREB1 IP - K562 cells, CREB1 IP - GM12878 cells",,,,,,,,,,,,
SPP,HEY1,TECR,leukocytes,HEY1 IP - K562 cells,,,,,,,,,,,,
SPP,ARID3A,TECR,liver,ARID3A IP - HepG2 cells,,,,,,,,,,,,
SPP,REST,TECR,uterus,REST IP - SK-N-SH cells,,,,,,,,,,,,
SPP,REST,TECR,cns,"REST IP - PFSK-N-SH cells1 cells, Rep 1, REST IP - PFSK1 cells, Rep 2, REST IP - U87 cells, REST IP - SK cells, REST IP - SK-N-SH cells",,,,,,,,,,,,
SPP,TEAD4,TECR,colon,TEAD4 IP - HCT116 cells,,,,,,,,,,,,
SPP,MAFK,TECR,colon,MAFK IP ,,,,,,,,,,,,
SPP,ETS1,TECR,leukocytes,"ETS1 IP - K562 cells, ETS1 IP",,,,,,,,,,,,
SPP,ELF3,TECR,pancreas,"ELF3 IP, ELF3 IP, ELF3 IP | KLF5 KO",,,,,,,,,,,,
SPP,STAT3,TECR,mammarygland,"STAT3 IP | 4HT - MCF10 cells, 36 h, STAT3 IP | 4HT - MCF10 cells, 12 h, STAT3 IP - MCF10A cells, Rep 2",,,,,,,,,,,,
SPP,JUND,TECR,uterus,JUND IP - HeLa cells,,,,,,,,,,,,
SPP,MAFK,TECR,leukocytes,MAFK IP - K562 cells,,,,,,,,,,,,
SPP,GTF2B,TECR,uterus,GTF2B IP - Rep 2,,,,,,,,,,,,
SPP,EGR1,TECR,uterus,EGR1 IP - ECC1 cells,,,,,,,,,,,,
SPP,PBX3,TECR,cns,PBX3 IP - SK-N-SH cells,,,,,,,,,,,,
SPP,CDX2,TECR,colon,CDX2 IP | 125DVD3,,,,,,,,,,,,
SPP,MAX,TECR,leukocytes,"MAX IP - NB4 cells, MAX IP - K562 cells, Rep 2, MAX IP - GM12878 cells, MAX IP - K562 cells",,,,,,,,,,,,
SPP,MAFK,TECR,uterus,MAFK IP - HeLa cells,,,,,,,,,,,,
SPP,JUND,TECR,leukocytes,JUND IP - K562 cells,,,,,,,,,,,,
SPP,ZNF143,TECR,leukocytes,ZNF143 IP - GM12878 cells,,,,,,,,,,,,
SPP,RBPJ,TECR,leukocytes,RBPJ IP | COMPE - wash,,,,,,,,,,,,
SPP,COMPE,TECR,leukocytes,RBPJ IP | COMPE - wash,,,,,,,,,,,,
SPP,FOXA1,TECR,mammarygland,"DHT | FOXA1 ChIP-Seq, FOXA1 IP - T47D cells",,,,,,,,,,,,
SPP,DHT,TECR,mammarygland,"DHT | FOXA1 ChIP-Seq, DHT | MYC ChIP-Seq",,,,,,,,,,,,
SPP,CREB1,TECR,stemcells,CREB1 IP - H1 cells,,,,,,,,,,,,
SPP,USF1,TECR,lung,"USF1 IP - A549 cells, Rep 2",,,,,,,,,,,,
SPP,ELF1,TECR,leukocytes,"ELF1 IP - SK-N-SH cells, ELF1 IP - SK-N-SH cells",,,,,,,,,,,,
SPP,E2F4,TECR,mammarygland,E2F4 IP | 4HT - MCF10 cells,,,,,,,,,,,,
SPP,FOSL1,TECR,colon,FOSL1 IP - HCT116 cells,,,,,,,,,,,,
SPP,KLF11,TECR,adiposetissue,"KLF11 ChIP-Seq, Rep 2, KLF11 ChIP-Seq, Rep 1, ROSI (BrAT) | KLF11 ChIP-Seq, Rep 1, ROSI (BrAT) | KLF11 ChIP-Seq, Rep 2",,,,,,,,,,,,
SPP,CEBPB,TECR,lung,"CEBPB ChIP-Seq - A549, CEBPB ChIP-Seq - IMR90, CEBPB IP - A549 cells",,,,,,,,,,,,
SPP,UBTF,TECR,leukocytes,UBTF IP - K562 cells,,,,,,,,,,,,
SPP,E2F1,TECR,uterus,"E2F1 IP - HeLa cells, Rep 2, E2F1 IP - HeLa cells, Rep 1",,,,,,,,,,,,
SPP,TCF7L2,TECR,pancreas,TCF7L2 IP,,,,,,,,,,,,
SPP,DEX,TECR,lung,"FOXA1 IP | DEX - A549 cells, CREB1 IP | DEX - A549 cells",,,,,,,,,,,,
SPP,JUN,TECR,leukocytes,"JUN IP | IFNG - K562 cells, 30 min, JUN IP - K562 cells, Rep 1, JUN IP - K562 cells, Rep 2",,,,,,,,,,,,
SPP,NFYB,TECR,uterus,NFYB IP - HeLa cells,,,,,,,,,,,,
SPP,JUND,TECR,colon,JUND IP - HCT116 cells,,,,,,,,,,,,
SPP,HEY1,TECR,liver,HEY1 IP - HepG2 cells,,,,,,,,,,,,
SPP,SOX10,TECR,skin,SOX10 IP,,,,,,,,,,,,
SPP,NFYB,TECR,leukocytes,"NFYB IP - GM12878 cells, NFYB IP - K562 cells",,,,,,,,,,,,
SPP,PBX3,TECR,lung,PBX3 IP - A549 cells,,,,,,,,,,,,
SPP,GATA2,TECR,prostate,"FOXA1 KD |Â GATA2 ChIP-Seq, GATA2 ChIP-Seq - Rep 2, GATA2 ChIP-Seq, CON KD + R1881 |Â GATA2 ChIP-Seq",,,,,,,,,,,,
SPP,MAX,TECR,lung,MAX IP - A549 cells,,,,,,,,,,,,
SPP,REST,TECR,liver,"REST IP - HepG2 cells, Rep 1",,,,,,,,,,,,
SPP,GATA3,TECR,cns,"GATA3 IP - SK-N-SH cells, GATA3 IP - SHSY5Y cells",,,,,,,,,,,,
SPP,CREB1,TECR,liver,"CREB1 IP, CREB1 IP, CREB1 IP - HepG2 cells",,,,,,,,,,,,
SPP,YY1,TECR,cns,"YY1 IP - SK-N-SH cells, YY1 IP | ATRA - SK-N-SH cells",,,,,,,,,,,,
SPP,USF1,TECR,leukocytes,"USF1 IP - GM12878 cells, USF1 IP - K562 cells",,,,,,,,,,,,
SPP,MAX,TECR,uterus,"MAX IP - HeLa cells, Rep 1, MAX IP - ECC1 cells",,,,,,,,,,,,
SPP,NFYA,TECR,colon,NFYA IP ,,,,,,,,,,,,
SPP,E2F6,TECR,leukocytes,"E2F6 IP - K562 cells, E2F6 IP - K562 cells",,,,,,,,,,,,
SPP,FOS,TECR,vasculature,FOS IP - HUVEC cells,,,,,,,,,,,,
SPP,MXI1,TECR,cns,MXI1 IP - SK-N-SH cells ,,,,,,,,,,,,
SPP,TAL1,TECR,colon,TAL1 IP ,,,,,,,,,,,,
SPP,TCF12,TECR,leukocytes,TCF12 IP - GM12878 cells,,,,,,,,,,,,
SPP,TCF12,TECR,lung,TCF12 IP - A549 cells,,,,,,,,,,,,
SPP,KLF5,TECR,pancreas,"FOXA1 IP | KLF5 KO, KLF5 IP, ELF3 IP | KLF5 KO",,,,,,,,,,,,
SPP,NFYA,TECR,leukocytes,NFYA IP - K562 cells,,,,,,,,,,,,
SPP,SP1,TECR,leukocytes,"SP1 IP - K562 cells, SP1 IP - GM12878 cells",,,,,,,,,,,,
SPP,GATA4,TECR,stomach,GATA4 IP - AGS,,,,,,,,,,,,
SPP,ZKSCAN1,TECR,uterus,ZKSCAN1 IP - HeLa cells,,,,,,,,,,,,
SPP,TP53,TECR,colon,TP53 IP | CAMPTO,,,,,,,,,,,,
SPP,CAMPTO,TECR,colon,TP53 IP | CAMPTO,,,,,,,,,,,,
SPP,SRF,TECR,colon,SRF IP - HCT116 cells,,,,,,,,,,,,
SPP,BAY082,TECR,leukocytes,"RELA IP | BAY082  - IVD Th1 cells, PIA",,,,,,,,,,,,
SPP,FOXA1,TECR,liver,"FOXA1 IP - HepG2 cells, Rep 1, FOXA1 IP - HepG2 cells, Rep 2",,,,,,,,,,,,
SPP,TP63,TECR,lung,TP63 IP - HCC95,,,,,,,,,,,,
SPP,JUND,TECR,vasculature,JUND IP,,,,,,,,,,,,
SPP,MAFF,TECR,liver,MAFF IP - HepG2 cells,,,,,,,,,,,,
SPP,SP1,TECR,lung,SP1 IP - A549 cells,,,,,,,,,,,,
SPP,USF1,TECR,uterus,USF1 IP - ECC1 cells,,,,,,,,,,,,
SPP,GATA3,TECR,mammarygland,GATA3 IP - MCF7 cells,,,,,,,,,,,,
SPP,USF2,TECR,leukocytes,USF2 IP - GM12878 cells,,,,,,,,,,,,
SPP,MYC,TECR,mammarygland,"DHT | MYC ChIP-Seq, MYC IP | 4HT - MCF10A cells, MYC IP - MCF-10A cells",,,,,,,,,,,,
SPP,ZNF384,TECR,leukocytes,ZNF384 IP - K562 cells,,,,,,,,,,,,
SPP,MXI1,TECR,lung,MXI1 IP - IMR cells,,,,,,,,,,,,
SPP,CPDA,TECR,mammarygland,JUN IP | CPDA,,,,,,,,,,,,
SPP,REST,TECR,stemcells,"REST IP - H1 cells, Rep 1",,,,,,,,,,,,
SPP,TCF12,TECR,cns,TCF12 IP - SK-N-SH cells,,,,,,,,,,,,
SPP,FOXA2,TECR,stemcells,"FOXA2 IP - ES D5, FOXA2 IP - ES D7",,,,,,,,,,,,
SPP,CEBPB,TECR,uterus,"CEBPB ChIP-Seq - HeLaS3, CEBPB IP - ECC1 cells",,,,,,,,,,,,
SPP,TCF12,TECR,uterus,TCF12 IP - ECC1 cells,,,,,,,,,,,,
SPP,GLI2,TECR,colon,GLI2 IP ,,,,,,,,,,,,
SPP,CTCF,TECR,hspcs,"CTCF IP - Erythroid cells, Rep 2",,,,,,,,,,,,
SPP,NFYA,TECR,uterus,NFYA IP - HeLa cells,,,,,,,,,,,,
SPP,GATA3,TECR,lung,GATA3 IP - A549 cells,,,,,,,,,,,,
SPP,REST,TECR,lung,REST IP - A549 cells,,,,,,,,,,,,
SPP,TEAD4,TECR,mammarygland,TEAD4 IP - Rep 1,,,,,,,,,,,,
SPP,E2F4,TECR,uterus,E2F4 IP - HeLa cells,,,,,,,,,,,,
SPP,STAT1,TECR,uterus,"STAT1 IP | IFNG - HeLa cells, 30 min",,,,,,,,,,,,
SPP,IFNG,TECR,uterus,"STAT1 IP | IFNG - HeLa cells, 30 min",,,,,,,,,,,,
SPP,TBP,TECR,stemcells,TBP IP - H1 cells,,,,,,,,,,,,
SPP,MAX,TECR,cns,MAX IP - SK-N-SH cells,,,,,,,,,,,,
SPP,SREBF1,TECR,liver,SREBF1 IP | INS + 22RHC - HepG2 cells,,,,,,,,,,,,
SPP,22RHC; INS,TECR,liver,SREBF1 IP | INS + 22RHC - HepG2 cells,,,,,,,,,,,,
SPP,PBX3,TECR,leukocytes,PBX3 IP - GM12878 cells,,,,,,,,,,,,
SPP,EBF1,TECR,adiposetissue,"EBF1 IP, EBF1 IP",,,,,,,,,,,,
SPP,IRF1,TECR,colon,IRF1 IP ,,,,,,,,,,,,
SPP,FOSL1,TECR,leukocytes,FOSL1 IP - K562 cells,,,,,,,,,,,,
SPP,TFAP4,TECR,leukocytes,TFAP4 IP - Rep 2,,,,,,,,,,,,
SPP,TEAD4,TECR,leukocytes,TEAD4 IP - K562 cells,,,,,,,,,,,,
SPP,MXI1,TECR,stemcells,MXI1 IP - H1 cells,,,,,,,,,,,,
SPP,USF1,TECR,liver,USF1 IP - HepG2 cells,,,,,,,,,,,,
SPP,IFNA1,TECR,leukocytes,"IRF1 IP | IFNA1-13 - K562 cells, 6 h",,,,,,,,,,,,
SPP,MAFK,TECR,lung,MAFK IP - IMR cells,,,,,,,,,,,,
SPP,CREB1,TECR,lung,CREB1 IP | DEX - A549 cells,,,,,,,,,,,,
SPP,HMGN3,TECR,leukocytes,HMGN3 IP - K562 cells,,,,,,,,,,,,
SPP,REST,TECR,pancreas,"REST IP - Panc1 cells, Rep 3",,,,,,,,,,,,
SPP,IRF1,TECR,pancreas,IRF1 IP,,,,,,,,,,,,
SPP,FOSL1,TECR,mammarygland,FOSL1 IP,,,,,,,,,,,,
SPP,E2F1,TECR,mammarygland,"E2F1 IP - MCF7 cells, E2F1 IP",,,,,,,,,,,,
SPP,GMEB2,TECR,colon,GMEB2 IP ,,,,,,,,,,,,
SPP,SRF,TECR,uterus,SRF IP - ECC1 cells,,,,,,,,,,,,
SPP,TEAD4,TECR,cns,TEAD4 IP - SK-N-SH cells,,,,,,,,,,,,
SPP,SRF,TECR,mammarygland,SRF IP - MCF7 cells,,,,,,,,,,,,
SPP,ZBTB7A,TECR,leukocytes,ZBTB7A IP - SK-N-SH cells,,,,,,,,,,,,
SPP,EGR1,TECR,stemcells,EGR1 IP - H1 cells,,,,,,,,,,,,
SPP,MAZ,TECR,lung,MAZ IP - IMR cells,,,,,,,,,,,,
SPP,TBP,TECR,liver,TBP IP - HepG2 cells,,,,,,,,,,,,
SPP,STAT1,TECR,leukocytes,"STAT1 IP - Rep 5, STAT1 IP - Rep 2, STAT1 IP - Rep 1, STAT1 IP - Rep 3",,,,,,,,,,,,
SPP,ROSI,TECR,adiposetissue,"ROSI (BrAT) | KLF11 ChIP-Seq, Rep 1, ROSI (BrAT) | KLF11 ChIP-Seq, Rep 2",,,,,,,,,,,,
SPP,MAZ,TECR,leukocytes,"MAZ IP - K562 cells, MAZ IP - GM12878 cells",,,,,,,,,,,,
SPP,ZBTB7A,TECR,liver,ZBTB7A IP - HepG2 cells,,,,,,,,,,,,
SPP,SOX9,TECR,colon,SOX9 IP ,,,,,,,,,,,,
SPP,IRF4,TECR,leukocytes,IRF4 IP,,,,,,,,,,,,
SPP,BARX1,TECR,colon,BARX1 IP - Rep 1 ,,,,,,,,,,,,
SPP,TBP,TECR,uterus,TBP IP - HeLa cells,,,,,,,,,,,,
SPP,PAX5,TECR,leukocytes,"PAX5 IP - GM12878 cells, Rep 2",,,,,,,,,,,,
SPP,RELA,TECR,colon,RELA IP ,,,,,,,,,,,,
SPP,CUX1,TECR,leukocytes,CUX1 IP - K562 cells,,,,,,,,,,,,
SPP,GATA2,TECR,hspcs,GATA2 IP,,,,,,,,,,,,
SPP,REST,TECR,colon,"REST IP , REST IP - HCT116 cells",,,,,,,,,,,,
SPP,MAX,TECR,colon,MAX IP - HCT116 cells,,,,,,,,,,,,
SPP,TP53,TECR,mammarygland,"TP53 IP, TP53 IP | NUTL3 - MCF-7",,,,,,,,,,,,
SPP,JUN,TECR,liver,JUN IP - HepG2 cells,,,,,,,,,,,,
SPP,BANF1,TECR,skin,TP63 IP | BANF1 KD,,,,,,,,,,,,
SPP,MTA3,TECR,leukocytes,MTA3 IP - GM12878 cells,,,,,,,,,,,,
SPP,E2F3,TECR,colon,E2F3 IP ,,,,,,,,,,,,
SPP,TAL1,TECR,leukocytes,TAL1 IP - K562 cells,,,,,,,,,,,,
SPP,CREB1,TECR,uterus,CREB1 IP - ECC1 cells,,,,,,,,,,,,
SPP,ELF1,TECR,liver,ELF1 IP - HepG2 cells,,,,,,,,,,,,
SPP,YY1,TECR,lung,YY1 IP - A549 cells,,,,,,,,,,,,
SPP,FORSK,TECR,liver,CEBPB IP | FORSK - HepG2 cells,,,,,,,,,,,,
SPP,EGR1,TECR,colon,EGR1 IP - HCT116 cells,,,,,,,,,,,,
SPP,CEBPA,TECR,leukocytes,CEBPA IP,,,,,,,,,,,,
SPP,MYC,TECR,uterus,MYC IP - HeLa cells,,,,,,,,,,,,
SPP,GABPA,TECR,liver,GABPA IP - HepG2 cells,,,,,,,,,,,,
SPP,FOXA2,TECR,liver,FOXA2 IP - HepG2 cells,,,,,,,,,,,,
SPP,JUND,TECR,lung,JUND IP - A549 cells,,,,,,,,,,,,
SPP,ATF1,TECR,leukocytes,ATF1 IP - K562 cells,,,,,,,,,,,,
SPP,RUNX1,TECR,hspcs,RUNX1,,,,,,,,,,,,
SPP,SP1,TECR,colon,SP1 IP - HCT116 cells,,,,,,,,,,,,
SPP,MXI1,TECR,liver,MXI1 IP - HepG2 cells,,,,,,,,,,,,
SPP,CREB1,TECR,colon,CREB1 IP ,,,,,,,,,,,,
SPP,SP1,TECR,liver,SP1 IP - HepG2 cells,,,,,,,,,,,,
SPP,FOXP2,TECR,cns,FOXP2 IP - PFSK-1 cells,,,,,,,,,,,,
SPP,DEX,TECR,mammarygland,JUN IP | DEX,,,,,,,,,,,,
SPP,ETV5,TECR,colon,ETV5 IP ,,,,,,,,,,,,
SPP,ELF1,TECR,colon,ELF1 IP - HCT116 cells,,,,,,,,,,,,
SPP,FOSL2,TECR,cns,FOSL2 IP - SK-N-SH cells,,,,,,,,,,,,
SPP,MYBL2,TECR,liver,MYBL2 IP - HepG2 cells,,,,,,,,,,,,
SPP,E2F6,TECR,stemcells,E2F6 IP - H1 cells,,,,,,,,,,,,
SPP,GATA2,TECR,vasculature,GATA2 IP - HUVEC cells,,,,,,,,,,,,
SPP,E2F6,TECR,lung,E2F6 IP - A549 cells,,,,,,,,,,,,
SPP,JUN,TECR,colon,JUN IP ,,,,,,,,,,,,
SPP,MAZ,TECR,uterus,MAZ IP - HeLa cells,,,,,,,,,,,,
SPP,R1881,TECR,prostate,CON KD + R1881 |Â GATA2 ChIP-Seq,,,,,,,,,,,,
SPP,SP2,TECR,leukocytes,SP2 IP - K562 cells,,,,,,,,,,,,
SPP,TP63,TECR,thyroidgland,TP63 IP - TT MTC,,,,,,,,,,,,
,TFEB,ACOT2,Uterus,,,,https://pubmed.ncbi.nlm.nih.gov/33176151/,,https://www.sciencedirect.com/science/article/pii/S2211124720313607?via%3Dihub,33176151.0,,,,,,
,PRKAA1,SCD,Liver,,,,https://pubmed.ncbi.nlm.nih.gov/21478464/,,https://diabetesjournals.org/diabetes/article/60/5/1493/33585/Metformin-Inhibits-Nuclear-Receptor-TR4-Mediated,21478464.0,,,,,,
,SREBF1,ELOVL6,Liver,,,,https://pubmed.ncbi.nlm.nih.gov/18226595/,,https://www.sciencedirect.com/science/article/pii/S0006291X08000946?via%3Dihub,18226595.0,,,,,,
,MLXIPL,ELOVL6,Liver,,,,https://pubmed.ncbi.nlm.nih.gov/18226595/,,https://www.sciencedirect.com/science/article/pii/S0006291X08000946?via%3Dihub,18226595.0,,,,,,
,SREBF2,ACOT7,CNS,,,,http://pubmed.ncbi.nlm.nih.gov/16335799/,,https://link.springer.com/article/10.1007/s11010-005-1990-y,16335799.0,,,,,,
,RARA,SCD,Sensory,,,,https://pubmed.ncbi.nlm.nih.gov/11397803/,,https://www.sciencedirect.com/science/article/pii/S0021925820803251?via%3Dihub,11397803.0,,,,,,
,SREBF1,SCD,Liver,,,,https://pubmed.ncbi.nlm.nih.gov/11414710/,,https://www.sciencedirect.com/science/article/pii/S0006291X01951022?via%3Dihub,11414710.0,,,,,,
,EFR2,SCD5,"CNS, Placenta",,,,https://pubmed.ncbi.nlm.nih.gov/22510410/,,https://www.sciencedirect.com/science/article/pii/S0006291X12006596?via%3Dihub,22510410.0,,,,,,
,SREBP1,SCD5,"CNS, Placenta",,,,https://pubmed.ncbi.nlm.nih.gov/22510410/,,https://www.sciencedirect.com/science/article/pii/S0006291X12006596?via%3Dihub,22510410.0,,,,,,
,TFEB,ACOT2,uterus,,,,,,,,,,,"33176151.0,33176151,33176151,33176151.0,33176151,33176151",,
,PRKAA1,SCD,liver,,,,,,,,,,,"21478464.0,21478464,21478464,21478464.0,21478464,21478464",,
,MLXIPL,ELOVL6,liver,,,,,,,,,,,"18226595,18226595",,
,SREBF2,ACOT7,cns,,,,,,,,,,,,"16335799,16335799",
,RARA,SCD,sensory,,,,,,,,,,,,"11397803,11397803",
,SREBF1,SCD,liver,,,,,,,,,,,,"11414710,11414710",
,EFR2,SCD5,cns,,,,,,,,,,,,"22510410,22510410",
,EFR2,SCD5,placenta,,,,,,,,,,,,"22510410,22510410",
,SREBP1,SCD5,cns,,,,,,,,,,,,"22510410,22510410",
,SREBP1,SCD5,placenta,,,,,,,,,,,,"22510410,22510410",
,ELF5,ELOVL5,mammarygland,,,,,,,,,,,,,"2330038323300383,"
,ELF5,ELOVL6,mammarygland,,,,,,,,,,,,,"2330038323300383,"
,ELF5,ACOT2,mammarygland,,,,,,,,,,,,,"2330038323300383,"
,ELF5,ACOT4,mammarygland,,,,,,,,,,,,,"2330038323300383,"
,TCF4,ELOVL1,colon,,,,,,,,,,,,,"1826800618268006,"
,TCF4,ACOT7,colon,,,,,,,,,,,,,"1826800618268006,"
,TCF4,ELOVL1,rectum,,,,,,,,,,,,,"1826800618268006,"
,TCF4,ACOT7,rectum,,,,,,,,,,,,,"1826800618268006,"
,SALL1,ELOVL6,stemcells,,,,,,,,,,,,,"2106274421062744,"
,SALL1,ELOVL6,embryonictissue,,,,,,,,,,,,,"2106274421062744,"
,TP63,ACOT7,prostate,,,,,,,,,,,,,"2365874223658742,"
,TP63,FADS1,prostate,,,,,,,,,,,,,"2365874223658742,"
,NR1H3,ELOVL5,leukocytes,,,,,,,,,,,,,"2339318823393188,"
,NR1H3,SCD,leukocytes,,,,,,,,,,,,,"2339318823393188,"
,TFAP2C,ELOVL5,mammarygland,,,,,,,,,,,,,"2062909420629094,"
,TFAP2C,TECR,mammarygland,,,,,,,,,,,,,"2062909420629094,"
,TFAP2C,HSD17B12,mammarygland,,,,,,,,,,,,,"2062909420629094,"
,RUNX1,ELOVL1,skin,,,,,,,,,,,,,"2157121821571218,"
,RUNX1,ELOVL5,skin,,,,,,,,,,,,,"2157121821571218,"
,RUNX1,SCD5,skin,,,,,,,,,,,,,"2157121821571218,"
,RUNX1,TECR,skin,,,,,,,,,,,,,"2157121821571218,"
,RUNX1,ELOVL6,skin,,,,,,,,,,,,,"2157121821571218,"
,RUNX1,HSD17B12,skin,,,,,,,,,,,,,"2157121821571218,"
,RUNX1,SCD,skin,,,,,,,,,,,,,"2157121821571218,"
,RUNX1,FADS1,skin,,,,,,,,,,,,,"2157121821571218,"
,HNF4A,ACOT7,liver,,,,,,,,,,,,,"1982257519822575,"
,HNF4A,ELOVL5,liver,,,,,,,,,,,,,"1982257519822575,"
,HNF4A,ELOVL2,liver,,,,,,,,,,,,,"1982257519822575,"
,HNF4A,ELOVL6,liver,,,,,,,,,,,,,"1982257519822575,"
,HNF4A,BAAT,liver,,,,,,,,,,,,,"1982257519822575,"
,HNF4A,HACD3,liver,,,,,,,,,,,,,"1982257519822575,"
,HNF4A,HACD2,liver,,,,,,,,,,,,,"1982257519822575,"
,HNF4A,SCD,liver,,,,,,,,,,,,,"1982257519822575,"
,HNF4A,ACOT2,liver,,,,,,,,,,,,,"1982257519822575,"
,HIF1A,SCD,mammarygland,,,,,,,,,,,,,"2144782721447827,"
,ELF1,ACOT7,prostate,,,,,,,,,,,,,"2051729720517297,"
,ELF1,ACOT2,prostate,,,,,,,,,,,,,"2051729720517297,"
,ELF1,ACOT7,bone,,,,,,,,,,,,,"2051729720517297,"
,ELF1,ACOT2,bone,,,,,,,,,,,,,"2051729720517297,"
,SOX11,SCD,leukocytes,,,,,,,,,,,,,"2332125023321250,"
,SOX11,ACOT1,leukocytes,,,,,,,,,,,,,"2332125023321250,"
,AR,ELOVL3,prostate,,,,,,,,,,,,,"1966838119668381,"
,AR,HACD2,prostate,,,,,,,,,,,,,"1966838119668381,"
,TFAP2A,TECR,mammarygland,,,,,,,,,,,,,"1705309017053090,"
,TFAP2A,HSD17B12,mammarygland,,,,,,,,,,,,,"1705309017053090,"
,TFAP2A,FADS1,mammarygland,,,,,,,,,,,,,"1705309017053090,"
,TFAP2A,TECR,uterus,,,,,,,,,,,,,"1705309017053090,"
,TFAP2A,HSD17B12,uterus,,,,,,,,,,,,,"1705309017053090,"
,TFAP2A,FADS1,uterus,,,,,,,,,,,,,"1705309017053090,"
,ESR2,ACOT4,mammarygland,,,,,,,,,,,,,"2123577221235772,"
,CLOCK,ACOT1,colon,,,,,,,,,,,,,"2055115120551151,"
,CLOCK,ACOT1,rectum,,,,,,,,,,,,,"2055115120551151,"
,ATF3,ACOT7,cns,,,,,,,,,,,,,"2368014923680149,"
,ATF3,ELOVL6,cns,,,,,,,,,,,,,"2368014923680149,"
,ATF3,ACOT2,cns,,,,,,,,,,,,,"2368014923680149,"
,NFE2L2,ELOVL1,leukocytes,,,,,,,,,,,,,"2258177722581777,"
,ZNF217,ELOVL5,mammarygland,,,,,,,,,,,,,"2496289624962896,"
,SMAD4,ELOVL5,ovary,,,,,,,,,,,,,"2179991521799915,"
,SMAD4,HSD17B12,ovary,,,,,,,,,,,,,"2179991521799915,"
,SMAD4,HACD2,ovary,,,,,,,,,,,,,"2179991521799915,"
,HOXB7,ACOT4,mammarygland,,,,,,,,,,,,,"2601485626014856,"
,PBX1,HACD2,ovary,,,,,,,,,,,,,"2256712322567123,"
,PBX1,HACD4,ovary,,,,,,,,,,,,,"2256712322567123,"
,BACH1,ELOVL2,mammarygland,,,,,,,,,,,,,"2287585322875853,"
,POU3F2,BAAT,skin,,,,,,,,,,,,,"2033798520337985,"
