TF,TargetGene,Tissue,Experiment,Chea,Signor,Trrust
YY1,ARSA,cns,"YY1 IP - SK-N-SH cells, YY1 IP | ATRA - SK-N-SH cells",,,
CTCF,ARSA,placenta,"CTCF IP - HVMF cells, Rep 1 , CTCF IP - HVMF cells, Rep 2 ",,,
CTCF,ARSA,lung,"CTCF IP | DEX - A549 cells , CTCF IP - WI-38 cells, Rep 2 , CTCF IP - SAEC cells, Rep 2 , CTCF IP - A549 cells , CTCF IP - NHLF cells , CTCF IP - HPF cells, Rep 1 , CTCF IP - A549 cells, Rep 1 , CTCF IP - SAEC cells, Rep 1 , CTCF IP | DEX - A549 cells, CTCF IP - AG04450 cells, Rep 2 , CTCF IP - HPF cells, Rep 2 , CTCF IP - AG04450 cells, Rep 1 , CTCF IP - WI-38 cells, Rep 1 , CTCF IP - NHLF cells , CTCF IP - A549 cells, Rep 2 , CTCF IP - A549 cells, CTCF ChIP-Seq - A549, CTCF IP - IMR cells",,,
DEX,ARSA,lung,"CTCF IP | DEX - A549 cells , CREB1 IP | DEX - A549 cells, CTCF IP | DEX - A549 cells, USF1 IP | DEX - A549 cells",,,
SPI1,ARSA,leukocytes,"SPI1 IP - U-937 cells, Rep 4 , SPI1 IP, SPI1 IP - U-937 cells, Rep 8 , SPI1 IP - GM12878 cells, Rep 3 , SPI1 IP - GM12878 cells, Rep 1 , SPI1 IP, SPI1 IP, SPI1 IP - U-937 cells, Rep 3 , SPI1 IP - HL-60 cells, Rep 2 , SPI1 IP, SPI1 IP - GM12878 cells, Rep 2 , SPI1 IP, SPI1 IP | RUNX1 KD, SPI1 IP, ROSI | SPI1 ChIP-Seq, SPI1 IP - HL-60 cells, Rep 1 , SPI1 IP, SPI1 IP, SPI1 IP - U-937 cells, Rep 1 , SPI1 IP - GM12878 cells, SPI1 IP, SPI1 IP - GM12878 cells, Rep 4 , SPI1 IP - U-937 cells, Rep 5 , SPI1 IP - U-937 cells, Rep 10 , SPI1 IP - U-937 cells, Rep 2 , SPI1 IP - HL-60 cells, Rep 4 , SPI1 IP - GM12891 cells, SPI1 IP - HL-60 cells, Rep 3 , SPI1 IP - HL cells, SPI1 IP, SPI1 IP - U-937 cells, Rep 6 , SPI1 IP - K562 cells",,,
CTCF,ARSA,hspcs,"CTCF IP - HEL 92.1.7 cells, Rep 10 , CTCF IP - HEL 92.1.7 cells, Rep 11 , CTCF IP - Erythroid cells, Rep 1, CTCF IP - HSPCs, Rep 1, CTCF IP - HEL 92.1.7 cells, Rep 14 , CTCF IP - HEL 92.1.7 cells, Rep 8 , CTCF IP - Erythroid cells, Rep 2, CTCF IP - HEL 92.1.7 cells, Rep 5 , CTCF IP - HEL 92.1.7 cells, Rep 2 , CTCF IP - HEL 92.1.7 cells, Rep 4 , CTCF IP - HSPCs, Rep 2",,,
CTCF,ARSA,leukocytes,"CTCF IP - K562 cells, Rep 7 , CTCF IP - GM12864 cells, Rep 1 , CTCF IP - GM12892 cells, Rep 2 , CTCF IP - GM2588 cells, Rep 1 , CTCF IP - GM12873 cells, Rep 3 , CTCF IP - F36P cells, Rep 15 , CTCF IP - GM12815 cells, Rep 1, CTCF IP - GM12875 cells, Rep 1 , CTCF IP - GM07346 cells, CTCF IP - GM12890 cells, Rep 1 , CTCF IP - GM18486 cells, Rep 3 , CTCF IP - K562 cells, Rep 13 , CTCF IP - GM11994 cells, Rep 2, CTCF IP, CTCF IP - GM11831 cells, CTCF IP - GM12865 cells, Rep 3 , CTCF IP - GM19193 cells, Rep 2 , CTCF IP - GM12869 cells , CTCF IP - GM12154 cells, Rep 2, CTCF IP - F36P cells, Rep 10 , CTCF IP - GM12874 cells, CTCF IP - GM12878 cells, Rep 2 , CTCF IP - GM12872 cells, Rep 1 , CTCF IP - F36P cells, Rep 5 , CTCF IP - GM2255 cells, Rep 2 , CTCF IP - GM11994 cells, Rep 1, CTCF IP - K562 cells , CTCF IP - K562 cells, Rep 11 , CTCF IP - GM11992 cells, Rep 1, CTCF IP - F36P cells, Rep 9 , CTCF IP - UT-7 cells, Rep 4 , CTCF IP - F36P cells, Rep 6 , CTCF IP - GM12154 cells, Rep 1, CTCF IP - GM12872 cells, CTCF IP - U-937 cells, Rep 2 , CTCF IP - UT-7 cells, Rep 3 , CTCF IP - MS1 cells, Rep 3 , CTCF IP - KU812 cells, Rep 13 , CTCF IP - KU812 cells, Rep 17 , CTCF IP - GM2630 cells, Rep 2 , CTCF IP - U-937 cells, Rep 1 , CTCF IP - GM12866 cells , CTCF IP - GM19240 cells, Rep 2 , CTCF IP - GM12878 cells, Rep 2 , CTCF IP - KU812 cells, Rep 9 , CTCF IP - K562 cells, Rep 8 , CTCF IP - GM12873 cells, Rep 1 , CTCF IP - GM19238 cells, Rep 2 , CTCF IP - GM19238 cells, Rep 1 , CTCF IP - GM12872 cells, Rep 2 , CTCF IP - GM12865 cells, Rep 1 , CTCF IP - GM11992 cells, Rep 2, CTCF IP - GM11811 cells, Rep 2, CTCF IP - GM12868 cells , CTCF IP - GM2610 cells, Rep 2 , CTCF IP - F36P cells, Rep 11 , CTCF IP - F36P cells, Rep 3 , CTCF IP - GM11881 cells, CTCF IP - GM06990 cells, Rep 1 , CTCF IP - GM2255 cells, Rep 3 , CTCF IP - GM06986 cells, CTCF IP - GM10847 cells, Rep 1 , CTCF IP - GM12865 cells, Rep 2 , CTCF IP - HL-60 cells, Rep 2 , CTCF IP - F36P cells, Rep 1 , CTCF IP - GM12815 cells, Rep 2, CTCF IP - GM18526 cells, Rep 1 , CTCF IP - K562 cells, Rep 1 , CTCF IP - GM19193 cells, Rep 1 , CTCF IP - KU812 cells, Rep 1 , CTCF IP - HL-60 cells, Rep 7 , CTCF IP - GM12006 cells, Rep 1, CTCF IP - GM12891 cells, Rep 2 , CTCF IP - NB4 cells , CTCF IP - GM19240 cells, Rep 1 , CTCF IP - K562 cells, Rep 14 , CTCF IP - GM2630 cells, Rep 1 , CTCF IP - GM12155 cells, Rep 2, CTCF IP - F36P cells, Rep 19 , CTCF IP - F36P cells, Rep 17 , CTCF IP - HeLa cells, Rep 2 , CTCF IP - MS1 cells, Rep 2 , CTCF IP -  CD20+ cells , CTCF IP - K562 cells, Rep 16 , CTCF IP - GM19099 cells, Rep 2 , CTCF IP - GM19099 cells, Rep 1 , CTCF IP - GM12878 cells , CTCF IP - F36P cells, Rep 7 , CTCF IP - GM18505 cells, Rep 1 , CTCF IP - GM12814 cells, Rep 1, CTCF IP - GM12878 cells, Rep 1 , CTCF IP - GM11894 cells, Rep 2, CTCF IP - GM19239 cells, Rep 2 , CTCF IP - GM12878 cells, Rep 1 , CTCF IP - HL-60 cells, Rep 5 , CTCF IP - GM12814 cells, Rep 2, CTCF IP - GM19239 cells, Rep 1 , CTCF IP - GM12864 cells, Rep 3 , CTCF IP - KU812 cells, Rep 5 , CTCF IP - K562 cells, Rep 15 , CTCF IP - GM12005 cells, Rep 2, CTCF IP - GM12749 cells, Rep 2, CTCF IP - GM12874 cells, Rep 2 , CTCF IP - GM12828 cells, CTCF IP - GM12875 cells, Rep 2 , CTCF IP - GM11811 cells, Rep 1, CTCF IP - GM12005 cells, Rep 1, CTCF IP - GM10847 cells, Rep 2 , CTCF IP - GM2255 cells, Rep 1 , CTCF IP - GM12890 cells, Rep 2 , CTCF ChIP-Seq - GM12878, CTCF IP - GM12874 cells, Rep 1 , CTCF IP - GM12287 cells, Rep 1, CTCF IP - CD14+ cells , CTCF IP - GM18951 cells, Rep 2 , CTCF IP - F36P cells, Rep 14 , CTCF IP - GM12891 cells, Rep 1 , CTCF IP - MS1 cells, Rep 4 , CTCF IP - GM12006 cells, Rep 2, CTCF IP - GM2588 cells, Rep 2 , CTCF IP - GM18526 cells, Rep 2 , CTCF IP - K562 cells, Rep 2 , CTCF IP - K562 cells, CTCF IP - GM06990 cells, Rep 2 , CTCF IP - GM18505 cells, Rep 2 , CTCF IP - GM12287 cells, Rep 2, CTCF IP - GM12871 cells , CTCF IP - GM12234 cells, CTCF IP - GM18486 cells, Rep 1 , CTCF IP - F36P cells, Rep 13 , CTCF IP - GM12489 cells, Rep 1, CTCF IP - F36P cells, Rep 2 , CTCF IP - GM12867 cells , CTCF IP - GM12489 cells, Rep 2, CTCF IP - GM12870 cells , CTCF IP - GM07037 cells, CTCF IP - GM2610 cells, Rep 1 , CTCF IP - K562 cells, Rep 12 , CTCF IP - GM12892 cells, Rep 1 , CTCF IP - GM12873 cells, Rep 1 , CTCF IP - GM12749 cells, Rep 1, CTCF IP - GM2610 cells, Rep 3 , CTCF IP - GM12155 cells, Rep 1, CTCF IP - GM2588 cells, Rep 3 , CTCF IP - HL-60 cells, Rep 9 , CTCF IP - GM12872 cells, Rep 3 , CTCF IP -  DND , CTCF IP - GM12864 cells, Rep 2 , CTCF IP - K562 cells, CTCF IP - HL , CTCF IP - GM12890 cells, Rep 3 , CTCF IP - GM2630 cells, Rep 3 , CTCF IP - GM18486 cells, Rep 2 , CTCF IP - GM18951 cells, Rep 1 , CTCF IP - MS1 cells, Rep 1 , CTCF IP - K562 cells",,,
CTCF,ARSA,cns,"CTCF IP - SK-N-SH cells, Rep 2 , CTCF IP - HCPEpiC cells, Rep 2 , CTCF IP - HCPEpiC cells, Rep 1 , CTCF IP - SK-N-SH cells , CTCF IP - cerebellar astrocyte cells, Rep 1 , CTCF IP - NHA cells , CTCF IP - SK-N-SH cells, Rep 1 , CTCF IP - BE(2)-C cells, Rep 2 , CTCF IP - SK cells, CTCF IP - spinal cord astrocyte cells, Rep 1 , CTCF IP - cerebellar astrocyte cells, Rep 2 , CTCF IP - BE(2)-C cells, Rep 1 , CTCF IP - spinal cord astrocyte cells, Rep 2 ",,,
MAX,ARSA,liver,"MAX IP - HepG2 cells, MAX IP - MCF7 cells, MAX IP - HepG2 cells",,,
FOXA1,ARSA,prostate,"EtOH | FOXA1 ChIP-Seq - Rep 2, AR C562S OE + FOXA1 OE | FOXA1 ChIP-Seq, CREB1 siRNA | FOXA1 ChIP-Seq - Rep 2, R1881 | FOXA1 ChIP-Seq - Rep 1, CON KD | FOXA1 ChIP-Seq, FOXA1 siRNA | CREB1 ChIP-Seq - Rep 2, WT AR OE + FOXA1 OE | FOXA1 ChIP-Seq, CON KD + R1881 | FOXA1 ChIP-Seq - Rep 1, DHT | FOXA1 ChIP-Seq, GATA2 KD + R1881 | FOXA1 ChIP-Seq, R1881 | FOXA1 ChIP-Seq - Rep 2, AR Q640X OE + FOXA1 OE | FOXA1 ChIP-Seq, CON KD + R1881 | FOXA1 ChIP-Seq - Rep 2, PIAS1 + R1881 | FOXA1 ChIP-Seq - Rep 2, CON KD + R1881 | FOXA1 ChIP-Seq, FOXA1 siRNA | CREB1 ChIP-Seq - Rep 1, PIAS1 + R1881 | FOXA1 ChIP-Seq - Rep 1, CON KD | FOXA1 ChIP-Seq, WT AR OE + FOXA1 OE | FOXA1 ChIP-Seq - high FOXA1, DHT | FOXA1 ChIP-Seq, FOXA1 ChIP-Seq",,,
FOXA1,ARSA,mammarygland,"FOXA1 IP | 17BE2 - MCF-7, DEX | FOXA1 ChIP-Seq - Rep 1, DHT | FOXA1 ChIP-Seq, FOXA1 IP - T47D cells, FOXA1 ChIP-Seq - Rep 1, 17BE2 | FOXA1 ChIP-Seq",,,
17BE2,ARSA,mammarygland,"FOXA1 IP | 17BE2 - MCF-7, 17BE2 | FOXA1 ChIP-Seq",,,
AR,ARSA,prostate,"AR C562S OE + FOXA1 OE | FOXA1 ChIP-Seq, WT AR OE + FOXA1 OE | FOXA1 ChIP-Seq, AR Q640X OE + FOXA1 OE | FOXA1 ChIP-Seq, WT AR OE + FOXA1 OE | FOXA1 ChIP-Seq - high FOXA1",,,
REST,ARSA,stemcells,"REST IP - H1 cells, Rep 1, REST IP - H1 cells, Rep 2",,,
ZNF143,ARSA,leukocytes,"ZNF143 IP - GM12878 cells, ZNF143 IP - K562 cells",,,
CTCF,ARSA,stemcells,"CTCF IP - Rep 1 , CTCF IP - Rep 7 , CTCF IP - H1 cells , CTCF IP - Rep 3 , CTCF IP - Rep 4 , CTCF IP - Rep 2 , CTCF IP - H1 cells, CTCF IP - Rep 6 , CTCF IP - Rep 5 ",,,
MAX,ARSA,cns,MAX IP - SK-N-SH cells,,,
FOXA1,ARSA,liver,"FOXA1 IP - HepG2 cells, Rep 1, FOXA1 IP - HepG2 cells, Rep 2",,,
CTCF,ARSA,mammarygland,"CTCF IP - HMEC cells , CTCF IP - HMEC cells, Rep 2 , CTCF IP - HMEC cells, Rep 1 , CTCF IP - MCF-7 cells, Rep 1 , CTCF IP - HMF cells, Rep 2 , CTCF IP - HMF cells, Rep 1 , CTCF IP - MCF-7 cells Rep 2 , CTCF IP - T47D cells, CTCF IP - MCF7 cells",,,
MEF2A,ARSA,leukocytes,MEF2A IP - GM12878 cells,,,
REST,ARSA,cns,"REST IP - U87 cells, REST IP - SK cells, REST IP - SK-N-SH cells, REST IP - PFSK-N-SH cells1 cells, Rep 1, REST IP - PFSK1 cells, Rep 2",,,
CTCF,ARSA,colon,"CTCF IP - HCT116 cells, CTCF IP - Rep 2 , CTCF IP - Caco , CTCF IP - HCT116 cells, Rep 2 , CTCF IP - Caco-2 cells, Rep 1 , CTCF IP - HCT116 cells, Rep 1 ",,,
KLF5,ARSA,stomach,KLF5 IP - KATOIII,,,
CREB1,ARSA,prostate,"CREB1 siRNA | FOXA1 ChIP-Seq - Rep 2, CREB1 ChIP-Seq - Rep 2, FOXA1 siRNA | CREB1 ChIP-Seq - Rep 2, CREB1 ChIP-Seq - Rep 1, FOXA1 siRNA | CREB1 ChIP-Seq - Rep 1, CREB1 ChIP-Seq - LNCaP, CREB1 ChIP-Seq - LNCaP-abl",,,
RELA,ARSA,leukocytes,"RELA IP | TNF - GM19193 cells, RELA IP | TNF - GM12878 cells, RELA IP | TNF - GM12892 cells, RELA IP | TNF - GM15510 cells, RELA IP | TNF - GM19099 cells, RELA IP | TNF - GM12891 cells, RELA IP | TNF - GM18951 cells, RELA IP | TNF - GM10847 cells, RELA IP | TNF - GM18505 cells",,,
TNF,ARSA,leukocytes,"RELA IP | TNF - GM19193 cells, RELA IP | TNF - GM12878 cells, RELA IP | TNF - GM12892 cells, RELA IP | TNF - GM15510 cells, RELA IP | TNF - GM12891 cells, RELA IP | TNF - GM18951 cells, RELA IP | TNF - GM10847 cells, RELA IP | TNF - GM18505 cells",,,
CTCF,ARSA,uterus,"CTCF IP - ECC1 cells, CTCF IP - HeLa cells , CTCF IP - HeLa cells, Rep 1 ",,,
ATF3,ARSA,colon,ATF3 IP | CAMPTO,,,
E2F6,ARSA,lung,E2F6 IP - A549 cells,,,
TP53,ARSA,colon,TP53 IP | NUTL3 - HCT-116,,,
MAZ,ARSA,lung,MAZ IP - IMR cells,,,
CTCF,ARSA,sensory,"CTCF IP - WERI-Rb-1- cells, Rep 1 , CTCF IP - HRPEpiC cells, Rep 1 , CTCF IP - WERI , CTCF IP - HRPEpiC cells, Rep 2 ",,,
CREB1,ARSA,colon,CREB1 IP ,,,
MYC,ARSA,mammarygland,"MYC IP - MCF-10A cells, DHT | MYC ChIP-Seq, MYC IP | 4HT - MCF10A cells",,,
CTCF,ARSA,skin,"CTCF IP - AG09309 cells, Rep 1 , CTCF IP - BJ cells, Rep 1 , CTCF IP - NHEK cells , CTCF IP - AG09309 cells, Rep 2 , CTCF IP - HFFC cells, Rep 1 , CTCF IP - NHDF cells , CTCF IP - GM12878 cells, Rep 2 , CTCF IP - NHDF cells, Rep 2 , CTCF IP - AG10803 cells, Rep 1 , CTCF IP - AG04449 cells, Rep 1 , CTCF IP - NHDF cells, Rep 1 , CTCF IP - HFFC cells, Rep 3 , CTCF IP - HFFC cells, Rep 2 , CTCF IP - AG10803 cells, Rep 2 , CTCF IP - BJ cells, Rep 2 , CTCF IP - AG04449 cells, Rep 2 , CTCF IP - NHEK cells, Rep 2 ",,,
GABPA,ARSA,leukocytes,"GABPA IP - GM12878 cells, Rep 2 , GABPA IP - K562 cells, GABPA IP - Jurkat, Rep 1, GABPA IP - GM12878 cells, Rep 4 , GABPA IP - Jurkat, Rep 2",,,
MEF2B,ARSA,kidney,MEF2B IP | MEF2B OE - Rep 2,,,
HEY1,ARSA,liver,HEY1 IP - HepG2 cells,,,
NFKB1,ARSA,leukocytes,"NFKB1 IP - Rep 1, NFKB1 IP - Rep 2",,,
FOXM1,ARSA,uterus,FOXM1 IP - ECC1 cells,,,
MAX,ARSA,vasculature,MAX IP - HUVEC cells,,,
MYB,ARSA,leukocytes,"MYB IP - MOLT3, MYB IP - Jurkat, Rep 5, MYB IP - Jurkat, Rep 4, MYB IP - Jurkat, Rep 2, MYB IP - Jurkat, Rep 1, MYB IP - Jurkat, Rep 3",,,
ELF1,ARSA,cns,ELF1 IP - SK-N-SH cells,,,
HIF1A,ARSA,vasculature,HIF1A IP,,,
YY1,ARSA,uterus,YY1 IP - ECC1 cells,,,
TCF12,ARSA,cns,TCF12 IP - SK-N-SH cells,,,
MAZ,ARSA,leukocytes,"MAZ IP - K562 cells, MAZ IP - GM12878 cells",,,
SRF,ARSA,stemcells,"SRF IP - Rep 1 , SRF IP - Rep 3 , SRF IP - Rep 7 , SRF IP - Rep 6 , SRF IP - Rep 5 , SRF IP - Rep 4 ",,,
DEX,ARSA,mammarygland,DEX | FOXA1 ChIP-Seq - Rep 1,,,
GATA2,ARSA,vasculature,GATA2 IP - HUVEC cells,,,
USF1,ARSA,liver,USF1 IP - HepG2 cells,,,
JUND,ARSA,stemcells,JUND IP - H1 cells,,,
MYC,ARSA,leukocytes,"MYC IP - NB4 cells, MYC IP | IFNG - K562 cells, 30 min",,,
GABPA,ARSA,liver,"GABPA IP, GABPA IP - MCF7 cells, GABPA IP - HepG2 cells",,,
TCF12,ARSA,uterus,TCF12 IP - ECC1 cells,,,
CTCF,ARSA,liver,"CTCF IP - HepG2 cells, Rep 1 , CTCF IP - HepG2 cells, Rep 2 , CTCF IP, CTCF IP - SK-N-SH cells, CTCF IP - HepG2 cells ",,,
MAX,ARSA,leukocytes,"MAX IP - GM12878 cells, MAX IP - K562 cells, MAX IP - NB4 cells, MAX IP - K562 cells, Rep 2",,,
ZBTB7A,ARSA,liver,ZBTB7A IP - HepG2 cells,,,
R1881,ARSA,prostate,"R1881 | FOXA1 ChIP-Seq - Rep 1, CON KD + R1881 | FOXA1 ChIP-Seq - Rep 1, GATA2 KD + R1881 | FOXA1 ChIP-Seq, R1881 | FOXA1 ChIP-Seq - Rep 2, CON KD + R1881 | FOXA1 ChIP-Seq - Rep 2, PIAS1 + R1881 | FOXA1 ChIP-Seq - Rep 2, CON KD + R1881 | FOXA1 ChIP-Seq, PIAS1 + R1881 | FOXA1 ChIP-Seq - Rep 1, GABPA IP | R1881",,,
CTCF,ARSA,vasculature,"CTCF IP - AoAFC cells, Rep 1 , CTCF IP - HUVEC cells , CTCF IP - HBMEC cells, Rep 2 , CTCF IP - HBMEC cells, Rep 1 , CTCF IP - HUVEC cells, Rep 2 , CTCF IP - HUVEC cells, Rep 1 , CTCF IP - HPAF cells, Rep 2 , CTCF IP - HPAF cells, Rep 1 , CTCF IP - AoAFC cells, Rep 2 ",,,
POU5F1,ARSA,stemcells,POU5F1 IP - Rep 1,,,
IRF1,ARSA,colon,IRF1 IP ,,,
ZNF263,ARSA,kidney,ZNF263 IP - HEK293 cells,,,
CTCF,ARSA,kidney,"CTCF IP - RPTEC cells, Rep 2 , CTCF IP - HRE cells, Rep 1 , CTCF IP - HRE cells, Rep 2 , CTCF IP - RPTEC cells, Rep 1 , CTCF IP - HEK293 cells, Rep 2 , CTCF IP - HEK293 cells, Rep 1 ",,,
ATF2,ARSA,leukocytes,ATF2 IP - GM12878 cells,,,
REST,ARSA,pancreas,"REST IP - Panc1 cells, Rep 3",,,
CTCF,ARSA,heart,"CTCF IP - myocytes cells, Rep 1 , CTCF IP - myocytes cells, Rep 2 , CTCF IP - HCF cells ",,,
CREB1,ARSA,lung,CREB1 IP | DEX - A549 cells,,,
EGR1,ARSA,leukocytes,"EGR1 IP - K562 cells, EGR1 IP - GM12878 cells, Rep 1",,,
STAT3,ARSA,leukocytes,"STAT3 IP - OCI-LY7, STAT3 IP - SU-DHL-10, STAT3 IP - SU-DHL-6, STAT3 IP - SU-DHL-4",,,
ZNF384,ARSA,leukocytes,"ZNF384 IP - GM12878 cells, ZNF384 IP - K562 cells",,,
CREB1,ARSA,liver,"CREB1 IP - HepG2 cells, CREB1 IP, CREB1 IP",,,
ZBTB7A,ARSA,leukocytes,ZBTB7A IP - SK-N-SH cells,,,
POU2F2,ARSA,leukocytes,"POU2F2 IP | POU2F2 WT OE, POU2F2 IP - Rep 2, POU2F2 IP | POU2F2 Mut OE, POU2F2 IP - GM12878 cells, POU2F2 IP - Rep 1",,,
ELF1,ARSA,liver,ELF1 IP - HepG2 cells,,,
TP53,ARSA,bone,"TP53 IP | TP53EE/RR OE, TP53 IP | NUTL3",,,
JUN,ARSA,colon,JUN IP ,,,
DHT,ARSA,mammarygland,"DHT | MYC ChIP-Seq, DHT | FOXA1 ChIP-Seq",,,
MTA3,ARSA,leukocytes,MTA3 IP - GM12878 cells,,,
MAZ,ARSA,uterus,MAZ IP - HeLa cells,,,
LEF1,ARSA,uterus,LEF1 IP | EGF - 24 h,,,
EGF,ARSA,uterus,LEF1 IP | EGF - 24 h,,,
HOXA6,ARSA,colon,HOXA6 IP ,,,
SP1,ARSA,stemcells,SP1 IP - H1 cells,,,
TP63,ARSA,skin,"TP63 IP | BANF1 KD, TP63 IP, TP63 IP",,,
BANF1,ARSA,skin,TP63 IP | BANF1 KD,,,
CTCF,ARSA,megakaryocytelineage,"CTCF IP - MEG-01 cells, Rep 8 , CTCF IP - MEG-01 cells, Rep 6 , CTCF IP - MEG-01 cells, Rep 2 , CTCF IP - MEG-01 cells, Rep 10 , CTCF IP - CHRF-288-11 cells, Rep 1 , CTCF IP - MEG-01 cells, Rep 4 ",,,
E2F6,ARSA,stemcells,E2F6 IP - H1 cells,,,
REST,ARSA,uterus,REST IP - ECC1 cells,,,
IRF4,ARSA,leukocytes,"IRF4 IP, IRF4 IP - GM12878 cells",,,
TCF7L2,ARSA,mammarygland,TCF7L2 ChIP-Seq,,,
SIX2,ARSA,kidney,"SIX2 IP - 17 weeks, Rep 2, SIX2 IP - 17 weeks, Rep 1",,,
MAX,ARSA,uterus,"MAX IP - HeLa cells, Rep 2, MAX IP - ECC1 cells, MAX IP - HeLa cells, Rep 1",,,
BCL11A,ARSA,leukocytes,BCL11A IP - GM12878 cells,,,
MAX,ARSA,colon,MAX IP - HCT116 cells,,,
REST,ARSA,colon,REST IP - HCT116 cells,,,
ELF1,ARSA,leukocytes,"ELF1 IP - SK-N-SH cells, ELF1 IP - SK-N-SH cells",,,
FOXA1,ARSA,stemcells,FOXA1 IP - Rep 5 ,,,
CEBPB,ARSA,colon,"CEBPB IP | 125DVD3, CEBPB IP",,,
125DVD3,ARSA,colon,CEBPB IP | 125DVD3,,,
ELF1,ARSA,mammarygland,ELF1 IP - MCF7 cells,,,
MXI1,ARSA,liver,MXI1 IP - HepG2 cells,,,
CREB1,ARSA,leukocytes,CREB1 IP - GM12878 cells,,,
RELA,ARSA,adiposetissue,"RELA IP, RELA IP",,,
SMAD1,ARSA,hspcs,SMAD1 IP - Rep 3,,,
BHLHE40,ARSA,leukocytes,"BHLHE40 IP - GM12878 cells, BHLHE40 IP - K562 cells",,,
NUTL3,ARSA,bone,TP53 IP | NUTL3,,,
RUNX1,ARSA,hspcs,RUNX1,,,
ZNF76,ARSA,kidney,ZNF76 IP | ZNF76 OE,,,
CTCF,ARSA,adiposetissue,"CTCF ChIP-Seq - d 9, CTCF ChIP-Seq - d -2, CTCF ChIP-Seq - d 0, CTCF ChIP-Seq - d 3",,,
RUNX1,ARSA,leukocytes,"SPI1 IP | RUNX1 KD, RUNX1 IP - Rep 2, RUNX1 IP, RUNX1 IP - N terminus 1, RUNX1 IP",,,
TBP,ARSA,liver,TBP IP - HepG2 cells,,,
SP1,ARSA,lung,SP1 IP - A549 cells,,,
SPI1,ARSA,hspcs,"SPI1 IP -  Rep 1, SPI1 IP - Rep 2",,,
TP73,ARSA,bone,"TP73 IP - beta isoform, Rep 2",,,
CTCF,ARSA,bone,"CTCF IP, CTCF IP - Osteoblasts ",,,
E2F3,ARSA,colon,E2F3 IP ,,,
ELF3,ARSA,pancreas,"ELF3 IP, ELF3 IP, ELF3 IP | KLF5 KO",,,
JUN,ARSA,liver,JUN IP - HepG2 cells,,,
ROSI,ARSA,leukocytes,ROSI | SPI1 ChIP-Seq,,,
ERG,ARSA,prostate,DHT | ERG ChIP-Seq - 18 h,,,
DHT,ARSA,prostate,"DHT | ERG ChIP-Seq - 18 h, DHT | FOXA1 ChIP-Seq, DHT | FOXA1 ChIP-Seq",,,
CEBPB,ARSA,stemcells,"CEBPB IP - H1 cells, CEBPB IP",,,
KLF11,ARSA,adiposetissue,"KLF11 ChIP-Seq, Rep 2, ROSI (BrAT) | KLF11 ChIP-Seq, Rep 1, KLF11 ChIP-Seq, Rep 1, ROSI (BrAT) | KLF11 ChIP-Seq, Rep 2",,,
MXI1,ARSA,lung,MXI1 IP - IMR cells,,,
FOXA2,ARSA,embryonictissue,FOXA2 IP - Rep 2,,,
KLF4,ARSA,stemcells,KLF4 IP,,,
USF2,ARSA,liver,USF2 IP - HepG2 cells,,,
USF1,ARSA,colon,USF1 IP - HCT116 cells,,,
NFATC1,ARSA,leukocytes,NFATC1 IP - GM12878 cells,,,
IRF1,ARSA,leukocytes,"IRF1 IP | IFNG - K562 cells, 6 h",,,
IFNG,ARSA,leukocytes,"IRF1 IP | IFNG - K562 cells, 6 h, STAT1 IP - Rep 5, MYC IP | IFNG - K562 cells, 30 min, STAT1 IP - Rep 4, STAT1 IP - Rep 2, STAT1 IP - Rep 3",,,
PAX5,ARSA,leukocytes,"PAX5 IP - GM12892 cells, PAX5 IP - GM12878 cells, Rep 1, PAX5 IP - GM12878 cells, Rep 2",,,
MAZ,ARSA,liver,MAZ IP - HepG2 cells,,,
GATA2,ARSA,prostate,GATA2 KD + R1881 | FOXA1 ChIP-Seq,,,
SP1,ARSA,leukocytes,SP1 IP - GM12878 cells,,,
USF1,ARSA,lung,USF1 IP | DEX - A549 cells,,,
MAX,ARSA,stemcells,MAX IP - H1 cells,,,
ZBTB7A,ARSA,uterus,ZBTB7A IP - ECC1 cells,,,
CTCF,ARSA,miscellaneous,"CTCF IP - AG09319 cells, Rep 1 , CTCF IP - AG09319 cells, Rep 2 ",,,
HEY1,ARSA,leukocytes,HEY1 IP - K562 cells,,,
ARNT,ARSA,kidney,ARNT IP,,,
GTF2B,ARSA,uterus,GTF2B IP - Rep 2,,,
E2F1,ARSA,mammarygland,E2F1 IP,,,
JUND,ARSA,cns,JUND IP - SK-N-SH cells ,,,
EBF1,ARSA,leukocytes,"EBF1 IP - GM12878 cells, EBF1 IP - GM12878 cells",,,
USF1,ARSA,stemcells,USF1 IP - H1 cells,,,
ATRA,ARSA,cns,"YY1 IP | ATRA - SK-N-SH cells, USF1 IP | ATRA - SK-N-SH cells",,,
STAT1,ARSA,leukocytes,"STAT1 IP - Rep 5, STAT1 IP - Rep 4, STAT1 IP - Rep 2, STAT1 IP - Rep 3",,,
FOSL1,ARSA,colon,FOSL1 IP - HCT116 cells,,,
USF1,ARSA,cns,USF1 IP | ATRA - SK-N-SH cells,,,
REST,ARSA,leukocytes,"REST IP - GM12878 cells, Rep 16 , REST IP - GM12878 cells, Rep 14 ",,,
ZNF143,ARSA,stemcells,ZNF143 IP - H1 cells,,,
TEAD4,ARSA,stemcells,TEAD4 IP - H1 cells,,,
TAL1,ARSA,colon,TAL1 IP ,,,
BATF,ARSA,leukocytes,BATF IP - GM12878 cells,,,
FOS,ARSA,vasculature,FOS IP - HUVEC cells,,,
NFYA,ARSA,colon,NFYA IP ,,,
FOXM1,ARSA,leukocytes,FOXM1 IP - GM12878 cells,,,
TBP,ARSA,leukocytes,"TBP IP - GM12878 cells, TBP IP - K562 cells",,,
ROSI,ARSA,adiposetissue,"ROSI (BrAT) | KLF11 ChIP-Seq, Rep 1, ROSI (BrAT) | KLF11 ChIP-Seq, Rep 2",,,
YY1,ARSA,stemcells,YY1 IP - H1 cells,,,
4HT,ARSA,mammarygland,MYC IP | 4HT - MCF10A cells,,,
TP53,ARSA,mammarygland,TP53 IP | NUTL3 - MCF-7,,,
MXI1,ARSA,cns,MXI1 IP - SK-N-SH cells ,,,
JUND,ARSA,leukocytes,"JUND IP - K562 cells, JUND IP - GM12878 cells, Rep 1 ",,,
ZEB1,ARSA,liver,ZEB1 IP - HepG2 cells,,,
CTCF,ARSA,esophagus,"CTCF IP - HEEpiC cells, Rep 1 , CTCF IP - HEEpiC cells, Rep 2 ",,,
CTCF,ARSA,pancreas,CTCF IP,,,
SRF,ARSA,leukocytes,"SRF IP - GM12878 cells, Rep 2",,,
E2F6,ARSA,leukocytes,E2F6 IP - K562 cells,,,
UBTF,ARSA,leukocytes,"UBTF IP - K562 cells, UBTF IP - K562 cells",,,
PIAS1,ARSA,prostate,"PIAS1 + R1881 | FOXA1 ChIP-Seq - Rep 2, PIAS1 + R1881 | FOXA1 ChIP-Seq - Rep 1",,,
BHLHE40,ARSA,liver,BHLHE40 IP - HepG2 cells,,,
SRF,ARSA,uterus,SRF IP - ECC1 cells,,,
ELF1,ARSA,colon,ELF1 IP - HCT116 cells,,,
JUND,ARSA,liver,JUND IP - HepG2 cells,,,
TEAD4,ARSA,uterus,TEAD4 IP - ECC1 cells,,,
NFKB2,ARSA,leukocytes,"NFKB2 IP - Rep 1, NFKB2 IP - Rep 2",,,
SRF,ARSA,colon,SRF IP - HCT116 cells,,,
ETS1,ARSA,leukocytes,ETS1 IP,,,
CEBPB,ARSA,uterus,CEBPB ChIP-Seq - HeLaS3,,,
SP1,ARSA,colon,SP1 IP - HCT116 cells,,,
CTCF,ARSA,skeletalmuscle,"CTCF IP - HSMM cells, Rep 2 , CTCF IP - HSMM cells, Rep 1 ",,,
YY1,ARSA,leukocytes,"YY1 IP - GM12892 cells, Rep 1, YY1 IP - GM12878 cells",,,
GATA3,ARSA,cns,GATA3 IP - SK-N-SH cells,,,
REST,ARSA,liver,"REST IP - HepG2 cells, Rep 2",,,
GABPA,ARSA,prostate,GABPA IP | R1881,,,
ATF2,ARSA,colon,ATF2 IP ,,,
USF1,ARSA,leukocytes,USF1 IP - GM12878 cells,,,
CREB1,ARSA,stemcells,CREB1 IP - H1 cells,,,
RELA,ARSA,colon,RELA IP ,,,
MXI1,ARSA,leukocytes,MXI1 IP - GM12878 cells,,,
TCF3,ARSA,leukocytes,TCF3 IP - GM12878 cells,,,
SP1,ARSA,liver,SP1 IP - HepG2 cells,,,
KLF5,ARSA,pancreas,ELF3 IP | KLF5 KO,,,
GABPA,ARSA,stemcells,GABPA IP - H1 cells,,,
HMGN3,ARSA,leukocytes,HMGN3 IP - K562 cells,,,
RUNX1T1,ARSA,leukocytes,RUNX1T1 IP,,,
USF1,ARSA,uterus,USF1 IP - ECC1 cells,,,
JUN,ARSA,vasculature,JUN IP - HUVEC cells,,,
MAX,ARSA,lung,MAX IP - A549 cells,,,
EGR1,ARSA,colon,EGR1 IP - HCT116 cells,,,
CTCF,ASAH1,skeletalmuscle,"CTCF IP - HSMM cells, Rep 1 , CTCF IP - HSMM cells, Rep 2 ",,,
CTCF,ASAH1,leukocytes,"CTCF IP - GM06990 cells, Rep 2 , CTCF ChIP-Seq - GM12878, CTCF IP - GM2610 cells, Rep 2 , CTCF IP, CTCF IP - GM12871 cells , CTCF IP - GM2255 cells, Rep 3 , CTCF IP - K562 cells, CTCF IP - GM19238 cells, Rep 2 , CTCF IP - GM11994 cells, Rep 2, CTCF IP - GM12892 cells, Rep 2 , CTCF IP - GM12874 cells, Rep 1 , CTCF IP - CD14+ cells , CTCF IP -  DND , CTCF IP - GM19239 cells, Rep 2 , CTCF IP - GM12873 cells, Rep 3 , CTCF IP - GM12891 cells, Rep 2 , CTCF IP - GM19239 cells, Rep 1 , CTCF IP - GM12878 cells, Rep 1 , CTCF IP - GM12865 cells, Rep 2 , CTCF IP - GM06990 cells, Rep 1 , CTCF IP - GM2255 cells, Rep 1 , CTCF IP - GM19238 cells, Rep 1 , CTCF IP - GM12890 cells, Rep 2 , CTCF IP - GM12878 cells, Rep 2 , CTCF IP - GM19240 cells, Rep 2 , CTCF IP - GM18486 cells, Rep 1 , CTCF IP - GM2610 cells, Rep 1 , CTCF IP - GM2588 cells, Rep 3 , CTCF IP - GM18526 cells, Rep 2 , CTCF IP - GM2610 cells, Rep 3 , CTCF IP - GM12890 cells, Rep 3 , CTCF IP - MS1 cells, Rep 1 , CTCF IP - GM12892 cells, Rep 1 , CTCF IP - F36P cells, Rep 7 , CTCF IP - GM2630 cells, Rep 1 , CTCF IP - GM19240 cells, Rep 1 , CTCF IP - MS1 cells, Rep 2 , CTCF IP - GM2630 cells, Rep 3 , CTCF IP - K562 cells, CTCF IP - GM12890 cells, Rep 1 , CTCF IP - GM2588 cells, Rep 1 , CTCF IP - GM18486 cells, Rep 3 , CTCF IP - MS1 cells, Rep 3 , CTCF IP - GM2588 cells, Rep 2 , CTCF IP - GM2630 cells, Rep 2 , CTCF IP - GM12891 cells, Rep 1 , CTCF IP - MS1 cells, Rep 4 , CTCF IP - GM2255 cells, Rep 2 ",,,
FOXA1,ASAH1,lung,"FOXA1 IP | DEX - A549 cells, FOXA1 IP - A549 cells",,,
DEX,ASAH1,lung,"FOXA1 IP | DEX - A549 cells, USF1 IP | DEX - A549 cells, CTCF IP | DEX - A549 cells , CREB1 IP | DEX - A549 cells",,,
CREB1,ASAH1,lung,"CREB1 IP - A549 cells, Rep 2, CREB1 IP | DEX - A549 cells",,,
CEBPB,ASAH1,mammarygland,CEBPB IP - MCF7 cells,,,
USF1,ASAH1,uterus,USF1 IP - ECC1 cells,,,
E2F1,ASAH1,prostate,"HES6 OE | E2F1 ChIP-Seq - Rep 3, E2F1 ChIP-Seq - Rep 3, HES6 OE | E2F1 ChIP-Seq - Rep 1, HES6 OE + BICALU | E2F1 ChIP-Seq - Rep 1, E2F1 ChIP-Seq - Rep 1, BICALU | E2F1 ChIP-Seq - Rep 1, BICALU | E2F1 ChIP-Seq - Rep 3",,,
HES6,ASAH1,prostate,"HES6 OE | E2F1 ChIP-Seq - Rep 3, HES6 OE | E2F1 ChIP-Seq - Rep 1, HES6 OE + BICALU | E2F1 ChIP-Seq - Rep 1",,,
ELF1,ASAH1,lung,ELF1 IP - A549 cells,,,
FOXA1,ASAH1,mammarygland,"FOXA1 ChIP-Seq - Rep 2, 17BE2 | FOXA1 ChIP-Seq - Rep 2, FOXA1 IP - T47D, FOXA1 ChIP-Seq - Rep 2, DEX | FOXA1 ChIP-Seq - Rep 1, DHT | FOXA1 ChIP-Seq, DEX | FOXA1 ChIP-Seq - Rep 1, 17BE2 | FOXA1 ChIP-Seq - Rep 2, DEX | FOXA1 ChIP-Seq - Rep 2, 17BE2 | FOXA1 ChIP-Seq - Rep 1, FOXA1 ChIP-Seq - Rep 1, FOXA1 ChIP-Seq - Rep 2, 17BE2 | FOXA1 ChIP-Seq - Rep 2, FOXA1 ChIP-Seq - Rep 1, FOXA1 ChIP-Seq - Rep 1, 17BE2 | FOXA1 ChIP-Seq - Rep 1, FOXA1 IP - T47D cells, DEX | FOXA1 ChIP-Seq - Rep 2",,,
FOXA1,ASAH1,prostate,"CREB1 siRNA | FOXA1 ChIP-Seq - Rep 2, FOXA1 ChIP-Seq, FOXA1 siRNA | CREB1 ChIP-Seq - Rep 2, WT AR OE + FOXA1 OE | FOXA1 ChIP-Seq - high FOXA1, CON KD | FOXA1 ChIP-Seq, EtOH | FOXA1 ChIP-Seq - Rep 2, AR C562S OE + FOXA1 OE | FOXA1 ChIP-Seq, CON KD + R1881 | FOXA1 ChIP-Seq, FOXA1 ChIP-Seq, R1881 | FOXA1 ChIP-Seq - Rep 1, GATA2 KD  | FOXA1 ChIP-Seq, FOXA1 ChIP-Seq, FOXA1 ChIP-Seq - Rep 1, FOXA1 KD | FOXA1 ChIP-Seq, FOXA1 ChIP-Seq, DHT | FOXA1 ChIP-Seq - C4- Rep 2B, POU2F1 KD + DHT | FOXA1 ChIP-Seq, CON KD  | FOXA1 ChIP-Seq, CON KD + R1881 | FOXA1 ChIP-Seq - Rep 1, EtOH | FOXA1 ChIP-Seq - , FOXA1 ChIP-Seq - Rep 1, FOXA1 ChIP-Seq - Rep 2, CREB1 siRNA | FOXA1 ChIP-Seq - Rep 1, GATA2 KD + R1881 | FOXA1 ChIP-Seq, DHT | FOXA1 ChIP-Seq, R1881 | FOXA1 ChIP-Seq - Rep 2, CON KD | FOXA1 ChIP-Seq, FOXA1 siRNA | CREB1 ChIP-Seq - Rep 1, FOXA1 KD | FOXA1 ChIP-Seq, CON KD + R1881 | FOXA1 ChIP-Seq - Rep 2, FOXA1 ChIP-Seq - LNCaP, FOXA1 ChIP-Seq - LNCaP-abl, DHT | FOXA1 ChIP-Seq, CON KD | FOXA1 ChIP-Seq, FOXA1 ChIP-Seq - C4- Rep 2B, PIAS1 + R1881 | FOXA1 ChIP-Seq - Rep 2, FOXA1 KD | GATA2 ChIP-Seq, PIAS1 + R1881 | FOXA1 ChIP-Seq - Rep 1, FOXA1 ChIP-Seq - Rep 2",,,
CREB1,ASAH1,prostate,"CREB1 siRNA | FOXA1 ChIP-Seq - Rep 2, FOXA1 siRNA | CREB1 ChIP-Seq - Rep 2, CREB1 ChIP-Seq - Rep 1, CREB1 siRNA | FOXA1 ChIP-Seq - Rep 1, CREB1 ChIP-Seq - LNCaP, FOXA1 siRNA | CREB1 ChIP-Seq - Rep 1, CREB1 ChIP-Seq - LNCaP-abl, CREB1 ChIP-Seq - Rep 2",,,
FOXA1,ASAH1,pancreas,"FOXA1 IP, FOXA1 IP | KLF5 KO, FOXA1 IP",,,
STAT1,ASAH1,uterus,"STAT1 IP | IFNG - HeLa cells, 30 min",,,
IFNG,ASAH1,uterus,"STAT1 IP | IFNG - HeLa cells, 30 min",,,
E2F1,ASAH1,uterus,"E2F1 IP - HeLa cells, Rep 1, E2F1 IP - HeLa cells, Rep 2",,,
17BE2,ASAH1,mammarygland,"17BE2 | FOXA1 ChIP-Seq - Rep 2, 17BE2 | FOXA1 ChIP-Seq - Rep 2, 17BE2 | FOXA1 ChIP-Seq - Rep 1, 17BE2 | FOXA1 ChIP-Seq - Rep 2, 17BE2 | FOXA1 ChIP-Seq - Rep 1",,,
STAT3,ASAH1,leukocytes,"STAT3 IP - SU-DHL-2, STAT3 IP - OCI-LY7, STAT3 IP - SU-DHL-4, STAT3 IP - SU-DHL-10, STAT3 IP - OCI-LY3, STAT3 IP - SU-DHL-6",,,
RELA,ASAH1,leukocytes,"RELA IP | TNF - GM15510 cells, RELA IP | TNF - GM12891 cells",,,
TNF,ASAH1,leukocytes,"RELA IP | TNF - GM15510 cells, RELA IP | TNF - GM12891 cells",,,
KLF5,ASAH1,pancreas,"KLF5 IP, FOXA1 IP | KLF5 KO, ELF3 IP | KLF5 KO",,,
SIX5,ASAH1,stemcells,SIX5 IP - H1 cells,,,
GATA4,ASAH1,stomach,GATA4 IP - AGS,,,
CEBPB,ASAH1,stemcells,"CEBPB IP, CEBPB IP, CEBPB IP, CEBPB IP, CEBPB IP, CEBPB IP, CEBPB IP",,,
MAFF,ASAH1,liver,MAFF IP - HepG2 cells,,,
MYC,ASAH1,mammarygland,"MYC IP - MCF-10A cells, DHT | MYC ChIP-Seq",,,
HOXA4,ASAH1,colon,HOXA4 IP ,,,
TAL1,ASAH1,colon,TAL1 IP ,,,
REST,ASAH1,liver,"REST IP - HepG2 cells, Rep 1, REST IP - HepG2 cells, Rep 2",,,
USF1,ASAH1,colon,USF1 IP - HCT116 cells,,,
GATA2,ASAH1,hspcs,GATA2 IP,,,
AR,ASAH1,prostate,"WT AR OE + FOXA1 OE | FOXA1 ChIP-Seq - high FOXA1, AR C562S OE + FOXA1 OE | FOXA1 ChIP-Seq",,,
MYC,ASAH1,leukocytes,"MYC IP - NB4 cells, MYC IP - K562 cells, Rep 1, MYC IP | IFNG - K562 cells, 6 h, MYC IP | IFNG - K562 cells, 30 min",,,
ARID3A,ASAH1,liver,ARID3A IP - HepG2 cells,,,
SRF,ASAH1,uterus,SRF IP - ECC1 cells,,,
E2F4,ASAH1,mammarygland,E2F4 IP | 4HT - MCF10 cells,,,
4HT,ASAH1,mammarygland,E2F4 IP | 4HT - MCF10 cells,,,
GABPA,ASAH1,prostate,"GABPA IP | R1881, GABPA IP - Rep 2, GABPA IP - Rep 1",,,
R1881,ASAH1,prostate,"GABPA IP | R1881, CON KD + R1881 | FOXA1 ChIP-Seq, R1881 | FOXA1 ChIP-Seq - Rep 1, CON KD + R1881 | FOXA1 ChIP-Seq - Rep 1, GATA2 KD + R1881 | FOXA1 ChIP-Seq, ERG IP | R1881, R1881 | FOXA1 ChIP-Seq - Rep 2, CON KD + R1881 | FOXA1 ChIP-Seq - Rep 2, PIAS1 + R1881 | FOXA1 ChIP-Seq - Rep 2, PIAS1 + R1881 | FOXA1 ChIP-Seq - Rep 1",,,
HMGN3,ASAH1,leukocytes,HMGN3 IP - K562 cells,,,
PAX5,ASAH1,leukocytes,"PAX5 IP - GM12878 cells, Rep 1, PAX5 IP - GM12878 cells, Rep 2, PAX5 IP - GM12892 cells",,,
MAX,ASAH1,uterus,"MAX IP - HeLa cells, Rep 2, MAX IP - HeLa cells, Rep 1, MAX IP - ECC1 cells",,,
CTCF,ASAH1,cns,"CTCF IP - BE(2)-C cells, Rep 1 , CTCF IP - HCPEpiC cells, Rep 1 , CTCF IP - SK-N-SH cells, Rep 2 , CTCF IP - SK-N-SH cells, Rep 1 , CTCF IP - SK-N-SH cells ",,,
FOXA2,ASAH1,stemcells,"FOXA2 IP - ES D2, FOXA2 IP - ES D10, FOXA2 IP - ES D7, FOXA2 IP - ES D5",,,
MAX,ASAH1,colon,MAX IP - HCT116 cells,,,
CREB1,ASAH1,liver,"CREB1 IP, CREB1 IP, CREB1 IP, CREB1 IP - HepG2 cells",,,
ELF1,ASAH1,leukocytes,"ELF1 IP - SK-N-SH cells, ELF1 IP - SK-N-SH cells",,,
USF2,ASAH1,stemcells,USF2 IP - H1 cells,,,
BACH1,ASAH1,stemcells,BACH1 IP - H1 cells,,,
CTCF,ASAH1,skin,"CTCF IP - AG04449 cells, Rep 2 , CTCF IP - BJ cells, Rep 1 , CTCF IP - NHEK cells , CTCF IP - HFFC cells, Rep 3 , CTCF IP - NHDF cells, Rep 2 , CTCF IP - AG10803 cells, Rep 1 , CTCF IP - AG04449 cells, Rep 1 , CTCF IP - AG10803 cells, Rep 2 ",,,
SPI1,ASAH1,leukocytes,"SPI1 IP, SPI1 IP - GM12878 cells, Rep 2 , SPI1 IP - HL cells, SPI1 IP, SPI1 IP, SPI1 IP, SPI1 IP, ROSI | SPI1 ChIP-Seq, SPI1 IP - GM12878 cells, Rep 3 , SPI1 IP, SPI1 IP, SPI1 IP - GM12878 cells, Rep 4 , SPI1 IP - K562 cells, SPI1 IP, SPI1 IP, SPI1 IP - GM12891 cells, SPI1 IP, SPI1 IP - GM12878 cells",,,
JUN,ASAH1,mammarygland,"JUN IP | CPDA, JUN IP | DEX, JUN IP",,,
CPDA,ASAH1,mammarygland,JUN IP | CPDA,,,
USF1,ASAH1,lung,"USF1 IP | DEX - A549 cells, USF1 IP - A549 cells, Rep 2, USF1 IP - A549 cells, Rep 1",,,
IRF1,ASAH1,leukocytes,"IRF1 IP - Rep 3, IRF1 IP | IFNG - K562 cells, 6 h, IRF1 IP | IFNG - K562 cells, 30 min, IRF1 IP | IFNA1-13 - K562 cells, 6 h",,,
IFNG,ASAH1,leukocytes,"IRF1 IP - Rep 3, STAT1 IP - Rep 5, MYC IP | IFNG - K562 cells, 6 h, IRF1 IP | IFNG - K562 cells, 6 h, STAT1 IP - Rep 4, STAT1 IP - Rep 3, IRF1 IP | IFNG - K562 cells, 30 min, STAT1 IP - Rep 1, STAT1 IP - Rep 6, STAT1 IP - Rep 2, MYC IP | IFNG - K562 cells, 30 min",,,
TCF12,ASAH1,leukocytes,TCF12 IP - GM12878 cells,,,
ZEB1,ASAH1,liver,ZEB1 IP - HepG2 cells,,,
MYB,ASAH1,leukocytes,"MYB IP - Jurkat, Rep 2, MYB IP - Jurkat, Rep 3, MYB IP - Jurkat, Rep 1, MYB IP - MOLT3, MYB IP - Jurkat, Rep 5, MYB IP - Jurkat, Rep 4",,,
MAX,ASAH1,leukocytes,"MAX IP - K562 cells, MAX IP - NB4 cells, MAX IP - K562 cells, Rep 2, MAX IP - GM12878 cells",,,
E2F6,ASAH1,leukocytes,"E2F6 IP - K562 cells, E2F6 IP - K562 cells",,,
ATF3,ASAH1,colon,"ATF3 IP - HCT116 cells, ATF3 IP | CAMPTO",,,
POU2F2,ASAH1,leukocytes,POU2F2 IP - GM12878 cells,,,
FOXA1,ASAH1,liver,"FOXA1 IP - HepG2 cells, Rep 1, FOXA1 IP - HepG2 cells, Rep 2",,,
FOXH1,ASAH1,embryonictissue,FOXH1 IP - endoderm,,,
GABPA,ASAH1,leukocytes,"GABPA IP - Jurkat, Rep 2, GABPA IP - GM12878 cells, Rep 2 , GABPA IP - GM12878 cells, Rep 4 , GABPA IP - K562 cells, GABPA IP - GM12878 cells, Rep 5 , GABPA IP - Jurkat, Rep 1, GABPA IP - GM12878 cells, Rep 1 , GABPA IP - GM12878 cells, Rep 3 ",,,
CREB1,ASAH1,leukocytes,"CREB1 IP - K562 cells, CREB1 IP - GM12878 cells",,,
REST,ASAH1,leukocytes,REST IP - HL60 cells,,,
BCL3,ASAH1,leukocytes,BCL3 IP - GM12878 cells,,,
CTCF,ASAH1,lung,"CTCF IP - IMR cells, CTCF IP - SAEC cells, Rep 2 , CTCF IP - A549 cells , CTCF IP - NHLF cells , CTCF IP | DEX - A549 cells , CTCF IP - HPF cells, Rep 1 , CTCF IP - HPF cells, Rep 2 , CTCF IP - AG04450 cells, Rep 2 ",,,
ZEB1,ASAH1,leukocytes,ZEB1 IP - GM12878 cells,,,
YY1,ASAH1,cns,"YY1 IP | ATRA - SK-N-SH cells, YY1 IP - SK-N-SH cells",,,
ATRA,ASAH1,cns,"YY1 IP | ATRA - SK-N-SH cells, USF1 IP | ATRA - SK-N-SH cells",,,
ELF3,ASAH1,pancreas,"ELF3 IP, ELF3 IP, ELF3 IP | KLF5 KO",,,
SMAD4,ASAH1,stemcells,SMAD4 ChIP-Seq - ESCs,,,
DHT,ASAH1,mammarygland,"DHT | MYC ChIP-Seq, DHT | FOXA1 ChIP-Seq",,,
E2F1,ASAH1,mammarygland,"E2F1 IP - MCF7 cells, E2F1 IP",,,
MAFK,ASAH1,liver,"MAFK IP - HepG2 cells, Rep 1, MAFK IP - HepG2 cells, Rep 2",,,
USF1,ASAH1,stemcells,USF1 IP - H1 cells,,,
CTCF,ASAH1,vasculature,"CTCF IP - HPAF cells, Rep 2 , CTCF IP - AoAFC cells, Rep 1 , CTCF IP - HBMEC cells, Rep 1 , CTCF IP - HPAF cells, Rep 1 , CTCF IP - HUVEC cells, Rep 1 ",,,
E2F6,ASAH1,lung,E2F6 IP - A549 cells,,,
MYC,ASAH1,liver,MYC IP,,,
CREB1,ASAH1,colon,CREB1 IP ,,,
CEBPB,ASAH1,leukocytes,"CEBPB IP | oxLDL  - Rep 208, CEBPB IP | oxLDL  - Rep 205, CEBPB IP - K562 cells, CEBPB IP| oxLDL  - Rep 207, CEBPB IP, CEBPB IP - Rep 204, CEBPB IP, CEBPB ChIP-Seq - K562",,,
ATF1,ASAH1,leukocytes,ATF1 IP - K562 cells,,,
CTCF,ASAH1,hspcs,"CTCF IP - Erythroid cells, Rep 1, CTCF IP - Erythroid cells, Rep 2",,,
CEBPB,ASAH1,lung,"CEBPB ChIP-Seq - A549, CEBPB ChIP-Seq - IMR90",,,
MXI1,ASAH1,liver,MXI1 IP - HepG2 cells,,,
MAZ,ASAH1,liver,MAZ IP - HepG2 cells,,,
CEBPB,ASAH1,colon,"CEBPB IP | 125DVD3, CEBPB IP, CEBPB IP - HCT116 cells",,,
125DVD3,ASAH1,colon,CEBPB IP | 125DVD3,,,
REST,ASAH1,cns,"REST IP - SK-N-SH cells, REST IP - SK cells, REST IP - PFSK1 cells, Rep 2, REST IP - PFSK-N-SH cells1 cells, Rep 1, REST IP - U87 cells",,,
MAFF,ASAH1,leukocytes,MAFF IP - K562 cells,,,
ERG,ASAH1,prostate,"DMSO | ERG ChIP-Seq - Rep 1, ERG ChIP-Seq, DHT | ERG ChIP-Seq - 18 h, DHT | ERG ChIP-Seq - 2 h, ERG IP | R1881",,,
GTF2F1,ASAH1,uterus,GTF2F1 IP - HeLa cells,,,
USF1,ASAH1,cns,"USF1 IP | ATRA - SK-N-SH cells, USF1 IP - SK-N-SH cells",,,
FOXA2,ASAH1,lung,FOXA2 IP - A549 cells,,,
CTCF,ASAH1,miscellaneous,"CTCF IP - AG09319 cells, Rep 2 , CTCF IP - AG09319 cells, Rep 1 ",,,
MAZ,ASAH1,leukocytes,"MAZ IP - K562 cells, MAZ IP - GM12878 cells",,,
GABPA,ASAH1,liver,"GABPA IP, GABPA IP, GABPA IP - MCF7 cells, GABPA IP - HepG2 cells, GABPA IP",,,
STAT1,ASAH1,leukocytes,"STAT1 IP - Rep 5, STAT1 IP - Rep 4, STAT1 IP - Rep 3, STAT1 IP - Rep 1, STAT1 IP - Rep 6, STAT1 IP - Rep 2",,,
DEX,ASAH1,mammarygland,"JUN IP | DEX, DEX | FOXA1 ChIP-Seq - Rep 1, DEX | FOXA1 ChIP-Seq - Rep 1, DEX | FOXA1 ChIP-Seq - Rep 2, DEX | FOXA1 ChIP-Seq - Rep 2",,,
GATA2,ASAH1,prostate,"GATA2 KD  | FOXA1 ChIP-Seq, GATA2 KD + R1881 | FOXA1 ChIP-Seq, FOXA1 KD | GATA2 ChIP-Seq",,,
GABPA,ASAH1,lung,GABPA IP - A549 cells,,,
ZNF84,ASAH1,colon,ZNF84 IP ,,,
SIX5,ASAH1,leukocytes,"SIX5 IP - GM12878 cells, SIX5 IP - K562 cells, Rep 2",,,
TCF12,ASAH1,lung,TCF12 IP - A549 cells,,,
USF1,ASAH1,leukocytes,"USF1 IP - K562 cells, USF1 IP - GM12878 cells",,,
YY1,ASAH1,stemcells,YY1 IP - H1 cells,,,
GTF2B,ASAH1,uterus,GTF2B IP - Rep 2,,,
BICALU,ASAH1,prostate,"HES6 OE + BICALU | E2F1 ChIP-Seq - Rep 1, BICALU | E2F1 ChIP-Seq - Rep 1, BICALU | E2F1 ChIP-Seq - Rep 3",,,
MXI1,ASAH1,uterus,MXI1 IP - HeLa cells,,,
JUND,ASAH1,stemcells,"JUND IP - H1 cells, JUND IP - H1 cells",,,
TBP,ASAH1,stemcells,TBP IP - H1 cells,,,
FOSL1,ASAH1,colon,FOSL1 IP - HCT116 cells,,,
CEBPB,ASAH1,uterus,"CEBPB IP - ECC1 cells, CEBPB ChIP-Seq - HeLaS3",,,
DHT,ASAH1,prostate,"DHT | ERG ChIP-Seq - 18 h, DHT | ERG ChIP-Seq - 2 h, DHT | FOXA1 ChIP-Seq - C4- Rep 2B, POU2F1 KD + DHT | FOXA1 ChIP-Seq, DHT | FOXA1 ChIP-Seq, DHT | FOXA1 ChIP-Seq",,,
MAX,ASAH1,cns,MAX IP - SK-N-SH cells,,,
SP1,ASAH1,stemcells,SP1 IP - H1 cells,,,
HEY1,ASAH1,liver,HEY1 IP - HepG2 cells,,,
ARNTL,ASAH1,bone,ARNTL IP,,,
ELF1,ASAH1,cns,ELF1 IP - SK-N-SH cells,,,
ATF2,ASAH1,colon,ATF2 IP ,,,
MXI1,ASAH1,leukocytes,"MXI1 IP - GM12878 cells, MXI1 IP - K562 cells",,,
IRF1,ASAH1,pancreas,IRF1 IP,,,
RUNX1,ASAH1,hspcs,RUNX1,,,
E2F4,ASAH1,uterus,E2F4 IP - HeLa cells,,,
KLF11,ASAH1,adiposetissue,"KLF11 ChIP-Seq, Rep 2, KLF11 ChIP-Seq, Rep 1, ROSI (BrAT) | KLF11 ChIP-Seq, Rep 1, ROSI (BrAT) | KLF11 ChIP-Seq, Rep 2",,,
HEY1,ASAH1,leukocytes,HEY1 IP - K562 cells,,,
CTCF,ASAH1,sensory,"CTCF IP - WERI-Rb-1- cells, Rep 1 ",,,
TCF7L2,ASAH1,mammarygland,TCF7L2 ChIP-Seq,,,
JUND,ASAH1,lung,JUND IP - A549 cells,,,
ATF2,ASAH1,leukocytes,ATF2 IP - GM12878 cells,,,
ATF3,ASAH1,leukocytes,"ATF3 IP - GM12878 cells, ATF3 IP - K562 cells",,,
NANOG,ASAH1,stemcells,"NANOG IP - Rep 6 , NANOG IP - Rep 3 , NANOG IP - Rep 8 ",,,
FOXM1,ASAH1,leukocytes,FOXM1 IP - GM12878 cells,,,
ZNF263,ASAH1,kidney,ZNF263 IP - HEK293 cells,,,
RELA,ASAH1,lung,RELA IP | DEX + TNF - Rep 1,,,
DEX; TNF,ASAH1,lung,RELA IP | DEX + TNF - Rep 1,,,
ROSI,ASAH1,leukocytes,ROSI | SPI1 ChIP-Seq,,,
E2F3,ASAH1,colon,E2F3 IP ,,,
YY1,ASAH1,leukocytes,"YY1 IP - GM12892 cells, Rep 1, YY1 IP - GM12878 cells, YY1 IP - GM12891 cells, YY1 IP - K562 cells, Rep 1, YY1 IP - K562 cells, Rep 2",,,
TBP,ASAH1,liver,TBP IP - HepG2 cells,,,
TCF7L2,ASAH1,hspcs,TCF7L2 IP - Rep 1,,,
SP1,ASAH1,leukocytes,"SP1 IP - K562 cells, SP1 IP - GM12878 cells",,,
POU2F1,ASAH1,prostate,POU2F1 KD + DHT | FOXA1 ChIP-Seq,,,
MAX,ASAH1,liver,"MAX IP - HepG2 cells, MAX IP - MCF7 cells, MAX IP - HepG2 cells",,,
CTCF,ASAH1,megakaryocytelineage,"CTCF IP - MEG-01 cells, Rep 8 ",,,
GATA3,ASAH1,lung,GATA3 IP - A549 cells,,,
CTCF,ASAH1,heart,"CTCF IP - myocytes cells, Rep 1 ",,,
SP1,ASAH1,lung,SP1 IP - A549 cells,,,
BHLHE40,ASAH1,liver,BHLHE40 IP - HepG2 cells,,,
YY1,ASAH1,liver,YY1 IP - HepG2 cells,,,
YY1,ASAH1,lung,YY1 IP - A549 cells,,,
MYC,ASAH1,uterus,MYC IP - HeLa cells,,,
IRF1,ASAH1,colon,IRF1 IP ,,,
HOXA6,ASAH1,colon,HOXA6 IP ,,,
JUN,ASAH1,colon,JUN IP ,,,
FOXP1,ASAH1,colon,FOXP1 IP ,,,
HIF1A,ASAH1,bone,HIF1A IP,,,
TP53,ASAH1,mammarygland,TP53 IP,,,
RUNX1,ASAH1,leukocytes,RUNX1 IP,,,
TAL1,ASAH1,stemcells,"TAL1 IP - Rep 1 , TAL1 IP - Rep 2 ",,,
TEAD4,ASAH1,uterus,TEAD4 IP - ECC1 cells,,,
STAT5A,ASAH1,leukocytes,STAT5A IP - GM12878 cells,,,
TCF3,ASAH1,leukocytes,TCF3 IP - GM12878 cells,,,
FOXA2,ASAH1,embryonictissue,FOXA2 IP - Rep 2,,,
CEBPB,ASAH1,liver,"CEBPB ChIP-Seq - HepG2, CEBPB IP - HepG2 cells, CEBPB IP | FORSK - HepG2 cells",,,
SRF,ASAH1,leukocytes,"SRF IP - GM12878 cells, Rep 2",,,
USF1,ASAH1,liver,USF1 IP - HepG2 cells,,,
ZBTB7A,ASAH1,leukocytes,ZBTB7A IP - SK-N-SH cells,,,
PBX3,ASAH1,cns,PBX3 IP - SK-N-SH cells,,,
JUN,ASAH1,vasculature,JUN IP,,,
ZNF143,ASAH1,leukocytes,ZNF143 IP - GM12878 cells,,,
EGR1,ASAH1,colon,EGR1 IP - HCT116 cells,,,
MYC,ASAH1,lung,MYC IP - A549 cells,,,
MAZ,ASAH1,uterus,MAZ IP - HeLa cells,,,
GABPA,ASAH1,stemcells,GABPA IP - H1 cells,,,
JUND,ASAH1,leukocytes,"JUND IP - GM12878 cells, Rep 1 , JUND IP - K562 cells",,,
GLI2,ASAH1,colon,GLI2 IP ,,,
TBP,ASAH1,uterus,TBP IP - HeLa cells,,,
FOXM1,ASAH1,mammarygland,FOXM1 IP | THSP - DS006,,,
ELF1,ASAH1,mammarygland,ELF1 IP - MCF7 cells,,,
RELA,ASAH1,adiposetissue,"RELA IP, RELA IP",,,
TCF7L2,ASAH1,uterus,TCF7L2 IP - HeLa cells,,,
ZNF280D,ASAH1,colon,ZNF280D IP ,,,
YY1,ASAH1,uterus,YY1 IP - ECC1 cells,,,
MTA3,ASAH1,leukocytes,MTA3 IP - GM12878 cells,,,
FOSL2,ASAH1,liver,FOSL2 IP - HepG2 cells,,,
SRF,ASAH1,colon,SRF IP - HCT116 cells,,,
ELF1,ASAH1,colon,ELF1 IP - HCT116 cells,,,
MAX,ASAH1,lung,"MAX IP - A549 cells, MAX IP - A549 cells",,,
GATA3,ASAH1,mammarygland,"GATA3 IP - T47D cells, GATA3 IP - MCF7 cells",,,
E2F6,ASAH1,uterus,E2F6 IP - HeLa cells,,,
PBX3,ASAH1,lung,PBX3 IP - A549 cells,,,
BCL3,ASAH1,lung,BCL3 IP - A549 cells,,,
JUND,ASAH1,liver,JUND IP - HepG2 cells,,,
REST,ASAH1,stemcells,"REST IP - H1 cells, Rep 1",,,
MAZ,ASAH1,lung,MAZ IP - IMR cells,,,
BHLHE40,ASAH1,leukocytes,"BHLHE40 IP - GM12878 cells, BHLHE40 IP - K562 cells",,,
UBTF,ASAH1,leukocytes,UBTF IP - K562 cells,,,
MXI1,ASAH1,cns,MXI1 IP - SK-N-SH cells ,,,
E2F6,ASAH1,stemcells,E2F6 IP - H1 cells,,,
FOXA2,ASAH1,liver,FOXA2 IP - HepG2 cells,,,
SIX2,ASAH1,kidney,"SIX2 IP - 17 weeks, Rep 2, SIX2 IP - 17 weeks, Rep 1",,,
SREBF1,ASAH1,leukocytes,SREBF1 IP - GM12878 cells,,,
TEAD4,ASAH1,leukocytes,TEAD4 IP - K562 cells,,,
IRF4,ASAH1,leukocytes,IRF4 IP,,,
CTCF,ASAH1,mammarygland,"CTCF IP - HMEC cells, Rep 1 , CTCF IP - HMF cells, Rep 2 ",,,
EBF1,ASAH1,leukocytes,"EBF1 IP - GM12878 cells, EBF1 IP - GM12878 cells",,,
CTCF,ASAH1,stemcells,CTCF IP - Rep 6 ,,,
REST,ASAH1,lung,REST IP - A549 cells,,,
TP53,ASAH1,lung,"TP53 IP - propapoptic, Rep 1",,,
JUND,ASAH1,cns,"JUND IP - SK-N-SH cells , JUND IP - SK-N-SH cells",,,
FOXA1,ASAH1,uterus,FOXA1 IP - ECC1 cells,,,
STAT2,ASAH1,colon,STAT2 IP ,,,
ETS1,ASAH1,leukocytes,"ETS1 IP, ETS1 IP - K562 cells",,,
MYBL2,ASAH1,liver,MYBL2 IP - HepG2 cells,,,
ROSI,ASAH1,adiposetissue,"ROSI (BrAT) | KLF11 ChIP-Seq, Rep 1, ROSI (BrAT) | KLF11 ChIP-Seq, Rep 2",,,
SREBF1,ASAH1,liver,SREBF1 IP | INS + 22RHC - HepG2 cells,,,
22RHC; INS,ASAH1,liver,SREBF1 IP | INS + 22RHC - HepG2 cells,,,
GABPA,ASAH1,uterus,GABPA IP - HeLa cells,,,
EGR1,ASAH1,leukocytes,EGR1 IP - K562 cells,,,
FOXP2,ASAH1,cns,FOXP2 IP - SK cells,,,
E2F4,ASAH1,leukocytes,E2F4 IP - K562 cells,,,
TBP,ASAH1,leukocytes,"TBP IP - GM12878 cells, TBP IP - K562 cells",,,
GATA3,ASAH1,cns,GATA3 IP - SK-N-SH cells,,,
USF2,ASAH1,uterus,USF2 IP - HeLa cells,,,
MAX,ASAH1,stemcells,MAX IP - H1 cells,,,
RELA,ASAH1,colon,RELA IP ,,,
IFNA1,ASAH1,leukocytes,"IRF1 IP | IFNA1-13 - K562 cells, 6 h",,,
ZNF83,ASAH1,colon,ZNF83 IP ,,,
TEAD4,ASAH1,stemcells,TEAD4 IP - H1 cells,,,
MAX,ASAH1,vasculature,MAX IP - HUVEC cells,,,
TCF12,ASAH1,cns,TCF12 IP - SK-N-SH cells,,,
TCF12,ASAH1,uterus,TCF12 IP - ECC1 cells,,,
JUNB,ASAH1,colon,JUNB IP ,,,
SIX5,ASAH1,lung,SIX5 IP | DEX - A549 cells,,,
SP1,ASAH1,colon,SP1 IP - HCT116 cells,,,
MXI1,ASAH1,lung,MXI1 IP - IMR cells,,,
TCF12,ASAH1,stemcells,TCF12 IP - H1 cells,,,
ETS1,ASAH1,lung,ETS1 IP - A549 cells,,,
PIAS1,ASAH1,prostate,"PIAS1 + R1881 | FOXA1 ChIP-Seq - Rep 2, PIAS1 + R1881 | FOXA1 ChIP-Seq - Rep 1",,,
USF2,ASAH1,leukocytes,USF2 IP - GM12878 cells,,,
GABPA,ASAH1,cns,GABPA IP - SK-N-SH cells,,,
KLF5,ASAH1,stomach,KLF5 IP - KATOIII,,,
JUND,ASAH1,colon,JUND IP - HCT116 cells,,,
ATF3,ASAH1,stemcells,ATF3 IP - H1 cells,,,
CUX1,ASAH1,leukocytes,CUX1 IP - GM12878 cells,,,
USF2,ASAH1,liver,USF2 IP - HepG2 cells,,,
SP1,ASAH1,liver,SP1 IP - HepG2 cells,,,
FORSK,ASAH1,liver,CEBPB IP | FORSK - HepG2 cells,,,
CREB1,ASAH1,stemcells,CREB1 IP - H1 cells,,,
YY1,ASAH1,colon,YY1 IP - HCT116 cells,,,
NFKB1,ASAH1,leukocytes,NFKB1 IP - Rep 2,,,
CTCF,ASAH1,pancreas,CTCF IP,,,
EGR1,ASAH1,stemcells,EGR1 IP - H1 cells,,,
EOMES,ASAH1,stemcells,EOMES IP - Rep 2 ,,,
ELF1,ASAH1,liver,ELF1 IP - HepG2 cells,,,
ATF2,ASAH1,stemcells,ATF2 IP - H1 cells,,,
CEBPB,ASAH2,mammarygland,CEBPB IP - MCF7 cells,,,
FOXA1,ASAH2,prostate,"PIAS1 + R1881 | FOXA1 ChIP-Seq - Rep 1, R1881 | FOXA1 ChIP-Seq - Rep 1, CON KD + R1881 | FOXA1 ChIP-Seq - Rep 1, PIAS1 + R1881 | FOXA1 ChIP-Seq - Rep 2, CON KD + R1881 | FOXA1 ChIP-Seq - Rep 2",,,
R1881,ASAH2,prostate,"PIAS1 + R1881 | FOXA1 ChIP-Seq - Rep 1, R1881 | FOXA1 ChIP-Seq - Rep 1, CON KD + R1881 | FOXA1 ChIP-Seq - Rep 1, PIAS1 + R1881 | FOXA1 ChIP-Seq - Rep 2, CON KD + R1881 | FOXA1 ChIP-Seq - Rep 2",,,
PIAS1,ASAH2,prostate,"PIAS1 + R1881 | FOXA1 ChIP-Seq - Rep 1, PIAS1 + R1881 | FOXA1 ChIP-Seq - Rep 2",,,
CREB1,ASAH2,liver,"CREB1 IP - HepG2 cells, CREB1 IP, CREB1 IP",,,
BATF,ASAH2,leukocytes,BATF IP - GM12878 cells,,,
ZEB1,ASAH2,liver,ZEB1 IP - HepG2 cells,,,
E2F3,ASAH2,colon,E2F3 IP ,,,
HOXA4,ASAH2,colon,HOXA4 IP ,,,
USF1,ASAH2,liver,USF1 IP - HepG2 cells,,,
PDX1,ASAH2,stemcells,PDX1 IP,,,
SPI1,ASAH2,leukocytes,"SPI1 IP, SPI1 IP",,,
JUN,ASAH2,vasculature,"JUN IP, JUN IP - HUVEC cells",,,
SP1,ASAH2,liver,SP1 IP - HepG2 cells,,,
FOXA1,ASAH2,stemcells,FOXA1 IP - ES D10,,,
IRF1,ASAH2,leukocytes,"IRF1 IP | IFNG - K562 cells, 30 min, IRF1 IP | IFNA1-13 - K562 cells, 6 h",,,
IFNG,ASAH2,leukocytes,"IRF1 IP | IFNG - K562 cells, 30 min",,,
CEBPB,ASAH2,stemcells,"CEBPB IP, CEBPB IP, CEBPB IP, CEBPB IP",,,
JUND,ASAH2,cns,JUND IP - SK-N-SH cells ,,,
FOXA1,ASAH2,liver,"FOXA1 IP - HepG2 cells, Rep 2, FOXA1 IP - HepG2 cells, Rep 1",,,
IRF1,ASAH2,colon,IRF1 IP ,,,
IFNA1,ASAH2,leukocytes,"IRF1 IP | IFNA1-13 - K562 cells, 6 h",,,
CEBPB,ASAH2,liver,"CEBPB ChIP-Seq - HepG2, CEBPB IP | FORSK - HepG2 cells, CEBPB IP - HepG2 cells",,,
PBX3,ASAH2,leukocytes,PBX3 IP - GM12878 cells,,,
MYBL2,ASAH2,liver,MYBL2 IP - HepG2 cells,,,
FOXA2,ASAH2,liver,FOXA2 IP - HepG2 cells,19822575,,
SIX2,ASAH2,kidney,"SIX2 IP - 17 weeks, Rep 2, SIX2 IP - 17 weeks, Rep 1, SIX2 IP -  16 weeks",,,
FOXH1,ASAH2,embryonictissue,FOXH1 IP - endoderm,,,
JUND,ASAH2,leukocytes,JUND IP - K562 cells,,,
ELF1,ASAH2,liver,ELF1 IP - HepG2 cells,,,
FORSK,ASAH2,liver,CEBPB IP | FORSK - HepG2 cells,,,
FOXA2,ASAH2,colon,FOXA2 IP ,,,
FOXP1,ASAH2,colon,FOXP1 IP ,,,
TAL1,ASAH2,colon,TAL1 IP ,,,
RELA,ASAH2,adiposetissue,RELA IP,,,
JUND,ASAH2,liver,"JUND IP - HepG2 cells, JUND IP - HepG2 cells",,,
MAX,ASAH2,liver,MAX IP - HepG2 cells,,,
JUND,ASAH2,vasculature,JUND IP,,,
TEAD4,ASAH2,liver,TEAD4 IP - HepG2 cells,,,
FOS,ASAH2,mammarygland,"FOS IP | 4HT - MCF10A cells, 4 h, FOS IP | 4HT - MCF10A cells, 12 h, FOS IP | 4HT - MCF10A cells, 36 h, FOS IP - MCF10A cells",,,
4HT,ASAH2,mammarygland,"FOS IP | 4HT - MCF10A cells, 4 h, FOS IP | 4HT - MCF10A cells, 12 h, FOS IP | 4HT - MCF10A cells, 36 h",,,
JUN,ASAH2,colon,JUN IP ,,,
GATA2,ASAH2,cns,GATA2 ChIP-Seq SH-SY5Y,,,
JUN,ASAH2,liver,JUN IP - HepG2 cells,,,
JUND,ASAH2,uterus,JUND IP - HeLa cells,,,
NFYB,ASAH2,leukocytes,NFYB IP - K562 cells,,,
YY1,ENPP7,liver,YY1 IP - HepG2 cells,,,
USF1,ENPP7,lung,"USF1 IP - A549 cells, Rep 1, USF1 IP - A549 cells, Rep 2, USF1 IP | DEX - A549 cells",,,
CTCF,ENPP7,lung,"CTCF IP - AG04450 cells, Rep 1 , CTCF IP - IMR cells, CTCF ChIP-Seq - A549, CTCF IP - A549 cells, CTCF IP - A549 cells, Rep 2 , CTCF IP | DEX - A549 cells, CTCF IP | DEX - A549 cells , CTCF IP - A549 cells ",,,
RELA,ENPP7,leukocytes,RELA IP | TNF - GM12891 cells,,,
TNF,ENPP7,leukocytes,RELA IP | TNF - GM12891 cells,,,
CTCF,ENPP7,leukocytes,"CTCF IP - GM19099 cells, Rep 2 , CTCF IP - GM19239 cells, Rep 2 , CTCF IP - GM12878 cells, Rep 1 , CTCF IP - K562 cells, Rep 14 , CTCF IP - GM12872 cells, Rep 3 , CTCF IP - GM19239 cells, Rep 1 , CTCF IP - K562 cells, CTCF IP - GM19238 cells, Rep 1 , CTCF IP - NB4 cells , CTCF IP - GM2610 cells, Rep 2 , CTCF IP - KU812 cells, Rep 5 , CTCF IP - GM12878 cells, Rep 2 , CTCF IP - GM19240 cells, Rep 2 , CTCF ChIP-Seq - GM12878, CTCF IP - K562 cells, Rep 15 , CTCF IP - HeLa cells, Rep 2 , CTCF IP - K562 cells, Rep 2 , CTCF IP -  DND , CTCF IP - GM18526 cells, Rep 2 , CTCF IP - GM12871 cells , CTCF IP - K562 cells , CTCF IP - GM12872 cells, Rep 1 , CTCF IP - GM12892 cells, Rep 1 , CTCF IP - GM2588 cells, Rep 3 , CTCF IP - MS1 cells, Rep 2 , CTCF IP - GM2630 cells, Rep 3 , CTCF IP - K562 cells, CTCF IP - GM12890 cells, Rep 3 , CTCF IP - K562 cells, CTCF IP - GM12891 cells, Rep 2 , CTCF IP - K562 cells, Rep 12 , CTCF IP - K562 cells, Rep 13 , CTCF IP - GM19240 cells, Rep 1 , CTCF IP - GM2610 cells, Rep 3 , CTCF IP - UT-7 cells, Rep 6 , CTCF IP - GM12890 cells, Rep 1 , CTCF IP - GM18486 cells, Rep 3 , CTCF IP - K562 cells, Rep 11 , CTCF IP - UT-7 cells, Rep 3 , CTCF IP - K562 cells, Rep 1 , CTCF IP - GM2630 cells, Rep 2 , CTCF IP - MS1 cells, Rep 3 , CTCF IP - GM2255 cells, Rep 2 , CTCF IP - GM12891 cells, Rep 1 , CTCF IP - MS1 cells, Rep 4 , CTCF IP - GM12873 cells, Rep 3 , CTCF IP - GM2588 cells, Rep 2 , CTCF IP - UT-7 cells, Rep 4 , CTCF IP - GM19238 cells, Rep 2 , CTCF IP - KU812 cells, Rep 1 , CTCF IP - GM2255 cells, Rep 3 , CTCF IP - K562 cells, Rep 16 , CTCF IP - GM12892 cells, Rep 2 ",,,
SP1,ENPP7,lung,SP1 IP - A549 cells,,,
CTCF,ENPP7,mammarygland,"CTCF IP - MCF-7 cells, Rep 1 , CTCF IP - HMF cells, Rep 2 , CTCF IP - MCF-7 cells Rep 2 , CTCF IP - MCF7 cells, CTCF IP - T47D cells, CTCF IP - HMF cells, Rep 1 , CTCF IP - HMEC cells, Rep 1 ",,,
CTCF,ENPP7,colon,"CTCF IP - Caco-2 cells, Rep 1 , CTCF IP - HCT116 cells, Rep 1 , CTCF IP - HCT116 cells, Rep 2 , CTCF IP - Caco , CTCF IP - HCT116 cells",,,
ZNF143,ENPP7,uterus,"ZNF143 IP - HeLa, Rep 1, ZNF143 Ip - HeLa, Rep 2, ZNF143 IP - HeLa cells",,,
GABPA,ENPP7,leukocytes,"GABPA IP - Jurkat, Rep 2, GABPA IP, GABPA IP - GM12878 cells, Rep 4 , GABPA IP - Jurkat, Rep 1, GABPA IP - K562 cells",,,
CTCF,ENPP7,vasculature,"CTCF IP - HUVEC cells, Rep 2 , CTCF IP - HPAF cells, Rep 1 , CTCF IP - HUVEC cells, Rep 1 , CTCF IP - HPAF cells, Rep 2 , CTCF IP - HUVEC cells , CTCF IP - HBMEC cells, Rep 2 , CTCF IP - HBMEC cells, Rep 1 ",,,
SPI1,ENPP7,leukocytes,"SPI1 IP - GM12891 cells, SPI1 IP - HL-60 cells, Rep 4 , SPI1 IP, SPI1 IP | RUNX1 KD, SPI1 IP, SPI1 IP - GM12878 cells, SPI1 IP, SPI1 IP, SPI1 IP, SPI1 IP, SPI1 IP - GM12878 cells, Rep 4 , SPI1 IP - HL cells, SPI1 IP, ROSI | SPI1 ChIP-Seq, SPI1 IP - K562 cells, SPI1 IP, SPI1 IP - GM12878 cells, Rep 3 , SPI1 IP, SPI1 IP - GM12878 cells, Rep 2 ",,,
FOS,ENPP7,mammarygland,"FOS IP - MCF10A cells, FOS IP | 4HT - MCF10A cells, 36 h",,,
ATF3,ENPP7,leukocytes,"ATF3 IP - K562 cells, ATF3 IP - K562 cells, ATF3 IP - GM12878 cells",,,
EGR1,ENPP7,leukocytes,EGR1 IP - K562 cells,,,
CTCF,ENPP7,liver,"CTCF IP - HepG2 cells , CTCF IP - SK-N-SH cells, CTCF IP - HepG2 cells, Rep 2 , CTCF IP - HepG2 cells, Rep 1 , CTCF IP",,,
CREB1,ENPP7,liver,"CREB1 IP, CREB1 IP, CREB1 IP, CREB1 IP - HepG2 cells",,,
CTCF,ENPP7,kidney,"CTCF IP - HEK293 cells, Rep 1 , CTCF IP - RPTEC cells, Rep 1 , CTCF IP - HRE cells, Rep 1 , CTCF IP - HEK293 cells, Rep 2 , CTCF IP - HRE cells, Rep 2 ",,,
FOXA1,ENPP7,prostate,"AR C562S OE + FOXA1 OE | FOXA1 ChIP-Seq, FOXA1 siRNA | CREB1 ChIP-Seq - Rep 2, R1881 | FOXA1 ChIP-Seq - Rep 1, WT AR OE + FOXA1 OE | FOXA1 ChIP-Seq, EtOH | FOXA1 ChIP-Seq - , AR Q640X OE + FOXA1 OE | FOXA1 ChIP-Seq, WT AR OE + FOXA1 OE | FOXA1 ChIP-Seq - high FOXA1",,,
AR,ENPP7,prostate,"AR C562S OE + FOXA1 OE | FOXA1 ChIP-Seq, WT AR OE + FOXA1 OE | FOXA1 ChIP-Seq, AR Q640X OE + FOXA1 OE | FOXA1 ChIP-Seq, WT AR OE + FOXA1 OE | FOXA1 ChIP-Seq - high FOXA1",,,
CEBPB,ENPP7,leukocytes,CEBPB IP,,,
MAX,ENPP7,liver,"MAX IP - HepG2 cells, MAX IP - MCF7 cells, MAX IP - HepG2 cells",,,
YY1,ENPP7,cns,"YY1 IP | ATRA - SK-N-SH cells, YY1 IP - SK-N-SH cells",,,
ATRA,ENPP7,cns,"YY1 IP | ATRA - SK-N-SH cells, USF1 IP | ATRA - SK-N-SH cells",,,
CREB1,ENPP7,prostate,"FOXA1 siRNA | CREB1 ChIP-Seq - Rep 2, CREB1 ChIP-Seq - LNCaP, CREB1 ChIP-Seq - LNCaP-abl, CREB1 ChIP-Seq - Rep 2",,,
USF2,ENPP7,uterus,USF2 IP - HeLa cells,,,
CTCF,ENPP7,megakaryocytelineage,"CTCF IP - MEG-01 cells, Rep 2 , CTCF IP - MEG-01 cells, Rep 4 , CTCF IP - MEG-01 cells, Rep 10 , CTCF IP - MEG-01 cells, Rep 8 , CTCF IP - MEG-01 cells, Rep 6 ",,,
ZNF143,ENPP7,kidney,ZNF143 IP - HEK293-T-rex,,,
JUND,ENPP7,cns,JUND IP - SK-N-SH cells,,,
CTCF,ENPP7,sensory,"CTCF IP - HRPEpiC cells, Rep 2 , CTCF IP - WERI-Rb-1- cells, Rep 1 , CTCF IP - HRPEpiC cells, Rep 1 , CTCF IP - WERI ",,,
YY1,ENPP7,leukocytes,"YY1 IP - GM12878 cells, YY1 IP - GM12878 cells, YY1 IP - GM12892 cells, Rep 1, YY1 IP - GM12891 cells, YY1 IP - K562 cells, Rep 2, YY1 IP - K562 cells, Rep 1, YY1 IP - K562 cells",,,
USF2,ENPP7,liver,USF2 IP - HepG2 cells,,,
STAT1,ENPP7,leukocytes,"STAT1 IP - Rep 2, STAT1 IP - Rep 3, STAT1 IP - Rep 5",,,
IFNG,ENPP7,leukocytes,"STAT1 IP - Rep 2, STAT1 IP - Rep 3, IRF1 IP - Rep 1, IRF1 IP - Rep 2, IRF1 IP - Rep 3, IRF1 IP | IFNG - K562 cells, 30 min, MYC IP | IFNG - K562 cells, 6 h, STAT1 IP - Rep 5, MYC IP | IFNG - K562 cells, 30 min",,,
TEAD4,ENPP7,colon,TEAD4 IP - HCT116 cells,,,
R1881,ENPP7,prostate,"R1881 | FOXA1 ChIP-Seq - Rep 1, GABPA IP | R1881",,,
STAT5A,ENPP7,leukocytes,"STAT5A IP - GM12878 cells, STAT5A IP - K562 cells",,,
ELF3,ENPP7,pancreas,"ELF3 IP | KLF5 KO, ELF3 IP, ELF3 IP",,,
KLF5,ENPP7,pancreas,"ELF3 IP | KLF5 KO, KLF5 IP",,,
E2F1,ENPP7,mammarygland,E2F1 IP,,,
MAFF,ENPP7,liver,MAFF IP - HepG2 cells,,,
MAX,ENPP7,vasculature,MAX IP - HUVEC cells,,,
JUN,ENPP7,mammarygland,"JUN IP - Rep 1, JUN IP - Rep 2",,,
THAP11,ENPP7,stemcells,"THAP11 IP - Rep 5 , THAP11 IP - Rep 2 , THAP11 IP - Rep 3 , THAP11 IP - Rep 1 , THAP11 IP - Rep 4 ",,,
IRF1,ENPP7,colon,IRF1 IP ,,,
CTCF,ENPP7,placenta,"CTCF IP - HVMF cells, Rep 2 , CTCF IP - HVMF cells, Rep 1 ",,,
TEAD4,ENPP7,mammarygland,"TEAD4 IP - Rep 1, TEAD4 IP - Rep 2",,,
RUNX1,ENPP7,leukocytes,SPI1 IP | RUNX1 KD,,,
FOS,ENPP7,leukocytes,"FOS IP - GM12878 cells, FOS IP - K562 cells",,,
USF2,ENPP7,leukocytes,"USF2 IP - GM12878 cells, USF2 IP - K562 cells",,,
STAT3,ENPP7,leukocytes,"STAT3 IP - SU-DHL-4, STAT3 IP - SU-DHL-2, STAT3 IP - U-2932",,,
FOXA2,ENPP7,liver,FOXA2 IP - HepG2 cells,,,
EBF1,ENPP7,leukocytes,"EBF1 IP - GM12878 cells, EBF1 IP - GM12878 cells",,,
USF1,ENPP7,leukocytes,"USF1 IP - GM12878 cells, USF1 IP - K562 cells",,,
POU2F2,ENPP7,leukocytes,POU2F2 IP - GM12878 cells,,,
MAX,ENPP7,leukocytes,"MAX IP - GM12878 cells, MAX IP - K562 cells, MAX IP - K562 cells, Rep 1, MAX IP - NB4 cells, MAX IP - K562 cells, Rep 2",,,
CTCF,ENPP7,bone,CTCF IP - Osteoblasts ,,,
ZNF143,ENPP7,leukocytes,"ZNF143 IP - K562 cells, ZNF143 IP - GM12878 cells, ZNF143 IP - K562, ZNF143 IP - HPB-ALL",,,
E2F6,ENPP7,leukocytes,"E2F6 IP - K562 cells, E2F6 IP - K562 cells",,,
E2F6,ENPP7,stemcells,E2F6 IP - H1 cells,,,
ELF1,ENPP7,liver,ELF1 IP - HepG2 cells,,,
MXI1,ENPP7,liver,MXI1 IP - HepG2 cells,,,
MAX,ENPP7,uterus,"MAX IP - HeLa cells, Rep 2, MAX IP - ECC1 cells, MAX IP - HeLa cells, Rep 1",,,
ELF1,ENPP7,lung,ELF1 IP - A549 cells,,,
TBP,ENPP7,leukocytes,TBP IP - GM12878 cells,,,
BHLHE40,ENPP7,liver,BHLHE40 IP - HepG2 cells,,,
MAFK,ENPP7,liver,"MAFK IP - HepG2 cells, Rep 1, MAFK IP - HepG2 cells, Rep 2",,,
CTCF,ENPP7,cns,"CTCF IP - BE(2)-C cells, Rep 1 , CTCF IP - spinal cord astrocyte cells, Rep 2 , CTCF IP - cerebellar astrocyte cells, Rep 2 , CTCF IP - HCPEpiC cells, Rep 1 , CTCF IP - BE(2)-C cells, Rep 2 , CTCF IP - SK-N-SH cells , CTCF IP - HCPEpiC cells, Rep 2 , CTCF IP - SK-N-SH cells, Rep 2 , CTCF IP - NHA cells , CTCF IP - SK-N-SH cells, Rep 1 , CTCF IP - spinal cord astrocyte cells, Rep 1 , CTCF IP - SK cells",,,
USF2,ENPP7,stemcells,USF2 IP - H1 cells,,,
CTCF,ENPP7,skeletalmuscle,"CTCF IP - HSMM cells, Rep 1 , CTCF IP - HSMM cells, Rep 2 ",,,
RELA,ENPP7,colon,RELA IP ,,,
ZNF76,ENPP7,kidney,ZNF76 IP | ZNF76 OE,,,
IRF1,ENPP7,leukocytes,"IRF1 IP - Rep 1, IRF1 IP - Rep 2, IRF1 IP - Rep 3, IRF1 IP | IFNA1-13 - K562 cells, 6 h, IRF1 IP | IFNG - K562 cells, 30 min",,,
TEAD4,ENPP7,stemcells,TEAD4 IP - H1 cells,,,
PDX1,ENPP7,pancreas,PDX1 IP,,,
CTCF,ENPP7,stemcells,"CTCF IP - Rep 4 , CTCF IP - Rep 6 , CTCF IP - Rep 5 , CTCF IP - Rep 1 , CTCF IP - H1 cells, CTCF IP - H1 cells ",,,
ELF1,ENPP7,colon,ELF1 IP - HCT116 cells,,,
ZBTB7A,ENPP7,liver,ZBTB7A IP - HepG2 cells,,,
NFYB,ENPP7,leukocytes,"NFYB IP - K562 cells, NFYB IP - GM12878 cells",,,
MYC,ENPP7,liver,MYC IP,,,
YY1,ENPP7,lung,YY1 IP - A549 cells,,,
USF1,ENPP7,cns,"USF1 IP | ATRA - SK-N-SH cells, USF1 IP - SK-N-SH cells",,,
USF1,ENPP7,liver,USF1 IP - HepG2 cells,,,
SRF,ENPP7,colon,SRF IP - HCT116 cells,,,
ZBTB7A,ENPP7,uterus,ZBTB7A IP - ECC1 cells,,,
CEBPB,ENPP7,liver,CEBPB ChIP-Seq - HepG2,,,
USF1,ENPP7,stemcells,USF1 IP - H1 cells,,,
SP1,ENPP7,stemcells,SP1 IP - H1 cells,,,
FOSL2,ENPP7,liver,FOSL2 IP - HepG2 cells,,,
CTCF,ENPP7,heart,CTCF IP - HCF cells ,,,
MYBL2,ENPP7,liver,MYBL2 IP - HepG2 cells,,,
MAX,ENPP7,colon,MAX IP - HCT116 cells,,,
BATF,ENPP7,leukocytes,BATF IP - GM12878 cells,,,
IFNA1,ENPP7,leukocytes,"IRF1 IP | IFNA1-13 - K562 cells, 6 h, JUN IP | IFNA1-13 - 30 min ",,,
ERG,ENPP7,prostate,DHT | ERG ChIP-Seq - 18 h,,,
DHT,ENPP7,prostate,DHT | ERG ChIP-Seq - 18 h,,,
TAL1,ENPP7,leukocytes,TAL1 IP - K562 cells,,,
SIX5,ENPP7,stemcells,SIX5 IP - H1 cells,,,
FOXA1,ENPP7,liver,"FOXA1 IP - HepG2 cells, Rep 1, FOXA1 IP - HepG2 cells, Rep 2",,,
TCF3,ENPP7,leukocytes,TCF3 IP - GM12878 cells,,,
CREB1,ENPP7,leukocytes,CREB1 IP - GM12878 cells,,,
DEX,ENPP7,lung,"CTCF IP | DEX - A549 cells, CTCF IP | DEX - A549 cells , USF1 IP | DEX - A549 cells, CREB1 IP | DEX - A549 cells",,,
MYC,ENPP7,leukocytes,"MYC IP - NB4 cells, MYC IP | IFNG - K562 cells, 6 h, MYC IP | IFNG - K562 cells, 30 min",,,
MAX,ENPP7,cns,MAX IP - SK-N-SH cells,,,
MAX,ENPP7,stemcells,"MAX IP - H1 cells, MAX IP - H1 cells",,,
TCF12,ENPP7,leukocytes,TCF12 IP - GM12878 cells,,,
GABPA,ENPP7,stemcells,GABPA IP - H1 cells,,,
YY1,ENPP7,stemcells,"YY1 IP - NT2 cells, YY1 IP - H1 cells",,,
ARID3A,ENPP7,liver,ARID3A IP - HepG2 cells,,,
BCL3,ENPP7,leukocytes,BCL3 IP - GM12878 cells,,,
NFATC1,ENPP7,leukocytes,NFATC1 IP - GM12878 cells,,,
CREB1,ENPP7,stemcells,CREB1 IP - H1 cells,,,
TP53,ENPP7,mammarygland,TP53 IP,,,
GATA1,ENPP7,leukocytes,GATA1 ChIP-Seq - SC266,,,
MAX,ENPP7,lung,"MAX IP - A549 cells, MAX IP - A549 cells",,,
MAFK,ENPP7,leukocytes,"MAFK IP - K562 cells, MAFK IP - GM12878 cells, MAFK IP - K562 cells",,,
SIX5,ENPP7,leukocytes,"SIX5 IP - K562 cells, Rep 2, SIX5 IP - K562 cells, Rep 1, SIX5 IP - GM12878 cells",,,
BHLHE40,ENPP7,leukocytes,"BHLHE40 IP - GM12878 cells, BHLHE40 IP - K562 cells",,,
TP73,ENPP7,bone,"TP73 IP - alpha isoform, Rep 1, TP73 IP - alpha isoform, Rep 2, TP73 IP - beta isoform, Rep 1, TP73 IP - beta isoform, Rep 2",,,
ELF1,ENPP7,cns,ELF1 IP - SK-N-SH cells,,,
ATF3,ENPP7,liver,ATF3 IP - HepG2 cells,,,
UBTF,ENPP7,leukocytes,UBTF IP - K562 cells,,,
ZNF263,ENPP7,kidney,ZNF263 IP - HEK293 cells,,,
CTCF,ENPP7,hspcs,"CTCF IP - HEL 92.1.7 cells, Rep 11 , CTCF IP - HEL 92.1.7 cells, Rep 8 , CTCF IP - HEL 92.1.7 cells, Rep 5 ",,,
FOXA2,ENPP7,stemcells,FOXA2 IP - ES D10,,,
FOXA1,ENPP7,pancreas,FOXA1 IP,,,
4HT,ENPP7,mammarygland,"FOS IP | 4HT - MCF10A cells, 36 h",,,
ATF3,ENPP7,stemcells,ATF3 IP - H1 cells,,,
FOSL1,ENPP7,colon,FOSL1 IP - HCT116 cells,,,
GATA4,ENPP7,stomach,GATA4 IP - AGS,,,
YY1,ENPP7,uterus,YY1 IP - ECC1 cells,,,
PBX3,ENPP7,leukocytes,PBX3 IP - GM12878 cells,,,
JUN,ENPP7,leukocytes,"JUN IP | IFNA1-13 - 30 min , JUN IP - K562 cells, Rep 1",,,
GATA2,ENPP7,cns,GATA2 ChIP-Seq SH-SY5Y,,,
NFYA,ENPP7,leukocytes,NFYA IP - K562 cells,,,
USF1,ENPP7,uterus,USF1 IP - ECC1 cells,,,
SP1,ENPP7,leukocytes,SP1 IP - GM12878 cells,,,
IRF4,ENPP7,leukocytes,IRF4 IP - GM12878 cells,,,
ROSI,ENPP7,leukocytes,ROSI | SPI1 ChIP-Seq,,,
GABPA,ENPP7,lung,GABPA IP - A549 cells,,,
MYB,ENPP7,leukocytes,"MYB IP - Jurkat, Rep 2",,,
GABPA,ENPP7,prostate,"GABPA IP - Rep 1, GABPA IP | R1881",,,
TP53,ENPP7,bone,"TP53 IP - Rep 2, TP53 IP | TP53EE/RR OE",18474530,,
USF1,ENPP7,colon,USF1 IP - HCT116 cells,,,
JUND,ENPP7,colon,JUND IP - HCT116 cells,,,
CTCF,ENPP7,skin,"CTCF IP - NHDF cells , CTCF IP - GM12878 cells, Rep 2 ",,,
TEAD4,ENPP7,leukocytes,TEAD4 IP - K562 cells,,,
REST,ENPP7,stemcells,"REST IP - H1 cells, Rep 1",,,
MAFF,ENPP7,leukocytes,MAFF IP - K562 cells,,,
CEBPA,ENPP7,leukocytes,CEBPA IP,,,
CTCF,ENPP7,uterus,CTCF IP - HeLa cells ,,,
SRF,ENPP7,stemcells,SRF IP - Rep 7 ,,,
NFYA,ENPP7,uterus,NFYA IP - HeLa cells,,,
ETS1,ENPP7,lung,ETS1 IP - A549 cells,,,
HNF1B,ENPP7,pancreas,HNF1B IP,,,
OTX2,ENPP7,stemcells,OTX2 IP - Rep 10 ,,,
SP1,ENPP7,liver,SP1 IP - HepG2 cells,,,
ZNF143,ENPP7,stemcells,ZNF143 IP - H1 cells,,,
ELF1,ENPP7,mammarygland,ELF1 IP - MCF7 cells,,,
ELK1,ENPP7,leukocytes,ELK1 IP - GM12878 cells,,,
NFYA,ENPP7,colon,NFYA IP ,,,
TCF7L2,ENPP7,mammarygland,TCF7L2 ChIP-Seq,,,
CREB1,ENPP7,lung,CREB1 IP | DEX - A549 cells,,,
JUND,ENPP7,liver,JUND IP - HepG2 cells,,,
ELF1,ENPP7,leukocytes,"ELF1 IP - SK-N-SH cells, ELF1 IP - SK-N-SH cells",,,
GABPA,ENPP7,cns,GABPA IP - SK-N-SH cells,,,
TCF12,ENPP7,lung,TCF12 IP - A549 cells,,,
EGR1,ENPP7,colon,EGR1 IP - HCT116 cells,,,
ETS1,ENPP7,leukocytes,"ETS1 IP, ETS1 IP - K562 cells, ETS1 IP - GM12878 cells",,,
GATA6,ENPP7,stomach,GATA6 IP - YCC3,,,
TEAD4,ENPP7,uterus,TEAD4 IP - ECC1 cells,,,
YY1,ENPP7,colon,YY1 IP - HCT116 cells,,,
ZNF143,ENPP7,colon,ZNF143 IP ,,,
CEBPB,ENPP7,colon,CEBPB IP - HCT116 cells,,,
NFYB,ENPP7,uterus,NFYB IP - HeLa cells,,,
HEY1,ENPP7,liver,HEY1 IP - HepG2 cells,,,
SIX5,ENPP7,lung,SIX5 IP | DEX - A549 cells,,,
ATF1,ENPP7,leukocytes,ATF1 IP - K562 cells,,,
MYC,ENPP7,mammarygland,DHT | MYC ChIP-Seq,,,
DHT,ENPP7,mammarygland,DHT | MYC ChIP-Seq,,,
MAFK,ENPP7,lung,MAFK IP - IMR cells,,,
ATF2,ENPP7,leukocytes,ATF2 IP - GM12878 cells,,,
SP1,ENPP7,colon,SP1 IP - HCT116 cells,,,
MXI1,ENPP7,leukocytes,MXI1 IP - GM12878 cells,,,
FOXA1,GALC,prostate,"FOXA1 ChIP-Seq, FOXA1 ChIP-Seq - LNCaP-abl, FOXA1 ChIP-Seq, FOXA1 siRNA | CREB1 ChIP-Seq - Rep 1, FOXA1 ChIP-Seq - Rep 1, PIAS1 + R1881 | FOXA1 ChIP-Seq - Rep 2, FOXA1 siRNA | CREB1 ChIP-Seq - Rep 2, PIAS1 + R1881 | FOXA1 ChIP-Seq - Rep 1, FOXA1 ChIP-Seq - Rep 2, CREB1 siRNA | FOXA1 ChIP-Seq - Rep 1, WT AR OE + FOXA1 OE | FOXA1 ChIP-Seq - high FOXA1, FOXA1 ChIP-Seq, DHT | FOXA1 ChIP-Seq, CREB1 siRNA | FOXA1 ChIP-Seq - Rep 2",,,
GATA3,GALC,mammarygland,"GATA3 IP - MCF7 cells, GATA3 IP - T47D cells",,,
SMAD1,GALC,hspcs,"SMAD1 IP - Rep 4, SMAD1 IP - Rep 3, SMAD1 IP - Rep 2",,,
GATA1,GALC,hspcs,"GATA1 IP - Rep 2, GATA1 IP - Rep 3, GATA1 IP - PBDE cells, Rep 1, GATA1 IP - Rep 1",,,
MAX,GALC,leukocytes,"MAX IP - K562 cells, Rep 2, MAX IP - K562 cells, MAX IP - GM12878 cells, MAX IP - NB4 cells",,,
CTCF,GALC,leukocytes,"CTCF IP - GM19239 cells, Rep 1 , CTCF IP - GM12878 cells, Rep 1 , CTCF IP - GM2255 cells, Rep 2 , CTCF IP - GM12890 cells, Rep 1 , CTCF IP - GM18486 cells, Rep 3 , CTCF IP - MS1 cells, Rep 3 , CTCF IP - K562 cells, CTCF IP - GM2255 cells, Rep 1 , CTCF IP - GM2630 cells, Rep 2 , CTCF IP - GM12891 cells, Rep 1 , CTCF IP - GM19240 cells, Rep 2 , CTCF IP - MS1 cells, Rep 4 , CTCF IP - GM12878 cells, Rep 2 , CTCF IP, CTCF IP - GM2588 cells, Rep 2 , CTCF IP - GM19238 cells, Rep 1 , CTCF ChIP-Seq - GM12878, CTCF IP - GM2610 cells, Rep 2 , CTCF IP - GM2610 cells, Rep 1 , CTCF IP - GM12892 cells, Rep 1 , CTCF IP - GM2255 cells, Rep 3 , CTCF IP - GM2588 cells, Rep 3 , CTCF IP - GM19238 cells, Rep 2 , CTCF IP - GM2630 cells, Rep 3 , CTCF IP - MS1 cells, Rep 1 , CTCF IP - K562 cells, CTCF IP - GM18486 cells, Rep 2 , CTCF IP - GM2630 cells, Rep 1 , CTCF IP - GM19240 cells, Rep 1 , CTCF IP - GM12892 cells, Rep 2 , CTCF IP - CD14+ cells , CTCF IP - MS1 cells, Rep 2 , CTCF IP - GM2610 cells, Rep 3 , CTCF IP - GM19239 cells, Rep 2 , CTCF IP - GM12891 cells, Rep 2 ",,,
FOXA2,GALC,stemcells,"FOXA2 IP - ES D7, FOXA2 IP - ES D5, FOXA2 IP - ES D2, FOXA2 IP - ES D10",,,
EGR1,GALC,liver,EGR1 IP - MCF7 cells,,,
ETS1,GALC,leukocytes,"ETS1 IP - K562 cells, ETS1 IP - GM12878 cells, ETS1 IP",,,
GATA3,GALC,cns,GATA3 IP - SK-N-SH cells,,,
KLF11,GALC,adiposetissue,"KLF11 ChIP-Seq, Rep 2, ROSI (BrAT) | KLF11 ChIP-Seq, Rep 2",,,
TCF7L2,GALC,mammarygland,TCF7L2 ChIP-Seq,,,
MXI1,GALC,lung,MXI1 IP - IMR cells,,,
YY1,GALC,cns,"YY1 IP - SK-N-SH cells, YY1 IP | ATRA - SK-N-SH cells",,,
SPI1,GALC,leukocytes,"SPI1 IP, SPI1 IP, SPI1 IP | RUNX1 KD, SPI1 IP, SPI1 IP, ROSI | SPI1 ChIP-Seq, SPI1 IP, SPI1 IP - U-937 cells, Rep 5 , SPI1 IP - U-937 cells, Rep 4 , SPI1 IP - GM12878 cells, SPI1 IP - GM12891 cells, SPI1 IP - U-937 cells, Rep 8 , SPI1 IP - U-937 cells, Rep 1 , SPI1 IP - GM12878 cells, Rep 3 , SPI1 IP, SPI1 IP - HL-60 cells, Rep 2 , SPI1 IP - U-937 cells, Rep 3 , SPI1 IP - GM12878 cells, Rep 4 , SPI1 IP - GM12878 cells, Rep 2 , SPI1 IP, SPI1 IP, SPI1 IP - K562 cells, SPI1 IP - HL-60 cells, Rep 1 , SPI1 IP - U-937 cells, Rep 6 , SPI1 IP, SPI1 IP - U-937 cells, Rep 2 , SPI1 IP, SPI1 IP - HL-60 cells, Rep 4 , SPI1 IP, SPI1 IP - U-937 cells, Rep 10 , SPI1 IP - HL cells, SPI1 IP - HL-60 cells, Rep 3 ",,,
ATF2,GALC,leukocytes,ATF2 IP - GM12878 cells,,,
BATF,GALC,leukocytes,BATF IP - GM12878 cells,,,
STAT5B,GALC,leukocytes,"STAT5B IP | H9, Rep 2, STAT5B IP | IL2 - Rep 2",,,
H9,GALC,leukocytes,"STAT5B IP | H9, Rep 2",,,
FOS,GALC,mammarygland,"FOS IP | 4HT - MCF10A cells, 12 h, FOS IP | 4HT - MCF10A cells, 4 h, FOS IP - MCF10A cells",,,
4HT,GALC,mammarygland,"FOS IP | 4HT - MCF10A cells, 12 h, FOS IP | 4HT - MCF10A cells, 4 h",,,
E2F6,GALC,leukocytes,"E2F6 IP - K562 cells, E2F6 IP - K562 cells",,,
ROSI,GALC,adiposetissue,"ROSI (BrAT) | KLF11 ChIP-Seq, Rep 2",,,
TBP,GALC,stemcells,TBP IP - H1 cells,,,
RELA,GALC,leukocytes,"RELA IP | TNF - GM19099 cells, RELA IP | BAY082  - IVD Th1 cells, PIA, RELA IP - IVD Th1 cells, PIA, RELA IP | TNF - GM15510 cells, RELA IP | TNF - GM19193 cells, RELA IP | TNF - GM18505 cells, RELA IP | TNF - GM12891 cells, RELA IP | TNF - GM10847 cells, RELA IP | TNF - GM12878 cells, RELA IP | TNF - GM12892 cells, RELA IP | TNF - GM18951 cells",,,
BAY082,GALC,leukocytes,"RELA IP | BAY082  - IVD Th1 cells, PIA",,,
CEBPB,GALC,stemcells,"CEBPB IP, CEBPB IP, CEBPB IP",,,
RUNX1,GALC,leukocytes,"SPI1 IP | RUNX1 KD, CEBPA IP | RUNX1 KD, RUNX1 IP",,,
GATA4,GALC,stemcells,GATA4 IP - Rep 1 ,,,
MYBL2,GALC,liver,MYBL2 IP - HepG2 cells,,,
TCF12,GALC,cns,TCF12 IP - SK-N-SH cells,,,
TBP,GALC,leukocytes,"TBP IP - GM12878 cells, TBP IP - K562 cells",,,
FOXA1,GALC,liver,"FOXA1 IP - HepG2 cells, Rep 1, FOXA1 IP - HepG2 cells, Rep 2",,,
CEBPB,GALC,liver,"CEBPB ChIP-Seq - HepG2, CEBPB IP | FORSK - HepG2 cells",,,
YY1,GALC,leukocytes,"YY1 IP - GM12891 cells, YY1 IP - K562 cells, Rep 2, YY1 IP - K562 cells, Rep 1, YY1 IP - K562 cells, YY1 IP - GM12878 cells, YY1 IP - GM12892 cells, Rep 1",,,
ZNF143,GALC,leukocytes,ZNF143 IP - GM12878 cells,,,
E2F6,GALC,stemcells,E2F6 IP - H1 cells,,,
TEAD4,GALC,uterus,TEAD4 IP - ECC1 cells,,,
HIF1A,GALC,bone,HIF1A IP,,,
STAT3,GALC,leukocytes,"STAT3 IP - SU-DHL-6, STAT3 IP - U-2932",,,
ROSI,GALC,leukocytes,ROSI | SPI1 ChIP-Seq,,,
GABPA,GALC,cns,GABPA IP - SK-N-SH cells,,,
TNF,GALC,leukocytes,"RELA IP | TNF - GM15510 cells, RELA IP | TNF - GM19193 cells, RELA IP | TNF - GM18505 cells, RELA IP | TNF - GM12891 cells, RELA IP | TNF - GM10847 cells, RELA IP | TNF - GM12878 cells, RELA IP | TNF - GM12892 cells, RELA IP | TNF - GM18951 cells",,,
TEAD4,GALC,leukocytes,TEAD4 IP - K562 cells,,,
TCF12,GALC,uterus,TCF12 IP - ECC1 cells,,,
USF1,GALC,stemcells,USF1 IP - H1 cells,,,
CEBPA,GALC,leukocytes,"CEBPA IP - U-937 cells, Rep 1 , CEBPA IP - U-937 cells, Rep 2 , CEBPA IP | RUNX1 KD, CEBPA IP",,,
JUND,GALC,stemcells,JUND IP - H1 cells,,,
TEAD4,GALC,liver,TEAD4 IP - HepG2 cells,,,
FOXM1,GALC,leukocytes,FOXM1 IP - GM12878 cells,,,
CREB1,GALC,lung,"CREB1 IP - A549 cells, Rep 2, CREB1 IP | DEX - A549 cells",,,
IRF1,GALC,leukocytes,"IRF1 IP - Rep 3, IRF1 IP | IFNG - K562 cells, 6 h",,,
IFNG,GALC,leukocytes,"IRF1 IP - Rep 3, STAT1 IP - Rep 5, MYC IP | IFNG - K562 cells, 30 min, STAT1 IP - Rep 1, STAT1 IP - Rep 4, STAT1 IP - Rep 3, IRF1 IP | IFNG - K562 cells, 6 h, STAT1 IP - Rep 6, MYC IP | IFNG - K562 cells, 6 h, STAT1 IP - Rep 2",,,
TP53,GALC,lung,"TP53 IP - propapoptic, Rep 1",,,
ATF3,GALC,stemcells,ATF3 IP - H1 cells,,,
ELF1,GALC,mammarygland,ELF1 IP - MCF7 cells,,,
MXI1,GALC,leukocytes,MXI1 IP - GM12878 cells,,,
MAX,GALC,lung,"MAX IP - A549 cells, MAX IP - A549 cells",,,
GATA2,GALC,cns,GATA2 ChIP-Seq SH-SY5Y,,,
USF1,GALC,cns,"USF1 IP | ATRA - SK-N-SH cells, USF1 IP - SK-N-SH cells",,,
ATRA,GALC,cns,"USF1 IP | ATRA - SK-N-SH cells, YY1 IP | ATRA - SK-N-SH cells",,,
ATF3,GALC,leukocytes,"ATF3 IP - K562 cells, ATF3 IP - GM12878 cells",,,
IL2,GALC,leukocytes,STAT5B IP | IL2 - Rep 2,,,
CREB1,GALC,prostate,"CREB1 ChIP-Seq - Rep 1, FOXA1 siRNA | CREB1 ChIP-Seq - Rep 1, FOXA1 siRNA | CREB1 ChIP-Seq - Rep 2, CREB1 siRNA | FOXA1 ChIP-Seq - Rep 1, CREB1 ChIP-Seq - Rep 2, CREB1 siRNA | FOXA1 ChIP-Seq - Rep 2, CREB1 ChIP-Seq - LNCaP-abl",,,
IRF4,GALC,leukocytes,IRF4 IP - GM12878 cells,,,
MAX,GALC,uterus,MAX IP - ECC1 cells,,,
YY1,GALC,uterus,YY1 IP - ECC1 cells,,,
YY1,GALC,stemcells,"YY1 IP - NT2 cells, YY1 IP - H1 cells",,,
MAX,GALC,stemcells,"MAX IP - H1 cells, MAX IP - H1 cells",,,
CEBPB,GALC,leukocytes,"CEBPB IP - K562 cells, CEBPB IP, CEBPB IP - HL-60 cells, Rep 2 , CEBPB IP, CEBPB IP - HL-60 cells, Rep 1 , CEBPB IP - GM12878 cells",,,
ELF1,GALC,leukocytes,"ELF1 IP - SK-N-SH cells, ELF1 IP - SK-N-SH cells",,,
SRF,GALC,uterus,SRF IP - ECC1 cells,,,
ZNF263,GALC,kidney,ZNF263 IP - HEK293 cells,,,
SP1,GALC,lung,SP1 IP - A549 cells,,,
TCF12,GALC,stemcells,TCF12 IP - H1 cells,,,
BHLHE40,GALC,leukocytes,"BHLHE40 IP - GM12878 cells, BHLHE40 IP - K562 cells",,,
CEBPB,GALC,colon,"CEBPB IP, CEBPB IP | 125DVD3",,,
ATF1,GALC,leukocytes,ATF1 IP - K562 cells,,,
STAT1,GALC,leukocytes,"STAT1 IP - Rep 5, STAT1 IP - Rep 1, STAT1 IP - Rep 4, STAT1 IP - Rep 3, STAT1 IP - Rep 6, STAT1 IP - Rep 2",,,
GABPA,GALC,leukocytes,"GABPA IP - GM12878 cells, Rep 4 , GABPA IP - GM12878 cells, Rep 2 , GABPA IP - GM12878 cells, Rep 5 , GABPA IP - K562 cells",,,
MTA3,GALC,leukocytes,MTA3 IP - GM12878 cells,,,
USF2,GALC,leukocytes,"USF2 IP - GM12878 cells, USF2 IP - K562 cells",,,
MYC,GALC,leukocytes,"MYC IP | IFNG - K562 cells, 30 min, MYC IP | IFNA1 - K562 cells, 6 h, MYC IP - K562 cells, Rep 1, MYC IP | IFNG - K562 cells, 6 h, MYC IP - K562 cells, Rep 2",,,
CREB1,GALC,leukocytes,"CREB1 IP - K562 cells, CREB1 IP - GM12878 cells",,,
CREB1,GALC,liver,"CREB1 IP, CREB1 IP - HepG2 cells",,,
NANOG,GALC,stemcells,NANOG IP - Rep 8 ,,,
PBX3,GALC,leukocytes,PBX3 IP - GM12878 cells,,,
MAZ,GALC,leukocytes,"MAZ IP - K562 cells, MAZ IP - GM12878 cells",,,
JUND,GALC,lung,JUND IP - A549 cells,,,
ETV5,GALC,colon,ETV5 IP ,,,
NFATC1,GALC,leukocytes,NFATC1 IP - GM12878 cells,,,
RUNX1,GALC,hspcs,RUNX1,,,
SIX5,GALC,stemcells,SIX5 IP - H1 cells,,,
IFNA1,GALC,leukocytes,"MYC IP | IFNA1 - K562 cells, 6 h",,,
MAX,GALC,liver,MAX IP - MCF7 cells,,,
REST,GALC,cns,"REST IP - SK-N-SH cells, REST IP - SK cells",,,
ZNF143,GALC,stemcells,ZNF143 IP - H1 cells,,,
USF1,GALC,leukocytes,"USF1 IP - K562 cells, USF1 IP - GM12878 cells",,,
GATA2,GALC,hspcs,"GATA2 IP, GATA2 IP",,,
GATA2,GALC,leukocytes,GATA2 IP - K562 cells,,,
E2F1,GALC,mammarygland,"E2F1 IP, E2F1 IP - MCF7 cells",17053090,,
125DVD3,GALC,colon,CEBPB IP | 125DVD3,,,
STAT5A,GALC,leukocytes,STAT5A IP - GM12878 cells,,,
REST,GALC,stemcells,"REST IP - H1 cells, Rep 1",,,
JUN,GALC,colon,JUN IP ,,,
MAX,GALC,vasculature,MAX IP - HUVEC cells,,,
FOXA1,GALC,mammarygland,"DHT | FOXA1 ChIP-Seq, DEX | FOXA1 ChIP-Seq - Rep 1, FOXA1 ChIP-Seq - Rep 1",,,
DHT,GALC,mammarygland,"DHT | FOXA1 ChIP-Seq, DHT | MYC ChIP-Seq",,,
SP1,GALC,liver,SP1 IP - HepG2 cells,,,
THAP1,GALC,leukocytes,THAP1 IP - K562 cells,,,
LYL1,GALC,leukocytes,LYL1 IP - Kasumi-1,,,
JUN,GALC,mammarygland,"JUN IP - Rep 2, JUN IP - Rep 1",,,
MYC,GALC,mammarygland,DHT | MYC ChIP-Seq,,,
R1881,GALC,prostate,"PIAS1 + R1881 | FOXA1 ChIP-Seq - Rep 2, PIAS1 + R1881 | FOXA1 ChIP-Seq - Rep 1",,,
PIAS1,GALC,prostate,"PIAS1 + R1881 | FOXA1 ChIP-Seq - Rep 2, PIAS1 + R1881 | FOXA1 ChIP-Seq - Rep 1",,,
SRF,GALC,mammarygland,SRF IP - MCF7 cells,,,
DEX,GALC,lung,"CREB1 IP | DEX - A549 cells, USF1 IP | DEX - A549 cells",,,
USF1,GALC,lung,"USF1 IP - A549 cells, Rep 1, USF1 IP - A549 cells, Rep 2, USF1 IP | DEX - A549 cells",,,
TEAD1,GALC,cns,"TEAD1 IP - Rep 1, TEAD1 IP - Rep 2",,,
SIX5,GALC,lung,SIX5 IP | DEX - A549 cells,,,
MAFK,GALC,liver,"MAFK IP - HepG2 cells, Rep 2",,,
REST,GALC,lung,REST IP - A549 cells,,,
EBF1,GALC,leukocytes,"EBF1 IP - GM12878 cells, EBF1 IP - GM12878 cells",,,
SIX5,GALC,leukocytes,"SIX5 IP - K562 cells, Rep 2, SIX5 IP - GM12878 cells",,,
TCF3,GALC,leukocytes,TCF3 IP - GM12878 cells,,,
SRF,GALC,liver,SRF IP - HepG2 cells,,,
EGR1,GALC,uterus,EGR1 IP - ECC1 cells,,,
FOXA2,GALC,embryonictissue,FOXA2 IP - Rep 2,,,
GATA6,GALC,stomach,"GATA6 IP - YCC3, GATA6 IP - AGS",,,
FOXM1,GALC,cns,FOXM1 IP - SK-N-SH cells,,,
SP1,GALC,leukocytes,SP1 IP - GM12878 cells,,,
FOXP1,GALC,colon,FOXP1 IP ,,,
BCL11A,GALC,leukocytes,BCL11A IP - GM12878 cells,,,
PAX5,GALC,leukocytes,"PAX5 IP - GM12891 cells, PAX5 IP - GM12878 cells, Rep 2, PAX5 IP - GM12892 cells, PAX5 IP - GM12878 cells, Rep 1",,,
HEY1,GALC,leukocytes,HEY1 IP - K562 cells,,,
GATA4,GALC,stomach,GATA4 IP - AGS,,,
CTCF,GALC,hspcs,"CTCF IP - Erythroid cells, Rep 2",,,
BCL3,GALC,leukocytes,BCL3 IP - GM12878 cells,,,
AR,GALC,prostate,WT AR OE + FOXA1 OE | FOXA1 ChIP-Seq - high FOXA1,,,
ZNF384,GALC,leukocytes,ZNF384 IP - K562 cells,,,
MEF2A,GALC,leukocytes,MEF2A IP - GM12878 cells,,,
PBX3,GALC,cns,PBX3 IP - SK-N-SH cells,,,
HMGN3,GALC,leukocytes,HMGN3 IP - K562 cells,,,
E2F6,GALC,lung,E2F6 IP - A549 cells,,,
POU2F2,GALC,leukocytes,POU2F2 IP - GM12878 cells,,,
SPI1,GALC,hspcs,SPI1 IP - Rep 2,,,
CEBPB,GALC,lung,CEBPB ChIP-Seq - IMR90,,,
USF2,GALC,stemcells,USF2 IP - H1 cells,,,
TP53,GALC,mammarygland,TP53 IP,,,
ELF1,GALC,cns,ELF1 IP - SK-N-SH cells,,,
FOSL2,GALC,mammarygland,FOSL2 IP - MCF7 cells,,,
DEX,GALC,mammarygland,DEX | FOXA1 ChIP-Seq - Rep 1,,,
MXI1,GALC,cns,MXI1 IP - SK-N-SH cells ,,,
MAX,GALC,cns,MAX IP - SK-N-SH cells,,,
MYB,GALC,leukocytes,"MYB IP - Jurkat, Rep 3, MYB IP - Jurkat, Rep 4, MYB IP - Jurkat, Rep 5, MYB IP - Jurkat, Rep 1",,,
FOXA2,GALC,liver,FOXA2 IP - HepG2 cells,,,
DHT,GALC,prostate,DHT | FOXA1 ChIP-Seq,,,
TCF12,GALC,leukocytes,TCF12 IP - GM12878 cells,,,
ZEB1,GALC,leukocytes,ZEB1 IP - GM12878 cells,,,
JUN,GALC,leukocytes,"JUN IP - K562 cells, Rep 1",,,
TEAD4,GALC,mammarygland,TEAD4 IP - Rep 1,,,
CREB1,GALC,uterus,CREB1 IP - ECC1 cells,,,
ZBTB7A,GALC,liver,ZBTB7A IP - HepG2 cells,,,
YY1,GALC,lung,YY1 IP - A549 cells,,,
USF1,GALC,uterus,USF1 IP - ECC1 cells,,,
TAL1,GALC,leukocytes,TAL1 IP - K562 cells,,,
IRF1,GALC,colon,IRF1 IP ,,,
JUND,GALC,liver,JUND IP - HepG2 cells,,,
JUND,GALC,leukocytes,JUND IP - K562 cells,,,
GABPA,GALC,liver,GABPA IP - MCF7 cells,,,
TCF21,GALC,vasculature,TCF21 IP,,,
ELF1,GALC,liver,ELF1 IP - HepG2 cells,,,
GATA1,GALC,leukocytes,GATA1 ChIP-Seq - SC266,,,
ETS1,GALC,lung,ETS1 IP - A549 cells,,,
CREB1,GALC,stemcells,CREB1 IP - H1 cells,,,
CEBPB,GALC,uterus,CEBPB ChIP-Seq - HeLaS3,,,
JUND,GALC,mammarygland,JUND IP - MCF7 cells,,,
TCF12,GALC,lung,TCF12 IP - A549 cells,,,
SRF,GALC,leukocytes,"SRF IP - GM12878 cells, Rep 2",,,
FORSK,GALC,liver,CEBPB IP | FORSK - HepG2 cells,,,
TEAD4,GALC,stemcells,TEAD4 IP - H1 cells,,,
CTCF,GBA2,leukocytes,"CTCF IP - F36P cells, Rep 13 , CTCF IP - K562 cells, CTCF IP - GM12864 cells, Rep 2 , CTCF IP - GM12234 cells, CTCF IP - GM11811 cells, Rep 1, CTCF IP - HL , CTCF IP - CD14+ cells , CTCF IP - GM2255 cells, Rep 1 , CTCF IP - GM12814 cells, Rep 2, CTCF IP - GM2610 cells, Rep 2 , CTCF IP - KU812 cells, Rep 5 , CTCF IP - GM12489 cells, Rep 1, CTCF IP - K562 cells, Rep 15 , CTCF ChIP-Seq - GM12878, CTCF IP - HL-60 cells, Rep 5 , CTCF IP - GM06990 cells, Rep 2 , CTCF IP - GM19240 cells, Rep 2 , CTCF IP - GM19238 cells, Rep 1 , CTCF IP - GM12878 cells, Rep 2 , CTCF IP - GM12874 cells, Rep 1 , CTCF IP - GM10847 cells, Rep 1 , CTCF IP -  DND , CTCF IP - GM12873 cells, Rep 1 , CTCF IP - GM12878 cells, Rep 1 , CTCF IP - GM19238 cells, Rep 2 , CTCF IP - K562 cells, Rep 12 , CTCF IP - F36P cells, Rep 2 , CTCF IP - GM12489 cells, Rep 2, CTCF IP - GM19193 cells, Rep 1 , CTCF IP - GM12867 cells , CTCF IP - GM12870 cells , CTCF IP - F36P cells, Rep 14 , CTCF IP - GM12872 cells, Rep 3 , CTCF IP - K562 cells, CTCF IP - GM2255 cells, Rep 3 , CTCF IP - GM12749 cells, Rep 1, CTCF IP - MS1 cells, Rep 2 , CTCF IP, CTCF IP - GM07346 cells, CTCF IP - K562 cells, CTCF IP - GM11994 cells, Rep 2, CTCF IP - GM12154 cells, Rep 2, CTCF IP - GM2630 cells, Rep 3 , CTCF IP - GM12890 cells, Rep 3 , CTCF IP - F36P cells, Rep 10 , CTCF IP - MS1 cells, Rep 1 , CTCF IP - GM12891 cells, Rep 2 , CTCF IP - GM12864 cells, Rep 1 , CTCF IP - GM2610 cells, Rep 3 , CTCF IP - HL-60 cells, Rep 9 , CTCF IP - K562 cells, Rep 13 , CTCF IP - GM2630 cells, Rep 1 , CTCF IP - GM19240 cells, Rep 1 , CTCF IP - GM12873 cells, Rep 3 , CTCF IP - GM12875 cells, Rep 1 , CTCF IP - UT-7 cells, Rep 6 , CTCF IP - GM12872 cells, CTCF IP - KU812 cells, Rep 13 , CTCF IP - KU812 cells, Rep 17 , CTCF IP - UT-7 cells, Rep 3 , CTCF IP - GM19099 cells, Rep 2 , CTCF IP - GM19099 cells, Rep 1 , CTCF IP - K562 cells, Rep 2 , CTCF IP - GM19239 cells, Rep 2 , CTCF IP - K562 cells, Rep 11 , CTCF IP - GM10847 cells, Rep 2 , CTCF IP - GM12871 cells , CTCF IP - GM18505 cells, Rep 1 , CTCF IP - GM12874 cells, CTCF IP - GM11831 cells, CTCF IP - UT-7 cells, Rep 5 , CTCF IP - K562 cells , CTCF IP - GM12890 cells, Rep 2 , CTCF IP - GM12878 cells, Rep 2 , CTCF IP - GM12872 cells, Rep 1 , CTCF IP - GM11994 cells, Rep 1, CTCF IP - GM12815 cells, Rep 1, CTCF IP - GM19239 cells, Rep 1 , CTCF IP - GM12878 cells, Rep 1 , CTCF IP - F36P cells, Rep 15 , CTCF IP - GM12154 cells, Rep 1, CTCF IP - GM11992 cells, Rep 2, CTCF IP - MS1 cells, Rep 3 , CTCF IP - GM18951 cells, Rep 2 , CTCF IP - GM2255 cells, Rep 2 , CTCF IP - F36P cells, Rep 6 , CTCF IP - GM12866 cells , CTCF IP - GM11992 cells, Rep 1, CTCF IP - F36P cells, Rep 5 , CTCF IP - GM12891 cells, Rep 1 , CTCF IP - UT-7 cells, Rep 4 , CTCF IP - GM2588 cells, Rep 2 , CTCF IP - MS1 cells, Rep 4 , CTCF IP - F36P cells, Rep 9 , CTCF IP - HL-60 cells, Rep 3 , CTCF IP - GM2588 cells, Rep 3 , CTCF IP - GM18486 cells, Rep 2 , CTCF IP - GM18526 cells, Rep 2 , CTCF IP - KU812 cells, Rep 1 , CTCF IP - GM18505 cells, Rep 2 , CTCF IP - GM12869 cells , CTCF IP - HL-60 cells, Rep 7 , CTCF IP - GM12865 cells, Rep 3 , CTCF IP - GM18486 cells, Rep 1 , CTCF IP - GM11811 cells, Rep 2, CTCF IP - GM18951 cells, Rep 1 , CTCF IP - KU812 cells, Rep 9 , CTCF IP - GM12865 cells, Rep 2 , CTCF IP - K562 cells, Rep 1 , CTCF IP - GM06990 cells, Rep 1 , CTCF IP - K562 cells, Rep 5 , CTCF IP - GM2610 cells, Rep 1 , CTCF IP - GM12892 cells, Rep 1 , CTCF IP - F36P cells, Rep 1 , CTCF IP - K562 cells, Rep 16 , CTCF IP - GM12878 cells , CTCF IP - GM12875 cells, Rep 2 , CTCF IP - GM12815 cells, Rep 2, CTCF IP - GM12814 cells, Rep 1, CTCF IP - F36P cells, Rep 7 , CTCF IP - K562 cells, Rep 14 , CTCF IP - GM19193 cells, Rep 2 , CTCF IP - GM18526 cells, Rep 1 , CTCF IP - HeLa cells, Rep 2 , CTCF IP - F36P cells, Rep 3 , CTCF IP - GM11894 cells, Rep 2, CTCF IP - GM11881 cells, CTCF IP - F36P cells, Rep 11 , CTCF IP -  CD20+ cells , CTCF IP - GM12892 cells, Rep 2 , CTCF IP - GM06986 cells, CTCF IP - NB4 cells , CTCF IP - GM12868 cells , CTCF IP - GM12005 cells, Rep 1, CTCF IP - GM12865 cells, Rep 1 , CTCF IP - GM12872 cells, Rep 2 , CTCF IP - GM12890 cells, Rep 1 , CTCF IP - GM18486 cells, Rep 3 , CTCF IP - GM12864 cells, Rep 3 , CTCF IP - GM12873 cells, Rep 1 , CTCF IP - GM2630 cells, Rep 2 , CTCF IP - F36P cells, Rep 17 , CTCF IP - GM12874 cells, Rep 2 , CTCF IP - GM2588 cells, Rep 1 , CTCF IP - F36P cells, Rep 19 , CTCF IP - GM12828 cells, CTCF IP - GM12005 cells, Rep 2",,,
TCF12,GBA2,uterus,TCF12 IP - ECC1 cells,,,
MAX,GBA2,uterus,"MAX IP - HeLa cells, Rep 1, MAX IP - ECC1 cells",,,
TCF12,GBA2,cns,TCF12 IP - SK-N-SH cells,,,
FOS,GBA2,vasculature,FOS IP - HUVEC cells,,,
CTCF,GBA2,heart,"CTCF IP - HCF cells , CTCF IP - myocytes cells, Rep 1 , CTCF IP - myocytes cells, Rep 2 ",,,
MYC,GBA2,mammarygland,"MYC IP - MCF-10A cells, DHT | MYC ChIP-Seq",,,
CTCF,GBA2,vasculature,"CTCF IP - AoAFC cells, Rep 2 , CTCF IP - HPAF cells, Rep 2 , CTCF IP - HUVEC cells, Rep 2 , CTCF IP - HPAF cells, Rep 1 , CTCF IP - AoAFC cells, Rep 1 , CTCF IP - HUVEC cells , CTCF IP - HBMEC cells, Rep 1 , CTCF IP - HBMEC cells, Rep 2 , CTCF IP - HUVEC cells, Rep 1 ",,,
MYBL2,GBA2,liver,MYBL2 IP - HepG2 cells,,,
MAX,GBA2,leukocytes,"MAX IP - K562 cells, Rep 2, MAX IP - NB4 cells, MAX IP - K562 cells",,,
CEBPB,GBA2,leukocytes,"CEBPB ChIP-Seq - K562, CEBPB IP - K562 cells, CEBPB IP",,,
CTCF,GBA2,mammarygland,"CTCF IP - MCF7 cells, CTCF IP - HMF cells, Rep 2 , CTCF IP - HMEC cells , CTCF IP - HMEC cells, Rep 2 , CTCF IP - HMEC cells, Rep 1 , CTCF IP - MCF-7 cells Rep 2 , CTCF IP - MCF-7 cells, Rep 1 , CTCF IP - HMF cells, Rep 1 ",,,
FOSL2,GBA2,lung,FOSL2 IP - A549 cells,,,
FOXA1,GBA2,prostate,"CON KD + R1881 | FOXA1 ChIP-Seq - Rep 1, FOXA1 siRNA | CREB1 ChIP-Seq - Rep 2, R1881 | FOXA1 ChIP-Seq - Rep 2, CON KD + R1881 | FOXA1 ChIP-Seq - Rep 2, FOXA1 KD | GATA2 ChIP-Seq, PIAS1 + R1881 | FOXA1 ChIP-Seq - Rep 2, WT AR OE + FOXA1 OE | FOXA1 ChIP-Seq - high FOXA1, PIAS1 + R1881 | FOXA1 ChIP-Seq - Rep 1, CON KD + R1881 | FOXA1 ChIP-Seq, R1881 | FOXA1 ChIP-Seq - Rep 1, FOXA1 siRNA | CREB1 ChIP-Seq - Rep 1",,,
R1881,GBA2,prostate,"CON KD + R1881 | FOXA1 ChIP-Seq - Rep 1, R1881 | FOXA1 ChIP-Seq - Rep 2, CON KD + R1881 | FOXA1 ChIP-Seq - Rep 2, PIAS1 + R1881 | FOXA1 ChIP-Seq - Rep 2, PIAS1 + R1881 | FOXA1 ChIP-Seq - Rep 1, GABPA IP | R1881, CON KD + R1881 | FOXA1 ChIP-Seq, R1881 | FOXA1 ChIP-Seq - Rep 1",,,
YY1,GBA2,leukocytes,"YY1 IP - GM12892 cells, Rep 1, YY1 IP - K562 cells, Rep 2, YY1 IP - GM12878 cells, YY1 IP - K562 cells, Rep 1, YY1 IP - GM12891 cells",,,
CTCF,GBA2,miscellaneous,"CTCF IP - AG09319 cells, Rep 2 , CTCF IP - AG09319 cells, Rep 1 ",,,
CTCF,GBA2,cns,"CTCF IP - spinal cord astrocyte cells, Rep 2 , CTCF IP - cerebellar astrocyte cells, Rep 2 , CTCF IP - SK cells, CTCF IP - cerebellar astrocyte cells, Rep 1 , CTCF IP - HCPEpiC cells, Rep 2 , CTCF IP - SK-N-SH cells, Rep 2 , CTCF IP - BE(2)-C cells, Rep 1 , CTCF IP - SK-N-SH cells , CTCF IP - BE(2)-C cells, Rep 2 , CTCF IP - HCPEpiC cells, Rep 1 , CTCF IP - NHA cells , CTCF IP - SK-N-SH cells, Rep 1 , CTCF IP - spinal cord astrocyte cells, Rep 1 ",,,
FOSL2,GBA2,liver,FOSL2 IP - HepG2 cells,,,
ELF1,GBA2,lung,ELF1 IP - A549 cells,,,
CTCF,GBA2,lung,"CTCF IP - A549 cells, CTCF IP - NHLF cells , CTCF IP - A549 cells, Rep 2 , CTCF IP - AG04450 cells, Rep 1 , CTCF ChIP-Seq - A549, CTCF IP - IMR cells, CTCF IP | DEX - A549 cells , CTCF IP | DEX - A549 cells, CTCF IP - SAEC cells, Rep 2 , CTCF IP - A549 cells , CTCF IP - HPF cells, Rep 1 , CTCF IP - A549 cells, Rep 1 , CTCF IP - SAEC cells, Rep 1 , CTCF IP - NHLF cells , CTCF IP - AG04450 cells, Rep 2 , CTCF IP - HPF cells, Rep 2 , CTCF IP - WI-38 cells, Rep 1 ",,,
GABPA,GBA2,leukocytes,"GABPA IP - GM12878 cells, Rep 4 , GABPA IP - K562 cells, GABPA IP - GM12878 cells, Rep 5 , GABPA IP - Jurkat, Rep 1, GABPA IP - GM12878 cells, Rep 3 , GABPA IP - GM12878 cells, Rep 1 , GABPA IP - HL cells, GABPA IP - GM12878 cells, Rep 2 , GABPA IP - Jurkat, Rep 2, GABPA IP - GM12878 cells",,,
SRF,GBA2,leukocytes,"SRF IP - SK-N-SH cells, SRF IP - GM12878 cells, Rep 2",,,
GABPA,GBA2,prostate,"GABPA IP - Rep 2, GABPA IP - Rep 1, GABPA IP | R1881",,,
YY1,GBA2,liver,YY1 IP - HepG2 cells,,,
REST,GBA2,stemcells,"REST IP - H1 cells, Rep 1",,,
CTCF,GBA2,skin,"CTCF IP - BJ cells, Rep 2 , CTCF IP - NHEK cells, Rep 2 , CTCF IP - NHEK cells , CTCF IP - AG04449 cells, Rep 2 , CTCF IP - BJ cells, Rep 1 , CTCF IP - GM12878 cells, Rep 2 , CTCF IP - AG10803 cells, Rep 1 , CTCF IP - HFFC cells, Rep 1 , CTCF IP - AG09309 cells, Rep 1 , CTCF IP - NHDF cells, Rep 2 , CTCF IP - AG10803 cells, Rep 2 , CTCF IP - AG04449 cells, Rep 1 , CTCF IP - NHDF cells , CTCF IP - HFFC cells, Rep 3 , CTCF IP - NHDF cells, Rep 1 , CTCF IP - HFFC cells, Rep 2 ",,,
GATA3,GBA2,cns,"GATA3 IP - SHSY5Y cells, GATA3 IP - SK-N-SH cells",,,
CTCF,GBA2,hspcs,"CTCF IP - HEL 92.1.7 cells, Rep 2 , CTCF IP - HSPCs, Rep 2, CTCF IP - HEL 92.1.7 cells, Rep 4 , CTCF IP - Erythroid cells, Rep 1, CTCF IP - HEL 92.1.7 cells, Rep 10 , CTCF IP - HEL 92.1.7 cells, Rep 11 , CTCF IP - HSPCs, Rep 1, CTCF IP - HEL 92.1.7 cells, Rep 8 , CTCF IP - HEL 92.1.7 cells, Rep 14 , CTCF IP - HEL 92.1.7 cells, Rep 5 ",,,
CTCF,GBA2,liver,"CTCF IP - SK-N-SH cells, CTCF IP - HepG2 cells , CTCF IP - HepG2 cells, Rep 1 , CTCF IP - HepG2 cells, Rep 2 , CTCF IP",,,
ELK4,GBA2,uterus,ELK4 IP - HeLa cells,,,
BATF,GBA2,leukocytes,BATF IP - GM12878 cells,,,
ERG,GBA2,prostate,"DMSO | ERG ChIP-Seq - Rep 2, JQI | ERG ChIP-Seq - Rep 1, ERG ChIP-Seq, JQI | ERG ChIP-Seq - Rep 2, DMSO | ERG ChIP-Seq - Rep 1, DHT | ERG ChIP-Seq - 18 h, ERG ChIP-Seq, DHT | ERG ChIP-Seq - 2 h",,,
USF1,GBA2,lung,USF1 IP | DEX - A549 cells,,,
DEX,GBA2,lung,"USF1 IP | DEX - A549 cells, CREB1 IP | DEX - A549 cells, CTCF IP | DEX - A549 cells , CTCF IP | DEX - A549 cells",,,
GTF2F1,GBA2,uterus,GTF2F1 IP - HeLa cells,,,
TCF7L2,GBA2,uterus,TCF7L2 IP - HeLa cells,,,
SNAI2,GBA2,stemcells,SNAI2 IP - Rep 1 ,,,
ZNF143,GBA2,leukocytes,"ZNF143 IP - K562 cells, ZNF143 IP - GM12878 cells",,,
GABPA,GBA2,stemcells,GABPA IP - H1 cells,,,
USF1,GBA2,colon,USF1 IP - HCT116 cells,,,
SRF,GBA2,stemcells,"SRF IP - Rep 6 , SRF IP - Rep 5 , SRF IP - Rep 1 , SRF IP - Rep 7 ",,,
CEBPB,GBA2,stemcells,"CEBPB IP, CEBPB IP, CEBPB IP - H1 cells, CEBPB IP, CEBPB IP, CEBPB IP",,,
MTA3,GBA2,leukocytes,MTA3 IP - GM12878 cells,,,
YY1,GBA2,cns,"YY1 IP | ATRA - SK-N-SH cells, YY1 IP - SK-N-SH cells",,,
ATRA,GBA2,cns,YY1 IP | ATRA - SK-N-SH cells,,,
SPI1,GBA2,leukocytes,"SPI1 IP - GM12878 cells, Rep 2 , SPI1 IP - HL cells, SPI1 IP, ROSI | SPI1 ChIP-Seq, SPI1 IP, SPI1 IP - GM12878 cells, Rep 3 , SPI1 IP, SPI1 IP, SPI1 IP - GM12878 cells, Rep 4 , SPI1 IP - K562 cells, SPI1 IP, SPI1 IP, SPI1 IP - GM12891 cells, SPI1 IP - GM12878 cells, SPI1 IP, SPI1 IP",,,
JUN,GBA2,colon,JUN IP ,,,
FOXA2,GBA2,stemcells,"FOXA2 IP - ES D10, FOXA2 IP - ES D7, FOXA2 IP - ES D5",,,
GABPA,GBA2,liver,"GABPA IP, GABPA IP - MCF7 cells, GABPA IP - HepG2 cells, GABPA IP, GABPA IP",,,
ELF1,GBA2,leukocytes,"ELF1 IP - SK-N-SH cells, ELF1 IP - SK-N-SH cells",,,
ZBTB7A,GBA2,liver,ZBTB7A IP - HepG2 cells,,,
RUNX1,GBA2,hspcs,RUNX1,,,
JQ1,GBA2,prostate,"JQI | ERG ChIP-Seq - Rep 1, JQI | ERG ChIP-Seq - Rep 2",,,
CTCF,GBA2,bone,CTCF IP - Osteoblasts ,,,
REST,GBA2,lung,REST IP - A549 cells,,,
E2F1,GBA2,uterus,"E2F1 IP - HeLa cells, Rep 2, E2F1 IP - HeLa cells, Rep 1",,,
CREB1,GBA2,prostate,"CREB1 ChIP-Seq - Rep 2, FOXA1 siRNA | CREB1 ChIP-Seq - Rep 2, FOXA1 siRNA | CREB1 ChIP-Seq - Rep 1, CREB1 ChIP-Seq - LNCaP, CREB1 ChIP-Seq - LNCaP-abl",,,
CTCF,GBA2,esophagus,"CTCF IP - HEEpiC cells, Rep 1 , CTCF IP - HEEpiC cells, Rep 2 ",,,
MAX,GBA2,lung,MAX IP - A549 cells,,,
SP1,GBA2,colon,SP1 IP - HCT116 cells,,,
E2F1,GBA2,prostate,"E2F1 ChIP-Seq - Rep 1, HES6 OE + BICALU | E2F1 ChIP-Seq - Rep 3, BICALU | E2F1 ChIP-Seq - Rep 1, BICALU | E2F1 ChIP-Seq - Rep 3, HES6 OE | E2F1 ChIP-Seq - Rep 3, E2F1 ChIP-Seq - Rep 3, HES6 OE | E2F1 ChIP-Seq - Rep 1, HES6 OE + BICALU | E2F1 ChIP-Seq - Rep 1, E2F1 ChIP-Seq - Rep 4",,,
MYB,GBA2,leukocytes,"MYB IP - MOLT3, MYB IP - Jurkat, Rep 4, MYB IP - Jurkat, Rep 5, MYB IP - Jurkat, Rep 2, MYB IP - Jurkat, Rep 3",,,
EGR1,GBA2,leukocytes,EGR1 IP - K562 cells,,,
POU2F2,GBA2,leukocytes,POU2F2 IP - GM12878 cells,,,
IKZF1,GBA2,leukocytes,IKZF1 IP - GM12878 cells,,,
JUND,GBA2,liver,JUND IP - HepG2 cells,,,
CTCF,GBA2,colon,"CTCF IP - Rep 2 , CTCF IP - HCT116 cells, Rep 1 , CTCF IP - Caco , CTCF IP - Rep 1 , CTCF IP - HCT116 cells, Rep 2 , CTCF IP - Caco-2 cells, Rep 1 , CTCF IP - HCT116 cells",,,
MAZ,GBA2,leukocytes,"MAZ IP - GM12878 cells, MAZ IP - K562 cells",,,
RELA,GBA2,leukocytes,"RELA IP | TNF - GM15510 cells, RELA IP | TNF - GM12891 cells, RELA IP | BAY082  - IVD Th1 cells, PIA",,,
TNF,GBA2,leukocytes,"RELA IP | TNF - GM15510 cells, RELA IP | TNF - GM12891 cells",,,
CTCF,GBA2,skeletalmuscle,"CTCF IP - HSMM cells, Rep 1 , CTCF IP - HSMM cells, Rep 2 ",,,
BICALU,GBA2,prostate,"HES6 OE + BICALU | E2F1 ChIP-Seq - Rep 3, BICALU | E2F1 ChIP-Seq - Rep 1, BICALU | E2F1 ChIP-Seq - Rep 3, HES6 OE + BICALU | E2F1 ChIP-Seq - Rep 1",,,
HES6,GBA2,prostate,"HES6 OE + BICALU | E2F1 ChIP-Seq - Rep 3, HES6 OE | E2F1 ChIP-Seq - Rep 3, HES6 OE | E2F1 ChIP-Seq - Rep 1, HES6 OE + BICALU | E2F1 ChIP-Seq - Rep 1",,,
TBP,GBA2,uterus,TBP IP - HeLa cells,,,
SMAD1,GBA2,stemcells,"SMAD1 IP - Rep 6 , SMAD1 IP - Rep 5 ",,,
MYC,GBA2,leukocytes,"MYC IP - K562 cells, Rep 1, MYC IP - NB4 cells, MYC IP | IFNG - K562 cells, 30 min, MYC IP - K562 cells, Rep 2",,,
MAZ,GBA2,uterus,MAZ IP - HeLa cells,,,
CTCF,GBA2,megakaryocytelineage,"CTCF IP - MEG-01 cells, Rep 4 , CTCF IP - MEG-01 cells, Rep 10 , CTCF IP - MEG-01 cells, Rep 8 , CTCF IP - CHRF-288-11 cells, Rep 2 , CTCF IP - MEG-01 cells, Rep 6 , CTCF IP - MEG-01 cells, Rep 2 ",,,
CTCF,GBA2,stemcells,"CTCF IP - Rep 3 , CTCF IP - Rep 6 , CTCF IP - H1 cells, CTCF IP - H1 cells , CTCF IP - Rep 5 , CTCF IP - Rep 4 , CTCF IP - Rep 1 ",,,
STAT3,GBA2,leukocytes,"STAT3 IP - SU-DHL-6, STAT3 IP - OCI-LY7",,,
DHT,GBA2,mammarygland,"DHT | MYC ChIP-Seq, DHT | FOXA1 ChIP-Seq",,,
CREB1,GBA2,lung,CREB1 IP | DEX - A549 cells,,,
MXI1,GBA2,liver,MXI1 IP - HepG2 cells,,,
CREB1,GBA2,liver,"CREB1 IP - HepG2 cells, CREB1 IP, CREB1 IP",,,
RELA,GBA2,colon,RELA IP ,,,
ELF3,GBA2,pancreas,"ELF3 IP, ELF3 IP, ELF3 IP | KLF5 KO",,,
CTCF,GBA2,kidney,"CTCF IP - HEK293 cells, Rep 1 , CTCF IP - HRE cells, Rep 1 , CTCF IP - RPTEC cells, Rep 2 , CTCF IP - HRE cells, Rep 2 , CTCF IP - RPTEC cells, Rep 1 , CTCF IP - HEK293 cells, Rep 2 ",,,
JUN,GBA2,mammarygland,"JUN IP - Rep 2, JUN IP - Rep 1",,,
REST,GBA2,cns,REST IP - SK cells,,,
NFATC1,GBA2,leukocytes,NFATC1 IP - GM12878 cells,,,
CTCF,GBA2,pancreas,CTCF IP,,,
MAX,GBA2,liver,"MAX IP - MCF7 cells, MAX IP - HepG2 cells",,,
ZNF143,GBA2,uterus,ZNF143 IP - HeLa cells,,,
CEBPB,GBA2,colon,"CEBPB IP - HCT116 cells, CEBPB IP | 125DVD3, CEBPB IP",,,
FOXM1,GBA2,leukocytes,FOXM1 IP - GM12878 cells,,,
ZNF143,GBA2,stemcells,ZNF143 IP - H1 cells,,,
E2F1,GBA2,mammarygland,"E2F1 IP, E2F1 IP - MCF7 cells",,,
HOXA4,GBA2,colon,HOXA4 IP ,,,
KLF11,GBA2,adiposetissue,"ROSI (BrAT) | KLF11 ChIP-Seq, Rep 1, KLF11 ChIP-Seq, Rep 1, ROSI (BrAT) | KLF11 ChIP-Seq, Rep 2, KLF11 ChIP-Seq, Rep 2",,,
ROSI,GBA2,adiposetissue,"ROSI (BrAT) | KLF11 ChIP-Seq, Rep 1, ROSI (BrAT) | KLF11 ChIP-Seq, Rep 2",,,
MXI1,GBA2,leukocytes,MXI1 IP - GM12878 cells,,,
ZNF263,GBA2,leukocytes,ZNF263 IP - K562 cells,,,
BCL3,GBA2,lung,BCL3 IP - A549 cells,,,
TBP,GBA2,leukocytes,"TBP IP - GM12878 cells, TBP IP - K562 cells",,,
IRF1,GBA2,leukocytes,"IRF1 IP | IFNG - K562 cells, 6 h",,,
IFNG,GBA2,leukocytes,"IRF1 IP | IFNG - K562 cells, 6 h, STAT1 IP - Rep 5, STAT1 IP - Rep 2, STAT1 IP - Rep 4, STAT1 IP - Rep 3, MYC IP | IFNG - K562 cells, 30 min",,,
125DVD3,GBA2,colon,CEBPB IP | 125DVD3,,,
ATF2,GBA2,colon,ATF2 IP ,,,
JUND,GBA2,uterus,JUND IP - HeLa cells,,,
USF1,GBA2,leukocytes,USF1 IP - K562 cells,,,
BACH1,GBA2,stemcells,BACH1 IP - H1 cells,,,
JUND,GBA2,leukocytes,JUND IP - K562 cells,,,
GABPA,GBA2,uterus,GABPA IP - HeLa cells,,,
ATF2,GBA2,leukocytes,ATF2 IP - GM12878 cells,,,
CREB1,GBA2,leukocytes,"CREB1 IP - GM12878 cells, CREB1 IP - K562 cells",,,
ELK1,GBA2,leukocytes,ELK1 IP - GM12878 cells,,,
CTCF,GBA2,placenta,"CTCF IP - HVMF cells, Rep 1 , CTCF IP - HVMF cells, Rep 2 ",,,
SRF,GBA2,colon,SRF IP - HCT116 cells,,,
MEF2A,GBA2,leukocytes,MEF2A IP - GM12878 cells,,,
ROSI,GBA2,leukocytes,ROSI | SPI1 ChIP-Seq,,,
YY1,GBA2,lung,YY1 IP - A549 cells,,,
TAL1,GBA2,leukocytes,TAL1 IP - MOLT3,,,
GLI2,GBA2,colon,GLI2 IP ,,,
SATB1,GBA2,liver,SATB1 IP,,,
CEBPB,GBA2,lung,CEBPB ChIP-Seq - IMR90,,,
PAX5,GBA2,leukocytes,"PAX5 IP - GM12878 cells, Rep 2, PAX5 IP - GM12892 cells, PAX5 IP - GM12878 cells, Rep 1",,,
CEBPA,GBA2,leukocytes,CEBPA IP,,,
SRF,GBA2,uterus,SRF IP - ECC1 cells,,,
ELF1,GBA2,cns,ELF1 IP - SK-N-SH cells,,,
CTCF,GBA2,uterus,"CTCF IP - HeLa cells, Rep 1 , CTCF IP - HeLa cells ",,,
ETV4,GBA2,prostate,ETV4 IP,,,
UBTF,GBA2,leukocytes,UBTF IP - K562 cells,,,
IRF1,GBA2,colon,IRF1 IP ,,,
GABPA,GBA2,cns,GABPA IP - SK-N-SH cells,,,
CREB1,GBA2,colon,CREB1 IP ,,,
E2F3,GBA2,colon,E2F3 IP ,,,
MAX,GBA2,stemcells,MAX IP - H1 cells,,,
FOSL1,GBA2,colon,FOSL1 IP - HCT116 cells,,,
JUND,GBA2,colon,JUND IP - HCT116 cells,,,
GATA2,GBA2,prostate,FOXA1 KD | GATA2 ChIP-Seq,,,
GATA4,GBA2,stomach,GATA4 IP - AGS,,,
TEAD4,GBA2,stemcells,TEAD4 IP - H1 cells,,,
HMGN3,GBA2,leukocytes,HMGN3 IP - K562 cells,,,
NFKB1,GBA2,leukocytes,NFKB1 IP - Rep 2,,,
MAZ,GBA2,liver,MAZ IP - HepG2 cells,,,
CTCF,GBA2,sensory,"CTCF IP - WERI , CTCF IP - WERI-Rb-1- cells, Rep 1 , CTCF IP - HRPEpiC cells, Rep 1 , CTCF IP - HRPEpiC cells, Rep 2 ",,,
REST,GBA2,leukocytes,REST IP - K562 cells,,,
BAY082,GBA2,leukocytes,"RELA IP | BAY082  - IVD Th1 cells, PIA",,,
JUNB,GBA2,colon,JUNB IP ,,,
KLF5,GBA2,pancreas,"KLF5 IP, ELF3 IP | KLF5 KO",,,
CEBPB,GBA2,uterus,CEBPB ChIP-Seq - HeLaS3,,,
GMEB2,GBA2,colon,GMEB2 IP ,,,
IRF4,GBA2,leukocytes,"IRF4 IP - GM12878 cells, IRF4 IP",,,
STAT5A,GBA2,leukocytes,STAT5A IP - GM12878 cells,,,
GATA2,GBA2,vasculature,GATA2 IP - HUVEC cells,,,
EBF1,GBA2,leukocytes,"EBF1 IP - GM12878 cells, EBF1 IP - GM12878 cells",,,
PBX3,GBA2,lung,PBX3 IP - A549 cells,,,
SRF,GBA2,liver,SRF IP - HepG2 cells,,,
PIAS1,GBA2,prostate,"PIAS1 + R1881 | FOXA1 ChIP-Seq - Rep 2, PIAS1 + R1881 | FOXA1 ChIP-Seq - Rep 1",,,
STAT1,GBA2,leukocytes,"STAT1 IP - Rep 5, STAT1 IP - Rep 2, STAT1 IP - Rep 4, STAT1 IP - Rep 3",,,
ELF1,GBA2,colon,ELF1 IP - HCT116 cells,,,
CEBPB,GBA2,liver,"CEBPB ChIP-Seq - HepG2, CEBPB IP | FORSK - HepG2 cells",,,
AR,GBA2,prostate,WT AR OE + FOXA1 OE | FOXA1 ChIP-Seq - high FOXA1,,,
ZNF83,GBA2,colon,ZNF83 IP ,,,
FOXA1,GBA2,liver,"FOXA1 IP - HepG2 cells, Rep 1, FOXA1 IP - HepG2 cells, Rep 2",,,
ELF1,GBA2,mammarygland,ELF1 IP - MCF7 cells,,,
TEAD4,GBA2,uterus,TEAD4 IP - ECC1 cells,,,
ETS1,GBA2,leukocytes,"ETS1 IP - K562 cells, ETS1 IP - GM12878 cells, ETS1 IP",,,
RUNX1,GBA2,leukocytes,RUNX1 IP,,,
ZBTB7A,GBA2,uterus,ZBTB7A IP - ECC1 cells,,,
E2F6,GBA2,lung,E2F6 IP - A549 cells,,,
ZNF263,GBA2,kidney,ZNF263 IP - HEK293 cells,,,
FOXA2,GBA2,embryonictissue,FOXA2 IP - Rep 2,,,
YY1,GBA2,stemcells,"YY1 IP - H1 cells, YY1 IP - NT2 cells",,,
TP53,GBA2,mammarygland,TP53 IP,,,
JUND,GBA2,stemcells,"JUND IP - H1 cells, JUND IP - H1 cells",,,
SP1,GBA2,lung,SP1 IP - A549 cells,,,
FOXA2,GBA2,liver,FOXA2 IP - HepG2 cells,,,
CTCF,GBA2,adiposetissue,"CTCF ChIP-Seq - d 9, CTCF ChIP-Seq - d -2, CTCF ChIP-Seq - d 0",,,
GTF2B,GBA2,uterus,GTF2B IP - Rep 2,,,
TCF12,GBA2,stemcells,TCF12 IP - H1 cells,,,
TAL1,GBA2,colon,TAL1 IP ,,,
YY1,GBA2,uterus,YY1 IP - ECC1 cells,,,
JUND,GBA2,mammarygland,JUND IP - MCF7 cells,,,
MXI1,GBA2,cns,MXI1 IP - SK-N-SH cells ,,,
E2F6,GBA2,leukocytes,E2F6 IP - K562 cells,,,
E2F6,GBA2,stemcells,E2F6 IP - H1 cells,,,
FOSL2,GBA2,cns,FOSL2 IP - SK-N-SH cells,,,
TCF7L2,GBA2,mammarygland,TCF7L2 ChIP-Seq,,,
ZBTB7A,GBA2,leukocytes,ZBTB7A IP - SK-N-SH cells,,,
JUN,GBA2,vasculature,JUN IP - HUVEC cells,,,
BHLHE40,GBA2,leukocytes,"BHLHE40 IP - K562 cells, BHLHE40 IP - GM12878 cells",,,
GATA6,GBA2,stomach,"GATA6 IP - AGS, GATA6 IP - YCC3",,,
GABPA,GBA2,lung,GABPA IP - A549 cells,,,
HEY1,GBA2,liver,HEY1 IP - HepG2 cells,,,
FOXA2,GBA2,lung,FOXA2 IP - A549 cells,,,
SP1,GBA2,leukocytes,SP1 IP - GM12878 cells,,,
TBP,GBA2,stemcells,TBP IP - H1 cells,,,
GATA2,GBA2,hspcs,GATA2 IP,,,
TCF3,GBA2,leukocytes,TCF3 IP - GM12878 cells,,,
ELK1,GBA2,uterus,ELK1 IP - HeLa cells,,,
ZEB1,GBA2,liver,ZEB1 IP - HepG2 cells,,,
YY1,GBA2,colon,YY1 IP - HCT116 cells,,,
BCL3,GBA2,leukocytes,BCL3 IP - GM12878 cells,,,
CREB1,GBA2,stemcells,CREB1 IP - H1 cells,,,
HOXA6,GBA2,colon,HOXA6 IP ,,,
THAP1,GBA2,leukocytes,THAP1 IP - K562 cells,,,
JUND,GBA2,lung,JUND IP - A549 cells,,,
MAZ,GBA2,lung,MAZ IP - IMR cells,,,
HEY1,GBA2,leukocytes,HEY1 IP - K562 cells,,,
FORSK,GBA2,liver,CEBPB IP | FORSK - HepG2 cells,,,
DHT,GBA2,prostate,"DHT | ERG ChIP-Seq - 18 h, DHT | ERG ChIP-Seq - 2 h",,,
EGR1,GBA2,colon,EGR1 IP - HCT116 cells,,,
ATF2,GBA2,stemcells,ATF2 IP - H1 cells,,,
SMAD1,GBA2,hspcs,SMAD1 IP - Rep 3,,,
TP53,GBA2,lung,"TP53 IP - propapoptic, Rep 1",,,
MAX,GBA2,cns,MAX IP - SK-N-SH cells,,,
FOXM1,GBA2,mammarygland,FOXM1 IP | THSP - DS006,,,
TBP,GBA2,liver,TBP IP - HepG2 cells,,,
TCF12,GBA2,lung,TCF12 IP - A549 cells,,,
REST,GBA2,liver,"REST IP - HepG2 cells, Rep 1",,,
TCF12,GBA2,leukocytes,TCF12 IP - GM12878 cells,,,
MYC,GBA2,colon,MYC IP - DTT,,,
SRF,GBA2,mammarygland,SRF IP - MCF7 cells,,,
ZEB1,GBA2,leukocytes,ZEB1 IP - GM12878 cells,,,
PBX3,GBA2,cns,PBX3 IP - SK-N-SH cells,,,
ELF1,GBA2,liver,ELF1 IP - HepG2 cells,,,
GATA2,GBA2,cns,GATA2 ChIP-Seq SH-SY5Y,,,
FOXA1,GBA2,mammarygland,DHT | FOXA1 ChIP-Seq,,,
ATF3,GBA2,colon,ATF3 IP | CAMPTO,,,
MAX,GBA2,colon,MAX IP - HCT116 cells,,,
CTCF,GBA,leukocytes,"CTCF IP - GM12869 cells , CTCF IP - GM18486 cells, Rep 3 , CTCF IP - K562 cells, Rep 1 , CTCF IP - GM12865 cells, Rep 3 , CTCF IP - KU812 cells, Rep 13 , CTCF IP - GM10847 cells, Rep 3 , CTCF IP - UT-7 cells, Rep 3 , CTCF IP - K562 cells, Rep 3 , CTCF IP - GM2588 cells, Rep 1 , CTCF IP - UT-7 cells, Rep 5 , CTCF IP - GM12890 cells, Rep 1 , CTCF IP - K562 cells, Rep 7 , CTCF IP - GM06990 cells, Rep 1 , CTCF IP - GM12815 cells, Rep 1, CTCF IP - GM2588 cells, Rep 2 , CTCF IP - UT-7 cells, Rep 4 , CTCF IP - KU812 cells, Rep 19 , CTCF IP -  GM07357 cells, Rep 1, CTCF IP - GM2630 cells, Rep 2 , CTCF IP - MS1 cells, Rep 3 , CTCF IP - K562 cells, Rep 8 , CTCF IP - GM12874 cells, CTCF IP - GM12891 cells, Rep 1 , CTCF IP - MS1 cells, Rep 4 , CTCF IP - F36P cells, Rep 5 , CTCF IP - F36P cells, Rep 1 , CTCF IP - GM19238 cells, Rep 2 , CTCF IP - UT-7 cells, Rep 1 , CTCF IP - GM12868 cells , CTCF IP - HL-60 cells, Rep 7 , CTCF IP - UT-7 cells, Rep 2 , CTCF IP - U-937 cells, Rep 1 , CTCF IP - KU812 cells, Rep 9 , CTCF IP - GM10847 cells, Rep 1 , CTCF IP - GM11894 cells, Rep 1, CTCF IP - GM06986 cells, CTCF IP - K562 cells, Rep 16 , CTCF IP - GM11918 cells, Rep 1, CTCF IP - GM19193 cells, Rep 1 , CTCF IP - GM12006 cells, Rep 1, CTCF IP - GM12892 cells, Rep 2 , CTCF IP - F36P cells, Rep 3 , CTCF IP - GM12866 cells , CTCF IP - GM12828 cells, CTCF IP - K562 cells, CTCF IP - GM19239 cells, Rep 2 , CTCF IP - F36P cells, Rep 19 , CTCF IP - GM12878 cells, Rep 1 , CTCF IP - GM18505 cells, Rep 1 , CTCF IP - GM11894 cells, Rep 2, CTCF IP - GM12891 cells, Rep 2 , CTCF IP - GM12005 cells, Rep 2, CTCF IP - GM12878 cells, Rep 1 , CTCF IP - GM12870 cells , CTCF IP - GM12872 cells, Rep 3 , CTCF IP - GM19099 cells, Rep 2 , CTCF IP - GM11811 cells, Rep 1, CTCF IP - GM19238 cells, Rep 1 , CTCF IP - GM2255 cells, Rep 1 , CTCF IP - GM12234 cells, CTCF IP - F36P cells, Rep 13 , CTCF IP - GM12875 cells, Rep 2 , CTCF IP - GM10847 cells, Rep 2 , CTCF IP - GM19240 cells, Rep 2 , CTCF IP - KU812 cells, Rep 18 , CTCF IP - GM12814 cells, Rep 2, CTCF IP - HeLa cells, Rep 2 , CTCF IP - K562 cells, Rep 15 , CTCF IP - GM12006 cells, Rep 2, CTCF IP - KU812 cells, Rep 10 , CTCF IP - GM18486 cells, Rep 1 , CTCF IP - GM06990 cells, Rep 2 , CTCF IP - K562 cells, Rep 6 , CTCF IP - GM12489 cells, Rep 1, CTCF IP - GM12892 cells, Rep 1 , CTCF IP - GM12878 cells, Rep 2 , CTCF IP - GM12871 cells , CTCF IP - GM2610 cells, Rep 1 , CTCF IP - GM12749 cells, Rep 1, CTCF IP - GM2588 cells, Rep 3 , CTCF IP - GM2630 cells, Rep 3 , CTCF IP - UT-7 cells, Rep 6 , CTCF IP - HL , CTCF IP - GM12890 cells, Rep 3 , CTCF IP - K562 cells, CTCF IP - GM11994 cells, Rep 2, CTCF IP - K562 cells, Rep 12 , CTCF IP - HL-60 cells, Rep 9 , CTCF IP - GM2630 cells, Rep 1 , CTCF IP - GM12489 cells, Rep 2, CTCF IP -  DND , CTCF IP - MS1 cells, Rep 2 , CTCF IP - KU812 cells, Rep 3 , CTCF IP - GM12801 cells , CTCF IP - GM12873 cells, Rep 3 , CTCF IP - GM12872 cells, CTCF IP - GM11831 cells, CTCF IP - HL-60 cells, Rep 4 , CTCF IP - KU812 cells, Rep 17 , CTCF IP - GM12154 cells, Rep 2, CTCF IP - GM11994 cells, Rep 1, CTCF IP - K562 cells, Rep 10 , CTCF IP - F36P cells, Rep 15 , CTCF IP - GM12865 cells, Rep 2 , CTCF IP, CTCF IP - K562 cells, Rep 4 , CTCF IP - F36P cells, Rep 9 , CTCF IP - KU812 cells, Rep 14 , CTCF IP - GM11992 cells, Rep 2, CTCF IP - GM12875 cells, Rep 1 , CTCF IP - K562 cells, Rep 11 , CTCF IP - HL-60 cells, Rep 3 , CTCF IP - GM2255 cells, Rep 2 , CTCF IP - GM11992 cells, Rep 1, CTCF IP - F36P cells, Rep 6 , CTCF IP - U-937 cells, Rep 2 , CTCF IP - GM12864 cells, Rep 1 , CTCF IP - GM12154 cells, Rep 1, CTCF IP - K562 cells, Rep 5 , CTCF IP - HL-60 cells, Rep 2 , CTCF IP - GM12872 cells, Rep 2 , CTCF IP - GM12873 cells, Rep 1 , CTCF IP - GM11811 cells, Rep 2, CTCF IP - GM2610 cells, Rep 2 , CTCF IP - KU812 cells, Rep 15 , CTCF IP - GM12865 cells, Rep 1 , CTCF IP - GM12864 cells, Rep 3 , CTCF IP - GM2255 cells, Rep 3 , CTCF IP - KU812 cells, Rep 7 , CTCF IP - K562 cells, Rep 2 , CTCF IP - GM12874 cells, Rep 2 , CTCF IP - HL-60 cells, Rep 1 , CTCF IP - GM12815 cells, Rep 2, CTCF IP - F36P cells, Rep 7 , CTCF IP - GM18526 cells, Rep 1 , CTCF IP - K562 cells, Rep 1 , CTCF IP - GM12814 cells, Rep 1, CTCF IP - GM19193 cells, Rep 2 , CTCF IP - KU812 cells, Rep 1 , CTCF IP - K562 cells, Rep 9 , CTCF IP - GM11881 cells, CTCF IP - F36P cells, Rep 11 , CTCF IP -  CD20+ cells , CTCF IP - GM19099 cells, Rep 1 , CTCF IP - GM12005 cells, Rep 1, CTCF IP - F36P cells, Rep 18 , CTCF IP - K562 cells, Rep 14 , CTCF IP - GM19239 cells, Rep 1 , CTCF IP - GM12873 cells, Rep 1 , CTCF IP - GM12155 cells, Rep 2, CTCF IP - GM12867 cells , CTCF IP - GM12878 cells , CTCF IP - F36P cells, Rep 17 , CTCF IP - KU812 cells, Rep 6 , CTCF IP - GM12890 cells, Rep 2 , CTCF IP - GM11832 cells, Rep 2, CTCF IP - HL-60 cells, Rep 5 , CTCF ChIP-Seq - GM12878, CTCF IP - NB4 cells , CTCF IP - GM12878 cells, Rep 2 , CTCF IP - KU812 cells, Rep 5 , CTCF IP - GM11832 cells, Rep 1, CTCF IP - GM12749 cells, Rep 2, CTCF IP - GM18505 cells, Rep 2 , CTCF IP - GM12287 cells, Rep 2, CTCF IP - GM11918 cells, Rep 2, CTCF IP - GM18486 cells, Rep 2 , CTCF IP - K562 cells, Rep 2 , CTCF IP - GM12872 cells, Rep 1 , CTCF IP - GM07037 cells, CTCF IP - GM12287 cells, Rep 1, CTCF IP - GM18951 cells, Rep 2 , CTCF IP - K562 cells , CTCF IP - F36P cells, Rep 14 , CTCF IP - GM18526 cells, Rep 2 , CTCF IP - K562 cells, CTCF IP - F36P cells, Rep 10 , CTCF IP - GM12864 cells, Rep 2 , CTCF IP - K562 cells, Rep 13 , CTCF IP - MS1 cells, Rep 1 , CTCF IP - GM18951 cells, Rep 1 , CTCF IP - CD14+ cells , CTCF IP - GM12874 cells, Rep 1 , CTCF IP - GM19240 cells, Rep 1 , CTCF IP - F36P cells, Rep 2 , CTCF IP - GM07346 cells, CTCF IP - GM12155 cells, Rep 1, CTCF IP - GM2610 cells, Rep 3 ",,,
GATA2,GBA,prostate,"GATA2 ChIP-Seq - Rep 1, GATA2 ChIP-Seq - Rep 2, GATA2 ChIP-Seq, GATA2 KD + R1881 | FOXA1 ChIP-Seq, GATA2 KD  | FOXA1 ChIP-Seq",,,
CTCF,GBA,colon,"CTCF IP - HCT116 cells, CTCF IP - Caco , CTCF IP - Rep 2 , CTCF IP - Rep 1 , CTCF IP - Caco-2 cells, Rep 1 , CTCF IP - Rep 3 , CTCF IP - HCT116 cells, Rep 2 , CTCF IP - HCT116 cells, Rep 1 ",,,
MTA3,GBA,leukocytes,MTA3 IP - GM12878 cells,,,
CTCF,GBA,lung,"CTCF IP - A549 cells , CTCF IP - SAEC cells, Rep 2 , CTCF IP - WI-38 cells, Rep 1 , CTCF IP - HPF cells, Rep 1 , CTCF ChIP-Seq - A549, CTCF IP - A549 cells, CTCF IP - IMR cells, CTCF IP - A549 cells, Rep 2 , CTCF IP - NHLF cells , CTCF IP - SAEC cells, Rep 1 , CTCF IP | DEX - A549 cells , CTCF IP - WI-38 cells, Rep 2 , CTCF IP - A549 cells, Rep 1 , CTCF IP - HPF cells, Rep 2 , CTCF IP - AG04450 cells, Rep 1 , CTCF IP - AG04450 cells, Rep 2 , CTCF IP | DEX - A549 cells, CTCF IP - NHLF cells ",,,
MYC,GBA,mammarygland,"DHT | MYC ChIP-Seq, MYC IP - MCF-10A cells, MYC IP | 4HT - MCF10A cells, MYC IP",,,
DHT,GBA,mammarygland,"DHT | MYC ChIP-Seq, DHT | TCF7L2 ChIP-Seq, DHT | FOXA1 ChIP-Seq",,,
TP53,GBA,bone,"TP53 IP | TP53RR OE, TP53 IP | TP53EE OE, TP53 IP, TP53 IP - Rep 1, TP53 IP | TP53EE/RR OE, TP53 IP - SJSA1, TP53 IP | TP53 OE, TP53 IP - Rep 2, TP53 IP | NUTL3 - SJSA-1",,,
NFYA,GBA,uterus,NFYA IP - HeLa cells,,,
JUND,GBA,colon,JUND IP - HCT116 cells,,,
JUN,GBA,uterus,JUN IP - HeLa cells,,,
CTCF,GBA,skin,"CTCF IP - AG09309 cells, Rep 1 , CTCF IP - NHDF cells , CTCF IP - HFFC cells, Rep 1 , CTCF IP - NHDF cells, Rep 1 , CTCF IP - HFFC cells, Rep 2 , CTCF IP - HFFC cells, Rep 3 , CTCF IP - NHDF cells, Rep 2 , CTCF IP - GM12878 cells, Rep 2 , CTCF IP - AG09309 cells, Rep 2 , CTCF IP - AG04449 cells, Rep 1 , CTCF IP - BJ cells, Rep 2 , CTCF IP - NHEK cells , CTCF IP - BJ cells, Rep 1 , CTCF IP - AG10803 cells, Rep 1 , CTCF IP - AG10803 cells, Rep 2 , CTCF IP - AG04449 cells, Rep 2 , CTCF IP - NHEK cells, Rep 2 ",,,
JUND,GBA,leukocytes,"JUND IP - GM12878 cells, Rep 1 , JUND IP - K562 cells, JUND IP - GM12878 cells, Rep 2",,,
E2F4,GBA,leukocytes,"E2F4 IP - GM12878 cells, E2F4 IP - K562 cells",,,
YY1,GBA,liver,YY1 IP - HepG2 cells,,,
FOXA1,GBA,prostate,"CON KD | FOXA1 ChIP-Seq, FOXA1 ChIP-Seq - Rep 2, CREB1 siRNA | FOXA1 ChIP-Seq - Rep 1, DHT | FOXA1 ChIP-Seq, CON KD | FOXA1 ChIP-Seq, CREB1 siRNA | FOXA1 ChIP-Seq - Rep 2, FOXA1 siRNA | CREB1 ChIP-Seq - Rep 2, R1881 | FOXA1 ChIP-Seq - Rep 1, FOXA1 ChIP-Seq - LNCaP-abl, CON KD | FOXA1 ChIP-Seq, GATA2 KD + R1881 | FOXA1 ChIP-Seq, FOXA1 siRNA | CREB1 ChIP-Seq - Rep 1, FOXA1 ChIP-Seq, EtOH | FOXA1 ChIP-Seq - Rep 2, AR C562S OE + FOXA1 OE | FOXA1 ChIP-Seq, CON KD + R1881 | FOXA1 ChIP-Seq, GATA2 KD  | FOXA1 ChIP-Seq, CON KD  | FOXA1 ChIP-Seq, FOXA1 ChIP-Seq - Rep 1",,,
SPI1,GBA,leukocytes,"SPI1 IP - U-937 cells, Rep 10 , SPI1 IP - GM12891 cells, SPI1 IP, SPI1 IP - U-937 cells, Rep 4 , SPI1 IP - U-937 cells, Rep 8 , SPI1 IP - GM12878 cells, SPI1 IP, SPI1 IP - HL cells, SPI1 IP, SPI1 IP - GM12878 cells, Rep 5 , ROSI | SPI1 ChIP-Seq, SPI1 IP - U-937 cells, Rep 5 , SPI1 IP, SPI1 IP - U-937 cells, Rep 1 , SPI1 IP - GM12878 cells, Rep 2 , SPI1 IP - U-937 cells, Rep 6 , SPI1 IP - U-937 cells, Rep 2 , SPI1 IP - HL-60 cells, Rep 4 , SPI1 IP - HL-60 cells, Rep 3 , SPI1 IP, SPI1 IP - U-937 cells, Rep 3 , SPI1 IP - GM12878 cells, Rep 4 , SPI1 IP | RUNX1 KD, SPI1 IP, SPI1 IP, SPI1 IP - K562 cells, SPI1 IP, SPI1 IP - GM12878 cells, Rep 3 , SPI1 IP, SPI1 IP - GM12878 cells, Rep 1 , SPI1 IP, SPI1 IP, SPI1 IP",,,
JUND,GBA,liver,"JUND IP - HepG2 cells, JUND IP - HepG2 cells",,,
HIF1A,GBA,vasculature,"HIF1A IP, HIF1A IP",,,
STAT5B,GBA,leukocytes,"STAT5B IP | H9RET, Rep 2, STAT5B IP | H9, Rep 2, STAT5B IP | IL2 - Rep 2",,,
H9RET,GBA,leukocytes,"STAT5B IP | H9RET, Rep 2",,,
RUNX1,GBA,leukocytes,"RUNX1 IP, SPI1 IP | RUNX1 KD, RUNX1 IP",,,
REST,GBA,colon,"REST IP , REST IP - HCT116 cells",,,
NFYA,GBA,leukocytes,"NFYA IP - GM12878 cells, NFYA IP - K562 cells",,,
ZNF143,GBA,colon,ZNF143 IP ,,,
PAX5,GBA,leukocytes,"PAX5 IP - GM12878 cells, Rep 2, PAX5 IP - GM12891 cells, PAX5 IP - GM12892 cells, PAX5 IP - GM12878 cells, Rep 1",,,
TEAD1,GBA,cns,TEAD1 IP - Rep 1,,,
CREB1,GBA,prostate,"CREB1 siRNA | FOXA1 ChIP-Seq - Rep 1, CREB1 ChIP-Seq - Rep 1, CREB1 siRNA | FOXA1 ChIP-Seq - Rep 2, FOXA1 siRNA | CREB1 ChIP-Seq - Rep 2, FOXA1 siRNA | CREB1 ChIP-Seq - Rep 1, CREB1 ChIP-Seq - LNCaP, CREB1 ChIP-Seq - Rep 2, CREB1 ChIP-Seq - LNCaP-abl",,,
GATA3,GBA,cns,GATA3 IP - SK-N-SH cells,,,
IRF1,GBA,leukocytes,"IRF1 IP | IFNG - K562 cells, 30 min, IRF1 IP - Rep 3, IRF1 IP | IFNG - K562 cells, 6 h, IRF1 IP | IFNA1-13 - K562 cells, 6 h, IRF1 IP - Rep 2",,,
IFNG,GBA,leukocytes,"IRF1 IP | IFNG - K562 cells, 30 min, STAT1 IP - Rep 1, STAT1 IP - Rep 4, STAT1 IP - Rep 6, IRF1 IP - Rep 3, STAT1 IP | IFNG - K562 cells, 6 h, STAT1 IP | IFNG - K562 cells, 30 min, IRF1 IP | IFNG - K562 cells, 6 h, STAT1 IP - Rep 5, STAT1 IP - Rep 2, STAT1 IP - Rep 3, MYC IP | IFNG - K562 cells, 6 h, JUN IP | IFNG - K562 cells, 30 min, IRF1 IP - Rep 2, MYC IP | IFNG - K562 cells, 30 min",,,
CTCF,GBA,cns,"CTCF IP - BE(2)-C cells, Rep 2 , CTCF IP - SK-N-SH cells , CTCF IP - SK-N-SH cells, Rep 2 , CTCF IP - HCPEpiC cells, Rep 2 , CTCF IP - NHA cells , CTCF IP - SK-N-SH cells, Rep 1 , CTCF IP - SK cells, CTCF IP - spinal cord astrocyte cells, Rep 1 , CTCF IP - HCPEpiC cells, Rep 1 , CTCF IP - cerebellar astrocyte cells, Rep 1 , CTCF IP - cerebellar astrocyte cells, Rep 2 , CTCF IP - BE(2)-C cells, Rep 1 , CTCF IP - spinal cord astrocyte cells, Rep 2 ",,,
FOXM1,GBA,mammarygland,"FOXM1 IP | THSP - DS018, FOXM1 IP - DS017, FOXM1 IP | THSP - DS006, FOXM1 IP - DS007, FOXM1 IP - MCF7 cells, FOXM1 IP - DS005, FOXM1 IP | THSP - DS008",,,
CTCF,GBA,sensory,"CTCF IP - HRPEpiC cells, Rep 1 , CTCF IP - WERI , CTCF IP - WERI-Rb-1- cells, Rep 1 , CTCF IP - HRPEpiC cells, Rep 2 ",,,
FOXA1,GBA,mammarygland,"DEX | FOXA1 ChIP-Seq - Rep 2, FOXA1 ChIP-Seq - Rep 1, 17BE2 | FOXA1 ChIP-Seq - Rep 2, 17BE2 | FOXA1 ChIP-Seq - Rep 2, FOXA1 ChIP-Seq - Rep 2, FOXA1 ChIP-Seq - Rep 1, 17BE2 | FOXA1 ChIP-Seq - Rep 1, 17BE2 | FOXA1 ChIP-Seq - Rep 1, DEX | FOXA1 ChIP-Seq - Rep 1, FOXA1 IP - T47D cells, FOXA1 ChIP-Seq - Rep 2, DEX | FOXA1 ChIP-Seq - Rep 2, FOXA1 ChIP-Seq - Rep 2, DEX | FOXA1 ChIP-Seq - Rep 1, DHT | FOXA1 ChIP-Seq, DEX | FOXA1 ChIP-Seq - Rep 2",,,
DEX,GBA,mammarygland,"DEX | FOXA1 ChIP-Seq - Rep 2, DEX | FOXA1 ChIP-Seq - Rep 1, DEX | FOXA1 ChIP-Seq - Rep 2, DEX | FOXA1 ChIP-Seq - Rep 1, DEX | FOXA1 ChIP-Seq - Rep 2",,,
SIX5,GBA,leukocytes,"SIX5 IP - K562 cells, Rep 2, SIX5 IP - GM12878 cells, SIX5 IP - K562 cells, Rep 1",,,
GABPA,GBA,uterus,GABPA IP - HeLa cells,,,
GTF2B,GBA,uterus,"GTF2B IP - Rep 3, GTF2B IP - Rep 2",,,
RELA,GBA,leukocytes,"RELA IP | TNF - GM12878 cells, RELA IP - IVD Th1 cells, PIA, RELA IP | TNF - GM19099 cells, RELA IP | TNF - GM12892 cells, RELA IP | BAY082  - IVD Th1 cells, PIA, RELA IP | TNF - GM15510 cells, RELA IP | TNF - GM19193 cells, RELA IP | TNF - GM12891 cells, RELA IP | TNF - GM18526 cells, RELA IP | TNF - GM18951 cells, RELA IP | TNF - GM18505 cells, RELA IP | TNF - GM10847 cells",,,
TNF,GBA,leukocytes,"RELA IP | TNF - GM12878 cells, RELA IP | TNF - GM12892 cells, RELA IP | TNF - GM15510 cells, RELA IP | TNF - GM19193 cells, RELA IP | TNF - GM12891 cells, RELA IP | TNF - GM18526 cells, RELA IP | TNF - GM18951 cells, RELA IP | TNF - GM18505 cells, RELA IP | TNF - GM10847 cells",,,
RUNX1T1,GBA,leukocytes,RUNX1T1 IP,,,
SMAD1,GBA,hspcs,"SMAD1 IP - Rep 2, SMAD1 IP - Rep 3",,,
CEBPB,GBA,mammarygland,CEBPB IP - MCF7 cells,,,
JUND,GBA,mammarygland,"JUND IP - T47D cells, JUND IP - MCF7 cells",,,
MAX,GBA,leukocytes,"MAX IP - K562 cells, MAX IP - K562 cells, Rep 1, MAX IP - NB4 cells, MAX IP - K562 cells, Rep 2, MAX IP - GM12878 cells",,,
CTCF,GBA,hspcs,"CTCF IP - HEL 92.1.7 cells, Rep 11 , CTCF IP - HEL 92.1.7 cells, Rep 1 , CTCF IP - HEL 92.1.7 cells, Rep 8 , CTCF IP - HEL 92.1.7 cells, Rep 7 , CTCF IP - HEL 92.1.7 cells, Rep 2 , CTCF IP - HSPCs, Rep 2, CTCF IP - HEL 92.1.7 cells, Rep 10 , CTCF IP - Erythroid cells, Rep 1, CTCF IP - HSPCs, Rep 1, CTCF IP - HEL 92.1.7 cells, Rep 14 , CTCF IP - HEL 92.1.7 cells, Rep 5 , CTCF IP - Erythroid cells, Rep 2, CTCF IP - HEL 92.1.7 cells, Rep 4 , CTCF IP - HEL 92.1.7 cells, Rep 13 ",,,
MAZ,GBA,liver,MAZ IP - HepG2 cells,,,
TCF7L2,GBA,uterus,TCF7L2 IP - HeLa cells,,,
CTCF,GBA,stemcells,"CTCF IP - Rep 5 , CTCF IP - H1 cells, CTCF IP - H1 cells , CTCF IP - Rep 3 , CTCF IP - Rep 4 , CTCF IP - Rep 6 , CTCF IP - Rep 1 , CTCF IP - Rep 7 , CTCF IP - Rep 2 ",,,
FOXA2,GBA,liver,FOXA2 IP - HepG2 cells,,,
MYB,GBA,leukocytes,"MYB IP - Jurkat, Rep 5, MYB IP - Jurkat, Rep 3, MYB IP - MOLT3, MYB IP - Jurkat, Rep 4, MYB IP - Jurkat, Rep 2, MYB IP - Jurkat, Rep 1",,,
TEAD4,GBA,colon,TEAD4 IP - HCT116 cells,,,
ATF3,GBA,leukocytes,"ATF3 IP - K562 cells, ATF3 IP - K562 cells, ATF3 IP - GM12878 cells",,,
CTCF,GBA,heart,"CTCF IP - myocytes cells, Rep 1 , CTCF IP - HCF cells , CTCF IP - myocytes cells, Rep 2 ",,,
PBX3,GBA,leukocytes,PBX3 IP - GM12878 cells,,,
GABPA,GBA,liver,"GABPA IP - HepG2 cells, GABPA IP, GABPA IP, GABPA IP - MCF7 cells, GABPA IP",,,
JUN,GBA,leukocytes,"JUN IP - K562 cells, Rep 1, JUN IP - K562 cells, Rep 2, JUN IP | IFNA1-13 - 30 min , JUN IP | IFNG - K562 cells, 30 min",,,
CEBPB,GBA,leukocytes,"CEBPB IP - HL-60 cells, Rep 2 , CEBPB IP, CEBPB IP, CEBPB IP, CEBPB IP, CEBPB IP, CEBPB IP - Rep 204, CEBPB IP, CEBPB IP - K562 cells, CEBPB IP, CEBPB IP | oxLDL  - Rep 208, CEBPB IP - GM12878 cells, CEBPB ChIP-Seq - K562",,,
DHT,GBA,prostate,"DHT | FOXA1 ChIP-Seq, DHT | FOXP1 ChIP-Seq, DHT | ERG ChIP-Seq - 18 h",,,
E2F1,GBA,prostate,"HES6 OE | E2F1 ChIP-Seq - Rep 1, E2F1 ChIP-Seq - Rep 4, BICALU + HES6 OE | E2F1 ChIP-Seq - Rep 2, E2F1 ChIP-Seq - Rep 1, HES6 OE + BICALU | E2F1 ChIP-Seq - Rep 3, BICALU | E2F1 ChIP-Seq - Rep 1, BICALU | E2F1 ChIP-Seq - Rep 2, BICALU + HES6OE | E2F1 ChIP-Seq - Rep 4, BICALU | E2F1 ChIP-Seq - Rep 4, E2F1 ChIP-Seq - Rep 2, E2F1 ChIP-Seq - Rep 3, HES6 OE + BICALU | E2F1 ChIP-Seq - Rep 1, HES6 OE | E2F1 ChIP-Seq - Rep 4, BICALU | E2F1 ChIP-Seq - Rep 3, HES6 OE | E2F1 ChIP-Seq - Rep 2, HES6 OE | E2F1 ChIP-Seq - Rep 3",,,
HES6,GBA,prostate,"HES6 OE | E2F1 ChIP-Seq - Rep 1, BICALU + HES6 OE | E2F1 ChIP-Seq - Rep 2, HES6 OE + BICALU | E2F1 ChIP-Seq - Rep 3, BICALU + HES6OE | E2F1 ChIP-Seq - Rep 4, HES6 OE + BICALU | E2F1 ChIP-Seq - Rep 1, HES6 OE | E2F1 ChIP-Seq - Rep 4, HES6 OE | E2F1 ChIP-Seq - Rep 2, HES6 OE | E2F1 ChIP-Seq - Rep 3",,,
CTCF,GBA,kidney,"CTCF IP - HRE cells, Rep 1 , CTCF IP - HRE cells, Rep 2 , CTCF IP - HEK293 cells, Rep 2 , CTCF IP - RPTEC cells, Rep 1 , CTCF IP - HEK293 cells, Rep 1 , CTCF IP - RPTEC cells, Rep 2 ",,,
USF1,GBA,lung,"USF1 IP | DEX - A549 cells, USF1 IP - A549 cells, Rep 2, USF1 IP - A549 cells, Rep 1",,,
DEX,GBA,lung,"USF1 IP | DEX - A549 cells, CREB1 IP | DEX - A549 cells, CTCF IP | DEX - A549 cells , FOXA1 IP | DEX - A549 cells, CTCF IP | DEX - A549 cells",,,
CEBPB,GBA,stemcells,"CEBPB IP, CEBPB IP, CEBPB IP, CEBPB IP - H1 cells, CEBPB IP",,,
CTCF,GBA,megakaryocytelineage,"CTCF IP - MEG-01 cells, Rep 3 , CTCF IP - CHRF-288-11 cells, Rep 2 , CTCF IP - MEG-01 cells, Rep 10 , CTCF IP - MEG-01 cells, Rep 8 , CTCF IP - MEG-01 cells, Rep 6 , CTCF IP - MEG-01 cells, Rep 2 , CTCF IP - MEG-01 cells, Rep 9 , CTCF IP - MEG-01 cells, Rep 4 , CTCF IP - MEG-01 cells, Rep 1 , CTCF IP - CHRF-288-11 cells, Rep 1 ",,,
TEAD4,GBA,liver,"TEAD4 IP - MCF7 cells, TEAD4 IP - HepG2 cells",,,
FOXP1,GBA,prostate,DHT | FOXP1 ChIP-Seq,,,
HEYL,GBA,colon,HEYL IP ,,,
GABPA,GBA,cns,GABPA IP - SK-N-SH cells,,,
STAT3,GBA,leukocytes,"STAT3 IP - OCI-LY3, STAT3 IP - SU-DHL-2, STAT3 IP - U-2932, STAT3 IP - SU-DHL-6, STAT3 IP - OCI-LY19, STAT3 IP - GM12878 cells, STAT3 IP - SU-DHL-4, STAT3 IP - OCI-LY10, STAT3 IP - OCI-LY7, STAT3 IP - SU-DHL-10",,,
MXI1,GBA,liver,MXI1 IP - HepG2 cells,,,
USF1,GBA,cns,"USF1 IP - SK-N-SH cells, USF1 IP | ATRA - SK-N-SH cells",,,
TP53,GBA,mammarygland,"TP53 IP, TP53 IP | NUTL3 - MCF-7",,,
CREB1,GBA,leukocytes,"CREB1 IP - GM12878 cells, CREB1 IP - K562 cells",,,
STAT3,GBA,mammarygland,"STAT3 IP | 4HT - MCF10 cells, 36 h, STAT3 IP - MCF10A cells, Rep 2, STAT3 IP - MCF10A cells, Rep 1, STAT3 IP | 4HT - MCF10 cells, 12 h",,,
4HT,GBA,mammarygland,"STAT3 IP | 4HT - MCF10 cells, 36 h, FOS IP | 4HT - MCF10A cells, 12 h, FOS IP | 4HT - MCF10A cells, 4 h, E2F4 IP | 4HT - MCF10 cells, MYC IP | 4HT - MCF10A cells, STAT3 IP | 4HT - MCF10 cells, 12 h, FOS IP | 4HT - MCF10A cells, 36 h",,,
HMGN3,GBA,leukocytes,HMGN3 IP - K562 cells,,,
E2F1,GBA,uterus,"E2F1 IP - HeLa cells, Rep 2, E2F1 IP - HeLa cells, Rep 1",,,
FOXA1,GBA,liver,"FOXA1 IP - HepG2 cells, Rep 2",,,
STAT1,GBA,uterus,"STAT1 IP | IFNG - HeLa cells, 30 min",,,
IFNG,GBA,uterus,"STAT1 IP | IFNG - HeLa cells, 30 min",,,
TCF12,GBA,stemcells,TCF12 IP - H1 cells,,,
H9,GBA,leukocytes,"STAT5B IP | H9, Rep 2",,,
E2F1,GBA,mammarygland,"E2F1 IP, E2F1 IP - MCF7 cells",21310950,,
YY1,GBA,leukocytes,"YY1 IP - GM12878 cells, YY1 IP - K562 cells, Rep 2, YY1 IP - GM12878 cells, YY1 IP - K562 cells, Rep 1, YY1 IP - K562 cells, YY1 IP - GM12892 cells, Rep 1, YY1 IP - GM12891 cells",,,
KLF5,GBA,stomach,KLF5 IP - KATOIII,,,
CEBPB,GBA,lung,"CEBPB ChIP-Seq - A549, CEBPB IP - A549 cells, CEBPB ChIP-Seq - IMR90",,,
MYC,GBA,bone,"MYC IP, MYC IP, MYC IP",,,
STAT2,GBA,leukocytes,"STAT2 IP | IFNA1-13 - K562 cells, 30 min",,,
IFNA1,GBA,leukocytes,"STAT2 IP | IFNA1-13 - K562 cells, 30 min, MYC IP | IFNA1 - K562 cells, 30 min, JUN IP | IFNA1-13 - 30 min , MYC IP | IFNA1 - K562 cells, 6 h, IRF1 IP | IFNA1-13 - K562 cells, 6 h, STAT1 IP | IFNA1-13 - K562 cells, 6 h, STAT1 IP | IFNA1-13 - K562 cells, 30 min",,,
CTCF,GBA,placenta,"CTCF IP - HVMF cells, Rep 1 , CTCF IP - HVMF cells, Rep 2 ",,,
E2F6,GBA,stemcells,E2F6 IP - H1 cells,,,
EBF1,GBA,leukocytes,"EBF1 IP - GM12878 cells, EBF1 IP - GM12878 cells",,,
KLF11,GBA,adiposetissue,"KLF11 ChIP-Seq, Rep 1, KLF11 ChIP-Seq, Rep 2, ROSI (BrAT) | KLF11 ChIP-Seq, Rep 1, ROSI (BrAT) | KLF11 ChIP-Seq, Rep 2",,,
NFYC,GBA,colon,NFYC IP ,,,
TAL1,GBA,leukocytes,"TAL1 IP - MOLT3, TAL1 IP - K562 cells",,,
MEF2B,GBA,kidney,"MEF2B IP | MEF2B D83V OE - Rep 1, MEF2B IP | MEF2B K4E OE - Rep 2, MEF2B IP | MEF2B OE - Rep 2",,,
UBTF,GBA,leukocytes,"UBTF IP - K562 cells, UBTF IP - K562 cells",,,
ELF1,GBA,leukocytes,"ELF1 IP - SK-N-SH cells, ELF1 IP - SK-N-SH cells",,,
CEBPB,GBA,uterus,"CEBPB IP - ECC1 cells, CEBPB ChIP-Seq - HeLaS3",,,
SRF,GBA,stemcells,"SRF IP - H1 cells, SRF IP - Rep 2 , SRF IP - Rep 5 , SRF IP - Rep 1 , SRF IP - Rep 3 , SRF IP - Rep 7 , SRF IP - Rep 6 , SRF IP - Rep 4 ",,,
CREB1,GBA,lung,"CREB1 IP - A549 cells, Rep 2, CREB1 IP | DEX - A549 cells, CREB1 IP - A549 cells, Rep 1",,,
17BE2,GBA,mammarygland,"17BE2 | FOXA1 ChIP-Seq - Rep 2, 17BE2 | FOXA1 ChIP-Seq - Rep 2, 17BE2 | FOXA1 ChIP-Seq - Rep 1, 17BE2 | FOXA1 ChIP-Seq - Rep 1",,,
SMARCC2,GBA,uterus,SMARCC2 IP - HeLa cells,,,
FOSL2,GBA,lung,FOSL2 IP - A549 cells,,,
FOSL2,GBA,liver,FOSL2 IP - HepG2 cells,,,
CREB1,GBA,stemcells,CREB1 IP - H1 cells,,,
ERG,GBA,prostate,"JQI | ERG ChIP-Seq - Rep 1, ERG ChIP-Seq, DMSO | ERG ChIP-Seq - Rep 1, DMSO | ERG ChIP-Seq - Rep 2, DHT | ERG ChIP-Seq - 18 h, JQI | ERG ChIP-Seq - Rep 2",,,
JQ1,GBA,prostate,"JQI | ERG ChIP-Seq - Rep 1, JQI | ERG ChIP-Seq - Rep 2",,,
CTCF,GBA,uterus,"CTCF IP - HeLa cells , CTCF IP - HeLa cells, Rep 1 , CTCF IP - ECC1 cells",,,
POU2F2,GBA,leukocytes,"POU2F2 IP | POU2F2 WT OE, POU2F2 IP - GM12878 cells, POU2F2 IP | POU2F2 Mut OE",,,
TEAD4,GBA,stemcells,TEAD4 IP - H1 cells,,,
BICALU,GBA,prostate,"BICALU + HES6 OE | E2F1 ChIP-Seq - Rep 2, HES6 OE + BICALU | E2F1 ChIP-Seq - Rep 3, BICALU | E2F1 ChIP-Seq - Rep 1, BICALU | E2F1 ChIP-Seq - Rep 2, BICALU + HES6OE | E2F1 ChIP-Seq - Rep 4, BICALU | E2F1 ChIP-Seq - Rep 4, HES6 OE + BICALU | E2F1 ChIP-Seq - Rep 1, BICALU | E2F1 ChIP-Seq - Rep 3",,,
USF1,GBA,leukocytes,"USF1 IP - K562 cells, USF1 IP - GM12878 cells",,,
SIX2,GBA,kidney,"SIX2 IP - 17 weeks, Rep 1, SIX2 IP - 17 weeks, Rep 2",,,
MXI1,GBA,cns,MXI1 IP - SK-N-SH cells ,,,
FOXP1,GBA,leukocytes,"FOXP1 IP - OCI-LY19, FOXP1 IP - BJAB, FOXP1 IP - OCI-LY10, FOXP1 IP - HT",,,
PRDM1,GBA,uterus,PRDM1 IP - HeLa cells,,,
EGR1,GBA,leukocytes,EGR1 IP - K562 cells,,,
CTCF,GBA,liver,"CTCF IP, CTCF IP - SK-N-SH cells, CTCF IP - HepG2 cells, Rep 1 , CTCF IP - HepG2 cells , CTCF IP - HepG2 cells, Rep 2 ",,,
HIF1A,GBA,leukocytes,"HIF1A IP, HIF1A IP, HIF1A IP, HIF1A IP, HIF1A IP, HIF1A IP, HIF1A IP, HIF1A IP",,,
GATA2,GBA,cns,GATA2 ChIP-Seq SH-SY5Y,,,
GABPA,GBA,leukocytes,"GABPA IP - K562 cells, GABPA IP - GM12878 cells, Rep 2 , GABPA IP - Jurkat, Rep 1, GABPA IP - Jurkat, Rep 2, GABPA IP - GM12878 cells, Rep 3 , GABPA IP - GM12878 cells, GABPA IP - GM12878 cells, Rep 1 , GABPA IP - HL cells, GABPA IP, GABPA IP - GM12878 cells, Rep 4 , GABPA IP - GM12878 cells, Rep 5 ",,,
TP53,GBA,colon,"TP53 IP | CAMPTO, TP53 IP | TP53 KO",,,
CAMPTO,GBA,colon,TP53 IP | CAMPTO,,,
SRF,GBA,liver,SRF IP - HepG2 cells,,,
CTCF,GBA,adiposetissue,"CTCF ChIP-Seq - d 9, CTCF ChIP-Seq - d -2, CTCF ChIP-Seq - d 0, CTCF ChIP-Seq - d 3",,,
YY1,GBA,lung,YY1 IP - A549 cells,,,
JUND,GBA,cns,"JUND IP - SK-N-SH cells, JUND IP - SK-N-SH cells ",,,
MAFK,GBA,leukocytes,"MAFK IP - GM12878 cells, MAFK IP - K562 cells, MAFK IP - K562 cells",,,
FOS,GBA,mammarygland,"FOS IP - MCF10A cells, FOS IP | 4HT - MCF10A cells, 12 h, FOS IP | 4HT - MCF10A cells, 4 h, FOS IP | 4HT - MCF10A cells, 36 h",,,
ETS1,GBA,leukocytes,"ETS1 IP - K562 cells, ETS1 IP, ETS1 IP - GM12878 cells",20019798,,
SIX5,GBA,lung,SIX5 IP | DEX - A549 cells,,,
ZEB1,GBA,leukocytes,ZEB1 IP - GM12878 cells,,,
MAFK,GBA,stemcells,MAFK IP - H1 cells,,,
BHLHE40,GBA,liver,BHLHE40 IP - HepG2 cells,,,
MYC,GBA,leukocytes,"MYC IP | IFNA1 - K562 cells, 30 min, MYC IP | IFNA1 - K562 cells, 6 h, MYC IP - K562 cells, Rep 2, MYC IP - NB4 cells, MYC IP - K562 cells, Rep 1, MYC IP | IFNG - K562 cells, 6 h, MYC IP | IFNG - K562 cells, 30 min",,,
MEF2A,GBA,leukocytes,"MEF2A IP - K562 cells, MEF2A IP - GM12878 cells",,,
TFAP4,GBA,leukocytes,"TFAP4 IP - Rep 2, TFAP4 IP - Rep 1",,,
REST,GBA,leukocytes,"REST IP - GM12878 cells, Rep 16 , REST IP - GM12878 cells, Rep 1, REST IP - GM12878 cells, Rep 14 , REST IP - K562 cells, REST IP - HL60 cells, REST IP - GM12878 cells, Rep 2",,,
SP1,GBA,stemcells,SP1 IP - H1 cells,,,
MAFK,GBA,liver,"MAFK IP - HepG2 cells, Rep 1, MAFK IP - HepG2 cells, Rep 2",,,
CREB1,GBA,liver,"CREB1 IP, CREB1 IP, CREB1 IP - HepG2 cells, CREB1 IP",,,
MXI1,GBA,leukocytes,MXI1 IP - GM12878 cells,,,
MAX,GBA,uterus,"MAX IP - HeLa cells, Rep 2, MAX IP - HeLa cells, Rep 1, MAX IP - ECC1 cells",,,
ATF2,GBA,stemcells,ATF2 IP - H1 cells,,,
STAT1,GBA,leukocytes,"STAT1 IP - Rep 1, STAT1 IP - Rep 4, STAT1 IP - Rep 6, STAT1 IP | IFNG - K562 cells, 6 h, STAT1 IP | IFNG - K562 cells, 30 min, STAT1 IP - GM12878 cells, STAT1 IP - Rep 5, STAT1 IP - Rep 2, STAT1 IP - Rep 3, STAT1 IP | IFNA1-13 - K562 cells, 6 h, STAT1 IP | IFNA1-13 - K562 cells, 30 min",,,
ZBTB7A,GBA,leukocytes,ZBTB7A IP - SK-N-SH cells,,,
CTCF,GBA,vasculature,"CTCF IP - HUVEC cells , CTCF IP - HUVEC cells, Rep 2 , CTCF IP - AoAFC cells, Rep 1 , CTCF IP - HBMEC cells, Rep 1 , CTCF IP - HBMEC cells, Rep 2 , CTCF IP - HPAF cells, Rep 1 , CTCF IP - HUVEC cells, Rep 1 , CTCF IP - AoAFC cells, Rep 2 , CTCF IP - HPAF cells, Rep 2 ",,,
REST,GBA,cns,"REST IP - PFSK-N-SH cells1 cells, Rep 1, REST IP - U87 cells, REST IP - SK cells, REST IP - PFSK1 cells, Rep 2, REST IP - SK-N-SH cells",,,
NANOG,GBA,stemcells,"NANOG IP - H1 cells, NANOG IP - Rep 9 , NANOG IP - Rep 1",,,
REST,GBA,uterus,REST IP - SK-N-SH cells,,,
CTCF,GBA,mammarygland,"CTCF IP - MCF-7 cells, Rep 1 , CTCF IP - HMEC cells , CTCF IP - HMEC cells, Rep 2 , CTCF IP - T47D cells, CTCF IP - HMEC cells, Rep 1 , CTCF IP - HMF cells, Rep 2 , CTCF IP - HMF cells, Rep 1 , CTCF IP - MCF-7 cells Rep 2 , CTCF IP - MCF7 cells",,,
ZNF384,GBA,leukocytes,"ZNF384 IP - K562 cells, ZNF384 IP - GM12878 cells",,,
CTCF,GBA,miscellaneous,"CTCF IP - AG09319 cells, Rep 1 , CTCF IP - AG09319 cells, Rep 2 ",,,
SIX5,GBA,stemcells,SIX5 IP - H1 cells,,,
CDX2,GBA,colon,CDX2 IP,,,
ATF3,GBA,liver,ATF3 IP - HepG2 cells,,,
TP73,GBA,bone,"TP73 IP - beta isoform, Rep 2, TP73 IP - alpha isoform, Rep 1, TP73 IP - beta isoform, Rep 1",,,
MAZ,GBA,lung,MAZ IP - IMR cells,,,
TBP,GBA,liver,TBP IP - HepG2 cells,,,
EGR1,GBA,uterus,EGR1 IP - ECC1 cells,,,
ZNF280D,GBA,colon,ZNF280D IP ,,,
OTX2,GBA,stemcells,OTX2 IP - Rep 10 ,,,
ELK1,GBA,leukocytes,"ELK1 IP - K562 cells, ELK1 IP - GM12878 cells",,,
JUN,GBA,mammarygland,"JUN IP - Rep 1, JUN IP - Rep 2, JUN IP | CPDA",,,
MAX,GBA,liver,"MAX IP - MCF7 cells, MAX IP - HepG2 cells, MAX IP - HepG2 cells",,,
BHLHE40,GBA,leukocytes,"BHLHE40 IP - GM12878 cells, BHLHE40 IP - K562 cells",,,
ARID3A,GBA,leukocytes,ARID3A IP - K562 cells,,,
ZNF143,GBA,uterus,"ZNF143 IP - HeLa, Rep 1, ZNF143 IP - HeLa cells",,,
GTF2F1,GBA,uterus,GTF2F1 IP - HeLa cells,,,
SP2,GBA,stemcells,SP2 IP - H1 cells,,,
USF2,GBA,leukocytes,"USF2 IP - K562 cells, USF2 IP - GM12878 cells",,,
MAZ,GBA,leukocytes,"MAZ IP - K562 cells, MAZ IP - GM12878 cells",,,
POU5F1,GBA,stemcells,"POU5F1 IP, POU5F1 IP - Rep 7 , POU5F1 IP - Rep 4 , POU5F1 IP - Rep 1 , POU5F1 IP",,,
FOXA2,GBA,stemcells,"FOXA2 IP - ES D10, FOXA2 IP - ES D7, FOXA2 IP - ES D2, FOXA2 IP - ES D5",,,
PDX1,GBA,pancreas,PDX1 IP,,,
GATA3,GBA,lung,GATA3 IP - A549 cells,,,
YY1,GBA,stemcells,"YY1 IP - H1 cells, YY1 IP - NT2 cells",,,
ETV5,GBA,colon,ETV5 IP ,,,
MAX,GBA,lung,"MAX IP - A549 cells, MAX IP - A549 cells",,,
ZNF143,GBA,stemcells,ZNF143 IP - H1 cells,,,
ROSI,GBA,leukocytes,ROSI | SPI1 ChIP-Seq,,,
E2F6,GBA,leukocytes,"E2F6 IP - K562 cells, E2F6 IP - K562 cells",,,
CTCF,GBA,bone,"CTCF IP - Osteoblasts , CTCF IP",,,
FOXP2,GBA,cns,"FOXP2 IP - PFSK-1 cells, FOXP2 IP - SK cells",,,
FOSL2,GBA,mammarygland,FOSL2 IP - MCF7 cells,,,
SPI1,GBA,hspcs,"SPI1 IP -  Rep 1, SPI1 IP - Rep 2",,,
EPAS1,GBA,kidney,EPAS1 IP | EPAS1 OE,,,
IRF1,GBA,colon,IRF1 IP ,,,
BCL3,GBA,leukocytes,BCL3 IP - GM12878 cells,,,
BCL11A,GBA,leukocytes,BCL11A IP - GM12878 cells,,,
TEAD4,GBA,cns,TEAD4 IP - SK-N-SH cells,,,
CTCF,GBA,esophagus,"CTCF IP - HEEpiC cells, Rep 2 , CTCF IP - HEEpiC cells, Rep 1 ",,,
TEAD4,GBA,leukocytes,TEAD4 IP - K562 cells,,,
CEBPB,GBA,colon,"CEBPB IP - HCT116 cells, CEBPB IP | 125DVD3, CEBPB IP",,,
NFATC1,GBA,leukocytes,NFATC1 IP - GM12878 cells,,,
ATRA,GBA,cns,"USF1 IP | ATRA - SK-N-SH cells, YY1 IP | ATRA - SK-N-SH cells",,,
KLF5,GBA,pancreas,KLF5 IP,,,
NFYB,GBA,leukocytes,"NFYB IP - K562 cells, NFYB IP - GM12878 cells",,,
STAT5A,GBA,leukocytes,"STAT5A IP - K562 cells, STAT5A IP - GM12878 cells",,,
TCF7L2,GBA,mammarygland,"DHT | TCF7L2 ChIP-Seq, TCF7L2 ChIP-Seq",,,
USF1,GBA,stemcells,USF1 IP - H1 cells,,,
R1881,GBA,prostate,"R1881 | FOXA1 ChIP-Seq - Rep 1, GABPA IP | R1881, GATA2 KD + R1881 | FOXA1 ChIP-Seq, CON KD + R1881 | FOXA1 ChIP-Seq",,,
CTCF,GBA,pancreas,CTCF IP,,,
PDX1,GBA,stemcells,PDX1 IP,,,
ATF2,GBA,colon,ATF2 IP ,,,
SP1,GBA,liver,SP1 IP - HepG2 cells,,,
TCF21,GBA,vasculature,TCF21 IP,,,
ZNF83,GBA,colon,ZNF83 IP ,,,
SRF,GBA,leukocytes,"SRF IP - SK-N-SH cells, SRF IP - GM12878 cells, Rep 2, SRF IP - K562 cells",,,
PBX3,GBA,cns,PBX3 IP - SK-N-SH cells,,,
MAX,GBA,stemcells,"MAX IP - H1 cells, MAX IP - H1 cells",,,
THAP11,GBA,stemcells,THAP11 IP - Rep 3 ,,,
YY1,GBA,colon,YY1 IP - HCT116 cells,,,
BACH1,GBA,stemcells,BACH1 IP - H1 cells,,,
GABPA,GBA,stemcells,GABPA IP - H1 cells,,,
ZBTB17,GBA,bone,"ZBTB17 IP, ZBTB17 IP",,,
GATA3,GBA,mammarygland,"GATA3 IP - T47D cells, GATA3 IP - MCF7 cells",,,
ZKSCAN1,GBA,uterus,ZKSCAN1 IP - HeLa cells,,,
MYBL2,GBA,liver,MYBL2 IP - HepG2 cells,,,
TBP,GBA,stemcells,TBP IP - H1 cells,,,
TP53,GBA,leukocytes,TP53 IP - Doxo DNA damage,,,
GABPA,GBA,prostate,"GABPA IP | R1881, GABPA IP - Rep 1",,,
E2F4,GBA,mammarygland,E2F4 IP | 4HT - MCF10 cells,,,
NFYA,GBA,colon,NFYA IP ,,,
FOS,GBA,leukocytes,"FOS IP - K562 cells, FOS IP - GM12878 cells",,,
TAL1,GBA,megakaryocytelineage,"TAL1 IP - CHRF-288-11 cells, Rep 4 ",,,
TEAD4,GBA,uterus,TEAD4 IP - ECC1 cells,,,
ELF1,GBA,colon,ELF1 IP - HCT116 cells,,,
TCF12,GBA,cns,TCF12 IP - SK-N-SH cells,,,
RELA,GBA,colon,RELA IP ,,,
ZBTB7A,GBA,liver,ZBTB7A IP - HepG2 cells,,,
TP53,GBA,lung,TP53 IP - senescent,,,
FOXM1,GBA,leukocytes,FOXM1 IP - GM12878 cells,,,
SP1,GBA,colon,SP1 IP - HCT116 cells,,,
MYC,GBA,stemcells,MYC IP - H1 cells,,,
GATA2,GBA,hspcs,GATA2 IP,,,
TCF12,GBA,leukocytes,TCF12 IP - GM12878 cells,,,
FOSL2,GBA,cns,FOSL2 IP - SK-N-SH cells,,,
SP1,GBA,lung,SP1 IP - A549 cells,,,
ZNF217,GBA,mammarygland,ZNF217 IP - MCF7 cells,,,
STAT3,GBA,uterus,STAT3 IP - HeLa cells,,,
REST,GBA,mammarygland,REST IP - MCF7 cells,,,
CPDA,GBA,mammarygland,JUN IP | CPDA,,,
THAP1,GBA,leukocytes,THAP1 IP - K562 cells,,,
RBPJ,GBA,leukocytes,"RBPJ IP | COMPE, RBPJ IP | COMPE - wash",,,
COMPE,GBA,leukocytes,"RBPJ IP | COMPE, RBPJ IP | COMPE - wash",,,
USF2,GBA,uterus,USF2 IP - HeLa cells,,,
ELK4,GBA,uterus,ELK4 IP - HeLa cells,,,
SP1,GBA,leukocytes,"SP1 IP - K562 cells, SP1 IP - GM12878 cells",,,
SP2,GBA,leukocytes,SP2 IP - K562 cells,,,
MAX,GBA,colon,MAX IP - HCT116 cells,,,
SMARCC1,GBA,uterus,SMARCC1 IP - HeLa cells,,,
HOXA4,GBA,colon,HOXA4 IP ,,,
USF1,GBA,uterus,USF1 IP - ECC1 cells,,,
125DVD3,GBA,colon,CEBPB IP | 125DVD3,,,
EGR1,GBA,colon,EGR1 IP - HCT116 cells,,,
TCF7L2,GBA,hspcs,"TCF7L2 IP - Rep 1, TCF7L2 IP - Rep 2",,,
SRF,GBA,colon,SRF IP - HCT116 cells,,,
USF1,GBA,colon,USF1 IP - HCT116 cells,,,
YY1,GBA,cns,"YY1 IP | ATRA - SK-N-SH cells, YY1 IP - SK-N-SH cells",,,
TP53,GBA,stemcells,TP53 IP,,,
EOMES,GBA,stemcells,EOMES IP - Rep 2 ,,,
CEBPA,GBA,leukocytes,CEBPA IP,,,
REST,GBA,liver,"REST IP - HepG2 cells, Rep 2",,,
RELA,GBA,adiposetissue,RELA IP,,,
RUNX1,GBA,hspcs,RUNX1,,,
GATA1,GBA,leukocytes,GATA1 ChIP-Seq - SC266,,,
ELF1,GBA,lung,ELF1 IP - A549 cells,,,
GATA2,GBA,leukocytes,GATA2 IP - K562 cells,,,
E2F4,GBA,uterus,E2F4 IP - HeLa cells,,,
BCL3,GBA,lung,BCL3 IP - A549 cells,,,
JUND,GBA,lung,JUND IP - A549 cells,,,
ROSI,GBA,adiposetissue,"ROSI (BrAT) | KLF11 ChIP-Seq, Rep 1, ROSI (BrAT) | KLF11 ChIP-Seq, Rep 2",,,
FOXM1,GBA,cns,FOXM1 IP - SK-N-SH cells,,,
TBP,GBA,uterus,TBP IP - HeLa cells,,,
ELF3,GBA,pancreas,"ELF3 IP, ELF3 IP",,,
ATF3,GBA,colon,"ATF3 IP, ATF3 IP - HCT116 cells, ATF3 IP | CAMPTO",,,
GATA1,GBA,hspcs,"GATA1 IP - PBDE cells, Rep 1",,,
HIF1A,GBA,bone,HIF1A IP,,,
CREB1,GBA,uterus,CREB1 IP - ECC1 cells,,,
USF2,GBA,liver,USF2 IP - HepG2 cells,,,
JUND,GBA,stemcells,"JUND IP - H1 cells, JUND IP - H1 cells",,,
ETS1,GBA,lung,ETS1 IP - A549 cells,,,
NFKB1,GBA,leukocytes,NFKB1 IP - Rep 2,,,
USF2,GBA,stemcells,USF2 IP - H1 cells,,,
EGR1,GBA,liver,EGR1 IP - MCF7 cells,,,
FOSL1,GBA,leukocytes,FOSL1 IP - K562 cells,,,
ZEB1,GBA,liver,ZEB1 IP - HepG2 cells,,,
BAY082,GBA,leukocytes,"RELA IP | BAY082  - IVD Th1 cells, PIA",,,
SOX2,GBA,stemcells,SOX2 IP,,,
IL2,GBA,leukocytes,STAT5B IP | IL2 - Rep 2,,,
MAX,GBA,cns,MAX IP - SK-N-SH cells,,,
SRF,GBA,mammarygland,SRF IP - MCF7 cells,,,
JUNB,GBA,colon,JUNB IP ,,,
JUND,GBA,uterus,JUND IP - HeLa cells,,,
PRDM14,GBA,stemcells,PRDM14 IP,,,
SIX1,GBA,kidney,"SIX1 IP - 17 weeks, Rep 1",,,
MXI1,GBA,uterus,MXI1 IP - HeLa cells,,,
JUN,GBA,liver,JUN IP - HepG2 cells,,,
TCF12,GBA,lung,TCF12 IP - A549 cells,,,
RELA,GBA,lung,RELA IP | TNF,,,
TNF,GBA,lung,RELA IP | TNF,,,
HEY1,GBA,liver,HEY1 IP - HepG2 cells,,,
TEAD4,GBA,lung,TEAD4 IP - A549 cells,,,
EGR1,GBA,stemcells,EGR1 IP - H1 cells,,,
TBP,GBA,leukocytes,"TBP IP - GM12878 cells, TBP IP - K562 cells",,,
JUND,GBA,vasculature,JUND IP,,,
TCF7L2,GBA,pancreas,TCF7L2 IP,,,
ZNF143,GBA,leukocytes,"ZNF143 IP - GM12878 cells, ZNF143 IP - K562 cells",,,
HOXA6,GBA,colon,HOXA6 IP ,,,
FOXA2,GBA,embryonictissue,FOXA2 IP - Rep 2,,,
NFYB,GBA,uterus,NFYB IP - HeLa cells,,,
CEBPB,GBA,liver,"CEBPB ChIP-Seq - HepG2, CEBPB IP - HepG2 cells, CEBPB IP | FORSK - HepG2 cells",,,
ELF1,GBA,cns,ELF1 IP - SK-N-SH cells,,,
JUN,GBA,colon,JUN IP ,,,
E2F3,GBA,colon,E2F3 IP ,,,
USF1,GBA,liver,USF1 IP - HepG2 cells,,,
IRF1,GBA,pancreas,IRF1 IP,,,
FOXA1,GBA,lung,"FOXA1 IP - A549 cells, FOXA1 IP | DEX - A549 cells",,,
GABPA,GBA,lung,GABPA IP - A549 cells,,,
ATF3,GBA,lung,ATF3 IP - A549 cells,,,
REST,GBA,pancreas,"REST IP - PANC1 cells, Rep 1, REST IP - Panc1 cells, Rep 3",,,
SRF,GBA,uterus,SRF IP - ECC1 cells,,,
TAL1,GBA,colon,TAL1 IP ,,,
MAFK,GBA,lung,MAFK IP - IMR cells,,,
FOS,GBA,uterus,FOS IP - HeLa cells,,,
MAFK,GBA,uterus,MAFK IP - HeLa cells,,,
ARID3A,GBA,liver,ARID3A IP - HepG2 cells,,,
ARNTL,GBA,bone,ARNTL IP,,,
GATA6,GBA,stomach,GATA6 IP - YCC3,,,
E2F6,GBA,lung,E2F6 IP - A549 cells,,,
LYL1,GBA,leukocytes,LYL1 IP - Kasumi-1,,,
FOS,GBA,vasculature,FOS IP - HUVEC cells,,,
ELK1,GBA,uterus,ELK1 IP - HeLa cells,,,
MAFF,GBA,leukocytes,MAFF IP - K562 cells,,,
GLI2,GBA,colon,GLI2 IP ,,,
IRF4,GBA,leukocytes,"IRF4 IP, IRF4 IP - GM12878 cells",,,
AR,GBA,prostate,AR C562S OE + FOXA1 OE | FOXA1 ChIP-Seq,19668381,,
MEF2A,GBA,cns,MEF2A IP - SK-N-SH cells,,,
FOXA2,GBA,lung,FOXA2 IP - A549 cells,,,
FOSL1,GBA,colon,FOSL1 IP - HCT116 cells,,,
MYC,GBA,uterus,MYC IP - HeLa cells,,,
YY1,GBA,uterus,YY1 IP - ECC1 cells,,,
ATF3,GBA,stemcells,ATF3 IP - H1 cells,,,
ELF1,GBA,mammarygland,ELF1 IP - MCF7 cells,,,
HEY1,GBA,leukocytes,HEY1 IP - K562 cells,,,
EBF1,GBA,adiposetissue,EBF1 IP,,,
MEF2C,GBA,leukocytes,MEF2C IP - GM12878 cells,,,
CTCF,GBA,skeletalmuscle,"CTCF IP - HSMM cells, Rep 1 , CTCF IP - HSMM cells, Rep 2 ",,,
FOXP1,GBA,colon,FOXP1 IP ,,,
GATA4,GBA,stomach,GATA4 IP - AGS,,,
ATF1,GBA,leukocytes,ATF1 IP - K562 cells,,,
REST,GBA,stemcells,"REST IP - H1 cells, Rep 1",,,
MYC,GBA,lung,MYC IP - A549 cells,,,
MXI1,GBA,lung,MXI1 IP - IMR cells,,,
FOXM1,GBA,uterus,FOXM1 IP - ECC1 cells,,,
ZNF263,GBA,kidney,ZNF263 IP - HEK293 cells,,,
MXI1,GBA,stemcells,MXI1 IP - H1 cells,,,
E2F6,GBA,uterus,E2F6 IP - HeLa cells,,,
ZBTB7A,GBA,uterus,ZBTB7A IP - ECC1 cells,,,
ELF1,GBA,liver,ELF1 IP - HepG2 cells,,,
STAT2,GBA,colon,STAT2 IP ,,,
REST,GBA,lung,REST IP - A549 cells,,,
ATF2,GBA,leukocytes,ATF2 IP - GM12878 cells,,,
MAX,GBA,vasculature,MAX IP - HUVEC cells,,,
CUX1,GBA,leukocytes,CUX1 IP - K562 cells,,,
BARX1,GBA,colon,BARX1 IP - Rep 1 ,,,
E2F8,GBA,colon,E2F8 IP ,,,
PBX3,GBA,lung,PBX3 IP - A549 cells,,,
TCF12,GBA,liver,TCF12 IP - HepG2 cells,,,
CREB1,GBA,colon,CREB1 IP ,,,
BATF,GBA,leukocytes,BATF IP - GM12878 cells,,,
MAZ,GBA,uterus,MAZ IP - HeLa cells,,,
TCF3,GBA,leukocytes,TCF3 IP - GM12878 cells,,,
FORSK,GBA,liver,CEBPB IP | FORSK - HepG2 cells,,,
ERG,GBA,leukocytes,ERG IP - Rep 1,,,
TCF12,GBA,uterus,TCF12 IP - ECC1 cells,,,
MAFF,GBA,liver,MAFF IP - HepG2 cells,,,
ETS1,GLA,lung,ETS1 IP - A549 cells,,,
CTCF,GLA,megakaryocytelineage,"CTCF IP - MEG-01 cells, Rep 4 , CTCF IP - MEG-01 cells, Rep 10 , CTCF IP - MEG-01 cells, Rep 8 , CTCF IP - MEG-01 cells, Rep 6 , CTCF IP - MEG-01 cells, Rep 2 ",,,
CTCF,GLA,leukocytes,"CTCF IP - GM12749 cells, Rep 1, CTCF IP - GM10847 cells, Rep 1 , CTCF IP - GM12871 cells , CTCF IP - GM2255 cells, Rep 3 , CTCF IP - K562 cells, Rep 2 , CTCF IP -  DND , CTCF IP - GM12878 cells, Rep 2 , CTCF IP - F36P cells, Rep 2 , CTCF IP - GM19238 cells, Rep 2 , CTCF IP - GM12872 cells, Rep 1 , CTCF IP - K562 cells, Rep 12 , CTCF IP - K562 cells , CTCF IP - F36P cells, Rep 14 , CTCF IP - GM19193 cells, Rep 1 , CTCF IP - GM12006 cells, Rep 2, CTCF IP - GM11994 cells, Rep 2, CTCF IP - GM19193 cells, Rep 2 , CTCF IP - GM07346 cells, CTCF IP - GM12154 cells, Rep 2, CTCF IP - F36P cells, Rep 10 , CTCF IP - CD14+ cells , CTCF IP - GM18526 cells, Rep 1 , CTCF IP - GM2588 cells, Rep 1 , CTCF IP - GM11831 cells, CTCF IP, CTCF IP - GM12874 cells, Rep 1 , CTCF IP - GM06990 cells, Rep 2 , CTCF IP - K562 cells, Rep 13 , CTCF IP - GM12892 cells, Rep 2 , CTCF IP - UT-7 cells, Rep 3 , CTCF IP - GM12865 cells, Rep 3 , CTCF IP - GM10847 cells, Rep 2 , CTCF IP - GM19099 cells, Rep 2 , CTCF IP - GM12874 cells, CTCF IP - GM19099 cells, Rep 1 , CTCF IP - K562 cells, Rep 11 , CTCF IP - GM06990 cells, Rep 1 , CTCF IP - F36P cells, Rep 15 , CTCF IP - K562 cells, Rep 1 , CTCF IP - GM2255 cells, Rep 1 , CTCF IP - GM12815 cells, Rep 1, CTCF IP - GM12865 cells, Rep 2 , CTCF IP - GM12890 cells, Rep 2 , CTCF IP - GM12878 cells, Rep 1 , CTCF IP - GM11994 cells, Rep 1, CTCF IP - GM19239 cells, Rep 1 , CTCF IP - GM12878 cells, Rep 2 , CTCF IP - GM12154 cells, Rep 1, CTCF IP - GM12873 cells, Rep 3 , CTCF IP - GM11811 cells, Rep 2, CTCF IP - GM12864 cells, Rep 1 , CTCF IP - GM2610 cells, Rep 2 , CTCF IP - GM12869 cells , CTCF IP - F36P cells, Rep 6 , CTCF IP - GM12875 cells, Rep 1 , CTCF IP - GM19238 cells, Rep 1 , CTCF IP - GM19240 cells, Rep 2 , CTCF IP - GM12865 cells, Rep 1 , CTCF IP - GM18486 cells, Rep 2 , CTCF IP - GM2588 cells, Rep 3 , CTCF IP - GM12868 cells , CTCF IP - HL-60 cells, Rep 2 , CTCF IP - GM18505 cells, Rep 2 , CTCF IP - F36P cells, Rep 11 , CTCF IP - GM12873 cells, Rep 1 , CTCF IP - GM18526 cells, Rep 2 , CTCF IP - F36P cells, Rep 3 , CTCF IP - GM12864 cells, Rep 3 , CTCF IP - GM11881 cells, CTCF IP - MS1 cells, Rep 1 , CTCF IP - GM12874 cells, Rep 2 , CTCF IP - GM18951 cells, Rep 1 , CTCF IP - GM12875 cells, Rep 2 , CTCF IP - GM12892 cells, Rep 1 , CTCF IP - U-937 cells, Rep 1 , CTCF IP - GM2610 cells, Rep 1 , CTCF IP - K562 cells, CTCF IP - MS1 cells, Rep 2 , CTCF IP - GM12814 cells, Rep 1, CTCF IP - GM12866 cells , CTCF IP - GM12815 cells, Rep 2, CTCF IP - GM12878 cells , CTCF IP - K562 cells, Rep 14 , CTCF IP - GM2630 cells, Rep 3 , CTCF IP - GM12890 cells, Rep 3 , CTCF IP - GM18505 cells, Rep 1 , CTCF IP - GM2610 cells, Rep 3 , CTCF IP - GM11894 cells, Rep 2, CTCF IP - GM12891 cells, Rep 2 , CTCF IP - GM19239 cells, Rep 2 , CTCF IP - GM06986 cells, CTCF IP - K562 cells, Rep 16 , CTCF IP - GM12872 cells, Rep 2 , CTCF IP - F36P cells, Rep 7 , CTCF IP - GM2630 cells, Rep 1 , CTCF IP - GM19240 cells, Rep 1 , CTCF IP - GM12873 cells, Rep 1 , CTCF IP - GM12878 cells, Rep 1 , CTCF IP - GM12890 cells, Rep 1 , CTCF IP - GM12867 cells , CTCF IP - GM18486 cells, Rep 3 , CTCF IP - GM12870 cells , CTCF IP - GM12814 cells, Rep 2, CTCF IP - GM2255 cells, Rep 2 , CTCF IP - MS1 cells, Rep 3 , CTCF IP - GM2630 cells, Rep 2 , CTCF IP - GM12872 cells, Rep 3 , CTCF IP - GM12864 cells, Rep 2 , CTCF IP - GM12828 cells, CTCF IP - K562 cells, CTCF IP - HL , CTCF IP - F36P cells, Rep 19 , CTCF IP - MS1 cells, Rep 4 , CTCF IP - GM12234 cells, CTCF IP - F36P cells, Rep 13 , CTCF IP - GM12287 cells, Rep 1, CTCF IP - GM18951 cells, Rep 2 , CTCF ChIP-Seq - GM12878, CTCF IP - GM11811 cells, Rep 1, CTCF IP - HeLa cells, Rep 2 , CTCF IP - GM18486 cells, Rep 1 , CTCF IP - GM12489 cells, Rep 1, CTCF IP - K562 cells, Rep 15 , CTCF IP -  CD20+ cells , CTCF IP - GM2588 cells, Rep 2 , CTCF IP - GM12891 cells, Rep 1 , CTCF IP - NB4 cells ",,,
FOS,GLA,uterus,FOS IP - HeLa cells,,,
SPI1,GLA,leukocytes,"SPI1 IP - U-937 cells, Rep 4 , SPI1 IP, SPI1 IP - GM12878 cells, Rep 1 , SPI1 IP, SPI1 IP - GM12878 cells, Rep 3 , SPI1 IP, SPI1 IP - U-937 cells, Rep 3 , SPI1 IP, SPI1 IP - GM12878 cells, Rep 2 , SPI1 IP, ROSI | SPI1 ChIP-Seq, SPI1 IP - U-937 cells, Rep 1 , SPI1 IP - GM12878 cells, SPI1 IP, SPI1 IP | RUNX1 KD, SPI1 IP, SPI1 IP - GM12878 cells, Rep 4 , SPI1 IP, SPI1 IP - U-937 cells, Rep 2 , SPI1 IP - GM12891 cells, SPI1 IP - HL-60 cells, Rep 4 , SPI1 IP, SPI1 IP - HL cells, SPI1 IP, SPI1 IP - U-937 cells, Rep 6 , SPI1 IP - K562 cells",,,
CTCF,GLA,cns,"CTCF IP - BE(2)-C cells, Rep 1 , CTCF IP - SK cells, CTCF IP - cerebellar astrocyte cells, Rep 2 , CTCF IP - HCPEpiC cells, Rep 1 , CTCF IP - BE(2)-C cells, Rep 2 , CTCF IP - HCPEpiC cells, Rep 2 , CTCF IP - cerebellar astrocyte cells, Rep 1 , CTCF IP - SK-N-SH cells, Rep 2 , CTCF IP - spinal cord astrocyte cells, Rep 1 , CTCF IP - SK-N-SH cells, Rep 1 , CTCF IP - NHA cells , CTCF IP - spinal cord astrocyte cells, Rep 2 , CTCF IP - SK-N-SH cells ",,,
CEBPB,GLA,leukocytes,"CEBPB IP, CEBPB IP | oxLDL  - Rep 208, CEBPB ChIP-Seq - K562, CEBPB IP, CEBPB IP - Rep 204, CEBPB IP",,,
KLF11,GLA,adiposetissue,"ROSI (BrAT) | KLF11 ChIP-Seq, Rep 1, KLF11 ChIP-Seq, Rep 1, ROSI (BrAT) | KLF11 ChIP-Seq, Rep 2, KLF11 ChIP-Seq, Rep 2",,,
ROSI,GLA,adiposetissue,"ROSI (BrAT) | KLF11 ChIP-Seq, Rep 1, ROSI (BrAT) | KLF11 ChIP-Seq, Rep 2",,,
ATF3,GLA,colon,"ATF3 IP | CAMPTO, ATF3 IP - HCT116 cells",,,
RUNX1T1,GLA,leukocytes,RUNX1T1 IP,,,
REST,GLA,stemcells,"REST IP - H1 cells, Rep 1",,,
E2F6,GLA,leukocytes,"E2F6 IP - K562 cells, E2F6 IP - K562 cells",,,
CREB1,GLA,liver,"CREB1 IP, CREB1 IP, CREB1 IP, CREB1 IP - HepG2 cells",,,
MAZ,GLA,leukocytes,"MAZ IP - GM12878 cells, MAZ IP - K562 cells",,,
STAT1,GLA,leukocytes,"STAT1 IP - Rep 1, STAT1 IP - Rep 4, STAT1 IP - Rep 2, STAT1 IP - Rep 3, STAT1 IP - Rep 5",,,
IFNG,GLA,leukocytes,"STAT1 IP - Rep 1, STAT1 IP - Rep 4, STAT1 IP - Rep 2, STAT1 IP - Rep 3, JUN IP | IFNG - K562 cells, 30 min, MYC IP | IFNG - K562 cells, 6 h, IRF1 IP | IFNG - K562 cells, 30 min, IRF1 IP | IFNG - K562 cells, 6 h, STAT1 IP - Rep 5, MYC IP | IFNG - K562 cells, 30 min",,,
STAT3,GLA,leukocytes,"STAT3 IP - SU-DHL-4, STAT3 IP - OCI-LY3, STAT3 IP - SU-DHL-6, STAT3 IP - OCI-LY10, STAT3 IP - SU-DHL-2, STAT3 IP - OCI-LY7, STAT3 IP - U-2932",,,
OTX2,GLA,stemcells,"OTX2 IP - Rep 5 , OTX2 IP - Rep 8 , OTX2 IP - Rep 3 , OTX2 IP - Rep 10 ",,,
CTCF,GLA,esophagus,"CTCF IP - HEEpiC cells, Rep 2 , CTCF IP - HEEpiC cells, Rep 1 ",,,
MAX,GLA,lung,"MAX IP - A549 cells, MAX IP - A549 cells",,,
SRF,GLA,stemcells,"SRF IP - Rep 1 , SRF IP - Rep 7 , SRF IP - Rep 4 , SRF IP - Rep 6 ",,,
GTF2B,GLA,uterus,"GTF2B IP | RO306, GTF2B IP - Rep 2",,,
RO306,GLA,uterus,GTF2B IP | RO306,,,
CTCF,GLA,skeletalmuscle,"CTCF IP - HSMM cells, Rep 1 , CTCF IP - HSMM cells, Rep 2 ",,,
MAX,GLA,uterus,"MAX IP - HeLa cells, Rep 1, MAX IP - ECC1 cells, MAX IP - HeLa cells, Rep 2",,,
ELF1,GLA,leukocytes,"ELF1 IP - SK-N-SH cells, ELF1 IP - SK-N-SH cells",,,
CTCF,GLA,skin,"CTCF IP - AG04449 cells, Rep 2 , CTCF IP - BJ cells, Rep 1 , CTCF IP - NHEK cells, Rep 2 , CTCF IP - BJ cells, Rep 2 , CTCF IP - NHDF cells, Rep 2 , CTCF IP - NHEK cells , CTCF IP - AG09309 cells, Rep 1 , CTCF IP - HFFC cells, Rep 3 , CTCF IP - NHDF cells, Rep 1 , CTCF IP - HFFC cells, Rep 2 , CTCF IP - GM12878 cells, Rep 2 , CTCF IP - AG10803 cells, Rep 1 , CTCF IP - AG09309 cells, Rep 2 , CTCF IP - NHDF cells , CTCF IP - HFFC cells, Rep 1 , CTCF IP - AG10803 cells, Rep 2 , CTCF IP - AG04449 cells, Rep 1 ",,,
ATF3,GLA,liver,ATF3 IP - HepG2 cells,,,
USF2,GLA,uterus,USF2 IP - HeLa cells,,,
YY1,GLA,lung,YY1 IP - A549 cells,,,
TBP,GLA,stemcells,TBP IP - H1 cells,,,
CTCF,GLA,liver,"CTCF IP - HepG2 cells, Rep 2 , CTCF IP - HepG2 cells, Rep 1 , CTCF IP - SK-N-SH cells, CTCF IP, CTCF IP - HepG2 cells ",,,
ELF3,GLA,pancreas,"ELF3 IP, ELF3 IP | KLF5 KO, ELF3 IP",,,
CTCF,GLA,kidney,"CTCF IP - RPTEC cells, Rep 2 , CTCF IP - HRE cells, Rep 1 , CTCF IP - HEK293 cells, Rep 2 , CTCF IP - HRE cells, Rep 2 , CTCF IP - HEK293 cells, Rep 1 , CTCF IP - RPTEC cells, Rep 1 ",,,
HEY1,GLA,liver,HEY1 IP - HepG2 cells,,,
TP53,GLA,skin,"TP53 IP, TP53 IP | NUTL3",,,
FOS,GLA,leukocytes,"FOS IP - K562 cells, FOS IP - GM12878 cells",,,
ATF3,GLA,lung,ATF3 IP - A549 cells,,,
YY1,GLA,leukocytes,"YY1 IP - GM12878 cells, YY1 IP - GM12892 cells, Rep 1, YY1 IP - K562 cells, Rep 1, YY1 IP - K562 cells, Rep 2, YY1 IP - GM12891 cells",,,
ARID3A,GLA,leukocytes,ARID3A IP - K562 cells,,,
CTCF,GLA,stemcells,"CTCF IP - Rep 3 , CTCF IP - Rep 1 , CTCF IP - Rep 7 , CTCF IP - Rep 2 , CTCF IP - Rep 4 , CTCF IP - H1 cells , CTCF IP - Rep 6 , CTCF IP - Rep 5 , CTCF IP - H1 cells",,,
REST,GLA,lung,REST IP - A549 cells,,,
FOS,GLA,mammarygland,"FOS IP | 4HT - MCF10A cells, 4 h, FOS IP | 4HT - MCF10A cells, 36 h, FOS IP | 4HT - MCF10A cells, 12 h, FOS IP - MCF10A cells",,,
4HT,GLA,mammarygland,"FOS IP | 4HT - MCF10A cells, 4 h, E2F4 IP | 4HT - MCF10 cells, STAT3 IP | 4HT - MCF10 cells, 36 h, FOS IP | 4HT - MCF10A cells, 36 h, FOS IP | 4HT - MCF10A cells, 12 h, STAT3 IP | 4HT - MCF10 cells, 12 h",,,
E2F4,GLA,mammarygland,E2F4 IP | 4HT - MCF10 cells,,,
RELA,GLA,leukocytes,"RELA IP | TNF - GM19099 cells, RELA IP | TNF - GM18951 cells, RELA IP | TNF - GM12891 cells",,,
MYC,GLA,leukocytes,"MYC IP - K562 cells, Rep 1, MYC IP - K562 cells, Rep 2, MYC IP - NB4 cells, MYC IP | IFNG - K562 cells, 6 h, MYC IP | IFNG - K562 cells, 30 min",,,
GABPA,GLA,leukocytes,"GABPA IP - K562 cells, GABPA IP - GM12878 cells, Rep 4 , GABPA IP - Jurkat, Rep 1, GABPA IP - GM12878 cells, Rep 1 , GABPA IP - GM12878 cells, Rep 2 , GABPA IP - Jurkat, Rep 2",,,
MAX,GLA,leukocytes,"MAX IP - K562 cells, Rep 1, MAX IP - NB4 cells, MAX IP - K562 cells, Rep 2, MAX IP - GM12878 cells, MAX IP - K562 cells",,,
MYB,GLA,leukocytes,"MYB IP - Jurkat, Rep 1, MYB IP - Jurkat, Rep 3, MYB IP - MOLT3, MYB IP - Jurkat, Rep 5, MYB IP - Jurkat, Rep 4, MYB IP - Jurkat, Rep 2",,,
MAFK,GLA,liver,"MAFK IP - HepG2 cells, Rep 2, MAFK IP - HepG2 cells, Rep 1",,,
E2F1,GLA,prostate,"BICALU | E2F1 ChIP-Seq - Rep 1, HES6 OE | E2F1 ChIP-Seq - Rep 1, E2F1 ChIP-Seq - Rep 1",,,
BICALU,GLA,prostate,BICALU | E2F1 ChIP-Seq - Rep 1,,,
CTCF,GLA,vasculature,"CTCF IP - AoAFC cells, Rep 1 , CTCF IP - AoAFC cells, Rep 2 , CTCF IP - HPAF cells, Rep 2 , CTCF IP - HUVEC cells, Rep 1 , CTCF IP - HBMEC cells, Rep 1 , CTCF IP - HUVEC cells , CTCF IP - HBMEC cells, Rep 2 , CTCF IP - HPAF cells, Rep 1 , CTCF IP - HUVEC cells, Rep 2 ",,,
USF1,GLA,lung,"USF1 IP - A549 cells, Rep 1, USF1 IP | DEX - A549 cells, USF1 IP - A549 cells, Rep 2",,,
ELF1,GLA,lung,ELF1 IP - A549 cells,,,
CREB1,GLA,stemcells,CREB1 IP - H1 cells,,,
CUX1,GLA,leukocytes,CUX1 IP - K562 cells,,,
JUND,GLA,cns,"JUND IP - SK-N-SH cells , JUND IP - SK-N-SH cells",,,
GATA1,GLA,leukocytes,GATA1 ChIP-Seq - SC266,,,
CTCF,GLA,heart,"CTCF IP - myocytes cells, Rep 1 , CTCF IP - HCF cells , CTCF IP - myocytes cells, Rep 2 ",,,
SP2,GLA,liver,SP2 IP - HepG2 cells,,,
JUN,GLA,liver,JUN IP - HepG2 cells,,,
ATF3,GLA,leukocytes,"ATF3 IP - GM12878 cells, ATF3 IP - K562 cells, ATF3 IP - K562 cells",,,
CTCF,GLA,mammarygland,"CTCF IP - HMEC cells, Rep 2 , CTCF IP - MCF7 cells, CTCF IP - HMEC cells , CTCF IP - HMF cells, Rep 1 , CTCF IP - HMEC cells, Rep 1 , CTCF IP - HMF cells, Rep 2 , CTCF IP - MCF-7 cells Rep 2 , CTCF IP - MCF-7 cells, Rep 1 ",,,
USF1,GLA,leukocytes,"USF1 IP - GM12878 cells, USF1 IP - K562 cells",,,
NFYC,GLA,colon,NFYC IP ,,,
CTCF,GLA,miscellaneous,"CTCF IP - AG09319 cells, Rep 2 , CTCF IP - AG09319 cells, Rep 1 ",,,
IRF4,GLA,leukocytes,"IRF4 IP - GM12878 cells, IRF4 IP",,,
REST,GLA,pancreas,"REST IP - Panc1 cells, Rep 3",,,
USF2,GLA,leukocytes,"USF2 IP - GM12878 cells, USF2 IP - K562 cells",,,
MXI1,GLA,leukocytes,"MXI1 IP - K562 cells, MXI1 IP - GM12878 cells",,,
ZNF143,GLA,colon,ZNF143 IP ,,,
KLF5,GLA,pancreas,"KLF5 IP, ELF3 IP | KLF5 KO",,,
JUN,GLA,leukocytes,"JUN IP - K562 cells, Rep 2, JUN IP | IFNG - K562 cells, 30 min, JUN IP | IFNA1-13 - 30 min , JUN IP | IFNA1-13 - K562 cells, 6 h, JUN IP - K562 cells, Rep 1",,,
FOXA1,GLA,prostate,"CON KD + R1881 | FOXA1 ChIP-Seq - Rep 2, FOXA1 siRNA | CREB1 ChIP-Seq - Rep 1, FOXA1 ChIP-Seq - LNCaP-abl, PIAS1 + R1881 | FOXA1 ChIP-Seq - Rep 2, FOXA1 ChIP-Seq, CREB1 siRNA | FOXA1 ChIP-Seq - Rep 2, EtOH | FOXA1 ChIP-Seq - Rep 2, FOXA1 siRNA | CREB1 ChIP-Seq - Rep 2, CON KD + R1881 | FOXA1 ChIP-Seq - Rep 1, DHT | FOXA1 ChIP-Seq",,,
R1881,GLA,prostate,"CON KD + R1881 | FOXA1 ChIP-Seq - Rep 2, PIAS1 + R1881 | FOXA1 ChIP-Seq - Rep 2, GABPA IP | R1881, CON KD + R1881 | FOXA1 ChIP-Seq - Rep 1",,,
RUNX1,GLA,leukocytes,"RUNX1 IP, SPI1 IP | RUNX1 KD, RUNX1 IP",,,
ARID3A,GLA,liver,ARID3A IP - HepG2 cells,,,
NFYB,GLA,leukocytes,"NFYB IP - GM12878 cells, NFYB IP - K562 cells",,,
NFYB,GLA,uterus,NFYB IP - HeLa cells,,,
CTCF,GLA,lung,"CTCF IP - A549 cells, CTCF IP - A549 cells, Rep 2 , CTCF IP - NHLF cells , CTCF IP - NHLF cells , CTCF IP - SAEC cells, Rep 1 , CTCF IP | DEX - A549 cells , CTCF IP - WI-38 cells, Rep 2 , CTCF IP - SAEC cells, Rep 2 , CTCF IP - A549 cells , CTCF IP - WI-38 cells, Rep 1 , CTCF IP | DEX - A549 cells, CTCF IP - HPF cells, Rep 1 , CTCF IP - AG04450 cells, Rep 1 , CTCF IP - IMR cells, CTCF IP - AG04450 cells, Rep 2 , CTCF IP - HPF cells, Rep 2 , CTCF ChIP-Seq - A549",,,
CEBPB,GLA,colon,CEBPB IP - HCT116 cells,,,
STAT3,GLA,mammarygland,"STAT3 IP | 4HT - MCF10 cells, 36 h, STAT3 IP - MCF10A cells, Rep 1, STAT3 IP - MCF10A cells, Rep 2, STAT3 IP | 4HT - MCF10 cells, 12 h",,,
REST,GLA,cns,"REST IP - SK cells, REST IP - PFSK-N-SH cells1 cells, Rep 1, REST IP - PFSK1 cells, Rep 2",,,
TBP,GLA,liver,TBP IP - HepG2 cells,,,
BATF,GLA,leukocytes,BATF IP - GM12878 cells,,,
USF2,GLA,liver,USF2 IP - HepG2 cells,,,
EGR1,GLA,colon,EGR1 IP - HCT116 cells,,,
TEAD4,GLA,cns,TEAD4 IP - SK-N-SH cells,,,
FOXA1,GLA,mammarygland,"FOXA1 IP - T47D cells, FOXA1 ChIP-Seq - Rep 2, 17BE2 | FOXA1 ChIP-Seq, DEX | FOXA1 ChIP-Seq - Rep 1, FOXA1 ChIP-Seq - Rep 1, DEX | FOXA1 ChIP-Seq - Rep 2, 17BE2 | FOXA1 ChIP-Seq - Rep 2, 17BE2 | FOXA1 ChIP-Seq - Rep 1, FOXA1 ChIP-Seq - Rep 2, DHT | FOXA1 ChIP-Seq",,,
TEAD4,GLA,leukocytes,TEAD4 IP - K562 cells,,,
IRF3,GLA,uterus,IRF3 IP - HeLa cells,,,
ATF3,GLA,stemcells,ATF3 IP - H1 cells,,,
CTCF,GLA,colon,"CTCF IP - HCT116 cells, CTCF IP - Caco , CTCF IP - HCT116 cells, Rep 1 , CTCF IP - HCT116 cells, Rep 2 , CTCF IP - Caco-2 cells, Rep 1 ",,,
SP2,GLA,stemcells,SP2 IP - H1 cells,,,
TCF12,GLA,leukocytes,TCF12 IP - GM12878 cells,,,
MAX,GLA,liver,"MAX IP - HepG2 cells, MAX IP - MCF7 cells, MAX IP - HepG2 cells",,,
CREB1,GLA,prostate,"FOXA1 siRNA | CREB1 ChIP-Seq - Rep 1, CREB1 ChIP-Seq - LNCaP, CREB1 ChIP-Seq - LNCaP-abl, CREB1 siRNA | FOXA1 ChIP-Seq - Rep 2, CREB1 ChIP-Seq - Rep 2, FOXA1 siRNA | CREB1 ChIP-Seq - Rep 2, CREB1 ChIP-Seq - Rep 1",,,
TCF12,GLA,cns,TCF12 IP - SK-N-SH cells,,,
CTCF,GLA,uterus,"CTCF IP - HeLa cells, Rep 1 , CTCF IP - ECC1 cells, CTCF IP - HeLa cells ",,,
MAFK,GLA,lung,MAFK IP - IMR cells,,,
NFATC1,GLA,leukocytes,NFATC1 IP - GM12878 cells,,,
USF1,GLA,uterus,USF1 IP - ECC1 cells,,,
BHLHE40,GLA,lung,BHLHE40 IP - A549 cells,,,
MAZ,GLA,liver,MAZ IP - HepG2 cells,,,
JUND,GLA,colon,JUND IP - HCT116 cells,,,
EBF1,GLA,leukocytes,"EBF1 IP - GM12878 cells, EBF1 IP - GM12878 cells",,,
PIAS1,GLA,prostate,PIAS1 + R1881 | FOXA1 ChIP-Seq - Rep 2,,,
FOXA2,GLA,embryonictissue,FOXA2 IP - Rep 2,,,
IRF1,GLA,leukocytes,"IRF1 IP | IFNA1-13 - K562 cells, 6 h, IRF1 IP | IFNG - K562 cells, 30 min, IRF1 IP | IFNG - K562 cells, 6 h",,,
IFNA1,GLA,leukocytes,"IRF1 IP | IFNA1-13 - K562 cells, 6 h, JUN IP | IFNA1-13 - 30 min , JUN IP | IFNA1-13 - K562 cells, 6 h",,,
USF1,GLA,colon,USF1 IP - HCT116 cells,,,
MAFF,GLA,leukocytes,MAFF IP - K562 cells,,,
CTCF,GLA,hspcs,"CTCF IP - Erythroid cells, Rep 1, CTCF IP - HSPCs, Rep 1, CTCF IP - HEL 92.1.7 cells, Rep 14 , CTCF IP - HEL 92.1.7 cells, Rep 8 , CTCF IP - HEL 92.1.7 cells, Rep 5 , CTCF IP - HEL 92.1.7 cells, Rep 2 ",,,
JUND,GLA,liver,"JUND IP - HepG2 cells, JUND IP - HepG2 cells",,,
USF1,GLA,liver,USF1 IP - HepG2 cells,,,
MYC,GLA,uterus,MYC IP - HeLa cells,,,
CTCF,GLA,sensory,"CTCF IP - WERI-Rb-1- cells, Rep 1 , CTCF IP - HRPEpiC cells, Rep 1 , CTCF IP - HRPEpiC cells, Rep 2 , CTCF IP - WERI ",,,
BHLHE40,GLA,liver,BHLHE40 IP - HepG2 cells,,,
GABPA,GLA,prostate,"GABPA IP - Rep 1, GABPA IP | R1881",,,
CTCF,GLA,bone,"CTCF IP, CTCF IP - Osteoblasts ",,,
SIX2,GLA,kidney,"SIX2 IP - 17 weeks, Rep 1",,,
YY1,GLA,liver,YY1 IP - HepG2 cells,,,
RBPJ,GLA,leukocytes,"RBPJ IP | COMPE - wash, RBPJ IP | COMPE",,,
COMPE,GLA,leukocytes,"RBPJ IP | COMPE - wash, RBPJ IP | COMPE",,,
ZNF76,GLA,kidney,ZNF76 IP | ZNF76 OE,,,
SP1,GLA,lung,SP1 IP - A549 cells,,,
NFYA,GLA,uterus,NFYA IP - HeLa cells,,,
TNF,GLA,leukocytes,"RELA IP | TNF - GM18951 cells, RELA IP | TNF - GM12891 cells",,,
JUN,GLA,vasculature,"JUN IP, JUN IP - HUVEC cells",,,
17BE2,GLA,mammarygland,"17BE2 | FOXA1 ChIP-Seq, 17BE2 | FOXA1 ChIP-Seq - Rep 2, 17BE2 | FOXA1 ChIP-Seq - Rep 1",,,
JUN,GLA,mammarygland,JUN IP - Rep 1,,,
CREB1,GLA,lung,"CREB1 IP | DEX - A549 cells, CREB1 IP - A549 cells, Rep 2",,,
DEX,GLA,lung,"CREB1 IP | DEX - A549 cells, USF1 IP | DEX - A549 cells, CTCF IP | DEX - A549 cells , CTCF IP | DEX - A549 cells",,,
USF2,GLA,stemcells,USF2 IP - H1 cells,,,
ETS1,GLA,leukocytes,ETS1 IP,,,
SP1,GLA,leukocytes,"SP1 IP - K562 cells, SP1 IP - GM12878 cells",,,
SREBF1,GLA,liver,SREBF1 IP | INS + 22RHC - HepG2 cells,,,
22RHC; INS,GLA,liver,SREBF1 IP | INS + 22RHC - HepG2 cells,,,
YY1,GLA,stemcells,"YY1 IP - H1 cells, YY1 IP - NT2 cells",,,
ETV5,GLA,colon,ETV5 IP ,,,
GATA3,GLA,mammarygland,GATA3 IP - T47D cells,,,
MAX,GLA,stemcells,"MAX IP - H1 cells, MAX IP - H1 cells",,,
GABPA,GLA,liver,"GABPA IP - MCF7 cells, GABPA IP - HepG2 cells, GABPA IP, GABPA IP",,,
PAX5,GLA,leukocytes,"PAX5 IP - GM12878 cells, Rep 1, PAX5 IP - GM12878 cells, Rep 2",,,
ELF1,GLA,cns,ELF1 IP - SK-N-SH cells,,,
TBP,GLA,uterus,TBP IP - HeLa cells,,,
ZNF143,GLA,leukocytes,"ZNF143 IP - GM12878 cells, ZNF143 IP - K562 cells",,,
USF1,GLA,stemcells,USF1 IP - H1 cells,,,
ARNTL,GLA,bone,ARNTL IP,,,
DEX,GLA,mammarygland,"DEX | FOXA1 ChIP-Seq - Rep 1, DEX | FOXA1 ChIP-Seq - Rep 2",,,
GATA2,GLA,cns,GATA2 ChIP-Seq SH-SY5Y,,,
USF1,GLA,cns,"USF1 IP | ATRA - SK-N-SH cells, USF1 IP - SK-N-SH cells",,,
ATRA,GLA,cns,"USF1 IP | ATRA - SK-N-SH cells, YY1 IP | ATRA - SK-N-SH cells",,,
TCF7L2,GLA,uterus,TCF7L2 IP - HeLa cells,,,
MXI1,GLA,liver,MXI1 IP - HepG2 cells,,,
CTCF,GLA,placenta,"CTCF IP - HVMF cells, Rep 1 , CTCF IP - HVMF cells, Rep 2 ",,,
TFAP4,GLA,leukocytes,TFAP4 IP - Rep 2,,,
ROSI,GLA,leukocytes,ROSI | SPI1 ChIP-Seq,,,
CEBPB,GLA,lung,CEBPB ChIP-Seq - IMR90,,,
GLI2,GLA,colon,GLI2 IP ,,,
NFKB2,GLA,leukocytes,NFKB2 IP - Rep 2,,,
SRF,GLA,mammarygland,SRF IP - MCF7 cells,,,
ATF2,GLA,colon,ATF2 IP ,,,
GABPA,GLA,cns,GABPA IP - SK-N-SH cells,,,
EGR1,GLA,leukocytes,EGR1 IP - K562 cells,,,
ELF1,GLA,colon,ELF1 IP - HCT116 cells,,,
STAT5B,GLA,leukocytes,"STAT5B IP | H9, Rep 2",,,
H9,GLA,leukocytes,"STAT5B IP | H9, Rep 2",,,
JUND,GLA,vasculature,JUND IP,,,
TBP,GLA,leukocytes,"TBP IP - GM12878 cells, TBP IP - K562 cells",,,
FOXA1,GLA,pancreas,FOXA1 IP,,,
BHLHE40,GLA,leukocytes,"BHLHE40 IP - GM12878 cells, BHLHE40 IP - K562 cells",,,
CREB1,GLA,leukocytes,"CREB1 IP - K562 cells, CREB1 IP - GM12878 cells, CREB1 IP, CREB1 IP",,,
TAL1,GLA,leukocytes,TAL1 IP - K562 cells,,,
BCL3,GLA,lung,BCL3 IP - A549 cells,,,
CREB1,GLA,uterus,CREB1 IP - ECC1 cells,,,
REST,GLA,leukocytes,REST IP - K562 cells,,,
ZBTB7A,GLA,leukocytes,ZBTB7A IP - SK-N-SH cells,,,
GATA3,GLA,cns,GATA3 IP - SK-N-SH cells,,,
HEY1,GLA,leukocytes,HEY1 IP - K562 cells,,,
SIX5,GLA,lung,SIX5 IP | DEX - A549 cells,,,
MAFF,GLA,liver,MAFF IP - HepG2 cells,,,
RELA,GLA,adiposetissue,"RELA IP, RELA IP",,,
YY1,GLA,colon,YY1 IP - HCT116 cells,,,
MXI1,GLA,cns,MXI1 IP - SK-N-SH cells ,,,
JUND,GLA,uterus,JUND IP - HeLa cells,,,
MXI1,GLA,uterus,MXI1 IP - HeLa cells,,,
CTCF,GLA,adiposetissue,"CTCF ChIP-Seq - d 9, CTCF ChIP-Seq - d 0, CTCF ChIP-Seq - d -2, CTCF ChIP-Seq - d 3",,,
CEBPB,GLA,uterus,CEBPB ChIP-Seq - HeLaS3,,,
TCF7L2,GLA,pancreas,TCF7L2 IP,,,
CREB1,GLA,colon,CREB1 IP ,,,
YY1,GLA,cns,"YY1 IP - SK-N-SH cells, YY1 IP | ATRA - SK-N-SH cells",,,
E2F1,GLA,mammarygland,"E2F1 IP - MCF7 cells, E2F1 IP",,,
TCF12,GLA,lung,TCF12 IP - A549 cells,,,
FOSL2,GLA,liver,FOSL2 IP - HepG2 cells,,,
MAX,GLA,vasculature,MAX IP - HUVEC cells,,,
GTF2F1,GLA,uterus,GTF2F1 IP - HeLa cells,,,
TAL1,GLA,colon,TAL1 IP ,,,
FOXP1,GLA,prostate,FOXP1 ChIP-Seq,,,
HES6,GLA,prostate,HES6 OE | E2F1 ChIP-Seq - Rep 1,,,
JUND,GLA,leukocytes,JUND IP - K562 cells,,,
ELF1,GLA,mammarygland,ELF1 IP - MCF7 cells,,,
PBX3,GLA,cns,PBX3 IP - SK-N-SH cells,,,
ATF2,GLA,leukocytes,ATF2 IP - GM12878 cells,,,
E2F4,GLA,leukocytes,"E2F4 IP - GM12878 cells, E2F4 IP - K562 cells",,,
TP53,GLA,mammarygland,TP53 IP,,,
E2F3,GLA,colon,E2F3 IP ,,,
NFYA,GLA,colon,NFYA IP ,,,
RUNX1,GLA,hspcs,RUNX1,,,
SP1,GLA,stemcells,SP1 IP - H1 cells,,,
FOXA2,GLA,liver,FOXA2 IP - HepG2 cells,,,
JUN,GLA,colon,JUN IP ,,,
GATA1,GLA,hspcs,"GATA1 IP - PBDE cells, Rep 1",,,
TCF7L2,GLA,mammarygland,TCF7L2 ChIP-Seq,,,
MAFK,GLA,uterus,MAFK IP - HeLa cells,,,
DHT,GLA,mammarygland,"DHT | FOXA1 ChIP-Seq, DHT | MYC ChIP-Seq",,,
MAFK,GLA,leukocytes,"MAFK IP - K562 cells, MAFK IP - K562 cells, MAFK IP - GM12878 cells",,,
FOXM1,GLA,leukocytes,FOXM1 IP - GM12878 cells,,,
JUN,GLA,uterus,JUN IP - HeLa cells,,,
SMARCC1,GLA,uterus,SMARCC1 IP - HeLa cells,,,
SRF,GLA,colon,SRF IP - HCT116 cells,,,
IRF1,GLA,pancreas,IRF1 IP,,,
ATF1,GLA,leukocytes,ATF1 IP - K562 cells,,,
GMEB2,GLA,colon,GMEB2 IP ,,,
SMAD1,GLA,hspcs,SMAD1 IP - Rep 3,,,
RELA,GLA,colon,RELA IP ,,,
POU2F2,GLA,leukocytes,POU2F2 IP - GM12878 cells,,,
SMARCC2,GLA,uterus,SMARCC2 IP - HeLa cells,,,
GATA4,GLA,stomach,GATA4 IP - AGS,,,
SP1,GLA,colon,SP1 IP - HCT116 cells,,,
ATF2,GLA,stemcells,ATF2 IP - H1 cells,,,
HOXA6,GLA,colon,HOXA6 IP ,,,
NFYA,GLA,leukocytes,NFYA IP - K562 cells,,,
GABPA,GLA,lung,GABPA IP - A549 cells,,,
MAZ,GLA,lung,MAZ IP - IMR cells,,,
TP53,GLA,lung,"TP53 IP - propapoptic, Rep 1",,,
CEBPA,GLA,leukocytes,CEBPA IP,,,
SRF,GLA,uterus,SRF IP - ECC1 cells,,,
IRF1,GLA,colon,IRF1 IP ,,,
SP2,GLA,leukocytes,SP2 IP - K562 cells,,,
MAX,GLA,colon,MAX IP - HCT116 cells,,,
UBTF,GLA,leukocytes,UBTF IP - K562 cells,,,
CTCF,GLA,pancreas,CTCF IP,,,
ELF1,GLA,liver,ELF1 IP - HepG2 cells,,,
MYC,GLA,mammarygland,DHT | MYC ChIP-Seq,,,
JUND,GLA,lung,JUND IP - A549 cells,,,
FOXA1,GLA,stemcells,FOXA1 IP - Rep 5 ,,,
HOXA4,GLA,colon,HOXA4 IP ,,,
ELK1,GLA,uterus,ELK1 IP - HeLa cells,,,
MAX,GLA,cns,MAX IP - SK-N-SH cells,,,
STAT1,GLA,uterus,"STAT1 IP | IFNG - HeLa cells, 30 min",,,
IFNG,GLA,uterus,"STAT1 IP | IFNG - HeLa cells, 30 min",,,
FOXM1,GLA,mammarygland,FOXM1 IP | THSP - DS006,,,
DHT,GLA,prostate,DHT | FOXA1 ChIP-Seq,,,
HIF1A,GLA,bone,HIF1A IP,,,
ZNF83,GLA,colon,ZNF83 IP ,,,
MYBL2,GLA,liver,MYBL2 IP - HepG2 cells,,,
ZNF263,GLA,kidney,ZNF263 IP - HEK293 cells,,,
YY1,GLA,uterus,YY1 IP - ECC1 cells,,,
STAT2,GLA,colon,STAT2 IP ,,,
JUND,GLA,stemcells,JUND IP - H1 cells,,,
ERG,GLA,leukocytes,ERG IP - Rep 1,,,
SP1,GLA,liver,SP1 IP - HepG2 cells,,,
IRF4,GLB1,leukocytes,"IRF4 IP, IRF4 IP - GM12878 cells",,,
CEBPB,GLB1,leukocytes,"CEBPB IP, CEBPB ChIP-Seq - K562, CEBPB IP - K562 cells, CEBPB IP, CEBPB IP, CEBPB IP | oxLDL  - Rep 208, CEBPB IP, CEBPB IP",,,
MYC,GLB1,leukocytes,"MYC IP - NB4 cells, MYC IP | IFNG - K562 cells, 30 min, MYC IP | IFNA1 - K562 cells, 30 min, MYC IP | IFNA1 - K562 cells, 6 h, MYC IP - K562 cells, Rep 1, MYC IP - K562 cells, Rep 2, MYC IP | IFNG - K562 cells, 6 h",,,
IRF1,GLB1,leukocytes,"IRF1 IP - Rep 3, IRF1 IP - Rep 2, IRF1 IP | IFNG - K562 cells, 6 h, IRF1 IP - Rep 1, IRF1 IP | IFNA1-13 - K562 cells, 6 h, IRF1 IP | IFNG - K562 cells, 30 min, IRF1 IP - Rep 4",,,
IFNG,GLB1,leukocytes,"IRF1 IP - Rep 3, STAT1 IP - Rep 5, MYC IP | IFNG - K562 cells, 30 min, IRF1 IP - Rep 2, STAT1 IP - Rep 4, STAT1 IP - Rep 3, MYC IP | IFNG - K562 cells, 6 h, STAT1 IP - Rep 2, IRF1 IP | IFNG - K562 cells, 6 h, IRF1 IP - Rep 1, IRF1 IP | IFNG - K562 cells, 30 min, JUN IP | IFNG - K562 cells, 30 min, IRF1 IP - Rep 4",,,
USF1,GLB1,liver,USF1 IP - HepG2 cells,,,
CEBPB,GLB1,uterus,CEBPB ChIP-Seq - HeLaS3,,,
CREB1,GLB1,liver,"CREB1 IP, CREB1 IP - HepG2 cells, CREB1 IP",,,
TBP,GLB1,leukocytes,TBP IP - K562 cells,,,
STAT1,GLB1,leukocytes,"STAT1 IP - Rep 5, STAT1 IP - Rep 4, STAT1 IP - Rep 3, STAT1 IP - Rep 2",,,
ERG,GLB1,prostate,DHT | ERG ChIP-Seq - 18 h,,,
DHT,GLB1,prostate,DHT | ERG ChIP-Seq - 18 h,,,
MXI1,GLB1,cns,MXI1 IP - SK-N-SH cells ,,,
MAX,GLB1,uterus,"MAX IP - HeLa cells, Rep 1, MAX IP - ECC1 cells, MAX IP - HeLa cells, Rep 2",,,
FOSL2,GLB1,liver,FOSL2 IP - HepG2 cells,,,
GATA2,GLB1,cns,GATA2 ChIP-Seq SH-SY5Y,,,
SRF,GLB1,uterus,SRF IP - ECC1 cells,,,
NFYA,GLB1,uterus,NFYA IP - HeLa cells,,,
FOXP1,GLB1,prostate,FOXP1 ChIP-Seq,,,
SPI1,GLB1,leukocytes,"SPI1 IP - GM12891 cells, SPI1 IP, SPI1 IP, SPI1 IP - HL cells, SPI1 IP, SPI1 IP - K562 cells, SPI1 IP, SPI1 IP, SPI1 IP, ROSI | SPI1 ChIP-Seq, SPI1 IP - U-937 cells, Rep 4 , SPI1 IP - GM12878 cells, Rep 3 , SPI1 IP, SPI1 IP - GM12878 cells, Rep 1 , SPI1 IP - U-937 cells, Rep 1 , SPI1 IP, SPI1 IP - GM12878 cells, SPI1 IP - GM12878 cells, Rep 4 , SPI1 IP, SPI1 IP | RUNX1 KD, SPI1 IP, SPI1 IP - GM12878 cells, Rep 2 ",,,
BCL11A,GLB1,leukocytes,BCL11A IP - GM12878 cells,,,
JUN,GLB1,leukocytes,"JUN IP - K562 cells, Rep 2, JUN IP | IFNA1-13 - 30 min , JUN IP - K562 cells, Rep 1, JUN IP | IFNA1-13 - K562 cells, 6 h, JUN IP | IFNG - K562 cells, 30 min",,,
SP1,GLB1,colon,SP1 IP - HCT116 cells,,,
TAL1,GLB1,megakaryocytelineage,"TAL1 IP - CHRF-288-11 cells, Rep 4 , TAL1 IP - CHRF-288-11 cells, Rep 5 , TAL1 IP - CHRF-288-11 cells, Rep 1 ",,,
EGR1,GLB1,leukocytes,EGR1 IP - K562 cells,,,
MXI1,GLB1,liver,MXI1 IP - HepG2 cells,,,
GATA2,GLB1,vasculature,GATA2 IP - HUVEC cells,,,
MAFK,GLB1,lung,MAFK IP - IMR cells,,,
ETS1,GLB1,leukocytes,"ETS1 IP, ETS1 IP - K562 cells",,,
USF2,GLB1,uterus,USF2 IP - HeLa cells,,,
USF1,GLB1,uterus,USF1 IP - ECC1 cells,,,
MAX,GLB1,leukocytes,"MAX IP - K562 cells, Rep 2, MAX IP - GM12878 cells, MAX IP - K562 cells, MAX IP - NB4 cells",,,
GABPA,GLB1,leukocytes,"GABPA IP - GM12878 cells, Rep 4 , GABPA IP - HL cells, GABPA IP - Jurkat, Rep 2, GABPA IP - K562 cells, GABPA IP - Jurkat, Rep 1, GABPA IP - GM12878 cells, Rep 2 , GABPA IP - GM12878 cells, Rep 5 , GABPA IP - GM12878 cells, Rep 3 , GABPA IP - GM12878 cells, Rep 1 ",,,
CEBPB,GLB1,stemcells,"CEBPB IP, CEBPB IP, CEBPB IP, CEBPB IP, CEBPB IP, CEBPB IP, CEBPB IP",,,
SP1,GLB1,lung,SP1 IP - A549 cells,,,
FOXM1,GLB1,leukocytes,FOXM1 IP - GM12878 cells,,,
USF1,GLB1,lung,"USF1 IP | DEX - A549 cells, USF1 IP - A549 cells, Rep 1, USF1 IP - A549 cells, Rep 2",,,
DEX,GLB1,lung,"USF1 IP | DEX - A549 cells, CREB1 IP | DEX - A549 cells",,,
GATA1,GLB1,leukocytes,"GATA1 ChIP-Seq - K562, GATA1 ChIP-Seq - SC266",,,
TEAD4,GLB1,uterus,TEAD4 IP - ECC1 cells,,,
MAX,GLB1,lung,MAX IP - A549 cells,,,
TCF7L2,GLB1,mammarygland,TCF7L2 ChIP-Seq,,,
CTCF,GLB1,leukocytes,"CTCF IP - MS1 cells, Rep 4 , CTCF ChIP-Seq - GM12878, CTCF IP",,,
TAL1,GLB1,leukocytes,"TAL1 IP - K562 cells, TAL1 IP - MOLT3",,,
TEAD4,GLB1,leukocytes,TEAD4 IP - K562 cells,,,
E2F4,GLB1,mammarygland,E2F4 IP | 4HT - MCF10 cells,,,
4HT,GLB1,mammarygland,E2F4 IP | 4HT - MCF10 cells,,,
USF1,GLB1,colon,USF1 IP - HCT116 cells,,,
JUND,GLB1,liver,JUND IP - HepG2 cells,,,
REST,GLB1,cns,"REST IP - U87 cells, REST IP - SK cells, REST IP - PFSK1 cells, Rep 2",,,
TBP,GLB1,stemcells,TBP IP - H1 cells,,,
SP1,GLB1,leukocytes,"SP1 IP - K562 cells, SP1 IP - GM12878 cells",,,
REST,GLB1,leukocytes,REST IP - K562 cells,,,
EBF1,GLB1,leukocytes,EBF1 IP - GM12878 cells,,,
E2F1,GLB1,prostate,"BICALU | E2F1 ChIP-Seq - Rep 3, E2F1 ChIP-Seq - Rep 1, HES6 OE + BICALU | E2F1 ChIP-Seq - Rep 3, HES6 OE | E2F1 ChIP-Seq - Rep 3, BICALU | E2F1 ChIP-Seq - Rep 1, E2F1 ChIP-Seq - Rep 2, E2F1 ChIP-Seq - Rep 3, HES6 OE | E2F1 ChIP-Seq - Rep 1, HES6 OE + BICALU | E2F1 ChIP-Seq - Rep 1, E2F1 ChIP-Seq - Rep 4",,,
BICALU,GLB1,prostate,"BICALU | E2F1 ChIP-Seq - Rep 3, HES6 OE + BICALU | E2F1 ChIP-Seq - Rep 3, BICALU | E2F1 ChIP-Seq - Rep 1, HES6 OE + BICALU | E2F1 ChIP-Seq - Rep 1",,,
PAX5,GLB1,leukocytes,"PAX5 IP - GM12878 cells, Rep 1, PAX5 IP - GM12878 cells, Rep 2, PAX5 IP - GM12892 cells",,,
FOXA1,GLB1,mammarygland,"FOXA1 IP - T47D cells, DHT | FOXA1 ChIP-Seq",,,
CEBPB,GLB1,lung,"CEBPB IP - A549 cells, CEBPB ChIP-Seq - A549",,,
ARID3A,GLB1,liver,ARID3A IP - HepG2 cells,,,
FOXA2,GLB1,stemcells,FOXA2 IP - ES D5,,,
MAZ,GLB1,leukocytes,"MAZ IP - GM12878 cells, MAZ IP - K562 cells",,,
E2F1,GLB1,uterus,"E2F1 IP - HeLa cells, Rep 2, E2F1 IP - HeLa cells, Rep 1",,,
GABPA,GLB1,prostate,"GABPA IP | R1881, GABPA IP - Rep 1, GABPA IP - Rep 2",,,
R1881,GLB1,prostate,GABPA IP | R1881,,,
BHLHE40,GLB1,leukocytes,"BHLHE40 IP - GM12878 cells, BHLHE40 IP - K562 cells",,,
CEBPB,GLB1,liver,"CEBPB ChIP-Seq - HepG2, CEBPB IP - HepG2 cells, CEBPB IP | FORSK - HepG2 cells",,,
CTCF,GLB1,vasculature,"CTCF IP - HPAF cells, Rep 2 ",,,
ZNF274,GLB1,leukocytes,"ZNF274 IP - K562 cells, Rep 1",,,
OTX2,GLB1,stemcells,OTX2 IP - Rep 10 ,,,
REST,GLB1,lung,REST IP - A549 cells,,,
IFNA1,GLB1,leukocytes,"JUN IP | IFNA1-13 - 30 min , MYC IP | IFNA1 - K562 cells, 30 min, MYC IP | IFNA1 - K562 cells, 6 h, JUN IP | IFNA1-13 - K562 cells, 6 h, IRF1 IP | IFNA1-13 - K562 cells, 6 h, STAT2 IP | IFNA1-13 - K562 cells, 30 min",,,
GATA2,GLB1,leukocytes,"GATA2 IP - K562 cells, GATA2 IP - K562 cells",,,
BACH1,GLB1,stemcells,BACH1 IP - H1 cells,,,
GATA4,GLB1,stomach,GATA4 IP - AGS,,,
CTCF,GLB1,stemcells,"CTCF IP - H1 cells, CTCF IP - H1 cells ",,,
YY1,GLB1,lung,YY1 IP - A549 cells,,,
YY1,GLB1,colon,YY1 IP - HCT116 cells,,,
USF2,GLB1,leukocytes,USF2 IP - GM12878 cells,,,
CREB1,GLB1,leukocytes,"CREB1 IP - GM12878 cells, CREB1 IP - K562 cells",,,
ATF2,GLB1,colon,ATF2 IP ,,,
TP53,GLB1,lung,"TP53 IP - propapoptic, Rep 1",,,
YY1,GLB1,leukocytes,"YY1 IP - GM12878 cells, YY1 IP - K562 cells, Rep 1, YY1 IP - K562 cells, Rep 2",,,
CREB1,GLB1,prostate,"CREB1 ChIP-Seq - Rep 2, CREB1 ChIP-Seq - LNCaP-abl, CREB1 ChIP-Seq - Rep 1, FOXA1 siRNA | CREB1 ChIP-Seq - Rep 1, CREB1 ChIP-Seq - LNCaP, FOXA1 siRNA | CREB1 ChIP-Seq - Rep 2",,,
GATA6,GLB1,stomach,GATA6 IP - YCC3,,,
PBX3,GLB1,cns,PBX3 IP - SK-N-SH cells,,,
MXI1,GLB1,leukocytes,"MXI1 IP - GM12878 cells, MXI1 IP - K562 cells",,,
MTA3,GLB1,leukocytes,MTA3 IP - GM12878 cells,,,
CEBPB,GLB1,mammarygland,CEBPB IP - MCF7 cells,,,
ZNF143,GLB1,leukocytes,ZNF143 IP - K562 cells,,,
MAFF,GLB1,leukocytes,MAFF IP - K562 cells,,,
CUX1,GLB1,leukocytes,"CUX1 IP - GM12878 cells, CUX1 IP - K562 cells",,,
MYC,GLB1,mammarygland,"DHT | MYC ChIP-Seq, MYC IP - MCF-10A cells",,,
DHT,GLB1,mammarygland,"DHT | MYC ChIP-Seq, DHT | FOXA1 ChIP-Seq",,,
NFKB2,GLB1,leukocytes,"NFKB2 IP - Rep 1, NFKB2 IP - Rep 2",,,
FOS,GLB1,leukocytes,FOS IP - K562 cells,,,
HES6,GLB1,prostate,"HES6 OE + BICALU | E2F1 ChIP-Seq - Rep 3, HES6 OE | E2F1 ChIP-Seq - Rep 3, HES6 OE | E2F1 ChIP-Seq - Rep 1, HES6 OE + BICALU | E2F1 ChIP-Seq - Rep 1",,,
MXI1,GLB1,lung,MXI1 IP - IMR cells,,,
SRF,GLB1,colon,SRF IP - HCT116 cells,,,
MYB,GLB1,leukocytes,"MYB IP - Jurkat, Rep 2, MYB IP - Jurkat, Rep 1, MYB IP - Jurkat, Rep 3, MYB IP - Jurkat, Rep 5, MYB IP - Jurkat, Rep 4",,,
RELA,GLB1,leukocytes,"RELA IP | TNF - GM12891 cells, RELA IP | TNF - GM12892 cells, RELA IP | BAY082  - IVD Th1 cells, PIA",,,
TNF,GLB1,leukocytes,"RELA IP | TNF - GM12891 cells, RELA IP | TNF - GM12892 cells",,,
LYL1,GLB1,leukocytes,LYL1 IP - THP-1,,,
ZNF384,GLB1,leukocytes,ZNF384 IP - K562 cells,,,
CEBPA,GLB1,leukocytes,"CEBPA IP - U-937 cells, Rep 2 ",,,
NFYB,GLB1,leukocytes,NFYB IP - K562 cells,,,
CEBPB,GLB1,colon,"CEBPB IP - HCT116 cells, CEBPB IP | 125DVD3",,,
E2F4,GLB1,leukocytes,E2F4 IP - K562 cells,,,
MAX,GLB1,liver,"MAX IP - MCF7 cells, MAX IP - HepG2 cells",,,
GATA4,GLB1,stemcells,"GATA4 IP - Rep 1 , GATA4 IP - Rep 13 ",,,
TAL1,GLB1,colon,TAL1 IP ,,,
POU2F2,GLB1,leukocytes,POU2F2 IP - GM12878 cells,,,
TBP,GLB1,liver,TBP IP - HepG2 cells,,,
E2F1,GLB1,mammarygland,"E2F1 IP, E2F1 IP - MCF7 cells",,,
MAZ,GLB1,uterus,MAZ IP - HeLa cells,,,
FOXA1,GLB1,liver,"FOXA1 IP - HepG2 cells, Rep 2",,,
RELA,GLB1,adiposetissue,"RELA IP, RELA IP",,,
USF1,GLB1,stemcells,USF1 IP - H1 cells,,,
GATA1,GLB1,hspcs,"GATA1 IP - Rep 1, GATA1 IP - PBDE cells, Rep 1, GATA1 IP - Rep 3, GATA1 IP - Rep 2",,,
USF1,GLB1,cns,"USF1 IP - SK-N-SH cells, USF1 IP | ATRA - SK-N-SH cells",,,
CREB1,GLB1,stemcells,CREB1 IP - H1 cells,,,
GTF2B,GLB1,uterus,"GTF2B IP - Rep 2, GTF2B IP - Rep 3",,,
STAT1,GLB1,uterus,"STAT1 IP | IFNG - HeLa cells, 30 min",,,
IFNG,GLB1,uterus,"STAT1 IP | IFNG - HeLa cells, 30 min",,,
ATRA,GLB1,cns,"USF1 IP | ATRA - SK-N-SH cells, YY1 IP | ATRA - SK-N-SH cells",,,
ROSI,GLB1,leukocytes,ROSI | SPI1 ChIP-Seq,,,
TCF12,GLB1,lung,TCF12 IP - A549 cells,,,
ELF1,GLB1,mammarygland,ELF1 IP - MCF7 cells,,,
YY1,GLB1,liver,YY1 IP - HepG2 cells,,,
YY1,GLB1,cns,"YY1 IP - SK-N-SH cells, YY1 IP | ATRA - SK-N-SH cells",,,
TCF7L2,GLB1,uterus,TCF7L2 IP - HeLa cells,,,
FOXA2,GLB1,liver,FOXA2 IP - HepG2 cells,,,
BATF,GLB1,leukocytes,BATF IP - GM12878 cells,,,
TP53,GLB1,colon,TP53 IP | TP53 KO,,,
HMGN3,GLB1,leukocytes,HMGN3 IP - K562 cells,,,
NFKB1,GLB1,leukocytes,"NFKB1 IP - Rep 1, NFKB1 IP - Rep 2",,,
ARID3A,GLB1,leukocytes,ARID3A IP - K562 cells,,,
MAZ,GLB1,lung,MAZ IP - IMR cells,,,
IRF1,GLB1,colon,IRF1 IP ,,,
TCF3,GLB1,leukocytes,TCF3 IP - GM12878 cells,,,
HEY1,GLB1,liver,HEY1 IP - HepG2 cells,,,
FOXA2,GLB1,embryonictissue,FOXA2 IP - Rep 2,,,
EGR1,GLB1,colon,EGR1 IP - HCT116 cells,,,
TBP,GLB1,uterus,TBP IP - HeLa cells,,,
USF1,GLB1,leukocytes,"USF1 IP - K562 cells, USF1 IP - GM12878 cells",,,
GABPA,GLB1,uterus,GABPA IP - HeLa cells,,,
JUND,GLB1,cns,JUND IP - SK-N-SH cells ,,,
GABPA,GLB1,lung,GABPA IP - A549 cells,,,
HNF1B,GLB1,pancreas,HNF1B IP,,,
JUND,GLB1,lung,JUND IP - A549 cells,,,
ELF1,GLB1,leukocytes,"ELF1 IP - SK-N-SH cells, ELF1 IP - SK-N-SH cells",,,
HNF1B,GLB1,stemcells,HNF1B IP - Rep 1 ,,,
ZBTB7A,GLB1,leukocytes,ZBTB7A IP - SK-N-SH cells,,,
RUNX1,GLB1,hspcs,"RUNX1, RUNX1 IP",,,
GATA2,GLB1,hspcs,GATA2 IP,,,
JUND,GLB1,leukocytes,JUND IP - K562 cells,,,
ATF3,GLB1,leukocytes,"ATF3 IP - K562 cells, ATF3 IP - GM12878 cells",,,
RUNX1,GLB1,leukocytes,"RUNX1 IP, SPI1 IP | RUNX1 KD",,,
JUN,GLB1,colon,JUN IP ,,,
GABPA,GLB1,liver,GABPA IP - MCF7 cells,,,
TCF12,GLB1,cns,TCF12 IP - SK-N-SH cells,,,
E2F6,GLB1,leukocytes,"E2F6 IP - K562 cells, E2F6 IP - K562 cells",,,
UBTF,GLB1,leukocytes,"UBTF IP - K562 cells, UBTF IP - K562 cells",,,
MYC,GLB1,liver,MYC IP,,,
KLF5,GLB1,stomach,KLF5 IP - KATOIII,,,
HIF1A,GLB1,bone,HIF1A IP,,,
E2F6,GLB1,stemcells,E2F6 IP - H1 cells,,,
TP63,GLB1,skin,"TP63 IP, TP63 IP",,,
GATA3,GLB1,mammarygland,GATA3 IP - T47D cells,,,
FOXA2,GLB1,lung,FOXA2 IP - A549 cells,,,
STAT3,GLB1,leukocytes,STAT3 IP - OCI-LY10,,,
TCF12,GLB1,uterus,TCF12 IP - ECC1 cells,,,
ZEB1,GLB1,liver,ZEB1 IP - HepG2 cells,,,
MAZ,GLB1,liver,MAZ IP - HepG2 cells,,,
STAT5B,GLB1,leukocytes,STAT5B IP | IL2 - Rep 2,,,
IL2,GLB1,leukocytes,STAT5B IP | IL2 - Rep 2,,,
MYBL2,GLB1,liver,MYBL2 IP - HepG2 cells,,,
MAFK,GLB1,liver,"MAFK IP - HepG2 cells, Rep 2, MAFK IP - HepG2 cells, Rep 1",,,
HEY1,GLB1,leukocytes,HEY1 IP - K562 cells,,,
FOXA1,GLB1,prostate,"FOXA1 siRNA | CREB1 ChIP-Seq - Rep 1, FOXA1 siRNA | CREB1 ChIP-Seq - Rep 2",,,
SRF,GLB1,leukocytes,SRF IP - SK-N-SH cells,,,
SRF,GLB1,liver,SRF IP - HepG2 cells,,,
STAT5A,GLB1,leukocytes,STAT5A IP - K562 cells,,,
FOS,GLB1,vasculature,FOS IP - HUVEC cells,,,
TP53,GLB1,mammarygland,TP53 IP,,,
FORSK,GLB1,liver,CEBPB IP | FORSK - HepG2 cells,,,
BAY082,GLB1,leukocytes,"RELA IP | BAY082  - IVD Th1 cells, PIA",,,
MAX,GLB1,cns,MAX IP - SK-N-SH cells,,,
GABPA,GLB1,cns,GABPA IP - SK-N-SH cells,,,
ATF2,GLB1,leukocytes,ATF2 IP - GM12878 cells,,,
STAT2,GLB1,leukocytes,"STAT2 IP | IFNA1-13 - K562 cells, 30 min",,,
MAX,GLB1,stemcells,MAX IP - H1 cells,,,
MAX,GLB1,colon,MAX IP - HCT116 cells,,,
MAFF,GLB1,liver,MAFF IP - HepG2 cells,,,
KLF5,GLB1,pancreas,KLF5 IP,,,
125DVD3,GLB1,colon,CEBPB IP | 125DVD3,,,
FOSL1,GLB1,leukocytes,FOSL1 IP - K562 cells,,,
ELF1,GLB1,colon,ELF1 IP - HCT116 cells,,,
GATA3,GLB1,cns,GATA3 IP - SK-N-SH cells,,,
YY1,GLB1,stemcells,YY1 IP - H1 cells,,,
CREB1,GLB1,lung,CREB1 IP | DEX - A549 cells,,,
BHLHE40,GLB1,liver,BHLHE40 IP - HepG2 cells,,,
TCF21,GLB1,vasculature,TCF21 IP,,,
KLF11,GLB1,adiposetissue,"KLF11 ChIP-Seq, Rep 2",,,
MYC,GLB1,lung,MYC IP - A549 cells,,,
SP1,GLB1,stemcells,SP1 IP - H1 cells,,,
FOSL2,GLB1,lung,FOSL2 IP - A549 cells,,,
JUND,GLB1,colon,JUND IP - HCT116 cells,,,
FOXA1,GLB1,lung,FOXA1 IP - A549 cells,,,
MYC,GLB1,uterus,MYC IP - HeLa cells,,,
FOXP1,GLB1,leukocytes,FOXP1 IP - OCI-LY10,,,
FOSL1,GLB1,colon,FOSL1 IP - HCT116 cells,,,
ATF1,GLB1,leukocytes,ATF1 IP - K562 cells,,,
FOXA1,HEXA,mammarygland,"FOXA1 ChIP-Seq - Rep 1, 17BE2 | FOXA1 ChIP-Seq - Rep 1, FOXA1 ChIP-Seq - Rep 2, DEX | FOXA1 ChIP-Seq - Rep 1, 17BE2 | FOXA1 ChIP-Seq, 17BE2 | FOXA1 ChIP-Seq - Rep 2, 17BE2 | FOXA1 ChIP-Seq - Rep 1, TNF | FOXA1 ChIP-Seq - Rep 1, DEX | FOXA1 ChIP-Seq - Rep 1, 17BE2 | FOXA1 ChIP-Seq - Rep 1, DHT | FOXA1 ChIP-Seq, FOXA1 ChIP-Seq - Rep 1, DEX | FOXA1 ChIP-Seq - Rep 1, 17BE2 | FOXA1 ChIP-Seq - Rep 2, FOXA1 ChIP-Seq - Rep 1, DEX | FOXA1 ChIP-Seq - Rep 2, 17BE2 | FOXA1 ChIP-Seq - Rep 1, FOXA1 ChIP-Seq, 17BE2 + TNF | FOXA1 ChIP-Seq - Rep 2, DEX | FOXA1 ChIP-Seq - Rep 2, TNF | FOXA1 ChIP-Seq - Rep 2, FOXA1 ChIP-Seq - Rep 2, FOXA1 ChIP-Seq - Rep 1, FOXA1 ChIP-Seq - Rep 2, 17BE2 | FOXA1 ChIP-Seq - Rep 2, 17BE2 | FOXA1 ChIP-Seq - Rep 2, DEX | FOXA1 ChIP-Seq - Rep 2, FOXA1 ChIP-Seq - Rep 2",,,
KLF11,HEXA,adiposetissue,"ROSI (BrAT) | KLF11 ChIP-Seq, Rep 2, KLF11 ChIP-Seq, Rep 2",,,
ROSI,HEXA,adiposetissue,"ROSI (BrAT) | KLF11 ChIP-Seq, Rep 2",,,
CREB1,HEXA,prostate,"CREB1 ChIP-Seq - LNCaP-abl, FOXA1 siRNA | CREB1 ChIP-Seq - Rep 2, CREB1 siRNA | FOXA1 ChIP-Seq - Rep 1, CREB1 ChIP-Seq - Rep 1, FOXA1 siRNA | CREB1 ChIP-Seq - Rep 1, CREB1 ChIP-Seq - LNCaP, CREB1 ChIP-Seq - Rep 2, CREB1 siRNA | FOXA1 ChIP-Seq - Rep 2",,,
GATA2,HEXA,prostate,"GATA2 ChIP-Seq - Rep 1, GATA2 KD + R1881 | FOXA1 ChIP-Seq, GATA2 ChIP-Seq - Rep 2, GATA2 KD  | FOXA1 ChIP-Seq, GATA2 ChIP-Seq",,,
17BE2,HEXA,mammarygland,"17BE2 | FOXA1 ChIP-Seq - Rep 1, 17BE2 | FOXA1 ChIP-Seq, 17BE2 | FOXA1 ChIP-Seq - Rep 2, 17BE2 | FOXA1 ChIP-Seq - Rep 1, 17BE2 | FOXA1 ChIP-Seq - Rep 1, 17BE2 | FOXA1 ChIP-Seq - Rep 2, 17BE2 | FOXA1 ChIP-Seq - Rep 1, 17BE2 | FOXA1 ChIP-Seq - Rep 2, 17BE2 | FOXA1 ChIP-Seq - Rep 2",,,
FOXA1,HEXA,prostate,"CON KD + R1881 | FOXA1 ChIP-Seq - Rep 2, DHT | FOXA1 ChIP-Seq, GATA2 KD + R1881 | FOXA1 ChIP-Seq, FOXA1 ChIP-Seq, FOXA1 KD | FOXA1 ChIP-Seq, POU2F1 KD + DHT | FOXA1 ChIP-Seq, PIAS1 + R1881 | FOXA1 ChIP-Seq - Rep 1, FOXA1 ChIP-Seq - Rep 2, FOXA1 siRNA | CREB1 ChIP-Seq - Rep 2, EtOH | FOXA1 ChIP-Seq - Rep 2, CREB1 siRNA | FOXA1 ChIP-Seq - Rep 1, FOXA1 ChIP-Seq - LNCaP, CON KD | FOXA1 ChIP-Seq, FOXA1 ChIP-Seq - LNCaP-abl, CON KD  | FOXA1 ChIP-Seq, GATA2 KD  | FOXA1 ChIP-Seq, FOXA1 ChIP-Seq, R1881 | FOXA1 ChIP-Seq - Rep 1, FOXA1 ChIP-Seq, CON KD + R1881 | FOXA1 ChIP-Seq - Rep 1, FOXA1 ChIP-Seq - Rep 2, FOXA1 siRNA | CREB1 ChIP-Seq - Rep 1, CON KD | FOXA1 ChIP-Seq, CON KD + R1881 | FOXA1 ChIP-Seq, CON KD | FOXA1 ChIP-Seq, PIAS1 + R1881 | FOXA1 ChIP-Seq - Rep 2, CREB1 siRNA | FOXA1 ChIP-Seq - Rep 2, FOXA1 KD | FOXA1 ChIP-Seq, R1881 | FOXA1 ChIP-Seq - Rep 2, FOXA1 ChIP-Seq, FOXA1 ChIP-Seq - Rep 1, EtOH | FOXA1 ChIP-Seq - , DHT | FOXA1 ChIP-Seq",,,
R1881,HEXA,prostate,"CON KD + R1881 | FOXA1 ChIP-Seq - Rep 2, GATA2 KD + R1881 | FOXA1 ChIP-Seq, PIAS1 + R1881 | FOXA1 ChIP-Seq - Rep 1, R1881 | FOXA1 ChIP-Seq - Rep 1, CON KD + R1881 | FOXA1 ChIP-Seq - Rep 1, CON KD + R1881 | FOXA1 ChIP-Seq, PIAS1 + R1881 | FOXA1 ChIP-Seq - Rep 2, R1881 | FOXA1 ChIP-Seq - Rep 2",,,
ERG,HEXA,prostate,"DHT | ERG ChIP-Seq - 18 h, ERG ChIP-Seq, ERG ChIP-Seq, DMSO | ERG ChIP-Seq - Rep 2, DHT | ERG ChIP-Seq - 2 h, JQI | ERG ChIP-Seq - Rep 2, DMSO | ERG ChIP-Seq - Rep 1, JQI | ERG ChIP-Seq - Rep 1, ERG | ERG ChIP-Seq",,,
DHT,HEXA,prostate,"DHT | ERG ChIP-Seq - 18 h, DHT | FOXA1 ChIP-Seq, POU2F1 KD + DHT | FOXA1 ChIP-Seq, DHT | ERG ChIP-Seq - 2 h, DHT | FOXA1 ChIP-Seq",,,
MYC,HEXA,mammarygland,DHT | MYC ChIP-Seq,,,
DHT,HEXA,mammarygland,"DHT | MYC ChIP-Seq, DHT | FOXA1 ChIP-Seq",,,
CTCF,HEXA,leukocytes,CTCF ChIP-Seq - GM12878,,,
DEX,HEXA,mammarygland,"DEX | FOXA1 ChIP-Seq - Rep 1, DEX | FOXA1 ChIP-Seq - Rep 1, DEX | FOXA1 ChIP-Seq - Rep 1, DEX | FOXA1 ChIP-Seq - Rep 2, DEX | FOXA1 ChIP-Seq - Rep 2, DEX | FOXA1 ChIP-Seq - Rep 2",,,
CEBPB,HEXA,uterus,CEBPB ChIP-Seq - HeLaS3,,,
POU2F1,HEXA,prostate,POU2F1 KD + DHT | FOXA1 ChIP-Seq,,,
PIAS1,HEXA,prostate,"PIAS1 + R1881 | FOXA1 ChIP-Seq - Rep 1, PIAS1 + R1881 | FOXA1 ChIP-Seq - Rep 2",,,
E2F1,HEXA,prostate,HES6 OE | E2F1 ChIP-Seq - Rep 1,,,
HES6,HEXA,prostate,HES6 OE | E2F1 ChIP-Seq - Rep 1,,,
TNF,HEXA,mammarygland,"TNF | FOXA1 ChIP-Seq - Rep 1, TNF | FOXA1 ChIP-Seq - Rep 2",,,
CTCF,HEXA,lung,CTCF ChIP-Seq - A549,,,
CEBPB,HEXA,lung,"CEBPB ChIP-Seq - A549, CEBPB ChIP-Seq - IMR90",,,
CTCF,HEXA,adiposetissue,CTCF ChIP-Seq - d 0,,,
TCF7L2,HEXA,mammarygland,TCF7L2 ChIP-Seq,,,
CEBPB,HEXA,liver,CEBPB ChIP-Seq - HepG2,,,
JQ1,HEXA,prostate,"JQI | ERG ChIP-Seq - Rep 2, JQI | ERG ChIP-Seq - Rep 1",,,
17BE2; TNF,HEXA,mammarygland,17BE2 + TNF | FOXA1 ChIP-Seq - Rep 2,,,
SPI1,HEXA,leukocytes,ROSI | SPI1 ChIP-Seq,,,
ROSI,HEXA,leukocytes,ROSI | SPI1 ChIP-Seq,,,
CEBPB,HEXA,leukocytes,CEBPB ChIP-Seq - K562,,,
GATA2,HEXA,cns,GATA2 ChIP-Seq SH-SY5Y,,,
SPI1,NEU1,leukocytes,"SPI1 IP - GM12878 cells, Rep 2 , SPI1 IP, SPI1 IP, SPI1 IP, SPI1 IP - GM12878 cells, SPI1 IP, SPI1 IP - K562 cells, SPI1 IP, SPI1 IP, SPI1 IP - HL cells, SPI1 IP",,,
REST,NEU1,cns,"REST IP - SK cells, REST IP - PFSK1 cells, Rep 2, REST IP - PFSK-N-SH cells1 cells, Rep 1",,,
FOSL2,NEU1,lung,FOSL2 IP - A549 cells,,,
CTCF,NEU1,skin,"CTCF IP - AG10803 cells, Rep 2 , CTCF IP - AG04449 cells, Rep 1 , CTCF IP - HFFC cells, Rep 3 , CTCF IP - NHDF cells, Rep 1 , CTCF IP - HFFC cells, Rep 2 , CTCF IP - NHEK cells, Rep 2 , CTCF IP - BJ cells, Rep 2 , CTCF IP - NHEK cells , CTCF IP - AG09309 cells, Rep 1 , CTCF IP - AG04449 cells, Rep 2 , CTCF IP - BJ cells, Rep 1 , CTCF IP - GM12878 cells, Rep 2 , CTCF IP - AG10803 cells, Rep 1 , CTCF IP - NHDF cells , CTCF IP - HFFC cells, Rep 1 , CTCF IP - NHDF cells, Rep 2 ",,,
CTCF,NEU1,hspcs,"CTCF IP - HEL 92.1.7 cells, Rep 5 , CTCF IP - HEL 92.1.7 cells, Rep 2 , CTCF IP - Erythroid cells, Rep 1, CTCF IP - HEL 92.1.7 cells, Rep 14 , CTCF IP - HEL 92.1.7 cells, Rep 8 ",,,
EGR1,NEU1,colon,EGR1 IP - HCT116 cells,,,
GABPA,NEU1,liver,"GABPA IP - HepG2 cells, GABPA IP, GABPA IP - MCF7 cells",,,
CTCF,NEU1,leukocytes,"CTCF IP - K562 cells, CTCF IP - GM12814 cells, Rep 1, CTCF IP - MS1 cells, Rep 2 , CTCF IP - GM12875 cells, Rep 2 , CTCF IP - GM12815 cells, Rep 2, CTCF IP - GM12878 cells , CTCF IP - GM2630 cells, Rep 3 , CTCF IP - K562 cells, Rep 14 , CTCF IP - GM12890 cells, Rep 3 , CTCF IP - GM11881 cells, CTCF IP - HeLa cells, Rep 2 , CTCF IP - GM18505 cells, Rep 1 , CTCF IP - F36P cells, Rep 3 , CTCF IP - GM12891 cells, Rep 2 , CTCF IP - GM19239 cells, Rep 2 , CTCF IP - GM2610 cells, Rep 3 , CTCF IP - F36P cells, Rep 11 , CTCF IP - GM06986 cells, CTCF IP -  CD20+ cells , CTCF IP - F36P cells, Rep 7 , CTCF IP - K562 cells, Rep 16 , CTCF IP - GM2630 cells, Rep 1 , CTCF IP - NB4 cells , CTCF IP - GM19240 cells, Rep 1 , CTCF IP - GM12868 cells , CTCF IP - GM10847 cells, Rep 2 , CTCF IP - GM12865 cells, Rep 1 , CTCF IP - GM19099 cells, Rep 2 , CTCF IP - GM19099 cells, Rep 1 , CTCF IP - GM12873 cells, Rep 1 , CTCF IP - GM12864 cells, Rep 3 , CTCF IP - KU812 cells, Rep 5 , CTCF IP - GM12814 cells, Rep 2, CTCF IP - GM12890 cells, Rep 2 , CTCF IP - GM2255 cells, Rep 1 , CTCF IP - GM12874 cells, Rep 2 , CTCF IP - GM12828 cells, CTCF IP - F36P cells, Rep 19 , CTCF IP - GM19239 cells, Rep 1 , CTCF IP - GM12878 cells, Rep 1 , CTCF IP - GM12234 cells, CTCF IP - CD14+ cells , CTCF IP - GM11811 cells, Rep 1, CTCF IP - GM18951 cells, Rep 2 , CTCF ChIP-Seq - GM12878, CTCF IP - K562 cells, Rep 15 , CTCF IP - GM2588 cells, Rep 2 , CTCF IP - GM12874 cells, Rep 1 , CTCF IP - MS1 cells, Rep 4 , CTCF IP - GM06990 cells, Rep 2 , CTCF IP - GM12891 cells, Rep 1 , CTCF IP - GM12749 cells, Rep 1, CTCF IP - GM12878 cells, Rep 1 , CTCF IP - GM18486 cells, Rep 2 , CTCF IP - GM12873 cells, Rep 1 , CTCF IP - GM2588 cells, Rep 3 , CTCF IP -  DND , CTCF IP - K562 cells, Rep 12 , CTCF IP - GM18526 cells, Rep 2 , CTCF IP - GM18505 cells, Rep 2 , CTCF IP - GM18486 cells, Rep 1 , CTCF IP - F36P cells, Rep 2 , CTCF IP - MS1 cells, Rep 1 , CTCF IP - GM12872 cells, Rep 3 , CTCF IP - F36P cells, Rep 14 , CTCF IP - GM12870 cells , CTCF IP - GM12867 cells , CTCF IP - GM18951 cells, Rep 1 , CTCF IP - HL , CTCF IP - GM12892 cells, Rep 1 , CTCF IP - GM12864 cells, Rep 2 , CTCF IP - K562 cells, CTCF IP - GM2610 cells, Rep 1 , CTCF IP - GM11994 cells, Rep 2, CTCF IP - GM07346 cells, CTCF IP - GM19193 cells, Rep 2 , CTCF IP - GM12154 cells, Rep 2, CTCF IP - F36P cells, Rep 10 , CTCF IP - GM18526 cells, Rep 1 , CTCF IP - UT-7 cells, Rep 5 , CTCF IP - GM11831 cells, CTCF IP, CTCF IP - GM12864 cells, Rep 1 , CTCF IP - GM12869 cells , CTCF IP - GM12875 cells, Rep 1 , CTCF IP - UT-7 cells, Rep 6 , CTCF IP - GM12892 cells, Rep 2 , CTCF IP - K562 cells, Rep 13 , CTCF IP - GM12873 cells, Rep 3 , CTCF IP - KU812 cells, Rep 17 , CTCF IP - KU812 cells, Rep 13 , CTCF IP - K562 cells, Rep 2 , CTCF IP - GM12890 cells, Rep 1 , CTCF IP - UT-7 cells, Rep 3 , CTCF IP - GM12872 cells, Rep 1 , CTCF IP - GM18486 cells, Rep 3 , CTCF IP - GM12874 cells, CTCF IP - GM12878 cells, Rep 2 , CTCF IP - K562 cells , CTCF IP - K562 cells, Rep 11 , CTCF IP - GM12871 cells , CTCF IP - GM2255 cells, Rep 2 , CTCF IP - GM2588 cells, Rep 1 , CTCF IP - F36P cells, Rep 15 , CTCF IP - MS1 cells, Rep 3 , CTCF IP - GM2630 cells, Rep 2 , CTCF IP - GM12815 cells, Rep 1, CTCF IP - GM11994 cells, Rep 1, CTCF IP - GM12154 cells, Rep 1, CTCF IP - GM12866 cells , CTCF IP - UT-7 cells, Rep 2 , CTCF IP - GM11811 cells, Rep 2, CTCF IP - F36P cells, Rep 6 , CTCF IP - GM2610 cells, Rep 2 , CTCF IP - GM12872 cells, Rep 2 , CTCF IP - UT-7 cells, Rep 4 , CTCF IP - F36P cells, Rep 9 , CTCF IP - GM12878 cells, Rep 2 , CTCF IP - GM19238 cells, Rep 1 , CTCF IP - GM19240 cells, Rep 2 , CTCF IP - GM10847 cells, Rep 1 , CTCF IP - GM12865 cells, Rep 3 , CTCF IP - GM2255 cells, Rep 3 , CTCF IP - GM19238 cells, Rep 2 , CTCF IP - KU812 cells, Rep 1 , CTCF IP - GM06990 cells, Rep 1 , CTCF IP - KU812 cells, Rep 9 , CTCF IP - GM12865 cells, Rep 2 , CTCF IP - K562 cells, Rep 1 , CTCF IP - GM19193 cells, Rep 1 ",,,
HEY1,NEU1,liver,HEY1 IP - HepG2 cells,,,
SP1,NEU1,stemcells,"SP1 IP - Rep 1 , SP1 IP - H1 cells, SP1 IP - Rep 2 ",,,
MAZ,NEU1,liver,MAZ IP - HepG2 cells,,,
CTCF,NEU1,placenta,"CTCF IP - HVMF cells, Rep 2 , CTCF IP - HVMF cells, Rep 1 ",,,
MAX,NEU1,leukocytes,"MAX IP - GM12878 cells, MAX IP - NB4 cells, MAX IP - K562 cells, MAX IP - K562 cells, Rep 2, MAX IP - K562 cells, Rep 1",,,
CTCF,NEU1,mammarygland,"CTCF IP - MCF-7 cells Rep 2 , CTCF IP - MCF-7 cells, Rep 1 , CTCF IP - HMF cells, Rep 1 , CTCF IP - MCF7 cells, CTCF IP - HMF cells, Rep 2 , CTCF IP - HMEC cells , CTCF IP - HMEC cells, Rep 2 , CTCF IP - HMEC cells, Rep 1 ",,,
FOXA2,NEU1,embryonictissue,"FOXA2 IP - Rep 1, FOXA2 IP - Rep 2",,,
CTCF,NEU1,sensory,"CTCF IP - HRPEpiC cells, Rep 2 , CTCF IP - WERI , CTCF IP - WERI-Rb-1- cells, Rep 1 , CTCF IP - HRPEpiC cells, Rep 1 ",,,
MYC,NEU1,mammarygland,"MYC IP | 4HT - MCF10A cells, DHT | MYC ChIP-Seq, MYC IP - MCF-10A cells",,,
4HT,NEU1,mammarygland,"MYC IP | 4HT - MCF10A cells, FOS IP | 4HT - MCF10A cells, 12 h, STAT3 IP | 4HT - MCF10 cells, 36 h, FOS IP | 4HT - MCF10A cells, 4 h, STAT3 IP | 4HT - MCF10 cells, 12 h, E2F4 IP | 4HT - MCF10 cells, FOS IP | 4HT - MCF10A cells, 36 h",,,
EGR1,NEU1,stemcells,EGR1 IP - H1 cells,,,
FOXA1,NEU1,prostate,"EtOH | FOXA1 ChIP-Seq - Rep 2, CREB1 siRNA | FOXA1 ChIP-Seq - Rep 2, R1881 | FOXA1 ChIP-Seq - Rep 1, CON KD | FOXA1 ChIP-Seq, FOXA1 ChIP-Seq - Rep 1, FOXA1 siRNA | CREB1 ChIP-Seq - Rep 1, FOXA1 ChIP-Seq - Rep 2, CREB1 siRNA | FOXA1 ChIP-Seq - Rep 1, CON KD + R1881 | FOXA1 ChIP-Seq - Rep 1, GATA2 KD  | FOXA1 ChIP-Seq, EtOH | FOXA1 ChIP-Seq - , FOXA1 ChIP-Seq, DHT | FOXA1 ChIP-Seq, R1881 | FOXA1 ChIP-Seq - Rep 2, CON KD | FOXA1 ChIP-Seq, FOXA1 siRNA | CREB1 ChIP-Seq - Rep 2, FOXA1 ChIP-Seq - LNCaP-abl, CON KD + R1881 | FOXA1 ChIP-Seq - Rep 2, PIAS1 + R1881 | FOXA1 ChIP-Seq - Rep 2, PIAS1 + R1881 | FOXA1 ChIP-Seq - Rep 1, CON KD | FOXA1 ChIP-Seq, FOXA1 ChIP-Seq",,,
ZEB1,NEU1,liver,ZEB1 IP - HepG2 cells,,,
GABPA,NEU1,leukocytes,"GABPA IP - K562 cells, GABPA IP - GM12878 cells, Rep 1 , GABPA IP - GM12878 cells, Rep 4 , GABPA IP - Jurkat, Rep 1, GABPA IP - GM12878 cells, Rep 2 , GABPA IP - Jurkat, Rep 2, GABPA IP - GM12878 cells, Rep 5 ",,,
DHT,NEU1,mammarygland,"DHT | MYC ChIP-Seq, DHT | FOXA1 ChIP-Seq",,,
SP1,NEU1,lung,SP1 IP - A549 cells,,,
ELF1,NEU1,leukocytes,"ELF1 IP - SK-N-SH cells, ELF1 IP - SK-N-SH cells",,,
MYC,NEU1,leukocytes,"MYC IP - K562 cells, Rep 1, MYC IP | IFNA1 - K562 cells, 30 min, MYC IP - NB4 cells, MYC IP | IFNG - K562 cells, 30 min, MYC IP | IFNA1 - K562 cells, 6 h, MYC IP | IFNG - K562 cells, 6 h, MYC IP - K562 cells, Rep 2",,,
CTCF,NEU1,colon,"CTCF IP - HCT116 cells, Rep 2 , CTCF IP - Caco-2 cells, Rep 1 , CTCF IP - HCT116 cells, Rep 1 , CTCF IP - HCT116 cells, CTCF IP - Caco ",,,
RELA,NEU1,colon,RELA IP ,,,
YY1,NEU1,leukocytes,"YY1 IP - GM12891 cells, YY1 IP - K562 cells, Rep 2, YY1 IP - K562 cells, Rep 1, YY1 IP - GM12878 cells, YY1 IP - GM12892 cells, Rep 1",,,
CTCF,NEU1,vasculature,"CTCF IP - HUVEC cells, Rep 1 , CTCF IP - AoAFC cells, Rep 2 , CTCF IP - HPAF cells, Rep 2 , CTCF IP - HUVEC cells, Rep 2 , CTCF IP - HPAF cells, Rep 1 , CTCF IP - AoAFC cells, Rep 1 , CTCF IP - HUVEC cells , CTCF IP - HBMEC cells, Rep 2 , CTCF IP - HBMEC cells, Rep 1 ",,,
FOSL2,NEU1,liver,FOSL2 IP - HepG2 cells,,,
FOS,NEU1,mammarygland,"FOS IP | 4HT - MCF10A cells, 12 h, FOS IP - MCF10A cells, FOS IP | 4HT - MCF10A cells, 4 h, FOS IP | 4HT - MCF10A cells, 36 h",,,
E2F1,NEU1,prostate,"HES6 OE | E2F1 ChIP-Seq - Rep 4, BICALU | E2F1 ChIP-Seq - Rep 1, BICALU | E2F1 ChIP-Seq - Rep 2, BICALU + HES6OE | E2F1 ChIP-Seq - Rep 4, BICALU | E2F1 ChIP-Seq - Rep 3, HES6 OE | E2F1 ChIP-Seq - Rep 2, HES6 OE | E2F1 ChIP-Seq - Rep 3, E2F1 ChIP-Seq - Rep 2, E2F1 ChIP-Seq - Rep 3, HES6 OE + BICALU | E2F1 ChIP-Seq - Rep 1, HES6 OE | E2F1 ChIP-Seq - Rep 1, E2F1 ChIP-Seq - Rep 4, E2F1 ChIP-Seq - Rep 1, HES6 OE + BICALU | E2F1 ChIP-Seq - Rep 3",,,
HES6,NEU1,prostate,"HES6 OE | E2F1 ChIP-Seq - Rep 4, BICALU + HES6OE | E2F1 ChIP-Seq - Rep 4, HES6 OE | E2F1 ChIP-Seq - Rep 2, HES6 OE | E2F1 ChIP-Seq - Rep 3, HES6 OE + BICALU | E2F1 ChIP-Seq - Rep 1, HES6 OE | E2F1 ChIP-Seq - Rep 1, HES6 OE + BICALU | E2F1 ChIP-Seq - Rep 3",,,
PAX5,NEU1,leukocytes,"PAX5 IP - GM12892 cells, PAX5 IP - GM12878 cells, Rep 1, PAX5 IP - GM12878 cells, Rep 2",,,
TCF12,NEU1,leukocytes,TCF12 IP - GM12878 cells,,,
CTCF,NEU1,adiposetissue,"CTCF ChIP-Seq - d -2, CTCF ChIP-Seq - d 0, CTCF ChIP-Seq - d 3, CTCF ChIP-Seq - d 9",,,
E2F4,NEU1,uterus,E2F4 IP - HeLa cells,,,
STAT3,NEU1,leukocytes,"STAT3 IP - OCI-LY10, STAT3 IP - SU-DHL-2, STAT3 IP - OCI-LY7, STAT3 IP - U-2932, STAT3 IP - SU-DHL-6, STAT3 IP - OCI-LY19, STAT3 IP - SU-DHL-4",,,
IFNA1,NEU1,leukocytes,"MYC IP | IFNA1 - K562 cells, 30 min, JUN IP | IFNA1-13 - 30 min , IRF1 IP | IFNA1-13 - K562 cells, 6 h, MYC IP | IFNA1 - K562 cells, 6 h",,,
GABPA,NEU1,cns,GABPA IP - SK-N-SH cells,,,
JUND,NEU1,mammarygland,"JUND IP - T47D cells, JUND IP - MCF7 cells",,,
CREB1,NEU1,leukocytes,"CREB1 IP, CREB1 IP - K562 cells, CREB1 IP - GM12878 cells, CREB1 IP",,,
CREB1,NEU1,prostate,"CREB1 ChIP-Seq - Rep 1, CREB1 siRNA | FOXA1 ChIP-Seq - Rep 2, FOXA1 siRNA | CREB1 ChIP-Seq - Rep 1, CREB1 ChIP-Seq - LNCaP, CREB1 ChIP-Seq - LNCaP-abl, CREB1 siRNA | FOXA1 ChIP-Seq - Rep 1, CREB1 ChIP-Seq - Rep 2, FOXA1 siRNA | CREB1 ChIP-Seq - Rep 2",,,
SIX2,NEU1,kidney,"SIX2 IP - 17 weeks, Rep 2",,,
CTCF,NEU1,kidney,"CTCF IP - RPTEC cells, Rep 1 , CTCF IP - HEK293 cells, Rep 2 , CTCF IP - HEK293 cells, Rep 1 , CTCF IP - HRE cells, Rep 1 , CTCF IP - RPTEC cells, Rep 2 , CTCF IP - HRE cells, Rep 2 ",,,
CTCF,NEU1,lung,"CTCF IP - AG04450 cells, Rep 2 , CTCF IP | DEX - A549 cells, CTCF IP - HPF cells, Rep 2 , CTCF IP - A549 cells, CTCF IP - A549 cells, Rep 2 , CTCF IP - NHLF cells , CTCF IP - AG04450 cells, Rep 1 , CTCF ChIP-Seq - A549, CTCF IP - IMR cells, CTCF IP | DEX - A549 cells , CTCF IP - A549 cells , CTCF IP - SAEC cells, Rep 2 , CTCF IP - HPF cells, Rep 1 , CTCF IP - NHLF cells , CTCF IP - SAEC cells, Rep 1 ",,,
BARX1,NEU1,colon,BARX1 IP - Rep 1 ,,,
ATF3,NEU1,stemcells,ATF3 IP - H1 cells,,,
FOXP1,NEU1,colon,FOXP1 IP ,,,
SP1,NEU1,leukocytes,"SP1 IP - K562 cells, SP1 IP - GM12878 cells",,,
CEBPB,NEU1,colon,"CEBPB IP | 125DVD3, CEBPB IP - HCT116 cells",,,
125DVD3,NEU1,colon,"CEBPB IP | 125DVD3, CDX2 IP | 125DVD3",,,
CTCF,NEU1,megakaryocytelineage,"CTCF IP - MEG-01 cells, Rep 6 , CTCF IP - MEG-01 cells, Rep 2 , CTCF IP - MEG-01 cells, Rep 4 , CTCF IP - MEG-01 cells, Rep 10 , CTCF IP - MEG-01 cells, Rep 8 ",,,
FOXA1,NEU1,mammarygland,"DEX | FOXA1 ChIP-Seq - Rep 1, DHT | FOXA1 ChIP-Seq, FOXA1 ChIP-Seq - Rep 1, 17BE2 | FOXA1 ChIP-Seq - Rep 2, FOXA1 IP - T47D cells, DEX | FOXA1 ChIP-Seq - Rep 1",,,
DEX,NEU1,mammarygland,"DEX | FOXA1 ChIP-Seq - Rep 1, DEX | FOXA1 ChIP-Seq - Rep 1, JUN IP | DEX",,,
IRF1,NEU1,colon,IRF1 IP ,,,
TAL1,NEU1,leukocytes,"TAL1 IP - MOLT3, TAL1 IP - K562 cells",,,
JUN,NEU1,leukocytes,"JUN IP | IFNA1-13 - 30 min , JUN IP | IFNG - K562 cells, 30 min, JUN IP - K562 cells, Rep 1, JUN IP - K562 cells, Rep 2, JUN IP | IFNG - K562 cells, 6 h",,,
JUND,NEU1,liver,"JUND IP - HepG2 cells, JUND IP - HepG2 cells",,,
ZNF143,NEU1,stemcells,ZNF143 IP - H1 cells,,,
DEX,NEU1,lung,"CTCF IP | DEX - A549 cells, CTCF IP | DEX - A549 cells , CREB1 IP | DEX - A549 cells, USF1 IP | DEX - A549 cells",,,
ETS1,NEU1,leukocytes,"ETS1 IP - K562 cells, ETS1 IP - GM12878 cells, ETS1 IP",,,
CTCF,NEU1,stemcells,"CTCF IP - Rep 6 , CTCF IP - H1 cells, CTCF IP - Rep 5 , CTCF IP - Rep 4 , CTCF IP - Rep 1 , CTCF IP - H1 cells ",,,
GATA4,NEU1,stomach,GATA4 IP - AGS,,,
SRF,NEU1,mammarygland,SRF IP - MCF7 cells,,,
RELA,NEU1,adiposetissue,"RELA IP, RELA IP, RELA IP, RELA IP",,,
KLF5,NEU1,pancreas,KLF5 IP,,,
MAFK,NEU1,leukocytes,"MAFK IP - K562 cells, MAFK IP - K562 cells, MAFK IP - GM12878 cells",,,
BICALU,NEU1,prostate,"BICALU | E2F1 ChIP-Seq - Rep 1, BICALU | E2F1 ChIP-Seq - Rep 2, BICALU + HES6OE | E2F1 ChIP-Seq - Rep 4, BICALU | E2F1 ChIP-Seq - Rep 3, HES6 OE + BICALU | E2F1 ChIP-Seq - Rep 1, HES6 OE + BICALU | E2F1 ChIP-Seq - Rep 3",,,
ELF3,NEU1,pancreas,"ELF3 IP, ELF3 IP",,,
ZNF263,NEU1,kidney,ZNF263 IP - HEK293 cells,,,
JUN,NEU1,vasculature,"JUN IP - HUVEC cells, JUN IP",,,
GATA3,NEU1,mammarygland,"GATA3 IP - T47D cells, GATA3 IP - MCF7 cells",,,
MXI1,NEU1,uterus,MXI1 IP - HeLa cells,,,
E2F6,NEU1,lung,E2F6 IP - A549 cells,,,
MXI1,NEU1,cns,MXI1 IP - SK-N-SH cells ,,,
TBP,NEU1,leukocytes,"TBP IP - GM12878 cells, TBP IP - K562 cells",,,
SRF,NEU1,liver,SRF IP - HepG2 cells,,,
GATA2,NEU1,prostate,"GATA2 ChIP-Seq - Rep 2, GATA2 KD  | FOXA1 ChIP-Seq, GATA2 ChIP-Seq",,,
CTCF,NEU1,uterus,"CTCF IP - HeLa cells , CTCF IP - HeLa cells, Rep 1 ",,,
ELF1,NEU1,lung,ELF1 IP - A549 cells,,,
ATF3,NEU1,liver,ATF3 IP - HepG2 cells,,,
RELA,NEU1,leukocytes,"RELA IP | TNF - GM15510 cells, RELA IP | TNF - GM19099 cells, RELA IP | TNF - GM12891 cells, RELA IP | TNF - GM10847 cells, RELA IP | TNF - GM18951 cells, RELA IP | TNF - GM18505 cells, RELA IP | BAY082  - IVD Th1 cells, PIA, RELA IP | TNF - GM12878 cells, RELA IP | TNF - GM19193 cells, RELA IP | TNF - GM12892 cells",,,
TNF,NEU1,leukocytes,"RELA IP | TNF - GM15510 cells, RELA IP | TNF - GM12891 cells, RELA IP | TNF - GM10847 cells, RELA IP | TNF - GM18951 cells, RELA IP | TNF - GM18505 cells, RELA IP | TNF - GM12878 cells, RELA IP | TNF - GM19193 cells, RELA IP | TNF - GM12892 cells",,,
PBX3,NEU1,leukocytes,PBX3 IP - GM12878 cells,,,
TP53,NEU1,lung,"TP53 IP - propapoptic, Rep 1",,,
YY1,NEU1,uterus,YY1 IP - ECC1 cells,,,
STAT3,NEU1,mammarygland,"STAT3 IP - MCF10A cells, Rep 2, STAT3 IP | 4HT - MCF10 cells, 36 h, STAT3 IP | 4HT - MCF10 cells, 12 h",,,
REST,NEU1,leukocytes,"REST IP - GM12878 cells, Rep 14 , REST IP - K562 cells, REST IP - HL60 cells",,,
USF1,NEU1,leukocytes,"USF1 IP - K562 cells, USF1 IP - GM12878 cells",,,
MAX,NEU1,cns,MAX IP - SK-N-SH cells,,,
HMGN3,NEU1,leukocytes,HMGN3 IP - K562 cells,,,
R1881,NEU1,prostate,"R1881 | FOXA1 ChIP-Seq - Rep 1, CON KD + R1881 | FOXA1 ChIP-Seq - Rep 1, R1881 | FOXA1 ChIP-Seq - Rep 2, GABPA IP | R1881, CON KD + R1881 | FOXA1 ChIP-Seq - Rep 2, PIAS1 + R1881 | FOXA1 ChIP-Seq - Rep 2, PIAS1 + R1881 | FOXA1 ChIP-Seq - Rep 1",,,
CEBPB,NEU1,stemcells,"CEBPB IP, CEBPB IP",,,
USF1,NEU1,liver,USF1 IP - HepG2 cells,,,
HOXA6,NEU1,colon,HOXA6 IP ,,,
MXI1,NEU1,leukocytes,"MXI1 IP - GM12878 cells, MXI1 IP - K562 cells",,,
JUN,NEU1,colon,JUN IP ,,,
ATF3,NEU1,leukocytes,"ATF3 IP - GM12878 cells, ATF3 IP - K562 cells, ATF3 IP - K562 cells",,,
CREB1,NEU1,liver,"CREB1 IP, CREB1 IP, CREB1 IP - HepG2 cells, CREB1 IP",,,
NFYB,NEU1,leukocytes,"NFYB IP - GM12878 cells, NFYB IP - K562 cells",,,
TP53,NEU1,bone,"TP53 IP | TP53EE/RR OE, TP53 IP - Rep 2",,,
SREBF1,NEU1,liver,SREBF1 IP | INS + 22RHC - HepG2 cells,,,
22RHC; INS,NEU1,liver,SREBF1 IP | INS + 22RHC - HepG2 cells,,,
POU2F2,NEU1,leukocytes,POU2F2 IP - GM12878 cells,,,
SMARCC1,NEU1,uterus,SMARCC1 IP - HeLa cells,,,
IRF1,NEU1,pancreas,IRF1 IP,,,
ARNT,NEU1,kidney,ARNT IP,,,
GABPA,NEU1,stemcells,GABPA IP - H1 cells,,,
IRF1,NEU1,leukocytes,"IRF1 IP | IFNA1-13 - K562 cells, 6 h, IRF1 IP | IFNG - K562 cells, 6 h, IRF1 IP | IFNG - K562 cells, 30 min",,,
YY1,NEU1,stemcells,YY1 IP - H1 cells,,,
CTCF,NEU1,cns,"CTCF IP - spinal cord astrocyte cells, Rep 1 , CTCF IP - SK-N-SH cells , CTCF IP - cerebellar astrocyte cells, Rep 2 , CTCF IP - spinal cord astrocyte cells, Rep 2 , CTCF IP - HCPEpiC cells, Rep 2 , CTCF IP - SK-N-SH cells, Rep 2 , CTCF IP - BE(2)-C cells, Rep 1 , CTCF IP - SK-N-SH cells, Rep 1 , CTCF IP - NHA cells , CTCF IP - HCPEpiC cells, Rep 1 , CTCF IP - BE(2)-C cells, Rep 2 , CTCF IP - SK cells",,,
CEBPB,NEU1,lung,"CEBPB ChIP-Seq - IMR90, CEBPB IP - A549 cells",,,
TP63,NEU1,skin,"TP63 IP, TP63 IP",,,
REST,NEU1,liver,"REST IP - HepG2 cells, Rep 1, REST IP - HepG2 cells, Rep 2",,,
MYB,NEU1,leukocytes,"MYB IP - Jurkat, Rep 2, MYB IP - Jurkat, Rep 3, MYB IP - Jurkat, Rep 1, MYB IP - MOLT3, MYB IP - Jurkat, Rep 5, MYB IP - Jurkat, Rep 4",,,
CTCF,NEU1,heart,"CTCF IP - HCF cells , CTCF IP - myocytes cells, Rep 1 , CTCF IP - myocytes cells, Rep 2 ",,,
FOXM1,NEU1,mammarygland,FOXM1 IP | THSP - DS006,,,
EGR1,NEU1,leukocytes,EGR1 IP - K562 cells,,,
SMAD1,NEU1,hspcs,SMAD1 IP - Rep 3,,,
SRF,NEU1,stemcells,SRF IP - Rep 7 ,,,
CTCF,NEU1,pancreas,CTCF IP,,,
E2F6,NEU1,leukocytes,"E2F6 IP - K562 cells, E2F6 IP - K562 cells",,,
CTCF,NEU1,miscellaneous,"CTCF IP - AG09319 cells, Rep 2 , CTCF IP - AG09319 cells, Rep 1 ",,,
JUN,NEU1,mammarygland,"JUN IP, JUN IP | CPDA, JUN IP - Rep 2, JUN IP | DEX, JUN IP - Rep 1",,,
ZBTB7A,NEU1,uterus,ZBTB7A IP - ECC1 cells,,,
E2F6,NEU1,stemcells,E2F6 IP - H1 cells,,,
NANOG,NEU1,stemcells,"NANOG IP - Rep 4 , NANOG IP - Rep 8 ",,,
THAP1,NEU1,leukocytes,THAP1 IP - K562 cells,,,
CEBPA,NEU1,leukocytes,CEBPA IP,,,
STAT1,NEU1,leukocytes,"STAT1 IP | IFNG - K562 cells, 6 h, STAT1 IP - Rep 5, STAT1 IP - Rep 2, STAT1 IP - Rep 1, STAT1 IP - Rep 4, STAT1 IP - Rep 3",,,
IFNG,NEU1,leukocytes,"STAT1 IP | IFNG - K562 cells, 6 h, JUN IP | IFNG - K562 cells, 30 min, MYC IP | IFNG - K562 cells, 30 min, MYC IP | IFNG - K562 cells, 6 h, IRF1 IP | IFNG - K562 cells, 6 h, IRF1 IP | IFNG - K562 cells, 30 min, STAT1 IP - Rep 5, STAT1 IP - Rep 2, STAT1 IP - Rep 1, STAT1 IP - Rep 4, JUN IP | IFNG - K562 cells, 6 h, STAT1 IP - Rep 3",,,
MAFF,NEU1,liver,MAFF IP - HepG2 cells,,,
FOS,NEU1,vasculature,FOS IP - HUVEC cells,,,
NFYC,NEU1,colon,NFYC IP ,,,
E2F3,NEU1,colon,E2F3 IP ,,,
FOXA2,NEU1,stemcells,FOXA2 IP - ES D2,,,
TCF12,NEU1,lung,TCF12 IP - A549 cells,,,
TBP,NEU1,liver,TBP IP - HepG2 cells,,,
TEAD4,NEU1,liver,TEAD4 IP - HepG2 cells,,,
MAX,NEU1,uterus,"MAX IP - ECC1 cells, MAX IP - HeLa cells, Rep 2, MAX IP - HeLa cells, Rep 1",,,
REST,NEU1,stemcells,"REST IP - H1 cells, Rep 1",,,
CDX2,NEU1,colon,"CDX2 IP, CDX2 IP | 125DVD3",,,
MYC,NEU1,uterus,MYC IP - HeLa cells,,,
GATA2,NEU1,leukocytes,GATA2 IP - K562 cells,,,
JUND,NEU1,uterus,JUND IP - HeLa cells,,,
CTCF,NEU1,esophagus,"CTCF IP - HEEpiC cells, Rep 1 , CTCF IP - HEEpiC cells, Rep 2 ",,,
CEBPB,NEU1,uterus,"CEBPB IP - ECC1 cells, CEBPB ChIP-Seq - HeLaS3",,,
MYC,NEU1,liver,MYC IP,,,
USF2,NEU1,leukocytes,"USF2 IP - GM12878 cells, USF2 IP - K562 cells",,,
JUND,NEU1,leukocytes,JUND IP - K562 cells,,,
CTCF,NEU1,bone,CTCF IP - Osteoblasts ,,,
JUND,NEU1,stemcells,"JUND IP - H1 cells, JUND IP - H1 cells",,,
USF2,NEU1,liver,USF2 IP - HepG2 cells,,,
ETV5,NEU1,colon,ETV5 IP ,,,
TFAP4,NEU1,leukocytes,"TFAP4 IP - Rep 1, TFAP4 IP - Rep 2",,,
17BE2,NEU1,mammarygland,17BE2 | FOXA1 ChIP-Seq - Rep 2,,,
FOS,NEU1,leukocytes,"FOS IP - GM12878 cells, FOS IP - K562 cells",,,
ASCL1,NEU1,skin,ASCL1 IP - NHDF,,,
BHLHE40,NEU1,liver,BHLHE40 IP - HepG2 cells,,,
YY1,NEU1,colon,YY1 IP - HCT116 cells,,,
CREB1,NEU1,stemcells,CREB1 IP - H1 cells,,,
MAX,NEU1,liver,"MAX IP - HepG2 cells, MAX IP - MCF7 cells, MAX IP - HepG2 cells",,,
USF1,NEU1,cns,"USF1 IP - SK-N-SH cells, USF1 IP | ATRA - SK-N-SH cells",,,
E2F4,NEU1,leukocytes,"E2F4 IP - GM12878 cells, E2F4 IP - K562 cells",,,
REST,NEU1,lung,REST IP - A549 cells,,,
CPDA,NEU1,mammarygland,JUN IP | CPDA,,,
KLF11,NEU1,adiposetissue,"KLF11 ChIP-Seq, Rep 2, ROSI (BrAT) | KLF11 ChIP-Seq, Rep 1, ROSI (BrAT) | KLF11 ChIP-Seq, Rep 2, KLF11 ChIP-Seq, Rep 1",,,
MAFK,NEU1,liver,"MAFK IP - HepG2 cells, Rep 2, MAFK IP - HepG2 cells, Rep 1",,,
ARID3A,NEU1,liver,ARID3A IP - HepG2 cells,,,
RUNX1,NEU1,leukocytes,"RUNX1 IP, RUNX1 IP",,,
NFYA,NEU1,leukocytes,"NFYA IP - GM12878 cells, NFYA IP - K562 cells",,,
ZNF384,NEU1,leukocytes,"ZNF384 IP - K562 cells, ZNF384 IP - GM12878 cells",,,
CTCF,NEU1,liver,"CTCF IP - HepG2 cells , CTCF IP, CTCF IP - HepG2 cells, Rep 2 , CTCF IP - HepG2 cells, Rep 1 , CTCF IP - SK-N-SH cells",,,
NFYA,NEU1,uterus,NFYA IP - HeLa cells,,,
GABPA,NEU1,prostate,"GABPA IP - Rep 1, GABPA IP | R1881",,,
CTCF,NEU1,skeletalmuscle,"CTCF IP - HSMM cells, Rep 1 , CTCF IP - HSMM cells, Rep 2 ",,,
SMAD4,NEU1,stemcells,SMAD4 ChIP-Seq - ESCs,,,
JUND,NEU1,vasculature,JUND IP,,,
JUND,NEU1,cns,"JUND IP - SK-N-SH cells, JUND IP - SK-N-SH cells ",,,
FOXP2,NEU1,cns,FOXP2 IP - SK cells,,,
CEBPB,NEU1,liver,"CEBPB ChIP-Seq - HepG2, CEBPB IP | FORSK - HepG2 cells, CEBPB IP - HepG2 cells",,,
ATF2,NEU1,stemcells,ATF2 IP - H1 cells,,,
OTX2,NEU1,stemcells,"OTX2 IP - Rep 8 , OTX2 IP - Rep 10 ",,,
ATF3,NEU1,colon,"ATF3 IP | CAMPTO, ATF3 IP - HCT116 cells",,,
ELF1,NEU1,cns,ELF1 IP - SK-N-SH cells,,,
FOXA1,NEU1,liver,"FOXA1 IP - HepG2 cells, Rep 1, FOXA1 IP - HepG2 cells, Rep 2",,,
MYBL2,NEU1,liver,MYBL2 IP - HepG2 cells,,,
MAX,NEU1,vasculature,MAX IP - HUVEC cells,,,
ZNF143,NEU1,leukocytes,"ZNF143 IP - K562 cells, ZNF143 IP - GM12878 cells",,,
ZBTB7A,NEU1,liver,ZBTB7A IP - HepG2 cells,,,
SP2,NEU1,leukocytes,SP2 IP - K562 cells,,,
CEBPB,NEU1,mammarygland,CEBPB IP - MCF7 cells,,,
YY1,NEU1,cns,"YY1 IP - SK-N-SH cells, YY1 IP | ATRA - SK-N-SH cells",,,
JUND,NEU1,colon,JUND IP - HCT116 cells,,,
TCF7L2,NEU1,pancreas,TCF7L2 IP,,,
HOXA4,NEU1,colon,HOXA4 IP ,,,
DHT,NEU1,prostate,DHT | FOXA1 ChIP-Seq,,,
SP1,NEU1,colon,SP1 IP - HCT116 cells,,,
GATA1,NEU1,hspcs,"GATA1 IP - PBDE cells, Rep 1",,,
NFYA,NEU1,colon,NFYA IP ,,,
MXI1,NEU1,liver,MXI1 IP - HepG2 cells,,,
FOXM1,NEU1,leukocytes,FOXM1 IP - GM12878 cells,,,
TAL1,NEU1,colon,TAL1 IP ,,,
MXI1,NEU1,lung,MXI1 IP - IMR cells,,,
MTA3,NEU1,leukocytes,MTA3 IP - GM12878 cells,,,
BHLHE40,NEU1,leukocytes,"BHLHE40 IP - GM12878 cells, BHLHE40 IP - K562 cells",,,
USF1,NEU1,stemcells,USF1 IP - H1 cells,,,
TP63,NEU1,thyroidgland,TP63 IP - TT MTC,,,
STAT1,NEU1,uterus,"STAT1 IP | IFNG - HeLa cells, 30 min",,,
IFNG,NEU1,uterus,"STAT1 IP | IFNG - HeLa cells, 30 min",,,
ATRA,NEU1,cns,"USF1 IP | ATRA - SK-N-SH cells, YY1 IP | ATRA - SK-N-SH cells",,,
MAZ,NEU1,lung,MAZ IP - IMR cells,,,
HEY1,NEU1,leukocytes,HEY1 IP - K562 cells,,,
CREB1,NEU1,lung,"CREB1 IP - A549 cells, Rep 2, CREB1 IP | DEX - A549 cells",,,
UBTF,NEU1,leukocytes,"UBTF IP - K562 cells, UBTF IP - K562 cells",,,
CREB1,NEU1,colon,CREB1 IP ,,,
FORSK,NEU1,liver,CEBPB IP | FORSK - HepG2 cells,,,
ATF1,NEU1,leukocytes,ATF1 IP - K562 cells,,,
SP2,NEU1,liver,SP2 IP - HepG2 cells,,,
GLI2,NEU1,colon,GLI2 IP ,,,
ERG,NEU1,leukocytes,ERG IP - Rep 1,,,
IRF4,NEU1,leukocytes,IRF4 IP,,,
E2F1,NEU1,mammarygland,"E2F1 IP - MCF7 cells, E2F1 IP",,,
USF2,NEU1,uterus,USF2 IP - HeLa cells,,,
MAZ,NEU1,leukocytes,"MAZ IP - K562 cells, MAZ IP - GM12878 cells",,,
MXI1,NEU1,stemcells,MXI1 IP - H1 cells,,,
FOXA2,NEU1,colon,FOXA2 IP ,,,
MAX,NEU1,stemcells,"MAX IP - H1 cells, MAX IP - H1 cells",,,
ELF1,NEU1,mammarygland,ELF1 IP - MCF7 cells,,,
FOSL1,NEU1,leukocytes,FOSL1 IP - K562 cells,,,
GATA3,NEU1,cns,GATA3 IP - SK-N-SH cells,,,
GTF2B,NEU1,lung,GTF2B IP,,,
TBP,NEU1,stemcells,TBP IP - H1 cells,,,
SP2,NEU1,stemcells,SP2 IP - H1 cells,,,
MAX,NEU1,colon,MAX IP - HCT116 cells,,,
USF1,NEU1,lung,"USF1 IP - A549 cells, Rep 1, USF1 IP - A549 cells, Rep 2, USF1 IP | DEX - A549 cells",,,
FOSL1,NEU1,colon,FOSL1 IP - HCT116 cells,,,
GATA2,NEU1,cns,GATA2 ChIP-Seq SH-SY5Y,,,
CEBPB,NEU1,leukocytes,"CEBPB IP - K562 cells, CEBPB IP, CEBPB ChIP-Seq - K562",,,
BAY082,NEU1,leukocytes,"RELA IP | BAY082  - IVD Th1 cells, PIA",,,
FOSL2,NEU1,cns,FOSL2 IP - SK-N-SH cells,,,
MAX,NEU1,lung,"MAX IP - A549 cells, MAX IP - A549 cells",,,
SRF,NEU1,uterus,SRF IP - ECC1 cells,,,
NFKB1,NEU1,leukocytes,"NFKB1 IP - Rep 2, NFKB1 IP - Rep 1",,,
ROSI,NEU1,adiposetissue,"ROSI (BrAT) | KLF11 ChIP-Seq, Rep 1, ROSI (BrAT) | KLF11 ChIP-Seq, Rep 2",,,
TCF7L2,NEU1,mammarygland,TCF7L2 ChIP-Seq,,,
E2F4,NEU1,mammarygland,E2F4 IP | 4HT - MCF10 cells,,,
NFYB,NEU1,uterus,NFYB IP - HeLa cells,,,
SP1,NEU1,liver,SP1 IP - HepG2 cells,,,
JUND,NEU1,lung,JUND IP - A549 cells,,,
ATF2,NEU1,colon,ATF2 IP ,,,
HIF1A,NEU1,bone,HIF1A IP,,,
TEAD4,NEU1,uterus,TEAD4 IP - ECC1 cells,,,
STAT5A,NEU1,leukocytes,STAT5A IP - K562 cells,,,
PBX3,NEU1,cns,PBX3 IP - SK-N-SH cells,,,
TEAD4,NEU1,leukocytes,TEAD4 IP - K562 cells,,,
PIAS1,NEU1,prostate,"PIAS1 + R1881 | FOXA1 ChIP-Seq - Rep 2, PIAS1 + R1881 | FOXA1 ChIP-Seq - Rep 1",,,
FOXH1,NEU1,embryonictissue,FOXH1 IP - endoderm,,,
ATF2,NEU1,leukocytes,ATF2 IP - GM12878 cells,,,
GTF2B,NEU1,uterus,GTF2B IP - Rep 2,,,
ELF1,NEU1,liver,ELF1 IP - HepG2 cells,,,
TBP,NEU1,uterus,TBP IP - HeLa cells,,,
CREB1,NEU1,uterus,CREB1 IP - ECC1 cells,,,
YY1,NEU1,lung,YY1 IP - A549 cells,,,
TCF12,NEU1,cns,TCF12 IP - SK-N-SH cells,,,
FOXA2,NEU1,liver,FOXA2 IP - HepG2 cells,,,
FOXM1,NEU1,uterus,FOXM1 IP - ECC1 cells,,,
TCF12,NEU1,uterus,TCF12 IP - ECC1 cells,,,
JUN,NEU1,liver,JUN IP - HepG2 cells,,,
TCF3,NEU1,leukocytes,TCF3 IP - GM12878 cells,,,
USF1,NEU1,uterus,USF1 IP - ECC1 cells,,,
GABPA,NEU1,lung,GABPA IP - A549 cells,,,
ZBTB7A,NEU1,leukocytes,ZBTB7A IP - SK-N-SH cells,,,
TP53,NEU1,mammarygland,"TP53 IP, TP53 IP | NUTL3 - MCF-7",,,
SRF,NEU1,colon,SRF IP - HCT116 cells,,,
EBF1,NEU1,leukocytes,EBF1 IP - GM12878 cells,,,
SNAI2,NEU1,stemcells,SNAI2 IP - Rep 1 ,,,
RUNX1,NEU1,hspcs,RUNX1,,,
USF1,NEU1,colon,USF1 IP - HCT116 cells,,,
BCL3,NEU1,leukocytes,BCL3 IP - GM12878 cells,,,
FOSL2,NEU1,mammarygland,FOSL2 IP - MCF7 cells,,,
ELF1,NEU1,colon,ELF1 IP - HCT116 cells,,,
USF2,NEU1,stemcells,USF2 IP - H1 cells,,,
YY1,NEU1,liver,YY1 IP - HepG2 cells,,,
TCF12,NEU1,liver,TCF12 IP - HepG2 cells,,,
MYBL2,NEU4,liver,MYBL2 IP - HepG2 cells,,,
ETS1,NEU4,leukocytes,"ETS1 IP - K562 cells, ETS1 IP",,,
CTCF,NEU4,leukocytes,"CTCF IP - MS1 cells, Rep 2 , CTCF IP - GM07346 cells, CTCF IP - K562 cells, Rep 16 , CTCF IP - GM11994 cells, Rep 2, CTCF IP - GM12875 cells, Rep 2 , CTCF IP - GM12878 cells , CTCF IP - GM19193 cells, Rep 2 , CTCF IP - GM18526 cells, Rep 1 , CTCF IP - GM2630 cells, Rep 3 , CTCF IP - GM12890 cells, Rep 3 , CTCF IP - MS1 cells, Rep 1 , CTCF IP - GM12864 cells, Rep 1 , CTCF IP - GM12891 cells, Rep 2 , CTCF IP - NB4 cells , CTCF IP - GM2610 cells, Rep 3 , CTCF IP - GM19240 cells, Rep 1 , CTCF IP - GM12892 cells, Rep 2 , CTCF IP - GM06986 cells, CTCF IP - GM12873 cells, Rep 3 , CTCF IP -  CD20+ cells , CTCF IP - GM12875 cells, Rep 1 , CTCF IP - GM12868 cells , CTCF IP - GM12890 cells, Rep 1 , CTCF IP - GM18486 cells, Rep 3 , CTCF IP - GM12865 cells, Rep 1 , CTCF IP - GM19099 cells, Rep 2 , CTCF IP - GM12872 cells, Rep 2 , CTCF IP - GM19099 cells, Rep 1 , CTCF IP - GM19239 cells, Rep 2 , CTCF IP - GM12864 cells, Rep 3 , CTCF IP - GM10847 cells, Rep 2 , CTCF IP - GM11831 cells, CTCF IP - GM12871 cells , CTCF IP - GM12873 cells, Rep 1 , CTCF IP - GM12874 cells, Rep 2 , CTCF IP - GM2630 cells, Rep 2 , CTCF IP - GM12890 cells, Rep 2 , CTCF IP - GM12878 cells, Rep 2 , CTCF IP - GM12872 cells, Rep 1 , CTCF IP - GM11994 cells, Rep 1, CTCF IP - GM19239 cells, Rep 1 , CTCF IP - GM12878 cells, Rep 1 , CTCF IP - GM12864 cells, Rep 2 , CTCF IP - HL , CTCF IP - MS1 cells, Rep 3 , CTCF IP - GM18951 cells, Rep 2 , CTCF IP - GM2255 cells, Rep 1 , CTCF IP - GM2255 cells, Rep 2 , CTCF IP - GM2610 cells, Rep 2 , CTCF IP - GM12866 cells , CTCF IP - GM06990 cells, Rep 2 , CTCF IP - GM12891 cells, Rep 1 , CTCF IP - GM19240 cells, Rep 2 , CTCF IP - GM2588 cells, Rep 2 , CTCF IP - MS1 cells, Rep 4 , CTCF IP - GM19238 cells, Rep 1 , CTCF IP - GM12878 cells, Rep 2 , CTCF IP - GM12874 cells, Rep 1 , CTCF IP -  DND , CTCF IP - GM12873 cells, Rep 1 , CTCF IP - GM19238 cells, Rep 2 , CTCF ChIP-Seq - GM12878, CTCF IP - GM12878 cells, Rep 1 , CTCF IP - GM18505 cells, Rep 2 , CTCF IP - UT-7 cells, Rep 1 , CTCF IP - GM18526 cells, Rep 2 , CTCF IP - K562 cells, Rep 12 , CTCF IP - GM12869 cells , CTCF IP - GM19193 cells, Rep 1 , CTCF IP - GM12865 cells, Rep 2 , CTCF IP - GM18951 cells, Rep 1 , CTCF IP - GM12867 cells , CTCF IP - GM12892 cells, Rep 1 , CTCF IP - GM06990 cells, Rep 1 , CTCF IP - GM12870 cells , CTCF IP - GM12872 cells, Rep 3 , CTCF IP - GM2610 cells, Rep 1 , CTCF IP - GM10847 cells, Rep 1 , CTCF IP - GM2255 cells, Rep 3 ",,,
GABPA,NEU4,cns,GABPA IP - SK-N-SH cells,,,
REST,NEU4,cns,"REST IP - PFSK1 cells, Rep 2, REST IP - PFSK-N-SH cells1 cells, Rep 1",,,
ATF2,NEU4,leukocytes,ATF2 IP - GM12878 cells,,,
MAFK,NEU4,liver,"MAFK IP - HepG2 cells, Rep 2",,,
RELA,NEU4,leukocytes,"RELA IP | TNF - GM15510 cells, RELA IP | TNF - GM19099 cells, RELA IP | TNF - GM12891 cells",,,
TNF,NEU4,leukocytes,"RELA IP | TNF - GM15510 cells, RELA IP | TNF - GM12891 cells",,,
MAX,NEU4,leukocytes,"MAX IP - K562 cells, Rep 1, MAX IP - GM12878 cells, MAX IP - NB4 cells, MAX IP - K562 cells, MAX IP - K562 cells, Rep 2",,,
SPI1,NEU4,leukocytes,"SPI1 IP, ROSI | SPI1 ChIP-Seq, SPI1 IP - GM12878 cells, SPI1 IP, SPI1 IP - GM12891 cells, SPI1 IP, SPI1 IP, SPI1 IP, SPI1 IP",,,
CTCF,NEU4,vasculature,"CTCF IP - HUVEC cells, Rep 1 , CTCF IP - HPAF cells, Rep 2 , CTCF IP - HBMEC cells, Rep 1 , CTCF IP - HBMEC cells, Rep 2 , CTCF IP - HUVEC cells, Rep 2 , CTCF IP - HPAF cells, Rep 1 ",,,
GABPA,NEU4,leukocytes,"GABPA IP - K562 cells, GABPA IP, GABPA IP - Jurkat, Rep 1, GABPA IP - Jurkat, Rep 2",,,
BHLHE40,NEU4,liver,"BHLHE40 IP - SK-N-SH cells, BHLHE40 IP - HepG2 cells",,,
CTCF,NEU4,hspcs,"CTCF IP - HEL 92.1.7 cells, Rep 5 , CTCF IP - HEL 92.1.7 cells, Rep 11 , CTCF IP - HEL 92.1.7 cells, Rep 8 ",,,
CTCF,NEU4,cns,"CTCF IP - SK-N-SH cells, Rep 2 , CTCF IP - SK-N-SH cells, Rep 1 , CTCF IP - BE(2)-C cells, Rep 1 , CTCF IP - cerebellar astrocyte cells, Rep 2 , CTCF IP - BE(2)-C cells, Rep 2 ",,,
MAZ,NEU4,leukocytes,"MAZ IP - K562 cells, MAZ IP - GM12878 cells",,,
MAX,NEU4,liver,"MAX IP - HepG2 cells, MAX IP - HepG2 cells, MAX IP - MCF7 cells",,,
MAX,NEU4,stemcells,"MAX IP - H1 cells, MAX IP - H1 cells",,,
BHLHE40,NEU4,leukocytes,"BHLHE40 IP - K562 cells, BHLHE40 IP - GM12878 cells",,,
ROSI,NEU4,leukocytes,ROSI | SPI1 ChIP-Seq,,,
STAT1,NEU4,leukocytes,"STAT1 IP - Rep 4, STAT1 IP - Rep 3, STAT1 IP - Rep 1, STAT1 IP - Rep 5",,,
IFNG,NEU4,leukocytes,"STAT1 IP - Rep 4, STAT1 IP - Rep 3, MYC IP | IFNG - K562 cells, 6 h, IRF1 IP - Rep 1, MYC IP | IFNG - K562 cells, 30 min, STAT1 IP - Rep 1, STAT1 IP - Rep 5",,,
CTCF,NEU4,skeletalmuscle,"CTCF IP - HSMM cells, Rep 2 , CTCF IP - HSMM cells, Rep 1 ",,,
CEBPB,NEU4,liver,"CEBPB IP | FORSK - HepG2 cells, CEBPB ChIP-Seq - HepG2, CEBPB IP - HepG2 cells",,,
FORSK,NEU4,liver,CEBPB IP | FORSK - HepG2 cells,,,
MEF2A,NEU4,leukocytes,MEF2A IP - GM12878 cells,,,
MYC,NEU4,leukocytes,"MYC IP - K562 cells, Rep 1, MYC IP | IFNG - K562 cells, 6 h, MYC IP | IFNG - K562 cells, 30 min, MYC IP - NB4 cells",,,
JUND,NEU4,leukocytes,"JUND IP - GM12878 cells, Rep 1 , JUND IP - K562 cells",,,
USF1,NEU4,liver,USF1 IP - HepG2 cells,,,
CTCF,NEU4,skin,"CTCF IP - AG04449 cells, Rep 1 , CTCF IP - AG04449 cells, Rep 2 ",,,
BCL11A,NEU4,leukocytes,BCL11A IP - GM12878 cells,,,
PAX5,NEU4,leukocytes,"PAX5 IP - GM12878 cells, Rep 2, PAX5 IP - GM12892 cells, PAX5 IP - GM12878 cells, Rep 1",,,
CTCF,NEU4,stemcells,"CTCF IP - Rep 6 , CTCF IP - H1 cells , CTCF IP - Rep 5 , CTCF IP - Rep 4 ",,,
MXI1,NEU4,leukocytes,MXI1 IP - GM12878 cells,,,
RUNX1,NEU4,leukocytes,"RUNX1 IP - N terminus 2, RUNX1 IP, RUNX1 IP - Rep 2, RUNX1 IP - Rep 1",,,
BCL3,NEU4,leukocytes,BCL3 IP - GM12878 cells,,,
FOXA1,NEU4,liver,"FOXA1 IP - HepG2 cells, Rep 2, FOXA1 IP - HepG2 cells, Rep 1",,,
CTCF,NEU4,megakaryocytelineage,"CTCF IP - MEG-01 cells, Rep 6 , CTCF IP - MEG-01 cells, Rep 2 , CTCF IP - MEG-01 cells, Rep 8 , CTCF IP - MEG-01 cells, Rep 4 , CTCF IP - MEG-01 cells, Rep 10 ",,,
JUND,NEU4,liver,"JUND IP - HepG2 cells, JUND IP - HepG2 cells",,,
CTCF,NEU4,lung,"CTCF IP - A549 cells , CTCF IP - AG04450 cells, Rep 1 , CTCF IP - NHLF cells ",,,
ERG,NEU4,prostate,"JQI | ERG ChIP-Seq - Rep 2, DHT | ERG ChIP-Seq - 18 h, ERG ChIP-Seq, DHT | ERG ChIP-Seq - 2 h",,,
JQ1,NEU4,prostate,JQI | ERG ChIP-Seq - Rep 2,,,
MYB,NEU4,leukocytes,"MYB IP - Jurkat, Rep 2, MYB IP - MOLT3, MYB IP - Jurkat, Rep 5, MYB IP - Jurkat, Rep 4",,,
EGR1,NEU4,uterus,EGR1 IP - ECC1 cells,,,
RUNX1,NEU4,hspcs,RUNX1 IP,,,
CTCF,NEU4,liver,"CTCF IP, CTCF IP - HepG2 cells, Rep 1 , CTCF IP - SK-N-SH cells, CTCF IP - HepG2 cells ",,,
CLOCK,NEU4,bone,CLOCK IP,,,
EBF1,NEU4,leukocytes,"EBF1 IP - GM12878 cells, EBF1 IP - GM12878 cells",,,
TP53,NEU4,bone,TP53 IP | TP53EE/RR OE,,,
E2F1,NEU4,mammarygland,E2F1 IP - MCF7 cells,,,
HIF1A,NEU4,bone,HIF1A IP,,,
TCF12,NEU4,liver,TCF12 IP - HepG2 cells,,,
OTX2,NEU4,stemcells,OTX2 IP - Rep 10 ,,,
SP1,NEU4,liver,SP1 IP - HepG2 cells,,,
USF2,NEU4,leukocytes,"USF2 IP - GM12878 cells, USF2 IP - K562 cells",,,
E2F6,NEU4,lung,E2F6 IP - A549 cells,,,
USF1,NEU4,stemcells,USF1 IP - H1 cells,,,
IRF4,NEU4,leukocytes,IRF4 IP - GM12878 cells,,,
ZBTB7A,NEU4,leukocytes,ZBTB7A IP - SK-N-SH cells,,,
HEY1,NEU4,liver,HEY1 IP - HepG2 cells,,,
USF1,NEU4,leukocytes,"USF1 IP - K562 cells, USF1 IP - GM12878 cells",,,
SP1,NEU4,leukocytes,"SP1 IP - K562 cells, SP1 IP - GM12878 cells",,,
E2F6,NEU4,leukocytes,"E2F6 IP - K562 cells, E2F6 IP - K562 cells",,,
ZNF143,NEU4,leukocytes,ZNF143 IP - GM12878 cells,,,
MAFK,NEU4,leukocytes,MAFK IP - K562 cells,,,
KLF11,NEU4,adiposetissue,"KLF11 ChIP-Seq, Rep 2",,,
ZNF263,NEU4,kidney,ZNF263 IP - HEK293 cells,,,
TCF12,NEU4,cns,TCF12 IP - SK-N-SH cells,,,
TCF7L2,NEU4,hspcs,"TCF7L2 IP - Rep 1, TCF7L2 IP - Rep 2",,,
YY1,NEU4,liver,YY1 IP - HepG2 cells,,,
USF2,NEU4,uterus,USF2 IP - HeLa cells,,,
CREB1,NEU4,liver,"CREB1 IP - HepG2 cells, CREB1 IP, CREB1 IP",,,
SATB1,NEU4,liver,SATB1 IP,,,
CTCF,NEU4,heart,"CTCF IP - myocytes cells, Rep 1 ",,,
SRF,NEU4,liver,SRF IP - HepG2 cells,,,
ELF1,NEU4,liver,ELF1 IP - HepG2 cells,,,
ZBTB7A,NEU4,liver,ZBTB7A IP - HepG2 cells,,,
E2F6,NEU4,stemcells,E2F6 IP - H1 cells,,,
IRF1,NEU4,leukocytes,IRF1 IP - Rep 1,,,
ATF3,NEU4,leukocytes,ATF3 IP - K562 cells,,,
ERG,NEU4,leukocytes,ERG IP - Rep 1,,,
TCF12,NEU4,leukocytes,TCF12 IP - GM12878 cells,,,
TAL1,NEU4,leukocytes,TAL1 IP - MOLT3,,,
TEAD4,NEU4,leukocytes,TEAD4 IP - K562 cells,,,
MAX,NEU4,uterus,MAX IP - ECC1 cells,,,
YY1,NEU4,cns,YY1 IP - SK-N-SH cells,,,
TBP,NEU4,leukocytes,TBP IP - K562 cells,,,
TEAD4,NEU4,liver,TEAD4 IP - HepG2 cells,,,
CUX1,NEU4,leukocytes,CUX1 IP - GM12878 cells,,,
FOSL2,NEU4,liver,FOSL2 IP - HepG2 cells,,,
TCF3,NEU4,leukocytes,TCF3 IP - GM12878 cells,,,
MTA3,NEU4,leukocytes,MTA3 IP - GM12878 cells,,,
USF2,NEU4,liver,USF2 IP - HepG2 cells,,,
CEBPA,NEU4,leukocytes,CEBPA IP,,,
YY1,NEU4,leukocytes,"YY1 IP - GM12891 cells, YY1 IP - K562 cells, Rep 1, YY1 IP - K562 cells, Rep 2",,,
ZEB1,NEU4,liver,ZEB1 IP - HepG2 cells,,,
REST,NEU4,liver,"REST IP - HepG2 cells, Rep 1, REST IP - HepG2 cells, Rep 2",,,
DHT,NEU4,prostate,"DHT | ERG ChIP-Seq - 18 h, DHT | ERG ChIP-Seq - 2 h",,,
EPAS1,NEU4,kidney,EPAS1 IP | EPAS1 OE,,,
ZNF76,NEU4,kidney,ZNF76 IP | ZNF76 OE,,,
ELF1,NEU4,leukocytes,"ELF1 IP - SK-N-SH cells, ELF1 IP - SK-N-SH cells",,,
CREB1,NEU4,leukocytes,CREB1 IP - GM12878 cells,,,
REST,NEU4,uterus,REST IP - ECC1 cells,,,
MAFF,NEU4,leukocytes,MAFF IP - K562 cells,,,
BATF,NEU4,leukocytes,BATF IP - GM12878 cells,,,
ELF1,NEU4,mammarygland,ELF1 IP - MCF7 cells,,,
CEBPB,NEU4,leukocytes,CEBPB ChIP-Seq - K562,,,
MYC,NEU4,liver,MYC IP,,,
TP53,NEU4,lung,"TP53 IP - propapoptic, Rep 1",,,
TEAD4,NEU4,uterus,TEAD4 IP - ECC1 cells,,,
CTCF,NEU4,sensory,"CTCF IP - WERI-Rb-1- cells, Rep 1 , CTCF IP - HRPEpiC cells, Rep 1 ",,,
FOXA2,NEU4,liver,FOXA2 IP - HepG2 cells,,,
PBX3,NEU4,cns,PBX3 IP - SK-N-SH cells,,,
MXI1,NEU4,liver,MXI1 IP - HepG2 cells,,,
SRF,NEU4,stemcells,SRF IP - Rep 7 ,,,
FLI1,NEU4,hspcs,FLI1 IP,,,
ARID3A,NEU4,liver,ARID3A IP - HepG2 cells,,,
ARNT,NEU4,kidney,ARNT IP,,,
CTCF,NEU4,kidney,"CTCF IP - HEK293 cells, Rep 1 ",,,
MAX,NEU4,lung,MAX IP - A549 cells,,,
GABPA,NEU4,liver,"GABPA IP - HepG2 cells, GABPA IP",,,
EGR1,NEU4,leukocytes,EGR1 IP - K562 cells,,,
TBP,NEU4,liver,TBP IP - HepG2 cells,,,
LYL1,NEU4,leukocytes,LYL1 IP - NB4,,,
HEY1,NEU4,leukocytes,HEY1 IP - K562 cells,,,
ATF3,NEU4,liver,ATF3 IP - HepG2 cells,,,
POU2F2,NEU4,leukocytes,POU2F2 IP - GM12878 cells,,,
MAZ,NEU4,liver,MAZ IP - HepG2 cells,,,
ATF3,SMPD1,colon,"ATF3 IP | CAMPTO, ATF3 IP",,,
FOXA1,SMPD1,mammarygland,"17BE2 | FOXA1 ChIP-Seq, 17BE2 | FOXA1 ChIP-Seq - Rep 1, DHT | FOXA1 ChIP-Seq, FOXA1 ChIP-Seq - Rep 1, DEX | FOXA1 ChIP-Seq - Rep 1, FOXA1 ChIP-Seq - Rep 1, FOXA1 ChIP-Seq - Rep 2, FOXA1 ChIP-Seq - Rep 2, 17BE2 | FOXA1 ChIP-Seq - Rep 2, DEX | FOXA1 ChIP-Seq - Rep 2",,,
17BE2,SMPD1,mammarygland,"17BE2 | FOXA1 ChIP-Seq, 17BE2 | FOXA1 ChIP-Seq - Rep 1, 17BE2 | FOXA1 ChIP-Seq - Rep 2",,,
CEBPB,SMPD1,leukocytes,"CEBPB IP - Rep 204, CEBPB IP | oxLDL  - Rep 206, CEBPB IP | oxLDL  - Rep 208, CEBPB ChIP-Seq - K562, CEBPB IP",,,
STAT1,SMPD1,leukocytes,"STAT1 IP - Rep 3, STAT1 IP - Rep 1, STAT1 IP - Rep 4, STAT1 IP - Rep 2, STAT1 IP - Rep 5",,,
IFNG,SMPD1,leukocytes,"STAT1 IP - Rep 3, STAT1 IP - Rep 1, STAT1 IP - Rep 4, STAT1 IP - Rep 2, STAT1 IP - Rep 5",,,
E2F1,SMPD1,prostate,"BICALU | E2F1 ChIP-Seq - Rep 3, BICALU | E2F1 ChIP-Seq - Rep 1, E2F1 ChIP-Seq - Rep 3, E2F1 ChIP-Seq - Rep 1, HES6 OE | E2F1 ChIP-Seq - Rep 2, HES6 OE + BICALU | E2F1 ChIP-Seq - Rep 1, HES6 OE + BICALU | E2F1 ChIP-Seq - Rep 3, HES6 OE | E2F1 ChIP-Seq - Rep 1, E2F1 ChIP-Seq - Rep 4, HES6 OE | E2F1 ChIP-Seq - Rep 3",,,
BICALU,SMPD1,prostate,"BICALU | E2F1 ChIP-Seq - Rep 3, BICALU | E2F1 ChIP-Seq - Rep 1, HES6 OE + BICALU | E2F1 ChIP-Seq - Rep 1, HES6 OE + BICALU | E2F1 ChIP-Seq - Rep 3",,,
CEBPA,SMPD1,leukocytes,CEBPA IP,,,
TCF21,SMPD1,vasculature,TCF21 IP,,,
CEBPB,SMPD1,liver,CEBPB ChIP-Seq - HepG2,,,
RUNX1,SMPD1,leukocytes,RUNX1 IP,,,
CEBPB,SMPD1,stemcells,"CEBPB IP, CEBPB IP, CEBPB IP, CEBPB IP",,,
HNF1B,SMPD1,pancreas,HNF1B IP,,,
CREB1,SMPD1,prostate,"FOXA1 siRNA | CREB1 ChIP-Seq - Rep 1, CREB1 ChIP-Seq - LNCaP, CREB1 ChIP-Seq - Rep 2, CREB1 ChIP-Seq - LNCaP-abl, FOXA1 siRNA | CREB1 ChIP-Seq - Rep 2, CREB1 ChIP-Seq - Rep 1",,,
FOXA1,SMPD1,prostate,"FOXA1 siRNA | CREB1 ChIP-Seq - Rep 1, FOXA1 siRNA | CREB1 ChIP-Seq - Rep 2",,,
MYB,SMPD1,leukocytes,"MYB IP - Jurkat, Rep 4, MYB IP - Jurkat, Rep 3, MYB IP - Jurkat, Rep 1, MYB IP - Jurkat, Rep 5, MYB IP - MOLT3, MYB IP - Jurkat, Rep 2",,,
SPI1,SMPD1,leukocytes,"SPI1 IP, SPI1 IP, SPI1 IP, SPI1 IP, SPI1 IP, SPI1 IP, SPI1 IP, SPI1 IP, SPI1 IP, SPI1 IP",,,
CEBPB,SMPD1,lung,"CEBPB ChIP-Seq - A549, CEBPB ChIP-Seq - IMR90",,,
TEAD4,SMPD1,mammarygland,"TEAD4 IP - Rep 1, TEAD4 IP - Rep 2",,,
FOXA1,SMPD1,pancreas,"FOXA1 IP | KLF5 KO, FOXA1 IP, FOXA1 IP",,,
KLF5,SMPD1,pancreas,"FOXA1 IP | KLF5 KO, KLF5 IP, ELF3 IP | KLF5 KO",,,
KLF11,SMPD1,adiposetissue,"ROSI (BrAT) | KLF11 ChIP-Seq, Rep 2, KLF11 ChIP-Seq, Rep 2, ROSI (BrAT) | KLF11 ChIP-Seq, Rep 1, KLF11 ChIP-Seq, Rep 1",,,
ROSI,SMPD1,adiposetissue,"ROSI (BrAT) | KLF11 ChIP-Seq, Rep 2, ROSI (BrAT) | KLF11 ChIP-Seq, Rep 1",,,
MEF2B,SMPD1,kidney,"MEF2B IP | MEF2B D83V OE - Rep 1, MEF2B IP | MEF2B OE - Rep 1, MEF2B IP | MEF2B OE - Rep 2",,,
MYC,SMPD1,bone,MYC IP,,,
GABPA,SMPD1,liver,"GABPA IP, GABPA IP, GABPA IP",,,
CTCF,SMPD1,leukocytes,CTCF IP,,,
DHT,SMPD1,mammarygland,"DHT | FOXA1 ChIP-Seq, DHT | MYC ChIP-Seq",,,
JUND,SMPD1,vasculature,JUND IP,,,
TCF7L2,SMPD1,hspcs,"TCF7L2 IP - Rep 2, TCF7L2 IP - Rep 1",,,
DEX,SMPD1,mammarygland,"DEX | FOXA1 ChIP-Seq - Rep 1, JUN IP | DEX, DEX | FOXA1 ChIP-Seq - Rep 2",,,
FOXM1,SMPD1,mammarygland,FOXM1 IP | THSP - DS006,,,
RELA,SMPD1,adiposetissue,"RELA IP, RELA IP",,,
GATA1,SMPD1,hspcs,"GATA1 IP - Rep 2, GATA1 IP - Rep 1, GATA1 IP - Rep 3",,,
ERG,SMPD1,prostate,ERG ChIP-Seq,,,
RUNX1T1,SMPD1,leukocytes,RUNX1T1 IP,,,
CEBPB,SMPD1,bone,"CEBPB IP, CEBPB IP",,,
STAT5B,SMPD1,leukocytes,"STAT5B IP | IL2 - Rep 2, STAT5B IP | H9, Rep 2, STAT5B IP | H9RET, Rep 2, STAT5B IP | IL2 - Rep 2, STAT5B IP | H9, Rep 2",,,
IL2,SMPD1,leukocytes,"STAT5B IP | IL2 - Rep 2, STAT5B IP | IL2 - Rep 2",,,
FOXA2,SMPD1,embryonictissue,"FOXA2 IP - Rep 1, FOXA2 IP - Rep 2",,,
GTF2B,SMPD1,uterus,GTF2B IP - Rep 2,,,
SMAD1,SMPD1,hspcs,SMAD1 IP - Rep 2,,,
JUN,SMPD1,mammarygland,"JUN IP - Rep 1, JUN IP - Rep 2, JUN IP | DEX",,,
GATA6,SMPD1,stomach,GATA6 IP - AGS,,,
NFKB1,SMPD1,leukocytes,"NFKB1 IP - Rep 1, NFKB1 IP - Rep 2",,,
HIF1A,SMPD1,bone,HIF1A IP,,,
HES6,SMPD1,prostate,"HES6 OE | E2F1 ChIP-Seq - Rep 2, HES6 OE + BICALU | E2F1 ChIP-Seq - Rep 1, HES6 OE + BICALU | E2F1 ChIP-Seq - Rep 3, HES6 OE | E2F1 ChIP-Seq - Rep 1, HES6 OE | E2F1 ChIP-Seq - Rep 3",,,
GATA4,SMPD1,stomach,GATA4 IP - AGS,,,
TFAP4,SMPD1,leukocytes,"TFAP4 IP - Rep 1, TFAP4 IP - Rep 2",,,
RELA,SMPD1,lung,"RELA IP | TNF, RELA IP | DEX + TNF - Rep 1",,,
TNF,SMPD1,lung,RELA IP | TNF,,,
CREB1,SMPD1,liver,CREB1 IP,,,
RUNX1,SMPD1,hspcs,RUNX1,,,
IRF1,SMPD1,pancreas,IRF1 IP,,,
GABPA,SMPD1,prostate,"GABPA IP - Rep 1, GABPA IP | R1881",,,
STAT3,SMPD1,leukocytes,"STAT3 IP - OCI-LY7, STAT3 IP - SU-DHL-6",,,
KLF5,SMPD1,stomach,KLF5 IP - KATOIII,,,
NFKB2,SMPD1,leukocytes,"NFKB2 IP - Rep 1, NFKB2 IP - Rep 2",,,
ETS1,SMPD1,leukocytes,ETS1 IP,,,
POU5F1,SMPD1,stemcells,"POU5F1 IP, POU5F1 IP",,,
H9,SMPD1,leukocytes,"STAT5B IP | H9, Rep 2, STAT5B IP | H9, Rep 2",,,
TP53,SMPD1,bone,"TP53 IP - Rep 2, TP53 IP | NUTL3 - SJSA-1, TP53 IP | TP53EE/RR OE",,,
TCF7L2,SMPD1,mammarygland,TCF7L2 ChIP-Seq,,,
FOXA2,SMPD1,stemcells,FOXA2 IP - ES D2,,,
ARNTL,SMPD1,bone,ARNTL IP,,,
TAL1,SMPD1,leukocytes,TAL1 IP - MOLT3,,,
CEBPB,SMPD1,colon,"CEBPB IP, CEBPB IP | 125DVD3",,,
R1881,SMPD1,prostate,GABPA IP | R1881,,,
SOX2,SMPD1,stemcells,"SOX2 IP, SOX2 IP - Rep 2",,,
E2F1,SMPD1,mammarygland,E2F1 IP,,,
GABPA,SMPD1,leukocytes,"GABPA IP - Jurkat, Rep 1, GABPA IP - Jurkat, Rep 2",,,
H9RET,SMPD1,leukocytes,"STAT5B IP | H9RET, Rep 2",,,
TP53,SMPD1,mammarygland,TP53 IP,,,
ELF3,SMPD1,pancreas,"ELF3 IP, ELF3 IP, ELF3 IP | KLF5 KO",,,
FOXH1,SMPD1,embryonictissue,FOXH1 IP - endoderm,,,
CEBPB,SMPD1,uterus,CEBPB ChIP-Seq - HeLaS3,,,
125DVD3,SMPD1,colon,CEBPB IP | 125DVD3,,,
TEAD1,SMPD1,cns,TEAD1 IP - Rep 1,,,
MYC,SMPD1,mammarygland,DHT | MYC ChIP-Seq,,,
DEX; TNF,SMPD1,lung,RELA IP | DEX + TNF - Rep 1,,,
TCF7L2,SMPD1,pancreas,TCF7L2 IP,,,
CTCF,SMPD2,leukocytes,"CTCF IP - GM18951 cells, Rep 2 , CTCF IP - GM12866 cells , CTCF IP - GM12891 cells, Rep 1 , CTCF IP - MS1 cells, Rep 4 , CTCF IP - GM18526 cells, Rep 2 , CTCF IP - GM12873 cells, Rep 1 , CTCF IP - GM18505 cells, Rep 2 , CTCF IP - GM18486 cells, Rep 1 , CTCF IP - GM12865 cells, Rep 1 , CTCF IP - GM12868 cells , CTCF IP - F36P cells, Rep 11 , CTCF IP - GM12892 cells, Rep 1 , CTCF IP - F36P cells, Rep 3 , CTCF IP - GM2610 cells, Rep 3 , CTCF IP - GM2610 cells, Rep 1 , CTCF IP - GM12865 cells, Rep 2 , CTCF IP - GM06986 cells, CTCF IP - GM2588 cells, Rep 3 , CTCF IP - MS1 cells, Rep 2 , CTCF IP - GM2630 cells, Rep 3 , CTCF IP - GM18486 cells, Rep 2 , CTCF IP - K562 cells, Rep 1 , CTCF IP - GM12890 cells, Rep 3 , CTCF IP - MS1 cells, Rep 1 , CTCF IP - K562 cells, CTCF IP - KU812 cells, Rep 1 , CTCF IP - NB4 cells , CTCF IP - GM2588 cells, Rep 1 , CTCF IP - K562 cells, Rep 14 , CTCF IP - GM12892 cells, Rep 2 , CTCF IP - F36P cells, Rep 19 , CTCF IP -  CD20+ cells , CTCF IP - HeLa cells, Rep 2 , CTCF IP - GM12878 cells , CTCF IP - GM12890 cells, Rep 1 , CTCF IP - F36P cells, Rep 7 , CTCF IP - GM18486 cells, Rep 3 , CTCF IP - K562 cells, Rep 16 , CTCF IP - GM19193 cells, Rep 2 , CTCF IP - GM12874 cells, Rep 2 , CTCF IP - GM2255 cells, Rep 2 , CTCF IP - K562 cells, Rep 15 , CTCF IP - GM2588 cells, Rep 2 , CTCF IP - GM2630 cells, Rep 2 , CTCF IP - MS1 cells, Rep 3 , CTCF IP - GM2610 cells, Rep 2 , CTCF IP - GM12874 cells, Rep 1 , CTCF IP - GM19240 cells, Rep 2 , CTCF IP - GM12878 cells, Rep 2 , CTCF IP - GM06990 cells, Rep 2 , CTCF IP - GM19238 cells, Rep 1 , CTCF IP - K562 cells, CTCF IP - GM19238 cells, Rep 2 , CTCF ChIP-Seq - GM12878, CTCF IP - GM12871 cells , CTCF IP - GM12870 cells , CTCF IP - GM12867 cells , CTCF IP, CTCF IP - K562 cells, Rep 12 , CTCF IP - K562 cells, Rep 13 , CTCF IP - GM2255 cells, Rep 3 , CTCF IP - GM10847 cells, Rep 1 , CTCF IP -  DND , CTCF IP - K562 cells, CTCF IP - GM12864 cells, Rep 2 , CTCF IP - CD14+ cells , CTCF IP - GM19193 cells, Rep 1 , CTCF IP - F36P cells, Rep 15 , CTCF IP - GM12891 cells, Rep 2 , CTCF IP - UT-7 cells, Rep 5 , CTCF IP - GM2630 cells, Rep 1 , CTCF IP - GM19240 cells, Rep 1 , CTCF IP - GM12875 cells, Rep 1 , CTCF IP - GM19099 cells, Rep 1 , CTCF IP - GM19099 cells, Rep 2 , CTCF IP - GM11994 cells, Rep 2, CTCF IP - GM12869 cells , CTCF IP - GM19239 cells, Rep 2 , CTCF IP - F36P cells, Rep 6 , CTCF IP - K562 cells , CTCF IP - GM12878 cells, Rep 1 , CTCF IP - GM12872 cells, Rep 1 , CTCF IP - GM11994 cells, Rep 1, CTCF IP - GM12878 cells, Rep 2 , CTCF IP - K562 cells, Rep 11 , CTCF IP - GM19239 cells, Rep 1 , CTCF IP - UT-7 cells, Rep 4 , CTCF IP - GM12890 cells, Rep 2 , CTCF IP - GM10847 cells, Rep 2 , CTCF IP - GM2255 cells, Rep 1 ",,,
RUNX1,SMPD2,hspcs,RUNX1,,,
CTCF,SMPD2,lung,"CTCF IP - HPF cells, Rep 1 , CTCF IP - AG04450 cells, Rep 2 , CTCF IP - AG04450 cells, Rep 1 , CTCF IP - HPF cells, Rep 2 , CTCF IP - NHLF cells , CTCF IP - A549 cells, Rep 2 , CTCF IP - IMR cells, CTCF IP - SAEC cells, Rep 2 , CTCF IP - A549 cells ",,,
CTCF,SMPD2,vasculature,"CTCF IP - HUVEC cells , CTCF IP - HBMEC cells, Rep 2 , CTCF IP - HBMEC cells, Rep 1 , CTCF IP - HUVEC cells, Rep 2 , CTCF IP - HUVEC cells, Rep 1 , CTCF IP - HPAF cells, Rep 2 , CTCF IP - HPAF cells, Rep 1 , CTCF IP - AoAFC cells, Rep 1 ",,,
PRDM14,SMPD2,stemcells,PRDM14 IP,,,
MAX,SMPD2,uterus,"MAX IP - ECC1 cells, MAX IP - HeLa cells, Rep 1, MAX IP - HeLa cells, Rep 2",,,
SP1,SMPD2,liver,SP1 IP - HepG2 cells,,,
CTCF,SMPD2,hspcs,"CTCF IP - HEL 92.1.7 cells, Rep 14 , CTCF IP - HEL 92.1.7 cells, Rep 8 , CTCF IP - HSPCs, Rep 2, CTCF IP - HEL 92.1.7 cells, Rep 2 , CTCF IP - HEL 92.1.7 cells, Rep 11 , CTCF IP - Erythroid cells, Rep 1, CTCF IP - HSPCs, Rep 1",,,
TBP,SMPD2,leukocytes,TBP IP - K562 cells,,,
CEBPB,SMPD2,lung,"CEBPB ChIP-Seq - A549, CEBPB ChIP-Seq - IMR90",,,
REST,SMPD2,leukocytes,"REST IP - GM12878 cells, Rep 14 , REST IP - K562 cells, REST IP - GM12878 cells, Rep 12 , REST IP - GM12878 cells, Rep 5 , REST IP - GM12878 cells, Rep 2, REST IP - GM12878 cells, Rep 16 , REST IP - GM12878 cells, Rep 10 ",,,
EGR1,SMPD2,uterus,EGR1 IP - ECC1 cells,,,
HEY1,SMPD2,liver,HEY1 IP - HepG2 cells,,,
CTCF,SMPD2,stemcells,"CTCF IP - Rep 4 , CTCF IP - H1 cells, CTCF IP - H1 cells , CTCF IP - Rep 6 , CTCF IP - Rep 5 , CTCF IP - Rep 1 ",,,
FOXM1,SMPD2,leukocytes,FOXM1 IP - GM12878 cells,,,
YY1,SMPD2,liver,YY1 IP - HepG2 cells,,,
JUND,SMPD2,colon,JUND IP - HCT116 cells,,,
ZNF384,SMPD2,leukocytes,ZNF384 IP - K562 cells,,,
KLF5,SMPD2,stomach,KLF5 IP - KATOIII,,,
ZEB1,SMPD2,leukocytes,ZEB1 IP - GM12878 cells,,,
TCF21,SMPD2,vasculature,"TCF21 IP, TCF21 IP",,,
SPI1,SMPD2,leukocytes,"SPI1 IP, SPI1 IP, SPI1 IP - HL cells, SPI1 IP, SPI1 IP, SPI1 IP - GM12878 cells, SPI1 IP - GM12891 cells, SPI1 IP",,,
CTCF,SMPD2,skin,"CTCF IP - HFFC cells, Rep 1 , CTCF IP - NHDF cells, Rep 2 , CTCF IP - AG10803 cells, Rep 1 , CTCF IP - GM12878 cells, Rep 2 , CTCF IP - AG04449 cells, Rep 1 , CTCF IP - HFFC cells, Rep 2 , CTCF IP - NHDF cells, Rep 1 , CTCF IP - HFFC cells, Rep 3 , CTCF IP - AG10803 cells, Rep 2 , CTCF IP - BJ cells, Rep 2 , CTCF IP - AG04449 cells, Rep 2 , CTCF IP - AG09309 cells, Rep 1 , CTCF IP - BJ cells, Rep 1 , CTCF IP - NHEK cells ",,,
YY1,SMPD2,cns,"YY1 IP | ATRA - SK-N-SH cells, YY1 IP - SK-N-SH cells",,,
ATRA,SMPD2,cns,"YY1 IP | ATRA - SK-N-SH cells, USF1 IP | ATRA - SK-N-SH cells",,,
FOXA2,SMPD2,stemcells,"FOXA2 IP - ES D7, FOXA2 IP - ES D10",,,
CTCF,SMPD2,megakaryocytelineage,"CTCF IP - MEG-01 cells, Rep 8 , CTCF IP - MEG-01 cells, Rep 6 , CTCF IP - MEG-01 cells, Rep 2 , CTCF IP - MEG-01 cells, Rep 10 , CTCF IP - MEG-01 cells, Rep 4 ",,,
MAX,SMPD2,liver,"MAX IP - MCF7 cells, MAX IP - HepG2 cells, MAX IP - HepG2 cells",,,
ERG,SMPD2,prostate,"DHT | ERG ChIP-Seq - 18 h, ERG ChIP-Seq",,,
DHT,SMPD2,prostate,DHT | ERG ChIP-Seq - 18 h,,,
RELA,SMPD2,adiposetissue,"RELA IP, RELA IP",,,
MYC,SMPD2,leukocytes,"MYC IP - NB4 cells, MYC IP - K562 cells, Rep 1, MYC IP | IFNG - K562 cells, 30 min",,,
JUN,SMPD2,mammarygland,"JUN IP - Rep 2, JUN IP - Rep 1",,,
CREB1,SMPD2,stemcells,CREB1 IP - H1 cells,,,
MXI1,SMPD2,uterus,MXI1 IP - HeLa cells,,,
FOSL1,SMPD2,leukocytes,FOSL1 IP - K562 cells,,,
E2F3,SMPD2,colon,E2F3 IP ,,,
CEBPB,SMPD2,leukocytes,"CEBPB IP, CEBPB IP - Rep 204, CEBPB IP, CEBPB IP | oxLDL  - Rep 208, CEBPB IP | oxLDL  - Rep 205",,,
TAL1,SMPD2,colon,TAL1 IP ,,,
PBX3,SMPD2,cns,PBX3 IP - SK-N-SH cells,,,
MYC,SMPD2,mammarygland,"DHT | MYC ChIP-Seq, MYC IP | 4HT - MCF10A cells, MYC IP - MCF-10A cells",,,
DHT,SMPD2,mammarygland,"DHT | MYC ChIP-Seq, DHT | FOXA1 ChIP-Seq",,,
CTCF,SMPD2,uterus,CTCF IP - HeLa cells ,,,
MAX,SMPD2,leukocytes,"MAX IP - NB4 cells, MAX IP - K562 cells, Rep 2, MAX IP - GM12878 cells, MAX IP - K562 cells, MAX IP - K562 cells, Rep 1",,,
RELA,SMPD2,leukocytes,"RELA IP - IVD Th1 cells, PIA, RELA IP | TNF - GM12891 cells, RELA IP | TNF - GM18951 cells",,,
CREB1,SMPD2,prostate,"FOXA1 siRNA | CREB1 ChIP-Seq - Rep 1, CREB1 ChIP-Seq - LNCaP, CREB1 ChIP-Seq - LNCaP-abl, CREB1 ChIP-Seq - Rep 2, FOXA1 siRNA | CREB1 ChIP-Seq - Rep 2, CREB1 ChIP-Seq - Rep 1",,,
FOXA1,SMPD2,prostate,"FOXA1 siRNA | CREB1 ChIP-Seq - Rep 1, FOXA1 siRNA | CREB1 ChIP-Seq - Rep 2",,,
MAZ,SMPD2,liver,MAZ IP - HepG2 cells,,,
MXI1,SMPD2,cns,MXI1 IP - SK-N-SH cells ,,,
CTCF,SMPD2,cns,"CTCF IP - SK-N-SH cells, Rep 1 , CTCF IP - BE(2)-C cells, Rep 2 , CTCF IP - spinal cord astrocyte cells, Rep 1 , CTCF IP - SK-N-SH cells , CTCF IP - cerebellar astrocyte cells, Rep 2 , CTCF IP - BE(2)-C cells, Rep 1 , CTCF IP - SK cells, CTCF IP - spinal cord astrocyte cells, Rep 2 , CTCF IP - HCPEpiC cells, Rep 1 , CTCF IP - HCPEpiC cells, Rep 2 , CTCF IP - SK-N-SH cells, Rep 2 ",,,
E2F1,SMPD2,prostate,"BICALU + HES6OE | E2F1 ChIP-Seq - Rep 4, BICALU | E2F1 ChIP-Seq - Rep 3, HES6 OE | E2F1 ChIP-Seq - Rep 3, E2F1 ChIP-Seq - Rep 2, E2F1 ChIP-Seq - Rep 3, HES6 OE | E2F1 ChIP-Seq - Rep 1, HES6 OE + BICALU | E2F1 ChIP-Seq - Rep 1, E2F1 ChIP-Seq - Rep 4, BICALU + HES6 OE | E2F1 ChIP-Seq - Rep 2, E2F1 ChIP-Seq - Rep 1, HES6 OE + BICALU | E2F1 ChIP-Seq - Rep 3, HES6 OE | E2F1 ChIP-Seq - Rep 4, BICALU | E2F1 ChIP-Seq - Rep 1",,,
BICALU,SMPD2,prostate,"BICALU + HES6OE | E2F1 ChIP-Seq - Rep 4, BICALU | E2F1 ChIP-Seq - Rep 3, HES6 OE + BICALU | E2F1 ChIP-Seq - Rep 1, BICALU + HES6 OE | E2F1 ChIP-Seq - Rep 2, HES6 OE + BICALU | E2F1 ChIP-Seq - Rep 3, BICALU | E2F1 ChIP-Seq - Rep 1",,,
HES6,SMPD2,prostate,"BICALU + HES6OE | E2F1 ChIP-Seq - Rep 4, HES6 OE | E2F1 ChIP-Seq - Rep 3, HES6 OE | E2F1 ChIP-Seq - Rep 1, HES6 OE + BICALU | E2F1 ChIP-Seq - Rep 1, BICALU + HES6 OE | E2F1 ChIP-Seq - Rep 2, HES6 OE + BICALU | E2F1 ChIP-Seq - Rep 3, HES6 OE | E2F1 ChIP-Seq - Rep 4",,,
STAT3,SMPD2,leukocytes,"STAT3 IP - SU-DHL-4, STAT3 IP - SU-DHL-6",,,
STAT1,SMPD2,leukocytes,"STAT1 IP - Rep 5, STAT1 IP - Rep 3",,,
IFNG,SMPD2,leukocytes,"STAT1 IP - Rep 5, STAT1 IP - Rep 3, IRF1 IP | IFNG - K562 cells, 6 h, IRF1 IP | IFNG - K562 cells, 30 min, JUN IP | IFNG - K562 cells, 30 min, MYC IP | IFNG - K562 cells, 30 min",,,
CTCF,SMPD2,sensory,"CTCF IP - HRPEpiC cells, Rep 1 , CTCF IP - WERI , CTCF IP - HRPEpiC cells, Rep 2 , CTCF IP - WERI-Rb-1- cells, Rep 1 ",,,
JUN,SMPD2,colon,JUN IP ,,,
MXI1,SMPD2,leukocytes,"MXI1 IP - GM12878 cells, MXI1 IP - K562 cells",,,
IRF4,SMPD2,leukocytes,"IRF4 IP, IRF4 IP - GM12878 cells",,,
IRF1,SMPD2,leukocytes,"IRF1 IP | IFNG - K562 cells, 6 h, IRF1 IP | IFNG - K562 cells, 30 min, IRF1 IP | IFNA1-13 - K562 cells, 6 h",,,
MYC,SMPD2,liver,MYC IP,,,
YY1,SMPD2,leukocytes,"YY1 IP - K562 cells, YY1 IP - K562 cells, Rep 2, YY1 IP - GM12878 cells, YY1 IP - GM12892 cells, Rep 1, YY1 IP - K562 cells, Rep 1, YY1 IP - GM12891 cells",,,
GATA1,SMPD2,hspcs,"GATA1 IP - PBDE cells, Rep 1",,,
MAX,SMPD2,lung,"MAX IP - A549 cells, MAX IP - A549 cells",,,
JUN,SMPD2,leukocytes,"JUN IP | IFNA1-13 - 30 min , JUN IP | IFNG - K562 cells, 30 min",,,
IFNA1,SMPD2,leukocytes,"JUN IP | IFNA1-13 - 30 min , IRF1 IP | IFNA1-13 - K562 cells, 6 h",,,
TAL1,SMPD2,leukocytes,"TAL1 IP - K562 cells, TAL1 IP - MOLT3",,,
TCF12,SMPD2,uterus,TCF12 IP - ECC1 cells,,,
TCF12,SMPD2,cns,TCF12 IP - SK-N-SH cells,,,
GTF2B,SMPD2,uterus,GTF2B IP - Rep 2,,,
FOXA1,SMPD2,mammarygland,DHT | FOXA1 ChIP-Seq,,,
CEBPB,SMPD2,uterus,CEBPB ChIP-Seq - HeLaS3,,,
MYBL2,SMPD2,liver,MYBL2 IP - HepG2 cells,,,
CTCF,SMPD2,mammarygland,"CTCF IP - HMEC cells, Rep 1 , CTCF IP - MCF-7 cells, Rep 1 , CTCF IP - HMF cells, Rep 2 , CTCF IP - MCF7 cells, CTCF IP - HMEC cells, Rep 2 ",,,
GATA6,SMPD2,stomach,GATA6 IP - YCC3,,,
JUND,SMPD2,stemcells,JUND IP - H1 cells,,,
CTCF,SMPD2,adiposetissue,CTCF ChIP-Seq - d 9,,,
4HT,SMPD2,mammarygland,"MYC IP | 4HT - MCF10A cells, E2F4 IP | 4HT - MCF10 cells",,,
TNF,SMPD2,leukocytes,"RELA IP | TNF - GM12891 cells, RELA IP | TNF - GM18951 cells",,,
JUND,SMPD2,vasculature,JUND IP,,,
SIX2,SMPD2,kidney,"SIX2 IP - 17 weeks, Rep 2",,,
ZBTB7A,SMPD2,uterus,ZBTB7A IP - ECC1 cells,,,
SP1,SMPD2,stemcells,SP1 IP - H1 cells,,,
CTCF,SMPD2,colon,"CTCF IP - Caco , CTCF IP - HCT116 cells, CTCF IP - Caco-2 cells, Rep 1 , CTCF IP - HCT116 cells, Rep 1 , CTCF IP - Rep 2 ",,,
PAX5,SMPD2,leukocytes,"PAX5 IP - GM12878 cells, Rep 1, PAX5 IP - GM12878 cells, Rep 2, PAX5 IP - GM12892 cells",,,
CTCF,SMPD2,kidney,"CTCF IP - RPTEC cells, Rep 1 , CTCF IP - HEK293 cells, Rep 2 , CTCF IP - HEK293 cells, Rep 1 , CTCF IP - HRE cells, Rep 1 ",,,
E2F6,SMPD2,leukocytes,"E2F6 IP - K562 cells, E2F6 IP - K562 cells",,,
GABPA,SMPD2,prostate,GABPA IP | R1881,,,
R1881,SMPD2,prostate,GABPA IP | R1881,,,
USF1,SMPD2,colon,USF1 IP - HCT116 cells,,,
MTA3,SMPD2,leukocytes,MTA3 IP - GM12878 cells,,,
ELF1,SMPD2,colon,ELF1 IP - HCT116 cells,,,
BHLHE40,SMPD2,leukocytes,BHLHE40 IP - GM12878 cells,,,
MYB,SMPD2,leukocytes,"MYB IP - MOLT3, MYB IP - Jurkat, Rep 5, MYB IP - Jurkat, Rep 4, MYB IP - Jurkat, Rep 2, MYB IP - Jurkat, Rep 3, MYB IP - Jurkat, Rep 1",,,
SP1,SMPD2,colon,SP1 IP - HCT116 cells,,,
E2F4,SMPD2,mammarygland,E2F4 IP | 4HT - MCF10 cells,,,
MAX,SMPD2,stemcells,MAX IP - H1 cells,,,
NFKB1,SMPD2,leukocytes,NFKB1 IP - Rep 2,,,
REST,SMPD2,cns,"REST IP - PFSK1 cells, Rep 2, REST IP - SK cells, REST IP - PFSK-N-SH cells1 cells, Rep 1",,,
YY1,SMPD2,lung,YY1 IP - A549 cells,,,
GABPA,SMPD2,leukocytes,"GABPA IP - Jurkat, Rep 2, GABPA IP - GM12878 cells, Rep 5 , GABPA IP - HL cells, GABPA IP - K562 cells, GABPA IP - Jurkat, Rep 1",,,
ZNF143,SMPD2,leukocytes,"ZNF143 IP - GM12878 cells, ZNF143 IP - K562 cells",,,
TCF7L2,SMPD2,mammarygland,TCF7L2 ChIP-Seq,,,
SRF,SMPD2,stemcells,"SRF IP - Rep 7 , SRF IP - Rep 6 , SRF IP - Rep 5 ",,,
BACH1,SMPD2,stemcells,BACH1 IP - H1 cells,,,
FOXA2,SMPD2,embryonictissue,FOXA2 IP - Rep 2,,,
MAX,SMPD2,vasculature,MAX IP - HUVEC cells,,,
HMGN3,SMPD2,leukocytes,HMGN3 IP - K562 cells,,,
CEBPB,SMPD2,stemcells,"CEBPB IP, CEBPB IP",,,
CTCF,SMPD2,miscellaneous,"CTCF IP - AG09319 cells, Rep 1 , CTCF IP - AG09319 cells, Rep 2 ",,,
TCF3,SMPD2,leukocytes,TCF3 IP - GM12878 cells,,,
JUND,SMPD2,leukocytes,JUND IP - K562 cells,,,
MEF2A,SMPD2,leukocytes,MEF2A IP - GM12878 cells,,,
ZBTB7A,SMPD2,leukocytes,ZBTB7A IP - SK-N-SH cells,,,
CTCF,SMPD2,bone,CTCF IP - Osteoblasts ,,,
E2F4,SMPD2,leukocytes,E2F4 IP - K562 cells,,,
MYC,SMPD2,uterus,MYC IP - HeLa cells,,,
JUND,SMPD2,uterus,JUND IP - HeLa cells,,,
CREB1,SMPD2,lung,CREB1 IP | DEX - A549 cells,,,
DEX,SMPD2,lung,CREB1 IP | DEX - A549 cells,,,
KLF11,SMPD2,adiposetissue,"ROSI (BrAT) | KLF11 ChIP-Seq, Rep 1, KLF11 ChIP-Seq, Rep 1",,,
ROSI,SMPD2,adiposetissue,"ROSI (BrAT) | KLF11 ChIP-Seq, Rep 1",,,
USF1,SMPD2,cns,USF1 IP | ATRA - SK-N-SH cells,,,
CREB1,SMPD2,liver,"CREB1 IP - HepG2 cells, CREB1 IP",,,
ZEB1,SMPD2,liver,ZEB1 IP - HepG2 cells,,,
SP1,SMPD2,leukocytes,SP1 IP - GM12878 cells,,,
CTCF,SMPD2,placenta,"CTCF IP - HVMF cells, Rep 2 ",,,
FLI1,SMPD2,hspcs,FLI1 IP,,,
ZBTB7A,SMPD2,liver,ZBTB7A IP - HepG2 cells,,,
SRF,SMPD2,leukocytes,SRF IP - SK-N-SH cells,,,
FOSL1,SMPD2,stemcells,FOSL1 IP - H1 cells,,,
MAZ,SMPD2,lung,MAZ IP - IMR cells,,,
SATB1,SMPD2,liver,SATB1 IP,,,
TEAD4,SMPD2,stemcells,TEAD4 IP - H1 cells,,,
MXI1,SMPD2,liver,MXI1 IP - HepG2 cells,,,
TEAD4,SMPD2,leukocytes,TEAD4 IP - K562 cells,,,
CTCF,SMPD2,esophagus,"CTCF IP - HEEpiC cells, Rep 1 ",,,
IRF1,SMPD2,colon,IRF1 IP ,,,
FOSL2,SMPD2,lung,FOSL2 IP - A549 cells,,,
E2F6,SMPD2,lung,E2F6 IP - A549 cells,,,
FOXA1,SMPD2,liver,"FOXA1 IP - HepG2 cells, Rep 2",,,
MAX,SMPD2,colon,MAX IP - HCT116 cells,,,
CTCF,SMPD2,pancreas,CTCF IP,,,
CREB1,SMPD2,leukocytes,CREB1 IP - GM12878 cells,,,
CEBPB,SMPD2,colon,CEBPB IP - HCT116 cells,,,
RUNX1,SMPD2,leukocytes,RUNX1 IP,,,
HEY1,SMPD2,leukocytes,HEY1 IP - K562 cells,,,
TBP,SMPD2,stemcells,TBP IP - H1 cells,,,
TCF12,SMPD2,lung,TCF12 IP - A549 cells,,,
GATA4,SMPD2,stomach,GATA4 IP - AGS,,,
EGR1,SMPD2,colon,EGR1 IP - HCT116 cells,,,
MAZ,SMPD2,leukocytes,"MAZ IP - K562 cells, MAZ IP - GM12878 cells",,,
GABPA,SMPD2,liver,GABPA IP - HepG2 cells,,,
ETS1,SMPD2,leukocytes,"ETS1 IP - K562 cells, ETS1 IP - GM12878 cells, ETS1 IP",,,
ZNF83,SMPD2,colon,ZNF83 IP ,,,
CTCF,SMPD2,liver,"CTCF IP - HepG2 cells , CTCF IP - HepG2 cells, Rep 2 , CTCF IP - HepG2 cells, Rep 1 , CTCF IP - SK-N-SH cells, CTCF IP",,,
CTCF,SMPD2,skeletalmuscle,"CTCF IP - HSMM cells, Rep 2 ",,,
ELF1,SMPD2,cns,ELF1 IP - SK-N-SH cells,,,
YY1,SMPD2,stemcells,YY1 IP - H1 cells,,,
MXI1,SMPD2,stemcells,MXI1 IP - H1 cells,,,
GABPA,SMPD2,cns,GABPA IP - SK-N-SH cells,,,
MXI1,SMPD2,lung,MXI1 IP - IMR cells,,,
E2F1,SMPD2,uterus,"E2F1 IP - HeLa cells, Rep 2, E2F1 IP - HeLa cells, Rep 1",,,
YY1,SMPD2,uterus,YY1 IP - ECC1 cells,,,
ELF1,SMPD2,liver,ELF1 IP - HepG2 cells,,,
CTCF,SMPD2,heart,"CTCF IP - HCF cells , CTCF IP - myocytes cells, Rep 1 ",,,
E2F6,SMPD2,uterus,E2F6 IP - HeLa cells,,,
ELF3,SMPD2,pancreas,ELF3 IP,,,
TCF12,SMPD2,leukocytes,TCF12 IP - GM12878 cells,,,
SRF,SMPD2,colon,SRF IP - HCT116 cells,,,
E2F6,SMPD2,stemcells,E2F6 IP - H1 cells,,,
MAX,SMPD2,cns,MAX IP - SK-N-SH cells,,,
MYC,SMPD2,colon,MYC IP - DTT,,,
SREBF1,SMPD2,liver,SREBF1 IP | INS + 22RHC - HepG2 cells,,,
22RHC; INS,SMPD2,liver,SREBF1 IP | INS + 22RHC - HepG2 cells,,,
EBF1,SMPD2,leukocytes,EBF1 IP - GM12878 cells,,,
ELF1,SMPD2,leukocytes,"ELF1 IP - SK-N-SH cells, ELF1 IP - SK-N-SH cells",,,
JUN,SMPD2,vasculature,JUN IP,,,
YY1,SMPD2,colon,YY1 IP - HCT116 cells,,,
SP1,SMPD2,lung,SP1 IP - A549 cells,,,
FOSL1,SMPD2,colon,FOSL1 IP - HCT116 cells,,,
LYL1,SMPD2,leukocytes,LYL1 IP - HL-60,,,
ELF1,SMPD2,mammarygland,ELF1 IP - MCF7 cells,,,
ZNF263,SMPD2,kidney,ZNF263 IP - HEK293 cells,,,
ZNF143,SMPD2,stemcells,ZNF143 IP - H1 cells,,,
MYC,SMPD2,lung,MYC IP - A549 cells,,,
EGR1,SMPD2,leukocytes,EGR1 IP - K562 cells,,,
EGR1,SMPD2,stemcells,EGR1 IP - H1 cells,,,
MAZ,SMPD2,uterus,MAZ IP - HeLa cells,,,
UBTF,SMPD2,leukocytes,UBTF IP - K562 cells,,,
ZNF143,SMPD2,uterus,ZNF143 IP - HeLa cells,,,
E2F1,SMPD2,mammarygland,E2F1 IP - MCF7 cells,,,
FOXH1,SMPD2,embryonictissue,FOXH1 IP - endoderm,,,
NANOG,SMPD2,stemcells,NANOG IP - H1 cells,,,
CTCF,SMPD3,megakaryocytelineage,"CTCF IP - MEG-01 cells, Rep 6 , CTCF IP - MEG-01 cells, Rep 2 , CTCF IP - MEG-01 cells, Rep 10 , CTCF IP - MEG-01 cells, Rep 4 , CTCF IP - MEG-01 cells, Rep 8 ",,,
CTCF,SMPD3,mammarygland,"CTCF IP - HMF cells, Rep 1 , CTCF IP - MCF-7 cells Rep 2 , CTCF IP - T47D cells, CTCF IP - MCF-7 cells, Rep 1 , CTCF IP - HMF cells, Rep 2 , CTCF IP - HMEC cells, Rep 2 , CTCF IP - MCF7 cells, CTCF IP - HMEC cells, Rep 1 , CTCF IP - HMEC cells ",,,
ATF3,SMPD3,liver,ATF3 IP - HepG2 cells,,,
TEAD4,SMPD3,uterus,TEAD4 IP - ECC1 cells,,,
CTCF,SMPD3,skin,"CTCF IP - HFFC cells, Rep 2 , CTCF IP - AG10803 cells, Rep 2 , CTCF IP - AG04449 cells, Rep 1 , CTCF IP - HFFC cells, Rep 1 , CTCF IP - NHDF cells , CTCF IP - HFFC cells, Rep 3 , CTCF IP - NHEK cells, Rep 2 , CTCF IP - BJ cells, Rep 2 , CTCF IP - BJ cells, Rep 1 , CTCF IP - NHEK cells , CTCF IP - AG04449 cells, Rep 2 , CTCF IP - GM12878 cells, Rep 2 , CTCF IP - NHDF cells, Rep 2 , CTCF IP - AG10803 cells, Rep 1 , CTCF IP - AG09309 cells, Rep 1 ",,,
CTCF,SMPD3,leukocytes,"CTCF IP - GM2610 cells, Rep 3 , CTCF IP - GM06986 cells, CTCF IP - GM12874 cells, Rep 2 , CTCF IP - GM18951 cells, Rep 1 , CTCF IP - MS1 cells, Rep 1 , CTCF IP - K562 cells, Rep 16 , CTCF IP - GM12875 cells, Rep 2 , CTCF IP - F36P cells, Rep 7 , CTCF IP - GM2610 cells, Rep 1 , CTCF IP - GM12892 cells, Rep 1 , CTCF IP - MS1 cells, Rep 2 , CTCF IP - KU812 cells, Rep 1 , CTCF IP - K562 cells, CTCF IP - HL-60 cells, Rep 2 , CTCF IP - GM12815 cells, Rep 2, CTCF IP - F36P cells, Rep 11 , CTCF IP - F36P cells, Rep 3 , CTCF IP - GM12890 cells, Rep 3 , CTCF IP - GM2630 cells, Rep 3 , CTCF IP - GM11881 cells, CTCF IP - GM18505 cells, Rep 1 , CTCF IP - F36P cells, Rep 19 , CTCF IP - GM11894 cells, Rep 2, CTCF IP - GM19239 cells, Rep 2 , CTCF IP - GM12828 cells, CTCF IP - GM12891 cells, Rep 2 , CTCF IP - GM19240 cells, Rep 1 , CTCF IP - GM12872 cells, Rep 2 , CTCF IP - GM2630 cells, Rep 1 , CTCF IP - GM12865 cells, Rep 1 , CTCF IP - GM12005 cells, Rep 2, CTCF IP - GM12814 cells, Rep 1, CTCF IP - GM12868 cells , CTCF IP - GM19099 cells, Rep 2 , CTCF IP - GM19099 cells, Rep 1 , CTCF IP - GM12873 cells, Rep 1 , CTCF IP - GM12878 cells , CTCF IP - K562 cells, Rep 14 , CTCF IP - GM12864 cells, Rep 3 , CTCF IP - K562 cells, Rep 15 , CTCF IP - MS1 cells, Rep 3 , CTCF IP - GM12872 cells, Rep 3 , CTCF IP - GM2630 cells, Rep 2 , CTCF IP - GM12864 cells, Rep 2 , CTCF IP - GM2588 cells, Rep 2 , CTCF IP - HL , CTCF IP - HL-60 cells, Rep 5 , CTCF IP - MS1 cells, Rep 4 , CTCF IP - CD14+ cells , CTCF ChIP-Seq - GM12878, CTCF IP - GM12814 cells, Rep 2, CTCF IP - GM11811 cells, Rep 1, CTCF IP - GM2255 cells, Rep 2 , CTCF IP - KU812 cells, Rep 5 , CTCF IP - GM18486 cells, Rep 1 , CTCF IP - HeLa cells, Rep 2 , CTCF IP -  CD20+ cells , CTCF IP - GM12006 cells, Rep 2, CTCF IP - GM12489 cells, Rep 1, CTCF IP - K562 cells, CTCF IP - NB4 cells , CTCF IP - GM12891 cells, Rep 1 , CTCF IP - GM18486 cells, Rep 2 , CTCF IP - GM12234 cells, CTCF IP - GM12873 cells, Rep 1 , CTCF IP - GM12749 cells, Rep 1, CTCF IP - GM12878 cells, Rep 1 , CTCF IP - F36P cells, Rep 13 , CTCF IP - GM2588 cells, Rep 3 , CTCF IP - GM18526 cells, Rep 2 , CTCF IP - GM12287 cells, Rep 1, CTCF IP - GM12867 cells , CTCF IP - GM18951 cells, Rep 2 , CTCF IP - F36P cells, Rep 14 , CTCF IP - GM12870 cells , CTCF IP - GM18505 cells, Rep 2 , CTCF IP - GM12155 cells, Rep 1, CTCF IP - GM19193 cells, Rep 1 , CTCF IP - F36P cells, Rep 10 , CTCF IP, CTCF IP - UT-7 cells, Rep 6 , CTCF IP - GM07037 cells, CTCF IP - K562 cells, Rep 13 , CTCF IP - GM11994 cells, Rep 2, CTCF IP - HL-60 cells, Rep 9 , CTCF IP - GM12875 cells, Rep 1 , CTCF IP - GM07346 cells, CTCF IP -  DND , CTCF IP - F36P cells, Rep 2 , CTCF IP - GM12864 cells, Rep 1 , CTCF IP - GM18526 cells, Rep 1 , CTCF IP - K562 cells, Rep 12 , CTCF IP - GM11831 cells, CTCF IP - F36P cells, Rep 15 , CTCF IP - GM12815 cells, Rep 1, CTCF IP - GM12874 cells, Rep 1 , CTCF IP - GM12872 cells, CTCF IP - K562 cells, Rep 2 , CTCF IP - GM06990 cells, Rep 2 , CTCF IP - GM12892 cells, Rep 2 , CTCF IP - GM12871 cells , CTCF IP - GM19193 cells, Rep 2 , CTCF IP - GM12154 cells, Rep 2, CTCF IP - GM12878 cells, Rep 2 , CTCF IP - GM12872 cells, Rep 1 , CTCF IP - GM12890 cells, Rep 1 , CTCF IP - GM18486 cells, Rep 3 , CTCF IP - K562 cells, CTCF IP - K562 cells , CTCF IP - GM2588 cells, Rep 1 , CTCF IP - UT-7 cells, Rep 5 , CTCF IP - K562 cells, Rep 1 , CTCF IP - GM11992 cells, Rep 1, CTCF IP - GM06990 cells, Rep 1 , CTCF IP - GM2255 cells, Rep 1 , CTCF IP - UT-7 cells, Rep 4 , CTCF IP - F36P cells, Rep 6 , CTCF IP - GM12890 cells, Rep 2 , CTCF IP - GM12865 cells, Rep 2 , CTCF IP - GM12878 cells, Rep 1 , CTCF IP - GM19238 cells, Rep 1 , CTCF IP - GM11994 cells, Rep 1, CTCF IP - GM19239 cells, Rep 1 , CTCF IP - UT-7 cells, Rep 3 , CTCF IP - GM12878 cells, Rep 2 , CTCF IP - HL-60 cells, Rep 3 , CTCF IP - GM10847 cells, Rep 2 , CTCF IP - KU812 cells, Rep 13 , CTCF IP - KU812 cells, Rep 17 , CTCF IP - GM12154 cells, Rep 1, CTCF IP - GM12874 cells, CTCF IP - GM12866 cells , CTCF IP - K562 cells, Rep 11 , CTCF IP - GM12873 cells, Rep 3 , CTCF IP - GM11811 cells, Rep 2, CTCF IP - GM12869 cells , CTCF IP - HL-60 cells, Rep 7 , CTCF IP - KU812 cells, Rep 9 , CTCF IP - GM2610 cells, Rep 2 , CTCF IP - GM19240 cells, Rep 2 , CTCF IP - GM12865 cells, Rep 3 , CTCF IP - GM2255 cells, Rep 3 , CTCF IP - GM10847 cells, Rep 1 , CTCF IP - GM19238 cells, Rep 2 ",,,
GABPA,SMPD3,stemcells,GABPA IP - H1 cells,,,
CTCF,SMPD3,cns,"CTCF IP - spinal cord astrocyte cells, Rep 1 , CTCF IP - SK-N-SH cells, Rep 1 , CTCF IP - NHA cells , CTCF IP - spinal cord astrocyte cells, Rep 2 , CTCF IP - SK-N-SH cells , CTCF IP - SK cells, CTCF IP - HCPEpiC cells, Rep 2 , CTCF IP - SK-N-SH cells, Rep 2 , CTCF IP - cerebellar astrocyte cells, Rep 2 , CTCF IP - BE(2)-C cells, Rep 1 , CTCF IP - HCPEpiC cells, Rep 1 , CTCF IP - BE(2)-C cells, Rep 2 ",,,
HIF1A,SMPD3,bone,HIF1A IP,,,
CREB1,SMPD3,lung,"CREB1 IP | DEX - A549 cells, CREB1 IP - A549 cells, Rep 2, CREB1 IP - A549 cells, Rep 1",,,
DEX,SMPD3,lung,"CREB1 IP | DEX - A549 cells, CTCF IP | DEX - A549 cells, CTCF IP | DEX - A549 cells , FOXA1 IP | DEX - A549 cells",,,
RELA,SMPD3,leukocytes,"RELA IP | TNF - GM19193 cells, RELA IP | TNF - GM12878 cells, RELA IP | TNF - GM18951 cells, RELA IP | TNF - GM19099 cells, RELA IP | BAY082  - IVD Th1 cells, PIA, RELA IP | TNF - GM18505 cells, RELA IP | TNF - GM12891 cells, RELA IP | TNF - GM10847 cells",,,
TNF,SMPD3,leukocytes,"RELA IP | TNF - GM19193 cells, RELA IP | TNF - GM12878 cells, RELA IP | TNF - GM18951 cells, RELA IP | TNF - GM18505 cells, RELA IP | TNF - GM12891 cells, RELA IP | TNF - GM10847 cells",,,
SPI1,SMPD3,leukocytes,"SPI1 IP - HL cells, SPI1 IP, SPI1 IP, SPI1 IP, SPI1 IP, SPI1 IP - GM12891 cells, SPI1 IP - HL-60 cells, Rep 4 , SPI1 IP, SPI1 IP",,,
EGR1,SMPD3,uterus,EGR1 IP - ECC1 cells,,,
MXI1,SMPD3,leukocytes,MXI1 IP - GM12878 cells,,,
CTCF,SMPD3,vasculature,"CTCF IP - HUVEC cells, Rep 1 , CTCF IP - HBMEC cells, Rep 2 , CTCF IP - HPAF cells, Rep 2 , CTCF IP - HUVEC cells, Rep 2 , CTCF IP - HPAF cells, Rep 1 , CTCF IP - HBMEC cells, Rep 1 , CTCF IP - HUVEC cells ",,,
CEBPB,SMPD3,colon,CEBPB IP - HCT116 cells,,,
FOXA1,SMPD3,stemcells,"FOXA1 IP - ES D5, FOXA1 IP - Rep 5 , FOXA1 IP - ES D10, FOXA1 IP - ES D2, FOXA1 IP - ES D7",,,
FOXA1,SMPD3,mammarygland,"17BE2 | FOXA1 ChIP-Seq - Rep 1, FOXA1 ChIP-Seq - Rep 2, FOXA1 ChIP-Seq - Rep 2, 17BE2 | FOXA1 ChIP-Seq - Rep 2, TNF | FOXA1 ChIP-Seq - Rep 1, FOXA1 ChIP-Seq - Rep 1, DEX | FOXA1 ChIP-Seq - Rep 1, FOXA1 ChIP-Seq - Rep 1, 17BE2 | FOXA1 ChIP-Seq - Rep 1, 17BE2 | FOXA1 ChIP-Seq - Rep 2, DEX | FOXA1 ChIP-Seq - Rep 1, DHT | FOXA1 ChIP-Seq, DEX | FOXA1 ChIP-Seq - Rep 1, FOXA1 IP - T47D, DEX | FOXA1 ChIP-Seq - Rep 2, DEX | FOXA1 ChIP-Seq - Rep 2, TNF | FOXA1 ChIP-Seq - Rep 2, FOXA1 ChIP-Seq - Rep 1, 17BE2 | FOXA1 ChIP-Seq - Rep 1, FOXA1 IP - T47D cells, 17BE2 + TNF | FOXA1 ChIP-Seq - Rep 2, FOXA1 ChIP-Seq - Rep 2, FOXA1 ChIP-Seq - Rep 1, FOXA1 ChIP-Seq - Rep 2, 17BE2 | FOXA1 ChIP-Seq - Rep 2, 17BE2 | FOXA1 ChIP-Seq - Rep 1, 17BE2 | FOXA1 ChIP-Seq - Rep 2, 17BE2 | FOXA1 ChIP-Seq, DEX | FOXA1 ChIP-Seq - Rep 2",,,
17BE2,SMPD3,mammarygland,"17BE2 | FOXA1 ChIP-Seq - Rep 1, 17BE2 | FOXA1 ChIP-Seq - Rep 2, 17BE2 | FOXA1 ChIP-Seq - Rep 1, 17BE2 | FOXA1 ChIP-Seq - Rep 2, 17BE2 | RELA ChIP-Seq - Rep 2, 17BE2 | FOXA1 ChIP-Seq - Rep 1, 17BE2 | FOXA1 ChIP-Seq - Rep 2, 17BE2 | FOXA1 ChIP-Seq - Rep 1, 17BE2 | FOXA1 ChIP-Seq - Rep 2, 17BE2 | RELA ChIP-Seq - Rep 1, 17BE2 | FOXA1 ChIP-Seq",,,
CTCF,SMPD3,lung,"CTCF IP - WI-38 cells, Rep 1 , CTCF IP | DEX - A549 cells, CTCF IP - HPF cells, Rep 1 , CTCF IP - IMR cells, CTCF ChIP-Seq - A549, CTCF IP - HPF cells, Rep 2 , CTCF IP | DEX - A549 cells , CTCF IP - A549 cells, Rep 2 , CTCF IP - A549 cells, CTCF IP - A549 cells, Rep 1 , CTCF IP - SAEC cells, Rep 2 , CTCF IP - A549 cells , CTCF IP - NHLF cells , CTCF IP - SAEC cells, Rep 1 ",,,
USF1,SMPD3,cns,USF1 IP | ATRA - SK-N-SH cells,,,
ATRA,SMPD3,cns,"USF1 IP | ATRA - SK-N-SH cells, YY1 IP | ATRA - SK-N-SH cells",,,
CTCF,SMPD3,adiposetissue,"CTCF ChIP-Seq - d 9, CTCF ChIP-Seq - d 0, CTCF ChIP-Seq - d -2",,,
STAT3,SMPD3,leukocytes,"STAT3 IP - SU-DHL-4, STAT3 IP - SU-DHL-6, STAT3 IP - SU-DHL-2, STAT3 IP - OCI-LY7, STAT3 IP - U-2932, STAT3 IP - OCI-LY10",,,
SRF,SMPD3,colon,SRF IP - HCT116 cells,,,
TCF12,SMPD3,liver,TCF12 IP - MCF7 cells,,,
CTCF,SMPD3,sensory,"CTCF IP - HRPEpiC cells, Rep 2 , CTCF IP - HRPEpiC cells, Rep 1 , CTCF IP - WERI , CTCF IP - WERI-Rb-1- cells, Rep 1 ",,,
FOXA1,SMPD3,prostate,"CON KD | FOXA1 ChIP-Seq, FOXA1 ChIP-Seq, FOXA1 siRNA | CREB1 ChIP-Seq - Rep 1, CON KD + R1881 | FOXA1 ChIP-Seq, EtOH | FOXA1 ChIP-Seq - Rep 2, R1881 | FOXA1 ChIP-Seq - Rep 1, CREB1 siRNA | FOXA1 ChIP-Seq - Rep 2, FOXA1 ChIP-Seq, FOXA1 KD | FOXA1 ChIP-Seq, FOXA1 ChIP-Seq, GATA2 KD  | FOXA1 ChIP-Seq, POU2F1 KD + DHT | FOXA1 ChIP-Seq, CON KD  | FOXA1 ChIP-Seq, FOXA1 ChIP-Seq - Rep 1, FOXA1 siRNA | CREB1 ChIP-Seq - Rep 2, FOXA1 ChIP-Seq - Rep 1, CREB1 siRNA | FOXA1 ChIP-Seq - Rep 1, FOXA1 ChIP-Seq - Rep 2, EtOH | FOXA1 ChIP-Seq - , DHT | FOXA1 ChIP-Seq, CON KD | FOXA1 ChIP-Seq, FOXA1 KD | FOXA1 ChIP-Seq, FOXA1 ChIP-Seq - LNCaP-abl, FOXA1 ChIP-Seq - LNCaP, CON KD | FOXA1 ChIP-Seq, GATA2 KD + R1881 | FOXA1 ChIP-Seq, FOXA1 ChIP-Seq - Rep 2",,,
ZNF263,SMPD3,kidney,ZNF263 IP - HEK293 cells,,,
REST,SMPD3,leukocytes,"REST IP - Jurkat cells, Rep 4 , REST IP - GM12878 cells, Rep 1, REST IP -  K562 cells, REST IP - Jurkat cells, Rep 14 , REST IP - GM12878 cells, Rep 21 , REST IP - GM12878 cells, Rep 14 , REST IP - GM12878 cells, Rep 26 , REST IP - GM12878 cells, Rep 7 , REST IP - GM12878 cells, Rep 1 , REST IP - Jurkat cells, Rep 5 , REST IP - Jurkat cells, Rep 6 , REST IP - Jurkat cells, Rep 10 , REST IP - GM12878 cells, Rep 19 , REST IP - GM12878 cells, Rep 25 , REST IP - Jurkat cells, Rep 11 , REST IP - GM12878 cells, Rep 13 , REST IP - GM12878 cells, Rep 9 , REST IP - GM12878 cells, Rep 5 , REST IP - GM12878 cells, Rep 28 , REST IP - Jurkat cells, Rep 12 , REST IP - GM12878 cells, Rep 17 , REST IP - Jurkat cells, Rep 1 , REST IP - Jurkat cells, Rep 7 , REST IP - GM12878 cells, Rep 2 , REST IP - GM12878 cells, Rep 10 , REST IP - Jurkat cells, Rep 9 , REST IP - GM12878 cells, Rep 11 , REST IP - GM12878 cells, Rep 4 , REST IP - Jurkat cells, Rep 2 , REST IP - GM12878 cells, Rep 15 , REST IP - GM12878 cells, Rep 20 , REST IP - Jurkat cells, Rep 15 , REST IP - GM12878 cells, Rep 2, REST IP - GM12878 cells, Rep 8 , REST IP - GM12878 cells, Rep 24 , REST IP - Jurkat cells, Rep 3 , REST IP - K562 cells, REST IP - Jurkat cells, Rep 8 , REST IP - GM12878 cells, Rep 3 , REST IP - HL60 cells, REST IP - GM12878 cells, Rep 27 , REST IP - Jurkat cells, Rep 13 , REST IP - GM12878 cells, Rep 12 , REST IP - K562 cells , REST IP - GM12878 cells, Rep 22 , REST IP - GM12878 cells, Rep 17 , REST IP - GM12878 cells, Rep 16 , REST IP - GM12878 cells, Rep 6 , REST IP - GM12878 cells, Rep 18 , REST IP - GM12878 cells, Rep 23 ",,,
CREB1,SMPD3,liver,"CREB1 IP - HepG2 cells, CREB1 IP, CREB1 IP, CREB1 IP",,,
ZNF83,SMPD3,colon,ZNF83 IP ,,,
CTCF,SMPD3,stemcells,"CTCF IP - Rep 6 , CTCF IP - H1 cells , CTCF IP - Rep 5 , CTCF IP - H1 cells, CTCF IP - Rep 4 , CTCF IP - Rep 2 , CTCF IP - Rep 1 , CTCF IP - Rep 7 , CTCF IP - Rep 3 ",,,
STAT3,SMPD3,mammarygland,"STAT3 IP | 4HT - MCF10 cells, 36 h",,,
4HT,SMPD3,mammarygland,"STAT3 IP | 4HT - MCF10 cells, 36 h, E2F4 IP | 4HT - MCF10 cells",,,
CTCF,SMPD3,kidney,"CTCF IP - HEK293 cells, Rep 2 , CTCF IP - RPTEC cells, Rep 1 , CTCF IP - HEK293 cells, Rep 1 , CTCF IP - RPTEC cells, Rep 2 , CTCF IP - HRE cells, Rep 1 , CTCF IP - HRE cells, Rep 2 ",,,
CTCF,SMPD3,placenta,"CTCF IP - HVMF cells, Rep 2 , CTCF IP - HVMF cells, Rep 1 ",,,
UBTF,SMPD3,leukocytes,"UBTF IP - K562 cells, UBTF IP - K562 cells",,,
CTCF,SMPD3,hspcs,"CTCF IP - HEL 92.1.7 cells, Rep 8 , CTCF IP - Erythroid cells, Rep 2, CTCF IP - HEL 92.1.7 cells, Rep 5 , CTCF IP - HEL 92.1.7 cells, Rep 2 , CTCF IP - HEL 92.1.7 cells, Rep 11 , CTCF IP - Erythroid cells, Rep 1, CTCF IP - HEL 92.1.7 cells, Rep 14 ",,,
REST,SMPD3,uterus,"REST IP - ECC1 cells, REST IP - SK-N-SH cells",,,
THAP11,SMPD3,stemcells,"THAP11 IP - Rep 2 , THAP11 IP - Rep 1 , THAP11 IP - Rep 3 , THAP11 IP - Rep 5 , THAP11 IP - Rep 4 ",,,
TAL1,SMPD3,colon,TAL1 IP ,,,
ATF3,SMPD3,leukocytes,"ATF3 IP - GM12878 cells, ATF3 IP - K562 cells",,,
SP1,SMPD3,colon,SP1 IP - HCT116 cells,,,
E2F1,SMPD3,prostate,"E2F1 ChIP-Seq - Rep 2, E2F1 ChIP-Seq - Rep 3, HES6 OE | E2F1 ChIP-Seq - Rep 1, HES6 OE + BICALU | E2F1 ChIP-Seq - Rep 1, E2F1 ChIP-Seq - Rep 4, E2F1 ChIP-Seq - Rep 1, HES6 OE + BICALU | E2F1 ChIP-Seq - Rep 3, HES6 OE | E2F1 ChIP-Seq - Rep 4, BICALU | E2F1 ChIP-Seq - Rep 1, BICALU | E2F1 ChIP-Seq - Rep 2, HES6 OE | E2F1 ChIP-Seq - Rep 2, BICALU | E2F1 ChIP-Seq - Rep 3, HES6 OE | E2F1 ChIP-Seq - Rep 3",,,
CTCF,SMPD3,colon,"CTCF IP - HCT116 cells, Rep 2 , CTCF IP - HCT116 cells, Rep 1 , CTCF IP - Caco-2 cells, Rep 1 , CTCF IP - HCT116 cells, CTCF IP - Caco ",,,
CREB1,SMPD3,prostate,"FOXA1 siRNA | CREB1 ChIP-Seq - Rep 1, CREB1 ChIP-Seq - LNCaP, CREB1 ChIP-Seq - LNCaP-abl, CREB1 siRNA | FOXA1 ChIP-Seq - Rep 2, CREB1 ChIP-Seq - Rep 2, FOXA1 siRNA | CREB1 ChIP-Seq - Rep 2, CREB1 siRNA | FOXA1 ChIP-Seq - Rep 1, CREB1 ChIP-Seq - Rep 1",,,
REST,SMPD3,cns,"REST IP - SK-N-SH cells, REST IP - U87 cells, REST IP - SK cells, REST IP - PFSK-N-SH cells1 cells, Rep 1, REST IP - PFSK1 cells, Rep 2",,,
GABPA,SMPD3,leukocytes,"GABPA IP - GM12878 cells, Rep 4 , GABPA IP - Jurkat, Rep 1, GABPA IP - K562 cells, GABPA IP - GM12878 cells, Rep 1 , GABPA IP - GM12878 cells, Rep 2 , GABPA IP - Jurkat, Rep 2",,,
YY1,SMPD3,leukocytes,"YY1 IP - GM12892 cells, Rep 1, YY1 IP - GM12878 cells, YY1 IP - K562 cells, Rep 2, YY1 IP - GM12891 cells",,,
REST,SMPD3,pancreas,"REST IP - PANC1 cells, Rep 1, REST IP - Panc1 cells, Rep 3, REST IP - PANC1 cells, Rep 2",,,
IRF4,SMPD3,leukocytes,"IRF4 IP, IRF4 IP - GM12878 cells",,,
HES6,SMPD3,prostate,"HES6 OE | E2F1 ChIP-Seq - Rep 1, HES6 OE + BICALU | E2F1 ChIP-Seq - Rep 1, HES6 OE + BICALU | E2F1 ChIP-Seq - Rep 3, HES6 OE | E2F1 ChIP-Seq - Rep 4, HES6 OE | E2F1 ChIP-Seq - Rep 2, HES6 OE | E2F1 ChIP-Seq - Rep 3",,,
TBP,SMPD3,stemcells,TBP IP - H1 cells,,,
MYC,SMPD3,leukocytes,MYC IP - NB4 cells,,,
YY1,SMPD3,liver,YY1 IP - HepG2 cells,,,
TNF,SMPD3,mammarygland,"TNF | FOXA1 ChIP-Seq - Rep 1, TNF | RELA ChIP-Seq - Rep 1, TNF | RELA ChIP-Seq - Rep 2, TNF | FOXA1 ChIP-Seq - Rep 2",,,
NFYB,SMPD3,leukocytes,"NFYB IP - K562 cells, NFYB IP - GM12878 cells",,,
TCF7L2,SMPD3,hspcs,"TCF7L2 IP - Rep 2, TCF7L2 IP - Rep 1",,,
DEX,SMPD3,mammarygland,"DEX | FOXA1 ChIP-Seq - Rep 1, DEX | FOXA1 ChIP-Seq - Rep 1, DEX | FOXA1 ChIP-Seq - Rep 1, DEX | FOXA1 ChIP-Seq - Rep 2, DEX | FOXA1 ChIP-Seq - Rep 2, DEX | FOXA1 ChIP-Seq - Rep 2",,,
BICALU,SMPD3,prostate,"HES6 OE + BICALU | E2F1 ChIP-Seq - Rep 1, HES6 OE + BICALU | E2F1 ChIP-Seq - Rep 3, BICALU | E2F1 ChIP-Seq - Rep 1, BICALU | E2F1 ChIP-Seq - Rep 2, BICALU | E2F1 ChIP-Seq - Rep 3",,,
E2F1,SMPD3,mammarygland,"E2F1 IP - MCF7 cells, E2F1 IP",17053090,,
MAZ,SMPD3,lung,MAZ IP - IMR cells,,,
R1881,SMPD3,prostate,"CON KD + R1881 | FOXA1 ChIP-Seq, R1881 | FOXA1 ChIP-Seq - Rep 1, GABPA IP | R1881, GATA2 KD + R1881 | FOXA1 ChIP-Seq",,,
MAFK,SMPD3,liver,"MAFK IP - HepG2 cells, Rep 2",,,
MAX,SMPD3,colon,MAX IP - HCT116 cells,,,
REST,SMPD3,liver,"REST IP - HepG2 cells, Rep 1, REST IP - HepG2 cells, Rep 2",,,
TEAD4,SMPD3,mammarygland,"TEAD4 IP - Rep 2, TEAD4 IP - Rep 1",,,
ZEB1,SMPD3,liver,ZEB1 IP - HepG2 cells,,,
CTCF,SMPD3,uterus,"CTCF IP - HeLa cells , CTCF IP - HeLa cells, Rep 1 , CTCF IP - ECC1 cells",,,
MAX,SMPD3,leukocytes,"MAX IP - K562 cells, MAX IP - NB4 cells, MAX IP - K562 cells, Rep 2",,,
ZBTB7A,SMPD3,leukocytes,ZBTB7A IP - SK-N-SH cells,,,
RUNX1,SMPD3,leukocytes,"RUNX1 IP, RUNX1 IP",,,
GABPA,SMPD3,liver,"GABPA IP, GABPA IP - MCF7 cells, GABPA IP - HepG2 cells, GABPA IP",,,
KLF11,SMPD3,adiposetissue,"ROSI (BrAT) | KLF11 ChIP-Seq, Rep 1, KLF11 ChIP-Seq, Rep 1, ROSI (BrAT) | KLF11 ChIP-Seq, Rep 2, KLF11 ChIP-Seq, Rep 2",,,
ROSI,SMPD3,adiposetissue,"ROSI (BrAT) | KLF11 ChIP-Seq, Rep 1, ROSI (BrAT) | KLF11 ChIP-Seq, Rep 2",,,
ZNF143,SMPD3,colon,ZNF143 IP ,,,
FOSL2,SMPD3,liver,FOSL2 IP - HepG2 cells,,,
MAX,SMPD3,stemcells,MAX IP - H1 cells,,,
GABPA,SMPD3,lung,GABPA IP - A549 cells,,,
CREB1,SMPD3,stemcells,CREB1 IP - H1 cells,,,
GATA3,SMPD3,mammarygland,"GATA3 IP - MCF7 cells, GATA3 IP - T47D cells",,,
ATF3,SMPD3,stemcells,ATF3 IP - H1 cells,,,
GABPA,SMPD3,prostate,"GABPA IP - Rep 1, GABPA IP | R1881",,,
MYC,SMPD3,mammarygland,"MYC IP, DHT | MYC ChIP-Seq",,,
MYB,SMPD3,leukocytes,"MYB IP - MOLT3, MYB IP - Jurkat, Rep 5, MYB IP - Jurkat, Rep 4, MYB IP - Jurkat, Rep 1, MYB IP - Jurkat, Rep 2, MYB IP - Jurkat, Rep 3",,,
RELA,SMPD3,mammarygland,"RELA ChIP-Seq - Rep 2, 17BE2 + TNF | RELA Chip-Seq - Rep 2, TNF | RELA ChIP-Seq - Rep 1, RELA ChIP-Seq - Rep 1, 17BE2 + TNF | RELA ChIP-Seq - Rep 1, 17BE2 | RELA ChIP-Seq - Rep 2, TNF | RELA ChIP-Seq - Rep 2, 17BE2 | RELA ChIP-Seq - Rep 1",,,
DHT,SMPD3,mammarygland,"DHT | MYC ChIP-Seq, DHT | FOXA1 ChIP-Seq, DHT | TCF7L2 ChIP-Seq",,,
17BE2; TNF,SMPD3,mammarygland,"17BE2 + TNF | RELA Chip-Seq - Rep 2, 17BE2 + TNF | RELA ChIP-Seq - Rep 1, 17BE2 + TNF | FOXA1 ChIP-Seq - Rep 2",,,
CEBPB,SMPD3,leukocytes,CEBPB ChIP-Seq - K562,,,
PBX3,SMPD3,cns,PBX3 IP - SK-N-SH cells,,,
TCF12,SMPD3,stemcells,TCF12 IP - H1 cells,,,
E2F6,SMPD3,leukocytes,E2F6 IP - K562 cells,,,
PAX5,SMPD3,leukocytes,PAX5 IP - GM12892 cells,,,
ELF1,SMPD3,liver,ELF1 IP - HepG2 cells,,,
HMGN3,SMPD3,leukocytes,HMGN3 IP - K562 cells,,,
SRF,SMPD3,liver,SRF IP - HepG2 cells,,,
TFAP4,SMPD3,leukocytes,"TFAP4 IP - Rep 1, TFAP4 IP - Rep 2",,,
REST,SMPD3,stemcells,"REST IP - H1 cells, Rep 1, REST IP - H1 cells, Rep 2",,,
MYBL2,SMPD3,liver,MYBL2 IP - HepG2 cells,,,
GATA2,SMPD3,prostate,"GATA2 KD  | FOXA1 ChIP-Seq, GATA2 KD + R1881 | FOXA1 ChIP-Seq",,,
MAX,SMPD3,lung,"MAX IP - A549 cells, MAX IP - A549 cells",,,
SRF,SMPD3,stemcells,"SRF IP - Rep 1 , SRF IP - Rep 7 , SRF IP - Rep 4 , SRF IP - Rep 6 ",,,
SIX5,SMPD3,stemcells,SIX5 IP - H1 cells,,,
YY1,SMPD3,uterus,YY1 IP - ECC1 cells,,,
ZNF76,SMPD3,kidney,ZNF76 IP | ZNF76 OE,,,
JUND,SMPD3,stemcells,JUND IP - H1 cells,,,
CTCF,SMPD3,bone,CTCF IP - Osteoblasts ,,,
IRF1,SMPD3,leukocytes,"IRF1 IP | IFNG - K562 cells, 6 h, IRF1 IP - Rep 3",,,
IFNG,SMPD3,leukocytes,"IRF1 IP | IFNG - K562 cells, 6 h, STAT1 IP - Rep 5, STAT1 IP - Rep 1, STAT1 IP - Rep 4, STAT1 IP - Rep 3, STAT1 IP - Rep 2, IRF1 IP - Rep 3",,,
CTCF,SMPD3,miscellaneous,"CTCF IP - AG09319 cells, Rep 2 ",,,
REST,SMPD3,lung,REST IP - A549 cells,,,
CTCF,SMPD3,heart,"CTCF IP - HCF cells , CTCF IP - myocytes cells, Rep 1 , CTCF IP - myocytes cells, Rep 2 ",,,
GABPA,SMPD3,cns,GABPA IP - SK-N-SH cells,,,
FOXM1,SMPD3,leukocytes,FOXM1 IP - GM12878 cells,,,
TP53,SMPD3,mammarygland,TP53 IP,,,
STAT1,SMPD3,uterus,"STAT1 IP | IFNG - HeLa cells, 30 min",,,
IFNG,SMPD3,uterus,"STAT1 IP | IFNG - HeLa cells, 30 min",,,
ELF1,SMPD3,colon,ELF1 IP - HCT116 cells,,,
FOXA2,SMPD3,lung,FOXA2 IP - A549 cells,,,
FOXA1,SMPD3,liver,"FOXA1 IP - HepG2 cells, Rep 1, FOXA1 IP - HepG2 cells, Rep 2",,,
BACH1,SMPD3,stemcells,BACH1 IP - H1 cells,,,
MXI1,SMPD3,cns,MXI1 IP - SK-N-SH cells ,,,
STAT1,SMPD3,leukocytes,"STAT1 IP - Rep 5, STAT1 IP - Rep 1, STAT1 IP - Rep 4, STAT1 IP - Rep 3, STAT1 IP - Rep 2",,,
TEAD1,SMPD3,cns,"TEAD1 IP - Rep 1, TEAD1 IP - Rep 2",,,
FOXA1,SMPD3,lung,"FOXA1 IP - A549 cells, FOXA1 IP | DEX - A549 cells",,,
DHT,SMPD3,prostate,"POU2F1 KD + DHT | FOXA1 ChIP-Seq, DHT | FOXA1 ChIP-Seq",,,
POU2F1,SMPD3,prostate,POU2F1 KD + DHT | FOXA1 ChIP-Seq,,,
HOXA6,SMPD3,colon,HOXA6 IP ,,,
FOXA1,SMPD3,pancreas,"FOXA1 IP, FOXA1 IP",,,
TCF7L2,SMPD3,mammarygland,"DHT | TCF7L2 ChIP-Seq, TCF7L2 ChIP-Seq",,,
ZNF143,SMPD3,leukocytes,"ZNF143 IP - K562, ZNF143 IP - GM12878 cells, ZNF143 IP - K562 cells",,,
TCF12,SMPD3,cns,TCF12 IP - SK-N-SH cells,,,
BAY082,SMPD3,leukocytes,"RELA IP | BAY082  - IVD Th1 cells, PIA",,,
HOXA4,SMPD3,colon,HOXA4 IP ,,,
MAZ,SMPD3,leukocytes,"MAZ IP - GM12878 cells, MAZ IP - K562 cells",,,
IRF1,SMPD3,colon,IRF1 IP ,,,
TCF12,SMPD3,uterus,TCF12 IP - ECC1 cells,,,
MAX,SMPD3,liver,"MAX IP - HepG2 cells, MAX IP - MCF7 cells",,,
E2F3,SMPD3,colon,E2F3 IP ,,,
CTCF,SMPD3,liver,"CTCF IP - HepG2 cells , CTCF IP - HepG2 cells, Rep 1 , CTCF IP - HepG2 cells, Rep 2 , CTCF IP, CTCF IP - SK-N-SH cells",,,
CTCF,SMPD3,pancreas,CTCF IP,,,
FOXA1,SMPD3,uterus,FOXA1 IP - ECC1 cells,,,
TCF4,SMPD3,stemcells,TCF4 IP - Rep 2 ,,,
YY1,SMPD3,cns,"YY1 IP | ATRA - SK-N-SH cells, YY1 IP - SK-N-SH cells",,,
FOXA2,SMPD3,stemcells,"FOXA2 IP - ES D10, FOXA2 IP - ES D2, FOXA2 IP - ES D5, FOXA2 IP - ES D7, FOXA2 IP - Rep 1 ",,,
POU2F2,SMPD3,leukocytes,POU2F2 IP - GM12878 cells,,,
SP1,SMPD3,stemcells,"SP1 IP - H1 cells, SP1 IP - Rep 1 ",,,
ZNF143,SMPD3,stemcells,ZNF143 IP - H1 cells,,,
CTCF,SMPD3,skeletalmuscle,"CTCF IP - HSMM cells, Rep 2 ",,,
MXI1,SMPD3,lung,MXI1 IP - IMR cells,,,
RBPJ,SMPD3,leukocytes,"RBPJ IP | COMPE - wash, RBPJ IP | COMPE",,,
COMPE,SMPD3,leukocytes,"RBPJ IP | COMPE - wash, RBPJ IP | COMPE",,,
EBF1,SMPD3,leukocytes,"EBF1 IP - GM12878 cells, EBF1 IP - GM12878 cells",,,
YY1,SMPD3,stemcells,YY1 IP - H1 cells,,,
EGR1,SMPD3,colon,EGR1 IP - HCT116 cells,,,
ELF1,SMPD3,cns,ELF1 IP - SK-N-SH cells,,,
ZBTB7A,SMPD3,uterus,ZBTB7A IP - ECC1 cells,,,
ZNF143,SMPD3,uterus,"ZNF143 IP - HeLa cells, ZNF143 IP - HeLa, Rep 1",,,
SIX5,SMPD3,lung,SIX5 IP | DEX - A549 cells,,,
SP1,SMPD3,lung,SP1 IP - A549 cells,,,
JUND,SMPD3,liver,JUND IP - HepG2 cells,,,
SIX5,SMPD3,leukocytes,"SIX5 IP - GM12878 cells, SIX5 IP - K562 cells, Rep 2, SIX5 IP - K562 cells, Rep 1",,,
REST,SMPD3,colon,REST IP - HCT116 cells,,,
E2F6,SMPD3,lung,E2F6 IP - A549 cells,,,
TP53,SMPD3,bone,TP53 IP | TP53EE/RR OE,,,
SREBF1,SMPD3,liver,SREBF1 IP | INS + 22RHC - HepG2 cells,,,
22RHC; INS,SMPD3,liver,SREBF1 IP | INS + 22RHC - HepG2 cells,,,
SP1,SMPD3,leukocytes,"SP1 IP - K562 cells, SP1 IP - GM12878 cells",,,
TEAD4,SMPD3,leukocytes,TEAD4 IP - K562 cells,,,
CTCF,SMPD3,esophagus,"CTCF IP - HEEpiC cells, Rep 1 , CTCF IP - HEEpiC cells, Rep 2 ",,,
SRF,SMPD3,uterus,SRF IP - ECC1 cells,,,
CREB1,SMPD3,uterus,CREB1 IP - ECC1 cells,,,
JUN,SMPD3,uterus,JUN IP - HeLa cells,,,
RUNX1,SMPD3,hspcs,RUNX1,,,
CREB1,SMPD3,leukocytes,"CREB1 IP - GM12878 cells, CREB1 IP - K562 cells",,,
USF1,SMPD3,liver,USF1 IP - HepG2 cells,,,
JUND,SMPD3,cns,JUND IP - SK-N-SH cells ,,,
MAZ,SMPD3,liver,MAZ IP - HepG2 cells,,,
MAX,SMPD3,cns,MAX IP - SK-N-SH cells,,,
SRF,SMPD3,mammarygland,SRF IP - MCF7 cells,,,
ZNF143,SMPD3,kidney,ZNF143 IP - HEK293-T-rex,,,
SP1,SMPD3,liver,SP1 IP - HepG2 cells,,,
YY1,SMPD3,lung,YY1 IP - A549 cells,,,
TCF7L2,SMPD3,uterus,TCF7L2 IP - HeLa cells,,,
ETS1,SMPD3,leukocytes,"ETS1 IP, ETS1 IP - K562 cells, ETS1 IP - GM12878 cells",20019798,,
SRF,SMPD3,leukocytes,SRF IP - SK-N-SH cells,,,
EGR1,SMPD3,liver,EGR1 IP - MCF7 cells,,,
ETS1,SMPD3,lung,ETS1 IP - A549 cells,,,
JUND,SMPD3,uterus,JUND IP - HeLa cells,,,
E2F6,SMPD3,stemcells,E2F6 IP - H1 cells,,,
ATF1,SMPD3,leukocytes,ATF1 IP - K562 cells,,,
SIX2,SMPD3,kidney,"SIX2 IP - 17 weeks, Rep 1",,,
TEAD4,SMPD3,lung,TEAD4 IP - A549 cells,,,
FOXA2,SMPD3,liver,FOXA2 IP - HepG2 cells,,,
CEBPB,SMPD3,uterus,CEBPB ChIP-Seq - HeLaS3,,,
EGR1,SMPD3,leukocytes,EGR1 IP - K562 cells,,,
TCF12,SMPD3,lung,TCF12 IP - A549 cells,,,
ELF1,SMPD3,mammarygland,ELF1 IP - MCF7 cells,,,
E2F4,SMPD3,mammarygland,E2F4 IP | 4HT - MCF10 cells,,,
SMAD1,SMPD3,hspcs,SMAD1 IP - Rep 3,,,
JUN,SMPD3,colon,JUN IP ,,,
JUND,SMPD3,leukocytes,JUND IP - K562 cells,,,
TAL1,SMPD3,stemcells,TAL1 IP - Rep 2 ,,,
JUN,SMPD3,mammarygland,JUN IP - Rep 1,,,
TCF7L2,SMPD3,pancreas,TCF7L2 IP,,,
ATF2,SMPD3,leukocytes,ATF2 IP - GM12878 cells,,,
RELA,SMPD3,colon,RELA IP ,,,
ELF1,SMPD3,leukocytes,"ELF1 IP - SK-N-SH cells, ELF1 IP - SK-N-SH cells",,,
MXI1,SMPD3,liver,MXI1 IP - HepG2 cells,,,
MAX,SMPD3,uterus,MAX IP - ECC1 cells,,,
REST,SMPD3,mammarygland,REST IP - MCF7 cells,,,
STAT5A,SMPD3,leukocytes,STAT5A IP - GM12878 cells,,,
GLI2,SMPD3,colon,GLI2 IP ,,,
TFEB,HEXA,uterus,,,19556463,
TFE3,HEXA,uterus,,,19556463,
TFEB,HEXA,fibroblasts,,,19556463,
TFE3,HEXA,fibroblasts,,,19556463,
TFEB,HEXA,cns,,,19556463,
TFE3,HEXA,cns,,,19556463,
TFEB,HEXA,kidney,,,19556463,
TFE3,HEXA,kidney,,,19556463,
TFEB,NEU1,liver,,,19556463,
TFEB,GLA,liver,,,19556463,
TFE3,GLA,liver,,,19556463,
TFEB,GBA,cns,,,28552616,
TFE3,GBA,cns,,,28552616,
ACSS2,GBA,cns,,,28552616,
SP1,SMPD1,leukocytes,,,,10224156
ETV4,GBA,leukocytes,,,,9272862
ETV4,GBA,bonemarrow,,,,9272862
KLF6,ASAH1,fibroblasts,,,,16500425
STAT6,GLB1,leukocytes,,20620947,,
STAT6,SMPD3,leukocytes,,20620947,,
RUNX1,ARSA,skin,,21571218,,
RUNX1,SMPD2,skin,,21571218,,
RUNX1,HEXA,skin,,21571218,,
RUNX1,GALC,skin,,21571218,,
RUNX1,SMPD1,skin,,21571218,,
RUNX1,GBA2,skin,,21571218,,
RUNX1,NEU4,skin,,21571218,,
RUNX1,SMPD3,skin,,21571218,,
EGR1,SMPD1,leukocytes,,19374776,,
RELA,SMPD1,pns,,24523406,,
RELA,SMPD2,pns,,24523406,,
RELA,NEU1,pns,,24523406,,
GATA2,ASAH2,erythroidlineage,,19941826,,
GATA2,GLB1,erythroidlineage,,19941826,,
GATA2,ASAH1,erythroidlineage,,19941826,,
GATA2,GALC,erythroidlineage,,19941826,,
ATF3,SMPD1,cns,,23680149,,
ATF3,GLA,cns,,23680149,,
ATF3,GBA2,cns,,23680149,,
ATF3,NEU1,cns,,23680149,,
HNF4A,ASAH1,liver,,19822575,,
HNF4A,GALC,liver,,19822575,,
HNF4A,NEU1,liver,,19822575,,
HNF4A,ASAH2,liver,,19822575,,
HNF4A,ENPP7,liver,,19822575,,
HNF4A,GLB1,liver,,19822575,,
HNF4A,NEU4,liver,,19822575,,
HNF4A,SMPD3,liver,,19822575,,
GATA1,GLB1,erythroidlineage,,19941826,,
GATA1,ASAH1,erythroidlineage,,19941826,,
TP53,GALC,bone,,18474530,,
MYCN,NEU1,cns,,19997598,,
ESR1,GLA,mammarygland,,21235772,,
TFAP2A,GALC,mammarygland,,17053090,,
TFAP2A,GLA,mammarygland,,17053090,,
TFAP2A,SMPD3,mammarygland,,17053090,,
WT1,ASAH2,kidney,,25993318,,
WT1,SMPD1,kidney,,25993318,,
WT1,HEXA,kidney,,25993318,,
WT1,GALC,kidney,,25993318,,
ESR2,GLA,mammarygland,,21235772,,
CLOCK,ARSA,colon,,20551151,,
NFE2L2,HEXA,leukocytes,,22581777,,
ETS1,HEXA,leukocytes,,20019798,,
MITF,ARSA,skin,,21258399,,
MITF,ASAH1,skin,,21258399,,
MITF,SMPD1,skin,,21258399,,
MITF,GLB1,skin,,21258399,,
MITF,NEU1,skin,,21258399,,
NR1H3,SMPD2,leukocytes,,23393188,,
HOXB7,ENPP7,mammarygland,,26014856,,
TP63,SMPD2,prostate,,23658742,,
TP63,ASAH1,prostate,,23658742,,
E2F4,NEU1,thymus,,17652178,,
ELK1,HEXA,kidney,,19687146,,
EOMES,GLB1,embryonictissue,,21245162,,
FOXP1,ENPP7,embryonictissue,,21924763,,
FOXP1,ASAH1,embryonictissue,,21924763,,
FOXP1,NEU1,embryonictissue,,21924763,,
SOX11,ENPP7,lymphnode,,23321250,,
FLI1,ARSA,skin,,21571218,,
FLI1,GLA,skin,,21571218,,
FLI1,HEXA,skin,,21571218,,
FLI1,NEU4,skin,,21571218,,
TFAP2C,HEXA,mammarygland,,20629094,,
CUX1,ASAH2,lung,,19635798,,
CUX1,GLB1,lung,,19635798,,
BACH1,ASAH1,mammarygland,,22875853,,
ZNF217,SMPD3,mammarygland,,24962896,,
DACH1,SMPD1,mammarygland,,20351289,,
SMAD3,SMPD1,skin,,18955504,,
SMAD4,HEXA,ovary,,21799915,,
PPARD,GALC,prostate,,21283829,,
E2F7,GBA,fibroblasts,,22180533,,
SOX11,GBA,lymphnode,,23321250,,
HNF4A,GBA,jejunum,,19761587,,
HNF4A,GBA,lleum,,19761587,,
HNF4A,GBA,rectum,,19761587,,
HNF4A,GBA,colon,,19761587,,
HNF4A,GBA,duodenum,,19761587,,
SMAD3,GBA,skin,,18955504,,
FOXM1,GBA,kidney,,23109430,,
FOXM1,GBA,colon,,23109430,,
FOXM1,GBA,fibroblasts,,23109430,,
FOXM1,GBA,bone,,23109430,,
NFE2L2,GBA,leukocytes,,22581777,,
MITF,GBA,skin,,21258399,,
ATF3,GBA,cns,,23680149,,
E2F4,GBA,lymphnode,,21247883,,
CUX1,GBA,mammarygland,,19635798,,
CUX1,GBA,kidney,,19635798,,
FOXP1,GBA,stemcells,,21924763,,
