TF,TargetGene,Tissue,Experiment,Chea,Signor,Trrust
CTCF,ALOX12B,kidney,"CTCF IP - RPTEC cells, Rep 1 , CTCF IP - HEK293 cells, Rep 2 , CTCF IP - HEK293 cells, Rep 1 , CTCF IP - RPTEC cells, Rep 2 , CTCF IP - HRE cells, Rep 1 , CTCF IP - HRE cells, Rep 2 ",,,
HEY1,ALOX12B,liver,HEY1 IP - HepG2 cells,,,
CTCF,ALOX12B,leukocytes,"CTCF IP - NB4 cells , CTCF IP - GM12891 cells, Rep 2 , CTCF IP - GM19240 cells, Rep 1 , CTCF IP - GM2630 cells, Rep 1 , CTCF IP - K562 cells, Rep 14 , CTCF IP - GM12155 cells, Rep 2, CTCF IP - F36P cells, Rep 19 , CTCF IP - F36P cells, Rep 17 , CTCF IP - HeLa cells, Rep 2 , CTCF IP - GM12828 cells, CTCF IP -  CD20+ cells , CTCF IP - GM19099 cells, Rep 2 , CTCF IP - GM19099 cells, Rep 1 , CTCF IP - GM12878 cells , CTCF IP - F36P cells, Rep 7 , CTCF IP - GM11918 cells, Rep 1, CTCF IP - GM12873 cells, Rep 1 , CTCF IP - K562 cells, Rep 16 , CTCF IP - GM18505 cells, Rep 1 , CTCF IP - GM12814 cells, Rep 1, CTCF IP - GM12878 cells, Rep 1 , CTCF IP - GM11894 cells, Rep 2, CTCF IP - GM19239 cells, Rep 2 , CTCF IP - GM12878 cells, Rep 1 , CTCF IP - GM12814 cells, Rep 2, CTCF IP - GM12864 cells, Rep 3 , CTCF IP - KU812 cells, Rep 5 , CTCF IP - GM19239 cells, Rep 1 , CTCF IP - K562 cells, Rep 15 , CTCF IP - GM12005 cells, Rep 2, CTCF IP - GM12749 cells, Rep 2, CTCF IP - GM12874 cells, Rep 2 , CTCF IP - GM12875 cells, Rep 2 , CTCF IP - GM11811 cells, Rep 1, CTCF IP - GM12005 cells, Rep 1, CTCF IP - GM10847 cells, Rep 2 , CTCF IP - GM2255 cells, Rep 1 , CTCF IP - GM12890 cells, Rep 2 , CTCF IP - GM12874 cells, Rep 1 , CTCF IP - GM12287 cells, Rep 1, CTCF IP - F36P cells, Rep 14 , CTCF IP - CD14+ cells , CTCF IP - GM18951 cells, Rep 2 , CTCF IP - GM12891 cells, Rep 1 , CTCF ChIP-Seq - GM12878, CTCF IP - MS1 cells, Rep 4 , CTCF IP - GM06990 cells, Rep 2 , CTCF IP - GM12006 cells, Rep 2, CTCF IP - GM18526 cells, Rep 2 , CTCF IP - GM2588 cells, Rep 2 , CTCF IP - K562 cells, Rep 2 , CTCF IP - K562 cells, CTCF IP - GM18505 cells, Rep 2 , CTCF IP - GM12234 cells, CTCF IP - GM18486 cells, Rep 1 , CTCF IP - GM12871 cells , CTCF IP - F36P cells, Rep 13 , CTCF IP - GM12489 cells, Rep 1, CTCF IP - F36P cells, Rep 2 , CTCF IP - GM12867 cells , CTCF IP - GM18951 cells, Rep 1 , CTCF IP - GM12489 cells, Rep 2, CTCF IP - GM12870 cells , CTCF IP - GM07037 cells, CTCF IP - GM2610 cells, Rep 1 , CTCF IP - K562 cells, Rep 12 , CTCF IP - GM12892 cells, Rep 1 , CTCF IP - GM12155 cells, Rep 1, CTCF IP - GM2610 cells, Rep 3 , CTCF IP - GM12749 cells, Rep 1, CTCF IP - GM2588 cells, Rep 3 , CTCF IP - HL-60 cells, Rep 9 , CTCF IP - GM12872 cells, Rep 3 , CTCF IP -  DND , CTCF IP - GM12864 cells, Rep 2 , CTCF IP - K562 cells, CTCF IP - HL , CTCF IP - MS1 cells, Rep 2 , CTCF IP - GM11918 cells, Rep 2, CTCF IP - GM18486 cells, Rep 2 , CTCF IP - GM12890 cells, Rep 3 , CTCF IP - GM2630 cells, Rep 3 , CTCF IP - MS1 cells, Rep 1 , CTCF IP - K562 cells, CTCF IP, CTCF IP - K562 cells, Rep 7 , CTCF IP - GM12864 cells, Rep 1 , CTCF IP - GM12892 cells, Rep 2 , CTCF IP - GM2588 cells, Rep 1 , CTCF IP - UT-7 cells, Rep 5 , CTCF IP - GM12873 cells, Rep 3 , CTCF IP - F36P cells, Rep 15 , CTCF IP - GM12815 cells, Rep 1, CTCF IP - GM12875 cells, Rep 1 , CTCF IP - GM07346 cells, CTCF IP - GM12801 cells , CTCF IP - UT-7 cells, Rep 6 , CTCF IP - GM18486 cells, Rep 3 , CTCF IP - GM12890 cells, Rep 1 , CTCF IP - K562 cells, Rep 13 , CTCF IP - GM11994 cells, Rep 2, CTCF IP - GM12865 cells, Rep 3 , CTCF IP - GM11831 cells, CTCF IP - GM19193 cells, Rep 2 , CTCF IP - GM12869 cells , CTCF IP - K562 cells, Rep 3 , CTCF IP - F36P cells, Rep 10 , CTCF IP - GM12154 cells, Rep 2, CTCF IP - GM12874 cells, CTCF IP - GM12878 cells, Rep 2 , CTCF IP - F36P cells, Rep 6 , CTCF IP - GM12872 cells, Rep 1 , CTCF IP - F36P cells, Rep 5 , CTCF IP - GM11994 cells, Rep 1, CTCF IP - GM2255 cells, Rep 2 , CTCF IP - K562 cells , CTCF IP - K562 cells, Rep 11 , CTCF IP - GM11992 cells, Rep 1, CTCF IP - HL-60 cells, Rep 3 , CTCF IP - F36P cells, Rep 9 , CTCF IP - UT-7 cells, Rep 4 , CTCF IP - K562 cells, Rep 1 , CTCF IP - GM12154 cells, Rep 1, CTCF IP - U-937 cells, Rep 2 , CTCF IP - GM12872 cells, CTCF IP - UT-7 cells, Rep 3 , CTCF IP - KU812 cells, Rep 13 , CTCF IP - KU812 cells, Rep 17 , CTCF IP - MS1 cells, Rep 3 , CTCF IP - GM2630 cells, Rep 2 , CTCF IP - U-937 cells, Rep 1 , CTCF IP - GM12866 cells , CTCF IP - GM19240 cells, Rep 2 , CTCF IP - GM12878 cells, Rep 2 , CTCF IP - KU812 cells, Rep 9 , CTCF IP - GM19238 cells, Rep 2 , CTCF IP - GM12873 cells, Rep 1 , CTCF IP - GM19238 cells, Rep 1 , CTCF IP - GM12872 cells, Rep 2 , CTCF IP - GM12865 cells, Rep 1 , CTCF IP - GM12868 cells , CTCF IP - GM11811 cells, Rep 2, CTCF IP - GM11992 cells, Rep 2, CTCF IP - GM2610 cells, Rep 2 , CTCF IP - F36P cells, Rep 11 , CTCF IP - F36P cells, Rep 3 , CTCF IP - GM11881 cells, CTCF IP - GM06990 cells, Rep 1 , CTCF IP - GM2255 cells, Rep 3 , CTCF IP - GM12865 cells, Rep 2 , CTCF IP - GM06986 cells, CTCF IP - GM10847 cells, Rep 1 , CTCF IP - F36P cells, Rep 1 , CTCF IP - GM12815 cells, Rep 2, CTCF IP - GM18526 cells, Rep 1 , CTCF IP - HL-60 cells, Rep 2 , CTCF IP - K562 cells, Rep 1 , CTCF IP - K562 cells, Rep 9 , CTCF IP - GM19193 cells, Rep 1 , CTCF IP - KU812 cells, Rep 1 , CTCF IP - HL-60 cells, Rep 7 , CTCF IP - GM12006 cells, Rep 1",,,
RUNX1,ALOX12B,hspcs,RUNX1,,,
SPI1,ALOX12B,leukocytes,"SPI1 IP - GM12878 cells, Rep 5 , SPI1 IP, SPI1 IP - GM12878 cells, SPI1 IP - K562 cells, SPI1 IP - HL cells, SPI1 IP, SPI1 IP, SPI1 IP - GM12878 cells, Rep 2 , SPI1 IP, SPI1 IP - GM12891 cells, SPI1 IP - GM12878 cells, Rep 3 , SPI1 IP - GM12878 cells, Rep 4 , SPI1 IP",,,
MAZ,ALOX12B,lung,MAZ IP - IMR cells,,,
CTCF,ALOX12B,colon,"CTCF IP - HCT116 cells, Rep 2 , CTCF IP - Caco-2 cells, Rep 1 , CTCF IP - HCT116 cells, Rep 1 , CTCF IP - HCT116 cells, CTCF IP - Rep 1 , CTCF IP - Rep 2 , CTCF IP - Caco ",,,
ETS1,ALOX12B,leukocytes,ETS1 IP,,,
NFATC1,ALOX12B,leukocytes,NFATC1 IP - GM12878 cells,,,
FOSL2,ALOX12B,lung,FOSL2 IP - A549 cells,,,
FOSL2,ALOX12B,liver,FOSL2 IP - HepG2 cells,,,
CREB1,ALOX12B,stemcells,CREB1 IP - H1 cells,,,
JUND,ALOX12B,leukocytes,JUND IP - K562 cells,,,
REST,ALOX12B,cns,"REST IP - SK cells, REST IP - U87 cells, REST IP - PFSK1 cells, Rep 2",,,
CTCF,ALOX12B,lung,"CTCF IP | DEX - A549 cells, CTCF IP - AG04450 cells, Rep 2 , CTCF IP - HPF cells, Rep 2 , CTCF IP - AG04450 cells, Rep 1 , CTCF IP - WI-38 cells, Rep 1 , CTCF IP - NHLF cells , CTCF IP - A549 cells, Rep 2 , CTCF ChIP-Seq - A549, CTCF IP - A549 cells, CTCF IP - IMR cells, CTCF IP | DEX - A549 cells , CTCF IP - WI-38 cells, Rep 2 , CTCF IP - SAEC cells, Rep 2 , CTCF IP - A549 cells , CTCF IP - NHLF cells , CTCF IP - HPF cells, Rep 1 , CTCF IP - A549 cells, Rep 1 , CTCF IP - SAEC cells, Rep 1 ",,,
DEX,ALOX12B,lung,"CTCF IP | DEX - A549 cells, CREB1 IP | DEX - A549 cells, CTCF IP | DEX - A549 cells , USF1 IP | DEX - A549 cells",,,
CTCF,ALOX12B,megakaryocytelineage,"CTCF IP - MEG-01 cells, Rep 2 , CTCF IP - MEG-01 cells, Rep 10 , CTCF IP - CHRF-288-11 cells, Rep 1 , CTCF IP - MEG-01 cells, Rep 4 , CTCF IP - MEG-01 cells, Rep 8 , CTCF IP - MEG-01 cells, Rep 3 , CTCF IP - MEG-01 cells, Rep 6 , CTCF IP - CHRF-288-11 cells, Rep 2 ",,,
CTCF,ALOX12B,skin,"CTCF IP - AG04449 cells, Rep 1 , CTCF IP - HFFC cells, Rep 2 , CTCF IP - NHDF cells, Rep 1 , CTCF IP - HFFC cells, Rep 3 , CTCF IP - AG10803 cells, Rep 2 , CTCF IP - BJ cells, Rep 2 , CTCF IP - AG04449 cells, Rep 2 , CTCF IP - NHEK cells, Rep 2 , CTCF IP - AG09309 cells, Rep 1 , CTCF IP - NHEK cells , CTCF IP - BJ cells, Rep 1 , CTCF IP - AG09309 cells, Rep 2 , CTCF IP - HFFC cells, Rep 1 , CTCF IP - NHDF cells , CTCF IP - AG10803 cells, Rep 1 , CTCF IP - GM12878 cells, Rep 2 , CTCF IP - NHDF cells, Rep 2 ",,,
ZNF143,ALOX12B,leukocytes,"ZNF143 IP - GM12878 cells, ZNF143 IP - K562 cells",,,
CTCF,ALOX12B,adiposetissue,"CTCF ChIP-Seq - d 0, CTCF ChIP-Seq - d 3, CTCF ChIP-Seq - d 9, CTCF ChIP-Seq - d -2",,,
CTCF,ALOX12B,hspcs,"CTCF IP - HEL 92.1.7 cells, Rep 7 , CTCF IP - Erythroid cells, Rep 2, CTCF IP - HEL 92.1.7 cells, Rep 1 , CTCF IP - HEL 92.1.7 cells, Rep 5 , CTCF IP - HEL 92.1.7 cells, Rep 13 , CTCF IP - HEL 92.1.7 cells, Rep 4 , CTCF IP - HSPCs, Rep 2, CTCF IP - HEL 92.1.7 cells, Rep 2 , CTCF IP - HEL 92.1.7 cells, Rep 10 , CTCF IP - HEL 92.1.7 cells, Rep 11 , CTCF IP - Erythroid cells, Rep 1, CTCF IP - HEL 92.1.7 cells, Rep 14 , CTCF IP - HSPCs, Rep 1, CTCF IP - HEL 92.1.7 cells, Rep 8 ",,,
CTCF,ALOX12B,miscellaneous,"CTCF IP - AG09319 cells, Rep 1 , CTCF IP - AG09319 cells, Rep 2 ",,,
MTA3,ALOX12B,leukocytes,MTA3 IP - GM12878 cells,,,
JUND,ALOX12B,stemcells,"JUND IP - H1 cells, JUND IP - H1 cells",,,
MXI1,ALOX12B,cns,MXI1 IP - SK-N-SH cells ,,,
STAT3,ALOX12B,leukocytes,"STAT3 IP - SU-DHL-6, STAT3 IP - SU-DHL-4, STAT3 IP - U-2932",,,
CTCF,ALOX12B,mammarygland,"CTCF IP - MCF-7 cells, Rep 1 , CTCF IP - HMF cells, Rep 2 , CTCF IP - HMF cells, Rep 1 , CTCF IP - MCF-7 cells Rep 2 , CTCF IP - T47D cells, CTCF IP - MCF7 cells, CTCF IP - HMEC cells , CTCF IP - HMEC cells, Rep 2 , CTCF IP - HMEC cells, Rep 1 ",,,
E2F6,ALOX12B,leukocytes,"E2F6 IP - K562 cells, E2F6 IP - K562 cells",,,
CTCF,ALOX12B,vasculature,"CTCF IP - HUVEC cells, Rep 2 , CTCF IP - HUVEC cells, Rep 1 , CTCF IP - HPAF cells, Rep 2 , CTCF IP - HPAF cells, Rep 1 , CTCF IP - AoAFC cells, Rep 2 , CTCF IP - AoAFC cells, Rep 1 , CTCF IP - HUVEC cells , CTCF IP - HBMEC cells, Rep 2 , CTCF IP - HBMEC cells, Rep 1 ",,,
SRF,ALOX12B,stemcells,"SRF IP - Rep 7 , SRF IP - Rep 2 , SRF IP - Rep 3 , SRF IP - Rep 4 , SRF IP - Rep 6 , SRF IP - Rep 5 , SRF IP - Rep 1 ",,,
FOXA1,ALOX12B,prostate,EtOH | FOXA1 ChIP-Seq - ,,,
TEAD4,ALOX12B,leukocytes,TEAD4 IP - K562 cells,,,
TCF12,ALOX12B,cns,TCF12 IP - SK-N-SH cells,,,
TCF12,ALOX12B,uterus,TCF12 IP - ECC1 cells,,,
ATF2,ALOX12B,leukocytes,ATF2 IP - GM12878 cells,,,
BATF,ALOX12B,leukocytes,BATF IP - GM12878 cells,,,
JUND,ALOX12B,colon,JUND IP - HCT116 cells,,,
CTCF,ALOX12B,bone,"CTCF IP - Osteoblasts , CTCF IP",,,
YY1,ALOX12B,cns,"YY1 IP | ATRA - SK-N-SH cells, YY1 IP - SK-N-SH cells",,,
ATRA,ALOX12B,cns,YY1 IP | ATRA - SK-N-SH cells,,,
ZBTB7A,ALOX12B,leukocytes,ZBTB7A IP - SK-N-SH cells,,,
HIF1A,ALOX12B,bone,HIF1A IP,,,
MAX,ALOX12B,leukocytes,"MAX IP - K562 cells, MAX IP - K562 cells, Rep 2",,,
MAZ,ALOX12B,leukocytes,"MAZ IP - K562 cells, MAZ IP - GM12878 cells",,,
NFKB1,ALOX12B,leukocytes,NFKB1 IP - Rep 2,,,
CTCF,ALOX12B,cns,"CTCF IP - spinal cord astrocyte cells, Rep 1 , CTCF IP - cerebellar astrocyte cells, Rep 2 , CTCF IP - BE(2)-C cells, Rep 1 , CTCF IP - spinal cord astrocyte cells, Rep 2 , CTCF IP - SK-N-SH cells, Rep 2 , CTCF IP - HCPEpiC cells, Rep 2 , CTCF IP - HCPEpiC cells, Rep 1 , CTCF IP - SK-N-SH cells , CTCF IP - cerebellar astrocyte cells, Rep 1 , CTCF IP - NHA cells , CTCF IP - SK-N-SH cells, Rep 1 , CTCF IP - BE(2)-C cells, Rep 2 , CTCF IP - SK cells",,,
MYB,ALOX12B,leukocytes,"MYB IP - Jurkat, Rep 4",,,
MAX,ALOX12B,colon,MAX IP - HCT116 cells,,,
CTCF,ALOX12B,sensory,"CTCF IP - HRPEpiC cells, Rep 2 , CTCF IP - WERI-Rb-1- cells, Rep 1 , CTCF IP - HRPEpiC cells, Rep 1 , CTCF IP - WERI ",,,
TBP,ALOX12B,stemcells,TBP IP - H1 cells,,,
CTCF,ALOX12B,placenta,"CTCF IP - HVMF cells, Rep 2 , CTCF IP - HVMF cells, Rep 1 ",,,
CTCF,ALOX12B,liver,"CTCF IP - SK-N-SH cells, CTCF IP - HepG2 cells , CTCF IP - HepG2 cells, Rep 1 , CTCF IP - HepG2 cells, Rep 2 , CTCF IP",,,
GATA3,ALOX12B,mammarygland,"GATA3 IP - MCF7 cells, GATA3 IP - MCF-7 cells",,,
MAX,ALOX12B,stemcells,"MAX IP - H1 cells, MAX IP - H1 cells",,,
ATF3,ALOX12B,lung,ATF3 IP - A549 cells,,,
MYC,ALOX12B,colon,MYC IP - DTT,,,
POU2F2,ALOX12B,leukocytes,"POU2F2 IP | POU2F2 Mut OE, POU2F2 IP - GM12878 cells",,,
KLF5,ALOX12B,stomach,KLF5 IP - KATOIII,,,
YY1,ALOX12B,stemcells,YY1 IP - H1 cells,,,
GATA2,ALOX12B,cns,GATA2 ChIP-Seq SH-SY5Y,,,
TP53,ALOX12B,mammarygland,"TP53 IP, TP53 IP | NUTL3 - MCF-7",,,
ELF1,ALOX12B,lung,ELF1 IP - A549 cells,,,
CTCF,ALOX12B,stemcells,"CTCF IP - Rep 4 , CTCF IP - Rep 2 , CTCF IP - H1 cells, CTCF IP - Rep 6 , CTCF IP - Rep 5 , CTCF IP - Rep 1 , CTCF IP - Rep 7 , CTCF IP - H1 cells , CTCF IP - Rep 3 ",,,
ERG,ALOX12B,prostate,"ERG | ERG ChIP-Seq, ERG ChIP-Seq, DHT | ERG ChIP-Seq - 18 h, DHT | ERG ChIP-Seq - 2 h",,,
CREB1,ALOX12B,lung,CREB1 IP | DEX - A549 cells,,,
GABPA,ALOX12B,leukocytes,"GABPA IP - Jurkat, Rep 2, GABPA IP - Jurkat, Rep 1",,,
FOS,ALOX12B,mammarygland,"FOS IP | 4HT - MCF10A cells, 36 h, FOS IP | 4HT - MCF10A cells, 12 h",,,
4HT,ALOX12B,mammarygland,"FOS IP | 4HT - MCF10A cells, 36 h, FOS IP | 4HT - MCF10A cells, 12 h",,,
CTCF,ALOX12B,esophagus,"CTCF IP - HEEpiC cells, Rep 1 , CTCF IP - HEEpiC cells, Rep 2 ",,,
MAX,ALOX12B,lung,"MAX IP - A549 cells, MAX IP - A549 cells",,,
ATF1,ALOX12B,leukocytes,ATF1 IP - K562 cells,,,
STAT1,ALOX12B,leukocytes,"STAT1 IP - Rep 5, STAT1 IP - Rep 3",,,
IFNG,ALOX12B,leukocytes,"STAT1 IP - Rep 5, STAT1 IP - Rep 3",,,
ATF3,ALOX12B,colon,"ATF3 IP | CAMPTO, ATF3 IP - HCT116 cells",,,
GATA3,ALOX12B,lung,GATA3 IP - A549 cells,,,
CTCF,ALOX12B,uterus,"CTCF IP - HeLa cells, Rep 1 , CTCF IP - ECC1 cells, CTCF IP - HeLa cells ",,,
STAT1,ALOX12B,uterus,"STAT1 IP | IFNG - HeLa cells, 30 min",,,
IFNG,ALOX12B,uterus,"STAT1 IP | IFNG - HeLa cells, 30 min",,,
RELA,ALOX12B,leukocytes,"RELA IP | TNF - GM19099 cells, RELA IP | TNF - GM12878 cells, RELA IP | TNF - GM18951 cells, RELA IP | TNF - GM12891 cells",24523406,,
MYC,ALOX12B,bone,"MYC IP, MYC IP",,,
SP1,ALOX12B,lung,SP1 IP - A549 cells,,,
CEBPB,ALOX12B,leukocytes,"CEBPB ChIP-Seq - K562, CEBPB IP, CEBPB IP, CEBPB IP, CEBPB IP",,,
CREB1,ALOX12B,liver,"CREB1 IP - HepG2 cells, CREB1 IP",,,
ELF1,ALOX12B,colon,ELF1 IP - HCT116 cells,,,
NFYB,ALOX12B,uterus,NFYB IP - HeLa cells,,,
YY1,ALOX12B,leukocytes,"YY1 IP - GM12892 cells, Rep 1, YY1 IP - GM12878 cells, YY1 IP - GM12891 cells, YY1 IP - K562 cells, Rep 1",,,
CTCF,ALOX12B,skeletalmuscle,"CTCF IP - HSMM cells, Rep 2 , CTCF IP - HSMM cells, Rep 1 ",,,
CEBPB,ALOX12B,colon,CEBPB IP - HCT116 cells,,,
E2F6,ALOX12B,lung,E2F6 IP - A549 cells,,,
PAX5,ALOX12B,leukocytes,PAX5 IP - GM12892 cells,,,
STAT5B,ALOX12B,leukocytes,"STAT5B IP | H9, Rep 2",,,
H9,ALOX12B,leukocytes,"STAT5B IP | H9, Rep 2",,,
TEAD4,ALOX12B,stemcells,TEAD4 IP - H1 cells,,,
TCF7L2,ALOX12B,mammarygland,TCF7L2 ChIP-Seq,,,
GABPA,ALOX12B,lung,GABPA IP - A549 cells,,,
ZEB1,ALOX12B,liver,ZEB1 IP - HepG2 cells,,,
YY1,ALOX12B,lung,YY1 IP - A549 cells,,,
REST,ALOX12B,lung,REST IP - A549 cells,,,
HOXA4,ALOX12B,colon,HOXA4 IP ,,,
YY1,ALOX12B,liver,YY1 IP - HepG2 cells,,,
CTCF,ALOX12B,pancreas,CTCF IP,,,
MAX,ALOX12B,liver,"MAX IP - HepG2 cells, MAX IP - MCF7 cells",,,
MAZ,ALOX12B,uterus,MAZ IP - HeLa cells,,,
ZEB1,ALOX12B,leukocytes,ZEB1 IP - GM12878 cells,,,
E2F6,ALOX12B,stemcells,E2F6 IP - H1 cells,,,
E2F3,ALOX12B,colon,E2F3 IP ,,,
TNF,ALOX12B,leukocytes,"RELA IP | TNF - GM12878 cells, RELA IP | TNF - GM18951 cells, RELA IP | TNF - GM12891 cells",,,
JUN,ALOX12B,colon,JUN IP ,,,
CTCF,ALOX12B,heart,"CTCF IP - HCF cells , CTCF IP - myocytes cells, Rep 1 , CTCF IP - myocytes cells, Rep 2 ",,,
TAL1,ALOX12B,colon,TAL1 IP ,,,
CEBPA,ALOX12B,leukocytes,CEBPA IP,,,
GLI2,ALOX12B,colon,GLI2 IP ,,,
GABPA,ALOX12B,liver,"GABPA IP - HepG2 cells, GABPA IP",,,
FOSL1,ALOX12B,colon,FOSL1 IP - HCT116 cells,,,
SP1,ALOX12B,liver,SP1 IP - HepG2 cells,,,
OTX2,ALOX12B,stemcells,OTX2 IP - Rep 10 ,,,
STAT2,ALOX12B,colon,STAT2 IP ,,,
SRF,ALOX12B,colon,SRF IP - HCT116 cells,,,
ZBTB7A,ALOX12B,uterus,ZBTB7A IP - ECC1 cells,,,
GABPA,ALOX12B,cns,GABPA IP - SK-N-SH cells,,,
TCF12,ALOX12B,lung,TCF12 IP - A549 cells,,,
MYC,ALOX12B,mammarygland,DHT | MYC ChIP-Seq,,,
DHT,ALOX12B,mammarygland,"DHT | MYC ChIP-Seq, DHT | FOXA1 ChIP-Seq",,,
RELA,ALOX12B,colon,RELA IP ,,,
TCF12,ALOX12B,stemcells,TCF12 IP - H1 cells,,,
SMAD1,ALOX12B,hspcs,SMAD1 IP - Rep 3,,,
TAL1,ALOX12B,leukocytes,TAL1 IP - K562 cells,,,
BCL3,ALOX12B,lung,BCL3 IP - A549 cells,,,
USF1,ALOX12B,colon,USF1 IP - HCT116 cells,,,
EBF1,ALOX12B,leukocytes,"EBF1 IP - GM12878 cells, EBF1 IP - GM12878 cells",,,
USF1,ALOX12B,lung,USF1 IP | DEX - A549 cells,,,
ZNF143,ALOX12B,uterus,ZNF143 IP - HeLa cells,,,
ETS1,ALOX12B,lung,ETS1 IP - A549 cells,,,
EGR1,ALOX12B,colon,EGR1 IP - HCT116 cells,,,
IRF4,ALOX12B,leukocytes,"IRF4 IP, IRF4 IP - GM12878 cells",,,
CREB1,ALOX12B,colon,CREB1 IP ,,,
GATA6,ALOX12B,stomach,GATA6 IP - YCC3,,,
HOXA6,ALOX12B,colon,HOXA6 IP ,,,
ZNF263,ALOX12B,kidney,ZNF263 IP - HEK293 cells,,,
GABPA,ALOX12B,stemcells,GABPA IP - H1 cells,,,
MAX,ALOX12B,cns,MAX IP - SK-N-SH cells,,,
ZNF143,ALOX12B,stemcells,ZNF143 IP - H1 cells,,,
DHT,ALOX12B,prostate,"DHT | ERG ChIP-Seq - 18 h, DHT | ERG ChIP-Seq - 2 h",,,
ELF1,ALOX12B,liver,ELF1 IP - HepG2 cells,,,
SP1,ALOX12B,stemcells,SP1 IP - H1 cells,,,
BHLHE40,ALOX12B,leukocytes,BHLHE40 IP - GM12878 cells,,,
TEAD4,ALOX12B,colon,TEAD4 IP - HCT116 cells,,,
GATA4,ALOX12B,stomach,GATA4 IP - AGS,,,
FOXA2,ALOX12B,embryonictissue,FOXA2 IP - Rep 2,,,
SP1,ALOX12B,colon,SP1 IP - HCT116 cells,,,
GATA2,ALOX12B,leukocytes,GATA2 IP - K562 cells,,,
TCF12,ALOX12B,leukocytes,TCF12 IP - GM12878 cells,,,
GATA2,ALOX12B,hspcs,GATA2 IP,,,
CEBPB,ALOX12B,uterus,CEBPB ChIP-Seq - HeLaS3,,,
TP53,ALOX12B,colon,"TP53 IP | TP53 KO, TP53 IP | CAMPTO",,,
ELF1,ALOX12B,leukocytes,"ELF1 IP - SK-N-SH cells, ELF1 IP - SK-N-SH cells",,,
SOX9,ALOX12B,colon,SOX9 IP ,,,
IRF1,ALOX12B,colon,IRF1 IP ,,,
CEBPB,ALOX12B,mammarygland,CEBPB IP - MCF7 cells,,,
MYC,ALOX12B,uterus,MYC IP - HeLa cells,,,
CAMPTO,ALOX12B,colon,TP53 IP | CAMPTO,,,
ATF2,ALOX12B,colon,ATF2 IP ,,,
ETV5,ALOX12B,colon,ETV5 IP ,,,
FOXA1,ALOX12B,mammarygland,DHT | FOXA1 ChIP-Seq,,,
CREB1,ALOX12B,leukocytes,CREB1 IP - GM12878 cells,,,
CEBPB,ALOX12B,liver,CEBPB ChIP-Seq - HepG2,,,
YY1,ALOX12B,colon,YY1 IP - HCT116 cells,,,
MAX,ALOX12B,uterus,MAX IP - ECC1 cells,,,
SP1,ALOX12B,leukocytes,SP1 IP - GM12878 cells,,,
CTCF,ALOX15,hspcs,"CTCF IP - HEL 92.1.7 cells, Rep 14 , CTCF IP - HEL 92.1.7 cells, Rep 2 , CTCF IP - HEL 92.1.7 cells, Rep 8 , CTCF IP - Erythroid cells, Rep 1, CTCF IP - HEL 92.1.7 cells, Rep 11 , CTCF IP - HEL 92.1.7 cells, Rep 5 , CTCF IP - HSPCs, Rep 2",,,
CTCF,ALOX15,megakaryocytelineage,"CTCF IP - MEG-01 cells, Rep 10 , CTCF IP - MEG-01 cells, Rep 8 , CTCF IP - MEG-01 cells, Rep 4 , CTCF IP - MEG-01 cells, Rep 2 ",,,
ZNF263,ALOX15,kidney,ZNF263 IP - HEK293 cells,,,
STAT1,ALOX15,leukocytes,"STAT1 IP - Rep 4, STAT1 IP - Rep 3, STAT1 IP - Rep 1, STAT1 IP - Rep 2, STAT1 IP - Rep 6, STAT1 IP - Rep 5",,,
IFNG,ALOX15,leukocytes,"STAT1 IP - Rep 4, STAT1 IP - Rep 3, STAT1 IP - Rep 1, STAT1 IP - Rep 2, STAT1 IP - Rep 6, MYC IP | IFNG - K562 cells, 30 min, IRF1 IP - Rep 3, STAT1 IP - Rep 5",,,
CEBPB,ALOX15,lung,"CEBPB ChIP-Seq - A549, CEBPB ChIP-Seq - IMR90",,,
CTCF,ALOX15,mammarygland,"CTCF IP - T47D cells, CTCF IP - MCF7 cells, CTCF IP - HMEC cells, Rep 1 , CTCF IP - MCF-7 cells, Rep 1 ",,,
CEBPA,ALOX15,leukocytes,CEBPA IP,,,
RELA,ALOX15,leukocytes,"RELA IP | TNF - GM10847 cells, RELA IP | TNF - GM12878 cells, RELA IP | TNF - GM19193 cells, RELA IP | TNF - GM12891 cells, RELA IP | TNF - GM18951 cells, RELA IP | TNF - GM19099 cells, RELA IP | TNF - GM18505 cells, RELA IP | TNF - GM15510 cells",,,
TNF,ALOX15,leukocytes,"RELA IP | TNF - GM10847 cells, RELA IP | TNF - GM12878 cells, RELA IP | TNF - GM19193 cells, RELA IP | TNF - GM12891 cells, RELA IP | TNF - GM18951 cells, RELA IP | TNF - GM18505 cells, RELA IP | TNF - GM15510 cells",,,
CTCF,ALOX15,leukocytes,"CTCF IP - F36P cells, Rep 14 , CTCF IP - GM12891 cells, Rep 1 , CTCF IP - GM19240 cells, Rep 2 , CTCF IP - MS1 cells, Rep 4 , CTCF IP - GM12878 cells, Rep 2 , CTCF IP - GM2588 cells, Rep 2 , CTCF IP - GM19238 cells, Rep 1 , CTCF IP - GM19238 cells, Rep 2 , CTCF ChIP-Seq - GM12878, CTCF IP - GM2610 cells, Rep 2 , CTCF IP - F36P cells, Rep 2 , CTCF IP - F36P cells, Rep 11 , CTCF IP - GM2610 cells, Rep 1 , CTCF IP - F36P cells, Rep 3 , CTCF IP - K562 cells, Rep 12 , CTCF IP - GM12892 cells, Rep 1 , CTCF IP - GM12873 cells, Rep 1 , CTCF IP - GM06990 cells, Rep 1 , CTCF IP - GM2610 cells, Rep 3 , CTCF IP - GM2588 cells, Rep 3 , CTCF IP - K562 cells, CTCF IP - GM2630 cells, Rep 3 , CTCF IP - GM12890 cells, Rep 3 , CTCF IP - KU812 cells, Rep 1 , CTCF IP, CTCF IP - K562 cells, CTCF IP - NB4 cells , CTCF IP - K562 cells, Rep 14 , CTCF IP - F36P cells, Rep 15 , CTCF IP - GM2630 cells, Rep 1 , CTCF IP - GM19240 cells, Rep 1 , CTCF IP - GM12892 cells, Rep 2 , CTCF IP - MS1 cells, Rep 2 , CTCF IP -  CD20+ cells , CTCF IP - F36P cells, Rep 10 , CTCF IP - K562 cells, Rep 16 , CTCF IP - GM12890 cells, Rep 1 , CTCF IP - F36P cells, Rep 7 , CTCF IP - GM18486 cells, Rep 3 , CTCF IP - K562 cells, Rep 13 , CTCF IP - GM12891 cells, Rep 2 , CTCF IP - GM19239 cells, Rep 2 , CTCF IP - GM12878 cells, Rep 1 , CTCF IP - K562 cells, Rep 11 , CTCF IP - GM2255 cells, Rep 2 , CTCF IP - K562 cells , CTCF IP - GM19239 cells, Rep 1 , CTCF IP - KU812 cells, Rep 5 , CTCF IP - UT-7 cells, Rep 4 , CTCF IP - F36P cells, Rep 6 , CTCF IP - F36P cells, Rep 19 , CTCF IP - MS1 cells, Rep 3 , CTCF IP - UT-7 cells, Rep 3 , CTCF IP - GM2630 cells, Rep 2 , CTCF IP - KU812 cells, Rep 13 ",,,
CTCF,ALOX15,liver,"CTCF IP - SK-N-SH cells, CTCF IP - HepG2 cells, Rep 1 , CTCF IP",,,
CTCF,ALOX15,vasculature,"CTCF IP - HPAF cells, Rep 2 , CTCF IP - HBMEC cells, Rep 1 , CTCF IP - HPAF cells, Rep 1 , CTCF IP - HUVEC cells, Rep 1 ",,,
FOXA1,ALOX15,prostate,"CON KD | FOXA1 ChIP-Seq, CON KD + R1881 | FOXA1 ChIP-Seq - Rep 2, GATA2 KD  | FOXA1 ChIP-Seq, CON KD | FOXA1 ChIP-Seq, GATA2 KD + R1881 | FOXA1 ChIP-Seq, FOXA1 siRNA | CREB1 ChIP-Seq - Rep 2, CON KD + R1881 | FOXA1 ChIP-Seq, FOXA1 ChIP-Seq, EtOH | FOXA1 ChIP-Seq - , DHT | FOXA1 ChIP-Seq",,,
YY1,ALOX15,leukocytes,"YY1 IP - GM12892 cells, Rep 1, YY1 IP - K562 cells, Rep 1, YY1 IP - K562 cells, YY1 IP - GM12878 cells, YY1 IP - K562 cells, Rep 2, YY1 IP - GM12878 cells, YY1 IP - GM12891 cells",,,
CEBPB,ALOX15,uterus,"CEBPB IP - ECC1 cells, CEBPB ChIP-Seq - HeLaS3",,,
CTCF,ALOX15,stemcells,"CTCF IP - Rep 2 , CTCF IP - Rep 4 , CTCF IP - H1 cells, CTCF IP - H1 cells , CTCF IP - Rep 6 , CTCF IP - Rep 5 ",,,
TCF12,ALOX15,leukocytes,TCF12 IP - GM12878 cells,,,
CEBPB,ALOX15,stemcells,"CEBPB IP, CEBPB IP - H1 cells, CEBPB IP, CEBPB IP, CEBPB IP, CEBPB IP",,,
SPI1,ALOX15,leukocytes,"SPI1 IP, SPI1 IP, SPI1 IP | RUNX1 KD, SPI1 IP, SPI1 IP, ROSI | SPI1 ChIP-Seq, SPI1 IP - HL-60 cells, Rep 1 , SPI1 IP - U-937 cells, Rep 6 , SPI1 IP - U-937 cells, Rep 4 , SPI1 IP, SPI1 IP - GM12891 cells, SPI1 IP - U-937 cells, Rep 8 , SPI1 IP - GM12878 cells, Rep 1 , SPI1 IP - U-937 cells, Rep 1 , SPI1 IP - GM12878 cells, SPI1 IP - GM12878 cells, Rep 5 , SPI1 IP - GM12878 cells, Rep 3 , SPI1 IP - HL-60 cells, Rep 2 , SPI1 IP, SPI1 IP - U-937 cells, Rep 3 , SPI1 IP, SPI1 IP - GM12878 cells, Rep 4 , SPI1 IP - K562 cells, SPI1 IP, SPI1 IP - U-937 cells, Rep 5 , SPI1 IP - GM12878 cells, Rep 2 , SPI1 IP - U-937 cells, Rep 2 , SPI1 IP - HL-60 cells, Rep 4 , SPI1 IP - U-937 cells, Rep 10 , SPI1 IP, SPI1 IP, SPI1 IP, SPI1 IP - HL-60 cells, Rep 3 , SPI1 IP - HL cells",,,16320347
MAX,ALOX15,liver,"MAX IP - HepG2 cells, MAX IP - MCF7 cells",,,
SP1,ALOX15,stemcells,SP1 IP - H1 cells,,,
CEBPB,ALOX15,liver,"CEBPB IP - HepG2 cells, CEBPB IP | FORSK - HepG2 cells, CEBPB ChIP-Seq - HepG2",,,
USF1,ALOX15,lung,"USF1 IP | DEX - A549 cells, USF1 IP - A549 cells, Rep 1, USF1 IP - A549 cells, Rep 2",,,
DEX,ALOX15,lung,"USF1 IP | DEX - A549 cells, FOXA1 IP | DEX - A549 cells, CTCF IP | DEX - A549 cells , CTCF IP | DEX - A549 cells",,,
RUNX1,ALOX15,leukocytes,"SPI1 IP | RUNX1 KD, RUNX1 IP - Rep 2, RUNX1 IP - Rep 1, RUNX1 IP, RUNX1 IP - N terminus 1, RUNX1 IP - N terminus 2",,,
CREB1,ALOX15,liver,"CREB1 IP, CREB1 IP - HepG2 cells",,,
CTCF,ALOX15,lung,"CTCF IP - A549 cells, Rep 2 , CTCF IP - A549 cells, CTCF IP - SAEC cells, Rep 1 , CTCF ChIP-Seq - A549, CTCF IP - IMR cells, CTCF IP | DEX - A549 cells , CTCF IP - SAEC cells, Rep 2 , CTCF IP | DEX - A549 cells, CTCF IP - A549 cells ",,,
YY1,ALOX15,liver,YY1 IP - HepG2 cells,,,
MAFK,ALOX15,liver,"MAFK IP - HepG2 cells, Rep 2",,,
TEAD4,ALOX15,uterus,TEAD4 IP - ECC1 cells,,,
CEBPB,ALOX15,colon,"CEBPB IP - HCT116 cells, CEBPB IP, CEBPB IP | 125DVD3",,,
TFAP4,ALOX15,leukocytes,"TFAP4 IP - Rep 1, TFAP4 IP - Rep 2",,,
FOXA1,ALOX15,liver,"FOXA1 IP - HepG2 cells, Rep 2, FOXA1 IP - HepG2 cells, Rep 1",,,
CTCF,ALOX15,esophagus,"CTCF IP - HEEpiC cells, Rep 1 ",,,
ZNF217,ALOX15,mammarygland,ZNF217 IP - MCF7 cells,,,
R1881,ALOX15,prostate,"CON KD + R1881 | FOXA1 ChIP-Seq - Rep 2, GATA2 KD + R1881 | FOXA1 ChIP-Seq, CON KD + R1881 | FOXA1 ChIP-Seq, GABPA IP | R1881",,,
FOXA2,ALOX15,embryonictissue,FOXA2 IP - Rep 2,,,
ELF3,ALOX15,pancreas,ELF3 IP,,,
ZBTB7A,ALOX15,leukocytes,ZBTB7A IP - SK-N-SH cells,,,
YY1,ALOX15,cns,YY1 IP | ATRA - SK-N-SH cells,,,
ATRA,ALOX15,cns,"YY1 IP | ATRA - SK-N-SH cells, USF1 IP | ATRA - SK-N-SH cells",,,
GABPA,ALOX15,prostate,"GABPA IP - Rep 1, GABPA IP | R1881",,,
ROSI,ALOX15,leukocytes,ROSI | SPI1 ChIP-Seq,,,
FOXA1,ALOX15,mammarygland,"17BE2 | FOXA1 ChIP-Seq - Rep 2, DHT | FOXA1 ChIP-Seq, FOXA1 ChIP-Seq - Rep 1, DEX | FOXA1 ChIP-Seq - Rep 1",,,
17BE2,ALOX15,mammarygland,17BE2 | FOXA1 ChIP-Seq - Rep 2,,,
MAFK,ALOX15,stemcells,MAFK IP - H1 cells,,,
CTCF,ALOX15,pancreas,CTCF IP,,,
RELA,ALOX15,adiposetissue,RELA IP,,,
IRF4,ALOX15,leukocytes,IRF4 IP - GM12878 cells,,,
SRF,ALOX15,stemcells,SRF IP - Rep 6 ,,,
FOS,ALOX15,mammarygland,"FOS IP | 4HT - MCF10A cells, 12 h",,,
4HT,ALOX15,mammarygland,"FOS IP | 4HT - MCF10A cells, 12 h",,,
GATA2,ALOX15,prostate,"GATA2 KD  | FOXA1 ChIP-Seq, GATA2 KD + R1881 | FOXA1 ChIP-Seq",,,
BHLHE40,ALOX15,liver,BHLHE40 IP - HepG2 cells,,,
CREB1,ALOX15,leukocytes,CREB1 IP - GM12878 cells,,,
CREB1,ALOX15,prostate,"CREB1 ChIP-Seq - Rep 2, CREB1 ChIP-Seq - LNCaP-abl, FOXA1 siRNA | CREB1 ChIP-Seq - Rep 2",,,
USF1,ALOX15,stemcells,USF1 IP - H1 cells,,,
GABPA,ALOX15,leukocytes,"GABPA IP - GM12878 cells, GABPA IP - GM12878 cells, Rep 1 , GABPA IP - GM12878 cells, Rep 3 , GABPA IP, GABPA IP - GM12878 cells, Rep 2 , GABPA IP - GM12878 cells, Rep 5 , GABPA IP - GM12878 cells, Rep 4 , GABPA IP - Jurkat, Rep 2, GABPA IP - Jurkat, Rep 1",,,
ZNF143,ALOX15,stemcells,ZNF143 IP - H1 cells,,,
BATF,ALOX15,leukocytes,BATF IP - GM12878 cells,,,
TEAD4,ALOX15,liver,TEAD4 IP - HepG2 cells,,,
GABPA,ALOX15,liver,GABPA IP - MCF7 cells,,,
JUND,ALOX15,stemcells,"JUND IP - H1 cells, JUND IP - H1 cells",,,
CTCF,ALOX15,kidney,"CTCF IP - HEK293 cells, Rep 1 , CTCF IP - RPTEC cells, Rep 1 , CTCF IP - RPTEC cells, Rep 2 , CTCF IP - HRE cells, Rep 1 ",,,
YY1,ALOX15,stemcells,YY1 IP - H1 cells,,,
LYL1,ALOX15,leukocytes,"LYL1 IP - THP-1, LYL1 IP - HL-60, LYL1 IP - NB4",,,
CTCF,ALOX15,colon,"CTCF IP - HCT116 cells, Rep 1 , CTCF IP - Caco , CTCF IP - HCT116 cells, CTCF IP - Caco-2 cells, Rep 1 ",,,
CEBPB,ALOX15,leukocytes,"CEBPB IP - GM12878 cells, CEBPB ChIP-Seq - K562, CEBPB IP",,,
KLF11,ALOX15,adiposetissue,"ROSI (BrAT) | KLF11 ChIP-Seq, Rep 1, ROSI (BrAT) | KLF11 ChIP-Seq, Rep 2",,,
ROSI,ALOX15,adiposetissue,"ROSI (BrAT) | KLF11 ChIP-Seq, Rep 1, ROSI (BrAT) | KLF11 ChIP-Seq, Rep 2",,,
EBF1,ALOX15,leukocytes,EBF1 IP - GM12878 cells,,,
MAX,ALOX15,stemcells,MAX IP - H1 cells,,,
MAZ,ALOX15,leukocytes,MAZ IP - K562 cells,,,
CREB1,ALOX15,stemcells,CREB1 IP - H1 cells,,,
USF1,ALOX15,cns,USF1 IP | ATRA - SK-N-SH cells,,,
FOXM1,ALOX15,leukocytes,FOXM1 IP - GM12878 cells,,,
SP1,ALOX15,liver,SP1 IP - HepG2 cells,,,
MAX,ALOX15,leukocytes,"MAX IP - NB4 cells, MAX IP - K562 cells, Rep 2, MAX IP - K562 cells",,,
ERG,ALOX15,prostate,"JQI | ERG ChIP-Seq - Rep 1, ERG ChIP-Seq, DHT | ERG ChIP-Seq - 18 h, DMSO | ERG ChIP-Seq - Rep 1, DMSO | ERG ChIP-Seq - Rep 2",,,
JQ1,ALOX15,prostate,JQI | ERG ChIP-Seq - Rep 1,,,
E2F6,ALOX15,leukocytes,E2F6 IP - K562 cells,,,
GATA3,ALOX15,mammarygland,"GATA3 IP - T47D cells, GATA3 IP - MCF7 cells",,,
MYBL2,ALOX15,liver,MYBL2 IP - HepG2 cells,,,
CTCF,ALOX15,cns,"CTCF IP - SK cells, CTCF IP - HCPEpiC cells, Rep 2 , CTCF IP - HCPEpiC cells, Rep 1 , CTCF IP - SK-N-SH cells ",,,
USF1,ALOX15,leukocytes,"USF1 IP - K562 cells, USF1 IP - GM12878 cells",,,
FOXA2,ALOX15,liver,FOXA2 IP - HepG2 cells,,,
FORSK,ALOX15,liver,CEBPB IP | FORSK - HepG2 cells,,,
BHLHE40,ALOX15,leukocytes,BHLHE40 IP - GM12878 cells,,,
CTCF,ALOX15,sensory,"CTCF IP - WERI , CTCF IP - WERI-Rb-1- cells, Rep 1 ",,,
TBP,ALOX15,stemcells,TBP IP - H1 cells,,,
DHT,ALOX15,prostate,"DHT | ERG ChIP-Seq - 18 h, DHT | FOXA1 ChIP-Seq",,,
MEF2A,ALOX15,leukocytes,MEF2A IP - GM12878 cells,,,
E2F6,ALOX15,stemcells,E2F6 IP - H1 cells,,,
STAT5A,ALOX15,leukocytes,STAT5A IP - GM12878 cells,,,
ELF1,ALOX15,colon,ELF1 IP - HCT116 cells,,,
CTCF,ALOX15,skin,"CTCF IP - GM12878 cells, Rep 2 , CTCF IP - AG09309 cells, Rep 1 ",,,
FOXA1,ALOX15,lung,FOXA1 IP | DEX - A549 cells,,,
BACH1,ALOX15,stemcells,BACH1 IP - H1 cells,,,
DHT,ALOX15,mammarygland,"DHT | FOXA1 ChIP-Seq, DHT | MYC ChIP-Seq",,,
SPI1,ALOX15,hspcs,"SPI1 IP -  Rep 1, SPI1 IP - Rep 2",,,
TCF7L2,ALOX15,mammarygland,TCF7L2 ChIP-Seq,,,
BCL3,ALOX15,leukocytes,BCL3 IP - GM12878 cells,,,
MAX,ALOX15,colon,MAX IP - HCT116 cells,,,
MYC,ALOX15,leukocytes,"MYC IP | IFNG - K562 cells, 30 min, MYC IP - NB4 cells, MYC IP - K562 cells, Rep 1",,,
GATA6,ALOX15,stomach,GATA6 IP - YCC3,,,
PAX5,ALOX15,leukocytes,"PAX5 IP - GM12878 cells, Rep 2",,,
POU2F2,ALOX15,leukocytes,POU2F2 IP - GM12878 cells,,,
NANOG,ALOX15,stemcells,"NANOG IP - Rep 4 , NANOG IP - Rep 8 ",,,
REST,ALOX15,uterus,REST IP - SK-N-SH cells,,,
MYC,ALOX15,mammarygland,DHT | MYC ChIP-Seq,,,
YY1,ALOX15,lung,YY1 IP - A549 cells,,,
SP1,ALOX15,leukocytes,SP1 IP - GM12878 cells,,,
MTA3,ALOX15,leukocytes,MTA3 IP - GM12878 cells,,,
UBTF,ALOX15,leukocytes,"UBTF IP - K562 cells, UBTF IP - K562 cells",,,
SMAD1,ALOX15,hspcs,SMAD1 IP - Rep 2,,,
NFATC1,ALOX15,leukocytes,NFATC1 IP - GM12878 cells,,,
ATF2,ALOX15,leukocytes,ATF2 IP - GM12878 cells,,,
IRF1,ALOX15,leukocytes,IRF1 IP - Rep 3,,,
IKZF1,ALOX15,leukocytes,IKZF1 IP - GM12878 cells,,,
GABPA,ALOX15,stemcells,GABPA IP - H1 cells,,,
BCL11A,ALOX15,leukocytes,BCL11A IP - GM12878 cells,,,
TEAD4,ALOX15,stemcells,TEAD4 IP - H1 cells,,,
SRF,ALOX15,mammarygland,SRF IP - MCF7 cells,,,
RUNX1T1,ALOX15,leukocytes,RUNX1T1 IP,,,
ELF1,ALOX15,mammarygland,ELF1 IP - MCF7 cells,,,
USF1,ALOX15,uterus,USF1 IP - ECC1 cells,,,
ATF2,ALOX15,stemcells,ATF2 IP - H1 cells,,,
CTCF,ALOX15,heart,"CTCF IP - myocytes cells, Rep 1 ",,,
CTCF,ALOX15,placenta,"CTCF IP - HVMF cells, Rep 2 ",,,
ELF1,ALOX15,leukocytes,ELF1 IP - SK-N-SH cells,,,
USF1,ALOX15,colon,USF1 IP - HCT116 cells,,,
DEX,ALOX15,mammarygland,DEX | FOXA1 ChIP-Seq - Rep 1,,,
125DVD3,ALOX15,colon,CEBPB IP | 125DVD3,,,
TCF3,ALOX15,leukocytes,TCF3 IP - GM12878 cells,,,
ARID3A,ALOX15,liver,ARID3A IP - HepG2 cells,,,
TCF12,ALOXE3,cns,TCF12 IP - SK-N-SH cells,,,
CTCF,ALOXE3,leukocytes,"CTCF IP - GM12865 cells, Rep 3 , CTCF IP - KU812 cells, Rep 13 , CTCF IP - GM10847 cells, Rep 3 , CTCF IP - GM18486 cells, Rep 3 , CTCF IP - GM12890 cells, Rep 1 , CTCF IP - UT-7 cells, Rep 3 , CTCF IP - GM12869 cells , CTCF IP - GM12874 cells, CTCF IP - GM2588 cells, Rep 1 , CTCF IP - MS1 cells, Rep 3 , CTCF IP - GM2630 cells, Rep 2 , CTCF IP - UT-7 cells, Rep 5 , CTCF IP - GM06990 cells, Rep 1 , CTCF IP - GM12815 cells, Rep 1, CTCF IP - K562 cells, Rep 7 , CTCF IP - K562 cells, Rep 1 , CTCF IP - GM18951 cells, Rep 2 , CTCF IP - F36P cells, Rep 5 , CTCF IP - UT-7 cells, Rep 4 , CTCF IP - GM12891 cells, Rep 1 , CTCF IP - GM2588 cells, Rep 2 , CTCF IP - MS1 cells, Rep 4 , CTCF IP - GM12868 cells , CTCF IP - GM10847 cells, Rep 1 , CTCF IP - GM19238 cells, Rep 2 , CTCF IP - GM12006 cells, Rep 1, CTCF IP - HL-60 cells, Rep 7 , CTCF IP - GM19193 cells, Rep 1 , CTCF IP - KU812 cells, Rep 9 , CTCF IP - F36P cells, Rep 1 , CTCF IP - GM12878 cells , CTCF IP - K562 cells, Rep 14 , CTCF IP - F36P cells, Rep 3 , CTCF IP - GM12866 cells , CTCF IP - GM06986 cells, CTCF IP - K562 cells, Rep 16 , CTCF IP - GM12892 cells, Rep 2 , CTCF IP - GM12878 cells, Rep 1 , CTCF IP - GM19099 cells, Rep 2 , CTCF IP - GM10847 cells, Rep 2 , CTCF IP - GM19239 cells, Rep 2 , CTCF IP - GM18505 cells, Rep 1 , CTCF IP - GM2255 cells, Rep 1 , CTCF IP - GM12870 cells , CTCF IP - HL , CTCF IP - GM12828 cells, CTCF IP - GM12872 cells, Rep 3 , CTCF IP - K562 cells, CTCF IP - GM12005 cells, Rep 2, CTCF IP - GM12878 cells, Rep 1 , CTCF IP - F36P cells, Rep 19 , CTCF IP - F36P cells, Rep 13 , CTCF IP - GM12234 cells, CTCF IP - GM12875 cells, Rep 2 , CTCF IP - GM11811 cells, Rep 1, CTCF IP - GM12814 cells, Rep 2, CTCF IP - HeLa cells, Rep 2 , CTCF IP - GM12489 cells, Rep 1, CTCF IP - K562 cells, Rep 15 , CTCF IP - GM19238 cells, Rep 1 , CTCF IP - GM19240 cells, Rep 2 , CTCF IP - K562 cells, Rep 6 , CTCF IP - GM2588 cells, Rep 3 , CTCF IP -  DND , CTCF IP - K562 cells, Rep 12 , CTCF IP - GM18486 cells, Rep 1 , CTCF IP - GM12871 cells , CTCF IP - GM12878 cells, Rep 2 , CTCF IP - GM2610 cells, Rep 1 , CTCF IP - GM12006 cells, Rep 2, CTCF IP - GM12892 cells, Rep 1 , CTCF IP - GM12749 cells, Rep 1, CTCF IP - K562 cells, CTCF IP - GM11994 cells, Rep 2, CTCF IP - MS1 cells, Rep 2 , CTCF IP, CTCF IP - K562 cells, Rep 3 , CTCF IP - GM2630 cells, Rep 3 , CTCF IP - GM12890 cells, Rep 3 , CTCF IP - GM12891 cells, Rep 2 , CTCF IP - HL-60 cells, Rep 9 , CTCF IP - GM2630 cells, Rep 1 , CTCF IP - UT-7 cells, Rep 6 , CTCF IP - GM06990 cells, Rep 2 , CTCF IP - KU812 cells, Rep 17 , CTCF IP - GM12801 cells , CTCF IP - U-937 cells, Rep 2 , CTCF IP - K562 cells, Rep 11 , CTCF IP - GM11831 cells, CTCF IP - F36P cells, Rep 15 , CTCF IP - GM12865 cells, Rep 2 , CTCF IP - K562 cells, Rep 1 , CTCF IP - GM11994 cells, Rep 1, CTCF IP - GM12872 cells, CTCF IP - GM12154 cells, Rep 1, CTCF IP - GM11992 cells, Rep 2, CTCF IP - GM11811 cells, Rep 2, CTCF IP - GM2255 cells, Rep 2 , CTCF IP - GM11992 cells, Rep 1, CTCF IP - F36P cells, Rep 6 , CTCF IP - GM12864 cells, Rep 1 , CTCF IP - GM12875 cells, Rep 1 , CTCF IP - HL-60 cells, Rep 3 , CTCF IP - F36P cells, Rep 9 , CTCF IP - GM12873 cells, Rep 3 , CTCF IP - GM12865 cells, Rep 1 , CTCF IP - KU812 cells, Rep 1 , CTCF IP - HL-60 cells, Rep 2 , CTCF IP - GM12864 cells, Rep 3 , CTCF IP - K562 cells, Rep 9 , CTCF IP - GM12873 cells, Rep 1 , CTCF IP - GM12874 cells, Rep 2 , CTCF IP - K562 cells, Rep 5 , CTCF IP - GM2255 cells, Rep 3 , CTCF IP - GM19193 cells, Rep 2 , CTCF IP - GM12814 cells, Rep 1, CTCF IP - GM12815 cells, Rep 2, CTCF IP - GM18526 cells, Rep 1 , CTCF IP - GM11881 cells, CTCF IP - GM11894 cells, Rep 2, CTCF IP - F36P cells, Rep 11 , CTCF IP - F36P cells, Rep 7 , CTCF IP - GM12872 cells, Rep 2 , CTCF IP - GM12873 cells, Rep 1 , CTCF IP - GM12005 cells, Rep 1, CTCF IP - GM19099 cells, Rep 1 , CTCF IP - KU812 cells, Rep 5 , CTCF IP - F36P cells, Rep 17 , CTCF IP - GM12890 cells, Rep 2 , CTCF IP - GM12155 cells, Rep 2, CTCF IP - GM12867 cells , CTCF IP - GM19239 cells, Rep 1 , CTCF IP - GM12864 cells, Rep 2 , CTCF ChIP-Seq - GM12878, CTCF IP - GM2610 cells, Rep 2 , CTCF IP - GM12749 cells, Rep 2, CTCF IP -  CD20+ cells , CTCF IP - GM12878 cells, Rep 2 , CTCF IP - NB4 cells , CTCF IP - GM18486 cells, Rep 2 , CTCF IP - GM18526 cells, Rep 2 , CTCF IP - K562 cells, Rep 2 , CTCF IP - GM18505 cells, Rep 2 , CTCF IP - K562 cells , CTCF IP - F36P cells, Rep 2 , CTCF IP - MS1 cells, Rep 1 , CTCF IP - F36P cells, Rep 14 , CTCF IP - GM18951 cells, Rep 1 , CTCF IP - GM12872 cells, Rep 1 , CTCF IP - GM07037 cells, CTCF IP - GM07346 cells, CTCF IP - K562 cells, CTCF IP - CD14+ cells , CTCF IP - F36P cells, Rep 10 , CTCF IP - GM12154 cells, Rep 2, CTCF IP - K562 cells, Rep 10 , CTCF IP - GM2610 cells, Rep 3 , CTCF IP - GM12874 cells, Rep 1 , CTCF IP - K562 cells, Rep 13 , CTCF IP - GM19240 cells, Rep 1 ",,,
RELA,ALOXE3,adiposetissue,RELA IP,,,
CTCF,ALOXE3,skin,"CTCF IP - AG09309 cells, Rep 1 , CTCF IP - NHDF cells, Rep 2 , CTCF IP - HFFC cells, Rep 3 , CTCF IP - NHDF cells, Rep 1 , CTCF IP - HFFC cells, Rep 2 , CTCF IP - GM12878 cells, Rep 2 , CTCF IP - AG09309 cells, Rep 2 , CTCF IP - HFFC cells, Rep 1 , CTCF IP - NHDF cells , CTCF IP - AG04449 cells, Rep 1 , CTCF IP - BJ cells, Rep 2 , CTCF IP - NHEK cells , CTCF IP - AG10803 cells, Rep 1 , CTCF IP - AG10803 cells, Rep 2 , CTCF IP - AG04449 cells, Rep 2 , CTCF IP - BJ cells, Rep 1 , CTCF IP - NHEK cells, Rep 2 ",,,
CREB1,ALOXE3,prostate,"CREB1 ChIP-Seq - LNCaP-abl, CREB1 siRNA | FOXA1 ChIP-Seq - Rep 2, CREB1 siRNA | FOXA1 ChIP-Seq - Rep 1",,,
STAT2,ALOXE3,leukocytes,"STAT2 IP | IFNA1-13 - K562 cells, 30 min",,,
IFNA1,ALOXE3,leukocytes,"STAT2 IP | IFNA1-13 - K562 cells, 30 min, JUN IP | IFNA1-13 - 30 min , IRF1 IP | IFNA1-13 - K562 cells, 6 h",,,
GATA2,ALOXE3,prostate,"CON KD + R1881 | GATA2 ChIP-Seq, GATA2 ChIP-Seq - Rep 2, CON KD + FBS | GATA2 ChIP-Seq, GATA2 ChIP-Seq - Rep 1, GATA2 KD + R1881 | FOXA1 ChIP-Seq, FOXA1 + FBS | GATA2 ChIP-Seq, GATA2 KD + R1881 | GATA2 ChIP-Seq, GATA2 KD  | FOXA1 ChIP-Seq, CON KD  | GATA2 ChIP-Seq, FOXA1 KD | GATA2 ChIP-Seq, GATA2 ChIP-Seq, CON KD | GATA2 ChIP-Seq",,,
R1881,ALOXE3,prostate,"CON KD + R1881 | GATA2 ChIP-Seq, R1881 | FOXA1 ChIP-Seq - Rep 1, GATA2 KD + R1881 | FOXA1 ChIP-Seq, R1881 | FOXA1 ChIP-Seq - Rep 2, GATA2 KD + R1881 | GATA2 ChIP-Seq, CON KD + R1881 | FOXA1 ChIP-Seq",,,
YY1,ALOXE3,colon,YY1 IP - HCT116 cells,,,
ZNF263,ALOXE3,kidney,ZNF263 IP - HEK293 cells,,,
CTCF,ALOXE3,cns,"CTCF IP - BE(2)-C cells, Rep 2 , CTCF IP - HCPEpiC cells, Rep 2 , CTCF IP - SK-N-SH cells, Rep 2 , CTCF IP - SK-N-SH cells , CTCF IP - NHA cells , CTCF IP - SK cells, CTCF IP - SK-N-SH cells, Rep 1 , CTCF IP - HCPEpiC cells, Rep 1 , CTCF IP - cerebellar astrocyte cells, Rep 1 , CTCF IP - spinal cord astrocyte cells, Rep 1 , CTCF IP - BE(2)-C cells, Rep 1 , CTCF IP - spinal cord astrocyte cells, Rep 2 , CTCF IP - cerebellar astrocyte cells, Rep 2 ",,,
JUN,ALOXE3,leukocytes,JUN IP | IFNA1-13 - 30 min ,,,
SREBF2,ALOXE3,leukocytes,SREBF2 IP - GM12878 cells,,,
CEBPB,ALOXE3,colon,"CEBPB IP, CEBPB IP | 125DVD3, CEBPB IP - HCT116 cells",,,
SPI1,ALOXE3,leukocytes,"SPI1 IP - U-937 cells, Rep 1 , SPI1 IP - GM12878 cells, SPI1 IP, SPI1 IP, SPI1 IP - GM12878 cells, Rep 2 , SPI1 IP, SPI1 IP, SPI1 IP, SPI1 IP, SPI1 IP, SPI1 IP - K562 cells, SPI1 IP, SPI1 IP - GM12891 cells, SPI1 IP",,,
CEBPB,ALOXE3,liver,"CEBPB ChIP-Seq - HepG2, CEBPB IP - HepG2 cells, CEBPB IP | FORSK - HepG2 cells",,,
TEAD4,ALOXE3,uterus,TEAD4 IP - ECC1 cells,,,
MAFK,ALOXE3,stemcells,MAFK IP - H1 cells,,,
FOXA1,ALOXE3,prostate,"R1881 | FOXA1 ChIP-Seq - Rep 1, CREB1 siRNA | FOXA1 ChIP-Seq - Rep 2, CON KD | FOXA1 ChIP-Seq, FOXA1 ChIP-Seq, CON KD | FOXA1 ChIP-Seq, FOXA1 KD | FOXA1 ChIP-Seq, FOXA1 ChIP-Seq - Rep 2, CREB1 siRNA | FOXA1 ChIP-Seq - Rep 1, GATA2 KD + R1881 | FOXA1 ChIP-Seq, R1881 | FOXA1 ChIP-Seq - Rep 2, FOXA1 ChIP-Seq - LNCaP-abl, FOXA1 + FBS | GATA2 ChIP-Seq, WT AR OE + FOXA1 OE | FOXA1 ChIP-Seq - high FOXA1, AR C562S OE + FOXA1 OE | FOXA1 ChIP-Seq, EtOH | FOXA1 ChIP-Seq - Rep 2, CON KD  | FOXA1 ChIP-Seq, FOXA1 ChIP-Seq - Rep 1, FOXA1 ChIP-Seq, FOXA1 KD | FOXA1 ChIP-Seq, GATA2 KD  | FOXA1 ChIP-Seq, EtOH | FOXA1 ChIP-Seq - , DHT | FOXA1 ChIP-Seq, FOXA1 KD | GATA2 ChIP-Seq, CON KD + R1881 | FOXA1 ChIP-Seq, FOXA1 ChIP-Seq, CON KD | FOXA1 ChIP-Seq",,,
ZEB1,ALOXE3,liver,ZEB1 IP - HepG2 cells,,,
CTCF,ALOXE3,hspcs,"CTCF IP - HEL 92.1.7 cells, Rep 11 , CTCF IP - HEL 92.1.7 cells, Rep 8 , CTCF IP - HEL 92.1.7 cells, Rep 1 , CTCF IP - HEL 92.1.7 cells, Rep 7 , CTCF IP - HEL 92.1.7 cells, Rep 2 , CTCF IP - HSPCs, Rep 2, CTCF IP - HEL 92.1.7 cells, Rep 10 , CTCF IP - Erythroid cells, Rep 1, CTCF IP - HSPCs, Rep 1, CTCF IP - HEL 92.1.7 cells, Rep 14 , CTCF IP - HEL 92.1.7 cells, Rep 5 , CTCF IP - Erythroid cells, Rep 2, CTCF IP - HEL 92.1.7 cells, Rep 13 ",,,
CEBPB,ALOXE3,lung,"CEBPB IP - A549 cells, CEBPB ChIP-Seq - IMR90, CEBPB ChIP-Seq - A549",,,
PAX5,ALOXE3,leukocytes,"PAX5 IP - GM12878 cells, Rep 2, PAX5 IP - GM12891 cells, PAX5 IP - GM12878 cells, Rep 1, PAX5 IP - GM12892 cells",,,
JUND,ALOXE3,colon,JUND IP - HCT116 cells,,,
CTCF,ALOXE3,stemcells,"CTCF IP - Rep 5 , CTCF IP - H1 cells, CTCF IP - Rep 3 , CTCF IP - H1 cells , CTCF IP - Rep 4 , CTCF IP - Rep 6 , CTCF IP - Rep 1 , CTCF IP - Rep 7 , CTCF IP - Rep 2 ",,,
FOS,ALOXE3,mammarygland,"FOS IP | 4HT - MCF10A cells, 12 h, FOS IP | 17BE2, FOS IP - MCF10A cells, FOS IP | 4HT - MCF10A cells, 4 h, FOS IP | 4HT - MCF10A cells, 36 h",,,
4HT,ALOXE3,mammarygland,"FOS IP | 4HT - MCF10A cells, 12 h, STAT3 IP | 4HT - MCF10 cells, 12 h, E2F4 IP | 4HT - MCF10 cells, FOS IP | 4HT - MCF10A cells, 4 h, MYC IP | 4HT - MCF10A cells, STAT3 IP | 4HT - MCF10 cells, 36 h, FOS IP | 4HT - MCF10A cells, 36 h",,,
STAT3,ALOXE3,mammarygland,"STAT3 IP | 4HT - MCF10 cells, 12 h, STAT3 IP - MCF10A cells, Rep 2, STAT3 IP | 4HT - MCF10 cells, 36 h",,,
ELK4,ALOXE3,uterus,"ELK4 IP - HeLa cells, ELK4 IP - HeLa, Rep 1",,,
TCF7L2,ALOXE3,hspcs,"TCF7L2 IP - Rep 1, TCF7L2 IP - Rep 2",,,
SRF,ALOXE3,stemcells,"SRF IP - Rep 7 , SRF IP - Rep 3 , SRF IP - Rep 4 , SRF IP - Rep 6 , SRF IP - Rep 2 , SRF IP - Rep 5 , SRF IP - Rep 1 ",,,
CTCF,ALOXE3,sensory,"CTCF IP - HRPEpiC cells, Rep 1 , CTCF IP - WERI , CTCF IP - WERI-Rb-1- cells, Rep 1 , CTCF IP - HRPEpiC cells, Rep 2 ",,,
YY1,ALOXE3,leukocytes,"YY1 IP - K562 cells, Rep 2, YY1 IP - GM12892 cells, Rep 1, YY1 IP - K562 cells, Rep 1, YY1 IP - GM12891 cells, YY1 IP - GM12878 cells",,,
CTCF,ALOXE3,kidney,"CTCF IP - HRE cells, Rep 1 , CTCF IP - HRE cells, Rep 2 , CTCF IP - HEK293 cells, Rep 1 , CTCF IP - RPTEC cells, Rep 1 , CTCF IP - HEK293 cells, Rep 2 , CTCF IP - RPTEC cells, Rep 2 ",,,
RELA,ALOXE3,leukocytes,"RELA IP | DEX, RELA IP | TNF - GM18505 cells, RELA IP | TNF - GM19193 cells, RELA IP | TNF - GM12892 cells, RELA IP | DEX, RELA IP | TNF - GM19099 cells, RELA IP | TNF - GM12891 cells, RELA IP | TNF - GM10847 cells, RELA IP | TNF - GM18526 cells, RELA IP | TNF - GM18951 cells, RELA IP | TNF - GM12878 cells, RELA IP, RELA IP | TNF - GM15510 cells, RELA IP",,,
DEX,ALOXE3,leukocytes,"RELA IP | DEX, RELA IP | DEX",,,
ARID3A,ALOXE3,liver,ARID3A IP - HepG2 cells,,,
POU2F2,ALOXE3,leukocytes,"POU2F2 IP - GM12878 cells, POU2F2 IP | POU2F2 Mut OE",,,
IRF1,ALOXE3,leukocytes,"IRF1 IP | IFNG - K562 cells, 6 h, IRF1 IP | IFNA1-13 - K562 cells, 6 h, IRF1 IP - Rep 2, IRF1 IP | IFNG - K562 cells, 30 min, IRF1 IP - Rep 1, IRF1 IP - Rep 3",,,
IFNG,ALOXE3,leukocytes,"IRF1 IP | IFNG - K562 cells, 6 h, STAT1 IP - Rep 2, STAT1 IP - Rep 3, IRF1 IP - Rep 2, STAT1 IP - Rep 1, STAT1 IP - Rep 4, IRF1 IP | IFNG - K562 cells, 30 min, MYC IP | IFNG - K562 cells, 30 min, IRF1 IP - Rep 1, IRF1 IP - Rep 3, MYC IP | IFNG - K562 cells, 6 h, STAT1 IP - Rep 5",,,
GABPA,ALOXE3,stemcells,GABPA IP - H1 cells,,,
HOXA4,ALOXE3,colon,HOXA4 IP ,,,
GATA4,ALOXE3,stomach,GATA4 IP - AGS,,,
STAT3,ALOXE3,leukocytes,"STAT3 IP - OCI-LY19, STAT3 IP - SU-DHL-4, STAT3 IP - SU-DHL-6, STAT3 IP - OCI-LY7, STAT3 IP - OCI-LY3, STAT3 IP - SU-DHL-2, STAT3 IP - U-2932",,,
STAT1,ALOXE3,leukocytes,"STAT1 IP - Rep 2, STAT1 IP - Rep 3, STAT1 IP - Rep 1, STAT1 IP - Rep 4, STAT1 IP - Rep 5",,,
SMARCC1,ALOXE3,uterus,SMARCC1 IP - HeLa cells,,,
STAT5A,ALOXE3,leukocytes,"STAT5A IP - GM12878 cells, STAT5A IP - K562 cells",,,
FOSL1,ALOXE3,colon,FOSL1 IP - HCT116 cells,,,
GATA1,ALOXE3,hspcs,"GATA1 IP - Rep 4, GATA1 IP - PBDE cells, Rep 1, GATA1 IP - Rep 3",,,
E2F1,ALOXE3,prostate,"BICALU | E2F1 ChIP-Seq - Rep 1, HES6 OE | E2F1 ChIP-Seq - Rep 3, E2F1 ChIP-Seq - Rep 2, HES6 OE + BICALU | E2F1 ChIP-Seq - Rep 1, E2F1 ChIP-Seq - Rep 1, HES6 OE + BICALU | E2F1 ChIP-Seq - Rep 3, BICALU | E2F1 ChIP-Seq - Rep 3, HES6 OE | E2F1 ChIP-Seq - Rep 1",,,
BICALU,ALOXE3,prostate,"BICALU | E2F1 ChIP-Seq - Rep 1, HES6 OE + BICALU | E2F1 ChIP-Seq - Rep 1, HES6 OE + BICALU | E2F1 ChIP-Seq - Rep 3, BICALU | E2F1 ChIP-Seq - Rep 3",,,
ERG,ALOXE3,prostate,"DHT | ERG ChIP-Seq - 2 h, ERG ChIP-Seq - LNCaP",,,
DHT,ALOXE3,prostate,"DHT | ERG ChIP-Seq - 2 h, DHT | FOXA1 ChIP-Seq",,,
CTCF,ALOXE3,placenta,"CTCF IP - HVMF cells, Rep 1 , CTCF IP - HVMF cells, Rep 2 ",,,
CEBPB,ALOXE3,leukocytes,"CEBPB IP - Rep 202, CEBPB IP, CEBPB IP | oxLDL  - Rep 208, CEBPB IP, CEBPB IP, CEBPB IP, CEBPB IP - Rep 201, CEBPB IP| oxLDL  - Rep 207, CEBPB IP, CEBPB IP - K562 cells, CEBPB IP - HL-60 cells, Rep 1 , CEBPB IP - Rep 204, CEBPB IP, CEBPB IP - GM12878 cells, CEBPB IP - Rep 203, CEBPB IP, CEBPB ChIP-Seq - K562, CEBPB IP | oxLDL  - Rep 205, CEBPB IP - HL-60 cells, Rep 2 , CEBPB IP | oxLDL  - Rep 206",,,
MXI1,ALOXE3,cns,MXI1 IP - SK-N-SH cells ,,,
MAX,ALOXE3,lung,"MAX IP - A549 cells, MAX IP - A549 cells",,,
CTCF,ALOXE3,liver,"CTCF IP, CTCF IP - SK-N-SH cells, CTCF IP - HepG2 cells, Rep 1 , CTCF IP - HepG2 cells , CTCF IP - HepG2 cells, Rep 2 ",,,
MAX,ALOXE3,stemcells,"MAX IP - H1 cells, MAX IP - H1 cells",,,
CTCF,ALOXE3,lung,"CTCF IP - A549 cells , CTCF IP - SAEC cells, Rep 2 , CTCF IP - WI-38 cells, Rep 1 , CTCF IP - HPF cells, Rep 1 , CTCF IP - IMR cells, CTCF ChIP-Seq - A549, CTCF IP - A549 cells, CTCF IP - A549 cells, Rep 2 , CTCF IP - NHLF cells , CTCF IP - SAEC cells, Rep 1 , CTCF IP | DEX - A549 cells , CTCF IP - WI-38 cells, Rep 2 , CTCF IP - A549 cells, Rep 1 , CTCF IP - AG04450 cells, Rep 1 , CTCF IP - AG04450 cells, Rep 2 , CTCF IP - HPF cells, Rep 2 , CTCF IP - NHLF cells , CTCF IP | DEX - A549 cells",,,
E2F4,ALOXE3,mammarygland,E2F4 IP | 4HT - MCF10 cells,,,
CREB1,ALOXE3,stemcells,CREB1 IP - H1 cells,,,
ETS1,ALOXE3,pancreas,ETS1 IP,,,
JUN,ALOXE3,mammarygland,"JUN IP, JUN IP - Rep 1, JUN IP - Rep 2, JUN IP | CPDA, JUN IP | DEX",,,
TNF,ALOXE3,leukocytes,"RELA IP | TNF - GM18505 cells, RELA IP | TNF - GM19193 cells, RELA IP | TNF - GM12892 cells, RELA IP | TNF - GM12891 cells, RELA IP | TNF - GM10847 cells, RELA IP | TNF - GM18526 cells, RELA IP | TNF - GM18951 cells, RELA IP | TNF - GM12878 cells, RELA IP | TNF - GM15510 cells",,,
USF1,ALOXE3,leukocytes,"USF1 IP - GM12878 cells, USF1 IP - K562 cells",,,
MYC,ALOXE3,stemcells,MYC IP - H1 cells,,,
E2F6,ALOXE3,leukocytes,E2F6 IP - K562 cells,,,
BHLHE40,ALOXE3,leukocytes,"BHLHE40 IP - GM12878 cells, BHLHE40 IP - K562 cells",,,
GATA3,ALOXE3,mammarygland,"GATA3 IP - T47D cells, GATA3 IP - MCF7 cells, GATA3 IP - MCF-7 cells",,,
NFKB1,ALOXE3,leukocytes,NFKB1 IP - Rep 2,,,
MAX,ALOXE3,leukocytes,"MAX IP - K562 cells, Rep 2, MAX IP - K562 cells, MAX IP - NB4 cells",,,
MYC,ALOXE3,bone,"MYC IP, MYC IP",,,
CTCF,ALOXE3,uterus,"CTCF IP - HeLa cells , CTCF IP - HeLa cells, Rep 1 , CTCF IP - ECC1 cells",,,
MXI1,ALOXE3,leukocytes,"MXI1 IP - K562 cells, MXI1 IP - GM12878 cells",,,
TEAD4,ALOXE3,colon,TEAD4 IP - HCT116 cells,,,
E2F1,ALOXE3,mammarygland,E2F1 IP - MCF7 cells,,,
MAZ,ALOXE3,uterus,MAZ IP - HeLa cells,,,
MAZ,ALOXE3,leukocytes,"MAZ IP - GM12878 cells, MAZ IP - K562 cells",,,
JUND,ALOXE3,cns,"JUND IP - SK-N-SH cells, JUND IP - SK-N-SH cells ",,,
17BE2,ALOXE3,mammarygland,"FOS IP | 17BE2, 17BE2 | FOXA1 ChIP-Seq, 17BE2 | FOXA1 ChIP-Seq - Rep 2",,,
CUX1,ALOXE3,leukocytes,"CUX1 IP - GM12878 cells, CUX1 IP - K562 cells",,,
FOS,ALOXE3,vasculature,FOS IP - HUVEC cells,,,
TEAD4,ALOXE3,liver,"TEAD4 IP - MCF7 cells, TEAD4 IP - HepG2 cells",,,
ZBTB7A,ALOXE3,leukocytes,ZBTB7A IP - SK-N-SH cells,,,
PBX3,ALOXE3,lung,PBX3 IP - A549 cells,,,
TBP,ALOXE3,uterus,TBP IP - HeLa cells,,,
SP1,ALOXE3,colon,SP1 IP - HCT116 cells,,,
ATF2,ALOXE3,stemcells,ATF2 IP - H1 cells,,,
USF1,ALOXE3,stemcells,USF1 IP - H1 cells,,,
ZNF384,ALOXE3,leukocytes,"ZNF384 IP - K562 cells, ZNF384 IP - GM12878 cells",,,
FOXM1,ALOXE3,leukocytes,FOXM1 IP - GM12878 cells,,,
USF1,ALOXE3,cns,"USF1 IP | ATRA - SK-N-SH cells, USF1 IP - SK-N-SH cells",,,
ATRA,ALOXE3,cns,"USF1 IP | ATRA - SK-N-SH cells, YY1 IP | ATRA - SK-N-SH cells",,,
FOXA1,ALOXE3,liver,"FOXA1 IP - HepG2 cells, Rep 1, FOXA1 IP - HepG2 cells, Rep 2",,,
CTCF,ALOXE3,adiposetissue,"CTCF ChIP-Seq - d 9, CTCF ChIP-Seq - d -2, CTCF ChIP-Seq - d 0",,,
MAFK,ALOXE3,uterus,MAFK IP - HeLa cells,,,
CTCF,ALOXE3,mammarygland,"CTCF IP - HMF cells, Rep 1 , CTCF IP - MCF-7 cells, Rep 1 , CTCF IP - T47D cells, CTCF IP - HMEC cells , CTCF IP - HMEC cells, Rep 1 , CTCF IP - HMF cells, Rep 2 , CTCF IP - MCF-7 cells Rep 2 , CTCF IP - HMEC cells, Rep 2 , CTCF IP - MCF7 cells",,,
KLF5,ALOXE3,stomach,KLF5 IP - KATOIII,,,
GABPA,ALOXE3,liver,"GABPA IP - MCF7 cells, GABPA IP - HepG2 cells",,,
CEBPB,ALOXE3,stemcells,"CEBPB IP, CEBPB IP, CEBPB IP - H1 cells, CEBPB IP, CEBPB IP, CEBPB IP",,,
GATA2,ALOXE3,vasculature,GATA2 IP - HUVEC cells,,,
FOXA1,ALOXE3,lung,"FOXA1 IP - A549 cells, FOXA1 IP | DEX - A549 cells",,,
GABPA,ALOXE3,leukocytes,"GABPA IP - GM12878 cells, Rep 3 , GABPA IP - GM12878 cells, Rep 1 , GABPA IP - GM12878 cells, GABPA IP - K562 cells, GABPA IP - Jurkat, Rep 1, GABPA IP - GM12878 cells, Rep 4 , GABPA IP - GM12878 cells, Rep 2 , GABPA IP - Jurkat, Rep 2",,,
REST,ALOXE3,cns,"REST IP - PFSK-N-SH cells1 cells, Rep 1, REST IP - U87 cells, REST IP - PFSK1 cells, Rep 2, REST IP - SK-N-SH cells",,,
EBF1,ALOXE3,leukocytes,"EBF1 IP - GM12878 cells, EBF1 IP - GM12878 cells",,,
CTCF,ALOXE3,colon,"CTCF IP - Caco , CTCF IP - HCT116 cells, CTCF IP - Rep 2 , CTCF IP - Rep 1 , CTCF IP - HCT116 cells, Rep 1 , CTCF IP - HCT116 cells, Rep 2 , CTCF IP - Caco-2 cells, Rep 1 ",,,
TCF3,ALOXE3,leukocytes,TCF3 IP - GM12878 cells,,,
CTCF,ALOXE3,vasculature,"CTCF IP - HUVEC cells , CTCF IP - HUVEC cells, Rep 2 , CTCF IP - AoAFC cells, Rep 1 , CTCF IP - HBMEC cells, Rep 1 , CTCF IP - HBMEC cells, Rep 2 , CTCF IP - HPAF cells, Rep 1 , CTCF IP - HUVEC cells, Rep 1 , CTCF IP - AoAFC cells, Rep 2 , CTCF IP - HPAF cells, Rep 2 ",,,
MAX,ALOXE3,vasculature,MAX IP - HUVEC cells,,,
FOXA2,ALOXE3,liver,FOXA2 IP - HepG2 cells,,,
MAX,ALOXE3,uterus,"MAX IP - ECC1 cells, MAX IP - HeLa cells, Rep 2, MAX IP - HeLa cells, Rep 1",,,
TEAD4,ALOXE3,mammarygland,"TEAD4 IP - Rep 1, TEAD4 IP - Rep 2",,,
JUND,ALOXE3,leukocytes,JUND IP - K562 cells,,,
IKZF1,ALOXE3,leukocytes,IKZF1 IP - GM12878 cells,,,
CREB1,ALOXE3,lung,CREB1 IP | DEX - A549 cells,,,
DEX,ALOXE3,lung,"CREB1 IP | DEX - A549 cells, CTCF IP | DEX - A549 cells , USF1 IP | DEX - A549 cells, FOXA1 IP | DEX - A549 cells, CTCF IP | DEX - A549 cells",,,
CREB1,ALOXE3,liver,"CREB1 IP, CREB1 IP - HepG2 cells, CREB1 IP",,,
ATF3,ALOXE3,colon,"ATF3 IP | CAMPTO, ATF3 IP - HCT116 cells, ATF3 IP",,,
MYB,ALOXE3,leukocytes,"MYB IP - Jurkat, Rep 5, MYB IP - Jurkat, Rep 3, MYB IP - MOLT3, MYB IP - Jurkat, Rep 4, MYB IP - Jurkat, Rep 2, MYB IP - Jurkat, Rep 1",,,
GATA3,ALOXE3,cns,"GATA3 IP - SHSY5Y cells, GATA3 IP - SK-N-SH cells",,,
BRF1,ALOXE3,uterus,BRF1 IP - HeLa cells,,,
RUNX1,ALOXE3,hspcs,"RUNX1 IP, RUNX1",,,
USF1,ALOXE3,lung,"USF1 IP - A549 cells, Rep 2, USF1 IP - A549 cells, Rep 1, USF1 IP | DEX - A549 cells",,,
TP53,ALOXE3,bone,TP53 IP - Rep 2,,,
THAP11,ALOXE3,stemcells,"THAP11 IP - Rep 4 , THAP11 IP - Rep 2 ",,,
HES6,ALOXE3,prostate,"HES6 OE | E2F1 ChIP-Seq - Rep 3, HES6 OE + BICALU | E2F1 ChIP-Seq - Rep 1, HES6 OE + BICALU | E2F1 ChIP-Seq - Rep 3, HES6 OE | E2F1 ChIP-Seq - Rep 1",,,
FOXM1,ALOXE3,mammarygland,FOXM1 IP | THSP - DS006,,,
MAZ,ALOXE3,liver,MAZ IP - HepG2 cells,,,
CTCF,ALOXE3,miscellaneous,"CTCF IP - AG09319 cells, Rep 1 , CTCF IP - AG09319 cells, Rep 2 ",,,
JUND,ALOXE3,mammarygland,JUND IP - MCF7 cells,,,
FOS,ALOXE3,leukocytes,FOS IP - K562 cells,,,
MYC,ALOXE3,leukocytes,"MYC IP - NB4 cells, MYC IP - K562 cells, Rep 1, MYC IP | IFNG - K562 cells, 30 min, MYC IP | IFNG - K562 cells, 6 h",,,
ZNF143,ALOXE3,stemcells,ZNF143 IP - H1 cells,,,
ZBTB7A,ALOXE3,liver,ZBTB7A IP - HepG2 cells,,,
MXI1,ALOXE3,liver,MXI1 IP - HepG2 cells,,,
MAFK,ALOXE3,liver,"MAFK IP - HepG2 cells, Rep 2",,,
FOXA1,ALOXE3,mammarygland,"DEX | FOXA1 ChIP-Seq - Rep 2, 17BE2 | FOXA1 ChIP-Seq, DEX | FOXA1 ChIP-Seq - Rep 2, FOXA1 ChIP-Seq - Rep 2, DHT | FOXA1 ChIP-Seq, FOXA1 ChIP-Seq - Rep 2, 17BE2 | FOXA1 ChIP-Seq - Rep 2, FOXA1 IP - T47D cells",,,
DEX,ALOXE3,mammarygland,"DEX | FOXA1 ChIP-Seq - Rep 2, DEX | FOXA1 ChIP-Seq - Rep 2, JUN IP | DEX",,,
ETS1,ALOXE3,leukocytes,"ETS1 IP - K562 cells, ETS1 IP, ETS1 IP - GM12878 cells",,,
USF1,ALOXE3,uterus,USF1 IP - ECC1 cells,,,
ZNF143,ALOXE3,uterus,ZNF143 IP - HeLa cells,,,
ATF1,ALOXE3,leukocytes,ATF1 IP - K562 cells,,,
CREB1,ALOXE3,uterus,CREB1 IP - ECC1 cells,,,
TEAD4,ALOXE3,cns,TEAD4 IP - SK-N-SH cells,,,
SMAD1,ALOXE3,hspcs,SMAD1 IP - Rep 3,,,
USF1,ALOXE3,colon,USF1 IP - HCT116 cells,,,
HIF1A,ALOXE3,bone,HIF1A IP,,,
MYC,ALOXE3,mammarygland,"DHT | MYC ChIP-Seq, MYC IP | 4HT - MCF10A cells, MYC IP - MCF-10A cells",,,
DHT,ALOXE3,mammarygland,"DHT | MYC ChIP-Seq, DHT | FOXA1 ChIP-Seq",,,
MYC,ALOXE3,liver,MYC IP,,,
GTF2B,ALOXE3,uterus,GTF2B IP - Rep 2,,,
CTCF,ALOXE3,bone,CTCF IP - Osteoblasts ,,,
ZKSCAN1,ALOXE3,uterus,ZKSCAN1 IP - HeLa cells,,,
OTX2,ALOXE3,stemcells,"OTX2 IP - Rep 10 , OTX2 IP - Rep 3 ",,,
JUN,ALOXE3,colon,JUN IP ,,,
SMAD1,ALOXE3,stemcells,"SMAD1 IP - Rep 5 , SMAD1 IP - Rep 2 , SMAD1 IP - Rep 6 , SMAD1 IP - Rep 7 , SMAD1 IP - Rep 1 ,  SMAD1 IP | GATA4 KD - Rep 5 ",,,
TEAD4,ALOXE3,lung,TEAD4 IP - A549 cells,,,
CTCF,ALOXE3,esophagus,"CTCF IP - HEEpiC cells, Rep 2 , CTCF IP - HEEpiC cells, Rep 1 ",,,
RBPJ,ALOXE3,leukocytes,RBPJ IP | COMPE - wash,,,
COMPE,ALOXE3,leukocytes,RBPJ IP | COMPE - wash,,,
JUN,ALOXE3,vasculature,JUN IP,,,
E2F4,ALOXE3,leukocytes,E2F4 IP - K562 cells,21247883,,
FOSL2,ALOXE3,lung,FOSL2 IP - A549 cells,,,
CTCF,ALOXE3,megakaryocytelineage,"CTCF IP - MEG-01 cells, Rep 10 , CTCF IP - MEG-01 cells, Rep 8 , CTCF IP - MEG-01 cells, Rep 6 , CTCF IP - MEG-01 cells, Rep 2 , CTCF IP - MEG-01 cells, Rep 4 ",,,
GABPA,ALOXE3,lung,GABPA IP - A549 cells,,,
FOSL2,ALOXE3,liver,FOSL2 IP - HepG2 cells,,,
CTCF,ALOXE3,heart,"CTCF IP - myocytes cells, Rep 1 , CTCF IP - HCF cells , CTCF IP - myocytes cells, Rep 2 ",,,
CTCF,ALOXE3,pancreas,CTCF IP,,,
YY1,ALOXE3,stemcells,YY1 IP - H1 cells,,,
TEAD4,ALOXE3,leukocytes,TEAD4 IP - K562 cells,,,
TCF12,ALOXE3,lung,TCF12 IP - A549 cells,,,
CREB1,ALOXE3,leukocytes,"CREB1 IP - K562 cells, CREB1 IP - GM12878 cells",,,
AR,ALOXE3,prostate,"WT AR OE + FOXA1 OE | FOXA1 ChIP-Seq - high FOXA1, AR C562S OE + FOXA1 OE | FOXA1 ChIP-Seq",,,
SP1,ALOXE3,lung,SP1 IP - A549 cells,,,
EGR1,ALOXE3,leukocytes,EGR1 IP - K562 cells,20690147,,
CEBPB,ALOXE3,uterus,"CEBPB ChIP-Seq - HeLaS3, CEBPB IP - ECC1 cells",,,
MAFK,ALOXE3,leukocytes,"MAFK IP - GM12878 cells, MAFK IP - K562 cells",,,
USF2,ALOXE3,stemcells,USF2 IP - H1 cells,,,
ELF1,ALOXE3,leukocytes,"ELF1 IP - SK-N-SH cells, ELF1 IP - SK-N-SH cells",,,
TCF12,ALOXE3,leukocytes,TCF12 IP - GM12878 cells,,,
ATF2,ALOXE3,colon,ATF2 IP ,,,
YY1,ALOXE3,uterus,YY1 IP - ECC1 cells,,,
TCF12,ALOXE3,uterus,TCF12 IP - ECC1 cells,,,
SIX5,ALOXE3,lung,SIX5 IP | DEX - A549 cells,,,
MAX,ALOXE3,liver,"MAX IP - MCF7 cells, MAX IP - HepG2 cells",,,
JUND,ALOXE3,liver,JUND IP - HepG2 cells,,,
CDX2,ALOXE3,colon,CDX2 IP | 125DVD3,,,
125DVD3,ALOXE3,colon,"CDX2 IP | 125DVD3, CEBPB IP | 125DVD3",,,
ZNF217,ALOXE3,mammarygland,ZNF217 IP - MCF7 cells,,,
TBP,ALOXE3,stemcells,TBP IP - H1 cells,,,
MEF2B,ALOXE3,kidney,"MEF2B IP | MEF2B OE - Rep 2, MEF2B IP | MEF2B D83V OE - Rep 1",,,
MYC,ALOXE3,lung,MYC IP - A549 cells,,,
SP1,ALOXE3,leukocytes,SP1 IP - GM12878 cells,,,
TCF7L2,ALOXE3,uterus,TCF7L2 IP - HeLa cells,,,
EGR1,ALOXE3,uterus,EGR1 IP - ECC1 cells,,,
ARID3A,ALOXE3,leukocytes,ARID3A IP - K562 cells,,,
MAZ,ALOXE3,lung,MAZ IP - IMR cells,,,
TBP,ALOXE3,liver,TBP IP - HepG2 cells,,,
JUND,ALOXE3,stemcells,JUND IP - H1 cells,,,
JUND,ALOXE3,lung,JUND IP - A549 cells,,,
YY1,ALOXE3,cns,"YY1 IP - SK-N-SH cells, YY1 IP | ATRA - SK-N-SH cells",,,
E2F6,ALOXE3,lung,E2F6 IP - A549 cells,,,
FOSL2,ALOXE3,mammarygland,FOSL2 IP - MCF7 cells,,,
ZEB1,ALOXE3,leukocytes,ZEB1 IP - GM12878 cells,,,
ZBTB7A,ALOXE3,uterus,ZBTB7A IP - ECC1 cells,,,
SATB1,ALOXE3,liver,SATB1 IP,,,
BACH1,ALOXE3,stemcells,BACH1 IP - H1 cells,,,
ATF2,ALOXE3,leukocytes,ATF2 IP - GM12878 cells,,,
TAL1,ALOXE3,leukocytes,TAL1 IP - K562 cells,,,
MXI1,ALOXE3,uterus,MXI1 IP - HeLa cells,,,
REST,ALOXE3,stemcells,"REST IP - H1 cells, Rep 2",,,
TP53,ALOXE3,colon,"TP53 IP | CAMPTO, TP53 IP | TP53 KO",,,
CAMPTO,ALOXE3,colon,TP53 IP | CAMPTO,,,
CREB1,ALOXE3,colon,CREB1 IP ,,,
SRF,ALOXE3,leukocytes,SRF IP - SK-N-SH cells,,,
GTF2F1,ALOXE3,uterus,GTF2F1 IP - HeLa cells,,,
REST,ALOXE3,liver,"REST IP - HepG2 cells, Rep 1",,,
MEF2A,ALOXE3,leukocytes,MEF2A IP - GM12878 cells,,,
REST,ALOXE3,leukocytes,"REST IP - GM12878 cells, Rep 27 , REST IP - K562 cells, REST IP - GM12878 cells, Rep 5 ",,,
JUND,ALOXE3,vasculature,JUND IP,,,
GATA2,ALOXE3,leukocytes,GATA2 IP - K562 cells,,,
ELF1,ALOXE3,colon,ELF1 IP - HCT116 cells,,,
ELF1,ALOXE3,lung,ELF1 IP - A549 cells,,,
SOX9,ALOXE3,colon,SOX9 IP ,,,
PRDM14,ALOXE3,stemcells,PRDM14 IP,,,
USF2,ALOXE3,uterus,USF2 IP - HeLa cells,,,
CPDA,ALOXE3,mammarygland,JUN IP | CPDA,,,
GABPA,ALOXE3,uterus,GABPA IP - HeLa cells,,,
USF1,ALOXE3,liver,USF1 IP - HepG2 cells,,,
JUND,ALOXE3,uterus,JUND IP - HeLa cells,,,
FOXA1,ALOXE3,stemcells,FOXA1 IP - Rep 5 ,,,
FORSK,ALOXE3,liver,CEBPB IP | FORSK - HepG2 cells,,,
USF2,ALOXE3,liver,USF2 IP - HepG2 cells,,,
ERG,ALOXE3,leukocytes,ERG IP - Rep 1,,,
SIX2,ALOXE3,kidney,"SIX2 IP - 17 weeks, Rep 1, SIX2 IP - 17 weeks, Rep 2",,,
ZNF143,ALOXE3,leukocytes,"ZNF143 IP - GM12878 cells, ZNF143 IP - K562 cells",,,
GABPA,ALOXE3,cns,GABPA IP - SK-N-SH cells,,,
E2F1,ALOXE3,uterus,"E2F1 IP - HeLa cells, Rep 2, E2F1 IP - HeLa cells, Rep 1",,,
THAP1,ALOXE3,leukocytes,THAP1 IP - K562 cells,,,
IRF1,ALOXE3,colon,IRF1 IP ,,,
NFATC1,ALOXE3,leukocytes,NFATC1 IP - GM12878 cells,,,
RELA,ALOXE3,colon,RELA IP ,,,
SRF,ALOXE3,colon,SRF IP - HCT116 cells,,,
TBP,ALOXE3,leukocytes,"TBP IP - GM12878 cells, TBP IP - K562 cells",,,
YY1,ALOXE3,lung,YY1 IP - A549 cells,,,
TP53,ALOXE3,mammarygland,TP53 IP,,,
CEBPB,ALOXE3,mammarygland,CEBPB IP - MCF7 cells,,,
FOSL2,ALOXE3,cns,FOSL2 IP - SK-N-SH cells,,,
BHLHE40,ALOXE3,liver,BHLHE40 IP - HepG2 cells,,,
MAX,ALOXE3,colon,MAX IP - HCT116 cells,,,
ELF1,ALOXE3,cns,ELF1 IP - SK-N-SH cells,,,
JUN,ALOXE3,uterus,JUN IP - HeLa cells,,,
EGR1,ALOXE3,colon,EGR1 IP - HCT116 cells,,,
TEAD1,ALOXE3,cns,TEAD1 IP - Rep 1,,,
GATA2,ALOXE3,cns,GATA2 ChIP-Seq SH-SY5Y,,,
TCF12,ALOXE3,stemcells,TCF12 IP - H1 cells,,,
ETV5,ALOXE3,colon,ETV5 IP ,,,
IRF4,ALOXE3,leukocytes,"IRF4 IP - GM12878 cells, IRF4 IP",,,
ELF1,ALOXE3,liver,ELF1 IP - HepG2 cells,,,
FOSL1,ALOXE3,stemcells,FOSL1 IP - H1 cells,,,
PBX3,ALOXE3,cns,PBX3 IP - SK-N-SH cells,,,
MXI1,ALOXE3,lung,MXI1 IP - IMR cells,,,
FOS,ALOXE3,uterus,FOS IP - HeLa cells,,,
MAFK,ALOXE3,lung,MAFK IP - IMR cells,,,
STAT3,ALOXE3,uterus,STAT3 IP - HeLa cells,,,
E2F6,ALOXE3,stemcells,E2F6 IP - H1 cells,,,
MAX,ALOXE3,cns,MAX IP - SK-N-SH cells,,,
UBTF,ALOXE3,leukocytes,"UBTF IP - K562 cells, UBTF IP - K562 cells",,,
CTCF,ALOXE3,skeletalmuscle,"CTCF IP - HSMM cells, Rep 1 , CTCF IP - HSMM cells, Rep 2 ",,,
RUNX1,ALOXE3,leukocytes,RUNX1 IP,,,
NANOG,ALOXE3,stemcells,NANOG IP - H1 cells,,,
ATF3,ALOXE3,lung,ATF3 IP - A549 cells,,,
BATF,ALOXE3,leukocytes,BATF IP - GM12878 cells,,,
EGR1,ALOXE3,liver,EGR1 IP - MCF7 cells,,,
MEF2C,ALOXE3,leukocytes,MEF2C IP - GM12878 cells,,,
HEY1,ALOXE3,leukocytes,HEY1 IP - K562 cells,,,
GTF2F1,ALOXE3,stemcells,GTF2F1 IP - H1 cells,,,
YY1,ALOXE3,liver,YY1 IP - HepG2 cells,,,
HEY1,ALOXE3,liver,HEY1 IP - HepG2 cells,,,
GATA4,ALOXE3,stemcells, SMAD1 IP | GATA4 KD - Rep 5 ,,,
STAT1,ALOXE3,uterus,"STAT1 IP | IFNG - HeLa cells, 30 min",,,
IFNG,ALOXE3,uterus,"STAT1 IP | IFNG - HeLa cells, 30 min",,,
MTA3,ALOXE3,leukocytes,MTA3 IP - GM12878 cells,,,
EGR1,ALOXE3,stemcells,EGR1 IP - H1 cells,,,
MYBL2,ALOXE3,liver,MYBL2 IP - HepG2 cells,,,
BCL3,ALOXE3,lung,BCL3 IP - A549 cells,,,
TEAD4,ALOXE3,stemcells,TEAD4 IP - H1 cells,,,
NFYC,ALOXE3,colon,NFYC IP ,,,
E2F3,ALOXE3,colon,E2F3 IP ,,,
MYC,ALOXE3,uterus,MYC IP - HeLa cells,,,
REST,ALOXE3,lung,REST IP - A549 cells,,,
GATA3,ALOXE3,lung,GATA3 IP - A549 cells,,,
ATF3,ALOXE3,leukocytes,ATF3 IP - K562 cells,,,
FOXA2,ALOXE3,lung,FOXA2 IP - A549 cells,,,
ETS1,ALOXE3,lung,ETS1 IP - A549 cells,,,
EBF1,CYP1A2,leukocytes,EBF1 IP - GM12878 cells,,,
SIX2,CYP1A2,kidney,"SIX2 IP - 17 weeks, Rep 2, SIX2 IP -  16 weeks, SIX2 IP - 17 weeks, Rep 1",,,
MAFK,CYP1A2,liver,"MAFK IP - HepG2 cells, Rep 1, MAFK IP - HepG2 cells, Rep 2",,,
OTX2,CYP1A2,stemcells,"OTX2 IP - Rep 10 , OTX2 IP - Rep 3 , OTX2 IP - Rep 2 ",,,
RELA,CYP1A2,adiposetissue,"RELA IP, RELA IP",,,
NANOG,CYP1A2,stemcells,NANOG IP - Rep 5 ,,,
CEBPB,CYP1A2,stemcells,CEBPB IP,,,
MAFK,CYP1A2,lung,MAFK IP - IMR cells,,,
CTCF,CYP1A2,stemcells,CTCF IP - H1 cells ,,,
TEAD1,CYP1A2,cns,"TEAD1 IP - Rep 2, TEAD1 IP - Rep 1",,,
GATA3,CYP1A2,cns,GATA3 IP - SK-N-SH cells,,,
GATA2,CYP1A2,prostate,"FOXA1 + FBS | GATA2 ChIP-Seq, FOXA1 KD | GATA2 ChIP-Seq",,,
FOXA1,CYP1A2,prostate,"FOXA1 + FBS | GATA2 ChIP-Seq, FOXA1 KD | GATA2 ChIP-Seq",,,
TEAD4,CYP1A2,uterus,TEAD4 IP - ECC1 cells,,,
PBX3,CYP1A2,cns,PBX3 IP - SK-N-SH cells,,,
TCF12,CYP1A2,cns,TCF12 IP - SK-N-SH cells,,,
MAFK,CYP1A2,leukocytes,MAFK IP - K562 cells,,,
JUND,CYP1A2,cns,JUND IP - SK-N-SH cells,,,
JUND,CYP1A2,vasculature,JUND IP,,,
MAFK,CYP1A2,uterus,MAFK IP - HeLa cells,,,
MYC,CYP1A2,leukocytes,MYC IP - NB4 cells,,,
MAFF,CYP1A2,leukocytes,MAFF IP - K562 cells,,,
GATA3,CYP1A2,mammarygland,GATA3 IP - T47D cells,,,
TEAD4,CYP1A2,cns,TEAD4 IP - SK-N-SH cells,,,
MAX,CYP1A2,leukocytes,"MAX IP - NB4 cells, MAX IP - K562 cells",,,
MAFF,CYP1A2,liver,MAFF IP - HepG2 cells,,,
EGR1,CYP1A2,leukocytes,EGR1 IP - K562 cells,,,
NFKB1,CYP1A2,leukocytes,NFKB1 IP - Rep 2,,,
FOSL2,CYP1A2,cns,FOSL2 IP - SK-N-SH cells,,,
ZNF384,CYP1A2,leukocytes,ZNF384 IP - GM12878 cells,,,
SPI1,CYP1A2,leukocytes,SPI1 IP - HL cells,,,
RELA,CYP1A2,leukocytes,RELA IP | TNF - GM12891 cells,,,
TNF,CYP1A2,leukocytes,RELA IP | TNF - GM12891 cells,,,
MAX,CYP1A2,cns,MAX IP - SK-N-SH cells,,,
MYB,CYP2C19,leukocytes,"MYB IP - Jurkat, Rep 2, MYB IP - Jurkat, Rep 1, MYB IP - Jurkat, Rep 4, MYB IP - Jurkat, Rep 5, MYB IP - Jurkat, Rep 3",,,
NFKB1,CYP2C19,leukocytes,"NFKB1 IP - Rep 2, NFKB1 IP - Rep 1",,,
NANOG,CYP2C19,stemcells,NANOG IP - Rep 5 ,,,
CEBPB,CYP2C19,stemcells,"CEBPB IP, CEBPB IP, CEBPB IP, CEBPB IP",,,
NFYB,CYP2C19,leukocytes,"NFYB IP - GM12878 cells, NFYB IP - K562 cells",,,
SP1,CYP2C19,stemcells,SP1 IP - H1 cells,,,
FOXA2,CYP2C19,stemcells,"FOXA2 IP - ES D2, FOXA2 IP - ES D5",,,
MAX,CYP2C19,stemcells,MAX IP - H1 cells,,,
FOSL1,CYP2C19,stemcells,FOSL1 IP - H1 cells,,,
YY1,CYP2C19,stemcells,YY1 IP - H1 cells,,,
MAFK,CYP2C19,liver,"MAFK IP - HepG2 cells, Rep 2",,,
FOS,CYP2C19,leukocytes,FOS IP - K562 cells,,,
NFYA,CYP2C19,leukocytes,NFYA IP - K562 cells,,,
MAFF,CYP2C19,liver,MAFF IP - HepG2 cells,,,
ZNF143,CYP2C19,stemcells,ZNF143 IP - H1 cells,,,
FOXA1,CYP2C8,prostate,"PIAS1 + R1881 | FOXA1 ChIP-Seq - Rep 2, CREB1 siRNA | FOXA1 ChIP-Seq - Rep 2, DHT | FOXA1 ChIP-Seq, FOXA1 ChIP-Seq, R1881 | FOXA1 ChIP-Seq - Rep 2, FOXA1 ChIP-Seq - Rep 1, DHT | FOXA1 ChIP-Seq, EtOH | FOXA1 ChIP-Seq - , DHT | FOXA1 ChIP-Seq, FOXA1 ChIP-Seq, POU2F1 KD + DHT | FOXA1 ChIP-Seq, CON KD + R1881 | FOXA1 ChIP-Seq - Rep 2, FOXA1 ChIP-Seq, CON KD | FOXA1 ChIP-Seq, EtOH | FOXA1 ChIP-Seq - Rep 2, PIAS1 + R1881 | FOXA1 ChIP-Seq - Rep 1, FOXA1 ChIP-Seq - Rep 2, CON KD | FOXA1 ChIP-Seq, CREB1 siRNA | FOXA1 ChIP-Seq - Rep 1, FOXA1 ChIP-Seq - LNCaP-abl, FOXA1 ChIP-Seq, AR C562S OE + FOXA1 OE | FOXA1 ChIP-Seq, CON KD + R1881 | FOXA1 ChIP-Seq - Rep 1, R1881 | FOXA1 ChIP-Seq - Rep 1, DHT | FOXA1 ChIP-Seq, CON KD | FOXA1 ChIP-Seq, GATA2 KD + R1881 | FOXA1 ChIP-Seq",,,
R1881,CYP2C8,prostate,"PIAS1 + R1881 | FOXA1 ChIP-Seq - Rep 2, R1881 | FOXA1 ChIP-Seq - Rep 2, CON KD + R1881 | FOXA1 ChIP-Seq - Rep 2, PIAS1 + R1881 | FOXA1 ChIP-Seq - Rep 1, CON KD + R1881 | FOXA1 ChIP-Seq - Rep 1, R1881 | FOXA1 ChIP-Seq - Rep 1, GATA2 KD + R1881 | FOXA1 ChIP-Seq",,,
PIAS1,CYP2C8,prostate,"PIAS1 + R1881 | FOXA1 ChIP-Seq - Rep 2, PIAS1 + R1881 | FOXA1 ChIP-Seq - Rep 1",,,
FOXP1,CYP2C8,prostate,DHT | FOXP1 ChIP-Seq,,,
DHT,CYP2C8,prostate,"DHT | FOXP1 ChIP-Seq, DHT | FOXA1 ChIP-Seq, DHT | FOXA1 ChIP-Seq, DHT | FOXA1 ChIP-Seq, POU2F1 KD + DHT | FOXA1 ChIP-Seq, DHT | FOXA1 ChIP-Seq",,,
FOXA1,CYP2C8,mammarygland,"DEX | FOXA1 ChIP-Seq - Rep 1, FOXA1 ChIP-Seq - Rep 1, FOXA1 ChIP-Seq - Rep 2, 17BE2 | FOXA1 ChIP-Seq - Rep 2, 17BE2 | FOXA1 ChIP-Seq - Rep 1, FOXA1 ChIP-Seq - Rep 1, DEX | FOXA1 ChIP-Seq - Rep 2",,,
DEX,CYP2C8,mammarygland,"DEX | FOXA1 ChIP-Seq - Rep 1, DEX | FOXA1 ChIP-Seq - Rep 2",,,
CEBPB,CYP2C8,stemcells,"CEBPB IP, CEBPB IP, CEBPB IP, CEBPB IP, CEBPB IP, CEBPB IP, CEBPB IP",,,
CREB1,CYP2C8,prostate,"CREB1 siRNA | FOXA1 ChIP-Seq - Rep 2, CREB1 siRNA | FOXA1 ChIP-Seq - Rep 1",,,
17BE2,CYP2C8,mammarygland,"17BE2 | FOXA1 ChIP-Seq - Rep 2, 17BE2 | FOXA1 ChIP-Seq - Rep 1",,,
MYC,CYP2C8,mammarygland,DHT | MYC ChIP-Seq,,,
DHT,CYP2C8,mammarygland,DHT | MYC ChIP-Seq,,,
SPI1,CYP2C8,leukocytes,"SPI1 IP - K562 cells, SPI1 IP, SPI1 IP - HL cells, SPI1 IP - GM12878 cells",,,
CEBPB,CYP2C8,leukocytes,CEBPB IP,,,
IRF1,CYP2C8,colon,IRF1 IP ,,,
POU2F1,CYP2C8,prostate,POU2F1 KD + DHT | FOXA1 ChIP-Seq,,,
FOXP1,CYP2C8,colon,FOXP1 IP ,,,
KLF5,CYP2C8,stomach,KLF5 IP - KATOIII,,,
HOXA4,CYP2C8,colon,HOXA4 IP ,,,
FOXA2,CYP2C8,stemcells,"FOXA2 IP - ES D2, FOXA2 IP - ES D10",,,
CDX2,CYP2C8,colon,CDX2 IP | 125DVD3,,,
125DVD3,CYP2C8,colon,CDX2 IP | 125DVD3,,,
FOXA1,CYP2C8,liver,"FOXA1 IP - HepG2 cells, Rep 1",,,
MAX,CYP2C8,liver,MAX IP - MCF7 cells,,,
AR,CYP2C8,prostate,AR C562S OE + FOXA1 OE | FOXA1 ChIP-Seq,,,
E2F1,CYP2C8,mammarygland,E2F1 IP - MCF7 cells,,,
ZNF143,CYP2C8,stemcells,ZNF143 IP - H1 cells,,,
GATA2,CYP2C8,prostate,GATA2 KD + R1881 | FOXA1 ChIP-Seq,,,
FOXA1,CYP2C9,mammarygland,"17BE2 | FOXA1 ChIP-Seq - Rep 2, FOXA1 ChIP-Seq - Rep 1, DEX | FOXA1 ChIP-Seq - Rep 1, DEX | FOXA1 ChIP-Seq - Rep 2, 17BE2 | FOXA1 ChIP-Seq - Rep 1, FOXA1 ChIP-Seq - Rep 2",,,
17BE2,CYP2C9,mammarygland,"17BE2 | FOXA1 ChIP-Seq - Rep 2, 17BE2 | FOXA1 ChIP-Seq - Rep 1",,,
FOXA1,CYP2C9,prostate,"WT AR OE + FOXA1 OE | FOXA1 ChIP-Seq - high FOXA1, WT AR OE + FOXA1 OE | FOXA1 ChIP-Seq, AR C562S OE + FOXA1 OE | FOXA1 ChIP-Seq, FOXA1 ChIP-Seq, FOXA1 KD | GATA2 ChIP-Seq, FOXA1 ChIP-Seq - LNCaP-abl, AR Q640X OE + FOXA1 OE | FOXA1 ChIP-Seq",,,
AR,CYP2C9,prostate,"WT AR OE + FOXA1 OE | FOXA1 ChIP-Seq - high FOXA1, WT AR OE + FOXA1 OE | FOXA1 ChIP-Seq, AR C562S OE + FOXA1 OE | FOXA1 ChIP-Seq, AR Q640X OE + FOXA1 OE | FOXA1 ChIP-Seq",,,
ZNF143,CYP2C9,stemcells,ZNF143 IP - H1 cells,,,
PDX1,CYP2C9,pancreas,PDX1 IP,,,
ZBTB17,CYP2C9,bone,"ZBTB17 IP, ZBTB17 IP",,,
CEBPB,CYP2C9,stemcells,"CEBPB IP, CEBPB IP",,,
USF1,CYP2C9,colon,USF1 IP - HCT116 cells,,,
FOXA1,CYP2C9,lung,"FOXA1 IP - A549 cells, FOXA1 IP | DEX - A549 cells",,,
DEX,CYP2C9,mammarygland,"DEX | FOXA1 ChIP-Seq - Rep 1, DEX | FOXA1 ChIP-Seq - Rep 2",,,
GATA3,CYP2C9,mammarygland,"GATA3 IP - T47D cells, GATA3 IP - MCF7 cells",,,
FOXA1,CYP2C9,pancreas,"FOXA1 IP, FOXA1 IP | KLF5 KO",,,
KLF5,CYP2C9,pancreas,FOXA1 IP | KLF5 KO,,,
GATA2,CYP2C9,prostate,"GATA2 ChIP-Seq, FOXA1 KD | GATA2 ChIP-Seq",,,
CTCF,CYP2C9,kidney,"CTCF IP - RPTEC cells, Rep 2 ",,,
ZNF263,CYP2C9,kidney,ZNF263 IP - HEK293 cells,,,
CEBPB,CYP2C9,lung,CEBPB ChIP-Seq - A549,,,
DEX,CYP2C9,lung,FOXA1 IP | DEX - A549 cells,,,
MYC,CYP3A4,mammarygland,"MYC IP | 4HT - MCF10A cells, MYC IP - MCF-10A cells",,,
4HT,CYP3A4,mammarygland,"MYC IP | 4HT - MCF10A cells, STAT3 IP | 4HT - MCF10 cells, 36 h, FOS IP | 4HT - MCF10A cells, 12 h, FOS IP | 4HT - MCF10A cells, 4 h, STAT3 IP | 4HT - MCF10 cells, 12 h",,,
CEBPB,CYP3A4,lung,"CEBPB ChIP-Seq - A549, CEBPB ChIP-Seq - IMR90",,,
TP53,CYP3A4,bone,"TP53 IP | TP53EE/RR OE, TP53 IP | NUTL3, TP53 IP - Rep 2, TP53 IP | NUTL3 - SJSA-1",18474530,,
JUND,CYP3A4,vasculature,JUND IP,,,
STAT3,CYP3A4,mammarygland,"STAT3 IP | 4HT - MCF10 cells, 36 h, STAT3 IP - MCF10A cells, Rep 2, STAT3 IP - MCF10A cells, Rep 1, STAT3 IP | 4HT - MCF10 cells, 12 h",,,
JUND,CYP3A4,cns,JUND IP - SK-N-SH cells ,,,
JUN,CYP3A4,liver,JUN IP - HepG2 cells,,,
FOS,CYP3A4,mammarygland,"FOS IP | 4HT - MCF10A cells, 12 h, FOS IP | 4HT - MCF10A cells, 4 h",,,
CTCF,CYP3A4,leukocytes,"CTCF IP - K562 cells, CTCF IP - K562 cells, Rep 16 , CTCF IP - K562 cells, Rep 12 , CTCF IP - K562 cells, Rep 14 , CTCF IP - GM19239 cells, Rep 1 ",,,
SPI1,CYP3A4,leukocytes,"SPI1 IP - K562 cells, SPI1 IP - HL cells, SPI1 IP, SPI1 IP - GM12878 cells, SPI1 IP, SPI1 IP, SPI1 IP, SPI1 IP",,,
CEBPB,CYP3A4,stemcells,"CEBPB IP, CEBPB IP, CEBPB IP, CEBPB IP",,,
TP53,CYP3A4,skin,"TP53 IP, TP53 IP - Adriam, TP53 IP",,,
TP53,CYP3A4,mammarygland,TP53 IP | NUTL3 - MCF-7,,,
CTCF,CYP3A4,stemcells,CTCF IP - H1 cells ,,,
CEBPB,CYP3A4,leukocytes,"CEBPB IP - K562 cells, CEBPB ChIP-Seq - K562",,,
NUTL3,CYP3A4,bone,TP53 IP | NUTL3,,,
GABPA,CYP3A4,leukocytes,"GABPA IP - Jurkat, Rep 2, GABPA IP - Jurkat, Rep 1",,,
MAX,CYP3A4,liver,MAX IP - HepG2 cells,,,
CEBPB,CYP3A4,liver,"CEBPB IP - HepG2 cells, CEBPB ChIP-Seq - HepG2",,,
JUN,CYP3A4,leukocytes,"JUN IP - K562 cells, Rep 1, JUN IP - K562 cells, Rep 2, JUN IP | IFNG - K562 cells, 6 h, JUN IP | IFNG - K562 cells, 30 min",,,
JUND,CYP3A4,leukocytes,JUND IP - K562 cells,,,
SMAD1,CYP3A4,hspcs,SMAD1 IP - Rep 3,,,
CTCF,CYP3A4,liver,"CTCF IP - SK-N-SH cells, CTCF IP - HepG2 cells , CTCF IP",,,
TP73,CYP3A4,bone,"TP73 IP - beta isoform, Rep 2",,,
GATA3,CYP3A4,mammarygland,GATA3 IP - MCF7 cells,,,
IFNG,CYP3A4,leukocytes,"JUN IP | IFNG - K562 cells, 6 h, JUN IP | IFNG - K562 cells, 30 min",,,
CEBPB,CYP3A4,uterus,CEBPB ChIP-Seq - HeLaS3,,,
TP63,CYP3A4,lung,TP63 IP - HCC95,,,
TP63,CYP3A4,skin,"TP63 IP, TP63 IP | BANF1 KD, TP63 IP, TP63 IP",,,
JUND,CYP3A4,liver,JUND IP - HepG2 cells,,,
FOXA1,CYP3A4,liver,"FOXA1 IP - HepG2 cells, Rep 2, FOXA1 IP - HepG2 cells, Rep 1",,,
EGR1,CYP3A4,leukocytes,EGR1 IP - K562 cells,,,
CEBPB,CYP3A4,colon,CEBPB IP | 125DVD3,,,
125DVD3,CYP3A4,colon,"CEBPB IP | 125DVD3, CDX2 IP | 125DVD3",,,
TP53,CYP3A4,leukocytes,TP53 IP - Doxo DNA damage,,,
CREB1,CYP3A4,liver,CREB1 IP - HepG2 cells,,,
BANF1,CYP3A4,skin,TP63 IP | BANF1 KD,,,
JUN,CYP3A4,vasculature,JUN IP,,,
CDX2,CYP3A4,colon,CDX2 IP | 125DVD3,,,
GATA2,CYP3A4,cns,GATA2 ChIP-Seq SH-SY5Y,,,
FOXA2,CYP3A4,liver,FOXA2 IP - HepG2 cells,,,
CREB1,CYP4A11,liver,CREB1 IP - HepG2 cells,,,
CDX2,CYP4A11,colon,"CDX2 IP | 125DVD3, CDX2 IP",,,
125DVD3,CYP4A11,colon,"CDX2 IP | 125DVD3, CEBPB IP | 125DVD3",,,
CTCF,CYP4A11,bone,CTCF IP - Osteoblasts ,,,
CTCF,CYP4A11,vasculature,"CTCF IP - HUVEC cells, Rep 2 , CTCF IP - HPAF cells, Rep 1 , CTCF IP - AoAFC cells, Rep 1 , CTCF IP - HUVEC cells, Rep 1 , CTCF IP - AoAFC cells, Rep 2 , CTCF IP - HBMEC cells, Rep 1 , CTCF IP - HUVEC cells , CTCF IP - HPAF cells, Rep 2 , CTCF IP - HBMEC cells, Rep 2 ",,,
FOXA1,CYP4A11,mammarygland,"TNF | FOXA1 ChIP-Seq - Rep 2, 17BE2 + TNF | FOXA1 ChIP-Seq - Rep 1, 17BE2 + TNF | FOXA1 ChIP-Seq - Rep 2, DHT | FOXA1 ChIP-Seq",,,
TNF,CYP4A11,mammarygland,TNF | FOXA1 ChIP-Seq - Rep 2,,,
CTCF,CYP4A11,mammarygland,"CTCF IP - HMF cells, Rep 2 , CTCF IP - MCF-7 cells Rep 2 , CTCF IP - HMEC cells , CTCF IP - MCF-7 cells, Rep 1 , CTCF IP - HMF cells, Rep 1 , CTCF IP - HMEC cells, Rep 2 , CTCF IP - HMEC cells, Rep 1 , CTCF IP - MCF7 cells",,,
FOXA1,CYP4A11,prostate,"FOXA1 ChIP-Seq - Rep 2, CON KD + R1881 | FOXA1 ChIP-Seq - Rep 1, PIAS1 + R1881 | FOXA1 ChIP-Seq - Rep 2, FOXA1 ChIP-Seq, PIAS1 + R1881 | FOXA1 ChIP-Seq - Rep 1, DHT | FOXA1 ChIP-Seq, R1881 | FOXA1 ChIP-Seq - Rep 2, R1881 | FOXA1 ChIP-Seq - Rep 1, FOXA1 ChIP-Seq - LNCaP-abl, CON KD + R1881 | FOXA1 ChIP-Seq - Rep 2, GATA2 KD  | FOXA1 ChIP-Seq",,,
CTCF,CYP4A11,leukocytes,"CTCF IP - UT-7 cells, Rep 3 , CTCF IP - GM12865 cells, Rep 3 , CTCF IP - GM10847 cells, Rep 2 , CTCF IP - KU812 cells, Rep 13 , CTCF IP - KU812 cells, Rep 5 , CTCF IP - GM12870 cells , CTCF IP - GM19099 cells, Rep 1 , CTCF IP - F36P cells, Rep 6 , CTCF IP - GM12867 cells , CTCF IP - GM18486 cells, Rep 3 , CTCF IP - GM19099 cells, Rep 2 , CTCF IP - GM12890 cells, Rep 1 , CTCF IP - GM2255 cells, Rep 2 , CTCF IP - GM12873 cells, Rep 1 , CTCF IP - K562 cells, Rep 11 , CTCF IP - K562 cells, Rep 1 , CTCF IP - GM06990 cells, Rep 1 , CTCF IP - F36P cells, Rep 15 , CTCF IP - GM12865 cells, Rep 2 , CTCF IP - GM12890 cells, Rep 2 , CTCF IP - GM2255 cells, Rep 1 , CTCF IP - MS1 cells, Rep 3 , CTCF IP - GM2630 cells, Rep 2 , CTCF IP - GM12872 cells, Rep 3 , CTCF IP - K562 cells, CTCF IP - GM12878 cells, Rep 1 , CTCF IP - HL , CTCF IP - GM11994 cells, Rep 1, CTCF IP - GM12864 cells, Rep 2 , CTCF IP - GM19239 cells, Rep 1 , CTCF IP - GM19240 cells, Rep 2 , CTCF IP - GM12878 cells, Rep 2 , CTCF IP - GM12891 cells, Rep 1 , CTCF IP - MS1 cells, Rep 4 , CTCF IP - GM12875 cells, Rep 1 , CTCF IP - GM12154 cells, Rep 1, CTCF IP - GM12864 cells, Rep 1 , CTCF IP - GM18486 cells, Rep 1 , CTCF IP - GM12873 cells, Rep 3 , CTCF IP - GM12869 cells , CTCF IP - HeLa cells, Rep 2 , CTCF ChIP-Seq - GM12878, CTCF IP - K562 cells, Rep 15 , CTCF IP - GM2588 cells, Rep 2 , CTCF IP - GM19238 cells, Rep 1 , CTCF IP - GM2610 cells, Rep 2 , CTCF IP - NB4 cells , CTCF IP - GM12865 cells, Rep 1 , CTCF IP - GM12871 cells , CTCF IP - GM2255 cells, Rep 3 , CTCF IP - GM2588 cells, Rep 3 , CTCF IP - GM10847 cells, Rep 1 , CTCF IP - GM12868 cells , CTCF IP -  DND , CTCF IP - GM12873 cells, Rep 1 , CTCF IP - K562 cells , CTCF IP - GM18526 cells, Rep 2 , CTCF IP - GM12874 cells, Rep 2 , CTCF IP - GM19238 cells, Rep 2 , CTCF IP - GM12872 cells, Rep 1 , CTCF IP - K562 cells, Rep 12 , CTCF IP - GM18505 cells, Rep 2 , CTCF IP - F36P cells, Rep 3 , CTCF IP - GM12878 cells, Rep 2 , CTCF IP - GM12864 cells, Rep 3 , CTCF IP - GM12890 cells, Rep 3 , CTCF IP - KU812 cells, Rep 9 , CTCF IP - MS1 cells, Rep 1 , CTCF IP - HL-60 cells, Rep 7 , CTCF IP - GM19193 cells, Rep 1 , CTCF IP - GM12875 cells, Rep 2 , CTCF IP - GM18951 cells, Rep 1 , CTCF IP - GM2610 cells, Rep 1 , CTCF IP - GM12892 cells, Rep 1 , CTCF IP - GM12892 cells, Rep 2 , CTCF IP - GM19240 cells, Rep 1 , CTCF IP - GM12814 cells, Rep 1, CTCF IP - GM12154 cells, Rep 2, CTCF IP - K562 cells, CTCF IP - GM12866 cells , CTCF IP - MS1 cells, Rep 2 , CTCF IP - GM12878 cells , CTCF IP - GM2630 cells, Rep 3 , CTCF IP - GM2588 cells, Rep 1 , CTCF IP - GM18526 cells, Rep 1 , CTCF IP - K562 cells, Rep 14 , CTCF IP - GM06990 cells, Rep 2 , CTCF IP - GM2610 cells, Rep 3 , CTCF IP - K562 cells, Rep 13 , CTCF IP, CTCF IP - GM06986 cells, CTCF IP - F36P cells, Rep 10 , CTCF IP - GM19239 cells, Rep 2 , CTCF IP - GM18505 cells, Rep 1 , CTCF IP - GM12874 cells, Rep 1 , CTCF IP - GM12891 cells, Rep 2 , CTCF IP - K562 cells, Rep 2 , CTCF IP - F36P cells, Rep 7 , CTCF IP - K562 cells, Rep 16 , CTCF IP - GM11994 cells, Rep 2, CTCF IP - GM12872 cells, Rep 2 , CTCF IP - GM2630 cells, Rep 1 ",,,
R1881,CYP4A11,prostate,"CON KD + R1881 | FOXA1 ChIP-Seq - Rep 1, PIAS1 + R1881 | FOXA1 ChIP-Seq - Rep 2, PIAS1 + R1881 | FOXA1 ChIP-Seq - Rep 1, R1881 | FOXA1 ChIP-Seq - Rep 2, R1881 | FOXA1 ChIP-Seq - Rep 1, CON KD + R1881 | FOXA1 ChIP-Seq - Rep 2",,,
JUND,CYP4A11,liver,"JUND IP - HepG2 cells, JUND IP - HepG2 cells",,,
NANOG,CYP4A11,stemcells,NANOG IP - H1 cells,,,
CTCF,CYP4A11,lung,"CTCF IP - NHLF cells , CTCF IP - SAEC cells, Rep 1 , CTCF IP | DEX - A549 cells , CTCF IP - SAEC cells, Rep 2 , CTCF IP - A549 cells , CTCF IP - AG04450 cells, Rep 1 , CTCF ChIP-Seq - A549, CTCF IP - A549 cells, CTCF IP - A549 cells, Rep 1 , CTCF IP | DEX - A549 cells, CTCF IP - A549 cells, Rep 2 ",,,
CEBPB,CYP4A11,liver,"CEBPB IP - HepG2 cells, CEBPB ChIP-Seq - HepG2",,,
SPI1,CYP4A11,leukocytes,"SPI1 IP, SPI1 IP, SPI1 IP, SPI1 IP - GM12878 cells, SPI1 IP",,,
CTCF,CYP4A11,cns,"CTCF IP - HCPEpiC cells, Rep 1 , CTCF IP - BE(2)-C cells, Rep 2 , CTCF IP - spinal cord astrocyte cells, Rep 2 , CTCF IP - SK-N-SH cells, Rep 2 , CTCF IP - cerebellar astrocyte cells, Rep 1 , CTCF IP - SK-N-SH cells , CTCF IP - HCPEpiC cells, Rep 2 , CTCF IP - BE(2)-C cells, Rep 1 , CTCF IP - spinal cord astrocyte cells, Rep 1 , CTCF IP - SK cells, CTCF IP - cerebellar astrocyte cells, Rep 2 , CTCF IP - SK-N-SH cells, Rep 1 , CTCF IP - NHA cells ",,,
FOS,CYP4A11,mammarygland,"FOS IP | 4HT - MCF10A cells, 4 h, FOS IP - MCF10A cells, FOS IP | 4HT - MCF10A cells, 36 h, FOS IP | 4HT - MCF10A cells, 12 h",,,
4HT,CYP4A11,mammarygland,"FOS IP | 4HT - MCF10A cells, 4 h, MYC IP | 4HT - MCF10A cells, FOS IP | 4HT - MCF10A cells, 36 h, FOS IP | 4HT - MCF10A cells, 12 h",,,
CTCF,CYP4A11,miscellaneous,"CTCF IP - AG09319 cells, Rep 1 , CTCF IP - AG09319 cells, Rep 2 ",,,
CTCF,CYP4A11,sensory,"CTCF IP - WERI-Rb-1- cells, Rep 1 , CTCF IP - HRPEpiC cells, Rep 1 , CTCF IP - HRPEpiC cells, Rep 2 , CTCF IP - WERI ",,,
CTCF,CYP4A11,liver,"CTCF IP - HepG2 cells , CTCF IP, CTCF IP - SK-N-SH cells, CTCF IP - HepG2 cells, Rep 2 , CTCF IP - HepG2 cells, Rep 1 ",,,
CTCF,CYP4A11,hspcs,"CTCF IP - Erythroid cells, Rep 1, CTCF IP - HEL 92.1.7 cells, Rep 11 , CTCF IP - HSPCs, Rep 2, CTCF IP - HEL 92.1.7 cells, Rep 2 , CTCF IP - HEL 92.1.7 cells, Rep 14 , CTCF IP - HEL 92.1.7 cells, Rep 8 , CTCF IP - HEL 92.1.7 cells, Rep 5 ",,,
PIAS1,CYP4A11,prostate,"PIAS1 + R1881 | FOXA1 ChIP-Seq - Rep 2, PIAS1 + R1881 | FOXA1 ChIP-Seq - Rep 1",,,
GATA3,CYP4A11,mammarygland,"GATA3 IP - T47D cells, GATA3 IP - MCF7 cells",,,
17BE2; TNF,CYP4A11,mammarygland,"17BE2 + TNF | FOXA1 ChIP-Seq - Rep 1, 17BE2 + TNF | FOXA1 ChIP-Seq - Rep 2, 17BE2 + TNF | RELA Chip-Seq - Rep 2",,,
CTCF,CYP4A11,stemcells,"CTCF IP - Rep 5 , CTCF IP - Rep 4 , CTCF IP - H1 cells, CTCF IP - Rep 3 , CTCF IP - Rep 2 , CTCF IP - Rep 1 , CTCF IP - Rep 7 , CTCF IP - H1 cells , CTCF IP - Rep 6 ",,,
CTCF,CYP4A11,colon,"CTCF IP - HCT116 cells, Rep 1 , CTCF IP - Caco , CTCF IP - HCT116 cells, Rep 2 , CTCF IP - Caco-2 cells, Rep 1 , CTCF IP - Rep 2 , CTCF IP - HCT116 cells",,,
SRF,CYP4A11,stemcells,"SRF IP - Rep 7 , SRF IP - Rep 3 , SRF IP - Rep 4 , SRF IP - Rep 1 , SRF IP - Rep 6 , SRF IP - Rep 5 , SRF IP - Rep 2 ",,,
CTCF,CYP4A11,heart,"CTCF IP - myocytes cells, Rep 2 , CTCF IP - myocytes cells, Rep 1 , CTCF IP - HCF cells ",,,
CTCF,CYP4A11,megakaryocytelineage,"CTCF IP - MEG-01 cells, Rep 2 , CTCF IP - MEG-01 cells, Rep 10 , CTCF IP - MEG-01 cells, Rep 8 , CTCF IP - MEG-01 cells, Rep 4 , CTCF IP - MEG-01 cells, Rep 6 ",,,
FOXA1,CYP4A11,liver,"FOXA1 IP - HepG2 cells, Rep 1, FOXA1 IP - HepG2 cells, Rep 2",,,
CTCF,CYP4A11,skin,"CTCF IP - AG10803 cells, Rep 1 , CTCF IP - GM12878 cells, Rep 2 , CTCF IP - NHEK cells , CTCF IP - AG04449 cells, Rep 1 , CTCF IP - AG10803 cells, Rep 2 , CTCF IP - HFFC cells, Rep 3 , CTCF IP - AG04449 cells, Rep 2 , CTCF IP - HFFC cells, Rep 2 , CTCF IP - BJ cells, Rep 1 , CTCF IP - NHEK cells, Rep 2 , CTCF IP - BJ cells, Rep 2 , CTCF IP - HFFC cells, Rep 1 , CTCF IP - NHDF cells ",,,
CEBPB,CYP4A11,stemcells,"CEBPB IP, CEBPB IP",,,
SMAD1,CYP4A11,hspcs,SMAD1 IP - Rep 3,,,
CTCF,CYP4A11,kidney,"CTCF IP - HEK293 cells, Rep 1 , CTCF IP - HRE cells, Rep 1 , CTCF IP - RPTEC cells, Rep 1 , CTCF IP - RPTEC cells, Rep 2 , CTCF IP - HEK293 cells, Rep 2 , CTCF IP - HRE cells, Rep 2 ",,,
TEAD4,CYP4A11,stemcells,TEAD4 IP - H1 cells,,,
FOXA1,CYP4A11,lung,FOXA1 IP - A549 cells,,,
CTCF,CYP4A11,placenta,"CTCF IP - HVMF cells, Rep 2 ",,,
GATA3,CYP4A11,cns,GATA3 IP - SK-N-SH cells,,,
CTCF,CYP4A11,pancreas,CTCF IP,,,
MAX,CYP4A11,colon,MAX IP - HCT116 cells,,,
ATF2,CYP4A11,stemcells,ATF2 IP - H1 cells,,,
FOXA1,CYP4A11,stemcells,FOXA1 IP - Rep 5 ,,,
DEX,CYP4A11,lung,"CTCF IP | DEX - A549 cells , CTCF IP | DEX - A549 cells",,,
CTCF,CYP4A11,uterus,"CTCF IP - ECC1 cells, CTCF IP - HeLa cells ",,,
MYC,CYP4A11,mammarygland,"MYC IP | 4HT - MCF10A cells, MYC IP - MCF-10A cells",,,
FOXA2,CYP4A11,liver,FOXA2 IP - HepG2 cells,,,
FOSL2,CYP4A11,liver,FOSL2 IP - HepG2 cells,,,
DHT,CYP4A11,prostate,DHT | FOXA1 ChIP-Seq,,,
TCF12,CYP4A11,cns,TCF12 IP - SK-N-SH cells,,,
JUND,CYP4A11,stemcells,"JUND IP - H1 cells, JUND IP - H1 cells",,,
PBX3,CYP4A11,cns,PBX3 IP - SK-N-SH cells,,,
TEAD4,CYP4A11,uterus,TEAD4 IP - ECC1 cells,,,
ZNF143,CYP4A11,leukocytes,ZNF143 IP - K562 cells,,,
E2F6,CYP4A11,stemcells,E2F6 IP - H1 cells,,,
YY1,CYP4A11,stemcells,YY1 IP - H1 cells,,,
CREB1,CYP4A11,stemcells,CREB1 IP - H1 cells,,,
SIX2,CYP4A11,kidney,"SIX2 IP - 17 weeks, Rep 1, SIX2 IP - 17 weeks, Rep 2",,,
SP1,CYP4A11,liver,SP1 IP - HepG2 cells,,,
EGR1,CYP4A11,leukocytes,EGR1 IP - K562 cells,,,
RELA,CYP4A11,mammarygland,17BE2 + TNF | RELA Chip-Seq - Rep 2,,,
NFKB1,CYP4A11,leukocytes,"NFKB1 IP - Rep 1, NFKB1 IP - Rep 2",,,
MAX,CYP4A11,stemcells,MAX IP - H1 cells,,,
CEBPB,CYP4A11,colon,"CEBPB IP, CEBPB IP | 125DVD3",,,
CTCF,CYP4A11,skeletalmuscle,"CTCF IP - HSMM cells, Rep 1 , CTCF IP - HSMM cells, Rep 2 ",,,
ELF1,CYP4A11,leukocytes,ELF1 IP - SK-N-SH cells,,,
ZNF143,CYP4A11,stemcells,ZNF143 IP - H1 cells,,,
CTCF,CYP4A11,adiposetissue,"CTCF ChIP-Seq - d 9, CTCF ChIP-Seq - d -2, CTCF ChIP-Seq - d 0",,,
GATA2,CYP4A11,prostate,GATA2 KD  | FOXA1 ChIP-Seq,,,
CTCF,CYP4A11,esophagus,"CTCF IP - HEEpiC cells, Rep 1 , CTCF IP - HEEpiC cells, Rep 2 ",,,
DHT,CYP4A11,mammarygland,DHT | FOXA1 ChIP-Seq,,,
SP1,CYP4A11,stemcells,SP1 IP - H1 cells,,,
GABPA,CYP4A11,stemcells,GABPA IP - H1 cells,,,
JUND,CYP4A11,leukocytes,JUND IP - K562 cells,,,
CTCF,PTGS1,kidney,"CTCF IP - RPTEC cells, Rep 1 , CTCF IP - HEK293 cells, Rep 2 , CTCF IP - HEK293 cells, Rep 1 , CTCF IP - RPTEC cells, Rep 2 , CTCF IP - HRE cells, Rep 1 , CTCF IP - HRE cells, Rep 2 ",,,
CTCF,PTGS1,adiposetissue,"CTCF ChIP-Seq - d 0, CTCF ChIP-Seq - d -2, CTCF ChIP-Seq - d 3, CTCF ChIP-Seq - d 9",,,
FOXA2,PTGS1,embryonictissue,"FOXA2 IP - Rep 2, FOXA2 IP - Rep 1",,,
CEBPB,PTGS1,stemcells,"CEBPB IP, CEBPB IP, CEBPB IP, CEBPB IP, CEBPB IP",,,
FOXA1,PTGS1,prostate,"GATA2 KD  | FOXA1 ChIP-Seq, FOXA1 ChIP-Seq, FOXA1 ChIP-Seq - Rep 1, FOXA1 ChIP-Seq - LNCaP, DHT | FOXA1 ChIP-Seq, CON KD | FOXA1 ChIP-Seq, FOXA1 ChIP-Seq - C4- Rep 2B, POU2F1 KD + DHT | FOXA1 ChIP-Seq, CON KD  | FOXA1 ChIP-Seq, CON KD + R1881 | FOXA1 ChIP-Seq - Rep 1, FOXA1 ChIP-Seq - Rep 2, EtOH | FOXA1 ChIP-Seq - , FOXA1 ChIP-Seq - Rep 2, CREB1 siRNA | FOXA1 ChIP-Seq - Rep 1, DHT | FOXA1 ChIP-Seq, GATA2 KD + R1881 | FOXA1 ChIP-Seq, R1881 | FOXA1 ChIP-Seq - Rep 2, FOXA1 KD | FOXA1 ChIP-Seq, CON KD | FOXA1 ChIP-Seq, CON KD + R1881 | FOXA1 ChIP-Seq - Rep 2, FOXA1 KD | FOXA1 ChIP-Seq, FOXA1 KD | GATA2 ChIP-Seq, FOXA1 ChIP-Seq - LNCaP-abl, PIAS1 + R1881 | FOXA1 ChIP-Seq - Rep 2, FOXA1 ChIP-Seq, DHT | FOXA1 ChIP-Seq - C4- Rep 2B, FOXA1 KD | FOXA1 ChIP-Seq - Rep 1, PIAS1 + R1881 | FOXA1 ChIP-Seq - Rep 1, FOXA1 ChIP-Seq - Rep 1, CREB1 siRNA | FOXA1 ChIP-Seq - Rep 2, FOXA1 ChIP-Seq, CON KD | FOXA1 ChIP-Seq, EtOH | FOXA1 ChIP-Seq - Rep 2, FOXA1 + FBS | GATA2 ChIP-Seq, FOXA1 KD | FOXA1 ChIP-Seq - Rep 2, CON KD + R1881 | FOXA1 ChIP-Seq, FOXA1 ChIP-Seq, R1881 | FOXA1 ChIP-Seq - Rep 1",,,
GATA2,PTGS1,prostate,"GATA2 KD  | FOXA1 ChIP-Seq, GATA2 KD + R1881 | GATA2 ChIP-Seq, GATA2 ChIP-Seq - Rep 2, CON KD + R1881 | GATA2 ChIP-Seq, CON KD  | GATA2 ChIP-Seq, GATA2 ChIP-Seq - Rep 1, GATA2 KD + R1881 | FOXA1 ChIP-Seq, CON KD + FBS | GATA2 ChIP-Seq, FOXA1 KD | GATA2 ChIP-Seq, CON KD | GATA2 ChIP-Seq, FOXA1 + FBS | GATA2 ChIP-Seq, GATA2 ChIP-Seq, GATA2 KD  | GATA2 ChIP-Seq",,,
R1881,PTGS1,prostate,"GATA2 KD + R1881 | GATA2 ChIP-Seq, CON KD + R1881 | GATA2 ChIP-Seq, CON KD + R1881 | FOXA1 ChIP-Seq - Rep 1, GATA2 KD + R1881 | FOXA1 ChIP-Seq, R1881 | FOXA1 ChIP-Seq - Rep 2, CON KD + R1881 | FOXA1 ChIP-Seq - Rep 2, PIAS1 + R1881 | FOXA1 ChIP-Seq - Rep 2, PIAS1 + R1881 | FOXA1 ChIP-Seq - Rep 1, CON KD + R1881 | FOXA1 ChIP-Seq, R1881 | FOXA1 ChIP-Seq - Rep 1",,,
CTCF,PTGS1,leukocytes,"CTCF IP - NB4 cells , CTCF IP - GM12891 cells, Rep 2 , CTCF IP - GM19240 cells, Rep 1 , CTCF IP - GM2630 cells, Rep 1 , CTCF IP - K562 cells, Rep 14 , CTCF IP - F36P cells, Rep 19 , CTCF IP - HeLa cells, Rep 2 , CTCF IP -  CD20+ cells , CTCF IP - GM19099 cells, Rep 2 , CTCF IP - GM19099 cells, Rep 1 , CTCF IP - GM12878 cells , CTCF IP - F36P cells, Rep 7 , CTCF IP - K562 cells, Rep 16 , CTCF IP - GM18505 cells, Rep 1 , CTCF IP - GM12814 cells, Rep 1, CTCF IP - GM12878 cells, Rep 1 , CTCF IP - GM19239 cells, Rep 2 , CTCF IP - GM12878 cells, Rep 1 , CTCF IP - GM12864 cells, Rep 3 , CTCF IP - KU812 cells, Rep 5 , CTCF IP - GM19239 cells, Rep 1 , CTCF IP - GM12874 cells, Rep 2 , CTCF IP - K562 cells, Rep 15 , CTCF IP - GM10847 cells, Rep 2 , CTCF IP - GM2255 cells, Rep 1 , CTCF IP - GM12890 cells, Rep 2 , CTCF IP - GM12874 cells, Rep 1 , CTCF IP - F36P cells, Rep 14 , CTCF IP - CD14+ cells , CTCF IP - GM18951 cells, Rep 2 , CTCF IP - GM12891 cells, Rep 1 , CTCF IP - MS1 cells, Rep 4 , CTCF ChIP-Seq - GM12878, CTCF IP - GM06990 cells, Rep 2 , CTCF IP - GM18526 cells, Rep 2 , CTCF IP - GM2588 cells, Rep 2 , CTCF IP - K562 cells, Rep 2 , CTCF IP - GM18505 cells, Rep 2 , CTCF IP - GM18486 cells, Rep 1 , CTCF IP - GM12871 cells , CTCF IP - F36P cells, Rep 2 , CTCF IP - GM12867 cells , CTCF IP - GM18951 cells, Rep 1 , CTCF IP - GM12870 cells , CTCF IP - GM2610 cells, Rep 1 , CTCF IP - K562 cells, Rep 12 , CTCF IP - GM12892 cells, Rep 1 , CTCF IP - GM2610 cells, Rep 3 , CTCF IP - GM2588 cells, Rep 3 , CTCF IP - GM12872 cells, Rep 3 , CTCF IP -  DND , CTCF IP - GM12864 cells, Rep 2 , CTCF IP - K562 cells, CTCF IP - HL , CTCF IP - MS1 cells, Rep 2 , CTCF IP - GM12890 cells, Rep 3 , CTCF IP - GM2630 cells, Rep 3 , CTCF IP - MS1 cells, Rep 1 , CTCF IP - K562 cells, CTCF IP - GM12864 cells, Rep 1 , CTCF IP - GM12892 cells, Rep 2 , CTCF IP - GM12873 cells, Rep 3 , CTCF IP - F36P cells, Rep 15 , CTCF IP - GM12875 cells, Rep 1 , CTCF IP - GM18486 cells, Rep 3 , CTCF IP - GM12890 cells, Rep 1 , CTCF IP - K562 cells, Rep 13 , CTCF IP - GM11994 cells, Rep 2, CTCF IP - GM11831 cells, CTCF IP - GM19193 cells, Rep 2 , CTCF IP - GM12869 cells , CTCF IP - F36P cells, Rep 10 , CTCF IP - GM12878 cells, Rep 2 , CTCF IP - F36P cells, Rep 6 , CTCF IP - GM12872 cells, Rep 1 , CTCF IP - F36P cells, Rep 5 , CTCF IP - GM11994 cells, Rep 1, CTCF IP - GM2255 cells, Rep 2 , CTCF IP - K562 cells , CTCF IP - K562 cells, Rep 11 , CTCF IP - UT-7 cells, Rep 3 , CTCF IP - KU812 cells, Rep 13 , CTCF IP - MS1 cells, Rep 3 , CTCF IP - GM2630 cells, Rep 2 , CTCF IP - GM12866 cells , CTCF IP - GM19240 cells, Rep 2 , CTCF IP - GM12878 cells, Rep 2 , CTCF IP - KU812 cells, Rep 9 , CTCF IP - GM19238 cells, Rep 2 , CTCF IP - GM12873 cells, Rep 1 , CTCF IP - GM19238 cells, Rep 1 , CTCF IP - GM12872 cells, Rep 2 , CTCF IP - GM12868 cells , CTCF IP - GM2610 cells, Rep 2 , CTCF IP - F36P cells, Rep 11 , CTCF IP - F36P cells, Rep 3 , CTCF IP - GM2255 cells, Rep 3 , CTCF IP - GM12865 cells, Rep 2 , CTCF IP - GM06986 cells, CTCF IP - GM10847 cells, Rep 1 , CTCF IP - F36P cells, Rep 1 , CTCF IP - GM18526 cells, Rep 1 , CTCF IP - K562 cells, Rep 1 , CTCF IP - GM19193 cells, Rep 1 , CTCF IP - KU812 cells, Rep 1 ",,,
CEBPB,PTGS1,bone,"CEBPB IP, CEBPB IP",,,
CEBPB,PTGS1,lung,"CEBPB ChIP-Seq - IMR90, CEBPB IP - A549 cells",,,
CTCF,PTGS1,colon,"CTCF IP - HCT116 cells, Rep 2 , CTCF IP - HCT116 cells, Rep 1 , CTCF IP - HCT116 cells",,,
MAFK,PTGS1,lung,MAFK IP - IMR cells,,,
SPI1,PTGS1,leukocytes,"SPI1 IP, SPI1 IP, SPI1 IP | RUNX1 KD, SPI1 IP - K562 cells, SPI1 IP - U-937 cells, Rep 2 , SPI1 IP - HL-60 cells, Rep 4 , SPI1 IP, SPI1 IP, SPI1 IP - U-937 cells, Rep 4 , SPI1 IP - GM12891 cells, SPI1 IP - GM12878 cells, SPI1 IP, SPI1 IP, SPI1 IP - GM12878 cells, Rep 2 , SPI1 IP, SPI1 IP - HL cells, ROSI | SPI1 ChIP-Seq, SPI1 IP, SPI1 IP - U-937 cells, Rep 1 ",,,
FOXA1,PTGS1,stemcells,"FOXA1 IP - Rep 5 , FOXA1 IP - Rep 2 , FOXA1 IP - ES D5, FOXA1 IP - Rep 4 , FOXA1 IP - Rep 1 ",,,
TEAD4,PTGS1,mammarygland,"TEAD4 IP - Rep 1, TEAD4 IP - Rep 2",,,
FOXA1,PTGS1,mammarygland,"17BE2 | FOXA1 ChIP-Seq - Rep 1, DEX | FOXA1 ChIP-Seq - Rep 2, DHT | FOXA1 ChIP-Seq, 17BE2 | FOXA1 ChIP-Seq - Rep 2, TNF | FOXA1 ChIP-Seq - Rep 2, FOXA1 ChIP-Seq - Rep 1, FOXA1 IP - T47D cells, FOXA1 ChIP-Seq - Rep 1, 17BE2 + TNF | FOXA1 ChIP-Seq - Rep 2, FOXA1 ChIP-Seq - Rep 2, FOXA1 ChIP-Seq - Rep 1, FOXA1 ChIP-Seq - Rep 1, 17BE2 | FOXA1 ChIP-Seq - Rep 2, DEX | FOXA1 ChIP-Seq - Rep 1, 17BE2 | FOXA1 ChIP-Seq, DEX | FOXA1 ChIP-Seq - Rep 2, 17BE2 + TNF | FOXA1 ChIP-Seq - Rep 1, 17BE2 | FOXA1 ChIP-Seq - Rep 1, 17BE2 | FOXA1 ChIP-Seq - Rep 2, FOXA1 ChIP-Seq - Rep 2, TNF | FOXA1 ChIP-Seq - Rep 1, FOXA1 ChIP-Seq",,,
17BE2,PTGS1,mammarygland,"17BE2 | FOXA1 ChIP-Seq - Rep 1, 17BE2 | FOXA1 ChIP-Seq - Rep 2, 17BE2 | FOXA1 ChIP-Seq - Rep 2, 17BE2 | FOXA1 ChIP-Seq, 17BE2 | FOXA1 ChIP-Seq - Rep 1, 17BE2 | FOXA1 ChIP-Seq - Rep 2",,,
CTCF,PTGS1,lung,"CTCF IP | DEX - A549 cells, CTCF IP - AG04450 cells, Rep 2 , CTCF IP - HPF cells, Rep 2 , CTCF IP - AG04450 cells, Rep 1 , CTCF IP - NHLF cells , CTCF IP - A549 cells, Rep 2 , CTCF ChIP-Seq - A549, CTCF IP - IMR cells, CTCF IP | DEX - A549 cells , CTCF IP - SAEC cells, Rep 2 , CTCF IP - A549 cells , CTCF IP - NHLF cells , CTCF IP - HPF cells, Rep 1 ",,,
DEX,PTGS1,lung,"CTCF IP | DEX - A549 cells, CTCF IP | DEX - A549 cells , FOXA1 IP | DEX - A549 cells",,,
CTCF,PTGS1,megakaryocytelineage,"CTCF IP - MEG-01 cells, Rep 2 , CTCF IP - MEG-01 cells, Rep 10 , CTCF IP - CHRF-288-11 cells, Rep 1 , CTCF IP - MEG-01 cells, Rep 4 , CTCF IP - MEG-01 cells, Rep 8 , CTCF IP - MEG-01 cells, Rep 6 , CTCF IP - CHRF-288-11 cells, Rep 2 ",,,
FOXA2,PTGS1,stemcells,"FOXA2 IP - Rep 5 , FOXA2 IP - ES D2, FOXA2 IP - ES D5, FOXA2 IP - Rep 3 , FOXA2 IP - Rep 1 ",,,
CTCF,PTGS1,skin,"CTCF IP - AG04449 cells, Rep 1 , CTCF IP - HFFC cells, Rep 2 , CTCF IP - HFFC cells, Rep 3 , CTCF IP - AG10803 cells, Rep 2 , CTCF IP - BJ cells, Rep 2 , CTCF IP - AG04449 cells, Rep 2 , CTCF IP - NHEK cells, Rep 2 , CTCF IP - AG09309 cells, Rep 1 , CTCF IP - NHEK cells , CTCF IP - BJ cells, Rep 1 , CTCF IP - HFFC cells, Rep 1 , CTCF IP - NHDF cells , CTCF IP - AG10803 cells, Rep 1 , CTCF IP - GM12878 cells, Rep 2 , CTCF IP - NHDF cells, Rep 2 ",,,
BHLHE40,PTGS1,leukocytes,BHLHE40 IP - GM12878 cells,,,
MAX,PTGS1,uterus,MAX IP - ECC1 cells,,,
TCF12,PTGS1,lung,TCF12 IP - A549 cells,,,
RELA,PTGS1,adiposetissue,"RELA IP, RELA IP",,,
CTCF,PTGS1,miscellaneous,"CTCF IP - AG09319 cells, Rep 1 , CTCF IP - AG09319 cells, Rep 2 ",,,
ARNT,PTGS1,kidney,"ARNT IP, ARNT IP | EPAS1 OE",,,
JUN,PTGS1,mammarygland,"JUN IP | CPDA, JUN IP | DEX, JUN IP - Rep 1, JUN IP - Rep 2, JUN IP",,,
CPDA,PTGS1,mammarygland,JUN IP | CPDA,,,
RUNX1,PTGS1,leukocytes,"SPI1 IP | RUNX1 KD, RUNX1 IP - Rep 2, RUNX1 IP - N terminus 1, RUNX1 IP - N terminus 2, RUNX1 IP - Rep 1",,,
MAFK,PTGS1,leukocytes,MAFK IP - K562 cells,,,
GATA3,PTGS1,cns,GATA3 IP - SK-N-SH cells,,,
MAX,PTGS1,leukocytes,"MAX IP - K562 cells, Rep 2, MAX IP - K562 cells",,,
TEAD4,PTGS1,stemcells,TEAD4 IP - H1 cells,,,
RUNX1,PTGS1,hspcs,RUNX1,,,
CTCF,PTGS1,mammarygland,"CTCF IP - MCF-7 cells, Rep 1 , CTCF IP - HMF cells, Rep 2 , CTCF IP - HMF cells, Rep 1 , CTCF IP - MCF-7 cells Rep 2 , CTCF IP - MCF7 cells, CTCF IP - HMEC cells , CTCF IP - HMEC cells, Rep 2 , CTCF IP - HMEC cells, Rep 1 ",,,
PRDM1,PTGS1,uterus,PRDM1 IP - HeLa cells,,,
GATA3,PTGS1,mammarygland,"GATA3 IP - MCF7 cells, GATA3 IP - MCF-7 cells, GATA3 IP - T47D cells",24758297,,
CTCF,PTGS1,vasculature,"CTCF IP - HUVEC cells, Rep 2 , CTCF IP - HUVEC cells, Rep 1 , CTCF IP - HPAF cells, Rep 2 , CTCF IP - HPAF cells, Rep 1 , CTCF IP - AoAFC cells, Rep 1 , CTCF IP - HUVEC cells , CTCF IP - HBMEC cells, Rep 2 , CTCF IP - HBMEC cells, Rep 1 ",,,
DHT,PTGS1,prostate,"DHT | FOXA1 ChIP-Seq, POU2F1 KD + DHT | FOXA1 ChIP-Seq, DHT | FOXA1 ChIP-Seq, DHT | FOXA1 ChIP-Seq - C4- Rep 2B",,,
TCF7L2,PTGS1,uterus,TCF7L2 IP - HeLa cells,,,
CEBPB,PTGS1,leukocytes,"CEBPB IP | oxLDL  - Rep 205, CEBPB IP - Rep 204, CEBPB ChIP-Seq - K562, CEBPB IP | oxLDL  - Rep 208, CEBPB IP",,,
MAX,PTGS1,liver,MAX IP - MCF7 cells,,,
SP1,PTGS1,lung,SP1 IP - A549 cells,,,
CTCF,PTGS1,hspcs,"CTCF IP - HEL 92.1.7 cells, Rep 5 , CTCF IP - HEL 92.1.7 cells, Rep 2 , CTCF IP - HEL 92.1.7 cells, Rep 11 , CTCF IP - Erythroid cells, Rep 1, CTCF IP - HEL 92.1.7 cells, Rep 14 , CTCF IP - HEL 92.1.7 cells, Rep 8 ",,,
SMAD1,PTGS1,hspcs,"SMAD1 IP - Rep 1, SMAD1 IP - Rep 4, SMAD1 IP - Rep 3",,,
HNF1B,PTGS1,pancreas,HNF1B IP,,,
CEBPA,PTGS1,leukocytes,CEBPA IP,,,
TP53,PTGS1,mammarygland,TP53 IP,,,
DEX,PTGS1,mammarygland,"DEX | FOXA1 ChIP-Seq - Rep 2, JUN IP | DEX, DEX | FOXA1 ChIP-Seq - Rep 1, DEX | FOXA1 ChIP-Seq - Rep 2",,,
SRF,PTGS1,stemcells,"SRF IP - Rep 1 , SRF IP - Rep 3 , SRF IP - Rep 7 ",,,
DHT,PTGS1,mammarygland,"DHT | FOXA1 ChIP-Seq, DHT | MYC ChIP-Seq",,,
CEBPB,PTGS1,uterus,CEBPB ChIP-Seq - HeLaS3,,,
CTCF,PTGS1,bone,CTCF IP - Osteoblasts ,,,
POU2F1,PTGS1,prostate,POU2F1 KD + DHT | FOXA1 ChIP-Seq,,,
TAL1,PTGS1,megakaryocytelineage,"TAL1 IP - CHRF-288-11 cells, Rep 3 , TAL1 IP - CHRF-288-11 cells, Rep 1 , TAL1 IP - CHRF-288-11 cells, Rep 4 ",,,
CTCF,PTGS1,cns,"CTCF IP - spinal cord astrocyte cells, Rep 1 , CTCF IP - cerebellar astrocyte cells, Rep 2 , CTCF IP - BE(2)-C cells, Rep 1 , CTCF IP - spinal cord astrocyte cells, Rep 2 , CTCF IP - SK-N-SH cells, Rep 2 , CTCF IP - HCPEpiC cells, Rep 2 , CTCF IP - HCPEpiC cells, Rep 1 , CTCF IP - SK-N-SH cells , CTCF IP - NHA cells , CTCF IP - SK-N-SH cells, Rep 1 , CTCF IP - BE(2)-C cells, Rep 2 , CTCF IP - SK cells",,,
CTCF,PTGS1,sensory,"CTCF IP - HRPEpiC cells, Rep 2 , CTCF IP - WERI-Rb-1- cells, Rep 1 , CTCF IP - HRPEpiC cells, Rep 1 , CTCF IP - WERI ",,,
FOXH1,PTGS1,embryonictissue,FOXH1 IP - endoderm,,,
TCF21,PTGS1,vasculature,"TCF21 IP, TCF21 IP",,,
REST,PTGS1,cns,"REST IP - PFSK-N-SH cells1 cells, Rep 1",,,
CEBPB,PTGS1,liver,"CEBPB ChIP-Seq - HepG2, CEBPB IP | FORSK - HepG2 cells, CEBPB IP - HepG2 cells",,,
MAX,PTGS1,lung,MAX IP - A549 cells,,,
TP63,PTGS1,skin,"TP63 IP | BANF1 KD, TP63 IP, TP63 IP",,,
BANF1,PTGS1,skin,TP63 IP | BANF1 KD,,,
CTCF,PTGS1,placenta,"CTCF IP - HVMF cells, Rep 2 , CTCF IP - HVMF cells, Rep 1 ",,,
MYC,PTGS1,leukocytes,"MYC IP | IFNG - K562 cells, 30 min, MYC IP - K562 cells, Rep 1",,,
IFNG,PTGS1,leukocytes,"MYC IP | IFNG - K562 cells, 30 min, STAT1 IP - Rep 5, STAT1 IP - Rep 3",,,
FOXM1,PTGS1,mammarygland,FOXM1 IP - MCF7 cells,26456572,,
CTCF,PTGS1,liver,"CTCF IP - SK-N-SH cells, CTCF IP - HepG2 cells , CTCF IP - HepG2 cells, Rep 1 , CTCF IP",,,
TCF7L2,PTGS1,pancreas,TCF7L2 IP,,,
FOXA1,PTGS1,lung,"FOXA1 IP - A549 cells, FOXA1 IP | DEX - A549 cells",,,
E2F1,PTGS1,mammarygland,E2F1 IP - MCF7 cells,,,
TCF12,PTGS1,liver,TCF12 IP - MCF7 cells,,,
STAT1,PTGS1,leukocytes,"STAT1 IP - Rep 5, STAT1 IP - Rep 3",,,
FOS,PTGS1,mammarygland,"FOS IP | 4HT - MCF10A cells, 12 h, FOS IP - MCF10A cells, FOS IP | 4HT - MCF10A cells, 36 h, FOS IP | 4HT - MCF10A cells, 4 h",,,
4HT,PTGS1,mammarygland,"FOS IP | 4HT - MCF10A cells, 12 h, FOS IP | 4HT - MCF10A cells, 36 h, FOS IP | 4HT - MCF10A cells, 4 h",,,
KLF11,PTGS1,adiposetissue,"KLF11 ChIP-Seq, Rep 2",,,
MAX,PTGS1,vasculature,MAX IP - HUVEC cells,,,
RUNX1T1,PTGS1,leukocytes,RUNX1T1 IP,,,
GABPA,PTGS1,leukocytes,GABPA IP - K562 cells,,,
CTCF,PTGS1,stemcells,"CTCF IP - Rep 4 , CTCF IP - Rep 2 , CTCF IP - H1 cells, CTCF IP - Rep 6 , CTCF IP - Rep 5 , CTCF IP - Rep 1 , CTCF IP - Rep 7 , CTCF IP - H1 cells ",,,
FORSK,PTGS1,liver,CEBPB IP | FORSK - HepG2 cells,,,
MYB,PTGS1,leukocytes,"MYB IP - Jurkat, Rep 4",,,
CTCF,PTGS1,esophagus,"CTCF IP - HEEpiC cells, Rep 1 ",,,
EGR1,PTGS1,colon,EGR1 IP - HCT116 cells,,,
UBTF,PTGS1,leukocytes,UBTF IP - K562 cells,,,
JUND,PTGS1,cns,"JUND IP - SK-N-SH cells , JUND IP - SK-N-SH cells",,,
TNF,PTGS1,mammarygland,"TNF | FOXA1 ChIP-Seq - Rep 2, TNF | FOXA1 ChIP-Seq - Rep 1",,,
ZBTB17,PTGS1,bone,ZBTB17 IP,,,
CREB1,PTGS1,prostate,"CREB1 siRNA | FOXA1 ChIP-Seq - Rep 1, CREB1 siRNA | FOXA1 ChIP-Seq - Rep 2",,,
CTCF,PTGS1,uterus,"CTCF IP - HeLa cells, Rep 1 , CTCF IP - HeLa cells ",,,
GATA2,PTGS1,leukocytes,GATA2 IP - K562 cells,,,
GATA2,PTGS1,vasculature,GATA2 IP - HUVEC cells,,,
FOXP1,PTGS1,leukocytes,"FOXP1 IP - OCI-LY8, FOXP1 IP - OCI-LY10, FOXP1 IP - BJAB, FOXP1 IP - HT",,,
HEY1,PTGS1,leukocytes,HEY1 IP - K562 cells,,,
FOXA2,PTGS1,lung,FOXA2 IP - A549 cells,,,
MAX,PTGS1,stemcells,MAX IP - H1 cells,,,
CTCF,PTGS1,skeletalmuscle,"CTCF IP - HSMM cells, Rep 2 , CTCF IP - HSMM cells, Rep 1 ",,,
FOSL1,PTGS1,mammarygland,FOSL1 IP,,,
STAT1,PTGS1,uterus,"STAT1 IP | IFNG - HeLa cells, 30 min",,,
IFNG,PTGS1,uterus,"STAT1 IP | IFNG - HeLa cells, 30 min",,,
TFAP4,PTGS1,leukocytes,"TFAP4 IP - Rep 1, TFAP4 IP - Rep 2",,,
USF1,PTGS1,liver,USF1 IP - HepG2 cells,,,
STAT5A,PTGS1,leukocytes,STAT5A IP - K562 cells,,,
MAFK,PTGS1,liver,"MAFK IP - HepG2 cells, Rep 2, MAFK IP - HepG2 cells, Rep 1",,,
FOSL2,PTGS1,cns,FOSL2 IP - SK-N-SH cells,,,
17BE2; TNF,PTGS1,mammarygland,"17BE2 + TNF | FOXA1 ChIP-Seq - Rep 2, 17BE2 + TNF | FOXA1 ChIP-Seq - Rep 1",,,
HMGN3,PTGS1,leukocytes,HMGN3 IP - K562 cells,,,
MAZ,PTGS1,leukocytes,"MAZ IP - K562 cells, MAZ IP - GM12878 cells",,,
MAZ,PTGS1,lung,MAZ IP - IMR cells,,,
TEAD4,PTGS1,cns,TEAD4 IP - SK-N-SH cells,,,
ZBTB7A,PTGS1,leukocytes,ZBTB7A IP - SK-N-SH cells,,,
JUN,PTGS1,vasculature,"JUN IP - HUVEC cells, JUN IP",,,
TEAD4,PTGS1,leukocytes,TEAD4 IP - K562 cells,,,
MEF2A,PTGS1,cns,MEF2A IP - SK-N-SH cells,,,
CTCF,PTGS1,heart,"CTCF IP - HCF cells , CTCF IP - myocytes cells, Rep 1 , CTCF IP - myocytes cells, Rep 2 ",,,
EBF1,PTGS1,leukocytes,EBF1 IP - GM12878 cells,,,
YY1,PTGS1,cns,YY1 IP - SK-N-SH cells,,,
EGR1,PTGS1,leukocytes,EGR1 IP - K562 cells,,,
FOSL1,PTGS1,colon,FOSL1 IP - HCT116 cells,,,
EPAS1,PTGS1,kidney,"EPAS1 IP | EPAS1 OE, ARNT IP | EPAS1 OE",,,
E2F6,PTGS1,leukocytes,E2F6 IP - K562 cells,,,
ELF1,PTGS1,cns,ELF1 IP - SK-N-SH cells,,,
MYC,PTGS1,mammarygland,"MYC IP - MCF-10A cells, DHT | MYC ChIP-Seq",,,
SP1,PTGS1,colon,SP1 IP - HCT116 cells,,,
MYC,PTGS1,uterus,MYC IP - HeLa cells,,,
RELA,PTGS1,leukocytes,RELA IP | TNF - GM12891 cells,,,
TNF,PTGS1,leukocytes,RELA IP | TNF - GM12891 cells,,,
GATA1,PTGS1,hspcs,"GATA1 IP - PBDE cells, Rep 1",21571218,,
MAX,PTGS1,colon,MAX IP - HCT116 cells,,,
JUND,PTGS1,colon,JUND IP - HCT116 cells,,,
REST,PTGS1,leukocytes,REST IP - K562 cells,,,
USF1,PTGS1,cns,USF1 IP - SK-N-SH cells,,,
CEBPB,PTGS1,colon,"CEBPB IP - HCT116 cells, CEBPB IP | 125DVD3",,,
FOS,PTGS1,vasculature,FOS IP - HUVEC cells,,,
PIAS1,PTGS1,prostate,"PIAS1 + R1881 | FOXA1 ChIP-Seq - Rep 2, PIAS1 + R1881 | FOXA1 ChIP-Seq - Rep 1",,,
IRF4,PTGS1,leukocytes,IRF4 IP,,,
TAL1,PTGS1,leukocytes,TAL1 IP - K562 cells,,,
POU2F2,PTGS1,leukocytes,POU2F2 IP - GM12878 cells,,,
TCF12,PTGS1,cns,TCF12 IP - SK-N-SH cells,,,
JUND,PTGS1,lung,JUND IP - A549 cells,,,
FOSL2,PTGS1,lung,FOSL2 IP - A549 cells,,,
CEBPB,PTGS1,mammarygland,CEBPB IP - MCF7 cells,,,
JUND,PTGS1,vasculature,JUND IP,,,
STAT3,PTGS1,uterus,STAT3 IP - HeLa cells,,,
YY1,PTGS1,leukocytes,"YY1 IP - K562 cells, Rep 1, YY1 IP - K562 cells, Rep 2",,,
GATA3,PTGS1,lung,GATA3 IP - A549 cells,,,
FOXA1,PTGS1,liver,"FOXA1 IP - HepG2 cells, Rep 1, FOXA1 IP - HepG2 cells, Rep 2",,,
USF1,PTGS1,colon,USF1 IP - HCT116 cells,,,
ZNF217,PTGS1,mammarygland,ZNF217 IP - MCF7 cells,,,
FOXA2,PTGS1,liver,FOXA2 IP - HepG2 cells,,,
ELF1,PTGS1,mammarygland,ELF1 IP - MCF7 cells,,,
SMARCC1,PTGS1,uterus,SMARCC1 IP - HeLa cells,,,
GATA1,PTGS1,leukocytes,GATA1 ChIP-Seq - SC266,,,
SP1,PTGS1,liver,SP1 IP - HepG2 cells,,,
FOS,PTGS1,uterus,FOS IP - HeLa cells,,,
MAX,PTGS1,cns,MAX IP - SK-N-SH cells,,,
MAFF,PTGS1,leukocytes,MAFF IP - K562 cells,,,
GATA4,PTGS1,stemcells,GATA4 IP - Rep 10 ,,,
ZNF263,PTGS1,kidney,ZNF263 IP - HEK293 cells,,,
JUND,PTGS1,uterus,JUND IP - HeLa cells,,,
ROSI,PTGS1,leukocytes,ROSI | SPI1 ChIP-Seq,,,
125DVD3,PTGS1,colon,CEBPB IP | 125DVD3,,,
PBX3,PTGS1,cns,PBX3 IP - SK-N-SH cells,,,
OTX2,PTGS1,stemcells,"OTX2 IP - Rep 10 , OTX2 IP - Rep 3 ",,,
ELF1,PTGS1,leukocytes,ELF1 IP - SK-N-SH cells,,,
ZNF143,PTGS1,stemcells,ZNF143 IP - H1 cells,,,
JUND,PTGS1,leukocytes,JUND IP - K562 cells,,,
TEAD4,PTGS1,liver,TEAD4 IP - MCF7 cells,,,
IRF1,PTGS1,leukocytes,"IRF1 IP | IFNA1-13 - K562 cells, 6 h",,,
IFNA1,PTGS1,leukocytes,"IRF1 IP | IFNA1-13 - K562 cells, 6 h",,,
ELF1,PTGS2,cns,ELF1 IP - SK-N-SH cells,,,
CTCF,PTGS2,cns,"CTCF IP - spinal cord astrocyte cells, Rep 2 , CTCF IP - cerebellar astrocyte cells, Rep 1 , CTCF IP - SK-N-SH cells, Rep 2 , CTCF IP - HCPEpiC cells, Rep 2 , CTCF IP - cerebellar astrocyte cells, Rep 2 , CTCF IP - BE(2)-C cells, Rep 1 , CTCF IP - SK-N-SH cells , CTCF IP - HCPEpiC cells, Rep 1 , CTCF IP - spinal cord astrocyte cells, Rep 1 , CTCF IP - SK cells, CTCF IP - SK-N-SH cells, Rep 1 , CTCF IP - NHA cells ",,,
EP300,PTGS2,stemcells,EP300 IP - H1 cells,,,
IRF4,PTGS2,leukocytes,IRF4 IP,,,
EZH2,PTGS2,prostate,EZH2 ChIP-Seq - LNCaP-abl,,,
AR,PTGS2,prostate,"DHT + BICALU | AR ChIP-Seq, R1881 + ENZA | AR ChIP-Seq, AR ChIP-Seq, DHT | AR ChIP-Seq - 2 h, DHT | AR ChIP-Seq, CON KD + R1881 | AR ChIP-Seq, CON KD + R1881 |Â AR ChIP-Seq, WT AR OE + FOXA1 OE | FOXA1 ChIP-Seq - high FOXA1, ENZA + DHT | AR ChIP-Seq - Rep 1, R1881 | AR ChIP-Seq - Rep 1, ENZA + DHT | AR ChIP-Seq - Rep 2, DHT | AR ChIP-Seq - VCaP, Rep 2, DHT | AR ChIP-Seq - VCaP, Rep 1, DHT | AR ChIP-Seq - 1F5, R1881 | AR ChIP-Seq, AR ChIP-Seq, R1881 + COMP26A | AR ChIP-Seq - 10 Î¼M, R1881 + COMP30A | AR ChIP-Seq - 0.1 Î¼M, R1881 + COMP30A | AR ChIP-Seq - 1 Î¼M, R1881 + COMP26A | AR ChIP-Seq - 0.1 Î¼M, R1881 + COMP26A | AR ChIP-Seq - 1 Î¼M, AR ChIP-Seq - Tumor, Rep 2",,,11396184
CTCF,PTGS2,leukocytes,"CTCF IP - GM12872 cells, Rep 3 , CTCF IP - GM19238 cells, Rep 1 , CTCF IP - GM2255 cells, Rep 1 , CTCF IP - F36P cells, Rep 13 , CTCF IP - GM12890 cells, Rep 2 , CTCF IP - GM12864 cells, Rep 2 , CTCF IP - HL , CTCF IP - GM19240 cells, Rep 2 , CTCF IP - GM10847 cells, Rep 2 , CTCF IP - CD14+ cells , CTCF IP - GM12878 cells, Rep 2 , CTCF IP - GM12874 cells, Rep 1 , CTCF ChIP-Seq - GM12878, CTCF IP - K562 cells, Rep 15 , CTCF IP - KU812 cells, Rep 5 , CTCF IP - GM2610 cells, Rep 2 , CTCF IP - GM2255 cells, Rep 3 , CTCF IP - GM10847 cells, Rep 1 , CTCF IP - GM12867 cells , CTCF IP - GM12873 cells, Rep 1 , CTCF IP - GM12870 cells , CTCF IP - GM19238 cells, Rep 2 , CTCF IP - F36P cells, Rep 14 , CTCF IP - GM2610 cells, Rep 3 , CTCF IP, CTCF IP - K562 cells, Rep 13 , CTCF IP - GM2630 cells, Rep 3 , CTCF IP - GM12890 cells, Rep 3 , CTCF IP - F36P cells, Rep 10 , CTCF IP - MS1 cells, Rep 1 , CTCF IP - GM11994 cells, Rep 2, CTCF IP - GM2630 cells, Rep 1 , CTCF IP - GM19240 cells, Rep 1 , CTCF IP - K562 cells, Rep 12 , CTCF IP - GM12875 cells, Rep 1 , CTCF IP - F36P cells, Rep 2 , CTCF IP - MS1 cells, Rep 2 , CTCF IP - GM12864 cells, Rep 1 , CTCF IP - GM06990 cells, Rep 2 , CTCF IP - GM19239 cells, Rep 2 , CTCF IP - GM18505 cells, Rep 1 , CTCF IP - GM11831 cells, CTCF IP - F36P cells, Rep 15 , CTCF IP - GM12891 cells, Rep 2 , CTCF IP - KU812 cells, Rep 13 , CTCF IP - KU812 cells, Rep 17 , CTCF IP - GM11994 cells, Rep 1, CTCF IP - GM12154 cells, Rep 2, CTCF IP - GM19239 cells, Rep 1 , CTCF IP - GM12871 cells , CTCF IP - GM12878 cells, Rep 1 , CTCF IP - GM12878 cells, Rep 2 , CTCF IP - GM19099 cells, Rep 2 , CTCF IP - GM19099 cells, Rep 1 , CTCF IP - GM12872 cells, Rep 1 , CTCF IP - GM2588 cells, Rep 2 , CTCF IP - MS1 cells, Rep 3 , CTCF IP - F36P cells, Rep 9 , CTCF IP - GM2630 cells, Rep 2 , CTCF IP - GM12891 cells, Rep 1 , CTCF IP - K562 cells, Rep 11 , CTCF IP - MS1 cells, Rep 4 , CTCF IP - GM2255 cells, Rep 2 , CTCF IP - F36P cells, Rep 6 , CTCF IP - GM12154 cells, Rep 1, CTCF IP - GM12866 cells , CTCF IP - GM18505 cells, Rep 2 , CTCF IP - GM12869 cells , CTCF IP - GM12873 cells, Rep 3 , CTCF IP - F36P cells, Rep 1 , CTCF IP - GM18486 cells, Rep 1 , CTCF IP - GM2610 cells, Rep 1 , CTCF IP - GM12892 cells, Rep 1 , CTCF IP - GM12865 cells, Rep 3 , CTCF IP - GM18951 cells, Rep 2 , CTCF IP - GM2588 cells, Rep 3 , CTCF IP - KU812 cells, Rep 9 , CTCF IP - GM12865 cells, Rep 2 , CTCF IP - GM06990 cells, Rep 1 , CTCF IP - GM18526 cells, Rep 2 , CTCF IP - GM06986 cells, CTCF IP - GM19193 cells, Rep 1 , CTCF IP - K562 cells, Rep 16 , CTCF IP - GM12875 cells, Rep 2 , CTCF IP - GM12814 cells, Rep 1, CTCF IP - F36P cells, Rep 7 , CTCF IP - KU812 cells, Rep 1 , CTCF IP - GM12892 cells, Rep 2 , CTCF IP - HeLa cells, Rep 2 , CTCF IP - F36P cells, Rep 3 , CTCF IP - F36P cells, Rep 11 , CTCF IP - F36P cells, Rep 19 , CTCF IP - GM12828 cells, CTCF IP - GM12873 cells, Rep 1 , CTCF IP - GM12868 cells , CTCF IP - GM12865 cells, Rep 1 , CTCF IP - GM12872 cells, Rep 2 , CTCF IP - F36P cells, Rep 18 , CTCF IP - K562 cells, Rep 14 , CTCF IP - GM19193 cells, Rep 2 , CTCF IP - GM12864 cells, Rep 3 , CTCF IP - F36P cells, Rep 17 , CTCF IP - GM12874 cells, Rep 2 , CTCF IP - GM2588 cells, Rep 1 , CTCF IP - GM12878 cells , CTCF IP - GM12890 cells, Rep 1 , CTCF IP - GM18486 cells, Rep 3 ",,,
CEBPB,PTGS2,stemcells,"CEBPB IP, CEBPB IP, CEBPB IP, CEBPB IP, CEBPB IP, CEBPB IP - H1 cells, CEBPB IP",,,
GABPA,PTGS2,uterus,GABPA IP - HeLa cells,,,
CTCF,PTGS2,lung,"CTCF IP - A549 cells, CTCF IP - IMR cells, CTCF IP - NHLF cells , CTCF IP - A549 cells, Rep 2 , CTCF IP - HPF cells, Rep 2 , CTCF ChIP-Seq - A549, CTCF IP - AG04450 cells, Rep 1 , CTCF IP - WI-38 cells, Rep 2 , CTCF IP | DEX - A549 cells , CTCF IP | DEX - A549 cells, CTCF IP - A549 cells, Rep 1 , CTCF IP - SAEC cells, Rep 2 , CTCF IP - A549 cells , CTCF IP - SAEC cells, Rep 1 , CTCF IP - NHLF cells , CTCF IP - AG04450 cells, Rep 2 , CTCF IP - HPF cells, Rep 1 , CTCF IP - WI-38 cells, Rep 1 ",,,
TCF21,PTGS2,vasculature,TCF21 IP,,,
CEBPB,PTGS2,leukocytes,"CEBPB IP, CEBPB IP - Rep 201, CEBPB IP | oxLDL  - Rep 205, CEBPB IP, CEBPB IP, CEBPB IP| oxLDL  - Rep 207, CEBPB IP | oxLDL  - Rep 206, CEBPB IP - Rep 202, CEBPB IP - Rep 204, CEBPB IP, CEBPB IP | oxLDL  - Rep 208, CEBPB IP - Rep 203, CEBPB IP",,,17556653
GATA2,PTGS2,prostate,"GATA2 ChIP-Seq, CON KD |Â GATA2 ChIP-Seq, GATA2 ChIP-Seq - Rep 1, CON KD + FBS |Â GATA2 ChIP-Seq, CON KD  |Â GATA2 ChIP-Seq, GATA2 KD  |Â FOXA1 ChIP-Seq, FOXA1 KD |Â GATA2 ChIP-Seq, GATA2 KD + R1881 |Â FOXA1 ChIP-Seq, GATA2 ChIP-Seq - Rep 2",,,
CTCF,PTGS2,colon,"CTCF IP - HCT116 cells, Rep 1 , CTCF IP - Caco-2 cells, Rep 1 , CTCF IP - Rep 2 , CTCF IP - Caco , CTCF IP - HCT116 cells, Rep 2 , CTCF IP - HCT116 cells",,,
FOS,PTGS2,mammarygland,"FOS IP - MCF10A cells, FOS IP | 4HT - MCF10A cells, 12 h, FOS IP | 4HT - MCF10A cells, 4 h, FOS IP | 4HT - MCF10A cells, 36 h",,,
FOXA1,PTGS2,mammarygland,"FOXA1 ChIP-Seq - Rep 1, DEX | FOXA1 ChIP-Seq - Rep 1, DEX | FOXA1 ChIP-Seq - Rep 2, FOXA1 ChIP-Seq - Rep 2, 17BE2 | FOXA1 ChIP-Seq - Rep 2, FOXA1 ChIP-Seq - Rep 2, FOXA1 ChIP-Seq - Rep 1, 17BE2 | FOXA1 ChIP-Seq - Rep 2, 17BE2 | FOXA1 ChIP-Seq - Rep 1",,,
E2F1,PTGS2,mammarygland,"E2F1 IP - MCF7 cells, E2F1 IP",,,
PPARG,PTGS2,colon,"ROSI | PPARG ChIP -Seq, 2 h - Rep1, ROSI | PPARG ChIP -Seq, 2 h - Rep2",,,11412039;16506021
ROSI,PTGS2,colon,"ROSI | PPARG ChIP -Seq, 2 h - Rep1, ROSI | PPARG ChIP -Seq, 2 h - Rep2",,,
JUN,PTGS2,mammarygland,"JUN IP - Rep 1, JUN IP - Rep 2",,,12057991
STAT3,PTGS2,mammarygland,"STAT3 IP | 4HT - MCF10 cells, 12 h, STAT3 IP | 4HT - MCF10 cells, 36 h, STAT3 IP - MCF10A cells, Rep 2, STAT3 IP - MCF10A cells, Rep 1",,,
4HT,PTGS2,mammarygland,"STAT3 IP | 4HT - MCF10 cells, 12 h, FOS IP | 4HT - MCF10A cells, 12 h, STAT3 IP | 4HT - MCF10 cells, 36 h, FOS IP | 4HT - MCF10A cells, 4 h, E2F4 IP | 4HT - MCF10 cells, FOS IP | 4HT - MCF10A cells, 36 h",,,
CTCF,PTGS2,kidney,"CTCF IP - HEK293 cells, Rep 1 , CTCF IP - RPTEC cells, Rep 2 , CTCF IP - HRE cells, Rep 1 , CTCF IP - HRE cells, Rep 2 , CTCF IP - HEK293 cells, Rep 2 , CTCF IP - RPTEC cells, Rep 1 ",,,
CTCF,PTGS2,heart,"CTCF IP - HCF cells , CTCF IP - myocytes cells, Rep 1 , CTCF IP - myocytes cells, Rep 2 ",,,
ELF3,PTGS2,pancreas,"ELF3 IP, ELF3 IP, ELF3 IP | KLF5 KO",,,
CTCF,PTGS2,vasculature,"CTCF IP - AoAFC cells, Rep 2 , CTCF IP - HPAF cells, Rep 2 , CTCF IP - HUVEC cells, Rep 2 , CTCF IP - HPAF cells, Rep 1 , CTCF IP - AoAFC cells, Rep 1 , CTCF IP - HBMEC cells, Rep 1 , CTCF IP - HUVEC cells , CTCF IP - HUVEC cells, Rep 1 , CTCF IP - HBMEC cells, Rep 2 ",,,
USF1,PTGS2,lung,"USF1 IP - A549 cells, Rep 1, USF1 IP | DEX - A549 cells, USF1 IP - A549 cells, Rep 2",,,
SPI1,PTGS2,leukocytes,"SPI1 IP, SPI1 IP, SPI1 IP, SPI1 IP, SPI1 IP, SPI1 IP",,,
KDM4A,PTGS2,stemcells,"KDM4A IP - H1 cells , KDM4A IP - Â H1 cells",,,
FOXA1,PTGS2,prostate,"PIAS1 + R1881 | FOXA1 ChIP-Seq - Rep 2, CON KD + R1881 |Â FOXA1 ChIP-Seq, PIAS1 + R1881 | FOXA1 ChIP-Seq - Rep 1, WT AR OE + FOXA1 OE | FOXA1 ChIP-Seq - high FOXA1, FOXA1 ChIP-Seq, FOXA1 ChIP-Seq, DHT | FOXA1 ChIP-Seq - C4- Rep 2B, EtOH | FOXA1 ChIP-Seq - Rep 2, CON KD  |Â FOXA1 ChIP-Seq, CREB1 siRNA | FOXA1 ChIP-Seq - Rep 2, FOXA1 ChIP-Seq - Rep 1, FOXA1 ChIP-Seq, R1881 | FOXA1 ChIP-Seq - Rep 1, CON KD | FOXA1 ChIP-Seq, FOXA1 ChIP-Seq - VCaP, FOXA1 ChIP-Seq - Rep 1, FOXA1 ChIP-Seq - Rep 2, CREB1 siRNA | FOXA1 ChIP-Seq - Rep 1, FOXA1 ChIP-Seq, CON KD + R1881 | FOXA1 ChIP-Seq - Rep 1, CON KD | FOXA1 ChIP-Seq, GATA2 KD  |Â FOXA1 ChIP-Seq, FOXA1 ChIP-Seq, FOXA1 ChIP-Seq - C4- Rep 2B, DHT | FOXA1 ChIP-Seq, EtOH | FOXA1 ChIP-Seq - , FOXA1 ChIP-Seq, FOXA1 KD |Â GATA2 ChIP-Seq, DHT | FOXA1 ChIP-Seq, FOXA1 ChIP-Seq - Rep 2, GATA2 KD + R1881 |Â FOXA1 ChIP-Seq, R1881 | FOXA1 ChIP-Seq - Rep 2, FOXA1 ChIP-Seq - LNCaP-abl, CON KD |Â FOXA1 ChIP-Seq, CON KD + R1881 | FOXA1 ChIP-Seq - Rep 2",,,
R1881,PTGS2,prostate,"PIAS1 + R1881 | FOXA1 ChIP-Seq - Rep 2, CON KD + R1881 |Â FOXA1 ChIP-Seq, PIAS1 + R1881 | FOXA1 ChIP-Seq - Rep 1, R1881 | FOXA1 ChIP-Seq - Rep 1, CON KD + R1881 | FOXA1 ChIP-Seq - Rep 1, GATA2 KD + R1881 |Â FOXA1 ChIP-Seq, R1881 | FOXA1 ChIP-Seq - Rep 2, CON KD + R1881 | FOXA1 ChIP-Seq - Rep 2",,,
PIAS1,PTGS2,prostate,"PIAS1 + R1881 | FOXA1 ChIP-Seq - Rep 2, PIAS1 + R1881 | FOXA1 ChIP-Seq - Rep 1",,,
OTX2,PTGS2,stemcells,OTX2 IP - Rep 10 ,,,
KLF11,PTGS2,adiposetissue,"ROSI (BrAT) | KLF11 ChIP-Seq, Rep 2, KLF11 ChIP-Seq, Rep 2",,,
ROSI,PTGS2,adiposetissue,"ROSI (BrAT) | KLF11 ChIP-Seq, Rep 2, ROSI (BrAT) | PPARG ChIP-Seq, Rep 1",,,
CTCF,PTGS2,bone,CTCF IP - Osteoblasts ,,,
NR3C1,PTGS2,lung,"NR3C1 IP - A549 cells, NR3C1 IP | DEX - A549 cells, 100nM cells, NR3C1 IP | DEX - A549 cells, 50 nM cells, NR3C1 IP | DEX - A549 cells, 5 nM cells",,,
E2F6,PTGS2,stemcells,E2F6 IP - H1 cells,,,
CEBPB,PTGS2,uterus,"CEBPB IP - ECC1 cells, CEBPB ChIP-Seq - HeLaS3",,,
CTCF,PTGS2,skin,"CTCF IP - BJ cells, Rep 2 , CTCF IP - NHEK cells, Rep 2 , CTCF IP - BJ cells, Rep 1 , CTCF IP - NHEK cells , CTCF IP - AG04449 cells, Rep 2 , CTCF IP - NHDF cells, Rep 2 , CTCF IP - GM12878 cells, Rep 2 , CTCF IP - AG10803 cells, Rep 1 , CTCF IP - AG09309 cells, Rep 1 , CTCF IP - AG04449 cells, Rep 1 , CTCF IP - AG10803 cells, Rep 2 , CTCF IP - HFFC cells, Rep 1 , CTCF IP - NHDF cells , CTCF IP - NHDF cells, Rep 1 , CTCF IP - HFFC cells, Rep 2 , CTCF IP - HFFC cells, Rep 3 ",,,
MAZ,PTGS2,lung,MAZ IP - IMR cells,,,
CTCF,PTGS2,hspcs,"CTCF IP - HSPCs, Rep 2, CTCF IP - HEL 92.1.7 cells, Rep 2 , CTCF IP - Erythroid cells, Rep 1, CTCF IP - HEL 92.1.7 cells, Rep 11 , CTCF IP - HSPCs, Rep 1, CTCF IP - HEL 92.1.7 cells, Rep 14 , CTCF IP - HEL 92.1.7 cells, Rep 5 , CTCF IP - HEL 92.1.7 cells, Rep 8 , CTCF IP - Erythroid cells, Rep 2",,,
EP300,PTGS2,leukocytes,EP300 IP,,,
USF2,PTGS2,uterus,USF2 IP - HeLa cells,,,12057991
NR1H3,PTGS2,colon,"GW3965 | NR1H3 ChIP -Seq, 2 h - Rep1, GW3965 | NR1H3 ChIP -Seq, 48 h - Rep2, GW3965 | NR1H3 ChIP -Seq, 48 h - Rep1",,,
GW965,PTGS2,colon,"GW3965 | NR1H3 ChIP -Seq, 2 h - Rep1, GW3965 | NR1H3 ChIP -Seq, 48 h - Rep2, GW3965 | NR1H3 ChIP -Seq, 48 h - Rep1, GW3965 |Â NR1H2 ChIP -Seq, 48 h - Rep1, GW3965 | NR1H2 ChIP -Seq, 48 h - Rep2",,,
GATA2,PTGS2,vasculature,GATA2 IP - HUVEC cells,,,
CEBPB,PTGS2,bone,"CEBPB IP, CEBPB IP",,,
CTCF,PTGS2,miscellaneous,"CTCF IP - AG09319 cells, Rep 2 , CTCF IP - AG09319 cells, Rep 1 ",,,
CTCF,PTGS2,mammarygland,"CTCF IP - MCF-7 cells, Rep 1 , CTCF IP - HMF cells, Rep 2 , CTCF IP - HMEC cells, Rep 2 , CTCF IP - MCF7 cells, CTCF IP - HMEC cells, Rep 1 , CTCF IP - HMEC cells , CTCF IP - HMF cells, Rep 1 , CTCF IP - MCF-7 cells Rep 2 ",,,
GATA2,PTGS2,hspcs,GATA2 IP,,,
BRD4,PTGS2,leukocytes,"BRD4 IP, BRD4 IP, BRD4 IP | JQ1, BRD4 IP | JQ1, BRD4 IP | JQ1, BRD4 IP | JQ1 - 150 nM, BRD4 IP | JQ1",,,
CTCF,PTGS2,stemcells,"CTCF IP - Rep 3 , CTCF IP - Rep 6 , CTCF IP - H1 cells, CTCF IP - Rep 2 , CTCF IP - Rep 4 , CTCF IP - Rep 5 , CTCF IP - H1 cells , CTCF IP - Rep 1 ",,,
BRD4,PTGS2,lung,"BRD4 IP - Quiescent, Rep 1, BRD4 IP - Proliferating, Rep 1, BRD4 IP",,,
RUNX1,PTGS2,hspcs,"RUNX1 IP, RUNX1",,,
GABPA,PTGS2,cns,GABPA IP - SK-N-SH cells,,,
JUN,PTGS2,vasculature,"JUN IP, JUN IP - HUVEC cells",,,
TEAD4,PTGS2,uterus,TEAD4 IP - ECC1 cells,,,
YY1,PTGS2,cns,YY1 IP | ATRA - SK-N-SH cells,,,
ATRA,PTGS2,cns,"YY1 IP | ATRA - SK-N-SH cells, USF1 IP | ATRA - SK-N-SH cells, EP300 IP | ATRA - SK-N-SH cells",,,
FOXA2,PTGS2,embryonictissue,FOXA2 IP - Rep 2,,,
MAX,PTGS2,lung,"MAX IP - A549 cells, MAX IP - A549 cells",,,
BRD4,PTGS2,cns,"BRD4 IP - Raji, BRD4 IP | JQ1 - 500 nM, BRD4 IP",,,
JQ1,PTGS2,cns,BRD4 IP | JQ1 - 500 nM,,,
MAX,PTGS2,cns,MAX IP - SK-N-SH cells,,,
ELK4,PTGS2,uterus,"ELK4 IP - HeLa, Rep 1, ELK4 IP - HeLa cells, ELK4 IP - HeLa, Rep 2",,,
SMARCB1,PTGS2,uterus,SMARCB1 IP - HeLa cells,,,
CEBPB,PTGS2,lung,"CEBPB IP - A549 cells, CEBPB ChIP-Seq - A549, CEBPB ChIP-Seq - IMR90",,,
CHD2,PTGS2,uterus,CHD2 IP - HeLa cells,,,
GTF2B,PTGS2,uterus,GTF2B IP - Rep 2,,,
TCF12,PTGS2,lung,TCF12 IP - A549 cells,,,
CTCF,PTGS2,pancreas,CTCF IP,,,
RCOR1,PTGS2,uterus,RCOR1 IP - HeLa cells,,,
ELF1,PTGS2,lung,ELF1 IP - A549 cells,,,
LMO2,PTGS2,leukocytes,LMO2 IP,,,
CREB1,PTGS2,lung,"CREB1 IP - A549 cells, Rep 1, CREB1 IP | DEX - A549 cells, CREB1 IP - A549 cells, Rep 2",,,
SRF,PTGS2,stemcells,"SRF IP - Rep 1 , SRF IP - Rep 3 , SRF IP - Rep 4 , SRF IP - Rep 7 , SRF IP - Rep 6 , SRF IP - Rep 5 ",,,
SP1,PTGS2,stemcells,SP1 IP - H1 cells,,,
NR2F2,PTGS2,mammarygland,NR2F2 IP - MCF7 cells,,,
ERG,PTGS2,prostate,"DMSO | ERG ChIP-Seq - Rep 1, DHT | ERG ChIP-Seq - 18 h, ERG ChIP-Seq",,,
DHT,PTGS2,prostate,"DHT | FOXA1 ChIP-Seq - C4- Rep 2B, DHT | FOXP1 ChIP-Seq, DHT | ERG ChIP-Seq - 18 h, DHT | FOXA1 ChIP-Seq, DHT | FOXA1 ChIP-Seq, DHT + DEX | NR3C1 ChIP-Seq",,,
STAT1,PTGS2,leukocytes,"STAT1 IP - Rep 5, STAT1 IP - Rep 3, STAT1 IP - Rep 1, STAT1 IP - Rep 4, STAT1 IP - Rep 2, STAT1 IP - Rep 6",,,
IFNG,PTGS2,leukocytes,"STAT1 IP - Rep 5, STAT1 IP - Rep 3, STAT1 IP - Rep 1, STAT1 IP - Rep 4, IRF1 IP - Rep 1, STAT1 IP - Rep 2, STAT1 IP - Rep 6, IRF1 IP - Rep 3",,,
HDAC2,PTGS2,stemcells,"HDAC2 ChipSeq - Â H1 cells , HDAC2 IP - Â H1 cells",,,
E2F1,PTGS2,uterus,"E2F1 IP - HeLa cells, Rep 2, E2F1 IP - HeLa cells, Rep 1",,,
CTCF,PTGS2,megakaryocytelineage,"CTCF IP - MEG-01 cells, Rep 10 , CTCF IP - MEG-01 cells, Rep 4 , CTCF IP - MEG-01 cells, Rep 8 , CTCF IP - MEG-01 cells, Rep 6 , CTCF IP - MEG-01 cells, Rep 2 ",,,
SRF,PTGS2,colon,SRF IP - HCT116 cells,,,
TBP,PTGS2,uterus,TBP IP - HeLa cells,,,
NR2F1,PTGS2,cns,"NR2F1 IP - WT33-derived CNCCs, NR2F1 IP - H9-derived CNCCs",,,
CEBPA,PTGS2,leukocytes,CEBPA IP,,,
PAX5,PTGS2,leukocytes,PAX5 IP - GM12892 cells,,,
MYC,PTGS2,mammarygland,MYC IP - MCF-10A cells,,,
MAZ,PTGS2,uterus,MAZ IP - HeLa cells,,,
USF1,PTGS2,colon,USF1 IP - HCT116 cells,,,
FOXP1,PTGS2,prostate,DHT | FOXP1 ChIP-Seq,,,
GTF2F1,PTGS2,uterus,GTF2F1 IP - HeLa cells,,,
DEX,PTGS2,lung,"USF1 IP | DEX - A549 cells, CREB1 IP | DEX - A549 cells, CTCF IP | DEX - A549 cells , CTCF IP | DEX - A549 cells",,,
REST,PTGS2,stemcells,"REST IP - H1 cells, Rep 1",,,
ELF1,PTGS2,mammarygland,ELF1 IP - MCF7 cells,,,
HIF1A,PTGS2,bone,HIF1A IP,,,
SMAD4,PTGS2,stemcells,SMAD4 ChIP-Seq - ESCs,,,
NCOR1,PTGS2,leukocytes,NCOR1 IP,,,
TCF12,PTGS2,cns,TCF12 IP - SK-N-SH cells,,,
TCF12,PTGS2,uterus,TCF12 IP - ECC1 cells,,,
MYC,PTGS2,uterus,MYC IP - HeLa cells,,,
REST,PTGS2,cns,"REST IP - U87 cells, REST IP - PFSK-N-SH cells1 cells, Rep 1, REST IP - PFSK1 cells, Rep 2",,,
SP1,PTGS2,colon,SP1 IP - HCT116 cells,,,15767339
FOXA2,PTGS2,stemcells,"FOXA2 IP - ES D2, FOXA2 IP - ES D7",,,
YY1,PTGS2,stemcells,YY1 IP - H1 cells,,,
CREB1,PTGS2,prostate,"CREB1 ChIP-Seq - LNCaP-abl, CREB1 siRNA | FOXA1 ChIP-Seq - Rep 2, CREB1 siRNA | FOXA1 ChIP-Seq - Rep 1",,,
E2F6,PTGS2,lung,E2F6 IP - A549 cells,,,
ELK1,PTGS2,uterus,"ELK1 IP - HeLa cells, ELK1 IP - HeLa",,,
ZNF263,PTGS2,kidney,ZNF263 IP - HEK293 cells,,,
EP300,PTGS2,uterus,"EP300 IP - ECC1 cells, EP300 IP - HeLa cells",,,12057991
LMO3,PTGS2,leukocytes,LMO2 IP | RUNX1 KD,,,
RUNX1,PTGS2,leukocytes,"LMO2 IP | RUNX1 KD, RUNX1 IP - Rep 1, RUNX1 IP, RUNX1 IP - Rep 2, RUNX1 IP - N terminus 1",,,
DEX,PTGS2,mammarygland,"DEX | FOXA1 ChIP-Seq - Rep 1, DEX | FOXA1 ChIP-Seq - Rep 2",,,
NFYB,PTGS2,uterus,NFYB IP - HeLa cells,,,
FOXA2,PTGS2,lung,FOXA2 IP - A549 cells,,,
REST,PTGS2,lung,REST IP - A549 cells,,,
ELF1,PTGS2,leukocytes,ELF1 IP - SK-N-SH cells,,,
TAL1,PTGS2,colon,TAL1 IP ,,,
TAF1,PTGS2,leukocytes,TAF1 IP - GM12891 cells,,,
CEBPB,PTGS2,colon,"CEBPB IP, CEBPB IP - HCT116 cells, CEBPB IP | 125DVD3",,,16699180
JQ1,PTGS2,leukocytes,"BRD4 IP | JQ1, CDK9 IP | JQ1, BRD4 IP | JQ1, BRD4 IP | JQ1, BRD4 IP | JQ1 - 150 nM, CDK9 IP | JQ1 - 50 nM, BRD4 IP | JQ1, CDK9 IP | JQ1 -  5 Î¼M",,,
JUND,PTGS2,cns,JUND IP - SK-N-SH cells ,,,
CTCF,PTGS2,placenta,"CTCF IP - HVMF cells, Rep 1 , CTCF IP - HVMF cells, Rep 2 ",,,
PPARG,PTGS2,adiposetissue,"PPARG ChIP-Seq, Rep 1, ROSI (BrAT) | PPARG ChIP-Seq, Rep 1",,,
CDK9,PTGS2,leukocytes,"CDK9 IP | JQ1, CDK9 IP | JQ1 - 50 nM, CDK9 IP | JQ1 -  5 Î¼M, CDK9 IP",,,
E2F3,PTGS2,colon,E2F3 IP ,,,
IRF1,PTGS2,leukocytes,"IRF1 IP - Rep 1, IRF1 IP - Rep 3",,,
TCF12,PTGS2,stemcells,TCF12 IP - H1 cells,,,
CTCF,PTGS2,esophagus,"CTCF IP - HEEpiC cells, Rep 2 , CTCF IP - HEEpiC cells, Rep 1 ",,,
MXI1,PTGS2,lung,MXI1 IP - IMR cells,,,
TEAD4,PTGS2,colon,TEAD4 IP - HCT116 cells,,,
SUMO2,PTGS2,kidney,"SUMO2/3 IP | DEX | NR3C1 Mut OE, Rep 2",,,
DEX,PTGS2,kidney,"SUMO2/3 IP | DEX | NR3C1 Mut OE, Rep 2",,,
ZEB1,PTGS2,leukocytes,ZEB1 IP - GM12878 cells,,,
MAX,PTGS2,vasculature,MAX IP - HUVEC cells,,,
USF1,PTGS2,stemcells,USF1 IP - H1 cells,,,
CTCF,PTGS2,uterus,"CTCF IP - HeLa cells, Rep 1 , CTCF IP - HeLa cells ",,,
USF1,PTGS2,cns,"USF1 IP | ATRA - SK-N-SH cells, USF1 IP - SK-N-SH cells",,,18817855
MAX,PTGS2,uterus,"MAX IP - ECC1 cells, MAX IP - HeLa cells, Rep 2, MAX IP - HeLa cells, Rep 1",,,
KDM6B,PTGS2,skin,KDM6B IP,,,
ATF3,PTGS2,colon,"ATF3 IP - HCT116 cells, ATF3 IP | CAMPTO",,,
FOS,PTGS2,vasculature,FOS IP - HUVEC cells,,,
STAG1,PTGS2,hspcs,"STAG1 IP - Erythroid cells, Rep 2, STAG1 IP - HSPCs, Rep 1, STAG1 IP - HSPCs, Rep 2",,,
TFAP4,PTGS2,leukocytes,"TFAP4 IP - Rep 1, TFAP4 IP - Rep 2",,,
TAF1,PTGS2,stemcells,"TAF1 IP - H1 cells, Rep 2",,,
EP300,PTGS2,mammarygland,"CTL shRNA | EP300 ChIP-Seq, 17BE2 + RARA & RARG shRNA | EP300 ChIP-Seq, R5020 | EP300 ChIP-Seq - MCF-7, 3 h, Rep 2",,,
SETDB1,PTGS2,bone,SETDB1 IP - U2OS cells,,,
17BE2,PTGS2,mammarygland,"17BE2 | FOXA1 ChIP-Seq - Rep 2, 17BE2 | FOXA1 ChIP-Seq - Rep 2, 17BE2 | FOXA1 ChIP-Seq - Rep 1",,,
TRIM28,PTGS2,kidney,"TRIM28 IP - HEK293 cells, TRIM28 IP - HEK293, Rep 1",,,
CREB1,PTGS2,stemcells,CREB1 IP - H1 cells,,,
YY1,PTGS2,lung,YY1 IP - A549 cells,,,
MAX,PTGS2,liver,MAX IP - MCF7 cells,,,
E2F4,PTGS2,mammarygland,E2F4 IP | 4HT - MCF10 cells,,,
GATA3,PTGS2,lung,GATA3 IP - A549 cells,,,
TP53,PTGS2,bone,TP53 IP - Rep 2,,,
GABPA,PTGS2,lung,GABPA IP - A549 cells,,,
FOXH1,PTGS2,stemcells,FOXH1 ChIP-Seq - Escs,,,
REST,PTGS2,uterus,REST IP - SK-N-SH cells,,,
TAF1,PTGS2,cns,TAF1 IP - SK-N-SH cells,,,
ESR1,PTGS2,mammarygland,"P4 | ESR1 ChIP-Seq - MCF-7, 3 h, Rep 2",,,
P4,PTGS2,mammarygland,"P4 | ESR1 ChIP-Seq - MCF-7, 3 h, Rep 2",,,
TEAD4,PTGS2,stemcells,TEAD4 IP - H1 cells,,,
JUND,PTGS2,colon,JUND IP - HCT116 cells,,,
TP53,PTGS2,mammarygland,TP53 IP,,,
KLF5,PTGS2,pancreas,"ELF3 IP | KLF5 KO, KLF5 IP",,,
YY1,PTGS2,uterus,YY1 IP - ECC1 cells,,,
YAP1,PTGS2,cns,"YAP1 IP - SF268, Rep 1, YAP1 IP - SF268, Rep 2",,,
CTCF,PTGS2,sensory,"CTCF IP - WERI , CTCF IP - HRPEpiC cells, Rep 1 , CTCF IP - WERI-Rb-1- cells, Rep 1 , CTCF IP - HRPEpiC cells, Rep 2 ",,,
YY1,PTGS2,leukocytes,YY1 IP - GM12891 cells,,,
JUN,PTGS2,colon,JUN IP ,,,12057991;16339564
HOXA6,PTGS2,colon,HOXA6 IP ,,,
TAF1,PTGS2,lung,TAF1 IP - A549 cells,,,
ATF3,PTGS2,lung,ATF3 IP - A549 cells,,,
ETS1,PTGS2,lung,ETS1 IP - A549 cells,,,
NANOG,PTGS2,stemcells,NANOG IP - H1 cells,16153702,,
JUND,PTGS2,vasculature,JUND IP,,,
MAX,PTGS2,colon,MAX IP - HCT116 cells,,,
NFYA,PTGS2,uterus,NFYA IP - HeLa cells,,,
TCF12,PTGS2,leukocytes,TCF12 IP - GM12878 cells,,,
RUNX1T1,PTGS2,leukocytes,RUNX1T1 IP,,,
SMAD1,PTGS2,hspcs,SMAD1 IP - Rep 3,,,
JMJD1C,PTGS2,leukocytes,"JMJD1C IP - THP-1, JMJD1C IP - HL-60",,,
STAT3,PTGS2,uterus,STAT3 IP - HeLa cells,,,
ATF2,PTGS2,colon,ATF2 IP ,,,11278336
TCF7L2,PTGS2,uterus,TCF7L2 IP - HeLa cells,,,
GATA3,PTGS2,mammarygland,GATA3 IP - T47D cells,24758297,,
FOSL1,PTGS2,colon,FOSL1 IP - HCT116 cells,,,
USF2,PTGS2,stemcells,USF2 IP - H1 cells,,,
CEBPB,PTGS2,mammarygland,CEBPB IP - MCF7 cells,,,
JUND,PTGS2,stemcells,JUND IP - H1 cells,,,
MAX,PTGS2,stemcells,MAX IP - H1 cells,,,
17BE2; 17BE2,PTGS2,mammarygland,17BE2 + RARA & RARG shRNA | EP300 ChIP-Seq,,,
RARA; RARG,PTGS2,mammarygland,17BE2 + RARA & RARG shRNA | EP300 ChIP-Seq,,,
USF1,PTGS2,uterus,USF1 IP - ECC1 cells,,,
EP300,PTGS2,cns,"EP300 IP - WT33-derived CNCCs, Rep 1, EP300 IP - H9-derived CNCCs, EP300 IP - WT33-derived CNCCs, Rep 1, EP300 IP | ATRA - SK-N-SH cells, EP300 IP - SK-N-SH cells",,,
E2F4,PTGS2,uterus,E2F4 IP - HeLa cells,,,
JUND,PTGS2,lung,JUND IP - A549 cells,,,
SMC1A,PTGS2,leukocytes,"SMC1A IP, SMC1A IP",,,
PHF8,PTGS2,leukocytes,"PHF8 IP - K562 cells , PHF8 IP - Â K562 cells, Rep 2",,,
BCL3,PTGS2,lung,BCL3 IP - A549 cells,,,
HDAC2,PTGS2,mammarygland,HDAC2 IP - MCF7 cells,,,
SMARCC2,PTGS2,uterus,SMARCC2 IP - HeLa cells,,,
CTCF,PTGS2,adiposetissue,"CTCF ChIP-Seq - d 9, CTCF ChIP-Seq - d 0, CTCF ChIP-Seq - d -2, CTCF ChIP-Seq - dÂ 3",,,
SMARCC1,PTGS2,uterus,SMARCC1 IP - HeLa cells,,,
STAT1,PTGS2,uterus,"STAT1 IP | IFNG - HeLa cells, 30 min",,,
IFNG,PTGS2,uterus,"STAT1 IP | IFNG - HeLa cells, 30 min",,,
NR3C1,PTGS2,uterus,NR3C1 IP | DEX - ECC1 cells,,,
RCOR1,PTGS2,lung,RCOR1 IP - IMR cells,,,
SP1,PTGS2,lung,SP1 IP - A549 cells,,,
HOXA4,PTGS2,colon,HOXA4 IP ,,,
RELA,PTGS2,adiposetissue,RELA IP,,,
FOXA1,PTGS2,lung,FOXA1 IP - A549 cells,,,
NR1H2,PTGS2,colon,"GW3965 |Â NR1H2 ChIP -Seq, 48 h - Rep1, GW3965 | NR1H2 ChIP -Seq, 48 h - Rep2",,,
GLI2,PTGS2,colon,GLI2 IP ,,,
EP300,PTGS2,lung,EP300 IP - A549 cells,,,17237818;17395887
FOSL2,PTGS2,lung,FOSL2 IP - A549 cells,,,
CREBBP,PTGS2,kidney,CREBBP IP,,,
GATA3,PTGS2,cns,GATA3 IP - SK-N-SH cells,,,
ZNF143,PTGS2,stemcells,ZNF143 IP - H1 cells,,,
ZBTB7A,PTGS2,uterus,ZBTB7A IP - ECC1 cells,,,
NR3C1,PTGS2,prostate,DHT + DEX | NR3C1 ChIP-Seq,,,
125DVD3,PTGS2,colon,CEBPB IP | 125DVD3,,,
BRD3,PTGS2,leukocytes,BRD3 IP - AB367A,,,
JUND,PTGS2,uterus,JUND IP - HeLa cells,,,
JUN,PTGS2,uterus,JUN IP - HeLa cells,,,12057991
ELF1,PTGS2,colon,ELF1 IP - HCT116 cells,,,
IRF1,PTGS2,colon,IRF1 IP ,,,
SRF,PTGS2,uterus,SRF IP - ECC1 cells,,,
EGR1,PTGS2,colon,EGR1 IP - HCT116 cells,,,
SRF,PTGS2,leukocytes,SRF IP - SK-N-SH cells,,,
R5020,PTGS2,mammarygland,"R5020 | EP300 ChIP-Seq - MCF-7, 3 h, Rep 2",,,
PBX3,PTGS2,cns,PBX3 IP - SK-N-SH cells,,,
CREB1,PTGS2,leukocytes,CREB1 IP - GM12878 cells,,,
TET2,PTGS2,kidney,TET2 IP - human,,,
GATA4,PTGS2,stomach,GATA4 IP - AGS,,,
GATA1,PTGS2,hspcs,"GATA1 IP - PBDE cells, Rep 1",21571218,,
TAF1,PTGS2,uterus,TAF1 IP - HeLa cells,,,
ZNF143,PTGS2,uterus,ZNF143 IP - HeLa cells,,,
YY1,PTGS2,colon,YY1 IP - HCT116 cells,,,
TBP,PTGS2,stemcells,TBP IP - H1 cells,,,
IRX1,PTGS2,stomach,,,20440264,
NFATC1,PTGS2,mammarygland,,,21871017,
NFATC3,PTGS2,mammarygland,,,21871017,
NFATC2,PTGS2,mammarygland,,,21871017,
NFATC4,PTGS2,mammarygland,,,21871017,
NFIL3,CYP3A4,liver,,,18004209,
VDR,CYP3A4,colon,,,121472248,
DBP,CYP3A4,liver,,,18004209,
NR1I2,CYP3A4,colon,,,18540626,
EP300,ALOX15,lung,,,12517954,1251954
CEP/P300,ALOX15,lung,,,12517954,
CREBBP,ALOX15,lung,,,12517954,1251954
KLF10,PTGS1,liver,,,,23178857
APC,PTGS2,colon,,,,10772828;12566320;11396184
APC,PTGS2,liver,,,,12566320
APC,PTGS2,rectum,,,,11396184
ATF2,PTGS2,prostate,,,,11278336
ATF2,PTGS2,lung,,,,11278336
ATF2,PTGS2,mammarygland,,,,11278336
ATF2,PTGS2,uterus,,,,12057991
ATF4,PTGS2,liver,,,,21244365
CDX1,PTGS2,uterus,,,,21613300
CDX2,PTGS2,colon,,,,15013430
CDX2,PTGS2,rectum,,,,15013430
CEBPB,PTGS2,skin,,,,18820298;17556653
CEBPB,PTGS2,placenta,,,,10956548
CEBPB,PTGS2,blood,,,,17556653
CEBPB,PTGS2,vasculature,,,,7559624
CEBPB,PTGS2,rectum,,,,16699180
CEBPD,PTGS2,prostate,,,,11278336
CEBPD,PTGS2,lung,,,,11278336
CEBPD,PTGS2,colon,,,,11278336
CEBPD,PTGS2,mammarygland,,,,11278336
CTNNB1,PTGS2,colon,,,,11396184
CTNNB1,PTGS2,rectum,,,,11396184
DR1,PTGS2,fibroblasts,,,,11840453
EGR1,PTGS2,liver,,,,15517885
EGR1,PTGS2,kidney,,,,15517885
EGR2,PTGS2,adiposetissue,,,,24007274
EGR2,PTGS2,stemcells,,,,24007274
EGR2,PTGS2,bonemarrow,,,,24007274
ELF3,PTGS2,vasculature,,,,15794755
ELF3,PTGS2,leukocytes,,,,15794755
ENO1,PTGS2,stomach,,,,198466622
EP300,PTGS2,skin,,,,12471036
ETV4,PTGS2,colon,,,,11274170
ETV4,PTGS2,mammarygland,,,,11274170
FOS,PTGS2,cartilage,,,,9620167
HDAC1,PTGS2,skin,,,,18820298
HDAC4,PTGS2,skin,,,,18820298
HMGA1,PTGS2,pancreas,,,,22898640
ING4,PTGS2,lung,,,,18399550
JUN,PTGS2,skin,,,,15772294;17556653
JUN,PTGS2,lung,,,,18294142;12057991
JUN,PTGS2,cartilage,,,,9620167
JUN,PTGS2,prostate,,,,12057991
JUN,PTGS2,stomach,,,,16339564
JUN,PTGS2,leukocytes,,,,17556653;20237399
JUN,PTGS2,blood,,,,17556653
JUN,PTGS2,bonemarrow,,,,20237399
JUN,PTGS2,hspcs,,,,20237399
JUNB,PTGS2,cartilage,,,,9620167
JUND,PTGS2,cartilage,,,,9620167
NFKB1,PTGS2,vasculature,,,,10827178;22001128
NFKB1,PTGS2,leukocytes,,,,10827178;15368354;15547942;15997464;16624933;18057724
NFKB1,PTGS2,skin,,,,12471036
NFKB1,PTGS2,esophagus,,,,15368354
NFKB1,PTGS2,sensory,,,,15555528
NFKB1,PTGS2,lung,,,,16820889;18294142;12622742
NFKB1,PTGS2,prostate,,,,19618291;22001128
NFKB1,PTGS2,colon,,,,22001128
NFKB1,PTGS2,mammarygland,,,,22001128
NFKB1,PTGS2,liver,,,,15517885
NFKB1,PTGS2,kidney,,,,15517885
NROB2,PTGS2,uterus,,,,21613300
PGR,PTGS2,mammarygland,,,,18483177
PPARG,PTGS2,rectum,,,,11412039
PPARG,PTGS2,uterus,,,,14555539
RELA,PTGS2,vasculature,,,,10827178
RELA,PTGS2,leukocytes,,24523406,,10827178;15368354;15547942;15997464;16624933;18057724
RELA,PTGS2,skin,,,,12471036
RELA,PTGS2,esophagus,,,,15368354
RELA,PTGS2,sensory,,,,15555528
RELA,PTGS2,lung,,,,16820889;18294142;12622742
RELA,PTGS2,prostate,,,,19618291
RELA,PTGS2,liver,,,,15517885
RELA,PTGS2,kidney,,,,15517885
SETBP1,PTGS2,lung,,,,18419541
SP1,PTGS2,rectum,,,,15767339
STAT1,PTGS2,heart,,,,12586443
STAT2,PTGS2,heart,,,,12586443
STAT3,PTGS2,cns,,,,20145033
STAT6,PTGS2,lung,,,,17237818
TCF7L2,PTGS2,colon,,,,11396184
TCF7L2,PTGS2,rectum,,,,11396184
TFAP2A,PTGS2,lung,,,,16423197
HDAC1,ALOX15,colon,,,,19198625
MTA1,ALOX15,colon,,,,19198625
STAT6,ALOX15,lung,,,,12517954
BACH1,ALOX15,mammarygland,,22875853,,
BACH1,PTGS2,mammarygland,,22875853,,
BACH1,PTGS1,mammarygland,,22875853,,
TP53,CYP2C9,bone,,18474530,,
RELA,PTGS2,fibroblasts,,24523406,,
RELA,ALOX12B,fibroblasts,,24523406,,
HIF1A,ALOXE3,mammarygland,,21447827,,
TCF4,CYP4A11,colon,,18268006,,
TCF4,CYP4A11,rectum,,18268006,,
NFE2L2,PTGS1,adiposetissue,,22581777,,
NFE2L2,PTGS1,leukocytes,,22581777,,
NFE2L2,PTGS1,lung,,22581777,,
ELK1,PTGS2,kidney,,19687146,,
SMAD4,PTGS2,ovary,,21799915,,
SMAD4,CYP4A11,ovary,,21799915,,
GATA1,PTGS2,bonemarrow,,21571218,,
GATA1,PTGS1,bonemarrow,,21571218,,
GATA1,PTGS2,blood,,21571218,,
GATA1,PTGS1,blood,,21571218,,
SOX11,ALOX12B,lymphnode,,23321250,,
SOX11,ALOX12B,leukocytes,,23321250,,
SOX11,ALOX12B,blood,,23321250,,
HNF4A,ALOX15,pancreas,,19822575,,
HNF4A,CYP3A4,pancreas,,19822575,,
HNF4A,ALOXE3,pancreas,,19822575,,
HNF4A,CYP4A11,pancreas,,19822575,,
HNF4A,ALOX15,liver,,19822575,,
HNF4A,CYP3A4,liver,,19822575,,
HNF4A,ALOXE3,liver,,19822575,,
HNF4A,CYP4A11,liver,,19822575,,
GATA2,PTGS1,bonemarrow,,21571218,,
GATA2,PTGS1,hspcs,,21571218,,
GATA2,PTGS1,blood,,21571218,,
E2F4,PTGS2,leukocytes,,21247883,,
SMAD3,CYP2C19,stemcells,,21741376,,
SMAD3,CYP2C19,embryonictissue,,21741376,,
MYC,ALOXE3,cns,,20876797,,
WT1,PTGS1,kidney,,25993318,,
WT1,ALOX12B,kidney,,25993318,,
TP63,CYP3A4,prostate,,23658742,,
POU3F2,PTGS2,skin,,20337985,,
DACH1,ALOXE3,mammarygland,,20351289,,
DACH1,ALOXE3,kidney,,20351289,,
FOXP1,ALOXE3,stemcells,,21924763,,
FOXP1,ALOX12B,stemcells,,21924763,,
TFAP2A,ALOXE3,uterus,,17053090,,
TFAP2A,ALOXE3,mammarygland,,17053090,,
ATF3,ALOXE3,stemcells,,23680149,,
ATF3,ALOXE3,cns,,23680149,,
CUX1,PTGS1,mammarygland,,19635798,,
EGR1,ALOXE3,bonemarrow,,20690147,,
