TF,TargetGene,Tissue,Experiment,Chea,Signor,Trrust
FOXA1,AKR1C1,prostate,"FOXA1 ChIP-Seq, CON KD | FOXA1 ChIP-Seq, CREB1 siRNA | FOXA1 ChIP-Seq - Rep 2, EtOH | FOXA1 ChIP-Seq - , AR C562S OE + FOXA1 OE | FOXA1 ChIP-Seq, POU2F1 KD + DHT | FOXA1 ChIP-Seq, DHT | FOXA1 ChIP-Seq, GATA2 KD + R1881 | FOXA1 ChIP-Seq, EtOH | FOXA1 ChIP-Seq - Rep 2, FOXA1 ChIP-Seq - Rep 2, CREB1 siRNA | FOXA1 ChIP-Seq - Rep 1, CON KD  | FOXA1 ChIP-Seq, R1881 | FOXA1 ChIP-Seq - Rep 1, CON KD + R1881 | FOXA1 ChIP-Seq, FOXA1 KD | FOXA1 ChIP-Seq, CON KD | FOXA1 ChIP-Seq, R1881 | FOXA1 ChIP-Seq - Rep 2, CON KD + R1881 | FOXA1 ChIP-Seq - Rep 2, FOXA1 ChIP-Seq, FOXA1 ChIP-Seq - Rep 1, FOXA1 KD | FOXA1 ChIP-Seq, FOXA1 ChIP-Seq - LNCaP, FOXA1 ChIP-Seq - LNCaP-abl, CON KD + R1881 | FOXA1 ChIP-Seq - Rep 1, CON KD | FOXA1 ChIP-Seq, PIAS1 + R1881 | FOXA1 ChIP-Seq - Rep 2, WT AR OE + FOXA1 OE | FOXA1 ChIP-Seq, FOXA1 ChIP-Seq, DHT | FOXA1 ChIP-Seq, FOXA1 ChIP-Seq, PIAS1 + R1881 | FOXA1 ChIP-Seq - Rep 1, GATA2 KD  | FOXA1 ChIP-Seq, WT AR OE + FOXA1 OE | FOXA1 ChIP-Seq - high FOXA1",,,
YY1,AKR1C1,lung,YY1 IP - A549 cells,,,
FOXA1,AKR1C1,mammarygland,"DEX | FOXA1 ChIP-Seq - Rep 2, FOXA1 ChIP-Seq - Rep 2, 17BE2 | FOXA1 ChIP-Seq - Rep 2, DEX | FOXA1 ChIP-Seq - Rep 1, FOXA1 ChIP-Seq - Rep 1, FOXA1 ChIP-Seq - Rep 2, FOXA1 IP - T47D cells, 17BE2 | FOXA1 ChIP-Seq - Rep 1, DEX | FOXA1 ChIP-Seq - Rep 1, DHT | FOXA1 ChIP-Seq, FOXA1 ChIP-Seq - Rep 1, FOXA1 IP - T47D, DEX | FOXA1 ChIP-Seq - Rep 2, 17BE2 | FOXA1 ChIP-Seq - Rep 1, 17BE2 | FOXA1 ChIP-Seq - Rep 2, 17BE2 | FOXA1 ChIP-Seq",,,
DEX,AKR1C1,mammarygland,"DEX | FOXA1 ChIP-Seq - Rep 2, DEX | FOXA1 ChIP-Seq - Rep 1, DEX | FOXA1 ChIP-Seq - Rep 1, DEX | FOXA1 ChIP-Seq - Rep 2",,,
NFYB,AKR1C1,leukocytes,NFYB IP - K562 cells,,,
GATA6,AKR1C1,stomach,GATA6 IP - YCC3,,,
KLF11,AKR1C1,adiposetissue,"KLF11 ChIP-Seq, Rep 1, ROSI (BrAT) | KLF11 ChIP-Seq, Rep 1, KLF11 ChIP-Seq, Rep 2, ROSI (BrAT) | KLF11 ChIP-Seq, Rep 2",,,
SPI1,AKR1C1,leukocytes,"SPI1 IP, SPI1 IP, SPI1 IP, SPI1 IP - K562 cells, SPI1 IP",,,
CEBPB,AKR1C1,lung,"CEBPB ChIP-Seq - IMR90, CEBPB IP - A549 cells, CEBPB ChIP-Seq - A549",,,
CEBPB,AKR1C1,stemcells,"CEBPB IP, CEBPB IP, CEBPB IP, CEBPB IP, CEBPB IP, CEBPB IP",,,
NFYA,AKR1C1,leukocytes,NFYA IP - K562 cells,,,
BACH1,AKR1C1,stemcells,BACH1 IP - H1 cells,,,
BCL3,AKR1C1,lung,BCL3 IP - A549 cells,,,
TCF12,AKR1C1,lung,TCF12 IP - A549 cells,,,
SP1,AKR1C1,stemcells,SP1 IP - H1 cells,,,
CREB1,AKR1C1,prostate,"CREB1 siRNA | FOXA1 ChIP-Seq - Rep 2, CREB1 siRNA | FOXA1 ChIP-Seq - Rep 1, CREB1 ChIP-Seq - LNCaP-abl",,,
MYBL2,AKR1C1,liver,MYBL2 IP - HepG2 cells,,,
STAT5A,AKR1C1,leukocytes,STAT5A IP - K562 cells,,,
17BE2,AKR1C1,mammarygland,"17BE2 | FOXA1 ChIP-Seq - Rep 2, 17BE2 | FOXA1 ChIP-Seq - Rep 1, 17BE2 | FOXA1 ChIP-Seq - Rep 1, 17BE2 | FOXA1 ChIP-Seq - Rep 2, 17BE2 | FOXA1 ChIP-Seq",,,
MAFK,AKR1C1,liver,"MAFK IP - HepG2 cells, Rep 2, MAFK IP - HepG2 cells, Rep 1",,,
FOSL2,AKR1C1,lung,FOSL2 IP - A549 cells,,,
GTF2B,AKR1C1,uterus,GTF2B IP - Rep 2,,,
MAX,AKR1C1,liver,"MAX IP - HepG2 cells, MAX IP - HepG2 cells",,,
AR,AKR1C1,prostate,"AR C562S OE + FOXA1 OE | FOXA1 ChIP-Seq, WT AR OE + FOXA1 OE | FOXA1 ChIP-Seq, WT AR OE + FOXA1 OE | FOXA1 ChIP-Seq - high FOXA1",,,
CEBPB,AKR1C1,leukocytes,"CEBPB IP | oxLDL  - Rep 205, CEBPB ChIP-Seq - K562, CEBPB IP - K562 cells",,,
DHT,AKR1C1,prostate,"POU2F1 KD + DHT | FOXA1 ChIP-Seq, DHT | FOXA1 ChIP-Seq, DHT | FOXA1 ChIP-Seq",,,
POU2F1,AKR1C1,prostate,POU2F1 KD + DHT | FOXA1 ChIP-Seq,,,
MAFK,AKR1C1,stemcells,MAFK IP - H1 cells,,,
CEBPB,AKR1C1,liver,"CEBPB IP - HepG2 cells, CEBPB IP | FORSK - HepG2 cells, CEBPB ChIP-Seq - HepG2",,,
MYC,AKR1C1,leukocytes,"MYC IP - NB4 cells, MYC IP | IFNG - K562 cells, 30 min, MYC IP - K562 cells, Rep 1, MYC IP | IFNG - K562 cells, 6 h",,,
FOSL2,AKR1C1,liver,FOSL2 IP - HepG2 cells,,,
RELA,AKR1C1,adiposetissue,"RELA IP, RELA IP, RELA IP, RELA IP",,,
TP63,AKR1C1,skin,"TP63 IP | BANF1 KD, TP63 IP, TP63 IP, TP63 IP",,,
BANF1,AKR1C1,skin,TP63 IP | BANF1 KD,,,
R1881,AKR1C1,prostate,"GATA2 KD + R1881 | FOXA1 ChIP-Seq, R1881 | FOXA1 ChIP-Seq - Rep 1, CON KD + R1881 | FOXA1 ChIP-Seq, R1881 | FOXA1 ChIP-Seq - Rep 2, CON KD + R1881 | FOXA1 ChIP-Seq - Rep 2, CON KD + R1881 | FOXA1 ChIP-Seq - Rep 1, PIAS1 + R1881 | FOXA1 ChIP-Seq - Rep 2, PIAS1 + R1881 | FOXA1 ChIP-Seq - Rep 1",,,
GATA2,AKR1C1,prostate,"GATA2 KD + R1881 | FOXA1 ChIP-Seq, GATA2 KD  | FOXA1 ChIP-Seq",,,
ROSI,AKR1C1,adiposetissue,"ROSI (BrAT) | KLF11 ChIP-Seq, Rep 1, ROSI (BrAT) | KLF11 ChIP-Seq, Rep 2",,,
JUND,AKR1C1,liver,"JUND IP - HepG2 cells, JUND IP - HepG2 cells",,,
FOS,AKR1C1,mammarygland,"FOS IP - MCF10A cells, FOS IP | 4HT - MCF10A cells, 12 h, FOS IP | 4HT - MCF10A cells, 36 h, FOS IP | 4HT - MCF10A cells, 4 h",,,
IFNG,AKR1C1,leukocytes,"MYC IP | IFNG - K562 cells, 30 min, MYC IP | IFNG - K562 cells, 6 h, IRF1 IP | IFNG - K562 cells, 6 h",,,
STAT3,AKR1C1,mammarygland,"STAT3 IP | 4HT - MCF10 cells, 36 h, STAT3 IP | 4HT - MCF10 cells, 12 h, STAT3 IP - MCF10A cells, Rep 2",,,
4HT,AKR1C1,mammarygland,"STAT3 IP | 4HT - MCF10 cells, 36 h, MYC IP | 4HT - MCF10A cells, FOS IP | 4HT - MCF10A cells, 12 h, FOS IP | 4HT - MCF10A cells, 36 h, FOS IP | 4HT - MCF10A cells, 4 h, STAT3 IP | 4HT - MCF10 cells, 12 h",,,
NFYA,AKR1C1,uterus,NFYA IP - HeLa cells,,,
FOXA1,AKR1C1,liver,"FOXA1 IP - HepG2 cells, Rep 2, FOXA1 IP - HepG2 cells, Rep 1",,,
TCF21,AKR1C1,vasculature,"TCF21 IP, TCF21 IP, TCF21 IP",,,
JUND,AKR1C1,lung,JUND IP - A549 cells,,,
SP1,AKR1C1,lung,SP1 IP - A549 cells,,,
HEY1,AKR1C1,leukocytes,HEY1 IP - K562 cells,,,
NFYB,AKR1C1,uterus,NFYB IP - HeLa cells,,,
FOS,AKR1C1,leukocytes,FOS IP - K562 cells,,,
CEBPB,AKR1C1,uterus,CEBPB ChIP-Seq - HeLaS3,,,
JUND,AKR1C1,vasculature,JUND IP,,,
FOXA1,AKR1C1,pancreas,"FOXA1 IP, FOXA1 IP | KLF5 KO, FOXA1 IP",,,
MAFK,AKR1C1,lung,MAFK IP - IMR cells,,,
GATA1,AKR1C1,hspcs,"GATA1 IP - PBDE cells, Rep 1",,,
BACH1,AKR1C1,leukocytes,BACH1 IP - K562 cells,,,
SP1,AKR1C1,liver,SP1 IP - HepG2 cells,,,
CREB1,AKR1C1,liver,"CREB1 IP, CREB1 IP - HepG2 cells, CREB1 IP",,,
FORSK,AKR1C1,liver,CEBPB IP | FORSK - HepG2 cells,,,
MAFK,AKR1C1,leukocytes,MAFK IP - K562 cells,,,
MYC,AKR1C1,mammarygland,"MYC IP | 4HT - MCF10A cells, MYC IP - MCF-10A cells",,,
REST,AKR1C1,liver,"REST IP - HepG2 cells, Rep 1",,,
FOXA1,AKR1C1,lung,"FOXA1 IP | DEX - A549 cells, FOXA1 IP - A549 cells",,,
DEX,AKR1C1,lung,"FOXA1 IP | DEX - A549 cells, CREB1 IP | DEX - A549 cells",,,
GATA3,AKR1C1,lung,GATA3 IP - A549 cells,,,
MAFF,AKR1C1,liver,MAFF IP - HepG2 cells,,,
MXI1,AKR1C1,liver,MXI1 IP - HepG2 cells,,,
CREB1,AKR1C1,lung,CREB1 IP | DEX - A549 cells,,,
TBP,AKR1C1,leukocytes,TBP IP - K562 cells,,,
ATF3,AKR1C1,lung,ATF3 IP - A549 cells,,,
GATA2,AKR1C1,leukocytes,"GATA2 IP - K562 cells, GATA2 IP - K562 cells",,,
GATA1,AKR1C1,leukocytes,GATA1 ChIP-Seq - SC266,,,
ELF1,AKR1C1,liver,ELF1 IP - HepG2 cells,,,
ELF1,AKR1C1,lung,ELF1 IP - A549 cells,,,
TEAD4,AKR1C1,leukocytes,TEAD4 IP - K562 cells,,,
GTF2B,AKR1C1,lung,GTF2B IP,,,
FOXA2,AKR1C1,liver,FOXA2 IP - HepG2 cells,,,
ZEB1,AKR1C1,liver,ZEB1 IP - HepG2 cells,,,
CEBPB,AKR1C1,mammarygland,CEBPB IP - MCF7 cells,,,
ETS1,AKR1C1,lung,ETS1 IP - A549 cells,,,
MAFF,AKR1C1,leukocytes,MAFF IP - K562 cells,,,
FOXA2,AKR1C1,embryonictissue,FOXA2 IP - Rep 1,,,
YY1,AKR1C1,leukocytes,"YY1 IP - K562 cells, Rep 1",,,
TBP,AKR1C1,liver,TBP IP - HepG2 cells,,,
MAX,AKR1C1,leukocytes,"MAX IP - K562 cells, MAX IP - NB4 cells, MAX IP - K562 cells, Rep 2",,,
USF1,AKR1C1,liver,USF1 IP - HepG2 cells,,,
TEAD4,AKR1C1,liver,TEAD4 IP - HepG2 cells,,,
DHT,AKR1C1,mammarygland,DHT | FOXA1 ChIP-Seq,,,
FOXA2,AKR1C1,lung,FOXA2 IP - A549 cells,,,
ATF1,AKR1C1,leukocytes,ATF1 IP - K562 cells,,,
CEBPB,AKR1C1,colon,"CEBPB IP, CEBPB IP | 125DVD3",,,
KLF5,AKR1C1,pancreas,FOXA1 IP | KLF5 KO,,,
CTCF,AKR1C1,hspcs,"CTCF IP - HSPCs, Rep 1",,,
REST,AKR1C1,stemcells,"REST IP - H1 cells, Rep 1",,,
ARID3A,AKR1C1,liver,ARID3A IP - HepG2 cells,,,
JUND,AKR1C1,uterus,JUND IP - HeLa cells,,,
PIAS1,AKR1C1,prostate,"PIAS1 + R1881 | FOXA1 ChIP-Seq - Rep 2, PIAS1 + R1881 | FOXA1 ChIP-Seq - Rep 1",,,
ZNF143,AKR1C1,stemcells,ZNF143 IP - H1 cells,,,
FOSL2,AKR1C1,mammarygland,FOSL2 IP - MCF7 cells,,,
IRF1,AKR1C1,leukocytes,"IRF1 IP | IFNG - K562 cells, 6 h, IRF1 IP | IFNA1-13 - K562 cells, 6 h",,,
REST,AKR1C1,cns,REST IP - U87 cells,,,
REST,AKR1C1,leukocytes,REST IP - K562 cells,,,
JUN,AKR1C1,leukocytes,"JUN IP - K562 cells, Rep 2",,,
FOXA1,AKR1C1,stemcells,FOXA1 IP - Rep 5 ,,,
IFNA1,AKR1C1,leukocytes,"IRF1 IP | IFNA1-13 - K562 cells, 6 h",,,
USF1,AKR1C1,leukocytes,USF1 IP - K562 cells,,,
MAX,AKR1C1,lung,MAX IP - A549 cells,,,
JUN,AKR1C1,vasculature,JUN IP,,,
GTF2B,AKR1C1,leukocytes,GTF2B IP - K562 cells,,,
REST,AKR1C1,lung,REST IP - A549 cells,,,
TAL1,AKR1C1,leukocytes,TAL1 IP - K562 cells,,,
HEY1,AKR1C1,liver,HEY1 IP - HepG2 cells,,,
TBP,AKR1C1,uterus,TBP IP - HeLa cells,,,
IRF1,AKR1C1,pancreas,IRF1 IP,,,
JUND,AKR1C1,leukocytes,JUND IP - K562 cells,,,
PDX1,AKR1C1,pancreas,PDX1 IP,,,
125DVD3,AKR1C1,colon,CEBPB IP | 125DVD3,,,
CTCF,AKR1C2,leukocytes,"CTCF IP -  DND , CTCF IP - GM19238 cells, Rep 2 , CTCF IP - K562 cells , CTCF IP - F36P cells, Rep 14 , CTCF IP - K562 cells, Rep 12 , CTCF IP - GM12892 cells, Rep 2 , CTCF IP - UT-7 cells, Rep 3 , CTCF IP - KU812 cells, Rep 17 , CTCF IP - KU812 cells, Rep 13 , CTCF IP - GM12878 cells, Rep 1 , CTCF IP - UT-7 cells, Rep 5 , CTCF IP - GM19239 cells, Rep 1 , CTCF IP - F36P cells, Rep 15 , CTCF IP - GM19238 cells, Rep 1 , CTCF IP - GM2610 cells, Rep 2 , CTCF IP - F36P cells, Rep 6 , CTCF IP - K562 cells, Rep 11 , CTCF IP - UT-7 cells, Rep 4 , CTCF IP - KU812 cells, Rep 1 , CTCF IP - KU812 cells, Rep 9 , CTCF IP - MS1 cells, Rep 2 , CTCF IP - GM2630 cells, Rep 3 , CTCF IP - F36P cells, Rep 7 , CTCF IP - K562 cells, Rep 16 , CTCF IP - K562 cells, CTCF IP - F36P cells, Rep 11 , CTCF IP - GM12891 cells, Rep 2 , CTCF IP - F36P cells, Rep 3 , CTCF IP - GM19240 cells, Rep 1 , CTCF IP - K562 cells, CTCF IP - GM18486 cells, Rep 3 , CTCF IP - K562 cells, Rep 14 , CTCF IP - F36P cells, Rep 19 , CTCF IP - MS1 cells, Rep 3 , CTCF IP - GM2630 cells, Rep 2 , CTCF IP - KU812 cells, Rep 5 , CTCF IP - GM2255 cells, Rep 2 , CTCF ChIP-Seq - GM12878, CTCF IP - GM12891 cells, Rep 1 , CTCF IP - K562 cells, Rep 15 , CTCF IP - GM2588 cells, Rep 2 ",,,
FOXA1,AKR1C2,prostate,"CREB1 siRNA | FOXA1 ChIP-Seq - Rep 2, CON KD | FOXA1 ChIP-Seq, WT AR OE + FOXA1 OE | FOXA1 ChIP-Seq - high FOXA1, FOXA1 ChIP-Seq, EtOH | FOXA1 ChIP-Seq - Rep 2, AR C562S OE + FOXA1 OE | FOXA1 ChIP-Seq, CON KD + R1881 | FOXA1 ChIP-Seq, FOXA1 ChIP-Seq, R1881 | FOXA1 ChIP-Seq - Rep 1, GATA2 KD  | FOXA1 ChIP-Seq, FOXA1 ChIP-Seq - Rep 1, FOXA1 ChIP-Seq, FOXA1 KD | FOXA1 ChIP-Seq, CON KD  | FOXA1 ChIP-Seq, FOXA1 ChIP-Seq, POU2F1 KD + DHT | FOXA1 ChIP-Seq, WT AR OE + FOXA1 OE | FOXA1 ChIP-Seq, CON KD + R1881 | FOXA1 ChIP-Seq - Rep 1, EtOH | FOXA1 ChIP-Seq - , WT AR OE | FOXA1 ChIP-Seq, FOXA1 ChIP-Seq - Rep 2, CREB1 siRNA | FOXA1 ChIP-Seq - Rep 1, DHT | FOXA1 ChIP-Seq, GATA2 KD + R1881 | FOXA1 ChIP-Seq, R1881 | FOXA1 ChIP-Seq - Rep 2, AR Q640X OE + FOXA1 OE | FOXA1 ChIP-Seq, CON KD | FOXA1 ChIP-Seq, FOXA1 KD | FOXA1 ChIP-Seq, CON KD + R1881 | FOXA1 ChIP-Seq - Rep 2, FOXA1 ChIP-Seq - LNCaP-abl, CON KD | FOXA1 ChIP-Seq, PIAS1 + R1881 | FOXA1 ChIP-Seq - Rep 2, DHT | FOXA1 ChIP-Seq, PIAS1 + R1881 | FOXA1 ChIP-Seq - Rep 1",,,
CREB1,AKR1C2,prostate,"CREB1 siRNA | FOXA1 ChIP-Seq - Rep 2, CREB1 siRNA | FOXA1 ChIP-Seq - Rep 1",,,
AR,AKR1C2,prostate,"WT AR OE + FOXA1 OE | FOXA1 ChIP-Seq - high FOXA1, AR C562S OE + FOXA1 OE | FOXA1 ChIP-Seq, WT AR OE + FOXA1 OE | FOXA1 ChIP-Seq, WT AR OE | FOXA1 ChIP-Seq, AR Q640X OE + FOXA1 OE | FOXA1 ChIP-Seq",19668381,,
FOSL2,AKR1C2,mammarygland,FOSL2 IP - MCF7 cells,,,
TEAD4,AKR1C2,uterus,TEAD4 IP - ECC1 cells,,,
FOXA1,AKR1C2,mammarygland,"FOXA1 ChIP-Seq - Rep 2, 17BE2 | FOXA1 ChIP-Seq - Rep 2, FOXA1 ChIP-Seq - Rep 2, 17BE2 | FOXA1 ChIP-Seq - Rep 1, DEX | FOXA1 ChIP-Seq - Rep 1, DHT | FOXA1 ChIP-Seq, DEX | FOXA1 ChIP-Seq - Rep 2, FOXA1 IP - T47D, 17BE2 | FOXA1 ChIP-Seq - Rep 2, DEX | FOXA1 ChIP-Seq - Rep 2, FOXA1 ChIP-Seq - Rep 1, 17BE2 | FOXA1 ChIP-Seq - Rep 1, FOXA1 IP - T47D cells, DEX | FOXA1 ChIP-Seq - Rep 1, FOXA1 ChIP-Seq - Rep 1, 17BE2 | FOXA1 ChIP-Seq - Rep 1, FOXA1 IP - MCF-7, FOXA1 IP | 17BE2 - MCF-7, 17BE2 | FOXA1 ChIP-Seq",,,
17BE2,AKR1C2,mammarygland,"17BE2 | FOXA1 ChIP-Seq - Rep 2, FOS IP | 17BE2, 17BE2 | FOXA1 ChIP-Seq - Rep 1, 17BE2 | FOXA1 ChIP-Seq - Rep 2, 17BE2 | FOXA1 ChIP-Seq - Rep 1, 17BE2 | FOXA1 ChIP-Seq - Rep 1, FOXA1 IP | 17BE2 - MCF-7, 17BE2 | FOXA1 ChIP-Seq",,,
CTCF,AKR1C2,skin,"CTCF IP - AG04449 cells, Rep 2 , CTCF IP - NHEK cells, Rep 2 , CTCF IP - BJ cells, Rep 2 , CTCF IP - AG09309 cells, Rep 1 , CTCF IP - NHEK cells , CTCF IP - BJ cells, Rep 1 , CTCF IP - HFFC cells, Rep 1 , CTCF IP - NHDF cells , CTCF IP - NHDF cells, Rep 1 , CTCF IP - HFFC cells, Rep 2 , CTCF IP - HFFC cells, Rep 3 , CTCF IP - AG10803 cells, Rep 1 , CTCF IP - GM12878 cells, Rep 2 , CTCF IP - NHDF cells, Rep 2 , CTCF IP - AG10803 cells, Rep 2 , CTCF IP - AG04449 cells, Rep 1 ",,,
ZNF217,AKR1C2,mammarygland,ZNF217 IP - MCF7 cells,,,
CTCF,AKR1C2,skeletalmuscle,"CTCF IP - HSMM cells, Rep 1 , CTCF IP - HSMM cells, Rep 2 ",,,
STAT3,AKR1C2,mammarygland,"STAT3 IP | 4HT - MCF10 cells, 36 h, STAT3 IP | 4HT - MCF10 cells, 12 h, STAT3 IP - MCF10A cells, Rep 2",,,
4HT,AKR1C2,mammarygland,"STAT3 IP | 4HT - MCF10 cells, 36 h, STAT3 IP | 4HT - MCF10 cells, 12 h, FOS IP | 4HT - MCF10A cells, 36 h, FOS IP | 4HT - MCF10A cells, 4 h, FOS IP | 4HT - MCF10A cells, 12 h, MYC IP | 4HT - MCF10A cells",,,
CTCF,AKR1C2,cns,"CTCF IP - BE(2)-C cells, Rep 1 , CTCF IP - spinal cord astrocyte cells, Rep 2 , CTCF IP - cerebellar astrocyte cells, Rep 2 , CTCF IP - HCPEpiC cells, Rep 1 , CTCF IP - BE(2)-C cells, Rep 2 , CTCF IP - HCPEpiC cells, Rep 2 , CTCF IP - NHA cells , CTCF IP - spinal cord astrocyte cells, Rep 1 , CTCF IP - SK-N-SH cells ",,,
CTCF,AKR1C2,lung,"CTCF ChIP-Seq - A549, CTCF IP - A549 cells, CTCF IP - IMR cells, CTCF IP - NHLF cells , CTCF IP - A549 cells, Rep 2 , CTCF IP - NHLF cells , CTCF IP - SAEC cells, Rep 1 , CTCF IP | DEX - A549 cells , CTCF IP - SAEC cells, Rep 2 , CTCF IP - A549 cells , CTCF IP - HPF cells, Rep 1 , CTCF IP | DEX - A549 cells, CTCF IP - AG04450 cells, Rep 1 , CTCF IP - HPF cells, Rep 2 , CTCF IP - AG04450 cells, Rep 2 ",,,
RUNX1,AKR1C2,hspcs,RUNX1,,,
CREB1,AKR1C2,liver,"CREB1 IP, CREB1 IP - HepG2 cells, CREB1 IP",,,
FOXM1,AKR1C2,uterus,FOXM1 IP - ECC1 cells,,,
MAX,AKR1C2,leukocytes,"MAX IP - K562 cells, MAX IP - NB4 cells, MAX IP - K562 cells, Rep 2",,,
CTCF,AKR1C2,megakaryocytelineage,"CTCF IP - MEG-01 cells, Rep 4 , CTCF IP - MEG-01 cells, Rep 10 , CTCF IP - MEG-01 cells, Rep 8 , CTCF IP - MEG-01 cells, Rep 6 , CTCF IP - MEG-01 cells, Rep 2 ",,,
ARID3A,AKR1C2,leukocytes,ARID3A IP - K562 cells,,,
CEBPB,AKR1C2,colon,"CEBPB IP, CEBPB IP - HCT116 cells, CEBPB IP | 125DVD3",,,
CTCF,AKR1C2,esophagus,"CTCF IP - HEEpiC cells, Rep 2 , CTCF IP - HEEpiC cells, Rep 1 ",,,
MAX,AKR1C2,colon,MAX IP - HCT116 cells,,,
HEY1,AKR1C2,liver,HEY1 IP - HepG2 cells,,,
SP1,AKR1C2,leukocytes,SP1 IP - K562 cells,,,
ZBTB7A,AKR1C2,liver,ZBTB7A IP - HepG2 cells,,,
ATF3,AKR1C2,colon,ATF3 IP | CAMPTO,,,
MAFK,AKR1C2,leukocytes,"MAFK IP - K562 cells, MAFK IP - K562 cells",,,
GATA2,AKR1C2,cns,GATA2 ChIP-Seq SH-SY5Y,,,
SP1,AKR1C2,lung,SP1 IP - A549 cells,,,
SIX2,AKR1C2,kidney,"SIX2 IP - 17 weeks, Rep 2, SIX2 IP - 17 weeks, Rep 1, SIX2 IP -  16 weeks",,,
CTCF,AKR1C2,vasculature,"CTCF IP - AoAFC cells, Rep 1 , CTCF IP - AoAFC cells, Rep 2 , CTCF IP - HPAF cells, Rep 2 , CTCF IP - HUVEC cells , CTCF IP - HBMEC cells, Rep 1 , CTCF IP - HBMEC cells, Rep 2 , CTCF IP - HPAF cells, Rep 1 , CTCF IP - HUVEC cells, Rep 1 ",,,
CREB1,AKR1C2,lung,"CREB1 IP | DEX - A549 cells, CREB1 IP - A549 cells, Rep 2",,,
DEX,AKR1C2,lung,"CREB1 IP | DEX - A549 cells, FOXA1 IP | DEX - A549 cells, USF1 IP | DEX - A549 cells, CTCF IP | DEX - A549 cells , CTCF IP | DEX - A549 cells",,,
KLF11,AKR1C2,adiposetissue,"KLF11 ChIP-Seq, Rep 2, KLF11 ChIP-Seq, Rep 1, ROSI (BrAT) | KLF11 ChIP-Seq, Rep 1, ROSI (BrAT) | KLF11 ChIP-Seq, Rep 2",,,
BCL3,AKR1C2,lung,BCL3 IP - A549 cells,,,
CTCF,AKR1C2,kidney,"CTCF IP - RPTEC cells, Rep 2 , CTCF IP - HRE cells, Rep 1 , CTCF IP - HRE cells, Rep 2 , CTCF IP - HEK293 cells, Rep 1 , CTCF IP - RPTEC cells, Rep 1 ",,,
FOS,AKR1C2,mammarygland,"FOS IP | 17BE2, FOS IP - MCF10A cells, FOS IP | 4HT - MCF10A cells, 36 h, FOS IP | 4HT - MCF10A cells, 4 h, FOS IP | 4HT - MCF10A cells, 12 h",,,
CTCF,AKR1C2,mammarygland,"CTCF IP - MCF7 cells, CTCF IP - HMEC cells, Rep 2 , CTCF IP - HMEC cells , CTCF IP - HMF cells, Rep 1 , CTCF IP - HMEC cells, Rep 1 , CTCF IP - MCF-7 cells, Rep 1 , CTCF IP - HMF cells, Rep 2 , CTCF IP - MCF-7 cells Rep 2 , CTCF IP - T47D cells",,,
MYBL2,AKR1C2,liver,MYBL2 IP - HepG2 cells,,,
MAZ,AKR1C2,leukocytes,MAZ IP - K562 cells,,,
FOXA2,AKR1C2,lung,FOXA2 IP - A549 cells,,,
CEBPB,AKR1C2,leukocytes,"CEBPB IP - Rep 204, CEBPB ChIP-Seq - K562, CEBPB IP - Rep 203, CEBPB IP | oxLDL  - Rep 208, CEBPB IP | oxLDL  - Rep 205, CEBPB IP - K562 cells, CEBPB IP - Rep 201, CEBPB IP| oxLDL  - Rep 207, CEBPB IP | oxLDL  - Rep 206",,,
TEAD4,AKR1C2,liver,TEAD4 IP - HepG2 cells,,,
E2F6,AKR1C2,stemcells,E2F6 IP - H1 cells,,,
CEBPB,AKR1C2,liver,"CEBPB IP | FORSK - HepG2 cells, CEBPB IP - HepG2 cells, CEBPB ChIP-Seq - HepG2",,,
FORSK,AKR1C2,liver,CEBPB IP | FORSK - HepG2 cells,,,
CEBPB,AKR1C2,stemcells,"CEBPB IP, CEBPB IP, CEBPB IP, CEBPB IP, CEBPB IP, CEBPB IP, CEBPB IP, CEBPB IP",,,
TAL1,AKR1C2,leukocytes,TAL1 IP - K562 cells,,,
REST,AKR1C2,leukocytes,REST IP - K562 cells,,,
R1881,AKR1C2,prostate,"CON KD + R1881 | FOXA1 ChIP-Seq, R1881 | FOXA1 ChIP-Seq - Rep 1, CON KD + R1881 | FOXA1 ChIP-Seq - Rep 1, GATA2 KD + R1881 | FOXA1 ChIP-Seq, R1881 | FOXA1 ChIP-Seq - Rep 2, CON KD + R1881 | FOXA1 ChIP-Seq - Rep 2, PIAS1 + R1881 | FOXA1 ChIP-Seq - Rep 2, PIAS1 + R1881 | FOXA1 ChIP-Seq - Rep 1",,,
MAFK,AKR1C2,liver,"MAFK IP - HepG2 cells, Rep 1, MAFK IP - HepG2 cells, Rep 2",,,
CTCF,AKR1C2,heart,"CTCF IP - HCF cells , CTCF IP - myocytes cells, Rep 2 , CTCF IP - myocytes cells, Rep 1 ",,,
GATA4,AKR1C2,stomach,GATA4 IP - AGS,,,
CDX2,AKR1C2,colon,"CDX2 IP | 125DVD3, CDX2 IP",,,
125DVD3,AKR1C2,colon,"CDX2 IP | 125DVD3, CEBPB IP | 125DVD3",,,
GATA3,AKR1C2,lung,GATA3 IP - A549 cells,,,
MYC,AKR1C2,uterus,MYC IP - HeLa cells,,,
FOS,AKR1C2,vasculature,FOS IP - HUVEC cells,,,
FOXA2,AKR1C2,stemcells,FOXA2 IP - Rep 1 ,,,
CTCF,AKR1C2,miscellaneous,"CTCF IP - AG09319 cells, Rep 2 , CTCF IP - AG09319 cells, Rep 1 ",,,
ELF3,AKR1C2,pancreas,"ELF3 IP, ELF3 IP | KLF5 KO, ELF3 IP",,,
MAFF,AKR1C2,liver,MAFF IP - HepG2 cells,,,
ELF1,AKR1C2,mammarygland,ELF1 IP - MCF7 cells,,,
CEBPB,AKR1C2,bone,CEBPB IP,,,
MAX,AKR1C2,liver,"MAX IP - HepG2 cells, MAX IP - HepG2 cells, MAX IP - MCF7 cells",,,
GATA1,AKR1C2,hspcs,"GATA1 IP - Rep 3, GATA1 IP - PBDE cells, Rep 1, GATA1 IP - Rep 2, GATA1 IP - Rep 1",,,
RELA,AKR1C2,adiposetissue,"RELA IP, RELA IP, RELA IP, RELA IP",,,
GATA2,AKR1C2,leukocytes,"GATA2 IP - K562 cells, GATA2 IP - K562 cells",,,
REST,AKR1C2,uterus,"REST IP - ECC1 cells, REST IP - SK-N-SH cells",,,
CTCF,AKR1C2,colon,"CTCF IP - HCT116 cells, CTCF IP - Caco , CTCF IP - Caco-2 cells, Rep 1 , CTCF IP - HCT116 cells, Rep 1 ",,,
TP63,AKR1C2,skin,"TP63 IP | BANF1 KD, TP63 IP, TP63 IP, TP63 IP",,,
BANF1,AKR1C2,skin,TP63 IP | BANF1 KD,,,
GATA2,AKR1C2,hspcs,GATA2 IP,,,
BACH1,AKR1C2,leukocytes,BACH1 IP - K562 cells,,,
TCF12,AKR1C2,lung,TCF12 IP - A549 cells,,,
JUN,AKR1C2,leukocytes,"JUN IP - K562 cells, Rep 2",,,
STAT3,AKR1C2,uterus,STAT3 IP - HeLa cells,,,
IRF4,AKR1C2,leukocytes,IRF4 IP,,,
SPI1,AKR1C2,leukocytes,"SPI1 IP, SPI1 IP - U-937 cells, Rep 4 , SPI1 IP, SPI1 IP, SPI1 IP, SPI1 IP, SPI1 IP, SPI1 IP - U-937 cells, Rep 1 ",,,
SOX2,AKR1C2,esophagus,SOX2 IP - KYSE-70,,,
GATA2,AKR1C2,prostate,"GATA2 KD  | FOXA1 ChIP-Seq, GATA2 KD + R1881 | FOXA1 ChIP-Seq",,,
FOXA1,AKR1C2,lung,"FOXA1 IP | DEX - A549 cells, FOXA1 IP - A549 cells",,,
USF1,AKR1C2,liver,USF1 IP - HepG2 cells,,,
MXI1,AKR1C2,liver,MXI1 IP - HepG2 cells,,,
CTCF,AKR1C2,liver,"CTCF IP, CTCF IP - SK-N-SH cells, CTCF IP - HepG2 cells ",,,
CTCF,AKR1C2,hspcs,"CTCF IP - Erythroid cells, Rep 1, CTCF IP - HEL 92.1.7 cells, Rep 11 , CTCF IP - HEL 92.1.7 cells, Rep 8 , CTCF IP - HEL 92.1.7 cells, Rep 14 , CTCF IP - Erythroid cells, Rep 2, CTCF IP - HEL 92.1.7 cells, Rep 5 , CTCF IP - HEL 92.1.7 cells, Rep 2 ",,,
CTCF,AKR1C2,sensory,"CTCF IP - HRPEpiC cells, Rep 1 , CTCF IP - HRPEpiC cells, Rep 2 ",,,
USF1,AKR1C2,lung,"USF1 IP | DEX - A549 cells, USF1 IP - A549 cells, Rep 2",,,
ZEB1,AKR1C2,liver,ZEB1 IP - HepG2 cells,,,
CEBPB,AKR1C2,lung,"CEBPB IP - A549 cells, CEBPB ChIP-Seq - A549, CEBPB ChIP-Seq - IMR90",,,
ELF1,AKR1C2,liver,ELF1 IP - HepG2 cells,,,
MAX,AKR1C2,cns,MAX IP - SK-N-SH cells,,,
PBX3,AKR1C2,lung,PBX3 IP - A549 cells,,,
IRF1,AKR1C2,leukocytes,"IRF1 IP | IFNG - K562 cells, 6 h, IRF1 IP | IFNG - K562 cells, 30 min, IRF1 IP | IFNA1-13 - K562 cells, 6 h",,,
IFNG,AKR1C2,leukocytes,"IRF1 IP | IFNG - K562 cells, 6 h, MYC IP | IFNG - K562 cells, 30 min, IRF1 IP | IFNG - K562 cells, 30 min",,,
DEX,AKR1C2,mammarygland,"DEX | FOXA1 ChIP-Seq - Rep 1, DEX | FOXA1 ChIP-Seq - Rep 2, DEX | FOXA1 ChIP-Seq - Rep 2, DEX | FOXA1 ChIP-Seq - Rep 1",,,
DHT,AKR1C2,mammarygland,DHT | FOXA1 ChIP-Seq,,,
TBP,AKR1C2,liver,TBP IP - HepG2 cells,,,
FOXA1,AKR1C2,liver,"FOXA1 IP - HepG2 cells, Rep 1, FOXA1 IP - HepG2 cells, Rep 2",,,
JUND,AKR1C2,mammarygland,JUND IP - MCF7 cells,,,
MAX,AKR1C2,uterus,"MAX IP - HeLa cells, Rep 2, MAX IP - ECC1 cells, MAX IP - HeLa cells, Rep 1",,,
MXI1,AKR1C2,lung,MXI1 IP - IMR cells,,,
JUN,AKR1C2,uterus,JUN IP - HeLa cells,,,
FOS,AKR1C2,uterus,FOS IP - HeLa cells,,,
FLI1,AKR1C2,hspcs,FLI1 IP,,,
YY1,AKR1C2,lung,YY1 IP - A549 cells,,,
ATF1,AKR1C2,leukocytes,ATF1 IP - K562 cells,,,
FOXA1,AKR1C2,pancreas,"FOXA1 IP, FOXA1 IP, FOXA1 IP | KLF5 KO",,,
DHT,AKR1C2,prostate,"POU2F1 KD + DHT | FOXA1 ChIP-Seq, DHT | FOXA1 ChIP-Seq, DHT | FOXA1 ChIP-Seq",,,
POU2F1,AKR1C2,prostate,POU2F1 KD + DHT | FOXA1 ChIP-Seq,,,
CTCF,AKR1C2,placenta,"CTCF IP - HVMF cells, Rep 1 , CTCF IP - HVMF cells, Rep 2 ",,,
FOXA1,AKR1C2,stemcells,FOXA1 IP - Rep 5 ,,,
NFYA,AKR1C2,leukocytes,NFYA IP - K562 cells,,,
SP1,AKR1C2,stemcells,SP1 IP - H1 cells,,,
MYC,AKR1C2,leukocytes,"MYC IP | IFNG - K562 cells, 30 min, MYC IP - NB4 cells, MYC IP - K562 cells, Rep 1",,,
FOXA2,AKR1C2,liver,"FOXA2 ChIP-Seq - Biol Rep 3, Tech Rep 1, FOXA2 IP - HepG2 cells",19822575,,
REST,AKR1C2,liver,"REST IP - HepG2 cells, Rep 1",,,
FOS,AKR1C2,leukocytes,FOS IP - K562 cells,,,
ATF3,AKR1C2,lung,ATF3 IP - A549 cells,,,
ROSI,AKR1C2,adiposetissue,"ROSI (BrAT) | KLF11 ChIP-Seq, Rep 1, ROSI (BrAT) | KLF11 ChIP-Seq, Rep 2",,,
MAFK,AKR1C2,uterus,MAFK IP - HeLa cells,,,
KLF5,AKR1C2,pancreas,"ELF3 IP | KLF5 KO, FOXA1 IP | KLF5 KO",,,
SIX5,AKR1C2,lung,SIX5 IP | DEX - A549 cells,,,
IRF1,AKR1C2,pancreas,IRF1 IP,,,
CTCF,AKR1C2,stemcells,"CTCF IP - H1 cells , CTCF IP - H1 cells",,,
TCF21,AKR1C2,vasculature,"TCF21 IP, TCF21 IP, TCF21 IP",,,
GATA1,AKR1C2,leukocytes,GATA1 ChIP-Seq - SC266,,,
GTF2B,AKR1C2,uterus,"GTF2B IP - Rep 3, GTF2B IP - Rep 2",,,
CTCF,AKR1C2,uterus,CTCF IP - HeLa cells ,,,
MAX,AKR1C2,stemcells,"MAX IP - H1 cells, MAX IP - H1 cells",,,
MYC,AKR1C2,bone,MYC IP,,,
JUND,AKR1C2,lung,JUND IP - A549 cells,,,
TCF12,AKR1C2,liver,"TCF12 IP - HepG2 cells, TCF12 IP - MCF7 cells",,,
HEY1,AKR1C2,leukocytes,HEY1 IP - K562 cells,,,
JUND,AKR1C2,leukocytes,JUND IP - K562 cells,,,
MAX,AKR1C2,lung,"MAX IP - A549 cells, MAX IP - A549 cells",,,
PDX1,AKR1C2,pancreas,PDX1 IP,,,
JUND,AKR1C2,vasculature,JUND IP,,,
BHLHE40,AKR1C2,leukocytes,BHLHE40 IP - K562 cells,,,
JUND,AKR1C2,uterus,JUND IP - HeLa cells,,,
TP53,AKR1C2,mammarygland,TP53 IP | NUTL3 - MCF-7,,,
GATA3,AKR1C2,mammarygland,GATA3 IP - MCF7 cells,,,
REST,AKR1C2,stemcells,"REST IP - H1 cells, Rep 1",,,
REST,AKR1C2,cns,REST IP - U87 cells,,,
E2F6,AKR1C2,leukocytes,E2F6 IP - K562 cells,,,
TEAD4,AKR1C2,leukocytes,TEAD4 IP - K562 cells,,,
CTCF,AKR1C2,adiposetissue,"CTCF ChIP-Seq - d 9, CTCF ChIP-Seq - d 0, CTCF ChIP-Seq - d -2, CTCF ChIP-Seq - d 3",,,
BACH1,AKR1C2,stemcells,BACH1 IP - H1 cells,,,
TBP,AKR1C2,uterus,TBP IP - HeLa cells,,,
BCL3,AKR1C2,leukocytes,BCL3 IP - GM12878 cells,,,
JUN,AKR1C2,vasculature,JUN IP,,,
MYC,AKR1C2,lung,MYC IP - A549 cells,,,
REST,AKR1C2,lung,REST IP - A549 cells,,,
CEBPB,AKR1C2,uterus,"CEBPB ChIP-Seq - HeLaS3, CEBPB IP - ECC1 cells",,,
FOXM1,AKR1C2,mammarygland,FOXM1 IP - MCF7 cells,,,
NFYB,AKR1C2,leukocytes,"NFYB IP - K562 cells, NFYB IP - GM12878 cells",,,
JUN,AKR1C2,liver,JUN IP - HepG2 cells,,,
FOSL1,AKR1C2,colon,FOSL1 IP - HCT116 cells,,,
FOSL2,AKR1C2,cns,FOSL2 IP - SK-N-SH cells,,,
YY1,AKR1C2,leukocytes,"YY1 IP - K562 cells, Rep 1",,,
JUND,AKR1C2,colon,JUND IP - HCT116 cells,,,
JUND,AKR1C2,liver,"JUND IP - HepG2 cells, JUND IP - HepG2 cells",,,
E2F6,AKR1C2,lung,E2F6 IP - A549 cells,,,
ETS1,AKR1C2,lung,ETS1 IP - A549 cells,,,
NFYB,AKR1C2,uterus,NFYB IP - HeLa cells,,,
SP1,AKR1C2,liver,SP1 IP - HepG2 cells,,,
TEAD4,AKR1C2,lung,TEAD4 IP - A549 cells,,,
MYC,AKR1C2,mammarygland,"MYC IP - MCF-10A cells, MYC IP | 4HT - MCF10A cells",,,
GATA6,AKR1C2,stomach,"GATA6 IP - AGS, GATA6 IP - YCC3",,,
GTF2B,AKR1C2,leukocytes,GTF2B IP - K562 cells,,,
CEBPB,AKR1C2,mammarygland,CEBPB IP - MCF7 cells,,,
MAFF,AKR1C2,leukocytes,MAFF IP - K562 cells,,,
TCF12,AKR1C2,uterus,TCF12 IP - ECC1 cells,,,
ARID3A,AKR1C2,liver,ARID3A IP - HepG2 cells,,,
SMAD1,AKR1C2,hspcs,SMAD1 IP - Rep 3,,,
PIAS1,AKR1C2,prostate,"PIAS1 + R1881 | FOXA1 ChIP-Seq - Rep 2, PIAS1 + R1881 | FOXA1 ChIP-Seq - Rep 1",,,
CTCF,AKR1C2,pancreas,CTCF IP,,,
IFNA1,AKR1C2,leukocytes,"IRF1 IP | IFNA1-13 - K562 cells, 6 h",,,
TBP,AKR1C2,leukocytes,TBP IP - K562 cells,,,
CEBPA,AKR1C2,leukocytes,CEBPA IP,,,
GABPA,AKR1C2,lung,GABPA IP - A549 cells,,,
GATA2,AKR1C2,vasculature,GATA2 IP - HUVEC cells,,,
STAT1,AKR1C2,uterus,"STAT1 IP | IFNG - HeLa cells, 30 min",,,
IFNG,AKR1C2,uterus,"STAT1 IP | IFNG - HeLa cells, 30 min",,,
CTCF,AKR1C2,bone,CTCF IP - Osteoblasts ,,,
FOSL2,AKR1C2,lung,FOSL2 IP - A549 cells,,,
FOSL2,AKR1C2,liver,FOSL2 IP - HepG2 cells,,,
NFATC1,AKR1C2,leukocytes,NFATC1 IP - GM12878 cells,,,
CTCF,AKR1C3,stemcells,"CTCF IP - Rep 7 , CTCF IP - Rep 6 , CTCF IP - H1 cells , CTCF IP - H1 cells, CTCF IP - Rep 2 , CTCF IP - Rep 5 ",,,
CTCF,AKR1C3,leukocytes,"CTCF IP - F36P cells, Rep 10 , CTCF IP - GM18526 cells, Rep 1 , CTCF IP - K562 cells, Rep 13 , CTCF IP - GM11994 cells, Rep 2, CTCF IP - GM19193 cells, Rep 2 , CTCF IP - GM19193 cells, Rep 1 , CTCF IP - GM12154 cells, Rep 2, CTCF IP - F36P cells, Rep 2 , CTCF IP - GM12875 cells, Rep 1 , CTCF IP - K562 cells, Rep 12 , CTCF IP - GM12892 cells, Rep 2 , CTCF IP - GM12873 cells, Rep 3 , CTCF IP, CTCF IP - GM12864 cells, Rep 1 , CTCF IP -  DND , CTCF IP - GM18486 cells, Rep 3 , CTCF IP - GM06990 cells, Rep 2 , CTCF IP - GM12871 cells , CTCF IP - UT-7 cells, Rep 3 , CTCF IP - KU812 cells, Rep 13 , CTCF IP - KU812 cells, Rep 17 , CTCF IP - GM12878 cells, Rep 2 , CTCF IP - GM12872 cells, Rep 1 , CTCF IP - GM11994 cells, Rep 1, CTCF IP - UT-7 cells, Rep 5 , CTCF IP - K562 cells , CTCF IP - GM2588 cells, Rep 1 , CTCF IP - F36P cells, Rep 15 , CTCF IP - GM12890 cells, Rep 1 , CTCF IP - GM19238 cells, Rep 1 , CTCF IP - K562 cells, Rep 1 , CTCF IP - GM2255 cells, Rep 1 , CTCF IP - GM12890 cells, Rep 2 , CTCF IP - GM12866 cells , CTCF IP - K562 cells, Rep 11 , CTCF IP - GM19240 cells, Rep 2 , CTCF IP - GM12878 cells, Rep 2 , CTCF IP - F36P cells, Rep 6 , CTCF IP - GM19238 cells, Rep 2 , CTCF IP - GM12865 cells, Rep 3 , CTCF IP - KU812 cells, Rep 1 , CTCF IP - GM12869 cells , CTCF IP - GM2610 cells, Rep 2 , CTCF IP - GM10847 cells, Rep 1 , CTCF IP - GM06990 cells, Rep 1 , CTCF IP - GM2255 cells, Rep 3 , CTCF IP - KU812 cells, Rep 9 , CTCF IP - GM12865 cells, Rep 2 , CTCF IP - GM12875 cells, Rep 2 , CTCF IP - GM12878 cells , CTCF IP - K562 cells, Rep 16 , CTCF IP - F36P cells, Rep 7 , CTCF IP - GM2630 cells, Rep 3 , CTCF IP - GM12890 cells, Rep 3 , CTCF IP - MS1 cells, Rep 1 , CTCF IP - K562 cells, CTCF IP - GM18951 cells, Rep 1 , CTCF IP - F36P cells, Rep 11 , CTCF IP - F36P cells, Rep 3 , CTCF IP - GM2630 cells, Rep 1 , CTCF IP - GM19240 cells, Rep 1 , CTCF IP - GM2610 cells, Rep 3 , CTCF IP - HeLa cells, Rep 2 , CTCF IP - MS1 cells, Rep 2 , CTCF IP -  CD20+ cells , CTCF IP - GM06986 cells, CTCF IP - GM12828 cells, CTCF IP - GM19099 cells, Rep 2 , CTCF IP - GM12872 cells, Rep 2 , CTCF IP - GM19099 cells, Rep 1 , CTCF IP - GM12873 cells, Rep 1 , CTCF IP - F36P cells, Rep 19 , CTCF IP - GM12865 cells, Rep 1 , CTCF IP - GM18505 cells, Rep 1 , CTCF IP - GM12868 cells , CTCF IP - GM19239 cells, Rep 2 , CTCF IP - GM12891 cells, Rep 2 , CTCF IP - GM10847 cells, Rep 2 , CTCF IP - GM12878 cells, Rep 1 , CTCF IP - K562 cells, Rep 14 , CTCF IP - GM12864 cells, Rep 3 , CTCF IP - GM19239 cells, Rep 1 , CTCF IP - GM12874 cells, Rep 2 , CTCF IP - GM12864 cells, Rep 2 , CTCF IP - GM2588 cells, Rep 2 , CTCF IP - HL , CTCF IP - MS1 cells, Rep 3 , CTCF IP - GM2630 cells, Rep 2 , CTCF IP - GM12874 cells, Rep 1 , CTCF IP - CD14+ cells , CTCF IP - GM12891 cells, Rep 1 , CTCF IP - KU812 cells, Rep 5 , CTCF IP - GM2255 cells, Rep 2 , CTCF IP - K562 cells, Rep 15 , CTCF ChIP-Seq - GM12878, CTCF IP - MS1 cells, Rep 4 , CTCF IP - GM18505 cells, Rep 2 , CTCF IP - K562 cells, CTCF IP - GM18526 cells, Rep 2 , CTCF IP - GM18486 cells, Rep 1 , CTCF IP - GM12892 cells, Rep 1 , CTCF IP - GM12867 cells , CTCF IP - GM12870 cells , CTCF IP - GM18951 cells, Rep 2 , CTCF IP - F36P cells, Rep 14 , CTCF IP - GM2610 cells, Rep 1 , CTCF IP - GM12873 cells, Rep 1 , CTCF IP - GM2588 cells, Rep 3 , CTCF IP - GM12872 cells, Rep 3 ",,,
CTCF,AKR1C3,uterus,"CTCF IP - ECC1 cells, CTCF IP - HeLa cells, Rep 1 , CTCF IP - HeLa cells ",,,
CTCF,AKR1C3,cns,"CTCF IP - SK cells, CTCF IP - SK-N-SH cells, Rep 2 , CTCF IP - HCPEpiC cells, Rep 2 , CTCF IP - cerebellar astrocyte cells, Rep 2 , CTCF IP - BE(2)-C cells, Rep 1 , CTCF IP - HCPEpiC cells, Rep 1 , CTCF IP - BE(2)-C cells, Rep 2 , CTCF IP - NHA cells , CTCF IP - SK-N-SH cells, Rep 1 , CTCF IP - spinal cord astrocyte cells, Rep 1 , CTCF IP - SK-N-SH cells , CTCF IP - spinal cord astrocyte cells, Rep 2 ",,,
SP1,AKR1C3,stemcells,SP1 IP - H1 cells,,,
GTF2B,AKR1C3,uterus,"GTF2B IP - Rep 2, GTF2B IP - Rep 3, GTF2B IP - Rep 1",,,
CTCF,AKR1C3,heart,"CTCF IP - myocytes cells, Rep 1 , CTCF IP - myocytes cells, Rep 2 , CTCF IP - HCF cells ",,,
FOXA1,AKR1C3,prostate,"EtOH | FOXA1 ChIP-Seq - Rep 2, FOXA1 ChIP-Seq - Rep 2, AR C562S OE + FOXA1 OE | FOXA1 ChIP-Seq, CON KD  | FOXA1 ChIP-Seq, POU2F1 KD + DHT | FOXA1 ChIP-Seq, CREB1 siRNA | FOXA1 ChIP-Seq - Rep 2, FOXA1 ChIP-Seq, R1881 | FOXA1 ChIP-Seq - Rep 1, CON KD | FOXA1 ChIP-Seq, FOXA1 KD | GATA2 ChIP-Seq, FOXA1 ChIP-Seq - Rep 1, FOXA1 KD | FOXA1 ChIP-Seq, WT AR OE + FOXA1 OE | FOXA1 ChIP-Seq, FOXA1 ChIP-Seq - Rep 2, CREB1 siRNA | FOXA1 ChIP-Seq - Rep 1, CON KD + R1881 | FOXA1 ChIP-Seq - Rep 1, FOXA1 ChIP-Seq, GATA2 KD  | FOXA1 ChIP-Seq, EtOH | FOXA1 ChIP-Seq - , FOXA1 ChIP-Seq, GATA2 KD + R1881 | FOXA1 ChIP-Seq, DHT | FOXA1 ChIP-Seq, FOXA1 + FBS | GATA2 ChIP-Seq, R1881 | FOXA1 ChIP-Seq - Rep 2, AR Q640X OE + FOXA1 OE | FOXA1 ChIP-Seq, FOXA1 KD | FOXA1 ChIP-Seq, CON KD | FOXA1 ChIP-Seq, FOXA1 ChIP-Seq - LNCaP-abl, CON KD + R1881 | FOXA1 ChIP-Seq - Rep 2, CON KD + R1881 | FOXA1 ChIP-Seq, PIAS1 + R1881 | FOXA1 ChIP-Seq - Rep 2, PIAS1 + R1881 | FOXA1 ChIP-Seq - Rep 1, WT AR OE + FOXA1 OE | FOXA1 ChIP-Seq - high FOXA1, DHT | FOXA1 ChIP-Seq, CON KD | FOXA1 ChIP-Seq, FOXA1 ChIP-Seq",,,
TEAD4,AKR1C3,uterus,TEAD4 IP - ECC1 cells,,,
NFYA,AKR1C3,leukocytes,NFYA IP - K562 cells,,,
FOXA1,AKR1C3,uterus,FOXA1 IP - ECC1 cells,,,
CTCF,AKR1C3,mammarygland,"CTCF IP - HMEC cells, Rep 2 , CTCF IP - HMEC cells , CTCF IP - HMEC cells, Rep 1 , CTCF IP - HMF cells, Rep 1 , CTCF IP - MCF-7 cells Rep 2 , CTCF IP - MCF7 cells, CTCF IP - T47D cells, CTCF IP - MCF-7 cells, Rep 1 , CTCF IP - HMF cells, Rep 2 ",,,
CTCF,AKR1C3,skin,"CTCF IP - NHEK cells , CTCF IP - BJ cells, Rep 1 , CTCF IP - AG04449 cells, Rep 2 , CTCF IP - NHDF cells, Rep 2 , CTCF IP - GM12878 cells, Rep 2 , CTCF IP - AG10803 cells, Rep 1 , CTCF IP - AG09309 cells, Rep 1 , CTCF IP - AG10803 cells, Rep 2 , CTCF IP - AG04449 cells, Rep 1 , CTCF IP - NHDF cells , CTCF IP - HFFC cells, Rep 1 , CTCF IP - NHDF cells, Rep 1 , CTCF IP - HFFC cells, Rep 2 , CTCF IP - HFFC cells, Rep 3 , CTCF IP - NHEK cells, Rep 2 , CTCF IP - BJ cells, Rep 2 ",,,
CEBPB,AKR1C3,liver,"CEBPB ChIP-Seq - HepG2, CEBPB IP | FORSK - HepG2 cells",,,
SPI1,AKR1C3,leukocytes,"SPI1 IP, SPI1 IP - HL cells, SPI1 IP - U-937 cells, Rep 3 , SPI1 IP, ROSI | SPI1 ChIP-Seq, SPI1 IP - U-937 cells, Rep 1 , SPI1 IP, SPI1 IP - U-937 cells, Rep 5 , SPI1 IP - U-937 cells, Rep 2 , SPI1 IP, SPI1 IP, SPI1 IP - U-937 cells, Rep 6 , SPI1 IP - U-937 cells, Rep 4 , SPI1 IP",,,
NKX3-1,AKR1C3,prostate,DHT | NKX3-1 ChIP-Seq,,,
DHT,AKR1C3,prostate,"DHT | NKX3-1 ChIP-Seq, POU2F1 KD + DHT | FOXA1 ChIP-Seq, DHT | FOXA1 ChIP-Seq, DHT | FOXP1 ChIP-Seq, DHT | ERG ChIP-Seq - 18 h, DHT | ERG ChIP-Seq - 2 h, DHT | FOXA1 ChIP-Seq",,,
FOXA1,AKR1C3,mammarygland,"TNF | FOXA1 ChIP-Seq - Rep 1, DEX | FOXA1 ChIP-Seq - Rep 2, DEX | FOXA1 ChIP-Seq - Rep 1, FOXA1 ChIP-Seq - Rep 2, 17BE2 | FOXA1 ChIP-Seq - Rep 2, FOXA1 ChIP-Seq, FOXA1 ChIP-Seq - Rep 2, FOXA1 ChIP-Seq - Rep 2, FOXA1 ChIP-Seq - Rep 1, DHT | FOXA1 ChIP-Seq, 17BE2 | FOXA1 ChIP-Seq - Rep 1, 17BE2 | FOXA1 ChIP-Seq - Rep 2, 17BE2 | FOXA1 ChIP-Seq - Rep 1, TNF | FOXA1 ChIP-Seq - Rep 2, DEX | FOXA1 ChIP-Seq - Rep 2, FOXA1 IP - T47D, 17BE2 + TNF | FOXA1 ChIP-Seq - Rep 2, DEX | FOXA1 ChIP-Seq - Rep 2, FOXA1 IP - T47D cells, 17BE2 | FOXA1 ChIP-Seq - Rep 2, DEX | FOXA1 ChIP-Seq - Rep 1, FOXA1 ChIP-Seq - Rep 1, 17BE2 | FOXA1 ChIP-Seq, FOXA1 ChIP-Seq - Rep 1, 17BE2 | FOXA1 ChIP-Seq - Rep 2",,,
TNF,AKR1C3,mammarygland,"TNF | FOXA1 ChIP-Seq - Rep 1, TNF | FOXA1 ChIP-Seq - Rep 2",,,
AR,AKR1C3,prostate,"AR C562S OE + FOXA1 OE | FOXA1 ChIP-Seq, WT AR OE + FOXA1 OE | FOXA1 ChIP-Seq, AR Q640X OE + FOXA1 OE | FOXA1 ChIP-Seq, WT AR OE + FOXA1 OE | FOXA1 ChIP-Seq - high FOXA1",,,22971343
STAT3,AKR1C3,mammarygland,"STAT3 IP - MCF10A cells, Rep 1, STAT3 IP - MCF10A cells, Rep 2, STAT3 IP | 4HT - MCF10 cells, 12 h, STAT3 IP | 4HT - MCF10 cells, 36 h",,,
NFKB2,AKR1C3,leukocytes,"NFKB2 IP - Rep 1, NFKB2 IP - Rep 2",,,
CTCF,AKR1C3,kidney,"CTCF IP - HRE cells, Rep 1 , CTCF IP - RPTEC cells, Rep 2 , CTCF IP - HRE cells, Rep 2 , CTCF IP - HEK293 cells, Rep 2 , CTCF IP - RPTEC cells, Rep 1 , CTCF IP - HEK293 cells, Rep 1 ",,,
MAZ,AKR1C3,leukocytes,MAZ IP - K562 cells,,,
HEY1,AKR1C3,leukocytes,HEY1 IP - K562 cells,,,
CTCF,AKR1C3,skeletalmuscle,"CTCF IP - HSMM cells, Rep 2 , CTCF IP - HSMM cells, Rep 1 ",,,
CTCF,AKR1C3,lung,"CTCF IP | DEX - A549 cells , CTCF IP - SAEC cells, Rep 2 , CTCF IP - HPF cells, Rep 1 , CTCF IP - A549 cells, Rep 1 , CTCF IP - A549 cells , CTCF IP - NHLF cells , CTCF IP - SAEC cells, Rep 1 , CTCF IP | DEX - A549 cells, CTCF IP - AG04450 cells, Rep 2 , CTCF IP - WI-38 cells, Rep 1 , CTCF IP - A549 cells, CTCF IP - IMR cells, CTCF IP - A549 cells, Rep 2 , CTCF IP - NHLF cells , CTCF IP - HPF cells, Rep 2 , CTCF IP - AG04450 cells, Rep 1 , CTCF ChIP-Seq - A549",,,
DEX,AKR1C3,lung,"CTCF IP | DEX - A549 cells , CTCF IP | DEX - A549 cells, FOXA1 IP | DEX - A549 cells",,,
DEX,AKR1C3,mammarygland,"DEX | FOXA1 ChIP-Seq - Rep 2, DEX | FOXA1 ChIP-Seq - Rep 1, DEX | FOXA1 ChIP-Seq - Rep 2, DEX | FOXA1 ChIP-Seq - Rep 2, DEX | FOXA1 ChIP-Seq - Rep 1",,,
CEBPB,AKR1C3,lung,"CEBPB IP - A549 cells, CEBPB ChIP-Seq - A549, CEBPB ChIP-Seq - IMR90",,,
CEBPB,AKR1C3,leukocytes,"CEBPB IP - K562 cells, CEBPB ChIP-Seq - K562",,,
MXI1,AKR1C3,liver,MXI1 IP - HepG2 cells,,,
CREB1,AKR1C3,liver,"CREB1 IP - HepG2 cells, CREB1 IP",,,
NFYB,AKR1C3,uterus,NFYB IP - HeLa cells,,,
CTCF,AKR1C3,colon,"CTCF IP - Rep 1 , CTCF IP - HCT116 cells, CTCF IP - Caco , CTCF IP - Rep 2 , CTCF IP - HCT116 cells, Rep 2 , CTCF IP - Caco-2 cells, Rep 1 , CTCF IP - HCT116 cells, Rep 1 ",,,
YY1,AKR1C3,stemcells,YY1 IP - H1 cells,,,
NFYB,AKR1C3,leukocytes,"NFYB IP - GM12878 cells, NFYB IP - K562 cells",,,
MYC,AKR1C3,mammarygland,"MYC IP | 4HT - MCF10A cells, MYC IP - MCF-10A cells",,,
4HT,AKR1C3,mammarygland,"MYC IP | 4HT - MCF10A cells, FOS IP | 4HT - MCF10A cells, 12 h, STAT3 IP | 4HT - MCF10 cells, 12 h, FOS IP | 4HT - MCF10A cells, 36 h, FOS IP | 4HT - MCF10A cells, 4 h, STAT3 IP | 4HT - MCF10 cells, 36 h",,,
REST,AKR1C3,liver,"REST IP - HepG2 cells, Rep 1",,,
TBP,AKR1C3,uterus,TBP IP - HeLa cells,,,
JUND,AKR1C3,liver,"JUND IP - HepG2 cells, JUND IP - HepG2 cells",,,
POU2F1,AKR1C3,prostate,POU2F1 KD + DHT | FOXA1 ChIP-Seq,,,
CTCF,AKR1C3,placenta,"CTCF IP - HVMF cells, Rep 1 , CTCF IP - HVMF cells, Rep 2 ",,,
FOS,AKR1C3,mammarygland,"FOS IP | 4HT - MCF10A cells, 12 h, FOS IP - MCF10A cells, FOS IP | 4HT - MCF10A cells, 36 h, FOS IP | 4HT - MCF10A cells, 4 h",,,
CREB1,AKR1C3,prostate,"CREB1 siRNA | FOXA1 ChIP-Seq - Rep 2, CREB1 siRNA | FOXA1 ChIP-Seq - Rep 1",,,
CTCF,AKR1C3,esophagus,"CTCF IP - HEEpiC cells, Rep 2 , CTCF IP - HEEpiC cells, Rep 1 ",,,
ARID3A,AKR1C3,liver,ARID3A IP - HepG2 cells,,,
MYB,AKR1C3,leukocytes,"MYB IP - Jurkat, Rep 5, MYB IP - Jurkat, Rep 4, MYB IP - Jurkat, Rep 2, MYB IP - Jurkat, Rep 3, MYB IP - Jurkat, Rep 1",,,
CTCF,AKR1C3,hspcs,"CTCF IP - Erythroid cells, Rep 1, CTCF IP - HEL 92.1.7 cells, Rep 11 , CTCF IP - HEL 92.1.7 cells, Rep 14 , CTCF IP - HEL 92.1.7 cells, Rep 5 , CTCF IP - HEL 92.1.7 cells, Rep 8 , CTCF IP - HEL 92.1.7 cells, Rep 2 ",,,
CEBPB,AKR1C3,stemcells,"CEBPB IP, CEBPB IP, CEBPB IP, CEBPB IP, CEBPB IP, CEBPB IP, CEBPB IP, CEBPB IP, CEBPB IP",,,
SP1,AKR1C3,lung,SP1 IP - A549 cells,,,
SIX2,AKR1C3,kidney,"SIX2 IP - 17 weeks, Rep 1",,,
TCF12,AKR1C3,stemcells,TCF12 IP - H1 cells,,,
ELF3,AKR1C3,pancreas,"ELF3 IP, ELF3 IP, ELF3 IP | KLF5 KO",,,
RELA,AKR1C3,adiposetissue,"RELA IP, RELA IP, RELA IP, RELA IP",,,
ZNF143,AKR1C3,stemcells,ZNF143 IP - H1 cells,,,
R1881,AKR1C3,prostate,"R1881 | FOXA1 ChIP-Seq - Rep 1, GABPA IP | R1881, CON KD + R1881 | FOXA1 ChIP-Seq - Rep 1, GATA2 KD + R1881 | FOXA1 ChIP-Seq, R1881 | FOXA1 ChIP-Seq - Rep 2, CON KD + R1881 | FOXA1 ChIP-Seq - Rep 2, CON KD + R1881 | FOXA1 ChIP-Seq, PIAS1 + R1881 | FOXA1 ChIP-Seq - Rep 2, PIAS1 + R1881 | FOXA1 ChIP-Seq - Rep 1, ERG IP | R1881",,,
17BE2,AKR1C3,mammarygland,"17BE2 | FOXA1 ChIP-Seq - Rep 2, 17BE2 | FOXA1 ChIP-Seq - Rep 1, 17BE2 | FOXA1 ChIP-Seq - Rep 2, 17BE2 | FOXA1 ChIP-Seq - Rep 1, 17BE2 | FOXA1 ChIP-Seq - Rep 2, 17BE2 | FOXA1 ChIP-Seq, 17BE2 | FOXA1 ChIP-Seq - Rep 2",,,
CTCF,AKR1C3,liver,"CTCF IP - HepG2 cells, Rep 1 , CTCF IP - HepG2 cells, Rep 2 , CTCF IP - SK-N-SH cells, CTCF IP, CTCF IP - HepG2 cells ",,,
GATA1,AKR1C3,hspcs,"GATA1 IP - Rep 1, GATA1 IP - Rep 3, GATA1 IP - PBDE cells, Rep 1, GATA1 IP - Rep 2",,,
JUND,AKR1C3,cns,"JUND IP - SK-N-SH cells , JUND IP - SK-N-SH cells",,,
LYL1,AKR1C3,leukocytes,LYL1 IP - HL-60,,,
JUN,AKR1C3,vasculature,"JUN IP - HUVEC cells, JUN IP",,,
MEF2B,AKR1C3,kidney,MEF2B IP | MEF2B OE - Rep 2,,,
TEAD4,AKR1C3,liver,TEAD4 IP - HepG2 cells,,,
SP1,AKR1C3,liver,SP1 IP - HepG2 cells,,,
CEBPB,AKR1C3,uterus,"CEBPB IP - ECC1 cells, CEBPB ChIP-Seq - HeLaS3",,,
RUNX1,AKR1C3,leukocytes,RUNX1 IP,,,
GABPA,AKR1C3,prostate,"GABPA IP | R1881, GABPA IP - Rep 1",,,
FOXA2,AKR1C3,liver,FOXA2 IP - HepG2 cells,,,
CTCF,AKR1C3,vasculature,"CTCF IP - AoAFC cells, Rep 1 , CTCF IP - HUVEC cells , CTCF IP - HBMEC cells, Rep 2 , CTCF IP - HBMEC cells, Rep 1 , CTCF IP - HUVEC cells, Rep 1 , CTCF IP - AoAFC cells, Rep 2 , CTCF IP - HPAF cells, Rep 2 , CTCF IP - HPAF cells, Rep 1 , CTCF IP - HUVEC cells, Rep 2 ",,,
MAX,AKR1C3,leukocytes,MAX IP - K562 cells,,,
JUND,AKR1C3,uterus,JUND IP - HeLa cells,,,
CTCF,AKR1C3,megakaryocytelineage,"CTCF IP - MEG-01 cells, Rep 8 , CTCF IP - MEG-01 cells, Rep 6 , CTCF IP - MEG-01 cells, Rep 2 , CTCF IP - MEG-01 cells, Rep 4 , CTCF IP - MEG-01 cells, Rep 10 ",,,
FOXA2,AKR1C3,embryonictissue,FOXA2 IP - Rep 1,,,
MAFK,AKR1C3,liver,"MAFK IP - HepG2 cells, Rep 2, MAFK IP - HepG2 cells, Rep 1",,,
FOS,AKR1C3,vasculature,FOS IP - HUVEC cells,,,
CEBPB,AKR1C3,colon,"CEBPB IP, CEBPB IP | 125DVD3",,,
JUND,AKR1C3,leukocytes,JUND IP - K562 cells,,,
REST,AKR1C3,lung,REST IP - A549 cells,,,
USF1,AKR1C3,leukocytes,USF1 IP - K562 cells,,,
BCL3,AKR1C3,lung,BCL3 IP - A549 cells,,,
GATA2,AKR1C3,prostate,"FOXA1 KD | GATA2 ChIP-Seq, GATA2 KD  | FOXA1 ChIP-Seq, GATA2 KD + R1881 | FOXA1 ChIP-Seq, FOXA1 + FBS | GATA2 ChIP-Seq",,,
ROSI,AKR1C3,leukocytes,ROSI | SPI1 ChIP-Seq,,,
FOXA2,AKR1C3,lung,FOXA2 IP - A549 cells,,,
GABPA,AKR1C3,leukocytes,"GABPA IP - Jurkat, Rep 2, GABPA IP - Jurkat, Rep 1",,,
MYBL2,AKR1C3,liver,MYBL2 IP - HepG2 cells,,,
DHT,AKR1C3,mammarygland,DHT | FOXA1 ChIP-Seq,,,
FOXA1,AKR1C3,liver,"FOXA1 IP - HepG2 cells, Rep 1, FOXA1 IP - HepG2 cells, Rep 2",,,
TBP,AKR1C3,leukocytes,TBP IP - K562 cells,,,
STAT1,AKR1C3,leukocytes,STAT1 IP - Rep 1,,,
IFNG,AKR1C3,leukocytes,STAT1 IP - Rep 1,,,
MAX,AKR1C3,uterus,MAX IP - ECC1 cells,,,
PDX1,AKR1C3,pancreas,PDX1 IP,,,
FOXM1,AKR1C3,uterus,FOXM1 IP - ECC1 cells,,,
FOXA1,AKR1C3,lung,"FOXA1 IP - A549 cells, FOXA1 IP | DEX - A549 cells",,,
CDX2,AKR1C3,colon,"CDX2 IP, CDX2 IP | 125DVD3",,,
JUND,AKR1C3,vasculature,JUND IP,,,
FOXA1,AKR1C3,pancreas,"FOXA1 IP, FOXA1 IP, FOXA1 IP | KLF5 KO",,,
FOXA1,AKR1C3,stemcells,FOXA1 IP - Rep 5 ,,,
FORSK,AKR1C3,liver,CEBPB IP | FORSK - HepG2 cells,,,
TP53,AKR1C3,mammarygland,TP53 IP,,,
MAX,AKR1C3,liver,"MAX IP - MCF7 cells, MAX IP - HepG2 cells",,,
GATA3,AKR1C3,lung,GATA3 IP - A549 cells,,,
TCF12,AKR1C3,lung,TCF12 IP - A549 cells,,,
CTCF,AKR1C3,sensory,"CTCF IP - HRPEpiC cells, Rep 1 , CTCF IP - HRPEpiC cells, Rep 2 ",,,
SRF,AKR1C3,liver,SRF IP - HepG2 cells,,,
JUN,AKR1C3,uterus,JUN IP - HeLa cells,,,
HNF1B,AKR1C3,pancreas,HNF1B IP,,,
CTCF,AKR1C3,adiposetissue,"CTCF ChIP-Seq - d -2, CTCF ChIP-Seq - d 9, CTCF ChIP-Seq - d 0, CTCF ChIP-Seq - d 3",,,
TP63,AKR1C3,skin,"TP63 IP, TP63 IP | BANF1 KD, TP63 IP",,,
JUN,AKR1C3,liver,JUN IP - HepG2 cells,,,
GABPA,AKR1C3,liver,GABPA IP - MCF7 cells,,,
FOXH1,AKR1C3,embryonictissue,FOXH1 IP - endoderm,,,
TCF12,AKR1C3,uterus,TCF12 IP - ECC1 cells,,,
REST,AKR1C3,cns,"REST IP - PFSK-N-SH cells1 cells, Rep 1",,,
CEBPB,AKR1C3,mammarygland,CEBPB IP - MCF7 cells,,,
IRF1,AKR1C3,colon,IRF1 IP ,,,
HEY1,AKR1C3,liver,HEY1 IP - HepG2 cells,,,
MAFF,AKR1C3,liver,MAFF IP - HepG2 cells,,,
NFYA,AKR1C3,uterus,NFYA IP - HeLa cells,,,
17BE2; TNF,AKR1C3,mammarygland,17BE2 + TNF | FOXA1 ChIP-Seq - Rep 2,,,
ZNF143,AKR1C3,leukocytes,ZNF143 IP - GM12878 cells,,,
E2F1,AKR1C3,mammarygland,E2F1 IP,,,
NFKB1,AKR1C3,leukocytes,"NFKB1 IP - Rep 1, NFKB1 IP - Rep 2",,,
GATA6,AKR1C3,stomach,GATA6 IP - YCC3,,,
PBX3,AKR1C3,cns,PBX3 IP - SK-N-SH cells,,,
125DVD3,AKR1C3,colon,"CDX2 IP | 125DVD3, CEBPB IP | 125DVD3",,,
OTX2,AKR1C3,stemcells,"OTX2 IP - Rep 5 , OTX2 IP - Rep 10 ",,,
TAL1,AKR1C3,colon,TAL1 IP ,,,
TEAD4,AKR1C3,leukocytes,TEAD4 IP - K562 cells,,,
BANF1,AKR1C3,skin,TP63 IP | BANF1 KD,,,
KLF5,AKR1C3,pancreas,"ELF3 IP | KLF5 KO, FOXA1 IP | KLF5 KO",,,
GATA3,AKR1C3,mammarygland,"GATA3 IP - T47D cells, GATA3 IP - MCF7 cells",,,
JUN,AKR1C3,mammarygland,JUN IP - Rep 1,,,
SRF,AKR1C3,stemcells,SRF IP - Rep 7 ,,,
ZBTB17,AKR1C3,bone,ZBTB17 IP,,,
SMAD1,AKR1C3,hspcs,SMAD1 IP - Rep 3,,,
FOSL2,AKR1C3,cns,FOSL2 IP - SK-N-SH cells,,,
ATF3,AKR1C3,leukocytes,ATF3 IP - K562 cells,,,
PBX3,AKR1C3,lung,PBX3 IP - A549 cells,,,
ATF2,AKR1C3,colon,ATF2 IP ,,,
FOXP1,AKR1C3,prostate,DHT | FOXP1 ChIP-Seq,,,
ERG,AKR1C3,prostate,"DHT | ERG ChIP-Seq - 18 h, DHT | ERG ChIP-Seq - 2 h, ERG IP | R1881",,,
YY1,AKR1C3,lung,YY1 IP - A549 cells,,,
JUND,AKR1C3,lung,JUND IP - A549 cells,,,
CTCF,AKR1C3,pancreas,CTCF IP,,,
RELA,AKR1C3,colon,RELA IP ,,,
RUNX1T1,AKR1C3,leukocytes,RUNX1T1 IP,,,
IRF1,AKR1C3,pancreas,IRF1 IP,,,
GTF2F1,AKR1C3,uterus,GTF2F1 IP - HeLa cells,,,
PIAS1,AKR1C3,prostate,"PIAS1 + R1881 | FOXA1 ChIP-Seq - Rep 2, PIAS1 + R1881 | FOXA1 ChIP-Seq - Rep 1",,,
CTCF,AKR1C3,bone,CTCF IP - Osteoblasts ,,,
HOXA4,AKR1C3,colon,HOXA4 IP ,,,
MAX,AKR1C3,lung,MAX IP - A549 cells,,,
CTCF,AKR1C3,miscellaneous,"CTCF IP - AG09319 cells, Rep 2 , CTCF IP - AG09319 cells, Rep 1 ",,,
TCF7L2,AKR1C3,mammarygland,TCF7L2 ChIP-Seq,,,
KLF11,AKR1C3,adiposetissue,"KLF11 ChIP-Seq, Rep 2",,,
E2F3,AKR1C3,colon,E2F3 IP ,,,
FOSL2,AKR1C3,lung,FOSL2 IP - A549 cells,,,
FOSL2,AKR1C3,liver,FOSL2 IP - HepG2 cells,,,
EGR1,AKR1C3,leukocytes,EGR1 IP - K562 cells,,,
GLI2,AKR1C3,colon,GLI2 IP ,,,
TBP,AKR1C3,liver,TBP IP - HepG2 cells,,,
JUN,AKR1C4,vasculature,JUN IP,,,
CTCF,AKR1C4,mammarygland,"CTCF IP - MCF-7 cells, Rep 1 , CTCF IP - MCF7 cells, CTCF IP - MCF-7 cells Rep 2 , CTCF IP - T47D cells, CTCF IP - HMEC cells, Rep 1 ",,,
FOXA1,AKR1C4,prostate,"FOXA1 ChIP-Seq, CREB1 siRNA | FOXA1 ChIP-Seq - Rep 2, FOXA1 ChIP-Seq - Rep 1, AR C562S OE + FOXA1 OE | FOXA1 ChIP-Seq, DHT | FOXA1 ChIP-Seq, FOXA1 ChIP-Seq - Rep 2, CREB1 siRNA | FOXA1 ChIP-Seq - Rep 1, WT AR OE + FOXA1 OE | FOXA1 ChIP-Seq, WT AR OE + FOXA1 OE | FOXA1 ChIP-Seq - high FOXA1",,,
CEBPB,AKR1C4,leukocytes,"CEBPB IP - HL-60 cells, Rep 2 , CEBPB IP - K562 cells, CEBPB IP - HL-60 cells, Rep 1 , CEBPB ChIP-Seq - K562",,,
CTCF,AKR1C4,lung,"CTCF IP - A549 cells , CTCF ChIP-Seq - A549, CTCF IP - A549 cells, CTCF IP | DEX - A549 cells , CTCF IP - A549 cells, Rep 2 ",,,
CTCF,AKR1C4,megakaryocytelineage,"CTCF IP - MEG-01 cells, Rep 2 , CTCF IP - MEG-01 cells, Rep 4 , CTCF IP - MEG-01 cells, Rep 6 , CTCF IP - MEG-01 cells, Rep 8 ",,,
REST,AKR1C4,lung,REST IP - A549 cells,,,
CTCF,AKR1C4,leukocytes,"CTCF ChIP-Seq - GM12878, CTCF IP - K562 cells, CTCF IP - K562 cells, Rep 14 , CTCF IP - K562 cells , CTCF IP - K562 cells, CTCF IP - K562 cells, Rep 1 , CTCF IP - K562 cells, Rep 12 , CTCF IP - HeLa cells, Rep 2 ",,,
SPI1,AKR1C4,leukocytes,"SPI1 IP, SPI1 IP, SPI1 IP - HL cells, SPI1 IP, SPI1 IP, SPI1 IP - HL-60 cells, Rep 4 ",,,
CTCF,AKR1C4,stemcells,"CTCF IP - H1 cells , CTCF IP - Rep 5 , CTCF IP - Rep 6 , CTCF IP - H1 cells",,,
JUND,AKR1C4,vasculature,JUND IP,,,
TEAD4,AKR1C4,liver,TEAD4 IP - HepG2 cells,,,
CDX2,AKR1C4,colon,"CDX2 IP, CDX2 IP | 125DVD3",,,
CREB1,AKR1C4,prostate,"CREB1 siRNA | FOXA1 ChIP-Seq - Rep 2, CREB1 siRNA | FOXA1 ChIP-Seq - Rep 1",,,
FOXA1,AKR1C4,pancreas,"FOXA1 IP, FOXA1 IP",,,
CTCF,AKR1C4,uterus,CTCF IP - HeLa cells ,,,
GATA3,AKR1C4,lung,GATA3 IP - A549 cells,,,
CEBPB,AKR1C4,colon,"CEBPB IP, CEBPB IP | 125DVD3",,,
FOXA1,AKR1C4,lung,"FOXA1 IP | DEX - A549 cells, FOXA1 IP - A549 cells",,,
DEX,AKR1C4,lung,"FOXA1 IP | DEX - A549 cells, CTCF IP | DEX - A549 cells ",,,
AR,AKR1C4,prostate,"AR C562S OE + FOXA1 OE | FOXA1 ChIP-Seq, WT AR OE + FOXA1 OE | FOXA1 ChIP-Seq, WT AR OE + FOXA1 OE | FOXA1 ChIP-Seq - high FOXA1",,,
125DVD3,AKR1C4,colon,"CDX2 IP | 125DVD3, CEBPB IP | 125DVD3",,,
ELF3,AKR1C4,pancreas,ELF3 IP,,,
DHT,AKR1C4,prostate,DHT | FOXA1 ChIP-Seq,,,
CTCF,AKR1C4,cns,"CTCF IP - BE(2)-C cells, Rep 2 ",,,
KLF5,AKR1C4,stomach,KLF5 IP - KATOIII,,,
CTCF,AKR1C4,liver,"CTCF IP - HepG2 cells, Rep 1 ",,,
MAX,AKR1C4,liver,"MAX IP - MCF7 cells, MAX IP - HepG2 cells",,,
FOXA1,AKR1C4,mammarygland,"DEX | FOXA1 ChIP-Seq - Rep 1, FOXA1 IP - T47D cells, FOXA1 ChIP-Seq - Rep 1, 17BE2 | FOXA1 ChIP-Seq - Rep 1",,,
DEX,AKR1C4,mammarygland,DEX | FOXA1 ChIP-Seq - Rep 1,,,
CTCF,AKR1C4,kidney,"CTCF IP - RPTEC cells, Rep 2 , CTCF IP - HEK293 cells, Rep 1 , CTCF IP - HEK293 cells, Rep 2 , CTCF IP - RPTEC cells, Rep 1 ",,,
FOXA2,AKR1C4,liver,FOXA2 IP - HepG2 cells,,,
ARID3A,AKR1C4,liver,ARID3A IP - HepG2 cells,,,
FOSL2,AKR1C4,lung,FOSL2 IP - A549 cells,,,
FOSL2,AKR1C4,liver,FOSL2 IP - HepG2 cells,,,
CEBPB,AKR1C4,liver,"CEBPB ChIP-Seq - HepG2, CEBPB IP - HepG2 cells",,,
CEBPB,AKR1C4,stemcells,"CEBPB IP, CEBPB IP, CEBPB IP",,,
CEBPB,AKR1C4,lung,"CEBPB IP - A549 cells, CEBPB ChIP-Seq - A549",,,
SP1,AKR1C4,liver,SP1 IP - HepG2 cells,,,
CTCF,AKR1C4,colon,"CTCF IP - HCT116 cells, Rep 1 ",,,
FOXH1,AKR1C4,stemcells,FOXH1 ChIP-Seq - Escs,,,
FOS,AKR1C4,mammarygland,"FOS IP | 4HT - MCF10A cells, 4 h",,,
4HT,AKR1C4,mammarygland,"FOS IP | 4HT - MCF10A cells, 4 h",,,
MAX,AKR1C4,lung,MAX IP - A549 cells,,,
E2F6,AKR1C4,lung,E2F6 IP - A549 cells,,,
JUND,AKR1C4,liver,JUND IP - HepG2 cells,,,
MYBL2,AKR1C4,liver,MYBL2 IP - HepG2 cells,,,
FOXA2,AKR1C4,lung,FOXA2 IP - A549 cells,,,
HNF1B,AKR1C4,pancreas,HNF1B IP,,,
TCF12,AKR1C4,lung,TCF12 IP - A549 cells,,,
17BE2,AKR1C4,mammarygland,17BE2 | FOXA1 ChIP-Seq - Rep 1,,,
HIF1A,AKR1C4,bone,HIF1A IP,,,
CTCF,AKR1C4,bone,CTCF IP - Osteoblasts ,,,
RELA,AKR1C4,adiposetissue,RELA IP,,,
SRF,AKR1C4,stemcells,SRF IP - Rep 7 ,,,
FOXA1,AKR1C4,liver,"FOXA1 IP - HepG2 cells, Rep 1, FOXA1 IP - HepG2 cells, Rep 2",,,
KLF5,AKR1C4,pancreas,KLF5 IP,,,
HNF1A,AKR1C4,colon,HNF1A IP,,,
USF1,AKR1C4,lung,"USF1 IP - A549 cells, Rep 2",,,
IRF1,AKR1C4,pancreas,IRF1 IP,,,
BCL3,AKR1C4,lung,BCL3 IP - A549 cells,,,
SP1,AKR1C4,lung,SP1 IP - A549 cells,,,
FOSL2,AKR1D1,liver,FOSL2 IP - HepG2 cells,,,
SPI1,AKR1D1,leukocytes,"SPI1 IP, SPI1 IP - GM12878 cells, Rep 4 , SPI1 IP, SPI1 IP, SPI1 IP - GM12878 cells, Rep 2 , SPI1 IP - GM12891 cells, SPI1 IP - GM12878 cells, Rep 3 , SPI1 IP, SPI1 IP, SPI1 IP, SPI1 IP - HL cells, SPI1 IP - GM12878 cells",,,
HEY1,AKR1D1,liver,HEY1 IP - HepG2 cells,,,
FOXA1,AKR1D1,mammarygland,"FOXA1 ChIP-Seq - Rep 1, DEX | FOXA1 ChIP-Seq - Rep 1, 17BE2 | FOXA1 ChIP-Seq, FOXA1 ChIP-Seq - Rep 1, DEX | FOXA1 ChIP-Seq - Rep 1, DEX | FOXA1 ChIP-Seq - Rep 2, FOXA1 ChIP-Seq - Rep 2, 17BE2 | FOXA1 ChIP-Seq - Rep 2, FOXA1 IP - T47D cells, 17BE2 | FOXA1 ChIP-Seq - Rep 2, 17BE2 | FOXA1 ChIP-Seq - Rep 1",,,
MAFF,AKR1D1,liver,MAFF IP - HepG2 cells,,,
DEX,AKR1D1,mammarygland,"DEX | FOXA1 ChIP-Seq - Rep 1, DEX | FOXA1 ChIP-Seq - Rep 1, DEX | FOXA1 ChIP-Seq - Rep 2",,,
CEBPB,AKR1D1,leukocytes,"CEBPB IP, CEBPB ChIP-Seq - K562",,,
FOS,AKR1D1,mammarygland,"FOS IP | 4HT - MCF10A cells, 4 h, FOS IP - MCF10A cells, FOS IP | 4HT - MCF10A cells, 36 h, FOS IP | 4HT - MCF10A cells, 12 h",,,
4HT,AKR1D1,mammarygland,"FOS IP | 4HT - MCF10A cells, 4 h, FOS IP | 4HT - MCF10A cells, 36 h, FOS IP | 4HT - MCF10A cells, 12 h",,,
MAFK,AKR1D1,liver,"MAFK IP - HepG2 cells, Rep 2, MAFK IP - HepG2 cells, Rep 1",,,
OTX2,AKR1D1,stemcells,"OTX2 IP - Rep 10 , OTX2 IP - Rep 3 ",,,
CEBPB,AKR1D1,uterus,CEBPB ChIP-Seq - HeLaS3,,,
CEBPB,AKR1D1,colon,"CEBPB IP, CEBPB IP | 125DVD3, CEBPB IP - HCT116 cells",,,
GATA3,AKR1D1,mammarygland,GATA3 IP - MCF7 cells,,,
FOXA1,AKR1D1,prostate,"EtOH | FOXA1 ChIP-Seq - Rep 2, AR C562S OE + FOXA1 OE | FOXA1 ChIP-Seq, DHT | FOXA1 ChIP-Seq, GATA2 KD + R1881 | FOXA1 ChIP-Seq, CREB1 siRNA | FOXA1 ChIP-Seq - Rep 2, CON KD + R1881 | FOXA1 ChIP-Seq, CON KD  | FOXA1 ChIP-Seq, R1881 | FOXA1 ChIP-Seq - Rep 2, POU2F1 KD + DHT | FOXA1 ChIP-Seq, FOXA1 KD | FOXA1 ChIP-Seq, FOXA1 ChIP-Seq, CREB1 siRNA | FOXA1 ChIP-Seq - Rep 1, FOXA1 ChIP-Seq - LNCaP-abl, CON KD | FOXA1 ChIP-Seq, FOXA1 KD | FOXA1 ChIP-Seq, R1881 | FOXA1 ChIP-Seq - Rep 1, CON KD | FOXA1 ChIP-Seq, FOXA1 ChIP-Seq - Rep 2, GATA2 KD  | FOXA1 ChIP-Seq, CON KD | FOXA1 ChIP-Seq, EtOH | FOXA1 ChIP-Seq - , FOXA1 ChIP-Seq, FOXA1 ChIP-Seq, DHT | FOXA1 ChIP-Seq - C4- Rep 2B, FOXA1 ChIP-Seq",25552417,,
FOXA1,AKR1D1,lung,"FOXA1 IP | DEX - A549 cells, FOXA1 IP - A549 cells",,,
DEX,AKR1D1,lung,FOXA1 IP | DEX - A549 cells,,,
SP1,AKR1D1,liver,SP1 IP - HepG2 cells,,,
ZEB1,AKR1D1,liver,ZEB1 IP - HepG2 cells,,,
AR,AKR1D1,prostate,AR C562S OE + FOXA1 OE | FOXA1 ChIP-Seq,,,
MAX,AKR1D1,leukocytes,MAX IP - K562 cells,,,
DHT,AKR1D1,prostate,"DHT | FOXA1 ChIP-Seq, POU2F1 KD + DHT | FOXA1 ChIP-Seq, DHT | FOXA1 ChIP-Seq - C4- Rep 2B",,,
JUND,AKR1D1,vasculature,JUND IP,,,
R1881,AKR1D1,prostate,"GATA2 KD + R1881 | FOXA1 ChIP-Seq, CON KD + R1881 | FOXA1 ChIP-Seq, R1881 | FOXA1 ChIP-Seq - Rep 2, R1881 | FOXA1 ChIP-Seq - Rep 1",,,
GATA2,AKR1D1,prostate,"GATA2 KD + R1881 | FOXA1 ChIP-Seq, GATA2 KD  | FOXA1 ChIP-Seq",,,
POU5F1,AKR1D1,stemcells,"POU5F1 IP, POU5F1 IP - Rep 1 ",,,
17BE2,AKR1D1,mammarygland,"17BE2 | FOXA1 ChIP-Seq, 17BE2 | FOXA1 ChIP-Seq - Rep 2, 17BE2 | FOXA1 ChIP-Seq - Rep 2, 17BE2 | FOXA1 ChIP-Seq - Rep 1",,,
EBF1,AKR1D1,leukocytes,EBF1 IP - GM12878 cells,,,
JUN,AKR1D1,mammarygland,"JUN IP - Rep 1, JUN IP - Rep 2",,,
MAX,AKR1D1,liver,MAX IP - HepG2 cells,,,
CREB1,AKR1D1,prostate,"CREB1 siRNA | FOXA1 ChIP-Seq - Rep 2, CREB1 siRNA | FOXA1 ChIP-Seq - Rep 1",,,
MAX,AKR1D1,uterus,"MAX IP - HeLa cells, Rep 1",,,
CEBPB,AKR1D1,liver,"CEBPB ChIP-Seq - HepG2, CEBPB IP | FORSK - HepG2 cells, CEBPB IP - HepG2 cells",,,
JUND,AKR1D1,liver,"JUND IP - HepG2 cells, JUND IP - HepG2 cells",,,
CEBPB,AKR1D1,lung,"CEBPB ChIP-Seq - A549, CEBPB ChIP-Seq - IMR90",,,
125DVD3,AKR1D1,colon,CEBPB IP | 125DVD3,,,
CEBPB,AKR1D1,mammarygland,CEBPB IP - MCF7 cells,,,
FOSL1,AKR1D1,mammarygland,FOSL1 IP,,,
CEBPB,AKR1D1,stemcells,"CEBPB IP, CEBPB IP, CEBPB IP, CEBPB IP, CEBPB IP",,,
RELA,AKR1D1,leukocytes,"RELA IP | TNF - GM19193 cells, RELA IP | TNF - GM19099 cells",,,
TNF,AKR1D1,leukocytes,RELA IP | TNF - GM19193 cells,,,
GATA4,AKR1D1,stomach,GATA4 IP - AGS,,,
JUND,AKR1D1,stemcells,"JUND IP - H1 cells, JUND IP - H1 cells",,,
FOXA1,AKR1D1,liver,"FOXA1 IP - HepG2 cells, Rep 2, FOXA1 IP - HepG2 cells, Rep 1",,,
REST,AKR1D1,stemcells,"REST IP - H1 cells, Rep 2",,,
IRF4,AKR1D1,leukocytes,IRF4 IP,,,
USF2,AKR1D1,uterus,USF2 IP - HeLa cells,,,
CREB1,AKR1D1,liver,"CREB1 IP, CREB1 IP - HepG2 cells",,,
JUND,AKR1D1,uterus,JUND IP - HeLa cells,,,
POU2F1,AKR1D1,prostate,POU2F1 KD + DHT | FOXA1 ChIP-Seq,,,
TEAD1,AKR1D1,cns,TEAD1 IP - Rep 1,,,
FOXA2,AKR1D1,liver,FOXA2 IP - HepG2 cells,19822575,,
ATF3,AKR1D1,colon,"ATF3 IP - HCT116 cells, ATF3 IP | CAMPTO",,,
ARID3A,AKR1D1,liver,ARID3A IP - HepG2 cells,,,
CEBPA,AKR1D1,leukocytes,CEBPA IP,,,
FORSK,AKR1D1,liver,CEBPB IP | FORSK - HepG2 cells,,,
TCF12,AKR1D1,liver,TCF12 IP - HepG2 cells,,,
TEAD4,AKR1D1,liver,TEAD4 IP - HepG2 cells,,,
FOXA2,AKR1D1,stemcells,FOXA2 IP - Rep 5 ,,,
FOXA1,AKR1D1,pancreas,"FOXA1 IP | KLF5 KO, FOXA1 IP, FOXA1 IP",,,
KLF5,AKR1D1,pancreas,FOXA1 IP | KLF5 KO,,,
FOSL1,AKR1D1,colon,FOSL1 IP - HCT116 cells,,,
TEAD4,AKR1D1,stemcells,TEAD4 IP - H1 cells,,,
SP1,AKR1D1,stemcells,SP1 IP - H1 cells,,,
JUN,AKR1D1,liver,JUN IP - HepG2 cells,,,
MYBL2,AKR1D1,liver,MYBL2 IP - HepG2 cells,,,
FOXA1,AKR1D1,stemcells,FOXA1 IP - Rep 5 ,,,
ATF2,AKR1D1,stemcells,ATF2 IP - H1 cells,,,
SOX2,AKR1D1,stemcells,SOX2 IP,,,
FOXA2,AKR1D1,lung,FOXA2 IP - A549 cells,,,
FOXA2,AKR1D1,embryonictissue,FOXA2 IP - Rep 1,,,
JUND,AKR1D1,colon,JUND IP - HCT116 cells,,,
TP53,AKR1D1,mammarygland,TP53 IP,,,
CTCF,CYP11A1,leukocytes,"CTCF IP - HL , CTCF IP - K562 cells, CTCF IP - GM11811 cells, Rep 1, CTCF IP - GM12864 cells, Rep 2 , CTCF IP - GM19238 cells, Rep 1 , CTCF IP - GM12890 cells, Rep 2 , CTCF IP - GM2255 cells, Rep 1 , CTCF IP - GM12234 cells, CTCF IP - F36P cells, Rep 13 , CTCF IP - CD14+ cells , CTCF IP - GM10847 cells, Rep 2 , CTCF IP - GM12874 cells, Rep 1 , CTCF IP - HL-60 cells, Rep 5 , CTCF ChIP-Seq - GM12878, CTCF IP - GM12878 cells, Rep 2 , CTCF IP - KU812 cells, Rep 5 , CTCF IP - GM19240 cells, Rep 2 , CTCF IP - GM12814 cells, Rep 2, CTCF IP - K562 cells, Rep 15 , CTCF IP - GM12749 cells, Rep 2, CTCF IP - GM12006 cells, Rep 2, CTCF IP -  CD20+ cells , CTCF IP - GM19238 cells, Rep 2 , CTCF IP - K562 cells, CTCF IP - GM12878 cells, Rep 1 , CTCF IP - GM2610 cells, Rep 2 , CTCF IP - GM12489 cells, Rep 1, CTCF IP - GM07037 cells, CTCF IP - GM12287 cells, Rep 1, CTCF IP - GM12749 cells, Rep 1, CTCF IP - GM2255 cells, Rep 3 , CTCF IP - GM10847 cells, Rep 1 , CTCF IP - GM12873 cells, Rep 1 , CTCF IP - GM12872 cells, Rep 3 , CTCF IP - F36P cells, Rep 14 , CTCF IP - GM12870 cells , CTCF IP - GM12867 cells , CTCF IP - GM2630 cells, Rep 3 , CTCF IP - F36P cells, Rep 10 , CTCF IP - GM12890 cells, Rep 3 , CTCF IP - K562 cells, Rep 13 , CTCF IP - K562 cells, CTCF IP - GM11994 cells, Rep 2, CTCF IP - MS1 cells, Rep 1 , CTCF IP, CTCF IP - GM18951 cells, Rep 1 , CTCF IP - K562 cells, Rep 12 , CTCF IP - GM12875 cells, Rep 1 , CTCF IP - HL-60 cells, Rep 9 , CTCF IP - GM2630 cells, Rep 1 , CTCF IP - GM12489 cells, Rep 2, CTCF IP - F36P cells, Rep 2 , CTCF IP - GM19240 cells, Rep 1 , CTCF IP - GM07346 cells, CTCF IP -  DND , CTCF IP - GM12864 cells, Rep 1 , CTCF IP - MS1 cells, Rep 2 , CTCF IP - GM2610 cells, Rep 3 , CTCF IP - GM19099 cells, Rep 1 , CTCF IP - GM12872 cells, CTCF IP - GM06990 cells, Rep 2 , CTCF IP - KU812 cells, Rep 17 , CTCF IP - GM11831 cells, CTCF IP - GM18505 cells, Rep 1 , CTCF IP - KU812 cells, Rep 13 , CTCF IP - GM12891 cells, Rep 2 , CTCF IP - GM19239 cells, Rep 2 , CTCF IP - K562 cells, Rep 2 , CTCF IP - UT-7 cells, Rep 3 , CTCF IP - GM12154 cells, Rep 2, CTCF IP - GM12872 cells, Rep 1 , CTCF IP - GM12878 cells, Rep 2 , CTCF IP - GM11994 cells, Rep 1, CTCF IP - GM19239 cells, Rep 1 , CTCF IP - K562 cells , CTCF IP - GM12871 cells , CTCF IP - GM12878 cells, Rep 1 , CTCF IP - F36P cells, Rep 15 , CTCF IP - GM12815 cells, Rep 1, CTCF IP - GM19099 cells, Rep 2 , CTCF IP - GM2588 cells, Rep 2 , CTCF IP - UT-7 cells, Rep 4 , CTCF IP - F36P cells, Rep 9 , CTCF IP - GM2630 cells, Rep 2 , CTCF IP - K562 cells, Rep 1 , CTCF IP - MS1 cells, Rep 3 , CTCF IP - GM11992 cells, Rep 2, CTCF IP - GM12874 cells, CTCF IP - K562 cells, Rep 11 , CTCF IP - HL-60 cells, Rep 3 , CTCF IP - GM12891 cells, Rep 1 , CTCF IP - MS1 cells, Rep 4 , CTCF IP - GM2255 cells, Rep 2 , CTCF IP - F36P cells, Rep 5 , CTCF IP - GM11992 cells, Rep 1, CTCF IP - F36P cells, Rep 6 , CTCF IP - U-937 cells, Rep 2 , CTCF IP - GM12866 cells , CTCF IP - GM12154 cells, Rep 1, CTCF IP - F36P cells, Rep 1 , CTCF IP - GM12801 cells , CTCF IP - GM18526 cells, Rep 2 , CTCF IP - HL-60 cells, Rep 2 , CTCF IP - GM18505 cells, Rep 2 , CTCF IP - GM18486 cells, Rep 1 , CTCF IP - GM12873 cells, Rep 3 , CTCF IP - GM12865 cells, Rep 3 , CTCF IP - GM11811 cells, Rep 2, CTCF IP - GM18486 cells, Rep 2 , CTCF IP - HL-60 cells, Rep 7 , CTCF IP - GM12869 cells , CTCF IP - GM12892 cells, Rep 1 , CTCF IP - GM18951 cells, Rep 2 , CTCF IP - U-937 cells, Rep 1 , CTCF IP - GM2610 cells, Rep 1 , CTCF IP - KU812 cells, Rep 9 , CTCF IP - GM12865 cells, Rep 2 , CTCF IP - GM2588 cells, Rep 3 , CTCF IP - GM06990 cells, Rep 1 , CTCF IP - GM12878 cells , CTCF IP - GM12815 cells, Rep 2, CTCF IP - F36P cells, Rep 7 , CTCF IP - K562 cells, Rep 16 , CTCF IP - GM18526 cells, Rep 1 , CTCF IP - GM19193 cells, Rep 1 , CTCF IP - GM12814 cells, Rep 1, CTCF IP - GM19193 cells, Rep 2 , CTCF IP - GM12875 cells, Rep 2 , CTCF IP - GM12006 cells, Rep 1, CTCF IP - KU812 cells, Rep 1 , CTCF IP - NB4 cells , CTCF IP - GM12892 cells, Rep 2 , CTCF IP - GM11881 cells, CTCF IP - HeLa cells, Rep 2 , CTCF IP - F36P cells, Rep 3 , CTCF IP - F36P cells, Rep 11 , CTCF IP - GM06986 cells, CTCF IP - GM12872 cells, Rep 2 , CTCF IP - GM18486 cells, Rep 3 , CTCF IP - GM12828 cells, CTCF IP - GM12873 cells, Rep 1 , CTCF IP - F36P cells, Rep 19 , CTCF IP - GM12005 cells, Rep 1, CTCF IP - GM12868 cells , CTCF IP - GM11894 cells, Rep 2, CTCF IP - GM12865 cells, Rep 1 , CTCF IP - K562 cells, Rep 14 , CTCF IP - GM12864 cells, Rep 3 , CTCF IP - GM12005 cells, Rep 2, CTCF IP - GM2588 cells, Rep 1 , CTCF IP - GM12890 cells, Rep 1 , CTCF IP - F36P cells, Rep 17 , CTCF IP - GM12874 cells, Rep 2 ",,,
CTCF,CYP11A1,lung,"CTCF IP - A549 cells, CTCF IP - IMR cells, CTCF IP - A549 cells, Rep 2 , CTCF IP - NHLF cells , CTCF ChIP-Seq - A549, CTCF IP - HPF cells, Rep 2 , CTCF IP - AG04450 cells, Rep 1 , CTCF IP | DEX - A549 cells , CTCF IP - WI-38 cells, Rep 2 , CTCF IP | DEX - A549 cells, CTCF IP - A549 cells, Rep 1 , CTCF IP - HPF cells, Rep 1 , CTCF IP - A549 cells , CTCF IP - SAEC cells, Rep 2 , CTCF IP - NHLF cells , CTCF IP - SAEC cells, Rep 1 , CTCF IP - AG04450 cells, Rep 2 , CTCF IP - WI-38 cells, Rep 1 ",,,
FOXA1,CYP11A1,mammarygland,DHT | FOXA1 ChIP-Seq,,,
DHT,CYP11A1,mammarygland,"DHT | FOXA1 ChIP-Seq, DHT | MYC ChIP-Seq",,,
GATA2,CYP11A1,cns,GATA2 ChIP-Seq SH-SY5Y,,,
ATF1,CYP11A1,leukocytes,ATF1 IP - K562 cells,,,
BHLHE40,CYP11A1,leukocytes,"BHLHE40 IP - GM12878 cells, BHLHE40 IP - K562 cells",,,
EGR1,CYP11A1,colon,EGR1 IP - HCT116 cells,,,
ELF1,CYP11A1,leukocytes,"ELF1 IP - SK-N-SH cells, ELF1 IP - SK-N-SH cells",,,
CTCF,CYP11A1,bone,"CTCF IP, CTCF IP - Osteoblasts ",,,
CTCF,CYP11A1,kidney,"CTCF IP - HEK293 cells, Rep 1 , CTCF IP - HRE cells, Rep 1 , CTCF IP - RPTEC cells, Rep 2 , CTCF IP - HRE cells, Rep 2 , CTCF IP - HEK293 cells, Rep 2 , CTCF IP - RPTEC cells, Rep 1 ",,,
CTCF,CYP11A1,heart,"CTCF IP - HCF cells , CTCF IP - myocytes cells, Rep 1 , CTCF IP - myocytes cells, Rep 2 ",,,
CTCF,CYP11A1,skin,"CTCF IP - NHEK cells, Rep 2 , CTCF IP - BJ cells, Rep 2 , CTCF IP - NHEK cells , CTCF IP - BJ cells, Rep 1 , CTCF IP - AG04449 cells, Rep 2 , CTCF IP - NHDF cells, Rep 2 , CTCF IP - AG10803 cells, Rep 1 , CTCF IP - GM12878 cells, Rep 2 , CTCF IP - AG09309 cells, Rep 2 , CTCF IP - AG09309 cells, Rep 1 , CTCF IP - AG10803 cells, Rep 2 , CTCF IP - AG04449 cells, Rep 1 , CTCF IP - NHDF cells , CTCF IP - HFFC cells, Rep 1 , CTCF IP - NHDF cells, Rep 1 , CTCF IP - HFFC cells, Rep 2 , CTCF IP - HFFC cells, Rep 3 ",,,
MAFK,CYP11A1,lung,MAFK IP - IMR cells,,,
MAX,CYP11A1,colon,MAX IP - HCT116 cells,,,
TCF7L2,CYP11A1,uterus,TCF7L2 IP - HeLa cells,,,
EBF1,CYP11A1,leukocytes,EBF1 IP - GM12878 cells,,,
RELA,CYP11A1,colon,RELA IP ,,,
CTCF,CYP11A1,cns,"CTCF IP - spinal cord astrocyte cells, Rep 2 , CTCF IP - cerebellar astrocyte cells, Rep 1 , CTCF IP - SK-N-SH cells, Rep 2 , CTCF IP - HCPEpiC cells, Rep 2 , CTCF IP - cerebellar astrocyte cells, Rep 2 , CTCF IP - BE(2)-C cells, Rep 1 , CTCF IP - SK-N-SH cells , CTCF IP - HCPEpiC cells, Rep 1 , CTCF IP - BE(2)-C cells, Rep 2 , CTCF IP - SK cells, CTCF IP - spinal cord astrocyte cells, Rep 1 , CTCF IP - NHA cells , CTCF IP - SK-N-SH cells, Rep 1 ",,,
E2F1,CYP11A1,uterus,"E2F1 IP - HeLa cells, Rep 1, E2F1 IP - HeLa cells, Rep 2",,,
JUN,CYP11A1,colon,JUN IP ,,,
CTCF,CYP11A1,vasculature,"CTCF IP - AoAFC cells, Rep 2 , CTCF IP - HPAF cells, Rep 2 , CTCF IP - HUVEC cells, Rep 2 , CTCF IP - HPAF cells, Rep 1 , CTCF IP - AoAFC cells, Rep 1 , CTCF IP - HBMEC cells, Rep 1 , CTCF IP - HUVEC cells , CTCF IP - HBMEC cells, Rep 2 , CTCF IP - HUVEC cells, Rep 1 ",,,
MAFK,CYP11A1,uterus,MAFK IP - HeLa cells,,,
STAT3,CYP11A1,leukocytes,"STAT3 IP - SU-DHL-6, STAT3 IP - OCI-LY7, STAT3 IP - SU-DHL-4, STAT3 IP - OCI-LY10, STAT3 IP - U-2932",,,
MYC,CYP11A1,leukocytes,"MYC IP | IFNG - K562 cells, 30 min, MYC IP | IFNA1 - K562 cells, 6 h, MYC IP | IFNG - K562 cells, 6 h, MYC IP - K562 cells, Rep 2, MYC IP - K562 cells, Rep 1, MYC IP - NB4 cells",,,
IFNG,CYP11A1,leukocytes,"MYC IP | IFNG - K562 cells, 30 min, STAT1 IP - Rep 5, MYC IP | IFNG - K562 cells, 6 h, STAT1 IP - Rep 3, IRF1 IP | IFNG - K562 cells, 6 h, STAT1 IP - Rep 2",,,
CTCF,CYP11A1,liver,"CTCF IP - SK-N-SH cells, CTCF IP - HepG2 cells , CTCF IP - HepG2 cells, Rep 2 , CTCF IP - HepG2 cells, Rep 1 , CTCF IP",,,
MAX,CYP11A1,leukocytes,"MAX IP - K562 cells, MAX IP - NB4 cells, MAX IP - K562 cells, Rep 2, MAX IP - GM12878 cells",,,
FOXA1,CYP11A1,prostate,"CON KD | FOXA1 ChIP-Seq, FOXA1 KD | FOXA1 ChIP-Seq, FOXA1 ChIP-Seq - LNCaP, DHT | FOXA1 ChIP-Seq, CON KD | FOXA1 ChIP-Seq, R1881 | FOXA1 ChIP-Seq - Rep 2, DHT | FOXA1 ChIP-Seq, FOXA1 ChIP-Seq - LNCaP-abl, GATA2 KD + R1881 | FOXA1 ChIP-Seq, PIAS1 + R1881 | FOXA1 ChIP-Seq - Rep 2, CON KD + R1881 | FOXA1 ChIP-Seq, FOXA1 siRNA | CREB1 ChIP-Seq - Rep 2, PIAS1 + R1881 | FOXA1 ChIP-Seq - Rep 1, CREB1 siRNA | FOXA1 ChIP-Seq - Rep 2, FOXA1 ChIP-Seq, FOXA1 KD | FOXA1 ChIP-Seq, POU2F1 KD + DHT | FOXA1 ChIP-Seq, CON KD | FOXA1 ChIP-Seq",,,
PAX5,CYP11A1,leukocytes,"PAX5 IP - GM12892 cells, PAX5 IP - GM12878 cells, Rep 1, PAX5 IP - GM12878 cells, Rep 2, PAX5 IP - GM12891 cells",,,
FOXM1,CYP11A1,leukocytes,FOXM1 IP - GM12878 cells,,,
SPI1,CYP11A1,leukocytes,"SPI1 IP, SPI1 IP, SPI1 IP - U-937 cells, Rep 4 , SPI1 IP - GM12891 cells, SPI1 IP, SPI1 IP, SPI1 IP",,,
JUN,CYP11A1,leukocytes,"JUN IP - K562 cells, Rep 1",,,
FOXP1,CYP11A1,colon,FOXP1 IP ,,,
GABPA,CYP11A1,uterus,GABPA IP - HeLa cells,,,
TP53,CYP11A1,mammarygland,TP53 IP,,,
STAT1,CYP11A1,leukocytes,"STAT1 IP - Rep 5, STAT1 IP - Rep 3, STAT1 IP - Rep 2",,,
CTCF,CYP11A1,miscellaneous,"CTCF IP - AG09319 cells, Rep 2 , CTCF IP - AG09319 cells, Rep 1 ",,,
POU2F2,CYP11A1,leukocytes,POU2F2 IP - GM12878 cells,,,
STAT3,CYP11A1,mammarygland,"STAT3 IP | 4HT - MCF10 cells, 36 h, STAT3 IP - MCF10A cells, Rep 2, STAT3 IP - MCF10A cells, Rep 1, STAT3 IP | 4HT - MCF10 cells, 12 h",,,
4HT,CYP11A1,mammarygland,"STAT3 IP | 4HT - MCF10 cells, 36 h, E2F4 IP | 4HT - MCF10 cells, FOS IP | 4HT - MCF10A cells, 12 h, STAT3 IP | 4HT - MCF10 cells, 12 h, FOS IP | 4HT - MCF10A cells, 36 h, FOS IP | 4HT - MCF10A cells, 4 h",,,
SRF,CYP11A1,colon,SRF IP - HCT116 cells,,,
IFNA1,CYP11A1,leukocytes,"MYC IP | IFNA1 - K562 cells, 6 h",,,
USF2,CYP11A1,uterus,USF2 IP - HeLa cells,,,
IRF4,CYP11A1,leukocytes,IRF4 IP,,,
ELF3,CYP11A1,pancreas,"ELF3 IP, ELF3 IP | KLF5 KO, ELF3 IP",,,
CEBPB,CYP11A1,stemcells,"CEBPB IP, CEBPB IP, CEBPB IP, CEBPB IP, CEBPB IP, CEBPB IP, CEBPB IP, CEBPB IP",,,
RELA,CYP11A1,leukocytes,"RELA IP | TNF - GM15510 cells, RELA IP | TNF - GM12891 cells",,,
TNF,CYP11A1,leukocytes,"RELA IP | TNF - GM15510 cells, RELA IP | TNF - GM12891 cells",,,
CREB1,CYP11A1,prostate,"CREB1 ChIP-Seq - LNCaP, CREB1 ChIP-Seq - Rep 2, CREB1 ChIP-Seq - LNCaP-abl, FOXA1 siRNA | CREB1 ChIP-Seq - Rep 2, CREB1 siRNA | FOXA1 ChIP-Seq - Rep 2",,,
ELF1,CYP11A1,lung,ELF1 IP - A549 cells,,,
EOMES,CYP11A1,stemcells,"EOMES IP - Rep 2 , EOMES IP - Rep 1 ",,,
MXI1,CYP11A1,liver,MXI1 IP - HepG2 cells,,,
CTCF,CYP11A1,mammarygland,"CTCF IP - MCF-7 cells, Rep 1 , CTCF IP - HMF cells, Rep 2 , CTCF IP - HMEC cells, Rep 2 , CTCF IP - MCF7 cells, CTCF IP - HMEC cells, Rep 1 , CTCF IP - T47D cells, CTCF IP - HMEC cells , CTCF IP - HMF cells, Rep 1 , CTCF IP - MCF-7 cells Rep 2 ",,,
FOXP1,CYP11A1,prostate,DHT | FOXP1 ChIP-Seq,,,
DHT,CYP11A1,prostate,"DHT | FOXP1 ChIP-Seq, DHT | FOXA1 ChIP-Seq, DHT | FOXA1 ChIP-Seq, POU2F1 KD + DHT | FOXA1 ChIP-Seq",,,
TBP,CYP11A1,stemcells,TBP IP - H1 cells,,,
GATA4,CYP11A1,stomach,GATA4 IP - AGS,,,
REST,CYP11A1,leukocytes,REST IP - K562 cells,,,
E2F1,CYP11A1,prostate,"HES6 OE | E2F1 ChIP-Seq - Rep 1, HES6 OE + BICALU | E2F1 ChIP-Seq - Rep 1, E2F1 ChIP-Seq - Rep 1, HES6 OE + BICALU | E2F1 ChIP-Seq - Rep 3",,,
HES6,CYP11A1,prostate,"HES6 OE | E2F1 ChIP-Seq - Rep 1, HES6 OE + BICALU | E2F1 ChIP-Seq - Rep 1, HES6 OE + BICALU | E2F1 ChIP-Seq - Rep 3",,,
CTCF,CYP11A1,colon,"CTCF IP - Rep 2 , CTCF IP - Caco-2 cells, Rep 1 , CTCF IP - HCT116 cells, Rep 1 , CTCF IP - Rep 3 , CTCF IP - Caco , CTCF IP - HCT116 cells, Rep 2 , CTCF IP - Rep 1 , CTCF IP - HCT116 cells",,,
GABPA,CYP11A1,liver,"GABPA IP - MCF7 cells, GABPA IP - HepG2 cells",,,
YY1,CYP11A1,cns,"YY1 IP | ATRA - SK-N-SH cells, YY1 IP - SK-N-SH cells",,,
ATRA,CYP11A1,cns,YY1 IP | ATRA - SK-N-SH cells,,,
MAZ,CYP11A1,leukocytes,"MAZ IP - GM12878 cells, MAZ IP - K562 cells",,,
CTCF,CYP11A1,skeletalmuscle,"CTCF IP - HSMM cells, Rep 1 , CTCF IP - HSMM cells, Rep 2 ",,,
E2F4,CYP11A1,mammarygland,E2F4 IP | 4HT - MCF10 cells,,,
CTCF,CYP11A1,pancreas,CTCF IP,,,
CTCF,CYP11A1,hspcs,"CTCF IP - HSPCs, Rep 2, CTCF IP - HEL 92.1.7 cells, Rep 2 , CTCF IP - Erythroid cells, Rep 1, CTCF IP - HEL 92.1.7 cells, Rep 10 , CTCF IP - HEL 92.1.7 cells, Rep 11 , CTCF IP - HSPCs, Rep 1, CTCF IP - HEL 92.1.7 cells, Rep 14 , CTCF IP - HEL 92.1.7 cells, Rep 5 , CTCF IP - HEL 92.1.7 cells, Rep 1 , CTCF IP - HEL 92.1.7 cells, Rep 8 , CTCF IP - Erythroid cells, Rep 2",,,
RUNX1,CYP11A1,hspcs,RUNX1,,,
MAZ,CYP11A1,uterus,MAZ IP - HeLa cells,,,
CTCF,CYP11A1,megakaryocytelineage,"CTCF IP - MEG-01 cells, Rep 4 , CTCF IP - MEG-01 cells, Rep 10 , CTCF IP - MEG-01 cells, Rep 8 , CTCF IP - CHRF-288-11 cells, Rep 2 , CTCF IP - MEG-01 cells, Rep 6 , CTCF IP - MEG-01 cells, Rep 2 ",,,
CTCF,CYP11A1,stemcells,"CTCF IP - Rep 3 , CTCF IP - Rep 6 , CTCF IP - H1 cells, CTCF IP - Rep 2 , CTCF IP - Rep 4 , CTCF IP - Rep 5 , CTCF IP - H1 cells , CTCF IP - Rep 1 , CTCF IP - Rep 7 ",,,
SP1,CYP11A1,leukocytes,"SP1 IP - GM12878 cells, SP1 IP - K562 cells",,,
GABPA,CYP11A1,leukocytes,"GABPA IP - GM12878 cells, Rep 1 , GABPA IP - Jurkat, Rep 1, GABPA IP - Jurkat, Rep 2, GABPA IP - GM12878 cells, Rep 4 ",,,
MAX,CYP11A1,liver,"MAX IP - HepG2 cells, MAX IP - HepG2 cells, MAX IP - MCF7 cells",,,
MYB,CYP11A1,leukocytes,"MYB IP - Jurkat, Rep 2, MYB IP - Jurkat, Rep 4",,,
FOXA2,CYP11A1,stemcells,"FOXA2 IP - ES D5, FOXA2 IP - ES D2",,,
ZNF384,CYP11A1,leukocytes,ZNF384 IP - GM12878 cells,,,
ZNF143,CYP11A1,leukocytes,"ZNF143 IP - GM12878 cells, ZNF143 IP - K562 cells",,,
NFYA,CYP11A1,uterus,NFYA IP - HeLa cells,,,
BICALU,CYP11A1,prostate,"HES6 OE + BICALU | E2F1 ChIP-Seq - Rep 1, HES6 OE + BICALU | E2F1 ChIP-Seq - Rep 3",,,
GTF2B,CYP11A1,uterus,GTF2B IP - Rep 2,,,
CEBPB,CYP11A1,leukocytes,"CEBPB ChIP-Seq - K562, CEBPB IP, CEBPB IP - K562 cells",,,
E2F1,CYP11A1,mammarygland,"E2F1 IP - MCF7 cells, E2F1 IP",,,
GATA2,CYP11A1,prostate,"CON KD + FBS | GATA2 ChIP-Seq, GATA2 KD + R1881 | FOXA1 ChIP-Seq, GATA2 KD + R1881 | GATA2 ChIP-Seq, CON KD + R1881 | GATA2 ChIP-Seq",,,
GTF2F1,CYP11A1,uterus,GTF2F1 IP - HeLa cells,,,
NFYB,CYP11A1,leukocytes,"NFYB IP - K562 cells, NFYB IP - GM12878 cells",,,
TEAD4,CYP11A1,stemcells,TEAD4 IP - H1 cells,,,
ATF2,CYP11A1,stemcells,ATF2 IP - H1 cells,,,
R1881,CYP11A1,prostate,"R1881 | FOXA1 ChIP-Seq - Rep 2, GATA2 KD + R1881 | FOXA1 ChIP-Seq, PIAS1 + R1881 | FOXA1 ChIP-Seq - Rep 2, CON KD + R1881 | FOXA1 ChIP-Seq, PIAS1 + R1881 | FOXA1 ChIP-Seq - Rep 1, GATA2 KD + R1881 | GATA2 ChIP-Seq, CON KD + R1881 | GATA2 ChIP-Seq",,,
CREB1,CYP11A1,lung,CREB1 IP | DEX - A549 cells,,,
DEX,CYP11A1,lung,"CREB1 IP | DEX - A549 cells, CTCF IP | DEX - A549 cells , CTCF IP | DEX - A549 cells",,,
REST,CYP11A1,liver,"REST IP - HepG2 cells, Rep 2",,,
KLF11,CYP11A1,adiposetissue,"ROSI (BrAT) | KLF11 ChIP-Seq, Rep 1, KLF11 ChIP-Seq, Rep 1, ROSI (BrAT) | KLF11 ChIP-Seq, Rep 2, KLF11 ChIP-Seq, Rep 2",,,
ROSI,CYP11A1,adiposetissue,"ROSI (BrAT) | KLF11 ChIP-Seq, Rep 1, ROSI (BrAT) | KLF11 ChIP-Seq, Rep 2",,,
NFYB,CYP11A1,uterus,NFYB IP - HeLa cells,,,
OTX2,CYP11A1,stemcells,OTX2 IP - Rep 10 ,,,
CREB1,CYP11A1,liver,"CREB1 IP, CREB1 IP - HepG2 cells, CREB1 IP, CREB1 IP",,,11057754
MXI1,CYP11A1,uterus,MXI1 IP - HeLa cells,,,
ZBTB7A,CYP11A1,liver,ZBTB7A IP - HepG2 cells,,,
IRF1,CYP11A1,leukocytes,"IRF1 IP | IFNG - K562 cells, 6 h",,,
GATA3,CYP11A1,mammarygland,"GATA3 IP - T47D cells, GATA3 IP - MCF7 cells",,,
EGR1,CYP11A1,leukocytes,EGR1 IP - K562 cells,,,
REST,CYP11A1,cns,"REST IP - PFSK1 cells, Rep 2, REST IP - PFSK-N-SH cells1 cells, Rep 1, REST IP - U87 cells",,,
TAL1,CYP11A1,colon,TAL1 IP ,,,
FOS,CYP11A1,leukocytes,"FOS IP - GM12878 cells, FOS IP - K562 cells",,,
MAX,CYP11A1,cns,MAX IP - SK-N-SH cells,,,
SRF,CYP11A1,stemcells,"SRF IP - Rep 1 , SRF IP - Rep 2 , SRF IP - Rep 7 , SRF IP - Rep 6 , SRF IP - Rep 5 , SRF IP - Rep 4 ",,,
SP1,CYP11A1,liver,SP1 IP - HepG2 cells,,,
HEY1,CYP11A1,liver,HEY1 IP - HepG2 cells,,,
FOS,CYP11A1,mammarygland,"FOS IP | 4HT - MCF10A cells, 12 h, FOS IP - MCF10A cells, FOS IP | 4HT - MCF10A cells, 36 h, FOS IP | 4HT - MCF10A cells, 4 h",,,
CEBPA,CYP11A1,leukocytes,CEBPA IP,,,
MXI1,CYP11A1,leukocytes,MXI1 IP - GM12878 cells,,,
CTCF,CYP11A1,placenta,"CTCF IP - HVMF cells, Rep 1 , CTCF IP - HVMF cells, Rep 2 ",,,
CTCF,CYP11A1,esophagus,"CTCF IP - HEEpiC cells, Rep 1 , CTCF IP - HEEpiC cells, Rep 2 ",,,
MAFK,CYP11A1,liver,"MAFK IP - HepG2 cells, Rep 2, MAFK IP - HepG2 cells, Rep 1",,,
KLF5,CYP11A1,pancreas,ELF3 IP | KLF5 KO,,,
ETS1,CYP11A1,leukocytes,ETS1 IP,,,
PBX3,CYP11A1,leukocytes,PBX3 IP - GM12878 cells,,,
MAX,CYP11A1,uterus,"MAX IP - HeLa cells, Rep 2, MAX IP - ECC1 cells, MAX IP - HeLa cells, Rep 1",,,
CTCF,CYP11A1,uterus,"CTCF IP - HeLa cells, Rep 1 , CTCF IP - ECC1 cells, CTCF IP - HeLa cells ",,,
STAT3,CYP11A1,uterus,STAT3 IP - HeLa cells,,,
ZNF143,CYP11A1,uterus,ZNF143 IP - HeLa cells,,,
E2F6,CYP11A1,leukocytes,"E2F6 IP - K562 cells, E2F6 IP - K562 cells",,,
YY1,CYP11A1,leukocytes,"YY1 IP - GM12878 cells, YY1 IP - GM12891 cells, YY1 IP - K562 cells, Rep 1",,,
IRF1,CYP11A1,colon,IRF1 IP ,,,
TCF12,CYP11A1,stemcells,TCF12 IP - H1 cells,,,
ZNF143,CYP11A1,stemcells,ZNF143 IP - H1 cells,,,
ZBTB7A,CYP11A1,uterus,ZBTB7A IP - ECC1 cells,,,
ELF1,CYP11A1,cns,ELF1 IP - SK-N-SH cells,,,
JUN,CYP11A1,uterus,JUN IP - HeLa cells,,,
MYC,CYP11A1,mammarygland,"MYC IP, DHT | MYC ChIP-Seq",,,
TBP,CYP11A1,uterus,TBP IP - HeLa cells,,,
SP2,CYP11A1,stemcells,SP2 IP - H1 cells,,,
SMAD1,CYP11A1,hspcs,SMAD1 IP - Rep 3,,,
CEBPB,CYP11A1,colon,CEBPB IP - HCT116 cells,,,
SP1,CYP11A1,colon,SP1 IP - HCT116 cells,,,
ATF3,CYP11A1,colon,ATF3 IP - HCT116 cells,,,
CREB1,CYP11A1,stemcells,CREB1 IP - H1 cells,,,
ZNF263,CYP11A1,kidney,ZNF263 IP - HEK293 cells,,,
HOXA6,CYP11A1,colon,HOXA6 IP ,,,
PIAS1,CYP11A1,prostate,"PIAS1 + R1881 | FOXA1 ChIP-Seq - Rep 2, PIAS1 + R1881 | FOXA1 ChIP-Seq - Rep 1",,,
NANOG,CYP11A1,stemcells,"NANOG IP - Rep 8 , NANOG IP - Rep 5 , NANOG IP - Rep 3 ",,,
ZEB1,CYP11A1,leukocytes,ZEB1 IP - GM12878 cells,,,
HOXA4,CYP11A1,colon,HOXA4 IP ,,,
E2F3,CYP11A1,colon,E2F3 IP ,,,
SP1,CYP11A1,lung,SP1 IP - A549 cells,,,
SP1,CYP11A1,stemcells,"SP1 IP - Rep 1 , SP1 IP - H1 cells",,,
FOSL1,CYP11A1,colon,FOSL1 IP - HCT116 cells,,,
FOXA2,CYP11A1,liver,FOXA2 IP - HepG2 cells,,,
MAX,CYP11A1,lung,"MAX IP - A549 cells, MAX IP - A549 cells",,,
CTCF,CYP11A1,sensory,"CTCF IP - WERI , CTCF IP - WERI-Rb-1- cells, Rep 1 , CTCF IP - HRPEpiC cells, Rep 1 , CTCF IP - HRPEpiC cells, Rep 2 ",,,
REST,CYP11A1,uterus,REST IP - SK-N-SH cells,,,
YY1,CYP11A1,stemcells,"YY1 IP - NT2 cells, YY1 IP - H1 cells",,,
JUN,CYP11A1,vasculature,JUN IP,,,
CEBPB,CYP11A1,lung,CEBPB ChIP-Seq - IMR90,,,
ZBTB7A,CYP11A1,leukocytes,ZBTB7A IP - SK-N-SH cells,,,
GATA1,CYP11A1,hspcs,"GATA1 IP - PBDE cells, Rep 1",,,
MYC,CYP11A1,colon,MYC IP - DTT,,,
SP2,CYP11A1,leukocytes,SP2 IP - K562 cells,,,
MXI1,CYP11A1,cns,MXI1 IP - SK-N-SH cells ,,,
NFYC,CYP11A1,colon,NFYC IP ,,,
FOXA2,CYP11A1,embryonictissue,FOXA2 IP - Rep 2,,,
ELF1,CYP11A1,mammarygland,ELF1 IP - MCF7 cells,,,
CTCF,CYP11A1,adiposetissue,"CTCF ChIP-Seq - d 9, CTCF ChIP-Seq - d -2, CTCF ChIP-Seq - d 0, CTCF ChIP-Seq - d 3",,,
NFYA,CYP11A1,leukocytes,NFYA IP - K562 cells,,,
ZKSCAN1,CYP11A1,uterus,ZKSCAN1 IP - HeLa cells,,,
TCF12,CYP11A1,leukocytes,TCF12 IP - GM12878 cells,,,
CEBPB,CYP11A1,uterus,CEBPB ChIP-Seq - HeLaS3,,,
MYC,CYP11A1,liver,MYC IP,,,
MXI1,CYP11A1,lung,MXI1 IP - IMR cells,,,
MAX,CYP11A1,vasculature,MAX IP - HUVEC cells,,,
TEAD4,CYP11A1,leukocytes,TEAD4 IP - K562 cells,,,
JUND,CYP11A1,uterus,JUND IP - HeLa cells,,,
PRDM1,CYP11A1,uterus,PRDM1 IP - HeLa cells,,,
JUND,CYP11A1,vasculature,JUND IP,,,
POU2F1,CYP11A1,prostate,POU2F1 KD + DHT | FOXA1 ChIP-Seq,,,
NFYA,CYP11A1,colon,NFYA IP ,,,
CEBPB,CYP11A1,liver,CEBPB ChIP-Seq - HepG2,,,
MAX,CYP11A1,stemcells,MAX IP - H1 cells,,,
MYC,CYP11A1,uterus,MYC IP - HeLa cells,,,
TBP,CYP11A1,liver,TBP IP - HepG2 cells,,,
HMGN3,CYP11A1,leukocytes,HMGN3 IP - K562 cells,,,
TCF7L2,CYP11A1,mammarygland,TCF7L2 ChIP-Seq,,,
JUND,CYP11A1,leukocytes,JUND IP - K562 cells,,,
GATA3,CYP11A1,cns,GATA3 IP - SK-N-SH cells,,,
MAZ,CYP11A1,lung,MAZ IP - IMR cells,,,
E2F6,CYP11A1,uterus,E2F6 IP - HeLa cells,,,
GABPA,CYP11A1,stemcells,GABPA IP - H1 cells,,,
ATF2,CYP11A1,colon,ATF2 IP ,,,
ZEB1,CYP11A1,liver,ZEB1 IP - HepG2 cells,,,
ELF1,CYP11A1,liver,ELF1 IP - HepG2 cells,,,
CREB1,CYP11A1,leukocytes,CREB1 IP - GM12878 cells,,,
MAFF,CYP11A1,liver,MAFF IP - HepG2 cells,,,
E2F6,CYP11A1,stemcells,E2F6 IP - H1 cells,,,
YY1,CYP11A1,colon,YY1 IP - HCT116 cells,,,
FOS,CYP11A1,uterus,FOS IP - HeLa cells,,,
E2F6,CYP11A1,lung,E2F6 IP - A549 cells,,,
TAL1,CYP11A1,leukocytes,TAL1 IP - K562 cells,,,
BARX1,CYP11A1,colon,BARX1 IP - Rep 1 ,,,
JUND,CYP11A1,liver,JUND IP - HepG2 cells,,,
ELF1,CYP11A1,colon,ELF1 IP - HCT116 cells,,,
SPI1,CYP11B1,leukocytes,"SPI1 IP, SPI1 IP, SPI1 IP - HL cells, SPI1 IP, SPI1 IP, SPI1 IP, SPI1 IP, SPI1 IP, SPI1 IP - K562 cells",,,
REST,CYP11B1,leukocytes,"REST IP - GM12878 cells, Rep 27 , REST IP - Jurkat cells, Rep 13 , REST IP - GM12878 cells, Rep 21 , REST IP - GM12878 cells, Rep 12 , REST IP - GM12878 cells, Rep 15 , REST IP - Jurkat cells, Rep 14 , REST IP - Jurkat cells, Rep 6 , REST IP - GM12878 cells, Rep 25 , REST IP - GM12878 cells, Rep 4 , REST IP - Jurkat cells, Rep 7 , REST IP - GM12878 cells, Rep 18 , REST IP - GM12878 cells, Rep 22 , REST IP - K562 cells , REST IP - Jurkat cells, Rep 11 , REST IP - Jurkat cells, Rep 10 , REST IP - GM12878 cells, Rep 5 , REST IP - GM12878 cells, Rep 9 , REST IP - GM12878 cells, Rep 6 , REST IP - GM12878 cells, Rep 8 , REST IP - Jurkat cells, Rep 1 , REST IP - GM12878 cells, Rep 2, REST IP - GM12878 cells, Rep 23 , REST IP - GM12878 cells, Rep 16 , REST IP - GM12878 cells, Rep 13 , REST IP - GM12878 cells, Rep 14 , REST IP - Jurkat cells, Rep 12 , REST IP - GM12878 cells, Rep 19 , REST IP - Jurkat cells, Rep 4 , REST IP - HL60 cells, REST IP - GM12878 cells, Rep 3 , REST IP - GM12878 cells, Rep 24 , REST IP - GM12878 cells, Rep 26 , REST IP - K562 cells, REST IP - Jurkat cells, Rep 15 , REST IP - GM12878 cells, Rep 2 , REST IP - GM12878 cells, Rep 28 , REST IP - GM12878 cells, Rep 17 , REST IP - GM12878 cells, Rep 10 , REST IP - GM12878 cells, Rep 1 , REST IP - GM12878 cells, Rep 7 , REST IP - Jurkat cells, Rep 2 , REST IP - GM12878 cells, Rep 11 , REST IP - GM12878 cells, Rep 1, REST IP - Jurkat cells, Rep 5 , REST IP - Jurkat cells, Rep 3 , REST IP - Jurkat cells, Rep 8 , REST IP -  K562 cells",,,
REST,CYP11B1,cns,"REST IP - SK-N-SH cells, REST IP - SK cells, REST IP - U87 cells, REST IP - PFSK1 cells, Rep 2, REST IP - PFSK-N-SH cells1 cells, Rep 1",,,
FOXP1,CYP11B1,leukocytes,"FOXP1 IP - HT, FOXP1 IP - OCI-LY10",,,
IRF1,CYP11B1,leukocytes,"IRF1 IP - Rep 2, IRF1 IP - Rep 3, IRF1 IP - Rep 1",,,
IFNG,CYP11B1,leukocytes,"IRF1 IP - Rep 2, IRF1 IP - Rep 3, STAT1 IP - Rep 5, IRF1 IP - Rep 1, STAT1 IP - Rep 2, STAT1 IP - Rep 3, MYC IP | IFNG - K562 cells, 30 min",,,
TP53,CYP11B1,colon,"TP53 IP | TP53 KO, TP53 IP | CAMPTO",,,
TFAP4,CYP11B1,leukocytes,"TFAP4 IP - Rep 1, TFAP4 IP - Rep 2",,,
REST,CYP11B1,stemcells,"REST IP - H1 cells, Rep 2",,,
MAX,CYP11B1,uterus,"MAX IP - ECC1 cells, MAX IP - HeLa cells, Rep 2",,,
REST,CYP11B1,pancreas,"REST IP - PANC1 cells, Rep 1, REST IP - Panc1 cells, Rep 3, REST IP - PANC1 cells, Rep 2",,,
MXI1,CYP11B1,leukocytes,MXI1 IP - K562 cells,,,
BHLHE40,CYP11B1,leukocytes,BHLHE40 IP - K562 cells,,,
MYC,CYP11B1,bone,"MYC IP, MYC IP",,,
REST,CYP11B1,liver,"REST IP - HepG2 cells, Rep 2, REST IP - HepG2 cells, Rep 1",,,
MYC,CYP11B1,mammarygland,MYC IP - MCF-10A cells,,,
CEBPB,CYP11B1,leukocytes,"CEBPB IP, CEBPB ChIP-Seq - K562, CEBPB IP, CEBPB IP, CEBPB IP, CEBPB IP, CEBPB IP",,,
FOSL1,CYP11B1,colon,FOSL1 IP - HCT116 cells,,,
PRDM1,CYP11B1,uterus,PRDM1 IP - HeLa cells,,,
CTCF,CYP11B1,megakaryocytelineage,"CTCF IP - MEG-01 cells, Rep 8 , CTCF IP - MEG-01 cells, Rep 4 ",,,
BATF,CYP11B1,leukocytes,BATF IP - GM12878 cells,,,
MYC,CYP11B1,leukocytes,"MYC IP - NB4 cells, MYC IP - K562 cells, Rep 1, MYC IP | IFNG - K562 cells, 30 min",,,
ATF3,CYP11B1,colon,ATF3 IP | CAMPTO,,,
MAX,CYP11B1,stemcells,MAX IP - H1 cells,,,
TP53,CYP11B1,lung,"TP53 IP - growing, TP53 IP | TP53 KD - senescent, TP53 IP - senescent",,,
MAX,CYP11B1,liver,"MAX IP - MCF7 cells, MAX IP - HepG2 cells",,,
CTCF,CYP11B1,liver,CTCF IP - SK-N-SH cells,,,
STAT1,CYP11B1,leukocytes,"STAT1 IP - Rep 5, STAT1 IP - Rep 2, STAT1 IP - Rep 3",,,
CAMPTO,CYP11B1,colon,TP53 IP | CAMPTO,,,
REST,CYP11B1,mammarygland,REST IP - MCF7 cells,,,
MAX,CYP11B1,leukocytes,"MAX IP - NB4 cells, MAX IP - K562 cells, MAX IP - K562 cells, Rep 2",,,
MAX,CYP11B1,vasculature,MAX IP - HUVEC cells,,,
USF1,CYP11B1,liver,USF1 IP - HepG2 cells,,,
REST,CYP11B1,colon,REST IP - HCT116 cells,,,
USF1,CYP11B1,stemcells,USF1 IP - H1 cells,,,
TEAD4,CYP11B1,lung,TEAD4 IP - A549 cells,,,
EBF1,CYP11B1,leukocytes,"EBF1 IP - GM12878 cells, EBF1 IP - GM12878 cells",,,
FOSL2,CYP11B1,mammarygland,FOSL2 IP - MCF7 cells,,,
CEBPB,CYP11B1,stemcells,"CEBPB IP, CEBPB IP, CEBPB IP",,,
REST,CYP11B1,lung,REST IP - A549 cells,,,
REST,CYP11B1,uterus,"REST IP - SK-N-SH cells, REST IP - ECC1 cells",,,
USF1,CYP11B1,uterus,USF1 IP - ECC1 cells,,,
MXI1,CYP11B1,lung,MXI1 IP - IMR cells,,,
MXI1,CYP11B1,stemcells,MXI1 IP - H1 cells,,,
CTCF,CYP11B1,leukocytes,"CTCF IP - GM12873 cells, Rep 1 ",,,
REST,CYP11B2,leukocytes,"REST IP - GM12878 cells, Rep 7 , REST IP - GM12878 cells, Rep 1 , REST IP - GM12878 cells, Rep 2, REST IP - K562 cells, REST IP - Jurkat cells, Rep 5 , REST IP - GM12878 cells, Rep 11 , REST IP - Jurkat cells, Rep 3 , REST IP - Jurkat cells, Rep 8 , REST IP - GM12878 cells, Rep 10 , REST IP - GM12878 cells, Rep 12 , REST IP - GM12878 cells, Rep 4 , REST IP - Jurkat cells, Rep 13 , REST IP - GM12878 cells, Rep 27 , REST IP - HL60 cells, REST IP - GM12878 cells, Rep 15 , REST IP - GM12878 cells, Rep 1, REST IP - GM12878 cells, Rep 21 , REST IP - Jurkat cells, Rep 2 , REST IP - GM12878 cells, Rep 25 , REST IP - Jurkat cells, Rep 14 , REST IP - GM12878 cells, Rep 22 , REST IP - Jurkat cells, Rep 11 , REST IP - GM12878 cells, Rep 19 , REST IP - GM12878 cells, Rep 17 , REST IP - Jurkat cells, Rep 7 , REST IP - GM12878 cells, Rep 9 , REST IP - GM12878 cells, Rep 6 , REST IP - GM12878 cells, Rep 5 , REST IP - K562 cells , REST IP - GM12878 cells, Rep 18 , REST IP - GM12878 cells, Rep 23 , REST IP - Jurkat cells, Rep 10 , REST IP - Jurkat cells, Rep 1 , REST IP - GM12878 cells, Rep 20 , REST IP -  K562 cells, REST IP - GM12878 cells, Rep 16 , REST IP - GM12878 cells, Rep 13 , REST IP - GM12878 cells, Rep 14 , REST IP - Jurkat cells, Rep 12 , REST IP - GM12878 cells, Rep 24 , REST IP - GM12878 cells, Rep 26 , REST IP - Jurkat cells, Rep 4 , REST IP - GM12878 cells, Rep 3 , REST IP - GM12878 cells, Rep 8 , REST IP - GM12878 cells, Rep 2 , REST IP - GM12878 cells, Rep 17 , REST IP - GM12878 cells, Rep 28 , REST IP - Jurkat cells, Rep 15 ",,,
MAX,CYP11B2,liver,MAX IP - MCF7 cells,,,
STAT3,CYP11B2,mammarygland,"STAT3 IP | 4HT - MCF10 cells, 12 h, STAT3 IP - MCF10A cells, Rep 2, STAT3 IP | 4HT - MCF10 cells, 36 h",,,
4HT,CYP11B2,mammarygland,"STAT3 IP | 4HT - MCF10 cells, 12 h, STAT3 IP | 4HT - MCF10 cells, 36 h, FOS IP | 4HT - MCF10A cells, 12 h",,,
FOXA1,CYP11B2,mammarygland,"17BE2 + TNF | FOXA1 ChIP-Seq - Rep 1, 17BE2 | FOXA1 ChIP-Seq - Rep 1, TNF | FOXA1 ChIP-Seq - Rep 1, DEX | FOXA1 ChIP-Seq - Rep 1, DEX | FOXA1 ChIP-Seq - Rep 2, FOXA1 ChIP-Seq - Rep 1, DEX | FOXA1 ChIP-Seq - Rep 1, 17BE2 + TNF | FOXA1 ChIP-Seq - Rep 2, FOXA1 ChIP-Seq - Rep 2, 17BE2 | FOXA1 ChIP-Seq - Rep 2, FOXA1 ChIP-Seq - Rep 2, DEX | FOXA1 ChIP-Seq - Rep 2, FOXA1 ChIP-Seq - Rep 2, 17BE2 | FOXA1 ChIP-Seq - Rep 1, FOXA1 ChIP-Seq - Rep 2, 17BE2 | FOXA1 ChIP-Seq - Rep 1, TNF | FOXA1 ChIP-Seq - Rep 2, FOXA1 ChIP-Seq - Rep 1, 17BE2 | FOXA1 ChIP-Seq - Rep 2, 17BE2 | FOXA1 ChIP-Seq - Rep 2, DEX | FOXA1 ChIP-Seq - Rep 2",,,
17BE2; TNF,CYP11B2,mammarygland,"17BE2 + TNF | FOXA1 ChIP-Seq - Rep 1, 17BE2 + TNF | FOXA1 ChIP-Seq - Rep 2",,,
FOXA1,CYP11B2,prostate,"R1881 | FOXA1 ChIP-Seq - Rep 2, POU2F1 KD + DHT | FOXA1 ChIP-Seq, CON KD + R1881 | FOXA1 ChIP-Seq, CON KD  | FOXA1 ChIP-Seq, EtOH | FOXA1 ChIP-Seq - Rep 2, CON KD + R1881 | FOXA1 ChIP-Seq - Rep 1, FOXA1 ChIP-Seq, R1881 | FOXA1 ChIP-Seq - Rep 1, FOXA1 ChIP-Seq - Rep 1, FOXA1 KD | FOXA1 ChIP-Seq, CON KD | FOXA1 ChIP-Seq, PIAS1 + R1881 | FOXA1 ChIP-Seq - Rep 2, CON KD + R1881 | FOXA1 ChIP-Seq - Rep 2, EtOH | FOXA1 ChIP-Seq - , FOXA1 KD | FOXA1 ChIP-Seq, FOXA1 ChIP-Seq, CREB1 siRNA | FOXA1 ChIP-Seq - Rep 2, CON KD | FOXA1 ChIP-Seq, GATA2 KD  | FOXA1 ChIP-Seq, FOXA1 ChIP-Seq, PIAS1 + R1881 | FOXA1 ChIP-Seq - Rep 1, FOXA1 ChIP-Seq - Rep 2, CREB1 siRNA | FOXA1 ChIP-Seq - Rep 1, FOXA1 ChIP-Seq - LNCaP-abl, DHT | FOXA1 ChIP-Seq, GATA2 KD + R1881 | FOXA1 ChIP-Seq, FOXA1 ChIP-Seq, CON KD | FOXA1 ChIP-Seq, DHT | FOXA1 ChIP-Seq",,,
R1881,CYP11B2,prostate,"R1881 | FOXA1 ChIP-Seq - Rep 2, CON KD + R1881 | FOXA1 ChIP-Seq, CON KD + R1881 | FOXA1 ChIP-Seq - Rep 1, R1881 | FOXA1 ChIP-Seq - Rep 1, PIAS1 + R1881 | FOXA1 ChIP-Seq - Rep 2, CON KD + R1881 | FOXA1 ChIP-Seq - Rep 2, PIAS1 + R1881 | FOXA1 ChIP-Seq - Rep 1, GATA2 KD + R1881 | FOXA1 ChIP-Seq",,,
17BE2,CYP11B2,mammarygland,"17BE2 | FOXA1 ChIP-Seq - Rep 1, 17BE2 | FOXA1 ChIP-Seq - Rep 2, 17BE2 | FOXA1 ChIP-Seq - Rep 1, 17BE2 | FOXA1 ChIP-Seq - Rep 1, 17BE2 | FOXA1 ChIP-Seq - Rep 2, 17BE2 | FOXA1 ChIP-Seq - Rep 2",,,
TNF,CYP11B2,mammarygland,"TNF | FOXA1 ChIP-Seq - Rep 1, TNF | FOXA1 ChIP-Seq - Rep 2",,,
CTCF,CYP11B2,liver,CTCF IP - SK-N-SH cells,,,
DHT,CYP11B2,prostate,"POU2F1 KD + DHT | FOXA1 ChIP-Seq, DHT | FOXA1 ChIP-Seq, DHT | FOXA1 ChIP-Seq",,,
POU2F1,CYP11B2,prostate,POU2F1 KD + DHT | FOXA1 ChIP-Seq,,,
GATA2,CYP11B2,prostate,"GATA2 ChIP-Seq, GATA2 KD  | FOXA1 ChIP-Seq, GATA2 KD + R1881 | FOXA1 ChIP-Seq",,,
REST,CYP11B2,mammarygland,REST IP - MCF7 cells,,,
DEX,CYP11B2,mammarygland,"DEX | FOXA1 ChIP-Seq - Rep 1, DEX | FOXA1 ChIP-Seq - Rep 2, DEX | FOXA1 ChIP-Seq - Rep 1, DEX | FOXA1 ChIP-Seq - Rep 2, DEX | FOXA1 ChIP-Seq - Rep 2",,,
ZNF263,CYP11B2,kidney,ZNF263 IP - HEK293 cells,,,
REST,CYP11B2,uterus,"REST IP - ECC1 cells, REST IP - SK-N-SH cells",,,
ELF1,CYP11B2,leukocytes,ELF1 IP - SK-N-SH cells,,,
CEBPB,CYP11B2,stemcells,CEBPB IP,,,
CEBPB,CYP11B2,liver,"CEBPB IP | FORSK - HepG2 cells, CEBPB ChIP-Seq - HepG2",,,
FORSK,CYP11B2,liver,CEBPB IP | FORSK - HepG2 cells,,,
REST,CYP11B2,pancreas,"REST IP - PANC1 cells, Rep 2, REST IP - PANC1 cells, Rep 1, REST IP - Panc1 cells, Rep 3",,,
REST,CYP11B2,cns,"REST IP - SK-N-SH cells, REST IP - U87 cells, REST IP - SK cells, REST IP - PFSK1 cells, Rep 2, REST IP - PFSK-N-SH cells1 cells, Rep 1",,,
REST,CYP11B2,stemcells,"REST IP - H1 cells, Rep 2",,,
ELF3,CYP11B2,pancreas,ELF3 IP,,,
REST,CYP11B2,lung,REST IP - A549 cells,,,
ETS1,CYP11B2,leukocytes,ETS1 IP,,,
REST,CYP11B2,colon,REST IP - HCT116 cells,,,
GATA3,CYP11B2,mammarygland,"GATA3 IP - T47D cells, GATA3 IP - MCF7 cells",,,
TP53,CYP11B2,bone,TP53 IP | TP53EE/RR OE,,,
PIAS1,CYP11B2,prostate,"PIAS1 + R1881 | FOXA1 ChIP-Seq - Rep 2, PIAS1 + R1881 | FOXA1 ChIP-Seq - Rep 1",,,
REST,CYP11B2,liver,"REST IP - HepG2 cells, Rep 1, REST IP - HepG2 cells, Rep 2",,,
CTCF,CYP11B2,leukocytes,"CTCF IP - GM12871 cells , CTCF IP -  DND ",,,
EGR1,CYP11B2,leukocytes,EGR1 IP - K562 cells,,,
PBX3,CYP11B2,leukocytes,PBX3 IP - GM12878 cells,,,
TEAD4,CYP11B2,lung,TEAD4 IP - A549 cells,,,
CREB1,CYP11B2,prostate,"CREB1 siRNA | FOXA1 ChIP-Seq - Rep 2, CREB1 siRNA | FOXA1 ChIP-Seq - Rep 1",,,
ZNF263,CYP11B2,leukocytes,ZNF263 IP - K562 cells,,,
ELF1,CYP11B2,liver,ELF1 IP - HepG2 cells,,,
ELF1,CYP11B2,mammarygland,ELF1 IP - MCF7 cells,,,
MAX,CYP11B2,leukocytes,MAX IP - K562 cells,,,
MAX,CYP11B2,vasculature,MAX IP - HUVEC cells,,,
MAX,CYP11B2,uterus,MAX IP - ECC1 cells,,,
FOS,CYP11B2,mammarygland,"FOS IP | 4HT - MCF10A cells, 12 h",,,
CTCF,CYP11B2,kidney,"CTCF IP - HEK293 cells, Rep 1 ",,,
CTCF,CYP17A1,leukocytes,"CTCF IP - GM12815 cells, Rep 2, CTCF IP - GM12878 cells , CTCF IP - K562 cells, Rep 16 , CTCF IP - GM2630 cells, Rep 3 , CTCF IP - F36P cells, Rep 7 , CTCF IP - GM12890 cells, Rep 3 , CTCF IP - MS1 cells, Rep 1 , CTCF IP - K562 cells, CTCF IP - GM12814 cells, Rep 1, CTCF IP - GM18951 cells, Rep 1 , CTCF IP - GM12875 cells, Rep 2 , CTCF IP - GM12006 cells, Rep 1, CTCF IP - KU812 cells, Rep 1 , CTCF IP - F36P cells, Rep 3 , CTCF IP - NB4 cells , CTCF IP - GM2630 cells, Rep 1 , CTCF IP - GM19240 cells, Rep 1 , CTCF IP - GM11881 cells, CTCF IP - HeLa cells, Rep 2 , CTCF IP - GM2610 cells, Rep 3 , CTCF IP - F36P cells, Rep 11 , CTCF IP - MS1 cells, Rep 2 , CTCF IP - GM06986 cells, CTCF IP - GM12872 cells, Rep 2 , CTCF IP - GM12828 cells, CTCF IP - GM19099 cells, Rep 1 , CTCF IP - F36P cells, Rep 19 , CTCF IP - GM12873 cells, Rep 1 , CTCF IP - GM12868 cells , CTCF IP - GM18505 cells, Rep 1 , CTCF IP - GM11894 cells, Rep 2, CTCF IP - GM12891 cells, Rep 2 , CTCF IP - GM19239 cells, Rep 2 , CTCF IP - GM10847 cells, Rep 2 , CTCF IP - GM12865 cells, Rep 1 , CTCF IP - GM12864 cells, Rep 3 , CTCF IP - K562 cells, Rep 14 , CTCF IP - GM19239 cells, Rep 1 , CTCF IP - GM12005 cells, Rep 2, CTCF IP - GM12878 cells, Rep 1 , CTCF IP - GM12155 cells, Rep 2, CTCF IP - F36P cells, Rep 17 , CTCF IP - GM12874 cells, Rep 2 , CTCF IP - GM19099 cells, Rep 2 , CTCF IP - HL , CTCF IP - GM11811 cells, Rep 1, CTCF IP - GM12864 cells, Rep 2 , CTCF IP - GM2588 cells, Rep 2 , CTCF IP, CTCF IP - MS1 cells, Rep 3 , CTCF IP - GM12234 cells, CTCF IP - GM2630 cells, Rep 2 , CTCF IP - F36P cells, Rep 13 , CTCF IP - CD14+ cells , CTCF IP - GM12874 cells, Rep 1 , CTCF IP - HL-60 cells, Rep 5 , CTCF ChIP-Seq - GM12878, CTCF IP - KU812 cells, Rep 5 , CTCF IP - GM12814 cells, Rep 2, CTCF IP - MS1 cells, Rep 4 , CTCF IP - GM2255 cells, Rep 2 , CTCF IP - GM12891 cells, Rep 1 , CTCF IP - GM12749 cells, Rep 2, CTCF IP - K562 cells, Rep 15 , CTCF IP - GM12006 cells, Rep 2, CTCF IP -  CD20+ cells , CTCF IP - GM18526 cells, Rep 2 , CTCF IP - GM18505 cells, Rep 2 , CTCF IP - K562 cells, CTCF IP - GM18486 cells, Rep 1 , CTCF IP - GM18486 cells, Rep 2 , CTCF IP - GM12878 cells, Rep 1 , CTCF IP - GM12489 cells, Rep 1, CTCF IP - GM12892 cells, Rep 1 , CTCF IP - GM07037 cells, CTCF IP - GM12287 cells, Rep 1, CTCF IP - GM18951 cells, Rep 2 , CTCF IP - GM2610 cells, Rep 1 , CTCF IP - GM12873 cells, Rep 1 , CTCF IP - GM12749 cells, Rep 1, CTCF IP - GM2588 cells, Rep 3 , CTCF IP - F36P cells, Rep 14 , CTCF IP - GM12872 cells, Rep 3 , CTCF IP - GM12870 cells , CTCF IP - GM12867 cells , CTCF IP - UT-7 cells, Rep 6 , CTCF IP - F36P cells, Rep 10 , CTCF IP - GM18526 cells, Rep 1 , CTCF IP - K562 cells, Rep 13 , CTCF IP - GM11994 cells, Rep 2, CTCF IP - GM19193 cells, Rep 1 , CTCF IP - GM19193 cells, Rep 2 , CTCF IP - GM12875 cells, Rep 1 , CTCF IP - K562 cells, Rep 12 , CTCF IP - GM12892 cells, Rep 2 , CTCF IP - F36P cells, Rep 2 , CTCF IP - GM12155 cells, Rep 1, CTCF IP - HL-60 cells, Rep 9 , CTCF IP - GM12864 cells, Rep 1 , CTCF IP - GM07346 cells, CTCF IP -  DND , CTCF IP - GM18486 cells, Rep 3 , CTCF IP - GM12872 cells, CTCF IP - GM06990 cells, Rep 2 , CTCF IP - GM11831 cells, CTCF IP - GM12871 cells , CTCF IP - KU812 cells, Rep 13 , CTCF IP - K562 cells, Rep 2 , CTCF IP - UT-7 cells, Rep 3 , CTCF IP - KU812 cells, Rep 17 , CTCF IP - GM12872 cells, Rep 1 , CTCF IP, CTCF IP - GM12154 cells, Rep 2, CTCF IP - GM11994 cells, Rep 1, CTCF IP - GM12878 cells, Rep 2 , CTCF IP - K562 cells , CTCF IP - UT-7 cells, Rep 5 , CTCF IP - GM2588 cells, Rep 1 , CTCF IP - F36P cells, Rep 15 , CTCF IP - GM12890 cells, Rep 1 , CTCF IP - GM12815 cells, Rep 1, CTCF IP - UT-7 cells, Rep 4 , CTCF IP - F36P cells, Rep 9 , CTCF IP - GM19238 cells, Rep 1 , CTCF IP - K562 cells, Rep 1 , CTCF IP - GM2255 cells, Rep 1 , CTCF IP - GM12890 cells, Rep 2 , CTCF IP - GM12866 cells , CTCF IP - GM12874 cells, CTCF IP - HL-60 cells, Rep 3 , CTCF IP - K562 cells, Rep 11 , CTCF IP - GM12878 cells, Rep 2 , CTCF IP - GM19240 cells, Rep 2 , CTCF IP - F36P cells, Rep 5 , CTCF IP - GM11992 cells, Rep 1, CTCF IP - U-937 cells, Rep 2 , CTCF IP - GM12154 cells, Rep 1, CTCF IP - F36P cells, Rep 6 , CTCF IP - GM19238 cells, Rep 2 , CTCF IP - F36P cells, Rep 1 , CTCF IP - HL-60 cells, Rep 2 , CTCF IP - GM12801 cells , CTCF IP - GM12873 cells, Rep 3 , CTCF IP - GM12865 cells, Rep 3 , CTCF IP - GM11811 cells, Rep 2, CTCF IP - GM2610 cells, Rep 2 , CTCF IP - GM12869 cells , CTCF IP - GM10847 cells, Rep 1 , CTCF IP - GM06990 cells, Rep 1 , CTCF IP - GM2255 cells, Rep 3 , CTCF IP - KU812 cells, Rep 9 , CTCF IP - GM12865 cells, Rep 2 ",,,
FOXA1,CYP17A1,mammarygland,"DHT | FOXA1 ChIP-Seq, FOXA1 ChIP-Seq - Rep 2, DEX | FOXA1 ChIP-Seq - Rep 2, 17BE2 | FOXA1 ChIP-Seq - Rep 2, FOXA1 IP - T47D, FOXA1 IP - T47D cells, FOXA1 ChIP-Seq - Rep 2, FOXA1 ChIP-Seq - Rep 1, 17BE2 | FOXA1 ChIP-Seq - Rep 1, DEX | FOXA1 ChIP-Seq - Rep 1, DEX | FOXA1 ChIP-Seq - Rep 1",,,
DHT,CYP17A1,mammarygland,"DHT | FOXA1 ChIP-Seq, DHT | MYC ChIP-Seq",,,
CTCF,CYP17A1,vasculature,"CTCF IP - HUVEC cells, Rep 1 , CTCF IP - AoAFC cells, Rep 2 , CTCF IP - HPAF cells, Rep 2 , CTCF IP - HUVEC cells, Rep 2 , CTCF IP - HPAF cells, Rep 1 , CTCF IP - AoAFC cells, Rep 1 , CTCF IP - HUVEC cells , CTCF IP - HBMEC cells, Rep 2 , CTCF IP - HBMEC cells, Rep 1 ",,,
FOS,CYP17A1,vasculature,FOS IP - HUVEC cells,,,
CTCF,CYP17A1,sensory,"CTCF IP - HRPEpiC cells, Rep 2 , CTCF IP - WERI , CTCF IP - WERI-Rb-1- cells, Rep 1 , CTCF IP - HRPEpiC cells, Rep 1 ",,,
CTCF,CYP17A1,cns,"CTCF IP - spinal cord astrocyte cells, Rep 1 , CTCF IP - NHA cells , CTCF IP - SK-N-SH cells, Rep 1 , CTCF IP - SK-N-SH cells , CTCF IP - spinal cord astrocyte cells, Rep 2 , CTCF IP - SK cells, CTCF IP - cerebellar astrocyte cells, Rep 1 , CTCF IP - SK-N-SH cells, Rep 2 , CTCF IP - HCPEpiC cells, Rep 2 , CTCF IP - cerebellar astrocyte cells, Rep 2 , CTCF IP - BE(2)-C cells, Rep 1 , CTCF IP - HCPEpiC cells, Rep 1 , CTCF IP - BE(2)-C cells, Rep 2 ",,,
MAZ,CYP17A1,lung,MAZ IP - IMR cells,,,
MYC,CYP17A1,leukocytes,"MYC IP - NB4 cells, MYC IP | IFNG - K562 cells, 30 min",,,
CTCF,CYP17A1,adiposetissue,"CTCF ChIP-Seq - d -2, CTCF ChIP-Seq - d 0, CTCF ChIP-Seq - d 3, CTCF ChIP-Seq - d 9",,,
SPI1,CYP17A1,leukocytes,"SPI1 IP, SPI1 IP - HL cells, SPI1 IP, SPI1 IP | RUNX1 KD, SPI1 IP, SPI1 IP - HL-60 cells, Rep 4 , SPI1 IP, SPI1 IP",,,
RELA,CYP17A1,leukocytes,"RELA IP | TNF - GM19099 cells, RELA IP | TNF - GM18951 cells, RELA IP | TNF - GM10847 cells",,,
CTCF,CYP17A1,mammarygland,"CTCF IP - HMF cells, Rep 1 , CTCF IP - MCF-7 cells Rep 2 , CTCF IP - T47D cells, CTCF IP - MCF-7 cells, Rep 1 , CTCF IP - HMF cells, Rep 2 , CTCF IP - HMEC cells, Rep 2 , CTCF IP - MCF7 cells, CTCF IP - HMEC cells, Rep 1 , CTCF IP - HMEC cells ",,,
MAX,CYP17A1,stemcells,MAX IP - H1 cells,,,
CTCF,CYP17A1,skin,"CTCF IP - AG10803 cells, Rep 2 , CTCF IP - AG04449 cells, Rep 1 , CTCF IP - NHDF cells , CTCF IP - HFFC cells, Rep 1 , CTCF IP - NHDF cells, Rep 1 , CTCF IP - HFFC cells, Rep 3 , CTCF IP - HFFC cells, Rep 2 , CTCF IP - NHEK cells, Rep 2 , CTCF IP - BJ cells, Rep 2 , CTCF IP - NHEK cells , CTCF IP - BJ cells, Rep 1 , CTCF IP - AG04449 cells, Rep 2 , CTCF IP - NHDF cells, Rep 2 , CTCF IP - GM12878 cells, Rep 2 , CTCF IP - AG10803 cells, Rep 1 , CTCF IP - AG09309 cells, Rep 2 , CTCF IP - AG09309 cells, Rep 1 ",,,
CTCF,CYP17A1,hspcs,"CTCF IP - HEL 92.1.7 cells, Rep 5 , CTCF IP - HEL 92.1.7 cells, Rep 8 , CTCF IP - Erythroid cells, Rep 2, CTCF IP - HEL 92.1.7 cells, Rep 7 , CTCF IP - HSPCs, Rep 2, CTCF IP - HEL 92.1.7 cells, Rep 2 , CTCF IP - HEL 92.1.7 cells, Rep 4 , CTCF IP - Erythroid cells, Rep 1, CTCF IP - HEL 92.1.7 cells, Rep 10 , CTCF IP - HEL 92.1.7 cells, Rep 11 , CTCF IP - HSPCs, Rep 1, CTCF IP - HEL 92.1.7 cells, Rep 14 ",,,
CTCF,CYP17A1,kidney,"CTCF IP - HEK293 cells, Rep 2 , CTCF IP - RPTEC cells, Rep 1 , CTCF IP - HEK293 cells, Rep 1 , CTCF IP - HRE cells, Rep 1 , CTCF IP - RPTEC cells, Rep 2 , CTCF IP - HRE cells, Rep 2 ",,,
CTCF,CYP17A1,placenta,"CTCF IP - HVMF cells, Rep 2 , CTCF IP - HVMF cells, Rep 1 ",,,
FOSL2,CYP17A1,liver,FOSL2 IP - HepG2 cells,,,
CEBPB,CYP17A1,leukocytes,"CEBPB IP, CEBPB IP, CEBPB IP, CEBPB ChIP-Seq - K562",,,
ZBTB17,CYP17A1,bone,"ZBTB17 IP, ZBTB17 IP",,,
CTCF,CYP17A1,stemcells,"CTCF IP - Rep 6 , CTCF IP - H1 cells , CTCF IP - H1 cells, CTCF IP - Rep 2 , CTCF IP - Rep 4 , CTCF IP - Rep 5 , CTCF IP - Rep 1 , CTCF IP - Rep 7 , CTCF IP - Rep 3 ",,,
FOXA1,CYP17A1,prostate,"CON KD | FOXA1 ChIP-Seq, FOXA1 KD | FOXA1 ChIP-Seq, CON KD + R1881 | FOXA1 ChIP-Seq - Rep 1, GATA2 KD  | FOXA1 ChIP-Seq, FOXA1 ChIP-Seq - LNCaP, EtOH | FOXA1 ChIP-Seq - , FOXA1 ChIP-Seq, CREB1 siRNA | FOXA1 ChIP-Seq - Rep 1, DHT | FOXA1 ChIP-Seq, CON KD | FOXA1 ChIP-Seq, FOXA1 ChIP-Seq - Rep 2, DHT | FOXA1 ChIP-Seq, R1881 | FOXA1 ChIP-Seq - Rep 2, FOXA1 ChIP-Seq - Rep 2, CON KD + R1881 | FOXA1 ChIP-Seq - Rep 2, FOXA1 ChIP-Seq - LNCaP-abl, GATA2 KD + R1881 | FOXA1 ChIP-Seq, PIAS1 + R1881 | FOXA1 ChIP-Seq - Rep 2, CON KD + R1881 | FOXA1 ChIP-Seq, PIAS1 + R1881 | FOXA1 ChIP-Seq - Rep 1, CREB1 siRNA | FOXA1 ChIP-Seq - Rep 2, FOXA1 ChIP-Seq, FOXA1 KD | FOXA1 ChIP-Seq, EtOH | FOXA1 ChIP-Seq - Rep 2, CON KD  | FOXA1 ChIP-Seq, FOXA1 ChIP-Seq, POU2F1 KD + DHT | FOXA1 ChIP-Seq, FOXA1 ChIP-Seq, R1881 | FOXA1 ChIP-Seq - Rep 1, CON KD | FOXA1 ChIP-Seq, FOXA1 ChIP-Seq - Rep 1",,,
SRF,CYP17A1,colon,SRF IP - HCT116 cells,,,
YY1,CYP17A1,stemcells,YY1 IP - H1 cells,,,
CTCF,CYP17A1,colon,"CTCF IP - HCT116 cells, Rep 2 , CTCF IP - Rep 3 , CTCF IP - Caco-2 cells, Rep 1 , CTCF IP - HCT116 cells, Rep 1 , CTCF IP - Rep 1 , CTCF IP - HCT116 cells, CTCF IP - Caco , CTCF IP - Rep 2 ",,,
EGR1,CYP17A1,colon,EGR1 IP - HCT116 cells,,,
CTCF,CYP17A1,lung,"CTCF IP - AG04450 cells, Rep 2 , CTCF IP | DEX - A549 cells, CTCF IP - WI-38 cells, Rep 1 , CTCF IP - A549 cells, CTCF IP - IMR cells, CTCF IP - A549 cells, Rep 2 , CTCF IP - NHLF cells , CTCF ChIP-Seq - A549, CTCF IP - HPF cells, Rep 2 , CTCF IP - AG04450 cells, Rep 1 , CTCF IP | DEX - A549 cells , CTCF IP - WI-38 cells, Rep 2 , CTCF IP - A549 cells, Rep 1 , CTCF IP - HPF cells, Rep 1 , CTCF IP - A549 cells , CTCF IP - SAEC cells, Rep 2 , CTCF IP - NHLF cells , CTCF IP - SAEC cells, Rep 1 ",,,
R1881,CYP17A1,prostate,"CON KD + R1881 | FOXA1 ChIP-Seq - Rep 1, R1881 | FOXA1 ChIP-Seq - Rep 2, CON KD + R1881 | FOXA1 ChIP-Seq - Rep 2, GATA2 KD + R1881 | FOXA1 ChIP-Seq, PIAS1 + R1881 | FOXA1 ChIP-Seq - Rep 2, CON KD + R1881 | FOXA1 ChIP-Seq, PIAS1 + R1881 | FOXA1 ChIP-Seq - Rep 1, R1881 | FOXA1 ChIP-Seq - Rep 1",,,
MYC,CYP17A1,mammarygland,DHT | MYC ChIP-Seq,,,
STAT3,CYP17A1,leukocytes,STAT3 IP - SU-DHL-6,,,
CEBPB,CYP17A1,mammarygland,CEBPB IP - MCF7 cells,,,
CTCF,CYP17A1,megakaryocytelineage,"CTCF IP - MEG-01 cells, Rep 6 , CTCF IP - MEG-01 cells, Rep 2 , CTCF IP - MEG-01 cells, Rep 4 , CTCF IP - MEG-01 cells, Rep 10 , CTCF IP - CHRF-288-11 cells, Rep 1 , CTCF IP - MEG-01 cells, Rep 8 , CTCF IP - CHRF-288-11 cells, Rep 2 ",,,
DEX,CYP17A1,lung,"CTCF IP | DEX - A549 cells, CTCF IP | DEX - A549 cells ",,,
GATA2,CYP17A1,prostate,"GATA2 KD  | FOXA1 ChIP-Seq, GATA2 KD + R1881 | FOXA1 ChIP-Seq",,,
MAX,CYP17A1,liver,"MAX IP - HepG2 cells, MAX IP - HepG2 cells",,,
CTCF,CYP17A1,uterus,"CTCF IP - HeLa cells , CTCF IP - HeLa cells, Rep 1 , CTCF IP - ECC1 cells",,,
IRF4,CYP17A1,leukocytes,"IRF4 IP, IRF4 IP - GM12878 cells",,,
MAZ,CYP17A1,leukocytes,"MAZ IP - K562 cells, MAZ IP - GM12878 cells",,,
REST,CYP17A1,cns,REST IP - SK cells,,,
CREB1,CYP17A1,prostate,"CREB1 siRNA | FOXA1 ChIP-Seq - Rep 1, CREB1 siRNA | FOXA1 ChIP-Seq - Rep 2",,,
SP1,CYP17A1,colon,SP1 IP - HCT116 cells,,,
DHT,CYP17A1,prostate,"DHT | FOXA1 ChIP-Seq, DHT | FOXA1 ChIP-Seq, POU2F1 KD + DHT | FOXA1 ChIP-Seq",,,
CEBPB,CYP17A1,colon,"CEBPB IP, CEBPB IP - HCT116 cells, CEBPB IP | 125DVD3",,,
MAX,CYP17A1,uterus,MAX IP - ECC1 cells,,,
DEX,CYP17A1,mammarygland,"DEX | FOXA1 ChIP-Seq - Rep 2, DEX | FOXA1 ChIP-Seq - Rep 1, DEX | FOXA1 ChIP-Seq - Rep 1",,,
CTCF,CYP17A1,heart,"CTCF IP - HCF cells , CTCF IP - myocytes cells, Rep 1 , CTCF IP - myocytes cells, Rep 2 ",,,
TNF,CYP17A1,leukocytes,"RELA IP | TNF - GM18951 cells, RELA IP | TNF - GM10847 cells",,,
CEBPB,CYP17A1,lung,"CEBPB ChIP-Seq - A549, CEBPB ChIP-Seq - IMR90",,,
MAFK,CYP17A1,uterus,MAFK IP - HeLa cells,,,
ZNF143,CYP17A1,leukocytes,"ZNF143 IP - GM12878 cells, ZNF143 IP - K562 cells",,,
MAX,CYP17A1,leukocytes,"MAX IP - NB4 cells, MAX IP - K562 cells",,,
SRF,CYP17A1,stemcells,"SRF IP - Rep 1 , SRF IP - Rep 7 , SRF IP - Rep 2 , SRF IP - Rep 4 , SRF IP - Rep 6 ",,,
ATF3,CYP17A1,colon,"ATF3 IP - HCT116 cells, ATF3 IP | CAMPTO",,,
CTCF,CYP17A1,bone,"CTCF IP - Osteoblasts , CTCF IP",,,
STAT3,CYP17A1,mammarygland,"STAT3 IP | 4HT - MCF10 cells, 36 h",,,
4HT,CYP17A1,mammarygland,"STAT3 IP | 4HT - MCF10 cells, 36 h",,,
BATF,CYP17A1,leukocytes,BATF IP - GM12878 cells,,,
17BE2,CYP17A1,mammarygland,"17BE2 | FOXA1 ChIP-Seq - Rep 2, 17BE2 | FOXA1 ChIP-Seq - Rep 1",,,
ZNF263,CYP17A1,kidney,ZNF263 IP - HEK293 cells,,,
GTF2F1,CYP17A1,uterus,GTF2F1 IP - HeLa cells,,,
CTCF,CYP17A1,miscellaneous,"CTCF IP - AG09319 cells, Rep 2 , CTCF IP - AG09319 cells, Rep 1 ",,,
EGR1,CYP17A1,leukocytes,EGR1 IP - K562 cells,,,
CTCF,CYP17A1,pancreas,CTCF IP,,,
CTCF,CYP17A1,skeletalmuscle,"CTCF IP - HSMM cells, Rep 1 , CTCF IP - HSMM cells, Rep 2 ",,,
YY1,CYP17A1,leukocytes,"YY1 IP - GM12891 cells, YY1 IP - GM12892 cells, Rep 1, YY1 IP - GM12878 cells",,,
JUN,CYP17A1,leukocytes,"JUN IP - K562 cells, Rep 2",,,
RELA,CYP17A1,adiposetissue,"RELA IP, RELA IP",,,
GATA6,CYP17A1,stomach,"GATA6 IP - AGS, GATA6 IP - YCC3",,,
GATA3,CYP17A1,mammarygland,GATA3 IP - T47D cells,,,
ELF1,CYP17A1,colon,ELF1 IP - HCT116 cells,,,
CTCF,CYP17A1,liver,"CTCF IP - HepG2 cells , CTCF IP - HepG2 cells, Rep 2 , CTCF IP - HepG2 cells, Rep 1 , CTCF IP, CTCF IP - SK-N-SH cells",,,
MAZ,CYP17A1,uterus,MAZ IP - HeLa cells,,,
CEBPB,CYP17A1,stemcells,"CEBPB IP, CEBPB IP",,,
PAX5,CYP17A1,leukocytes,"PAX5 IP - GM12878 cells, Rep 1",,,
USF1,CYP17A1,colon,USF1 IP - HCT116 cells,,,
CEBPB,CYP17A1,uterus,CEBPB ChIP-Seq - HeLaS3,,,
MEF2A,CYP17A1,leukocytes,MEF2A IP - GM12878 cells,,,
ZBTB7A,CYP17A1,uterus,ZBTB7A IP - ECC1 cells,,,
PIAS1,CYP17A1,prostate,"PIAS1 + R1881 | FOXA1 ChIP-Seq - Rep 2, PIAS1 + R1881 | FOXA1 ChIP-Seq - Rep 1",,,
HEY1,CYP17A1,liver,HEY1 IP - HepG2 cells,,,
RUNX1,CYP17A1,leukocytes,SPI1 IP | RUNX1 KD,,,
IFNG,CYP17A1,leukocytes,"MYC IP | IFNG - K562 cells, 30 min, STAT1 IP - Rep 5, STAT1 IP - Rep 2, STAT1 IP - Rep 1, STAT1 IP - Rep 3",,,
FOXM1,CYP17A1,leukocytes,FOXM1 IP - GM12878 cells,,,
FOXA1,CYP17A1,liver,"FOXA1 IP - HepG2 cells, Rep 1, FOXA1 IP - HepG2 cells, Rep 2",,,
MTA3,CYP17A1,leukocytes,MTA3 IP - GM12878 cells,,,
JUND,CYP17A1,stemcells,JUND IP - H1 cells,,,
CEBPB,CYP17A1,liver,"CEBPB ChIP-Seq - HepG2, CEBPB IP | FORSK - HepG2 cells",,,
ATF2,CYP17A1,stemcells,ATF2 IP - H1 cells,,,
STAT1,CYP17A1,leukocytes,"STAT1 IP - Rep 5, STAT1 IP - Rep 2, STAT1 IP - Rep 1, STAT1 IP - Rep 3",,,
JUND,CYP17A1,leukocytes,JUND IP - K562 cells,,,
SP1,CYP17A1,liver,SP1 IP - HepG2 cells,,,
USF1,CYP17A1,liver,USF1 IP - HepG2 cells,,,
CTCF,CYP17A1,esophagus,"CTCF IP - HEEpiC cells, Rep 2 , CTCF IP - HEEpiC cells, Rep 1 ",,,
YY1,CYP17A1,liver,YY1 IP - HepG2 cells,,,
SP1,CYP17A1,stemcells,SP1 IP - H1 cells,,,
GATA2,CYP17A1,leukocytes,GATA2 IP - K562 cells,,,
USF1,CYP17A1,leukocytes,USF1 IP - K562 cells,,,
STAT5B,CYP17A1,leukocytes,"STAT5B IP | H9RETR, Rep 2, STAT5B IP | H9, Rep 2",,,
H9RETR,CYP17A1,leukocytes,"STAT5B IP | H9RETR, Rep 2",,,
JUND,CYP17A1,colon,JUND IP - HCT116 cells,,,
STAT1,CYP17A1,uterus,"STAT1 IP | IFNG - HeLa cells, 30 min",,,
IFNG,CYP17A1,uterus,"STAT1 IP | IFNG - HeLa cells, 30 min",,,
BHLHE40,CYP17A1,liver,BHLHE40 IP - HepG2 cells,,,
TP53,CYP17A1,mammarygland,TP53 IP,,,
FOXA1,CYP17A1,uterus,FOXA1 IP - ECC1 cells,,,
TP53,CYP17A1,bone,TP53 IP | TP53EE/RR OE,,,
FOXA2,CYP17A1,liver,FOXA2 IP - HepG2 cells,,,
EBF1,CYP17A1,leukocytes,EBF1 IP - GM12878 cells,,,
125DVD3,CYP17A1,colon,CEBPB IP | 125DVD3,,,
SMAD1,CYP17A1,hspcs,SMAD1 IP - Rep 3,,,
POU2F1,CYP17A1,prostate,POU2F1 KD + DHT | FOXA1 ChIP-Seq,,,
MAX,CYP17A1,colon,MAX IP - HCT116 cells,,,
JUND,CYP17A1,liver,JUND IP - HepG2 cells,,,
TBP,CYP17A1,stemcells,TBP IP - H1 cells,,,
REST,CYP17A1,liver,"REST IP - HepG2 cells, Rep 2",,,
POU2F2,CYP17A1,leukocytes,POU2F2 IP - GM12878 cells,,,
MXI1,CYP17A1,liver,MXI1 IP - HepG2 cells,,,
GABPA,CYP17A1,stemcells,GABPA IP - H1 cells,,,
GATA4,CYP17A1,stomach,GATA4 IP - AGS,,,
ZNF143,CYP17A1,stemcells,ZNF143 IP - H1 cells,,,
FOSL1,CYP17A1,colon,FOSL1 IP - HCT116 cells,,,
YY1,CYP17A1,cns,YY1 IP | ATRA - SK-N-SH cells,,,
ATRA,CYP17A1,cns,YY1 IP | ATRA - SK-N-SH cells,,,
H9,CYP17A1,leukocytes,"STAT5B IP | H9, Rep 2",,,
FORSK,CYP17A1,liver,CEBPB IP | FORSK - HepG2 cells,,,
CREB1,CYP17A1,liver,CREB1 IP - HepG2 cells,,,
KLF11,CYP19A1,adiposetissue,"ROSI (BrAT) | KLF11 ChIP-Seq, Rep 2, KLF11 ChIP-Seq, Rep 2, ROSI (BrAT) | KLF11 ChIP-Seq, Rep 1, KLF11 ChIP-Seq, Rep 1",,,
ROSI,CYP19A1,adiposetissue,"ROSI (BrAT) | KLF11 ChIP-Seq, Rep 2, ROSI (BrAT) | KLF11 ChIP-Seq, Rep 1",,,
BHLHE40,CYP19A1,liver,BHLHE40 IP - HepG2 cells,,,
CTCF,CYP19A1,cns,"CTCF IP - BE(2)-C cells, Rep 2 , CTCF IP - SK-N-SH cells , CTCF IP - SK-N-SH cells, Rep 2 , CTCF IP - HCPEpiC cells, Rep 2 , CTCF IP - HCPEpiC cells, Rep 1 , CTCF IP - SK cells, CTCF IP - spinal cord astrocyte cells, Rep 1 , CTCF IP - NHA cells , CTCF IP - SK-N-SH cells, Rep 1 , CTCF IP - spinal cord astrocyte cells, Rep 2 , CTCF IP - cerebellar astrocyte cells, Rep 1 , CTCF IP - cerebellar astrocyte cells, Rep 2 , CTCF IP - BE(2)-C cells, Rep 1 ",,,
TP73,CYP19A1,bone,"TP73 IP - alpha isoform, Rep 1, TP73 IP - beta isoform, Rep 2, TP73 IP - beta isoform, Rep 1",,,
CTCF,CYP19A1,lung,"CTCF IP - NHLF cells , CTCF IP - SAEC cells, Rep 1 , CTCF IP | DEX - A549 cells , CTCF IP - WI-38 cells, Rep 2 , CTCF IP - A549 cells , CTCF IP - SAEC cells, Rep 2 , CTCF IP - WI-38 cells, Rep 1 , CTCF IP - A549 cells, Rep 1 , CTCF IP - HPF cells, Rep 1 , CTCF IP - IMR cells, CTCF IP - AG04450 cells, Rep 2 , CTCF ChIP-Seq - A549, CTCF IP - HPF cells, Rep 2 , CTCF IP - AG04450 cells, Rep 1 , CTCF IP - A549 cells, Rep 2 , CTCF IP | DEX - A549 cells, CTCF IP - NHLF cells , CTCF IP - A549 cells",,,
JUND,CYP19A1,mammarygland,JUND IP - MCF7 cells,,,
FOXA1,CYP19A1,prostate,"FOXA1 ChIP-Seq, WT AR OE + FOXA1 OE | FOXA1 ChIP-Seq - high FOXA1, CON KD | FOXA1 ChIP-Seq, CREB1 siRNA | FOXA1 ChIP-Seq - Rep 2, AR C562S OE + FOXA1 OE | FOXA1 ChIP-Seq, POU2F1 KD + DHT | FOXA1 ChIP-Seq, EtOH | FOXA1 ChIP-Seq - Rep 2, R1881 | FOXA1 ChIP-Seq - Rep 1, CON KD + R1881 | FOXA1 ChIP-Seq, FOXA1 ChIP-Seq, FOXA1 ChIP-Seq, FOXA1 ChIP-Seq - Rep 1, FOXA1 KD | FOXA1 ChIP-Seq, CON KD + R1881 | FOXA1 ChIP-Seq - Rep 1, CON KD  | FOXA1 ChIP-Seq, WT AR OE + FOXA1 OE | FOXA1 ChIP-Seq, FOXA1 ChIP-Seq, GATA2 KD  | FOXA1 ChIP-Seq, EtOH | FOXA1 ChIP-Seq - , DHT | FOXA1 ChIP-Seq, GATA2 KD + R1881 | FOXA1 ChIP-Seq, FOXA1 ChIP-Seq - Rep 2, CREB1 siRNA | FOXA1 ChIP-Seq - Rep 1, AR Q640X OE + FOXA1 OE | FOXA1 ChIP-Seq, FOXA1 KD | FOXA1 ChIP-Seq, CON KD | FOXA1 ChIP-Seq, R1881 | FOXA1 ChIP-Seq - Rep 2, CON KD + R1881 | FOXA1 ChIP-Seq - Rep 2, FOXA1 ChIP-Seq - LNCaP, FOXA1 ChIP-Seq - LNCaP-abl, CON KD | FOXA1 ChIP-Seq, PIAS1 + R1881 | FOXA1 ChIP-Seq - Rep 2, DHT | FOXA1 ChIP-Seq, PIAS1 + R1881 | FOXA1 ChIP-Seq - Rep 1",,,
JUN,CYP19A1,mammarygland,"JUN IP - Rep 1, JUN IP - Rep 2",,,
CEBPB,CYP19A1,stemcells,"CEBPB IP, CEBPB IP, CEBPB IP, CEBPB IP, CEBPB IP, CEBPB IP, CEBPB IP, CEBPB IP, CEBPB IP, CEBPB IP - H1 cells, CEBPB IP",,,
TCF21,CYP19A1,vasculature,"TCF21 IP, TCF21 IP, TCF21 IP",,,
FOS,CYP19A1,mammarygland,"FOS IP - MCF10A cells, FOS IP | 17BE2, FOS IP | 4HT - MCF10A cells, 36 h, FOS IP | 4HT - MCF10A cells, 4 h, FOS IP | 4HT - MCF10A cells, 12 h",,,
ZBTB17,CYP19A1,bone,ZBTB17 IP,,,
CTCF,CYP19A1,leukocytes,"CTCF IP - GM12874 cells, CTCF IP - GM11994 cells, Rep 1, CTCF IP - HL-60 cells, Rep 3 , CTCF IP - K562 cells, Rep 11 , CTCF IP - GM2255 cells, Rep 2 , CTCF IP - GM06990 cells, Rep 1 , CTCF IP - U-937 cells, Rep 2 , CTCF IP - GM12890 cells, Rep 1 , CTCF IP - GM12865 cells, Rep 2 , CTCF IP - F36P cells, Rep 6 , CTCF IP - GM12872 cells, CTCF IP - MS1 cells, Rep 3 , CTCF IP - K562 cells, Rep 1 , CTCF IP - KU812 cells, Rep 13 , CTCF IP - GM2630 cells, Rep 2 , CTCF IP - GM12875 cells, Rep 1 , CTCF IP - U-937 cells, Rep 1 , CTCF IP - GM18951 cells, Rep 2 , CTCF IP - MS1 cells, Rep 4 , CTCF IP - GM12891 cells, Rep 1 , CTCF IP - KU812 cells, Rep 9 , CTCF IP - GM12864 cells, Rep 1 , CTCF IP - GM12154 cells, Rep 1, CTCF IP - GM18526 cells, Rep 2 , CTCF IP - GM2588 cells, Rep 2 , CTCF IP - GM18505 cells, Rep 2 , CTCF IP - GM18486 cells, Rep 1 , CTCF IP - F36P cells, Rep 9 , CTCF IP - GM12873 cells, Rep 3 , CTCF IP - GM12865 cells, Rep 3 , CTCF IP - GM11811 cells, Rep 2, CTCF IP - GM12869 cells , CTCF IP - GM12864 cells, Rep 3 , CTCF IP - F36P cells, Rep 3 , CTCF IP - GM10847 cells, Rep 1 , CTCF IP - GM2255 cells, Rep 3 , CTCF IP - GM11881 cells, CTCF IP - F36P cells, Rep 11 , CTCF IP - GM06986 cells, CTCF IP - GM12874 cells, Rep 2 , CTCF IP - GM18526 cells, Rep 1 , CTCF IP - GM19193 cells, Rep 1 , CTCF IP - HL-60 cells, Rep 7 , CTCF IP - GM12875 cells, Rep 2 , CTCF IP - GM12866 cells , CTCF IP - GM12892 cells, Rep 2 , CTCF IP - K562 cells, Rep 14 , CTCF IP - GM2588 cells, Rep 1 , CTCF IP - F36P cells, Rep 17 , CTCF IP - GM12878 cells , CTCF IP - GM18486 cells, Rep 3 , CTCF IP - K562 cells, Rep 16 , CTCF IP - GM12872 cells, Rep 2 , CTCF IP - F36P cells, Rep 7 , CTCF IP - GM12873 cells, Rep 1 , CTCF IP - GM12868 cells , CTCF IP - GM12814 cells, Rep 1, CTCF IP - GM19193 cells, Rep 2 , CTCF IP - GM12865 cells, Rep 1 , CTCF IP - KU812 cells, Rep 5 , CTCF IP - GM19239 cells, Rep 1 , CTCF IP - GM12814 cells, Rep 2, CTCF IP - GM12005 cells, Rep 2, CTCF IP - GM12878 cells, Rep 1 , CTCF IP - GM12873 cells, Rep 1 , CTCF IP - GM12872 cells, Rep 3 , CTCF IP - GM12870 cells , CTCF IP - K562 cells, Rep 15 , CTCF IP - GM12867 cells , CTCF IP - GM19099 cells, Rep 2 , CTCF IP - HL , CTCF IP - GM12828 cells, CTCF IP - GM11811 cells, Rep 1, CTCF IP - GM12864 cells, Rep 2 , CTCF IP - K562 cells, CTCF IP - F36P cells, Rep 19 , CTCF IP - GM2255 cells, Rep 1 , CTCF IP - GM10847 cells, Rep 2 , CTCF IP - GM12890 cells, Rep 2 , CTCF ChIP-Seq - GM12878, CTCF IP - GM12287 cells, Rep 1, CTCF IP - NB4 cells , CTCF IP - GM12878 cells, Rep 2 , CTCF IP - GM19240 cells, Rep 2 , CTCF IP - HeLa cells, Rep 2 , CTCF IP - F36P cells, Rep 14 , CTCF IP - GM19238 cells, Rep 2 , CTCF IP -  CD20+ cells , CTCF IP - GM19238 cells, Rep 1 , CTCF IP - GM12878 cells, Rep 1 , CTCF IP - GM12234 cells, CTCF IP - GM12489 cells, Rep 1, CTCF IP - GM2610 cells, Rep 2 , CTCF IP - F36P cells, Rep 13 , CTCF IP - K562 cells, Rep 12 , CTCF IP - GM12892 cells, Rep 1 , CTCF IP - GM12872 cells, Rep 1 , CTCF IP - GM12878 cells, Rep 2 , CTCF IP - K562 cells , CTCF IP - GM2610 cells, Rep 1 , CTCF IP - F36P cells, Rep 2 , CTCF IP - GM12749 cells, Rep 1, CTCF IP - GM2588 cells, Rep 3 , CTCF IP - HL-60 cells, Rep 9 , CTCF IP - GM2610 cells, Rep 3 , CTCF IP -  DND , CTCF IP - GM12006 cells, Rep 2, CTCF IP - GM2630 cells, Rep 3 , CTCF IP - GM12890 cells, Rep 3 , CTCF IP - GM18486 cells, Rep 2 , CTCF IP - MS1 cells, Rep 1 , CTCF IP - K562 cells, CTCF IP - GM18951 cells, Rep 1 , CTCF IP - K562 cells, Rep 7 , CTCF IP - CD14+ cells , CTCF IP - GM12154 cells, Rep 2, CTCF IP - GM12874 cells, Rep 1 , CTCF IP - GM2630 cells, Rep 1 , CTCF IP - UT-7 cells, Rep 5 , CTCF IP - GM19240 cells, Rep 1 , CTCF IP - F36P cells, Rep 15 , CTCF IP - GM07346 cells, CTCF IP - MS1 cells, Rep 2 , CTCF IP - GM12815 cells, Rep 1, CTCF IP - UT-7 cells, Rep 6 , CTCF IP - K562 cells, CTCF IP - F36P cells, Rep 10 , CTCF IP - GM19099 cells, Rep 1 , CTCF IP - GM06990 cells, Rep 2 , CTCF IP - K562 cells, Rep 13 , CTCF IP, CTCF IP - GM11831 cells, CTCF IP - GM11994 cells, Rep 2, CTCF IP - GM12871 cells , CTCF IP - GM18505 cells, Rep 1 , CTCF IP - GM19239 cells, Rep 2 , CTCF IP - GM12891 cells, Rep 2 , CTCF IP - K562 cells, Rep 2 ",,,
FOXA2,CYP19A1,stemcells,"FOXA2 IP - Rep 5 , FOXA2 IP - ES D2, FOXA2 IP - ES D5, FOXA2 IP - ES D7, FOXA2 IP - Rep 1 ",,,
SRF,CYP19A1,stemcells,"SRF IP - Rep 5 , SRF IP - Rep 4 , SRF IP - Rep 6 , SRF IP - Rep 1 , SRF IP - Rep 2 , SRF IP - Rep 7 ",,,
SPI1,CYP19A1,leukocytes,"SPI1 IP - GM12878 cells, Rep 2 , SPI1 IP, SPI1 IP - U-937 cells, Rep 4 , SPI1 IP, SPI1 IP - U-937 cells, Rep 3 , SPI1 IP, SPI1 IP, SPI1 IP, SPI1 IP - GM12878 cells, Rep 3 , ROSI | SPI1 ChIP-Seq, SPI1 IP - U-937 cells, Rep 1 , SPI1 IP, SPI1 IP - GM12878 cells, Rep 1 , SPI1 IP, SPI1 IP, SPI1 IP - GM12878 cells, SPI1 IP - GM12878 cells, Rep 4 , SPI1 IP - K562 cells, SPI1 IP - U-937 cells, Rep 5 , SPI1 IP, SPI1 IP - HL cells, SPI1 IP, SPI1 IP - U-937 cells, Rep 6 , SPI1 IP - GM12891 cells, SPI1 IP - HL-60 cells, Rep 4 , SPI1 IP - U-937 cells, Rep 2 , SPI1 IP - GM12878 cells, Rep 5 ",,,
ZNF143,CYP19A1,stemcells,ZNF143 IP - H1 cells,,,
CTCF,CYP19A1,sensory,"CTCF IP - HRPEpiC cells, Rep 1 , CTCF IP - WERI-Rb-1- cells, Rep 1 , CTCF IP - HRPEpiC cells, Rep 2 , CTCF IP - WERI ",,,
AR,CYP19A1,prostate,"WT AR OE + FOXA1 OE | FOXA1 ChIP-Seq - high FOXA1, AR C562S OE + FOXA1 OE | FOXA1 ChIP-Seq, WT AR OE + FOXA1 OE | FOXA1 ChIP-Seq, AR Q640X OE + FOXA1 OE | FOXA1 ChIP-Seq",19668381,,
MAX,CYP19A1,stemcells,MAX IP - H1 cells,,,
REST,CYP19A1,stemcells,"REST IP - H1 cells, Rep 2",,,
CEBPB,CYP19A1,leukocytes,"CEBPB IP - Rep 203, CEBPB IP, CEBPB IP - HL-60 cells, Rep 2 , CEBPB IP | oxLDL  - Rep 208, CEBPB IP | oxLDL  - Rep 205, CEBPB IP, CEBPB IP, CEBPB IP - HL-60 cells, Rep 1 , CEBPB IP| oxLDL  - Rep 207, CEBPB IP - K562 cells, CEBPB IP, CEBPB IP - Rep 204, CEBPB IP, CEBPB IP, CEBPB ChIP-Seq - K562",,,
CTCF,CYP19A1,hspcs,"CTCF IP - Erythroid cells, Rep 1, CTCF IP - HSPCs, Rep 1, CTCF IP - HEL 92.1.7 cells, Rep 14 , CTCF IP - HEL 92.1.7 cells, Rep 8 , CTCF IP - Erythroid cells, Rep 2, CTCF IP - HEL 92.1.7 cells, Rep 5 , CTCF IP - HEL 92.1.7 cells, Rep 2 , CTCF IP - HEL 92.1.7 cells, Rep 13 , CTCF IP - HSPCs, Rep 2, CTCF IP - HEL 92.1.7 cells, Rep 11 ",,,
IRF1,CYP19A1,leukocytes,"IRF1 IP - Rep 2, IRF1 IP - Rep 1, IRF1 IP - Rep 3, IRF1 IP | IFNA1-13 - K562 cells, 6 h",,,
IFNG,CYP19A1,leukocytes,"IRF1 IP - Rep 2, STAT1 IP - Rep 5, IRF1 IP - Rep 1, STAT1 IP - Rep 1, MYC IP | IFNG - K562 cells, 30 min, STAT1 IP - Rep 4, IRF1 IP - Rep 3, STAT1 IP - Rep 2, STAT1 IP - Rep 3",,,
CTCF,CYP19A1,stemcells,"CTCF IP - Rep 5 , CTCF IP - Rep 2 , CTCF IP - Rep 4 , CTCF IP - H1 cells, CTCF IP - Rep 3 , CTCF IP - Rep 1 , CTCF IP - Rep 7 , CTCF IP - H1 cells , CTCF IP - Rep 6 ",,,
ZNF143,CYP19A1,leukocytes,"ZNF143 IP - K562 cells, ZNF143 IP - GM12878 cells",,,
CTCF,CYP19A1,liver,"CTCF IP, CTCF IP - HepG2 cells , CTCF IP - SK-N-SH cells, CTCF IP - HepG2 cells, Rep 2 , CTCF IP - HepG2 cells, Rep 1 ",,,
CREB1,CYP19A1,prostate,"CREB1 siRNA | FOXA1 ChIP-Seq - Rep 2, CREB1 ChIP-Seq - LNCaP-abl, CREB1 siRNA | FOXA1 ChIP-Seq - Rep 1",,,
FOXA1,CYP19A1,mammarygland,"FOXA1 ChIP-Seq - Rep 2, 17BE2 | FOXA1 ChIP-Seq - Rep 2, DEX | FOXA1 ChIP-Seq - Rep 1, 17BE2 | FOXA1 ChIP-Seq - Rep 1, FOXA1 ChIP-Seq, FOXA1 ChIP-Seq - Rep 2, TNF | FOXA1 ChIP-Seq - Rep 1, 17BE2 | FOXA1 ChIP-Seq - Rep 1, DHT | FOXA1 ChIP-Seq, DEX | FOXA1 ChIP-Seq - Rep 1, TNF | FOXA1 ChIP-Seq - Rep 2, DEX | FOXA1 ChIP-Seq - Rep 2, 17BE2 | FOXA1 ChIP-Seq - Rep 1, 17BE2 | FOXA1 ChIP-Seq - Rep 2, FOXA1 IP - T47D, DEX | FOXA1 ChIP-Seq - Rep 2, 17BE2 + TNF | FOXA1 ChIP-Seq - Rep 2, FOXA1 ChIP-Seq - Rep 2, FOXA1 ChIP-Seq - Rep 1, 17BE2 | FOXA1 ChIP-Seq - Rep 2, FOXA1 ChIP-Seq - Rep 2, FOXA1 ChIP-Seq - Rep 1, FOXA1 IP - T47D cells, 17BE2 | FOXA1 ChIP-Seq - Rep 1, FOXA1 ChIP-Seq - Rep 1, DEX | FOXA1 ChIP-Seq - Rep 1, FOXA1 ChIP-Seq - Rep 1, DEX | FOXA1 ChIP-Seq - Rep 2, 17BE2 | FOXA1 ChIP-Seq - Rep 2, 17BE2 | FOXA1 ChIP-Seq, 17BE2 + TNF | FOXA1 ChIP-Seq - Rep 1, FOXA1 IP - MCF-7",,,
17BE2,CYP19A1,mammarygland,"17BE2 | FOXA1 ChIP-Seq - Rep 2, 17BE2 | FOXA1 ChIP-Seq - Rep 1, FOS IP | 17BE2, 17BE2 | FOXA1 ChIP-Seq - Rep 1, 17BE2 | FOXA1 ChIP-Seq - Rep 1, 17BE2 | FOXA1 ChIP-Seq - Rep 2, 17BE2 | GATA3 ChIP-Seq, 17BE2 | FOXA1 ChIP-Seq - Rep 2, 17BE2 | FOXA1 ChIP-Seq - Rep 1, 17BE2 | FOXA1 ChIP-Seq - Rep 2, 17BE2 | FOXA1 ChIP-Seq",,,
STAT1,CYP19A1,leukocytes,"STAT1 IP - Rep 5, STAT1 IP - Rep 1, STAT1 IP - Rep 4, STAT1 IP - Rep 2, STAT1 IP - Rep 3",,,
ZNF217,CYP19A1,mammarygland,ZNF217 IP - MCF7 cells,,,
MYB,CYP19A1,leukocytes,"MYB IP - Jurkat, Rep 2, MYB IP - Jurkat, Rep 1, MYB IP - Jurkat, Rep 3, MYB IP - MOLT3, MYB IP - Jurkat, Rep 5, MYB IP - Jurkat, Rep 4",,,
CEBPB,CYP19A1,mammarygland,CEBPB IP - MCF7 cells,,,
REST,CYP19A1,leukocytes,"REST IP - GM12878 cells, Rep 14 ",,,
GATA3,CYP19A1,mammarygland,"GATA3 IP - MCF-7 cells, GATA3 IP - T47D cells, 17BE2 | GATA3 ChIP-Seq, GATA3 IP - MCF7 cells",24758297,,
CTCF,CYP19A1,heart,"CTCF IP - myocytes cells, Rep 2 , CTCF IP - HCF cells , CTCF IP - myocytes cells, Rep 1 ",,,
DHT,CYP19A1,prostate,"POU2F1 KD + DHT | FOXA1 ChIP-Seq, DHT | FOXA1 ChIP-Seq, DHT | FOXA1 ChIP-Seq",,,
POU2F1,CYP19A1,prostate,POU2F1 KD + DHT | FOXA1 ChIP-Seq,,,
SMAD1,CYP19A1,hspcs,SMAD1 IP - Rep 3,,,
CTCF,CYP19A1,skin,"CTCF IP - NHDF cells, Rep 2 , CTCF IP - GM12878 cells, Rep 2 , CTCF IP - AG10803 cells, Rep 1 , CTCF IP - AG09309 cells, Rep 1 , CTCF IP - NHDF cells, Rep 1 , CTCF IP - HFFC cells, Rep 3 , CTCF IP - HFFC cells, Rep 2 , CTCF IP - AG10803 cells, Rep 2 , CTCF IP - AG09309 cells, Rep 2 , CTCF IP - NHDF cells , CTCF IP - HFFC cells, Rep 1 , CTCF IP - NHEK cells, Rep 2 , CTCF IP - AG04449 cells, Rep 1 , CTCF IP - AG04449 cells, Rep 2 , CTCF IP - NHEK cells , CTCF IP - BJ cells, Rep 1 , CTCF IP - BJ cells, Rep 2 ",,,
USF1,CYP19A1,colon,USF1 IP - HCT116 cells,,,
YY1,CYP19A1,leukocytes,"YY1 IP - GM12878 cells, YY1 IP - GM12892 cells, Rep 1, YY1 IP - K562 cells, Rep 1, YY1 IP - K562 cells, Rep 2",,,
GABPA,CYP19A1,leukocytes,"GABPA IP - Jurkat, Rep 2, GABPA IP - Jurkat, Rep 1",,,
TAL1,CYP19A1,leukocytes,"TAL1 IP - MOLT3, TAL1 IP - K562 cells",,,
ZNF263,CYP19A1,kidney,ZNF263 IP - HEK293 cells,,,
FOS,CYP19A1,vasculature,FOS IP - HUVEC cells,,,
DEX,CYP19A1,mammarygland,"DEX | FOXA1 ChIP-Seq - Rep 1, DEX | FOXA1 ChIP-Seq - Rep 1, DEX | FOXA1 ChIP-Seq - Rep 2, DEX | FOXA1 ChIP-Seq - Rep 2, DEX | FOXA1 ChIP-Seq - Rep 1, DEX | FOXA1 ChIP-Seq - Rep 2",,,
TP53,CYP19A1,mammarygland,TP53 IP | NUTL3 - MCF-7,,,
FOXA2,CYP19A1,embryonictissue,"FOXA2 IP - Rep 2, FOXA2 IP - Rep 1",,,
GATA2,CYP19A1,vasculature,GATA2 IP - HUVEC cells,,,
TP53,CYP19A1,bone,"TP53 IP | TP53RR OE, TP53 IP | TP53 OE, TP53 IP | NUTL3 - SJSA-1, TP53 IP | TP53EE/RR OE",,,
NFKB2,CYP19A1,leukocytes,"NFKB2 IP - Rep 2, NFKB2 IP - Rep 1",,,
CREB1,CYP19A1,leukocytes,CREB1 IP - GM12878 cells,,,
R1881,CYP19A1,prostate,"R1881 | FOXA1 ChIP-Seq - Rep 1, CON KD + R1881 | FOXA1 ChIP-Seq, CON KD + R1881 | FOXA1 ChIP-Seq - Rep 1, GATA2 KD + R1881 | FOXA1 ChIP-Seq, R1881 | FOXA1 ChIP-Seq - Rep 2, CON KD + R1881 | FOXA1 ChIP-Seq - Rep 2, PIAS1 + R1881 | FOXA1 ChIP-Seq - Rep 2, PIAS1 + R1881 | FOXA1 ChIP-Seq - Rep 1",,,
SIX2,CYP19A1,kidney,"SIX2 IP - 17 weeks, Rep 2, SIX2 IP - 17 weeks, Rep 1",,,
DEX,CYP19A1,lung,"CTCF IP | DEX - A549 cells , FOXA1 IP | DEX - A549 cells, CTCF IP | DEX - A549 cells",,,
TCF7L2,CYP19A1,mammarygland,TCF7L2 ChIP-Seq,,,
TEAD4,CYP19A1,stemcells,TEAD4 IP - H1 cells,,,
CEBPA,CYP19A1,leukocytes,"CEBPA IP - U-937 cells, Rep 2 , CEBPA IP, CEBPA IP - U-937 cells, Rep 1 ",,,
CTCF,CYP19A1,mammarygland,"CTCF IP - T47D cells, CTCF IP - HMEC cells , CTCF IP - HMF cells, Rep 1 , CTCF IP - MCF-7 cells Rep 2 , CTCF IP - HMEC cells, Rep 1 , CTCF IP - HMF cells, Rep 2 , CTCF IP - MCF-7 cells, Rep 1 , CTCF IP - HMEC cells, Rep 2 , CTCF IP - MCF7 cells",,,
ETS1,CYP19A1,leukocytes,ETS1 IP,,,
SMAD3,CYP19A1,embryonictissue,SMAD3 IP - endoderm,,,
MYC,CYP19A1,leukocytes,"MYC IP | IFNG - K562 cells, 30 min, MYC IP - NB4 cells",,,
STAT3,CYP19A1,mammarygland,"STAT3 IP - MCF10A cells, Rep 2, STAT3 IP - MCF10A cells, Rep 1, STAT3 IP | 4HT - MCF10 cells, 36 h, STAT3 IP | 4HT - MCF10 cells, 12 h",,,
CEBPB,CYP19A1,lung,"CEBPB ChIP-Seq - A549, CEBPB ChIP-Seq - IMR90, CEBPB IP - A549 cells",,,
CTCF,CYP19A1,uterus,"CTCF IP - ECC1 cells, CTCF IP - HeLa cells , CTCF IP - HeLa cells, Rep 1 ",,,
GATA1,CYP19A1,hspcs,GATA1 IP - Rep 1,,,
PAX5,CYP19A1,leukocytes,"PAX5 IP - GM12878 cells, Rep 2, PAX5 IP - GM12891 cells, PAX5 IP - GM12878 cells, Rep 1",,,
JUN,CYP19A1,vasculature,"JUN IP, JUN IP - HUVEC cells",,,
EGR1,CYP19A1,colon,EGR1 IP - HCT116 cells,,,
CTCF,CYP19A1,placenta,"CTCF IP - HVMF cells, Rep 1 , CTCF IP - HVMF cells, Rep 2 ",,,
CTCF,CYP19A1,megakaryocytelineage,"CTCF IP - MEG-01 cells, Rep 8 , CTCF IP - MEG-01 cells, Rep 6 , CTCF IP - MEG-01 cells, Rep 2 , CTCF IP - MEG-01 cells, Rep 10 , CTCF IP - MEG-01 cells, Rep 4 ",,,
SP1,CYP19A1,colon,SP1 IP - HCT116 cells,,,
MAX,CYP19A1,uterus,MAX IP - ECC1 cells,,,
RELA,CYP19A1,adiposetissue,"RELA IP, RELA IP, RELA IP",,,
BATF,CYP19A1,leukocytes,BATF IP - GM12878 cells,,,
MAX,CYP19A1,liver,"MAX IP - HepG2 cells, MAX IP - MCF7 cells",,,
IRF4,CYP19A1,leukocytes,"IRF4 IP - GM12878 cells, IRF4 IP",,,
TNF,CYP19A1,mammarygland,"TNF | FOXA1 ChIP-Seq - Rep 1, TNF | FOXA1 ChIP-Seq - Rep 2",,,
ATF3,CYP19A1,colon,"ATF3 IP, ATF3 IP - HCT116 cells, ATF3 IP | CAMPTO",,,
CEBPB,CYP19A1,colon,"CEBPB IP | 125DVD3, CEBPB IP, CEBPB IP - HCT116 cells",,,
125DVD3,CYP19A1,colon,CEBPB IP | 125DVD3,,,
CTCF,CYP19A1,adiposetissue,"CTCF ChIP-Seq - d 9, CTCF ChIP-Seq - d -2, CTCF ChIP-Seq - d 0",,,
ARID3A,CYP19A1,liver,ARID3A IP - HepG2 cells,,,
MYC,CYP19A1,mammarygland,"MYC IP | 4HT - MCF10A cells, DHT | MYC ChIP-Seq",,,
4HT,CYP19A1,mammarygland,"MYC IP | 4HT - MCF10A cells, FOS IP | 4HT - MCF10A cells, 36 h, FOS IP | 4HT - MCF10A cells, 4 h, STAT3 IP | 4HT - MCF10 cells, 36 h, STAT3 IP | 4HT - MCF10 cells, 12 h, FOS IP | 4HT - MCF10A cells, 12 h",,,
GATA4,CYP19A1,stomach,"GATA4 IP - AGS, GATA4 IP - YCC3",,,
CTCF,CYP19A1,colon,"CTCF IP - Rep 1 , CTCF IP - Rep 2 , CTCF IP - HCT116 cells, CTCF IP - HCT116 cells, Rep 1 , CTCF IP - Rep 3 , CTCF IP - HCT116 cells, Rep 2 ",,,
FOXA1,CYP19A1,lung,"FOXA1 IP | DEX - A549 cells, FOXA1 IP - A549 cells",,,
FOXA2,CYP19A1,colon,FOXA2 IP ,,,
MAZ,CYP19A1,leukocytes,MAZ IP - K562 cells,,,
USF1,CYP19A1,leukocytes,USF1 IP - K562 cells,,,
REST,CYP19A1,cns,"REST IP - SK cells, REST IP - U87 cells",,,
GATA6,CYP19A1,stomach,"GATA6 IP - YCC3, GATA6 IP - AGS",,,
ATF2,CYP19A1,leukocytes,ATF2 IP - GM12878 cells,,,
CEBPB,CYP19A1,uterus,"CEBPB IP - ECC1 cells, CEBPB ChIP-Seq - HeLaS3",,,11994385
YY1,CYP19A1,liver,YY1 IP - HepG2 cells,,,
FOSL1,CYP19A1,colon,FOSL1 IP - HCT116 cells,,,
CTCF,CYP19A1,vasculature,"CTCF IP - HUVEC cells, Rep 1 , CTCF IP - HUVEC cells , CTCF IP - HBMEC cells, Rep 2 , CTCF IP - HBMEC cells, Rep 1 , CTCF IP - HUVEC cells, Rep 2 , CTCF IP - HPAF cells, Rep 1 , CTCF IP - AoAFC cells, Rep 2 , CTCF IP - AoAFC cells, Rep 1 , CTCF IP - HPAF cells, Rep 2 ",,,
EGR1,CYP19A1,liver,EGR1 IP - MCF7 cells,,,
MAX,CYP19A1,leukocytes,"MAX IP - NB4 cells, MAX IP - K562 cells",,,
CTCF,CYP19A1,kidney,"CTCF IP - HEK293 cells, Rep 2 , CTCF IP - HRE cells, Rep 2 , CTCF IP - HEK293 cells, Rep 1 , CTCF IP - RPTEC cells, Rep 1 , CTCF IP - RPTEC cells, Rep 2 , CTCF IP - HRE cells, Rep 1 ",,,
GATA3,CYP19A1,cns,"GATA3 IP - SHSY5Y cells, GATA3 IP - SK-N-SH cells",,,
DHT,CYP19A1,mammarygland,"DHT | FOXA1 ChIP-Seq, DHT | MYC ChIP-Seq",,,
FOXA1,CYP19A1,liver,"FOXA1 IP - HepG2 cells, Rep 1, FOXA1 IP - HepG2 cells, Rep 2",,,
FOXA2,CYP19A1,lung,FOXA2 IP - A549 cells,,,
EOMES,CYP19A1,stemcells,EOMES IP - Rep 3 ,,,
E2F1,CYP19A1,mammarygland,E2F1 IP - MCF7 cells,,,
EGR1,CYP19A1,leukocytes,EGR1 IP - K562 cells,,,
ROSI,CYP19A1,leukocytes,ROSI | SPI1 ChIP-Seq,,,
YY1,CYP19A1,stemcells,YY1 IP - H1 cells,,,
PDX1,CYP19A1,pancreas,PDX1 IP,,,
TFAP4,CYP19A1,leukocytes,TFAP4 IP - Rep 2,,,
CEBPB,CYP19A1,liver,"CEBPB ChIP-Seq - HepG2, CEBPB IP - HepG2 cells, CEBPB IP | FORSK - HepG2 cells",,,
SRF,CYP19A1,colon,SRF IP - HCT116 cells,,,
TEAD4,CYP19A1,leukocytes,TEAD4 IP - K562 cells,,,
JUND,CYP19A1,cns,JUND IP - SK-N-SH cells ,,,
FOXH1,CYP19A1,embryonictissue,FOXH1 IP - endoderm,,,
GATA2,CYP19A1,cns,GATA2 ChIP-Seq SH-SY5Y,,,
FOXA1,CYP19A1,stemcells,"FOXA1 IP - Rep 5 , FOXA1 IP - Rep 4 , FOXA1 IP - Rep 1 , FOXA1 IP - ES D2",,,
TCF12,CYP19A1,leukocytes,TCF12 IP - GM12878 cells,,,
MAFK,CYP19A1,liver,"MAFK IP - HepG2 cells, Rep 1, MAFK IP - HepG2 cells, Rep 2",,,
FOSL2,CYP19A1,lung,FOSL2 IP - A549 cells,,,
GATA2,CYP19A1,prostate,"GATA2 KD  | FOXA1 ChIP-Seq, GATA2 KD + R1881 | FOXA1 ChIP-Seq",,,
FOSL2,CYP19A1,liver,FOSL2 IP - HepG2 cells,,,
FOXA1,CYP19A1,pancreas,"FOXA1 IP, FOXA1 IP, FOXA1 IP | KLF5 KO",,,
GATA4,CYP19A1,stemcells,"GATA4 IP - Rep 8 , GATA4 IP - Rep 9 , GATA4 IP - Rep 10 , GATA4 IP - Rep 11 ",,,
SMAD4,CYP19A1,embryonictissue,SMAD4 IP - endoderm,,,
TCF12,CYP19A1,cns,TCF12 IP - SK-N-SH cells,,,
BHLHE40,CYP19A1,leukocytes,BHLHE40 IP - K562 cells,,,
FOSL2,CYP19A1,mammarygland,FOSL2 IP - MCF7 cells,,,
17BE2; TNF,CYP19A1,mammarygland,"17BE2 + TNF | FOXA1 ChIP-Seq - Rep 2, 17BE2 + TNF | FOXA1 ChIP-Seq - Rep 1",,,
CTCF,CYP19A1,bone,"CTCF IP - Osteoblasts , CTCF IP",,,
JUN,CYP19A1,uterus,JUN IP - HeLa cells,,19022561,
CREB1,CYP19A1,liver,"CREB1 IP - HepG2 cells, CREB1 IP, CREB1 IP, CREB1 IP",,,
USF1,CYP19A1,liver,USF1 IP - HepG2 cells,,,
JUND,CYP19A1,colon,JUND IP - HCT116 cells,,,
NFATC1,CYP19A1,leukocytes,NFATC1 IP - GM12878 cells,,,
YY1,CYP19A1,colon,YY1 IP - HCT116 cells,,,
GATA6,CYP19A1,stemcells,GATA6 IP - Rep 7 ,,,
CEBPB,CYP19A1,bone,"CEBPB IP, CEBPB IP",,,
FOXM1,CYP19A1,leukocytes,FOXM1 IP - GM12878 cells,,,
JUND,CYP19A1,liver,"JUND IP - HepG2 cells, JUND IP - HepG2 cells",,,
SP1,CYP19A1,liver,SP1 IP - HepG2 cells,,,
HEY1,CYP19A1,liver,HEY1 IP - HepG2 cells,,,
MAFK,CYP19A1,leukocytes,MAFK IP - K562 cells,,,
MYBL2,CYP19A1,liver,MYBL2 IP - HepG2 cells,,,
E2F6,CYP19A1,stemcells,E2F6 IP - H1 cells,,,
CTCF,CYP19A1,pancreas,CTCF IP,,,
TCF12,CYP19A1,liver,TCF12 IP - MCF7 cells,,,
JUN,CYP19A1,leukocytes,"JUN IP - K562 cells, Rep 1, JUN IP - K562 cells, Rep 2",,,
MEF2A,CYP19A1,leukocytes,MEF2A IP - GM12878 cells,,,
EBF1,CYP19A1,leukocytes,"EBF1 IP - GM12878 cells, EBF1 IP - GM12878 cells",,,
ASCL1,CYP19A1,skin,ASCL1 IP - NHDF,,,
GABPA,CYP19A1,stemcells,GABPA IP - H1 cells,,,
ELF1,CYP19A1,liver,ELF1 IP - HepG2 cells,,,
TP53,CYP19A1,colon,TP53 IP | NUTL3 - HCT-116,,,
CTCF,CYP19A1,miscellaneous,"CTCF IP - AG09319 cells, Rep 1 , CTCF IP - AG09319 cells, Rep 2 ",,,
NFKB1,CYP19A1,leukocytes,NFKB1 IP - Rep 2,,,
CREB1,CYP19A1,stemcells,CREB1 IP - H1 cells,,,
MXI1,CYP19A1,liver,MXI1 IP - HepG2 cells,,,
MAZ,CYP19A1,lung,MAZ IP - IMR cells,,,
JUN,CYP19A1,liver,JUN IP - HepG2 cells,,,
FOXA2,CYP19A1,liver,FOXA2 IP - HepG2 cells,19822575,,
JUND,CYP19A1,vasculature,JUND IP,,,
CTCF,CYP19A1,skeletalmuscle,"CTCF IP - HSMM cells, Rep 1 , CTCF IP - HSMM cells, Rep 2 ",,,
ZEB1,CYP19A1,liver,ZEB1 IP - HepG2 cells,,,
STAT3,CYP19A1,leukocytes,STAT3 IP - OCI-LY7,,,
IFNA1,CYP19A1,leukocytes,"IRF1 IP | IFNA1-13 - K562 cells, 6 h",,,
SP1,CYP19A1,leukocytes,SP1 IP - GM12878 cells,,,
MAX,CYP19A1,colon,MAX IP - HCT116 cells,,,
ELF1,CYP19A1,mammarygland,ELF1 IP - MCF7 cells,,,
JUND,CYP19A1,uterus,JUND IP - HeLa cells,,,
KLF5,CYP19A1,pancreas,FOXA1 IP | KLF5 KO,,,
POU2F2,CYP19A1,leukocytes,POU2F2 IP - GM12878 cells,,,
PIAS1,CYP19A1,prostate,"PIAS1 + R1881 | FOXA1 ChIP-Seq - Rep 2, PIAS1 + R1881 | FOXA1 ChIP-Seq - Rep 1",,,
FORSK,CYP19A1,liver,CEBPB IP | FORSK - HepG2 cells,,,
CTCF,CYP19A1,esophagus,"CTCF IP - HEEpiC cells, Rep 2 , CTCF IP - HEEpiC cells, Rep 1 ",,,
MEF2C,CYP19A1,leukocytes,MEF2C IP - GM12878 cells,,,
RUNX1,CYP19A1,leukocytes,RUNX1 IP,,,
GATA1,CYP19A1,leukocytes,GATA1 ChIP-Seq - SC266,,,
JUND,CYP19A1,leukocytes,JUND IP - K562 cells,,,
JUND,CYP19A1,stemcells,JUND IP - H1 cells,,,
TEAD4,CYP19A1,liver,TEAD4 IP - HepG2 cells,,,
CTCF,CYP21A2,leukocytes,"CTCF IP - F36P cells, Rep 1 , CTCF IP - K562 cells, Rep 5 , CTCF IP - GM12872 cells, Rep 2 , CTCF IP - GM18505 cells, Rep 2 , CTCF IP - GM18486 cells, Rep 1 , CTCF IP - GM12873 cells, Rep 1 , CTCF IP - GM18486 cells, Rep 2 , CTCF IP - GM11811 cells, Rep 2, CTCF IP - GM12868 cells , CTCF IP - HL-60 cells, Rep 7 , CTCF IP - GM12865 cells, Rep 1 , CTCF IP - GM12892 cells, Rep 1 , CTCF IP - GM12864 cells, Rep 3 , CTCF IP - GM18951 cells, Rep 2 , CTCF IP - UT-7 cells, Rep 2 , CTCF IP - U-937 cells, Rep 1 , CTCF IP - GM2610 cells, Rep 1 , CTCF IP - KU812 cells, Rep 9 , CTCF IP - GM2588 cells, Rep 3 , CTCF IP - GM18526 cells, Rep 2 , CTCF IP - GM12874 cells, Rep 2 , CTCF IP - GM12815 cells, Rep 2, CTCF IP - GM2630 cells, Rep 3 , CTCF IP - F36P cells, Rep 7 , CTCF IP - GM06986 cells, CTCF IP - K562 cells, Rep 16 , CTCF IP - GM12890 cells, Rep 3 , CTCF IP - K562 cells, CTCF IP - K562 cells, Rep 1 , CTCF IP - MS1 cells, Rep 1 , CTCF IP - GM12814 cells, Rep 1, CTCF IP - GM18951 cells, Rep 1 , CTCF IP - GM12006 cells, Rep 1, CTCF IP - KU812 cells, Rep 1 , CTCF IP - GM2630 cells, Rep 1 , CTCF IP - K562 cells, Rep 9 , CTCF IP - GM19240 cells, Rep 1 , CTCF IP - GM11881 cells, CTCF IP - F36P cells, Rep 3 , CTCF IP - F36P cells, Rep 11 , CTCF IP - GM12866 cells , CTCF IP - GM2610 cells, Rep 3 , CTCF IP - MS1 cells, Rep 2 , CTCF IP - Â CD20+ cells , CTCF IP - GM18486 cells, Rep 3 , CTCF IP - GM12828 cells, CTCF IP - K562 cells, CTCF IP - F36P cells, Rep 19 , CTCF IP - GM12005 cells, Rep 1, CTCF IP - GM12878 cells, Rep 1 , CTCF IP - GM11894 cells, Rep 2, CTCF IP - K562 cells, Rep 14 , CTCF IP - GM12005 cells, Rep 2, CTCF IP - GM2588 cells, Rep 1 , CTCF IP - GM12873 cells, Rep 1 , CTCF IP - GM12870 cells , CTCF IP - GM12890 cells, Rep 1 , CTCF IP - GM12872 cells, Rep 3 , CTCF IP - GM12867 cells , CTCF IP - F36P cells, Rep 17 , CTCF IP - GM12878 cells , CTCF IP - GM11811 cells, Rep 1, CTCF IP - GM2588 cells, Rep 2 , CTCF IP - GM2630 cells, Rep 2 , CTCF IP - MS1 cells, Rep 3 , CTCF IP - GM12234 cells, CTCF IP - F36P cells, Rep 13 , CTCF IP - GM12875 cells, Rep 2 , CTCF ChIP-Seq - GM12878, CTCF IP - HL-60 cells, Rep 5 , CTCF IP - NB4 cells , CTCF IP - KU812 cells, Rep 5 , CTCF IP - GM12891 cells, Rep 1 , CTCF IP - MS1 cells, Rep 4 , CTCF IP - GM12814 cells, Rep 2, CTCF IP - GM2255 cells, Rep 2 , CTCF IP - HeLa cells, Rep 2 , CTCF IP - K562 cells, Rep 15 , CTCF IP - GM12749 cells, Rep 2, CTCF IP - GM12006 cells, Rep 2, CTCF IP - GM19238 cells, Rep 2 , CTCF IP - GM06990 cells, Rep 2 , CTCF IP - K562 cells, Rep 6 , CTCF IP - K562 cells, Rep 2 , CTCF IP - GM2610 cells, Rep 2 , CTCF IP - GM12489 cells, Rep 1, CTCF IP - GM12872 cells, Rep 1 , CTCF IP - GM12878 cells, Rep 2 , CTCF IP - GM12287 cells, Rep 1, CTCF IP - K562 cells , CTCF IP - GM12871 cells , CTCF IP - GM2255 cells, Rep 3 , CTCF IP - GM12749 cells, Rep 1, CTCF IP - GM10847 cells, Rep 1 , CTCF IP - F36P cells, Rep 14 , CTCF IP - K562 cells, CTCF IP - UT-7 cells, Rep 6 , CTCF IP - HL , CTCF IP - F36P cells, Rep 10 , CTCF IP - GM12864 cells, Rep 2 , CTCF IP - GM18526 cells, Rep 1 , CTCF IP - K562 cells, Rep 13 , CTCF IP - GM11994 cells, Rep 2, CTCF IP - GM19193 cells, Rep 1 , CTCF IP, CTCF IP - GM19193 cells, Rep 2 , CTCF IP - K562 cells, Rep 12 , CTCF IP - CD14+ cells , CTCF IP - HL-60 cells, Rep 9 , CTCF IP - GM12892 cells, Rep 2 , CTCF IP - GM12489 cells, Rep 2, CTCF IP - GM12874 cells, Rep 1 , CTCF IP - F36P cells, Rep 2 , CTCF IP - GM07346 cells, CTCF IP - Â DND , CTCF IP - GM12869 cells , CTCF IP - GM19099 cells, Rep 1 , CTCF IP - GM19239 cells, Rep 2 , CTCF IP - K562 cells, Rep 1 , CTCF IP - GM12873 cells, Rep 3 , CTCF IP - GM12872 cells, CTCF IP - GM11831 cells, CTCF IP - GM12865 cells, Rep 3 , CTCF IP - KU812 cells, Rep 17 , CTCF IP - GM18505 cells, Rep 1 , CTCF IP - KU812 cells, Rep 13 , CTCF IP - UT-7 cells, Rep 3 , CTCF IP - GM12891 cells, Rep 2 , CTCF IP - GM12154 cells, Rep 2, CTCF IP - K562 cells, Rep 3 , CTCF IP - GM11994 cells, Rep 1, CTCF IP - GM19239 cells, Rep 1 , CTCF IP - GM12878 cells, Rep 1 , CTCF IP - F36P cells, Rep 15 , CTCF IP - GM12865 cells, Rep 2 , CTCF IP - UT-7 cells, Rep 5 , CTCF IP - K562 cells, Rep 7 , CTCF IP - GM06990 cells, Rep 1 , CTCF IP - GM19099 cells, Rep 2 , CTCF IP - GM12815 cells, Rep 1, CTCF IP - UT-7 cells, Rep 4 , CTCF IP - GM19238 cells, Rep 1 , CTCF IP - F36P cells, Rep 9 , CTCF IP - GM12890 cells, Rep 2 , CTCF IP - GM2255 cells, Rep 1 , CTCF IP - K562 cells, Rep 8 , CTCF IP - GM11992 cells, Rep 2, CTCF IP - GM10847 cells, Rep 2 , CTCF IP - GM12875 cells, Rep 1 , CTCF IP - GM12874 cells, CTCF IP - K562 cells, Rep 11 , CTCF IP - GM19240 cells, Rep 2 , CTCF IP - GM12878 cells, Rep 2 , CTCF IP - HL-60 cells, Rep 3 , CTCF IP - F36P cells, Rep 5 , CTCF IP - GM11992 cells, Rep 1, CTCF IP - F36P cells, Rep 6 , CTCF IP - U-937 cells, Rep 2 , CTCF IP - GM12864 cells, Rep 1 , CTCF IP - GM12154 cells, Rep 1",,,
TBP,CYP21A2,liver,TBP IP - HepG2 cells,,,
TEAD4,CYP21A2,leukocytes,TEAD4 IP - K562 cells,,,
MYBL2,CYP21A2,liver,MYBL2 IP - HepG2 cells,,,
MYC,CYP21A2,leukocytes,"MYC IP | IFNA1 - K562 cells, 30 min, MYC IP - K562 cells, Rep 1, MYC IP - NB4 cells, MYC IP | IFNA1 - K562 cells, 6 h, MYC IP | IFNG - K562 cells, 30 min, MYC IP | IFNG - K562 cells, 6 h, MYC IP - K562 cells, Rep 2",,,
IFNA1,CYP21A2,leukocytes,"MYC IP | IFNA1 - K562 cells, 30 min, STAT1 IP | IFNA1-13 - K562 cells, 30 min, STAT2 IP | IFNA1-13 - K562 cells, 30 min, JUN IP | IFNA1-13 - 30 min , STAT1 IP | IFNA1-13 - K562 cells, 6 h, MYC IP | IFNA1 - K562 cells, 6 h, IRF1 IP | IFNA1-13 - K562 cells, 6 h, STAT2 IP | IFNA1-13 - K562 cells, 6 h, JUN IP | IFNA1-13 - K562 cells, 6 h",,,
STAT3,CYP21A2,mammarygland,"STAT3 IP - MCF10A cells, Rep 2, STAT3 IP - MCF10A cells, Rep 1, STAT3 IP | 4HT - MCF10 cells, 12 h, STAT3 IP | 4HT - MCF10 cells, 36 h",,,
SPI1,CYP21A2,leukocytes,"SPI1 IP - GM12878 cells, Rep 4 , SPI1 IP - K562 cells, SPI1 IP, SPI1 IP - HL-60 cells, Rep 4 , SPI1 IP | RUNX1 KD, SPI1 IP - HL-60 cells, Rep 3 , SPI1 IP, SPI1 IP, SPI1 IP, SPI1 IP - GM12891 cells, SPI1 IP - U-937 cells, Rep 10 , SPI1 IP, SPI1 IP - U-937 cells, Rep 4 , SPI1 IP - U-937 cells, Rep 8 , SPI1 IP, SPI1 IP - GM12878 cells, SPI1 IP, SPI1 IP - GM12878 cells, Rep 2 , SPI1 IP, SPI1 IP - HL cells, SPI1 IP, ROSI | SPI1 ChIP-Seq, SPI1 IP, SPI1 IP - GM12878 cells, Rep 3 , SPI1 IP - U-937 cells, Rep 1 ",,,
JUN,CYP21A2,mammarygland,"JUN IP - Rep 1, JUN IP, JUN IP - Rep 2, JUN IP | CPDA",,,
YY1,CYP21A2,cns,YY1 IP | ATRA - SK-N-SH cells,,,
ATRA,CYP21A2,cns,"YY1 IP | ATRA - SK-N-SH cells, USF1 IP | ATRA - SK-N-SH cells",,,
MYB,CYP21A2,leukocytes,"MYB IP - MOLT3, MYB IP - Jurkat, Rep 4, MYB IP - Jurkat, Rep 5, MYB IP - Jurkat, Rep 2, MYB IP - Jurkat, Rep 3, MYB IP - Jurkat, Rep 1",,,
TP53,CYP21A2,mammarygland,TP53 IP,,,
CTCF,CYP21A2,stemcells,"CTCF IP - H1 cells , CTCF IP - Rep 2 , CTCF IP - Rep 4 , CTCF IP - Rep 6 , CTCF IP - Rep 1 , CTCF IP - Rep 5 , CTCF IP - Rep 7 , CTCF IP - H1 cells, CTCF IP - Rep 3 ",,,
ETS1,CYP21A2,leukocytes,"ETS1 IP - K562 cells, ETS1 IP",,,
MAX,CYP21A2,uterus,"MAX IP - HeLa cells, Rep 1, MAX IP - ECC1 cells, MAX IP - HeLa cells, Rep 2",,,
CTCF,CYP21A2,skin,"CTCF IP - NHDF cells , CTCF IP - HFFC cells, Rep 1 , CTCF IP - NHDF cells, Rep 1 , CTCF IP - HFFC cells, Rep 2 , CTCF IP - HFFC cells, Rep 3 , CTCF IP - NHDF cells, Rep 2 , CTCF IP - AG10803 cells, Rep 1 , CTCF IP - GM12878 cells, Rep 2 , CTCF IP - AG09309 cells, Rep 2 , CTCF IP - AG10803 cells, Rep 2 , CTCF IP - AG04449 cells, Rep 1 , CTCF IP - AG04449 cells, Rep 2 , CTCF IP - NHEK cells, Rep 2 , CTCF IP - BJ cells, Rep 2 , CTCF IP - AG09309 cells, Rep 1 , CTCF IP - NHEK cells , CTCF IP - BJ cells, Rep 1 ",,,
ARID3A,CYP21A2,liver,ARID3A IP - HepG2 cells,,,
CREB1,CYP21A2,leukocytes,CREB1 IP - K562 cells,,,
STAT5A,CYP21A2,leukocytes,STAT5A IP - K562 cells,,,
CTCF,CYP21A2,cns,"CTCF IP - NHA cells , CTCF IP - SK-N-SH cells, Rep 1 , CTCF IP - spinal cord astrocyte cells, Rep 1 , CTCF IP - SK-N-SH cells , CTCF IP - cerebellar astrocyte cells, Rep 2 , CTCF IP - BE(2)-C cells, Rep 1 , CTCF IP - SK cells, CTCF IP - spinal cord astrocyte cells, Rep 2 , CTCF IP - HCPEpiC cells, Rep 1 , CTCF IP - BE(2)-C cells, Rep 2 , CTCF IP - cerebellar astrocyte cells, Rep 1 , CTCF IP - SK-N-SH cells, Rep 2 , CTCF IP - HCPEpiC cells, Rep 2 ",,,
FOXA1,CYP21A2,mammarygland,DHT | FOXA1 ChIP-Seq,,,
DHT,CYP21A2,mammarygland,"DHT | FOXA1 ChIP-Seq, DHT | MYC ChIP-Seq",,,
RUNX1T1,CYP21A2,leukocytes,RUNX1T1 IP,,,
JUN,CYP21A2,leukocytes,"JUN IP | IFNG - K562 cells, 6 h, JUN IP | IFNG - K562 cells, 30 min, JUN IP | IFNA1-13 - 30 min , JUN IP | IFNA1-13 - K562 cells, 6 h, JUN IP - K562 cells, Rep 1, JUN IP - K562 cells, Rep 2",,,
IFNG,CYP21A2,leukocytes,"JUN IP | IFNG - K562 cells, 6 h, STAT1 IP | IFNG - K562 cells, 6 h, IRF1 IP | IFNG - K562 cells, 30 min, IRF1 IP | IFNG - K562 cells, 6 h, JUN IP | IFNG - K562 cells, 30 min, STAT1 IP | IFNG - K562 cells, 30 min, MYC IP | IFNG - K562 cells, 30 min, MYC IP | IFNG - K562 cells, 6 h, STAT1 IP - Rep 5, STAT1 IP - Rep 2, STAT1 IP - Rep 3",,,
FOXA2,CYP21A2,liver,FOXA2 IP - HepG2 cells,,,
CTCF,CYP21A2,uterus,"CTCF IP - HeLa cells , CTCF IP - HeLa cells, Rep 1 , CTCF IP - ECC1 cells",,,
RUNX1,CYP21A2,leukocytes,"RUNX1 IP - Rep 2, SPI1 IP | RUNX1 KD, RUNX1 IP - N terminus 1, RUNX1 IP - N terminus 2, RUNX1 IP, RUNX1 IP - Rep 1, RUNX1 IP, CEBPA IP | RUNX1 KD",,,
TEAD4,CYP21A2,stemcells,TEAD4 IP - H1 cells,,,
MAX,CYP21A2,leukocytes,"MAX IP - K562 cells, Rep 2, MAX IP - K562 cells, Rep 1, MAX IP - NB4 cells, MAX IP - K562 cells",,,
MAFK,CYP21A2,liver,"MAFK IP - HepG2 cells, Rep 1, MAFK IP - HepG2 cells, Rep 2",,,
MYC,CYP21A2,mammarygland,DHT | MYC ChIP-Seq,,,
CEBPB,CYP21A2,leukocytes,"CEBPB IP | oxLDL  - Rep 208, CEBPB IP - K562 cells, CEBPB IP - HL-60 cells, Rep 1 , CEBPB ChIP-Seq - K562, CEBPB IP, CEBPB IP - Rep 204",,,
HEY1,CYP21A2,liver,HEY1 IP - HepG2 cells,,,
ZNF143,CYP21A2,leukocytes,"ZNF143 IP - GM12878 cells, ZNF143 IP - K562 cells",,,
ELF1,CYP21A2,liver,ELF1 IP - HepG2 cells,,,
CTCF,CYP21A2,adiposetissue,"CTCF ChIP-Seq - d 9, CTCF ChIP-Seq - d -2, CTCF ChIP-Seq - d 0",,,
STAT1,CYP21A2,leukocytes,"STAT1 IP | IFNG - K562 cells, 6 h, STAT1 IP | IFNA1-13 - K562 cells, 30 min, STAT1 IP | IFNA1-13 - K562 cells, 6 h, STAT1 IP | IFNG - K562 cells, 30 min, STAT1 IP - Rep 5, STAT1 IP - Rep 2, STAT1 IP - Rep 3",,,
CTCF,CYP21A2,hspcs,"CTCF IP - HEL 92.1.7 cells, Rep 14 , CTCF IP - HEL 92.1.7 cells, Rep 5 , CTCF IP - HEL 92.1.7 cells, Rep 8 , CTCF IP - HEL 92.1.7 cells, Rep 4 , CTCF IP - HSPCs, Rep 2, CTCF IP - HEL 92.1.7 cells, Rep 2 , CTCF IP - HEL 92.1.7 cells, Rep 10 , CTCF IP - Erythroid cells, Rep 1, CTCF IP - HEL 92.1.7 cells, Rep 11 , CTCF IP - HSPCs, Rep 1",,,
CTCF,CYP21A2,lung,"CTCF IP - WI-38 cells, Rep 1 , CTCF IP - HPF cells, Rep 1 , CTCF IP | DEX - A549 cells, CTCF IP - A549 cells, Rep 1 , CTCF IP - HPF cells, Rep 2 , CTCF IP - AG04450 cells, Rep 1 , CTCF IP - AG04450 cells, Rep 2 , CTCF ChIP-Seq - A549, CTCF IP - A549 cells, CTCF IP - IMR cells, CTCF IP - A549 cells, Rep 2 , CTCF IP - NHLF cells , CTCF IP - A549 cells , CTCF IP - SAEC cells, Rep 2 , CTCF IP - NHLF cells , CTCF IP - SAEC cells, Rep 1 , CTCF IP | DEX - A549 cells , CTCF IP - WI-38 cells, Rep 2 ",,,
MAFF,CYP21A2,liver,MAFF IP - HepG2 cells,,,
NFKB2,CYP21A2,leukocytes,"NFKB2 IP - Rep 1, NFKB2 IP - Rep 2",,,
REST,CYP21A2,stemcells,"REST IP - H1 cells, Rep 2",,,
CEBPB,CYP21A2,lung,"CEBPB ChIP-Seq - A549, CEBPB ChIP-Seq - IMR90, CEBPB IP - A549 cells",,,
YY1,CYP21A2,leukocytes,"YY1 IP - GM12892 cells, Rep 1, YY1 IP - GM12878 cells, YY1 IP - K562 cells, Rep 2, YY1 IP - K562 cells, Rep 1",,,
GABPA,CYP21A2,leukocytes,"GABPA IP, GABPA IP - K562 cells, GABPA IP - Jurkat, Rep 1, GABPA IP - Jurkat, Rep 2",,,
REST,CYP21A2,leukocytes,REST IP - K562 cells,,,
EBF1,CYP21A2,leukocytes,EBF1 IP - GM12878 cells,,,
SP1,CYP21A2,leukocytes,"SP1 IP - GM12878 cells, SP1 IP - K562 cells",,,
CREB1,CYP21A2,liver,"CREB1 IP, CREB1 IP, CREB1 IP, CREB1 IP - HepG2 cells",,,
E2F1,CYP21A2,uterus,"E2F1 IP - HeLa cells, Rep 1, E2F1 IP - HeLa cells, Rep 2",,,
USF1,CYP21A2,leukocytes,USF1 IP - K562 cells,,,
MXI1,CYP21A2,liver,MXI1 IP - HepG2 cells,,,
GABPA,CYP21A2,stemcells,GABPA IP - H1 cells,,,
YY1,CYP21A2,liver,YY1 IP - HepG2 cells,,,
CTCF,CYP21A2,heart,"CTCF IP - myocytes cells, Rep 2 , CTCF IP - HCF cells , CTCF IP - myocytes cells, Rep 1 ",,,
UBTF,CYP21A2,leukocytes,"UBTF IP - K562 cells, UBTF IP - K562 cells",,,
CEBPB,CYP21A2,colon,"CEBPB IP | 125DVD3, CEBPB IP, CEBPB IP - HCT116 cells",,,
125DVD3,CYP21A2,colon,CEBPB IP | 125DVD3,,,
IRF1,CYP21A2,leukocytes,"IRF1 IP | IFNG - K562 cells, 30 min, IRF1 IP | IFNG - K562 cells, 6 h, IRF1 IP | IFNA1-13 - K562 cells, 6 h",,,
NFYB,CYP21A2,leukocytes,NFYB IP - K562 cells,,,
CTCF,CYP21A2,colon,"CTCF IP - Caco , CTCF IP - HCT116 cells, CTCF IP - Caco-2 cells, Rep 1 , CTCF IP - HCT116 cells, Rep 2 , CTCF IP - Rep 2 , CTCF IP - HCT116 cells, Rep 1 , CTCF IP - Rep 1 ",,,
TP53,CYP21A2,bone,"TP53 IP | TP53 OE, TP53 IP | TP53EE/RR OE",,,
TP53,CYP21A2,skin,TP53 IP - Adriam,,,
STAT3,CYP21A2,uterus,STAT3 IP - HeLa cells,,,
ATF1,CYP21A2,leukocytes,ATF1 IP - K562 cells,,,
ELF1,CYP21A2,colon,ELF1 IP - HCT116 cells,,,
ATF3,CYP21A2,colon,"ATF3 IP - HCT116 cells, ATF3 IP | CAMPTO",,,
JUN,CYP21A2,vasculature,"JUN IP, JUN IP - HUVEC cells",,,
ELF3,CYP21A2,pancreas,"ELF3 IP, ELF3 IP | KLF5 KO, ELF3 IP",,,
SPI1,CYP21A2,hspcs,"SPI1 IP -  Rep 1, SPI1 IP - Rep 2",,,
CTCF,CYP21A2,vasculature,"CTCF IP - HBMEC cells, Rep 1 , CTCF IP - HUVEC cells , CTCF IP - HBMEC cells, Rep 2 , CTCF IP - HUVEC cells, Rep 2 , CTCF IP - HPAF cells, Rep 1 , CTCF IP - HUVEC cells, Rep 1 , CTCF IP - AoAFC cells, Rep 1 , CTCF IP - AoAFC cells, Rep 2 , CTCF IP - HPAF cells, Rep 2 ",,,
CTCF,CYP21A2,kidney,"CTCF IP - HRE cells, Rep 2 , CTCF IP - HEK293 cells, Rep 2 , CTCF IP - RPTEC cells, Rep 1 , CTCF IP - RPTEC cells, Rep 2 , CTCF IP - HEK293 cells, Rep 1 , CTCF IP - HRE cells, Rep 1 ",,,
CTCF,CYP21A2,mammarygland,"CTCF IP - HMEC cells, Rep 1 , CTCF IP - MCF-7 cells, Rep 1 , CTCF IP - HMF cells, Rep 2 , CTCF IP - HMF cells, Rep 1 , CTCF IP - MCF-7 cells Rep 2 , CTCF IP - T47D cells, CTCF IP - MCF7 cells, CTCF IP - HMEC cells , CTCF IP - HMEC cells, Rep 2 ",,,
E2F6,CYP21A2,leukocytes,"E2F6 IP - K562 cells, E2F6 IP - K562 cells",,,
CEBPA,CYP21A2,leukocytes,"CEBPA IP, CEBPA IP | RUNX1 KD",,,
CTCF,CYP21A2,sensory,"CTCF IP - WERI , CTCF IP - HRPEpiC cells, Rep 2 , CTCF IP - WERI-Rb-1- cells, Rep 1 , CTCF IP - HRPEpiC cells, Rep 1 ",,,
DEX,CYP21A2,lung,"CTCF IP | DEX - A549 cells, CTCF IP | DEX - A549 cells ",,,
CTCF,CYP21A2,megakaryocytelineage,"CTCF IP - MEG-01 cells, Rep 6 , CTCF IP - MEG-01 cells, Rep 2 , CTCF IP - MEG-01 cells, Rep 4 , CTCF IP - MEG-01 cells, Rep 10 , CTCF IP - CHRF-288-11 cells, Rep 1 , CTCF IP - MEG-01 cells, Rep 8 ",,,
MAX,CYP21A2,liver,"MAX IP - HepG2 cells, MAX IP - MCF7 cells, MAX IP - HepG2 cells",,,
MXI1,CYP21A2,lung,MXI1 IP - IMR cells,,,
USF1,CYP21A2,liver,USF1 IP - HepG2 cells,,,
JUND,CYP21A2,colon,JUND IP - HCT116 cells,,,
POU2F2,CYP21A2,leukocytes,POU2F2 IP - GM12878 cells,,,
CEBPB,CYP21A2,stemcells,"CEBPB IP, CEBPB IP, CEBPB IP, CEBPB IP - H1 cells",,,
MAFK,CYP21A2,uterus,MAFK IP - HeLa cells,,,
CTCF,CYP21A2,miscellaneous,"CTCF IP - AG09319 cells, Rep 1 , CTCF IP - AG09319 cells, Rep 2 ",,,
MAFK,CYP21A2,leukocytes,MAFK IP - K562 cells,,,
E2F4,CYP21A2,leukocytes,E2F4 IP - K562 cells,,,
CEBPB,CYP21A2,uterus,CEBPB ChIP-Seq - HeLaS3,,,
ZNF143,CYP21A2,uterus,ZNF143 IP - HeLa cells,,,
JUND,CYP21A2,liver,"JUND IP - HepG2 cells, JUND IP - HepG2 cells",,,
ZNF263,CYP21A2,kidney,ZNF263 IP - HEK293 cells,,,
ZBTB7A,CYP21A2,leukocytes,ZBTB7A IP - SK-N-SH cells,,,
MAZ,CYP21A2,lung,MAZ IP - IMR cells,,,
FOS,CYP21A2,mammarygland,"FOS IP | 4HT - MCF10A cells, 12 h, FOS IP - MCF10A cells, FOS IP | 4HT - MCF10A cells, 36 h, FOS IP | 4HT - MCF10A cells, 4 h",,,
4HT,CYP21A2,mammarygland,"FOS IP | 4HT - MCF10A cells, 12 h, STAT3 IP | 4HT - MCF10 cells, 12 h, FOS IP | 4HT - MCF10A cells, 36 h, STAT3 IP | 4HT - MCF10 cells, 36 h, FOS IP | 4HT - MCF10A cells, 4 h",,,
TAL1,CYP21A2,leukocytes,"TAL1 IP - K562 cells, TAL1 IP - MOLT3",,,
CEBPB,CYP21A2,liver,"CEBPB ChIP-Seq - HepG2, CEBPB IP | FORSK - HepG2 cells, CEBPB IP - HepG2 cells",,,
SRF,CYP21A2,stemcells,"SRF IP - Rep 2 , SRF IP - Rep 3 , SRF IP - Rep 1 , SRF IP - Rep 7 , SRF IP - Rep 6 , SRF IP - Rep 5 , SRF IP - Rep 4 ",,,
ATF3,CYP21A2,liver,ATF3 IP - HepG2 cells,,,
MYC,CYP21A2,uterus,MYC IP - HeLa cells,,,
TP73,CYP21A2,bone,"TP73 IP - beta isoform, Rep 1, TP73 IP - beta isoform, Rep 2",,,
CTCF,CYP21A2,liver,"CTCF IP - HepG2 cells , CTCF IP - HepG2 cells, Rep 2 , CTCF IP - HepG2 cells, Rep 1 , CTCF IP, CTCF IP - SK-N-SH cells",,,
STAT2,CYP21A2,leukocytes,"STAT2 IP | IFNA1-13 - K562 cells, 30 min, STAT2 IP | IFNA1-13 - K562 cells, 6 h",,,
MEF2B,CYP21A2,kidney,"MEF2B IP | MEF2B D83V OE - Rep 1, MEF2B IP | MEF2B OE - Rep 2",,,
MYC,CYP21A2,liver,MYC IP,,,
SRF,CYP21A2,liver,SRF IP - HepG2 cells,,,
REST,CYP21A2,liver,"REST IP - HepG2 cells, Rep 2, REST IP - HepG2 cells, Rep 1",,,
FOSL1,CYP21A2,leukocytes,FOSL1 IP - K562 cells,,,
MAZ,CYP21A2,leukocytes,MAZ IP - K562 cells,,,
CEBPB,CYP21A2,mammarygland,CEBPB IP - MCF7 cells,,,
FOSL1,CYP21A2,mammarygland,FOSL1 IP,,,
SP1,CYP21A2,liver,SP1 IP - HepG2 cells,,,
GATA2,CYP21A2,leukocytes,"GATA2 IP - K562 cells, GATA2 IP - K562 cells",,,
ATF3,CYP21A2,leukocytes,ATF3 IP - K562 cells,,,
GABPA,CYP21A2,liver,"GABPA IP - HepG2 cells, GABPA IP",,,
TBP,CYP21A2,stemcells,TBP IP - H1 cells,,,
CTCF,CYP21A2,placenta,"CTCF IP - HVMF cells, Rep 2 , CTCF IP - HVMF cells, Rep 1 ",,,
ZNF263,CYP21A2,leukocytes,ZNF263 IP - K562 cells,,,
REST,CYP21A2,cns,"REST IP - PFSK1 cells, Rep 2, REST IP - SK cells, REST IP - PFSK-N-SH cells1 cells, Rep 1, REST IP - SK-N-SH cells",,,
BACH1,CYP21A2,leukocytes,BACH1 IP - K562 cells,,,
SP1,CYP21A2,colon,SP1 IP - HCT116 cells,,,
ARID3A,CYP21A2,leukocytes,ARID3A IP - K562 cells,,,
KLF5,CYP21A2,pancreas,ELF3 IP | KLF5 KO,,,
MAX,CYP21A2,stemcells,MAX IP - H1 cells,,,
CTCF,CYP21A2,bone,"CTCF IP - Osteoblasts , CTCF IP",,,
HMGN3,CYP21A2,leukocytes,HMGN3 IP - K562 cells,,,
USF1,CYP21A2,cns,"USF1 IP - SK-N-SH cells, USF1 IP | ATRA - SK-N-SH cells",,,
SMAD1,CYP21A2,hspcs,SMAD1 IP - Rep 3,,,
TP63,CYP21A2,skin,"TP63 IP | BANF1 KD, TP63 IP, TP63 IP, TP63 IP",,,
BANF1,CYP21A2,skin,TP63 IP | BANF1 KD,,,
TEAD4,CYP21A2,liver,"TEAD4 IP - HepG2 cells, TEAD4 IP - MCF7 cells",,,
CTCF,CYP21A2,esophagus,"CTCF IP - HEEpiC cells, Rep 1 , CTCF IP - HEEpiC cells, Rep 2 ",,,
CTCF,CYP21A2,skeletalmuscle,"CTCF IP - HSMM cells, Rep 1 , CTCF IP - HSMM cells, Rep 2 ",,,
USF1,CYP21A2,stemcells,USF1 IP - H1 cells,,,
JUN,CYP21A2,uterus,JUN IP - HeLa cells,,,
FOS,CYP21A2,vasculature,FOS IP - HUVEC cells,,,
HEY1,CYP21A2,leukocytes,HEY1 IP - K562 cells,,,
CEBPB,CYP21A2,bone,CEBPB IP,,,
USF2,CYP21A2,liver,USF2 IP - HepG2 cells,,,
FOSL1,CYP21A2,colon,FOSL1 IP - HCT116 cells,,,
JUND,CYP21A2,uterus,JUND IP - HeLa cells,,,
GATA4,CYP21A2,stomach,GATA4 IP - AGS,,,
YY1,CYP21A2,stemcells,YY1 IP - H1 cells,,,
FORSK,CYP21A2,liver,CEBPB IP | FORSK - HepG2 cells,,,
SREBF1,CYP21A2,liver,SREBF1 IP | INS + 22RHC - HepG2 cells,,,
22RHC; INS,CYP21A2,liver,SREBF1 IP | INS + 22RHC - HepG2 cells,,,
CREB1,CYP21A2,stemcells,CREB1 IP - H1 cells,,,
CTCF,CYP21A2,pancreas,CTCF IP,,,
MAZ,CYP21A2,uterus,MAZ IP - HeLa cells,,,
ZEB1,CYP21A2,liver,ZEB1 IP - HepG2 cells,,,
NFKB1,CYP21A2,leukocytes,"NFKB1 IP - Rep 1, NFKB1 IP - Rep 2",,,
ZBTB7A,CYP21A2,liver,ZBTB7A IP - HepG2 cells,,,
MEF2A,CYP21A2,leukocytes,MEF2A IP - K562 cells,,,
JUND,CYP21A2,vasculature,JUND IP,,,
REST,CYP21A2,lung,REST IP - A549 cells,,,
GATA1,CYP21A2,leukocytes,GATA1 ChIP-Seq - SC266,,,
MXI1,CYP21A2,uterus,MXI1 IP - HeLa cells,,,
LYL1,CYP21A2,leukocytes,LYL1 IP - NB4,,,
TEAD4,CYP21A2,uterus,TEAD4 IP - ECC1 cells,,,
JUND,CYP21A2,leukocytes,JUND IP - K562 cells,,,
ZNF143,CYP21A2,stemcells,ZNF143 IP - H1 cells,,,
E2F6,CYP21A2,uterus,E2F6 IP - HeLa cells,,,
ELF1,CYP21A2,leukocytes,ELF1 IP - SK-N-SH cells,,,
E2F1,CYP21A2,mammarygland,E2F1 IP,,,
RELA,CYP21A2,adiposetissue,"RELA IP, RELA IP",,,
TBP,CYP21A2,uterus,TBP IP - HeLa cells,,,
BHLHE40,CYP21A2,leukocytes,BHLHE40 IP - K562 cells,,,
FOXA1,CYP21A2,liver,"FOXA1 IP - HepG2 cells, Rep 1, FOXA1 IP - HepG2 cells, Rep 2",,,
STAT1,CYP21A2,uterus,"STAT1 IP | IFNG - HeLa cells, 30 min",,,
IFNG,CYP21A2,uterus,"STAT1 IP | IFNG - HeLa cells, 30 min",,,
BHLHE40,CYP21A2,liver,"BHLHE40 IP - SK-N-SH cells, BHLHE40 IP - HepG2 cells",,,
REST,CYP21A2,pancreas,"REST IP - Panc1 cells, Rep 3, REST IP - PANC1 cells, Rep 1",,,
E2F6,CYP21A2,stemcells,E2F6 IP - H1 cells,,,
CPDA,CYP21A2,mammarygland,JUN IP | CPDA,,,
ZNF384,CYP21A2,leukocytes,ZNF384 IP - K562 cells,,,
MAFK,CYP21A2,lung,MAFK IP - IMR cells,,,
MAFF,CYP21A2,leukocytes,MAFF IP - K562 cells,,,
MXI1,CYP21A2,leukocytes,MXI1 IP - K562 cells,,,
ATF2,CYP21A2,stemcells,ATF2 IP - H1 cells,,,
TEAD4,CYP21A2,mammarygland,TEAD4 IP - Rep 1,,,
FOS,CYP21A2,leukocytes,FOS IP - K562 cells,,,
GATA6,CYP21A2,stomach,GATA6 IP - YCC3,,,
REST,CYP21A2,uterus,REST IP - ECC1 cells,,,
EGR1,CYP21A2,leukocytes,EGR1 IP - K562 cells,,,
ELK4,CYP21A2,uterus,ELK4 IP - HeLa cells,,,
MAZ,CYP21A2,liver,MAZ IP - HepG2 cells,,,
FOSL2,CYP21A2,liver,FOSL2 IP - HepG2 cells,,,
ZKSCAN1,CYP21A2,uterus,ZKSCAN1 IP - HeLa cells,,,
STAT3,CYP21A2,leukocytes,STAT3 IP - SU-DHL-6,,,
JUN,CYP21A2,liver,JUN IP - HepG2 cells,,,
ROSI,CYP21A2,leukocytes,ROSI | SPI1 ChIP-Seq,,,
SP1,CYP21A2,stemcells,SP1 IP - H1 cells,,,
FOXP2,CYP21A2,cns,FOXP2 IP - SK cells,,,
TCF7L2,CYP21A2,uterus,TCF7L2 IP - HeLa cells,,,
TEAD4,CYP21A2,colon,TEAD4 IP - HCT116 cells,,,
FOXM1,CYP21A2,mammarygland,FOXM1 IP | THSP - DS006,,,
TCF12,CYP21A2,liver,TCF12 IP - HepG2 cells,,,
USF2,CYP21A2,uterus,USF2 IP - HeLa cells,,,
MAX,CYP21A2,cns,MAX IP - SK-N-SH cells,,,
TBP,CYP21A2,leukocytes,TBP IP - K562 cells,,,
MAX,CYP21A2,colon,MAX IP - HCT116 cells,,,
FOS,CYP21A2,uterus,FOS IP - HeLa cells,,,
ERG,CYP21A2,leukocytes,ERG IP - Rep 1,,,
GTF2F1,CYP21A2,uterus,GTF2F1 IP - HeLa cells,,,
CTCF,CYP7B1,cns,"CTCF IP - HCPEpiC cells, Rep 1 , CTCF IP - BE(2)-C cells, Rep 2 , CTCF IP - spinal cord astrocyte cells, Rep 2 , CTCF IP - HCPEpiC cells, Rep 2 , CTCF IP - SK-N-SH cells , CTCF IP - SK-N-SH cells, Rep 2 , CTCF IP - BE(2)-C cells, Rep 1 , CTCF IP - spinal cord astrocyte cells, Rep 1 , CTCF IP - SK cells, CTCF IP - SK-N-SH cells, Rep 1 , CTCF IP - cerebellar astrocyte cells, Rep 2 ",,,
ERG,CYP7B1,prostate,ERG ChIP-Seq,,,
SRF,CYP7B1,stemcells,"SRF IP - Rep 6 , SRF IP - Rep 5 , SRF IP - Rep 4 , SRF IP - Rep 7 , SRF IP - Rep 1 ",,,
FOXA1,CYP7B1,mammarygland,"DEX | FOXA1 ChIP-Seq - Rep 1, DEX | FOXA1 ChIP-Seq - Rep 2, DEX | FOXA1 ChIP-Seq - Rep 1, FOXA1 IP - T47D, FOXA1 ChIP-Seq - Rep 2, 17BE2 | FOXA1 ChIP-Seq - Rep 2, FOXA1 IP - T47D cells, DEX | FOXA1 ChIP-Seq - Rep 2, 17BE2 | FOXA1 ChIP-Seq - Rep 1, FOXA1 ChIP-Seq - Rep 2, FOXA1 ChIP-Seq - Rep 1, FOXA1 ChIP-Seq - Rep 1, 17BE2 | FOXA1 ChIP-Seq - Rep 1",,,
DEX,CYP7B1,mammarygland,"DEX | FOXA1 ChIP-Seq - Rep 1, DEX | FOXA1 ChIP-Seq - Rep 2, DEX | FOXA1 ChIP-Seq - Rep 1, DEX | FOXA1 ChIP-Seq - Rep 2",,,
CTCF,CYP7B1,mammarygland,"CTCF IP - HMF cells, Rep 2 , CTCF IP - HMEC cells, Rep 1 ",,,
TCF12,CYP7B1,leukocytes,TCF12 IP - GM12878 cells,,,
CTCF,CYP7B1,hspcs,"CTCF IP - HSPCs, Rep 1, CTCF IP - HEL 92.1.7 cells, Rep 11 , CTCF IP - HEL 92.1.7 cells, Rep 2 , CTCF IP - HSPCs, Rep 2, CTCF IP - HEL 92.1.7 cells, Rep 8 , CTCF IP - HEL 92.1.7 cells, Rep 5 , CTCF IP - Erythroid cells, Rep 1",,,
SPI1,CYP7B1,leukocytes,"SPI1 IP, SPI1 IP, SPI1 IP, SPI1 IP - GM12878 cells, Rep 4 , SPI1 IP - GM12891 cells, SPI1 IP - HL cells",,,
CTCF,CYP7B1,leukocytes,"CTCF IP - GM10847 cells, Rep 2 , CTCF IP - GM12867 cells , CTCF IP - GM19099 cells, Rep 2 , CTCF IP - GM19099 cells, Rep 1 , CTCF IP - GM18486 cells, Rep 3 , CTCF IP - GM12870 cells , CTCF IP - GM2255 cells, Rep 2 , CTCF IP - MS1 cells, Rep 3 , CTCF IP - GM2255 cells, Rep 1 , CTCF IP - GM2630 cells, Rep 2 , CTCF IP - GM12828 cells, CTCF IP - GM12878 cells, Rep 1 , CTCF IP - F36P cells, Rep 15 , CTCF IP - F36P cells, Rep 19 , CTCF IP - GM19239 cells, Rep 1 , CTCF IP - MS1 cells, Rep 4 , CTCF IP - GM12878 cells, Rep 2 , CTCF IP - F36P cells, Rep 14 , CTCF IP - GM18951 cells, Rep 2 , CTCF IP - GM12873 cells, Rep 3 , CTCF IP - GM18486 cells, Rep 1 , CTCF IP - GM12869 cells , CTCF IP - GM2610 cells, Rep 2 , CTCF IP - GM2588 cells, Rep 2 , CTCF IP - GM12875 cells, Rep 1 , CTCF IP - GM19238 cells, Rep 1 , CTCF IP - GM12891 cells, Rep 1 , CTCF ChIP-Seq - GM12878, CTCF IP - GM19240 cells, Rep 2 , CTCF IP - GM12871 cells , CTCF IP - GM2255 cells, Rep 3 , CTCF IP - GM12868 cells , CTCF IP - GM2588 cells, Rep 3 , CTCF IP - KU812 cells, Rep 1 , CTCF IP - GM10847 cells, Rep 1 , CTCF IP - GM12878 cells, Rep 2 , CTCF IP - GM18526 cells, Rep 2 , CTCF IP - GM19238 cells, Rep 2 , CTCF IP - F36P cells, Rep 11 , CTCF IP - GM12873 cells, Rep 1 , CTCF IP - F36P cells, Rep 3 , CTCF IP - GM18505 cells, Rep 2 , CTCF IP - MS1 cells, Rep 1 , CTCF IP - GM12874 cells, Rep 2 , CTCF IP - GM18951 cells, Rep 1 , CTCF IP - KU812 cells, Rep 9 , CTCF IP - GM12875 cells, Rep 2 , CTCF IP - GM2610 cells, Rep 1 , CTCF IP - GM18486 cells, Rep 2 , CTCF IP - GM11994 cells, Rep 2, CTCF IP - MS1 cells, Rep 2 , CTCF IP - GM07346 cells, CTCF IP - F36P cells, Rep 10 , CTCF IP - GM12866 cells , CTCF IP - GM2588 cells, Rep 1 , CTCF IP - GM12890 cells, Rep 3 , CTCF IP - GM2630 cells, Rep 3 , CTCF IP - GM06986 cells, CTCF IP - GM2610 cells, Rep 3 , CTCF IP - GM19239 cells, Rep 2 , CTCF IP - GM12874 cells, Rep 1 , CTCF IP - GM12891 cells, Rep 2 , CTCF IP - F36P cells, Rep 7 , CTCF IP - GM19240 cells, Rep 1 , CTCF IP - GM06990 cells, Rep 2 , CTCF IP - GM2630 cells, Rep 1 ",,,
YY1,CYP7B1,liver,YY1 IP - HepG2 cells,,,
CTCF,CYP7B1,miscellaneous,"CTCF IP - AG09319 cells, Rep 1 , CTCF IP - AG09319 cells, Rep 2 ",,,
FOXA2,CYP7B1,embryonictissue,FOXA2 IP - Rep 2,,,
MXI1,CYP7B1,cns,MXI1 IP - SK-N-SH cells ,,,
MAFK,CYP7B1,liver,"MAFK IP - HepG2 cells, Rep 2, MAFK IP - HepG2 cells, Rep 1",,,
RUNX1,CYP7B1,hspcs,RUNX1,,,
CTCF,CYP7B1,vasculature,"CTCF IP - HPAF cells, Rep 1 , CTCF IP - HBMEC cells, Rep 1 , CTCF IP - HPAF cells, Rep 2 , CTCF IP - HBMEC cells, Rep 2 ",,,
FOXA2,CYP7B1,stemcells,"FOXA2 IP - ES D2, FOXA2 IP - ES D10, FOXA2 IP - ES D5, FOXA2 IP - ES D7",,,
CTCF,CYP7B1,lung,"CTCF IP - SAEC cells, Rep 1 , CTCF IP | DEX - A549 cells , CTCF IP - SAEC cells, Rep 2 , CTCF IP - A549 cells , CTCF IP - A549 cells, Rep 2 , CTCF IP - HPF cells, Rep 1 ",,,
CTCF,CYP7B1,sensory,"CTCF IP - WERI-Rb-1- cells, Rep 1 , CTCF IP - HRPEpiC cells, Rep 1 , CTCF IP - HRPEpiC cells, Rep 2 , CTCF IP - WERI ",,,
FOXA1,CYP7B1,prostate,"CON KD  | FOXA1 ChIP-Seq, R1881 | FOXA1 ChIP-Seq - Rep 1, FOXA1 ChIP-Seq - Rep 1, FOXA1 ChIP-Seq - LNCaP-abl, EtOH | FOXA1 ChIP-Seq - , CREB1 siRNA | FOXA1 ChIP-Seq - Rep 2, FOXA1 ChIP-Seq, FOXA1 ChIP-Seq - Rep 2, CREB1 siRNA | FOXA1 ChIP-Seq - Rep 1",,,
REST,CYP7B1,leukocytes,"REST IP - GM12878 cells, Rep 10 , REST IP - GM12878 cells, Rep 14 , REST IP - GM12878 cells, Rep 16 , REST IP - GM12878 cells, Rep 13 ",,,
CTCF,CYP7B1,stemcells,"CTCF IP - Rep 5 , CTCF IP - H1 cells, CTCF IP - Rep 4 , CTCF IP - Rep 1 , CTCF IP - H1 cells , CTCF IP - Rep 6 ",,,
ZNF143,CYP7B1,leukocytes,ZNF143 IP - GM12878 cells,,,
GATA3,CYP7B1,mammarygland,"GATA3 IP - T47D cells, GATA3 IP - MCF7 cells",,,
YY1,CYP7B1,cns,YY1 IP | ATRA - SK-N-SH cells,,,
ATRA,CYP7B1,cns,YY1 IP | ATRA - SK-N-SH cells,,,
R1881,CYP7B1,prostate,R1881 | FOXA1 ChIP-Seq - Rep 1,,,
CTCF,CYP7B1,megakaryocytelineage,"CTCF IP - MEG-01 cells, Rep 2 , CTCF IP - MEG-01 cells, Rep 10 , CTCF IP - MEG-01 cells, Rep 8 , CTCF IP - MEG-01 cells, Rep 4 , CTCF IP - MEG-01 cells, Rep 6 ",,,
CTCF,CYP7B1,liver,"CTCF IP, CTCF IP - SK-N-SH cells, CTCF IP - HepG2 cells, Rep 2 ",,,
E2F6,CYP7B1,lung,E2F6 IP - A549 cells,,,
CTCF,CYP7B1,heart,"CTCF IP - myocytes cells, Rep 2 , CTCF IP - myocytes cells, Rep 1 ",,,
TP53,CYP7B1,leukocytes,TP53 IP - Doxo DNA damage,,,
FOS,CYP7B1,mammarygland,FOS IP - MCF10A cells,,,
FOXA2,CYP7B1,lung,FOXA2 IP - A549 cells,,,
CTCF,CYP7B1,kidney,"CTCF IP - HEK293 cells, Rep 1 , CTCF IP - HRE cells, Rep 1 , CTCF IP - RPTEC cells, Rep 1 , CTCF IP - RPTEC cells, Rep 2 , CTCF IP - HEK293 cells, Rep 2 , CTCF IP - HRE cells, Rep 2 ",,,
GATA2,CYP7B1,prostate,GATA2 ChIP-Seq,,,
ELF1,CYP7B1,leukocytes,ELF1 IP - SK-N-SH cells,,,
STAT1,CYP7B1,leukocytes,"STAT1 IP - Rep 1, STAT1 IP - Rep 4, STAT1 IP - Rep 3",,,
IFNG,CYP7B1,leukocytes,"STAT1 IP - Rep 1, STAT1 IP - Rep 4, STAT1 IP - Rep 3",,,
CTCF,CYP7B1,skin,"CTCF IP - NHEK cells , CTCF IP - AG04449 cells, Rep 1 , CTCF IP - HFFC cells, Rep 3 , CTCF IP - AG04449 cells, Rep 2 , CTCF IP - BJ cells, Rep 1 , CTCF IP - GM12878 cells, Rep 2 , CTCF IP - AG10803 cells, Rep 1 , CTCF IP - BJ cells, Rep 2 , CTCF IP - HFFC cells, Rep 1 ",,,
TBP,CYP7B1,stemcells,TBP IP - H1 cells,,,
HIF1A,CYP7B1,bone,HIF1A IP,,,
17BE2,CYP7B1,mammarygland,"17BE2 | FOXA1 ChIP-Seq - Rep 2, 17BE2 | FOXA1 ChIP-Seq - Rep 1, 17BE2 | FOXA1 ChIP-Seq - Rep 1",,,
TBP,CYP7B1,leukocytes,TBP IP - GM12878 cells,,,
DEX,CYP7B1,lung,CTCF IP | DEX - A549 cells ,,,
YY1,CYP7B1,stemcells,YY1 IP - H1 cells,,,
EBF1,CYP7B1,leukocytes,"EBF1 IP - GM12878 cells, EBF1 IP - GM12878 cells",,,
PBX3,CYP7B1,leukocytes,PBX3 IP - GM12878 cells,,,
GABPA,CYP7B1,stemcells,GABPA IP - H1 cells,,,
MAX,CYP7B1,lung,MAX IP - A549 cells,,,
TEAD4,CYP7B1,stemcells,TEAD4 IP - H1 cells,,,
CTCF,CYP7B1,bone,CTCF IP - Osteoblasts ,,,
MAFF,CYP7B1,liver,MAFF IP - HepG2 cells,,,
CTCF,CYP7B1,pancreas,CTCF IP,,,
NFKB1,CYP7B1,leukocytes,NFKB1 IP - Rep 2,,,
JUND,CYP7B1,lung,JUND IP - A549 cells,,,
RELA,CYP7B1,adiposetissue,RELA IP,,,
E2F6,CYP7B1,stemcells,E2F6 IP - H1 cells,,,
CEBPB,CYP7B1,stemcells,"CEBPB IP, CEBPB IP, CEBPB IP",,,
MAX,CYP7B1,cns,MAX IP - SK-N-SH cells,,,
MAX,CYP7B1,stemcells,MAX IP - H1 cells,,,
JUND,CYP7B1,stemcells,JUND IP - H1 cells,,,
RELA,CYP7B1,leukocytes,"RELA IP | TNF - GM19099 cells, RELA IP | TNF - GM12891 cells",,,
EGR1,CYP7B1,stemcells,EGR1 IP - H1 cells,,,
CREB1,CYP7B1,prostate,"CREB1 siRNA | FOXA1 ChIP-Seq - Rep 2, CREB1 siRNA | FOXA1 ChIP-Seq - Rep 1",,,
MAX,CYP7B1,liver,MAX IP - HepG2 cells,,,
POU2F2,CYP7B1,leukocytes,POU2F2 IP - GM12878 cells,,,
CTCF,CYP7B1,adiposetissue,CTCF ChIP-Seq - d 9,,,
TNF,CYP7B1,leukocytes,RELA IP | TNF - GM12891 cells,,,
CREB1,CYP7B1,leukocytes,CREB1 IP - GM12878 cells,,,
OTX2,CYP7B1,stemcells,OTX2 IP - Rep 10 ,,,
BACH1,CYP7B1,stemcells,BACH1 IP - H1 cells,,,
PAX5,CYP7B1,leukocytes,"PAX5 IP - GM12878 cells, Rep 1",,,
GATA2,CYP7B1,hspcs,GATA2 IP,,,
MYC,CYP7B1,mammarygland,DHT | MYC ChIP-Seq,,,
DHT,CYP7B1,mammarygland,DHT | MYC ChIP-Seq,,,
CTCF,HSD11B2,vasculature,"CTCF IP - HPAF cells, Rep 1 , CTCF IP - AoAFC cells, Rep 2 , CTCF IP - HPAF cells, Rep 2 , CTCF IP - HUVEC cells, Rep 2 , CTCF IP - AoAFC cells, Rep 1 , CTCF IP - HUVEC cells , CTCF IP - HUVEC cells, Rep 1 , CTCF IP - HBMEC cells, Rep 1 , CTCF IP - HBMEC cells, Rep 2 ",,,
CTCF,HSD11B2,liver,"CTCF IP - HepG2 cells , CTCF IP - SK-N-SH cells, CTCF IP - HepG2 cells, Rep 1 , CTCF IP - HepG2 cells, Rep 2 , CTCF IP",,,
CTCF,HSD11B2,lung,"CTCF IP - IMR cells, CTCF IP - AG04450 cells, Rep 2 , CTCF ChIP-Seq - A549, CTCF IP - HPF cells, Rep 2 , CTCF IP - AG04450 cells, Rep 1 , CTCF IP - WI-38 cells, Rep 2 , CTCF IP | DEX - A549 cells , CTCF IP - NHLF cells , CTCF IP - A549 cells, Rep 2 , CTCF IP | DEX - A549 cells, CTCF IP - A549 cells, CTCF IP - SAEC cells, Rep 2 , CTCF IP - A549 cells , CTCF IP - SAEC cells, Rep 1 , CTCF IP - NHLF cells , CTCF IP - WI-38 cells, Rep 1 , CTCF IP - HPF cells, Rep 1 , CTCF IP - A549 cells, Rep 1 ",,,
FOXA1,HSD11B2,prostate,"PIAS1 + R1881 | FOXA1 ChIP-Seq - Rep 2, CON KD + R1881 |Â FOXA1 ChIP-Seq, PIAS1 + R1881 | FOXA1 ChIP-Seq - Rep 1, CREB1 siRNA | FOXA1 ChIP-Seq - Rep 2, FOXA1 ChIP-Seq, R1881 | FOXA1 ChIP-Seq - Rep 1, CON KD + R1881 | FOXA1 ChIP-Seq - Rep 1, FOXA1 ChIP-Seq - Rep 2, DHT | FOXA1 ChIP-Seq, R1881 | FOXA1 ChIP-Seq - Rep 2, CON KD + R1881 | FOXA1 ChIP-Seq - Rep 2, FOXA1 siRNA | CREB1 ChIP-Seq - Rep 2, GATA2 KD + R1881 |Â FOXA1 ChIP-Seq",,,
R1881,HSD11B2,prostate,"PIAS1 + R1881 | FOXA1 ChIP-Seq - Rep 2, CON KD + R1881 |Â FOXA1 ChIP-Seq, PIAS1 + R1881 | FOXA1 ChIP-Seq - Rep 1, R1881 | FOXA1 ChIP-Seq - Rep 1, CON KD + R1881 | FOXA1 ChIP-Seq - Rep 1, R1881 | FOXA1 ChIP-Seq - Rep 2, CON KD + R1881 |Â GATA2 ChIP-Seq, CON KD + R1881 | FOXA1 ChIP-Seq - Rep 2, GATA2 KD + R1881 |Â FOXA1 ChIP-Seq",,,
PIAS1,HSD11B2,prostate,"PIAS1 + R1881 | FOXA1 ChIP-Seq - Rep 2, PIAS1 + R1881 | FOXA1 ChIP-Seq - Rep 1",,,
CTCF,HSD11B2,leukocytes,"CTCF IP - GM12814 cells, Rep 2, CTCF IP - GM12890 cells, Rep 2 , CTCF IP - KU812 cells, Rep 5 , CTCF IP - K562 cells, Rep 15 , CTCF IP - GM12867 cells , CTCF IP - GM12870 cells , CTCF IP - HL-60 cells, Rep 5 , CTCF IP - GM19239 cells, Rep 1 , CTCF IP - GM12872 cells, Rep 3 , CTCF IP - GM12005 cells, Rep 2, CTCF IP - GM12878 cells, Rep 1 , CTCF IP - GM19238 cells, Rep 1 , CTCF IP - GM12864 cells, Rep 2 , CTCF IP - HL , CTCF IP - GM11811 cells, Rep 1, CTCF IP - GM10847 cells, Rep 2 , CTCF IP - CD14+ cells , CTCF IP - GM2255 cells, Rep 1 , CTCF IP - HeLa cells, Rep 2 , CTCF IP - GM2610 cells, Rep 2 , CTCF IP - GM12489 cells, Rep 1, CTCF ChIP-Seq - GM12878, CTCF IP - F36P cells, Rep 14 , CTCF IP - GM12006 cells, Rep 2, CTCF IP - Â CD20+ cells , CTCF IP - GM19240 cells, Rep 2 , CTCF IP - K562 cells, CTCF IP - NB4 cells , CTCF IP - GM12878 cells, Rep 2 , CTCF IP - GM10847 cells, Rep 1 , CTCF IP - GM12234 cells, CTCF IP - GM12873 cells, Rep 1 , CTCF IP - GM19238 cells, Rep 2 , CTCF IP - GM12878 cells, Rep 1 , CTCF IP - GM18951 cells, Rep 1 , CTCF IP - K562 cells , CTCF IP - GM12878 cells, Rep 2 , CTCF IP - GM12872 cells, Rep 1 , CTCF IP - GM07037 cells, CTCF IP - K562 cells, Rep 13 , CTCF IP - GM2610 cells, Rep 3 , CTCF IP - GM2610 cells, Rep 1 , CTCF IP - HL-60 cells, Rep 9 , CTCF IP - GM12892 cells, Rep 1 , CTCF IP - GM12749 cells, Rep 1, CTCF IP - UT-7 cells, Rep 6 , CTCF IP - MS1 cells, Rep 2 , CTCF IP - GM07346 cells, CTCF IP - Â DND , CTCF IP - K562 cells, CTCF IP - GM18486 cells, Rep 2 , CTCF IP - K562 cells, Rep 12 , CTCF IP - GM12890 cells, Rep 3 , CTCF IP - GM2630 cells, Rep 3 , CTCF IP - F36P cells, Rep 2 , CTCF IP - MS1 cells, Rep 1 , CTCF IP - UT-7 cells, Rep 5 , CTCF IP - GM12891 cells, Rep 2 , CTCF IP - K562 cells, Rep 7 , CTCF IP - GM12815 cells, Rep 1, CTCF IP - GM19240 cells, Rep 1 , CTCF IP - GM06990 cells, Rep 2 , CTCF IP - GM2630 cells, Rep 1 , CTCF IP - GM12874 cells, Rep 1 , CTCF IP - K562 cells, Rep 1 , CTCF IP - GM12872 cells, CTCF IP - F36P cells, Rep 15 , CTCF IP - GM11994 cells, Rep 2, CTCF IP - GM19099 cells, Rep 2 , CTCF IP - GM19099 cells, Rep 1 , CTCF IP - K562 cells, Rep 2 , CTCF IP - K562 cells, CTCF IP - K562 cells, Rep 3 , CTCF IP, CTCF IP - GM12154 cells, Rep 2, CTCF IP - GM19239 cells, Rep 2 , CTCF IP - F36P cells, Rep 10 , CTCF IP - GM12871 cells , CTCF IP - GM18505 cells, Rep 1 , CTCF IP - GM11831 cells, CTCF IP - GM2630 cells, Rep 2 , CTCF IP - F36P cells, Rep 6 , CTCF IP - GM2255 cells, Rep 2 , CTCF IP - GM12865 cells, Rep 2 , CTCF IP - K562 cells, Rep 1 , CTCF IP - GM06990 cells, Rep 1 , CTCF IP - GM11992 cells, Rep 1, CTCF IP - F36P cells, Rep 5 , CTCF IP - GM11994 cells, Rep 1, CTCF IP - UT-7 cells, Rep 4 , CTCF IP - GM2588 cells, Rep 2 , CTCF IP - HL-60 cells, Rep 3 , CTCF IP - F36P cells, Rep 9 , CTCF IP - KU812 cells, Rep 13 , CTCF IP - KU812 cells, Rep 17 , CTCF IP - UT-7 cells, Rep 3 , CTCF IP - GM12154 cells, Rep 1, CTCF IP - K562 cells, Rep 11 , CTCF IP - GM12874 cells, CTCF IP - MS1 cells, Rep 3 , CTCF IP - KU812 cells, Rep 9 , CTCF IP - GM12864 cells, Rep 1 , CTCF IP - GM12891 cells, Rep 1 , CTCF IP - K562 cells, Rep 5 , CTCF IP - U-937 cells, Rep 1 , CTCF IP - MS1 cells, Rep 4 , CTCF IP - GM12875 cells, Rep 1 , CTCF IP - GM12873 cells, Rep 3 , CTCF IP - GM2588 cells, Rep 3 , CTCF IP - GM12801 cells , CTCF IP - GM18526 cells, Rep 2 , CTCF IP - GM11992 cells, Rep 2, CTCF IP - GM12869 cells , CTCF IP - GM18505 cells, Rep 2 , CTCF IP - GM12865 cells, Rep 3 , CTCF IP - GM18951 cells, Rep 2 , CTCF IP - GM18486 cells, Rep 1 , CTCF IP - GM11811 cells, Rep 2, CTCF IP - F36P cells, Rep 3 , CTCF IP - GM19193 cells, Rep 1 , CTCF IP - GM12874 cells, Rep 2 , CTCF IP - GM11881 cells, CTCF IP - F36P cells, Rep 11 , CTCF IP - GM06986 cells, CTCF IP - GM2255 cells, Rep 3 , CTCF IP - HL-60 cells, Rep 2 , CTCF IP - GM12875 cells, Rep 2 , CTCF IP - GM12815 cells, Rep 2, CTCF IP - KU812 cells, Rep 1 , CTCF IP - GM18526 cells, Rep 1 , CTCF IP - HL-60 cells, Rep 7 , CTCF IP - GM11894 cells, Rep 2, CTCF IP - F36P cells, Rep 17 , CTCF IP - GM2588 cells, Rep 1 , CTCF IP - GM12866 cells , CTCF IP - F36P cells, Rep 19 , CTCF IP - GM12872 cells, Rep 2 , CTCF IP - GM12892 cells, Rep 2 , CTCF IP - GM12828 cells, CTCF IP - GM12868 cells , CTCF IP - K562 cells, Rep 16 , CTCF IP - GM12865 cells, Rep 1 , CTCF IP - GM12878 cells , CTCF IP - GM12890 cells, Rep 1 , CTCF IP - GM12814 cells, Rep 1, CTCF IP - F36P cells, Rep 7 , CTCF IP - GM18486 cells, Rep 3 , CTCF IP - GM19193 cells, Rep 2 , CTCF IP - K562 cells, Rep 14 , CTCF IP - GM12864 cells, Rep 3 , CTCF IP - GM12873 cells, Rep 1 ",,,
E2F1,HSD11B2,prostate,"E2F1 ChIP-Seq - Rep 1, HES6 OE + BICALU | E2F1 ChIP-Seq - Rep 3, BICALU | E2F1 ChIP-Seq - Rep 1, BICALU + HES6OE | E2F1 ChIP-Seq - Rep 4, BICALU | E2F1 ChIP-Seq - Rep 3, HES6 OE | E2F1 ChIP-Seq - Rep 3, E2F1 ChIP-Seq - Rep 2, E2F1 ChIP-Seq - Rep 3, HES6 OE + BICALU | E2F1 ChIP-Seq - Rep 1, HES6 OE | E2F1 ChIP-Seq - Rep 1, E2F1 ChIP-Seq - Rep 4",,,
POU2F2,HSD11B2,leukocytes,POU2F2 IP | POU2F2 Mut OE,,,
CTCF,HSD11B2,kidney,"CTCF IP - HEK293 cells, Rep 1 , CTCF IP - RPTEC cells, Rep 1 , CTCF IP - RPTEC cells, Rep 2 , CTCF IP - HRE cells, Rep 1 , CTCF IP - HRE cells, Rep 2 , CTCF IP - HEK293 cells, Rep 2 ",,,
MAX,HSD11B2,colon,MAX IP - HCT116 cells,,,
RELA,HSD11B2,adiposetissue,"RELA IP, RELA IP",,,
STAT1,HSD11B2,leukocytes,"STAT1 IP - Rep 3, STAT1 IP - Rep 5",,,
IFNG,HSD11B2,leukocytes,"STAT1 IP - Rep 3, IRF1 IP | IFNG - K562 cells, 6 h, MYC IP | IFNG - K562 cells, 30 min, STAT1 IP - Rep 5",,,
CEBPB,HSD11B2,colon,"CEBPB IP | 125DVD3, CEBPB IP",,,
125DVD3,HSD11B2,colon,CEBPB IP | 125DVD3,,,
E2F3,HSD11B2,colon,E2F3 IP ,,,
BHLHE40,HSD11B2,leukocytes,"BHLHE40 IP - GM12878 cells, BHLHE40 IP - K562 cells",,,
MAX,HSD11B2,leukocytes,"MAX IP - K562 cells, MAX IP - NB4 cells, MAX IP - K562 cells, Rep 2",,,
HMGN3,HSD11B2,leukocytes,HMGN3 IP - K562 cells,,,
CEBPB,HSD11B2,lung,"CEBPB ChIP-Seq - A549, CEBPB ChIP-Seq - IMR90, CEBPB IP - A549 cells",,,
CTCF,HSD11B2,bone,"CTCF IP - Osteoblasts , CTCF IP",,,
BICALU,HSD11B2,prostate,"HES6 OE + BICALU | E2F1 ChIP-Seq - Rep 3, BICALU | E2F1 ChIP-Seq - Rep 1, BICALU + HES6OE | E2F1 ChIP-Seq - Rep 4, BICALU | E2F1 ChIP-Seq - Rep 3, HES6 OE + BICALU | E2F1 ChIP-Seq - Rep 1",,,
HES6,HSD11B2,prostate,"HES6 OE + BICALU | E2F1 ChIP-Seq - Rep 3, BICALU + HES6OE | E2F1 ChIP-Seq - Rep 4, HES6 OE | E2F1 ChIP-Seq - Rep 3, HES6 OE + BICALU | E2F1 ChIP-Seq - Rep 1, HES6 OE | E2F1 ChIP-Seq - Rep 1",,,
MYC,HSD11B2,colon,MYC IP - DTT,,,
CTCF,HSD11B2,colon,"CTCF IP - HCT116 cells, Rep 1 , CTCF IP - HCT116 cells, Rep 2 , CTCF IP - Caco-2 cells, Rep 1 , CTCF IP - Caco , CTCF IP - Rep 1 , CTCF IP - Rep 2 , CTCF IP - HCT116 cells",,,
CTCF,HSD11B2,skin,"CTCF IP - NHEK cells, Rep 2 , CTCF IP - BJ cells, Rep 2 , CTCF IP - AG04449 cells, Rep 1 , CTCF IP - BJ cells, Rep 1 , CTCF IP - NHEK cells , CTCF IP - AG04449 cells, Rep 2 , CTCF IP - NHDF cells, Rep 2 , CTCF IP - GM12878 cells, Rep 2 , CTCF IP - AG10803 cells, Rep 1 , CTCF IP - AG09309 cells, Rep 1 , CTCF IP - HFFC cells, Rep 2 , CTCF IP - AG10803 cells, Rep 2 , CTCF IP - AG09309 cells, Rep 2 , CTCF IP - HFFC cells, Rep 1 , CTCF IP - NHDF cells , CTCF IP - HFFC cells, Rep 3 , CTCF IP - NHDF cells, Rep 1 ",,,
CTCF,HSD11B2,heart,"CTCF IP - HCF cells , CTCF IP - myocytes cells, Rep 1 , CTCF IP - myocytes cells, Rep 2 ",,,
CREB1,HSD11B2,liver,"CREB1 IP, CREB1 IP - HepG2 cells",,,
IRF1,HSD11B2,leukocytes,"IRF1 IP | IFNG - K562 cells, 6 h",,,
SRF,HSD11B2,stemcells,"SRF IP - Rep 2 , SRF IP - Rep 1 , SRF IP - Rep 7 , SRF IP - Rep 6 , SRF IP - Rep 5 , SRF IP - Rep 4 ",,,
JUN,HSD11B2,leukocytes,JUN IP | IFNA1-13 - 30 min ,,,
IFNA1,HSD11B2,leukocytes,JUN IP | IFNA1-13 - 30 min ,,,
CTCF,HSD11B2,miscellaneous,"CTCF IP - AG09319 cells, Rep 2 , CTCF IP - AG09319 cells, Rep 1 ",,,
CTCF,HSD11B2,cns,"CTCF IP - spinal cord astrocyte cells, Rep 2 , CTCF IP - cerebellar astrocyte cells, Rep 1 , CTCF IP - HCPEpiC cells, Rep 2 , CTCF IP - SK-N-SH cells, Rep 2 , CTCF IP - cerebellar astrocyte cells, Rep 2 , CTCF IP - BE(2)-C cells, Rep 1 , CTCF IP - SK-N-SH cells , CTCF IP - BE(2)-C cells, Rep 2 , CTCF IP - HCPEpiC cells, Rep 1 , CTCF IP - SK cells, CTCF IP - spinal cord astrocyte cells, Rep 1 , CTCF IP - NHA cells , CTCF IP - SK-N-SH cells, Rep 1 ",,,
FOXA1,HSD11B2,liver,"FOXA1 IP - HepG2 cells, Rep 1, FOXA1 IP - HepG2 cells, Rep 2",,,
GABPA,HSD11B2,liver,GABPA IP - HepG2 cells,,,
FOSL2,HSD11B2,liver,FOSL2 IP - HepG2 cells,,,
REST,HSD11B2,liver,"REST IP - HepG2 cells, Rep 2",,,
PAX5,HSD11B2,leukocytes,"PAX5 IP - GM12891 cells, PAX5 IP - GM12878 cells, Rep 1, PAX5 IP - GM12878 cells, Rep 2",,,
E2F6,HSD11B2,leukocytes,"E2F6 IP - K562 cells, E2F6 IP - K562 cells",,,
CREB1,HSD11B2,prostate,"CREB1 siRNA | FOXA1 ChIP-Seq - Rep 2, CREB1 ChIP-Seq - LNCaP-abl, FOXA1 siRNA | CREB1 ChIP-Seq - Rep 2",,,
CTCF,HSD11B2,megakaryocytelineage,"CTCF IP - MEG-01 cells, Rep 10 , CTCF IP - MEG-01 cells, Rep 4 , CTCF IP - MEG-01 cells, Rep 8 , CTCF IP - MEG-01 cells, Rep 6 , CTCF IP - MEG-01 cells, Rep 2 ",,,
EGR1,HSD11B2,leukocytes,EGR1 IP - K562 cells,,,
SPI1,HSD11B2,leukocytes,"SPI1 IP, SPI1 IP, SPI1 IP, SPI1 IP - HL cells, SPI1 IP, SPI1 IP, SPI1 IP",,,
FOXM1,HSD11B2,leukocytes,FOXM1 IP - GM12878 cells,,,
JUN,HSD11B2,colon,JUN IP ,,,
YY1,HSD11B2,liver,YY1 IP - HepG2 cells,,,
TEAD4,HSD11B2,colon,TEAD4 IP - HCT116 cells,,,
USF1,HSD11B2,lung,"USF1 IP - A549 cells, Rep 2",,,
E2F6,HSD11B2,stemcells,E2F6 IP - H1 cells,,,
CTCF,HSD11B2,mammarygland,"CTCF IP - MCF-7 cells, Rep 1 , CTCF IP - HMF cells, Rep 2 , CTCF IP - HMEC cells, Rep 2 , CTCF IP - MCF7 cells, CTCF IP - T47D cells, CTCF IP - HMEC cells, Rep 1 , CTCF IP - HMEC cells , CTCF IP - HMF cells, Rep 1 , CTCF IP - MCF-7 cells Rep 2 ",,,
CTCF,HSD11B2,pancreas,CTCF IP,,,
REST,HSD11B2,cns,"REST IP - PFSK1 cells, Rep 2, REST IP - U87 cells",,,
YY1,HSD11B2,colon,YY1 IP - HCT116 cells,,,
CTCF,HSD11B2,hspcs,"CTCF IP - HSPCs, Rep 2, CTCF IP - HEL 92.1.7 cells, Rep 2 , CTCF IP - HEL 92.1.7 cells, Rep 11 , CTCF IP - Erythroid cells, Rep 1, CTCF IP - HSPCs, Rep 1, CTCF IP - HEL 92.1.7 cells, Rep 14 , CTCF IP - HEL 92.1.7 cells, Rep 8 , CTCF IP - Erythroid cells, Rep 2, CTCF IP - HEL 92.1.7 cells, Rep 7 , CTCF IP - HEL 92.1.7 cells, Rep 5 ",,,
CEBPB,HSD11B2,stemcells,"CEBPB IP, CEBPB IP, CEBPB IP",,,
MAX,HSD11B2,liver,"MAX IP - HepG2 cells, MAX IP - HepG2 cells, MAX IP - MCF7 cells",,,
CTCF,HSD11B2,skeletalmuscle,"CTCF IP - HSMM cells, Rep 2 , CTCF IP - HSMM cells, Rep 1 ",,,
RELA,HSD11B2,leukocytes,"RELA IP | TNF - GM19193 cells, RELA IP | TNF - GM12878 cells, RELA IP | TNF - GM19099 cells, RELA IP | TNF - GM18505 cells, RELA IP | TNF - GM12891 cells, RELA IP | TNF - GM10847 cells",,,
TNF,HSD11B2,leukocytes,"RELA IP | TNF - GM19193 cells, RELA IP | TNF - GM12878 cells, RELA IP | TNF - GM18505 cells, RELA IP | TNF - GM12891 cells, RELA IP | TNF - GM10847 cells",,,
CEBPB,HSD11B2,uterus,CEBPB ChIP-Seq - HeLaS3,,,
MXI1,HSD11B2,liver,MXI1 IP - HepG2 cells,,,
CTCF,HSD11B2,stemcells,"CTCF IP - Rep 6 , CTCF IP - Rep 5 , CTCF IP - Rep 2 , CTCF IP - Rep 4 , CTCF IP - H1 cells, CTCF IP - Rep 3 , CTCF IP - Rep 1 , CTCF IP - H1 cells , CTCF IP - Rep 7 ",,,
FOXA2,HSD11B2,liver,FOXA2 IP - HepG2 cells,,,
MYC,HSD11B2,mammarygland,"MYC IP - MCF-10A cells, DHT | MYC ChIP-Seq",,,
E2F1,HSD11B2,mammarygland,E2F1 IP - MCF7 cells,,,
CEBPB,HSD11B2,liver,"CEBPB ChIP-Seq - HepG2, CEBPB IP | FORSK - HepG2 cells",,,
YY1,HSD11B2,uterus,YY1 IP - ECC1 cells,,,
STAT3,HSD11B2,leukocytes,"STAT3 IP - SU-DHL-6, STAT3 IP - SU-DHL-4",,,
ZNF263,HSD11B2,kidney,ZNF263 IP - HEK293 cells,,,
ZNF143,HSD11B2,leukocytes,"ZNF143 IP - K562 cells, ZNF143 IP - GM12878 cells",,,
NFKB1,HSD11B2,leukocytes,"NFKB1 IP - Rep 1, NFKB1 IP - Rep 2",,,
BATF,HSD11B2,leukocytes,BATF IP - GM12878 cells,,,
CEBPB,HSD11B2,leukocytes,"CEBPB IP - K562 cells, CEBPB ChIP-Seq - K562, CEBPB IP",,,
DEX,HSD11B2,lung,"CTCF IP | DEX - A549 cells , CTCF IP | DEX - A549 cells",,,
MAX,HSD11B2,cns,MAX IP - SK-N-SH cells,,,
NFKB2,HSD11B2,leukocytes,"NFKB2 IP - Rep 1, NFKB2 IP - Rep 2",,,
CEBPB,HSD11B2,mammarygland,CEBPB IP - MCF7 cells,,,
MYC,HSD11B2,liver,MYC IP,,,
YY1,HSD11B2,leukocytes,"YY1 IP - K562 cells, Rep 2, YY1 IP - K562 cells, Rep 1, YY1 IP - GM12878 cells",,,
MYC,HSD11B2,leukocytes,"MYC IP - K562 cells, Rep 1, MYC IP | IFNG - K562 cells, 30 min",,,
E2F1,HSD11B2,uterus,"E2F1 IP - HeLa cells, Rep 2, E2F1 IP - HeLa cells, Rep 1",,,
MXI1,HSD11B2,lung,MXI1 IP - IMR cells,,,
SP1,HSD11B2,stemcells,SP1 IP - Rep 2 ,,,
CTCF,HSD11B2,esophagus,"CTCF IP - HEEpiC cells, Rep 1 , CTCF IP - HEEpiC cells, Rep 2 ",,,
ZBTB7A,HSD11B2,leukocytes,ZBTB7A IP - SK-N-SH cells,,,
CTCF,HSD11B2,uterus,"CTCF IP - HeLa cells, Rep 1 , CTCF IP - ECC1 cells, CTCF IP - HeLa cells ",,,
YY1,HSD11B2,cns,YY1 IP | ATRA - SK-N-SH cells,,,
ATRA,HSD11B2,cns,"YY1 IP | ATRA - SK-N-SH cells, USF1 IP | ATRA - SK-N-SH cells",,,
ZNF143,HSD11B2,stemcells,ZNF143 IP - H1 cells,,,
MAFK,HSD11B2,liver,"MAFK IP - HepG2 cells, Rep 2, MAFK IP - HepG2 cells, Rep 1",,,
ETS1,HSD11B2,leukocytes,ETS1 IP,,,
FOXA1,HSD11B2,mammarygland,DHT | FOXA1 ChIP-Seq,,,
DHT,HSD11B2,mammarygland,"DHT | FOXA1 ChIP-Seq, DHT | TCF7L2 ChIP-Seq, DHT | MYC ChIP-Seq",,,
USF1,HSD11B2,cns,USF1 IP | ATRA - SK-N-SH cells,,,
SOX2,HSD11B2,stemcells,SOX2 IP,,,
EBF1,HSD11B2,leukocytes,"EBF1 IP - GM12878 cells, EBF1 IP - GM12878 cells",,,
USF1,HSD11B2,stemcells,USF1 IP - H1 cells,,,
YY1,HSD11B2,stemcells,YY1 IP - H1 cells,,,
CTCF,HSD11B2,sensory,"CTCF IP - HRPEpiC cells, Rep 1 , CTCF IP - WERI , CTCF IP - WERI-Rb-1- cells, Rep 1 , CTCF IP - HRPEpiC cells, Rep 2 ",,,
MAX,HSD11B2,uterus,"MAX IP - HeLa cells, Rep 1, MAX IP - ECC1 cells",,,
JUND,HSD11B2,leukocytes,JUND IP - K562 cells,,,
USF1,HSD11B2,leukocytes,USF1 IP - GM12878 cells,,,
TCF12,HSD11B2,uterus,TCF12 IP - ECC1 cells,,,
MAX,HSD11B2,stemcells,"MAX IP - H1 cells, MAX IP - H1 cells",,,
ZEB1,HSD11B2,liver,ZEB1 IP - HepG2 cells,,,
MAX,HSD11B2,lung,"MAX IP - A549 cells, MAX IP - A549 cells",,,
ATF2,HSD11B2,leukocytes,ATF2 IP - GM12878 cells,,,
FORSK,HSD11B2,liver,CEBPB IP | FORSK - HepG2 cells,,,
SP1,HSD11B2,liver,SP1 IP - HepG2 cells,,,
CTCF,HSD11B2,placenta,"CTCF IP - HVMF cells, Rep 1 , CTCF IP - HVMF cells, Rep 2 ",,,
GATA1,HSD11B2,hspcs,"GATA1 IP - PBDE cells, Rep 1",,,
MAFF,HSD11B2,liver,MAFF IP - HepG2 cells,,,
BCL3,HSD11B2,leukocytes,BCL3 IP - GM12878 cells,,,
IRF1,HSD11B2,colon,IRF1 IP ,,,
DHT,HSD11B2,prostate,DHT | FOXA1 ChIP-Seq,,,
E2F6,HSD11B2,lung,E2F6 IP - A549 cells,,,
UBTF,HSD11B2,leukocytes,UBTF IP - K562 cells,,,
MXI1,HSD11B2,cns,MXI1 IP - SK-N-SH cells ,,,
CTCF,HSD11B2,adiposetissue,"CTCF ChIP-Seq - d 9, CTCF ChIP-Seq - d -2, CTCF ChIP-Seq - d 0",,,
ZBTB7A,HSD11B2,uterus,ZBTB7A IP - ECC1 cells,,,
TCF7L2,HSD11B2,mammarygland,"DHT | TCF7L2 ChIP-Seq, TCF7L2 ChIP-Seq",,,
USF1,HSD11B2,liver,USF1 IP - HepG2 cells,,,
ELF1,HSD11B2,liver,ELF1 IP - HepG2 cells,,,
HEY1,HSD11B2,liver,HEY1 IP - HepG2 cells,,,
BHLHE40,HSD11B2,liver,BHLHE40 IP - HepG2 cells,,,
GLI2,HSD11B2,colon,GLI2 IP ,,,
SMAD1,HSD11B2,hspcs,SMAD1 IP - Rep 3,,,
GABPA,HSD11B2,stemcells,GABPA IP - H1 cells,,,
JUND,HSD11B2,liver,JUND IP - HepG2 cells,,,
USF1,HSD11B2,uterus,USF1 IP - ECC1 cells,,,
MAZ,HSD11B2,leukocytes,MAZ IP - K562 cells,,,
HEY1,HSD11B2,leukocytes,HEY1 IP - K562 cells,,,
TAL1,HSD11B2,colon,TAL1 IP ,,,
USF1,HSD11B2,colon,USF1 IP - HCT116 cells,,,
GATA2,HSD11B2,prostate,"CON KD + R1881 |Â GATA2 ChIP-Seq, GATA2 KD + R1881 |Â FOXA1 ChIP-Seq",,,
SATB1,HSD11B2,liver,SATB1 IP,,,
ZNF384,HSD11B2,leukocytes,ZNF384 IP - GM12878 cells,,,
EGR1,HSD11B2,colon,EGR1 IP - HCT116 cells,,15659537,15659537
HOXA4,HSD11B2,colon,HOXA4 IP ,,,
MYBL2,HSD11B2,liver,MYBL2 IP - HepG2 cells,,,
CTCF,HSD17B2,bone,"CTCF IP - Osteoblasts , CTCF IP",,,
CEBPB,HSD17B2,lung,"CEBPB ChIP-Seq - A549, CEBPB ChIP-Seq - IMR90, CEBPB IP - A549 cells",,,
CTCF,HSD17B2,vasculature,"CTCF IP - HUVEC cells, Rep 2 , CTCF IP - HPAF cells, Rep 1 , CTCF IP - AoAFC cells, Rep 1 , CTCF IP - AoAFC cells, Rep 2 , CTCF IP - HPAF cells, Rep 2 , CTCF IP - HUVEC cells, Rep 1 , CTCF IP - HBMEC cells, Rep 1 , CTCF IP - HUVEC cells , CTCF IP - HBMEC cells, Rep 2 ",,,
RELA,HSD17B2,colon,RELA IP ,,,
GABPA,HSD17B2,lung,GABPA IP - A549 cells,,,
CTCF,HSD17B2,mammarygland,"CTCF IP - HMF cells, Rep 2 , CTCF IP - MCF-7 cells Rep 2 , CTCF IP - MCF-7 cells, Rep 1 , CTCF IP - HMEC cells, Rep 2 , CTCF IP - MCF7 cells, CTCF IP - T47D cells, CTCF IP - HMEC cells , CTCF IP - HMF cells, Rep 1 , CTCF IP - HMEC cells, Rep 1 ",,,
CREB1,HSD17B2,liver,"CREB1 IP - HepG2 cells, CREB1 IP",,,
SPI1,HSD17B2,leukocytes,"SPI1 IP, SPI1 IP - U-937 cells, Rep 3 , SPI1 IP - HL cells, SPI1 IP, SPI1 IP, ROSI | SPI1 ChIP-Seq, SPI1 IP - U-937 cells, Rep 1 , SPI1 IP | RUNX1 KD, SPI1 IP - K562 cells, SPI1 IP - U-937 cells, Rep 5 , SPI1 IP, SPI1 IP - U-937 cells, Rep 2 , SPI1 IP, SPI1 IP, SPI1 IP - U-937 cells, Rep 6 , SPI1 IP - GM12891 cells, SPI1 IP - U-937 cells, Rep 4 , SPI1 IP, SPI1 IP, SPI1 IP - GM12878 cells",,,
CTCF,HSD17B2,leukocytes,"CTCF IP - GM10847 cells, Rep 2 , CTCF IP - GM19099 cells, Rep 1 , CTCF IP - GM19099 cells, Rep 2 , CTCF IP - GM12870 cells , CTCF IP - F36P cells, Rep 19 , CTCF IP - GM2255 cells, Rep 1 , CTCF IP - GM12890 cells, Rep 2 , CTCF IP - GM12828 cells, CTCF IP - GM12872 cells, Rep 3 , CTCF IP - K562 cells, CTCF IP - GM12878 cells, Rep 1 , CTCF IP - HL , CTCF IP - GM19239 cells, Rep 1 , CTCF IP - GM12878 cells, Rep 2 , CTCF IP - F36P cells, Rep 14 , CTCF IP - GM11811 cells, Rep 1, CTCF ChIP-Seq - GM12878, CTCF IP - HeLa cells, Rep 2 , CTCF IP - K562 cells, Rep 15 , CTCF IP - Â CD20+ cells , CTCF IP - GM2610 cells, Rep 2 , CTCF IP - GM19238 cells, Rep 1 , CTCF IP - NB4 cells , CTCF IP - GM19240 cells, Rep 2 , CTCF IP - GM12871 cells , CTCF IP - GM2588 cells, Rep 3 , CTCF IP - Â DND , CTCF IP - GM18526 cells, Rep 2 , CTCF IP - F36P cells, Rep 2 , CTCF IP - GM12878 cells, Rep 2 , CTCF IP - K562 cells , CTCF IP - GM12872 cells, Rep 1 , CTCF IP - GM18505 cells, Rep 2 , CTCF IP - K562 cells, Rep 12 , CTCF IP - MS1 cells, Rep 1 , CTCF IP - GM18951 cells, Rep 1 , CTCF IP - GM2610 cells, Rep 1 , CTCF IP - GM12892 cells, Rep 1 , CTCF IP - K562 cells, CTCF IP - GM12154 cells, Rep 2, CTCF IP - GM07346 cells, CTCF IP - CD14+ cells , CTCF IP - MS1 cells, Rep 2 , CTCF IP - GM12890 cells, Rep 3 , CTCF IP - GM2630 cells, Rep 3 , CTCF IP - GM18505 cells, Rep 1 , CTCF IP - GM06990 cells, Rep 2 , CTCF IP - GM2610 cells, Rep 3 , CTCF IP, CTCF IP - GM19239 cells, Rep 2 , CTCF IP - F36P cells, Rep 10 , CTCF IP - GM12891 cells, Rep 2 , CTCF IP - K562 cells, Rep 13 , CTCF IP - GM19240 cells, Rep 1 , CTCF IP - GM2630 cells, Rep 1 , CTCF IP - GM11994 cells, Rep 2, CTCF IP - GM12865 cells, Rep 3 , CTCF IP - KU812 cells, Rep 13 , CTCF IP - F36P cells, Rep 6 , CTCF IP - GM18486 cells, Rep 3 , CTCF IP - GM12890 cells, Rep 1 , CTCF IP - GM2255 cells, Rep 2 , CTCF IP - K562 cells, Rep 11 , CTCF IP - K562 cells, Rep 1 , CTCF IP - GM06990 cells, Rep 1 , CTCF IP - F36P cells, Rep 15 , CTCF IP - GM12865 cells, Rep 2 , CTCF IP - MS1 cells, Rep 3 , CTCF IP - GM2630 cells, Rep 2 , CTCF IP - GM11994 cells, Rep 1, CTCF IP - MS1 cells, Rep 4 , CTCF IP - GM12875 cells, Rep 1 , CTCF IP - GM18951 cells, Rep 2 , CTCF IP - GM12154 cells, Rep 1, CTCF IP - GM12864 cells, Rep 1 , CTCF IP - GM12873 cells, Rep 3 , CTCF IP - GM18486 cells, Rep 1 , CTCF IP - GM12869 cells , CTCF IP - GM2588 cells, Rep 2 , CTCF IP - GM12891 cells, Rep 1 , CTCF IP - GM2255 cells, Rep 3 , CTCF IP - GM10847 cells, Rep 1 , CTCF IP - F36P cells, Rep 11 , CTCF IP - GM12874 cells, Rep 2 , CTCF IP - GM19238 cells, Rep 2 , CTCF IP - GM12864 cells, Rep 3 , CTCF IP - F36P cells, Rep 3 , CTCF IP - GM19193 cells, Rep 1 , CTCF IP - GM12892 cells, Rep 2 , CTCF IP - GM19193 cells, Rep 2 , CTCF IP - GM12814 cells, Rep 1, CTCF IP - GM12878 cells , CTCF IP - GM2588 cells, Rep 1 , CTCF IP - K562 cells, Rep 14 , CTCF IP - GM06986 cells, CTCF IP - F36P cells, Rep 7 , CTCF IP - K562 cells, Rep 16 , CTCF IP - GM12872 cells, Rep 2 ",,,
FOXA1,HSD17B2,mammarygland,"17BE2 | FOXA1 ChIP-Seq - Rep 2, FOXA1 IP - T47D, 17BE2 | FOXA1 ChIP-Seq, DEX | FOXA1 ChIP-Seq - Rep 2, FOXA1 ChIP-Seq - Rep 2, 17BE2 | FOXA1 ChIP-Seq - Rep 2, FOXA1 ChIP-Seq - Rep 2, DEX | FOXA1 ChIP-Seq - Rep 1, FOXA1 ChIP-Seq - Rep 1, 17BE2 | FOXA1 ChIP-Seq - Rep 1, FOXA1 ChIP-Seq - Rep 1, 17BE2 | FOXA1 ChIP-Seq - Rep 2, 17BE2 | FOXA1 ChIP-Seq - Rep 1, FOXA1 ChIP-Seq, FOXA1 IP | 17BE2 - T47D, DHT | FOXA1 ChIP-Seq, DEX | FOXA1 ChIP-Seq - Rep 2, DEX | FOXA1 ChIP-Seq - Rep 1, DEX | FOXA1 ChIP-Seq - Rep 1, DEX | FOXA1 ChIP-Seq - Rep 2, FOXA1 IP - T47D cells, FOXA1 ChIP-Seq - Rep 2, FOXA1 ChIP-Seq - Rep 1, 17BE2 | FOXA1 ChIP-Seq - Rep 1",,,
17BE2,HSD17B2,mammarygland,"17BE2 | FOXA1 ChIP-Seq - Rep 2, 17BE2 | FOXA1 ChIP-Seq, 17BE2 | FOXA1 ChIP-Seq - Rep 2, 17BE2 | FOXA1 ChIP-Seq - Rep 1, 17BE2 | FOXA1 ChIP-Seq - Rep 2, 17BE2 | FOXA1 ChIP-Seq - Rep 1, FOXA1 IP | 17BE2 - T47D, 17BE2 | FOXA1 ChIP-Seq - Rep 1",,,
CTCF,HSD17B2,lung,"CTCF IP - AG04450 cells, Rep 1 , CTCF IP - IMR cells, CTCF IP - AG04450 cells, Rep 2 , CTCF ChIP-Seq - A549, CTCF IP - HPF cells, Rep 2 , CTCF IP - A549 cells, CTCF IP - NHLF cells , CTCF IP | DEX - A549 cells, CTCF IP - A549 cells, Rep 2 , CTCF IP - NHLF cells , CTCF IP - SAEC cells, Rep 1 , CTCF IP | DEX - A549 cells , CTCF IP - SAEC cells, Rep 2 , CTCF IP - A549 cells , CTCF IP - WI-38 cells, Rep 1 , CTCF IP - HPF cells, Rep 1 ",,,
CTCF,HSD17B2,miscellaneous,"CTCF IP - AG09319 cells, Rep 1 , CTCF IP - AG09319 cells, Rep 2 ",,,
KLF5,HSD17B2,stomach,KLF5 IP - KATOIII,,,
CTCF,HSD17B2,liver,"CTCF IP - HepG2 cells , CTCF IP - SK-N-SH cells, CTCF IP - HepG2 cells, Rep 2 , CTCF IP - HepG2 cells, Rep 1 , CTCF IP",,,
CEBPB,HSD17B2,colon,"CEBPB IP, CEBPB IP | 125DVD3",,,
CTCF,HSD17B2,adiposetissue,"CTCF ChIP-Seq - dÂ 3, CTCF ChIP-Seq - d 9, CTCF ChIP-Seq - d -2, CTCF ChIP-Seq - d 0",,,
FOXA1,HSD17B2,prostate,"FOXA1 ChIP-Seq - LNCaP-abl, FOXA1 ChIP-Seq, CON KD + R1881 | FOXA1 ChIP-Seq - Rep 2, DHT | FOXA1 ChIP-Seq - C4- Rep 2B, GATA2 KD + R1881 |Â FOXA1 ChIP-Seq, FOXA1 KD |Â GATA2 ChIP-Seq, PIAS1 + R1881 | FOXA1 ChIP-Seq - Rep 2, PIAS1 + R1881 | FOXA1 ChIP-Seq - Rep 1, CON KD | FOXA1 ChIP-Seq, WT AR OE + FOXA1 OE | FOXA1 ChIP-Seq - high FOXA1, FOXA1 ChIP-Seq, EtOH | FOXA1 ChIP-Seq - Rep 2, AR C562S OE + FOXA1 OE | FOXA1 ChIP-Seq, CON KD + R1881 |Â FOXA1 ChIP-Seq, CREB1 siRNA | FOXA1 ChIP-Seq - Rep 2, FOXA1 ChIP-Seq, R1881 | FOXA1 ChIP-Seq - Rep 1, DHT | FOXA1 ChIP-Seq, CON KD | FOXA1 ChIP-Seq, GATA2 KD  |Â FOXA1 ChIP-Seq, FOXA1 ChIP-Seq - C4- Rep 2B, FOXA1 ChIP-Seq, FOXA1 ChIP-Seq - Rep 2, FOXA1 ChIP-Seq - Rep 1, CON KD  |Â FOXA1 ChIP-Seq, POU2F1 KD + DHT | FOXA1 ChIP-Seq, FOXA1 KD | FOXA1 ChIP-Seq, WT AR OE + FOXA1 OE | FOXA1 ChIP-Seq, CON KD |Â FOXA1 ChIP-Seq, FOXA1 ChIP-Seq - Rep 2, CON KD + R1881 | FOXA1 ChIP-Seq - Rep 1, CREB1 siRNA | FOXA1 ChIP-Seq - Rep 1, EtOH | FOXA1 ChIP-Seq - , DHT | FOXA1 ChIP-Seq, AR Q640X OE + FOXA1 OE | FOXA1 ChIP-Seq, R1881 | FOXA1 ChIP-Seq - Rep 2, FOXA1 KD | FOXA1 ChIP-Seq",,,
GABPA,HSD17B2,liver,"GABPA IP, GABPA IP, GABPA IP - MCF7 cells, GABPA IP - HepG2 cells, GABPA IP",,,
MAX,HSD17B2,leukocytes,MAX IP - NB4 cells,,,
CTCF,HSD17B2,colon,"CTCF IP - HCT116 cells, Rep 1 , CTCF IP - HCT116 cells, Rep 2 , CTCF IP - Caco-2 cells, Rep 1 , CTCF IP - Caco , CTCF IP - HCT116 cells",,,
TCF7L2,HSD17B2,mammarygland,TCF7L2 ChIP-Seq,,,
CTCF,HSD17B2,megakaryocytelineage,"CTCF IP - MEG-01 cells, Rep 2 , CTCF IP - MEG-01 cells, Rep 10 , CTCF IP - MEG-01 cells, Rep 4 , CTCF IP - MEG-01 cells, Rep 8 , CTCF IP - MEG-01 cells, Rep 6 ",,,
ELF3,HSD17B2,pancreas,"ELF3 IP, ELF3 IP | KLF5 KO, ELF3 IP",,,
CTCF,HSD17B2,cns,"CTCF IP - spinal cord astrocyte cells, Rep 2 , CTCF IP - BE(2)-C cells, Rep 1 , CTCF IP - cerebellar astrocyte cells, Rep 2 , CTCF IP - HCPEpiC cells, Rep 1 , CTCF IP - BE(2)-C cells, Rep 2 , CTCF IP - HCPEpiC cells, Rep 2 , CTCF IP - SK-N-SH cells, Rep 2 , CTCF IP - cerebellar astrocyte cells, Rep 1 , CTCF IP - SK-N-SH cells , CTCF IP - spinal cord astrocyte cells, Rep 1 , CTCF IP - SK cells, CTCF IP - SK-N-SH cells, Rep 1 , CTCF IP - NHA cells ",,,
JUN,HSD17B2,vasculature,"JUN IP, JUN IP - HUVEC cells",,,
R1881,HSD17B2,prostate,"CON KD + R1881 | FOXA1 ChIP-Seq - Rep 2, GATA2 KD + R1881 |Â FOXA1 ChIP-Seq, PIAS1 + R1881 | FOXA1 ChIP-Seq - Rep 2, PIAS1 + R1881 | FOXA1 ChIP-Seq - Rep 1, CON KD + R1881 |Â FOXA1 ChIP-Seq, R1881 | FOXA1 ChIP-Seq - Rep 1, CON KD + R1881 | FOXA1 ChIP-Seq - Rep 1, R1881 | FOXA1 ChIP-Seq - Rep 2",,,
FOS,HSD17B2,mammarygland,"FOS IP | 4HT - MCF10A cells, 36 h, FOS IP | 4HT - MCF10A cells, 4 h, FOS IP | 4HT - MCF10A cells, 12 h, FOS IP - MCF10A cells",,,
4HT,HSD17B2,mammarygland,"FOS IP | 4HT - MCF10A cells, 36 h, FOS IP | 4HT - MCF10A cells, 4 h, FOS IP | 4HT - MCF10A cells, 12 h, MYC IP | 4HT - MCF10A cells",,,
NFKB1,HSD17B2,leukocytes,NFKB1 IP - Rep 2,,,
JUN,HSD17B2,mammarygland,"JUN IP - Rep 1, JUN IP - Rep 2",,,
FOXA1,HSD17B2,pancreas,"FOXA1 IP | KLF5 KO, FOXA1 IP, FOXA1 IP",,,
KLF5,HSD17B2,pancreas,"FOXA1 IP | KLF5 KO, ELF3 IP | KLF5 KO, KLF5 IP",,,
DHT,HSD17B2,prostate,"DHT | FOXA1 ChIP-Seq - C4- Rep 2B, DHT | FOXA1 ChIP-Seq, POU2F1 KD + DHT | FOXA1 ChIP-Seq, DHT | FOXA1 ChIP-Seq",,,
CTCF,HSD17B2,kidney,"CTCF IP - HEK293 cells, Rep 1 , CTCF IP - RPTEC cells, Rep 1 , CTCF IP - RPTEC cells, Rep 2 , CTCF IP - HRE cells, Rep 1 , CTCF IP - HEK293 cells, Rep 2 , CTCF IP - HRE cells, Rep 2 ",,,
TP63,HSD17B2,skin,"TP63 IP, TP63 IP, TP63 IP",,,
CTCF,HSD17B2,placenta,"CTCF IP - HVMF cells, Rep 2 , CTCF IP - HVMF cells, Rep 1 ",,,
GATA2,HSD17B2,prostate,"GATA2 KD + R1881 |Â FOXA1 ChIP-Seq, GATA2 ChIP-Seq, FOXA1 KD |Â GATA2 ChIP-Seq, CON KD |Â GATA2 ChIP-Seq, GATA2 KD  |Â FOXA1 ChIP-Seq, GATA2 ChIP-Seq - Rep 2, GATA2 ChIP-Seq - Rep 1",,,
CTCF,HSD17B2,skin,"CTCF IP - AG04449 cells, Rep 1 , CTCF IP - AG10803 cells, Rep 2 , CTCF IP - AG04449 cells, Rep 2 , CTCF IP - BJ cells, Rep 1 , CTCF IP - NHEK cells, Rep 2 , CTCF IP - BJ cells, Rep 2 , CTCF IP - AG10803 cells, Rep 1 , CTCF IP - GM12878 cells, Rep 2 , CTCF IP - NHDF cells, Rep 2 , CTCF IP - NHEK cells , CTCF IP - AG09309 cells, Rep 1 , CTCF IP - HFFC cells, Rep 3 , CTCF IP - NHDF cells, Rep 1 , CTCF IP - HFFC cells, Rep 2 , CTCF IP - AG09309 cells, Rep 2 , CTCF IP - HFFC cells, Rep 1 , CTCF IP - NHDF cells ",,,
CTCF,HSD17B2,pancreas,CTCF IP,,,
CTCF,HSD17B2,hspcs,"CTCF IP - HEL 92.1.7 cells, Rep 2 , CTCF IP - Erythroid cells, Rep 1, CTCF IP - HEL 92.1.7 cells, Rep 11 , CTCF IP - HEL 92.1.7 cells, Rep 14 , CTCF IP - HEL 92.1.7 cells, Rep 8 , CTCF IP - HEL 92.1.7 cells, Rep 5 ",,,
GATA3,HSD17B2,mammarygland,"GATA3 IP - T47D cells, GATA3 IP - MCF7 cells",,,
JUND,HSD17B2,liver,"JUND IP - HepG2 cells, JUND IP - HepG2 cells",,,
CEBPB,HSD17B2,stemcells,"CEBPB IP, CEBPB IP, CEBPB IP, CEBPB IP, CEBPB IP, CEBPB IP, CEBPB IP",,,
TCF21,HSD17B2,vasculature,"TCF21 IP, TCF21 IP",,,
DEX,HSD17B2,mammarygland,"DEX | FOXA1 ChIP-Seq - Rep 2, DEX | FOXA1 ChIP-Seq - Rep 1, DEX | FOXA1 ChIP-Seq - Rep 2, DEX | FOXA1 ChIP-Seq - Rep 1, DEX | FOXA1 ChIP-Seq - Rep 1, DEX | FOXA1 ChIP-Seq - Rep 2",,,
ZNF143,HSD17B2,stemcells,ZNF143 IP - H1 cells,,,
FOXA1,HSD17B2,liver,"FOXA1 IP - HepG2 cells, Rep 1, FOXA1 IP - HepG2 cells, Rep 2",,,
PIAS1,HSD17B2,prostate,"PIAS1 + R1881 | FOXA1 ChIP-Seq - Rep 2, PIAS1 + R1881 | FOXA1 ChIP-Seq - Rep 1",,,
JUND,HSD17B2,cns,"JUND IP - SK-N-SH cells , JUND IP - SK-N-SH cells",,,
SP1,HSD17B2,liver,SP1 IP - HepG2 cells,,,
CEBPB,HSD17B2,mammarygland,CEBPB IP - MCF7 cells,,,
MAX,HSD17B2,liver,"MAX IP - HepG2 cells, MAX IP - HepG2 cells",,,
SRF,HSD17B2,stemcells,"SRF IP - Rep 1 , SRF IP - Rep 7 ",,,
GATA3,HSD17B2,cns,GATA3 IP - SK-N-SH cells,,,
JUND,HSD17B2,leukocytes,JUND IP - K562 cells,,,
CEBPB,HSD17B2,liver,CEBPB ChIP-Seq - HepG2,,,
CTCF,HSD17B2,skeletalmuscle,"CTCF IP - HSMM cells, Rep 1 , CTCF IP - HSMM cells, Rep 2 ",,,
AR,HSD17B2,prostate,"WT AR OE + FOXA1 OE | FOXA1 ChIP-Seq - high FOXA1, AR C562S OE + FOXA1 OE | FOXA1 ChIP-Seq, WT AR OE + FOXA1 OE | FOXA1 ChIP-Seq, AR Q640X OE + FOXA1 OE | FOXA1 ChIP-Seq",,,
GABPA,HSD17B2,stemcells,GABPA IP - H1 cells,,,
FOSL2,HSD17B2,cns,FOSL2 IP - SK-N-SH cells,,,
GABPA,HSD17B2,leukocytes,"GABPA IP - Jurkat, Rep 2",,,
MAX,HSD17B2,vasculature,MAX IP - HUVEC cells,,,
NFATC1,HSD17B2,leukocytes,NFATC1 IP - GM12878 cells,,,
CTCF,HSD17B2,heart,"CTCF IP - myocytes cells, Rep 1 , CTCF IP - HCF cells , CTCF IP - myocytes cells, Rep 2 ",,,
CTCF,HSD17B2,stemcells,"CTCF IP - Rep 4 , CTCF IP - Rep 2 , CTCF IP - Rep 6 , CTCF IP - Rep 5 , CTCF IP - H1 cells, CTCF IP - Rep 1 , CTCF IP - Rep 7 , CTCF IP - H1 cells ",,,
JUND,HSD17B2,vasculature,JUND IP,,,
TEAD4,HSD17B2,liver,TEAD4 IP - HepG2 cells,,,
ZNF384,HSD17B2,leukocytes,ZNF384 IP - K562 cells,,,
HOXA6,HSD17B2,colon,HOXA6 IP ,,,
GLI2,HSD17B2,colon,GLI2 IP ,,,
ROSI,HSD17B2,leukocytes,ROSI | SPI1 ChIP-Seq,,,
CEBPB,HSD17B2,leukocytes,"CEBPB IP, CEBPB IP, CEBPB IP",,,
HNF1A,HSD17B2,colon,HNF1A IP,,,
DEX,HSD17B2,lung,"CTCF IP | DEX - A549 cells, CTCF IP | DEX - A549 cells ",,,
CTCF,HSD17B2,esophagus,"CTCF IP - HEEpiC cells, Rep 1 , CTCF IP - HEEpiC cells, Rep 2 ",,,
BCL3,HSD17B2,leukocytes,BCL3 IP - GM12878 cells,,,
JUND,HSD17B2,mammarygland,JUND IP - T47D cells,,,
HEY1,HSD17B2,liver,HEY1 IP - HepG2 cells,,,
ZEB1,HSD17B2,liver,ZEB1 IP - HepG2 cells,,,
CREB1,HSD17B2,prostate,"CREB1 siRNA | FOXA1 ChIP-Seq - Rep 2, CREB1 siRNA | FOXA1 ChIP-Seq - Rep 1",,,
RUNX1,HSD17B2,leukocytes,SPI1 IP | RUNX1 KD,,,
ZNF83,HSD17B2,colon,ZNF83 IP ,,,
MAZ,HSD17B2,liver,MAZ IP - HepG2 cells,,,
CTCF,HSD17B2,sensory,"CTCF IP - WERI-Rb-1- cells, Rep 1 , CTCF IP - HRPEpiC cells, Rep 1 , CTCF IP - HRPEpiC cells, Rep 2 , CTCF IP - WERI ",,,
ARID3A,HSD17B2,liver,ARID3A IP - HepG2 cells,,,
FOSL2,HSD17B2,liver,FOSL2 IP - HepG2 cells,,,
PBX3,HSD17B2,cns,PBX3 IP - SK-N-SH cells,,,
SP1,HSD17B2,colon,SP1 IP - HCT116 cells,,,
125DVD3,HSD17B2,colon,CEBPB IP | 125DVD3,,,
FOXP1,HSD17B2,colon,FOXP1 IP ,,,
NFKB2,HSD17B2,leukocytes,NFKB2 IP - Rep 2,,,
IRF1,HSD17B2,colon,IRF1 IP ,,,
TEAD1,HSD17B2,cns,"TEAD1 IP - Rep 1, TEAD1 IP - Rep 2",,,
MYC,HSD17B2,mammarygland,MYC IP | 4HT - MCF10A cells,,,
GABPA,HSD17B2,cns,GABPA IP - SK-N-SH cells,,,
GATA6,HSD17B2,stomach,GATA6 IP - YCC3,,,
TP53,HSD17B2,mammarygland,TP53 IP,,,
TCF12,HSD17B2,cns,TCF12 IP - SK-N-SH cells,,,
USF1,HSD17B2,liver,USF1 IP - HepG2 cells,,,
DHT,HSD17B2,mammarygland,DHT | FOXA1 ChIP-Seq,,,
ELF1,HSD17B2,liver,ELF1 IP - HepG2 cells,,,
HNF1B,HSD17B2,pancreas,HNF1B IP,,,
ATF2,HSD17B2,colon,ATF2 IP ,,,
POU2F1,HSD17B2,prostate,POU2F1 KD + DHT | FOXA1 ChIP-Seq,,,
CTCF,HSD17B2,uterus,CTCF IP - HeLa cells ,,,
FOXA2,HSD17B2,liver,FOXA2 IP - HepG2 cells,19822575,,
FOS,HSD17B2,vasculature,FOS IP - HUVEC cells,,,
MAX,HSD17B2,cns,MAX IP - SK-N-SH cells,,,
IRF1,HSD17B2,pancreas,IRF1 IP,,,
HOXA4,HSD17B2,colon,HOXA4 IP ,,,
ELF1,HSD17B2,mammarygland,ELF1 IP - MCF7 cells,,,
JUND,HSD17B2,stemcells,JUND IP - H1 cells,,,
ARNTL,HSD17B2,colon,ARNTL IP - Rep 1 ,,,
TEAD4,HSD17B2,cns,TEAD4 IP - SK-N-SH cells,,,
E2F3,HSD17B2,colon,E2F3 IP ,,,
JUN,HSD17B2,colon,JUN IP ,,,
ETV5,HSD17B2,colon,ETV5 IP ,,,
SMAD1,HSD17B2,hspcs,SMAD1 IP - Rep 3,,,
YY1,HSD17B2,colon,YY1 IP - HCT116 cells,,,
TAL1,HSD17B2,colon,TAL1 IP ,,,
ZNF143,HSD17B2,leukocytes,ZNF143 IP - GM12878 cells,,,
MXI1,HSD17B2,liver,MXI1 IP - HepG2 cells,,,
MYBL2,HSD17B2,liver,MYBL2 IP - HepG2 cells,,,
USF1,HSD17B3,cns,USF1 IP - SK-N-SH cells,,,
CTCF,HSD17B3,leukocytes,CTCF IP - K562 cells,,,
GATA3,HSD17B3,mammarygland,GATA3 IP - MCF7 cells,,,
JUND,HSD17B3,cns,"JUND IP - SK-N-SH cells , JUND IP - SK-N-SH cells",,,
PBX3,HSD17B3,cns,PBX3 IP - SK-N-SH cells,,,
TEAD4,HSD17B3,cns,TEAD4 IP - SK-N-SH cells,,,
MEF2B,HSD17B3,kidney,MEF2B IP | MEF2B OE - Rep 2,,,
FOS,HSD17B3,uterus,FOS IP - HeLa cells,,,
JUND,HSD17B3,colon,JUND IP - HCT116 cells,,,
SRF,HSD17B3,colon,SRF IP - HCT116 cells,,,
GATA3,HSD17B3,cns,GATA3 IP - SK-N-SH cells,,,
SIX2,HSD17B3,kidney,"SIX2 IP - 17 weeks, Rep 1, SIX2 IP - 17 weeks, Rep 2",,,
USF2,HSD17B3,uterus,USF2 IP - HeLa cells,,,
YY1,HSD17B3,cns,YY1 IP | ATRA - SK-N-SH cells,,,
ATRA,HSD17B3,cns,YY1 IP | ATRA - SK-N-SH cells,,,
JUN,HSD17B3,vasculature,JUN IP - HUVEC cells,,,
JUND,HSD17B3,vasculature,JUND IP,,,
TP63,HSD17B3,skin,"TP63 IP, TP63 IP, TP63 IP",,,
MAFK,HSD17B3,liver,"MAFK IP - HepG2 cells, Rep 1, MAFK IP - HepG2 cells, Rep 2",,,
FOS,HSD17B3,mammarygland,"FOS IP | 4HT - MCF10A cells, 4 h, FOS IP | 4HT - MCF10A cells, 12 h, FOS IP | 4HT - MCF10A cells, 36 h, FOS IP - MCF10A cells",,,
4HT,HSD17B3,mammarygland,"FOS IP | 4HT - MCF10A cells, 4 h, FOS IP | 4HT - MCF10A cells, 12 h, FOS IP | 4HT - MCF10A cells, 36 h",,,
CTCF,HSD17B3,liver,"CTCF IP - SK-N-SH cells, CTCF IP, CTCF IP - HepG2 cells, Rep 1 ",,,
MAX,HSD17B3,uterus,"MAX IP - HeLa cells, Rep 2, MAX IP - HeLa cells, Rep 1",,,
TP53,HSD17B3,bone,TP53 IP | NUTL3,,,
NUTL3,HSD17B3,bone,TP53 IP | NUTL3,,,
MXI1,HSD17B3,uterus,MXI1 IP - HeLa cells,,,
CEBPB,HSD17B3,uterus,CEBPB ChIP-Seq - HeLaS3,,,
FOXA1,HSD17B3,pancreas,"FOXA1 IP, FOXA1 IP | KLF5 KO",,,
PAX5,HSD17B3,leukocytes,PAX5 IP - GM12891 cells,,,
FOSL1,HSD17B3,colon,FOSL1 IP - HCT116 cells,,,
TP53,HSD17B3,mammarygland,"TP53 IP | NUTL3 - MCF-7, TP53 IP",,,
ZNF384,HSD17B3,leukocytes,ZNF384 IP - K562 cells,,,
TCF12,HSD17B3,cns,TCF12 IP - SK-N-SH cells,,,
GATA1,HSD17B3,hspcs,GATA1 IP - Rep 4,,,
JUN,HSD17B3,mammarygland,"JUN IP - Rep 2, JUN IP - Rep 1",,,
JUN,HSD17B3,uterus,JUN IP - HeLa cells,,,
JUND,HSD17B3,uterus,JUND IP - HeLa cells,,,
TP73,HSD17B3,bone,"TP73 IP - alpha isoform, Rep 1",,,
STAT3,HSD17B3,uterus,STAT3 IP - HeLa cells,,,
TEAD1,HSD17B3,cns,TEAD1 IP - Rep 2,,,
MAX,HSD17B3,colon,MAX IP - HCT116 cells,,,
MAX,HSD17B3,cns,MAX IP - SK-N-SH cells,,,
TP63,HSD17B3,lung,TP63 IP - HCC95,,,
FOSL1,HSD17B3,mammarygland,FOSL1 IP,,,
FOSL2,HSD17B3,liver,FOSL2 IP - HepG2 cells,,,
FOSL2,HSD17B3,cns,FOSL2 IP - SK-N-SH cells,,,
CEBPB,HSD17B3,colon,CEBPB IP - HCT116 cells,,,
SP1,HSD17B3,colon,SP1 IP - HCT116 cells,,,
KLF5,HSD17B3,pancreas,FOXA1 IP | KLF5 KO,,,
CEBPB,HSD17B3,leukocytes,CEBPB IP,,,
ATF3,HSD17B3,colon,ATF3 IP | CAMPTO,,,
FOXA1,HSD17B6,prostate,"WT AR OE + FOXA1 OE | FOXA1 ChIP-Seq - high FOXA1, CREB1 siRNA | FOXA1 ChIP-Seq - Rep 2, CON KD | FOXA1 ChIP-Seq, FOXA1 ChIP-Seq, EtOH | FOXA1 ChIP-Seq - Rep 2, AR C562S OE + FOXA1 OE | FOXA1 ChIP-Seq, CON KD + R1881 |Â FOXA1 ChIP-Seq, FOXA1 ChIP-Seq, R1881 | FOXA1 ChIP-Seq - Rep 1, FOXA1 ChIP-Seq - Rep 1, GATA2 KD  |Â FOXA1 ChIP-Seq, FOXA1 KD | FOXA1 ChIP-Seq, FOXA1 ChIP-Seq, FOXA1 KD |Â GATA2 ChIP-Seq, CON KD  |Â FOXA1 ChIP-Seq, DHT | FOXA1 ChIP-Seq, FOXA1 ChIP-Seq, POU2F1 KD + DHT | FOXA1 ChIP-Seq, DHT | FOXA1 ChIP-Seq - C4- Rep 2B, WT AR OE + FOXA1 OE | FOXA1 ChIP-Seq, FOXA1 ChIP-Seq, CON KD + R1881 | FOXA1 ChIP-Seq - Rep 1, EtOH | FOXA1 ChIP-Seq - , FOXA1 ChIP-Seq - Rep 1, GATA2 KD + R1881 |Â FOXA1 ChIP-Seq, DHT | FOXA1 ChIP-Seq, FOXA1 ChIP-Seq, FOXA1 ChIP-Seq - Rep 2, CREB1 siRNA | FOXA1 ChIP-Seq - Rep 1, FOXA1 KD | FOXA1 ChIP-Seq - Rep 2, AR Q640X OE + FOXA1 OE | FOXA1 ChIP-Seq, R1881 | FOXA1 ChIP-Seq - Rep 2, FOXA1 KD | FOXA1 ChIP-Seq, CON KD |Â FOXA1 ChIP-Seq, CON KD + R1881 | FOXA1 ChIP-Seq - Rep 2, FOXA1 ChIP-Seq - VCaP, FOXA1 ChIP-Seq - LNCaP, FOXA1 ChIP-Seq - LNCaP-abl, CON KD | FOXA1 ChIP-Seq, DHT | FOXA1 ChIP-Seq, PIAS1 + R1881 | FOXA1 ChIP-Seq - Rep 2, FOXA1 ChIP-Seq - C4- Rep 2B, DHT | FOXA1 ChIP-Seq, FOXA1 + FBS |Â GATA2 ChIP-Seq, PIAS1 + R1881 | FOXA1 ChIP-Seq - Rep 1, FOXA1 ChIP-Seq - Rep 2",,,
AR,HSD17B6,prostate,"WT AR OE + FOXA1 OE | FOXA1 ChIP-Seq - high FOXA1, AR C562S OE + FOXA1 OE | FOXA1 ChIP-Seq, WT AR OE + FOXA1 OE | FOXA1 ChIP-Seq, AR Q640X OE + FOXA1 OE | FOXA1 ChIP-Seq",,,
CREB1,HSD17B6,prostate,"CREB1 siRNA | FOXA1 ChIP-Seq - Rep 2, CREB1 siRNA | FOXA1 ChIP-Seq - Rep 1",,,
CEBPB,HSD17B6,stemcells,"CEBPB IP, CEBPB IP, CEBPB IP - H1 cells, CEBPB IP, CEBPB IP, CEBPB IP, CEBPB IP, CEBPB IP, CEBPB IP, CEBPB IP",,,
CTCF,HSD17B6,adiposetissue,"CTCF ChIP-Seq - dÂ 3, CTCF ChIP-Seq - d -2, CTCF ChIP-Seq - d 9, CTCF ChIP-Seq - d 0",,,
CTCF,HSD17B6,leukocytes,"CTCF IP - GM18505 cells, Rep 1 , CTCF IP - F36P cells, Rep 19 , CTCF IP - HeLa cells, Rep 2 , CTCF IP - GM11894 cells, Rep 2, CTCF IP - Â CD20+ cells , CTCF IP - GM19239 cells, Rep 2 , CTCF IP - GM12828 cells, CTCF IP - K562 cells, CTCF IP - GM12891 cells, Rep 2 , CTCF IP - NB4 cells , CTCF IP - GM19240 cells, Rep 1 , CTCF IP - GM2630 cells, Rep 1 , CTCF IP - GM12005 cells, Rep 1, CTCF IP - GM12873 cells, Rep 1 , CTCF IP - GM12005 cells, Rep 2, CTCF IP - GM12814 cells, Rep 1, CTCF IP - GM12878 cells, Rep 1 , CTCF IP - GM12867 cells , CTCF IP - GM19099 cells, Rep 2 , CTCF IP - GM19099 cells, Rep 1 , CTCF IP - GM12878 cells , CTCF IP - GM12870 cells , CTCF IP - K562 cells, Rep 14 , CTCF IP - K562 cells, Rep 15 , CTCF IP - GM12749 cells, Rep 2, CTCF IP - GM2255 cells, Rep 1 , CTCF IP - GM12874 cells, Rep 2 , CTCF IP - GM12890 cells, Rep 2 , CTCF IP - GM12875 cells, Rep 2 , CTCF IP - GM12878 cells, Rep 1 , CTCF IP - GM19238 cells, Rep 1 , CTCF IP - HL-60 cells, Rep 5 , CTCF IP - GM19239 cells, Rep 1 , CTCF IP - GM12878 cells, Rep 2 , CTCF IP - GM10847 cells, Rep 2 , CTCF ChIP-Seq - GM12878, CTCF IP - GM12814 cells, Rep 2, CTCF IP - GM11811 cells, Rep 1, CTCF IP - KU812 cells, Rep 5 , CTCF IP - GM12287 cells, Rep 2, CTCF IP - GM18486 cells, Rep 1 , CTCF IP - GM12006 cells, Rep 2, CTCF IP - GM12489 cells, Rep 1, CTCF IP - GM12874 cells, Rep 1 , CTCF IP - K562 cells, Rep 2 , CTCF IP - GM06990 cells, Rep 2 , CTCF IP - GM12891 cells, Rep 1 , CTCF IP - GM18486 cells, Rep 2 , CTCF IP - GM12871 cells , CTCF IP - GM12234 cells, CTCF IP - GM12749 cells, Rep 1, CTCF IP - GM2588 cells, Rep 3 , CTCF IP - GM18526 cells, Rep 2 , CTCF IP - GM12287 cells, Rep 1, CTCF IP - GM12878 cells, Rep 2 , CTCF IP - GM12872 cells, Rep 1 , CTCF IP - GM18951 cells, Rep 2 , CTCF IP - F36P cells, Rep 14 , CTCF IP - GM18505 cells, Rep 2 , CTCF IP - K562 cells , CTCF IP - GM2610 cells, Rep 3 , CTCF IP - GM18951 cells, Rep 1 , CTCF IP - GM12872 cells, Rep 3 , CTCF IP - MS1 cells, Rep 1 , CTCF IP - F36P cells, Rep 10 , CTCF IP - GM12864 cells, Rep 2 , CTCF IP - HL , CTCF IP - K562 cells, Rep 13 , CTCF IP - GM2610 cells, Rep 1 , CTCF IP, CTCF IP - GM11994 cells, Rep 2, CTCF IP - GM12892 cells, Rep 1 , CTCF IP - MS1 cells, Rep 2 , CTCF IP - HL-60 cells, Rep 9 , CTCF IP - GM07346 cells, CTCF IP - K562 cells, CTCF IP - Â DND , CTCF IP - F36P cells, Rep 2 , CTCF IP - CD14+ cells , CTCF IP - GM12489 cells, Rep 2, CTCF IP - GM12890 cells, Rep 3 , CTCF IP - GM2630 cells, Rep 3 , CTCF IP - K562 cells, Rep 12 , CTCF IP - GM12873 cells, Rep 3 , CTCF IP - GM11831 cells, CTCF IP - F36P cells, Rep 15 , CTCF IP - GM12815 cells, Rep 1, CTCF IP - GM12869 cells , CTCF IP - GM12872 cells, CTCF IP - GM12892 cells, Rep 2 , CTCF IP - GM12865 cells, Rep 3 , CTCF IP - GM19193 cells, Rep 2 , CTCF IP - GM12154 cells, Rep 2, CTCF IP - GM12890 cells, Rep 1 , CTCF IP - GM18486 cells, Rep 3 , CTCF IP - GM2588 cells, Rep 1 , CTCF IP - GM11992 cells, Rep 1, CTCF IP - MS1 cells, Rep 3 , CTCF IP - UT-7 cells, Rep 4 , CTCF IP - F36P cells, Rep 6 , CTCF IP - GM2630 cells, Rep 2 , CTCF IP - GM2588 cells, Rep 2 , CTCF IP - GM11994 cells, Rep 1, CTCF IP - UT-7 cells, Rep 3 , CTCF IP - MS1 cells, Rep 4 , CTCF IP - HL-60 cells, Rep 3 , CTCF IP - KU812 cells, Rep 13 , CTCF IP - KU812 cells, Rep 17 , CTCF IP - GM12875 cells, Rep 1 , CTCF IP - GM12154 cells, Rep 1, CTCF IP - GM12874 cells, CTCF IP - GM12864 cells, Rep 1 , CTCF IP - U-937 cells, Rep 2 , CTCF IP - GM2255 cells, Rep 2 , CTCF IP - K562 cells, Rep 11 , CTCF IP - GM11811 cells, Rep 2, CTCF IP - HL-60 cells, Rep 7 , CTCF IP - KU812 cells, Rep 9 , CTCF IP - GM2610 cells, Rep 2 , CTCF IP - U-937 cells, Rep 1 , CTCF IP - GM12872 cells, Rep 2 , CTCF IP - GM19240 cells, Rep 2 , CTCF IP - GM12865 cells, Rep 1 , CTCF IP - GM2255 cells, Rep 3 , CTCF IP - GM11992 cells, Rep 2, CTCF IP - GM12868 cells , CTCF IP - GM10847 cells, Rep 1 , CTCF IP - GM12873 cells, Rep 1 , CTCF IP - GM19238 cells, Rep 2 , CTCF IP - GM12864 cells, Rep 3 , CTCF IP - K562 cells, Rep 1 , CTCF IP - GM06990 cells, Rep 1 , CTCF IP - GM06986 cells, CTCF IP - GM19193 cells, Rep 1 , CTCF IP - GM12865 cells, Rep 2 , CTCF IP - K562 cells, Rep 16 , CTCF IP - F36P cells, Rep 7 , CTCF IP - KU812 cells, Rep 1 , CTCF IP - GM12006 cells, Rep 1, CTCF IP - GM12815 cells, Rep 2, CTCF IP - F36P cells, Rep 11 , CTCF IP - GM12866 cells , CTCF IP - F36P cells, Rep 3 , CTCF IP - GM18526 cells, Rep 1 , CTCF IP - GM11881 cells",,,
CTCF,HSD17B6,lung,"CTCF IP | DEX - A549 cells, CTCF IP - AG04450 cells, Rep 2 , CTCF IP - HPF cells, Rep 2 , CTCF IP - AG04450 cells, Rep 1 , CTCF IP - WI-38 cells, Rep 1 , CTCF IP - NHLF cells , CTCF IP - A549 cells, Rep 2 , CTCF ChIP-Seq - A549, CTCF IP - A549 cells, CTCF IP - IMR cells, CTCF IP - SAEC cells, Rep 2 , CTCF IP - A549 cells , CTCF IP - NHLF cells , CTCF IP - SAEC cells, Rep 1 , CTCF IP | DEX - A549 cells , CTCF IP - WI-38 cells, Rep 2 , CTCF IP - HPF cells, Rep 1 , CTCF IP - A549 cells, Rep 1 ",,,
DEX,HSD17B6,lung,"CTCF IP | DEX - A549 cells, USF1 IP | DEX - A549 cells, FOXA1 IP | DEX - A549 cells, CTCF IP | DEX - A549 cells ",,,
CTCF,HSD17B6,megakaryocytelineage,"CTCF IP - MEG-01 cells, Rep 2 , CTCF IP - MEG-01 cells, Rep 10 , CTCF IP - CHRF-288-11 cells, Rep 1 , CTCF IP - MEG-01 cells, Rep 4 , CTCF IP - MEG-01 cells, Rep 8 , CTCF IP - MEG-01 cells, Rep 6 ",,,
GATA4,HSD17B6,stomach,GATA4 IP - AGS,,,
SPI1,HSD17B6,leukocytes,"SPI1 IP - GM12878 cells, Rep 4 , SPI1 IP - K562 cells, SPI1 IP - U-937 cells, Rep 5 , SPI1 IP - U-937 cells, Rep 2 , SPI1 IP, SPI1 IP, SPI1 IP, SPI1 IP - U-937 cells, Rep 6 , SPI1 IP - GM12891 cells, SPI1 IP - U-937 cells, Rep 4 , SPI1 IP, SPI1 IP - GM12878 cells, Rep 5 , SPI1 IP - GM12878 cells, SPI1 IP, SPI1 IP - GM12878 cells, Rep 2 , SPI1 IP - HL cells, SPI1 IP - U-937 cells, Rep 3 , SPI1 IP, SPI1 IP, SPI1 IP | RUNX1 KD, SPI1 IP, ROSI | SPI1 ChIP-Seq, SPI1 IP, SPI1 IP, SPI1 IP - GM12878 cells, Rep 3 , SPI1 IP, SPI1 IP - U-937 cells, Rep 1 , SPI1 IP - GM12878 cells, Rep 1 , SPI1 IP",,,
GATA1,HSD17B6,hspcs,"GATA1 IP - Rep 2, GATA1 IP - Rep 1, GATA1 IP - Rep 3, GATA1 IP - PBDE cells, Rep 1",,,
YY1,HSD17B6,uterus,YY1 IP - ECC1 cells,,,
TEAD4,HSD17B6,liver,TEAD4 IP - HepG2 cells,,,
MAX,HSD17B6,liver,"MAX IP - HepG2 cells, MAX IP - HepG2 cells, MAX IP - MCF7 cells",,,
CTCF,HSD17B6,mammarygland,"CTCF IP - MCF-7 cells, Rep 1 , CTCF IP - HMF cells, Rep 2 , CTCF IP - HMF cells, Rep 1 , CTCF IP - MCF-7 cells Rep 2 , CTCF IP - MCF7 cells, CTCF IP - HMEC cells , CTCF IP - HMEC cells, Rep 2 , CTCF IP - T47D cells, CTCF IP - HMEC cells, Rep 1 ",,,
CTCF,HSD17B6,colon,"CTCF IP - Caco-2 cells, Rep 1 , CTCF IP - HCT116 cells, Rep 2 , CTCF IP - HCT116 cells, Rep 1 , CTCF IP - HCT116 cells, CTCF IP - Caco ",,,
CTCF,HSD17B6,hspcs,"CTCF IP - Erythroid cells, Rep 2, CTCF IP - HEL 92.1.7 cells, Rep 5 , CTCF IP - HEL 92.1.7 cells, Rep 2 , CTCF IP - HEL 92.1.7 cells, Rep 11 , CTCF IP - Erythroid cells, Rep 1, CTCF IP - HSPCs, Rep 1, CTCF IP - HEL 92.1.7 cells, Rep 14 , CTCF IP - HEL 92.1.7 cells, Rep 8 ",,,
ARID3A,HSD17B6,liver,ARID3A IP - HepG2 cells,,,
CTCF,HSD17B6,vasculature,"CTCF IP - HUVEC cells, Rep 2 , CTCF IP - HPAF cells, Rep 1 , CTCF IP - HUVEC cells, Rep 1 , CTCF IP - AoAFC cells, Rep 2 , CTCF IP - HPAF cells, Rep 2 , CTCF IP - AoAFC cells, Rep 1 , CTCF IP - HBMEC cells, Rep 2 , CTCF IP - HBMEC cells, Rep 1 , CTCF IP - HUVEC cells ",,,
RELA,HSD17B6,leukocytes,"RELA IP | TNF - GM19099 cells, RELA IP | TNF - GM12891 cells",,,
FOS,HSD17B6,mammarygland,"FOS IP - MCF10A cells, FOS IP | 4HT - MCF10A cells, 4 h",,,
BHLHE40,HSD17B6,leukocytes,BHLHE40 IP - GM12878 cells,,,
CTCF,HSD17B6,miscellaneous,"CTCF IP - AG09319 cells, Rep 1 , CTCF IP - AG09319 cells, Rep 2 ",,,
CTCF,HSD17B6,liver,"CTCF IP - HepG2 cells , CTCF IP - SK-N-SH cells, CTCF IP - HepG2 cells, Rep 2 , CTCF IP, CTCF IP - HepG2 cells, Rep 1 ",,,
MAFK,HSD17B6,liver,"MAFK IP - HepG2 cells, Rep 2",,,
JUND,HSD17B6,liver,JUND IP - HepG2 cells,,,
CEBPB,HSD17B6,mammarygland,CEBPB IP - MCF7 cells,,,
YY1,HSD17B6,cns,"YY1 IP - SK-N-SH cells, YY1 IP | ATRA - SK-N-SH cells",,,
FOXA1,HSD17B6,mammarygland,"17BE2 | FOXA1 ChIP-Seq - Rep 1, FOXA1 ChIP-Seq - Rep 2, TNF | FOXA1 ChIP-Seq - Rep 1, FOXA1 IP - T47D, DHT | FOXA1 ChIP-Seq, DEX | FOXA1 ChIP-Seq - Rep 2, DEX | FOXA1 ChIP-Seq - Rep 1, TNF | FOXA1 ChIP-Seq - Rep 2, 17BE2 | FOXA1 ChIP-Seq - Rep 1, 17BE2 | FOXA1 ChIP-Seq - Rep 2, 17BE2 + TNF | FOXA1 ChIP-Seq - Rep 2, FOXA1 ChIP-Seq - Rep 2, FOXA1 ChIP-Seq - Rep 1, FOXA1 IP - T47D cells, FOXA1 ChIP-Seq - Rep 1, FOXA1 ChIP-Seq - Rep 2, 17BE2 | FOXA1 ChIP-Seq - Rep 2, DEX | FOXA1 ChIP-Seq - Rep 1, 17BE2 | FOXA1 ChIP-Seq - Rep 1, FOXA1 ChIP-Seq - Rep 1, DEX | FOXA1 ChIP-Seq - Rep 2, 17BE2 | FOXA1 ChIP-Seq - Rep 2, 17BE2 + TNF | FOXA1 ChIP-Seq - Rep 1, 17BE2 | FOXA1 ChIP-Seq",,,
17BE2,HSD17B6,mammarygland,"17BE2 | FOXA1 ChIP-Seq - Rep 1, 17BE2 | FOXA1 ChIP-Seq - Rep 1, 17BE2 | FOXA1 ChIP-Seq - Rep 2, 17BE2 | FOXA1 ChIP-Seq - Rep 2, 17BE2 | FOXA1 ChIP-Seq - Rep 1, 17BE2 | FOXA1 ChIP-Seq - Rep 2, 17BE2 | FOXA1 ChIP-Seq",,,
R1881,HSD17B6,prostate,"CON KD + R1881 |Â FOXA1 ChIP-Seq, CON KD + R1881 |Â GATA2 ChIP-Seq, R1881 | FOXA1 ChIP-Seq - Rep 1, ERG IP | R1881, CON KD + R1881 | FOXA1 ChIP-Seq - Rep 1, GATA2 KD + R1881 |Â FOXA1 ChIP-Seq, R1881 | FOXA1 ChIP-Seq - Rep 2, CON KD + R1881 | FOXA1 ChIP-Seq - Rep 2, GATA2 KD + R1881 |Â GATA2 ChIP-Seq, PIAS1 + R1881 | FOXA1 ChIP-Seq - Rep 2, PIAS1 + R1881 | FOXA1 ChIP-Seq - Rep 1",,,
CTCF,HSD17B6,skin,"CTCF IP - HFFC cells, Rep 2 , CTCF IP - AG10803 cells, Rep 2 , CTCF IP - AG04449 cells, Rep 1 , CTCF IP - AG04449 cells, Rep 2 , CTCF IP - NHEK cells, Rep 2 , CTCF IP - BJ cells, Rep 2 , CTCF IP - AG09309 cells, Rep 1 , CTCF IP - BJ cells, Rep 1 , CTCF IP - NHEK cells , CTCF IP - AG09309 cells, Rep 2 , CTCF IP - HFFC cells, Rep 1 , CTCF IP - NHDF cells , CTCF IP - HFFC cells, Rep 3 , CTCF IP - NHDF cells, Rep 1 , CTCF IP - GM12878 cells, Rep 2 , CTCF IP - NHDF cells, Rep 2 , CTCF IP - AG10803 cells, Rep 1 ",,,
CTCF,HSD17B6,cns,"CTCF IP - spinal cord astrocyte cells, Rep 1 , CTCF IP - cerebellar astrocyte cells, Rep 2 , CTCF IP - BE(2)-C cells, Rep 1 , CTCF IP - spinal cord astrocyte cells, Rep 2 , CTCF IP - HCPEpiC cells, Rep 1 , CTCF IP - BE(2)-C cells, Rep 2 , CTCF IP - HCPEpiC cells, Rep 2 , CTCF IP - cerebellar astrocyte cells, Rep 1 , CTCF IP - SK-N-SH cells , CTCF IP - SK-N-SH cells, Rep 2 , CTCF IP - SK-N-SH cells, Rep 1 , CTCF IP - NHA cells , CTCF IP - SK cells",,,
PAX5,HSD17B6,leukocytes,"PAX5 IP - GM12878 cells, Rep 2",,,
STAT1,HSD17B6,leukocytes,"STAT1 IP - Rep 5, STAT1 IP - Rep 3, STAT1 IP - Rep 2",,,
IFNG,HSD17B6,leukocytes,"STAT1 IP - Rep 5, IRF1 IP - Rep 3, STAT1 IP - Rep 3, STAT1 IP - Rep 2",,,
YY1,HSD17B6,leukocytes,"YY1 IP - GM12891 cells, YY1 IP - K562 cells, Rep 2, YY1 IP - GM12878 cells, YY1 IP - K562 cells, Rep 1, YY1 IP - GM12892 cells, Rep 1",,,
USF1,HSD17B6,lung,USF1 IP | DEX - A549 cells,,,
E2F1,HSD17B6,mammarygland,E2F1 IP - MCF7 cells,,,
CTCF,HSD17B6,sensory,"CTCF IP - HRPEpiC cells, Rep 2 , CTCF IP - WERI-Rb-1- cells, Rep 1 , CTCF IP - HRPEpiC cells, Rep 1 , CTCF IP - WERI ",,,
NFKB2,HSD17B6,leukocytes,NFKB2 IP - Rep 1,,,
STAT3,HSD17B6,leukocytes,"STAT3 IP - SU-DHL-4, STAT3 IP - U-2932, STAT3 IP - SU-DHL-6",,,
FOXP1,HSD17B6,leukocytes,"FOXP1 IP - BJAB, FOXP1 IP - HT, FOXP1 IP - OCI-LY8",,,
FOXM1,HSD17B6,leukocytes,FOXM1 IP - GM12878 cells,,,
GATA2,HSD17B6,prostate,"CON KD + R1881 |Â GATA2 ChIP-Seq, GATA2 ChIP-Seq - Rep 2, GATA2 KD  |Â FOXA1 ChIP-Seq, FOXA1 KD |Â GATA2 ChIP-Seq, CON KD + FBS |Â GATA2 ChIP-Seq, GATA2 ChIP-Seq - Rep 1, CON KD |Â GATA2 ChIP-Seq, GATA2 KD + R1881 |Â FOXA1 ChIP-Seq, GATA2 ChIP-Seq, GATA2 KD + R1881 |Â GATA2 ChIP-Seq, FOXA1 + FBS |Â GATA2 ChIP-Seq",,,
CTCF,HSD17B6,kidney,"CTCF IP - HEK293 cells, Rep 2 , CTCF IP - RPTEC cells, Rep 1 , CTCF IP - HEK293 cells, Rep 1 , CTCF IP - RPTEC cells, Rep 2 , CTCF IP - HRE cells, Rep 1 , CTCF IP - HRE cells, Rep 2 ",,,
CTCF,HSD17B6,placenta,"CTCF IP - HVMF cells, Rep 2 , CTCF IP - HVMF cells, Rep 1 ",,,
GATA3,HSD17B6,mammarygland,"GATA3 IP - T47D cells, GATA3 IP - MCF7 cells",,,
CTCF,HSD17B6,bone,"CTCF IP - Osteoblasts , CTCF IP",,,
SRF,HSD17B6,stemcells,"SRF IP - Rep 7 , SRF IP - Rep 6 , SRF IP - Rep 5 , SRF IP - Rep 1 ",,,
TAL1,HSD17B6,megakaryocytelineage,"TAL1 IP - CHRF-288-11 cells, Rep 1 , TAL1 IP - CHRF-288-11 cells, Rep 4 , TAL1 IP - CHRF-288-11 cells, Rep 6 , TAL1 IP - CHRF-288-11 cells, Rep 3 ",,,
TEAD4,HSD17B6,uterus,TEAD4 IP - ECC1 cells,,,
ERG,HSD17B6,prostate,"ERG IP - Rep 1, DHT | ERG ChIP-Seq - 2 h, DMSO | ERG ChIP-Seq - Rep 1, ERG IP | R1881, ERG ChIP-Seq, JQI | ERG ChIP-Seq - Rep 1, DMSO | ERG ChIP-Seq - Rep 2",,,
IRF1,HSD17B6,leukocytes,IRF1 IP - Rep 3,,,
DHT,HSD17B6,prostate,"DHT | ERG ChIP-Seq - 2 h, DHT | RUNX1 ChIP-Seq, DHT | FOXA1 ChIP-Seq, POU2F1 KD + DHT | FOXA1 ChIP-Seq, DHT | FOXA1 ChIP-Seq - C4- Rep 2B, DHT | FOXA1 ChIP-Seq, DHT | FOXP1 ChIP-Seq, DHT | FOXA1 ChIP-Seq, DHT | FOXA1 ChIP-Seq",,,
CEBPB,HSD17B6,lung,"CEBPB ChIP-Seq - A549, CEBPB ChIP-Seq - IMR90, CEBPB IP - A549 cells",,,
TNF,HSD17B6,mammarygland,"TNF | FOXA1 ChIP-Seq - Rep 1, TNF | FOXA1 ChIP-Seq - Rep 2",,,
CREB1,HSD17B6,liver,"CREB1 IP, CREB1 IP - HepG2 cells",,,
IRF4,HSD17B6,leukocytes,"IRF4 IP - GM12878 cells, IRF4 IP",,,
CTCF,HSD17B6,stemcells,"CTCF IP - H1 cells, CTCF IP - Rep 4 , CTCF IP - Rep 2 , CTCF IP - Rep 5 , CTCF IP - Rep 6 , CTCF IP - Rep 1 , CTCF IP - Rep 7 , CTCF IP - H1 cells ",,,
TP53,HSD17B6,colon,TP53 IP | TP53 KO,,,
ZEB1,HSD17B6,liver,ZEB1 IP - HepG2 cells,,,
CTCF,HSD17B6,esophagus,"CTCF IP - HEEpiC cells, Rep 1 , CTCF IP - HEEpiC cells, Rep 2 ",,,
ATF2,HSD17B6,leukocytes,ATF2 IP - GM12878 cells,,,
CEBPB,HSD17B6,colon,"CEBPB IP | 125DVD3, CEBPB IP, CEBPB IP - HCT116 cells",,,
125DVD3,HSD17B6,colon,CEBPB IP | 125DVD3,,,
CTCF,HSD17B6,uterus,"CTCF IP - HeLa cells, Rep 1 , CTCF IP - ECC1 cells, CTCF IP - HeLa cells ",,,
4HT,HSD17B6,mammarygland,"FOS IP | 4HT - MCF10A cells, 4 h, MYC IP | 4HT - MCF10A cells",,,
FOSL2,HSD17B6,lung,FOSL2 IP - A549 cells,,,
FOXA1,HSD17B6,lung,"FOXA1 IP | DEX - A549 cells, FOXA1 IP - A549 cells",,,
FOSL2,HSD17B6,liver,FOSL2 IP - HepG2 cells,,,
RUNX1,HSD17B6,prostate,DHT | RUNX1 ChIP-Seq,,,
CTCF,HSD17B6,pancreas,CTCF IP,,,
MTA3,HSD17B6,leukocytes,MTA3 IP - GM12878 cells,,,
BHLHE40,HSD17B6,liver,"BHLHE40 IP - SK-N-SH cells, BHLHE40 IP - HepG2 cells",,,
MXI1,HSD17B6,cns,MXI1 IP - SK-N-SH cells ,,,
PBX3,HSD17B6,leukocytes,PBX3 IP - GM12878 cells,,,
REST,HSD17B6,uterus,REST IP - SK-N-SH cells,,,
STAT5A,HSD17B6,leukocytes,"STAT5A IP - GM12878 cells, STAT5A IP - K562 cells",,,
DHT,HSD17B6,mammarygland,DHT | FOXA1 ChIP-Seq,,,
DEX,HSD17B6,mammarygland,"DEX | FOXA1 ChIP-Seq - Rep 2, DEX | FOXA1 ChIP-Seq - Rep 1, DEX | FOXA1 ChIP-Seq - Rep 1, DEX | FOXA1 ChIP-Seq - Rep 2",,,
CTCF,HSD17B6,skeletalmuscle,"CTCF IP - HSMM cells, Rep 2 , CTCF IP - HSMM cells, Rep 1 ",,,
FOXA2,HSD17B6,lung,FOXA2 IP - A549 cells,,,
CEBPB,HSD17B6,uterus,"CEBPB ChIP-Seq - HeLaS3, CEBPB IP - ECC1 cells",,,
ETS1,HSD17B6,leukocytes,ETS1 IP,,,
SRF,HSD17B6,leukocytes,SRF IP - SK-N-SH cells,,,
POU2F1,HSD17B6,prostate,POU2F1 KD + DHT | FOXA1 ChIP-Seq,,,
FOXA1,HSD17B6,liver,"FOXA1 IP - HepG2 cells, Rep 1, FOXA1 IP - HepG2 cells, Rep 2",,,
CREB1,HSD17B6,leukocytes,CREB1 IP - GM12878 cells,,,
CTCF,HSD17B6,heart,"CTCF IP - HCF cells , CTCF IP - myocytes cells, Rep 1 , CTCF IP - myocytes cells, Rep 2 ",,,
MAZ,HSD17B6,leukocytes,"MAZ IP - GM12878 cells, MAZ IP - K562 cells",,,
EGR1,HSD17B6,leukocytes,EGR1 IP - K562 cells,,,
MAFF,HSD17B6,liver,MAFF IP - HepG2 cells,,,
MAX,HSD17B6,leukocytes,"MAX IP - GM12878 cells, MAX IP - NB4 cells, MAX IP - K562 cells",,,
CEBPB,HSD17B6,liver,"CEBPB ChIP-Seq - HepG2, CEBPB IP - HepG2 cells, CEBPB IP | FORSK - HepG2 cells",,,
ZNF384,HSD17B6,leukocytes,"ZNF384 IP - K562 cells, ZNF384 IP - GM12878 cells",,,
17BE2; TNF,HSD17B6,mammarygland,"17BE2 + TNF | FOXA1 ChIP-Seq - Rep 2, 17BE2 + TNF | FOXA1 ChIP-Seq - Rep 1",,,
BCL11A,HSD17B6,leukocytes,BCL11A IP - GM12878 cells,,,
MYC,HSD17B6,mammarygland,"MYC IP - MCF-10A cells, MYC IP | 4HT - MCF10A cells",,,
TEAD4,HSD17B6,stemcells,TEAD4 IP - H1 cells,,,
SP1,HSD17B6,leukocytes,SP1 IP - GM12878 cells,,,
CEBPB,HSD17B6,leukocytes,"CEBPB IP - K562 cells, CEBPB ChIP-Seq - K562",,,
GATA2,HSD17B6,leukocytes,"GATA2 IP - K562 cells, GATA2 IP - K562 cells",,,
TNF,HSD17B6,leukocytes,RELA IP | TNF - GM12891 cells,,,
FOXA2,HSD17B6,liver,"FOXA2 ChIP-Seq - Biol Rep 3, Tech Rep 1, FOXA2 IP - HepG2 cells",,,
ZNF143,HSD17B6,leukocytes,"ZNF143 IP - GM12878 cells, ZNF143 IP - K562 cells",,,
ATRA,HSD17B6,cns,YY1 IP | ATRA - SK-N-SH cells,,,
NFYB,HSD17B6,leukocytes,NFYB IP - GM12878 cells,,,
JQ1,HSD17B6,prostate,JQI | ERG ChIP-Seq - Rep 1,,,
ZNF143,HSD17B6,stemcells,ZNF143 IP - H1 cells,,,
USF2,HSD17B6,liver,USF2 IP - HepG2 cells,,,
RUNX1,HSD17B6,leukocytes,SPI1 IP | RUNX1 KD,,,
FOXP1,HSD17B6,prostate,DHT | FOXP1 ChIP-Seq,,,
MYBL2,HSD17B6,liver,MYBL2 IP - HepG2 cells,,,
YY1,HSD17B6,stemcells,YY1 IP - H1 cells,,,
TAL1,HSD17B6,leukocytes,TAL1 IP - K562 cells,,,
ROSI,HSD17B6,leukocytes,ROSI | SPI1 ChIP-Seq,,,
PIAS1,HSD17B6,prostate,"PIAS1 + R1881 | FOXA1 ChIP-Seq - Rep 2, PIAS1 + R1881 | FOXA1 ChIP-Seq - Rep 1",,,
SMAD1,HSD17B6,hspcs,SMAD1 IP - Rep 3,,,
MXI1,HSD17B6,lung,MXI1 IP - IMR cells,,,
SP1,HSD17B6,liver,SP1 IP - HepG2 cells,,,
CREB1,HSD17B6,stemcells,CREB1 IP - H1 cells,,,
POU2F2,HSD17B6,leukocytes,POU2F2 IP - GM12878 cells,,,
TEAD4,HSD17B6,leukocytes,TEAD4 IP - K562 cells,,,
USF1,HSD17B6,liver,USF1 IP - HepG2 cells,,,
FORSK,HSD17B6,liver,CEBPB IP | FORSK - HepG2 cells,,,
FOXA1,HSD3B2,prostate,"PIAS1 + R1881 | FOXA1 ChIP-Seq - Rep 2, PIAS1 + R1881 | FOXA1 ChIP-Seq - Rep 1, FOXA1 ChIP-Seq - Rep 2, CON KD | FOXA1 ChIP-Seq, CREB1 siRNA | FOXA1 ChIP-Seq - Rep 1, FOXA1 ChIP-Seq - LNCaP-abl, CREB1 siRNA | FOXA1 ChIP-Seq - Rep 2, FOXA1 ChIP-Seq, FOXA1 ChIP-Seq - Rep 1, EtOH | FOXA1 ChIP-Seq - , FOXA1 ChIP-Seq, CON KD + R1881 | FOXA1 ChIP-Seq - Rep 1, R1881 | FOXA1 ChIP-Seq - Rep 1, DHT | FOXA1 ChIP-Seq, CON KD + R1881 | FOXA1 ChIP-Seq - Rep 2, CON KD | FOXA1 ChIP-Seq, FOXA1 ChIP-Seq, CON KD | FOXA1 ChIP-Seq",,,
R1881,HSD3B2,prostate,"PIAS1 + R1881 | FOXA1 ChIP-Seq - Rep 2, PIAS1 + R1881 | FOXA1 ChIP-Seq - Rep 1, CON KD + R1881 | FOXA1 ChIP-Seq - Rep 1, R1881 | FOXA1 ChIP-Seq - Rep 1, CON KD + R1881 | FOXA1 ChIP-Seq - Rep 2",,,
PIAS1,HSD3B2,prostate,"PIAS1 + R1881 | FOXA1 ChIP-Seq - Rep 2, PIAS1 + R1881 | FOXA1 ChIP-Seq - Rep 1",,,
CTCF,HSD3B2,stemcells,"CTCF IP - H1 cells , CTCF IP - H1 cells",,,
FOXA2,HSD3B2,stemcells,"FOXA2 IP - ES D2, FOXA2 IP - Rep 5 , FOXA2 IP - Rep 1 ",,,
EOMES,HSD3B2,stemcells,"EOMES IP - Rep 2 , EOMES IP - Rep 3 ",,,
CEBPB,HSD3B2,stemcells,"CEBPB IP, CEBPB IP, CEBPB IP",,,
CREB1,HSD3B2,prostate,"CREB1 siRNA | FOXA1 ChIP-Seq - Rep 1, CREB1 siRNA | FOXA1 ChIP-Seq - Rep 2",,,
CTCF,HSD3B2,skin,"CTCF IP - GM12878 cells, Rep 2 ",,,
CTCF,HSD3B2,kidney,"CTCF IP - HEK293 cells, Rep 1 ",,,
CTCF,HSD3B2,mammarygland,"CTCF IP - HMEC cells, Rep 2 , CTCF IP - HMEC cells, Rep 1 ",,,
FOXH1,HSD3B2,embryonictissue,FOXH1 IP - endoderm,,,
FOXA2,HSD3B2,embryonictissue,"FOXA2 IP - Rep 1, FOXA2 IP - Rep 2",,,
FOXA1,HSD3B2,stemcells,"FOXA1 IP - Rep 5 , FOXA1 IP - Rep 1 ",,,
SPI1,HSD3B2,leukocytes,SPI1 IP - HL cells,,,
CTCF,HSD3B2,leukocytes,"CTCF IP - GM19239 cells, Rep 1 , CTCF IP - GM19239 cells, Rep 2 , CTCF IP - GM19240 cells, Rep 2 , CTCF IP - GM19240 cells, Rep 1 , CTCF IP - GM12865 cells, Rep 2 ",,,
MAFF,HSD3B2,liver,MAFF IP - HepG2 cells,,,
DHT,HSD3B2,prostate,DHT | FOXA1 ChIP-Seq,,,
MAFK,HSD3B2,liver,"MAFK IP - HepG2 cells, Rep 2",,,
CTCF,HSD3B2,miscellaneous,"CTCF IP - AG09319 cells, Rep 1 ",,,
CTCF,SRD5A1,leukocytes,"CTCF IP - K562 cells, Rep 11 , CTCF IP - GM12890 cells, Rep 1 , CTCF IP - GM2255 cells, Rep 2 , CTCF IP - GM18486 cells, Rep 3 , CTCF IP - MS1 cells, Rep 3 , CTCF IP - GM2630 cells, Rep 2 , CTCF IP - MS1 cells, Rep 4 , CTCF IP - GM12891 cells, Rep 1 , CTCF IP - GM18486 cells, Rep 1 , CTCF IP - GM2588 cells, Rep 2 , CTCF IP - GM2255 cells, Rep 3 , CTCF IP - GM19238 cells, Rep 2 , CTCF IP - K562 cells, Rep 14 , CTCF IP - GM12892 cells, Rep 2 , CTCF IP - GM2588 cells, Rep 1 , CTCF IP - K562 cells, Rep 16 , CTCF IP - GM19239 cells, Rep 1 , CTCF IP - GM12878 cells, Rep 1 , CTCF IP - GM19099 cells, Rep 2 , CTCF IP - GM2255 cells, Rep 1 , CTCF IP - K562 cells, CTCF IP - GM12878 cells, Rep 2 , CTCF IP - GM19240 cells, Rep 2 , CTCF IP - K562 cells, Rep 15 , CTCF IP - GM19238 cells, Rep 1 , CTCF IP - GM2610 cells, Rep 2 , CTCF ChIP-Seq - GM12878, CTCF IP - GM2610 cells, Rep 1 , CTCF IP - GM2588 cells, Rep 3 , CTCF IP - Â DND , CTCF IP - K562 cells, Rep 12 , CTCF IP - GM12890 cells, Rep 3 , CTCF IP, CTCF IP - GM12892 cells, Rep 1 , CTCF IP - GM2630 cells, Rep 1 , CTCF IP - GM19240 cells, Rep 1 , CTCF IP - MS1 cells, Rep 2 , CTCF IP - GM2630 cells, Rep 3 , CTCF IP - GM2610 cells, Rep 3 , CTCF IP - GM12891 cells, Rep 2 ",,,
GABPA,SRD5A1,leukocytes,"GABPA IP - Jurkat, Rep 1, GABPA IP - GM12878 cells, Rep 4 , GABPA IP - GM12878 cells, Rep 5 , GABPA IP - Jurkat, Rep 2, GABPA IP - GM12878 cells, GABPA IP - GM12878 cells, Rep 3 , GABPA IP - GM12878 cells, Rep 1 , GABPA IP - HL cells, GABPA IP - K562 cells, GABPA IP - GM12878 cells, Rep 2 ",,,
JUN,SRD5A1,leukocytes,"JUN IP | IFNA1-13 - 30 min , JUN IP - K562 cells, Rep 1, JUN IP - K562 cells, Rep 2",,,
IFNA1,SRD5A1,leukocytes,"JUN IP | IFNA1-13 - 30 min , IRF1 IP | IFNA1-13 - K562 cells, 6 h, MYC IP | IFNA1 - K562 cells, 30 min, MYC IP | IFNA1 - K562 cells, 6 h",,,
MXI1,SRD5A1,stemcells,MXI1 IP - H1 cells,,,
MXI1,SRD5A1,lung,MXI1 IP - IMR cells,,,
ELF1,SRD5A1,cns,ELF1 IP - SK-N-SH cells,,,
MAX,SRD5A1,vasculature,MAX IP - HUVEC cells,,,
JUND,SRD5A1,leukocytes,JUND IP - K562 cells,,,
ETS1,SRD5A1,lung,ETS1 IP - A549 cells,,,
CTCF,SRD5A1,lung,"CTCF IP - NHLF cells , CTCF IP - SAEC cells, Rep 1 , CTCF IP - SAEC cells, Rep 2 , CTCF IP - HPF cells, Rep 1 , CTCF IP - IMR cells",,,
EBF1,SRD5A1,leukocytes,"EBF1 IP - GM12878 cells, EBF1 IP - GM12878 cells",,,
IRF1,SRD5A1,pancreas,IRF1 IP,,,
CREB1,SRD5A1,prostate,"FOXA1 siRNA | CREB1 ChIP-Seq - Rep 2, CREB1 siRNA | FOXA1 ChIP-Seq - Rep 2, CREB1 siRNA | FOXA1 ChIP-Seq - Rep 1, FOXA1 siRNA | CREB1 ChIP-Seq - Rep 1, CREB1 ChIP-Seq - LNCaP, CREB1 ChIP-Seq - Rep 2, CREB1 ChIP-Seq - LNCaP-abl",,,
FOXA1,SRD5A1,prostate,"FOXA1 siRNA | CREB1 ChIP-Seq - Rep 2, PIAS1 + R1881 | FOXA1 ChIP-Seq - Rep 1, WT AR OE + FOXA1 OE | FOXA1 ChIP-Seq - high FOXA1, FOXA1 ChIP-Seq, EtOH | FOXA1 ChIP-Seq - Rep 2, AR C562S OE + FOXA1 OE | FOXA1 ChIP-Seq, CREB1 siRNA | FOXA1 ChIP-Seq - Rep 2, CON KD + R1881 |Â FOXA1 ChIP-Seq, R1881 | FOXA1 ChIP-Seq - Rep 1, FOXA1 ChIP-Seq, GATA2 KD  |Â FOXA1 ChIP-Seq, FOXA1 ChIP-Seq, CON KD  |Â FOXA1 ChIP-Seq, FOXA1 ChIP-Seq - Rep 1, CON KD |Â FOXA1 ChIP-Seq, WT AR OE + FOXA1 OE | FOXA1 ChIP-Seq, CON KD + R1881 | FOXA1 ChIP-Seq - Rep 1, FOXA1 ChIP-Seq - Rep 2, CREB1 siRNA | FOXA1 ChIP-Seq - Rep 1, EtOH | FOXA1 ChIP-Seq - , FOXA1 siRNA | CREB1 ChIP-Seq - Rep 1, DHT | FOXA1 ChIP-Seq, AR Q640X OE + FOXA1 OE | FOXA1 ChIP-Seq, R1881 | FOXA1 ChIP-Seq - Rep 2, FOXA1 ChIP-Seq - LNCaP-abl, DHT | FOXA1 ChIP-Seq, CON KD + R1881 | FOXA1 ChIP-Seq - Rep 2, GATA2 KD + R1881 |Â FOXA1 ChIP-Seq, PIAS1 + R1881 | FOXA1 ChIP-Seq - Rep 2",,,
FOXA2,SRD5A1,stemcells,FOXA2 IP - ES D5,,,
CTCF,SRD5A1,cns,"CTCF IP - HCPEpiC cells, Rep 1 , CTCF IP - HCPEpiC cells, Rep 2 , CTCF IP - cerebellar astrocyte cells, Rep 2 ",,,
SP1,SRD5A1,stemcells,SP1 IP - H1 cells,,,
R1881,SRD5A1,prostate,"PIAS1 + R1881 | FOXA1 ChIP-Seq - Rep 1, CON KD + R1881 |Â FOXA1 ChIP-Seq, R1881 | FOXA1 ChIP-Seq - Rep 1, GABPA IP | R1881, ERG IP | R1881, CON KD + R1881 | FOXA1 ChIP-Seq - Rep 1, R1881 | FOXA1 ChIP-Seq - Rep 2, CON KD + R1881 | FOXA1 ChIP-Seq - Rep 2, GATA2 KD + R1881 |Â FOXA1 ChIP-Seq, PIAS1 + R1881 | FOXA1 ChIP-Seq - Rep 2",,,
PIAS1,SRD5A1,prostate,"PIAS1 + R1881 | FOXA1 ChIP-Seq - Rep 1, PIAS1 + R1881 | FOXA1 ChIP-Seq - Rep 2",,,
CTCF,SRD5A1,sensory,"CTCF IP - HRPEpiC cells, Rep 1 ",,,
RELA,SRD5A1,leukocytes,"RELA IP | TNF - GM12878 cells, RELA IP | TNF - GM19193 cells, RELA IP | TNF - GM12892 cells, RELA IP | TNF - GM19099 cells, RELA IP | BAY082  - IVD Th1 cells, PIA, RELA IP | TNF - GM15510 cells, RELA IP | TNF - GM10847 cells, RELA IP | TNF - GM12891 cells, RELA IP | TNF - GM18951 cells, RELA IP | TNF - GM18505 cells",,,
TNF,SRD5A1,leukocytes,"RELA IP | TNF - GM12878 cells, RELA IP | TNF - GM19193 cells, RELA IP | TNF - GM12892 cells, RELA IP | TNF - GM15510 cells, RELA IP | TNF - GM10847 cells, RELA IP | TNF - GM12891 cells, RELA IP | TNF - GM18951 cells, RELA IP | TNF - GM18505 cells",,,
USF1,SRD5A1,cns,"USF1 IP - SK-N-SH cells, USF1 IP | ATRA - SK-N-SH cells",,,
ATF3,SRD5A1,colon,"ATF3 IP, ATF3 IP | CAMPTO",,,
SRF,SRD5A1,uterus,SRF IP - ECC1 cells,,,
IRF1,SRD5A1,leukocytes,"IRF1 IP | IFNA1-13 - K562 cells, 6 h, IRF1 IP | IFNG - K562 cells, 30 min, IRF1 IP | IFNG - K562 cells, 6 h",,,
E2F1,SRD5A1,mammarygland,"E2F1 IP, E2F1 IP - MCF7 cells",,,
STAT3,SRD5A1,stemcells,"STAT3 IP - Rep 2 , STAT3 IP - Rep 3 , STAT3 IP - Rep 1 ",,,
ATF2,SRD5A1,leukocytes,ATF2 IP - GM12878 cells,,,
KLF11,SRD5A1,adiposetissue,"ROSI (BrAT) | KLF11 ChIP-Seq, Rep 2, KLF11 ChIP-Seq, Rep 2, ROSI (BrAT) | KLF11 ChIP-Seq, Rep 1, KLF11 ChIP-Seq, Rep 1",,,
ROSI,SRD5A1,adiposetissue,"ROSI (BrAT) | KLF11 ChIP-Seq, Rep 2, ROSI (BrAT) | KLF11 ChIP-Seq, Rep 1",,,
FOXA1,SRD5A1,mammarygland,"FOXA1 ChIP-Seq - Rep 2, 17BE2 | FOXA1 ChIP-Seq - Rep 2, FOXA1 ChIP-Seq - Rep 1, 17BE2 | FOXA1 ChIP-Seq - Rep 2, DHT | FOXA1 ChIP-Seq, DEX | FOXA1 ChIP-Seq - Rep 2, DEX | FOXA1 ChIP-Seq - Rep 1, FOXA1 ChIP-Seq - Rep 1, DEX | FOXA1 ChIP-Seq - Rep 2",,,
ETS1,SRD5A1,leukocytes,"ETS1 IP - K562 cells, ETS1 IP - GM12878 cells, ETS1 IP",,,
REST,SRD5A1,leukocytes,"REST IP - HL60 cells, REST IP - K562 cells",,,
MAX,SRD5A1,leukocytes,"MAX IP - GM12878 cells, MAX IP - K562 cells, MAX IP - NB4 cells, MAX IP - K562 cells, Rep 2, MAX IP - K562 cells, Rep 1",,,
SPI1,SRD5A1,leukocytes,"SPI1 IP, SPI1 IP - HL cells, SPI1 IP, SPI1 IP - GM12878 cells, Rep 3 , SPI1 IP, SPI1 IP - GM12878 cells, Rep 2 , SPI1 IP, SPI1 IP - K562 cells, SPI1 IP, SPI1 IP, SPI1 IP - GM12878 cells, SPI1 IP - GM12878 cells, Rep 4 , SPI1 IP - GM12891 cells, SPI1 IP",,,
17BE2,SRD5A1,mammarygland,"17BE2 | FOXA1 ChIP-Seq - Rep 2, 17BE2 | FOXA1 ChIP-Seq - Rep 2",,,
AR,SRD5A1,prostate,"WT AR OE + FOXA1 OE | FOXA1 ChIP-Seq - high FOXA1, AR C562S OE + FOXA1 OE | FOXA1 ChIP-Seq, WT AR OE + FOXA1 OE | FOXA1 ChIP-Seq, AR Q640X OE + FOXA1 OE | FOXA1 ChIP-Seq",19668381,,
USF1,SRD5A1,lung,"USF1 IP - A549 cells, Rep 2, USF1 IP - A549 cells, Rep 1, USF1 IP | DEX - A549 cells",,,
GABPA,SRD5A1,lung,GABPA IP - A549 cells,,,
RUNX1,SRD5A1,leukocytes,"RUNX1 IP - Rep 2, RUNX1 IP, RUNX1 IP",,,
MYC,SRD5A1,leukocytes,"MYC IP - K562 cells, Rep 2, MYC IP | IFNA1 - K562 cells, 30 min, MYC IP - NB4 cells, MYC IP - K562 cells, Rep 1, MYC IP | IFNG - K562 cells, 6 h, MYC IP | IFNG - K562 cells, 30 min, MYC IP | IFNA1 - K562 cells, 6 h",,,
E2F1,SRD5A1,uterus,"E2F1 IP - HeLa cells, Rep 2, E2F1 IP - HeLa cells, Rep 1",,,
ERG,SRD5A1,prostate,"JQI | ERG ChIP-Seq - Rep 1, DMSO | ERG ChIP-Seq - Rep 2, ERG ChIP-Seq, ERG IP | R1881, DMSO | ERG ChIP-Seq - Rep 1, JQI | ERG ChIP-Seq - Rep 2, DHT | ERG ChIP-Seq - 18 h, ERG ChIP-Seq, DHT | ERG ChIP-Seq - 2 h",,,
JQ1,SRD5A1,prostate,"JQI | ERG ChIP-Seq - Rep 1, JQI | ERG ChIP-Seq - Rep 2",,,
STAT3,SRD5A1,mammarygland,"STAT3 IP | 4HT - MCF10 cells, 12 h, STAT3 IP | 4HT - MCF10 cells, 36 h, STAT3 IP - MCF10A cells, Rep 2",,,
4HT,SRD5A1,mammarygland,"STAT3 IP | 4HT - MCF10 cells, 12 h, E2F4 IP | 4HT - MCF10 cells, FOS IP | 4HT - MCF10A cells, 36 h, MYC IP | 4HT - MCF10A cells, STAT3 IP | 4HT - MCF10 cells, 36 h, FOS IP | 4HT - MCF10A cells, 12 h, FOS IP | 4HT - MCF10A cells, 4 h",,,
MAFK,SRD5A1,leukocytes,"MAFK IP - GM12878 cells, MAFK IP - K562 cells",,,
SP1,SRD5A1,lung,SP1 IP - A549 cells,,,
CEBPB,SRD5A1,leukocytes,CEBPB IP,,,
MAX,SRD5A1,cns,MAX IP - SK-N-SH cells,,,
USF2,SRD5A1,stemcells,USF2 IP - H1 cells,,,
CTCF,SRD5A1,skin,"CTCF IP - GM12878 cells, Rep 2 , CTCF IP - AG04449 cells, Rep 1 , CTCF IP - AG10803 cells, Rep 2 , CTCF IP - AG04449 cells, Rep 2 , CTCF IP - BJ cells, Rep 1 , CTCF IP - NHEK cells ",,,
EGR1,SRD5A1,stemcells,EGR1 IP - H1 cells,,,
JUN,SRD5A1,mammarygland,JUN IP - Rep 2,,,
TP53,SRD5A1,mammarygland,"TP53 IP, TP53 IP | NUTL3 - MCF-7",,,
JUND,SRD5A1,lung,JUND IP - A549 cells,,,
STAT1,SRD5A1,leukocytes,"STAT1 IP | IFNG - K562 cells, 6 h, STAT1 IP - Rep 5, STAT1 IP - Rep 4, STAT1 IP - Rep 3, STAT1 IP - Rep 2",,,
IFNG,SRD5A1,leukocytes,"STAT1 IP | IFNG - K562 cells, 6 h, IRF1 IP | IFNG - K562 cells, 30 min, IRF1 IP | IFNG - K562 cells, 6 h, STAT1 IP - Rep 5, MYC IP | IFNG - K562 cells, 6 h, STAT1 IP - Rep 4, STAT1 IP - Rep 3, MYC IP | IFNG - K562 cells, 30 min, STAT1 IP - Rep 2",,,
JUND,SRD5A1,vasculature,JUND IP,,,
BHLHE40,SRD5A1,leukocytes,"BHLHE40 IP - K562 cells, BHLHE40 IP - GM12878 cells",,,
RUNX1,SRD5A1,hspcs,RUNX1,,,
IRF4,SRD5A1,leukocytes,IRF4 IP,,,
YY1,SRD5A1,leukocytes,"YY1 IP - GM12892 cells, Rep 1, YY1 IP - K562 cells, Rep 2, YY1 IP - GM12878 cells, YY1 IP - GM12891 cells, YY1 IP - K562 cells, Rep 1",,,
GATA2,SRD5A1,prostate,"CON KD |Â GATA2 ChIP-Seq, GATA2 ChIP-Seq - Rep 1, GATA2 KD  |Â FOXA1 ChIP-Seq, CON KD  |Â GATA2 ChIP-Seq, GATA2 KD + R1881 |Â FOXA1 ChIP-Seq, GATA2 ChIP-Seq - Rep 2, GATA2 ChIP-Seq",,,
MYC,SRD5A1,stemcells,"MYC IP - Rep 2 , MYC IP - H1 cells",,,
ATF3,SRD5A1,leukocytes,"ATF3 IP - K562 cells, ATF3 IP - GM12878 cells",,,
RELA,SRD5A1,adiposetissue,"RELA IP, RELA IP",,,
BACH1,SRD5A1,stemcells,BACH1 IP - H1 cells,,,
MYB,SRD5A1,leukocytes,"MYB IP - Jurkat, Rep 2, MYB IP - Jurkat, Rep 1, MYB IP - Jurkat, Rep 3, MYB IP - Jurkat, Rep 5, MYB IP - MOLT3, MYB IP - Jurkat, Rep 4",,,
ZKSCAN1,SRD5A1,uterus,ZKSCAN1 IP - HeLa cells,,,
E2F1,SRD5A1,prostate,"E2F1 ChIP-Seq - Rep 1, HES6 OE + BICALU | E2F1 ChIP-Seq - Rep 3, BICALU | E2F1 ChIP-Seq - Rep 1, BICALU | E2F1 ChIP-Seq - Rep 2, BICALU | E2F1 ChIP-Seq - Rep 3, HES6 OE | E2F1 ChIP-Seq - Rep 3, E2F1 ChIP-Seq - Rep 3, HES6 OE | E2F1 ChIP-Seq - Rep 1, E2F1 ChIP-Seq - Rep 4",,,
ELK4,SRD5A1,uterus,"ELK4 IP - HeLa, Rep 1, ELK4 IP - HeLa cells, ELK4 IP - HeLa, Rep 2",,,
PAX5,SRD5A1,leukocytes,"PAX5 IP - GM12878 cells, Rep 2, PAX5 IP - GM12892 cells, PAX5 IP - GM12878 cells, Rep 1",,,
E2F4,SRD5A1,mammarygland,E2F4 IP | 4HT - MCF10 cells,,,
JUND,SRD5A1,colon,JUND IP - HCT116 cells,,,
IRF1,SRD5A1,colon,IRF1 IP ,,,
GABPA,SRD5A1,prostate,"GABPA IP - Rep 1, GABPA IP | R1881, GABPA IP - Rep 2",,,
MXI1,SRD5A1,leukocytes,"MXI1 IP - K562 cells, MXI1 IP - GM12878 cells",,,
BICALU,SRD5A1,prostate,"HES6 OE + BICALU | E2F1 ChIP-Seq - Rep 3, BICALU | E2F1 ChIP-Seq - Rep 1, BICALU | E2F1 ChIP-Seq - Rep 2, BICALU | E2F1 ChIP-Seq - Rep 3",,,
HES6,SRD5A1,prostate,"HES6 OE + BICALU | E2F1 ChIP-Seq - Rep 3, HES6 OE | E2F1 ChIP-Seq - Rep 3, HES6 OE | E2F1 ChIP-Seq - Rep 1",,,
ELF1,SRD5A1,lung,ELF1 IP - A549 cells,,,
SREBF1,SRD5A1,leukocytes,SREBF1 IP - GM12878 cells,,,
YY1,SRD5A1,liver,YY1 IP - HepG2 cells,,,
FOXM1,SRD5A1,mammarygland,FOXM1 IP | THSP - DS006,,,
ARNTL,SRD5A1,bone,ARNTL IP,,,
CREB1,SRD5A1,lung,CREB1 IP | DEX - A549 cells,,,
DEX,SRD5A1,lung,"CREB1 IP | DEX - A549 cells, USF1 IP | DEX - A549 cells",,,
STAT3,SRD5A1,leukocytes,"STAT3 IP - U-2932, STAT3 IP - SU-DHL-6, STAT3 IP - OCI-LY7, STAT3 IP - SU-DHL-4",,,
FOS,SRD5A1,mammarygland,"FOS IP | 4HT - MCF10A cells, 36 h, FOS IP - MCF10A cells, FOS IP | 4HT - MCF10A cells, 12 h, FOS IP | 4HT - MCF10A cells, 4 h",,,
CREB1,SRD5A1,liver,"CREB1 IP - HepG2 cells, CREB1 IP, CREB1 IP",,,
MAZ,SRD5A1,lung,MAZ IP - IMR cells,,,
TBP,SRD5A1,leukocytes,"TBP IP - GM12878 cells, TBP IP - K562 cells",,,
MYC,SRD5A1,lung,MYC IP - A549 cells,,,
TCF7L2,SRD5A1,mammarygland,TCF7L2 ChIP-Seq,,,
USF1,SRD5A1,uterus,USF1 IP - ECC1 cells,,,
GABPA,SRD5A1,liver,"GABPA IP, GABPA IP - MCF7 cells, GABPA IP - HepG2 cells, GABPA IP, GABPA IP",,,
SP1,SRD5A1,leukocytes,SP1 IP - GM12878 cells,,,
STAT1,SRD5A1,uterus,"STAT1 IP | IFNG - HeLa cells, 30 min",,,
IFNG,SRD5A1,uterus,"STAT1 IP | IFNG - HeLa cells, 30 min",,,
MYC,SRD5A1,bone,"MYC IP, MYC IP, MYC IP, MYC IP",,,
ELF1,SRD5A1,mammarygland,ELF1 IP - MCF7 cells,,,
HEY1,SRD5A1,liver,HEY1 IP - HepG2 cells,,,
CEBPB,SRD5A1,uterus,CEBPB ChIP-Seq - HeLaS3,,,
MAX,SRD5A1,uterus,"MAX IP - ECC1 cells, MAX IP - HeLa cells, Rep 2, MAX IP - HeLa cells, Rep 1",,,
CEBPA,SRD5A1,leukocytes,CEBPA IP,,,
MAFF,SRD5A1,leukocytes,MAFF IP - K562 cells,,,
MAFK,SRD5A1,liver,"MAFK IP - HepG2 cells, Rep 2, MAFK IP - HepG2 cells, Rep 1",,,
SIX5,SRD5A1,lung,SIX5 IP | DEX - A549 cells,,,
CTCF,SRD5A1,mammarygland,"CTCF IP - HMF cells, Rep 1 , CTCF IP - HMEC cells, Rep 1 , CTCF IP - MCF-7 cells, Rep 1 ",,,
KLF5,SRD5A1,stomach,KLF5 IP - KATOIII,,,
HEY1,SRD5A1,leukocytes,HEY1 IP - K562 cells,,,
ELF1,SRD5A1,leukocytes,"ELF1 IP - SK-N-SH cells, ELF1 IP - SK-N-SH cells",,,
NFKB1,SRD5A1,leukocytes,NFKB1 IP - Rep 2,,,
GATA2,SRD5A1,hspcs,GATA2 IP,,,
MAX,SRD5A1,colon,MAX IP - HCT116 cells,,,
CTCF,SRD5A1,vasculature,"CTCF IP - HUVEC cells, Rep 1 , CTCF IP - HBMEC cells, Rep 1 , CTCF IP - HPAF cells, Rep 1 , CTCF IP - HPAF cells, Rep 2 ",,,
SRF,SRD5A1,leukocytes,SRF IP - SK-N-SH cells,,,
MAFK,SRD5A1,lung,MAFK IP - IMR cells,,,
TBP,SRD5A1,stemcells,TBP IP - H1 cells,,,
TP53,SRD5A1,lung,"TP53 IP - propapoptic, Rep 1",,,
TFAP4,SRD5A1,leukocytes,"TFAP4 IP - Rep 1, TFAP4 IP - Rep 2",,,
REST,SRD5A1,liver,"REST IP - HepG2 cells, Rep 2, REST IP - HepG2 cells, Rep 1",,,
ELK4,SRD5A1,kidney,ELK4 IP - HEK293 cells,,,
STAT5B,SRD5A1,leukocytes,"STAT5B IP | IL2 - Rep 2, STAT5B IP | H9, Rep 2",,,
IL2,SRD5A1,leukocytes,STAT5B IP | IL2 - Rep 2,,,
YY1,SRD5A1,uterus,YY1 IP - ECC1 cells,,,
MAX,SRD5A1,liver,"MAX IP - MCF7 cells, MAX IP - HepG2 cells, MAX IP - HepG2 cells",,,
CEBPB,SRD5A1,stemcells,"CEBPB IP, CEBPB IP, CEBPB IP",,,
CREB1,SRD5A1,leukocytes,CREB1 IP - GM12878 cells,,,
GABPA,SRD5A1,stemcells,GABPA IP - H1 cells,,,
MAZ,SRD5A1,leukocytes,"MAZ IP - GM12878 cells, MAZ IP - K562 cells",,,
MXI1,SRD5A1,liver,MXI1 IP - HepG2 cells,,,
MYC,SRD5A1,mammarygland,"MYC IP | 4HT - MCF10A cells, MYC IP, MYC IP - MCF-10A cells, DHT | MYC ChIP-Seq",,,
USF2,SRD5A1,leukocytes,"USF2 IP - K562 cells, USF2 IP - GM12878 cells",,,
OTX2,SRD5A1,stemcells,OTX2 IP - Rep 10 ,,,
SATB1,SRD5A1,liver,SATB1 IP,,,
JUND,SRD5A1,liver,JUND IP - HepG2 cells,,,
E2F6,SRD5A1,lung,E2F6 IP - A549 cells,,,
CTCF,SRD5A1,adiposetissue,CTCF ChIP-Seq - d 9,,,
YY1,SRD5A1,cns,"YY1 IP | ATRA - SK-N-SH cells, YY1 IP - SK-N-SH cells",,,
ATRA,SRD5A1,cns,"YY1 IP | ATRA - SK-N-SH cells, USF1 IP | ATRA - SK-N-SH cells",,,
REST,SRD5A1,cns,"REST IP - PFSK1 cells, Rep 2, REST IP - U87 cells, REST IP - SK cells, REST IP - PFSK-N-SH cells1 cells, Rep 1, REST IP - SK-N-SH cells",,,
ZNF143,SRD5A1,leukocytes,ZNF143 IP - GM12878 cells,,,
E2F6,SRD5A1,uterus,E2F6 IP - HeLa cells,,,
PBX3,SRD5A1,cns,PBX3 IP - SK-N-SH cells,,,
EGR1,SRD5A1,colon,EGR1 IP - HCT116 cells,,,
E2F6,SRD5A1,leukocytes,"E2F6 IP - K562 cells, E2F6 IP - K562 cells",,,
MAZ,SRD5A1,uterus,MAZ IP - HeLa cells,,,
DHT,SRD5A1,mammarygland,"DHT | FOXA1 ChIP-Seq, DHT | MYC ChIP-Seq",,,
RBPJ,SRD5A1,leukocytes,RBPJ IP | COMPE - wash,,,
COMPE,SRD5A1,leukocytes,RBPJ IP | COMPE - wash,,,
KLF5,SRD5A1,pancreas,KLF5 IP,,,
DEX,SRD5A1,mammarygland,"DEX | FOXA1 ChIP-Seq - Rep 2, DEX | FOXA1 ChIP-Seq - Rep 1, DEX | FOXA1 ChIP-Seq - Rep 2",,,
GATA3,SRD5A1,mammarygland,GATA3 IP - T47D cells,,,
ZBTB7A,SRD5A1,uterus,ZBTB7A IP - ECC1 cells,,,
TBP,SRD5A1,liver,TBP IP - HepG2 cells,,,
ETV5,SRD5A1,colon,ETV5 IP ,,,
MAFK,SRD5A1,uterus,MAFK IP - HeLa cells,,,
BCL3,SRD5A1,lung,BCL3 IP - A549 cells,,,
E2F6,SRD5A1,stemcells,E2F6 IP - H1 cells,,,
BAY082,SRD5A1,leukocytes,"RELA IP | BAY082  - IVD Th1 cells, PIA",,,
JUN,SRD5A1,vasculature,JUN IP - HUVEC cells,,,
TCF12,SRD5A1,cns,TCF12 IP - SK-N-SH cells,,,
USF1,SRD5A1,leukocytes,"USF1 IP - K562 cells, USF1 IP - GM12878 cells",,,
GATA4,SRD5A1,stomach,GATA4 IP - AGS,,,
FOXA1,SRD5A1,liver,"FOXA1 IP - HepG2 cells, Rep 1, FOXA1 IP - HepG2 cells, Rep 2",,,
STAT5A,SRD5A1,leukocytes,STAT5A IP - GM12878 cells,,,
RUNX1,SRD5A1,prostate,DHT | RUNX1 ChIP-Seq,,,
DHT,SRD5A1,prostate,"DHT | RUNX1 ChIP-Seq, DHT | FOXA1 ChIP-Seq, DHT | FOXA1 ChIP-Seq, DHT | ERG ChIP-Seq - 18 h, DHT | ERG ChIP-Seq - 2 h",,,
CTCF,SRD5A1,uterus,CTCF IP - HeLa cells ,,,
TCF12,SRD5A1,uterus,TCF12 IP - ECC1 cells,,,
TCF12,SRD5A1,leukocytes,TCF12 IP - GM12878 cells,,,
CTCF,SRD5A1,bone,CTCF IP - Osteoblasts ,,,
GATA4,SRD5A1,stemcells,GATA4 IP - Rep 9 ,,,
BCL3,SRD5A1,leukocytes,BCL3 IP - GM12878 cells,,,
GTF2B,SRD5A1,uterus,"GTF2B IP - DTT, Rep 1, GTF2B IP - Rep 2, GTF2B IP - Rep 3",,,
TBP,SRD5A1,uterus,TBP IP - HeLa cells,,,
ATF3,SRD5A1,liver,ATF3 IP - HepG2 cells,,,
ATF3,SRD5A1,lung,ATF3 IP - A549 cells,,,
MXI1,SRD5A1,uterus,MXI1 IP - HeLa cells,,,
MAFF,SRD5A1,liver,MAFF IP - HepG2 cells,,,
HOXA4,SRD5A1,colon,HOXA4 IP ,,,
ZBTB7A,SRD5A1,leukocytes,ZBTB7A IP - SK-N-SH cells,,,
GABPA,SRD5A1,uterus,GABPA IP - HeLa cells,,,
EGR1,SRD5A1,liver,EGR1 IP - MCF7 cells,,,
SP1,SRD5A1,colon,SP1 IP - HCT116 cells,,,
ELF3,SRD5A1,pancreas,ELF3 IP,,,
SRF,SRD5A1,colon,SRF IP - HCT116 cells,,,
MAX,SRD5A1,stemcells,"MAX IP - H1 cells, MAX IP - H1 cells",,,
ELK1,SRD5A1,leukocytes,"ELK1 IP - K562 cells, ELK1 IP - GM12878 cells",,,
REST,SRD5A1,lung,REST IP - A549 cells,,,
GATA3,SRD5A1,cns,GATA3 IP - SK-N-SH cells,,,
MYC,SRD5A1,uterus,MYC IP - HeLa cells,,,
EGR1,SRD5A1,leukocytes,EGR1 IP - K562 cells,,,
E2F3,SRD5A1,colon,E2F3 IP ,,,
MAZ,SRD5A1,liver,MAZ IP - HepG2 cells,,,
RUNX1T1,SRD5A1,leukocytes,RUNX1T1 IP,,,
ELK1,SRD5A1,uterus,"ELK1 IP - HeLa cells, ELK1 IP - HeLa",,,
REST,SRD5A1,pancreas,"REST IP - Panc1 cells, Rep 3",,,
MYC,SRD5A1,liver,MYC IP,,,
FOXA2,SRD5A1,liver,FOXA2 IP - HepG2 cells,,,
CTCF,SRD5A1,miscellaneous,"CTCF IP - AG09319 cells, Rep 1 , CTCF IP - AG09319 cells, Rep 2 ",,,
MYBL2,SRD5A1,liver,MYBL2 IP - HepG2 cells,,,
TP63,SRD5A1,skin,"TP63 IP, TP63 IP, TP63 IP",,,
GABPA,SRD5A1,cns,GABPA IP - SK-N-SH cells,,,
TEAD4,SRD5A1,leukocytes,TEAD4 IP - K562 cells,,,
FOXA2,SRD5A1,embryonictissue,FOXA2 IP - Rep 2,,,
RELA,SRD5A1,colon,RELA IP ,,,
USF1,SRD5A1,colon,USF1 IP - HCT116 cells,,,
E2F4,SRD5A1,leukocytes,E2F4 IP - K562 cells,,,
USF2,SRD5A1,uterus,USF2 IP - HeLa cells,,,
SRF,SRD5A1,mammarygland,SRF IP - MCF7 cells,,,
USF1,SRD5A1,liver,USF1 IP - HepG2 cells,,,
HIF1A,SRD5A1,bone,HIF1A IP,,,
CTCF,SRD5A1,kidney,"CTCF IP - RPTEC cells, Rep 2 ",,,
EGR1,SRD5A1,uterus,EGR1 IP - ECC1 cells,,,
MAX,SRD5A1,lung,"MAX IP - A549 cells, MAX IP - A549 cells",,,
ELF1,SRD5A1,liver,ELF1 IP - HepG2 cells,,,
GLI2,SRD5A1,colon,GLI2 IP ,,,
FOXM1,SRD5A1,leukocytes,FOXM1 IP - GM12878 cells,,,
FOSL2,SRD5A1,liver,FOSL2 IP - HepG2 cells,,,
SOX9,SRD5A1,colon,SOX9 IP ,,,
JUN,SRD5A1,colon,JUN IP ,,,
TCF12,SRD5A1,lung,TCF12 IP - A549 cells,,,
SIX5,SRD5A1,leukocytes,SIX5 IP - GM12878 cells,,,
HMGN3,SRD5A1,leukocytes,HMGN3 IP - K562 cells,,,
POU2F2,SRD5A1,leukocytes,POU2F2 IP - GM12878 cells,,,
H9,SRD5A1,leukocytes,"STAT5B IP | H9, Rep 2",,,
MEF2A,SRD5A1,leukocytes,MEF2A IP - GM12878 cells,,,
USF1,SRD5A1,stemcells,USF1 IP - H1 cells,,,
CTCF,SRD5A1,heart,CTCF IP - HCF cells ,,,
THAP1,SRD5A1,leukocytes,THAP1 IP - K562 cells,,,
CTCF,SRD5A1,hspcs,"CTCF IP - Erythroid cells, Rep 1",,,
MXI1,SRD5A1,cns,MXI1 IP - SK-N-SH cells ,,,
ELF1,SRD5A1,colon,ELF1 IP - HCT116 cells,,,
CREB1,SRD5A1,stemcells,CREB1 IP - H1 cells,,,
TAL1,SRD5A1,colon,TAL1 IP ,,,
ZNF274,SRD5A1,leukocytes,"ZNF274 IP - K562 cells, Rep 1",,,
CEBPB,SRD5A1,colon,CEBPB IP - HCT116 cells,,,
USF2,SRD5A1,liver,USF2 IP - HepG2 cells,,,
GTF2F1,SRD5A1,uterus,GTF2F1 IP - HeLa cells,,,
FOSL1,SRD5A1,colon,FOSL1 IP - HCT116 cells,,,
CTCF,SRD5A1,esophagus,"CTCF IP - HEEpiC cells, Rep 1 ",,,
CTCF,SRD5A1,skeletalmuscle,"CTCF IP - HSMM cells, Rep 2 ",,,
GATA6,CYP11A1,ovary,,,15284005,15284005
FOXL2,CYP11A1,ovary,,,15284005,21862621
TEFB,CYP17A1,liver,,,33176151,
GATA6,CYP17A1,liver,,,15284005,
JUN,HSD3B2,uterus,,,19022561,
STAT6,HSD3B2,adrenalgland,,,15632317,
STAT6,HSD3B2,ovary,,,15632317,
STAT6,HSD3B2,placenta,,,15632317,
STAT6,HSD3B2,testis,,,15632317,
NR4A1,HSD3B2,uterus,,,19022561,
YY1,HSD3B2,adrenalgland,,,15291746,
YY1,HSD3B2,ovary,,,15291746,
YY1,HSD3B2,placenta,,,15291746,
YY1,HSD3B2,testis,,,15291746,
NR5A1,HSD3B2,liver,,,19022561,
NR5A2,HSD3B2,uterus,,,19022561,
FOS,HSD3B2,uterus,,,19022561,
NR5A2,CYP11B1,pancreas,,,11564608,
NR5A2,CYP11B1,adrenalgland,,,11564608,
NR5A2,CYP11B1,liver,,,11564608,11564608
APEX1,CYP11B2,adrenalgland,,,22652909,22652909
NR5A1,CYP11B2,adrenalgland,,,22652909,21169726
NFKB-P65,HSD11B2,colon,,,15659537,
PPRAD,HSD11B2,placenta,,,15591138,15591138
HNF4G,AKR1C4,liver,,,2044952,11284743
HNF4G,AKR1C4,lung,,,2044952,
HNF4G,AKR1C4,kidney,,,2044952,
HNF1A,AKR1C4,liver,,,2044952,11284743
HNF1A,AKR1C4,lung,,,2044952,
HNF1A,AKR1C4,kidney,,,2044952,
TWIST1,AKR1C2,stomach,,,19051271,19051271
TWIST2,AKR1C2,stomach,,,19051271,19051271
HNF4A,AKR1C4,liver,,19822575,2044952,11284743
HNF4A,AKR1C4,lung,,,2044952,
HNF4A,AKR1C4,kidney,,,2044952,
HNF1B,AKR1C4,liver,,,2044952,
HNF1B,AKR1C4,lung,,,2044952,
HNF1B,AKR1C4,kidney,,,2044952,
FOXL2,CYP19A1,ovary,,,21862621,21862621
NR5A1,CYP19A1,uterus,,,19022561,12213901
FOS,CYP19A1,uterus,,,19022561,
CREB1,CYP19A1,mammarygland,,,15955695,15955695
ESRRA,CYP19A1,mammarygland,,,15955695,15955695
NR5A2,CYP19A1,uterus,,,19022561,
NR4A1,CYP11A1,ovary,,,,20083153
NR5A1,CYP11A1,ovary,,,,23530236
NR5A1,CYP11A1,liver,,,,11057754
NR5A2,CYP11A1,liver,,,,19067654
SF1,CYP11A1,liver,,,,19477906
TFAP2A,CYP11A1,placenta,,,,10446912
TFCP2L1,CYP11A1,placenta,,,,18004979
UBP1,CYP11A1,placenta,,,,18004979
GRHL1,CYP11A1,placenta,,,,18004979
JUN,CYP11A1,liver,,,,11057754
NR4A1,CYP17A1,ovary,,,,20083153
NR5A1,CYP17A1,adrenalgland,,,,17786540
PIAS1,CYP17A1,adrenalgland,,,,21467194
SMAD3,CYP17A1,adrenalgland,,,,17786540
SP1,CYP17A1,ovary,,,,11379008
SP1,CYP17A1,adrenalgland,,,,11463853
SP3,CYP17A1,adrenalgland,,,,11463853
CREB1,CYP17A1,adrenalgland,,,,2543297
GATA4,CYP17A1,adrenalgland,,,,14988427
GATA4,CYP17A1,placenta,,,,14988427
GATA6,CYP17A1,ovary,,,,15284005
NFIC,CYP17A1,ovary,,,,14684846
NR0B1,CYP17A1,adrenalgland,,,,11592817
NR2F1,CYP17A1,adrenalgland,,,,11592817
AR,CYP7B1,prostate,,19668381,,16630558
SP1,CYP7B1,liver,,,,11470525
SP1,CYP7B1,fibroblasts,,,,11470525
SP1,CYP7B1,kidney,,,,11470525
ATF1,CYP11B1,adrenalgland,,,,11014212
ATF2,CYP11B1,adrenalgland,,,,11014212
CREB1,CYP11B1,adrenalgland,,,,11196473
NR5A1,CYP11B1,adrenalgland,,,,11014212
CREB1,CYP11B2,adrenalgland,,,,11196473
ATF1,CYP11B2,adrenalgland,,,,11196473
ATF2,CYP11B2,adrenalgland,,,,11196473
NF1,HSD11B2,colon,,,,17551100
NFIC,HSD11B2,colon,,,,17551100
NFKB1,HSD11B2,colon,,,,15659537
NR3C1,HSD11B2,colon,,,,17551100
RELA,HSD11B2,colon,,,,15659537
SP1,HSD11B2,colon,,,,17551100
HSF1,HSD17B6,uterus,,,,16278218
RARA,HSD17B2,placenta,,,,17538076
RARA,HSD17B2,uterus,,,,18270252
RXRA,HSD17B2,uterus,,,,18270252
RXRA,HSD17B2,placenta,,,,17538076
SP1,HSD17B2,uterus,,,,16807381
SP1,HSD17B2,placenta,,,,18270252
SP2,HSD17B2,uterus,,,,18270252
SP3,HSD17B2,uterus,,,,16807381;18270252
RARG,CYP19A1,mammarygland,,,,11973645
RELA,CYP19A1,ovary,,,,15459115
SP1,CYP19A1,bone,,,,15072557
STAT3,CYP19A1,bone,,,,15072557
USF1,CYP19A1,placenta,,,,12917334
USF2,CYP19A1,placenta,,,,12917334
WT1,CYP19A1,uterus,,,,12213901
BRCA1,CYP19A1,ovary,,,,21087664
BRCA1,CYP19A1,liver,,,,21087664
BRCA1,CYP19A1,mammarygland,,,,21087664
CEBPD,CYP19A1,uterus,,,,11994385
ESR1,CYP19A1,mammarygland,,,,12839940
ESRRA,CYP19A1,prostate,,,,20351196
JUN,CYP19A1,ovary,,,,16810058
NFKB1,CYP19A1,ovary,,,,15459115
NR0B1,CYP19A1,adrenalgland,,,,22427816
NR0B1,CYP19A1,uterus,,,,12213901
NR2F1,CYP19A1,mammarygland,,,,11973645
NR2F6,CYP19A1,mammarygland,,,,11973645
NR3C1,CYP19A1,mammarygland,,,,16740737
NR5A1,CYP19A1,ovary,,,,21087664
NR5A1,CYP19A1,liver,,,,21087664
NR5A1,CYP19A1,mammarygland,,,,21087664
NR5A2,CYP19A1,liver,,,,19067654
PGR,CYP19A1,mammarygland,,,,18483177
VDR,CYP19A1,leukocytes,,23401126,,
VDR,HSD17B2,leukocytes,,23401126,,
VDR,CYP19A1,blood,,23401126,,
VDR,HSD17B2,blood,,23401126,,
RELA,CYP19A1,lung,,24523406,,
RELA,AKR1C1,lung,,24523406,,
RELA,CYP7B1,lung,,24523406,,
RELA,HSD11B2,lung,,24523406,,
TP53,HSD17B3,colon,,16413492,,
TP53,AKR1D1,colon,,16413492,,
AR,HSD17B3,prostate,,19668381,,
SMAD4,AKR1C2,skin,,19686287,,
ESR2,AKR1C2,mammarygland,,21235772,,
WT1,HSD17B3,kidney,,25993318,,
WT1,HSD11B2,kidney,,25993318,,
WT1,AKR1D1,kidney,,25993318,,
WT1,CYP11A1,kidney,,25993318,,
NFE2L2,AKR1D1,leukocytes,,22581777,,
TP63,HSD17B3,prostate,,23658742,,
TP63,CYP21A2,prostate,,23658742,,
HNF4A,CYP19A1,liver,,19822575,,
HNF4A,CYP17A1,liver,,19822575,,
HNF4A,HSD17B2,liver,,19822575,,
HNF4A,AKR1C2,liver,,19822575,,
HNF4A,AKR1D1,liver,,19822575,,
MYC,CYP7B1,leukocytes,,18940864,,
MYC,CYP7B1,blood,,18940864,,
GATA1,CYP11A1,leukocytes,,19941826,,
GATA1,CYP11A1,blood,,19941826,,
PPARD,HSD17B6,prostate,,21283829,,
PPARD,CYP17A1,prostate,,21283829,,
PPARD,AKR1D1,prostate,,21283829,,
ELF5,CYP11B2,mammarygland,,23300383,,
TFAP2C,CYP19A1,mammarygland,,20629094,,
SALL4,CYP19A1,hspcs,,22934838,,
CUX1,AKR1C1,mammarygland,,19635798,,
CUX1,CYP21A2,mammarygland,,19635798,,
JUN,HSD17B2,hspcs,,21703547,,
JUN,HSD17B2,erythroidlineage,,21703547,,
POU3F2,AKR1C3,skin,,20337985,,
TFAP2A,HSD11B2,uterus,,17053090,,
FOXM1,AKR1D1,mammarygland,,26456572,,
FOXP1,HSD11B2,stemcells,,21924763,,
FOXP1,CYP11A1,stemcells,,21924763,,
GATA2,CYP11A1,erythroidlineage,,19941826,,
