TF,TargetGene,Tissue,Experiment,Chea,Signor,Trrust
CREB1,ACOT1,prostate,CREB1 ChIP-Seq - LNCaP-abl,,,
FOXA1,ACOT1,mammarygland,"FOXA1 IP | 17BE2 - T47D, 17BE2 | FOXA1 ChIP-Seq - Rep 1, DEX | FOXA1 ChIP-Seq - Rep 1, DHT | FOXA1 ChIP-Seq, FOXA1 IP - T47D cells, FOXA1 ChIP-Seq - Rep 2, 17BE2 | FOXA1 ChIP-Seq - Rep 1, 17BE2 | FOXA1 ChIP-Seq - Rep 2, 17BE2 | FOXA1 ChIP-Seq - Rep 2, DEX | FOXA1 ChIP-Seq - Rep 2, DEX | FOXA1 ChIP-Seq - Rep 2, 17BE2 | FOXA1 ChIP-Seq - Rep 2, FOXA1 ChIP-Seq - Rep 1, DEX | FOXA1 ChIP-Seq - Rep 1, 17BE2 | FOXA1 ChIP-Seq - Rep 1",,,
17BE2,ACOT1,mammarygland,"FOXA1 IP | 17BE2 - T47D, 17BE2 | FOXA1 ChIP-Seq - Rep 1, 17BE2 | FOXA1 ChIP-Seq - Rep 1, 17BE2 | FOXA1 ChIP-Seq - Rep 2, 17BE2 | FOXA1 ChIP-Seq - Rep 2, 17BE2 | FOXA1 ChIP-Seq - Rep 2, 17BE2 | FOXA1 ChIP-Seq - Rep 1",,,
CTCF,ACOT1,skeletalmuscle,"CTCF IP - HSMM cells, Rep 1 , CTCF IP - HSMM cells, Rep 2 ",,,
CTCF,ACOT1,cns,"CTCF IP - cerebellar astrocyte cells, Rep 2 , CTCF IP - BE(2)-C cells, Rep 1 , CTCF IP - spinal cord astrocyte cells, Rep 2 , CTCF IP - SK cells, CTCF IP - HCPEpiC cells, Rep 1 , CTCF IP - BE(2)-C cells, Rep 2 , CTCF IP - SK-N-SH cells, Rep 2 , CTCF IP - cerebellar astrocyte cells, Rep 1 , CTCF IP - HCPEpiC cells, Rep 2 , CTCF IP - SK-N-SH cells, Rep 1 , CTCF IP - NHA cells , CTCF IP - spinal cord astrocyte cells, Rep 1 , CTCF IP - SK-N-SH cells ",,,
CTCF,ACOT1,leukocytes,"CTCF IP - GM12287 cells, Rep 2, CTCF IP - GM06990 cells, Rep 2 , CTCF IP - GM12006 cells, Rep 2, CTCF IP - K562 cells, Rep 2 , CTCF IP - GM2610 cells, Rep 2 , CTCF IP - GM12871 cells , CTCF IP - GM2255 cells, Rep 3 , CTCF IP - GM12287 cells, Rep 1, CTCF IP - K562 cells , CTCF IP - F36P cells, Rep 14 , CTCF IP - GM19238 cells, Rep 2 , CTCF IP - GM12872 cells, Rep 1 , CTCF IP - K562 cells, CTCF IP - GM12878 cells, Rep 2 , CTCF IP - GM12872 cells, Rep 3 , CTCF IP - K562 cells, Rep 13 , CTCF IP - F36P cells, Rep 10 , CTCF IP - GM19193 cells, Rep 1 , CTCF IP, CTCF IP - HL , CTCF IP - GM11994 cells, Rep 2, CTCF IP - GM12864 cells, Rep 2 , CTCF IP - GM12892 cells, Rep 2 , CTCF IP - CD14+ cells , CTCF IP - GM12874 cells, Rep 1 , CTCF IP - HL-60 cells, Rep 9 , CTCF IP - GM07346 cells, CTCF IP - Â DND , CTCF IP - F36P cells, Rep 2 , CTCF IP - K562 cells, Rep 12 , CTCF IP - GM19239 cells, Rep 2 , CTCF IP - GM12869 cells , CTCF IP - GM12873 cells, Rep 3 , CTCF IP - F36P cells, Rep 15 , CTCF IP - GM18505 cells, Rep 1 , CTCF IP - GM12891 cells, Rep 2 , CTCF IP - GM12872 cells, CTCF IP - GM19239 cells, Rep 1 , CTCF IP - GM12865 cells, Rep 3 , CTCF IP - GM12154 cells, Rep 2, CTCF IP - GM19099 cells, Rep 2 , CTCF IP - GM19099 cells, Rep 1 , CTCF IP - F36P cells, Rep 9 , CTCF IP - GM12890 cells, Rep 2 , CTCF IP - GM2255 cells, Rep 1 , CTCF IP - GM19238 cells, Rep 1 , CTCF IP - GM12878 cells, Rep 1 , CTCF IP - GM11994 cells, Rep 1, CTCF IP - K562 cells, Rep 11 , CTCF IP - GM12878 cells, Rep 2 , CTCF IP - GM12875 cells, Rep 1 , CTCF IP - F36P cells, Rep 6 , CTCF IP - U-937 cells, Rep 2 , CTCF IP - GM12864 cells, Rep 1 , CTCF IP - GM12154 cells, Rep 1, CTCF IP - F36P cells, Rep 5 , CTCF IP - GM11992 cells, Rep 1, CTCF IP - GM18486 cells, Rep 1 , CTCF IP - F36P cells, Rep 1 , CTCF IP - GM12872 cells, Rep 2 , CTCF IP - GM18486 cells, Rep 2 , CTCF IP - GM12864 cells, Rep 3 , CTCF IP - GM11992 cells, Rep 2, CTCF IP - GM12865 cells, Rep 1 , CTCF IP - GM2610 cells, Rep 1 , CTCF IP - GM12868 cells , CTCF IP - GM12873 cells, Rep 1 , CTCF IP - GM12874 cells, Rep 2 , CTCF IP - GM18505 cells, Rep 2 , CTCF IP - GM12890 cells, Rep 3 , CTCF IP - GM06986 cells, CTCF IP - GM2610 cells, Rep 3 , CTCF IP - GM06990 cells, Rep 1 , CTCF IP - GM12865 cells, Rep 2 , CTCF IP - MS1 cells, Rep 1 , CTCF IP - F36P cells, Rep 7 , CTCF IP - GM12892 cells, Rep 1 , CTCF IP - K562 cells, Rep 1 , CTCF IP - K562 cells, Rep 16 , CTCF IP - K562 cells, CTCF IP - GM12006 cells, Rep 1, CTCF IP - F36P cells, Rep 11 , CTCF IP - GM12866 cells , CTCF IP - MS1 cells, Rep 2 , CTCF IP - F36P cells, Rep 3 , CTCF IP - F36P cells, Rep 19 , CTCF IP - Â CD20+ cells , CTCF IP - HeLa cells, Rep 2 , CTCF IP - GM12828 cells, CTCF IP - K562 cells, CTCF IP - NB4 cells , CTCF IP - GM12005 cells, Rep 1, CTCF IP - GM12878 cells, Rep 1 , CTCF IP - GM12814 cells, Rep 1, CTCF IP - GM19193 cells, Rep 2 , CTCF IP - GM12005 cells, Rep 2, CTCF IP - GM12890 cells, Rep 1 , CTCF IP - GM12870 cells , CTCF IP - GM12867 cells , CTCF IP - F36P cells, Rep 17 , CTCF IP - GM12878 cells , CTCF IP - GM18486 cells, Rep 3 , CTCF IP - K562 cells, Rep 14 , CTCF IP - GM12873 cells, Rep 1 , CTCF IP - K562 cells, Rep 15 , CTCF IP - MS1 cells, Rep 3 , CTCF IP - F36P cells, Rep 13 , CTCF IP - GM12875 cells, Rep 2 , CTCF IP - GM12234 cells, CTCF IP - GM12891 cells, Rep 1 , CTCF IP - MS1 cells, Rep 4 , CTCF IP - GM12814 cells, Rep 2, CTCF IP - GM2255 cells, Rep 2 , CTCF ChIP-Seq - GM12878",,,
KLF11,ACOT1,adiposetissue,"ROSI (BrAT) | KLF11 ChIP-Seq, Rep 1, KLF11 ChIP-Seq, Rep 1, ROSI (BrAT) | KLF11 ChIP-Seq, Rep 2, KLF11 ChIP-Seq, Rep 2",,,
ROSI,ACOT1,adiposetissue,"ROSI (BrAT) | KLF11 ChIP-Seq, Rep 1, ROSI (BrAT) | KLF11 ChIP-Seq, Rep 2",,,
CTCF,ACOT1,esophagus,"CTCF IP - HEEpiC cells, Rep 1 , CTCF IP - HEEpiC cells, Rep 2 ",,,
CTCF,ACOT1,hspcs,"CTCF IP - HEL 92.1.7 cells, Rep 4 , CTCF IP - HSPCs, Rep 2, CTCF IP - HEL 92.1.7 cells, Rep 2 , CTCF IP - HEL 92.1.7 cells, Rep 11 , CTCF IP - Erythroid cells, Rep 1, CTCF IP - HEL 92.1.7 cells, Rep 10 , CTCF IP - HEL 92.1.7 cells, Rep 14 , CTCF IP - HEL 92.1.7 cells, Rep 8 , CTCF IP - Erythroid cells, Rep 2, CTCF IP - HEL 92.1.7 cells, Rep 1 , CTCF IP - HEL 92.1.7 cells, Rep 5 , CTCF IP - HEL 92.1.7 cells, Rep 7 ",,,
STAT1,ACOT1,leukocytes,"STAT1 IP - Rep 2, STAT1 IP - Rep 3, STAT1 IP - Rep 5, STAT1 IP - Rep 1",,,
IFNG,ACOT1,leukocytes,"STAT1 IP - Rep 2, STAT1 IP - Rep 3, STAT1 IP - Rep 5, STAT1 IP - Rep 1",,,
YY1,ACOT1,leukocytes,"YY1 IP - K562 cells, Rep 1, YY1 IP - GM12891 cells, YY1 IP - GM12892 cells, Rep 1, YY1 IP - GM12878 cells, YY1 IP - K562 cells, Rep 2",,,
TCF12,ACOT1,stemcells,TCF12 IP - H1 cells,,,
MAZ,ACOT1,uterus,MAZ IP - HeLa cells,,,
TP63,ACOT1,skin,"TP63 IP, TP63 IP - Adriam, Rep 1, TP63 IP",,,
CREB1,ACOT1,liver,"CREB1 IP - HepG2 cells, CREB1 IP",,,
CTCF,ACOT1,lung,"CTCF ChIP-Seq - A549, CTCF IP - A549 cells, CTCF IP - IMR cells, CTCF IP - A549 cells, Rep 2 , CTCF IP - NHLF cells , CTCF IP - SAEC cells, Rep 2 , CTCF IP - A549 cells , CTCF IP | DEX - A549 cells, CTCF IP - NHLF cells , CTCF IP - SAEC cells, Rep 1 , CTCF IP | DEX - A549 cells , CTCF IP - HPF cells, Rep 1 , CTCF IP - WI-38 cells, Rep 1 , CTCF IP - A549 cells, Rep 1 , CTCF IP - AG04450 cells, Rep 2 , CTCF IP - HPF cells, Rep 2 , CTCF IP - AG04450 cells, Rep 1 ",,,
TCF12,ACOT1,lung,TCF12 IP - A549 cells,,,
MAX,ACOT1,cns,MAX IP - SK-N-SH cells,,,
CTCF,ACOT1,uterus,"CTCF IP - HeLa cells, Rep 1 , CTCF IP - HeLa cells ",,,
SOX9,ACOT1,colon,SOX9 IP ,,,
SPI1,ACOT1,leukocytes,"SPI1 IP - GM12878 cells, SPI1 IP - GM12878 cells, Rep 4 , SPI1 IP - GM12891 cells, SPI1 IP, SPI1 IP - GM12878 cells, Rep 3 , SPI1 IP, SPI1 IP - GM12878 cells, Rep 2 , SPI1 IP, SPI1 IP",,,
YY1,ACOT1,stemcells,YY1 IP - H1 cells,,,
E2F1,ACOT1,uterus,"E2F1 IP - HeLa cells, Rep 1, E2F1 IP - HeLa cells, Rep 2",,,
CEBPB,ACOT1,mammarygland,CEBPB IP - MCF7 cells,,,
HEY1,ACOT1,stemcells,HEY1 IP - HUES64 ,,,
CTCF,ACOT1,liver,"CTCF IP - HepG2 cells, Rep 2 , CTCF IP, CTCF IP - HepG2 cells, Rep 1 , CTCF IP - SK-N-SH cells, CTCF IP - HepG2 cells ",,,
GATA2,ACOT1,hspcs,GATA2 IP,,,
CTCF,ACOT1,megakaryocytelineage,"CTCF IP - MEG-01 cells, Rep 10 , CTCF IP - MEG-01 cells, Rep 4 , CTCF IP - MEG-01 cells, Rep 8 , CTCF IP - MEG-01 cells, Rep 6 , CTCF IP - MEG-01 cells, Rep 2 ",,,
FOSL1,ACOT1,mammarygland,FOSL1 IP,,,
CTCF,ACOT1,mammarygland,"CTCF IP - MCF7 cells, CTCF IP - HMEC cells , CTCF IP - HMEC cells, Rep 2 , CTCF IP - HMEC cells, Rep 1 , CTCF IP - MCF-7 cells, Rep 1 , CTCF IP - HMF cells, Rep 2 , CTCF IP - HMF cells, Rep 1 , CTCF IP - MCF-7 cells Rep 2 , CTCF IP - T47D cells",,,
CTCF,ACOT1,pancreas,CTCF IP,,,
GATA2,ACOT1,prostate,"GATA2 ChIP-Seq, CON KD  |Â GATA2 ChIP-Seq, FOXA1 KD |Â GATA2 ChIP-Seq, GATA2 ChIP-Seq - Rep 2",,,
SRF,ACOT1,colon,SRF IP - HCT116 cells,,,
MAX,ACOT1,vasculature,MAX IP - HUVEC cells,,,
TCF7L2,ACOT1,mammarygland,TCF7L2 ChIP-Seq,,,
FOS,ACOT1,mammarygland,"FOS IP | 4HT - MCF10A cells, 36 h, FOS IP | 4HT - MCF10A cells, 4 h, FOS IP | 4HT - MCF10A cells, 12 h, FOS IP - MCF10A cells",,,
4HT,ACOT1,mammarygland,"FOS IP | 4HT - MCF10A cells, 36 h, FOS IP | 4HT - MCF10A cells, 4 h, MYC IP | 4HT - MCF10A cells, STAT3 IP | 4HT - MCF10 cells, 36 h, FOS IP | 4HT - MCF10A cells, 12 h, STAT3 IP | 4HT - MCF10 cells, 12 h",,,
CTCF,ACOT1,skin,"CTCF IP - AG04449 cells, Rep 2 , CTCF IP - NHEK cells, Rep 2 , CTCF IP - BJ cells, Rep 2 , CTCF IP - AG09309 cells, Rep 1 , CTCF IP - BJ cells, Rep 1 , CTCF IP - NHEK cells , CTCF IP - NHDF cells , CTCF IP - HFFC cells, Rep 1 , CTCF IP - HFFC cells, Rep 3 , CTCF IP - NHDF cells, Rep 1 , CTCF IP - HFFC cells, Rep 2 , CTCF IP - NHDF cells, Rep 2 , CTCF IP - AG10803 cells, Rep 1 , CTCF IP - GM12878 cells, Rep 2 , CTCF IP - AG04449 cells, Rep 1 , CTCF IP - AG10803 cells, Rep 2 ",,,
CEBPB,ACOT1,stemcells,"CEBPB IP, CEBPB IP - H1 cells, CEBPB IP, CEBPB IP, CEBPB IP",,,
CEBPB,ACOT1,leukocytes,"CEBPB IP | oxLDL  - Rep 208, CEBPB IP - Rep 203, CEBPB IP, CEBPB IP - Rep 204, CEBPB ChIP-Seq - K562",,,
STAT3,ACOT1,mammarygland,"STAT3 IP - MCF10A cells, Rep 2, STAT3 IP - MCF10A cells, Rep 1, STAT3 IP | 4HT - MCF10 cells, 36 h, STAT3 IP | 4HT - MCF10 cells, 12 h",,,
IRF1,ACOT1,colon,IRF1 IP ,,,
CTCF,ACOT1,bone,"CTCF IP, CTCF IP - Osteoblasts ",,,
ERG,ACOT1,prostate,"DHT | ERG ChIP-Seq - 18 h, ERG ChIP-Seq, DHT | ERG ChIP-Seq - 2 h, DMSO | ERG ChIP-Seq - Rep 1, ERG ChIP-Seq",,,
DHT,ACOT1,prostate,"DHT | ERG ChIP-Seq - 18 h, DHT | ERG ChIP-Seq - 2 h",,,
CTCF,ACOT1,colon,"CTCF IP - HCT116 cells, Rep 1 , CTCF IP - Caco , CTCF IP - HCT116 cells, CTCF IP - Caco-2 cells, Rep 1 , CTCF IP - HCT116 cells, Rep 2 ",,,
GABPA,ACOT1,stemcells,GABPA IP - H1 cells,,,
STAT3,ACOT1,leukocytes,"STAT3 IP - OCI-LY10, STAT3 IP - OCI-LY19, STAT3 IP - OCI-LY7, STAT3 IP - SU-DHL-4",,,
FOXA2,ACOT1,liver,FOXA2 IP - HepG2 cells,,,
ELF1,ACOT1,liver,ELF1 IP - HepG2 cells,,,
JUND,ACOT1,stemcells,"JUND IP - H1 cells, JUND IP - H1 cells",,,
KLF5,ACOT1,pancreas,"KLF5 IP, ELF3 IP | KLF5 KO",,,
MAX,ACOT1,leukocytes,"MAX IP - GM12878 cells, MAX IP - NB4 cells",,,
SOX2,ACOT1,thyroidgland,SOX2 IP - TT MTC,,,
TBP,ACOT1,stemcells,TBP IP - H1 cells,,,
CTCF,ACOT1,kidney,"CTCF IP - HEK293 cells, Rep 1 , CTCF IP - RPTEC cells, Rep 2 , CTCF IP - HRE cells, Rep 1 , CTCF IP - HRE cells, Rep 2 , CTCF IP - HEK293 cells, Rep 2 , CTCF IP - RPTEC cells, Rep 1 ",,,
CTCF,ACOT1,miscellaneous,"CTCF IP - AG09319 cells, Rep 2 , CTCF IP - AG09319 cells, Rep 1 ",,,
ELF3,ACOT1,pancreas,"ELF3 IP | KLF5 KO, ELF3 IP, ELF3 IP",,,
CEBPB,ACOT1,colon,"CEBPB IP - HCT116 cells, CEBPB IP | 125DVD3, CEBPB IP",,,
DEX,ACOT1,mammarygland,"DEX | FOXA1 ChIP-Seq - Rep 1, JUN IP | DEX, DEX | FOXA1 ChIP-Seq - Rep 2, DEX | FOXA1 ChIP-Seq - Rep 2, DEX | FOXA1 ChIP-Seq - Rep 1",,,
BHLHE40,ACOT1,leukocytes,BHLHE40 IP - GM12878 cells,,,
CTCF,ACOT1,vasculature,"CTCF IP - AoAFC cells, Rep 2 , CTCF IP - HPAF cells, Rep 2 , CTCF IP - AoAFC cells, Rep 1 , CTCF IP - HBMEC cells, Rep 2 , CTCF IP - HBMEC cells, Rep 1 , CTCF IP - HUVEC cells , CTCF IP - HUVEC cells, Rep 2 , CTCF IP - HPAF cells, Rep 1 , CTCF IP - HUVEC cells, Rep 1 ",,,
CTCF,ACOT1,heart,"CTCF IP - HCF cells , CTCF IP - myocytes cells, Rep 1 , CTCF IP - myocytes cells, Rep 2 ",,,
DHT,ACOT1,mammarygland,"DHT | FOXA1 ChIP-Seq, DHT | MYC ChIP-Seq",,,
JUN,ACOT1,mammarygland,"JUN IP | DEX, JUN IP - Rep 1, JUN IP - Rep 2, JUN IP | CPDA",,,
CREB1,ACOT1,stemcells,CREB1 IP - H1 cells,,,
CEBPB,ACOT1,liver,"CEBPB IP - HepG2 cells, CEBPB ChIP-Seq - HepG2, CEBPB IP | FORSK - HepG2 cells",,,
HEY1,ACOT1,liver,HEY1 IP - HepG2 cells,,,
YY1,ACOT1,colon,YY1 IP - HCT116 cells,,,
MXI1,ACOT1,liver,MXI1 IP - HepG2 cells,,,
E2F1,ACOT1,prostate,"HES6 OE | E2F1 ChIP-Seq - Rep 1, HES6 OE + BICALU | E2F1 ChIP-Seq - Rep 1, E2F1 ChIP-Seq - Rep 1, HES6 OE + BICALU | E2F1 ChIP-Seq - Rep 3, BICALU | E2F1 ChIP-Seq - Rep 1, BICALU | E2F1 ChIP-Seq - Rep 3",,,
HES6,ACOT1,prostate,"HES6 OE | E2F1 ChIP-Seq - Rep 1, HES6 OE + BICALU | E2F1 ChIP-Seq - Rep 1, HES6 OE + BICALU | E2F1 ChIP-Seq - Rep 3",,,
SP1,ACOT1,lung,SP1 IP - A549 cells,,,
TAL1,ACOT1,colon,TAL1 IP ,,,
DEX,ACOT1,lung,"CTCF IP | DEX - A549 cells, CTCF IP | DEX - A549 cells ",,,
CEBPB,ACOT1,lung,"CEBPB ChIP-Seq - A549, CEBPB ChIP-Seq - IMR90, CEBPB IP - A549 cells",,,
REST,ACOT1,liver,"REST IP - HepG2 cells, Rep 1",,,
ZEB1,ACOT1,leukocytes,ZEB1 IP - GM12878 cells,,,
GTF2F1,ACOT1,uterus,GTF2F1 IP - HeLa cells,,,
TCF12,ACOT1,leukocytes,TCF12 IP - GM12878 cells,,,
SMARCC1,ACOT1,uterus,SMARCC1 IP - HeLa cells,,,
MAX,ACOT1,uterus,"MAX IP - HeLa cells, Rep 2, MAX IP - HeLa cells, Rep 1",,,
ATF3,ACOT1,colon,"ATF3 IP | CAMPTO, ATF3 IP - HCT116 cells, ATF3 IP",,,
FOXA1,ACOT1,liver,"FOXA1 IP - HepG2 cells, Rep 1, FOXA1 IP - HepG2 cells, Rep 2",,,
MAX,ACOT1,liver,"MAX IP - MCF7 cells, MAX IP - HepG2 cells",,,
SRF,ACOT1,liver,SRF IP - HepG2 cells,,,
125DVD3,ACOT1,colon,CEBPB IP | 125DVD3,,,
BICALU,ACOT1,prostate,"HES6 OE + BICALU | E2F1 ChIP-Seq - Rep 1, HES6 OE + BICALU | E2F1 ChIP-Seq - Rep 3, BICALU | E2F1 ChIP-Seq - Rep 1, BICALU | E2F1 ChIP-Seq - Rep 3",,,
MYC,ACOT1,leukocytes,MYC IP - NB4 cells,,,
JUN,ACOT1,vasculature,"JUN IP, JUN IP - HUVEC cells",,,
SRF,ACOT1,stemcells,"SRF IP - Rep 1 , SRF IP - Rep 2 , SRF IP - Rep 7 , SRF IP - Rep 6 , SRF IP - Rep 5 , SRF IP - Rep 4 ",,,
FOSL2,ACOT1,lung,FOSL2 IP - A549 cells,,,
CTCF,ACOT1,sensory,"CTCF IP - WERI-Rb-1- cells, Rep 1 , CTCF IP - HRPEpiC cells, Rep 1 , CTCF IP - WERI , CTCF IP - HRPEpiC cells, Rep 2 ",,,
JUND,ACOT1,lung,JUND IP - A549 cells,,,
FOSL2,ACOT1,liver,FOSL2 IP - HepG2 cells,,,
MAX,ACOT1,colon,MAX IP - HCT116 cells,,,
PAX5,ACOT1,leukocytes,"PAX5 IP - GM12878 cells, Rep 2, PAX5 IP - GM12892 cells, PAX5 IP - GM12878 cells, Rep 1",,,
CEBPB,ACOT1,bone,CEBPB IP,,,
ZNF143,ACOT1,stemcells,ZNF143 IP - H1 cells,,,
ZNF143,ACOT1,leukocytes,"ZNF143 IP - K562 cells, ZNF143 IP - GM12878 cells",,,
BATF,ACOT1,leukocytes,BATF IP - GM12878 cells,,,
MTA3,ACOT1,leukocytes,MTA3 IP - GM12878 cells,,,
ZNF143,ACOT1,uterus,ZNF143 IP - HeLa cells,,,
GABPA,ACOT1,liver,GABPA IP - HepG2 cells,,,
TBP,ACOT1,uterus,TBP IP - HeLa cells,,,
GATA1,ACOT1,hspcs,"GATA1 IP - Rep 1, GATA1 IP - PBDE cells, Rep 1",,,
USF2,ACOT1,uterus,USF2 IP - HeLa cells,,,
GATA3,ACOT1,mammarygland,"GATA3 IP - T47D cells, GATA3 IP - MCF7 cells",,,
TCF21,ACOT1,vasculature,TCF21 IP,,,
CEBPB,ACOT1,uterus,CEBPB ChIP-Seq - HeLaS3,,,
MYC,ACOT1,mammarygland,"MYC IP | 4HT - MCF10A cells, MYC IP - MCF-10A cells, DHT | MYC ChIP-Seq",,,
ELF1,ACOT1,leukocytes,ELF1 IP - SK-N-SH cells,,,
CTCF,ACOT1,placenta,"CTCF IP - HVMF cells, Rep 1 , CTCF IP - HVMF cells, Rep 2 ",,,
MYC,ACOT1,liver,MYC IP,,,
MYBL2,ACOT1,liver,MYBL2 IP - HepG2 cells,,,
JUND,ACOT1,mammarygland,JUND IP - T47D cells,,,
ARID3A,ACOT1,liver,ARID3A IP - HepG2 cells,,,
TEAD4,ACOT1,stemcells,TEAD4 IP - H1 cells,,,
USF1,ACOT1,colon,USF1 IP - HCT116 cells,,,
BHLHE40,ACOT1,liver,BHLHE40 IP - HepG2 cells,,,
CTCF,ACOT1,stemcells,"CTCF IP - H1 cells, CTCF IP - H1 cells , CTCF IP - Rep 2 , CTCF IP - Rep 4 , CTCF IP - Rep 6 , CTCF IP - Rep 1 , CTCF IP - Rep 7 , CTCF IP - Rep 5 ",,,
TCF3,ACOT1,leukocytes,TCF3 IP - GM12878 cells,,,
SMAD1,ACOT1,hspcs,SMAD1 IP - Rep 3,,,
SP1,ACOT1,liver,SP1 IP - HepG2 cells,,,
MAX,ACOT1,stemcells,MAX IP - H1 cells,,,
RELA,ACOT1,adiposetissue,"RELA IP, RELA IP, RELA IP",,,
E2F6,ACOT1,stemcells,E2F6 IP - H1 cells,,,
GATA3,ACOT1,cns,GATA3 IP - SK-N-SH cells,,,
EGR1,ACOT1,colon,EGR1 IP - HCT116 cells,,,
YY1,ACOT1,liver,YY1 IP - HepG2 cells,,,
CTCF,ACOT1,adiposetissue,"CTCF ChIP-Seq - d -2, CTCF ChIP-Seq - d 9, CTCF ChIP-Seq - d 0",,,
FOSL2,ACOT1,mammarygland,FOSL2 IP - MCF7 cells,,,
E2F1,ACOT1,mammarygland,E2F1 IP,,,
JUND,ACOT1,liver,"JUND IP - HepG2 cells, JUND IP - HepG2 cells",,,
USF1,ACOT1,stemcells,USF1 IP - H1 cells,,,
USF1,ACOT1,cns,USF1 IP | ATRA - SK-N-SH cells,,,
ATRA,ACOT1,cns,"USF1 IP | ATRA - SK-N-SH cells, YY1 IP | ATRA - SK-N-SH cells",,,
SP1,ACOT1,stemcells,SP1 IP - H1 cells,,,
MYC,ACOT1,uterus,MYC IP - HeLa cells,,,
CREB1,ACOT1,leukocytes,CREB1 IP - GM12878 cells,,,
ZEB1,ACOT1,liver,ZEB1 IP - HepG2 cells,,,
JUN,ACOT1,colon,JUN IP ,,,
E2F6,ACOT1,uterus,E2F6 IP - HeLa cells,,,
E2F3,ACOT1,colon,E2F3 IP ,,,
FOXA2,ACOT1,lung,FOXA2 IP - A549 cells,,,
TBP,ACOT1,liver,TBP IP - HepG2 cells,,,
YY1,ACOT1,lung,YY1 IP - A549 cells,,,
E2F6,ACOT1,lung,E2F6 IP - A549 cells,,,
TP53,ACOT1,mammarygland,"TP53 IP, TP53 IP | NUTL3 - MCF-7",,,
RELA,ACOT1,lung,RELA IP | TNF,,,
TNF,ACOT1,lung,RELA IP | TNF,,,
SP1,ACOT1,colon,SP1 IP - HCT116 cells,,,
HOXA4,ACOT1,colon,HOXA4 IP ,,,
FOXA1,ACOT1,prostate,FOXA1 KD |Â GATA2 ChIP-Seq,,,
FOS,ACOT1,vasculature,FOS IP - HUVEC cells,,,
JUND,ACOT1,uterus,JUND IP - HeLa cells,,,
JUN,ACOT1,uterus,JUN IP - HeLa cells,,,
TP53,ACOT1,bone,TP53 IP,,,
EGR1,ACOT1,liver,EGR1 IP - MCF7 cells,,,
CPDA,ACOT1,mammarygland,JUN IP | CPDA,,,
GATA4,ACOT1,stomach,GATA4 IP - AGS,,,
SREBF1,ACOT1,liver,SREBF1 IP | INS + 22RHC - HepG2 cells,,,
22RHC; INS,ACOT1,liver,SREBF1 IP | INS + 22RHC - HepG2 cells,,,
STAT1,ACOT1,uterus,"STAT1 IP | IFNG - HeLa cells, 30 min",,,
IFNG,ACOT1,uterus,"STAT1 IP | IFNG - HeLa cells, 30 min",,,
HIF1A,ACOT1,bone,HIF1A IP,,,
ATF2,ACOT1,colon,ATF2 IP ,,,
ZBTB7A,ACOT1,liver,ZBTB7A IP - HepG2 cells,,,
E2F4,ACOT1,uterus,E2F4 IP - HeLa cells,,,
EGR1,ACOT1,leukocytes,EGR1 IP - K562 cells,,,
RBPJ,ACOT1,leukocytes,RBPJ IP | COMPE,,,
COMPE,ACOT1,leukocytes,RBPJ IP | COMPE,,,
EGR1,ACOT1,stemcells,EGR1 IP - H1 cells,,,
JUND,ACOT1,vasculature,JUND IP,,,
HOXA6,ACOT1,colon,HOXA6 IP ,,,
EBF1,ACOT1,leukocytes,EBF1 IP - GM12878 cells,,,
FORSK,ACOT1,liver,CEBPB IP | FORSK - HepG2 cells,,,
JUND,ACOT1,colon,JUND IP - HCT116 cells,,,
REST,ACOT1,cns,REST IP - U87 cells,,,
MAX,ACOT1,lung,MAX IP - A549 cells,,,
REST,ACOT1,lung,REST IP - A549 cells,,,
IRF4,ACOT1,leukocytes,IRF4 IP - GM12878 cells,,,
FOSL1,ACOT1,colon,FOSL1 IP - HCT116 cells,,,
YY1,ACOT1,cns,YY1 IP | ATRA - SK-N-SH cells,,,
CTCF,ACOT2,skin,"CTCF IP - AG09309 cells, Rep 2 , CTCF IP - HFFC cells, Rep 1 , CTCF IP - NHDF cells , CTCF IP - HFFC cells, Rep 3 , CTCF IP - NHDF cells, Rep 1 , CTCF IP - NHDF cells, Rep 2 , CTCF IP - GM12878 cells, Rep 2 , CTCF IP - AG10803 cells, Rep 1 , CTCF IP - HFFC cells, Rep 2 , CTCF IP - AG10803 cells, Rep 2 , CTCF IP - AG04449 cells, Rep 1 , CTCF IP - AG04449 cells, Rep 2 , CTCF IP - NHEK cells, Rep 2 , CTCF IP - BJ cells, Rep 2 , CTCF IP - AG09309 cells, Rep 1 , CTCF IP - BJ cells, Rep 1 , CTCF IP - NHEK cells ",,,
CTCF,ACOT2,stemcells,"CTCF IP - H1 cells, CTCF IP - H1 cells , CTCF IP - Rep 2 , CTCF IP - Rep 4 , CTCF IP - Rep 5 , CTCF IP - Rep 6 , CTCF IP - Rep 1 , CTCF IP - Rep 7 , CTCF IP - Rep 3 ",,,
HIF1A,ACOT2,bone,HIF1A IP,,,
ERG,ACOT2,prostate,"DHT | ERG ChIP-Seq - 18 h, ERG ChIP-Seq, DHT | ERG ChIP-Seq - 2 h",,,
DHT,ACOT2,prostate,"DHT | ERG ChIP-Seq - 18 h, DHT | ERG ChIP-Seq - 2 h, DHT | FOXP1 ChIP-Seq",,,
CEBPB,ACOT2,stemcells,"CEBPB IP - H1 cells, CEBPB IP, CEBPB IP, CEBPB IP",,,
CTCF,ACOT2,vasculature,"CTCF IP - HBMEC cells, Rep 2 , CTCF IP - HBMEC cells, Rep 1 , CTCF IP - HUVEC cells , CTCF IP - HPAF cells, Rep 1 , CTCF IP - HUVEC cells, Rep 2 , CTCF IP - HUVEC cells, Rep 1 , CTCF IP - AoAFC cells, Rep 2 , CTCF IP - HPAF cells, Rep 2 , CTCF IP - AoAFC cells, Rep 1 ",,,
CTCF,ACOT2,leukocytes,"CTCF IP - GM18486 cells, Rep 1 , CTCF IP - GM11811 cells, Rep 2, CTCF IP - KU812 cells, Rep 9 , CTCF IP - U-937 cells, Rep 1 , CTCF IP - F36P cells, Rep 1 , CTCF IP - GM12891 cells, Rep 1 , CTCF IP - GM12872 cells, Rep 2 , CTCF IP - GM18486 cells, Rep 2 , CTCF IP - GM12865 cells, Rep 1 , CTCF IP - GM11992 cells, Rep 2, CTCF IP - GM12868 cells , CTCF IP - GM2588 cells, Rep 3 , CTCF IP - GM18526 cells, Rep 2 , CTCF IP - GM18951 cells, Rep 2 , CTCF IP - GM12873 cells, Rep 1 , CTCF IP - GM18505 cells, Rep 2 , CTCF IP - GM12864 cells, Rep 3 , CTCF IP - K562 cells, Rep 1 , CTCF IP - MS1 cells, Rep 1 , CTCF IP - GM06990 cells, Rep 1 , CTCF IP - GM06986 cells, CTCF IP - GM2610 cells, Rep 3 , CTCF IP - GM18951 cells, Rep 1 , CTCF IP - GM12865 cells, Rep 2 , CTCF IP - K562 cells, Rep 16 , CTCF IP - F36P cells, Rep 7 , CTCF IP - GM2610 cells, Rep 1 , CTCF IP - GM12892 cells, Rep 1 , CTCF IP - K562 cells, Rep 9 , CTCF IP - MS1 cells, Rep 2 , CTCF IP - KU812 cells, Rep 1 , CTCF IP - K562 cells, CTCF IP - GM12006 cells, Rep 1, CTCF IP - GM12866 cells , CTCF IP - GM12815 cells, Rep 2, CTCF IP - F36P cells, Rep 11 , CTCF IP - F36P cells, Rep 3 , CTCF IP - GM12890 cells, Rep 3 , CTCF IP - GM2630 cells, Rep 3 , CTCF IP - GM11881 cells, CTCF IP - GM12155 cells, Rep 2, CTCF IP - HeLa cells, Rep 2 , CTCF IP - GM11894 cells, Rep 2, CTCF IP - F36P cells, Rep 17 , CTCF IP - Â CD20+ cells , CTCF IP - GM12828 cells, CTCF IP - K562 cells, CTCF IP - NB4 cells , CTCF IP - F36P cells, Rep 19 , CTCF IP - GM12005 cells, Rep 1, CTCF IP - GM12892 cells, Rep 2 , CTCF IP - GM12005 cells, Rep 2, CTCF IP - GM12873 cells, Rep 1 , CTCF IP - GM12814 cells, Rep 1, CTCF IP - GM12878 cells, Rep 1 , CTCF IP - GM19193 cells, Rep 2 , CTCF IP - GM12867 cells , CTCF IP - GM12878 cells , CTCF IP - GM12890 cells, Rep 1 , CTCF IP - GM18486 cells, Rep 3 , CTCF IP - GM12870 cells , CTCF IP - K562 cells, Rep 14 , CTCF IP - GM2588 cells, Rep 1 , CTCF IP - K562 cells, Rep 15 , CTCF IP - MS1 cells, Rep 3 , CTCF IP - GM2630 cells, Rep 2 , CTCF IP - GM12749 cells, Rep 2, CTCF IP - GM12874 cells, Rep 2 , CTCF IP - GM2588 cells, Rep 2 , CTCF IP - GM12875 cells, Rep 2 , CTCF IP - MS1 cells, Rep 4 , CTCF ChIP-Seq - GM12878, CTCF IP - GM11811 cells, Rep 1, CTCF IP - GM12814 cells, Rep 2, CTCF IP - GM2255 cells, Rep 2 , CTCF IP - KU812 cells, Rep 5 , CTCF IP - GM12287 cells, Rep 2, CTCF IP - GM12006 cells, Rep 2, CTCF IP - GM2610 cells, Rep 2 , CTCF IP - GM12489 cells, Rep 1, CTCF IP - GM12874 cells, Rep 1 , CTCF IP - K562 cells, Rep 2 , CTCF IP - GM06990 cells, Rep 2 , CTCF IP - GM19240 cells, Rep 2 , CTCF IP - GM12871 cells , CTCF IP - GM12234 cells, CTCF IP - GM12749 cells, Rep 1, CTCF IP - GM2255 cells, Rep 3 , CTCF IP - F36P cells, Rep 13 , CTCF IP - GM10847 cells, Rep 1 , CTCF IP - GM12878 cells, Rep 2 , CTCF IP - GM12287 cells, Rep 1, CTCF IP - GM19238 cells, Rep 2 , CTCF IP - GM12872 cells, Rep 1 , CTCF IP - F36P cells, Rep 14 , CTCF IP - K562 cells, CTCF IP - K562 cells , CTCF IP - GM12155 cells, Rep 1, CTCF IP - GM19193 cells, Rep 1 , CTCF IP - GM12872 cells, Rep 3 , CTCF IP - GM12864 cells, Rep 2 , CTCF IP - HL , CTCF IP - UT-7 cells, Rep 6 , CTCF IP - GM07037 cells, CTCF IP - K562 cells, Rep 13 , CTCF IP - GM07346 cells, CTCF IP - Â DND , CTCF IP - F36P cells, Rep 2 , CTCF IP - CD14+ cells , CTCF IP - GM12489 cells, Rep 2, CTCF IP - GM18526 cells, Rep 1 , CTCF IP - K562 cells, Rep 12 , CTCF IP - GM18505 cells, Rep 1 , CTCF IP - GM12873 cells, Rep 3 , CTCF IP - GM11831 cells, CTCF IP - F36P cells, Rep 15 , CTCF IP - GM12815 cells, Rep 1, CTCF IP - GM12869 cells , CTCF IP - GM19239 cells, Rep 2 , CTCF IP - K562 cells, Rep 1 , CTCF IP - GM12875 cells, Rep 1 , CTCF IP - GM12891 cells, Rep 2 , CTCF IP - GM12872 cells, CTCF IP - GM19240 cells, Rep 1 , CTCF IP - GM2630 cells, Rep 1 , CTCF IP - GM11994 cells, Rep 2, CTCF IP - GM12865 cells, Rep 3 , CTCF IP, CTCF IP - K562 cells, Rep 3 , CTCF IP - GM12154 cells, Rep 2, CTCF IP - F36P cells, Rep 10 , CTCF IP - GM19099 cells, Rep 2 , CTCF IP - GM19099 cells, Rep 1 , CTCF IP - UT-7 cells, Rep 5 , CTCF IP - GM11992 cells, Rep 1, CTCF IP - GM2255 cells, Rep 1 , CTCF IP - F36P cells, Rep 9 , CTCF IP - UT-7 cells, Rep 4 , CTCF IP - GM12890 cells, Rep 2 , CTCF IP - F36P cells, Rep 6 , CTCF IP - GM12878 cells, Rep 1 , CTCF IP - GM19238 cells, Rep 1 , CTCF IP - GM11994 cells, Rep 1, CTCF IP - GM19239 cells, Rep 1 , CTCF IP - UT-7 cells, Rep 3 , CTCF IP - GM12878 cells, Rep 2 , CTCF IP - KU812 cells, Rep 13 , CTCF IP - KU812 cells, Rep 17 , CTCF IP - GM10847 cells, Rep 2 , CTCF IP - GM12154 cells, Rep 1, CTCF IP - GM12874 cells, CTCF IP - GM12864 cells, Rep 1 , CTCF IP - K562 cells, Rep 11 ",,,
JUND,ACOT2,vasculature,JUND IP,,,
CREB1,ACOT2,prostate,"FOXA1 siRNA | CREB1 ChIP-Seq - Rep 2, CREB1 ChIP-Seq - LNCaP-abl",,,
FOXA1,ACOT2,prostate,"FOXA1 siRNA | CREB1 ChIP-Seq - Rep 2, CON KD + R1881 | FOXA1 ChIP-Seq - Rep 1, WT AR OE | FOXA1 ChIP-Seq, CON KD + R1881 | FOXA1 ChIP-Seq - Rep 2, PIAS1 + R1881 | FOXA1 ChIP-Seq - Rep 2, FOXA1 KD |Â GATA2 ChIP-Seq, PIAS1 + R1881 | FOXA1 ChIP-Seq - Rep 1, FOXA1 + FBS |Â GATA2 ChIP-Seq, WT AR OE + FOXA1 OE | FOXA1 ChIP-Seq - high FOXA1, FOXA1 ChIP-Seq, EtOH | FOXA1 ChIP-Seq - Rep 2, AR C562S OE + FOXA1 OE | FOXA1 ChIP-Seq",,,
CTCF,ACOT2,cns,"CTCF IP - SK-N-SH cells, Rep 1 , CTCF IP - NHA cells , CTCF IP - spinal cord astrocyte cells, Rep 1 , CTCF IP - SK-N-SH cells , CTCF IP - cerebellar astrocyte cells, Rep 2 , CTCF IP - BE(2)-C cells, Rep 1 , CTCF IP - spinal cord astrocyte cells, Rep 2 , CTCF IP - SK cells, CTCF IP - HCPEpiC cells, Rep 1 , CTCF IP - BE(2)-C cells, Rep 2 , CTCF IP - HCPEpiC cells, Rep 2 , CTCF IP - cerebellar astrocyte cells, Rep 1 , CTCF IP - SK-N-SH cells, Rep 2 ",,,
STAT3,ACOT2,mammarygland,"STAT3 IP | 4HT - MCF10 cells, 36 h, STAT3 IP | 4HT - MCF10 cells, 12 h, STAT3 IP - MCF10A cells, Rep 2",,,
4HT,ACOT2,mammarygland,"STAT3 IP | 4HT - MCF10 cells, 36 h, E2F4 IP | 4HT - MCF10 cells, STAT3 IP | 4HT - MCF10 cells, 12 h, FOS IP | 4HT - MCF10A cells, 36 h, FOS IP | 4HT - MCF10A cells, 4 h, FOS IP | 4HT - MCF10A cells, 12 h, MYC IP | 4HT - MCF10A cells",,,
ZNF143,ACOT2,stemcells,ZNF143 IP - H1 cells,,,
TEAD4,ACOT2,uterus,TEAD4 IP - ECC1 cells,,,
SRF,ACOT2,liver,SRF IP - HepG2 cells,,,
REST,ACOT2,lung,REST IP - A549 cells,,,
JUND,ACOT2,stemcells,"JUND IP - H1 cells, JUND IP - H1 cells",,,
JUN,ACOT2,mammarygland,"JUN IP - Rep 1, JUN IP, JUN IP - Rep 2, JUN IP | DEX",,,
ZNF143,ACOT2,leukocytes,"ZNF143 IP - K562 cells, ZNF143 IP - GM12878 cells",,,
MAZ,ACOT2,leukocytes,MAZ IP - K562 cells,,,
MAX,ACOT2,uterus,"MAX IP - HeLa cells, Rep 2, MAX IP - HeLa cells, Rep 1, MAX IP - ECC1 cells",,,
CTCF,ACOT2,lung,"CTCF IP - HPF cells, Rep 1 , CTCF IP - A549 cells, Rep 1 , CTCF IP - AG04450 cells, Rep 2 , CTCF IP - HPF cells, Rep 2 , CTCF IP - AG04450 cells, Rep 1 , CTCF IP - WI-38 cells, Rep 1 , CTCF IP - NHLF cells , CTCF IP - A549 cells, Rep 2 , CTCF ChIP-Seq - A549, CTCF IP - A549 cells, CTCF IP - IMR cells, CTCF IP - SAEC cells, Rep 2 , CTCF IP | DEX - A549 cells, CTCF IP - A549 cells , CTCF IP - NHLF cells , CTCF IP - SAEC cells, Rep 1 , CTCF IP | DEX - A549 cells , CTCF IP - WI-38 cells, Rep 2 ",,,
FOXA1,ACOT2,mammarygland,"17BE2 | FOXA1 ChIP-Seq - Rep 2, 17BE2 | FOXA1 ChIP-Seq - Rep 1, DEX | FOXA1 ChIP-Seq - Rep 1, DEX | FOXA1 ChIP-Seq - Rep 2, DHT | FOXA1 ChIP-Seq, DEX | FOXA1 ChIP-Seq - Rep 1, FOXA1 IP - T47D cells, FOXA1 ChIP-Seq - Rep 2, FOXA1 ChIP-Seq - Rep 1, 17BE2 | FOXA1 ChIP-Seq - Rep 1, 17BE2 | FOXA1 ChIP-Seq - Rep 2, DEX | FOXA1 ChIP-Seq - Rep 2, DEX | FOXA1 ChIP-Seq - Rep 2, 17BE2 | FOXA1 ChIP-Seq - Rep 2, FOXA1 ChIP-Seq - Rep 2, FOXA1 ChIP-Seq - Rep 1, DEX | FOXA1 ChIP-Seq - Rep 1, FOXA1 ChIP-Seq - Rep 1, 17BE2 | FOXA1 ChIP-Seq - Rep 1",,,
17BE2,ACOT2,mammarygland,"17BE2 | FOXA1 ChIP-Seq - Rep 2, 17BE2 | FOXA1 ChIP-Seq - Rep 1, 17BE2 | FOXA1 ChIP-Seq - Rep 1, 17BE2 | FOXA1 ChIP-Seq - Rep 2, 17BE2 | FOXA1 ChIP-Seq - Rep 2, 17BE2 | FOXA1 ChIP-Seq - Rep 1",,,
CEBPB,ACOT2,leukocytes,"CEBPB IP - Rep 204, CEBPB ChIP-Seq - K562, CEBPB IP | oxLDL  - Rep 208, CEBPB IP - Rep 203",,,
YY1,ACOT2,leukocytes,"YY1 IP - GM12892 cells, Rep 1, YY1 IP - GM12878 cells, YY1 IP - GM12878 cells, YY1 IP - K562 cells, Rep 2, YY1 IP - K562 cells, Rep 1, YY1 IP - GM12891 cells",,,
SRF,ACOT2,stemcells,"SRF IP - Rep 1 , SRF IP - Rep 7 , SRF IP - Rep 2 , SRF IP - Rep 3 , SRF IP - Rep 4 , SRF IP - Rep 6 , SRF IP - Rep 5 ",,,
FOS,ACOT2,mammarygland,"FOS IP - MCF10A cells, FOS IP | 4HT - MCF10A cells, 36 h, FOS IP | 4HT - MCF10A cells, 4 h, FOS IP | 4HT - MCF10A cells, 12 h",,,
YY1,ACOT2,cns,"YY1 IP | ATRA - SK-N-SH cells, YY1 IP - SK-N-SH cells",,,
ATRA,ACOT2,cns,"YY1 IP | ATRA - SK-N-SH cells, USF1 IP | ATRA - SK-N-SH cells",,,
ATF3,ACOT2,lung,ATF3 IP - A549 cells,,,
PAX5,ACOT2,leukocytes,"PAX5 IP - GM12878 cells, Rep 1, PAX5 IP - GM12892 cells, PAX5 IP - GM12878 cells, Rep 2",,,
CTCF,ACOT2,uterus,"CTCF IP - HeLa cells , CTCF IP - HeLa cells, Rep 1 , CTCF IP - ECC1 cells",,,
ZNF143,ACOT2,uterus,ZNF143 IP - HeLa cells,,,
MYC,ACOT2,mammarygland,"MYC IP, MYC IP - MCF-10A cells, DHT | MYC ChIP-Seq, MYC IP | 4HT - MCF10A cells",,,
ZNF384,ACOT2,leukocytes,"ZNF384 IP - GM12878 cells, ZNF384 IP - K562 cells",,,
YY1,ACOT2,liver,YY1 IP - HepG2 cells,,,
TBP,ACOT2,uterus,TBP IP - HeLa cells,,,
USF1,ACOT2,stemcells,USF1 IP - H1 cells,,,
FOXA1,ACOT2,stemcells,FOXA1 IP - Rep 5 ,,,
STAT1,ACOT2,leukocytes,"STAT1 IP - Rep 5, STAT1 IP - Rep 2, STAT1 IP - Rep 1, STAT1 IP - Rep 4, STAT1 IP - Rep 3",,,
IFNG,ACOT2,leukocytes,"STAT1 IP - Rep 5, STAT1 IP - Rep 2, STAT1 IP - Rep 1, STAT1 IP - Rep 4, STAT1 IP - Rep 3",,,
STAT5B,ACOT2,leukocytes,STAT5B IP | IL2 - Rep 2,,,
IL2,ACOT2,leukocytes,STAT5B IP | IL2 - Rep 2,,,
E2F1,ACOT2,prostate,"BICALU + HES6OE | E2F1 ChIP-Seq - Rep 4, BICALU | E2F1 ChIP-Seq - Rep 3, HES6 OE | E2F1 ChIP-Seq - Rep 3, E2F1 ChIP-Seq - Rep 2, E2F1 ChIP-Seq - Rep 3, HES6 OE | E2F1 ChIP-Seq - Rep 1, HES6 OE + BICALU | E2F1 ChIP-Seq - Rep 1, E2F1 ChIP-Seq - Rep 4, E2F1 ChIP-Seq - Rep 1, HES6 OE + BICALU | E2F1 ChIP-Seq - Rep 3, BICALU | E2F1 ChIP-Seq - Rep 1",,,
BICALU,ACOT2,prostate,"BICALU + HES6OE | E2F1 ChIP-Seq - Rep 4, BICALU | E2F1 ChIP-Seq - Rep 3, HES6 OE + BICALU | E2F1 ChIP-Seq - Rep 1, HES6 OE + BICALU | E2F1 ChIP-Seq - Rep 3, BICALU | E2F1 ChIP-Seq - Rep 1",,,
HES6,ACOT2,prostate,"BICALU + HES6OE | E2F1 ChIP-Seq - Rep 4, HES6 OE | E2F1 ChIP-Seq - Rep 3, HES6 OE | E2F1 ChIP-Seq - Rep 1, HES6 OE + BICALU | E2F1 ChIP-Seq - Rep 1, HES6 OE + BICALU | E2F1 ChIP-Seq - Rep 3",,,
RELA,ACOT2,leukocytes,"RELA IP | TNF - GM12892 cells, RELA IP | TNF - GM12891 cells",,,
TNF,ACOT2,leukocytes,"RELA IP | TNF - GM12892 cells, RELA IP | TNF - GM12891 cells",,,
FOS,ACOT2,vasculature,FOS IP - HUVEC cells,,,
USF1,ACOT2,cns,"USF1 IP | ATRA - SK-N-SH cells, USF1 IP - SK-N-SH cells",,,
E2F4,ACOT2,mammarygland,E2F4 IP | 4HT - MCF10 cells,,,
SPI1,ACOT2,leukocytes,"SPI1 IP, SPI1 IP, ROSI | SPI1 ChIP-Seq, SPI1 IP - GM12878 cells, Rep 2 , SPI1 IP, SPI1 IP, SPI1 IP, SPI1 IP, SPI1 IP - GM12891 cells, SPI1 IP, SPI1 IP - GM12878 cells, Rep 3 , SPI1 IP - GM12878 cells, SPI1 IP - GM12878 cells, Rep 4 , SPI1 IP",,,
CEBPB,ACOT2,liver,"CEBPB IP - HepG2 cells, CEBPB ChIP-Seq - HepG2, CEBPB IP | FORSK - HepG2 cells",,,
CEBPB,ACOT2,colon,"CEBPB IP - HCT116 cells, CEBPB IP | 125DVD3, CEBPB IP",,,
CTCF,ACOT2,hspcs,"CTCF IP - HEL 92.1.7 cells, Rep 14 , CTCF IP - HEL 92.1.7 cells, Rep 8 , CTCF IP - HEL 92.1.7 cells, Rep 7 , CTCF IP - Erythroid cells, Rep 2, CTCF IP - HEL 92.1.7 cells, Rep 1 , CTCF IP - HEL 92.1.7 cells, Rep 5 , CTCF IP - HSPCs, Rep 2, CTCF IP - HEL 92.1.7 cells, Rep 4 , CTCF IP - HEL 92.1.7 cells, Rep 2 , CTCF IP - HEL 92.1.7 cells, Rep 13 , CTCF IP - HEL 92.1.7 cells, Rep 11 , CTCF IP - HEL 92.1.7 cells, Rep 10 , CTCF IP - Erythroid cells, Rep 1, CTCF IP - HSPCs, Rep 1",,,
CTCF,ACOT2,megakaryocytelineage,"CTCF IP - MEG-01 cells, Rep 6 , CTCF IP - MEG-01 cells, Rep 2 , CTCF IP - MEG-01 cells, Rep 10 , CTCF IP - MEG-01 cells, Rep 7 , CTCF IP - MEG-01 cells, Rep 4 , CTCF IP - MEG-01 cells, Rep 8 ",,,
REST,ACOT2,cns,"REST IP - SK cells, REST IP - SK-N-SH cells, REST IP - U87 cells",,,
ELF3,ACOT2,pancreas,"ELF3 IP, ELF3 IP",,,
CTCF,ACOT2,adiposetissue,"CTCF ChIP-Seq - d -2, CTCF ChIP-Seq - d 9, CTCF ChIP-Seq - d 0",,,
MYC,ACOT2,uterus,MYC IP - HeLa cells,,,
TCF12,ACOT2,lung,TCF12 IP - A549 cells,,,
ZBTB17,ACOT2,bone,"ZBTB17 IP, ZBTB17 IP",,,
FOXA2,ACOT2,embryonictissue,FOXA2 IP - Rep 2,,,
STAT3,ACOT2,leukocytes,"STAT3 IP - SU-DHL-6, STAT3 IP - OCI-LY7, STAT3 IP - SU-DHL-4",,,
RELA,ACOT2,adiposetissue,"RELA IP, RELA IP, RELA IP, RELA IP",,,
JUN,ACOT2,vasculature,"JUN IP, JUN IP - HUVEC cells",,,
TP73,ACOT2,bone,"TP73 IP - alpha isoform, Rep 1",,,
FOSL2,ACOT2,cns,FOSL2 IP - SK-N-SH cells,,,
CTCF,ACOT2,sensory,"CTCF IP - HRPEpiC cells, Rep 1 , CTCF IP - WERI , CTCF IP - HRPEpiC cells, Rep 2 , CTCF IP - WERI-Rb-1- cells, Rep 1 ",,,
CTCF,ACOT2,heart,"CTCF IP - myocytes cells, Rep 2 , CTCF IP - HCF cells , CTCF IP - myocytes cells, Rep 1 ",,,
SP1,ACOT2,liver,SP1 IP - HepG2 cells,,,
JUND,ACOT2,uterus,JUND IP - HeLa cells,,,
GATA2,ACOT2,prostate,"GATA2 ChIP-Seq - Rep 2, CON KD + R1881 |Â GATA2 ChIP-Seq, CON KD  |Â GATA2 ChIP-Seq, GATA2 ChIP-Seq - Rep 1, CON KD + FBS |Â GATA2 ChIP-Seq, FOXA1 KD |Â GATA2 ChIP-Seq, GATA2 ChIP-Seq, FOXA1 + FBS |Â GATA2 ChIP-Seq, CON KD |Â GATA2 ChIP-Seq",,,
FOXA2,ACOT2,liver,FOXA2 IP - HepG2 cells,,,
NFYA,ACOT2,uterus,NFYA IP - HeLa cells,,,
DEX,ACOT2,mammarygland,"DEX | FOXA1 ChIP-Seq - Rep 1, DEX | FOXA1 ChIP-Seq - Rep 2, DEX | FOXA1 ChIP-Seq - Rep 1, DEX | FOXA1 ChIP-Seq - Rep 2, DEX | FOXA1 ChIP-Seq - Rep 2, DEX | FOXA1 ChIP-Seq - Rep 1, JUN IP | DEX",,,
CTCF,ACOT2,mammarygland,"CTCF IP - HMEC cells, Rep 1 , CTCF IP - MCF-7 cells, Rep 1 , CTCF IP - HMF cells, Rep 2 , CTCF IP - HMF cells, Rep 1 , CTCF IP - MCF-7 cells Rep 2 , CTCF IP - T47D cells, CTCF IP - MCF7 cells, CTCF IP - HMEC cells , CTCF IP - HMEC cells, Rep 2 ",,,
CREB1,ACOT2,lung,CREB1 IP | DEX - A549 cells,,,
DEX,ACOT2,lung,"CREB1 IP | DEX - A549 cells, CTCF IP | DEX - A549 cells, CTCF IP | DEX - A549 cells ",,,
GATA3,ACOT2,mammarygland,"GATA3 IP - MCF-7 cells, GATA3 IP - T47D cells, GATA3 IP - MCF7 cells",24758297,,
BCL3,ACOT2,lung,BCL3 IP - A549 cells,,,
FOXM1,ACOT2,leukocytes,FOXM1 IP - GM12878 cells,,,
MAX,ACOT2,colon,MAX IP - HCT116 cells,,,
CTCF,ACOT2,kidney,"CTCF IP - HRE cells, Rep 2 , CTCF IP - HEK293 cells, Rep 2 , CTCF IP - RPTEC cells, Rep 1 , CTCF IP - HEK293 cells, Rep 1 , CTCF IP - RPTEC cells, Rep 2 , CTCF IP - HRE cells, Rep 1 ",,,
CEBPB,ACOT2,mammarygland,CEBPB IP - MCF7 cells,,,
DHT,ACOT2,mammarygland,"DHT | FOXA1 ChIP-Seq, DHT | MYC ChIP-Seq",,,
ROSI,ACOT2,leukocytes,ROSI | SPI1 ChIP-Seq,,,
MAX,ACOT2,leukocytes,"MAX IP - K562 cells, MAX IP - GM12878 cells, MAX IP - NB4 cells",,,
SREBF1,ACOT2,liver,SREBF1 IP | INS + 22RHC - HepG2 cells,,,
22RHC; INS,ACOT2,liver,SREBF1 IP | INS + 22RHC - HepG2 cells,,,
TP53,ACOT2,bone,"TP53 IP | NUTL3, TP53 IP | TP53EE/RR OE",,,
NUTL3,ACOT2,bone,TP53 IP | NUTL3,,,
CREB1,ACOT2,liver,"CREB1 IP - HepG2 cells, CREB1 IP, CREB1 IP",,,
R1881,ACOT2,prostate,"CON KD + R1881 |Â GATA2 ChIP-Seq, CON KD + R1881 | FOXA1 ChIP-Seq - Rep 1, CON KD + R1881 | FOXA1 ChIP-Seq - Rep 2, PIAS1 + R1881 | FOXA1 ChIP-Seq - Rep 2, PIAS1 + R1881 | FOXA1 ChIP-Seq - Rep 1",,,
CTCF,ACOT2,colon,"CTCF IP - Caco , CTCF IP - HCT116 cells, CTCF IP - Caco-2 cells, Rep 1 , CTCF IP - HCT116 cells, Rep 2 , CTCF IP - HCT116 cells, Rep 1 ",,,
SP1,ACOT2,lung,SP1 IP - A549 cells,,,
ELF1,ACOT2,liver,ELF1 IP - HepG2 cells,,,
MAX,ACOT2,stemcells,MAX IP - H1 cells,,,
TEAD4,ACOT2,liver,TEAD4 IP - HepG2 cells,,,
TCF7L2,ACOT2,mammarygland,TCF7L2 ChIP-Seq,,,
E2F4,ACOT2,uterus,E2F4 IP - HeLa cells,,,
TAL1,ACOT2,colon,TAL1 IP ,,,
JUND,ACOT2,liver,"JUND IP - HepG2 cells, JUND IP - HepG2 cells",,,
FOXA1,ACOT2,liver,"FOXA1 IP - HepG2 cells, Rep 1, FOXA1 IP - HepG2 cells, Rep 2",,,
TBP,ACOT2,leukocytes,TBP IP - GM12878 cells,,,
HOXA6,ACOT2,colon,HOXA6 IP ,,,
YY1,ACOT2,lung,YY1 IP - A549 cells,,,
SP1,ACOT2,leukocytes,SP1 IP - GM12878 cells,,,
MTA3,ACOT2,leukocytes,MTA3 IP - GM12878 cells,,,
OTX2,ACOT2,stemcells,OTX2 IP - Rep 10 ,,,
SATB1,ACOT2,liver,SATB1 IP,,,
MAX,ACOT2,lung,"MAX IP - A549 cells, MAX IP - A549 cells",,,
EBF1,ACOT2,leukocytes,EBF1 IP - GM12878 cells,,,
FOXP1,ACOT2,prostate,DHT | FOXP1 ChIP-Seq,,,
CREB1,ACOT2,leukocytes,CREB1 IP - GM12878 cells,,,
CTCF,ACOT2,miscellaneous,"CTCF IP - AG09319 cells, Rep 1 , CTCF IP - AG09319 cells, Rep 2 ",,,
GATA4,ACOT2,stomach,"GATA4 IP - YCC3, GATA4 IP - AGS",,,
ELF1,ACOT2,mammarygland,ELF1 IP - MCF7 cells,,,
NFATC1,ACOT2,leukocytes,NFATC1 IP - GM12878 cells,,,
CTCF,ACOT2,liver,"CTCF IP - HepG2 cells , CTCF IP - HepG2 cells, Rep 2 , CTCF IP - HepG2 cells, Rep 1 , CTCF IP, CTCF IP - SK-N-SH cells",,,
RELA,ACOT2,lung,"RELA IP | DEX + TNF - Rep 1, RELA IP | TNF",,,
DEX; TNF,ACOT2,lung,RELA IP | DEX + TNF - Rep 1,,,
NFKB1,ACOT2,leukocytes,"NFKB1 IP - Rep 1, NFKB1 IP - Rep 2",,,
GATA6,ACOT2,stomach,"GATA6 IP - AGS, GATA6 IP - YCC3",,,
ELF1,ACOT2,leukocytes,ELF1 IP - SK-N-SH cells,20517297,,
MAFF,ACOT2,liver,MAFF IP - HepG2 cells,,,
RUNX1,ACOT2,hspcs,RUNX1,,,
AR,ACOT2,prostate,"WT AR OE | FOXA1 ChIP-Seq, WT AR OE + FOXA1 OE | FOXA1 ChIP-Seq - high FOXA1, AR C562S OE + FOXA1 OE | FOXA1 ChIP-Seq",,,
EGR1,ACOT2,colon,EGR1 IP - HCT116 cells,,,
ZEB1,ACOT2,liver,ZEB1 IP - HepG2 cells,,,
USF2,ACOT2,uterus,USF2 IP - HeLa cells,,,
MYC,ACOT2,bone,"MYC IP, MYC IP",,,
E2F6,ACOT2,uterus,E2F6 IP - HeLa cells,,,
CEBPB,ACOT2,lung,"CEBPB ChIP-Seq - A549, CEBPB ChIP-Seq - IMR90, CEBPB IP - A549 cells",,,
USF1,ACOT2,uterus,USF1 IP - ECC1 cells,,,
CTCF,ACOT2,bone,"CTCF IP - Osteoblasts , CTCF IP",,,
MXI1,ACOT2,liver,MXI1 IP - HepG2 cells,,,
FOSL2,ACOT2,lung,FOSL2 IP - A549 cells,,,
CTCF,ACOT2,placenta,"CTCF IP - HVMF cells, Rep 2 , CTCF IP - HVMF cells, Rep 1 ",,,
FOSL2,ACOT2,liver,FOSL2 IP - HepG2 cells,,,
ZEB1,ACOT2,leukocytes,ZEB1 IP - GM12878 cells,,,
E2F6,ACOT2,stemcells,E2F6 IP - H1 cells,,,
BHLHE40,ACOT2,leukocytes,BHLHE40 IP - GM12878 cells,,,
ATF2,ACOT2,colon,ATF2 IP ,,,
125DVD3,ACOT2,colon,CEBPB IP | 125DVD3,,,
GABPA,ACOT2,leukocytes,"GABPA IP - GM12878 cells, GABPA IP",,,
E2F6,ACOT2,lung,E2F6 IP - A549 cells,,,
SIX2,ACOT2,kidney,"SIX2 IP - 17 weeks, Rep 1, SIX2 IP - 17 weeks, Rep 2",,,
JUND,ACOT2,lung,JUND IP - A549 cells,,,
TCF12,ACOT2,stemcells,TCF12 IP - H1 cells,,,
MAX,ACOT2,liver,"MAX IP - HepG2 cells, MAX IP - HepG2 cells, MAX IP - MCF7 cells",,,
SRF,ACOT2,mammarygland,SRF IP - MCF7 cells,,,
JUN,ACOT2,uterus,JUN IP - HeLa cells,,,
HEY1,ACOT2,stemcells,HEY1 IP - HUES64 ,,,
MXI1,ACOT2,leukocytes,MXI1 IP - GM12878 cells,,,
TFAP4,ACOT2,leukocytes,"TFAP4 IP - Rep 1, TFAP4 IP - Rep 2",,,
CTCF,ACOT2,pancreas,CTCF IP,,,
MAFK,ACOT2,lung,MAFK IP - IMR cells,,,
ZKSCAN1,ACOT2,uterus,ZKSCAN1 IP - HeLa cells,,,
CTCF,ACOT2,esophagus,"CTCF IP - HEEpiC cells, Rep 2 , CTCF IP - HEEpiC cells, Rep 1 ",,,
GTF2B,ACOT2,uterus,GTF2B IP - Rep 2,,,
EGR1,ACOT2,liver,EGR1 IP - MCF7 cells,,,
FOSL2,ACOT2,mammarygland,FOSL2 IP - MCF7 cells,,,
E2F1,ACOT2,mammarygland,"E2F1 IP, E2F1 IP - MCF7 cells",,,
TP63,ACOT2,skin,TP63 IP,,,
JUND,ACOT2,cns,"JUND IP - SK-N-SH cells, JUND IP - SK-N-SH cells ",,,
TP53,ACOT2,mammarygland,"TP53 IP, TP53 IP | NUTL3 - MCF-7",,,
KLF11,ACOT2,adiposetissue,"ROSI (BrAT) | KLF11 ChIP-Seq, Rep 2, KLF11 ChIP-Seq, Rep 2",,,
ROSI,ACOT2,adiposetissue,"ROSI (BrAT) | KLF11 ChIP-Seq, Rep 2",,,
GABPA,ACOT2,stemcells,GABPA IP - H1 cells,,,
CEBPB,ACOT2,uterus,"CEBPB IP - ECC1 cells, CEBPB ChIP-Seq - HeLaS3",,,
GTF2F1,ACOT2,uterus,GTF2F1 IP - HeLa cells,,,
ETS1,ACOT2,leukocytes,"ETS1 IP - GM12878 cells, ETS1 IP",,,
PBX3,ACOT2,cns,PBX3 IP - SK-N-SH cells,,,
SMAD1,ACOT2,hspcs,SMAD1 IP - Rep 3,,,
CEBPB,ACOT2,bone,CEBPB IP,,,
MYC,ACOT2,lung,MYC IP - A549 cells,,,
YY1,ACOT2,stemcells,"YY1 IP - H1 cells, YY1 IP - NT2 cells",,,
USF1,ACOT2,liver,USF1 IP - HepG2 cells,,,
SP1,ACOT2,colon,SP1 IP - HCT116 cells,,,
POU2F2,ACOT2,leukocytes,POU2F2 IP - GM12878 cells,,,
E2F3,ACOT2,colon,E2F3 IP ,,,
HEY1,ACOT2,liver,HEY1 IP - HepG2 cells,,,
CTCF,ACOT2,skeletalmuscle,"CTCF IP - HSMM cells, Rep 2 , CTCF IP - HSMM cells, Rep 1 ",,,
MAZ,ACOT2,uterus,MAZ IP - HeLa cells,,,
KLF5,ACOT2,pancreas,KLF5 IP,,,
NFYB,ACOT2,leukocytes,"NFYB IP - K562 cells, NFYB IP - GM12878 cells",,,
EGR1,ACOT2,leukocytes,EGR1 IP - K562 cells,,,
E2F1,ACOT2,uterus,"E2F1 IP - HeLa cells, Rep 2, E2F1 IP - HeLa cells, Rep 1",,,
USF1,ACOT2,leukocytes,USF1 IP - K562 cells,,,
PIAS1,ACOT2,prostate,"PIAS1 + R1881 | FOXA1 ChIP-Seq - Rep 2, PIAS1 + R1881 | FOXA1 ChIP-Seq - Rep 1",,,
MAX,ACOT2,cns,MAX IP - SK-N-SH cells,,,
IRF1,ACOT2,colon,IRF1 IP ,,,
MEF2B,ACOT2,kidney,"MEF2B IP | MEF2B D83V OE - Rep 1, MEF2B IP | MEF2B OE - Rep 2",,,
TEAD4,ACOT2,colon,TEAD4 IP - HCT116 cells,,,
TCF12,ACOT2,cns,TCF12 IP - SK-N-SH cells,,,
ZNF263,ACOT2,kidney,ZNF263 IP - HEK293 cells,,,
FOXA2,ACOT2,lung,FOXA2 IP - A549 cells,,,
IRF1,ACOT2,pancreas,IRF1 IP,,,
ATF2,ACOT2,leukocytes,ATF2 IP - GM12878 cells,,,
YY1,ACOT2,uterus,YY1 IP - ECC1 cells,,,
TCF12,ACOT2,leukocytes,TCF12 IP - GM12878 cells,,,
TBP,ACOT2,stemcells,TBP IP - H1 cells,,,
GATA2,ACOT2,cns,GATA2 ChIP-Seq SH-SY5Y,,,
BHLHE40,ACOT2,liver,BHLHE40 IP - HepG2 cells,,,
ELF1,ACOT2,lung,ELF1 IP - A549 cells,,,
FORSK,ACOT2,liver,CEBPB IP | FORSK - HepG2 cells,,,
SRF,ACOT2,colon,SRF IP - HCT116 cells,,,
JUND,ACOT2,mammarygland,"JUND IP - MCF7 cells, JUND IP - T47D cells",,,
YY1,ACOT2,colon,YY1 IP - HCT116 cells,,,
JUND,ACOT2,colon,JUND IP - HCT116 cells,,,
TCF3,ACOT2,leukocytes,TCF3 IP - GM12878 cells,,,
ELF1,ACOT2,colon,ELF1 IP - HCT116 cells,,,
GABPA,ACOT2,liver,"GABPA IP - MCF7 cells, GABPA IP - HepG2 cells",,,
FOXM1,ACOT2,mammarygland,FOXM1 IP - DS017,,,
NFKB2,ACOT2,leukocytes,NFKB2 IP - Rep 2,,,
ATF2,ACOT2,stemcells,ATF2 IP - H1 cells,,,
RBPJ,ACOT2,leukocytes,RBPJ IP | COMPE - wash,,,
COMPE,ACOT2,leukocytes,RBPJ IP | COMPE - wash,,,
NFYB,ACOT2,uterus,NFYB IP - HeLa cells,,,
MYC,ACOT2,leukocytes,MYC IP - NB4 cells,,,
REST,ACOT2,liver,"REST IP - HepG2 cells, Rep 1, REST IP - HepG2 cells, Rep 2",,,
ATF3,ACOT2,colon,ATF3 IP - HCT116 cells,,,
GATA2,ACOT2,leukocytes,GATA2 IP - K562 cells,,,
MYBL2,ACOT2,liver,MYBL2 IP - HepG2 cells,,,
MAX,ACOT2,vasculature,MAX IP - HUVEC cells,,,
RELA,ACOT2,colon,RELA IP ,,,
TCF7L2,ACOT2,uterus,TCF7L2 IP - HeLa cells,,,
MYB,ACOT2,leukocytes,"MYB IP - Jurkat, Rep 4",,,
JUN,ACOT2,colon,JUN IP ,,,
MYC,ACOT2,liver,MYC IP,,,
CREB1,ACOT2,stemcells,CREB1 IP - H1 cells,,,
FOXH1,ACOT2,embryonictissue,FOXH1 IP - endoderm,,,
HOXA4,ACOT2,colon,HOXA4 IP ,,,
BATF,ACOT2,leukocytes,BATF IP - GM12878 cells,,,
TCF7L2,ACOT2,pancreas,TCF7L2 IP,,,
MAFK,ACOT2,liver,"MAFK IP - HepG2 cells, Rep 2",,,
TBP,ACOT2,liver,TBP IP - HepG2 cells,,,
MXI1,ACOT2,cns,MXI1 IP - SK-N-SH cells ,,,
TNF,ACOT2,lung,RELA IP | TNF,,,
GATA3,ACOT2,cns,GATA3 IP - SK-N-SH cells,,,
CTCF,ACOT4,leukocytes,"CTCF IP - GM12867 cells , CTCF IP - GM12878 cells, Rep 1 , CTCF IP - GM12870 cells , CTCF IP - GM2255 cells, Rep 2 , CTCF IP - GM19239 cells, Rep 1 , CTCF IP - GM12865 cells, Rep 2 , CTCF IP - GM12864 cells, Rep 2 , CTCF IP - GM2255 cells, Rep 1 , CTCF IP - MS1 cells, Rep 3 , CTCF IP - GM2630 cells, Rep 2 , CTCF IP - GM12864 cells, Rep 1 , CTCF IP - GM12891 cells, Rep 1 , CTCF IP - GM19240 cells, Rep 2 , CTCF IP - MS1 cells, Rep 4 , CTCF IP - GM12873 cells, Rep 3 , CTCF IP - GM12878 cells, Rep 2 , CTCF IP - GM18526 cells, Rep 2 , CTCF IP - GM2588 cells, Rep 2 , CTCF ChIP-Seq - GM12878, CTCF IP - GM19238 cells, Rep 2 , CTCF IP - GM19238 cells, Rep 1 , CTCF IP - GM18505 cells, Rep 2 , CTCF IP - GM12873 cells, Rep 1 , CTCF IP - GM18486 cells, Rep 1 , CTCF IP - GM12869 cells , CTCF IP - GM2610 cells, Rep 2 , CTCF IP - GM12878 cells, Rep 2 , CTCF IP - GM12872 cells, Rep 1 , CTCF IP - GM2610 cells, Rep 1 , CTCF IP - GM12892 cells, Rep 1 , CTCF IP - GM2255 cells, Rep 3 , CTCF IP - GM2610 cells, Rep 3 , CTCF IP - GM2588 cells, Rep 3 , CTCF IP - GM12874 cells, Rep 2 , CTCF IP - GM10847 cells, Rep 1 , CTCF IP - MS1 cells, Rep 2 , CTCF IP - GM12890 cells, Rep 3 , CTCF IP - GM2630 cells, Rep 3 , CTCF IP - GM19193 cells, Rep 1 , CTCF IP - MS1 cells, Rep 1 , CTCF IP - GM12874 cells, Rep 1 , CTCF IP - GM12891 cells, Rep 2 , CTCF IP - GM19240 cells, Rep 1 , CTCF IP - GM12892 cells, Rep 2 , CTCF IP - GM2588 cells, Rep 1 , CTCF IP - GM2630 cells, Rep 1 , CTCF IP - GM06990 cells, Rep 2 , CTCF IP - GM19099 cells, Rep 2 , CTCF IP - GM12873 cells, Rep 1 , CTCF IP - GM18486 cells, Rep 3 , CTCF IP - GM12890 cells, Rep 1 , CTCF IP - GM11994 cells, Rep 2, CTCF IP - GM18505 cells, Rep 1 , CTCF IP - GM12865 cells, Rep 1 , CTCF IP - GM12871 cells , CTCF IP - GM12868 cells , CTCF IP - GM19239 cells, Rep 2 ",,,
ERG,ACOT4,prostate,"ERG ChIP-Seq, DHT | ERG ChIP-Seq - 18 h, ERG ChIP-Seq, DHT | ERG ChIP-Seq - 2 h, JQI | ERG ChIP-Seq - Rep 1, DMSO | ERG ChIP-Seq - Rep 1, JQI | ERG ChIP-Seq - Rep 2, DMSO | ERG ChIP-Seq - Rep 2",,,
SPI1,ACOT4,leukocytes,"SPI1 IP, SPI1 IP, SPI1 IP - GM12878 cells, SPI1 IP, SPI1 IP, SPI1 IP - HL cells, SPI1 IP - GM12891 cells, SPI1 IP, SPI1 IP, SPI1 IP, SPI1 IP, ROSI | SPI1 ChIP-Seq",,,
E2F3,ACOT4,colon,E2F3 IP ,,,
CTCF,ACOT4,lung,"CTCF IP - SAEC cells, Rep 1 , CTCF IP - SAEC cells, Rep 2 , CTCF ChIP-Seq - A549, CTCF IP - A549 cells, Rep 2 ",,,
CTCF,ACOT4,kidney,"CTCF IP - HEK293 cells, Rep 1 ",,,
YY1,ACOT4,leukocytes,"YY1 IP - GM12892 cells, Rep 1, YY1 IP - GM12878 cells",,,
FOXA2,ACOT4,stemcells,"FOXA2 IP - ES D2, FOXA2 IP - ES D5",,,
MAX,ACOT4,uterus,"MAX IP - HeLa cells, Rep 1, MAX IP - ECC1 cells",,,
MAX,ACOT4,lung,MAX IP - A549 cells,,,
DHT,ACOT4,prostate,"DHT | ERG ChIP-Seq - 18 h, DHT | ERG ChIP-Seq - 2 h",,,
CEBPB,ACOT4,liver,"CEBPB IP | FORSK - HepG2 cells, CEBPB ChIP-Seq - HepG2",,,
FORSK,ACOT4,liver,CEBPB IP | FORSK - HepG2 cells,,,
E2F6,ACOT4,uterus,E2F6 IP - HeLa cells,,,
NFYA,ACOT4,uterus,NFYA IP - HeLa cells,,,
CTCF,ACOT4,pancreas,CTCF IP,,,
CTCF,ACOT4,colon,"CTCF IP - Caco , CTCF IP - Rep 2 ",,,
MYB,ACOT4,leukocytes,"MYB IP - Jurkat, Rep 5, MYB IP - Jurkat, Rep 4, MYB IP - Jurkat, Rep 3, MYB IP - Jurkat, Rep 2",,,
CTCF,ACOT4,skin,"CTCF IP - GM12878 cells, Rep 2 , CTCF IP - AG04449 cells, Rep 1 , CTCF IP - NHEK cells ",,,
FOXA1,ACOT4,prostate,"AR C562S OE + FOXA1 OE | FOXA1 ChIP-Seq, WT AR OE + FOXA1 OE | FOXA1 ChIP-Seq, WT AR OE + FOXA1 OE | FOXA1 ChIP-Seq - high FOXA1",,,
AR,ACOT4,prostate,"AR C562S OE + FOXA1 OE | FOXA1 ChIP-Seq, WT AR OE + FOXA1 OE | FOXA1 ChIP-Seq, WT AR OE + FOXA1 OE | FOXA1 ChIP-Seq - high FOXA1",,,
GABPA,ACOT4,prostate,"GABPA IP | R1881, GABPA IP - Rep 1",,,
R1881,ACOT4,prostate,GABPA IP | R1881,,,
MAFF,ACOT4,liver,MAFF IP - HepG2 cells,,,
PAX5,ACOT4,leukocytes,"PAX5 IP - GM12891 cells, PAX5 IP - GM12878 cells, Rep 1, PAX5 IP - GM12878 cells, Rep 2, PAX5 IP - GM12892 cells",,,
E2F6,ACOT4,stemcells,E2F6 IP - H1 cells,,,
CTCF,ACOT4,mammarygland,"CTCF IP - HMEC cells, Rep 1 , CTCF IP - T47D cells, CTCF IP - MCF-7 cells, Rep 1 , CTCF IP - MCF-7 cells Rep 2 , CTCF IP - MCF7 cells",,,
CTCF,ACOT4,liver,CTCF IP - SK-N-SH cells,,,
FOS,ACOT4,leukocytes,FOS IP - K562 cells,,,
ETS1,ACOT4,leukocytes,ETS1 IP,,,
SP1,ACOT4,liver,SP1 IP - HepG2 cells,,,
E2F1,ACOT4,mammarygland,E2F1 IP - MCF7 cells,,,
USF1,ACOT4,liver,USF1 IP - HepG2 cells,,,
EBF1,ACOT4,leukocytes,"EBF1 IP - GM12878 cells, EBF1 IP - GM12878 cells",,,
IRF1,ACOT4,colon,IRF1 IP ,,,
MTA3,ACOT4,leukocytes,MTA3 IP - GM12878 cells,,,
MAX,ACOT4,leukocytes,MAX IP - GM12878 cells,,,
CTCF,ACOT4,miscellaneous,"CTCF IP - AG09319 cells, Rep 1 ",,,
ELF1,ACOT4,mammarygland,ELF1 IP - MCF7 cells,,,
RELA,ACOT4,adiposetissue,"RELA IP, RELA IP",,,
JUND,ACOT4,cns,JUND IP - SK-N-SH cells ,,,
FOXA1,ACOT4,liver,"FOXA1 IP - HepG2 cells, Rep 2, FOXA1 IP - HepG2 cells, Rep 1",,,
GABPA,ACOT4,stemcells,GABPA IP - H1 cells,,,
ELF3,ACOT4,pancreas,"ELF3 IP, ELF3 IP",,,
POU2F2,ACOT4,leukocytes,"POU2F2 IP - Rep 2, POU2F2 IP - GM12878 cells",,,
STAT1,ACOT4,leukocytes,"STAT1 IP - Rep 5, STAT1 IP - Rep 3",,,
IFNG,ACOT4,leukocytes,"STAT1 IP - Rep 5, STAT1 IP - Rep 3",,,
SP1,ACOT4,leukocytes,SP1 IP - K562 cells,,,
YY1,ACOT4,uterus,YY1 IP - ECC1 cells,,,
ELF1,ACOT4,leukocytes,ELF1 IP - SK-N-SH cells,,,
MAX,ACOT4,liver,"MAX IP - MCF7 cells, MAX IP - HepG2 cells",,,
TBP,ACOT4,uterus,TBP IP - HeLa cells,,,
MYC,ACOT4,mammarygland,DHT | MYC ChIP-Seq,,,
DHT,ACOT4,mammarygland,"DHT | MYC ChIP-Seq, DHT | TCF7L2 ChIP-Seq, DHT | FOXA1 ChIP-Seq",,,
NFKB1,ACOT4,leukocytes,"NFKB1 IP - Rep 1, NFKB1 IP - Rep 2",,,
CEBPB,ACOT4,stemcells,CEBPB IP,,,
RELA,ACOT4,leukocytes,"RELA IP | TNF - GM12878 cells, RELA IP | TNF - GM19193 cells, RELA IP | TNF - GM12891 cells, RELA IP | TNF - GM12892 cells",,,
TNF,ACOT4,leukocytes,"RELA IP | TNF - GM12878 cells, RELA IP | TNF - GM19193 cells, RELA IP | TNF - GM12891 cells, RELA IP | TNF - GM12892 cells",,,
BHLHE40,ACOT4,leukocytes,BHLHE40 IP - GM12878 cells,,,
CTCF,ACOT4,hspcs,"CTCF IP - Erythroid cells, Rep 2, CTCF IP - Erythroid cells, Rep 1, CTCF IP - HSPCs, Rep 1",,,
JUND,ACOT4,vasculature,JUND IP,,,
MAFK,ACOT4,liver,"MAFK IP - HepG2 cells, Rep 2",,,
E2F6,ACOT4,lung,E2F6 IP - A549 cells,,,
CREB1,ACOT4,leukocytes,CREB1 IP - GM12878 cells,,,
E2F1,ACOT4,uterus,"E2F1 IP - HeLa cells, Rep 2, E2F1 IP - HeLa cells, Rep 1",,,
TBP,ACOT4,leukocytes,"TBP IP - GM12878 cells, TBP IP - K562 cells",,,
ZNF143,ACOT4,leukocytes,ZNF143 IP - GM12878 cells,,,
TCF7L2,ACOT4,mammarygland,"DHT | TCF7L2 ChIP-Seq, TCF7L2 ChIP-Seq",,,
SMAD1,ACOT4,hspcs,SMAD1 IP - Rep 3,,,
TCF12,ACOT4,lung,TCF12 IP - A549 cells,,,
FOXA1,ACOT4,mammarygland,"DHT | FOXA1 ChIP-Seq, FOXA1 ChIP-Seq - Rep 1",,,
TAL1,ACOT4,colon,TAL1 IP ,,,
NFYB,ACOT4,leukocytes,"NFYB IP - K562 cells, NFYB IP - GM12878 cells",,,
HOXA6,ACOT4,colon,HOXA6 IP ,,,
KLF5,ACOT4,pancreas,KLF5 IP,,,
FOXA1,ACOT4,lung,FOXA1 IP | DEX - A549 cells,,,
DEX,ACOT4,lung,FOXA1 IP | DEX - A549 cells,,,
CTCF,ACOT4,vasculature,"CTCF IP - HUVEC cells, Rep 1 , CTCF IP - HBMEC cells, Rep 1 ",,,
TEAD4,ACOT4,uterus,TEAD4 IP - ECC1 cells,,,
JUN,ACOT4,vasculature,JUN IP,,,
GATA3,ACOT4,mammarygland,GATA3 IP - MCF7 cells,,,
NFYB,ACOT4,uterus,NFYB IP - HeLa cells,,,
TP53,ACOT4,bone,TP53 IP | NUTL3 - SJSA-1,,,
JUND,ACOT4,liver,JUND IP - HepG2 cells,,,
TCF12,ACOT4,cns,TCF12 IP - SK-N-SH cells,,,
CTCF,ACOT4,esophagus,"CTCF IP - HEEpiC cells, Rep 1 ",,,
CEBPB,ACOT4,leukocytes,"CEBPB ChIP-Seq - K562, CEBPB IP | oxLDL  - Rep 208",,,
GATA2,ACOT4,hspcs,GATA2 IP,,,
GABPA,ACOT4,liver,GABPA IP - MCF7 cells,,,
NFYA,ACOT4,leukocytes,NFYA IP - K562 cells,,,
TCF12,ACOT4,uterus,TCF12 IP - ECC1 cells,,,
FOXA2,ACOT4,liver,FOXA2 IP - HepG2 cells,,,
FOXA2,ACOT4,embryonictissue,FOXA2 IP - Rep 2,,,
HIF1A,ACOT4,bone,HIF1A IP,,,
CTCF,ACOT4,cns,"CTCF IP - SK-N-SH cells, Rep 1 ",,,
MAX,ACOT4,stemcells,MAX IP - H1 cells,,,
JQ1,ACOT4,prostate,"JQI | ERG ChIP-Seq - Rep 1, JQI | ERG ChIP-Seq - Rep 2",,,
ROSI,ACOT4,leukocytes,ROSI | SPI1 ChIP-Seq,,,
MAX,ACOT7,liver,"MAX IP - MCF7 cells, MAX IP - HepG2 cells, MAX IP - HepG2 cells",,,
CREB1,ACOT7,prostate,"FOXA1 siRNA | CREB1 ChIP-Seq - Rep 2, CREB1 siRNA | FOXA1 ChIP-Seq - Rep 2, CREB1 ChIP-Seq - Rep 1, CREB1 siRNA | FOXA1 ChIP-Seq - Rep 1, FOXA1 siRNA | CREB1 ChIP-Seq - Rep 1, CREB1 ChIP-Seq - LNCaP, CREB1 ChIP-Seq - Rep 2, CREB1 ChIP-Seq - LNCaP-abl",,,
FOXA1,ACOT7,prostate,"FOXA1 siRNA | CREB1 ChIP-Seq - Rep 2, PIAS1 + R1881 | FOXA1 ChIP-Seq - Rep 2, CON KD + R1881 |Â FOXA1 ChIP-Seq, PIAS1 + R1881 | FOXA1 ChIP-Seq - Rep 1, WT AR OE + FOXA1 OE | FOXA1 ChIP-Seq - high FOXA1, FOXA1 ChIP-Seq, EtOH | FOXA1 ChIP-Seq - Rep 2, AR C562S OE + FOXA1 OE | FOXA1 ChIP-Seq, CON KD  |Â FOXA1 ChIP-Seq, CREB1 siRNA | FOXA1 ChIP-Seq - Rep 2, FOXA1 + FBS |Â GATA2 ChIP-Seq, R1881 | FOXA1 ChIP-Seq - Rep 1, CON KD | FOXA1 ChIP-Seq, FOXA1 ChIP-Seq - Rep 1, WT AR OE + FOXA1 OE | FOXA1 ChIP-Seq, FOXA1 ChIP-Seq - Rep 2, CREB1 siRNA | FOXA1 ChIP-Seq - Rep 1, CON KD + R1881 | FOXA1 ChIP-Seq - Rep 1, FOXA1 siRNA | CREB1 ChIP-Seq - Rep 1, CON KD | FOXA1 ChIP-Seq, GATA2 KD  |Â FOXA1 ChIP-Seq, EtOH | FOXA1 ChIP-Seq - , FOXA1 KD |Â GATA2 ChIP-Seq, DHT | FOXA1 ChIP-Seq, GATA2 KD + R1881 |Â FOXA1 ChIP-Seq, R1881 | FOXA1 ChIP-Seq - Rep 2, AR Q640X OE + FOXA1 OE | FOXA1 ChIP-Seq, FOXA1 ChIP-Seq - LNCaP-abl, CON KD |Â FOXA1 ChIP-Seq, CON KD + R1881 | FOXA1 ChIP-Seq - Rep 2",,,
FOXA1,ACOT7,mammarygland,"FOXA1 ChIP-Seq - Rep 1, DEX | FOXA1 ChIP-Seq - Rep 1, FOXA1 ChIP-Seq - Rep 1, 17BE2 | FOXA1 ChIP-Seq, 17BE2 | FOXA1 ChIP-Seq - Rep 1, DEX | FOXA1 ChIP-Seq - Rep 1, DEX | FOXA1 ChIP-Seq - Rep 1, FOXA1 ChIP-Seq - Rep 2, 17BE2 | FOXA1 ChIP-Seq - Rep 2, FOXA1 ChIP-Seq - Rep 2, FOXA1 ChIP-Seq, FOXA1 ChIP-Seq - Rep 2, FOXA1 ChIP-Seq - Rep 1, DHT | FOXA1 ChIP-Seq, 17BE2 | FOXA1 ChIP-Seq - Rep 1, 17BE2 | FOXA1 ChIP-Seq - Rep 2, 17BE2 | FOXA1 ChIP-Seq - Rep 1, DEX | FOXA1 ChIP-Seq - Rep 2, FOXA1 IP - T47D cells",,,
CTCF,ACOT7,leukocytes,"CTCF IP - MS1 cells, Rep 2 , CTCF IP - GM12875 cells, Rep 2 , CTCF IP - GM12815 cells, Rep 2, CTCF IP - GM12878 cells , CTCF IP - K562 cells, Rep 16 , CTCF IP - F36P cells, Rep 7 , CTCF IP - K562 cells, Rep 14 , CTCF IP - GM12814 cells, Rep 1, CTCF IP - GM2630 cells, Rep 3 , CTCF IP - GM12890 cells, Rep 3 , CTCF IP - MS1 cells, Rep 1 , CTCF IP - K562 cells, CTCF IP - HeLa cells, Rep 2 , CTCF IP - F36P cells, Rep 3 , CTCF IP - GM11894 cells, Rep 2, CTCF IP - NB4 cells , CTCF IP - GM12891 cells, Rep 2 , CTCF IP - GM11881 cells, CTCF IP - F36P cells, Rep 11 , CTCF IP - GM2610 cells, Rep 3 , CTCF IP - GM2630 cells, Rep 1 , CTCF IP - GM19240 cells, Rep 1 , CTCF IP - Â CD20+ cells , CTCF IP - GM06986 cells, CTCF IP - GM12868 cells , CTCF IP - GM19099 cells, Rep 2 , CTCF IP - GM12865 cells, Rep 1 , CTCF IP - F36P cells, Rep 18 , CTCF IP - GM12872 cells, Rep 2 , CTCF IP - GM19099 cells, Rep 1 , CTCF IP - GM12864 cells, Rep 3 , CTCF IP - GM19239 cells, Rep 2 , CTCF IP - GM10847 cells, Rep 2 , CTCF IP - GM18505 cells, Rep 1 , CTCF IP - GM12873 cells, Rep 1 , CTCF IP - GM12874 cells, Rep 2 , CTCF IP - F36P cells, Rep 17 , CTCF IP - GM12890 cells, Rep 2 , CTCF IP - F36P cells, Rep 19 , CTCF IP - GM19239 cells, Rep 1 , CTCF IP - GM12828 cells, CTCF IP - GM12005 cells, Rep 2, CTCF IP - GM12878 cells, Rep 1 , CTCF IP - F36P cells, Rep 13 , CTCF IP - K562 cells, CTCF IP - GM12864 cells, Rep 2 , CTCF IP - GM12234 cells, CTCF IP - GM11811 cells, Rep 1, CTCF IP - HL , CTCF IP - GM12287 cells, Rep 1, CTCF IP - MS1 cells, Rep 3 , CTCF IP - CD14+ cells , CTCF IP - GM18951 cells, Rep 2 , CTCF IP - GM12814 cells, Rep 2, CTCF IP - KU812 cells, Rep 5 , CTCF IP - GM12489 cells, Rep 1, CTCF IP - GM2255 cells, Rep 2 , CTCF ChIP-Seq - GM12878, CTCF IP - GM12891 cells, Rep 1 , CTCF IP - GM12749 cells, Rep 2, CTCF IP - HL-60 cells, Rep 5 , CTCF IP - GM06990 cells, Rep 2 , CTCF IP - K562 cells, Rep 15 , CTCF IP - GM2588 cells, Rep 2 , CTCF IP - MS1 cells, Rep 4 , CTCF IP - GM12874 cells, Rep 1 , CTCF IP - GM2588 cells, Rep 3 , CTCF IP - Â DND , CTCF IP - GM18486 cells, Rep 2 , CTCF IP - GM12873 cells, Rep 1 , CTCF IP - GM18505 cells, Rep 2 , CTCF IP - GM12878 cells, Rep 1 , CTCF IP - GM18526 cells, Rep 2 , CTCF IP - K562 cells, Rep 12 , CTCF IP - GM12287 cells, Rep 2, CTCF IP - F36P cells, Rep 2 , CTCF IP - GM18486 cells, Rep 1 , CTCF IP - GM12489 cells, Rep 2, CTCF IP - K562 cells, Rep 6 , CTCF IP - GM18951 cells, Rep 1 , CTCF IP - GM12892 cells, Rep 1 , CTCF IP - GM12867 cells , CTCF IP - GM12870 cells , CTCF IP - F36P cells, Rep 14 , CTCF IP - GM07037 cells, CTCF IP - GM2610 cells, Rep 1 , CTCF IP - GM12872 cells, Rep 3 , CTCF IP - GM12006 cells, Rep 2, CTCF IP - K562 cells, CTCF IP - GM12749 cells, Rep 1, CTCF IP - GM07346 cells, CTCF IP - GM11994 cells, Rep 2, CTCF IP - K562 cells, Rep 3 , CTCF IP - GM19193 cells, Rep 2 , CTCF IP - GM18526 cells, Rep 1 , CTCF IP, CTCF IP - GM12154 cells, Rep 2, CTCF IP - F36P cells, Rep 10 , CTCF IP - GM12864 cells, Rep 1 , CTCF IP - K562 cells, Rep 13 , CTCF IP - GM12892 cells, Rep 2 , CTCF IP - GM12873 cells, Rep 3 , CTCF IP - GM12875 cells, Rep 1 , CTCF IP - UT-7 cells, Rep 6 , CTCF IP - KU812 cells, Rep 13 , CTCF IP - GM12872 cells, CTCF IP - GM12890 cells, Rep 1 , CTCF IP - KU812 cells, Rep 17 , CTCF IP - UT-7 cells, Rep 3 , CTCF IP - K562 cells, Rep 2 , CTCF IP - GM18486 cells, Rep 3 , CTCF IP - K562 cells, Rep 11 , CTCF IP - GM12871 cells , CTCF IP - GM11831 cells, CTCF IP - GM12874 cells, CTCF IP - GM2630 cells, Rep 2 , CTCF IP - UT-7 cells, Rep 5 , CTCF IP - K562 cells , CTCF IP - GM2588 cells, Rep 1 , CTCF IP - GM12878 cells, Rep 2 , CTCF IP - K562 cells, Rep 7 , CTCF IP - GM12872 cells, Rep 1 , CTCF IP - GM11994 cells, Rep 1, CTCF IP - GM12815 cells, Rep 1, CTCF IP - K562 cells, Rep 1 , CTCF IP - F36P cells, Rep 15 , CTCF IP - GM12154 cells, Rep 1, CTCF IP - GM11992 cells, Rep 2, CTCF IP - GM2255 cells, Rep 1 , CTCF IP - F36P cells, Rep 6 , CTCF IP - GM2610 cells, Rep 2 , CTCF IP - GM11992 cells, Rep 1, CTCF IP - GM12866 cells , CTCF IP - F36P cells, Rep 5 , CTCF IP - GM19240 cells, Rep 2 , CTCF IP - UT-7 cells, Rep 4 , CTCF IP - GM19238 cells, Rep 1 , CTCF IP - HL-60 cells, Rep 3 , CTCF IP - F36P cells, Rep 9 , CTCF IP - GM12878 cells, Rep 2 , CTCF IP - GM19238 cells, Rep 2 , CTCF IP - UT-7 cells, Rep 1 , CTCF IP - KU812 cells, Rep 1 , CTCF IP - GM12869 cells , CTCF IP - K562 cells, Rep 9 , CTCF IP - GM11811 cells, Rep 2, CTCF IP - GM12865 cells, Rep 3 , CTCF IP - GM19193 cells, Rep 1 , CTCF IP - KU812 cells, Rep 9 , CTCF IP - UT-7 cells, Rep 2 , CTCF IP - GM12865 cells, Rep 2 , CTCF IP - GM06990 cells, Rep 1 , CTCF IP - K562 cells, Rep 1 , CTCF IP - GM11894 cells, Rep 1, CTCF IP - K562 cells, Rep 5 , CTCF IP - GM10847 cells, Rep 1 , CTCF IP - F36P cells, Rep 1 , CTCF IP - GM2255 cells, Rep 3 ",,,
IRF1,ACOT7,pancreas,IRF1 IP,,,
CTCF,ACOT7,hspcs,"CTCF IP - HEL 92.1.7 cells, Rep 5 , CTCF IP - HEL 92.1.7 cells, Rep 1 , CTCF IP - Erythroid cells, Rep 2, CTCF IP - HEL 92.1.7 cells, Rep 7 , CTCF IP - HEL 92.1.7 cells, Rep 13 , CTCF IP - HEL 92.1.7 cells, Rep 2 , CTCF IP - HSPCs, Rep 2, CTCF IP - HEL 92.1.7 cells, Rep 4 , CTCF IP - HEL 92.1.7 cells, Rep 10 , CTCF IP - Erythroid cells, Rep 1, CTCF IP - HEL 92.1.7 cells, Rep 11 , CTCF IP - HSPCs, Rep 1, CTCF IP - HEL 92.1.7 cells, Rep 8 , CTCF IP - HEL 92.1.7 cells, Rep 14 ",,,
GABPA,ACOT7,uterus,GABPA IP - HeLa cells,,,
TCF21,ACOT7,vasculature,"TCF21 IP, TCF21 IP, TCF21 IP, TCF21 IP",,,
EBF1,ACOT7,leukocytes,"EBF1 IP - GM12878 cells, EBF1 IP - GM12878 cells",,,
DEX,ACOT7,mammarygland,"DEX | FOXA1 ChIP-Seq - Rep 1, DEX | FOXA1 ChIP-Seq - Rep 1, DEX | FOXA1 ChIP-Seq - Rep 1, JUN IP | DEX, DEX | FOXA1 ChIP-Seq - Rep 2",,,
YY1,ACOT7,leukocytes,"YY1 IP - K562 cells, Rep 1, YY1 IP - GM12878 cells, YY1 IP - GM12891 cells, YY1 IP - GM12892 cells, Rep 1, YY1 IP - K562 cells, Rep 2",,,
ARID3A,ACOT7,liver,ARID3A IP - HepG2 cells,,,
RELA,ACOT7,leukocytes,"RELA IP | TNF - GM15510 cells, RELA IP | TNF - GM19099 cells, RELA IP | TNF - GM19193 cells, RELA IP | TNF - GM12878 cells, RELA IP | TNF - GM18951 cells, RELA IP | BAY082  - IVD Th1 cells, PIA, RELA IP - IVD Th1 cells, PIA, RELA IP | TNF - GM10847 cells, RELA IP | TNF - GM18505 cells, RELA IP | TNF - GM12891 cells, RELA IP | TNF - GM12892 cells",,,
TNF,ACOT7,leukocytes,"RELA IP | TNF - GM15510 cells, RELA IP | TNF - GM19193 cells, RELA IP | TNF - GM12878 cells, RELA IP | TNF - GM18951 cells, RELA IP | TNF - GM10847 cells, RELA IP | TNF - GM18505 cells, RELA IP | TNF - GM12891 cells, RELA IP | TNF - GM12892 cells",,,
CTCF,ACOT7,sensory,"CTCF IP - HRPEpiC cells, Rep 2 , CTCF IP - WERI , CTCF IP - WERI-Rb-1- cells, Rep 1 , CTCF IP - HRPEpiC cells, Rep 1 ",,,
MXI1,ACOT7,liver,MXI1 IP - HepG2 cells,,,
CTCF,ACOT7,adiposetissue,"CTCF ChIP-Seq - d -2, CTCF ChIP-Seq - d 0, CTCF ChIP-Seq - dÂ 3, CTCF ChIP-Seq - d 9",,,
ASCL1,ACOT7,skin,"ASCL1 IP - NHEK, ASCL1 IP - NHDF",,,
FOXA1,ACOT7,pancreas,"FOXA1 IP, FOXA1 IP",,,
GATA2,ACOT7,prostate,"GATA2 ChIP-Seq - Rep 1, CON KD |Â GATA2 ChIP-Seq, GATA2 ChIP-Seq, GATA2 KD + R1881 |Â GATA2 ChIP-Seq, CON KD + R1881 |Â GATA2 ChIP-Seq, FOXA1 + FBS |Â GATA2 ChIP-Seq, CON KD  |Â GATA2 ChIP-Seq, CON KD + FBS |Â GATA2 ChIP-Seq, GATA2 KD  |Â FOXA1 ChIP-Seq, FOXA1 KD |Â GATA2 ChIP-Seq, GATA2 KD + R1881 |Â FOXA1 ChIP-Seq, GATA2 ChIP-Seq - Rep 2",,,
GABPA,ACOT7,liver,"GABPA IP - MCF7 cells, GABPA IP - HepG2 cells",,,
GTF2B,ACOT7,uterus,"GTF2B IP - Rep 2, GTF2B IP - Rep 3",,,
TCF12,ACOT7,leukocytes,TCF12 IP - GM12878 cells,,,
YY1,ACOT7,stemcells,YY1 IP - H1 cells,,,
CTCF,ACOT7,vasculature,"CTCF IP - HUVEC cells, Rep 1 , CTCF IP - AoAFC cells, Rep 2 , CTCF IP - HPAF cells, Rep 2 , CTCF IP - HUVEC cells, Rep 2 , CTCF IP - HPAF cells, Rep 1 , CTCF IP - AoAFC cells, Rep 1 , CTCF IP - HUVEC cells , CTCF IP - HBMEC cells, Rep 1 , CTCF IP - HBMEC cells, Rep 2 ",,,
CEBPB,ACOT7,stemcells,"CEBPB IP, CEBPB IP, CEBPB IP, CEBPB IP - H1 cells, CEBPB IP",,,
CTCF,ACOT7,mammarygland,"CTCF IP - MCF-7 cells Rep 2 , CTCF IP - MCF-7 cells, Rep 1 , CTCF IP - HMF cells, Rep 1 , CTCF IP - MCF7 cells, CTCF IP - T47D cells, CTCF IP - HMF cells, Rep 2 , CTCF IP - HMEC cells , CTCF IP - HMEC cells, Rep 2 , CTCF IP - HMEC cells, Rep 1 ",,,
17BE2,ACOT7,mammarygland,"17BE2 | FOXA1 ChIP-Seq, 17BE2 | FOXA1 ChIP-Seq - Rep 1, 17BE2 | FOXA1 ChIP-Seq - Rep 2, 17BE2 | FOXA1 ChIP-Seq - Rep 1, 17BE2 | FOXA1 ChIP-Seq - Rep 2, 17BE2 | FOXA1 ChIP-Seq - Rep 1",,,
E2F1,ACOT7,prostate,"E2F1 ChIP-Seq - Rep 2, E2F1 ChIP-Seq - Rep 3, HES6 OE | E2F1 ChIP-Seq - Rep 1, HES6 OE + BICALU | E2F1 ChIP-Seq - Rep 1, E2F1 ChIP-Seq - Rep 4, E2F1 ChIP-Seq - Rep 1, HES6 OE + BICALU | E2F1 ChIP-Seq - Rep 3, BICALU | E2F1 ChIP-Seq - Rep 1, BICALU | E2F1 ChIP-Seq - Rep 2, BICALU | E2F1 ChIP-Seq - Rep 3, HES6 OE | E2F1 ChIP-Seq - Rep 2, HES6 OE | E2F1 ChIP-Seq - Rep 3",,,
CTCF,ACOT7,placenta,"CTCF IP - HVMF cells, Rep 2 , CTCF IP - HVMF cells, Rep 1 ",,,
CTCF,ACOT7,skin,"CTCF IP - AG10803 cells, Rep 2 , CTCF IP - AG04449 cells, Rep 1 , CTCF IP - NHDF cells , CTCF IP - HFFC cells, Rep 1 , CTCF IP - HFFC cells, Rep 3 , CTCF IP - NHDF cells, Rep 1 , CTCF IP - HFFC cells, Rep 2 , CTCF IP - BJ cells, Rep 2 , CTCF IP - NHEK cells, Rep 2 , CTCF IP - NHEK cells , CTCF IP - AG04449 cells, Rep 2 , CTCF IP - BJ cells, Rep 1 , CTCF IP - GM12878 cells, Rep 2 , CTCF IP - AG10803 cells, Rep 1 , CTCF IP - AG09309 cells, Rep 2 , CTCF IP - AG09309 cells, Rep 1 , CTCF IP - NHDF cells, Rep 2 ",,,
IRF1,ACOT7,colon,IRF1 IP ,,,
USF1,ACOT7,leukocytes,"USF1 IP - K562 cells, USF1 IP - GM12878 cells",,,
FOS,ACOT7,mammarygland,"FOS IP | 4HT - MCF10A cells, 36 h, FOS IP | 4HT - MCF10A cells, 4 h, FOS IP | 4HT - MCF10A cells, 12 h, FOS IP - MCF10A cells",,,
4HT,ACOT7,mammarygland,"FOS IP | 4HT - MCF10A cells, 36 h, FOS IP | 4HT - MCF10A cells, 4 h, STAT3 IP | 4HT - MCF10 cells, 12 h, E2F4 IP | 4HT - MCF10 cells, STAT3 IP | 4HT - MCF10 cells, 36 h, FOS IP | 4HT - MCF10A cells, 12 h, MYC IP | 4HT - MCF10A cells",,,
CEBPB,ACOT7,lung,"CEBPB ChIP-Seq - IMR90, CEBPB ChIP-Seq - A549",,,
MYB,ACOT7,leukocytes,"MYB IP - Jurkat, Rep 2, MYB IP - Jurkat, Rep 1, MYB IP - Jurkat, Rep 3, MYB IP - MOLT3, MYB IP - Jurkat, Rep 5, MYB IP - Jurkat, Rep 4",,,
ZBTB7A,ACOT7,uterus,ZBTB7A IP - ECC1 cells,,,
R1881,ACOT7,prostate,"PIAS1 + R1881 | FOXA1 ChIP-Seq - Rep 2, CON KD + R1881 |Â FOXA1 ChIP-Seq, PIAS1 + R1881 | FOXA1 ChIP-Seq - Rep 1, GATA2 KD + R1881 |Â GATA2 ChIP-Seq, CON KD + R1881 |Â GATA2 ChIP-Seq, R1881 | FOXA1 ChIP-Seq - Rep 1, CON KD + R1881 | FOXA1 ChIP-Seq - Rep 1, GABPA IP | R1881, GATA2 KD + R1881 |Â FOXA1 ChIP-Seq, R1881 | FOXA1 ChIP-Seq - Rep 2, CON KD + R1881 | FOXA1 ChIP-Seq - Rep 2",,,
PIAS1,ACOT7,prostate,"PIAS1 + R1881 | FOXA1 ChIP-Seq - Rep 2, PIAS1 + R1881 | FOXA1 ChIP-Seq - Rep 1",,,
MYC,ACOT7,leukocytes,"MYC IP | IFNG - K562 cells, 6 h, MYC IP | IFNG - K562 cells, 30 min, MYC IP | IFNA1 - K562 cells, 6 h, MYC IP - K562 cells, Rep 2, MYC IP - NB4 cells, MYC IP | IFNA1 - K562 cells, 30 min, MYC IP - K562 cells, Rep 1",,,
IFNG,ACOT7,leukocytes,"MYC IP | IFNG - K562 cells, 6 h, STAT1 IP - Rep 5, MYC IP | IFNG - K562 cells, 30 min, STAT1 IP - Rep 1, STAT1 IP - Rep 4, STAT1 IP - Rep 2, IRF1 IP - Rep 3, STAT1 IP - Rep 3, IRF1 IP | IFNG - K562 cells, 30 min, IRF1 IP | IFNG - K562 cells, 6 h, STAT1 IP | IFNG - K562 cells, 6 h",,,
RUNX1,ACOT7,leukocytes,"RUNX1 IP, RUNX1 IP - Rep 1, RUNX1 IP, RUNX1 IP - Rep 2",,,
IRF1,ACOT7,leukocytes,"IRF1 IP | IFNA1-13 - K562 cells, 6 h, IRF1 IP | IFNA1-13 - K562 cells, 30 min, IRF1 IP - Rep 3, IRF1 IP | IFNG - K562 cells, 30 min, IRF1 IP | IFNG - K562 cells, 6 h",,,
IFNA1,ACOT7,leukocytes,"IRF1 IP | IFNA1-13 - K562 cells, 6 h, IRF1 IP | IFNA1-13 - K562 cells, 30 min, MYC IP | IFNA1 - K562 cells, 6 h, STAT2 IP | IFNA1-13 - K562 cells, 30 min, STAT1 IP | IFNA1-13 - K562 cells, 6 h, MYC IP | IFNA1 - K562 cells, 30 min, STAT2 IP | IFNA1-13 - K562 cells, 6 h",,,
FOXM1,ACOT7,mammarygland,"FOXM1 IP | THSP - DS006, FOXM1 IP | THSP - DS008",,,
CTCF,ACOT7,kidney,"CTCF IP - RPTEC cells, Rep 1 , CTCF IP - HEK293 cells, Rep 2 , CTCF IP - HEK293 cells, Rep 1 , CTCF IP - HRE cells, Rep 1 , CTCF IP - RPTEC cells, Rep 2 , CTCF IP - HRE cells, Rep 2 ",,,
CTCF,ACOT7,lung,"CTCF IP | DEX - A549 cells, CTCF IP - AG04450 cells, Rep 2 , CTCF IP - HPF cells, Rep 2 , CTCF IP - WI-38 cells, Rep 1 , CTCF IP - A549 cells, CTCF IP - A549 cells, Rep 2 , CTCF IP - NHLF cells , CTCF ChIP-Seq - A549, CTCF IP - AG04450 cells, Rep 1 , CTCF IP - IMR cells, CTCF IP - WI-38 cells, Rep 2 , CTCF IP | DEX - A549 cells , CTCF IP - A549 cells , CTCF IP - SAEC cells, Rep 2 , CTCF IP - HPF cells, Rep 1 , CTCF IP - A549 cells, Rep 1 , CTCF IP - NHLF cells , CTCF IP - SAEC cells, Rep 1 ",,,
DEX,ACOT7,lung,"CTCF IP | DEX - A549 cells, FOXA1 IP | DEX - A549 cells, CTCF IP | DEX - A549 cells , CREB1 IP | DEX - A549 cells, USF1 IP | DEX - A549 cells",,,
NFKB2,ACOT7,leukocytes,"NFKB2 IP - Rep 2, NFKB2 IP - Rep 1",,,
GATA2,ACOT7,vasculature,GATA2 IP - HUVEC cells,,,
E2F1,ACOT7,mammarygland,"E2F1 IP - MCF7 cells, E2F1 IP",,,
REST,ACOT7,cns,"REST IP - PFSK1 cells, Rep 2, REST IP - PFSK-N-SH cells1 cells, Rep 1, REST IP - SK cells, REST IP - U87 cells",,,
JUN,ACOT7,mammarygland,"JUN IP, JUN IP - Rep 2, JUN IP | DEX, JUN IP - Rep 1",,,
ELF1,ACOT7,colon,ELF1 IP - HCT116 cells,,,
FOSL2,ACOT7,cns,FOSL2 IP - SK-N-SH cells,,,
CTCF,ACOT7,colon,"CTCF IP - HCT116 cells, Rep 2 , CTCF IP - Caco-2 cells, Rep 1 , CTCF IP - HCT116 cells, Rep 1 , CTCF IP - HCT116 cells, CTCF IP - Caco , CTCF IP - Rep 2 ",,,
ETS1,ACOT7,leukocytes,"ETS1 IP, ETS1 IP - K562 cells, ETS1 IP - GM12878 cells",,,
E2F3,ACOT7,colon,E2F3 IP ,,,
FOXA1,ACOT7,liver,"FOXA1 IP - HepG2 cells, Rep 1, FOXA1 IP - HepG2 cells, Rep 2",,,
STAT5A,ACOT7,leukocytes,STAT5A IP - K562 cells,,,
GATA2,ACOT7,leukocytes,"GATA2 IP - K562 cells, GATA2 IP - K562 cells",,,
MAX,ACOT7,leukocytes,"MAX IP - NB4 cells, MAX IP - K562 cells, Rep 2, MAX IP - GM12878 cells, MAX IP - K562 cells, MAX IP - K562 cells, Rep 1",,,
GATA3,ACOT7,cns,"GATA3 IP - SHSY5Y cells, GATA3 IP - SK-N-SH cells",,,
ATF3,ACOT7,leukocytes,ATF3 IP - K562 cells,,,
CTCF,ACOT7,stemcells,"CTCF IP - Rep 6 , CTCF IP - H1 cells, CTCF IP - Rep 5 , CTCF IP - Rep 2 , CTCF IP - Rep 4 , CTCF IP - Rep 7 , CTCF IP - Rep 1 , CTCF IP - H1 cells , CTCF IP - Rep 3 ",,,
TP63,ACOT7,skin,"TP63 IP, TP63 IP, TP63 IP, TP63 IP | BANF1 KD",,,
SRF,ACOT7,stemcells,"SRF IP - Rep 4 , SRF IP - Rep 7 , SRF IP - Rep 5 , SRF IP - Rep 1 , SRF IP - Rep 3 ",,,
FOXA1,ACOT7,lung,"FOXA1 IP - A549 cells, FOXA1 IP | DEX - A549 cells",,,
CREB1,ACOT7,liver,"CREB1 IP, CREB1 IP - HepG2 cells",,,
CTCF,ACOT7,megakaryocytelineage,"CTCF IP - MEG-01 cells, Rep 6 , CTCF IP - MEG-01 cells, Rep 2 , CTCF IP - MEG-01 cells, Rep 4 , CTCF IP - MEG-01 cells, Rep 10 , CTCF IP - MEG-01 cells, Rep 8 ",,,
ELF1,ACOT7,mammarygland,ELF1 IP - MCF7 cells,,,
TEAD4,ACOT7,stemcells,TEAD4 IP - H1 cells,,,
SPI1,ACOT7,leukocytes,"SPI1 IP - GM12878 cells, Rep 2 , SPI1 IP, SPI1 IP, SPI1 IP, SPI1 IP - HL cells, SPI1 IP - GM12878 cells, Rep 3 , SPI1 IP - GM12878 cells, Rep 4 , SPI1 IP, SPI1 IP, SPI1 IP, SPI1 IP - U-937 cells, Rep 4 , SPI1 IP - GM12891 cells, SPI1 IP - GM12878 cells, SPI1 IP",,,
FOXA2,ACOT7,stemcells,"FOXA2 IP - ES D10, FOXA2 IP - ES D2, FOXA2 IP - ES D5, FOXA2 IP - ES D7",,,
GATA4,ACOT7,stomach,"GATA4 IP - AGS, GATA4 IP - YCC3",,,
CREB1,ACOT7,leukocytes,"CREB1 IP - K562 cells, CREB1 IP - GM12878 cells",,,
MYC,ACOT7,mammarygland,"MYC IP - MCF-10A cells, MYC IP, DHT | MYC ChIP-Seq, MYC IP | 4HT - MCF10A cells",,,
GATA4,ACOT7,stemcells,"GATA4 IP - Rep 5 , GATA4 IP - Rep 1 , GATA4 IP - Rep 6 , GATA4 IP - Rep 4 , GATA4 IP - Rep 8 , GATA4 IP - Rep 7 , GATA4 IP - Rep 13 ",,,
MXI1,ACOT7,stemcells,MXI1 IP - H1 cells,,,
CTCF,ACOT7,cns,"CTCF IP - NHA cells , CTCF IP - SK-N-SH cells, Rep 1 , CTCF IP - spinal cord astrocyte cells, Rep 1 , CTCF IP - spinal cord astrocyte cells, Rep 2 , CTCF IP - SK-N-SH cells , CTCF IP - cerebellar astrocyte cells, Rep 2 , CTCF IP - cerebellar astrocyte cells, Rep 1 , CTCF IP - HCPEpiC cells, Rep 2 , CTCF IP - SK cells, CTCF IP - SK-N-SH cells, Rep 2 , CTCF IP - BE(2)-C cells, Rep 1 , CTCF IP - BE(2)-C cells, Rep 2 , CTCF IP - HCPEpiC cells, Rep 1 ",,,
REST,ACOT7,mammarygland,REST IP - MCF7 cells,,,
MYBL2,ACOT7,liver,MYBL2 IP - HepG2 cells,,,
USF1,ACOT7,lung,"USF1 IP - A549 cells, Rep 2, USF1 IP - A549 cells, Rep 1, USF1 IP | DEX - A549 cells",,,
CTCF,ACOT7,uterus,"CTCF IP - HeLa cells , CTCF IP - ECC1 cells, CTCF IP - HeLa cells, Rep 1 ",,,
GATA1,ACOT7,hspcs,"GATA1 IP - PBDE cells, Rep 1, GATA1 IP - Rep 2, GATA1 IP - Rep 1, GATA1 IP - Rep 3",,,
TBP,ACOT7,leukocytes,"TBP IP - GM12878 cells, TBP IP - K562 cells",,,
NFYB,ACOT7,leukocytes,"NFYB IP - K562 cells, NFYB IP - GM12878 cells",,,
MXI1,ACOT7,lung,MXI1 IP - IMR cells,,,
GABPA,ACOT7,cns,GABPA IP - SK-N-SH cells,,,
MYC,ACOT7,uterus,MYC IP - HeLa cells,,,
CEBPB,ACOT7,uterus,CEBPB ChIP-Seq - HeLaS3,,,
USF2,ACOT7,leukocytes,"USF2 IP - K562 cells, USF2 IP - GM12878 cells",,,
STAT1,ACOT7,leukocytes,"STAT1 IP - Rep 5, STAT1 IP - Rep 1, STAT1 IP - Rep 4, STAT1 IP - Rep 2, STAT1 IP - Rep 3, STAT1 IP | IFNA1-13 - K562 cells, 6 h, STAT1 IP | IFNG - K562 cells, 6 h",,,
STAT3,ACOT7,mammarygland,"STAT3 IP | 4HT - MCF10 cells, 12 h, STAT3 IP | 4HT - MCF10 cells, 36 h, STAT3 IP - MCF10A cells, Rep 2",,,
HES6,ACOT7,prostate,"HES6 OE | E2F1 ChIP-Seq - Rep 1, HES6 OE + BICALU | E2F1 ChIP-Seq - Rep 1, HES6 OE + BICALU | E2F1 ChIP-Seq - Rep 3, HES6 OE | E2F1 ChIP-Seq - Rep 2, HES6 OE | E2F1 ChIP-Seq - Rep 3",,,
BICALU,ACOT7,prostate,"HES6 OE + BICALU | E2F1 ChIP-Seq - Rep 1, HES6 OE + BICALU | E2F1 ChIP-Seq - Rep 3, BICALU | E2F1 ChIP-Seq - Rep 1, BICALU | E2F1 ChIP-Seq - Rep 2, BICALU | E2F1 ChIP-Seq - Rep 3",,,
RELB,ACOT7,leukocytes,"RELB IP - Rep 2, RELB IP - Rep 1",,,
HEY1,ACOT7,leukocytes,HEY1 IP - K562 cells,,,
ELF1,ACOT7,leukocytes,"ELF1 IP - SK-N-SH cells, ELF1 IP - SK-N-SH cells",20517297,,
STAT5B,ACOT7,leukocytes,"STAT5B IP | H9, Rep 2, STAT5B IP | IL2 - Rep 2, STAT5B IP | H9, Rep 2, STAT5B IP | IL2 - Rep 2",,,
H9,ACOT7,leukocytes,"STAT5B IP | H9, Rep 2, STAT5B IP | H9, Rep 2",,,
MAFK,ACOT7,stemcells,MAFK IP - H1 cells,,,
MYC,ACOT7,liver,MYC IP,,,
ELF3,ACOT7,pancreas,"ELF3 IP | KLF5 KO, ELF3 IP, ELF3 IP",,,
KLF5,ACOT7,pancreas,"ELF3 IP | KLF5 KO, KLF5 IP",,,
GATA6,ACOT7,stomach,"GATA6 IP - AGS, GATA6 IP - YCC3",,,
BHLHE40,ACOT7,leukocytes,"BHLHE40 IP - K562 cells, BHLHE40 IP - GM12878 cells",,,
AR,ACOT7,prostate,"WT AR OE + FOXA1 OE | FOXA1 ChIP-Seq - high FOXA1, AR C562S OE + FOXA1 OE | FOXA1 ChIP-Seq, WT AR OE + FOXA1 OE | FOXA1 ChIP-Seq, AR Q640X OE + FOXA1 OE | FOXA1 ChIP-Seq",19668381,,
CEBPB,ACOT7,leukocytes,"CEBPB IP - HL-60 cells, Rep 1 , CEBPB IP - K562 cells, CEBPB ChIP-Seq - K562, CEBPB IP - HL-60 cells, Rep 2 ",,,
MYC,ACOT7,bone,"MYC IP, MYC IP, MYC IP",,,
POU2F2,ACOT7,leukocytes,POU2F2 IP - GM12878 cells,,,
OTX2,ACOT7,stemcells,OTX2 IP - Rep 10 ,,,
MAX,ACOT7,uterus,"MAX IP - HeLa cells, Rep 1, MAX IP - ECC1 cells, MAX IP - HeLa cells, Rep 2",,,
GATA1,ACOT7,leukocytes,"GATA1 ChIP-Seq - SC266, GATA1 ChIP-Seq - K562",,,
FOXA2,ACOT7,lung,FOXA2 IP - A549 cells,,,
MAX,ACOT7,lung,"MAX IP - A549 cells, MAX IP - A549 cells",,,
STAT1,ACOT7,uterus,"STAT1 IP | IFNG - HeLa cells, 30 min",,,
IFNG,ACOT7,uterus,"STAT1 IP | IFNG - HeLa cells, 30 min",,,
SP1,ACOT7,colon,SP1 IP - HCT116 cells,,,
FOSL1,ACOT7,mammarygland,FOSL1 IP,,,
MAX,ACOT7,stemcells,"MAX IP - H1 cells, MAX IP - H1 cells",,,
E2F6,ACOT7,stemcells,E2F6 IP - H1 cells,,,
NFYB,ACOT7,uterus,NFYB IP - HeLa cells,,,
CEBPB,ACOT7,mammarygland,CEBPB IP - MCF7 cells,,,
SP1,ACOT7,lung,SP1 IP - A549 cells,,,
REST,ACOT7,liver,"REST IP - HepG2 cells, Rep 1",,,
PBX3,ACOT7,cns,PBX3 IP - SK-N-SH cells,,,
CEBPB,ACOT7,liver,"CEBPB ChIP-Seq - HepG2, CEBPB IP - HepG2 cells, CEBPB IP | FORSK - HepG2 cells",,,
PAX5,ACOT7,leukocytes,"PAX5 IP - GM12891 cells, PAX5 IP - GM12878 cells, Rep 1, PAX5 IP - GM12878 cells, Rep 2, PAX5 IP - GM12892 cells",,,
NANOG,ACOT7,stemcells,NANOG IP - H1 cells,,,
NFKB1,ACOT7,leukocytes,"NFKB1 IP - Rep 1, NFKB1 IP - Rep 2",,,
CTCF,ACOT7,miscellaneous,"CTCF IP - AG09319 cells, Rep 2 , CTCF IP - AG09319 cells, Rep 1 ",,,
YY1,ACOT7,cns,"YY1 IP - SK-N-SH cells, YY1 IP | ATRA - SK-N-SH cells",,,
SATB1,ACOT7,liver,SATB1 IP,,,
E2F4,ACOT7,mammarygland,E2F4 IP | 4HT - MCF10 cells,,,
CTCF,ACOT7,heart,"CTCF IP - HCF cells , CTCF IP - myocytes cells, Rep 1 , CTCF IP - myocytes cells, Rep 2 ",,,
TBP,ACOT7,liver,TBP IP - HepG2 cells,,,
SMAD4,ACOT7,stemcells,SMAD4 ChIP-Seq - ESCs,,,
TP53,ACOT7,mammarygland,"TP53 IP, TP53 IP | NUTL3 - MCF-7",,,
SP1,ACOT7,leukocytes,"SP1 IP - K562 cells, SP1 IP - GM12878 cells",,,
BHLHE40,ACOT7,liver,BHLHE40 IP - HepG2 cells,,,
MAX,ACOT7,vasculature,MAX IP - HUVEC cells,,,
KLF11,ACOT7,adiposetissue,"ROSI (BrAT) | KLF11 ChIP-Seq, Rep 1, KLF11 ChIP-Seq, Rep 1, ROSI (BrAT) | KLF11 ChIP-Seq, Rep 2, KLF11 ChIP-Seq, Rep 2",,,
ROSI,ACOT7,adiposetissue,"ROSI (BrAT) | KLF11 ChIP-Seq, Rep 1, ROSI (BrAT) | KLF11 ChIP-Seq, Rep 2",,,
FOSL2,ACOT7,liver,FOSL2 IP - HepG2 cells,,,
TCF12,ACOT7,lung,TCF12 IP - A549 cells,,,
CTCF,ACOT7,bone,"CTCF IP - Osteoblasts , CTCF IP",,,
JUND,ACOT7,cns,"JUND IP - SK-N-SH cells , JUND IP - SK-N-SH cells",,,
TP73,ACOT7,bone,"TP73 IP - alpha isoform, Rep 1",,,
CTCF,ACOT7,esophagus,"CTCF IP - HEEpiC cells, Rep 1 , CTCF IP - HEEpiC cells, Rep 2 ",,,
IRF4,ACOT7,leukocytes,IRF4 IP,,,
CEBPB,ACOT7,colon,"CEBPB IP, CEBPB IP - HCT116 cells, CEBPB IP | 125DVD3",,,
GATA2,ACOT7,cns,GATA2 ChIP-Seq SH-SY5Y,,,
E2F1,ACOT7,uterus,"E2F1 IP - HeLa cells, Rep 1, E2F1 IP - HeLa cells, Rep 2",,,
TP53,ACOT7,skin,TP53 IP - Adriam,,,
E2F4,ACOT7,leukocytes,"E2F4 IP - K562 cells, E2F4 IP - GM12878 cells",21247883,,
BAY082,ACOT7,leukocytes,"RELA IP | BAY082  - IVD Th1 cells, PIA",,,
REST,ACOT7,leukocytes,REST IP - K562 cells,,,
ATF3,ACOT7,colon,"ATF3 IP, ATF3 IP - HCT116 cells, ATF3 IP | CAMPTO",,,
CTCF,ACOT7,skeletalmuscle,"CTCF IP - HSMM cells, Rep 1 , CTCF IP - HSMM cells, Rep 2 ",,,
JUN,ACOT7,leukocytes,"JUN IP - K562 cells, Rep 1, JUN IP - K562 cells, Rep 2",,,
DHT,ACOT7,mammarygland,"DHT | MYC ChIP-Seq, DHT | FOXA1 ChIP-Seq",,,
TP63,ACOT7,lung,TP63 IP - HCC95,,,
RELA,ACOT7,adiposetissue,"RELA IP, RELA IP, RELA IP",,,
GABPA,ACOT7,leukocytes,"GABPA IP - K562 cells, GABPA IP - Jurkat, Rep 2",,,
ARID3A,ACOT7,leukocytes,ARID3A IP - K562 cells,,,
ZNF143,ACOT7,leukocytes,"ZNF143 IP - GM12878 cells, ZNF143 IP - K562 cells",,,
ERG,ACOT7,prostate,"ERG ChIP-Seq, DHT | ERG ChIP-Seq - 18 h, DHT | ERG ChIP-Seq - 2 h, ERG ChIP-Seq",,,
CTCF,ACOT7,liver,"CTCF IP - HepG2 cells , CTCF IP - HepG2 cells, Rep 1 , CTCF IP - HepG2 cells, Rep 2 , CTCF IP, CTCF IP - SK-N-SH cells",,,
MAZ,ACOT7,lung,MAZ IP - IMR cells,,,
SRF,ACOT7,leukocytes,"SRF IP - SK-N-SH cells, SRF IP - GM12878 cells, Rep 2",,,
TEAD4,ACOT7,leukocytes,TEAD4 IP - K562 cells,,,
ATF1,ACOT7,leukocytes,ATF1 IP - K562 cells,,,
TCF7L2,ACOT7,mammarygland,TCF7L2 ChIP-Seq,,,
ATF2,ACOT7,stemcells,ATF2 IP - H1 cells,,,
EGR1,ACOT7,uterus,EGR1 IP - ECC1 cells,,,
PRDM1,ACOT7,uterus,PRDM1 IP - HeLa cells,,,
DHT,ACOT7,prostate,"DHT | ERG ChIP-Seq - 18 h, DHT | ERG ChIP-Seq - 2 h, DHT | FOXA1 ChIP-Seq",,,
ELF1,ACOT7,liver,ELF1 IP - HepG2 cells,,,
CTCF,ACOT7,pancreas,CTCF IP,,,
MAZ,ACOT7,leukocytes,"MAZ IP - K562 cells, MAZ IP - GM12878 cells",,,
USF1,ACOT7,cns,"USF1 IP - SK-N-SH cells, USF1 IP | ATRA - SK-N-SH cells",,,
JUND,ACOT7,colon,JUND IP - HCT116 cells,,,
EGR1,ACOT7,colon,EGR1 IP - HCT116 cells,,,
GABPA,ACOT7,lung,GABPA IP - A549 cells,,,
USF2,ACOT7,uterus,USF2 IP - HeLa cells,,,
MXI1,ACOT7,cns,MXI1 IP - SK-N-SH cells ,,,
FOXP2,ACOT7,cns,FOXP2 IP - PFSK-1 cells,,,
USF1,ACOT7,stemcells,USF1 IP - H1 cells,,,
JUND,ACOT7,liver,JUND IP - HepG2 cells,,,
GABPA,ACOT7,prostate,"GABPA IP - Rep 1, GABPA IP | R1881",,,
ZNF143,ACOT7,stemcells,ZNF143 IP - H1 cells,,,
TBP,ACOT7,uterus,TBP IP - HeLa cells,,,
RUNX1,ACOT7,hspcs,RUNX1,,,
GTF2F1,ACOT7,uterus,GTF2F1 IP - HeLa cells,,,
SP1,ACOT7,liver,SP1 IP - HepG2 cells,,,
TP53,ACOT7,bone,"TP53 IP | NUTL3 - SJSA-1, TP53 IP | TP53EE/RR OE",,,
PBX3,ACOT7,leukocytes,PBX3 IP - GM12878 cells,,,
HMGN3,ACOT7,leukocytes,HMGN3 IP - K562 cells,,,
STAT3,ACOT7,leukocytes,"STAT3 IP - U-2932, STAT3 IP - SU-DHL-6, STAT3 IP - OCI-LY19",,,
TAL1,ACOT7,leukocytes,"TAL1 IP - MOLT3, TAL1 IP - K562 cells",,,
UBTF,ACOT7,leukocytes,"UBTF IP - K562 cells, UBTF IP - K562 cells",,,
STAT2,ACOT7,leukocytes,"STAT2 IP | IFNA1-13 - K562 cells, 30 min, STAT2 IP | IFNA1-13 - K562 cells, 6 h",,,
MAX,ACOT7,colon,MAX IP - HCT116 cells,,,
FOXA2,ACOT7,liver,FOXA2 IP - HepG2 cells,19822575,,
MYC,ACOT7,lung,MYC IP - A549 cells,,,
E2F6,ACOT7,lung,E2F6 IP - A549 cells,,,
MXI1,ACOT7,uterus,MXI1 IP - HeLa cells,,,
SP1,ACOT7,stemcells,SP1 IP - H1 cells,,,
YY1,ACOT7,liver,YY1 IP - HepG2 cells,,,
TBP,ACOT7,stemcells,TBP IP - H1 cells,,,
FOXH1,ACOT7,embryonictissue,FOXH1 IP - endoderm,,,
TEAD4,ACOT7,uterus,TEAD4 IP - ECC1 cells,,,
IL2,ACOT7,leukocytes,"STAT5B IP | IL2 - Rep 2, STAT5B IP | IL2 - Rep 2",,,
FORSK,ACOT7,liver,CEBPB IP | FORSK - HepG2 cells,,,
JUN,ACOT7,vasculature,JUN IP,,,
FOXA1,ACOT7,stemcells,FOXA1 IP - ES D5,,,
ZBTB7A,ACOT7,leukocytes,ZBTB7A IP - SK-N-SH cells,,,
ZNF384,ACOT7,leukocytes,ZNF384 IP - K562 cells,,,
GATA3,ACOT7,mammarygland,"GATA3 IP - T47D cells, GATA3 IP - MCF7 cells",,,
KLF5,ACOT7,stomach,KLF5 IP - KATOIII,,,
MXI1,ACOT7,leukocytes,"MXI1 IP - GM12878 cells, MXI1 IP - K562 cells",,,
TCF7L2,ACOT7,uterus,TCF7L2 IP - HeLa cells,,,
MAZ,ACOT7,uterus,MAZ IP - HeLa cells,,,
E2F6,ACOT7,leukocytes,"E2F6 IP - K562 cells, E2F6 IP - K562 cells",,,
SRF,ACOT7,colon,SRF IP - HCT116 cells,,,
YY1,ACOT7,colon,YY1 IP - HCT116 cells,,,
JUND,ACOT7,stemcells,"JUND IP - H1 cells, JUND IP - H1 cells",,,
CREB1,ACOT7,lung,CREB1 IP | DEX - A549 cells,,,
MAX,ACOT7,cns,MAX IP - SK-N-SH cells,,,
USF1,ACOT7,liver,USF1 IP - HepG2 cells,,,
EGR1,ACOT7,leukocytes,EGR1 IP - K562 cells,,,
TCF12,ACOT7,stemcells,TCF12 IP - H1 cells,,,
GATA3,ACOT7,leukocytes,GATA3 IP,,,
JUND,ACOT7,vasculature,JUND IP,,,
USF1,ACOT7,uterus,USF1 IP - ECC1 cells,,,
TCF3,ACOT7,leukocytes,TCF3 IP - GM12878 cells,,,
GABPA,ACOT7,stemcells,GABPA IP - H1 cells,,,
MAZ,ACOT7,liver,MAZ IP - HepG2 cells,,,
USF1,ACOT7,colon,USF1 IP - HCT116 cells,,,
NFYA,ACOT7,leukocytes,NFYA IP - K562 cells,,,
YY1,ACOT7,uterus,YY1 IP - ECC1 cells,,,
ATF2,ACOT7,colon,ATF2 IP ,,,
FOS,ACOT7,vasculature,FOS IP - HUVEC cells,,,
JUND,ACOT7,uterus,JUND IP - HeLa cells,,,
BANF1,ACOT7,skin,TP63 IP | BANF1 KD,,,
ELF1,ACOT7,cns,ELF1 IP - SK-N-SH cells,,,
FOSL1,ACOT7,colon,FOSL1 IP - HCT116 cells,,,
ATF2,ACOT7,leukocytes,ATF2 IP - GM12878 cells,,,
FOXA2,ACOT7,embryonictissue,FOXA2 IP - Rep 2,,,
MTA3,ACOT7,leukocytes,MTA3 IP - GM12878 cells,,,
MEF2A,ACOT7,leukocytes,MEF2A IP - GM12878 cells,,,
SMAD1,ACOT7,hspcs,SMAD1 IP - Rep 3,,,
ERG,ACOT7,leukocytes,ERG IP - Rep 1,,,
JUND,ACOT7,leukocytes,JUND IP - K562 cells,,,
ZNF263,ACOT7,kidney,ZNF263 IP - HEK293 cells,,,
TCF12,ACOT7,cns,TCF12 IP - SK-N-SH cells,,,
REST,ACOT7,stemcells,"REST IP - H1 cells, Rep 1",,,
ATRA,ACOT7,cns,"YY1 IP | ATRA - SK-N-SH cells, USF1 IP | ATRA - SK-N-SH cells",,,
CREB1,ACOT7,stemcells,CREB1 IP - H1 cells,,,
HEY1,ACOT7,liver,HEY1 IP - HepG2 cells,,,
TEAD4,ACOT7,colon,TEAD4 IP - HCT116 cells,,,
TEAD4,ACOT7,liver,TEAD4 IP - HepG2 cells,,,
TCF12,ACOT7,uterus,TCF12 IP - ECC1 cells,,,
MYC,ACOT7,colon,MYC IP - DTT,,,
FOXP1,ACOT7,leukocytes,FOXP1 IP - OCI-LY8,,,
ZEB1,ACOT7,liver,ZEB1 IP - HepG2 cells,,,
125DVD3,ACOT7,colon,CEBPB IP | 125DVD3,,,
CTCF,BAAT,lung,"CTCF IP - A549 cells, Rep 1 , CTCF IP - HPF cells, Rep 1 , CTCF IP - SAEC cells, Rep 1 , CTCF IP - AG04450 cells, Rep 2 , CTCF IP - HPF cells, Rep 2 , CTCF IP - AG04450 cells, Rep 1 , CTCF IP - WI-38 cells, Rep 1 , CTCF IP - A549 cells, Rep 2 , CTCF IP - NHLF cells , CTCF ChIP-Seq - A549, CTCF IP - A549 cells, CTCF IP - IMR cells, CTCF IP | DEX - A549 cells, CTCF IP - SAEC cells, Rep 2 , CTCF IP - A549 cells , CTCF IP - NHLF cells , CTCF IP | DEX - A549 cells ",,,
CTCF,BAAT,leukocytes,"CTCF IP - GM18951 cells, Rep 2 , CTCF IP - GM12866 cells , CTCF IP - MS1 cells, Rep 4 , CTCF IP - GM12891 cells, Rep 1 , CTCF IP - KU812 cells, Rep 9 , CTCF IP - GM12873 cells, Rep 1 , CTCF IP - GM12872 cells, Rep 2 , CTCF IP - GM18526 cells, Rep 2 , CTCF IP - GM18505 cells, Rep 2 , CTCF IP - GM18486 cells, Rep 1 , CTCF IP - GM12864 cells, Rep 3 , CTCF IP - GM12865 cells, Rep 1 , CTCF IP - GM11811 cells, Rep 2, CTCF IP - GM12868 cells , CTCF IP - GM18951 cells, Rep 1 , CTCF IP - F36P cells, Rep 3 , CTCF IP - F36P cells, Rep 11 , CTCF IP - GM12865 cells, Rep 2 , CTCF IP - GM06990 cells, Rep 1 , CTCF IP - GM12892 cells, Rep 1 , CTCF IP - GM11881 cells, CTCF IP - K562 cells, Rep 1 , CTCF IP - GM2610 cells, Rep 3 , CTCF IP - GM2610 cells, Rep 1 , CTCF IP - GM06986 cells, CTCF IP - GM2588 cells, Rep 3 , CTCF IP - MS1 cells, Rep 2 , CTCF IP - GM12815 cells, Rep 2, CTCF IP - GM2630 cells, Rep 3 , CTCF IP - GM12890 cells, Rep 3 , CTCF IP - GM12006 cells, Rep 1, CTCF IP - MS1 cells, Rep 1 , CTCF IP - K562 cells, CTCF IP - KU812 cells, Rep 1 , CTCF IP - NB4 cells , CTCF IP - GM2588 cells, Rep 1 , CTCF IP - F36P cells, Rep 19 , CTCF IP - GM12892 cells, Rep 2 , CTCF IP - GM12828 cells, CTCF IP - Â CD20+ cells , CTCF IP - K562 cells, CTCF IP - HeLa cells, Rep 2 , CTCF IP - GM12890 cells, Rep 1 , CTCF IP - GM12878 cells , CTCF IP - GM18486 cells, Rep 3 , CTCF IP - K562 cells, Rep 16 , CTCF IP - F36P cells, Rep 7 , CTCF IP - GM12814 cells, Rep 1, CTCF IP - K562 cells, Rep 14 , CTCF IP - GM19193 cells, Rep 2 , CTCF IP - KU812 cells, Rep 5 , CTCF IP - GM2630 cells, Rep 2 , CTCF IP - GM12814 cells, Rep 2, CTCF IP - GM12874 cells, Rep 2 , CTCF IP - GM2255 cells, Rep 2 , CTCF IP - HL-60 cells, Rep 5 , CTCF IP - K562 cells, Rep 15 , CTCF IP - GM2588 cells, Rep 2 , CTCF IP - GM11811 cells, Rep 1, CTCF IP - MS1 cells, Rep 3 , CTCF IP - F36P cells, Rep 14 , CTCF IP - GM12489 cells, Rep 1, CTCF IP - GM2610 cells, Rep 2 , CTCF ChIP-Seq - GM12878, CTCF IP - GM06990 cells, Rep 2 , CTCF IP - GM12878 cells, Rep 2 , CTCF IP - GM19240 cells, Rep 2 , CTCF IP - GM12874 cells, Rep 1 , CTCF IP - K562 cells, Rep 2 , CTCF IP - GM19238 cells, Rep 1 , CTCF IP - GM19238 cells, Rep 2 , CTCF IP - GM12234 cells, CTCF IP - GM12871 cells , CTCF IP - GM12870 cells , CTCF IP - F36P cells, Rep 2 , CTCF IP - GM12867 cells , CTCF IP - K562 cells, Rep 12 , CTCF IP - GM12872 cells, Rep 3 , CTCF IP - K562 cells, Rep 13 , CTCF IP, CTCF IP - GM10847 cells, Rep 1 , CTCF IP - UT-7 cells, Rep 6 , CTCF IP - GM2255 cells, Rep 3 , CTCF IP - GM12749 cells, Rep 1, CTCF IP - GM07346 cells, CTCF IP - Â DND , CTCF IP - HL , CTCF IP - GM12864 cells, Rep 2 , CTCF IP - GM18526 cells, Rep 1 , CTCF IP - CD14+ cells , CTCF IP - GM19193 cells, Rep 1 , CTCF IP - GM12891 cells, Rep 2 , CTCF IP - GM12864 cells, Rep 1 , CTCF IP - GM2630 cells, Rep 1 , CTCF IP - GM12815 cells, Rep 1, CTCF IP - GM19240 cells, Rep 1 , CTCF IP - GM12873 cells, Rep 3 , CTCF IP - GM12875 cells, Rep 1 , CTCF IP - F36P cells, Rep 15 , CTCF IP - GM19099 cells, Rep 2 , CTCF IP - GM11994 cells, Rep 2, CTCF IP - GM19099 cells, Rep 1 , CTCF IP - GM19239 cells, Rep 2 , CTCF IP - GM12869 cells , CTCF IP - GM12865 cells, Rep 3 , CTCF IP - GM11831 cells, CTCF IP - F36P cells, Rep 10 , CTCF IP - GM12154 cells, Rep 2, CTCF IP - GM18505 cells, Rep 1 , CTCF IP - K562 cells , CTCF IP - GM12890 cells, Rep 2 , CTCF IP - GM12878 cells, Rep 1 , CTCF IP - F36P cells, Rep 6 , CTCF IP - GM12872 cells, Rep 1 , CTCF IP - GM11994 cells, Rep 1, CTCF IP - GM12878 cells, Rep 2 , CTCF IP - GM19239 cells, Rep 1 , CTCF IP - GM12154 cells, Rep 1, CTCF IP - KU812 cells, Rep 17 , CTCF IP - K562 cells, Rep 11 , CTCF IP - UT-7 cells, Rep 3 , CTCF IP - GM10847 cells, Rep 2 , CTCF IP - GM2255 cells, Rep 1 , CTCF IP - KU812 cells, Rep 13 , CTCF IP - GM12874 cells",,,
CTCF,BAAT,vasculature,"CTCF IP - HUVEC cells , CTCF IP - HBMEC cells, Rep 1 , CTCF IP - HBMEC cells, Rep 2 , CTCF IP - HUVEC cells, Rep 2 , CTCF IP - HUVEC cells, Rep 1 , CTCF IP - HPAF cells, Rep 2 , CTCF IP - HPAF cells, Rep 1 , CTCF IP - AoAFC cells, Rep 2 , CTCF IP - AoAFC cells, Rep 1 ",,,
HEY1,BAAT,liver,HEY1 IP - HepG2 cells,,,
FOXA1,BAAT,prostate,"FOXA1 ChIP-Seq - C4- Rep 2B, POU2F1 KD + DHT | FOXA1 ChIP-Seq, CON KD  |Â FOXA1 ChIP-Seq, FOXA1 ChIP-Seq, R1881 | FOXA1 ChIP-Seq - Rep 1, FOXA1 ChIP-Seq - Rep 2, DHT | FOXA1 ChIP-Seq, FOXA1 ChIP-Seq - Rep 1, CON KD | FOXA1 ChIP-Seq, FOXA1 KD | FOXA1 ChIP-Seq, WT AR OE + FOXA1 OE | FOXA1 ChIP-Seq, CON KD |Â FOXA1 ChIP-Seq, CON KD + R1881 | FOXA1 ChIP-Seq - Rep 1, EtOH | FOXA1 ChIP-Seq - , GATA2 KD  |Â FOXA1 ChIP-Seq, FOXA1 ChIP-Seq, FOXA1 KD | FOXA1 ChIP-Seq, FOXA1 ChIP-Seq - Rep 2, CREB1 siRNA | FOXA1 ChIP-Seq - Rep 1, DHT | FOXA1 ChIP-Seq, R1881 | FOXA1 ChIP-Seq - Rep 2, FOXA1 ChIP-Seq, DHT | FOXA1 ChIP-Seq - C4- Rep 2B, AR Q640X OE + FOXA1 OE | FOXA1 ChIP-Seq, FOXA1 ChIP-Seq - Rep 1, CON KD + R1881 | FOXA1 ChIP-Seq - Rep 2, FOXA1 ChIP-Seq - LNCaP-abl, GATA2 KD + R1881 |Â FOXA1 ChIP-Seq, PIAS1 + R1881 | FOXA1 ChIP-Seq - Rep 2, DHT | FOXA1 ChIP-Seq, CON KD + R1881 |Â FOXA1 ChIP-Seq, PIAS1 + R1881 | FOXA1 ChIP-Seq - Rep 1, CREB1 siRNA | FOXA1 ChIP-Seq - Rep 2, FOXA1 ChIP-Seq - LNCaP, FOXA1 ChIP-Seq, WT AR OE + FOXA1 OE | FOXA1 ChIP-Seq - high FOXA1, EtOH | FOXA1 ChIP-Seq - Rep 2, DHT | FOXA1 ChIP-Seq, AR C562S OE + FOXA1 OE | FOXA1 ChIP-Seq, CON KD | FOXA1 ChIP-Seq",,,
FOXA1,BAAT,pancreas,"FOXA1 IP | KLF5 KO, FOXA1 IP, FOXA1 IP",,,
KLF5,BAAT,pancreas,FOXA1 IP | KLF5 KO,,,
FOXA2,BAAT,lung,FOXA2 IP - A549 cells,,,
CTCF,BAAT,hspcs,"CTCF IP - HEL 92.1.7 cells, Rep 14 , CTCF IP - HEL 92.1.7 cells, Rep 8 , CTCF IP - HEL 92.1.7 cells, Rep 5 , CTCF IP - HEL 92.1.7 cells, Rep 2 , CTCF IP - HEL 92.1.7 cells, Rep 11 , CTCF IP - Erythroid cells, Rep 1",,,
CTCF,BAAT,stemcells,"CTCF IP - Rep 2 , CTCF IP - Rep 4 , CTCF IP - H1 cells, CTCF IP - H1 cells , CTCF IP - Rep 6 , CTCF IP - Rep 5 , CTCF IP - Rep 1 ",,,
FOXA1,BAAT,mammarygland,"DEX | FOXA1 ChIP-Seq - Rep 2, FOXA1 ChIP-Seq, DEX | FOXA1 ChIP-Seq - Rep 1, DEX | FOXA1 ChIP-Seq - Rep 1, 17BE2 | FOXA1 ChIP-Seq - Rep 2, FOXA1 ChIP-Seq - Rep 2, 17BE2 | FOXA1 ChIP-Seq - Rep 2, FOXA1 ChIP-Seq - Rep 2, FOXA1 IP - T47D, 17BE2 | FOXA1 ChIP-Seq - Rep 1, FOXA1 ChIP-Seq - Rep 2, 17BE2 | FOXA1 ChIP-Seq - Rep 1, DEX | FOXA1 ChIP-Seq - Rep 2, FOXA1 IP - T47D cells, DEX | FOXA1 ChIP-Seq - Rep 2, 17BE2 | FOXA1 ChIP-Seq, 17BE2 | FOXA1 ChIP-Seq - Rep 2, FOXA1 ChIP-Seq - Rep 1, FOXA1 ChIP-Seq - Rep 1, DEX | FOXA1 ChIP-Seq - Rep 1, 17BE2 | FOXA1 ChIP-Seq - Rep 1",,,
DEX,BAAT,mammarygland,"DEX | FOXA1 ChIP-Seq - Rep 2, DEX | FOXA1 ChIP-Seq - Rep 1, DEX | FOXA1 ChIP-Seq - Rep 1, DEX | FOXA1 ChIP-Seq - Rep 2, DEX | FOXA1 ChIP-Seq - Rep 2, DEX | FOXA1 ChIP-Seq - Rep 1",,,
USF1,BAAT,uterus,USF1 IP - ECC1 cells,,,
JUND,BAAT,cns,"JUND IP - SK-N-SH cells , JUND IP - SK-N-SH cells",,,
DHT,BAAT,prostate,"POU2F1 KD + DHT | FOXA1 ChIP-Seq, DHT | FOXA1 ChIP-Seq, DHT | FOXA1 ChIP-Seq, DHT | FOXA1 ChIP-Seq - C4- Rep 2B, DHT | FOXA1 ChIP-Seq, DHT | FOXA1 ChIP-Seq",,,
POU2F1,BAAT,prostate,POU2F1 KD + DHT | FOXA1 ChIP-Seq,,,
FOXP1,BAAT,prostate,FOXP1 ChIP-Seq,,,
REST,BAAT,cns,REST IP - SK-N-SH cells,,,
MAFK,BAAT,lung,MAFK IP - IMR cells,,,
CTCF,BAAT,skin,"CTCF IP - NHDF cells , CTCF IP - HFFC cells, Rep 1 , CTCF IP - HFFC cells, Rep 3 , CTCF IP - NHDF cells, Rep 1 , CTCF IP - NHDF cells, Rep 2 , CTCF IP - GM12878 cells, Rep 2 , CTCF IP - AG10803 cells, Rep 1 , CTCF IP - AG04449 cells, Rep 1 , CTCF IP - HFFC cells, Rep 2 , CTCF IP - AG10803 cells, Rep 2 , CTCF IP - AG04449 cells, Rep 2 , CTCF IP - BJ cells, Rep 2 , CTCF IP - NHEK cells, Rep 2 , CTCF IP - AG09309 cells, Rep 1 , CTCF IP - NHEK cells , CTCF IP - BJ cells, Rep 1 ",,,
CTCF,BAAT,cns,"CTCF IP - NHA cells , CTCF IP - SK-N-SH cells, Rep 1 , CTCF IP - BE(2)-C cells, Rep 2 , CTCF IP - spinal cord astrocyte cells, Rep 1 , CTCF IP - SK-N-SH cells , CTCF IP - cerebellar astrocyte cells, Rep 2 , CTCF IP - BE(2)-C cells, Rep 1 , CTCF IP - SK cells, CTCF IP - spinal cord astrocyte cells, Rep 2 , CTCF IP - HCPEpiC cells, Rep 1 , CTCF IP - cerebellar astrocyte cells, Rep 1 , CTCF IP - HCPEpiC cells, Rep 2 , CTCF IP - SK-N-SH cells, Rep 2 ",,,
CEBPB,BAAT,stemcells,"CEBPB IP, CEBPB IP, CEBPB IP, CEBPB IP",,,
CTCF,BAAT,megakaryocytelineage,"CTCF IP - MEG-01 cells, Rep 8 , CTCF IP - MEG-01 cells, Rep 6 , CTCF IP - MEG-01 cells, Rep 2 , CTCF IP - MEG-01 cells, Rep 10 , CTCF IP - MEG-01 cells, Rep 4 ",,,
CTCF,BAAT,uterus,"CTCF IP - HeLa cells , CTCF IP - HeLa cells, Rep 1 ",,,
R1881,BAAT,prostate,"R1881 | FOXA1 ChIP-Seq - Rep 1, CON KD + R1881 | FOXA1 ChIP-Seq - Rep 1, R1881 | FOXA1 ChIP-Seq - Rep 2, CON KD + R1881 | FOXA1 ChIP-Seq - Rep 2, GATA2 KD + R1881 |Â FOXA1 ChIP-Seq, PIAS1 + R1881 | FOXA1 ChIP-Seq - Rep 2, CON KD + R1881 |Â FOXA1 ChIP-Seq, PIAS1 + R1881 | FOXA1 ChIP-Seq - Rep 1",,,
FOS,BAAT,mammarygland,"FOS IP | 4HT - MCF10A cells, 12 h, FOS IP - MCF10A cells, FOS IP | 4HT - MCF10A cells, 36 h, FOS IP | 4HT - MCF10A cells, 4 h",,,
4HT,BAAT,mammarygland,"FOS IP | 4HT - MCF10A cells, 12 h, FOS IP | 4HT - MCF10A cells, 36 h, FOS IP | 4HT - MCF10A cells, 4 h",,,
17BE2,BAAT,mammarygland,"17BE2 | FOXA1 ChIP-Seq - Rep 2, 17BE2 | FOXA1 ChIP-Seq - Rep 2, 17BE2 | FOXA1 ChIP-Seq - Rep 1, 17BE2 | FOXA1 ChIP-Seq - Rep 1, 17BE2 | FOXA1 ChIP-Seq, 17BE2 | FOXA1 ChIP-Seq - Rep 2, 17BE2 | FOXA1 ChIP-Seq - Rep 1",,,
YY1,BAAT,cns,YY1 IP - SK-N-SH cells,,,
CTCF,BAAT,sensory,"CTCF IP - HRPEpiC cells, Rep 1 , CTCF IP - WERI , CTCF IP - HRPEpiC cells, Rep 2 , CTCF IP - WERI-Rb-1- cells, Rep 1 ",,,
CTCF,BAAT,adiposetissue,"CTCF ChIP-Seq - d 9, CTCF ChIP-Seq - d -2, CTCF ChIP-Seq - d 0, CTCF ChIP-Seq - dÂ 3",,,
FOXA2,BAAT,stemcells,FOXA2 IP - Rep 5 ,,,
ARID3A,BAAT,liver,ARID3A IP - HepG2 cells,,,
GATA4,BAAT,stomach,GATA4 IP - AGS,,,
ZBTB17,BAAT,bone,"ZBTB17 IP, ZBTB17 IP",,,
CTCF,BAAT,heart,"CTCF IP - myocytes cells, Rep 2 , CTCF IP - HCF cells , CTCF IP - myocytes cells, Rep 1 ",,,
CREB1,BAAT,prostate,"CREB1 ChIP-Seq - LNCaP, CREB1 siRNA | FOXA1 ChIP-Seq - Rep 1, CREB1 siRNA | FOXA1 ChIP-Seq - Rep 2",,,
MYBL2,BAAT,liver,MYBL2 IP - HepG2 cells,,,
CTCF,BAAT,mammarygland,"CTCF IP - HMEC cells, Rep 1 , CTCF IP - MCF-7 cells, Rep 1 , CTCF IP - HMF cells, Rep 2 , CTCF IP - HMF cells, Rep 1 , CTCF IP - MCF-7 cells Rep 2 , CTCF IP - MCF7 cells, CTCF IP - HMEC cells , CTCF IP - HMEC cells, Rep 2 ",,,
USF1,BAAT,stemcells,USF1 IP - H1 cells,,,
MAX,BAAT,cns,MAX IP - SK-N-SH cells,,,
CTCF,BAAT,kidney,"CTCF IP - HRE cells, Rep 2 , CTCF IP - RPTEC cells, Rep 1 , CTCF IP - HEK293 cells, Rep 2 , CTCF IP - HEK293 cells, Rep 1 , CTCF IP - RPTEC cells, Rep 2 , CTCF IP - HRE cells, Rep 1 ",,,
CTCF,BAAT,colon,"CTCF IP - Caco , CTCF IP - HCT116 cells, Rep 2 , CTCF IP - Caco-2 cells, Rep 1 , CTCF IP - HCT116 cells, CTCF IP - Rep 1 , CTCF IP - HCT116 cells, Rep 1 ",,,
MAX,BAAT,stemcells,MAX IP - H1 cells,,,
USF1,BAAT,leukocytes,USF1 IP - K562 cells,,,
FOXA1,BAAT,lung,"FOXA1 IP | DEX - A549 cells, FOXA1 IP - A549 cells",,,
DEX,BAAT,lung,"FOXA1 IP | DEX - A549 cells, CTCF IP | DEX - A549 cells, CTCF IP | DEX - A549 cells ",,,
CREB1,BAAT,liver,"CREB1 IP - HepG2 cells, CREB1 IP",,,
AR,BAAT,prostate,"WT AR OE + FOXA1 OE | FOXA1 ChIP-Seq, AR Q640X OE + FOXA1 OE | FOXA1 ChIP-Seq, WT AR OE + FOXA1 OE | FOXA1 ChIP-Seq - high FOXA1, AR C562S OE + FOXA1 OE | FOXA1 ChIP-Seq",,,
SIX2,BAAT,kidney,"SIX2 IP - 17 weeks, Rep 2",,,
FOSL2,BAAT,cns,FOSL2 IP - SK-N-SH cells,,,
CTCF,BAAT,miscellaneous,"CTCF IP - AG09319 cells, Rep 1 , CTCF IP - AG09319 cells, Rep 2 ",,,
JUN,BAAT,liver,JUN IP - HepG2 cells,,,
SP1,BAAT,liver,SP1 IP - HepG2 cells,,,
SMAD1,BAAT,hspcs,SMAD1 IP - Rep 3,,,
GATA2,BAAT,prostate,"GATA2 KD  |Â FOXA1 ChIP-Seq, GATA2 KD + R1881 |Â FOXA1 ChIP-Seq",,,
CTCF,BAAT,bone,"CTCF IP - Osteoblasts , CTCF IP",,,
FOXA1,BAAT,liver,"FOXA1 IP - HepG2 cells, Rep 1, FOXA1 IP - HepG2 cells, Rep 2",,,
STAT1,BAAT,leukocytes,STAT1 IP - Rep 3,,,
IFNG,BAAT,leukocytes,STAT1 IP - Rep 3,,,
TCF12,BAAT,cns,TCF12 IP - SK-N-SH cells,,,
FOXA2,BAAT,embryonictissue,FOXA2 IP - Rep 1,,,
MAFK,BAAT,liver,"MAFK IP - HepG2 cells, Rep 2, MAFK IP - HepG2 cells, Rep 1",,,
GATA3,BAAT,cns,GATA3 IP - SK-N-SH cells,,,
FOXA1,BAAT,stemcells,"FOXA1 IP - Rep 5 , FOXA1 IP - ES D2, FOXA1 IP - ES D5",,,
JUN,BAAT,vasculature,JUN IP,,,
CTCF,BAAT,placenta,"CTCF IP - HVMF cells, Rep 2 , CTCF IP - HVMF cells, Rep 1 ",,,
GATA6,BAAT,stomach,GATA6 IP - YCC3,,,
OTX2,BAAT,stemcells,OTX2 IP - Rep 10 ,,,
MXI1,BAAT,liver,MXI1 IP - HepG2 cells,,,
ELF1,BAAT,liver,ELF1 IP - HepG2 cells,,,
SOX2,BAAT,stemcells,SOX2 IP,,,
USF1,BAAT,liver,USF1 IP - HepG2 cells,,,
CDX2,BAAT,colon,CDX2 IP,,,
JUND,BAAT,vasculature,JUND IP,,,
CTCF,BAAT,esophagus,"CTCF IP - HEEpiC cells, Rep 1 , CTCF IP - HEEpiC cells, Rep 2 ",,,
CTCF,BAAT,pancreas,CTCF IP,,,
EGR1,BAAT,leukocytes,EGR1 IP - K562 cells,,,
FOSL2,BAAT,lung,FOSL2 IP - A549 cells,,,
CTCF,BAAT,liver,"CTCF IP - HepG2 cells , CTCF IP - HepG2 cells, Rep 2 , CTCF IP - HepG2 cells, Rep 1 , CTCF IP, CTCF IP - SK-N-SH cells",,,
FOSL2,BAAT,liver,FOSL2 IP - HepG2 cells,,,
CTCF,BAAT,skeletalmuscle,"CTCF IP - HSMM cells, Rep 2 , CTCF IP - HSMM cells, Rep 1 ",,,
ZNF143,BAAT,leukocytes,"ZNF143 IP - GM12878 cells, ZNF143 IP - K562 cells",,,
GATA3,BAAT,lung,GATA3 IP - A549 cells,,,
ZEB1,BAAT,liver,ZEB1 IP - HepG2 cells,,,
JUND,BAAT,liver,"JUND IP - HepG2 cells, JUND IP - HepG2 cells",,,
PIAS1,BAAT,prostate,"PIAS1 + R1881 | FOXA1 ChIP-Seq - Rep 2, PIAS1 + R1881 | FOXA1 ChIP-Seq - Rep 1",,,
ZNF143,BAAT,stemcells,ZNF143 IP - H1 cells,,,
MAFF,BAAT,liver,MAFF IP - HepG2 cells,,,
PBX3,BAAT,cns,PBX3 IP - SK-N-SH cells,,,
FOXA1,BAAT,uterus,FOXA1 ChIP-Seq - Tumor C,,,
TCF12,BAAT,lung,TCF12 IP - A549 cells,,,
CEBPB,BAAT,liver,CEBPB ChIP-Seq - HepG2,,,
MAX,BAAT,liver,MAX IP - HepG2 cells,,,
SP1,BAAT,lung,SP1 IP - A549 cells,,,
FOXA2,BAAT,liver,FOXA2 IP - HepG2 cells,19822575,,
TEAD4,BAAT,cns,TEAD4 IP - SK-N-SH cells,,,
SRF,BAAT,stemcells,SRF IP - Rep 7 ,,,
CTCF,ELOVL1,lung,"CTCF IP - NHLF cells , CTCF IP - A549 cells, Rep 2 , CTCF ChIP-Seq - A549, CTCF IP - A549 cells, CTCF IP - IMR cells, CTCF IP | DEX - A549 cells, CTCF IP - A549 cells , CTCF IP - SAEC cells, Rep 2 , CTCF IP - NHLF cells , CTCF IP - SAEC cells, Rep 1 , CTCF IP | DEX - A549 cells , CTCF IP - HPF cells, Rep 1 , CTCF IP - A549 cells, Rep 1 , CTCF IP - AG04450 cells, Rep 2 , CTCF IP - HPF cells, Rep 2 , CTCF IP - AG04450 cells, Rep 1 ",,,
REST,ELOVL1,lung,REST IP - A549 cells,,,
FOXA1,ELOVL1,prostate,"CREB1 siRNA | FOXA1 ChIP-Seq - Rep 1, WT AR OE | FOXA1 ChIP-Seq, DHT | FOXA1 ChIP-Seq, CON KD | FOXA1 ChIP-Seq, FOXA1 siRNA | CREB1 ChIP-Seq - Rep 1, CON KD | FOXA1 ChIP-Seq, FOXA1 ChIP-Seq, CREB1 siRNA | FOXA1 ChIP-Seq - Rep 2, FOXA1 siRNA | CREB1 ChIP-Seq - Rep 2",,,
CREB1,ELOVL1,prostate,"CREB1 siRNA | FOXA1 ChIP-Seq - Rep 1, CREB1 ChIP-Seq - Rep 1, FOXA1 siRNA | CREB1 ChIP-Seq - Rep 1, CREB1 ChIP-Seq - LNCaP, CREB1 ChIP-Seq - Rep 2, CREB1 siRNA | FOXA1 ChIP-Seq - Rep 2, CREB1 ChIP-Seq - LNCaP-abl, FOXA1 siRNA | CREB1 ChIP-Seq - Rep 2",,,
NFYA,ELOVL1,leukocytes,"NFYA IP - GM12878 cells, NFYA IP - K562 cells",,,
MAZ,ELOVL1,uterus,MAZ IP - HeLa cells,,,
CTCF,ELOVL1,leukocytes,"CTCF ChIP-Seq - GM12878, CTCF IP - GM2610 cells, Rep 2 , CTCF IP - GM12489 cells, Rep 1, CTCF IP - F36P cells, Rep 14 , CTCF IP - GM19240 cells, Rep 2 , CTCF IP - GM12874 cells, Rep 1 , CTCF IP - GM06990 cells, Rep 2 , CTCF IP - GM12878 cells, Rep 2 , CTCF IP - F36P cells, Rep 13 , CTCF IP - GM10847 cells, Rep 1 , CTCF IP - GM12234 cells, CTCF IP - K562 cells, CTCF IP - K562 cells, Rep 2 , CTCF IP - GM19238 cells, Rep 2 , CTCF IP - K562 cells , CTCF IP - GM12871 cells , CTCF IP - GM19193 cells, Rep 1 , CTCF IP - GM12870 cells , CTCF IP - GM12867 cells , CTCF IP, CTCF IP - HL , CTCF IP - GM12872 cells, Rep 3 , CTCF IP - GM12864 cells, Rep 2 , CTCF IP - K562 cells, Rep 13 , CTCF IP - GM12749 cells, Rep 1, CTCF IP - GM2255 cells, Rep 3 , CTCF IP - GM07346 cells, CTCF IP - Â DND , CTCF IP - CD14+ cells , CTCF IP - GM18526 cells, Rep 1 , CTCF IP - K562 cells, Rep 12 , CTCF IP - F36P cells, Rep 2 , CTCF IP - F36P cells, Rep 15 , CTCF IP - GM12864 cells, Rep 1 , CTCF IP - GM12815 cells, Rep 1, CTCF IP - GM12891 cells, Rep 2 , CTCF IP - GM12875 cells, Rep 1 , CTCF IP - GM2630 cells, Rep 1 , CTCF IP - GM12873 cells, Rep 3 , CTCF IP - GM19240 cells, Rep 1 , CTCF IP - GM12865 cells, Rep 3 , CTCF IP - GM11994 cells, Rep 2, CTCF IP - GM19099 cells, Rep 1 , CTCF IP - GM19099 cells, Rep 2 , CTCF IP - GM12869 cells , CTCF IP - F36P cells, Rep 10 , CTCF IP - GM19239 cells, Rep 2 , CTCF IP - GM12154 cells, Rep 2, CTCF IP - GM18505 cells, Rep 1 , CTCF IP - GM11831 cells, CTCF IP - GM2255 cells, Rep 1 , CTCF IP - F36P cells, Rep 5 , CTCF IP - GM12890 cells, Rep 2 , CTCF IP - GM11992 cells, Rep 1, CTCF IP - GM12878 cells, Rep 2 , CTCF IP - F36P cells, Rep 6 , CTCF IP - GM12872 cells, Rep 1 , CTCF IP - UT-7 cells, Rep 4 , CTCF IP - GM11994 cells, Rep 1, CTCF IP - GM19239 cells, Rep 1 , CTCF IP - GM19238 cells, Rep 1 , CTCF IP - GM12878 cells, Rep 1 , CTCF IP - KU812 cells, Rep 17 , CTCF IP - KU812 cells, Rep 13 , CTCF IP - GM12154 cells, Rep 1, CTCF IP - UT-7 cells, Rep 3 , CTCF IP - GM10847 cells, Rep 2 , CTCF IP - K562 cells, Rep 11 , CTCF IP - GM11811 cells, Rep 2, CTCF IP - KU812 cells, Rep 9 , CTCF IP - GM12866 cells , CTCF IP - GM12891 cells, Rep 1 , CTCF IP - GM12872 cells, Rep 2 , CTCF IP - F36P cells, Rep 1 , CTCF IP - MS1 cells, Rep 4 , CTCF IP - GM2588 cells, Rep 3 , CTCF IP - GM12868 cells , CTCF IP - GM18526 cells, Rep 2 , CTCF IP - GM12865 cells, Rep 1 , CTCF IP - GM18505 cells, Rep 2 , CTCF IP - GM12864 cells, Rep 3 , CTCF IP - GM18951 cells, Rep 2 , CTCF IP - UT-7 cells, Rep 2 , CTCF IP - GM18486 cells, Rep 1 , CTCF IP - GM12873 cells, Rep 1 , CTCF IP - GM11881 cells, CTCF IP - GM12865 cells, Rep 2 , CTCF IP - F36P cells, Rep 3 , CTCF IP - MS1 cells, Rep 1 , CTCF IP - F36P cells, Rep 11 , CTCF IP - K562 cells, Rep 1 , CTCF IP - GM06990 cells, Rep 1 , CTCF IP - GM18951 cells, Rep 1 , CTCF IP - GM2610 cells, Rep 3 , CTCF IP - F36P cells, Rep 7 , CTCF IP - GM2610 cells, Rep 1 , CTCF IP - GM06986 cells, CTCF IP - K562 cells, Rep 16 , CTCF IP - GM12892 cells, Rep 1 , CTCF IP - K562 cells, CTCF IP - GM18486 cells, Rep 2 , CTCF IP - UT-7 cells, Rep 1 , CTCF IP - MS1 cells, Rep 2 , CTCF IP - KU812 cells, Rep 1 , CTCF IP - HL-60 cells, Rep 7 , CTCF IP - GM2630 cells, Rep 3 , CTCF IP - GM12890 cells, Rep 3 , CTCF IP - GM2588 cells, Rep 1 , CTCF IP - HeLa cells, Rep 2 , CTCF IP - Â CD20+ cells , CTCF IP - GM12828 cells, CTCF IP - K562 cells, CTCF IP - GM12892 cells, Rep 2 , CTCF IP - F36P cells, Rep 19 , CTCF IP - NB4 cells , CTCF IP - GM12878 cells, Rep 1 , CTCF IP - GM12873 cells, Rep 1 , CTCF IP - GM18486 cells, Rep 3 , CTCF IP - GM19193 cells, Rep 2 , CTCF IP - GM12878 cells , CTCF IP - GM12890 cells, Rep 1 , CTCF IP - GM12814 cells, Rep 1, CTCF IP - K562 cells, Rep 14 , CTCF IP - GM12814 cells, Rep 2, CTCF IP - GM2255 cells, Rep 2 , CTCF IP - K562 cells, Rep 15 , CTCF IP - MS1 cells, Rep 3 , CTCF IP - GM2630 cells, Rep 2 , CTCF IP - GM12874 cells, Rep 2 , CTCF IP - GM2588 cells, Rep 2 , CTCF IP - F36P cells, Rep 18 , CTCF IP - GM12875 cells, Rep 2 , CTCF IP - GM11811 cells, Rep 1, CTCF IP - KU812 cells, Rep 5 ",,,
FOS,ELOVL1,leukocytes,"FOS IP - GM12878 cells, FOS IP - K562 cells",,,
E2F4,ELOVL1,leukocytes,"E2F4 IP - GM12878 cells, E2F4 IP - K562 cells",21247883,,
ETS1,ELOVL1,leukocytes,"ETS1 IP - K562 cells, ETS1 IP - GM12878 cells, ETS1 IP",,,
JUNB,ELOVL1,colon,JUNB IP ,,,
RELA,ELOVL1,leukocytes,"RELA IP | TNF - GM15510 cells, RELA IP | TNF - GM18951 cells, RELA IP | BAY082  - IVD Th1 cells, PIA, RELA IP | TNF - GM12891 cells",,,
TNF,ELOVL1,leukocytes,"RELA IP | TNF - GM15510 cells, RELA IP | TNF - GM18951 cells, RELA IP | TNF - GM12891 cells",,,
YY1,ELOVL1,uterus,YY1 IP - ECC1 cells,,,
CTCF,ELOVL1,megakaryocytelineage,"CTCF IP - MEG-01 cells, Rep 10 , CTCF IP - MEG-01 cells, Rep 4 , CTCF IP - MEG-01 cells, Rep 8 , CTCF IP - MEG-01 cells, Rep 6 , CTCF IP - MEG-01 cells, Rep 2 ",,,
PRDM1,ELOVL1,uterus,PRDM1 IP - HeLa cells,,,
FOXM1,ELOVL1,mammarygland,"FOXM1 IP | THSP - DS018, FOXM1 IP - DS005, FOXM1 IP - DS017, FOXM1 IP | THSP - DS006, FOXM1 IP - DS007, FOXM1 IP | THSP - DS008, FOXM1 IP - MCF7 cells",,,
CTCF,ELOVL1,esophagus,"CTCF IP - HEEpiC cells, Rep 1 , CTCF IP - HEEpiC cells, Rep 2 ",,,
TCF12,ELOVL1,cns,TCF12 IP - SK-N-SH cells,,,
TCF12,ELOVL1,uterus,TCF12 IP - ECC1 cells,,,
CTCF,ELOVL1,colon,"CTCF IP - Rep 2 , CTCF IP - Rep 1 , CTCF IP - HCT116 cells, Rep 1 , CTCF IP - Rep 3 , CTCF IP - Caco , CTCF IP - HCT116 cells, CTCF IP - Caco-2 cells, Rep 1 , CTCF IP - HCT116 cells, Rep 2 ",,,
CTCF,ELOVL1,cns,"CTCF IP - cerebellar astrocyte cells, Rep 2 , CTCF IP - BE(2)-C cells, Rep 1 , CTCF IP - SK cells, CTCF IP - spinal cord astrocyte cells, Rep 2 , CTCF IP - HCPEpiC cells, Rep 1 , CTCF IP - cerebellar astrocyte cells, Rep 1 , CTCF IP - HCPEpiC cells, Rep 2 , CTCF IP - SK-N-SH cells, Rep 2 , CTCF IP - SK-N-SH cells, Rep 1 , CTCF IP - NHA cells , CTCF IP - spinal cord astrocyte cells, Rep 1 , CTCF IP - SK-N-SH cells ",,,
E2F6,ELOVL1,leukocytes,"E2F6 IP - K562 cells, E2F6 IP - K562 cells",,,
GATA2,ELOVL1,prostate,"GATA2 ChIP-Seq - Rep 2, GATA2 ChIP-Seq",,,
STAT3,ELOVL1,stemcells,"STAT3 IP - Rep 1 , STAT3 IP - Rep 2 ",,,
YY1,ELOVL1,colon,YY1 IP - HCT116 cells,,,
E2F6,ELOVL1,uterus,E2F6 IP - HeLa cells,,,
ELF1,ELOVL1,colon,ELF1 IP - HCT116 cells,,,
ZNF263,ELOVL1,kidney,ZNF263 IP - HEK293 cells,,,
TP63,ELOVL1,skin,TP63 IP,,,
GATA4,ELOVL1,stemcells,"GATA4 IP - Rep 8 , GATA4 IP - Rep 9 ",,,
CEBPB,ELOVL1,stemcells,"CEBPB IP, CEBPB IP, CEBPB IP",,,
MAZ,ELOVL1,leukocytes,"MAZ IP - GM12878 cells, MAZ IP - K562 cells",,,
TBP,ELOVL1,liver,TBP IP - HepG2 cells,,,
SP2,ELOVL1,liver,SP2 IP - HepG2 cells,,,
CTCF,ELOVL1,skin,"CTCF IP - AG04449 cells, Rep 2 , CTCF IP - NHEK cells, Rep 2 , CTCF IP - BJ cells, Rep 2 , CTCF IP - AG09309 cells, Rep 1 , CTCF IP - BJ cells, Rep 1 , CTCF IP - NHEK cells , CTCF IP - HFFC cells, Rep 1 , CTCF IP - NHDF cells , CTCF IP - HFFC cells, Rep 3 , CTCF IP - NHDF cells, Rep 1 , CTCF IP - NHDF cells, Rep 2 , CTCF IP - AG10803 cells, Rep 1 , CTCF IP - GM12878 cells, Rep 2 , CTCF IP - HFFC cells, Rep 2 , CTCF IP - AG04449 cells, Rep 1 , CTCF IP - AG10803 cells, Rep 2 ",,,
CTCF,ELOVL1,uterus,"CTCF IP - HeLa cells, Rep 1 , CTCF IP - HeLa cells ",,,
MAX,ELOVL1,uterus,"MAX IP - ECC1 cells, MAX IP - HeLa cells, Rep 1, MAX IP - HeLa cells, Rep 2",,,
IRF1,ELOVL1,leukocytes,"IRF1 IP | IFNG - K562 cells, 30 min, IRF1 IP | IFNG - K562 cells, 6 h, IRF1 IP | IFNA1-13 - K562 cells, 6 h",,,
IFNG,ELOVL1,leukocytes,"IRF1 IP | IFNG - K562 cells, 30 min, IRF1 IP | IFNG - K562 cells, 6 h, MYC IP | IFNG - K562 cells, 30 min, STAT1 IP - Rep 5, STAT1 IP - Rep 3, STAT1 IP - Rep 1, STAT1 IP - Rep 4, STAT1 IP - Rep 2, STAT1 IP - Rep 6, MYC IP | IFNG - K562 cells, 6 h",,,
HOXA4,ELOVL1,colon,HOXA4 IP ,,,
E2F1,ELOVL1,prostate,"BICALU + HES6OE | E2F1 ChIP-Seq - Rep 4, BICALU | E2F1 ChIP-Seq - Rep 4, HES6 OE | E2F1 ChIP-Seq - Rep 2, BICALU | E2F1 ChIP-Seq - Rep 3, HES6 OE | E2F1 ChIP-Seq - Rep 3, E2F1 ChIP-Seq - Rep 2, E2F1 ChIP-Seq - Rep 3, HES6 OE + BICALU | E2F1 ChIP-Seq - Rep 1, HES6 OE | E2F1 ChIP-Seq - Rep 1, E2F1 ChIP-Seq - Rep 4, BICALU + HES6 OE | E2F1 ChIP-Seq - Rep 2, E2F1 ChIP-Seq - Rep 1, HES6 OE + BICALU | E2F1 ChIP-Seq - Rep 3, BICALU | E2F1 ChIP-Seq - Rep 1, BICALU | E2F1 ChIP-Seq - Rep 2",,,
BICALU,ELOVL1,prostate,"BICALU + HES6OE | E2F1 ChIP-Seq - Rep 4, BICALU | E2F1 ChIP-Seq - Rep 4, BICALU | E2F1 ChIP-Seq - Rep 3, HES6 OE + BICALU | E2F1 ChIP-Seq - Rep 1, BICALU + HES6 OE | E2F1 ChIP-Seq - Rep 2, HES6 OE + BICALU | E2F1 ChIP-Seq - Rep 3, BICALU | E2F1 ChIP-Seq - Rep 1, BICALU | E2F1 ChIP-Seq - Rep 2",,,
HES6,ELOVL1,prostate,"BICALU + HES6OE | E2F1 ChIP-Seq - Rep 4, HES6 OE | E2F1 ChIP-Seq - Rep 2, HES6 OE | E2F1 ChIP-Seq - Rep 3, HES6 OE + BICALU | E2F1 ChIP-Seq - Rep 1, HES6 OE | E2F1 ChIP-Seq - Rep 1, BICALU + HES6 OE | E2F1 ChIP-Seq - Rep 2, HES6 OE + BICALU | E2F1 ChIP-Seq - Rep 3",,,
YY1,ELOVL1,leukocytes,"YY1 IP - K562 cells, Rep 2, YY1 IP - GM12878 cells, YY1 IP - GM12892 cells, Rep 1, YY1 IP - K562 cells, Rep 1",,,
POU2F2,ELOVL1,leukocytes,POU2F2 IP - GM12878 cells,,,
CTCF,ELOVL1,mammarygland,"CTCF IP - MCF7 cells, CTCF IP - HMEC cells , CTCF IP - HMEC cells, Rep 2 , CTCF IP - HMEC cells, Rep 1 , CTCF IP - MCF-7 cells, Rep 1 , CTCF IP - HMF cells, Rep 2 , CTCF IP - HMF cells, Rep 1 , CTCF IP - MCF-7 cells Rep 2 ",,,
HOXA6,ELOVL1,colon,HOXA6 IP ,,,
SP1,ELOVL1,colon,SP1 IP - HCT116 cells,,,
FOS,ELOVL1,mammarygland,"FOS IP | 4HT - MCF10A cells, 12 h, FOS IP - MCF10A cells, FOS IP | 4HT - MCF10A cells, 36 h, FOS IP | 4HT - MCF10A cells, 4 h",,,
4HT,ELOVL1,mammarygland,"FOS IP | 4HT - MCF10A cells, 12 h, FOS IP | 4HT - MCF10A cells, 36 h, STAT3 IP | 4HT - MCF10 cells, 12 h, MYC IP | 4HT - MCF10A cells, FOS IP | 4HT - MCF10A cells, 4 h, E2F4 IP | 4HT - MCF10 cells, STAT3 IP | 4HT - MCF10 cells, 36 h",,,
SMARCC1,ELOVL1,uterus,SMARCC1 IP - HeLa cells,,,
SPI1,ELOVL1,leukocytes,"ROSI | SPI1 ChIP-Seq, SPI1 IP - GM12878 cells, SPI1 IP, SPI1 IP - GM12878 cells, Rep 2 , SPI1 IP, SPI1 IP - K562 cells, SPI1 IP - HL cells, SPI1 IP, SPI1 IP, SPI1 IP - GM12891 cells, SPI1 IP - U-937 cells, Rep 4 , SPI1 IP, SPI1 IP - GM12878 cells, Rep 1 , SPI1 IP - GM12878 cells, Rep 3 , SPI1 IP, SPI1 IP, SPI1 IP - GM12878 cells, Rep 4 , SPI1 IP, SPI1 IP, SPI1 IP",,,
ROSI,ELOVL1,leukocytes,ROSI | SPI1 ChIP-Seq,,,
SRF,ELOVL1,colon,SRF IP - HCT116 cells,,,
KLF11,ELOVL1,adiposetissue,"ROSI (BrAT) | KLF11 ChIP-Seq, Rep 1, KLF11 ChIP-Seq, Rep 1, ROSI (BrAT) | KLF11 ChIP-Seq, Rep 2, KLF11 ChIP-Seq, Rep 2",,,
ROSI,ELOVL1,adiposetissue,"ROSI (BrAT) | KLF11 ChIP-Seq, Rep 1, ROSI (BrAT) | KLF11 ChIP-Seq, Rep 2",,,
E2F6,ELOVL1,stemcells,E2F6 IP - H1 cells,,,
CTCF,ELOVL1,hspcs,"CTCF IP - HEL 92.1.7 cells, Rep 2 , CTCF IP - HEL 92.1.7 cells, Rep 11 , CTCF IP - Erythroid cells, Rep 1, CTCF IP - HEL 92.1.7 cells, Rep 14 , CTCF IP - Erythroid cells, Rep 2, CTCF IP - HEL 92.1.7 cells, Rep 8 , CTCF IP - HEL 92.1.7 cells, Rep 5 ",,,
JUN,ELOVL1,vasculature,"JUN IP, JUN IP - HUVEC cells",,,
YY1,ELOVL1,cns,YY1 IP - SK-N-SH cells,,,
NFYA,ELOVL1,uterus,NFYA IP - HeLa cells,,,
MAX,ELOVL1,lung,"MAX IP - A549 cells, MAX IP - A549 cells",,,
REST,ELOVL1,cns,"REST IP - SK cells, REST IP - U87 cells, REST IP - PFSK1 cells, Rep 2, REST IP - PFSK-N-SH cells1 cells, Rep 1",,,
JUN,ELOVL1,mammarygland,"JUN IP - Rep 1, JUN IP - Rep 2, JUN IP, JUN IP | CPDA, JUN IP | DEX",,,
AR,ELOVL1,prostate,WT AR OE | FOXA1 ChIP-Seq,,,
ZNF143,ELOVL1,leukocytes,"ZNF143 IP - K562 cells, ZNF143 IP - GM12878 cells",,,
CEBPB,ELOVL1,colon,"CEBPB IP - HCT116 cells, CEBPB IP | 125DVD3",,,
ASCL1,ELOVL1,skin,ASCL1 IP - NHDF,,,
SATB1,ELOVL1,liver,SATB1 IP,,,
CTCF,ELOVL1,liver,"CTCF IP - HepG2 cells, Rep 2 , CTCF IP - HepG2 cells, Rep 1 , CTCF IP - SK-N-SH cells, CTCF IP, CTCF IP - HepG2 cells ",,,
STAT3,ELOVL1,leukocytes,"STAT3 IP - OCI-LY10, STAT3 IP - SU-DHL-10, STAT3 IP - SU-DHL-6, STAT3 IP - OCI-LY7, STAT3 IP - SU-DHL-4",,,
CTCF,ELOVL1,pancreas,CTCF IP,,,
GATA1,ELOVL1,hspcs,"GATA1 IP - PBDE cells, Rep 1, GATA1 IP - Rep 2, GATA1 IP - Rep 1, GATA1 IP - Rep 3",,,
CEBPB,ELOVL1,leukocytes,"CEBPB IP - Rep 204, CEBPB ChIP-Seq - K562, CEBPB IP | oxLDL  - Rep 208, CEBPB IP, CEBPB IP - K562 cells",,,
MAX,ELOVL1,leukocytes,"MAX IP - K562 cells, Rep 2, MAX IP - K562 cells, Rep 1, MAX IP - GM12878 cells, MAX IP - NB4 cells, MAX IP - K562 cells",,,
STAT3,ELOVL1,mammarygland,"STAT3 IP - MCF10A cells, Rep 2, STAT3 IP | 4HT - MCF10 cells, 12 h, STAT3 IP | 4HT - MCF10 cells, 36 h",,,
MAX,ELOVL1,liver,"MAX IP - MCF7 cells, MAX IP - HepG2 cells, MAX IP - HepG2 cells",,,
CTCF,ELOVL1,kidney,"CTCF IP - HEK293 cells, Rep 1 , CTCF IP - RPTEC cells, Rep 2 , CTCF IP - HRE cells, Rep 1 , CTCF IP - HRE cells, Rep 2 , CTCF IP - HEK293 cells, Rep 2 , CTCF IP - RPTEC cells, Rep 1 ",,,
ELF3,ELOVL1,pancreas,"ELF3 IP, ELF3 IP, ELF3 IP | KLF5 KO",,,
CTCF,ELOVL1,vasculature,"CTCF IP - HPAF cells, Rep 1 , CTCF IP - HPAF cells, Rep 2 , CTCF IP - AoAFC cells, Rep 1 , CTCF IP - HBMEC cells, Rep 1 , CTCF IP - HBMEC cells, Rep 2 , CTCF IP - HUVEC cells , CTCF IP - HUVEC cells, Rep 2 , CTCF IP - HUVEC cells, Rep 1 ",,,
GABPA,ELOVL1,leukocytes,"GABPA IP - GM12878 cells, Rep 2 , GABPA IP - HL cells, GABPA IP - Jurkat, Rep 2, GABPA IP - GM12878 cells, GABPA IP - K562 cells, GABPA IP - GM12878 cells, Rep 5 , GABPA IP - GM12878 cells, Rep 4 , GABPA IP - Jurkat, Rep 1, GABPA IP - GM12878 cells, Rep 3 , GABPA IP - GM12878 cells, Rep 1 ",,,
GABPA,ELOVL1,liver,"GABPA IP, GABPA IP, GABPA IP, GABPA IP - MCF7 cells, GABPA IP - HepG2 cells",,,
ELF1,ELOVL1,mammarygland,ELF1 IP - MCF7 cells,,,
ERG,ELOVL1,prostate,"DHT | ERG ChIP-Seq - 18 h, ERG ChIP-Seq, DHT | ERG ChIP-Seq - 2 h, ERG ChIP-Seq",,,
DHT,ELOVL1,prostate,"DHT | ERG ChIP-Seq - 18 h, DHT | FOXA1 ChIP-Seq, DHT | ERG ChIP-Seq - 2 h",,,
CTCF,ELOVL1,skeletalmuscle,"CTCF IP - HSMM cells, Rep 2 , CTCF IP - HSMM cells, Rep 1 ",,,
FOXM1,ELOVL1,bone,FOXM1 IP,,,
CREB1,ELOVL1,leukocytes,"CREB1 IP - GM12878 cells, CREB1 IP - K562 cells",,,
STAT2,ELOVL1,leukocytes,"STAT2 IP | IFNA1-13 - K562 cells, 30 min",,,
IFNA1,ELOVL1,leukocytes,"STAT2 IP | IFNA1-13 - K562 cells, 30 min, MYC IP | IFNA1 - K562 cells, 6 h, IRF1 IP | IFNA1-13 - K562 cells, 6 h, MYC IP | IFNA1 - K562 cells, 30 min",,,
STAT1,ELOVL1,uterus,"STAT1 IP | IFNG - HeLa cells, 30 min",,,
IFNG,ELOVL1,uterus,"STAT1 IP | IFNG - HeLa cells, 30 min",,,
MYB,ELOVL1,leukocytes,"MYB IP - Jurkat, Rep 5, MYB IP - MOLT3, MYB IP - Jurkat, Rep 4, MYB IP - Jurkat, Rep 1, MYB IP - Jurkat, Rep 2, MYB IP - Jurkat, Rep 3",,,
PAX5,ELOVL1,leukocytes,"PAX5 IP - GM12878 cells, Rep 1, PAX5 IP - GM12878 cells, Rep 2, PAX5 IP - GM12892 cells",,,
MYBL2,ELOVL1,liver,MYBL2 IP - HepG2 cells,,,
E2F4,ELOVL1,uterus,E2F4 IP - HeLa cells,,,
STAT5A,ELOVL1,leukocytes,"STAT5A IP - GM12878 cells, STAT5A IP - K562 cells",,,
CTCF,ELOVL1,bone,"CTCF IP, CTCF IP - Osteoblasts ",,,
FOXA1,ELOVL1,mammarygland,"FOXA1 ChIP-Seq - Rep 1, 17BE2 | FOXA1 ChIP-Seq - Rep 1, DHT | FOXA1 ChIP-Seq",,,
TAL1,ELOVL1,stemcells,"TAL1 IP - Rep 1 , TAL1 IP - Rep 2 ",,,
NFYB,ELOVL1,uterus,NFYB IP - HeLa cells,,,
SREBF1,ELOVL1,liver,SREBF1 IP | INS + 22RHC - HepG2 cells,,,
22RHC; INS,ELOVL1,liver,SREBF1 IP | INS + 22RHC - HepG2 cells,,,
GTF2F1,ELOVL1,uterus,GTF2F1 IP - HeLa cells,,,
CTCF,ELOVL1,heart,"CTCF IP - HCF cells , CTCF IP - myocytes cells, Rep 1 , CTCF IP - myocytes cells, Rep 2 ",,,
MYC,ELOVL1,leukocytes,"MYC IP | IFNG - K562 cells, 30 min, MYC IP | IFNA1 - K562 cells, 6 h, MYC IP - K562 cells, Rep 2, MYC IP - NB4 cells, MYC IP - K562 cells, Rep 1, MYC IP | IFNA1 - K562 cells, 30 min, MYC IP | IFNG - K562 cells, 6 h",,,
ZNF143,ELOVL1,stemcells,ZNF143 IP - H1 cells,,,
CTCF,ELOVL1,miscellaneous,"CTCF IP - AG09319 cells, Rep 2 , CTCF IP - AG09319 cells, Rep 1 ",,,
ELF1,ELOVL1,leukocytes,"ELF1 IP - SK-N-SH cells, ELF1 IP - SK-N-SH cells",,,
E2F1,ELOVL1,uterus,"E2F1 IP - HeLa cells, Rep 1, E2F1 IP - HeLa cells, Rep 2",,,
NFYB,ELOVL1,leukocytes,"NFYB IP - GM12878 cells, NFYB IP - K562 cells",,,
CREB1,ELOVL1,uterus,CREB1 IP - ECC1 cells,,,
KLF5,ELOVL1,stomach,KLF5 IP - KATOIII,,,
BCL3,ELOVL1,leukocytes,BCL3 IP - GM12878 cells,,,
GABPA,ELOVL1,prostate,"GABPA IP | R1881, GABPA IP - Rep 2, GABPA IP - Rep 1",,,
R1881,ELOVL1,prostate,GABPA IP | R1881,,,
REST,ELOVL1,leukocytes,"REST IP - K562 cells , REST IP - Â K562 cells, REST IP - K562 cells",,,
DEX,ELOVL1,lung,"CTCF IP | DEX - A549 cells, CTCF IP | DEX - A549 cells , CREB1 IP | DEX - A549 cells",,,
JUND,ELOVL1,cns,"JUND IP - SK-N-SH cells , JUND IP - SK-N-SH cells",,,
CTCF,ELOVL1,placenta,"CTCF IP - HVMF cells, Rep 1 , CTCF IP - HVMF cells, Rep 2 ",,,
HIF1A,ELOVL1,bone,HIF1A IP,,,
ATF2,ELOVL1,colon,ATF2 IP ,,,
TP53,ELOVL1,mammarygland,TP53 IP,,,
RUNX1T1,ELOVL1,leukocytes,RUNX1T1 IP,,,
GATA1,ELOVL1,leukocytes,"GATA1 ChIP-Seq - SC266, GATA1 ChIP-Seq - K562",,,
UBTF,ELOVL1,leukocytes,"UBTF IP - K562 cells, UBTF IP - K562 cells",,,
MAZ,ELOVL1,liver,MAZ IP - HepG2 cells,,,
ZBTB7A,ELOVL1,liver,ZBTB7A IP - HepG2 cells,,,
JUND,ELOVL1,lung,JUND IP - A549 cells,,,
HEY1,ELOVL1,liver,HEY1 IP - HepG2 cells,,,
E2F6,ELOVL1,lung,E2F6 IP - A549 cells,,,
ATF2,ELOVL1,leukocytes,ATF2 IP - GM12878 cells,,,
MAX,ELOVL1,vasculature,MAX IP - HUVEC cells,,,
TBP,ELOVL1,uterus,TBP IP - HeLa cells,,,
GTF2B,ELOVL1,uterus,"GTF2B IP - Rep 2, GTF2B IP - Rep 3, GTF2B IP | RO306",,,
MYC,ELOVL1,mammarygland,"MYC IP, MYC IP | 4HT - MCF10A cells, DHT | MYC ChIP-Seq, MYC IP - MCF-10A cells",,,
MXI1,ELOVL1,uterus,MXI1 IP - HeLa cells,,,
MYC,ELOVL1,colon,MYC IP - DTT,,,
TCF7L2,ELOVL1,hspcs,"TCF7L2 IP - Rep 2, TCF7L2 IP - Rep 1",,,
TAL1,ELOVL1,leukocytes,TAL1 IP - K562 cells,,,
HNF1B,ELOVL1,pancreas,HNF1B IP,,,
CEBPA,ELOVL1,leukocytes,CEBPA IP,,,
FOXA1,ELOVL1,pancreas,"FOXA1 IP, FOXA1 IP",,,
HEY1,ELOVL1,leukocytes,HEY1 IP - K562 cells,,,
KLF5,ELOVL1,stemcells,KLF5 IP - Rep 1 ,,,
GABPA,ELOVL1,lung,GABPA IP - A549 cells,,,
TCF7L2,ELOVL1,mammarygland,"DHT | TCF7L2 ChIP-Seq, TCF7L2 ChIP-Seq",,,
DHT,ELOVL1,mammarygland,"DHT | TCF7L2 ChIP-Seq, DHT | MYC ChIP-Seq, DHT | FOXA1 ChIP-Seq",,,
STAT1,ELOVL1,leukocytes,"STAT1 IP - Rep 5, STAT1 IP - Rep 3, STAT1 IP - Rep 1, STAT1 IP - Rep 4, STAT1 IP - Rep 2, STAT1 IP - Rep 6",,,
ZEB1,ELOVL1,liver,ZEB1 IP - HepG2 cells,,,
OTX2,ELOVL1,stemcells,"OTX2 IP - Rep 5 , OTX2 IP - Rep 4 , OTX2 IP - Rep 10 , OTX2 IP - Rep 3 ",,,
MXI1,ELOVL1,cns,MXI1 IP - SK-N-SH cells ,,,
CTCF,ELOVL1,sensory,"CTCF IP - WERI-Rb-1- cells, Rep 1 , CTCF IP - HRPEpiC cells, Rep 1 , CTCF IP - WERI , CTCF IP - HRPEpiC cells, Rep 2 ",,,
GATA2,ELOVL1,leukocytes,"GATA2 IP - K562 cells, GATA2 IP - K562 cells",,,
MXI1,ELOVL1,leukocytes,"MXI1 IP - GM12878 cells, MXI1 IP - K562 cells",,,
125DVD3,ELOVL1,colon,CEBPB IP | 125DVD3,,,
BAY082,ELOVL1,leukocytes,"RELA IP | BAY082  - IVD Th1 cells, PIA",,,
MTA3,ELOVL1,leukocytes,MTA3 IP - GM12878 cells,,,
NANOG,ELOVL1,stemcells,NANOG IP - Rep 5 ,,,
MAX,ELOVL1,stemcells,MAX IP - H1 cells,,,
GATA3,ELOVL1,cns,GATA3 IP - SK-N-SH cells,,,
FOXA2,ELOVL1,embryonictissue,FOXA2 IP - Rep 2,,,
GATA2,ELOVL1,vasculature,GATA2 IP - HUVEC cells,,,
SMAD1,ELOVL1,hspcs,"SMAD1 IP - Rep 1, SMAD1 IP - Rep 4, SMAD1 IP - Rep 3",,,
TBP,ELOVL1,stemcells,TBP IP - H1 cells,,,
ZBTB7A,ELOVL1,uterus,ZBTB7A IP - ECC1 cells,,,
FOSL1,ELOVL1,colon,FOSL1 IP - HCT116 cells,,,
FOS,ELOVL1,vasculature,FOS IP - HUVEC cells,,,
IRF3,ELOVL1,uterus,IRF3 IP - HeLa cells,,,
HMBOX1,ELOVL1,lung,HMBOX1 IP,,,
ELF1,ELOVL1,liver,ELF1 IP - HepG2 cells,,,
EGR1,ELOVL1,uterus,EGR1 IP - ECC1 cells,,,
CREB1,ELOVL1,liver,"CREB1 IP, CREB1 IP - HepG2 cells, CREB1 IP, CREB1 IP",,,
MYC,ELOVL1,lung,MYC IP - A549 cells,,,
ATF3,ELOVL1,colon,"ATF3 IP | CAMPTO, ATF3 IP - HCT116 cells",,,
RUNX1,ELOVL1,hspcs,"RUNX1, RUNX1 IP",,,
E2F3,ELOVL1,colon,E2F3 IP ,,,
TEAD4,ELOVL1,colon,TEAD4 IP - HCT116 cells,,,
CEBPB,ELOVL1,lung,"CEBPB ChIP-Seq - IMR90, CEBPB IP - A549 cells",,,
EGR1,ELOVL1,colon,EGR1 IP - HCT116 cells,,,
FOSL1,ELOVL1,mammarygland,FOSL1 IP,,,
MAX,ELOVL1,colon,MAX IP - HCT116 cells,,,
CREB1,ELOVL1,lung,CREB1 IP | DEX - A549 cells,,,
PBX3,ELOVL1,lung,PBX3 IP - A549 cells,,,
CTCF,ELOVL1,stemcells,"CTCF IP - H1 cells, CTCF IP - Rep 4 , CTCF IP - Rep 2 , CTCF IP - H1 cells , CTCF IP - Rep 5 , CTCF IP - Rep 6 , CTCF IP - Rep 1 , CTCF IP - Rep 7 ",,,
EBF1,ELOVL1,leukocytes,"EBF1 IP - GM12878 cells, EBF1 IP - GM12878 cells",,,
YY1,ELOVL1,lung,YY1 IP - A549 cells,,,
FOXM1,ELOVL1,leukocytes,FOXM1 IP - GM12878 cells,,,
TCF7L2,ELOVL1,uterus,TCF7L2 IP - HeLa cells,,,
JUN,ELOVL1,uterus,JUN IP - HeLa cells,,,
BHLHE40,ELOVL1,leukocytes,"BHLHE40 IP - K562 cells, BHLHE40 IP - GM12878 cells",,,
TBP,ELOVL1,leukocytes,"TBP IP - K562 cells, TBP IP - GM12878 cells",,,
TP53,ELOVL1,bone,TP53 IP | TP53EE/RR OE,,,
GATA3,ELOVL1,lung,GATA3 IP - A549 cells,,,
CPDA,ELOVL1,mammarygland,JUN IP | CPDA,,,
ZBTB7A,ELOVL1,leukocytes,ZBTB7A IP - SK-N-SH cells,,,
FOSL2,ELOVL1,cns,FOSL2 IP - SK-N-SH cells,,,
GATA6,ELOVL1,stomach,"GATA6 IP - AGS, GATA6 IP - YCC3",,,
SP1,ELOVL1,lung,SP1 IP - A549 cells,,,
SRF,ELOVL1,stemcells,"SRF IP - Rep 7 , SRF IP - Rep 4 ",,,
FOXA1,ELOVL1,liver,"FOXA1 IP - HepG2 cells, Rep 1",,,
CEBPB,ELOVL1,uterus,"CEBPB IP - ECC1 cells, CEBPB ChIP-Seq - HeLaS3",,,
SP1,ELOVL1,leukocytes,"SP1 IP - K562 cells, SP1 IP - GM12878 cells",,,
ERG,ELOVL1,leukocytes,ERG IP - Rep 1,,,
IKZF1,ELOVL1,leukocytes,IKZF1 IP - GM12878 cells,,,
GATA4,ELOVL1,stomach,GATA4 IP - AGS,,,
IRF1,ELOVL1,pancreas,IRF1 IP,,,
TEAD4,ELOVL1,stemcells,TEAD4 IP - H1 cells,,,
FOS,ELOVL1,uterus,FOS IP - HeLa cells,,,
JUN,ELOVL1,leukocytes,"JUN IP - K562 cells, Rep 1, JUN IP - K562 cells, Rep 2",,,
GABPA,ELOVL1,stemcells,GABPA IP - H1 cells,,,
KLF5,ELOVL1,pancreas,"ELF3 IP | KLF5 KO, KLF5 IP",,,
BARX1,ELOVL1,colon,BARX1 IP - Rep 1 ,,,
CTCF,ELOVL1,adiposetissue,"CTCF ChIP-Seq - d 9, CTCF ChIP-Seq - d -2, CTCF ChIP-Seq - d 0",,,
GATA6,ELOVL1,stemcells,GATA6 IP - Rep 7 ,,,
FOXA2,ELOVL1,stemcells,FOXA2 IP - ES D2,,,
BCL3,ELOVL1,lung,BCL3 IP - A549 cells,,,
E2F1,ELOVL1,mammarygland,"E2F1 IP, E2F1 IP - MCF7 cells",,,
SP1,ELOVL1,stemcells,"SP1 IP - Rep 1 , SP1 IP - H1 cells",,,
HMGN3,ELOVL1,leukocytes,HMGN3 IP - K562 cells,,,
IRF1,ELOVL1,colon,IRF1 IP ,,,
CREB1,ELOVL1,stemcells,CREB1 IP - H1 cells,,,
SP1,ELOVL1,liver,SP1 IP - HepG2 cells,,,
EGR1,ELOVL1,leukocytes,EGR1 IP - K562 cells,,,
TP53,ELOVL1,skin,TP53 IP,,,
FOXM1,ELOVL1,cns,FOXM1 IP - SK-N-SH cells,,,
NFYC,ELOVL1,colon,NFYC IP ,,,
TEAD4,ELOVL1,uterus,TEAD4 IP - ECC1 cells,,,
USF1,ELOVL1,colon,USF1 IP - HCT116 cells,,,
STAT3,ELOVL1,uterus,STAT3 IP - HeLa cells,,,
MAFK,ELOVL1,lung,MAFK IP - IMR cells,,,
TCF7L2,ELOVL1,pancreas,TCF7L2 IP,,,
MXI1,ELOVL1,liver,MXI1 IP - HepG2 cells,,,
RELA,ELOVL1,colon,RELA IP ,,,
GLI2,ELOVL1,colon,GLI2 IP ,,,
FOSL2,ELOVL1,lung,FOSL2 IP - A549 cells,,,
JUND,ELOVL1,leukocytes,JUND IP - K562 cells,,,
SP2,ELOVL1,stemcells,SP2 IP - H1 cells,,,
MAZ,ELOVL1,lung,MAZ IP - IMR cells,,,
MYC,ELOVL1,liver,MYC IP,,,
17BE2,ELOVL1,mammarygland,17BE2 | FOXA1 ChIP-Seq - Rep 1,,,
YY1,ELOVL1,stemcells,YY1 IP - H1 cells,,,
YY1,ELOVL1,liver,YY1 IP - HepG2 cells,,,
JUND,ELOVL1,uterus,JUND IP - HeLa cells,,,
SP2,ELOVL1,leukocytes,SP2 IP - K562 cells,,,
MAFF,ELOVL1,leukocytes,MAFF IP - K562 cells,,,
GABPA,ELOVL1,uterus,GABPA IP - HeLa cells,,,
FOXM1,ELOVL1,uterus,FOXM1 IP - ECC1 cells,,,
ZNF83,ELOVL1,colon,ZNF83 IP ,,,
ELF1,ELOVL1,cns,ELF1 IP - SK-N-SH cells,,,
MAX,ELOVL1,cns,MAX IP - SK-N-SH cells,,,
JUND,ELOVL1,vasculature,JUND IP,,,
ATF2,ELOVL1,stemcells,ATF2 IP - H1 cells,,,
E2F4,ELOVL1,mammarygland,E2F4 IP | 4HT - MCF10 cells,,,
TEAD4,ELOVL1,leukocytes,TEAD4 IP - K562 cells,,,
TCF3,ELOVL1,leukocytes,TCF3 IP - GM12878 cells,,,
PBX3,ELOVL1,cns,PBX3 IP - SK-N-SH cells,,,
MXI1,ELOVL1,lung,MXI1 IP - IMR cells,,,
MYC,ELOVL1,stemcells,MYC IP - Rep 2 ,,,
TCF12,ELOVL1,leukocytes,TCF12 IP - GM12878 cells,,,
MXI1,ELOVL1,stemcells,MXI1 IP - H1 cells,,,
RO306,ELOVL1,uterus,GTF2B IP | RO306,,,
TAL1,ELOVL1,colon,TAL1 IP ,,,
GABPA,ELOVL1,cns,GABPA IP - SK-N-SH cells,,,
DEX,ELOVL1,mammarygland,JUN IP | DEX,,,
MYC,ELOVL1,uterus,MYC IP - HeLa cells,,,
JUND,ELOVL1,colon,JUND IP - HCT116 cells,,,
FOSL1,ELOVL1,leukocytes,FOSL1 IP - K562 cells,,,
REST,ELOVL1,liver,"REST IP - HepG2 cells, Rep 2",,,
JUN,ELOVL1,colon,JUN IP ,,,
NFYA,ELOVL1,colon,NFYA IP ,,,
IRF4,ELOVL1,leukocytes,IRF4 IP,,,
RUNX1,ELOVL1,leukocytes,RUNX1 IP,,,
SRF,ELOVL2,stemcells,"SRF IP - Rep 4 , SRF IP - Rep 6 , SRF IP - Rep 5 , SRF IP - Rep 1 , SRF IP - Rep 2 , SRF IP - Rep 7 , SRF IP - Rep 3 ",,,
FOXA1,ELOVL2,mammarygland,"17BE2 | FOXA1 ChIP-Seq - Rep 1, FOXA1 ChIP-Seq - Rep 2, 17BE2 | FOXA1 ChIP-Seq - Rep 2, FOXA1 ChIP-Seq - Rep 2, FOXA1 IP | 17BE2 - MCF-7, TNF | FOXA1 ChIP-Seq - Rep 1, 17BE2 | FOXA1 ChIP-Seq - Rep 1, DEX | FOXA1 ChIP-Seq - Rep 1, DHT | FOXA1 ChIP-Seq, DEX | FOXA1 ChIP-Seq - Rep 2, DEX | FOXA1 ChIP-Seq - Rep 1, 17BE2 | FOXA1 ChIP-Seq - Rep 2, 17BE2 + TNF | FOXA1 ChIP-Seq - Rep 2, DEX | FOXA1 ChIP-Seq - Rep 2, FOXA1 ChIP-Seq - Rep 2, 17BE2 | FOXA1 ChIP-Seq - Rep 1, FOXA1 IP - T47D cells, 17BE2 | FOXA1 ChIP-Seq - Rep 2, FOXA1 ChIP-Seq - Rep 1, FOXA1 ChIP-Seq - Rep 1, 17BE2 | FOXA1 ChIP-Seq - Rep 1, DEX | FOXA1 ChIP-Seq - Rep 2, 17BE2 | FOXA1 ChIP-Seq - Rep 2, 17BE2 + TNF | FOXA1 ChIP-Seq - Rep 1, 17BE2 | FOXA1 ChIP-Seq",,,
17BE2,ELOVL2,mammarygland,"17BE2 | FOXA1 ChIP-Seq - Rep 1, 17BE2 | FOXA1 ChIP-Seq - Rep 2, FOXA1 IP | 17BE2 - MCF-7, 17BE2 | FOXA1 ChIP-Seq - Rep 1, 17BE2 | FOXA1 ChIP-Seq - Rep 2, 17BE2 | FOXA1 ChIP-Seq - Rep 1, 17BE2 | FOXA1 ChIP-Seq - Rep 2, 17BE2 | FOXA1 ChIP-Seq - Rep 1, 17BE2 | FOXA1 ChIP-Seq - Rep 2, 17BE2 | FOXA1 ChIP-Seq",,,
REST,ELOVL2,cns,"REST IP - U87 cells, REST IP - SK cells, REST IP - SK-N-SH cells, REST IP - PFSK1 cells, Rep 2, REST IP - PFSK-N-SH cells1 cells, Rep 1",,,
ELF1,ELOVL2,leukocytes,ELF1 IP - SK-N-SH cells,,,
FOXA1,ELOVL2,prostate,"CREB1 siRNA | FOXA1 ChIP-Seq - Rep 2, WT AR OE + FOXA1 OE | FOXA1 ChIP-Seq - high FOXA1, FOXA1 ChIP-Seq, EtOH | FOXA1 ChIP-Seq - Rep 2, AR C562S OE + FOXA1 OE | FOXA1 ChIP-Seq, CON KD + R1881 |Â FOXA1 ChIP-Seq, R1881 | FOXA1 ChIP-Seq - Rep 1, GATA2 KD  |Â FOXA1 ChIP-Seq, FOXA1 ChIP-Seq - Rep 1, FOXA1 ChIP-Seq, CON KD  |Â FOXA1 ChIP-Seq, FOXA1 ChIP-Seq, FOXA1 KD |Â GATA2 ChIP-Seq, WT AR OE + FOXA1 OE | FOXA1 ChIP-Seq, FOXA1 ChIP-Seq, FOXA1 siRNA | CREB1 ChIP-Seq - Rep 2, CON KD + R1881 | FOXA1 ChIP-Seq - Rep 1, EtOH | FOXA1 ChIP-Seq - , FOXA1 ChIP-Seq - Rep 2, CREB1 siRNA | FOXA1 ChIP-Seq - Rep 1, FOXA1 ChIP-Seq, DHT | FOXA1 ChIP-Seq, R1881 | FOXA1 ChIP-Seq - Rep 2, AR Q640X OE + FOXA1 OE | FOXA1 ChIP-Seq, CON KD |Â FOXA1 ChIP-Seq, FOXA1 + FBS |Â GATA2 ChIP-Seq, CON KD + R1881 | FOXA1 ChIP-Seq - Rep 2, FOXA1 ChIP-Seq - LNCaP-abl, PIAS1 + R1881 | FOXA1 ChIP-Seq - Rep 2, DHT | FOXA1 ChIP-Seq, PIAS1 + R1881 | FOXA1 ChIP-Seq - Rep 1",,,
CREB1,ELOVL2,prostate,"CREB1 siRNA | FOXA1 ChIP-Seq - Rep 2, CREB1 ChIP-Seq - LNCaP-abl, FOXA1 siRNA | CREB1 ChIP-Seq - Rep 2, CREB1 siRNA | FOXA1 ChIP-Seq - Rep 1",,,
AR,ELOVL2,prostate,"WT AR OE + FOXA1 OE | FOXA1 ChIP-Seq - high FOXA1, AR C562S OE + FOXA1 OE | FOXA1 ChIP-Seq, WT AR OE + FOXA1 OE | FOXA1 ChIP-Seq, AR Q640X OE + FOXA1 OE | FOXA1 ChIP-Seq",,,
FOS,ELOVL2,vasculature,FOS IP - HUVEC cells,,,
CTCF,ELOVL2,leukocytes,"CTCF IP - F36P cells, Rep 19 , CTCF IP - Â CD20+ cells , CTCF IP - GM12828 cells, CTCF IP - GM11894 cells, Rep 2, CTCF IP - GM18505 cells, Rep 1 , CTCF IP - GM19239 cells, Rep 2 , CTCF IP - K562 cells, CTCF IP - GM12891 cells, Rep 2 , CTCF IP - GM2630 cells, Rep 1 , CTCF IP - GM19239 cells, Rep 1 , CTCF IP - GM12814 cells, Rep 1, CTCF IP - GM12870 cells , CTCF IP - GM19099 cells, Rep 1 , CTCF IP - GM12867 cells , CTCF IP - GM19099 cells, Rep 2 , CTCF IP - F36P cells, Rep 17 , CTCF IP - GM12878 cells , CTCF IP - K562 cells, Rep 14 , CTCF IP - GM12873 cells, Rep 1 , CTCF IP - K562 cells, Rep 15 , CTCF IP - GM12890 cells, Rep 2 , CTCF IP - GM2255 cells, Rep 1 , CTCF IP - GM19238 cells, Rep 1 , CTCF IP - GM12875 cells, Rep 2 , CTCF IP - GM12878 cells, Rep 1 , CTCF IP - GM19240 cells, Rep 2 , CTCF IP - GM12878 cells, Rep 2 , CTCF IP - GM10847 cells, Rep 2 , CTCF IP - KU812 cells, Rep 5 , CTCF ChIP-Seq - GM12878, CTCF IP - GM18486 cells, Rep 1 , CTCF IP - K562 cells, Rep 2 , CTCF IP - GM12874 cells, Rep 1 , CTCF IP - GM18486 cells, Rep 2 , CTCF IP - GM12871 cells , CTCF IP - GM2610 cells, Rep 1 , CTCF IP - F36P cells, Rep 13 , CTCF IP - GM2588 cells, Rep 3 , CTCF IP - GM18951 cells, Rep 2 , CTCF IP - F36P cells, Rep 14 , CTCF IP - GM18526 cells, Rep 2 , CTCF IP - K562 cells , CTCF IP - K562 cells, CTCF IP - GM18505 cells, Rep 2 , CTCF IP - GM12872 cells, Rep 1 , CTCF IP - GM12878 cells, Rep 2 , CTCF IP - GM12890 cells, Rep 3 , CTCF IP - GM2610 cells, Rep 3 , CTCF IP - K562 cells, Rep 13 , CTCF IP - MS1 cells, Rep 1 , CTCF IP - F36P cells, Rep 10 , CTCF IP - GM12872 cells, Rep 3 , CTCF IP - GM18951 cells, Rep 1 , CTCF IP, CTCF IP - HL , CTCF IP - GM11994 cells, Rep 2, CTCF IP - GM12892 cells, Rep 1 , CTCF IP - GM19240 cells, Rep 1 , CTCF IP - CD14+ cells , CTCF IP - K562 cells, Rep 6 , CTCF IP - K562 cells, CTCF IP - MS1 cells, Rep 2 , CTCF IP - F36P cells, Rep 2 , CTCF IP - K562 cells, Rep 12 , CTCF IP - GM2630 cells, Rep 3 , CTCF IP - K562 cells, Rep 4 , CTCF IP - GM12873 cells, Rep 3 , CTCF IP - GM11831 cells, CTCF IP - GM12869 cells , CTCF IP - F36P cells, Rep 15 , CTCF IP - K562 cells, Rep 1 , CTCF IP - GM19193 cells, Rep 2 , CTCF IP - K562 cells, Rep 10 , CTCF IP - GM12154 cells, Rep 2, CTCF IP - K562 cells, Rep 3 , CTCF IP - K562 cells, Rep 7 , CTCF IP - GM12890 cells, Rep 1 , CTCF IP - GM2588 cells, Rep 1 , CTCF IP - GM18486 cells, Rep 3 , CTCF IP - F36P cells, Rep 9 , CTCF IP - GM2630 cells, Rep 2 , CTCF IP - GM2588 cells, Rep 2 , CTCF IP - MS1 cells, Rep 3 , CTCF IP - K562 cells, Rep 8 , CTCF IP - GM11994 cells, Rep 1, CTCF IP - GM10847 cells, Rep 3 , CTCF IP - GM12891 cells, Rep 1 , CTCF IP - MS1 cells, Rep 4 , CTCF IP - KU812 cells, Rep 17 , CTCF IP - KU812 cells, Rep 13 , CTCF IP - GM12875 cells, Rep 1 , CTCF IP - F36P cells, Rep 6 , CTCF IP - GM12864 cells, Rep 1 , CTCF IP - GM2255 cells, Rep 2 , CTCF IP - F36P cells, Rep 5 , CTCF IP - K562 cells, Rep 11 , CTCF IP - K562 cells, Rep 2 , CTCF IP - KU812 cells, Rep 9 , CTCF IP - GM11811 cells, Rep 2, CTCF IP - GM2610 cells, Rep 2 , CTCF IP - F36P cells, Rep 1 , CTCF IP - K562 cells, Rep 5 , CTCF IP - GM12872 cells, Rep 2 , CTCF IP - GM11992 cells, Rep 2, CTCF IP - GM12865 cells, Rep 1 , CTCF IP - GM2255 cells, Rep 3 , CTCF IP - GM12868 cells , CTCF IP - GM10847 cells, Rep 1 , CTCF IP - GM12873 cells, Rep 1 , CTCF IP - GM12874 cells, Rep 2 , CTCF IP - GM19238 cells, Rep 2 , CTCF IP - K562 cells, Rep 1 , CTCF IP - GM06990 cells, Rep 1 , CTCF IP - GM12865 cells, Rep 2 , CTCF IP - GM06986 cells, CTCF IP - GM19193 cells, Rep 1 , CTCF IP - F36P cells, Rep 7 , CTCF IP - K562 cells, Rep 16 , CTCF IP - GM12892 cells, Rep 2 , CTCF IP - K562 cells, Rep 9 , CTCF IP - KU812 cells, Rep 1 , CTCF IP - F36P cells, Rep 11 , CTCF IP - GM12866 cells , CTCF IP - GM11881 cells, CTCF IP - GM18526 cells, Rep 1 , CTCF IP - F36P cells, Rep 3 ",,,
JUN,ELOVL2,leukocytes,"JUN IP - K562 cells, Rep 2, JUN IP | IFNA1-13 - 30 min , JUN IP - K562 cells, Rep 1",,,
YY1,ELOVL2,liver,YY1 IP - HepG2 cells,,,
CTCF,ELOVL2,lung,"CTCF IP | DEX - A549 cells, CTCF IP - AG04450 cells, Rep 2 , CTCF IP - AG04450 cells, Rep 1 , CTCF IP - HPF cells, Rep 2 , CTCF IP - A549 cells, Rep 2 , CTCF ChIP-Seq - A549, CTCF IP - A549 cells, CTCF IP - IMR cells, CTCF IP - NHLF cells , CTCF IP - SAEC cells, Rep 2 , CTCF IP - A549 cells , CTCF IP - NHLF cells , CTCF IP - SAEC cells, Rep 1 , CTCF IP - WI-38 cells, Rep 2 , CTCF IP | DEX - A549 cells , CTCF IP - HPF cells, Rep 1 , CTCF IP - WI-38 cells, Rep 1 , CTCF IP - A549 cells, Rep 1 ",,,
DEX,ELOVL2,lung,"CTCF IP | DEX - A549 cells, CREB1 IP | DEX - A549 cells, CTCF IP | DEX - A549 cells , FOXA1 IP | DEX - A549 cells",,,
CTCF,ELOVL2,megakaryocytelineage,"CTCF IP - MEG-01 cells, Rep 2 , CTCF IP - MEG-01 cells, Rep 5 , CTCF IP - MEG-01 cells, Rep 9 , CTCF IP - MEG-01 cells, Rep 10 , CTCF IP - MEG-01 cells, Rep 7 , CTCF IP - MEG-01 cells, Rep 1 , CTCF IP - MEG-01 cells, Rep 4 , CTCF IP - CHRF-288-11 cells, Rep 1 , CTCF IP - MEG-01 cells, Rep 8 , CTCF IP - CHRF-288-11 cells, Rep 2 , CTCF IP - MEG-01 cells, Rep 3 , CTCF IP - MEG-01 cells, Rep 6 ",,,
FOXA2,ELOVL2,liver,FOXA2 IP - HepG2 cells,19822575,,
SIX2,ELOVL2,kidney,"SIX2 IP - 17 weeks, Rep 2, SIX2 IP -  16 weeks, SIX2 IP - 17 weeks, Rep 1",,,
CTCF,ELOVL2,miscellaneous,"CTCF IP - AG09319 cells, Rep 1 , CTCF IP - AG09319 cells, Rep 2 ",,,
PAX5,ELOVL2,leukocytes,"PAX5 IP - GM12878 cells, Rep 1, PAX5 IP - GM12891 cells, PAX5 IP - GM12878 cells, Rep 2, PAX5 IP - GM12892 cells",,,
ATF3,ELOVL2,stemcells,ATF3 IP - H1 cells,,,
REST,ELOVL2,lung,REST IP - A549 cells,,,
CTCF,ELOVL2,hspcs,"CTCF IP - Erythroid cells, Rep 2, CTCF IP - HEL 92.1.7 cells, Rep 1 , CTCF IP - HEL 92.1.7 cells, Rep 5 , CTCF IP - HEL 92.1.7 cells, Rep 7 , CTCF IP - HSPCs, Rep 2, CTCF IP - HEL 92.1.7 cells, Rep 4 , CTCF IP - HEL 92.1.7 cells, Rep 13 , CTCF IP - HEL 92.1.7 cells, Rep 2 , CTCF IP - HEL 92.1.7 cells, Rep 11 , CTCF IP - Erythroid cells, Rep 1, CTCF IP - HEL 92.1.7 cells, Rep 10 , CTCF IP - HSPCs, Rep 1, CTCF IP - HEL 92.1.7 cells, Rep 14 , CTCF IP - HEL 92.1.7 cells, Rep 8 ",,,
SPI1,ELOVL2,leukocytes,"SPI1 IP, SPI1 IP, SPI1 IP - GM12891 cells, SPI1 IP, SPI1 IP, SPI1 IP, SPI1 IP, SPI1 IP",,,
REST,ELOVL2,leukocytes,"REST IP - GM12878 cells, Rep 28 , REST IP - GM12878 cells, Rep 17 , REST IP - GM12878 cells, Rep 1 , REST IP - GM12878 cells, Rep 7 , REST IP - Jurkat cells, Rep 5 , REST IP - Jurkat cells, Rep 14 , REST IP - GM12878 cells, Rep 25 , REST IP - Jurkat cells, Rep 11 , REST IP - Jurkat cells, Rep 7 , REST IP - GM12878 cells, Rep 9 , REST IP - K562 cells , REST IP - GM12878 cells, Rep 5 , REST IP - Jurkat cells, Rep 10 , REST IP - GM12878 cells, Rep 13 , REST IP - Jurkat cells, Rep 12 , REST IP - GM12878 cells, Rep 19 , REST IP - GM12878 cells, Rep 24 , REST IP - GM12878 cells, Rep 2 , REST IP - GM12878 cells, Rep 10 , REST IP - GM12878 cells, Rep 11 , REST IP - GM12878 cells, Rep 2, REST IP - GM12878 cells, Rep 8 , REST IP - HL60 cells, REST IP - GM12878 cells, Rep 3 , REST IP - Jurkat cells, Rep 3 , REST IP - Jurkat cells, Rep 8 , REST IP - GM12878 cells, Rep 4 , REST IP - GM12878 cells, Rep 18 , REST IP - GM12878 cells, Rep 22 , REST IP - GM12878 cells, Rep 6 , REST IP - GM12878 cells, Rep 23 , REST IP - GM12878 cells, Rep 16 , REST IP - Jurkat cells, Rep 4 , REST IP - GM12878 cells, Rep 26 , REST IP - GM12878 cells, Rep 1, REST IP - Â K562 cells, REST IP - GM12878 cells, Rep 12 , REST IP - Jurkat cells, Rep 13 , REST IP - GM12878 cells, Rep 27 , REST IP - GM12878 cells, Rep 21 , REST IP - K562 cells, REST IP - GM12878 cells, Rep 14 ",,,
CTCF,ELOVL2,mammarygland,"CTCF IP - MCF-7 cells, Rep 1 , CTCF IP - HMF cells, Rep 2 , CTCF IP - HMF cells, Rep 1 , CTCF IP - MCF-7 cells Rep 2 , CTCF IP - MCF7 cells, CTCF IP - HMEC cells , CTCF IP - T47D cells, CTCF IP - HMEC cells, Rep 1 ",,,
GABPA,ELOVL2,leukocytes,GABPA IP - K562 cells,,,
CTCF,ELOVL2,vasculature,"CTCF IP - HUVEC cells, Rep 2 , CTCF IP - HPAF cells, Rep 1 , CTCF IP - HUVEC cells, Rep 1 , CTCF IP - HPAF cells, Rep 2 , CTCF IP - AoAFC cells, Rep 1 , CTCF IP - HBMEC cells, Rep 2 , CTCF IP - HBMEC cells, Rep 1 , CTCF IP - HUVEC cells ",,,
STAT3,ELOVL2,leukocytes,"STAT3 IP - U-2932, STAT3 IP - SU-DHL-6, STAT3 IP - OCI-LY19",,,
CREB1,ELOVL2,stemcells,CREB1 IP - H1 cells,,,
TEAD4,ELOVL2,leukocytes,TEAD4 IP - K562 cells,,,
REST,ELOVL2,pancreas,"REST IP - Panc1 cells, Rep 3, REST IP - PANC1 cells, Rep 1, REST IP - PANC1 cells, Rep 2",,,
CTCF,ELOVL2,liver,"CTCF IP - HepG2 cells , CTCF IP - SK-N-SH cells, CTCF IP - HepG2 cells, Rep 2 , CTCF IP, CTCF IP - HepG2 cells, Rep 1 ",,,
ETS1,ELOVL2,leukocytes,ETS1 IP - K562 cells,,,
FOXA1,ELOVL2,stemcells,"FOXA1 IP - ES D7, FOXA1 IP - ES D5, FOXA1 IP - Rep 5 ",,,
YY1,ELOVL2,cns,YY1 IP | ATRA - SK-N-SH cells,,,
ATRA,ELOVL2,cns,YY1 IP | ATRA - SK-N-SH cells,,,
CEBPB,ELOVL2,leukocytes,"CEBPB ChIP-Seq - K562, CEBPB IP, CEBPB IP, CEBPB IP, CEBPB IP, CEBPB IP",,,
GATA3,ELOVL2,mammarygland,"GATA3 IP - MCF7 cells, GATA3 IP - MCF-7 cells, GATA3 IP - T47D cells",24758297,,
FOXA2,ELOVL2,stemcells,"FOXA2 IP - ES D5, FOXA2 IP - Rep 1 , FOXA2 IP - Rep 5 , FOXA2 IP - ES D2, FOXA2 IP - ES D10",,,
MAZ,ELOVL2,lung,MAZ IP - IMR cells,,,
MAX,ELOVL2,leukocytes,"MAX IP - K562 cells, MAX IP - K562 cells, Rep 2",,,
TNF,ELOVL2,mammarygland,TNF | FOXA1 ChIP-Seq - Rep 1,,,
BHLHE40,ELOVL2,liver,BHLHE40 IP - HepG2 cells,,,
CEBPB,ELOVL2,mammarygland,CEBPB IP - MCF7 cells,,,
CTCF,ELOVL2,cns,"CTCF IP - spinal cord astrocyte cells, Rep 1 , CTCF IP - cerebellar astrocyte cells, Rep 2 , CTCF IP - spinal cord astrocyte cells, Rep 2 , CTCF IP - HCPEpiC cells, Rep 1 , CTCF IP - SK-N-SH cells, Rep 2 , CTCF IP - cerebellar astrocyte cells, Rep 1 , CTCF IP - SK-N-SH cells , CTCF IP - HCPEpiC cells, Rep 2 , CTCF IP - SK-N-SH cells, Rep 1 , CTCF IP - NHA cells , CTCF IP - SK cells",,,
JUND,ELOVL2,leukocytes,JUND IP - K562 cells,,,
CTCF,ELOVL2,sensory,"CTCF IP - HRPEpiC cells, Rep 2 , CTCF IP - WERI-Rb-1- cells, Rep 1 , CTCF IP - HRPEpiC cells, Rep 1 , CTCF IP - WERI ",,,
ATF3,ELOVL2,liver,ATF3 IP - HepG2 cells,,,
GATA2,ELOVL2,prostate,"CON KD + FBS |Â GATA2 ChIP-Seq, GATA2 KD  |Â FOXA1 ChIP-Seq, CON KD |Â GATA2 ChIP-Seq, FOXA1 KD |Â GATA2 ChIP-Seq, GATA2 ChIP-Seq, GATA2 ChIP-Seq - Rep 2, GATA2 KD + R1881 |Â GATA2 ChIP-Seq, FOXA1 + FBS |Â GATA2 ChIP-Seq, GATA2 ChIP-Seq - Rep 1, CON KD  |Â GATA2 ChIP-Seq, CON KD + R1881 |Â GATA2 ChIP-Seq",,,
MXI1,ELOVL2,liver,MXI1 IP - HepG2 cells,,,
USF1,ELOVL2,liver,USF1 IP - HepG2 cells,,,
R1881,ELOVL2,prostate,"CON KD + R1881 |Â FOXA1 ChIP-Seq, R1881 | FOXA1 ChIP-Seq - Rep 1, CON KD + R1881 | FOXA1 ChIP-Seq - Rep 1, GATA2 KD + R1881 |Â GATA2 ChIP-Seq, R1881 | FOXA1 ChIP-Seq - Rep 2, CON KD + R1881 | FOXA1 ChIP-Seq - Rep 2, PIAS1 + R1881 | FOXA1 ChIP-Seq - Rep 2, CON KD + R1881 |Â GATA2 ChIP-Seq, PIAS1 + R1881 | FOXA1 ChIP-Seq - Rep 1",,,
CEBPB,ELOVL2,liver,"CEBPB IP - HepG2 cells, CEBPB ChIP-Seq - HepG2, CEBPB IP | FORSK - HepG2 cells",,,
CTCF,ELOVL2,kidney,"CTCF IP - HEK293 cells, Rep 2 , CTCF IP - RPTEC cells, Rep 1 , CTCF IP - HEK293 cells, Rep 1 , CTCF IP - HRE cells, Rep 1 , CTCF IP - HRE cells, Rep 2 ",,,
CREB1,ELOVL2,liver,"CREB1 IP, CREB1 IP - HepG2 cells, CREB1 IP",,,
CTCF,ELOVL2,bone,CTCF IP - Osteoblasts ,,,
CEBPB,ELOVL2,stemcells,"CEBPB IP - H1 cells, CEBPB IP, CEBPB IP",,,
FOSL2,ELOVL2,liver,FOSL2 IP - HepG2 cells,,,
CTCF,ELOVL2,skin,"CTCF IP - AG04449 cells, Rep 1 , CTCF IP - AG10803 cells, Rep 2 , CTCF IP - AG04449 cells, Rep 2 , CTCF IP - BJ cells, Rep 2 , CTCF IP - AG09309 cells, Rep 1 , CTCF IP - BJ cells, Rep 1 , CTCF IP - NHEK cells , CTCF IP - HFFC cells, Rep 1 , CTCF IP - NHDF cells , CTCF IP - HFFC cells, Rep 3 , CTCF IP - HFFC cells, Rep 2 , CTCF IP - NHDF cells, Rep 1 , CTCF IP - NHDF cells, Rep 2 , CTCF IP - AG10803 cells, Rep 1 , CTCF IP - GM12878 cells, Rep 2 ",,,
JUND,ELOVL2,stemcells,"JUND IP - H1 cells, JUND IP - H1 cells",,,
CTCF,ELOVL2,placenta,"CTCF IP - HVMF cells, Rep 2 , CTCF IP - HVMF cells, Rep 1 ",,,
FOS,ELOVL2,mammarygland,"FOS IP - MCF10A cells, FOS IP | 4HT - MCF10A cells, 36 h, FOS IP | 4HT - MCF10A cells, 4 h, FOS IP | 4HT - MCF10A cells, 12 h",,,
HMGN3,ELOVL2,leukocytes,HMGN3 IP - K562 cells,,,
E2F6,ELOVL2,leukocytes,"E2F6 IP - K562 cells, E2F6 IP - K562 cells",,,
JUN,ELOVL2,mammarygland,"JUN IP - Rep 1, JUN IP - Rep 2",,,
FOXA2,ELOVL2,embryonictissue,"FOXA2 IP - Rep 2, FOXA2 IP - Rep 1",,,
FOS,ELOVL2,leukocytes,FOS IP - K562 cells,,,
CTCF,ELOVL2,esophagus,"CTCF IP - HEEpiC cells, Rep 1 ",,,
MAX,ELOVL2,cns,MAX IP - SK-N-SH cells,,,
CTCF,ELOVL2,stemcells,"CTCF IP - H1 cells, CTCF IP - Rep 2 , CTCF IP - Rep 4 , CTCF IP - Rep 5 , CTCF IP - Rep 6 , CTCF IP - Rep 1 , CTCF IP - Rep 7 , CTCF IP - Rep 3 , CTCF IP - H1 cells ",,,
4HT,ELOVL2,mammarygland,"FOS IP | 4HT - MCF10A cells, 36 h, FOS IP | 4HT - MCF10A cells, 4 h, STAT3 IP | 4HT - MCF10 cells, 36 h, FOS IP | 4HT - MCF10A cells, 12 h",,,
MYC,ELOVL2,leukocytes,"MYC IP - K562 cells, Rep 1",,,
YY1,ELOVL2,leukocytes,"YY1 IP - K562 cells, Rep 2, YY1 IP - GM12878 cells, YY1 IP - GM12891 cells, YY1 IP - K562 cells, Rep 1",,,
ZBTB7A,ELOVL2,liver,ZBTB7A IP - HepG2 cells,,,
E2F1,ELOVL2,mammarygland,E2F1 IP - MCF7 cells,,,
REST,ELOVL2,uterus,REST IP - ECC1 cells,,,
FOXA1,ELOVL2,liver,"FOXA1 IP - HepG2 cells, Rep 1, FOXA1 IP - HepG2 cells, Rep 2",,,
CTCF,ELOVL2,pancreas,CTCF IP,,,
EGR1,ELOVL2,leukocytes,EGR1 IP - K562 cells,,,
DEX,ELOVL2,mammarygland,"DEX | FOXA1 ChIP-Seq - Rep 1, DEX | FOXA1 ChIP-Seq - Rep 2, DEX | FOXA1 ChIP-Seq - Rep 1, DEX | FOXA1 ChIP-Seq - Rep 2, DEX | FOXA1 ChIP-Seq - Rep 2",,,
DHT,ELOVL2,mammarygland,DHT | FOXA1 ChIP-Seq,,,
MYC,ELOVL2,liver,MYC IP,,,
CREB1,ELOVL2,lung,CREB1 IP | DEX - A549 cells,,,
FOXA1,ELOVL2,lung,"FOXA1 IP - A549 cells, FOXA1 IP | DEX - A549 cells",,,
JUND,ELOVL2,lung,JUND IP - A549 cells,,,
MYB,ELOVL2,leukocytes,MYB IP - MOLT3,,,
UBTF,ELOVL2,leukocytes,UBTF IP - K562 cells,,,
MAX,ELOVL2,liver,"MAX IP - HepG2 cells, MAX IP - MCF7 cells",,,
CTCF,ELOVL2,skeletalmuscle,"CTCF IP - HSMM cells, Rep 2 , CTCF IP - HSMM cells, Rep 1 ",,,
BACH1,ELOVL2,stemcells,BACH1 IP - H1 cells,,,
ZBTB7A,ELOVL2,uterus,ZBTB7A IP - ECC1 cells,,,
EGR1,ELOVL2,stemcells,EGR1 IP - H1 cells,,,
FOSL1,ELOVL2,colon,FOSL1 IP - HCT116 cells,,,
ZNF263,ELOVL2,kidney,ZNF263 IP - HEK293 cells,,,
CTCF,ELOVL2,heart,"CTCF IP - HCF cells , CTCF IP - myocytes cells, Rep 1 , CTCF IP - myocytes cells, Rep 2 ",,,
GABPA,ELOVL2,liver,GABPA IP - HepG2 cells,,,
SATB1,ELOVL2,liver,SATB1 IP,,,
TEAD4,ELOVL2,stemcells,TEAD4 IP - H1 cells,,,
CEBPB,ELOVL2,lung,CEBPB ChIP-Seq - IMR90,,,
EGR1,ELOVL2,uterus,EGR1 IP - ECC1 cells,,,
SP1,ELOVL2,colon,SP1 IP - HCT116 cells,,,
CTCF,ELOVL2,colon,CTCF IP - HCT116 cells,,,
CEBPB,ELOVL2,colon,CEBPB IP | 125DVD3,,,
125DVD3,ELOVL2,colon,CEBPB IP | 125DVD3,,,
FOXP1,ELOVL2,prostate,DHT | FOXP1 ChIP-Seq,,,
DHT,ELOVL2,prostate,"DHT | FOXP1 ChIP-Seq, DHT | FOXA1 ChIP-Seq, DHT | FOXA1 ChIP-Seq, DHT | ERG ChIP-Seq - 18 h",,,
SATB1,ELOVL2,cns,SATB1 IP,,,
ATF3,ELOVL2,leukocytes,ATF3 IP - K562 cells,,,
ELF3,ELOVL2,pancreas,"ELF3 IP, ELF3 IP",,,
CREB1,ELOVL2,leukocytes,CREB1 IP - K562 cells,,,
17BE2; TNF,ELOVL2,mammarygland,"17BE2 + TNF | FOXA1 ChIP-Seq - Rep 2, 17BE2 + TNF | FOXA1 ChIP-Seq - Rep 1",,,
STAT3,ELOVL2,mammarygland,"STAT3 IP | 4HT - MCF10 cells, 36 h",,,
FOXA2,ELOVL2,lung,FOXA2 IP - A549 cells,,,
MYBL2,ELOVL2,liver,MYBL2 IP - HepG2 cells,,,
ZBTB7A,ELOVL2,leukocytes,ZBTB7A IP - SK-N-SH cells,,,
CTCF,ELOVL2,uterus,CTCF IP - ECC1 cells,,,
IFNA1,ELOVL2,leukocytes,JUN IP | IFNA1-13 - 30 min ,,,
NANOG,ELOVL2,stemcells,NANOG IP - H1 cells,,,
REST,ELOVL2,stemcells,"REST IP - H1 cells, Rep 2",,,
MXI1,ELOVL2,cns,MXI1 IP - SK-N-SH cells ,,,
MAFK,ELOVL2,liver,"MAFK IP - HepG2 cells, Rep 2",,,
FOXP2,ELOVL2,cns,FOXP2 IP - PFSK-1 cells,,,
YY1,ELOVL2,uterus,YY1 IP - ECC1 cells,,,
YY1,ELOVL2,stemcells,YY1 IP - H1 cells,,,
REST,ELOVL2,mammarygland,REST IP - MCF7 cells,,,
ZNF217,ELOVL2,mammarygland,ZNF217 IP - MCF7 cells,24962896,,
MAX,ELOVL2,lung,MAX IP - A549 cells,,,
TEAD4,ELOVL2,lung,TEAD4 IP - A549 cells,,,
JUND,ELOVL2,liver,"JUND IP - HepG2 cells, JUND IP - HepG2 cells",,,
MAZ,ELOVL2,liver,MAZ IP - HepG2 cells,,,
E2F6,ELOVL2,stemcells,E2F6 IP - H1 cells,,,
SP1,ELOVL2,liver,SP1 IP - HepG2 cells,,,
JUND,ELOVL2,colon,JUND IP - HCT116 cells,,,
MXI1,ELOVL2,lung,MXI1 IP - IMR cells,,,
MAX,ELOVL2,stemcells,MAX IP - H1 cells,,,
MAZ,ELOVL2,leukocytes,MAZ IP - K562 cells,,,
REST,ELOVL2,liver,"REST IP - HepG2 cells, Rep 1, REST IP - HepG2 cells, Rep 2",,,
RELA,ELOVL2,leukocytes,RELA IP | TNF - GM12891 cells,,,
TNF,ELOVL2,leukocytes,RELA IP | TNF - GM12891 cells,,,
FORSK,ELOVL2,liver,CEBPB IP | FORSK - HepG2 cells,,,
HEY1,ELOVL2,liver,HEY1 IP - HepG2 cells,,,
PIAS1,ELOVL2,prostate,"PIAS1 + R1881 | FOXA1 ChIP-Seq - Rep 2, PIAS1 + R1881 | FOXA1 ChIP-Seq - Rep 1",,,
CTCF,ELOVL2,adiposetissue,"CTCF ChIP-Seq - d -2, CTCF ChIP-Seq - d 9, CTCF ChIP-Seq - d 0",,,
ELF1,ELOVL2,liver,ELF1 IP - HepG2 cells,,,
ARID3A,ELOVL2,liver,ARID3A IP - HepG2 cells,,,
ERG,ELOVL2,prostate,"ERG ChIP-Seq, DHT | ERG ChIP-Seq - 18 h",,,
ZNF143,ELOVL2,leukocytes,ZNF143 IP - K562 cells,,,
ZNF143,ELOVL2,stemcells,ZNF143 IP - H1 cells,,,
TCF12,ELOVL2,liver,TCF12 IP - HepG2 cells,,,
MTA3,ELOVL2,leukocytes,MTA3 IP - GM12878 cells,,,
MAX,ELOVL2,uterus,MAX IP - ECC1 cells,,,
FOXP1,ELOVL2,leukocytes,FOXP1 IP - OCI-LY19,,,
TEAD1,ELOVL2,cns,TEAD1 IP - Rep 2,,,
CTCF,ELOVL3,leukocytes,"CTCF IP - GM12815 cells, Rep 2, CTCF IP - GM12878 cells , CTCF IP - GM2630 cells, Rep 3 , CTCF IP - F36P cells, Rep 7 , CTCF IP - K562 cells, Rep 16 , CTCF IP - GM12890 cells, Rep 3 , CTCF IP - MS1 cells, Rep 1 , CTCF IP - K562 cells, CTCF IP - GM12814 cells, Rep 1, CTCF IP - GM12875 cells, Rep 2 , CTCF IP - GM18951 cells, Rep 1 , CTCF IP - GM12006 cells, Rep 1, CTCF IP - KU812 cells, Rep 1 , CTCF IP - GM2630 cells, Rep 1 , CTCF IP - NB4 cells , CTCF IP - GM19240 cells, Rep 1 , CTCF IP - GM11881 cells, CTCF IP - HeLa cells, Rep 2 , CTCF IP - F36P cells, Rep 3 , CTCF IP - GM2610 cells, Rep 3 , CTCF IP - F36P cells, Rep 11 , CTCF IP - MS1 cells, Rep 2 , CTCF IP - GM06986 cells, CTCF IP - GM12872 cells, Rep 2 , CTCF IP - GM12828 cells, CTCF IP - GM19099 cells, Rep 1 , CTCF IP - F36P cells, Rep 19 , CTCF IP - GM12873 cells, Rep 1 , CTCF IP - GM12005 cells, Rep 1, CTCF IP - GM12868 cells , CTCF IP - GM18505 cells, Rep 1 , CTCF IP - GM11894 cells, Rep 2, CTCF IP - GM12891 cells, Rep 2 , CTCF IP - GM19239 cells, Rep 2 , CTCF IP - GM10847 cells, Rep 2 , CTCF IP - GM12865 cells, Rep 1 , CTCF IP - K562 cells, Rep 14 , CTCF IP - GM19239 cells, Rep 1 , CTCF IP - GM12864 cells, Rep 3 , CTCF IP - GM12005 cells, Rep 2, CTCF IP - GM12878 cells, Rep 1 , CTCF IP - F36P cells, Rep 17 , CTCF IP - GM12874 cells, Rep 2 , CTCF IP - GM19099 cells, Rep 2 , CTCF IP - HL , CTCF IP - K562 cells, CTCF IP - GM12864 cells, Rep 2 , CTCF IP - GM11811 cells, Rep 1, CTCF IP - GM2588 cells, Rep 2 , CTCF IP - GM12234 cells, CTCF IP - MS1 cells, Rep 3 , CTCF IP - GM2630 cells, Rep 2 , CTCF IP - F36P cells, Rep 13 , CTCF IP - CD14+ cells , CTCF IP - HL-60 cells, Rep 5 , CTCF ChIP-Seq - GM12878, CTCF IP - GM12874 cells, Rep 1 , CTCF IP - KU812 cells, Rep 5 , CTCF IP - GM12814 cells, Rep 2, CTCF IP - MS1 cells, Rep 4 , CTCF IP - GM2255 cells, Rep 2 , CTCF IP - GM12891 cells, Rep 1 , CTCF IP - GM12749 cells, Rep 2, CTCF IP - K562 cells, Rep 15 , CTCF IP - Â CD20+ cells , CTCF IP - GM12006 cells, Rep 2, CTCF IP - GM18526 cells, Rep 2 , CTCF IP - GM18505 cells, Rep 2 , CTCF IP - K562 cells, CTCF IP - GM18486 cells, Rep 1 , CTCF IP - GM12878 cells, Rep 1 , CTCF IP - GM18486 cells, Rep 2 , CTCF IP - GM12489 cells, Rep 1, CTCF IP - GM12892 cells, Rep 1 , CTCF IP - GM07037 cells, CTCF IP - GM12287 cells, Rep 1, CTCF IP - GM18951 cells, Rep 2 , CTCF IP - GM2610 cells, Rep 1 , CTCF IP - GM12749 cells, Rep 1, CTCF IP - GM12873 cells, Rep 1 , CTCF IP - GM2588 cells, Rep 3 , CTCF IP - GM12872 cells, Rep 3 , CTCF IP - GM12870 cells , CTCF IP - F36P cells, Rep 14 , CTCF IP - GM12867 cells , CTCF IP - UT-7 cells, Rep 6 , CTCF IP - F36P cells, Rep 10 , CTCF IP - GM18526 cells, Rep 1 , CTCF IP - K562 cells, Rep 13 , CTCF IP - GM11994 cells, Rep 2, CTCF IP - GM19193 cells, Rep 1 , CTCF IP - GM19193 cells, Rep 2 , CTCF IP - GM12875 cells, Rep 1 , CTCF IP - K562 cells, Rep 12 , CTCF IP - GM12892 cells, Rep 2 , CTCF IP - GM12489 cells, Rep 2, CTCF IP - F36P cells, Rep 2 , CTCF IP - HL-60 cells, Rep 9 , CTCF IP - GM07346 cells, CTCF IP - GM12864 cells, Rep 1 , CTCF IP - Â DND , CTCF IP - GM18486 cells, Rep 3 , CTCF IP - GM12872 cells, CTCF IP - GM06990 cells, Rep 2 , CTCF IP - GM11831 cells, CTCF IP - KU812 cells, Rep 17 , CTCF IP - KU812 cells, Rep 13 , CTCF IP - K562 cells, Rep 2 , CTCF IP - UT-7 cells, Rep 3 , CTCF IP - K562 cells, Rep 7 , CTCF IP - GM12872 cells, Rep 1 , CTCF IP - GM12154 cells, Rep 2, CTCF IP, CTCF IP - GM11994 cells, Rep 1, CTCF IP - GM12878 cells, Rep 2 , CTCF IP - K562 cells , CTCF IP - UT-7 cells, Rep 5 , CTCF IP - GM12871 cells , CTCF IP - GM2588 cells, Rep 1 , CTCF IP - F36P cells, Rep 15 , CTCF IP - GM12890 cells, Rep 1 , CTCF IP - GM12815 cells, Rep 1, CTCF IP - UT-7 cells, Rep 4 , CTCF IP - F36P cells, Rep 9 , CTCF IP - GM19238 cells, Rep 1 , CTCF IP - GM12890 cells, Rep 2 , CTCF IP - K562 cells, Rep 1 , CTCF IP - GM2255 cells, Rep 1 , CTCF IP - GM11992 cells, Rep 2, CTCF IP - GM12866 cells , CTCF IP - GM12874 cells, CTCF IP - K562 cells, Rep 11 , CTCF IP - GM12878 cells, Rep 2 , CTCF IP - HL-60 cells, Rep 3 , CTCF IP - GM19240 cells, Rep 2 , CTCF IP - F36P cells, Rep 5 , CTCF IP - F36P cells, Rep 6 , CTCF IP - U-937 cells, Rep 2 , CTCF IP - GM12154 cells, Rep 1, CTCF IP - F36P cells, Rep 1 , CTCF IP - GM19238 cells, Rep 2 , CTCF IP - GM12801 cells , CTCF IP - HL-60 cells, Rep 2 , CTCF IP - GM12873 cells, Rep 3 , CTCF IP - GM12865 cells, Rep 3 , CTCF IP - GM11811 cells, Rep 2, CTCF IP - HL-60 cells, Rep 7 , CTCF IP - GM2610 cells, Rep 2 , CTCF IP - GM12869 cells , CTCF IP - U-937 cells, Rep 1 , CTCF IP - GM10847 cells, Rep 1 , CTCF IP - GM06990 cells, Rep 1 , CTCF IP - GM2255 cells, Rep 3 , CTCF IP - KU812 cells, Rep 9 , CTCF IP - GM12865 cells, Rep 2 ",,,
EBF1,ELOVL3,leukocytes,"EBF1 IP - GM12878 cells, EBF1 IP - GM12878 cells",,,
CEBPB,ELOVL3,colon,"CEBPB IP - HCT116 cells, CEBPB IP | 125DVD3, CEBPB IP",,,
CEBPB,ELOVL3,stemcells,"CEBPB IP, CEBPB IP, CEBPB IP, CEBPB IP, CEBPB IP, CEBPB IP, CEBPB IP, CEBPB IP, CEBPB IP, CEBPB IP",,,
CTCF,ELOVL3,vasculature,"CTCF IP - HUVEC cells, Rep 1 , CTCF IP - AoAFC cells, Rep 2 , CTCF IP - HPAF cells, Rep 2 , CTCF IP - HUVEC cells, Rep 2 , CTCF IP - HPAF cells, Rep 1 , CTCF IP - AoAFC cells, Rep 1 , CTCF IP - HBMEC cells, Rep 1 , CTCF IP - HUVEC cells , CTCF IP - HBMEC cells, Rep 2 ",,,
KLF5,ELOVL3,stomach,KLF5 IP - KATOIII,,,
TBP,ELOVL3,stemcells,TBP IP - H1 cells,,,
EGR1,ELOVL3,liver,EGR1 IP - MCF7 cells,,,
CTCF,ELOVL3,cns,"CTCF IP - spinal cord astrocyte cells, Rep 1 , CTCF IP - NHA cells , CTCF IP - SK-N-SH cells, Rep 1 , CTCF IP - SK-N-SH cells , CTCF IP - spinal cord astrocyte cells, Rep 2 , CTCF IP - SK cells, CTCF IP - cerebellar astrocyte cells, Rep 1 , CTCF IP - SK-N-SH cells, Rep 2 , CTCF IP - HCPEpiC cells, Rep 2 , CTCF IP - cerebellar astrocyte cells, Rep 2 , CTCF IP - BE(2)-C cells, Rep 1 , CTCF IP - HCPEpiC cells, Rep 1 , CTCF IP - BE(2)-C cells, Rep 2 ",,,
FOSL1,ELOVL3,colon,FOSL1 IP - HCT116 cells,,,
ATF3,ELOVL3,colon,"ATF3 IP - HCT116 cells, ATF3 IP | CAMPTO",,,
YY1,ELOVL3,colon,YY1 IP - HCT116 cells,,,
BHLHE40,ELOVL3,leukocytes,"BHLHE40 IP - K562 cells, BHLHE40 IP - GM12878 cells",,,
CEBPB,ELOVL3,leukocytes,"CEBPB IP, CEBPB ChIP-Seq - K562, CEBPB IP - Rep 204, CEBPB IP - HL-60 cells, Rep 2 , CEBPB IP | oxLDL  - Rep 208, CEBPB IP, CEBPB IP - Rep 203, CEBPB IP | oxLDL  - Rep 205, CEBPB IP, CEBPB IP, CEBPB IP - HL-60 cells, Rep 1 , CEBPB IP - Rep 201, CEBPB IP | oxLDL  - Rep 206, CEBPB IP, CEBPB IP| oxLDL  - Rep 207",,,
CTCF,ELOVL3,adiposetissue,"CTCF ChIP-Seq - d -2, CTCF ChIP-Seq - d 0, CTCF ChIP-Seq - dÂ 3, CTCF ChIP-Seq - d 9",,,
SRF,ELOVL3,stemcells,"SRF IP - Rep 5 , SRF IP - Rep 4 , SRF IP - Rep 6 , SRF IP - Rep 1 , SRF IP - Rep 2 , SRF IP - Rep 3 , SRF IP - Rep 7 ",,,
REST,ELOVL3,cns,"REST IP - PFSK1 cells, Rep 2, REST IP - U87 cells, REST IP - SK cells",,,
ZEB1,ELOVL3,leukocytes,ZEB1 IP - GM12878 cells,,,
FOXA1,ELOVL3,pancreas,"FOXA1 IP, FOXA1 IP | KLF5 KO, FOXA1 IP",,,
YY1,ELOVL3,uterus,YY1 IP - ECC1 cells,,,
CTCF,ELOVL3,mammarygland,"CTCF IP - HMF cells, Rep 1 , CTCF IP - MCF-7 cells Rep 2 , CTCF IP - T47D cells, CTCF IP - MCF-7 cells, Rep 1 , CTCF IP - HMF cells, Rep 2 , CTCF IP - HMEC cells, Rep 2 , CTCF IP - MCF7 cells, CTCF IP - HMEC cells, Rep 1 , CTCF IP - HMEC cells ",,,
RELA,ELOVL3,adiposetissue,"RELA IP, RELA IP, RELA IP, RELA IP",,,
MYC,ELOVL3,leukocytes,"MYC IP - NB4 cells, MYC IP - K562 cells, Rep 1, MYC IP | IFNG - K562 cells, 6 h, MYC IP | IFNG - K562 cells, 30 min",,,
CTCF,ELOVL3,skin,"CTCF IP - AG10803 cells, Rep 2 , CTCF IP - AG04449 cells, Rep 1 , CTCF IP - NHDF cells , CTCF IP - HFFC cells, Rep 1 , CTCF IP - NHDF cells, Rep 1 , CTCF IP - HFFC cells, Rep 2 , CTCF IP - HFFC cells, Rep 3 , CTCF IP - NHEK cells, Rep 2 , CTCF IP - BJ cells, Rep 2 , CTCF IP - NHEK cells , CTCF IP - BJ cells, Rep 1 , CTCF IP - AG04449 cells, Rep 2 , CTCF IP - NHDF cells, Rep 2 , CTCF IP - GM12878 cells, Rep 2 , CTCF IP - AG10803 cells, Rep 1 , CTCF IP - AG09309 cells, Rep 2 , CTCF IP - AG09309 cells, Rep 1 ",,,
CTCF,ELOVL3,hspcs,"CTCF IP - HEL 92.1.7 cells, Rep 5 , CTCF IP - HEL 92.1.7 cells, Rep 1 , CTCF IP - HEL 92.1.7 cells, Rep 8 , CTCF IP - Erythroid cells, Rep 2, CTCF IP - HEL 92.1.7 cells, Rep 7 , CTCF IP - HSPCs, Rep 2, CTCF IP - HEL 92.1.7 cells, Rep 2 , CTCF IP - HEL 92.1.7 cells, Rep 13 , CTCF IP - HEL 92.1.7 cells, Rep 4 , CTCF IP - HEL 92.1.7 cells, Rep 10 , CTCF IP - HEL 92.1.7 cells, Rep 11 , CTCF IP - Erythroid cells, Rep 1, CTCF IP - HSPCs, Rep 1, CTCF IP - HEL 92.1.7 cells, Rep 14 ",,,
CTCF,ELOVL3,kidney,"CTCF IP - HEK293 cells, Rep 2 , CTCF IP - RPTEC cells, Rep 1 , CTCF IP - HEK293 cells, Rep 1 , CTCF IP - HRE cells, Rep 1 , CTCF IP - RPTEC cells, Rep 2 , CTCF IP - HRE cells, Rep 2 ",,,
CREB1,ELOVL3,prostate,"FOXA1 siRNA | CREB1 ChIP-Seq - Rep 2, CREB1 siRNA | FOXA1 ChIP-Seq - Rep 2, CREB1 ChIP-Seq - Rep 1, CREB1 siRNA | FOXA1 ChIP-Seq - Rep 1, FOXA1 siRNA | CREB1 ChIP-Seq - Rep 1, CREB1 ChIP-Seq - LNCaP-abl, CREB1 ChIP-Seq - Rep 2",,,
FOXA1,ELOVL3,prostate,"FOXA1 siRNA | CREB1 ChIP-Seq - Rep 2, CON KD + R1881 |Â FOXA1 ChIP-Seq, FOXA1 KD | FOXA1 ChIP-Seq, FOXA1 ChIP-Seq, EtOH | FOXA1 ChIP-Seq - Rep 2, R1881 | FOXA1 ChIP-Seq - Rep 1, CREB1 siRNA | FOXA1 ChIP-Seq - Rep 2, FOXA1 ChIP-Seq - Rep 1, FOXA1 ChIP-Seq - Rep 2, CREB1 siRNA | FOXA1 ChIP-Seq - Rep 1, FOXA1 siRNA | CREB1 ChIP-Seq - Rep 1, CON KD | FOXA1 ChIP-Seq, EtOH | FOXA1 ChIP-Seq - , FOXA1 ChIP-Seq, GATA2 KD + R1881 |Â FOXA1 ChIP-Seq, DHT | FOXA1 ChIP-Seq, R1881 | FOXA1 ChIP-Seq - Rep 2, FOXA1 KD | FOXA1 ChIP-Seq, FOXA1 ChIP-Seq - LNCaP-abl, CON KD + R1881 | FOXA1 ChIP-Seq - Rep 2",,,
CTCF,ELOVL3,placenta,"CTCF IP - HVMF cells, Rep 2 , CTCF IP - HVMF cells, Rep 1 ",,,
ZBTB7A,ELOVL3,leukocytes,ZBTB7A IP - SK-N-SH cells,,,
MAX,ELOVL3,leukocytes,"MAX IP - K562 cells, Rep 1, MAX IP - NB4 cells, MAX IP - K562 cells, Rep 2, MAX IP - GM12878 cells, MAX IP - K562 cells",,,
JUN,ELOVL3,uterus,JUN IP - HeLa cells,,,
CTCF,ELOVL3,sensory,"CTCF IP - HRPEpiC cells, Rep 2 , CTCF IP - WERI , CTCF IP - WERI-Rb-1- cells, Rep 1 , CTCF IP - HRPEpiC cells, Rep 1 ",,,
FOXA1,ELOVL3,mammarygland,"FOXA1 ChIP-Seq - Rep 1, DEX | FOXA1 ChIP-Seq - Rep 1, DEX | FOXA1 ChIP-Seq - Rep 2, FOXA1 ChIP-Seq - Rep 2, FOXA1 ChIP-Seq - Rep 2, 17BE2 | FOXA1 ChIP-Seq - Rep 2, DHT | FOXA1 ChIP-Seq, FOXA1 ChIP-Seq - Rep 2, 17BE2 | FOXA1 ChIP-Seq - Rep 1, 17BE2 | FOXA1 ChIP-Seq - Rep 2, 17BE2 | FOXA1 ChIP-Seq - Rep 1, DEX | FOXA1 ChIP-Seq - Rep 2, DEX | FOXA1 ChIP-Seq - Rep 2",,,
MYC,ELOVL3,mammarygland,"MYC IP - MCF-10A cells, DHT | MYC ChIP-Seq, MYC IP | 4HT - MCF10A cells",,,
SP1,ELOVL3,colon,SP1 IP - HCT116 cells,,,
CEBPB,ELOVL3,liver,"CEBPB IP - HepG2 cells, CEBPB IP | FORSK - HepG2 cells, CEBPB ChIP-Seq - HepG2",,,
CTCF,ELOVL3,colon,"CTCF IP - HCT116 cells, Rep 2 , CTCF IP - Rep 3 , CTCF IP - Caco-2 cells, Rep 1 , CTCF IP - HCT116 cells, Rep 1 , CTCF IP - Rep 1 , CTCF IP - HCT116 cells, CTCF IP - Caco , CTCF IP - Rep 2 ",,,
GATA3,ELOVL3,mammarygland,"GATA3 IP - MCF7 cells, GATA3 IP - T47D cells",,,
CTCF,ELOVL3,stemcells,"CTCF IP - Rep 6 , CTCF IP - H1 cells , CTCF IP - H1 cells, CTCF IP - Rep 2 , CTCF IP - Rep 4 , CTCF IP - Rep 5 , CTCF IP - Rep 1 , CTCF IP - Rep 7 , CTCF IP - Rep 3 ",,,
GABPA,ELOVL3,leukocytes,"GABPA IP - Jurkat, Rep 2",,,
JUN,ELOVL3,vasculature,JUN IP,,,
TCF12,ELOVL3,stemcells,TCF12 IP - H1 cells,,,
SPI1,ELOVL3,leukocytes,"SPI1 IP | RUNX1 KD, SPI1 IP - K562 cells, SPI1 IP, SPI1 IP - HL-60 cells, Rep 4 , SPI1 IP, SPI1 IP, SPI1 IP - U-937 cells, Rep 6 , SPI1 IP - U-937 cells, Rep 4 , SPI1 IP - GM12891 cells, SPI1 IP, SPI1 IP, SPI1 IP, SPI1 IP - GM12878 cells, Rep 2 , SPI1 IP - HL cells, SPI1 IP, SPI1 IP - U-937 cells, Rep 1 ",,,
RUNX1,ELOVL3,leukocytes,"SPI1 IP | RUNX1 KD, RUNX1 IP - Rep 2",,,
EGR1,ELOVL3,leukocytes,EGR1 IP - K562 cells,,,
NFYB,ELOVL3,leukocytes,"NFYB IP - K562 cells, NFYB IP - GM12878 cells",,,
MAX,ELOVL3,stemcells,"MAX IP - H1 cells, MAX IP - H1 cells",,,
STAT3,ELOVL3,leukocytes,"STAT3 IP - OCI-LY7, STAT3 IP - SU-DHL-4, STAT3 IP - U-2932, STAT3 IP - SU-DHL-6",,,
CEBPA,ELOVL3,leukocytes,"CEBPA IP - U-937 cells, Rep 1 , CEBPA IP - U-937 cells, Rep 2 , CEBPA IP",,,
YY1,ELOVL3,leukocytes,"YY1 IP - K562 cells, Rep 2, YY1 IP - GM12891 cells, YY1 IP - GM12878 cells, YY1 IP - K562 cells, Rep 1, YY1 IP - GM12892 cells, Rep 1",,,
ZNF263,ELOVL3,kidney,ZNF263 IP - HEK293 cells,,,
CREB1,ELOVL3,liver,"CREB1 IP, CREB1 IP, CREB1 IP - HepG2 cells",,,
R1881,ELOVL3,prostate,"CON KD + R1881 |Â FOXA1 ChIP-Seq, R1881 | FOXA1 ChIP-Seq - Rep 1, GATA2 KD + R1881 |Â FOXA1 ChIP-Seq, R1881 | FOXA1 ChIP-Seq - Rep 2, CON KD + R1881 | FOXA1 ChIP-Seq - Rep 2",,,
E2F6,ELOVL3,lung,E2F6 IP - A549 cells,,,
RELA,ELOVL3,leukocytes,"RELA IP | TNF - GM19193 cells, RELA IP | TNF - GM19099 cells, RELA IP | BAY082  - IVD Th1 cells, PIA, RELA IP | TNF - GM15510 cells, RELA IP | TNF - GM12891 cells, RELA IP | TNF - GM18951 cells",,,
TNF,ELOVL3,leukocytes,"RELA IP | TNF - GM19193 cells, RELA IP | TNF - GM15510 cells, RELA IP | TNF - GM12891 cells, RELA IP | TNF - GM18951 cells",,,
CTCF,ELOVL3,lung,"CTCF IP - AG04450 cells, Rep 2 , CTCF IP | DEX - A549 cells, CTCF IP - WI-38 cells, Rep 1 , CTCF IP - A549 cells, CTCF IP - IMR cells, CTCF IP - A549 cells, Rep 2 , CTCF IP - NHLF cells , CTCF ChIP-Seq - A549, CTCF IP - HPF cells, Rep 2 , CTCF IP - AG04450 cells, Rep 1 , CTCF IP | DEX - A549 cells , CTCF IP - WI-38 cells, Rep 2 , CTCF IP - A549 cells, Rep 1 , CTCF IP - HPF cells, Rep 1 , CTCF IP - A549 cells , CTCF IP - SAEC cells, Rep 2 , CTCF IP - NHLF cells , CTCF IP - SAEC cells, Rep 1 ",,,
KLF11,ELOVL3,adiposetissue,"KLF11 ChIP-Seq, Rep 2, KLF11 ChIP-Seq, Rep 1, ROSI (BrAT) | KLF11 ChIP-Seq, Rep 1, ROSI (BrAT) | KLF11 ChIP-Seq, Rep 2",,,
CTCF,ELOVL3,megakaryocytelineage,"CTCF IP - MEG-01 cells, Rep 6 , CTCF IP - MEG-01 cells, Rep 2 , CTCF IP - MEG-01 cells, Rep 4 , CTCF IP - MEG-01 cells, Rep 10 , CTCF IP - CHRF-288-11 cells, Rep 1 , CTCF IP - MEG-01 cells, Rep 8 ",,,
DEX,ELOVL3,lung,"CTCF IP | DEX - A549 cells, FOXA1 IP | DEX - A549 cells, CTCF IP | DEX - A549 cells , CREB1 IP | DEX - A549 cells",,,
RBPJ,ELOVL3,leukocytes,"RBPJ IP | COMPE, RBPJ IP | COMPE - wash",,,
COMPE,ELOVL3,leukocytes,"RBPJ IP | COMPE, RBPJ IP | COMPE - wash",,,
CREB1,ELOVL3,leukocytes,"CREB1 IP - K562 cells, CREB1 IP - GM12878 cells",,,
HEY1,ELOVL3,leukocytes,HEY1 IP - K562 cells,,,
JUND,ELOVL3,leukocytes,JUND IP - K562 cells,,,
ERG,ELOVL3,prostate,"DHT | ERG ChIP-Seq - 18 h, DHT | ERG ChIP-Seq - 2 h, ERG ChIP-Seq",,,
DHT,ELOVL3,prostate,"DHT | ERG ChIP-Seq - 18 h, DHT | ERG ChIP-Seq - 2 h, DHT | FOXA1 ChIP-Seq",,,
TP53,ELOVL3,mammarygland,"TP53 IP, TP53 IP | NUTL3 - MCF-7",,,
MXI1,ELOVL3,uterus,MXI1 IP - HeLa cells,,,
MAX,ELOVL3,liver,"MAX IP - HepG2 cells, MAX IP - HepG2 cells, MAX IP - MCF7 cells",,,
TEAD4,ELOVL3,colon,TEAD4 IP - HCT116 cells,,,
DHT,ELOVL3,mammarygland,"DHT | MYC ChIP-Seq, DHT | FOXA1 ChIP-Seq",,,
GTF2F1,ELOVL3,uterus,GTF2F1 IP - HeLa cells,,,
FOS,ELOVL3,leukocytes,FOS IP - K562 cells,,,
CTCF,ELOVL3,uterus,"CTCF IP - HeLa cells , CTCF IP - HeLa cells, Rep 1 , CTCF IP - ECC1 cells",,,
ZNF384,ELOVL3,leukocytes,ZNF384 IP - K562 cells,,,
E2F3,ELOVL3,colon,E2F3 IP ,,,
GTF2B,ELOVL3,uterus,GTF2B IP - Rep 3,,,
CEBPB,ELOVL3,bone,"CEBPB IP, CEBPB IP",,,
JUND,ELOVL3,uterus,JUND IP - HeLa cells,,,
4HT,ELOVL3,mammarygland,"MYC IP | 4HT - MCF10A cells, FOS IP | 4HT - MCF10A cells, 36 h, FOS IP | 4HT - MCF10A cells, 12 h, FOS IP | 4HT - MCF10A cells, 4 h, STAT3 IP | 4HT - MCF10 cells, 12 h",,,
MXI1,ELOVL3,cns,MXI1 IP - SK-N-SH cells ,,,
MXI1,ELOVL3,leukocytes,MXI1 IP - GM12878 cells,,,
FORSK,ELOVL3,liver,CEBPB IP | FORSK - HepG2 cells,,,
USF1,ELOVL3,uterus,USF1 IP - ECC1 cells,,,
E2F6,ELOVL3,leukocytes,"E2F6 IP - K562 cells, E2F6 IP - K562 cells",,,
ELF3,ELOVL3,pancreas,"ELF3 IP, ELF3 IP, ELF3 IP | KLF5 KO",,,
SP1,ELOVL3,leukocytes,"SP1 IP - GM12878 cells, SP1 IP - K562 cells",,,
FOS,ELOVL3,mammarygland,"FOS IP | 4HT - MCF10A cells, 36 h, FOS IP - MCF10A cells, FOS IP | 17BE2, FOS IP | 4HT - MCF10A cells, 12 h, FOS IP | 4HT - MCF10A cells, 4 h",,,
ZNF143,ELOVL3,leukocytes,"ZNF143 IP - GM12878 cells, ZNF143 IP - K562 cells",,,
TEAD4,ELOVL3,leukocytes,TEAD4 IP - K562 cells,,,
KLF5,ELOVL3,pancreas,"FOXA1 IP | KLF5 KO, KLF5 IP, ELF3 IP | KLF5 KO",,,
MAFK,ELOVL3,uterus,MAFK IP - HeLa cells,,,
TEAD4,ELOVL3,liver,TEAD4 IP - HepG2 cells,,,
TFAP4,ELOVL3,leukocytes,TFAP4 IP - Rep 1,,,
IFNG,ELOVL3,leukocytes,"MYC IP | IFNG - K562 cells, 6 h, IRF1 IP | IFNG - K562 cells, 6 h, STAT1 IP - Rep 5, STAT1 IP - Rep 4, STAT1 IP - Rep 3, MYC IP | IFNG - K562 cells, 30 min, STAT1 IP - Rep 2",,,
STAT1,ELOVL3,uterus,"STAT1 IP | IFNG - HeLa cells, 30 min",,,
IFNG,ELOVL3,uterus,"STAT1 IP | IFNG - HeLa cells, 30 min",,,
JUND,ELOVL3,liver,"JUND IP - HepG2 cells, JUND IP - HepG2 cells",,,
GATA4,ELOVL3,stemcells,GATA4 IP - Rep 3 ,,,
EGR1,ELOVL3,uterus,EGR1 IP - ECC1 cells,,,
SP1,ELOVL3,liver,SP1 IP - HepG2 cells,,,
E2F6,ELOVL3,stemcells,E2F6 IP - H1 cells,,,
SP1,ELOVL3,stemcells,"SP1 IP - Rep 2 , SP1 IP - Rep 1 , SP1 IP - H1 cells",,,
GATA4,ELOVL3,stomach,GATA4 IP - AGS,,,
CTCF,ELOVL3,heart,"CTCF IP - HCF cells , CTCF IP - myocytes cells, Rep 1 , CTCF IP - myocytes cells, Rep 2 ",,,
IRF1,ELOVL3,leukocytes,"IRF1 IP | IFNG - K562 cells, 6 h",,,
CEBPB,ELOVL3,lung,"CEBPB IP - A549 cells, CEBPB ChIP-Seq - A549, CEBPB ChIP-Seq - IMR90",,,
ZNF143,ELOVL3,stemcells,ZNF143 IP - H1 cells,,,
TEAD4,ELOVL3,stemcells,TEAD4 IP - H1 cells,,,
JUN,ELOVL3,mammarygland,"JUN IP - Rep 2, JUN IP - Rep 1",,,
FOSL2,ELOVL3,cns,FOSL2 IP - SK-N-SH cells,,,
NFKB2,ELOVL3,leukocytes,"NFKB2 IP - Rep 1, NFKB2 IP - Rep 2",,,
ELF1,ELOVL3,colon,ELF1 IP - HCT116 cells,,,
DEX,ELOVL3,mammarygland,"DEX | FOXA1 ChIP-Seq - Rep 1, DEX | FOXA1 ChIP-Seq - Rep 2, DEX | FOXA1 ChIP-Seq - Rep 2, DEX | FOXA1 ChIP-Seq - Rep 2",,,
CTCF,ELOVL3,bone,"CTCF IP - Osteoblasts , CTCF IP",,,
SIX2,ELOVL3,kidney,"SIX2 IP - 17 weeks, Rep 2, SIX2 IP - 17 weeks, Rep 1",,,
TBP,ELOVL3,uterus,TBP IP - HeLa cells,,,
HIF1A,ELOVL3,bone,HIF1A IP,,,
IRF1,ELOVL3,pancreas,IRF1 IP,,,
E2F6,ELOVL3,uterus,E2F6 IP - HeLa cells,,,
CTCF,ELOVL3,miscellaneous,"CTCF IP - AG09319 cells, Rep 2 , CTCF IP - AG09319 cells, Rep 1 ",,,
MAX,ELOVL3,uterus,"MAX IP - HeLa cells, Rep 1, MAX IP - ECC1 cells, MAX IP - HeLa cells, Rep 2",,,
ZEB1,ELOVL3,liver,ZEB1 IP - HepG2 cells,,,
CTCF,ELOVL3,pancreas,CTCF IP,,,
FOSL2,ELOVL3,mammarygland,FOSL2 IP - MCF7 cells,,,
STAT1,ELOVL3,leukocytes,"STAT1 IP - Rep 5, STAT1 IP - Rep 4, STAT1 IP - Rep 3, STAT1 IP - Rep 2",,,
NFKB1,ELOVL3,leukocytes,"NFKB1 IP - Rep 1, NFKB1 IP - Rep 2",,,
CTCF,ELOVL3,skeletalmuscle,"CTCF IP - HSMM cells, Rep 1 , CTCF IP - HSMM cells, Rep 2 ",,,
REST,ELOVL3,liver,"REST IP - HepG2 cells, Rep 2",,,
MYB,ELOVL3,leukocytes,"MYB IP - Jurkat, Rep 4",,,
TP53,ELOVL3,bone,"TP53 IP | TP53EE/RR OE, TP53 IP | TP53 OE",,,
IRF1,ELOVL3,colon,IRF1 IP ,,,
MAX,ELOVL3,lung,"MAX IP - A549 cells, MAX IP - A549 cells",,,
SRF,ELOVL3,colon,SRF IP - HCT116 cells,,,
CTCF,ELOVL3,liver,"CTCF IP - HepG2 cells , CTCF IP - HepG2 cells, Rep 2 , CTCF IP - HepG2 cells, Rep 1 , CTCF IP, CTCF IP - SK-N-SH cells",,,
MYC,ELOVL3,uterus,MYC IP - HeLa cells,,,
MYBL2,ELOVL3,liver,MYBL2 IP - HepG2 cells,,,
ROSI,ELOVL3,adiposetissue,"ROSI (BrAT) | KLF11 ChIP-Seq, Rep 1, ROSI (BrAT) | KLF11 ChIP-Seq, Rep 2",,,
HMGN3,ELOVL3,leukocytes,HMGN3 IP - K562 cells,,,
FOXA1,ELOVL3,lung,FOXA1 IP | DEX - A549 cells,,,
BAY082,ELOVL3,leukocytes,"RELA IP | BAY082  - IVD Th1 cells, PIA",,,
JUN,ELOVL3,colon,JUN IP ,,,
STAT3,ELOVL3,mammarygland,"STAT3 IP - MCF10A cells, Rep 2, STAT3 IP | 4HT - MCF10 cells, 12 h",,,
17BE2,ELOVL3,mammarygland,"17BE2 | FOXA1 ChIP-Seq - Rep 2, 17BE2 | FOXA1 ChIP-Seq - Rep 1, 17BE2 | FOXA1 ChIP-Seq - Rep 2, 17BE2 | FOXA1 ChIP-Seq - Rep 1, FOS IP | 17BE2",,,
CEBPB,ELOVL3,uterus,"CEBPB IP - ECC1 cells, CEBPB ChIP-Seq - HeLaS3",,,
125DVD3,ELOVL3,colon,CEBPB IP | 125DVD3,,,
MAZ,ELOVL3,lung,MAZ IP - IMR cells,,,
HEY1,ELOVL3,liver,HEY1 IP - HepG2 cells,,,
TCF7L2,ELOVL3,mammarygland,TCF7L2 ChIP-Seq,,,
MAX,ELOVL3,cns,MAX IP - SK-N-SH cells,,,
BCL3,ELOVL3,leukocytes,BCL3 IP - GM12878 cells,,,
ETS1,ELOVL3,leukocytes,ETS1 IP,,,
SRF,ELOVL3,mammarygland,SRF IP - MCF7 cells,,,
SMAD1,ELOVL3,hspcs,"SMAD1 IP - Rep 3, SMAD1 IP - Rep 2",,,
JUND,ELOVL3,cns,"JUND IP - SK-N-SH cells, JUND IP - SK-N-SH cells ",,,
E2F1,ELOVL3,uterus,"E2F1 IP - HeLa cells, Rep 2, E2F1 IP - HeLa cells, Rep 1",,,
FOSL2,ELOVL3,lung,FOSL2 IP - A549 cells,,,
HOXA6,ELOVL3,colon,HOXA6 IP ,,,
REST,ELOVL3,pancreas,"REST IP - Panc1 cells, Rep 3",,,
MAX,ELOVL3,vasculature,MAX IP - HUVEC cells,,,
FOSL2,ELOVL3,liver,FOSL2 IP - HepG2 cells,,,
MXI1,ELOVL3,liver,MXI1 IP - HepG2 cells,,,
TBP,ELOVL3,leukocytes,TBP IP - K562 cells,,,
TCF12,ELOVL3,cns,TCF12 IP - SK-N-SH cells,,,
E2F1,ELOVL3,mammarygland,"E2F1 IP, E2F1 IP - MCF7 cells",,,
SP1,ELOVL3,lung,SP1 IP - A549 cells,,,
CTCF,ELOVL3,esophagus,"CTCF IP - HEEpiC cells, Rep 2 , CTCF IP - HEEpiC cells, Rep 1 ",,,
MAZ,ELOVL3,leukocytes,"MAZ IP - K562 cells, MAZ IP - GM12878 cells",,,
TCF12,ELOVL3,uterus,TCF12 IP - ECC1 cells,,,
ASCL1,ELOVL3,skin,ASCL1 IP - NHDF,,,
TCF7L2,ELOVL3,uterus,TCF7L2 IP - HeLa cells,,,
IRF4,ELOVL3,leukocytes,"IRF4 IP, IRF4 IP - GM12878 cells",,,
CEBPA,ELOVL3,adiposetissue,CEBPA ChIP-Seq,,,
ATF3,ELOVL3,lung,ATF3 IP - A549 cells,,,
MAFK,ELOVL3,lung,MAFK IP - IMR cells,,,
ELF1,ELOVL3,liver,ELF1 IP - HepG2 cells,,,
PAX5,ELOVL3,leukocytes,"PAX5 IP - GM12878 cells, Rep 1",,,
CREB1,ELOVL3,lung,CREB1 IP | DEX - A549 cells,,,
GATA2,ELOVL3,prostate,GATA2 KD + R1881 |Â FOXA1 ChIP-Seq,,,
USF1,ELOVL3,colon,USF1 IP - HCT116 cells,,,
RELA,ELOVL3,colon,RELA IP ,,,
JUND,ELOVL3,colon,JUND IP - HCT116 cells,,,
JUND,ELOVL3,mammarygland,JUND IP - MCF7 cells,,,
RUNX1,ELOVL3,hspcs,RUNX1,,,
ZBTB7A,ELOVL3,liver,ZBTB7A IP - HepG2 cells,,,
YY1,ELOVL3,stemcells,YY1 IP - H1 cells,,,
CEBPB,ELOVL3,mammarygland,CEBPB IP - MCF7 cells,,,
RUNX1T1,ELOVL3,leukocytes,RUNX1T1 IP,,,
ELF1,ELOVL3,leukocytes,"ELF1 IP - SK-N-SH cells, ELF1 IP - SK-N-SH cells",,,
EGR1,ELOVL3,colon,EGR1 IP - HCT116 cells,,,
MAX,ELOVL3,colon,MAX IP - HCT116 cells,,,
ELF1,ELOVL3,mammarygland,ELF1 IP - MCF7 cells,,,
BACH1,ELOVL3,stemcells,BACH1 IP - H1 cells,,,
POU2F2,ELOVL3,leukocytes,POU2F2 IP - GM12878 cells,,,
ZBTB7A,ELOVL3,uterus,ZBTB7A IP - ECC1 cells,,,
FOS,ELOVL3,vasculature,FOS IP - HUVEC cells,,,
TEAD4,ELOVL3,uterus,TEAD4 IP - ECC1 cells,,,
HOXA4,ELOVL3,colon,HOXA4 IP ,,,
CREB1,ELOVL3,stemcells,CREB1 IP - H1 cells,,,
FOXM1,ELOVL3,leukocytes,FOXM1 IP - GM12878 cells,,,
REST,ELOVL3,leukocytes,"REST IP - GM12878 cells, Rep 2",,,
MAZ,ELOVL3,uterus,MAZ IP - HeLa cells,,,
ZKSCAN1,ELOVL3,uterus,ZKSCAN1 IP - HeLa cells,,,
JUND,ELOVL3,vasculature,JUND IP,,,
JUN,ELOVL3,leukocytes,JUN IP | IFNA1-13 - 30 min ,,,
IFNA1,ELOVL3,leukocytes,JUN IP | IFNA1-13 - 30 min ,,,
USF1,ELOVL3,stemcells,USF1 IP - H1 cells,,,
NFYA,ELOVL3,leukocytes,NFYA IP - K562 cells,,,
CTCF,ELOVL4,lung,"CTCF IP - A549 cells, Rep 2 , CTCF IP - NHLF cells , CTCF ChIP-Seq - A549, CTCF IP - A549 cells, CTCF IP - IMR cells, CTCF IP | DEX - A549 cells, CTCF IP - SAEC cells, Rep 2 , CTCF IP - A549 cells , CTCF IP - NHLF cells , CTCF IP | DEX - A549 cells , CTCF IP - HPF cells, Rep 1 , CTCF IP - SAEC cells, Rep 1 , CTCF IP - AG04450 cells, Rep 2 , CTCF IP - HPF cells, Rep 2 , CTCF IP - AG04450 cells, Rep 1 ",,,
GATA4,ELOVL4,stomach,GATA4 IP - AGS,,,
CTCF,ELOVL4,leukocytes,"CTCF IP - F36P cells, Rep 14 , CTCF ChIP-Seq - GM12878, CTCF IP - GM2610 cells, Rep 2 , CTCF IP - GM12489 cells, Rep 1, CTCF IP - GM06990 cells, Rep 2 , CTCF IP - GM12878 cells, Rep 2 , CTCF IP - GM19240 cells, Rep 2 , CTCF IP - GM12874 cells, Rep 1 , CTCF IP - K562 cells, Rep 2 , CTCF IP - F36P cells, Rep 13 , CTCF IP - GM19238 cells, Rep 2 , CTCF IP - GM12234 cells, CTCF IP - GM12287 cells, Rep 1, CTCF IP - GM12871 cells , CTCF IP - GM12867 cells , CTCF IP - K562 cells, Rep 12 , CTCF IP - GM12870 cells , CTCF IP - GM12872 cells, Rep 3 , CTCF IP - K562 cells, Rep 13 , CTCF IP - UT-7 cells, Rep 6 , CTCF IP - GM12749 cells, Rep 1, CTCF IP, CTCF IP - GM2255 cells, Rep 3 , CTCF IP - GM10847 cells, Rep 1 , CTCF IP - Â DND , CTCF IP - GM12864 cells, Rep 2 , CTCF IP - HL , CTCF IP - GM18526 cells, Rep 1 , CTCF IP - F36P cells, Rep 2 , CTCF IP - GM19193 cells, Rep 1 , CTCF IP - CD14+ cells , CTCF IP - GM12864 cells, Rep 1 , CTCF IP - UT-7 cells, Rep 5 , CTCF IP - GM12891 cells, Rep 2 , CTCF IP - GM12815 cells, Rep 1, CTCF IP - GM2630 cells, Rep 1 , CTCF IP - GM19240 cells, Rep 1 , CTCF IP - GM12875 cells, Rep 1 , CTCF IP - GM12873 cells, Rep 3 , CTCF IP - F36P cells, Rep 15 , CTCF IP - GM19099 cells, Rep 2 , CTCF IP - GM11994 cells, Rep 2, CTCF IP - GM19099 cells, Rep 1 , CTCF IP - GM19239 cells, Rep 2 , CTCF IP - GM12869 cells , CTCF IP - F36P cells, Rep 10 , CTCF IP - GM12154 cells, Rep 2, CTCF IP - GM11831 cells, CTCF IP - GM18505 cells, Rep 1 , CTCF IP - GM12865 cells, Rep 3 , CTCF IP - GM12890 cells, Rep 2 , CTCF IP - F36P cells, Rep 6 , CTCF IP - K562 cells , CTCF IP - GM12872 cells, Rep 1 , CTCF IP - F36P cells, Rep 5 , CTCF IP - GM12878 cells, Rep 2 , CTCF IP - GM11994 cells, Rep 1, CTCF IP - GM19239 cells, Rep 1 , CTCF IP - GM12878 cells, Rep 1 , CTCF IP - UT-7 cells, Rep 4 , CTCF IP - GM19238 cells, Rep 1 , CTCF IP - KU812 cells, Rep 13 , CTCF IP - GM12872 cells, CTCF IP - KU812 cells, Rep 17 , CTCF IP - GM12154 cells, Rep 1, CTCF IP - K562 cells, Rep 11 , CTCF IP - GM10847 cells, Rep 2 , CTCF IP - GM2255 cells, Rep 1 , CTCF IP - GM12874 cells, CTCF IP - KU812 cells, Rep 9 , CTCF IP - UT-7 cells, Rep 2 , CTCF IP - GM12866 cells , CTCF IP - GM12891 cells, Rep 1 , CTCF IP - F36P cells, Rep 1 , CTCF IP - MS1 cells, Rep 4 , CTCF IP - GM12873 cells, Rep 1 , CTCF IP - GM12868 cells , CTCF IP - GM12865 cells, Rep 1 , CTCF IP - GM12872 cells, Rep 2 , CTCF IP - GM18505 cells, Rep 2 , CTCF IP - GM18526 cells, Rep 2 , CTCF IP - GM12864 cells, Rep 3 , CTCF IP - GM11811 cells, Rep 2, CTCF IP - GM18951 cells, Rep 2 , CTCF IP - GM18486 cells, Rep 1 , CTCF IP - F36P cells, Rep 3 , CTCF IP - GM18951 cells, Rep 1 , CTCF IP - GM11881 cells, CTCF IP - GM12865 cells, Rep 2 , CTCF IP - GM06990 cells, Rep 1 , CTCF IP - GM12892 cells, Rep 1 , CTCF IP - F36P cells, Rep 11 , CTCF IP - K562 cells, Rep 1 , CTCF IP - GM2610 cells, Rep 3 , CTCF IP - GM2610 cells, Rep 1 , CTCF IP - GM06986 cells, CTCF IP - GM2588 cells, Rep 3 , CTCF IP - MS1 cells, Rep 2 , CTCF IP - GM18486 cells, Rep 2 , CTCF IP - GM12815 cells, Rep 2, CTCF IP - GM2630 cells, Rep 3 , CTCF IP - HL-60 cells, Rep 7 , CTCF IP - GM12890 cells, Rep 3 , CTCF IP - K562 cells, CTCF IP - GM12006 cells, Rep 1, CTCF IP - MS1 cells, Rep 1 , CTCF IP - KU812 cells, Rep 1 , CTCF IP - GM11894 cells, Rep 2, CTCF IP - NB4 cells , CTCF IP - F36P cells, Rep 17 , CTCF IP - GM2588 cells, Rep 1 , CTCF IP - GM12155 cells, Rep 2, CTCF IP - F36P cells, Rep 19 , CTCF IP - GM12892 cells, Rep 2 , CTCF IP - Â CD20+ cells , CTCF IP - GM12828 cells, CTCF IP - K562 cells, CTCF IP - HeLa cells, Rep 2 , CTCF IP - GM12890 cells, Rep 1 , CTCF IP - GM18486 cells, Rep 3 , CTCF IP - K562 cells, Rep 16 , CTCF IP - GM12873 cells, Rep 1 , CTCF IP - GM12878 cells , CTCF IP - F36P cells, Rep 7 , CTCF IP - GM12878 cells, Rep 1 , CTCF IP - GM19193 cells, Rep 2 , CTCF IP - GM12814 cells, Rep 1, CTCF IP - K562 cells, Rep 14 , CTCF IP - GM12874 cells, Rep 2 , CTCF IP - GM2630 cells, Rep 2 , CTCF IP - KU812 cells, Rep 5 , CTCF IP - GM12814 cells, Rep 2, CTCF IP - GM2255 cells, Rep 2 , CTCF IP - GM12005 cells, Rep 2, CTCF IP - K562 cells, Rep 15 , CTCF IP - GM2588 cells, Rep 2 , CTCF IP - GM12005 cells, Rep 1, CTCF IP - GM11811 cells, Rep 1, CTCF IP - MS1 cells, Rep 3 ",,,
CEBPB,ELOVL4,stemcells,"CEBPB IP, CEBPB IP - H1 cells, CEBPB IP, CEBPB IP, CEBPB IP, CEBPB IP, CEBPB IP, CEBPB IP",,,
CTCF,ELOVL4,megakaryocytelineage,"CTCF IP - MEG-01 cells, Rep 10 , CTCF IP - MEG-01 cells, Rep 4 , CTCF IP - MEG-01 cells, Rep 8 , CTCF IP - MEG-01 cells, Rep 6 , CTCF IP - MEG-01 cells, Rep 2 ",,,
MAZ,ELOVL4,lung,MAZ IP - IMR cells,,,
GATA2,ELOVL4,prostate,"GATA2 ChIP-Seq - Rep 2, GATA2 ChIP-Seq - Rep 1, GATA2 KD + R1881 |Â FOXA1 ChIP-Seq, CON KD + R1881 |Â GATA2 ChIP-Seq, FOXA1 KD |Â GATA2 ChIP-Seq, CON KD |Â GATA2 ChIP-Seq, GATA2 ChIP-Seq",,,
CTCF,ELOVL4,cns,"CTCF IP - cerebellar astrocyte cells, Rep 2 , CTCF IP - BE(2)-C cells, Rep 1 , CTCF IP - SK cells, CTCF IP - spinal cord astrocyte cells, Rep 2 , CTCF IP - HCPEpiC cells, Rep 1 , CTCF IP - cerebellar astrocyte cells, Rep 1 , CTCF IP - HCPEpiC cells, Rep 2 , CTCF IP - SK-N-SH cells, Rep 2 , CTCF IP - NHA cells , CTCF IP - SK-N-SH cells, Rep 1 , CTCF IP - BE(2)-C cells, Rep 2 , CTCF IP - spinal cord astrocyte cells, Rep 1 , CTCF IP - SK-N-SH cells ",,,
USF2,ELOVL4,stemcells,USF2 IP - H1 cells,,,
TP53,ELOVL4,mammarygland,TP53 IP,,,
FOXA1,ELOVL4,prostate,"FOXA1 ChIP-Seq - Rep 1, FOXA1 ChIP-Seq - LNCaP, CON KD + R1881 | FOXA1 ChIP-Seq - Rep 1, FOXA1 ChIP-Seq - Rep 2, FOXA1 ChIP-Seq, EtOH | FOXA1 ChIP-Seq - , DHT | FOXA1 ChIP-Seq, R1881 | FOXA1 ChIP-Seq - Rep 2, GATA2 KD + R1881 |Â FOXA1 ChIP-Seq, CREB1 siRNA | FOXA1 ChIP-Seq - Rep 1, CON KD + R1881 | FOXA1 ChIP-Seq - Rep 2, FOXA1 KD |Â GATA2 ChIP-Seq, FOXA1 ChIP-Seq - LNCaP-abl, CON KD + R1881 |Â FOXA1 ChIP-Seq, PIAS1 + R1881 | FOXA1 ChIP-Seq - Rep 2, FOXA1 ChIP-Seq, PIAS1 + R1881 | FOXA1 ChIP-Seq - Rep 1, WT AR OE + FOXA1 OE | FOXA1 ChIP-Seq - high FOXA1, FOXA1 ChIP-Seq, CREB1 siRNA | FOXA1 ChIP-Seq - Rep 2, CON KD  |Â FOXA1 ChIP-Seq, EtOH | FOXA1 ChIP-Seq - Rep 2, R1881 | FOXA1 ChIP-Seq - Rep 1, FOXA1 ChIP-Seq",,,
CREB1,ELOVL4,leukocytes,CREB1 IP - GM12878 cells,,,
FOXA2,ELOVL4,stemcells,"FOXA2 IP - ES D2, FOXA2 IP - ES D10, FOXA2 IP - ES D5, FOXA2 IP - ES D7",,,
CTCF,ELOVL4,esophagus,"CTCF IP - HEEpiC cells, Rep 1 , CTCF IP - HEEpiC cells, Rep 2 ",,,
CTCF,ELOVL4,mammarygland,"CTCF IP - MCF7 cells, CTCF IP - HMEC cells , CTCF IP - HMEC cells, Rep 2 , CTCF IP - HMEC cells, Rep 1 , CTCF IP - MCF-7 cells, Rep 1 , CTCF IP - HMF cells, Rep 2 , CTCF IP - HMF cells, Rep 1 , CTCF IP - MCF-7 cells Rep 2 , CTCF IP - T47D cells",,,
CTCF,ELOVL4,skin,"CTCF IP - AG04449 cells, Rep 2 , CTCF IP - BJ cells, Rep 2 , CTCF IP - NHEK cells, Rep 2 , CTCF IP - AG09309 cells, Rep 1 , CTCF IP - NHEK cells , CTCF IP - BJ cells, Rep 1 , CTCF IP - NHDF cells , CTCF IP - HFFC cells, Rep 1 , CTCF IP - HFFC cells, Rep 3 , CTCF IP - NHDF cells, Rep 1 , CTCF IP - NHDF cells, Rep 2 , CTCF IP - GM12878 cells, Rep 2 , CTCF IP - AG10803 cells, Rep 1 , CTCF IP - AG04449 cells, Rep 1 , CTCF IP - HFFC cells, Rep 2 , CTCF IP - AG10803 cells, Rep 2 ",,,
MYB,ELOVL4,leukocytes,"MYB IP - Jurkat, Rep 3, MYB IP - MOLT3, MYB IP - Jurkat, Rep 5, MYB IP - Jurkat, Rep 4, MYB IP - Jurkat, Rep 1, MYB IP - Jurkat, Rep 2",,,
CTCF,ELOVL4,uterus,"CTCF IP - HeLa cells, Rep 1 , CTCF IP - ECC1 cells, CTCF IP - HeLa cells ",,,
ARID3A,ELOVL4,liver,ARID3A IP - HepG2 cells,,,
REST,ELOVL4,stemcells,"REST IP - H1 cells, Rep 1",,,
FOXP2,ELOVL4,cns,FOXP2 IP - SK cells,,,
MAX,ELOVL4,liver,"MAX IP - HepG2 cells, MAX IP - MCF7 cells",,,
CTCF,ELOVL4,pancreas,CTCF IP,,,
MAX,ELOVL4,stemcells,MAX IP - H1 cells,,,
PBX3,ELOVL4,cns,PBX3 IP - SK-N-SH cells,,,
USF1,ELOVL4,uterus,USF1 IP - ECC1 cells,,,
TAL1,ELOVL4,megakaryocytelineage,"TAL1 IP - CHRF-288-11 cells, Rep 4 , TAL1 IP - CHRF-288-11 cells, Rep 3 , TAL1 IP - CHRF-288-11 cells, Rep 6 , TAL1 IP - CHRF-288-11 cells, Rep 1 ",,,
REST,ELOVL4,cns,"REST IP - U87 cells, REST IP - SK-N-SH cells, REST IP - SK cells",,,
CTCF,ELOVL4,hspcs,"CTCF IP - HEL 92.1.7 cells, Rep 2 , CTCF IP - HEL 92.1.7 cells, Rep 11 , CTCF IP - Erythroid cells, Rep 1, CTCF IP - HSPCs, Rep 1, CTCF IP - HEL 92.1.7 cells, Rep 14 , CTCF IP - HEL 92.1.7 cells, Rep 8 , CTCF IP - HEL 92.1.7 cells, Rep 5 ",,,
CTCF,ELOVL4,liver,"CTCF IP - HepG2 cells , CTCF IP - HepG2 cells, Rep 1 , CTCF IP, CTCF IP - HepG2 cells, Rep 2 , CTCF IP - SK-N-SH cells",,,
CTCF,ELOVL4,vasculature,"CTCF IP - HPAF cells, Rep 1 , CTCF IP - HPAF cells, Rep 2 , CTCF IP - AoAFC cells, Rep 2 , CTCF IP - AoAFC cells, Rep 1 , CTCF IP - HUVEC cells , CTCF IP - HBMEC cells, Rep 1 , CTCF IP - HBMEC cells, Rep 2 , CTCF IP - HUVEC cells, Rep 2 , CTCF IP - HUVEC cells, Rep 1 ",,,
R1881,ELOVL4,prostate,"CON KD + R1881 | FOXA1 ChIP-Seq - Rep 1, R1881 | FOXA1 ChIP-Seq - Rep 2, GATA2 KD + R1881 |Â FOXA1 ChIP-Seq, CON KD + R1881 |Â GATA2 ChIP-Seq, CON KD + R1881 | FOXA1 ChIP-Seq - Rep 2, CON KD + R1881 |Â FOXA1 ChIP-Seq, PIAS1 + R1881 | FOXA1 ChIP-Seq - Rep 2, PIAS1 + R1881 | FOXA1 ChIP-Seq - Rep 1, R1881 | FOXA1 ChIP-Seq - Rep 1",,,
CTCF,ELOVL4,kidney,"CTCF IP - HEK293 cells, Rep 1 , CTCF IP - RPTEC cells, Rep 2 , CTCF IP - HRE cells, Rep 1 , CTCF IP - HRE cells, Rep 2 , CTCF IP - RPTEC cells, Rep 1 , CTCF IP - HEK293 cells, Rep 2 ",,,
USF1,ELOVL4,lung,"USF1 IP | DEX - A549 cells, USF1 IP - A549 cells, Rep 2, USF1 IP - A549 cells, Rep 1",,,
DEX,ELOVL4,lung,"USF1 IP | DEX - A549 cells, CTCF IP | DEX - A549 cells, CTCF IP | DEX - A549 cells ",,,
CTCF,ELOVL4,skeletalmuscle,"CTCF IP - HSMM cells, Rep 2 , CTCF IP - HSMM cells, Rep 1 ",,,
ZNF143,ELOVL4,leukocytes,"ZNF143 IP - GM12878 cells, ZNF143 IP - K562 cells",,,
YY1,ELOVL4,leukocytes,"YY1 IP - GM12878 cells, YY1 IP - GM12891 cells, YY1 IP - K562 cells, Rep 1, YY1 IP - GM12892 cells, Rep 1",,,
SPI1,ELOVL4,leukocytes,"SPI1 IP - K562 cells, SPI1 IP - HL-60 cells, Rep 4 , SPI1 IP, SPI1 IP | RUNX1 KD, SPI1 IP, SPI1 IP, SPI1 IP, SPI1 IP, SPI1 IP - HL cells, SPI1 IP",,,
ATF3,ELOVL4,stemcells,ATF3 IP - H1 cells,,,
TEAD1,ELOVL4,cns,TEAD1 IP - Rep 1,,,
IRF4,ELOVL4,leukocytes,IRF4 IP,,,
EGR1,ELOVL4,uterus,EGR1 IP - ECC1 cells,,,
USF1,ELOVL4,cns,"USF1 IP - SK-N-SH cells, USF1 IP | ATRA - SK-N-SH cells",,,
CTCF,ELOVL4,colon,"CTCF IP - HCT116 cells, Rep 1 , CTCF IP - Caco , CTCF IP - HCT116 cells, Rep 2 , CTCF IP - Caco-2 cells, Rep 1 , CTCF IP - HCT116 cells",,,
TAL1,ELOVL4,leukocytes,TAL1 IP - MOLT3,,,
CTCF,ELOVL4,miscellaneous,"CTCF IP - AG09319 cells, Rep 2 , CTCF IP - AG09319 cells, Rep 1 ",,,
MYC,ELOVL4,bone,MYC IP,,,
TEAD4,ELOVL4,uterus,TEAD4 IP - ECC1 cells,,,
RUNX1,ELOVL4,leukocytes,SPI1 IP | RUNX1 KD,,,
CTCF,ELOVL4,heart,"CTCF IP - HCF cells , CTCF IP - myocytes cells, Rep 1 , CTCF IP - myocytes cells, Rep 2 ",,,
TCF12,ELOVL4,stemcells,TCF12 IP - H1 cells,,,
KLF11,ELOVL4,adiposetissue,"KLF11 ChIP-Seq, Rep 1, KLF11 ChIP-Seq, Rep 2",,,
RBPJ,ELOVL4,leukocytes,RBPJ IP | COMPE - wash,,,
COMPE,ELOVL4,leukocytes,RBPJ IP | COMPE - wash,,,
ARID3A,ELOVL4,leukocytes,ARID3A IP - K562 cells,,,
CTCF,ELOVL4,placenta,"CTCF IP - HVMF cells, Rep 1 , CTCF IP - HVMF cells, Rep 2 ",,,
ZNF143,ELOVL4,stemcells,ZNF143 IP - H1 cells,,,
STAT5B,ELOVL4,leukocytes,"STAT5B IP | H9RETR, Rep 2, STAT5B IP | H9RET, Rep 2, STAT5B IP | H9, Rep 2",,,
H9RETR,ELOVL4,leukocytes,"STAT5B IP | H9RETR, Rep 2",,,
USF1,ELOVL4,leukocytes,"USF1 IP - GM12878 cells, USF1 IP - K562 cells",,,
CEBPB,ELOVL4,colon,"CEBPB IP | 125DVD3, CEBPB IP - HCT116 cells",,,
125DVD3,ELOVL4,colon,CEBPB IP | 125DVD3,,,
CTCF,ELOVL4,sensory,"CTCF IP - WERI-Rb-1- cells, Rep 1 , CTCF IP - HRPEpiC cells, Rep 1 , CTCF IP - WERI , CTCF IP - HRPEpiC cells, Rep 2 ",,,
DHT,ELOVL4,prostate,DHT | FOXA1 ChIP-Seq,,,
GATA2,ELOVL4,hspcs,GATA2 IP,,,
CEBPB,ELOVL4,lung,CEBPB ChIP-Seq - IMR90,,,
CREB1,ELOVL4,prostate,"CREB1 siRNA | FOXA1 ChIP-Seq - Rep 1, CREB1 siRNA | FOXA1 ChIP-Seq - Rep 2",,,
FOS,ELOVL4,vasculature,FOS IP - HUVEC cells,,,
GATA3,ELOVL4,mammarygland,"GATA3 IP - T47D cells, GATA3 IP - MCF7 cells",24758297,,
BHLHE40,ELOVL4,leukocytes,BHLHE40 IP - GM12878 cells,,,
MAX,ELOVL4,lung,MAX IP - A549 cells,,,
E2F6,ELOVL4,lung,E2F6 IP - A549 cells,,,
H9RET,ELOVL4,leukocytes,"STAT5B IP | H9RET, Rep 2",,,
YY1,ELOVL4,stemcells,YY1 IP - H1 cells,,,
TP53,ELOVL4,lung,"TP53 IP - propapoptic, Rep 1",,,
E2F6,ELOVL4,stemcells,E2F6 IP - H1 cells,,,
TEAD4,ELOVL4,liver,TEAD4 IP - HepG2 cells,,,
PDX1,ELOVL4,pancreas,PDX1 IP,,,
ZNF263,ELOVL4,kidney,ZNF263 IP - HEK293 cells,,,
CTCF,ELOVL4,stemcells,"CTCF IP - Rep 2 , CTCF IP - Rep 4 , CTCF IP - H1 cells, CTCF IP - H1 cells , CTCF IP - Rep 6 , CTCF IP - Rep 1 , CTCF IP - Rep 7 ",,,
SRF,ELOVL4,stemcells,SRF IP - Rep 7 ,,,
MAX,ELOVL4,vasculature,MAX IP - HUVEC cells,,,
EGR1,ELOVL4,leukocytes,EGR1 IP - K562 cells,,,
ARNTL,ELOVL4,bone,ARNTL IP,,,
SP1,ELOVL4,stemcells,SP1 IP - H1 cells,,,
CEBPB,ELOVL4,liver,CEBPB ChIP-Seq - HepG2,,,
TP53,ELOVL4,skin,"TP53 IP | NUTL3, TP53 IP",,,
FOXA2,ELOVL4,embryonictissue,FOXA2 IP - Rep 2,,,
GATA3,ELOVL4,cns,GATA3 IP - SK-N-SH cells,,,
CREB1,ELOVL4,stemcells,CREB1 IP - H1 cells,,,
JUND,ELOVL4,colon,JUND IP - HCT116 cells,,,
MAX,ELOVL4,cns,MAX IP - SK-N-SH cells,,,
GATA6,ELOVL4,stomach,GATA6 IP - YCC3,,,
H9,ELOVL4,leukocytes,"STAT5B IP | H9, Rep 2",,,
NFKB1,ELOVL4,leukocytes,NFKB1 IP - Rep 2,,,
GATA2,ELOVL4,cns,GATA2 ChIP-Seq SH-SY5Y,,,
STAT3,ELOVL4,leukocytes,STAT3 IP - SU-DHL-6,,,
TEAD4,ELOVL4,stemcells,TEAD4 IP - H1 cells,,,
BACH1,ELOVL4,stemcells,BACH1 IP - H1 cells,,,
FOXP1,ELOVL4,prostate,FOXP1 ChIP-Seq,,,
NANOG,ELOVL4,stemcells,NANOG IP - H1 cells,,,
YY1,ELOVL4,colon,YY1 IP - HCT116 cells,,,
CTCF,ELOVL4,adiposetissue,"CTCF ChIP-Seq - d 9, CTCF ChIP-Seq - d -2, CTCF ChIP-Seq - d 0, CTCF ChIP-Seq - dÂ 3",,,
PIAS1,ELOVL4,prostate,"PIAS1 + R1881 | FOXA1 ChIP-Seq - Rep 2, PIAS1 + R1881 | FOXA1 ChIP-Seq - Rep 1",,,
FOXA1,ELOVL4,liver,"FOXA1 IP - HepG2 cells, Rep 1",,,
AR,ELOVL4,prostate,WT AR OE + FOXA1 OE | FOXA1 ChIP-Seq - high FOXA1,19668381,,
RUNX1,ELOVL4,hspcs,RUNX1,,,
TBP,ELOVL4,stemcells,TBP IP - H1 cells,,,
SMAD1,ELOVL4,hspcs,SMAD1 IP - Rep 3,,,
YY1,ELOVL4,cns,"YY1 IP - SK-N-SH cells, YY1 IP | ATRA - SK-N-SH cells",,,
EGR1,ELOVL4,stemcells,EGR1 IP - H1 cells,,,
JUN,ELOVL4,vasculature,JUN IP - HUVEC cells,,,
MAX,ELOVL4,colon,MAX IP - HCT116 cells,,,
MAX,ELOVL4,uterus,MAX IP - ECC1 cells,,,
ZBTB7A,ELOVL4,uterus,ZBTB7A IP - ECC1 cells,,,
ATRA,ELOVL4,cns,"USF1 IP | ATRA - SK-N-SH cells, YY1 IP | ATRA - SK-N-SH cells",,,
OTX2,ELOVL4,stemcells,OTX2 IP - Rep 10 ,,,
SIX2,ELOVL4,kidney,"SIX2 IP - 17 weeks, Rep 1",,,
E2F1,ELOVL4,mammarygland,E2F1 IP - MCF7 cells,,,
FOXA1,ELOVL4,mammarygland,DEX | FOXA1 ChIP-Seq - Rep 1,,,
DEX,ELOVL4,mammarygland,DEX | FOXA1 ChIP-Seq - Rep 1,,,
USF1,ELOVL4,stemcells,USF1 IP - H1 cells,,,
YY1,ELOVL4,uterus,YY1 IP - ECC1 cells,,,
CTCF,ELOVL4,bone,CTCF IP - Osteoblasts ,,,
EGR1,ELOVL4,liver,EGR1 IP - MCF7 cells,,,
TEAD4,ELOVL4,leukocytes,TEAD4 IP - K562 cells,,,
MXI1,ELOVL4,cns,MXI1 IP - SK-N-SH cells ,,,
ETS1,ELOVL4,leukocytes,ETS1 IP,,,
USF1,ELOVL4,liver,USF1 IP - HepG2 cells,,,
TCF12,ELOVL4,uterus,TCF12 IP - ECC1 cells,,,
JUND,ELOVL4,leukocytes,JUND IP - K562 cells,,,
JUND,ELOVL4,stemcells,JUND IP - H1 cells,,,
TEAD4,ELOVL4,cns,TEAD4 IP - SK-N-SH cells,,,
HIF1A,ELOVL4,bone,HIF1A IP,,,
ZBTB7A,ELOVL5,uterus,ZBTB7A IP - ECC1 cells,,,
JUN,ELOVL5,leukocytes,"JUN IP - K562 cells, Rep 1, JUN IP | IFNG - K562 cells, 30 min, JUN IP - K562 cells, Rep 2, JUN IP | IFNA1-13 - 30 min ",,,
TCF3,ELOVL5,leukocytes,TCF3 IP - GM12878 cells,,,
TBP,ELOVL5,leukocytes,"TBP IP - GM12878 cells, TBP IP - K562 cells",,,
GATA2,ELOVL5,leukocytes,"GATA2 IP - K562 cells, GATA2 IP - K562 cells",,,
GABPA,ELOVL5,leukocytes,"GABPA IP - Jurkat, Rep 2, GABPA IP - GM12878 cells, Rep 2 , GABPA IP - HL cells, GABPA IP - Jurkat, Rep 1, GABPA IP - K562 cells, GABPA IP - GM12878 cells, Rep 3 , GABPA IP - GM12878 cells, Rep 1 , GABPA IP - GM12878 cells, Rep 4 ",,,
MYB,ELOVL5,leukocytes,"MYB IP - Jurkat, Rep 3, MYB IP - Jurkat, Rep 1, MYB IP - MOLT3, MYB IP - Jurkat, Rep 4, MYB IP - Jurkat, Rep 5, MYB IP - Jurkat, Rep 2",,,
CEBPB,ELOVL5,stemcells,"CEBPB IP, CEBPB IP, CEBPB IP, CEBPB IP, CEBPB IP, CEBPB IP",,,
SPI1,ELOVL5,leukocytes,"SPI1 IP, SPI1 IP, SPI1 IP - U-937 cells, Rep 6 , SPI1 IP - GM12891 cells, SPI1 IP, SPI1 IP - U-937 cells, Rep 4 , SPI1 IP - GM12878 cells, Rep 3 , SPI1 IP - GM12878 cells, Rep 4 , SPI1 IP | RUNX1 KD, SPI1 IP, SPI1 IP - U-937 cells, Rep 3 , SPI1 IP, SPI1 IP, SPI1 IP, SPI1 IP - U-937 cells, Rep 1 , SPI1 IP - GM12878 cells, SPI1 IP - K562 cells, SPI1 IP - U-937 cells, Rep 5 , SPI1 IP - GM12878 cells, Rep 2 , SPI1 IP, SPI1 IP - HL cells",,,
STAT1,ELOVL5,leukocytes,"STAT1 IP - Rep 1, STAT1 IP - Rep 4, STAT1 IP - Rep 2, STAT1 IP - Rep 3, STAT1 IP - Rep 5",,,
IFNG,ELOVL5,leukocytes,"STAT1 IP - Rep 1, STAT1 IP - Rep 4, STAT1 IP - Rep 2, STAT1 IP - Rep 3, JUN IP | IFNG - K562 cells, 30 min, MYC IP | IFNG - K562 cells, 6 h, MYC IP | IFNG - K562 cells, 30 min, IRF1 IP | IFNG - K562 cells, 30 min, IRF1 IP | IFNG - K562 cells, 6 h, STAT1 IP - Rep 5",,,
FOXA1,ELOVL5,mammarygland,"FOXA1 ChIP-Seq - Rep 1, 17BE2 | FOXA1 ChIP-Seq, DEX | FOXA1 ChIP-Seq - Rep 1, FOXA1 ChIP-Seq - Rep 2, FOXA1 ChIP-Seq - Rep 2, DHT | FOXA1 ChIP-Seq, DEX | FOXA1 ChIP-Seq - Rep 2, 17BE2 | FOXA1 ChIP-Seq - Rep 2, 17BE2 | FOXA1 ChIP-Seq - Rep 1, DEX | FOXA1 ChIP-Seq - Rep 2, DEX | FOXA1 ChIP-Seq - Rep 2, FOXA1 ChIP-Seq - Rep 2",,,
IRF1,ELOVL5,colon,IRF1 IP ,,,
FOXP2,ELOVL5,cns,FOXP2 IP - PFSK-1 cells,,,
CTCF,ELOVL5,leukocytes,"CTCF IP - GM18486 cells, Rep 3 , CTCF IP - MS1 cells, Rep 3 , CTCF IP - GM2255 cells, Rep 2 , CTCF IP - MS1 cells, Rep 4 , CTCF IP - GM2255 cells, Rep 3 , CTCF IP - GM12892 cells, Rep 2 , CTCF IP - GM19239 cells, Rep 2 , CTCF IP - GM19239 cells, Rep 1 , CTCF IP - GM12878 cells, Rep 1 , CTCF IP - GM2610 cells, Rep 2 , CTCF IP - GM19240 cells, Rep 2 , CTCF IP - GM19238 cells, Rep 1 , CTCF IP - GM2588 cells, Rep 3 , CTCF ChIP-Seq - GM12878, CTCF IP, CTCF IP - MS1 cells, Rep 1 , CTCF IP - GM2610 cells, Rep 1 , CTCF IP - MS1 cells, Rep 2 , CTCF IP - GM2630 cells, Rep 3 , CTCF IP - GM12891 cells, Rep 2 , CTCF IP - GM19240 cells, Rep 1 ",,,
GATA2,ELOVL5,vasculature,GATA2 IP - HUVEC cells,,,
ZNF143,ELOVL5,stemcells,ZNF143 IP - H1 cells,,,
CREB1,ELOVL5,prostate,"CREB1 ChIP-Seq - Rep 2, FOXA1 siRNA | CREB1 ChIP-Seq - Rep 2, CREB1 siRNA | FOXA1 ChIP-Seq - Rep 2, CREB1 ChIP-Seq - Rep 1, CREB1 siRNA | FOXA1 ChIP-Seq - Rep 1, FOXA1 siRNA | CREB1 ChIP-Seq - Rep 1, CREB1 ChIP-Seq - LNCaP, CREB1 ChIP-Seq - LNCaP-abl",,,
ELF3,ELOVL5,pancreas,"ELF3 IP | KLF5 KO, ELF3 IP, ELF3 IP",,,
KLF5,ELOVL5,pancreas,"ELF3 IP | KLF5 KO, FOXA1 IP | KLF5 KO, KLF5 IP",,,
YY1,ELOVL5,leukocytes,"YY1 IP - K562 cells, Rep 1, YY1 IP - GM12891 cells, YY1 IP - GM12892 cells, Rep 1, YY1 IP - K562 cells, YY1 IP - GM12878 cells, YY1 IP - K562 cells, Rep 2",,,
EGR1,ELOVL5,leukocytes,EGR1 IP - K562 cells,,,
GATA2,ELOVL5,prostate,"GATA2 ChIP-Seq, FOXA1 + FBS |Â GATA2 ChIP-Seq, GATA2 ChIP-Seq - Rep 1, GATA2 KD  |Â GATA2 ChIP-Seq, CON KD |Â GATA2 ChIP-Seq, CON KD + R1881 |Â GATA2 ChIP-Seq, GATA2 KD + R1881 |Â GATA2 ChIP-Seq, CON KD + FBS |Â GATA2 ChIP-Seq, CON KD  |Â GATA2 ChIP-Seq, GATA2 KD  |Â FOXA1 ChIP-Seq, GATA2 KD + R1881 |Â FOXA1 ChIP-Seq, GATA2 ChIP-Seq - Rep 2, FOXA1 KD |Â GATA2 ChIP-Seq",,,
CREB1,ELOVL5,liver,"CREB1 IP, CREB1 IP, CREB1 IP, CREB1 IP - HepG2 cells",,,
FOXA1,ELOVL5,prostate,"FOXA1 + FBS |Â GATA2 ChIP-Seq, FOXA1 KD | FOXA1 ChIP-Seq, CON KD + R1881 |Â FOXA1 ChIP-Seq, FOXA1 ChIP-Seq, FOXA1 siRNA | CREB1 ChIP-Seq - Rep 2, PIAS1 + R1881 | FOXA1 ChIP-Seq - Rep 2, FOXA1 ChIP-Seq, PIAS1 + R1881 | FOXA1 ChIP-Seq - Rep 1, WT AR OE + FOXA1 OE | FOXA1 ChIP-Seq - high FOXA1, EtOH | FOXA1 ChIP-Seq - Rep 2, AR C562S OE + FOXA1 OE | FOXA1 ChIP-Seq, CREB1 siRNA | FOXA1 ChIP-Seq - Rep 2, CON KD  |Â FOXA1 ChIP-Seq, FOXA1 ChIP-Seq, R1881 | FOXA1 ChIP-Seq - Rep 1, CON KD | FOXA1 ChIP-Seq, FOXA1 ChIP-Seq - LNCaP, FOXA1 ChIP-Seq - Rep 1, FOXA1 ChIP-Seq - Rep 2, CREB1 siRNA | FOXA1 ChIP-Seq - Rep 1, CON KD + R1881 | FOXA1 ChIP-Seq - Rep 1, DHT | FOXA1 ChIP-Seq, CON KD | FOXA1 ChIP-Seq, WT AR OE + FOXA1 OE | FOXA1 ChIP-Seq, FOXA1 ChIP-Seq, EtOH | FOXA1 ChIP-Seq - , GATA2 KD  |Â FOXA1 ChIP-Seq, GATA2 KD + R1881 |Â FOXA1 ChIP-Seq, DHT | FOXA1 ChIP-Seq, FOXA1 siRNA | CREB1 ChIP-Seq - Rep 1, R1881 | FOXA1 ChIP-Seq - Rep 2, AR Q640X OE + FOXA1 OE | FOXA1 ChIP-Seq, FOXA1 ChIP-Seq - LNCaP-abl, CON KD |Â FOXA1 ChIP-Seq, FOXA1 KD | FOXA1 ChIP-Seq, CON KD + R1881 | FOXA1 ChIP-Seq - Rep 2, FOXA1 KD |Â GATA2 ChIP-Seq",,,
REST,ELOVL5,leukocytes,REST IP - K562 cells,,,
CEBPB,ELOVL5,colon,CEBPB IP - HCT116 cells,,,
CREB1,ELOVL5,lung,"CREB1 IP - A549 cells, Rep 2, CREB1 IP | DEX - A549 cells, CREB1 IP - A549 cells, Rep 1",,,
PAX5,ELOVL5,leukocytes,"PAX5 IP - GM12878 cells, Rep 1, PAX5 IP - GM12892 cells, PAX5 IP - GM12878 cells, Rep 2",,,
EBF1,ELOVL5,adiposetissue,EBF1 IP,,,
YY1,ELOVL5,stemcells,YY1 IP - H1 cells,,,
ZEB1,ELOVL5,leukocytes,ZEB1 IP - GM12878 cells,,,
TCF12,ELOVL5,lung,TCF12 IP - A549 cells,,,
TP53,ELOVL5,mammarygland,TP53 IP,,,
FOS,ELOVL5,leukocytes,"FOS IP - GM12878 cells, FOS IP - K562 cells",,,
MYC,ELOVL5,leukocytes,"MYC IP | IFNA1 - K562 cells, 6 h, MYC IP | IFNG - K562 cells, 6 h, MYC IP | IFNG - K562 cells, 30 min, MYC IP | IFNA1 - K562 cells, 30 min, MYC IP - K562 cells, Rep 1, MYC IP - K562 cells, Rep 2, MYC IP - NB4 cells",18940864,,
IFNA1,ELOVL5,leukocytes,"MYC IP | IFNA1 - K562 cells, 6 h, IRF1 IP | IFNA1-13 - K562 cells, 6 h, MYC IP | IFNA1 - K562 cells, 30 min, JUN IP | IFNA1-13 - 30 min ",,,
MAX,ELOVL5,colon,MAX IP - HCT116 cells,,,
PBX3,ELOVL5,cns,PBX3 IP - SK-N-SH cells,,,
MAX,ELOVL5,leukocytes,"MAX IP - K562 cells, MAX IP - NB4 cells, MAX IP - K562 cells, Rep 2, MAX IP - K562 cells, Rep 1",,,
FOS,ELOVL5,mammarygland,"FOS IP | 4HT - MCF10A cells, 12 h, FOS IP - MCF10A cells, FOS IP | 4HT - MCF10A cells, 36 h, FOS IP | 4HT - MCF10A cells, 4 h",,,
4HT,ELOVL5,mammarygland,"FOS IP | 4HT - MCF10A cells, 12 h, E2F4 IP | 4HT - MCF10 cells, FOS IP | 4HT - MCF10A cells, 36 h, FOS IP | 4HT - MCF10A cells, 4 h, STAT3 IP | 4HT - MCF10 cells, 36 h",,,
CEBPB,ELOVL5,leukocytes,"CEBPB IP - Rep 204, CEBPB ChIP-Seq - K562, CEBPB IP | oxLDL  - Rep 208, CEBPB IP, CEBPB IP - K562 cells",,,
TEAD4,ELOVL5,leukocytes,TEAD4 IP - K562 cells,,,
ERG,ELOVL5,leukocytes,ERG IP - Rep 1,,,
RELA,ELOVL5,adiposetissue,"RELA IP, RELA IP, RELA IP, RELA IP",,,
ELF1,ELOVL5,leukocytes,"ELF1 IP - SK-N-SH cells, ELF1 IP - SK-N-SH cells",,,
CREB1,ELOVL5,colon,CREB1 IP ,,,
R1881,ELOVL5,prostate,"CON KD + R1881 |Â FOXA1 ChIP-Seq, PIAS1 + R1881 | FOXA1 ChIP-Seq - Rep 2, PIAS1 + R1881 | FOXA1 ChIP-Seq - Rep 1, CON KD + R1881 |Â GATA2 ChIP-Seq, R1881 | FOXA1 ChIP-Seq - Rep 1, GATA2 KD + R1881 |Â GATA2 ChIP-Seq, CON KD + R1881 | FOXA1 ChIP-Seq - Rep 1, GATA2 KD + R1881 |Â FOXA1 ChIP-Seq, R1881 | FOXA1 ChIP-Seq - Rep 2, CON KD + R1881 | FOXA1 ChIP-Seq - Rep 2, GABPA IP | R1881",,,
JUN,ELOVL5,colon,JUN IP ,,,
KLF11,ELOVL5,adiposetissue,"KLF11 ChIP-Seq, Rep 2, ROSI (BrAT) | KLF11 ChIP-Seq, Rep 1, KLF11 ChIP-Seq, Rep 1, ROSI (BrAT) | KLF11 ChIP-Seq, Rep 2",,,
E2F3,ELOVL5,colon,E2F3 IP ,,,
E2F6,ELOVL5,leukocytes,"E2F6 IP - K562 cells, E2F6 IP - K562 cells",,,
FOSL1,ELOVL5,colon,FOSL1 IP - HCT116 cells,,,
NFYB,ELOVL5,uterus,NFYB IP - HeLa cells,,,
MXI1,ELOVL5,liver,MXI1 IP - HepG2 cells,,,
MAZ,ELOVL5,lung,MAZ IP - IMR cells,,,
JUND,ELOVL5,stemcells,JUND IP - H1 cells,,,
CTCF,ELOVL5,cns,"CTCF IP - SK-N-SH cells, Rep 2 ",,,
ETS1,ELOVL5,leukocytes,"ETS1 IP - K562 cells, ETS1 IP",,,
NFYB,ELOVL5,leukocytes,"NFYB IP - GM12878 cells, NFYB IP - K562 cells",,,
IRF1,ELOVL5,leukocytes,"IRF1 IP | IFNA1-13 - K562 cells, 6 h, IRF1 IP | IFNG - K562 cells, 30 min, IRF1 IP | IFNG - K562 cells, 6 h",,,
FOXA2,ELOVL5,liver,FOXA2 IP - HepG2 cells,19822575,,
SREBF1,ELOVL5,liver,SREBF1 IP | INS + 22RHC - HepG2 cells,,,
22RHC; INS,ELOVL5,liver,SREBF1 IP | INS + 22RHC - HepG2 cells,,,
FOXM1,ELOVL5,mammarygland,FOXM1 IP | THSP - DS006,,,
PIAS1,ELOVL5,prostate,"PIAS1 + R1881 | FOXA1 ChIP-Seq - Rep 2, PIAS1 + R1881 | FOXA1 ChIP-Seq - Rep 1",,,
HMGN3,ELOVL5,leukocytes,HMGN3 IP - K562 cells,,,
E2F6,ELOVL5,lung,E2F6 IP - A549 cells,,,
MAX,ELOVL5,liver,"MAX IP - HepG2 cells, MAX IP - HepG2 cells, MAX IP - MCF7 cells",,,
GABPA,ELOVL5,uterus,GABPA IP - HeLa cells,,,
17BE2,ELOVL5,mammarygland,"17BE2 | FOXA1 ChIP-Seq, 17BE2 | FOXA1 ChIP-Seq - Rep 2, 17BE2 | FOXA1 ChIP-Seq - Rep 1",,,
HOXA6,ELOVL5,colon,HOXA6 IP ,,,
JUND,ELOVL5,uterus,JUND IP - HeLa cells,,,
CREB1,ELOVL5,leukocytes,"CREB1 IP - K562 cells, CREB1 IP, CREB1 IP - GM12878 cells, CREB1 IP",,,
FOXA1,ELOVL5,liver,"FOXA1 IP - HepG2 cells, Rep 1, FOXA1 IP - HepG2 cells, Rep 2",,,
FOXP1,ELOVL5,prostate,DHT | FOXP1 ChIP-Seq,,,
DHT,ELOVL5,prostate,"DHT | FOXP1 ChIP-Seq, DHT | FOXA1 ChIP-Seq, DHT | FOXA1 ChIP-Seq, DHT | ERG ChIP-Seq - 18 h, DHT | ERG ChIP-Seq - 2 h",,,
NFYA,ELOVL5,leukocytes,NFYA IP - K562 cells,,,
ATF2,ELOVL5,leukocytes,ATF2 IP - GM12878 cells,,,
CEBPA,ELOVL5,leukocytes,CEBPA IP,,,
SP1,ELOVL5,colon,SP1 IP - HCT116 cells,,,
RUNX1T1,ELOVL5,leukocytes,RUNX1T1 IP,,,
EGR1,ELOVL5,colon,EGR1 IP - HCT116 cells,,,
BACH1,ELOVL5,stemcells,BACH1 IP - H1 cells,,,
E2F1,ELOVL5,uterus,"E2F1 IP - HeLa cells, Rep 1, E2F1 IP - HeLa cells, Rep 2",,,
ZNF384,ELOVL5,leukocytes,"ZNF384 IP - GM12878 cells, ZNF384 IP - K562 cells",,,
GABPA,ELOVL5,liver,"GABPA IP - MCF7 cells, GABPA IP - HepG2 cells",,,
DEX,ELOVL5,lung,"CREB1 IP | DEX - A549 cells, USF1 IP | DEX - A549 cells",,,
YY1,ELOVL5,lung,YY1 IP - A549 cells,,,
AR,ELOVL5,prostate,"WT AR OE + FOXA1 OE | FOXA1 ChIP-Seq - high FOXA1, AR C562S OE + FOXA1 OE | FOXA1 ChIP-Seq, WT AR OE + FOXA1 OE | FOXA1 ChIP-Seq, AR Q640X OE + FOXA1 OE | FOXA1 ChIP-Seq",,,
STAT3,ELOVL5,leukocytes,"STAT3 IP - SU-DHL-2, STAT3 IP - OCI-LY19, STAT3 IP - SU-DHL-6, STAT3 IP - OCI-LY7",,,
FOS,ELOVL5,vasculature,FOS IP - HUVEC cells,,,
ERG,ELOVL5,prostate,"ERG ChIP-Seq, ERG ChIP-Seq, DHT | ERG ChIP-Seq - 18 h, DHT | ERG ChIP-Seq - 2 h",,,
TP53,ELOVL5,lung,"TP53 IP - propapoptic, Rep 1",,,
SP1,ELOVL5,lung,SP1 IP - A549 cells,,,
SOX2,ELOVL5,esophagus,SOX2 IP - KYSE-70,,,
SRF,ELOVL5,colon,SRF IP - HCT116 cells,,,
FOXA1,ELOVL5,stemcells,"FOXA1 IP - ES D10, FOXA1 IP - ES D7, FOXA1 IP - ES D5, FOXA1 IP - Rep 5 ",,,
ZNF263,ELOVL5,kidney,ZNF263 IP - HEK293 cells,,,
REST,ELOVL5,cns,"REST IP - PFSK-N-SH cells1 cells, Rep 1, REST IP - PFSK1 cells, Rep 2, REST IP - U87 cells, REST IP - SK cells",,,
USF1,ELOVL5,stemcells,USF1 IP - H1 cells,,,
YY1,ELOVL5,colon,YY1 IP - HCT116 cells,,,
GATA2,ELOVL5,hspcs,GATA2 IP,,,
THAP1,ELOVL5,leukocytes,THAP1 IP - K562 cells,,,
E2F4,ELOVL5,mammarygland,E2F4 IP | 4HT - MCF10 cells,,,
CTCF,ELOVL5,hspcs,"CTCF IP - Erythroid cells, Rep 2, CTCF IP - HSPCs, Rep 1",,,
MXI1,ELOVL5,uterus,MXI1 IP - HeLa cells,,,
USF1,ELOVL5,cns,"USF1 IP | ATRA - SK-N-SH cells, USF1 IP - SK-N-SH cells",,,
ATRA,ELOVL5,cns,"USF1 IP | ATRA - SK-N-SH cells, YY1 IP | ATRA - SK-N-SH cells",,,
YY1,ELOVL5,cns,"YY1 IP - SK-N-SH cells, YY1 IP | ATRA - SK-N-SH cells",,,
IRF4,ELOVL5,leukocytes,IRF4 IP,,,
E2F1,ELOVL5,prostate,"HES6 OE | E2F1 ChIP-Seq - Rep 1, BICALU | E2F1 ChIP-Seq - Rep 1",,,
HES6,ELOVL5,prostate,HES6 OE | E2F1 ChIP-Seq - Rep 1,,,
RELA,ELOVL5,leukocytes,"RELA IP | BAY082  - IVD Th1 cells, PIA, RELA IP | TNF - GM12891 cells",,,
BAY082,ELOVL5,leukocytes,"RELA IP | BAY082  - IVD Th1 cells, PIA",,,
HEY1,ELOVL5,leukocytes,HEY1 IP - K562 cells,,,
HEY1,ELOVL5,liver,HEY1 IP - HepG2 cells,,,
TCF7L2,ELOVL5,uterus,TCF7L2 IP - HeLa cells,,,
MAX,ELOVL5,cns,MAX IP - SK-N-SH cells,,,
GATA3,ELOVL5,mammarygland,"GATA3 IP - MCF-7 cells, GATA3 IP - MCF7 cells, GATA3 IP - T47D cells",24758297,,
TAL1,ELOVL5,leukocytes,TAL1 IP - K562 cells,,,
STAT5B,ELOVL5,leukocytes,"STAT5B IP | H9RETR, Rep 2, STAT5B IP | H9, Rep 2",,,
H9RETR,ELOVL5,leukocytes,"STAT5B IP | H9RETR, Rep 2",,,
MXI1,ELOVL5,leukocytes,MXI1 IP - GM12878 cells,,,
NFYA,ELOVL5,colon,NFYA IP ,,,
UBTF,ELOVL5,leukocytes,UBTF IP - K562 cells,,,
MAFK,ELOVL5,liver,"MAFK IP - HepG2 cells, Rep 1",,,
ELF1,ELOVL5,cns,ELF1 IP - SK-N-SH cells,,,
MYC,ELOVL5,lung,MYC IP - A549 cells,,,
GABPA,ELOVL5,prostate,"GABPA IP - Rep 2, GABPA IP - Rep 1, GABPA IP | R1881",,,
DEX,ELOVL5,mammarygland,"DEX | FOXA1 ChIP-Seq - Rep 1, DEX | FOXA1 ChIP-Seq - Rep 2, DEX | FOXA1 ChIP-Seq - Rep 2, DEX | FOXA1 ChIP-Seq - Rep 2",,,
ATF2,ELOVL5,stemcells,ATF2 IP - H1 cells,,,
HIF1A,ELOVL5,bone,HIF1A IP,,,
CREB1,ELOVL5,uterus,CREB1 IP - ECC1 cells,,,
GATA3,ELOVL5,cns,"GATA3 IP - SK-N-SH cells, GATA3 IP - SHSY5Y cells",,,
E2F4,ELOVL5,leukocytes,E2F4 IP - K562 cells,,,
GATA1,ELOVL5,hspcs,"GATA1 IP - PBDE cells, Rep 1",,,
MAX,ELOVL5,uterus,"MAX IP - HeLa cells, Rep 2, MAX IP - ECC1 cells, MAX IP - HeLa cells, Rep 1",,,
EGR1,ELOVL5,liver,EGR1 IP - MCF7 cells,,,
USF1,ELOVL5,lung,"USF1 IP - A549 cells, Rep 1, USF1 IP | DEX - A549 cells, USF1 IP - A549 cells, Rep 2",,,
RUNX1,ELOVL5,leukocytes,"SPI1 IP | RUNX1 KD, RUNX1 IP",,,
REST,ELOVL5,liver,"REST IP - HepG2 cells, Rep 2",,,
PBX3,ELOVL5,leukocytes,PBX3 IP - GM12878 cells,,,
BHLHE40,ELOVL5,liver,BHLHE40 IP - HepG2 cells,,,
SRF,ELOVL5,uterus,SRF IP - ECC1 cells,,,
GATA1,ELOVL5,leukocytes,"GATA1 ChIP-Seq - SC266, GATA1 ChIP-Seq - K562",,,
MYC,ELOVL5,mammarygland,"MYC IP, DHT | MYC ChIP-Seq, MYC IP - MCF-10A cells",,,
FOXA2,ELOVL5,embryonictissue,FOXA2 IP - Rep 2,,,
RBPJ,ELOVL5,leukocytes,RBPJ IP | COMPE - wash,,,
COMPE,ELOVL5,leukocytes,RBPJ IP | COMPE - wash,,,
ZEB1,ELOVL5,liver,ZEB1 IP - HepG2 cells,,,
TEAD4,ELOVL5,stemcells,TEAD4 IP - H1 cells,,,
CEBPB,ELOVL5,lung,"CEBPB ChIP-Seq - A549, CEBPB ChIP-Seq - IMR90",,,
FOXA1,ELOVL5,pancreas,FOXA1 IP | KLF5 KO,,,
GATA2,ELOVL5,cns,GATA2 ChIP-Seq SH-SY5Y,,,
STAT3,ELOVL5,stemcells,"STAT3 IP - Rep 2 , STAT3 IP - Rep 1 , STAT3 IP - Rep 3 ",,,
SIX2,ELOVL5,kidney,"SIX2 IP - 17 weeks, Rep 1, SIX2 IP - 17 weeks, Rep 2, SIX2 IP -  16 weeks",,,
FOSL2,ELOVL5,mammarygland,FOSL2 IP - MCF7 cells,,,
MAZ,ELOVL5,leukocytes,"MAZ IP - GM12878 cells, MAZ IP - K562 cells",,,
USF1,ELOVL5,liver,USF1 IP - HepG2 cells,,,
HOXA4,ELOVL5,colon,HOXA4 IP ,,,
FOSL2,ELOVL5,liver,FOSL2 IP - HepG2 cells,,,
ROSI,ELOVL5,adiposetissue,"ROSI (BrAT) | KLF11 ChIP-Seq, Rep 1, ROSI (BrAT) | KLF11 ChIP-Seq, Rep 2",,,
FOXM1,ELOVL5,leukocytes,FOXM1 IP - GM12878 cells,,,
REST,ELOVL5,stemcells,"REST IP - H1 cells, Rep 1",,,
SOX2,ELOVL5,stemcells,SOX2 IP,,,
FOXA2,ELOVL5,stemcells,"FOXA2 IP - ES D2, FOXA2 IP - ES D10, FOXA2 IP - ES D5, FOXA2 IP - Rep 5 , FOXA2 IP - ES D7",,,
MYC,ELOVL5,bone,MYC IP,,,
DHT,ELOVL5,mammarygland,"DHT | MYC ChIP-Seq, DHT | FOXA1 ChIP-Seq",,,
NFKB1,ELOVL5,leukocytes,"NFKB1 IP - Rep 2, NFKB1 IP - Rep 1",,,
TEAD4,ELOVL5,uterus,TEAD4 IP - ECC1 cells,,,
GATA3,ELOVL5,lung,GATA3 IP - A549 cells,,,
GTF2B,ELOVL5,uterus,GTF2B IP - Rep 2,,,
REST,ELOVL5,lung,REST IP - A549 cells,,,
H9,ELOVL5,leukocytes,"STAT5B IP | H9, Rep 2",,,
JUN,ELOVL5,mammarygland,"JUN IP - Rep 1, JUN IP - Rep 2",,,
USF2,ELOVL5,uterus,USF2 IP - HeLa cells,,,
ELF1,ELOVL5,colon,ELF1 IP - HCT116 cells,,,
GLI2,ELOVL5,colon,GLI2 IP ,,,
USF1,ELOVL5,uterus,USF1 IP - ECC1 cells,,,
TCF7L2,ELOVL5,mammarygland,TCF7L2 ChIP-Seq,,,
ELF1,ELOVL5,mammarygland,ELF1 IP - MCF7 cells,,,
JUN,ELOVL5,vasculature,"JUN IP, JUN IP - HUVEC cells",,,
MXI1,ELOVL5,cns,MXI1 IP - SK-N-SH cells ,,,
JUND,ELOVL5,cns,"JUND IP - SK-N-SH cells , JUND IP - SK-N-SH cells",,,
ZBTB7A,ELOVL5,leukocytes,ZBTB7A IP - SK-N-SH cells,,,
YY1,ELOVL5,liver,YY1 IP - HepG2 cells,,,
USF1,ELOVL5,colon,USF1 IP - HCT116 cells,,,
TCF12,ELOVL5,cns,TCF12 IP - SK-N-SH cells,,,
BHLHE40,ELOVL5,leukocytes,"BHLHE40 IP - GM12878 cells, BHLHE40 IP - K562 cells",,,
CEBPB,ELOVL5,uterus,CEBPB ChIP-Seq - HeLaS3,,,
SP1,ELOVL5,stemcells,SP1 IP - H1 cells,,,
CTCF,ELOVL5,vasculature,"CTCF IP - HUVEC cells, Rep 1 ",,,
JUND,ELOVL5,liver,"JUND IP - HepG2 cells, JUND IP - HepG2 cells",,,
TCF12,ELOVL5,uterus,TCF12 IP - ECC1 cells,,,
E2F6,ELOVL5,stemcells,E2F6 IP - H1 cells,,,
EGR1,ELOVL5,uterus,EGR1 IP - ECC1 cells,,,
NFYA,ELOVL5,uterus,NFYA IP - HeLa cells,,,
GABPA,ELOVL5,lung,GABPA IP - A549 cells,,,
TBP,ELOVL5,stemcells,TBP IP - H1 cells,,,
GTF2F1,ELOVL5,uterus,GTF2F1 IP - HeLa cells,,,
MAX,ELOVL5,lung,MAX IP - A549 cells,,,
ATF3,ELOVL5,colon,"ATF3 IP - HCT116 cells, ATF3 IP | CAMPTO",,,
FOS,ELOVL5,uterus,FOS IP - HeLa cells,,,
ZBTB7A,ELOVL5,liver,ZBTB7A IP - HepG2 cells,,,
FOSL2,ELOVL5,cns,FOSL2 IP - SK-N-SH cells,,,
JUN,ELOVL5,liver,JUN IP - HepG2 cells,,,
TCF7L2,ELOVL5,pancreas,TCF7L2 IP,,,
E2F1,ELOVL5,mammarygland,"E2F1 IP, E2F1 IP - MCF7 cells",,,
BICALU,ELOVL5,prostate,BICALU | E2F1 ChIP-Seq - Rep 1,,,
BACH1,ELOVL5,colon,BACH1 IP ,,,
MAX,ELOVL5,vasculature,MAX IP - HUVEC cells,,,
MXI1,ELOVL5,lung,MXI1 IP - IMR cells,,,
CEBPB,ELOVL5,liver,CEBPB ChIP-Seq - HepG2,,,
MTA3,ELOVL5,leukocytes,MTA3 IP - GM12878 cells,,,
CEBPB,ELOVL5,mammarygland,CEBPB IP - MCF7 cells,,,
JUND,ELOVL5,leukocytes,JUND IP - K562 cells,,,
STAT3,ELOVL5,mammarygland,"STAT3 IP | 4HT - MCF10 cells, 36 h",,,
FOSL1,ELOVL5,leukocytes,FOSL1 IP - K562 cells,,,
MYBL2,ELOVL5,liver,MYBL2 IP - HepG2 cells,,,
TEAD4,ELOVL5,colon,TEAD4 IP - HCT116 cells,,,
YY1,ELOVL5,uterus,YY1 IP - ECC1 cells,,,
GABPA,ELOVL5,cns,GABPA IP - SK-N-SH cells,,,
ATF3,ELOVL5,leukocytes,ATF3 IP - K562 cells,,,
USF1,ELOVL5,leukocytes,USF1 IP - K562 cells,,,
MAX,ELOVL5,stemcells,MAX IP - H1 cells,,,
GATA6,ELOVL5,stomach,GATA6 IP - YCC3,,,
MYC,ELOVL5,uterus,MYC IP - HeLa cells,,,
ATF1,ELOVL5,leukocytes,ATF1 IP - K562 cells,,,
RELA,ELOVL5,colon,RELA IP ,,,
CTCF,ELOVL5,mammarygland,CTCF IP - MCF7 cells,,,
CREB1,ELOVL5,stemcells,CREB1 IP - H1 cells,,,
JUND,ELOVL5,colon,JUND IP - HCT116 cells,,,
TBP,ELOVL5,uterus,TBP IP - HeLa cells,,,
STAT1,ELOVL5,uterus,"STAT1 IP | IFNG - HeLa cells, 30 min",,,
IFNG,ELOVL5,uterus,"STAT1 IP | IFNG - HeLa cells, 30 min",,,
NFKB2,ELOVL5,leukocytes,NFKB2 IP - Rep 1,,,
CTCF,ELOVL5,liver,CTCF IP,,,
ATF2,ELOVL5,colon,ATF2 IP ,,,
TNF,ELOVL5,leukocytes,RELA IP | TNF - GM12891 cells,,,
SP1,ELOVL5,leukocytes,SP1 IP - GM12878 cells,,,
RUNX1,ELOVL5,hspcs,RUNX1,,,
SATB1,ELOVL5,liver,SATB1 IP,,,
TAL1,ELOVL5,colon,TAL1 IP ,,,
ELF1,ELOVL5,liver,ELF1 IP - HepG2 cells,,,
JUND,ELOVL5,vasculature,JUND IP,,,
ZNF143,ELOVL5,leukocytes,ZNF143 IP - GM12878 cells,,,
FOSL2,ELOVL5,lung,FOSL2 IP - A549 cells,,,
CEBPB,ELOVL6,leukocytes,"CEBPB IP - HL-60 cells, Rep 2 , CEBPB IP | oxLDL  - Rep 208, CEBPB ChIP-Seq - K562, CEBPB IP - K562 cells, CEBPB IP - HL-60 cells, Rep 1 , CEBPB IP - Rep 204, CEBPB IP - Rep 203",,,
SREBF2,ELOVL6,liver,SREBF2 IP | PRAV - HepG2 cells,,,
PRAV,ELOVL6,liver,"SREBF2 IP | PRAV - HepG2 cells, SREBF1 IP | PRAV - HepG2 cells",,,
NANOG,ELOVL6,stemcells,"NANOG IP - Rep 1, NANOG IP - Rep 8 , NANOG IP - Rep 5 , NANOG IP - Rep 9 ",,,
GABPA,ELOVL6,leukocytes,"GABPA IP - GM12878 cells, Rep 4 , GABPA IP - Jurkat, Rep 1, GABPA IP - K562 cells, GABPA IP - Jurkat, Rep 2, GABPA IP - GM12878 cells, Rep 2 , GABPA IP - GM12878 cells, Rep 5 , GABPA IP - GM12878 cells, Rep 1 , GABPA IP - GM12878 cells, Rep 3 ",,,
MYB,ELOVL6,leukocytes,"MYB IP - MOLT3, MYB IP - Jurkat, Rep 2, MYB IP - Jurkat, Rep 3, MYB IP - Jurkat, Rep 4, MYB IP - Jurkat, Rep 5",,,
CREB1,ELOVL6,prostate,"CREB1 ChIP-Seq - LNCaP-abl, CREB1 ChIP-Seq - Rep 1, CREB1 ChIP-Seq - Rep 2, CREB1 siRNA | FOXA1 ChIP-Seq - Rep 1, FOXA1 siRNA | CREB1 ChIP-Seq - Rep 2, FOXA1 siRNA | CREB1 ChIP-Seq - Rep 1, CREB1 ChIP-Seq - LNCaP, CREB1 siRNA | FOXA1 ChIP-Seq - Rep 2",,,
ELF1,ELOVL6,leukocytes,"ELF1 IP - SK-N-SH cells, ELF1 IP - SK-N-SH cells",,,
SP1,ELOVL6,leukocytes,"SP1 IP - K562 cells, SP1 IP - GM12878 cells",,,
MAX,ELOVL6,leukocytes,"MAX IP - K562 cells, Rep 2, MAX IP - K562 cells, MAX IP - GM12878 cells, MAX IP - NB4 cells",,,
TEAD4,ELOVL6,cns,TEAD4 IP - SK-N-SH cells,,,
FOXA1,ELOVL6,prostate,"CON KD + R1881 | FOXA1 ChIP-Seq - Rep 2, FOXA1 ChIP-Seq - LNCaP-abl, FOXA1 ChIP-Seq, CON KD + R1881 | FOXA1 ChIP-Seq - Rep 1, FOXA1 KD |Â GATA2 ChIP-Seq, PIAS1 + R1881 | FOXA1 ChIP-Seq - Rep 2, WT AR OE + FOXA1 OE | FOXA1 ChIP-Seq, FOXA1 ChIP-Seq - Rep 1, PIAS1 + R1881 | FOXA1 ChIP-Seq - Rep 1, FOXA1 ChIP-Seq - Rep 2, CREB1 siRNA | FOXA1 ChIP-Seq - Rep 1, WT AR OE + FOXA1 OE | FOXA1 ChIP-Seq - high FOXA1, FOXA1 ChIP-Seq, FOXA1 siRNA | CREB1 ChIP-Seq - Rep 2, EtOH | FOXA1 ChIP-Seq - , AR C562S OE + FOXA1 OE | FOXA1 ChIP-Seq, DHT | FOXA1 ChIP-Seq, EtOH | FOXA1 ChIP-Seq - Rep 2, R1881 | FOXA1 ChIP-Seq - Rep 1, FOXA1 siRNA | CREB1 ChIP-Seq - Rep 1, AR Q640X OE + FOXA1 OE | FOXA1 ChIP-Seq, CREB1 siRNA | FOXA1 ChIP-Seq - Rep 2, R1881 | FOXA1 ChIP-Seq - Rep 2",,,
R1881,ELOVL6,prostate,"CON KD + R1881 | FOXA1 ChIP-Seq - Rep 2, GABPA IP | R1881, CON KD + R1881 | FOXA1 ChIP-Seq - Rep 1, PIAS1 + R1881 | FOXA1 ChIP-Seq - Rep 2, PIAS1 + R1881 | FOXA1 ChIP-Seq - Rep 1, R1881 | FOXA1 ChIP-Seq - Rep 1, R1881 | FOXA1 ChIP-Seq - Rep 2",,,
GATA3,ELOVL6,mammarygland,"GATA3 IP - T47D cells, GATA3 IP - MCF7 cells",,,
ZBTB7A,ELOVL6,uterus,ZBTB7A IP - ECC1 cells,,,
RELA,ELOVL6,adiposetissue,"RELA IP, RELA IP, RELA IP",,,
TP73,ELOVL6,bone,"TP73 IP - alpha isoform, Rep 1, TP73 IP - alpha isoform, Rep 2",,,
TEAD4,ELOVL6,leukocytes,TEAD4 IP - K562 cells,,,
FOXA2,ELOVL6,stemcells,"FOXA2 IP - ES D5, FOXA2 IP - ES D7, FOXA2 IP - ES D10, FOXA2 IP - ES D2",,,
TBP,ELOVL6,leukocytes,"TBP IP - GM12878 cells, TBP IP - K562 cells",,,
E2F1,ELOVL6,prostate,"E2F1 ChIP-Seq - Rep 3, HES6 OE | E2F1 ChIP-Seq - Rep 1, HES6 OE + BICALU | E2F1 ChIP-Seq - Rep 3, BICALU | E2F1 ChIP-Seq - Rep 1",,,
SPI1,ELOVL6,leukocytes,"SPI1 IP - GM12878 cells, Rep 4 , SPI1 IP, SPI1 IP - K562 cells, SPI1 IP - GM12878 cells, Rep 2 , SPI1 IP, SPI1 IP | RUNX1 KD, SPI1 IP - HL cells, SPI1 IP, SPI1 IP, SPI1 IP, SPI1 IP - GM12891 cells, SPI1 IP, SPI1 IP - GM12878 cells, SPI1 IP",,,
TEAD4,ELOVL6,liver,TEAD4 IP - HepG2 cells,,,
MAX,ELOVL6,colon,MAX IP - HCT116 cells,,,
USF1,ELOVL6,liver,USF1 IP - HepG2 cells,,,
TFAP4,ELOVL6,leukocytes,"TFAP4 IP - Rep 1, TFAP4 IP - Rep 2",,,
TAL1,ELOVL6,leukocytes,TAL1 IP - K562 cells,,,
ZBTB17,ELOVL6,bone,ZBTB17 IP,,,
TBP,ELOVL6,stemcells,TBP IP - H1 cells,,,
JUN,ELOVL6,leukocytes,"JUN IP - K562 cells, Rep 2, JUN IP | IFNA1-13 - 30 min , JUN IP - K562 cells, Rep 1, JUN IP | IFNA1-13 - K562 cells, 6 h, JUN IP | IFNG - K562 cells, 30 min",,,
EGR1,ELOVL6,leukocytes,EGR1 IP - K562 cells,,,
HNF1B,ELOVL6,pancreas,HNF1B IP,,,
MYC,ELOVL6,mammarygland,"MYC IP, MYC IP - MCF-10A cells, DHT | MYC ChIP-Seq, MYC IP | 4HT - MCF10A cells",,,
UBTF,ELOVL6,leukocytes,"UBTF IP - K562 cells, UBTF IP - K562 cells",,,
RUNX1,ELOVL6,hspcs,RUNX1,,,
FOXA1,ELOVL6,stemcells,FOXA1 IP - Rep 5 ,,,
FOSL1,ELOVL6,leukocytes,FOSL1 IP - K562 cells,,,
CEBPB,ELOVL6,stemcells,"CEBPB IP, CEBPB IP, CEBPB IP, CEBPB IP, CEBPB IP, CEBPB IP, CEBPB IP, CEBPB IP, CEBPB IP, CEBPB IP",,,
BHLHE40,ELOVL6,liver,BHLHE40 IP - HepG2 cells,,,
CDX2,ELOVL6,colon,CDX2 IP | 125DVD3,,,
125DVD3,ELOVL6,colon,"CDX2 IP | 125DVD3, CEBPB IP | 125DVD3",,,
RELA,ELOVL6,leukocytes,"RELA IP | TNF - GM12891 cells, RELA IP | TNF - GM19193 cells, RELA IP - IVD Th1 cells, PIA, RELA IP | TNF - GM19099 cells",,,
TNF,ELOVL6,leukocytes,"RELA IP | TNF - GM12891 cells, RELA IP | TNF - GM19193 cells",,,
YY1,ELOVL6,leukocytes,"YY1 IP - GM12891 cells, YY1 IP - K562 cells, Rep 2, YY1 IP - K562 cells, Rep 1, YY1 IP - GM12878 cells, YY1 IP - GM12892 cells, Rep 1",,,
TEAD4,ELOVL6,stemcells,TEAD4 IP - H1 cells,,,
HEY1,ELOVL6,leukocytes,HEY1 IP - K562 cells,,,
FOS,ELOVL6,mammarygland,"FOS IP - MCF10A cells, FOS IP | 4HT - MCF10A cells, 36 h, FOS IP | 4HT - MCF10A cells, 12 h, FOS IP | 4HT - MCF10A cells, 4 h",,,
CEBPB,ELOVL6,bone,"CEBPB IP, CEBPB IP",,,
STAT1,ELOVL6,leukocytes,STAT1 IP - Rep 3,,,
IFNG,ELOVL6,leukocytes,"STAT1 IP - Rep 3, IRF1 IP | IFNG - K562 cells, 30 min, IRF1 IP | IFNG - K562 cells, 6 h, MYC IP | IFNG - K562 cells, 6 h, MYC IP | IFNG - K562 cells, 30 min, JUN IP | IFNG - K562 cells, 30 min",,,
TP63,ELOVL6,skin,"TP63 IP, TP63 IP | BANF1 KD, TP63 IP, TP63 IP",,,
POU2F2,ELOVL6,leukocytes,"POU2F2 IP - Rep 2, POU2F2 IP - GM12878 cells",,,
PBX3,ELOVL6,cns,PBX3 IP - SK-N-SH cells,,,
HEY1,ELOVL6,liver,HEY1 IP - HepG2 cells,,,
FOXA1,ELOVL6,pancreas,"FOXA1 IP, FOXA1 IP | KLF5 KO, FOXA1 IP",,,
CREB1,ELOVL6,liver,"CREB1 IP - HepG2 cells, CREB1 IP",,,
CEBPB,ELOVL6,lung,"CEBPB ChIP-Seq - A549, CEBPB ChIP-Seq - IMR90, CEBPB IP - A549 cells",,,
USF1,ELOVL6,uterus,USF1 IP - ECC1 cells,,,
MXI1,ELOVL6,lung,MXI1 IP - IMR cells,,,
CEBPB,ELOVL6,liver,"CEBPB IP | FORSK - HepG2 cells, CEBPB ChIP-Seq - HepG2, CEBPB IP - HepG2 cells",,,
FORSK,ELOVL6,liver,CEBPB IP | FORSK - HepG2 cells,,,
JUND,ELOVL6,cns,JUND IP - SK-N-SH cells,,,
CEBPB,ELOVL6,colon,"CEBPB IP, CEBPB IP | 125DVD3, CEBPB IP - HCT116 cells",,,
NFYB,ELOVL6,uterus,NFYB IP - HeLa cells,,,
MXI1,ELOVL6,cns,MXI1 IP - SK-N-SH cells ,,,
MYC,ELOVL6,liver,MYC IP,,,
USF1,ELOVL6,lung,"USF1 IP | DEX - A549 cells, USF1 IP - A549 cells, Rep 1, USF1 IP - A549 cells, Rep 2",,,
DEX,ELOVL6,lung,"USF1 IP | DEX - A549 cells, FOXA1 IP | DEX - A549 cells",,,
IRF1,ELOVL6,leukocytes,"IRF1 IP | IFNG - K562 cells, 30 min, IRF1 IP | IFNG - K562 cells, 6 h, IRF1 IP | IFNA1-13 - K562 cells, 6 h",,,
STAT3,ELOVL6,leukocytes,STAT3 IP - OCI-LY7,,,
ERG,ELOVL6,prostate,"ERG ChIP-Seq, DHT | ERG ChIP-Seq - 18 h, DHT | ERG ChIP-Seq - 2 h, DMSO | ERG ChIP-Seq - Rep 2, DMSO | ERG ChIP-Seq - Rep 1",,,
IFNA1,ELOVL6,leukocytes,"JUN IP | IFNA1-13 - 30 min , IRF1 IP | IFNA1-13 - K562 cells, 6 h, STAT2 IP | IFNA1-13 - K562 cells, 30 min, MYC IP | IFNA1 - K562 cells, 30 min, JUN IP | IFNA1-13 - K562 cells, 6 h, MYC IP | IFNA1 - K562 cells, 6 h",,,
MAX,ELOVL6,uterus,"MAX IP - HeLa cells, Rep 1, MAX IP - ECC1 cells, MAX IP - HeLa cells, Rep 2",,,
ELF1,ELOVL6,liver,ELF1 IP - HepG2 cells,,,
GABPA,ELOVL6,prostate,"GABPA IP | R1881, GABPA IP - Rep 1, GABPA IP - Rep 2",,,
HES6,ELOVL6,prostate,"HES6 OE | E2F1 ChIP-Seq - Rep 1, HES6 OE + BICALU | E2F1 ChIP-Seq - Rep 3",,,
BHLHE40,ELOVL6,leukocytes,"BHLHE40 IP - K562 cells, BHLHE40 IP - GM12878 cells",,,
E2F1,ELOVL6,mammarygland,"E2F1 IP - MCF7 cells, E2F1 IP",,,
DHT,ELOVL6,prostate,"DHT | ERG ChIP-Seq - 18 h, DHT | ERG ChIP-Seq - 2 h, DHT | FOXA1 ChIP-Seq",,,
NFYB,ELOVL6,leukocytes,"NFYB IP - GM12878 cells, NFYB IP - K562 cells",,,
MYC,ELOVL6,leukocytes,"MYC IP - K562 cells, Rep 2, MYC IP | IFNG - K562 cells, 6 h, MYC IP | IFNG - K562 cells, 30 min, MYC IP | IFNA1 - K562 cells, 30 min, MYC IP - NB4 cells, MYC IP | IFNA1 - K562 cells, 6 h, MYC IP - K562 cells, Rep 1",,,
E2F6,ELOVL6,leukocytes,"E2F6 IP - K562 cells, E2F6 IP - K562 cells",,,
MAX,ELOVL6,stemcells,"MAX IP - H1 cells, MAX IP - H1 cells",,,
FOXA1,ELOVL6,lung,"FOXA1 IP | DEX - A549 cells, FOXA1 IP - A549 cells",,,
USF1,ELOVL6,colon,USF1 IP - HCT116 cells,,,
REST,ELOVL6,cns,"REST IP - SK cells, REST IP - PFSK-N-SH cells1 cells, Rep 1",,,
E2F6,ELOVL6,stemcells,E2F6 IP - H1 cells,,,
YY1,ELOVL6,cns,"YY1 IP | ATRA - SK-N-SH cells, YY1 IP - SK-N-SH cells",,,
ATRA,ELOVL6,cns,"YY1 IP | ATRA - SK-N-SH cells, USF1 IP | ATRA - SK-N-SH cells",,,
NFKB2,ELOVL6,leukocytes,"NFKB2 IP - Rep 1, NFKB2 IP - Rep 2",,,
ZBTB7A,ELOVL6,leukocytes,ZBTB7A IP - SK-N-SH cells,,,
JUND,ELOVL6,leukocytes,JUND IP - K562 cells,,,
TBP,ELOVL6,liver,TBP IP - HepG2 cells,,,
EBF1,ELOVL6,leukocytes,"EBF1 IP - GM12878 cells, EBF1 IP - GM12878 cells",,,
ATF2,ELOVL6,leukocytes,ATF2 IP - GM12878 cells,,,
MYC,ELOVL6,uterus,MYC IP - HeLa cells,,,
STAT2,ELOVL6,leukocytes,"STAT2 IP | IFNA1-13 - K562 cells, 30 min",,,
YY1,ELOVL6,uterus,YY1 IP - ECC1 cells,,,
FOXA1,ELOVL6,mammarygland,"17BE2 | FOXA1 ChIP-Seq, DHT | FOXA1 ChIP-Seq, FOXA1 IP - T47D cells, DEX | FOXA1 ChIP-Seq - Rep 1, FOXA1 ChIP-Seq - Rep 1",,,
17BE2,ELOVL6,mammarygland,17BE2 | FOXA1 ChIP-Seq,,,
MAX,ELOVL6,lung,MAX IP - A549 cells,,,
MEF2A,ELOVL6,leukocytes,"MEF2A IP - K562 cells, MEF2A IP - GM12878 cells",,,
BACH1,ELOVL6,stemcells,BACH1 IP - H1 cells,,,
RUNX1T1,ELOVL6,leukocytes,RUNX1T1 IP,,,
MXI1,ELOVL6,leukocytes,MXI1 IP - GM12878 cells,,,
OTX2,ELOVL6,stemcells,OTX2 IP - Rep 10 ,,,
REST,ELOVL6,stemcells,"REST IP - H1 cells, Rep 2, REST IP - H1 cells, Rep 1",,,
MAFK,ELOVL6,lung,MAFK IP - IMR cells,,,
GATA3,ELOVL6,cns,GATA3 IP - SK-N-SH cells,,,
ARID3A,ELOVL6,leukocytes,ARID3A IP - K562 cells,,,
MAZ,ELOVL6,liver,MAZ IP - HepG2 cells,,,
ZNF263,ELOVL6,kidney,ZNF263 IP - HEK293 cells,,,
DHT,ELOVL6,mammarygland,"DHT | FOXA1 ChIP-Seq, DHT | MYC ChIP-Seq",,,
MAX,ELOVL6,liver,"MAX IP - MCF7 cells, MAX IP - HepG2 cells",,,
FOS,ELOVL6,leukocytes,"FOS IP - GM12878 cells, FOS IP - K562 cells",,,
ETS1,ELOVL6,leukocytes,"ETS1 IP - K562 cells, ETS1 IP - GM12878 cells, ETS1 IP",,,
STAT5A,ELOVL6,leukocytes,"STAT5A IP - K562 cells, STAT5A IP - GM12878 cells",,,
TCF12,ELOVL6,stemcells,TCF12 IP - H1 cells,,,
ELF1,ELOVL6,colon,ELF1 IP - HCT116 cells,,,
USF1,ELOVL6,cns,"USF1 IP - SK-N-SH cells, USF1 IP | ATRA - SK-N-SH cells",,,
ELF3,ELOVL6,pancreas,"ELF3 IP, ELF3 IP, ELF3 IP | KLF5 KO",,,
CREB1,ELOVL6,stemcells,CREB1 IP - H1 cells,,,
NFYA,ELOVL6,leukocytes,NFYA IP - K562 cells,,,
GATA2,ELOVL6,prostate,"FOXA1 KD |Â GATA2 ChIP-Seq, CON KD |Â GATA2 ChIP-Seq",,,
FOXP2,ELOVL6,cns,FOXP2 IP - PFSK-1 cells,,,
CREB1,ELOVL6,leukocytes,"CREB1 IP - GM12878 cells, CREB1 IP - K562 cells",,,
MYBL2,ELOVL6,liver,MYBL2 IP - HepG2 cells,,,
PIAS1,ELOVL6,prostate,"PIAS1 + R1881 | FOXA1 ChIP-Seq - Rep 2, PIAS1 + R1881 | FOXA1 ChIP-Seq - Rep 1",,,
EGR1,ELOVL6,colon,EGR1 IP - HCT116 cells,,,
ATF2,ELOVL6,stemcells,ATF2 IP - H1 cells,,,
AR,ELOVL6,prostate,"WT AR OE + FOXA1 OE | FOXA1 ChIP-Seq, WT AR OE + FOXA1 OE | FOXA1 ChIP-Seq - high FOXA1, AR C562S OE + FOXA1 OE | FOXA1 ChIP-Seq, AR Q640X OE + FOXA1 OE | FOXA1 ChIP-Seq",,,
GATA1,ELOVL6,hspcs,"GATA1 IP - PBDE cells, Rep 1",,,
USF2,ELOVL6,leukocytes,USF2 IP - GM12878 cells,,,
IKZF1,ELOVL6,leukocytes,IKZF1 IP - GM12878 cells,,,
FOXA1,ELOVL6,liver,"FOXA1 IP - HepG2 cells, Rep 1, FOXA1 IP - HepG2 cells, Rep 2",,,
YY1,ELOVL6,stemcells,YY1 IP - H1 cells,,,
RUNX1,ELOVL6,leukocytes,SPI1 IP | RUNX1 KD,,,
MAZ,ELOVL6,leukocytes,"MAZ IP - K562 cells, MAZ IP - GM12878 cells",,,
ELF1,ELOVL6,cns,ELF1 IP - SK-N-SH cells,,,
FOXA2,ELOVL6,embryonictissue,"FOXA2 IP - Rep 2, FOXA2 IP - Rep 1",,,
JUND,ELOVL6,liver,JUND IP - HepG2 cells,,,
GATA2,ELOVL6,cns,GATA2 ChIP-Seq SH-SY5Y,,,
ZNF143,ELOVL6,leukocytes,"ZNF143 IP - GM12878 cells, ZNF143 IP - K562 cells",,,
HMGN3,ELOVL6,leukocytes,HMGN3 IP - K562 cells,,,
GTF2B,ELOVL6,leukocytes,GTF2B IP - K562 cells,,,
CEBPB,ELOVL6,uterus,CEBPB ChIP-Seq - HeLaS3,,,
ATF1,ELOVL6,leukocytes,ATF1 IP - K562 cells,,,
NFKB1,ELOVL6,leukocytes,"NFKB1 IP - Rep 2, NFKB1 IP - Rep 1",,,
ZBTB7A,ELOVL6,liver,ZBTB7A IP - HepG2 cells,,,
GATA2,ELOVL6,leukocytes,"GATA2 IP - K562 cells, GATA2 IP - K562 cells",,,
KLF5,ELOVL6,pancreas,"FOXA1 IP | KLF5 KO, ELF3 IP | KLF5 KO",,,
JUND,ELOVL6,colon,JUND IP - HCT116 cells,,,
SREBF1,ELOVL6,liver,"SREBF1 IP | PRAV - HepG2 cells, SREBF1 IP | INS + 22RHC - HepG2 cells",,18226595,
USF1,ELOVL6,stemcells,USF1 IP - H1 cells,,,
EGR1,ELOVL6,stemcells,EGR1 IP - H1 cells,,,
E2F1,ELOVL6,uterus,"E2F1 IP - HeLa cells, Rep 2, E2F1 IP - HeLa cells, Rep 1",,,
4HT,ELOVL6,mammarygland,"FOS IP | 4HT - MCF10A cells, 36 h, FOS IP | 4HT - MCF10A cells, 12 h, FOS IP | 4HT - MCF10A cells, 4 h, MYC IP | 4HT - MCF10A cells",,,
GATA3,ELOVL6,lung,GATA3 IP - A549 cells,,,
USF1,ELOVL6,leukocytes,USF1 IP - K562 cells,,,
GATA4,ELOVL6,stomach,GATA4 IP - AGS,,,
BANF1,ELOVL6,skin,TP63 IP | BANF1 KD,,,
ATF3,ELOVL6,colon,ATF3 IP | CAMPTO,,,
CTCF,ELOVL6,colon,CTCF IP - HCT116 cells,,,
REST,ELOVL6,liver,"REST IP - HepG2 cells, Rep 1, REST IP - HepG2 cells, Rep 2",,,
SP1,ELOVL6,liver,SP1 IP - HepG2 cells,,,
BICALU,ELOVL6,prostate,"HES6 OE + BICALU | E2F1 ChIP-Seq - Rep 3, BICALU | E2F1 ChIP-Seq - Rep 1",,,
TP53,ELOVL6,mammarygland,TP53 IP,,,
KLF11,ELOVL6,adiposetissue,"ROSI (BrAT) | KLF11 ChIP-Seq, Rep 1, KLF11 ChIP-Seq, Rep 2, ROSI (BrAT) | KLF11 ChIP-Seq, Rep 2",,,
ROSI,ELOVL6,adiposetissue,"ROSI (BrAT) | KLF11 ChIP-Seq, Rep 1, ROSI (BrAT) | KLF11 ChIP-Seq, Rep 2",,,
TEAD4,ELOVL6,colon,TEAD4 IP - HCT116 cells,,,
MAX,ELOVL6,cns,MAX IP - SK-N-SH cells,,,
GABPA,ELOVL6,liver,GABPA IP - HepG2 cells,,,
TCF12,ELOVL6,liver,TCF12 IP - HepG2 cells,,,
FOSL1,ELOVL6,colon,FOSL1 IP - HCT116 cells,,,
CEBPB,ELOVL6,mammarygland,CEBPB IP - MCF7 cells,,,
FOXA2,ELOVL6,liver,FOXA2 IP - HepG2 cells,19822575,,
FOSL2,ELOVL6,liver,FOSL2 IP - HepG2 cells,,,
TCF12,ELOVL6,lung,TCF12 IP - A549 cells,,,
SP1,ELOVL6,stemcells,SP1 IP - H1 cells,,,
YY1,ELOVL6,lung,YY1 IP - A549 cells,,,
FOXM1,ELOVL6,leukocytes,FOXM1 IP - GM12878 cells,,,
MTA3,ELOVL6,leukocytes,MTA3 IP - GM12878 cells,,,
DEX,ELOVL6,mammarygland,DEX | FOXA1 ChIP-Seq - Rep 1,,,
TBP,ELOVL6,uterus,TBP IP - HeLa cells,,,
MYC,ELOVL6,bone,MYC IP,,,
GABPA,ELOVL6,cns,GABPA IP - SK-N-SH cells,,,
22RHC; INS,ELOVL6,liver,SREBF1 IP | INS + 22RHC - HepG2 cells,,,
MXI1,ELOVL6,liver,MXI1 IP - HepG2 cells,,,
FOXA2,ELOVL6,lung,FOXA2 IP - A549 cells,,,
SP1,ELOVL6,colon,SP1 IP - HCT116 cells,,,
SP1,ELOVL6,lung,SP1 IP - A549 cells,,,
FOSL1,ELOVL6,stemcells,FOSL1 IP - H1 cells,,,
ERG,ELOVL6,leukocytes,ERG IP - Rep 1,,,
ARID3A,ELOVL6,liver,ARID3A IP - HepG2 cells,,,
YY1,ELOVL6,liver,YY1 IP - HepG2 cells,,,
ZNF143,ELOVL6,uterus,ZNF143 IP - HeLa cells,,,
ELF1,ELOVL6,mammarygland,ELF1 IP - MCF7 cells,,,
GTF2B,ELOVL6,uterus,GTF2B IP - Rep 2,,,
TCF12,ELOVL6,cns,TCF12 IP - SK-N-SH cells,,,
ZNF143,ELOVL6,stemcells,ZNF143 IP - H1 cells,,,
REST,ELOVL6,leukocytes,REST IP - K562 cells,,,
ARNTL,ELOVL7,bone,ARNTL IP,,,
CTCF,ELOVL7,cns,"CTCF IP - HCPEpiC cells, Rep 1 , CTCF IP - BE(2)-C cells, Rep 2 , CTCF IP - SK-N-SH cells , CTCF IP - SK-N-SH cells, Rep 2 , CTCF IP - SK cells, CTCF IP - spinal cord astrocyte cells, Rep 1 , CTCF IP - SK-N-SH cells, Rep 1 , CTCF IP - spinal cord astrocyte cells, Rep 2 , CTCF IP - BE(2)-C cells, Rep 1 ",,,
HMGN3,ELOVL7,leukocytes,HMGN3 IP - K562 cells,,,
YY1,ELOVL7,liver,YY1 IP - HepG2 cells,,,
CTCF,ELOVL7,leukocytes,"CTCF IP - KU812 cells, Rep 13 , CTCF IP - GM12890 cells, Rep 1 , CTCF IP - UT-7 cells, Rep 3 , CTCF IP - KU812 cells, Rep 17 , CTCF IP - GM18486 cells, Rep 3 , CTCF IP - K562 cells, Rep 11 , CTCF IP - GM2255 cells, Rep 2 , CTCF IP - MS1 cells, Rep 3 , CTCF IP - GM2588 cells, Rep 1 , CTCF IP - F36P cells, Rep 15 , CTCF IP - K562 cells, Rep 1 , CTCF IP - GM2630 cells, Rep 2 , CTCF IP - GM12865 cells, Rep 2 , CTCF IP - GM11994 cells, Rep 1, CTCF IP - GM18951 cells, Rep 2 , CTCF IP - F36P cells, Rep 5 , CTCF IP - GM12864 cells, Rep 1 , CTCF IP - GM12869 cells , CTCF IP - F36P cells, Rep 6 , CTCF IP - GM12875 cells, Rep 1 , CTCF IP - GM2588 cells, Rep 2 , CTCF IP - F36P cells, Rep 9 , CTCF IP - MS1 cells, Rep 4 , CTCF IP - GM12891 cells, Rep 1 , CTCF IP - GM10847 cells, Rep 1 , CTCF IP - UT-7 cells, Rep 1 , CTCF IP - GM2255 cells, Rep 3 , CTCF IP - GM12868 cells , CTCF IP - GM12865 cells, Rep 1 , CTCF IP - GM19238 cells, Rep 2 , CTCF IP - KU812 cells, Rep 1 , CTCF IP - GM12873 cells, Rep 1 , CTCF IP - F36P cells, Rep 3 , CTCF IP - KU812 cells, Rep 9 , CTCF IP - GM19193 cells, Rep 1 , CTCF IP - GM12874 cells, Rep 2 , CTCF IP - F36P cells, Rep 1 , CTCF IP - GM19193 cells, Rep 2 , CTCF IP - GM12878 cells , CTCF IP - GM12866 cells , CTCF IP - GM18526 cells, Rep 1 , CTCF IP - K562 cells, Rep 14 , CTCF IP - GM11881 cells, CTCF IP - GM11894 cells, Rep 2, CTCF IP - F36P cells, Rep 11 , CTCF IP - GM06986 cells, CTCF IP - K562 cells, Rep 16 , CTCF IP - F36P cells, Rep 7 , CTCF IP - GM12892 cells, Rep 2 , CTCF IP - GM12873 cells, Rep 1 , CTCF IP - GM10847 cells, Rep 2 , CTCF IP - GM19099 cells, Rep 2 , CTCF IP - GM19099 cells, Rep 1 , CTCF IP - KU812 cells, Rep 5 , CTCF IP - GM2255 cells, Rep 1 , CTCF IP - GM12872 cells, Rep 3 , CTCF IP - GM12870 cells , CTCF IP - F36P cells, Rep 17 , CTCF IP - GM12867 cells , CTCF IP - GM12890 cells, Rep 2 , CTCF IP - GM12828 cells, CTCF IP - GM12864 cells, Rep 2 , CTCF IP - K562 cells, CTCF IP - F36P cells, Rep 19 , CTCF IP - GM19239 cells, Rep 1 , CTCF IP - GM12005 cells, Rep 2, CTCF IP - GM12878 cells, Rep 1 , CTCF IP - GM12875 cells, Rep 2 , CTCF ChIP-Seq - GM12878, CTCF IP - K562 cells, Rep 15 , CTCF IP - HeLa cells, Rep 2 , CTCF IP - GM2610 cells, Rep 2 , CTCF IP - GM12878 cells, Rep 2 , CTCF IP - GM19238 cells, Rep 1 , CTCF IP - GM19240 cells, Rep 2 , CTCF IP - GM18486 cells, Rep 2 , CTCF IP - GM12871 cells , CTCF IP - GM2588 cells, Rep 3 , CTCF IP - K562 cells, Rep 12 , CTCF IP - GM12872 cells, Rep 1 , CTCF IP - GM18526 cells, Rep 2 , CTCF IP - GM18505 cells, Rep 2 , CTCF IP - GM12878 cells, Rep 2 , CTCF IP - GM18486 cells, Rep 1 , CTCF IP - K562 cells , CTCF IP - F36P cells, Rep 2 , CTCF IP - MS1 cells, Rep 1 , CTCF IP - F36P cells, Rep 14 , CTCF IP - GM18951 cells, Rep 1 , CTCF IP - GM12892 cells, Rep 1 , CTCF IP - GM2610 cells, Rep 1 , CTCF IP - GM11994 cells, Rep 2, CTCF IP - K562 cells, CTCF IP - GM07346 cells, CTCF IP - MS1 cells, Rep 2 , CTCF IP - GM2630 cells, Rep 3 , CTCF IP - K562 cells, CTCF IP - F36P cells, Rep 10 , CTCF IP - GM12154 cells, Rep 2, CTCF IP - GM12890 cells, Rep 3 , CTCF IP - UT-7 cells, Rep 5 , CTCF IP - GM11831 cells, CTCF IP - GM18505 cells, Rep 1 , CTCF IP, CTCF IP - GM19239 cells, Rep 2 , CTCF IP - GM12891 cells, Rep 2 , CTCF IP - GM2610 cells, Rep 3 , CTCF IP - GM12874 cells, Rep 1 , CTCF IP - GM2630 cells, Rep 1 , CTCF IP - K562 cells, Rep 13 , CTCF IP - GM19240 cells, Rep 1 ",,,
JUND,ELOVL7,leukocytes,JUND IP - K562 cells,,,
SRF,ELOVL7,colon,SRF IP - HCT116 cells,,,
GATA2,ELOVL7,prostate,"FOXA1 + FBS |Â GATA2 ChIP-Seq, CON KD |Â GATA2 ChIP-Seq, GATA2 ChIP-Seq - Rep 1, GATA2 KD + R1881 |Â GATA2 ChIP-Seq, CON KD + R1881 |Â GATA2 ChIP-Seq, GATA2 KD  |Â FOXA1 ChIP-Seq, CON KD  |Â GATA2 ChIP-Seq, CON KD + FBS |Â GATA2 ChIP-Seq, GATA2 KD + R1881 |Â FOXA1 ChIP-Seq, GATA2 ChIP-Seq - Rep 2, FOXA1 KD |Â GATA2 ChIP-Seq, GATA2 ChIP-Seq",,,
FOXA1,ELOVL7,prostate,"FOXA1 + FBS |Â GATA2 ChIP-Seq, CON KD + R1881 | FOXA1 ChIP-Seq - Rep 2, FOXA1 KD | FOXA1 ChIP-Seq, FOXA1 siRNA | CREB1 ChIP-Seq - Rep 1, FOXA1 ChIP-Seq - LNCaP-abl, FOXA1 ChIP-Seq, DHT | FOXA1 ChIP-Seq, DHT | FOXA1 ChIP-Seq - C4- Rep 2B, FOXA1 ChIP-Seq, DHT | FOXA1 ChIP-Seq, FOXA1 KD | FOXA1 ChIP-Seq - Rep 1, PIAS1 + R1881 | FOXA1 ChIP-Seq - Rep 2, FOXA1 ChIP-Seq - Rep 1, CREB1 siRNA | FOXA1 ChIP-Seq - Rep 2, FOXA1 ChIP-Seq, PIAS1 + R1881 | FOXA1 ChIP-Seq - Rep 1, WT AR OE + FOXA1 OE | FOXA1 ChIP-Seq - high FOXA1, CON KD | FOXA1 ChIP-Seq, EtOH | FOXA1 ChIP-Seq - Rep 2, FOXA1 KD | FOXA1 ChIP-Seq - Rep 2, AR C562S OE + FOXA1 OE | FOXA1 ChIP-Seq, CON KD + R1881 |Â FOXA1 ChIP-Seq, FOXA1 ChIP-Seq, R1881 | FOXA1 ChIP-Seq - Rep 1, FOXA1 siRNA | CREB1 ChIP-Seq - Rep 2, FOXA1 ChIP-Seq - VCaP, FOXA1 ChIP-Seq, FOXA1 ChIP-Seq - LNCaP, FOXA1 ChIP-Seq - Rep 1, GATA2 KD  |Â FOXA1 ChIP-Seq, DHT | FOXA1 ChIP-Seq, CON KD | FOXA1 ChIP-Seq, FOXA1 ChIP-Seq - C4- Rep 2B, POU2F1 KD + DHT | FOXA1 ChIP-Seq, CON KD  |Â FOXA1 ChIP-Seq, FOXA1 ChIP-Seq, CON KD + R1881 | FOXA1 ChIP-Seq - Rep 1, WT AR OE + FOXA1 OE | FOXA1 ChIP-Seq, DHT | FOXA1 ChIP-Seq, FOXA1 ChIP-Seq - Rep 2, EtOH | FOXA1 ChIP-Seq - , FOXA1 ChIP-Seq - Rep 2, CREB1 siRNA | FOXA1 ChIP-Seq - Rep 1, GATA2 KD + R1881 |Â FOXA1 ChIP-Seq, DHT | FOXA1 ChIP-Seq, R1881 | FOXA1 ChIP-Seq - Rep 2, AR Q640X OE + FOXA1 OE | FOXA1 ChIP-Seq, FOXA1 KD |Â GATA2 ChIP-Seq, CON KD |Â FOXA1 ChIP-Seq, FOXA1 KD | FOXA1 ChIP-Seq",,,
JUND,ELOVL7,stemcells,"JUND IP - H1 cells, JUND IP - H1 cells",,,
R1881,ELOVL7,prostate,"CON KD + R1881 | FOXA1 ChIP-Seq - Rep 2, ERG IP | R1881, PIAS1 + R1881 | FOXA1 ChIP-Seq - Rep 2, PIAS1 + R1881 | FOXA1 ChIP-Seq - Rep 1, GABPA IP | R1881, GATA2 KD + R1881 |Â GATA2 ChIP-Seq, CON KD + R1881 |Â FOXA1 ChIP-Seq, R1881 | FOXA1 ChIP-Seq - Rep 1, CON KD + R1881 |Â GATA2 ChIP-Seq, CON KD + R1881 | FOXA1 ChIP-Seq - Rep 1, GATA2 KD + R1881 |Â FOXA1 ChIP-Seq, R1881 | FOXA1 ChIP-Seq - Rep 2",,,
ELF1,ELOVL7,leukocytes,ELF1 IP - SK-N-SH cells,,,
USF1,ELOVL7,cns,USF1 IP | ATRA - SK-N-SH cells,,,
ATRA,ELOVL7,cns,USF1 IP | ATRA - SK-N-SH cells,,,
MAX,ELOVL7,uterus,"MAX IP - ECC1 cells, MAX IP - HeLa cells, Rep 1, MAX IP - HeLa cells, Rep 2",,,
CTCF,ELOVL7,lung,"CTCF IP - NHLF cells , CTCF IP - SAEC cells, Rep 1 , CTCF IP | DEX - A549 cells , CTCF IP - A549 cells , CTCF IP - SAEC cells, Rep 2 , CTCF IP - HPF cells, Rep 1 , CTCF IP - AG04450 cells, Rep 1 , CTCF IP - IMR cells, CTCF IP - AG04450 cells, Rep 2 , CTCF IP - HPF cells, Rep 2 , CTCF ChIP-Seq - A549, CTCF IP - A549 cells, CTCF IP - A549 cells, Rep 2 , CTCF IP | DEX - A549 cells, CTCF IP - NHLF cells ",,,
USF1,ELOVL7,stemcells,USF1 IP - H1 cells,,,
USF2,ELOVL7,stemcells,USF2 IP - H1 cells,,,
FOSL2,ELOVL7,lung,FOSL2 IP - A549 cells,,,
FOSL2,ELOVL7,liver,FOSL2 IP - HepG2 cells,,,
CTCF,ELOVL7,liver,"CTCF IP, CTCF IP - SK-N-SH cells, CTCF IP - HepG2 cells, Rep 2 , CTCF IP - HepG2 cells, Rep 1 ",,,
JUND,ELOVL7,uterus,JUND IP - HeLa cells,,,
ERG,ELOVL7,prostate,"ERG IP - Rep 1, ERG IP | R1881, ERG ChIP-Seq, JQI | ERG ChIP-Seq - Rep 1, DMSO | ERG ChIP-Seq - Rep 2, ERG ChIP-Seq, DHT | ERG ChIP-Seq - 18 h, DHT | ERG ChIP-Seq - 2 h, DMSO | ERG ChIP-Seq - Rep 1",,,
CTCF,ELOVL7,sensory,"CTCF IP - WERI-Rb-1- cells, Rep 1 , CTCF IP - HRPEpiC cells, Rep 1 , CTCF IP - HRPEpiC cells, Rep 2 , CTCF IP - WERI ",,,
CTCF,ELOVL7,hspcs,"CTCF IP - Erythroid cells, Rep 1, CTCF IP - HEL 92.1.7 cells, Rep 11 , CTCF IP - HSPCs, Rep 1, CTCF IP - HEL 92.1.7 cells, Rep 14 , CTCF IP - HEL 92.1.7 cells, Rep 8 , CTCF IP - HEL 92.1.7 cells, Rep 5 , CTCF IP - Erythroid cells, Rep 2, CTCF IP - HSPCs, Rep 2, CTCF IP - HEL 92.1.7 cells, Rep 2 ",,,
GATA3,ELOVL7,mammarygland,"GATA3 IP - MCF7 cells, GATA3 IP - T47D cells",,,
FOS,ELOVL7,mammarygland,"FOS IP - MCF10A cells, FOS IP | 4HT - MCF10A cells, 12 h, FOS IP | 4HT - MCF10A cells, 4 h, FOS IP | 4HT - MCF10A cells, 36 h",,,
CREB1,ELOVL7,prostate,"FOXA1 siRNA | CREB1 ChIP-Seq - Rep 1, CREB1 ChIP-Seq - LNCaP, CREB1 ChIP-Seq - LNCaP-abl, CREB1 siRNA | FOXA1 ChIP-Seq - Rep 2, CREB1 ChIP-Seq - Rep 2, FOXA1 siRNA | CREB1 ChIP-Seq - Rep 2, CREB1 ChIP-Seq - Rep 1, CREB1 siRNA | FOXA1 ChIP-Seq - Rep 1",,,
CTCF,ELOVL7,stemcells,"CTCF IP - Rep 5 , CTCF IP - H1 cells, CTCF IP - Rep 7 , CTCF IP - H1 cells , CTCF IP - Rep 4 , CTCF IP - Rep 6 ",,,
E2F1,ELOVL7,prostate,"E2F1 ChIP-Seq - Rep 1, HES6 OE + BICALU | E2F1 ChIP-Seq - Rep 3, HES6 OE | E2F1 ChIP-Seq - Rep 4, BICALU | E2F1 ChIP-Seq - Rep 1, BICALU | E2F1 ChIP-Seq - Rep 2, BICALU + HES6OE | E2F1 ChIP-Seq - Rep 4, BICALU | E2F1 ChIP-Seq - Rep 3, HES6 OE | E2F1 ChIP-Seq - Rep 3, E2F1 ChIP-Seq - Rep 2, E2F1 ChIP-Seq - Rep 3, HES6 OE + BICALU | E2F1 ChIP-Seq - Rep 1, HES6 OE | E2F1 ChIP-Seq - Rep 1, E2F1 ChIP-Seq - Rep 4, BICALU + HES6 OE | E2F1 ChIP-Seq - Rep 2",,,
CREB1,ELOVL7,liver,"CREB1 IP, CREB1 IP, CREB1 IP - HepG2 cells",,,
MAX,ELOVL7,leukocytes,"MAX IP - K562 cells, Rep 2, MAX IP - K562 cells",,,
ZNF143,ELOVL7,leukocytes,ZNF143 IP - GM12878 cells,,,
E2F6,ELOVL7,leukocytes,"E2F6 IP - K562 cells, E2F6 IP - K562 cells",,,
CEBPB,ELOVL7,stemcells,"CEBPB IP, CEBPB IP - H1 cells, CEBPB IP, CEBPB IP, CEBPB IP",,,
ZNF263,ELOVL7,kidney,ZNF263 IP - HEK293 cells,,,
HEY1,ELOVL7,leukocytes,HEY1 IP - K562 cells,,,
FOXA1,ELOVL7,mammarygland,"DEX | FOXA1 ChIP-Seq - Rep 1, 17BE2 | FOXA1 ChIP-Seq, FOXA1 ChIP-Seq - Rep 2, TNF | FOXA1 ChIP-Seq - Rep 1, 17BE2 | FOXA1 ChIP-Seq - Rep 1, DHT | FOXA1 ChIP-Seq, DEX | FOXA1 ChIP-Seq - Rep 2, 17BE2 | FOXA1 ChIP-Seq - Rep 2, FOXA1 IP - T47D cells, FOXA1 ChIP-Seq - Rep 1",,,
DEX,ELOVL7,mammarygland,"DEX | FOXA1 ChIP-Seq - Rep 1, DEX | FOXA1 ChIP-Seq - Rep 2",,,
MAX,ELOVL7,liver,"MAX IP - MCF7 cells, MAX IP - HepG2 cells",,,
USF1,ELOVL7,leukocytes,"USF1 IP - GM12878 cells, USF1 IP - K562 cells",,,
BICALU,ELOVL7,prostate,"HES6 OE + BICALU | E2F1 ChIP-Seq - Rep 3, BICALU | E2F1 ChIP-Seq - Rep 1, BICALU | E2F1 ChIP-Seq - Rep 2, BICALU + HES6OE | E2F1 ChIP-Seq - Rep 4, BICALU | E2F1 ChIP-Seq - Rep 3, HES6 OE + BICALU | E2F1 ChIP-Seq - Rep 1, BICALU + HES6 OE | E2F1 ChIP-Seq - Rep 2",,,
HES6,ELOVL7,prostate,"HES6 OE + BICALU | E2F1 ChIP-Seq - Rep 3, HES6 OE | E2F1 ChIP-Seq - Rep 4, BICALU + HES6OE | E2F1 ChIP-Seq - Rep 4, HES6 OE | E2F1 ChIP-Seq - Rep 3, HES6 OE + BICALU | E2F1 ChIP-Seq - Rep 1, HES6 OE | E2F1 ChIP-Seq - Rep 1, BICALU + HES6 OE | E2F1 ChIP-Seq - Rep 2",,,
CTCF,ELOVL7,skin,"CTCF IP - NHDF cells, Rep 2 , CTCF IP - HFFC cells, Rep 3 , CTCF IP - GM12878 cells, Rep 2 , CTCF IP - HFFC cells, Rep 1 , CTCF IP - AG04449 cells, Rep 1 , CTCF IP - AG04449 cells, Rep 2 , CTCF IP - BJ cells, Rep 1 , CTCF IP - BJ cells, Rep 2 ",,,
STAT3,ELOVL7,leukocytes,STAT3 IP - SU-DHL-6,,,
EGR1,ELOVL7,colon,EGR1 IP - HCT116 cells,,,
JUND,ELOVL7,vasculature,JUND IP,,,
17BE2,ELOVL7,mammarygland,"17BE2 | FOXA1 ChIP-Seq, 17BE2 | FOXA1 ChIP-Seq - Rep 1, 17BE2 | FOXA1 ChIP-Seq - Rep 2",,,
TCF12,ELOVL7,uterus,TCF12 IP - ECC1 cells,,,
GATA6,ELOVL7,stemcells,"GATA6 IP - Rep 5 , GATA6 IP - Rep 1 , GATA6 IP - Rep 7 ",,,
DHT,ELOVL7,prostate,"DHT | FOXA1 ChIP-Seq, DHT | FOXA1 ChIP-Seq - C4- Rep 2B, DHT | FOXA1 ChIP-Seq, DHT | FOXA1 ChIP-Seq, POU2F1 KD + DHT | FOXA1 ChIP-Seq, DHT | ERG ChIP-Seq - 18 h, DHT | ERG ChIP-Seq - 2 h, DHT | FOXA1 ChIP-Seq, DHT | FOXA1 ChIP-Seq",,,
JUND,ELOVL7,liver,JUND IP - HepG2 cells,,,
CEBPB,ELOVL7,colon,CEBPB IP - HCT116 cells,,,
ZBTB7A,ELOVL7,leukocytes,ZBTB7A IP - SK-N-SH cells,,,
JUND,ELOVL7,colon,JUND IP - HCT116 cells,,,
BHLHE40,ELOVL7,leukocytes,"BHLHE40 IP - GM12878 cells, BHLHE40 IP - K562 cells",,,
CREB1,ELOVL7,stemcells,CREB1 IP - H1 cells,,,
SRF,ELOVL7,stemcells,"SRF IP - Rep 6 , SRF IP - Rep 5 , SRF IP - Rep 4 , SRF IP - Rep 7 ",,,
DEX,ELOVL7,lung,"CTCF IP | DEX - A549 cells , CREB1 IP | DEX - A549 cells, CTCF IP | DEX - A549 cells",,,
TBP,ELOVL7,stemcells,TBP IP - H1 cells,,,
RELA,ELOVL7,adiposetissue,"RELA IP, RELA IP",,,
GABPA,ELOVL7,prostate,"GABPA IP - Rep 1, GABPA IP | R1881",,,
CTCF,ELOVL7,mammarygland,"CTCF IP - T47D cells, CTCF IP - HMEC cells, Rep 1 , CTCF IP - HMF cells, Rep 2 , CTCF IP - MCF-7 cells Rep 2 , CTCF IP - MCF-7 cells, Rep 1 , CTCF IP - HMEC cells, Rep 2 , CTCF IP - MCF7 cells",,,
MAX,ELOVL7,lung,MAX IP - A549 cells,,,
FOSL1,ELOVL7,leukocytes,FOSL1 IP - K562 cells,,,
GATA1,ELOVL7,hspcs,"GATA1 IP - Rep 3, GATA1 IP - Rep 2, GATA1 IP - Rep 1",,,
SMAD1,ELOVL7,stemcells,SMAD1 IP - Rep 7 ,,,
ZNF263,ELOVL7,leukocytes,ZNF263 IP - K562 cells,,,
ATF3,ELOVL7,colon,"ATF3 IP - HCT116 cells, ATF3 IP | CAMPTO, ATF3 IP",,,
JUN,ELOVL7,mammarygland,"JUN IP - Rep 1, JUN IP - Rep 2",,,
CTCF,ELOVL7,megakaryocytelineage,"CTCF IP - MEG-01 cells, Rep 8 , CTCF IP - MEG-01 cells, Rep 6 , CTCF IP - MEG-01 cells, Rep 2 , CTCF IP - MEG-01 cells, Rep 4 , CTCF IP - MEG-01 cells, Rep 10 ",,,
GATA4,ELOVL7,stemcells,"GATA4 IP - Rep 12 , GATA4 IP - Rep 8 , GATA4 IP - Rep 3 , GATA4 IP - Rep 11 , GATA4 IP - Rep 9 , GATA4 IP - Rep 10 ",,,
EBF1,ELOVL7,leukocytes,"EBF1 IP - GM12878 cells, EBF1 IP - GM12878 cells",,,
4HT,ELOVL7,mammarygland,"FOS IP | 4HT - MCF10A cells, 12 h, FOS IP | 4HT - MCF10A cells, 4 h, STAT3 IP | 4HT - MCF10 cells, 36 h, FOS IP | 4HT - MCF10A cells, 36 h, E2F4 IP | 4HT - MCF10 cells",,,
JUN,ELOVL7,vasculature,"JUN IP, JUN IP - HUVEC cells",,,
FOSL1,ELOVL7,colon,FOSL1 IP - HCT116 cells,,,
PIAS1,ELOVL7,prostate,"PIAS1 + R1881 | FOXA1 ChIP-Seq - Rep 2, PIAS1 + R1881 | FOXA1 ChIP-Seq - Rep 1",,,
MYC,ELOVL7,leukocytes,"MYC IP | IFNG - K562 cells, 6 h, MYC IP | IFNG - K562 cells, 30 min, MYC IP - K562 cells, Rep 1",,,
IFNG,ELOVL7,leukocytes,"MYC IP | IFNG - K562 cells, 6 h, MYC IP | IFNG - K562 cells, 30 min, STAT1 IP - Rep 5, STAT1 IP - Rep 1, STAT1 IP - Rep 4, STAT1 IP - Rep 3",,,
E2F1,ELOVL7,mammarygland,E2F1 IP - MCF7 cells,,,
TP53,ELOVL7,mammarygland,"TP53 IP, TP53 IP | NUTL3 - MCF-7",,,
USF1,ELOVL7,liver,USF1 IP - HepG2 cells,,,
TBP,ELOVL7,leukocytes,TBP IP - K562 cells,,,
USF1,ELOVL7,uterus,USF1 IP - ECC1 cells,,,
YY1,ELOVL7,leukocytes,"YY1 IP - K562 cells, Rep 2, YY1 IP - GM12878 cells, YY1 IP - GM12892 cells, Rep 1, YY1 IP - GM12891 cells, YY1 IP - K562 cells, Rep 1",,,
AR,ELOVL7,prostate,"WT AR OE + FOXA1 OE | FOXA1 ChIP-Seq - high FOXA1, AR C562S OE + FOXA1 OE | FOXA1 ChIP-Seq, WT AR OE + FOXA1 OE | FOXA1 ChIP-Seq, AR Q640X OE + FOXA1 OE | FOXA1 ChIP-Seq",,,
CTCF,ELOVL7,kidney,"CTCF IP - HEK293 cells, Rep 2 , CTCF IP - HRE cells, Rep 2 , CTCF IP - HEK293 cells, Rep 1 , CTCF IP - RPTEC cells, Rep 1 , CTCF IP - RPTEC cells, Rep 2 ",,,
UBTF,ELOVL7,leukocytes,UBTF IP - K562 cells,,,
ZNF143,ELOVL7,stemcells,ZNF143 IP - H1 cells,,,
EGR1,ELOVL7,leukocytes,EGR1 IP - K562 cells,,,
RELA,ELOVL7,lung,RELA IP | TNF,,,
TNF,ELOVL7,lung,RELA IP | TNF,,,
USF1,ELOVL7,colon,USF1 IP - HCT116 cells,,,
CTCF,ELOVL7,adiposetissue,CTCF ChIP-Seq - d 9,,,
CTCF,ELOVL7,colon,"CTCF IP - Rep 2 , CTCF IP - Caco , CTCF IP - HCT116 cells, CTCF IP - HCT116 cells, Rep 1 , CTCF IP - HCT116 cells, Rep 2 , CTCF IP - Caco-2 cells, Rep 1 ",,,
JQ1,ELOVL7,prostate,JQI | ERG ChIP-Seq - Rep 1,,,
STAT3,ELOVL7,mammarygland,"STAT3 IP | 4HT - MCF10 cells, 36 h",,,
MXI1,ELOVL7,cns,MXI1 IP - SK-N-SH cells ,,,
MAX,ELOVL7,stemcells,MAX IP - H1 cells,,,
GATA4,ELOVL7,stomach,GATA4 IP - AGS,,,
FOS,ELOVL7,vasculature,FOS IP - HUVEC cells,,,
TNF,ELOVL7,mammarygland,TNF | FOXA1 ChIP-Seq - Rep 1,,,
RUNX1,ELOVL7,hspcs,RUNX1,,,
CTCF,ELOVL7,vasculature,"CTCF IP - HBMEC cells, Rep 1 , CTCF IP - HUVEC cells , CTCF IP - HUVEC cells, Rep 2 , CTCF IP - HUVEC cells, Rep 1 , CTCF IP - AoAFC cells, Rep 1 ",,,
CREB1,ELOVL7,lung,"CREB1 IP | DEX - A549 cells, CREB1 IP - A549 cells, Rep 2",,,
SP1,ELOVL7,colon,SP1 IP - HCT116 cells,,,
HIF1A,ELOVL7,bone,HIF1A IP,,,
IRF4,ELOVL7,leukocytes,IRF4 IP,,,
E2F1,ELOVL7,uterus,"E2F1 IP - HeLa cells, Rep 2, E2F1 IP - HeLa cells, Rep 1",,,
FOXA2,ELOVL7,embryonictissue,"FOXA2 IP - Rep 2, FOXA2 IP - Rep 1",,,
GATA2,ELOVL7,leukocytes,GATA2 IP - K562 cells,,,
MYC,ELOVL7,mammarygland,DHT | MYC ChIP-Seq,,,
DHT,ELOVL7,mammarygland,"DHT | MYC ChIP-Seq, DHT | FOXA1 ChIP-Seq",,,
IRF1,ELOVL7,colon,IRF1 IP ,,,
KLF5,ELOVL7,stomach,KLF5 IP - KATOIII,,,
STAT5A,ELOVL7,leukocytes,STAT5A IP - K562 cells,,,
TP53,ELOVL7,bone,"TP53 IP | NUTL3 - SJSA-1, TP53 IP | TP53EE/RR OE, TP53 IP | NUTL3",,,
GATA2,ELOVL7,cns,GATA2 ChIP-Seq SH-SY5Y,,,
JUN,ELOVL7,leukocytes,"JUN IP - K562 cells, Rep 1, JUN IP - K562 cells, Rep 2",,,
FOXA2,ELOVL7,stemcells,"FOXA2 IP - ES D2, FOXA2 IP - Rep 5 ",,,
E2F4,ELOVL7,leukocytes,E2F4 IP - K562 cells,,,
HEY1,ELOVL7,liver,HEY1 IP - HepG2 cells,,,
MAX,ELOVL7,colon,MAX IP - HCT116 cells,,,
CTCF,ELOVL7,miscellaneous,"CTCF IP - AG09319 cells, Rep 1 , CTCF IP - AG09319 cells, Rep 2 ",,,
GATA1,ELOVL7,leukocytes,GATA1 ChIP-Seq - SC266,,,
MAZ,ELOVL7,leukocytes,"MAZ IP - K562 cells, MAZ IP - GM12878 cells",,,
TCF12,ELOVL7,stemcells,TCF12 IP - H1 cells,,,
E2F6,ELOVL7,stemcells,E2F6 IP - H1 cells,,,
CEBPB,ELOVL7,uterus,CEBPB ChIP-Seq - HeLaS3,,,
JUN,ELOVL7,colon,JUN IP ,,,
CREB1,ELOVL7,uterus,CREB1 IP - ECC1 cells,,,
FOXA1,ELOVL7,stemcells,FOXA1 IP - Rep 5 ,,,
CREB1,ELOVL7,leukocytes,"CREB1 IP - GM12878 cells, CREB1 IP - K562 cells",,,
CTCF,ELOVL7,pancreas,CTCF IP,,,
CTCF,ELOVL7,placenta,"CTCF IP - HVMF cells, Rep 2 ",,,
FOXA2,ELOVL7,lung,FOXA2 IP - A549 cells,,,
USF1,ELOVL7,lung,"USF1 IP - A549 cells, Rep 2",,,
FOXH1,ELOVL7,embryonictissue,FOXH1 IP - endoderm,,,
YY1,ELOVL7,uterus,YY1 IP - ECC1 cells,,,
STAT1,ELOVL7,leukocytes,"STAT1 IP - Rep 5, STAT1 IP - Rep 1, STAT1 IP - Rep 4, STAT1 IP - Rep 3",,,
BACH1,ELOVL7,stemcells,BACH1 IP - H1 cells,,,
POU2F1,ELOVL7,prostate,POU2F1 KD + DHT | FOXA1 ChIP-Seq,,,
YY1,ELOVL7,stemcells,YY1 IP - H1 cells,,,
TCF3,ELOVL7,leukocytes,TCF3 IP - GM12878 cells,,,
JUND,ELOVL7,cns,"JUND IP - SK-N-SH cells, JUND IP - SK-N-SH cells ",,,
E2F3,ELOVL7,colon,E2F3 IP ,,,
GATA6,ELOVL7,stomach,"GATA6 IP - YCC3, GATA6 IP - AGS",,,
MAFK,ELOVL7,liver,"MAFK IP - HepG2 cells, Rep 2",,,
TEAD4,ELOVL7,stemcells,TEAD4 IP - H1 cells,,,
MYC,ELOVL7,uterus,MYC IP - HeLa cells,,,
MAZ,ELOVL7,uterus,MAZ IP - HeLa cells,,,
CTCF,ELOVL7,uterus,"CTCF IP - HeLa cells, Rep 1 ",,,
PRDM1,ELOVL7,stemcells,"PRDM1 IP - Rep 1 , PRDM1 IP - Rep 3 ",,,
REST,ELOVL7,leukocytes,REST IP - K562 cells,,,
E2F6,ELOVL7,lung,E2F6 IP - A549 cells,,,
FOSL2,ELOVL7,cns,FOSL2 IP - SK-N-SH cells,,,
MXI1,ELOVL7,liver,MXI1 IP - HepG2 cells,,,
OTX2,ELOVL7,stemcells,OTX2 IP - Rep 10 ,,,
FOXM1,ELOVL7,leukocytes,FOXM1 IP - GM12878 cells,,,
TEAD4,ELOVL7,leukocytes,TEAD4 IP - K562 cells,,,
TAL1,ELOVL7,leukocytes,TAL1 IP - K562 cells,,,
FOXA1,ELOVL7,lung,FOXA1 IP - A549 cells,,,
FOXP1,ELOVL7,leukocytes,FOXP1 IP - BJAB,,,
TCF12,ELOVL7,leukocytes,TCF12 IP - GM12878 cells,,,
ZEB1,ELOVL7,liver,ZEB1 IP - HepG2 cells,,,
CTCF,ELOVL7,heart,"CTCF IP - myocytes cells, Rep 1 ",,,
TEAD4,ELOVL7,uterus,TEAD4 IP - ECC1 cells,,,
JUN,ELOVL7,uterus,JUN IP - HeLa cells,,,
HOXA4,ELOVL7,colon,HOXA4 IP ,,,
PAX5,ELOVL7,leukocytes,PAX5 IP - GM12892 cells,,,
FOXA1,ELOVL7,pancreas,FOXA1 IP,,,
YY1,ELOVL7,colon,YY1 IP - HCT116 cells,,,
NUTL3,ELOVL7,bone,TP53 IP | NUTL3,,,
E2F4,ELOVL7,mammarygland,E2F4 IP | 4HT - MCF10 cells,,,
BHLHE40,ELOVL7,liver,BHLHE40 IP - HepG2 cells,,,
ZEB1,ELOVL7,leukocytes,ZEB1 IP - GM12878 cells,,,
FOSL2,ELOVL7,mammarygland,FOSL2 IP - MCF7 cells,,,
USF2,ELOVL7,leukocytes,USF2 IP - GM12878 cells,,,
TCF7L2,ELOVL7,mammarygland,TCF7L2 ChIP-Seq,,,
ZNF384,ELOVL7,leukocytes,ZNF384 IP - K562 cells,,,
CTCF,ELOVL7,skeletalmuscle,"CTCF IP - HSMM cells, Rep 2 ",,,
CTCF,ELOVL7,esophagus,"CTCF IP - HEEpiC cells, Rep 1 ",,,
ZBTB7A,ELOVL7,uterus,ZBTB7A IP - ECC1 cells,,,
CTCF,FADS1,leukocytes,"CTCF IP - GM12878 cells , CTCF IP - GM2630 cells, Rep 3 , CTCF IP - F36P cells, Rep 7 , CTCF IP - K562 cells, Rep 16 , CTCF IP - GM12890 cells, Rep 3 , CTCF IP - K562 cells, CTCF IP - MS1 cells, Rep 1 , CTCF IP - GM12814 cells, Rep 1, CTCF IP - GM12875 cells, Rep 2 , CTCF IP - GM18951 cells, Rep 1 , CTCF IP - KU812 cells, Rep 1 , CTCF IP - NB4 cells , CTCF IP - GM2630 cells, Rep 1 , CTCF IP - GM19240 cells, Rep 1 , CTCF IP - GM11881 cells, CTCF IP - HeLa cells, Rep 2 , CTCF IP - F36P cells, Rep 3 , CTCF IP - F36P cells, Rep 11 , CTCF IP - GM06986 cells, CTCF IP - MS1 cells, Rep 2 , CTCF IP - GM2610 cells, Rep 3 , CTCF IP - GM12872 cells, Rep 2 , CTCF IP - GM12828 cells, CTCF IP - GM19099 cells, Rep 1 , CTCF IP - GM12873 cells, Rep 1 , CTCF IP - F36P cells, Rep 19 , CTCF IP - GM12868 cells , CTCF IP - GM11894 cells, Rep 2, CTCF IP - GM18505 cells, Rep 1 , CTCF IP - GM19239 cells, Rep 2 , CTCF IP - GM12891 cells, Rep 2 , CTCF IP - GM12865 cells, Rep 1 , CTCF IP - K562 cells, Rep 14 , CTCF IP - GM19239 cells, Rep 1 , CTCF IP - GM12864 cells, Rep 3 , CTCF IP - GM12005 cells, Rep 2, CTCF IP - GM12878 cells, Rep 1 , CTCF IP - GM19099 cells, Rep 2 , CTCF IP - F36P cells, Rep 17 , CTCF IP - GM12874 cells, Rep 2 , CTCF IP - HL , CTCF IP - K562 cells, CTCF IP - GM11811 cells, Rep 1, CTCF IP - GM12864 cells, Rep 2 , CTCF IP - GM2588 cells, Rep 2 , CTCF IP - GM2630 cells, Rep 2 , CTCF IP - GM12234 cells, CTCF IP - MS1 cells, Rep 3 , CTCF IP - F36P cells, Rep 13 , CTCF IP - CD14+ cells , CTCF IP - GM12874 cells, Rep 1 , CTCF IP - KU812 cells, Rep 5 , CTCF IP - GM12891 cells, Rep 1 , CTCF IP - MS1 cells, Rep 4 , CTCF IP - GM2255 cells, Rep 2 , CTCF ChIP-Seq - GM12878, CTCF IP - K562 cells, Rep 15 , CTCF IP - GM12006 cells, Rep 2, CTCF IP - Â CD20+ cells , CTCF IP - GM18526 cells, Rep 2 , CTCF IP - K562 cells, CTCF IP - GM18505 cells, Rep 2 , CTCF IP - GM18486 cells, Rep 1 , CTCF IP - GM12878 cells, Rep 1 , CTCF IP - GM18486 cells, Rep 2 , CTCF IP - GM07037 cells, CTCF IP - GM12892 cells, Rep 1 , CTCF IP - GM18951 cells, Rep 2 , CTCF IP - GM2610 cells, Rep 1 , CTCF IP - GM12749 cells, Rep 1, CTCF IP - GM2588 cells, Rep 3 , CTCF IP - GM12873 cells, Rep 1 , CTCF IP - GM12872 cells, Rep 3 , CTCF IP - F36P cells, Rep 14 , CTCF IP - GM12870 cells , CTCF IP - GM12867 cells , CTCF IP - UT-7 cells, Rep 6 , CTCF IP - F36P cells, Rep 10 , CTCF IP - GM18526 cells, Rep 1 , CTCF IP, CTCF IP - K562 cells, Rep 13 , CTCF IP - GM11994 cells, Rep 2, CTCF IP - GM19193 cells, Rep 1 , CTCF IP - GM19193 cells, Rep 2 , CTCF IP - K562 cells, Rep 12 , CTCF IP - GM12875 cells, Rep 1 , CTCF IP - GM12892 cells, Rep 2 , CTCF IP - F36P cells, Rep 2 , CTCF IP - GM07346 cells, CTCF IP - Â DND , CTCF IP - GM12864 cells, Rep 1 , CTCF IP - GM18486 cells, Rep 3 , CTCF IP - GM12872 cells, CTCF IP - K562 cells, Rep 1 , CTCF IP - GM06990 cells, Rep 2 , CTCF IP - KU812 cells, Rep 17 , CTCF IP - GM11831 cells, CTCF IP - KU812 cells, Rep 13 , CTCF IP - K562 cells, Rep 2 , CTCF IP - UT-7 cells, Rep 3 , CTCF IP - GM12154 cells, Rep 2, CTCF IP - K562 cells, Rep 7 , CTCF IP - GM12872 cells, Rep 1 , CTCF IP - GM12878 cells, Rep 2 , CTCF IP - GM11994 cells, Rep 1, CTCF IP - K562 cells , CTCF IP - GM12871 cells , CTCF IP - GM2588 cells, Rep 1 , CTCF IP - F36P cells, Rep 15 , CTCF IP - UT-7 cells, Rep 5 , CTCF IP - GM12890 cells, Rep 1 , CTCF IP - GM12815 cells, Rep 1, CTCF IP - UT-7 cells, Rep 4 , CTCF IP - F36P cells, Rep 9 , CTCF IP - GM19238 cells, Rep 1 , CTCF IP - GM12890 cells, Rep 2 , CTCF IP - GM2255 cells, Rep 1 , CTCF IP - K562 cells, Rep 1 , CTCF IP - GM11992 cells, Rep 2, CTCF IP - GM10847 cells, Rep 2 , CTCF IP - K562 cells, Rep 11 , CTCF IP - GM12878 cells, Rep 2 , CTCF IP - GM19240 cells, Rep 2 , CTCF IP - F36P cells, Rep 5 , CTCF IP - F36P cells, Rep 6 , CTCF IP - GM12866 cells , CTCF IP - GM12154 cells, Rep 1, CTCF IP - GM19238 cells, Rep 2 , CTCF IP - F36P cells, Rep 1 , CTCF IP - GM12873 cells, Rep 3 , CTCF IP - GM12865 cells, Rep 3 , CTCF IP - GM11811 cells, Rep 2, CTCF IP - HL-60 cells, Rep 7 , CTCF IP - GM2610 cells, Rep 2 , CTCF IP - GM12869 cells , CTCF IP - GM2255 cells, Rep 3 , CTCF IP - GM10847 cells, Rep 1 , CTCF IP - KU812 cells, Rep 9 , CTCF IP - GM12865 cells, Rep 2 , CTCF IP - GM06990 cells, Rep 1 ",,,
TP53,FADS1,colon,"TP53 IP | NUTL3 - HCT-116, TP53 IP | CAMPTO, TP53 IP | TP53 KO, TP53 IP - HCT-116",,,
MAX,FADS1,leukocytes,"MAX IP - GM12878 cells, MAX IP - NB4 cells, MAX IP - K562 cells, MAX IP - K562 cells, Rep 2",,,
MYC,FADS1,stemcells,MYC IP - Rep 2 ,,,
CTCF,FADS1,vasculature,"CTCF IP - HUVEC cells, Rep 1 , CTCF IP - AoAFC cells, Rep 2 , CTCF IP - HPAF cells, Rep 2 , CTCF IP - HUVEC cells, Rep 2 , CTCF IP - HPAF cells, Rep 1 , CTCF IP - AoAFC cells, Rep 1 , CTCF IP - HBMEC cells, Rep 1 , CTCF IP - HUVEC cells , CTCF IP - HBMEC cells, Rep 2 ",,,
E2F6,FADS1,stemcells,E2F6 IP - H1 cells,,,
TBP,FADS1,leukocytes,"TBP IP - K562 cells, TBP IP - GM12878 cells",,,
CTCF,FADS1,cns,"CTCF IP - spinal cord astrocyte cells, Rep 1 , CTCF IP - NHA cells , CTCF IP - SK-N-SH cells, Rep 1 , CTCF IP - SK-N-SH cells , CTCF IP - spinal cord astrocyte cells, Rep 2 , CTCF IP - SK cells, CTCF IP - cerebellar astrocyte cells, Rep 1 , CTCF IP - SK-N-SH cells, Rep 2 , CTCF IP - HCPEpiC cells, Rep 2 , CTCF IP - cerebellar astrocyte cells, Rep 2 , CTCF IP - BE(2)-C cells, Rep 1 , CTCF IP - HCPEpiC cells, Rep 1 , CTCF IP - BE(2)-C cells, Rep 2 ",,,
CREB1,FADS1,stemcells,CREB1 IP - H1 cells,,,
REST,FADS1,uterus,REST IP - SK-N-SH cells,,,
SP1,FADS1,liver,SP1 IP - HepG2 cells,,,
NFYB,FADS1,uterus,NFYB IP - HeLa cells,,,
REST,FADS1,cns,"REST IP - PFSK-N-SH cells1 cells, Rep 1, REST IP - PFSK1 cells, Rep 2, REST IP - SK-N-SH cells, REST IP - U87 cells, REST IP - SK cells",,,
OVOL2,FADS1,colon,OVOL2 IP ,,,
GATA3,FADS1,mammarygland,"GATA3 IP - T47D cells, GATA3 IP - MCF7 cells",,,
TP53,FADS1,bone,"TP53 IP - Rep 1, TP53 IP | NUTL3, TP53 pS15 IP - Etopo, TP53 IP | NUTL3 - SJSA-1, TP53 IP | TP53EE/RR OE, TP53 IP - SJSA1, TP53 IP - Rep 2, TP53 IP - Etopo",,,
CEBPB,FADS1,stemcells,"CEBPB IP, CEBPB IP, CEBPB IP - H1 cells, CEBPB IP, CEBPB IP, CEBPB IP, CEBPB IP, CEBPB IP",,,
E2F1,FADS1,uterus,"E2F1 IP - HeLa cells, Rep 1, E2F1 IP - HeLa cells, Rep 2",,,
KLF5,FADS1,pancreas,KLF5 IP,,,
CTCF,FADS1,adiposetissue,"CTCF ChIP-Seq - d -2, CTCF ChIP-Seq - d 9",,,
MYC,FADS1,mammarygland,"MYC IP | 4HT - MCF10A cells, DHT | MYC ChIP-Seq, MYC IP - MCF-10A cells, MYC IP",,,
4HT,FADS1,mammarygland,"MYC IP | 4HT - MCF10A cells, STAT3 IP | 4HT - MCF10 cells, 36 h, STAT3 IP | 4HT - MCF10 cells, 12 h, FOS IP | 4HT - MCF10A cells, 12 h, FOS IP | 4HT - MCF10A cells, 4 h, E2F4 IP | 4HT - MCF10 cells, FOS IP | 4HT - MCF10A cells, 36 h",,,
NFYB,FADS1,leukocytes,"NFYB IP - GM12878 cells, NFYB IP - K562 cells",,,
CEBPB,FADS1,leukocytes,"CEBPB IP - Rep 204, CEBPB ChIP-Seq - K562, CEBPB IP, CEBPB IP, CEBPB IP, CEBPB IP - Rep 203, CEBPB IP, CEBPB IP | oxLDL  - Rep 208, CEBPB IP, CEBPB IP | oxLDL  - Rep 205, CEBPB IP, CEBPB IP - Rep 201, CEBPB IP| oxLDL  - Rep 207, CEBPB IP, CEBPB IP | oxLDL  - Rep 206, CEBPB IP - K562 cells",,,
CTCF,FADS1,skin,"CTCF IP - AG10803 cells, Rep 2 , CTCF IP - AG04449 cells, Rep 1 , CTCF IP - NHDF cells , CTCF IP - HFFC cells, Rep 1 , CTCF IP - NHDF cells, Rep 1 , CTCF IP - HFFC cells, Rep 2 , CTCF IP - HFFC cells, Rep 3 , CTCF IP - NHEK cells, Rep 2 , CTCF IP - BJ cells, Rep 2 , CTCF IP - NHEK cells , CTCF IP - BJ cells, Rep 1 , CTCF IP - AG04449 cells, Rep 2 , CTCF IP - NHDF cells, Rep 2 , CTCF IP - AG10803 cells, Rep 1 , CTCF IP - GM12878 cells, Rep 2 , CTCF IP - AG09309 cells, Rep 2 , CTCF IP - AG09309 cells, Rep 1 ",,,
CTCF,FADS1,hspcs,"CTCF IP - HEL 92.1.7 cells, Rep 5 , CTCF IP - HEL 92.1.7 cells, Rep 1 , CTCF IP - HEL 92.1.7 cells, Rep 8 , CTCF IP - HSPCs, Rep 2, CTCF IP - HEL 92.1.7 cells, Rep 2 , CTCF IP - HEL 92.1.7 cells, Rep 13 , CTCF IP - HEL 92.1.7 cells, Rep 11 , CTCF IP - Erythroid cells, Rep 1, CTCF IP - HSPCs, Rep 1, CTCF IP - HEL 92.1.7 cells, Rep 14 ",,,
SPI1,FADS1,leukocytes,"SPI1 IP - HL cells, SPI1 IP, SPI1 IP, SPI1 IP | RUNX1 KD, SPI1 IP, SPI1 IP - K562 cells, SPI1 IP, SPI1 IP, SPI1 IP, SPI1 IP, SPI1 IP - GM12878 cells, SPI1 IP",,,
CTCF,FADS1,kidney,"CTCF IP - HEK293 cells, Rep 2 , CTCF IP - RPTEC cells, Rep 1 , CTCF IP - HEK293 cells, Rep 1 , CTCF IP - HRE cells, Rep 1 , CTCF IP - RPTEC cells, Rep 2 , CTCF IP - HRE cells, Rep 2 ",,,
ARNTL,FADS1,colon,ARNTL IP - Rep 1 ,,,
MYC,FADS1,leukocytes,"MYC IP | IFNA1 - K562 cells, 30 min, MYC IP - K562 cells, Rep 1, MYC IP - K562 cells, Rep 2, MYC IP - NB4 cells, MYC IP | IFNA1 - K562 cells, 6 h, MYC IP | IFNG - K562 cells, 6 h, MYC IP | IFNG - K562 cells, 30 min",,,
IFNA1,FADS1,leukocytes,"MYC IP | IFNA1 - K562 cells, 30 min, MYC IP | IFNA1 - K562 cells, 6 h, IRF1 IP | IFNA1-13 - K562 cells, 6 h",,,
CTCF,FADS1,placenta,"CTCF IP - HVMF cells, Rep 2 , CTCF IP - HVMF cells, Rep 1 ",,,
FOXA1,FADS1,prostate,"POU2F1 KD + DHT | FOXA1 ChIP-Seq, CON KD  |Â FOXA1 ChIP-Seq, R1881 | FOXA1 ChIP-Seq - Rep 1, FOXA1 ChIP-Seq - Rep 1, CON KD | FOXA1 ChIP-Seq, FOXA1 siRNA | CREB1 ChIP-Seq - Rep 1, WT AR OE + FOXA1 OE | FOXA1 ChIP-Seq, CON KD |Â FOXA1 ChIP-Seq, FOXA1 KD | FOXA1 ChIP-Seq, FOXA1 ChIP-Seq, FOXA1 KD | FOXA1 ChIP-Seq, FOXA1 ChIP-Seq - Rep 2, CREB1 siRNA | FOXA1 ChIP-Seq - Rep 1, DHT | FOXA1 ChIP-Seq, R1881 | FOXA1 ChIP-Seq - Rep 2, FOXA1 siRNA | CREB1 ChIP-Seq - Rep 2, CON KD + R1881 | FOXA1 ChIP-Seq - Rep 2, FOXA1 ChIP-Seq - LNCaP-abl, GATA2 KD + R1881 |Â FOXA1 ChIP-Seq, CON KD + R1881 |Â FOXA1 ChIP-Seq, PIAS1 + R1881 | FOXA1 ChIP-Seq - Rep 2, CREB1 siRNA | FOXA1 ChIP-Seq - Rep 2, FOXA1 ChIP-Seq, PIAS1 + R1881 | FOXA1 ChIP-Seq - Rep 1, CON KD | FOXA1 ChIP-Seq",,,
DHT,FADS1,prostate,"POU2F1 KD + DHT | FOXA1 ChIP-Seq, DHT | ERG ChIP-Seq - 18 h, DHT | ERG ChIP-Seq - 2 h, DHT | FOXA1 ChIP-Seq",,,
POU2F1,FADS1,prostate,POU2F1 KD + DHT | FOXA1 ChIP-Seq,,,
JUN,FADS1,vasculature,JUN IP,,,
CTCF,FADS1,sensory,"CTCF IP - HRPEpiC cells, Rep 2 , CTCF IP - WERI , CTCF IP - WERI-Rb-1- cells, Rep 1 , CTCF IP - HRPEpiC cells, Rep 1 ",,,
DHT,FADS1,mammarygland,"DHT | MYC ChIP-Seq, DHT | FOXA1 ChIP-Seq",,,
CAMPTO,FADS1,colon,TP53 IP | CAMPTO,,,
CTCF,FADS1,mammarygland,"CTCF IP - MCF-7 cells Rep 2 , CTCF IP - T47D cells, CTCF IP - MCF-7 cells, Rep 1 , CTCF IP - HMF cells, Rep 2 , CTCF IP - HMEC cells, Rep 2 , CTCF IP - MCF7 cells, CTCF IP - HMEC cells, Rep 1 , CTCF IP - HMEC cells ",,,
NUTL3,FADS1,bone,TP53 IP | NUTL3,,,
HEY1,FADS1,leukocytes,HEY1 IP - K562 cells,,,
MYC,FADS1,bone,"MYC IP, MYC IP, MYC IP, MYC IP",,,
CTCF,FADS1,colon,"CTCF IP - HCT116 cells, Rep 2 , CTCF IP - Caco-2 cells, Rep 1 , CTCF IP - HCT116 cells, Rep 1 , CTCF IP - HCT116 cells, CTCF IP - Caco , CTCF IP - Rep 2 ",,,
CTCF,FADS1,stemcells,"CTCF IP - Rep 6 , CTCF IP - H1 cells , CTCF IP - H1 cells, CTCF IP - Rep 2 , CTCF IP - Rep 4 , CTCF IP - Rep 5 , CTCF IP - Rep 1 , CTCF IP - Rep 7 , CTCF IP - Rep 3 ",,,
CEBPB,FADS1,liver,"CEBPB IP - HepG2 cells, CEBPB ChIP-Seq - HepG2, CEBPB IP | FORSK - HepG2 cells",,,
CEBPB,FADS1,colon,"CEBPB IP - HCT116 cells, CEBPB IP | 125DVD3, CEBPB IP",,,
E2F1,FADS1,prostate,"HES6 OE | E2F1 ChIP-Seq - Rep 3, E2F1 ChIP-Seq - Rep 2, E2F1 ChIP-Seq - Rep 3, HES6 OE | E2F1 ChIP-Seq - Rep 1, HES6 OE + BICALU | E2F1 ChIP-Seq - Rep 1, E2F1 ChIP-Seq - Rep 4, BICALU + HES6 OE | E2F1 ChIP-Seq - Rep 2, E2F1 ChIP-Seq - Rep 1, HES6 OE + BICALU | E2F1 ChIP-Seq - Rep 3, BICALU | E2F1 ChIP-Seq - Rep 1, BICALU | E2F1 ChIP-Seq - Rep 2, BICALU + HES6OE | E2F1 ChIP-Seq - Rep 4, BICALU | E2F1 ChIP-Seq - Rep 4, HES6 OE | E2F1 ChIP-Seq - Rep 2, BICALU | E2F1 ChIP-Seq - Rep 3",,,
HES6,FADS1,prostate,"HES6 OE | E2F1 ChIP-Seq - Rep 3, HES6 OE | E2F1 ChIP-Seq - Rep 1, HES6 OE + BICALU | E2F1 ChIP-Seq - Rep 1, BICALU + HES6 OE | E2F1 ChIP-Seq - Rep 2, HES6 OE + BICALU | E2F1 ChIP-Seq - Rep 3, BICALU + HES6OE | E2F1 ChIP-Seq - Rep 4, HES6 OE | E2F1 ChIP-Seq - Rep 2",,,
CREB1,FADS1,liver,"CREB1 IP, CREB1 IP, CREB1 IP - HepG2 cells, CREB1 IP",,,
STAT3,FADS1,leukocytes,"STAT3 IP - U-2932, STAT3 IP - SU-DHL-6, STAT3 IP - SU-DHL-4",,,
E2F6,FADS1,uterus,E2F6 IP - HeLa cells,,,
NFYA,FADS1,colon,NFYA IP ,,,
GABPA,FADS1,prostate,"GABPA IP | R1881, GABPA IP - Rep 1",,,
R1881,FADS1,prostate,"GABPA IP | R1881, R1881 | FOXA1 ChIP-Seq - Rep 1, R1881 | FOXA1 ChIP-Seq - Rep 2, CON KD + R1881 | FOXA1 ChIP-Seq - Rep 2, GATA2 KD + R1881 |Â FOXA1 ChIP-Seq, CON KD + R1881 |Â FOXA1 ChIP-Seq, PIAS1 + R1881 | FOXA1 ChIP-Seq - Rep 2, PIAS1 + R1881 | FOXA1 ChIP-Seq - Rep 1",,,
E2F6,FADS1,leukocytes,"E2F6 IP - K562 cells, E2F6 IP - K562 cells",,,
CTCF,FADS1,lung,"CTCF IP - AG04450 cells, Rep 2 , CTCF IP | DEX - A549 cells, CTCF IP - WI-38 cells, Rep 1 , CTCF IP - A549 cells, CTCF IP - IMR cells, CTCF IP - A549 cells, Rep 2 , CTCF IP - NHLF cells , CTCF IP - HPF cells, Rep 2 , CTCF ChIP-Seq - A549, CTCF IP - AG04450 cells, Rep 1 , CTCF IP | DEX - A549 cells , CTCF IP - WI-38 cells, Rep 2 , CTCF IP - A549 cells, Rep 1 , CTCF IP - HPF cells, Rep 1 , CTCF IP - A549 cells , CTCF IP - SAEC cells, Rep 2 , CTCF IP - NHLF cells , CTCF IP - SAEC cells, Rep 1 ",,,
DEX,FADS1,lung,"CTCF IP | DEX - A549 cells, USF1 IP | DEX - A549 cells, CREB1 IP | DEX - A549 cells, CTCF IP | DEX - A549 cells , FOXA1 IP | DEX - A549 cells",,,
ZNF263,FADS1,kidney,ZNF263 IP - HEK293 cells,,,
CTCF,FADS1,megakaryocytelineage,"CTCF IP - MEG-01 cells, Rep 6 , CTCF IP - MEG-01 cells, Rep 2 , CTCF IP - MEG-01 cells, Rep 9 , CTCF IP - MEG-01 cells, Rep 4 , CTCF IP - MEG-01 cells, Rep 10 , CTCF IP - MEG-01 cells, Rep 8 ",,,
RELA,FADS1,adiposetissue,RELA IP,,,
ERG,FADS1,prostate,"DMSO | ERG ChIP-Seq - Rep 1, ERG ChIP-Seq, DHT | ERG ChIP-Seq - 18 h, DHT | ERG ChIP-Seq - 2 h",,,
UBTF,FADS1,leukocytes,"UBTF IP - K562 cells, UBTF IP - K562 cells",,,
MAZ,FADS1,uterus,MAZ IP - HeLa cells,,,
USF1,FADS1,uterus,USF1 IP - ECC1 cells,,,
MYB,FADS1,leukocytes,"MYB IP - Jurkat, Rep 1, MYB IP - Jurkat, Rep 2, MYB IP - Jurkat, Rep 3, MYB IP - Jurkat, Rep 5, MYB IP - MOLT3, MYB IP - Jurkat, Rep 4",,,
JUND,FADS1,leukocytes,JUND IP - K562 cells,,,
YY1,FADS1,cns,"YY1 IP | ATRA - SK-N-SH cells, YY1 IP - SK-N-SH cells",,,
ATRA,FADS1,cns,"YY1 IP | ATRA - SK-N-SH cells, USF1 IP | ATRA - SK-N-SH cells",,,
BACH1,FADS1,stemcells,BACH1 IP - H1 cells,,,
MAX,FADS1,cns,MAX IP - SK-N-SH cells,,,
ATF1,FADS1,leukocytes,ATF1 IP - K562 cells,,,
USF1,FADS1,colon,USF1 IP - HCT116 cells,,,
ZBTB7A,FADS1,leukocytes,ZBTB7A IP - SK-N-SH cells,,,
CTCF,FADS1,uterus,"CTCF IP - HeLa cells , CTCF IP - HeLa cells, Rep 1 ",,,
TEAD4,FADS1,uterus,TEAD4 IP - ECC1 cells,,,
HOXA4,FADS1,colon,HOXA4 IP ,,,
TEAD4,FADS1,lung,TEAD4 IP - A549 cells,,,
E2F4,FADS1,uterus,E2F4 IP - HeLa cells,,,
REST,FADS1,liver,"REST IP - HepG2 cells, Rep 2, REST IP - HepG2 cells, Rep 1",,,
MAZ,FADS1,lung,MAZ IP - IMR cells,,,
USF2,FADS1,uterus,USF2 IP - HeLa cells,,,
KLF11,FADS1,adiposetissue,"ROSI (BrAT) | KLF11 ChIP-Seq, Rep 1, KLF11 ChIP-Seq, Rep 1, ROSI (BrAT) | KLF11 ChIP-Seq, Rep 2, KLF11 ChIP-Seq, Rep 2",,,
ROSI,FADS1,adiposetissue,"ROSI (BrAT) | KLF11 ChIP-Seq, Rep 1, ROSI (BrAT) | KLF11 ChIP-Seq, Rep 2",,,
ZKSCAN1,FADS1,uterus,ZKSCAN1 IP - HeLa cells,,,
PAX5,FADS1,leukocytes,"PAX5 IP - GM12878 cells, Rep 2, PAX5 IP - GM12892 cells",,,
E2F1,FADS1,mammarygland,"E2F1 IP - MCF7 cells, E2F1 IP",,,
STAT2,FADS1,colon,STAT2 IP ,,,
CREB1,FADS1,prostate,"FOXA1 siRNA | CREB1 ChIP-Seq - Rep 1, CREB1 ChIP-Seq - LNCaP, CREB1 ChIP-Seq - LNCaP-abl, CREB1 siRNA | FOXA1 ChIP-Seq - Rep 1, CREB1 ChIP-Seq - Rep 2, FOXA1 siRNA | CREB1 ChIP-Seq - Rep 2, CREB1 siRNA | FOXA1 ChIP-Seq - Rep 2, CREB1 ChIP-Seq - Rep 1",,,
GTF2F1,FADS1,uterus,GTF2F1 IP - HeLa cells,,,
RUNX1,FADS1,leukocytes,"SPI1 IP | RUNX1 KD, RUNX1 IP, RUNX1 IP",,,
BHLHE40,FADS1,leukocytes,"BHLHE40 IP - K562 cells, BHLHE40 IP - GM12878 cells",,,
SRF,FADS1,stemcells,"SRF IP - Rep 6 , SRF IP - Rep 5 , SRF IP - Rep 4 , SRF IP - Rep 7 ",,,
MXI1,FADS1,uterus,MXI1 IP - HeLa cells,,,
ELF1,FADS1,leukocytes,"ELF1 IP - SK-N-SH cells, ELF1 IP - SK-N-SH cells",,,
TP63,FADS1,skin,"TP63 IP, TP63 IP | BANF1 KD, TP63 IP, TP63 IP - Adriam, Rep 1, TP63 IP",,,
BANF1,FADS1,skin,TP63 IP | BANF1 KD,,,
TP63,FADS1,thyroidgland,TP63 IP - TT MTC,,,
MXI1,FADS1,cns,MXI1 IP - SK-N-SH cells ,,,
GABPA,FADS1,leukocytes,"GABPA IP - Jurkat, Rep 2, GABPA IP - K562 cells",,,
SP1,FADS1,stemcells,SP1 IP - H1 cells,,,
USF1,FADS1,lung,"USF1 IP | DEX - A549 cells, USF1 IP - A549 cells, Rep 2",,,
FOXP1,FADS1,leukocytes,"FOXP1 IP - HT, FOXP1 IP - OCI-LY19, FOXP1 IP - OCI-LY10",,,
RBPJ,FADS1,leukocytes,"RBPJ IP | COMPE - wash, RBPJ IP | COMPE",,,
COMPE,FADS1,leukocytes,"RBPJ IP | COMPE - wash, RBPJ IP | COMPE",,,
ZBTB7A,FADS1,liver,ZBTB7A IP - HepG2 cells,,,
TP53,FADS1,skin,"TP53 IP, TP53 IP, TP53 IP, TP53 IP - Adriam",,,
IRF1,FADS1,colon,IRF1 IP ,,,
CEBPA,FADS1,leukocytes,CEBPA IP,,,
MAFF,FADS1,leukocytes,MAFF IP - K562 cells,,,
TP73,FADS1,bone,"TP73 IP - alpha isoform, Rep 2, TP73 IP - beta isoform, Rep 1, TP73 IP - beta isoform, Rep 2",,,
HIF1A,FADS1,bone,HIF1A IP,,,
ELF1,FADS1,cns,ELF1 IP - SK-N-SH cells,,,
NFATC1,FADS1,leukocytes,NFATC1 IP - GM12878 cells,,,
TCF7L2,FADS1,mammarygland,TCF7L2 ChIP-Seq,,,
RELA,FADS1,leukocytes,"RELA IP | BAY082  - IVD Th1 cells, PIA",,,
BAY082,FADS1,leukocytes,"RELA IP | BAY082  - IVD Th1 cells, PIA",,,
JUND,FADS1,liver,JUND IP - HepG2 cells,,,
ELF3,FADS1,pancreas,ELF3 IP,,,
STAT1,FADS1,leukocytes,"STAT1 IP - Rep 5, STAT1 IP - Rep 1, STAT1 IP - Rep 4, STAT1 IP - Rep 3, STAT1 IP - Rep 6, STAT1 IP - Rep 2",,,
IFNG,FADS1,leukocytes,"STAT1 IP - Rep 5, STAT1 IP - Rep 1, STAT1 IP - Rep 4, STAT1 IP - Rep 3, IRF1 IP | IFNG - K562 cells, 6 h, IRF1 IP | IFNG - K562 cells, 30 min, STAT1 IP - Rep 6, STAT1 IP - Rep 2, MYC IP | IFNG - K562 cells, 6 h, MYC IP | IFNG - K562 cells, 30 min",,,
FOXA1,FADS1,mammarygland,"DHT | FOXA1 ChIP-Seq, FOXA1 ChIP-Seq - Rep 1, FOXA1 IP - T47D cells",,,
MAX,FADS1,colon,MAX IP - HCT116 cells,,,
ARID3A,FADS1,liver,ARID3A IP - HepG2 cells,,,
CTCF,FADS1,heart,"CTCF IP - HCF cells , CTCF IP - myocytes cells, Rep 1 , CTCF IP - myocytes cells, Rep 2 ",,,
SP1,FADS1,colon,SP1 IP - HCT116 cells,,,
STAT3,FADS1,mammarygland,"STAT3 IP | 4HT - MCF10 cells, 36 h, STAT3 IP | 4HT - MCF10 cells, 12 h, STAT3 IP - MCF10A cells, Rep 2",,,
GTF2B,FADS1,uterus,"GTF2B IP - Rep 3, GTF2B IP - Rep 2",,,
REST,FADS1,leukocytes,REST IP - K562 cells,,,
MXI1,FADS1,lung,MXI1 IP - IMR cells,,,
TP53,FADS1,lung,"TP53 IP | TP53 KD - senescent, TP53 IP - growing, TP53 IP - senescent, TP53 IP - propapoptic, Rep 1",,,
BHLHE40,FADS1,liver,BHLHE40 IP - HepG2 cells,,,
CREB1,FADS1,lung,"CREB1 IP | DEX - A549 cells, CREB1 IP - A549 cells, Rep 1, CREB1 IP - A549 cells, Rep 2",,,
ZNF143,FADS1,leukocytes,"ZNF143 IP - GM12878 cells, ZNF143 IP - K562, ZNF143 IP - K562 cells",,,
FOSL2,FADS1,lung,FOSL2 IP - A549 cells,,,
AR,FADS1,prostate,WT AR OE + FOXA1 OE | FOXA1 ChIP-Seq,,,
BICALU,FADS1,prostate,"HES6 OE + BICALU | E2F1 ChIP-Seq - Rep 1, BICALU + HES6 OE | E2F1 ChIP-Seq - Rep 2, HES6 OE + BICALU | E2F1 ChIP-Seq - Rep 3, BICALU | E2F1 ChIP-Seq - Rep 1, BICALU | E2F1 ChIP-Seq - Rep 2, BICALU + HES6OE | E2F1 ChIP-Seq - Rep 4, BICALU | E2F1 ChIP-Seq - Rep 4, BICALU | E2F1 ChIP-Seq - Rep 3",,,
FOSL2,FADS1,liver,FOSL2 IP - HepG2 cells,,,
CTCF,FADS1,bone,CTCF IP - Osteoblasts ,,,
CEBPB,FADS1,bone,"CEBPB IP, CEBPB IP",,,
NFYC,FADS1,colon,NFYC IP ,,,
FOS,FADS1,mammarygland,"FOS IP - MCF10A cells, FOS IP | 4HT - MCF10A cells, 12 h, FOS IP | 4HT - MCF10A cells, 4 h, FOS IP | 4HT - MCF10A cells, 36 h",,,
TP53,FADS1,leukocytes,TP53 IP - Doxo DNA damage,,,
CTCF,FADS1,miscellaneous,"CTCF IP - AG09319 cells, Rep 2 , CTCF IP - AG09319 cells, Rep 1 ",,,
MAX,FADS1,uterus,"MAX IP - ECC1 cells, MAX IP - HeLa cells, Rep 2, MAX IP - HeLa cells, Rep 1",,,
MYC,FADS1,uterus,MYC IP - HeLa cells,,,
FOXA2,FADS1,lung,FOXA2 IP - A549 cells,,,
MAX,FADS1,liver,"MAX IP - HepG2 cells, MAX IP - MCF7 cells, MAX IP - HepG2 cells",,,
TAL1,FADS1,colon,TAL1 IP ,,,
YY1,FADS1,lung,YY1 IP - A549 cells,,,
YY1,FADS1,leukocytes,"YY1 IP - GM12878 cells, YY1 IP - K562 cells, Rep 1, YY1 IP - K562 cells, Rep 2",,,
HMGN3,FADS1,leukocytes,HMGN3 IP - K562 cells,,,
E2F6,FADS1,lung,E2F6 IP - A549 cells,,,
CTCF,FADS1,skeletalmuscle,"CTCF IP - HSMM cells, Rep 1 , CTCF IP - HSMM cells, Rep 2 ",,,
JUND,FADS1,stemcells,JUND IP - H1 cells,,,
MAFK,FADS1,liver,"MAFK IP - HepG2 cells, Rep 1, MAFK IP - HepG2 cells, Rep 2",,,
BCL3,FADS1,lung,BCL3 IP - A549 cells,,,
TEAD4,FADS1,colon,TEAD4 IP - HCT116 cells,,,
SIX2,FADS1,kidney,"SIX2 IP - 17 weeks, Rep 2, SIX2 IP - 17 weeks, Rep 1",,,
CEBPB,FADS1,lung,"CEBPB ChIP-Seq - A549, CEBPB ChIP-Seq - IMR90, CEBPB IP - A549 cells",,,
CTCF,FADS1,pancreas,CTCF IP,,,
MAZ,FADS1,leukocytes,"MAZ IP - GM12878 cells, MAZ IP - K562 cells",,,
MAX,FADS1,vasculature,MAX IP - HUVEC cells,,,
SMAD1,FADS1,hspcs,SMAD1 IP - Rep 3,,,
ATF2,FADS1,leukocytes,ATF2 IP - GM12878 cells,,,
FOXP2,FADS1,cns,"FOXP2 IP - PFSK-1 cells, FOXP2 IP - SK cells",,,
EGR1,FADS1,colon,EGR1 IP - HCT116 cells,,,
CTCF,FADS1,liver,"CTCF IP - HepG2 cells , CTCF IP - HepG2 cells, Rep 2 , CTCF IP - HepG2 cells, Rep 1 , CTCF IP - SK-N-SH cells, CTCF IP",,,
TFAP4,FADS1,leukocytes,"TFAP4 IP - Rep 1, TFAP4 IP - Rep 2",,,
JUND,FADS1,lung,JUND IP - A549 cells,,,
SP1,FADS1,leukocytes,SP1 IP - GM12878 cells,,,
MYC,FADS1,liver,MYC IP,,,
TCF12,FADS1,uterus,TCF12 IP - ECC1 cells,,,
RUNX1,FADS1,hspcs,"RUNX1, RUNX1 IP",,,
TCF3,FADS1,leukocytes,TCF3 IP - GM12878 cells,,,
TCF12,FADS1,cns,TCF12 IP - SK-N-SH cells,,,
SRF,FADS1,colon,SRF IP - HCT116 cells,,,
NFYA,FADS1,leukocytes,NFYA IP - K562 cells,,,
IRF1,FADS1,leukocytes,"IRF1 IP | IFNG - K562 cells, 6 h, IRF1 IP | IFNG - K562 cells, 30 min, IRF1 IP | IFNA1-13 - K562 cells, 6 h",,,
TP63,FADS1,esophagus,TP63 IP - KYSE-70,,,
YY1,FADS1,liver,YY1 IP - HepG2 cells,,,
125DVD3,FADS1,colon,CEBPB IP | 125DVD3,,,
CREB1,FADS1,uterus,CREB1 IP - ECC1 cells,,,
E2F4,FADS1,leukocytes,E2F4 IP - K562 cells,21247883,,
CREB1,FADS1,leukocytes,"CREB1 IP - GM12878 cells, CREB1 IP - K562 cells",,,
MAFK,FADS1,lung,MAFK IP - IMR cells,,,
ELF1,FADS1,mammarygland,ELF1 IP - MCF7 cells,,,
ZNF143,FADS1,uterus,"ZNF143 IP - HeLa cells, ZNF143 IP - HeLa, Rep 1",,,
GABPA,FADS1,cns,GABPA IP - SK-N-SH cells,,,
ZBTB7A,FADS1,uterus,ZBTB7A IP - ECC1 cells,,,
TEAD4,FADS1,stemcells,TEAD4 IP - H1 cells,,,
CEBPB,FADS1,uterus,"CEBPB IP - ECC1 cells, CEBPB ChIP-Seq - HeLaS3",,,
TEAD4,FADS1,cns,TEAD4 IP - SK-N-SH cells,,,
SATB1,FADS1,liver,SATB1 IP,,,
EBF1,FADS1,leukocytes,"EBF1 IP - GM12878 cells, EBF1 IP - GM12878 cells",,,
ELK1,FADS1,uterus,ELK1 IP - HeLa cells,,,
FOXA1,FADS1,liver,"FOXA1 IP - HepG2 cells, Rep 2",,,
HEY1,FADS1,liver,HEY1 IP - HepG2 cells,,,
MAFF,FADS1,liver,MAFF IP - HepG2 cells,,,
ELF1,FADS1,liver,ELF1 IP - HepG2 cells,,,
TAL1,FADS1,leukocytes,TAL1 IP - MOLT3,,,
TBP,FADS1,stemcells,TBP IP - H1 cells,,,
PBX3,FADS1,cns,PBX3 IP - SK-N-SH cells,,,
FOSL1,FADS1,colon,FOSL1 IP - HCT116 cells,,,
CTCF,FADS1,esophagus,"CTCF IP - HEEpiC cells, Rep 1 ",,,
IRF4,FADS1,leukocytes,IRF4 IP,,,
YY1,FADS1,uterus,YY1 IP - ECC1 cells,,,
GATA2,FADS1,cns,GATA2 ChIP-Seq SH-SY5Y,,,
GATA3,FADS1,cns,GATA3 IP - SK-N-SH cells,,,
MAX,FADS1,stemcells,MAX IP - H1 cells,,,
FOXM1,FADS1,cns,FOXM1 IP - SK-N-SH cells,,,
JUN,FADS1,leukocytes,"JUN IP - K562 cells, Rep 1, JUN IP - K562 cells, Rep 2",,,
ELF1,FADS1,colon,ELF1 IP - HCT116 cells,,,
MXI1,FADS1,liver,MXI1 IP - HepG2 cells,,,
MAFK,FADS1,leukocytes,MAFK IP - K562 cells,,,
FOS,FADS1,vasculature,FOS IP - HUVEC cells,,,
PBX3,FADS1,lung,PBX3 IP - A549 cells,,,
TBP,FADS1,liver,TBP IP - HepG2 cells,,,
GABPA,FADS1,stemcells,GABPA IP - H1 cells,,,
TP63,FADS1,lung,TP63 IP - HCC95,,,
MAZ,FADS1,liver,MAZ IP - HepG2 cells,,,
YY1,FADS1,stemcells,YY1 IP - H1 cells,,,
ATF3,FADS1,colon,"ATF3 IP - HCT116 cells, ATF3 IP | CAMPTO",,,
CREB1,FADS1,colon,CREB1 IP ,,,
GATA2,FADS1,prostate,GATA2 KD + R1881 |Â FOXA1 ChIP-Seq,,,
EGR1,FADS1,leukocytes,EGR1 IP - K562 cells,,,
FOXA1,FADS1,lung,FOXA1 IP | DEX - A549 cells,,,
ATF2,FADS1,colon,ATF2 IP ,,,
TCF12,FADS1,stemcells,TCF12 IP - H1 cells,,,
EBF1,FADS1,adiposetissue,EBF1 IP,,,
RUNX1T1,FADS1,leukocytes,RUNX1T1 IP,,,
REST,FADS1,stemcells,"REST IP - H1 cells, Rep 1",,,
MXI1,FADS1,leukocytes,MXI1 IP - GM12878 cells,,,
ZNF384,FADS1,leukocytes,ZNF384 IP - K562 cells,,,
MAX,FADS1,lung,"MAX IP - A549 cells, MAX IP - A549 cells",,,
TBP,FADS1,uterus,TBP IP - HeLa cells,,,
JUND,FADS1,colon,JUND IP - HCT116 cells,,,
ETS1,FADS1,leukocytes,"ETS1 IP, ETS1 IP - K562 cells",,,
CEBPB,FADS1,mammarygland,CEBPB IP - MCF7 cells,,,
FORSK,FADS1,liver,CEBPB IP | FORSK - HepG2 cells,,,
E2F3,FADS1,colon,E2F3 IP ,,,
USF1,FADS1,stemcells,USF1 IP - H1 cells,,,
GATA3,FADS1,lung,GATA3 IP - A549 cells,,,
REST,FADS1,lung,REST IP - A549 cells,,,
SP1,FADS1,lung,SP1 IP - A549 cells,,,
USF1,FADS1,cns,USF1 IP | ATRA - SK-N-SH cells,,,
GLI2,FADS1,colon,GLI2 IP ,,,
POU2F2,FADS1,leukocytes,POU2F2 IP - GM12878 cells,,,
HOXA6,FADS1,colon,HOXA6 IP ,,,
FOXA2,FADS1,embryonictissue,FOXA2 IP - Rep 2,,,
ETV5,FADS1,colon,ETV5 IP ,,,
ATF3,FADS1,leukocytes,ATF3 IP - K562 cells,,,
MYC,FADS1,lung,MYC IP - A549 cells,,,
ERG,FADS1,leukocytes,ERG IP - Rep 1,,,
PIAS1,FADS1,prostate,"PIAS1 + R1881 | FOXA1 ChIP-Seq - Rep 2, PIAS1 + R1881 | FOXA1 ChIP-Seq - Rep 1",,,
TCF12,FADS1,lung,TCF12 IP - A549 cells,,,
YY1,FADS1,colon,YY1 IP - HCT116 cells,,,
REST,FADS1,pancreas,"REST IP - Panc1 cells, Rep 3",,,
JUN,FADS1,mammarygland,JUN IP - Rep 1,,,
ZEB1,FADS1,liver,ZEB1 IP - HepG2 cells,,,
TP53,FADS1,mammarygland,"TP53 IP, TP53 IP | NUTL3 - MCF-7",,,
E2F4,FADS1,mammarygland,E2F4 IP | 4HT - MCF10 cells,,,
USF1,FADS1,liver,USF1 IP - HepG2 cells,,,
TCF7L2,FADS1,uterus,TCF7L2 IP - HeLa cells,,,
ZNF143,FADS1,stemcells,ZNF143 IP - H1 cells,,,
MTA3,FADS1,leukocytes,MTA3 IP - GM12878 cells,,,
FOS,FADS1,leukocytes,FOS IP - K562 cells,,,
GABPA,FADS1,liver,"GABPA IP - MCF7 cells, GABPA IP - HepG2 cells",,,
JUN,FADS1,colon,JUN IP ,,,
RELA,FADS1,colon,RELA IP ,,,
NFYA,FADS1,uterus,NFYA IP - HeLa cells,,,
SREBF1,FADS1,liver,SREBF1 IP | INS + 22RHC - HepG2 cells,,,
22RHC; INS,FADS1,liver,SREBF1 IP | INS + 22RHC - HepG2 cells,,,
MYBL2,FADS1,liver,MYBL2 IP - HepG2 cells,,,
KLF5,FADS1,stomach,KLF5 IP - KATOIII,,,
TEAD4,FADS1,leukocytes,TEAD4 IP - K562 cells,,,
TCF12,FADS1,leukocytes,TCF12 IP - GM12878 cells,,,
JUND,FADS1,vasculature,JUND IP,,,
GABPA,FADS2,prostate,"GABPA IP | R1881, GABPA IP - Rep 1",,,
R1881,FADS2,prostate,"GABPA IP | R1881, ERG IP | R1881, CON KD + R1881 | GATA2 ChIP-Seq, CON KD + R1881 | FOXA1 ChIP-Seq - Rep 1, GATA2 KD + R1881 | FOXA1 ChIP-Seq, R1881 | FOXA1 ChIP-Seq - Rep 2, CON KD + R1881 | FOXA1 ChIP-Seq - Rep 2, CON KD + R1881 | FOXA1 ChIP-Seq, PIAS1 + R1881 | FOXA1 ChIP-Seq - Rep 2, PIAS1 + R1881 | FOXA1 ChIP-Seq - Rep 1, R1881 | FOXA1 ChIP-Seq - Rep 1",,,
TP53,FADS2,colon,"TP53 IP | NUTL3 - HCT-116, TP53 IP - HCT-116, TP53 IP | CAMPTO, TP53 IP | TP53 KO",,,
MAX,FADS2,leukocytes,"MAX IP - GM12878 cells, MAX IP - K562 cells, Rep 2, MAX IP - NB4 cells, MAX IP - K562 cells",,,
TCF12,FADS2,stemcells,TCF12 IP - H1 cells,,,
CREB1,FADS2,stemcells,CREB1 IP - H1 cells,,,
E2F6,FADS2,stemcells,E2F6 IP - H1 cells,,,
CTCF,FADS2,leukocytes,"CTCF IP - GM2630 cells, Rep 1 , CTCF IP - HeLa cells, Rep 2 , CTCF IP - MS1 cells, Rep 2 , CTCF IP - F36P cells, Rep 7 , CTCF IP - GM19239 cells, Rep 2 , CTCF IP - GM12878 cells, Rep 1 , CTCF IP - GM11894 cells, Rep 2, CTCF IP - GM18505 cells, Rep 1 , CTCF IP - GM12891 cells, Rep 2 , CTCF IP - GM12814 cells, Rep 1, CTCF IP - GM10847 cells, Rep 2 , CTCF IP - GM12864 cells, Rep 3 , CTCF IP - GM12005 cells, Rep 2, CTCF IP - GM12878 cells, Rep 1 , CTCF IP - K562 cells, Rep 15 , CTCF IP - GM12874 cells, Rep 2 , CTCF IP - GM19099 cells, Rep 2 , CTCF IP - GM11811 cells, Rep 1, CTCF IP - GM12828 cells, CTCF IP - F36P cells, Rep 19 , CTCF IP - GM2255 cells, Rep 1 , CTCF IP - GM12875 cells, Rep 2 , CTCF IP - GM18486 cells, Rep 1 , CTCF IP - GM06990 cells, Rep 2 , CTCF IP - F36P cells, Rep 13 , CTCF IP - GM12234 cells, CTCF IP - K562 cells, Rep 12 , CTCF IP - GM2610 cells, Rep 1 , CTCF IP - GM12892 cells, Rep 1 , CTCF IP - GM12749 cells, Rep 1, CTCF IP - GM2588 cells, Rep 3 , CTCF IP -  DND , CTCF IP - GM12870 cells , CTCF IP - GM2630 cells, Rep 3 , CTCF IP - HL , CTCF IP - GM12006 cells, Rep 2, CTCF IP - GM12872 cells, Rep 3 , CTCF IP - K562 cells, CTCF IP - GM12890 cells, Rep 3 , CTCF IP - K562 cells, CTCF IP - GM12154 cells, Rep 2, CTCF IP - GM12875 cells, Rep 1 , CTCF IP - F36P cells, Rep 15 , CTCF IP - GM07346 cells, CTCF IP - GM12864 cells, Rep 1 , CTCF IP - F36P cells, Rep 10 , CTCF IP - GM12873 cells, Rep 3 , CTCF IP - K562 cells, Rep 13 , CTCF IP - GM11831 cells, CTCF IP - GM19193 cells, Rep 2 , CTCF IP - GM11994 cells, Rep 1, CTCF IP - K562 cells, Rep 11 , CTCF IP - K562 cells , CTCF IP - GM2255 cells, Rep 2 , CTCF IP - F36P cells, Rep 6 , CTCF IP - GM12872 cells, Rep 1 , CTCF IP - GM12872 cells, CTCF IP - KU812 cells, Rep 17 , CTCF IP - GM11992 cells, Rep 2, CTCF IP - GM12878 cells, Rep 2 , CTCF IP - GM12154 cells, Rep 1, CTCF IP - GM12872 cells, Rep 2 , CTCF IP - GM12873 cells, Rep 1 , CTCF IP - F36P cells, Rep 9 , CTCF IP - GM11811 cells, Rep 2, CTCF IP - GM2610 cells, Rep 2 , CTCF IP - GM12865 cells, Rep 1 , CTCF IP - KU812 cells, Rep 1 , CTCF IP - GM2255 cells, Rep 3 , CTCF IP - GM11881 cells, CTCF IP - GM12865 cells, Rep 2 , CTCF IP - F36P cells, Rep 11 , CTCF IP - GM18526 cells, Rep 1 , CTCF IP - K562 cells, Rep 1 , CTCF IP - K562 cells, Rep 14 , CTCF IP - GM19240 cells, Rep 1 , CTCF IP - NB4 cells , CTCF IP - F36P cells, Rep 17 , CTCF IP - GM12878 cells , CTCF IP - GM06986 cells, CTCF IP - K562 cells, Rep 16 , CTCF IP -  CD20+ cells , CTCF IP - GM19239 cells, Rep 1 , CTCF IP - KU812 cells, Rep 5 , CTCF IP - GM19099 cells, Rep 1 , CTCF IP - GM12890 cells, Rep 2 , CTCF IP - CD14+ cells , CTCF IP - GM18951 cells, Rep 2 , CTCF IP - GM12874 cells, Rep 1 , CTCF IP - GM12891 cells, Rep 1 , CTCF IP - MS1 cells, Rep 4 , CTCF ChIP-Seq - GM12878, CTCF IP - K562 cells, CTCF IP - F36P cells, Rep 14 , CTCF IP - GM18505 cells, Rep 2 , CTCF IP - GM2588 cells, Rep 2 , CTCF IP - K562 cells, Rep 2 , CTCF IP - GM07037 cells, CTCF IP - F36P cells, Rep 2 , CTCF IP - GM12873 cells, Rep 1 , CTCF IP - GM18526 cells, Rep 2 , CTCF IP - GM12867 cells , CTCF IP - GM2610 cells, Rep 3 , CTCF IP - GM12864 cells, Rep 2 , CTCF IP - MS1 cells, Rep 1 , CTCF IP - GM18486 cells, Rep 2 , CTCF IP - GM18951 cells, Rep 1 , CTCF IP - GM12892 cells, Rep 2 , CTCF IP - GM2588 cells, Rep 1 , CTCF IP - UT-7 cells, Rep 5 , CTCF IP - GM12815 cells, Rep 1, CTCF IP - K562 cells, Rep 7 , CTCF IP - GM12869 cells , CTCF IP - UT-7 cells, Rep 6 , CTCF IP, CTCF IP - GM12865 cells, Rep 3 , CTCF IP - GM11994 cells, Rep 2, CTCF IP - GM12878 cells, Rep 2 , CTCF IP - GM12871 cells , CTCF IP - F36P cells, Rep 5 , CTCF IP - GM18486 cells, Rep 3 , CTCF IP - GM12890 cells, Rep 1 , CTCF IP - K562 cells, Rep 1 , CTCF IP - KU812 cells, Rep 13 , CTCF IP - MS1 cells, Rep 3 , CTCF IP - GM2630 cells, Rep 2 , CTCF IP - UT-7 cells, Rep 3 , CTCF IP - GM19240 cells, Rep 2 , CTCF IP - KU812 cells, Rep 9 , CTCF IP - GM12866 cells , CTCF IP - UT-7 cells, Rep 4 , CTCF IP - GM19238 cells, Rep 1 , CTCF IP - GM12868 cells , CTCF IP - F36P cells, Rep 3 , CTCF IP - GM10847 cells, Rep 1 , CTCF IP - GM19238 cells, Rep 2 , CTCF IP - GM06990 cells, Rep 1 , CTCF IP - HL-60 cells, Rep 7 , CTCF IP - F36P cells, Rep 1 , CTCF IP - GM19193 cells, Rep 1 ",,,
ZEB1,FADS2,liver,ZEB1 IP - HepG2 cells,,,
OVOL2,FADS2,colon,OVOL2 IP ,,,
CEBPB,FADS2,stemcells,"CEBPB IP - H1 cells, CEBPB IP, CEBPB IP, CEBPB IP, CEBPB IP, CEBPB IP, CEBPB IP, CEBPB IP",,,
CTCF,FADS2,placenta,"CTCF IP - HVMF cells, Rep 2 , CTCF IP - HVMF cells, Rep 1 ",,,
CTCF,FADS2,kidney,"CTCF IP - RPTEC cells, Rep 1 , CTCF IP - HEK293 cells, Rep 2 , CTCF IP - HEK293 cells, Rep 1 , CTCF IP - RPTEC cells, Rep 2 , CTCF IP - HRE cells, Rep 1 , CTCF IP - HRE cells, Rep 2 ",,,
KLF5,FADS2,pancreas,KLF5 IP,,,
TEAD4,FADS2,lung,TEAD4 IP - A549 cells,,,
CEBPB,FADS2,leukocytes,"CEBPB IP - Rep 204, CEBPB ChIP-Seq - K562, CEBPB IP, CEBPB IP, CEBPB IP - Rep 203, CEBPB IP | oxLDL  - Rep 205, CEBPB IP | oxLDL  - Rep 206, CEBPB IP - K562 cells, CEBPB IP, CEBPB IP, CEBPB IP | oxLDL  - Rep 208, CEBPB IP - Rep 201, CEBPB IP, CEBPB IP, CEBPB IP| oxLDL  - Rep 207, CEBPB IP",,,
E2F1,FADS2,prostate,"BICALU + HES6OE | E2F1 ChIP-Seq - Rep 4, BICALU | E2F1 ChIP-Seq - Rep 4, HES6 OE | E2F1 ChIP-Seq - Rep 1, E2F1 ChIP-Seq - Rep 4, BICALU | E2F1 ChIP-Seq - Rep 1, BICALU | E2F1 ChIP-Seq - Rep 2, BICALU | E2F1 ChIP-Seq - Rep 3, HES6 OE | E2F1 ChIP-Seq - Rep 2, HES6 OE | E2F1 ChIP-Seq - Rep 3, E2F1 ChIP-Seq - Rep 2, E2F1 ChIP-Seq - Rep 3, HES6 OE + BICALU | E2F1 ChIP-Seq - Rep 1, BICALU + HES6 OE | E2F1 ChIP-Seq - Rep 2, E2F1 ChIP-Seq - Rep 1, HES6 OE + BICALU | E2F1 ChIP-Seq - Rep 3",,,
BICALU,FADS2,prostate,"BICALU + HES6OE | E2F1 ChIP-Seq - Rep 4, BICALU | E2F1 ChIP-Seq - Rep 4, BICALU | E2F1 ChIP-Seq - Rep 1, BICALU | E2F1 ChIP-Seq - Rep 2, BICALU | E2F1 ChIP-Seq - Rep 3, HES6 OE + BICALU | E2F1 ChIP-Seq - Rep 1, BICALU + HES6 OE | E2F1 ChIP-Seq - Rep 2, HES6 OE + BICALU | E2F1 ChIP-Seq - Rep 3",,,
HES6,FADS2,prostate,"BICALU + HES6OE | E2F1 ChIP-Seq - Rep 4, HES6 OE | E2F1 ChIP-Seq - Rep 1, HES6 OE | E2F1 ChIP-Seq - Rep 2, HES6 OE | E2F1 ChIP-Seq - Rep 3, HES6 OE + BICALU | E2F1 ChIP-Seq - Rep 1, BICALU + HES6 OE | E2F1 ChIP-Seq - Rep 2, HES6 OE + BICALU | E2F1 ChIP-Seq - Rep 3",,,
GABPA,FADS2,leukocytes,"GABPA IP - HL cells, GABPA IP - Jurkat, Rep 2, GABPA IP - GM12878 cells, Rep 5 , GABPA IP - GM12878 cells, Rep 4 , GABPA IP - K562 cells, GABPA IP - GM12878 cells, Rep 2 , GABPA IP - Jurkat, Rep 1, GABPA IP - GM12878 cells, Rep 1 , GABPA IP - GM12878 cells, Rep 3 ",,,
JUN,FADS2,vasculature,JUN IP,,,
GATA2,FADS2,prostate,"GATA2 ChIP-Seq - Rep 2, CON KD + R1881 | GATA2 ChIP-Seq, GATA2 KD + R1881 | FOXA1 ChIP-Seq, GATA2 ChIP-Seq - Rep 1, FOXA1 + FBS | GATA2 ChIP-Seq, CON KD  | GATA2 ChIP-Seq, FOXA1 KD | GATA2 ChIP-Seq, CON KD | GATA2 ChIP-Seq, GATA2 ChIP-Seq",,,
MYC,FADS2,mammarygland,"MYC IP - MCF-10A cells, DHT | MYC ChIP-Seq, MYC IP | 4HT - MCF10A cells, MYC IP",,,
TP53,FADS2,bone,"TP53 IP | NUTL3, TP53 IP | NUTL3 - SJSA-1, TP53 IP - SJSA1, TP53 IP - Rep 2, TP53 IP - Etopo, TP53 IP - Rep 1, TP53 pS15 IP - Etopo, TP53 IP | TP53EE/RR OE",18474530,,
NUTL3,FADS2,bone,TP53 IP | NUTL3,,,
FOSL2,FADS2,lung,FOSL2 IP - A549 cells,,,
REST,FADS2,cns,"REST IP - PFSK1 cells, Rep 2, REST IP - SK-N-SH cells, REST IP - PFSK-N-SH cells1 cells, Rep 1, REST IP - SK cells, REST IP - U87 cells",,,
GATA2,FADS2,hspcs,GATA2 IP,,,
SP1,FADS2,leukocytes,"SP1 IP - GM12878 cells, SP1 IP - K562 cells",,,
CTCF,FADS2,skin,"CTCF IP - AG04449 cells, Rep 1 , CTCF IP - BJ cells, Rep 2 , CTCF IP - AG04449 cells, Rep 2 , CTCF IP - NHEK cells , CTCF IP - BJ cells, Rep 1 , CTCF IP - AG10803 cells, Rep 1 , CTCF IP - AG10803 cells, Rep 2 , CTCF IP - NHDF cells, Rep 1 , CTCF IP - HFFC cells, Rep 2 , CTCF IP - HFFC cells, Rep 3 , CTCF IP - NHEK cells, Rep 2 , CTCF IP - AG09309 cells, Rep 1 , CTCF IP - AG09309 cells, Rep 2 , CTCF IP - HFFC cells, Rep 1 , CTCF IP - NHDF cells , CTCF IP - NHDF cells, Rep 2 , CTCF IP - GM12878 cells, Rep 2 ",,,
CEBPB,FADS2,liver,"CEBPB IP - HepG2 cells, CEBPB IP | FORSK - HepG2 cells, CEBPB ChIP-Seq - HepG2",,,
NFYA,FADS2,colon,NFYA IP ,,,
ELF1,FADS2,leukocytes,"ELF1 IP - SK-N-SH cells, ELF1 IP - SK-N-SH cells",,,
CTCF,FADS2,mammarygland,"CTCF IP - MCF-7 cells, Rep 1 , CTCF IP - T47D cells, CTCF IP - HMEC cells , CTCF IP - HMEC cells, Rep 2 , CTCF IP - HMEC cells, Rep 1 , CTCF IP - MCF-7 cells Rep 2 , CTCF IP - MCF7 cells, CTCF IP - HMF cells, Rep 2 ",,,
RELA,FADS2,colon,RELA IP ,,,
EPAS1,FADS2,kidney,"EPAS1 IP | EPAS1 OE, ARNT IP | EPAS1 OE",,,
FOSL2,FADS2,liver,FOSL2 IP - HepG2 cells,,,
CTCF,FADS2,megakaryocytelineage,"CTCF IP - MEG-01 cells, Rep 6 , CTCF IP - MEG-01 cells, Rep 10 , CTCF IP - MEG-01 cells, Rep 8 , CTCF IP - MEG-01 cells, Rep 9 , CTCF IP - MEG-01 cells, Rep 2 , CTCF IP - MEG-01 cells, Rep 4 ",,,
FOXA1,FADS2,mammarygland,"DHT | FOXA1 ChIP-Seq, FOXA1 IP - T47D cells, FOXA1 ChIP-Seq - Rep 1",,,
DHT,FADS2,mammarygland,"DHT | FOXA1 ChIP-Seq, DHT | MYC ChIP-Seq",,,
MTA3,FADS2,leukocytes,MTA3 IP - GM12878 cells,,,
ERG,FADS2,prostate,"ERG IP | R1881, DHT | ERG ChIP-Seq - 18 h, DHT | ERG ChIP-Seq - 2 h, ERG ChIP-Seq, DMSO | ERG ChIP-Seq - Rep 1",,,
CTCF,FADS2,miscellaneous,"CTCF IP - AG09319 cells, Rep 1 , CTCF IP - AG09319 cells, Rep 2 ",,,
CUX1,FADS2,leukocytes,CUX1 IP - K562 cells,,,
CREB1,FADS2,liver,"CREB1 IP, CREB1 IP, CREB1 IP, CREB1 IP - HepG2 cells",,,
RELA,FADS2,adiposetissue,"RELA IP, RELA IP, RELA IP, RELA IP",,,
FOXA1,FADS2,prostate,"FOXA1 ChIP-Seq - Rep 1, CON KD + R1881 | FOXA1 ChIP-Seq - Rep 1, CON KD | FOXA1 ChIP-Seq, EtOH | FOXA1 ChIP-Seq - , FOXA1 ChIP-Seq, GATA2 KD + R1881 | FOXA1 ChIP-Seq, R1881 | FOXA1 ChIP-Seq - Rep 2, FOXA1 ChIP-Seq - LNCaP-abl, CON KD + R1881 | FOXA1 ChIP-Seq - Rep 2, FOXA1 siRNA | CREB1 ChIP-Seq - Rep 2, CON KD + R1881 | FOXA1 ChIP-Seq, FOXA1 ChIP-Seq, EtOH | FOXA1 ChIP-Seq - Rep 2, FOXA1 + FBS | GATA2 ChIP-Seq, CON KD  | FOXA1 ChIP-Seq, FOXA1 ChIP-Seq - Rep 2, CREB1 siRNA | FOXA1 ChIP-Seq - Rep 1, WT AR OE + FOXA1 OE | FOXA1 ChIP-Seq, FOXA1 siRNA | CREB1 ChIP-Seq - Rep 1, DHT | FOXA1 ChIP-Seq, CON KD | FOXA1 ChIP-Seq, FOXA1 KD | FOXA1 ChIP-Seq, FOXA1 KD | GATA2 ChIP-Seq, PIAS1 + R1881 | FOXA1 ChIP-Seq - Rep 2, FOXA1 KD | FOXA1 ChIP-Seq, PIAS1 + R1881 | FOXA1 ChIP-Seq - Rep 1, CREB1 siRNA | FOXA1 ChIP-Seq - Rep 2, POU2F1 KD + DHT | FOXA1 ChIP-Seq, R1881 | FOXA1 ChIP-Seq - Rep 1, CON KD | FOXA1 ChIP-Seq",,,
STAT3,FADS2,mammarygland,"STAT3 IP - MCF10A cells, Rep 2, STAT3 IP | 4HT - MCF10 cells, 36 h, STAT3 IP | 4HT - MCF10 cells, 12 h",,,
STAT2,FADS2,colon,STAT2 IP ,,,
CTCF,FADS2,hspcs,"CTCF IP - HEL 92.1.7 cells, Rep 5 , CTCF IP - HEL 92.1.7 cells, Rep 2 , CTCF IP - HEL 92.1.7 cells, Rep 14 , CTCF IP - HEL 92.1.7 cells, Rep 1 , CTCF IP - HEL 92.1.7 cells, Rep 13 , CTCF IP - HSPCs, Rep 2, CTCF IP - HEL 92.1.7 cells, Rep 11 , CTCF IP - Erythroid cells, Rep 1, CTCF IP - HSPCs, Rep 1, CTCF IP - HEL 92.1.7 cells, Rep 8 ",,,
REST,FADS2,leukocytes,"REST IP - GM12878 cells, Rep 3 , REST IP - GM12878 cells, Rep 10 , REST IP - GM12878 cells, Rep 4 , REST IP -  K562 cells, REST IP - Jurkat cells, Rep 4 , REST IP - GM12878 cells, Rep 12 , REST IP - HL60 cells, REST IP - K562 cells, REST IP - GM12878 cells, Rep 27 , REST IP - Jurkat cells, Rep 11 , REST IP - GM12878 cells, Rep 19 , REST IP - Jurkat cells, Rep 7 , REST IP - GM12878 cells, Rep 28 , REST IP - GM12878 cells, Rep 25 , REST IP - Jurkat cells, Rep 10 , REST IP - GM12878 cells, Rep 5 , REST IP - GM12878 cells, Rep 24 , REST IP - GM12878 cells, Rep 7 , REST IP - GM12878 cells, Rep 2, REST IP - GM12878 cells, Rep 23 , REST IP - GM12878 cells, Rep 18 , REST IP - Jurkat cells, Rep 3 , REST IP - GM12878 cells, Rep 14 , REST IP - GM12878 cells, Rep 26 , REST IP - GM12878 cells, Rep 1, REST IP - Jurkat cells, Rep 8 , REST IP - Jurkat cells, Rep 12 , REST IP - Jurkat cells, Rep 5 , REST IP - GM12878 cells, Rep 17 , REST IP - Jurkat cells, Rep 14 , REST IP - GM12878 cells, Rep 13 , REST IP - GM12878 cells, Rep 9 , REST IP - K562 cells , REST IP - GM12878 cells, Rep 8 , REST IP - GM12878 cells, Rep 11 , REST IP - GM12878 cells, Rep 1 ",,,
IRF1,FADS2,pancreas,IRF1 IP,,,
MYC,FADS2,leukocytes,"MYC IP | IFNA1 - K562 cells, 30 min, MYC IP | IFNG - K562 cells, 6 h, MYC IP | IFNA1 - K562 cells, 6 h, MYC IP - NB4 cells, MYC IP - K562 cells, Rep 1, MYC IP | IFNG - K562 cells, 30 min, MYC IP - K562 cells, Rep 2",,,
IFNA1,FADS2,leukocytes,"MYC IP | IFNA1 - K562 cells, 30 min, MYC IP | IFNA1 - K562 cells, 6 h, STAT2 IP | IFNA1-13 - K562 cells, 30 min, IRF1 IP | IFNA1-13 - K562 cells, 6 h, STAT2 IP | IFNA1-13 - K562 cells, 6 h",,,
CTCF,FADS2,bone,CTCF IP - Osteoblasts ,,,
MAX,FADS2,cns,MAX IP - SK-N-SH cells,,,
REST,FADS2,stemcells,"REST IP - H1 cells, Rep 2, REST IP - H1 cells, Rep 1",,,
MYB,FADS2,leukocytes,"MYB IP - Jurkat, Rep 1, MYB IP - Jurkat, Rep 2, MYB IP - Jurkat, Rep 5, MYB IP - Jurkat, Rep 3, MYB IP - MOLT3, MYB IP - Jurkat, Rep 4",,,
FOXA2,FADS2,lung,FOXA2 IP - A549 cells,,,
USF2,FADS2,uterus,USF2 IP - HeLa cells,,,
REST,FADS2,mammarygland,REST IP - MCF7 cells,,,
CTCF,FADS2,cns,"CTCF IP - spinal cord astrocyte cells, Rep 1 , CTCF IP - HCPEpiC cells, Rep 1 , CTCF IP - BE(2)-C cells, Rep 1 , CTCF IP - cerebellar astrocyte cells, Rep 1 , CTCF IP - cerebellar astrocyte cells, Rep 2 , CTCF IP - spinal cord astrocyte cells, Rep 2 , CTCF IP - SK-N-SH cells, Rep 2 , CTCF IP - HCPEpiC cells, Rep 2 , CTCF IP - SK-N-SH cells , CTCF IP - NHA cells , CTCF IP - SK-N-SH cells, Rep 1 , CTCF IP - BE(2)-C cells, Rep 2 , CTCF IP - SK cells",,,
BHLHE40,FADS2,leukocytes,"BHLHE40 IP - K562 cells, BHLHE40 IP - GM12878 cells",,,
TP63,FADS2,skin,"TP63 IP, TP63 IP, TP63 IP | BANF1 KD, TP63 IP - Adriam, Rep 1, TP63 IP",,,
E2F4,FADS2,leukocytes,"E2F4 IP - GM12878 cells, E2F4 IP - K562 cells",21247883,,
MXI1,FADS2,cns,MXI1 IP - SK-N-SH cells ,,,
USF1,FADS2,lung,"USF1 IP | DEX - A549 cells, USF1 IP - A549 cells, Rep 2",,,
DEX,FADS2,lung,"USF1 IP | DEX - A549 cells, CREB1 IP | DEX - A549 cells, FOXA1 IP | DEX - A549 cells, CTCF IP | DEX - A549 cells , CTCF IP | DEX - A549 cells",,,
IRF1,FADS2,colon,IRF1 IP ,,,
ZBTB7A,FADS2,liver,ZBTB7A IP - HepG2 cells,,,
ARNT,FADS2,kidney,"ARNT IP | HIF1A OE, ARNT IP, ARNT IP | EPAS1 OE",,,
HIF1A,FADS2,kidney,ARNT IP | HIF1A OE,,,
TP73,FADS2,bone,"TP73 IP - alpha isoform, Rep 2, TP73 IP - beta isoform, Rep 1, TP73 IP - beta isoform, Rep 2",,,
CREB1,FADS2,prostate,"CREB1 ChIP-Seq - LNCaP-abl, CREB1 ChIP-Seq - Rep 2, FOXA1 siRNA | CREB1 ChIP-Seq - Rep 2, CREB1 ChIP-Seq - Rep 1, CREB1 siRNA | FOXA1 ChIP-Seq - Rep 1, FOXA1 siRNA | CREB1 ChIP-Seq - Rep 1, CREB1 ChIP-Seq - LNCaP, CREB1 siRNA | FOXA1 ChIP-Seq - Rep 2",,,
CEBPA,FADS2,leukocytes,CEBPA IP,,,
TP53,FADS2,skin,"TP53 IP, TP53 IP, TP53 IP - Adriam, TP53 IP",,,
STAT1,FADS2,leukocytes,"STAT1 IP - Rep 5, STAT1 IP - Rep 3, STAT1 IP - Rep 2, STAT1 IP - Rep 4, STAT1 IP - Rep 1, STAT1 IP - Rep 6",,,
IFNG,FADS2,leukocytes,"STAT1 IP - Rep 5, MYC IP | IFNG - K562 cells, 6 h, STAT1 IP - Rep 3, STAT1 IP - Rep 2, IRF1 IP | IFNG - K562 cells, 6 h, STAT1 IP - Rep 4, STAT1 IP - Rep 1, STAT1 IP - Rep 6, IRF1 IP | IFNG - K562 cells, 30 min, MYC IP | IFNG - K562 cells, 30 min",,,
MAX,FADS2,colon,MAX IP - HCT116 cells,,,
RUNX1,FADS2,leukocytes,"RUNX1 IP, SPI1 IP | RUNX1 KD, RUNX1 IP - N terminus 1, RUNX1 IP",,,
CTCF,FADS2,stemcells,"CTCF IP - Rep 4 , CTCF IP - Rep 6 , CTCF IP - Rep 1 , CTCF IP - Rep 7 , CTCF IP - Rep 2 , CTCF IP - H1 cells, CTCF IP - Rep 5 , CTCF IP - H1 cells , CTCF IP - Rep 3 ",,,
REST,FADS2,liver,"REST IP - HepG2 cells, Rep 1, REST IP - HepG2 cells, Rep 2",,,
ARID3A,FADS2,leukocytes,ARID3A IP - K562 cells,,,
FOXP1,FADS2,leukocytes,"FOXP1 IP - OCI-LY19, FOXP1 IP - OCI-LY10, FOXP1 IP - HT",,,
KLF11,FADS2,adiposetissue,"ROSI (BrAT) | KLF11 ChIP-Seq, Rep 1, ROSI (BrAT) | KLF11 ChIP-Seq, Rep 2, KLF11 ChIP-Seq, Rep 1, KLF11 ChIP-Seq, Rep 2",,,
ROSI,FADS2,adiposetissue,"ROSI (BrAT) | KLF11 ChIP-Seq, Rep 1, ROSI (BrAT) | KLF11 ChIP-Seq, Rep 2",,,
SPI1,FADS2,leukocytes,"SPI1 IP - GM12878 cells, Rep 3 , SPI1 IP, SPI1 IP, SPI1 IP - U-937 cells, Rep 4 , SPI1 IP - U-937 cells, Rep 8 , SPI1 IP - GM12878 cells, SPI1 IP, SPI1 IP - GM12891 cells, SPI1 IP - HL cells, SPI1 IP, SPI1 IP - GM12878 cells, Rep 2 , SPI1 IP - HL-60 cells, Rep 4 , SPI1 IP, SPI1 IP - K562 cells, SPI1 IP | RUNX1 KD, SPI1 IP, SPI1 IP, SPI1 IP - GM12878 cells, Rep 4 , SPI1 IP, SPI1 IP",,,
CTCF,FADS2,lung,"CTCF IP - A549 cells, Rep 2 , CTCF IP - A549 cells, CTCF ChIP-Seq - A549, CTCF IP - IMR cells, CTCF IP | DEX - A549 cells , CTCF IP - WI-38 cells, Rep 2 , CTCF IP - A549 cells, Rep 1 , CTCF IP - NHLF cells , CTCF IP - SAEC cells, Rep 1 , CTCF IP | DEX - A549 cells, CTCF IP - AG04450 cells, Rep 2 , CTCF IP - HPF cells, Rep 2 , CTCF IP - AG04450 cells, Rep 1 , CTCF IP - WI-38 cells, Rep 1 , CTCF IP - NHLF cells , CTCF IP - A549 cells , CTCF IP - SAEC cells, Rep 2 , CTCF IP - HPF cells, Rep 1 ",,,
MXI1,FADS2,lung,MXI1 IP - IMR cells,,,
SRF,FADS2,stemcells,"SRF IP - Rep 7 , SRF IP - Rep 6 , SRF IP - Rep 4 , SRF IP - Rep 5 ",,,
CTCF,FADS2,pancreas,CTCF IP,,,
PAX5,FADS2,leukocytes,"PAX5 IP - GM12892 cells, PAX5 IP - GM12878 cells, Rep 2",,,
CREB1,FADS2,lung,"CREB1 IP | DEX - A549 cells, CREB1 IP - A549 cells, Rep 1, CREB1 IP - A549 cells, Rep 2",,,
TP53,FADS2,lung,"TP53 IP | TP53 KD - senescent, TP53 IP - propapoptic, Rep 1, TP53 IP - growing, TP53 IP - senescent",,,
ZNF143,FADS2,leukocytes,"ZNF143 IP - GM12878 cells, ZNF143 IP - K562 cells, ZNF143 IP - K562",,,
MAFK,FADS2,leukocytes,"MAFK IP - K562 cells, MAFK IP - K562 cells",,,
GATA2,FADS2,vasculature,GATA2 IP - HUVEC cells,,,
NFKB1,FADS2,leukocytes,NFKB1 IP - Rep 2,,,
SREBF2,FADS2,leukocytes,SREBF2 IP - GM12878 cells,,,
CTCF,FADS2,uterus,"CTCF IP - HeLa cells, Rep 1 , CTCF IP - HeLa cells ",,,
NFYC,FADS2,colon,NFYC IP ,,,
TP53,FADS2,leukocytes,TP53 IP - Doxo DNA damage,,,
MAZ,FADS2,leukocytes,"MAZ IP - GM12878 cells, MAZ IP - K562 cells",,,
MAX,FADS2,uterus,"MAX IP - ECC1 cells, MAX IP - HeLa cells, Rep 2, MAX IP - HeLa cells, Rep 1",,,
E2F1,FADS2,mammarygland,"E2F1 IP, E2F1 IP - MCF7 cells",,,
TAL1,FADS2,megakaryocytelineage,"TAL1 IP - CHRF-288-11 cells, Rep 4 , TAL1 IP - CHRF-288-11 cells, Rep 3 , TAL1 IP - CHRF-288-11 cells, Rep 5 , TAL1 IP - CHRF-288-11 cells, Rep 1 , TAL1 IP - CHRF-288-11 cells, Rep 6 ",,,
CTCF,FADS2,vasculature,"CTCF IP - HUVEC cells, Rep 2 , CTCF IP - HBMEC cells, Rep 1 , CTCF IP - HBMEC cells, Rep 2 , CTCF IP - HUVEC cells, Rep 1 , CTCF IP - HPAF cells, Rep 2 , CTCF IP - HPAF cells, Rep 1 , CTCF IP - AoAFC cells, Rep 2 , CTCF IP - AoAFC cells, Rep 1 , CTCF IP - HUVEC cells ",,,
ELF1,FADS2,cns,ELF1 IP - SK-N-SH cells,,,
BCL3,FADS2,lung,BCL3 IP - A549 cells,,,
YY1,FADS2,leukocytes,"YY1 IP - K562 cells, Rep 1, YY1 IP - GM12892 cells, Rep 1, YY1 IP - GM12878 cells, YY1 IP - GM12891 cells, YY1 IP - K562 cells, Rep 2",,,
TCF7L2,FADS2,mammarygland,TCF7L2 ChIP-Seq,,,
GATA4,FADS2,stomach,GATA4 IP - AGS,,,
MAZ,FADS2,uterus,MAZ IP - HeLa cells,,,
MAX,FADS2,vasculature,MAX IP - HUVEC cells,,,
CEBPB,FADS2,lung,"CEBPB ChIP-Seq - IMR90, CEBPB ChIP-Seq - A549, CEBPB IP - A549 cells",,,
ATF2,FADS2,leukocytes,ATF2 IP - GM12878 cells,,,
MYC,FADS2,uterus,MYC IP - HeLa cells,,,
YY1,FADS2,stemcells,"YY1 IP - H1 cells, YY1 IP - NT2 cells",,,
EGR1,FADS2,colon,EGR1 IP - HCT116 cells,,,
FOXP2,FADS2,cns,"FOXP2 IP - PFSK-1 cells, FOXP2 IP - SK cells",,,
CTCF,FADS2,heart,"CTCF IP - HCF cells , CTCF IP - myocytes cells, Rep 2 , CTCF IP - myocytes cells, Rep 1 ",,,
TP63,FADS2,esophagus,TP63 IP - KYSE-70,,,
TFAP4,FADS2,leukocytes,"TFAP4 IP - Rep 2, TFAP4 IP - Rep 1",,,
CEBPB,FADS2,colon,"CEBPB IP | 125DVD3, CEBPB IP, CEBPB IP - HCT116 cells",,,
125DVD3,FADS2,colon,CEBPB IP | 125DVD3,,,
FOXA1,FADS2,lung,FOXA1 IP | DEX - A549 cells,,,
REST,FADS2,lung,REST IP - A549 cells,,,
CREB1,FADS2,uterus,CREB1 IP - ECC1 cells,,,
E2F1,FADS2,uterus,"E2F1 IP - HeLa cells, Rep 2, E2F1 IP - HeLa cells, Rep 1",,,
RELA,FADS2,leukocytes,"RELA IP | TNF - GM12892 cells, RELA IP | BAY082  - IVD Th1 cells, PIA, RELA IP | TNF - GM15510 cells, RELA IP | TNF - GM19193 cells, RELA IP | TNF - GM18951 cells, RELA IP | TNF - GM18505 cells, RELA IP | TNF - GM12891 cells, RELA IP | TNF - GM10847 cells, RELA IP - IVD Th1 cells, PIA, RELA IP | TNF - GM19099 cells, RELA IP | TNF - GM12878 cells",,,
TNF,FADS2,leukocytes,"RELA IP | TNF - GM12892 cells, RELA IP | TNF - GM15510 cells, RELA IP | TNF - GM19193 cells, RELA IP | TNF - GM18951 cells, RELA IP | TNF - GM18505 cells, RELA IP | TNF - GM12891 cells, RELA IP | TNF - GM10847 cells, RELA IP | TNF - GM12878 cells",,,
ZBTB7A,FADS2,uterus,ZBTB7A IP - ECC1 cells,,,
SRF,FADS2,leukocytes,"SRF IP - K562 cells, SRF IP - SK-N-SH cells, SRF IP - GM12878 cells, Rep 2",,,
CEBPB,FADS2,uterus,"CEBPB IP - ECC1 cells, CEBPB ChIP-Seq - HeLaS3",,,
SIX2,FADS2,kidney,"SIX2 IP - 17 weeks, Rep 1, SIX2 IP - 17 weeks, Rep 2",,,
MAFK,FADS2,lung,MAFK IP - IMR cells,,,
CREB1,FADS2,leukocytes,"CREB1 IP - K562 cells, CREB1 IP - GM12878 cells",,,
FOXM1,FADS2,leukocytes,FOXM1 IP - GM12878 cells,,,
ZNF263,FADS2,kidney,ZNF263 IP - HEK293 cells,,,
HEY1,FADS2,liver,HEY1 IP - HepG2 cells,,,
REST,FADS2,pancreas,"REST IP - Panc1 cells, Rep 3",,,
CEBPB,FADS2,bone,"CEBPB IP, CEBPB IP",,,
MAFF,FADS2,liver,MAFF IP - HepG2 cells,,,
CTCF,FADS2,sensory,"CTCF IP - WERI-Rb-1- cells, Rep 1 , CTCF IP - HRPEpiC cells, Rep 2 , CTCF IP - WERI , CTCF IP - HRPEpiC cells, Rep 1 ",,,
MAZ,FADS2,liver,MAZ IP - HepG2 cells,,,
E2F4,FADS2,mammarygland,E2F4 IP | 4HT - MCF10 cells,,,
4HT,FADS2,mammarygland,"E2F4 IP | 4HT - MCF10 cells, STAT3 IP | 4HT - MCF10 cells, 36 h, FOS IP | 4HT - MCF10A cells, 36 h, MYC IP | 4HT - MCF10A cells, FOS IP | 4HT - MCF10A cells, 12 h, STAT3 IP | 4HT - MCF10 cells, 12 h, FOS IP | 4HT - MCF10A cells, 4 h",,,
GATA2,FADS2,leukocytes,"GATA2 IP - K562 cells, GATA2 IP - K562 cells",,,
TBP,FADS2,liver,TBP IP - HepG2 cells,,,
ELF1,FADS2,mammarygland,ELF1 IP - MCF7 cells,,,
DHT,FADS2,prostate,"DHT | ERG ChIP-Seq - 18 h, DHT | ERG ChIP-Seq - 2 h, DHT | FOXP1 ChIP-Seq, DHT | FOXA1 ChIP-Seq, POU2F1 KD + DHT | FOXA1 ChIP-Seq",,,
PBX3,FADS2,cns,PBX3 IP - SK-N-SH cells,,,
IRF1,FADS2,leukocytes,"IRF1 IP | IFNG - K562 cells, 6 h, IRF1 IP | IFNA1-13 - K562 cells, 6 h, IRF1 IP | IFNG - K562 cells, 30 min",,,
CTCF,FADS2,skeletalmuscle,"CTCF IP - HSMM cells, Rep 2 , CTCF IP - HSMM cells, Rep 1 ",,,
TCF7L2,FADS2,pancreas,TCF7L2 IP,,,
BAY082,FADS2,leukocytes,"RELA IP | BAY082  - IVD Th1 cells, PIA",,,
STAT3,FADS2,leukocytes,"STAT3 IP - U-2932, STAT3 IP - SU-DHL-6, STAT3 IP - SU-DHL-4",,,
ETS1,FADS2,leukocytes,"ETS1 IP - K562 cells, ETS1 IP, ETS1 IP - GM12878 cells",,,
CTCF,FADS2,liver,"CTCF IP - HepG2 cells, Rep 2 , CTCF IP - HepG2 cells , CTCF IP - HepG2 cells, Rep 1 , CTCF IP, CTCF IP - SK-N-SH cells",,,
SREBF1,FADS2,leukocytes,SREBF1 IP - GM12878 cells,,,
EBF1,FADS2,adiposetissue,"EBF1 IP, EBF1 IP",,,
FOXA2,FADS2,embryonictissue,FOXA2 IP - Rep 2,,,
TCF12,FADS2,cns,TCF12 IP - SK-N-SH cells,,,
EBF1,FADS2,leukocytes,"EBF1 IP - GM12878 cells, EBF1 IP - GM12878 cells",,,
MXI1,FADS2,liver,MXI1 IP - HepG2 cells,,,
TCF3,FADS2,leukocytes,TCF3 IP - GM12878 cells,,,
FOS,FADS2,vasculature,FOS IP - HUVEC cells,,,
ELF3,FADS2,pancreas,"ELF3 IP, ELF3 IP",,,
TEAD4,FADS2,stemcells,TEAD4 IP - H1 cells,,,
JUND,FADS2,lung,JUND IP - A549 cells,,,
ATF3,FADS2,colon,"ATF3 IP - HCT116 cells, ATF3 IP | CAMPTO",,,
RBPJ,FADS2,leukocytes,"RBPJ IP | COMPE - wash, RBPJ IP | COMPE",,,
COMPE,FADS2,leukocytes,"RBPJ IP | COMPE - wash, RBPJ IP | COMPE",,,
YY1,FADS2,cns,"YY1 IP - SK-N-SH cells, YY1 IP | ATRA - SK-N-SH cells",,,
JUND,FADS2,stemcells,JUND IP - H1 cells,,,
RUNX1T1,FADS2,leukocytes,RUNX1T1 IP,,,
SP1,FADS2,stemcells,SP1 IP - H1 cells,,,
MXI1,FADS2,leukocytes,MXI1 IP - GM12878 cells,,,
MAX,FADS2,lung,"MAX IP - A549 cells, MAX IP - A549 cells",,,
FOXM1,FADS2,cns,FOXM1 IP - SK-N-SH cells,,,
ELK1,FADS2,uterus,ELK1 IP - HeLa cells,,,
JUND,FADS2,vasculature,JUND IP,,,
NFATC1,FADS2,leukocytes,NFATC1 IP - GM12878 cells,,,
CEBPB,FADS2,mammarygland,CEBPB IP - MCF7 cells,,,
STAT5A,FADS2,leukocytes,STAT5A IP - K562 cells,,,
E2F3,FADS2,colon,E2F3 IP ,,,
FORSK,FADS2,liver,CEBPB IP | FORSK - HepG2 cells,,,
USF1,FADS2,stemcells,USF1 IP - H1 cells,,,
USF1,FADS2,cns,USF1 IP | ATRA - SK-N-SH cells,,,
ATRA,FADS2,cns,"USF1 IP | ATRA - SK-N-SH cells, YY1 IP | ATRA - SK-N-SH cells",,,
GLI2,FADS2,colon,GLI2 IP ,,,
TAL1,FADS2,leukocytes,"TAL1 IP - MOLT3, TAL1 IP - K562 cells, TAL1  IP - Rep 2",,,
HOXA6,FADS2,colon,HOXA6 IP ,,,
GABPA,FADS2,liver,"GABPA IP - HepG2 cells, GABPA IP - MCF7 cells",,,
GATA3,FADS2,cns,GATA3 IP - SK-N-SH cells,,,
NFYB,FADS2,leukocytes,"NFYB IP - K562 cells, NFYB IP - GM12878 cells",,,
MYC,FADS2,bone,"MYC IP, MYC IP, MYC IP, MYC IP",,,
TBP,FADS2,stemcells,TBP IP - H1 cells,,,
FOXP1,FADS2,prostate,DHT | FOXP1 ChIP-Seq,,,
JUN,FADS2,mammarygland,JUN IP - Rep 1,,,
GABPA,FADS2,cns,GABPA IP - SK-N-SH cells,,,
RUNX1,FADS2,hspcs,"RUNX1 IP, RUNX1",,,
YY1,FADS2,uterus,YY1 IP - ECC1 cells,,,
FOS,FADS2,mammarygland,"FOS IP | 4HT - MCF10A cells, 36 h, FOS IP - MCF10A cells, FOS IP | 4HT - MCF10A cells, 12 h, FOS IP | 4HT - MCF10A cells, 4 h",,,
JUN,FADS2,colon,JUN IP ,,,
STAT2,FADS2,leukocytes,"STAT2 IP | IFNA1-13 - K562 cells, 30 min, STAT2 IP | IFNA1-13 - K562 cells, 6 h",,,
ELF1,FADS2,liver,ELF1 IP - HepG2 cells,,,
TP53,FADS2,mammarygland,"TP53 IP | NUTL3 - MCF-7, TP53 IP",,,
CTCF,FADS2,colon,"CTCF IP - Rep 2 , CTCF IP - HCT116 cells, Rep 2 , CTCF IP - Caco-2 cells, Rep 1 , CTCF IP - HCT116 cells, Rep 1 , CTCF IP - HCT116 cells, CTCF IP - Caco ",,,
MYBL2,FADS2,liver,MYBL2 IP - HepG2 cells,,,
E2F6,FADS2,leukocytes,"E2F6 IP - K562 cells, E2F6 IP - K562 cells",,,
SREBF1,FADS2,liver,SREBF1 IP | INS + 22RHC - HepG2 cells,,,
22RHC; INS,FADS2,liver,SREBF1 IP | INS + 22RHC - HepG2 cells,,,
UBTF,FADS2,leukocytes,"UBTF IP - K562 cells, UBTF IP - K562 cells",,,
NFYB,FADS2,uterus,NFYB IP - HeLa cells,,,
CTCF,FADS2,adiposetissue,"CTCF ChIP-Seq - d 0, CTCF ChIP-Seq - d 9, CTCF ChIP-Seq - d -2",,,
MAZ,FADS2,lung,MAZ IP - IMR cells,,,
TEAD4,FADS2,colon,TEAD4 IP - HCT116 cells,,,
HEY1,FADS2,leukocytes,HEY1 IP - K562 cells,,,
CAMPTO,FADS2,colon,TP53 IP | CAMPTO,,,
E2F6,FADS2,uterus,E2F6 IP - HeLa cells,,,
TCF12,FADS2,lung,TCF12 IP - A549 cells,,,
ERG,FADS2,leukocytes,ERG IP - Rep 1,,,
TAL1,FADS2,colon,TAL1 IP ,,,
ARID3A,FADS2,liver,ARID3A IP - HepG2 cells,,,
YY1,FADS2,lung,YY1 IP - A549 cells,,,
USF1,FADS2,uterus,USF1 IP - ECC1 cells,,,
AR,FADS2,prostate,WT AR OE + FOXA1 OE | FOXA1 ChIP-Seq,,,
LYL1,FADS2,leukocytes,"LYL1 IP - Kasumi-1, LYL1 IP - NB4",,,
BACH1,FADS2,stemcells,BACH1 IP - H1 cells,,,
ATF1,FADS2,leukocytes,ATF1 IP - K562 cells,,,
HOXA4,FADS2,colon,HOXA4 IP ,,,
USF1,FADS2,colon,USF1 IP - HCT116 cells,,,
ZBTB7A,FADS2,leukocytes,ZBTB7A IP - SK-N-SH cells,,,
ZKSCAN1,FADS2,uterus,ZKSCAN1 IP - HeLa cells,,,
GTF2F1,FADS2,uterus,GTF2F1 IP - HeLa cells,,,
MXI1,FADS2,uterus,MXI1 IP - HeLa cells,,,
TBP,FADS2,uterus,TBP IP - HeLa cells,,,
TP63,FADS2,thyroidgland,TP63 IP - TT MTC,,,
BANF1,FADS2,skin,TP63 IP | BANF1 KD,,,
ELK1,FADS2,leukocytes,"ELK1 IP - K562 cells, ELK1 IP - GM12878 cells",,,
YY1,FADS2,liver,YY1 IP - HepG2 cells,,,
MAFF,FADS2,leukocytes,MAFF IP - K562 cells,,,
TCF12,FADS2,leukocytes,TCF12 IP - GM12878 cells,,,
ZNF263,FADS2,leukocytes,ZNF263 IP - K562 cells,,,
CTCF,FADS2,esophagus,"CTCF IP - HEEpiC cells, Rep 1 ",,,
BHLHE40,FADS2,liver,BHLHE40 IP - HepG2 cells,,,
SP1,FADS2,colon,SP1 IP - HCT116 cells,,,
MYC,FADS2,liver,MYC IP,,,
REST,FADS2,uterus,"REST IP - SK-N-SH cells, REST IP - ECC1 cells",,,
MAX,FADS2,liver,"MAX IP - HepG2 cells, MAX IP - MCF7 cells, MAX IP - HepG2 cells",,,
HMGN3,FADS2,leukocytes,HMGN3 IP - K562 cells,,,
E2F6,FADS2,lung,E2F6 IP - A549 cells,,,
MYC,FADS2,stemcells,MYC IP - Rep 2 ,,,
OTX2,FADS2,stemcells,OTX2 IP - Rep 10 ,,,
TBP,FADS2,leukocytes,"TBP IP - GM12878 cells, TBP IP - K562 cells",,,
MAFK,FADS2,liver,"MAFK IP - HepG2 cells, Rep 1, MAFK IP - HepG2 cells, Rep 2",,,
SP1,FADS2,liver,SP1 IP - HepG2 cells,,,
NFYA,FADS2,leukocytes,NFYA IP - K562 cells,,,
GATA3,FADS2,lung,GATA3 IP - A549 cells,,,
JUND,FADS2,colon,JUND IP - HCT116 cells,,,
TEAD1,FADS2,cns,TEAD1 IP - Rep 1,,,
FLI1,FADS2,hspcs,FLI1 IP,,,
ELF1,FADS2,colon,ELF1 IP - HCT116 cells,,,
ZNF143,FADS2,uterus,"ZNF143 IP - HeLa cells, ZNF143 IP - HeLa, Rep 1",,,
STAT5B,FADS2,leukocytes,"STAT5B IP | H9, Rep 2",,,
H9,FADS2,leukocytes,"STAT5B IP | H9, Rep 2",,,
JUND,FADS2,liver,JUND IP - HepG2 cells,,,
GTF2B,FADS2,uterus,"GTF2B IP - Rep 3, GTF2B IP - DTT, Rep 1, GTF2B IP - Rep 2",,,
SATB1,FADS2,liver,SATB1 IP,,,
HIF1A,FADS2,bone,HIF1A IP,,,
GABPA,FADS2,stemcells,GABPA IP - H1 cells,,,
TCF7L2,FADS2,uterus,TCF7L2 IP - HeLa cells,,,
FOSL1,FADS2,colon,FOSL1 IP - HCT116 cells,,,
PIAS1,FADS2,prostate,"PIAS1 + R1881 | FOXA1 ChIP-Seq - Rep 2, PIAS1 + R1881 | FOXA1 ChIP-Seq - Rep 1",,,
POU2F2,FADS2,leukocytes,POU2F2 IP - GM12878 cells,,,
YY1,FADS2,colon,YY1 IP - HCT116 cells,,,
GATA1,FADS2,hspcs,"GATA1 IP - PBDE cells, Rep 1",,,
GATA2,FADS2,cns,GATA2 ChIP-Seq SH-SY5Y,,,
IRF4,FADS2,leukocytes,IRF4 IP,,,
MAX,FADS2,stemcells,MAX IP - H1 cells,,,
JUN,FADS2,leukocytes,"JUN IP - K562 cells, Rep 1, JUN IP - K562 cells, Rep 2",,,
PBX3,FADS2,lung,PBX3 IP - A549 cells,,,
GATA3,FADS2,mammarygland,"GATA3 IP - T47D cells, GATA3 IP - MCF7 cells",,,
TP63,FADS2,lung,TP63 IP - HCC95,,,
TCF12,FADS2,uterus,TCF12 IP - ECC1 cells,,,
CREB1,FADS2,colon,CREB1 IP ,,,
EGR1,FADS2,leukocytes,EGR1 IP - K562 cells,,,
ATF2,FADS2,colon,ATF2 IP ,,,
ZNF384,FADS2,leukocytes,ZNF384 IP - K562 cells,,,
SMAD1,FADS2,hspcs,SMAD1 IP - Rep 3,,,
ARNTL,FADS2,colon,ARNTL IP - Rep 1 ,,,
TEAD4,FADS2,uterus,TEAD4 IP - ECC1 cells,,,
TEAD4,FADS2,leukocytes,TEAD4 IP - K562 cells,,,
ETV5,FADS2,colon,ETV5 IP ,,,
ATF3,FADS2,leukocytes,ATF3 IP - K562 cells,,,
POU2F1,FADS2,prostate,POU2F1 KD + DHT | FOXA1 ChIP-Seq,,,
GTF2B,FADS2,leukocytes,GTF2B IP - K562 cells,,,
SRF,FADS2,colon,SRF IP - HCT116 cells,,,
E2F4,FADS2,uterus,E2F4 IP - HeLa cells,,,
FOXA1,FADS2,liver,"FOXA1 IP - HepG2 cells, Rep 2",,,
TEAD4,FADS2,cns,TEAD4 IP - SK-N-SH cells,,,
SP1,FADS2,lung,SP1 IP - A549 cells,,,
FOXM1,FADS2,uterus,FOXM1 IP - ECC1 cells,,,
USF1,FADS2,liver,USF1 IP - HepG2 cells,,,
JUND,FADS2,leukocytes,JUND IP - K562 cells,,,
ZNF143,FADS2,stemcells,ZNF143 IP - H1 cells,,,
FOS,FADS2,leukocytes,FOS IP - K562 cells,,,
BCL3,FADS2,leukocytes,BCL3 IP - GM12878 cells,,,
MYC,FADS2,lung,MYC IP - A549 cells,,,
NFYA,FADS2,uterus,NFYA IP - HeLa cells,,,
KLF5,FADS2,stomach,KLF5 IP - KATOIII,,,
TP63,HACD1,thyroidgland,TP63 IP - TT MTC,,,
MYB,HACD1,leukocytes,"MYB IP - Jurkat, Rep 2, MYB IP - Jurkat, Rep 3, MYB IP - Jurkat, Rep 1, MYB IP - MOLT3, MYB IP - Jurkat, Rep 5, MYB IP - Jurkat, Rep 4",,,
CTCF,HACD1,leukocytes,"CTCF IP - K562 cells, Rep 1 , CTCF IP - GM06990 cells, Rep 1 , CTCF IP - F36P cells, Rep 9 , CTCF IP - UT-7 cells, Rep 4 , CTCF IP - GM12865 cells, Rep 2 , CTCF IP - MS1 cells, Rep 3 , CTCF IP - GM2630 cells, Rep 2 , CTCF IP - GM2588 cells, Rep 2 , CTCF IP - GM11994 cells, Rep 1, CTCF IP - GM10847 cells, Rep 3 , CTCF IP - UT-7 cells, Rep 3 , CTCF IP - MS1 cells, Rep 4 , CTCF IP - KU812 cells, Rep 17 , CTCF IP - KU812 cells, Rep 13 , CTCF IP - GM12874 cells, CTCF IP - F36P cells, Rep 6 , CTCF IP - GM12154 cells, Rep 1, CTCF IP - GM12866 cells , CTCF IP - F36P cells, Rep 5 , CTCF IP - GM2255 cells, Rep 2 , CTCF IP - GM11992 cells, Rep 1, CTCF IP - K562 cells, Rep 11 , CTCF IP - GM18486 cells, Rep 1 , CTCF IP - GM12873 cells, Rep 3 , CTCF IP - GM11811 cells, Rep 2, CTCF IP - GM12869 cells , CTCF IP - KU812 cells, Rep 9 , CTCF IP - HL-60 cells, Rep 7 , CTCF IP - GM12801 cells , CTCF IP - F36P cells, Rep 1 , CTCF IP - GM12891 cells, Rep 1 , CTCF IP - GM18486 cells, Rep 2 , CTCF IP - GM2588 cells, Rep 3 , CTCF IP - GM12865 cells, Rep 3 , CTCF IP - GM18951 cells, Rep 2 , CTCF IP - GM18526 cells, Rep 2 , CTCF IP - GM18505 cells, Rep 2 , CTCF IP - GM19193 cells, Rep 1 , CTCF IP - GM06986 cells, CTCF IP - GM12875 cells, Rep 2 , CTCF IP - F36P cells, Rep 7 , CTCF IP - K562 cells, Rep 16 , CTCF IP - K562 cells, Rep 9 , CTCF IP - GM12892 cells, Rep 2 , CTCF IP - KU812 cells, Rep 1 , CTCF IP - GM12006 cells, Rep 1, CTCF IP - F36P cells, Rep 11 , CTCF IP - GM12815 cells, Rep 2, CTCF IP - GM11881 cells, CTCF IP - F36P cells, Rep 3 , CTCF IP - HL-60 cells, Rep 2 , CTCF IP - GM18526 cells, Rep 1 , CTCF IP - F36P cells, Rep 19 , CTCF IP - F36P cells, Rep 17 , CTCF IP - GM11894 cells, Rep 2, CTCF IP - GM12828 cells, CTCF IP - GM12872 cells, Rep 2 , CTCF IP - GM12005 cells, Rep 1, CTCF IP - GM12005 cells, Rep 2, CTCF IP - GM12865 cells, Rep 1 , CTCF IP - GM19193 cells, Rep 2 , CTCF IP - GM12814 cells, Rep 1, CTCF IP - GM12868 cells , CTCF IP - GM18486 cells, Rep 3 , CTCF IP - GM12873 cells, Rep 1 , CTCF IP - GM12874 cells, Rep 2 , CTCF IP - GM12878 cells , CTCF IP - GM12890 cells, Rep 1 , CTCF IP - GM2588 cells, Rep 1 , CTCF IP - K562 cells, Rep 14 , CTCF IP - GM12864 cells, Rep 3 , CTCF IP - K562 cells, Rep 15 , CTCF IP - GM12749 cells, Rep 2, CTCF IP - GM2255 cells, Rep 1 , CTCF IP - GM12890 cells, Rep 2 , CTCF IP, CTCF IP - GM12872 cells, Rep 3 , CTCF IP - GM19238 cells, Rep 1 , CTCF IP - GM12878 cells, Rep 1 , CTCF IP - HL , CTCF IP - GM19239 cells, Rep 1 , CTCF IP - HL-60 cells, Rep 5 , CTCF IP - GM12864 cells, Rep 2 , CTCF IP - GM19240 cells, Rep 2 , CTCF IP - GM12878 cells, Rep 2 , CTCF IP - GM10847 cells, Rep 2 , CTCF IP - CD14+ cells , CTCF IP - KU812 cells, Rep 5 , CTCF IP - GM12814 cells, Rep 2, CTCF IP - GM11811 cells, Rep 1, CTCF ChIP-Seq - GM12878, CTCF IP - GM12006 cells, Rep 2, CTCF IP - HeLa cells, Rep 2 , CTCF IP - Â CD20+ cells , CTCF IP - K562 cells, CTCF IP - GM2610 cells, Rep 2 , CTCF IP - GM12489 cells, Rep 1, CTCF IP - NB4 cells , CTCF IP - GM12878 cells, Rep 1 , CTCF IP - GM12234 cells, CTCF IP - GM12749 cells, Rep 1, CTCF IP - GM2255 cells, Rep 3 , CTCF IP - F36P cells, Rep 13 , CTCF IP - GM12287 cells, Rep 1, CTCF IP - GM10847 cells, Rep 1 , CTCF IP - GM12870 cells , CTCF IP - GM12867 cells , CTCF IP - F36P cells, Rep 14 , CTCF IP - GM19238 cells, Rep 2 , CTCF IP - GM12873 cells, Rep 1 , CTCF IP - GM12890 cells, Rep 3 , CTCF IP - K562 cells, Rep 13 , CTCF IP - GM2610 cells, Rep 3 , CTCF IP - F36P cells, Rep 10 , CTCF IP - MS1 cells, Rep 1 , CTCF IP - GM18951 cells, Rep 1 , CTCF IP - GM07037 cells, CTCF IP - GM2610 cells, Rep 1 , CTCF IP - GM12892 cells, Rep 1 , CTCF IP - GM11994 cells, Rep 2, CTCF IP - GM19240 cells, Rep 1 , CTCF IP - GM12875 cells, Rep 1 , CTCF IP - K562 cells, CTCF IP - HL-60 cells, Rep 9 , CTCF IP - GM07346 cells, CTCF IP - Â DND , CTCF IP - GM12864 cells, Rep 1 , CTCF IP - GM12489 cells, Rep 2, CTCF IP - F36P cells, Rep 2 , CTCF IP - MS1 cells, Rep 2 , CTCF IP - K562 cells, Rep 12 , CTCF IP - GM2630 cells, Rep 3 , CTCF IP - GM18505 cells, Rep 1 , CTCF IP - GM06990 cells, Rep 2 , CTCF IP - GM12815 cells, Rep 1, CTCF IP - GM11831 cells, CTCF IP - F36P cells, Rep 15 , CTCF IP - GM19239 cells, Rep 2 , CTCF IP - GM12874 cells, Rep 1 , CTCF IP - GM12891 cells, Rep 2 , CTCF IP - GM12872 cells, CTCF IP - K562 cells, Rep 2 , CTCF IP - GM2630 cells, Rep 1 , CTCF IP, CTCF IP - GM12871 cells , CTCF IP - GM12154 cells, Rep 2, CTCF IP - GM19099 cells, Rep 1 , CTCF IP - GM12878 cells, Rep 2 , CTCF IP - K562 cells , CTCF IP - GM19099 cells, Rep 2 , CTCF IP - GM12872 cells, Rep 1 ",,,
CTCF,HACD1,stemcells,"CTCF IP - Rep 5 , CTCF IP - H1 cells, CTCF IP - Rep 4 , CTCF IP - Rep 2 , CTCF IP - H1 cells , CTCF IP - Rep 1 , CTCF IP - Rep 7 , CTCF IP - Rep 3 , CTCF IP - Rep 6 ",,,
MYC,HACD1,bone,"MYC IP, MYC IP",,,
MAZ,HACD1,leukocytes,MAZ IP - K562 cells,,,
TP73,HACD1,bone,"TP73 IP - beta isoform, Rep 1, TP73 IP - alpha isoform, Rep 1",,,
CTCF,HACD1,colon,"CTCF IP - Caco , CTCF IP - Rep 1 , CTCF IP - HCT116 cells, Rep 2 , CTCF IP - HCT116 cells, CTCF IP - HCT116 cells, Rep 1 , CTCF IP - Rep 3 , CTCF IP - Caco-2 cells, Rep 1 ",,,
CEBPB,HACD1,leukocytes,"CEBPB IP, CEBPB IP, CEBPB IP - K562 cells, CEBPB IP - Rep 204, CEBPB ChIP-Seq - K562, CEBPB IP | oxLDL  - Rep 208, CEBPB IP - Rep 203, CEBPB IP",,,
CTCF,HACD1,skin,"CTCF IP - AG10803 cells, Rep 1 , CTCF IP - GM12878 cells, Rep 2 , CTCF IP - NHDF cells, Rep 2 , CTCF IP - AG09309 cells, Rep 1 , CTCF IP - AG04449 cells, Rep 1 , CTCF IP - AG10803 cells, Rep 2 , CTCF IP - AG09309 cells, Rep 2 , CTCF IP - HFFC cells, Rep 1 , CTCF IP - NHDF cells , CTCF IP - HFFC cells, Rep 3 , CTCF IP - NHDF cells, Rep 1 , CTCF IP - HFFC cells, Rep 2 , CTCF IP - NHEK cells, Rep 2 , CTCF IP - BJ cells, Rep 2 , CTCF IP - BJ cells, Rep 1 , CTCF IP - NHEK cells , CTCF IP - AG04449 cells, Rep 2 ",,,
IRF4,HACD1,leukocytes,"IRF4 IP - GM12878 cells, IRF4 IP",,,
CTCF,HACD1,sensory,"CTCF IP - HRPEpiC cells, Rep 1 , CTCF IP - WERI , CTCF IP - WERI-Rb-1- cells, Rep 1 , CTCF IP - HRPEpiC cells, Rep 2 ",,,
CTCF,HACD1,megakaryocytelineage,"CTCF IP - MEG-01 cells, Rep 8 , CTCF IP - MEG-01 cells, Rep 3 , CTCF IP - MEG-01 cells, Rep 6 , CTCF IP - MEG-01 cells, Rep 2 , CTCF IP - MEG-01 cells, Rep 10 , CTCF IP - MEG-01 cells, Rep 4 ",,,
MAFK,HACD1,leukocytes,"MAFK IP - K562 cells, MAFK IP - K562 cells",,,
CTCF,HACD1,heart,"CTCF IP - myocytes cells, Rep 2 , CTCF IP - HCF cells , CTCF IP - myocytes cells, Rep 1 ",,,
GATA6,HACD1,stomach,GATA6 IP - YCC3,,,
YY1,HACD1,liver,YY1 IP - HepG2 cells,,,
ZNF263,HACD1,kidney,ZNF263 IP - HEK293 cells,,,
CTCF,HACD1,liver,"CTCF IP, CTCF IP - SK-N-SH cells, CTCF IP - HepG2 cells , CTCF IP - HepG2 cells, Rep 1 , CTCF IP - HepG2 cells, Rep 2 ",,,
SRF,HACD1,stemcells,"SRF IP - Rep 4 , SRF IP - Rep 7 , SRF IP - Rep 6 , SRF IP - Rep 5 , SRF IP - Rep 1 , SRF IP - H1 cells",,,
TP53,HACD1,skin,"TP53 IP - Adriam, TP53 IP",,,
ARID3A,HACD1,leukocytes,ARID3A IP - K562 cells,,,
CEBPB,HACD1,uterus,"CEBPB IP - ECC1 cells, CEBPB ChIP-Seq - HeLaS3",,,
CTCF,HACD1,mammarygland,"CTCF IP - HMEC cells, Rep 1 , CTCF IP - T47D cells, CTCF IP - HMEC cells , CTCF IP - HMF cells, Rep 1 , CTCF IP - MCF-7 cells Rep 2 , CTCF IP - MCF-7 cells, Rep 1 , CTCF IP - HMF cells, Rep 2 , CTCF IP - HMEC cells, Rep 2 , CTCF IP - MCF7 cells",,,
CTCF,HACD1,vasculature,"CTCF IP - HBMEC cells, Rep 1 , CTCF IP - HUVEC cells , CTCF IP - HUVEC cells, Rep 1 , CTCF IP - HBMEC cells, Rep 2 , CTCF IP - AoAFC cells, Rep 2 , CTCF IP - HPAF cells, Rep 2 , CTCF IP - HUVEC cells, Rep 2 , CTCF IP - HPAF cells, Rep 1 , CTCF IP - AoAFC cells, Rep 1 ",,,
FOXA1,HACD1,mammarygland,"DHT | FOXA1 ChIP-Seq, FOXA1 IP - T47D cells",,,
DHT,HACD1,mammarygland,"DHT | FOXA1 ChIP-Seq, DHT | MYC ChIP-Seq",,,
CREB1,HACD1,lung,CREB1 IP | DEX - A549 cells,,,
DEX,HACD1,lung,"CREB1 IP | DEX - A549 cells, CTCF IP | DEX - A549 cells , CTCF IP | DEX - A549 cells",,,
MAX,HACD1,leukocytes,"MAX IP - K562 cells, MAX IP - NB4 cells, MAX IP - K562 cells, Rep 2",,,
RUNX1,HACD1,hspcs,RUNX1,,,
YY1,HACD1,cns,"YY1 IP | ATRA - SK-N-SH cells, YY1 IP - SK-N-SH cells",,,
ATRA,HACD1,cns,"YY1 IP | ATRA - SK-N-SH cells, USF1 IP | ATRA - SK-N-SH cells",,,
CEBPB,HACD1,stemcells,"CEBPB IP, CEBPB IP, CEBPB IP, CEBPB IP - H1 cells, CEBPB IP, CEBPB IP",,,
MAX,HACD1,colon,MAX IP - HCT116 cells,,,
IRF1,HACD1,leukocytes,"IRF1 IP | IFNG - K562 cells, 30 min, IRF1 IP | IFNA1-13 - K562 cells, 6 h, IRF1 IP - Rep 3",,,
IFNG,HACD1,leukocytes,"IRF1 IP | IFNG - K562 cells, 30 min, MYC IP | IFNG - K562 cells, 6 h, IRF1 IP - Rep 3, MYC IP | IFNG - K562 cells, 30 min, STAT1 IP - Rep 5, STAT1 IP - Rep 3",,,
CTCF,HACD1,kidney,"CTCF IP - HRE cells, Rep 2 , CTCF IP - HEK293 cells, Rep 2 , CTCF IP - RPTEC cells, Rep 1 , CTCF IP - HEK293 cells, Rep 1 , CTCF IP - RPTEC cells, Rep 2 , CTCF IP - HRE cells, Rep 1 ",,,
ATF3,HACD1,colon,ATF3 IP | CAMPTO,,,
FOXA1,HACD1,prostate,"FOXA1 ChIP-Seq - LNCaP, DHT | FOXA1 ChIP-Seq, CON KD + R1881 | FOXA1 ChIP-Seq - Rep 1, DHT | FOXA1 ChIP-Seq, CON KD | FOXA1 ChIP-Seq, EtOH | FOXA1 ChIP-Seq - , GATA2 KD + R1881 |Â FOXA1 ChIP-Seq, DHT | FOXA1 ChIP-Seq, R1881 | FOXA1 ChIP-Seq - Rep 2, CON KD |Â FOXA1 ChIP-Seq, FOXA1 KD | FOXA1 ChIP-Seq, CON KD + R1881 | FOXA1 ChIP-Seq - Rep 2, PIAS1 + R1881 | FOXA1 ChIP-Seq - Rep 2, DHT | FOXA1 ChIP-Seq, FOXA1 KD | FOXA1 ChIP-Seq, CON KD + R1881 |Â FOXA1 ChIP-Seq, PIAS1 + R1881 | FOXA1 ChIP-Seq - Rep 1, FOXA1 ChIP-Seq, WT AR OE + FOXA1 OE | FOXA1 ChIP-Seq - high FOXA1, EtOH | FOXA1 ChIP-Seq - Rep 2, AR C562S OE + FOXA1 OE | FOXA1 ChIP-Seq, FOXA1 KD + DHT | POU2F1 ChIP-Seq, POU2F1 KD + DHT | FOXA1 ChIP-Seq, R1881 | FOXA1 ChIP-Seq - Rep 1, CON KD | FOXA1 ChIP-Seq",,,
CEBPB,HACD1,bone,"CEBPB IP, CEBPB IP",,,
CTCF,HACD1,cns,"CTCF IP - SK-N-SH cells , CTCF IP - HCPEpiC cells, Rep 1 , CTCF IP - BE(2)-C cells, Rep 2 , CTCF IP - spinal cord astrocyte cells, Rep 1 , CTCF IP - SK cells, CTCF IP - SK-N-SH cells, Rep 1 , CTCF IP - NHA cells , CTCF IP - spinal cord astrocyte cells, Rep 2 , CTCF IP - HCPEpiC cells, Rep 2 , CTCF IP - SK-N-SH cells, Rep 2 , CTCF IP - cerebellar astrocyte cells, Rep 1 , CTCF IP - cerebellar astrocyte cells, Rep 2 , CTCF IP - BE(2)-C cells, Rep 1 ",,,
CREB1,HACD1,liver,"CREB1 IP - HepG2 cells, CREB1 IP, CREB1 IP",,,
GATA3,HACD1,mammarygland,GATA3 IP - T47D cells,,,
SP1,HACD1,lung,SP1 IP - A549 cells,,,
CTCF,HACD1,hspcs,"CTCF IP - HSPCs, Rep 1, CTCF IP - HEL 92.1.7 cells, Rep 14 , CTCF IP - HEL 92.1.7 cells, Rep 8 , CTCF IP - Erythroid cells, Rep 2, CTCF IP - HEL 92.1.7 cells, Rep 1 , CTCF IP - HEL 92.1.7 cells, Rep 5 , CTCF IP - HSPCs, Rep 2, CTCF IP - HEL 92.1.7 cells, Rep 4 , CTCF IP - HEL 92.1.7 cells, Rep 2 , CTCF IP - HEL 92.1.7 cells, Rep 11 , CTCF IP - Erythroid cells, Rep 1, CTCF IP - HEL 92.1.7 cells, Rep 10 ",,,
FOS,HACD1,mammarygland,"FOS IP | 4HT - MCF10A cells, 12 h, FOS IP | 4HT - MCF10A cells, 4 h, FOS IP - MCF10A cells, FOS IP | 4HT - MCF10A cells, 36 h",,,
4HT,HACD1,mammarygland,"FOS IP | 4HT - MCF10A cells, 12 h, FOS IP | 4HT - MCF10A cells, 4 h, FOS IP | 4HT - MCF10A cells, 36 h, E2F4 IP | 4HT - MCF10 cells",,,
EBF1,HACD1,leukocytes,EBF1 IP - GM12878 cells,,,
CTCF,HACD1,lung,"CTCF IP - SAEC cells, Rep 2 , CTCF IP - A549 cells , CTCF IP - NHLF cells , CTCF IP - SAEC cells, Rep 1 , CTCF IP - HPF cells, Rep 1 , CTCF IP - WI-38 cells, Rep 1 , CTCF IP - IMR cells, CTCF IP - AG04450 cells, Rep 2 , CTCF IP - HPF cells, Rep 2 , CTCF ChIP-Seq - A549, CTCF IP - AG04450 cells, Rep 1 , CTCF IP | DEX - A549 cells , CTCF IP - NHLF cells , CTCF IP | DEX - A549 cells, CTCF IP - A549 cells, Rep 2 , CTCF IP - A549 cells",,,
E2F6,HACD1,lung,E2F6 IP - A549 cells,,,
EGR1,HACD1,liver,EGR1 IP - MCF7 cells,,,
NANOG,HACD1,stemcells,"NANOG IP - Rep 8 , NANOG IP - H1 cells, NANOG IP - Rep 5 ",,,
JUN,HACD1,colon,JUN IP ,,,
ARID3A,HACD1,liver,ARID3A IP - HepG2 cells,,,
DHT,HACD1,prostate,"DHT | FOXA1 ChIP-Seq, DHT | FOXA1 ChIP-Seq, DHT | FOXA1 ChIP-Seq, DHT | FOXA1 ChIP-Seq, FOXA1 KD + DHT | POU2F1 ChIP-Seq, POU2F1 KD + DHT | FOXA1 ChIP-Seq, DHT | ERG ChIP-Seq - 2 h",,,
ATF2,HACD1,colon,ATF2 IP ,,,
R1881,HACD1,prostate,"CON KD + R1881 | FOXA1 ChIP-Seq - Rep 1, GATA2 KD + R1881 |Â FOXA1 ChIP-Seq, R1881 | FOXA1 ChIP-Seq - Rep 2, CON KD + R1881 | FOXA1 ChIP-Seq - Rep 2, PIAS1 + R1881 | FOXA1 ChIP-Seq - Rep 2, CON KD + R1881 |Â FOXA1 ChIP-Seq, PIAS1 + R1881 | FOXA1 ChIP-Seq - Rep 1, R1881 | FOXA1 ChIP-Seq - Rep 1",,,
TEAD4,HACD1,leukocytes,TEAD4 IP - K562 cells,,,
MXI1,HACD1,liver,MXI1 IP - HepG2 cells,,,
TAL1,HACD1,leukocytes,"TAL1 IP - K562 cells, TAL1 IP - MOLT3",,,
SPI1,HACD1,leukocytes,"SPI1 IP, SPI1 IP - GM12878 cells, SPI1 IP, SPI1 IP - GM12891 cells, SPI1 IP - GM12878 cells, Rep 2 , SPI1 IP - GM12878 cells, Rep 3 , SPI1 IP",,,
E2F6,HACD1,leukocytes,"E2F6 IP - K562 cells, E2F6 IP - K562 cells",,,
EGR1,HACD1,leukocytes,EGR1 IP - K562 cells,,,
CEBPB,HACD1,liver,"CEBPB ChIP-Seq - HepG2, CEBPB IP | FORSK - HepG2 cells, CEBPB IP - HepG2 cells",,,
MYC,HACD1,lung,MYC IP - A549 cells,,,
CTCF,HACD1,uterus,"CTCF IP - ECC1 cells, CTCF IP - HeLa cells , CTCF IP - HeLa cells, Rep 1 ",,,
RELA,HACD1,leukocytes,"RELA IP | TNF - GM19099 cells, RELA IP | TNF - GM10847 cells, RELA IP | TNF - GM18505 cells",,,
TEAD4,HACD1,colon,TEAD4 IP - HCT116 cells,,,
CEBPB,HACD1,lung,"CEBPB IP - A549 cells, CEBPB ChIP-Seq - A549, CEBPB ChIP-Seq - IMR90",,,
POU2F2,HACD1,leukocytes,POU2F2 IP - GM12878 cells,,,
E2F1,HACD1,uterus,"E2F1 IP - HeLa cells, Rep 1, E2F1 IP - HeLa cells, Rep 2",,,
SRF,HACD1,colon,SRF IP - HCT116 cells,,,
CTCF,HACD1,adiposetissue,"CTCF ChIP-Seq - d -2, CTCF ChIP-Seq - d 9, CTCF ChIP-Seq - d 0, CTCF ChIP-Seq - dÂ 3",,,
MYC,HACD1,leukocytes,"MYC IP - NB4 cells, MYC IP | IFNG - K562 cells, 6 h, MYC IP | IFNG - K562 cells, 30 min",,,
BHLHE40,HACD1,liver,BHLHE40 IP - HepG2 cells,,,
KLF11,HACD1,adiposetissue,"KLF11 ChIP-Seq, Rep 2, ROSI (BrAT) | KLF11 ChIP-Seq, Rep 1, ROSI (BrAT) | KLF11 ChIP-Seq, Rep 2",,,
HIF1A,HACD1,bone,HIF1A IP,,,
GABPA,HACD1,leukocytes,"GABPA IP - Jurkat, Rep 2, GABPA IP - Jurkat, Rep 1",,,
YY1,HACD1,leukocytes,"YY1 IP - K562 cells, Rep 2, YY1 IP - GM12878 cells, YY1 IP - K562 cells, Rep 1",,,
E2F3,HACD1,colon,E2F3 IP ,,,
GATA2,HACD1,prostate,GATA2 KD + R1881 |Â FOXA1 ChIP-Seq,,,
CEBPB,HACD1,mammarygland,CEBPB IP - MCF7 cells,,,
ZEB1,HACD1,liver,ZEB1 IP - HepG2 cells,,,
STAT5A,HACD1,leukocytes,STAT5A IP - K562 cells,,,
FORSK,HACD1,liver,CEBPB IP | FORSK - HepG2 cells,,,
FOXM1,HACD1,leukocytes,FOXM1 IP - GM12878 cells,,,
MAX,HACD1,cns,MAX IP - SK-N-SH cells,,,
ZBTB7A,HACD1,uterus,ZBTB7A IP - ECC1 cells,,,
CTCF,HACD1,placenta,"CTCF IP - HVMF cells, Rep 2 , CTCF IP - HVMF cells, Rep 1 ",,,
YY1,HACD1,lung,YY1 IP - A549 cells,,,
ERG,HACD1,prostate,"ERG ChIP-Seq, DHT | ERG ChIP-Seq - 2 h",,,
GTF2B,HACD1,uterus,"GTF2B IP - DTT, Rep 1, GTF2B IP - Rep 2",,,
BACH1,HACD1,stemcells,BACH1 IP - H1 cells,,,
MAZ,HACD1,uterus,MAZ IP - HeLa cells,,,
MAX,HACD1,liver,"MAX IP - HepG2 cells, MAX IP - MCF7 cells",,,
REST,HACD1,liver,"REST IP - HepG2 cells, Rep 2",,,
ELF1,HACD1,colon,ELF1 IP - HCT116 cells,,,
SRF,HACD1,uterus,SRF IP - ECC1 cells,,,
PBX3,HACD1,cns,PBX3 IP - SK-N-SH cells,,,
CEBPB,HACD1,colon,"CEBPB IP, CEBPB IP - HCT116 cells, CEBPB IP | 125DVD3",,,
EGR1,HACD1,uterus,EGR1 IP - ECC1 cells,,,
TEAD4,HACD1,stemcells,TEAD4 IP - H1 cells,,,
ZBTB7A,HACD1,liver,ZBTB7A IP - HepG2 cells,,,
MAZ,HACD1,lung,MAZ IP - IMR cells,,,
GATA1,HACD1,hspcs,"GATA1 IP - PBDE cells, Rep 1",,,
MAX,HACD1,uterus,"MAX IP - HeLa cells, Rep 2, MAX IP - ECC1 cells, MAX IP - HeLa cells, Rep 1",,,
TCF12,HACD1,cns,TCF12 IP - SK-N-SH cells,,,
CEBPA,HACD1,leukocytes,CEBPA IP,,,
MYC,HACD1,liver,MYC IP,,,
TP53,HACD1,bone,"TP53 IP - Rep 2, TP53 IP | TP53EE/RR OE",,,
ZNF143,HACD1,leukocytes,"ZNF143 IP - GM12878 cells, ZNF143 IP - K562 cells",,,
SMAD1,HACD1,hspcs,SMAD1 IP - Rep 3,,,
TP53,HACD1,mammarygland,TP53 IP,,,
STAT3,HACD1,leukocytes,"STAT3 IP - SU-DHL-6, STAT3 IP - U-2932",,,
SRF,HACD1,leukocytes,"SRF IP - SK-N-SH cells, SRF IP - GM12878 cells, Rep 2",,,
GATA1,HACD1,leukocytes,GATA1 ChIP-Seq - SC266,,,
SRF,HACD1,liver,SRF IP - HepG2 cells,,,
TBP,HACD1,stemcells,TBP IP - H1 cells,,,
JUND,HACD1,leukocytes,JUND IP - K562 cells,,,
ZNF143,HACD1,stemcells,ZNF143 IP - H1 cells,,,
E2F1,HACD1,mammarygland,"E2F1 IP, E2F1 IP - MCF7 cells",,,
RUNX1,HACD1,leukocytes,RUNX1 IP,,,
JUND,HACD1,vasculature,JUND IP,,,
GABPA,HACD1,liver,"GABPA IP - MCF7 cells, GABPA IP - HepG2 cells",,,
JUND,HACD1,uterus,JUND IP - HeLa cells,,,
ATF1,HACD1,leukocytes,ATF1 IP - K562 cells,,,
SP1,HACD1,colon,SP1 IP - HCT116 cells,,,
CTCF,HACD1,bone,"CTCF IP - Osteoblasts , CTCF IP",,,
CTCF,HACD1,miscellaneous,"CTCF IP - AG09319 cells, Rep 2 , CTCF IP - AG09319 cells, Rep 1 ",,,
PIAS1,HACD1,prostate,"PIAS1 + R1881 | FOXA1 ChIP-Seq - Rep 2, PIAS1 + R1881 | FOXA1 ChIP-Seq - Rep 1",,,
EGR1,HACD1,stemcells,EGR1 IP - H1 cells,,,
FOSL1,HACD1,colon,FOSL1 IP - HCT116 cells,,,
JUND,HACD1,stemcells,JUND IP - H1 cells,,,
REST,HACD1,cns,"REST IP - U87 cells, REST IP - SK cells",,,
GATA2,HACD1,hspcs,GATA2 IP,,,
ZNF384,HACD1,leukocytes,ZNF384 IP - K562 cells,,,
IFNA1,HACD1,leukocytes,"IRF1 IP | IFNA1-13 - K562 cells, 6 h",,,
REST,HACD1,lung,REST IP - A549 cells,,,
ROSI,HACD1,adiposetissue,"ROSI (BrAT) | KLF11 ChIP-Seq, Rep 1, ROSI (BrAT) | KLF11 ChIP-Seq, Rep 2",,,
GABPA,HACD1,cns,GABPA IP - SK-N-SH cells,,,
GATA2,HACD1,leukocytes,GATA2 IP - K562 cells,,,
CTCF,HACD1,pancreas,CTCF IP,,,
YY1,HACD1,stemcells,YY1 IP - H1 cells,,,
MXI1,HACD1,cns,MXI1 IP - SK-N-SH cells ,,,
FOXA2,HACD1,liver,FOXA2 IP - HepG2 cells,,,
JUND,HACD1,colon,JUND IP - HCT116 cells,,,
USF1,HACD1,cns,USF1 IP | ATRA - SK-N-SH cells,,,
GATA3,HACD1,cns,GATA3 IP - SK-N-SH cells,,,
TNF,HACD1,leukocytes,"RELA IP | TNF - GM10847 cells, RELA IP | TNF - GM18505 cells",,,
MAX,HACD1,lung,MAX IP - A549 cells,,,
TP53,HACD1,lung,"TP53 IP - propapoptic, Rep 1",,,
FOXA2,HACD1,embryonictissue,FOXA2 IP - Rep 2,,,
YY1,HACD1,uterus,YY1 IP - ECC1 cells,,,
IRF1,HACD1,colon,IRF1 IP ,,,
MAFF,HACD1,leukocytes,MAFF IP - K562 cells,,,
E2F6,HACD1,stemcells,E2F6 IP - H1 cells,,,
ELF1,HACD1,liver,ELF1 IP - HepG2 cells,,,
MYC,HACD1,uterus,MYC IP - HeLa cells,,,
AR,HACD1,prostate,"WT AR OE + FOXA1 OE | FOXA1 ChIP-Seq - high FOXA1, AR C562S OE + FOXA1 OE | FOXA1 ChIP-Seq",19668381,,
HEY1,HACD1,liver,HEY1 IP - HepG2 cells,,,
UBTF,HACD1,leukocytes,UBTF IP - K562 cells,,,
E2F4,HACD1,mammarygland,E2F4 IP | 4HT - MCF10 cells,,,
BHLHE40,HACD1,leukocytes,"BHLHE40 IP - K562 cells, BHLHE40 IP - GM12878 cells",,,
MXI1,HACD1,lung,MXI1 IP - IMR cells,,,
MYBL2,HACD1,liver,MYBL2 IP - HepG2 cells,,,
CTCF,HACD1,skeletalmuscle,"CTCF IP - HSMM cells, Rep 2 , CTCF IP - HSMM cells, Rep 1 ",,,
TP63,HACD1,skin,TP63 IP,,,
CREB1,HACD1,stemcells,CREB1 IP - H1 cells,,,
POU2F1,HACD1,prostate,"FOXA1 KD + DHT | POU2F1 ChIP-Seq, POU2F1 KD + DHT | FOXA1 ChIP-Seq",,,
ETS1,HACD1,leukocytes,ETS1 IP,,,
YY1,HACD1,colon,YY1 IP - HCT116 cells,,,
MAX,HACD1,stemcells,MAX IP - H1 cells,,,
REST,HACD1,colon,REST IP - HCT116 cells,,,
HOXA4,HACD1,colon,HOXA4 IP ,,,
TCF12,HACD1,lung,TCF12 IP - A549 cells,,,
STAT1,HACD1,leukocytes,"STAT1 IP - Rep 5, STAT1 IP - Rep 3",,,
JUND,HACD1,liver,JUND IP - HepG2 cells,,,
ATF2,HACD1,leukocytes,ATF2 IP - GM12878 cells,,,
MYC,HACD1,mammarygland,DHT | MYC ChIP-Seq,,,
SATB1,HACD1,liver,SATB1 IP,,,
HOXA6,HACD1,colon,HOXA6 IP ,,,
CTCF,HACD1,esophagus,"CTCF IP - HEEpiC cells, Rep 1 , CTCF IP - HEEpiC cells, Rep 2 ",,,
SRF,HACD1,mammarygland,SRF IP - MCF7 cells,,,
ELF1,HACD1,leukocytes,ELF1 IP - SK-N-SH cells,,,
BATF,HACD1,leukocytes,BATF IP - GM12878 cells,,,
EGR1,HACD1,colon,EGR1 IP - HCT116 cells,,,
ZBTB7A,HACD1,leukocytes,ZBTB7A IP - SK-N-SH cells,,,
MAZ,HACD1,liver,MAZ IP - HepG2 cells,,,
125DVD3,HACD1,colon,CEBPB IP | 125DVD3,,,
TEAD4,HACD1,uterus,TEAD4 IP - ECC1 cells,,,
STAT3,HACD1,mammarygland,"STAT3 IP - MCF10A cells, Rep 2",,,
USF1,HACD1,colon,USF1 IP - HCT116 cells,,,
GABPA,HACD1,prostate,GABPA IP - Rep 1,,,
OTX2,HACD1,stemcells,OTX2 IP - Rep 10 ,,,
MAFK,HACD2,uterus,MAFK IP - HeLa cells,,,
CTCF,HACD2,leukocytes,"CTCF IP - Â CD20+ cells , CTCF IP - K562 cells, CTCF IP - F36P cells, Rep 19 , CTCF IP - GM19239 cells, Rep 2 , CTCF IP - GM12891 cells, Rep 2 , CTCF IP - GM12878 cells, Rep 1 , CTCF IP - GM19239 cells, Rep 1 , CTCF IP - K562 cells, Rep 14 , CTCF IP - GM19238 cells, Rep 1 , CTCF IP - GM2255 cells, Rep 1 , CTCF IP - GM12890 cells, Rep 2 , CTCF IP - GM12878 cells, Rep 2 , CTCF IP - GM19240 cells, Rep 2 , CTCF ChIP-Seq - GM12878, CTCF IP - GM18526 cells, Rep 2 , CTCF IP - GM12871 cells , CTCF IP - GM18486 cells, Rep 1 , CTCF IP, CTCF IP - GM12892 cells, Rep 1 , CTCF IP - GM12872 cells, Rep 1 , CTCF IP - GM12878 cells, Rep 2 , CTCF IP - GM2610 cells, Rep 1 , CTCF IP - GM2588 cells, Rep 3 , CTCF IP - F36P cells, Rep 10 , CTCF IP - GM2630 cells, Rep 3 , CTCF IP - GM12890 cells, Rep 3 , CTCF IP - K562 cells, CTCF IP - GM11994 cells, Rep 2, CTCF IP - MS1 cells, Rep 1 , CTCF IP - F36P cells, Rep 2 , CTCF IP - K562 cells, Rep 12 , CTCF IP - GM12874 cells, Rep 1 , CTCF IP - GM2630 cells, Rep 1 , CTCF IP - GM19240 cells, Rep 1 , CTCF IP - MS1 cells, Rep 2 , CTCF IP - GM2610 cells, Rep 3 , CTCF IP - Â DND , CTCF IP - GM18486 cells, Rep 3 , CTCF IP - GM11831 cells, CTCF IP - KU812 cells, Rep 13 , CTCF IP - GM12869 cells , CTCF IP - F36P cells, Rep 15 , CTCF IP - GM2588 cells, Rep 1 , CTCF IP - GM12890 cells, Rep 1 , CTCF IP - GM2588 cells, Rep 2 , CTCF IP - UT-7 cells, Rep 4 , CTCF IP - MS1 cells, Rep 3 , CTCF IP - GM2630 cells, Rep 2 , CTCF IP - GM2255 cells, Rep 2 , CTCF IP - GM12891 cells, Rep 1 , CTCF IP - MS1 cells, Rep 4 , CTCF IP - F36P cells, Rep 6 , CTCF IP - GM19238 cells, Rep 2 , CTCF IP - GM2610 cells, Rep 2 , CTCF IP - GM2255 cells, Rep 3 , CTCF IP - K562 cells, Rep 16 , CTCF IP - F36P cells, Rep 7 , CTCF IP - F36P cells, Rep 11 , CTCF IP - F36P cells, Rep 3 , CTCF IP - GM12892 cells, Rep 2 ",,,
E2F6,HACD2,leukocytes,"E2F6 IP - K562 cells, E2F6 IP - K562 cells",,,
JUN,HACD2,colon,JUN IP ,,,
CTCF,HACD2,miscellaneous,"CTCF IP - AG09319 cells, Rep 1 , CTCF IP - AG09319 cells, Rep 2 ",,,
SIX5,HACD2,leukocytes,"SIX5 IP - GM12878 cells, SIX5 IP - K562 cells, Rep 2, SIX5 IP - K562 cells, Rep 1",,,
GABPA,HACD2,stemcells,GABPA IP - H1 cells,,,
GABPA,HACD2,leukocytes,"GABPA IP - GM12878 cells, Rep 5 , GABPA IP - Jurkat, Rep 1, GABPA IP - GM12878 cells, Rep 1 , GABPA IP - Jurkat, Rep 2",,,
CTCF,HACD2,megakaryocytelineage,"CTCF IP - MEG-01 cells, Rep 2 , CTCF IP - MEG-01 cells, Rep 4 , CTCF IP - MEG-01 cells, Rep 10 , CTCF IP - MEG-01 cells, Rep 8 , CTCF IP - MEG-01 cells, Rep 6 ",,,
CEBPB,HACD2,leukocytes,"CEBPB IP - K562 cells, CEBPB IP - HL-60 cells, Rep 1 , CEBPB IP, CEBPB ChIP-Seq - K562",,,
YY1,HACD2,lung,YY1 IP - A549 cells,,,
MTA3,HACD2,leukocytes,MTA3 IP - GM12878 cells,,,
EGR1,HACD2,leukocytes,EGR1 IP - K562 cells,,,
SRF,HACD2,stemcells,SRF IP - Rep 7 ,,,
HIF1A,HACD2,bone,"HIF1A IP, HIF1A IP",,,
CREB1,HACD2,prostate,"CREB1 ChIP-Seq - LNCaP-abl, CREB1 ChIP-Seq - Rep 2, FOXA1 siRNA | CREB1 ChIP-Seq - Rep 2, CREB1 ChIP-Seq - Rep 1, CREB1 siRNA | FOXA1 ChIP-Seq - Rep 2, FOXA1 siRNA | CREB1 ChIP-Seq - Rep 1, CREB1 ChIP-Seq - LNCaP",,,
GATA2,HACD2,prostate,"GATA2 ChIP-Seq - Rep 1, GATA2 ChIP-Seq, GATA2 ChIP-Seq - Rep 2",,,
MYC,HACD2,leukocytes,"MYC IP - NB4 cells, MYC IP - K562 cells, Rep 1, MYC IP | IFNG - K562 cells, 6 h, MYC IP | IFNA1 - K562 cells, 6 h, MYC IP | IFNG - K562 cells, 30 min",,,
YY1,HACD2,leukocytes,"YY1 IP - GM12878 cells, YY1 IP - GM12892 cells, Rep 1, YY1 IP - K562 cells, Rep 1, YY1 IP - K562 cells, Rep 2, YY1 IP - GM12891 cells, YY1 IP - GM12878 cells, YY1 IP - K562 cells",,,
SP1,HACD2,colon,SP1 IP - HCT116 cells,,,
BARX1,HACD2,colon,BARX1 IP - Rep 1 ,,,
MAX,HACD2,stemcells,"MAX IP - H1 cells, MAX IP - H1 cells",,,
CEBPB,HACD2,uterus,CEBPB ChIP-Seq - HeLaS3,,,
E2F4,HACD2,leukocytes,E2F4 IP - K562 cells,,,
SMAD4,HACD2,embryonictissue,SMAD4 IP - endoderm,,,
MXI1,HACD2,lung,MXI1 IP - IMR cells,,,
RELA,HACD2,leukocytes,"RELA IP | TNF - GM12891 cells, RELA IP | TNF - GM18951 cells, RELA IP | TNF - GM18505 cells, RELA IP | TNF - GM10847 cells, RELA IP | TNF - GM12878 cells, RELA IP | TNF - GM12892 cells, RELA IP | BAY082  - IVD Th1 cells, PIA, RELA IP - IVD Th1 cells, PIA, RELA IP | TNF - GM19193 cells, RELA IP | TNF - GM15510 cells, RELA IP | TNF - GM19099 cells",,,
TNF,HACD2,leukocytes,"RELA IP | TNF - GM12891 cells, RELA IP | TNF - GM18951 cells, RELA IP | TNF - GM18505 cells, RELA IP | TNF - GM10847 cells, RELA IP | TNF - GM12878 cells, RELA IP | TNF - GM12892 cells, RELA IP | TNF - GM19193 cells, RELA IP | TNF - GM15510 cells",,,
ELF1,HACD2,leukocytes,"ELF1 IP - SK-N-SH cells, ELF1 IP - SK-N-SH cells",,,
MYC,HACD2,mammarygland,"MYC IP - MCF-10A cells, MYC IP | 4HT - MCF10A cells, DHT | MYC ChIP-Seq, MYC IP",,,
GATA2,HACD2,hspcs,GATA2 IP,,,
REST,HACD2,stemcells,"REST IP - H1 cells, Rep 1, REST IP - H1 cells, Rep 2",,,
REST,HACD2,cns,"REST IP - U87 cells, REST IP - SK cells, REST IP - PFSK-N-SH cells1 cells, Rep 1, REST IP - PFSK1 cells, Rep 2",,,
FOXA2,HACD2,embryonictissue,FOXA2 IP - Rep 2,,,
SPI1,HACD2,leukocytes,"SPI1 IP, SPI1 IP - HL-60 cells, Rep 4 , SPI1 IP, SPI1 IP - GM12891 cells, SPI1 IP - GM12878 cells, Rep 3 , SPI1 IP, SPI1 IP - GM12878 cells, SPI1 IP - GM12878 cells, Rep 4 , SPI1 IP, SPI1 IP - HL cells, SPI1 IP, ROSI | SPI1 ChIP-Seq, SPI1 IP, SPI1 IP, SPI1 IP - GM12878 cells, Rep 2 , SPI1 IP - K562 cells, SPI1 IP, SPI1 IP",,,
E2F1,HACD2,prostate,"E2F1 ChIP-Seq - Rep 1, HES6 OE + BICALU | E2F1 ChIP-Seq - Rep 3, HES6 OE | E2F1 ChIP-Seq - Rep 4, BICALU | E2F1 ChIP-Seq - Rep 1, BICALU | E2F1 ChIP-Seq - Rep 2, BICALU + HES6OE | E2F1 ChIP-Seq - Rep 4, BICALU | E2F1 ChIP-Seq - Rep 3, HES6 OE | E2F1 ChIP-Seq - Rep 2, HES6 OE | E2F1 ChIP-Seq - Rep 3, E2F1 ChIP-Seq - Rep 2, E2F1 ChIP-Seq - Rep 3, HES6 OE + BICALU | E2F1 ChIP-Seq - Rep 1, HES6 OE | E2F1 ChIP-Seq - Rep 1, E2F1 ChIP-Seq - Rep 4",,,
CREB1,HACD2,lung,CREB1 IP | DEX - A549 cells,,,
DEX,HACD2,lung,CREB1 IP | DEX - A549 cells,,,
CEBPB,HACD2,stemcells,"CEBPB IP, CEBPB IP, CEBPB IP, CEBPB IP",,,
ZEB1,HACD2,liver,ZEB1 IP - HepG2 cells,,,
ETS1,HACD2,lung,ETS1 IP - A549 cells,,,
FOXM1,HACD2,mammarygland,"FOXM1 IP | THSP - DS008, FOXM1 IP - DS005, FOXM1 IP | THSP - DS006",,,
GMEB2,HACD2,colon,GMEB2 IP ,,,
JUN,HACD2,leukocytes,"JUN IP - K562 cells, Rep 1",,,
UBTF,HACD2,leukocytes,"UBTF IP - K562 cells, UBTF IP - K562 cells",,,
BICALU,HACD2,prostate,"HES6 OE + BICALU | E2F1 ChIP-Seq - Rep 3, BICALU | E2F1 ChIP-Seq - Rep 1, BICALU | E2F1 ChIP-Seq - Rep 2, BICALU + HES6OE | E2F1 ChIP-Seq - Rep 4, BICALU | E2F1 ChIP-Seq - Rep 3, HES6 OE + BICALU | E2F1 ChIP-Seq - Rep 1",,,
HES6,HACD2,prostate,"HES6 OE + BICALU | E2F1 ChIP-Seq - Rep 3, HES6 OE | E2F1 ChIP-Seq - Rep 4, BICALU + HES6OE | E2F1 ChIP-Seq - Rep 4, HES6 OE | E2F1 ChIP-Seq - Rep 2, HES6 OE | E2F1 ChIP-Seq - Rep 3, HES6 OE + BICALU | E2F1 ChIP-Seq - Rep 1, HES6 OE | E2F1 ChIP-Seq - Rep 1",,,
GLI2,HACD2,colon,GLI2 IP ,,,
MYB,HACD2,leukocytes,"MYB IP - MOLT3, MYB IP - Jurkat, Rep 5, MYB IP - Jurkat, Rep 4, MYB IP - Jurkat, Rep 2, MYB IP - Jurkat, Rep 1, MYB IP - Jurkat, Rep 3",,,
FOXA1,HACD2,prostate,"R1881 | FOXA1 ChIP-Seq - Rep 1, CON KD | FOXA1 ChIP-Seq, FOXA1 siRNA | CREB1 ChIP-Seq - Rep 2, CON KD + R1881 | FOXA1 ChIP-Seq - Rep 1, FOXA1 ChIP-Seq - Rep 2, R1881 | FOXA1 ChIP-Seq - Rep 2, CON KD + R1881 | FOXA1 ChIP-Seq - Rep 2, PIAS1 + R1881 | FOXA1 ChIP-Seq - Rep 2, PIAS1 + R1881 | FOXA1 ChIP-Seq - Rep 1, CREB1 siRNA | FOXA1 ChIP-Seq - Rep 2, FOXA1 siRNA | CREB1 ChIP-Seq - Rep 1, CON KD | FOXA1 ChIP-Seq",,,
R1881,HACD2,prostate,"R1881 | FOXA1 ChIP-Seq - Rep 1, CON KD + R1881 | FOXA1 ChIP-Seq - Rep 1, GABPA IP | R1881, R1881 | FOXA1 ChIP-Seq - Rep 2, CON KD + R1881 | FOXA1 ChIP-Seq - Rep 2, PIAS1 + R1881 | FOXA1 ChIP-Seq - Rep 2, PIAS1 + R1881 | FOXA1 ChIP-Seq - Rep 1",,,
IRF4,HACD2,leukocytes,"IRF4 IP, IRF4 IP - GM12878 cells",,,
ZNF280D,HACD2,colon,ZNF280D IP ,,,
SIX5,HACD2,lung,SIX5 IP | DEX - A549 cells,,,
ELF1,HACD2,liver,ELF1 IP - HepG2 cells,,,
FOXA2,HACD2,liver,FOXA2 IP - HepG2 cells,19822575,,
TP53,HACD2,mammarygland,"TP53 IP, TP53 IP | NUTL3 - MCF-7",,,
REST,HACD2,lung,REST IP - A549 cells,,,
SOX9,HACD2,colon,SOX9 IP ,,,
TBP,HACD2,stemcells,TBP IP - H1 cells,,,
MYC,HACD2,liver,MYC IP,,,
CTCF,HACD2,sensory,"CTCF IP - HRPEpiC cells, Rep 2 ",,,
MYC,HACD2,bone,"MYC IP, MYC IP",,,
JUND,HACD2,cns,JUND IP - SK-N-SH cells ,,,
ETS1,HACD2,leukocytes,"ETS1 IP - K562 cells, ETS1 IP - GM12878 cells, ETS1 IP",20019798,,
STAT1,HACD2,leukocytes,"STAT1 IP - Rep 5, STAT1 IP - Rep 1, STAT1 IP - Rep 4, STAT1 IP - Rep 3, STAT1 IP - Rep 6, STAT1 IP - Rep 2",,,
IFNG,HACD2,leukocytes,"STAT1 IP - Rep 5, STAT1 IP - Rep 1, STAT1 IP - Rep 4, MYC IP | IFNG - K562 cells, 6 h, STAT1 IP - Rep 3, STAT1 IP - Rep 6, STAT1 IP - Rep 2, IRF1 IP - Rep 3, MYC IP | IFNG - K562 cells, 30 min, IRF1 IP | IFNG - K562 cells, 6 h",,,
GABPA,HACD2,prostate,"GABPA IP - Rep 1, GABPA IP | R1881",,,
CEBPB,HACD2,liver,"CEBPB ChIP-Seq - HepG2, CEBPB IP | FORSK - HepG2 cells",,,
CTCF,HACD2,skin,"CTCF IP - AG10803 cells, Rep 2 , CTCF IP - AG04449 cells, Rep 1 , CTCF IP - AG04449 cells, Rep 2 , CTCF IP - NHDF cells, Rep 2 , CTCF IP - GM12878 cells, Rep 2 ",,,
NFKB1,HACD2,leukocytes,"NFKB1 IP - Rep 2, NFKB1 IP - Rep 1",,,
ELF3,HACD2,pancreas,"ELF3 IP, ELF3 IP, ELF3 IP | KLF5 KO",,,
KLF11,HACD2,adiposetissue,"ROSI (BrAT) | KLF11 ChIP-Seq, Rep 1, KLF11 ChIP-Seq, Rep 1, ROSI (BrAT) | KLF11 ChIP-Seq, Rep 2, KLF11 ChIP-Seq, Rep 2",,,
ROSI,HACD2,adiposetissue,"ROSI (BrAT) | KLF11 ChIP-Seq, Rep 1, ROSI (BrAT) | KLF11 ChIP-Seq, Rep 2",,,
CREB1,HACD2,liver,"CREB1 IP - HepG2 cells, CREB1 IP, CREB1 IP, CREB1 IP",,,
RBPJ,HACD2,leukocytes,"RBPJ IP | COMPE, RBPJ IP | COMPE - wash",,,
COMPE,HACD2,leukocytes,"RBPJ IP | COMPE, RBPJ IP | COMPE - wash",,,
MAX,HACD2,liver,"MAX IP - HepG2 cells, MAX IP - MCF7 cells",,,
STAT3,HACD2,leukocytes,"STAT3 IP - U-2932, STAT3 IP - SU-DHL-6, STAT3 IP - OCI-LY7, STAT3 IP - SU-DHL-4, STAT3 IP - SU-DHL-2",,,
REST,HACD2,pancreas,"REST IP - Panc1 cells, Rep 3",,,
OTX2,HACD2,stemcells,"OTX2 IP - Rep 10 , OTX2 IP - Rep 4 ",,,
CTCF,HACD2,vasculature,"CTCF IP - HUVEC cells, Rep 1 , CTCF IP - AoAFC cells, Rep 1 ",,,
4HT,HACD2,mammarygland,"MYC IP | 4HT - MCF10A cells, E2F4 IP | 4HT - MCF10 cells, STAT3 IP | 4HT - MCF10 cells, 12 h, FOS IP | 4HT - MCF10A cells, 12 h, FOS IP | 4HT - MCF10A cells, 4 h, FOS IP | 4HT - MCF10A cells, 36 h",,,
JUND,HACD2,liver,JUND IP - HepG2 cells,,,
ZNF384,HACD2,leukocytes,ZNF384 IP - GM12878 cells,,,
CTCF,HACD2,liver,CTCF IP - SK-N-SH cells,,,
ZEB1,HACD2,leukocytes,ZEB1 IP - GM12878 cells,,,
ELF1,HACD2,colon,ELF1 IP - HCT116 cells,,,
DHT,HACD2,mammarygland,"DHT | MYC ChIP-Seq, DHT | FOXA1 ChIP-Seq",,,
GABPA,HACD2,lung,GABPA IP - A549 cells,,,
TCF12,HACD2,cns,TCF12 IP - SK-N-SH cells,,,
TCF12,HACD2,uterus,TCF12 IP - ECC1 cells,,,
CTCF,HACD2,pancreas,CTCF IP,,,
STAT1,HACD2,uterus,"STAT1 IP | IFNG - HeLa cells, 30 min",,,
IFNG,HACD2,uterus,"STAT1 IP | IFNG - HeLa cells, 30 min",,,
ELF1,HACD2,cns,ELF1 IP - SK-N-SH cells,,,
BCL3,HACD2,lung,BCL3 IP - A549 cells,,,
MAX,HACD2,uterus,"MAX IP - ECC1 cells, MAX IP - HeLa cells, Rep 1, MAX IP - HeLa cells, Rep 2",,,
MAZ,HACD2,liver,MAZ IP - HepG2 cells,,,
REST,HACD2,leukocytes,"REST IP - GM12878 cells, Rep 10 , REST IP - GM12878 cells, Rep 4 , REST IP - GM12878 cells, Rep 27 , REST IP - HL60 cells, REST IP - GM12878 cells, Rep 12 , REST IP - GM12878 cells, Rep 14 ",,,
SP1,HACD2,liver,SP1 IP - HepG2 cells,,,
E2F1,HACD2,mammarygland,"E2F1 IP - MCF7 cells, E2F1 IP",,,
FOXA1,HACD2,mammarygland,"DHT | FOXA1 ChIP-Seq, FOXA1 ChIP-Seq - Rep 1, FOXA1 IP - T47D cells, DEX | FOXA1 ChIP-Seq - Rep 1",,,
REST,HACD2,mammarygland,REST IP - MCF7 cells,,,
FOSL1,HACD2,colon,FOSL1 IP - HCT116 cells,,,
TFAP4,HACD2,leukocytes,"TFAP4 IP - Rep 1, TFAP4 IP - Rep 2",,,
STAT2,HACD2,colon,STAT2 IP ,,,
CEBPB,HACD2,colon,"CEBPB IP, CEBPB IP - HCT116 cells, CEBPB IP | 125DVD3",,,
ATF1,HACD2,leukocytes,ATF1 IP - K562 cells,,,
ZBTB7A,HACD2,uterus,ZBTB7A IP - ECC1 cells,,,
GABPA,HACD2,liver,"GABPA IP - HepG2 cells, GABPA IP, GABPA IP - MCF7 cells",,,
MEF2B,HACD2,kidney,MEF2B IP | MEF2B OE - Rep 2,,,
PBX3,HACD2,cns,PBX3 IP - SK-N-SH cells,,,
ATF3,HACD2,colon,ATF3 IP - HCT116 cells,,,
MAZ,HACD2,leukocytes,"MAZ IP - K562 cells, MAZ IP - GM12878 cells",,,
TAL1,HACD2,colon,TAL1 IP ,,,
MAX,HACD2,leukocytes,"MAX IP - NB4 cells, MAX IP - K562 cells, Rep 2, MAX IP - GM12878 cells, MAX IP - K562 cells",,,
FOXM1,HACD2,uterus,FOXM1 IP - ECC1 cells,,,
MAFK,HACD2,liver,"MAFK IP - HepG2 cells, Rep 2, MAFK IP - HepG2 cells, Rep 1",,,
CTCF,HACD2,hspcs,"CTCF IP - HEL 92.1.7 cells, Rep 2 , CTCF IP - Erythroid cells, Rep 1, CTCF IP - HEL 92.1.7 cells, Rep 11 , CTCF IP - HEL 92.1.7 cells, Rep 14 , CTCF IP - HEL 92.1.7 cells, Rep 5 , CTCF IP - Erythroid cells, Rep 2",,,
E2F4,HACD2,mammarygland,E2F4 IP | 4HT - MCF10 cells,,,
MYBL2,HACD2,liver,MYBL2 IP - HepG2 cells,,,
GATA4,HACD2,stomach,GATA4 IP - AGS,,,
TEAD1,HACD2,cns,"TEAD1 IP - Rep 1, TEAD1 IP - Rep 2",,,
ATF2,HACD2,leukocytes,ATF2 IP - GM12878 cells,,,
FORSK,HACD2,liver,CEBPB IP | FORSK - HepG2 cells,,,
YY1,HACD2,stemcells,"YY1 IP - H1 cells, YY1 IP - NT2 cells",,,
JUND,HACD2,colon,JUND IP - HCT116 cells,,,
GABPA,HACD2,cns,GABPA IP - SK-N-SH cells,,,
BHLHE40,HACD2,liver,BHLHE40 IP - HepG2 cells,,,
FOXP2,HACD2,cns,FOXP2 IP - SK cells,,,
SRF,HACD2,leukocytes,SRF IP - SK-N-SH cells,,,
YY1,HACD2,liver,YY1 IP - HepG2 cells,,,
ATF2,HACD2,colon,ATF2 IP ,,,
ZNF143,HACD2,leukocytes,"ZNF143 IP - GM12878 cells, ZNF143 IP - K562, ZNF143 IP - HPB-ALL, ZNF143 IP - K562 cells",,,
HOXA4,HACD2,colon,HOXA4 IP ,,,
FOS,HACD2,mammarygland,"FOS IP - MCF10A cells, FOS IP | 4HT - MCF10A cells, 12 h, FOS IP | 4HT - MCF10A cells, 4 h, FOS IP | 4HT - MCF10A cells, 36 h",,,
GATA2,HACD2,cns,GATA2 ChIP-Seq SH-SY5Y,,,
PRDM1,HACD2,uterus,PRDM1 IP - HeLa cells,,,
POU2F2,HACD2,leukocytes,POU2F2 IP - GM12878 cells,,,
TCF7L2,HACD2,uterus,TCF7L2 IP - HeLa cells,,,
RUNX1,HACD2,leukocytes,"RUNX1 IP, RUNX1 IP - Rep 2",,,
CDX2,HACD2,colon,"CDX2 IP, CDX2 IP | 125DVD3",,,
GATA3,HACD2,mammarygland,"GATA3 IP - T47D cells, GATA3 IP - MCF7 cells",,,
MAX,HACD2,lung,"MAX IP - A549 cells, MAX IP - A549 cells",,,
MXI1,HACD2,liver,MXI1 IP - HepG2 cells,,,
CTCF,HACD2,lung,"CTCF IP - IMR cells, CTCF IP - SAEC cells, Rep 1 , CTCF IP - SAEC cells, Rep 2 ",,,
KLF5,HACD2,stomach,KLF5 IP - KATOIII,,,
THAP1,HACD2,leukocytes,THAP1 IP - K562 cells,,,
STAT3,HACD2,mammarygland,"STAT3 IP | 4HT - MCF10 cells, 12 h, STAT3 IP - MCF10A cells, Rep 2",,,
EGR1,HACD2,liver,EGR1 IP - MCF7 cells,,,
CTCF,HACD2,stemcells,"CTCF IP - Rep 6 , CTCF IP - H1 cells",,,
SATB1,HACD2,liver,SATB1 IP,,,
FOXM1,HACD2,leukocytes,FOXM1 IP - GM12878 cells,,,
RELA,HACD2,colon,RELA IP ,,,
CREB1,HACD2,colon,CREB1 IP ,,,
MAFK,HACD2,lung,MAFK IP - IMR cells,,,
ETV5,HACD2,colon,ETV5 IP ,,,
TBP,HACD2,uterus,TBP IP - HeLa cells,,,
FOSL2,HACD2,lung,FOSL2 IP - A549 cells,,,
FOSL2,HACD2,liver,FOSL2 IP - HepG2 cells,,,
E2F1,HACD2,uterus,"E2F1 IP - HeLa cells, Rep 2, E2F1 IP - HeLa cells, Rep 1",,,
KLF5,HACD2,pancreas,"KLF5 IP, ELF3 IP | KLF5 KO",,,
ELF1,HACD2,mammarygland,ELF1 IP - MCF7 cells,,,
TEAD4,HACD2,colon,TEAD4 IP - HCT116 cells,,,
TCF7L2,HACD2,pancreas,TCF7L2 IP,,,
NFYB,HACD2,leukocytes,NFYB IP - GM12878 cells,,,
JUN,HACD2,uterus,JUN IP - HeLa cells,,,
MXI1,HACD2,leukocytes,MXI1 IP - GM12878 cells,,,
GATA4,HACD2,stemcells,"GATA4 IP - Rep 13 , GATA4 IP - Rep 1 , GATA4 IP - Rep 7 ",,,
YY1,HACD2,uterus,YY1 IP - ECC1 cells,,,
SOX17,HACD2,stemcells,"SOX17 IP - Rep 1 , SOX17 IP - Rep 2 , SOX17 IP - Rep 4 ",,,
MAX,HACD2,cns,MAX IP - SK-N-SH cells,,,
GTF2B,HACD2,uterus,"GTF2B IP - Rep 3, GTF2B IP - Rep 2",,,
CTCF,HACD2,cns,"CTCF IP - HCPEpiC cells, Rep 1 , CTCF IP - SK-N-SH cells , CTCF IP - SK-N-SH cells, Rep 2 , CTCF IP - SK-N-SH cells, Rep 1 , CTCF IP - SK cells",,,
E2F6,HACD2,stemcells,E2F6 IP - H1 cells,,,
GATA3,HACD2,cns,GATA3 IP - SK-N-SH cells,,,
YY1,HACD2,colon,YY1 IP - HCT116 cells,,,
FOXH1,HACD2,embryonictissue,FOXH1 IP - endoderm,,,
SP1,HACD2,lung,SP1 IP - A549 cells,,,
STAT3,HACD2,uterus,STAT3 IP - HeLa cells,,,
TBP,HACD2,leukocytes,"TBP IP - GM12878 cells, TBP IP - K562 cells",,,
PAX5,HACD2,leukocytes,"PAX5 IP - GM12878 cells, Rep 1, PAX5 IP - GM12892 cells",,,
E2F4,HACD2,uterus,E2F4 IP - HeLa cells,,,
PBX3,HACD2,leukocytes,PBX3 IP - GM12878 cells,,,
NFKB2,HACD2,leukocytes,"NFKB2 IP - Rep 1, NFKB2 IP - Rep 2",,,
YY1,HACD2,cns,"YY1 IP - SK-N-SH cells, YY1 IP | ATRA - SK-N-SH cells",,,
E2F8,HACD2,colon,E2F8 IP ,,,
E2F6,HACD2,uterus,E2F6 IP - HeLa cells,,,
MAZ,HACD2,lung,MAZ IP - IMR cells,,,
IRF1,HACD2,leukocytes,"IRF1 IP - Rep 3, IRF1 IP | IFNG - K562 cells, 6 h",,,
SRF,HACD2,colon,SRF IP - HCT116 cells,,,
CTCF,HACD2,heart,"CTCF IP - myocytes cells, Rep 1 ",,,
TEAD4,HACD2,stemcells,TEAD4 IP - H1 cells,,,
CEBPB,HACD2,mammarygland,CEBPB IP - MCF7 cells,,,
IFNA1,HACD2,leukocytes,"MYC IP | IFNA1 - K562 cells, 6 h",,,
FOXA1,HACD2,liver,"FOXA1 IP - HepG2 cells, Rep 2",,,
TCF12,HACD2,lung,TCF12 IP - A549 cells,,,
ROSI,HACD2,leukocytes,ROSI | SPI1 ChIP-Seq,,,
FOS,HACD2,vasculature,FOS IP - HUVEC cells,,,
ZNF76,HACD2,kidney,ZNF76 IP | ZNF76 OE,,,
FOXA2,HACD2,lung,FOXA2 IP - A549 cells,,,
125DVD3,HACD2,colon,"CDX2 IP | 125DVD3, CEBPB IP | 125DVD3",,,
NFYA,HACD2,colon,NFYA IP ,,,
FOXA2,HACD2,stemcells,FOXA2 IP - ES D5,,,
STAT5A,HACD2,leukocytes,STAT5A IP - GM12878 cells,,,
JUND,HACD2,leukocytes,JUND IP - K562 cells,,,
IRF1,HACD2,pancreas,IRF1 IP,,,
SP1,HACD2,stemcells,"SP1 IP - Rep 1 , SP1 IP - H1 cells",,,
EBF1,HACD2,leukocytes,"EBF1 IP - GM12878 cells, EBF1 IP - GM12878 cells",,,
EGR1,HACD2,uterus,EGR1 IP - ECC1 cells,,,
CREB1,HACD2,leukocytes,"CREB1 IP - GM12878 cells, CREB1 IP - K562 cells",,,
JUND,HACD2,uterus,JUND IP - HeLa cells,,,
JUNB,HACD2,colon,JUNB IP ,,,
MEF2A,HACD2,leukocytes,MEF2A IP - GM12878 cells,,,
CREB1,HACD2,stemcells,CREB1 IP - H1 cells,,,
HOXA6,HACD2,colon,HOXA6 IP ,,,
PIAS1,HACD2,prostate,"PIAS1 + R1881 | FOXA1 ChIP-Seq - Rep 2, PIAS1 + R1881 | FOXA1 ChIP-Seq - Rep 1",,,
ZNF143,HACD2,uterus,"ZNF143 IP - HeLa, Rep 1, ZNF143 Ip - HeLa, Rep 2, ZNF143 IP - HeLa cells",,,
TEAD4,HACD2,uterus,TEAD4 IP - ECC1 cells,,,
SIX5,HACD2,stemcells,SIX5 IP - H1 cells,,,
SRF,HACD2,mammarygland,SRF IP - MCF7 cells,,,
HEY1,HACD2,leukocytes,HEY1 IP - K562 cells,,,
ATRA,HACD2,cns,YY1 IP | ATRA - SK-N-SH cells,,,
SP1,HACD2,leukocytes,SP1 IP - GM12878 cells,,,
USF1,HACD2,uterus,USF1 IP - ECC1 cells,,,
TCF7L2,HACD2,mammarygland,TCF7L2 ChIP-Seq,,,
E2F3,HACD2,colon,E2F3 IP ,,,
HMGN3,HACD2,leukocytes,HMGN3 IP - K562 cells,,,
BAY082,HACD2,leukocytes,"RELA IP | BAY082  - IVD Th1 cells, PIA",,,
RELA,HACD2,adiposetissue,"RELA IP, RELA IP",,,
BHLHE40,HACD2,leukocytes,"BHLHE40 IP - K562 cells, BHLHE40 IP - GM12878 cells",,,
ZNF83,HACD2,colon,ZNF83 IP ,,,
EGR1,HACD2,colon,EGR1 IP - HCT116 cells,,,
USF1,HACD2,colon,USF1 IP - HCT116 cells,,,
ARID3A,HACD2,liver,ARID3A IP - HepG2 cells,,,
ZNF143,HACD2,colon,ZNF143 IP ,,,
CEBPB,HACD2,lung,"CEBPB ChIP-Seq - A549, CEBPB ChIP-Seq - IMR90",,,
REST,HACD2,liver,"REST IP - HepG2 cells, Rep 2, REST IP - HepG2 cells, Rep 1",,,
HEY1,HACD2,liver,HEY1 IP - HepG2 cells,,,
ZNF143,HACD2,kidney,ZNF143 IP - HEK293-T-rex,,,
TBP,HACD2,liver,TBP IP - HepG2 cells,,,
E2F6,HACD2,lung,E2F6 IP - A549 cells,,,
ZC3H8,HACD2,colon,ZC3H8 IP,,,
GTF2F1,HACD2,uterus,GTF2F1 IP - HeLa cells,,,
TP73,HACD2,bone,"TP73 IP - beta isoform, Rep 1, TP73 IP - alpha isoform, Rep 1",,,
ZNF263,HACD2,kidney,ZNF263 IP - HEK293 cells,,,
MAX,HACD2,colon,MAX IP - HCT116 cells,,,
TEAD4,HACD2,leukocytes,TEAD4 IP - K562 cells,,,
IRF1,HACD2,colon,IRF1 IP ,,,
TCF3,HACD2,leukocytes,TCF3 IP - GM12878 cells,,,
ZNF143,HACD2,stemcells,ZNF143 IP - H1 cells,,,
MAFF,HACD2,liver,MAFF IP - HepG2 cells,,,
BATF,HACD2,leukocytes,BATF IP - GM12878 cells,,,
ZBTB7A,HACD2,leukocytes,ZBTB7A IP - SK-N-SH cells,,,
MAZ,HACD2,uterus,MAZ IP - HeLa cells,,,
ATF2,HACD2,stemcells,ATF2 IP - H1 cells,,,
ELF1,HACD2,lung,ELF1 IP - A549 cells,,,
MYC,HACD2,lung,MYC IP - A549 cells,,,
RUNX1,HACD2,hspcs,RUNX1,,,
CTCF,HACD2,mammarygland,"CTCF IP - HMEC cells, Rep 1 ",,,
NFYC,HACD2,colon,NFYC IP ,,,
DEX,HACD2,mammarygland,DEX | FOXA1 ChIP-Seq - Rep 1,,,
GATA6,HACD2,stomach,GATA6 IP - AGS,,,
MXI1,HACD2,cns,MXI1 IP - SK-N-SH cells ,,,
GATA1,HACD2,hspcs,"GATA1 IP - PBDE cells, Rep 1",,,
FOXA1,HACD3,mammarygland,"DEX | FOXA1 ChIP-Seq - Rep 1, DEX | FOXA1 ChIP-Seq - Rep 2, DEX | FOXA1 ChIP-Seq - Rep 1, DEX | FOXA1 ChIP-Seq - Rep 2, 17BE2 | FOXA1 ChIP-Seq - Rep 2, FOXA1 ChIP-Seq - Rep 2, 17BE2 | FOXA1 ChIP-Seq - Rep 2, DEX | FOXA1 ChIP-Seq - Rep 2, FOXA1 IP - T47D cells, FOXA1 ChIP-Seq - Rep 2, DHT | FOXA1 ChIP-Seq, 17BE2 | FOXA1 ChIP-Seq - Rep 1, FOXA1 ChIP-Seq - Rep 1, FOXA1 ChIP-Seq - Rep 1, 17BE2 | FOXA1 ChIP-Seq - Rep 1",,,
DEX,HACD3,mammarygland,"DEX | FOXA1 ChIP-Seq - Rep 1, DEX | FOXA1 ChIP-Seq - Rep 2, DEX | FOXA1 ChIP-Seq - Rep 1, DEX | FOXA1 ChIP-Seq - Rep 2, DEX | FOXA1 ChIP-Seq - Rep 2",,,
GLI2,HACD3,colon,GLI2 IP ,,,
CTCF,HACD3,leukocytes,"CTCF IP - GM2588 cells, Rep 2 , CTCF IP - GM19238 cells, Rep 1 , CTCF IP - GM2255 cells, Rep 2 , CTCF IP - K562 cells, CTCF IP - GM19238 cells, Rep 2 , CTCF IP - GM2610 cells, Rep 2 , CTCF IP, CTCF IP - GM2255 cells, Rep 3 , CTCF IP - GM2588 cells, Rep 3 , CTCF IP - GM12892 cells, Rep 2 , CTCF IP - MS1 cells, Rep 2 , CTCF IP - GM18486 cells, Rep 3 , CTCF IP - GM12891 cells, Rep 2 , CTCF IP - GM19239 cells, Rep 1 ",,,
E2F3,HACD3,colon,E2F3 IP ,,,
SPI1,HACD3,leukocytes,"SPI1 IP - GM12891 cells, SPI1 IP, SPI1 IP - GM12878 cells, Rep 3 , SPI1 IP - GM12878 cells, SPI1 IP - GM12878 cells, Rep 2 , SPI1 IP - GM12878 cells, Rep 4 ",,,
FOXA1,HACD3,prostate,"CON KD  |Â FOXA1 ChIP-Seq, FOXA1 ChIP-Seq, R1881 | FOXA1 ChIP-Seq - Rep 2, DHT | FOXA1 ChIP-Seq, POU2F1 KD + DHT | FOXA1 ChIP-Seq, DHT | FOXA1 ChIP-Seq - C4- Rep 2B, AR Q640X OE + FOXA1 OE | FOXA1 ChIP-Seq, FOXA1 ChIP-Seq, R1881 | FOXA1 ChIP-Seq - Rep 1, DHT | FOXA1 ChIP-Seq, FOXA1 ChIP-Seq - Rep 2, FOXA1 ChIP-Seq - Rep 1, CON KD + R1881 | FOXA1 ChIP-Seq - Rep 2, CON KD | FOXA1 ChIP-Seq, FOXA1 ChIP-Seq - Rep 1, FOXA1 ChIP-Seq - LNCaP-abl, GATA2 KD + R1881 |Â FOXA1 ChIP-Seq, PIAS1 + R1881 | FOXA1 ChIP-Seq - Rep 2, DHT | FOXA1 ChIP-Seq, CON KD + R1881 |Â FOXA1 ChIP-Seq, FOXA1 KD | FOXA1 ChIP-Seq, PIAS1 + R1881 | FOXA1 ChIP-Seq - Rep 1, CON KD |Â FOXA1 ChIP-Seq, FOXA1 ChIP-Seq - VCaP, CON KD + R1881 | FOXA1 ChIP-Seq - Rep 1, FOXA1 siRNA | CREB1 ChIP-Seq - Rep 2, GATA2 KD  |Â FOXA1 ChIP-Seq, FOXA1 ChIP-Seq - LNCaP, FOXA1 ChIP-Seq, WT AR OE + FOXA1 OE | FOXA1 ChIP-Seq - high FOXA1, CREB1 siRNA | FOXA1 ChIP-Seq - Rep 2, EtOH | FOXA1 ChIP-Seq - , FOXA1 ChIP-Seq, FOXA1 KD | FOXA1 ChIP-Seq, FOXA1 ChIP-Seq - Rep 2, FOXA1 KD |Â GATA2 ChIP-Seq, EtOH | FOXA1 ChIP-Seq - Rep 2, CREB1 siRNA | FOXA1 ChIP-Seq - Rep 1, AR C562S OE + FOXA1 OE | FOXA1 ChIP-Seq, FOXA1 siRNA | CREB1 ChIP-Seq - Rep 1, DHT | FOXA1 ChIP-Seq, CON KD | FOXA1 ChIP-Seq",,,
JUN,HACD3,colon,JUN IP ,,,
E2F1,HACD3,prostate,"HES6 OE | E2F1 ChIP-Seq - Rep 1, HES6 OE + BICALU | E2F1 ChIP-Seq - Rep 1, E2F1 ChIP-Seq - Rep 4, BICALU + HES6OE | E2F1 ChIP-Seq - Rep 4, BICALU + HES6 OE | E2F1 ChIP-Seq - Rep 2, HES6 OE | E2F1 ChIP-Seq - Rep 2, BICALU | E2F1 ChIP-Seq - Rep 3, E2F1 ChIP-Seq - Rep 1, HES6 OE | E2F1 ChIP-Seq - Rep 3, HES6 OE + BICALU | E2F1 ChIP-Seq - Rep 3, HES6 OE | E2F1 ChIP-Seq - Rep 4, E2F1 ChIP-Seq - Rep 2, E2F1 ChIP-Seq - Rep 3, BICALU | E2F1 ChIP-Seq - Rep 1",,,
HES6,HACD3,prostate,"HES6 OE | E2F1 ChIP-Seq - Rep 1, HES6 OE + BICALU | E2F1 ChIP-Seq - Rep 1, BICALU + HES6OE | E2F1 ChIP-Seq - Rep 4, BICALU + HES6 OE | E2F1 ChIP-Seq - Rep 2, HES6 OE | E2F1 ChIP-Seq - Rep 2, HES6 OE | E2F1 ChIP-Seq - Rep 3, HES6 OE + BICALU | E2F1 ChIP-Seq - Rep 3, HES6 OE | E2F1 ChIP-Seq - Rep 4",,,
R1881,HACD3,prostate,"R1881 | FOXA1 ChIP-Seq - Rep 2, R1881 | FOXA1 ChIP-Seq - Rep 1, CON KD + R1881 | FOXA1 ChIP-Seq - Rep 2, GATA2 KD + R1881 |Â FOXA1 ChIP-Seq, PIAS1 + R1881 | FOXA1 ChIP-Seq - Rep 2, CON KD + R1881 |Â FOXA1 ChIP-Seq, PIAS1 + R1881 | FOXA1 ChIP-Seq - Rep 1, CON KD + R1881 | FOXA1 ChIP-Seq - Rep 1",,,
DHT,HACD3,prostate,"DHT | FOXA1 ChIP-Seq, POU2F1 KD + DHT | FOXA1 ChIP-Seq, DHT | FOXA1 ChIP-Seq - C4- Rep 2B, DHT | FOXA1 ChIP-Seq, DHT | FOXP1 ChIP-Seq, DHT | FOXA1 ChIP-Seq, DHT | FOXA1 ChIP-Seq",,,
GABPA,HACD3,liver,GABPA IP - HepG2 cells,,,
GATA2,HACD3,vasculature,GATA2 IP - HUVEC cells,,,
THAP1,HACD3,leukocytes,THAP1 IP - K562 cells,,,
UBTF,HACD3,leukocytes,UBTF IP - K562 cells,,,
POU2F1,HACD3,prostate,POU2F1 KD + DHT | FOXA1 ChIP-Seq,,,
JUND,HACD3,vasculature,JUND IP,,,
CREB1,HACD3,prostate,"CREB1 ChIP-Seq - LNCaP-abl, CREB1 ChIP-Seq - Rep 2, FOXA1 siRNA | CREB1 ChIP-Seq - Rep 2, CREB1 siRNA | FOXA1 ChIP-Seq - Rep 2, CREB1 siRNA | FOXA1 ChIP-Seq - Rep 1, FOXA1 siRNA | CREB1 ChIP-Seq - Rep 1, CREB1 ChIP-Seq - LNCaP",,,
MYC,HACD3,leukocytes,"MYC IP - K562 cells, Rep 2, MYC IP - NB4 cells, MYC IP | IFNA1 - K562 cells, 6 h, MYC IP - K562 cells, Rep 1, MYC IP | IFNG - K562 cells, 30 min, MYC IP | IFNG - K562 cells, 6 h",,,
OTX2,HACD3,stemcells,"OTX2 IP - Rep 6 , OTX2 IP - Rep 10 ",,,
MAX,HACD3,uterus,"MAX IP - HeLa cells, Rep 2, MAX IP - HeLa cells, Rep 1, MAX IP - ECC1 cells",,,
STAT1,HACD3,uterus,"STAT1 IP | IFNG - HeLa cells, 30 min",,,
IFNG,HACD3,uterus,"STAT1 IP | IFNG - HeLa cells, 30 min",,,
AR,HACD3,prostate,"AR Q640X OE + FOXA1 OE | FOXA1 ChIP-Seq, WT AR OE + FOXA1 OE | FOXA1 ChIP-Seq - high FOXA1, AR C562S OE + FOXA1 OE | FOXA1 ChIP-Seq",,,
FOXA1,HACD3,liver,"FOXA1 IP - HepG2 cells, Rep 2, FOXA1 IP - HepG2 cells, Rep 1",,,
FOXA2,HACD3,stemcells,"FOXA2 IP - ES D7, FOXA2 IP - Rep 1 , FOXA2 IP - Rep 5 , FOXA2 IP - ES D5",,,
TBP,HACD3,uterus,TBP IP - HeLa cells,,,
GATA4,HACD3,stemcells,"GATA4 IP - Rep 11 , GATA4 IP - Rep 8 , GATA4 IP - Rep 9 , GATA4 IP - Rep 10 , GATA4 IP - Rep 3 , GATA4 IP - Rep 12 ",,,
FOXA1,HACD3,pancreas,"FOXA1 IP, FOXA1 IP, FOXA1 IP | KLF5 KO",,,
CREB1,HACD3,lung,CREB1 IP | DEX - A549 cells,,,
DEX,HACD3,lung,"CREB1 IP | DEX - A549 cells, FOXA1 IP | DEX - A549 cells",,,
PAX5,HACD3,leukocytes,"PAX5 IP - GM12878 cells, Rep 1, PAX5 IP - GM12878 cells, Rep 2, PAX5 IP - GM12892 cells",,,
TEAD4,HACD3,uterus,TEAD4 IP - ECC1 cells,,,
FOS,HACD3,mammarygland,"FOS IP | 4HT - MCF10A cells, 36 h, FOS IP | 4HT - MCF10A cells, 12 h, FOS IP | 4HT - MCF10A cells, 4 h, FOS IP - MCF10A cells",,,
4HT,HACD3,mammarygland,"FOS IP | 4HT - MCF10A cells, 36 h, FOS IP | 4HT - MCF10A cells, 12 h, FOS IP | 4HT - MCF10A cells, 4 h, MYC IP | 4HT - MCF10A cells",,,
MYB,HACD3,leukocytes,"MYB IP - Jurkat, Rep 3, MYB IP - Jurkat, Rep 5, MYB IP - Jurkat, Rep 4, MYB IP - Jurkat, Rep 1, MYB IP - Jurkat, Rep 2, MYB IP - MOLT3",,,
RELA,HACD3,adiposetissue,RELA IP,,,
CTCF,HACD3,liver,"CTCF IP - SK-N-SH cells, CTCF IP - HepG2 cells , CTCF IP - HepG2 cells, Rep 1 , CTCF IP",,,
CREB1,HACD3,liver,"CREB1 IP - HepG2 cells, CREB1 IP",,,
BICALU,HACD3,prostate,"HES6 OE + BICALU | E2F1 ChIP-Seq - Rep 1, BICALU + HES6OE | E2F1 ChIP-Seq - Rep 4, BICALU + HES6 OE | E2F1 ChIP-Seq - Rep 2, BICALU | E2F1 ChIP-Seq - Rep 3, HES6 OE + BICALU | E2F1 ChIP-Seq - Rep 3, BICALU | E2F1 ChIP-Seq - Rep 1",,,
MYC,HACD3,uterus,MYC IP - HeLa cells,,,
17BE2,HACD3,mammarygland,"17BE2 | FOXA1 ChIP-Seq - Rep 2, 17BE2 | FOXA1 ChIP-Seq - Rep 2, 17BE2 | FOXA1 ChIP-Seq - Rep 1, 17BE2 | FOXA1 ChIP-Seq - Rep 1",,,
SP1,HACD3,leukocytes,SP1 IP - GM12878 cells,,,
FOSL2,HACD3,lung,FOSL2 IP - A549 cells,,,
FOXP1,HACD3,colon,FOXP1 IP ,,,
CEBPB,HACD3,uterus,CEBPB ChIP-Seq - HeLaS3,,,
JUN,HACD3,leukocytes,"JUN IP - K562 cells, Rep 1, JUN IP - K562 cells, Rep 2",,,
ELF1,HACD3,leukocytes,"ELF1 IP - SK-N-SH cells, ELF1 IP - SK-N-SH cells",,,
CEBPB,HACD3,leukocytes,CEBPB IP,,,
BATF,HACD3,leukocytes,BATF IP - GM12878 cells,,,
FOXA2,HACD3,embryonictissue,"FOXA2 IP - Rep 1, FOXA2 IP - Rep 2",,,
NANOG,HACD3,stemcells,NANOG IP - Rep 8 ,,,
HMGN3,HACD3,leukocytes,HMGN3 IP - K562 cells,,,
REST,HACD3,stemcells,"REST IP - H1 cells, Rep 1",,,
FOSL2,HACD3,liver,FOSL2 IP - HepG2 cells,,,
E2F1,HACD3,uterus,"E2F1 IP - HeLa cells, Rep 2, E2F1 IP - HeLa cells, Rep 1",,,
TEAD4,HACD3,leukocytes,TEAD4 IP - K562 cells,,,
FOXP1,HACD3,prostate,DHT | FOXP1 ChIP-Seq,,,
SOX17,HACD3,stemcells,SOX17 IP - Rep 1 ,,,
MAX,HACD3,leukocytes,"MAX IP - NB4 cells, MAX IP - K562 cells, Rep 2, MAX IP - K562 cells, MAX IP - GM12878 cells",,,
JUND,HACD3,leukocytes,JUND IP - K562 cells,,,
GATA4,HACD3,stomach,GATA4 IP - AGS,,,
ETS1,HACD3,leukocytes,"ETS1 IP, ETS1 IP - K562 cells",,,
ZKSCAN1,HACD3,uterus,ZKSCAN1 IP - HeLa cells,,,
ZBTB7A,HACD3,leukocytes,ZBTB7A IP - SK-N-SH cells,,,
EGR1,HACD3,colon,EGR1 IP - HCT116 cells,,,
E2F6,HACD3,uterus,E2F6 IP - HeLa cells,,,
ATF3,HACD3,leukocytes,ATF3 IP - K562 cells,,,
REST,HACD3,leukocytes,"REST IP - HL60 cells, REST IP - GM12878 cells, Rep 10 ",,,
REST,HACD3,cns,"REST IP - U87 cells, REST IP - PFSK-N-SH cells1 cells, Rep 1, REST IP - SK-N-SH cells, REST IP - SK cells, REST IP - PFSK1 cells, Rep 2",,,
MAFF,HACD3,liver,MAFF IP - HepG2 cells,,,
CEBPB,HACD3,stemcells,"CEBPB IP, CEBPB IP, CEBPB IP, CEBPB IP, CEBPB IP",,,
MYC,HACD3,mammarygland,"MYC IP, MYC IP - MCF-10A cells, MYC IP | 4HT - MCF10A cells, DHT | MYC ChIP-Seq",,,
TBP,HACD3,stemcells,TBP IP - H1 cells,,,
E2F6,HACD3,leukocytes,"E2F6 IP - K562 cells, E2F6 IP - K562 cells",,,
YY1,HACD3,lung,YY1 IP - A549 cells,,,
YY1,HACD3,leukocytes,"YY1 IP - GM12892 cells, Rep 1, YY1 IP - GM12878 cells, YY1 IP - GM12891 cells, YY1 IP - K562 cells, Rep 1, YY1 IP - K562 cells, Rep 2",,,
GATA1,HACD3,hspcs,"GATA1 IP - Rep 1, GATA1 IP - Rep 3, GATA1 IP - PBDE cells, Rep 1",,,
MEF2A,HACD3,leukocytes,MEF2A IP - GM12878 cells,,,
JUND,HACD3,uterus,JUND IP - HeLa cells,,,
TP53,HACD3,bone,TP53 IP | TP53EE/RR OE,,,
REST,HACD3,lung,REST IP - A549 cells,,,
USF1,HACD3,uterus,USF1 IP - ECC1 cells,,,
YY1,HACD3,colon,YY1 IP - HCT116 cells,,,
HEY1,HACD3,leukocytes,HEY1 IP - K562 cells,,,
E2F1,HACD3,mammarygland,"E2F1 IP, E2F1 IP - MCF7 cells",,,
CEBPB,HACD3,liver,CEBPB ChIP-Seq - HepG2,,,
E2F6,HACD3,stemcells,E2F6 IP - H1 cells,,,
JUN,HACD3,liver,JUN IP - HepG2 cells,,,
CEBPA,HACD3,leukocytes,CEBPA IP,,,
CREB1,HACD3,stemcells,CREB1 IP - H1 cells,,,
GATA3,HACD3,mammarygland,"GATA3 IP - T47D cells, GATA3 IP - MCF7 cells",,,
E2F6,HACD3,lung,E2F6 IP - A549 cells,,,
FOXA1,HACD3,lung,"FOXA1 IP | DEX - A549 cells, FOXA1 IP - A549 cells",,,
CREB1,HACD3,leukocytes,"CREB1 IP - GM12878 cells, CREB1 IP - K562 cells",,,
MAX,HACD3,colon,MAX IP - HCT116 cells,,,
MAZ,HACD3,lung,MAZ IP - IMR cells,,,
MAX,HACD3,cns,MAX IP - SK-N-SH cells,,,
CTCF,HACD3,kidney,"CTCF IP - HEK293 cells, Rep 1 ",,,
MAX,HACD3,lung,"MAX IP - A549 cells, MAX IP - A549 cells",,,
MYC,HACD3,bone,"MYC IP, MYC IP, MYC IP, MYC IP",,,
YY1,HACD3,liver,YY1 IP - HepG2 cells,,,
STAT1,HACD3,leukocytes,"STAT1 IP - Rep 5, STAT1 IP - Rep 3, STAT1 IP - Rep 1, STAT1 IP - Rep 2",,,
IFNG,HACD3,leukocytes,"STAT1 IP - Rep 5, STAT1 IP - Rep 3, IRF1 IP | IFNG - K562 cells, 30 min, STAT1 IP - Rep 1, MYC IP | IFNG - K562 cells, 30 min, MYC IP | IFNG - K562 cells, 6 h, STAT1 IP - Rep 2",,,
MAX,HACD3,stemcells,MAX IP - H1 cells,,,
GATA6,HACD3,stemcells,"GATA6 IP - Rep 5 , GATA6 IP - Rep 1 , GATA6 IP - Rep 7 ",,,
HOXA6,HACD3,colon,HOXA6 IP ,,,
CEBPB,HACD3,mammarygland,CEBPB IP - MCF7 cells,,,
MAZ,HACD3,leukocytes,"MAZ IP - K562 cells, MAZ IP - GM12878 cells",,,
JUN,HACD3,vasculature,JUN IP,,,
EOMES,HACD3,stemcells,EOMES IP - Rep 3 ,,,
GATA2,HACD3,prostate,"GATA2 KD + R1881 |Â FOXA1 ChIP-Seq, GATA2 KD  |Â FOXA1 ChIP-Seq, FOXA1 KD |Â GATA2 ChIP-Seq",,,
POU2F2,HACD3,leukocytes,POU2F2 IP - GM12878 cells,,,
PIAS1,HACD3,prostate,"PIAS1 + R1881 | FOXA1 ChIP-Seq - Rep 2, PIAS1 + R1881 | FOXA1 ChIP-Seq - Rep 1",,,
TCF12,HACD3,uterus,TCF12 IP - ECC1 cells,,,
JUND,HACD3,liver,"JUND IP - HepG2 cells, JUND IP - HepG2 cells",,,
IFNA1,HACD3,leukocytes,"MYC IP | IFNA1 - K562 cells, 6 h",,,
TBP,HACD3,liver,TBP IP - HepG2 cells,,,
MYBL2,HACD3,liver,MYBL2 IP - HepG2 cells,,,
EBF1,HACD3,leukocytes,"EBF1 IP - GM12878 cells, EBF1 IP - GM12878 cells",,,
REST,HACD3,pancreas,"REST IP - Panc1 cells, Rep 3",,,
DHT,HACD3,mammarygland,"DHT | FOXA1 ChIP-Seq, DHT | MYC ChIP-Seq",,,
HIF1A,HACD3,bone,HIF1A IP,,,
FOXA1,HACD3,stemcells,"FOXA1 IP - ES D2, FOXA1 IP - Rep 5 ",,,
TBP,HACD3,leukocytes,TBP IP - K562 cells,,,
MYC,HACD3,stemcells,MYC IP - Rep 2 ,,,
REST,HACD3,liver,"REST IP - HepG2 cells, Rep 2",,,
MXI1,HACD3,liver,MXI1 IP - HepG2 cells,,,
TAL1,HACD3,colon,TAL1 IP ,,,
ATF2,HACD3,colon,ATF2 IP ,,,
CTCF,HACD3,vasculature,"CTCF IP - HUVEC cells, Rep 1 ",,,
FOS,HACD3,vasculature,FOS IP - HUVEC cells,,,
MAX,HACD3,liver,"MAX IP - HepG2 cells, MAX IP - MCF7 cells, MAX IP - HepG2 cells",,,
IRF1,HACD3,leukocytes,"IRF1 IP | IFNG - K562 cells, 30 min",,,
E2F4,HACD3,leukocytes,E2F4 IP - K562 cells,21247883,,
MXI1,HACD3,uterus,MXI1 IP - HeLa cells,,,
REST,HACD3,mammarygland,REST IP - MCF7 cells,,,
MXI1,HACD3,lung,MXI1 IP - IMR cells,,,
RUNX1,HACD3,hspcs,RUNX1,,,
ARID3A,HACD3,liver,ARID3A IP - HepG2 cells,,,
MTA3,HACD3,leukocytes,MTA3 IP - GM12878 cells,,,
GTF2B,HACD3,uterus,"GTF2B IP - Rep 2, GTF2B IP - Rep 3",,,
GATA2,HACD3,hspcs,GATA2 IP,,,
ETV5,HACD3,colon,ETV5 IP ,,,
GATA3,HACD3,cns,GATA3 IP - SK-N-SH cells,,,
STAT3,HACD3,leukocytes,STAT3 IP - SU-DHL-6,,,
MXI1,HACD3,cns,MXI1 IP - SK-N-SH cells ,,,
HOXA4,HACD3,colon,HOXA4 IP ,,,
FOSL2,HACD3,mammarygland,FOSL2 IP - MCF7 cells,,,
TP53,HACD3,lung,"TP53 IP - propapoptic, Rep 1",,,
MXI1,HACD3,leukocytes,MXI1 IP - GM12878 cells,,,
USF1,HACD3,liver,USF1 IP - HepG2 cells,,,
EGR1,HACD3,stemcells,EGR1 IP - H1 cells,,,
MAFK,HACD3,liver,"MAFK IP - HepG2 cells, Rep 2, MAFK IP - HepG2 cells, Rep 1",,,
YY1,HACD3,uterus,YY1 IP - ECC1 cells,,,
YY1,HACD3,cns,YY1 IP | ATRA - SK-N-SH cells,,,
ATRA,HACD3,cns,YY1 IP | ATRA - SK-N-SH cells,,,
SP1,HACD3,liver,SP1 IP - HepG2 cells,,,
RELA,HACD3,leukocytes,"RELA IP | BAY082  - IVD Th1 cells, PIA",,,
BAY082,HACD3,leukocytes,"RELA IP | BAY082  - IVD Th1 cells, PIA",,,
CTCF,HACD3,adiposetissue,CTCF ChIP-Seq - d 0,,,
MAZ,HACD3,uterus,MAZ IP - HeLa cells,,,
SP1,HACD3,colon,SP1 IP - HCT116 cells,,,
EGR1,HACD3,leukocytes,EGR1 IP - K562 cells,,,
KLF5,HACD3,stomach,KLF5 IP - KATOIII,,,
SP1,HACD3,lung,SP1 IP - A549 cells,,,
HEY1,HACD3,liver,HEY1 IP - HepG2 cells,,,
ZNF263,HACD3,kidney,ZNF263 IP - HEK293 cells,,,
FOXA2,HACD3,liver,FOXA2 IP - HepG2 cells,,,
TCF7L2,HACD3,mammarygland,TCF7L2 ChIP-Seq,,,
IRF4,HACD3,leukocytes,IRF4 IP,,,
CEBPB,HACD3,lung,CEBPB ChIP-Seq - IMR90,,,
IRF1,HACD3,colon,IRF1 IP ,,,
JUN,HACD3,uterus,JUN IP - HeLa cells,,,
SRF,HACD3,uterus,SRF IP - ECC1 cells,,,
JUND,HACD3,lung,JUND IP - A549 cells,,,
YY1,HACD3,stemcells,YY1 IP - H1 cells,,,
KLF5,HACD3,pancreas,FOXA1 IP | KLF5 KO,,,
MYC,HACD3,colon,MYC IP - DTT,,,
E2F4,HACD3,uterus,E2F4 IP - HeLa cells,,,
ZBTB7A,HACD3,uterus,ZBTB7A IP - ECC1 cells,,,
SPI1,HACD4,leukocytes,"SPI1 IP - HL-60 cells, Rep 4 , SPI1 IP, SPI1 IP - U-937 cells, Rep 3 , SPI1 IP - HL cells, SPI1 IP, SPI1 IP - K562 cells, SPI1 IP, SPI1 IP - U-937 cells, Rep 4 , SPI1 IP, SPI1 IP - GM12878 cells, Rep 1 , SPI1 IP - GM12878 cells, Rep 3 , SPI1 IP, SPI1 IP - U-937 cells, Rep 1 , SPI1 IP, SPI1 IP, SPI1 IP - GM12878 cells, SPI1 IP - GM12878 cells, Rep 4 , SPI1 IP, SPI1 IP, SPI1 IP - GM12878 cells, Rep 2 , SPI1 IP - GM12891 cells",,,
FOXA2,HACD4,liver,FOXA2 IP - HepG2 cells,,,
OTX2,HACD4,stemcells,OTX2 IP - Rep 10 ,,,
FOXA1,HACD4,mammarygland,"17BE2 | FOXA1 ChIP-Seq - Rep 2, 17BE2 | FOXA1 ChIP-Seq - Rep 2, 17BE2 | FOXA1 ChIP-Seq - Rep 1, 17BE2 | FOXA1 ChIP-Seq - Rep 2, DEX | FOXA1 ChIP-Seq - Rep 2, FOXA1 IP - T47D cells, DHT | FOXA1 ChIP-Seq, DEX | FOXA1 ChIP-Seq - Rep 2, DEX | FOXA1 ChIP-Seq - Rep 1, DEX | FOXA1 ChIP-Seq - Rep 1, FOXA1 ChIP-Seq - Rep 2, 17BE2 | FOXA1 ChIP-Seq - Rep 1, DEX | FOXA1 ChIP-Seq - Rep 2, FOXA1 ChIP-Seq - Rep 2, 17BE2 | FOXA1 ChIP-Seq - Rep 2, FOXA1 ChIP-Seq - Rep 1, TNF | FOXA1 ChIP-Seq - Rep 1, FOXA1 ChIP-Seq - Rep 1, DEX | FOXA1 ChIP-Seq - Rep 1, FOXA1 ChIP-Seq - Rep 2, 17BE2 | FOXA1 ChIP-Seq - Rep 1, 17BE2 + TNF | FOXA1 ChIP-Seq - Rep 2, FOXA1 ChIP-Seq - Rep 1, FOXA1 ChIP-Seq - Rep 2",,,
17BE2,HACD4,mammarygland,"17BE2 | FOXA1 ChIP-Seq - Rep 2, 17BE2 | FOXA1 ChIP-Seq - Rep 2, 17BE2 | FOXA1 ChIP-Seq - Rep 1, 17BE2 | FOXA1 ChIP-Seq - Rep 2, 17BE2 | FOXA1 ChIP-Seq - Rep 1, 17BE2 | FOXA1 ChIP-Seq - Rep 2, 17BE2 | FOXA1 ChIP-Seq - Rep 1",,,
YY1,HACD4,cns,"YY1 IP | ATRA - SK-N-SH cells, YY1 IP - SK-N-SH cells",,,
ATRA,HACD4,cns,YY1 IP | ATRA - SK-N-SH cells,,,
JUND,HACD4,cns,JUND IP - SK-N-SH cells,,,
CEBPB,HACD4,leukocytes,"CEBPB IP | oxLDL  - Rep 208, CEBPB IP - HL-60 cells, Rep 1 , CEBPB IP, CEBPB IP | oxLDL  - Rep 206, CEBPB IP, CEBPB IP, CEBPB IP - Rep 201, CEBPB IP - Rep 204, CEBPB IP | oxLDL  - Rep 205, CEBPB IP, CEBPB IP, CEBPB IP",,,
CTCF,HACD4,leukocytes,"CTCF IP - MS1 cells, Rep 1 , CTCF IP - GM12892 cells, Rep 2 , CTCF IP - GM19240 cells, Rep 1 , CTCF IP - MS1 cells, Rep 2 , CTCF IP - GM2630 cells, Rep 3 , CTCF IP - F36P cells, Rep 19 , CTCF IP - GM12891 cells, Rep 2 , CTCF IP - GM19239 cells, Rep 1 , CTCF IP - GM18486 cells, Rep 3 , CTCF IP - MS1 cells, Rep 3 , CTCF IP - GM19238 cells, Rep 1 , CTCF IP - GM2630 cells, Rep 2 , CTCF IP - GM12878 cells, Rep 1 , CTCF IP - GM12878 cells, Rep 2 , CTCF IP - GM19240 cells, Rep 2 , CTCF IP - MS1 cells, Rep 4 , CTCF IP - GM2255 cells, Rep 2 , CTCF IP - GM2610 cells, Rep 1 , CTCF IP - GM2255 cells, Rep 3 , CTCF IP - GM2610 cells, Rep 2 , CTCF ChIP-Seq - GM12878, CTCF IP - GM18526 cells, Rep 2 ",,,
CTCF,HACD4,megakaryocytelineage,"CTCF IP - MEG-01 cells, Rep 6 , CTCF IP - MEG-01 cells, Rep 2 , CTCF IP - MEG-01 cells, Rep 10 ",,,
YY1,HACD4,leukocytes,"YY1 IP - GM12892 cells, Rep 1, YY1 IP - GM12878 cells",,,
CEBPB,HACD4,stemcells,"CEBPB IP, CEBPB IP, CEBPB IP, CEBPB IP, CEBPB IP, CEBPB IP",,,
MYB,HACD4,leukocytes,"MYB IP - Jurkat, Rep 5, MYB IP - Jurkat, Rep 1, MYB IP - MOLT3, MYB IP - Jurkat, Rep 2, MYB IP - Jurkat, Rep 4, MYB IP - Jurkat, Rep 3",,,
IRF4,HACD4,leukocytes,IRF4 IP - GM12878 cells,,,
ZEB1,HACD4,leukocytes,ZEB1 IP - GM12878 cells,,,
FOXA1,HACD4,prostate,"R1881 | FOXA1 ChIP-Seq - Rep 1, FOXA1 ChIP-Seq - LNCaP-abl, FOXA1 ChIP-Seq, DHT | FOXA1 ChIP-Seq, GATA2 KD  |Â FOXA1 ChIP-Seq, FOXA1 ChIP-Seq, CON KD + R1881 | FOXA1 ChIP-Seq - Rep 2, GATA2 KD + R1881 |Â FOXA1 ChIP-Seq, FOXA1 KD |Â GATA2 ChIP-Seq, FOXA1 ChIP-Seq - Rep 2, FOXA1 ChIP-Seq - Rep 1, PIAS1 + R1881 | FOXA1 ChIP-Seq - Rep 2, CON KD  |Â FOXA1 ChIP-Seq, PIAS1 + R1881 | FOXA1 ChIP-Seq - Rep 1, CON KD |Â FOXA1 ChIP-Seq, WT AR OE + FOXA1 OE | FOXA1 ChIP-Seq, FOXA1 + FBS |Â GATA2 ChIP-Seq, CON KD + R1881 | FOXA1 ChIP-Seq - Rep 1, FOXA1 ChIP-Seq - Rep 2, CREB1 siRNA | FOXA1 ChIP-Seq - Rep 1, FOXA1 ChIP-Seq, WT AR OE + FOXA1 OE | FOXA1 ChIP-Seq - high FOXA1, EtOH | FOXA1 ChIP-Seq - , EtOH | FOXA1 ChIP-Seq - Rep 2, DHT | FOXA1 ChIP-Seq, AR C562S OE + FOXA1 OE | FOXA1 ChIP-Seq, CON KD + R1881 |Â FOXA1 ChIP-Seq, R1881 | FOXA1 ChIP-Seq - Rep 2, AR Q640X OE + FOXA1 OE | FOXA1 ChIP-Seq, CREB1 siRNA | FOXA1 ChIP-Seq - Rep 2",,,
R1881,HACD4,prostate,"R1881 | FOXA1 ChIP-Seq - Rep 1, CON KD + R1881 | FOXA1 ChIP-Seq - Rep 2, GATA2 KD + R1881 |Â FOXA1 ChIP-Seq, PIAS1 + R1881 | FOXA1 ChIP-Seq - Rep 2, PIAS1 + R1881 | FOXA1 ChIP-Seq - Rep 1, CON KD + R1881 | FOXA1 ChIP-Seq - Rep 1, CON KD + R1881 |Â FOXA1 ChIP-Seq, R1881 | FOXA1 ChIP-Seq - Rep 2",,,
STAT1,HACD4,leukocytes,"STAT1 IP - Rep 1, STAT1 IP - Rep 5, STAT1 IP - Rep 2, STAT1 IP - Rep 4, STAT1 IP - Rep 3, STAT1 IP - Rep 6",,,
IFNG,HACD4,leukocytes,"STAT1 IP - Rep 1, STAT1 IP - Rep 5, STAT1 IP - Rep 2, STAT1 IP - Rep 4, STAT1 IP - Rep 3, STAT1 IP - Rep 6, IRF1 IP - Rep 3, IRF1 IP - Rep 2",,,
ATF2,HACD4,leukocytes,ATF2 IP - GM12878 cells,,,
DHT,HACD4,prostate,"DHT | FOXA1 ChIP-Seq, DHT | FOXA1 ChIP-Seq",,,
MAX,HACD4,cns,MAX IP - SK-N-SH cells,,,
GATA2,HACD4,prostate,"GATA2 KD  |Â FOXA1 ChIP-Seq, GATA2 KD + R1881 |Â FOXA1 ChIP-Seq, FOXA1 KD |Â GATA2 ChIP-Seq, GATA2 ChIP-Seq - Rep 2, GATA2 ChIP-Seq, FOXA1 + FBS |Â GATA2 ChIP-Seq, CON KD  |Â GATA2 ChIP-Seq, GATA2 ChIP-Seq - Rep 1, CON KD |Â GATA2 ChIP-Seq, CON KD + FBS |Â GATA2 ChIP-Seq",,,
CEBPB,HACD4,colon,CEBPB IP,,,
CEBPA,HACD4,leukocytes,"CEBPA IP - U-937 cells, Rep 1 , CEBPA IP - U-937 cells, Rep 2 , CEBPA IP",,,
FOXA2,HACD4,lung,FOXA2 IP - A549 cells,,,
NANOG,HACD4,stemcells,"NANOG IP - Rep 5 , NANOG IP - Rep 4 , NANOG IP - Rep 3 , NANOG IP - Rep 2, NANOG IP - Rep 6 , NANOG IP - Rep 8 ",,,
BATF,HACD4,leukocytes,BATF IP - GM12878 cells,,,
MAFK,HACD4,lung,MAFK IP - IMR cells,,,
MAX,HACD4,stemcells,MAX IP - H1 cells,,,
YY1,HACD4,stemcells,YY1 IP - H1 cells,,,
MAZ,HACD4,lung,MAZ IP - IMR cells,,,
E2F6,HACD4,lung,E2F6 IP - A549 cells,,,
FOXA1,HACD4,liver,"FOXA1 IP - HepG2 cells, Rep 2, FOXA1 IP - HepG2 cells, Rep 1",,,
BCL3,HACD4,leukocytes,BCL3 IP - GM12878 cells,,,
GABPA,HACD4,leukocytes,"GABPA IP - GM12878 cells, Rep 2 , GABPA IP - GM12878 cells, Rep 1 , GABPA IP - Jurkat, Rep 1, GABPA IP - GM12878 cells, Rep 4 , GABPA IP - Jurkat, Rep 2",,,
PAX5,HACD4,leukocytes,PAX5 IP - GM12892 cells,,,
CEBPB,HACD4,uterus,CEBPB ChIP-Seq - HeLaS3,,,
CREB1,HACD4,leukocytes,CREB1 IP - GM12878 cells,,,
FOSL2,HACD4,cns,FOSL2 IP - SK-N-SH cells,,,
SMAD1,HACD4,hspcs,SMAD1 IP - Rep 2,,,
CEBPB,HACD4,liver,CEBPB ChIP-Seq - HepG2,,,
MYC,HACD4,leukocytes,MYC IP - NB4 cells,,,
EBF1,HACD4,leukocytes,"EBF1 IP - GM12878 cells, EBF1 IP - GM12878 cells",,,
PBX3,HACD4,leukocytes,PBX3 IP - GM12878 cells,,,
RUNX1,HACD4,hspcs,RUNX1,,,
BCL11A,HACD4,leukocytes,BCL11A IP - GM12878 cells,,,
DEX,HACD4,mammarygland,"DEX | FOXA1 ChIP-Seq - Rep 2, DEX | FOXA1 ChIP-Seq - Rep 2, DEX | FOXA1 ChIP-Seq - Rep 1, DEX | FOXA1 ChIP-Seq - Rep 1, DEX | FOXA1 ChIP-Seq - Rep 2, DEX | FOXA1 ChIP-Seq - Rep 1",,,
DHT,HACD4,mammarygland,DHT | FOXA1 ChIP-Seq,,,
PIAS1,HACD4,prostate,"PIAS1 + R1881 | FOXA1 ChIP-Seq - Rep 2, PIAS1 + R1881 | FOXA1 ChIP-Seq - Rep 1",,,
ELF1,HACD4,leukocytes,ELF1 IP - SK-N-SH cells,,,
GATA3,HACD4,mammarygland,"GATA3 IP - T47D cells, GATA3 IP - MCF7 cells",,,
STAT5A,HACD4,leukocytes,STAT5A IP - GM12878 cells,,,
MAX,HACD4,leukocytes,MAX IP - NB4 cells,,,
MAZ,HACD4,leukocytes,MAZ IP - GM12878 cells,,,
FOXA2,HACD4,stemcells,FOXA2 IP - ES D7,,,
E2F6,HACD4,stemcells,E2F6 IP - H1 cells,,,
AR,HACD4,prostate,"WT AR OE + FOXA1 OE | FOXA1 ChIP-Seq, WT AR OE + FOXA1 OE | FOXA1 ChIP-Seq - high FOXA1, AR C562S OE + FOXA1 OE | FOXA1 ChIP-Seq, AR Q640X OE + FOXA1 OE | FOXA1 ChIP-Seq",,,
MTA3,HACD4,leukocytes,MTA3 IP - GM12878 cells,,,
FOXA1,HACD4,lung,FOXA1 IP | DEX - A549 cells,,,
DEX,HACD4,lung,FOXA1 IP | DEX - A549 cells,,,
RELA,HACD4,leukocytes,RELA IP | TNF - GM12891 cells,,,
TNF,HACD4,leukocytes,RELA IP | TNF - GM12891 cells,,,
CREB1,HACD4,prostate,"CREB1 siRNA | FOXA1 ChIP-Seq - Rep 1, CREB1 siRNA | FOXA1 ChIP-Seq - Rep 2",,,
MAX,HACD4,uterus,MAX IP - ECC1 cells,,,
JUND,HACD4,vasculature,JUND IP,,,
PBX3,HACD4,cns,PBX3 IP - SK-N-SH cells,,,
IKZF1,HACD4,leukocytes,IKZF1 IP - GM12878 cells,,,
TAL1,HACD4,leukocytes,TAL1 IP - MOLT3,,,
CTCF,HACD4,hspcs,"CTCF IP - Erythroid cells, Rep 2",,,
SP1,HACD4,leukocytes,SP1 IP - GM12878 cells,,,
TCF12,HACD4,uterus,TCF12 IP - ECC1 cells,,,
IRF1,HACD4,leukocytes,"IRF1 IP - Rep 3, IRF1 IP - Rep 2",,,
CEBPB,HACD4,lung,"CEBPB ChIP-Seq - A549, CEBPB ChIP-Seq - IMR90",,,
TNF,HACD4,mammarygland,TNF | FOXA1 ChIP-Seq - Rep 1,,,
ZBTB7A,HACD4,uterus,ZBTB7A IP - ECC1 cells,,,
ETS1,HACD4,leukocytes,ETS1 IP,,,
FOXA1,HACD4,stemcells,FOXA1 IP - Rep 5 ,,,
MAX,HACD4,lung,MAX IP - A549 cells,,,
GATA2,HACD4,hspcs,GATA2 IP,,,
17BE2; TNF,HACD4,mammarygland,17BE2 + TNF | FOXA1 ChIP-Seq - Rep 2,,,
POU2F2,HACD4,leukocytes,POU2F2 IP - GM12878 cells,,,
CEBPB,HSD17B12,lung,CEBPB ChIP-Seq - IMR90,,,
SREBF2,HSD17B12,liver,SREBF2 IP | PRAV - HepG2 cells,,,
PRAV,HSD17B12,liver,"SREBF2 IP | PRAV - HepG2 cells, SREBF1 IP | PRAV - HepG2 cells",,,
FOXA1,HSD17B12,mammarygland,"17BE2 | FOXA1 ChIP-Seq, DEX | FOXA1 ChIP-Seq - Rep 1, DEX | FOXA1 ChIP-Seq - Rep 2, DEX | FOXA1 ChIP-Seq - Rep 1, 17BE2 | FOXA1 ChIP-Seq - Rep 2, FOXA1 ChIP-Seq - Rep 2, 17BE2 | FOXA1 ChIP-Seq - Rep 2, FOXA1 ChIP-Seq - Rep 2, DHT | FOXA1 ChIP-Seq, FOXA1 ChIP-Seq - Rep 1, FOXA1 IP - T47D cells",,,
17BE2,HSD17B12,mammarygland,"17BE2 | FOXA1 ChIP-Seq, 17BE2 | FOXA1 ChIP-Seq - Rep 2, 17BE2 | FOXA1 ChIP-Seq - Rep 2",,,
FOXA1,HSD17B12,prostate,"PIAS1 + R1881 | FOXA1 ChIP-Seq - Rep 2, FOXA1 siRNA | CREB1 ChIP-Seq - Rep 2, PIAS1 + R1881 | FOXA1 ChIP-Seq - Rep 1, FOXA1 KD |Â GATA2 ChIP-Seq, FOXA1 ChIP-Seq, CON KD | FOXA1 ChIP-Seq, FOXA1 + FBS |Â GATA2 ChIP-Seq, CON KD | FOXA1 ChIP-Seq",,,
R1881,HSD17B12,prostate,"PIAS1 + R1881 | FOXA1 ChIP-Seq - Rep 2, PIAS1 + R1881 | FOXA1 ChIP-Seq - Rep 1",,,
PIAS1,HSD17B12,prostate,"PIAS1 + R1881 | FOXA1 ChIP-Seq - Rep 2, PIAS1 + R1881 | FOXA1 ChIP-Seq - Rep 1",,,
TCF7L2,HSD17B12,mammarygland,"DHT | TCF7L2 ChIP-Seq, TCF7L2 ChIP-Seq",,,
DHT,HSD17B12,mammarygland,"DHT | TCF7L2 ChIP-Seq, DHT | FOXA1 ChIP-Seq, DHT | MYC ChIP-Seq",,,
SP1,HSD17B12,leukocytes,"SP1 IP - GM12878 cells, SP1 IP - K562 cells",,,
SPI1,HSD17B12,leukocytes,"SPI1 IP, SPI1 IP - GM12878 cells, Rep 1 , SPI1 IP, SPI1 IP - GM12891 cells, SPI1 IP - GM12878 cells, Rep 2 , SPI1 IP, SPI1 IP - GM12878 cells, Rep 3 , SPI1 IP - GM12878 cells, Rep 4 , SPI1 IP - GM12878 cells, Rep 5 , SPI1 IP, SPI1 IP - GM12878 cells, SPI1 IP, SPI1 IP, SPI1 IP - K562 cells, SPI1 IP - HL cells, SPI1 IP",,,
PBX3,HSD17B12,leukocytes,PBX3 IP - GM12878 cells,,,
CREB1,HSD17B12,uterus,CREB1 IP - ECC1 cells,,,
JUND,HSD17B12,liver,JUND IP - HepG2 cells,,,
FOXP1,HSD17B12,prostate,DHT | FOXP1 ChIP-Seq,,,
DHT,HSD17B12,prostate,DHT | FOXP1 ChIP-Seq,,,
CREB1,HSD17B12,prostate,"FOXA1 siRNA | CREB1 ChIP-Seq - Rep 2, CREB1 ChIP-Seq - LNCaP, CREB1 ChIP-Seq - LNCaP-abl",,,
MYB,HSD17B12,leukocytes,"MYB IP - Jurkat, Rep 3, MYB IP - Jurkat, Rep 5, MYB IP - Jurkat, Rep 4, MYB IP - Jurkat, Rep 2",,,
RELA,HSD17B12,adiposetissue,"RELA IP, RELA IP, RELA IP, RELA IP",,,
TP53,HSD17B12,skin,TP53 IP | NUTL3,,,
GATA3,HSD17B12,cns,"GATA3 IP - SHSY5Y cells, GATA3 IP - SK-N-SH cells",,,
JUN,HSD17B12,vasculature,JUN IP - HUVEC cells,,,
STAT1,HSD17B12,leukocytes,"STAT1 IP - Rep 1, STAT1 IP - Rep 5, STAT1 IP - Rep 2, STAT1 IP - Rep 4, STAT1 IP - Rep 3",,,
IFNG,HSD17B12,leukocytes,"STAT1 IP - Rep 1, STAT1 IP - Rep 5, IRF1 IP | IFNG - K562 cells, 6 h, STAT1 IP - Rep 2, STAT1 IP - Rep 4, STAT1 IP - Rep 3",,,
JUND,HSD17B12,colon,JUND IP - HCT116 cells,,,
RELA,HSD17B12,leukocytes,"RELA IP | BAY082  - IVD Th1 cells, PIA, RELA IP | TNF - GM18505 cells, RELA IP | TNF - GM12891 cells, RELA IP | TNF - GM10847 cells, RELA IP | TNF - GM12892 cells, RELA IP | TNF - GM15510 cells, RELA IP | TNF - GM18951 cells",,,
BAY082,HSD17B12,leukocytes,"RELA IP | BAY082  - IVD Th1 cells, PIA",,,
SRF,HSD17B12,leukocytes,"SRF IP - SK-N-SH cells, SRF IP - GM12878 cells, Rep 2",,,
MAFK,HSD17B12,leukocytes,MAFK IP - K562 cells,,,
MYBL2,HSD17B12,liver,MYBL2 IP - HepG2 cells,,,
CREB1,HSD17B12,leukocytes,"CREB1 IP - K562 cells, CREB1 IP - GM12878 cells",,,
CTCF,HSD17B12,cns,"CTCF IP - SK-N-SH cells , CTCF IP - HCPEpiC cells, Rep 2 , CTCF IP - HCPEpiC cells, Rep 1 , CTCF IP - cerebellar astrocyte cells, Rep 2 ",,,
GABPA,HSD17B12,liver,"GABPA IP - HepG2 cells, GABPA IP",,,
NANOG,HSD17B12,stemcells,"NANOG IP - Rep 4 , NANOG IP - Rep 8 , NANOG IP - Rep 5 ",,,
NFATC1,HSD17B12,leukocytes,NFATC1 IP - GM12878 cells,,,
MAZ,HSD17B12,leukocytes,"MAZ IP - GM12878 cells, MAZ IP - K562 cells",,,
TFAP4,HSD17B12,leukocytes,"TFAP4 IP - Rep 1, TFAP4 IP - Rep 2",,,
MAX,HSD17B12,stemcells,MAX IP - H1 cells,,,
OTX2,HSD17B12,stemcells,OTX2 IP - Rep 10 ,,,
CTCF,HSD17B12,skin,"CTCF IP - NHDF cells, Rep 2 , CTCF IP - NHDF cells , CTCF IP - AG04449 cells, Rep 1 , CTCF IP - NHEK cells , CTCF IP - AG04449 cells, Rep 2 ",,,
CTCF,HSD17B12,leukocytes,"CTCF IP - MS1 cells, Rep 3 , CTCF IP - GM2630 cells, Rep 2 , CTCF IP - MS1 cells, Rep 4 , CTCF IP - GM12875 cells, Rep 1 , CTCF IP - GM2588 cells, Rep 2 , CTCF IP - GM18486 cells, Rep 1 , CTCF IP - GM2255 cells, Rep 3 , CTCF IP - GM12874 cells, Rep 2 , CTCF IP - GM19193 cells, Rep 1 , CTCF IP - K562 cells, Rep 14 , CTCF IP - GM12892 cells, Rep 2 , CTCF IP - GM12878 cells , CTCF IP - GM18486 cells, Rep 3 , CTCF IP - GM12878 cells, Rep 1 , CTCF IP - GM19239 cells, Rep 1 , CTCF IP - GM12872 cells, Rep 3 , CTCF IP - GM2255 cells, Rep 1 , CTCF IP - GM10847 cells, Rep 2 , CTCF IP - GM19240 cells, Rep 2 , CTCF IP - GM12878 cells, Rep 2 , CTCF IP - Â CD20+ cells , CTCF IP - GM19238 cells, Rep 1 , CTCF ChIP-Seq - GM12878, CTCF IP - GM2610 cells, Rep 2 , CTCF IP - GM12878 cells, Rep 2 , CTCF IP - K562 cells, Rep 12 , CTCF IP - GM12892 cells, Rep 1 , CTCF IP - GM2610 cells, Rep 3 , CTCF IP - GM2588 cells, Rep 3 , CTCF IP - Â DND , CTCF IP, CTCF IP - GM2630 cells, Rep 3 , CTCF IP - GM18951 cells, Rep 1 , CTCF IP - GM12891 cells, Rep 2 , CTCF IP - GM19240 cells, Rep 1 , CTCF IP - MS1 cells, Rep 2 , CTCF IP - GM19099 cells, Rep 1 , CTCF IP - GM18505 cells, Rep 1 ",,,
YY1,HSD17B12,lung,YY1 IP - A549 cells,,,
CTCF,HSD17B12,mammarygland,"CTCF IP - HMEC cells, Rep 1 , CTCF IP - HMEC cells , CTCF IP - HMF cells, Rep 1 ",,,
REST,HSD17B12,leukocytes,"REST IP - GM12878 cells, Rep 2, REST IP - GM12878 cells, Rep 16 , REST IP - K562 cells, REST IP - HL60 cells, REST IP - GM12878 cells, Rep 1",,,
REST,HSD17B12,cns,"REST IP - PFSK-N-SH cells1 cells, Rep 1, REST IP - U87 cells, REST IP - SK-N-SH cells, REST IP - SK cells, REST IP - PFSK1 cells, Rep 2",,,
YY1,HSD17B12,leukocytes,"YY1 IP - GM12878 cells, YY1 IP - GM12891 cells, YY1 IP - K562 cells, Rep 1, YY1 IP - K562 cells, Rep 2, YY1 IP - GM12892 cells, Rep 1",,,
FOXH1,HSD17B12,embryonictissue,FOXH1 IP - endoderm,,,
MAFF,HSD17B12,leukocytes,MAFF IP - K562 cells,,,
CEBPB,HSD17B12,stemcells,"CEBPB IP, CEBPB IP, CEBPB IP, CEBPB IP, CEBPB IP, CEBPB IP",,,
FOXA1,HSD17B12,liver,"FOXA1 IP - HepG2 cells, Rep 1",,,
ARID3A,HSD17B12,liver,ARID3A IP - HepG2 cells,,,
MAX,HSD17B12,liver,"MAX IP - HepG2 cells, MAX IP - HepG2 cells, MAX IP - MCF7 cells",,,
TCF7L2,HSD17B12,pancreas,TCF7L2 IP,,,
USF1,HSD17B12,liver,USF1 IP - HepG2 cells,,,
IRF1,HSD17B12,leukocytes,"IRF1 IP | IFNG - K562 cells, 6 h",,,
NFYA,HSD17B12,colon,NFYA IP ,,,
MXI1,HSD17B12,liver,MXI1 IP - HepG2 cells,,,
GATA2,HSD17B12,prostate,"FOXA1 KD |Â GATA2 ChIP-Seq, FOXA1 + FBS |Â GATA2 ChIP-Seq, CON KD + FBS |Â GATA2 ChIP-Seq",,,
CTCF,HSD17B12,hspcs,"CTCF IP - HEL 92.1.7 cells, Rep 14 , CTCF IP - HEL 92.1.7 cells, Rep 8 , CTCF IP - HEL 92.1.7 cells, Rep 5 , CTCF IP - HEL 92.1.7 cells, Rep 2 , CTCF IP - HEL 92.1.7 cells, Rep 11 ",,,
SP2,HSD17B12,liver,SP2 IP - HepG2 cells,,,
TNF,HSD17B12,leukocytes,"RELA IP | TNF - GM18505 cells, RELA IP | TNF - GM12891 cells, RELA IP | TNF - GM10847 cells, RELA IP | TNF - GM12892 cells, RELA IP | TNF - GM15510 cells, RELA IP | TNF - GM18951 cells",,,
ETS1,HSD17B12,leukocytes,ETS1 IP,20019798,,
FOXA1,HSD17B12,lung,FOXA1 IP - A549 cells,,,
CTCF,HSD17B12,lung,"CTCF IP - SAEC cells, Rep 2 ",,,
REST,HSD17B12,stemcells,"REST IP - H1 cells, Rep 1, REST IP - H1 cells, Rep 2",,,
JUND,HSD17B12,vasculature,JUND IP,,,
GLI2,HSD17B12,colon,GLI2 IP ,,,
TAL1,HSD17B12,leukocytes,"TAL1 IP - MOLT3, TAL1Â  IP - Rep 2, TAL1 IP - K562 cells",,,
GATA2,HSD17B12,leukocytes,"GATA2 IP - K562 cells, GATA2 IP - K562 cells",,,
HOXA6,HSD17B12,colon,HOXA6 IP ,,,
EGR1,HSD17B12,colon,EGR1 IP - HCT116 cells,,,
CTCF,HSD17B12,megakaryocytelineage,"CTCF IP - MEG-01 cells, Rep 8 , CTCF IP - MEG-01 cells, Rep 6 , CTCF IP - MEG-01 cells, Rep 2 , CTCF IP - MEG-01 cells, Rep 10 , CTCF IP - MEG-01 cells, Rep 4 ",,,
RBPJ,HSD17B12,leukocytes,RBPJ IP | COMPE - wash,,,
COMPE,HSD17B12,leukocytes,RBPJ IP | COMPE - wash,,,
ATF1,HSD17B12,leukocytes,ATF1 IP - K562 cells,,,
CTCF,HSD17B12,sensory,"CTCF IP - WERI-Rb-1- cells, Rep 1 ",,,
PBX3,HSD17B12,cns,PBX3 IP - SK-N-SH cells,,,
DEX,HSD17B12,mammarygland,"DEX | FOXA1 ChIP-Seq - Rep 1, DEX | FOXA1 ChIP-Seq - Rep 2, DEX | FOXA1 ChIP-Seq - Rep 1",,,
ZBTB7A,HSD17B12,uterus,ZBTB7A IP - ECC1 cells,,,
FOXA2,HSD17B12,stemcells,"FOXA2 IP - ES D2, FOXA2 IP - ES D10, FOXA2 IP - ES D7, FOXA2 IP - ES D5",,,
FOXP1,HSD17B12,colon,FOXP1 IP ,,,
STAT5A,HSD17B12,leukocytes,"STAT5A IP - GM12878 cells, STAT5A IP - K562 cells",,,
REST,HSD17B12,lung,REST IP - A549 cells,,,
JUND,HSD17B12,stemcells,JUND IP - H1 cells,,,
CREB1,HSD17B12,colon,CREB1 IP ,,,
GATA2,HSD17B12,vasculature,GATA2 IP - HUVEC cells,,,
ZEB1,HSD17B12,liver,ZEB1 IP - HepG2 cells,,,
JUND,HSD17B12,lung,JUND IP - A549 cells,,,
TBP,HSD17B12,stemcells,TBP IP - H1 cells,,,
GATA2,HSD17B12,hspcs,"GATA2 IP, GATA2 IP",,,
GATA1,HSD17B12,hspcs,"GATA1 IP - Rep 3, GATA1 IP - PBDE cells, Rep 1",,,
KLF11,HSD17B12,adiposetissue,"ROSI (BrAT) | KLF11 ChIP-Seq, Rep 1, KLF11 ChIP-Seq, Rep 1, ROSI (BrAT) | KLF11 ChIP-Seq, Rep 2, KLF11 ChIP-Seq, Rep 2",,,
ROSI,HSD17B12,adiposetissue,"ROSI (BrAT) | KLF11 ChIP-Seq, Rep 1, ROSI (BrAT) | KLF11 ChIP-Seq, Rep 2",,,
ETS1,HSD17B12,lung,ETS1 IP - A549 cells,,,
SREBF1,HSD17B12,liver,"SREBF1 IP | PRAV - HepG2 cells, SREBF1 IP | INS + 22RHC - HepG2 cells",,,
PDX1,HSD17B12,pancreas,PDX1 IP,,,
ELF1,HSD17B12,liver,ELF1 IP - HepG2 cells,,,
FOS,HSD17B12,leukocytes,FOS IP - GM12878 cells,,,
YY1,HSD17B12,liver,YY1 IP - HepG2 cells,,,
GABPA,HSD17B12,leukocytes,"GABPA IP - GM12878 cells, Rep 2 , GABPA IP - GM12878 cells, Rep 4 ",,,
EBF1,HSD17B12,leukocytes,"EBF1 IP - GM12878 cells, EBF1 IP - GM12878 cells",,,
HEY1,HSD17B12,leukocytes,HEY1 IP - K562 cells,,,
STAT3,HSD17B12,leukocytes,"STAT3 IP - SU-DHL-6, STAT3 IP - SU-DHL-4, STAT3 IP - OCI-LY10, STAT3 IP - SU-DHL-2, STAT3 IP - OCI-LY7",,,
YY1,HSD17B12,stemcells,"YY1 IP - NT2 cells, YY1 IP - H1 cells",,,
NFYA,HSD17B12,leukocytes,"NFYA IP - K562 cells, NFYA IP - GM12878 cells",,,
CEBPB,HSD17B12,colon,"CEBPB IP, CEBPB IP - HCT116 cells, CEBPB IP | 125DVD3",,,
BHLHE40,HSD17B12,leukocytes,BHLHE40 IP - GM12878 cells,,,
CDX2,HSD17B12,colon,"CDX2 IP, CDX2 IP | 125DVD3",,,
BACH1,HSD17B12,colon,BACH1 IP ,,,
SRF,HSD17B12,uterus,SRF IP - ECC1 cells,,,
PAX5,HSD17B12,leukocytes,"PAX5 IP - GM12891 cells, PAX5 IP - GM12878 cells, Rep 2, PAX5 IP - GM12878 cells, Rep 1, PAX5 IP - GM12892 cells",,,
RUNX1,HSD17B12,hspcs,RUNX1,,,
ELF3,HSD17B12,pancreas,"ELF3 IP, ELF3 IP, ELF3 IP | KLF5 KO",,,
FOXP2,HSD17B12,cns,"FOXP2 IP - PFSK-1 cells, FOXP2 IP - SK cells",,,
GATA2,HSD17B12,cns,GATA2 ChIP-Seq SH-SY5Y,,,
SP1,HSD17B12,colon,SP1 IP - HCT116 cells,,,
ATF3,HSD17B12,colon,"ATF3 IP - HCT116 cells, ATF3 IP | CAMPTO",,,
MAFK,HSD17B12,liver,"MAFK IP - HepG2 cells, Rep 2, MAFK IP - HepG2 cells, Rep 1",,,
MXI1,HSD17B12,leukocytes,MXI1 IP - GM12878 cells,,,
KLF5,HSD17B12,stomach,KLF5 IP - KATOIII,,,
E2F4,HSD17B12,mammarygland,E2F4 IP | 4HT - MCF10 cells,,,
4HT,HSD17B12,mammarygland,"E2F4 IP | 4HT - MCF10 cells, STAT3 IP | 4HT - MCF10 cells, 12 h, STAT3 IP | 4HT - MCF10 cells, 36 h, FOS IP | 4HT - MCF10A cells, 4 h",,,
HEY1,HSD17B12,liver,HEY1 IP - HepG2 cells,,,
ZBTB7A,HSD17B12,leukocytes,ZBTB7A IP - SK-N-SH cells,,,
SRF,HSD17B12,colon,SRF IP - HCT116 cells,,,
MTA3,HSD17B12,leukocytes,MTA3 IP - GM12878 cells,,,
MAFF,HSD17B12,liver,MAFF IP - HepG2 cells,,,
SOX9,HSD17B12,colon,SOX9 IP ,,,
IRF4,HSD17B12,leukocytes,IRF4 IP,,,
FOSL1,HSD17B12,colon,FOSL1 IP - HCT116 cells,,,
ATF2,HSD17B12,colon,ATF2 IP ,,,
CEBPB,HSD17B12,leukocytes,"CEBPB IP - Rep 204, CEBPB ChIP-Seq - K562, CEBPB IP | oxLDL  - Rep 208",,,
ELF1,HSD17B12,colon,ELF1 IP - HCT116 cells,,,
CTCF,HSD17B12,adiposetissue,"CTCF ChIP-Seq - d -2, CTCF ChIP-Seq - d 0, CTCF ChIP-Seq - dÂ 3",,,
CEBPA,HSD17B12,leukocytes,CEBPA IP,,,
E2F1,HSD17B12,prostate,"E2F1 ChIP-Seq - Rep 2, E2F1 ChIP-Seq - Rep 4, E2F1 ChIP-Seq - Rep 1, BICALU | E2F1 ChIP-Seq - Rep 1",,,
GABPA,HSD17B12,prostate,GABPA IP - Rep 1,,,
TCF12,HSD17B12,uterus,TCF12 IP - ECC1 cells,,,
KLF5,HSD17B12,pancreas,"KLF5 IP, ELF3 IP | KLF5 KO",,,
STAT3,HSD17B12,mammarygland,"STAT3 IP | 4HT - MCF10 cells, 12 h, STAT3 IP | 4HT - MCF10 cells, 36 h, STAT3 IP - MCF10A cells, Rep 2",,,
JUN,HSD17B12,mammarygland,"JUN IP - Rep 1, JUN IP - Rep 2",,,
MAX,HSD17B12,leukocytes,"MAX IP - K562 cells, Rep 2, MAX IP - K562 cells",,,
MAZ,HSD17B12,liver,MAZ IP - HepG2 cells,,,
CTCF,HSD17B12,vasculature,"CTCF IP - HBMEC cells, Rep 1 , CTCF IP - HPAF cells, Rep 1 , CTCF IP - HPAF cells, Rep 2 ",,,
EGR1,HSD17B12,leukocytes,EGR1 IP - K562 cells,,,
E2F3,HSD17B12,colon,E2F3 IP ,,,
NFYB,HSD17B12,leukocytes,"NFYB IP - K562 cells, NFYB IP - GM12878 cells",,,
MAX,HSD17B12,lung,MAX IP - A549 cells,,,
FOXM1,HSD17B12,mammarygland,FOXM1 IP | THSP - DS006,,,
REST,HSD17B12,colon,REST IP - HCT116 cells,,,
SP1,HSD17B12,liver,SP1 IP - HepG2 cells,,,
CREB1,HSD17B12,lung,"CREB1 IP - A549 cells, Rep 2, CREB1 IP | DEX - A549 cells",,,
HOXA4,HSD17B12,colon,HOXA4 IP ,,,
TBP,HSD17B12,uterus,TBP IP - HeLa cells,,,
E2F6,HSD17B12,lung,E2F6 IP - A549 cells,,,
CREB1,HSD17B12,stemcells,CREB1 IP - H1 cells,,,
CTCF,HSD17B12,liver,CTCF IP - HepG2 cells ,,,
GATA1,HSD17B12,leukocytes,GATA1 ChIP-Seq - SC266,,,
GTF2F1,HSD17B12,stemcells,GTF2F1 IP - H1 cells,,,
TP53,HSD17B12,mammarygland,"TP53 IP, TP53 IP | NUTL3 - MCF-7",,,
IRF1,HSD17B12,colon,IRF1 IP ,,,
ELF1,HSD17B12,cns,ELF1 IP - SK-N-SH cells,,,
CTCF,HSD17B12,bone,CTCF IP - Osteoblasts ,,,
E2F1,HSD17B12,mammarygland,"E2F1 IP - MCF7 cells, E2F1 IP",,,
REST,HSD17B12,liver,"REST IP - HepG2 cells, Rep 1, REST IP - HepG2 cells, Rep 2",,,
SOX2,HSD17B12,stemcells,SOX2 IP,,,
MAX,HSD17B12,cns,MAX IP - SK-N-SH cells,,,
TBP,HSD17B12,leukocytes,"TBP IP - GM12878 cells, TBP IP - K562 cells",,,
TAL1,HSD17B12,colon,TAL1 IP ,,,
ZNF83,HSD17B12,colon,ZNF83 IP ,,,
125DVD3,HSD17B12,colon,"CDX2 IP | 125DVD3, CEBPB IP | 125DVD3",,,
YY1,HSD17B12,colon,YY1 IP - HCT116 cells,,,
MAX,HSD17B12,vasculature,MAX IP - HUVEC cells,,,
CTCF,HSD17B12,heart,CTCF IP - HCF cells ,,,
GTF2B,HSD17B12,uterus,GTF2B IP - Rep 2,,,
CTCF,HSD17B12,kidney,"CTCF IP - RPTEC cells, Rep 1 ",,,
GATA3,HSD17B12,mammarygland,GATA3 IP - T47D cells,,,
CREB1,HSD17B12,liver,"CREB1 IP, CREB1 IP, CREB1 IP - HepG2 cells, CREB1 IP",,,
MXI1,HSD17B12,cns,MXI1 IP - SK-N-SH cells ,,,
NFYC,HSD17B12,colon,NFYC IP ,,,
FOXM1,HSD17B12,leukocytes,FOXM1 IP - GM12878 cells,,,
USF1,HSD17B12,cns,USF1 IP | ATRA - SK-N-SH cells,,,
ATRA,HSD17B12,cns,"USF1 IP | ATRA - SK-N-SH cells, YY1 IP | ATRA - SK-N-SH cells",,,
EGR1,HSD17B12,uterus,EGR1 IP - ECC1 cells,,,
USF1,HSD17B12,stemcells,USF1 IP - H1 cells,,,
SIX2,HSD17B12,kidney,"SIX2 IP - 17 weeks, Rep 2, SIX2 IP - 17 weeks, Rep 1",,,
MYC,HSD17B12,mammarygland,DHT | MYC ChIP-Seq,,,
TEAD4,HSD17B12,stemcells,TEAD4 IP - H1 cells,,,
ATF2,HSD17B12,leukocytes,ATF2 IP - GM12878 cells,,,
FOXA1,HSD17B12,stemcells,FOXA1 IP - Rep 5 ,,,
ERG,HSD17B12,prostate,"ERG ChIP-Seq, DMSO | ERG ChIP-Seq - Rep 1",,,
STAT2,HSD17B12,colon,STAT2 IP ,,,
TP53,HSD17B12,bone,"TP53 IP - Rep 2, TP53 IP | TP53EE/RR OE, TP53 IP | NUTL3 - SJSA-1",,,
SP1,HSD17B12,stemcells,"SP1 IP - Rep 2 , SP1 IP - H1 cells, SP1 IP - Rep 1 ",,,
RELA,HSD17B12,colon,RELA IP ,,,
TCF7L2,HSD17B12,hspcs,"TCF7L2 IP - Rep 2, TCF7L2 IP - Rep 1",,,
ELF1,HSD17B12,lung,ELF1 IP - A549 cells,,,
CTCF,HSD17B12,skeletalmuscle,"CTCF IP - HSMM cells, Rep 2 , CTCF IP - HSMM cells, Rep 1 ",,,
MAX,HSD17B12,uterus,MAX IP - ECC1 cells,,,
MXI1,HSD17B12,stemcells,MXI1 IP - H1 cells,,,
MXI1,HSD17B12,lung,MXI1 IP - IMR cells,,,
NFYA,HSD17B12,uterus,NFYA IP - HeLa cells,,,
PBX3,HSD17B12,lung,PBX3 IP - A549 cells,,,
EBF1,HSD17B12,adiposetissue,EBF1 IP,,,
RUNX1,HSD17B12,leukocytes,RUNX1 IP,,,
ELF1,HSD17B12,mammarygland,ELF1 IP - MCF7 cells,,,
DEX,HSD17B12,lung,CREB1 IP | DEX - A549 cells,,,
ZNF143,HSD17B12,leukocytes,ZNF143 IP - GM12878 cells,,,
MAX,HSD17B12,colon,MAX IP - HCT116 cells,,,
TCF12,HSD17B12,lung,TCF12 IP - A549 cells,,,
ETV5,HSD17B12,colon,ETV5 IP ,,,
SP1,HSD17B12,lung,SP1 IP - A549 cells,,,
YY1,HSD17B12,cns,YY1 IP | ATRA - SK-N-SH cells,,,
JUN,HSD17B12,colon,JUN IP ,,,
TBP,HSD17B12,liver,TBP IP - HepG2 cells,,,
E2F6,HSD17B12,stemcells,E2F6 IP - H1 cells,,,
ELF1,HSD17B12,leukocytes,"ELF1 IP - SK-N-SH cells, ELF1 IP - SK-N-SH cells",,,
TEAD4,HSD17B12,leukocytes,TEAD4 IP - K562 cells,,,
ERG,HSD17B12,leukocytes,ERG IP - Rep 1,,,
FOXA2,HSD17B12,embryonictissue,FOXA2 IP - Rep 2,,,
ZNF263,HSD17B12,kidney,ZNF263 IP - HEK293 cells,,,
FOSL2,HSD17B12,lung,FOSL2 IP - A549 cells,,,
USF1,HSD17B12,uterus,USF1 IP - ECC1 cells,,,
FOSL2,HSD17B12,liver,FOSL2 IP - HepG2 cells,,,
YY1,HSD17B12,uterus,YY1 IP - ECC1 cells,,,
MAZ,HSD17B12,lung,MAZ IP - IMR cells,,,
BICALU,HSD17B12,prostate,BICALU | E2F1 ChIP-Seq - Rep 1,,,
USF1,HSD17B12,colon,USF1 IP - HCT116 cells,,,
NFYB,HSD17B12,uterus,NFYB IP - HeLa cells,,,
22RHC; INS,HSD17B12,liver,SREBF1 IP | INS + 22RHC - HepG2 cells,,,
POU2F2,HSD17B12,leukocytes,POU2F2 IP - GM12878 cells,,,
FOS,HSD17B12,mammarygland,"FOS IP | 4HT - MCF10A cells, 4 h",,,
FOXM1,HSD17B12,uterus,FOXM1 IP - ECC1 cells,,,
TCF3,HSD17B12,leukocytes,TCF3 IP - GM12878 cells,,,
TP53,HSD17B12,lung,"TP53 IP - propapoptic, Rep 1",,,
CTCF,SCD5,leukocytes,"CTCF IP - F36P cells, Rep 14 , CTCF IP - GM2610 cells, Rep 2 , CTCF IP - GM06990 cells, Rep 2 , CTCF IP - GM12878 cells, Rep 2 , CTCF IP - GM19240 cells, Rep 2 , CTCF IP - MS1 cells, Rep 4 , CTCF IP - GM12891 cells, Rep 1 , CTCF IP - F36P cells, Rep 1 , CTCF IP - KU812 cells, Rep 9 , CTCF ChIP-Seq - GM12878, CTCF IP - GM19238 cells, Rep 1 , CTCF IP - F36P cells, Rep 13 , CTCF IP - GM19238 cells, Rep 2 , CTCF IP - GM18526 cells, Rep 2 , CTCF IP - GM18505 cells, Rep 2 , CTCF IP - GM18486 cells, Rep 1 , CTCF IP - GM11811 cells, Rep 2, CTCF IP - GM18951 cells, Rep 1 , CTCF IP - F36P cells, Rep 3 , CTCF IP - F36P cells, Rep 11 , CTCF IP - GM12865 cells, Rep 2 , CTCF IP - F36P cells, Rep 2 , CTCF IP - GM06990 cells, Rep 1 , CTCF IP - K562 cells, Rep 12 , CTCF IP - GM12892 cells, Rep 1 , CTCF IP - GM11881 cells, CTCF IP - K562 cells, Rep 1 , CTCF IP, CTCF IP - GM12872 cells, Rep 3 , CTCF IP - GM2610 cells, Rep 3 , CTCF IP - GM2610 cells, Rep 1 , CTCF IP - GM06986 cells, CTCF IP - K562 cells, Rep 13 , CTCF IP - GM2255 cells, Rep 3 , CTCF IP - GM12749 cells, Rep 1, CTCF IP - GM2588 cells, Rep 3 , CTCF IP - GM07346 cells, CTCF IP - Â DND , CTCF IP - MS1 cells, Rep 2 , CTCF IP - UT-7 cells, Rep 1 , CTCF IP - GM2630 cells, Rep 3 , CTCF IP - GM12890 cells, Rep 3 , CTCF IP - GM18526 cells, Rep 1 , CTCF IP - MS1 cells, Rep 1 , CTCF IP - K562 cells, CTCF IP - GM19193 cells, Rep 1 , CTCF IP - KU812 cells, Rep 1 , CTCF IP - GM12891 cells, Rep 2 , CTCF IP - GM2588 cells, Rep 1 , CTCF IP - F36P cells, Rep 19 , CTCF IP - GM12892 cells, Rep 2 , CTCF IP - GM2630 cells, Rep 1 , CTCF IP - GM12815 cells, Rep 1, CTCF IP - GM19240 cells, Rep 1 , CTCF IP - GM12873 cells, Rep 3 , CTCF IP - GM12875 cells, Rep 1 , CTCF IP - GM12828 cells, CTCF IP - F36P cells, Rep 15 , CTCF IP - K562 cells, CTCF IP - HeLa cells, Rep 2 , CTCF IP - GM12890 cells, Rep 1 , CTCF IP - GM19099 cells, Rep 2 , CTCF IP - GM12878 cells , CTCF IP - GM18486 cells, Rep 3 , CTCF IP - K562 cells, Rep 16 , CTCF IP - GM11994 cells, Rep 2, CTCF IP - F36P cells, Rep 7 , CTCF IP - GM19099 cells, Rep 1 , CTCF IP - GM12814 cells, Rep 1, CTCF IP - GM19239 cells, Rep 2 , CTCF IP - K562 cells, Rep 14 , CTCF IP - GM19193 cells, Rep 2 , CTCF IP - GM12869 cells , CTCF IP - GM11831 cells, CTCF IP - F36P cells, Rep 10 , CTCF IP - GM12154 cells, Rep 2, CTCF IP - GM18505 cells, Rep 1 , CTCF IP - K562 cells , CTCF IP - KU812 cells, Rep 5 , CTCF IP - GM2630 cells, Rep 2 , CTCF IP - GM12814 cells, Rep 2, CTCF IP - GM12890 cells, Rep 2 , CTCF IP - GM12878 cells, Rep 1 , CTCF IP - F36P cells, Rep 6 , CTCF IP - GM2255 cells, Rep 2 , CTCF IP - GM11994 cells, Rep 1, CTCF IP - GM12878 cells, Rep 2 , CTCF IP - GM19239 cells, Rep 1 , CTCF IP - K562 cells, Rep 15 , CTCF IP - GM2588 cells, Rep 2 , CTCF IP - F36P cells, Rep 18 , CTCF IP - GM12154 cells, Rep 1, CTCF IP - KU812 cells, Rep 17 , CTCF IP - GM11811 cells, Rep 1, CTCF IP - K562 cells, Rep 11 , CTCF IP - UT-7 cells, Rep 3 , CTCF IP - GM10847 cells, Rep 2 , CTCF IP - MS1 cells, Rep 3 , CTCF IP - GM2255 cells, Rep 1 , CTCF IP - KU812 cells, Rep 13 ",,,
CTCF,SCD5,vasculature,"CTCF IP - HUVEC cells , CTCF IP - HPAF cells, Rep 2 , CTCF IP - HBMEC cells, Rep 1 , CTCF IP - HBMEC cells, Rep 2 , CTCF IP - HPAF cells, Rep 1 , CTCF IP - HUVEC cells, Rep 2 , CTCF IP - AoAFC cells, Rep 1 , CTCF IP - HUVEC cells, Rep 1 ",,,
CTCF,SCD5,lung,"CTCF IP - A549 cells, Rep 2 , CTCF IP - NHLF cells , CTCF IP - HPF cells, Rep 1 , CTCF IP - A549 cells, CTCF ChIP-Seq - A549, CTCF IP - IMR cells, CTCF IP - SAEC cells, Rep 1 , CTCF IP | DEX - A549 cells, CTCF IP - SAEC cells, Rep 2 , CTCF IP - AG04450 cells, Rep 2 , CTCF IP - HPF cells, Rep 2 , CTCF IP - A549 cells , CTCF IP - AG04450 cells, Rep 1 , CTCF IP - NHLF cells , CTCF IP | DEX - A549 cells ",,,
CTCF,SCD5,megakaryocytelineage,"CTCF IP - MEG-01 cells, Rep 10 , CTCF IP - MEG-01 cells, Rep 8 , CTCF IP - MEG-01 cells, Rep 6 , CTCF IP - MEG-01 cells, Rep 4 , CTCF IP - MEG-01 cells, Rep 2 ",,,
CEBPB,SCD5,stemcells,"CEBPB IP, CEBPB IP - H1 cells",,,
CEBPB,SCD5,uterus,"CEBPB IP - ECC1 cells, CEBPB ChIP-Seq - HeLaS3",,,
NFYB,SCD5,leukocytes,"NFYB IP - K562 cells, NFYB IP - GM12878 cells",,,
CTCF,SCD5,hspcs,"CTCF IP - HEL 92.1.7 cells, Rep 14 , CTCF IP - HEL 92.1.7 cells, Rep 2 , CTCF IP - HEL 92.1.7 cells, Rep 8 , CTCF IP - HEL 92.1.7 cells, Rep 11 , CTCF IP - HEL 92.1.7 cells, Rep 5 ",,,
ZNF143,SCD5,leukocytes,ZNF143 IP - GM12878 cells,,,
GATA3,SCD5,mammarygland,"GATA3 IP - T47D cells, GATA3 IP - MCF7 cells",,,
CTCF,SCD5,miscellaneous,"CTCF IP - AG09319 cells, Rep 2 , CTCF IP - AG09319 cells, Rep 1 ",,,
ZBTB7A,SCD5,uterus,ZBTB7A IP - ECC1 cells,,,
CTCF,SCD5,cns,"CTCF IP - cerebellar astrocyte cells, Rep 2 , CTCF IP - NHA cells , CTCF IP - SK-N-SH cells, Rep 1 , CTCF IP - BE(2)-C cells, Rep 1 , CTCF IP - BE(2)-C cells, Rep 2 , CTCF IP - SK cells, CTCF IP - spinal cord astrocyte cells, Rep 2 , CTCF IP - HCPEpiC cells, Rep 1 , CTCF IP - spinal cord astrocyte cells, Rep 1 , CTCF IP - cerebellar astrocyte cells, Rep 1 , CTCF IP - HCPEpiC cells, Rep 2 , CTCF IP - SK-N-SH cells , CTCF IP - SK-N-SH cells, Rep 2 ",,,
FOSL2,SCD5,cns,FOSL2 IP - SK-N-SH cells,,,
MAZ,SCD5,leukocytes,MAZ IP - GM12878 cells,,,
GATA2,SCD5,prostate,"GATA2 ChIP-Seq, GATA2 ChIP-Seq - Rep 1",,,
E2F1,SCD5,prostate,"E2F1 ChIP-Seq - Rep 1, HES6 OE + BICALU | E2F1 ChIP-Seq - Rep 3, HES6 OE | E2F1 ChIP-Seq - Rep 3, BICALU | E2F1 ChIP-Seq - Rep 1, HES6 OE | E2F1 ChIP-Seq - Rep 1, HES6 OE + BICALU | E2F1 ChIP-Seq - Rep 1, BICALU | E2F1 ChIP-Seq - Rep 3",,,
SPI1,SCD5,leukocytes,"SPI1 IP, SPI1 IP, SPI1 IP, SPI1 IP",,,
MXI1,SCD5,cns,MXI1 IP - SK-N-SH cells ,,,
SOX2,SCD5,stemcells,SOX2 IP,,,
ZNF263,SCD5,kidney,ZNF263 IP - HEK293 cells,,,
ELF1,SCD5,leukocytes,ELF1 IP - SK-N-SH cells,,,
CTCF,SCD5,esophagus,"CTCF IP - HEEpiC cells, Rep 1 , CTCF IP - HEEpiC cells, Rep 2 ",,,
POU5F1,SCD5,stemcells,"POU5F1 IP, POU5F1 IP, POU5F1 IP - Rep 1 ",,,
FOXA2,SCD5,stemcells,FOXA2 IP - ES D5,,,
JUN,SCD5,mammarygland,JUN IP - Rep 1,,,
CTCF,SCD5,pancreas,CTCF IP,,,
EGR1,SCD5,stemcells,EGR1 IP - H1 cells,,,
BICALU,SCD5,prostate,"HES6 OE + BICALU | E2F1 ChIP-Seq - Rep 3, BICALU | E2F1 ChIP-Seq - Rep 1, HES6 OE + BICALU | E2F1 ChIP-Seq - Rep 1, BICALU | E2F1 ChIP-Seq - Rep 3",,,
HES6,SCD5,prostate,"HES6 OE + BICALU | E2F1 ChIP-Seq - Rep 3, HES6 OE | E2F1 ChIP-Seq - Rep 3, HES6 OE | E2F1 ChIP-Seq - Rep 1, HES6 OE + BICALU | E2F1 ChIP-Seq - Rep 1",,,
CTCF,SCD5,skin,"CTCF IP - NHDF cells , CTCF IP - HFFC cells, Rep 1 , CTCF IP - AG04449 cells, Rep 2 , CTCF IP - HFFC cells, Rep 3 , CTCF IP - NHDF cells, Rep 1 , CTCF IP - NHDF cells, Rep 2 , CTCF IP - GM12878 cells, Rep 2 , CTCF IP - AG10803 cells, Rep 1 , CTCF IP - BJ cells, Rep 2 , CTCF IP - NHEK cells, Rep 2 , CTCF IP - AG04449 cells, Rep 1 , CTCF IP - AG09309 cells, Rep 1 , CTCF IP - HFFC cells, Rep 2 , CTCF IP - NHEK cells , CTCF IP - BJ cells, Rep 1 , CTCF IP - AG10803 cells, Rep 2 ",,,
CTCF,SCD5,mammarygland,"CTCF IP - MCF7 cells, CTCF IP - HMEC cells, Rep 1 , CTCF IP - MCF-7 cells, Rep 1 , CTCF IP - HMEC cells , CTCF IP - HMF cells, Rep 2 , CTCF IP - HMF cells, Rep 1 , CTCF IP - HMEC cells, Rep 2 , CTCF IP - MCF-7 cells Rep 2 ",,,
CEBPB,SCD5,lung,"CEBPB ChIP-Seq - A549, CEBPB ChIP-Seq - IMR90",,,
TAL1,SCD5,leukocytes,TAL1 IP - MOLT3,,,
MAX,SCD5,cns,MAX IP - SK-N-SH cells,,,
YY1,SCD5,cns,"YY1 IP | ATRA - SK-N-SH cells, YY1 IP - SK-N-SH cells",,,
ATRA,SCD5,cns,YY1 IP | ATRA - SK-N-SH cells,,,
CTCF,SCD5,uterus,"CTCF IP - HeLa cells , CTCF IP - HeLa cells, Rep 1 , CTCF IP - ECC1 cells",,,
E2F6,SCD5,lung,E2F6 IP - A549 cells,,,
FOS,SCD5,mammarygland,"FOS IP | 4HT - MCF10A cells, 12 h, FOS IP | 4HT - MCF10A cells, 36 h, FOS IP | 4HT - MCF10A cells, 4 h, FOS IP - MCF10A cells",,,
4HT,SCD5,mammarygland,"FOS IP | 4HT - MCF10A cells, 12 h, FOS IP | 4HT - MCF10A cells, 36 h, FOS IP | 4HT - MCF10A cells, 4 h, E2F4 IP | 4HT - MCF10 cells",,,
HOXA4,SCD5,colon,HOXA4 IP ,,,
EGR1,SCD5,liver,EGR1 IP - MCF7 cells,,,
FOXA1,SCD5,mammarygland,"17BE2 | FOXA1 ChIP-Seq - Rep 1, DHT | FOXA1 ChIP-Seq, FOXA1 ChIP-Seq - Rep 1, DEX | FOXA1 ChIP-Seq - Rep 1",,,
17BE2,SCD5,mammarygland,17BE2 | FOXA1 ChIP-Seq - Rep 1,,,
CTCF,SCD5,sensory,"CTCF IP - HRPEpiC cells, Rep 1 , CTCF IP - WERI-Rb-1- cells, Rep 1 , CTCF IP - HRPEpiC cells, Rep 2 ",,,
CTCF,SCD5,liver,"CTCF IP - HepG2 cells , CTCF IP - HepG2 cells, Rep 2 , CTCF IP, CTCF IP - SK-N-SH cells",,,
IRF1,SCD5,colon,IRF1 IP ,,,
CTCF,SCD5,skeletalmuscle,"CTCF IP - HSMM cells, Rep 2 , CTCF IP - HSMM cells, Rep 1 ",,,
CTCF,SCD5,kidney,"CTCF IP - HEK293 cells, Rep 1 , CTCF IP - HRE cells, Rep 2 , CTCF IP - RPTEC cells, Rep 1 , CTCF IP - RPTEC cells, Rep 2 , CTCF IP - HRE cells, Rep 1 ",,,
TCF3,SCD5,leukocytes,TCF3 IP - GM12878 cells,,,
CTCF,SCD5,stemcells,CTCF IP - Rep 6 ,,,
MYB,SCD5,leukocytes,"MYB IP - Jurkat, Rep 2, MYB IP - Jurkat, Rep 1, MYB IP - Jurkat, Rep 3, MYB IP - Jurkat, Rep 5, MYB IP - MOLT3, MYB IP - Jurkat, Rep 4",,,
E2F1,SCD5,mammarygland,"E2F1 IP, E2F1 IP - MCF7 cells",,,
BHLHE40,SCD5,leukocytes,BHLHE40 IP - GM12878 cells,,,
GATA3,SCD5,cns,"GATA3 IP - SHSY5Y cells, GATA3 IP - SK-N-SH cells",,,
CTCF,SCD5,bone,"CTCF IP, CTCF IP - Osteoblasts ",,,
CTCF,SCD5,colon,"CTCF IP - HCT116 cells, Rep 1 , CTCF IP - Caco , CTCF IP - HCT116 cells, Rep 2 , CTCF IP - Caco-2 cells, Rep 1 , CTCF IP - HCT116 cells",,,
CTCF,SCD5,heart,"CTCF IP - myocytes cells, Rep 2 , CTCF IP - HCF cells , CTCF IP - myocytes cells, Rep 1 ",,,
CTCF,SCD5,adiposetissue,"CTCF ChIP-Seq - d -2, CTCF ChIP-Seq - d 9, CTCF ChIP-Seq - d 0, CTCF ChIP-Seq - dÂ 3",,,
FOXA2,SCD5,embryonictissue,FOXA2 IP - Rep 2,,,
MYC,SCD5,mammarygland,"MYC IP - MCF-10A cells, DHT | MYC ChIP-Seq",,,
JUN,SCD5,vasculature,JUN IP - HUVEC cells,,,
E2F3,SCD5,colon,E2F3 IP ,,,
YY1,SCD5,uterus,YY1 IP - ECC1 cells,,,
KLF11,SCD5,adiposetissue,"KLF11 ChIP-Seq, Rep 2, ROSI (BrAT) | KLF11 ChIP-Seq, Rep 2",,,
ELF1,SCD5,colon,ELF1 IP - HCT116 cells,,,
ROSI,SCD5,adiposetissue,"ROSI (BrAT) | KLF11 ChIP-Seq, Rep 2",,,
FOXA1,SCD5,prostate,"FOXA1 ChIP-Seq - LNCaP-abl, FOXA1 ChIP-Seq, DHT | FOXA1 ChIP-Seq",,,
CEBPB,SCD5,leukocytes,"CEBPB ChIP-Seq - K562, CEBPB IP - K562 cells",,,
DHT,SCD5,mammarygland,"DHT | FOXA1 ChIP-Seq, DHT | MYC ChIP-Seq",,,
EGR1,SCD5,leukocytes,EGR1 IP - K562 cells,,,
NANOG,SCD5,stemcells,"NANOG IP - Rep 4 , NANOG IP - Rep 6 , NANOG IP - Rep 8 , NANOG IP - Rep 1, NANOG IP - Rep 5 ",,,
JUND,SCD5,cns,JUND IP - SK-N-SH cells,,,
TEAD4,SCD5,stemcells,TEAD4 IP - H1 cells,,,
FOS,SCD5,vasculature,FOS IP - HUVEC cells,,,
DEX,SCD5,lung,"CTCF IP | DEX - A549 cells, CTCF IP | DEX - A549 cells ",,,
CTCF,SCD5,placenta,"CTCF IP - HVMF cells, Rep 1 , CTCF IP - HVMF cells, Rep 2 ",,,
REST,SCD5,stemcells,"REST IP - H1 cells, Rep 1",,,
FOXA2,SCD5,lung,FOXA2 IP - A549 cells,,,
GLI2,SCD5,colon,GLI2 IP ,,,
MAX,SCD5,colon,MAX IP - HCT116 cells,,,
MAX,SCD5,uterus,MAX IP - ECC1 cells,,,
TCF7L2,SCD5,mammarygland,TCF7L2 ChIP-Seq,,,
E2F6,SCD5,stemcells,E2F6 IP - H1 cells,,,
MAZ,SCD5,lung,MAZ IP - IMR cells,,,
OTX2,SCD5,stemcells,OTX2 IP - Rep 10 ,,,
SRF,SCD5,uterus,SRF IP - ECC1 cells,,,
ETS1,SCD5,leukocytes,ETS1 IP,,,
CREB1,SCD5,leukocytes,CREB1 IP - GM12878 cells,,,
CEBPB,SCD5,colon,"CEBPB IP, CEBPB IP | 125DVD3",,,
CEBPB,SCD5,mammarygland,CEBPB IP - MCF7 cells,,,
MAX,SCD5,liver,MAX IP - MCF7 cells,,,
YY1,SCD5,leukocytes,YY1 IP - GM12878 cells,,,
SP1,SCD5,colon,SP1 IP - HCT116 cells,,,
EGR1,SCD5,uterus,EGR1 IP - ECC1 cells,,,
TCF12,SCD5,cns,TCF12 IP - SK-N-SH cells,,,
TCF12,SCD5,uterus,TCF12 IP - ECC1 cells,,,
125DVD3,SCD5,colon,CEBPB IP | 125DVD3,,,
MAX,SCD5,lung,MAX IP - A549 cells,,,
NFKB1,SCD5,leukocytes,NFKB1 IP - Rep 2,,,
DHT,SCD5,prostate,DHT | FOXA1 ChIP-Seq,,,
SRF,SCD5,mammarygland,SRF IP - MCF7 cells,,,
ARID3A,SCD5,leukocytes,ARID3A IP - K562 cells,,,
FLI1,SCD5,hspcs,FLI1 IP,,,
EBF1,SCD5,leukocytes,EBF1 IP - GM12878 cells,,,
EGR1,SCD5,colon,EGR1 IP - HCT116 cells,,,
DEX,SCD5,mammarygland,DEX | FOXA1 ChIP-Seq - Rep 1,,,
E2F4,SCD5,mammarygland,E2F4 IP | 4HT - MCF10 cells,,,
RUNX1,SCD5,hspcs,RUNX1,,,
RUNX1,SCD5,leukocytes,RUNX1 IP,,,
CTCF,SCD,leukocytes,"CTCF IP - GM12875 cells, Rep 1 , CTCF IP - GM12154 cells, Rep 2, CTCF IP - K562 cells, Rep 3 , CTCF IP - GM12892 cells, Rep 2 , CTCF IP - UT-7 cells, Rep 5 , CTCF IP - GM2588 cells, Rep 1 , CTCF IP - F36P cells, Rep 15 , CTCF IP - GM12864 cells, Rep 1 , CTCF IP - GM07346 cells, CTCF IP - GM12815 cells, Rep 1, CTCF IP - UT-7 cells, Rep 6 , CTCF IP - GM18486 cells, Rep 3 , CTCF IP - F36P cells, Rep 10 , CTCF IP - GM12801 cells , CTCF IP - K562 cells, Rep 13 , CTCF IP - GM12873 cells, Rep 3 , CTCF IP - GM12865 cells, Rep 3 , CTCF IP - GM11831 cells, CTCF IP - GM11994 cells, Rep 2, CTCF IP - GM19193 cells, Rep 2 , CTCF IP - GM12869 cells , CTCF IP, CTCF IP - GM12872 cells, Rep 1 , CTCF IP - GM12874 cells, CTCF IP - GM11994 cells, Rep 1, CTCF IP - GM12878 cells, Rep 2 , CTCF IP - K562 cells , CTCF IP - HL-60 cells, Rep 3 , CTCF IP - K562 cells, Rep 11 , CTCF IP - GM2255 cells, Rep 2 , CTCF IP - F36P cells, Rep 5 , CTCF IP - GM11992 cells, Rep 1, CTCF IP - GM12890 cells, Rep 1 , CTCF IP - F36P cells, Rep 6 , CTCF IP - GM12872 cells, CTCF IP - MS1 cells, Rep 3 , CTCF IP - KU812 cells, Rep 13 , CTCF IP - GM2630 cells, Rep 2 , CTCF IP - UT-7 cells, Rep 3 , CTCF IP - KU812 cells, Rep 17 , CTCF IP - U-937 cells, Rep 1 , CTCF IP - GM12866 cells , CTCF IP - GM12878 cells, Rep 2 , CTCF IP - GM19240 cells, Rep 2 , CTCF IP - KU812 cells, Rep 9 , CTCF IP - GM12154 cells, Rep 1, CTCF IP - GM19238 cells, Rep 2 , CTCF IP - GM12872 cells, Rep 2 , CTCF IP - UT-7 cells, Rep 4 , CTCF IP - GM12873 cells, Rep 1 , CTCF IP - F36P cells, Rep 9 , CTCF IP - GM19238 cells, Rep 1 , CTCF IP - GM12868 cells , CTCF IP - GM11811 cells, Rep 2, CTCF IP - GM2610 cells, Rep 2 , CTCF IP - GM11992 cells, Rep 2, CTCF IP - GM12865 cells, Rep 1 , CTCF IP - GM12006 cells, Rep 1, CTCF IP - KU812 cells, Rep 1 , CTCF IP - F36P cells, Rep 3 , CTCF IP - GM10847 cells, Rep 1 , CTCF IP - GM06990 cells, Rep 1 , CTCF IP - GM2255 cells, Rep 3 , CTCF IP - GM11881 cells, CTCF IP - F36P cells, Rep 11 , CTCF IP - GM12865 cells, Rep 2 , CTCF IP - GM06986 cells, CTCF IP - F36P cells, Rep 1 , CTCF IP - GM12815 cells, Rep 2, CTCF IP - HL-60 cells, Rep 2 , CTCF IP - GM18526 cells, Rep 1 , CTCF IP - K562 cells, Rep 1 , CTCF IP - GM19193 cells, Rep 1 , CTCF IP - HL-60 cells, Rep 7 , CTCF IP - NB4 cells , CTCF IP - GM2630 cells, Rep 1 , CTCF IP - K562 cells, Rep 14 , CTCF IP - GM19240 cells, Rep 1 , CTCF IP - GM12155 cells, Rep 2, CTCF IP - HeLa cells, Rep 2 , CTCF IP - MS1 cells, Rep 2 , CTCF IP - F36P cells, Rep 17 , CTCF IP - GM12878 cells , CTCF IP - K562 cells, Rep 16 , CTCF IP - F36P cells, Rep 7 , CTCF IP -  CD20+ cells , CTCF IP - GM19099 cells, Rep 1 , CTCF IP - GM12878 cells, Rep 1 , CTCF IP - GM18505 cells, Rep 1 , CTCF IP - GM12814 cells, Rep 1, CTCF IP - GM11894 cells, Rep 2, CTCF IP - GM12891 cells, Rep 2 , CTCF IP - GM19239 cells, Rep 2 , CTCF IP - HL-60 cells, Rep 5 , CTCF IP - GM12864 cells, Rep 3 , CTCF IP - KU812 cells, Rep 5 , CTCF IP - GM19239 cells, Rep 1 , CTCF IP - GM12814 cells, Rep 2, CTCF IP - GM12005 cells, Rep 2, CTCF IP - GM12878 cells, Rep 1 , CTCF IP - GM12749 cells, Rep 2, CTCF IP - K562 cells, Rep 15 , CTCF IP - GM12874 cells, Rep 2 , CTCF IP - GM19099 cells, Rep 2 , CTCF IP - GM12828 cells, CTCF IP - GM11811 cells, Rep 1, CTCF IP - F36P cells, Rep 19 , CTCF IP - GM12005 cells, Rep 1, CTCF IP - GM2255 cells, Rep 1 , CTCF IP - GM10847 cells, Rep 2 , CTCF IP - GM12875 cells, Rep 2 , CTCF IP - GM12890 cells, Rep 2 , CTCF IP - CD14+ cells , CTCF ChIP-Seq - GM12878, CTCF IP - GM12874 cells, Rep 1 , CTCF IP - GM12287 cells, Rep 1, CTCF IP - GM18951 cells, Rep 2 , CTCF IP - MS1 cells, Rep 4 , CTCF IP - GM12891 cells, Rep 1 , CTCF IP - F36P cells, Rep 14 , CTCF IP - GM18526 cells, Rep 2 , CTCF IP - GM2588 cells, Rep 2 , CTCF IP - GM18505 cells, Rep 2 , CTCF IP - GM18486 cells, Rep 1 , CTCF IP - GM06990 cells, Rep 2 , CTCF IP - GM12871 cells , CTCF IP - GM12234 cells, CTCF IP - GM12489 cells, Rep 1, CTCF IP - K562 cells, Rep 2 , CTCF IP - F36P cells, Rep 13 , CTCF IP - K562 cells, Rep 12 , CTCF IP - GM12892 cells, Rep 1 , CTCF IP - GM07037 cells, CTCF IP - GM12489 cells, Rep 2, CTCF IP - GM2610 cells, Rep 1 , CTCF IP - F36P cells, Rep 2 , CTCF IP - GM12873 cells, Rep 1 , CTCF IP - GM12749 cells, Rep 1, CTCF IP - GM2588 cells, Rep 3 , CTCF IP - GM12155 cells, Rep 1, CTCF IP - HL-60 cells, Rep 9 , CTCF IP - GM12872 cells, Rep 3 , CTCF IP - GM12870 cells , CTCF IP - GM2610 cells, Rep 3 , CTCF IP -  DND , CTCF IP - GM12867 cells , CTCF IP - HL , CTCF IP - GM12006 cells, Rep 2, CTCF IP - GM2630 cells, Rep 3 , CTCF IP - GM12864 cells, Rep 2 , CTCF IP - K562 cells, CTCF IP - GM12890 cells, Rep 3 , CTCF IP - GM18486 cells, Rep 2 , CTCF IP - MS1 cells, Rep 1 , CTCF IP - K562 cells, CTCF IP - GM18951 cells, Rep 1 ",,,
CTCF,SCD,cns,"CTCF IP - SK-N-SH cells, Rep 2 , CTCF IP - HCPEpiC cells, Rep 2 , CTCF IP - HCPEpiC cells, Rep 1 , CTCF IP - SK-N-SH cells , CTCF IP - cerebellar astrocyte cells, Rep 1 , CTCF IP - NHA cells , CTCF IP - SK-N-SH cells, Rep 1 , CTCF IP - BE(2)-C cells, Rep 2 , CTCF IP - SK cells, CTCF IP - spinal cord astrocyte cells, Rep 1 , CTCF IP - cerebellar astrocyte cells, Rep 2 , CTCF IP - BE(2)-C cells, Rep 1 , CTCF IP - spinal cord astrocyte cells, Rep 2 ",,,
TCF7L2,SCD,mammarygland,"DHT | TCF7L2 ChIP-Seq, TCF7L2 ChIP-Seq",,,
DHT,SCD,mammarygland,"DHT | TCF7L2 ChIP-Seq, DHT | MYC ChIP-Seq, DHT | FOXA1 ChIP-Seq",,,
MYB,SCD,leukocytes,"MYB IP - Jurkat, Rep 4, MYB IP - Jurkat, Rep 5, MYB IP - Jurkat, Rep 2, MYB IP - Jurkat, Rep 1, MYB IP - Jurkat, Rep 3",,,
FOXA1,SCD,prostate,"PIAS1 + R1881 | FOXA1 ChIP-Seq - Rep 1, FOXA1 ChIP-Seq, CON KD | FOXA1 ChIP-Seq, EtOH | FOXA1 ChIP-Seq - Rep 2, AR C562S OE + FOXA1 OE | FOXA1 ChIP-Seq, FOXA1 siRNA | CREB1 ChIP-Seq - Rep 2, CREB1 siRNA | FOXA1 ChIP-Seq - Rep 2, FOXA1 KD | FOXA1 ChIP-Seq, CON KD + R1881 | FOXA1 ChIP-Seq, FOXA1 ChIP-Seq, R1881 | FOXA1 ChIP-Seq - Rep 1, GATA2 KD  | FOXA1 ChIP-Seq, FOXA1 ChIP-Seq, FOXA1 ChIP-Seq, DHT | FOXA1 ChIP-Seq - C4- Rep 2B, FOXA1 ChIP-Seq - Rep 1, CON KD  | FOXA1 ChIP-Seq, FOXA1 KD | FOXA1 ChIP-Seq, FOXA1 ChIP-Seq - Rep 2, CREB1 siRNA | FOXA1 ChIP-Seq - Rep 1, CON KD | FOXA1 ChIP-Seq, CON KD + R1881 | FOXA1 ChIP-Seq - Rep 1, EtOH | FOXA1 ChIP-Seq - , DHT | FOXA1 ChIP-Seq, R1881 | FOXA1 ChIP-Seq - Rep 2, FOXA1 ChIP-Seq - LNCaP-abl, CON KD | FOXA1 ChIP-Seq, CON KD + R1881 | FOXA1 ChIP-Seq - Rep 2, GATA2 KD + R1881 | FOXA1 ChIP-Seq, PIAS1 + R1881 | FOXA1 ChIP-Seq - Rep 2",,,
R1881,SCD,prostate,"PIAS1 + R1881 | FOXA1 ChIP-Seq - Rep 1, CON KD + R1881 | FOXA1 ChIP-Seq, R1881 | FOXA1 ChIP-Seq - Rep 1, CON KD + R1881 | FOXA1 ChIP-Seq - Rep 1, R1881 | FOXA1 ChIP-Seq - Rep 2, CON KD + R1881 | FOXA1 ChIP-Seq - Rep 2, GATA2 KD + R1881 | FOXA1 ChIP-Seq, PIAS1 + R1881 | FOXA1 ChIP-Seq - Rep 2",,,
PIAS1,SCD,prostate,"PIAS1 + R1881 | FOXA1 ChIP-Seq - Rep 1, PIAS1 + R1881 | FOXA1 ChIP-Seq - Rep 2",,,
CTCF,SCD,lung,"CTCF IP | DEX - A549 cells , CTCF IP - WI-38 cells, Rep 2 , CTCF IP - A549 cells , CTCF IP - SAEC cells, Rep 2 , CTCF IP - A549 cells, Rep 1 , CTCF IP - HPF cells, Rep 1 , CTCF IP - NHLF cells , CTCF IP - SAEC cells, Rep 1 , CTCF IP - AG04450 cells, Rep 2 , CTCF IP | DEX - A549 cells, CTCF IP - HPF cells, Rep 2 , CTCF IP - AG04450 cells, Rep 1 , CTCF IP - WI-38 cells, Rep 1 , CTCF IP - A549 cells, Rep 2 , CTCF IP - NHLF cells , CTCF ChIP-Seq - A549, CTCF IP - A549 cells, CTCF IP - IMR cells",,,
DEX,SCD,lung,"CTCF IP | DEX - A549 cells , CREB1 IP | DEX - A549 cells, FOXA1 IP | DEX - A549 cells, CTCF IP | DEX - A549 cells",,,
YY1,SCD,leukocytes,"YY1 IP - GM12892 cells, Rep 1, YY1 IP - GM12878 cells, YY1 IP - K562 cells, Rep 2, YY1 IP - K562 cells, Rep 1, YY1 IP - GM12891 cells",,,
SRF,SCD,colon,SRF IP - HCT116 cells,,,
RUNX1,SCD,leukocytes,"RUNX1 IP - Rep 1, RUNX1 IP, RUNX1 IP - Rep 2, RUNX1 IP - N terminus 1, RUNX1 IP - N terminus 2, RUNX1 IP",,,
MYC,SCD,mammarygland,"MYC IP - MCF-10A cells, DHT | MYC ChIP-Seq, MYC IP",,,
STAT1,SCD,leukocytes,"STAT1 IP - Rep 5, STAT1 IP - Rep 4, STAT1 IP - Rep 3, STAT1 IP - Rep 2",,,
IFNG,SCD,leukocytes,"STAT1 IP - Rep 5, STAT1 IP - Rep 4, STAT1 IP - Rep 3, IRF1 IP | IFNG - K562 cells, 30 min, IRF1 IP | IFNG - K562 cells, 6 h, MYC IP | IFNG - K562 cells, 6 h, STAT1 IP - Rep 2, MYC IP | IFNG - K562 cells, 30 min",,,
TP53,SCD,lung,"TP53 IP - propapoptic, Rep 1",,,
USF1,SCD,cns,USF1 IP | ATRA - SK-N-SH cells,,,
ATRA,SCD,cns,"USF1 IP | ATRA - SK-N-SH cells, YY1 IP | ATRA - SK-N-SH cells",,,
NFYA,SCD,uterus,NFYA IP - HeLa cells,,,
REST,SCD,leukocytes,"REST IP -  K562 cells, REST IP - HL60 cells, REST IP - K562 cells, REST IP - K562 cells ",,,
CTCF,SCD,stemcells,"CTCF IP - Rep 1 , CTCF IP - Rep 7 , CTCF IP - H1 cells , CTCF IP - Rep 3 , CTCF IP - Rep 2 , CTCF IP - Rep 4 , CTCF IP - H1 cells, CTCF IP - Rep 6 , CTCF IP - Rep 5 ",,,
YY1,SCD,cns,YY1 IP | ATRA - SK-N-SH cells,,,
BHLHE40,SCD,leukocytes,"BHLHE40 IP - K562 cells, BHLHE40 IP - GM12878 cells",,,
USF1,SCD,stemcells,USF1 IP - H1 cells,,,
CREB1,SCD,prostate,"CREB1 ChIP-Seq - Rep 2, FOXA1 siRNA | CREB1 ChIP-Seq - Rep 2, CREB1 siRNA | FOXA1 ChIP-Seq - Rep 2, CREB1 siRNA | FOXA1 ChIP-Seq - Rep 1, CREB1 ChIP-Seq - LNCaP, CREB1 ChIP-Seq - LNCaP-abl",,,
CEBPB,SCD,leukocytes,"CEBPB ChIP-Seq - K562, CEBPB IP | oxLDL  - Rep 208, CEBPB IP - HL-60 cells, Rep 2 , CEBPB IP - Rep 204",,,
RELA,SCD,adiposetissue,"RELA IP, RELA IP, RELA IP, RELA IP",,,
CTCF,SCD,erythroidlineage,"CTCF IP - HEL 92.1.7 cells, Rep 11 , CTCF IP - Erythroid cells, Rep 1, CTCF IP - HEL 92.1.7 cells, Rep 14 , CTCF IP - HEL 92.1.7 cells, Rep 8 , CTCF IP - HEL 92.1.7 cells, Rep 5 , CTCF IP - Erythroid cells, Rep 2, CTCF IP - HEL 92.1.7 cells, Rep 2 ",,,
POU5F1,SCD,stemcells,"POU5F1 IP - Rep 1 , POU5F1 IP, POU5F1 IP",,,
CTCF,SCD,uterus,"CTCF IP - ECC1 cells, CTCF IP - HeLa cells , CTCF IP - HeLa cells, Rep 1 ",,,
ELF1,SCD,colon,ELF1 IP - HCT116 cells,,,
MYC,SCD,uterus,MYC IP - HeLa cells,,,
GTF2B,SCD,uterus,"GTF2B IP - Rep 3, GTF2B IP - Rep 2",,,
CTCF,SCD,placenta,"CTCF IP - HVMF cells, Rep 1 , CTCF IP - HVMF cells, Rep 2 ",,,
MAX,SCD,stemcells,MAX IP - H1 cells,,,
CTCF,SCD,mammarygland,"CTCF IP - HMEC cells , CTCF IP - HMEC cells, Rep 2 , CTCF IP - HMEC cells, Rep 1 ",,,
MAZ,SCD,leukocytes,"MAZ IP - K562 cells, MAZ IP - GM12878 cells",,,
TBP,SCD,liver,TBP IP - HepG2 cells,,,
CTCF,SCD,colon,"CTCF IP - HCT116 cells, CTCF IP - Rep 1 , CTCF IP - Rep 2 , CTCF IP - Caco , CTCF IP - HCT116 cells, Rep 2 , CTCF IP - Caco-2 cells, Rep 1 , CTCF IP - Rep 3 , CTCF IP - HCT116 cells, Rep 1 ",,,
YY1,SCD,liver,YY1 IP - HepG2 cells,,,
USF2,SCD,uterus,USF2 IP - HeLa cells,,,
FOXA1,SCD,mammarygland,"FOXA1 ChIP-Seq - Rep 2, 17BE2 | FOXA1 ChIP-Seq, 17BE2 | FOXA1 ChIP-Seq - Rep 2, FOXA1 ChIP-Seq - Rep 2, FOXA1 ChIP-Seq - Rep 1, DEX | FOXA1 ChIP-Seq - Rep 1, FOXA1 ChIP-Seq - Rep 1, 17BE2 | FOXA1 ChIP-Seq - Rep 1, 17BE2 | FOXA1 ChIP-Seq - Rep 1, FOXA1 IP - T47D, 17BE2 | FOXA1 ChIP-Seq - Rep 2, TNF | FOXA1 ChIP-Seq - Rep 1, 17BE2 | FOXA1 ChIP-Seq - Rep 1, FOXA1 ChIP-Seq, DHT | FOXA1 ChIP-Seq, DEX | FOXA1 ChIP-Seq - Rep 2, DEX | FOXA1 ChIP-Seq - Rep 1, DEX | FOXA1 ChIP-Seq - Rep 1, TNF | FOXA1 ChIP-Seq - Rep 2, FOXA1 ChIP-Seq - Rep 1, FOXA1 ChIP-Seq - Rep 2, FOXA1 IP - T47D cells, FOXA1 ChIP-Seq - Rep 2, FOXA1 ChIP-Seq - Rep 1, 17BE2 + TNF | FOXA1 ChIP-Seq - Rep 2, 17BE2 | FOXA1 ChIP-Seq - Rep 1, 17BE2 | FOXA1 ChIP-Seq - Rep 2, 17BE2 | FOXA1 ChIP-Seq - Rep 2, DEX | FOXA1 ChIP-Seq - Rep 2, 17BE2 + TNF | FOXA1 ChIP-Seq - Rep 1, DEX | FOXA1 ChIP-Seq - Rep 2",,,
17BE2,SCD,mammarygland,"17BE2 | FOXA1 ChIP-Seq, 17BE2 | FOXA1 ChIP-Seq - Rep 2, 17BE2 | FOXA1 ChIP-Seq - Rep 1, 17BE2 | FOXA1 ChIP-Seq - Rep 1, 17BE2 | FOXA1 ChIP-Seq - Rep 2, 17BE2 | FOXA1 ChIP-Seq - Rep 1, 17BE2 | FOXA1 ChIP-Seq - Rep 1, 17BE2 | FOXA1 ChIP-Seq - Rep 2, 17BE2 | FOXA1 ChIP-Seq - Rep 2",,,
FOXA2,SCD,stemcells,"FOXA2 IP - ES D2, FOXA2 IP - ES D10, FOXA2 IP - ES D7, FOXA2 IP - ES D5, FOXA2 IP - Rep 1 , FOXA2 IP - Rep 5 ",,,
ZNF143,SCD,leukocytes,"ZNF143 IP - GM12878 cells, ZNF143 IP - K562 cells",,,
CTCF,SCD,skin,"CTCF IP - AG09309 cells, Rep 1 , CTCF IP - AG04449 cells, Rep 2 , CTCF IP - NHEK cells , CTCF IP - BJ cells, Rep 1 , CTCF IP - AG09309 cells, Rep 2 , CTCF IP - NHDF cells , CTCF IP - HFFC cells, Rep 1 , CTCF IP - NHDF cells, Rep 2 , CTCF IP - GM12878 cells, Rep 2 , CTCF IP - AG10803 cells, Rep 1 , CTCF IP - AG04449 cells, Rep 1 , CTCF IP - NHDF cells, Rep 1 , CTCF IP - HFFC cells, Rep 3 , CTCF IP - HFFC cells, Rep 2 , CTCF IP - AG10803 cells, Rep 2 , CTCF IP - BJ cells, Rep 2 , CTCF IP - NHEK cells, Rep 2 ",,,
CTCF,SCD,sensory,"CTCF IP - WERI-Rb-1- cells, Rep 1 , CTCF IP - WERI , CTCF IP - HRPEpiC cells, Rep 1 , CTCF IP - HRPEpiC cells, Rep 2 ",,,
MAZ,SCD,lung,MAZ IP - IMR cells,,,
CREB1,SCD,lung,CREB1 IP | DEX - A549 cells,,,
CEBPB,SCD,stemcells,CEBPB IP,,,
REST,SCD,liver,"REST IP - HepG2 cells, Rep 1, REST IP - HepG2 cells, Rep 2",,,
USF1,SCD,leukocytes,USF1 IP - GM12878 cells,,,
TEAD4,SCD,liver,TEAD4 IP - HepG2 cells,,,
CEBPA,SCD,leukocytes,CEBPA IP,,,
STAT3,SCD,leukocytes,"STAT3 IP - OCI-LY19, STAT3 IP - SU-DHL-4, STAT3 IP - SU-DHL-6, STAT3 IP - SU-DHL-2, STAT3 IP - U-2932",,,
BACH1,SCD,stemcells,BACH1 IP - H1 cells,,,
SPI1,SCD,leukocytes,"SPI1 IP - GM12878 cells, SPI1 IP - GM12878 cells, Rep 5 , SPI1 IP - GM12878 cells, Rep 4 , SPI1 IP, SPI1 IP, SPI1 IP, SPI1 IP - HL cells, SPI1 IP, SPI1 IP, SPI1 IP, SPI1 IP - GM12878 cells, Rep 1 , SPI1 IP - GM12878 cells, Rep 3 , SPI1 IP, SPI1 IP - GM12878 cells, Rep 2 , SPI1 IP - GM12891 cells, SPI1 IP, SPI1 IP",,,
GTF2F1,SCD,uterus,GTF2F1 IP - HeLa cells,,,
CTCF,SCD,skeletalmuscle,"CTCF IP - HSMM cells, Rep 2 , CTCF IP - HSMM cells, Rep 1 ",,,
REST,SCD,uterus,"REST IP - ECC1 cells, REST IP - SK-N-SH cells",,,
CTCF,SCD,liver,"CTCF IP - HepG2 cells, Rep 2 , CTCF IP - HepG2 cells, Rep 1 , CTCF IP - SK-N-SH cells, CTCF IP, CTCF IP - HepG2 cells ",,,
TEAD4,SCD,uterus,TEAD4 IP - ECC1 cells,,,
DEX,SCD,mammarygland,"DEX | FOXA1 ChIP-Seq - Rep 1, DEX | FOXA1 ChIP-Seq - Rep 2, DEX | FOXA1 ChIP-Seq - Rep 1, DEX | FOXA1 ChIP-Seq - Rep 1, DEX | FOXA1 ChIP-Seq - Rep 2, DEX | FOXA1 ChIP-Seq - Rep 2",,,
ZBTB7A,SCD,uterus,ZBTB7A IP - ECC1 cells,,,
NFYB,SCD,uterus,NFYB IP - HeLa cells,,,
MYC,SCD,liver,MYC IP,,,
CTCF,SCD,kidney,"CTCF IP - RPTEC cells, Rep 2 , CTCF IP - HRE cells, Rep 1 , CTCF IP - HRE cells, Rep 2 , CTCF IP - RPTEC cells, Rep 1 , CTCF IP - HEK293 cells, Rep 2 , CTCF IP - HEK293 cells, Rep 1 ",,,
MTA3,SCD,leukocytes,MTA3 IP - GM12878 cells,,,
REST,SCD,cns,"REST IP - SK-N-SH cells, REST IP - PFSK1 cells, Rep 2, REST IP - SK cells, REST IP - PFSK-N-SH cells1 cells, Rep 1, REST IP - U87 cells",,,
E2F3,SCD,colon,E2F3 IP ,,,
AR,SCD,prostate,AR C562S OE + FOXA1 OE | FOXA1 ChIP-Seq,,,
ERG,SCD,prostate,"DMSO | ERG ChIP-Seq - Rep 1, DHT | ERG ChIP-Seq - 18 h, ERG ChIP-Seq",,,
NFYB,SCD,leukocytes,"NFYB IP - GM12878 cells, NFYB IP - K562 cells",,,
MYC,SCD,leukocytes,"MYC IP - K562 cells, Rep 1, MYC IP - NB4 cells, MYC IP | IFNA1 - K562 cells, 30 min, MYC IP | IFNG - K562 cells, 6 h, MYC IP | IFNG - K562 cells, 30 min, MYC IP - K562 cells, Rep 2",,,
MAX,SCD,liver,"MAX IP - HepG2 cells, MAX IP - MCF7 cells",,,
SRF,SCD,stemcells,"SRF IP - Rep 6 , SRF IP - Rep 1 , SRF IP - H1 cells, SRF IP - Rep 2 , SRF IP - Rep 4 , SRF IP - Rep 7 ",,,
MXI1,SCD,liver,MXI1 IP - HepG2 cells,,,
REST,SCD,pancreas,"REST IP - PANC1 cells, Rep 1, REST IP - Panc1 cells, Rep 3, REST IP - PANC1 cells, Rep 2",,,
MYC,SCD,bone,MYC IP,,,
STAT1,SCD,uterus,"STAT1 IP | IFNG - HeLa cells, 30 min",,,
IFNG,SCD,uterus,"STAT1 IP | IFNG - HeLa cells, 30 min",,,
CTCF,SCD,vasculature,"CTCF IP - AoAFC cells, Rep 1 , CTCF IP - HUVEC cells , CTCF IP - HBMEC cells, Rep 2 , CTCF IP - HBMEC cells, Rep 1 , CTCF IP - HUVEC cells, Rep 1 , CTCF IP - HPAF cells, Rep 2 , CTCF IP - HUVEC cells, Rep 2 , CTCF IP - HPAF cells, Rep 1 , CTCF IP - AoAFC cells, Rep 2 ",,,
CEBPB,SCD,mammarygland,CEBPB IP - MCF7 cells,,,
CREB1,SCD,liver,"CREB1 IP - HepG2 cells, CREB1 IP, CREB1 IP",,,
POU2F2,SCD,leukocytes,"POU2F2 IP - Rep 2, POU2F2 IP - GM12878 cells",,,
CTCF,SCD,heart,"CTCF IP - myocytes cells, Rep 1 , CTCF IP - myocytes cells, Rep 2 , CTCF IP - HCF cells ",,,
TCF12,SCD,uterus,TCF12 IP - ECC1 cells,,,
TCF12,SCD,cns,TCF12 IP - SK-N-SH cells,,,
ELF1,SCD,leukocytes,"ELF1 IP - SK-N-SH cells, ELF1 IP - SK-N-SH cells",,,
OTX2,SCD,stemcells,OTX2 IP - Rep 10 ,,,
E2F1,SCD,uterus,"E2F1 IP - HeLa cells, Rep 1, E2F1 IP - HeLa cells, Rep 2",,,
CEBPB,SCD,colon,"CEBPB IP - HCT116 cells, CEBPB IP | 125DVD3, CEBPB IP",,,
IRF1,SCD,leukocytes,"IRF1 IP | IFNG - K562 cells, 30 min, IRF1 IP | IFNG - K562 cells, 6 h, IRF1 IP | IFNA1-13 - K562 cells, 6 h",,,
IRF4,SCD,leukocytes,IRF4 IP,,,
IFNA1,SCD,leukocytes,"MYC IP | IFNA1 - K562 cells, 30 min, IRF1 IP | IFNA1-13 - K562 cells, 6 h",,,
MAX,SCD,uterus,"MAX IP - ECC1 cells, MAX IP - HeLa cells, Rep 1, MAX IP - HeLa cells, Rep 2",,,
SMAD1,SCD,hspcs,SMAD1 IP - Rep 3,,,
RELA,SCD,leukocytes,"RELA IP | TNF - GM15510 cells, RELA IP | TNF - GM10847 cells, RELA IP | TNF - GM12891 cells, RELA IP | BAY082  - IVD Th1 cells, PIA, RELA IP - IVD Th1 cells, PIA",,,
TNF,SCD,leukocytes,"RELA IP | TNF - GM15510 cells, RELA IP | TNF - GM10847 cells, RELA IP | TNF - GM12891 cells",,,
SRF,SCD,leukocytes,SRF IP - SK-N-SH cells,,,
TCF7L2,SCD,pancreas,TCF7L2 IP,,,
FOSL1,SCD,colon,FOSL1 IP - HCT116 cells,,,
JUND,SCD,liver,JUND IP - HepG2 cells,,,
MAZ,SCD,uterus,MAZ IP - HeLa cells,,,
RUNX1,SCD,hspcs,RUNX1,,,
SREBF1,SCD,liver,"SREBF1 IP | PRAV - HepG2 cells, SREBF1 IP | INS + 22RHC - HepG2 cells",,,11414710
PRAV,SCD,liver,"SREBF1 IP | PRAV - HepG2 cells, SREBF2 IP | PRAV - HepG2 cells",,,
FOXM1,SCD,leukocytes,FOXM1 IP - GM12878 cells,,,
MAFK,SCD,liver,"MAFK IP - HepG2 cells, Rep 1, MAFK IP - HepG2 cells, Rep 2",,,
TAL1,SCD,colon,TAL1 IP ,,,
FOXA2,SCD,liver,FOXA2 IP - HepG2 cells,,,
SP1,SCD,stemcells,SP1 IP - H1 cells,,,
CREB1,SCD,leukocytes,CREB1 IP - GM12878 cells,,,
REST,SCD,lung,REST IP - A549 cells,,,
MXI1,SCD,leukocytes,"MXI1 IP - GM12878 cells, MXI1 IP - K562 cells",,,
KLF11,SCD,adiposetissue,"KLF11 ChIP-Seq, Rep 2, ROSI (BrAT) | KLF11 ChIP-Seq, Rep 1, ROSI (BrAT) | KLF11 ChIP-Seq, Rep 2, KLF11 ChIP-Seq, Rep 1",,,
E2F6,SCD,leukocytes,"E2F6 IP - K562 cells, E2F6 IP - K562 cells",,,
FOXA1,SCD,lung,"FOXA1 IP | DEX - A549 cells, FOXA1 IP - A549 cells",,,
EBF1,SCD,leukocytes,"EBF1 IP - GM12878 cells, EBF1 IP - GM12878 cells",,,
USF1,SCD,uterus,USF1 IP - ECC1 cells,,,
125DVD3,SCD,colon,CEBPB IP | 125DVD3,,,
ZBTB7A,SCD,leukocytes,ZBTB7A IP - SK-N-SH cells,,,
CTCF,SCD,hspcs,"CTCF IP - HSPCs, Rep 1, CTCF IP - HSPCs, Rep 2",,,
YY1,SCD,lung,YY1 IP - A549 cells,,,
CTCF,SCD,megakaryocytelineage,"CTCF IP - MEG-01 cells, Rep 8 , CTCF IP - MEG-01 cells, Rep 6 , CTCF IP - CHRF-288-11 cells, Rep 2 , CTCF IP - MEG-01 cells, Rep 2 , CTCF IP - MEG-01 cells, Rep 10 , CTCF IP - MEG-01 cells, Rep 4 ",,,
GATA2,SCD,prostate,"GATA2 KD  | FOXA1 ChIP-Seq, GATA2 KD + R1881 | FOXA1 ChIP-Seq",,,
TNF,SCD,mammarygland,"TNF | FOXA1 ChIP-Seq - Rep 1, TNF | FOXA1 ChIP-Seq - Rep 2",,,
TP53,SCD,skin,"TP53 IP | NUTL3, TP53 IP",,,
ZNF143,SCD,stemcells,ZNF143 IP - H1 cells,,,
ARNT,SCD,kidney,"ARNT IP, ARNT IP | HIF1A OE, ARNT IP | EPAS1 OE",,,
USF1,SCD,colon,USF1 IP - HCT116 cells,,,
UBTF,SCD,leukocytes,UBTF IP - K562 cells,,,
JUND,SCD,colon,JUND IP - HCT116 cells,,,
HIF1A,SCD,bone,"HIF1A IP, HIF1A IP",,,
FOXP2,SCD,cns,FOXP2 IP - PFSK-1 cells,,,
DHT,SCD,prostate,"DHT | FOXA1 ChIP-Seq - C4- Rep 2B, DHT | ERG ChIP-Seq - 18 h, DHT | FOXA1 ChIP-Seq, DHT | FOXP1 ChIP-Seq",,,
TEAD4,SCD,colon,TEAD4 IP - HCT116 cells,,,
STAT5A,SCD,leukocytes,STAT5A IP - GM12878 cells,,,
MAX,SCD,leukocytes,"MAX IP - NB4 cells, MAX IP - K562 cells, Rep 2, MAX IP - GM12878 cells, MAX IP - K562 cells",,,
CTCF,SCD,adiposetissue,"CTCF ChIP-Seq - d 9, CTCF ChIP-Seq - d -2, CTCF ChIP-Seq - d 0, CTCF ChIP-Seq - d 3",,,
FOS,SCD,leukocytes,"FOS IP - K562 cells, FOS IP - GM12878 cells",,,
E2F1,SCD,prostate,HES6 OE | E2F1 ChIP-Seq - Rep 1,,,
HES6,SCD,prostate,HES6 OE | E2F1 ChIP-Seq - Rep 1,,,
PRDM1,SCD,uterus,PRDM1 IP - HeLa cells,,,
SP1,SCD,lung,SP1 IP - A549 cells,,,
HIF1A,SCD,kidney,"HIF1A IP | HIF1A OE, ARNT IP | HIF1A OE",,,
CEBPB,SCD,lung,"CEBPB ChIP-Seq - IMR90, CEBPB IP - A549 cells",,,
REST,SCD,stemcells,"REST IP - H1 cells, Rep 2, REST IP - H1 cells, Rep 1",,,
FOXA1,SCD,uterus,FOXA1 IP - ECC1 cells,,,
FOXA1,SCD,liver,"FOXA1 IP - HepG2 cells, Rep 1, FOXA1 IP - HepG2 cells, Rep 2",,,
SREBF2,SCD,liver,SREBF2 IP | PRAV - HepG2 cells,,,
MAFF,SCD,liver,MAFF IP - HepG2 cells,,,
GLI2,SCD,colon,GLI2 IP ,,,
BHLHE40,SCD,liver,"BHLHE40 IP - SK-N-SH cells, BHLHE40 IP - HepG2 cells",,,
CTCF,SCD,bone,"CTCF IP, CTCF IP - Osteoblasts ",,,
TBP,SCD,stemcells,TBP IP - H1 cells,,,
HEY1,SCD,leukocytes,HEY1 IP - K562 cells,,,
RBPJ,SCD,leukocytes,RBPJ IP | COMPE - wash,,,
COMPE,SCD,leukocytes,RBPJ IP | COMPE - wash,,,
FOXA1,SCD,stemcells,"FOXA1 IP - Rep 5 , FOXA1 IP - ES D10, FOXA1 IP - ES D5",,,
GATA3,SCD,lung,GATA3 IP - A549 cells,,,
MAX,SCD,lung,MAX IP - A549 cells,,,
TEAD4,SCD,stemcells,TEAD4 IP - H1 cells,,,
SP1,SCD,leukocytes,SP1 IP - GM12878 cells,,,
FOXA2,SCD,embryonictissue,"FOXA2 IP - Rep 2, FOXA2 IP - Rep 1",,,
E2F1,SCD,mammarygland,"E2F1 IP, E2F1 IP - MCF7 cells",,,
EGR1,SCD,colon,EGR1 IP - HCT116 cells,,,
TEAD4,SCD,leukocytes,TEAD4 IP - K562 cells,,,
REST,SCD,colon,REST IP - HCT116 cells,,,
FOXA1,SCD,pancreas,"FOXA1 IP, FOXA1 IP, FOXA1 IP | KLF5 KO",,,
MAZ,SCD,liver,MAZ IP - HepG2 cells,,,
E2F6,SCD,lung,E2F6 IP - A549 cells,,,
MYC,SCD,lung,MYC IP - A549 cells,,,
MAX,SCD,cns,MAX IP - SK-N-SH cells,,,
NFYA,SCD,leukocytes,NFYA IP - K562 cells,,,
CTCF,SCD,miscellaneous,"CTCF IP - AG09319 cells, Rep 1 , CTCF IP - AG09319 cells, Rep 2 ",,,
ETV5,SCD,colon,ETV5 IP ,,,
ERG,SCD,leukocytes,ERG IP - Rep 1,,,
CEBPB,SCD,uterus,CEBPB ChIP-Seq - HeLaS3,,,
IRF1,SCD,colon,IRF1 IP ,,,
CTCF,SCD,mammarygland,"CTCF IP - MCF-7 cells, Rep 1 , CTCF IP - HMF cells, Rep 1 , CTCF IP - MCF-7 cells Rep 2 , CTCF IP - T47D cells, CTCF IP - MCF7 cells, CTCF IP - HMF cells, Rep 2 ",,,
EBF1,SCD,adiposetissue,"EBF1 IP, EBF1 IP",,,
E2F4,SCD,mammarygland,E2F4 IP | 4HT - MCF10 cells,,,
4HT,SCD,mammarygland,E2F4 IP | 4HT - MCF10 cells,,,
TCF12,SCD,lung,TCF12 IP - A549 cells,,,
MAX,SCD,vasculature,MAX IP - HUVEC cells,,,
ZBTB7A,SCD,liver,ZBTB7A IP - HepG2 cells,,,
FOXM1,SCD,mammarygland,FOXM1 IP | THSP - DS006,,,
SOX2,SCD,stemcells,SOX2 IP,,,
STAT3,SCD,uterus,STAT3 IP - HeLa cells,,,
HMGN3,SCD,leukocytes,HMGN3 IP - K562 cells,,,
CEBPB,SCD,liver,CEBPB ChIP-Seq - HepG2,,,
TBP,SCD,uterus,TBP IP - HeLa cells,,,
YY1,SCD,stemcells,YY1 IP - H1 cells,,,
SRF,SCD,mammarygland,SRF IP - MCF7 cells,,,
MXI1,SCD,cns,MXI1 IP - SK-N-SH cells ,,,
MYBL2,SCD,liver,MYBL2 IP - HepG2 cells,,,
ETS1,SCD,leukocytes,"ETS1 IP, ETS1 IP - K562 cells, ETS1 IP - GM12878 cells",,,
HEY1,SCD,liver,HEY1 IP - HepG2 cells,,,
HOXA6,SCD,colon,HOXA6 IP ,,,
SRF,SCD,uterus,SRF IP - ECC1 cells,,,
ROSI,SCD,adiposetissue,"ROSI (BrAT) | KLF11 ChIP-Seq, Rep 1, ROSI (BrAT) | KLF11 ChIP-Seq, Rep 2",,,
HOXA4,SCD,colon,HOXA4 IP ,,,
E2F4,SCD,leukocytes,E2F4 IP - K562 cells,,,
GATA3,SCD,mammarygland,GATA3 IP - T47D cells,,,
PDX1,SCD,pancreas,PDX1 IP,,,
BAY082,SCD,leukocytes,"RELA IP | BAY082  - IVD Th1 cells, PIA",,,
MXI1,SCD,uterus,MXI1 IP - HeLa cells,,,
IKZF1,SCD,leukocytes,IKZF1 IP - GM12878 cells,,,
JUND,SCD,leukocytes,JUND IP - K562 cells,,,
SIX2,SCD,kidney,"SIX2 IP - 17 weeks, Rep 1",,,
YY1,SCD,uterus,YY1 IP - ECC1 cells,,,
SRF,SCD,liver,SRF IP - HepG2 cells,,,
17BE2; TNF,SCD,mammarygland,"17BE2 + TNF | FOXA1 ChIP-Seq - Rep 2, 17BE2 + TNF | FOXA1 ChIP-Seq - Rep 1",,,
NFKB1,SCD,leukocytes,NFKB1 IP - Rep 2,,,
FOSL2,SCD,liver,FOSL2 IP - HepG2 cells,,,
GATA6,SCD,stomach,"GATA6 IP - AGS, GATA6 IP - YCC3",,,
GABPA,SCD,liver,GABPA IP - HepG2 cells,,,
TCF12,SCD,leukocytes,TCF12 IP - GM12878 cells,,,
MXI1,SCD,stemcells,MXI1 IP - H1 cells,,,
MXI1,SCD,lung,MXI1 IP - IMR cells,,,
TP53,SCD,mammarygland,TP53 IP,,,
SP1,SCD,colon,SP1 IP - HCT116 cells,,,
CTCF,SCD,esophagus,"CTCF IP - HEEpiC cells, Rep 2 , CTCF IP - HEEpiC cells, Rep 1 ",,,
E2F6,SCD,stemcells,E2F6 IP - H1 cells,,,
RUNX1T1,SCD,leukocytes,RUNX1T1 IP,,,
YY1,SCD,colon,YY1 IP - HCT116 cells,,,
MAX,SCD,colon,MAX IP - HCT116 cells,,,
FOXA2,SCD,lung,FOXA2 IP - A549 cells,,,
CREB1,SCD,stemcells,CREB1 IP - H1 cells,,,
EGR1,SCD,leukocytes,EGR1 IP - K562 cells,,,
TBP,SCD,leukocytes,"TBP IP - GM12878 cells, TBP IP - K562 cells",,,
TCF7L2,SCD,uterus,TCF7L2 IP - HeLa cells,,,
PAX5,SCD,leukocytes,"PAX5 IP - GM12878 cells, Rep 2, PAX5 IP - GM12892 cells, PAX5 IP - GM12878 cells, Rep 1",,,
ZNF263,SCD,kidney,ZNF263 IP - HEK293 cells,,,
NFYA,SCD,colon,NFYA IP ,,,
JUN,SCD,colon,JUN IP ,,,
FOXP1,SCD,prostate,"DHT | FOXP1 ChIP-Seq, FOXP1 ChIP-Seq",,,
MEF2B,SCD,kidney,MEF2B IP | MEF2B OE - Rep 2,,,
REST,SCD,mammarygland,REST IP - MCF7 cells,,,
GABPA,SCD,leukocytes,"GABPA IP - Jurkat, Rep 2",,,
EPAS1,SCD,kidney,"ARNT IP | EPAS1 OE, EPAS1 IP | EPAS1 OE",,,
CTCF,SCD,pancreas,CTCF IP,,,
ATF3,SCD,colon,ATF3 IP - HCT116 cells,,,
SP1,SCD,liver,SP1 IP - HepG2 cells,,,
KLF5,SCD,pancreas,FOXA1 IP | KLF5 KO,,,
ZEB1,SCD,leukocytes,ZEB1 IP - GM12878 cells,,,
22RHC; INS,SCD,liver,SREBF1 IP | INS + 22RHC - HepG2 cells,,,
GATA4,SCD,stomach,GATA4 IP - AGS,,,
ATF2,SCD,colon,ATF2 IP ,,,
GATA6,TECR,stomach,"GATA6 IP - AGS, GATA6 IP - YCC3",,,
E2F1,TECR,prostate,"HES6 OE | E2F1 ChIP-Seq - Rep 4, BICALU | E2F1 ChIP-Seq - Rep 1, BICALU | E2F1 ChIP-Seq - Rep 2, BICALU + HES6OE | E2F1 ChIP-Seq - Rep 4, HES6 OE | E2F1 ChIP-Seq - Rep 2, BICALU | E2F1 ChIP-Seq - Rep 3, HES6 OE | E2F1 ChIP-Seq - Rep 3, E2F1 ChIP-Seq - Rep 2, E2F1 ChIP-Seq - Rep 3, HES6 OE + BICALU | E2F1 ChIP-Seq - Rep 1, HES6 OE | E2F1 ChIP-Seq - Rep 1, E2F1 ChIP-Seq - Rep 4, BICALU + HES6 OE | E2F1 ChIP-Seq - Rep 2, E2F1 ChIP-Seq - Rep 1, HES6 OE + BICALU | E2F1 ChIP-Seq - Rep 3",,,
HES6,TECR,prostate,"HES6 OE | E2F1 ChIP-Seq - Rep 4, BICALU + HES6OE | E2F1 ChIP-Seq - Rep 4, HES6 OE | E2F1 ChIP-Seq - Rep 2, HES6 OE | E2F1 ChIP-Seq - Rep 3, HES6 OE + BICALU | E2F1 ChIP-Seq - Rep 1, HES6 OE | E2F1 ChIP-Seq - Rep 1, BICALU + HES6 OE | E2F1 ChIP-Seq - Rep 2, HES6 OE + BICALU | E2F1 ChIP-Seq - Rep 3",,,
MAFK,TECR,liver,"MAFK IP - HepG2 cells, Rep 1, MAFK IP - HepG2 cells, Rep 2",,,
CTCF,TECR,leukocytes,"CTCF IP - Â DND , CTCF IP - GM19238 cells, Rep 2 , CTCF ChIP-Seq - GM12878, CTCF IP - GM12878 cells, Rep 2 , CTCF IP - GM19240 cells, Rep 2 , CTCF IP - MS1 cells, Rep 2 , CTCF IP - GM12890 cells, Rep 3 , CTCF IP - GM19240 cells, Rep 1 , CTCF IP - GM18486 cells, Rep 3 , CTCF IP - MS1 cells, Rep 3 , CTCF IP, CTCF IP - GM2255 cells, Rep 2 , CTCF IP - MS1 cells, Rep 4 , CTCF IP - GM12891 cells, Rep 1 , CTCF IP - GM2588 cells, Rep 2 ",,,
TCF7L2,TECR,mammarygland,TCF7L2 ChIP-Seq,,,
HOXA4,TECR,colon,HOXA4 IP ,,,
FOXA1,TECR,lung,"FOXA1 IP - A549 cells, FOXA1 IP | DEX - A549 cells",,,
GATA2,TECR,cns,GATA2 ChIP-Seq SH-SY5Y,,,
ELF1,TECR,cns,ELF1 IP - SK-N-SH cells,,,
USF1,TECR,colon,USF1 IP - HCT116 cells,,,
TBP,TECR,leukocytes,"TBP IP - K562 cells, TBP IP - GM12878 cells",,,
CREB1,TECR,prostate,"CREB1 ChIP-Seq - Rep 1, CREB1 siRNA | FOXA1 ChIP-Seq - Rep 2, FOXA1 siRNA | CREB1 ChIP-Seq - Rep 1, CREB1 ChIP-Seq - LNCaP, CREB1 siRNA | FOXA1 ChIP-Seq - Rep 1, CREB1 ChIP-Seq - Rep 2, CREB1 ChIP-Seq - LNCaP-abl, FOXA1 siRNA | CREB1 ChIP-Seq - Rep 2",,,
GABPA,TECR,leukocytes,"GABPA IP - Jurkat, Rep 2, GABPA IP - Jurkat, Rep 1, GABPA IP - K562 cells",,,
EGR1,TECR,liver,EGR1 IP - MCF7 cells,,,
ZBTB7A,TECR,uterus,ZBTB7A IP - ECC1 cells,,,
FOXA1,TECR,pancreas,"FOXA1 IP, FOXA1 IP, FOXA1 IP | KLF5 KO",,,
CEBPB,TECR,leukocytes,"CEBPB ChIP-Seq - K562, CEBPB IP, CEBPB IP, CEBPB IP, CEBPB IP, CEBPB IP - K562 cells, CEBPB IP - Rep 204, CEBPB IP, CEBPB IP, CEBPB IP | oxLDL  - Rep 208, CEBPB IP - Rep 203",,,
CEBPB,TECR,colon,"CEBPB IP | 125DVD3, CEBPB IP - HCT116 cells, CEBPB IP",,,
125DVD3,TECR,colon,"CEBPB IP | 125DVD3, CDX2 IP | 125DVD3",,,
RUNX1,TECR,leukocytes,"RUNX1 IP - Rep 2, RUNX1 IP, RUNX1 IP",,,
REST,TECR,leukocytes,"REST IP - HL60 cells, REST IP - K562 cells, REST IP - GM12878 cells, Rep 16 ",,,
TEAD4,TECR,uterus,TEAD4 IP - ECC1 cells,,,
JUN,TECR,mammarygland,"JUN IP - Rep 1, JUN IP, JUN IP | CPDA, JUN IP - Rep 2, JUN IP | DEX",,,
MXI1,TECR,uterus,MXI1 IP - HeLa cells,,,
SPI1,TECR,leukocytes,"SPI1 IP - GM12878 cells, Rep 2 , SPI1 IP, SPI1 IP - U-937 cells, Rep 4 , SPI1 IP - GM12878 cells, Rep 3 , SPI1 IP, SPI1 IP, SPI1 IP - U-937 cells, Rep 1 , SPI1 IP, SPI1 IP, SPI1 IP, SPI1 IP - GM12878 cells, SPI1 IP - K562 cells, SPI1 IP - GM12878 cells, Rep 4 , SPI1 IP, SPI1 IP - GM12891 cells, SPI1 IP",,,
E2F4,TECR,leukocytes,"E2F4 IP - K562 cells, E2F4 IP - GM12878 cells",,,
MAZ,TECR,liver,MAZ IP - HepG2 cells,,,
TP53,TECR,bone,TP53 IP | TP53EE/RR OE,,,
FOXA1,TECR,prostate,"CREB1 siRNA | FOXA1 ChIP-Seq - Rep 2, FOXA1 siRNA | CREB1 ChIP-Seq - Rep 1, CREB1 siRNA | FOXA1 ChIP-Seq - Rep 1, FOXA1 KD |Â GATA2 ChIP-Seq, FOXA1 siRNA | CREB1 ChIP-Seq - Rep 2, CON KD |Â FOXA1 ChIP-Seq, FOXA1 ChIP-Seq",,,
ATF3,TECR,colon,"ATF3 IP | CAMPTO, ATF3 IP, ATF3 IP - HCT116 cells",,,
ZEB1,TECR,liver,ZEB1 IP - HepG2 cells,,,
ARNTL,TECR,colon,ARNTL IP - Rep 1 ,,,
TP73,TECR,bone,"TP73 IP - alpha isoform, Rep 2, TP73 IP - beta isoform, Rep 2, TP73 IP - alpha isoform, Rep 1, TP73 IP - beta isoform, Rep 1",,,
EGR1,TECR,leukocytes,EGR1 IP - K562 cells,,,
STAT3,TECR,leukocytes,"STAT3 IP - U-2932, STAT3 IP - SU-DHL-6, STAT3 IP - OCI-LY7, STAT3 IP - SU-DHL-4, STAT3 IP - SU-DHL-2",,,
BHLHE40,TECR,leukocytes,"BHLHE40 IP - K562 cells, BHLHE40 IP - GM12878 cells",,,
TP63,TECR,skin,"TP63 IP, TP63 IP, TP63 IP - Adriam, Rep 1, TP63 IP | BANF1 KD, TP63 IP",,,
KLF5,TECR,stomach,KLF5 IP - KATOIII,,,
MAX,TECR,liver,"MAX IP - HepG2 cells, MAX IP - MCF7 cells, MAX IP - HepG2 cells",,,
FOS,TECR,mammarygland,"FOS IP - MCF10A cells, FOS IP | 4HT - MCF10A cells, 12 h, FOS IP | 4HT - MCF10A cells, 4 h, FOS IP | 4HT - MCF10A cells, 36 h",,,
MEF2B,TECR,kidney,"MEF2B IP | MEF2B D83V OE - Rep 1, MEF2B IP | MEF2B OE - Rep 1, MEF2B IP | MEF2B OE - Rep 2",,,
MAX,TECR,stemcells,MAX IP - H1 cells,,,
MXI1,TECR,leukocytes,"MXI1 IP - GM12878 cells, MXI1 IP - K562 cells",,,
SP1,TECR,stemcells,"SP1 IP - Rep 1 , SP1 IP - Rep 2 , SP1 IP - H1 cells",,,
SP2,TECR,liver,SP2 IP - HepG2 cells,,,
RELA,TECR,leukocytes,"RELA IP | TNF - GM12892 cells, RELA IP | BAY082  - IVD Th1 cells, PIA, RELA IP | TNF - GM15510 cells, RELA IP | TNF - GM12891 cells, RELA IP | TNF - GM18951 cells, RELA IP | TNF - GM18505 cells",,,
TNF,TECR,leukocytes,"RELA IP | TNF - GM12892 cells, RELA IP | TNF - GM15510 cells, RELA IP | TNF - GM12891 cells, RELA IP | TNF - GM18951 cells, RELA IP | TNF - GM18505 cells",,,
TEAD4,TECR,liver,TEAD4 IP - HepG2 cells,,,
YY1,TECR,leukocytes,"YY1 IP - K562 cells, Rep 1, YY1 IP - K562 cells, Rep 2, YY1 IP - GM12878 cells, YY1 IP - GM12892 cells, Rep 1",,,
TP63,TECR,esophagus,TP63 IP - KYSE-70,,,
HOXA6,TECR,colon,HOXA6 IP ,,,
BICALU,TECR,prostate,"BICALU | E2F1 ChIP-Seq - Rep 1, BICALU | E2F1 ChIP-Seq - Rep 2, BICALU + HES6OE | E2F1 ChIP-Seq - Rep 4, BICALU | E2F1 ChIP-Seq - Rep 3, HES6 OE + BICALU | E2F1 ChIP-Seq - Rep 1, BICALU + HES6 OE | E2F1 ChIP-Seq - Rep 2, HES6 OE + BICALU | E2F1 ChIP-Seq - Rep 3",,,
FOS,TECR,leukocytes,"FOS IP - GM12878 cells, FOS IP - K562 cells",,,
USF1,TECR,stemcells,USF1 IP - H1 cells,,,
JUN,TECR,vasculature,"JUN IP, JUN IP - HUVEC cells",,,
MYB,TECR,leukocytes,"MYB IP - Jurkat, Rep 2, MYB IP - Jurkat, Rep 3, MYB IP - Jurkat, Rep 1, MYB IP - MOLT3, MYB IP - Jurkat, Rep 4, MYB IP - Jurkat, Rep 5",,,
JUND,TECR,liver,"JUND IP - HepG2 cells, JUND IP - HepG2 cells",,,
NANOG,TECR,stemcells,"NANOG IP - Rep 2 , NANOG IP - Rep 2, NANOG IP - H1 cells, NANOG IP - Rep 8 , NANOG IP - Rep 6 , NANOG IP - Rep 5 , NANOG IP - Rep 3 ",,,
RELA,TECR,adiposetissue,"RELA IP, RELA IP, RELA IP",,,
BCL3,TECR,lung,BCL3 IP - A549 cells,,,
STAT5A,TECR,leukocytes,"STAT5A IP - GM12878 cells, STAT5A IP - K562 cells",,,
CEBPB,TECR,mammarygland,CEBPB IP - MCF7 cells,,,
TCF21,TECR,vasculature,TCF21 IP,,,
ERG,TECR,leukocytes,ERG IP - Rep 1,,,
FOSL2,TECR,lung,FOSL2 IP - A549 cells,,,
GATA1,TECR,leukocytes,GATA1 ChIP-Seq - SC266,,,
CEBPB,TECR,liver,"CEBPB IP - HepG2 cells, CEBPB ChIP-Seq - HepG2, CEBPB IP | FORSK - HepG2 cells",,,
USF1,TECR,cns,"USF1 IP | ATRA - SK-N-SH cells, USF1 IP - SK-N-SH cells",,,
ATRA,TECR,cns,"USF1 IP | ATRA - SK-N-SH cells, YY1 IP | ATRA - SK-N-SH cells",,,
FOSL2,TECR,liver,FOSL2 IP - HepG2 cells,,,
4HT,TECR,mammarygland,"FOS IP | 4HT - MCF10A cells, 12 h, STAT3 IP | 4HT - MCF10 cells, 36 h, E2F4 IP | 4HT - MCF10 cells, FOS IP | 4HT - MCF10A cells, 4 h, STAT3 IP | 4HT - MCF10 cells, 12 h, MYC IP | 4HT - MCF10A cells, FOS IP | 4HT - MCF10A cells, 36 h",,,
CEBPB,TECR,stemcells,"CEBPB IP - H1 cells, CEBPB IP, CEBPB IP, CEBPB IP",,,
YY1,TECR,uterus,YY1 IP - ECC1 cells,,,
JUNB,TECR,colon,JUNB IP ,,,
NFYC,TECR,colon,NFYC IP ,,,
IRF1,TECR,leukocytes,"IRF1 IP | IFNG - K562 cells, 6 h, IRF1 IP | IFNG - K562 cells, 30 min, IRF1 IP | IFNA1-13 - K562 cells, 6 h",,,
IFNG,TECR,leukocytes,"IRF1 IP | IFNG - K562 cells, 6 h, MYC IP | IFNG - K562 cells, 6 h, IRF1 IP | IFNG - K562 cells, 30 min, JUN IP | IFNG - K562 cells, 30 min, MYC IP | IFNG - K562 cells, 30 min, STAT1 IP - Rep 5, STAT1 IP - Rep 2, STAT1 IP - Rep 1, STAT1 IP - Rep 3",,,
POU2F2,TECR,leukocytes,POU2F2 IP - GM12878 cells,,,
TCF7L2,TECR,uterus,TCF7L2 IP - HeLa cells,,,
MYC,TECR,leukocytes,"MYC IP | IFNG - K562 cells, 6 h, MYC IP | IFNG - K562 cells, 30 min, MYC IP - K562 cells, Rep 1, MYC IP - NB4 cells",18940864,,
TP53,TECR,lung,"TP53 IP - propapoptic, Rep 1",,,
ATF2,TECR,colon,ATF2 IP ,,,
GATA1,TECR,hspcs,"GATA1 IP - PBDE cells, Rep 1",,,
FOXP1,TECR,colon,FOXP1 IP ,,,
FOXM1,TECR,mammarygland,"FOXM1 IP | THSP - DS006, FOXM1 IP - DS007, FOXM1 IP | THSP - DS008",,,
FOXA2,TECR,embryonictissue,FOXA2 IP - Rep 2,,,
GATA2,TECR,leukocytes,"GATA2 IP - K562 cells, GATA2 IP - K562 cells",,,
JUND,TECR,cns,"JUND IP - SK-N-SH cells , JUND IP - SK-N-SH cells",,,
REST,TECR,mammarygland,REST IP - MCF7 cells,,,
CREB1,TECR,leukocytes,"CREB1 IP - K562 cells, CREB1 IP - GM12878 cells",,,
HEY1,TECR,leukocytes,HEY1 IP - K562 cells,,,
ARID3A,TECR,liver,ARID3A IP - HepG2 cells,,,
REST,TECR,uterus,REST IP - SK-N-SH cells,,,
REST,TECR,cns,"REST IP - PFSK-N-SH cells1 cells, Rep 1, REST IP - PFSK1 cells, Rep 2, REST IP - U87 cells, REST IP - SK cells, REST IP - SK-N-SH cells",,,
TEAD4,TECR,colon,TEAD4 IP - HCT116 cells,,,
MAFK,TECR,colon,MAFK IP ,,,
ETS1,TECR,leukocytes,"ETS1 IP - K562 cells, ETS1 IP",,,
ELF3,TECR,pancreas,"ELF3 IP, ELF3 IP, ELF3 IP | KLF5 KO",,,
STAT3,TECR,mammarygland,"STAT3 IP | 4HT - MCF10 cells, 36 h, STAT3 IP | 4HT - MCF10 cells, 12 h, STAT3 IP - MCF10A cells, Rep 2",,,
JUND,TECR,uterus,JUND IP - HeLa cells,,,
MAFK,TECR,leukocytes,MAFK IP - K562 cells,,,
GTF2B,TECR,uterus,GTF2B IP - Rep 2,,,
EGR1,TECR,uterus,EGR1 IP - ECC1 cells,,,
PBX3,TECR,cns,PBX3 IP - SK-N-SH cells,,,
CDX2,TECR,colon,CDX2 IP | 125DVD3,,,
MAX,TECR,leukocytes,"MAX IP - NB4 cells, MAX IP - K562 cells, Rep 2, MAX IP - GM12878 cells, MAX IP - K562 cells",,,
MAFK,TECR,uterus,MAFK IP - HeLa cells,,,
JUND,TECR,leukocytes,JUND IP - K562 cells,,,
ZNF143,TECR,leukocytes,ZNF143 IP - GM12878 cells,,,
RBPJ,TECR,leukocytes,RBPJ IP | COMPE - wash,,,
COMPE,TECR,leukocytes,RBPJ IP | COMPE - wash,,,
FOXA1,TECR,mammarygland,"DHT | FOXA1 ChIP-Seq, FOXA1 IP - T47D cells",,,
DHT,TECR,mammarygland,"DHT | FOXA1 ChIP-Seq, DHT | MYC ChIP-Seq",,,
CREB1,TECR,stemcells,CREB1 IP - H1 cells,,,
USF1,TECR,lung,"USF1 IP - A549 cells, Rep 2",,,
ELF1,TECR,leukocytes,"ELF1 IP - SK-N-SH cells, ELF1 IP - SK-N-SH cells",,,
E2F4,TECR,mammarygland,E2F4 IP | 4HT - MCF10 cells,,,
FOSL1,TECR,colon,FOSL1 IP - HCT116 cells,,,
KLF11,TECR,adiposetissue,"KLF11 ChIP-Seq, Rep 2, KLF11 ChIP-Seq, Rep 1, ROSI (BrAT) | KLF11 ChIP-Seq, Rep 1, ROSI (BrAT) | KLF11 ChIP-Seq, Rep 2",,,
CEBPB,TECR,lung,"CEBPB ChIP-Seq - A549, CEBPB ChIP-Seq - IMR90, CEBPB IP - A549 cells",,,
UBTF,TECR,leukocytes,UBTF IP - K562 cells,,,
E2F1,TECR,uterus,"E2F1 IP - HeLa cells, Rep 2, E2F1 IP - HeLa cells, Rep 1",,,
TCF7L2,TECR,pancreas,TCF7L2 IP,,,
DEX,TECR,lung,"FOXA1 IP | DEX - A549 cells, CREB1 IP | DEX - A549 cells",,,
JUN,TECR,leukocytes,"JUN IP | IFNG - K562 cells, 30 min, JUN IP - K562 cells, Rep 1, JUN IP - K562 cells, Rep 2",,,
NFYB,TECR,uterus,NFYB IP - HeLa cells,,,
JUND,TECR,colon,JUND IP - HCT116 cells,,,
HEY1,TECR,liver,HEY1 IP - HepG2 cells,,,
SOX10,TECR,skin,SOX10 IP,,,
NFYB,TECR,leukocytes,"NFYB IP - GM12878 cells, NFYB IP - K562 cells",,,
PBX3,TECR,lung,PBX3 IP - A549 cells,,,
GATA2,TECR,prostate,"FOXA1 KD |Â GATA2 ChIP-Seq, GATA2 ChIP-Seq - Rep 2, GATA2 ChIP-Seq, CON KD + R1881 |Â GATA2 ChIP-Seq",,,
MAX,TECR,lung,MAX IP - A549 cells,,,
REST,TECR,liver,"REST IP - HepG2 cells, Rep 1",,,
GATA3,TECR,cns,"GATA3 IP - SK-N-SH cells, GATA3 IP - SHSY5Y cells",,,
CREB1,TECR,liver,"CREB1 IP, CREB1 IP, CREB1 IP - HepG2 cells",,,
YY1,TECR,cns,"YY1 IP - SK-N-SH cells, YY1 IP | ATRA - SK-N-SH cells",,,
USF1,TECR,leukocytes,"USF1 IP - GM12878 cells, USF1 IP - K562 cells",,,
MAX,TECR,uterus,"MAX IP - HeLa cells, Rep 1, MAX IP - ECC1 cells",,,
NFYA,TECR,colon,NFYA IP ,,,
E2F6,TECR,leukocytes,"E2F6 IP - K562 cells, E2F6 IP - K562 cells",,,
FOS,TECR,vasculature,FOS IP - HUVEC cells,,,
MXI1,TECR,cns,MXI1 IP - SK-N-SH cells ,,,
TAL1,TECR,colon,TAL1 IP ,,,
TCF12,TECR,leukocytes,TCF12 IP - GM12878 cells,,,
TCF12,TECR,lung,TCF12 IP - A549 cells,,,
KLF5,TECR,pancreas,"FOXA1 IP | KLF5 KO, KLF5 IP, ELF3 IP | KLF5 KO",,,
NFYA,TECR,leukocytes,NFYA IP - K562 cells,,,
SP1,TECR,leukocytes,"SP1 IP - K562 cells, SP1 IP - GM12878 cells",,,
GATA4,TECR,stomach,GATA4 IP - AGS,,,
ZKSCAN1,TECR,uterus,ZKSCAN1 IP - HeLa cells,,,
TP53,TECR,colon,TP53 IP | CAMPTO,,,
CAMPTO,TECR,colon,TP53 IP | CAMPTO,,,
SRF,TECR,colon,SRF IP - HCT116 cells,,,
BAY082,TECR,leukocytes,"RELA IP | BAY082  - IVD Th1 cells, PIA",,,
FOXA1,TECR,liver,"FOXA1 IP - HepG2 cells, Rep 1, FOXA1 IP - HepG2 cells, Rep 2",,,
TP63,TECR,lung,TP63 IP - HCC95,,,
JUND,TECR,vasculature,JUND IP,,,
MAFF,TECR,liver,MAFF IP - HepG2 cells,,,
SP1,TECR,lung,SP1 IP - A549 cells,,,
USF1,TECR,uterus,USF1 IP - ECC1 cells,,,
GATA3,TECR,mammarygland,GATA3 IP - MCF7 cells,,,
USF2,TECR,leukocytes,USF2 IP - GM12878 cells,,,
MYC,TECR,mammarygland,"DHT | MYC ChIP-Seq, MYC IP | 4HT - MCF10A cells, MYC IP - MCF-10A cells",,,
ZNF384,TECR,leukocytes,ZNF384 IP - K562 cells,,,
MXI1,TECR,lung,MXI1 IP - IMR cells,,,
CPDA,TECR,mammarygland,JUN IP | CPDA,,,
REST,TECR,stemcells,"REST IP - H1 cells, Rep 1",,,
TCF12,TECR,cns,TCF12 IP - SK-N-SH cells,,,
FOXA2,TECR,stemcells,"FOXA2 IP - ES D5, FOXA2 IP - ES D7",,,
CEBPB,TECR,uterus,"CEBPB ChIP-Seq - HeLaS3, CEBPB IP - ECC1 cells",,,
TCF12,TECR,uterus,TCF12 IP - ECC1 cells,,,
GLI2,TECR,colon,GLI2 IP ,,,
CTCF,TECR,hspcs,"CTCF IP - Erythroid cells, Rep 2",,,
NFYA,TECR,uterus,NFYA IP - HeLa cells,,,
GATA3,TECR,lung,GATA3 IP - A549 cells,,,
REST,TECR,lung,REST IP - A549 cells,,,
TEAD4,TECR,mammarygland,TEAD4 IP - Rep 1,,,
E2F4,TECR,uterus,E2F4 IP - HeLa cells,,,
STAT1,TECR,uterus,"STAT1 IP | IFNG - HeLa cells, 30 min",,,
IFNG,TECR,uterus,"STAT1 IP | IFNG - HeLa cells, 30 min",,,
TBP,TECR,stemcells,TBP IP - H1 cells,,,
MAX,TECR,cns,MAX IP - SK-N-SH cells,,,
SREBF1,TECR,liver,SREBF1 IP | INS + 22RHC - HepG2 cells,,,
22RHC; INS,TECR,liver,SREBF1 IP | INS + 22RHC - HepG2 cells,,,
PBX3,TECR,leukocytes,PBX3 IP - GM12878 cells,,,
EBF1,TECR,adiposetissue,"EBF1 IP, EBF1 IP",,,
IRF1,TECR,colon,IRF1 IP ,,,
FOSL1,TECR,leukocytes,FOSL1 IP - K562 cells,,,
TFAP4,TECR,leukocytes,TFAP4 IP - Rep 2,,,
TEAD4,TECR,leukocytes,TEAD4 IP - K562 cells,,,
MXI1,TECR,stemcells,MXI1 IP - H1 cells,,,
USF1,TECR,liver,USF1 IP - HepG2 cells,,,
IFNA1,TECR,leukocytes,"IRF1 IP | IFNA1-13 - K562 cells, 6 h",,,
MAFK,TECR,lung,MAFK IP - IMR cells,,,
CREB1,TECR,lung,CREB1 IP | DEX - A549 cells,,,
HMGN3,TECR,leukocytes,HMGN3 IP - K562 cells,,,
REST,TECR,pancreas,"REST IP - Panc1 cells, Rep 3",,,
IRF1,TECR,pancreas,IRF1 IP,,,
FOSL1,TECR,mammarygland,FOSL1 IP,,,
E2F1,TECR,mammarygland,"E2F1 IP - MCF7 cells, E2F1 IP",,,
GMEB2,TECR,colon,GMEB2 IP ,,,
SRF,TECR,uterus,SRF IP - ECC1 cells,,,
TEAD4,TECR,cns,TEAD4 IP - SK-N-SH cells,,,
SRF,TECR,mammarygland,SRF IP - MCF7 cells,,,
ZBTB7A,TECR,leukocytes,ZBTB7A IP - SK-N-SH cells,,,
EGR1,TECR,stemcells,EGR1 IP - H1 cells,,,
MAZ,TECR,lung,MAZ IP - IMR cells,,,
TBP,TECR,liver,TBP IP - HepG2 cells,,,
STAT1,TECR,leukocytes,"STAT1 IP - Rep 5, STAT1 IP - Rep 2, STAT1 IP - Rep 1, STAT1 IP - Rep 3",,,
ROSI,TECR,adiposetissue,"ROSI (BrAT) | KLF11 ChIP-Seq, Rep 1, ROSI (BrAT) | KLF11 ChIP-Seq, Rep 2",,,
MAZ,TECR,leukocytes,"MAZ IP - K562 cells, MAZ IP - GM12878 cells",,,
ZBTB7A,TECR,liver,ZBTB7A IP - HepG2 cells,,,
SOX9,TECR,colon,SOX9 IP ,,,
IRF4,TECR,leukocytes,IRF4 IP,,,
BARX1,TECR,colon,BARX1 IP - Rep 1 ,,,
TBP,TECR,uterus,TBP IP - HeLa cells,,,
PAX5,TECR,leukocytes,"PAX5 IP - GM12878 cells, Rep 2",,,
RELA,TECR,colon,RELA IP ,,,
CUX1,TECR,leukocytes,CUX1 IP - K562 cells,,,
GATA2,TECR,hspcs,GATA2 IP,,,
REST,TECR,colon,"REST IP , REST IP - HCT116 cells",,,
MAX,TECR,colon,MAX IP - HCT116 cells,,,
TP53,TECR,mammarygland,"TP53 IP, TP53 IP | NUTL3 - MCF-7",,,
JUN,TECR,liver,JUN IP - HepG2 cells,,,
BANF1,TECR,skin,TP63 IP | BANF1 KD,,,
MTA3,TECR,leukocytes,MTA3 IP - GM12878 cells,,,
E2F3,TECR,colon,E2F3 IP ,,,
TAL1,TECR,leukocytes,TAL1 IP - K562 cells,,,
CREB1,TECR,uterus,CREB1 IP - ECC1 cells,,,
ELF1,TECR,liver,ELF1 IP - HepG2 cells,,,
YY1,TECR,lung,YY1 IP - A549 cells,,,
FORSK,TECR,liver,CEBPB IP | FORSK - HepG2 cells,,,
EGR1,TECR,colon,EGR1 IP - HCT116 cells,,,
CEBPA,TECR,leukocytes,CEBPA IP,,,
MYC,TECR,uterus,MYC IP - HeLa cells,,,
GABPA,TECR,liver,GABPA IP - HepG2 cells,,,
FOXA2,TECR,liver,FOXA2 IP - HepG2 cells,,,
JUND,TECR,lung,JUND IP - A549 cells,,,
ATF1,TECR,leukocytes,ATF1 IP - K562 cells,,,
RUNX1,TECR,hspcs,RUNX1,,,
SP1,TECR,colon,SP1 IP - HCT116 cells,,,
MXI1,TECR,liver,MXI1 IP - HepG2 cells,,,
CREB1,TECR,colon,CREB1 IP ,,,
SP1,TECR,liver,SP1 IP - HepG2 cells,,,
FOXP2,TECR,cns,FOXP2 IP - PFSK-1 cells,,,
DEX,TECR,mammarygland,JUN IP | DEX,,,
ETV5,TECR,colon,ETV5 IP ,,,
ELF1,TECR,colon,ELF1 IP - HCT116 cells,,,
FOSL2,TECR,cns,FOSL2 IP - SK-N-SH cells,,,
MYBL2,TECR,liver,MYBL2 IP - HepG2 cells,,,
E2F6,TECR,stemcells,E2F6 IP - H1 cells,,,
GATA2,TECR,vasculature,GATA2 IP - HUVEC cells,,,
E2F6,TECR,lung,E2F6 IP - A549 cells,,,
JUN,TECR,colon,JUN IP ,,,
MAZ,TECR,uterus,MAZ IP - HeLa cells,,,
R1881,TECR,prostate,CON KD + R1881 |Â GATA2 ChIP-Seq,,,
SP2,TECR,leukocytes,SP2 IP - K562 cells,,,
TP63,TECR,thyroidgland,TP63 IP - TT MTC,,,
TFEB,ACOT2,uterus,,,33176151,
PRKAA1,SCD,liver,,,21478464,
MLXIPL,ELOVL6,liver,,,18226595,
SREBF2,ACOT7,cns,,,,16335799
RARA,SCD,sensory,,,,11397803
EFR2,SCD5,placenta,,,,22510410
EFR2,SCD5,cns,,,,22510410
SREBP1,SCD5,placenta,,,,22510410
SREBP1,SCD5,cns,,,,22510410
VDR,FADS2,leukocytes,,20736230,,
VDR,ELOVL6,leukocytes,,20736230,,
VDR,FADS1,leukocytes,,20736230,,
GATA2,FADS2,erythroidlineage,,19941826,,
GATA2,ACOT7,erythroidlineage,,19941826,,
GATA2,ELOVL6,erythroidlineage,,19941826,,
GATA2,ELOVL5,erythroidlineage,,19941826,,
GATA2,SCD,erythroidlineage,,19941826,,
GATA2,ELOVL1,erythroidlineage,,19941826,,
EOMES,FADS2,stemcells,,21245162,,
EOMES,HSD17B12,stemcells,,21245162,,
EOMES,FADS1,stemcells,,21245162,,
EOMES,SCD,stemcells,,21245162,,
EOMES,FADS2,embryonictissue,,21245162,,
EOMES,HSD17B12,embryonictissue,,21245162,,
EOMES,FADS1,embryonictissue,,21245162,,
EOMES,SCD,embryonictissue,,21245162,,
ELF5,ACOT4,mammarygland,,23300383,,
ELF5,ACOT2,mammarygland,,23300383,,
ELF5,ELOVL6,mammarygland,,23300383,,
ELF5,ELOVL5,mammarygland,,23300383,,
FOXP1,HACD3,stemcells,,21924763,,
FOXP1,FADS2,stemcells,,21924763,,
FOXP1,ACOT7,stemcells,,21924763,,
FOXP1,ELOVL6,stemcells,,21924763,,
FOXP1,ACOT2,stemcells,,21924763,,
FOXP1,ELOVL2,stemcells,,21924763,,
FOXP1,ELOVL5,stemcells,,21924763,,
FOXP1,FADS1,stemcells,,21924763,,
FOXP1,ELOVL3,stemcells,,21924763,,
FOXP1,HACD3,embryonictissue,,21924763,,
FOXP1,FADS2,embryonictissue,,21924763,,
FOXP1,ACOT7,embryonictissue,,21924763,,
FOXP1,ELOVL6,embryonictissue,,21924763,,
FOXP1,ACOT2,embryonictissue,,21924763,,
FOXP1,ELOVL2,embryonictissue,,21924763,,
FOXP1,ELOVL5,embryonictissue,,21924763,,
FOXP1,FADS1,embryonictissue,,21924763,,
FOXP1,ELOVL3,embryonictissue,,21924763,,
WT1,FADS2,kidney,,25993318,,
WT1,TECR,kidney,,25993318,,
WT1,HACD1,kidney,,25993318,,
WT1,ACOT7,kidney,,25993318,,
WT1,ELOVL6,kidney,,25993318,,
WT1,ELOVL5,kidney,,25993318,,
WT1,ACOT2,kidney,,25993318,,
TCF4,ACOT7,colon,,18268006,,
TCF4,ELOVL1,colon,,18268006,,
TCF4,ACOT7,rectum,,18268006,,
TCF4,ELOVL1,rectum,,18268006,,
SALL1,ELOVL6,stemcells,,21062744,,
SALL1,ELOVL6,embryonictissue,,21062744,,
MITF,HACD3,skin,,21258399,,
MITF,FADS2,skin,,21258399,,
MITF,HACD1,skin,,21258399,,
MITF,ACOT7,skin,,21258399,,
MITF,SCD5,skin,,21258399,,
MITF,ELOVL6,skin,,21258399,,
MITF,SCD,skin,,21258399,,
MITF,ELOVL4,skin,,21258399,,
MITF,ELOVL1,skin,,21258399,,
MITF,FADS1,skin,,21258399,,
TP63,ACOT7,prostate,,23658742,,
TP63,FADS1,prostate,,23658742,,
E2F4,ACOT4,leukocytes,,21247883,,
NR1H3,SCD,leukocytes,,23393188,,
NR1H3,ELOVL5,leukocytes,,23393188,,
TFAP2C,HSD17B12,mammarygland,,20629094,,
TFAP2C,TECR,mammarygland,,20629094,,
TFAP2C,ELOVL5,mammarygland,,20629094,,
GATA1,FADS2,skin,,21571218,,
GATA1,HACD1,skin,,21571218,,
GATA1,ELOVL5,skin,,21571218,,
GATA1,SCD,skin,,21571218,,
GATA1,HSD17B12,skin,,21571218,,
RUNX1,TECR,skin,,21571218,,
RUNX1,SCD5,skin,,21571218,,
RUNX1,ELOVL6,skin,,21571218,,
RUNX1,ELOVL5,skin,,21571218,,
RUNX1,SCD,skin,,21571218,,
RUNX1,ELOVL1,skin,,21571218,,
RUNX1,FADS1,skin,,21571218,,
RUNX1,HSD17B12,skin,,21571218,,
TP53,HACD2,bone,,18474530,,
HNF4A,HACD3,liver,,19822575,,
HNF4A,ACOT7,liver,,19822575,,
HNF4A,ELOVL6,liver,,19822575,,
HNF4A,ELOVL2,liver,,19822575,,
HNF4A,ELOVL5,liver,,19822575,,
HNF4A,SCD,liver,,19822575,,
HNF4A,HACD2,liver,,19822575,,
HNF4A,ACOT2,liver,,19822575,,
HNF4A,BAAT,liver,,19822575,,
HIF1A,SCD,mammarygland,,21447827,,
ELF1,ACOT7,prostate,,20517297,,
ELF1,ACOT2,prostate,,20517297,,
ELF1,ACOT7,bone,,20517297,,
ELF1,ACOT2,bone,,20517297,,
SOX11,SCD,leukocytes,,23321250,,
SOX11,ACOT1,leukocytes,,23321250,,
AR,HACD2,prostate,,19668381,,
AR,ELOVL3,prostate,,19668381,,
TFAP2A,FADS1,uterus,,17053090,,
TFAP2A,HSD17B12,uterus,,17053090,,
TFAP2A,TECR,uterus,,17053090,,
TFAP2A,FADS1,mammarygland,,17053090,,
TFAP2A,HSD17B12,mammarygland,,17053090,,
TFAP2A,TECR,mammarygland,,17053090,,
ESR2,ACOT4,mammarygland,,21235772,,
CLOCK,ACOT1,colon,,20551151,,
CLOCK,ACOT1,rectum,,20551151,,
ATF3,ACOT7,cns,,23680149,,
ATF3,ELOVL6,cns,,23680149,,
ATF3,ACOT2,cns,,23680149,,
NFE2L2,ELOVL1,leukocytes,,22581777,,
ZNF217,ELOVL5,mammarygland,,24962896,,
SMAD4,HACD2,ovary,,21799915,,
SMAD4,HSD17B12,ovary,,21799915,,
SMAD4,ELOVL5,ovary,,21799915,,
CUX1,ACOT7,embryonictissue,,19635798,,
CUX1,FADS2,embryonictissue,,19635798,,
CUX1,ELOVL5,embryonictissue,,19635798,,
CUX1,ACOT7,mammarygland,,19635798,,
CUX1,FADS2,mammarygland,,19635798,,
CUX1,ELOVL5,mammarygland,,19635798,,
CUX1,ACOT7,kidney,,19635798,,
CUX1,FADS2,kidney,,19635798,,
CUX1,ELOVL5,kidney,,19635798,,
HOXB7,ACOT4,mammarygland,,26014856,,
PBX1,HACD2,ovary,,22567123,,
PBX1,HACD4,ovary,,22567123,,
BACH1,ELOVL2,mammarygland,,22875853,,
POU3F2,BAAT,skin,,20337985,,
DACH1,FADS2,mammarygland,,20351289,,
