TF,TargetGene,Tissue,Experiment,Chea,Signor,Trrust
FOXA1,ACOT8,mammarygland,"17BE2 | FOXA1 ChIP-Seq - Rep 1, DHT | FOXA1 ChIP-Seq, FOXA1 ChIP-Seq - Rep 1, FOXA1 IP | 17BE2 - T47D, FOXA1 ChIP-Seq - Rep 2, DEX | FOXA1 ChIP-Seq - Rep 2, FOXA1 IP - T47D cells, DEX | FOXA1 ChIP-Seq - Rep 2, 17BE2 | FOXA1 ChIP-Seq, FOXA1 ChIP-Seq - Rep 1, FOXA1 IP - T47D, 17BE2 | FOXA1 ChIP-Seq - Rep 2, FOXA1 ChIP-Seq - Rep 1, DEX | FOXA1 ChIP-Seq - Rep 1, 17BE2 | FOXA1 ChIP-Seq - Rep 1, DEX | FOXA1 ChIP-Seq - Rep 1, FOXA1 ChIP-Seq, DEX | FOXA1 ChIP-Seq - Rep 1, DEX | FOXA1 ChIP-Seq - Rep 2, FOXA1 ChIP-Seq - Rep 2, 17BE2 | FOXA1 ChIP-Seq - Rep 2, FOXA1 ChIP-Seq - Rep 2",,,
17BE2,ACOT8,mammarygland,"17BE2 | FOXA1 ChIP-Seq - Rep 1, FOXA1 IP | 17BE2 - T47D, 17BE2 | FOXA1 ChIP-Seq, 17BE2 | FOXA1 ChIP-Seq - Rep 2, 17BE2 | FOXA1 ChIP-Seq - Rep 1, 17BE2 | FOXA1 ChIP-Seq - Rep 2",,,
MYB,ACOT8,leukocytes,"MYB IP - Jurkat, Rep 2, MYB IP - Jurkat, Rep 3, MYB IP - Jurkat, Rep 1, MYB IP - MOLT3, MYB IP - Jurkat, Rep 5, MYB IP - Jurkat, Rep 4",,,
MAX,ACOT8,leukocytes,"MAX IP - K562 cells, Rep 2, MAX IP - GM12878 cells, MAX IP - NB4 cells, MAX IP - K562 cells",,,
FOXM1,ACOT8,mammarygland,"FOXM1 IP - DS005, FOXM1 IP | THSP - DS006, FOXM1 IP | THSP - DS008",,,
MXI1,ACOT8,leukocytes,MXI1 IP - GM12878 cells,,,
DHT,ACOT8,mammarygland,"DHT | FOXA1 ChIP-Seq, DHT | MYC ChIP-Seq",,,
MYC,ACOT8,liver,MYC IP,,,
STAT3,ACOT8,mammarygland,"STAT3 IP | 4HT - MCF10 cells, 36 h",,,
4HT,ACOT8,mammarygland,"STAT3 IP | 4HT - MCF10 cells, 36 h, FOS IP | 4HT - MCF10A cells, 12 h, MYC IP | 4HT - MCF10A cells, FOS IP | 4HT - MCF10A cells, 4 h, E2F4 IP | 4HT - MCF10 cells",,,
GATA4,ACOT8,stemcells,"GATA4 IP - Rep 4 , GATA4 IP - Rep 6 , GATA4 IP - Rep 16 , GATA4 IP - Rep 3 , GATA4 IP - Rep 7 , GATA4 IP - Rep 8 , GATA4 IP - Rep 1 , GATA4 IP - Rep 5 , GATA4 IP - Rep 9 , GATA4 IP - Rep 10 ",,,
NANOG,ACOT8,stemcells,"NANOG IP - Rep 4 , NANOG IP - Rep 3 , NANOG IP - Rep 1, NANOG IP - H1 cells, NANOG IP - Rep 2 , NANOG IP - Rep 9 , NANOG IP - Rep 5 , NANOG IP - Rep 2, NANOG IP - Rep 6 , NANOG IP - Rep 8 ",,,
MYC,ACOT8,mammarygland,"MYC IP - MCF-10A cells, DHT | MYC ChIP-Seq, MYC IP | 4HT - MCF10A cells",,,
FOXA1,ACOT8,stemcells,"FOXA1 IP - ES D2, FOXA1 IP - Rep 5 ",,,
IRF3,ACOT8,liver,IRF3 IP - HepG2 cells,,,
MYC,ACOT8,uterus,MYC IP - HeLa cells,,,
JUN,ACOT8,uterus,JUN IP - HeLa cells,,,
HIF1A,ACOT8,bone,"HIF1A IP, HIF1A IP, HIF1A IP",,,
SPI1,ACOT8,leukocytes,"SPI1 IP - U-937 cells, Rep 4 , SPI1 IP - GM12878 cells, Rep 3 , SPI1 IP, SPI1 IP, SPI1 IP - GM12878 cells, Rep 2 , SPI1 IP, ROSI | SPI1 ChIP-Seq, SPI1 IP, SPI1 IP - GM12878 cells, SPI1 IP, SPI1 IP - U-937 cells, Rep 1 , SPI1 IP, SPI1 IP, SPI1 IP - GM12878 cells, Rep 4 , SPI1 IP - GM12891 cells, SPI1 IP, SPI1 IP | RUNX1 KD, SPI1 IP - U-937 cells, Rep 2 , SPI1 IP - HL cells, SPI1 IP, SPI1 IP - K562 cells",,,
MYBL2,ACOT8,liver,MYBL2 IP - HepG2 cells,,,
YY1,ACOT8,leukocytes,"YY1 IP - K562 cells, Rep 2, YY1 IP - GM12892 cells, Rep 1, YY1 IP - GM12878 cells, YY1 IP - GM12891 cells, YY1 IP - K562 cells, Rep 1",,,
EGR1,ACOT8,colon,EGR1 IP - HCT116 cells,,,
IRF3,ACOT8,uterus,IRF3 IP - HeLa cells,,,
E2F8,ACOT8,colon,E2F8 IP ,,,
TCF12,ACOT8,leukocytes,TCF12 IP - GM12878 cells,,,
GABPA,ACOT8,leukocytes,"GABPA IP - GM12878 cells, GABPA IP - GM12878 cells, Rep 2 , GABPA IP - Jurkat, Rep 2, GABPA IP - K562 cells, GABPA IP - HL cells, GABPA IP - GM12878 cells, Rep 5 , GABPA IP, GABPA IP - Jurkat, Rep 1, GABPA IP - GM12878 cells, Rep 3 , GABPA IP - GM12878 cells, Rep 1 , GABPA IP - GM12878 cells, Rep 4 ",,,
FOXA2,ACOT8,stemcells,"FOXA2 IP - ES D5, FOXA2 IP - ES D7, FOXA2 IP - ES D2, FOXA2 IP - Rep 5 , FOXA2 IP - ES D10",,,
IRF1,ACOT8,leukocytes,"IRF1 IP | IFNG - K562 cells, 30 min, IRF1 IP | IFNG - K562 cells, 6 h, IRF1 IP | IFNA1-13 - K562 cells, 6 h",,,
IFNG,ACOT8,leukocytes,"IRF1 IP | IFNG - K562 cells, 30 min, IRF1 IP | IFNG - K562 cells, 6 h, STAT1 IP - Rep 5, STAT1 IP - Rep 4, STAT1 IP - Rep 3, STAT1 IP - Rep 1, STAT1 IP - Rep 2, MYC IP | IFNG - K562 cells, 6 h, MYC IP | IFNG - K562 cells, 30 min",,,
STAT3,ACOT8,leukocytes,"STAT3 IP - SU-DHL-4, STAT3 IP - SU-DHL-6, STAT3 IP - SU-DHL-2, STAT3 IP - OCI-LY7",,,
GABPA,ACOT8,prostate,"GABPA IP | R1881, GABPA IP - Rep 2, GABPA IP - Rep 1",,,
R1881,ACOT8,prostate,"GABPA IP | R1881, CON KD + R1881 | FOXA1 ChIP-Seq - Rep 1, CON KD + R1881 | FOXA1 ChIP-Seq - Rep 2, GATA2 KD + R1881 | FOXA1 ChIP-Seq, CON KD + R1881 | FOXA1 ChIP-Seq, PIAS1 + R1881 | FOXA1 ChIP-Seq - Rep 2, PIAS1 + R1881 | FOXA1 ChIP-Seq - Rep 1, R1881 | FOXA1 ChIP-Seq - Rep 1",,,
SOX2,ACOT8,stemcells,"SOX2 IP - Rep 2 , SOX2 IP - Rep 3 , SOX2 IP - Rep 2, SOX2 IP",,,
FOXA1,ACOT8,prostate,"CON KD + R1881 | FOXA1 ChIP-Seq - Rep 1, FOXA1 ChIP-Seq - Rep 1, CON KD | FOXA1 ChIP-Seq, FOXA1 KD | FOXA1 ChIP-Seq, FOXA1 ChIP-Seq, EtOH | FOXA1 ChIP-Seq - , GATA2 KD  | FOXA1 ChIP-Seq, FOXA1 ChIP-Seq - Rep 2, CREB1 siRNA | FOXA1 ChIP-Seq - Rep 1, CON KD | FOXA1 ChIP-Seq, DHT | FOXA1 ChIP-Seq, DHT | FOXA1 ChIP-Seq, FOXA1 ChIP-Seq - Rep 2, CON KD + R1881 | FOXA1 ChIP-Seq - Rep 2, FOXA1 ChIP-Seq - LNCaP-abl, GATA2 KD + R1881 | FOXA1 ChIP-Seq, FOXA1 siRNA | CREB1 ChIP-Seq - Rep 1, CON KD + R1881 | FOXA1 ChIP-Seq, PIAS1 + R1881 | FOXA1 ChIP-Seq - Rep 2, CREB1 siRNA | FOXA1 ChIP-Seq - Rep 2, FOXA1 KD | FOXA1 ChIP-Seq, PIAS1 + R1881 | FOXA1 ChIP-Seq - Rep 1, FOXA1 ChIP-Seq, WT AR OE + FOXA1 OE | FOXA1 ChIP-Seq - high FOXA1, FOXA1 ChIP-Seq, CON KD  | FOXA1 ChIP-Seq, R1881 | FOXA1 ChIP-Seq - Rep 1, FOXA1 ChIP-Seq, FOXA1 siRNA | CREB1 ChIP-Seq - Rep 2, FOXA1 ChIP-Seq - Rep 1, CON KD | FOXA1 ChIP-Seq",,,
KLF11,ACOT8,adiposetissue,"ROSI (BrAT) | KLF11 ChIP-Seq, Rep 2, KLF11 ChIP-Seq, Rep 2, ROSI (BrAT) | KLF11 ChIP-Seq, Rep 1, KLF11 ChIP-Seq, Rep 1",,,
ROSI,ACOT8,adiposetissue,"ROSI (BrAT) | KLF11 ChIP-Seq, Rep 2, ROSI (BrAT) | KLF11 ChIP-Seq, Rep 1",,,
SIX5,ACOT8,leukocytes,SIX5 IP - GM12878 cells,,,
YY1,ACOT8,colon,YY1 IP - HCT116 cells,,,
MAX,ACOT8,uterus,"MAX IP - HeLa cells, Rep 1, MAX IP - ECC1 cells, MAX IP - HeLa cells, Rep 2",,,
SIX5,ACOT8,lung,SIX5 IP | DEX - A549 cells,,,
SREBF1,ACOT8,liver,SREBF1 IP | INS + 22RHC - HepG2 cells,,,
22RHC; INS,ACOT8,liver,SREBF1 IP | INS + 22RHC - HepG2 cells,,,
REST,ACOT8,leukocytes,"REST IP - GM12878 cells, Rep 14 , REST IP - HL60 cells, REST IP - K562 cells, REST IP - GM12878 cells, Rep 1, REST IP - GM12878 cells, Rep 16 ",,,
CEBPB,ACOT8,uterus,CEBPB ChIP-Seq - HeLaS3,,,
STAT1,ACOT8,leukocytes,"STAT1 IP - Rep 5, STAT1 IP - Rep 4, STAT1 IP - Rep 3, STAT1 IP - Rep 1, STAT1 IP - Rep 2",,,
MAFF,ACOT8,liver,MAFF IP - HepG2 cells,,,
GATA3,ACOT8,mammarygland,"GATA3 IP - T47D cells, GATA3 IP - MCF7 cells",,,
TEAD4,ACOT8,leukocytes,TEAD4 IP - K562 cells,,,
ELF1,ACOT8,liver,ELF1 IP - HepG2 cells,,,
SIX2,ACOT8,kidney,"SIX2 IP - 17 weeks, Rep 2, SIX2 IP - 17 weeks, Rep 1",,,
ZNF384,ACOT8,leukocytes,ZNF384 IP - K562 cells,,,
MAX,ACOT8,lung,MAX IP - A549 cells,,,
OTX2,ACOT8,stemcells,"OTX2 IP - Rep 10 , OTX2 IP - Rep 2 , OTX2 IP - Rep 8 , OTX2 IP - Rep 5 ",,,
ERG,ACOT8,prostate,"CON KD | ERG ChIP-Seq, ERG ChIP-Seq, DHT | ERG ChIP-Seq - 18 h, DHT | ERG ChIP-Seq - 2 h, JQI | ERG ChIP-Seq - Rep 2, DMSO | ERG ChIP-Seq - Rep 1, ERG ChIP-Seq, JQI | ERG ChIP-Seq - Rep 1, DMSO | ERG ChIP-Seq - Rep 2",,,
SP2,ACOT8,liver,SP2 IP - HepG2 cells,,,
UBTF,ACOT8,leukocytes,UBTF IP - K562 cells,,,
SRF,ACOT8,uterus,SRF IP - ECC1 cells,,,
MAZ,ACOT8,lung,MAZ IP - IMR cells,,,
DHT,ACOT8,prostate,"DHT | ERG ChIP-Seq - 18 h, DHT | FOXA1 ChIP-Seq, DHT | ERG ChIP-Seq - 2 h, DHT | FOXA1 ChIP-Seq, DHT | FOXP1 ChIP-Seq",,,
CEBPB,ACOT8,liver,"CEBPB ChIP-Seq - HepG2, CEBPB IP | FORSK - HepG2 cells, CEBPB IP - HepG2 cells",,,
SP2,ACOT8,stemcells,SP2 IP - H1 cells,,,
MAX,ACOT8,liver,"MAX IP - MCF7 cells, MAX IP - HepG2 cells, MAX IP - HepG2 cells",,,
JUN,ACOT8,leukocytes,"JUN IP - K562 cells, Rep 1",,,
SRF,ACOT8,mammarygland,SRF IP - MCF7 cells,,,
GATA2,ACOT8,prostate,"GATA2 KD  | FOXA1 ChIP-Seq, GATA2 KD + R1881 | FOXA1 ChIP-Seq, GATA2 ChIP-Seq, GATA2 ChIP-Seq - Rep 2",,,
USF1,ACOT8,liver,USF1 IP - HepG2 cells,,,
RELA,ACOT8,leukocytes,"RELA IP | TNF - GM18505 cells, RELA IP | BAY082  - IVD Th1 cells, PIA, RELA IP | TNF - GM12878 cells, RELA IP | TNF - GM12892 cells, RELA IP | TNF - GM19099 cells, RELA IP | TNF - GM15510 cells, RELA IP | TNF - GM10847 cells, RELA IP | TNF - GM12891 cells, RELA IP | TNF - GM18951 cells",,,
TNF,ACOT8,leukocytes,"RELA IP | TNF - GM18505 cells, RELA IP | TNF - GM12878 cells, RELA IP | TNF - GM12892 cells, RELA IP | TNF - GM15510 cells, RELA IP | TNF - GM10847 cells, RELA IP | TNF - GM12891 cells, RELA IP | TNF - GM18951 cells",,,
PBX3,ACOT8,leukocytes,PBX3 IP - GM12878 cells,,,
CREB1,ACOT8,prostate,"CREB1 ChIP-Seq - Rep 1, CREB1 siRNA | FOXA1 ChIP-Seq - Rep 1, FOXA1 siRNA | CREB1 ChIP-Seq - Rep 1, CREB1 ChIP-Seq - LNCaP, CREB1 ChIP-Seq - LNCaP-abl, CREB1 siRNA | FOXA1 ChIP-Seq - Rep 2, CREB1 ChIP-Seq - Rep 2, FOXA1 siRNA | CREB1 ChIP-Seq - Rep 2",,,
GABPA,ACOT8,uterus,GABPA IP - HeLa cells,,,
GABPA,ACOT8,liver,"GABPA IP - MCF7 cells, GABPA IP, GABPA IP, GABPA IP - HepG2 cells, GABPA IP",,,
MYC,ACOT8,leukocytes,"MYC IP - NB4 cells, MYC IP | IFNA1 - K562 cells, 30 min, MYC IP | IFNG - K562 cells, 6 h, MYC IP | IFNG - K562 cells, 30 min, MYC IP | IFNA1 - K562 cells, 6 h, MYC IP - K562 cells, Rep 1, MYC IP - K562 cells, Rep 2",,,
E2F4,ACOT8,uterus,E2F4 IP - HeLa cells,,,
STAT1,ACOT8,uterus,"STAT1 IP | IFNG - HeLa cells, 30 min",,,
IFNG,ACOT8,uterus,"STAT1 IP | IFNG - HeLa cells, 30 min",,,
TCF7L2,ACOT8,mammarygland,TCF7L2 ChIP-Seq,,,
ELF1,ACOT8,cns,ELF1 IP - SK-N-SH cells,,,
YY1,ACOT8,cns,"YY1 IP - SK-N-SH cells, YY1 IP | ATRA - SK-N-SH cells",,,
BHLHE40,ACOT8,leukocytes,"BHLHE40 IP - K562 cells, BHLHE40 IP - GM12878 cells",,,
REST,ACOT8,uterus,REST IP - ECC1 cells,,,
ELF1,ACOT8,colon,ELF1 IP - HCT116 cells,,,
BAY082,ACOT8,leukocytes,"RELA IP | BAY082  - IVD Th1 cells, PIA",,,
NFKB1,ACOT8,leukocytes,NFKB1 IP - Rep 2,,,
SRF,ACOT8,liver,SRF IP - HepG2 cells,,,
POU2F2,ACOT8,leukocytes,POU2F2 IP - GM12878 cells,,,
IFNA1,ACOT8,leukocytes,"MYC IP | IFNA1 - K562 cells, 30 min, IRF1 IP | IFNA1-13 - K562 cells, 6 h, MYC IP | IFNA1 - K562 cells, 6 h",,,
MAFK,ACOT8,liver,"MAFK IP - HepG2 cells, Rep 2, MAFK IP - HepG2 cells, Rep 1",,,
ARID3A,ACOT8,leukocytes,ARID3A IP - K562 cells,,,
TBP,ACOT8,uterus,TBP IP - HeLa cells,,,
EGR1,ACOT8,liver,EGR1 IP - MCF7 cells,,,
ELF1,ACOT8,leukocytes,"ELF1 IP - SK-N-SH cells, ELF1 IP - SK-N-SH cells",,,
MTA3,ACOT8,leukocytes,MTA3 IP - GM12878 cells,,,
EBF1,ACOT8,leukocytes,"EBF1 IP - GM12878 cells, EBF1 IP - GM12878 cells",,,
HEY1,ACOT8,liver,HEY1 IP - HepG2 cells,,,
STAT5A,ACOT8,leukocytes,"STAT5A IP - K562 cells, STAT5A IP - GM12878 cells",,,
USF2,ACOT8,uterus,USF2 IP - HeLa cells,,,
REST,ACOT8,cns,"REST IP - SK cells, REST IP - PFSK1 cells, Rep 2, REST IP - U87 cells, REST IP - PFSK-N-SH cells1 cells, Rep 1, REST IP - SK-N-SH cells",,,
FOSL2,ACOT8,lung,FOSL2 IP - A549 cells,,,
FOS,ACOT8,mammarygland,"FOS IP | 4HT - MCF10A cells, 12 h, FOS IP | 4HT - MCF10A cells, 4 h",,,
CREB1,ACOT8,leukocytes,"CREB1 IP - K562 cells, CREB1 IP - GM12878 cells",,,
REST,ACOT8,liver,"REST IP - HepG2 cells, Rep 2, REST IP - HepG2 cells, Rep 1",,,
SMAD4,ACOT8,embryonictissue,SMAD4 IP - endoderm,21741376,,
BARX1,ACOT8,colon,BARX1 IP - Rep 1 ,,,
DEX,ACOT8,mammarygland,"DEX | FOXA1 ChIP-Seq - Rep 2, DEX | FOXA1 ChIP-Seq - Rep 2, DEX | FOXA1 ChIP-Seq - Rep 1, DEX | FOXA1 ChIP-Seq - Rep 1, DEX | FOXA1 ChIP-Seq - Rep 1, DEX | FOXA1 ChIP-Seq - Rep 2",,,
FOSL2,ACOT8,liver,FOSL2 IP - HepG2 cells,,,
TCF12,ACOT8,lung,TCF12 IP - A549 cells,,,
EGR1,ACOT8,leukocytes,EGR1 IP - K562 cells,,,
SMAD1,ACOT8,hspcs,SMAD1 IP - Rep 3,,,
E2F3,ACOT8,colon,E2F3 IP ,,,
SP1,ACOT8,stemcells,SP1 IP - H1 cells,,,
CREB1,ACOT8,liver,"CREB1 IP, CREB1 IP, CREB1 IP - HepG2 cells, CREB1 IP",,,
ATF2,ACOT8,colon,ATF2 IP ,,,
TBP,ACOT8,leukocytes,"TBP IP - GM12878 cells, TBP IP - K562 cells",,,
FOS,ACOT8,leukocytes,"FOS IP - GM12878 cells, FOS IP - K562 cells",,,
FORSK,ACOT8,liver,CEBPB IP | FORSK - HepG2 cells,,,
ATF2,ACOT8,leukocytes,ATF2 IP - GM12878 cells,,,
STAT3,ACOT8,uterus,STAT3 IP - HeLa cells,,,
CREB1,ACOT8,stemcells,CREB1 IP - H1 cells,,,
JQ1,ACOT8,prostate,"JQI | ERG ChIP-Seq - Rep 2, JQI | ERG ChIP-Seq - Rep 1",,,
ATRA,ACOT8,cns,"YY1 IP | ATRA - SK-N-SH cells, USF1 IP | ATRA - SK-N-SH cells",,,
JUND,ACOT8,cns,JUND IP - SK-N-SH cells ,,,
ZBTB7A,ACOT8,leukocytes,ZBTB7A IP - SK-N-SH cells,,,
BCL3,ACOT8,lung,BCL3 IP - A549 cells,,,
HEY1,ACOT8,leukocytes,HEY1 IP - K562 cells,,,
MXI1,ACOT8,cns,MXI1 IP - SK-N-SH cells ,,,
TAL1,ACOT8,colon,TAL1 IP ,,,
ATF3,ACOT8,colon,"ATF3 IP | CAMPTO, ATF3 IP - HCT116 cells",,,
IRF3,ACOT8,leukocytes,IRF3 IP - GM12878 cells,,,
MAX,ACOT8,stemcells,MAX IP - H1 cells,,,
GTF2B,ACOT8,uterus,GTF2B IP - Rep 2,,,
ELF3,ACOT8,pancreas,"ELF3 IP, ELF3 IP, ELF3 IP | KLF5 KO",,,
YY1,ACOT8,uterus,YY1 IP - ECC1 cells,,,
KLF5,ACOT8,pancreas,"KLF5 IP, ELF3 IP | KLF5 KO",,,
MAZ,ACOT8,leukocytes,"MAZ IP - GM12878 cells, MAZ IP - K562 cells",,,
ATF1,ACOT8,leukocytes,ATF1 IP - K562 cells,,,
FOXA2,ACOT8,liver,FOXA2 IP - HepG2 cells,19822575,,
GATA2,ACOT8,leukocytes,"GATA2 IP - K562 cells, GATA2 IP - K562 cells",,,
ELF1,ACOT8,mammarygland,ELF1 IP - MCF7 cells,,,
MXI1,ACOT8,uterus,MXI1 IP - HeLa cells,,,
EGR1,ACOT8,stemcells,EGR1 IP - H1 cells,,,
NFYA,ACOT8,uterus,NFYA IP - HeLa cells,,,
STAT5B,ACOT8,leukocytes,STAT5B IP | IL2 - Rep 2,,,
IL2,ACOT8,leukocytes,STAT5B IP | IL2 - Rep 2,,,
SP1,ACOT8,leukocytes,"SP1 IP - K562 cells, SP1 IP - GM12878 cells",,,
JUN,ACOT8,colon,JUN IP ,,,
E2F1,ACOT8,prostate,"HES6 OE + BICALU | E2F1 ChIP-Seq - Rep 1, HES6 OE | E2F1 ChIP-Seq - Rep 1, E2F1 ChIP-Seq - Rep 4, E2F1 ChIP-Seq - Rep 1, HES6 OE + BICALU | E2F1 ChIP-Seq - Rep 3",,,
BICALU,ACOT8,prostate,"HES6 OE + BICALU | E2F1 ChIP-Seq - Rep 1, HES6 OE + BICALU | E2F1 ChIP-Seq - Rep 3",,,
HES6,ACOT8,prostate,"HES6 OE + BICALU | E2F1 ChIP-Seq - Rep 1, HES6 OE | E2F1 ChIP-Seq - Rep 1, HES6 OE + BICALU | E2F1 ChIP-Seq - Rep 3",,,
NFYA,ACOT8,leukocytes,"NFYA IP - GM12878 cells, NFYA IP - K562 cells",,,
SP1,ACOT8,lung,SP1 IP - A549 cells,,,
RUNX1,ACOT8,hspcs,"RUNX1, RUNX1 IP",,,
ERG,ACOT8,leukocytes,ERG IP - Rep 1,,,
ROSI,ACOT8,leukocytes,ROSI | SPI1 ChIP-Seq,,,
JUN,ACOT8,mammarygland,"JUN IP - Rep 1, JUN IP - Rep 2",,,
GATA4,ACOT8,stomach,GATA4 IP - AGS,,,
HOXA4,ACOT8,colon,HOXA4 IP ,,,
FOXH1,ACOT8,embryonictissue,FOXH1 IP - endoderm,,,
THAP1,ACOT8,leukocytes,THAP1 IP - K562 cells,,,
JUND,ACOT8,colon,JUND IP - HCT116 cells,,,
ELK1,ACOT8,leukocytes,"ELK1 IP - K562 cells, ELK1 IP - GM12878 cells",,,
SP2,ACOT8,leukocytes,SP2 IP - K562 cells,,,
IRF1,ACOT8,pancreas,IRF1 IP,,,
RELA,ACOT8,colon,RELA IP ,,,
MAX,ACOT8,colon,MAX IP - HCT116 cells,,,
FOXA2,ACOT8,lung,FOXA2 IP - A549 cells,,,
ETS1,ACOT8,leukocytes,"ETS1 IP - GM12878 cells, ETS1 IP",,,
MXI1,ACOT8,stemcells,MXI1 IP - H1 cells,,,
MXI1,ACOT8,lung,MXI1 IP - IMR cells,,,
JUND,ACOT8,liver,"JUND IP - HepG2 cells, JUND IP - HepG2 cells",,,
USF1,ACOT8,cns,USF1 IP | ATRA - SK-N-SH cells,,,
FOXM1,ACOT8,leukocytes,FOXM1 IP - GM12878 cells,,,
ZBTB7A,ACOT8,liver,ZBTB7A IP - HepG2 cells,,,
NFYA,ACOT8,colon,NFYA IP ,,,
HOXA6,ACOT8,colon,HOXA6 IP ,,,
CDX2,ACOT8,colon,CDX2 IP | 125DVD3,,,
125DVD3,ACOT8,colon,CDX2 IP | 125DVD3,,,
GATA2,ACOT8,cns,GATA2 ChIP-Seq SH-SY5Y,,,
RBPJ,ACOT8,leukocytes,"RBPJ IP | COMPE - wash, RBPJ IP | COMPE",,,
COMPE,ACOT8,leukocytes,"RBPJ IP | COMPE - wash, RBPJ IP | COMPE",,,
FOXA1,ACOT8,liver,"FOXA1 IP - HepG2 cells, Rep 1, FOXA1 IP - HepG2 cells, Rep 2",,,
CREB1,ACOT8,lung,"CREB1 IP | DEX - A549 cells, CREB1 IP - A549 cells, Rep 2",,,
DEX,ACOT8,lung,"CREB1 IP | DEX - A549 cells, USF1 IP | DEX - A549 cells, FOXA1 IP | DEX - A549 cells",,,
PAX5,ACOT8,leukocytes,"PAX5 IP - GM12878 cells, Rep 2",,,
YY1,ACOT8,lung,YY1 IP - A549 cells,,,
PIAS1,ACOT8,prostate,"PIAS1 + R1881 | FOXA1 ChIP-Seq - Rep 2, PIAS1 + R1881 | FOXA1 ChIP-Seq - Rep 1",,,
JUND,ACOT8,mammarygland,JUND IP - T47D cells,,,
E2F1,ACOT8,mammarygland,E2F1 IP,,,
TBP,ACOT8,liver,TBP IP - HepG2 cells,,,
REST,ACOT8,stemcells,"REST IP - H1 cells, Rep 1",,,
ZNF143,ACOT8,leukocytes,"ZNF143 IP - HPB-ALL, ZNF143 IP - GM12878 cells, ZNF143 IP - K562 cells",,,
JUNB,ACOT8,colon,JUNB IP ,,,
ELK4,ACOT8,uterus,ELK4 IP - HeLa cells,,,
E2F6,ACOT8,leukocytes,E2F6 IP - K562 cells,,,
IRF4,ACOT8,leukocytes,"IRF4 IP - GM12878 cells, IRF4 IP",,,
PDX1,ACOT8,pancreas,PDX1 IP,,,
ELK1,ACOT8,uterus,"ELK1 IP - HeLa cells, ELK1 IP - HeLa",,,
FOXA1,ACOT8,lung,"FOXA1 IP - A549 cells, FOXA1 IP | DEX - A549 cells",,,
TEAD4,ACOT8,liver,TEAD4 IP - HepG2 cells,,,
NFYB,ACOT8,leukocytes,"NFYB IP - K562 cells, NFYB IP - GM12878 cells",,,
E2F4,ACOT8,leukocytes,E2F4 IP - K562 cells,,,
BHLHE40,ACOT8,liver,BHLHE40 IP - HepG2 cells,,,
GABPA,ACOT8,lung,GABPA IP - A549 cells,,,
REST,ACOT8,lung,REST IP - A549 cells,,,
CEBPB,ACOT8,colon,CEBPB IP - HCT116 cells,,,
AR,ACOT8,prostate,WT AR OE + FOXA1 OE | FOXA1 ChIP-Seq - high FOXA1,,,
GATA3,ACOT8,cns,GATA3 IP - SK-N-SH cells,,,
FOXA2,ACOT8,embryonictissue,"FOXA2 IP - Rep 2, FOXA2 IP - Rep 1",,,
MAZ,ACOT8,liver,MAZ IP - HepG2 cells,,,
SRF,ACOT8,leukocytes,SRF IP - SK-N-SH cells,,,
GLI2,ACOT8,colon,GLI2 IP ,,,
NFYC,ACOT8,colon,NFYC IP ,,,
GTF2F1,ACOT8,uterus,GTF2F1 IP - HeLa cells,,,
IRF1,ACOT8,colon,IRF1 IP ,,,
STAT2,ACOT8,colon,STAT2 IP ,,,
JUND,ACOT8,lung,JUND IP - A549 cells,,,
TP53,ACOT8,mammarygland,TP53 IP,,,
NFYB,ACOT8,uterus,NFYB IP - HeLa cells,,,
JUND,ACOT8,vasculature,JUND IP,,,
ETV5,ACOT8,colon,ETV5 IP ,,,
TAL1,ACOT8,leukocytes,TAL1 IP - K562 cells,,,
ZNF143,ACOT8,uterus,"ZNF143 IP - HeLa, Rep 1, ZNF143 IP - HeLa cells",,,
YY1,ACOT8,liver,YY1 IP - HepG2 cells,,,
ARID3A,ACOT8,liver,ARID3A IP - HepG2 cells,,,
TCF12,ACOT8,stemcells,TCF12 IP - H1 cells,,,
RUNX1,ACOT8,leukocytes,"SPI1 IP | RUNX1 KD, RUNX1 IP",,,
MAFF,ACOT8,leukocytes,MAFF IP - K562 cells,,,
CREB1,ACOT8,uterus,CREB1 IP - ECC1 cells,,,
GABPA,ACOT8,cns,GABPA IP - SK-N-SH cells,,,
FOS,ACOT8,uterus,FOS IP - HeLa cells,,,
TCF7L2,ACOT8,uterus,TCF7L2 IP - HeLa cells,,,
FOSL1,ACOT8,mammarygland,FOSL1 IP,,,
REST,ACOT8,mammarygland,REST IP - MCF7 cells,,,
MAFK,ACOT8,lung,MAFK IP - IMR cells,,,
GATA1,ACOT8,hspcs,"GATA1 IP - PBDE cells, Rep 1",,,
ELF1,ACOT8,lung,ELF1 IP - A549 cells,,,
FOSL1,ACOT8,leukocytes,FOSL1 IP - K562 cells,,,
CTCF,ACOT8,leukocytes,"CTCF IP, CTCF IP - K562 cells",,,
ZNF143,ACOT8,stemcells,ZNF143 IP - H1 cells,,,
USF1,ACOT8,lung,USF1 IP | DEX - A549 cells,,,
ZEB1,ACOT8,liver,ZEB1 IP - HepG2 cells,,,
BATF,ACOT8,leukocytes,BATF IP - GM12878 cells,,,
CREB1,ACOT8,colon,CREB1 IP ,,,
JUN,ACOT8,vasculature,JUN IP - HUVEC cells,,,
MAFK,ACOT8,leukocytes,MAFK IP - K562 cells,,,
SP1,ACOT8,colon,SP1 IP - HCT116 cells,,,
ETS1,ACOT8,lung,ETS1 IP - A549 cells,,,
MAFK,ACOT8,uterus,MAFK IP - HeLa cells,,,
MAX,ACOT8,cns,MAX IP - SK-N-SH cells,,,
USF1,ACOT8,colon,USF1 IP - HCT116 cells,,,
TCF12,ACOT8,cns,TCF12 IP - SK-N-SH cells,,,
MXI1,ACOT8,liver,MXI1 IP - HepG2 cells,,,
PBX3,ACOT8,cns,PBX3 IP - SK-N-SH cells,,,
SP1,ACOT8,liver,SP1 IP - HepG2 cells,,,
JUND,ACOT8,uterus,JUND IP - HeLa cells,,,
ZNF263,ACOT8,kidney,ZNF263 IP - HEK293 cells,,,
YY1,ACOT8,stemcells,YY1 IP - H1 cells,,,
JUND,ACOT8,leukocytes,JUND IP - K562 cells,,,
TCF12,ACOT8,uterus,TCF12 IP - ECC1 cells,,,
FOXP1,ACOT8,prostate,DHT | FOXP1 ChIP-Seq,,,
E2F4,ACOT8,mammarygland,E2F4 IP | 4HT - MCF10 cells,,,
GATA6,ACOT8,stomach,GATA6 IP - YCC3,,,
TP53,ACOT8,lung,"TP53 IP - propapoptic, Rep 1",,,
ZNF83,ACOT8,colon,ZNF83 IP ,,,
SRF,ACOT8,colon,SRF IP - HCT116 cells,,,
TCF12,ACOT8,liver,TCF12 IP - HepG2 cells,,,
GABPA,ACOT8,stemcells,GABPA IP - H1 cells,,,
PBX3,ACOT8,lung,PBX3 IP - A549 cells,,,
TBP,ACOT8,stemcells,TBP IP - H1 cells,,,
CTCF,ACOX2,leukocytes,"CTCF IP - GM12154 cells, Rep 1, CTCF IP - GM2588 cells, Rep 2 , CTCF IP - K562 cells, Rep 1 , CTCF IP - MS1 cells, Rep 3 , CTCF IP - GM2630 cells, Rep 2 , CTCF IP - GM11992 cells, Rep 2, CTCF IP - GM12866 cells , CTCF IP - GM12874 cells, CTCF IP - GM12891 cells, Rep 1 , CTCF IP - K562 cells, Rep 11 , CTCF IP - GM2255 cells, Rep 2 , CTCF IP - MS1 cells, Rep 4 , CTCF IP - GM11992 cells, Rep 1, CTCF IP - HL-60 cells, Rep 3 , CTCF IP - F36P cells, Rep 5 , CTCF IP - UT-7 cells, Rep 4 , CTCF IP - F36P cells, Rep 6 , CTCF IP - GM12801 cells , CTCF IP - F36P cells, Rep 1 , CTCF IP - GM18526 cells, Rep 2 , CTCF IP - GM18505 cells, Rep 2 , CTCF IP - GM18486 cells, Rep 2 , CTCF IP - GM12865 cells, Rep 3 , CTCF IP - GM11811 cells, Rep 2, CTCF IP - UT-7 cells, Rep 1 , CTCF IP - GM18486 cells, Rep 1 , CTCF IP - KU812 cells, Rep 1 , CTCF IP - GM12869 cells , CTCF IP - HL-60 cells, Rep 7 , CTCF IP - U-937 cells, Rep 1 , CTCF IP - GM18951 cells, Rep 2 , CTCF IP - GM2610 cells, Rep 1 , CTCF IP - UT-7 cells, Rep 2 , CTCF IP - GM12892 cells, Rep 1 , CTCF IP - GM06990 cells, Rep 1 , CTCF IP - GM11894 cells, Rep 1, CTCF IP - GM2588 cells, Rep 3 , CTCF IP - KU812 cells, Rep 9 , CTCF IP - GM12865 cells, Rep 2 , CTCF IP - K562 cells, Rep 16 , CTCF IP - GM12878 cells , CTCF IP - GM12875 cells, Rep 2 , CTCF IP - GM12815 cells, Rep 2, CTCF IP - F36P cells, Rep 7 , CTCF IP - GM18526 cells, Rep 1 , CTCF IP - GM12814 cells, Rep 1, CTCF IP - GM19193 cells, Rep 2 , CTCF IP - GM19193 cells, Rep 1 , CTCF IP - GM12006 cells, Rep 1, CTCF IP - NB4 cells , CTCF IP - F36P cells, Rep 11 , CTCF IP - F36P cells, Rep 3 , CTCF IP - GM11881 cells, CTCF IP - GM12892 cells, Rep 2 , CTCF IP - HeLa cells, Rep 2 , CTCF IP -  CD20+ cells , CTCF IP - GM06986 cells, CTCF IP - GM12828 cells, CTCF IP - GM12872 cells, Rep 2 , CTCF IP - F36P cells, Rep 18 , CTCF IP - GM12890 cells, Rep 1 , CTCF IP - GM12873 cells, Rep 1 , CTCF IP - GM18486 cells, Rep 3 , CTCF IP - F36P cells, Rep 19 , CTCF IP - GM12005 cells, Rep 1, CTCF IP - GM12865 cells, Rep 1 , CTCF IP - GM12868 cells , CTCF IP - GM11894 cells, Rep 2, CTCF IP - K562 cells, Rep 14 , CTCF IP - GM12864 cells, Rep 3 , CTCF IP - GM2588 cells, Rep 1 , CTCF IP - GM12005 cells, Rep 2, CTCF IP - GM12155 cells, Rep 2, CTCF IP - F36P cells, Rep 17 , CTCF IP - GM12874 cells, Rep 2 , CTCF IP - GM12864 cells, Rep 2 , CTCF IP - GM19238 cells, Rep 1 , CTCF IP - GM11811 cells, Rep 1, CTCF IP - HL , CTCF IP - GM12234 cells, CTCF IP - GM2255 cells, Rep 1 , CTCF IP - GM12890 cells, Rep 2 , CTCF ChIP-Seq - GM12878, CTCF IP - CD14+ cells , CTCF IP - GM12874 cells, Rep 1 , CTCF IP - HL-60 cells, Rep 5 , CTCF IP - GM12814 cells, Rep 2, CTCF IP - GM19240 cells, Rep 2 , CTCF IP - KU812 cells, Rep 5 , CTCF IP - K562 cells, Rep 15 , CTCF IP - GM12878 cells, Rep 2 , CTCF IP - GM12749 cells, Rep 2, CTCF IP - K562 cells, CTCF IP - GM19238 cells, Rep 2 , CTCF IP - GM12287 cells, Rep 2, CTCF IP - GM12878 cells, Rep 1 , CTCF IP - GM2610 cells, Rep 2 , CTCF IP - GM12489 cells, Rep 1, CTCF IP - GM12287 cells, Rep 1, CTCF IP - GM12867 cells , CTCF IP - GM12870 cells , CTCF IP - F36P cells, Rep 14 , CTCF IP - GM07037 cells, CTCF IP - GM12873 cells, Rep 1 , CTCF IP - GM2255 cells, Rep 3 , CTCF IP - GM12749 cells, Rep 1, CTCF IP - GM12006 cells, Rep 2, CTCF IP - GM12872 cells, Rep 3 , CTCF IP - GM10847 cells, Rep 1 , CTCF IP - F36P cells, Rep 10 , CTCF IP - UT-7 cells, Rep 6 , CTCF IP - K562 cells, Rep 13 , CTCF IP - GM2630 cells, Rep 3 , CTCF IP - GM12890 cells, Rep 3 , CTCF IP - GM11994 cells, Rep 2, CTCF IP - MS1 cells, Rep 1 , CTCF IP - GM18951 cells, Rep 1 , CTCF IP - GM12154 cells, Rep 2, CTCF IP, CTCF IP - K562 cells, CTCF IP - GM12875 cells, Rep 1 , CTCF IP - F36P cells, Rep 2 , CTCF IP - GM12489 cells, Rep 2, CTCF IP - GM12864 cells, Rep 1 , CTCF IP - GM2630 cells, Rep 1 , CTCF IP - GM19240 cells, Rep 1 , CTCF IP - K562 cells, Rep 12 , CTCF IP - GM12873 cells, Rep 3 , CTCF IP - GM2610 cells, Rep 3 , CTCF IP - MS1 cells, Rep 2 , CTCF IP - HL-60 cells, Rep 9 , CTCF IP - GM07346 cells, CTCF IP -  DND , CTCF IP - GM19099 cells, Rep 2 , CTCF IP - GM19099 cells, Rep 1 , CTCF IP - K562 cells, Rep 2 , CTCF IP - U-937 cells, Rep 2 , CTCF IP - GM12872 cells, CTCF IP - GM06990 cells, Rep 2 , CTCF IP - GM12871 cells , CTCF IP - UT-7 cells, Rep 3 , CTCF IP - GM18505 cells, Rep 1 , CTCF IP - GM11831 cells, CTCF IP - GM12891 cells, Rep 2 , CTCF IP - GM19239 cells, Rep 2 , CTCF IP - KU812 cells, Rep 13 , CTCF IP - KU812 cells, Rep 17 , CTCF IP - GM10847 cells, Rep 2 , CTCF IP - GM12878 cells, Rep 2 , CTCF IP - GM12878 cells, Rep 1 , CTCF IP - GM12872 cells, Rep 1 , CTCF IP - UT-7 cells, Rep 5 , CTCF IP - GM11994 cells, Rep 1, CTCF IP - K562 cells , CTCF IP - GM19239 cells, Rep 1 , CTCF IP - F36P cells, Rep 15 , CTCF IP - GM12815 cells, Rep 1",,,
CEBPB,ACOX2,stemcells,"CEBPB IP, CEBPB IP, CEBPB IP, CEBPB IP, CEBPB IP, CEBPB IP, CEBPB IP, CEBPB IP, CEBPB IP, CEBPB IP",,,
CTCF,ACOX2,cns,"CTCF IP - SK-N-SH cells , CTCF IP - HCPEpiC cells, Rep 1 , CTCF IP - BE(2)-C cells, Rep 2 , CTCF IP - SK cells, CTCF IP - NHA cells , CTCF IP - SK-N-SH cells, Rep 1 , CTCF IP - spinal cord astrocyte cells, Rep 1 , CTCF IP - spinal cord astrocyte cells, Rep 2 , CTCF IP - cerebellar astrocyte cells, Rep 1 , CTCF IP - SK-N-SH cells, Rep 2 , CTCF IP - HCPEpiC cells, Rep 2 , CTCF IP - cerebellar astrocyte cells, Rep 2 , CTCF IP - BE(2)-C cells, Rep 1 ",,,
CTCF,ACOX2,colon,"CTCF IP - Caco , CTCF IP - HCT116 cells, Rep 2 , CTCF IP - Rep 1 , CTCF IP - HCT116 cells, CTCF IP - Rep 2 , CTCF IP - Caco-2 cells, Rep 1 , CTCF IP - HCT116 cells, Rep 1 , CTCF IP - Rep 3 ",,,
CTCF,ACOX2,megakaryocytelineage,"CTCF IP - MEG-01 cells, Rep 8 , CTCF IP - CHRF-288-11 cells, Rep 2 , CTCF IP - MEG-01 cells, Rep 6 , CTCF IP - MEG-01 cells, Rep 2 , CTCF IP - MEG-01 cells, Rep 4 , CTCF IP - MEG-01 cells, Rep 10 , CTCF IP - CHRF-288-11 cells, Rep 1 ",,,
CEBPB,ACOX2,liver,"CEBPB IP | FORSK - HepG2 cells, CEBPB IP - HepG2 cells, CEBPB ChIP-Seq - HepG2",,,
FORSK,ACOX2,liver,CEBPB IP | FORSK - HepG2 cells,,,
CTCF,ACOX2,liver,"CTCF IP, CTCF IP - SK-N-SH cells, CTCF IP - HepG2 cells , CTCF IP - HepG2 cells, Rep 1 , CTCF IP - HepG2 cells, Rep 2 ",,,
CTCF,ACOX2,heart,"CTCF IP - myocytes cells, Rep 2 , CTCF IP - HCF cells , CTCF IP - myocytes cells, Rep 1 ",,,
CTCF,ACOX2,hspcs,"CTCF IP - HSPCs, Rep 1, CTCF IP - HEL 92.1.7 cells, Rep 8 , CTCF IP - HEL 92.1.7 cells, Rep 14 , CTCF IP - HEL 92.1.7 cells, Rep 5 , CTCF IP - Erythroid cells, Rep 2, CTCF IP - HEL 92.1.7 cells, Rep 7 , CTCF IP - HSPCs, Rep 2, CTCF IP - HEL 92.1.7 cells, Rep 2 , CTCF IP - Erythroid cells, Rep 1, CTCF IP - HEL 92.1.7 cells, Rep 11 ",,,
CEBPB,ACOX2,bone,CEBPB IP,,,
STAT1,ACOX2,uterus,"STAT1 IP | IFNG - HeLa cells, 30 min",,,
IFNG,ACOX2,uterus,"STAT1 IP | IFNG - HeLa cells, 30 min",,,
KLF11,ACOX2,adiposetissue,"KLF11 ChIP-Seq, Rep 2",,,
REST,ACOX2,cns,"REST IP - U87 cells, REST IP - SK cells, REST IP - SK-N-SH cells",,,
BHLHE40,ACOX2,leukocytes,"BHLHE40 IP - GM12878 cells, BHLHE40 IP - K562 cells",,,
CTCF,ACOX2,skin,"CTCF IP - NHDF cells, Rep 2 , CTCF IP - GM12878 cells, Rep 2 , CTCF IP - AG10803 cells, Rep 1 , CTCF IP - AG09309 cells, Rep 2 , CTCF IP - AG09309 cells, Rep 1 , CTCF IP - AG10803 cells, Rep 2 , CTCF IP - AG04449 cells, Rep 1 , CTCF IP - HFFC cells, Rep 1 , CTCF IP - NHDF cells , CTCF IP - NHDF cells, Rep 1 , CTCF IP - HFFC cells, Rep 2 , CTCF IP - HFFC cells, Rep 3 , CTCF IP - NHEK cells, Rep 2 , CTCF IP - BJ cells, Rep 2 , CTCF IP - BJ cells, Rep 1 , CTCF IP - NHEK cells , CTCF IP - AG04449 cells, Rep 2 ",,,
CTCF,ACOX2,sensory,"CTCF IP - WERI , CTCF IP - WERI-Rb-1- cells, Rep 1 , CTCF IP - HRPEpiC cells, Rep 1 , CTCF IP - HRPEpiC cells, Rep 2 ",,,
MAFK,ACOX2,colon,MAFK IP ,,,
MAX,ACOX2,liver,MAX IP - HepG2 cells,,,
TP53,ACOX2,bone,TP53 IP | TP53EE/RR OE,,,
FOXA1,ACOX2,prostate,"EtOH | FOXA1 ChIP-Seq - , DHT | FOXA1 ChIP-Seq, FOXA1 ChIP-Seq - Rep 2, CREB1 siRNA | FOXA1 ChIP-Seq - Rep 1, R1881 | FOXA1 ChIP-Seq - Rep 2, CON KD | FOXA1 ChIP-Seq, CON KD + R1881 | FOXA1 ChIP-Seq - Rep 2, FOXA1 KD | GATA2 ChIP-Seq, FOXA1 ChIP-Seq - LNCaP-abl, CON KD | FOXA1 ChIP-Seq, PIAS1 + R1881 | FOXA1 ChIP-Seq - Rep 2, PIAS1 + R1881 | FOXA1 ChIP-Seq - Rep 1, CON KD | FOXA1 ChIP-Seq, FOXA1 ChIP-Seq, CREB1 siRNA | FOXA1 ChIP-Seq - Rep 2, EtOH | FOXA1 ChIP-Seq - Rep 2, R1881 | FOXA1 ChIP-Seq - Rep 1, FOXA1 ChIP-Seq, FOXA1 ChIP-Seq - Rep 1, GATA2 KD  | FOXA1 ChIP-Seq, FOXA1 ChIP-Seq, FOXA1 ChIP-Seq, CON KD  | FOXA1 ChIP-Seq, DHT | FOXA1 ChIP-Seq - C4- Rep 2B, CON KD + R1881 | FOXA1 ChIP-Seq - Rep 1",25552417,,
CTCF,ACOX2,mammarygland,"CTCF IP - HMEC cells, Rep 1 , CTCF IP - T47D cells, CTCF IP - MCF-7 cells Rep 2 , CTCF IP - HMF cells, Rep 1 , CTCF IP - MCF7 cells, CTCF IP - MCF-7 cells, Rep 1 , CTCF IP - HMF cells, Rep 2 , CTCF IP - HMEC cells, Rep 2 , CTCF IP - HMEC cells ",,,
SPI1,ACOX2,leukocytes,"SPI1 IP, SPI1 IP, SPI1 IP - GM12878 cells, Rep 2 , SPI1 IP, SPI1 IP - U-937 cells, Rep 4 , SPI1 IP - GM12891 cells, SPI1 IP, SPI1 IP - U-937 cells, Rep 1 , SPI1 IP - GM12878 cells, SPI1 IP, SPI1 IP, SPI1 IP - U-937 cells, Rep 5 , SPI1 IP - HL cells, SPI1 IP - K562 cells, SPI1 IP",,,
ELF1,ACOX2,leukocytes,"ELF1 IP - SK-N-SH cells, ELF1 IP - SK-N-SH cells",,,
CTCF,ACOX2,kidney,"CTCF IP - HRE cells, Rep 2 , CTCF IP - HEK293 cells, Rep 2 , CTCF IP - RPTEC cells, Rep 1 , CTCF IP - HEK293 cells, Rep 1 , CTCF IP - HRE cells, Rep 1 , CTCF IP - RPTEC cells, Rep 2 ",,,
POU2F2,ACOX2,leukocytes,POU2F2 IP - GM12878 cells,,,
STAT3,ACOX2,leukocytes,"STAT3 IP - OCI-LY10, STAT3 IP - U-2932, STAT3 IP - SU-DHL-4, STAT3 IP - SU-DHL-6",,,
MYBL2,ACOX2,liver,MYBL2 IP - HepG2 cells,,,
RELA,ACOX2,leukocytes,"RELA IP | TNF - GM18505 cells, RELA IP - IVD Th1 cells, PIA, RELA IP | TNF - GM10847 cells, RELA IP | TNF - GM12891 cells, RELA IP | TNF - GM12892 cells, RELA IP | TNF - GM19099 cells, RELA IP | TNF - GM15510 cells, RELA IP | TNF - GM19193 cells, RELA IP | TNF - GM18951 cells",,,
TNF,ACOX2,leukocytes,"RELA IP | TNF - GM18505 cells, RELA IP | TNF - GM10847 cells, RELA IP | TNF - GM12891 cells, RELA IP | TNF - GM12892 cells, RELA IP | TNF - GM15510 cells, RELA IP | TNF - GM19193 cells, RELA IP | TNF - GM18951 cells",,,
FOXA2,ACOX2,embryonictissue,"FOXA2 IP - Rep 1, FOXA2 IP - Rep 2",,,
CTCF,ACOX2,lung,"CTCF IP - HPF cells, Rep 1 , CTCF IP - A549 cells, Rep 1 , CTCF IP - A549 cells , CTCF IP - NHLF cells , CTCF IP - SAEC cells, Rep 1 , CTCF IP - AG04450 cells, Rep 2 , CTCF IP - WI-38 cells, Rep 1 , CTCF IP - A549 cells, CTCF IP - IMR cells, CTCF IP - NHLF cells , CTCF IP - A549 cells, Rep 2 , CTCF IP - HPF cells, Rep 2 , CTCF ChIP-Seq - A549, CTCF IP - AG04450 cells, Rep 1 , CTCF IP | DEX - A549 cells , CTCF IP - WI-38 cells, Rep 2 , CTCF IP - SAEC cells, Rep 2 , CTCF IP | DEX - A549 cells",,,
CTCF,ACOX2,vasculature,"CTCF IP - HUVEC cells , CTCF IP - HBMEC cells, Rep 2 , CTCF IP - HBMEC cells, Rep 1 , CTCF IP - HUVEC cells, Rep 1 , CTCF IP - AoAFC cells, Rep 2 , CTCF IP - HPAF cells, Rep 2 , CTCF IP - HPAF cells, Rep 1 , CTCF IP - HUVEC cells, Rep 2 , CTCF IP - AoAFC cells, Rep 1 ",,,
DHT,ACOX2,prostate,"DHT | FOXA1 ChIP-Seq, DHT | ERG ChIP-Seq - 18 h, DHT | ERG ChIP-Seq - 2 h, DHT | FOXA1 ChIP-Seq - C4- Rep 2B",,,
CTCF,ACOX2,stemcells,"CTCF IP - H1 cells, CTCF IP - Rep 2 , CTCF IP - Rep 4 , CTCF IP - Rep 5 , CTCF IP - H1 cells , CTCF IP - Rep 1 , CTCF IP - Rep 3 , CTCF IP - Rep 6 ",,,
ATF3,ACOX2,colon,ATF3 IP | CAMPTO,,,
SP1,ACOX2,liver,SP1 IP - HepG2 cells,,,
CREB1,ACOX2,prostate,"CREB1 siRNA | FOXA1 ChIP-Seq - Rep 1, CREB1 ChIP-Seq - LNCaP, CREB1 ChIP-Seq - LNCaP-abl, CREB1 siRNA | FOXA1 ChIP-Seq - Rep 2",,,
FOXA1,ACOX2,liver,"FOXA1 IP - HepG2 cells, Rep 2, FOXA1 IP - HepG2 cells, Rep 1",,,
RELA,ACOX2,adiposetissue,"RELA IP, RELA IP",,,
CEBPB,ACOX2,leukocytes,"CEBPB IP, CEBPB IP - K562 cells, CEBPB ChIP-Seq - K562, CEBPB IP, CEBPB IP | oxLDL  - Rep 208, CEBPB IP - HL-60 cells, Rep 2 , CEBPB IP - HL-60 cells, Rep 1 ",,,
FOS,ACOX2,mammarygland,"FOS IP | 4HT - MCF10A cells, 36 h, FOS IP | 4HT - MCF10A cells, 12 h, FOS IP | 4HT - MCF10A cells, 4 h",,,
4HT,ACOX2,mammarygland,"FOS IP | 4HT - MCF10A cells, 36 h, STAT3 IP | 4HT - MCF10 cells, 36 h, FOS IP | 4HT - MCF10A cells, 12 h, STAT3 IP | 4HT - MCF10 cells, 12 h, FOS IP | 4HT - MCF10A cells, 4 h",,,
YY1,ACOX2,leukocytes,"YY1 IP - K562 cells, Rep 1, YY1 IP - GM12891 cells, YY1 IP - K562 cells, Rep 2, YY1 IP - GM12878 cells, YY1 IP - GM12892 cells, Rep 1",,,
SRF,ACOX2,stemcells,"SRF IP - Rep 1 , SRF IP - Rep 7 , SRF IP - Rep 6 , SRF IP - Rep 5 , SRF IP - Rep 4 ",,,
STAT3,ACOX2,mammarygland,"STAT3 IP - MCF10A cells, Rep 2, STAT3 IP - MCF10A cells, Rep 1, STAT3 IP | 4HT - MCF10 cells, 36 h, STAT3 IP | 4HT - MCF10 cells, 12 h",,,
FOXA2,ACOX2,lung,FOXA2 IP - A549 cells,,,
SRF,ACOX2,colon,SRF IP - HCT116 cells,,,
CEBPB,ACOX2,colon,"CEBPB IP, CEBPB IP - HCT116 cells, CEBPB IP | 125DVD3",,,
R1881,ACOX2,prostate,"R1881 | FOXA1 ChIP-Seq - Rep 2, GABPA IP | R1881, CON KD + R1881 | FOXA1 ChIP-Seq - Rep 2, PIAS1 + R1881 | FOXA1 ChIP-Seq - Rep 2, PIAS1 + R1881 | FOXA1 ChIP-Seq - Rep 1, R1881 | FOXA1 ChIP-Seq - Rep 1, ERG IP | R1881, CON KD + R1881 | FOXA1 ChIP-Seq - Rep 1",,,
MAX,ACOX2,stemcells,MAX IP - H1 cells,,,
ERG,ACOX2,prostate,"ERG ChIP-Seq, DMSO | ERG ChIP-Seq - Rep 2, ERG ChIP-Seq, DHT | ERG ChIP-Seq - 18 h, DHT | ERG ChIP-Seq - 2 h, ERG IP | R1881, DMSO | ERG ChIP-Seq - Rep 1",,,
EGR1,ACOX2,colon,EGR1 IP - HCT116 cells,,,
YY1,ACOX2,stemcells,YY1 IP - H1 cells,,,
TCF12,ACOX2,leukocytes,TCF12 IP - GM12878 cells,,,
GABPA,ACOX2,prostate,"GABPA IP | R1881, GABPA IP - Rep 1",,,
MAFK,ACOX2,leukocytes,"MAFK IP - GM12878 cells, MAFK IP - K562 cells",,,
FOXA1,ACOX2,mammarygland,"FOXA1 IP - T47D cells, DHT | FOXA1 ChIP-Seq",,,
CDX2,ACOX2,colon,"CDX2 IP, CDX2 IP | 125DVD3",,,
YY1,ACOX2,uterus,YY1 IP - ECC1 cells,,,
ETS1,ACOX2,leukocytes,ETS1 IP,,,
CTCF,ACOX2,adiposetissue,"CTCF ChIP-Seq - d 9, CTCF ChIP-Seq - d -2, CTCF ChIP-Seq - d 0, CTCF ChIP-Seq - d 3",,,
PBX3,ACOX2,cns,PBX3 IP - SK-N-SH cells,,,
FOXA2,ACOX2,stemcells,"FOXA2 IP - Rep 1 , FOXA2 IP - Rep 5 , FOXA2 IP - ES D5, FOXA2 IP - ES D7",,,
ZEB1,ACOX2,liver,ZEB1 IP - HepG2 cells,,,
FOXA1,ACOX2,lung,"FOXA1 IP | DEX - A549 cells, FOXA1 IP - A549 cells",,,
DEX,ACOX2,lung,"FOXA1 IP | DEX - A549 cells, CTCF IP | DEX - A549 cells , CTCF IP | DEX - A549 cells",,,
ZNF143,ACOX2,leukocytes,"ZNF143 IP - GM12878 cells, ZNF143 IP - K562 cells",,,
MAX,ACOX2,colon,MAX IP - HCT116 cells,,,
FOXH1,ACOX2,embryonictissue,FOXH1 IP - endoderm,,,
MAX,ACOX2,leukocytes,"MAX IP - K562 cells, Rep 2, MAX IP - GM12878 cells, MAX IP - NB4 cells, MAX IP - K562 cells",,,
CREB1,ACOX2,liver,"CREB1 IP - HepG2 cells, CREB1 IP",,,
JUND,ACOX2,colon,JUND IP - HCT116 cells,,,
ZNF143,ACOX2,stemcells,ZNF143 IP - H1 cells,,,
TAL1,ACOX2,leukocytes,TAL1 IP - MOLT3,,,
EBF1,ACOX2,leukocytes,"EBF1 IP - GM12878 cells, EBF1 IP - GM12878 cells",,,
CTCF,ACOX2,placenta,"CTCF IP - HVMF cells, Rep 2 , CTCF IP - HVMF cells, Rep 1 ",,,
RUNX1,ACOX2,leukocytes,RUNX1 IP,,,
BCL3,ACOX2,lung,BCL3 IP - A549 cells,,,
MAFF,ACOX2,leukocytes,MAFF IP - K562 cells,,,
NFKB2,ACOX2,leukocytes,"NFKB2 IP - Rep 1, NFKB2 IP - Rep 2",,,
GATA2,ACOX2,prostate,"FOXA1 KD | GATA2 ChIP-Seq, GATA2 KD  | FOXA1 ChIP-Seq",,,
MAFK,ACOX2,stemcells,MAFK IP - H1 cells,,,
ZNF143,ACOX2,uterus,ZNF143 IP - HeLa cells,,,
FOSL1,ACOX2,colon,FOSL1 IP - HCT116 cells,,,
MAZ,ACOX2,leukocytes,"MAZ IP - K562 cells, MAZ IP - GM12878 cells",,,
GATA3,ACOX2,cns,GATA3 IP - SK-N-SH cells,,,
MAFK,ACOX2,liver,"MAFK IP - HepG2 cells, Rep 1, MAFK IP - HepG2 cells, Rep 2",,,
STAT1,ACOX2,leukocytes,"STAT1 IP - Rep 5, STAT1 IP - Rep 3, STAT1 IP - GM12878 cells, STAT1 IP - Rep 4, STAT1 IP - Rep 2",,,
IFNG,ACOX2,leukocytes,"STAT1 IP - Rep 5, STAT1 IP - Rep 3, MYC IP | IFNG - K562 cells, 30 min, STAT1 IP - Rep 4, STAT1 IP - Rep 2",,,
MAX,ACOX2,uterus,"MAX IP - HeLa cells, Rep 1, MAX IP - ECC1 cells",,,
NFATC1,ACOX2,leukocytes,NFATC1 IP - GM12878 cells,,,
MAZ,ACOX2,lung,MAZ IP - IMR cells,,,
GATA4,ACOX2,stomach,"GATA4 IP - AGS, GATA4 IP - YCC3",,,
YY1,ACOX2,colon,YY1 IP - HCT116 cells,,,
MYB,ACOX2,leukocytes,"MYB IP - MOLT3, MYB IP - Jurkat, Rep 5, MYB IP - Jurkat, Rep 4, MYB IP - Jurkat, Rep 2",,,
TCF7L2,ACOX2,mammarygland,TCF7L2 ChIP-Seq,,,
SP1,ACOX2,leukocytes,SP1 IP - GM12878 cells,,,
GATA6,ACOX2,stomach,"GATA6 IP - AGS, GATA6 IP - YCC3",,,
MYC,ACOX2,leukocytes,"MYC IP | IFNG - K562 cells, 30 min, MYC IP - NB4 cells",,,
PIAS1,ACOX2,prostate,"PIAS1 + R1881 | FOXA1 ChIP-Seq - Rep 2, PIAS1 + R1881 | FOXA1 ChIP-Seq - Rep 1",,,
PAX5,ACOX2,leukocytes,"PAX5 IP - GM12878 cells, Rep 1, PAX5 IP - GM12878 cells, Rep 2",,,
CREB1,ACOX2,stemcells,CREB1 IP - H1 cells,,,
YY1,ACOX2,cns,"YY1 IP - SK-N-SH cells, YY1 IP | ATRA - SK-N-SH cells",,,
CTCF,ACOX2,uterus,"CTCF IP - HeLa cells , CTCF IP - ECC1 cells, CTCF IP - HeLa cells, Rep 1 ",,,
MYC,ACOX2,mammarygland,DHT | MYC ChIP-Seq,,,
DHT,ACOX2,mammarygland,"DHT | MYC ChIP-Seq, DHT | FOXA1 ChIP-Seq",,,
FOXM1,ACOX2,leukocytes,FOXM1 IP - GM12878 cells,,,
GATA3,ACOX2,mammarygland,GATA3 IP - MCF7 cells,,,
GTF2F1,ACOX2,uterus,GTF2F1 IP - HeLa cells,,,
CEBPB,ACOX2,lung,"CEBPB IP - A549 cells, CEBPB ChIP-Seq - A549, CEBPB ChIP-Seq - IMR90",,,
CEBPA,ACOX2,leukocytes,"CEBPA IP, CEBPA IP - U-937 cells, Rep 1 ",,,
MXI1,ACOX2,cns,MXI1 IP - SK-N-SH cells ,,,
TEAD4,ACOX2,liver,TEAD4 IP - HepG2 cells,,,
MXI1,ACOX2,leukocytes,MXI1 IP - GM12878 cells,,,
125DVD3,ACOX2,colon,"CDX2 IP | 125DVD3, CEBPB IP | 125DVD3",,,
SIX2,ACOX2,kidney,"SIX2 IP - 17 weeks, Rep 1",,,
GATA3,ACOX2,lung,GATA3 IP - A549 cells,,,
CTCF,ACOX2,bone,"CTCF IP, CTCF IP - Osteoblasts ",,,
NFKB1,ACOX2,leukocytes,"NFKB1 IP - Rep 2, NFKB1 IP - Rep 1",,,
ELF1,ACOX2,colon,ELF1 IP - HCT116 cells,,,
MAZ,ACOX2,uterus,MAZ IP - HeLa cells,,,
MAFF,ACOX2,liver,MAFF IP - HepG2 cells,,,
ATRA,ACOX2,cns,"YY1 IP | ATRA - SK-N-SH cells, USF1 IP | ATRA - SK-N-SH cells",,,
ZBTB7A,ACOX2,leukocytes,ZBTB7A IP - SK-N-SH cells,,,
FOXA2,ACOX2,liver,FOXA2 IP - HepG2 cells,,,
JUND,ACOX2,uterus,JUND IP - HeLa cells,,,
GATA4,ACOX2,stemcells,GATA4 IP - Rep 10 ,,,
CTCF,ACOX2,miscellaneous,"CTCF IP - AG09319 cells, Rep 2 , CTCF IP - AG09319 cells, Rep 1 ",,,
TCF12,ACOX2,liver,TCF12 IP - HepG2 cells,,,
TAL1,ACOX2,colon,TAL1 IP ,,,
CTCF,ACOX2,skeletalmuscle,"CTCF IP - HSMM cells, Rep 1 , CTCF IP - HSMM cells, Rep 2 ",,,
MAX,ACOX2,cns,MAX IP - SK-N-SH cells,,,
JUND,ACOX2,leukocytes,JUND IP - K562 cells,,,
GATA2,ACOX2,leukocytes,GATA2 IP - K562 cells,,,
IRF4,ACOX2,leukocytes,"IRF4 IP, IRF4 IP - GM12878 cells",,,
MYC,ACOX2,bone,MYC IP,,,
SP1,ACOX2,colon,SP1 IP - HCT116 cells,,,
FOXA1,ACOX2,stemcells,"FOXA1 IP - ES D5, FOXA1 IP - Rep 5 ",,,
ATF2,ACOX2,leukocytes,ATF2 IP - GM12878 cells,,,
JUND,ACOX2,liver,"JUND IP - HepG2 cells, JUND IP - HepG2 cells",,,
TCF12,ACOX2,lung,TCF12 IP - A549 cells,,,
CTCF,ACOX2,pancreas,CTCF IP,,,
TP73,ACOX2,bone,"TP73 IP - alpha isoform, Rep 1",,,
LYL1,ACOX2,leukocytes,"LYL1 IP - Kasumi-1, LYL1 IP - HL-60",,,
MTA3,ACOX2,leukocytes,MTA3 IP - GM12878 cells,,,
IRF1,ACOX2,colon,IRF1 IP ,,,
TP53,ACOX2,mammarygland,TP53 IP,,,
SMAD1,ACOX2,hspcs,SMAD1 IP - Rep 3,,,
MAZ,ACOX2,liver,MAZ IP - HepG2 cells,,,
CEBPB,ACOX2,uterus,"CEBPB ChIP-Seq - HeLaS3, CEBPB IP - ECC1 cells",,,
SP1,ACOX2,lung,SP1 IP - A549 cells,,,
TCF12,ACOX2,cns,TCF12 IP - SK-N-SH cells,,,
TCF7L2,ACOX2,pancreas,TCF7L2 IP,,,
USF1,ACOX2,cns,USF1 IP | ATRA - SK-N-SH cells,,,
REST,ACOX2,liver,"REST IP - HepG2 cells, Rep 1",,,
RUNX1,ACOX2,hspcs,RUNX1,,,
TBP,ACOX2,liver,TBP IP - HepG2 cells,,,
MXI1,ACOX2,liver,MXI1 IP - HepG2 cells,,,
MEF2A,ACOX2,leukocytes,MEF2A IP - GM12878 cells,,,
BCL3,ACOX2,leukocytes,BCL3 IP - GM12878 cells,,,
CTCF,ACOX2,esophagus,"CTCF IP - HEEpiC cells, Rep 1 , CTCF IP - HEEpiC cells, Rep 2 ",,,
TCF12,ACOX2,stemcells,TCF12 IP - H1 cells,,,
CREB1,ACOX2,leukocytes,CREB1 IP - GM12878 cells,,,
GLI2,ACOX2,colon,GLI2 IP ,,,
MAFK,ACOX2,lung,MAFK IP - IMR cells,,,
HEY1,ACOX2,liver,HEY1 IP - HepG2 cells,,,
CEBPB,ACOX2,mammarygland,CEBPB IP - MCF7 cells,,,
FOSL2,ACOX2,liver,FOSL2 IP - HepG2 cells,,,
ELF1,ACOX2,liver,ELF1 IP - HepG2 cells,,,
TEAD4,ACOX2,leukocytes,TEAD4 IP - K562 cells,,,
MAFK,ACOX2,uterus,MAFK IP - HeLa cells,,,
GATA6,ACOX2,stemcells,GATA6 IP - Rep 1 ,,,
JUN,AKR1C4,vasculature,JUN IP,,,
CTCF,AKR1C4,mammarygland,"CTCF IP - MCF-7 cells, Rep 1 , CTCF IP - MCF7 cells, CTCF IP - MCF-7 cells Rep 2 , CTCF IP - T47D cells, CTCF IP - HMEC cells, Rep 1 ",,,
FOXA1,AKR1C4,prostate,"FOXA1 ChIP-Seq, CREB1 siRNA | FOXA1 ChIP-Seq - Rep 2, FOXA1 ChIP-Seq - Rep 1, AR C562S OE + FOXA1 OE | FOXA1 ChIP-Seq, DHT | FOXA1 ChIP-Seq, FOXA1 ChIP-Seq - Rep 2, CREB1 siRNA | FOXA1 ChIP-Seq - Rep 1, WT AR OE + FOXA1 OE | FOXA1 ChIP-Seq, WT AR OE + FOXA1 OE | FOXA1 ChIP-Seq - high FOXA1",,,
CEBPB,AKR1C4,leukocytes,"CEBPB IP - HL-60 cells, Rep 2 , CEBPB IP - K562 cells, CEBPB IP - HL-60 cells, Rep 1 , CEBPB ChIP-Seq - K562",,,
CTCF,AKR1C4,lung,"CTCF IP - A549 cells , CTCF ChIP-Seq - A549, CTCF IP - A549 cells, CTCF IP | DEX - A549 cells , CTCF IP - A549 cells, Rep 2 ",,,
CTCF,AKR1C4,megakaryocytelineage,"CTCF IP - MEG-01 cells, Rep 2 , CTCF IP - MEG-01 cells, Rep 4 , CTCF IP - MEG-01 cells, Rep 6 , CTCF IP - MEG-01 cells, Rep 8 ",,,
REST,AKR1C4,lung,REST IP - A549 cells,,,
CTCF,AKR1C4,leukocytes,"CTCF ChIP-Seq - GM12878, CTCF IP - K562 cells, CTCF IP - K562 cells, Rep 14 , CTCF IP - K562 cells , CTCF IP - K562 cells, CTCF IP - K562 cells, Rep 1 , CTCF IP - K562 cells, Rep 12 , CTCF IP - HeLa cells, Rep 2 ",,,
SPI1,AKR1C4,leukocytes,"SPI1 IP, SPI1 IP, SPI1 IP - HL cells, SPI1 IP, SPI1 IP, SPI1 IP - HL-60 cells, Rep 4 ",,,
CTCF,AKR1C4,stemcells,"CTCF IP - H1 cells , CTCF IP - Rep 5 , CTCF IP - Rep 6 , CTCF IP - H1 cells",,,
JUND,AKR1C4,vasculature,JUND IP,,,
TEAD4,AKR1C4,liver,TEAD4 IP - HepG2 cells,,,
CDX2,AKR1C4,colon,"CDX2 IP, CDX2 IP | 125DVD3",,,
CREB1,AKR1C4,prostate,"CREB1 siRNA | FOXA1 ChIP-Seq - Rep 2, CREB1 siRNA | FOXA1 ChIP-Seq - Rep 1",,,
FOXA1,AKR1C4,pancreas,"FOXA1 IP, FOXA1 IP",,,
CTCF,AKR1C4,uterus,CTCF IP - HeLa cells ,,,
GATA3,AKR1C4,lung,GATA3 IP - A549 cells,,,
CEBPB,AKR1C4,colon,"CEBPB IP, CEBPB IP | 125DVD3",,,
FOXA1,AKR1C4,lung,"FOXA1 IP | DEX - A549 cells, FOXA1 IP - A549 cells",,,
DEX,AKR1C4,lung,"FOXA1 IP | DEX - A549 cells, CTCF IP | DEX - A549 cells ",,,
AR,AKR1C4,prostate,"AR C562S OE + FOXA1 OE | FOXA1 ChIP-Seq, WT AR OE + FOXA1 OE | FOXA1 ChIP-Seq, WT AR OE + FOXA1 OE | FOXA1 ChIP-Seq - high FOXA1",,,
125DVD3,AKR1C4,colon,"CDX2 IP | 125DVD3, CEBPB IP | 125DVD3",,,
ELF3,AKR1C4,pancreas,ELF3 IP,,,
DHT,AKR1C4,prostate,DHT | FOXA1 ChIP-Seq,,,
CTCF,AKR1C4,cns,"CTCF IP - BE(2)-C cells, Rep 2 ",,,
KLF5,AKR1C4,stomach,KLF5 IP - KATOIII,,,
CTCF,AKR1C4,liver,"CTCF IP - HepG2 cells, Rep 1 ",,,
MAX,AKR1C4,liver,"MAX IP - MCF7 cells, MAX IP - HepG2 cells",,,
FOXA1,AKR1C4,mammarygland,"DEX | FOXA1 ChIP-Seq - Rep 1, FOXA1 IP - T47D cells, FOXA1 ChIP-Seq - Rep 1, 17BE2 | FOXA1 ChIP-Seq - Rep 1",,,
DEX,AKR1C4,mammarygland,DEX | FOXA1 ChIP-Seq - Rep 1,,,
CTCF,AKR1C4,kidney,"CTCF IP - RPTEC cells, Rep 2 , CTCF IP - HEK293 cells, Rep 1 , CTCF IP - HEK293 cells, Rep 2 , CTCF IP - RPTEC cells, Rep 1 ",,,
FOXA2,AKR1C4,liver,FOXA2 IP - HepG2 cells,,,
ARID3A,AKR1C4,liver,ARID3A IP - HepG2 cells,,,
FOSL2,AKR1C4,lung,FOSL2 IP - A549 cells,,,
FOSL2,AKR1C4,liver,FOSL2 IP - HepG2 cells,,,
CEBPB,AKR1C4,liver,"CEBPB ChIP-Seq - HepG2, CEBPB IP - HepG2 cells",,,
CEBPB,AKR1C4,stemcells,"CEBPB IP, CEBPB IP, CEBPB IP",,,
CEBPB,AKR1C4,lung,"CEBPB IP - A549 cells, CEBPB ChIP-Seq - A549",,,
SP1,AKR1C4,liver,SP1 IP - HepG2 cells,,,
CTCF,AKR1C4,colon,"CTCF IP - HCT116 cells, Rep 1 ",,,
FOXH1,AKR1C4,stemcells,FOXH1 ChIP-Seq - Escs,,,
FOS,AKR1C4,mammarygland,"FOS IP | 4HT - MCF10A cells, 4 h",,,
4HT,AKR1C4,mammarygland,"FOS IP | 4HT - MCF10A cells, 4 h",,,
MAX,AKR1C4,lung,MAX IP - A549 cells,,,
E2F6,AKR1C4,lung,E2F6 IP - A549 cells,,,
JUND,AKR1C4,liver,JUND IP - HepG2 cells,,,
MYBL2,AKR1C4,liver,MYBL2 IP - HepG2 cells,,,
FOXA2,AKR1C4,lung,FOXA2 IP - A549 cells,,,
HNF1B,AKR1C4,pancreas,HNF1B IP,,,
TCF12,AKR1C4,lung,TCF12 IP - A549 cells,,,
17BE2,AKR1C4,mammarygland,17BE2 | FOXA1 ChIP-Seq - Rep 1,,,
HIF1A,AKR1C4,bone,HIF1A IP,,,
CTCF,AKR1C4,bone,CTCF IP - Osteoblasts ,,,
RELA,AKR1C4,adiposetissue,RELA IP,,,
SRF,AKR1C4,stemcells,SRF IP - Rep 7 ,,,
FOXA1,AKR1C4,liver,"FOXA1 IP - HepG2 cells, Rep 1, FOXA1 IP - HepG2 cells, Rep 2",,,
KLF5,AKR1C4,pancreas,KLF5 IP,,,
HNF1A,AKR1C4,colon,HNF1A IP,,,
USF1,AKR1C4,lung,"USF1 IP - A549 cells, Rep 2",,,
IRF1,AKR1C4,pancreas,IRF1 IP,,,
BCL3,AKR1C4,lung,BCL3 IP - A549 cells,,,
SP1,AKR1C4,lung,SP1 IP - A549 cells,,,
FOSL2,AKR1D1,liver,FOSL2 IP - HepG2 cells,,,
SPI1,AKR1D1,leukocytes,"SPI1 IP, SPI1 IP - GM12878 cells, Rep 4 , SPI1 IP, SPI1 IP, SPI1 IP - GM12878 cells, Rep 2 , SPI1 IP - GM12891 cells, SPI1 IP - GM12878 cells, Rep 3 , SPI1 IP, SPI1 IP, SPI1 IP, SPI1 IP - HL cells, SPI1 IP - GM12878 cells",,,
HEY1,AKR1D1,liver,HEY1 IP - HepG2 cells,,,
FOXA1,AKR1D1,mammarygland,"FOXA1 ChIP-Seq - Rep 1, DEX | FOXA1 ChIP-Seq - Rep 1, 17BE2 | FOXA1 ChIP-Seq, FOXA1 ChIP-Seq - Rep 1, DEX | FOXA1 ChIP-Seq - Rep 1, DEX | FOXA1 ChIP-Seq - Rep 2, FOXA1 ChIP-Seq - Rep 2, 17BE2 | FOXA1 ChIP-Seq - Rep 2, FOXA1 IP - T47D cells, 17BE2 | FOXA1 ChIP-Seq - Rep 2, 17BE2 | FOXA1 ChIP-Seq - Rep 1",,,
MAFF,AKR1D1,liver,MAFF IP - HepG2 cells,,,
DEX,AKR1D1,mammarygland,"DEX | FOXA1 ChIP-Seq - Rep 1, DEX | FOXA1 ChIP-Seq - Rep 1, DEX | FOXA1 ChIP-Seq - Rep 2",,,
CEBPB,AKR1D1,leukocytes,"CEBPB IP, CEBPB ChIP-Seq - K562",,,
FOS,AKR1D1,mammarygland,"FOS IP | 4HT - MCF10A cells, 4 h, FOS IP - MCF10A cells, FOS IP | 4HT - MCF10A cells, 36 h, FOS IP | 4HT - MCF10A cells, 12 h",,,
4HT,AKR1D1,mammarygland,"FOS IP | 4HT - MCF10A cells, 4 h, FOS IP | 4HT - MCF10A cells, 36 h, FOS IP | 4HT - MCF10A cells, 12 h",,,
MAFK,AKR1D1,liver,"MAFK IP - HepG2 cells, Rep 2, MAFK IP - HepG2 cells, Rep 1",,,
OTX2,AKR1D1,stemcells,"OTX2 IP - Rep 10 , OTX2 IP - Rep 3 ",,,
CEBPB,AKR1D1,uterus,CEBPB ChIP-Seq - HeLaS3,,,
CEBPB,AKR1D1,colon,"CEBPB IP, CEBPB IP | 125DVD3, CEBPB IP - HCT116 cells",,,
GATA3,AKR1D1,mammarygland,GATA3 IP - MCF7 cells,,,
FOXA1,AKR1D1,prostate,"EtOH | FOXA1 ChIP-Seq - Rep 2, AR C562S OE + FOXA1 OE | FOXA1 ChIP-Seq, DHT | FOXA1 ChIP-Seq, GATA2 KD + R1881 | FOXA1 ChIP-Seq, CREB1 siRNA | FOXA1 ChIP-Seq - Rep 2, CON KD + R1881 | FOXA1 ChIP-Seq, CON KD  | FOXA1 ChIP-Seq, R1881 | FOXA1 ChIP-Seq - Rep 2, POU2F1 KD + DHT | FOXA1 ChIP-Seq, FOXA1 KD | FOXA1 ChIP-Seq, FOXA1 ChIP-Seq, CREB1 siRNA | FOXA1 ChIP-Seq - Rep 1, FOXA1 ChIP-Seq - LNCaP-abl, CON KD | FOXA1 ChIP-Seq, FOXA1 KD | FOXA1 ChIP-Seq, R1881 | FOXA1 ChIP-Seq - Rep 1, CON KD | FOXA1 ChIP-Seq, FOXA1 ChIP-Seq - Rep 2, GATA2 KD  | FOXA1 ChIP-Seq, CON KD | FOXA1 ChIP-Seq, EtOH | FOXA1 ChIP-Seq - , FOXA1 ChIP-Seq, FOXA1 ChIP-Seq, DHT | FOXA1 ChIP-Seq - C4- Rep 2B, FOXA1 ChIP-Seq",25552417,,
FOXA1,AKR1D1,lung,"FOXA1 IP | DEX - A549 cells, FOXA1 IP - A549 cells",,,
DEX,AKR1D1,lung,FOXA1 IP | DEX - A549 cells,,,
SP1,AKR1D1,liver,SP1 IP - HepG2 cells,,,
ZEB1,AKR1D1,liver,ZEB1 IP - HepG2 cells,,,
AR,AKR1D1,prostate,AR C562S OE + FOXA1 OE | FOXA1 ChIP-Seq,22383394,,
MAX,AKR1D1,leukocytes,MAX IP - K562 cells,,,
DHT,AKR1D1,prostate,"DHT | FOXA1 ChIP-Seq, POU2F1 KD + DHT | FOXA1 ChIP-Seq, DHT | FOXA1 ChIP-Seq - C4- Rep 2B",,,
JUND,AKR1D1,vasculature,JUND IP,,,
R1881,AKR1D1,prostate,"GATA2 KD + R1881 | FOXA1 ChIP-Seq, CON KD + R1881 | FOXA1 ChIP-Seq, R1881 | FOXA1 ChIP-Seq - Rep 2, R1881 | FOXA1 ChIP-Seq - Rep 1",,,
GATA2,AKR1D1,prostate,"GATA2 KD + R1881 | FOXA1 ChIP-Seq, GATA2 KD  | FOXA1 ChIP-Seq",,,
POU5F1,AKR1D1,stemcells,"POU5F1 IP, POU5F1 IP - Rep 1 ",,,
17BE2,AKR1D1,mammarygland,"17BE2 | FOXA1 ChIP-Seq, 17BE2 | FOXA1 ChIP-Seq - Rep 2, 17BE2 | FOXA1 ChIP-Seq - Rep 2, 17BE2 | FOXA1 ChIP-Seq - Rep 1",,,
EBF1,AKR1D1,leukocytes,EBF1 IP - GM12878 cells,,,
JUN,AKR1D1,mammarygland,"JUN IP - Rep 1, JUN IP - Rep 2",,,
MAX,AKR1D1,liver,MAX IP - HepG2 cells,,,
CREB1,AKR1D1,prostate,"CREB1 siRNA | FOXA1 ChIP-Seq - Rep 2, CREB1 siRNA | FOXA1 ChIP-Seq - Rep 1",,,
MAX,AKR1D1,uterus,"MAX IP - HeLa cells, Rep 1",,,
CEBPB,AKR1D1,liver,"CEBPB ChIP-Seq - HepG2, CEBPB IP | FORSK - HepG2 cells, CEBPB IP - HepG2 cells",,,
JUND,AKR1D1,liver,"JUND IP - HepG2 cells, JUND IP - HepG2 cells",,,
CEBPB,AKR1D1,lung,"CEBPB ChIP-Seq - A549, CEBPB ChIP-Seq - IMR90",,,
125DVD3,AKR1D1,colon,CEBPB IP | 125DVD3,,,
CEBPB,AKR1D1,mammarygland,CEBPB IP - MCF7 cells,,,
FOSL1,AKR1D1,mammarygland,FOSL1 IP,,,
CEBPB,AKR1D1,stemcells,"CEBPB IP, CEBPB IP, CEBPB IP, CEBPB IP, CEBPB IP",,,
RELA,AKR1D1,leukocytes,"RELA IP | TNF - GM19193 cells, RELA IP | TNF - GM19099 cells",,,
TNF,AKR1D1,leukocytes,RELA IP | TNF - GM19193 cells,,,
GATA4,AKR1D1,stomach,GATA4 IP - AGS,,,
JUND,AKR1D1,stemcells,"JUND IP - H1 cells, JUND IP - H1 cells",,,
FOXA1,AKR1D1,liver,"FOXA1 IP - HepG2 cells, Rep 2, FOXA1 IP - HepG2 cells, Rep 1",,,
REST,AKR1D1,stemcells,"REST IP - H1 cells, Rep 2",,,
IRF4,AKR1D1,leukocytes,IRF4 IP,,,
USF2,AKR1D1,uterus,USF2 IP - HeLa cells,,,
CREB1,AKR1D1,liver,"CREB1 IP, CREB1 IP - HepG2 cells",,,
JUND,AKR1D1,uterus,JUND IP - HeLa cells,,,
POU2F1,AKR1D1,prostate,POU2F1 KD + DHT | FOXA1 ChIP-Seq,,,
TEAD1,AKR1D1,cns,TEAD1 IP - Rep 1,,,
FOXA2,AKR1D1,liver,FOXA2 IP - HepG2 cells,19822575,,
ATF3,AKR1D1,colon,"ATF3 IP - HCT116 cells, ATF3 IP | CAMPTO",,,
ARID3A,AKR1D1,liver,ARID3A IP - HepG2 cells,,,
CEBPA,AKR1D1,leukocytes,CEBPA IP,,,
FORSK,AKR1D1,liver,CEBPB IP | FORSK - HepG2 cells,,,
TCF12,AKR1D1,liver,TCF12 IP - HepG2 cells,,,
TEAD4,AKR1D1,liver,TEAD4 IP - HepG2 cells,,,
FOXA2,AKR1D1,stemcells,FOXA2 IP - Rep 5 ,,,
FOXA1,AKR1D1,pancreas,"FOXA1 IP | KLF5 KO, FOXA1 IP, FOXA1 IP",,,
KLF5,AKR1D1,pancreas,FOXA1 IP | KLF5 KO,,,
FOSL1,AKR1D1,colon,FOSL1 IP - HCT116 cells,,,
TEAD4,AKR1D1,stemcells,TEAD4 IP - H1 cells,,,
SP1,AKR1D1,stemcells,SP1 IP - H1 cells,,,
JUN,AKR1D1,liver,JUN IP - HepG2 cells,,,
MYBL2,AKR1D1,liver,MYBL2 IP - HepG2 cells,,,
FOXA1,AKR1D1,stemcells,FOXA1 IP - Rep 5 ,,,
ATF2,AKR1D1,stemcells,ATF2 IP - H1 cells,,,
SOX2,AKR1D1,stemcells,SOX2 IP,,,
FOXA2,AKR1D1,lung,FOXA2 IP - A549 cells,,,
FOXA2,AKR1D1,embryonictissue,FOXA2 IP - Rep 1,,,
JUND,AKR1D1,colon,JUND IP - HCT116 cells,,,
TP53,AKR1D1,mammarygland,TP53 IP,,,
CEBPB,CYP27A1,leukocytes,"CEBPB IP, CEBPB IP | oxLDL  - Rep 208, CEBPB IP, CEBPB IP",,,
FOXA2,CYP27A1,embryonictissue,FOXA2 IP - Rep 2,,,
SPI1,CYP27A1,leukocytes,"SPI1 IP, SPI1 IP, SPI1 IP, SPI1 IP, SPI1 IP - GM12878 cells, SPI1 IP - HL cells, SPI1 IP, SPI1 IP, SPI1 IP, SPI1 IP, SPI1 IP",,,
CEBPB,CYP27A1,stemcells,"CEBPB IP, CEBPB IP, CEBPB IP, CEBPB IP, CEBPB IP, CEBPB IP, CEBPB IP, CEBPB IP",,,
FOXA1,CYP27A1,mammarygland,"17BE2 | FOXA1 ChIP-Seq - Rep 1, FOXA1 ChIP-Seq - Rep 2, 17BE2 | FOXA1 ChIP-Seq - Rep 2, DEX | FOXA1 ChIP-Seq - Rep 2, FOXA1 ChIP-Seq - Rep 2, 17BE2 | FOXA1 ChIP-Seq - Rep 2, 17BE2 | FOXA1 ChIP-Seq - Rep 1, DEX | FOXA1 ChIP-Seq - Rep 1, DEX | FOXA1 ChIP-Seq - Rep 1, FOXA1 ChIP-Seq - Rep 1, DEX | FOXA1 ChIP-Seq - Rep 2",,,
17BE2,CYP27A1,mammarygland,"17BE2 | FOXA1 ChIP-Seq - Rep 1, 17BE2 | FOXA1 ChIP-Seq - Rep 2, 17BE2 | FOXA1 ChIP-Seq - Rep 2, 17BE2 | FOXA1 ChIP-Seq - Rep 1",,,
FOXA1,CYP27A1,prostate,"CON KD + R1881 | FOXA1 ChIP-Seq - Rep 2, PIAS1 + R1881 | FOXA1 ChIP-Seq - Rep 1, CON KD | FOXA1 ChIP-Seq, CON KD | FOXA1 ChIP-Seq, EtOH | FOXA1 ChIP-Seq - , DHT | FOXA1 ChIP-Seq, GATA2 KD + R1881 | FOXA1 ChIP-Seq, EtOH | FOXA1 ChIP-Seq - Rep 2, R1881 | FOXA1 ChIP-Seq - Rep 1, CON KD + R1881 | FOXA1 ChIP-Seq - Rep 1, PIAS1 + R1881 | FOXA1 ChIP-Seq - Rep 2, R1881 | FOXA1 ChIP-Seq - Rep 2",,,
R1881,CYP27A1,prostate,"CON KD + R1881 | FOXA1 ChIP-Seq - Rep 2, PIAS1 + R1881 | FOXA1 ChIP-Seq - Rep 1, ERG IP | R1881, GATA2 KD + R1881 | FOXA1 ChIP-Seq, R1881 | FOXA1 ChIP-Seq - Rep 1, CON KD + R1881 | FOXA1 ChIP-Seq - Rep 1, PIAS1 + R1881 | FOXA1 ChIP-Seq - Rep 2, R1881 | FOXA1 ChIP-Seq - Rep 2",,,
ELF1,CYP27A1,liver,ELF1 IP - HepG2 cells,,,
FOXA1,CYP27A1,lung,FOXA1 IP | DEX - A549 cells,,,
DEX,CYP27A1,lung,FOXA1 IP | DEX - A549 cells,,,
FOSL1,CYP27A1,colon,FOSL1 IP - HCT116 cells,,,
TP53,CYP27A1,bone,"TP53 pS15 IP - Etopo, TP53 IP | TP53EE/RR OE, TP53 pS15 IP - ActD",,,
YY1,CYP27A1,liver,YY1 IP - HepG2 cells,,,
FOXA2,CYP27A1,stemcells,"FOXA2 IP - ES D7, FOXA2 IP - ES D2, FOXA2 IP - ES D5",,,
PIAS1,CYP27A1,prostate,"PIAS1 + R1881 | FOXA1 ChIP-Seq - Rep 1, PIAS1 + R1881 | FOXA1 ChIP-Seq - Rep 2",,,
CEBPB,CYP27A1,liver,"CEBPB ChIP-Seq - HepG2, CEBPB IP - HepG2 cells, CEBPB IP | FORSK - HepG2 cells",,,
BATF,CYP27A1,leukocytes,BATF IP - GM12878 cells,,,
MAX,CYP27A1,stemcells,MAX IP - H1 cells,,,
DEX,CYP27A1,mammarygland,"DEX | FOXA1 ChIP-Seq - Rep 2, DEX | FOXA1 ChIP-Seq - Rep 1, DEX | FOXA1 ChIP-Seq - Rep 1, DEX | FOXA1 ChIP-Seq - Rep 2",,,
FOSL2,CYP27A1,liver,FOSL2 IP - HepG2 cells,,,
REST,CYP27A1,liver,"REST IP - HepG2 cells, Rep 2, REST IP - HepG2 cells, Rep 1",,,
SP1,CYP27A1,liver,SP1 IP - HepG2 cells,,11867220,11867220
FOXA1,CYP27A1,stemcells,FOXA1 IP - ES D5,,,
TBP,CYP27A1,liver,TBP IP - HepG2 cells,,,
CEBPB,CYP27A1,mammarygland,CEBPB IP - MCF7 cells,,,
FOXA1,CYP27A1,liver,"FOXA1 IP - HepG2 cells, Rep 2, FOXA1 IP - HepG2 cells, Rep 1",,,
ERG,CYP27A1,prostate,ERG IP | R1881,,,
FOS,CYP27A1,mammarygland,"FOS IP | 4HT - MCF10A cells, 12 h, FOS IP | 4HT - MCF10A cells, 36 h, FOS IP | 4HT - MCF10A cells, 4 h, FOS IP - MCF10A cells",,,
4HT,CYP27A1,mammarygland,"FOS IP | 4HT - MCF10A cells, 12 h, FOS IP | 4HT - MCF10A cells, 36 h, FOS IP | 4HT - MCF10A cells, 4 h",,,
STAT1,CYP27A1,leukocytes,"STAT1 IP - Rep 5, STAT1 IP - Rep 3",,,
IFNG,CYP27A1,leukocytes,"STAT1 IP - Rep 5, STAT1 IP - Rep 3",,,
CREB1,CYP27A1,liver,"CREB1 IP, CREB1 IP - HepG2 cells, CREB1 IP",,,
JUND,CYP27A1,liver,JUND IP - HepG2 cells,,,
USF1,CYP27A1,stemcells,USF1 IP - H1 cells,,,
TCF12,CYP27A1,stemcells,TCF12 IP - H1 cells,,,
MAZ,CYP27A1,liver,MAZ IP - HepG2 cells,,,
SIX2,CYP27A1,kidney,"SIX2 IP - 17 weeks, Rep 1, SIX2 IP - 17 weeks, Rep 2",,,
NFKB1,CYP27A1,leukocytes,"NFKB1 IP - Rep 1, NFKB1 IP - Rep 2",,,
CTCF,CYP27A1,liver,"CTCF IP - SK-N-SH cells, CTCF IP",,,
DHT,CYP27A1,prostate,DHT | FOXA1 ChIP-Seq,,,
FOXM1,CYP27A1,mammarygland,FOXM1 IP | THSP - DS006,,,
ZEB1,CYP27A1,liver,ZEB1 IP - HepG2 cells,,,
MAX,CYP27A1,liver,MAX IP - HepG2 cells,,,
GATA1,CYP27A1,leukocytes,GATA1 ChIP-Seq - K562,,,
E2F1,CYP27A1,mammarygland,E2F1 IP,,,
GABPA,CYP27A1,liver,GABPA IP - HepG2 cells,,,
GATA2,CYP27A1,prostate,GATA2 KD + R1881 | FOXA1 ChIP-Seq,,,
USF1,CYP27A1,uterus,USF1 IP - ECC1 cells,,,
USF1,CYP27A1,liver,USF1 IP - HepG2 cells,,,
CEBPB,CYP27A1,colon,CEBPB IP | 125DVD3,,,
125DVD3,CYP27A1,colon,CEBPB IP | 125DVD3,,,
TEAD4,CYP27A1,liver,TEAD4 IP - HepG2 cells,,,
CTCF,CYP27A1,mammarygland,CTCF IP - MCF7 cells,,,
YY1,CYP27A1,stemcells,YY1 IP - H1 cells,,,
JUN,CYP27A1,vasculature,JUN IP,,,
ZBTB7A,CYP27A1,liver,ZBTB7A IP - HepG2 cells,,,
MYBL2,CYP27A1,liver,MYBL2 IP - HepG2 cells,,,
E2F6,CYP27A1,stemcells,E2F6 IP - H1 cells,,,
TBP,CYP27A1,stemcells,TBP IP - H1 cells,,,
SREBF1,CYP27A1,liver,SREBF1 IP | INS + 22RHC - HepG2 cells,,,
22RHC; INS,CYP27A1,liver,SREBF1 IP | INS + 22RHC - HepG2 cells,,,
GATA3,CYP27A1,mammarygland,GATA3 IP - MCF7 cells,,,
BACH1,CYP27A1,stemcells,BACH1 IP - H1 cells,,,
FORSK,CYP27A1,liver,CEBPB IP | FORSK - HepG2 cells,,,
FOXA1,CYP27A1,pancreas,FOXA1 IP,,,
MXI1,CYP27A1,liver,MXI1 IP - HepG2 cells,,,
HEY1,CYP27A1,liver,HEY1 IP - HepG2 cells,,,
FOXA2,CYP27A1,liver,FOXA2 IP - HepG2 cells,19822575,,
SATB1,CYP27A1,liver,SATB1 IP,,,
JUND,CYP27A1,vasculature,JUND IP,,,
GATA4,CYP27A1,stomach,GATA4 IP - AGS,,,
SRF,CYP39A1,stemcells,"SRF IP - Rep 1 , SRF IP - Rep 2 , SRF IP - Rep 4 , SRF IP - Rep 7 , SRF IP - Rep 6 ",,,
MYB,CYP39A1,leukocytes,"MYB IP - Jurkat, Rep 2, MYB IP - Jurkat, Rep 4",,,
GATA2,CYP39A1,prostate,"FOXA1 + FBS | GATA2 ChIP-Seq, GATA2 KD  | FOXA1 ChIP-Seq, CON KD | GATA2 ChIP-Seq, GATA2 KD + R1881 | FOXA1 ChIP-Seq, CON KD + R1881 | GATA2 ChIP-Seq, GATA2 KD + R1881 | GATA2 ChIP-Seq, CON KD + FBS | GATA2 ChIP-Seq, FOXA1 KD | GATA2 ChIP-Seq",,,
FOXA1,CYP39A1,prostate,"FOXA1 + FBS | GATA2 ChIP-Seq, FOXA1 siRNA | CREB1 ChIP-Seq - Rep 2, FOXA1 ChIP-Seq - Rep 1, WT AR OE + FOXA1 OE | FOXA1 ChIP-Seq, FOXA1 ChIP-Seq - LNCaP, FOXA1 ChIP-Seq - Rep 2, CREB1 siRNA | FOXA1 ChIP-Seq - Rep 1, CON KD + R1881 | FOXA1 ChIP-Seq - Rep 1, CON KD | FOXA1 ChIP-Seq, GATA2 KD  | FOXA1 ChIP-Seq, EtOH | FOXA1 ChIP-Seq - , FOXA1 ChIP-Seq, GATA2 KD + R1881 | FOXA1 ChIP-Seq, DHT | FOXA1 ChIP-Seq, R1881 | FOXA1 ChIP-Seq - Rep 2, AR Q640X OE + FOXA1 OE | FOXA1 ChIP-Seq, FOXA1 ChIP-Seq - LNCaP-abl, CON KD + R1881 | FOXA1 ChIP-Seq - Rep 2, CON KD + R1881 | FOXA1 ChIP-Seq, PIAS1 + R1881 | FOXA1 ChIP-Seq - Rep 2, PIAS1 + R1881 | FOXA1 ChIP-Seq - Rep 1, WT AR OE + FOXA1 OE | FOXA1 ChIP-Seq - high FOXA1, FOXA1 ChIP-Seq, FOXA1 ChIP-Seq, FOXA1 siRNA | CREB1 ChIP-Seq - Rep 1, AR C562S OE + FOXA1 OE | FOXA1 ChIP-Seq, CON KD  | FOXA1 ChIP-Seq, CREB1 siRNA | FOXA1 ChIP-Seq - Rep 2, R1881 | FOXA1 ChIP-Seq - Rep 1, CON KD | FOXA1 ChIP-Seq, FOXA1 KD | GATA2 ChIP-Seq",,,
MAX,CYP39A1,lung,MAX IP - A549 cells,,,
CTCF,CYP39A1,bone,"CTCF IP, CTCF IP - Osteoblasts ",,,
MYC,CYP39A1,mammarygland,"MYC IP | 4HT - MCF10A cells, DHT | MYC ChIP-Seq",,,
4HT,CYP39A1,mammarygland,"MYC IP | 4HT - MCF10A cells, STAT3 IP | 4HT - MCF10 cells, 36 h, FOS IP | 4HT - MCF10A cells, 36 h, FOS IP | 4HT - MCF10A cells, 4 h, FOS IP | 4HT - MCF10A cells, 12 h, STAT3 IP | 4HT - MCF10 cells, 12 h, E2F4 IP | 4HT - MCF10 cells",,,
SPI1,CYP39A1,leukocytes,"SPI1 IP, SPI1 IP, SPI1 IP, SPI1 IP",,,
CTCF,CYP39A1,leukocytes,"CTCF IP - GM12867 cells , CTCF IP - GM12870 cells , CTCF IP - KU812 cells, Rep 5 , CTCF IP - GM12878 cells, Rep 1 , CTCF IP - K562 cells, CTCF IP - F36P cells, Rep 19 , CTCF IP - GM12878 cells, Rep 2 , CTCF IP - K562 cells, Rep 15 , CTCF IP - HeLa cells, Rep 2 , CTCF IP - GM2610 cells, Rep 2 , CTCF IP - GM19238 cells, Rep 1 , CTCF IP - NB4 cells , CTCF IP - GM19240 cells, Rep 2 , CTCF IP - GM12871 cells , CTCF IP - GM2588 cells, Rep 3 , CTCF IP - K562 cells, Rep 2 , CTCF IP - K562 cells, Rep 12 , CTCF IP, CTCF IP - K562 cells , CTCF IP - GM12892 cells, Rep 1 , CTCF IP - K562 cells, CTCF IP - MS1 cells, Rep 2 , CTCF IP - K562 cells, CTCF IP - CD14+ cells , CTCF IP - GM2630 cells, Rep 3 , CTCF IP - GM12890 cells, Rep 3 , CTCF IP - GM12891 cells, Rep 2 , CTCF IP - GM19239 cells, Rep 2 , CTCF IP - UT-7 cells, Rep 6 , CTCF IP - GM06990 cells, Rep 2 , CTCF IP - K562 cells, Rep 13 , CTCF IP - GM19240 cells, Rep 1 , CTCF IP - UT-7 cells, Rep 3 , CTCF IP - KU812 cells, Rep 13 , CTCF IP - GM12890 cells, Rep 1 , CTCF IP - KU812 cells, Rep 17 , CTCF IP - K562 cells, Rep 11 , CTCF IP - GM2255 cells, Rep 2 , CTCF IP - MS1 cells, Rep 3 , CTCF IP - K562 cells, Rep 1 , CTCF IP - GM2630 cells, Rep 2 , CTCF IP - GM12865 cells, Rep 2 , CTCF IP - F36P cells, Rep 15 , CTCF IP - GM12864 cells, Rep 1 , CTCF IP - GM12869 cells , CTCF IP - GM12875 cells, Rep 1 , CTCF IP - GM2588 cells, Rep 2 , CTCF IP - UT-7 cells, Rep 4 , CTCF IP - GM12865 cells, Rep 1 , CTCF IP - GM19238 cells, Rep 2 , CTCF IP - F36P cells, Rep 11 , CTCF IP - F36P cells, Rep 3 , CTCF IP - GM12864 cells, Rep 3 , CTCF IP - KU812 cells, Rep 9 , CTCF IP - GM12866 cells , CTCF IP - K562 cells, Rep 14 , CTCF IP - K562 cells, Rep 16 , CTCF IP - F36P cells, Rep 7 , CTCF IP - GM12892 cells, Rep 2 ",,,
MAX,CYP39A1,stemcells,MAX IP - H1 cells,,,
CTCF,CYP39A1,miscellaneous,"CTCF IP - AG09319 cells, Rep 1 , CTCF IP - AG09319 cells, Rep 2 ",,,
FOSL1,CYP39A1,colon,FOSL1 IP - HCT116 cells,,,
THAP11,CYP39A1,stemcells,"THAP11 IP - Rep 4 , THAP11 IP - Rep 5 , THAP11 IP - Rep 2 , THAP11 IP - Rep 1 , THAP11 IP - Rep 3 ",,,
CTCF,CYP39A1,mammarygland,"CTCF IP - HMF cells, Rep 2 , CTCF IP - MCF-7 cells Rep 2 , CTCF IP - MCF-7 cells, Rep 1 , CTCF IP - MCF7 cells, CTCF IP - HMEC cells , CTCF IP - HMF cells, Rep 1 , CTCF IP - HMEC cells, Rep 1 ",,,
CTCF,CYP39A1,vasculature,"CTCF IP - HPAF cells, Rep 1 , CTCF IP - HUVEC cells, Rep 2 , CTCF IP - HPAF cells, Rep 2 , CTCF IP - HUVEC cells, Rep 1 , CTCF IP - HBMEC cells, Rep 1 , CTCF IP - HUVEC cells , CTCF IP - HBMEC cells, Rep 2 ",,,
CTCF,CYP39A1,liver,"CTCF IP - HepG2 cells , CTCF IP - SK-N-SH cells, CTCF IP - HepG2 cells, Rep 2 , CTCF IP - HepG2 cells, Rep 1 , CTCF IP",,,
E2F6,CYP39A1,uterus,E2F6 IP - HeLa cells,,,
PBX3,CYP39A1,cns,PBX3 IP - SK-N-SH cells,,,
ETS1,CYP39A1,leukocytes,ETS1 IP - K562 cells,,,
E2F1,CYP39A1,prostate,"BICALU | E2F1 ChIP-Seq - Rep 3, HES6 OE | E2F1 ChIP-Seq - Rep 3, HES6 OE | E2F1 ChIP-Seq - Rep 1, HES6 OE + BICALU | E2F1 ChIP-Seq - Rep 1, E2F1 ChIP-Seq - Rep 1, HES6 OE + BICALU | E2F1 ChIP-Seq - Rep 3, BICALU | E2F1 ChIP-Seq - Rep 1, BICALU | E2F1 ChIP-Seq - Rep 2",,,
BICALU,CYP39A1,prostate,"BICALU | E2F1 ChIP-Seq - Rep 3, HES6 OE + BICALU | E2F1 ChIP-Seq - Rep 1, HES6 OE + BICALU | E2F1 ChIP-Seq - Rep 3, BICALU | E2F1 ChIP-Seq - Rep 1, BICALU | E2F1 ChIP-Seq - Rep 2",,,
CREB1,CYP39A1,prostate,"FOXA1 siRNA | CREB1 ChIP-Seq - Rep 2, CREB1 siRNA | FOXA1 ChIP-Seq - Rep 1, FOXA1 siRNA | CREB1 ChIP-Seq - Rep 1, CREB1 ChIP-Seq - LNCaP, CREB1 ChIP-Seq - LNCaP-abl, CREB1 siRNA | FOXA1 ChIP-Seq - Rep 2, CREB1 ChIP-Seq - Rep 2",,,
CTCF,CYP39A1,colon,"CTCF IP - HCT116 cells, Rep 1 , CTCF IP - HCT116 cells, Rep 2 , CTCF IP - HCT116 cells",,,
ZNF143,CYP39A1,uterus,"ZNF143 IP - HeLa, Rep 1, ZNF143 Ip - HeLa, Rep 2, ZNF143 IP - HeLa cells",,,
KLF11,CYP39A1,adiposetissue,"ROSI (BrAT) | KLF11 ChIP-Seq, Rep 1, KLF11 ChIP-Seq, Rep 1, ROSI (BrAT) | KLF11 ChIP-Seq, Rep 2, KLF11 ChIP-Seq, Rep 2",,,
ROSI,CYP39A1,adiposetissue,"ROSI (BrAT) | KLF11 ChIP-Seq, Rep 1, ROSI (BrAT) | KLF11 ChIP-Seq, Rep 2",,,
STAT3,CYP39A1,mammarygland,"STAT3 IP | 4HT - MCF10 cells, 36 h, STAT3 IP - MCF10A cells, Rep 2, STAT3 IP | 4HT - MCF10 cells, 12 h",,,
FOXA1,CYP39A1,mammarygland,"DHT | FOXA1 ChIP-Seq, DEX | FOXA1 ChIP-Seq - Rep 2, 17BE2 | FOXA1 ChIP-Seq, FOXA1 IP - T47D cells, DEX | FOXA1 ChIP-Seq - Rep 2",,,
DHT,CYP39A1,mammarygland,"DHT | FOXA1 ChIP-Seq, DHT | TCF7L2 ChIP-Seq, DHT | MYC ChIP-Seq",,,
CTCF,CYP39A1,cns,"CTCF IP - spinal cord astrocyte cells, Rep 2 , CTCF IP - BE(2)-C cells, Rep 1 , CTCF IP - cerebellar astrocyte cells, Rep 2 , CTCF IP - HCPEpiC cells, Rep 1 , CTCF IP - BE(2)-C cells, Rep 2 , CTCF IP - HCPEpiC cells, Rep 2 , CTCF IP - SK-N-SH cells , CTCF IP - SK-N-SH cells, Rep 2 , CTCF IP - spinal cord astrocyte cells, Rep 1 , CTCF IP - SK cells, CTCF IP - SK-N-SH cells, Rep 1 , CTCF IP - NHA cells ",,,
CEBPB,CYP39A1,colon,"CEBPB IP, CEBPB IP - HCT116 cells, CEBPB IP | 125DVD3",,,
MEF2B,CYP39A1,kidney,"MEF2B IP | MEF2B OE - Rep 2, MEF2B IP | MEF2B D83V OE - Rep 1",,,
FOS,CYP39A1,mammarygland,"FOS IP | 4HT - MCF10A cells, 36 h, FOS IP | 4HT - MCF10A cells, 4 h, FOS IP | 4HT - MCF10A cells, 12 h, FOS IP - MCF10A cells",,,
CDX2,CYP39A1,colon,"CDX2 IP, CDX2 IP | 125DVD3",,,
ZNF143,CYP39A1,leukocytes,"ZNF143 IP - K562 cells, ZNF143 IP - GM12878 cells, ZNF143 IP - K562",,,
E2F6,CYP39A1,stemcells,E2F6 IP - H1 cells,,,
ZNF217,CYP39A1,mammarygland,ZNF217 IP - MCF7 cells,,,
CTCF,CYP39A1,megakaryocytelineage,"CTCF IP - MEG-01 cells, Rep 2 , CTCF IP - MEG-01 cells, Rep 4 , CTCF IP - MEG-01 cells, Rep 10 , CTCF IP - MEG-01 cells, Rep 8 , CTCF IP - MEG-01 cells, Rep 6 ",,,
ATF3,CYP39A1,colon,"ATF3 IP - HCT116 cells, ATF3 IP | CAMPTO, ATF3 IP",,,
EGR1,CYP39A1,uterus,EGR1 IP - ECC1 cells,,,
CTCF,CYP39A1,kidney,"CTCF IP - HEK293 cells, Rep 1 , CTCF IP - RPTEC cells, Rep 1 , CTCF IP - RPTEC cells, Rep 2 , CTCF IP - HRE cells, Rep 1 , CTCF IP - HEK293 cells, Rep 2 , CTCF IP - HRE cells, Rep 2 ",,,
SP1,CYP39A1,leukocytes,SP1 IP - GM12878 cells,,,
BHLHE40,CYP39A1,liver,BHLHE40 IP - HepG2 cells,,,
CTCF,CYP39A1,skin,"CTCF IP - AG10803 cells, Rep 2 , CTCF IP - AG04449 cells, Rep 1 , CTCF IP - AG04449 cells, Rep 2 , CTCF IP - BJ cells, Rep 1 , CTCF IP - NHEK cells, Rep 2 , CTCF IP - BJ cells, Rep 2 , CTCF IP - NHDF cells, Rep 2 , CTCF IP - NHEK cells , CTCF IP - AG09309 cells, Rep 1 , CTCF IP - HFFC cells, Rep 3 , CTCF IP - HFFC cells, Rep 2 , CTCF IP - AG10803 cells, Rep 1 , CTCF IP - NHDF cells , CTCF IP - HFFC cells, Rep 1 ",,,
USF1,CYP39A1,colon,USF1 IP - HCT116 cells,,,
FOS,CYP39A1,uterus,FOS IP - HeLa cells,,,
CEBPB,CYP39A1,stemcells,"CEBPB IP, CEBPB IP, CEBPB IP, CEBPB IP, CEBPB IP, CEBPB IP",,,
CTCF,CYP39A1,placenta,"CTCF IP - HVMF cells, Rep 2 , CTCF IP - HVMF cells, Rep 1 ",,,
HOXA6,CYP39A1,colon,HOXA6 IP ,,,
GABPA,CYP39A1,liver,GABPA IP - HepG2 cells,,,
FOXA2,CYP39A1,stemcells,"FOXA2 IP - ES D2, FOXA2 IP - ES D10, FOXA2 IP - ES D5, FOXA2 IP - ES D7",,,
FOXA1,CYP39A1,pancreas,"FOXA1 IP | KLF5 KO, FOXA1 IP, FOXA1 IP",,,
KLF5,CYP39A1,pancreas,FOXA1 IP | KLF5 KO,,,
CREB1,CYP39A1,liver,"CREB1 IP, CREB1 IP - HepG2 cells",,,
AR,CYP39A1,prostate,"WT AR OE + FOXA1 OE | FOXA1 ChIP-Seq, AR Q640X OE + FOXA1 OE | FOXA1 ChIP-Seq, WT AR OE + FOXA1 OE | FOXA1 ChIP-Seq - high FOXA1, AR C562S OE + FOXA1 OE | FOXA1 ChIP-Seq",,,
ZNF143,CYP39A1,kidney,ZNF143 IP - HEK293-T-rex,,,
MAFF,CYP39A1,leukocytes,MAFF IP - K562 cells,,,
MXI1,CYP39A1,liver,MXI1 IP - HepG2 cells,,,
TCF7L2,CYP39A1,mammarygland,"DHT | TCF7L2 ChIP-Seq, TCF7L2 ChIP-Seq",,,
STAT3,CYP39A1,leukocytes,"STAT3 IP - SU-DHL-6, STAT3 IP - OCI-LY7, STAT3 IP - U-2932",,,
MAX,CYP39A1,liver,"MAX IP - HepG2 cells, MAX IP - MCF7 cells",,,
TCF12,CYP39A1,uterus,TCF12 IP - ECC1 cells,,,
R1881,CYP39A1,prostate,"CON KD + R1881 | FOXA1 ChIP-Seq - Rep 1, GATA2 KD + R1881 | FOXA1 ChIP-Seq, CON KD + R1881 | GATA2 ChIP-Seq, R1881 | FOXA1 ChIP-Seq - Rep 2, GATA2 KD + R1881 | GATA2 ChIP-Seq, CON KD + R1881 | FOXA1 ChIP-Seq - Rep 2, CON KD + R1881 | FOXA1 ChIP-Seq, PIAS1 + R1881 | FOXA1 ChIP-Seq - Rep 2, PIAS1 + R1881 | FOXA1 ChIP-Seq - Rep 1, R1881 | FOXA1 ChIP-Seq - Rep 1",,,
GATA2,CYP39A1,hspcs,GATA2 IP,,,
HES6,CYP39A1,prostate,"HES6 OE | E2F1 ChIP-Seq - Rep 3, HES6 OE | E2F1 ChIP-Seq - Rep 1, HES6 OE + BICALU | E2F1 ChIP-Seq - Rep 1, HES6 OE + BICALU | E2F1 ChIP-Seq - Rep 3",,,
YY1,CYP39A1,cns,"YY1 IP | ATRA - SK-N-SH cells, YY1 IP - SK-N-SH cells",,,
ATRA,CYP39A1,cns,"YY1 IP | ATRA - SK-N-SH cells, USF1 IP | ATRA - SK-N-SH cells",,,
FOS,CYP39A1,leukocytes,FOS IP - K562 cells,,,
RELA,CYP39A1,leukocytes,"RELA IP | BAY082  - IVD Th1 cells, PIA",,,
BAY082,CYP39A1,leukocytes,"RELA IP | BAY082  - IVD Th1 cells, PIA",,,
RELA,CYP39A1,adiposetissue,RELA IP,,,
NFYA,CYP39A1,leukocytes,NFYA IP - K562 cells,,,
JUN,CYP39A1,uterus,JUN IP - HeLa cells,,,
TEAD4,CYP39A1,uterus,TEAD4 IP - ECC1 cells,,,
MAZ,CYP39A1,leukocytes,MAZ IP - K562 cells,,,
CTCF,CYP39A1,lung,"CTCF IP - AG04450 cells, Rep 2 , CTCF IP - HPF cells, Rep 2 , CTCF ChIP-Seq - A549, CTCF IP - A549 cells, Rep 2 , CTCF IP - NHLF cells , CTCF IP - NHLF cells , CTCF IP | DEX - A549 cells , CTCF IP - SAEC cells, Rep 2 , CTCF IP - A549 cells , CTCF IP - HPF cells, Rep 1 ",,,
ZNF143,CYP39A1,stemcells,ZNF143 IP - H1 cells,,,
MAZ,CYP39A1,lung,MAZ IP - IMR cells,,,
MAX,CYP39A1,uterus,"MAX IP - ECC1 cells, MAX IP - HeLa cells, Rep 1, MAX IP - HeLa cells, Rep 2",,,
YY1,CYP39A1,leukocytes,"YY1 IP - K562 cells, Rep 1, YY1 IP - GM12878 cells",,,
NFYB,CYP39A1,leukocytes,"NFYB IP - K562 cells, NFYB IP - GM12878 cells",,,
JUND,CYP39A1,colon,JUND IP - HCT116 cells,,,
JUN,CYP39A1,mammarygland,JUN IP - Rep 1,,,
DHT,CYP39A1,prostate,DHT | FOXA1 ChIP-Seq,,,
TBP,CYP39A1,stemcells,TBP IP - H1 cells,,,
GLI2,CYP39A1,colon,GLI2 IP ,,,
CEBPB,CYP39A1,leukocytes,"CEBPB ChIP-Seq - K562, CEBPB IP - HL-60 cells, Rep 1 ",,,
YY1,CYP39A1,stemcells,YY1 IP - H1 cells,,,
CTCF,CYP39A1,skeletalmuscle,"CTCF IP - HSMM cells, Rep 1 , CTCF IP - HSMM cells, Rep 2 ",,,
NFYA,CYP39A1,uterus,NFYA IP - HeLa cells,,,
REST,CYP39A1,liver,"REST IP - HepG2 cells, Rep 2",,,
MAFK,CYP39A1,liver,"MAFK IP - HepG2 cells, Rep 2, MAFK IP - HepG2 cells, Rep 1",,,
NFKB1,CYP39A1,leukocytes,"NFKB1 IP - Rep 1, NFKB1 IP - Rep 2",,,
REST,CYP39A1,cns,"REST IP - SK cells, REST IP - U87 cells",,,
JUN,CYP39A1,colon,JUN IP ,,,
E2F6,CYP39A1,lung,E2F6 IP - A549 cells,,,
ELF1,CYP39A1,colon,ELF1 IP - HCT116 cells,,,
DEX,CYP39A1,mammarygland,"DEX | FOXA1 ChIP-Seq - Rep 2, DEX | FOXA1 ChIP-Seq - Rep 2",,,
GATA4,CYP39A1,stomach,"GATA4 IP - AGS, GATA4 IP - YCC3",,,
FOXA1,CYP39A1,liver,"FOXA1 IP - HepG2 cells, Rep 1, FOXA1 IP - HepG2 cells, Rep 2",,,
SIX5,CYP39A1,stemcells,SIX5 IP - H1 cells,,,
PBX3,CYP39A1,leukocytes,PBX3 IP - GM12878 cells,,,
SP1,CYP39A1,liver,SP1 IP - HepG2 cells,,,
CTCF,CYP39A1,heart,"CTCF IP - myocytes cells, Rep 1 , CTCF IP - HCF cells , CTCF IP - myocytes cells, Rep 2 ",,,
CTCF,CYP39A1,stemcells,"CTCF IP - Rep 2 , CTCF IP - Rep 4 , CTCF IP - Rep 6 , CTCF IP - Rep 5 , CTCF IP - H1 cells, CTCF IP - Rep 3 , CTCF IP - Rep 1 , CTCF IP - Rep 7 , CTCF IP - H1 cells ",,,
125DVD3,CYP39A1,colon,"CDX2 IP | 125DVD3, CEBPB IP | 125DVD3",,,
GTF2B,CYP39A1,uterus,GTF2B IP - Rep 2,,,
MAZ,CYP39A1,uterus,MAZ IP - HeLa cells,,,
GABPA,CYP39A1,prostate,GABPA IP - Rep 1,,,
CEBPB,CYP39A1,lung,"CEBPB IP - A549 cells, CEBPB ChIP-Seq - A549, CEBPB ChIP-Seq - IMR90",,,
STAT3,CYP39A1,uterus,STAT3 IP - HeLa cells,,,
FOXA1,CYP39A1,stemcells,FOXA1 IP - Rep 5 ,,,
YY1,CYP39A1,liver,YY1 IP - HepG2 cells,,,
MAFK,CYP39A1,lung,MAFK IP - IMR cells,,,
JUN,CYP39A1,vasculature,JUN IP,,,
MAFK,CYP39A1,leukocytes,MAFK IP - K562 cells,,,
SP1,CYP39A1,colon,SP1 IP - HCT116 cells,,,
CREB1,CYP39A1,uterus,CREB1 IP - ECC1 cells,,,
CREB1,CYP39A1,leukocytes,CREB1 IP - GM12878 cells,,,
FOSL2,CYP39A1,liver,FOSL2 IP - HepG2 cells,,,
MAFF,CYP39A1,liver,MAFF IP - HepG2 cells,,,
MAFK,CYP39A1,uterus,MAFK IP - HeLa cells,,,
IRF4,CYP39A1,leukocytes,IRF4 IP,,,
CTCF,CYP39A1,esophagus,"CTCF IP - HEEpiC cells, Rep 1 ",,,
STAT1,CYP39A1,leukocytes,"STAT1 IP - Rep 5, STAT1 IP - Rep 3, STAT1 IP - Rep 2",,,
IFNG,CYP39A1,leukocytes,"STAT1 IP - Rep 5, STAT1 IP - Rep 3, STAT1 IP - Rep 2, IRF1 IP | IFNG - K562 cells, 6 h",,,
SREBF1,CYP39A1,liver,SREBF1 IP | INS + 22RHC - HepG2 cells,,,
22RHC; INS,CYP39A1,liver,SREBF1 IP | INS + 22RHC - HepG2 cells,,,
GATA6,CYP39A1,stomach,"GATA6 IP - YCC3, GATA6 IP - AGS",,,
RELA,CYP39A1,colon,RELA IP ,,,
MAX,CYP39A1,cns,MAX IP - SK-N-SH cells,,,
ZNF143,CYP39A1,colon,ZNF143 IP ,,,
FOSL2,CYP39A1,mammarygland,FOSL2 IP - MCF7 cells,,,
SIX5,CYP39A1,lung,SIX5 IP | DEX - A549 cells,,,
17BE2,CYP39A1,mammarygland,17BE2 | FOXA1 ChIP-Seq,,,
SP1,CYP39A1,lung,SP1 IP - A549 cells,,,
ZNF76,CYP39A1,kidney,ZNF76 IP | ZNF76 OE,,,
CTCF,CYP39A1,sensory,"CTCF IP - WERI-Rb-1- cells, Rep 1 , CTCF IP - HRPEpiC cells, Rep 1 , CTCF IP - HRPEpiC cells, Rep 2 , CTCF IP - WERI ",,,
JUND,CYP39A1,vasculature,JUND IP,,,
SIX5,CYP39A1,leukocytes,"SIX5 IP - K562 cells, Rep 1, SIX5 IP - GM12878 cells, SIX5 IP - K562 cells, Rep 2",,,
CTCF,CYP39A1,hspcs,"CTCF IP - HEL 92.1.7 cells, Rep 11 , CTCF IP - HEL 92.1.7 cells, Rep 14 , CTCF IP - HEL 92.1.7 cells, Rep 8 , CTCF IP - HEL 92.1.7 cells, Rep 5 ",,,
HIF1A,CYP39A1,bone,HIF1A IP,,,
JUND,CYP39A1,uterus,JUND IP - HeLa cells,,,
YY1,CYP39A1,uterus,YY1 IP - ECC1 cells,,,
TAL1,CYP39A1,colon,TAL1 IP ,,,
SP1,CYP39A1,stemcells,"SP1 IP - Rep 1 , SP1 IP - H1 cells",,,
TEAD4,CYP39A1,stemcells,TEAD4 IP - H1 cells,,,
PIAS1,CYP39A1,prostate,"PIAS1 + R1881 | FOXA1 ChIP-Seq - Rep 2, PIAS1 + R1881 | FOXA1 ChIP-Seq - Rep 1",,,
E2F6,CYP39A1,leukocytes,E2F6 IP - K562 cells,,,
ELF3,CYP39A1,pancreas,ELF3 IP,,,
E2F1,CYP39A1,mammarygland,"E2F1 IP, E2F1 IP - MCF7 cells",,,
E2F3,CYP39A1,colon,E2F3 IP ,,,
DEX,CYP39A1,lung,CTCF IP | DEX - A549 cells ,,,
HOXA4,CYP39A1,colon,HOXA4 IP ,,,
E2F1,CYP39A1,uterus,"E2F1 IP - HeLa cells, Rep 2",,,
NFYA,CYP39A1,colon,NFYA IP ,,,
TFAP4,CYP39A1,leukocytes,TFAP4 IP - Rep 1,,,
MXI1,CYP39A1,uterus,MXI1 IP - HeLa cells,,,
HMGN3,CYP39A1,leukocytes,HMGN3 IP - K562 cells,,,
JUND,CYP39A1,liver,"JUND IP - HepG2 cells, JUND IP - HepG2 cells",,,
EGR1,CYP39A1,colon,EGR1 IP - HCT116 cells,,,
GTF2F1,CYP39A1,uterus,GTF2F1 IP - HeLa cells,,,
MXI1,CYP39A1,cns,MXI1 IP - SK-N-SH cells ,,,
CTCF,CYP39A1,uterus,CTCF IP - HeLa cells ,,,
SRF,CYP39A1,colon,SRF IP - HCT116 cells,,,
ZNF263,CYP39A1,kidney,ZNF263 IP - HEK293 cells,,,
USF1,CYP39A1,cns,USF1 IP | ATRA - SK-N-SH cells,,,
ZBTB7A,CYP39A1,uterus,ZBTB7A IP - ECC1 cells,,,
RUNX1,CYP39A1,hspcs,RUNX1,,,
FOXA2,CYP39A1,embryonictissue,FOXA2 IP - Rep 2,,,
CEBPB,CYP39A1,uterus,CEBPB ChIP-Seq - HeLaS3,,,
ELF1,CYP39A1,leukocytes,"ELF1 IP - SK-N-SH cells, ELF1 IP - SK-N-SH cells",,,
IRF1,CYP39A1,leukocytes,"IRF1 IP | IFNG - K562 cells, 6 h",,,
ZEB1,CYP39A1,liver,ZEB1 IP - HepG2 cells,,,
TCF7L2,CYP39A1,uterus,TCF7L2 IP - HeLa cells,,,
CTCF,CYP39A1,adiposetissue,"CTCF ChIP-Seq - d -2, CTCF ChIP-Seq - d 9, CTCF ChIP-Seq - d 0",,,
CEBPB,CYP39A1,liver,CEBPB ChIP-Seq - HepG2,,,
TP53,CYP39A1,mammarygland,TP53 IP,,,
NFYB,CYP39A1,uterus,NFYB IP - HeLa cells,,,
MAX,CYP39A1,colon,MAX IP - HCT116 cells,,,
CEBPB,CYP39A1,mammarygland,CEBPB IP - MCF7 cells,,,
MAX,CYP39A1,leukocytes,MAX IP - K562 cells,,,
EBF1,CYP39A1,leukocytes,EBF1 IP - GM12878 cells,,,
MYBL2,CYP39A1,liver,MYBL2 IP - HepG2 cells,,,
GATA3,CYP39A1,mammarygland,GATA3 IP - MCF7 cells,,,
UBTF,CYP39A1,leukocytes,UBTF IP - K562 cells,,,
E2F4,CYP39A1,mammarygland,E2F4 IP | 4HT - MCF10 cells,,,
CREB1,CYP39A1,stemcells,CREB1 IP - H1 cells,,,
FOXA2,CYP39A1,liver,FOXA2 IP - HepG2 cells,,,
ARID3A,CYP39A1,liver,ARID3A IP - HepG2 cells,,,
EGR1,CYP39A1,leukocytes,EGR1 IP - K562 cells,,,
SOX2,CYP39A1,thyroidgland,SOX2 IP - TT MTC,,,
IRF1,CYP39A1,colon,IRF1 IP ,,,
YY1,CYP39A1,colon,YY1 IP - HCT116 cells,,,
CTCF,CYP46A1,skin,"CTCF IP - BJ cells, Rep 2 , CTCF IP - AG04449 cells, Rep 2 , CTCF IP - NHEK cells, Rep 2 , CTCF IP - AG09309 cells, Rep 1 , CTCF IP - NHEK cells , CTCF IP - BJ cells, Rep 1 , CTCF IP - AG09309 cells, Rep 2 , CTCF IP - NHDF cells , CTCF IP - HFFC cells, Rep 1 , CTCF IP - NHDF cells, Rep 2 , CTCF IP - GM12878 cells, Rep 2 , CTCF IP - AG10803 cells, Rep 1 , CTCF IP - AG04449 cells, Rep 1 , CTCF IP - NHDF cells, Rep 1 , CTCF IP - HFFC cells, Rep 3 , CTCF IP - HFFC cells, Rep 2 , CTCF IP - AG10803 cells, Rep 2 ",,,
POU2F2,CYP46A1,leukocytes,POU2F2 IP - GM12878 cells,,,
CREB1,CYP46A1,prostate,"CREB1 ChIP-Seq - LNCaP-abl, CREB1 ChIP-Seq - Rep 2, FOXA1 siRNA | CREB1 ChIP-Seq - Rep 2, CREB1 ChIP-Seq - Rep 1, FOXA1 siRNA | CREB1 ChIP-Seq - Rep 1, CREB1 ChIP-Seq - LNCaP",,,
CTCF,CYP46A1,leukocytes,"CTCF ChIP-Seq - GM12878, CTCF IP - CD14+ cells , CTCF IP - GM12874 cells, Rep 1 , CTCF IP - GM19240 cells, Rep 2 , CTCF IP - GM12878 cells, Rep 2 , CTCF IP - F36P cells, Rep 14 , CTCF IP - GM12006 cells, Rep 2, CTCF IP - K562 cells, CTCF IP - GM19238 cells, Rep 2 , CTCF IP - GM19238 cells, Rep 1 , CTCF IP - GM06990 cells, Rep 2 , CTCF IP - GM12871 cells , CTCF IP - GM12234 cells, CTCF IP - K562 cells, Rep 2 , CTCF IP - GM12489 cells, Rep 1, CTCF IP - GM2610 cells, Rep 2 , CTCF IP - F36P cells, Rep 13 , CTCF IP - GM12867 cells , CTCF IP - F36P cells, Rep 2 , CTCF IP - GM12870 cells , CTCF IP - GM07037 cells, CTCF IP - GM12489 cells, Rep 2, CTCF IP - K562 cells, Rep 12 , CTCF IP - GM12873 cells, Rep 1 , CTCF IP - GM12749 cells, Rep 1, CTCF IP - GM10847 cells, Rep 1 , CTCF IP - GM2255 cells, Rep 3 , CTCF IP - GM12155 cells, Rep 1, CTCF IP - HL-60 cells, Rep 9 , CTCF IP - GM12872 cells, Rep 3 , CTCF IP -  DND , CTCF IP - GM12864 cells, Rep 2 , CTCF IP - K562 cells, CTCF IP - HL , CTCF IP - GM18526 cells, Rep 1 , CTCF IP - GM19193 cells, Rep 1 , CTCF IP - GM12875 cells, Rep 1 , CTCF IP - UT-7 cells, Rep 5 , CTCF IP - GM2630 cells, Rep 1 , CTCF IP - GM19240 cells, Rep 1 , CTCF IP - GM12873 cells, Rep 3 , CTCF IP - F36P cells, Rep 15 , CTCF IP - GM12864 cells, Rep 1 , CTCF IP - GM12815 cells, Rep 1, CTCF IP - MS1 cells, Rep 2 , CTCF IP - GM07346 cells, CTCF IP - K562 cells, Rep 4 , CTCF IP - UT-7 cells, Rep 6 , CTCF IP - F36P cells, Rep 10 , CTCF IP - GM19099 cells, Rep 2 , CTCF IP - GM19099 cells, Rep 1 , CTCF IP - K562 cells, Rep 13 , CTCF IP - GM11994 cells, Rep 2, CTCF IP - GM11831 cells, CTCF IP - GM18505 cells, Rep 1 , CTCF IP - GM12865 cells, Rep 3 , CTCF IP - GM12891 cells, Rep 2 , CTCF IP - GM19239 cells, Rep 2 , CTCF IP, CTCF IP - GM12154 cells, Rep 2, CTCF IP - GM12869 cells , CTCF IP - GM12878 cells, Rep 2 , CTCF IP - GM12878 cells, Rep 1 , CTCF IP - GM12872 cells, Rep 1 , CTCF IP - GM12874 cells, CTCF IP - HL-60 cells, Rep 3 , CTCF IP - GM11994 cells, Rep 1, CTCF IP - GM19239 cells, Rep 1 , CTCF IP - K562 cells, Rep 11 , CTCF IP - K562 cells , CTCF IP - GM11992 cells, Rep 1, CTCF IP - F36P cells, Rep 9 , CTCF IP - F36P cells, Rep 6 , CTCF IP - GM12872 cells, CTCF IP - K562 cells, Rep 1 , CTCF IP - UT-7 cells, Rep 3 , CTCF IP - GM2255 cells, Rep 1 , CTCF IP - KU812 cells, Rep 13 , CTCF IP - KU812 cells, Rep 17 , CTCF IP - GM12890 cells, Rep 2 , CTCF IP - GM10847 cells, Rep 2 , CTCF IP - GM12866 cells , CTCF IP - GM18951 cells, Rep 2 , CTCF IP - GM12891 cells, Rep 1 , CTCF IP - MS1 cells, Rep 4 , CTCF IP - KU812 cells, Rep 9 , CTCF IP - GM12154 cells, Rep 1, CTCF IP - GM12872 cells, Rep 2 , CTCF IP - GM2588 cells, Rep 2 , CTCF IP - UT-7 cells, Rep 4 , CTCF IP - GM18505 cells, Rep 2 , CTCF IP - GM12873 cells, Rep 1 , CTCF IP - GM18526 cells, Rep 2 , CTCF IP - GM12865 cells, Rep 1 , CTCF IP - GM11811 cells, Rep 2, CTCF IP - GM18486 cells, Rep 1 , CTCF IP - GM12868 cells , CTCF IP - GM11992 cells, Rep 2, CTCF IP - GM12892 cells, Rep 1 , CTCF IP - GM12006 cells, Rep 1, CTCF IP - F36P cells, Rep 11 , CTCF IP - KU812 cells, Rep 1 , CTCF IP - F36P cells, Rep 3 , CTCF IP - GM11881 cells, CTCF IP - GM2610 cells, Rep 1 , CTCF IP - GM06990 cells, Rep 1 , CTCF IP - GM2588 cells, Rep 3 , CTCF IP - GM2610 cells, Rep 3 , CTCF IP - GM12865 cells, Rep 2 , CTCF IP - GM06986 cells, CTCF IP - HL-60 cells, Rep 2 , CTCF IP - F36P cells, Rep 1 , CTCF IP - GM12815 cells, Rep 2, CTCF IP - GM2630 cells, Rep 3 , CTCF IP - GM12890 cells, Rep 3 , CTCF IP - MS1 cells, Rep 1 , CTCF IP - K562 cells, CTCF IP - GM18486 cells, Rep 2 , CTCF IP - K562 cells, Rep 1 , CTCF IP - GM18951 cells, Rep 1 , CTCF IP - HL-60 cells, Rep 7 , CTCF IP - K562 cells, Rep 14 , CTCF IP - NB4 cells , CTCF IP - GM12892 cells, Rep 2 , CTCF IP - GM2588 cells, Rep 1 , CTCF IP - GM12155 cells, Rep 2, CTCF IP - HeLa cells, Rep 2 , CTCF IP - F36P cells, Rep 17 , CTCF IP - K562 cells, Rep 16 , CTCF IP - GM18486 cells, Rep 3 , CTCF IP -  CD20+ cells , CTCF IP - GM12878 cells , CTCF IP - F36P cells, Rep 7 , CTCF IP - GM12878 cells, Rep 1 , CTCF IP - GM19193 cells, Rep 2 , CTCF IP - GM11894 cells, Rep 2, CTCF IP - GM12814 cells, Rep 1, CTCF IP - HL-60 cells, Rep 5 , CTCF IP - GM12814 cells, Rep 2, CTCF IP - GM12864 cells, Rep 3 , CTCF IP - KU812 cells, Rep 5 , CTCF IP - GM2255 cells, Rep 2 , CTCF IP - GM12005 cells, Rep 2, CTCF IP - GM12874 cells, Rep 2 , CTCF IP - GM12749 cells, Rep 2, CTCF IP - GM12890 cells, Rep 1 , CTCF IP - K562 cells, Rep 15 , CTCF IP - GM12875 cells, Rep 2 , CTCF IP - GM12828 cells, CTCF IP - GM11811 cells, Rep 1, CTCF IP - F36P cells, Rep 19 , CTCF IP - MS1 cells, Rep 3 , CTCF IP - GM12005 cells, Rep 1, CTCF IP - GM2630 cells, Rep 2 ",,,
CTCF,CYP46A1,hspcs,"CTCF IP - HEL 92.1.7 cells, Rep 2 , CTCF IP - HEL 92.1.7 cells, Rep 13 , CTCF IP - HSPCs, Rep 2, CTCF IP - HEL 92.1.7 cells, Rep 10 , CTCF IP - HEL 92.1.7 cells, Rep 11 , CTCF IP - Erythroid cells, Rep 1, CTCF IP - HSPCs, Rep 1, CTCF IP - HEL 92.1.7 cells, Rep 14 , CTCF IP - HEL 92.1.7 cells, Rep 8 , CTCF IP - HEL 92.1.7 cells, Rep 7 , CTCF IP - HEL 92.1.7 cells, Rep 1 , CTCF IP - HEL 92.1.7 cells, Rep 5 , CTCF IP - Erythroid cells, Rep 2",,,
MXI1,CYP46A1,lung,MXI1 IP - IMR cells,,,
CTCF,CYP46A1,liver,"CTCF IP - SK-N-SH cells, CTCF IP - HepG2 cells , CTCF IP - HepG2 cells, Rep 1 , CTCF IP - HepG2 cells, Rep 2 , CTCF IP",,,
FOXA1,CYP46A1,mammarygland,"FOXA1 IP - T47D cells, DHT | FOXA1 ChIP-Seq",,,
CTCF,CYP46A1,vasculature,"CTCF IP - HPAF cells, Rep 2 , CTCF IP - HPAF cells, Rep 1 , CTCF IP - HUVEC cells, Rep 2 , CTCF IP - AoAFC cells, Rep 2 , CTCF IP - AoAFC cells, Rep 1 , CTCF IP - HUVEC cells , CTCF IP - HBMEC cells, Rep 2 , CTCF IP - HBMEC cells, Rep 1 , CTCF IP - HUVEC cells, Rep 1 ",,,
SMAD1,CYP46A1,hspcs,SMAD1 IP - Rep 3,,,
CEBPB,CYP46A1,uterus,CEBPB ChIP-Seq - HeLaS3,,,
E2F6,CYP46A1,stemcells,E2F6 IP - H1 cells,,,
CTCF,CYP46A1,pancreas,CTCF IP,,,
TCF7L2,CYP46A1,mammarygland,"TCF7L2 ChIP-Seq, DHT | TCF7L2 ChIP-Seq",,,
SRF,CYP46A1,stemcells,"SRF IP - H1 cells, SRF IP - Rep 1 , SRF IP - Rep 7 , SRF IP - Rep 6 , SRF IP - Rep 5 , SRF IP - Rep 4 ",,,
CTCF,CYP46A1,miscellaneous,"CTCF IP - AG09319 cells, Rep 2 , CTCF IP - AG09319 cells, Rep 1 ",,,
ZEB1,CYP46A1,leukocytes,ZEB1 IP - GM12878 cells,,,
E2F1,CYP46A1,prostate,"HES6 OE + BICALU | E2F1 ChIP-Seq - Rep 1, HES6 OE | E2F1 ChIP-Seq - Rep 1, E2F1 ChIP-Seq - Rep 4, E2F1 ChIP-Seq - Rep 1, HES6 OE + BICALU | E2F1 ChIP-Seq - Rep 3, HES6 OE | E2F1 ChIP-Seq - Rep 4, BICALU | E2F1 ChIP-Seq - Rep 1, BICALU | E2F1 ChIP-Seq - Rep 2, BICALU + HES6OE | E2F1 ChIP-Seq - Rep 4, BICALU | E2F1 ChIP-Seq - Rep 3, HES6 OE | E2F1 ChIP-Seq - Rep 2, HES6 OE | E2F1 ChIP-Seq - Rep 3, E2F1 ChIP-Seq - Rep 2, E2F1 ChIP-Seq - Rep 3",,,
BICALU,CYP46A1,prostate,"HES6 OE + BICALU | E2F1 ChIP-Seq - Rep 1, HES6 OE + BICALU | E2F1 ChIP-Seq - Rep 3, BICALU | E2F1 ChIP-Seq - Rep 1, BICALU | E2F1 ChIP-Seq - Rep 2, BICALU + HES6OE | E2F1 ChIP-Seq - Rep 4, BICALU | E2F1 ChIP-Seq - Rep 3",,,
HES6,CYP46A1,prostate,"HES6 OE + BICALU | E2F1 ChIP-Seq - Rep 1, HES6 OE | E2F1 ChIP-Seq - Rep 1, HES6 OE + BICALU | E2F1 ChIP-Seq - Rep 3, HES6 OE | E2F1 ChIP-Seq - Rep 4, BICALU + HES6OE | E2F1 ChIP-Seq - Rep 4, HES6 OE | E2F1 ChIP-Seq - Rep 2, HES6 OE | E2F1 ChIP-Seq - Rep 3",,,
RUNX1,CYP46A1,hspcs,RUNX1,,,
CTCF,CYP46A1,lung,"CTCF IP - A549 cells, Rep 2 , CTCF IP - NHLF cells , CTCF ChIP-Seq - A549, CTCF IP - A549 cells, CTCF IP - IMR cells, CTCF IP | DEX - A549 cells , CTCF IP - WI-38 cells, Rep 2 , CTCF IP - SAEC cells, Rep 2 , CTCF IP | DEX - A549 cells, CTCF IP - A549 cells , CTCF IP - NHLF cells , CTCF IP - A549 cells, Rep 1 , CTCF IP - HPF cells, Rep 1 , CTCF IP - SAEC cells, Rep 1 , CTCF IP - AG04450 cells, Rep 2 , CTCF IP - HPF cells, Rep 2 , CTCF IP - AG04450 cells, Rep 1 , CTCF IP - WI-38 cells, Rep 1 ",,,
ZNF143,CYP46A1,leukocytes,"ZNF143 IP - GM12878 cells, ZNF143 IP - K562 cells",,,
CTCF,CYP46A1,mammarygland,"CTCF IP - MCF7 cells, CTCF IP - HMF cells, Rep 2 , CTCF IP - HMEC cells , CTCF IP - HMEC cells, Rep 2 , CTCF IP - T47D cells, CTCF IP - HMEC cells, Rep 1 , CTCF IP - MCF-7 cells, Rep 1 , CTCF IP - HMF cells, Rep 1 , CTCF IP - MCF-7 cells Rep 2 ",,,
CTCF,CYP46A1,megakaryocytelineage,"CTCF IP - MEG-01 cells, Rep 10 , CTCF IP - MEG-01 cells, Rep 4 , CTCF IP - MEG-01 cells, Rep 8 , CTCF IP - MEG-01 cells, Rep 6 , CTCF IP - MEG-01 cells, Rep 2 ",,,
SRF,CYP46A1,mammarygland,SRF IP - MCF7 cells,,,
CTCF,CYP46A1,esophagus,"CTCF IP - HEEpiC cells, Rep 2 , CTCF IP - HEEpiC cells, Rep 1 ",,,
TEAD4,CYP46A1,stemcells,TEAD4 IP - H1 cells,,,
RELA,CYP46A1,leukocytes,"RELA IP | BAY082  - IVD Th1 cells, PIA",,,
BAY082,CYP46A1,leukocytes,"RELA IP | BAY082  - IVD Th1 cells, PIA",,,
CEBPB,CYP46A1,liver,CEBPB ChIP-Seq - HepG2,,,
SP1,CYP46A1,leukocytes,"SP1 IP - GM12878 cells, SP1 IP - K562 cells",,,
CTCF,CYP46A1,uterus,"CTCF IP - HeLa cells, Rep 1 , CTCF IP - ECC1 cells, CTCF IP - HeLa cells ",,,
MAX,CYP46A1,leukocytes,"MAX IP - GM12878 cells, MAX IP - K562 cells, MAX IP - NB4 cells, MAX IP - K562 cells, Rep 2",,,
CREB1,CYP46A1,liver,"CREB1 IP, CREB1 IP - HepG2 cells, CREB1 IP, CREB1 IP",,,
CTCF,CYP46A1,cns,"CTCF IP - cerebellar astrocyte cells, Rep 2 , CTCF IP - BE(2)-C cells, Rep 1 , CTCF IP - SK cells, CTCF IP - spinal cord astrocyte cells, Rep 2 , CTCF IP - SK-N-SH cells, Rep 2 , CTCF IP - HCPEpiC cells, Rep 2 , CTCF IP - HCPEpiC cells, Rep 1 , CTCF IP - cerebellar astrocyte cells, Rep 1 , CTCF IP - NHA cells , CTCF IP - SK-N-SH cells, Rep 1 , CTCF IP - BE(2)-C cells, Rep 2 , CTCF IP - SK-N-SH cells , CTCF IP - spinal cord astrocyte cells, Rep 1 ",,,
SRF,CYP46A1,liver,SRF IP - HepG2 cells,,,
CREB1,CYP46A1,lung,"CREB1 IP | DEX - A549 cells, CREB1 IP - A549 cells, Rep 2, CREB1 IP - A549 cells, Rep 1",,,
DEX,CYP46A1,lung,"CREB1 IP | DEX - A549 cells, CTCF IP | DEX - A549 cells , CTCF IP | DEX - A549 cells",,,
ZFP42,CYP46A1,stemcells,"ZFP42 IP - Rep 1 , ZFP42 IP - Rep 2 ",,,
MYC,CYP46A1,leukocytes,"MYC IP | IFNG - K562 cells, 30 min, MYC IP - K562 cells, Rep 1, MYC IP - NB4 cells",,,
IFNG,CYP46A1,leukocytes,"MYC IP | IFNG - K562 cells, 30 min, IRF1 IP | IFNG - K562 cells, 6 h, STAT1 IP - Rep 5, STAT1 IP - Rep 2, STAT1 IP - Rep 1, STAT1 IP - Rep 4, STAT1 IP - Rep 3",,,
MAX,CYP46A1,cns,MAX IP - SK-N-SH cells,,,
YY1,CYP46A1,leukocytes,"YY1 IP - K562 cells, Rep 1, YY1 IP - GM12891 cells, YY1 IP - GM12892 cells, Rep 1, YY1 IP - GM12878 cells, YY1 IP - K562 cells, Rep 2",,,
ZBTB7A,CYP46A1,uterus,ZBTB7A IP - ECC1 cells,,,
STAT3,CYP46A1,leukocytes,"STAT3 IP - OCI-LY19, STAT3 IP - SU-DHL-4, STAT3 IP - SU-DHL-6, STAT3 IP - SU-DHL-2, STAT3 IP - OCI-LY10",,,
ZNF263,CYP46A1,kidney,ZNF263 IP - HEK293 cells,,,
GABPA,CYP46A1,prostate,"GABPA IP | R1881, GABPA IP - Rep 1",,,
R1881,CYP46A1,prostate,"GABPA IP | R1881, R1881 | FOXA1 ChIP-Seq - Rep 2, CON KD + R1881 | FOXA1 ChIP-Seq - Rep 2, GATA2 KD + R1881 | FOXA1 ChIP-Seq, PIAS1 + R1881 | FOXA1 ChIP-Seq - Rep 2, PIAS1 + R1881 | FOXA1 ChIP-Seq - Rep 1, R1881 | FOXA1 ChIP-Seq - Rep 1, CON KD + R1881 | FOXA1 ChIP-Seq",,,
CTCF,CYP46A1,skeletalmuscle,"CTCF IP - HSMM cells, Rep 2 , CTCF IP - HSMM cells, Rep 1 ",,,
ZEB1,CYP46A1,pancreas,ZEB1 IP,,,
YY1,CYP46A1,stemcells,YY1 IP - H1 cells,,,
GABPA,CYP46A1,leukocytes,"GABPA IP - Jurkat, Rep 2, GABPA IP - GM12878 cells, Rep 2 , GABPA IP - GM12878 cells, Rep 4 , GABPA IP - K562 cells, GABPA IP - GM12878 cells, Rep 5 , GABPA IP - Jurkat, Rep 1, GABPA IP - GM12878 cells, Rep 1 ",,,
FOXA1,CYP46A1,prostate,"DHT | FOXA1 ChIP-Seq, R1881 | FOXA1 ChIP-Seq - Rep 2, CON KD | FOXA1 ChIP-Seq, FOXA1 siRNA | CREB1 ChIP-Seq - Rep 2, CON KD + R1881 | FOXA1 ChIP-Seq - Rep 2, GATA2 KD + R1881 | FOXA1 ChIP-Seq, PIAS1 + R1881 | FOXA1 ChIP-Seq - Rep 2, PIAS1 + R1881 | FOXA1 ChIP-Seq - Rep 1, FOXA1 ChIP-Seq, CON KD | FOXA1 ChIP-Seq, R1881 | FOXA1 ChIP-Seq - Rep 1, CON KD + R1881 | FOXA1 ChIP-Seq, FOXA1 siRNA | CREB1 ChIP-Seq - Rep 1",,,
DHT,CYP46A1,prostate,DHT | FOXA1 ChIP-Seq,,,
CTCF,CYP46A1,kidney,"CTCF IP - HEK293 cells, Rep 1 , CTCF IP - RPTEC cells, Rep 2 , CTCF IP - HRE cells, Rep 1 , CTCF IP - HRE cells, Rep 2 , CTCF IP - RPTEC cells, Rep 1 , CTCF IP - HEK293 cells, Rep 2 ",,,
CTCF,CYP46A1,colon,"CTCF IP - Rep 1 , CTCF IP - HCT116 cells, Rep 1 , CTCF IP - Rep 2 , CTCF IP - Caco , CTCF IP - HCT116 cells, Rep 2 , CTCF IP - HCT116 cells, CTCF IP - Caco-2 cells, Rep 1 ",,,
JUND,CYP46A1,liver,JUND IP - HepG2 cells,,,
E2F1,CYP46A1,uterus,"E2F1 IP - HeLa cells, Rep 2, E2F1 IP - HeLa cells, Rep 1",,,
ELF1,CYP46A1,leukocytes,"ELF1 IP - SK-N-SH cells, ELF1 IP - SK-N-SH cells",,,
ERG,CYP46A1,leukocytes,ERG IP - Rep 1,,,
MXI1,CYP46A1,leukocytes,"MXI1 IP - K562 cells, MXI1 IP - GM12878 cells",,,
TCF12,CYP46A1,leukocytes,TCF12 IP - GM12878 cells,,,
RBPJ,CYP46A1,leukocytes,"RBPJ IP | COMPE, RBPJ IP | COMPE - wash",,,
COMPE,CYP46A1,leukocytes,"RBPJ IP | COMPE, RBPJ IP | COMPE - wash",,,
PBX3,CYP46A1,cns,PBX3 IP - SK-N-SH cells,,,
FOSL2,CYP46A1,liver,FOSL2 IP - HepG2 cells,,,
JUN,CYP46A1,mammarygland,"JUN IP - Rep 1, JUN IP, JUN IP | CPDA, JUN IP - Rep 2",,,
CTCF,CYP46A1,bone,"CTCF IP, CTCF IP - Osteoblasts ",,,
ATF3,CYP46A1,colon,"ATF3 IP | CAMPTO, ATF3 IP, ATF3 IP - HCT116 cells",,,
FOSL1,CYP46A1,colon,FOSL1 IP - HCT116 cells,,,
EGR1,CYP46A1,colon,EGR1 IP - HCT116 cells,,,
TBP,CYP46A1,leukocytes,"TBP IP - GM12878 cells, TBP IP - K562 cells",,,
SPI1,CYP46A1,leukocytes,"SPI1 IP - HL cells, SPI1 IP, SPI1 IP, SPI1 IP - K562 cells, SPI1 IP - GM12891 cells, SPI1 IP, SPI1 IP, SPI1 IP - GM12878 cells",,,
FOXA2,CYP46A1,liver,FOXA2 IP - HepG2 cells,,,
CTCF,CYP46A1,heart,"CTCF IP - HCF cells , CTCF IP - myocytes cells, Rep 1 , CTCF IP - myocytes cells, Rep 2 ",,,
BACH1,CYP46A1,stemcells,BACH1 IP - H1 cells,,,
CTCF,CYP46A1,stemcells,"CTCF IP - Rep 3 , CTCF IP - Rep 2 , CTCF IP - Rep 4 , CTCF IP - H1 cells, CTCF IP - H1 cells , CTCF IP - Rep 6 , CTCF IP - Rep 5 , CTCF IP - Rep 1 , CTCF IP - Rep 7 ",,,
E2F1,CYP46A1,mammarygland,"E2F1 IP, E2F1 IP - MCF7 cells",21310950,,
YY1,CYP46A1,uterus,YY1 IP - ECC1 cells,,,
JUN,CYP46A1,vasculature,JUN IP,,,
CREB1,CYP46A1,leukocytes,"CREB1 IP - GM12878 cells, CREB1 IP, CREB1 IP, CREB1 IP - K562 cells",,,
TBP,CYP46A1,stemcells,TBP IP - H1 cells,,,
CEBPB,CYP46A1,colon,CEBPB IP - HCT116 cells,,,
REST,CYP46A1,stemcells,"REST IP - H1 cells, Rep 1",,,
STAT3,CYP46A1,mammarygland,"STAT3 IP | 4HT - MCF10 cells, 36 h",,,
4HT,CYP46A1,mammarygland,"STAT3 IP | 4HT - MCF10 cells, 36 h, E2F4 IP | 4HT - MCF10 cells, FOS IP | 4HT - MCF10A cells, 12 h",,,
GTF2B,CYP46A1,uterus,GTF2B IP - Rep 2,,,
ZBTB7A,CYP46A1,leukocytes,ZBTB7A IP - SK-N-SH cells,,,
MAX,CYP46A1,uterus,"MAX IP - ECC1 cells, MAX IP - HeLa cells, Rep 1",,,
MAX,CYP46A1,colon,MAX IP - HCT116 cells,,,
REST,CYP46A1,cns,REST IP - U87 cells,,,
JUND,CYP46A1,leukocytes,JUND IP - K562 cells,,,
ELF1,CYP46A1,cns,ELF1 IP - SK-N-SH cells,,,
ATF3,CYP46A1,leukocytes,"ATF3 IP - K562 cells, ATF3 IP - GM12878 cells",,,
CREB1,CYP46A1,uterus,CREB1 IP - ECC1 cells,,,
CTCF,CYP46A1,placenta,"CTCF IP - HVMF cells, Rep 1 , CTCF IP - HVMF cells, Rep 2 ",,,
E2F4,CYP46A1,mammarygland,E2F4 IP | 4HT - MCF10 cells,,,
SIX5,CYP46A1,leukocytes,SIX5 IP - GM12878 cells,,,
USF1,CYP46A1,cns,USF1 IP | ATRA - SK-N-SH cells,,,
ATRA,CYP46A1,cns,"USF1 IP | ATRA - SK-N-SH cells, YY1 IP | ATRA - SK-N-SH cells",,,
GABPA,CYP46A1,lung,GABPA IP - A549 cells,,,
IRF1,CYP46A1,leukocytes,"IRF1 IP | IFNG - K562 cells, 6 h",,,
FOXA2,CYP46A1,lung,FOXA2 IP - A549 cells,,,
JUND,CYP46A1,vasculature,JUND IP,,,
REST,CYP46A1,lung,REST IP - A549 cells,,,
CTCF,CYP46A1,sensory,"CTCF IP - WERI-Rb-1- cells, Rep 1 , CTCF IP - WERI , CTCF IP - HRPEpiC cells, Rep 1 , CTCF IP - HRPEpiC cells, Rep 2 ",,,
YY1,CYP46A1,colon,YY1 IP - HCT116 cells,,,
KLF11,CYP46A1,adiposetissue,"KLF11 ChIP-Seq, Rep 2, KLF11 ChIP-Seq, Rep 1, ROSI (BrAT) | KLF11 ChIP-Seq, Rep 1, ROSI (BrAT) | KLF11 ChIP-Seq, Rep 2",,,
MAX,CYP46A1,liver,"MAX IP - MCF7 cells, MAX IP - HepG2 cells",,,
E2F6,CYP46A1,lung,E2F6 IP - A549 cells,,,
EGR1,CYP46A1,liver,EGR1 IP - MCF7 cells,,,
CEBPB,CYP46A1,leukocytes,CEBPB IP,,,
MYB,CYP46A1,leukocytes,"MYB IP - Jurkat, Rep 2, MYB IP - Jurkat, Rep 1, MYB IP - Jurkat, Rep 3, MYB IP - MOLT3, MYB IP - Jurkat, Rep 4, MYB IP - Jurkat, Rep 5",,,
BHLHE40,CYP46A1,liver,BHLHE40 IP - HepG2 cells,,,
MAZ,CYP46A1,lung,MAZ IP - IMR cells,,,
TP53,CYP46A1,mammarygland,TP53 IP,,,
CREB1,CYP46A1,colon,CREB1 IP ,,,
GATA2,CYP46A1,prostate,GATA2 KD + R1881 | FOXA1 ChIP-Seq,,,
JUND,CYP46A1,colon,JUND IP - HCT116 cells,,,
NFYC,CYP46A1,colon,NFYC IP ,,,
SP1,CYP46A1,colon,SP1 IP - HCT116 cells,,,
GATA4,CYP46A1,stomach,GATA4 IP - AGS,,,
MAZ,CYP46A1,leukocytes,"MAZ IP - K562 cells, MAZ IP - GM12878 cells",,,
E2F4,CYP46A1,leukocytes,"E2F4 IP - K562 cells, E2F4 IP - GM12878 cells",,,
ATF3,CYP46A1,liver,ATF3 IP - HepG2 cells,,,
SP1,CYP46A1,liver,SP1 IP - HepG2 cells,,,
ZEB1,CYP46A1,liver,ZEB1 IP - HepG2 cells,,,
ELF3,CYP46A1,pancreas,ELF3 IP,,,
MTA3,CYP46A1,leukocytes,MTA3 IP - GM12878 cells,,,
IRF1,CYP46A1,colon,IRF1 IP ,,,
TEAD4,CYP46A1,leukocytes,TEAD4 IP - K562 cells,,,
TBP,CYP46A1,liver,TBP IP - HepG2 cells,,,
HOXA4,CYP46A1,colon,HOXA4 IP ,,,
PIAS1,CYP46A1,prostate,"PIAS1 + R1881 | FOXA1 ChIP-Seq - Rep 2, PIAS1 + R1881 | FOXA1 ChIP-Seq - Rep 1",,,
EGR1,CYP46A1,leukocytes,EGR1 IP - K562 cells,,,
MXI1,CYP46A1,liver,MXI1 IP - HepG2 cells,,,
HMGN3,CYP46A1,leukocytes,HMGN3 IP - K562 cells,,,
ELF1,CYP46A1,lung,ELF1 IP - A549 cells,,,
STAT1,CYP46A1,leukocytes,"STAT1 IP - GM12878 cells, STAT1 IP - Rep 5, STAT1 IP - Rep 2, STAT1 IP - Rep 1, STAT1 IP - Rep 4, STAT1 IP - Rep 3",,,
RUNX1,CYP46A1,leukocytes,"RUNX1 IP - N terminus 2, RUNX1 IP",,,
E2F6,CYP46A1,leukocytes,E2F6 IP - K562 cells,,,
MAZ,CYP46A1,uterus,MAZ IP - HeLa cells,,,
YY1,CYP46A1,cns,YY1 IP | ATRA - SK-N-SH cells,,,
MYC,CYP46A1,mammarygland,"DHT | MYC ChIP-Seq, MYC IP - MCF-10A cells",,,
DHT,CYP46A1,mammarygland,"DHT | MYC ChIP-Seq, DHT | TCF7L2 ChIP-Seq, DHT | FOXA1 ChIP-Seq",,,
SRF,CYP46A1,leukocytes,"SRF IP - K562 cells, SRF IP - SK-N-SH cells, SRF IP - GM12878 cells, Rep 2",,,
FOXA1,CYP46A1,liver,"FOXA1 IP - HepG2 cells, Rep 1, FOXA1 IP - HepG2 cells, Rep 2",,,
ELF1,CYP46A1,liver,ELF1 IP - HepG2 cells,,,
MXI1,CYP46A1,uterus,MXI1 IP - HeLa cells,,,
ELF1,CYP46A1,mammarygland,ELF1 IP - MCF7 cells,,,
ATF1,CYP46A1,leukocytes,ATF1 IP - K562 cells,,,
PAX5,CYP46A1,leukocytes,"PAX5 IP - GM12892 cells, PAX5 IP - GM12878 cells, Rep 2",,,
YY1,CYP46A1,liver,YY1 IP - HepG2 cells,,,
CEBPA,CYP46A1,leukocytes,"CEBPA IP - U-937 cells, Rep 2 ",,,
E2F3,CYP46A1,colon,E2F3 IP ,,,
STAT1,CYP46A1,uterus,"STAT1 IP | IFNG - HeLa cells, 30 min",,,
IFNG,CYP46A1,uterus,"STAT1 IP | IFNG - HeLa cells, 30 min",,,
TBP,CYP46A1,uterus,TBP IP - HeLa cells,,,
USF1,CYP46A1,colon,USF1 IP - HCT116 cells,,,
GABPA,CYP46A1,stemcells,GABPA IP - H1 cells,,,
FOS,CYP46A1,mammarygland,"FOS IP | 4HT - MCF10A cells, 12 h, FOS IP - MCF10A cells",,,
MAX,CYP46A1,stemcells,MAX IP - H1 cells,,,
MAFK,CYP46A1,liver,"MAFK IP - HepG2 cells, Rep 2",,,
CTCF,CYP46A1,adiposetissue,"CTCF ChIP-Seq - d 9, CTCF ChIP-Seq - d -2, CTCF ChIP-Seq - d 0",,,
RELA,CYP46A1,colon,RELA IP ,,,
CEBPB,CYP46A1,stemcells,"CEBPB IP, CEBPB IP, CEBPB IP",,,
ELF1,CYP46A1,colon,ELF1 IP - HCT116 cells,,,
ZBTB7A,CYP46A1,liver,ZBTB7A IP - HepG2 cells,,,
ZNF143,CYP46A1,uterus,ZNF143 IP - HeLa cells,,,
NFYA,CYP46A1,uterus,NFYA IP - HeLa cells,,,
GABPA,CYP46A1,liver,"GABPA IP, GABPA IP - MCF7 cells, GABPA IP - HepG2 cells",,,
CPDA,CYP46A1,mammarygland,JUN IP | CPDA,,,
EBF1,CYP46A1,leukocytes,EBF1 IP - GM12878 cells,,,
SP1,CYP46A1,stemcells,"SP1 IP - Rep 2 , SP1 IP - H1 cells, SP1 IP - Rep 1 ",,,
MEF2A,CYP46A1,leukocytes,MEF2A IP - GM12878 cells,,,
TCF12,CYP46A1,lung,TCF12 IP - A549 cells,,,
ETS1,CYP46A1,leukocytes,"ETS1 IP, ETS1 IP - K562 cells, ETS1 IP - GM12878 cells",,,
ROSI,CYP46A1,adiposetissue,"ROSI (BrAT) | KLF11 ChIP-Seq, Rep 1, ROSI (BrAT) | KLF11 ChIP-Seq, Rep 2",,,
ZNF143,CYP46A1,stemcells,ZNF143 IP - H1 cells,,,
GTF2F1,CYP46A1,uterus,GTF2F1 IP - HeLa cells,,,
MAZ,CYP46A1,liver,MAZ IP - HepG2 cells,,,
HEY1,CYP46A1,liver,HEY1 IP - HepG2 cells,,,
HOXA6,CYP46A1,colon,HOXA6 IP ,,,
TFAP4,CYP46A1,leukocytes,"TFAP4 IP - Rep 1, TFAP4 IP - Rep 2",,,
ATF3,CYP46A1,stemcells,ATF3 IP - H1 cells,,,
TCF12,CYP46A1,cns,TCF12 IP - SK-N-SH cells,,,
SRF,CYP46A1,uterus,SRF IP - ECC1 cells,,,
TAL1,CYP46A1,leukocytes,TAL1 IP - MOLT3,,,
BHLHE40,CYP46A1,leukocytes,"BHLHE40 IP - K562 cells, BHLHE40 IP - GM12878 cells",,,
FOXA2,CYP46A1,embryonictissue,FOXA2 IP - Rep 2,,,
MYC,CYP46A1,uterus,MYC IP - HeLa cells,,,
SREBF1,CYP46A1,liver,SREBF1 IP | INS + 22RHC - HepG2 cells,,,
22RHC; INS,CYP46A1,liver,SREBF1 IP | INS + 22RHC - HepG2 cells,,,
CEBPB,CYP46A1,lung,CEBPB ChIP-Seq - A549,,,
SRF,CYP46A1,colon,SRF IP - HCT116 cells,,,
CREB1,CYP46A1,stemcells,CREB1 IP - H1 cells,,,
UBTF,CYP46A1,leukocytes,UBTF IP - K562 cells,,,
RUNX1T1,CYP46A1,leukocytes,RUNX1T1 IP,,,
HEY1,CYP46A1,leukocytes,HEY1 IP - K562 cells,,,
SIX5,CYP46A1,lung,SIX5 IP | DEX - A549 cells,,,
RELA,CYP46A1,adiposetissue,"RELA IP, RELA IP",,,
SIX1,CYP46A1,kidney,"SIX1 IP - 17 weeks, Rep 1",,,
SP1,CYP46A1,lung,SP1 IP - A549 cells,,,
MXI1,CYP46A1,cns,MXI1 IP - SK-N-SH cells ,,,
TCF12,CYP46A1,stemcells,TCF12 IP - H1 cells,,,
MAX,CYP46A1,lung,MAX IP - A549 cells,,,
E2F4,CYP46A1,uterus,E2F4 IP - HeLa cells,,,
GABPA,CYP46A1,cns,GABPA IP - SK-N-SH cells,,,
STAT5A,CYP46A1,leukocytes,STAT5A IP - GM12878 cells,,,
TAL1,CYP46A1,colon,TAL1 IP ,,,
JUND,CYP7A1,vasculature,JUND IP,,,
CTCF,CYP7A1,leukocytes,"CTCF IP - MS1 cells, Rep 2 , CTCF IP - MS1 cells, Rep 3 , CTCF IP - GM12891 cells, Rep 2 , CTCF IP - GM19240 cells, Rep 1 , CTCF IP - GM19240 cells, Rep 2 , CTCF IP - GM12891 cells, Rep 1 , CTCF IP - MS1 cells, Rep 4 ",,,
FOXA1,CYP7A1,prostate,"GATA2 KD + R1881 | FOXA1 ChIP-Seq, AR C562S OE + FOXA1 OE | FOXA1 ChIP-Seq, DHT | FOXA1 ChIP-Seq, EtOH | FOXA1 ChIP-Seq - Rep 2, FOXA1 ChIP-Seq - Rep 2, CREB1 siRNA | FOXA1 ChIP-Seq - Rep 1, FOXA1 ChIP-Seq - LNCaP-abl, FOXA1 ChIP-Seq, DHT | FOXA1 ChIP-Seq, FOXA1 ChIP-Seq, R1881 | FOXA1 ChIP-Seq - Rep 1, CON KD  | FOXA1 ChIP-Seq, CON KD | FOXA1 ChIP-Seq, FOXA1 KD | GATA2 ChIP-Seq, CON KD + R1881 | FOXA1 ChIP-Seq, CON KD | FOXA1 ChIP-Seq, EtOH | FOXA1 ChIP-Seq - , PIAS1 + R1881 | FOXA1 ChIP-Seq - Rep 2, CON KD | FOXA1 ChIP-Seq, FOXA1 ChIP-Seq, WT AR OE + FOXA1 OE | FOXA1 ChIP-Seq, AR Q640X OE + FOXA1 OE | FOXA1 ChIP-Seq, CREB1 siRNA | FOXA1 ChIP-Seq - Rep 2, CON KD + R1881 | FOXA1 ChIP-Seq - Rep 2, FOXA1 ChIP-Seq, FOXA1 ChIP-Seq - Rep 1",,,
R1881,CYP7A1,prostate,"GATA2 KD + R1881 | FOXA1 ChIP-Seq, R1881 | FOXA1 ChIP-Seq - Rep 1, CON KD + R1881 | FOXA1 ChIP-Seq, PIAS1 + R1881 | FOXA1 ChIP-Seq - Rep 2, CON KD + R1881 | FOXA1 ChIP-Seq - Rep 2",,,
GATA2,CYP7A1,prostate,"GATA2 KD + R1881 | FOXA1 ChIP-Seq, GATA2 ChIP-Seq - Rep 1, GATA2 ChIP-Seq - Rep 2, FOXA1 KD | GATA2 ChIP-Seq, GATA2 ChIP-Seq",,,
SRF,CYP7A1,stemcells,SRF IP - Rep 7 ,,,
AR,CYP7A1,prostate,"AR C562S OE + FOXA1 OE | FOXA1 ChIP-Seq, WT AR OE + FOXA1 OE | FOXA1 ChIP-Seq, AR Q640X OE + FOXA1 OE | FOXA1 ChIP-Seq",,,
MAFK,CYP7A1,liver,"MAFK IP - HepG2 cells, Rep 1, MAFK IP - HepG2 cells, Rep 2",,,
FOXA2,CYP7A1,liver,FOXA2 IP - HepG2 cells,,,
GATA3,CYP7A1,mammarygland,GATA3 IP - MCF7 cells,,,
DHT,CYP7A1,prostate,"DHT | FOXA1 ChIP-Seq, DHT | FOXA1 ChIP-Seq",,,
CTCF,CYP7A1,megakaryocytelineage,"CTCF IP - MEG-01 cells, Rep 8 , CTCF IP - MEG-01 cells, Rep 2 ",,,
FOXA1,CYP7A1,stemcells,FOXA1 IP - Rep 5 ,,,
CEBPB,CYP7A1,leukocytes,"CEBPB IP, CEBPB IP, CEBPB IP",,,
FOXA1,CYP7A1,liver,"FOXA1 IP - HepG2 cells, Rep 2, FOXA1 IP - HepG2 cells, Rep 1",,,
FOS,CYP7A1,mammarygland,"FOS IP | 4HT - MCF10A cells, 4 h, FOS IP | 4HT - MCF10A cells, 12 h, FOS IP - MCF10A cells",,,
4HT,CYP7A1,mammarygland,"FOS IP | 4HT - MCF10A cells, 4 h, FOS IP | 4HT - MCF10A cells, 12 h",,,
MAFF,CYP7A1,liver,MAFF IP - HepG2 cells,,,
JUN,CYP7A1,liver,JUN IP - HepG2 cells,,,
CEBPB,CYP7A1,stemcells,"CEBPB IP, CEBPB IP, CEBPB IP",,,
CREB1,CYP7A1,prostate,"CREB1 siRNA | FOXA1 ChIP-Seq - Rep 1, CREB1 siRNA | FOXA1 ChIP-Seq - Rep 2",,,
FOS,CYP7A1,uterus,FOS IP - HeLa cells,,,
ZEB1,CYP7A1,liver,ZEB1 IP - HepG2 cells,,,
CEBPB,CYP7A1,liver,"CEBPB IP - HepG2 cells, CEBPB ChIP-Seq - HepG2",,,
MYBL2,CYP7A1,liver,MYBL2 IP - HepG2 cells,,,
FOSL2,CYP7A1,liver,FOSL2 IP - HepG2 cells,,,
SPI1,CYP7A1,leukocytes,"SPI1 IP, SPI1 IP",,,
CTCF,CYP7A1,kidney,"CTCF IP - RPTEC cells, Rep 1 ",,,
SP1,CYP7A1,liver,SP1 IP - HepG2 cells,,,9875228
JUN,CYP7A1,vasculature,JUN IP,,,
HEY1,CYP7A1,liver,HEY1 IP - HepG2 cells,,,
JUND,CYP7A1,liver,JUND IP - HepG2 cells,,,
PIAS1,CYP7A1,prostate,PIAS1 + R1881 | FOXA1 ChIP-Seq - Rep 2,,,
CTCF,CYP7A1,stemcells,"CTCF IP - Rep 6 , CTCF IP - H1 cells ",,,
CTCF,CYP7A1,colon,"CTCF IP - HCT116 cells, Rep 1 ",,,
TEAD4,CYP7A1,liver,TEAD4 IP - HepG2 cells,,,
ARID3A,CYP7A1,liver,ARID3A IP - HepG2 cells,,,
ELF1,CYP7A1,leukocytes,ELF1 IP - SK-N-SH cells,,,
MAX,CYP7A1,leukocytes,MAX IP - K562 cells,,,
JUND,CYP7A1,leukocytes,JUND IP - K562 cells,,,
CTCF,CYP7B1,cns,"CTCF IP - HCPEpiC cells, Rep 1 , CTCF IP - BE(2)-C cells, Rep 2 , CTCF IP - spinal cord astrocyte cells, Rep 2 , CTCF IP - HCPEpiC cells, Rep 2 , CTCF IP - SK-N-SH cells , CTCF IP - SK-N-SH cells, Rep 2 , CTCF IP - BE(2)-C cells, Rep 1 , CTCF IP - spinal cord astrocyte cells, Rep 1 , CTCF IP - SK cells, CTCF IP - SK-N-SH cells, Rep 1 , CTCF IP - cerebellar astrocyte cells, Rep 2 ",,,
ERG,CYP7B1,prostate,ERG ChIP-Seq,,,
SRF,CYP7B1,stemcells,"SRF IP - Rep 6 , SRF IP - Rep 5 , SRF IP - Rep 4 , SRF IP - Rep 7 , SRF IP - Rep 1 ",,,
FOXA1,CYP7B1,mammarygland,"DEX | FOXA1 ChIP-Seq - Rep 1, DEX | FOXA1 ChIP-Seq - Rep 2, DEX | FOXA1 ChIP-Seq - Rep 1, FOXA1 IP - T47D, FOXA1 ChIP-Seq - Rep 2, 17BE2 | FOXA1 ChIP-Seq - Rep 2, FOXA1 IP - T47D cells, DEX | FOXA1 ChIP-Seq - Rep 2, 17BE2 | FOXA1 ChIP-Seq - Rep 1, FOXA1 ChIP-Seq - Rep 2, FOXA1 ChIP-Seq - Rep 1, FOXA1 ChIP-Seq - Rep 1, 17BE2 | FOXA1 ChIP-Seq - Rep 1",,,
DEX,CYP7B1,mammarygland,"DEX | FOXA1 ChIP-Seq - Rep 1, DEX | FOXA1 ChIP-Seq - Rep 2, DEX | FOXA1 ChIP-Seq - Rep 1, DEX | FOXA1 ChIP-Seq - Rep 2",,,
CTCF,CYP7B1,mammarygland,"CTCF IP - HMF cells, Rep 2 , CTCF IP - HMEC cells, Rep 1 ",,,
TCF12,CYP7B1,leukocytes,TCF12 IP - GM12878 cells,,,
CTCF,CYP7B1,hspcs,"CTCF IP - HSPCs, Rep 1, CTCF IP - HEL 92.1.7 cells, Rep 11 , CTCF IP - HEL 92.1.7 cells, Rep 2 , CTCF IP - HSPCs, Rep 2, CTCF IP - HEL 92.1.7 cells, Rep 8 , CTCF IP - HEL 92.1.7 cells, Rep 5 , CTCF IP - Erythroid cells, Rep 1",,,
SPI1,CYP7B1,leukocytes,"SPI1 IP, SPI1 IP, SPI1 IP, SPI1 IP - GM12878 cells, Rep 4 , SPI1 IP - GM12891 cells, SPI1 IP - HL cells",,,
CTCF,CYP7B1,leukocytes,"CTCF IP - GM10847 cells, Rep 2 , CTCF IP - GM12867 cells , CTCF IP - GM19099 cells, Rep 2 , CTCF IP - GM19099 cells, Rep 1 , CTCF IP - GM18486 cells, Rep 3 , CTCF IP - GM12870 cells , CTCF IP - GM2255 cells, Rep 2 , CTCF IP - MS1 cells, Rep 3 , CTCF IP - GM2255 cells, Rep 1 , CTCF IP - GM2630 cells, Rep 2 , CTCF IP - GM12828 cells, CTCF IP - GM12878 cells, Rep 1 , CTCF IP - F36P cells, Rep 15 , CTCF IP - F36P cells, Rep 19 , CTCF IP - GM19239 cells, Rep 1 , CTCF IP - MS1 cells, Rep 4 , CTCF IP - GM12878 cells, Rep 2 , CTCF IP - F36P cells, Rep 14 , CTCF IP - GM18951 cells, Rep 2 , CTCF IP - GM12873 cells, Rep 3 , CTCF IP - GM18486 cells, Rep 1 , CTCF IP - GM12869 cells , CTCF IP - GM2610 cells, Rep 2 , CTCF IP - GM2588 cells, Rep 2 , CTCF IP - GM12875 cells, Rep 1 , CTCF IP - GM19238 cells, Rep 1 , CTCF IP - GM12891 cells, Rep 1 , CTCF ChIP-Seq - GM12878, CTCF IP - GM19240 cells, Rep 2 , CTCF IP - GM12871 cells , CTCF IP - GM2255 cells, Rep 3 , CTCF IP - GM12868 cells , CTCF IP - GM2588 cells, Rep 3 , CTCF IP - KU812 cells, Rep 1 , CTCF IP - GM10847 cells, Rep 1 , CTCF IP - GM12878 cells, Rep 2 , CTCF IP - GM18526 cells, Rep 2 , CTCF IP - GM19238 cells, Rep 2 , CTCF IP - F36P cells, Rep 11 , CTCF IP - GM12873 cells, Rep 1 , CTCF IP - F36P cells, Rep 3 , CTCF IP - GM18505 cells, Rep 2 , CTCF IP - MS1 cells, Rep 1 , CTCF IP - GM12874 cells, Rep 2 , CTCF IP - GM18951 cells, Rep 1 , CTCF IP - KU812 cells, Rep 9 , CTCF IP - GM12875 cells, Rep 2 , CTCF IP - GM2610 cells, Rep 1 , CTCF IP - GM18486 cells, Rep 2 , CTCF IP - GM11994 cells, Rep 2, CTCF IP - MS1 cells, Rep 2 , CTCF IP - GM07346 cells, CTCF IP - F36P cells, Rep 10 , CTCF IP - GM12866 cells , CTCF IP - GM2588 cells, Rep 1 , CTCF IP - GM12890 cells, Rep 3 , CTCF IP - GM2630 cells, Rep 3 , CTCF IP - GM06986 cells, CTCF IP - GM2610 cells, Rep 3 , CTCF IP - GM19239 cells, Rep 2 , CTCF IP - GM12874 cells, Rep 1 , CTCF IP - GM12891 cells, Rep 2 , CTCF IP - F36P cells, Rep 7 , CTCF IP - GM19240 cells, Rep 1 , CTCF IP - GM06990 cells, Rep 2 , CTCF IP - GM2630 cells, Rep 1 ",,,
YY1,CYP7B1,liver,YY1 IP - HepG2 cells,,,
CTCF,CYP7B1,miscellaneous,"CTCF IP - AG09319 cells, Rep 1 , CTCF IP - AG09319 cells, Rep 2 ",,,
FOXA2,CYP7B1,embryonictissue,FOXA2 IP - Rep 2,,,
MXI1,CYP7B1,cns,MXI1 IP - SK-N-SH cells ,,,
MAFK,CYP7B1,liver,"MAFK IP - HepG2 cells, Rep 2, MAFK IP - HepG2 cells, Rep 1",,,
RUNX1,CYP7B1,hspcs,RUNX1,,,
CTCF,CYP7B1,vasculature,"CTCF IP - HPAF cells, Rep 1 , CTCF IP - HBMEC cells, Rep 1 , CTCF IP - HPAF cells, Rep 2 , CTCF IP - HBMEC cells, Rep 2 ",,,
FOXA2,CYP7B1,stemcells,"FOXA2 IP - ES D2, FOXA2 IP - ES D10, FOXA2 IP - ES D5, FOXA2 IP - ES D7",,,
CTCF,CYP7B1,lung,"CTCF IP - SAEC cells, Rep 1 , CTCF IP | DEX - A549 cells , CTCF IP - SAEC cells, Rep 2 , CTCF IP - A549 cells , CTCF IP - A549 cells, Rep 2 , CTCF IP - HPF cells, Rep 1 ",,,
CTCF,CYP7B1,sensory,"CTCF IP - WERI-Rb-1- cells, Rep 1 , CTCF IP - HRPEpiC cells, Rep 1 , CTCF IP - HRPEpiC cells, Rep 2 , CTCF IP - WERI ",,,
FOXA1,CYP7B1,prostate,"CON KD  | FOXA1 ChIP-Seq, R1881 | FOXA1 ChIP-Seq - Rep 1, FOXA1 ChIP-Seq - Rep 1, FOXA1 ChIP-Seq - LNCaP-abl, EtOH | FOXA1 ChIP-Seq - , CREB1 siRNA | FOXA1 ChIP-Seq - Rep 2, FOXA1 ChIP-Seq, FOXA1 ChIP-Seq - Rep 2, CREB1 siRNA | FOXA1 ChIP-Seq - Rep 1",,,
REST,CYP7B1,leukocytes,"REST IP - GM12878 cells, Rep 10 , REST IP - GM12878 cells, Rep 14 , REST IP - GM12878 cells, Rep 16 , REST IP - GM12878 cells, Rep 13 ",,,
CTCF,CYP7B1,stemcells,"CTCF IP - Rep 5 , CTCF IP - H1 cells, CTCF IP - Rep 4 , CTCF IP - Rep 1 , CTCF IP - H1 cells , CTCF IP - Rep 6 ",,,
ZNF143,CYP7B1,leukocytes,ZNF143 IP - GM12878 cells,,,
GATA3,CYP7B1,mammarygland,"GATA3 IP - T47D cells, GATA3 IP - MCF7 cells",,,
YY1,CYP7B1,cns,YY1 IP | ATRA - SK-N-SH cells,,,
ATRA,CYP7B1,cns,YY1 IP | ATRA - SK-N-SH cells,,,
R1881,CYP7B1,prostate,R1881 | FOXA1 ChIP-Seq - Rep 1,,,
CTCF,CYP7B1,megakaryocytelineage,"CTCF IP - MEG-01 cells, Rep 2 , CTCF IP - MEG-01 cells, Rep 10 , CTCF IP - MEG-01 cells, Rep 8 , CTCF IP - MEG-01 cells, Rep 4 , CTCF IP - MEG-01 cells, Rep 6 ",,,
CTCF,CYP7B1,liver,"CTCF IP, CTCF IP - SK-N-SH cells, CTCF IP - HepG2 cells, Rep 2 ",,,
E2F6,CYP7B1,lung,E2F6 IP - A549 cells,,,
CTCF,CYP7B1,heart,"CTCF IP - myocytes cells, Rep 2 , CTCF IP - myocytes cells, Rep 1 ",,,
TP53,CYP7B1,leukocytes,TP53 IP - Doxo DNA damage,,,
FOS,CYP7B1,mammarygland,FOS IP - MCF10A cells,,,
FOXA2,CYP7B1,lung,FOXA2 IP - A549 cells,,,
CTCF,CYP7B1,kidney,"CTCF IP - HEK293 cells, Rep 1 , CTCF IP - HRE cells, Rep 1 , CTCF IP - RPTEC cells, Rep 1 , CTCF IP - RPTEC cells, Rep 2 , CTCF IP - HEK293 cells, Rep 2 , CTCF IP - HRE cells, Rep 2 ",,,
GATA2,CYP7B1,prostate,GATA2 ChIP-Seq,,,
ELF1,CYP7B1,leukocytes,ELF1 IP - SK-N-SH cells,,,
STAT1,CYP7B1,leukocytes,"STAT1 IP - Rep 1, STAT1 IP - Rep 4, STAT1 IP - Rep 3",,,
IFNG,CYP7B1,leukocytes,"STAT1 IP - Rep 1, STAT1 IP - Rep 4, STAT1 IP - Rep 3",,,
CTCF,CYP7B1,skin,"CTCF IP - NHEK cells , CTCF IP - AG04449 cells, Rep 1 , CTCF IP - HFFC cells, Rep 3 , CTCF IP - AG04449 cells, Rep 2 , CTCF IP - BJ cells, Rep 1 , CTCF IP - GM12878 cells, Rep 2 , CTCF IP - AG10803 cells, Rep 1 , CTCF IP - BJ cells, Rep 2 , CTCF IP - HFFC cells, Rep 1 ",,,
TBP,CYP7B1,stemcells,TBP IP - H1 cells,,,
HIF1A,CYP7B1,bone,HIF1A IP,,,
17BE2,CYP7B1,mammarygland,"17BE2 | FOXA1 ChIP-Seq - Rep 2, 17BE2 | FOXA1 ChIP-Seq - Rep 1, 17BE2 | FOXA1 ChIP-Seq - Rep 1",,,
TBP,CYP7B1,leukocytes,TBP IP - GM12878 cells,,,
DEX,CYP7B1,lung,CTCF IP | DEX - A549 cells ,,,
YY1,CYP7B1,stemcells,YY1 IP - H1 cells,,,
EBF1,CYP7B1,leukocytes,"EBF1 IP - GM12878 cells, EBF1 IP - GM12878 cells",,,
PBX3,CYP7B1,leukocytes,PBX3 IP - GM12878 cells,,,
GABPA,CYP7B1,stemcells,GABPA IP - H1 cells,,,
MAX,CYP7B1,lung,MAX IP - A549 cells,,,
TEAD4,CYP7B1,stemcells,TEAD4 IP - H1 cells,,,
CTCF,CYP7B1,bone,CTCF IP - Osteoblasts ,,,
MAFF,CYP7B1,liver,MAFF IP - HepG2 cells,,,
CTCF,CYP7B1,pancreas,CTCF IP,,,
NFKB1,CYP7B1,leukocytes,NFKB1 IP - Rep 2,,,
JUND,CYP7B1,lung,JUND IP - A549 cells,,,
RELA,CYP7B1,adiposetissue,RELA IP,,,
E2F6,CYP7B1,stemcells,E2F6 IP - H1 cells,,,
CEBPB,CYP7B1,stemcells,"CEBPB IP, CEBPB IP, CEBPB IP",,,
MAX,CYP7B1,cns,MAX IP - SK-N-SH cells,,,
MAX,CYP7B1,stemcells,MAX IP - H1 cells,,,
JUND,CYP7B1,stemcells,JUND IP - H1 cells,,,
RELA,CYP7B1,leukocytes,"RELA IP | TNF - GM19099 cells, RELA IP | TNF - GM12891 cells",,,
EGR1,CYP7B1,stemcells,EGR1 IP - H1 cells,,,
CREB1,CYP7B1,prostate,"CREB1 siRNA | FOXA1 ChIP-Seq - Rep 2, CREB1 siRNA | FOXA1 ChIP-Seq - Rep 1",,,
MAX,CYP7B1,liver,MAX IP - HepG2 cells,,,
POU2F2,CYP7B1,leukocytes,POU2F2 IP - GM12878 cells,,,
CTCF,CYP7B1,adiposetissue,CTCF ChIP-Seq - d 9,,,
TNF,CYP7B1,leukocytes,RELA IP | TNF - GM12891 cells,,,
CREB1,CYP7B1,leukocytes,CREB1 IP - GM12878 cells,,,
OTX2,CYP7B1,stemcells,OTX2 IP - Rep 10 ,,,
BACH1,CYP7B1,stemcells,BACH1 IP - H1 cells,,,
PAX5,CYP7B1,leukocytes,"PAX5 IP - GM12878 cells, Rep 1",,,
GATA2,CYP7B1,hspcs,GATA2 IP,,,
MYC,CYP7B1,mammarygland,DHT | MYC ChIP-Seq,,,
DHT,CYP7B1,mammarygland,DHT | MYC ChIP-Seq,,,
CTCF,CYP8B1,leukocytes,"CTCF IP - GM18526 cells, Rep 1 , CTCF IP - K562 cells, Rep 13 , CTCF IP - UT-7 cells, Rep 6 , CTCF IP - F36P cells, Rep 10 , CTCF IP - GM19193 cells, Rep 1 , CTCF IP - GM11994 cells, Rep 2, CTCF IP - GM07037 cells, CTCF IP - HL-60 cells, Rep 9 , CTCF IP - GM12892 cells, Rep 2 , CTCF IP - GM12875 cells, Rep 1 , CTCF IP - K562 cells, Rep 6 , CTCF IP - GM12864 cells, Rep 1 , CTCF IP - GM07346 cells, CTCF IP -  DND , CTCF IP - F36P cells, Rep 2 , CTCF IP - K562 cells, Rep 12 , CTCF IP - GM06990 cells, Rep 2 , CTCF IP - GM12815 cells, Rep 1, CTCF IP - GM11831 cells, CTCF IP - F36P cells, Rep 15 , CTCF IP - GM12872 cells, CTCF IP - KU812 cells, Rep 13 , CTCF IP - K562 cells, Rep 2 , CTCF IP - KU812 cells, Rep 17 , CTCF IP - GM11994 cells, Rep 1, CTCF IP - GM19193 cells, Rep 2 , CTCF IP - GM12154 cells, Rep 2, CTCF IP - GM12871 cells , CTCF IP, CTCF IP - UT-7 cells, Rep 5 , CTCF IP - GM12890 cells, Rep 1 , CTCF IP - GM2588 cells, Rep 1 , CTCF IP - K562 cells , CTCF IP - K562 cells, Rep 7 , CTCF IP - GM18486 cells, Rep 3 , CTCF IP - GM12872 cells, Rep 1 , CTCF IP - K562 cells, CTCF IP - GM12878 cells, Rep 2 , CTCF IP - F36P cells, Rep 9 , CTCF IP - GM2255 cells, Rep 1 , CTCF IP - UT-7 cells, Rep 4 , CTCF IP - GM19238 cells, Rep 1 , CTCF IP - GM12890 cells, Rep 2 , CTCF IP - K562 cells, Rep 8 , CTCF IP - K562 cells, Rep 1 , CTCF IP - GM12878 cells, Rep 2 , CTCF IP - K562 cells, Rep 11 , CTCF IP - GM19240 cells, Rep 2 , CTCF IP - UT-7 cells, Rep 3 , CTCF IP - GM10847 cells, Rep 2 , CTCF IP - GM12874 cells, CTCF IP - GM12154 cells, Rep 1, CTCF IP - F36P cells, Rep 6 , CTCF IP - GM12866 cells , CTCF IP - F36P cells, Rep 5 , CTCF IP - GM11894 cells, Rep 1, CTCF IP - K562 cells, Rep 5 , CTCF IP - HL-60 cells, Rep 7 , CTCF IP - GM12869 cells , CTCF IP - GM12873 cells, Rep 3 , CTCF IP - KU812 cells, Rep 9 , CTCF IP - F36P cells, Rep 1 , CTCF IP - GM11811 cells, Rep 2, CTCF IP - GM2610 cells, Rep 2 , CTCF IP - UT-7 cells, Rep 1 , CTCF IP - GM11992 cells, Rep 2, CTCF IP - U-937 cells, Rep 1 , CTCF IP - GM2255 cells, Rep 3 , CTCF IP - GM10847 cells, Rep 1 , CTCF IP - GM12865 cells, Rep 3 , CTCF IP - GM12865 cells, Rep 2 , CTCF IP - UT-7 cells, Rep 2 , CTCF IP - GM06990 cells, Rep 1 , CTCF IP - GM19238 cells, Rep 2 , CTCF IP - GM12890 cells, Rep 3 , CTCF IP - GM2610 cells, Rep 3 , CTCF IP - GM06986 cells, CTCF IP - MS1 cells, Rep 1 , CTCF IP - GM18951 cells, Rep 1 , CTCF IP - K562 cells, Rep 16 , CTCF IP - GM12875 cells, Rep 2 , CTCF IP - GM12892 cells, Rep 1 , CTCF IP - F36P cells, Rep 7 , CTCF IP - GM2630 cells, Rep 1 , CTCF IP - K562 cells, Rep 9 , CTCF IP - GM19240 cells, Rep 1 , CTCF IP - K562 cells, CTCF IP - KU812 cells, Rep 1 , CTCF IP - F36P cells, Rep 3 , CTCF IP - MS1 cells, Rep 2 , CTCF IP - GM11881 cells, CTCF IP - GM2630 cells, Rep 3 , CTCF IP - F36P cells, Rep 11 , CTCF IP - F36P cells, Rep 19 , CTCF IP - GM19239 cells, Rep 2 , CTCF IP - GM12828 cells, CTCF IP - GM18505 cells, Rep 1 , CTCF IP - GM12891 cells, Rep 2 , CTCF IP - GM11894 cells, Rep 2, CTCF IP - F36P cells, Rep 18 , CTCF IP - GM12865 cells, Rep 1 , CTCF IP - GM12872 cells, Rep 2 , CTCF IP - GM12005 cells, Rep 1, CTCF IP - GM12864 cells, Rep 3 , CTCF IP - K562 cells, Rep 14 , CTCF IP - GM12814 cells, Rep 1, CTCF IP - GM19239 cells, Rep 1 , CTCF IP - GM12005 cells, Rep 2, CTCF IP - GM12878 cells, Rep 1 , CTCF IP - GM12868 cells , CTCF IP - GM12873 cells, Rep 1 , CTCF IP - GM12874 cells, Rep 2 , CTCF IP - F36P cells, Rep 17 , CTCF IP - GM19099 cells, Rep 2 , CTCF IP - GM12878 cells , CTCF IP - GM19099 cells, Rep 1 , CTCF IP - GM12155 cells, Rep 2, CTCF IP - GM12872 cells, Rep 3 , CTCF IP - K562 cells, Rep 15 , CTCF IP - MS1 cells, Rep 3 , CTCF IP - GM2588 cells, Rep 2 , CTCF IP - GM2630 cells, Rep 2 , CTCF IP - F36P cells, Rep 13 , CTCF IP - HL , CTCF IP - GM12864 cells, Rep 2 , CTCF IP - GM12234 cells, CTCF IP - HL-60 cells, Rep 5 , CTCF IP - MS1 cells, Rep 4 , CTCF ChIP-Seq - GM12878, CTCF IP - GM12891 cells, Rep 1 , CTCF IP - CD14+ cells , CTCF IP - GM12874 cells, Rep 1 , CTCF IP - GM12814 cells, Rep 2, CTCF IP - KU812 cells, Rep 5 , CTCF IP - GM2255 cells, Rep 2 , CTCF IP - GM11811 cells, Rep 1, CTCF IP - GM18486 cells, Rep 1 , CTCF IP - GM12006 cells, Rep 2, CTCF IP -  CD20+ cells , CTCF IP - K562 cells, CTCF IP - HeLa cells, Rep 2 , CTCF IP - NB4 cells , CTCF IP - GM12489 cells, Rep 1, CTCF IP - GM18486 cells, Rep 2 , CTCF IP - GM12878 cells, Rep 1 , CTCF IP - GM2610 cells, Rep 1 , CTCF IP - GM12749 cells, Rep 1, CTCF IP - GM2588 cells, Rep 3 , CTCF IP - GM18951 cells, Rep 2 , CTCF IP - GM12287 cells, Rep 1, CTCF IP - F36P cells, Rep 14 , CTCF IP - GM12870 cells , CTCF IP - GM12867 cells , CTCF IP - GM12873 cells, Rep 1 , CTCF IP - GM18526 cells, Rep 2 , CTCF IP - GM18505 cells, Rep 2 ",,,
TCF7L2,CYP8B1,mammarygland,TCF7L2 ChIP-Seq,,,
CTCF,CYP8B1,skin,"CTCF IP - BJ cells, Rep 1 , CTCF IP - NHEK cells , CTCF IP - AG04449 cells, Rep 2 , CTCF IP - NHDF cells, Rep 2 , CTCF IP - GM12878 cells, Rep 2 , CTCF IP - AG10803 cells, Rep 1 , CTCF IP - AG09309 cells, Rep 1 , CTCF IP - AG04449 cells, Rep 1 , CTCF IP - AG10803 cells, Rep 2 , CTCF IP - AG09309 cells, Rep 2 , CTCF IP - NHDF cells , CTCF IP - HFFC cells, Rep 1 , CTCF IP - NHDF cells, Rep 1 , CTCF IP - HFFC cells, Rep 3 , CTCF IP - HFFC cells, Rep 2 , CTCF IP - BJ cells, Rep 2 , CTCF IP - NHEK cells, Rep 2 ",,,
EGR1,CYP8B1,colon,EGR1 IP - HCT116 cells,,,
SRF,CYP8B1,stemcells,"SRF IP - Rep 3 , SRF IP - Rep 2 , SRF IP - Rep 4 , SRF IP - Rep 7 , SRF IP - Rep 6 , SRF IP - Rep 5 , SRF IP - Rep 1 ",,,
CTCF,CYP8B1,vasculature,"CTCF IP - AoAFC cells, Rep 1 , CTCF IP - HBMEC cells, Rep 1 , CTCF IP - HUVEC cells , CTCF IP - HUVEC cells, Rep 1 , CTCF IP - HBMEC cells, Rep 2 , CTCF IP - HPAF cells, Rep 2 , CTCF IP - AoAFC cells, Rep 2 , CTCF IP - HUVEC cells, Rep 2 , CTCF IP - HPAF cells, Rep 1 ",,,
GATA3,CYP8B1,mammarygland,"GATA3 IP - T47D cells, GATA3 IP - MCF7 cells",,,
CTCF,CYP8B1,kidney,"CTCF IP - RPTEC cells, Rep 2 , CTCF IP - HRE cells, Rep 1 , CTCF IP - HRE cells, Rep 2 , CTCF IP - HEK293 cells, Rep 2 , CTCF IP - RPTEC cells, Rep 1 , CTCF IP - HEK293 cells, Rep 1 ",,,
RUNX1,CYP8B1,hspcs,"RUNX1, RUNX1 IP",,,
FOSL2,CYP8B1,cns,FOSL2 IP - SK-N-SH cells,,,
FOXM1,CYP8B1,leukocytes,FOXM1 IP - GM12878 cells,,,
MYB,CYP8B1,leukocytes,"MYB IP - Jurkat, Rep 3, MYB IP - Jurkat, Rep 1, MYB IP - MOLT3, MYB IP - Jurkat, Rep 4, MYB IP - Jurkat, Rep 5, MYB IP - Jurkat, Rep 2",,,
TCF12,CYP8B1,leukocytes,TCF12 IP - GM12878 cells,,,
GATA2,CYP8B1,hspcs,GATA2 IP,,,
CTCF,CYP8B1,cns,"CTCF IP - cerebellar astrocyte cells, Rep 1 , CTCF IP - SK cells, CTCF IP - SK-N-SH cells, Rep 2 , CTCF IP - HCPEpiC cells, Rep 2 , CTCF IP - cerebellar astrocyte cells, Rep 2 , CTCF IP - BE(2)-C cells, Rep 1 , CTCF IP - HCPEpiC cells, Rep 1 , CTCF IP - BE(2)-C cells, Rep 2 , CTCF IP - spinal cord astrocyte cells, Rep 1 , CTCF IP - SK-N-SH cells, Rep 1 , CTCF IP - NHA cells , CTCF IP - spinal cord astrocyte cells, Rep 2 , CTCF IP - SK-N-SH cells ",,,
SPI1,CYP8B1,leukocytes,"SPI1 IP, SPI1 IP - GM12891 cells, SPI1 IP - GM12878 cells, SPI1 IP, SPI1 IP - HL cells, SPI1 IP, SPI1 IP, SPI1 IP",,,
IRF1,CYP8B1,leukocytes,"IRF1 IP | IFNA1-13 - K562 cells, 6 h, IRF1 IP | IFNG - K562 cells, 6 h",,,
IFNA1,CYP8B1,leukocytes,"IRF1 IP | IFNA1-13 - K562 cells, 6 h, MYC IP | IFNA1 - K562 cells, 30 min, MYC IP | IFNA1 - K562 cells, 6 h",,,
CTCF,CYP8B1,liver,"CTCF IP - HepG2 cells, Rep 1 , CTCF IP - HepG2 cells, Rep 2 , CTCF IP, CTCF IP - SK-N-SH cells, CTCF IP - HepG2 cells ",,,
MAFF,CYP8B1,liver,MAFF IP - HepG2 cells,,,
KLF11,CYP8B1,adiposetissue,"KLF11 ChIP-Seq, Rep 2, ROSI (BrAT) | KLF11 ChIP-Seq, Rep 1, ROSI (BrAT) | KLF11 ChIP-Seq, Rep 2, KLF11 ChIP-Seq, Rep 1",,,
CTCF,CYP8B1,mammarygland,"CTCF IP - HMEC cells, Rep 2 , CTCF IP - MCF7 cells, CTCF IP - HMEC cells, Rep 1 , CTCF IP - HMEC cells , CTCF IP - HMF cells, Rep 1 , CTCF IP - MCF-7 cells Rep 2 , CTCF IP - T47D cells, CTCF IP - MCF-7 cells, Rep 1 , CTCF IP - HMF cells, Rep 2 ",,,
POU2F2,CYP8B1,leukocytes,POU2F2 IP - GM12878 cells,,,
CTCF,CYP8B1,skeletalmuscle,"CTCF IP - HSMM cells, Rep 2 , CTCF IP - HSMM cells, Rep 1 ",,,
CTCF,CYP8B1,heart,"CTCF IP - myocytes cells, Rep 1 , CTCF IP - myocytes cells, Rep 2 , CTCF IP - HCF cells ",,,
YY1,CYP8B1,leukocytes,"YY1 IP - GM12878 cells, YY1 IP - GM12892 cells, Rep 1, YY1 IP - K562 cells, Rep 1, YY1 IP - K562 cells, Rep 2, YY1 IP - GM12891 cells",,,
MAZ,CYP8B1,liver,MAZ IP - HepG2 cells,,,
GATA2,CYP8B1,prostate,"GATA2 ChIP-Seq, CON KD + R1881 | GATA2 ChIP-Seq, GATA2 ChIP-Seq - Rep 2, FOXA1 KD | GATA2 ChIP-Seq",,,
CTCF,CYP8B1,lung,"CTCF IP - WI-38 cells, Rep 2 , CTCF IP | DEX - A549 cells , CTCF IP - A549 cells, Rep 1 , CTCF IP - SAEC cells, Rep 2 , CTCF IP - A549 cells , CTCF IP - NHLF cells , CTCF IP - SAEC cells, Rep 1 , CTCF IP | DEX - A549 cells, CTCF IP - HPF cells, Rep 1 , CTCF IP - WI-38 cells, Rep 1 , CTCF IP - A549 cells, CTCF IP - IMR cells, CTCF IP - A549 cells, Rep 2 , CTCF IP - NHLF cells , CTCF ChIP-Seq - A549, CTCF IP - AG04450 cells, Rep 2 , CTCF IP - HPF cells, Rep 2 , CTCF IP - AG04450 cells, Rep 1 ",,,
GTF2B,CYP8B1,uterus,"GTF2B IP - DTT, Rep 1",,,
MYC,CYP8B1,leukocytes,"MYC IP - K562 cells, Rep 1, MYC IP - NB4 cells, MYC IP | IFNA1 - K562 cells, 30 min, MYC IP | IFNA1 - K562 cells, 6 h, MYC IP | IFNG - K562 cells, 30 min",,,
CTCF,CYP8B1,megakaryocytelineage,"CTCF IP - MEG-01 cells, Rep 4 , CTCF IP - MEG-01 cells, Rep 8 , CTCF IP - CHRF-288-11 cells, Rep 2 , CTCF IP - MEG-01 cells, Rep 6 , CTCF IP - MEG-01 cells, Rep 2 , CTCF IP - MEG-01 cells, Rep 10 ",,,
DEX,CYP8B1,lung,"CTCF IP | DEX - A549 cells , CTCF IP | DEX - A549 cells, CREB1 IP | DEX - A549 cells",,,
TAL1,CYP8B1,leukocytes,TAL1 IP - MOLT3,,,
UBTF,CYP8B1,leukocytes,UBTF IP - K562 cells,,,
CTCF,CYP8B1,colon,"CTCF IP - Rep 1 , CTCF IP - HCT116 cells, CTCF IP - Caco , CTCF IP - Rep 2 , CTCF IP - HCT116 cells, Rep 2 , CTCF IP - HCT116 cells, Rep 1 , CTCF IP - Caco-2 cells, Rep 1 ",,,
MAFK,CYP8B1,liver,"MAFK IP - HepG2 cells, Rep 1, MAFK IP - HepG2 cells, Rep 2",,,
CTCF,CYP8B1,placenta,"CTCF IP - HVMF cells, Rep 1 , CTCF IP - HVMF cells, Rep 2 ",,,
TBP,CYP8B1,stemcells,TBP IP - H1 cells,,,
GATA4,CYP8B1,stomach,GATA4 IP - AGS,,,
MYC,CYP8B1,bone,MYC IP,,,
MAX,CYP8B1,leukocytes,"MAX IP - GM12878 cells, MAX IP - NB4 cells, MAX IP - K562 cells, MAX IP - K562 cells, Rep 2",,,
MAX,CYP8B1,cns,MAX IP - SK-N-SH cells,,,
ELF1,CYP8B1,liver,ELF1 IP - HepG2 cells,,,
GABPA,CYP8B1,leukocytes,"GABPA IP - HL cells, GABPA IP - GM12878 cells, Rep 2 , GABPA IP - Jurkat, Rep 2, GABPA IP - GM12878 cells, GABPA IP - K562 cells, GABPA IP - GM12878 cells, Rep 5 , GABPA IP - GM12878 cells, Rep 4 , GABPA IP - Jurkat, Rep 1, GABPA IP - GM12878 cells, Rep 1 , GABPA IP - GM12878 cells, Rep 3 ",,,
ERG,CYP8B1,prostate,"DHT | ERG ChIP-Seq - 18 h, ERG ChIP-Seq, DHT | ERG ChIP-Seq - 2 h, DMSO | ERG ChIP-Seq - Rep 1, JQI | ERG ChIP-Seq - Rep 2, ERG ChIP-Seq, DMSO | ERG ChIP-Seq - Rep 2, JQI | ERG ChIP-Seq - Rep 1",,,
DHT,CYP8B1,prostate,"DHT | ERG ChIP-Seq - 18 h, DHT | ERG ChIP-Seq - 2 h",,,
GABPA,CYP8B1,prostate,"GABPA IP | R1881, GABPA IP - Rep 1",,,
R1881,CYP8B1,prostate,"GABPA IP | R1881, CON KD + R1881 | GATA2 ChIP-Seq",,,
CTCF,CYP8B1,esophagus,"CTCF IP - HEEpiC cells, Rep 2 , CTCF IP - HEEpiC cells, Rep 1 ",,,
CTCF,CYP8B1,hspcs,"CTCF IP - HEL 92.1.7 cells, Rep 11 , CTCF IP - HEL 92.1.7 cells, Rep 10 , CTCF IP - Erythroid cells, Rep 1, CTCF IP - HSPCs, Rep 1, CTCF IP - HEL 92.1.7 cells, Rep 14 , CTCF IP - HEL 92.1.7 cells, Rep 8 , CTCF IP - Erythroid cells, Rep 2, CTCF IP - HEL 92.1.7 cells, Rep 1 , CTCF IP - HEL 92.1.7 cells, Rep 5 , CTCF IP - HEL 92.1.7 cells, Rep 7 , CTCF IP - HEL 92.1.7 cells, Rep 13 , CTCF IP - HEL 92.1.7 cells, Rep 2 , CTCF IP - HSPCs, Rep 2",,,
IRF1,CYP8B1,colon,IRF1 IP ,,,
RELA,CYP8B1,leukocytes,"RELA IP | TNF - GM19099 cells, RELA IP | TNF - GM12891 cells, RELA IP | TNF - GM18951 cells, RELA IP | BAY082  - IVD Th1 cells, PIA, RELA IP - IVD Th1 cells, PIA",,,
MAFF,CYP8B1,leukocytes,MAFF IP - K562 cells,,,
KLF4,CYP8B1,stemcells,KLF4 IP,,,
CTCF,CYP8B1,uterus,"CTCF IP - HeLa cells, Rep 1 , CTCF IP - ECC1 cells, CTCF IP - HeLa cells ",,,
JUN,CYP8B1,mammarygland,JUN IP - Rep 2,,,
REST,CYP8B1,cns,"REST IP - U87 cells, REST IP - PFSK1 cells, Rep 2, REST IP - SK cells",,,
FOXA1,CYP8B1,liver,"FOXA1 IP - HepG2 cells, Rep 1, FOXA1 IP - HepG2 cells, Rep 2",,,
SRF,CYP8B1,uterus,SRF IP - ECC1 cells,,,
ETS1,CYP8B1,leukocytes,"ETS1 IP - K562 cells, ETS1 IP, ETS1 IP - GM12878 cells",,,
EBF1,CYP8B1,leukocytes,EBF1 IP - GM12878 cells,,,
CTCF,CYP8B1,stemcells,"CTCF IP - Rep 1 , CTCF IP - Rep 7 , CTCF IP - Rep 3 , CTCF IP - Rep 6 , CTCF IP - H1 cells , CTCF IP - H1 cells, CTCF IP - Rep 2 , CTCF IP - Rep 4 , CTCF IP - Rep 5 ",,,
ELF1,CYP8B1,cns,ELF1 IP - SK-N-SH cells,,,
SIX2,CYP8B1,kidney,"SIX2 IP - 17 weeks, Rep 1, SIX2 IP - 17 weeks, Rep 2",,,
ZBTB7A,CYP8B1,uterus,ZBTB7A IP - ECC1 cells,,,
ELF1,CYP8B1,colon,ELF1 IP - HCT116 cells,,,
ZNF143,CYP8B1,leukocytes,"ZNF143 IP - GM12878 cells, ZNF143 IP - K562 cells",,,
IRF4,CYP8B1,leukocytes,"IRF4 IP, IRF4 IP - GM12878 cells",,,
CEBPB,CYP8B1,liver,CEBPB IP | FORSK - HepG2 cells,,,
FORSK,CYP8B1,liver,CEBPB IP | FORSK - HepG2 cells,,,
CREB1,CYP8B1,leukocytes,"CREB1 IP - K562 cells, CREB1 IP - GM12878 cells",,,
USF1,CYP8B1,colon,USF1 IP - HCT116 cells,,,
EGR1,CYP8B1,leukocytes,EGR1 IP - K562 cells,,,
FOSL2,CYP8B1,liver,FOSL2 IP - HepG2 cells,,,
ZNF143,CYP8B1,stemcells,ZNF143 IP - H1 cells,,,
E2F1,CYP8B1,prostate,"HES6 OE | E2F1 ChIP-Seq - Rep 3, HES6 OE | E2F1 ChIP-Seq - Rep 1, E2F1 ChIP-Seq - Rep 1",,,
HES6,CYP8B1,prostate,"HES6 OE | E2F1 ChIP-Seq - Rep 3, HES6 OE | E2F1 ChIP-Seq - Rep 1",,,
MAX,CYP8B1,colon,MAX IP - HCT116 cells,,,
ELF1,CYP8B1,leukocytes,"ELF1 IP - SK-N-SH cells, ELF1 IP - SK-N-SH cells",,,
ATF2,CYP8B1,colon,ATF2 IP ,,,
FOSL1,CYP8B1,colon,FOSL1 IP - HCT116 cells,,,
E2F6,CYP8B1,leukocytes,"E2F6 IP - K562 cells, E2F6 IP - K562 cells",,,
ZNF384,CYP8B1,leukocytes,ZNF384 IP - K562 cells,,,
HEY1,CYP8B1,liver,HEY1 IP - HepG2 cells,,,
FOXA1,CYP8B1,mammarygland,"DEX | FOXA1 ChIP-Seq - Rep 1, DHT | FOXA1 ChIP-Seq, FOXA1 ChIP-Seq - Rep 1, FOXA1 ChIP-Seq - Rep 2, FOXA1 IP - T47D cells",,,
DEX,CYP8B1,mammarygland,DEX | FOXA1 ChIP-Seq - Rep 1,,,
PBX3,CYP8B1,cns,PBX3 IP - SK-N-SH cells,,,
ZNF143,CYP8B1,uterus,ZNF143 IP - HeLa cells,,,
FOXA2,CYP8B1,stemcells,"FOXA2 IP - ES D2, FOXA2 IP - ES D10, FOXA2 IP - ES D5",,,
CTCF,CYP8B1,bone,"CTCF IP, CTCF IP - Osteoblasts ",,,
CREB1,CYP8B1,stemcells,CREB1 IP - H1 cells,,,
YY1,CYP8B1,liver,YY1 IP - HepG2 cells,,,
USF1,CYP8B1,liver,USF1 IP - HepG2 cells,,,
STAT1,CYP8B1,leukocytes,"STAT1 IP - Rep 5, STAT1 IP - Rep 2, STAT1 IP - Rep 1, STAT1 IP - Rep 4, STAT1 IP - Rep 3, STAT1 IP - Rep 6",,,
IFNG,CYP8B1,leukocytes,"STAT1 IP - Rep 5, STAT1 IP - Rep 2, STAT1 IP - Rep 1, STAT1 IP - Rep 4, STAT1 IP - Rep 3, IRF1 IP | IFNG - K562 cells, 6 h, STAT1 IP - Rep 6, MYC IP | IFNG - K562 cells, 30 min",,,
TNF,CYP8B1,leukocytes,"RELA IP | TNF - GM12891 cells, RELA IP | TNF - GM18951 cells",,,
GATA2,CYP8B1,cns,GATA2 ChIP-Seq SH-SY5Y,,,
TCF12,CYP8B1,lung,TCF12 IP - A549 cells,,,
GABPA,CYP8B1,lung,GABPA IP - A549 cells,,,
ZBTB7A,CYP8B1,leukocytes,ZBTB7A IP - SK-N-SH cells,,,
JQ1,CYP8B1,prostate,"JQI | ERG ChIP-Seq - Rep 2, JQI | ERG ChIP-Seq - Rep 1",,,
CREB1,CYP8B1,prostate,"CREB1 ChIP-Seq - LNCaP, CREB1 ChIP-Seq - LNCaP-abl",,,
CTCF,CYP8B1,sensory,"CTCF IP - WERI , CTCF IP - HRPEpiC cells, Rep 1 , CTCF IP - WERI-Rb-1- cells, Rep 1 , CTCF IP - HRPEpiC cells, Rep 2 ",,,
MAX,CYP8B1,uterus,MAX IP - ECC1 cells,,,
YY1,CYP8B1,stemcells,YY1 IP - H1 cells,,,
SMAD1,CYP8B1,hspcs,SMAD1 IP - Rep 3,,,
FOXP2,CYP8B1,cns,FOXP2 IP - SK cells,,,
ROSI,CYP8B1,adiposetissue,"ROSI (BrAT) | KLF11 ChIP-Seq, Rep 1, ROSI (BrAT) | KLF11 ChIP-Seq, Rep 2",,,
BHLHE40,CYP8B1,leukocytes,BHLHE40 IP - K562 cells,,,
E2F3,CYP8B1,colon,E2F3 IP ,,,
MAX,CYP8B1,liver,"MAX IP - MCF7 cells, MAX IP - HepG2 cells",,,
ELF1,CYP8B1,mammarygland,ELF1 IP - MCF7 cells,,,
MXI1,CYP8B1,liver,MXI1 IP - HepG2 cells,,,
CTCF,CYP8B1,adiposetissue,"CTCF ChIP-Seq - d 9, CTCF ChIP-Seq - d -2, CTCF ChIP-Seq - d 0",,,
SP1,CYP8B1,stemcells,SP1 IP - H1 cells,,,
STAT3,CYP8B1,leukocytes,"STAT3 IP - U-2932, STAT3 IP - SU-DHL-6, STAT3 IP - SU-DHL-4",,,
RBPJ,CYP8B1,leukocytes,RBPJ IP | COMPE - wash,,,
COMPE,CYP8B1,leukocytes,RBPJ IP | COMPE - wash,,,
ELK1,CYP8B1,uterus,ELK1 IP - HeLa cells,,,
TEAD4,CYP8B1,uterus,TEAD4 IP - ECC1 cells,,,
ELF3,CYP8B1,pancreas,ELF3 IP,,,
REST,CYP8B1,liver,"REST IP - HepG2 cells, Rep 1",,,
FOXA1,CYP8B1,stemcells,FOXA1 IP - Rep 5 ,,,
USF1,CYP8B1,leukocytes,USF1 IP - K562 cells,,,
SP1,CYP8B1,colon,SP1 IP - HCT116 cells,,,
TP53,CYP8B1,mammarygland,TP53 IP,,,
GATA1,CYP8B1,hspcs,"GATA1 IP - PBDE cells, Rep 1",,,
E2F6,CYP8B1,lung,E2F6 IP - A549 cells,,,
E2F1,CYP8B1,mammarygland,"E2F1 IP - MCF7 cells, E2F1 IP",,,
DHT,CYP8B1,mammarygland,"DHT | FOXA1 ChIP-Seq, DHT | MYC ChIP-Seq",,,
RELA,CYP8B1,adiposetissue,"RELA IP, RELA IP",,,
MAZ,CYP8B1,lung,MAZ IP - IMR cells,,,
MXI1,CYP8B1,cns,MXI1 IP - SK-N-SH cells ,,,
JUND,CYP8B1,colon,JUND IP - HCT116 cells,,,
PBX3,CYP8B1,leukocytes,PBX3 IP - GM12878 cells,,,
MYBL2,CYP8B1,liver,MYBL2 IP - HepG2 cells,,,
YY1,CYP8B1,colon,YY1 IP - HCT116 cells,,,
CEBPB,CYP8B1,colon,CEBPB IP - HCT116 cells,,,
TBP,CYP8B1,leukocytes,"TBP IP - K562 cells, TBP IP - GM12878 cells",,,
RUNX1,CYP8B1,leukocytes,RUNX1 IP,,,
CEBPB,CYP8B1,stemcells,"CEBPB IP, CEBPB IP",,,
YY1,CYP8B1,cns,"YY1 IP - SK-N-SH cells, YY1 IP | ATRA - SK-N-SH cells",,,
CREB1,CYP8B1,lung,CREB1 IP | DEX - A549 cells,,,
ZEB1,CYP8B1,liver,ZEB1 IP - HepG2 cells,,,
MAX,CYP8B1,stemcells,MAX IP - H1 cells,,,
GABPA,CYP8B1,stemcells,GABPA IP - H1 cells,,,
SRF,CYP8B1,leukocytes,"SRF IP - K562 cells, SRF IP - SK-N-SH cells, SRF IP - GM12878 cells, Rep 2",,,
TAL1,CYP8B1,megakaryocytelineage,"TAL1 IP - CHRF-288-11 cells, Rep 1 , TAL1 IP - CHRF-288-11 cells, Rep 4 ",,,
MXI1,CYP8B1,leukocytes,MXI1 IP - GM12878 cells,,,
CEBPB,CYP8B1,leukocytes,CEBPB ChIP-Seq - K562,,,
TEAD4,CYP8B1,leukocytes,TEAD4 IP - K562 cells,,,
MAFK,CYP8B1,leukocytes,MAFK IP - K562 cells,,,
ELK1,CYP8B1,leukocytes,"ELK1 IP - K562 cells, ELK1 IP - GM12878 cells",,,
CREB1,CYP8B1,liver,"CREB1 IP - HepG2 cells, CREB1 IP",,,
TEAD4,CYP8B1,colon,TEAD4 IP - HCT116 cells,,,
MAZ,CYP8B1,leukocytes,"MAZ IP - K562 cells, MAZ IP - GM12878 cells",,,
BAY082,CYP8B1,leukocytes,"RELA IP | BAY082  - IVD Th1 cells, PIA",,,
ZEB1,CYP8B1,leukocytes,ZEB1 IP - GM12878 cells,,,
JUN,CYP8B1,leukocytes,"JUN IP - K562 cells, Rep 2",,,
SP1,CYP8B1,leukocytes,SP1 IP - GM12878 cells,,,
FOXA2,CYP8B1,liver,FOXA2 IP - HepG2 cells,,,
FOXA2,CYP8B1,embryonictissue,FOXA2 IP - Rep 2,,,
REST,CYP8B1,pancreas,"REST IP - Panc1 cells, Rep 3",,,
SP1,CYP8B1,liver,SP1 IP - HepG2 cells,,,
ATRA,CYP8B1,cns,YY1 IP | ATRA - SK-N-SH cells,,,
HOXA4,CYP8B1,colon,HOXA4 IP ,,,
CTCF,CYP8B1,miscellaneous,"CTCF IP - AG09319 cells, Rep 2 , CTCF IP - AG09319 cells, Rep 1 ",,,
TFAP4,CYP8B1,leukocytes,"TFAP4 IP - Rep 2, TFAP4 IP - Rep 1",,,
FOXA1,CYP8B1,prostate,FOXA1 KD | GATA2 ChIP-Seq,,,
E2F6,CYP8B1,stemcells,E2F6 IP - H1 cells,,,
PAX5,CYP8B1,leukocytes,"PAX5 IP - GM12878 cells, Rep 2, PAX5 IP - GM12878 cells, Rep 1, PAX5 IP - GM12892 cells",,,
ATF2,CYP8B1,stemcells,ATF2 IP - H1 cells,,,
GABPA,CYP8B1,uterus,GABPA IP - HeLa cells,,,
TEAD4,CYP8B1,stemcells,TEAD4 IP - H1 cells,,,
GABPA,CYP8B1,liver,"GABPA IP - MCF7 cells, GABPA IP, GABPA IP - HepG2 cells",,,
ELF1,CYP8B1,lung,ELF1 IP - A549 cells,,,
ZNF263,CYP8B1,kidney,ZNF263 IP - HEK293 cells,,,
MAX,CYP8B1,lung,MAX IP - A549 cells,,,
TAL1,CYP8B1,colon,TAL1 IP ,,,
FOS,CYP8B1,mammarygland,"FOS IP | 4HT - MCF10A cells, 12 h",,,
4HT,CYP8B1,mammarygland,"FOS IP | 4HT - MCF10A cells, 12 h",,,
E2F4,CYP8B1,leukocytes,E2F4 IP - K562 cells,,,
HIF1A,CYP8B1,bone,HIF1A IP,,,
CTCF,CYP8B1,pancreas,CTCF IP,,,
MYC,CYP8B1,mammarygland,DHT | MYC ChIP-Seq,,,
ATF3,CYP8B1,leukocytes,ATF3 IP - K562 cells,,,
HMGN3,CYP8B1,leukocytes,HMGN3 IP - K562 cells,,,
TCF12,CYP8B1,liver,TCF12 IP - HepG2 cells,,,
TCF12,CYP8B1,uterus,TCF12 IP - ECC1 cells,,,
MAZ,CYP8B1,uterus,MAZ IP - HeLa cells,,,
JUND,CYP8B1,liver,JUND IP - HepG2 cells,,,
JUND,CYP8B1,leukocytes,JUND IP - K562 cells,,,
YY1,CYP8B1,uterus,YY1 IP - ECC1 cells,,,
RUNX1T1,CYP8B1,leukocytes,RUNX1T1 IP,,,
SRF,CYP8B1,colon,SRF IP - HCT116 cells,,,
GABPA,CYP8B1,cns,GABPA IP - SK-N-SH cells,,,
CTCF,HSD17B4,leukocytes,"CTCF IP - F36P cells, Rep 19 , CTCF IP - GM12891 cells, Rep 2 , CTCF IP - GM19238 cells, Rep 1 , CTCF IP - HeLa cells, Rep 2 , CTCF IP, CTCF IP - GM12872 cells, Rep 3 , CTCF IP - GM12890 cells, Rep 3 , CTCF IP - GM12892 cells, Rep 1 , CTCF IP - F36P cells, Rep 2 , CTCF IP - MS1 cells, Rep 2 , CTCF IP -  DND , CTCF IP - F36P cells, Rep 6 , CTCF IP - GM12874 cells, Rep 2 , CTCF IP - F36P cells, Rep 7 , CTCF IP - F36P cells, Rep 3 , CTCF IP - F36P cells, Rep 11 ",,,
FOXA1,HSD17B4,prostate,"CON KD + R1881 | FOXA1 ChIP-Seq - Rep 2, FOXA1 siRNA | CREB1 ChIP-Seq - Rep 2, PIAS1 + R1881 | FOXA1 ChIP-Seq - Rep 2, PIAS1 + R1881 | FOXA1 ChIP-Seq - Rep 1, FOXA1 ChIP-Seq, EtOH | FOXA1 ChIP-Seq - Rep 2, R1881 | FOXA1 ChIP-Seq - Rep 1, CREB1 siRNA | FOXA1 ChIP-Seq - Rep 2, FOXA1 ChIP-Seq, CON KD + R1881 | FOXA1 ChIP-Seq - Rep 1, FOXA1 ChIP-Seq - Rep 1, FOXA1 ChIP-Seq - Rep 2, CREB1 siRNA | FOXA1 ChIP-Seq - Rep 1, FOXA1 siRNA | CREB1 ChIP-Seq - Rep 1, FOXA1 KD | GATA2 ChIP-Seq, EtOH | FOXA1 ChIP-Seq - , DHT | FOXA1 ChIP-Seq, R1881 | FOXA1 ChIP-Seq - Rep 2",,,
R1881,HSD17B4,prostate,"CON KD + R1881 | FOXA1 ChIP-Seq - Rep 2, PIAS1 + R1881 | FOXA1 ChIP-Seq - Rep 2, PIAS1 + R1881 | FOXA1 ChIP-Seq - Rep 1, R1881 | FOXA1 ChIP-Seq - Rep 1, CON KD + R1881 | GATA2 ChIP-Seq, CON KD + R1881 | FOXA1 ChIP-Seq - Rep 1, GABPA IP | R1881, R1881 | FOXA1 ChIP-Seq - Rep 2",,,
YY1,HSD17B4,cns,"YY1 IP - SK-N-SH cells, YY1 IP | ATRA - SK-N-SH cells",,,
E2F1,HSD17B4,prostate,"BICALU + HES6 OE | E2F1 ChIP-Seq - Rep 2, E2F1 ChIP-Seq - Rep 1, HES6 OE + BICALU | E2F1 ChIP-Seq - Rep 3, HES6 OE | E2F1 ChIP-Seq - Rep 4, BICALU | E2F1 ChIP-Seq - Rep 1, BICALU | E2F1 ChIP-Seq - Rep 2, BICALU + HES6OE | E2F1 ChIP-Seq - Rep 4, HES6 OE | E2F1 ChIP-Seq - Rep 2, BICALU | E2F1 ChIP-Seq - Rep 3, HES6 OE | E2F1 ChIP-Seq - Rep 3, E2F1 ChIP-Seq - Rep 2, E2F1 ChIP-Seq - Rep 3, HES6 OE | E2F1 ChIP-Seq - Rep 1, HES6 OE + BICALU | E2F1 ChIP-Seq - Rep 1, E2F1 ChIP-Seq - Rep 4",,,
BICALU,HSD17B4,prostate,"BICALU + HES6 OE | E2F1 ChIP-Seq - Rep 2, HES6 OE + BICALU | E2F1 ChIP-Seq - Rep 3, BICALU | E2F1 ChIP-Seq - Rep 1, BICALU | E2F1 ChIP-Seq - Rep 2, BICALU + HES6OE | E2F1 ChIP-Seq - Rep 4, BICALU | E2F1 ChIP-Seq - Rep 3, HES6 OE + BICALU | E2F1 ChIP-Seq - Rep 1",,,
HES6,HSD17B4,prostate,"BICALU + HES6 OE | E2F1 ChIP-Seq - Rep 2, HES6 OE + BICALU | E2F1 ChIP-Seq - Rep 3, HES6 OE | E2F1 ChIP-Seq - Rep 4, BICALU + HES6OE | E2F1 ChIP-Seq - Rep 4, HES6 OE | E2F1 ChIP-Seq - Rep 2, HES6 OE | E2F1 ChIP-Seq - Rep 3, HES6 OE | E2F1 ChIP-Seq - Rep 1, HES6 OE + BICALU | E2F1 ChIP-Seq - Rep 1",,,
JUND,HSD17B4,leukocytes,JUND IP - K562 cells,,,
MXI1,HSD17B4,cns,MXI1 IP - SK-N-SH cells ,,,
GATA2,HSD17B4,prostate,"GATA2 ChIP-Seq - Rep 1, GATA2 ChIP-Seq, CON KD | GATA2 ChIP-Seq, CON KD + FBS | GATA2 ChIP-Seq, CON KD + R1881 | GATA2 ChIP-Seq, GATA2 ChIP-Seq - Rep 2, FOXA1 KD | GATA2 ChIP-Seq",,,
NANOG,HSD17B4,stemcells,"NANOG IP - Rep 2 , NANOG IP - Rep 2, NANOG IP - Rep 9 , NANOG IP - Rep 5 , NANOG IP - Rep 1, NANOG IP - Rep 6 , NANOG IP - Rep 8 , NANOG IP - Rep 4 , NANOG IP - Rep 3 , NANOG IP - H1 cells",,,
TBP,HSD17B4,uterus,TBP IP - HeLa cells,,,
JUND,HSD17B4,stemcells,"JUND IP - H1 cells, JUND IP - H1 cells",,,
ELF1,HSD17B4,cns,ELF1 IP - SK-N-SH cells,,,
TCF12,HSD17B4,leukocytes,TCF12 IP - GM12878 cells,,,
ETS1,HSD17B4,leukocytes,"ETS1 IP - K562 cells, ETS1 IP - GM12878 cells, ETS1 IP",,,
CEBPB,HSD17B4,bone,CEBPB IP,,,
REST,HSD17B4,lung,REST IP - A549 cells,,,
GATA6,HSD17B4,stomach,GATA6 IP - YCC3,,,
GTF2F1,HSD17B4,uterus,GTF2F1 IP - HeLa cells,,,
JUND,HSD17B4,vasculature,JUND IP,,,
TAL1,HSD17B4,leukocytes,TAL1 IP - MOLT3,,,
FOXA2,HSD17B4,stemcells,"FOXA2 IP - ES D2, FOXA2 IP - ES D5, FOXA2 IP - ES D7",,,
TP53,HSD17B4,bone,TP53 IP | TP53EE/RR OE,,,
CEBPB,HSD17B4,uterus,"CEBPB ChIP-Seq - HeLaS3, CEBPB IP - ECC1 cells",,,
CEBPB,HSD17B4,stemcells,"CEBPB IP, CEBPB IP, CEBPB IP, CEBPB IP, CEBPB IP, CEBPB IP, CEBPB IP, CEBPB IP, CEBPB IP - H1 cells",,,
JUN,HSD17B4,colon,JUN IP ,,,
HOXA6,HSD17B4,colon,HOXA6 IP ,,,
FOSL1,HSD17B4,colon,FOSL1 IP - HCT116 cells,,,
SP1,HSD17B4,lung,SP1 IP - A549 cells,,,
SRF,HSD17B4,colon,SRF IP - HCT116 cells,,,
ATF2,HSD17B4,colon,ATF2 IP ,,,
YY1,HSD17B4,leukocytes,"YY1 IP - GM12891 cells, YY1 IP - K562 cells, Rep 1, YY1 IP - K562 cells, Rep 2, YY1 IP - K562 cells, YY1 IP - GM12892 cells, Rep 1, YY1 IP - GM12878 cells",,,
CREB1,HSD17B4,colon,CREB1 IP ,,,
CREB1,HSD17B4,prostate,"CREB1 ChIP-Seq - Rep 2, FOXA1 siRNA | CREB1 ChIP-Seq - Rep 2, CREB1 siRNA | FOXA1 ChIP-Seq - Rep 2, CREB1 ChIP-Seq - Rep 1, CREB1 siRNA | FOXA1 ChIP-Seq - Rep 1, FOXA1 siRNA | CREB1 ChIP-Seq - Rep 1, CREB1 ChIP-Seq - LNCaP, CREB1 ChIP-Seq - LNCaP-abl",,,
MYB,HSD17B4,leukocytes,"MYB IP - Jurkat, Rep 4, MYB IP - Jurkat, Rep 2, MYB IP - Jurkat, Rep 1, MYB IP - Jurkat, Rep 3, MYB IP - Jurkat, Rep 5, MYB IP - MOLT3",,,
JUND,HSD17B4,lung,JUND IP - A549 cells,,,
USF1,HSD17B4,uterus,USF1 IP - ECC1 cells,,,
YY1,HSD17B4,stemcells,"YY1 IP - NT2 cells, YY1 IP - H1 cells",,,
FOXA1,HSD17B4,liver,"FOXA1 IP - HepG2 cells, Rep 2, FOXA1 IP - HepG2 cells, Rep 1",,,
GABPA,HSD17B4,uterus,GABPA IP - HeLa cells,,,
YY1,HSD17B4,uterus,YY1 IP - ECC1 cells,,,
IRF1,HSD17B4,colon,IRF1 IP ,,,
OTX2,HSD17B4,stemcells,"OTX2 IP - Rep 2 , OTX2 IP - Rep 10 ",,,
E2F4,HSD17B4,leukocytes,E2F4 IP - K562 cells,,,
CEBPB,HSD17B4,leukocytes,"CEBPB IP | oxLDL  - Rep 205, CEBPB IP | oxLDL  - Rep 206, CEBPB IP - K562 cells, CEBPB ChIP-Seq - K562, CEBPB IP - Rep 204, CEBPB IP | oxLDL  - Rep 208, CEBPB IP",,,
JUN,HSD17B4,mammarygland,JUN IP - Rep 2,,,
GABPA,HSD17B4,leukocytes,"GABPA IP - GM12878 cells, Rep 1 , GABPA IP - GM12878 cells, GABPA IP - K562 cells, GABPA IP - GM12878 cells, Rep 2 , GABPA IP - Jurkat, Rep 1, GABPA IP - GM12878 cells, Rep 4 , GABPA IP - Jurkat, Rep 2",,,
REST,HSD17B4,cns,"REST IP - SK cells, REST IP - U87 cells, REST IP - PFSK1 cells, Rep 2",,,
TCF21,HSD17B4,vasculature,TCF21 IP,,,
IRF1,HSD17B4,leukocytes,"IRF1 IP | IFNA1-13 - K562 cells, 6 h, IRF1 IP | IFNG - K562 cells, 6 h, IRF1 IP | IFNG - K562 cells, 30 min",,,
IFNA1,HSD17B4,leukocytes,"IRF1 IP | IFNA1-13 - K562 cells, 6 h",,,
E2F6,HSD17B4,stemcells,E2F6 IP - H1 cells,,,
USF1,HSD17B4,colon,USF1 IP - HCT116 cells,,,
KLF11,HSD17B4,adiposetissue,"ROSI (BrAT) | KLF11 ChIP-Seq, Rep 1, KLF11 ChIP-Seq, Rep 1, ROSI (BrAT) | KLF11 ChIP-Seq, Rep 2, KLF11 ChIP-Seq, Rep 2",,,
ROSI,HSD17B4,adiposetissue,"ROSI (BrAT) | KLF11 ChIP-Seq, Rep 1, ROSI (BrAT) | KLF11 ChIP-Seq, Rep 2",,,
ELF3,HSD17B4,pancreas,"ELF3 IP | KLF5 KO, ELF3 IP, ELF3 IP",,,
KLF5,HSD17B4,pancreas,ELF3 IP | KLF5 KO,,,
SMARCC1,HSD17B4,uterus,SMARCC1 IP - HeLa cells,,,
JUNB,HSD17B4,colon,JUNB IP ,,,
CEBPB,HSD17B4,liver,"CEBPB ChIP-Seq - HepG2, CEBPB IP | FORSK - HepG2 cells, CEBPB IP - HepG2 cells",,,
PBX3,HSD17B4,cns,PBX3 IP - SK-N-SH cells,,,
GABPA,HSD17B4,liver,"GABPA IP - MCF7 cells, GABPA IP - HepG2 cells, GABPA IP",,,
GATA2,HSD17B4,hspcs,GATA2 IP,,,
SPI1,HSD17B4,leukocytes,"SPI1 IP, SPI1 IP, SPI1 IP, SPI1 IP, SPI1 IP, SPI1 IP, SPI1 IP - GM12878 cells, SPI1 IP - K562 cells, SPI1 IP - HL cells, SPI1 IP",,,
SIX5,HSD17B4,stemcells,SIX5 IP - H1 cells,,,
JUND,HSD17B4,colon,JUND IP - HCT116 cells,,,
USF1,HSD17B4,cns,"USF1 IP - SK-N-SH cells, USF1 IP | ATRA - SK-N-SH cells",,,
PAX5,HSD17B4,leukocytes,"PAX5 IP - GM12878 cells, Rep 2, PAX5 IP - GM12892 cells, PAX5 IP - GM12891 cells, PAX5 IP - GM12878 cells, Rep 1",,,
CEBPB,HSD17B4,lung,"CEBPB IP - A549 cells, CEBPB ChIP-Seq - A549, CEBPB ChIP-Seq - IMR90",,,
RUNX1,HSD17B4,hspcs,RUNX1,,,
CREB1,HSD17B4,liver,"CREB1 IP, CREB1 IP - HepG2 cells, CREB1 IP, CREB1 IP",,,
GATA2,HSD17B4,vasculature,GATA2 IP - HUVEC cells,,,
FOXM1,HSD17B4,leukocytes,FOXM1 IP - GM12878 cells,,,
EGR1,HSD17B4,colon,EGR1 IP - HCT116 cells,,,
TCF3,HSD17B4,leukocytes,TCF3 IP - GM12878 cells,,,
THAP11,HSD17B4,stemcells,"THAP11 IP - Rep 5 , THAP11 IP - Rep 2 , THAP11 IP - Rep 1 , THAP11 IP - Rep 3 , THAP11 IP - Rep 4 ",,,
HMGN3,HSD17B4,leukocytes,HMGN3 IP - K562 cells,,,
E2F6,HSD17B4,uterus,E2F6 IP - HeLa cells,,,
CREB1,HSD17B4,lung,CREB1 IP | DEX - A549 cells,,,
DEX,HSD17B4,lung,"CREB1 IP | DEX - A549 cells, FOXA1 IP | DEX - A549 cells",,,
ZNF143,HSD17B4,leukocytes,"ZNF143 IP - K562, ZNF143 IP - GM12878 cells, ZNF143 IP - HPB-ALL, ZNF143 IP - K562 cells",,,
MYC,HSD17B4,uterus,MYC IP - HeLa cells,,,
ZBTB7A,HSD17B4,uterus,ZBTB7A IP - ECC1 cells,,,
CTCF,HSD17B4,liver,"CTCF IP - SK-N-SH cells, CTCF IP - HepG2 cells, Rep 1 ",,,
ZBTB17,HSD17B4,bone,"ZBTB17 IP, ZBTB17 IP",,,
PIAS1,HSD17B4,prostate,"PIAS1 + R1881 | FOXA1 ChIP-Seq - Rep 2, PIAS1 + R1881 | FOXA1 ChIP-Seq - Rep 1",,,
ATF1,HSD17B4,leukocytes,ATF1 IP - K562 cells,,,
MAZ,HSD17B4,liver,MAZ IP - HepG2 cells,,,
CDX2,HSD17B4,colon,"CDX2 IP, CDX2 IP | 125DVD3",,,
TP53,HSD17B4,lung,"TP53 IP - propapoptic, Rep 1",,,
E2F6,HSD17B4,leukocytes,"E2F6 IP - K562 cells, E2F6 IP - K562 cells",,,
GABPA,HSD17B4,cns,GABPA IP - SK-N-SH cells,,,
CREB1,HSD17B4,leukocytes,"CREB1 IP - K562 cells, CREB1 IP - GM12878 cells",,,
STAT3,HSD17B4,leukocytes,STAT3 IP - SU-DHL-2,,,
SIX5,HSD17B4,lung,SIX5 IP | DEX - A549 cells,,,
TEAD4,HSD17B4,uterus,TEAD4 IP - ECC1 cells,,,
ATF2,HSD17B4,stemcells,ATF2 IP - H1 cells,,,
TBP,HSD17B4,leukocytes,TBP IP - K562 cells,,,
MAZ,HSD17B4,leukocytes,"MAZ IP - K562 cells, MAZ IP - GM12878 cells",,,
ELF1,HSD17B4,mammarygland,ELF1 IP - MCF7 cells,,,
GATA2,HSD17B4,leukocytes,GATA2 IP - K562 cells,,,
CTCF,HSD17B4,stemcells,"CTCF IP - H1 cells, CTCF IP - Rep 6 , CTCF IP - H1 cells ",,,
ZNF143,HSD17B4,stemcells,ZNF143 IP - H1 cells,,,
ELF1,HSD17B4,leukocytes,"ELF1 IP - SK-N-SH cells, ELF1 IP - SK-N-SH cells",,,
GMEB2,HSD17B4,colon,GMEB2 IP ,,,
REST,HSD17B4,colon,REST IP ,,,
ZNF83,HSD17B4,colon,ZNF83 IP ,,,
ZNF143,HSD17B4,uterus,"ZNF143 IP - HeLa cells, ZNF143 IP - HeLa, Rep 1, ZNF143 Ip - HeLa, Rep 2",,,
CTCF,HSD17B4,cns,"CTCF IP - BE(2)-C cells, Rep 1 ",,,
EGR1,HSD17B4,stemcells,EGR1 IP - H1 cells,,,
POU5F1,HSD17B4,stemcells,POU5F1 IP,,,
TCF12,HSD17B4,lung,TCF12 IP - A549 cells,,,
CREB1,HSD17B4,uterus,CREB1 IP - ECC1 cells,,,
FORSK,HSD17B4,liver,CEBPB IP | FORSK - HepG2 cells,,,
ZBTB7A,HSD17B4,leukocytes,ZBTB7A IP - SK-N-SH cells,,,
SIX5,HSD17B4,leukocytes,"SIX5 IP - K562 cells, Rep 1, SIX5 IP - GM12878 cells, SIX5 IP - K562 cells, Rep 2",,,
ATF3,HSD17B4,colon,"ATF3 IP | CAMPTO, ATF3 IP - HCT116 cells",,,
E2F1,HSD17B4,mammarygland,"E2F1 IP - MCF7 cells, E2F1 IP",,,
CEBPB,HSD17B4,colon,"CEBPB IP, CEBPB IP - HCT116 cells, CEBPB IP | 125DVD3",,,
TCF7L2,HSD17B4,mammarygland,"DHT | TCF7L2 ChIP-Seq, TCF7L2 ChIP-Seq",,,
DHT,HSD17B4,mammarygland,"DHT | TCF7L2 ChIP-Seq, DHT | MYC ChIP-Seq, DHT | FOXA1 ChIP-Seq",,,
EGR1,HSD17B4,liver,EGR1 IP - MCF7 cells,,,
JUND,HSD17B4,liver,JUND IP - HepG2 cells,,,
E2F4,HSD17B4,mammarygland,E2F4 IP | 4HT - MCF10 cells,,,
4HT,HSD17B4,mammarygland,"E2F4 IP | 4HT - MCF10 cells, FOS IP | 4HT - MCF10A cells, 36 h, STAT3 IP | 4HT - MCF10 cells, 36 h, MYC IP | 4HT - MCF10A cells",,,
GATA2,HSD17B4,cns,GATA2 ChIP-Seq SH-SY5Y,,,
MYC,HSD17B4,mammarygland,"DHT | MYC ChIP-Seq, MYC IP - MCF-10A cells, MYC IP | 4HT - MCF10A cells",,,
TFAP4,HSD17B4,leukocytes,"TFAP4 IP - Rep 1, TFAP4 IP - Rep 2",,,
CTCF,HSD17B4,kidney,"CTCF IP - HEK293 cells, Rep 1 ",,,
MYBL2,HSD17B4,liver,MYBL2 IP - HepG2 cells,,,
MAX,HSD17B4,colon,MAX IP - HCT116 cells,,,
TCF4,HSD17B4,colon,TCF4 IP | 125DVD3,,,
125DVD3,HSD17B4,colon,"TCF4 IP | 125DVD3, CDX2 IP | 125DVD3, CEBPB IP | 125DVD3",,,
GATA3,HSD17B4,cns,GATA3 IP - SK-N-SH cells,,,
CTCF,HSD17B4,skeletalmuscle,"CTCF IP - HSMM cells, Rep 2 ",,,
STAT2,HSD17B4,colon,STAT2 IP ,,,
MAX,HSD17B4,leukocytes,"MAX IP - K562 cells, MAX IP - NB4 cells, MAX IP - K562 cells, Rep 2",,,
HOXA4,HSD17B4,colon,HOXA4 IP ,,,
CTCF,HSD17B4,hspcs,"CTCF IP - HSPCs, Rep 1",,,
TEAD4,HSD17B4,liver,TEAD4 IP - HepG2 cells,,,
CTCF,HSD17B4,megakaryocytelineage,"CTCF IP - MEG-01 cells, Rep 4 ",,,
MAX,HSD17B4,cns,MAX IP - SK-N-SH cells,,,
E2F1,HSD17B4,uterus,"E2F1 IP - HeLa cells, Rep 2, E2F1 IP - HeLa cells, Rep 1",,,
TEAD4,HSD17B4,colon,TEAD4 IP - HCT116 cells,,,
YY1,HSD17B4,colon,YY1 IP - HCT116 cells,,,
MYC,HSD17B4,leukocytes,"MYC IP | IFNG - K562 cells, 30 min, MYC IP - K562 cells, Rep 2, MYC IP - NB4 cells, MYC IP - K562 cells, Rep 1",,,
IFNG,HSD17B4,leukocytes,"MYC IP | IFNG - K562 cells, 30 min, IRF1 IP | IFNG - K562 cells, 6 h, IRF1 IP | IFNG - K562 cells, 30 min, STAT1 IP - Rep 5, STAT1 IP - Rep 2, STAT1 IP - Rep 1, STAT1 IP - Rep 4, STAT1 IP - Rep 3",,,
ZNF143,HSD17B4,colon,ZNF143 IP ,,,
NFKB1,HSD17B4,leukocytes,NFKB1 IP - Rep 2,,,
ETS1,HSD17B4,lung,ETS1 IP - A549 cells,,,
REST,HSD17B4,stemcells,"REST IP - H1 cells, Rep 1, REST IP - H1 cells, Rep 2",,,
NFYC,HSD17B4,colon,NFYC IP ,,,
SP1,HSD17B4,stemcells,SP1 IP - H1 cells,,,
EGR1,HSD17B4,leukocytes,EGR1 IP - K562 cells,,,
GATA3,HSD17B4,mammarygland,"GATA3 IP - MCF7 cells, GATA3 IP - T47D cells",,,
ZNF143,HSD17B4,kidney,ZNF143 IP - HEK293-T-rex,,,
NFYB,HSD17B4,leukocytes,NFYB IP - GM12878 cells,,,
GLI2,HSD17B4,colon,GLI2 IP ,,,
MAX,HSD17B4,lung,MAX IP - A549 cells,,,
SP1,HSD17B4,colon,SP1 IP - HCT116 cells,,,
ARNT2,HSD17B4,colon,ARNT2 IP ,,,
MXI1,HSD17B4,liver,MXI1 IP - HepG2 cells,,,
CEBPA,HSD17B4,leukocytes,CEBPA IP,,,
RELA,HSD17B4,colon,RELA IP ,,,
ZEB1,HSD17B4,leukocytes,ZEB1 IP - GM12878 cells,,,
ZBTB7A,HSD17B4,liver,ZBTB7A IP - HepG2 cells,,,
FOXA2,HSD17B4,embryonictissue,FOXA2 IP - Rep 2,,,
MAX,HSD17B4,uterus,"MAX IP - HeLa cells, Rep 1, MAX IP - ECC1 cells",,,
MYC,HSD17B4,bone,MYC IP,,,
MAFK,HSD17B4,leukocytes,MAFK IP - K562 cells,,,
IRF4,HSD17B4,leukocytes,IRF4 IP,,,
MAZ,HSD17B4,uterus,MAZ IP - HeLa cells,,,
SRF,HSD17B4,uterus,SRF IP - ECC1 cells,,,
ATF2,HSD17B4,leukocytes,ATF2 IP - GM12878 cells,,,
TEAD4,HSD17B4,stemcells,TEAD4 IP - H1 cells,,,
TAL1,HSD17B4,colon,TAL1 IP ,,,
SATB1,HSD17B4,cns,"SATB1 IP | AMYLB, SATB1 IP",,,
AMYLB,HSD17B4,cns,SATB1 IP | AMYLB,,,
GABPA,HSD17B4,prostate,"GABPA IP - Rep 1, GABPA IP | R1881",,,
EGR1,HSD17B4,uterus,EGR1 IP - ECC1 cells,,,
ETV5,HSD17B4,colon,ETV5 IP ,,,
ZNF263,HSD17B4,kidney,ZNF263 IP - HEK293 cells,,,
FOXA2,HSD17B4,liver,FOXA2 IP - HepG2 cells,,,
FOS,HSD17B4,mammarygland,"FOS IP | 4HT - MCF10A cells, 36 h",,,
ATRA,HSD17B4,cns,"YY1 IP | ATRA - SK-N-SH cells, USF1 IP | ATRA - SK-N-SH cells",,,
E2F4,HSD17B4,uterus,E2F4 IP - HeLa cells,,,
ERG,HSD17B4,prostate,DMSO | ERG ChIP-Seq - Rep 1,,,
FOXA1,HSD17B4,mammarygland,"DHT | FOXA1 ChIP-Seq, FOXA1 ChIP-Seq - Rep 1",,,
GATA1,HSD17B4,hspcs,"GATA1 IP - PBDE cells, Rep 1",,,
RUNX1,HSD17B4,leukocytes,RUNX1 IP,,,
SRF,HSD17B4,mammarygland,SRF IP - MCF7 cells,,,
CEBPB,HSD17B4,mammarygland,CEBPB IP - MCF7 cells,,,
MAX,HSD17B4,liver,"MAX IP - MCF7 cells, MAX IP - HepG2 cells",,,
ARID3A,HSD17B4,liver,ARID3A IP - HepG2 cells,,,
SOX2,HSD17B4,stemcells,SOX2 IP,,,
TCF7L2,HSD17B4,uterus,TCF7L2 IP - HeLa cells,,,
POU2F2,HSD17B4,leukocytes,"POU2F2 IP - Rep 2, POU2F2 IP - GM12878 cells",,,
SP1,HSD17B4,liver,SP1 IP - HepG2 cells,,,
FOXA1,HSD17B4,lung,FOXA1 IP | DEX - A549 cells,,,
ZNF280D,HSD17B4,colon,ZNF280D IP ,,,
TCF12,HSD17B4,stemcells,TCF12 IP - H1 cells,,,
E2F3,HSD17B4,colon,E2F3 IP ,,,
HEY1,HSD17B4,leukocytes,HEY1 IP - K562 cells,,,
TBP,HSD17B4,liver,TBP IP - HepG2 cells,,,
TP53,HSD17B4,mammarygland,"TP53 IP, TP53 IP | NUTL3 - MCF-7",,,
CTCF,HSD17B4,uterus,CTCF IP - HeLa cells ,,,
SRF,HSD17B4,leukocytes,SRF IP - SK-N-SH cells,,,
FOXM1,HSD17B4,mammarygland,FOXM1 IP | THSP - DS006,,,
STAT3,HSD17B4,mammarygland,"STAT3 IP | 4HT - MCF10 cells, 36 h",,,
ELF1,HSD17B4,liver,ELF1 IP - HepG2 cells,,,
TBP,HSD17B4,stemcells,TBP IP - H1 cells,,,
STAT1,HSD17B4,leukocytes,"STAT1 IP - Rep 5, STAT1 IP - Rep 2, STAT1 IP - Rep 1, STAT1 IP - Rep 4, STAT1 IP - Rep 3",,,
GTF2B,HSD17B4,uterus,GTF2B IP - Rep 2,,,
RELA,HSD17B4,leukocytes,RELA IP | TNF - GM12891 cells,,,
TNF,HSD17B4,leukocytes,RELA IP | TNF - GM12891 cells,,,
REST,HSD17B4,liver,"REST IP - HepG2 cells, Rep 1, REST IP - HepG2 cells, Rep 2",,,
HEY1,HSD17B4,liver,HEY1 IP - HepG2 cells,,,
FOSL2,HSD17B4,liver,FOSL2 IP - HepG2 cells,,,
NFYA,HSD17B4,colon,NFYA IP ,,,
DHT,HSD17B4,prostate,DHT | FOXA1 ChIP-Seq,,,
RUNX1T1,HSD17B4,leukocytes,RUNX1T1 IP,,,
FOXH1,HSD17B4,embryonictissue,FOXH1 IP - endoderm,,,
ELF1,HSD17B4,colon,ELF1 IP - HCT116 cells,,,
CREB1,HSD17B4,stemcells,CREB1 IP - H1 cells,,,
YY1,HSD17B4,lung,YY1 IP - A549 cells,,,
ZEB1,HSD17B4,liver,ZEB1 IP - HepG2 cells,,,
TEAD4,HSD17B4,leukocytes,TEAD4 IP - K562 cells,,,
FOXA1,HSD17B4,stemcells,FOXA1 IP - Rep 5 ,,,
REST,HSD17B4,leukocytes,REST IP - K562 cells,,,
YY1,HSD17B4,liver,YY1 IP - HepG2 cells,,,
TCF12,HSD17B4,uterus,TCF12 IP - ECC1 cells,,,
CTCF,HSD17B4,vasculature,"CTCF IP - HBMEC cells, Rep 1 ",,,
TCF12,HSD17B4,cns,TCF12 IP - SK-N-SH cells,,,
JUND,HSD17B4,cns,JUND IP - SK-N-SH cells ,,,
TCF12,HSD17B4,liver,TCF12 IP - HepG2 cells,,,
SOX9,HSD17B4,colon,SOX9 IP ,,,
GATA4,HSD17B4,stomach,GATA4 IP - AGS,,,
ATF3,HSD17B4,leukocytes,ATF3 IP - K562 cells,,,
MAX,HSD17B4,stemcells,MAX IP - H1 cells,,,
ZNF76,HSD17B4,kidney,ZNF76 IP | ZNF76 OE,,,
CTCF,HSD3B7,leukocytes,"CTCF IP - HL-60 cells, Rep 5 , CTCF IP - GM10847 cells, Rep 2 , CTCF IP - GM19239 cells, Rep 1 , CTCF IP - GM12005 cells, Rep 2, CTCF IP - GM12878 cells, Rep 1 , CTCF IP - GM12814 cells, Rep 2, CTCF IP - GM12873 cells, Rep 1 , CTCF IP - KU812 cells, Rep 5 , CTCF IP - K562 cells, Rep 15 , CTCF IP - GM12867 cells , CTCF IP - GM19099 cells, Rep 2 , CTCF IP - GM19099 cells, Rep 1 , CTCF IP - GM12870 cells , CTCF IP - GM11811 cells, Rep 1, CTCF IP - GM12872 cells, Rep 3 , CTCF IP - GM12828 cells, CTCF IP - K562 cells, CTCF IP - F36P cells, Rep 19 , CTCF IP - GM2255 cells, Rep 1 , CTCF IP - GM12890 cells, Rep 2 , CTCF IP - GM12005 cells, Rep 1, CTCF IP - GM12864 cells, Rep 2 , CTCF IP - HL , CTCF IP - GM19240 cells, Rep 2 , CTCF ChIP-Seq - GM12878, CTCF IP - NB4 cells , CTCF IP - GM12878 cells, Rep 2 , CTCF IP - HeLa cells, Rep 2 , CTCF IP - F36P cells, Rep 14 , CTCF IP -  CD20+ cells , CTCF IP - GM19238 cells, Rep 1 , CTCF IP - F36P cells, Rep 13 , CTCF IP - GM12489 cells, Rep 1, CTCF IP - GM2610 cells, Rep 2 , CTCF IP - GM12234 cells, CTCF IP - GM12878 cells, Rep 1 , CTCF IP - GM07037 cells, CTCF IP - GM2610 cells, Rep 1 , CTCF IP - HL-60 cells, Rep 9 , CTCF IP - K562 cells, Rep 12 , CTCF IP - GM12892 cells, Rep 1 , CTCF IP - F36P cells, Rep 2 , CTCF IP - GM12489 cells, Rep 2, CTCF IP - GM12871 cells , CTCF IP - GM12749 cells, Rep 1, CTCF IP - GM2588 cells, Rep 3 , CTCF IP - K562 cells , CTCF IP -  DND , CTCF IP - GM18526 cells, Rep 2 , CTCF IP - GM12878 cells, Rep 2 , CTCF IP - GM12872 cells, Rep 1 , CTCF IP - GM2610 cells, Rep 3 , CTCF IP - GM12890 cells, Rep 3 , CTCF IP - GM12006 cells, Rep 2, CTCF IP - GM2630 cells, Rep 3 , CTCF IP - GM18486 cells, Rep 2 , CTCF IP - MS1 cells, Rep 1 , CTCF IP - K562 cells, CTCF IP - GM18951 cells, Rep 1 , CTCF IP - GM19240 cells, Rep 1 , CTCF IP - GM2630 cells, Rep 1 , CTCF IP - GM12154 cells, Rep 2, CTCF IP - GM12874 cells, Rep 1 , CTCF IP, CTCF IP - CD14+ cells , CTCF IP - GM07346 cells, CTCF IP - UT-7 cells, Rep 5 , CTCF IP - K562 cells, Rep 4 , CTCF IP - K562 cells, Rep 7 , CTCF IP - K562 cells, CTCF IP - MS1 cells, Rep 2 , CTCF IP - K562 cells, Rep 13 , CTCF IP - GM19239 cells, Rep 2 , CTCF IP - F36P cells, Rep 10 , CTCF IP - GM18505 cells, Rep 1 , CTCF IP - UT-7 cells, Rep 6 , CTCF IP - GM11831 cells, CTCF IP - GM06990 cells, Rep 2 , CTCF IP - GM11994 cells, Rep 2, CTCF IP - GM12891 cells, Rep 2 , CTCF IP - K562 cells, Rep 2 , CTCF IP - GM11994 cells, Rep 1, CTCF IP - K562 cells, Rep 11 , CTCF IP - GM12874 cells, CTCF IP - HL-60 cells, Rep 3 , CTCF IP - GM12865 cells, Rep 3 , CTCF IP - F36P cells, Rep 5 , CTCF IP - GM12865 cells, Rep 2 , CTCF IP - GM2255 cells, Rep 2 , CTCF IP - GM11992 cells, Rep 1, CTCF IP - F36P cells, Rep 6 , CTCF IP - U-937 cells, Rep 2 , CTCF IP - GM06990 cells, Rep 1 , CTCF IP - GM18486 cells, Rep 3 , CTCF IP - GM12890 cells, Rep 1 , CTCF IP - GM12815 cells, Rep 1, CTCF IP - K562 cells, Rep 1 , CTCF IP - GM12872 cells, CTCF IP - F36P cells, Rep 15 , CTCF IP - KU812 cells, Rep 13 , CTCF IP - KU812 cells, Rep 17 , CTCF IP - MS1 cells, Rep 3 , CTCF IP - GM2630 cells, Rep 2 , CTCF IP - K562 cells, Rep 1 , CTCF IP - UT-7 cells, Rep 3 , CTCF IP - GM10847 cells, Rep 3 , CTCF IP - GM11992 cells, Rep 2, CTCF IP - GM12891 cells, Rep 1 , CTCF IP - GM12875 cells, Rep 1 , CTCF IP - MS1 cells, Rep 4 , CTCF IP - GM18951 cells, Rep 2 , CTCF IP - U-937 cells, Rep 1 , CTCF IP - KU812 cells, Rep 9 , CTCF IP - GM12154 cells, Rep 1, CTCF IP - GM12864 cells, Rep 1 , CTCF IP - UT-7 cells, Rep 4 , CTCF IP - GM12869 cells , CTCF IP - GM18505 cells, Rep 2 , CTCF IP - GM2588 cells, Rep 2 , CTCF IP - GM12873 cells, Rep 3 , CTCF IP - GM18486 cells, Rep 1 , CTCF IP - F36P cells, Rep 9 , CTCF IP - GM11811 cells, Rep 2, CTCF IP - GM12801 cells , CTCF IP - KU812 cells, Rep 1 , CTCF IP - GM12864 cells, Rep 3 , CTCF IP - GM12006 cells, Rep 1, CTCF IP - K562 cells, Rep 9 , CTCF IP - GM2255 cells, Rep 3 , CTCF IP - GM12874 cells, Rep 2 , CTCF IP - GM10847 cells, Rep 1 , CTCF IP - F36P cells, Rep 3 , CTCF IP - GM11881 cells, CTCF IP - GM19238 cells, Rep 2 , CTCF IP - F36P cells, Rep 11 , CTCF IP - HL-60 cells, Rep 7 , CTCF IP - GM18526 cells, Rep 1 , CTCF IP - HL-60 cells, Rep 2 , CTCF IP - F36P cells, Rep 1 , CTCF IP - GM19193 cells, Rep 1 , CTCF IP - GM12875 cells, Rep 2 , CTCF IP - GM12892 cells, Rep 2 , CTCF IP - K562 cells, Rep 14 , CTCF IP - F36P cells, Rep 17 , CTCF IP - GM2588 cells, Rep 1 , CTCF IP - GM12155 cells, Rep 2, CTCF IP - GM12878 cells , CTCF IP - GM12866 cells , CTCF IP - GM06986 cells, CTCF IP - K562 cells, Rep 16 , CTCF IP - GM12872 cells, Rep 2 , CTCF IP - GM12873 cells, Rep 1 , CTCF IP - GM12868 cells , CTCF IP - GM11894 cells, Rep 2, CTCF IP - GM12865 cells, Rep 1 , CTCF IP - GM12814 cells, Rep 1, CTCF IP - F36P cells, Rep 7 , CTCF IP - GM19193 cells, Rep 2 ",,,
JUN,HSD3B7,mammarygland,"JUN IP | DEX, JUN IP - Rep 1, JUN IP - Rep 2, JUN IP, JUN IP | CPDA",,,
DEX,HSD3B7,mammarygland,JUN IP | DEX,,,
TCF21,HSD3B7,vasculature,TCF21 IP,,,
CTCF,HSD3B7,colon,"CTCF IP - Rep 3 , CTCF IP - HCT116 cells, Rep 1 , CTCF IP - HCT116 cells, Rep 2 , CTCF IP - Caco-2 cells, Rep 1 , CTCF IP - Caco , CTCF IP - Rep 1 , CTCF IP - Rep 2 , CTCF IP - HCT116 cells",,,
RUNX1,HSD3B7,leukocytes,"RUNX1 IP - N terminus 1, RUNX1 IP - N terminus 2, RUNX1 IP, RUNX1 IP - Rep 2",,,
FOXA1,HSD3B7,liver,"FOXA1 IP - HepG2 cells, Rep 2, FOXA1 IP - HepG2 cells, Rep 1",,,
TCF12,HSD3B7,leukocytes,TCF12 IP - GM12878 cells,,,
USF2,HSD3B7,liver,USF2 IP - HepG2 cells,,,
FOSL1,HSD3B7,mammarygland,FOSL1 IP,,,
FOSL1,HSD3B7,leukocytes,FOSL1 IP - K562 cells,,,
CTCF,HSD3B7,bone,"CTCF IP - Osteoblasts , CTCF IP",,,
CEBPB,HSD3B7,liver,CEBPB ChIP-Seq - HepG2,,,
CTCF,HSD3B7,vasculature,"CTCF IP - HUVEC cells, Rep 2 , CTCF IP - HPAF cells, Rep 1 , CTCF IP - AoAFC cells, Rep 2 , CTCF IP - AoAFC cells, Rep 1 , CTCF IP - HPAF cells, Rep 2 , CTCF IP - HUVEC cells, Rep 1 , CTCF IP - HBMEC cells, Rep 1 , CTCF IP - HUVEC cells , CTCF IP - HBMEC cells, Rep 2 ",,,
MXI1,HSD3B7,cns,MXI1 IP - SK-N-SH cells ,,,
HOXA4,HSD3B7,colon,HOXA4 IP ,,,
CTCF,HSD3B7,liver,"CTCF IP - HepG2 cells , CTCF IP - SK-N-SH cells, CTCF IP - HepG2 cells, Rep 1 , CTCF IP - HepG2 cells, Rep 2 , CTCF IP",,,
E2F6,HSD3B7,leukocytes,"E2F6 IP - K562 cells, E2F6 IP - K562 cells",,,
CTCF,HSD3B7,mammarygland,"CTCF IP - HMF cells, Rep 2 , CTCF IP - MCF-7 cells Rep 2 , CTCF IP - MCF-7 cells, Rep 1 , CTCF IP - HMEC cells, Rep 2 , CTCF IP - MCF7 cells, CTCF IP - T47D cells, CTCF IP - HMEC cells , CTCF IP - HMF cells, Rep 1 , CTCF IP - HMEC cells, Rep 1 ",,,
MYC,HSD3B7,leukocytes,"MYC IP - K562 cells, Rep 2, MYC IP - K562 cells, Rep 1, MYC IP - NB4 cells, MYC IP | IFNG - K562 cells, 30 min, MYC IP | IFNG - K562 cells, 6 h",,,
MAX,HSD3B7,liver,"MAX IP - HepG2 cells, MAX IP - MCF7 cells, MAX IP - HepG2 cells",,,
JUN,HSD3B7,liver,JUN IP - HepG2 cells,,,
ZNF384,HSD3B7,leukocytes,"ZNF384 IP - GM12878 cells, ZNF384 IP - K562 cells",,,
TEAD4,HSD3B7,colon,TEAD4 IP - HCT116 cells,,,
JUND,HSD3B7,leukocytes,"JUND IP - GM12878 cells, Rep 2, JUND IP - GM12878 cells, Rep 1 , JUND IP - K562 cells",,,
E2F1,HSD3B7,mammarygland,"E2F1 IP, E2F1 IP - MCF7 cells",,,
ELF1,HSD3B7,liver,ELF1 IP - HepG2 cells,,,
STAT5B,HSD3B7,leukocytes,"STAT5B IP | H9, Rep 2, STAT5B IP | H9RET, Rep 2, STAT5B IP | IL2 - Rep 2",,,
H9,HSD3B7,leukocytes,"STAT5B IP | H9, Rep 2",,,
USF1,HSD3B7,leukocytes,USF1 IP - K562 cells,,,
E2F1,HSD3B7,prostate,"E2F1 ChIP-Seq - Rep 1, HES6 OE | E2F1 ChIP-Seq - Rep 1",,,
ELF1,HSD3B7,mammarygland,ELF1 IP - MCF7 cells,,,
MAX,HSD3B7,cns,MAX IP - SK-N-SH cells,,,
CTCF,HSD3B7,megakaryocytelineage,"CTCF IP - MEG-01 cells, Rep 2 , CTCF IP - MEG-01 cells, Rep 10 , CTCF IP - CHRF-288-11 cells, Rep 1 , CTCF IP - MEG-01 cells, Rep 4 , CTCF IP - MEG-01 cells, Rep 8 , CTCF IP - CHRF-288-11 cells, Rep 2 , CTCF IP - MEG-01 cells, Rep 6 ",,,
CTCF,HSD3B7,cns,"CTCF IP - spinal cord astrocyte cells, Rep 2 , CTCF IP - BE(2)-C cells, Rep 1 , CTCF IP - cerebellar astrocyte cells, Rep 1 , CTCF IP - cerebellar astrocyte cells, Rep 2 , CTCF IP - BE(2)-C cells, Rep 2 , CTCF IP - SK-N-SH cells , CTCF IP - SK-N-SH cells, Rep 2 , CTCF IP - HCPEpiC cells, Rep 2 , CTCF IP - HCPEpiC cells, Rep 1 , CTCF IP - SK cells, CTCF IP - spinal cord astrocyte cells, Rep 1 , CTCF IP - NHA cells , CTCF IP - SK-N-SH cells, Rep 1 ",,,
FOXM1,HSD3B7,mammarygland,FOXM1 IP | THSP - DS006,,,
TP53,HSD3B7,mammarygland,TP53 IP,,,
MXI1,HSD3B7,uterus,MXI1 IP - HeLa cells,,,
ZNF143,HSD3B7,leukocytes,"ZNF143 IP - K562 cells, ZNF143 IP - GM12878 cells",,,
CREB1,HSD3B7,leukocytes,"CREB1 IP - GM12878 cells, CREB1 IP - K562 cells",,,
STAT1,HSD3B7,leukocytes,"STAT1 IP - Rep 2, STAT1 IP - Rep 5, STAT1 IP - Rep 4, STAT1 IP - Rep 3, STAT1 IP - Rep 1, STAT1 IP | IFNG - K562 cells, 30 min",,,
IFNG,HSD3B7,leukocytes,"STAT1 IP - Rep 2, JUN IP | IFNG - K562 cells, 6 h, JUN IP | IFNG - K562 cells, 30 min, IRF1 IP | IFNG - K562 cells, 30 min, IRF1 IP | IFNG - K562 cells, 6 h, STAT1 IP - Rep 5, MYC IP | IFNG - K562 cells, 30 min, STAT1 IP - Rep 4, MYC IP | IFNG - K562 cells, 6 h, STAT1 IP - Rep 3, STAT1 IP - Rep 1, STAT1 IP | IFNG - K562 cells, 30 min",,,
CTCF,HSD3B7,skin,"CTCF IP - NHEK cells, Rep 2 , CTCF IP - AG04449 cells, Rep 1 , CTCF IP - AG10803 cells, Rep 2 , CTCF IP - AG04449 cells, Rep 2 , CTCF IP - NHEK cells , CTCF IP - BJ cells, Rep 1 , CTCF IP - BJ cells, Rep 2 , CTCF IP - NHDF cells, Rep 2 , CTCF IP - AG10803 cells, Rep 1 , CTCF IP - GM12878 cells, Rep 2 , CTCF IP - AG09309 cells, Rep 1 , CTCF IP - NHDF cells, Rep 1 , CTCF IP - HFFC cells, Rep 2 , CTCF IP - HFFC cells, Rep 3 , CTCF IP - AG09309 cells, Rep 2 , CTCF IP - HFFC cells, Rep 1 , CTCF IP - NHDF cells ",,,
CTCF,HSD3B7,kidney,"CTCF IP - HEK293 cells, Rep 1 , CTCF IP - RPTEC cells, Rep 1 , CTCF IP - RPTEC cells, Rep 2 , CTCF IP - HRE cells, Rep 1 , CTCF IP - HEK293 cells, Rep 2 , CTCF IP - HRE cells, Rep 2 ",,,
CTCF,HSD3B7,lung,"CTCF IP - IMR cells, CTCF IP - AG04450 cells, Rep 2 , CTCF ChIP-Seq - A549, CTCF IP - HPF cells, Rep 2 , CTCF IP - AG04450 cells, Rep 1 , CTCF IP | DEX - A549 cells, CTCF IP - NHLF cells , CTCF IP - A549 cells, Rep 2 , CTCF IP - A549 cells, CTCF IP - SAEC cells, Rep 1 , CTCF IP - NHLF cells , CTCF IP - WI-38 cells, Rep 2 , CTCF IP | DEX - A549 cells , CTCF IP - A549 cells , CTCF IP - SAEC cells, Rep 2 , CTCF IP - WI-38 cells, Rep 1 , CTCF IP - A549 cells, Rep 1 , CTCF IP - HPF cells, Rep 1 ",,,
CTCF,HSD3B7,heart,"CTCF IP - HCF cells , CTCF IP - myocytes cells, Rep 1 , CTCF IP - myocytes cells, Rep 2 ",,,
SMAD1,HSD3B7,hspcs,"SMAD1 IP - Rep 3, SMAD1 IP - Rep 2",,,
ELF1,HSD3B7,leukocytes,"ELF1 IP - SK-N-SH cells, ELF1 IP - SK-N-SH cells",,,
KLF11,HSD3B7,adiposetissue,"ROSI (BrAT) | KLF11 ChIP-Seq, Rep 2, KLF11 ChIP-Seq, Rep 2, KLF11 ChIP-Seq, Rep 1, ROSI (BrAT) | KLF11 ChIP-Seq, Rep 1",,,
ROSI,HSD3B7,adiposetissue,"ROSI (BrAT) | KLF11 ChIP-Seq, Rep 2, ROSI (BrAT) | KLF11 ChIP-Seq, Rep 1",,,
SRF,HSD3B7,stemcells,"SRF IP - Rep 7 , SRF IP - Rep 2 , SRF IP - Rep 3 , SRF IP - Rep 4 , SRF IP - Rep 6 , SRF IP - Rep 5 , SRF IP - Rep 1 ",,,
CTCF,HSD3B7,hspcs,"CTCF IP - HEL 92.1.7 cells, Rep 2 , CTCF IP - HEL 92.1.7 cells, Rep 13 , CTCF IP - HSPCs, Rep 2, CTCF IP - HEL 92.1.7 cells, Rep 4 , CTCF IP - HEL 92.1.7 cells, Rep 11 , CTCF IP - Erythroid cells, Rep 1, CTCF IP - HEL 92.1.7 cells, Rep 14 , CTCF IP - HSPCs, Rep 1, CTCF IP - HEL 92.1.7 cells, Rep 8 , CTCF IP - HEL 92.1.7 cells, Rep 7 , CTCF IP - Erythroid cells, Rep 2, CTCF IP - HEL 92.1.7 cells, Rep 5 , CTCF IP - HEL 92.1.7 cells, Rep 1 ",,,
CEBPB,HSD3B7,leukocytes,"CEBPB IP, CEBPB IP - Rep 204, CEBPB ChIP-Seq - K562, CEBPB IP | oxLDL  - Rep 208, CEBPB IP - Rep 203, CEBPB IP - HL-60 cells, Rep 1 ",,,
JUND,HSD3B7,cns,JUND IP - SK-N-SH cells,,,
HEY1,HSD3B7,liver,HEY1 IP - HepG2 cells,,,
MAZ,HSD3B7,leukocytes,"MAZ IP - GM12878 cells, MAZ IP - K562 cells",,,
ZNF143,HSD3B7,uterus,ZNF143 IP - HeLa cells,,,
CTCF,HSD3B7,placenta,"CTCF IP - HVMF cells, Rep 2 , CTCF IP - HVMF cells, Rep 1 ",,,
MXI1,HSD3B7,leukocytes,MXI1 IP - GM12878 cells,,,
ELF1,HSD3B7,colon,ELF1 IP - HCT116 cells,,,
GATA3,HSD3B7,mammarygland,GATA3 IP - T47D cells,,,
SPI1,HSD3B7,leukocytes,"SPI1 IP, SPI1 IP - HL cells, SPI1 IP, SPI1 IP, ROSI | SPI1 ChIP-Seq, SPI1 IP, SPI1 IP - K562 cells, SPI1 IP, SPI1 IP - GM12878 cells, SPI1 IP - GM12891 cells, SPI1 IP",,,
EGR1,HSD3B7,leukocytes,EGR1 IP - K562 cells,,,
FOS,HSD3B7,mammarygland,"FOS IP | 4HT - MCF10A cells, 36 h, FOS IP | 4HT - MCF10A cells, 4 h, FOS IP | 4HT - MCF10A cells, 12 h, FOS IP - MCF10A cells",,,
4HT,HSD3B7,mammarygland,"FOS IP | 4HT - MCF10A cells, 36 h, FOS IP | 4HT - MCF10A cells, 4 h, MYC IP | 4HT - MCF10A cells, FOS IP | 4HT - MCF10A cells, 12 h, STAT3 IP | 4HT - MCF10 cells, 36 h, STAT3 IP | 4HT - MCF10 cells, 12 h",,,
KLF5,HSD3B7,pancreas,KLF5 IP,,,
MAZ,HSD3B7,uterus,MAZ IP - HeLa cells,,,
JUN,HSD3B7,leukocytes,"JUN IP - K562 cells, Rep 2, JUN IP | IFNG - K562 cells, 6 h, JUN IP | IFNG - K562 cells, 30 min, JUN IP | IFNA1-13 - 30 min , JUN IP - K562 cells, Rep 1, JUN IP | IFNA1-13 - K562 cells, 6 h",,,
YY1,HSD3B7,stemcells,YY1 IP - H1 cells,,,
YY1,HSD3B7,leukocytes,"YY1 IP - K562 cells, Rep 1, YY1 IP - GM12891 cells, YY1 IP - K562 cells, Rep 2, YY1 IP - GM12878 cells, YY1 IP - GM12892 cells, Rep 1",,,
YY1,HSD3B7,uterus,YY1 IP - ECC1 cells,,,
REST,HSD3B7,cns,"REST IP - U87 cells, REST IP - SK-N-SH cells",,,
CTCF,HSD3B7,miscellaneous,"CTCF IP - AG09319 cells, Rep 1 , CTCF IP - AG09319 cells, Rep 2 ",,,
ATF2,HSD3B7,stemcells,ATF2 IP - H1 cells,,,
FOS,HSD3B7,leukocytes,FOS IP - K562 cells,,,
ATF3,HSD3B7,leukocytes,ATF3 IP - K562 cells,,,
ZNF143,HSD3B7,stemcells,ZNF143 IP - H1 cells,,,
REST,HSD3B7,liver,"REST IP - HepG2 cells, Rep 2",,,
IRF1,HSD3B7,leukocytes,"IRF1 IP | IFNA1-13 - K562 cells, 6 h, IRF1 IP | IFNG - K562 cells, 30 min, IRF1 IP | IFNG - K562 cells, 6 h",,,
IFNA1,HSD3B7,leukocytes,"IRF1 IP | IFNA1-13 - K562 cells, 6 h, JUN IP | IFNA1-13 - 30 min , JUN IP | IFNA1-13 - K562 cells, 6 h",,,
SRF,HSD3B7,leukocytes,SRF IP - SK-N-SH cells,,,
CTCF,HSD3B7,stemcells,"CTCF IP - Rep 6 , CTCF IP - Rep 5 , CTCF IP - Rep 4 , CTCF IP - Rep 2 , CTCF IP - H1 cells, CTCF IP - Rep 3 , CTCF IP - Rep 1 , CTCF IP - Rep 7 , CTCF IP - H1 cells ",,,
IRF4,HSD3B7,leukocytes,"IRF4 IP, IRF4 IP - GM12878 cells",,,
NFATC1,HSD3B7,leukocytes,NFATC1 IP - GM12878 cells,,,
TCF7L2,HSD3B7,mammarygland,TCF7L2 ChIP-Seq,,,
GABPA,HSD3B7,stemcells,GABPA IP - H1 cells,,,
MAX,HSD3B7,uterus,"MAX IP - ECC1 cells, MAX IP - HeLa cells, Rep 2, MAX IP - HeLa cells, Rep 1",,,
TBP,HSD3B7,leukocytes,TBP IP - K562 cells,,,
CEBPB,HSD3B7,stemcells,"CEBPB IP, CEBPB IP, CEBPB IP, CEBPB IP, CEBPB IP, CEBPB IP",,,
ATF3,HSD3B7,colon,"ATF3 IP - HCT116 cells, ATF3 IP | CAMPTO",,,
ZBTB7A,HSD3B7,liver,ZBTB7A IP - HepG2 cells,,,
JUN,HSD3B7,vasculature,"JUN IP, JUN IP - HUVEC cells",,,
PAX5,HSD3B7,leukocytes,"PAX5 IP - GM12878 cells, Rep 2, PAX5 IP - GM12878 cells, Rep 1, PAX5 IP - GM12891 cells",,,
PBX3,HSD3B7,cns,PBX3 IP - SK-N-SH cells,,,
CTCF,HSD3B7,pancreas,CTCF IP,,,
CTCF,HSD3B7,skeletalmuscle,"CTCF IP - HSMM cells, Rep 1 , CTCF IP - HSMM cells, Rep 2 ",,,
SP1,HSD3B7,stemcells,SP1 IP - H1 cells,,,
GATA2,HSD3B7,cns,GATA2 ChIP-Seq SH-SY5Y,,,
CEBPB,HSD3B7,colon,CEBPB IP - HCT116 cells,,,
YY1,HSD3B7,colon,YY1 IP - HCT116 cells,,,
H9RET,HSD3B7,leukocytes,"STAT5B IP | H9RET, Rep 2",,,
ROSI,HSD3B7,leukocytes,ROSI | SPI1 ChIP-Seq,,,
ETS1,HSD3B7,leukocytes,ETS1 IP,,,
MAX,HSD3B7,colon,MAX IP - HCT116 cells,,,
TCF12,HSD3B7,lung,TCF12 IP - A549 cells,,,
MAX,HSD3B7,leukocytes,"MAX IP - K562 cells, MAX IP - NB4 cells, MAX IP - K562 cells, Rep 2",,,
BHLHE40,HSD3B7,leukocytes,"BHLHE40 IP - GM12878 cells, BHLHE40 IP - K562 cells",,,
CREB1,HSD3B7,prostate,"FOXA1 siRNA | CREB1 ChIP-Seq - Rep 1, CREB1 ChIP-Seq - LNCaP, CREB1 ChIP-Seq - Rep 2, CREB1 ChIP-Seq - LNCaP-abl, FOXA1 siRNA | CREB1 ChIP-Seq - Rep 2",,,
FOXA1,HSD3B7,prostate,"FOXA1 siRNA | CREB1 ChIP-Seq - Rep 1, FOXA1 siRNA | CREB1 ChIP-Seq - Rep 2",,,
PBX3,HSD3B7,lung,PBX3 IP - A549 cells,,,
MAZ,HSD3B7,liver,MAZ IP - HepG2 cells,,,
STAT3,HSD3B7,leukocytes,"STAT3 IP - OCI-LY10, STAT3 IP - U-2932, STAT3 IP - SU-DHL-6",,,
DEX,HSD3B7,lung,"CTCF IP | DEX - A549 cells, CTCF IP | DEX - A549 cells , USF1 IP | DEX - A549 cells, CREB1 IP | DEX - A549 cells",,,
STAT3,HSD3B7,mammarygland,"STAT3 IP - MCF10A cells, Rep 2, STAT3 IP - MCF10A cells, Rep 1, STAT3 IP | 4HT - MCF10 cells, 36 h, STAT3 IP | 4HT - MCF10 cells, 12 h",,,
ZEB1,HSD3B7,liver,ZEB1 IP - HepG2 cells,,,
CTCF,HSD3B7,esophagus,"CTCF IP - HEEpiC cells, Rep 1 , CTCF IP - HEEpiC cells, Rep 2 ",,,
POU2F2,HSD3B7,leukocytes,POU2F2 IP - GM12878 cells,,,
MYC,HSD3B7,mammarygland,"MYC IP | 4HT - MCF10A cells, DHT | MYC ChIP-Seq",,,
ZBTB7A,HSD3B7,uterus,ZBTB7A IP - ECC1 cells,,,
YY1,HSD3B7,cns,"YY1 IP - SK-N-SH cells, YY1 IP | ATRA - SK-N-SH cells",,,
STAT5A,HSD3B7,leukocytes,"STAT5A IP - GM12878 cells, STAT5A IP - K562 cells",,,
SP1,HSD3B7,leukocytes,"SP1 IP - K562 cells, SP1 IP - GM12878 cells",,,
SP1,HSD3B7,lung,SP1 IP - A549 cells,,,
CTCF,HSD3B7,uterus,"CTCF IP - HeLa cells, Rep 1 , CTCF IP - ECC1 cells, CTCF IP - HeLa cells ",,,
BATF,HSD3B7,leukocytes,BATF IP - GM12878 cells,,,
CEBPB,HSD3B7,lung,"CEBPB IP - A549 cells, CEBPB ChIP-Seq - A549, CEBPB ChIP-Seq - IMR90",,,
HEY1,HSD3B7,leukocytes,HEY1 IP - K562 cells,,,
BCL11A,HSD3B7,leukocytes,BCL11A IP - GM12878 cells,,,
MAFF,HSD3B7,liver,MAFF IP - HepG2 cells,,,
CTCF,HSD3B7,sensory,"CTCF IP - HRPEpiC cells, Rep 1 , CTCF IP - WERI-Rb-1- cells, Rep 1 , CTCF IP - HRPEpiC cells, Rep 2 , CTCF IP - WERI ",,,
YY1,HSD3B7,liver,YY1 IP - HepG2 cells,,,
MXI1,HSD3B7,liver,MXI1 IP - HepG2 cells,,,
E2F6,HSD3B7,stemcells,E2F6 IP - H1 cells,,,
JUND,HSD3B7,stemcells,"JUND IP - H1 cells, JUND IP - H1 cells",,,
TFAP4,HSD3B7,leukocytes,TFAP4 IP - Rep 1,,,
TCF3,HSD3B7,leukocytes,TCF3 IP - GM12878 cells,,,
SRF,HSD3B7,colon,SRF IP - HCT116 cells,,,
JUND,HSD3B7,lung,JUND IP - A549 cells,,,
CEBPB,HSD3B7,mammarygland,CEBPB IP - MCF7 cells,,,
SATB1,HSD3B7,liver,SATB1 IP,,,
MYC,HSD3B7,uterus,MYC IP - HeLa cells,,,
MAX,HSD3B7,stemcells,MAX IP - H1 cells,,,
MTA3,HSD3B7,leukocytes,MTA3 IP - GM12878 cells,,,
GABPA,HSD3B7,liver,GABPA IP - HepG2 cells,,,
ATRA,HSD3B7,cns,"YY1 IP | ATRA - SK-N-SH cells, USF1 IP | ATRA - SK-N-SH cells",,,
MYC,HSD3B7,liver,MYC IP,,,
STAT1,HSD3B7,uterus,"STAT1 IP | IFNG - HeLa cells, 30 min",,,
IFNG,HSD3B7,uterus,"STAT1 IP | IFNG - HeLa cells, 30 min",,,
IL2,HSD3B7,leukocytes,STAT5B IP | IL2 - Rep 2,,,
PBX3,HSD3B7,leukocytes,PBX3 IP - GM12878 cells,,,
FOSL2,HSD3B7,cns,FOSL2 IP - SK-N-SH cells,,,
JUND,HSD3B7,uterus,JUND IP - HeLa cells,,,
EPAS1,HSD3B7,kidney,"EPAS1 IP | EPAS1 OE, ARNT IP | EPAS1 OE",,,
ATF2,HSD3B7,leukocytes,ATF2 IP - GM12878 cells,,,
ZBTB7A,HSD3B7,leukocytes,ZBTB7A IP - SK-N-SH cells,,,
JUND,HSD3B7,vasculature,JUND IP,,,
BACH1,HSD3B7,stemcells,BACH1 IP - H1 cells,,,
FOXA1,HSD3B7,mammarygland,"DHT | FOXA1 ChIP-Seq, FOXA1 IP - T47D cells, FOXA1 ChIP-Seq - Rep 1",,,
DHT,HSD3B7,mammarygland,"DHT | FOXA1 ChIP-Seq, DHT | MYC ChIP-Seq",,,
REST,HSD3B7,leukocytes,REST IP - K562 cells,,,
MXI1,HSD3B7,lung,MXI1 IP - IMR cells,,,
CREB1,HSD3B7,liver,"CREB1 IP, CREB1 IP, CREB1 IP - HepG2 cells",,,
GATA1,HSD3B7,hspcs,"GATA1 IP - PBDE cells, Rep 1",,,
CREB1,HSD3B7,stemcells,CREB1 IP - H1 cells,,,
MYBL2,HSD3B7,liver,MYBL2 IP - HepG2 cells,,,
ARNT,HSD3B7,kidney,"ARNT IP, ARNT IP | EPAS1 OE",,,
TEAD4,HSD3B7,stemcells,TEAD4 IP - H1 cells,,,
GATA4,HSD3B7,stomach,GATA4 IP - AGS,,,
JUND,HSD3B7,liver,"JUND IP - HepG2 cells, JUND IP - HepG2 cells",,,
JUND,HSD3B7,colon,JUND IP - HCT116 cells,,,
GATA2,HSD3B7,leukocytes,GATA2 IP - K562 cells,,,
CTCF,HSD3B7,adiposetissue,"CTCF ChIP-Seq - d 9, CTCF ChIP-Seq - d -2, CTCF ChIP-Seq - d 0",,,
USF1,HSD3B7,liver,USF1 IP - HepG2 cells,,,
HES6,HSD3B7,prostate,HES6 OE | E2F1 ChIP-Seq - Rep 1,,,
HMGN3,HSD3B7,leukocytes,HMGN3 IP - K562 cells,,,
ELF3,HSD3B7,pancreas,ELF3 IP,,,
SRF,HSD3B7,liver,SRF IP - HepG2 cells,,,
BCL3,HSD3B7,leukocytes,BCL3 IP - GM12878 cells,,,
FOXM1,HSD3B7,leukocytes,FOXM1 IP - GM12878 cells,,,
ELF1,HSD3B7,cns,ELF1 IP - SK-N-SH cells,,,
FOXA2,HSD3B7,liver,FOXA2 IP - HepG2 cells,,,
CEBPA,HSD3B7,leukocytes,CEBPA IP,,,
USF1,HSD3B7,colon,USF1 IP - HCT116 cells,,,
USF1,HSD3B7,lung,USF1 IP | DEX - A549 cells,,,
BHLHE40,HSD3B7,liver,BHLHE40 IP - HepG2 cells,,,
TEAD4,HSD3B7,uterus,TEAD4 IP - ECC1 cells,,,
MEF2A,HSD3B7,leukocytes,MEF2A IP - K562 cells,,,
EGR1,HSD3B7,colon,EGR1 IP - HCT116 cells,,,
ZNF263,HSD3B7,kidney,ZNF263 IP - HEK293 cells,,,
TEAD4,HSD3B7,leukocytes,TEAD4 IP - K562 cells,,,
CPDA,HSD3B7,mammarygland,JUN IP | CPDA,,,
YY1,HSD3B7,lung,YY1 IP - A549 cells,,,
FOSL2,HSD3B7,lung,FOSL2 IP - A549 cells,,,
SP1,HSD3B7,colon,SP1 IP - HCT116 cells,,,
FOSL2,HSD3B7,liver,FOSL2 IP - HepG2 cells,,,
EBF1,HSD3B7,adiposetissue,EBF1 IP,,,
CEBPB,HSD3B7,uterus,CEBPB ChIP-Seq - HeLaS3,,,
FOSL1,HSD3B7,colon,FOSL1 IP - HCT116 cells,,,
UBTF,HSD3B7,leukocytes,UBTF IP - K562 cells,,,
TCF12,HSD3B7,uterus,TCF12 IP - ECC1 cells,,,
CREB1,HSD3B7,lung,CREB1 IP | DEX - A549 cells,,,
MAX,HSD3B7,lung,MAX IP - A549 cells,,,
TCF12,HSD3B7,cns,TCF12 IP - SK-N-SH cells,,,
FOS,HSD3B7,vasculature,FOS IP - HUVEC cells,,,
USF1,HSD3B7,stemcells,USF1 IP - H1 cells,,,
ZNF263,HSD3B7,leukocytes,ZNF263 IP - K562 cells,,,
USF1,HSD3B7,cns,USF1 IP | ATRA - SK-N-SH cells,,,
MAZ,HSD3B7,lung,MAZ IP - IMR cells,,,
RUNX1T1,HSD3B7,leukocytes,RUNX1T1 IP,,,
ELF1,HSD3B7,lung,ELF1 IP - A549 cells,,,
CTCF,SCP2,leukocytes,"CTCF IP - GM12865 cells, Rep 2 , CTCF IP - F36P cells, Rep 5 , CTCF IP - GM2255 cells, Rep 2 , CTCF IP - MS1 cells, Rep 3 , CTCF IP - GM2630 cells, Rep 2 , CTCF IP - F36P cells, Rep 6 , CTCF IP - GM06990 cells, Rep 1 , CTCF IP - GM11994 cells, Rep 1, CTCF IP - GM2588 cells, Rep 2 , CTCF IP - KU812 cells, Rep 17 , CTCF IP - KU812 cells, Rep 13 , CTCF IP - GM12154 cells, Rep 1, CTCF IP - GM12874 cells, CTCF IP - GM11811 cells, Rep 2, CTCF IP - KU812 cells, Rep 9 , CTCF IP - GM11894 cells, Rep 1, CTCF IP - GM12864 cells, Rep 1 , CTCF IP - GM12891 cells, Rep 1 , CTCF IP - GM12875 cells, Rep 1 , CTCF IP - MS1 cells, Rep 4 , CTCF IP - GM12873 cells, Rep 3 , CTCF IP - GM2588 cells, Rep 3 , CTCF IP - GM12865 cells, Rep 3 , CTCF IP - GM18526 cells, Rep 2 , CTCF IP - GM18505 cells, Rep 2 , CTCF IP - GM12869 cells , CTCF IP - GM18951 cells, Rep 2 , CTCF IP - GM18486 cells, Rep 1 , CTCF IP - GM19193 cells, Rep 1 , CTCF IP - F36P cells, Rep 3 , CTCF IP - GM11881 cells, CTCF IP - F36P cells, Rep 11 , CTCF IP - GM12874 cells, Rep 2 , CTCF IP - F36P cells, Rep 7 , CTCF IP - GM06986 cells, CTCF IP - GM2255 cells, Rep 3 , CTCF IP - GM12875 cells, Rep 2 , CTCF IP - KU812 cells, Rep 1 , CTCF IP - GM18526 cells, Rep 1 , CTCF IP - GM2588 cells, Rep 1 , CTCF IP - GM11894 cells, Rep 2, CTCF IP - GM12866 cells , CTCF IP - GM12872 cells, Rep 2 , CTCF IP - GM12828 cells, CTCF IP - GM12892 cells, Rep 2 , CTCF IP - F36P cells, Rep 19 , CTCF IP - GM12868 cells , CTCF IP - GM12865 cells, Rep 1 , CTCF IP - GM12878 cells , CTCF IP - GM18486 cells, Rep 3 , CTCF IP - GM12890 cells, Rep 1 , CTCF IP - GM19193 cells, Rep 2 , CTCF IP - GM12814 cells, Rep 1, CTCF IP - GM12864 cells, Rep 3 , CTCF IP - GM12873 cells, Rep 1 , CTCF IP - GM2255 cells, Rep 1 , CTCF IP - GM12814 cells, Rep 2, CTCF IP - GM12890 cells, Rep 2 , CTCF IP - GM12867 cells , CTCF IP - GM12870 cells , CTCF IP - GM12872 cells, Rep 3 , CTCF IP - GM12864 cells, Rep 2 , CTCF IP - GM19239 cells, Rep 1 , CTCF IP - GM12005 cells, Rep 2, CTCF IP - GM12878 cells, Rep 1 , CTCF IP - GM19238 cells, Rep 1 , CTCF IP - GM12005 cells, Rep 1, CTCF IP - F36P cells, Rep 18 , CTCF IP - HL , CTCF IP - GM11811 cells, Rep 1, CTCF IP - GM10847 cells, Rep 2 , CTCF IP - KU812 cells, Rep 5 , CTCF IP - CD14+ cells , CTCF IP - HeLa cells, Rep 2 , CTCF IP - GM2610 cells, Rep 2 , CTCF IP - F36P cells, Rep 14 , CTCF ChIP-Seq - GM12878, CTCF IP - GM12006 cells, Rep 2, CTCF IP - GM19240 cells, Rep 2 , CTCF IP -  CD20+ cells , CTCF IP - GM12878 cells, Rep 2 , CTCF IP - NB4 cells , CTCF IP - F36P cells, Rep 13 , CTCF IP - GM12873 cells, Rep 1 , CTCF IP - GM10847 cells, Rep 1 , CTCF IP - GM12234 cells, CTCF IP - GM12878 cells, Rep 1 , CTCF IP - GM19238 cells, Rep 2 , CTCF IP - GM12287 cells, Rep 1, CTCF IP - MS1 cells, Rep 1 , CTCF IP - GM12878 cells, Rep 2 , CTCF IP - GM18951 cells, Rep 1 , CTCF IP - GM12872 cells, Rep 1 , CTCF IP - GM2610 cells, Rep 3 , CTCF IP - GM07037 cells, CTCF IP - GM2610 cells, Rep 1 , CTCF IP - GM12892 cells, Rep 1 , CTCF IP, CTCF IP - GM12749 cells, Rep 1, CTCF IP - GM18486 cells, Rep 2 , CTCF IP - GM07346 cells, CTCF IP -  DND , CTCF IP - MS1 cells, Rep 2 , CTCF IP - GM12890 cells, Rep 3 , CTCF IP - GM2630 cells, Rep 3 , CTCF IP - F36P cells, Rep 2 , CTCF IP - GM12891 cells, Rep 2 , CTCF IP - GM12815 cells, Rep 1, CTCF IP - GM19240 cells, Rep 1 , CTCF IP - GM2630 cells, Rep 1 , CTCF IP - GM12874 cells, Rep 1 , CTCF IP - GM12872 cells, CTCF IP - GM06990 cells, Rep 2 , CTCF IP - F36P cells, Rep 15 , CTCF IP - GM11994 cells, Rep 2, CTCF IP - GM19099 cells, Rep 1 , CTCF IP - GM19099 cells, Rep 2 , CTCF IP - GM19239 cells, Rep 2 , CTCF IP - GM12154 cells, Rep 2, CTCF IP - F36P cells, Rep 10 , CTCF IP - GM18505 cells, Rep 1 , CTCF IP - GM11831 cells, CTCF IP - GM12871 cells ",,,
ERG,SCP2,prostate,"DMSO | ERG ChIP-Seq - Rep 1, JQI | ERG ChIP-Seq - Rep 2, ERG ChIP-Seq, DHT | ERG ChIP-Seq - 18 h, DHT | ERG ChIP-Seq - 2 h, DMSO | ERG ChIP-Seq - Rep 2, ERG IP - Rep 1, ERG IP | R1881, ERG ChIP-Seq",,,
E2F1,SCP2,prostate,"HES6 OE | E2F1 ChIP-Seq - Rep 1, E2F1 ChIP-Seq - Rep 4, HES6 OE + BICALU | E2F1 ChIP-Seq - Rep 1, BICALU + HES6 OE | E2F1 ChIP-Seq - Rep 2, E2F1 ChIP-Seq - Rep 1, HES6 OE + BICALU | E2F1 ChIP-Seq - Rep 3, BICALU | E2F1 ChIP-Seq - Rep 1, BICALU | E2F1 ChIP-Seq - Rep 2, BICALU + HES6OE | E2F1 ChIP-Seq - Rep 4, HES6 OE | E2F1 ChIP-Seq - Rep 2, BICALU | E2F1 ChIP-Seq - Rep 3, HES6 OE | E2F1 ChIP-Seq - Rep 3, E2F1 ChIP-Seq - Rep 2, E2F1 ChIP-Seq - Rep 3",,,
HES6,SCP2,prostate,"HES6 OE | E2F1 ChIP-Seq - Rep 1, HES6 OE + BICALU | E2F1 ChIP-Seq - Rep 1, BICALU + HES6 OE | E2F1 ChIP-Seq - Rep 2, HES6 OE + BICALU | E2F1 ChIP-Seq - Rep 3, BICALU + HES6OE | E2F1 ChIP-Seq - Rep 4, HES6 OE | E2F1 ChIP-Seq - Rep 2, HES6 OE | E2F1 ChIP-Seq - Rep 3",,,
CEBPB,SCP2,leukocytes,"CEBPB IP, CEBPB IP - K562 cells, CEBPB IP| oxLDL  - Rep 207, CEBPB IP - GM12878 cells, CEBPB ChIP-Seq - K562, CEBPB IP - Rep 204, CEBPB IP | oxLDL  - Rep 208, CEBPB IP - Rep 203, CEBPB IP - HL-60 cells, Rep 2 , CEBPB IP - HL-60 cells, Rep 1 , CEBPB IP - Rep 201, CEBPB IP | oxLDL  - Rep 205",,,
TBP,SCP2,leukocytes,"TBP IP - K562 cells, TBP IP - GM12878 cells",,,
CTCF,SCP2,hspcs,"CTCF IP - HSPCs, Rep 1, CTCF IP - Erythroid cells, Rep 2, CTCF IP - HSPCs, Rep 2, CTCF IP - Erythroid cells, Rep 1",,,
CTCF,SCP2,liver,"CTCF IP, CTCF IP - SK-N-SH cells, CTCF IP - HepG2 cells , CTCF IP - HepG2 cells, Rep 2 , CTCF IP - HepG2 cells, Rep 1 ",,,
CTCF,SCP2,stemcells,"CTCF IP - Rep 5 , CTCF IP - H1 cells, CTCF IP - Rep 4 , CTCF IP - Rep 2 , CTCF IP - Rep 3 , CTCF IP - Rep 1 , CTCF IP - H1 cells , CTCF IP - Rep 6 ",,,
MYC,SCP2,liver,MYC IP,,,
MYC,SCP2,uterus,MYC IP - HeLa cells,,,
HOXA6,SCP2,colon,HOXA6 IP ,,,
REST,SCP2,cns,"REST IP - SK cells, REST IP - SK-N-SH cells, REST IP - PFSK1 cells, Rep 2, REST IP - PFSK-N-SH cells1 cells, Rep 1",,,
SRF,SCP2,uterus,SRF IP - ECC1 cells,,,
CEBPB,SCP2,liver,"CEBPB ChIP-Seq - HepG2, CEBPB IP - HepG2 cells, CEBPB IP | FORSK - HepG2 cells",,,
JUN,SCP2,leukocytes,"JUN IP - K562 cells, Rep 2, JUN IP | IFNA1-13 - 30 min , JUN IP - K562 cells, Rep 1",,,
RELA,SCP2,adiposetissue,"RELA IP, RELA IP",,,
TP53,SCP2,bone,"TP53 IP - Rep 2, TP53 IP - Rep 1",,,
MAX,SCP2,uterus,"MAX IP - HeLa cells, Rep 1, MAX IP - ECC1 cells, MAX IP - HeLa cells, Rep 2",,,
CTCF,SCP2,skin,"CTCF IP - NHDF cells, Rep 2 , CTCF IP - AG10803 cells, Rep 1 , CTCF IP - GM12878 cells, Rep 2 , CTCF IP - AG09309 cells, Rep 1 , CTCF IP - HFFC cells, Rep 2 , CTCF IP - AG04449 cells, Rep 1 , CTCF IP - AG10803 cells, Rep 2 , CTCF IP - HFFC cells, Rep 1 , CTCF IP - AG09309 cells, Rep 2 , CTCF IP - NHDF cells , CTCF IP - HFFC cells, Rep 3 , CTCF IP - NHDF cells, Rep 1 , CTCF IP - NHEK cells, Rep 2 , CTCF IP - BJ cells, Rep 2 , CTCF IP - BJ cells, Rep 1 , CTCF IP - NHEK cells , CTCF IP - AG04449 cells, Rep 2 ",,,
JQ1,SCP2,prostate,JQI | ERG ChIP-Seq - Rep 2,,,
E2F1,SCP2,mammarygland,"E2F1 IP - MCF7 cells, E2F1 IP",,,
GABPA,SCP2,prostate,"GABPA IP | R1881, GABPA IP - Rep 2, GABPA IP - Rep 1",,,
R1881,SCP2,prostate,"GABPA IP | R1881, GATA2 KD + R1881 | FOXA1 ChIP-Seq, R1881 | FOXA1 ChIP-Seq - Rep 2, CON KD + R1881 | FOXA1 ChIP-Seq - Rep 2, PIAS1 + R1881 | FOXA1 ChIP-Seq - Rep 2, CON KD + R1881 | FOXA1 ChIP-Seq, ERG IP | R1881",,,
CREB1,SCP2,prostate,"CREB1 ChIP-Seq - Rep 2, CREB1 ChIP-Seq - LNCaP-abl, CREB1 siRNA | FOXA1 ChIP-Seq - Rep 1, FOXA1 siRNA | CREB1 ChIP-Seq - Rep 2, CREB1 ChIP-Seq - Rep 1, FOXA1 siRNA | CREB1 ChIP-Seq - Rep 1, CREB1 ChIP-Seq - LNCaP, CREB1 siRNA | FOXA1 ChIP-Seq - Rep 2",,,
MAX,SCP2,leukocytes,"MAX IP - K562 cells, Rep 2, MAX IP - GM12878 cells, MAX IP - NB4 cells, MAX IP - K562 cells",,,
SIX2,SCP2,kidney,"SIX2 IP - 17 weeks, Rep 1",,,
CTCF,SCP2,sensory,"CTCF IP - HRPEpiC cells, Rep 1 , CTCF IP - WERI-Rb-1- cells, Rep 1 , CTCF IP - HRPEpiC cells, Rep 2 ",,,
SIX5,SCP2,leukocytes,"SIX5 IP - GM12878 cells, SIX5 IP - K562 cells, Rep 2",,,
NFATC1,SCP2,leukocytes,NFATC1 IP - GM12878 cells,,,
YY1,SCP2,leukocytes,"YY1 IP - GM12892 cells, Rep 1, YY1 IP - GM12878 cells, YY1 IP - K562 cells, Rep 2, YY1 IP - K562 cells, Rep 1, YY1 IP - GM12891 cells",,,
CEBPB,SCP2,lung,"CEBPB IP - A549 cells, CEBPB ChIP-Seq - A549, CEBPB ChIP-Seq - IMR90",,,
ELF1,SCP2,leukocytes,"ELF1 IP - SK-N-SH cells, ELF1 IP - SK-N-SH cells",,,
YY1,SCP2,cns,"YY1 IP | ATRA - SK-N-SH cells, YY1 IP - SK-N-SH cells",,,
ATRA,SCP2,cns,"YY1 IP | ATRA - SK-N-SH cells, USF1 IP | ATRA - SK-N-SH cells",,,
CTCF,SCP2,heart,"CTCF IP - myocytes cells, Rep 2 , CTCF IP - HCF cells , CTCF IP - myocytes cells, Rep 1 ",,,
STAT3,SCP2,leukocytes,"STAT3 IP - SU-DHL-6, STAT3 IP - OCI-LY7, STAT3 IP - SU-DHL-4, STAT3 IP - OCI-LY10, STAT3 IP - OCI-LY19, STAT3 IP - U-2932",,,
FOXA1,SCP2,mammarygland,"FOXA1 ChIP-Seq - Rep 1, FOXA1 ChIP-Seq - Rep 2, DHT | FOXA1 ChIP-Seq, 17BE2 | FOXA1 ChIP-Seq - Rep 1, 17BE2 | FOXA1 ChIP-Seq - Rep 2, 17BE2 | FOXA1 ChIP-Seq - Rep 1, DEX | FOXA1 ChIP-Seq - Rep 2, FOXA1 IP - T47D cells, FOXA1 ChIP-Seq - Rep 1, DEX | FOXA1 ChIP-Seq - Rep 1, FOXA1 ChIP-Seq - Rep 1, 17BE2 | FOXA1 ChIP-Seq - Rep 1, 17BE2 | FOXA1 ChIP-Seq - Rep 2, DEX | FOXA1 ChIP-Seq - Rep 1, DEX | FOXA1 ChIP-Seq - Rep 2, DEX | FOXA1 ChIP-Seq - Rep 1, FOXA1 ChIP-Seq - Rep 2, 17BE2 | FOXA1 ChIP-Seq - Rep 2, FOXA1 ChIP-Seq - Rep 2",,,
ELK4,SCP2,uterus,"ELK4 IP - HeLa cells, ELK4 IP - HeLa, Rep 1",,,
ELF1,SCP2,liver,ELF1 IP - HepG2 cells,,,
FOXA2,SCP2,stemcells,"FOXA2 IP - ES D5, FOXA2 IP - ES D7, FOXA2 IP - ES D2",,,
STAT3,SCP2,mammarygland,"STAT3 IP | 4HT - MCF10 cells, 36 h, STAT3 IP - MCF10A cells, Rep 2, STAT3 IP | 4HT - MCF10 cells, 12 h",,,
4HT,SCP2,mammarygland,"STAT3 IP | 4HT - MCF10 cells, 36 h, FOS IP | 4HT - MCF10A cells, 12 h, E2F4 IP | 4HT - MCF10 cells, FOS IP | 4HT - MCF10A cells, 4 h, STAT3 IP | 4HT - MCF10 cells, 12 h, MYC IP | 4HT - MCF10A cells, FOS IP | 4HT - MCF10A cells, 36 h",,,
FOXA1,SCP2,prostate,"FOXA1 ChIP-Seq - Rep 1, FOXA1 ChIP-Seq - Rep 2, CREB1 siRNA | FOXA1 ChIP-Seq - Rep 1, CON KD | FOXA1 ChIP-Seq, FOXA1 siRNA | CREB1 ChIP-Seq - Rep 2, GATA2 KD  | FOXA1 ChIP-Seq, EtOH | FOXA1 ChIP-Seq - , FOXA1 ChIP-Seq, DHT | FOXA1 ChIP-Seq, GATA2 KD + R1881 | FOXA1 ChIP-Seq, R1881 | FOXA1 ChIP-Seq - Rep 2, AR Q640X OE + FOXA1 OE | FOXA1 ChIP-Seq, CON KD | FOXA1 ChIP-Seq, FOXA1 ChIP-Seq - LNCaP-abl, CON KD + R1881 | FOXA1 ChIP-Seq - Rep 2, PIAS1 + R1881 | FOXA1 ChIP-Seq - Rep 2, FOXA1 KD | GATA2 ChIP-Seq, CON KD + R1881 | FOXA1 ChIP-Seq, FOXA1 ChIP-Seq, EtOH | FOXA1 ChIP-Seq - Rep 2, FOXA1 siRNA | CREB1 ChIP-Seq - Rep 1, CON KD  | FOXA1 ChIP-Seq, CREB1 siRNA | FOXA1 ChIP-Seq - Rep 2, POU2F1 KD + DHT | FOXA1 ChIP-Seq, FOXA1 ChIP-Seq, CON KD | FOXA1 ChIP-Seq",,,
NANOG,SCP2,stemcells,NANOG IP - H1 cells,,,
GABPA,SCP2,leukocytes,"GABPA IP - GM12878 cells, Rep 2 , GABPA IP - GM12878 cells, GABPA IP - Jurkat, Rep 2, GABPA IP - K562 cells, GABPA IP - HL cells, GABPA IP - Jurkat, Rep 1, GABPA IP - GM12878 cells, Rep 5 , GABPA IP - GM12878 cells, Rep 3 , GABPA IP - GM12878 cells, Rep 1 , GABPA IP - GM12878 cells, Rep 4 ",,,
YY1,SCP2,liver,YY1 IP - HepG2 cells,,,
BICALU,SCP2,prostate,"HES6 OE + BICALU | E2F1 ChIP-Seq - Rep 1, BICALU + HES6 OE | E2F1 ChIP-Seq - Rep 2, HES6 OE + BICALU | E2F1 ChIP-Seq - Rep 3, BICALU | E2F1 ChIP-Seq - Rep 1, BICALU | E2F1 ChIP-Seq - Rep 2, BICALU + HES6OE | E2F1 ChIP-Seq - Rep 4, BICALU | E2F1 ChIP-Seq - Rep 3",,,
DHT,SCP2,mammarygland,"DHT | FOXA1 ChIP-Seq, DHT | TCF7L2 ChIP-Seq, DHT | MYC ChIP-Seq",,,
MYB,SCP2,leukocytes,"MYB IP - Jurkat, Rep 3, MYB IP - Jurkat, Rep 5, MYB IP - MOLT3, MYB IP - Jurkat, Rep 4, MYB IP - Jurkat, Rep 1, MYB IP - Jurkat, Rep 2",,,
TP53,SCP2,mammarygland,"TP53 IP, TP53 IP | NUTL3 - MCF-7",,,
ZNF143,SCP2,leukocytes,"ZNF143 IP - K562 cells, ZNF143 IP - GM12878 cells",,,
MAX,SCP2,lung,MAX IP - A549 cells,,,
ZEB1,SCP2,liver,ZEB1 IP - HepG2 cells,,,
SPI1,SCP2,leukocytes,"SPI1 IP, ROSI | SPI1 ChIP-Seq, SPI1 IP - U-937 cells, Rep 5 , SPI1 IP, SPI1 IP, SPI1 IP - GM12878 cells, SPI1 IP - U-937 cells, Rep 1 , SPI1 IP, SPI1 IP - K562 cells, SPI1 IP, SPI1 IP - HL cells, SPI1 IP, SPI1 IP - GM12891 cells, SPI1 IP, SPI1 IP - U-937 cells, Rep 4 , SPI1 IP - GM12878 cells, Rep 3 , SPI1 IP, SPI1 IP - GM12878 cells, Rep 4 , SPI1 IP",,,
CTCF,SCP2,kidney,"CTCF IP - HRE cells, Rep 2 , CTCF IP - HEK293 cells, Rep 2 , CTCF IP - RPTEC cells, Rep 1 , CTCF IP - HEK293 cells, Rep 1 , CTCF IP - RPTEC cells, Rep 2 , CTCF IP - HRE cells, Rep 1 ",,,
SP1,SCP2,liver,SP1 IP - HepG2 cells,,,
ZBTB7A,SCP2,liver,ZBTB7A IP - HepG2 cells,,,
CTCF,SCP2,colon,"CTCF IP - Caco , CTCF IP - Rep 2 , CTCF IP - HCT116 cells, Rep 2 , CTCF IP - HCT116 cells, CTCF IP - HCT116 cells, Rep 1 , CTCF IP - Caco-2 cells, Rep 1 ",,,
GATA1,SCP2,hspcs,"GATA1 IP - Rep 1, GATA1 IP - Rep 3",,,
GABPA,SCP2,liver,"GABPA IP, GABPA IP - MCF7 cells, GABPA IP, GABPA IP, GABPA IP - HepG2 cells",,,
E2F6,SCP2,leukocytes,"E2F6 IP - K562 cells, E2F6 IP - K562 cells",,,
MYC,SCP2,mammarygland,"MYC IP - MCF-10A cells, DHT | MYC ChIP-Seq, MYC IP | 4HT - MCF10A cells",,,
ROSI,SCP2,leukocytes,ROSI | SPI1 ChIP-Seq,,,
17BE2,SCP2,mammarygland,"17BE2 | FOXA1 ChIP-Seq - Rep 1, 17BE2 | FOXA1 ChIP-Seq - Rep 2, 17BE2 | FOXA1 ChIP-Seq - Rep 1, 17BE2 | FOXA1 ChIP-Seq - Rep 1, 17BE2 | FOXA1 ChIP-Seq - Rep 2, 17BE2 | FOXA1 ChIP-Seq - Rep 2",,,
CTCF,SCP2,cns,"CTCF IP - SK-N-SH cells , CTCF IP - HCPEpiC cells, Rep 1 , CTCF IP - spinal cord astrocyte cells, Rep 1 , CTCF IP - SK cells, CTCF IP - SK-N-SH cells, Rep 1 , CTCF IP - NHA cells , CTCF IP - spinal cord astrocyte cells, Rep 2 , CTCF IP - cerebellar astrocyte cells, Rep 1 , CTCF IP - HCPEpiC cells, Rep 2 , CTCF IP - SK-N-SH cells, Rep 2 , CTCF IP - cerebellar astrocyte cells, Rep 2 ",,,
MAFK,SCP2,lung,MAFK IP - IMR cells,,,
CTCF,SCP2,mammarygland,"CTCF IP - T47D cells, CTCF IP - HMEC cells, Rep 1 , CTCF IP - HMEC cells , CTCF IP - HMF cells, Rep 1 , CTCF IP - MCF-7 cells Rep 2 , CTCF IP - MCF-7 cells, Rep 1 , CTCF IP - HMF cells, Rep 2 , CTCF IP - HMEC cells, Rep 2 , CTCF IP - MCF7 cells",,,
CTCF,SCP2,vasculature,"CTCF IP - HUVEC cells , CTCF IP - HUVEC cells, Rep 1 , CTCF IP - HBMEC cells, Rep 1 , CTCF IP - HBMEC cells, Rep 2 , CTCF IP - HPAF cells, Rep 1 , CTCF IP - AoAFC cells, Rep 2 , CTCF IP - HPAF cells, Rep 2 , CTCF IP - HUVEC cells, Rep 2 , CTCF IP - AoAFC cells, Rep 1 ",,,
TCF7L2,SCP2,mammarygland,"DHT | TCF7L2 ChIP-Seq, TCF7L2 ChIP-Seq",,,
ZEB1,SCP2,leukocytes,ZEB1 IP - GM12878 cells,,,
GATA3,SCP2,cns,GATA3 IP - SK-N-SH cells,,,
SP1,SCP2,stemcells,SP1 IP - H1 cells,,,
NFYB,SCP2,leukocytes,NFYB IP - GM12878 cells,,,
CREB1,SCP2,lung,CREB1 IP | DEX - A549 cells,,,
DEX,SCP2,lung,"CREB1 IP | DEX - A549 cells, USF1 IP | DEX - A549 cells, CTCF IP | DEX - A549 cells , CTCF IP | DEX - A549 cells, FOXA1 IP | DEX - A549 cells",,,
CEBPB,SCP2,stemcells,"CEBPB IP, CEBPB IP, CEBPB IP, CEBPB IP, CEBPB IP, CEBPB IP, CEBPB IP - H1 cells, CEBPB IP, CEBPB IP, CEBPB IP, CEBPB IP",,,
USF1,SCP2,cns,"USF1 IP | ATRA - SK-N-SH cells, USF1 IP - SK-N-SH cells",,,
ZNF143,SCP2,uterus,ZNF143 IP - HeLa cells,,,
JUN,SCP2,uterus,JUN IP - HeLa cells,,,
REST,SCP2,leukocytes,"REST IP - GM12878 cells, Rep 1, REST IP - K562 cells, REST IP - GM12878 cells, Rep 14 , REST IP - HL60 cells",,,
GATA3,SCP2,mammarygland,GATA3 IP - MCF7 cells,,,
MAZ,SCP2,leukocytes,"MAZ IP - GM12878 cells, MAZ IP - K562 cells",,,
CTCF,SCP2,placenta,"CTCF IP - HVMF cells, Rep 1 , CTCF IP - HVMF cells, Rep 2 ",,,
MAFK,SCP2,leukocytes,MAFK IP - K562 cells,,,
BHLHE40,SCP2,leukocytes,"BHLHE40 IP - GM12878 cells, BHLHE40 IP - K562 cells",,,
STAT1,SCP2,leukocytes,"STAT1 IP | IFNG - K562 cells, 6 h, STAT1 IP - Rep 5, STAT1 IP - Rep 3, STAT1 IP - Rep 1, STAT1 IP - Rep 4, STAT1 IP - Rep 2, STAT1 IP - Rep 6",,,
IFNG,SCP2,leukocytes,"STAT1 IP | IFNG - K562 cells, 6 h, IRF1 IP | IFNG - K562 cells, 6 h, IRF1 IP | IFNG - K562 cells, 30 min, MYC IP | IFNG - K562 cells, 6 h, STAT1 IP - Rep 5, STAT1 IP - Rep 3, STAT1 IP - Rep 1, STAT1 IP - Rep 4, MYC IP | IFNG - K562 cells, 30 min, STAT1 IP - Rep 2, STAT1 IP - Rep 6",,,
GABPA,SCP2,uterus,GABPA IP - HeLa cells,,,
CTCF,SCP2,lung,"CTCF IP - A549 cells , CTCF IP - SAEC cells, Rep 2 , CTCF IP - SAEC cells, Rep 1 , CTCF IP - NHLF cells , CTCF IP - WI-38 cells, Rep 1 , CTCF IP - HPF cells, Rep 1 , CTCF IP - A549 cells, Rep 1 , CTCF IP - IMR cells, CTCF IP - AG04450 cells, Rep 2 , CTCF IP - HPF cells, Rep 2 , CTCF IP - AG04450 cells, Rep 1 , CTCF ChIP-Seq - A549, CTCF IP - WI-38 cells, Rep 2 , CTCF IP | DEX - A549 cells , CTCF IP - NHLF cells , CTCF IP | DEX - A549 cells, CTCF IP - A549 cells, Rep 2 , CTCF IP - A549 cells",,,
ELF3,SCP2,pancreas,"ELF3 IP, ELF3 IP | KLF5 KO, ELF3 IP",,,
MAZ,SCP2,uterus,MAZ IP - HeLa cells,,,
RELA,SCP2,leukocytes,"RELA IP | BAY082  - IVD Th1 cells, PIA, RELA IP - IVD Th1 cells, PIA, RELA IP | TNF - GM19193 cells, RELA IP | TNF - GM15510 cells, RELA IP | TNF - GM19099 cells, RELA IP | TNF - GM12892 cells, RELA IP | TNF - GM12878 cells, RELA IP | TNF - GM18951 cells, RELA IP | TNF - GM18505 cells, RELA IP | TNF - GM10847 cells, RELA IP | TNF - GM12891 cells",,,
BAY082,SCP2,leukocytes,"RELA IP | BAY082  - IVD Th1 cells, PIA",,,
CREB1,SCP2,liver,"CREB1 IP - HepG2 cells, CREB1 IP, CREB1 IP",,,
ATF2,SCP2,leukocytes,ATF2 IP - GM12878 cells,,,
POU2F2,SCP2,leukocytes,"POU2F2 IP - GM12878 cells, POU2F2 IP | POU2F2 Mut OE",,,
EBF1,SCP2,leukocytes,EBF1 IP - GM12878 cells,,,
MYC,SCP2,leukocytes,"MYC IP | IFNA1 - K562 cells, 30 min, MYC IP - NB4 cells, MYC IP | IFNA1 - K562 cells, 6 h, MYC IP | IFNG - K562 cells, 6 h, MYC IP | IFNG - K562 cells, 30 min, MYC IP - K562 cells, Rep 1, MYC IP - K562 cells, Rep 2",,,
IFNA1,SCP2,leukocytes,"MYC IP | IFNA1 - K562 cells, 30 min, MYC IP | IFNA1 - K562 cells, 6 h, JUN IP | IFNA1-13 - 30 min , IRF1 IP | IFNA1-13 - K562 cells, 6 h, STAT2 IP | IFNA1-13 - K562 cells, 30 min",,,
JUND,SCP2,leukocytes,JUND IP - K562 cells,,,
MEF2B,SCP2,kidney,MEF2B IP | MEF2B OE - Rep 2,,,
ZNF384,SCP2,leukocytes,ZNF384 IP - K562 cells,,,
GATA2,SCP2,prostate,"GATA2 KD  | FOXA1 ChIP-Seq, GATA2 KD + R1881 | FOXA1 ChIP-Seq, FOXA1 KD | GATA2 ChIP-Seq",,,
BATF,SCP2,leukocytes,BATF IP - GM12878 cells,,,
MXI1,SCP2,liver,MXI1 IP - HepG2 cells,,,
KLF11,SCP2,adiposetissue,"ROSI (BrAT) | KLF11 ChIP-Seq, Rep 2, KLF11 ChIP-Seq, Rep 2",,,
ROSI,SCP2,adiposetissue,"ROSI (BrAT) | KLF11 ChIP-Seq, Rep 2",,,
CTCF,SCP2,megakaryocytelineage,"CTCF IP - MEG-01 cells, Rep 8 , CTCF IP - MEG-01 cells, Rep 6 , CTCF IP - MEG-01 cells, Rep 2 , CTCF IP - MEG-01 cells, Rep 10 , CTCF IP - MEG-01 cells, Rep 4 ",,,
CTCF,SCP2,uterus,"CTCF IP - ECC1 cells, CTCF IP - HeLa cells ",,,
TCF21,SCP2,vasculature,"TCF21 IP, TCF21 IP, TCF21 IP, TCF21 IP",,,
ELF1,SCP2,colon,ELF1 IP - HCT116 cells,,,
ZNF143,SCP2,stemcells,ZNF143 IP - H1 cells,,,
ELF1,SCP2,cns,ELF1 IP - SK-N-SH cells,,,
CEBPB,SCP2,colon,"CEBPB IP, CEBPB IP - HCT116 cells, CEBPB IP | 125DVD3",,,
PBX3,SCP2,leukocytes,PBX3 IP - GM12878 cells,,,
JUND,SCP2,uterus,JUND IP - HeLa cells,,,
MAFK,SCP2,uterus,MAFK IP - HeLa cells,,,
MAX,SCP2,liver,"MAX IP - HepG2 cells, MAX IP - MCF7 cells, MAX IP - HepG2 cells",,,
CEBPB,SCP2,bone,CEBPB IP,,,
SRF,SCP2,stemcells,"SRF IP - Rep 7 , SRF IP - Rep 5 , SRF IP - Rep 4 , SRF IP - Rep 6 , SRF IP - H1 cells",,,
ARID3A,SCP2,liver,ARID3A IP - HepG2 cells,,,
CEBPB,SCP2,uterus,"CEBPB IP - ECC1 cells, CEBPB ChIP-Seq - HeLaS3",,,
EGR1,SCP2,leukocytes,EGR1 IP - K562 cells,,,
BARX1,SCP2,colon,BARX1 IP - Rep 1 ,,,
GATA2,SCP2,hspcs,GATA2 IP,,,
CTCF,SCP2,adiposetissue,"CTCF ChIP-Seq - d 9, CTCF ChIP-Seq - d -2, CTCF ChIP-Seq - d 0",,,
FOSL2,SCP2,cns,FOSL2 IP - SK-N-SH cells,,,
BACH1,SCP2,stemcells,BACH1 IP - H1 cells,,,
TNF,SCP2,leukocytes,"RELA IP | TNF - GM19193 cells, RELA IP | TNF - GM15510 cells, RELA IP | TNF - GM12892 cells, RELA IP | TNF - GM12878 cells, RELA IP | TNF - GM18951 cells, RELA IP | TNF - GM18505 cells, RELA IP | TNF - GM10847 cells, RELA IP | TNF - GM12891 cells",,,
USF1,SCP2,lung,"USF1 IP - A549 cells, Rep 2, USF1 IP | DEX - A549 cells",,,
DHT,SCP2,prostate,"DHT | FOXA1 ChIP-Seq, DHT | ERG ChIP-Seq - 18 h, DHT | ERG ChIP-Seq - 2 h, POU2F1 KD + DHT | FOXA1 ChIP-Seq",,,
FOXA2,SCP2,liver,FOXA2 IP - HepG2 cells,,,
HMGN3,SCP2,leukocytes,HMGN3 IP - K562 cells,,,
YY1,SCP2,lung,YY1 IP - A549 cells,,,
CREB1,SCP2,leukocytes,"CREB1 IP - GM12878 cells, CREB1 IP - K562 cells",,,
TEAD4,SCP2,leukocytes,TEAD4 IP - K562 cells,,,
SRF,SCP2,leukocytes,"SRF IP - K562 cells, SRF IP - SK-N-SH cells, SRF IP - GM12878 cells, Rep 2",,,
ZNF84,SCP2,colon,ZNF84 IP ,,,
MXI1,SCP2,cns,MXI1 IP - SK-N-SH cells ,,,
TCF3,SCP2,leukocytes,TCF3 IP - GM12878 cells,,,
CUX1,SCP2,leukocytes,"CUX1 IP - GM12878 cells, CUX1 IP - K562 cells",,,
MXI1,SCP2,uterus,MXI1 IP - HeLa cells,,,
FOS,SCP2,mammarygland,"FOS IP - MCF10A cells, FOS IP | 4HT - MCF10A cells, 12 h, FOS IP | 4HT - MCF10A cells, 4 h, FOS IP | 4HT - MCF10A cells, 36 h",,,
MTA3,SCP2,leukocytes,MTA3 IP - GM12878 cells,,,
AR,SCP2,prostate,AR Q640X OE + FOXA1 OE | FOXA1 ChIP-Seq,,,
REST,SCP2,stemcells,"REST IP - H1 cells, Rep 1",,,
IRF1,SCP2,leukocytes,"IRF1 IP | IFNG - K562 cells, 6 h, IRF1 IP | IFNG - K562 cells, 30 min, IRF1 IP | IFNA1-13 - K562 cells, 6 h",,,
RUNX1,SCP2,hspcs,"RUNX1, RUNX1 IP",,,
UBTF,SCP2,leukocytes,UBTF IP - K562 cells,,,
TEAD4,SCP2,uterus,TEAD4 IP - ECC1 cells,,,
IRF1,SCP2,pancreas,IRF1 IP,,,
TEAD4,SCP2,cns,TEAD4 IP - SK-N-SH cells,,,
JUN,SCP2,colon,JUN IP ,,,
DEX,SCP2,mammarygland,"DEX | FOXA1 ChIP-Seq - Rep 2, DEX | FOXA1 ChIP-Seq - Rep 1, DEX | FOXA1 ChIP-Seq - Rep 1, DEX | FOXA1 ChIP-Seq - Rep 2, DEX | FOXA1 ChIP-Seq - Rep 1",,,
MYC,SCP2,bone,MYC IP,,,
FORSK,SCP2,liver,CEBPB IP | FORSK - HepG2 cells,,,
TAL1,SCP2,leukocytes,"TAL1 IP - K562 cells, TAL1 IP - MOLT3",,,
IRF1,SCP2,colon,IRF1 IP ,,,
TCF12,SCP2,leukocytes,TCF12 IP - GM12878 cells,,,
RBPJ,SCP2,leukocytes,"RBPJ IP | COMPE - wash, RBPJ IP | COMPE",,,
COMPE,SCP2,leukocytes,"RBPJ IP | COMPE - wash, RBPJ IP | COMPE",,,
ELK1,SCP2,uterus,ELK1 IP - HeLa cells,,,
GATA2,SCP2,leukocytes,GATA2 IP - K562 cells,,,
MEF2A,SCP2,leukocytes,"MEF2A IP - GM12878 cells, MEF2A IP - K562 cells",,,
GTF2F1,SCP2,uterus,GTF2F1 IP - HeLa cells,,,
ARID3A,SCP2,leukocytes,ARID3A IP - K562 cells,,,
MXI1,SCP2,leukocytes,"MXI1 IP - GM12878 cells, MXI1 IP - K562 cells",,,
REST,SCP2,lung,REST IP - A549 cells,,,
KLF5,SCP2,pancreas,"ELF3 IP | KLF5 KO, FOXA1 IP | KLF5 KO",,,
JUND,SCP2,lung,JUND IP - A549 cells,,,
HEY1,SCP2,leukocytes,HEY1 IP - K562 cells,,,
STAT3,SCP2,uterus,STAT3 IP - HeLa cells,,,
ATF1,SCP2,leukocytes,ATF1 IP - K562 cells,,,
SP1,SCP2,leukocytes,SP1 IP - GM12878 cells,,,
SMAD1,SCP2,hspcs,SMAD1 IP - Rep 3,,,
ATF3,SCP2,colon,ATF3 IP - HCT116 cells,,,
MAX,SCP2,stemcells,MAX IP - H1 cells,,,
USF1,SCP2,uterus,USF1 IP - ECC1 cells,,,
MAFK,SCP2,liver,"MAFK IP - HepG2 cells, Rep 2, MAFK IP - HepG2 cells, Rep 1",,,
E2F4,SCP2,mammarygland,E2F4 IP | 4HT - MCF10 cells,,,
FOXA1,SCP2,pancreas,"FOXA1 IP, FOXA1 IP, FOXA1 IP | KLF5 KO",,,
STAT5A,SCP2,leukocytes,"STAT5A IP - K562 cells, STAT5A IP - GM12878 cells",,,
ELF1,SCP2,mammarygland,ELF1 IP - MCF7 cells,,,
TCF12,SCP2,lung,TCF12 IP - A549 cells,,,
REST,SCP2,pancreas,"REST IP - Panc1 cells, Rep 3",,,
USF1,SCP2,colon,USF1 IP - HCT116 cells,,,
STAT1,SCP2,uterus,"STAT1 IP | IFNG - HeLa cells, 30 min",,,
IFNG,SCP2,uterus,"STAT1 IP | IFNG - HeLa cells, 30 min",,,
MAZ,SCP2,liver,MAZ IP - HepG2 cells,,,
ZBTB17,SCP2,bone,"ZBTB17 IP, ZBTB17 IP",,,
JUND,SCP2,cns,"JUND IP - SK-N-SH cells, JUND IP - SK-N-SH cells ",,,
ELK1,SCP2,leukocytes,ELK1 IP - GM12878 cells,,,
FOSL2,SCP2,lung,FOSL2 IP - A549 cells,,,
FOSL2,SCP2,liver,FOSL2 IP - HepG2 cells,,,
HOXA4,SCP2,colon,HOXA4 IP ,,,
PBX3,SCP2,lung,PBX3 IP - A549 cells,,,
CTCF,SCP2,bone,CTCF IP - Osteoblasts ,,,
MAFF,SCP2,leukocytes,MAFF IP - K562 cells,,,
PAX5,SCP2,leukocytes,"PAX5 IP - GM12878 cells, Rep 1, PAX5 IP - GM12891 cells, PAX5 IP - GM12878 cells, Rep 2, PAX5 IP - GM12892 cells",,,
TP63,SCP2,skin,TP63 IP,,,
PIAS1,SCP2,prostate,PIAS1 + R1881 | FOXA1 ChIP-Seq - Rep 2,,,
FOXP1,SCP2,colon,FOXP1 IP ,,,
BHLHE40,SCP2,liver,BHLHE40 IP - HepG2 cells,,,
FOXP1,SCP2,leukocytes,FOXP1 IP - OCI-LY10,,,
TBP,SCP2,stemcells,TBP IP - H1 cells,,,
FOXM1,SCP2,leukocytes,FOXM1 IP - GM12878 cells,,,
TEAD4,SCP2,colon,TEAD4 IP - HCT116 cells,,,
GATA1,SCP2,leukocytes,GATA1 ChIP-Seq - SC266,,,
GLI2,SCP2,colon,GLI2 IP ,,,
FOXA1,SCP2,liver,"FOXA1 IP - HepG2 cells, Rep 1, FOXA1 IP - HepG2 cells, Rep 2",,,
EGR1,SCP2,stemcells,EGR1 IP - H1 cells,,,
CTCF,SCP2,miscellaneous,"CTCF IP - AG09319 cells, Rep 2 , CTCF IP - AG09319 cells, Rep 1 ",,,
TCF12,SCP2,cns,TCF12 IP - SK-N-SH cells,,,
E2F3,SCP2,colon,E2F3 IP ,,,
JUN,SCP2,mammarygland,JUN IP - Rep 2,,,
RELA,SCP2,colon,RELA IP ,,,
FOXA1,SCP2,lung,"FOXA1 IP - A549 cells, FOXA1 IP | DEX - A549 cells",,,
CEBPB,SCP2,mammarygland,CEBPB IP - MCF7 cells,,,
FOXP2,SCP2,cns,FOXP2 IP - SK cells,,,
E2F6,SCP2,stemcells,E2F6 IP - H1 cells,,,
TCF12,SCP2,uterus,TCF12 IP - ECC1 cells,,,
MAX,SCP2,vasculature,MAX IP - HUVEC cells,,,
YY1,SCP2,stemcells,YY1 IP - H1 cells,,,
FOXP1,SCP2,prostate,FOXP1 ChIP-Seq,,,
USF1,SCP2,liver,USF1 IP - HepG2 cells,,,
THAP1,SCP2,leukocytes,THAP1 IP - K562 cells,,,
SRF,SCP2,colon,SRF IP - HCT116 cells,,,
GABPA,SCP2,lung,GABPA IP - A549 cells,,,
MEF2C,SCP2,leukocytes,MEF2C IP - GM12878 cells,,,
FOXA2,SCP2,embryonictissue,FOXA2 IP - Rep 2,,,
SP1,SCP2,colon,SP1 IP - HCT116 cells,,,
HEY1,SCP2,liver,HEY1 IP - HepG2 cells,,,
USF1,SCP2,leukocytes,USF1 IP - K562 cells,,,
ZNF83,SCP2,colon,ZNF83 IP ,,,
IRF4,SCP2,leukocytes,"IRF4 IP, IRF4 IP - GM12878 cells",,,
TBP,SCP2,liver,TBP IP - HepG2 cells,,,
JUND,SCP2,liver,JUND IP - HepG2 cells,,,
CTCF,SCP2,pancreas,CTCF IP,,,
TFAP4,SCP2,leukocytes,"TFAP4 IP - Rep 1, TFAP4 IP - Rep 2",,,
YY1,SCP2,uterus,YY1 IP - ECC1 cells,,,
CDX2,SCP2,colon,CDX2 IP | 125DVD3,,,
125DVD3,SCP2,colon,"CDX2 IP | 125DVD3, CEBPB IP | 125DVD3",,,
TBP,SCP2,uterus,TBP IP - HeLa cells,,,
E2F6,SCP2,lung,E2F6 IP - A549 cells,,,
RUNX1,SCP2,leukocytes,RUNX1 IP,,,
ETS1,SCP2,leukocytes,"ETS1 IP, ETS1 IP - K562 cells, ETS1 IP - GM12878 cells",,,
TAL1,SCP2,colon,TAL1 IP ,,,
CTCF,SCP2,skeletalmuscle,"CTCF IP - HSMM cells, Rep 2 , CTCF IP - HSMM cells, Rep 1 ",,,
TCF12,SCP2,liver,TCF12 IP - HepG2 cells,,,
GATA4,SCP2,stomach,GATA4 IP - AGS,,,
SP1,SCP2,lung,SP1 IP - A549 cells,,,
YY1,SCP2,colon,YY1 IP - HCT116 cells,,,
ETS1,SCP2,lung,ETS1 IP - A549 cells,,,
GABPA,SCP2,cns,GABPA IP - SK-N-SH cells,,,
MAFF,SCP2,liver,MAFF IP - HepG2 cells,,,
CEBPA,SCP2,leukocytes,CEBPA IP,,,
ZNF263,SCP2,kidney,ZNF263 IP - HEK293 cells,,,
TEAD4,SCP2,liver,TEAD4 IP - HepG2 cells,,,
TP53,SCP2,leukocytes,TP53 IP - Doxo DNA damage,,,
MXI1,SCP2,lung,MXI1 IP - IMR cells,,,
ZKSCAN1,SCP2,uterus,ZKSCAN1 IP - HeLa cells,,,
POU2F1,SCP2,prostate,POU2F1 KD + DHT | FOXA1 ChIP-Seq,,,
PDX1,SCP2,pancreas,PDX1 IP,,,
SRF,SCP2,mammarygland,SRF IP - MCF7 cells,,,
MYBL2,SCP2,liver,MYBL2 IP - HepG2 cells,,,
CREB1,SCP2,stemcells,CREB1 IP - H1 cells,,,
FOXA2,SCP2,lung,FOXA2 IP - A549 cells,,,
ERG,SCP2,leukocytes,ERG IP - Rep 1,,,
JUND,SCP2,colon,JUND IP - HCT116 cells,,,
MAZ,SCP2,lung,MAZ IP - IMR cells,,,
TCF7L2,SCP2,pancreas,TCF7L2 IP,,,
ATF2,SCP2,colon,ATF2 IP ,,,
SRF,SCP2,liver,SRF IP - HepG2 cells,,,
CTCF,SCP2,esophagus,"CTCF IP - HEEpiC cells, Rep 1 , CTCF IP - HEEpiC cells, Rep 2 ",,,
REST,SCP2,uterus,REST IP - SK-N-SH cells,,,
ELF1,SCP2,lung,ELF1 IP - A549 cells,,,
PBX3,SCP2,cns,PBX3 IP - SK-N-SH cells,,,
OTX2,SCP2,stemcells,OTX2 IP - Rep 10 ,,,
ASCL1,SCP2,skin,ASCL1 IP - NHDF,,,
MAX,SCP2,cns,MAX IP - SK-N-SH cells,,,
EGR1,SCP2,colon,EGR1 IP - HCT116 cells,,,
GABPA,SCP2,stemcells,GABPA IP - H1 cells,,,
USF2,SCP2,uterus,USF2 IP - HeLa cells,,,
MAX,SCP2,colon,MAX IP - HCT116 cells,,,
GTF2B,SCP2,uterus,GTF2B IP - Rep 2,,,
SATB1,SCP2,liver,SATB1 IP,,,
STAT2,SCP2,leukocytes,"STAT2 IP | IFNA1-13 - K562 cells, 30 min",,,
FOSL1,SCP2,colon,FOSL1 IP - HCT116 cells,,,
PPARGC1A,CYP7A1,liver,,,16891307,16891307
DBP,CYP7A1,liver,,,8617210,8617210
DBP,CYP7A1,kidney,,,8617210,8617210
NCOA1,CYP7A1,liver,,,16891307,
TFEB,CYP7A1,uterus,,,33176151,
AR,CYP7B1,prostate,,22383394,16630558,
HNF4A,AKR1C4,liver,,19822575,2044952,
HNF1B,AKR1C4,liver,,,2044952,
HNF4G,AKR1C4,liver,,,2044952,
HNF1A,AKR1C4,liver,,,2044952,
HNF4A,AKR1C4,lung,,,2044952,
HNF1B,AKR1C4,lung,,,2044952,
HNF4G,AKR1C4,lung,,,2044952,
HNF1A,AKR1C4,lung,,,2044952,
SP3,CYP27A1,liver,,,11867220,11867220
HNF4A,CYP27A1,liver,,19822575,11867220,12957378
SP3,CYP46A1,cns,,,,20930312
AR,CYP7B1,kidney,,,,16630558
SP1,CYP7B1,kidney,,,,11470525
HNF4G,AKR1C4,kidney,,,,11284743
HNF4A,AKR1C4,kidney,,,,11284743
HNF1A,AKR1C4,kidney,,,,11284743
NR0B2,CYP8B1,liver,,,,15581596
HDAC7,CYP7A1,liver,,,,17654698
HNF4A,CYP7A1,liver,,19822575,,23626788
NR0B2,CYP7A1,liver,,,,15581596;15358835
NR1H4,CYP7A1,liver,,,,17135343
PROX1,CYP7A1,liver,,,,23626788
RXRA,CYP7A1,liver,,,,19106115
SMAD3,CYP7A1,liver,,,,17920062
VDR,CYP7A1,liver,,,,19106115;20371703
MYC,CYP7B1,embryonictissue,,19915707,,
MYC,CYP46A1,embryonictissue,,19915707,,
MYC,ACOX2,embryonictissue,,19915707,,
MYC,AKR1D1,embryonictissue,,19915707,,
MYC,CYP27A1,embryonictissue,,19915707,,
MYC,HSD3B7,embryonictissue,,19915707,,
HNF4A,HSD17B4,liver,,19822575,,
HNF4A,CYP8B1,liver,,19822575,,
HNF4A,ACOX2,liver,,19822575,,
HNF4A,SCP2,liver,,19822575,,
HNF4A,ACOT8,liver,,19822575,,
HNF4A,AKR1D1,liver,,19822575,,
HNF4A,CYP39A1,liver,,19822575,,
SMAD4,CYP27A1,embryonictissue,,21741376,,
SMAD4,HSD17B4,embryonictissue,,21741376,,
SMAD4,AKR1C4,embryonictissue,,21741376,,
ELF1,SCP2,prostate,,20517297,,
TP53,AKR1D1,liver,,16413492,,
NFE2L2,AKR1D1,lymphnode,,22581777,,
CUX1,HSD17B4,mammarygland,,19635798,,
CUX1,CYP46A1,mammarygland,,19635798,,
CUX1,SCP2,mammarygland,,19635798,,
NR1H3,ACOX2,blood,,23393188,,
HOXC9,SCP2,cns,,25013753,,
PPARD,HSD17B4,fibroblasts,,21283829,,
PPARD,AKR1D1,fibroblasts,,21283829,,
PPARD,SCP2,fibroblasts,,21283829,,
ELK1,ACOT8,mammarygland,,22589737,,
SMAD3,HSD17B4,embryonictissue,,21741376,,
RELA,CYP7B1,fibroblasts,,24523406,,
BACH1,CYP46A1,bone,,22875853,,
SALL4,HSD17B4,hspcs,,22934838,,
FOXP3,SCP2,leukocytes,,21729870,,
TFAP2A,CYP46A1,mammarygland,,17053090,,
PBX1,ACOT8,ovary,,22567123,,
E2F4,CYP46A1,lymphnode,,21247883,,
MITF,ACOX2,skin,,21258399,,
