TF,TargetGene,Tissue,Experiment,Chea,Signor,Trrust
CTCF,A4GALT,bone,CTCF IP - Osteoblasts ,,,
FOXA1,A4GALT,liver,"FOXA1 IP - HepG2 cells, Rep 2, FOXA1 IP - HepG2 cells, Rep 1",,,
PBX3,A4GALT,leukocytes,PBX3 IP - GM12878 cells,,,
MEF2B,A4GALT,kidney,MEF2B IP | MEF2B OE - Rep 2,,,
MTA3,A4GALT,leukocytes,MTA3 IP - GM12878 cells,,,
ELF3,A4GALT,pancreas,"ELF3 IP, ELF3 IP | KLF5 KO, ELF3 IP",,,
SPI1,A4GALT,leukocytes,"SPI1 IP - GM12878 cells, Rep 2 , SPI1 IP - GM12878 cells, SPI1 IP, SPI1 IP - GM12878 cells, Rep 4 , SPI1 IP - GM12891 cells, SPI1 IP, SPI1 IP, SPI1 IP - GM12878 cells, Rep 3 , SPI1 IP",,,
MEF2A,A4GALT,leukocytes,MEF2A IP - GM12878 cells,,,
FOXA1,A4GALT,mammarygland,"FOXA1 ChIP-Seq - Rep 1, FOXA1 IP - T47D cells, 17BE2 | FOXA1 ChIP-Seq, 17BE2 | FOXA1 ChIP-Seq - Rep 1, FOXA1 ChIP-Seq - Rep 1, DEX | FOXA1 ChIP-Seq - Rep 1, DEX | FOXA1 ChIP-Seq - Rep 2, FOXA1 ChIP-Seq - Rep 2, DHT | FOXA1 ChIP-Seq, DEX | FOXA1 ChIP-Seq - Rep 2, DEX | FOXA1 ChIP-Seq - Rep 1, FOXA1 IP - T47D, 17BE2 | FOXA1 ChIP-Seq - Rep 1, DEX | FOXA1 ChIP-Seq - Rep 1, 17BE2 + TNF | FOXA1 ChIP-Seq - Rep 2, FOXA1 ChIP-Seq - Rep 1, 17BE2 | FOXA1 ChIP-Seq - Rep 2, 17BE2 | FOXA1 ChIP-Seq - Rep 2, 17BE2 | FOXA1 ChIP-Seq - Rep 1, FOXA1 ChIP-Seq - Rep 2, 17BE2 | FOXA1 ChIP-Seq - Rep 1, DEX | FOXA1 ChIP-Seq - Rep 2, FOXA1 ChIP-Seq - Rep 2, 17BE2 | FOXA1 ChIP-Seq - Rep 2, 17BE2 | FOXA1 ChIP-Seq - Rep 2",,,
RELA,A4GALT,leukocytes,"RELA IP | TNF - GM19099 cells, RELA IP | TNF - GM18951 cells, RELA IP | TNF - GM18505 cells, RELA IP | TNF - GM10847 cells, RELA IP | TNF - GM19193 cells, RELA IP | TNF - GM12891 cells",,,
CEBPB,A4GALT,stemcells,"CEBPB IP, CEBPB IP, CEBPB IP, CEBPB IP, CEBPB IP, CEBPB IP",,,
CEBPB,A4GALT,uterus,"CEBPB IP - ECC1 cells, CEBPB ChIP-Seq - HeLaS3",,,
RELA,A4GALT,adiposetissue,"RELA IP, RELA IP",,,
CEBPB,A4GALT,leukocytes,"CEBPB IP | oxLDL  - Rep 208, CEBPB IP",,,
SMAD1,A4GALT,hspcs,"SMAD1 IP - Rep 2, SMAD1 IP - Rep 4, SMAD1 IP - Rep 1, SMAD1 IP - Rep 3",,,
MYB,A4GALT,leukocytes,"MYB IP - Jurkat, Rep 2, MYB IP - Jurkat, Rep 4, MYB IP - Jurkat, Rep 3",,,
CEBPB,A4GALT,bone,CEBPB IP,,,
HNF1B,A4GALT,pancreas,HNF1B IP,,,
KLF5,A4GALT,pancreas,"ELF3 IP | KLF5 KO, KLF5 IP, FOXA1 IP | KLF5 KO",,,
17BE2,A4GALT,mammarygland,"17BE2 | FOXA1 ChIP-Seq, 17BE2 | FOXA1 ChIP-Seq - Rep 1, 17BE2 | FOXA1 ChIP-Seq - Rep 1, 17BE2 | FOXA1 ChIP-Seq - Rep 2, 17BE2 | FOXA1 ChIP-Seq - Rep 2, 17BE2 | FOXA1 ChIP-Seq - Rep 1, 17BE2 | FOXA1 ChIP-Seq - Rep 1, 17BE2 | FOXA1 ChIP-Seq - Rep 2, 17BE2 | FOXA1 ChIP-Seq - Rep 2",,,
JUN,A4GALT,mammarygland,"JUN IP - Rep 1, JUN IP - Rep 2",,,
E2F1,A4GALT,mammarygland,"E2F1 IP - MCF7 cells, E2F1 IP",,,
CEBPB,A4GALT,liver,CEBPB ChIP-Seq - HepG2,,,
E2F6,A4GALT,stemcells,E2F6 IP - H1 cells,,,
SRF,A4GALT,leukocytes,SRF IP - SK-N-SH cells,,,
CTCF,A4GALT,skin,"CTCF IP - NHDF cells, Rep 1 , CTCF IP - AG10803 cells, Rep 1 , CTCF IP - NHDF cells, Rep 2 , CTCF IP - AG10803 cells, Rep 2 , CTCF IP - NHDF cells ",,,
CEBPB,A4GALT,lung,"CEBPB ChIP-Seq - A549, CEBPB ChIP-Seq - IMR90",,,
BATF,A4GALT,leukocytes,BATF IP - GM12878 cells,,,
GATA3,A4GALT,mammarygland,"GATA3 IP - MCF7 cells, GATA3 IP - T47D cells, GATA3 IP - MCF-7 cells",,,
ZEB1,A4GALT,leukocytes,ZEB1 IP - GM12878 cells,,,
STAT3,A4GALT,leukocytes,"STAT3 IP - OCI-LY7, STAT3 IP - SU-DHL-6, STAT3 IP - U-2932",,,
TNF,A4GALT,leukocytes,"RELA IP | TNF - GM18951 cells, RELA IP | TNF - GM18505 cells, RELA IP | TNF - GM10847 cells, RELA IP | TNF - GM19193 cells, RELA IP | TNF - GM12891 cells",,,
ATF2,A4GALT,leukocytes,ATF2 IP - GM12878 cells,,,
CTCF,A4GALT,leukocytes,"CTCF IP - GM2255 cells, Rep 2 , CTCF IP - GM12872 cells, Rep 3 , CTCF IP - GM12878 cells, Rep 1 , CTCF IP - GM19240 cells, Rep 1 , CTCF IP - GM12864 cells, Rep 1 , CTCF IP, CTCF IP - GM12873 cells, Rep 3 , CTCF IP -  CD20+ cells ",,,
GATA1,A4GALT,hspcs,"GATA1 IP - Rep 2, GATA1 IP - PBDE cells, Rep 1, GATA1 IP - Rep 1, GATA1 IP - Rep 3",,,
TCF3,A4GALT,leukocytes,TCF3 IP - GM12878 cells,,,
IRF1,A4GALT,pancreas,IRF1 IP,,,
TCF21,A4GALT,vasculature,"TCF21 IP, TCF21 IP",,,
CTCF,A4GALT,vasculature,"CTCF IP - HPAF cells, Rep 1 , CTCF IP - AoAFC cells, Rep 1 , CTCF IP - HBMEC cells, Rep 1 ",,,
DEX,A4GALT,mammarygland,"DEX | FOXA1 ChIP-Seq - Rep 1, DEX | FOXA1 ChIP-Seq - Rep 2, DEX | FOXA1 ChIP-Seq - Rep 2, DEX | FOXA1 ChIP-Seq - Rep 1, DEX | FOXA1 ChIP-Seq - Rep 1, DEX | FOXA1 ChIP-Seq - Rep 2",,,
FOXA1,A4GALT,pancreas,"FOXA1 IP | KLF5 KO, FOXA1 IP, FOXA1 IP",,,
FOXA2,A4GALT,stemcells,"FOXA2 IP - ES D5, FOXA2 IP - ES D10",,,
DHT,A4GALT,mammarygland,DHT | FOXA1 ChIP-Seq,,,
FOSL1,A4GALT,mammarygland,FOSL1 IP,,,
ELF1,A4GALT,leukocytes,ELF1 IP - SK-N-SH cells,,,
NFKB2,A4GALT,leukocytes,"NFKB2 IP - Rep 2, NFKB2 IP - Rep 1",,,
ZNF384,A4GALT,leukocytes,ZNF384 IP - GM12878 cells,,,
GATA4,A4GALT,stomach,GATA4 IP - AGS,,,
PAX5,A4GALT,leukocytes,"PAX5 IP - GM12892 cells, PAX5 IP - GM12878 cells, Rep 1, PAX5 IP - GM12891 cells, PAX5 IP - GM12878 cells, Rep 2",,,
FOXA1,A4GALT,lung,"FOXA1 IP - A549 cells, FOXA1 IP | DEX - A549 cells",,,
TCF12,A4GALT,uterus,TCF12 IP - ECC1 cells,,,
TEAD4,A4GALT,stemcells,TEAD4 IP - H1 cells,,,
EGR1,A4GALT,leukocytes,EGR1 IP - K562 cells,,,
TEAD4,A4GALT,lung,TEAD4 IP - A549 cells,,,
17BE2; TNF,A4GALT,mammarygland,17BE2 + TNF | FOXA1 ChIP-Seq - Rep 2,,,
MAZ,A4GALT,leukocytes,MAZ IP - GM12878 cells,,,
JUND,A4GALT,vasculature,JUND IP,,,
MAX,A4GALT,leukocytes,MAX IP - GM12878 cells,,,
CTCF,A4GALT,placenta,"CTCF IP - HVMF cells, Rep 2 ",,,
STAT3,A4GALT,mammarygland,"STAT3 IP | 4HT - MCF10 cells, 12 h, STAT3 IP | 4HT - MCF10 cells, 36 h, STAT3 IP - MCF10A cells, Rep 2",,,
4HT,A4GALT,mammarygland,"STAT3 IP | 4HT - MCF10 cells, 12 h, STAT3 IP | 4HT - MCF10 cells, 36 h",,,
CREB1,A4GALT,leukocytes,CREB1 IP - GM12878 cells,,,
SP1,A4GALT,leukocytes,SP1 IP - GM12878 cells,,,
EBF1,A4GALT,leukocytes,"EBF1 IP - GM12878 cells, EBF1 IP - GM12878 cells",,,
ZNF263,A4GALT,kidney,ZNF263 IP - HEK293 cells,,,
USF2,A4GALT,leukocytes,USF2 IP - GM12878 cells,,,
GTF2B,A4GALT,uterus,GTF2B IP - Rep 2,,,
MAX,A4GALT,stemcells,MAX IP - H1 cells,,,
TP53,A4GALT,lung,"TP53 IP - propapoptic, Rep 1",,,
ZBTB7A,A4GALT,uterus,ZBTB7A IP - ECC1 cells,,,
FOXA1,A4GALT,prostate,"WT AR OE + FOXA1 OE | FOXA1 ChIP-Seq, EtOH | FOXA1 ChIP-Seq - ",,,
AR,A4GALT,prostate,WT AR OE + FOXA1 OE | FOXA1 ChIP-Seq,,,
MXI1,A4GALT,leukocytes,MXI1 IP - GM12878 cells,,,
FOXA2,A4GALT,liver,FOXA2 IP - HepG2 cells,,,
CTCF,A4GALT,kidney,"CTCF IP - RPTEC cells, Rep 1 ",,,
TCF12,A4GALT,leukocytes,TCF12 IP - GM12878 cells,,,
TCF12,A4GALT,liver,TCF12 IP - MCF7 cells,,,
DEX,A4GALT,lung,FOXA1 IP | DEX - A549 cells,,,
IRF4,A4GALT,leukocytes,"IRF4 IP - GM12878 cells, IRF4 IP",,,
TEAD4,A4GALT,leukocytes,TEAD4 IP - K562 cells,,,
TCF7L2,A4GALT,uterus,TCF7L2 IP - HeLa cells,,,
CEBPA,A4GALT,leukocytes,CEBPA IP,,,
TP53,A4GALT,mammarygland,"TP53 IP, TP53 IP | NUTL3 - MCF-7",,,
USF1,A4GALT,leukocytes,USF1 IP - GM12878 cells,,,
JUN,A4GALT,vasculature,JUN IP - HUVEC cells,,,
CTCF,A4GALT,lung,"CTCF IP - SAEC cells, Rep 2 ",,,
UBTF,A4GALT,leukocytes,UBTF IP - K562 cells,,,
IKZF1,A4GALT,leukocytes,IKZF1 IP - GM12878 cells,,,
GATA6,A4GALT,stomach,GATA6 IP - AGS,,,
YY1,A4GALT,leukocytes,YY1 IP - GM12878 cells,,,
FOXA2,A4GALT,embryonictissue,FOXA2 IP - Rep 2,,,
STAT1,A4GALT,uterus,"STAT1 IP | IFNG - HeLa cells, 30 min",,,
IFNG,A4GALT,uterus,"STAT1 IP | IFNG - HeLa cells, 30 min",,,
FOXA2,A4GALT,lung,FOXA2 IP - A549 cells,,,
TBP,A4GALT,stemcells,TBP IP - H1 cells,,,
CTCF,A4GALT,esophagus,"CTCF IP - HEEpiC cells, Rep 1 ",,,
TAL1,A4GALT,leukocytes,"TAL1 IP - K562 cells, TAL1 IP - MOLT3",,,
FOS,A4GALT,vasculature,FOS IP - HUVEC cells,,,
TEAD4,A4GALT,uterus,TEAD4 IP - ECC1 cells,,,
BHLHE40,A4GALT,leukocytes,BHLHE40 IP - GM12878 cells,,,
BCL11A,A4GALT,leukocytes,BCL11A IP - GM12878 cells,,,
FOXA1,B3GALNT1,prostate,"GATA2 KD  | FOXA1 ChIP-Seq, FOXA1 ChIP-Seq, CON KD + R1881 | FOXA1 ChIP-Seq - Rep 2, FOXA1 ChIP-Seq - Rep 1, FOXA1 KD | GATA2 ChIP-Seq, FOXA1 KD | FOXA1 ChIP-Seq, FOXA1 ChIP-Seq - LNCaP-abl, CON KD | FOXA1 ChIP-Seq, PIAS1 + R1881 | FOXA1 ChIP-Seq - Rep 2, CON KD  | FOXA1 ChIP-Seq, CON KD + R1881 | FOXA1 ChIP-Seq - Rep 1, CREB1 siRNA | FOXA1 ChIP-Seq - Rep 2, EtOH | FOXA1 ChIP-Seq - , FOXA1 ChIP-Seq, CON KD | FOXA1 ChIP-Seq, EtOH | FOXA1 ChIP-Seq - Rep 2, FOXA1 ChIP-Seq - Rep 2, CREB1 siRNA | FOXA1 ChIP-Seq - Rep 1, DHT | FOXA1 ChIP-Seq, GATA2 KD + R1881 | FOXA1 ChIP-Seq, R1881 | FOXA1 ChIP-Seq - Rep 2, CON KD + R1881 | FOXA1 ChIP-Seq, FOXA1 KD | FOXA1 ChIP-Seq, FOXA1 ChIP-Seq, CON KD | FOXA1 ChIP-Seq, R1881 | FOXA1 ChIP-Seq - Rep 1",,,
GATA2,B3GALNT1,prostate,"GATA2 KD  | FOXA1 ChIP-Seq, FOXA1 KD | GATA2 ChIP-Seq, GATA2 KD + R1881 | FOXA1 ChIP-Seq",,,
USF1,B3GALNT1,uterus,USF1 IP - ECC1 cells,,,
CTCF,B3GALNT1,liver,"CTCF IP, CTCF IP - HepG2 cells , CTCF IP - SK-N-SH cells, CTCF IP - HepG2 cells, Rep 2 , CTCF IP - HepG2 cells, Rep 1 ",,,
CTCF,B3GALNT1,cns,"CTCF IP - HCPEpiC cells, Rep 1 , CTCF IP - BE(2)-C cells, Rep 2 , CTCF IP - spinal cord astrocyte cells, Rep 2 , CTCF IP - HCPEpiC cells, Rep 2 , CTCF IP - SK-N-SH cells , CTCF IP - SK-N-SH cells, Rep 2 , CTCF IP - BE(2)-C cells, Rep 1 , CTCF IP - spinal cord astrocyte cells, Rep 1 , CTCF IP - SK cells, CTCF IP - SK-N-SH cells, Rep 1 , CTCF IP - cerebellar astrocyte cells, Rep 2 , CTCF IP - NHA cells ",,,
CTCF,B3GALNT1,leukocytes,"CTCF IP - UT-7 cells, Rep 3 , CTCF IP - GM12873 cells, Rep 1 , CTCF IP - GM12878 cells, Rep 1 , CTCF IP - GM12865 cells, Rep 3 , CTCF IP - GM12890 cells, Rep 1 , CTCF IP - GM10847 cells, Rep 2 , CTCF IP - GM12867 cells , CTCF IP - GM19099 cells, Rep 2 , CTCF IP - GM12870 cells , CTCF IP - GM12874 cells, CTCF IP - GM19099 cells, Rep 1 , CTCF IP - GM18486 cells, Rep 3 , CTCF IP - GM12814 cells, Rep 2, CTCF IP - GM2255 cells, Rep 2 , CTCF IP - MS1 cells, Rep 3 , CTCF IP - K562 cells, Rep 1 , CTCF IP - GM2255 cells, Rep 1 , CTCF IP - GM2630 cells, Rep 2 , CTCF IP - GM12872 cells, Rep 3 , CTCF IP - GM12815 cells, Rep 1, CTCF IP - GM12890 cells, Rep 2 , CTCF IP - GM12865 cells, Rep 2 , CTCF IP - GM12828 cells, CTCF IP - GM12878 cells, Rep 1 , CTCF IP - K562 cells, CTCF IP - GM11994 cells, Rep 1, CTCF IP - GM19239 cells, Rep 1 , CTCF IP - MS1 cells, Rep 4 , CTCF IP - GM12234 cells, CTCF IP - GM12878 cells, Rep 2 , CTCF IP - GM12154 cells, Rep 1, CTCF IP - GM18951 cells, Rep 2 , CTCF IP - GM11811 cells, Rep 1, CTCF IP - GM12873 cells, Rep 3 , CTCF ChIP-Seq - GM12878, CTCF IP - GM11811 cells, Rep 2, CTCF IP - GM18486 cells, Rep 1 , CTCF IP - GM12864 cells, Rep 1 , CTCF IP - HeLa cells, Rep 2 , CTCF IP - GM12869 cells , CTCF IP -  CD20+ cells , CTCF IP - GM2610 cells, Rep 2 , CTCF IP - GM2588 cells, Rep 2 , CTCF IP - GM12875 cells, Rep 1 , CTCF IP - GM19238 cells, Rep 1 , CTCF IP - GM12891 cells, Rep 1 , CTCF IP - NB4 cells , CTCF IP - GM19240 cells, Rep 2 , CTCF IP - GM12871 cells , CTCF IP - GM12865 cells, Rep 1 , CTCF IP - GM10847 cells, Rep 1 , CTCF IP - GM2255 cells, Rep 3 , CTCF IP - GM12749 cells, Rep 1, CTCF IP - GM12868 cells , CTCF IP - GM2588 cells, Rep 3 , CTCF IP -  DND , CTCF IP - GM12878 cells, Rep 2 , CTCF IP - GM19238 cells, Rep 2 , CTCF IP - GM18505 cells, Rep 2 , CTCF IP - GM12872 cells, Rep 1 , CTCF IP - GM18526 cells, Rep 2 , CTCF IP - GM12873 cells, Rep 1 , CTCF IP - GM12864 cells, Rep 3 , CTCF IP - K562 cells, Rep 12 , CTCF IP - GM11881 cells, CTCF IP - K562 cells , CTCF IP - MS1 cells, Rep 1 , CTCF IP - GM12874 cells, Rep 2 , CTCF IP - GM19193 cells, Rep 1 , CTCF IP - GM18951 cells, Rep 1 , CTCF IP - GM12875 cells, Rep 2 , CTCF IP - GM12892 cells, Rep 1 , CTCF IP - GM2610 cells, Rep 1 , CTCF IP - GM11994 cells, Rep 2, CTCF IP - K562 cells, CTCF IP - GM19193 cells, Rep 2 , CTCF IP - MS1 cells, Rep 2 , CTCF IP - GM12814 cells, Rep 1, CTCF IP - GM07346 cells, CTCF IP - GM12154 cells, Rep 2, CTCF IP - GM12866 cells , CTCF IP - GM12815 cells, Rep 2, CTCF IP - GM12878 cells , CTCF IP - K562 cells, Rep 14 , CTCF IP - UT-7 cells, Rep 5 , CTCF IP - GM18526 cells, Rep 1 , CTCF IP - GM2630 cells, Rep 3 , CTCF IP - GM12890 cells, Rep 3 , CTCF IP - GM2588 cells, Rep 1 , CTCF IP, CTCF IP - GM18505 cells, Rep 1 , CTCF IP - GM11831 cells, CTCF IP - GM2610 cells, Rep 3 , CTCF IP - GM11894 cells, Rep 2, CTCF IP - GM19239 cells, Rep 2 , CTCF IP - GM12891 cells, Rep 2 , CTCF IP - GM06986 cells, CTCF IP - K562 cells, Rep 16 , CTCF IP - GM12874 cells, Rep 1 , CTCF IP - GM06990 cells, Rep 2 , CTCF IP - GM2630 cells, Rep 1 , CTCF IP - GM19240 cells, Rep 1 , CTCF IP - GM12892 cells, Rep 2 ",,,
MAX,B3GALNT1,liver,"MAX IP - HepG2 cells, MAX IP - MCF7 cells",,,
MYC,B3GALNT1,bone,"MYC IP, MYC IP",,,
R1881,B3GALNT1,prostate,"CON KD + R1881 | FOXA1 ChIP-Seq - Rep 2, GABPA IP | R1881, PIAS1 + R1881 | FOXA1 ChIP-Seq - Rep 2, CON KD + R1881 | FOXA1 ChIP-Seq - Rep 1, GATA2 KD + R1881 | FOXA1 ChIP-Seq, R1881 | FOXA1 ChIP-Seq - Rep 2, CON KD + R1881 | FOXA1 ChIP-Seq, R1881 | FOXA1 ChIP-Seq - Rep 1",,,
KLF5,B3GALNT1,stomach,KLF5 IP - KATOIII,,,
SMAD1,B3GALNT1,hspcs,SMAD1 IP - Rep 3,,,
STAT3,B3GALNT1,leukocytes,STAT3 IP - U-2932,,,
CTCF,B3GALNT1,lung,"CTCF IP - AG04450 cells, Rep 1 , CTCF IP - SAEC cells, Rep 1 , CTCF IP - IMR cells, CTCF IP | DEX - A549 cells , CTCF IP - SAEC cells, Rep 2 , CTCF IP - AG04450 cells, Rep 2 , CTCF IP - A549 cells , CTCF ChIP-Seq - A549, CTCF IP - A549 cells, Rep 1 , CTCF IP - A549 cells, CTCF IP - A549 cells, Rep 2 , CTCF IP | DEX - A549 cells, CTCF IP - HPF cells, Rep 1 ",,,
SP1,B3GALNT1,colon,SP1 IP - HCT116 cells,,,
CTCF,B3GALNT1,miscellaneous,"CTCF IP - AG09319 cells, Rep 1 , CTCF IP - AG09319 cells, Rep 2 ",,,
CEBPB,B3GALNT1,mammarygland,CEBPB IP - MCF7 cells,,,
FOXA1,B3GALNT1,mammarygland,"17BE2 | FOXA1 ChIP-Seq - Rep 1, DEX | FOXA1 ChIP-Seq - Rep 1, DHT | FOXA1 ChIP-Seq, DEX | FOXA1 ChIP-Seq - Rep 2, 17BE2 | FOXA1 ChIP-Seq - Rep 2, 17BE2 | FOXA1 ChIP-Seq, FOXA1 ChIP-Seq - Rep 2, FOXA1 IP | 17BE2 - MCF-7, FOXA1 ChIP-Seq - Rep 1, FOXA1 ChIP-Seq, FOXA1 IP - T47D cells",,,
17BE2,B3GALNT1,mammarygland,"17BE2 | FOXA1 ChIP-Seq - Rep 1, 17BE2 | GATA3 ChIP-Seq, FOS IP | 17BE2, 17BE2 | FOXA1 ChIP-Seq - Rep 2, 17BE2 | FOXA1 ChIP-Seq, FOXA1 IP | 17BE2 - MCF-7",,,
USF1,B3GALNT1,liver,USF1 IP - HepG2 cells,,,
CREB1,B3GALNT1,stemcells,CREB1 IP - H1 cells,,,
FOXM1,B3GALNT1,mammarygland,FOXM1 IP - MCF7 cells,,,
CTCF,B3GALNT1,mammarygland,"CTCF IP - HMF cells, Rep 2 , CTCF IP - MCF-7 cells Rep 2 , CTCF IP - T47D cells, CTCF IP - HMEC cells , CTCF IP - MCF-7 cells, Rep 1 , CTCF IP - HMF cells, Rep 1 , CTCF IP - HMEC cells, Rep 2 , CTCF IP - HMEC cells, Rep 1 , CTCF IP - MCF7 cells",,,
CTCF,B3GALNT1,sensory,"CTCF IP - WERI-Rb-1- cells, Rep 1 , CTCF IP - HRPEpiC cells, Rep 1 , CTCF IP - HRPEpiC cells, Rep 2 ",,,
CTCF,B3GALNT1,vasculature,"CTCF IP - HPAF cells, Rep 1 , CTCF IP - HUVEC cells, Rep 1 , CTCF IP - HBMEC cells, Rep 1 , CTCF IP - HUVEC cells , CTCF IP - HPAF cells, Rep 2 , CTCF IP - HBMEC cells, Rep 2 ",,,
OTX2,B3GALNT1,stemcells,OTX2 IP - Rep 10 ,,,
SPI1,B3GALNT1,leukocytes,"SPI1 IP, SPI1 IP, SPI1 IP, SPI1 IP, SPI1 IP",,,
TCF7L2,B3GALNT1,mammarygland,TCF7L2 ChIP-Seq,,,
STAT5B,B3GALNT1,leukocytes,"STAT5B IP | H9, Rep 2, STAT5B IP | IL2 - Rep 2, STAT5B IP | IL2 - Rep 2",,,
H9,B3GALNT1,leukocytes,"STAT5B IP | H9, Rep 2",,,
CTCF,B3GALNT1,colon,"CTCF IP - HCT116 cells, Rep 1 , CTCF IP - HCT116 cells, Rep 2 , CTCF IP - Caco-2 cells, Rep 1 , CTCF IP - Rep 1 , CTCF IP - Caco , CTCF IP - HCT116 cells",,,
FOS,B3GALNT1,mammarygland,"FOS IP - MCF10A cells, FOS IP | 17BE2, FOS IP | 4HT - MCF10A cells, 12 h, FOS IP | 4HT - MCF10A cells, 36 h, FOS IP | 4HT - MCF10A cells, 4 h",,,
CTCF,B3GALNT1,stemcells,"CTCF IP - Rep 5 , CTCF IP - H1 cells, CTCF IP - Rep 2 , CTCF IP - Rep 4 , CTCF IP - Rep 7 , CTCF IP - H1 cells , CTCF IP - Rep 6 ",,,
DEX,B3GALNT1,mammarygland,"DEX | FOXA1 ChIP-Seq - Rep 1, DEX | FOXA1 ChIP-Seq - Rep 2",,,
IL2,B3GALNT1,leukocytes,"STAT5B IP | IL2 - Rep 2, STAT5B IP | IL2 - Rep 2",,,
GATA3,B3GALNT1,mammarygland,"GATA3 IP - MCF7 cells, 17BE2 | GATA3 ChIP-Seq, GATA3 IP - MCF-7 cells, GATA3 IP - T47D cells",24758297,,
TP53,B3GALNT1,bone,TP53 IP - Rep 2,,,
FOXA2,B3GALNT1,stemcells,"FOXA2 IP - ES D7, FOXA2 IP - ES D2, FOXA2 IP - ES D10, FOXA2 IP - ES D5",,,
GABPA,B3GALNT1,prostate,GABPA IP | R1881,,,
CTCF,B3GALNT1,heart,"CTCF IP - myocytes cells, Rep 2 , CTCF IP - myocytes cells, Rep 1 ",,,
CTCF,B3GALNT1,megakaryocytelineage,"CTCF IP - MEG-01 cells, Rep 2 , CTCF IP - MEG-01 cells, Rep 8 , CTCF IP - MEG-01 cells, Rep 4 , CTCF IP - MEG-01 cells, Rep 10 , CTCF IP - MEG-01 cells, Rep 6 ",,,
YY1,B3GALNT1,leukocytes,YY1 IP - GM12891 cells,,,
CTCF,B3GALNT1,hspcs,"CTCF IP - HSPCs, Rep 1, CTCF IP - HEL 92.1.7 cells, Rep 14 , CTCF IP - HEL 92.1.7 cells, Rep 2 , CTCF IP - HEL 92.1.7 cells, Rep 8 , CTCF IP - HEL 92.1.7 cells, Rep 5 , CTCF IP - Erythroid cells, Rep 1",,,
CEBPB,B3GALNT1,stemcells,"CEBPB IP, CEBPB IP, CEBPB IP, CEBPB IP",,,
RELA,B3GALNT1,leukocytes,RELA IP | TNF - GM12891 cells,,,
TNF,B3GALNT1,leukocytes,RELA IP | TNF - GM12891 cells,,,
CTCF,B3GALNT1,kidney,"CTCF IP - HEK293 cells, Rep 1 , CTCF IP - HRE cells, Rep 1 , CTCF IP - RPTEC cells, Rep 1 , CTCF IP - RPTEC cells, Rep 2 , CTCF IP - HRE cells, Rep 2 ",,,
TEAD4,B3GALNT1,stemcells,TEAD4 IP - H1 cells,,,
CTCF,B3GALNT1,skin,"CTCF IP - NHDF cells, Rep 2 , CTCF IP - NHEK cells , CTCF IP - AG04449 cells, Rep 1 , CTCF IP - HFFC cells, Rep 3 , CTCF IP - AG04449 cells, Rep 2 , CTCF IP - HFFC cells, Rep 2 , CTCF IP - BJ cells, Rep 1 , CTCF IP - NHEK cells, Rep 2 , CTCF IP - GM12878 cells, Rep 2 , CTCF IP - HFFC cells, Rep 1 ",,,
RUNX1,B3GALNT1,hspcs,RUNX1,,,
ZNF217,B3GALNT1,mammarygland,ZNF217 IP - MCF7 cells,,,
CTCF,B3GALNT1,placenta,"CTCF IP - HVMF cells, Rep 2 , CTCF IP - HVMF cells, Rep 1 ",,,
PIAS1,B3GALNT1,prostate,PIAS1 + R1881 | FOXA1 ChIP-Seq - Rep 2,,,
ELF3,B3GALNT1,pancreas,"ELF3 IP, ELF3 IP",,,
MAX,B3GALNT1,leukocytes,"MAX IP - NB4 cells, MAX IP - K562 cells",,,
JUND,B3GALNT1,stemcells,JUND IP - H1 cells,,,
CTCF,B3GALNT1,pancreas,CTCF IP,,,
DHT,B3GALNT1,mammarygland,"DHT | FOXA1 ChIP-Seq, DHT | MYC ChIP-Seq",,,
ZBTB7A,B3GALNT1,uterus,ZBTB7A IP - ECC1 cells,,,
SRF,B3GALNT1,stemcells,"SRF IP - Rep 1 , SRF IP - Rep 7 ",,,
MAX,B3GALNT1,stemcells,"MAX IP - H1 cells, MAX IP - H1 cells",,,
DEX,B3GALNT1,lung,"CTCF IP | DEX - A549 cells , CTCF IP | DEX - A549 cells",,,
KLF11,B3GALNT1,adiposetissue,"KLF11 ChIP-Seq, Rep 2",,,
GATA2,B3GALNT1,hspcs,GATA2 IP,,,
JUND,B3GALNT1,uterus,JUND IP - HeLa cells,,,
JUN,B3GALNT1,mammarygland,"JUN IP - Rep 1, JUN IP - Rep 2",,,
MAX,B3GALNT1,colon,MAX IP - HCT116 cells,,,
ERG,B3GALNT1,prostate,"DMSO | ERG ChIP-Seq - Rep 1, JQI | ERG ChIP-Seq - Rep 1, ERG ChIP-Seq, ERG ChIP-Seq, DHT | ERG ChIP-Seq - 18 h, DHT | ERG ChIP-Seq - 2 h",,,
TBP,B3GALNT1,stemcells,TBP IP - H1 cells,,,
GABPA,B3GALNT1,stemcells,GABPA IP - H1 cells,,,
4HT,B3GALNT1,mammarygland,"FOS IP | 4HT - MCF10A cells, 12 h, FOS IP | 4HT - MCF10A cells, 36 h, FOS IP | 4HT - MCF10A cells, 4 h",,,
E2F1,B3GALNT1,mammarygland,"E2F1 IP - MCF7 cells, E2F1 IP",,,
GATA6,B3GALNT1,stomach,GATA6 IP - YCC3,,,
USF2,B3GALNT1,uterus,USF2 IP - HeLa cells,,,
EGR1,B3GALNT1,colon,EGR1 IP - HCT116 cells,,,
REST,B3GALNT1,stemcells,"REST IP - H1 cells, Rep 1",,,
JQ1,B3GALNT1,prostate,JQI | ERG ChIP-Seq - Rep 1,,,
JUND,B3GALNT1,mammarygland,JUND IP - MCF7 cells,,,
E2F6,B3GALNT1,leukocytes,"E2F6 IP - K562 cells, E2F6 IP - K562 cells",,,
CTCF,B3GALNT1,bone,CTCF IP - Osteoblasts ,,,
JUN,B3GALNT1,vasculature,JUN IP,,,
E2F6,B3GALNT1,stemcells,E2F6 IP - H1 cells,,,
CTCF,B3GALNT1,uterus,"CTCF IP - HeLa cells , CTCF IP - HeLa cells, Rep 1 ",,,
CREB1,B3GALNT1,prostate,"CREB1 siRNA | FOXA1 ChIP-Seq - Rep 2, CREB1 siRNA | FOXA1 ChIP-Seq - Rep 1",,,
FOSL1,B3GALNT1,colon,FOSL1 IP - HCT116 cells,,,
STAT1,B3GALNT1,leukocytes,"STAT1 IP - Rep 5, STAT1 IP - Rep 3",,,
IFNG,B3GALNT1,leukocytes,"STAT1 IP - Rep 5, STAT1 IP - Rep 3",,,
CTCF,B3GALNT1,esophagus,"CTCF IP - HEEpiC cells, Rep 2 , CTCF IP - HEEpiC cells, Rep 1 ",,,
ELF1,B3GALNT1,mammarygland,ELF1 IP - MCF7 cells,,,
YY1,B3GALNT1,stemcells,YY1 IP - H1 cells,,,
USF2,B3GALNT1,liver,USF2 IP - HepG2 cells,,,
DHT,B3GALNT1,prostate,"DHT | ERG ChIP-Seq - 18 h, DHT | FOXA1 ChIP-Seq, DHT | ERG ChIP-Seq - 2 h",,,
ZNF143,B3GALNT1,leukocytes,ZNF143 IP - GM12878 cells,,,
JUND,B3GALNT1,liver,JUND IP - HepG2 cells,,,
FOXA2,B3GALNT1,embryonictissue,FOXA2 IP - Rep 2,,,
FOS,B3GALNT1,uterus,FOS IP - HeLa cells,,,
JUND,B3GALNT1,vasculature,JUND IP,,,
TP53,B3GALNT1,mammarygland,TP53 IP,,,
MAX,B3GALNT1,uterus,MAX IP - ECC1 cells,,,
GATA4,B3GALNT1,stomach,GATA4 IP - AGS,,,
MYC,B3GALNT1,mammarygland,DHT | MYC ChIP-Seq,,,
JUND,B3GALNT1,colon,JUND IP - HCT116 cells,,,
GABPA,B3GALNT1,liver,GABPA IP - MCF7 cells,,,
ASCL1,B3GALNT1,skin,ASCL1 IP - NHDF,,,
ATF3,B3GALNT1,colon,ATF3 IP | CAMPTO,,,
ZNF143,B3GALNT1,stemcells,ZNF143 IP - H1 cells,,,
TEAD4,B3GALNT1,liver,TEAD4 IP - MCF7 cells,,,
CTCF,B3GALT4,skin,"CTCF IP - AG10803 cells, Rep 1 , CTCF IP - AG04449 cells, Rep 1 , CTCF IP - NHEK cells, Rep 2 , CTCF IP - NHEK cells , CTCF IP - AG04449 cells, Rep 2 , CTCF IP - BJ cells, Rep 1 , CTCF IP - GM12878 cells, Rep 2 , CTCF IP - AG09309 cells, Rep 2 , CTCF IP - AG09309 cells, Rep 1 , CTCF IP - NHDF cells, Rep 2 , CTCF IP - AG10803 cells, Rep 2 , CTCF IP - NHDF cells , CTCF IP - HFFC cells, Rep 1 , CTCF IP - HFFC cells, Rep 3 , CTCF IP - NHDF cells, Rep 1 , CTCF IP - HFFC cells, Rep 2 , CTCF IP - BJ cells, Rep 2 ",,,
SPI1,B3GALT4,leukocytes,"SPI1 IP, SPI1 IP, SPI1 IP, SPI1 IP, SPI1 IP, SPI1 IP - GM12878 cells, Rep 4 , SPI1 IP - U-937 cells, Rep 3 , SPI1 IP | RUNX1 KD, SPI1 IP, SPI1 IP, SPI1 IP - K562 cells, SPI1 IP, SPI1 IP - GM12878 cells, Rep 3 , SPI1 IP - GM12891 cells, SPI1 IP - GM12878 cells, SPI1 IP - U-937 cells, Rep 4 , SPI1 IP - HL cells, SPI1 IP - U-937 cells, Rep 1 , ROSI | SPI1 ChIP-Seq, SPI1 IP, SPI1 IP - GM12878 cells, Rep 2 , SPI1 IP",,,
CTCF,B3GALT4,megakaryocytelineage,"CTCF IP - MEG-01 cells, Rep 8 , CTCF IP - MEG-01 cells, Rep 6 , CTCF IP - MEG-01 cells, Rep 4 , CTCF IP - MEG-01 cells, Rep 2 , CTCF IP - MEG-01 cells, Rep 10 ",,,
RUNX1,B3GALT4,leukocytes,"RUNX1 IP, RUNX1 IP - Rep 2, SPI1 IP | RUNX1 KD, RUNX1 IP, RUNX1 IP - Rep 1",,,
GATA2,B3GALT4,prostate,"GATA2 ChIP-Seq, GATA2 KD + R1881 | FOXA1 ChIP-Seq, GATA2 KD  | FOXA1 ChIP-Seq, GATA2 ChIP-Seq - Rep 2",,,
CREB1,B3GALT4,leukocytes,"CREB1 IP - K562 cells, CREB1 IP - GM12878 cells, CREB1 IP, CREB1 IP",,,
ELF3,B3GALT4,pancreas,"ELF3 IP | KLF5 KO, ELF3 IP, ELF3 IP",,,
KLF5,B3GALT4,pancreas,"ELF3 IP | KLF5 KO, FOXA1 IP | KLF5 KO, KLF5 IP",,,
FOXA1,B3GALT4,mammarygland,"17BE2 | FOXA1 ChIP-Seq - Rep 2, DEX | FOXA1 ChIP-Seq - Rep 1, DEX | FOXA1 ChIP-Seq - Rep 1, TNF | FOXA1 ChIP-Seq - Rep 1, FOXA1 ChIP-Seq - Rep 2, 17BE2 | FOXA1 ChIP-Seq - Rep 1, DEX | FOXA1 ChIP-Seq - Rep 2, 17BE2 | FOXA1 ChIP-Seq - Rep 2, FOXA1 ChIP-Seq - Rep 2, 17BE2 | FOXA1 ChIP-Seq - Rep 1, FOXA1 ChIP-Seq - Rep 1, 17BE2 | FOXA1 ChIP-Seq, FOXA1 ChIP-Seq, FOXA1 ChIP-Seq - Rep 2, FOXA1 IP - T47D cells, 17BE2 | FOXA1 ChIP-Seq - Rep 1, DHT | FOXA1 ChIP-Seq, TNF | FOXA1 ChIP-Seq - Rep 2, 17BE2 | FOXA1 ChIP-Seq - Rep 2, DEX | FOXA1 ChIP-Seq - Rep 2, FOXA1 ChIP-Seq - Rep 1, DEX | FOXA1 ChIP-Seq - Rep 2, FOXA1 ChIP-Seq - Rep 1, FOXA1 ChIP-Seq - Rep 1, DEX | FOXA1 ChIP-Seq - Rep 1, 17BE2 | FOXA1 ChIP-Seq - Rep 2",,,
17BE2,B3GALT4,mammarygland,"17BE2 | FOXA1 ChIP-Seq - Rep 2, 17BE2 | FOXA1 ChIP-Seq - Rep 1, 17BE2 | FOXA1 ChIP-Seq - Rep 2, 17BE2 | FOXA1 ChIP-Seq - Rep 1, 17BE2 | FOXA1 ChIP-Seq, 17BE2 | FOXA1 ChIP-Seq - Rep 1, 17BE2 | FOXA1 ChIP-Seq - Rep 2, 17BE2 | FOXA1 ChIP-Seq - Rep 2",,,
GTF2F1,B3GALT4,uterus,GTF2F1 IP - HeLa cells,,,
FOXA2,B3GALT4,stemcells,"FOXA2 IP - ES D5, FOXA2 IP - ES D10, FOXA2 IP - ES D7, FOXA2 IP - Rep 1 , FOXA2 IP - ES D2",,,
GABPA,B3GALT4,liver,"GABPA IP - MCF7 cells, GABPA IP, GABPA IP, GABPA IP - HepG2 cells, GABPA IP",,,
TCF12,B3GALT4,lung,TCF12 IP - A549 cells,,,
MYC,B3GALT4,leukocytes,"MYC IP - K562 cells, Rep 1, MYC IP - NB4 cells, MYC IP | IFNG - K562 cells, 30 min, MYC IP | IFNG - K562 cells, 6 h, MYC IP - K562 cells, Rep 2, MYC IP | IFNA1 - K562 cells, 30 min, MYC IP | IFNA1 - K562 cells, 6 h",,,
JUN,B3GALT4,leukocytes,"JUN IP | IFNA1-13 - 30 min , JUN IP | IFNA1-13 - K562 cells, 6 h, JUN IP - K562 cells, Rep 1, JUN IP | IFNG - K562 cells, 6 h, JUN IP | IFNG - K562 cells, 30 min, JUN IP - K562 cells, Rep 2",,,
IFNA1,B3GALT4,leukocytes,"JUN IP | IFNA1-13 - 30 min , STAT2 IP | IFNA1-13 - K562 cells, 30 min, JUN IP | IFNA1-13 - K562 cells, 6 h, IRF1 IP | IFNA1-13 - K562 cells, 6 h, MYC IP | IFNA1 - K562 cells, 30 min, STAT2 IP | IFNA1-13 - K562 cells, 6 h, MYC IP | IFNA1 - K562 cells, 6 h",,,
STAT3,B3GALT4,leukocytes,"STAT3 IP - SU-DHL-2, STAT3 IP - OCI-LY19, STAT3 IP - U-2932, STAT3 IP - SU-DHL-4, STAT3 IP - SU-DHL-6, STAT3 IP - OCI-LY7, STAT3 IP - OCI-LY10, STAT3 IP - SU-DHL-10",,,
CTCF,B3GALT4,mammarygland,"CTCF IP - T47D cells, CTCF IP - HMEC cells, Rep 1 , CTCF IP - MCF-7 cells, Rep 1 , CTCF IP - MCF7 cells, CTCF IP - HMF cells, Rep 2 , CTCF IP - HMEC cells , CTCF IP - HMEC cells, Rep 2 , CTCF IP - MCF-7 cells Rep 2 , CTCF IP - HMF cells, Rep 1 ",,,
MAX,B3GALT4,uterus,"MAX IP - HeLa cells, Rep 2, MAX IP - HeLa cells, Rep 1, MAX IP - ECC1 cells",,,
CEBPB,B3GALT4,lung,CEBPB ChIP-Seq - IMR90,,,
MYC,B3GALT4,colon,MYC IP - DTT,,,
CTCF,B3GALT4,hspcs,"CTCF IP - HSPCs, Rep 1, CTCF IP - HEL 92.1.7 cells, Rep 14 , CTCF IP - HEL 92.1.7 cells, Rep 5 , CTCF IP - HEL 92.1.7 cells, Rep 8 , CTCF IP - HEL 92.1.7 cells, Rep 2 , CTCF IP - HSPCs, Rep 2, CTCF IP - Erythroid cells, Rep 1, CTCF IP - HEL 92.1.7 cells, Rep 11 ",,,
RELA,B3GALT4,leukocytes,"RELA IP | TNF - GM19099 cells, RELA IP | TNF - GM18951 cells, RELA IP | TNF - GM12878 cells, RELA IP | TNF - GM15510 cells, RELA IP | TNF - GM19193 cells, RELA IP | BAY082  - IVD Th1 cells, PIA, RELA IP | TNF - GM18505 cells, RELA IP | TNF - GM12891 cells, RELA IP | TNF - GM10847 cells, RELA IP | TNF - GM12892 cells",,,
CTCF,B3GALT4,lung,"CTCF IP - A549 cells, Rep 1 , CTCF IP - NHLF cells , CTCF IP - SAEC cells, Rep 1 , CTCF IP - NHLF cells , CTCF IP - AG04450 cells, Rep 1 , CTCF IP - WI-38 cells, Rep 2 , CTCF IP | DEX - A549 cells , CTCF IP | DEX - A549 cells, CTCF IP - HPF cells, Rep 1 , CTCF IP - AG04450 cells, Rep 2 , CTCF IP - HPF cells, Rep 2 , CTCF IP - WI-38 cells, Rep 1 , CTCF IP - A549 cells, CTCF IP - A549 cells, Rep 2 , CTCF ChIP-Seq - A549, CTCF IP - IMR cells, CTCF IP - A549 cells , CTCF IP - SAEC cells, Rep 2 ",,,
BHLHE40,B3GALT4,leukocytes,"BHLHE40 IP - K562 cells, BHLHE40 IP - GM12878 cells",,,
MAZ,B3GALT4,lung,MAZ IP - IMR cells,,,
DEX,B3GALT4,mammarygland,"DEX | FOXA1 ChIP-Seq - Rep 1, DEX | FOXA1 ChIP-Seq - Rep 1, DEX | FOXA1 ChIP-Seq - Rep 2, DEX | FOXA1 ChIP-Seq - Rep 2, DEX | FOXA1 ChIP-Seq - Rep 2, DEX | FOXA1 ChIP-Seq - Rep 1",,,
CTCF,B3GALT4,leukocytes,"CTCF IP - F36P cells, Rep 6 , CTCF IP - GM2255 cells, Rep 2 , CTCF IP - HL-60 cells, Rep 3 , CTCF IP - GM2588 cells, Rep 3 , CTCF IP - HL-60 cells, Rep 2 , CTCF IP - KU812 cells, Rep 1 , CTCF IP - K562 cells, Rep 9 , CTCF IP - GM18486 cells, Rep 1 , CTCF IP - GM12865 cells, Rep 2 , CTCF IP - GM12892 cells, Rep 1 , CTCF IP - K562 cells, Rep 1 , CTCF IP - K562 cells, Rep 5 , CTCF IP - GM2610 cells, Rep 1 , CTCF IP - GM12875 cells, Rep 2 , CTCF IP - F36P cells, Rep 7 , CTCF IP - GM19193 cells, Rep 2 , CTCF IP - GM12814 cells, Rep 1, CTCF IP - GM18526 cells, Rep 1 , CTCF IP - HeLa cells, Rep 2 , CTCF IP - GM11881 cells, CTCF IP - F36P cells, Rep 11 , CTCF IP - GM12865 cells, Rep 1 , CTCF IP - GM12872 cells, Rep 2 , CTCF IP - GM12864 cells, Rep 3 , CTCF IP - GM12873 cells, Rep 1 , CTCF IP - GM12874 cells, Rep 2 , CTCF IP - F36P cells, Rep 19 , CTCF IP - GM12828 cells, CTCF IP - K562 cells, CTCF IP - GM12864 cells, Rep 2 , CTCF IP - CD14+ cells , CTCF IP - KU812 cells, Rep 5 , CTCF IP - GM2610 cells, Rep 2 , CTCF ChIP-Seq - GM12878, CTCF IP - GM12874 cells, Rep 1 , CTCF IP - GM12878 cells, Rep 2 , CTCF IP - GM12873 cells, Rep 1 , CTCF IP - F36P cells, Rep 2 , CTCF IP - GM12867 cells , CTCF IP - F36P cells, Rep 14 , CTCF IP - GM2255 cells, Rep 3 , CTCF IP - GM07346 cells, CTCF IP - GM12154 cells, Rep 2, CTCF IP - MS1 cells, Rep 1 , CTCF IP - F36P cells, Rep 10 , CTCF IP - K562 cells, Rep 10 , CTCF IP - GM12864 cells, Rep 1 , CTCF IP - GM2610 cells, Rep 3 , CTCF IP - K562 cells, Rep 13 , CTCF IP - GM19240 cells, Rep 1 , CTCF IP - GM12873 cells, Rep 3 , CTCF IP - GM12875 cells, Rep 1 , CTCF IP - KU812 cells, Rep 17 , CTCF IP - K562 cells, Rep 2 , CTCF IP - GM19099 cells, Rep 1 , CTCF IP - K562 cells, Rep 11 , CTCF IP - GM11831 cells, CTCF IP - GM12890 cells, Rep 2 , CTCF IP - K562 cells , CTCF IP - GM12872 cells, Rep 1 , CTCF IP - GM11994 cells, Rep 1, CTCF IP - GM19239 cells, Rep 1 , CTCF IP - F36P cells, Rep 15 , CTCF IP - MS1 cells, Rep 3 , CTCF IP - GM18951 cells, Rep 2 , CTCF IP - GM12866 cells , CTCF IP - GM12891 cells, Rep 1 , CTCF IP - GM2588 cells, Rep 2 , CTCF IP - MS1 cells, Rep 4 , CTCF IP - UT-7 cells, Rep 4 , CTCF IP - GM18486 cells, Rep 2 , CTCF IP - GM18505 cells, Rep 2 , CTCF IP - GM18526 cells, Rep 2 , CTCF IP - GM12869 cells , CTCF IP - GM12865 cells, Rep 3 , CTCF IP - GM18951 cells, Rep 1 , CTCF IP - KU812 cells, Rep 9 , CTCF IP - UT-7 cells, Rep 2 , CTCF IP - GM06990 cells, Rep 1 , CTCF IP - GM12878 cells , CTCF IP - K562 cells, Rep 16 , CTCF IP - K562 cells, Rep 14 , CTCF IP - F36P cells, Rep 3 , CTCF IP - NB4 cells , CTCF IP -  CD20+ cells , CTCF IP - GM12892 cells, Rep 2 , CTCF IP - GM06986 cells, CTCF IP - GM12868 cells , CTCF IP - GM12890 cells, Rep 1 , CTCF IP - GM18486 cells, Rep 3 , CTCF IP - GM2630 cells, Rep 2 , CTCF IP - GM2588 cells, Rep 1 , CTCF IP - GM11811 cells, Rep 1, CTCF IP - HL , CTCF IP - GM2255 cells, Rep 1 , CTCF IP - GM12814 cells, Rep 2, CTCF IP - GM06990 cells, Rep 2 , CTCF IP - GM19240 cells, Rep 2 , CTCF IP - K562 cells, Rep 15 , CTCF IP - GM19238 cells, Rep 1 , CTCF IP -  DND , CTCF IP - GM19238 cells, Rep 2 , CTCF IP - GM12878 cells, Rep 1 , CTCF IP - K562 cells, Rep 12 , CTCF IP - GM19193 cells, Rep 1 , CTCF IP - GM12870 cells , CTCF IP - GM12872 cells, Rep 3 , CTCF IP - GM10847 cells, Rep 1 , CTCF IP - K562 cells, CTCF IP - MS1 cells, Rep 2 , CTCF IP - GM11994 cells, Rep 2, CTCF IP - K562 cells, Rep 3 , CTCF IP - GM2630 cells, Rep 3 , CTCF IP - GM12890 cells, Rep 3 , CTCF IP - K562 cells, CTCF IP - GM12891 cells, Rep 2 , CTCF IP - HL-60 cells, Rep 9 , CTCF IP - GM2630 cells, Rep 1 , CTCF IP, CTCF IP - UT-7 cells, Rep 6 , CTCF IP - KU812 cells, Rep 13 , CTCF IP - GM19099 cells, Rep 2 , CTCF IP - UT-7 cells, Rep 3 , CTCF IP - GM19239 cells, Rep 2 , CTCF IP - GM10847 cells, Rep 2 , CTCF IP - GM12871 cells , CTCF IP - GM18505 cells, Rep 1 , CTCF IP - UT-7 cells, Rep 5 , CTCF IP - GM12878 cells, Rep 2 , CTCF IP - K562 cells, Rep 7 , CTCF IP - GM12815 cells, Rep 1, CTCF IP - K562 cells, Rep 1 , CTCF IP - GM12878 cells, Rep 1 ",,,
STAT5B,B3GALT4,leukocytes,"STAT5B IP | IL2 - Rep 2, STAT5B IP | H9, Rep 2, STAT5B IP | H9RETR, Rep 2, STAT5B IP | H9RET, Rep 2, STAT5B IP | H9, Rep 2",,,
IL2,B3GALT4,leukocytes,STAT5B IP | IL2 - Rep 2,,,
GLI2,B3GALT4,colon,GLI2 IP ,,,
ETS1,B3GALT4,pancreas,ETS1 IP,,,
FOSL2,B3GALT4,lung,FOSL2 IP - A549 cells,,,
FOXA1,B3GALT4,prostate,"POU2F1 KD + DHT | FOXA1 ChIP-Seq, CREB1 siRNA | FOXA1 ChIP-Seq - Rep 2, R1881 | FOXA1 ChIP-Seq - Rep 1, FOXA1 ChIP-Seq, CON KD | FOXA1 ChIP-Seq, FOXA1 ChIP-Seq - Rep 2, CREB1 siRNA | FOXA1 ChIP-Seq - Rep 1, WT AR OE | FOXA1 ChIP-Seq, GATA2 KD + R1881 | FOXA1 ChIP-Seq, R1881 | FOXA1 ChIP-Seq - Rep 2, FOXA1 ChIP-Seq - LNCaP-abl, CON KD + R1881 | FOXA1 ChIP-Seq - Rep 2, PIAS1 + R1881 | FOXA1 ChIP-Seq - Rep 2, PIAS1 + R1881 | FOXA1 ChIP-Seq - Rep 1, AR C562S OE + FOXA1 OE | FOXA1 ChIP-Seq, CON KD  | FOXA1 ChIP-Seq, EtOH | FOXA1 ChIP-Seq - Rep 2, FOXA1 ChIP-Seq - Rep 1, CON KD + R1881 | FOXA1 ChIP-Seq - Rep 1, FOXA1 ChIP-Seq, EtOH | FOXA1 ChIP-Seq - , FOXA1 ChIP-Seq, GATA2 KD  | FOXA1 ChIP-Seq, FOXA1 siRNA | CREB1 ChIP-Seq - Rep 1, DHT | FOXA1 ChIP-Seq, CON KD | FOXA1 ChIP-Seq, CON KD + R1881 | FOXA1 ChIP-Seq, FOXA1 siRNA | CREB1 ChIP-Seq - Rep 2, CON KD | FOXA1 ChIP-Seq, FOXA1 ChIP-Seq",,,
DHT,B3GALT4,prostate,"POU2F1 KD + DHT | FOXA1 ChIP-Seq, DHT | ERG ChIP-Seq - 18 h, DHT | ERG ChIP-Seq - 2 h, DHT | RUNX1 ChIP-Seq, DHT | FOXA1 ChIP-Seq, DHT | FOXP1 ChIP-Seq",,,
POU2F1,B3GALT4,prostate,POU2F1 KD + DHT | FOXA1 ChIP-Seq,,,
E2F6,B3GALT4,leukocytes,"E2F6 IP - K562 cells, E2F6 IP - K562 cells",,,
CREB1,B3GALT4,prostate,"CREB1 siRNA | FOXA1 ChIP-Seq - Rep 2, CREB1 siRNA | FOXA1 ChIP-Seq - Rep 1, CREB1 ChIP-Seq - Rep 2, CREB1 ChIP-Seq - LNCaP-abl, CREB1 ChIP-Seq - Rep 1, FOXA1 siRNA | CREB1 ChIP-Seq - Rep 1, CREB1 ChIP-Seq - LNCaP, FOXA1 siRNA | CREB1 ChIP-Seq - Rep 2",,,
MYC,B3GALT4,stemcells,MYC IP - Rep 2 ,,,
MAFF,B3GALT4,leukocytes,MAFF IP - K562 cells,,,
ELK1,B3GALT4,leukocytes,"ELK1 IP - K562 cells, ELK1 IP - GM12878 cells",,,
GATA3,B3GALT4,lung,GATA3 IP - A549 cells,,,
CTCF,B3GALT4,vasculature,"CTCF IP - HBMEC cells, Rep 1 , CTCF IP - HBMEC cells, Rep 2 , CTCF IP - AoAFC cells, Rep 2 , CTCF IP - HPAF cells, Rep 2 , CTCF IP - HPAF cells, Rep 1 , CTCF IP - HUVEC cells , CTCF IP - HUVEC cells, Rep 1 , CTCF IP - HUVEC cells, Rep 2 , CTCF IP - AoAFC cells, Rep 1 ",,,
FOSL2,B3GALT4,liver,FOSL2 IP - HepG2 cells,,,
MAZ,B3GALT4,leukocytes,"MAZ IP - K562 cells, MAZ IP - GM12878 cells",,,
CREB1,B3GALT4,uterus,CREB1 IP - ECC1 cells,,,
CTCF,B3GALT4,sensory,"CTCF IP - WERI-Rb-1- cells, Rep 1 , CTCF IP - WERI , CTCF IP - HRPEpiC cells, Rep 1 , CTCF IP - HRPEpiC cells, Rep 2 ",,,
YY1,B3GALT4,leukocytes,"YY1 IP - K562 cells, Rep 2, YY1 IP - GM12878 cells, YY1 IP - K562 cells, YY1 IP - K562 cells, Rep 1, YY1 IP - GM12892 cells, Rep 1, YY1 IP - GM12891 cells, YY1 IP - GM12878 cells",,,
USF1,B3GALT4,liver,USF1 IP - HepG2 cells,,,
TCF7L2,B3GALT4,uterus,TCF7L2 IP - HeLa cells,,,
R1881,B3GALT4,prostate,"R1881 | FOXA1 ChIP-Seq - Rep 1, ERG IP | R1881, GATA2 KD + R1881 | FOXA1 ChIP-Seq, R1881 | FOXA1 ChIP-Seq - Rep 2, CON KD + R1881 | FOXA1 ChIP-Seq - Rep 2, PIAS1 + R1881 | FOXA1 ChIP-Seq - Rep 2, PIAS1 + R1881 | FOXA1 ChIP-Seq - Rep 1, CON KD + R1881 | FOXA1 ChIP-Seq - Rep 1, CON KD + R1881 | FOXA1 ChIP-Seq, GABPA IP | R1881",,,
PDX1,B3GALT4,pancreas,PDX1 IP,,,
TEAD4,B3GALT4,liver,TEAD4 IP - HepG2 cells,,,
TP53,B3GALT4,lung,"TP53 IP - propapoptic, Rep 1",,,
CTCF,B3GALT4,cns,"CTCF IP - HCPEpiC cells, Rep 1 , CTCF IP - spinal cord astrocyte cells, Rep 1 , CTCF IP - spinal cord astrocyte cells, Rep 2 , CTCF IP - cerebellar astrocyte cells, Rep 2 , CTCF IP - cerebellar astrocyte cells, Rep 1 , CTCF IP - BE(2)-C cells, Rep 1 , CTCF IP - SK-N-SH cells , CTCF IP - BE(2)-C cells, Rep 2 , CTCF IP - SK cells, CTCF IP - NHA cells , CTCF IP - SK-N-SH cells, Rep 1 , CTCF IP - HCPEpiC cells, Rep 2 , CTCF IP - SK-N-SH cells, Rep 2 ",,,
UBTF,B3GALT4,leukocytes,"UBTF IP - K562 cells, UBTF IP - K562 cells",,,
JUND,B3GALT4,cns,"JUND IP - SK-N-SH cells , JUND IP - SK-N-SH cells",,,
CEBPB,B3GALT4,uterus,CEBPB ChIP-Seq - HeLaS3,,,
MYC,B3GALT4,mammarygland,"MYC IP | 4HT - MCF10A cells, MYC IP, DHT | MYC ChIP-Seq, MYC IP - MCF-10A cells",,,
4HT,B3GALT4,mammarygland,"MYC IP | 4HT - MCF10A cells, FOS IP | 4HT - MCF10A cells, 36 h, STAT3 IP | 4HT - MCF10 cells, 36 h, FOS IP | 4HT - MCF10A cells, 12 h, E2F4 IP | 4HT - MCF10 cells, FOS IP | 4HT - MCF10A cells, 4 h, STAT3 IP | 4HT - MCF10 cells, 12 h",,,
E2F1,B3GALT4,prostate,"BICALU | E2F1 ChIP-Seq - Rep 3, HES6 OE | E2F1 ChIP-Seq - Rep 3, E2F1 ChIP-Seq - Rep 2, HES6 OE | E2F1 ChIP-Seq - Rep 1, E2F1 ChIP-Seq - Rep 4, E2F1 ChIP-Seq - Rep 1, HES6 OE + BICALU | E2F1 ChIP-Seq - Rep 3, BICALU | E2F1 ChIP-Seq - Rep 2, BICALU + HES6OE | E2F1 ChIP-Seq - Rep 4, E2F1 ChIP-Seq - Rep 3, HES6 OE + BICALU | E2F1 ChIP-Seq - Rep 1, HES6 OE | E2F1 ChIP-Seq - Rep 4, BICALU | E2F1 ChIP-Seq - Rep 1",,,
BICALU,B3GALT4,prostate,"BICALU | E2F1 ChIP-Seq - Rep 3, HES6 OE + BICALU | E2F1 ChIP-Seq - Rep 3, BICALU | E2F1 ChIP-Seq - Rep 2, BICALU + HES6OE | E2F1 ChIP-Seq - Rep 4, HES6 OE + BICALU | E2F1 ChIP-Seq - Rep 1, BICALU | E2F1 ChIP-Seq - Rep 1",,,
TP53,B3GALT4,bone,TP53 IP | NUTL3 - SJSA-1,,,
SATB1,B3GALT4,liver,SATB1 IP,,,
REST,B3GALT4,leukocytes,"REST IP - GM12878 cells, Rep 16 , REST IP - GM12878 cells, Rep 14 , REST IP - GM12878 cells, Rep 1, REST IP - HL60 cells, REST IP - K562 cells, REST IP - GM12878 cells, Rep 2",,,
TNF,B3GALT4,mammarygland,"TNF | FOXA1 ChIP-Seq - Rep 1, TNF | FOXA1 ChIP-Seq - Rep 2",,,
REST,B3GALT4,colon,REST IP - HCT116 cells,,,
PAX5,B3GALT4,leukocytes,"PAX5 IP - GM12892 cells, PAX5 IP - GM12878 cells, Rep 2, PAX5 IP - GM12891 cells, PAX5 IP - GM12878 cells, Rep 1",,,
MYB,B3GALT4,leukocytes,"MYB IP - Jurkat, Rep 4, MYB IP - Jurkat, Rep 2, MYB IP - Jurkat, Rep 1, MYB IP - Jurkat, Rep 5, MYB IP - Jurkat, Rep 3, MYB IP - MOLT3",,,
GABPA,B3GALT4,leukocytes,"GABPA IP - GM12878 cells, Rep 1 , GABPA IP - GM12878 cells, GABPA IP - GM12878 cells, Rep 3 , GABPA IP - HL cells, GABPA IP, GABPA IP - GM12878 cells, Rep 4 , GABPA IP - GM12878 cells, Rep 5 , GABPA IP - K562 cells, GABPA IP - Jurkat, Rep 1, GABPA IP - GM12878 cells, Rep 2 , GABPA IP - Jurkat, Rep 2",,,
STAT2,B3GALT4,leukocytes,"STAT2 IP | IFNA1-13 - K562 cells, 30 min, STAT2 IP | IFNA1-13 - K562 cells, 6 h",,,
MAX,B3GALT4,leukocytes,"MAX IP - K562 cells, MAX IP - K562 cells, Rep 2, MAX IP - NB4 cells, MAX IP - GM12878 cells",,,
ZBTB7A,B3GALT4,liver,ZBTB7A IP - HepG2 cells,,,
RUNX1T1,B3GALT4,leukocytes,RUNX1T1 IP,,,
CTCF,B3GALT4,stemcells,"CTCF IP - Rep 4 , CTCF IP - Rep 7 , CTCF IP - Rep 1 , CTCF IP - H1 cells, CTCF IP - H1 cells , CTCF IP - Rep 5 , CTCF IP - Rep 2 , CTCF IP - Rep 3 , CTCF IP - Rep 6 ",,,
CTCF,B3GALT4,heart,"CTCF IP - myocytes cells, Rep 2 , CTCF IP - HCF cells , CTCF IP - myocytes cells, Rep 1 ",,,
ZEB1,B3GALT4,leukocytes,ZEB1 IP - GM12878 cells,,,
SRF,B3GALT4,leukocytes,"SRF IP - K562 cells, SRF IP - SK-N-SH cells",,,
ERG,B3GALT4,prostate,"DMSO | ERG ChIP-Seq - Rep 2, ERG IP | R1881, DHT | ERG ChIP-Seq - 18 h, DHT | ERG ChIP-Seq - 2 h, JQI | ERG ChIP-Seq - Rep 2, ERG ChIP-Seq, JQI | ERG ChIP-Seq - Rep 1, ERG | ERG ChIP-Seq, CON KD | ERG ChIP-Seq, ERG ChIP-Seq, DMSO | ERG ChIP-Seq - Rep 1",,,
MAX,B3GALT4,lung,"MAX IP - A549 cells, MAX IP - A549 cells",,,
SRF,B3GALT4,liver,SRF IP - HepG2 cells,,,
STAT1,B3GALT4,uterus,"STAT1 IP | IFNG - HeLa cells, 30 min",,,
IFNG,B3GALT4,uterus,"STAT1 IP | IFNG - HeLa cells, 30 min",,,
CTCF,B3GALT4,placenta,"CTCF IP - HVMF cells, Rep 2 , CTCF IP - HVMF cells, Rep 1 ",,,
MXI1,B3GALT4,liver,MXI1 IP - HepG2 cells,,,
FOXA1,B3GALT4,liver,"FOXA1 IP - HepG2 cells, Rep 1, FOXA1 IP - HepG2 cells, Rep 2",,,
CTCF,B3GALT4,kidney,"CTCF IP - RPTEC cells, Rep 1 , CTCF IP - HEK293 cells, Rep 2 , CTCF IP - RPTEC cells, Rep 2 , CTCF IP - HRE cells, Rep 2 , CTCF IP - HEK293 cells, Rep 1 , CTCF IP - HRE cells, Rep 1 ",,,
CTCF,B3GALT4,colon,"CTCF IP - Rep 1 , CTCF IP - Rep 2 , CTCF IP - HCT116 cells, Rep 1 , CTCF IP - Caco , CTCF IP - HCT116 cells, Rep 2 , CTCF IP - Caco-2 cells, Rep 1 , CTCF IP - HCT116 cells",,,
REST,B3GALT4,cns,"REST IP - PFSK-N-SH cells1 cells, Rep 1, REST IP - SK cells, REST IP - U87 cells, REST IP - PFSK1 cells, Rep 2, REST IP - SK-N-SH cells",,,
REST,B3GALT4,uterus,REST IP - SK-N-SH cells,,,
TBP,B3GALT4,uterus,TBP IP - HeLa cells,,,
NFYC,B3GALT4,colon,NFYC IP ,,,
FOXA1,B3GALT4,pancreas,"FOXA1 IP, FOXA1 IP, FOXA1 IP | KLF5 KO",,,
REST,B3GALT4,pancreas,"REST IP - PANC1 cells, Rep 2, REST IP - Panc1 cells, Rep 3",,,
PBX3,B3GALT4,lung,PBX3 IP - A549 cells,,,
TCF12,B3GALT4,leukocytes,TCF12 IP - GM12878 cells,,,
JUND,B3GALT4,liver,"JUND IP - HepG2 cells, JUND IP - HepG2 cells",,,
CREB1,B3GALT4,lung,"CREB1 IP - A549 cells, Rep 1, CREB1 IP - A549 cells, Rep 2, CREB1 IP | DEX - A549 cells",,,
FOXA1,B3GALT4,lung,"FOXA1 IP - A549 cells, FOXA1 IP | DEX - A549 cells",,,
THAP1,B3GALT4,leukocytes,THAP1 IP - K562 cells,,,
HES6,B3GALT4,prostate,"HES6 OE | E2F1 ChIP-Seq - Rep 3, HES6 OE | E2F1 ChIP-Seq - Rep 1, HES6 OE + BICALU | E2F1 ChIP-Seq - Rep 3, BICALU + HES6OE | E2F1 ChIP-Seq - Rep 4, HES6 OE + BICALU | E2F1 ChIP-Seq - Rep 1, HES6 OE | E2F1 ChIP-Seq - Rep 4",,,
GATA3,B3GALT4,mammarygland,"GATA3 IP - T47D cells, GATA3 IP - MCF7 cells",,,
STAT3,B3GALT4,mammarygland,"STAT3 IP - MCF10A cells, Rep 2, STAT3 IP | 4HT - MCF10 cells, 36 h, STAT3 IP | 4HT - MCF10 cells, 12 h",,,
MYC,B3GALT4,liver,MYC IP,,,
SOX9,B3GALT4,colon,SOX9 IP ,,,
E2F3,B3GALT4,colon,E2F3 IP ,,,
MEF2A,B3GALT4,leukocytes,"MEF2A IP - GM12878 cells, MEF2A IP - K562 cells",,,
GTF2B,B3GALT4,leukocytes,GTF2B IP - K562 cells,,,
SP1,B3GALT4,leukocytes,"SP1 IP - GM12878 cells, SP1 IP - K562 cells",,,
FOXM1,B3GALT4,mammarygland,"FOXM1 IP | THSP - DS006, FOXM1 IP - MCF7 cells, FOXM1 IP - DS005, FOXM1 IP | THSP - DS008",,,
FOXA2,B3GALT4,liver,FOXA2 IP - HepG2 cells,19822575,,
ELK1,B3GALT4,uterus,"ELK1 IP - HeLa, ELK1 IP - HeLa cells",,,
TNF,B3GALT4,leukocytes,"RELA IP | TNF - GM18951 cells, RELA IP | TNF - GM12878 cells, RELA IP | TNF - GM15510 cells, RELA IP | TNF - GM19193 cells, RELA IP | TNF - GM18505 cells, RELA IP | TNF - GM12891 cells, RELA IP | TNF - GM10847 cells, RELA IP | TNF - GM12892 cells",,,
IRF1,B3GALT4,leukocytes,"IRF1 IP | IFNA1-13 - K562 cells, 6 h, IRF1 IP | IFNG - K562 cells, 30 min, IRF1 IP - Rep 3, IRF1 IP | IFNG - K562 cells, 6 h",,,
GATA4,B3GALT4,stomach,GATA4 IP - AGS,,,
ATF2,B3GALT4,colon,ATF2 IP ,,,
EBF1,B3GALT4,leukocytes,"EBF1 IP - GM12878 cells, EBF1 IP - GM12878 cells",,,
MAFF,B3GALT4,liver,MAFF IP - HepG2 cells,,,
SP2,B3GALT4,leukocytes,SP2 IP - K562 cells,,,
YY1,B3GALT4,colon,YY1 IP - HCT116 cells,,,
AR,B3GALT4,prostate,"WT AR OE | FOXA1 ChIP-Seq, AR C562S OE + FOXA1 OE | FOXA1 ChIP-Seq",,,
SIX2,B3GALT4,kidney,"SIX2 IP -  16 weeks, SIX2 IP - 17 weeks, Rep 1, SIX2 IP - 17 weeks, Rep 2",,,
BCL3,B3GALT4,leukocytes,"BCL3 IP - GM12878 cells, BCL3 IP - K562 cells",,,
GTF2F1,B3GALT4,leukocytes,GTF2F1 IP - K562 cells,,,
GABPA,B3GALT4,lung,GABPA IP - A549 cells,,,
E2F1,B3GALT4,mammarygland,"E2F1 IP, E2F1 IP - MCF7 cells",,,
MEF2C,B3GALT4,leukocytes,MEF2C IP - GM12878 cells,,,
ZBTB7A,B3GALT4,uterus,ZBTB7A IP - ECC1 cells,,,
FOS,B3GALT4,mammarygland,"FOS IP | 4HT - MCF10A cells, 36 h, FOS IP | 4HT - MCF10A cells, 12 h, FOS IP - MCF10A cells, FOS IP | 4HT - MCF10A cells, 4 h",,,
SIX5,B3GALT4,leukocytes,"SIX5 IP - K562 cells, Rep 2, SIX5 IP - K562 cells, Rep 1, SIX5 IP - GM12878 cells",,,
GATA1,B3GALT4,leukocytes,GATA1 ChIP-Seq - SC266,,,
PBX3,B3GALT4,leukocytes,PBX3 IP - GM12878 cells,,,
H9,B3GALT4,leukocytes,"STAT5B IP | H9, Rep 2, STAT5B IP | H9, Rep 2",,,
IFNG,B3GALT4,leukocytes,"IRF1 IP | IFNG - K562 cells, 30 min, IRF1 IP - Rep 3, STAT1 IP - Rep 5, MYC IP | IFNG - K562 cells, 30 min, MYC IP | IFNG - K562 cells, 6 h, STAT1 IP - Rep 2, STAT1 IP - Rep 3, JUN IP | IFNG - K562 cells, 6 h, JUN IP | IFNG - K562 cells, 30 min, IRF1 IP | IFNG - K562 cells, 6 h, STAT1 IP - Rep 1, STAT1 IP - Rep 4, STAT1 IP - Rep 6",,,
GABPA,B3GALT4,prostate,"GABPA IP - Rep 1, GABPA IP - Rep 2, GABPA IP | R1881",,,
STAT1,B3GALT4,leukocytes,"STAT1 IP - Rep 5, STAT1 IP - Rep 2, STAT1 IP - Rep 3, STAT1 IP - Rep 1, STAT1 IP - Rep 4, STAT1 IP - Rep 6",,,
FOXM1,B3GALT4,leukocytes,FOXM1 IP - GM12878 cells,,,
ELF1,B3GALT4,leukocytes,"ELF1 IP - SK-N-SH cells, ELF1 IP - SK-N-SH cells",,,
CTCF,B3GALT4,esophagus,"CTCF IP - HEEpiC cells, Rep 1 , CTCF IP - HEEpiC cells, Rep 2 ",,,
ATF1,B3GALT4,leukocytes,ATF1 IP - K562 cells,,,
SRF,B3GALT4,stemcells,"SRF IP - Rep 2 , SRF IP - Rep 5 , SRF IP - Rep 1 , SRF IP - Rep 7 , SRF IP - Rep 3 , SRF IP - Rep 4 , SRF IP - Rep 6 ",,,
RUNX1,B3GALT4,hspcs,"RUNX1 IP, RUNX1",,,
ELF1,B3GALT4,colon,ELF1 IP - HCT116 cells,,,
TCF12,B3GALT4,uterus,TCF12 IP - ECC1 cells,,,
CTCF,B3GALT4,skeletalmuscle,"CTCF IP - HSMM cells, Rep 1 , CTCF IP - HSMM cells, Rep 2 ",,,
TFAP4,B3GALT4,leukocytes,"TFAP4 IP - Rep 2, TFAP4 IP - Rep 1",,,
CEBPB,B3GALT4,leukocytes,"CEBPB ChIP-Seq - K562, CEBPB IP - K562 cells",,,
SP2,B3GALT4,liver,SP2 IP - HepG2 cells,,,
BACH1,B3GALT4,stemcells,BACH1 IP - H1 cells,,,
TAL1,B3GALT4,leukocytes,"TAL1 IP - MOLT3, TAL1 IP - K562 cells",,,
CTCF,B3GALT4,liver,"CTCF IP - HepG2 cells , CTCF IP - HepG2 cells, Rep 2 , CTCF IP, CTCF IP - SK-N-SH cells, CTCF IP - HepG2 cells, Rep 1 ",,,
BHLHE40,B3GALT4,liver,BHLHE40 IP - HepG2 cells,,,
YY1,B3GALT4,cns,"YY1 IP | ATRA - SK-N-SH cells, YY1 IP - SK-N-SH cells",,,
ATRA,B3GALT4,cns,YY1 IP | ATRA - SK-N-SH cells,,,
CEBPB,B3GALT4,stemcells,"CEBPB IP, CEBPB IP",,,
ATF3,B3GALT4,colon,"ATF3 IP | CAMPTO, ATF3 IP - HCT116 cells",,,
KLF11,B3GALT4,adiposetissue,"KLF11 ChIP-Seq, Rep 1, KLF11 ChIP-Seq, Rep 2, ROSI (BrAT) | KLF11 ChIP-Seq, Rep 1, ROSI (BrAT) | KLF11 ChIP-Seq, Rep 2",,,
JUND,B3GALT4,leukocytes,JUND IP - K562 cells,,,
USF1,B3GALT4,lung,"USF1 IP - A549 cells, Rep 1, USF1 IP | DEX - A549 cells",,,
ATF2,B3GALT4,leukocytes,ATF2 IP - GM12878 cells,,,
OTX2,B3GALT4,stemcells,OTX2 IP - Rep 10 ,,,
TCF12,B3GALT4,liver,TCF12 IP - HepG2 cells,,,
CTCF,B3GALT4,uterus,"CTCF IP - ECC1 cells, CTCF IP - HeLa cells , CTCF IP - HeLa cells, Rep 1 ",,,
JQ1,B3GALT4,prostate,"JQI | ERG ChIP-Seq - Rep 2, JQI | ERG ChIP-Seq - Rep 1",,,
CDX2,B3GALT4,colon,CDX2 IP | 125DVD3,,,
125DVD3,B3GALT4,colon,CDX2 IP | 125DVD3,,,
IRF4,B3GALT4,leukocytes,"IRF4 IP - GM12878 cells, IRF4 IP",,,
FOXP2,B3GALT4,cns,FOXP2 IP - PFSK-1 cells,,,
YY1,B3GALT4,stemcells,"YY1 IP - H1 cells, YY1 IP - NT2 cells",,,
JUN,B3GALT4,colon,JUN IP ,,,
DEX,B3GALT4,lung,"CTCF IP | DEX - A549 cells , CTCF IP | DEX - A549 cells, USF1 IP | DEX - A549 cells, FOXA1 IP | DEX - A549 cells, CREB1 IP | DEX - A549 cells",,,
E2F6,B3GALT4,lung,E2F6 IP - A549 cells,,,
MXI1,B3GALT4,uterus,MXI1 IP - HeLa cells,,,
IRF1,B3GALT4,colon,IRF1 IP ,,,
CREB1,B3GALT4,liver,"CREB1 IP, CREB1 IP - HepG2 cells, CREB1 IP, CREB1 IP",,,
EGR1,B3GALT4,leukocytes,EGR1 IP - K562 cells,,,
FOXM1,B3GALT4,cns,FOXM1 IP - SK-N-SH cells,,,
CREB1,B3GALT4,colon,CREB1 IP ,,,
ATF3,B3GALT4,leukocytes,ATF3 IP - K562 cells,,,
NFATC1,B3GALT4,leukocytes,NFATC1 IP - GM12878 cells,,,
E2F1,B3GALT4,uterus,"E2F1 IP - HeLa cells, Rep 1, E2F1 IP - HeLa cells, Rep 2",,,
ETS1,B3GALT4,leukocytes,"ETS1 IP, ETS1 IP - K562 cells, ETS1 IP - GM12878 cells",,,
JUN,B3GALT4,mammarygland,"JUN IP - Rep 1, JUN IP - Rep 2, JUN IP | CPDA",,,
FOSL2,B3GALT4,mammarygland,FOSL2 IP - MCF7 cells,,,
MYC,B3GALT4,bone,"MYC IP, MYC IP, MYC IP, MYC IP",,,
MYC,B3GALT4,lung,MYC IP - A549 cells,,,
MAX,B3GALT4,liver,"MAX IP - HepG2 cells, MAX IP - MCF7 cells, MAX IP - HepG2 cells",,,
SIX5,B3GALT4,lung,SIX5 IP | DEX - A549 cells,,,
GTF2F1,B3GALT4,stemcells,GTF2F1 IP - H1 cells,,,
TEAD4,B3GALT4,stemcells,TEAD4 IP - H1 cells,,,
PIAS1,B3GALT4,prostate,"PIAS1 + R1881 | FOXA1 ChIP-Seq - Rep 2, PIAS1 + R1881 | FOXA1 ChIP-Seq - Rep 1",,,
ZNF143,B3GALT4,uterus,ZNF143 IP - HeLa cells,,,
ZNF143,B3GALT4,stemcells,ZNF143 IP - H1 cells,,,
STAT5A,B3GALT4,leukocytes,"STAT5A IP - K562 cells, STAT5A IP - GM12878 cells",,,
TP53,B3GALT4,mammarygland,"TP53 IP | NUTL3 - MCF-7, TP53 IP | NUTL3, TP53 IP",,,
MAFK,B3GALT4,uterus,MAFK IP - HeLa cells,,,
ARID3A,B3GALT4,liver,ARID3A IP - HepG2 cells,,,
TAL1,B3GALT4,colon,TAL1 IP ,,,
TEAD4,B3GALT4,uterus,TEAD4 IP - ECC1 cells,,,
GABPA,B3GALT4,uterus,GABPA IP - HeLa cells,,,
STAT3,B3GALT4,uterus,STAT3 IP - HeLa cells,,,
EGR1,B3GALT4,uterus,EGR1 IP - ECC1 cells,,,
TBP,B3GALT4,stemcells,TBP IP - H1 cells,,,
FOXA1,B3GALT4,stemcells,"FOXA1 IP - ES D10, FOXA1 IP - Rep 5 ",,,
YY1,B3GALT4,uterus,YY1 IP - ECC1 cells,,,
SP1,B3GALT4,liver,SP1 IP - HepG2 cells,,,
NFYA,B3GALT4,uterus,NFYA IP - HeLa cells,,,
SRF,B3GALT4,colon,SRF IP - HCT116 cells,,,
SOX2,B3GALT4,stemcells,SOX2 IP,16153702,,
MYBL2,B3GALT4,liver,MYBL2 IP - HepG2 cells,,,
GTF2B,B3GALT4,uterus,"GTF2B IP - Rep 3, GTF2B IP - Rep 2",,,
REST,B3GALT4,mammarygland,REST IP - MCF7 cells,,,
TBP,B3GALT4,liver,TBP IP - HepG2 cells,,,
GABPA,B3GALT4,cns,GABPA IP - SK-N-SH cells,,,
REST,B3GALT4,stemcells,"REST IP - H1 cells, Rep 2, REST IP - H1 cells, Rep 1",,,
GTF2B,B3GALT4,lung,GTF2B IP,,,
DHT,B3GALT4,mammarygland,"DHT | MYC ChIP-Seq, DHT | FOXA1 ChIP-Seq",,,
SP1,B3GALT4,stemcells,SP1 IP - H1 cells,,,
E2F4,B3GALT4,leukocytes,E2F4 IP - K562 cells,,,
ZEB1,B3GALT4,liver,ZEB1 IP - HepG2 cells,,,
ZBTB7A,B3GALT4,leukocytes,ZBTB7A IP - SK-N-SH cells,,,
USF1,B3GALT4,leukocytes,USF1 IP - K562 cells,,,
MAX,B3GALT4,colon,MAX IP - HCT116 cells,,,
ERG,B3GALT4,leukocytes,ERG IP - Rep 1,,,
ELK4,B3GALT4,uterus,"ELK4 IP - HeLa, Rep 2, ELK4 IP - HeLa cells, ELK4 IP - HeLa, Rep 1",,,
CTCF,B3GALT4,adiposetissue,"CTCF ChIP-Seq - d 9, CTCF ChIP-Seq - d -2, CTCF ChIP-Seq - d 0",,,
MAX,B3GALT4,stemcells,"MAX IP - H1 cells, MAX IP - H1 cells",,,
CEBPA,B3GALT4,leukocytes,CEBPA IP,,,
RELA,B3GALT4,colon,RELA IP ,,,
RELA,B3GALT4,adiposetissue,RELA IP,,,
JUND,B3GALT4,mammarygland,"JUND IP - MCF7 cells, JUND IP - T47D cells",,,
TEAD4,B3GALT4,colon,TEAD4 IP - HCT116 cells,,,
REST,B3GALT4,liver,"REST IP - HepG2 cells, Rep 1, REST IP - HepG2 cells, Rep 2",,,
USF2,B3GALT4,uterus,USF2 IP - HeLa cells,,,
HEY1,B3GALT4,liver,HEY1 IP - HepG2 cells,,,
H9RETR,B3GALT4,leukocytes,"STAT5B IP | H9RETR, Rep 2",,,
ZNF143,B3GALT4,leukocytes,"ZNF143 IP - GM12878 cells, ZNF143 IP - K562 cells",,,
ELF1,B3GALT4,cns,ELF1 IP - SK-N-SH cells,,,
FLI1,B3GALT4,hspcs,FLI1 IP,,,
JUND,B3GALT4,colon,JUND IP - HCT116 cells,,,
ZNF263,B3GALT4,kidney,ZNF263 IP - HEK293 cells,,,
MAFK,B3GALT4,liver,"MAFK IP - HepG2 cells, Rep 1, MAFK IP - HepG2 cells, Rep 2",,,
FOS,B3GALT4,vasculature,FOS IP - HUVEC cells,,,
ZNF83,B3GALT4,colon,ZNF83 IP ,,,
GATA1,B3GALT4,hspcs,"GATA1 IP - PBDE cells, Rep 1",,,
USF1,B3GALT4,cns,USF1 IP - SK-N-SH cells,,,
HIF1A,B3GALT4,bone,HIF1A IP,,,
MAZ,B3GALT4,uterus,MAZ IP - HeLa cells,,,
RUNX1,B3GALT4,prostate,DHT | RUNX1 ChIP-Seq,,,
TCF3,B3GALT4,leukocytes,TCF3 IP - GM12878 cells,,,
HEY1,B3GALT4,leukocytes,HEY1 IP - K562 cells,,,
GATA2,B3GALT4,cns,GATA2 ChIP-Seq SH-SY5Y,,,
MXI1,B3GALT4,lung,MXI1 IP - IMR cells,,,
MXI1,B3GALT4,stemcells,MXI1 IP - H1 cells,,,
MYC,B3GALT4,uterus,MYC IP - HeLa cells,,,
E2F4,B3GALT4,mammarygland,E2F4 IP | 4HT - MCF10 cells,,,
TP53,B3GALT4,skin,TP53 IP | NUTL3,,,
POU2F2,B3GALT4,leukocytes,POU2F2 IP - GM12878 cells,,,
H9RET,B3GALT4,leukocytes,"STAT5B IP | H9RET, Rep 2",,,
BCL3,B3GALT4,lung,BCL3 IP - A549 cells,,,
MXI1,B3GALT4,leukocytes,"MXI1 IP - K562 cells, MXI1 IP - GM12878 cells",,,
JUN,B3GALT4,vasculature,JUN IP - HUVEC cells,,,
ELF1,B3GALT4,lung,ELF1 IP - A549 cells,,,
FOXA2,B3GALT4,lung,FOXA2 IP - A549 cells,,,
REST,B3GALT4,lung,REST IP - A549 cells,,,
HOXA4,B3GALT4,colon,HOXA4 IP ,,,
CTCF,B3GALT4,miscellaneous,"CTCF IP - AG09319 cells, Rep 2 , CTCF IP - AG09319 cells, Rep 1 ",,,
SREBF2,B3GALT4,leukocytes,SREBF2 IP - GM12878 cells,,,
ELF1,B3GALT4,liver,ELF1 IP - HepG2 cells,,,
TBP,B3GALT4,leukocytes,"TBP IP - GM12878 cells, TBP IP - K562 cells",,,
ELF1,B3GALT4,mammarygland,ELF1 IP - MCF7 cells,,,
BAY082,B3GALT4,leukocytes,"RELA IP | BAY082  - IVD Th1 cells, PIA",,,
ETV5,B3GALT4,colon,ETV5 IP ,,,
JUND,B3GALT4,vasculature,JUND IP,,,
CREB1,B3GALT4,stemcells,CREB1 IP - H1 cells,,,
E2F6,B3GALT4,stemcells,E2F6 IP - H1 cells,,,
CPDA,B3GALT4,mammarygland,JUN IP | CPDA,,,
SRF,B3GALT4,uterus,SRF IP - ECC1 cells,,,
SIX1,B3GALT4,kidney,"SIX1 IP - 17 weeks, Rep 1",,,
CTCF,B3GALT4,bone,"CTCF IP - Osteoblasts , CTCF IP",,,
GATA6,B3GALT4,stomach,GATA6 IP - AGS,,,
CEBPB,B3GALT4,colon,CEBPB IP - HCT116 cells,,,
NFKB1,B3GALT4,leukocytes,NFKB1 IP - Rep 2,,,
EGR1,B3GALT4,colon,EGR1 IP - HCT116 cells,,,
NUTL3,B3GALT4,mammarygland,TP53 IP | NUTL3,,,
TEAD4,B3GALT4,cns,TEAD4 IP - SK-N-SH cells,,,
TCF12,B3GALT4,cns,TCF12 IP - SK-N-SH cells,,,
JUND,B3GALT4,uterus,JUND IP - HeLa cells,,,
TEAD4,B3GALT4,leukocytes,TEAD4 IP - K562 cells,,,
ROSI,B3GALT4,leukocytes,ROSI | SPI1 ChIP-Seq,,,
HOXA6,B3GALT4,colon,HOXA6 IP ,,,
ROSI,B3GALT4,adiposetissue,"ROSI (BrAT) | KLF11 ChIP-Seq, Rep 1, ROSI (BrAT) | KLF11 ChIP-Seq, Rep 2",,,
SRF,B3GALT4,mammarygland,SRF IP - MCF7 cells,,,
MAX,B3GALT4,cns,MAX IP - SK-N-SH cells,,,
E2F4,B3GALT4,uterus,E2F4 IP - HeLa cells,,,
CTCF,B3GALT4,pancreas,CTCF IP,,,
FOXA2,B3GALT4,embryonictissue,"FOXA2 IP - Rep 2, FOXA2 IP - Rep 1",,,
BACH1,B3GALT4,leukocytes,BACH1 IP - K562 cells,,,
SP1,B3GALT4,colon,SP1 IP - HCT116 cells,,,
JUN,B3GALT4,uterus,JUN IP - HeLa cells,,,
ZNF280D,B3GALT4,colon,ZNF280D IP ,,,
HMGN3,B3GALT4,leukocytes,HMGN3 IP - K562 cells,,,
JUND,B3GALT4,stemcells,"JUND IP - H1 cells, JUND IP - H1 cells",,,
FOSL1,B3GALT4,colon,FOSL1 IP - HCT116 cells,,,
PBX3,B3GALT4,cns,PBX3 IP - SK-N-SH cells,,,
SP1,B3GALT4,lung,SP1 IP - A549 cells,,,
SMAD1,B3GALT4,hspcs,SMAD1 IP - Rep 3,,,
KLF5,B3GALT4,stomach,KLF5 IP - KATOIII,,,
EGR1,B3GALT4,liver,EGR1 IP - MCF7 cells,,,
ZNF384,B3GALT4,leukocytes,ZNF384 IP - K562 cells,,,
ZNF143,B3GALT4,colon,ZNF143 IP ,,,
GABPA,B3GALT4,stemcells,GABPA IP - H1 cells,,,
ETS1,B3GALT4,lung,ETS1 IP - A549 cells,,,
ATF2,B3GALT4,stemcells,ATF2 IP - H1 cells,,,
MTA3,B3GALT4,leukocytes,MTA3 IP - GM12878 cells,,,
MXI1,B3GALT4,cns,MXI1 IP - SK-N-SH cells ,,,
ATF3,B3GALT4,liver,ATF3 IP - HepG2 cells,,,
STAT2,B3GALT4,colon,STAT2 IP ,,,
E2F8,B3GALT4,colon,E2F8 IP ,,,
JUND,B3GALT4,lung,JUND IP - A549 cells,,,
MAX,B3GALT4,vasculature,MAX IP - HUVEC cells,,,
IRF1,B3GALT4,pancreas,IRF1 IP,,,
BCL11A,B3GALT4,leukocytes,BCL11A IP - GM12878 cells,,,
YY1,B3GALT4,liver,YY1 IP - HepG2 cells,,,
FOXP1,B3GALT4,prostate,"DHT | FOXP1 ChIP-Seq, FOXP1 ChIP-Seq",,,
USF1,B3GALT4,uterus,USF1 IP - ECC1 cells,,,
RBPJ,B3GALT4,leukocytes,RBPJ IP | COMPE - wash,,,
COMPE,B3GALT4,leukocytes,RBPJ IP | COMPE - wash,,,
EGR1,B3GALT4,stemcells,EGR1 IP - H1 cells,,,
GATA3,B3GALT4,cns,GATA3 IP - SK-N-SH cells,,,
MAZ,B3GALT4,liver,MAZ IP - HepG2 cells,,,
USF1,B3GALT4,colon,USF1 IP - HCT116 cells,,,
MAFK,B3GALT4,leukocytes,MAFK IP - K562 cells,,,
TCF7L2,B3GALT4,mammarygland,TCF7L2 ChIP-Seq,,,
YY1,B3GALT4,lung,YY1 IP - A549 cells,,,
CTCF,B3GNT5,leukocytes,"CTCF IP - F36P cells, Rep 19 , CTCF IP - GM12891 cells, Rep 2 , CTCF IP - F36P cells, Rep 15 , CTCF IP - K562 cells, Rep 14 , CTCF IP - GM19239 cells, Rep 1 , CTCF IP - GM12878 cells, Rep 1 , CTCF IP - GM12890 cells, Rep 1 , CTCF IP - GM2588 cells, Rep 1 , CTCF IP - MS1 cells, Rep 3 , CTCF IP - GM2588 cells, Rep 2 , CTCF IP - GM19238 cells, Rep 1 , CTCF IP - GM2630 cells, Rep 2 , CTCF IP - GM12890 cells, Rep 2 , CTCF IP - K562 cells, Rep 11 , CTCF IP - GM19240 cells, Rep 2 , CTCF IP - MS1 cells, Rep 4 , CTCF IP - GM12891 cells, Rep 1 , CTCF IP - GM2255 cells, Rep 2 , CTCF IP - GM2610 cells, Rep 2 , CTCF ChIP-Seq - GM12878, CTCF IP - GM2610 cells, Rep 1 , CTCF IP - GM2255 cells, Rep 3 , CTCF IP - GM2588 cells, Rep 3 , CTCF IP - K562 cells, CTCF IP - GM19238 cells, Rep 2 , CTCF IP - GM12890 cells, Rep 3 , CTCF IP - GM2610 cells, Rep 3 , CTCF IP - K562 cells, Rep 13 , CTCF IP - K562 cells, Rep 16 , CTCF IP - GM12892 cells, Rep 1 , CTCF IP - GM11994 cells, Rep 2, CTCF IP - GM2630 cells, Rep 1 , CTCF IP, CTCF IP - GM19240 cells, Rep 1 , CTCF IP - GM12892 cells, Rep 2 , CTCF IP - CD14+ cells , CTCF IP - GM12874 cells, Rep 1 , CTCF IP - F36P cells, Rep 3 , CTCF IP - GM07346 cells, CTCF IP - MS1 cells, Rep 2 , CTCF IP - GM2630 cells, Rep 3 , CTCF IP - K562 cells, Rep 12 , CTCF IP - F36P cells, Rep 11 ",,,
FOXA1,B3GNT5,prostate,"AR C562S OE + FOXA1 OE | FOXA1 ChIP-Seq, EtOH | FOXA1 ChIP-Seq - Rep 2, FOXA1 ChIP-Seq, R1881 | FOXA1 ChIP-Seq - Rep 1, R1881 | FOXA1 ChIP-Seq - Rep 2, CON KD + R1881 | FOXA1 ChIP-Seq - Rep 2, CON KD + R1881 | FOXA1 ChIP-Seq - Rep 1, PIAS1 + R1881 | FOXA1 ChIP-Seq - Rep 2, WT AR OE + FOXA1 OE | FOXA1 ChIP-Seq, PIAS1 + R1881 | FOXA1 ChIP-Seq - Rep 1, WT AR OE + FOXA1 OE | FOXA1 ChIP-Seq - high FOXA1, FOXA1 ChIP-Seq, EtOH | FOXA1 ChIP-Seq - ",,,
AR,B3GNT5,prostate,"AR C562S OE + FOXA1 OE | FOXA1 ChIP-Seq, WT AR OE + FOXA1 OE | FOXA1 ChIP-Seq, WT AR OE + FOXA1 OE | FOXA1 ChIP-Seq - high FOXA1",,,
KLF5,B3GNT5,stomach,KLF5 IP - KATOIII,,,
E2F1,B3GNT5,prostate,HES6 OE | E2F1 ChIP-Seq - Rep 1,,,
HES6,B3GNT5,prostate,HES6 OE | E2F1 ChIP-Seq - Rep 1,,,
SPI1,B3GNT5,leukocytes,"SPI1 IP - U-937 cells, Rep 5 , SPI1 IP, SPI1 IP, SPI1 IP - U-937 cells, Rep 4 , SPI1 IP, SPI1 IP | RUNX1 KD, SPI1 IP, SPI1 IP - U-937 cells, Rep 1 , SPI1 IP, SPI1 IP - U-937 cells, Rep 3 , SPI1 IP, SPI1 IP - HL-60 cells, Rep 2 , SPI1 IP, SPI1 IP, SPI1 IP, SPI1 IP - HL-60 cells, Rep 1 , SPI1 IP - HL-60 cells, Rep 4 , SPI1 IP - U-937 cells, Rep 2 , SPI1 IP - HL cells, SPI1 IP, SPI1 IP, ROSI | SPI1 ChIP-Seq, SPI1 IP - K562 cells, SPI1 IP - U-937 cells, Rep 6 ",,,
MAFF,B3GNT5,liver,MAFF IP - HepG2 cells,,,
CTCF,B3GNT5,hspcs,"CTCF IP - HEL 92.1.7 cells, Rep 11 , CTCF IP - HEL 92.1.7 cells, Rep 5 , CTCF IP - HSPCs, Rep 2, CTCF IP - HEL 92.1.7 cells, Rep 2 , CTCF IP - HEL 92.1.7 cells, Rep 14 , CTCF IP - Erythroid cells, Rep 2, CTCF IP - HEL 92.1.7 cells, Rep 8 , CTCF IP - Erythroid cells, Rep 1",,,
ELF3,B3GNT5,pancreas,"ELF3 IP, ELF3 IP | KLF5 KO, ELF3 IP",,,
CTCF,B3GNT5,megakaryocytelineage,"CTCF IP - MEG-01 cells, Rep 2 , CTCF IP - MEG-01 cells, Rep 8 , CTCF IP - MEG-01 cells, Rep 10 , CTCF IP - MEG-01 cells, Rep 6 , CTCF IP - MEG-01 cells, Rep 4 ",,,
CTCF,B3GNT5,miscellaneous,"CTCF IP - AG09319 cells, Rep 1 , CTCF IP - AG09319 cells, Rep 2 ",,,
UBTF,B3GNT5,leukocytes,"UBTF IP - K562 cells, UBTF IP - K562 cells",,,
EOMES,B3GNT5,stemcells,EOMES IP - Rep 2 ,,,
FOXA1,B3GNT5,pancreas,"FOXA1 IP | KLF5 KO, FOXA1 IP, FOXA1 IP",,,
KLF5,B3GNT5,pancreas,"FOXA1 IP | KLF5 KO, ELF3 IP | KLF5 KO, KLF5 IP",,,
FOXA2,B3GNT5,embryonictissue,FOXA2 IP - Rep 2,,,
TCF7L2,B3GNT5,mammarygland,TCF7L2 ChIP-Seq,,,
TCF7L2,B3GNT5,pancreas,TCF7L2 IP,,,
SP1,B3GNT5,stemcells,SP1 IP - H1 cells,,,
STAT3,B3GNT5,mammarygland,"STAT3 IP - MCF10A cells, Rep 2, STAT3 IP | 4HT - MCF10 cells, 36 h, STAT3 IP | 4HT - MCF10 cells, 12 h",,,
R1881,B3GNT5,prostate,"R1881 | FOXA1 ChIP-Seq - Rep 1, ERG IP | R1881, R1881 | FOXA1 ChIP-Seq - Rep 2, CON KD + R1881 | FOXA1 ChIP-Seq - Rep 2, CON KD + R1881 | FOXA1 ChIP-Seq - Rep 1, PIAS1 + R1881 | FOXA1 ChIP-Seq - Rep 2, PIAS1 + R1881 | FOXA1 ChIP-Seq - Rep 1",,,
CEBPB,B3GNT5,leukocytes,"CEBPB IP | oxLDL  - Rep 208, CEBPB IP| oxLDL  - Rep 207, CEBPB IP | oxLDL  - Rep 205, CEBPB IP, CEBPB IP - Rep 202, CEBPB IP - HL-60 cells, Rep 2 , CEBPB IP, CEBPB IP, CEBPB IP - Rep 201, CEBPB ChIP-Seq - K562, CEBPB IP - Rep 204, CEBPB IP - Rep 203, CEBPB IP | oxLDL  - Rep 206, CEBPB IP, CEBPB IP - HL-60 cells, Rep 1 ",,,
MEF2B,B3GNT5,kidney,"MEF2B IP | MEF2B OE - Rep 2, MEF2B IP | MEF2B D83V OE - Rep 1",,,
MAX,B3GNT5,cns,MAX IP - SK-N-SH cells,,,
RUNX1,B3GNT5,leukocytes,"SPI1 IP | RUNX1 KD, RUNX1 IP - Rep 1, RUNX1 IP - N terminus 1, RUNX1 IP, RUNX1 IP - N terminus 2, RUNX1 IP - Rep 2",,,
STAT1,B3GNT5,leukocytes,"STAT1 IP - Rep 2, STAT1 IP - Rep 5, STAT1 IP - Rep 4, STAT1 IP - Rep 3, STAT1 IP - Rep 1",,,
IFNG,B3GNT5,leukocytes,"STAT1 IP - Rep 2, IRF1 IP - Rep 3, MYC IP | IFNG - K562 cells, 6 h, STAT1 IP - Rep 5, STAT1 IP - Rep 4, MYC IP | IFNG - K562 cells, 30 min, STAT1 IP - Rep 3, STAT1 IP - Rep 1",,,
ELF1,B3GNT5,mammarygland,ELF1 IP - MCF7 cells,,,
MYC,B3GNT5,leukocytes,"MYC IP - K562 cells, Rep 1, MYC IP | IFNG - K562 cells, 6 h, MYC IP | IFNG - K562 cells, 30 min, MYC IP - NB4 cells",,,
CEBPB,B3GNT5,colon,"CEBPB IP, CEBPB IP | 125DVD3, CEBPB IP - HCT116 cells",,,
MAX,B3GNT5,stemcells,MAX IP - H1 cells,,,
CEBPB,B3GNT5,stemcells,CEBPB IP,,,
CTCF,B3GNT5,vasculature,"CTCF IP - HPAF cells, Rep 1 , CTCF IP - AoAFC cells, Rep 1 , CTCF IP - HUVEC cells, Rep 1 , CTCF IP - HBMEC cells, Rep 1 ",,,
ERG,B3GNT5,prostate,"ERG IP | R1881, DHT | ERG ChIP-Seq - 18 h, DHT | ERG ChIP-Seq - 2 h, ERG IP - Rep 1",,,
CTCF,B3GNT5,sensory,"CTCF IP - WERI-Rb-1- cells, Rep 1 ",,,
FOXA1,B3GNT5,stemcells,FOXA1 IP - Rep 5 ,,,
ELF1,B3GNT5,leukocytes,ELF1 IP - SK-N-SH cells,,,
E2F1,B3GNT5,mammarygland,"E2F1 IP - MCF7 cells, E2F1 IP",,,
STAT1,B3GNT5,uterus,"STAT1 IP | IFNG - HeLa cells, 30 min",,,
IFNG,B3GNT5,uterus,"STAT1 IP | IFNG - HeLa cells, 30 min",,,
HNF1B,B3GNT5,pancreas,HNF1B IP,,,
HIF1A,B3GNT5,bone,HIF1A IP,,,
TEAD4,B3GNT5,stemcells,TEAD4 IP - H1 cells,,,
ELF1,B3GNT5,colon,ELF1 IP - HCT116 cells,,,
SP1,B3GNT5,colon,SP1 IP - HCT116 cells,,,
CTCF,B3GNT5,lung,"CTCF IP - SAEC cells, Rep 1 , CTCF IP | DEX - A549 cells",,,
CDX2,B3GNT5,colon,"CDX2 IP | 125DVD3, CDX2 IP",,,
125DVD3,B3GNT5,colon,"CDX2 IP | 125DVD3, CEBPB IP | 125DVD3",,,
EGR1,B3GNT5,colon,EGR1 IP - HCT116 cells,,,
CEBPA,B3GNT5,leukocytes,CEBPA IP,,,
CTCF,B3GNT5,cns,"CTCF IP - SK-N-SH cells , CTCF IP - SK-N-SH cells, Rep 1 , CTCF IP - SK cells",,,
CTCF,B3GNT5,pancreas,CTCF IP,,,
CTCF,B3GNT5,kidney,"CTCF IP - RPTEC cells, Rep 2 , CTCF IP - RPTEC cells, Rep 1 ",,,
REST,B3GNT5,uterus,"REST IP - SK-N-SH cells, REST IP - ECC1 cells",,,
RUNX1T1,B3GNT5,leukocytes,RUNX1T1 IP,,,
FOSL1,B3GNT5,leukocytes,FOSL1 IP - K562 cells,,,
REST,B3GNT5,cns,"REST IP - U87 cells, REST IP - SK-N-SH cells",,,
REST,B3GNT5,leukocytes,"REST IP - HL60 cells, REST IP - K562 cells",,,
JUN,B3GNT5,leukocytes,"JUN IP - K562 cells, Rep 2, JUN IP - K562 cells, Rep 1",,,
ZBTB7A,B3GNT5,uterus,ZBTB7A IP - ECC1 cells,,,
E2F6,B3GNT5,leukocytes,"E2F6 IP - K562 cells, E2F6 IP - K562 cells",,,
MAFK,B3GNT5,liver,"MAFK IP - HepG2 cells, Rep 2",,,
SRF,B3GNT5,colon,SRF IP - HCT116 cells,,,
CTCF,B3GNT5,skin,"CTCF IP - AG04449 cells, Rep 1 ",,,
TEAD4,B3GNT5,uterus,TEAD4 IP - ECC1 cells,,,
GATA2,B3GNT5,vasculature,GATA2 IP - HUVEC cells,,,
IRF1,B3GNT5,leukocytes,IRF1 IP - Rep 3,,,
DHT,B3GNT5,prostate,"DHT | ERG ChIP-Seq - 18 h, DHT | ERG ChIP-Seq - 2 h, DHT | FOXP1 ChIP-Seq",,,
RELA,B3GNT5,adiposetissue,"RELA IP, RELA IP, RELA IP",,,
CTCF,B3GNT5,liver,CTCF IP - SK-N-SH cells,,,
JUN,B3GNT5,mammarygland,JUN IP - Rep 1,,,
GATA2,B3GNT5,leukocytes,GATA2 IP - K562 cells,,,
YY1,B3GNT5,leukocytes,"YY1 IP - K562 cells, Rep 1",,,
JUND,B3GNT5,vasculature,JUND IP,,,
TEAD1,B3GNT5,cns,"TEAD1 IP - Rep 1, TEAD1 IP - Rep 2",,,
MAX,B3GNT5,leukocytes,"MAX IP - NB4 cells, MAX IP - K562 cells, Rep 2, MAX IP - K562 cells",,,
KLF11,B3GNT5,adiposetissue,"KLF11 ChIP-Seq, Rep 1, ROSI (BrAT) | KLF11 ChIP-Seq, Rep 1, KLF11 ChIP-Seq, Rep 2, ROSI (BrAT) | KLF11 ChIP-Seq, Rep 2",,,
TP53,B3GNT5,mammarygland,TP53 IP,,,
YY1,B3GNT5,stemcells,YY1 IP - H1 cells,,,
CTCF,B3GNT5,stemcells,"CTCF IP - H1 cells, CTCF IP - H1 cells ",,,
ATF3,B3GNT5,leukocytes,ATF3 IP - K562 cells,,,
4HT,B3GNT5,mammarygland,"STAT3 IP | 4HT - MCF10 cells, 36 h, FOS IP | 4HT - MCF10A cells, 4 h, STAT3 IP | 4HT - MCF10 cells, 12 h",,,
E2F1,B3GNT5,uterus,"E2F1 IP - HeLa cells, Rep 2",,,
ZNF263,B3GNT5,kidney,ZNF263 IP - HEK293 cells,,,
ZBTB7A,B3GNT5,leukocytes,ZBTB7A IP - SK-N-SH cells,,,
FOS,B3GNT5,mammarygland,"FOS IP | 4HT - MCF10A cells, 4 h",,,
SMAD1,B3GNT5,hspcs,SMAD1 IP - Rep 2,,,
TFAP4,B3GNT5,leukocytes,TFAP4 IP - Rep 1,,,
MAX,B3GNT5,colon,MAX IP - HCT116 cells,,,
MAX,B3GNT5,uterus,"MAX IP - ECC1 cells, MAX IP - HeLa cells, Rep 1",,,
FOSL1,B3GNT5,colon,FOSL1 IP - HCT116 cells,,,
FOXA1,B3GNT5,mammarygland,DHT | FOXA1 ChIP-Seq,,,
DHT,B3GNT5,mammarygland,"DHT | FOXA1 ChIP-Seq, DHT | MYC ChIP-Seq",,,
FOXP1,B3GNT5,prostate,DHT | FOXP1 ChIP-Seq,,,
FOXH1,B3GNT5,embryonictissue,FOXH1 IP - endoderm,,,
TCF7L2,B3GNT5,uterus,TCF7L2 IP - HeLa cells,,,
CEBPB,B3GNT5,uterus,"CEBPB IP - ECC1 cells, CEBPB ChIP-Seq - HeLaS3",,,
LYL1,B3GNT5,leukocytes,"LYL1 IP - HL-60, LYL1 IP - Kasumi-1",,,
PIAS1,B3GNT5,prostate,"PIAS1 + R1881 | FOXA1 ChIP-Seq - Rep 2, PIAS1 + R1881 | FOXA1 ChIP-Seq - Rep 1",,,
JUND,B3GNT5,leukocytes,JUND IP - K562 cells,,,
ROSI,B3GNT5,adiposetissue,"ROSI (BrAT) | KLF11 ChIP-Seq, Rep 1, ROSI (BrAT) | KLF11 ChIP-Seq, Rep 2",,,
EGR1,B3GNT5,leukocytes,EGR1 IP - K562 cells,,,
STAT3,B3GNT5,leukocytes,STAT3 IP - SU-DHL-4,,,
ATF1,B3GNT5,leukocytes,ATF1 IP - K562 cells,,,
TAL1,B3GNT5,leukocytes,TAL1 IP - K562 cells,,,
GATA3,B3GNT5,cns,GATA3 IP - SK-N-SH cells,,,
GATA4,B3GNT5,stomach,GATA4 IP - AGS,,,
ZNF263,B3GNT5,leukocytes,ZNF263 IP - K562 cells,,,
USF1,B3GNT5,stemcells,USF1 IP - H1 cells,,,
USF1,B3GNT5,leukocytes,USF1 IP - K562 cells,,,
MYC,B3GNT5,mammarygland,DHT | MYC ChIP-Seq,,,
TBP,B3GNT5,leukocytes,TBP IP - K562 cells,,,
MAZ,B3GNT5,leukocytes,MAZ IP - K562 cells,,,
TEAD4,B3GNT5,colon,TEAD4 IP - HCT116 cells,,,
CTCF,B3GNT5,mammarygland,"CTCF IP - HMEC cells, Rep 1 ",,,
TEAD4,B3GNT5,cns,TEAD4 IP - SK-N-SH cells,,,
TBP,B3GNT5,stemcells,TBP IP - H1 cells,,,
TEAD4,B3GNT5,leukocytes,TEAD4 IP - K562 cells,,,
PBX3,B3GNT5,cns,PBX3 IP - SK-N-SH cells,,,
GATA6,B3GNT5,stomach,GATA6 IP - YCC3,,,
CEBPB,B3GNT5,mammarygland,CEBPB IP - MCF7 cells,,,
YY1,B3GNT5,colon,YY1 IP - HCT116 cells,,,
RUNX1,B3GNT5,hspcs,RUNX1,,,
HEY1,B3GNT5,leukocytes,HEY1 IP - K562 cells,,,
CREB1,B3GNT5,lung,CREB1 IP | DEX - A549 cells,,,
DEX,B3GNT5,lung,"CREB1 IP | DEX - A549 cells, CTCF IP | DEX - A549 cells",,,
TCF12,B3GNT5,cns,TCF12 IP - SK-N-SH cells,,,
REST,B3GNT5,stemcells,"REST IP - H1 cells, Rep 2",,,
ROSI,B3GNT5,leukocytes,ROSI | SPI1 ChIP-Seq,,,
FOS,B3GNT5,vasculature,FOS IP - HUVEC cells,,,
BACH1,B3GNT5,stemcells,BACH1 IP - H1 cells,,,
JUND,B3GNT5,colon,JUND IP - HCT116 cells,,,
STAT3,B4GALT5,leukocytes,"STAT3 IP - U-2932, STAT3 IP - OCI-LY10",,,
CTCF,B4GALT5,leukocytes,"CTCF IP - GM2630 cells, Rep 2 , CTCF IP - GM2255 cells, Rep 2 , CTCF IP - GM11994 cells, Rep 1, CTCF IP - GM2588 cells, Rep 2 , CTCF IP - MS1 cells, Rep 3 , CTCF IP - GM12891 cells, Rep 1 , CTCF IP - MS1 cells, Rep 4 , CTCF IP - GM18505 cells, Rep 2 , CTCF IP - GM18526 cells, Rep 2 , CTCF IP - GM18486 cells, Rep 1 , CTCF IP - GM06986 cells, CTCF IP - GM2255 cells, Rep 3 , CTCF IP - GM10847 cells, Rep 1 , CTCF IP - GM12892 cells, Rep 2 , CTCF IP - GM12890 cells, Rep 1 , CTCF IP - GM18486 cells, Rep 3 , CTCF IP - K562 cells, Rep 16 , CTCF IP - K562 cells, Rep 14 , CTCF IP - GM12814 cells, Rep 1, CTCF IP - GM12890 cells, Rep 2 , CTCF IP - GM19239 cells, Rep 1 , CTCF IP - GM12878 cells, Rep 1 , CTCF IP - GM19238 cells, Rep 1 , CTCF IP - GM2255 cells, Rep 1 , CTCF IP - GM2610 cells, Rep 2 , CTCF IP - GM12878 cells, Rep 2 , CTCF IP - GM19240 cells, Rep 2 , CTCF ChIP-Seq - GM12878, CTCF IP - GM19238 cells, Rep 2 , CTCF IP - GM12892 cells, Rep 1 , CTCF IP - K562 cells, Rep 12 , CTCF IP - K562 cells, Rep 13 , CTCF IP - GM2610 cells, Rep 3 , CTCF IP - GM2610 cells, Rep 1 , CTCF IP - GM2588 cells, Rep 3 , CTCF IP, CTCF IP - MS1 cells, Rep 2 , CTCF IP - GM2630 cells, Rep 3 , CTCF IP - GM12890 cells, Rep 3 , CTCF IP - K562 cells, CTCF IP - MS1 cells, Rep 1 , CTCF IP - GM12891 cells, Rep 2 , CTCF IP - GM2630 cells, Rep 1 , CTCF IP - GM19240 cells, Rep 1 , CTCF IP - GM19099 cells, Rep 2 , CTCF IP - GM11994 cells, Rep 2, CTCF IP - GM19239 cells, Rep 2 , CTCF IP - GM12154 cells, Rep 2, CTCF IP - GM12871 cells ",,,
MYB,B4GALT5,leukocytes,"MYB IP - Jurkat, Rep 4, MYB IP - Jurkat, Rep 5, MYB IP - Jurkat, Rep 2, MYB IP - Jurkat, Rep 3, MYB IP - Jurkat, Rep 1, MYB IP - MOLT3",,,
FOXA1,B4GALT5,mammarygland,"17BE2 | FOXA1 ChIP-Seq - Rep 2, 17BE2 | FOXA1 ChIP-Seq - Rep 1, 17BE2 | FOXA1 ChIP-Seq, DEX | FOXA1 ChIP-Seq - Rep 2, FOXA1 ChIP-Seq - Rep 2, FOXA1 ChIP-Seq - Rep 2, 17BE2 | FOXA1 ChIP-Seq - Rep 2, FOXA1 ChIP-Seq - Rep 1, FOXA1 ChIP-Seq - Rep 1, 17BE2 | FOXA1 ChIP-Seq - Rep 1, 17BE2 | FOXA1 ChIP-Seq - Rep 2, FOXA1 ChIP-Seq, DEX | FOXA1 ChIP-Seq - Rep 1, DHT | FOXA1 ChIP-Seq, DEX | FOXA1 ChIP-Seq - Rep 1, DEX | FOXA1 ChIP-Seq - Rep 2, DEX | FOXA1 ChIP-Seq - Rep 2, FOXA1 IP - T47D cells, 17BE2 | FOXA1 ChIP-Seq - Rep 1, FOXA1 ChIP-Seq - Rep 2",,,
17BE2,B4GALT5,mammarygland,"17BE2 | FOXA1 ChIP-Seq - Rep 2, 17BE2 | FOXA1 ChIP-Seq - Rep 1, 17BE2 | FOXA1 ChIP-Seq, 17BE2 | FOXA1 ChIP-Seq - Rep 2, 17BE2 | FOXA1 ChIP-Seq - Rep 1, 17BE2 | FOXA1 ChIP-Seq - Rep 2, 17BE2 | FOXA1 ChIP-Seq - Rep 1",,,
FOXA1,B4GALT5,prostate,"FOXA1 KD | FOXA1 ChIP-Seq, FOXA1 ChIP-Seq - LNCaP-abl, CON KD + R1881 | FOXA1 ChIP-Seq - Rep 2, FOXA1 ChIP-Seq, GATA2 KD + R1881 | FOXA1 ChIP-Seq, FOXA1 ChIP-Seq, PIAS1 + R1881 | FOXA1 ChIP-Seq - Rep 2, DHT | FOXA1 ChIP-Seq, PIAS1 + R1881 | FOXA1 ChIP-Seq - Rep 1, FOXA1 ChIP-Seq, CON KD | FOXA1 ChIP-Seq, WT AR OE + FOXA1 OE | FOXA1 ChIP-Seq - high FOXA1, AR C562S OE + FOXA1 OE | FOXA1 ChIP-Seq, EtOH | FOXA1 ChIP-Seq - Rep 2, R1881 | FOXA1 ChIP-Seq - Rep 1, CON KD + R1881 | FOXA1 ChIP-Seq, CREB1 siRNA | FOXA1 ChIP-Seq - Rep 2, GATA2 KD  | FOXA1 ChIP-Seq, FOXA1 ChIP-Seq - LNCaP, FOXA1 ChIP-Seq, CON KD | FOXA1 ChIP-Seq, FOXA1 ChIP-Seq, DHT | FOXA1 ChIP-Seq, POU2F1 KD + DHT | FOXA1 ChIP-Seq, CON KD + R1881 | FOXA1 ChIP-Seq - Rep 1, DHT | FOXA1 ChIP-Seq, CON KD  | FOXA1 ChIP-Seq, WT AR OE + FOXA1 OE | FOXA1 ChIP-Seq, FOXA1 siRNA | CREB1 ChIP-Seq - Rep 2, FOXA1 ChIP-Seq - Rep 1, FOXA1 ChIP-Seq - Rep 2, CREB1 siRNA | FOXA1 ChIP-Seq - Rep 1, FOXA1 ChIP-Seq, EtOH | FOXA1 ChIP-Seq - , DHT | FOXA1 ChIP-Seq, FOXA1 KD | FOXA1 ChIP-Seq, CON KD | FOXA1 ChIP-Seq, AR Q640X OE + FOXA1 OE | FOXA1 ChIP-Seq, R1881 | FOXA1 ChIP-Seq - Rep 2",,,
E2F6,B4GALT5,leukocytes,"E2F6 IP - K562 cells, E2F6 IP - K562 cells",,,
GATA2,B4GALT5,cns,GATA2 ChIP-Seq SH-SY5Y,,,
SPI1,B4GALT5,leukocytes,"SPI1 IP - K562 cells, SPI1 IP - GM12878 cells, SPI1 IP, SPI1 IP, SPI1 IP - GM12878 cells, Rep 4 , SPI1 IP, SPI1 IP, SPI1 IP - HL cells, SPI1 IP - GM12891 cells, SPI1 IP, SPI1 IP, SPI1 IP - GM12878 cells, Rep 5 , SPI1 IP, SPI1 IP, SPI1 IP - GM12878 cells, Rep 2 , SPI1 IP - GM12878 cells, Rep 1 , SPI1 IP - GM12878 cells, Rep 3 , SPI1 IP, SPI1 IP",,,
NANOG,B4GALT5,stemcells,NANOG IP - Rep 8 ,,,
STAT1,B4GALT5,leukocytes,"STAT1 IP - Rep 1, STAT1 IP - Rep 4, STAT1 IP - Rep 3, STAT1 IP - Rep 5",,,
IFNG,B4GALT5,leukocytes,"STAT1 IP - Rep 1, STAT1 IP - Rep 4, STAT1 IP - Rep 3, MYC IP | IFNG - K562 cells, 6 h, IRF1 IP | IFNG - K562 cells, 6 h, MYC IP | IFNG - K562 cells, 30 min, IRF1 IP - Rep 3, STAT1 IP - Rep 5",,,
CTCF,B4GALT5,lung,"CTCF IP - SAEC cells, Rep 1 , CTCF IP | DEX - A549 cells",,,
E2F6,B4GALT5,stemcells,E2F6 IP - H1 cells,,,
MAZ,B4GALT5,leukocytes,"MAZ IP - K562 cells, MAZ IP - GM12878 cells",,,
ETS1,B4GALT5,leukocytes,"ETS1 IP, ETS1 IP - K562 cells",,,
ELF3,B4GALT5,pancreas,"ELF3 IP | KLF5 KO, ELF3 IP, ELF3 IP",,,
KLF5,B4GALT5,pancreas,"ELF3 IP | KLF5 KO, FOXA1 IP | KLF5 KO, KLF5 IP",,,
ELF1,B4GALT5,leukocytes,"ELF1 IP - SK-N-SH cells, ELF1 IP - SK-N-SH cells",,,
MYC,B4GALT5,liver,MYC IP,,,
MYC,B4GALT5,leukocytes,"MYC IP | IFNG - K562 cells, 6 h, MYC IP | IFNG - K562 cells, 30 min, MYC IP | IFNA1 - K562 cells, 6 h, MYC IP - K562 cells, Rep 2, MYC IP - NB4 cells, MYC IP - K562 cells, Rep 1",,,
MAX,B4GALT5,liver,"MAX IP - HepG2 cells, MAX IP - MCF7 cells, MAX IP - HepG2 cells",,,
MAFK,B4GALT5,uterus,MAFK IP - HeLa cells,,,
JUND,B4GALT5,liver,"JUND IP - HepG2 cells, JUND IP - HepG2 cells",,,
FOSL1,B4GALT5,mammarygland,FOSL1 IP,,,
ATF2,B4GALT5,stemcells,ATF2 IP - H1 cells,,,
NFKB2,B4GALT5,leukocytes,NFKB2 IP - Rep 2,,,
ATF3,B4GALT5,colon,"ATF3 IP | CAMPTO, ATF3 IP, ATF3 IP - HCT116 cells",,,
CEBPB,B4GALT5,mammarygland,CEBPB IP - MCF7 cells,,,
ERG,B4GALT5,prostate,"DHT | ERG ChIP-Seq - 18 h, DHT | ERG ChIP-Seq - 2 h",,,
DHT,B4GALT5,prostate,"DHT | ERG ChIP-Seq - 18 h, DHT | ERG ChIP-Seq - 2 h, DHT | FOXA1 ChIP-Seq, DHT | FOXA1 ChIP-Seq, POU2F1 KD + DHT | FOXA1 ChIP-Seq, DHT | FOXA1 ChIP-Seq, DHT | FOXA1 ChIP-Seq",,,
SP1,B4GALT5,stemcells,"SP1 IP - Rep 1 , SP1 IP - H1 cells",,,
FOXA1,B4GALT5,lung,"FOXA1 IP | DEX - A549 cells, FOXA1 IP - A549 cells",,,
DEX,B4GALT5,lung,"FOXA1 IP | DEX - A549 cells, CREB1 IP | DEX - A549 cells, CTCF IP | DEX - A549 cells",,,
R1881,B4GALT5,prostate,"CON KD + R1881 | FOXA1 ChIP-Seq - Rep 2, GATA2 KD + R1881 | FOXA1 ChIP-Seq, PIAS1 + R1881 | FOXA1 ChIP-Seq - Rep 2, PIAS1 + R1881 | FOXA1 ChIP-Seq - Rep 1, R1881 | FOXA1 ChIP-Seq - Rep 1, CON KD + R1881 | FOXA1 ChIP-Seq, CON KD + R1881 | FOXA1 ChIP-Seq - Rep 1, GABPA IP | R1881, R1881 | FOXA1 ChIP-Seq - Rep 2",,,
MAFK,B4GALT5,leukocytes,MAFK IP - K562 cells,,,
USF1,B4GALT5,liver,USF1 IP - HepG2 cells,,,
KLF11,B4GALT5,adiposetissue,"KLF11 ChIP-Seq, Rep 2",,,
BCL3,B4GALT5,leukocytes,BCL3 IP - GM12878 cells,,,
ZNF143,B4GALT5,leukocytes,"ZNF143 IP - K562 cells, ZNF143 IP - GM12878 cells",,,
MAX,B4GALT5,uterus,"MAX IP - HeLa cells, Rep 2, MAX IP - HeLa cells, Rep 1, MAX IP - ECC1 cells",,,
MAX,B4GALT5,stemcells,MAX IP - H1 cells,,,
E2F1,B4GALT5,prostate,"BICALU + HES6OE | E2F1 ChIP-Seq - Rep 4, BICALU | E2F1 ChIP-Seq - Rep 3, HES6 OE | E2F1 ChIP-Seq - Rep 3, E2F1 ChIP-Seq - Rep 2, E2F1 ChIP-Seq - Rep 3, HES6 OE + BICALU | E2F1 ChIP-Seq - Rep 1, HES6 OE | E2F1 ChIP-Seq - Rep 1, E2F1 ChIP-Seq - Rep 4, BICALU + HES6 OE | E2F1 ChIP-Seq - Rep 2, E2F1 ChIP-Seq - Rep 1, HES6 OE + BICALU | E2F1 ChIP-Seq - Rep 3, BICALU | E2F1 ChIP-Seq - Rep 1",,,
BICALU,B4GALT5,prostate,"BICALU + HES6OE | E2F1 ChIP-Seq - Rep 4, BICALU | E2F1 ChIP-Seq - Rep 3, HES6 OE + BICALU | E2F1 ChIP-Seq - Rep 1, BICALU + HES6 OE | E2F1 ChIP-Seq - Rep 2, HES6 OE + BICALU | E2F1 ChIP-Seq - Rep 3, BICALU | E2F1 ChIP-Seq - Rep 1",,,
HES6,B4GALT5,prostate,"BICALU + HES6OE | E2F1 ChIP-Seq - Rep 4, HES6 OE | E2F1 ChIP-Seq - Rep 3, HES6 OE + BICALU | E2F1 ChIP-Seq - Rep 1, HES6 OE | E2F1 ChIP-Seq - Rep 1, BICALU + HES6 OE | E2F1 ChIP-Seq - Rep 2, HES6 OE + BICALU | E2F1 ChIP-Seq - Rep 3",,,
NFATC1,B4GALT5,leukocytes,NFATC1 IP - GM12878 cells,,,
FOXA1,B4GALT5,pancreas,"FOXA1 IP, FOXA1 IP | KLF5 KO, FOXA1 IP",,,
GATA2,B4GALT5,prostate,"GATA2 KD + R1881 | FOXA1 ChIP-Seq, GATA2 KD  | FOXA1 ChIP-Seq",,,
EGR1,B4GALT5,colon,EGR1 IP - HCT116 cells,,,
MYC,B4GALT5,uterus,MYC IP - HeLa cells,,,
GABPA,B4GALT5,liver,GABPA IP - HepG2 cells,,,
FOS,B4GALT5,mammarygland,"FOS IP | 4HT - MCF10A cells, 12 h, FOS IP | 4HT - MCF10A cells, 36 h, FOS IP | 4HT - MCF10A cells, 4 h",,,
4HT,B4GALT5,mammarygland,"FOS IP | 4HT - MCF10A cells, 12 h, FOS IP | 4HT - MCF10A cells, 36 h, STAT3 IP | 4HT - MCF10 cells, 36 h, FOS IP | 4HT - MCF10A cells, 4 h",,,
TEAD4,B4GALT5,leukocytes,TEAD4 IP - K562 cells,,,
MAFF,B4GALT5,leukocytes,MAFF IP - K562 cells,,,
FOSL2,B4GALT5,mammarygland,FOSL2 IP - MCF7 cells,,,
GATA3,B4GALT5,mammarygland,"GATA3 IP - T47D cells, GATA3 IP - MCF7 cells",,,
IRF1,B4GALT5,leukocytes,"IRF1 IP | IFNG - K562 cells, 6 h, IRF1 IP - Rep 3",,,
RELA,B4GALT5,leukocytes,"RELA IP | BAY082  - IVD Th1 cells, PIA, RELA IP - IVD Th1 cells, PIA, RELA IP | TNF - GM19099 cells, RELA IP | TNF - GM12891 cells",,,
BAY082,B4GALT5,leukocytes,"RELA IP | BAY082  - IVD Th1 cells, PIA",,,
ZNF143,B4GALT5,stemcells,ZNF143 IP - H1 cells,,,
POU2F2,B4GALT5,leukocytes,POU2F2 IP - GM12878 cells,,,
HEY1,B4GALT5,leukocytes,HEY1 IP - K562 cells,,,
STAT5B,B4GALT5,leukocytes,"STAT5B IP | H9, Rep 2",,,
H9,B4GALT5,leukocytes,"STAT5B IP | H9, Rep 2",,,
TEAD1,B4GALT5,cns,TEAD1 IP - Rep 1,,,
DEX,B4GALT5,mammarygland,"DEX | FOXA1 ChIP-Seq - Rep 2, DEX | FOXA1 ChIP-Seq - Rep 1, DEX | FOXA1 ChIP-Seq - Rep 1, DEX | FOXA1 ChIP-Seq - Rep 2, DEX | FOXA1 ChIP-Seq - Rep 2",,,
YY1,B4GALT5,cns,"YY1 IP | ATRA - SK-N-SH cells, YY1 IP - SK-N-SH cells",,,
ATRA,B4GALT5,cns,YY1 IP | ATRA - SK-N-SH cells,,,
ELF1,B4GALT5,colon,ELF1 IP - HCT116 cells,,,
TCF7L2,B4GALT5,mammarygland,TCF7L2 ChIP-Seq,,,
GTF2B,B4GALT5,uterus,"GTF2B IP | RO306, GTF2B IP - Rep 3, GTF2B IP - Rep 2",,,
RO306,B4GALT5,uterus,GTF2B IP | RO306,,,
ZEB1,B4GALT5,liver,ZEB1 IP - HepG2 cells,,,
FOXA1,B4GALT5,liver,"FOXA1 IP - HepG2 cells, Rep 1, FOXA1 IP - HepG2 cells, Rep 2",,,
TEAD4,B4GALT5,colon,TEAD4 IP - HCT116 cells,,,
PIAS1,B4GALT5,prostate,"PIAS1 + R1881 | FOXA1 ChIP-Seq - Rep 2, PIAS1 + R1881 | FOXA1 ChIP-Seq - Rep 1",,,
SMARCC1,B4GALT5,uterus,SMARCC1 IP - HeLa cells,,,
KLF5,B4GALT5,stomach,KLF5 IP - KATOIII,,,
CEBPB,B4GALT5,leukocytes,"CEBPB IP | oxLDL  - Rep 208, CEBPB IP, CEBPB ChIP-Seq - K562",,,
IRF4,B4GALT5,leukocytes,"IRF4 IP, IRF4 IP - GM12878 cells",,,
EBF1,B4GALT5,leukocytes,"EBF1 IP - GM12878 cells, EBF1 IP - GM12878 cells",,,
YY1,B4GALT5,leukocytes,"YY1 IP - K562 cells, Rep 1, YY1 IP - GM12892 cells, Rep 1, YY1 IP - GM12878 cells, YY1 IP - GM12891 cells, YY1 IP - K562 cells, Rep 2",,,
GATA3,B4GALT5,cns,GATA3 IP - SK-N-SH cells,,,
BHLHE40,B4GALT5,liver,BHLHE40 IP - HepG2 cells,,,
CTCF,B4GALT5,hspcs,"CTCF IP - Erythroid cells, Rep 2, CTCF IP - Erythroid cells, Rep 1",,,
CEBPB,B4GALT5,lung,"CEBPB ChIP-Seq - A549, CEBPB ChIP-Seq - IMR90, CEBPB IP - A549 cells",,,
MAX,B4GALT5,leukocytes,"MAX IP - NB4 cells, MAX IP - K562 cells, Rep 2, MAX IP - K562 cells",,,
YY1,B4GALT5,stemcells,"YY1 IP - H1 cells, YY1 IP - NT2 cells",,,
FOXM1,B4GALT5,mammarygland,FOXM1 IP | THSP - DS006,,,
REST,B4GALT5,cns,"REST IP - PFSK1 cells, Rep 2, REST IP - SK cells, REST IP - U87 cells",,,
ZBTB7A,B4GALT5,liver,ZBTB7A IP - HepG2 cells,,,
IFNA1,B4GALT5,leukocytes,"MYC IP | IFNA1 - K562 cells, 6 h",,,
E2F4,B4GALT5,leukocytes,E2F4 IP - K562 cells,,,
MYC,B4GALT5,bone,"MYC IP, MYC IP",,,
AR,B4GALT5,prostate,"WT AR OE + FOXA1 OE | FOXA1 ChIP-Seq - high FOXA1, AR C562S OE + FOXA1 OE | FOXA1 ChIP-Seq, WT AR OE + FOXA1 OE | FOXA1 ChIP-Seq, AR Q640X OE + FOXA1 OE | FOXA1 ChIP-Seq",,,
JUN,B4GALT5,leukocytes,"JUN IP - K562 cells, Rep 1, JUN IP - K562 cells, Rep 2",,,
REST,B4GALT5,pancreas,"REST IP - Panc1 cells, Rep 3",,,
CREB1,B4GALT5,prostate,"CREB1 ChIP-Seq - LNCaP, CREB1 ChIP-Seq - LNCaP-abl, CREB1 siRNA | FOXA1 ChIP-Seq - Rep 2, CREB1 ChIP-Seq - Rep 2, FOXA1 siRNA | CREB1 ChIP-Seq - Rep 2, CREB1 siRNA | FOXA1 ChIP-Seq - Rep 1",,,
RUNX1,B4GALT5,hspcs,RUNX1,,,
JUND,B4GALT5,uterus,JUND IP - HeLa cells,,,
CTCF,B4GALT5,vasculature,"CTCF IP - HUVEC cells, Rep 1 ",,,
FOXA2,B4GALT5,stemcells,FOXA2 IP - ES D5,,,
JUN,B4GALT5,mammarygland,"JUN IP, JUN IP - Rep 2, JUN IP | CPDA, JUN IP - Rep 1",,,
MYC,B4GALT5,mammarygland,DHT | MYC ChIP-Seq,,,
DHT,B4GALT5,mammarygland,"DHT | MYC ChIP-Seq, DHT | FOXA1 ChIP-Seq",,,
JUND,B4GALT5,stemcells,"JUND IP - H1 cells, JUND IP - H1 cells",,,
JUND,B4GALT5,vasculature,JUND IP,,,
JUND,B4GALT5,leukocytes,JUND IP - K562 cells,,,
E2F6,B4GALT5,lung,E2F6 IP - A549 cells,,,
CREB1,B4GALT5,liver,"CREB1 IP, CREB1 IP, CREB1 IP - HepG2 cells",,,
MAX,B4GALT5,lung,MAX IP - A549 cells,,,
EGR1,B4GALT5,stemcells,EGR1 IP - H1 cells,,,
TEAD4,B4GALT5,stemcells,TEAD4 IP - H1 cells,,,
MXI1,B4GALT5,uterus,MXI1 IP - HeLa cells,,,
RELA,B4GALT5,adiposetissue,"RELA IP, RELA IP",,,
CTCF,B4GALT5,colon,CTCF IP - HCT116 cells,,,
CREB1,B4GALT5,stemcells,CREB1 IP - H1 cells,,,
YY1,B4GALT5,liver,YY1 IP - HepG2 cells,,,
EGR1,B4GALT5,leukocytes,EGR1 IP - K562 cells,,,
MYBL2,B4GALT5,liver,MYBL2 IP - HepG2 cells,,,
FOSL1,B4GALT5,leukocytes,FOSL1 IP - K562 cells,,,
MAFK,B4GALT5,liver,"MAFK IP - HepG2 cells, Rep 2, MAFK IP - HepG2 cells, Rep 1",,,
JUND,B4GALT5,cns,"JUND IP - SK-N-SH cells, JUND IP - SK-N-SH cells ",,,
MAFF,B4GALT5,liver,MAFF IP - HepG2 cells,,,
SP1,B4GALT5,lung,SP1 IP - A549 cells,,,
JUND,B4GALT5,colon,JUND IP - HCT116 cells,,,
FOS,B4GALT5,vasculature,FOS IP - HUVEC cells,,,
YY1,B4GALT5,lung,YY1 IP - A549 cells,,,
ZBTB7A,B4GALT5,uterus,ZBTB7A IP - ECC1 cells,,,
TBP,B4GALT5,stemcells,TBP IP - H1 cells,,,
MXI1,B4GALT5,cns,MXI1 IP - SK-N-SH cells ,,,
CEBPB,B4GALT5,uterus,CEBPB ChIP-Seq - HeLaS3,,,
MAZ,B4GALT5,lung,MAZ IP - IMR cells,,,
TCF12,B4GALT5,cns,TCF12 IP - SK-N-SH cells,,,
CPDA,B4GALT5,mammarygland,JUN IP | CPDA,,,
USF1,B4GALT5,colon,USF1 IP - HCT116 cells,,,
CTCF,B4GALT5,pancreas,CTCF IP,,,
FOXA2,B4GALT5,embryonictissue,FOXA2 IP - Rep 2,,,
FOSL1,B4GALT5,colon,FOSL1 IP - HCT116 cells,,,
FOXA1,B4GALT5,stemcells,"FOXA1 IP - Rep 5 , FOXA1 IP - ES D5",,,
FOSL2,B4GALT5,cns,FOSL2 IP - SK-N-SH cells,,,
BHLHE40,B4GALT5,leukocytes,"BHLHE40 IP - GM12878 cells, BHLHE40 IP - K562 cells",,,
UBTF,B4GALT5,leukocytes,UBTF IP - K562 cells,,,
NFKB1,B4GALT5,leukocytes,"NFKB1 IP - Rep 1, NFKB1 IP - Rep 2",,,
E2F1,B4GALT5,mammarygland,"E2F1 IP, E2F1 IP - MCF7 cells",,,
EGR1,B4GALT5,uterus,EGR1 IP - ECC1 cells,,,
GATA1,B4GALT5,hspcs,"GATA1 IP - PBDE cells, Rep 1",,,
FOXM1,B4GALT5,leukocytes,FOXM1 IP - GM12878 cells,,,
YY1,B4GALT5,uterus,YY1 IP - ECC1 cells,,,
CEBPB,B4GALT5,liver,"CEBPB ChIP-Seq - HepG2, CEBPB IP - HepG2 cells, CEBPB IP | FORSK - HepG2 cells",,,
ATF3,B4GALT5,leukocytes,ATF3 IP - K562 cells,,,
SP1,B4GALT5,leukocytes,SP1 IP - GM12878 cells,,,
TAL1,B4GALT5,leukocytes,TAL1 IP - K562 cells,,,
ZBTB7A,B4GALT5,leukocytes,ZBTB7A IP - SK-N-SH cells,,,
GATA2,B4GALT5,hspcs,GATA2 IP,,,
MAX,B4GALT5,cns,MAX IP - SK-N-SH cells,,,
BACH1,B4GALT5,stemcells,BACH1 IP - H1 cells,,,
FOS,B4GALT5,uterus,FOS IP - HeLa cells,,,
BCL11A,B4GALT5,leukocytes,BCL11A IP - GM12878 cells,,,
POU2F1,B4GALT5,prostate,POU2F1 KD + DHT | FOXA1 ChIP-Seq,,,
PAX5,B4GALT5,leukocytes,"PAX5 IP - GM12878 cells, Rep 1, PAX5 IP - GM12892 cells",,,
ZKSCAN1,B4GALT5,uterus,ZKSCAN1 IP - HeLa cells,,,
PBX3,B4GALT5,cns,PBX3 IP - SK-N-SH cells,,,
E2F1,B4GALT5,uterus,"E2F1 IP - HeLa cells, Rep 2, E2F1 IP - HeLa cells, Rep 1",,,
TBP,B4GALT5,uterus,TBP IP - HeLa cells,,,
MAZ,B4GALT5,uterus,MAZ IP - HeLa cells,,,
STAT3,B4GALT5,mammarygland,"STAT3 IP | 4HT - MCF10 cells, 36 h, STAT3 IP - MCF10A cells, Rep 2",,,
REST,B4GALT5,stemcells,"REST IP - H1 cells, Rep 1",,,
TP53,B4GALT5,mammarygland,TP53 IP,,,
FOXA2,B4GALT5,liver,FOXA2 IP - HepG2 cells,,,
TCF12,B4GALT5,stemcells,TCF12 IP - H1 cells,,,
GABPA,B4GALT5,prostate,GABPA IP | R1881,,,
JUN,B4GALT5,uterus,JUN IP - HeLa cells,,,
CREB1,B4GALT5,lung,CREB1 IP | DEX - A549 cells,,,
GTF2F1,B4GALT5,uterus,GTF2F1 IP - HeLa cells,,,
REST,B4GALT5,liver,"REST IP - HepG2 cells, Rep 2",,,
IRF1,B4GALT5,pancreas,IRF1 IP,,,
MAX,B4GALT5,colon,MAX IP - HCT116 cells,,,
CEBPB,B4GALT5,colon,CEBPB IP - HCT116 cells,,,
FOXA2,B4GALT5,lung,FOXA2 IP - A549 cells,,,
ZNF143,B4GALT5,uterus,ZNF143 IP - HeLa cells,,,
GATA4,B4GALT5,stomach,GATA4 IP - AGS,,,
JUND,B4GALT5,lung,JUND IP - A549 cells,,,
OTX2,B4GALT5,stemcells,OTX2 IP - Rep 10 ,,,
TNF,B4GALT5,leukocytes,RELA IP | TNF - GM12891 cells,,,
FOSL2,B4GALT5,liver,FOSL2 IP - HepG2 cells,,,
CEBPB,B4GALT5,stemcells,CEBPB IP - H1 cells,,,
BATF,B4GALT5,leukocytes,BATF IP - GM12878 cells,,,
CEBPA,B4GALT5,leukocytes,CEBPA IP,,,
TBP,B4GALT5,leukocytes,"TBP IP - GM12878 cells, TBP IP - K562 cells",,,
IKZF1,B4GALT5,leukocytes,IKZF1 IP - GM12878 cells,,,
MXI1,B4GALT5,liver,MXI1 IP - HepG2 cells,,,
CREB1,B4GALT5,leukocytes,CREB1 IP - GM12878 cells,,,
KLF4,B4GALT5,stemcells,KLF4 IP,,,
RUNX1,B4GALT5,leukocytes,RUNX1 IP,,,
ZNF76,B4GALT5,kidney,ZNF76 IP | ZNF76 OE,,,
STAT3,B4GALT5,uterus,STAT3 IP - HeLa cells,,,
MAZ,B4GALT5,liver,MAZ IP - HepG2 cells,,,
SP1,B4GALT5,colon,SP1 IP - HCT116 cells,,,
JUN,B4GALT5,vasculature,JUN IP,,,
MTA3,B4GALT5,leukocytes,MTA3 IP - GM12878 cells,,,
TP53,B4GALT5,lung,"TP53 IP - propapoptic, Rep 1",,,
ZNF143,B4GALT5,colon,ZNF143 IP ,,,
ATF2,B4GALT5,leukocytes,ATF2 IP - GM12878 cells,,,
CTCF,B4GALT5,mammarygland,CTCF IP - MCF7 cells,,,
PDX1,B4GALT5,pancreas,PDX1 IP,,,
HEY1,B4GALT5,liver,HEY1 IP - HepG2 cells,,,
STAT1,B4GALT5,uterus,"STAT1 IP | IFNG - HeLa cells, 30 min",,,
IFNG,B4GALT5,uterus,"STAT1 IP | IFNG - HeLa cells, 30 min",,,
HMGN3,B4GALT5,leukocytes,HMGN3 IP - K562 cells,,,
TEAD4,B4GALT5,uterus,TEAD4 IP - ECC1 cells,,,
TCF12,B4GALT5,leukocytes,TCF12 IP - GM12878 cells,,,
MXI1,B4GALT5,lung,MXI1 IP - IMR cells,,,
FORSK,B4GALT5,liver,CEBPB IP | FORSK - HepG2 cells,,,
YY1,B4GALT5,colon,YY1 IP - HCT116 cells,,,
SRF,B4GALT5,colon,SRF IP - HCT116 cells,,,
ZNF384,B4GALT5,leukocytes,ZNF384 IP - GM12878 cells,,,
TCF7L2,B4GALT5,uterus,TCF7L2 IP - HeLa cells,,,
YY1,FUT1,leukocytes,"YY1 IP - K562 cells, Rep 2, YY1 IP - GM12878 cells, YY1 IP - GM12892 cells, Rep 1, YY1 IP - K562 cells, Rep 1",,,
ZNF143,FUT1,leukocytes,"ZNF143 IP - GM12878 cells, ZNF143 IP - K562 cells, ZNF143 IP - K562, ZNF143 IP - HPB-ALL",,,
CEBPB,FUT1,leukocytes,"CEBPB IP, CEBPB IP - K562 cells, CEBPB ChIP-Seq - K562",,,
FOXA1,FUT1,mammarygland,"FOXA1 IP - T47D cells, FOXA1 IP | 17BE2 - MCF-7, DEX | FOXA1 ChIP-Seq - Rep 1, FOXA1 ChIP-Seq - Rep 1, FOXA1 ChIP-Seq - Rep 2, 17BE2 | FOXA1 ChIP-Seq - Rep 1, 17BE2 | FOXA1 ChIP-Seq - Rep 2, DHT | FOXA1 ChIP-Seq",,,
FOXM1,FUT1,mammarygland,"FOXM1 IP - MCF7 cells, FOXM1 IP - DS017",,,
ZNF143,FUT1,colon,ZNF143 IP ,,,
SIX5,FUT1,lung,SIX5 IP | DEX - A549 cells,,,
RELA,FUT1,leukocytes,"RELA IP | TNF - GM19099 cells, RELA IP | BAY082  - IVD Th1 cells, PIA, RELA IP | TNF - GM10847 cells, RELA IP | TNF - GM19193 cells",,,
STAT2,FUT1,colon,STAT2 IP ,,,
FOXP1,FUT1,colon,FOXP1 IP ,,,
MAX,FUT1,liver,"MAX IP - MCF7 cells, MAX IP - HepG2 cells",,,
E2F6,FUT1,stemcells,E2F6 IP - H1 cells,,,
TEAD4,FUT1,uterus,TEAD4 IP - ECC1 cells,,,
E2F1,FUT1,prostate,"BICALU | E2F1 ChIP-Seq - Rep 3, E2F1 ChIP-Seq - Rep 1, BICALU | E2F1 ChIP-Seq - Rep 1, E2F1 ChIP-Seq - Rep 4, HES6 OE | E2F1 ChIP-Seq - Rep 1",,,
BICALU,FUT1,prostate,"BICALU | E2F1 ChIP-Seq - Rep 3, BICALU | E2F1 ChIP-Seq - Rep 1",,,
SRF,FUT1,colon,SRF IP - HCT116 cells,,,
REST,FUT1,leukocytes,REST IP - K562 cells,,,
CREB1,FUT1,colon,CREB1 IP ,,,
THAP11,FUT1,stemcells,"THAP11 IP - Rep 5 , THAP11 IP - Rep 3 , THAP11 IP - Rep 2 , THAP11 IP - Rep 1 , THAP11 IP - Rep 4 ",,,
GATA2,FUT1,leukocytes,"GATA2 IP - K562 cells, GATA2 IP - K562 cells",,,
STAT1,FUT1,uterus,"STAT1 IP | IFNG - HeLa cells, 30 min",,,
IFNG,FUT1,uterus,"STAT1 IP | IFNG - HeLa cells, 30 min",,,
TCF12,FUT1,uterus,TCF12 IP - ECC1 cells,,,
STAT3,FUT1,leukocytes,"STAT3 IP - OCI-LY19, STAT3 IP - U-2932",,,
GLI2,FUT1,colon,GLI2 IP ,,,
ZBTB7A,FUT1,uterus,ZBTB7A IP - ECC1 cells,,,
MYC,FUT1,leukocytes,"MYC IP | IFNG - K562 cells, 6 h, MYC IP - NB4 cells, MYC IP | IFNA1 - K562 cells, 6 h, MYC IP - K562 cells, Rep 1, MYC IP | IFNG - K562 cells, 30 min",,,
IFNG,FUT1,leukocytes,"MYC IP | IFNG - K562 cells, 6 h, STAT1 IP - Rep 5, IRF1 IP - Rep 3, IRF1 IP | IFNG - K562 cells, 6 h, IRF1 IP | IFNG - K562 cells, 30 min, STAT1 IP | IFNG - K562 cells, 30 min, STAT1 IP | IFNG - K562 cells, 6 h, STAT1 IP - Rep 2, STAT1 IP - Rep 3, MYC IP | IFNG - K562 cells, 30 min",,,
CREB1,FUT1,lung,"CREB1 IP - A549 cells, Rep 2, CREB1 IP | DEX - A549 cells",,,
E2F1,FUT1,mammarygland,"E2F1 IP, E2F1 IP - MCF7 cells",,,
ETS1,FUT1,lung,ETS1 IP - A549 cells,,,
ZNF263,FUT1,kidney,ZNF263 IP - HEK293 cells,,,
TBP,FUT1,leukocytes,TBP IP - K562 cells,,,
CEBPB,FUT1,colon,"CEBPB IP | 125DVD3, CEBPB IP - HCT116 cells, CEBPB IP",,,
125DVD3,FUT1,colon,CEBPB IP | 125DVD3,,,
BARX1,FUT1,colon,BARX1 IP - Rep 1 ,,,
SP1,FUT1,lung,SP1 IP - A549 cells,,,
CTCF,FUT1,stemcells,"CTCF IP - H1 cells , CTCF IP - Rep 5 , CTCF IP - Rep 6 ",,,
FOSL1,FUT1,colon,FOSL1 IP - HCT116 cells,,,
SIX5,FUT1,leukocytes,"SIX5 IP - K562 cells, Rep 1, SIX5 IP - GM12878 cells, SIX5 IP - K562 cells, Rep 2",,,
FOXA1,FUT1,liver,"FOXA1 IP - HepG2 cells, Rep 1, FOXA1 IP - HepG2 cells, Rep 2",,,
ATF1,FUT1,leukocytes,ATF1 IP - K562 cells,,,
ERG,FUT1,prostate,"DMSO | ERG ChIP-Seq - Rep 2, JQI | ERG ChIP-Seq - Rep 2, DMSO | ERG ChIP-Seq - Rep 1, JQI | ERG ChIP-Seq - Rep 1, DHT | ERG ChIP-Seq - 18 h, ERG ChIP-Seq, ERG ChIP-Seq, DHT | ERG ChIP-Seq - 2 h",,,
IRF1,FUT1,colon,IRF1 IP ,,,
GTF2F1,FUT1,uterus,GTF2F1 IP - HeLa cells,,,
FOXP1,FUT1,prostate,DHT | FOXP1 ChIP-Seq,,,
DHT,FUT1,prostate,"DHT | FOXP1 ChIP-Seq, DHT | ERG ChIP-Seq - 18 h, DHT | ERG ChIP-Seq - 2 h",,,
SOX2,FUT1,stemcells,SOX2 IP,,,
USF1,FUT1,stemcells,USF1 IP - H1 cells,,,
JUN,FUT1,colon,JUN IP ,,,
JUND,FUT1,liver,JUND IP - HepG2 cells,,,
E2F1,FUT1,uterus,"E2F1 IP - HeLa cells, Rep 2",,,
JQ1,FUT1,prostate,"JQI | ERG ChIP-Seq - Rep 2, JQI | ERG ChIP-Seq - Rep 1",,,
ETS1,FUT1,leukocytes,"ETS1 IP - K562 cells, ETS1 IP, ETS1 IP - GM12878 cells",,,
JUND,FUT1,stemcells,"JUND IP - H1 cells, JUND IP - H1 cells",,,
FOXA2,FUT1,liver,FOXA2 IP - HepG2 cells,,,
MAZ,FUT1,uterus,MAZ IP - HeLa cells,,,
CEBPB,FUT1,liver,"CEBPB IP | FORSK - HepG2 cells, CEBPB ChIP-Seq - HepG2",,,
FORSK,FUT1,liver,CEBPB IP | FORSK - HepG2 cells,,,
TAL1,FUT1,colon,TAL1 IP ,,,
YY1,FUT1,lung,YY1 IP - A549 cells,,,
GABPA,FUT1,lung,GABPA IP - A549 cells,,,
RBPJ,FUT1,leukocytes,"RBPJ IP | COMPE - wash, RBPJ IP | COMPE",,,
COMPE,FUT1,leukocytes,"RBPJ IP | COMPE - wash, RBPJ IP | COMPE",,,
NFYB,FUT1,leukocytes,"NFYB IP - GM12878 cells, NFYB IP - K562 cells",,,
TCF12,FUT1,liver,TCF12 IP - MCF7 cells,,,
BAY082,FUT1,leukocytes,"RELA IP | BAY082  - IVD Th1 cells, PIA",,,
TCF7L2,FUT1,mammarygland,TCF7L2 ChIP-Seq,,,
JUND,FUT1,colon,JUND IP - HCT116 cells,,,
RELA,FUT1,mammarygland,"17BE2 | RELA ChIP-Seq - Rep 1, TNF | RELA ChIP-Seq - Rep 2, 17BE2 | RELA ChIP-Seq - Rep 2, RELA ChIP-Seq - Rep 1, 17BE2 + TNF | RELA ChIP-Seq - Rep 1, 17BE2 + TNF | RELA Chip-Seq - Rep 2",,,
17BE2,FUT1,mammarygland,"17BE2 | RELA ChIP-Seq - Rep 1, FOXA1 IP | 17BE2 - MCF-7, 17BE2 | RELA ChIP-Seq - Rep 2, 17BE2 | FOXA1 ChIP-Seq - Rep 1, 17BE2 | FOXA1 ChIP-Seq - Rep 2",,,
FOS,FUT1,vasculature,FOS IP - HUVEC cells,,,
ZNF143,FUT1,uterus,"ZNF143 IP - HeLa, Rep 1, ZNF143 Ip - HeLa, Rep 2, ZNF143 IP - HeLa cells",,,
SPI1,FUT1,leukocytes,"SPI1 IP, SPI1 IP, SPI1 IP - K562 cells, SPI1 IP, SPI1 IP, SPI1 IP, SPI1 IP",,,
GABPA,FUT1,prostate,"GABPA IP - Rep 1, GABPA IP | R1881",,,
CREB1,FUT1,prostate,"CREB1 ChIP-Seq - Rep 1, FOXA1 siRNA | CREB1 ChIP-Seq - Rep 1, CREB1 ChIP-Seq - LNCaP, FOXA1 siRNA | CREB1 ChIP-Seq - Rep 2, CREB1 ChIP-Seq - Rep 2, CREB1 ChIP-Seq - LNCaP-abl",,,
ELF1,FUT1,cns,ELF1 IP - SK-N-SH cells,,,
USF1,FUT1,cns,USF1 IP | ATRA - SK-N-SH cells,,,
ATRA,FUT1,cns,"USF1 IP | ATRA - SK-N-SH cells, YY1 IP | ATRA - SK-N-SH cells",,,
GABPA,FUT1,uterus,GABPA IP - HeLa cells,,,
YY1,FUT1,colon,YY1 IP - HCT116 cells,,,
E2F6,FUT1,leukocytes,"E2F6 IP - K562 cells, E2F6 IP - K562 cells",,,
FOXA2,FUT1,embryonictissue,FOXA2 IP - Rep 2,,,
TP63,FUT1,skin,"TP63 IP, TP63 IP, TP63 IP",,,
OTX2,FUT1,stemcells,OTX2 IP - Rep 10 ,,,
CREB1,FUT1,liver,"CREB1 IP, CREB1 IP, CREB1 IP, CREB1 IP - HepG2 cells",,,
GABPA,FUT1,liver,"GABPA IP - MCF7 cells, GABPA IP - HepG2 cells, GABPA IP",,,
CTCF,FUT1,kidney,"CTCF IP - HEK293 cells, Rep 1 , CTCF IP - HEK293 cells, Rep 2 ",,,
SRF,FUT1,mammarygland,SRF IP - MCF7 cells,,,
TFAP4,FUT1,leukocytes,TFAP4 IP - Rep 2,,,
TNF,FUT1,leukocytes,"RELA IP | TNF - GM10847 cells, RELA IP | TNF - GM19193 cells",,,
FOXA1,FUT1,prostate,"FOXA1 siRNA | CREB1 ChIP-Seq - Rep 1, EtOH | FOXA1 ChIP-Seq - Rep 2, FOXA1 siRNA | CREB1 ChIP-Seq - Rep 2",,,
USF1,FUT1,leukocytes,USF1 IP - K562 cells,,,
PBX3,FUT1,cns,PBX3 IP - SK-N-SH cells,,,
TNF,FUT1,mammarygland,TNF | RELA ChIP-Seq - Rep 2,,,
MAFF,FUT1,leukocytes,MAFF IP - K562 cells,,,
CEBPB,FUT1,lung,CEBPB ChIP-Seq - A549,,,
CTCF,FUT1,leukocytes,"CTCF IP - K562 cells, Rep 1 ",,,
CTCF,FUT1,lung,"CTCF IP - SAEC cells, Rep 1 , CTCF IP - SAEC cells, Rep 2 ",,,
TEAD4,FUT1,leukocytes,TEAD4 IP - K562 cells,,,
E2F3,FUT1,colon,E2F3 IP ,,,
HEY1,FUT1,liver,HEY1 IP - HepG2 cells,,,
EGR1,FUT1,colon,EGR1 IP - HCT116 cells,,,
DEX,FUT1,mammarygland,DEX | FOXA1 ChIP-Seq - Rep 1,,,
YY1,FUT1,cns,"YY1 IP - SK-N-SH cells, YY1 IP | ATRA - SK-N-SH cells",,,
CEBPB,FUT1,stemcells,"CEBPB IP, CEBPB IP, CEBPB IP, CEBPB IP - H1 cells",,,
NFYA,FUT1,leukocytes,NFYA IP - K562 cells,,,
MAX,FUT1,leukocytes,"MAX IP - NB4 cells, MAX IP - K562 cells, MAX IP - K562 cells, Rep 2",,,
RELA,FUT1,colon,RELA IP ,,,
MAFK,FUT1,liver,"MAFK IP - HepG2 cells, Rep 2",,,
MAX,FUT1,colon,MAX IP - HCT116 cells,,,
HOXA4,FUT1,colon,HOXA4 IP ,,,
GATA6,FUT1,stomach,GATA6 IP - AGS,,,
ETV5,FUT1,colon,ETV5 IP ,,,
ZBTB7A,FUT1,leukocytes,ZBTB7A IP - SK-N-SH cells,,,
CREB1,FUT1,leukocytes,"CREB1 IP - K562 cells, CREB1 IP - GM12878 cells",,,
STAT1,FUT1,leukocytes,"STAT1 IP - Rep 5, STAT1 IP | IFNG - K562 cells, 30 min, STAT1 IP | IFNG - K562 cells, 6 h, STAT1 IP - Rep 2, STAT1 IP - Rep 3",,,
SRF,FUT1,uterus,SRF IP - ECC1 cells,,,
NFYC,FUT1,colon,NFYC IP ,,,
JUN,FUT1,mammarygland,"JUN IP - Rep 2, JUN IP - Rep 1",,,
ELF3,FUT1,pancreas,"ELF3 IP, ELF3 IP | KLF5 KO, ELF3 IP",,,
CTCF,FUT1,skin,"CTCF IP - GM12878 cells, Rep 2 ",,,
IRF1,FUT1,leukocytes,"IRF1 IP - Rep 3, IRF1 IP | IFNA1-13 - K562 cells, 6 h, IRF1 IP | IFNG - K562 cells, 6 h, IRF1 IP | IFNG - K562 cells, 30 min",,,
JUN,FUT1,vasculature,"JUN IP, JUN IP - HUVEC cells",,,
IFNA1,FUT1,leukocytes,"IRF1 IP | IFNA1-13 - K562 cells, 6 h, JUN IP | IFNA1-13 - 30 min , MYC IP | IFNA1 - K562 cells, 6 h",,,
CEBPA,FUT1,leukocytes,CEBPA IP,,,
MAX,FUT1,uterus,"MAX IP - HeLa cells, Rep 1, MAX IP - ECC1 cells",,,
GATA1,FUT1,leukocytes,GATA1 ChIP-Seq - SC266,,,
TCF12,FUT1,stemcells,TCF12 IP - H1 cells,,,
JUND,FUT1,mammarygland,"JUND IP - T47D cells, JUND IP - MCF7 cells",,,
TAL1,FUT1,leukocytes,"TAL1 IP - K562 cells, TAL1 IP - MOLT3",,,
ZNF143,FUT1,kidney,ZNF143 IP - HEK293-T-rex,,,
USF2,FUT1,liver,USF2 IP - HepG2 cells,,,
KLF5,FUT1,pancreas,"ELF3 IP | KLF5 KO, KLF5 IP",,,
HOXA6,FUT1,colon,HOXA6 IP ,,,
GABPA,FUT1,cns,GABPA IP - SK-N-SH cells,,,
USF2,FUT1,leukocytes,USF2 IP - K562 cells,,,
ELF1,FUT1,liver,ELF1 IP - HepG2 cells,,,
ZBTB7A,FUT1,liver,ZBTB7A IP - HepG2 cells,,,
ZNF143,FUT1,stemcells,ZNF143 IP - H1 cells,,,
ATF3,FUT1,colon,"ATF3 IP, ATF3 IP - HCT116 cells",,,
CTCF,FUT1,colon,"CTCF IP - Caco , CTCF IP - HCT116 cells, Rep 2 , CTCF IP - Caco-2 cells, Rep 1 , CTCF IP - HCT116 cells",,,
JUND,FUT1,vasculature,JUND IP,,,
CTCF,FUT1,mammarygland,"CTCF IP - HMEC cells, Rep 1 , CTCF IP - MCF-7 cells, Rep 1 , CTCF IP - MCF-7 cells Rep 2 ",,,
SRF,FUT1,liver,SRF IP - HepG2 cells,,,
GATA1,FUT1,hspcs,"GATA1 IP - PBDE cells, Rep 1",,,
TEAD4,FUT1,colon,TEAD4 IP - HCT116 cells,,,
ZNF83,FUT1,colon,ZNF83 IP ,,,
IRF1,FUT1,pancreas,IRF1 IP,,,
MAX,FUT1,lung,MAX IP - A549 cells,,,
MAX,FUT1,stemcells,MAX IP - H1 cells,,,
ATF3,FUT1,leukocytes,"ATF3 IP - K562 cells, ATF3 IP - GM12878 cells",,,
GATA4,FUT1,stomach,GATA4 IP - AGS,,,
DEX,FUT1,lung,CREB1 IP | DEX - A549 cells,,,
ELF1,FUT1,lung,ELF1 IP - A549 cells,,,
ARID3A,FUT1,leukocytes,ARID3A IP - K562 cells,,,
ZNF76,FUT1,kidney,ZNF76 IP | ZNF76 OE,,,
GATA3,FUT1,mammarygland,"GATA3 IP - MCF-7 cells, GATA3 IP - T47D cells, GATA3 IP - MCF7 cells",,,
FOXM1,FUT1,uterus,FOXM1 IP - ECC1 cells,,,
JUN,FUT1,leukocytes,"JUN IP - K562 cells, Rep 2, JUN IP | IFNA1-13 - 30 min ",,,
MYC,FUT1,mammarygland,"MYC IP - MCF-10A cells, DHT | MYC ChIP-Seq",,,
BACH1,FUT1,stemcells,BACH1 IP - H1 cells,,,
STAT5A,FUT1,leukocytes,STAT5A IP - K562 cells,,,
TBP,FUT1,uterus,TBP IP - HeLa cells,,,
ELF1,FUT1,colon,ELF1 IP - HCT116 cells,,,
GABPA,FUT1,leukocytes,"GABPA IP - K562 cells, GABPA IP - HL cells, GABPA IP - Jurkat, Rep 2, GABPA IP - GM12878 cells, Rep 4 , GABPA IP - Jurkat, Rep 1",,,
ATF2,FUT1,stemcells,ATF2 IP - H1 cells,,,
ELF1,FUT1,mammarygland,ELF1 IP - MCF7 cells,,,
STAT5B,FUT1,leukocytes,"STAT5B IP | H9, Rep 2, STAT5B IP | IL2 - Rep 2",,,
H9,FUT1,leukocytes,"STAT5B IP | H9, Rep 2",,,
EGR1,FUT1,liver,EGR1 IP - MCF7 cells,,,
R1881,FUT1,prostate,GABPA IP | R1881,,,
CEBPB,FUT1,uterus,CEBPB ChIP-Seq - HeLaS3,,,
SP1,FUT1,liver,SP1 IP - HepG2 cells,,,
ELF1,FUT1,leukocytes,"ELF1 IP - SK-N-SH cells, ELF1 IP - SK-N-SH cells",,,
MAFK,FUT1,leukocytes,MAFK IP - K562 cells,,,
MAZ,FUT1,leukocytes,MAZ IP - K562 cells,,,
IL2,FUT1,leukocytes,STAT5B IP | IL2 - Rep 2,,,
ZNF384,FUT1,leukocytes,ZNF384 IP - K562 cells,,,
EGR1,FUT1,stemcells,EGR1 IP - H1 cells,,,
PDX1,FUT1,pancreas,PDX1 IP,,,
TEAD4,FUT1,stemcells,TEAD4 IP - H1 cells,,,
SP1,FUT1,stemcells,SP1 IP - H1 cells,,,
SMAD4,FUT1,stemcells,SMAD4 ChIP-Seq - ESCs,,,
SIX5,FUT1,stemcells,SIX5 IP - H1 cells,,,
USF1,FUT1,uterus,USF1 IP - ECC1 cells,,,
MXI1,FUT1,cns,MXI1 IP - SK-N-SH cells ,,,
TP53,FUT1,mammarygland,"TP53 IP, TP53 IP | NUTL3 - MCF-7",,,
BHLHE40,FUT1,leukocytes,BHLHE40 IP - K562 cells,,,
GABPA,FUT1,stemcells,GABPA IP - H1 cells,,,
TCF12,FUT1,lung,TCF12 IP - A549 cells,,,
SRF,FUT1,stemcells,SRF IP - Rep 7 ,,,
ZNF217,FUT1,mammarygland,ZNF217 IP - MCF7 cells,,,
JUND,FUT1,cns,JUND IP - SK-N-SH cells ,,,
EGR1,FUT1,leukocytes,EGR1 IP - K562 cells,19374776,,
CEBPB,FUT1,mammarygland,CEBPB IP - MCF7 cells,,,
DHT,FUT1,mammarygland,"DHT | FOXA1 ChIP-Seq, DHT | MYC ChIP-Seq",,,
KLF5,FUT1,stomach,KLF5 IP - KATOIII,,,
CREB1,FUT1,uterus,CREB1 IP - ECC1 cells,,,
HES6,FUT1,prostate,HES6 OE | E2F1 ChIP-Seq - Rep 1,,,
USF1,FUT1,colon,USF1 IP - HCT116 cells,,,
MYB,FUT1,leukocytes,"MYB IP - Jurkat, Rep 5, MYB IP - Jurkat, Rep 2",,,
YY1,FUT1,stemcells,YY1 IP - H1 cells,,,
TBP,FUT1,stemcells,TBP IP - H1 cells,,,
TP53,FUT1,bone,TP53 IP,,,
CTCF,FUT1,pancreas,CTCF IP,,,
17BE2; TNF,FUT1,mammarygland,"17BE2 + TNF | RELA ChIP-Seq - Rep 1, 17BE2 + TNF | RELA Chip-Seq - Rep 2",,,
FOSL1,FUT1,mammarygland,FOSL1 IP,,,
YY1,FUT1,uterus,YY1 IP - ECC1 cells,,,
JUND,FUT1,leukocytes,JUND IP - K562 cells,,,
KLF11,FUT1,adiposetissue,"KLF11 ChIP-Seq, Rep 2, ROSI (BrAT) | KLF11 ChIP-Seq, Rep 2",,,
ROSI,FUT1,adiposetissue,"ROSI (BrAT) | KLF11 ChIP-Seq, Rep 2",,,
ATF2,FUT1,colon,ATF2 IP ,,,
REST,FUT1,cns,"REST IP - PFSK1 cells, Rep 2",,,
HEY1,FUT1,leukocytes,HEY1 IP - K562 cells,,,
SMARCC2,FUT1,uterus,SMARCC2 IP - HeLa cells,,,
SOX9,FUT1,colon,SOX9 IP ,,,
CREB1,FUT1,stemcells,CREB1 IP - H1 cells,,,
SP1,FUT1,colon,SP1 IP - HCT116 cells,,,
CTCF,FUT1,cns,"CTCF IP - SK-N-SH cells, Rep 2 ",,,
JUND,FUT1,uterus,JUND IP - HeLa cells,,,
TCF12,FUT1,cns,TCF12 IP - SK-N-SH cells,,,
MAZ,GAL3ST1,lung,MAZ IP - IMR cells,,,
EBF1,GAL3ST1,leukocytes,EBF1 IP - GM12878 cells,,,
GABPA,GAL3ST1,prostate,"GABPA IP - Rep 2, GABPA IP | R1881, GABPA IP - Rep 1",,,
CTCF,GAL3ST1,leukocytes,"CTCF IP - GM12875 cells, Rep 1 , CTCF IP - K562 cells, Rep 14 , CTCF IP - F36P cells, Rep 15 , CTCF IP - NB4 cells , CTCF IP - GM2630 cells, Rep 1 , CTCF IP - GM19240 cells, Rep 1 , CTCF IP - GM12892 cells, Rep 2 , CTCF IP - GM12864 cells, Rep 1 , CTCF IP - HeLa cells, Rep 2 , CTCF IP - MS1 cells, Rep 2 , CTCF IP - F36P cells, Rep 10 , CTCF IP - GM12878 cells , CTCF IP - K562 cells, Rep 16 , CTCF IP - F36P cells, Rep 7 , CTCF IP - UT-7 cells, Rep 6 , CTCF IP - GM18486 cells, Rep 3 , CTCF IP - K562 cells, Rep 13 , CTCF IP - GM11994 cells, Rep 2, CTCF IP - GM12878 cells, Rep 1 , CTCF IP - GM19239 cells, Rep 2 , CTCF IP - GM12891 cells, Rep 2 , CTCF IP - GM12869 cells , CTCF IP - GM12878 cells, Rep 2 , CTCF IP - GM12878 cells, Rep 1 , CTCF IP - GM12872 cells, Rep 1 , CTCF IP - GM11994 cells, Rep 1, CTCF IP - K562 cells, Rep 11 , CTCF IP - KU812 cells, Rep 5 , CTCF IP - GM19239 cells, Rep 1 , CTCF IP - GM2255 cells, Rep 2 , CTCF IP - K562 cells , CTCF IP - K562 cells, Rep 15 , CTCF IP - GM12874 cells, Rep 2 , CTCF IP - GM12890 cells, Rep 1 , CTCF IP - F36P cells, Rep 19 , CTCF IP - UT-7 cells, Rep 3 , CTCF IP - MS1 cells, Rep 3 , CTCF IP - GM2255 cells, Rep 1 , CTCF IP - KU812 cells, Rep 13 , CTCF IP - GM2630 cells, Rep 2 , CTCF IP - KU812 cells, Rep 17 , CTCF IP - GM10847 cells, Rep 2 , CTCF IP - GM12866 cells , CTCF IP - F36P cells, Rep 14 , CTCF IP - GM12874 cells, Rep 1 , CTCF IP - GM12891 cells, Rep 1 , CTCF IP - GM19240 cells, Rep 2 , CTCF IP - MS1 cells, Rep 4 , CTCF IP - GM12878 cells, Rep 2 , CTCF IP - KU812 cells, Rep 9 , CTCF IP - K562 cells, CTCF IP - GM19238 cells, Rep 2 , CTCF IP - GM2588 cells, Rep 2 , CTCF IP - GM12872 cells, Rep 2 , CTCF IP - UT-7 cells, Rep 4 , CTCF IP - K562 cells, Rep 2 , CTCF IP - GM18505 cells, Rep 2 , CTCF IP - GM19238 cells, Rep 1 , CTCF IP - GM18526 cells, Rep 2 , CTCF IP - GM12873 cells, Rep 1 , CTCF IP - GM06990 cells, Rep 2 , CTCF ChIP-Seq - GM12878, CTCF IP - GM12871 cells , CTCF IP - GM18486 cells, Rep 1 , CTCF IP - GM12868 cells , CTCF IP - GM2610 cells, Rep 2 , CTCF IP - GM12892 cells, Rep 1 , CTCF IP - GM12867 cells , CTCF IP - F36P cells, Rep 2 , CTCF IP, CTCF IP - GM12870 cells , CTCF IP - F36P cells, Rep 11 , CTCF IP - GM2610 cells, Rep 1 , CTCF IP - F36P cells, Rep 3 , CTCF IP - K562 cells, Rep 12 , CTCF IP - GM10847 cells, Rep 1 , CTCF IP - GM12873 cells, Rep 1 , CTCF IP - GM06990 cells, Rep 1 , CTCF IP - GM2255 cells, Rep 3 , CTCF IP - GM2610 cells, Rep 3 , CTCF IP - GM2588 cells, Rep 3 , CTCF IP - GM12872 cells, Rep 3 , CTCF IP -  DND , CTCF IP - GM12865 cells, Rep 2 , CTCF IP - GM06986 cells, CTCF IP - GM12864 cells, Rep 2 , CTCF IP - K562 cells, CTCF IP - GM2630 cells, Rep 3 , CTCF IP - GM12890 cells, Rep 3 , CTCF IP - MS1 cells, Rep 1 , CTCF IP - K562 cells, CTCF IP - K562 cells, Rep 1 , CTCF IP - GM19193 cells, Rep 1 , CTCF IP - KU812 cells, Rep 1 ",,,
SP1,GAL3ST1,liver,SP1 IP - HepG2 cells,,,
CTCF,GAL3ST1,cns,"CTCF IP - SK-N-SH cells, Rep 2 , CTCF IP - HCPEpiC cells, Rep 1 , CTCF IP - SK-N-SH cells , CTCF IP - cerebellar astrocyte cells, Rep 2 , CTCF IP - BE(2)-C cells, Rep 1 , CTCF IP - SK-N-SH cells, Rep 1 , CTCF IP - BE(2)-C cells, Rep 2 , CTCF IP - SK cells, CTCF IP - spinal cord astrocyte cells, Rep 2 ",,,
CTCF,GAL3ST1,hspcs,"CTCF IP - Erythroid cells, Rep 1, CTCF IP - HEL 92.1.7 cells, Rep 11 , CTCF IP - HEL 92.1.7 cells, Rep 5 , CTCF IP - HEL 92.1.7 cells, Rep 14 , CTCF IP - HEL 92.1.7 cells, Rep 2 ",,,
CTCF,GAL3ST1,lung,"CTCF IP | DEX - A549 cells , CTCF IP | DEX - A549 cells, CTCF IP - A549 cells , CTCF IP - NHLF cells , CTCF IP - A549 cells, Rep 2 , CTCF IP - NHLF cells , CTCF ChIP-Seq - A549",,,
DEX,GAL3ST1,lung,"CTCF IP | DEX - A549 cells , CTCF IP | DEX - A549 cells",,,
CTCF,GAL3ST1,colon,"CTCF IP - HCT116 cells, Rep 2 , CTCF IP - HCT116 cells, CTCF IP - Caco-2 cells, Rep 1 , CTCF IP - HCT116 cells, Rep 1 , CTCF IP - Caco ",,,
FOSL2,GAL3ST1,mammarygland,FOSL2 IP - MCF7 cells,,,
IRF1,GAL3ST1,pancreas,IRF1 IP,,,
ELF3,GAL3ST1,pancreas,"ELF3 IP, ELF3 IP | KLF5 KO, ELF3 IP",,,
KLF5,GAL3ST1,pancreas,"ELF3 IP | KLF5 KO, KLF5 IP",,,
FOXA1,GAL3ST1,prostate,"FOXA1 KD | FOXA1 ChIP-Seq, PIAS1 + R1881 | FOXA1 ChIP-Seq - Rep 1, FOXA1 ChIP-Seq - Rep 2, CREB1 siRNA | FOXA1 ChIP-Seq - Rep 1, FOXA1 ChIP-Seq, CON KD | FOXA1 ChIP-Seq, EtOH | FOXA1 ChIP-Seq - , DHT | FOXA1 ChIP-Seq, EtOH | FOXA1 ChIP-Seq - Rep 2, R1881 | FOXA1 ChIP-Seq - Rep 1, CON KD + R1881 | FOXA1 ChIP-Seq, CON KD | FOXA1 ChIP-Seq, CREB1 siRNA | FOXA1 ChIP-Seq - Rep 2, R1881 | FOXA1 ChIP-Seq - Rep 2, FOXA1 KD | FOXA1 ChIP-Seq, GATA2 KD  | FOXA1 ChIP-Seq, FOXA1 ChIP-Seq - LNCaP-abl, CON KD | FOXA1 ChIP-Seq, FOXA1 ChIP-Seq, CON KD + R1881 | FOXA1 ChIP-Seq - Rep 2, DHT | FOXA1 ChIP-Seq - C4- Rep 2B, CON KD + R1881 | FOXA1 ChIP-Seq - Rep 1, CON KD  | FOXA1 ChIP-Seq, DHT | FOXA1 ChIP-Seq, PIAS1 + R1881 | FOXA1 ChIP-Seq - Rep 2, DHT | FOXA1 ChIP-Seq, FOXA1 ChIP-Seq - Rep 1",,,
CTCF,GAL3ST1,kidney,"CTCF IP - RPTEC cells, Rep 1 , CTCF IP - RPTEC cells, Rep 2 , CTCF IP - HEK293 cells, Rep 2 , CTCF IP - HRE cells, Rep 1 , CTCF IP - HEK293 cells, Rep 1 ",,,
ARID3A,GAL3ST1,liver,ARID3A IP - HepG2 cells,,,
USF1,GAL3ST1,stemcells,USF1 IP - H1 cells,,,
REST,GAL3ST1,cns,"REST IP - PFSK-N-SH cells1 cells, Rep 1, REST IP - SK-N-SH cells, REST IP - PFSK1 cells, Rep 2, REST IP - SK cells",,,
ERG,GAL3ST1,prostate,"DMSO | ERG ChIP-Seq - Rep 2, DHT | ERG ChIP-Seq - 2 h, JQI | ERG ChIP-Seq - Rep 2, DMSO | ERG ChIP-Seq - Rep 1, ERG IP - Rep 1, ERG IP | R1881, JQI | ERG ChIP-Seq - Rep 1, ERG ChIP-Seq, DHT | ERG ChIP-Seq - 18 h, ERG ChIP-Seq",,,
DHT,GAL3ST1,prostate,"DHT | ERG ChIP-Seq - 2 h, DHT | FOXA1 ChIP-Seq, DHT | FOXA1 ChIP-Seq - C4- Rep 2B, DHT | FOXA1 ChIP-Seq, DHT | ERG ChIP-Seq - 18 h, DHT | FOXA1 ChIP-Seq",,,
R1881,GAL3ST1,prostate,"PIAS1 + R1881 | FOXA1 ChIP-Seq - Rep 1, GABPA IP | R1881, R1881 | FOXA1 ChIP-Seq - Rep 1, CON KD + R1881 | FOXA1 ChIP-Seq, R1881 | FOXA1 ChIP-Seq - Rep 2, ERG IP | R1881, CON KD + R1881 | FOXA1 ChIP-Seq - Rep 2, CON KD + R1881 | FOXA1 ChIP-Seq - Rep 1, PIAS1 + R1881 | FOXA1 ChIP-Seq - Rep 2",,,
PIAS1,GAL3ST1,prostate,"PIAS1 + R1881 | FOXA1 ChIP-Seq - Rep 1, PIAS1 + R1881 | FOXA1 ChIP-Seq - Rep 2",,,
CREB1,GAL3ST1,prostate,"CREB1 siRNA | FOXA1 ChIP-Seq - Rep 1, CREB1 siRNA | FOXA1 ChIP-Seq - Rep 2",,,
FOS,GAL3ST1,uterus,FOS IP - HeLa cells,,,
JQ1,GAL3ST1,prostate,"JQI | ERG ChIP-Seq - Rep 2, JQI | ERG ChIP-Seq - Rep 1",,,
FOS,GAL3ST1,mammarygland,"FOS IP | 4HT - MCF10A cells, 12 h, FOS IP | 4HT - MCF10A cells, 36 h, FOS IP | 4HT - MCF10A cells, 4 h, FOS IP - MCF10A cells",,,
4HT,GAL3ST1,mammarygland,"FOS IP | 4HT - MCF10A cells, 12 h, FOS IP | 4HT - MCF10A cells, 36 h, FOS IP | 4HT - MCF10A cells, 4 h",,,
BHLHE40,GAL3ST1,liver,BHLHE40 IP - HepG2 cells,,,
CTCF,GAL3ST1,skin,"CTCF IP - AG04449 cells, Rep 1 , CTCF IP - AG09309 cells, Rep 1 , CTCF IP - HFFC cells, Rep 2 , CTCF IP - HFFC cells, Rep 3 , CTCF IP - NHEK cells , CTCF IP - BJ cells, Rep 1 , CTCF IP - BJ cells, Rep 2 , CTCF IP - HFFC cells, Rep 1 , CTCF IP - NHEK cells, Rep 2 , CTCF IP - GM12878 cells, Rep 2 ",,,
HNF1B,GAL3ST1,stemcells,"HNF1B IP - Rep 4 , HNF1B IP - Rep 1 ",,,
EPAS1,GAL3ST1,kidney,"EPAS1 IP, EPAS1 IP | HIF1A OE, EPAS1 IP | EPAS1 OE, ARNT IP | EPAS1 OE",,,
CTCF,GAL3ST1,mammarygland,"CTCF IP - HMEC cells , CTCF IP - MCF-7 cells, Rep 1 , CTCF IP - MCF-7 cells Rep 2 , CTCF IP - MCF7 cells, CTCF IP - HMF cells, Rep 2 , CTCF IP - HMEC cells, Rep 1 ",,,
MXI1,GAL3ST1,cns,MXI1 IP - SK-N-SH cells ,,,
CTCF,GAL3ST1,miscellaneous,"CTCF IP - AG09319 cells, Rep 1 ",,,
TCF21,GAL3ST1,vasculature,"TCF21 IP, TCF21 IP, TCF21 IP, TCF21 IP",,,
GATA1,GAL3ST1,hspcs,"GATA1 IP - PBDE cells, Rep 1",,,
CTCF,GAL3ST1,sensory,"CTCF IP - WERI-Rb-1- cells, Rep 1 , CTCF IP - HRPEpiC cells, Rep 2 , CTCF IP - HRPEpiC cells, Rep 1 , CTCF IP - WERI ",,,
TP63,GAL3ST1,skin,"TP63 IP, TP63 IP | BANF1 KD",,,
MAX,GAL3ST1,liver,"MAX IP - HepG2 cells, MAX IP - MCF7 cells",,,
MAX,GAL3ST1,cns,MAX IP - SK-N-SH cells,,,
GATA3,GAL3ST1,lung,GATA3 IP - A549 cells,,,
FOXA1,GAL3ST1,pancreas,"FOXA1 IP, FOXA1 IP",,,
MAX,GAL3ST1,stemcells,MAX IP - H1 cells,,,
TEAD4,GAL3ST1,cns,TEAD4 IP - SK-N-SH cells,,,
FOSL1,GAL3ST1,colon,FOSL1 IP - HCT116 cells,,,
JUND,GAL3ST1,liver,"JUND IP - HepG2 cells, JUND IP - HepG2 cells",,,
PBX3,GAL3ST1,leukocytes,PBX3 IP - GM12878 cells,,,
FOXA1,GAL3ST1,mammarygland,"FOXA1 IP - T47D cells, DHT | FOXA1 ChIP-Seq",,,
TP73,GAL3ST1,bone,"TP73 IP - beta isoform, Rep 1",,,
CTCF,GAL3ST1,liver,"CTCF IP - HepG2 cells, Rep 1 , CTCF IP - HepG2 cells, Rep 2 , CTCF IP, CTCF IP - SK-N-SH cells, CTCF IP - HepG2 cells ",,,
MAX,GAL3ST1,uterus,"MAX IP - HeLa cells, Rep 2, MAX IP - ECC1 cells",,,
ZNF83,GAL3ST1,colon,ZNF83 IP ,,,
CTCF,GAL3ST1,bone,CTCF IP - Osteoblasts ,,,
CREB1,GAL3ST1,liver,"CREB1 IP - HepG2 cells, CREB1 IP",,,
MYC,GAL3ST1,mammarygland,MYC IP - MCF-10A cells,,,
BACH1,GAL3ST1,stemcells,BACH1 IP - H1 cells,,,
JUND,GAL3ST1,mammarygland,JUND IP - MCF7 cells,,,
TAL1,GAL3ST1,colon,TAL1 IP ,,,
FOXA1,GAL3ST1,liver,"FOXA1 IP - HepG2 cells, Rep 2, FOXA1 IP - HepG2 cells, Rep 1",,,
E2F3,GAL3ST1,colon,E2F3 IP ,,,
MAZ,GAL3ST1,leukocytes,MAZ IP - K562 cells,,,
CTCF,GAL3ST1,megakaryocytelineage,"CTCF IP - MEG-01 cells, Rep 2 , CTCF IP - MEG-01 cells, Rep 10 , CTCF IP - MEG-01 cells, Rep 8 , CTCF IP - MEG-01 cells, Rep 6 , CTCF IP - MEG-01 cells, Rep 4 ",,,
SIX2,GAL3ST1,kidney,"SIX2 IP - 17 weeks, Rep 2, SIX2 IP -  16 weeks, SIX2 IP - 17 weeks, Rep 1",,,
CTCF,GAL3ST1,heart,"CTCF IP - myocytes cells, Rep 1 , CTCF IP - myocytes cells, Rep 2 , CTCF IP - HCF cells ",,,
CEBPB,GAL3ST1,stemcells,"CEBPB IP, CEBPB IP, CEBPB IP - H1 cells, CEBPB IP",,,
KLF5,GAL3ST1,stomach,KLF5 IP - KATOIII,,,
SRF,GAL3ST1,stemcells,SRF IP - Rep 7 ,,,
ELF1,GAL3ST1,cns,ELF1 IP - SK-N-SH cells,,,
JUND,GAL3ST1,cns,"JUND IP - SK-N-SH cells , JUND IP - SK-N-SH cells",,,
SP1,GAL3ST1,stemcells,SP1 IP - H1 cells,,,
BCL3,GAL3ST1,leukocytes,BCL3 IP - GM12878 cells,,,
HIF1A,GAL3ST1,kidney,EPAS1 IP | HIF1A OE,,,
FOSL2,GAL3ST1,cns,FOSL2 IP - SK-N-SH cells,,,
HNF1B,GAL3ST1,pancreas,HNF1B IP,,,
CTCF,GAL3ST1,vasculature,"CTCF IP - HUVEC cells, Rep 1 , CTCF IP - HBMEC cells, Rep 1 , CTCF IP - HPAF cells, Rep 1 ",,,
FOXA2,GAL3ST1,liver,FOXA2 IP - HepG2 cells,,,
YY1,GAL3ST1,cns,"YY1 IP - SK-N-SH cells, YY1 IP | ATRA - SK-N-SH cells",,,
GABPA,GAL3ST1,stemcells,GABPA IP - H1 cells,,,
TCF12,GAL3ST1,lung,TCF12 IP - A549 cells,,,
ATF3,GAL3ST1,colon,"ATF3 IP | CAMPTO, ATF3 IP",,,
TEAD4,GAL3ST1,colon,TEAD4 IP - HCT116 cells,,,
JUND,GAL3ST1,leukocytes,JUND IP - K562 cells,,,
USF1,GAL3ST1,liver,USF1 IP - HepG2 cells,,,
FOXM1,GAL3ST1,cns,FOXM1 IP - SK-N-SH cells,,,
CEBPB,GAL3ST1,colon,CEBPB IP - HCT116 cells,,,
CTCF,GAL3ST1,stemcells,"CTCF IP - H1 cells, CTCF IP - H1 cells , CTCF IP - Rep 6 , CTCF IP - Rep 5 ",,,
GATA2,GAL3ST1,prostate,GATA2 KD  | FOXA1 ChIP-Seq,,,
MAX,GAL3ST1,colon,MAX IP - HCT116 cells,,,
SP1,GAL3ST1,colon,SP1 IP - HCT116 cells,,,
HOXA4,GAL3ST1,colon,HOXA4 IP ,,,
TP53,GAL3ST1,bone,TP53 IP | TP53EE/RR OE,,,
ZNF143,GAL3ST1,leukocytes,ZNF143 IP - K562 cells,,,
NFYB,GAL3ST1,leukocytes,NFYB IP - K562 cells,,,
HEY1,GAL3ST1,liver,HEY1 IP - HepG2 cells,,,
JUND,GAL3ST1,uterus,JUND IP - HeLa cells,,,
IRF1,GAL3ST1,colon,IRF1 IP ,,,
GLI2,GAL3ST1,colon,GLI2 IP ,,,
ARNT,GAL3ST1,kidney,"ARNT IP, ARNT IP | EPAS1 OE",,,
CTCF,GAL3ST1,esophagus,"CTCF IP - HEEpiC cells, Rep 1 ",,,
SP1,GAL3ST1,lung,SP1 IP - A549 cells,,,
MAX,GAL3ST1,leukocytes,MAX IP - K562 cells,,,
CTCF,GAL3ST1,pancreas,CTCF IP,,,
PBX3,GAL3ST1,cns,PBX3 IP - SK-N-SH cells,,,
TCF12,GAL3ST1,cns,TCF12 IP - SK-N-SH cells,,,
SPI1,GAL3ST1,leukocytes,SPI1 IP,,,
CTCF,GAL3ST1,uterus,CTCF IP - HeLa cells ,,,
EBF1,GAL3ST1,adiposetissue,EBF1 IP,,,
JUND,GAL3ST1,lung,JUND IP - A549 cells,,,
SMAD1,GAL3ST1,hspcs,SMAD1 IP - Rep 3,,,
BANF1,GAL3ST1,skin,TP63 IP | BANF1 KD,,,
GATA3,GAL3ST1,mammarygland,"GATA3 IP - T47D cells, GATA3 IP - MCF7 cells",,,
MYBL2,GAL3ST1,liver,MYBL2 IP - HepG2 cells,,,
FOXA2,GAL3ST1,embryonictissue,FOXA2 IP - Rep 2,,,
FOXP1,GAL3ST1,prostate,FOXP1 ChIP-Seq,,,
JUND,GAL3ST1,vasculature,JUND IP,,,
CTCF,GAL3ST1,skeletalmuscle,"CTCF IP - HSMM cells, Rep 2 , CTCF IP - HSMM cells, Rep 1 ",,,
MAX,GAL3ST1,lung,MAX IP - A549 cells,,,
GATA2,GAL3ST1,cns,GATA2 ChIP-Seq SH-SY5Y,,,
DHT,GAL3ST1,mammarygland,DHT | FOXA1 ChIP-Seq,,,
JUND,GAL3ST1,colon,JUND IP - HCT116 cells,,,
ATRA,GAL3ST1,cns,YY1 IP | ATRA - SK-N-SH cells,,,
CEBPB,GAL3ST1,leukocytes,CEBPB ChIP-Seq - K562,,,
GATA3,GAL3ST1,cns,GATA3 IP - SK-N-SH cells,,,
CEBPB,GAL3ST1,uterus,CEBPB ChIP-Seq - HeLaS3,,,
MXI1,GAL3ST1,liver,MXI1 IP - HepG2 cells,,,
ZNF263,GAL3ST1,kidney,ZNF263 IP - HEK293 cells,,,
FOSL2,GAL3ST1,lung,FOSL2 IP - A549 cells,,,
FOSL2,GAL3ST1,liver,FOSL2 IP - HepG2 cells,,,
HNF1A,GAL3ST1,colon,HNF1A IP,,,
PAX5,ST3GAL2,leukocytes,"PAX5 IP - GM12892 cells, PAX5 IP - GM12878 cells, Rep 1, PAX5 IP - GM12878 cells, Rep 2, PAX5 IP - GM12891 cells",,,
MYC,ST3GAL2,mammarygland,"MYC IP - MCF-10A cells, MYC IP, DHT | MYC ChIP-Seq",,,
FOSL2,ST3GAL2,cns,FOSL2 IP - SK-N-SH cells,,,
E2F1,ST3GAL2,prostate,"BICALU | E2F1 ChIP-Seq - Rep 1, HES6 OE | E2F1 ChIP-Seq - Rep 3, E2F1 ChIP-Seq - Rep 3, HES6 OE + BICALU | E2F1 ChIP-Seq - Rep 1, HES6 OE | E2F1 ChIP-Seq - Rep 1, E2F1 ChIP-Seq - Rep 1, HES6 OE + BICALU | E2F1 ChIP-Seq - Rep 3",,,
BICALU,ST3GAL2,prostate,"BICALU | E2F1 ChIP-Seq - Rep 1, HES6 OE + BICALU | E2F1 ChIP-Seq - Rep 1, HES6 OE + BICALU | E2F1 ChIP-Seq - Rep 3",,,
TCF3,ST3GAL2,leukocytes,TCF3 IP - GM12878 cells,,,
BARX1,ST3GAL2,colon,BARX1 IP - Rep 1 ,,,
RBPJ,ST3GAL2,leukocytes,"RBPJ IP | COMPE - wash, RBPJ IP | COMPE",,,
COMPE,ST3GAL2,leukocytes,"RBPJ IP | COMPE - wash, RBPJ IP | COMPE",,,
YY1,ST3GAL2,leukocytes,"YY1 IP - GM12892 cells, Rep 1, YY1 IP - GM12878 cells, YY1 IP - K562 cells, Rep 2, YY1 IP - GM12878 cells, YY1 IP - K562 cells, Rep 1, YY1 IP - GM12891 cells",,,
FOXM1,ST3GAL2,mammarygland,FOXM1 IP | THSP - DS018,,,
TBP,ST3GAL2,stemcells,TBP IP - H1 cells,,,
HEY1,ST3GAL2,leukocytes,HEY1 IP - K562 cells,,,
IRF1,ST3GAL2,leukocytes,"IRF1 IP | IFNG - K562 cells, 6 h, IRF1 IP | IFNA1-13 - K562 cells, 6 h, IRF1 IP - Rep 4, IRF1 IP - Rep 1, IRF1 IP - Rep 2",,,
IFNG,ST3GAL2,leukocytes,"IRF1 IP | IFNG - K562 cells, 6 h, STAT1 IP - Rep 5, STAT1 IP - Rep 1, STAT1 IP - Rep 4, STAT1 IP - Rep 2, STAT1 IP - Rep 6, STAT1 IP - Rep 3, MYC IP | IFNG - K562 cells, 6 h, JUN IP | IFNG - K562 cells, 30 min, MYC IP | IFNG - K562 cells, 30 min, IRF1 IP - Rep 4, IRF1 IP - Rep 1, IRF1 IP - Rep 2",,,
SRF,ST3GAL2,mammarygland,SRF IP - MCF7 cells,,,
SPI1,ST3GAL2,leukocytes,"SPI1 IP - HL cells, SPI1 IP, SPI1 IP - HL-60 cells, Rep 1 , ROSI | SPI1 ChIP-Seq, SPI1 IP - U-937 cells, Rep 1 , SPI1 IP, SPI1 IP - GM12878 cells, Rep 5 , SPI1 IP, SPI1 IP - GM12878 cells, Rep 2 , SPI1 IP - K562 cells, SPI1 IP, SPI1 IP - U-937 cells, Rep 5 , SPI1 IP, SPI1 IP | RUNX1 KD, SPI1 IP, SPI1 IP, SPI1 IP, SPI1 IP - U-937 cells, Rep 6 , SPI1 IP - U-937 cells, Rep 2 , SPI1 IP - GM12891 cells, SPI1 IP - GM12878 cells, Rep 3 , SPI1 IP, SPI1 IP - GM12878 cells, Rep 1 , SPI1 IP - GM12878 cells, SPI1 IP - GM12878 cells, Rep 4 , SPI1 IP - U-937 cells, Rep 4 , SPI1 IP, SPI1 IP, SPI1 IP - U-937 cells, Rep 3 ",,,
MYBL2,ST3GAL2,liver,MYBL2 IP - HepG2 cells,,,
ZNF76,ST3GAL2,kidney,ZNF76 IP | ZNF76 OE,,,
STAT1,ST3GAL2,leukocytes,"STAT1 IP - Rep 5, STAT1 IP - Rep 1, STAT1 IP - Rep 4, STAT1 IP - Rep 2, STAT1 IP - Rep 6, STAT1 IP - Rep 3",,,
MYC,ST3GAL2,uterus,MYC IP - HeLa cells,,,
RELA,ST3GAL2,mammarygland,"RELA ChIP-Seq - Rep 1, RELA ChIP-Seq - Rep 2, 17BE2 + TNF | RELA ChIP-Seq - Rep 1, 17BE2 + TNF | RELA Chip-Seq - Rep 2, TNF | RELA ChIP-Seq - Rep 1, TNF | RELA ChIP-Seq - Rep 2, 17BE2 | RELA ChIP-Seq - Rep 2, 17BE2 | RELA ChIP-Seq - Rep 1",,,
TCF7L2,ST3GAL2,mammarygland,TCF7L2 ChIP-Seq,,,
SP1,ST3GAL2,stemcells,SP1 IP - H1 cells,,,
MAZ,ST3GAL2,leukocytes,"MAZ IP - K562 cells, MAZ IP - GM12878 cells",,,
YY1,ST3GAL2,cns,"YY1 IP | ATRA - SK-N-SH cells, YY1 IP - SK-N-SH cells",,,
ATRA,ST3GAL2,cns,"YY1 IP | ATRA - SK-N-SH cells, USF1 IP | ATRA - SK-N-SH cells",,,
NFATC1,ST3GAL2,leukocytes,NFATC1 IP - GM12878 cells,,,
ETS1,ST3GAL2,lung,ETS1 IP - A549 cells,,,
RELA,ST3GAL2,leukocytes,"RELA IP | TNF - GM12892 cells, RELA IP | BAY082  - IVD Th1 cells, PIA, RELA IP | TNF - GM15510 cells, RELA IP | TNF - GM19099 cells, RELA IP | TNF - GM19193 cells, RELA IP | TNF - GM12878 cells, RELA IP | TNF - GM18951 cells, RELA IP | TNF - GM10847 cells, RELA IP | TNF - GM18505 cells, RELA IP | TNF - GM12891 cells, RELA IP | TNF - GM18526 cells",,,
TNF,ST3GAL2,leukocytes,"RELA IP | TNF - GM12892 cells, RELA IP | TNF - GM15510 cells, RELA IP | TNF - GM19193 cells, RELA IP | TNF - GM12878 cells, RELA IP | TNF - GM18951 cells, RELA IP | TNF - GM10847 cells, RELA IP | TNF - GM18505 cells, RELA IP | TNF - GM12891 cells, RELA IP | TNF - GM18526 cells",,,
GATA4,ST3GAL2,stomach,"GATA4 IP - YCC3, GATA4 IP - AGS",,,
NANOG,ST3GAL2,stemcells,"NANOG IP - Rep 9 , NANOG IP - Rep 8 ",,,
REST,ST3GAL2,liver,"REST IP - HepG2 cells, Rep 1, REST IP - HepG2 cells, Rep 2",,,
STAT3,ST3GAL2,leukocytes,"STAT3 IP - U-2932, STAT3 IP - SU-DHL-4, STAT3 IP - SU-DHL-6, STAT3 IP - OCI-LY10, STAT3 IP - SU-DHL-2, STAT3 IP - OCI-LY7",,,
YY1,ST3GAL2,liver,YY1 IP - HepG2 cells,,,
CTCF,ST3GAL2,leukocytes,"CTCF IP - GM12890 cells, Rep 3 , CTCF IP - GM19240 cells, Rep 1 , CTCF IP - MS1 cells, Rep 2 , CTCF IP - GM12891 cells, Rep 2 , CTCF IP - GM2255 cells, Rep 2 , CTCF IP - MS1 cells, Rep 3 , CTCF IP - MS1 cells, Rep 4 , CTCF IP, CTCF IP - GM2255 cells, Rep 3 , CTCF IP - GM10847 cells, Rep 1 , CTCF ChIP-Seq - GM12878, CTCF IP - K562 cells, CTCF IP - GM19239 cells, Rep 1 , CTCF IP - GM19099 cells, Rep 2 , CTCF IP - K562 cells, Rep 1 , CTCF IP - GM19240 cells, Rep 2 , CTCF IP - GM19238 cells, Rep 1 ",,,
RELA,ST3GAL2,adiposetissue,RELA IP,,,
MYB,ST3GAL2,leukocytes,"MYB IP - Jurkat, Rep 3, MYB IP - MOLT3, MYB IP - Jurkat, Rep 5, MYB IP - Jurkat, Rep 4, MYB IP - Jurkat, Rep 1, MYB IP - Jurkat, Rep 2",,,
CEBPB,ST3GAL2,colon,"CEBPB IP | 125DVD3, CEBPB IP, CEBPB IP - HCT116 cells",,,
125DVD3,ST3GAL2,colon,"CEBPB IP | 125DVD3, CDX2 IP | 125DVD3",,,
GABPA,ST3GAL2,liver,"GABPA IP - MCF7 cells, GABPA IP - HepG2 cells, GABPA IP, GABPA IP, GABPA IP",,,
ZBTB7A,ST3GAL2,uterus,ZBTB7A IP - ECC1 cells,,,
MXI1,ST3GAL2,liver,MXI1 IP - HepG2 cells,,,
SRF,ST3GAL2,liver,SRF IP - HepG2 cells,,,
BCL3,ST3GAL2,leukocytes,BCL3 IP - GM12878 cells,,,
ZFP42,ST3GAL2,stemcells,ZFP42 IP - Rep 2 ,,,
ROSI,ST3GAL2,leukocytes,ROSI | SPI1 ChIP-Seq,,,
CTCF,ST3GAL2,mammarygland,"CTCF IP - HMEC cells, Rep 1 ",,,
MTA3,ST3GAL2,leukocytes,MTA3 IP - GM12878 cells,,,
JUN,ST3GAL2,mammarygland,"JUN IP - Rep 1, JUN IP - Rep 2, JUN IP | CPDA",,,
FOXP1,ST3GAL2,colon,FOXP1 IP ,,,
MXI1,ST3GAL2,lung,MXI1 IP - IMR cells,,,
STAT5A,ST3GAL2,leukocytes,"STAT5A IP - GM12878 cells, STAT5A IP - K562 cells",,,
SP1,ST3GAL2,lung,SP1 IP - A549 cells,,,
REST,ST3GAL2,leukocytes,REST IP - K562 cells,,,
CTCF,ST3GAL2,vasculature,"CTCF IP - HBMEC cells, Rep 1 ",,,
BAY082,ST3GAL2,leukocytes,"RELA IP | BAY082  - IVD Th1 cells, PIA",,,
HIF1A,ST3GAL2,bone,HIF1A IP,,,
ETS1,ST3GAL2,leukocytes,"ETS1 IP - K562 cells, ETS1 IP - GM12878 cells, ETS1 IP",20019798,,
CEBPB,ST3GAL2,stemcells,"CEBPB IP, CEBPB IP",,,
CREB1,ST3GAL2,leukocytes,"CREB1 IP - GM12878 cells, CREB1 IP - K562 cells",,,
GATA3,ST3GAL2,mammarygland,"GATA3 IP - MCF-7 cells, GATA3 IP - T47D cells, GATA3 IP - MCF7 cells",24758297,,
SP1,ST3GAL2,leukocytes,"SP1 IP - K562 cells, SP1 IP - GM12878 cells",,,
THAP11,ST3GAL2,stemcells,"THAP11 IP - Rep 4 , THAP11 IP - Rep 2 , THAP11 IP - Rep 5 , THAP11 IP - Rep 1 , THAP11 IP - Rep 3 ",,,
17BE2; TNF,ST3GAL2,mammarygland,"17BE2 + TNF | RELA ChIP-Seq - Rep 1, 17BE2 + TNF | RELA Chip-Seq - Rep 2",,,
ELK1,ST3GAL2,uterus,ELK1 IP - HeLa cells,,,
CEBPB,ST3GAL2,lung,CEBPB ChIP-Seq - IMR90,,,
EGR1,ST3GAL2,colon,EGR1 IP - HCT116 cells,,,
SP1,ST3GAL2,liver,SP1 IP - HepG2 cells,,,
GABPA,ST3GAL2,cns,GABPA IP - SK-N-SH cells,,,
MYC,ST3GAL2,leukocytes,"MYC IP - NB4 cells, MYC IP | IFNG - K562 cells, 6 h, MYC IP | IFNG - K562 cells, 30 min, MYC IP - K562 cells, Rep 1",,,
TCF12,ST3GAL2,leukocytes,TCF12 IP - GM12878 cells,,,
GABPA,ST3GAL2,leukocytes,"GABPA IP - GM12878 cells, Rep 1 , GABPA IP - K562 cells, GABPA IP - HL cells, GABPA IP - GM12878 cells, Rep 2 , GABPA IP - Jurkat, Rep 1, GABPA IP - GM12878 cells, Rep 4 , GABPA IP - Jurkat, Rep 2, GABPA IP - GM12878 cells, Rep 5 ",,,
JUND,ST3GAL2,cns,"JUND IP - SK-N-SH cells, JUND IP - SK-N-SH cells ",,,
REST,ST3GAL2,cns,"REST IP - SK-N-SH cells, REST IP - SK cells, REST IP - U87 cells",,,
ZNF143,ST3GAL2,leukocytes,"ZNF143 IP - K562, ZNF143 IP - GM12878 cells, ZNF143 IP - K562 cells, ZNF143 IP - HPB-ALL",,,
E2F3,ST3GAL2,colon,E2F3 IP ,,,
DHT,ST3GAL2,mammarygland,"DHT | MYC ChIP-Seq, DHT | FOXA1 ChIP-Seq",,,
RUNX1,ST3GAL2,leukocytes,"RUNX1 IP - N terminus 1, RUNX1 IP - N terminus 2, SPI1 IP | RUNX1 KD",,,
SIX2,ST3GAL2,kidney,"SIX2 IP - 17 weeks, Rep 1, SIX2 IP - 17 weeks, Rep 3, SIX2 IP -  16 weeks, SIX2 IP - 17 weeks, Rep 2",,,
BHLHE40,ST3GAL2,leukocytes,"BHLHE40 IP - K562 cells, BHLHE40 IP - GM12878 cells",,,
TNF,ST3GAL2,mammarygland,"TNF | RELA ChIP-Seq - Rep 1, TNF | RELA ChIP-Seq - Rep 2",,,
TAL1,ST3GAL2,colon,TAL1 IP ,,,
USF1,ST3GAL2,cns,"USF1 IP | ATRA - SK-N-SH cells, USF1 IP - SK-N-SH cells",,,
KLF11,ST3GAL2,adiposetissue,"KLF11 ChIP-Seq, Rep 1, ROSI (BrAT) | KLF11 ChIP-Seq, Rep 1, ROSI (BrAT) | KLF11 ChIP-Seq, Rep 2, KLF11 ChIP-Seq, Rep 2",,,
ATF3,ST3GAL2,leukocytes,"ATF3 IP - GM12878 cells, ATF3 IP - K562 cells",,,
E2F1,ST3GAL2,uterus,"E2F1 IP - HeLa cells, Rep 2",,,
ELF1,ST3GAL2,colon,ELF1 IP - HCT116 cells,,,
RUNX1T1,ST3GAL2,leukocytes,RUNX1T1 IP,,,
JUNB,ST3GAL2,colon,JUNB IP ,,,
E2F6,ST3GAL2,leukocytes,E2F6 IP - K562 cells,,,
CTCF,ST3GAL2,pancreas,CTCF IP,,,
LYL1,ST3GAL2,leukocytes,LYL1 IP - Kasumi-1,,,
EBF1,ST3GAL2,leukocytes,"EBF1 IP - GM12878 cells, EBF1 IP - GM12878 cells",,,
JUN,ST3GAL2,leukocytes,"JUN IP | IFNA1-13 - 30 min , JUN IP | IFNG - K562 cells, 30 min, JUN IP - K562 cells, Rep 1, JUN IP - K562 cells, Rep 2",,,
IFNA1,ST3GAL2,leukocytes,"JUN IP | IFNA1-13 - 30 min , IRF1 IP | IFNA1-13 - K562 cells, 6 h",,,
CTCF,ST3GAL2,liver,"CTCF IP - HepG2 cells , CTCF IP - HepG2 cells, Rep 1 , CTCF IP, CTCF IP - SK-N-SH cells",,,
ZNF143,ST3GAL2,stemcells,ZNF143 IP - H1 cells,,,
FOSL2,ST3GAL2,liver,FOSL2 IP - HepG2 cells,,,
FOXA1,ST3GAL2,stemcells,"FOXA1 IP - ES D10, FOXA1 IP - ES D5",,,
TP53,ST3GAL2,mammarygland,TP53 IP,,,
JUN,ST3GAL2,vasculature,"JUN IP, JUN IP - HUVEC cells",,,
CREB1,ST3GAL2,lung,"CREB1 IP - A549 cells, Rep 2, CREB1 IP | DEX - A549 cells",,,
YY1,ST3GAL2,lung,YY1 IP - A549 cells,,,
FOXA1,ST3GAL2,prostate,"EtOH | FOXA1 ChIP-Seq - Rep 2, FOXA1 siRNA | CREB1 ChIP-Seq - Rep 1, FOXA1 KD | GATA2 ChIP-Seq, FOXA1 siRNA | CREB1 ChIP-Seq - Rep 2",,,
TCF21,ST3GAL2,vasculature,"TCF21 IP, TCF21 IP, TCF21 IP, TCF21 IP",,,
HOXA6,ST3GAL2,colon,HOXA6 IP ,,,
ZNF143,ST3GAL2,uterus,"ZNF143 IP - HeLa cells, ZNF143 IP - HeLa, Rep 1, ZNF143 Ip - HeLa, Rep 2",,,
EGR1,ST3GAL2,stemcells,EGR1 IP - H1 cells,,,
CREB1,ST3GAL2,prostate,"CREB1 ChIP-Seq - Rep 1, CREB1 ChIP-Seq - LNCaP, FOXA1 siRNA | CREB1 ChIP-Seq - Rep 1, CREB1 ChIP-Seq - Rep 2, CREB1 ChIP-Seq - LNCaP-abl, FOXA1 siRNA | CREB1 ChIP-Seq - Rep 2",,,
NFKB2,ST3GAL2,leukocytes,"NFKB2 IP - Rep 2, NFKB2 IP - Rep 1",,,
CTCF,ST3GAL2,lung,"CTCF IP - IMR cells, CTCF IP - AG04450 cells, Rep 1 ",,,
ZNF263,ST3GAL2,kidney,ZNF263 IP - HEK293 cells,,,
SIX1,ST3GAL2,kidney,"SIX1 IP - 17 weeks, Rep 1",,,
CTCF,ST3GAL2,kidney,"CTCF IP - HEK293 cells, Rep 1 ",,,
CEBPB,ST3GAL2,uterus,CEBPB ChIP-Seq - HeLaS3,,,
TP73,ST3GAL2,bone,"TP73 IP - alpha isoform, Rep 1",,,
ELF1,ST3GAL2,lung,ELF1 IP - A549 cells,,,
ROSI,ST3GAL2,adiposetissue,"ROSI (BrAT) | KLF11 ChIP-Seq, Rep 1, ROSI (BrAT) | KLF11 ChIP-Seq, Rep 2",,,
TFAP4,ST3GAL2,leukocytes,"TFAP4 IP - Rep 2, TFAP4 IP - Rep 1",,,
GATA6,ST3GAL2,stomach,"GATA6 IP - AGS, GATA6 IP - YCC3, GATA6 IP - KATOIII",,,
ETV5,ST3GAL2,colon,ETV5 IP ,,,
CTCF,ST3GAL2,skin,"CTCF IP - AG04449 cells, Rep 1 , CTCF IP - BJ cells, Rep 1 , CTCF IP - BJ cells, Rep 2 ",,,
ETS1,ST3GAL2,prostate,ETS1 IP,,,
GATA2,ST3GAL2,vasculature,GATA2 IP - HUVEC cells,,,
GATA2,ST3GAL2,leukocytes,GATA2 IP - K562 cells,,,
HES6,ST3GAL2,prostate,"HES6 OE | E2F1 ChIP-Seq - Rep 3, HES6 OE + BICALU | E2F1 ChIP-Seq - Rep 1, HES6 OE | E2F1 ChIP-Seq - Rep 1, HES6 OE + BICALU | E2F1 ChIP-Seq - Rep 3",,,
CEBPB,ST3GAL2,liver,CEBPB ChIP-Seq - HepG2,,,
TP53,ST3GAL2,bone,TP53 IP | TP53 OE,,,
SMAD4,ST3GAL2,stemcells,SMAD4 IP - Rep 4 ,21741376,,
ZNF280D,ST3GAL2,colon,ZNF280D IP ,,,
TAL1,ST3GAL2,leukocytes,"TAL1 IP - MOLT3, TAL1 IP - K562 cells",,,
SMARCC2,ST3GAL2,uterus,SMARCC2 IP - HeLa cells,,,
MAFK,ST3GAL2,lung,MAFK IP - IMR cells,,,
EGR1,ST3GAL2,leukocytes,EGR1 IP - K562 cells,,,
MAX,ST3GAL2,cns,MAX IP - SK-N-SH cells,,,
CDX2,ST3GAL2,colon,"CDX2 IP, CDX2 IP | 125DVD3",,,
ZNF143,ST3GAL2,colon,ZNF143 IP ,,,
CREB1,ST3GAL2,liver,"CREB1 IP, CREB1 IP, CREB1 IP - HepG2 cells, CREB1 IP",,,
MAX,ST3GAL2,leukocytes,"MAX IP - K562 cells, MAX IP - K562 cells, Rep 2, MAX IP - GM12878 cells, MAX IP - NB4 cells",,,
MAX,ST3GAL2,colon,MAX IP - HCT116 cells,,,
RUNX1,ST3GAL2,hspcs,"RUNX1 IP, RUNX1",,,
USF1,ST3GAL2,liver,USF1 IP - HepG2 cells,,,
17BE2,ST3GAL2,mammarygland,"17BE2 | RELA ChIP-Seq - Rep 2, 17BE2 | RELA ChIP-Seq - Rep 1",,,
FOSL1,ST3GAL2,leukocytes,FOSL1 IP - K562 cells,,,
TEAD4,ST3GAL2,uterus,TEAD4 IP - ECC1 cells,,,
MAZ,ST3GAL2,lung,MAZ IP - IMR cells,,,
ATF2,ST3GAL2,leukocytes,ATF2 IP - GM12878 cells,,,
DEX,ST3GAL2,lung,CREB1 IP | DEX - A549 cells,,,
ATF3,ST3GAL2,stemcells,ATF3 IP - H1 cells,,,
PBX3,ST3GAL2,cns,PBX3 IP - SK-N-SH cells,,,
ZNF143,ST3GAL2,kidney,ZNF143 IP - HEK293-T-rex,,,
JUND,ST3GAL2,stemcells,JUND IP - H1 cells,,,
MYC,ST3GAL2,lung,MYC IP - A549 cells,,,
TP53,ST3GAL2,lung,"TP53 IP - propapoptic, Rep 1",,,
JUND,ST3GAL2,leukocytes,JUND IP - K562 cells,,,
JUND,ST3GAL2,lung,JUND IP - A549 cells,,,
CEBPB,ST3GAL2,leukocytes,"CEBPB IP - GM12878 cells, CEBPB ChIP-Seq - K562",,,
MAX,ST3GAL2,uterus,"MAX IP - HeLa cells, Rep 1, MAX IP - ECC1 cells",,,
IRF4,ST3GAL2,leukocytes,"IRF4 IP, IRF4 IP - GM12878 cells",,,
GATA2,ST3GAL2,prostate,FOXA1 KD | GATA2 ChIP-Seq,,,
GATA3,ST3GAL2,cns,GATA3 IP - SK-N-SH cells,,,
JUN,ST3GAL2,colon,JUN IP ,,,
ZNF83,ST3GAL2,colon,ZNF83 IP ,,,
TBP,ST3GAL2,leukocytes,TBP IP - GM12878 cells,,,
MXI1,ST3GAL2,cns,MXI1 IP - SK-N-SH cells ,,,
USF1,ST3GAL2,uterus,USF1 IP - ECC1 cells,,,
GLI2,ST3GAL2,colon,GLI2 IP ,,,
GABPA,ST3GAL2,lung,GABPA IP - A549 cells,,,
RELA,ST3GAL2,colon,RELA IP ,,,
MEF2A,ST3GAL2,leukocytes,MEF2A IP - GM12878 cells,,,
MAX,ST3GAL2,lung,MAX IP - A549 cells,,,
GABPA,ST3GAL2,prostate,"GABPA IP - Rep 1, GABPA IP | R1881",,,
USF1,ST3GAL2,colon,USF1 IP - HCT116 cells,,,
HEY1,ST3GAL2,liver,HEY1 IP - HepG2 cells,,,
SP1,ST3GAL2,colon,SP1 IP - HCT116 cells,,,
REST,ST3GAL2,uterus,REST IP - SK-N-SH cells,,,
FOXA1,ST3GAL2,mammarygland,DHT | FOXA1 ChIP-Seq,,,
SRF,ST3GAL2,leukocytes,SRF IP - SK-N-SH cells,,,
JUND,ST3GAL2,vasculature,JUND IP,,,
ZBTB7A,ST3GAL2,liver,ZBTB7A IP - HepG2 cells,,,
JUND,ST3GAL2,liver,"JUND IP - HepG2 cells, JUND IP - HepG2 cells",,,
EGR1,ST3GAL2,uterus,EGR1 IP - ECC1 cells,,,
BCL11A,ST3GAL2,leukocytes,BCL11A IP - GM12878 cells,,,
YY1,ST3GAL2,stemcells,YY1 IP - H1 cells,,,
FOXM1,ST3GAL2,leukocytes,FOXM1 IP - GM12878 cells,,,
TCF12,ST3GAL2,liver,"TCF12 IP - HepG2 cells, TCF12 IP - MCF7 cells",,,
IRF1,ST3GAL2,colon,IRF1 IP ,,,
ELF1,ST3GAL2,cns,ELF1 IP - SK-N-SH cells,,,
JUND,ST3GAL2,colon,JUND IP - HCT116 cells,,,
TCF12,ST3GAL2,lung,TCF12 IP - A549 cells,,,
UBTF,ST3GAL2,leukocytes,UBTF IP - K562 cells,,,
BHLHE40,ST3GAL2,liver,BHLHE40 IP - HepG2 cells,,,
ELF1,ST3GAL2,liver,ELF1 IP - HepG2 cells,,,
REST,ST3GAL2,stemcells,"REST IP - H1 cells, Rep 1",,,
GATA2,ST3GAL2,cns,GATA2 ChIP-Seq SH-SY5Y,,,
TEAD4,ST3GAL2,leukocytes,TEAD4 IP - K562 cells,,,
MAZ,ST3GAL2,uterus,MAZ IP - HeLa cells,,,
FOS,ST3GAL2,vasculature,FOS IP - HUVEC cells,,,
CREB1,ST3GAL2,stemcells,CREB1 IP - H1 cells,,,
SIX5,ST3GAL2,stemcells,SIX5 IP - H1 cells,,,
SIX5,ST3GAL2,lung,SIX5 IP | DEX - A549 cells,,,
CTCF,ST3GAL2,colon,CTCF IP - HCT116 cells,,,
TEAD4,ST3GAL2,colon,TEAD4 IP - HCT116 cells,,,
YY1,ST3GAL2,uterus,YY1 IP - ECC1 cells,,,
REST,ST3GAL2,lung,REST IP - A549 cells,,,
ZBTB7A,ST3GAL2,leukocytes,ZBTB7A IP - SK-N-SH cells,,,
MAX,ST3GAL2,liver,"MAX IP - HepG2 cells, MAX IP - MCF7 cells",,,
ATF3,ST3GAL2,liver,ATF3 IP - HepG2 cells,,,
MXI1,ST3GAL2,leukocytes,MXI1 IP - GM12878 cells,,,
TEAD4,ST3GAL2,cns,TEAD4 IP - SK-N-SH cells,,,
TCF12,ST3GAL2,cns,TCF12 IP - SK-N-SH cells,,,
TCF12,ST3GAL2,uterus,TCF12 IP - ECC1 cells,,,
IKZF1,ST3GAL2,leukocytes,IKZF1 IP - GM12878 cells,,,
E2F1,ST3GAL2,mammarygland,E2F1 IP,,,
ELF1,ST3GAL2,leukocytes,"ELF1 IP - SK-N-SH cells, ELF1 IP - SK-N-SH cells",,,
SRF,ST3GAL2,uterus,SRF IP - ECC1 cells,,,
E2F4,ST3GAL2,mammarygland,E2F4 IP | 4HT - MCF10 cells,,,
4HT,ST3GAL2,mammarygland,E2F4 IP | 4HT - MCF10 cells,,,
CTCF,ST3GAL2,cns,"CTCF IP - HCPEpiC cells, Rep 1 ",,,
HMGN3,ST3GAL2,leukocytes,HMGN3 IP - K562 cells,,,
PBX3,ST3GAL2,leukocytes,PBX3 IP - GM12878 cells,,,
FOXA1,ST3GAL2,liver,"FOXA1 IP - HepG2 cells, Rep 1",,,
SIX5,ST3GAL2,leukocytes,"SIX5 IP - K562 cells, Rep 2, SIX5 IP - K562 cells, Rep 1, SIX5 IP - GM12878 cells",,,
YY1,ST3GAL2,colon,YY1 IP - HCT116 cells,,,
R1881,ST3GAL2,prostate,GABPA IP | R1881,,,
SREBF1,ST3GAL2,leukocytes,SREBF1 IP - GM12878 cells,,,
USF1,ST3GAL2,leukocytes,USF1 IP - K562 cells,,,
CPDA,ST3GAL2,mammarygland,JUN IP | CPDA,,,
OTX2,ST3GAL2,stemcells,OTX2 IP - Rep 10 ,,,
TEAD4,ST3GAL2,stemcells,TEAD4 IP - H1 cells,,,
ETS1,ST3GAL2,pancreas,ETS1 IP,,,
HOXA4,ST3GAL2,colon,HOXA4 IP ,,,
FOXH1,ST3GAL2,stemcells,FOXH1 ChIP-Seq - Escs,,,
ATF1,ST3GAL2,leukocytes,ATF1 IP - K562 cells,,,
SRF,ST3GAL2,colon,SRF IP - HCT116 cells,,,
BATF,ST3GAL2,leukocytes,BATF IP - GM12878 cells,,,
MAZ,ST3GAL2,liver,MAZ IP - HepG2 cells,,,
ZEB1,ST3GAL2,liver,ZEB1 IP - HepG2 cells,,,
POU2F2,ST3GAL2,leukocytes,POU2F2 IP - GM12878 cells,,,
NFKB1,ST3GAL2,leukocytes,"NFKB1 IP - Rep 1, NFKB1 IP - Rep 2",,,
FOXA2,ST3GAL2,liver,FOXA2 IP - HepG2 cells,,,
USF1,ST3GAL2,lung,"USF1 IP - A549 cells, Rep 2",,,
ELF1,ST3GAL2,mammarygland,ELF1 IP - MCF7 cells,,,
FOSL1,ST3GAL2,colon,FOSL1 IP - HCT116 cells,,,
ZNF384,ST3GAL2,leukocytes,ZNF384 IP - K562 cells,,,
MAX,ST3GAL2,stemcells,MAX IP - H1 cells,,,
TCF12,ST3GAL2,stemcells,TCF12 IP - H1 cells,,,
CUX1,ST3GAL2,leukocytes,CUX1 IP - GM12878 cells,,,
FOXA2,ST3GAL2,embryonictissue,FOXA2 IP - Rep 2,,,
KLF5,ST3GAL2,stomach,KLF5 IP - KATOIII,,,
TP63,ST3GAL3,esophagus,TP63 IP - KYSE-70,,,
IRF1,ST3GAL3,leukocytes,"IRF1 IP | IFNG - K562 cells, 30 min, IRF1 IP | IFNG - K562 cells, 6 h, IRF1 IP | IFNA1-13 - K562 cells, 6 h",,,
IFNG,ST3GAL3,leukocytes,"IRF1 IP | IFNG - K562 cells, 30 min, IRF1 IP | IFNG - K562 cells, 6 h, MYC IP | IFNG - K562 cells, 30 min, MYC IP | IFNG - K562 cells, 6 h, STAT1 IP - Rep 5, STAT1 IP - Rep 1, STAT1 IP - Rep 4, STAT1 IP - Rep 2, STAT1 IP - Rep 3",,,
CTCF,ST3GAL3,adiposetissue,"CTCF ChIP-Seq - d 0, CTCF ChIP-Seq - d 3, CTCF ChIP-Seq - d 9",,,
E2F1,ST3GAL3,uterus,"E2F1 IP - HeLa cells, Rep 2, E2F1 IP - HeLa cells, Rep 1",,,
TEAD1,ST3GAL3,cns,"TEAD1 IP - Rep 1, TEAD1 IP - Rep 2",,,
CEBPB,ST3GAL3,stemcells,"CEBPB IP, CEBPB IP, CEBPB IP, CEBPB IP",,,
FOXA1,ST3GAL3,prostate,"FOXA1 ChIP-Seq - Rep 1, FOXA1 ChIP-Seq - LNCaP, GATA2 KD  | FOXA1 ChIP-Seq, FOXA1 siRNA | CREB1 ChIP-Seq - Rep 1, FOXA1 ChIP-Seq, CON KD  | FOXA1 ChIP-Seq, CON KD | FOXA1 ChIP-Seq, DHT | FOXA1 ChIP-Seq, POU2F1 KD + DHT | FOXA1 ChIP-Seq, FOXA1 ChIP-Seq - Rep 2, CON KD + R1881 | FOXA1 ChIP-Seq - Rep 1, EtOH | FOXA1 ChIP-Seq - , GATA2 KD + R1881 | FOXA1 ChIP-Seq, DHT | FOXA1 ChIP-Seq, FOXA1 ChIP-Seq - Rep 2, CREB1 siRNA | FOXA1 ChIP-Seq - Rep 1, FOXA1 siRNA | CREB1 ChIP-Seq - Rep 2, R1881 | FOXA1 ChIP-Seq - Rep 2, FOXA1 KD | FOXA1 ChIP-Seq, CON KD | FOXA1 ChIP-Seq, CON KD + R1881 | FOXA1 ChIP-Seq - Rep 2, FOXA1 KD | FOXA1 ChIP-Seq, FOXA1 ChIP-Seq - LNCaP-abl, FOXA1 ChIP-Seq, PIAS1 + R1881 | FOXA1 ChIP-Seq - Rep 2, PIAS1 + R1881 | FOXA1 ChIP-Seq - Rep 1, CREB1 siRNA | FOXA1 ChIP-Seq - Rep 2, CON KD | FOXA1 ChIP-Seq, FOXA1 ChIP-Seq, EtOH | FOXA1 ChIP-Seq - Rep 2, CON KD + R1881 | FOXA1 ChIP-Seq, FOXA1 ChIP-Seq, R1881 | FOXA1 ChIP-Seq - Rep 1",,,
CTCF,ST3GAL3,leukocytes,"CTCF IP - HeLa cells, Rep 2 , CTCF IP - GM12891 cells, Rep 2 , CTCF IP - GM12873 cells, Rep 1 , CTCF IP - GM12867 cells , CTCF IP - GM12878 cells , CTCF IP - GM12870 cells , CTCF IP - GM12878 cells, Rep 1 , CTCF IP - GM19238 cells, Rep 1 , CTCF IP - GM19239 cells, Rep 1 , CTCF ChIP-Seq - GM12878, CTCF IP - GM06990 cells, Rep 2 , CTCF IP - GM12891 cells, Rep 1 , CTCF IP - GM12871 cells , CTCF IP - GM12878 cells, Rep 2 , CTCF IP - GM12872 cells, Rep 1 , CTCF IP - GM2610 cells, Rep 3 , CTCF IP - GM12872 cells, Rep 3 , CTCF IP - GM12864 cells, Rep 2 , CTCF IP - HL , CTCF IP - MS1 cells, Rep 2 , CTCF IP, CTCF IP -  DND , CTCF IP - GM12873 cells, Rep 3 , CTCF IP - GM2630 cells, Rep 2 , CTCF IP - KU812 cells, Rep 13 , CTCF IP - KU812 cells, Rep 17 , CTCF IP - GM12864 cells, Rep 1 , CTCF IP - KU812 cells, Rep 9 , CTCF IP - GM2610 cells, Rep 2 , CTCF IP - GM12868 cells , CTCF IP - GM12873 cells, Rep 1 , CTCF IP - GM12864 cells, Rep 3 , CTCF IP - GM12865 cells, Rep 2 , CTCF IP - KU812 cells, Rep 1 , CTCF IP - GM12866 cells ",,,
CTCF,ST3GAL3,megakaryocytelineage,"CTCF IP - MEG-01 cells, Rep 2 , CTCF IP - MEG-01 cells, Rep 10 , CTCF IP - MEG-01 cells, Rep 4 , CTCF IP - MEG-01 cells, Rep 8 , CTCF IP - MEG-01 cells, Rep 6 ",,,
MXI1,ST3GAL3,leukocytes,"MXI1 IP - K562 cells, MXI1 IP - GM12878 cells",,,
GATA2,ST3GAL3,prostate,"GATA2 KD  | FOXA1 ChIP-Seq, GATA2 KD + R1881 | FOXA1 ChIP-Seq, GATA2 ChIP-Seq",,,
KLF11,ST3GAL3,adiposetissue,"KLF11 ChIP-Seq, Rep 1, ROSI (BrAT) | KLF11 ChIP-Seq, Rep 1, ROSI (BrAT) | KLF11 ChIP-Seq, Rep 2, KLF11 ChIP-Seq, Rep 2",,,
MYB,ST3GAL3,leukocytes,"MYB IP - Jurkat, Rep 4, MYB IP - Jurkat, Rep 5, MYB IP - Jurkat, Rep 2, MYB IP - Jurkat, Rep 1, MYB IP - Jurkat, Rep 3, MYB IP - MOLT3",,,
BACH1,ST3GAL3,stemcells,BACH1 IP - H1 cells,,,
NFYA,ST3GAL3,colon,NFYA IP ,,,
CEBPB,ST3GAL3,colon,CEBPB IP - HCT116 cells,,,
STAT3,ST3GAL3,leukocytes,"STAT3 IP - SU-DHL-6, STAT3 IP - OCI-LY7",,,
TP63,ST3GAL3,skin,"TP63 IP, TP63 IP, TP63 IP | BANF1 KD, TP63 IP",,,
THAP1,ST3GAL3,leukocytes,THAP1 IP - K562 cells,,,
CTCF,ST3GAL3,mammarygland,"CTCF IP - MCF-7 cells, Rep 1 , CTCF IP - HMF cells, Rep 2 , CTCF IP - HMF cells, Rep 1 , CTCF IP - MCF-7 cells Rep 2 , CTCF IP - HMEC cells , CTCF IP - HMEC cells, Rep 2 , CTCF IP - HMEC cells, Rep 1 ",,,
SPI1,ST3GAL3,leukocytes,"ROSI | SPI1 ChIP-Seq, SPI1 IP, SPI1 IP, SPI1 IP, SPI1 IP",,,
ROSI,ST3GAL3,leukocytes,ROSI | SPI1 ChIP-Seq,,,
CREB1,ST3GAL3,prostate,"FOXA1 siRNA | CREB1 ChIP-Seq - Rep 1, CREB1 ChIP-Seq - LNCaP, CREB1 ChIP-Seq - Rep 2, CREB1 ChIP-Seq - LNCaP-abl, CREB1 siRNA | FOXA1 ChIP-Seq - Rep 1, FOXA1 siRNA | CREB1 ChIP-Seq - Rep 2, CREB1 siRNA | FOXA1 ChIP-Seq - Rep 2, CREB1 ChIP-Seq - Rep 1",,,
GATA2,ST3GAL3,vasculature,GATA2 IP - HUVEC cells,,,
FOXA2,ST3GAL3,stemcells,FOXA2 IP - ES D5,,,
E2F6,ST3GAL3,lung,E2F6 IP - A549 cells,,,
FOSL2,ST3GAL3,cns,FOSL2 IP - SK-N-SH cells,,,
SP1,ST3GAL3,colon,SP1 IP - HCT116 cells,,,
ELF1,ST3GAL3,leukocytes,"ELF1 IP - SK-N-SH cells, ELF1 IP - SK-N-SH cells",,,
NFATC1,ST3GAL3,leukocytes,NFATC1 IP - GM12878 cells,,,
CTCF,ST3GAL3,hspcs,"CTCF IP - HEL 92.1.7 cells, Rep 5 , CTCF IP - HEL 92.1.7 cells, Rep 2 , CTCF IP - Erythroid cells, Rep 1, CTCF IP - HEL 92.1.7 cells, Rep 8 ",,,
MYC,ST3GAL3,leukocytes,"MYC IP | IFNG - K562 cells, 30 min, MYC IP | IFNA1 - K562 cells, 6 h, MYC IP | IFNG - K562 cells, 6 h, MYC IP - K562 cells, Rep 2, MYC IP - K562 cells, Rep 1, MYC IP - NB4 cells",,,
EGR1,ST3GAL3,uterus,EGR1 IP - ECC1 cells,,,
ZBTB7A,ST3GAL3,uterus,ZBTB7A IP - ECC1 cells,,,
ATF2,ST3GAL3,leukocytes,ATF2 IP - GM12878 cells,,,
CTCF,ST3GAL3,miscellaneous,"CTCF IP - AG09319 cells, Rep 1 , CTCF IP - AG09319 cells, Rep 2 ",,,
CREB1,ST3GAL3,stemcells,CREB1 IP - H1 cells,,,
YY1,ST3GAL3,leukocytes,"YY1 IP - GM12892 cells, Rep 1, YY1 IP - K562 cells, YY1 IP - K562 cells, Rep 2, YY1 IP - K562 cells, Rep 1, YY1 IP - GM12878 cells, YY1 IP - GM12891 cells",,,
MAZ,ST3GAL3,uterus,MAZ IP - HeLa cells,,,
CTCF,ST3GAL3,liver,"CTCF IP - HepG2 cells , CTCF IP - HepG2 cells, Rep 1 ",,,
CTCF,ST3GAL3,vasculature,"CTCF IP - HPAF cells, Rep 1 , CTCF IP - HPAF cells, Rep 2 , CTCF IP - AoAFC cells, Rep 1 , CTCF IP - HBMEC cells, Rep 1 , CTCF IP - HUVEC cells ",,,
IFNA1,ST3GAL3,leukocytes,"MYC IP | IFNA1 - K562 cells, 6 h, IRF1 IP | IFNA1-13 - K562 cells, 6 h",,,
MAX,ST3GAL3,leukocytes,"MAX IP - GM12878 cells, MAX IP - NB4 cells, MAX IP - K562 cells, MAX IP - K562 cells, Rep 2, MAX IP - K562 cells, Rep 1",,,
FOS,ST3GAL3,vasculature,FOS IP - HUVEC cells,,,
STAT3,ST3GAL3,mammarygland,"STAT3 IP | 4HT - MCF10 cells, 12 h, STAT3 IP | 4HT - MCF10 cells, 36 h, STAT3 IP - MCF10A cells, Rep 2",,,
4HT,ST3GAL3,mammarygland,"STAT3 IP | 4HT - MCF10 cells, 12 h, E2F4 IP | 4HT - MCF10 cells, FOS IP | 4HT - MCF10A cells, 36 h, STAT3 IP | 4HT - MCF10 cells, 36 h, FOS IP | 4HT - MCF10A cells, 4 h, MYC IP | 4HT - MCF10A cells, FOS IP | 4HT - MCF10A cells, 12 h",,,
ROSI,ST3GAL3,adiposetissue,"ROSI (BrAT) | KLF11 ChIP-Seq, Rep 1, ROSI (BrAT) | KLF11 ChIP-Seq, Rep 2",,,
TBP,ST3GAL3,leukocytes,"TBP IP - GM12878 cells, TBP IP - K562 cells",,,
FOSL1,ST3GAL3,mammarygland,FOSL1 IP,,,
MAX,ST3GAL3,cns,MAX IP - SK-N-SH cells,,,
CTCF,ST3GAL3,skin,"CTCF IP - HFFC cells, Rep 2 , CTCF IP - AG04449 cells, Rep 1 , CTCF IP - AG10803 cells, Rep 2 , CTCF IP - AG04449 cells, Rep 2 , CTCF IP - NHEK cells, Rep 2 , CTCF IP - BJ cells, Rep 2 , CTCF IP - AG09309 cells, Rep 1 , CTCF IP - NHEK cells , CTCF IP - HFFC cells, Rep 1 , CTCF IP - NHDF cells , CTCF IP - HFFC cells, Rep 3 , CTCF IP - NHDF cells, Rep 1 , CTCF IP - GM12878 cells, Rep 2 , CTCF IP - NHDF cells, Rep 2 , CTCF IP - AG10803 cells, Rep 1 ",,,
E2F1,ST3GAL3,mammarygland,"E2F1 IP, E2F1 IP - MCF7 cells",,,
FOXA1,ST3GAL3,mammarygland,DHT | FOXA1 ChIP-Seq,,,
DHT,ST3GAL3,mammarygland,"DHT | FOXA1 ChIP-Seq, DHT | MYC ChIP-Seq",,,
RELA,ST3GAL3,adiposetissue,RELA IP,,,
E2F1,ST3GAL3,prostate,"E2F1 ChIP-Seq - Rep 1, HES6 OE + BICALU | E2F1 ChIP-Seq - Rep 3, HES6 OE | E2F1 ChIP-Seq - Rep 4, BICALU | E2F1 ChIP-Seq - Rep 1, BICALU + HES6OE | E2F1 ChIP-Seq - Rep 4, BICALU | E2F1 ChIP-Seq - Rep 3, HES6 OE | E2F1 ChIP-Seq - Rep 2, HES6 OE | E2F1 ChIP-Seq - Rep 3, E2F1 ChIP-Seq - Rep 2, E2F1 ChIP-Seq - Rep 3, HES6 OE + BICALU | E2F1 ChIP-Seq - Rep 1, HES6 OE | E2F1 ChIP-Seq - Rep 1, E2F1 ChIP-Seq - Rep 4",,,
DHT,ST3GAL3,prostate,"DHT | FOXA1 ChIP-Seq, POU2F1 KD + DHT | FOXA1 ChIP-Seq, DHT | FOXA1 ChIP-Seq",,,
REST,ST3GAL3,leukocytes,"REST IP - K562 cells, REST IP - HL60 cells",,,
CREB1,ST3GAL3,liver,"CREB1 IP, CREB1 IP - HepG2 cells, CREB1 IP",,,
YY1,ST3GAL3,liver,YY1 IP - HepG2 cells,,,
BICALU,ST3GAL3,prostate,"HES6 OE + BICALU | E2F1 ChIP-Seq - Rep 3, BICALU | E2F1 ChIP-Seq - Rep 1, BICALU + HES6OE | E2F1 ChIP-Seq - Rep 4, BICALU | E2F1 ChIP-Seq - Rep 3, HES6 OE + BICALU | E2F1 ChIP-Seq - Rep 1",,,
HES6,ST3GAL3,prostate,"HES6 OE + BICALU | E2F1 ChIP-Seq - Rep 3, HES6 OE | E2F1 ChIP-Seq - Rep 4, BICALU + HES6OE | E2F1 ChIP-Seq - Rep 4, HES6 OE | E2F1 ChIP-Seq - Rep 2, HES6 OE | E2F1 ChIP-Seq - Rep 3, HES6 OE + BICALU | E2F1 ChIP-Seq - Rep 1, HES6 OE | E2F1 ChIP-Seq - Rep 1",,,
FOXA1,ST3GAL3,pancreas,"FOXA1 IP, FOXA1 IP | KLF5 KO, FOXA1 IP",,,
POU2F1,ST3GAL3,prostate,POU2F1 KD + DHT | FOXA1 ChIP-Seq,,,
ELF1,ST3GAL3,colon,ELF1 IP - HCT116 cells,,,
CTCF,ST3GAL3,kidney,"CTCF IP - HEK293 cells, Rep 2 , CTCF IP - RPTEC cells, Rep 1 , CTCF IP - HEK293 cells, Rep 1 , CTCF IP - RPTEC cells, Rep 2 ",,,
GATA1,ST3GAL3,hspcs,"GATA1 IP - Rep 4, GATA1 IP - PBDE cells, Rep 1",,,
CTCF,ST3GAL3,bone,CTCF IP - Osteoblasts ,,,
BCL3,ST3GAL3,lung,BCL3 IP - A549 cells,,,
JUN,ST3GAL3,mammarygland,JUN IP - Rep 1,,,
BHLHE40,ST3GAL3,leukocytes,BHLHE40 IP - K562 cells,,,
RELA,ST3GAL3,leukocytes,"RELA IP | TNF - GM18505 cells, RELA IP | BAY082  - IVD Th1 cells, PIA, RELA IP | TNF - GM12878 cells, RELA IP | TNF - GM12892 cells, RELA IP | TNF - GM19099 cells, RELA IP | TNF - GM15510 cells, RELA IP | TNF - GM12891 cells",,,
TNF,ST3GAL3,leukocytes,"RELA IP | TNF - GM18505 cells, RELA IP | TNF - GM12878 cells, RELA IP | TNF - GM12892 cells, RELA IP | TNF - GM15510 cells, RELA IP | TNF - GM12891 cells",,,
FOXM1,ST3GAL3,leukocytes,FOXM1 IP - GM12878 cells,,,
FOS,ST3GAL3,mammarygland,"FOS IP - MCF10A cells, FOS IP | 4HT - MCF10A cells, 36 h, FOS IP | 4HT - MCF10A cells, 4 h, FOS IP | 4HT - MCF10A cells, 12 h",,,
REST,ST3GAL3,cns,"REST IP - SK-N-SH cells, REST IP - PFSK1 cells, Rep 2, REST IP - SK cells, REST IP - U87 cells",,,
TCF12,ST3GAL3,cns,TCF12 IP - SK-N-SH cells,,,
TCF12,ST3GAL3,uterus,TCF12 IP - ECC1 cells,,,
BAY082,ST3GAL3,leukocytes,"RELA IP | BAY082  - IVD Th1 cells, PIA",,,
TCF12,ST3GAL3,leukocytes,TCF12 IP - GM12878 cells,,,
SIX2,ST3GAL3,kidney,"SIX2 IP - 17 weeks, Rep 2, SIX2 IP - 17 weeks, Rep 1",,,
E2F4,ST3GAL3,mammarygland,E2F4 IP | 4HT - MCF10 cells,,,
R1881,ST3GAL3,prostate,"CON KD + R1881 | FOXA1 ChIP-Seq - Rep 1, GATA2 KD + R1881 | FOXA1 ChIP-Seq, R1881 | FOXA1 ChIP-Seq - Rep 2, CON KD + R1881 | FOXA1 ChIP-Seq - Rep 2, PIAS1 + R1881 | FOXA1 ChIP-Seq - Rep 2, PIAS1 + R1881 | FOXA1 ChIP-Seq - Rep 1, CON KD + R1881 | FOXA1 ChIP-Seq, R1881 | FOXA1 ChIP-Seq - Rep 1",,,
YY1,ST3GAL3,colon,YY1 IP - HCT116 cells,,,
ZEB1,ST3GAL3,liver,ZEB1 IP - HepG2 cells,,,
E2F6,ST3GAL3,uterus,E2F6 IP - HeLa cells,,,
SATB1,ST3GAL3,liver,SATB1 IP,,,
MAX,ST3GAL3,colon,MAX IP - HCT116 cells,,,
HEY1,ST3GAL3,leukocytes,HEY1 IP - K562 cells,,,
ZBTB7A,ST3GAL3,leukocytes,ZBTB7A IP - SK-N-SH cells,,,
REST,ST3GAL3,liver,"REST IP - HepG2 cells, Rep 2",,,
HOXA6,ST3GAL3,colon,HOXA6 IP ,,,
CTCF,ST3GAL3,esophagus,"CTCF IP - HEEpiC cells, Rep 1 , CTCF IP - HEEpiC cells, Rep 2 ",,,
NFYC,ST3GAL3,colon,NFYC IP ,,,
JUND,ST3GAL3,stemcells,JUND IP - H1 cells,,,
EBF1,ST3GAL3,leukocytes,"EBF1 IP - GM12878 cells, EBF1 IP - GM12878 cells",,,
E2F6,ST3GAL3,leukocytes,"E2F6 IP - K562 cells, E2F6 IP - K562 cells",,,
CTCF,ST3GAL3,lung,"CTCF IP - A549 cells, Rep 2 , CTCF ChIP-Seq - A549, CTCF IP - SAEC cells, Rep 2 , CTCF IP - A549 cells , CTCF IP - NHLF cells , CTCF IP - SAEC cells, Rep 1 , CTCF IP | DEX - A549 cells , CTCF IP - HPF cells, Rep 1 ",,,
FOXA2,ST3GAL3,liver,FOXA2 IP - HepG2 cells,19822575,,
HMGN3,ST3GAL3,leukocytes,HMGN3 IP - K562 cells,,,
GABPA,ST3GAL3,cns,GABPA IP - SK-N-SH cells,,,
STAT1,ST3GAL3,leukocytes,"STAT1 IP - Rep 5, STAT1 IP - Rep 1, STAT1 IP - Rep 4, STAT1 IP - Rep 2, STAT1 IP - Rep 3",,,
GATA2,ST3GAL3,hspcs,GATA2 IP,,,
E2F6,ST3GAL3,stemcells,E2F6 IP - H1 cells,,,
ATF3,ST3GAL3,colon,ATF3 IP - HCT116 cells,,,
SMARCC1,ST3GAL3,uterus,SMARCC1 IP - HeLa cells,,,
FOS,ST3GAL3,uterus,FOS IP - HeLa cells,,,
REST,ST3GAL3,pancreas,"REST IP - Panc1 cells, Rep 3",,,
JUN,ST3GAL3,vasculature,JUN IP - HUVEC cells,,,
SP2,ST3GAL3,stemcells,SP2 IP - H1 cells,,,
MAZ,ST3GAL3,liver,MAZ IP - HepG2 cells,,,
CTCF,ST3GAL3,cns,"CTCF IP - cerebellar astrocyte cells, Rep 2 , CTCF IP - BE(2)-C cells, Rep 1 , CTCF IP - spinal cord astrocyte cells, Rep 2 , CTCF IP - HCPEpiC cells, Rep 1 , CTCF IP - HCPEpiC cells, Rep 2 ",,,
MAX,ST3GAL3,uterus,"MAX IP - ECC1 cells, MAX IP - HeLa cells, Rep 2, MAX IP - HeLa cells, Rep 1",,,
YY1,ST3GAL3,uterus,YY1 IP - ECC1 cells,,,
FOXP2,ST3GAL3,cns,FOXP2 IP - PFSK-1 cells,,,
TAL1,ST3GAL3,leukocytes,TAL1 IP - K562 cells,,,
MXI1,ST3GAL3,liver,MXI1 IP - HepG2 cells,,,
FOSL2,ST3GAL3,lung,FOSL2 IP - A549 cells,,,
TP63,ST3GAL3,lung,TP63 IP - HCC95,,,
TBP,ST3GAL3,liver,TBP IP - HepG2 cells,,,
CREB1,ST3GAL3,lung,CREB1 IP | DEX - A549 cells,,,
DEX,ST3GAL3,lung,"CREB1 IP | DEX - A549 cells, CTCF IP | DEX - A549 cells , FOXA1 IP | DEX - A549 cells",,,
JUND,ST3GAL3,lung,JUND IP - A549 cells,,,
FOXA1,ST3GAL3,liver,"FOXA1 IP - HepG2 cells, Rep 1, FOXA1 IP - HepG2 cells, Rep 2",,,
FOS,ST3GAL3,leukocytes,"FOS IP - K562 cells, FOS IP - GM12878 cells",,,
MAX,ST3GAL3,liver,"MAX IP - MCF7 cells, MAX IP - HepG2 cells, MAX IP - HepG2 cells",,,
SMAD1,ST3GAL3,hspcs,SMAD1 IP - Rep 3,,,
TP53,ST3GAL3,bone,TP53 IP | NUTL3 - SJSA-1,,,
GABPA,ST3GAL3,leukocytes,"GABPA IP - Jurkat, Rep 2, GABPA IP - K562 cells, GABPA IP - Jurkat, Rep 1",,,
E2F4,ST3GAL3,uterus,E2F4 IP - HeLa cells,,,
CTCF,ST3GAL3,colon,"CTCF IP - HCT116 cells, Rep 1 ",,,
NFYB,ST3GAL3,uterus,NFYB IP - HeLa cells,,,
NFYB,ST3GAL3,leukocytes,"NFYB IP - GM12878 cells, NFYB IP - K562 cells",,,
TCF7L2,ST3GAL3,mammarygland,TCF7L2 ChIP-Seq,,,
HEY1,ST3GAL3,liver,HEY1 IP - HepG2 cells,,,
SP2,ST3GAL3,leukocytes,SP2 IP - K562 cells,,,
RUNX1,ST3GAL3,leukocytes,RUNX1 IP,,,
CTCF,ST3GAL3,skeletalmuscle,"CTCF IP - HSMM cells, Rep 2 , CTCF IP - HSMM cells, Rep 1 ",,,
KLF5,ST3GAL3,pancreas,"FOXA1 IP | KLF5 KO, ELF3 IP | KLF5 KO",,,
PAX5,ST3GAL3,leukocytes,"PAX5 IP - GM12891 cells, PAX5 IP - GM12892 cells, PAX5 IP - GM12878 cells, Rep 1, PAX5 IP - GM12878 cells, Rep 2",,,
NFYA,ST3GAL3,leukocytes,NFYA IP - K562 cells,,,
MAX,ST3GAL3,vasculature,MAX IP - HUVEC cells,,,
YY1,ST3GAL3,cns,"YY1 IP | ATRA - SK-N-SH cells, YY1 IP - SK-N-SH cells",,,
ATRA,ST3GAL3,cns,"YY1 IP | ATRA - SK-N-SH cells, USF1 IP | ATRA - SK-N-SH cells",,,
MXI1,ST3GAL3,lung,MXI1 IP - IMR cells,,,
MAZ,ST3GAL3,leukocytes,"MAZ IP - GM12878 cells, MAZ IP - K562 cells",,,
CTCF,ST3GAL3,heart,"CTCF IP - HCF cells , CTCF IP - myocytes cells, Rep 1 ",,,
GATA4,ST3GAL3,stomach,GATA4 IP - AGS,,,
NFKB1,ST3GAL3,leukocytes,NFKB1 IP - Rep 2,,,
ELF3,ST3GAL3,pancreas,"ELF3 IP | KLF5 KO, ELF3 IP",,,
IRF4,ST3GAL3,leukocytes,IRF4 IP,,,
CREB1,ST3GAL3,leukocytes,"CREB1 IP - GM12878 cells, CREB1 IP - K562 cells",,,
SP1,ST3GAL3,stemcells,"SP1 IP - H1 cells, SP1 IP - Rep 1 ",,,
MEF2C,ST3GAL3,leukocytes,MEF2C IP - GM12878 cells,,,
SRF,ST3GAL3,colon,SRF IP - HCT116 cells,,,
MYC,ST3GAL3,mammarygland,"MYC IP | 4HT - MCF10A cells, DHT | MYC ChIP-Seq, MYC IP - MCF-10A cells",,,
USF1,ST3GAL3,cns,USF1 IP | ATRA - SK-N-SH cells,,,
JUN,ST3GAL3,leukocytes,"JUN IP - K562 cells, Rep 1",,,
RELA,ST3GAL3,colon,RELA IP ,,,
TCF3,ST3GAL3,leukocytes,TCF3 IP - GM12878 cells,,,
YY1,ST3GAL3,stemcells,"YY1 IP - H1 cells, YY1 IP - NT2 cells",,,
MYC,ST3GAL3,bone,MYC IP,,,
MTA3,ST3GAL3,leukocytes,MTA3 IP - GM12878 cells,,,
ATF2,ST3GAL3,colon,ATF2 IP ,,,
JUN,ST3GAL3,colon,JUN IP ,,,
CEBPB,ST3GAL3,lung,CEBPB ChIP-Seq - IMR90,,,
SP2,ST3GAL3,liver,SP2 IP - HepG2 cells,,,
PBX3,ST3GAL3,cns,PBX3 IP - SK-N-SH cells,,,
ZNF143,ST3GAL3,leukocytes,ZNF143 IP - GM12878 cells,,,
RUNX1T1,ST3GAL3,leukocytes,RUNX1T1 IP,,,
CTCF,ST3GAL3,sensory,"CTCF IP - WERI-Rb-1- cells, Rep 1 , CTCF IP - HRPEpiC cells, Rep 1 ",,,
GATA3,ST3GAL3,cns,GATA3 IP - SK-N-SH cells,,,
ZBTB7A,ST3GAL3,liver,ZBTB7A IP - HepG2 cells,,,
CREB1,ST3GAL3,colon,CREB1 IP ,,,
KLF5,ST3GAL3,stomach,KLF5 IP - KATOIII,,,
MAFK,ST3GAL3,lung,MAFK IP - IMR cells,,,
JUND,ST3GAL3,liver,JUND IP - HepG2 cells,,,
SP1,ST3GAL3,leukocytes,"SP1 IP - K562 cells, SP1 IP - GM12878 cells",,,
PIAS1,ST3GAL3,prostate,"PIAS1 + R1881 | FOXA1 ChIP-Seq - Rep 2, PIAS1 + R1881 | FOXA1 ChIP-Seq - Rep 1",,,
MYBL2,ST3GAL3,liver,MYBL2 IP - HepG2 cells,,,
MAX,ST3GAL3,stemcells,MAX IP - H1 cells,,,
IRF1,ST3GAL3,colon,IRF1 IP ,,,
REST,ST3GAL3,stemcells,"REST IP - H1 cells, Rep 1",,,
EGR1,ST3GAL3,colon,EGR1 IP - HCT116 cells,,,
SP1,ST3GAL3,lung,SP1 IP - A549 cells,,,
E2F3,ST3GAL3,colon,E2F3 IP ,,,
ETS1,ST3GAL3,leukocytes,"ETS1 IP, ETS1 IP - K562 cells, ETS1 IP - GM12878 cells",,,
MEF2B,ST3GAL3,kidney,"MEF2B IP | MEF2B D83V OE - Rep 1, MEF2B IP | MEF2B OE - Rep 2",,,
PBX3,ST3GAL3,lung,PBX3 IP - A549 cells,,,
FOXA2,ST3GAL3,embryonictissue,FOXA2 IP - Rep 2,,,
TBP,ST3GAL3,stemcells,TBP IP - H1 cells,,,
JUND,ST3GAL3,cns,"JUND IP - SK-N-SH cells , JUND IP - SK-N-SH cells",,,
FOXP1,ST3GAL3,leukocytes,"FOXP1 IP - OCI-LY10, FOXP1 IP - HT",,,
CEBPB,ST3GAL3,uterus,CEBPB ChIP-Seq - HeLaS3,,,
GTF2B,ST3GAL3,lung,GTF2B IP,,,
REST,ST3GAL3,lung,REST IP - A549 cells,,,
YY1,ST3GAL3,lung,YY1 IP - A549 cells,,,
TEAD4,ST3GAL3,stemcells,TEAD4 IP - H1 cells,,,
SP1,ST3GAL3,liver,SP1 IP - HepG2 cells,,,
BCL3,ST3GAL3,leukocytes,BCL3 IP - GM12878 cells,,,
STAT3,ST3GAL3,uterus,STAT3 IP - HeLa cells,,,
FOXA1,ST3GAL3,lung,FOXA1 IP | DEX - A549 cells,,,
ATF2,ST3GAL3,stemcells,ATF2 IP - H1 cells,,,
GABPA,ST3GAL3,liver,GABPA IP - HepG2 cells,,,
GATA3,ST3GAL3,lung,GATA3 IP - A549 cells,,,
JUND,ST3GAL3,leukocytes,JUND IP - K562 cells,,,
SOX9,ST3GAL3,colon,SOX9 IP ,,,
CTCF,ST3GAL3,stemcells,CTCF IP - H1 cells ,,,
JUND,ST3GAL3,uterus,JUND IP - HeLa cells,,,
MAZ,ST3GAL3,lung,MAZ IP - IMR cells,,,
CTCF,ST3GAL3,uterus,CTCF IP - HeLa cells ,,,
TEAD4,ST3GAL3,leukocytes,TEAD4 IP - K562 cells,,,
GATA4,ST3GAL3,stemcells,GATA4 IP - Rep 4 ,,,
HOXA4,ST3GAL3,colon,HOXA4 IP ,,,
BANF1,ST3GAL3,skin,TP63 IP | BANF1 KD,,,
E2F4,ST3GAL3,leukocytes,E2F4 IP - K562 cells,,,
MYC,ST3GAL3,uterus,MYC IP - HeLa cells,,,
GTF2B,ST3GAL3,uterus,"GTF2B IP - Rep 2, GTF2B IP - Rep 3",,,
USF1,ST3GAL3,uterus,USF1 IP - ECC1 cells,,,
TP63,ST3GAL3,thyroidgland,TP63 IP - TT MTC,,,
MAX,ST3GAL3,lung,"MAX IP - A549 cells, MAX IP - A549 cells",,,
TP53,ST3GAL3,mammarygland,TP53 IP,,,
TBP,ST3GAL3,uterus,TBP IP - HeLa cells,,,
FOXA2,ST3GAL3,lung,FOXA2 IP - A549 cells,,,
JUND,ST3GAL3,vasculature,JUND IP,,,
USF1,ST3GAL3,colon,USF1 IP - HCT116 cells,,,
EGR1,ST3GAL3,leukocytes,"EGR1 IP - GM12878 cells, Rep 1, EGR1 IP - K562 cells",,,
JUND,ST3GAL3,colon,JUND IP - HCT116 cells,,,
NFYA,ST3GAL3,uterus,NFYA IP - HeLa cells,,,
JUN,ST3GAL3,uterus,JUN IP - HeLa cells,,,
HIF1A,ST3GAL3,bone,HIF1A IP,,,
ARNT,ST3GAL3,kidney,ARNT IP | HIF1A OE,,,
HIF1A,ST3GAL3,kidney,ARNT IP | HIF1A OE,,,
POU2F2,ST3GAL3,leukocytes,POU2F2 IP - GM12878 cells,,,
ZNF263,ST3GAL3,kidney,ZNF263 IP - HEK293 cells,,,
MYC,ST3GAL3,liver,MYC IP,,,
MXI1,ST3GAL3,cns,MXI1 IP - SK-N-SH cells ,,,
RUNX1,ST3GAL3,hspcs,RUNX1,,,
FOXM1,ST3GAL3,mammarygland,FOXM1 IP | THSP - DS006,,,
MXI1,ST3GAL3,uterus,MXI1 IP - HeLa cells,,,
TAL1,ST3GAL3,colon,TAL1 IP ,,,
STAT5A,ST3GAL3,leukocytes,STAT5A IP - GM12878 cells,,,
FOXA1,ST3GAL5,liver,"FOXA1 IP - HepG2 cells, Rep 2",,,
SMAD1,ST3GAL5,hspcs,"SMAD1 IP - Rep 2, SMAD1 IP - Rep 3",,,
CTCF,ST3GAL5,liver,"CTCF IP - HepG2 cells , CTCF IP - SK-N-SH cells, CTCF IP - HepG2 cells, Rep 2 , CTCF IP - HepG2 cells, Rep 1 , CTCF IP",,,
CTCF,ST3GAL5,leukocytes,"CTCF IP - KU812 cells, Rep 5 , CTCF IP - GM12870 cells , CTCF IP - GM12814 cells, Rep 2, CTCF IP - GM12867 cells , CTCF IP - GM12890 cells, Rep 2 , CTCF IP - GM12878 cells, Rep 1 , CTCF IP - HL-60 cells, Rep 5 , CTCF IP - GM12872 cells, Rep 3 , CTCF IP - GM19239 cells, Rep 1 , CTCF IP - K562 cells, Rep 15 , CTCF IP - GM12005 cells, Rep 2, CTCF IP - F36P cells, Rep 18 , CTCF IP - HL , CTCF IP - GM11811 cells, Rep 1, CTCF IP - GM12864 cells, Rep 2 , CTCF IP - GM10847 cells, Rep 2 , CTCF IP - CD14+ cells , CTCF IP - GM2255 cells, Rep 1 , CTCF IP - F36P cells, Rep 14 , CTCF IP - NB4 cells , CTCF IP - GM12489 cells, Rep 1, CTCF IP - GM2610 cells, Rep 2 , CTCF ChIP-Seq - GM12878, CTCF IP - GM12878 cells, Rep 2 , CTCF IP - GM19240 cells, Rep 2 , CTCF IP - GM12006 cells, Rep 2, CTCF IP -  CD20+ cells , CTCF IP - K562 cells, CTCF IP - HeLa cells, Rep 2 , CTCF IP - GM19238 cells, Rep 1 , CTCF IP - F36P cells, Rep 13 , CTCF IP - GM19238 cells, Rep 2 , CTCF IP - GM12873 cells, Rep 1 , CTCF IP - GM12878 cells, Rep 1 , CTCF IP - GM12234 cells, CTCF IP - GM18951 cells, Rep 1 , CTCF IP - K562 cells , CTCF IP - F36P cells, Rep 2 , CTCF IP - K562 cells, Rep 12 , CTCF IP - GM12892 cells, Rep 1 , CTCF IP - GM12872 cells, Rep 1 , CTCF IP - GM07037 cells, CTCF IP - GM12878 cells, Rep 2 , CTCF IP - HL-60 cells, Rep 9 , CTCF IP - GM2610 cells, Rep 3 , CTCF IP - GM2610 cells, Rep 1 , CTCF IP - K562 cells, Rep 13 , CTCF IP - UT-7 cells, Rep 6 , CTCF IP - GM12749 cells, Rep 1, CTCF IP - GM2588 cells, Rep 3 , CTCF IP - GM07346 cells, CTCF IP -  DND , CTCF IP - MS1 cells, Rep 2 , CTCF IP - GM18486 cells, Rep 2 , CTCF IP - GM2630 cells, Rep 3 , CTCF IP - GM12890 cells, Rep 3 , CTCF IP - MS1 cells, Rep 1 , CTCF IP - K562 cells, CTCF IP - GM12891 cells, Rep 2 , CTCF IP - UT-7 cells, Rep 5 , CTCF IP - GM06990 cells, Rep 2 , CTCF IP - GM2630 cells, Rep 1 , CTCF IP - GM12815 cells, Rep 1, CTCF IP - GM19240 cells, Rep 1 , CTCF IP - F36P cells, Rep 15 , CTCF IP - GM12874 cells, Rep 1 , CTCF IP - K562 cells, Rep 2 , CTCF IP - GM19099 cells, Rep 2 , CTCF IP, CTCF IP - GM11994 cells, Rep 2, CTCF IP - K562 cells, CTCF IP - GM19099 cells, Rep 1 , CTCF IP - GM19239 cells, Rep 2 , CTCF IP - GM11831 cells, CTCF IP - GM12871 cells , CTCF IP - F36P cells, Rep 10 , CTCF IP - GM12154 cells, Rep 2, CTCF IP - GM18505 cells, Rep 1 , CTCF IP - GM2630 cells, Rep 2 , CTCF IP - GM12865 cells, Rep 2 , CTCF IP - F36P cells, Rep 6 , CTCF IP - GM2255 cells, Rep 2 , CTCF IP - GM06990 cells, Rep 1 , CTCF IP - F36P cells, Rep 5 , CTCF IP - K562 cells, Rep 1 , CTCF IP - GM11992 cells, Rep 1, CTCF IP - GM11994 cells, Rep 1, CTCF IP - HL-60 cells, Rep 3 , CTCF IP - F36P cells, Rep 9 , CTCF IP - GM2588 cells, Rep 2 , CTCF IP - UT-7 cells, Rep 4 , CTCF IP - U-937 cells, Rep 2 , CTCF IP - GM12872 cells, CTCF IP - GM12154 cells, Rep 1, CTCF IP - KU812 cells, Rep 17 , CTCF IP - K562 cells, Rep 11 , CTCF IP - UT-7 cells, Rep 3 , CTCF IP - MS1 cells, Rep 3 , CTCF IP - KU812 cells, Rep 13 , CTCF IP - GM12874 cells, CTCF IP - GM12864 cells, Rep 1 , CTCF IP - GM18951 cells, Rep 2 , CTCF IP - UT-7 cells, Rep 2 , CTCF IP - GM11894 cells, Rep 1, CTCF IP - MS1 cells, Rep 4 , CTCF IP - GM12873 cells, Rep 3 , CTCF IP - GM12891 cells, Rep 1 , CTCF IP - F36P cells, Rep 1 , CTCF IP - GM12875 cells, Rep 1 , CTCF IP - KU812 cells, Rep 9 , CTCF IP - GM18526 cells, Rep 2 , CTCF IP - K562 cells, Rep 8 , CTCF IP - GM18505 cells, Rep 2 , CTCF IP - GM18486 cells, Rep 1 , CTCF IP - GM12869 cells , CTCF IP - GM11992 cells, Rep 2, CTCF IP - GM12865 cells, Rep 3 , CTCF IP - GM11811 cells, Rep 2, CTCF IP - F36P cells, Rep 3 , CTCF IP - F36P cells, Rep 11 , CTCF IP - GM12874 cells, Rep 2 , CTCF IP - GM11881 cells, CTCF IP - GM06986 cells, CTCF IP - GM10847 cells, Rep 1 , CTCF IP - GM2255 cells, Rep 3 , CTCF IP - GM12875 cells, Rep 2 , CTCF IP - GM12815 cells, Rep 2, CTCF IP - UT-7 cells, Rep 1 , CTCF IP - HL-60 cells, Rep 2 , CTCF IP - HL-60 cells, Rep 7 , CTCF IP - GM18526 cells, Rep 1 , CTCF IP - GM12006 cells, Rep 1, CTCF IP - GM19193 cells, Rep 1 , CTCF IP - KU812 cells, Rep 1 , CTCF IP - GM11894 cells, Rep 2, CTCF IP - F36P cells, Rep 17 , CTCF IP - GM2588 cells, Rep 1 , CTCF IP - GM12866 cells , CTCF IP - GM12155 cells, Rep 2, CTCF IP - F36P cells, Rep 19 , CTCF IP - GM12892 cells, Rep 2 , CTCF IP - GM12828 cells, CTCF IP - GM12873 cells, Rep 1 , CTCF IP - GM12890 cells, Rep 1 , CTCF IP - GM12878 cells , CTCF IP - GM18486 cells, Rep 3 , CTCF IP - K562 cells, Rep 16 , CTCF IP - GM12872 cells, Rep 2 , CTCF IP - F36P cells, Rep 7 , CTCF IP - GM12814 cells, Rep 1, CTCF IP - GM12864 cells, Rep 3 , CTCF IP - K562 cells, Rep 14 , CTCF IP - GM19193 cells, Rep 2 , CTCF IP - GM12865 cells, Rep 1 , CTCF IP - GM12868 cells ",,,
EGR1,ST3GAL5,stemcells,EGR1 IP - H1 cells,,,
MAFF,ST3GAL5,leukocytes,MAFF IP - K562 cells,,,
BHLHE40,ST3GAL5,leukocytes,"BHLHE40 IP - GM12878 cells, BHLHE40 IP - K562 cells",,,
ATF3,ST3GAL5,liver,ATF3 IP - HepG2 cells,,,
KLF11,ST3GAL5,adiposetissue,"KLF11 ChIP-Seq, Rep 2, ROSI (BrAT) | KLF11 ChIP-Seq, Rep 1, KLF11 ChIP-Seq, Rep 1, ROSI (BrAT) | KLF11 ChIP-Seq, Rep 2",,,
FOS,ST3GAL5,leukocytes,"FOS IP - K562 cells, FOS IP - GM12878 cells",,,
SPI1,ST3GAL5,leukocytes,"SPI1 IP - GM12891 cells, SPI1 IP, SPI1 IP - U-937 cells, Rep 6 , SPI1 IP, SPI1 IP - U-937 cells, Rep 4 , SPI1 IP - GM12878 cells, SPI1 IP, SPI1 IP - GM12878 cells, Rep 4 , SPI1 IP - HL cells, SPI1 IP, SPI1 IP | RUNX1 KD, ROSI | SPI1 ChIP-Seq, SPI1 IP, SPI1 IP, SPI1 IP, SPI1 IP - GM12878 cells, Rep 3 , SPI1 IP, SPI1 IP - U-937 cells, Rep 1 , SPI1 IP - GM12878 cells, Rep 2 , SPI1 IP, SPI1 IP",,,
CTCF,ST3GAL5,kidney,"CTCF IP - HEK293 cells, Rep 1 , CTCF IP - RPTEC cells, Rep 1 , CTCF IP - RPTEC cells, Rep 2 , CTCF IP - HRE cells, Rep 1 , CTCF IP - HRE cells, Rep 2 , CTCF IP - HEK293 cells, Rep 2 ",,,
JUN,ST3GAL5,vasculature,"JUN IP - HUVEC cells, JUN IP",,,
CTCF,ST3GAL5,lung,"CTCF IP - IMR cells, CTCF IP - AG04450 cells, Rep 2 , CTCF IP - HPF cells, Rep 2 , CTCF IP - AG04450 cells, Rep 1 , CTCF ChIP-Seq - A549, CTCF IP - WI-38 cells, Rep 2 , CTCF IP | DEX - A549 cells , CTCF IP - A549 cells, Rep 2 , CTCF IP | DEX - A549 cells, CTCF IP - NHLF cells , CTCF IP - A549 cells, CTCF IP - SAEC cells, Rep 1 , CTCF IP - SAEC cells, Rep 2 , CTCF IP - A549 cells , CTCF IP - NHLF cells , CTCF IP - WI-38 cells, Rep 1 , CTCF IP - A549 cells, Rep 1 , CTCF IP - HPF cells, Rep 1 ",,,
MEF2A,ST3GAL5,leukocytes,MEF2A IP - GM12878 cells,,,
FOXP2,ST3GAL5,cns,"FOXP2 IP - PFSK-1 cells, FOXP2 IP - SK cells",,,
FOS,ST3GAL5,mammarygland,"FOS IP | 4HT - MCF10A cells, 36 h, FOS IP | 4HT - MCF10A cells, 4 h, FOS IP | 4HT - MCF10A cells, 12 h, FOS IP - MCF10A cells",,,
4HT,ST3GAL5,mammarygland,"FOS IP | 4HT - MCF10A cells, 36 h, FOS IP | 4HT - MCF10A cells, 4 h, MYC IP | 4HT - MCF10A cells, E2F4 IP | 4HT - MCF10 cells, FOS IP | 4HT - MCF10A cells, 12 h",,,
FOXM1,ST3GAL5,mammarygland,"FOXM1 IP - DS005, FOXM1 IP | THSP - DS006, FOXM1 IP | THSP - DS008, FOXM1 IP - DS007",,,
EGR1,ST3GAL5,colon,EGR1 IP - HCT116 cells,,,
SRF,ST3GAL5,stemcells,"SRF IP - Rep 4 , SRF IP - Rep 6 , SRF IP - Rep 5 , SRF IP - Rep 1 , SRF IP - Rep 7 , SRF IP - Rep 2 , SRF IP - Rep 3 ",,,
PBX3,ST3GAL5,cns,PBX3 IP - SK-N-SH cells,,,
CTCF,ST3GAL5,vasculature,"CTCF IP - HPAF cells, Rep 1 , CTCF IP - AoAFC cells, Rep 2 , CTCF IP - HUVEC cells, Rep 2 , CTCF IP - AoAFC cells, Rep 1 , CTCF IP - HPAF cells, Rep 2 , CTCF IP - HUVEC cells, Rep 1 , CTCF IP - HUVEC cells , CTCF IP - HBMEC cells, Rep 1 , CTCF IP - HBMEC cells, Rep 2 ",,,
MAZ,ST3GAL5,leukocytes,"MAZ IP - GM12878 cells, MAZ IP - K562 cells",,,
E2F6,ST3GAL5,lung,E2F6 IP - A549 cells,,,
GATA3,ST3GAL5,cns,"GATA3 IP - SK-N-SH cells, GATA3 IP - SHSY5Y cells",,,
GABPA,ST3GAL5,prostate,"GABPA IP | R1881, GABPA IP - Rep 1",,,
R1881,ST3GAL5,prostate,GABPA IP | R1881,,,
MYBL2,ST3GAL5,liver,MYBL2 IP - HepG2 cells,,,
OTX2,ST3GAL5,stemcells,OTX2 IP - Rep 10 ,,,
TCF12,ST3GAL5,leukocytes,TCF12 IP - GM12878 cells,,,
MTA3,ST3GAL5,leukocytes,MTA3 IP - GM12878 cells,,,
STAT3,ST3GAL5,leukocytes,"STAT3 IP - SU-DHL-2, STAT3 IP - OCI-LY7, STAT3 IP - U-2932, STAT3 IP - SU-DHL-4, STAT3 IP - SU-DHL-6",,,
MAX,ST3GAL5,liver,"MAX IP - HepG2 cells, MAX IP - HepG2 cells, MAX IP - MCF7 cells",,,
MAZ,ST3GAL5,uterus,MAZ IP - HeLa cells,,,
SRF,ST3GAL5,leukocytes,SRF IP - SK-N-SH cells,,,
CTCF,ST3GAL5,bone,CTCF IP - Osteoblasts ,,,
EGR1,ST3GAL5,leukocytes,"EGR1 IP - GM12878 cells, Rep 1, EGR1 IP - K562 cells, EGR1 IP - GM12878 cells, Rep 2",,,
CTCF,ST3GAL5,colon,"CTCF IP - HCT116 cells, Rep 1 , CTCF IP - HCT116 cells, Rep 2 , CTCF IP - Caco-2 cells, Rep 1 , CTCF IP - Caco , CTCF IP - Rep 2 , CTCF IP - HCT116 cells",,,
MYC,ST3GAL5,leukocytes,"MYC IP - K562 cells, Rep 2, MYC IP - K562 cells, Rep 1, MYC IP - NB4 cells, MYC IP | IFNG - K562 cells, 30 min",,,
TBP,ST3GAL5,leukocytes,TBP IP - GM12878 cells,,,
CTCF,ST3GAL5,megakaryocytelineage,"CTCF IP - MEG-01 cells, Rep 5 , CTCF IP - MEG-01 cells, Rep 10 , CTCF IP - MEG-01 cells, Rep 4 , CTCF IP - MEG-01 cells, Rep 8 , CTCF IP - MEG-01 cells, Rep 6 , CTCF IP - MEG-01 cells, Rep 2 ",,,
MAFK,ST3GAL5,stemcells,MAFK IP - H1 cells,,,
NFYB,ST3GAL5,leukocytes,"NFYB IP - K562 cells, NFYB IP - GM12878 cells",,,
TEAD4,ST3GAL5,mammarygland,TEAD4 IP - Rep 1,,,
CEBPB,ST3GAL5,lung,"CEBPB ChIP-Seq - A549, CEBPB ChIP-Seq - IMR90, CEBPB IP - A549 cells",,,
BCL3,ST3GAL5,leukocytes,BCL3 IP - GM12878 cells,,,
USF1,ST3GAL5,lung,"USF1 IP - A549 cells, Rep 1, USF1 IP | DEX - A549 cells, USF1 IP - A549 cells, Rep 2",,,
ATF3,ST3GAL5,lung,ATF3 IP - A549 cells,,,
TEAD4,ST3GAL5,leukocytes,TEAD4 IP - K562 cells,,,
TEAD4,ST3GAL5,cns,TEAD4 IP - SK-N-SH cells,,,
REST,ST3GAL5,liver,"REST IP - HepG2 cells, Rep 2",,,
MAFK,ST3GAL5,liver,"MAFK IP - HepG2 cells, Rep 1, MAFK IP - HepG2 cells, Rep 2",,,
SP1,ST3GAL5,liver,SP1 IP - HepG2 cells,,,
ATF3,ST3GAL5,colon,"ATF3 IP | CAMPTO, ATF3 IP - HCT116 cells",,,
CTCF,ST3GAL5,cns,"CTCF IP - spinal cord astrocyte cells, Rep 2 , CTCF IP - cerebellar astrocyte cells, Rep 1 , CTCF IP - HCPEpiC cells, Rep 2 , CTCF IP - SK-N-SH cells, Rep 2 , CTCF IP - cerebellar astrocyte cells, Rep 2 , CTCF IP - BE(2)-C cells, Rep 1 , CTCF IP - BE(2)-C cells, Rep 2 , CTCF IP - SK-N-SH cells , CTCF IP - HCPEpiC cells, Rep 1 , CTCF IP - spinal cord astrocyte cells, Rep 1 , CTCF IP - SK cells, CTCF IP - NHA cells , CTCF IP - SK-N-SH cells, Rep 1 ",,,
CTCF,ST3GAL5,heart,"CTCF IP - HCF cells , CTCF IP - myocytes cells, Rep 1 , CTCF IP - myocytes cells, Rep 2 ",,,
CTCF,ST3GAL5,skin,"CTCF IP - BJ cells, Rep 2 , CTCF IP - NHEK cells, Rep 2 , CTCF IP - AG04449 cells, Rep 1 , CTCF IP - NHEK cells , CTCF IP - BJ cells, Rep 1 , CTCF IP - AG04449 cells, Rep 2 , CTCF IP - NHDF cells, Rep 2 , CTCF IP - GM12878 cells, Rep 2 , CTCF IP - AG10803 cells, Rep 1 , CTCF IP - AG09309 cells, Rep 1 , CTCF IP - HFFC cells, Rep 2 , CTCF IP - AG10803 cells, Rep 2 , CTCF IP - NHDF cells , CTCF IP - HFFC cells, Rep 1 , CTCF IP - HFFC cells, Rep 3 , CTCF IP - NHDF cells, Rep 1 ",,,
YY1,ST3GAL5,leukocytes,"YY1 IP - GM12892 cells, Rep 1, YY1 IP - K562 cells, Rep 2, YY1 IP - K562 cells, Rep 1, YY1 IP - GM12878 cells, YY1 IP - GM12891 cells",,,
ZNF384,ST3GAL5,leukocytes,"ZNF384 IP - K562 cells, ZNF384 IP - GM12878 cells",,,
ZNF143,ST3GAL5,leukocytes,"ZNF143 IP - K562 cells, ZNF143 IP - GM12878 cells",,,
PBX3,ST3GAL5,lung,PBX3 IP - A549 cells,,,
USF1,ST3GAL5,leukocytes,"USF1 IP - GM12878 cells, USF1 IP - K562 cells",,,
MYB,ST3GAL5,leukocytes,"MYB IP - MOLT3, MYB IP - Jurkat, Rep 5, MYB IP - Jurkat, Rep 4, MYB IP - Jurkat, Rep 1, MYB IP - Jurkat, Rep 2, MYB IP - Jurkat, Rep 3",,,
FOXA1,ST3GAL5,pancreas,"FOXA1 IP, FOXA1 IP | KLF5 KO, FOXA1 IP",,,
E2F1,ST3GAL5,prostate,"HES6 OE | E2F1 ChIP-Seq - Rep 1, E2F1 ChIP-Seq - Rep 4, E2F1 ChIP-Seq - Rep 1, HES6 OE + BICALU | E2F1 ChIP-Seq - Rep 3, BICALU | E2F1 ChIP-Seq - Rep 1, BICALU | E2F1 ChIP-Seq - Rep 3, HES6 OE | E2F1 ChIP-Seq - Rep 3",,,
HES6,ST3GAL5,prostate,"HES6 OE | E2F1 ChIP-Seq - Rep 1, HES6 OE + BICALU | E2F1 ChIP-Seq - Rep 3, HES6 OE | E2F1 ChIP-Seq - Rep 3",,,
SP1,ST3GAL5,stemcells,SP1 IP - H1 cells,,,
CTCF,ST3GAL5,hspcs,"CTCF IP - HSPCs, Rep 2, CTCF IP - HEL 92.1.7 cells, Rep 13 , CTCF IP - HEL 92.1.7 cells, Rep 2 , CTCF IP - HEL 92.1.7 cells, Rep 10 , CTCF IP - HEL 92.1.7 cells, Rep 11 , CTCF IP - Erythroid cells, Rep 1, CTCF IP - HSPCs, Rep 1, CTCF IP - HEL 92.1.7 cells, Rep 14 , CTCF IP - HEL 92.1.7 cells, Rep 8 , CTCF IP - HEL 92.1.7 cells, Rep 7 , CTCF IP - Erythroid cells, Rep 2, CTCF IP - HEL 92.1.7 cells, Rep 1 , CTCF IP - HEL 92.1.7 cells, Rep 5 ",,,
ERG,ST3GAL5,prostate,"DHT | ERG ChIP-Seq - 18 h, ERG ChIP-Seq",,,
DHT,ST3GAL5,prostate,"DHT | ERG ChIP-Seq - 18 h, DHT | FOXA1 ChIP-Seq",,,
CTCF,ST3GAL5,pancreas,CTCF IP,,,
ELF3,ST3GAL5,pancreas,"ELF3 IP, ELF3 IP, ELF3 IP | KLF5 KO",,,
CREB1,ST3GAL5,prostate,"CREB1 ChIP-Seq - Rep 1, CREB1 siRNA | FOXA1 ChIP-Seq - Rep 2, FOXA1 siRNA | CREB1 ChIP-Seq - Rep 1, CREB1 ChIP-Seq - LNCaP, CREB1 ChIP-Seq - Rep 2, CREB1 ChIP-Seq - LNCaP-abl, FOXA1 siRNA | CREB1 ChIP-Seq - Rep 2, CREB1 siRNA | FOXA1 ChIP-Seq - Rep 1",,,
YY1,ST3GAL5,liver,YY1 IP - HepG2 cells,,,
USF2,ST3GAL5,stemcells,USF2 IP - H1 cells,,,
MAX,ST3GAL5,stemcells,MAX IP - H1 cells,,,
GABPA,ST3GAL5,leukocytes,"GABPA IP - Jurkat, Rep 2, GABPA IP - GM12878 cells, Rep 4 , GABPA IP - Jurkat, Rep 1",,,
CTCF,ST3GAL5,mammarygland,"CTCF IP - MCF-7 cells, Rep 1 , CTCF IP - HMF cells, Rep 2 , CTCF IP - HMEC cells, Rep 2 , CTCF IP - MCF7 cells, CTCF IP - HMEC cells, Rep 1 , CTCF IP - T47D cells, CTCF IP - HMEC cells , CTCF IP - HMF cells, Rep 1 , CTCF IP - MCF-7 cells Rep 2 ",,,
FOXA1,ST3GAL5,lung,"FOXA1 IP | DEX - A549 cells, FOXA1 IP - A549 cells",,,
DEX,ST3GAL5,lung,"FOXA1 IP | DEX - A549 cells, USF1 IP | DEX - A549 cells, CTCF IP | DEX - A549 cells , CTCF IP | DEX - A549 cells, CREB1 IP | DEX - A549 cells",,,
HOXA6,ST3GAL5,colon,HOXA6 IP ,,,
GATA2,ST3GAL5,leukocytes,"GATA2 IP - K562 cells, GATA2 IP - K562 cells",,,
IRF4,ST3GAL5,leukocytes,"IRF4 IP - GM12878 cells, IRF4 IP",,,
IRF1,ST3GAL5,leukocytes,"IRF1 IP | IFNA1-13 - K562 cells, 6 h, IRF1 IP - Rep 1, IRF1 IP - Rep 2, IRF1 IP - Rep 3, IRF1 IP | IFNG - K562 cells, 30 min, IRF1 IP | IFNG - K562 cells, 6 h",,,
IFNA1,ST3GAL5,leukocytes,"IRF1 IP | IFNA1-13 - K562 cells, 6 h",,,
IFNG,ST3GAL5,leukocytes,"IRF1 IP - Rep 1, IRF1 IP - Rep 2, IRF1 IP - Rep 3, IRF1 IP | IFNG - K562 cells, 30 min, IRF1 IP | IFNG - K562 cells, 6 h, STAT1 IP - Rep 5, STAT1 IP - Rep 2, MYC IP | IFNG - K562 cells, 30 min, STAT1 IP - Rep 1, STAT1 IP - Rep 4, STAT1 IP - Rep 3",,,
ZBTB7A,ST3GAL5,uterus,ZBTB7A IP - ECC1 cells,,,
ZNF143,ST3GAL5,stemcells,ZNF143 IP - H1 cells,,,
CREB1,ST3GAL5,leukocytes,"CREB1 IP - GM12878 cells, CREB1 IP - K562 cells",,,
MEF2C,ST3GAL5,leukocytes,MEF2C IP - GM12878 cells,,,
CEBPB,ST3GAL5,stemcells,"CEBPB IP, CEBPB IP, CEBPB IP, CEBPB IP, CEBPB IP, CEBPB IP, CEBPB IP",,,
FOXA1,ST3GAL5,prostate,"FOXA1 ChIP-Seq - LNCaP-abl, FOXA1 ChIP-Seq, CREB1 siRNA | FOXA1 ChIP-Seq - Rep 2, FOXA1 siRNA | CREB1 ChIP-Seq - Rep 1, FOXA1 ChIP-Seq, FOXA1 ChIP-Seq - Rep 1, FOXA1 ChIP-Seq - Rep 2, FOXA1 siRNA | CREB1 ChIP-Seq - Rep 2, DHT | FOXA1 ChIP-Seq, CREB1 siRNA | FOXA1 ChIP-Seq - Rep 1",,,
RELA,ST3GAL5,leukocytes,"RELA IP | TNF - GM19099 cells, RELA IP | TNF - GM12891 cells, RELA IP | TNF - GM18951 cells, RELA IP | TNF - GM12878 cells",,,
YY1,ST3GAL5,colon,YY1 IP - HCT116 cells,,,
E2F1,ST3GAL5,mammarygland,"E2F1 IP - MCF7 cells, E2F1 IP",,,
MAX,ST3GAL5,colon,MAX IP - HCT116 cells,,,
FOXM1,ST3GAL5,cns,FOXM1 IP - SK-N-SH cells,,,
SIX2,ST3GAL5,kidney,"SIX2 IP - 17 weeks, Rep 2, SIX2 IP - 17 weeks, Rep 1, SIX2 IP -  16 weeks",,,
CTCF,ST3GAL5,miscellaneous,"CTCF IP - AG09319 cells, Rep 1 , CTCF IP - AG09319 cells, Rep 2 ",,,
TEAD4,ST3GAL5,lung,TEAD4 IP - A549 cells,,,
FOSL2,ST3GAL5,liver,FOSL2 IP - HepG2 cells,,,
USF1,ST3GAL5,uterus,USF1 IP - ECC1 cells,,,
MAZ,ST3GAL5,liver,MAZ IP - HepG2 cells,,,
CTCF,ST3GAL5,skeletalmuscle,"CTCF IP - HSMM cells, Rep 2 , CTCF IP - HSMM cells, Rep 1 ",,,
CTCF,ST3GAL5,stemcells,"CTCF IP - Rep 6 , CTCF IP - Rep 5 , CTCF IP - Rep 2 , CTCF IP - Rep 4 , CTCF IP - H1 cells, CTCF IP - Rep 3 , CTCF IP - Rep 1 , CTCF IP - H1 cells , CTCF IP - Rep 7 ",,,
GATA4,ST3GAL5,stomach,GATA4 IP - AGS,,,
MYC,ST3GAL5,mammarygland,"MYC IP | 4HT - MCF10A cells, MYC IP - MCF-10A cells, DHT | MYC ChIP-Seq",,,
CEBPB,ST3GAL5,uterus,CEBPB ChIP-Seq - HeLaS3,,,
TNF,ST3GAL5,leukocytes,"RELA IP | TNF - GM12891 cells, RELA IP | TNF - GM18951 cells, RELA IP | TNF - GM12878 cells",,,
MAX,ST3GAL5,lung,"MAX IP - A549 cells, MAX IP - A549 cells",,,
MAX,ST3GAL5,leukocytes,"MAX IP - K562 cells, Rep 2, MAX IP - GM12878 cells, MAX IP - NB4 cells, MAX IP - K562 cells",,,
RUNX1,ST3GAL5,leukocytes,"RUNX1 IP - N terminus 1, RUNX1 IP - N terminus 2, RUNX1 IP, SPI1 IP | RUNX1 KD, RUNX1 IP - Rep 1, RUNX1 IP, RUNX1 IP - Rep 2",,,
USF1,ST3GAL5,colon,USF1 IP - HCT116 cells,,,
CREB1,ST3GAL5,stemcells,CREB1 IP - H1 cells,,,
IKZF1,ST3GAL5,leukocytes,IKZF1 IP - GM12878 cells,,,
USF1,ST3GAL5,liver,USF1 IP - HepG2 cells,,,
MAFK,ST3GAL5,colon,MAFK IP ,,,
NFATC1,ST3GAL5,leukocytes,NFATC1 IP - GM12878 cells,,,
GABPA,ST3GAL5,lung,GABPA IP - A549 cells,,,
CEBPB,ST3GAL5,liver,"CEBPB ChIP-Seq - HepG2, CEBPB IP | FORSK - HepG2 cells, CEBPB IP - HepG2 cells",,,
PBX3,ST3GAL5,leukocytes,PBX3 IP - GM12878 cells,,,
ZNF263,ST3GAL5,kidney,ZNF263 IP - HEK293 cells,,,
MAFK,ST3GAL5,leukocytes,"MAFK IP - GM12878 cells, MAFK IP - K562 cells, MAFK IP - GM12878 cells",,,
ZBTB7A,ST3GAL5,leukocytes,ZBTB7A IP - SK-N-SH cells,,,
CEBPB,ST3GAL5,mammarygland,CEBPB IP - MCF7 cells,,,
TCF7L2,ST3GAL5,hspcs,"TCF7L2 IP - Rep 2, TCF7L2 IP - Rep 1",,,
MAFF,ST3GAL5,liver,MAFF IP - HepG2 cells,,,
CEBPB,ST3GAL5,leukocytes,"CEBPB IP - K562 cells, CEBPB IP - Rep 204, CEBPB ChIP-Seq - K562, CEBPB IP, CEBPB IP | oxLDL  - Rep 208, CEBPB IP - Rep 203",,,
NFKB2,ST3GAL5,leukocytes,"NFKB2 IP - Rep 2, NFKB2 IP - Rep 1",,,
KLF5,ST3GAL5,pancreas,"FOXA1 IP | KLF5 KO, ELF3 IP | KLF5 KO",,,
TAL1,ST3GAL5,leukocytes,"TAL1 IP - MOLT3, TAL1 IP - K562 cells",,,
E2F4,ST3GAL5,mammarygland,E2F4 IP | 4HT - MCF10 cells,,,
SRF,ST3GAL5,colon,SRF IP - HCT116 cells,,,
JUND,ST3GAL5,leukocytes,"JUND IP - GM12878 cells, Rep 2, JUND IP - GM12878 cells, Rep 1 , JUND IP - K562 cells",,,
TCF12,ST3GAL5,lung,TCF12 IP - A549 cells,,,
TEAD1,ST3GAL5,cns,"TEAD1 IP - Rep 1, TEAD1 IP - Rep 2",,,
MAX,ST3GAL5,uterus,"MAX IP - HeLa cells, Rep 1, MAX IP - ECC1 cells",,,
NFYA,ST3GAL5,uterus,NFYA IP - HeLa cells,,,
MXI1,ST3GAL5,cns,MXI1 IP - SK-N-SH cells ,,,
TCF21,ST3GAL5,vasculature,TCF21 IP,,,
ROSI,ST3GAL5,adiposetissue,"ROSI (BrAT) | KLF11 ChIP-Seq, Rep 1, ROSI (BrAT) | KLF11 ChIP-Seq, Rep 2",,,
MXI1,ST3GAL5,leukocytes,MXI1 IP - GM12878 cells,,,
ATF2,ST3GAL5,leukocytes,ATF2 IP - GM12878 cells,,,
POU2F2,ST3GAL5,leukocytes,POU2F2 IP - GM12878 cells,,,
NFKB1,ST3GAL5,leukocytes,"NFKB1 IP - Rep 1, NFKB1 IP - Rep 2",,,
STAT5B,ST3GAL5,leukocytes,"STAT5B IP | IL2 - Rep 2, STAT5B IP | H9, Rep 2",,,
IL2,ST3GAL5,leukocytes,STAT5B IP | IL2 - Rep 2,,,
PAX5,ST3GAL5,leukocytes,"PAX5 IP - GM12891 cells, PAX5 IP - GM12892 cells, PAX5 IP - GM12878 cells, Rep 1, PAX5 IP - GM12878 cells, Rep 2",,,
PDX1,ST3GAL5,pancreas,PDX1 IP,,,
JUND,ST3GAL5,cns,"JUND IP - SK-N-SH cells , JUND IP - SK-N-SH cells",,,
JUN,ST3GAL5,mammarygland,"JUN IP - Rep 1, JUN IP - Rep 2",,,
CTCF,ST3GAL5,esophagus,"CTCF IP - HEEpiC cells, Rep 1 ",,,
SP1,ST3GAL5,leukocytes,"SP1 IP - GM12878 cells, SP1 IP - K562 cells",,,
TP73,ST3GAL5,bone,"TP73 IP - alpha isoform, Rep 1",,,
E2F4,ST3GAL5,leukocytes,E2F4 IP - K562 cells,,,
USF1,ST3GAL5,stemcells,USF1 IP - H1 cells,,,
BATF,ST3GAL5,leukocytes,BATF IP - GM12878 cells,,,
SNAI2,ST3GAL5,stemcells,SNAI2 IP - Rep 1 ,,,
FOSL1,ST3GAL5,leukocytes,FOSL1 IP - K562 cells,,,
BICALU,ST3GAL5,prostate,"HES6 OE + BICALU | E2F1 ChIP-Seq - Rep 3, BICALU | E2F1 ChIP-Seq - Rep 1, BICALU | E2F1 ChIP-Seq - Rep 3",,,
CTCF,ST3GAL5,uterus,"CTCF IP - HeLa cells, Rep 1 , CTCF IP - ECC1 cells, CTCF IP - HeLa cells ",,,
FOSL2,ST3GAL5,cns,FOSL2 IP - SK-N-SH cells,,,
CREB1,ST3GAL5,liver,"CREB1 IP, CREB1 IP - HepG2 cells, CREB1 IP",,,
STAT5A,ST3GAL5,leukocytes,"STAT5A IP - GM12878 cells, STAT5A IP - K562 cells",,,
E2F6,ST3GAL5,leukocytes,"E2F6 IP - K562 cells, E2F6 IP - K562 cells",,,
REST,ST3GAL5,cns,"REST IP - PFSK-N-SH cells1 cells, Rep 1, REST IP - SK-N-SH cells, REST IP - SK cells",,,
YY1,ST3GAL5,cns,"YY1 IP | ATRA - SK-N-SH cells, YY1 IP - SK-N-SH cells",,,
ATRA,ST3GAL5,cns,"YY1 IP | ATRA - SK-N-SH cells, USF1 IP | ATRA - SK-N-SH cells",,,
FOXA2,ST3GAL5,embryonictissue,FOXA2 IP - Rep 2,,,
USF1,ST3GAL5,cns,"USF1 IP | ATRA - SK-N-SH cells, USF1 IP - SK-N-SH cells",,,
CTCF,ST3GAL5,sensory,"CTCF IP - HRPEpiC cells, Rep 1 , CTCF IP - WERI , CTCF IP - WERI-Rb-1- cells, Rep 1 , CTCF IP - HRPEpiC cells, Rep 2 ",,,
USF2,ST3GAL5,liver,USF2 IP - HepG2 cells,,,
FOXM1,ST3GAL5,leukocytes,FOXM1 IP - GM12878 cells,,,
TP53,ST3GAL5,mammarygland,"TP53 IP | NUTL3 - MCF-7, TP53 IP",,,
BCL3,ST3GAL5,lung,BCL3 IP - A549 cells,,,
GATA2,ST3GAL5,vasculature,GATA2 IP - HUVEC cells,,,
ZBTB7A,ST3GAL5,liver,ZBTB7A IP - HepG2 cells,,,
CREB1,ST3GAL5,lung,CREB1 IP | DEX - A549 cells,,,
YY1,ST3GAL5,stemcells,YY1 IP - H1 cells,,,
JUN,ST3GAL5,leukocytes,"JUN IP - K562 cells, Rep 2",,,
USF2,ST3GAL5,leukocytes,USF2 IP - GM12878 cells,,,
JUND,ST3GAL5,colon,JUND IP - HCT116 cells,,,
TEAD4,ST3GAL5,uterus,TEAD4 IP - ECC1 cells,,,
TCF3,ST3GAL5,leukocytes,TCF3 IP - GM12878 cells,,,
MYC,ST3GAL5,liver,MYC IP,,,
ELF1,ST3GAL5,cns,ELF1 IP - SK-N-SH cells,,,
JUND,ST3GAL5,liver,"JUND IP - HepG2 cells, JUND IP - HepG2 cells",,,
FOXA1,ST3GAL5,stemcells,FOXA1 IP - Rep 5 ,,,
JUND,ST3GAL5,lung,JUND IP - A549 cells,,,
CEBPA,ST3GAL5,leukocytes,CEBPA IP,,,
CTCF,ST3GAL5,placenta,"CTCF IP - HVMF cells, Rep 1 , CTCF IP - HVMF cells, Rep 2 ",,,
EBF1,ST3GAL5,leukocytes,"EBF1 IP - GM12878 cells, EBF1 IP - GM12878 cells",,,
MAX,ST3GAL5,cns,MAX IP - SK-N-SH cells,,,
ATF3,ST3GAL5,leukocytes,ATF3 IP - K562 cells,,,
FOXA2,ST3GAL5,lung,FOXA2 IP - A549 cells,,,
FORSK,ST3GAL5,liver,CEBPB IP | FORSK - HepG2 cells,,,
MAFK,ST3GAL5,lung,MAFK IP - IMR cells,,,
GATA3,ST3GAL5,lung,GATA3 IP - A549 cells,,,
FOXA1,ST3GAL5,mammarygland,"17BE2 | FOXA1 ChIP-Seq - Rep 2, DHT | FOXA1 ChIP-Seq, FOXA1 ChIP-Seq - Rep 1",,,
17BE2,ST3GAL5,mammarygland,17BE2 | FOXA1 ChIP-Seq - Rep 2,,,
TP53,ST3GAL5,bone,"TP53 IP - Rep 2, TP53 IP | NUTL3 - SJSA-1, TP53 IP | TP53EE/RR OE",18474530,,
RELA,ST3GAL5,adiposetissue,"RELA IP, RELA IP",,,
ETS1,ST3GAL5,leukocytes,"ETS1 IP - K562 cells, ETS1 IP - GM12878 cells, ETS1 IP",,,
EGR1,ST3GAL5,liver,EGR1 IP - MCF7 cells,,,
SP1,ST3GAL5,colon,SP1 IP - HCT116 cells,,,
TP63,ST3GAL5,skin,"TP63 IP, TP63 IP | BANF1 KD, TP63 IP",,,
JUND,ST3GAL5,vasculature,JUND IP,,,
MAFK,ST3GAL5,uterus,MAFK IP - HeLa cells,,,
GATA1,ST3GAL5,leukocytes,GATA1 ChIP-Seq - SC266,,,
STAT1,ST3GAL5,leukocytes,"STAT1 IP - Rep 5, STAT1 IP - Rep 2, STAT1 IP - Rep 1, STAT1 IP - Rep 4, STAT1 IP - Rep 3",,,
FOSL2,ST3GAL5,lung,FOSL2 IP - A549 cells,,,
DHT,ST3GAL5,mammarygland,"DHT | FOXA1 ChIP-Seq, DHT | MYC ChIP-Seq",,,
BANF1,ST3GAL5,skin,TP63 IP | BANF1 KD,,,
ROSI,ST3GAL5,leukocytes,ROSI | SPI1 ChIP-Seq,,,
YY1,ST3GAL5,lung,YY1 IP - A549 cells,,,
FOS,ST3GAL5,vasculature,FOS IP - HUVEC cells,,,
CTCF,ST3GAL5,adiposetissue,"CTCF ChIP-Seq - d 9, CTCF ChIP-Seq - d -2, CTCF ChIP-Seq - d 0",,,
SP1,ST3GAL5,lung,SP1 IP - A549 cells,,,
MXI1,ST3GAL5,liver,MXI1 IP - HepG2 cells,,,
REST,ST3GAL5,stemcells,"REST IP - H1 cells, Rep 1",,,
TCF7L2,ST3GAL5,pancreas,TCF7L2 IP,,,
MXI1,ST3GAL5,lung,MXI1 IP - IMR cells,,,
ELF1,ST3GAL5,leukocytes,"ELF1 IP - SK-N-SH cells, ELF1 IP - SK-N-SH cells",,,
BCL11A,ST3GAL5,leukocytes,BCL11A IP - GM12878 cells,,,
GABPA,ST3GAL5,liver,"GABPA IP - MCF7 cells, GABPA IP - HepG2 cells",,,
HNF1B,ST3GAL5,pancreas,HNF1B IP,,,
REST,ST3GAL5,lung,REST IP - A549 cells,,,
MAZ,ST3GAL5,lung,MAZ IP - IMR cells,,,
H9,ST3GAL5,leukocytes,"STAT5B IP | H9, Rep 2",,,
SIX5,ST3GAL5,stemcells,SIX5 IP - H1 cells,,,
HOXA4,ST3GAL5,colon,HOXA4 IP ,,,
TCF7L2,ST3GAL5,uterus,TCF7L2 IP - HeLa cells,,,
SATB1,ST3GAL5,liver,SATB1 IP,,,
HMGN3,ST3GAL5,leukocytes,HMGN3 IP - K562 cells,,,
LYL1,ST3GAL5,leukocytes,LYL1 IP - Kasumi-1,,,
TCF12,ST3GAL5,cns,TCF12 IP - SK-N-SH cells,,,
GABPA,ST3GAL5,cns,GABPA IP - SK-N-SH cells,,,
BACH1,ST3GAL5,stemcells,BACH1 IP - H1 cells,,,
EGR1,ST3GAL5,uterus,EGR1 IP - ECC1 cells,,,
TCF12,ST3GAL5,uterus,TCF12 IP - ECC1 cells,,,
BHLHE40,ST3GAL5,liver,BHLHE40 IP - HepG2 cells,,,
BACH1,ST3GAL5,leukocytes,BACH1 IP - K562 cells,,,
RUNX1T1,ST3GAL5,leukocytes,RUNX1T1 IP,,,
MAX,ST3GAL5,vasculature,MAX IP - HUVEC cells,,,
RUNX1,ST3GAL5,hspcs,RUNX1,,,
TFAP4,ST3GAL5,leukocytes,"TFAP4 IP - Rep 1, TFAP4 IP - Rep 2",,,
CEBPB,ST3GAL5,colon,CEBPB IP - HCT116 cells,,,
USF2,ST3GAL5,uterus,USF2 IP - HeLa cells,,,
GATA2,ST3GAL5,cns,GATA2 ChIP-Seq SH-SY5Y,,,
FOSL1,ST3GAL5,colon,FOSL1 IP - HCT116 cells,,,
SPI1,ST6GALNAC5,leukocytes,"SPI1 IP - GM12878 cells, Rep 5 , SPI1 IP - GM12878 cells, Rep 2 , SPI1 IP - GM12891 cells, SPI1 IP - GM12878 cells, SPI1 IP, SPI1 IP - GM12878 cells, Rep 1 , SPI1 IP - GM12878 cells, Rep 3 , SPI1 IP, SPI1 IP - GM12878 cells, Rep 4 , SPI1 IP, SPI1 IP - HL cells, SPI1 IP, SPI1 IP",,,
CTCF,ST6GALNAC5,cns,"CTCF IP - cerebellar astrocyte cells, Rep 2 , CTCF IP - SK-N-SH cells, Rep 1 , CTCF IP - BE(2)-C cells, Rep 1 , CTCF IP - spinal cord astrocyte cells, Rep 2 , CTCF IP - SK cells, CTCF IP - HCPEpiC cells, Rep 1 , CTCF IP - spinal cord astrocyte cells, Rep 1 , CTCF IP - SK-N-SH cells, Rep 2 , CTCF IP - SK-N-SH cells ",,,
CTCF,ST6GALNAC5,leukocytes,"CTCF IP - GM18486 cells, Rep 1 , CTCF IP - GM2610 cells, Rep 2 , CTCF IP - GM12874 cells, Rep 1 , CTCF IP - UT-7 cells, Rep 1 , CTCF ChIP-Seq - GM12878, CTCF IP - GM12871 cells , CTCF IP - GM2610 cells, Rep 1 , CTCF IP - GM2255 cells, Rep 3 , CTCF IP - GM12868 cells , CTCF IP - GM2588 cells, Rep 3 , CTCF IP - UT-7 cells, Rep 2 , CTCF IP - F36P cells, Rep 14 , CTCF IP - GM19238 cells, Rep 2 , CTCF IP - GM2610 cells, Rep 3 , CTCF IP - GM06986 cells, CTCF IP - F36P cells, Rep 10 , CTCF IP - F36P cells, Rep 7 , CTCF IP - GM11994 cells, Rep 2, CTCF IP - GM12892 cells, Rep 1 , CTCF IP - GM12892 cells, Rep 2 , CTCF IP - GM19240 cells, Rep 1 , CTCF IP, CTCF IP - K562 cells, CTCF IP - F36P cells, Rep 11 , CTCF IP - MS1 cells, Rep 2 , CTCF IP - F36P cells, Rep 2 , CTCF IP - GM2630 cells, Rep 3 , CTCF IP - F36P cells, Rep 3 , CTCF IP - F36P cells, Rep 19 , CTCF IP - GM12869 cells , CTCF IP - GM19239 cells, Rep 2 , CTCF IP - F36P cells, Rep 18 , CTCF IP - F36P cells, Rep 15 , CTCF IP - GM12891 cells, Rep 2 , CTCF IP - GM2630 cells, Rep 1 , CTCF IP - GM19239 cells, Rep 1 , CTCF IP - GM12867 cells , CTCF IP - GM2588 cells, Rep 1 , CTCF IP - GM18486 cells, Rep 3 , CTCF IP - GM12873 cells, Rep 1 , CTCF IP - UT-7 cells, Rep 4 , CTCF IP - GM2255 cells, Rep 1 , CTCF IP - GM2630 cells, Rep 2 , CTCF IP - GM2588 cells, Rep 2 , CTCF IP - MS1 cells, Rep 3 , CTCF IP - GM19238 cells, Rep 1 , CTCF IP - GM12878 cells, Rep 1 , CTCF IP - GM19240 cells, Rep 2 , CTCF IP - GM12878 cells, Rep 2 , CTCF IP - GM12891 cells, Rep 1 , CTCF IP - UT-7 cells, Rep 3 , CTCF IP - MS1 cells, Rep 4 , CTCF IP - F36P cells, Rep 6 , CTCF IP - GM2255 cells, Rep 2 ",,,
TP53,ST6GALNAC5,mammarygland,TP53 IP,,,
MAX,ST6GALNAC5,uterus,MAX IP - ECC1 cells,,,
CREB1,ST6GALNAC5,stemcells,CREB1 IP - H1 cells,,,
CREB1,ST6GALNAC5,leukocytes,CREB1 IP - GM12878 cells,,,
CTCF,ST6GALNAC5,vasculature,"CTCF IP - HBMEC cells, Rep 2 , CTCF IP - HBMEC cells, Rep 1 , CTCF IP - HUVEC cells, Rep 2 , CTCF IP - HUVEC cells, Rep 1 ",,,
FOXA1,ST6GALNAC5,prostate,"PIAS1 + R1881 | FOXA1 ChIP-Seq - Rep 2, CON KD + R1881 | FOXA1 ChIP-Seq - Rep 1, CREB1 siRNA | FOXA1 ChIP-Seq - Rep 2, EtOH | FOXA1 ChIP-Seq - , FOXA1 ChIP-Seq, FOXA1 ChIP-Seq, EtOH | FOXA1 ChIP-Seq - Rep 2, DHT | FOXA1 ChIP-Seq, FOXA1 ChIP-Seq - Rep 2, CREB1 siRNA | FOXA1 ChIP-Seq - Rep 1, FOXA1 ChIP-Seq, DHT | FOXA1 ChIP-Seq, FOXA1 ChIP-Seq, R1881 | FOXA1 ChIP-Seq - Rep 1, FOXA1 ChIP-Seq - Rep 1, FOXA1 siRNA | CREB1 ChIP-Seq - Rep 2, FOXA1 ChIP-Seq - LNCaP-abl",,,
R1881,ST6GALNAC5,prostate,"PIAS1 + R1881 | FOXA1 ChIP-Seq - Rep 2, CON KD + R1881 | FOXA1 ChIP-Seq - Rep 1, R1881 | FOXA1 ChIP-Seq - Rep 1",,,
PIAS1,ST6GALNAC5,prostate,PIAS1 + R1881 | FOXA1 ChIP-Seq - Rep 2,,,
CTCF,ST6GALNAC5,stemcells,"CTCF IP - H1 cells, CTCF IP - H1 cells , CTCF IP - Rep 4 , CTCF IP - Rep 5 , CTCF IP - Rep 6 , CTCF IP - Rep 1 ",,,
USF1,ST6GALNAC5,cns,USF1 IP - SK-N-SH cells,,,
GATA3,ST6GALNAC5,cns,"GATA3 IP - SK-N-SH cells, GATA3 IP - SHSY5Y cells",,,
NFATC1,ST6GALNAC5,leukocytes,NFATC1 IP - GM12878 cells,,,
CTCF,ST6GALNAC5,lung,"CTCF IP - HPF cells, Rep 1 , CTCF IP - A549 cells , CTCF IP - AG04450 cells, Rep 1 , CTCF IP - HPF cells, Rep 2 ",,,
ATF2,ST6GALNAC5,leukocytes,ATF2 IP - GM12878 cells,,,
CTCF,ST6GALNAC5,skin,"CTCF IP - NHDF cells , CTCF IP - HFFC cells, Rep 3 , CTCF IP - AG04449 cells, Rep 2 , CTCF IP - AG10803 cells, Rep 1 , CTCF IP - GM12878 cells, Rep 2 , CTCF IP - BJ cells, Rep 2 , CTCF IP - AG09309 cells, Rep 1 , CTCF IP - BJ cells, Rep 1 , CTCF IP - NHEK cells , CTCF IP - AG04449 cells, Rep 1 , CTCF IP - AG10803 cells, Rep 2 ",,,
MEF2C,ST6GALNAC5,leukocytes,MEF2C IP - GM12878 cells,,,
E2F1,ST6GALNAC5,prostate,"BICALU | E2F1 ChIP-Seq - Rep 1, HES6 OE | E2F1 ChIP-Seq - Rep 1",,,
BICALU,ST6GALNAC5,prostate,BICALU | E2F1 ChIP-Seq - Rep 1,,,
CTCF,ST6GALNAC5,hspcs,"CTCF IP - HEL 92.1.7 cells, Rep 2 , CTCF IP - HEL 92.1.7 cells, Rep 14 , CTCF IP - HEL 92.1.7 cells, Rep 8 , CTCF IP - HEL 92.1.7 cells, Rep 11 , CTCF IP - HEL 92.1.7 cells, Rep 5 ",,,
SP1,ST6GALNAC5,stemcells,SP1 IP - H1 cells,,,
FOXA2,ST6GALNAC5,stemcells,"FOXA2 IP - ES D7, FOXA2 IP - ES D2, FOXA2 IP - ES D10, FOXA2 IP - ES D5",,,
CTCF,ST6GALNAC5,megakaryocytelineage,"CTCF IP - MEG-01 cells, Rep 10 , CTCF IP - MEG-01 cells, Rep 6 , CTCF IP - MEG-01 cells, Rep 4 , CTCF IP - MEG-01 cells, Rep 2 , CTCF IP - MEG-01 cells, Rep 8 ",,,
ZNF143,ST6GALNAC5,stemcells,ZNF143 IP - H1 cells,,,
CTCF,ST6GALNAC5,mammarygland,"CTCF IP - MCF7 cells, CTCF IP - HMEC cells, Rep 1 , CTCF IP - MCF-7 cells, Rep 1 , CTCF IP - HMF cells, Rep 2 , CTCF IP - HMEC cells, Rep 2 ",,,
CEBPB,ST6GALNAC5,stemcells,"CEBPB IP, CEBPB IP, CEBPB IP",,,
TP53,ST6GALNAC5,colon,"TP53 IP | TP53 KO, TP53 IP | CAMPTO",,,
TEAD4,ST6GALNAC5,stemcells,TEAD4 IP - H1 cells,,,
CREB1,ST6GALNAC5,prostate,"CREB1 siRNA | FOXA1 ChIP-Seq - Rep 2, CREB1 ChIP-Seq - LNCaP-abl, CREB1 siRNA | FOXA1 ChIP-Seq - Rep 1, FOXA1 siRNA | CREB1 ChIP-Seq - Rep 2",,,
TAL1,ST6GALNAC5,megakaryocytelineage,"TAL1 IP - CHRF-288-11 cells, Rep 6 , TAL1 IP - CHRF-288-11 cells, Rep 3 , TAL1 IP - CHRF-288-11 cells, Rep 2 , TAL1 IP - CHRF-288-11 cells, Rep 1 , TAL1 IP - CHRF-288-11 cells, Rep 4 , TAL1 IP - CHRF-288-11 cells, Rep 5 ",,,
REST,ST6GALNAC5,stemcells,"REST IP - H1 cells, Rep 1",,,
HIF1A,ST6GALNAC5,bone,HIF1A IP,,,
CTCF,ST6GALNAC5,sensory,"CTCF IP - HRPEpiC cells, Rep 1 , CTCF IP - WERI , CTCF IP - WERI-Rb-1- cells, Rep 1 , CTCF IP - HRPEpiC cells, Rep 2 ",,,
REST,ST6GALNAC5,cns,"REST IP - U87 cells, REST IP - SK-N-SH cells, REST IP - SK cells",,,
MEF2A,ST6GALNAC5,leukocytes,MEF2A IP - GM12878 cells,,,
CTCF,ST6GALNAC5,kidney,"CTCF IP - HEK293 cells, Rep 1 , CTCF IP - HRE cells, Rep 2 , CTCF IP - HEK293 cells, Rep 2 , CTCF IP - HRE cells, Rep 1 ",,,
CAMPTO,ST6GALNAC5,colon,TP53 IP | CAMPTO,,,
HES6,ST6GALNAC5,prostate,HES6 OE | E2F1 ChIP-Seq - Rep 1,,,
MTA3,ST6GALNAC5,leukocytes,MTA3 IP - GM12878 cells,,,
MAX,ST6GALNAC5,lung,MAX IP - A549 cells,,,
CEBPB,ST6GALNAC5,leukocytes,"CEBPB IP, CEBPB IP, CEBPB IP",,,
CTCF,ST6GALNAC5,miscellaneous,"CTCF IP - AG09319 cells, Rep 2 , CTCF IP - AG09319 cells, Rep 1 ",,,
TAL1,ST6GALNAC5,leukocytes,TAL1 IP - K562 cells,,,
MXI1,ST6GALNAC5,cns,MXI1 IP - SK-N-SH cells ,,,
GABPA,ST6GALNAC5,cns,GABPA IP - SK-N-SH cells,,,
DHT,ST6GALNAC5,prostate,"DHT | FOXA1 ChIP-Seq, DHT | FOXA1 ChIP-Seq",,,
TCF12,ST6GALNAC5,cns,TCF12 IP - SK-N-SH cells,,,
BATF,ST6GALNAC5,leukocytes,BATF IP - GM12878 cells,,,
GATA2,ST6GALNAC5,cns,GATA2 ChIP-Seq SH-SY5Y,,,
CTCF,ST6GALNAC5,adiposetissue,CTCF ChIP-Seq - d 9,,,
E2F1,ST6GALNAC5,mammarygland,E2F1 IP - MCF7 cells,,,
FOSL2,ST6GALNAC5,cns,FOSL2 IP - SK-N-SH cells,,,
SRF,ST6GALNAC5,stemcells,"SRF IP - Rep 5 , SRF IP - Rep 7 , SRF IP - Rep 1 ",,,
STAT5A,ST6GALNAC5,leukocytes,STAT5A IP - K562 cells,,,
JUND,ST6GALNAC5,cns,"JUND IP - SK-N-SH cells , JUND IP - SK-N-SH cells",,,
MAX,ST6GALNAC5,cns,MAX IP - SK-N-SH cells,,,
PBX3,ST6GALNAC5,cns,PBX3 IP - SK-N-SH cells,,,
EGR1,ST6GALNAC5,stemcells,EGR1 IP - H1 cells,,,
MAX,ST6GALNAC5,stemcells,MAX IP - H1 cells,,,
FOXA2,ST6GALNAC5,embryonictissue,FOXA2 IP - Rep 2,,,
SP1,ST6GALNAC5,leukocytes,SP1 IP - GM12878 cells,,,
RELA,ST6GALNAC5,leukocytes,"RELA IP | TNF - GM18505 cells, RELA IP | TNF - GM12891 cells",,,
TNF,ST6GALNAC5,leukocytes,"RELA IP | TNF - GM18505 cells, RELA IP | TNF - GM12891 cells",,,
ZNF263,ST6GALNAC5,kidney,ZNF263 IP - HEK293 cells,,,
TEAD1,ST6GALNAC5,cns,"TEAD1 IP - Rep 1, TEAD1 IP - Rep 2",,,
FOSL1,ST6GALNAC5,mammarygland,FOSL1 IP,,,
E2F6,ST6GALNAC5,stemcells,E2F6 IP - H1 cells,,,
FOSL1,ST6GALNAC5,stemcells,FOSL1 IP - H1 cells,,,
FOXM1,ST6GALNAC5,leukocytes,FOXM1 IP - GM12878 cells,,,
JUND,ST6GALNAC5,liver,JUND IP - HepG2 cells,,,
GABPA,ST6GALNAC5,stemcells,GABPA IP - H1 cells,,,
CTCF,ST6GALNAC5,liver,"CTCF IP - HepG2 cells, Rep 1 ",,,
YY1,ST6GALNAC5,cns,YY1 IP | ATRA - SK-N-SH cells,,,
ATRA,ST6GALNAC5,cns,YY1 IP | ATRA - SK-N-SH cells,,,
OTX2,ST6GALNAC5,stemcells,OTX2 IP - Rep 10 ,,,
BCL11A,ST6GALNAC5,leukocytes,BCL11A IP - GM12878 cells,,,
CTCF,ST6GALNAC5,heart,"CTCF IP - myocytes cells, Rep 1 ",,,
IRF4,ST6GALNAC5,leukocytes,IRF4 IP - GM12878 cells,,,
TEAD4,ST6GALNAC5,leukocytes,TEAD4 IP - K562 cells,,,
JUN,ST6GALNAC5,mammarygland,"JUN IP - Rep 2, JUN IP - Rep 1",,,
BHLHE40,ST6GALNAC5,leukocytes,BHLHE40 IP - GM12878 cells,,,
YY1,ST6GALNAC5,stemcells,YY1 IP - H1 cells,,,
IKZF1,ST6GALNAC5,leukocytes,IKZF1 IP - GM12878 cells,,,
CTCF,ST8SIA5,stemcells,"CTCF IP - H1 cells, CTCF IP - H1 cells , CTCF IP - Rep 6 ",,,
GABPA,ST8SIA5,leukocytes,"GABPA IP - Jurkat, Rep 2, GABPA IP - Jurkat, Rep 1",,,
CTCF,ST8SIA5,liver,"CTCF IP, CTCF IP - HepG2 cells , CTCF IP - HepG2 cells, Rep 1 , CTCF IP - SK-N-SH cells",,,
CTCF,ST8SIA5,leukocytes,"CTCF IP - GM11831 cells, CTCF IP - F36P cells, Rep 17 , CTCF IP - GM19239 cells, Rep 2 , CTCF IP - KU812 cells, Rep 9 , CTCF IP - K562 cells, CTCF IP - F36P cells, Rep 1 , CTCF IP - F36P cells, Rep 15 , CTCF IP - GM06990 cells, Rep 2 , CTCF IP - F36P cells, Rep 19 , CTCF IP - GM12872 cells, Rep 2 , CTCF IP - GM12892 cells, Rep 2 , CTCF IP - GM11994 cells, Rep 2, CTCF IP - GM12814 cells, Rep 1, CTCF IP - F36P cells, Rep 10 , CTCF IP - GM19238 cells, Rep 2 , CTCF IP - GM18486 cells, Rep 3 , CTCF IP - F36P cells, Rep 14 , CTCF IP - K562 cells, Rep 14 , CTCF IP - K562 cells , CTCF IP - GM06990 cells, Rep 1 , CTCF IP - F36P cells, Rep 9 , CTCF IP - F36P cells, Rep 5 , CTCF IP - GM2630 cells, Rep 2 , CTCF IP - F36P cells, Rep 6 , CTCF IP - K562 cells, Rep 15 , CTCF IP - GM2588 cells, Rep 2 , CTCF IP - K562 cells, Rep 16 , CTCF IP - F36P cells, Rep 7 , CTCF IP - GM19238 cells, Rep 1 , CTCF IP - K562 cells, Rep 13 , CTCF IP - GM11994 cells, Rep 1, CTCF IP - GM19239 cells, Rep 1 , CTCF IP - GM12892 cells, Rep 1 , CTCF IP - KU812 cells, Rep 13 , CTCF IP - KU812 cells, Rep 1 , CTCF IP - K562 cells, CTCF IP - F36P cells, Rep 2 , CTCF IP - F36P cells, Rep 11 , CTCF IP - F36P cells, Rep 3 , CTCF IP - K562 cells, Rep 11 , CTCF IP - GM2255 cells, Rep 2 , CTCF IP - K562 cells, Rep 12 , CTCF IP - GM2630 cells, Rep 3 , CTCF IP - KU812 cells, Rep 5 ",,,
MAFK,ST8SIA5,liver,"MAFK IP - HepG2 cells, Rep 2",,,
CTCF,ST8SIA5,megakaryocytelineage,"CTCF IP - MEG-01 cells, Rep 2 ",,,
FOXA1,ST8SIA5,prostate,"FOXA1 ChIP-Seq, CREB1 siRNA | FOXA1 ChIP-Seq - Rep 1, FOXA1 ChIP-Seq, DHT | FOXA1 ChIP-Seq, GATA2 KD + R1881 | FOXA1 ChIP-Seq",,,
OTX2,ST8SIA5,stemcells,OTX2 IP - Rep 10 ,,,
REST,ST8SIA5,stemcells,"REST IP - H1 cells, Rep 2, REST IP - H1 cells, Rep 1",,,
JUND,ST8SIA5,leukocytes,JUND IP - K562 cells,,,
CREB1,ST8SIA5,prostate,CREB1 siRNA | FOXA1 ChIP-Seq - Rep 1,,,
SPI1,ST8SIA5,leukocytes,"SPI1 IP, SPI1 IP, SPI1 IP, SPI1 IP, ROSI | SPI1 ChIP-Seq, SPI1 IP, SPI1 IP, SPI1 IP | RUNX1 KD, SPI1 IP, SPI1 IP, SPI1 IP - HL cells",,,
CREB1,ST8SIA5,stemcells,CREB1 IP - H1 cells,,,
CTCF,ST8SIA5,lung,"CTCF IP - HPF cells, Rep 1 ",,,
EGR1,ST8SIA5,stemcells,EGR1 IP - H1 cells,,,
CTCF,ST8SIA5,cns,"CTCF IP - cerebellar astrocyte cells, Rep 2 , CTCF IP - spinal cord astrocyte cells, Rep 2 ",,,
TP63,ST8SIA5,skin,"TP63 IP, TP63 IP",,,
FOXA1,ST8SIA5,mammarygland,"DEX | FOXA1 ChIP-Seq - Rep 2, FOXA1 ChIP-Seq, FOXA1 ChIP-Seq - Rep 2, 17BE2 | FOXA1 ChIP-Seq - Rep 2, 17BE2 | FOXA1 ChIP-Seq, 17BE2 | FOXA1 ChIP-Seq - Rep 1, DEX | FOXA1 ChIP-Seq - Rep 1, FOXA1 ChIP-Seq - Rep 1",,,
DEX,ST8SIA5,mammarygland,"DEX | FOXA1 ChIP-Seq - Rep 2, DEX | FOXA1 ChIP-Seq - Rep 1",,,
CEBPB,ST8SIA5,stemcells,"CEBPB IP, CEBPB IP",,,
CTCF,ST8SIA5,mammarygland,"CTCF IP - HMF cells, Rep 2 ",,,
ASCL1,ST8SIA5,skin,ASCL1 IP - NHDF,,,
TAL1,ST8SIA5,megakaryocytelineage,"TAL1 IP - CHRF-288-11 cells, Rep 1 , TAL1 IP - CHRF-288-11 cells, Rep 4 ",,,
EBF1,ST8SIA5,leukocytes,EBF1 IP - GM12878 cells,,,
MEF2A,ST8SIA5,leukocytes,MEF2A IP - GM12878 cells,,,
MAX,ST8SIA5,lung,MAX IP - A549 cells,,,
17BE2,ST8SIA5,mammarygland,"17BE2 | FOXA1 ChIP-Seq - Rep 2, 17BE2 | FOXA1 ChIP-Seq, 17BE2 | FOXA1 ChIP-Seq - Rep 1",,,
CTCF,ST8SIA5,vasculature,"CTCF IP - HPAF cells, Rep 1 , CTCF IP - HBMEC cells, Rep 1 ",,,
STAT1,ST8SIA5,leukocytes,"STAT1 IP - Rep 5, STAT1 IP - Rep 3",,,
IFNG,ST8SIA5,leukocytes,"STAT1 IP - Rep 5, IRF1 IP - Rep 2, STAT1 IP - Rep 3, IRF1 IP - Rep 3",,,
CEBPA,ST8SIA5,leukocytes,CEBPA IP,,,
IRF1,ST8SIA5,leukocytes,"IRF1 IP - Rep 2, IRF1 IP - Rep 3",,,
SRF,ST8SIA5,stemcells,SRF IP - Rep 7 ,,,
JUND,ST8SIA5,liver,JUND IP - HepG2 cells,,,
DHT,ST8SIA5,prostate,DHT | FOXA1 ChIP-Seq,,,
REST,ST8SIA5,cns,"REST IP - PFSK-N-SH cells1 cells, Rep 1, REST IP - U87 cells",,,
REST,ST8SIA5,uterus,REST IP - SK-N-SH cells,,,
GATA1,ST8SIA5,hspcs,"GATA1 IP - PBDE cells, Rep 1",,,
FOS,ST8SIA5,vasculature,FOS IP - HUVEC cells,,,
REST,ST8SIA5,leukocytes,"REST IP - HL60 cells, REST IP - K562 cells",,,
MAX,ST8SIA5,cns,MAX IP - SK-N-SH cells,,,
CEBPB,ST8SIA5,leukocytes,"CEBPB ChIP-Seq - K562, CEBPB IP",,,
R1881,ST8SIA5,prostate,GATA2 KD + R1881 | FOXA1 ChIP-Seq,,,
GATA2,ST8SIA5,prostate,GATA2 KD + R1881 | FOXA1 ChIP-Seq,,,
CTCF,ST8SIA5,skeletalmuscle,"CTCF IP - HSMM cells, Rep 2 , CTCF IP - HSMM cells, Rep 1 ",,,
MAX,ST8SIA5,stemcells,MAX IP - H1 cells,,,
GATA2,ST8SIA5,leukocytes,GATA2 IP - K562 cells,,,
CTCF,ST8SIA5,sensory,"CTCF IP - HRPEpiC cells, Rep 1 ",,,
ROSI,ST8SIA5,leukocytes,ROSI | SPI1 ChIP-Seq,,,
CTCF,ST8SIA5,heart,"CTCF IP - myocytes cells, Rep 1 ",,,
GATA3,ST8SIA5,mammarygland,GATA3 IP - T47D cells,,,
E2F6,ST8SIA5,stemcells,E2F6 IP - H1 cells,,,
RUNX1,ST8SIA5,leukocytes,SPI1 IP | RUNX1 KD,,,
CTCF,ST8SIA5,kidney,"CTCF IP - HRE cells, Rep 1 , CTCF IP - HRE cells, Rep 2 , CTCF IP - RPTEC cells, Rep 1 ",,,
TAL1,ST8SIA5,leukocytes,TAL1 IP - K562 cells,,,
TEAD4,ST8SIA5,leukocytes,TEAD4 IP - K562 cells,,,
JUND,ST8SIA5,vasculature,JUND IP,,,
CTCF,UGCG,leukocytes,"CTCF IP - GM12868 cells , CTCF IP - GM2588 cells, Rep 3 , CTCF IP - GM12865 cells, Rep 1 , CTCF IP - GM18505 cells, Rep 2 , CTCF IP - GM18526 cells, Rep 2 , CTCF IP - GM18486 cells, Rep 1 , CTCF IP - GM12892 cells, Rep 1 , CTCF IP - GM2610 cells, Rep 1 , CTCF IP - MS1 cells, Rep 2 , CTCF IP - K562 cells, Rep 16 , CTCF IP - F36P cells, Rep 7 , CTCF IP - K562 cells, Rep 14 , CTCF IP - GM2630 cells, Rep 3 , CTCF IP - GM12890 cells, Rep 3 , CTCF IP - MS1 cells, Rep 1 , CTCF IP - K562 cells, CTCF IP - F36P cells, Rep 3 , CTCF IP - GM12891 cells, Rep 2 , CTCF IP - GM11881 cells, CTCF IP - F36P cells, Rep 11 , CTCF IP - GM2610 cells, Rep 3 , CTCF IP - GM2630 cells, Rep 1 , CTCF IP - GM19240 cells, Rep 1 , CTCF IP - GM06986 cells, CTCF IP - GM12890 cells, Rep 1 , CTCF IP - GM18486 cells, Rep 3 , CTCF IP - GM2630 cells, Rep 2 , CTCF IP - GM2588 cells, Rep 1 , CTCF IP - F36P cells, Rep 19 , CTCF IP - MS1 cells, Rep 3 , CTCF IP - GM18951 cells, Rep 2 , CTCF IP - GM2255 cells, Rep 2 , CTCF IP - GM12891 cells, Rep 1 , CTCF IP - K562 cells, Rep 15 , CTCF IP - GM2588 cells, Rep 2 , CTCF IP - MS1 cells, Rep 4 , CTCF ChIP-Seq - GM12878, CTCF IP - GM19238 cells, Rep 2 , CTCF IP - K562 cells, Rep 12 , CTCF IP, CTCF IP - GM12871 cells , CTCF IP - GM12872 cells, Rep 1 , CTCF IP - GM10847 cells, Rep 1 , CTCF IP - GM2255 cells, Rep 3 , CTCF IP - GM11994 cells, Rep 2, CTCF IP - CD14+ cells , CTCF IP - K562 cells, Rep 13 , CTCF IP - GM12892 cells, Rep 2 , CTCF IP - GM19099 cells, Rep 2 , CTCF IP - GM19239 cells, Rep 2 , CTCF IP - K562 cells, Rep 11 , CTCF IP - GM12869 cells , CTCF IP - F36P cells, Rep 15 , CTCF IP - GM12890 cells, Rep 2 , CTCF IP - GM19239 cells, Rep 1 , CTCF IP - GM12878 cells, Rep 1 , CTCF IP - GM2255 cells, Rep 1 , CTCF IP - F36P cells, Rep 6 , CTCF IP - GM2610 cells, Rep 2 , CTCF IP - GM19240 cells, Rep 2 , CTCF IP - GM19238 cells, Rep 1 , CTCF IP - GM12878 cells, Rep 2 ",,,
CTCF,UGCG,skin,"CTCF IP - NHDF cells , CTCF IP - GM12878 cells, Rep 2 , CTCF IP - AG04449 cells, Rep 1 , CTCF IP - AG04449 cells, Rep 2 , CTCF IP - NHDF cells, Rep 2 ",,,
MAX,UGCG,uterus,"MAX IP - HeLa cells, Rep 2, MAX IP - HeLa cells, Rep 1, MAX IP - ECC1 cells",,,
FOXA1,UGCG,mammarygland,"FOXA1 ChIP-Seq - Rep 1, DEX | FOXA1 ChIP-Seq - Rep 1, FOXA1 ChIP-Seq - Rep 1, 17BE2 | FOXA1 ChIP-Seq - Rep 1, 17BE2 | FOXA1 ChIP-Seq, 17BE2 | FOXA1 ChIP-Seq - Rep 2, DEX | FOXA1 ChIP-Seq - Rep 1, DEX | FOXA1 ChIP-Seq - Rep 2, DEX | FOXA1 ChIP-Seq - Rep 1, FOXA1 ChIP-Seq - Rep 2, 17BE2 | FOXA1 ChIP-Seq - Rep 2, FOXA1 ChIP-Seq - Rep 2, DHT | FOXA1 ChIP-Seq, FOXA1 ChIP-Seq - Rep 1, FOXA1 ChIP-Seq - Rep 2, 17BE2 | FOXA1 ChIP-Seq - Rep 1, 17BE2 | FOXA1 ChIP-Seq - Rep 2, 17BE2 | FOXA1 ChIP-Seq - Rep 1, DEX | FOXA1 ChIP-Seq - Rep 2, FOXA1 IP - T47D cells, DEX | FOXA1 ChIP-Seq - Rep 2",,,
DEX,UGCG,mammarygland,"DEX | FOXA1 ChIP-Seq - Rep 1, DEX | FOXA1 ChIP-Seq - Rep 1, DEX | FOXA1 ChIP-Seq - Rep 2, DEX | FOXA1 ChIP-Seq - Rep 1, DEX | FOXA1 ChIP-Seq - Rep 2, DEX | FOXA1 ChIP-Seq - Rep 2",,,
ELF3,UGCG,pancreas,"ELF3 IP, ELF3 IP | KLF5 KO, ELF3 IP",,,
IRF1,UGCG,leukocytes,"IRF1 IP | IFNG - K562 cells, 6 h, IRF1 IP | IFNG - K562 cells, 30 min, IRF1 IP | IFNA1-13 - K562 cells, 6 h",,,
IFNG,UGCG,leukocytes,"IRF1 IP | IFNG - K562 cells, 6 h, IRF1 IP | IFNG - K562 cells, 30 min, STAT1 IP - Rep 1, STAT1 IP - Rep 5, STAT1 IP - Rep 2, STAT1 IP - Rep 4, STAT1 IP - Rep 3, MYC IP | IFNG - K562 cells, 30 min",,,
YY1,UGCG,lung,YY1 IP - A549 cells,,,
MYB,UGCG,leukocytes,"MYB IP - Jurkat, Rep 1, MYB IP - Jurkat, Rep 3, MYB IP - Jurkat, Rep 5, MYB IP - Jurkat, Rep 4, MYB IP - Jurkat, Rep 2",,,
FOXA1,UGCG,pancreas,"FOXA1 IP, FOXA1 IP | KLF5 KO, FOXA1 IP",,,
CTCF,UGCG,cns,"CTCF IP - SK-N-SH cells, Rep 1 , CTCF IP - spinal cord astrocyte cells, Rep 1 , CTCF IP - SK-N-SH cells , CTCF IP - SK cells, CTCF IP - spinal cord astrocyte cells, Rep 2 , CTCF IP - cerebellar astrocyte cells, Rep 2 , CTCF IP - HCPEpiC cells, Rep 1 , CTCF IP - SK-N-SH cells, Rep 2 ",,,
CTCF,UGCG,hspcs,"CTCF IP - HEL 92.1.7 cells, Rep 8 , CTCF IP - HEL 92.1.7 cells, Rep 14 , CTCF IP - HSPCs, Rep 2, CTCF IP - HEL 92.1.7 cells, Rep 2 , CTCF IP - Erythroid cells, Rep 1, CTCF IP - HSPCs, Rep 1",,,
YY1,UGCG,leukocytes,"YY1 IP - GM12878 cells, YY1 IP - GM12892 cells, Rep 1, YY1 IP - K562 cells, Rep 1, YY1 IP - K562 cells, Rep 2, YY1 IP - GM12891 cells",,,
BHLHE40,UGCG,leukocytes,"BHLHE40 IP - GM12878 cells, BHLHE40 IP - K562 cells",,,
17BE2,UGCG,mammarygland,"17BE2 | FOXA1 ChIP-Seq - Rep 1, 17BE2 | FOXA1 ChIP-Seq, 17BE2 | FOXA1 ChIP-Seq - Rep 2, 17BE2 | GATA3 ChIP-Seq, 17BE2 | FOXA1 ChIP-Seq - Rep 2, 17BE2 | FOXA1 ChIP-Seq - Rep 1, 17BE2 | FOXA1 ChIP-Seq - Rep 2, 17BE2 | FOXA1 ChIP-Seq - Rep 1",,,
GATA2,UGCG,cns,GATA2 ChIP-Seq SH-SY5Y,,,
PAX5,UGCG,leukocytes,"PAX5 IP - GM12891 cells, PAX5 IP - GM12878 cells, Rep 1, PAX5 IP - GM12878 cells, Rep 2, PAX5 IP - GM12892 cells",,,
GATA4,UGCG,stomach,"GATA4 IP - YCC3, GATA4 IP - AGS",,,
MXI1,UGCG,leukocytes,MXI1 IP - GM12878 cells,,,
UBTF,UGCG,leukocytes,"UBTF IP - K562 cells, UBTF IP - K562 cells",,,
USF2,UGCG,uterus,USF2 IP - HeLa cells,,,
FOXA1,UGCG,prostate,"PIAS1 + R1881 | FOXA1 ChIP-Seq - Rep 2, DHT | FOXA1 ChIP-Seq, CON KD + R1881 | FOXA1 ChIP-Seq, FOXA1 KD | FOXA1 ChIP-Seq, PIAS1 + R1881 | FOXA1 ChIP-Seq - Rep 1, WT AR OE + FOXA1 OE | FOXA1 ChIP-Seq - high FOXA1, FOXA1 ChIP-Seq, FOXA1 ChIP-Seq, DHT | FOXA1 ChIP-Seq - C4- Rep 2B, EtOH | FOXA1 ChIP-Seq - Rep 2, AR C562S OE + FOXA1 OE | FOXA1 ChIP-Seq, CREB1 siRNA | FOXA1 ChIP-Seq - Rep 2, CON KD  | FOXA1 ChIP-Seq, DHT | FOXA1 ChIP-Seq, POU2F1 KD + DHT | FOXA1 ChIP-Seq, FOXA1 ChIP-Seq - Rep 1, FOXA1 ChIP-Seq, R1881 | FOXA1 ChIP-Seq - Rep 1, FOXA1 KD | GATA2 ChIP-Seq, CON KD | FOXA1 ChIP-Seq, FOXA1 ChIP-Seq - LNCaP, FOXA1 ChIP-Seq - Rep 1, WT AR OE + FOXA1 OE | FOXA1 ChIP-Seq, FOXA1 ChIP-Seq - Rep 2, CREB1 siRNA | FOXA1 ChIP-Seq - Rep 1, FOXA1 ChIP-Seq, CON KD + R1881 | FOXA1 ChIP-Seq - Rep 1, CON KD | FOXA1 ChIP-Seq, GATA2 KD  | FOXA1 ChIP-Seq, EtOH | FOXA1 ChIP-Seq - , DHT | FOXA1 ChIP-Seq, FOXA1 ChIP-Seq, FOXA1 ChIP-Seq, FOXA1 ChIP-Seq - Rep 2, DHT | FOXA1 ChIP-Seq, GATA2 KD + R1881 | FOXA1 ChIP-Seq, FOXA1 siRNA | CREB1 ChIP-Seq - Rep 2, R1881 | FOXA1 ChIP-Seq - Rep 2, AR Q640X OE + FOXA1 OE | FOXA1 ChIP-Seq, CON KD | FOXA1 ChIP-Seq, FOXA1 ChIP-Seq - LNCaP-abl, FOXA1 KD | FOXA1 ChIP-Seq, CON KD + R1881 | FOXA1 ChIP-Seq - Rep 2",,,
R1881,UGCG,prostate,"PIAS1 + R1881 | FOXA1 ChIP-Seq - Rep 2, CON KD + R1881 | FOXA1 ChIP-Seq, PIAS1 + R1881 | FOXA1 ChIP-Seq - Rep 1, R1881 | FOXA1 ChIP-Seq - Rep 1, CON KD + R1881 | FOXA1 ChIP-Seq - Rep 1, GABPA IP | R1881, GATA2 KD + R1881 | FOXA1 ChIP-Seq, R1881 | FOXA1 ChIP-Seq - Rep 2, CON KD + R1881 | FOXA1 ChIP-Seq - Rep 2, CON KD + R1881 | GATA2 ChIP-Seq",,,
PIAS1,UGCG,prostate,"PIAS1 + R1881 | FOXA1 ChIP-Seq - Rep 2, PIAS1 + R1881 | FOXA1 ChIP-Seq - Rep 1",,,
ERG,UGCG,prostate,"DHT | ERG ChIP-Seq - 18 h, ERG ChIP-Seq, DHT | ERG ChIP-Seq - 2 h, ERG ChIP-Seq",,,
DHT,UGCG,prostate,"DHT | ERG ChIP-Seq - 18 h, DHT | FOXA1 ChIP-Seq, DHT | ERG ChIP-Seq - 2 h, DHT | FOXA1 ChIP-Seq - C4- Rep 2B, DHT | FOXA1 ChIP-Seq, POU2F1 KD + DHT | FOXA1 ChIP-Seq, DHT | FOXA1 ChIP-Seq, DHT | FOXP1 ChIP-Seq, DHT | FOXA1 ChIP-Seq",,,
STAT5A,UGCG,leukocytes,STAT5A IP - K562 cells,,,
FOXA1,UGCG,lung,"FOXA1 IP | DEX - A549 cells, FOXA1 IP - A549 cells",,,
DEX,UGCG,lung,"FOXA1 IP | DEX - A549 cells, CTCF IP | DEX - A549 cells , CREB1 IP | DEX - A549 cells",,,
SP1,UGCG,lung,SP1 IP - A549 cells,,,
ARID3A,UGCG,leukocytes,ARID3A IP - K562 cells,,,
ZNF143,UGCG,leukocytes,"ZNF143 IP - K562 cells, ZNF143 IP - GM12878 cells",,,
ZBTB7A,UGCG,liver,ZBTB7A IP - HepG2 cells,,,
REST,UGCG,cns,"REST IP - SK-N-SH cells, REST IP - U87 cells, REST IP - SK cells, REST IP - PFSK-N-SH cells1 cells, Rep 1, REST IP - PFSK1 cells, Rep 2",,,
MAZ,UGCG,leukocytes,"MAZ IP - GM12878 cells, MAZ IP - K562 cells",,,
GTF2F1,UGCG,uterus,GTF2F1 IP - HeLa cells,,,
EGR1,UGCG,stemcells,EGR1 IP - H1 cells,,,
STAT3,UGCG,mammarygland,"STAT3 IP | 4HT - MCF10 cells, 12 h, STAT3 IP - MCF10A cells, Rep 2",,,
4HT,UGCG,mammarygland,"STAT3 IP | 4HT - MCF10 cells, 12 h, FOS IP | 4HT - MCF10A cells, 12 h, FOS IP | 4HT - MCF10A cells, 36 h, E2F4 IP | 4HT - MCF10 cells, FOS IP | 4HT - MCF10A cells, 4 h",,,
CEBPB,UGCG,uterus,CEBPB ChIP-Seq - HeLaS3,,,
GABPA,UGCG,liver,"GABPA IP - MCF7 cells, GABPA IP - HepG2 cells",,,
TBP,UGCG,uterus,TBP IP - HeLa cells,,,
SPI1,UGCG,leukocytes,"SPI1 IP - GM12891 cells, SPI1 IP - GM12878 cells, Rep 3 , SPI1 IP, SPI1 IP - GM12878 cells, Rep 1 , SPI1 IP, SPI1 IP - GM12878 cells, Rep 4 , SPI1 IP - GM12878 cells, Rep 5 , SPI1 IP, SPI1 IP, SPI1 IP - GM12878 cells, SPI1 IP, SPI1 IP, SPI1 IP, SPI1 IP - GM12878 cells, Rep 2 , SPI1 IP, SPI1 IP - HL cells",,,
GATA1,UGCG,hspcs,"GATA1 IP - Rep 1, GATA1 IP - Rep 3, GATA1 IP - PBDE cells, Rep 1, GATA1 IP - Rep 2",,,
TP53,UGCG,lung,"TP53 IP - propapoptic, Rep 1",,,
MYC,UGCG,lung,MYC IP - A549 cells,,,
ZNF143,UGCG,uterus,ZNF143 IP - HeLa cells,,,
JUN,UGCG,vasculature,JUN IP - HUVEC cells,,,
CTCF,UGCG,sensory,"CTCF IP - WERI , CTCF IP - HRPEpiC cells, Rep 2 , CTCF IP - WERI-Rb-1- cells, Rep 1 ",,,
CEBPB,UGCG,colon,"CEBPB IP, CEBPB IP - HCT116 cells, CEBPB IP | 125DVD3",,,
FOXA2,UGCG,embryonictissue,"FOXA2 IP - Rep 1, FOXA2 IP - Rep 2",,,
KLF11,UGCG,adiposetissue,"KLF11 ChIP-Seq, Rep 1, ROSI (BrAT) | KLF11 ChIP-Seq, Rep 2, KLF11 ChIP-Seq, Rep 2",,,
E2F4,UGCG,uterus,E2F4 IP - HeLa cells,,,
CREB1,UGCG,leukocytes,"CREB1 IP - GM12878 cells, CREB1 IP - K562 cells",,,
REST,UGCG,liver,"REST IP - HepG2 cells, Rep 1, REST IP - HepG2 cells, Rep 2",,,
TAL1,UGCG,leukocytes,TAL1 IP - K562 cells,,,
GATA1,UGCG,leukocytes,"GATA1 ChIP-Seq - K562, GATA1 ChIP-Seq - SC266",,,
FOXA2,UGCG,lung,FOXA2 IP - A549 cells,,,
HEY1,UGCG,leukocytes,HEY1 IP - K562 cells,,,
CTCF,UGCG,adiposetissue,CTCF ChIP-Seq - d 9,,,
MAX,UGCG,colon,MAX IP - HCT116 cells,,,
ELF1,UGCG,leukocytes,"ELF1 IP - SK-N-SH cells, ELF1 IP - SK-N-SH cells",,,
CTCF,UGCG,mammarygland,"CTCF IP - HMEC cells, Rep 1 , CTCF IP - HMEC cells, Rep 2 ",,,
E2F1,UGCG,prostate,"BICALU + HES6OE | E2F1 ChIP-Seq - Rep 4, HES6 OE | E2F1 ChIP-Seq - Rep 2, BICALU | E2F1 ChIP-Seq - Rep 3, HES6 OE | E2F1 ChIP-Seq - Rep 3, E2F1 ChIP-Seq - Rep 2, E2F1 ChIP-Seq - Rep 3, HES6 OE | E2F1 ChIP-Seq - Rep 1, E2F1 ChIP-Seq - Rep 4, HES6 OE + BICALU | E2F1 ChIP-Seq - Rep 1, BICALU + HES6 OE | E2F1 ChIP-Seq - Rep 2, E2F1 ChIP-Seq - Rep 1, HES6 OE | E2F1 ChIP-Seq - Rep 4, HES6 OE + BICALU | E2F1 ChIP-Seq - Rep 3, BICALU | E2F1 ChIP-Seq - Rep 1",,,
BICALU,UGCG,prostate,"BICALU + HES6OE | E2F1 ChIP-Seq - Rep 4, BICALU | E2F1 ChIP-Seq - Rep 3, HES6 OE + BICALU | E2F1 ChIP-Seq - Rep 1, BICALU + HES6 OE | E2F1 ChIP-Seq - Rep 2, HES6 OE + BICALU | E2F1 ChIP-Seq - Rep 3, BICALU | E2F1 ChIP-Seq - Rep 1",,,
HES6,UGCG,prostate,"BICALU + HES6OE | E2F1 ChIP-Seq - Rep 4, HES6 OE | E2F1 ChIP-Seq - Rep 2, HES6 OE | E2F1 ChIP-Seq - Rep 3, HES6 OE | E2F1 ChIP-Seq - Rep 1, HES6 OE + BICALU | E2F1 ChIP-Seq - Rep 1, BICALU + HES6 OE | E2F1 ChIP-Seq - Rep 2, HES6 OE | E2F1 ChIP-Seq - Rep 4, HES6 OE + BICALU | E2F1 ChIP-Seq - Rep 3",,,
TCF12,UGCG,leukocytes,TCF12 IP - GM12878 cells,,,
MAX,UGCG,leukocytes,"MAX IP - K562 cells, MAX IP - NB4 cells, MAX IP - K562 cells, Rep 2, MAX IP - GM12878 cells",,,
STAT5B,UGCG,leukocytes,"STAT5B IP | H9RET, Rep 2, STAT5B IP | IL2 - Rep 2, STAT5B IP | IL2 - Rep 2, STAT5B IP | H9, Rep 2, STAT5B IP | H9, Rep 2",,,
H9RET,UGCG,leukocytes,"STAT5B IP | H9RET, Rep 2",,,
GATA2,UGCG,prostate,"CON KD + FBS | GATA2 ChIP-Seq, FOXA1 KD | GATA2 ChIP-Seq, GATA2 KD  | FOXA1 ChIP-Seq, GATA2 KD + R1881 | FOXA1 ChIP-Seq, CON KD  | GATA2 ChIP-Seq, CON KD + R1881 | GATA2 ChIP-Seq",,,
AR,UGCG,prostate,"WT AR OE + FOXA1 OE | FOXA1 ChIP-Seq - high FOXA1, AR C562S OE + FOXA1 OE | FOXA1 ChIP-Seq, WT AR OE + FOXA1 OE | FOXA1 ChIP-Seq, AR Q640X OE + FOXA1 OE | FOXA1 ChIP-Seq",,,
FOXA1,UGCG,liver,"FOXA1 IP - HepG2 cells, Rep 1, FOXA1 IP - HepG2 cells, Rep 2",,,
SP1,UGCG,stemcells,SP1 IP - Rep 1 ,,,
FOXM1,UGCG,mammarygland,"FOXM1 IP - MCF7 cells, FOXM1 IP - DS005, FOXM1 IP - DS017, FOXM1 IP | THSP - DS006",,,
RELA,UGCG,leukocytes,"RELA IP | TNF - GM18505 cells, RELA IP | BAY082  - IVD Th1 cells, PIA, RELA IP - IVD Th1 cells, PIA, RELA IP | TNF - GM12878 cells, RELA IP | TNF - GM19193 cells, RELA IP | TNF - GM12892 cells, RELA IP | TNF - GM19099 cells, RELA IP | TNF - GM15510 cells, RELA IP | TNF - GM10847 cells, RELA IP | TNF - GM12891 cells",,,
TNF,UGCG,leukocytes,"RELA IP | TNF - GM18505 cells, RELA IP | TNF - GM12878 cells, RELA IP | TNF - GM19193 cells, RELA IP | TNF - GM12892 cells, RELA IP | TNF - GM15510 cells, RELA IP | TNF - GM10847 cells, RELA IP | TNF - GM12891 cells",,,
MAZ,UGCG,uterus,MAZ IP - HeLa cells,,,
ZNF143,UGCG,stemcells,ZNF143 IP - H1 cells,,,
FOXA2,UGCG,stemcells,"FOXA2 IP - ES D2, FOXA2 IP - ES D7, FOXA2 IP - ES D5",,,
GATA3,UGCG,mammarygland,"GATA3 IP - T47D cells, GATA3 IP - MCF7 cells, 17BE2 | GATA3 ChIP-Seq",24758297,,
GABPA,UGCG,cns,GABPA IP - SK-N-SH cells,,,
USF1,UGCG,leukocytes,USF1 IP - GM12878 cells,,,
BAY082,UGCG,leukocytes,"RELA IP | BAY082  - IVD Th1 cells, PIA",,,
CTCF,UGCG,vasculature,"CTCF IP - HBMEC cells, Rep 1 , CTCF IP - HUVEC cells, Rep 1 ",,,
USF2,UGCG,leukocytes,USF2 IP - GM12878 cells,,,
SP1,UGCG,liver,SP1 IP - HepG2 cells,,,
CTCF,UGCG,megakaryocytelineage,"CTCF IP - MEG-01 cells, Rep 6 , CTCF IP - MEG-01 cells, Rep 10 , CTCF IP - MEG-01 cells, Rep 8 ",,,
GATA2,UGCG,leukocytes,"GATA2 IP - K562 cells, GATA2 IP - K562 cells",,,
SP1,UGCG,leukocytes,SP1 IP - GM12878 cells,,15342415,15342415
PBX3,UGCG,cns,PBX3 IP - SK-N-SH cells,,,
REST,UGCG,stemcells,"REST IP - H1 cells, Rep 1",,,
KLF5,UGCG,pancreas,"FOXA1 IP | KLF5 KO, ELF3 IP | KLF5 KO, KLF5 IP",,,
FOXM1,UGCG,leukocytes,FOXM1 IP - GM12878 cells,,,
GATA3,UGCG,cns,GATA3 IP - SK-N-SH cells,,,
STAT1,UGCG,uterus,"STAT1 IP | IFNG - HeLa cells, 30 min",,,
IFNG,UGCG,uterus,"STAT1 IP | IFNG - HeLa cells, 30 min",,,
MAX,UGCG,lung,MAX IP - A549 cells,,,
CTCF,UGCG,miscellaneous,"CTCF IP - AG09319 cells, Rep 1 , CTCF IP - AG09319 cells, Rep 2 ",,,
ETV5,UGCG,colon,ETV5 IP ,,,
JUN,UGCG,uterus,JUN IP - HeLa cells,,,
TEAD4,UGCG,leukocytes,TEAD4 IP - K562 cells,,,
STAT3,UGCG,leukocytes,"STAT3 IP - SU-DHL-4, STAT3 IP - SU-DHL-6, STAT3 IP - OCI-LY10, STAT3 IP - SU-DHL-2, STAT3 IP - OCI-LY7, STAT3 IP - U-2932",,,
ATF3,UGCG,leukocytes,ATF3 IP - K562 cells,,,
IRF4,UGCG,leukocytes,"IRF4 IP, IRF4 IP - GM12878 cells",,,
CREB1,UGCG,prostate,"CREB1 siRNA | FOXA1 ChIP-Seq - Rep 2, CREB1 ChIP-Seq - LNCaP, CREB1 ChIP-Seq - LNCaP-abl, CREB1 siRNA | FOXA1 ChIP-Seq - Rep 1, FOXA1 siRNA | CREB1 ChIP-Seq - Rep 2",,,
CTCF,UGCG,kidney,"CTCF IP - HEK293 cells, Rep 1 ",,,
REST,UGCG,lung,REST IP - A549 cells,,,
FOSL1,UGCG,colon,FOSL1 IP - HCT116 cells,,,
CTCF,UGCG,lung,"CTCF IP - IMR cells, CTCF ChIP-Seq - A549, CTCF IP - A549 cells, CTCF IP | DEX - A549 cells , CTCF IP - A549 cells , CTCF IP - SAEC cells, Rep 2 ",,,
GABPA,UGCG,leukocytes,"GABPA IP - K562 cells, GABPA IP - Jurkat, Rep 2",,,
TBP,UGCG,leukocytes,"TBP IP - GM12878 cells, TBP IP - K562 cells",,,
MYC,UGCG,leukocytes,"MYC IP - NB4 cells, MYC IP - K562 cells, Rep 1, MYC IP | IFNG - K562 cells, 30 min",,,
YY1,UGCG,liver,YY1 IP - HepG2 cells,,,
EBF1,UGCG,leukocytes,"EBF1 IP - GM12878 cells, EBF1 IP - GM12878 cells",,,
RUNX1,UGCG,leukocytes,RUNX1 IP,,,
YY1,UGCG,stemcells,YY1 IP - H1 cells,,,
MAZ,UGCG,liver,MAZ IP - HepG2 cells,,,
JUND,UGCG,cns,JUND IP - SK-N-SH cells ,,,
FOS,UGCG,mammarygland,"FOS IP | 4HT - MCF10A cells, 12 h, FOS IP - MCF10A cells, FOS IP | 4HT - MCF10A cells, 36 h, FOS IP | 4HT - MCF10A cells, 4 h",,,
E2F6,UGCG,leukocytes,"E2F6 IP - K562 cells, E2F6 IP - K562 cells",,,
TEAD4,UGCG,uterus,TEAD4 IP - ECC1 cells,,,
ROSI,UGCG,adiposetissue,"ROSI (BrAT) | KLF11 ChIP-Seq, Rep 2",,,
POU2F1,UGCG,prostate,POU2F1 KD + DHT | FOXA1 ChIP-Seq,,,
RUNX1T1,UGCG,leukocytes,RUNX1T1 IP,,,
MTA3,UGCG,leukocytes,MTA3 IP - GM12878 cells,,,
MEF2A,UGCG,leukocytes,MEF2A IP - GM12878 cells,,,
EGR1,UGCG,colon,EGR1 IP - HCT116 cells,,,
IL2,UGCG,leukocytes,"STAT5B IP | IL2 - Rep 2, STAT5B IP | IL2 - Rep 2",,,
POU2F2,UGCG,leukocytes,"POU2F2 IP - Rep 1, POU2F2 IP - GM12878 cells, POU2F2 IP - Rep 2",,,
ZEB1,UGCG,liver,ZEB1 IP - HepG2 cells,,,
MAX,UGCG,liver,"MAX IP - HepG2 cells, MAX IP - MCF7 cells",,,
CTCF,UGCG,colon,"CTCF IP - Caco-2 cells, Rep 1 ",,,
CTCF,UGCG,pancreas,CTCF IP,,,
MXI1,UGCG,cns,MXI1 IP - SK-N-SH cells ,,,
MXI1,UGCG,uterus,MXI1 IP - HeLa cells,,,
FOXA1,UGCG,stemcells,FOXA1 IP - Rep 5 ,,,
JUND,UGCG,liver,"JUND IP - HepG2 cells, JUND IP - HepG2 cells",,,
CREB1,UGCG,liver,"CREB1 IP - HepG2 cells, CREB1 IP",,,
YY1,UGCG,uterus,YY1 IP - ECC1 cells,,,
FOS,UGCG,vasculature,FOS IP - HUVEC cells,,,
MAFK,UGCG,leukocytes,"MAFK IP - K562 cells, MAFK IP - K562 cells",,,
ELF1,UGCG,mammarygland,ELF1 IP - MCF7 cells,,,
SATB1,UGCG,liver,SATB1 IP,,,
JUND,UGCG,colon,JUND IP - HCT116 cells,,,
CEBPB,UGCG,stemcells,"CEBPB IP, CEBPB IP",,,
GTF2B,UGCG,uterus,"GTF2B IP - Rep 3, GTF2B IP - Rep 2",,,
GABPA,UGCG,prostate,"GABPA IP - Rep 1, GABPA IP | R1881",,,
IFNA1,UGCG,leukocytes,"IRF1 IP | IFNA1-13 - K562 cells, 6 h",,,
ELF1,UGCG,liver,ELF1 IP - HepG2 cells,,,
YY1,UGCG,colon,YY1 IP - HCT116 cells,,,
STAT1,UGCG,leukocytes,"STAT1 IP - Rep 1, STAT1 IP - Rep 5, STAT1 IP - Rep 2, STAT1 IP - Rep 4, STAT1 IP - Rep 3",,,
CDX2,UGCG,colon,CDX2 IP | 125DVD3,,,
125DVD3,UGCG,colon,"CDX2 IP | 125DVD3, CEBPB IP | 125DVD3",,,
DHT,UGCG,mammarygland,"DHT | FOXA1 ChIP-Seq, DHT | MYC ChIP-Seq",,,
FOXA2,UGCG,liver,FOXA2 IP - HepG2 cells,,,
FOXP1,UGCG,colon,FOXP1 IP ,,,
SP1,UGCG,colon,SP1 IP - HCT116 cells,,,
TBP,UGCG,liver,TBP IP - HepG2 cells,,,
BCL11A,UGCG,leukocytes,BCL11A IP - GM12878 cells,,,
CTCF,UGCG,heart,"CTCF IP - myocytes cells, Rep 1 ",,,
PBX3,UGCG,leukocytes,PBX3 IP - GM12878 cells,,,
E2F4,UGCG,leukocytes,E2F4 IP - K562 cells,,,
YY1,UGCG,cns,"YY1 IP - SK-N-SH cells, YY1 IP | ATRA - SK-N-SH cells",,,
EGR1,UGCG,liver,EGR1 IP - MCF7 cells,,,
GATA6,UGCG,stomach,"GATA6 IP - AGS, GATA6 IP - YCC3",,,
ETS1,UGCG,leukocytes,"ETS1 IP, ETS1 IP - K562 cells, ETS1 IP - GM12878 cells",,,
E2F1,UGCG,uterus,"E2F1 IP - HeLa cells, Rep 2, E2F1 IP - HeLa cells, Rep 1",,,
ELF1,UGCG,colon,ELF1 IP - HCT116 cells,,,
ZNF384,UGCG,leukocytes,ZNF384 IP - K562 cells,,,
CREB1,UGCG,stemcells,CREB1 IP - H1 cells,,,
CEBPB,UGCG,mammarygland,CEBPB IP - MCF7 cells,,,
JUND,UGCG,stemcells,JUND IP - H1 cells,,,
USF1,UGCG,uterus,USF1 IP - ECC1 cells,,,
USF1,UGCG,colon,USF1 IP - HCT116 cells,,,
ZBTB7A,UGCG,uterus,ZBTB7A IP - ECC1 cells,,,
TCF12,UGCG,lung,TCF12 IP - A549 cells,,,
FOXP2,UGCG,cns,FOXP2 IP - PFSK-1 cells,,,
FOXP1,UGCG,prostate,DHT | FOXP1 ChIP-Seq,,,
EGR1,UGCG,leukocytes,EGR1 IP - K562 cells,,,
JUN,UGCG,mammarygland,JUN IP - Rep 1,,,
JUND,UGCG,lung,JUND IP - A549 cells,,,
JUND,UGCG,vasculature,JUND IP,,,
STAT3,UGCG,uterus,STAT3 IP - HeLa cells,,,
SMAD3,UGCG,stemcells,SMAD3 ChIP-Seq - ESCs,,,
POU5F1,UGCG,stemcells,POU5F1 IP,,,
E2F1,UGCG,mammarygland,"E2F1 IP, E2F1 IP - MCF7 cells",,,
MYC,UGCG,mammarygland,"MYC IP - MCF-10A cells, DHT | MYC ChIP-Seq",,,
MAX,UGCG,cns,MAX IP - SK-N-SH cells,,,
NFYB,UGCG,leukocytes,NFYB IP - GM12878 cells,,,
BCL3,UGCG,leukocytes,BCL3 IP - GM12878 cells,,,
ATRA,UGCG,cns,YY1 IP | ATRA - SK-N-SH cells,,,
MAX,UGCG,stemcells,MAX IP - H1 cells,,,
MAZ,UGCG,lung,MAZ IP - IMR cells,,,
RUNX1,UGCG,hspcs,RUNX1,,,
TCF12,UGCG,uterus,TCF12 IP - ECC1 cells,,,
BHLHE40,UGCG,liver,BHLHE40 IP - HepG2 cells,,,
HMGN3,UGCG,leukocytes,HMGN3 IP - K562 cells,,,
REST,UGCG,leukocytes,"REST IP - HL60 cells, REST IP - K562 cells",,,
TCF12,UGCG,cns,TCF12 IP - SK-N-SH cells,,,
NFKB1,UGCG,leukocytes,NFKB1 IP - Rep 2,,,
MAFK,UGCG,lung,MAFK IP - IMR cells,,,
GATA2,UGCG,hspcs,GATA2 IP,,,
FOSL2,UGCG,lung,FOSL2 IP - A549 cells,,,
TCF3,UGCG,leukocytes,TCF3 IP - GM12878 cells,,,
ZBTB7A,UGCG,leukocytes,ZBTB7A IP - SK-N-SH cells,,,
FOSL2,UGCG,liver,FOSL2 IP - HepG2 cells,,,
MXI1,UGCG,liver,MXI1 IP - HepG2 cells,,,
ATF2,UGCG,leukocytes,ATF2 IP - GM12878 cells,,,
SRF,UGCG,leukocytes,"SRF IP - GM12878 cells, Rep 2",,,
ZNF263,UGCG,kidney,ZNF263 IP - HEK293 cells,,,
KLF5,UGCG,stomach,"KLF5 IP - AGS, KLF5 IP - KATOIII",,,
EGR1,UGCG,uterus,EGR1 IP - ECC1 cells,,,
HIF1A,UGCG,bone,HIF1A IP,,,
E2F4,UGCG,mammarygland,E2F4 IP | 4HT - MCF10 cells,,,
E2F6,UGCG,stemcells,E2F6 IP - H1 cells,,,
H9,UGCG,leukocytes,"STAT5B IP | H9, Rep 2, STAT5B IP | H9, Rep 2",,,
JUND,UGCG,leukocytes,JUND IP - K562 cells,,,
MYBL2,UGCG,liver,MYBL2 IP - HepG2 cells,,,
ZNF76,UGCG,kidney,ZNF76 IP | ZNF76 OE,,,
JUND,UGCG,uterus,JUND IP - HeLa cells,,,
TP53,UGCG,mammarygland,"TP53 IP, TP53 IP | NUTL3 - MCF-7",,,
MAFF,UGCG,leukocytes,MAFF IP - K562 cells,,,
CTCF,UGCG,liver,CTCF IP - SK-N-SH cells,,,
TCF7L2,UGCG,uterus,TCF7L2 IP - HeLa cells,,,
ZNF217,UGCG,mammarygland,ZNF217 IP - MCF7 cells,24962896,,
MXI1,UGCG,lung,MXI1 IP - IMR cells,,,
THAP1,UGCG,leukocytes,THAP1 IP - K562 cells,,,
GATA2,UGCG,vasculature,GATA2 IP - HUVEC cells,,,
ATF1,UGCG,leukocytes,ATF1 IP - K562 cells,,,
SRF,UGCG,colon,SRF IP - HCT116 cells,,,
TBP,UGCG,stemcells,TBP IP - H1 cells,,,
ZNF83,UGCG,colon,ZNF83 IP ,,,
GATA3,UGCG,lung,GATA3 IP - A549 cells,,,
FOS,UGCG,uterus,FOS IP - HeLa cells,,,
CEBPB,UGCG,lung,CEBPB ChIP-Seq - IMR90,,,
CREB1,UGCG,lung,CREB1 IP | DEX - A549 cells,,,
REST,UGCG,mammarygland,REST IP - MCF7 cells,,,
HEY1,UGCG,liver,HEY1 IP - HepG2 cells,,,
TAL1,UGT8,leukocytes,TAL1 IP - K562 cells,,,
MAX,UGT8,lung,MAX IP - A549 cells,,,
MAX,UGT8,cns,MAX IP - SK-N-SH cells,,,
E2F1,UGT8,prostate,"BICALU | E2F1 ChIP-Seq - Rep 2, HES6 OE + BICALU | E2F1 ChIP-Seq - Rep 1, E2F1 ChIP-Seq - Rep 4, BICALU | E2F1 ChIP-Seq - Rep 3, E2F1 ChIP-Seq - Rep 1, E2F1 ChIP-Seq - Rep 2, E2F1 ChIP-Seq - Rep 3, BICALU | E2F1 ChIP-Seq - Rep 1, HES6 OE | E2F1 ChIP-Seq - Rep 1",,,
BICALU,UGT8,prostate,"BICALU | E2F1 ChIP-Seq - Rep 2, HES6 OE + BICALU | E2F1 ChIP-Seq - Rep 1, BICALU | E2F1 ChIP-Seq - Rep 3, BICALU | E2F1 ChIP-Seq - Rep 1",,,
FOXA1,UGT8,prostate,"R1881 | FOXA1 ChIP-Seq - Rep 1, CON KD  | FOXA1 ChIP-Seq, CON KD | FOXA1 ChIP-Seq, FOXA1 ChIP-Seq, R1881 | FOXA1 ChIP-Seq - Rep 2, GATA2 KD  | FOXA1 ChIP-Seq, FOXA1 ChIP-Seq, CON KD | FOXA1 ChIP-Seq, CON KD + R1881 | FOXA1 ChIP-Seq - Rep 2, FOXA1 ChIP-Seq - Rep 1, GATA2 KD + R1881 | FOXA1 ChIP-Seq, FOXA1 ChIP-Seq - LNCaP-abl, FOXA1 siRNA | CREB1 ChIP-Seq - Rep 1, CON KD + R1881 | FOXA1 ChIP-Seq, CON KD | FOXA1 ChIP-Seq, PIAS1 + R1881 | FOXA1 ChIP-Seq - Rep 2, FOXA1 siRNA | CREB1 ChIP-Seq - Rep 2, PIAS1 + R1881 | FOXA1 ChIP-Seq - Rep 1, CON KD + R1881 | FOXA1 ChIP-Seq - Rep 1, FOXA1 ChIP-Seq, WT AR OE + FOXA1 OE | FOXA1 ChIP-Seq - high FOXA1, EtOH | FOXA1 ChIP-Seq - , FOXA1 ChIP-Seq, CREB1 siRNA | FOXA1 ChIP-Seq - Rep 2, WT AR OE | FOXA1 ChIP-Seq, DHT | FOXA1 ChIP-Seq, EtOH | FOXA1 ChIP-Seq - Rep 2, FOXA1 ChIP-Seq - Rep 2, CREB1 siRNA | FOXA1 ChIP-Seq - Rep 1",,,
R1881,UGT8,prostate,"R1881 | FOXA1 ChIP-Seq - Rep 1, R1881 | FOXA1 ChIP-Seq - Rep 2, CON KD + R1881 | FOXA1 ChIP-Seq - Rep 2, GATA2 KD + R1881 | FOXA1 ChIP-Seq, CON KD + R1881 | FOXA1 ChIP-Seq, PIAS1 + R1881 | FOXA1 ChIP-Seq - Rep 2, PIAS1 + R1881 | FOXA1 ChIP-Seq - Rep 1, CON KD + R1881 | FOXA1 ChIP-Seq - Rep 1",,,
E2F6,UGT8,leukocytes,"E2F6 IP - K562 cells, E2F6 IP - K562 cells",,,
HES6,UGT8,prostate,"HES6 OE + BICALU | E2F1 ChIP-Seq - Rep 1, HES6 OE | E2F1 ChIP-Seq - Rep 1",,,
FOXA1,UGT8,mammarygland,"DEX | FOXA1 ChIP-Seq - Rep 2, DEX | FOXA1 ChIP-Seq - Rep 1, FOXA1 ChIP-Seq, DEX | FOXA1 ChIP-Seq - Rep 1, 17BE2 | FOXA1 ChIP-Seq - Rep 2, DEX | FOXA1 ChIP-Seq - Rep 2, 17BE2 | FOXA1 ChIP-Seq - Rep 2, 17BE2 | FOXA1 ChIP-Seq - Rep 2, 17BE2 | FOXA1 ChIP-Seq - Rep 1, TNF | FOXA1 ChIP-Seq - Rep 1, DEX | FOXA1 ChIP-Seq - Rep 2, 17BE2 | FOXA1 ChIP-Seq - Rep 2, DHT | FOXA1 ChIP-Seq, FOXA1 ChIP-Seq - Rep 2, 17BE2 | FOXA1 ChIP-Seq - Rep 1, TNF | FOXA1 ChIP-Seq - Rep 2, FOXA1 ChIP-Seq - Rep 1, FOXA1 ChIP-Seq - Rep 2, 17BE2 + TNF | FOXA1 ChIP-Seq - Rep 1, 17BE2 | FOXA1 ChIP-Seq, FOXA1 IP - T47D cells, 17BE2 | FOXA1 ChIP-Seq - Rep 1, 17BE2 + TNF | FOXA1 ChIP-Seq - Rep 2, FOXA1 ChIP-Seq - Rep 2, FOXA1 IP - T47D, FOXA1 ChIP-Seq - Rep 1, FOXA1 ChIP-Seq - Rep 1, 17BE2 | FOXA1 ChIP-Seq - Rep 1, FOXA1 ChIP-Seq - Rep 1, DEX | FOXA1 ChIP-Seq - Rep 1",,,
DEX,UGT8,mammarygland,"DEX | FOXA1 ChIP-Seq - Rep 2, DEX | FOXA1 ChIP-Seq - Rep 1, DEX | FOXA1 ChIP-Seq - Rep 1, DEX | FOXA1 ChIP-Seq - Rep 2, DEX | FOXA1 ChIP-Seq - Rep 2, DEX | FOXA1 ChIP-Seq - Rep 1",,,
IRF4,UGT8,leukocytes,"IRF4 IP - GM12878 cells, IRF4 IP",,,
MAX,UGT8,stemcells,"MAX IP - H1 cells, MAX IP - H1 cells",,,
MYC,UGT8,bone,"MYC IP, MYC IP, MYC IP",,,
CREB1,UGT8,prostate,"CREB1 ChIP-Seq - Rep 2, CREB1 ChIP-Seq - LNCaP-abl, CREB1 ChIP-Seq - Rep 1, FOXA1 siRNA | CREB1 ChIP-Seq - Rep 1, FOXA1 siRNA | CREB1 ChIP-Seq - Rep 2, CREB1 siRNA | FOXA1 ChIP-Seq - Rep 2, CREB1 siRNA | FOXA1 ChIP-Seq - Rep 1",,,
RELA,UGT8,leukocytes,"RELA IP | TNF - GM15510 cells, RELA IP | TNF - GM19099 cells, RELA IP | TNF - GM18505 cells, RELA IP | TNF - GM12891 cells, RELA IP | TNF - GM10847 cells, RELA IP | TNF - GM19193 cells, RELA IP | TNF - GM12878 cells, RELA IP | TNF - GM18951 cells, RELA IP | TNF - GM12892 cells",,,
TNF,UGT8,leukocytes,"RELA IP | TNF - GM15510 cells, RELA IP | TNF - GM18505 cells, RELA IP | TNF - GM12891 cells, RELA IP | TNF - GM10847 cells, RELA IP | TNF - GM19193 cells, RELA IP | TNF - GM12878 cells, RELA IP | TNF - GM18951 cells, RELA IP | TNF - GM12892 cells",,,
IRF1,UGT8,pancreas,IRF1 IP,,,
YY1,UGT8,leukocytes,"YY1 IP - GM12878 cells, YY1 IP - K562 cells, Rep 2, YY1 IP - K562 cells, Rep 1",,,
MAZ,UGT8,leukocytes,MAZ IP - GM12878 cells,,,
CEBPB,UGT8,liver,CEBPB ChIP-Seq - HepG2,,,
CEBPB,UGT8,stemcells,"CEBPB IP, CEBPB IP, CEBPB IP, CEBPB IP, CEBPB IP - H1 cells, CEBPB IP, CEBPB IP",,,
YY1,UGT8,uterus,YY1 IP - ECC1 cells,,,
FOXA1,UGT8,stemcells,FOXA1 IP - Rep 5 ,,,
EGR1,UGT8,stemcells,EGR1 IP - H1 cells,,,
SPI1,UGT8,leukocytes,"SPI1 IP - U-937 cells, Rep 4 , SPI1 IP - GM12878 cells, Rep 3 , SPI1 IP - GM12878 cells, SPI1 IP - GM12878 cells, Rep 1 , SPI1 IP - U-937 cells, Rep 1 , SPI1 IP, SPI1 IP - GM12878 cells, Rep 2 , SPI1 IP - GM12878 cells, Rep 4 , SPI1 IP - GM12891 cells, SPI1 IP, SPI1 IP - GM12878 cells, Rep 5 ",,,
ZBTB7A,UGT8,uterus,ZBTB7A IP - ECC1 cells,,,
MEF2C,UGT8,leukocytes,MEF2C IP - GM12878 cells,,,
TCF12,UGT8,uterus,TCF12 IP - ECC1 cells,,,
OTX2,UGT8,stemcells,"OTX2 IP - Rep 8 , OTX2 IP - Rep 10 ",,,
17BE2,UGT8,mammarygland,"17BE2 | FOXA1 ChIP-Seq - Rep 2, 17BE2 | FOXA1 ChIP-Seq - Rep 2, 17BE2 | FOXA1 ChIP-Seq - Rep 2, 17BE2 | FOXA1 ChIP-Seq - Rep 1, 17BE2 | FOXA1 ChIP-Seq - Rep 2, 17BE2 | FOXA1 ChIP-Seq - Rep 1, 17BE2 | FOXA1 ChIP-Seq, 17BE2 | FOXA1 ChIP-Seq - Rep 1, 17BE2 | FOXA1 ChIP-Seq - Rep 1",,,
CTCF,UGT8,leukocytes,"CTCF IP -  CD20+ cells , CTCF IP - GM19239 cells, Rep 1 , CTCF IP - GM06990 cells, Rep 2 , CTCF IP - GM19238 cells, Rep 1 , CTCF IP - K562 cells, CTCF IP - GM12871 cells ",,,
CTCF,UGT8,colon,CTCF IP - HCT116 cells,,,
CTCF,UGT8,megakaryocytelineage,"CTCF IP - MEG-01 cells, Rep 2 , CTCF IP - MEG-01 cells, Rep 6 , CTCF IP - MEG-01 cells, Rep 4 ",,,
PAX5,UGT8,leukocytes,"PAX5 IP - GM12892 cells, PAX5 IP - GM12878 cells, Rep 1, PAX5 IP - GM12878 cells, Rep 2",,,
E2F6,UGT8,stemcells,E2F6 IP - H1 cells,,,
E2F1,UGT8,mammarygland,"E2F1 IP, E2F1 IP - MCF7 cells",,,
HNF1B,UGT8,pancreas,HNF1B IP,,,
ERG,UGT8,prostate,"DHT | ERG ChIP-Seq - 18 h, ERG ChIP-Seq",,,
DHT,UGT8,prostate,"DHT | ERG ChIP-Seq - 18 h, DHT | FOXA1 ChIP-Seq",,,
SP1,UGT8,colon,SP1 IP - HCT116 cells,,,
STAT3,UGT8,leukocytes,"STAT3 IP - SU-DHL-2, STAT3 IP - GM12878 cells, STAT3 IP - U-2932, STAT3 IP - SU-DHL-4, STAT3 IP - SU-DHL-6",,,
TEAD4,UGT8,stemcells,TEAD4 IP - H1 cells,,,
FOXA1,UGT8,uterus,"FOXA1 IP - ECC1 cells, FOXA1 ChIP-Seq - Tumor E",,,
GATA2,UGT8,prostate,"GATA2 KD  | FOXA1 ChIP-Seq, GATA2 KD + R1881 | FOXA1 ChIP-Seq",,,
FOS,UGT8,mammarygland,"FOS IP - MCF10A cells, FOS IP | 4HT - MCF10A cells, 12 h, FOS IP | 4HT - MCF10A cells, 36 h, FOS IP | 4HT - MCF10A cells, 4 h",,,
MEF2A,UGT8,leukocytes,MEF2A IP - GM12878 cells,,,
JUN,UGT8,colon,JUN IP ,,,
TNF,UGT8,mammarygland,"TNF | FOXA1 ChIP-Seq - Rep 1, TNF | FOXA1 ChIP-Seq - Rep 2",,,
TCF3,UGT8,leukocytes,TCF3 IP - GM12878 cells,,,
FOXA1,UGT8,pancreas,"FOXA1 IP, FOXA1 IP | KLF5 KO, FOXA1 IP",,,
SRF,UGT8,leukocytes,SRF IP - SK-N-SH cells,,,
ATF2,UGT8,stemcells,ATF2 IP - H1 cells,,,
FOXA1,UGT8,lung,"FOXA1 IP | DEX - A549 cells, FOXA1 IP - A549 cells",,,
DEX,UGT8,lung,FOXA1 IP | DEX - A549 cells,,,
BCL11A,UGT8,leukocytes,BCL11A IP - GM12878 cells,,,
ETS1,UGT8,leukocytes,ETS1 IP - GM12878 cells,,,
MTA3,UGT8,leukocytes,MTA3 IP - GM12878 cells,,,
FOXA2,UGT8,stemcells,"FOXA2 IP - ES D10, FOXA2 IP - ES D2, FOXA2 IP - ES D7, FOXA2 IP - ES D5",,,
EGR1,UGT8,liver,EGR1 IP - MCF7 cells,,,
MXI1,UGT8,cns,MXI1 IP - SK-N-SH cells ,,,
FOXA2,UGT8,embryonictissue,"FOXA2 IP - Rep 1, FOXA2 IP - Rep 2",,,
HOXA6,UGT8,colon,HOXA6 IP ,,,
BATF,UGT8,leukocytes,BATF IP - GM12878 cells,,,
CEBPB,UGT8,leukocytes,"CEBPB IP - K562 cells, CEBPB IP - GM12878 cells, CEBPB ChIP-Seq - K562",,,
JUND,UGT8,colon,JUND IP - HCT116 cells,,,
GATA2,UGT8,hspcs,GATA2 IP,,,
JUND,UGT8,leukocytes,"JUND IP - GM12878 cells, Rep 1 ",,,
TAL1,UGT8,colon,TAL1 IP ,,,
FOXA2,UGT8,liver,FOXA2 IP - HepG2 cells,,,
CEBPB,UGT8,colon,"CEBPB IP, CEBPB IP | 125DVD3, CEBPB IP - HCT116 cells",,,
POU2F2,UGT8,leukocytes,POU2F2 IP - GM12878 cells,,,
REST,UGT8,leukocytes,"REST IP - GM12878 cells, Rep 1",,,
ZBTB7A,UGT8,leukocytes,ZBTB7A IP - SK-N-SH cells,,,
ELF3,UGT8,pancreas,"ELF3 IP, ELF3 IP, ELF3 IP | KLF5 KO",,,
SP2,UGT8,leukocytes,SP2 IP - K562 cells,,,
ETV5,UGT8,colon,ETV5 IP ,,,
TP53,UGT8,mammarygland,TP53 IP,,,
E2F3,UGT8,colon,E2F3 IP ,,,
MAX,UGT8,uterus,MAX IP - ECC1 cells,,,
USF1,UGT8,leukocytes,"USF1 IP - GM12878 cells, USF1 IP - K562 cells",,,
MAX,UGT8,liver,"MAX IP - HepG2 cells, MAX IP - MCF7 cells",,,
EGR1,UGT8,leukocytes,EGR1 IP - K562 cells,,,
CREB1,UGT8,leukocytes,CREB1 IP - GM12878 cells,,,
4HT,UGT8,mammarygland,"FOS IP | 4HT - MCF10A cells, 12 h, FOS IP | 4HT - MCF10A cells, 36 h, STAT3 IP | 4HT - MCF10 cells, 36 h, FOS IP | 4HT - MCF10A cells, 4 h, E2F4 IP | 4HT - MCF10 cells",,,
USF1,UGT8,uterus,USF1 IP - ECC1 cells,,,
FOXA2,UGT8,lung,FOXA2 IP - A549 cells,,,
125DVD3,UGT8,colon,CEBPB IP | 125DVD3,,,
TEAD4,UGT8,uterus,TEAD4 IP - ECC1 cells,,,
FOXA1,UGT8,liver,"FOXA1 IP - HepG2 cells, Rep 1, FOXA1 IP - HepG2 cells, Rep 2",,,
GTF2B,UGT8,uterus,GTF2B IP - Rep 2,,,
HNF1A,UGT8,colon,HNF1A IP,,,
FOXM1,UGT8,leukocytes,FOXM1 IP - GM12878 cells,,,
YY1,UGT8,cns,YY1 IP | ATRA - SK-N-SH cells,,,
ATRA,UGT8,cns,YY1 IP | ATRA - SK-N-SH cells,,,
ZNF384,UGT8,leukocytes,ZNF384 IP - GM12878 cells,,,
USF1,UGT8,colon,USF1 IP - HCT116 cells,,,
GATA4,UGT8,stemcells,"GATA4 IP - Rep 3 , GATA4 IP - Rep 11 , GATA4 IP - Rep 8 , GATA4 IP - Rep 9 , GATA4 IP - Rep 10 ",,,
DHT,UGT8,mammarygland,DHT | FOXA1 ChIP-Seq,,,
MYC,UGT8,stemcells,MYC IP - Rep 2 ,,,
SOX2,UGT8,stemcells,SOX2 IP,16153702,,
GATA6,UGT8,stemcells,GATA6 IP - Rep 7 ,,,
SIX2,UGT8,kidney,"SIX2 IP - 17 weeks, Rep 2, SIX2 IP - 17 weeks, Rep 1",,,
MYC,UGT8,mammarygland,MYC IP - MCF-10A cells,,,
POU5F1,UGT8,stemcells,POU5F1 IP,,,
STAT5A,UGT8,leukocytes,"STAT5A IP - K562 cells, STAT5A IP - GM12878 cells",,,
SP1,UGT8,leukocytes,SP1 IP - GM12878 cells,,,
CREB1,UGT8,stemcells,CREB1 IP - H1 cells,,,
BHLHE40,UGT8,leukocytes,"BHLHE40 IP - K562 cells, BHLHE40 IP - GM12878 cells",,,
PIAS1,UGT8,prostate,"PIAS1 + R1881 | FOXA1 ChIP-Seq - Rep 2, PIAS1 + R1881 | FOXA1 ChIP-Seq - Rep 1",,,
IRF1,UGT8,colon,IRF1 IP ,,,
MAFF,UGT8,liver,MAFF IP - HepG2 cells,,,
EBF1,UGT8,leukocytes,"EBF1 IP - GM12878 cells, EBF1 IP - GM12878 cells",,,
SRF,UGT8,uterus,SRF IP - ECC1 cells,,,
MAFK,UGT8,liver,"MAFK IP - HepG2 cells, Rep 2, MAFK IP - HepG2 cells, Rep 1",,,
STAT3,UGT8,mammarygland,"STAT3 IP | 4HT - MCF10 cells, 36 h",,,
CEBPB,UGT8,lung,CEBPB ChIP-Seq - IMR90,,,
REST,UGT8,cns,REST IP - U87 cells,,,
RELA,UGT8,colon,RELA IP ,,,
ELF1,UGT8,leukocytes,"ELF1 IP - SK-N-SH cells, ELF1 IP - SK-N-SH cells",,,
YY1,UGT8,stemcells,YY1 IP - H1 cells,,,
ELF1,UGT8,colon,ELF1 IP - HCT116 cells,,,
KLF5,UGT8,stomach,KLF5 IP - KATOIII,,,
17BE2; TNF,UGT8,mammarygland,"17BE2 + TNF | FOXA1 ChIP-Seq - Rep 1, 17BE2 + TNF | FOXA1 ChIP-Seq - Rep 2",,,
KLF5,UGT8,pancreas,"FOXA1 IP | KLF5 KO, ELF3 IP | KLF5 KO",,,
HEY1,UGT8,leukocytes,HEY1 IP - K562 cells,,,
MXI1,UGT8,leukocytes,MXI1 IP - GM12878 cells,,,
HIF1A,UGT8,bone,HIF1A IP,,,
YY1,UGT8,liver,YY1 IP - HepG2 cells,,,
HOXA4,UGT8,colon,HOXA4 IP ,,,
USF1,UGT8,stemcells,USF1 IP - H1 cells,,,
MAX,UGT8,colon,MAX IP - HCT116 cells,,,
TBP,UGT8,leukocytes,TBP IP - GM12878 cells,,,
MYC,UGT8,leukocytes,"MYC IP | IFNG - K562 cells, 30 min",,,
IFNG,UGT8,leukocytes,"MYC IP | IFNG - K562 cells, 30 min",,,
EGR1,UGT8,uterus,EGR1 IP - ECC1 cells,,,
AR,UGT8,prostate,"WT AR OE + FOXA1 OE | FOXA1 ChIP-Seq - high FOXA1, WT AR OE | FOXA1 ChIP-Seq",22383394,,
MAFK,UGT8,lung,MAFK IP - IMR cells,,,
ZNF143,UGT8,leukocytes,ZNF143 IP - GM12878 cells,,,
TBP,UGT8,stemcells,TBP IP - H1 cells,,,
BCL3,UGT8,leukocytes,BCL3 IP - GM12878 cells,,,
TEAD4,UGT8,colon,TEAD4 IP - HCT116 cells,,,
CDX2,UGT8,colon,CDX2 IP,,,
ZNF263,UGT8,kidney,ZNF263 IP - HEK293 cells,,,
MAX,UGT8,leukocytes,"MAX IP - K562 cells, MAX IP - K562 cells, Rep 2",,,
NFATC1,UGT8,leukocytes,NFATC1 IP - GM12878 cells,,,
E2F4,UGT8,mammarygland,E2F4 IP | 4HT - MCF10 cells,,,
TCF12,UGT8,leukocytes,TCF12 IP - GM12878 cells,,,
SP1,UGT8,stemcells,SP1 IP - H1 cells,,,
ATF2,UGT8,leukocytes,ATF2 IP - GM12878 cells,,,
TEAD4,UGT8,leukocytes,TEAD4 IP - K562 cells,,,
GATA4,UGT8,stomach,GATA4 IP - AGS,,,
USF2,UGT8,stemcells,USF2 IP - H1 cells,,,
EGR1,UGT8,colon,EGR1 IP - HCT116 cells,,,
REST,UGT8,uterus,REST IP - SK-N-SH cells,,,
IRX1,UGT8,stomach,,,20440264,
CDX2,FUT1,colon,,,22547830,22547830
ATF2,ST3GAL5,sensory,,,21699754,21699754
MYC,ST3GAL3,colon,,,22547830,22547830
SP1,B4GALT5,cns,,,,15263012; 16873896
NFE2L2,B3GNT5,leukocytes,,22581777,,
NFE2L2,ST3GAL2,leukocytes,,22581777,,
SOX2,ST3GAL2,stemcells,,16153702,,
BACH1,UGCG,mammarygland,,22875853,,
BACH1,B3GALT4,mammarygland,,22875853,,
BACH1,GAL3ST1,mammarygland,,22875853,,
IKZF1,B3GALT4,colon,,21737484,,
PPARD,B4GALT5,prostate,,21283829,,
PPARD,UGCG,prostate,,21283829,,
PPARD,B3GNT5,prostate,,21283829,,
PPARD,FUT1,prostate,,21283829,,
DACH1,B4GALT5,mammarygland,,20351289,,
DACH1,B3GALT4,mammarygland,,20351289,,
DACH1,UGCG,mammarygland,,20351289,,
TP53,ST6GALNAC5,bone,,18474530,,
AR,ST3GAL5,prostate,,22383394,,
AR,B3GALNT1,prostate,,22383394,,
SMAD3,ST3GAL5,stemcells,,21741376,,
SMAD3,ST3GAL2,stemcells,,21741376,,
MITF,ST3GAL3,skin,,21258399,,
MITF,ST3GAL5,skin,,21258399,,
MITF,UGCG,skin,,21258399,,
MITF,B4GALT5,skin,,21258399,,
MITF,A4GALT,skin,,21258399,,
MITF,B3GALT4,skin,,21258399,,
SMAD4,ST8SIA5,stemcells,,21741376,,
SMAD4,ST3GAL5,stemcells,,21741376,,
TP63,ST3GAL3,prostate,,23658742,,
TP63,ST3GAL5,prostate,,23658742,,
TP63,A4GALT,prostate,,23658742,,
TP63,B3GNT5,prostate,,23658742,,
SPI1,ST3GAL3,blood,,23127762,,
SPI1,ST8SIA5,blood,,23127762,,
ESR2,B3GALT4,mammarygland,,21235772,,
MYC,ST6GALNAC5,cns,,20876797,,
MYC,B3GALNT1,cns,,20876797,,
ZNF217,ST3GAL5,mammarygland,,24962896,,
HNF4A,ST3GAL3,liver,,19822575,,
HNF4A,ST3GAL2,liver,,19822575,,
HNF4A,B4GALT5,liver,,19822575,,
HNF4A,B3GALT4,liver,,19822575,,
HNF4A,GAL3ST1,liver,,19822575,,
ATF3,B3GNT5,cns,,23680149,,
ATF3,B3GALNT1,cns,,23680149,,
PBX1,ST3GAL5,ovary,,22567123,,
PBX1,B3GALNT1,ovary,,22567123,,
EOMES,B3GALNT1,embryonictissue,,21245162,,
FOXP1,B4GALT5,embryonictissue,,21924763,,
FOXP1,ST3GAL2,embryonictissue,,21924763,,
FOXP1,UGCG,embryonictissue,,21924763,,
SOX11,B3GALNT1,lymphnode,,23321250,,
TFAP2C,ST3GAL2,mammarygland,,20629094,,
RELA,B4GALT5,pns,,24523406,,
POU3F2,UGT8,skin,,20337985,,
TFAP2A,ST3GAL2,mammarygland,,17053090,,
HOXC9,ST6GALNAC5,cns,,25013753,,
E2F4,ST3GAL3,blood,,21247883,,
CUX1,B3GALNT1,lung,,19635798,,
